minutes,goals_scored,assists,clean_sheets,goals_conceded,own_goals,penalties_saved,penalties_missed,yellow_cards,red_cards,saves,bonus,bps,influence,creativity,threat,ict_index,clearances_blocks_interceptions,recoveries,tackles,defensive_contribution,starts,expected_goals,expected_assists,expected_goal_involvements,expected_goals_conceded,total_points,in_dreamteam,element,Gameweek,season,name,team,opponent_team,was_home
90,0,0,1,0,0,0,0,0,0,3,3,31,23.2,0.0,0.0,2.3,1,13,0,0,1,0.00,0.00,0.00,1.00,10,True,1,34,2025-26,David Raya Martín,1,15.0,True
0,0,0,0,0,0,0,0,0,0,0,0,0,0.0,0.0,0.0,0.0,0,0,0,0,0,0.00,0.00,0.00,0.00,0,False,2,34,2025-26,Kepa Arrizabalaga Revuelta,1,15.0,True
0,0,0,0,0,0,0,0,0,0,0,0,0,0.0,0.0,0.0,0.0,0,0,0,0,0,0.00,0.00,0.00,0.00,0,False,3,34,2025-26,Karl Hein,1,15.0,True
0,0,0,0,0,0,0,0,0,0,0,0,0,0.0,0.0,0.0,0.0,0,0,0,0,0,0.00,0.00,0.00,0.00,0,False,4,34,2025-26,Tommy Setford,1,15.0,True
90,0,0,1,0,0,0,0,0,0,0,2,29,27.2,14.5,2.0,4.4,8,2,1,9,1,0.00,0.01,0.01,1.00,8,False,5,34,2025-26,Gabriel dos Santos Magalhães,1,15.0,True
90,0,0,1,0,0,0,0,0,0,0,1,28,14.6,1.9,0.0,1.7,5,3,1,6,1,0.00,0.01,0.01,1.00,7,False,6,34,2025-26,William Saliba,1,15.0,True
0,0,0,0,0,0,0,0,0,0,0,0,0,0.0,0.0,0.0,0.0,0,0,0,0,0,0.00,0.00,0.00,0.00,0,False,7,34,2025-26,Riccardo Calafiori,1,15.0,True
0,0,0,0,0,0,0,0,0,0,0,0,0,0.0,0.0,0.0,0.0,0,0,0,0,0,0.00,0.00,0.00,0.00,0,False,8,34,2025-26,Jurriën Timber,1,15.0,True
0,0,0,0,0,0,0,0,0,0,0,0,0,0.0,0.0,0.0,0.0,0,0,0,0,0,0.00,0.00,0.00,0.00,0,False,9,34,2025-26,Jakub Kiwior,1,15.0,True
9,0,0,0,0,0,0,0,0,0,0,0,3,5.4,0.6,0.0,0.6,1,0,0,1,0,0.00,0.01,0.01,0.06,1,False,10,34,2025-26,Myles Lewis-Skelly,1,15.0,True
90,0,0,1,0,0,0,0,0,0,0,0,23,9.4,7.4,0.0,1.7,3,2,0,3,1,0.00,0.03,0.03,1.00,6,False,11,34,2025-26,Benjamin White,1,15.0,True
0,0,0,0,0,0,0,0,0,0,0,0,0,0.0,0.0,0.0,0.0,0,0,0,0,0,0.00,0.00,0.00,0.00,0,False,12,34,2025-26,Oleksandr Zinchenko,16,17.0,False
0,0,0,0,0,0,0,0,0,0,0,0,0,0.0,0.0,0.0,0.0,0,0,0,0,0,0.00,0.00,0.00,0.00,0,False,13,34,2025-26,Brayden Clarke,1,15.0,True
0,0,0,0,0,0,0,0,0,0,0,0,0,0.0,0.0,0.0,0.0,0,0,0,0,0,0.00,0.00,0.00,0.00,0,False,14,34,2025-26,Maldini Kacurri,1,15.0,True
0,0,0,0,0,0,0,0,0,0,0,0,0,0.0,0.0,0.0,0.0,0,0,0,0,0,0.00,0.00,0.00,0.00,0,False,15,34,2025-26,Josh Nichols,1,15.0,True
9,0,0,0,0,0,0,0,0,0,0,0,2,2.2,10.4,9.0,2.2,1,0,0,1,0,0.04,0.01,0.05,0.06,1,False,16,34,2025-26,Bukayo Saka,1,15.0,True
90,0,0,1,0,0,0,0,0,0,0,0,19,19.2,43.6,13.0,7.6,0,6,2,8,1,0.03,0.20,0.23,1.00,3,False,17,34,2025-26,Martin Ødegaard,1,15.0,True
80,0,0,1,0,0,0,0,0,0,0,0,5,4.8,14.3,21.0,4.0,0,3,0,3,1,0.03,0.17,0.20,0.94,3,False,18,34,2025-26,Noni Madueke,1,15.0,True
37,0,0,0,0,0,0,0,1,0,0,0,1,5.0,12.3,22.0,3.9,0,3,1,4,0,0.12,0.01,0.13,0.64,0,False,19,34,2025-26,Gabriel Martinelli Silva,1,15.0,True
0,0,0,0,0,0,0,0,0,0,0,0,0,0.0,0.0,0.0,0.0,0,0,0,0,0,0.00,0.00,0.00,0.00,0,False,20,34,2025-26,Leandro Trossard,1,15.0,True
90,0,0,1,0,0,0,0,1,0,0,0,5,4.2,4.8,4.0,1.3,2,1,0,3,1,0.00,0.02,0.02,1.00,2,False,21,34,2025-26,Declan Rice,1,15.0,True
0,0,0,0,0,0,0,0,0,0,0,0,0,0.0,0.0,0.0,0.0,0,0,0,0,0,0.00,0.00,0.00,0.00,0,False,22,34,2025-26,Mikel Merino Zazón,1,15.0,True
0,0,0,0,0,0,0,0,0,0,0,0,0,0.0,0.0,0.0,0.0,0,0,0,0,0,0.00,0.00,0.00,0.00,0,False,23,34,2025-26,Fábio Ferreira Vieira,1,15.0,True
0,0,0,0,0,0,0,0,0,0,0,0,0,0.0,0.0,0.0,0.0,0,0,0,0,0,0.00,0.00,0.00,0.00,0,False,24,34,2025-26,Christian Nørgaard,1,15.0,True
0,0,0,0,0,0,0,0,0,0,0,0,0,0.0,0.0,0.0,0.0,0,0,0,0,0,0.00,0.00,0.00,0.00,0,False,25,34,2025-26,Ethan Nwaneri,1,15.0,True
80,0,0,1,0,0,0,0,0,0,0,0,19,16.6,13.4,9.0,3.9,5,6,5,16,1,0.07,0.02,0.09,0.94,5,False,26,34,2025-26,Martín Zubimendi Ibáñez,1,15.0,True
17,0,1,0,0,0,0,0,0,0,0,0,13,20.4,14.3,4.0,3.9,0,0,1,1,0,0.00,0.02,0.02,0.02,4,False,27,34,2025-26,Reiss Nelson,5,14.0,False
0,0,0,0,0,0,0,0,0,0,0,0,0,0.0,0.0,0.0,0.0,0,0,0,0,0,0.00,0.00,0.00,0.00,0,False,28,34,2025-26,Ismeal Kabia,1,15.0,True
0,0,0,0,0,0,0,0,0,0,0,0,0,0.0,0.0,0.0,0.0,0,0,0,0,0,0.00,0.00,0.00,0.00,0,False,29,34,2025-26,Albert Sambi Lokonga,1,15.0,True
33,0,1,0,0,0,0,0,0,0,0,0,13,18.2,11.0,4.0,3.3,1,0,0,1,1,0.00,0.03,0.03,0.33,4,False,30,34,2025-26,Kai Havertz,1,15.0,True
0,0,0,0,0,0,0,0,0,0,0,0,0,0.0,0.0,0.0,0.0,0,0,0,0,0,0.00,0.00,0.00,0.00,0,False,31,34,2025-26,Gabriel Fernando de Jesus,1,15.0,True
90,0,0,0,1,0,0,0,0,0,5,0,24,38.4,0.0,0.0,3.8,0,13,0,0,1,0.00,0.00,0.00,1.18,3,False,32,34,2025-26,Emiliano Martínez Romero,2,10.0,False
0,0,0,0,0,0,0,0,0,0,0,0,0,0.0,0.0,0.0,0.0,0,0,0,0,0,0.00,0.00,0.00,0.00,0,False,33,34,2025-26,Marco Bizot,2,10.0,False
0,0,0,0,0,0,0,0,0,0,0,0,0,0.0,0.0,0.0,0.0,0,0,0,0,0,0.00,0.00,0.00,0.00,0,False,34,34,2025-26,Joe Gauci,2,10.0,False
0,0,0,0,0,0,0,0,0,0,0,0,0,0.0,0.0,0.0,0.0,0,0,0,0,0,0.00,0.00,0.00,0.00,0,False,35,34,2025-26,Filip Marschall,2,10.0,False
90,0,0,0,1,0,0,0,0,0,0,0,13,19.0,23.2,2.0,4.4,3,0,4,7,1,0.00,0.03,0.03,1.18,2,False,36,34,2025-26,Matty Cash,2,10.0,False
90,0,0,0,1,0,0,0,0,0,0,0,2,1.0,1.8,1.0,0.4,2,0,1,3,1,0.02,0.01,0.03,1.18,2,False,37,34,2025-26,Lucas Digne,2,10.0,False
90,0,0,0,1,0,0,0,0,0,0,0,11,19.2,1.3,0.0,2.1,5,4,0,5,1,0.00,0.01,0.01,1.18,2,False,38,34,2025-26,Ezri Konsa Ngoyo,2,10.0,False
0,0,0,0,0,0,0,0,0,0,0,0,0,0.0,0.0,0.0,0.0,0,0,0,0,0,0.00,0.00,0.00,0.00,0,False,39,34,2025-26,Ian Maatsen,2,10.0,False
0,0,0,0,0,0,0,0,0,0,0,0,0,0.0,0.0,0.0,0.0,0,0,0,0,0,0.00,0.00,0.00,0.00,0,False,40,34,2025-26,Tyrone Mings,2,10.0,False
90,0,0,0,1,0,0,0,1,0,0,0,6,20.2,4.4,0.0,2.5,3,4,1,4,1,0.00,0.02,0.02,1.18,1,False,41,34,2025-26,Pau Torres,2,10.0,False
0,0,0,0,0,0,0,0,0,0,0,0,0,0.0,0.0,0.0,0.0,0,0,0,0,0,0.00,0.00,0.00,0.00,0,False,42,34,2025-26,Andrés García,2,10.0,False
0,0,0,0,0,0,0,0,0,0,0,0,0,0.0,0.0,0.0,0.0,0,0,0,0,0,0.00,0.00,0.00,0.00,0,False,43,34,2025-26,Álex Moreno Lopera,2,10.0,False
73,0,0,0,1,0,0,0,0,0,0,0,0,6.6,1.8,0.0,0.8,1,4,1,2,1,0.00,0.01,0.01,1.01,2,False,44,34,2025-26,Lamare Bogarde,2,10.0,False
0,0,0,0,0,0,0,0,0,0,0,0,0,0.0,0.0,0.0,0.0,0,0,0,0,0,0.00,0.00,0.00,0.00,0,False,45,34,2025-26,Lino da Cruz Sousa,2,10.0,False
0,0,0,0,0,0,0,0,0,0,0,0,0,0.0,0.0,0.0,0.0,0,0,0,0,0,0.00,0.00,0.00,0.00,0,False,46,34,2025-26,Yasin Özcan,2,10.0,False
90,0,0,0,1,0,0,0,0,0,0,0,-2,0.0,6.6,18.0,2.2,0,1,1,2,1,0.15,0.02,0.17,1.18,2,False,47,34,2025-26,Morgan Rogers,2,10.0,False
73,0,0,0,1,0,0,0,0,0,0,0,18,8.8,5.8,6.0,2.1,2,3,4,9,1,0.04,0.02,0.06,1.01,2,False,48,34,2025-26,Youri Tielemans,2,10.0,False
16,0,0,0,0,0,0,0,0,0,0,0,2,0.2,0.3,0.0,0.1,0,2,0,2,0,0.00,0.00,0.00,0.17,1,False,49,34,2025-26,Leon Bailey,2,10.0,False
73,0,0,0,1,0,0,0,0,0,0,0,10,6.2,6.8,3.0,1.6,2,4,1,7,1,0.04,0.02,0.06,1.01,2,False,50,34,2025-26,Emiliano Buendía Stati,2,10.0,False
0,0,0,0,0,0,0,0,0,0,0,0,0,0.0,0.0,0.0,0.0,0,0,0,0,0,0.00,0.00,0.00,0.00,0,False,51,34,2025-26,Samuel Iling-Junior,2,10.0,False
90,0,0,0,1,0,0,0,0,0,0,0,12,13.6,22.8,10.0,4.6,2,3,3,8,1,0.03,0.01,0.04,0.49,2,False,52,34,2025-26,Jacob Ramsey,15,1.0,False
0,0,0,0,0,0,0,0,0,0,0,0,0,0.0,0.0,0.0,0.0,0,0,0,0,0,0.00,0.00,0.00,0.00,0,False,53,34,2025-26,Donyell Malen,2,10.0,False
73,0,0,0,1,0,0,0,0,0,0,0,19,15.4,58.4,2.0,7.6,0,2,0,2,1,0.00,0.14,0.14,1.01,2,False,54,34,2025-26,John McGinn,2,10.0,False
16,0,0,0,0,0,0,0,0,0,0,0,3,1.0,0.4,0.0,0.1,0,1,0,1,0,0.00,0.00,0.00,0.17,1,False,55,34,2025-26,Ross Barkley,2,10.0,False
0,0,0,0,0,0,0,0,0,0,0,0,0,0.0,0.0,0.0,0.0,0,0,0,0,0,0.00,0.00,0.00,0.00,0,False,56,34,2025-26,Enzo Barrenechea,2,10.0,False
0,0,0,0,0,0,0,0,0,0,0,0,0,0.0,0.0,0.0,0.0,0,0,0,0,0,0.00,0.00,0.00,0.00,0,False,57,34,2025-26,Lewis Dobbin,2,10.0,False
0,0,0,0,0,0,0,0,0,0,0,0,0,0.0,0.0,0.0,0.0,0,0,0,0,0,0.00,0.00,0.00,0.00,0,False,58,34,2025-26,Boubacar Kamara,2,10.0,False
0,0,0,0,0,0,0,0,0,0,0,0,0,0.0,0.0,0.0,0.0,0,0,0,0,0,0.00,0.00,0.00,0.00,0,False,59,34,2025-26,Amadou Onana,2,10.0,False
0,0,0,0,0,0,0,0,0,0,0,0,0,0.0,0.0,0.0,0.0,0,0,0,0,0,0.00,0.00,0.00,0.00,0,False,60,34,2025-26,Ben Broggio,2,10.0,False
0,0,0,0,0,0,0,0,0,0,0,0,0,0.0,0.0,0.0,0.0,0,0,0,0,0,0.00,0.00,0.00,0.00,0,False,61,34,2025-26,Leander Dendoncker,2,10.0,False
0,0,0,0,0,0,0,0,0,0,0,0,0,0.0,0.0,0.0,0.0,0,0,0,0,0,0.00,0.00,0.00,0.00,0,False,62,34,2025-26,Jamaldeen Jimoh-Aloba,2,10.0,False
0,0,0,0,0,0,0,0,0,0,0,0,0,0.0,0.0,0.0,0.0,0,0,0,0,0,0.00,0.00,0.00,0.00,0,False,63,34,2025-26,Kadan Young,2,10.0,False
79,0,0,0,1,0,0,0,0,0,0,0,5,4.2,10.9,17.0,3.2,1,1,0,2,1,0.39,0.02,0.41,1.01,2,False,64,34,2025-26,Ollie Watkins,2,10.0,False
0,0,0,0,0,0,0,0,0,0,0,0,0,0.0,0.0,0.0,0.0,0,0,0,0,0,0.00,0.00,0.00,0.00,0,False,65,34,2025-26,Zépiqueno Redmond,2,10.0,False
0,0,0,0,0,0,0,0,0,0,0,0,0,0.0,0.0,0.0,0.0,0,0,0,0,0,0.00,0.00,0.00,0.00,0,False,66,34,2025-26,Norberto Murara Neto,4,,
0,0,0,0,0,0,0,0,0,0,0,0,0,0.0,0.0,0.0,0.0,0,0,0,0,0,0.00,0.00,0.00,0.00,0,False,67,34,2025-26,Đorđe Petrović,4,,
0,0,0,0,0,0,0,0,0,0,0,0,0,0.0,0.0,0.0,0.0,0,0,0,0,0,0.00,0.00,0.00,0.00,0,False,68,34,2025-26,Will Dennis,4,,
0,0,0,0,0,0,0,0,0,0,0,0,0,0.0,0.0,0.0,0.0,0,0,0,0,0,0.00,0.00,0.00,0.00,0,False,69,34,2025-26,Callan McKenna,4,,
0,0,0,0,0,0,0,0,0,0,0,0,0,0.0,0.0,0.0,0.0,0,0,0,0,0,0.00,0.00,0.00,0.00,0,False,70,34,2025-26,Alex Paulsen,4,,
0,0,0,0,0,0,0,0,0,0,0,0,0,0.0,0.0,0.0,0.0,0,0,0,0,0,0.00,0.00,0.00,0.00,0,False,71,34,2025-26,Illia Zabarnyi,4,,
0,0,0,0,0,0,0,0,0,0,0,0,0,0.0,0.0,0.0,0.0,0,0,0,0,0,0.00,0.00,0.00,0.00,0,False,72,34,2025-26,Marcos Senesi Barón,4,,
0,0,0,0,0,0,0,0,0,0,0,0,0,0.0,0.0,0.0,0.0,0,0,0,0,0,0.00,0.00,0.00,0.00,0,False,73,34,2025-26,Adam Smith,4,,
0,0,0,0,0,0,0,0,0,0,0,0,0,0.0,0.0,0.0,0.0,0,0,0,0,0,0.00,0.00,0.00,0.00,0,False,74,34,2025-26,Adrien Truffert,4,,
0,0,0,0,0,0,0,0,0,0,0,0,0,0.0,0.0,0.0,0.0,0,0,0,0,0,0.00,0.00,0.00,0.00,0,False,75,34,2025-26,Matai Akinmboni,4,,
0,0,0,0,0,0,0,0,0,0,0,0,0,0.0,0.0,0.0,0.0,0,0,0,0,0,0.00,0.00,0.00,0.00,0,False,76,34,2025-26,Owen Bevan,4,,
0,0,0,0,0,0,0,0,0,0,0,0,0,0.0,0.0,0.0,0.0,0,0,0,0,0,0.00,0.00,0.00,0.00,0,False,77,34,2025-26,James Hill,4,,
0,0,0,0,0,0,0,0,0,0,0,0,0,0.0,0.0,0.0,0.0,0,0,0,0,0,0.00,0.00,0.00,0.00,0,False,78,34,2025-26,Julián Araujo Zúñiga,4,,
0,0,0,0,0,0,0,0,0,0,0,0,0,0.0,0.0,0.0,0.0,0,0,0,0,0,0.00,0.00,0.00,0.00,0,False,79,34,2025-26,Chris Mepham,4,,
0,0,0,0,0,0,0,0,0,0,0,0,0,0.0,0.0,0.0,0.0,0,0,0,0,0,0.00,0.00,0.00,0.00,0,False,80,34,2025-26,Julio Soler Barreto,4,,
0,0,0,0,0,0,0,0,0,0,0,0,0,0.0,0.0,0.0,0.0,0,0,0,0,0,0.00,0.00,0.00,0.00,0,False,81,34,2025-26,Justin Kluivert,4,,
0,0,0,0,0,0,0,0,0,0,0,0,0,0.0,0.0,0.0,0.0,0,0,0,0,0,0.00,0.00,0.00,0.00,0,False,82,34,2025-26,Antoine Semenyo,13,,
90,0,0,0,2,0,0,0,1,0,0,0,0,12.0,30.0,36.0,7.8,3,1,1,5,1,0.63,0.19,0.82,1.27,1,False,83,34,2025-26,Dango Ouattara,5,14.0,False
0,0,0,0,0,0,0,0,0,0,0,0,0,0.0,0.0,0.0,0.0,0,0,0,0,0,0.00,0.00,0.00,0.00,0,False,84,34,2025-26,Marcus Tavernier,4,,
0,0,0,0,0,0,0,0,0,0,0,0,0,0.0,0.0,0.0,0.0,0,0,0,0,0,0.00,0.00,0.00,0.00,0,False,85,34,2025-26,Tyler Adams,4,,
0,0,0,0,0,0,0,0,0,0,0,0,0,0.0,0.0,0.0,0.0,0,0,0,0,0,0.00,0.00,0.00,0.00,0,False,86,34,2025-26,David Brooks,4,,
0,0,0,0,0,0,0,0,0,0,0,0,0,0.0,0.0,0.0,0.0,0,0,0,0,0,0.00,0.00,0.00,0.00,0,False,87,34,2025-26,Ryan Christie,4,,
0,0,0,0,0,0,0,0,0,0,0,0,0,0.0,0.0,0.0,0.0,0,0,0,0,0,0.00,0.00,0.00,0.00,0,False,88,34,2025-26,Lewis Cook,4,,
0,0,0,0,0,0,0,0,0,0,0,0,0,0.0,0.0,0.0,0.0,0,0,0,0,0,0.00,0.00,0.00,0.00,0,False,89,34,2025-26,Philip Billing,4,,
0,0,0,0,0,0,0,0,0,0,0,0,0,0.0,0.0,0.0,0.0,0,0,0,0,0,0.00,0.00,0.00,0.00,0,False,90,34,2025-26,Alex Scott,4,,
0,0,0,0,0,0,0,0,0,0,0,0,0,0.0,0.0,0.0,0.0,0,0,0,0,0,0.00,0.00,0.00,0.00,0,False,91,34,2025-26,Luis Sinisterra Lucumí,4,,
0,0,0,0,0,0,0,0,0,0,0,0,0,0.0,0.0,0.0,0.0,0,0,0,0,0,0.00,0.00,0.00,0.00,0,False,92,34,2025-26,Romain Faivre,4,,
0,0,0,0,0,0,0,0,0,0,0,0,0,0.0,0.0,0.0,0.0,0,0,0,0,0,0.00,0.00,0.00,0.00,0,False,93,34,2025-26,Hamed Traorè,4,,
0,0,0,0,0,0,0,0,0,0,0,0,0,0.0,0.0,0.0,0.0,0,0,0,0,0,0.00,0.00,0.00,0.00,0,False,94,34,2025-26,Dominic Sadi,4,,
0,0,0,0,0,0,0,0,0,0,0,0,0,0.0,0.0,0.0,0.0,0,0,0,0,0,0.00,0.00,0.00,0.00,0,False,95,34,2025-26,Zain Silcott-Duberry,4,,
0,0,0,0,0,0,0,0,0,0,0,0,0,0.0,0.0,0.0,0.0,0,0,0,0,0,0.00,0.00,0.00,0.00,0,False,96,34,2025-26,Ben Winterburn,4,,
0,0,0,0,0,0,0,0,0,0,0,0,0,0.0,0.0,0.0,0.0,0,0,0,0,0,0.00,0.00,0.00,0.00,0,False,97,34,2025-26,Francisco Evanilson de Lima Barbosa,4,,
0,0,0,0,0,0,0,0,0,0,0,0,0,0.0,0.0,0.0,0.0,0,0,0,0,0,0.00,0.00,0.00,0.00,0,False,98,34,2025-26,Enes Ünal,4,,
0,0,0,0,0,0,0,0,0,0,0,0,0,0.0,0.0,0.0,0.0,0,0,0,0,0,0.00,0.00,0.00,0.00,0,False,99,34,2025-26,Daniel Adu-Adjei,4,,
0,0,0,0,0,0,0,0,0,0,0,0,0,0.0,0.0,0.0,0.0,0,0,0,0,0,0.00,0.00,0.00,0.00,0,False,100,34,2025-26,Junior Kroupi,4,,
90,0,0,0,2,0,0,0,0,0,3,0,9,27.2,0.0,0.0,2.7,0,7,0,0,1,0.00,0.00,0.00,1.27,2,False,101,34,2025-26,Caoimhín Kelleher,5,14.0,False
0,0,0,0,0,0,0,0,0,0,0,0,0,0.0,0.0,0.0,0.0,0,0,0,0,0,0.00,0.00,0.00,0.00,0,False,102,34,2025-26,Ellery Balcombe,5,14.0,False
0,0,0,0,0,0,0,0,0,0,0,0,0,0.0,0.0,0.0,0.0,0,0,0,0,0,0.00,0.00,0.00,0.00,0,False,103,34,2025-26,Matthew Cox,5,14.0,False
0,0,0,0,0,0,0,0,0,0,0,0,0,0.0,0.0,0.0,0.0,0,0,0,0,0,0.00,0.00,0.00,0.00,0,False,104,34,2025-26,Julian Eyestone,5,14.0,False
0,0,0,0,0,0,0,0,0,0,0,0,0,0.0,0.0,0.0,0.0,0,0,0,0,0,0.00,0.00,0.00,0.00,0,False,105,34,2025-26,Hákon Rafn Valdimarsson,5,14.0,False
90,0,0,0,2,0,0,0,1,0,0,0,4,17.8,1.4,2.0,2.1,9,3,1,10,1,0.00,0.05,0.05,1.27,2,False,106,34,2025-26,Nathan Collins,5,14.0,False
90,0,0,0,2,0,0,0,0,0,0,0,5,10.4,9.8,34.0,5.4,2,6,0,2,1,0.07,0.04,0.11,1.27,1,False,107,34,2025-26,Keane Lewis-Potter,5,14.0,False
0,0,0,0,0,0,0,0,0,0,0,0,0,0.0,0.0,0.0,0.0,0,0,0,0,0,0.00,0.00,0.00,0.00,0,False,108,34,2025-26,Kristoffer Ajer,5,14.0,False
0,0,0,0,0,0,0,0,0,0,0,0,0,0.0,0.0,0.0,0.0,0,0,0,0,0,0.00,0.00,0.00,0.00,0,False,109,34,2025-26,Rico Henry,5,14.0,False
90,0,0,0,2,0,0,0,0,0,0,0,3,11.2,1.9,19.0,3.2,3,6,1,4,1,0.56,0.02,0.58,1.27,1,False,110,34,2025-26,Michael Kayode,5,14.0,False
0,0,0,0,0,0,0,0,0,0,0,0,0,0.0,0.0,0.0,0.0,0,0,0,0,0,0.00,0.00,0.00,0.00,0,False,111,34,2025-26,Ethan Pinnock,5,14.0,False
0,0,0,0,0,0,0,0,0,0,0,0,0,0.0,0.0,0.0,0.0,0,0,0,0,0,0.00,0.00,0.00,0.00,0,False,112,34,2025-26,Mads Roerslev Rasmussen,5,14.0,False
90,0,0,0,2,0,0,0,1,0,0,0,14,14.8,1.6,8.0,2.4,7,4,0,7,1,0.00,0.03,0.03,1.27,0,False,113,34,2025-26,Sepp van den Berg,5,14.0,False
0,0,0,0,0,0,0,0,0,0,0,0,0,0.0,0.0,0.0,0.0,0,0,0,0,0,0.00,0.00,0.00,0.00,0,False,114,34,2025-26,Benjamin Arthur,5,14.0,False
0,0,0,0,0,0,0,0,0,0,0,0,0,0.0,0.0,0.0,0.0,0,0,0,0,0,0.00,0.00,0.00,0.00,0,False,115,34,2025-26,Benjamin Fredrick,5,14.0,False
0,0,0,0,0,0,0,0,0,0,0,0,0,0.0,0.0,0.0,0.0,0,0,0,0,0,0.00,0.00,0.00,0.00,0,False,116,34,2025-26,Aaron Hickey,5,14.0,False
0,0,0,0,0,0,0,0,0,0,0,0,0,0.0,0.0,0.0,0.0,0,0,0,0,0,0.00,0.00,0.00,0.00,0,False,117,34,2025-26,Kim Ji-soo,5,14.0,False
0,0,0,0,0,0,0,0,0,0,0,0,0,0.0,0.0,0.0,0.0,0,0,0,0,0,0.00,0.00,0.00,0.00,0,False,118,34,2025-26,Jayden Meghoma,5,14.0,False
73,0,0,1,0,0,0,0,0,0,0,0,9,7.8,27.3,8.0,4.3,1,2,1,4,1,0.00,0.04,0.04,1.34,3,False,119,34,2025-26,Bryan Mbeumo,14,5.0,True
72,0,0,0,2,0,0,0,0,0,0,0,7,0.4,1.8,4.0,0.6,1,3,0,4,1,0.00,0.01,0.01,1.26,2,False,120,34,2025-26,Kevin Schade,5,14.0,False
90,0,0,0,2,0,0,0,0,0,0,0,18,15.4,34.3,33.0,8.3,2,5,0,7,1,0.11,0.44,0.55,1.27,2,False,121,34,2025-26,Mikkel Damsgaard,5,14.0,False
0,0,0,0,0,0,0,0,0,0,0,0,0,0.0,0.0,0.0,0.0,0,0,0,0,0,0.00,0.00,0.00,0.00,0,False,122,34,2025-26,Antoni Milambo,5,14.0,False
0,0,0,0,0,0,0,0,0,0,0,0,0,0.0,0.0,0.0,0.0,0,0,0,0,0,0.00,0.00,0.00,0.00,0,False,123,34,2025-26,Fábio Freitas Gouveia Carvalho,5,14.0,False
0,0,0,0,0,0,0,0,0,0,0,0,0,0.0,0.0,0.0,0.0,0,0,0,0,0,0.00,0.00,0.00,0.00,0,False,124,34,2025-26,Jordan Henderson,5,14.0,False
0,0,0,0,0,0,0,0,0,0,0,0,0,0.0,0.0,0.0,0.0,0,0,0,0,0,0.00,0.00,0.00,0.00,0,False,125,34,2025-26,Vitaly Janelt,5,14.0,False
90,1,0,0,2,0,0,0,0,0,0,1,34,48.0,27.3,8.0,8.3,3,9,0,12,1,0.06,0.40,0.46,1.27,10,False,126,34,2025-26,Mathias Jensen,5,14.0,False
0,0,0,0,0,0,0,0,0,0,0,0,0,0.0,0.0,0.0,0.0,0,0,0,0,0,0.00,0.00,0.00,0.00,0,False,127,34,2025-26,Gustavo Nunes Fernandes Gomes,5,14.0,False
0,0,0,0,0,0,0,0,0,0,0,0,0,0.0,0.0,0.0,0.0,0,0,0,0,0,0.00,0.00,0.00,0.00,0,False,128,34,2025-26,Frank Onyeka,5,14.0,False
90,0,0,0,2,0,0,0,0,0,0,0,16,18.8,6.2,2.0,2.7,5,7,3,15,1,0.00,0.02,0.02,1.27,4,False,129,34,2025-26,Yehor Yarmoliuk,5,14.0,False
0,0,0,0,0,0,0,0,0,0,0,0,0,0.0,0.0,0.0,0.0,0,0,0,0,0,0.00,0.00,0.00,0.00,0,False,130,34,2025-26,Romelle Donovan,5,14.0,False
0,0,0,0,0,0,0,0,0,0,0,0,0,0.0,0.0,0.0,0.0,0,0,0,0,0,0.00,0.00,0.00,0.00,0,False,131,34,2025-26,Yunus Emre Konak,5,14.0,False
0,0,0,0,0,0,0,0,0,0,0,0,0,0.0,0.0,0.0,0.0,0,0,0,0,0,0.00,0.00,0.00,0.00,0,False,132,34,2025-26,Paris Maghoma,5,14.0,False
0,0,0,0,0,0,0,0,0,0,0,0,0,0.0,0.0,0.0,0.0,0,0,0,0,0,0.00,0.00,0.00,0.00,0,False,133,34,2025-26,Myles Peart-Harris,5,14.0,False
0,0,0,0,0,0,0,0,0,0,0,0,0,0.0,0.0,0.0,0.0,0,0,0,0,0,0.00,0.00,0.00,0.00,0,False,134,34,2025-26,Ryan Trevitt,5,14.0,False
24,0,0,0,0,0,0,0,0,0,0,0,-5,0.0,0.0,12.0,0.9,0,0,0,0,0,0.56,0.00,0.56,0.29,1,False,135,34,2025-26,Yoane Wissa,15,1.0,False
90,0,0,0,2,0,0,0,1,0,0,0,-2,7.2,24.8,10.0,4.2,1,2,1,4,1,0.00,0.03,0.03,1.27,1,False,136,34,2025-26,Igor Thiago Nascimento Rodrigues,5,14.0,False
0,0,0,0,0,0,0,0,0,0,0,0,0,0.0,0.0,0.0,0.0,0,0,0,0,0,0.00,0.00,0.00,0.00,0,False,137,34,2025-26,Iwan Morgan,5,14.0,False
0,0,0,0,0,0,0,0,0,0,0,0,0,0.0,0.0,0.0,0.0,0,0,0,0,0,0.00,0.00,0.00,0.00,0,False,138,34,2025-26,Jason Steele,6,,
0,0,0,0,0,0,0,0,0,0,0,0,0,0.0,0.0,0.0,0.0,0,0,0,0,0,0.00,0.00,0.00,0.00,0,False,139,34,2025-26,Bart Verbruggen,6,,
0,0,0,0,0,0,0,0,0,0,0,0,0,0.0,0.0,0.0,0.0,0,0,0,0,0,0.00,0.00,0.00,0.00,0,False,140,34,2025-26,Tom McGill,6,,
0,0,0,0,0,0,0,0,0,0,0,0,0,0.0,0.0,0.0,0.0,0,0,0,0,0,0.00,0.00,0.00,0.00,0,False,141,34,2025-26,Carl Rushworth,6,,
0,0,0,0,0,0,0,0,0,0,0,0,0,0.0,0.0,0.0,0.0,0,0,0,0,0,0.00,0.00,0.00,0.00,0,False,142,34,2025-26,Kjell Scherpen,6,,
0,0,0,0,0,0,0,0,0,0,0,0,0,0.0,0.0,0.0,0.0,0,0,0,0,0,0.00,0.00,0.00,0.00,0,False,143,34,2025-26,Olivier Boscagli,6,,
0,0,0,0,0,0,0,0,0,0,0,0,0,0.0,0.0,0.0,0.0,0,0,0,0,0,0.00,0.00,0.00,0.00,0,False,144,34,2025-26,Diego Coppola,6,,
0,0,0,0,0,0,0,0,0,0,0,0,0,0.0,0.0,0.0,0.0,0,0,0,0,0,0.00,0.00,0.00,0.00,0,False,145,34,2025-26,Maxim De Cuyper,6,,
0,0,0,0,0,0,0,0,0,0,0,0,0,0.0,0.0,0.0,0.0,0,0,0,0,0,0.00,0.00,0.00,0.00,0,False,146,34,2025-26,Lewis Dunk,6,,
0,0,0,0,0,0,0,0,0,0,0,0,0,0.0,0.0,0.0,0.0,0,0,0,0,0,0.00,0.00,0.00,0.00,0,False,147,34,2025-26,Pervis Estupiñán Tenorio,6,,
0,0,0,0,0,0,0,0,0,0,0,0,0,0.0,0.0,0.0,0.0,0,0,0,0,0,0.00,0.00,0.00,0.00,0,False,148,34,2025-26,Ferdi Kadıoğlu,6,,
0,0,0,0,0,0,0,0,0,0,0,0,0,0.0,0.0,0.0,0.0,0,0,0,0,0,0.00,0.00,0.00,0.00,0,False,149,34,2025-26,Igor Julio dos Santos de Paulo,6,,
0,0,0,0,0,0,0,0,0,0,0,0,0,0.0,0.0,0.0,0.0,0,0,0,0,0,0.00,0.00,0.00,0.00,0,False,150,34,2025-26,Tariq Lamptey,6,,
0,0,0,0,0,0,0,0,0,0,0,0,0,0.0,0.0,0.0,0.0,0,0,0,0,0,0.00,0.00,0.00,0.00,0,False,151,34,2025-26,Jan Paul van Hecke,6,,
0,0,0,0,0,0,0,0,0,0,0,0,0,0.0,0.0,0.0,0.0,0,0,0,0,0,0.00,0.00,0.00,0.00,0,False,152,34,2025-26,Joël Veltman,6,,
0,0,0,0,0,0,0,0,0,0,0,0,0,0.0,0.0,0.0,0.0,0,0,0,0,0,0.00,0.00,0.00,0.00,0,False,153,34,2025-26,Adam Webster,6,,
0,0,0,0,0,0,0,0,0,0,0,0,0,0.0,0.0,0.0,0.0,0,0,0,0,0,0.00,0.00,0.00,0.00,0,False,154,34,2025-26,Eiran Cashin,6,,
0,0,0,0,0,0,0,0,0,0,0,0,0,0.0,0.0,0.0,0.0,0,0,0,0,0,0.00,0.00,0.00,0.00,0,False,155,34,2025-26,Jacob Slater,6,,
0,0,0,0,0,0,0,0,0,0,0,0,0,0.0,0.0,0.0,0.0,0,0,0,0,0,0.00,0.00,0.00,0.00,0,False,156,34,2025-26,Charlie Tasker,6,,
0,0,0,0,0,0,0,0,0,0,0,0,0,0.0,0.0,0.0,0.0,0,0,0,0,0,0.00,0.00,0.00,0.00,0,False,157,34,2025-26,Mitoma Kaoru,6,,
0,0,0,0,0,0,0,0,0,0,0,0,0,0.0,0.0,0.0,0.0,0,0,0,0,0,0.00,0.00,0.00,0.00,0,False,158,34,2025-26,Georginio Rutter,6,,
0,0,0,0,0,0,0,0,0,0,0,0,0,0.0,0.0,0.0,0.0,0,0,0,0,0,0.00,0.00,0.00,0.00,0,False,159,34,2025-26,Solly March,6,,
0,0,0,0,0,0,0,0,0,0,0,0,0,0.0,0.0,0.0,0.0,0,0,0,0,0,0.00,0.00,0.00,0.00,0,False,160,34,2025-26,Yankuba Minteh,6,,
0,0,0,0,0,0,0,0,0,0,0,0,0,0.0,0.0,0.0,0.0,0,0,0,0,0,0.00,0.00,0.00,0.00,0,False,161,34,2025-26,Julio Enciso Espínola,6,,
0,0,0,0,0,0,0,0,0,0,0,0,0,0.0,0.0,0.0,0.0,0,0,0,0,0,0.00,0.00,0.00,0.00,0,False,162,34,2025-26,Brajan Gruda,6,,
0,0,0,0,0,0,0,0,0,0,0,0,0,0.0,0.0,0.0,0.0,0,0,0,0,0,0.00,0.00,0.00,0.00,0,False,163,34,2025-26,Jack Hinshelwood,6,,
0,0,0,0,0,0,0,0,0,0,0,0,0,0.0,0.0,0.0,0.0,0,0,0,0,0,0.00,0.00,0.00,0.00,0,False,164,34,2025-26,Matt O'Riley,6,,
0,0,0,0,0,0,0,0,0,0,0,0,0,0.0,0.0,0.0,0.0,0,0,0,0,0,0.00,0.00,0.00,0.00,0,False,165,34,2025-26,Abdallah Sima,6,,
0,0,0,0,0,0,0,0,0,0,0,0,0,0.0,0.0,0.0,0.0,0,0,0,0,0,0.00,0.00,0.00,0.00,0,False,166,34,2025-26,Yasin Ayari,6,,
0,0,0,0,0,0,0,0,0,0,0,0,0,0.0,0.0,0.0,0.0,0,0,0,0,0,0.00,0.00,0.00,0.00,0,False,167,34,2025-26,Carlos Baleba,6,,
0,0,0,0,0,0,0,0,0,0,0,0,0,0.0,0.0,0.0,0.0,0,0,0,0,0,0.00,0.00,0.00,0.00,0,False,168,34,2025-26,Facundo Buonanotte,11,,
0,0,0,0,0,0,0,0,0,0,0,0,0,0.0,0.0,0.0,0.0,0,0,0,0,0,0.00,0.00,0.00,0.00,0,False,169,34,2025-26,Diego Gómez Amarilla,6,,
0,0,0,0,0,0,0,0,0,0,0,0,0,0.0,0.0,0.0,0.0,0,0,0,0,0,0.00,0.00,0.00,0.00,0,False,170,34,2025-26,James Milner,6,,
0,0,0,0,0,0,0,0,0,0,0,0,0,0.0,0.0,0.0,0.0,0,0,0,0,0,0.00,0.00,0.00,0.00,0,False,171,34,2025-26,Jeremy Sarmiento Morante,6,,
0,0,0,0,0,0,0,0,0,0,0,0,0,0.0,0.0,0.0,0.0,0,0,0,0,0,0.00,0.00,0.00,0.00,0,False,172,34,2025-26,Tom Watson,6,,
0,0,0,0,0,0,0,0,0,0,0,0,0,0.0,0.0,0.0,0.0,0,0,0,0,0,0.00,0.00,0.00,0.00,0,False,173,34,2025-26,Mats Wieffer,6,,
0,0,0,0,0,0,0,0,0,0,0,0,0,0.0,0.0,0.0,0.0,0,0,0,0,0,0.00,0.00,0.00,0.00,0,False,174,34,2025-26,Malick Yalcouyé,6,,
0,0,0,0,0,0,0,0,0,0,0,0,0,0.0,0.0,0.0,0.0,0,0,0,0,0,0.00,0.00,0.00,0.00,0,False,175,34,2025-26,Joe Knight,6,,
0,0,0,0,0,0,0,0,0,0,0,0,0,0.0,0.0,0.0,0.0,0,0,0,0,0,0.00,0.00,0.00,0.00,0,False,176,34,2025-26,Adrian Mazilu,6,,
0,0,0,0,0,0,0,0,0,0,0,0,0,0.0,0.0,0.0,0.0,0,0,0,0,0,0.00,0.00,0.00,0.00,0,False,177,34,2025-26,Andrew Moran,6,,
0,0,0,0,0,0,0,0,0,0,0,0,0,0.0,0.0,0.0,0.0,0,0,0,0,0,0.00,0.00,0.00,0.00,0,False,178,34,2025-26,Danny Welbeck,6,,
0,0,0,0,0,0,0,0,0,0,0,0,0,0.0,0.0,0.0,0.0,0,0,0,0,0,0.00,0.00,0.00,0.00,0,False,179,34,2025-26,Evan Ferguson,6,,
0,0,0,0,0,0,0,0,0,0,0,0,0,0.0,0.0,0.0,0.0,0,0,0,0,0,0.00,0.00,0.00,0.00,0,False,180,34,2025-26,Stefanos Tzimas,6,,
0,0,0,0,0,0,0,0,0,0,0,0,0,0.0,0.0,0.0,0.0,0,0,0,0,0,0.00,0.00,0.00,0.00,0,False,181,34,2025-26,Charalampos Kostoulas,6,,
0,0,0,0,0,0,0,0,0,0,0,0,0,0.0,0.0,0.0,0.0,0,0,0,0,0,0.00,0.00,0.00,0.00,0,False,182,34,2025-26,James Trafford,13,,
0,0,0,0,0,0,0,0,0,0,0,0,0,0.0,0.0,0.0,0.0,0,0,0,0,0,0.00,0.00,0.00,0.00,0,False,183,34,2025-26,Max Weiß,3,,
0,0,0,0,0,0,0,0,0,0,0,0,0,0.0,0.0,0.0,0.0,0,0,0,0,0,0.00,0.00,0.00,0.00,0,False,184,34,2025-26,Etienne Green,3,,
0,0,0,0,0,0,0,0,0,0,0,0,0,0.0,0.0,0.0,0.0,0,0,0,0,0,0.00,0.00,0.00,0.00,0,False,185,34,2025-26,Václav Hladký,3,,
0,0,0,0,0,0,0,0,0,0,0,0,0,0.0,0.0,0.0,0.0,0,0,0,0,0,0.00,0.00,0.00,0.00,0,False,186,34,2025-26,Connor Roberts,3,,
0,0,0,0,0,0,0,0,0,0,0,0,0,0.0,0.0,0.0,0.0,0,0,0,0,0,0.00,0.00,0.00,0.00,0,False,187,34,2025-26,Kyle Walker,3,,
0,0,0,0,0,0,0,0,0,0,0,0,0,0.0,0.0,0.0,0.0,0,0,0,0,0,0.00,0.00,0.00,0.00,0,False,188,34,2025-26,Hannes Delcroix,3,,
0,0,0,0,0,0,0,0,0,0,0,0,0,0.0,0.0,0.0,0.0,0,0,0,0,0,0.00,0.00,0.00,0.00,0,False,189,34,2025-26,Owen Dodgson,3,,
0,0,0,0,0,0,0,0,0,0,0,0,0,0.0,0.0,0.0,0.0,0,0,0,0,0,0.00,0.00,0.00,0.00,0,False,190,34,2025-26,Hjalmar Ekdal,3,,
0,0,0,0,0,0,0,0,0,0,0,0,0,0.0,0.0,0.0,0.0,0,0,0,0,0,0.00,0.00,0.00,0.00,0,False,191,34,2025-26,Maxime Estève,3,,
0,0,0,0,0,0,0,0,0,0,0,0,0,0.0,0.0,0.0,0.0,0,0,0,0,0,0.00,0.00,0.00,0.00,0,False,192,34,2025-26,Quilindschy Hartman,3,,
0,0,0,0,0,0,0,0,0,0,0,0,0,0.0,0.0,0.0,0.0,0,0,0,0,0,0.00,0.00,0.00,0.00,0,False,193,34,2025-26,Bashir Humphreys,3,,
0,0,0,0,0,0,0,0,0,0,0,0,0,0.0,0.0,0.0,0.0,0,0,0,0,0,0.00,0.00,0.00,0.00,0,False,194,34,2025-26,Jordan Beyer,3,,
0,0,0,0,0,0,0,0,0,0,0,0,0,0.0,0.0,0.0,0.0,0,0,0,0,0,0.00,0.00,0.00,0.00,0,False,195,34,2025-26,Lucas Pires Silva,3,,
0,0,0,0,0,0,0,0,0,0,0,0,0,0.0,0.0,0.0,0.0,0,0,0,0,0,0.00,0.00,0.00,0.00,0,False,196,34,2025-26,Shurandy Sambo,3,,
0,0,0,0,0,0,0,0,0,0,0,0,0,0.0,0.0,0.0,0.0,0,0,0,0,0,0.00,0.00,0.00,0.00,0,False,197,34,2025-26,Oliver Sonne,3,,
0,0,0,0,0,0,0,0,0,0,0,0,0,0.0,0.0,0.0,0.0,0,0,0,0,0,0.00,0.00,0.00,0.00,0,False,198,34,2025-26,Axel Tuanzebe,3,,
0,0,0,0,0,0,0,0,0,0,0,0,0,0.0,0.0,0.0,0.0,0,0,0,0,0,0.00,0.00,0.00,0.00,0,False,199,34,2025-26,Joe Worrall,3,,
0,0,0,0,0,0,0,0,0,0,0,0,0,0.0,0.0,0.0,0.0,0,0,0,0,0,0.00,0.00,0.00,0.00,0,False,200,34,2025-26,Jaidon Anthony,3,,
0,0,0,0,0,0,0,0,0,0,0,0,0,0.0,0.0,0.0,0.0,0,0,0,0,0,0.00,0.00,0.00,0.00,0,False,201,34,2025-26,Manuel Benson Hedilazio,3,,
0,0,0,0,0,0,0,0,0,0,0,0,0,0.0,0.0,0.0,0.0,0,0,0,0,0,0.00,0.00,0.00,0.00,0,False,202,34,2025-26,Jacob Bruun Larsen,3,,
0,0,0,0,0,0,0,0,0,0,0,0,0,0.0,0.0,0.0,0.0,0,0,0,0,0,0.00,0.00,0.00,0.00,0,False,203,34,2025-26,Enock Agyei,3,,
0,0,0,0,0,0,0,0,0,0,0,0,0,0.0,0.0,0.0,0.0,0,0,0,0,0,0.00,0.00,0.00,0.00,0,False,204,34,2025-26,Darko Churlinov,3,,
0,0,0,0,0,0,0,0,0,0,0,0,0,0.0,0.0,0.0,0.0,0,0,0,0,0,0.00,0.00,0.00,0.00,0,False,205,34,2025-26,Josh Cullen,3,,
0,0,0,0,0,0,0,0,0,0,0,0,0,0.0,0.0,0.0,0.0,0,0,0,0,0,0.00,0.00,0.00,0.00,0,False,206,34,2025-26,Marcus Edwards,3,,
0,0,0,0,0,0,0,0,0,0,0,0,0,0.0,0.0,0.0,0.0,0,0,0,0,0,0.00,0.00,0.00,0.00,0,False,207,34,2025-26,Hannibal Mejbri,3,,
0,0,0,0,0,0,0,0,0,0,0,0,0,0.0,0.0,0.0,0.0,0,0,0,0,0,0.00,0.00,0.00,0.00,0,False,208,34,2025-26,Luca Koleosho,3,,
0,0,0,0,0,0,0,0,0,0,0,0,0,0.0,0.0,0.0,0.0,0,0,0,0,0,0.00,0.00,0.00,0.00,0,False,209,34,2025-26,Josh Laurent,3,,
0,0,0,0,0,0,0,0,0,0,0,0,0,0.0,0.0,0.0,0.0,0,0,0,0,0,0.00,0.00,0.00,0.00,0,False,210,34,2025-26,Loum Tchaouna,3,,
0,0,0,0,0,0,0,0,0,0,0,0,0,0.0,0.0,0.0,0.0,0,0,0,0,0,0.00,0.00,0.00,0.00,0,False,211,34,2025-26,Aaron Ramsey,3,,
0,0,0,0,0,0,0,0,0,0,0,0,0,0.0,0.0,0.0,0.0,0,0,0,0,0,0.00,0.00,0.00,0.00,0,False,212,34,2025-26,Oluwaseun Adewumi,3,,
0,0,0,0,0,0,0,0,0,0,0,0,0,0.0,0.0,0.0,0.0,0,0,0,0,0,0.00,0.00,0.00,0.00,0,False,213,34,2025-26,Jaydon Banel,3,,
0,0,0,0,0,0,0,0,0,0,0,0,0,0.0,0.0,0.0,0.0,0,0,0,0,0,0.00,0.00,0.00,0.00,0,False,214,34,2025-26,Mike Trésor Ndayishimiye,3,,
0,0,0,0,0,0,0,0,0,0,0,0,0,0.0,0.0,0.0,0.0,0,0,0,0,0,0.00,0.00,0.00,0.00,0,False,215,34,2025-26,Zian Flemming,3,,
0,0,0,0,0,0,0,0,0,0,0,0,0,0.0,0.0,0.0,0.0,0,0,0,0,0,0.00,0.00,0.00,0.00,0,False,216,34,2025-26,Zeki Amdouni,3,,
0,0,0,0,0,0,0,0,0,0,0,0,0,0.0,0.0,0.0,0.0,0,0,0,0,0,0.00,0.00,0.00,0.00,0,False,217,34,2025-26,Lyle Foster,3,,
0,0,0,0,0,0,0,0,0,0,0,0,0,0.0,0.0,0.0,0.0,0,0,0,0,0,0.00,0.00,0.00,0.00,0,False,218,34,2025-26,Ashley Barnes,3,,
0,0,0,0,0,0,0,0,0,0,0,0,0,0.0,0.0,0.0,0.0,0,0,0,0,0,0.00,0.00,0.00,0.00,0,False,219,34,2025-26,Michael Obafemi,3,,
0,0,0,0,0,0,0,0,0,0,0,0,0,0.0,0.0,0.0,0.0,0,0,0,0,0,0.00,0.00,0.00,0.00,0,False,220,34,2025-26,Robert Lynch Sánchez,7,,
0,0,0,0,0,0,0,0,0,0,0,0,0,0.0,0.0,0.0,0.0,0,0,0,0,0,0.00,0.00,0.00,0.00,0,False,221,34,2025-26,Filip Jörgensen,7,,
0,0,0,0,0,0,0,0,0,0,0,0,0,0.0,0.0,0.0,0.0,0,0,0,0,0,0.00,0.00,0.00,0.00,0,False,222,34,2025-26,Mike Penders,7,,
0,0,0,0,0,0,0,0,0,0,0,0,0,0.0,0.0,0.0,0.0,0,0,0,0,0,0.00,0.00,0.00,0.00,0,False,223,34,2025-26,Gabriel Słonina,7,,
0,0,0,0,0,0,0,0,0,0,0,0,0,0.0,0.0,0.0,0.0,0,0,0,0,0,0.00,0.00,0.00,0.00,0,False,224,34,2025-26,Marc Cucurella Saseta,7,,
0,0,0,0,0,0,0,0,0,0,0,0,0,0.0,0.0,0.0,0.0,0,0,0,0,0,0.00,0.00,0.00,0.00,0,False,225,34,2025-26,Reece James,7,,
0,0,0,0,0,0,0,0,0,0,0,0,0,0.0,0.0,0.0,0.0,0,0,0,0,0,0.00,0.00,0.00,0.00,0,False,226,34,2025-26,Trevoh Chalobah,7,,
0,0,0,0,0,0,0,0,0,0,0,0,0,0.0,0.0,0.0,0.0,0,0,0,0,0,0.00,0.00,0.00,0.00,0,False,227,34,2025-26,Levi Samuels Colwill,7,,
0,0,0,0,0,0,0,0,0,0,0,0,0,0.0,0.0,0.0,0.0,0,0,0,0,0,0.00,0.00,0.00,0.00,0,False,228,34,2025-26,Malo Gusto,7,,
0,0,0,0,0,0,0,0,0,0,0,0,0,0.0,0.0,0.0,0.0,0,0,0,0,0,0.00,0.00,0.00,0.00,0,False,229,34,2025-26,Benoît Badiashile Mukinayi,7,,
0,0,0,0,0,0,0,0,0,0,0,0,0,0.0,0.0,0.0,0.0,0,0,0,0,0,0.00,0.00,0.00,0.00,0,False,230,34,2025-26,Wesley Fofana,7,,
0,0,0,0,0,0,0,0,0,0,0,0,0,0.0,0.0,0.0,0.0,0,0,0,0,0,0.00,0.00,0.00,0.00,0,False,231,34,2025-26,Mamadou Sarr,7,,
0,0,0,0,0,0,0,0,0,0,0,0,0,0.0,0.0,0.0,0.0,0,0,0,0,0,0.00,0.00,0.00,0.00,0,False,232,34,2025-26,Tosin Adarabioyo,7,,
0,0,0,0,0,0,0,0,0,0,0,0,0,0.0,0.0,0.0,0.0,0,0,0,0,0,0.00,0.00,0.00,0.00,0,False,233,34,2025-26,Josh Acheampong,7,,
0,0,0,0,0,0,0,0,0,0,0,0,0,0.0,0.0,0.0,0.0,0,0,0,0,0,0.00,0.00,0.00,0.00,0,False,234,34,2025-26,Aarón Anselmino,7,,
0,0,0,0,0,0,0,0,0,0,0,0,0,0.0,0.0,0.0,0.0,0,0,0,0,0,0.00,0.00,0.00,0.00,0,False,235,34,2025-26,Cole Palmer,7,,
0,0,0,0,0,0,0,0,0,0,0,0,0,0.0,0.0,0.0,0.0,0,0,0,0,0,0.00,0.00,0.00,0.00,0,False,236,34,2025-26,Pedro Lomba Neto,7,,
0,0,0,0,0,0,0,0,0,0,0,0,0,0.0,0.0,0.0,0.0,0,0,0,0,0,0.00,0.00,0.00,0.00,0,False,237,34,2025-26,Enzo Fernández,7,,
0,0,0,0,0,0,0,0,0,0,0,0,0,0.0,0.0,0.0,0.0,0,0,0,0,0,0.00,0.00,0.00,0.00,0,False,238,34,2025-26,Estêvão Almeida de Oliveira Gonçalves,7,,
0,0,0,0,0,0,0,0,0,0,0,0,0,0.0,0.0,0.0,0.0,0,0,0,0,0,0.00,0.00,0.00,0.00,0,False,239,34,2025-26,Jamie Bynoe-Gittens,7,,
0,0,0,0,0,0,0,0,0,0,0,0,0,0.0,0.0,0.0,0.0,0,0,0,0,0,0.00,0.00,0.00,0.00,0,False,240,34,2025-26,Christopher Nkunku,7,,
0,0,0,0,0,0,0,0,0,0,0,0,0,0.0,0.0,0.0,0.0,0,0,0,0,0,0.00,0.00,0.00,0.00,0,False,241,34,2025-26,Moisés Caicedo Corozo,7,,
90,1,0,0,2,0,0,0,0,0,0,1,29,41.4,17.4,19.0,7.8,2,7,1,10,1,0.10,0.06,0.16,1.17,8,False,242,34,2025-26,Kiernan Dewsbury-Hall,9,19.0,False
25,0,0,0,1,0,0,0,0,0,0,0,6,3.2,13.0,10.0,2.6,0,1,1,2,0,0.07,0.54,0.61,0.38,1,False,243,34,2025-26,Tyrique George,9,19.0,False
0,0,0,0,0,0,0,0,0,0,0,0,0,0.0,0.0,0.0,0.0,0,0,0,0,0,0.00,0.00,0.00,0.00,0,False,244,34,2025-26,Roméo Lavia,7,,
0,0,0,0,0,0,0,0,0,0,0,0,0,0.0,0.0,0.0,0.0,0,0,0,0,0,0.00,0.00,0.00,0.00,0,False,245,34,2025-26,Mykhailo Mudryk,7,,
0,0,0,0,0,0,0,0,0,0,0,0,0,0.0,0.0,0.0,0.0,0,0,0,0,0,0.00,0.00,0.00,0.00,0,False,246,34,2025-26,Andrey Nascimento dos Santos,7,,
0,0,0,0,0,0,0,0,0,0,0,0,0,0.0,0.0,0.0,0.0,0,0,0,0,0,0.00,0.00,0.00,0.00,0,False,247,34,2025-26,Dário Luís Essugo,7,,
0,0,0,0,0,0,0,0,0,0,0,0,0,0.0,0.0,0.0,0.0,0,0,0,0,0,0.00,0.00,0.00,0.00,0,False,248,34,2025-26,Kendry Páez Andrade,7,,
0,0,0,0,0,0,0,0,0,0,0,0,0,0.0,0.0,0.0,0.0,0,0,0,0,0,0.00,0.00,0.00,0.00,0,False,249,34,2025-26,João Pedro Junqueira de Jesus,7,,
0,0,0,0,0,0,0,0,0,0,0,0,0,0.0,0.0,0.0,0.0,0,0,0,0,0,0.00,0.00,0.00,0.00,0,False,250,34,2025-26,Liam Delap,7,,
0,0,0,0,0,0,0,0,0,0,0,0,0,0.0,0.0,0.0,0.0,0,0,0,0,0,0.00,0.00,0.00,0.00,0,False,251,34,2025-26,Nicolas Jackson,7,,
0,0,0,0,0,0,0,0,0,0,0,0,0,0.0,0.0,0.0,0.0,0,0,0,0,0,0.00,0.00,0.00,0.00,0,False,252,34,2025-26,Marc Guiu Paz,7,,
90,0,0,0,3,0,0,0,1,0,0,0,-7,3.0,0.0,0.0,0.3,3,4,0,0,1,0.00,0.00,0.00,1.15,0,False,253,34,2025-26,Dean Henderson,8,12.0,False
0,0,0,0,0,0,0,0,0,0,0,0,0,0.0,0.0,0.0,0.0,0,0,0,0,0,0.00,0.00,0.00,0.00,0,False,254,34,2025-26,Walter Benítez,8,12.0,False
0,0,0,0,0,0,0,0,0,0,0,0,0,0.0,0.0,0.0,0.0,0,0,0,0,0,0.00,0.00,0.00,0.00,0,False,255,34,2025-26,Remi Matthews,8,12.0,False
90,1,0,0,3,0,0,0,1,0,0,0,10,40.4,1.2,13.0,5.5,3,2,2,5,1,0.08,0.00,0.08,1.15,6,False,256,34,2025-26,Daniel Muñoz Mejía,8,12.0,False
90,0,0,0,3,0,0,0,0,0,0,0,9,30.2,0.7,28.0,5.9,10,2,1,11,1,0.22,0.01,0.23,1.15,3,False,257,34,2025-26,Maxence Lacroix,8,12.0,False
45,0,0,0,2,0,0,0,0,0,0,0,-2,8.8,20.9,0.0,3.0,3,2,0,3,1,0.00,0.00,0.00,1.07,0,False,258,34,2025-26,Tyrick Mitchell,8,12.0,False
45,0,0,0,1,0,0,0,1,0,0,0,-4,1.4,11.6,4.0,1.7,2,2,0,2,0,0.04,0.01,0.05,0.07,0,False,259,34,2025-26,Borna Sosa,8,12.0,False
0,0,0,0,0,0,0,0,0,0,0,0,0,0.0,0.0,0.0,0.0,0,0,0,0,0,0.00,0.00,0.00,0.00,0,False,260,34,2025-26,Marc Guéhi,13,,
90,0,0,0,3,0,0,0,0,0,0,0,-2,10.6,0.6,7.0,1.8,6,3,0,6,1,0.62,0.00,0.62,1.15,1,False,261,34,2025-26,Chris Richards,8,12.0,False
0,0,0,0,0,0,0,0,0,0,0,0,0,0.0,0.0,0.0,0.0,0,0,0,0,0,0.00,0.00,0.00,0.00,0,False,262,34,2025-26,Chadi Riad Dnanou,8,12.0,False
0,0,0,0,0,0,0,0,0,0,0,0,0,0.0,0.0,0.0,0.0,0,0,0,0,0,0.00,0.00,0.00,0.00,0,False,263,34,2025-26,Nathaniel Clyne,8,12.0,False
0,0,0,0,0,0,0,0,0,0,0,0,0,0.0,0.0,0.0,0.0,0,0,0,0,0,0.00,0.00,0.00,0.00,0,False,264,34,2025-26,Rob Holding,8,12.0,False
0,0,0,0,0,0,0,0,0,0,0,0,0,0.0,0.0,0.0,0.0,0,0,0,0,0,0.00,0.00,0.00,0.00,0,False,265,34,2025-26,Caleb Kporha,8,12.0,False
52,1,0,0,0,0,0,0,0,0,0,0,25,29.4,6.1,14.0,5.0,0,1,0,1,1,0.17,0.00,0.17,0.36,6,False,266,34,2025-26,Eberechi Eze,1,15.0,True
90,0,1,0,3,0,0,0,0,0,0,0,17,7.6,11.8,40.0,5.9,0,1,0,1,1,0.52,0.12,0.64,1.15,5,False,267,34,2025-26,Ismaïla Sarr,8,12.0,False
0,0,0,0,0,0,0,0,0,0,0,0,0,0.0,0.0,0.0,0.0,0,0,0,0,0,0.00,0.00,0.00,0.00,0,False,268,34,2025-26,Cheick Doucouré,8,12.0,False
0,0,0,0,0,0,0,0,0,0,0,0,0,0.0,0.0,0.0,0.0,0,0,0,0,0,0.00,0.00,0.00,0.00,0,False,269,34,2025-26,Romain Esse,8,12.0,False
0,0,0,0,0,0,0,0,0,0,0,0,0,0.0,0.0,0.0,0.0,0,0,0,0,0,0.00,0.00,0.00,0.00,0,False,270,34,2025-26,Will Hughes,8,12.0,False
90,0,0,0,3,0,0,0,0,0,0,0,24,16.0,18.1,0.0,3.4,1,7,4,12,1,0.00,0.11,0.11,1.15,4,False,271,34,2025-26,Daichi Kamada,8,12.0,False
0,0,0,0,0,0,0,0,0,0,0,0,0,0.0,0.0,0.0,0.0,0,0,0,0,0,0.00,0.00,0.00,0.00,0,False,272,34,2025-26,Jefferson Lerma Solís,8,12.0,False
90,0,0,0,3,0,0,0,0,0,0,0,22,16.4,35.5,4.0,5.6,3,5,0,8,1,0.00,0.43,0.43,1.15,2,False,273,34,2025-26,Adam Wharton,8,12.0,False
0,0,0,0,0,0,0,0,0,0,0,0,0,0.0,0.0,0.0,0.0,0,0,0,0,0,0.00,0.00,0.00,0.00,0,False,274,34,2025-26,Asher Agbinone,8,12.0,False
0,0,0,0,0,0,0,0,0,0,0,0,0,0.0,0.0,0.0,0.0,0,0,0,0,0,0.00,0.00,0.00,0.00,0,False,275,34,2025-26,Naouirou Ahamada,8,12.0,False
0,0,0,0,0,0,0,0,0,0,0,0,0,0.0,0.0,0.0,0.0,0,0,0,0,0,0.00,0.00,0.00,0.00,0,False,276,34,2025-26,Justin Devenny,8,12.0,False
0,0,0,0,0,0,0,0,0,0,0,0,0,0.0,0.0,0.0,0.0,0,0,0,0,0,0.00,0.00,0.00,0.00,0,False,277,34,2025-26,Malcolm Ebiowei,8,12.0,False
0,0,0,0,0,0,0,0,0,0,0,0,0,0.0,0.0,0.0,0.0,0,0,0,0,0,0.00,0.00,0.00,0.00,0,False,278,34,2025-26,Jesurun Rak-Sakyi,8,12.0,False
0,0,0,0,0,0,0,0,0,0,0,0,0,0.0,0.0,0.0,0.0,0,0,0,0,0,0.00,0.00,0.00,0.00,0,False,279,34,2025-26,Matheus França de Oliveira,8,12.0,False
0,0,0,0,0,0,0,0,0,0,0,0,0,0.0,0.0,0.0,0.0,0,0,0,0,0,0.00,0.00,0.00,0.00,0,False,280,34,2025-26,David Ozoh,8,12.0,False
0,0,0,0,0,0,0,0,0,0,0,0,0,0.0,0.0,0.0,0.0,0,0,0,0,0,0.00,0.00,0.00,0.00,0,False,281,34,2025-26,Kaden Rodney,8,12.0,False
0,0,0,0,0,0,0,0,0,0,0,0,0,0.0,0.0,0.0,0.0,0,0,0,0,0,0.00,0.00,0.00,0.00,0,False,282,34,2025-26,Franco Umeh-Chibueze,8,12.0,False
69,0,0,0,2,0,0,0,0,0,0,0,3,6.8,0.6,34.0,4.1,2,2,0,4,1,0.30,0.01,0.31,1.11,2,False,283,34,2025-26,Jean-Philippe Mateta,8,12.0,False
0,0,0,0,0,0,0,0,0,0,0,0,0,0.0,0.0,0.0,0.0,0,0,0,0,0,0.00,0.00,0.00,0.00,0,False,284,34,2025-26,Eddie Nketiah,8,12.0,False
0,0,0,0,0,0,0,0,0,0,0,0,0,0.0,0.0,0.0,0.0,0,0,0,0,0,0.00,0.00,0.00,0.00,0,False,285,34,2025-26,Odsonne Édouard,8,12.0,False
0,0,0,0,0,0,0,0,0,0,0,0,0,0.0,0.0,0.0,0.0,0,0,0,0,0,0.00,0.00,0.00,0.00,0,False,286,34,2025-26,Zach Marsh,8,12.0,False
90,0,0,0,2,0,0,0,0,0,1,0,3,12.4,0.1,0.0,1.3,0,6,0,0,1,0.00,0.01,0.01,1.17,1,False,287,34,2025-26,Jordan Pickford,9,19.0,False
0,0,0,0,0,0,0,0,0,0,0,0,0,0.0,0.0,0.0,0.0,0,0,0,0,0,0.00,0.00,0.00,0.00,0,False,288,34,2025-26,Mark Travers,9,19.0,False
0,0,0,0,0,0,0,0,0,0,0,0,0,0.0,0.0,0.0,0.0,0,0,0,0,0,0.00,0.00,0.00,0.00,0,False,289,34,2025-26,Harry Tyrer,9,19.0,False
0,0,0,0,0,0,0,0,0,0,0,0,0,0.0,0.0,0.0,0.0,0,0,0,0,0,0.00,0.00,0.00,0.00,0,False,290,34,2025-26,Jarrad Branthwaite,9,19.0,False
90,0,1,0,2,0,0,0,1,0,0,0,16,33.0,22.2,8.0,6.3,4,1,2,6,1,0.00,0.21,0.21,1.17,3,False,291,34,2025-26,James Tarkowski,9,19.0,False
90,0,0,0,2,0,0,0,0,0,0,0,4,20.4,3.9,0.0,2.4,5,2,2,7,1,0.00,0.01,0.01,1.17,1,False,292,34,2025-26,Vitalii Mykolenko,9,19.0,False
64,0,0,0,1,0,0,0,1,0,0,0,3,11.2,11.2,2.0,2.4,4,2,2,6,1,0.00,0.05,0.05,0.80,1,False,293,34,2025-26,Jake O'Brien,9,19.0,False
0,0,0,0,0,0,0,0,0,0,0,0,0,0.0,0.0,0.0,0.0,0,0,0,0,0,0.00,0.00,0.00,0.00,0,False,294,34,2025-26,Séamus Coleman,9,19.0,False
90,0,0,0,2,0,0,0,0,0,0,0,4,20.2,0.9,0.0,2.1,6,2,0,6,1,0.00,0.01,0.01,1.17,1,False,295,34,2025-26,Michael Keane,9,19.0,False
0,0,0,0,0,0,0,0,0,0,0,0,0,0.0,0.0,0.0,0.0,0,0,0,0,0,0.00,0.00,0.00,0.00,0,False,296,34,2025-26,Nathan Patterson,9,19.0,False
0,0,0,0,0,0,0,0,0,0,0,0,0,0.0,0.0,0.0,0.0,0,0,0,0,0,0.00,0.00,0.00,0.00,0,False,297,34,2025-26,Roman Dixon,9,19.0,False
0,0,0,0,0,0,0,0,0,0,0,0,0,0.0,0.0,0.0,0.0,0,0,0,0,0,0.00,0.00,0.00,0.00,0,False,298,34,2025-26,Reece Welch,9,19.0,False
90,0,0,0,2,0,0,0,0,0,0,0,12,5.6,5.5,11.0,2.2,1,2,0,3,1,0.19,0.03,0.22,1.17,2,False,299,34,2025-26,Iliman Ndiaye,9,19.0,False
64,0,0,0,1,0,0,0,0,0,0,0,13,10.8,24.3,7.0,4.2,2,3,3,8,1,0.03,0.95,0.98,0.80,2,False,300,34,2025-26,Dwight McNeil,9,19.0,False
4,0,0,0,1,0,0,0,1,0,0,0,-1,0.0,1.3,0.0,0.1,1,0,0,1,0,0.00,0.01,0.01,0.38,0,False,301,34,2025-26,Carlos Alcaraz Durán,9,19.0,False
85,0,0,0,1,0,0,0,0,0,0,0,12,2.8,8.0,8.0,1.9,0,4,0,4,1,0.39,0.13,0.52,0.80,2,False,302,34,2025-26,Idrissa Gana Gueye,9,19.0,False
90,0,0,0,2,0,0,0,1,0,0,0,14,17.6,21.8,2.0,4.1,3,6,5,14,1,0.00,0.05,0.05,1.17,3,False,303,34,2025-26,James Garner,9,19.0,False
25,0,0,0,1,0,0,0,0,0,0,0,2,2.6,11.7,12.0,2.6,0,2,0,2,0,0.09,0.02,0.11,0.38,1,False,304,34,2025-26,Tim Iroegbunam,9,19.0,False
0,0,0,0,0,0,0,0,0,0,0,0,0,0.0,0.0,0.0,0.0,0,0,0,0,0,0.00,0.00,0.00,0.00,0,False,305,34,2025-26,Harrison Armstrong,9,19.0,False
0,0,0,0,0,0,0,0,0,0,0,0,0,0.0,0.0,0.0,0.0,0,0,0,0,0,0.00,0.00,0.00,0.00,0,False,306,34,2025-26,Callum Bates,9,19.0,False
0,0,0,0,0,0,0,0,0,0,0,0,0,0.0,0.0,0.0,0.0,0,0,0,0,0,0.00,0.00,0.00,0.00,0,False,307,34,2025-26,Coby Ebere,9,19.0,False
0,0,0,0,0,0,0,0,0,0,0,0,0,0.0,0.0,0.0,0.0,0,0,0,0,0,0.00,0.00,0.00,0.00,0,False,308,34,2025-26,Isaac Heath,9,19.0,False
0,0,0,0,0,0,0,0,0,0,0,0,0,0.0,0.0,0.0,0.0,0,0,0,0,0,0.00,0.00,0.00,0.00,0,False,309,34,2025-26,Jenson Metcalfe,9,19.0,False
90,0,0,0,2,0,0,0,0,0,0,0,5,13.2,2.8,29.0,4.5,2,1,1,4,1,0.68,0.01,0.69,1.17,2,False,310,34,2025-26,Thierno Barry,9,19.0,False
0,0,0,0,0,0,0,0,0,0,0,0,0,0.0,0.0,0.0,0.0,0,0,0,0,0,0.00,0.00,0.00,0.00,0,False,311,34,2025-26,Norberto Bercique Gomes Betuncal,9,19.0,False
0,0,0,0,0,0,0,0,0,0,0,0,0,0.0,0.0,0.0,0.0,0,0,0,0,0,0.00,0.00,0.00,0.00,0,False,312,34,2025-26,Youssef Ramalho Chermiti,9,19.0,False
0,0,0,0,0,0,0,0,0,0,0,0,0,0.0,0.0,0.0,0.0,0,0,0,0,0,0.00,0.00,0.00,0.00,0,False,313,34,2025-26,Martin Sherif,9,19.0,False
90,0,0,1,0,0,0,0,0,0,1,1,28,9.6,0.0,0.0,1.0,2,6,0,0,1,0.00,0.00,0.00,0.93,7,False,314,34,2025-26,Bernd Leno,10,2.0,True
0,0,0,0,0,0,0,0,0,0,0,0,0,0.0,0.0,0.0,0.0,0,0,0,0,0,0.00,0.00,0.00,0.00,0,False,315,34,2025-26,Steven Benda,10,2.0,True
9,0,0,0,0,0,0,0,0,0,0,0,3,1.4,0.2,0.0,0.2,1,2,0,1,0,0.00,0.00,0.00,0.31,1,False,316,34,2025-26,Antonee Robinson,10,2.0,True
90,0,0,1,0,0,0,0,0,0,0,3,36,28.6,11.2,0.0,4.0,11,2,4,15,1,0.00,0.01,0.01,0.93,11,True,317,34,2025-26,Joachim Andersen,10,2.0,True
90,0,0,1,0,0,0,0,0,0,0,0,25,16.0,1.2,0.0,1.7,5,4,1,6,1,0.00,0.01,0.01,0.93,6,False,318,34,2025-26,Calvin Bassey,10,2.0,True
90,0,0,1,0,0,0,0,1,0,0,0,20,7.8,15.4,0.0,2.3,4,1,0,4,1,0.00,0.14,0.14,0.93,5,False,319,34,2025-26,Timothy Castagne,10,2.0,True
0,0,0,0,0,0,0,0,0,0,0,0,0,0.0,0.0,0.0,0.0,0,0,0,0,0,0.00,0.00,0.00,0.00,0,False,320,34,2025-26,Issa Diop,10,2.0,True
0,0,0,0,0,0,0,0,0,0,0,0,0,0.0,0.0,0.0,0.0,0,0,0,0,0,0.00,0.00,0.00,0.00,0,False,321,34,2025-26,Jorge Cuenca Barreno,10,2.0,True
0,0,0,0,0,0,0,0,0,0,0,0,0,0.0,0.0,0.0,0.0,0,0,0,0,0,0.00,0.00,0.00,0.00,0,False,322,34,2025-26,Kenny Tete,10,2.0,True
0,0,0,0,0,0,0,0,0,0,0,0,0,0.0,0.0,0.0,0.0,0,0,0,0,0,0.00,0.00,0.00,0.00,0,False,323,34,2025-26,Samuel Amissah,10,2.0,True
0,0,0,0,0,0,0,0,0,0,0,0,0,0.0,0.0,0.0,0.0,0,0,0,0,0,0.00,0.00,0.00,0.00,0,False,324,34,2025-26,Alex Iwobi,10,2.0,True
75,0,0,1,0,0,0,0,0,0,0,0,8,7.2,4.1,8.0,1.9,2,1,3,6,1,0.04,0.02,0.06,0.62,3,False,325,34,2025-26,Emile Smith Rowe,10,2.0,True
0,0,0,0,0,0,0,0,0,0,0,0,0,0.0,0.0,0.0,0.0,0,0,0,0,0,0.00,0.00,0.00,0.00,0,False,326,34,2025-26,Adama Traoré Diarra,19,9.0,True
0,0,0,0,0,0,0,0,0,0,0,0,0,0.0,0.0,0.0,0.0,0,0,0,0,0,0.00,0.00,0.00,0.00,0,False,327,34,2025-26,Andreas Hoelgebaum Pereira,10,2.0,True
80,1,0,1,0,0,0,0,0,0,0,3,36,45.0,1.8,17.0,6.4,4,4,3,11,1,0.26,0.01,0.27,0.62,11,True,328,34,2025-26,Ryan Sessegnon,10,2.0,True
90,0,0,1,0,0,0,0,1,0,0,0,4,13.2,4.8,5.0,2.3,5,2,1,8,1,0.23,0.01,0.24,0.93,2,False,329,34,2025-26,Harry Wilson,10,2.0,True
90,0,0,1,0,0,0,0,0,0,0,0,11,7.0,12.8,8.0,2.8,3,2,1,6,1,0.06,0.14,0.20,0.93,3,False,330,34,2025-26,Sander Berge,10,2.0,True
0,0,0,0,0,0,0,0,0,0,0,0,0,0.0,0.0,0.0,0.0,0,0,0,0,0,0.00,0.00,0.00,0.00,0,False,331,34,2025-26,Tom Cairney,10,2.0,True
90,0,1,1,0,0,0,0,0,0,0,0,21,16.2,17.0,24.0,5.7,3,5,2,10,1,0.29,0.04,0.33,0.93,6,False,332,34,2025-26,Saša Lukić,10,2.0,True
0,0,0,0,0,0,0,0,0,0,0,0,0,0.0,0.0,0.0,0.0,0,0,0,0,0,0.00,0.00,0.00,0.00,0,False,333,34,2025-26,Martial Godo,10,2.0,True
0,0,0,0,0,0,0,0,0,0,0,0,0,0.0,0.0,0.0,0.0,0,0,0,0,0,0.00,0.00,0.00,0.00,0,False,334,34,2025-26,Luke Harris,10,2.0,True
14,0,0,0,0,0,0,0,0,0,0,0,6,5.2,10.6,6.0,2.2,0,1,1,2,0,0.00,0.04,0.04,0.31,1,False,335,34,2025-26,Josh King,10,2.0,True
0,0,0,0,0,0,0,0,0,0,0,0,0,0.0,0.0,0.0,0.0,0,0,0,0,0,0.00,0.00,0.00,0.00,0,False,336,34,2025-26,Harrison Reed,10,2.0,True
65,0,0,1,0,0,0,0,0,0,0,0,9,7.4,24.8,17.0,4.9,1,1,0,2,1,0.14,0.02,0.16,0.55,2,False,337,34,2025-26,Raúl Jiménez Rodríguez,10,2.0,True
24,0,0,0,0,0,0,0,0,0,0,0,4,6.0,0.5,9.0,1.6,1,1,2,4,0,0.11,0.01,0.12,0.38,1,False,338,34,2025-26,Rodrigo Muniz Carvalho,10,2.0,True
0,0,0,0,0,0,0,0,0,0,0,0,0,0.0,0.0,0.0,0.0,0,0,0,0,0,0.00,0.00,0.00,0.00,0,False,339,34,2025-26,Illan Meslier,11,,
0,0,0,0,0,0,0,0,0,0,0,0,0,0.0,0.0,0.0,0.0,0,0,0,0,0,0.00,0.00,0.00,0.00,0,False,340,34,2025-26,Alex Cairns,11,,
0,0,0,0,0,0,0,0,0,0,0,0,0,0.0,0.0,0.0,0.0,0,0,0,0,0,0.00,0.00,0.00,0.00,0,False,341,34,2025-26,Karl Darlow,11,,
0,0,0,0,0,0,0,0,0,0,0,0,0,0.0,0.0,0.0,0.0,0,0,0,0,0,0.00,0.00,0.00,0.00,0,False,342,34,2025-26,Jayden Bogle,11,,
0,0,0,0,0,0,0,0,0,0,0,0,0,0.0,0.0,0.0,0.0,0,0,0,0,0,0.00,0.00,0.00,0.00,0,False,343,34,2025-26,Pascal Struijk,11,,
0,0,0,0,0,0,0,0,0,0,0,0,0,0.0,0.0,0.0,0.0,0,0,0,0,0,0.00,0.00,0.00,0.00,0,False,344,34,2025-26,Jaka Bijol,11,,
0,0,0,0,0,0,0,0,0,0,0,0,0,0.0,0.0,0.0,0.0,0,0,0,0,0,0.00,0.00,0.00,0.00,0,False,345,34,2025-26,Sebastiaan Bornauw,11,,
0,0,0,0,0,0,0,0,0,0,0,0,0,0.0,0.0,0.0,0.0,0,0,0,0,0,0.00,0.00,0.00,0.00,0,False,346,34,2025-26,Sam Byram,11,,
0,0,0,0,0,0,0,0,0,0,0,0,0,0.0,0.0,0.0,0.0,0,0,0,0,0,0.00,0.00,0.00,0.00,0,False,347,34,2025-26,Gabriel Gudmundsson,11,,
0,0,0,0,0,0,0,0,0,0,0,0,0,0.0,0.0,0.0,0.0,0,0,0,0,0,0.00,0.00,0.00,0.00,0,False,348,34,2025-26,Joe Rodon,11,,
0,0,0,0,0,0,0,0,0,0,0,0,0,0.0,0.0,0.0,0.0,0,0,0,0,0,0.00,0.00,0.00,0.00,0,False,349,34,2025-26,Isaac Schmidt,11,,
0,0,0,0,0,0,0,0,0,0,0,0,0,0.0,0.0,0.0,0.0,0,0,0,0,0,0.00,0.00,0.00,0.00,0,False,350,34,2025-26,Brenden Aaronson,11,,
0,0,0,0,0,0,0,0,0,0,0,0,0,0.0,0.0,0.0,0.0,0,0,0,0,0,0.00,0.00,0.00,0.00,0,False,351,34,2025-26,Wilfried Gnonto,11,,
0,0,0,0,0,0,0,0,0,0,0,0,0,0.0,0.0,0.0,0.0,0,0,0,0,0,0.00,0.00,0.00,0.00,0,False,352,34,2025-26,Jack Harrison,11,,
0,0,0,0,0,0,0,0,0,0,0,0,0,0.0,0.0,0.0,0.0,0,0,0,0,0,0.00,0.00,0.00,0.00,0,False,353,34,2025-26,Daniel James,11,,
0,0,0,0,0,0,0,0,0,0,0,0,0,0.0,0.0,0.0,0.0,0,0,0,0,0,0.00,0.00,0.00,0.00,0,False,354,34,2025-26,Ethan Ampadu,11,,
0,0,0,0,0,0,0,0,0,0,0,0,0,0.0,0.0,0.0,0.0,0,0,0,0,0,0.00,0.00,0.00,0.00,0,False,355,34,2025-26,Sam Greenwood,11,,
0,0,0,0,0,0,0,0,0,0,0,0,0,0.0,0.0,0.0,0.0,0,0,0,0,0,0.00,0.00,0.00,0.00,0,False,356,34,2025-26,Ilia Gruev,11,,
0,0,0,0,0,0,0,0,0,0,0,0,0,0.0,0.0,0.0,0.0,0,0,0,0,0,0.00,0.00,0.00,0.00,0,False,357,34,2025-26,Largie Ramazani,11,,
0,0,0,0,0,0,0,0,0,0,0,0,0,0.0,0.0,0.0,0.0,0,0,0,0,0,0.00,0.00,0.00,0.00,0,False,358,34,2025-26,Tanaka Ao,11,,
0,0,0,0,0,0,0,0,0,0,0,0,0,0.0,0.0,0.0,0.0,0,0,0,0,0,0.00,0.00,0.00,0.00,0,False,359,34,2025-26,Charlie Crew,11,,
0,0,0,0,0,0,0,0,0,0,0,0,0,0.0,0.0,0.0,0.0,0,0,0,0,0,0.00,0.00,0.00,0.00,0,False,360,34,2025-26,Joe Gelhardt,11,,
0,0,0,0,0,0,0,0,0,0,0,0,0,0.0,0.0,0.0,0.0,0,0,0,0,0,0.00,0.00,0.00,0.00,0,False,361,34,2025-26,Darko Gyabi,11,,
0,0,0,0,0,0,0,0,0,0,0,0,0,0.0,0.0,0.0,0.0,0,0,0,0,0,0.00,0.00,0.00,0.00,0,False,362,34,2025-26,Joël Piroe,11,,
0,0,0,0,0,0,0,0,0,0,0,0,0,0.0,0.0,0.0,0.0,0,0,0,0,0,0.00,0.00,0.00,0.00,0,False,363,34,2025-26,Patrick Bamford,11,,
0,0,0,0,0,0,0,0,0,0,0,0,0,0.0,0.0,0.0,0.0,0,0,0,0,0,0.00,0.00,0.00,0.00,0,False,364,34,2025-26,Mateo Joseph Fernández-Regatillo,11,,
0,0,0,0,0,0,0,0,0,0,0,0,0,0.0,0.0,0.0,0.0,0,0,0,0,0,0.00,0.00,0.00,0.00,0,False,365,34,2025-26,Lukas Nmecha,11,,
0,0,0,0,0,0,0,0,0,0,0,0,0,0.0,0.0,0.0,0.0,0,0,0,0,0,0.00,0.00,0.00,0.00,0,False,366,34,2025-26,Alisson Becker,12,8.0,True
0,0,0,0,0,0,0,0,0,0,0,0,0,0.0,0.0,0.0,0.0,0,0,0,0,0,0.00,0.00,0.00,0.00,0,False,367,34,2025-26,Giorgi Mamardashvili,12,8.0,True
0,0,0,0,0,0,0,0,0,0,0,0,0,0.0,0.0,0.0,0.0,0,0,0,0,0,0.00,0.00,0.00,0.00,0,False,368,34,2025-26,Ármin Pécsi,12,8.0,True
90,0,0,0,1,0,0,0,0,0,5,0,20,44.4,0.0,0.0,4.4,1,10,0,0,1,0.00,0.00,0.00,2.26,3,False,369,34,2025-26,Freddie Woodman,12,8.0,True
31,0,0,0,1,0,0,0,0,0,0,0,3,2.2,0.3,4.0,0.7,0,3,1,1,0,0.03,0.00,0.03,0.90,1,False,370,34,2025-26,Jeremie Frimpong,12,8.0,True
3,0,0,0,0,0,0,0,0,0,0,0,4,4.2,0.3,0.0,0.5,3,0,0,3,0,0.00,0.00,0.00,0.00,1,False,371,34,2025-26,Milos Kerkez,12,8.0,True
86,1,0,0,1,0,0,0,0,0,0,0,26,43.0,16.7,17.0,7.7,2,1,0,2,1,0.37,0.09,0.46,2.26,8,False,372,34,2025-26,Andrew Robertson,12,8.0,True
90,0,0,0,1,0,0,0,0,0,0,0,13,19.2,0.8,0.0,2.0,10,2,0,10,1,0.00,0.01,0.01,2.26,4,False,373,34,2025-26,Virgil van Dijk,12,8.0,True
90,0,0,0,1,0,0,0,0,0,0,0,25,28.0,0.8,0.0,2.9,10,3,0,10,1,0.00,0.00,0.00,2.26,4,False,374,34,2025-26,Ibrahima Konaté,12,8.0,True
0,0,0,0,0,0,0,0,0,0,0,0,0,0.0,0.0,0.0,0.0,0,0,0,0,0,0.00,0.00,0.00,0.00,0,False,375,34,2025-26,Conor Bradley,12,8.0,True
3,0,0,0,0,0,0,0,0,0,0,0,6,4.0,0.0,0.0,0.4,2,0,1,3,0,0.00,0.00,0.00,0.00,1,False,376,34,2025-26,Joe Gomez,12,8.0,True
0,0,0,0,0,0,0,0,0,0,0,0,0,0.0,0.0,0.0,0.0,0,0,0,0,0,0.00,0.00,0.00,0.00,0,False,377,34,2025-26,Konstantinos Tsimikas,12,8.0,True
0,0,0,0,0,0,0,0,0,0,0,0,0,0.0,0.0,0.0,0.0,0,0,0,0,0,0.00,0.00,0.00,0.00,0,False,378,34,2025-26,Amara Nallo,12,8.0,True
0,0,0,0,0,0,0,0,0,0,0,0,0,0.0,0.0,0.0,0.0,0,0,0,0,0,0.00,0.00,0.00,0.00,0,False,379,34,2025-26,Rhys Williams,12,8.0,True
0,0,0,0,0,0,0,0,0,0,0,0,0,0.0,0.0,0.0,0.0,0,0,0,0,0,0.00,0.00,0.00,0.00,0,False,380,34,2025-26,Calvin Ramsay,12,8.0,True
58,0,0,0,0,0,0,0,0,0,0,0,1,1.8,17.3,10.0,2.9,0,3,0,3,1,0.09,0.03,0.12,1.36,1,False,381,34,2025-26,Mohamed Salah,12,8.0,True
90,1,0,0,1,0,0,0,0,0,0,1,28,39.4,7.3,36.0,8.3,2,3,0,5,1,0.08,0.17,0.25,2.26,8,False,382,34,2025-26,Florian Wirtz,12,8.0,True
0,0,0,0,0,0,0,0,0,0,0,0,0,0.0,0.0,0.0,0.0,0,0,0,0,0,0.00,0.00,0.00,0.00,0,False,383,34,2025-26,Luis Díaz Marulanda,12,8.0,True
90,0,0,0,1,0,0,0,0,0,0,0,4,0.0,2.8,12.0,1.5,0,1,0,1,1,0.00,0.02,0.02,2.26,2,False,384,34,2025-26,Cody Gakpo,12,8.0,True
0,0,0,0,0,0,0,0,0,0,0,0,0,0.0,0.0,0.0,0.0,0,0,0,0,0,0.00,0.00,0.00,0.00,0,False,385,34,2025-26,Federico Chiesa,12,8.0,True
90,0,2,0,1,0,0,0,0,0,0,3,41,42.0,26.3,9.0,7.7,4,6,2,12,1,0.03,0.04,0.07,2.26,13,True,386,34,2025-26,Alexis Mac Allister,12,8.0,True
90,0,0,0,1,0,0,0,1,0,0,0,13,5.2,15.5,11.0,3.2,2,3,2,7,1,0.10,0.15,0.25,2.26,1,False,387,34,2025-26,Dominik Szoboszlai,12,8.0,True
86,0,1,0,1,0,0,0,0,0,0,0,24,24.4,11.8,2.0,3.8,3,7,3,13,1,0.00,0.01,0.01,2.26,7,False,388,34,2025-26,Curtis Jones,12,8.0,True
0,0,0,0,0,0,0,0,0,0,0,0,0,0.0,0.0,0.0,0.0,0,0,0,0,0,0.00,0.00,0.00,0.00,0,False,389,34,2025-26,Harvey Elliott,2,10.0,False
11,0,0,0,0,0,0,0,0,0,0,0,1,0.0,0.1,0.0,0.0,0,1,0,1,0,0.00,0.00,0.00,0.30,1,False,390,34,2025-26,Ryan Gravenberch,12,8.0,True
0,0,0,0,0,0,0,0,0,0,0,0,0,0.0,0.0,0.0,0.0,0,0,0,0,0,0.00,0.00,0.00,0.00,0,False,391,34,2025-26,Ben Gannon-Doak,4,,
0,0,0,0,0,0,0,0,0,0,0,0,0,0.0,0.0,0.0,0.0,0,0,0,0,0,0.00,0.00,0.00,0.00,0,False,392,34,2025-26,Endo Wataru,12,8.0,True
0,0,0,0,0,0,0,0,0,0,0,0,0,0.0,0.0,0.0,0.0,0,0,0,0,0,0.00,0.00,0.00,0.00,0,False,393,34,2025-26,Stefan Bajčetić Maquieira,12,8.0,True
0,0,0,0,0,0,0,0,0,0,0,0,0,0.0,0.0,0.0,0.0,0,0,0,0,0,0.00,0.00,0.00,0.00,0,False,394,34,2025-26,James McConnell,12,8.0,True
0,0,0,0,0,0,0,0,0,0,0,0,0,0.0,0.0,0.0,0.0,0,0,0,0,0,0.00,0.00,0.00,0.00,0,False,395,34,2025-26,Tyler Morton,12,8.0,True
0,0,0,0,0,0,0,0,0,0,0,0,0,0.0,0.0,0.0,0.0,0,0,0,0,0,0.00,0.00,0.00,0.00,0,False,396,34,2025-26,Trey Nyoni,12,8.0,True
0,0,0,0,0,0,0,0,0,0,0,0,0,0.0,0.0,0.0,0.0,0,0,0,0,0,0.00,0.00,0.00,0.00,0,False,397,34,2025-26,Darwin Núñez Ribeiro,12,8.0,True
0,0,0,0,0,0,0,0,0,0,0,0,0,0.0,0.0,0.0,0.0,0,0,0,0,0,0.00,0.00,0.00,0.00,0,False,398,34,2025-26,Jayden Danns,12,8.0,True
0,0,0,0,0,0,0,0,0,0,0,0,0,0.0,0.0,0.0,0.0,0,0,0,0,0,0.00,0.00,0.00,0.00,0,False,399,34,2025-26,Ederson Santana de Moraes,13,,
0,0,0,0,0,0,0,0,0,0,0,0,0,0.0,0.0,0.0,0.0,0,0,0,0,0,0.00,0.00,0.00,0.00,0,False,400,34,2025-26,Stefan Ortega Moreno,16,17.0,False
0,0,0,0,0,0,0,0,0,0,0,0,0,0.0,0.0,0.0,0.0,0,0,0,0,0,0.00,0.00,0.00,0.00,0,False,401,34,2025-26,Marcus Bettinelli,13,,
0,0,0,0,0,0,0,0,0,0,0,0,0,0.0,0.0,0.0,0.0,0,0,0,0,0,0.00,0.00,0.00,0.00,0,False,402,34,2025-26,Rayan Aït-Nouri,13,,
0,0,0,0,0,0,0,0,0,0,0,0,0,0.0,0.0,0.0,0.0,0,0,0,0,0,0.00,0.00,0.00,0.00,0,False,403,34,2025-26,Joško Gvardiol,13,,
0,0,0,0,0,0,0,0,0,0,0,0,0,0.0,0.0,0.0,0.0,0,0,0,0,0,0.00,0.00,0.00,0.00,0,False,404,34,2025-26,Manuel Akanji,13,,
0,0,0,0,0,0,0,0,0,0,0,0,0,0.0,0.0,0.0,0.0,0,0,0,0,0,0.00,0.00,0.00,0.00,0,False,405,34,2025-26,Nathan Aké,13,,
0,0,0,0,0,0,0,0,0,0,0,0,0,0.0,0.0,0.0,0.0,0,0,0,0,0,0.00,0.00,0.00,0.00,0,False,406,34,2025-26,Abdukodir Khusanov,13,,
0,0,0,0,0,0,0,0,0,0,0,0,0,0.0,0.0,0.0,0.0,0,0,0,0,0,0.00,0.00,0.00,0.00,0,False,407,34,2025-26,Matheus Nunes,13,,
0,0,0,0,0,0,0,0,0,0,0,0,0,0.0,0.0,0.0,0.0,0,0,0,0,0,0.00,0.00,0.00,0.00,0,False,408,34,2025-26,Rúben dos Santos Gato Alves Dias,13,,
0,0,0,0,0,0,0,0,0,0,0,0,0,0.0,0.0,0.0,0.0,0,0,0,0,0,0.00,0.00,0.00,0.00,0,False,409,34,2025-26,John Stones,13,,
0,0,0,0,0,0,0,0,0,0,0,0,0,0.0,0.0,0.0,0.0,0,0,0,0,0,0.00,0.00,0.00,0.00,0,False,410,34,2025-26,Rico Lewis,13,,
0,0,0,0,0,0,0,0,0,0,0,0,0,0.0,0.0,0.0,0.0,0,0,0,0,0,0.00,0.00,0.00,0.00,0,False,411,34,2025-26,Nico O'Reilly,13,,
0,0,0,0,0,0,0,0,0,0,0,0,0,0.0,0.0,0.0,0.0,0,0,0,0,0,0.00,0.00,0.00,0.00,0,False,412,34,2025-26,Vitor de Oliveira Nunes dos Reis,13,,
0,0,0,0,0,0,0,0,0,0,0,0,0,0.0,0.0,0.0,0.0,0,0,0,0,0,0.00,0.00,0.00,0.00,0,False,413,34,2025-26,Omar Marmoush,13,,
0,0,0,0,0,0,0,0,0,0,0,0,0,0.0,0.0,0.0,0.0,0,0,0,0,0,0.00,0.00,0.00,0.00,0,False,414,34,2025-26,Phil Foden,13,,
0,0,0,0,0,0,0,0,0,0,0,0,0,0.0,0.0,0.0,0.0,0,0,0,0,0,0.00,0.00,0.00,0.00,0,False,415,34,2025-26,Sávio Moreira de Oliveira,13,,
0,0,0,0,0,0,0,0,0,0,0,0,0,0.0,0.0,0.0,0.0,0,0,0,0,0,0.00,0.00,0.00,0.00,0,False,416,34,2025-26,Bernardo Mota Veiga de Carvalho e Silva,13,,
0,0,0,0,0,0,0,0,0,0,0,0,0,0.0,0.0,0.0,0.0,0,0,0,0,0,0.00,0.00,0.00,0.00,0,False,417,34,2025-26,Rayan Cherki,13,,
0,0,0,0,0,0,0,0,0,0,0,0,0,0.0,0.0,0.0,0.0,0,0,0,0,0,0.00,0.00,0.00,0.00,0,False,418,34,2025-26,Jérémy Doku,13,,
0,0,0,0,0,0,0,0,0,0,0,0,0,0.0,0.0,0.0,0.0,0,0,0,0,0,0.00,0.00,0.00,0.00,0,False,419,34,2025-26,Jack Grealish,9,19.0,False
0,0,0,0,0,0,0,0,0,0,0,0,0,0.0,0.0,0.0,0.0,0,0,0,0,0,0.00,0.00,0.00,0.00,0,False,420,34,2025-26,İlkay Gündoğan,13,,
0,0,0,0,0,0,0,0,0,0,0,0,0,0.0,0.0,0.0,0.0,0,0,0,0,0,0.00,0.00,0.00,0.00,0,False,421,34,2025-26,Rodrigo 'Rodri' Hernandez Cascante,13,,
0,0,0,0,0,0,0,0,0,0,0,0,0,0.0,0.0,0.0,0.0,0,0,0,0,0,0.00,0.00,0.00,0.00,0,False,422,34,2025-26,Mateo Kovačić,13,,
0,0,0,0,0,0,0,0,0,0,0,0,0,0.0,0.0,0.0,0.0,0,0,0,0,0,0.00,0.00,0.00,0.00,0,False,423,34,2025-26,Nico González Iglesias,13,,
14,0,0,0,0,0,0,0,0,0,0,0,6,4.2,0.8,21.0,2.6,0,1,0,1,0,0.05,0.02,0.07,0.31,1,False,424,34,2025-26,Oscar Bobb,10,2.0,True
0,0,0,0,0,0,0,0,0,0,0,0,0,0.0,0.0,0.0,0.0,0,0,0,0,0,0.00,0.00,0.00,0.00,0,False,425,34,2025-26,Claudio Echeverri,13,,
0,0,0,0,0,0,0,0,0,0,0,0,0,0.0,0.0,0.0,0.0,0,0,0,0,0,0.00,0.00,0.00,0.00,0,False,426,34,2025-26,James McAtee,16,17.0,False
0,0,0,0,0,0,0,0,0,0,0,0,0,0.0,0.0,0.0,0.0,0,0,0,0,0,0.00,0.00,0.00,0.00,0,False,427,34,2025-26,Tijjani Reijnders,13,,
0,0,0,0,0,0,0,0,0,0,0,0,0,0.0,0.0,0.0,0.0,0,0,0,0,0,0.00,0.00,0.00,0.00,0,False,428,34,2025-26,Sverre Nypan,13,,
0,0,0,0,0,0,0,0,0,0,0,0,0,0.0,0.0,0.0,0.0,0,0,0,0,0,0.00,0.00,0.00,0.00,0,False,429,34,2025-26,Kalvin Phillips,13,,
0,0,0,0,0,0,0,0,0,0,0,0,0,0.0,0.0,0.0,0.0,0,0,0,0,0,0.00,0.00,0.00,0.00,0,False,430,34,2025-26,Erling Haaland,13,,
0,0,0,0,0,0,0,0,0,0,0,0,0,0.0,0.0,0.0,0.0,0,0,0,0,0,0.00,0.00,0.00,0.00,0,False,431,34,2025-26,Altay Bayındır,14,5.0,True
0,0,0,0,0,0,0,0,0,0,0,0,0,0.0,0.0,0.0,0.0,0,0,0,0,0,0.00,0.00,0.00,0.00,0,False,432,34,2025-26,André Onana,14,5.0,True
0,0,0,0,0,0,0,0,0,0,0,0,0,0.0,0.0,0.0,0.0,0,0,0,0,0,0.00,0.00,0.00,0.00,0,False,433,34,2025-26,Elyh Harrison,14,5.0,True
0,0,0,0,0,0,0,0,0,0,0,0,0,0.0,0.0,0.0,0.0,0,0,0,0,0,0.00,0.00,0.00,0.00,0,False,434,34,2025-26,Tom Heaton,14,5.0,True
0,0,0,0,0,0,0,0,0,0,0,0,0,0.0,0.0,0.0,0.0,0,0,0,0,0,0.00,0.00,0.00,0.00,0,False,435,34,2025-26,Dermot Mee,14,5.0,True
0,0,0,0,0,0,0,0,0,0,0,0,0,0.0,0.0,0.0,0.0,0,0,0,0,0,0.00,0.00,0.00,0.00,0,False,436,34,2025-26,Matthijs de Ligt,14,5.0,True
0,0,0,0,0,0,0,0,0,0,0,0,0,0.0,0.0,0.0,0.0,0,0,0,0,0,0.00,0.00,0.00,0.00,0,False,437,34,2025-26,Lisandro Martínez,14,5.0,True
45,0,0,0,1,0,0,0,0,0,0,0,6,16.8,1.1,0.0,1.8,8,4,1,9,0,0.00,0.01,0.01,0.72,1,False,438,34,2025-26,Noussair Mazraoui,14,5.0,True
0,0,0,0,0,0,0,0,0,0,0,0,0,0.0,0.0,0.0,0.0,0,0,0,0,0,0.00,0.00,0.00,0.00,0,False,439,34,2025-26,Diego León Blanco,14,5.0,True
90,0,0,0,1,0,0,0,0,0,0,0,9,18.8,2.3,0.0,2.1,8,3,3,11,1,0.00,0.01,0.01,1.43,4,False,440,34,2025-26,Diogo Dalot Teixeira,14,5.0,True
0,0,0,0,0,0,0,0,0,0,0,0,0,0.0,0.0,0.0,0.0,0,0,0,0,0,0.00,0.00,0.00,0.00,0,False,441,34,2025-26,Patrick Dorgu,14,5.0,True
90,0,1,0,1,0,0,0,0,0,0,0,32,48.6,10.6,52.0,11.1,10,3,2,12,1,0.11,0.20,0.31,1.43,7,False,442,34,2025-26,Harry Maguire,14,5.0,True
72,0,0,1,0,0,0,0,1,0,0,0,19,9.8,0.8,5.0,1.6,4,2,5,9,1,0.06,0.00,0.06,1.34,5,False,443,34,2025-26,Luke Shaw,14,5.0,True
17,0,0,0,1,0,0,0,0,0,0,0,-1,1.4,0.0,0.0,0.1,1,0,0,1,0,0.00,0.00,0.00,0.09,1,False,444,34,2025-26,Leny Yoro,14,5.0,True
0,0,0,0,0,0,0,0,0,0,0,0,0,0.0,0.0,0.0,0.0,0,0,0,0,0,0.00,0.00,0.00,0.00,0,False,445,34,2025-26,Harry Amass,14,5.0,True
0,0,0,0,0,0,0,0,0,0,0,0,0,0.0,0.0,0.0,0.0,0,0,0,0,0,0.00,0.00,0.00,0.00,0,False,446,34,2025-26,Tyler Fredricson,14,5.0,True
90,0,0,0,1,0,0,0,0,0,0,0,12,11.8,0.9,0.0,1.3,3,2,1,4,1,0.00,0.01,0.01,1.43,2,False,447,34,2025-26,Ayden Heaven,14,5.0,True
0,0,0,0,0,0,0,0,0,0,0,0,0,0.0,0.0,0.0,0.0,0,0,0,0,0,0.00,0.00,0.00,0.00,0,False,448,34,2025-26,Tyrell Malacia,14,5.0,True
90,0,1,0,1,0,0,0,0,0,0,0,29,32.8,67.5,4.0,10.4,1,7,1,9,1,0.00,0.61,0.61,1.43,5,False,449,34,2025-26,Bruno Borges Fernandes,14,5.0,True
0,0,0,0,0,0,0,0,0,0,0,0,0,0.0,0.0,0.0,0.0,0,0,0,0,0,0.00,0.00,0.00,0.00,0,False,450,34,2025-26,Matheus Santos Carneiro da Cunha,14,5.0,True
0,0,0,0,0,0,0,0,0,0,0,0,0,0.0,0.0,0.0,0.0,0,0,0,0,0,0.00,0.00,0.00,0.00,0,False,451,34,2025-26,Marcus Rashford,14,5.0,True
45,0,0,0,0,0,0,0,0,0,0,0,3,8.6,1.0,24.0,3.4,3,3,0,6,1,0.50,0.03,0.53,0.72,1,False,452,34,2025-26,Amad Diallo,14,5.0,True
0,0,0,0,0,0,0,0,0,0,0,0,0,0.0,0.0,0.0,0.0,0,0,0,0,0,0.00,0.00,0.00,0.00,0,False,453,34,2025-26,Alejandro Garnacho Ferreyra,7,,
0,0,0,0,0,0,0,0,0,0,0,0,0,0.0,0.0,0.0,0.0,0,0,0,0,0,0.00,0.00,0.00,0.00,0,False,454,34,2025-26,Antony dos Santos,14,5.0,True
16,0,0,0,1,0,0,0,0,0,0,0,3,3.4,1.3,0.0,0.5,2,1,1,4,0,0.00,0.03,0.03,0.09,1,False,455,34,2025-26,Mason Mount,14,5.0,True
16,0,0,0,0,0,0,0,0,0,0,0,3,0.2,3.9,2.0,0.6,0,0,0,0,0,0.00,0.02,0.02,0.17,1,False,456,34,2025-26,Jadon Sancho,2,10.0,False
90,1,0,0,1,0,0,0,0,0,0,3,44,77.0,3.5,37.0,11.8,12,2,11,25,1,0.18,0.01,0.19,1.43,12,True,457,34,2025-26,Carlos Henrique Casimiro,14,5.0,True
90,0,0,0,1,0,0,0,0,0,0,0,25,25.2,12.3,6.0,4.4,5,5,4,14,1,0.00,0.33,0.33,1.43,4,False,458,34,2025-26,Kobbie Mainoo,14,5.0,True
0,0,0,0,0,0,0,0,0,0,0,0,0,0.0,0.0,0.0,0.0,0,0,0,0,0,0.00,0.00,0.00,0.00,0,False,459,34,2025-26,Manuel Ugarte Ribeiro,14,5.0,True
0,0,0,0,0,0,0,0,0,0,0,0,0,0.0,0.0,0.0,0.0,0,0,0,0,0,0.00,0.00,0.00,0.00,0,False,460,34,2025-26,Toby Collyer,14,5.0,True
0,0,0,0,0,0,0,0,0,0,0,0,0,0.0,0.0,0.0,0.0,0,0,0,0,0,0.00,0.00,0.00,0.00,0,False,461,34,2025-26,Jayce Fitzgerald,14,5.0,True
0,0,0,0,0,0,0,0,0,0,0,0,0,0.0,0.0,0.0,0.0,0,0,0,0,0,0.00,0.00,0.00,0.00,0,False,462,34,2025-26,Jack Fletcher,14,5.0,True
0,0,0,0,0,0,0,0,0,0,0,0,0,0.0,0.0,0.0,0.0,0,0,0,0,0,0.00,0.00,0.00,0.00,0,False,463,34,2025-26,Sékou Koné,14,5.0,True
0,0,0,0,0,0,0,0,0,0,0,0,0,0.0,0.0,0.0,0.0,0,0,0,0,0,0.00,0.00,0.00,0.00,0,False,464,34,2025-26,Jack Moorhouse,14,5.0,True
0,0,0,0,0,0,0,0,0,0,0,0,0,0.0,0.0,0.0,0.0,0,0,0,0,0,0.00,0.00,0.00,0.00,0,False,465,34,2025-26,Rasmus Højlund,14,5.0,True
2,0,0,0,0,0,0,0,1,0,0,0,2,1.0,0.3,0.0,0.1,0,0,1,1,0,0.00,0.00,0.00,0.06,0,False,466,34,2025-26,Joshua Zirkzee,14,5.0,True
0,0,0,0,0,0,0,0,0,0,0,0,0,0.0,0.0,0.0,0.0,0,0,0,0,0,0.00,0.00,0.00,0.00,0,False,467,34,2025-26,Chido Obi,14,5.0,True
0,0,0,0,0,0,0,0,0,0,0,0,0,0.0,0.0,0.0,0.0,0,0,0,0,0,0.00,0.00,0.00,0.00,0,False,468,34,2025-26,Ethan Wheatley,14,5.0,True
90,0,0,0,1,0,0,0,1,0,3,0,8,17.6,0.0,0.0,1.8,1,9,0,0,1,0.00,0.00,0.00,0.49,2,False,469,34,2025-26,Nick Pope,15,1.0,False
0,0,0,0,0,0,0,0,0,0,0,0,0,0.0,0.0,0.0,0.0,0,0,0,0,0,0.00,0.00,0.00,0.00,0,False,470,34,2025-26,Martin Dúbravka,3,,
0,0,0,0,0,0,0,0,0,0,0,0,0,0.0,0.0,0.0,0.0,0,0,0,0,0,0.00,0.00,0.00,0.00,0,False,471,34,2025-26,Mark Gillespie,15,1.0,False
0,0,0,0,0,0,0,0,0,0,0,0,0,0.0,0.0,0.0,0.0,0,0,0,0,0,0.00,0.00,0.00,0.00,0,False,472,34,2025-26,Odysseas Vlachodimos,15,1.0,False
0,0,0,0,0,0,0,0,0,0,0,0,0,0.0,0.0,0.0,0.0,0,0,0,0,0,0.00,0.00,0.00,0.00,0,False,473,34,2025-26,Lewis Hall,15,1.0,False
0,0,0,0,0,0,0,0,0,0,0,0,0,0.0,0.0,0.0,0.0,0,0,0,0,0,0.00,0.00,0.00,0.00,0,False,474,34,2025-26,Fabian Schär,15,1.0,False
90,0,0,0,1,0,0,0,0,0,0,0,15,31.0,1.3,9.0,4.1,11,4,2,13,1,0.13,0.05,0.18,0.49,4,False,475,34,2025-26,Sven Botman,15,1.0,False
90,0,0,0,1,0,0,0,1,0,0,0,10,28.4,4.4,27.0,6.0,10,4,2,12,1,0.11,0.01,0.12,0.49,3,False,476,34,2025-26,Dan Burn,15,1.0,False
0,0,0,0,0,0,0,0,0,0,0,0,0,0.0,0.0,0.0,0.0,0,0,0,0,0,0.00,0.00,0.00,0.00,0,False,477,34,2025-26,Tino Livramento,15,1.0,False
0,0,0,0,0,0,0,0,0,0,0,0,0,0.0,0.0,0.0,0.0,0,0,0,0,0,0.00,0.00,0.00,0.00,0,False,478,34,2025-26,Kieran Trippier,15,1.0,False
0,0,0,0,0,0,0,0,0,0,0,0,0,0.0,0.0,0.0,0.0,0,0,0,0,0,0.00,0.00,0.00,0.00,0,False,479,34,2025-26,Emil Krafth,15,1.0,False
0,0,0,0,0,0,0,0,0,0,0,0,0,0.0,0.0,0.0,0.0,0,0,0,0,0,0.00,0.00,0.00,0.00,0,False,480,34,2025-26,Jamaal Lascelles,15,1.0,False
0,0,0,0,0,0,0,0,0,0,0,0,0,0.0,0.0,0.0,0.0,0,0,0,0,0,0.00,0.00,0.00,0.00,0,False,481,34,2025-26,Alex Murphy,15,1.0,False
0,0,0,0,0,0,0,0,0,0,0,0,0,0.0,0.0,0.0,0.0,0,0,0,0,0,0.00,0.00,0.00,0.00,0,False,482,34,2025-26,Harrison Ashby,15,1.0,False
0,0,0,0,0,0,0,0,0,0,0,0,0,0.0,0.0,0.0,0.0,0,0,0,0,0,0.00,0.00,0.00,0.00,0,False,483,34,2025-26,Miodrag Pivaš,15,1.0,False
0,0,0,0,0,0,0,0,0,0,0,0,0,0.0,0.0,0.0,0.0,0,0,0,0,0,0.00,0.00,0.00,0.00,0,False,484,34,2025-26,Matt Targett,15,1.0,False
0,0,0,0,0,0,0,0,0,0,0,0,0,0.0,0.0,0.0,0.0,0,0,0,0,0,0.00,0.00,0.00,0.00,0,False,485,34,2025-26,Anthony Gordon,15,1.0,False
4,0,0,0,0,0,0,0,0,0,0,0,3,0.2,0.6,0.0,0.1,0,1,0,1,0,0.00,0.00,0.00,0.03,1,False,486,34,2025-26,Anthony Elanga,15,1.0,False
24,0,0,0,0,0,0,0,0,0,0,0,5,6.8,15.9,2.0,2.5,1,2,0,3,0,0.00,0.07,0.07,0.29,1,False,487,34,2025-26,Harvey Barnes,15,1.0,False
74,0,0,0,1,0,0,0,0,0,0,0,15,11.0,30.0,1.0,4.2,2,1,2,5,1,0.06,0.17,0.23,0.35,2,False,488,34,2025-26,Bruno Guimarães Rodriguez Moura,15,1.0,False
65,0,0,0,1,0,0,0,0,0,0,0,7,0.8,2.9,0.0,0.4,0,3,1,4,1,0.00,0.01,0.01,0.20,2,False,489,34,2025-26,Jacob Murphy,15,1.0,False
0,0,0,0,0,0,0,0,0,0,0,0,0,0.0,0.0,0.0,0.0,0,0,0,0,0,0.00,0.00,0.00,0.00,0,False,490,34,2025-26,Joelinton Cássio Apolinário de Lira,15,1.0,False
90,0,0,0,1,0,0,0,0,0,0,0,16,14.0,14.8,13.0,4.2,3,4,1,8,1,0.06,0.16,0.22,0.49,2,False,491,34,2025-26,Sandro Tonali,15,1.0,False
0,0,0,0,0,0,0,0,0,0,0,0,0,0.0,0.0,0.0,0.0,0,0,0,0,0,0.00,0.00,0.00,0.00,0,False,492,34,2025-26,Antoñito Cordero Campillo,15,1.0,False
0,0,0,0,0,0,0,0,0,0,0,0,0,0.0,0.0,0.0,0.0,0,0,0,0,0,0.00,0.00,0.00,0.00,0,False,493,34,2025-26,Sean Longstaff,11,,
85,0,0,0,1,0,0,0,0,0,0,0,14,7.4,12.2,18.0,3.8,1,3,0,4,1,0.05,0.02,0.07,0.46,2,False,494,34,2025-26,Joe Willock,15,1.0,False
0,0,0,0,0,0,0,0,0,0,0,0,0,0.0,0.0,0.0,0.0,0,0,0,0,0,0.00,0.00,0.00,0.00,0,False,495,34,2025-26,Isaac Hayden,15,1.0,False
0,0,0,0,0,0,0,0,0,0,0,0,0,0.0,0.0,0.0,0.0,0,0,0,0,0,0.00,0.00,0.00,0.00,0,False,496,34,2025-26,Garang Kuol,15,1.0,False
90,0,0,0,1,0,0,0,0,0,0,0,15,10.2,9.8,2.0,2.2,3,4,1,8,1,0.00,0.03,0.03,0.49,2,False,497,34,2025-26,Lewis Miley,15,1.0,False
0,0,0,0,0,0,0,0,0,0,0,0,0,0.0,0.0,0.0,0.0,0,0,0,0,0,0.00,0.00,0.00,0.00,0,False,498,34,2025-26,Joe White,15,1.0,False
78,1,0,0,1,0,0,0,0,0,0,2,33,36.6,0.8,21.0,5.8,2,1,0,3,1,0.43,0.00,0.43,1.96,8,False,499,34,2025-26,Alexander Isak,12,8.0,True
65,0,0,0,1,0,0,0,0,0,0,0,5,3.0,25.2,2.0,3.0,0,1,0,1,1,0.00,0.05,0.05,0.20,2,False,500,34,2025-26,William Osula,15,1.0,False
0,0,0,0,0,0,0,0,0,0,0,0,0,0.0,0.0,0.0,0.0,0,0,0,0,0,0.00,0.00,0.00,0.00,0,False,501,34,2025-26,Sean Neave,15,1.0,False
90,0,0,1,0,0,0,0,0,0,4,0,31,25.4,0.0,0.0,2.5,0,6,0,0,1,0.00,0.00,0.00,0.70,7,False,502,34,2025-26,Matz Sels,16,17.0,False
0,0,0,0,0,0,0,0,0,0,0,0,0,0.0,0.0,0.0,0.0,0,0,0,0,0,0.00,0.00,0.00,0.00,0,False,503,34,2025-26,Carlos Miguel dos Santos Pereira,16,17.0,False
0,0,0,0,0,0,0,0,0,0,0,0,0,0.0,0.0,0.0,0.0,0,0,0,0,0,0.00,0.00,0.00,0.00,0,False,504,34,2025-26,Matt Turner,16,17.0,False
90,0,0,1,0,0,0,0,0,0,0,0,28,31.2,0.2,0.0,3.1,17,2,3,20,1,0.00,0.00,0.00,0.70,8,False,505,34,2025-26,Nikola Milenković,16,17.0,False
0,0,0,0,0,0,0,0,0,0,0,0,0,0.0,0.0,0.0,0.0,0,0,0,0,0,0.00,0.00,0.00,0.00,0,False,506,34,2025-26,Murillo Costa dos Santos,16,17.0,False
90,0,1,1,0,0,0,0,0,0,0,0,31,17.4,0.9,1.0,1.9,5,1,4,9,1,0.05,0.01,0.06,0.70,9,True,507,34,2025-26,Ola Aina,16,17.0,False
90,0,0,1,0,0,0,0,1,0,0,0,18,6.8,15.8,6.0,2.9,6,4,0,6,1,0.03,0.05,0.08,0.70,5,False,508,34,2025-26,Neco Williams,16,17.0,False
0,0,0,0,0,0,0,0,0,0,0,0,0,0.0,0.0,0.0,0.0,0,0,0,0,0,0.00,0.00,0.00,0.00,0,False,509,34,2025-26,David Mota Veiga Teixeira do Carmo,16,17.0,False
49,0,0,0,0,0,0,0,0,0,0,0,6,6.2,0.3,0.0,0.7,3,0,0,3,1,0.00,0.00,0.00,0.34,1,False,510,34,2025-26,Jair Paula da Cunha Filho,16,17.0,False
40,0,0,0,0,0,0,0,0,0,0,0,6,12.6,0.1,0.0,1.3,6,0,1,7,0,0.00,0.00,0.00,0.36,1,False,511,34,2025-26,Felipe Rodrigues da Silva,16,17.0,False
0,0,0,0,0,0,0,0,0,0,0,0,0,0.0,0.0,0.0,0.0,0,0,0,0,0,0.00,0.00,0.00,0.00,0,False,512,34,2025-26,Omar Richards,16,17.0,False
0,0,0,0,0,0,0,0,0,0,0,0,0,0.0,0.0,0.0,0.0,0,0,0,0,0,0.00,0.00,0.00,0.00,0,False,513,34,2025-26,Zach Abbott,16,17.0,False
0,0,0,0,0,0,0,0,0,0,0,0,0,0.0,0.0,0.0,0.0,0,0,0,0,0,0.00,0.00,0.00,0.00,0,False,514,34,2025-26,Willy Boly,16,17.0,False
90,1,1,1,0,0,0,0,0,0,0,2,43,58.8,19.5,21.0,9.9,2,6,1,9,1,0.08,0.10,0.18,0.70,13,True,515,34,2025-26,Morgan Gibbs-White,16,17.0,False
0,0,0,0,0,0,0,0,0,0,0,0,0,0.0,0.0,0.0,0.0,0,0,0,0,0,0.00,0.00,0.00,0.00,0,False,516,34,2025-26,Callum Hudson-Odoi,16,17.0,False
90,1,0,1,0,0,0,0,1,0,0,0,28,50.4,12.4,21.0,8.4,7,5,1,13,1,0.23,0.01,0.24,0.70,9,False,517,34,2025-26,Elliot Anderson,16,17.0,False
0,0,0,0,0,0,0,0,0,0,0,0,0,0.0,0.0,0.0,0.0,0,0,0,0,0,0.00,0.00,0.00,0.00,0,False,518,34,2025-26,João Pedro Ferreira da Silva,16,17.0,False
45,0,0,0,0,0,0,0,1,0,0,0,2,2.6,1.5,0.0,0.4,0,5,2,7,0,0.00,0.10,0.10,0.36,0,False,519,34,2025-26,Nicolás Domínguez,16,17.0,False
0,0,0,0,0,0,0,0,0,0,0,0,0,0.0,0.0,0.0,0.0,0,0,0,0,0,0.00,0.00,0.00,0.00,0,False,520,34,2025-26,Lewis O'Brien,16,17.0,False
45,0,0,0,0,0,0,0,0,0,0,0,7,10.2,1.6,0.0,1.2,3,2,1,6,1,0.00,0.02,0.02,0.34,1,False,521,34,2025-26,Ibrahim Sangaré,16,17.0,False
23,0,0,0,0,0,0,0,1,0,0,0,3,6.8,0.5,0.0,0.7,5,0,1,6,0,0.00,0.00,0.00,0.31,0,False,522,34,2025-26,Ryan Yates,16,17.0,False
0,0,0,0,0,0,0,0,0,0,0,0,0,0.0,0.0,0.0,0.0,0,0,0,0,0,0.00,0.00,0.00,0.00,0,False,523,34,2025-26,Eric da Silva Moreira,16,17.0,False
0,0,0,0,0,0,0,0,0,0,0,0,0,0.0,0.0,0.0,0.0,0,0,0,0,0,0.00,0.00,0.00,0.00,0,False,524,34,2025-26,Marko Stamenić,16,17.0,False
87,1,0,1,0,0,0,0,0,0,0,1,35,50.4,2.0,26.0,7.8,5,0,0,5,1,0.52,0.01,0.53,0.70,7,False,525,34,2025-26,Chris Wood,16,17.0,False
66,1,2,1,0,0,0,0,1,0,0,3,48,58.0,22.3,21.0,10.1,3,5,0,8,1,0.14,0.06,0.20,0.39,14,True,526,34,2025-26,Igor Jesus Maciel da Cruz,16,17.0,False
2,0,1,0,0,0,0,0,0,0,0,0,16,17.4,10.3,2.0,3.0,0,1,0,1,0,0.00,0.01,0.01,0.00,4,False,527,34,2025-26,Taiwo Awoniyi,16,17.0,False
0,0,0,0,0,0,0,0,0,0,0,0,0,0.0,0.0,0.0,0.0,0,0,0,0,0,0.00,0.00,0.00,0.00,0,False,528,34,2025-26,Anthony Patterson,17,16.0,True
0,0,0,0,0,0,0,0,0,0,0,0,0,0.0,0.0,0.0,0.0,0,0,0,0,0,0.00,0.00,0.00,0.00,0,False,529,34,2025-26,Simon Moore,17,16.0,True
0,0,0,0,0,0,0,0,0,0,0,0,0,0.0,0.0,0.0,0.0,0,0,0,0,0,0.00,0.00,0.00,0.00,0,False,530,34,2025-26,Blondy Nna Noukeu,17,16.0,True
90,0,0,0,5,0,0,0,0,0,0,0,-8,19.2,2.3,17.0,3.9,7,1,1,8,1,0.04,0.05,0.09,1.10,0,False,531,34,2025-26,Daniel Ballard,17,16.0,True
90,0,0,0,5,1,0,0,0,0,0,0,-6,20.2,16.4,5.0,4.2,8,3,1,9,1,0.02,0.09,0.11,1.10,-2,False,532,34,2025-26,Trai Hume,17,16.0,True
0,0,0,0,0,0,0,0,0,0,0,0,0,0.0,0.0,0.0,0.0,0,0,0,0,0,0.00,0.00,0.00,0.00,0,False,533,34,2025-26,Aji Alese,17,16.0,True
0,0,0,0,0,0,0,0,0,0,0,0,0,0.0,0.0,0.0,0.0,0,0,0,0,0,0.00,0.00,0.00,0.00,0,False,534,34,2025-26,Joe Anderson,17,16.0,True
0,0,0,0,0,0,0,0,0,0,0,0,0,0.0,0.0,0.0,0.0,0,0,0,0,0,0.00,0.00,0.00,0.00,0,False,535,34,2025-26,Dennis Cirkin,17,16.0,True
0,0,0,0,0,0,0,0,0,0,0,0,0,0.0,0.0,0.0,0.0,0,0,0,0,0,0.00,0.00,0.00,0.00,0,False,536,34,2025-26,Leo Fuhr Hjelde,17,16.0,True
0,0,0,0,0,0,0,0,0,0,0,0,0,0.0,0.0,0.0,0.0,0,0,0,0,0,0.00,0.00,0.00,0.00,0,False,537,34,2025-26,Niall Huggins,17,16.0,True
0,0,0,0,0,0,0,0,0,0,0,0,0,0.0,0.0,0.0,0.0,0,0,0,0,0,0.00,0.00,0.00,0.00,0,False,538,34,2025-26,Zak Johnson,17,16.0,True
0,0,0,0,0,0,0,0,0,0,0,0,0,0.0,0.0,0.0,0.0,0,0,0,0,0,0.00,0.00,0.00,0.00,0,False,539,34,2025-26,Luke O'Nien,17,16.0,True
0,0,0,0,0,0,0,0,0,0,0,0,0,0.0,0.0,0.0,0.0,0,0,0,0,0,0.00,0.00,0.00,0.00,0,False,540,34,2025-26,Timothée Pembélé,17,16.0,True
45,0,0,0,1,0,0,0,0,0,0,0,7,5.0,2.1,0.0,0.7,3,3,0,3,0,0.00,0.09,0.09,0.16,1,False,541,34,2025-26,Reinildo Mandava,17,16.0,True
0,0,0,0,0,0,0,0,0,0,0,0,0,0.0,0.0,0.0,0.0,0,0,0,0,0,0.00,0.00,0.00,0.00,0,False,542,34,2025-26,Jenson Seelt,17,16.0,True
0,0,0,0,0,0,0,0,0,0,0,0,0,0.0,0.0,0.0,0.0,0,0,0,0,0,0.00,0.00,0.00,0.00,0,False,543,34,2025-26,Simon Adingra,17,16.0,True
64,0,0,0,4,0,0,0,1,0,0,0,6,1.4,2.5,2.0,0.6,0,5,1,6,1,0.00,0.03,0.03,0.94,1,False,544,34,2025-26,Habib Diarra,17,16.0,True
0,0,0,0,0,0,0,0,0,0,0,0,0,0.0,0.0,0.0,0.0,0,0,0,0,0,0.00,0.00,0.00,0.00,0,False,545,34,2025-26,Patrick Roberts,17,16.0,True
0,0,0,0,0,0,0,0,0,0,0,0,0,0.0,0.0,0.0,0.0,0,0,0,0,0,0.00,0.00,0.00,0.00,0,False,546,34,2025-26,Milan Aleksić,17,16.0,True
90,0,0,0,5,0,0,0,0,0,0,0,14,15.6,30.1,19.0,6.5,2,4,2,8,1,0.12,0.40,0.52,1.10,2,False,547,34,2025-26,Enzo Le Fée,17,16.0,True
0,0,0,0,0,0,0,0,0,0,0,0,0,0.0,0.0,0.0,0.0,0,0,0,0,0,0.00,0.00,0.00,0.00,0,False,548,34,2025-26,Romaine Mundle,17,16.0,True
0,0,0,0,0,0,0,0,0,0,0,0,0,0.0,0.0,0.0,0.0,0,0,0,0,0,0.00,0.00,0.00,0.00,0,False,549,34,2025-26,Dan Neil,17,16.0,True
0,0,0,0,0,0,0,0,0,0,0,0,0,0.0,0.0,0.0,0.0,0,0,0,0,0,0.00,0.00,0.00,0.00,0,False,550,34,2025-26,Ian Poveda-Ocampo,17,16.0,True
45,0,0,0,4,0,0,0,0,0,0,0,6,6.0,1.9,19.0,2.7,2,0,0,2,1,0.11,0.06,0.17,0.94,1,False,551,34,2025-26,Chris Rigg,17,16.0,True
90,0,0,0,5,0,0,0,0,0,0,0,10,0.0,14.5,5.0,2.0,0,3,0,3,1,0.10,0.26,0.36,1.10,2,False,552,34,2025-26,Noah Sadiki,17,16.0,True
0,0,0,0,0,0,0,0,0,0,0,0,0,0.0,0.0,0.0,0.0,0,0,0,0,0,0.00,0.00,0.00,0.00,0,False,553,34,2025-26,Chemsdine Talbi,17,16.0,True
0,0,0,0,0,0,0,0,0,0,0,0,0,0.0,0.0,0.0,0.0,0,0,0,0,0,0.00,0.00,0.00,0.00,0,False,554,34,2025-26,Abdoullah Ba,17,16.0,True
0,0,0,0,0,0,0,0,0,0,0,0,0,0.0,0.0,0.0,0.0,0,0,0,0,0,0.00,0.00,0.00,0.00,0,False,555,34,2025-26,Alan Browne,17,16.0,True
0,0,0,0,0,0,0,0,0,0,0,0,0,0.0,0.0,0.0,0.0,0,0,0,0,0,0.00,0.00,0.00,0.00,0,False,556,34,2025-26,Pierre Ekwah Elimby,17,16.0,True
0,0,0,0,0,0,0,0,0,0,0,0,0,0.0,0.0,0.0,0.0,0,0,0,0,0,0.00,0.00,0.00,0.00,0,False,557,34,2025-26,Harrison Jones,17,16.0,True
0,0,0,0,0,0,0,0,0,0,0,0,0,0.0,0.0,0.0,0.0,0,0,0,0,0,0.00,0.00,0.00,0.00,0,False,558,34,2025-26,Jay Matete,17,16.0,True
0,0,0,0,0,0,0,0,0,0,0,0,0,0.0,0.0,0.0,0.0,0,0,0,0,0,0.00,0.00,0.00,0.00,0,False,559,34,2025-26,Nectarios Triantis,17,16.0,True
25,0,0,0,1,0,0,0,0,0,0,0,5,4.2,1.2,13.0,1.8,0,1,0,1,0,0.04,0.01,0.05,0.16,1,False,560,34,2025-26,Wilson Isidor,17,16.0,True
0,0,0,0,0,0,0,0,0,0,0,0,0,0.0,0.0,0.0,0.0,0,0,0,0,0,0.00,0.00,0.00,0.00,0,False,561,34,2025-26,Eliezer Mayenda Dossou,17,16.0,True
0,0,0,0,0,0,0,0,0,0,0,0,0,0.0,0.0,0.0,0.0,0,0,0,0,0,0.00,0.00,0.00,0.00,0,False,562,34,2025-26,Ahmed Abdullahi,17,16.0,True
0,0,0,0,0,0,0,0,0,0,0,0,0,0.0,0.0,0.0,0.0,0,0,0,0,0,0.00,0.00,0.00,0.00,0,False,563,34,2025-26,Luís Hemir Silva Semedo,17,16.0,True
0,0,0,0,0,0,0,0,0,0,0,0,0,0.0,0.0,0.0,0.0,0,0,0,0,0,0.00,0.00,0.00,0.00,0,False,564,34,2025-26,Nazarii Rusyn,17,16.0,True
0,0,0,0,0,0,0,0,0,0,0,0,0,0.0,0.0,0.0,0.0,0,0,0,0,0,0.00,0.00,0.00,0.00,0,False,565,34,2025-26,Guglielmo Vicario,18,20.0,False
0,0,0,0,0,0,0,0,0,0,0,0,0,0.0,0.0,0.0,0.0,0,0,0,0,0,0.00,0.00,0.00,0.00,0,False,566,34,2025-26,Brandon Austin,18,20.0,False
90,0,0,1,0,0,0,0,0,0,2,0,24,17.4,0.0,0.0,1.7,1,4,0,0,1,0.00,0.00,0.00,0.70,6,False,567,34,2025-26,Antonín Kinský,18,20.0,False
90,0,0,1,0,0,0,0,1,0,0,1,28,25.8,28.6,9.0,6.3,7,6,6,13,1,0.02,0.06,0.08,0.70,8,False,568,34,2025-26,Pedro Porro Sauceda,18,20.0,False
0,0,0,0,0,0,0,0,0,0,0,0,0,0.0,0.0,0.0,0.0,0,0,0,0,0,0.00,0.00,0.00,0.00,0,False,569,34,2025-26,Cristian Romero,18,20.0,False
90,0,0,1,0,0,0,0,1,0,0,0,26,24.8,21.8,4.0,5.1,7,1,1,8,1,0.00,0.03,0.03,0.70,5,False,570,34,2025-26,Kevin Danso,18,20.0,False
0,0,0,0,0,0,0,0,0,0,0,0,0,0.0,0.0,0.0,0.0,0,0,0,0,0,0.00,0.00,0.00,0.00,0,False,571,34,2025-26,Ben Davies,18,20.0,False
1,0,0,0,0,0,0,0,0,0,0,0,4,3.4,0.0,0.0,0.3,2,1,0,2,0,0.00,0.00,0.00,0.07,1,False,572,34,2025-26,Radu Drăgușin,18,20.0,False
90,0,0,1,0,0,0,0,0,0,0,2,29,16.2,3.8,8.0,2.8,5,5,3,8,1,0.02,0.01,0.03,0.70,8,False,573,34,2025-26,Djed Spence,18,20.0,False
0,0,0,0,0,0,0,0,0,0,0,0,0,0.0,0.0,0.0,0.0,0,0,0,0,0,0.00,0.00,0.00,0.00,0,False,574,34,2025-26,Destiny Udogie,18,20.0,False
90,0,0,1,0,0,0,0,0,0,0,0,27,14.2,0.8,0.0,1.5,2,2,2,4,1,0.00,0.01,0.01,0.70,6,False,575,34,2025-26,Micky van de Ven,18,20.0,False
0,0,0,0,0,0,0,0,0,0,0,0,0,0.0,0.0,0.0,0.0,0,0,0,0,0,0.00,0.00,0.00,0.00,0,False,576,34,2025-26,Ashley Phillips,18,20.0,False
0,0,0,0,0,0,0,0,0,0,0,0,0,0.0,0.0,0.0,0.0,0,0,0,0,0,0.00,0.00,0.00,0.00,0,False,577,34,2025-26,Takai Kōta,18,20.0,False
0,0,0,0,0,0,0,0,0,0,0,0,0,0.0,0.0,0.0,0.0,0,0,0,0,0,0.00,0.00,0.00,0.00,0,False,578,34,2025-26,Luka Vušković,18,20.0,False
0,0,0,0,0,0,0,0,0,0,0,0,0,0.0,0.0,0.0,0.0,0,0,0,0,0,0.00,0.00,0.00,0.00,0,False,579,34,2025-26,Son Heung-min,18,20.0,False
58,0,0,0,2,0,0,0,0,0,0,0,5,5.0,27.9,12.0,4.5,1,4,2,7,1,0.15,0.07,0.22,1.07,1,False,580,34,2025-26,Brennan Johnson,8,12.0,False
0,0,0,0,0,0,0,0,0,0,0,0,0,0.0,0.0,0.0,0.0,0,0,0,0,0,0.00,0.00,0.00,0.00,0,False,581,34,2025-26,James Maddison,18,20.0,False
0,0,0,0,0,0,0,0,0,0,0,0,0,0.0,0.0,0.0,0.0,0,0,0,0,0,0.00,0.00,0.00,0.00,0,False,582,34,2025-26,Mohammed Kudus,18,20.0,False
0,0,0,0,0,0,0,0,0,0,0,0,0,0.0,0.0,0.0,0.0,0,0,0,0,0,0.00,0.00,0.00,0.00,0,False,583,34,2025-26,Dejan Kulusevski,18,20.0,False
45,0,0,0,0,0,0,0,0,0,0,0,1,9.0,0.9,2.0,1.2,2,4,2,8,0,0.03,0.00,0.03,0.58,1,False,584,34,2025-26,Mathys Tel,18,20.0,False
90,0,0,1,0,0,0,0,1,0,0,0,11,21.0,4.2,21.0,4.6,6,6,3,15,1,0.05,0.10,0.15,0.70,4,False,585,34,2025-26,Rodrigo Bentancur,18,20.0,False
27,0,0,0,0,0,0,0,0,0,0,0,5,1.0,0.7,0.0,0.2,0,1,1,2,0,0.00,0.00,0.00,0.45,1,False,586,34,2025-26,Lucas Bergvall,18,20.0,False
61,0,0,1,0,0,0,0,0,0,0,0,11,4.4,2.8,0.0,0.7,1,1,0,2,1,0.00,0.02,0.02,0.26,3,False,587,34,2025-26,Yves Bissouma,18,20.0,False
0,0,0,0,0,0,0,0,0,0,0,0,0,0.0,0.0,0.0,0.0,0,0,0,0,0,0.00,0.00,0.00,0.00,0,False,588,34,2025-26,Wilson Odobert,18,20.0,False
0,0,0,0,0,0,0,0,0,0,0,0,0,0.0,0.0,0.0,0.0,0,0,0,0,0,0.00,0.00,0.00,0.00,0,False,589,34,2025-26,Manor Solomon,18,20.0,False
0,0,0,0,0,0,0,0,0,0,0,0,0,0.0,0.0,0.0,0.0,0,0,0,0,0,0.00,0.00,0.00,0.00,0,False,590,34,2025-26,Bryan Gil Salvatierra,18,20.0,False
0,0,0,0,0,0,0,0,0,0,0,0,0,0.0,0.0,0.0,0.0,0,0,0,0,0,0.00,0.00,0.00,0.00,0,False,591,34,2025-26,Archie Gray,18,20.0,False
0,0,0,0,0,0,0,0,0,0,0,0,0,0.0,0.0,0.0,0.0,0,0,0,0,0,0.00,0.00,0.00,0.00,0,False,592,34,2025-26,Mikey Moore,18,20.0,False
0,0,0,0,0,0,0,0,0,0,0,0,0,0.0,0.0,0.0,0.0,0,0,0,0,0,0.00,0.00,0.00,0.00,0,False,593,34,2025-26,Pape Matar Sarr,18,20.0,False
0,0,0,0,0,0,0,0,0,0,0,0,0,0.0,0.0,0.0,0.0,0,0,0,0,0,0.00,0.00,0.00,0.00,0,False,594,34,2025-26,Yang Min-hyeok,18,20.0,False
0,0,0,0,0,0,0,0,0,0,0,0,0,0.0,0.0,0.0,0.0,0,0,0,0,0,0.00,0.00,0.00,0.00,0,False,595,34,2025-26,Callum Olusesi,18,20.0,False
39,0,0,0,0,0,0,0,0,0,0,0,9,11.6,3.6,8.0,2.3,2,3,3,8,1,0.00,0.09,0.09,0.13,1,False,596,34,2025-26,Dominic Solanke-Mitchell,18,20.0,False
50,0,1,0,0,0,0,0,0,0,0,0,6,21.2,11.3,5.0,3.8,1,0,2,3,0,0.08,0.00,0.08,0.58,4,False,597,34,2025-26,Richarlison de Andrade,18,20.0,False
0,0,0,0,0,0,0,0,0,0,0,0,0,0.0,0.0,0.0,0.0,0,0,0,0,0,0.00,0.00,0.00,0.00,0,False,598,34,2025-26,Will Lankshear,18,20.0,False
0,0,0,0,0,0,0,0,0,0,0,0,0,0.0,0.0,0.0,0.0,0,0,0,0,0,0.00,0.00,0.00,0.00,0,False,599,34,2025-26,Dane Scarlett,18,20.0,False
0,0,0,0,0,0,0,0,0,0,0,0,0,0.0,0.0,0.0,0.0,0,0,0,0,0,0.00,0.00,0.00,0.00,0,False,600,34,2025-26,Alphonse Areola,19,9.0,True
0,0,0,0,0,0,0,0,0,0,0,0,0,0.0,0.0,0.0,0.0,0,0,0,0,0,0.00,0.00,0.00,0.00,0,False,601,34,2025-26,Wes Foderingham,19,9.0,True
0,0,0,0,0,0,0,0,0,0,0,0,0,0.0,0.0,0.0,0.0,0,0,0,0,0,0.00,0.00,0.00,0.00,0,False,602,34,2025-26,Krisztián Hegyi,19,9.0,True
90,0,0,0,1,0,0,0,0,0,0,0,23,38.2,51.2,4.0,9.3,4,7,5,9,1,0.00,0.26,0.26,1.45,2,False,603,34,2025-26,El Hadji Malick Diouf,19,9.0,True
0,0,0,0,0,0,0,0,0,0,0,0,0,0.0,0.0,0.0,0.0,0,0,0,0,0,0.00,0.00,0.00,0.00,0,False,604,34,2025-26,Emerson Palmieri dos Santos,19,9.0,True
0,0,0,0,0,0,0,0,0,0,0,0,0,0.0,0.0,0.0,0.0,0,0,0,0,0,0.00,0.00,0.00,0.00,0,False,605,34,2025-26,Maximilian Kilman,19,9.0,True
90,0,0,0,1,0,0,0,0,0,0,0,12,26.6,0.6,5.0,3.2,11,3,0,11,1,0.04,0.00,0.04,1.45,4,False,606,34,2025-26,Konstantinos Mavropanos,19,9.0,True
0,0,0,0,0,0,0,0,0,0,0,0,0,0.0,0.0,0.0,0.0,0,0,0,0,0,0.00,0.00,0.00,0.00,0,False,607,34,2025-26,Nayef Aguerd,19,9.0,True
0,0,0,0,0,0,0,0,0,0,0,0,0,0.0,0.0,0.0,0.0,0,0,0,0,0,0.00,0.00,0.00,0.00,0,False,608,34,2025-26,Ollie Scarles,19,9.0,True
1,0,0,0,0,0,0,0,0,0,0,0,3,2.0,0.0,0.0,0.2,1,0,0,1,0,0.00,0.00,0.00,0.05,1,False,609,34,2025-26,Jean-Clair Todibo,19,9.0,True
0,0,0,0,0,0,0,0,0,0,0,0,0,0.0,0.0,0.0,0.0,0,0,0,0,0,0.00,0.00,0.00,0.00,0,False,610,34,2025-26,Aaron Wan-Bissaka,19,9.0,True
0,0,0,0,0,0,0,0,0,0,0,0,0,0.0,0.0,0.0,0.0,0,0,0,0,0,0.00,0.00,0.00,0.00,0,False,611,34,2025-26,Kaelan Casey,19,9.0,True
0,0,0,0,0,0,0,0,0,0,0,0,0,0.0,0.0,0.0,0.0,0,0,0,0,0,0.00,0.00,0.00,0.00,0,False,612,34,2025-26,Lucas Tolentino Coelho de Lima,19,9.0,True
90,1,0,0,1,0,0,0,0,0,0,3,43,42.8,5.8,37.0,8.6,2,3,2,7,1,0.28,0.01,0.29,1.45,10,True,613,34,2025-26,Tomáš Souček,19,9.0,True
0,0,0,0,0,0,0,0,0,0,0,0,0,0.0,0.0,0.0,0.0,0,0,0,0,0,0.00,0.00,0.00,0.00,0,False,614,34,2025-26,James Ward-Prowse,3,,
90,0,0,0,1,0,0,0,0,0,0,0,12,3.4,28.4,12.0,4.4,3,6,0,9,1,0.07,0.78,0.85,1.45,2,False,615,34,2025-26,Crysencio Summerville,19,9.0,True
0,0,0,0,0,0,0,0,0,0,0,0,0,0.0,0.0,0.0,0.0,0,0,0,0,0,0.00,0.00,0.00,0.00,0,False,616,34,2025-26,Edson Álvarez Velázquez,19,9.0,True
0,0,0,0,0,0,0,0,0,0,0,0,0,0.0,0.0,0.0,0.0,0,0,0,0,0,0.00,0.00,0.00,0.00,0,False,617,34,2025-26,Maxwel Cornet,19,9.0,True
0,0,0,0,0,0,0,0,0,0,0,0,0,0.0,0.0,0.0,0.0,0,0,0,0,0,0.00,0.00,0.00,0.00,0,False,618,34,2025-26,Guido Rodríguez,19,9.0,True
0,0,0,0,0,0,0,0,0,0,0,0,0,0.0,0.0,0.0,0.0,0,0,0,0,0,0.00,0.00,0.00,0.00,0,False,619,34,2025-26,Luis Guilherme Lira dos Santos,19,9.0,True
0,0,0,0,0,0,0,0,0,0,0,0,0,0.0,0.0,0.0,0.0,0,0,0,0,0,0.00,0.00,0.00,0.00,0,False,620,34,2025-26,George Earthy,19,9.0,True
0,0,0,0,0,0,0,0,0,0,0,0,0,0.0,0.0,0.0,0.0,0,0,0,0,0,0.00,0.00,0.00,0.00,0,False,621,34,2025-26,Andy Irving,19,9.0,True
0,0,0,0,0,0,0,0,0,0,0,0,0,0.0,0.0,0.0,0.0,0,0,0,0,0,0.00,0.00,0.00,0.00,0,False,622,34,2025-26,Lewis Orford,19,9.0,True
11,0,0,0,1,0,0,0,0,0,0,0,3,5.4,0.5,0.0,0.6,1,0,2,3,0,0.00,0.00,0.00,0.15,1,False,623,34,2025-26,Freddie Potts,19,9.0,True
90,0,2,0,1,0,0,0,0,0,0,2,36,42.2,25.7,21.0,8.9,4,2,2,8,1,0.11,0.50,0.61,1.40,10,True,624,34,2025-26,Jarrod Bowen,19,9.0,True
0,0,0,0,0,0,0,0,0,0,0,0,0,0.0,0.0,0.0,0.0,0,0,0,0,0,0.00,0.00,0.00,0.00,0,False,625,34,2025-26,Niclas Füllkrug,19,9.0,True
0,0,0,0,0,0,0,0,0,0,0,0,0,0.0,0.0,0.0,0.0,0,0,0,0,0,0.00,0.00,0.00,0.00,0,False,626,34,2025-26,Callum Marshall,19,9.0,True
0,0,0,0,0,0,0,0,0,0,0,0,0,0.0,0.0,0.0,0.0,0,0,0,0,0,0.00,0.00,0.00,0.00,0,False,627,34,2025-26,Sam Johnstone,20,18.0,True
90,0,0,0,1,0,0,0,0,0,1,0,9,12.8,0.0,0.0,1.3,2,10,0,0,1,0.00,0.00,0.00,0.92,2,False,628,34,2025-26,José Malheiro de Sá,20,18.0,True
0,0,0,0,0,0,0,0,0,0,0,0,0,0.0,0.0,0.0,0.0,0,0,0,0,0,0.00,0.00,0.00,0.00,0,False,629,34,2025-26,Daniel Bentley,20,18.0,True
0,0,0,0,0,0,0,0,0,0,0,0,0,0.0,0.0,0.0,0.0,0,0,0,0,0,0.00,0.00,0.00,0.00,0,False,630,34,2025-26,Tom King,9,19.0,False
0,0,0,0,0,0,0,0,0,0,0,0,0,0.0,0.0,0.0,0.0,0,0,0,0,0,0.00,0.00,0.00,0.00,0,False,631,34,2025-26,Emmanuel Agbadou,20,18.0,True
84,0,0,0,1,0,0,0,0,0,0,0,12,16.2,0.3,2.0,1.9,6,1,3,9,1,0.00,0.00,0.00,0.92,2,False,632,34,2025-26,Matt Doherty,20,18.0,True
90,0,0,0,1,0,0,0,1,0,0,0,12,20.6,20.6,3.0,4.4,7,4,5,12,1,0.14,0.11,0.25,0.92,3,False,633,34,2025-26,Hugo Bueno López,20,18.0,True
0,0,0,0,0,0,0,0,0,0,0,0,0,0.0,0.0,0.0,0.0,0,0,0,0,0,0.00,0.00,0.00,0.00,0,False,634,34,2025-26,Yerson Mosquera Valdelamar,20,18.0,True
70,0,0,1,0,0,0,0,0,0,0,0,15,0.0,0.7,5.0,0.5,0,1,0,0,1,0.03,0.00,0.03,0.28,6,False,635,34,2025-26,Rodrigo Martins Gomes,20,18.0,True
90,0,0,0,1,0,0,0,0,0,0,0,17,18.8,0.6,5.0,2.4,5,2,3,8,1,0.10,0.00,0.10,0.92,2,False,636,34,2025-26,Santiago Ignacio Bueno,20,18.0,True
90,0,0,0,1,0,0,0,0,0,0,0,11,17.4,1.1,0.0,1.9,3,4,2,5,1,0.00,0.00,0.00,0.92,2,False,637,34,2025-26,Toti Gomes,20,18.0,True
0,0,0,0,0,0,0,0,0,0,0,0,0,0.0,0.0,0.0,0.0,0,0,0,0,0,0.00,0.00,0.00,0.00,0,False,638,34,2025-26,Ki-Jana Hoever,20,18.0,True
0,0,0,0,0,0,0,0,0,0,0,0,0,0.0,0.0,0.0,0.0,0,0,0,0,0,0.00,0.00,0.00,0.00,0,False,639,34,2025-26,Bastien Meupiyou Menadjou,20,18.0,True
85,0,0,0,1,0,0,0,0,0,0,0,8,13.8,19.1,3.0,3.6,3,2,4,7,1,0.01,0.12,0.13,0.92,2,False,640,34,2025-26,Pedro Cardoso de Lima,20,18.0,True
0,0,0,0,0,0,0,0,0,0,0,0,0,0.0,0.0,0.0,0.0,0,0,0,0,0,0.00,0.00,0.00,0.00,0,False,641,34,2025-26,Alfie Pond,20,18.0,True
5,0,0,0,0,0,0,0,0,0,0,0,3,0.0,0.3,0.0,0.0,0,0,1,1,0,0.00,0.00,0.00,0.00,1,False,642,34,2025-26,Hwang Hee-chan,20,18.0,True
90,0,0,0,1,0,0,0,1,0,0,0,12,5.0,1.3,0.0,0.6,0,8,3,11,1,0.00,0.01,0.01,0.92,1,False,643,34,2025-26,André Trindade da Costa Neto,20,18.0,True
0,0,0,0,0,0,0,0,0,0,0,0,0,0.0,0.0,0.0,0.0,0,0,0,0,0,0.00,0.00,0.00,0.00,0,False,644,34,2025-26,Jean-Ricner Bellegarde,20,18.0,True
0,0,0,0,0,0,0,0,0,0,0,0,0,0.0,0.0,0.0,0.0,0,0,0,0,0,0.00,0.00,0.00,0.00,0,False,645,34,2025-26,Fer López González,20,18.0,True
90,0,0,0,1,0,0,0,1,0,0,0,19,23.8,4.5,11.0,3.9,2,6,7,15,1,0.07,0.01,0.08,0.92,3,False,646,34,2025-26,João Victor Gomes da Silva,20,18.0,True
0,0,0,0,0,0,0,0,0,0,0,0,0,0.0,0.0,0.0,0.0,0,0,0,0,0,0.00,0.00,0.00,0.00,0,False,647,34,2025-26,Gonçalo Manuel Ganchinho Guedes,20,18.0,True
0,0,0,0,0,0,0,0,0,0,0,0,0,0.0,0.0,0.0,0.0,0,0,0,0,0,0.00,0.00,0.00,0.00,0,False,648,34,2025-26,Marshall Munetsi,20,18.0,True
0,0,0,0,0,0,0,0,0,0,0,0,0,0.0,0.0,0.0,0.0,0,0,0,0,0,0.00,0.00,0.00,0.00,0,False,649,34,2025-26,Boubacar Traoré,20,18.0,True
0,0,0,0,0,0,0,0,0,0,0,0,0,0.0,0.0,0.0,0.0,0,0,0,0,0,0.00,0.00,0.00,0.00,0,False,650,34,2025-26,Tawanda Chirewa,20,18.0,True
0,0,0,0,0,0,0,0,0,0,0,0,0,0.0,0.0,0.0,0.0,0,0,0,0,0,0.00,0.00,0.00,0.00,0,False,651,34,2025-26,Tom Edozie,20,18.0,True
0,0,0,0,0,0,0,0,0,0,0,0,0,0.0,0.0,0.0,0.0,0,0,0,0,0,0.00,0.00,0.00,0.00,0,False,652,34,2025-26,Enso González Medina,20,18.0,True
0,0,0,0,0,0,0,0,0,0,0,0,0,0.0,0.0,0.0,0.0,0,0,0,0,0,0.00,0.00,0.00,0.00,0,False,653,34,2025-26,Joe Hodge,20,18.0,True
20,0,0,0,1,0,0,0,0,0,0,0,-1,0.0,0.3,4.0,0.2,0,0,0,0,0,0.30,0.00,0.30,0.04,1,False,654,34,2025-26,Jørgen Strand Larsen,8,12.0,False
0,0,0,0,0,0,0,0,0,0,0,0,0,0.0,0.0,0.0,0.0,0,0,0,0,0,0.00,0.00,0.00,0.00,0,False,655,34,2025-26,Fábio Soares Silva,20,18.0,True
0,0,0,0,0,0,0,0,0,0,0,0,0,0.0,0.0,0.0,0.0,0,0,0,0,0,0.00,0.00,0.00,0.00,0,False,656,34,2025-26,Saša Kalajdžić,20,18.0,True
0,0,0,0,0,0,0,0,0,0,0,0,0,0.0,0.0,0.0,0.0,0,0,0,0,0,0.00,0.00,0.00,0.00,0,False,657,34,2025-26,Leon Chiwome,20,18.0,True
0,0,0,0,0,0,0,0,0,0,0,0,0,0.0,0.0,0.0,0.0,0,0,0,0,0,0.00,0.00,0.00,0.00,0,False,658,34,2025-26,Nathan Fraser,20,18.0,True
90,0,0,0,1,0,0,0,0,0,0,0,15,14.2,3.2,0.0,1.7,3,3,2,5,1,0.00,0.01,0.01,1.45,2,False,659,34,2025-26,Kyle Walker-Peters,19,9.0,True
0,0,0,0,0,0,0,0,0,0,0,0,0,0.0,0.0,0.0,0.0,0,0,0,0,0,0.00,0.00,0.00,0.00,0,False,660,34,2025-26,Anton Stach,11,,
0,0,0,0,0,0,0,0,0,0,0,0,0,0.0,0.0,0.0,0.0,0,0,0,0,0,0.00,0.00,0.00,0.00,0,False,661,34,2025-26,Hugo Ekitiké,12,8.0,True
0,0,0,0,0,0,0,0,0,0,0,0,0,0.0,0.0,0.0,0.0,0,0,0,0,0,0.00,0.00,0.00,0.00,0,False,662,34,2025-26,Cristhian Mosquera,1,15.0,True
0,0,0,0,0,0,0,0,0,0,0,0,0,0.0,0.0,0.0,0.0,0,0,0,0,0,0.00,0.00,0.00,0.00,0,False,663,34,2025-26,Jhon Arias,20,18.0,True
0,0,0,0,0,0,0,0,0,0,0,0,0,0.0,0.0,0.0,0.0,0,0,0,0,0,0.00,0.00,0.00,0.00,0,False,664,34,2025-26,Benjamin Lecomte,10,2.0,True
0,0,0,0,0,0,0,0,0,0,0,0,0,0.0,0.0,0.0,0.0,0,0,0,0,0,0.00,0.00,0.00,0.00,0,False,665,34,2025-26,Lucas Estella Perri,11,,
56,0,0,0,0,0,0,0,0,0,0,0,5,6.0,10.6,7.0,2.4,2,0,0,2,0,0.03,0.01,0.04,0.67,1,False,666,34,2025-26,Viktor Gyökeres,1,15.0,True
0,0,0,0,0,0,0,0,0,0,0,0,0,0.0,0.0,0.0,0.0,0,0,0,0,0,0.00,0.00,0.00,0.00,0,False,667,34,2025-26,Adam Aznou,9,19.0,False
90,0,0,0,5,0,0,0,1,0,0,0,16,16.2,30.7,5.0,5.2,2,2,2,6,1,0.06,0.40,0.46,1.10,1,False,668,34,2025-26,Granit Xhaka,17,16.0,True
0,0,0,0,0,0,0,0,0,0,0,0,0,0.0,0.0,0.0,0.0,0,0,0,0,0,0.00,0.00,0.00,0.00,0,False,669,34,2025-26,Dan Ndoye,16,17.0,False
90,0,0,0,5,0,0,0,0,0,2,0,-9,11.8,0.0,0.0,1.2,0,5,0,0,1,0.00,0.00,0.00,1.10,0,False,670,34,2025-26,Robin Roefs,17,16.0,True
9,1,0,0,1,0,0,0,1,0,0,0,28,32.0,0.0,35.0,6.7,0,0,0,0,0,0.38,0.00,0.38,0.15,4,False,671,34,2025-26,Callum Wilson,19,9.0,True
0,0,0,0,0,0,0,0,0,0,0,0,0,0.0,0.0,0.0,0.0,0,0,0,0,0,0.00,0.00,0.00,0.00,0,False,672,34,2025-26,Jorrel Hato,7,,
28,1,0,0,0,0,0,0,0,0,0,3,30,37.8,0.3,33.0,7.1,2,0,1,3,0,0.57,0.00,0.57,0.45,9,False,673,34,2025-26,João Maria Lobo Alves Palhares Costa Palhinha Gonçalves,18,20.0,False
0,0,0,0,0,0,0,0,0,0,0,0,0,0.0,0.0,0.0,0.0,0,0,0,0,0,0.00,0.00,0.00,0.00,0,False,674,34,2025-26,Aaron Ramsdale,15,1.0,False
0,0,0,0,0,0,0,0,0,0,0,0,0,0.0,0.0,0.0,0.0,0,0,0,0,0,0.00,0.00,0.00,0.00,0,False,675,34,2025-26,Angus Gunn,16,17.0,False
0,0,0,0,0,0,0,0,0,0,0,0,0,0.0,0.0,0.0,0.0,0,0,0,0,0,0.00,0.00,0.00,0.00,0,False,676,34,2025-26,Lesley Ugochukwu,3,,
0,0,0,0,0,0,0,0,0,0,0,0,0,0.0,0.0,0.0,0.0,0,0,0,0,0,0.00,0.00,0.00,0.00,0,False,677,34,2025-26,Evann Guessand,8,12.0,False
0,0,0,0,0,0,0,0,0,0,0,0,0,0.0,0.0,0.0,0.0,0,0,0,0,0,0.00,0.00,0.00,0.00,0,False,678,34,2025-26,Arthur Masuaku,17,16.0,True
90,0,0,0,1,0,0,0,0,0,1,0,7,8.2,0.0,0.0,0.8,1,9,0,0,1,0.00,0.00,0.00,1.45,2,False,679,34,2025-26,Mads Hermansen,19,9.0,True
0,0,0,0,0,0,0,0,0,0,0,0,0,0.0,0.0,0.0,0.0,0,0,0,0,0,0.00,0.00,0.00,0.00,0,False,680,34,2025-26,Armando Broja,3,,
87,1,0,0,1,0,0,0,0,0,0,2,39,35.4,12.6,21.0,6.9,0,5,0,5,1,0.43,0.03,0.45,1.37,8,False,681,34,2025-26,Benjamin Sesko,14,5.0,True
1,0,0,0,0,0,0,0,0,0,0,0,3,0.0,0.0,0.0,0.0,0,0,0,0,0,0.00,0.00,0.00,0.00,1,False,682,34,2025-26,David Møller Wolfe,20,18.0,True
90,0,0,0,5,0,0,0,0,0,0,0,-12,9.0,0.9,36.0,4.6,5,4,0,5,1,0.23,0.01,0.24,1.10,0,False,683,34,2025-26,Omar Alderete,17,16.0,True
90,0,0,0,1,0,0,0,0,0,0,0,11,19.4,3.7,0.0,2.3,4,3,2,6,1,0.00,0.02,0.02,0.49,2,False,684,34,2025-26,Malick Thiaw,15,1.0,False
0,0,0,0,0,0,0,0,0,0,0,0,0,0.0,0.0,0.0,0.0,0,0,0,0,0,0.00,0.00,0.00,0.00,0,False,685,34,2025-26,Bafodé Diakité,4,,
0,0,0,0,0,0,0,0,0,0,0,0,0,0.0,0.0,0.0,0.0,0,0,0,0,0,0.00,0.00,0.00,0.00,0,False,686,34,2025-26,Rio Ngumoha,12,8.0,True
0,0,0,0,0,0,0,0,0,0,0,0,0,0.0,0.0,0.0,0.0,0,0,0,0,0,0.00,0.00,0.00,0.00,0,False,687,34,2025-26,Remy Rees-Dottin,4,,
0,0,0,0,0,0,0,0,0,0,0,0,0,0.0,0.0,0.0,0.0,0,0,0,0,0,0.00,0.00,0.00,0.00,0,False,688,34,2025-26,James Wright,2,10.0,False
0,0,0,0,0,0,0,0,0,0,0,0,0,0.0,0.0,0.0,0.0,0,0,0,0,0,0.00,0.00,0.00,0.00,0,False,689,34,2025-26,Seung-Soo Park,15,1.0,False
0,0,0,0,0,0,0,0,0,0,0,0,0,0.0,0.0,0.0,0.0,0,0,0,0,0,0.00,0.00,0.00,0.00,0,False,690,34,2025-26,Rio Cardines,8,12.0,False
0,0,0,0,0,0,0,0,0,0,0,0,0,0.0,0.0,0.0,0.0,0,0,0,0,0,0.00,0.00,0.00,0.00,0,False,691,34,2025-26,Dominic Calvert-Lewin,11,,
0,0,0,0,0,0,0,0,0,0,0,0,0,0.0,0.0,0.0,0.0,0,0,0,0,0,0.00,0.00,0.00,0.00,0,False,692,34,2025-26,Giovanni Leoni,12,8.0,True
66,0,0,1,0,0,0,0,0,0,0,0,14,9.4,9.2,23.0,4.2,2,2,0,4,1,0.06,0.10,0.16,0.39,3,False,693,34,2025-26,Omari Hutchinson,16,17.0,False
90,0,0,0,5,0,0,0,0,0,0,0,-8,11.2,20.3,6.0,3.8,1,3,1,2,1,0.00,0.10,0.10,1.10,0,False,694,34,2025-26,Nordi Mukiele,17,16.0,True
4,0,0,0,0,0,0,0,0,0,0,0,4,2.6,4.6,0.0,0.7,0,0,0,0,0,0.00,0.01,0.01,0.00,1,False,695,34,2025-26,Jackson Tchatchoua,20,18.0,True
0,0,0,0,0,0,0,0,0,0,0,0,0,0.0,0.0,0.0,0.0,0,0,0,0,0,0.00,0.00,0.00,0.00,0,False,696,34,2025-26,Arnaud Kalimuendo,16,17.0,False
0,0,0,0,0,0,0,0,0,0,0,0,0,0.0,0.0,0.0,0.0,0,0,0,0,0,0.00,0.00,0.00,0.00,0,False,697,34,2025-26,Amine Adli,4,,
0,0,0,0,0,0,0,0,0,0,0,0,0,0.0,0.0,0.0,0.0,0,0,0,0,0,0.00,0.00,0.00,0.00,0,False,698,34,2025-26,Noah Okafor,11,,
16,0,0,0,0,0,0,0,1,0,0,0,4,3.8,14.7,0.0,1.9,1,0,0,1,0,0.00,0.02,0.02,0.17,0,False,699,34,2025-26,Douglas Luiz Soares de Paulo,2,10.0,False
0,0,0,0,0,0,0,0,0,0,0,0,0,0.0,0.0,0.0,0.0,0,0,0,0,0,0.00,0.00,0.00,0.00,0,False,700,34,2025-26,Max Dowman,1,15.0,True
0,0,0,0,0,0,0,0,0,0,0,0,0,0.0,0.0,0.0,0.0,0,0,0,0,0,0.00,0.00,0.00,0.00,0,False,701,34,2025-26,Triston Rowe,2,10.0,False
0,0,0,0,0,0,0,0,0,0,0,0,0,0.0,0.0,0.0,0.0,0,0,0,0,0,0.00,0.00,0.00,0.00,0,False,702,34,2025-26,Bradley Burrowes,2,10.0,False
0,0,0,0,0,0,0,0,0,0,0,0,0,0.0,0.0,0.0,0.0,0,0,0,0,0,0.00,0.00,0.00,0.00,0,False,703,34,2025-26,Sam Proctor,2,10.0,False
0,0,0,0,0,0,0,0,0,0,0,0,0,0.0,0.0,0.0,0.0,0,0,0,0,0,0.00,0.00,0.00,0.00,0,False,704,34,2025-26,Tyler Onyango,9,19.0,False
0,0,0,0,0,0,0,0,0,0,0,0,0,0.0,0.0,0.0,0.0,0,0,0,0,0,0.00,0.00,0.00,0.00,0,False,705,34,2025-26,Elijah Campbell,9,19.0,False
0,0,0,0,0,0,0,0,0,0,0,0,0,0.0,0.0,0.0,0.0,0,0,0,0,0,0.00,0.00,0.00,0.00,0,False,706,34,2025-26,James Justin,11,,
0,0,0,0,0,0,0,0,0,0,0,0,0,0.0,0.0,0.0,0.0,0,0,0,0,0,0.00,0.00,0.00,0.00,0,False,707,34,2025-26,Tyler Dibling,9,19.0,False
90,0,0,0,1,0,0,0,0,0,0,0,13,17.4,5.9,4.0,2.7,2,5,4,11,1,0.04,0.04,0.08,1.45,2,False,708,34,2025-26,Mateus Gonçalo Espanha Fernandes,19,9.0,True
0,0,0,0,0,0,0,0,0,0,0,0,0,0.0,0.0,0.0,0.0,0,0,0,0,0,0.00,0.00,0.00,0.00,0,False,709,34,2025-26,Ladislav Krejcí,20,18.0,True
0,0,0,0,0,0,0,0,0,0,0,0,0,0.0,0.0,0.0,0.0,0,0,0,0,0,0.00,0.00,0.00,0.00,0,False,710,34,2025-26,Travis Patterson,2,10.0,False
0,0,0,0,0,0,0,0,0,0,0,0,0,0.0,0.0,0.0,0.0,0,0,0,0,0,0.00,0.00,0.00,0.00,0,False,711,34,2025-26,Andre Harriman-Annous,1,15.0,True
31,0,0,0,1,0,0,0,0,0,0,0,4,3.8,24.4,7.0,3.5,0,1,1,2,0,0.04,0.23,0.27,0.07,1,False,712,34,2025-26,Yéremy Pino Santos,8,12.0,False
0,0,0,0,0,0,0,0,0,0,0,0,0,0.0,0.0,0.0,0.0,0,0,0,0,0,0.00,0.00,0.00,0.00,0,False,713,34,2025-26,Álex Jiménez Sánchez,4,,
15,0,0,0,0,0,0,0,0,0,0,0,7,2.6,13.8,0.0,1.6,0,1,0,1,0,0.00,0.37,0.37,0.15,1,False,714,34,2025-26,Nick Woltemade,15,1.0,False
0,0,0,0,0,0,0,0,0,0,0,0,0,0.0,0.0,0.0,0.0,0,0,0,0,0,0.00,0.00,0.00,0.00,0,False,715,34,2025-26,John Victor Maciel Furtado,16,17.0,False
0,0,0,0,0,0,0,0,0,0,0,0,0,0.0,0.0,0.0,0.0,0,0,0,0,0,0.00,0.00,0.00,0.00,0,False,716,34,2025-26,Nicolò Savona,16,17.0,False
62,0,0,1,0,0,0,0,0,0,0,0,10,4.2,28.3,12.0,4.5,2,1,1,4,1,0.12,0.03,0.15,0.26,3,False,717,34,2025-26,Xavi Simons,18,20.0,False
0,0,0,0,0,0,0,0,0,0,0,0,0,0.0,0.0,0.0,0.0,0,0,0,0,0,0.00,0.00,0.00,0.00,0,False,718,34,2025-26,Soungoutou Magassa,19,9.0,True
0,0,0,0,0,0,0,0,0,0,0,0,0,0.0,0.0,0.0,0.0,0,0,0,0,0,0.00,0.00,0.00,0.00,0,False,719,34,2025-26,Victor Lindelöf,2,10.0,False
19,0,0,0,1,0,0,0,0,0,0,0,2,2.4,0.3,4.0,0.7,1,0,0,1,0,0.00,0.00,0.00,0.64,1,False,720,34,2025-26,Tolu Arokodare,20,18.0,True
0,0,0,0,0,0,0,0,0,0,0,0,0,0.0,0.0,0.0,0.0,0,0,0,0,0,0.00,0.00,0.00,0.00,0,False,721,34,2025-26,Veljko Milosavljevic,4,,
0,0,0,0,0,0,0,0,0,0,0,0,0,0.0,0.0,0.0,0.0,0,0,0,0,0,0.00,0.00,0.00,0.00,0,False,722,34,2025-26,Florentino Ibrain Morris Luís,3,,
90,0,0,0,3,0,0,0,0,0,0,0,8,24.2,1.3,0.0,2.6,8,3,3,11,1,0.00,0.00,0.00,1.15,3,False,723,34,2025-26,Jaydee Canvot,8,12.0,False
0,0,0,0,0,0,0,0,0,0,0,0,0,0.0,0.0,0.0,0.0,0,0,0,0,0,0.00,0.00,0.00,0.00,0,False,724,34,2025-26,Lutsharel Geertruida,17,16.0,True
90,0,0,1,0,0,0,0,0,0,0,1,28,29.8,11.8,2.0,4.4,10,3,5,15,1,0.00,0.25,0.25,1.00,9,True,725,34,2025-26,Piero Hincapié,1,15.0,True
45,0,0,0,0,0,0,0,0,0,0,0,2,0.0,4.3,5.0,0.9,0,4,1,5,1,0.04,0.01,0.05,0.13,1,False,726,34,2025-26,Randal Kolo Muani,18,20.0,False
75,0,0,1,0,0,0,0,0,0,0,0,12,8.8,29.9,11.0,5.0,0,5,0,5,1,0.05,0.13,0.18,0.62,3,False,727,34,2025-26,Samuel Chukwueze,10,2.0,True
0,0,0,0,0,0,0,0,0,0,0,0,0,0.0,0.0,0.0,0.0,0,0,0,0,0,0.00,0.00,0.00,0.00,0,False,728,34,2025-26,Merlin Röhl,9,19.0,False
0,0,0,0,0,0,0,0,0,0,0,0,0,0.0,0.0,0.0,0.0,0,0,0,0,0,0.00,0.00,0.00,0.00,0,False,729,34,2025-26,Luis Eduardo Soares da Silva,16,17.0,False
90,0,0,0,5,0,0,0,0,0,0,0,4,3.0,16.3,10.0,2.9,0,1,1,2,1,0.00,0.01,0.01,1.10,2,False,730,34,2025-26,Brian Brobbey,17,16.0,True
0,0,0,0,0,0,0,0,0,0,0,0,0,0.0,0.0,0.0,0.0,0,0,0,0,0,0.00,0.00,0.00,0.00,0,False,731,34,2025-26,Kevin Santos Lopes de Macedo,10,2.0,True
0,0,0,0,0,0,0,0,0,0,0,0,0,0.0,0.0,0.0,0.0,0,0,0,0,0,0.00,0.00,0.00,0.00,0,False,732,34,2025-26,Christantus Uche,8,12.0,False
90,0,0,0,1,0,0,0,0,0,5,0,14,36.0,0.0,0.0,3.6,2,8,0,0,1,0.00,0.00,0.00,1.43,3,False,733,34,2025-26,Senne Lammens,14,5.0,True
0,0,0,0,0,0,0,0,0,0,0,0,0,0.0,0.0,0.0,0.0,0,0,0,0,0,0.00,0.00,0.00,0.00,0,False,734,34,2025-26,Dilane Bakwa,16,17.0,False
0,0,0,0,0,0,0,0,0,0,0,0,0,0.0,0.0,0.0,0.0,0,0,0,0,0,0.00,0.00,0.00,0.00,0,False,735,34,2025-26,Bertrand Traoré,17,16.0,True
0,0,0,0,0,0,0,0,0,0,0,0,0,0.0,0.0,0.0,0.0,0,0,0,0,0,0.00,0.00,0.00,0.00,0,False,736,34,2025-26,Gianluigi Donnarumma,13,,
0,0,0,0,0,0,0,0,0,0,0,0,0,0.0,0.0,0.0,0.0,0,0,0,0,0,0.00,0.00,0.00,0.00,0,False,737,34,2025-26,Jonah Kusi-Asare,10,2.0,True
0,0,0,0,0,0,0,0,0,0,0,0,0,0.0,0.0,0.0,0.0,0,0,0,0,0,0.00,0.00,0.00,0.00,0,False,738,34,2025-26,Lukasz Fabianski,19,9.0,True
0,0,0,0,0,0,0,0,0,0,0,0,0,0.0,0.0,0.0,0.0,0,0,0,0,0,0.00,0.00,0.00,0.00,0,False,739,34,2025-26,Divine Mukasa,13,,
0,0,0,0,0,0,0,0,0,0,0,0,0,0.0,0.0,0.0,0.0,0,0,0,0,0,0.00,0.00,0.00,0.00,0,False,740,34,2025-26,Stephen Mfuni,13,,
0,0,0,0,0,0,0,0,0,0,0,0,0,0.0,0.0,0.0,0.0,0,0,0,0,0,0.00,0.00,0.00,0.00,0,False,741,34,2025-26,Harry Gray,11,,
0,0,0,0,0,0,0,0,0,0,0,0,0,0.0,0.0,0.0,0.0,0,0,0,0,0,0.00,0.00,0.00,0.00,0,False,742,34,2025-26,Ryan McAidoo,13,,
0,0,0,0,0,0,0,0,0,0,0,0,0,0.0,0.0,0.0,0.0,0,0,0,0,0,0.00,0.00,0.00,0.00,0,False,743,34,2025-26,Landon Emenalo,7,,
0,0,0,0,0,0,0,0,0,0,0,0,0,0.0,0.0,0.0,0.0,0,0,0,0,0,0.00,0.00,0.00,0.00,0,False,744,34,2025-26,Nehemiah Oriola,6,,
0,0,0,0,0,0,0,0,0,0,0,0,0,0.0,0.0,0.0,0.0,0,0,0,0,0,0.00,0.00,0.00,0.00,0,False,745,34,2025-26,Jun'ai Byfield,18,20.0,False
0,0,0,0,0,0,0,0,0,0,0,0,0,0.0,0.0,0.0,0.0,0,0,0,0,0,0.00,0.00,0.00,0.00,0,False,746,34,2025-26,Kieran Morrison,12,8.0,True
0,0,0,0,0,0,0,0,0,0,0,0,0,0.0,0.0,0.0,0.0,0,0,0,0,0,0.00,0.00,0.00,0.00,0,False,747,34,2025-26,Ezra Mayers,19,9.0,True
0,0,0,0,0,0,0,0,0,0,0,0,0,0.0,0.0,0.0,0.0,0,0,0,0,0,0.00,0.00,0.00,0.00,0,False,748,34,2025-26,Josh Dasilva,5,14.0,False
90,0,0,0,1,0,0,0,0,0,0,0,13,14.6,50.8,7.0,7.2,1,1,2,4,1,0.09,0.34,0.43,0.92,2,False,749,34,2025-26,Mateus Mané,20,18.0,True
0,0,0,0,0,0,0,0,0,0,0,0,0,0.0,0.0,0.0,0.0,0,0,0,0,0,0.00,0.00,0.00,0.00,0,False,750,34,2025-26,James Rowswell,18,20.0,False
0,0,0,0,0,0,0,0,0,0,0,0,0,0.0,0.0,0.0,0.0,0,0,0,0,0,0.00,0.00,0.00,0.00,0,False,751,34,2025-26,Yusuf Akhamrich,18,20.0,False
0,0,0,0,0,0,0,0,0,0,0,0,0,0.0,0.0,0.0,0.0,0,0,0,0,0,0.00,0.00,0.00,0.00,0,False,752,34,2025-26,Airidas Golambeckis,19,9.0,True
0,0,0,0,0,0,0,0,0,0,0,0,0,0.0,0.0,0.0,0.0,0,0,0,0,0,0.00,0.00,0.00,0.00,0,False,753,34,2025-26,John Ruddy,15,1.0,False
0,0,0,0,0,0,0,0,0,0,0,0,0,0.0,0.0,0.0,0.0,0,0,0,0,0,0.00,0.00,0.00,0.00,0,False,754,34,2025-26,George Hemmings,2,10.0,False
0,0,0,0,0,0,0,0,0,0,0,0,0,0.0,0.0,0.0,0.0,0,0,0,0,0,0.00,0.00,0.00,0.00,0,False,755,34,2025-26,Shea Lacey,14,5.0,True
0,0,0,0,0,0,0,0,0,0,0,0,0,0.0,0.0,0.0,0.0,0,0,0,0,0,0.00,0.00,0.00,0.00,0,False,756,34,2025-26,Malcom DaCosta,4,,
0,0,0,0,0,0,0,0,0,0,0,0,0,0.0,0.0,0.0,0.0,0,0,0,0,0,0.00,0.00,0.00,0.00,0,False,757,34,2025-26,Ronnie Hollingshead,2,10.0,False
0,0,0,0,0,0,0,0,0,0,0,0,0,0.0,0.0,0.0,0.0,0,0,0,0,0,0.00,0.00,0.00,0.00,0,False,758,34,2025-26,Mohamadou Kanté,19,9.0,True
0,0,0,0,0,0,0,0,0,0,0,0,0,0.0,0.0,0.0,0.0,0,0,0,0,0,0.00,0.00,0.00,0.00,0,False,759,34,2025-26,Marli Salmon,1,15.0,True
0,0,0,0,0,0,0,0,0,0,0,0,0,0.0,0.0,0.0,0.0,0,0,0,0,0,0.00,0.00,0.00,0.00,0,False,760,34,2025-26,Wellity Lucky,12,8.0,True
0,0,0,0,0,0,0,0,0,0,0,0,0,0.0,0.0,0.0,0.0,0,0,0,0,0,0.00,0.00,0.00,0.00,0,False,761,34,2025-26,Freddie Simmonds,6,,
0,0,0,0,0,0,0,0,0,0,0,0,0,0.0,0.0,0.0,0.0,0,0,0,0,0,0.00,0.00,0.00,0.00,0,False,762,34,2025-26,Joél Drakes-Thomas,8,12.0,False
0,0,0,0,0,0,0,0,0,0,0,0,0,0.0,0.0,0.0,0.0,0,0,0,0,0,0.00,0.00,0.00,0.00,0,False,763,34,2025-26,Charlie Gray,13,,
0,0,0,0,0,0,0,0,0,0,0,0,0,0.0,0.0,0.0,0.0,0,0,0,0,0,0.00,0.00,0.00,0.00,0,False,764,34,2025-26,Reigan Heskey,13,,
0,0,0,0,0,0,0,0,0,0,0,0,0,0.0,0.0,0.0,0.0,0,0,0,0,0,0.00,0.00,0.00,0.00,0,False,765,34,2025-26,Leo Shahar,15,1.0,False
0,0,0,0,0,0,0,0,0,0,0,0,0,0.0,0.0,0.0,0.0,0,0,0,0,0,0.00,0.00,0.00,0.00,0,False,766,34,2025-26,Saheed Olagunju,20,18.0,True
0,0,0,0,0,0,0,0,0,0,0,0,0,0.0,0.0,0.0,0.0,0,0,0,0,0,0.00,0.00,0.00,0.00,0,False,767,34,2025-26,Luke Rawlings,20,18.0,True
0,0,0,0,0,0,0,0,0,0,0,0,0,0.0,0.0,0.0,0.0,0,0,0,0,0,0.00,0.00,0.00,0.00,0,False,768,34,2025-26,Leon Routh,2,10.0,False
0,0,0,0,0,0,0,0,0,0,0,0,0,0.0,0.0,0.0,0.0,0,0,0,0,0,0.00,0.00,0.00,0.00,0,False,769,34,2025-26,Bendito Mantato,14,5.0,True
0,0,0,0,0,0,0,0,0,0,0,0,0,0.0,0.0,0.0,0.0,0,0,0,0,0,0.00,0.00,0.00,0.00,0,False,770,34,2025-26,Seth Ridgeon,10,2.0,True
0,0,0,0,0,0,0,0,0,0,0,0,0,0.0,0.0,0.0,0.0,0,0,0,0,0,0.00,0.00,0.00,0.00,0,False,771,34,2025-26,Tyler Fletcher,14,5.0,True
0,0,0,0,0,0,0,0,0,0,0,0,0,0.0,0.0,0.0,0.0,0,0,0,0,0,0.00,0.00,0.00,0.00,0,False,772,34,2025-26,Sam Alabi,15,1.0,False
0,0,0,0,0,0,0,0,0,0,0,0,0,0.0,0.0,0.0,0.0,0,0,0,0,0,0.00,0.00,0.00,0.00,0,False,773,34,2025-26,Dean Benamar,8,12.0,False
0,0,0,0,0,0,0,0,0,0,0,0,0,0.0,0.0,0.0,0.0,0,0,0,0,0,0.00,0.00,0.00,0.00,0,False,774,34,2025-26,Jenson Jones,17,16.0,True
0,0,0,0,0,0,0,0,0,0,0,0,0,0.0,0.0,0.0,0.0,0,0,0,0,0,0.00,0.00,0.00,0.00,0,False,775,34,2025-26,Tymur Tutierov,17,16.0,True
0,0,0,0,0,0,0,0,0,0,0,0,0,0.0,0.0,0.0,0.0,0,0,0,0,0,0.00,0.00,0.00,0.00,0,False,776,34,2025-26,Oliver Pimlott,3,,
0,0,0,0,0,0,0,0,0,0,0,0,0,0.0,0.0,0.0,0.0,0,0,0,0,0,0.00,0.00,0.00,0.00,0,False,777,34,2025-26,Temple Ojinnaka,20,18.0,True
0,0,0,0,0,0,0,0,0,0,0,0,0,0.0,0.0,0.0,0.0,0,0,0,0,0,0.00,0.00,0.00,0.00,0,False,778,34,2025-26,Ethan Sutherland,20,18.0,True
0,0,0,0,0,0,0,0,0,0,0,0,0,0.0,0.0,0.0,0.0,0,0,0,0,0,0.00,0.00,0.00,0.00,0,False,779,34,2025-26,Braiden Graham,9,19.0,False
0,0,0,0,0,0,0,0,0,0,0,0,0,0.0,0.0,0.0,0.0,0,0,0,0,0,0.00,0.00,0.00,0.00,0,False,780,34,2025-26,Ben Casey,8,12.0,False
0,0,0,0,0,0,0,0,0,0,0,0,0,0.0,0.0,0.0,0.0,0,0,0,0,0,0.00,0.00,0.00,0.00,0,False,781,34,2025-26,TJ Carroll,2,10.0,False
0,0,0,0,0,0,0,0,0,0,0,0,0,0.0,0.0,0.0,0.0,0,0,0,0,0,0.00,0.00,0.00,0.00,0,False,782,34,2025-26,Fraser Forster,4,,
0,0,0,0,0,0,0,0,0,0,0,0,0,0.0,0.0,0.0,0.0,0,0,0,0,0,0.00,0.00,0.00,0.00,0,False,783,34,2025-26,Pascal Groß,6,,
0,0,0,0,0,0,0,0,0,0,0,0,0,0.0,0.0,0.0,0.0,0,0,0,0,0,0.00,0.00,0.00,0.00,0,False,784,34,2025-26,George Brierley,3,,
80,0,0,1,0,0,0,0,0,0,0,0,3,2.2,2.8,0.0,0.5,1,1,1,3,1,0.00,0.01,0.01,1.30,2,False,785,34,2025-26,Pablo Felipe Pereira de Jesus,19,9.0,True
0,0,0,0,0,0,0,0,0,0,0,0,0,0.0,0.0,0.0,0.0,0,0,0,0,0,0.00,0.00,0.00,0.00,0,False,786,34,2025-26,Alfie McNally,10,2.0,True
0,0,0,0,0,0,0,0,0,0,0,0,0,0.0,0.0,0.0,0.0,0,0,0,0,0,0.00,0.00,0.00,0.00,0,False,787,34,2025-26,Sam Chambers,11,,
0,0,0,0,0,0,0,0,0,0,0,0,0,0.0,0.0,0.0,0.0,0,0,0,0,0,0.00,0.00,0.00,0.00,0,False,788,34,2025-26,Godwill Kukonki,14,5.0,True
0,0,0,0,0,0,0,0,0,0,0,0,0,0.0,0.0,0.0,0.0,0,0,0,0,0,0.00,0.00,0.00,0.00,0,False,789,34,2025-26,Max Merrick,7,,
0,0,0,0,0,0,0,0,0,0,0,0,0,0.0,0.0,0.0,0.0,0,0,0,0,0,0.00,0.00,0.00,0.00,0,False,790,34,2025-26,Lucá Williams-Barnett,18,20.0,False
78,0,0,1,0,0,0,0,1,0,0,0,5,5.4,0.7,35.0,4.1,1,1,2,4,1,0.26,0.01,0.27,1.30,1,False,791,34,2025-26,Valentín Castellanos,19,9.0,True
0,0,0,0,0,0,0,0,0,0,0,0,0,0.0,0.0,0.0,0.0,0,0,0,0,0,0.00,0.00,0.00,0.00,0,False,792,34,2025-26,Alysson Edward Franco da Rocha dos Santos,2,10.0,False
0,0,0,0,0,0,0,0,0,0,0,0,0,0.0,0.0,0.0,0.0,0,0,0,0,0,0.00,0.00,0.00,0.00,0,False,793,34,2025-26,George King,8,12.0,False
0,0,0,0,0,0,0,0,0,0,0,0,0,0.0,0.0,0.0,0.0,0,0,0,0,0,0.00,0.00,0.00,0.00,0,False,794,34,2025-26,Max Alleyne,13,,
0,0,0,0,0,0,0,0,0,0,0,0,0,0.0,0.0,0.0,0.0,0,0,0,0,0,0.00,0.00,0.00,0.00,0,False,795,34,2025-26,Harry Howell,6,,
90,0,0,1,0,0,0,0,1,0,0,0,18,13.6,24.1,2.0,4.0,2,8,3,13,1,0.00,0.01,0.01,0.64,4,False,796,34,2025-26,Conor Gallagher,18,20.0,False
0,0,0,0,0,0,0,0,0,0,0,0,0,0.0,0.0,0.0,0.0,0,0,0,0,0,0.00,0.00,0.00,0.00,0,False,797,34,2025-26,Kaye Furo,5,14.0,False
0,0,0,0,0,0,0,0,0,0,0,0,0,0.0,0.0,0.0,0.0,0,0,0,0,0,0.00,0.00,0.00,0.00,0,False,798,34,2025-26,Danny Imray,8,12.0,False
0,0,0,0,0,0,0,0,0,0,0,0,0,0.0,0.0,0.0,0.0,0,0,0,0,0,0.00,0.00,0.00,0.00,0,False,799,34,2025-26,Charlie Stevens,4,,
0,0,0,0,0,0,0,0,0,0,0,0,0,0.0,0.0,0.0,0.0,0,0,0,0,0,0.00,0.00,0.00,0.00,0,False,800,34,2025-26,Djiamgone Jocelin Ta Bi,17,16.0,True
0,0,0,0,0,0,0,0,0,0,0,0,0,0.0,0.0,0.0,0.0,0,0,0,0,0,0.00,0.00,0.00,0.00,0,False,801,34,2025-26,Alex Tóth,4,,
0,0,0,0,0,0,0,0,0,0,0,0,0,0.0,0.0,0.0,0.0,0,0,0,0,0,0.00,0.00,0.00,0.00,0,False,802,34,2025-26,Keiber Lamadrid,19,9.0,True
0,0,0,0,0,0,0,0,0,0,0,0,0,0.0,0.0,0.0,0.0,0,0,0,0,0,0.00,0.00,0.00,0.00,0,False,803,34,2025-26,Teddy Sharman-Lowe,7,,
0,0,0,0,0,0,0,0,0,0,0,0,0,0.0,0.0,0.0,0.0,0,0,0,0,0,0.00,0.00,0.00,0.00,0,False,804,34,2025-26,João Victor de Souza Menezes,18,20.0,False
0,0,0,0,0,0,0,0,0,0,0,0,0,0.0,0.0,0.0,0.0,0,0,0,0,0,0.00,0.00,0.00,0.00,0,False,805,34,2025-26,Lorenzo Lucca,16,17.0,False
0,0,0,0,0,0,0,0,0,0,0,0,0,0.0,0.0,0.0,0.0,0,0,0,0,0,0.00,0.00,0.00,0.00,0,False,806,34,2025-26,Christos Mandas,4,,
0,0,0,0,0,0,0,0,0,0,0,0,0,0.0,0.0,0.0,0.0,0,0,0,0,0,0.00,0.00,0.00,0.00,0,False,807,34,2025-26,Rayan Vitor Simplício Rocha,4,,
10,0,0,0,0,0,0,0,0,0,0,0,0,0.0,0.0,4.0,0.3,0,0,0,0,0,0.29,0.00,0.29,0.17,1,False,808,34,2025-26,Tammy Abraham,2,10.0,False
0,0,0,0,0,0,0,0,0,0,0,0,0,0.0,0.0,0.0,0.0,0,0,0,0,0,0.00,0.00,0.00,0.00,0,False,809,34,2025-26,Jerome Abbey,20,18.0,True
0,0,0,0,0,0,0,0,0,0,0,0,0,0.0,0.0,0.0,0.0,0,0,0,0,0,0.00,0.00,0.00,0.00,0,False,810,34,2025-26,Luka Bentt,5,14.0,False
0,0,0,0,0,0,0,0,0,0,0,0,0,0.0,0.0,0.0,0.0,0,0,0,0,0,0.00,0.00,0.00,0.00,0,False,811,34,2025-26,Rio Kyerematen,18,20.0,False
0,0,0,0,0,0,0,0,0,0,0,0,0,0.0,0.0,0.0,0.0,0,0,0,0,0,0.00,0.00,0.00,0.00,0,False,812,34,2025-26,Melker Ellborg,17,16.0,True
0,0,0,0,0,0,0,0,0,0,0,0,0,0.0,0.0,0.0,0.0,0,0,0,0,0,0.00,0.00,0.00,0.00,0,False,813,34,2025-26,Nilson Angulo,17,16.0,True
23,0,0,0,0,0,0,0,0,0,0,0,5,9.2,0.3,2.0,1.2,3,2,1,4,0,0.00,0.02,0.02,0.31,1,False,814,34,2025-26,Luca Netz,16,17.0,False
90,0,0,0,1,0,0,0,1,0,0,0,11,28.6,1.4,2.0,3.2,9,3,2,11,1,0.00,0.00,0.00,1.45,3,False,815,34,2025-26,Axel Disasi,19,9.0,True
0,0,0,0,0,0,0,0,0,0,0,0,0,0.0,0.0,0.0,0.0,0,0,0,0,0,0.00,0.00,0.00,0.00,0,False,816,34,2025-26,Angel Gomes,20,18.0,True
90,0,0,0,1,0,0,0,0,0,0,0,5,7.2,1.0,30.0,3.8,0,0,2,2,1,0.27,0.00,0.27,0.92,2,False,817,34,2025-26,Adam Armstrong,20,18.0,True
0,0,0,0,0,0,0,0,0,0,0,0,0,0.0,0.0,0.0,0.0,0,0,0,0,0,0.00,0.00,0.00,0.00,0,False,818,34,2025-26,James Wilson,18,20.0,False
0,0,0,0,0,0,0,0,0,0,0,0,0,0.0,0.0,0.0,0.0,0,0,0,0,0,0.00,0.00,0.00,0.00,0,False,819,34,2025-26,Ollie Shield,5,14.0,False
0,0,0,0,0,0,0,0,0,0,0,0,0,0.0,0.0,0.0,0.0,0,0,0,0,0,0.00,0.00,0.00,0.00,0,False,820,34,2025-26,Kian McMahon-Brown,3,,
0,0,0,0,0,0,0,0,0,0,0,0,0,0.0,0.0,0.0,0.0,0,0,0,0,0,0.00,0.00,0.00,0.00,0,False,821,34,2025-26,Jack Whittaker,17,16.0,True
0,0,0,0,0,0,0,0,0,0,0,0,0,0.0,0.0,0.0,0.0,0,0,0,0,0,0.00,0.00,0.00,0.00,0,False,822,34,2025-26,Jaydon Jones,17,16.0,True
0,0,0,0,0,0,0,0,0,0,0,0,0,0.0,0.0,0.0,0.0,0,0,0,0,0,0.00,0.00,0.00,0.00,0,False,823,34,2025-26,Joshua Stephenson,5,14.0,False
0,0,0,0,0,0,0,0,0,0,0,0,0,0.0,0.0,0.0,0.0,0,0,0,0,0,0.00,0.00,0.00,0.00,0,False,824,34,2025-26,Conor McManus,5,14.0,False
0,0,0,0,0,0,0,0,0,0,0,0,0,0.0,0.0,0.0,0.0,0,0,0,0,0,0.00,0.00,0.00,0.00,0,False,825,34,2025-26,Finlay Herrick,19,9.0,True
0,0,0,0,0,0,0,0,0,0,0,0,0,0.0,0.0,0.0,0.0,0,0,0,0,0,0.00,0.00,0.00,0.00,0,False,826,34,2025-26,Riley Owen,5,14.0,False
0,0,0,0,0,0,0,0,0,0,0,0,0,0.0,0.0,0.0,0.0,0,0,0,0,0,0.00,0.00,0.00,0.00,0,False,827,34,2025-26,Jim Thwaites,14,5.0,True
0,0,0,0,0,0,0,0,0,0,0,0,0,0.0,0.0,0.0,0.0,0,0,0,0,0,0.00,0.00,0.00,0.00,0,False,828,34,2025-26,Alfie Brooks,20,18.0,True
0,0,0,0,0,0,0,0,0,0,0,0,0,0.0,0.0,0.0,0.0,0,0,0,0,0,0.00,0.00,0.00,0.00,0,False,829,34,2025-26,Jesse Derry,7,,
0,0,0,0,0,0,0,0,0,0,0,0,0,0.0,0.0,0.0,0.0,0,0,0,0,0,0.00,0.00,0.00,0.00,0,False,830,34,2025-26,Will Wright,12,8.0,True
