minutes,goals_scored,assists,clean_sheets,goals_conceded,own_goals,penalties_saved,penalties_missed,yellow_cards,red_cards,saves,bonus,bps,influence,creativity,threat,ict_index,clearances_blocks_interceptions,recoveries,tackles,defensive_contribution,starts,expected_goals,expected_assists,expected_goal_involvements,expected_goals_conceded,total_points,in_dreamteam,element,Gameweek,season,name,team,opponent_team,was_home
90,0,0,1,0,0,0,0,0,0,1,0,22,11.8,0.1,0.0,1.2,1,4,0,0,1,0.00,0.00,0.00,0.37,6,False,1,35,2025-26,David Raya Martín,1,10,True
0,0,0,0,0,0,0,0,0,0,0,0,0,0.0,0.0,0.0,0.0,0,0,0,0,0,0.00,0.00,0.00,0.00,0,False,2,35,2025-26,Kepa Arrizabalaga Revuelta,1,10,True
0,0,0,0,0,0,0,0,0,0,0,0,0,0.0,0.0,0.0,0.0,0,0,0,0,0,0.00,0.00,0.00,0.00,0,False,3,35,2025-26,Karl Hein,1,10,True
0,0,0,0,0,0,0,0,0,0,0,0,0,0.0,0.0,0.0,0.0,0,0,0,0,0,0.00,0.00,0.00,0.00,0,False,4,35,2025-26,Tommy Setford,1,10,True
90,0,0,1,0,0,0,0,0,0,0,0,27,23.6,2.1,52.0,7.8,7,3,1,8,1,0.64,0.02,0.66,0.37,6,False,5,35,2025-26,Gabriel dos Santos Magalhães,1,10,True
90,0,0,1,0,0,0,0,0,0,0,0,27,22.2,24.4,6.0,5.3,6,3,0,6,1,0.00,0.31,0.31,0.37,6,False,6,35,2025-26,William Saliba,1,10,True
90,0,0,1,0,0,0,0,0,0,0,0,20,25.2,12.6,39.0,7.7,5,3,1,6,1,0.23,0.02,0.25,0.37,6,False,7,35,2025-26,Riccardo Calafiori,1,10,True
0,0,0,0,0,0,0,0,0,0,0,0,0,0.0,0.0,0.0,0.0,0,0,0,0,0,0.00,0.00,0.00,0.00,0,False,8,35,2025-26,Jurriën Timber,1,10,True
0,0,0,0,0,0,0,0,0,0,0,0,0,0.0,0.0,0.0,0.0,0,0,0,0,0,0.00,0.00,0.00,0.00,0,False,9,35,2025-26,Jakub Kiwior,1,10,True
90,0,0,1,0,0,0,0,0,0,0,0,28,11.6,15.5,2.0,2.9,1,6,2,3,1,0.00,0.07,0.07,0.37,6,False,10,35,2025-26,Myles Lewis-Skelly,1,10,True
82,0,0,1,0,0,0,0,0,0,0,0,27,12.0,14.8,6.0,3.3,4,5,0,4,1,0.00,0.14,0.14,0.37,6,False,11,35,2025-26,Benjamin White,1,10,True
0,0,0,0,0,0,0,0,0,0,0,0,0,0.0,0.0,0.0,0.0,0,0,0,0,0,0.00,0.00,0.00,0.00,0,False,12,35,2025-26,Oleksandr Zinchenko,16,7,False
0,0,0,0,0,0,0,0,0,0,0,0,0,0.0,0.0,0.0,0.0,0,0,0,0,0,0.00,0.00,0.00,0.00,0,False,13,35,2025-26,Brayden Clarke,1,10,True
0,0,0,0,0,0,0,0,0,0,0,0,0,0.0,0.0,0.0,0.0,0,0,0,0,0,0.00,0.00,0.00,0.00,0,False,14,35,2025-26,Maldini Kacurri,1,10,True
0,0,0,0,0,0,0,0,0,0,0,0,0,0.0,0.0,0.0,0.0,0,0,0,0,0,0.00,0.00,0.00,0.00,0,False,15,35,2025-26,Josh Nichols,1,10,True
45,1,1,0,0,0,0,0,0,0,0,2,46,55.2,49.3,25.0,13.0,0,4,0,4,1,0.30,0.86,1.16,0.03,11,True,16,35,2025-26,Bukayo Saka,1,10,True
0,0,0,0,0,0,0,0,0,0,0,0,0,0.0,0.0,0.0,0.0,0,0,0,0,0,0.00,0.00,0.00,0.00,0,False,17,35,2025-26,Martin Ødegaard,1,10,True
45,0,0,0,0,0,0,0,0,0,0,0,4,0.6,15.5,2.0,1.8,0,3,0,3,0,0.00,0.24,0.24,0.34,1,False,18,35,2025-26,Noni Madueke,1,10,True
0,0,0,0,0,0,0,0,0,0,0,0,0,0.0,0.0,0.0,0.0,0,0,0,0,0,0.00,0.00,0.00,0.00,0,False,19,35,2025-26,Gabriel Martinelli Silva,1,10,True
90,0,1,1,0,0,0,0,0,0,0,1,41,31.0,36.3,35.0,10.2,0,5,0,5,1,0.11,0.64,0.75,0.37,7,False,20,35,2025-26,Leandro Trossard,1,10,True
63,0,0,1,0,0,0,0,0,0,0,0,14,13.0,6.9,2.0,2.2,5,6,1,12,1,0.00,0.05,0.05,0.20,5,False,21,35,2025-26,Declan Rice,1,10,True
0,0,0,0,0,0,0,0,0,0,0,0,0,0.0,0.0,0.0,0.0,0,0,0,0,0,0.00,0.00,0.00,0.00,0,False,22,35,2025-26,Mikel Merino Zazón,1,10,True
0,0,0,0,0,0,0,0,0,0,0,0,0,0.0,0.0,0.0,0.0,0,0,0,0,0,0.00,0.00,0.00,0.00,0,False,23,35,2025-26,Fábio Ferreira Vieira,1,10,True
0,0,0,0,0,0,0,0,0,0,0,0,0,0.0,0.0,0.0,0.0,0,0,0,0,0,0.00,0.00,0.00,0.00,0,False,24,35,2025-26,Christian Nørgaard,1,10,True
0,0,0,0,0,0,0,0,0,0,0,0,0,0.0,0.0,0.0,0.0,0,0,0,0,0,0.00,0.00,0.00,0.00,0,False,25,35,2025-26,Ethan Nwaneri,1,10,True
26,0,0,0,0,0,0,0,0,0,0,0,5,4.6,10.3,0.0,1.5,0,2,1,3,0,0.00,0.00,0.00,0.17,1,False,26,35,2025-26,Martín Zubimendi Ibáñez,1,10,True
0,0,0,0,0,0,0,0,0,0,0,0,0,0.0,0.0,0.0,0.0,0,0,0,0,0,0.00,0.00,0.00,0.00,0,False,27,35,2025-26,Reiss Nelson,5,19,True
0,0,0,0,0,0,0,0,0,0,0,0,0,0.0,0.0,0.0,0.0,0,0,0,0,0,0.00,0.00,0.00,0.00,0,False,28,35,2025-26,Ismeal Kabia,1,10,True
0,0,0,0,0,0,0,0,0,0,0,0,0,0.0,0.0,0.0,0.0,0,0,0,0,0,0.00,0.00,0.00,0.00,0,False,29,35,2025-26,Albert Sambi Lokonga,1,10,True
0,0,0,0,0,0,0,0,0,0,0,0,0,0.0,0.0,0.0,0.0,0,0,0,0,0,0.00,0.00,0.00,0.00,0,False,30,35,2025-26,Kai Havertz,1,10,True
26,0,0,0,0,0,0,0,0,0,0,0,0,1.0,1.0,0.0,0.2,1,0,0,1,0,0.00,0.00,0.00,0.17,1,False,31,35,2025-26,Gabriel Fernando de Jesus,1,10,True
90,0,0,0,2,0,0,0,0,0,3,0,10,23.4,0.0,0.0,2.3,0,7,0,0,1,0.00,0.00,0.00,0.99,2,False,32,35,2025-26,Emiliano Martínez Romero,2,18,True
0,0,0,0,0,0,0,0,0,0,0,0,0,0.0,0.0,0.0,0.0,0,0,0,0,0,0.00,0.00,0.00,0.00,0,False,33,35,2025-26,Marco Bizot,2,18,True
0,0,0,0,0,0,0,0,0,0,0,0,0,0.0,0.0,0.0,0.0,0,0,0,0,0,0.00,0.00,0.00,0.00,0,False,34,35,2025-26,Joe Gauci,2,18,True
0,0,0,0,0,0,0,0,0,0,0,0,0,0.0,0.0,0.0,0.0,0,0,0,0,0,0.00,0.00,0.00,0.00,0,False,35,35,2025-26,Filip Marschall,2,18,True
90,0,1,0,2,0,0,0,0,0,0,1,25,41.4,16.2,0.0,5.8,2,3,7,9,1,0.00,0.07,0.07,0.99,5,False,36,35,2025-26,Matty Cash,2,18,True
0,0,0,0,0,0,0,0,0,0,0,0,0,0.0,0.0,0.0,0.0,0,0,0,0,0,0.00,0.00,0.00,0.00,0,False,37,35,2025-26,Lucas Digne,2,18,True
0,0,0,0,0,0,0,0,0,0,0,0,0,0.0,0.0,0.0,0.0,0,0,0,0,0,0.00,0.00,0.00,0.00,0,False,38,35,2025-26,Ezri Konsa Ngoyo,2,18,True
90,0,0,0,2,0,0,0,0,0,0,0,-6,6.0,10.9,4.0,2.1,3,1,0,3,1,0.00,0.00,0.00,0.99,1,False,39,35,2025-26,Ian Maatsen,2,18,True
90,0,0,0,2,0,0,0,0,0,0,0,3,4.2,1.8,7.0,1.3,2,6,0,2,1,0.22,0.01,0.23,0.99,1,False,40,35,2025-26,Tyrone Mings,2,18,True
0,0,0,0,0,0,0,0,0,0,0,0,0,0.0,0.0,0.0,0.0,0,0,0,0,0,0.00,0.00,0.00,0.00,0,False,41,35,2025-26,Pau Torres,2,18,True
0,0,0,0,0,0,0,0,0,0,0,0,0,0.0,0.0,0.0,0.0,0,0,0,0,0,0.00,0.00,0.00,0.00,0,False,42,35,2025-26,Andrés García,2,18,True
0,0,0,0,0,0,0,0,0,0,0,0,0,0.0,0.0,0.0,0.0,0,0,0,0,0,0.00,0.00,0.00,0.00,0,False,43,35,2025-26,Álex Moreno Lopera,2,18,True
90,0,0,0,2,0,0,0,0,0,0,0,4,9.6,1.3,0.0,1.1,1,2,4,5,1,0.00,0.00,0.00,0.99,1,False,44,35,2025-26,Lamare Bogarde,2,18,True
0,0,0,0,0,0,0,0,0,0,0,0,0,0.0,0.0,0.0,0.0,0,0,0,0,0,0.00,0.00,0.00,0.00,0,False,45,35,2025-26,Lino da Cruz Sousa,2,18,True
0,0,0,0,0,0,0,0,0,0,0,0,0,0.0,0.0,0.0,0.0,0,0,0,0,0,0.00,0.00,0.00,0.00,0,False,46,35,2025-26,Yasin Özcan,2,18,True
90,0,0,0,2,0,0,0,1,0,0,0,8,10.6,4.0,12.0,2.7,2,5,3,10,1,0.03,0.00,0.03,0.99,1,False,47,35,2025-26,Morgan Rogers,2,18,True
90,0,0,0,2,0,0,0,0,0,0,0,13,8.4,1.6,2.0,1.2,3,5,2,10,1,0.00,0.02,0.02,0.99,2,False,48,35,2025-26,Youri Tielemans,2,18,True
5,0,0,0,0,0,0,0,0,0,0,0,7,3.4,14.4,0.0,1.8,0,0,0,0,0,0.00,0.22,0.22,0.00,1,False,49,35,2025-26,Leon Bailey,2,18,True
5,1,0,0,0,0,0,0,0,0,0,0,23,35.0,0.0,17.0,5.2,0,0,1,1,0,0.06,0.00,0.06,0.00,6,False,50,35,2025-26,Emiliano Buendía Stati,2,18,True
0,0,0,0,0,0,0,0,0,0,0,0,0,0.0,0.0,0.0,0.0,0,0,0,0,0,0.00,0.00,0.00,0.00,0,False,51,35,2025-26,Samuel Iling-Junior,2,18,True
1,0,0,0,0,0,0,0,0,0,0,0,4,1.0,0.5,2.0,0.4,0,0,0,0,0,0.00,0.00,0.00,0.00,1,False,52,35,2025-26,Jacob Ramsey,15,6,True
0,0,0,0,0,0,0,0,0,0,0,0,0,0.0,0.0,0.0,0.0,0,0,0,0,0,0.00,0.00,0.00,0.00,0,False,53,35,2025-26,Donyell Malen,2,18,True
0,0,0,0,0,0,0,0,0,0,0,0,0,0.0,0.0,0.0,0.0,0,0,0,0,0,0.00,0.00,0.00,0.00,0,False,54,35,2025-26,John McGinn,2,18,True
84,0,0,0,2,0,0,0,1,0,0,0,-4,0.0,13.8,0.0,1.3,0,4,0,4,1,0.00,0.01,0.01,0.99,1,False,55,35,2025-26,Ross Barkley,2,18,True
0,0,0,0,0,0,0,0,0,0,0,0,0,0.0,0.0,0.0,0.0,0,0,0,0,0,0.00,0.00,0.00,0.00,0,False,56,35,2025-26,Enzo Barrenechea,2,18,True
0,0,0,0,0,0,0,0,0,0,0,0,0,0.0,0.0,0.0,0.0,0,0,0,0,0,0.00,0.00,0.00,0.00,0,False,57,35,2025-26,Lewis Dobbin,2,18,True
0,0,0,0,0,0,0,0,0,0,0,0,0,0.0,0.0,0.0,0.0,0,0,0,0,0,0.00,0.00,0.00,0.00,0,False,58,35,2025-26,Boubacar Kamara,2,18,True
0,0,0,0,0,0,0,0,0,0,0,0,0,0.0,0.0,0.0,0.0,0,0,0,0,0,0.00,0.00,0.00,0.00,0,False,59,35,2025-26,Amadou Onana,2,18,True
0,0,0,0,0,0,0,0,0,0,0,0,0,0.0,0.0,0.0,0.0,0,0,0,0,0,0.00,0.00,0.00,0.00,0,False,60,35,2025-26,Ben Broggio,2,18,True
0,0,0,0,0,0,0,0,0,0,0,0,0,0.0,0.0,0.0,0.0,0,0,0,0,0,0.00,0.00,0.00,0.00,0,False,61,35,2025-26,Leander Dendoncker,2,18,True
0,0,0,0,0,0,0,0,0,0,0,0,0,0.0,0.0,0.0,0.0,0,0,0,0,0,0.00,0.00,0.00,0.00,0,False,62,35,2025-26,Jamaldeen Jimoh-Aloba,2,18,True
0,0,0,0,0,0,0,0,0,0,0,0,0,0.0,0.0,0.0,0.0,0,0,0,0,0,0.00,0.00,0.00,0.00,0,False,63,35,2025-26,Kadan Young,2,18,True
30,0,0,0,0,0,0,0,0,0,0,0,2,1.0,10.3,2.0,1.3,0,0,0,0,0,0.02,0.00,0.02,0.03,1,False,64,35,2025-26,Ollie Watkins,2,18,True
0,0,0,0,0,0,0,0,0,0,0,0,0,0.0,0.0,0.0,0.0,0,0,0,0,0,0.00,0.00,0.00,0.00,0,False,65,35,2025-26,Zépiqueno Redmond,2,18,True
0,0,0,0,0,0,0,0,0,0,0,0,0,0.0,0.0,0.0,0.0,0,0,0,0,0,0.00,0.00,0.00,0.00,0,False,66,35,2025-26,Norberto Murara Neto,4,8,True
90,0,0,1,0,0,0,0,0,0,1,0,23,10.6,0.0,0.0,1.1,0,6,0,0,1,0.00,0.00,0.00,0.89,6,False,67,35,2025-26,Đorđe Petrović,4,8,True
0,0,0,0,0,0,0,0,0,0,0,0,0,0.0,0.0,0.0,0.0,0,0,0,0,0,0.00,0.00,0.00,0.00,0,False,68,35,2025-26,Will Dennis,4,8,True
0,0,0,0,0,0,0,0,0,0,0,0,0,0.0,0.0,0.0,0.0,0,0,0,0,0,0.00,0.00,0.00,0.00,0,False,69,35,2025-26,Callan McKenna,4,8,True
0,0,0,0,0,0,0,0,0,0,0,0,0,0.0,0.0,0.0,0.0,0,0,0,0,0,0.00,0.00,0.00,0.00,0,False,70,35,2025-26,Alex Paulsen,4,8,True
0,0,0,0,0,0,0,0,0,0,0,0,0,0.0,0.0,0.0,0.0,0,0,0,0,0,0.00,0.00,0.00,0.00,0,False,71,35,2025-26,Illia Zabarnyi,4,8,True
90,0,1,1,0,0,0,0,0,0,0,3,39,36.0,20.5,6.0,6.3,11,4,3,14,1,0.00,0.13,0.13,0.89,14,True,72,35,2025-26,Marcos Senesi Barón,4,8,True
0,0,0,0,0,0,0,0,0,0,0,0,0,0.0,0.0,0.0,0.0,0,0,0,0,0,0.00,0.00,0.00,0.00,0,False,73,35,2025-26,Adam Smith,4,8,True
90,0,0,1,0,0,0,0,0,0,0,1,28,9.4,15.9,4.0,2.9,4,3,0,4,1,0.00,0.08,0.08,0.89,7,False,74,35,2025-26,Adrien Truffert,4,8,True
0,0,0,0,0,0,0,0,0,0,0,0,0,0.0,0.0,0.0,0.0,0,0,0,0,0,0.00,0.00,0.00,0.00,0,False,75,35,2025-26,Matai Akinmboni,4,8,True
0,0,0,0,0,0,0,0,0,0,0,0,0,0.0,0.0,0.0,0.0,0,0,0,0,0,0.00,0.00,0.00,0.00,0,False,76,35,2025-26,Owen Bevan,4,8,True
90,0,0,1,0,0,0,0,0,0,0,2,31,31.8,11.1,2.0,4.5,11,7,4,15,1,0.00,0.04,0.04,0.89,10,False,77,35,2025-26,James Hill,4,8,True
0,0,0,0,0,0,0,0,0,0,0,0,0,0.0,0.0,0.0,0.0,0,0,0,0,0,0.00,0.00,0.00,0.00,0,False,78,35,2025-26,Julián Araujo Zúñiga,4,8,True
0,0,0,0,0,0,0,0,0,0,0,0,0,0.0,0.0,0.0,0.0,0,0,0,0,0,0.00,0.00,0.00,0.00,0,False,79,35,2025-26,Chris Mepham,4,8,True
0,0,0,0,0,0,0,0,0,0,0,0,0,0.0,0.0,0.0,0.0,0,0,0,0,0,0.00,0.00,0.00,0.00,0,False,80,35,2025-26,Julio Soler Barreto,4,8,True
0,0,0,0,0,0,0,0,0,0,0,0,0,0.0,0.0,0.0,0.0,0,0,0,0,0,0.00,0.00,0.00,0.00,0,False,81,35,2025-26,Justin Kluivert,4,8,True
74,0,0,0,2,0,0,0,0,0,0,0,8,11.2,14.3,18.0,4.4,1,2,2,5,1,0.12,0.07,0.19,1.61,2,False,82,35,2025-26,Antoine Semenyo,13,9,False
89,0,1,1,0,0,0,0,0,0,0,0,14,6.8,5.6,15.0,2.7,1,4,4,9,1,0.12,0.01,0.13,0.91,6,False,83,35,2025-26,Dango Ouattara,5,19,True
85,0,0,1,0,0,0,0,0,0,0,0,12,6.0,9.4,21.0,3.6,0,6,0,6,1,0.14,0.03,0.17,0.35,3,False,84,35,2025-26,Marcus Tavernier,4,8,True
68,0,0,1,0,0,0,0,0,0,0,0,7,7.6,28.8,2.0,3.8,1,2,0,3,1,0.00,0.09,0.09,0.25,3,False,85,35,2025-26,Tyler Adams,4,8,True
20,0,1,0,0,0,0,0,0,0,0,0,15,17.2,16.3,2.0,3.6,0,3,0,3,0,0.03,0.15,0.18,0.64,4,False,86,35,2025-26,David Brooks,4,8,True
21,0,0,0,0,0,0,0,0,0,0,0,7,5.6,0.8,0.0,0.6,0,2,2,4,0,0.00,0.00,0.00,0.64,1,False,87,35,2025-26,Ryan Christie,4,8,True
0,0,0,0,0,0,0,0,0,0,0,0,0,0.0,0.0,0.0,0.0,0,0,0,0,0,0.00,0.00,0.00,0.00,0,False,88,35,2025-26,Lewis Cook,4,8,True
0,0,0,0,0,0,0,0,0,0,0,0,0,0.0,0.0,0.0,0.0,0,0,0,0,0,0.00,0.00,0.00,0.00,0,False,89,35,2025-26,Philip Billing,4,8,True
90,0,0,1,0,0,0,0,0,0,0,0,17,12.8,36.9,9.0,5.9,1,7,2,10,1,0.04,0.30,0.34,0.89,3,False,90,35,2025-26,Alex Scott,4,8,True
0,0,0,0,0,0,0,0,0,0,0,0,0,0.0,0.0,0.0,0.0,0,0,0,0,0,0.00,0.00,0.00,0.00,0,False,91,35,2025-26,Luis Sinisterra Lucumí,4,8,True
0,0,0,0,0,0,0,0,0,0,0,0,0,0.0,0.0,0.0,0.0,0,0,0,0,0,0.00,0.00,0.00,0.00,0,False,92,35,2025-26,Romain Faivre,4,8,True
0,0,0,0,0,0,0,0,0,0,0,0,0,0.0,0.0,0.0,0.0,0,0,0,0,0,0.00,0.00,0.00,0.00,0,False,93,35,2025-26,Hamed Traorè,4,8,True
0,0,0,0,0,0,0,0,0,0,0,0,0,0.0,0.0,0.0,0.0,0,0,0,0,0,0.00,0.00,0.00,0.00,0,False,94,35,2025-26,Dominic Sadi,4,8,True
0,0,0,0,0,0,0,0,0,0,0,0,0,0.0,0.0,0.0,0.0,0,0,0,0,0,0.00,0.00,0.00,0.00,0,False,95,35,2025-26,Zain Silcott-Duberry,4,8,True
0,0,0,0,0,0,0,0,0,0,0,0,0,0.0,0.0,0.0,0.0,0,0,0,0,0,0.00,0.00,0.00,0.00,0,False,96,35,2025-26,Ben Winterburn,4,8,True
79,0,1,1,0,0,0,0,0,0,0,0,17,0.0,12.0,14.0,2.6,2,5,0,7,1,0.24,0.16,0.40,0.25,5,False,97,35,2025-26,Francisco Evanilson de Lima Barbosa,4,8,True
10,0,0,0,0,0,0,0,0,0,0,0,3,2.0,0.3,2.0,0.4,1,0,0,1,0,0.04,0.00,0.04,0.64,1,False,98,35,2025-26,Enes Ünal,4,8,True
0,0,0,0,0,0,0,0,0,0,0,0,0,0.0,0.0,0.0,0.0,0,0,0,0,0,0.00,0.00,0.00,0.00,0,False,99,35,2025-26,Daniel Adu-Adjei,4,8,True
69,1,0,1,0,0,0,0,0,0,0,0,22,38.6,4.4,37.0,8.0,1,4,1,6,1,1.00,0.01,1.01,0.25,6,False,100,35,2025-26,Junior Kroupi,4,8,True
90,0,0,1,0,0,0,0,0,0,4,1,32,29.0,0.0,0.0,2.9,1,8,0,0,1,0.00,0.00,0.00,0.92,8,True,101,35,2025-26,Caoimhín Kelleher,5,19,True
0,0,0,0,0,0,0,0,0,0,0,0,0,0.0,0.0,0.0,0.0,0,0,0,0,0,0.00,0.00,0.00,0.00,0,False,102,35,2025-26,Ellery Balcombe,5,19,True
0,0,0,0,0,0,0,0,0,0,0,0,0,0.0,0.0,0.0,0.0,0,0,0,0,0,0.00,0.00,0.00,0.00,0,False,103,35,2025-26,Matthew Cox,5,19,True
0,0,0,0,0,0,0,0,0,0,0,0,0,0.0,0.0,0.0,0.0,0,0,0,0,0,0.00,0.00,0.00,0.00,0,False,104,35,2025-26,Julian Eyestone,5,19,True
0,0,0,0,0,0,0,0,0,0,0,0,0,0.0,0.0,0.0,0.0,0,0,0,0,0,0.00,0.00,0.00,0.00,0,False,105,35,2025-26,Hákon Rafn Valdimarsson,5,19,True
90,0,0,1,0,0,0,0,0,0,0,0,27,15.0,10.8,4.0,3.0,5,5,1,6,1,0.00,0.00,0.00,0.92,6,False,106,35,2025-26,Nathan Collins,5,19,True
90,0,1,1,0,0,0,0,0,0,0,2,34,29.0,17.0,45.0,9.1,2,8,0,2,1,0.23,0.17,0.40,0.91,11,True,107,35,2025-26,Keane Lewis-Potter,5,19,True
10,0,0,0,0,0,0,0,0,0,0,0,2,0.4,0.0,0.0,0.0,0,1,0,0,0,0.00,0.00,0.00,0.02,1,False,108,35,2025-26,Kristoffer Ajer,5,19,True
0,0,0,0,0,0,0,0,0,0,0,0,0,0.0,0.0,0.0,0.0,0,0,0,0,0,0.00,0.00,0.00,0.00,0,False,109,35,2025-26,Rico Henry,5,19,True
90,0,0,1,0,0,0,0,1,0,0,0,15,5.6,11.9,2.0,2.0,2,1,0,2,1,0.00,0.05,0.05,0.92,5,False,110,35,2025-26,Michael Kayode,5,19,True
0,0,0,0,0,0,0,0,0,0,0,0,0,0.0,0.0,0.0,0.0,0,0,0,0,0,0.00,0.00,0.00,0.00,0,False,111,35,2025-26,Ethan Pinnock,5,19,True
0,0,0,0,0,0,0,0,0,0,0,0,0,0.0,0.0,0.0,0.0,0,0,0,0,0,0.00,0.00,0.00,0.00,0,False,112,35,2025-26,Mads Roerslev Rasmussen,5,19,True
90,0,0,1,0,0,0,0,0,0,0,0,27,14.8,1.2,24.0,4.0,5,0,3,8,1,0.31,0.01,0.32,0.92,6,False,113,35,2025-26,Sepp van den Berg,5,19,True
0,0,0,0,0,0,0,0,0,0,0,0,0,0.0,0.0,0.0,0.0,0,0,0,0,0,0.00,0.00,0.00,0.00,0,False,114,35,2025-26,Benjamin Arthur,5,19,True
0,0,0,0,0,0,0,0,0,0,0,0,0,0.0,0.0,0.0,0.0,0,0,0,0,0,0.00,0.00,0.00,0.00,0,False,115,35,2025-26,Benjamin Fredrick,5,19,True
1,0,0,0,0,0,0,0,0,0,0,0,5,2.2,0.0,0.0,0.2,0,0,1,1,0,0.00,0.00,0.00,0.02,1,False,116,35,2025-26,Aaron Hickey,5,19,True
0,0,0,0,0,0,0,0,0,0,0,0,0,0.0,0.0,0.0,0.0,0,0,0,0,0,0.00,0.00,0.00,0.00,0,False,117,35,2025-26,Kim Ji-soo,5,19,True
0,0,0,0,0,0,0,0,0,0,0,0,0,0.0,0.0,0.0,0.0,0,0,0,0,0,0.00,0.00,0.00,0.00,0,False,118,35,2025-26,Jayden Meghoma,5,19,True
74,0,0,0,2,0,0,0,0,0,0,0,11,8.8,44.3,23.0,7.6,1,4,1,6,1,0.42,0.43,0.85,0.80,2,False,119,35,2025-26,Bryan Mbeumo,14,12,True
79,0,0,1,0,0,0,0,0,0,0,0,6,3.2,0.6,6.0,1.0,0,2,2,4,1,0.00,0.00,0.00,0.91,3,False,120,35,2025-26,Kevin Schade,5,19,True
90,1,0,1,0,0,0,0,0,0,0,3,36,41.6,36.8,22.0,10.0,2,6,0,8,1,0.44,0.16,0.60,0.91,11,True,121,35,2025-26,Mikkel Damsgaard,5,19,True
0,0,0,0,0,0,0,0,0,0,0,0,0,0.0,0.0,0.0,0.0,0,0,0,0,0,0.00,0.00,0.00,0.00,0,False,122,35,2025-26,Antoni Milambo,5,19,True
0,0,0,0,0,0,0,0,0,0,0,0,0,0.0,0.0,0.0,0.0,0,0,0,0,0,0.00,0.00,0.00,0.00,0,False,123,35,2025-26,Fábio Freitas Gouveia Carvalho,5,19,True
0,0,0,0,0,0,0,0,0,0,0,0,0,0.0,0.0,0.0,0.0,0,0,0,0,0,0.00,0.00,0.00,0.00,0,False,124,35,2025-26,Jordan Henderson,5,19,True
0,0,0,0,0,0,0,0,0,0,0,0,0,0.0,0.0,0.0,0.0,0,0,0,0,0,0.00,0.00,0.00,0.00,0,False,125,35,2025-26,Vitaly Janelt,5,19,True
90,0,0,1,0,0,0,0,0,0,0,0,22,24.0,25.3,2.0,5.1,1,1,5,7,1,0.03,0.63,0.66,0.92,3,False,126,35,2025-26,Mathias Jensen,5,19,True
0,0,0,0,0,0,0,0,0,0,0,0,0,0.0,0.0,0.0,0.0,0,0,0,0,0,0.00,0.00,0.00,0.00,0,False,127,35,2025-26,Gustavo Nunes Fernandes Gomes,5,19,True
0,0,0,0,0,0,0,0,0,0,0,0,0,0.0,0.0,0.0,0.0,0,0,0,0,0,0.00,0.00,0.00,0.00,0,False,128,35,2025-26,Frank Onyeka,5,19,True
90,0,0,1,0,0,0,0,0,0,0,0,17,14.0,17.6,1.0,3.3,3,6,2,11,1,0.03,0.04,0.07,0.92,3,False,129,35,2025-26,Yehor Yarmoliuk,5,19,True
0,0,0,0,0,0,0,0,0,0,0,0,0,0.0,0.0,0.0,0.0,0,0,0,0,0,0.00,0.00,0.00,0.00,0,False,130,35,2025-26,Romelle Donovan,5,19,True
0,0,0,0,0,0,0,0,0,0,0,0,0,0.0,0.0,0.0,0.0,0,0,0,0,0,0.00,0.00,0.00,0.00,0,False,131,35,2025-26,Yunus Emre Konak,5,19,True
0,0,0,0,0,0,0,0,0,0,0,0,0,0.0,0.0,0.0,0.0,0,0,0,0,0,0.00,0.00,0.00,0.00,0,False,132,35,2025-26,Paris Maghoma,5,19,True
0,0,0,0,0,0,0,0,0,0,0,0,0,0.0,0.0,0.0,0.0,0,0,0,0,0,0.00,0.00,0.00,0.00,0,False,133,35,2025-26,Myles Peart-Harris,5,19,True
0,0,0,0,0,0,0,0,0,0,0,0,0,0.0,0.0,0.0,0.0,0,0,0,0,0,0.00,0.00,0.00,0.00,0,False,134,35,2025-26,Ryan Trevitt,5,19,True
22,0,1,0,0,0,0,0,1,0,0,0,5,0.0,0.0,8.0,0.6,0,0,1,1,0,0.62,0.00,0.62,0.52,3,False,135,35,2025-26,Yoane Wissa,15,6,True
90,1,0,1,0,0,0,0,0,0,0,0,21,44.4,1.3,41.0,8.7,3,0,1,4,1,1.12,0.01,1.13,0.92,6,False,136,35,2025-26,Igor Thiago Nascimento Rodrigues,5,19,True
0,0,0,0,0,0,0,0,0,0,0,0,0,0.0,0.0,0.0,0.0,0,0,0,0,0,0.00,0.00,0.00,0.00,0,False,137,35,2025-26,Iwan Morgan,5,19,True
0,0,0,0,0,0,0,0,0,0,0,0,0,0.0,0.0,0.0,0.0,0,0,0,0,0,0.00,0.00,0.00,0.00,0,False,138,35,2025-26,Jason Steele,6,15,False
90,0,0,0,3,0,0,0,0,0,4,0,1,26.8,0.0,0.0,2.7,1,5,0,0,1,0.00,0.00,0.00,3.16,2,False,139,35,2025-26,Bart Verbruggen,6,15,False
0,0,0,0,0,0,0,0,0,0,0,0,0,0.0,0.0,0.0,0.0,0,0,0,0,0,0.00,0.00,0.00,0.00,0,False,140,35,2025-26,Tom McGill,6,15,False
0,0,0,0,0,0,0,0,0,0,0,0,0,0.0,0.0,0.0,0.0,0,0,0,0,0,0.00,0.00,0.00,0.00,0,False,141,35,2025-26,Carl Rushworth,6,15,False
0,0,0,0,0,0,0,0,0,0,0,0,0,0.0,0.0,0.0,0.0,0,0,0,0,0,0.00,0.00,0.00,0.00,0,False,142,35,2025-26,Kjell Scherpen,6,15,False
90,0,0,0,3,0,0,0,0,0,0,0,8,24.4,17.3,0.0,4.2,3,5,2,5,1,0.00,0.07,0.07,3.16,1,False,143,35,2025-26,Olivier Boscagli,6,15,False
0,0,0,0,0,0,0,0,0,0,0,0,0,0.0,0.0,0.0,0.0,0,0,0,0,0,0.00,0.00,0.00,0.00,0,False,144,35,2025-26,Diego Coppola,6,15,False
9,0,0,0,1,0,0,0,0,0,0,0,2,6.6,14.8,0.0,2.1,1,0,1,2,0,0.00,0.01,0.01,1.05,1,False,145,35,2025-26,Maxim De Cuyper,6,15,False
2,0,0,0,1,0,0,0,0,0,0,0,-1,0.0,0.0,0.0,0.0,0,0,0,0,0,0.00,0.00,0.00,1.05,1,False,146,35,2025-26,Lewis Dunk,6,15,False
0,0,0,0,0,0,0,0,0,0,0,0,0,0.0,0.0,0.0,0.0,0,0,0,0,0,0.00,0.00,0.00,0.00,0,False,147,35,2025-26,Pervis Estupiñán Tenorio,6,15,False
90,0,0,0,3,0,0,0,0,0,0,0,-2,7.2,30.3,4.0,4.2,1,3,0,1,1,0.00,0.06,0.06,3.16,1,False,148,35,2025-26,Ferdi Kadıoğlu,6,15,False
0,0,0,0,0,0,0,0,0,0,0,0,0,0.0,0.0,0.0,0.0,0,0,0,0,0,0.00,0.00,0.00,0.00,0,False,149,35,2025-26,Igor Julio dos Santos de Paulo,6,15,False
0,0,0,0,0,0,0,0,0,0,0,0,0,0.0,0.0,0.0,0.0,0,0,0,0,0,0.00,0.00,0.00,0.00,0,False,150,35,2025-26,Tariq Lamptey,6,15,False
90,0,0,0,3,0,0,0,1,0,0,0,3,14.0,2.5,2.0,1.9,8,7,2,10,1,0.00,0.10,0.10,3.16,2,False,151,35,2025-26,Jan Paul van Hecke,6,15,False
62,0,0,0,1,0,0,0,1,0,0,0,5,0.0,2.3,0.0,0.2,0,3,0,0,0,0.00,0.01,0.01,1.69,1,False,152,35,2025-26,Joël Veltman,6,15,False
0,0,0,0,0,0,0,0,0,0,0,0,0,0.0,0.0,0.0,0.0,0,0,0,0,0,0.00,0.00,0.00,0.00,0,False,153,35,2025-26,Adam Webster,6,15,False
0,0,0,0,0,0,0,0,0,0,0,0,0,0.0,0.0,0.0,0.0,0,0,0,0,0,0.00,0.00,0.00,0.00,0,False,154,35,2025-26,Eiran Cashin,6,15,False
0,0,0,0,0,0,0,0,0,0,0,0,0,0.0,0.0,0.0,0.0,0,0,0,0,0,0.00,0.00,0.00,0.00,0,False,155,35,2025-26,Jacob Slater,6,15,False
0,0,0,0,0,0,0,0,0,0,0,0,0,0.0,0.0,0.0,0.0,0,0,0,0,0,0.00,0.00,0.00,0.00,0,False,156,35,2025-26,Charlie Tasker,6,15,False
90,0,0,0,3,0,0,0,1,0,0,0,13,3.2,17.1,6.0,2.6,0,5,0,5,1,0.12,0.06,0.18,3.16,1,False,157,35,2025-26,Mitoma Kaoru,6,15,False
10,0,0,0,1,0,0,0,0,0,0,0,11,7.2,14.1,4.0,2.5,0,0,1,1,0,0.00,0.26,0.26,1.05,1,False,158,35,2025-26,Georginio Rutter,6,15,False
0,0,0,0,0,0,0,0,0,0,0,0,0,0.0,0.0,0.0,0.0,0,0,0,0,0,0.00,0.00,0.00,0.00,0,False,159,35,2025-26,Solly March,6,15,False
90,0,0,0,3,0,0,0,0,0,0,0,6,0.0,18.3,17.0,3.5,0,1,1,2,1,0.32,0.06,0.38,3.16,2,False,160,35,2025-26,Yankuba Minteh,6,15,False
0,0,0,0,0,0,0,0,0,0,0,0,0,0.0,0.0,0.0,0.0,0,0,0,0,0,0.00,0.00,0.00,0.00,0,False,161,35,2025-26,Julio Enciso Espínola,6,15,False
0,0,0,0,0,0,0,0,0,0,0,0,0,0.0,0.0,0.0,0.0,0,0,0,0,0,0.00,0.00,0.00,0.00,0,False,162,35,2025-26,Brajan Gruda,6,15,False
87,1,0,0,2,0,0,0,0,0,0,0,22,38.4,1.4,59.0,9.9,1,3,0,4,1,0.66,0.02,0.68,2.11,7,False,163,35,2025-26,Jack Hinshelwood,6,15,False
0,0,0,0,0,0,0,0,0,0,0,0,0,0.0,0.0,0.0,0.0,0,0,0,0,0,0.00,0.00,0.00,0.00,0,False,164,35,2025-26,Matt O'Riley,6,15,False
0,0,0,0,0,0,0,0,0,0,0,0,0,0.0,0.0,0.0,0.0,0,0,0,0,0,0.00,0.00,0.00,0.00,0,False,165,35,2025-26,Abdallah Sima,6,15,False
0,0,0,0,0,0,0,0,0,0,0,0,0,0.0,0.0,0.0,0.0,0,0,0,0,0,0.00,0.00,0.00,0.00,0,False,166,35,2025-26,Yasin Ayari,6,15,False
79,0,0,0,2,0,0,0,0,0,0,0,14,12.2,13.7,3.0,2.9,4,4,3,11,1,0.04,0.03,0.07,2.11,2,False,167,35,2025-26,Carlos Baleba,6,15,False
0,0,0,0,0,0,0,0,0,0,0,0,0,0.0,0.0,0.0,0.0,0,0,0,0,0,0.00,0.00,0.00,0.00,0,False,168,35,2025-26,Facundo Buonanotte,11,3,True
0,0,0,0,0,0,0,0,0,0,0,0,0,0.0,0.0,0.0,0.0,0,0,0,0,0,0.00,0.00,0.00,0.00,0,False,169,35,2025-26,Diego Gómez Amarilla,6,15,False
0,0,0,0,0,0,0,0,0,0,0,0,0,0.0,0.0,0.0,0.0,0,0,0,0,0,0.00,0.00,0.00,0.00,0,False,170,35,2025-26,James Milner,6,15,False
0,0,0,0,0,0,0,0,0,0,0,0,0,0.0,0.0,0.0,0.0,0,0,0,0,0,0.00,0.00,0.00,0.00,0,False,171,35,2025-26,Jeremy Sarmiento Morante,6,15,False
0,0,0,0,0,0,0,0,0,0,0,0,0,0.0,0.0,0.0,0.0,0,0,0,0,0,0.00,0.00,0.00,0.00,0,False,172,35,2025-26,Tom Watson,6,15,False
17,0,0,0,1,0,0,0,0,0,0,0,4,1.0,4.3,0.0,0.5,0,2,0,2,1,0.00,0.01,0.01,0.41,1,False,173,35,2025-26,Mats Wieffer,6,15,False
0,0,0,0,0,0,0,0,0,0,0,0,0,0.0,0.0,0.0,0.0,0,0,0,0,0,0.00,0.00,0.00,0.00,0,False,174,35,2025-26,Malick Yalcouyé,6,15,False
0,0,0,0,0,0,0,0,0,0,0,0,0,0.0,0.0,0.0,0.0,0,0,0,0,0,0.00,0.00,0.00,0.00,0,False,175,35,2025-26,Joe Knight,6,15,False
0,0,0,0,0,0,0,0,0,0,0,0,0,0.0,0.0,0.0,0.0,0,0,0,0,0,0.00,0.00,0.00,0.00,0,False,176,35,2025-26,Adrian Mazilu,6,15,False
0,0,0,0,0,0,0,0,0,0,0,0,0,0.0,0.0,0.0,0.0,0,0,0,0,0,0.00,0.00,0.00,0.00,0,False,177,35,2025-26,Andrew Moran,6,15,False
80,0,1,0,2,0,0,0,0,0,0,0,21,17.4,13.3,10.0,4.1,2,3,1,6,1,0.10,0.05,0.15,2.11,5,False,178,35,2025-26,Danny Welbeck,6,15,False
0,0,0,0,0,0,0,0,0,0,0,0,0,0.0,0.0,0.0,0.0,0,0,0,0,0,0.00,0.00,0.00,0.00,0,False,179,35,2025-26,Evan Ferguson,6,15,False
0,0,0,0,0,0,0,0,0,0,0,0,0,0.0,0.0,0.0,0.0,0,0,0,0,0,0.00,0.00,0.00,0.00,0,False,180,35,2025-26,Stefanos Tzimas,6,15,False
10,0,0,0,1,0,0,0,0,0,0,0,4,3.2,0.2,19.0,2.2,0,0,0,0,0,0.10,0.00,0.10,1.05,1,False,181,35,2025-26,Charalampos Kostoulas,6,15,False
0,0,0,0,0,0,0,0,0,0,0,0,0,0.0,0.0,0.0,0.0,0,0,0,0,0,0.00,0.00,0.00,0.00,0,False,182,35,2025-26,James Trafford,13,9,False
0,0,0,0,0,0,0,0,0,0,0,0,0,0.0,0.0,0.0,0.0,0,0,0,0,0,0.00,0.00,0.00,0.00,0,False,183,35,2025-26,Max Weiß,3,11,False
0,0,0,0,0,0,0,0,0,0,0,0,0,0.0,0.0,0.0,0.0,0,0,0,0,0,0.00,0.00,0.00,0.00,0,False,184,35,2025-26,Etienne Green,3,11,False
0,0,0,0,0,0,0,0,0,0,0,0,0,0.0,0.0,0.0,0.0,0,0,0,0,0,0.00,0.00,0.00,0.00,0,False,185,35,2025-26,Václav Hladký,3,11,False
0,0,0,0,0,0,0,0,0,0,0,0,0,0.0,0.0,0.0,0.0,0,0,0,0,0,0.00,0.00,0.00,0.00,0,False,186,35,2025-26,Connor Roberts,3,11,False
90,0,0,0,3,0,0,0,0,0,0,0,3,17.2,16.7,2.0,3.6,5,3,2,7,1,0.03,0.16,0.19,1.64,1,False,187,35,2025-26,Kyle Walker,3,11,False
0,0,0,0,0,0,0,0,0,0,0,0,0,0.0,0.0,0.0,0.0,0,0,0,0,0,0.00,0.00,0.00,0.00,0,False,188,35,2025-26,Hannes Delcroix,3,11,False
0,0,0,0,0,0,0,0,0,0,0,0,0,0.0,0.0,0.0,0.0,0,0,0,0,0,0.00,0.00,0.00,0.00,0,False,189,35,2025-26,Owen Dodgson,3,11,False
90,0,0,0,3,0,0,0,0,0,0,0,12,30.2,11.3,0.0,4.2,12,9,3,15,1,0.00,0.01,0.01,1.64,3,False,190,35,2025-26,Hjalmar Ekdal,3,11,False
90,0,0,0,3,0,0,0,0,0,0,0,5,27.0,0.5,2.0,3.0,12,5,1,13,1,0.00,0.00,0.00,1.64,3,False,191,35,2025-26,Maxime Estève,3,11,False
64,0,0,0,3,0,0,0,0,0,0,0,-3,12.6,3.1,0.0,1.6,5,2,2,7,1,0.00,0.00,0.00,1.27,1,False,192,35,2025-26,Quilindschy Hartman,3,11,False
75,0,0,0,3,0,0,0,1,0,0,0,3,17.2,1.8,19.0,3.8,8,4,1,9,1,0.05,0.01,0.06,1.47,0,False,193,35,2025-26,Bashir Humphreys,3,11,False
0,0,0,0,0,0,0,0,0,0,0,0,0,0.0,0.0,0.0,0.0,0,0,0,0,0,0.00,0.00,0.00,0.00,0,False,194,35,2025-26,Jordan Beyer,3,11,False
25,0,0,0,0,0,0,0,0,0,0,0,5,5.8,15.4,2.0,2.3,0,3,0,0,0,0.00,0.01,0.01,0.37,1,False,195,35,2025-26,Lucas Pires Silva,3,11,False
0,0,0,0,0,0,0,0,0,0,0,0,0,0.0,0.0,0.0,0.0,0,0,0,0,0,0.00,0.00,0.00,0.00,0,False,196,35,2025-26,Shurandy Sambo,3,11,False
0,0,0,0,0,0,0,0,0,0,0,0,0,0.0,0.0,0.0,0.0,0,0,0,0,0,0.00,0.00,0.00,0.00,0,False,197,35,2025-26,Oliver Sonne,3,11,False
0,0,0,0,0,0,0,0,0,0,0,0,0,0.0,0.0,0.0,0.0,0,0,0,0,0,0.00,0.00,0.00,0.00,0,False,198,35,2025-26,Axel Tuanzebe,3,11,False
0,0,0,0,0,0,0,0,0,0,0,0,0,0.0,0.0,0.0,0.0,0,0,0,0,0,0.00,0.00,0.00,0.00,0,False,199,35,2025-26,Joe Worrall,3,11,False
90,0,1,0,3,0,0,0,0,0,0,0,21,17.8,18.1,15.0,5.1,0,4,1,5,1,0.10,0.10,0.20,1.64,5,False,200,35,2025-26,Jaidon Anthony,3,11,False
0,0,0,0,0,0,0,0,0,0,0,0,0,0.0,0.0,0.0,0.0,0,0,0,0,0,0.00,0.00,0.00,0.00,0,False,201,35,2025-26,Manuel Benson Hedilazio,3,11,False
0,0,0,0,0,0,0,0,0,0,0,0,0,0.0,0.0,0.0,0.0,0,0,0,0,0,0.00,0.00,0.00,0.00,0,False,202,35,2025-26,Jacob Bruun Larsen,3,11,False
0,0,0,0,0,0,0,0,0,0,0,0,0,0.0,0.0,0.0,0.0,0,0,0,0,0,0.00,0.00,0.00,0.00,0,False,203,35,2025-26,Enock Agyei,3,11,False
0,0,0,0,0,0,0,0,0,0,0,0,0,0.0,0.0,0.0,0.0,0,0,0,0,0,0.00,0.00,0.00,0.00,0,False,204,35,2025-26,Darko Churlinov,3,11,False
0,0,0,0,0,0,0,0,0,0,0,0,0,0.0,0.0,0.0,0.0,0,0,0,0,0,0.00,0.00,0.00,0.00,0,False,205,35,2025-26,Josh Cullen,3,11,False
0,0,0,0,0,0,0,0,0,0,0,0,0,0.0,0.0,0.0,0.0,0,0,0,0,0,0.00,0.00,0.00,0.00,0,False,206,35,2025-26,Marcus Edwards,3,11,False
36,0,0,0,1,0,0,0,1,0,0,0,4,2.8,2.4,2.0,0.7,0,1,0,1,0,0.06,0.02,0.08,0.73,0,False,207,35,2025-26,Hannibal Mejbri,3,11,False
0,0,0,0,0,0,0,0,0,0,0,0,0,0.0,0.0,0.0,0.0,0,0,0,0,0,0.00,0.00,0.00,0.00,0,False,208,35,2025-26,Luca Koleosho,3,11,False
53,0,0,0,2,0,0,0,0,0,0,0,1,0.0,0.3,3.0,0.2,0,2,0,2,1,0.02,0.00,0.02,0.91,1,False,209,35,2025-26,Josh Laurent,3,11,False
90,1,0,0,3,0,0,0,1,0,0,0,25,41.2,25.3,23.0,9.0,0,0,1,1,1,0.20,0.06,0.26,1.64,6,False,210,35,2025-26,Loum Tchaouna,3,11,False
0,0,0,0,0,0,0,0,0,0,0,0,0,0.0,0.0,0.0,0.0,0,0,0,0,0,0.00,0.00,0.00,0.00,0,False,211,35,2025-26,Aaron Ramsey,3,11,False
0,0,0,0,0,0,0,0,0,0,0,0,0,0.0,0.0,0.0,0.0,0,0,0,0,0,0.00,0.00,0.00,0.00,0,False,212,35,2025-26,Oluwaseun Adewumi,3,11,False
0,0,0,0,0,0,0,0,0,0,0,0,0,0.0,0.0,0.0,0.0,0,0,0,0,0,0.00,0.00,0.00,0.00,0,False,213,35,2025-26,Jaydon Banel,3,11,False
0,0,0,0,0,0,0,0,0,0,0,0,0,0.0,0.0,0.0,0.0,0,0,0,0,0,0.00,0.00,0.00,0.00,0,False,214,35,2025-26,Mike Trésor Ndayishimiye,3,11,False
75,0,0,0,3,0,0,0,0,0,0,0,7,6.2,10.3,4.0,2.1,2,1,0,3,1,0.00,0.04,0.04,1.47,2,False,215,35,2025-26,Zian Flemming,3,11,False
14,0,0,0,0,0,0,0,0,0,0,0,4,1.4,1.9,5.0,0.8,0,0,0,0,0,0.07,0.01,0.08,0.17,1,False,216,35,2025-26,Zeki Amdouni,3,11,False
0,0,0,0,0,0,0,0,0,0,0,0,0,0.0,0.0,0.0,0.0,0,0,0,0,0,0.00,0.00,0.00,0.00,0,False,217,35,2025-26,Lyle Foster,3,11,False
0,0,0,0,0,0,0,0,0,0,0,0,0,0.0,0.0,0.0,0.0,0,0,0,0,0,0.00,0.00,0.00,0.00,0,False,218,35,2025-26,Ashley Barnes,3,11,False
0,0,0,0,0,0,0,0,0,0,0,0,0,0.0,0.0,0.0,0.0,0,0,0,0,0,0.00,0.00,0.00,0.00,0,False,219,35,2025-26,Michael Obafemi,3,11,False
66,0,0,0,3,0,0,0,0,0,1,0,-2,9.8,0.0,0.0,1.0,1,2,0,0,1,0.00,0.00,0.00,2.05,1,False,220,35,2025-26,Robert Lynch Sánchez,7,16,True
24,0,0,0,0,0,0,0,0,0,0,0,4,0.4,0.0,0.0,0.0,0,3,0,0,0,0.00,0.00,0.00,0.00,1,False,221,35,2025-26,Filip Jörgensen,7,16,True
0,0,0,0,0,0,0,0,0,0,0,0,0,0.0,0.0,0.0,0.0,0,0,0,0,0,0.00,0.00,0.00,0.00,0,False,222,35,2025-26,Mike Penders,7,16,True
0,0,0,0,0,0,0,0,0,0,0,0,0,0.0,0.0,0.0,0.0,0,0,0,0,0,0.00,0.00,0.00,0.00,0,False,223,35,2025-26,Gabriel Słonina,7,16,True
90,0,1,0,3,0,0,0,0,0,0,0,17,28.6,41.3,13.0,8.3,1,7,2,3,1,0.05,0.12,0.17,2.05,4,False,224,35,2025-26,Marc Cucurella Saseta,7,16,True
0,0,0,0,0,0,0,0,0,0,0,0,0,0.0,0.0,0.0,0.0,0,0,0,0,0,0.00,0.00,0.00,0.00,0,False,225,35,2025-26,Reece James,7,16,True
90,0,0,0,3,0,0,0,0,0,0,0,2,14.6,2.2,4.0,2.1,4,5,0,4,1,0.10,0.01,0.11,2.05,1,False,226,35,2025-26,Trevoh Chalobah,7,16,True
45,0,0,0,1,0,0,0,0,0,0,0,4,7.8,4.7,2.0,1.5,0,3,1,1,0,0.00,0.01,0.01,0.96,1,False,227,35,2025-26,Levi Samuels Colwill,7,16,True
90,0,0,0,3,0,0,0,1,0,0,0,6,18.8,62.4,21.0,10.2,3,4,0,3,1,0.10,0.11,0.21,2.05,0,False,228,35,2025-26,Malo Gusto,7,16,True
0,0,0,0,0,0,0,0,0,0,0,0,0,0.0,0.0,0.0,0.0,0,0,0,0,0,0.00,0.00,0.00,0.00,0,False,229,35,2025-26,Benoît Badiashile Mukinayi,7,16,True
0,0,0,0,0,0,0,0,0,0,0,0,0,0.0,0.0,0.0,0.0,0,0,0,0,0,0.00,0.00,0.00,0.00,0,False,230,35,2025-26,Wesley Fofana,7,16,True
0,0,0,0,0,0,0,0,0,0,0,0,0,0.0,0.0,0.0,0.0,0,0,0,0,0,0.00,0.00,0.00,0.00,0,False,231,35,2025-26,Mamadou Sarr,7,16,True
45,0,0,0,2,0,0,0,0,0,0,0,1,8.4,0.8,0.0,0.9,1,3,2,3,1,0.00,0.00,0.00,1.09,0,False,232,35,2025-26,Tosin Adarabioyo,7,16,True
0,0,0,0,0,0,0,0,0,0,0,0,0,0.0,0.0,0.0,0.0,0,0,0,0,0,0.00,0.00,0.00,0.00,0,False,233,35,2025-26,Josh Acheampong,7,16,True
0,0,0,0,0,0,0,0,0,0,0,0,0,0.0,0.0,0.0,0.0,0,0,0,0,0,0.00,0.00,0.00,0.00,0,False,234,35,2025-26,Aarón Anselmino,7,16,True
90,0,0,0,3,0,0,1,0,0,0,0,2,12.4,20.3,40.0,7.3,2,4,0,6,1,0.93,0.19,1.12,2.05,0,False,235,35,2025-26,Cole Palmer,7,16,True
0,0,0,0,0,0,0,0,0,0,0,0,0,0.0,0.0,0.0,0.0,0,0,0,0,0,0.00,0.00,0.00,0.00,0,False,236,35,2025-26,Pedro Lomba Neto,7,16,True
90,0,0,0,3,0,0,0,0,0,0,0,15,16.6,95.5,17.0,12.9,0,4,1,5,1,0.15,0.29,0.44,2.05,2,False,237,35,2025-26,Enzo Fernández,7,16,True
0,0,0,0,0,0,0,0,0,0,0,0,0,0.0,0.0,0.0,0.0,0,0,0,0,0,0.00,0.00,0.00,0.00,0,False,238,35,2025-26,Estêvão Almeida de Oliveira Gonçalves,7,16,True
0,0,0,0,0,0,0,0,0,0,0,0,0,0.0,0.0,0.0,0.0,0,0,0,0,0,0.00,0.00,0.00,0.00,0,False,239,35,2025-26,Jamie Bynoe-Gittens,7,16,True
0,0,0,0,0,0,0,0,0,0,0,0,0,0.0,0.0,0.0,0.0,0,0,0,0,0,0.00,0.00,0.00,0.00,0,False,240,35,2025-26,Christopher Nkunku,7,16,True
90,0,0,0,3,0,0,0,1,0,0,0,12,10.8,12.5,0.0,2.3,3,6,3,12,1,0.00,0.03,0.03,2.05,3,False,241,35,2025-26,Moisés Caicedo Corozo,7,16,True
90,0,0,0,2,0,0,0,0,0,0,0,4,3.6,10.8,5.0,1.9,1,5,3,9,1,0.07,0.01,0.08,1.34,2,False,242,35,2025-26,Kiernan Dewsbury-Hall,9,13,True
0,0,0,0,0,0,0,0,0,0,0,0,0,0.0,0.0,0.0,0.0,0,0,0,0,0,0.00,0.00,0.00,0.00,0,False,243,35,2025-26,Tyrique George,9,13,True
57,0,0,0,3,0,0,0,0,0,0,0,12,6.6,7.0,2.0,1.6,0,0,3,3,1,0.02,0.08,0.10,1.99,1,False,244,35,2025-26,Roméo Lavia,7,16,True
0,0,0,0,0,0,0,0,0,0,0,0,0,0.0,0.0,0.0,0.0,0,0,0,0,0,0.00,0.00,0.00,0.00,0,False,245,35,2025-26,Mykhailo Mudryk,7,16,True
32,0,0,0,0,0,0,0,0,0,0,0,11,6.6,4.3,5.0,1.6,0,4,1,5,0,0.03,0.03,0.06,0.06,1,False,246,35,2025-26,Andrey Nascimento dos Santos,7,16,True
0,0,0,0,0,0,0,0,0,0,0,0,0,0.0,0.0,0.0,0.0,0,0,0,0,0,0.00,0.00,0.00,0.00,0,False,247,35,2025-26,Dário Luís Essugo,7,16,True
0,0,0,0,0,0,0,0,0,0,0,0,0,0.0,0.0,0.0,0.0,0,0,0,0,0,0.00,0.00,0.00,0.00,0,False,248,35,2025-26,Kendry Páez Andrade,7,16,True
90,1,0,0,3,0,0,0,0,0,0,2,29,36.0,16.5,52.0,10.5,1,2,0,3,1,0.46,0.05,0.51,2.05,8,False,249,35,2025-26,João Pedro Junqueira de Jesus,7,16,True
45,0,0,0,1,0,0,0,1,0,0,0,-2,0.0,0.3,11.0,0.8,0,0,0,0,0,0.22,0.01,0.23,0.96,0,False,250,35,2025-26,Liam Delap,7,16,True
0,0,0,0,0,0,0,0,0,0,0,0,0,0.0,0.0,0.0,0.0,0,0,0,0,0,0.00,0.00,0.00,0.00,0,False,251,35,2025-26,Nicolas Jackson,7,16,True
0,0,0,0,0,0,0,0,0,0,0,0,0,0.0,0.0,0.0,0.0,0,0,0,0,0,0.00,0.00,0.00,0.00,0,False,252,35,2025-26,Marc Guiu Paz,7,16,True
90,0,0,0,3,0,0,0,0,0,3,0,0,13.4,0.0,0.0,1.3,1,10,0,0,1,0.00,0.01,0.01,2.08,2,False,253,35,2025-26,Dean Henderson,8,4,False
0,0,0,0,0,0,0,0,0,0,0,0,0,0.0,0.0,0.0,0.0,0,0,0,0,0,0.00,0.00,0.00,0.00,0,False,254,35,2025-26,Walter Benítez,8,4,False
0,0,0,0,0,0,0,0,0,0,0,0,0,0.0,0.0,0.0,0.0,0,0,0,0,0,0.00,0.00,0.00,0.00,0,False,255,35,2025-26,Remi Matthews,8,4,False
45,0,0,0,2,0,0,0,0,0,0,0,-2,5.8,0.8,0.0,0.7,2,1,3,5,1,0.00,0.00,0.00,1.49,0,False,256,35,2025-26,Daniel Muñoz Mejía,8,4,False
90,0,0,0,3,0,0,0,1,0,0,0,3,16.8,0.6,4.0,2.1,8,4,2,10,1,0.00,0.00,0.00,2.08,2,False,257,35,2025-26,Maxence Lacroix,8,4,False
45,0,0,0,1,0,0,0,0,0,0,0,4,14.4,11.2,8.0,3.4,4,6,1,5,0,0.00,0.07,0.07,0.59,1,False,258,35,2025-26,Tyrick Mitchell,8,4,False
0,0,0,0,0,0,0,0,0,0,0,0,0,0.0,0.0,0.0,0.0,0,0,0,0,0,0.00,0.00,0.00,0.00,0,False,259,35,2025-26,Borna Sosa,8,4,False
90,0,1,0,3,0,0,0,0,0,0,0,15,46.8,27.8,9.0,8.4,7,3,1,8,1,0.06,0.05,0.11,2.77,4,False,260,35,2025-26,Marc Guéhi,13,9,False
14,0,0,0,1,0,0,0,0,0,0,0,-1,5.6,0.1,0.0,0.6,1,1,0,1,0,0.00,0.00,0.00,0.42,1,False,261,35,2025-26,Chris Richards,8,4,False
75,0,0,0,2,0,0,0,0,0,0,0,7,21.0,1.0,2.0,2.4,7,6,2,9,1,0.00,0.05,0.05,1.65,1,False,262,35,2025-26,Chadi Riad Dnanou,8,4,False
0,0,0,0,0,0,0,0,0,0,0,0,0,0.0,0.0,0.0,0.0,0,0,0,0,0,0.00,0.00,0.00,0.00,0,False,263,35,2025-26,Nathaniel Clyne,8,4,False
0,0,0,0,0,0,0,0,0,0,0,0,0,0.0,0.0,0.0,0.0,0,0,0,0,0,0.00,0.00,0.00,0.00,0,False,264,35,2025-26,Rob Holding,8,4,False
0,0,0,0,0,0,0,0,0,0,0,0,0,0.0,0.0,0.0,0.0,0,0,0,0,0,0.00,0.00,0.00,0.00,0,False,265,35,2025-26,Caleb Kporha,8,4,False
77,0,0,1,0,0,0,0,0,0,0,0,4,0.0,5.8,10.0,1.5,0,2,0,2,1,0.21,0.07,0.28,0.37,3,False,266,35,2025-26,Eberechi Eze,1,10,True
45,0,0,0,1,0,0,0,0,0,0,0,-3,0.4,15.4,15.0,3.1,0,1,0,1,0,0.54,0.14,0.68,0.59,1,False,267,35,2025-26,Ismaïla Sarr,8,4,False
0,0,0,0,0,0,0,0,0,0,0,0,0,0.0,0.0,0.0,0.0,0,0,0,0,0,0.00,0.00,0.00,0.00,0,False,268,35,2025-26,Cheick Doucouré,8,4,False
0,0,0,0,0,0,0,0,0,0,0,0,0,0.0,0.0,0.0,0.0,0,0,0,0,0,0.00,0.00,0.00,0.00,0,False,269,35,2025-26,Romain Esse,8,4,False
0,0,0,0,0,0,0,0,0,0,0,0,0,0.0,0.0,0.0,0.0,0,0,0,0,0,0.00,0.00,0.00,0.00,0,False,270,35,2025-26,Will Hughes,8,4,False
45,0,0,0,2,0,0,0,0,0,0,0,2,0.0,3.8,0.0,0.3,1,2,0,3,1,0.00,0.01,0.01,1.49,1,False,271,35,2025-26,Daichi Kamada,8,4,False
90,0,0,0,3,1,0,0,0,0,0,0,3,0.0,13.4,4.0,1.4,4,6,0,10,1,0.00,0.11,0.11,2.08,0,False,272,35,2025-26,Jefferson Lerma Solís,8,4,False
45,0,0,0,1,0,0,0,0,0,0,0,8,8.0,23.1,0.0,3.1,0,2,1,3,0,0.00,0.29,0.29,0.59,1,False,273,35,2025-26,Adam Wharton,8,4,False
0,0,0,0,0,0,0,0,0,0,0,0,0,0.0,0.0,0.0,0.0,0,0,0,0,0,0.00,0.00,0.00,0.00,0,False,274,35,2025-26,Asher Agbinone,8,4,False
0,0,0,0,0,0,0,0,0,0,0,0,0,0.0,0.0,0.0,0.0,0,0,0,0,0,0.00,0.00,0.00,0.00,0,False,275,35,2025-26,Naouirou Ahamada,8,4,False
90,0,0,0,3,0,0,0,0,0,0,0,17,20.8,4.6,4.0,2.9,4,7,7,18,1,0.00,0.00,0.00,2.08,4,False,276,35,2025-26,Justin Devenny,8,4,False
0,0,0,0,0,0,0,0,0,0,0,0,0,0.0,0.0,0.0,0.0,0,0,0,0,0,0.00,0.00,0.00,0.00,0,False,277,35,2025-26,Malcolm Ebiowei,8,4,False
0,0,0,0,0,0,0,0,0,0,0,0,0,0.0,0.0,0.0,0.0,0,0,0,0,0,0.00,0.00,0.00,0.00,0,False,278,35,2025-26,Jesurun Rak-Sakyi,8,4,False
0,0,0,0,0,0,0,0,0,0,0,0,0,0.0,0.0,0.0,0.0,0,0,0,0,0,0.00,0.00,0.00,0.00,0,False,279,35,2025-26,Matheus França de Oliveira,8,4,False
0,0,0,0,0,0,0,0,0,0,0,0,0,0.0,0.0,0.0,0.0,0,0,0,0,0,0.00,0.00,0.00,0.00,0,False,280,35,2025-26,David Ozoh,8,4,False
0,0,0,0,0,0,0,0,0,0,0,0,0,0.0,0.0,0.0,0.0,0,0,0,0,0,0.00,0.00,0.00,0.00,0,False,281,35,2025-26,Kaden Rodney,8,4,False
0,0,0,0,0,0,0,0,0,0,0,0,0,0.0,0.0,0.0,0.0,0,0,0,0,0,0.00,0.00,0.00,0.00,0,False,282,35,2025-26,Franco Umeh-Chibueze,8,4,False
25,0,0,0,1,0,0,0,0,0,0,0,2,8.0,10.5,4.0,2.3,2,0,1,3,0,0.08,0.00,0.08,0.42,1,False,283,35,2025-26,Jean-Philippe Mateta,8,4,False
0,0,0,0,0,0,0,0,0,0,0,0,0,0.0,0.0,0.0,0.0,0,0,0,0,0,0.00,0.00,0.00,0.00,0,False,284,35,2025-26,Eddie Nketiah,8,4,False
0,0,0,0,0,0,0,0,0,0,0,0,0,0.0,0.0,0.0,0.0,0,0,0,0,0,0.00,0.00,0.00,0.00,0,False,285,35,2025-26,Odsonne Édouard,8,4,False
0,0,0,0,0,0,0,0,0,0,0,0,0,0.0,0.0,0.0,0.0,0,0,0,0,0,0.00,0.00,0.00,0.00,0,False,286,35,2025-26,Zach Marsh,8,4,False
90,0,0,0,3,0,0,0,0,0,1,0,5,15.2,10.0,0.0,2.5,2,10,0,0,1,0.00,0.00,0.00,1.45,1,False,287,35,2025-26,Jordan Pickford,9,13,True
0,0,0,0,0,0,0,0,0,0,0,0,0,0.0,0.0,0.0,0.0,0,0,0,0,0,0.00,0.00,0.00,0.00,0,False,288,35,2025-26,Mark Travers,9,13,True
0,0,0,0,0,0,0,0,0,0,0,0,0,0.0,0.0,0.0,0.0,0,0,0,0,0,0.00,0.00,0.00,0.00,0,False,289,35,2025-26,Harry Tyrer,9,13,True
0,0,0,0,0,0,0,0,0,0,0,0,0,0.0,0.0,0.0,0.0,0,0,0,0,0,0.00,0.00,0.00,0.00,0,False,290,35,2025-26,Jarrad Branthwaite,9,13,True
90,0,0,0,3,0,0,0,1,0,0,0,-4,18.8,0.3,4.0,2.3,5,3,1,6,1,0.00,0.00,0.00,1.45,0,False,291,35,2025-26,James Tarkowski,9,13,True
90,0,0,0,3,0,0,0,0,0,0,0,-3,13.6,0.9,2.0,1.7,5,3,2,7,1,0.00,0.01,0.01,1.45,1,False,292,35,2025-26,Vitalii Mykolenko,9,13,True
90,1,0,0,3,0,0,0,1,0,0,0,3,39.2,0.3,33.0,7.3,4,0,2,6,1,0.17,0.00,0.17,1.45,6,False,293,35,2025-26,Jake O'Brien,9,13,True
0,0,0,0,0,0,0,0,0,0,0,0,0,0.0,0.0,0.0,0.0,0,0,0,0,0,0.00,0.00,0.00,0.00,0,False,294,35,2025-26,Séamus Coleman,9,13,True
90,0,0,0,3,0,0,0,1,0,0,0,-2,25.8,0.7,7.0,3.4,8,2,2,10,1,0.04,0.02,0.06,1.45,2,False,295,35,2025-26,Michael Keane,9,13,True
1,0,0,0,1,0,0,0,0,0,0,0,-1,2.0,0.0,0.0,0.2,1,0,0,1,0,0.00,0.00,0.00,0.12,1,False,296,35,2025-26,Nathan Patterson,9,13,True
0,0,0,0,0,0,0,0,0,0,0,0,0,0.0,0.0,0.0,0.0,0,0,0,0,0,0.00,0.00,0.00,0.00,0,False,297,35,2025-26,Roman Dixon,9,13,True
0,0,0,0,0,0,0,0,0,0,0,0,0,0.0,0.0,0.0,0.0,0,0,0,0,0,0.00,0.00,0.00,0.00,0,False,298,35,2025-26,Reece Welch,9,13,True
90,0,0,0,3,0,0,0,0,0,0,0,6,14.6,11.8,46.0,7.2,1,4,1,6,1,0.89,0.01,0.90,1.45,2,False,299,35,2025-26,Iliman Ndiaye,9,13,True
0,0,0,0,0,0,0,0,0,0,0,0,0,0.0,0.0,0.0,0.0,0,0,0,0,0,0.00,0.00,0.00,0.00,0,False,300,35,2025-26,Dwight McNeil,9,13,True
1,0,0,0,1,0,0,0,0,0,0,0,1,1.2,0.3,0.0,0.2,1,1,0,2,0,0.00,0.00,0.00,0.12,1,False,301,35,2025-26,Carlos Alcaraz Durán,9,13,True
0,0,0,0,0,0,0,0,0,0,0,0,0,0.0,0.0,0.0,0.0,0,0,0,0,0,0.00,0.00,0.00,0.00,0,False,302,35,2025-26,Idrissa Gana Gueye,9,13,True
90,0,1,0,3,0,0,0,0,0,0,0,26,29.0,33.0,0.0,6.2,1,3,4,8,1,0.00,0.20,0.20,1.45,5,False,303,35,2025-26,James Garner,9,13,True
90,0,0,0,2,0,0,0,0,0,0,0,7,21.2,1.2,0.0,2.2,3,2,6,11,1,0.00,0.01,0.01,1.34,2,False,304,35,2025-26,Tim Iroegbunam,9,13,True
1,0,0,0,1,0,0,0,0,0,0,0,3,0.0,0.0,0.0,0.0,0,0,0,0,0,0.00,0.00,0.00,0.12,1,False,305,35,2025-26,Harrison Armstrong,9,13,True
0,0,0,0,0,0,0,0,0,0,0,0,0,0.0,0.0,0.0,0.0,0,0,0,0,0,0.00,0.00,0.00,0.00,0,False,306,35,2025-26,Callum Bates,9,13,True
0,0,0,0,0,0,0,0,0,0,0,0,0,0.0,0.0,0.0,0.0,0,0,0,0,0,0.00,0.00,0.00,0.00,0,False,307,35,2025-26,Coby Ebere,9,13,True
0,0,0,0,0,0,0,0,0,0,0,0,0,0.0,0.0,0.0,0.0,0,0,0,0,0,0.00,0.00,0.00,0.00,0,False,308,35,2025-26,Isaac Heath,9,13,True
0,0,0,0,0,0,0,0,0,0,0,0,0,0.0,0.0,0.0,0.0,0,0,0,0,0,0.00,0.00,0.00,0.00,0,False,309,35,2025-26,Jenson Metcalfe,9,13,True
26,2,0,0,2,0,0,0,0,0,0,2,55,70.0,0.0,34.0,10.4,1,2,2,5,0,1.33,0.00,1.33,0.62,11,True,310,35,2025-26,Thierno Barry,9,13,True
63,0,0,0,1,0,0,0,1,0,0,0,3,10.2,20.1,13.0,4.3,2,0,0,2,1,0.20,0.00,0.20,0.83,1,False,311,35,2025-26,Norberto Bercique Gomes Betuncal,9,13,True
0,0,0,0,0,0,0,0,0,0,0,0,0,0.0,0.0,0.0,0.0,0,0,0,0,0,0.00,0.00,0.00,0.00,0,False,312,35,2025-26,Youssef Ramalho Chermiti,9,13,True
0,0,0,0,0,0,0,0,0,0,0,0,0,0.0,0.0,0.0,0.0,0,0,0,0,0,0.00,0.00,0.00,0.00,0,False,313,35,2025-26,Martin Sherif,9,13,True
90,0,0,0,3,0,0,0,0,0,6,0,12,44.6,0.0,0.0,4.5,1,6,0,0,1,0.00,0.00,0.00,3.23,3,False,314,35,2025-26,Bernd Leno,10,1,False
0,0,0,0,0,0,0,0,0,0,0,0,0,0.0,0.0,0.0,0.0,0,0,0,0,0,0.00,0.00,0.00,0.00,0,False,315,35,2025-26,Steven Benda,10,1,False
90,0,0,0,3,0,0,0,0,0,0,0,7,11.4,2.4,2.0,1.6,1,9,4,5,1,0.02,0.01,0.03,3.23,1,False,316,35,2025-26,Antonee Robinson,10,1,False
90,0,0,0,3,0,0,0,0,0,0,0,6,24.4,1.3,0.0,2.6,9,3,3,12,1,0.00,0.01,0.01,3.23,3,False,317,35,2025-26,Joachim Andersen,10,1,False
90,0,0,0,3,0,0,0,0,0,0,0,9,26.8,12.0,2.0,4.1,4,5,4,8,1,0.00,0.03,0.03,3.23,1,False,318,35,2025-26,Calvin Bassey,10,1,False
90,0,0,0,3,0,0,0,0,0,0,0,5,13.0,1.4,25.0,3.9,4,4,1,5,1,0.15,0.01,0.16,3.23,1,False,319,35,2025-26,Timothy Castagne,10,1,False
0,0,0,0,0,0,0,0,0,0,0,0,0,0.0,0.0,0.0,0.0,0,0,0,0,0,0.00,0.00,0.00,0.00,0,False,320,35,2025-26,Issa Diop,10,1,False
0,0,0,0,0,0,0,0,0,0,0,0,0,0.0,0.0,0.0,0.0,0,0,0,0,0,0.00,0.00,0.00,0.00,0,False,321,35,2025-26,Jorge Cuenca Barreno,10,1,False
0,0,0,0,0,0,0,0,0,0,0,0,0,0.0,0.0,0.0,0.0,0,0,0,0,0,0.00,0.00,0.00,0.00,0,False,322,35,2025-26,Kenny Tete,10,1,False
0,0,0,0,0,0,0,0,0,0,0,0,0,0.0,0.0,0.0,0.0,0,0,0,0,0,0.00,0.00,0.00,0.00,0,False,323,35,2025-26,Samuel Amissah,10,1,False
0,0,0,0,0,0,0,0,0,0,0,0,0,0.0,0.0,0.0,0.0,0,0,0,0,0,0.00,0.00,0.00,0.00,0,False,324,35,2025-26,Alex Iwobi,10,1,False
77,0,0,0,3,0,0,0,0,0,0,0,13,2.6,6.8,9.0,1.8,1,4,1,6,1,0.06,0.02,0.08,2.92,2,False,325,35,2025-26,Emile Smith Rowe,10,1,False
16,0,0,0,1,0,0,0,0,0,0,0,3,4.2,5.3,2.0,1.2,0,0,1,1,0,0.00,0.01,0.01,0.14,1,False,326,35,2025-26,Adama Traoré Diarra,19,5,False
0,0,0,0,0,0,0,0,0,0,0,0,0,0.0,0.0,0.0,0.0,0,0,0,0,0,0.00,0.00,0.00,0.00,0,False,327,35,2025-26,Andreas Hoelgebaum Pereira,10,1,False
0,0,0,0,0,0,0,0,0,0,0,0,0,0.0,0.0,0.0,0.0,0,0,0,0,0,0.00,0.00,0.00,0.00,0,False,328,35,2025-26,Ryan Sessegnon,10,1,False
63,0,0,0,3,0,0,0,0,0,0,0,9,5.0,25.6,0.0,3.1,0,0,2,2,1,0.00,0.15,0.15,2.92,2,False,329,35,2025-26,Harry Wilson,10,1,False
0,0,0,0,0,0,0,0,0,0,0,0,0,0.0,0.0,0.0,0.0,0,0,0,0,0,0.00,0.00,0.00,0.00,0,False,330,35,2025-26,Sander Berge,10,1,False
26,0,0,0,0,0,0,0,0,0,0,0,1,3.8,1.7,2.0,0.8,0,2,1,3,0,0.03,0.00,0.03,0.31,1,False,331,35,2025-26,Tom Cairney,10,1,False
90,0,0,0,3,0,0,0,1,0,0,0,7,8.2,2.8,0.0,1.1,4,5,1,10,1,0.00,0.01,0.01,3.23,1,False,332,35,2025-26,Saša Lukić,10,1,False
0,0,0,0,0,0,0,0,0,0,0,0,0,0.0,0.0,0.0,0.0,0,0,0,0,0,0.00,0.00,0.00,0.00,0,False,333,35,2025-26,Martial Godo,10,1,False
0,0,0,0,0,0,0,0,0,0,0,0,0,0.0,0.0,0.0,0.0,0,0,0,0,0,0.00,0.00,0.00,0.00,0,False,334,35,2025-26,Luke Harris,10,1,False
26,0,0,0,0,0,0,0,0,0,0,0,4,0.4,1.0,4.0,0.5,0,1,0,1,0,0.00,0.03,0.03,0.31,1,False,335,35,2025-26,Josh King,10,1,False
63,0,0,0,3,0,0,0,0,0,0,0,7,3.4,25.4,0.0,2.9,1,3,0,4,1,0.00,0.09,0.09,2.92,2,False,336,35,2025-26,Harrison Reed,10,1,False
72,0,0,0,3,0,0,0,0,0,0,0,6,4.2,1.8,11.0,1.7,2,1,2,5,1,0.10,0.00,0.10,2.92,2,False,337,35,2025-26,Raúl Jiménez Rodríguez,10,1,False
17,0,0,0,0,0,0,0,0,0,0,0,6,2.0,1.1,2.0,0.5,0,0,1,1,0,0.00,0.00,0.00,0.31,1,False,338,35,2025-26,Rodrigo Muniz Carvalho,10,1,False
0,0,0,0,0,0,0,0,0,0,0,0,0,0.0,0.0,0.0,0.0,0,0,0,0,0,0.00,0.00,0.00,0.00,0,False,339,35,2025-26,Illan Meslier,11,3,True
0,0,0,0,0,0,0,0,0,0,0,0,0,0.0,0.0,0.0,0.0,0,0,0,0,0,0.00,0.00,0.00,0.00,0,False,340,35,2025-26,Alex Cairns,11,3,True
90,0,0,0,1,0,0,0,0,0,2,0,10,16.8,0.0,0.0,1.7,0,7,0,0,1,0.00,0.01,0.01,0.57,2,False,341,35,2025-26,Karl Darlow,11,3,True
90,0,1,0,1,0,0,0,0,0,0,0,20,30.6,30.0,4.0,6.5,3,6,1,4,1,0.00,0.31,0.31,0.35,5,False,342,35,2025-26,Jayden Bogle,11,3,True
90,0,0,0,1,0,0,0,1,0,0,0,2,0.0,2.6,6.0,0.8,0,3,0,0,1,0.05,0.02,0.07,0.57,1,False,343,35,2025-26,Pascal Struijk,11,3,True
90,0,1,0,1,0,0,0,0,0,0,0,20,36.8,10.8,4.0,5.2,6,5,1,7,1,0.00,0.01,0.01,0.57,5,False,344,35,2025-26,Jaka Bijol,11,3,True
0,0,0,0,0,0,0,0,0,0,0,0,0,0.0,0.0,0.0,0.0,0,0,0,0,0,0.00,0.00,0.00,0.00,0,False,345,35,2025-26,Sebastiaan Bornauw,11,3,True
0,0,0,0,0,0,0,0,0,0,0,0,0,0.0,0.0,0.0,0.0,0,0,0,0,0,0.00,0.00,0.00,0.00,0,False,346,35,2025-26,Sam Byram,11,3,True
0,0,0,0,0,0,0,0,0,0,0,0,0,0.0,0.0,0.0,0.0,0,0,0,0,0,0.00,0.00,0.00,0.00,0,False,347,35,2025-26,Gabriel Gudmundsson,11,3,True
90,0,0,0,1,0,0,0,1,0,0,0,7,11.2,12.6,19.0,4.3,2,3,0,2,1,0.12,0.01,0.13,0.57,1,False,348,35,2025-26,Joe Rodon,11,3,True
0,0,0,0,0,0,0,0,0,0,0,0,0,0.0,0.0,0.0,0.0,0,0,0,0,0,0.00,0.00,0.00,0.00,0,False,349,35,2025-26,Isaac Schmidt,11,3,True
18,0,0,0,0,0,0,0,0,0,0,0,8,4.4,0.9,0.0,0.5,2,3,1,6,0,0.00,0.00,0.00,0.22,1,False,350,35,2025-26,Brenden Aaronson,11,3,True
1,0,0,0,0,0,0,0,0,0,0,0,3,0.0,0.0,0.0,0.0,0,1,0,1,0,0.00,0.00,0.00,0.22,1,False,351,35,2025-26,Wilfried Gnonto,11,3,True
0,0,0,0,0,0,0,0,0,0,0,0,0,0.0,0.0,0.0,0.0,0,0,0,0,0,0.00,0.00,0.00,0.00,0,False,352,35,2025-26,Jack Harrison,11,3,True
1,0,0,0,0,0,0,0,0,0,0,0,5,3.0,0.0,17.0,2.0,0,0,0,0,0,0.05,0.00,0.05,0.22,1,False,353,35,2025-26,Daniel James,11,3,True
90,0,0,0,1,0,0,0,1,0,0,0,6,5.6,14.2,9.0,2.9,5,5,0,10,1,0.09,0.02,0.11,0.57,1,False,354,35,2025-26,Ethan Ampadu,11,3,True
0,0,0,0,0,0,0,0,0,0,0,0,0,0.0,0.0,0.0,0.0,0,0,0,0,0,0.00,0.00,0.00,0.00,0,False,355,35,2025-26,Sam Greenwood,11,3,True
0,0,0,0,0,0,0,0,0,0,0,0,0,0.0,0.0,0.0,0.0,0,0,0,0,0,0.00,0.00,0.00,0.00,0,False,356,35,2025-26,Ilia Gruev,11,3,True
0,0,0,0,0,0,0,0,0,0,0,0,0,0.0,0.0,0.0,0.0,0,0,0,0,0,0.00,0.00,0.00,0.00,0,False,357,35,2025-26,Largie Ramazani,11,3,True
71,0,1,0,1,0,0,0,0,0,0,1,27,8.6,16.3,8.0,3.3,2,3,0,5,1,0.11,0.03,0.14,0.35,6,False,358,35,2025-26,Tanaka Ao,11,3,True
0,0,0,0,0,0,0,0,0,0,0,0,0,0.0,0.0,0.0,0.0,0,0,0,0,0,0.00,0.00,0.00,0.00,0,False,359,35,2025-26,Charlie Crew,11,3,True
0,0,0,0,0,0,0,0,0,0,0,0,0,0.0,0.0,0.0,0.0,0,0,0,0,0,0.00,0.00,0.00,0.00,0,False,360,35,2025-26,Joe Gelhardt,11,3,True
0,0,0,0,0,0,0,0,0,0,0,0,0,0.0,0.0,0.0,0.0,0,0,0,0,0,0.00,0.00,0.00,0.00,0,False,361,35,2025-26,Darko Gyabi,11,3,True
0,0,0,0,0,0,0,0,0,0,0,0,0,0.0,0.0,0.0,0.0,0,0,0,0,0,0.00,0.00,0.00,0.00,0,False,362,35,2025-26,Joël Piroe,11,3,True
0,0,0,0,0,0,0,0,0,0,0,0,0,0.0,0.0,0.0,0.0,0,0,0,0,0,0.00,0.00,0.00,0.00,0,False,363,35,2025-26,Patrick Bamford,11,3,True
0,0,0,0,0,0,0,0,0,0,0,0,0,0.0,0.0,0.0,0.0,0,0,0,0,0,0.00,0.00,0.00,0.00,0,False,364,35,2025-26,Mateo Joseph Fernández-Regatillo,11,3,True
25,0,0,0,1,0,0,0,0,0,0,0,4,3.0,0.0,17.0,2.0,0,0,0,0,0,0.14,0.00,0.14,0.48,1,False,365,35,2025-26,Lukas Nmecha,11,3,True
0,0,0,0,0,0,0,0,0,0,0,0,0,0.0,0.0,0.0,0.0,0,0,0,0,0,0.00,0.00,0.00,0.00,0,False,366,35,2025-26,Alisson Becker,12,14,False
0,0,0,0,0,0,0,0,0,0,0,0,0,0.0,0.0,0.0,0.0,0,0,0,0,0,0.00,0.00,0.00,0.00,0,False,367,35,2025-26,Giorgi Mamardashvili,12,14,False
0,0,0,0,0,0,0,0,0,0,0,0,0,0.0,0.0,0.0,0.0,0,0,0,0,0,0.00,0.00,0.00,0.00,0,False,368,35,2025-26,Ármin Pécsi,12,14,False
90,0,0,0,3,0,0,0,0,0,3,0,7,29.8,0.0,0.0,3.0,2,9,0,0,1,0.00,0.00,0.00,2.34,2,False,369,35,2025-26,Freddie Woodman,12,14,False
74,0,0,0,2,0,0,0,0,0,0,0,-5,0.0,7.7,12.0,1.9,0,2,0,0,1,0.00,0.02,0.02,2.18,1,False,370,35,2025-26,Jeremie Frimpong,12,14,False
31,0,0,0,1,0,0,0,0,0,0,0,0,5.8,15.8,2.0,2.4,0,0,1,1,0,0.00,0.02,0.02,0.34,1,False,371,35,2025-26,Milos Kerkez,12,14,False
58,0,0,0,2,0,0,0,0,0,0,0,-4,4.4,1.8,0.0,0.6,2,2,0,2,1,0.00,0.01,0.01,2.00,0,False,372,35,2025-26,Andrew Robertson,12,14,False
90,0,0,0,3,0,0,0,0,0,0,0,5,26.2,3.1,17.0,4.6,9,4,0,9,1,0.02,0.02,0.04,2.34,1,False,373,35,2025-26,Virgil van Dijk,12,14,False
86,0,0,0,3,0,0,0,0,0,0,0,3,21.6,2.2,0.0,2.4,4,1,1,5,1,0.00,0.01,0.01,2.24,1,False,374,35,2025-26,Ibrahima Konaté,12,14,False
0,0,0,0,0,0,0,0,0,0,0,0,0,0.0,0.0,0.0,0.0,0,0,0,0,0,0.00,0.00,0.00,0.00,0,False,375,35,2025-26,Conor Bradley,12,14,False
0,0,0,0,0,0,0,0,0,0,0,0,0,0.0,0.0,0.0,0.0,0,0,0,0,0,0.00,0.00,0.00,0.00,0,False,376,35,2025-26,Joe Gomez,12,14,False
0,0,0,0,0,0,0,0,0,0,0,0,0,0.0,0.0,0.0,0.0,0,0,0,0,0,0.00,0.00,0.00,0.00,0,False,377,35,2025-26,Konstantinos Tsimikas,12,14,False
0,0,0,0,0,0,0,0,0,0,0,0,0,0.0,0.0,0.0,0.0,0,0,0,0,0,0.00,0.00,0.00,0.00,0,False,378,35,2025-26,Amara Nallo,12,14,False
0,0,0,0,0,0,0,0,0,0,0,0,0,0.0,0.0,0.0,0.0,0,0,0,0,0,0.00,0.00,0.00,0.00,0,False,379,35,2025-26,Rhys Williams,12,14,False
0,0,0,0,0,0,0,0,0,0,0,0,0,0.0,0.0,0.0,0.0,0,0,0,0,0,0.00,0.00,0.00,0.00,0,False,380,35,2025-26,Calvin Ramsay,12,14,False
0,0,0,0,0,0,0,0,0,0,0,0,0,0.0,0.0,0.0,0.0,0,0,0,0,0,0.00,0.00,0.00,0.00,0,False,381,35,2025-26,Mohamed Salah,12,14,False
90,0,0,0,3,0,0,0,0,0,0,0,11,6.4,39.3,7.0,5.3,0,4,1,5,1,0.06,0.07,0.13,2.34,2,False,382,35,2025-26,Florian Wirtz,12,14,False
0,0,0,0,0,0,0,0,0,0,0,0,0,0.0,0.0,0.0,0.0,0,0,0,0,0,0.00,0.00,0.00,0.00,0,False,383,35,2025-26,Luis Díaz Marulanda,12,14,False
90,1,0,0,3,0,0,0,1,0,0,0,20,43.4,12.2,39.0,9.5,3,4,0,7,1,0.53,0.02,0.55,2.34,6,False,384,35,2025-26,Cody Gakpo,12,14,False
3,0,0,0,0,0,0,0,0,0,0,0,3,0.2,0.3,2.0,0.3,0,0,0,0,0,0.00,0.00,0.00,0.10,1,False,385,35,2025-26,Federico Chiesa,12,14,False
90,0,0,0,3,0,0,0,0,0,0,0,17,13.4,16.0,0.0,2.9,1,3,2,6,1,0.00,0.15,0.15,2.34,2,False,386,35,2025-26,Alexis Mac Allister,12,14,False
90,1,1,0,3,0,0,0,0,0,0,3,47,63.8,59.5,25.0,14.8,1,7,2,10,1,0.16,0.24,0.40,2.34,13,True,387,35,2025-26,Dominik Szoboszlai,12,14,False
90,0,0,0,3,0,0,0,1,0,0,0,14,12.8,12.5,0.0,2.5,2,8,1,11,1,0.00,0.03,0.03,2.34,1,False,388,35,2025-26,Curtis Jones,12,14,False
0,0,0,0,0,0,0,0,0,0,0,0,0,0.0,0.0,0.0,0.0,0,0,0,0,0,0.00,0.00,0.00,0.00,0,False,389,35,2025-26,Harvey Elliott,2,18,True
90,0,0,0,3,0,0,0,0,0,0,0,17,19.2,9.0,9.0,3.7,5,1,0,6,1,0.06,0.03,0.09,2.34,2,False,390,35,2025-26,Ryan Gravenberch,12,14,False
4,0,0,0,0,0,0,0,0,0,0,0,3,0.0,1.5,0.0,0.2,0,1,0,1,0,0.00,0.00,0.00,0.54,1,False,391,35,2025-26,Ben Gannon-Doak,4,8,True
0,0,0,0,0,0,0,0,0,0,0,0,0,0.0,0.0,0.0,0.0,0,0,0,0,0,0.00,0.00,0.00,0.00,0,False,392,35,2025-26,Endo Wataru,12,14,False
0,0,0,0,0,0,0,0,0,0,0,0,0,0.0,0.0,0.0,0.0,0,0,0,0,0,0.00,0.00,0.00,0.00,0,False,393,35,2025-26,Stefan Bajčetić Maquieira,12,14,False
0,0,0,0,0,0,0,0,0,0,0,0,0,0.0,0.0,0.0,0.0,0,0,0,0,0,0.00,0.00,0.00,0.00,0,False,394,35,2025-26,James McConnell,12,14,False
0,0,0,0,0,0,0,0,0,0,0,0,0,0.0,0.0,0.0,0.0,0,0,0,0,0,0.00,0.00,0.00,0.00,0,False,395,35,2025-26,Tyler Morton,12,14,False
0,0,0,0,0,0,0,0,0,0,0,0,0,0.0,0.0,0.0,0.0,0,0,0,0,0,0.00,0.00,0.00,0.00,0,False,396,35,2025-26,Trey Nyoni,12,14,False
0,0,0,0,0,0,0,0,0,0,0,0,0,0.0,0.0,0.0,0.0,0,0,0,0,0,0.00,0.00,0.00,0.00,0,False,397,35,2025-26,Darwin Núñez Ribeiro,12,14,False
0,0,0,0,0,0,0,0,0,0,0,0,0,0.0,0.0,0.0,0.0,0,0,0,0,0,0.00,0.00,0.00,0.00,0,False,398,35,2025-26,Jayden Danns,12,14,False
0,0,0,0,0,0,0,0,0,0,0,0,0,0.0,0.0,0.0,0.0,0,0,0,0,0,0.00,0.00,0.00,0.00,0,False,399,35,2025-26,Ederson Santana de Moraes,13,9,False
0,0,0,0,0,0,0,0,0,0,0,0,0,0.0,0.0,0.0,0.0,0,0,0,0,0,0.00,0.00,0.00,0.00,0,False,400,35,2025-26,Stefan Ortega Moreno,16,7,False
0,0,0,0,0,0,0,0,0,0,0,0,0,0.0,0.0,0.0,0.0,0,0,0,0,0,0.00,0.00,0.00,0.00,0,False,401,35,2025-26,Marcus Bettinelli,13,9,False
0,0,0,0,0,0,0,0,0,0,0,0,0,0.0,0.0,0.0,0.0,0,0,0,0,0,0.00,0.00,0.00,0.00,0,False,402,35,2025-26,Rayan Aït-Nouri,13,9,False
0,0,0,0,0,0,0,0,0,0,0,0,0,0.0,0.0,0.0,0.0,0,0,0,0,0,0.00,0.00,0.00,0.00,0,False,403,35,2025-26,Joško Gvardiol,13,9,False
0,0,0,0,0,0,0,0,0,0,0,0,0,0.0,0.0,0.0,0.0,0,0,0,0,0,0.00,0.00,0.00,0.00,0,False,404,35,2025-26,Manuel Akanji,13,9,False
0,0,0,0,0,0,0,0,0,0,0,0,0,0.0,0.0,0.0,0.0,0,0,0,0,0,0.00,0.00,0.00,0.00,0,False,405,35,2025-26,Nathan Aké,13,9,False
90,0,0,0,3,0,0,0,0,0,0,0,10,32.2,2.2,1.0,3.5,7,8,3,10,1,0.01,0.02,0.03,2.77,3,False,406,35,2025-26,Abdukodir Khusanov,13,9,False
90,0,0,0,3,0,0,0,0,0,0,0,5,17.8,6.7,8.0,3.3,4,6,5,9,1,0.00,0.04,0.04,2.77,1,False,407,35,2025-26,Matheus Nunes,13,9,False
0,0,0,0,0,0,0,0,0,0,0,0,0,0.0,0.0,0.0,0.0,0,0,0,0,0,0.00,0.00,0.00,0.00,0,False,408,35,2025-26,Rúben dos Santos Gato Alves Dias,13,9,False
0,0,0,0,0,0,0,0,0,0,0,0,0,0.0,0.0,0.0,0.0,0,0,0,0,0,0.00,0.00,0.00,0.00,0,False,409,35,2025-26,John Stones,13,9,False
0,0,0,0,0,0,0,0,0,0,0,0,0,0.0,0.0,0.0,0.0,0,0,0,0,0,0.00,0.00,0.00,0.00,0,False,410,35,2025-26,Rico Lewis,13,9,False
90,0,0,0,3,0,0,0,0,0,0,0,0,10.2,14.9,29.0,5.4,3,2,1,4,1,0.24,0.20,0.44,2.77,1,False,411,35,2025-26,Nico O'Reilly,13,9,False
0,0,0,0,0,0,0,0,0,0,0,0,0,0.0,0.0,0.0,0.0,0,0,0,0,0,0.00,0.00,0.00,0.00,0,False,412,35,2025-26,Vitor de Oliveira Nunes dos Reis,13,9,False
3,0,0,0,0,0,0,0,0,0,0,0,2,0.4,0.1,7.0,0.8,0,1,0,1,0,0.03,0.00,0.03,0.00,1,False,413,35,2025-26,Omar Marmoush,13,9,False
16,0,0,0,1,0,0,0,0,0,0,0,2,0.0,6.3,3.0,0.8,0,1,0,1,0,0.01,0.01,0.02,1.16,1,False,414,35,2025-26,Phil Foden,13,9,False
0,0,0,0,0,0,0,0,0,0,0,0,0,0.0,0.0,0.0,0.0,0,0,0,0,0,0.00,0.00,0.00,0.00,0,False,415,35,2025-26,Sávio Moreira de Oliveira,13,9,False
86,0,0,0,3,0,0,0,0,0,0,0,17,13.0,36.5,4.0,5.4,1,2,1,4,1,0.03,0.19,0.22,2.77,2,False,416,35,2025-26,Bernardo Mota Veiga de Carvalho e Silva,13,9,False
90,0,1,0,3,0,0,0,0,0,0,0,21,24.6,40.2,29.0,9.4,0,2,1,3,1,0.26,0.23,0.49,2.77,5,False,417,35,2025-26,Rayan Cherki,13,9,False
90,2,0,0,3,0,0,0,0,0,0,3,68,87.4,52.5,46.0,18.6,1,5,2,8,1,0.11,0.27,0.38,2.77,15,True,418,35,2025-26,Jérémy Doku,13,9,False
0,0,0,0,0,0,0,0,0,0,0,0,0,0.0,0.0,0.0,0.0,0,0,0,0,0,0.00,0.00,0.00,0.00,0,False,419,35,2025-26,Jack Grealish,9,13,True
0,0,0,0,0,0,0,0,0,0,0,0,0,0.0,0.0,0.0,0.0,0,0,0,0,0,0.00,0.00,0.00,0.00,0,False,420,35,2025-26,İlkay Gündoğan,13,9,False
0,0,0,0,0,0,0,0,0,0,0,0,0,0.0,0.0,0.0,0.0,0,0,0,0,0,0.00,0.00,0.00,0.00,0,False,421,35,2025-26,Rodrigo 'Rodri' Hernandez Cascante,13,9,False
15,0,1,0,1,0,0,0,0,0,0,0,16,23.6,35.1,1.0,6.0,0,2,1,3,0,0.06,0.30,0.36,1.16,4,False,422,35,2025-26,Mateo Kovačić,13,9,False
74,0,0,0,2,0,0,0,0,0,0,0,15,6.8,15.2,0.0,2.2,2,2,1,5,1,0.00,0.03,0.03,1.61,2,False,423,35,2025-26,Nico González Iglesias,13,9,False
26,0,0,0,0,0,0,0,0,0,0,0,5,4.2,0.4,0.0,0.5,0,0,2,2,0,0.00,0.00,0.00,0.31,1,False,424,35,2025-26,Oscar Bobb,10,1,False
0,0,0,0,0,0,0,0,0,0,0,0,0,0.0,0.0,0.0,0.0,0,0,0,0,0,0.00,0.00,0.00,0.00,0,False,425,35,2025-26,Claudio Echeverri,13,9,False
90,0,0,0,1,0,0,0,0,0,0,0,6,12.2,11.8,17.0,4.1,5,5,1,11,1,0.11,0.09,0.20,2.15,2,False,426,35,2025-26,James McAtee,16,7,False
0,0,0,0,0,0,0,0,0,0,0,0,0,0.0,0.0,0.0,0.0,0,0,0,0,0,0.00,0.00,0.00,0.00,0,False,427,35,2025-26,Tijjani Reijnders,13,9,False
0,0,0,0,0,0,0,0,0,0,0,0,0,0.0,0.0,0.0,0.0,0,0,0,0,0,0.00,0.00,0.00,0.00,0,False,428,35,2025-26,Sverre Nypan,13,9,False
0,0,0,0,0,0,0,0,0,0,0,0,0,0.0,0.0,0.0,0.0,0,0,0,0,0,0.00,0.00,0.00,0.00,0,False,429,35,2025-26,Kalvin Phillips,13,9,False
90,1,0,0,3,0,0,0,0,0,0,1,32,33.4,1.3,29.0,6.4,0,0,0,0,1,0.53,0.01,0.54,2.77,7,False,430,35,2025-26,Erling Haaland,13,9,False
0,0,0,0,0,0,0,0,0,0,0,0,0,0.0,0.0,0.0,0.0,0,0,0,0,0,0.00,0.00,0.00,0.00,0,False,431,35,2025-26,Altay Bayındır,14,12,True
0,0,0,0,0,0,0,0,0,0,0,0,0,0.0,0.0,0.0,0.0,0,0,0,0,0,0.00,0.00,0.00,0.00,0,False,432,35,2025-26,André Onana,14,12,True
0,0,0,0,0,0,0,0,0,0,0,0,0,0.0,0.0,0.0,0.0,0,0,0,0,0,0.00,0.00,0.00,0.00,0,False,433,35,2025-26,Elyh Harrison,14,12,True
0,0,0,0,0,0,0,0,0,0,0,0,0,0.0,0.0,0.0,0.0,0,0,0,0,0,0.00,0.00,0.00,0.00,0,False,434,35,2025-26,Tom Heaton,14,12,True
0,0,0,0,0,0,0,0,0,0,0,0,0,0.0,0.0,0.0,0.0,0,0,0,0,0,0.00,0.00,0.00,0.00,0,False,435,35,2025-26,Dermot Mee,14,12,True
0,0,0,0,0,0,0,0,0,0,0,0,0,0.0,0.0,0.0,0.0,0,0,0,0,0,0.00,0.00,0.00,0.00,0,False,436,35,2025-26,Matthijs de Ligt,14,12,True
0,0,0,0,0,0,0,0,0,0,0,0,0,0.0,0.0,0.0,0.0,0,0,0,0,0,0.00,0.00,0.00,0.00,0,False,437,35,2025-26,Lisandro Martínez,14,12,True
0,0,0,0,0,0,0,0,0,0,0,0,0,0.0,0.0,0.0,0.0,0,0,0,0,0,0.00,0.00,0.00,0.00,0,False,438,35,2025-26,Noussair Mazraoui,14,12,True
0,0,0,0,0,0,0,0,0,0,0,0,0,0.0,0.0,0.0,0.0,0,0,0,0,0,0.00,0.00,0.00,0.00,0,False,439,35,2025-26,Diego León Blanco,14,12,True
90,0,0,0,2,0,0,0,0,0,0,0,5,11.2,2.9,6.0,2.0,4,3,1,5,1,0.06,0.02,0.08,0.89,1,False,440,35,2025-26,Diogo Dalot Teixeira,14,12,True
15,0,0,0,0,0,0,0,0,0,0,0,1,0.0,0.3,5.0,0.3,0,1,0,0,0,0.03,0.00,0.03,0.09,1,False,441,35,2025-26,Patrick Dorgu,14,12,True
90,0,0,0,2,0,0,0,0,0,0,0,6,18.6,0.8,7.0,2.6,6,2,3,9,1,0.15,0.00,0.15,0.89,1,False,442,35,2025-26,Harry Maguire,14,12,True
90,0,0,0,2,0,0,0,1,0,0,0,9,23.8,10.3,2.0,3.6,10,4,4,14,1,0.00,0.22,0.22,0.89,2,False,443,35,2025-26,Luke Shaw,14,12,True
1,0,0,0,0,0,0,0,0,0,0,0,3,0.0,0.0,0.0,0.0,0,0,0,0,0,0.00,0.00,0.00,0.00,1,False,444,35,2025-26,Leny Yoro,14,12,True
0,0,0,0,0,0,0,0,0,0,0,0,0,0.0,0.0,0.0,0.0,0,0,0,0,0,0.00,0.00,0.00,0.00,0,False,445,35,2025-26,Harry Amass,14,12,True
0,0,0,0,0,0,0,0,0,0,0,0,0,0.0,0.0,0.0,0.0,0,0,0,0,0,0.00,0.00,0.00,0.00,0,False,446,35,2025-26,Tyler Fredricson,14,12,True
90,0,0,0,2,0,0,0,0,0,0,0,10,12.6,3.7,0.0,1.6,3,4,3,6,1,0.00,0.00,0.00,0.89,1,False,447,35,2025-26,Ayden Heaven,14,12,True
0,0,0,0,0,0,0,0,0,0,0,0,0,0.0,0.0,0.0,0.0,0,0,0,0,0,0.00,0.00,0.00,0.00,0,False,448,35,2025-26,Tyrell Malacia,14,12,True
90,0,1,0,2,0,0,0,1,0,0,1,30,16.4,71.3,29.0,11.7,3,5,0,8,1,0.11,0.91,1.02,0.89,5,False,449,35,2025-26,Bruno Borges Fernandes,14,12,True
86,1,0,0,2,0,0,0,0,0,0,0,28,37.0,5.3,30.0,7.2,3,5,1,9,1,0.09,0.02,0.11,0.89,7,False,450,35,2025-26,Matheus Santos Carneiro da Cunha,14,12,True
0,0,0,0,0,0,0,0,0,0,0,0,0,0.0,0.0,0.0,0.0,0,0,0,0,0,0.00,0.00,0.00,0.00,0,False,451,35,2025-26,Marcus Rashford,14,12,True
45,0,0,0,2,0,0,0,0,0,0,0,4,0.0,11.3,2.0,1.3,0,0,1,1,0,0.00,0.03,0.03,0.73,1,False,452,35,2025-26,Amad Diallo,14,12,True
0,0,0,0,0,0,0,0,0,0,0,0,0,0.0,0.0,0.0,0.0,0,0,0,0,0,0.00,0.00,0.00,0.00,0,False,453,35,2025-26,Alejandro Garnacho Ferreyra,7,16,True
0,0,0,0,0,0,0,0,0,0,0,0,0,0.0,0.0,0.0,0.0,0,0,0,0,0,0.00,0.00,0.00,0.00,0,False,454,35,2025-26,Antony dos Santos,14,12,True
0,0,0,0,0,0,0,0,0,0,0,0,0,0.0,0.0,0.0,0.0,0,0,0,0,0,0.00,0.00,0.00,0.00,0,False,455,35,2025-26,Mason Mount,14,12,True
84,0,0,0,2,0,0,0,0,0,0,0,8,4.2,2.0,0.0,0.6,0,4,1,5,1,0.00,0.01,0.01,0.99,2,False,456,35,2025-26,Jadon Sancho,2,18,True
90,0,0,0,2,0,0,0,0,0,0,0,17,36.8,24.0,19.0,8.0,8,6,4,18,1,0.18,0.03,0.21,0.89,4,False,457,35,2025-26,Carlos Henrique Casimiro,14,12,True
90,1,0,0,2,0,0,0,0,0,0,2,39,43.6,5.9,11.0,6.1,2,7,1,10,1,0.06,0.02,0.08,0.89,9,False,458,35,2025-26,Kobbie Mainoo,14,12,True
0,0,0,0,0,0,0,0,0,0,0,0,0,0.0,0.0,0.0,0.0,0,0,0,0,0,0.00,0.00,0.00,0.00,0,False,459,35,2025-26,Manuel Ugarte Ribeiro,14,12,True
0,0,0,0,0,0,0,0,0,0,0,0,0,0.0,0.0,0.0,0.0,0,0,0,0,0,0.00,0.00,0.00,0.00,0,False,460,35,2025-26,Toby Collyer,14,12,True
0,0,0,0,0,0,0,0,0,0,0,0,0,0.0,0.0,0.0,0.0,0,0,0,0,0,0.00,0.00,0.00,0.00,0,False,461,35,2025-26,Jayce Fitzgerald,14,12,True
0,0,0,0,0,0,0,0,0,0,0,0,0,0.0,0.0,0.0,0.0,0,0,0,0,0,0.00,0.00,0.00,0.00,0,False,462,35,2025-26,Jack Fletcher,14,12,True
0,0,0,0,0,0,0,0,0,0,0,0,0,0.0,0.0,0.0,0.0,0,0,0,0,0,0.00,0.00,0.00,0.00,0,False,463,35,2025-26,Sékou Koné,14,12,True
0,0,0,0,0,0,0,0,0,0,0,0,0,0.0,0.0,0.0,0.0,0,0,0,0,0,0.00,0.00,0.00,0.00,0,False,464,35,2025-26,Jack Moorhouse,14,12,True
0,0,0,0,0,0,0,0,0,0,0,0,0,0.0,0.0,0.0,0.0,0,0,0,0,0,0.00,0.00,0.00,0.00,0,False,465,35,2025-26,Rasmus Højlund,14,12,True
3,0,0,0,0,0,0,0,0,0,0,0,3,0.6,0.1,0.0,0.1,0,1,0,1,0,0.00,0.00,0.00,0.00,1,False,466,35,2025-26,Joshua Zirkzee,14,12,True
0,0,0,0,0,0,0,0,0,0,0,0,0,0.0,0.0,0.0,0.0,0,0,0,0,0,0.00,0.00,0.00,0.00,0,False,467,35,2025-26,Chido Obi,14,12,True
0,0,0,0,0,0,0,0,0,0,0,0,0,0.0,0.0,0.0,0.0,0,0,0,0,0,0.00,0.00,0.00,0.00,0,False,468,35,2025-26,Ethan Wheatley,14,12,True
90,0,0,0,1,0,0,0,0,0,3,0,15,25.8,0.0,0.0,2.6,1,13,0,0,1,0.00,0.00,0.00,1.53,3,False,469,35,2025-26,Nick Pope,15,6,True
90,0,0,0,3,0,0,0,0,0,5,0,13,35.6,0.0,0.0,3.6,0,9,0,0,1,0.00,0.00,0.00,1.64,2,False,470,35,2025-26,Martin Dúbravka,3,11,False
0,0,0,0,0,0,0,0,0,0,0,0,0,0.0,0.0,0.0,0.0,0,0,0,0,0,0.00,0.00,0.00,0.00,0,False,471,35,2025-26,Mark Gillespie,15,6,True
0,0,0,0,0,0,0,0,0,0,0,0,0,0.0,0.0,0.0,0.0,0,0,0,0,0,0.00,0.00,0.00,0.00,0,False,472,35,2025-26,Odysseas Vlachodimos,15,6,True
22,0,0,0,0,0,0,0,0,0,0,0,9,8.4,14.5,2.0,2.5,1,1,0,1,0,0.00,0.03,0.03,0.52,1,False,473,35,2025-26,Lewis Hall,15,6,True
0,0,0,0,0,0,0,0,0,0,0,0,0,0.0,0.0,0.0,0.0,0,0,0,0,0,0.00,0.00,0.00,0.00,0,False,474,35,2025-26,Fabian Schär,15,6,True
90,0,0,0,1,0,0,0,0,0,0,0,19,33.2,10.4,11.0,5.5,13,3,2,15,1,0.09,0.37,0.46,1.53,4,False,475,35,2025-26,Sven Botman,15,6,True
90,1,0,0,1,0,0,0,1,0,0,0,22,46.6,0.0,35.0,8.2,7,0,2,9,1,0.17,0.00,0.17,1.53,7,False,476,35,2025-26,Dan Burn,15,6,True
0,0,0,0,0,0,0,0,0,0,0,0,0,0.0,0.0,0.0,0.0,0,0,0,0,0,0.00,0.00,0.00,0.00,0,False,477,35,2025-26,Tino Livramento,15,6,True
0,0,0,0,0,0,0,0,0,0,0,0,0,0.0,0.0,0.0,0.0,0,0,0,0,0,0.00,0.00,0.00,0.00,0,False,478,35,2025-26,Kieran Trippier,15,6,True
0,0,0,0,0,0,0,0,0,0,0,0,0,0.0,0.0,0.0,0.0,0,0,0,0,0,0.00,0.00,0.00,0.00,0,False,479,35,2025-26,Emil Krafth,15,6,True
0,0,0,0,0,0,0,0,0,0,0,0,0,0.0,0.0,0.0,0.0,0,0,0,0,0,0.00,0.00,0.00,0.00,0,False,480,35,2025-26,Jamaal Lascelles,15,6,True
0,0,0,0,0,0,0,0,0,0,0,0,0,0.0,0.0,0.0,0.0,0,0,0,0,0,0.00,0.00,0.00,0.00,0,False,481,35,2025-26,Alex Murphy,15,6,True
0,0,0,0,0,0,0,0,0,0,0,0,0,0.0,0.0,0.0,0.0,0,0,0,0,0,0.00,0.00,0.00,0.00,0,False,482,35,2025-26,Harrison Ashby,15,6,True
0,0,0,0,0,0,0,0,0,0,0,0,0,0.0,0.0,0.0,0.0,0,0,0,0,0,0.00,0.00,0.00,0.00,0,False,483,35,2025-26,Miodrag Pivaš,15,6,True
0,0,0,0,0,0,0,0,0,0,0,0,0,0.0,0.0,0.0,0.0,0,0,0,0,0,0.00,0.00,0.00,0.00,0,False,484,35,2025-26,Matt Targett,15,6,True
0,0,0,0,0,0,0,0,0,0,0,0,0,0.0,0.0,0.0,0.0,0,0,0,0,0,0.00,0.00,0.00,0.00,0,False,485,35,2025-26,Anthony Gordon,15,6,True
0,0,0,0,0,0,0,0,0,0,0,0,0,0.0,0.0,0.0,0.0,0,0,0,0,0,0.00,0.00,0.00,0.00,0,False,486,35,2025-26,Anthony Elanga,15,6,True
22,1,0,0,0,0,0,0,0,0,0,0,23,33.0,1.0,19.0,5.3,0,1,0,1,0,0.26,0.01,0.27,0.52,6,False,487,35,2025-26,Harvey Barnes,15,6,True
90,0,1,0,1,0,0,0,0,0,0,1,24,23.0,18.5,2.0,4.4,3,7,1,11,1,0.03,0.15,0.18,1.53,6,False,488,35,2025-26,Bruno Guimarães Rodriguez Moura,15,6,True
67,0,1,0,1,0,0,0,0,0,0,3,27,27.8,34.3,0.0,6.2,3,3,0,6,1,0.00,0.15,0.15,1.01,8,False,489,35,2025-26,Jacob Murphy,15,6,True
90,0,0,0,1,0,0,0,0,0,0,0,7,5.8,3.3,4.0,1.3,3,8,2,13,1,0.17,0.01,0.18,1.53,4,False,490,35,2025-26,Joelinton Cássio Apolinário de Lira,15,6,True
90,0,0,0,1,0,0,0,1,0,0,0,18,16.0,23.8,0.0,4.0,6,3,1,10,1,0.00,0.11,0.11,1.53,1,False,491,35,2025-26,Sandro Tonali,15,6,True
0,0,0,0,0,0,0,0,0,0,0,0,0,0.0,0.0,0.0,0.0,0,0,0,0,0,0.00,0.00,0.00,0.00,0,False,492,35,2025-26,Antoñito Cordero Campillo,15,6,True
18,0,0,0,0,0,0,0,0,0,0,0,4,9.8,24.5,0.0,3.4,3,1,0,4,0,0.00,0.11,0.11,0.22,1,False,493,35,2025-26,Sean Longstaff,11,3,True
67,0,0,0,1,0,0,0,0,0,0,0,6,1.8,2.0,41.0,4.5,1,2,0,3,1,0.22,0.01,0.23,1.01,2,False,494,35,2025-26,Joe Willock,15,6,True
0,0,0,0,0,0,0,0,0,0,0,0,0,0.0,0.0,0.0,0.0,0,0,0,0,0,0.00,0.00,0.00,0.00,0,False,495,35,2025-26,Isaac Hayden,15,6,True
0,0,0,0,0,0,0,0,0,0,0,0,0,0.0,0.0,0.0,0.0,0,0,0,0,0,0.00,0.00,0.00,0.00,0,False,496,35,2025-26,Garang Kuol,15,6,True
90,0,0,0,1,0,0,0,0,0,0,0,9,17.8,5.3,0.0,2.3,7,0,1,8,1,0.00,0.03,0.03,1.53,2,False,497,35,2025-26,Lewis Miley,15,6,True
0,0,0,0,0,0,0,0,0,0,0,0,0,0.0,0.0,0.0,0.0,0,0,0,0,0,0.00,0.00,0.00,0.00,0,False,498,35,2025-26,Joe White,15,6,True
0,0,0,0,0,0,0,0,0,0,0,0,0,0.0,0.0,0.0,0.0,0,0,0,0,0,0.00,0.00,0.00,0.00,0,False,499,35,2025-26,Alexander Isak,12,14,False
67,1,0,0,1,0,0,0,0,0,0,3,27,33.0,14.3,46.0,9.3,0,0,0,0,1,0.78,0.31,1.09,1.01,9,False,500,35,2025-26,William Osula,15,6,True
0,0,0,0,0,0,0,0,0,0,0,0,0,0.0,0.0,0.0,0.0,0,0,0,0,0,0.00,0.00,0.00,0.00,0,False,501,35,2025-26,Sean Neave,15,6,True
90,0,0,0,1,0,1,0,0,0,4,0,24,52.6,0.0,0.0,5.3,2,6,0,0,1,0.00,0.00,0.00,2.15,8,False,502,35,2025-26,Matz Sels,16,7,False
0,0,0,0,0,0,0,0,0,0,0,0,0,0.0,0.0,0.0,0.0,0,0,0,0,0,0.00,0.00,0.00,0.00,0,False,503,35,2025-26,Carlos Miguel dos Santos Pereira,16,7,False
0,0,0,0,0,0,0,0,0,0,0,0,0,0.0,0.0,0.0,0.0,0,0,0,0,0,0.00,0.00,0.00,0.00,0,False,504,35,2025-26,Matt Turner,16,7,False
45,0,0,0,1,0,0,0,0,0,0,0,0,6.8,0.1,0.0,0.7,3,0,0,3,0,0.00,0.00,0.00,1.02,1,False,505,35,2025-26,Nikola Milenković,16,7,False
0,0,0,0,0,0,0,0,0,0,0,0,0,0.0,0.0,0.0,0.0,0,0,0,0,0,0.00,0.00,0.00,0.00,0,False,506,35,2025-26,Murillo Costa dos Santos,16,7,False
0,0,0,0,0,0,0,0,0,0,0,0,0,0.0,0.0,0.0,0.0,0,0,0,0,0,0.00,0.00,0.00,0.00,0,False,507,35,2025-26,Ola Aina,16,7,False
45,0,0,0,1,0,0,0,0,0,0,0,2,13.8,1.1,0.0,1.5,3,1,4,7,0,0.00,0.00,0.00,1.81,1,False,508,35,2025-26,Neco Williams,16,7,False
0,0,0,0,0,0,0,0,0,0,0,0,0,0.0,0.0,0.0,0.0,0,0,0,0,0,0.00,0.00,0.00,0.00,0,False,509,35,2025-26,David Mota Veiga Teixeira do Carmo,16,7,False
45,0,0,0,0,0,0,0,0,0,0,0,4,4.8,0.2,0.0,0.5,2,2,1,3,1,0.00,0.00,0.00,1.13,1,False,510,35,2025-26,Jair Paula da Cunha Filho,16,7,False
90,0,0,0,1,0,0,0,1,0,0,0,1,12.4,0.0,2.0,1.4,3,1,1,4,1,0.00,0.00,0.00,2.15,1,False,511,35,2025-26,Felipe Rodrigues da Silva,16,7,False
0,0,0,0,0,0,0,0,0,0,0,0,0,0.0,0.0,0.0,0.0,0,0,0,0,0,0.00,0.00,0.00,0.00,0,False,512,35,2025-26,Omar Richards,16,7,False
45,0,0,0,0,0,0,0,0,0,0,0,2,0.0,0.1,0.0,0.0,1,2,2,3,1,0.00,0.00,0.00,0.34,1,False,513,35,2025-26,Zach Abbott,16,7,False
0,0,0,0,0,0,0,0,0,0,0,0,0,0.0,0.0,0.0,0.0,0,0,0,0,0,0.00,0.00,0.00,0.00,0,False,514,35,2025-26,Willy Boly,16,7,False
20,0,1,0,0,0,0,0,0,0,0,0,14,17.8,10.8,4.0,3.3,1,0,0,1,0,0.00,0.55,0.55,0.05,4,False,515,35,2025-26,Morgan Gibbs-White,16,7,False
0,0,0,0,0,0,0,0,0,0,0,0,0,0.0,0.0,0.0,0.0,0,0,0,0,0,0.00,0.00,0.00,0.00,0,False,516,35,2025-26,Callum Hudson-Odoi,16,7,False
45,0,0,0,1,0,0,0,0,0,0,0,8,13.8,1.7,0.0,1.6,1,2,2,5,0,0.00,0.00,0.00,1.02,1,False,517,35,2025-26,Elliot Anderson,16,7,False
0,0,0,0,0,0,0,0,0,0,0,0,0,0.0,0.0,0.0,0.0,0,0,0,0,0,0.00,0.00,0.00,0.00,0,False,518,35,2025-26,João Pedro Ferreira da Silva,16,7,False
45,0,0,0,0,0,0,0,0,0,0,0,6,14.0,1.9,0.0,1.6,5,2,2,9,1,0.00,0.00,0.00,1.13,1,False,519,35,2025-26,Nicolás Domínguez,16,7,False
0,0,0,0,0,0,0,0,0,0,0,0,0,0.0,0.0,0.0,0.0,0,0,0,0,0,0.00,0.00,0.00,0.00,0,False,520,35,2025-26,Lewis O'Brien,16,7,False
0,0,0,0,0,0,0,0,0,0,0,0,0,0.0,0.0,0.0,0.0,0,0,0,0,0,0.00,0.00,0.00,0.00,0,False,521,35,2025-26,Ibrahim Sangaré,16,7,False
90,0,0,0,1,0,0,0,0,0,0,0,13,21.8,1.8,0.0,2.4,9,2,2,13,1,0.00,0.01,0.01,2.15,4,False,522,35,2025-26,Ryan Yates,16,7,False
0,0,0,0,0,0,0,0,0,0,0,0,0,0.0,0.0,0.0,0.0,0,0,0,0,0,0.00,0.00,0.00,0.00,0,False,523,35,2025-26,Eric da Silva Moreira,16,7,False
0,0,0,0,0,0,0,0,0,0,0,0,0,0.0,0.0,0.0,0.0,0,0,0,0,0,0.00,0.00,0.00,0.00,0,False,524,35,2025-26,Marko Stamenić,16,7,False
24,0,0,0,1,0,0,0,0,0,0,0,4,6.4,0.5,0.0,0.7,2,2,0,4,0,0.00,0.01,0.01,0.97,1,False,525,35,2025-26,Chris Wood,16,7,False
45,1,0,0,0,0,0,0,0,0,0,0,21,34.2,1.7,34.0,7.0,0,1,0,1,1,0.83,0.00,0.83,1.13,5,False,526,35,2025-26,Igor Jesus Maciel da Cruz,16,7,False
90,2,1,0,1,0,0,0,0,0,0,3,67,71.6,0.1,52.0,12.4,1,3,0,4,1,1.11,0.00,1.11,2.15,16,True,527,35,2025-26,Taiwo Awoniyi,16,7,False
0,0,0,0,0,0,0,0,0,0,0,0,0,0.0,0.0,0.0,0.0,0,0,0,0,0,0.00,0.00,0.00,0.00,0,False,528,35,2025-26,Anthony Patterson,17,20,False
0,0,0,0,0,0,0,0,0,0,0,0,0,0.0,0.0,0.0,0.0,0,0,0,0,0,0.00,0.00,0.00,0.00,0,False,529,35,2025-26,Simon Moore,17,20,False
0,0,0,0,0,0,0,0,0,0,0,0,0,0.0,0.0,0.0,0.0,0,0,0,0,0,0.00,0.00,0.00,0.00,0,False,530,35,2025-26,Blondy Nna Noukeu,17,20,False
23,0,0,0,1,0,0,0,0,1,0,0,-11,0.0,0.4,0.0,0.0,0,0,0,0,1,0.00,0.00,0.00,0.00,-2,False,531,35,2025-26,Daniel Ballard,17,20,False
90,0,0,0,1,0,0,0,0,0,0,0,7,15.2,6.6,7.0,2.9,5,2,2,7,1,0.06,0.02,0.08,1.72,2,False,532,35,2025-26,Trai Hume,17,20,False
0,0,0,0,0,0,0,0,0,0,0,0,0,0.0,0.0,0.0,0.0,0,0,0,0,0,0.00,0.00,0.00,0.00,0,False,533,35,2025-26,Aji Alese,17,20,False
0,0,0,0,0,0,0,0,0,0,0,0,0,0.0,0.0,0.0,0.0,0,0,0,0,0,0.00,0.00,0.00,0.00,0,False,534,35,2025-26,Joe Anderson,17,20,False
18,0,0,0,0,0,0,0,1,0,0,0,-1,1.0,0.8,2.0,0.4,2,0,0,2,0,0.00,0.00,0.00,0.45,0,False,535,35,2025-26,Dennis Cirkin,17,20,False
0,0,0,0,0,0,0,0,0,0,0,0,0,0.0,0.0,0.0,0.0,0,0,0,0,0,0.00,0.00,0.00,0.00,0,False,536,35,2025-26,Leo Fuhr Hjelde,17,20,False
0,0,0,0,0,0,0,0,0,0,0,0,0,0.0,0.0,0.0,0.0,0,0,0,0,0,0.00,0.00,0.00,0.00,0,False,537,35,2025-26,Niall Huggins,17,20,False
0,0,0,0,0,0,0,0,0,0,0,0,0,0.0,0.0,0.0,0.0,0,0,0,0,0,0.00,0.00,0.00,0.00,0,False,538,35,2025-26,Zak Johnson,17,20,False
0,0,0,0,0,0,0,0,0,0,0,0,0,0.0,0.0,0.0,0.0,0,0,0,0,0,0.00,0.00,0.00,0.00,0,False,539,35,2025-26,Luke O'Nien,17,20,False
0,0,0,0,0,0,0,0,0,0,0,0,0,0.0,0.0,0.0,0.0,0,0,0,0,0,0.00,0.00,0.00,0.00,0,False,540,35,2025-26,Timothée Pembélé,17,20,False
71,0,0,0,1,0,0,0,0,0,0,0,9,9.2,11.0,0.0,2.0,2,3,1,3,1,0.00,0.00,0.00,1.28,2,False,541,35,2025-26,Reinildo Mandava,17,20,False
0,0,0,0,0,0,0,0,0,0,0,0,0,0.0,0.0,0.0,0.0,0,0,0,0,0,0.00,0.00,0.00,0.00,0,False,542,35,2025-26,Jenson Seelt,17,20,False
0,0,0,0,0,0,0,0,0,0,0,0,0,0.0,0.0,0.0,0.0,0,0,0,0,0,0.00,0.00,0.00,0.00,0,False,543,35,2025-26,Simon Adingra,17,20,False
18,0,0,0,0,0,0,0,0,0,0,0,-1,0.0,3.0,13.0,1.3,0,1,0,1,0,0.15,0.02,0.17,0.45,1,False,544,35,2025-26,Habib Diarra,17,20,False
0,0,0,0,0,0,0,0,0,0,0,0,0,0.0,0.0,0.0,0.0,0,0,0,0,0,0.00,0.00,0.00,0.00,0,False,545,35,2025-26,Patrick Roberts,17,20,False
0,0,0,0,0,0,0,0,0,0,0,0,0,0.0,0.0,0.0,0.0,0,0,0,0,0,0.00,0.00,0.00,0.00,0,False,546,35,2025-26,Milan Aleksić,17,20,False
90,0,0,0,1,0,0,0,0,0,0,0,12,19.4,17.3,2.0,3.9,1,6,6,13,1,0.00,0.06,0.06,1.72,4,False,547,35,2025-26,Enzo Le Fée,17,20,False
0,0,0,0,0,0,0,0,0,0,0,0,0,0.0,0.0,0.0,0.0,0,0,0,0,0,0.00,0.00,0.00,0.00,0,False,548,35,2025-26,Romaine Mundle,17,20,False
0,0,0,0,0,0,0,0,0,0,0,0,0,0.0,0.0,0.0,0.0,0,0,0,0,0,0.00,0.00,0.00,0.00,0,False,549,35,2025-26,Dan Neil,17,20,False
0,0,0,0,0,0,0,0,0,0,0,0,0,0.0,0.0,0.0,0.0,0,0,0,0,0,0.00,0.00,0.00,0.00,0,False,550,35,2025-26,Ian Poveda-Ocampo,17,20,False
0,0,0,0,0,0,0,0,0,0,0,0,0,0.0,0.0,0.0,0.0,0,0,0,0,0,0.00,0.00,0.00,0.00,0,False,551,35,2025-26,Chris Rigg,17,20,False
71,0,0,0,1,0,0,0,0,0,0,0,16,9.4,23.3,5.0,3.8,2,3,1,6,1,0.03,0.06,0.09,1.28,2,False,552,35,2025-26,Noah Sadiki,17,20,False
90,0,0,0,1,0,0,0,0,0,0,0,12,8.8,8.3,21.0,3.8,0,3,1,4,1,0.09,0.17,0.26,1.72,2,False,553,35,2025-26,Chemsdine Talbi,17,20,False
0,0,0,0,0,0,0,0,0,0,0,0,0,0.0,0.0,0.0,0.0,0,0,0,0,0,0.00,0.00,0.00,0.00,0,False,554,35,2025-26,Abdoullah Ba,17,20,False
0,0,0,0,0,0,0,0,0,0,0,0,0,0.0,0.0,0.0,0.0,0,0,0,0,0,0.00,0.00,0.00,0.00,0,False,555,35,2025-26,Alan Browne,17,20,False
0,0,0,0,0,0,0,0,0,0,0,0,0,0.0,0.0,0.0,0.0,0,0,0,0,0,0.00,0.00,0.00,0.00,0,False,556,35,2025-26,Pierre Ekwah Elimby,17,20,False
0,0,0,0,0,0,0,0,0,0,0,0,0,0.0,0.0,0.0,0.0,0,0,0,0,0,0.00,0.00,0.00,0.00,0,False,557,35,2025-26,Harrison Jones,17,20,False
0,0,0,0,0,0,0,0,0,0,0,0,0,0.0,0.0,0.0,0.0,0,0,0,0,0,0.00,0.00,0.00,0.00,0,False,558,35,2025-26,Jay Matete,17,20,False
0,0,0,0,0,0,0,0,0,0,0,0,0,0.0,0.0,0.0,0.0,0,0,0,0,0,0.00,0.00,0.00,0.00,0,False,559,35,2025-26,Nectarios Triantis,17,20,False
18,0,0,0,0,0,0,0,0,0,0,0,3,0.0,4.0,2.0,0.6,0,1,0,1,0,0.00,0.02,0.02,0.45,1,False,560,35,2025-26,Wilson Isidor,17,20,False
0,0,0,0,0,0,0,0,0,0,0,0,0,0.0,0.0,0.0,0.0,0,0,0,0,0,0.00,0.00,0.00,0.00,0,False,561,35,2025-26,Eliezer Mayenda Dossou,17,20,False
0,0,0,0,0,0,0,0,0,0,0,0,0,0.0,0.0,0.0,0.0,0,0,0,0,0,0.00,0.00,0.00,0.00,0,False,562,35,2025-26,Ahmed Abdullahi,17,20,False
0,0,0,0,0,0,0,0,0,0,0,0,0,0.0,0.0,0.0,0.0,0,0,0,0,0,0.00,0.00,0.00,0.00,0,False,563,35,2025-26,Luís Hemir Silva Semedo,17,20,False
0,0,0,0,0,0,0,0,0,0,0,0,0,0.0,0.0,0.0,0.0,0,0,0,0,0,0.00,0.00,0.00,0.00,0,False,564,35,2025-26,Nazarii Rusyn,17,20,False
0,0,0,0,0,0,0,0,0,0,0,0,0,0.0,0.0,0.0,0.0,0,0,0,0,0,0.00,0.00,0.00,0.00,0,False,565,35,2025-26,Guglielmo Vicario,18,2,False
0,0,0,0,0,0,0,0,0,0,0,0,0,0.0,0.0,0.0,0.0,0,0,0,0,0,0.00,0.00,0.00,0.00,0,False,566,35,2025-26,Brandon Austin,18,2,False
90,0,0,0,1,0,0,0,0,0,0,0,2,3.6,0.0,0.0,0.4,1,1,0,0,1,0.00,0.00,0.00,0.32,2,False,567,35,2025-26,Antonín Kinský,18,2,False
90,0,0,0,1,0,0,0,0,0,0,0,17,23.8,21.3,1.0,4.6,4,3,6,10,1,0.02,0.06,0.08,0.32,4,False,568,35,2025-26,Pedro Porro Sauceda,18,2,False
0,0,0,0,0,0,0,0,0,0,0,0,0,0.0,0.0,0.0,0.0,0,0,0,0,0,0.00,0.00,0.00,0.00,0,False,569,35,2025-26,Cristian Romero,18,2,False
90,0,0,0,1,0,0,0,1,0,0,0,13,22.8,0.8,26.0,5.0,7,4,3,10,1,0.09,0.00,0.09,0.32,3,False,570,35,2025-26,Kevin Danso,18,2,False
0,0,0,0,0,0,0,0,0,0,0,0,0,0.0,0.0,0.0,0.0,0,0,0,0,0,0.00,0.00,0.00,0.00,0,False,571,35,2025-26,Ben Davies,18,2,False
0,0,0,0,0,0,0,0,0,0,0,0,0,0.0,0.0,0.0,0.0,0,0,0,0,0,0.00,0.00,0.00,0.00,0,False,572,35,2025-26,Radu Drăgușin,18,2,False
23,0,0,0,1,0,0,0,0,0,0,0,-4,0.0,0.3,2.0,0.1,0,0,0,0,0,0.00,0.00,0.00,0.29,1,False,573,35,2025-26,Djed Spence,18,2,False
90,0,0,0,1,0,0,0,0,0,0,0,7,11.4,23.1,2.0,3.7,3,3,1,4,1,0.00,0.02,0.02,0.32,2,False,574,35,2025-26,Destiny Udogie,18,2,False
90,0,0,0,1,0,0,0,0,0,0,0,9,6.8,0.8,0.0,0.8,1,4,1,2,1,0.00,0.01,0.01,0.32,2,False,575,35,2025-26,Micky van de Ven,18,2,False
0,0,0,0,0,0,0,0,0,0,0,0,0,0.0,0.0,0.0,0.0,0,0,0,0,0,0.00,0.00,0.00,0.00,0,False,576,35,2025-26,Ashley Phillips,18,2,False
0,0,0,0,0,0,0,0,0,0,0,0,0,0.0,0.0,0.0,0.0,0,0,0,0,0,0.00,0.00,0.00,0.00,0,False,577,35,2025-26,Takai Kōta,18,2,False
0,0,0,0,0,0,0,0,0,0,0,0,0,0.0,0.0,0.0,0.0,0,0,0,0,0,0.00,0.00,0.00,0.00,0,False,578,35,2025-26,Luka Vušković,18,2,False
0,0,0,0,0,0,0,0,0,0,0,0,0,0.0,0.0,0.0,0.0,0,0,0,0,0,0.00,0.00,0.00,0.00,0,False,579,35,2025-26,Son Heung-min,18,2,False
90,0,0,0,3,0,0,0,0,0,0,0,4,2.8,2.0,10.0,1.5,2,1,1,4,1,0.08,0.09,0.17,2.08,2,False,580,35,2025-26,Brennan Johnson,8,4,False
0,0,0,0,0,0,0,0,0,0,0,0,0,0.0,0.0,0.0,0.0,0,0,0,0,0,0.00,0.00,0.00,0.00,0,False,581,35,2025-26,James Maddison,18,2,False
0,0,0,0,0,0,0,0,0,0,0,0,0,0.0,0.0,0.0,0.0,0,0,0,0,0,0.00,0.00,0.00,0.00,0,False,582,35,2025-26,Mohammed Kudus,18,2,False
0,0,0,0,0,0,0,0,0,0,0,0,0,0.0,0.0,0.0,0.0,0,0,0,0,0,0.00,0.00,0.00,0.00,0,False,583,35,2025-26,Dejan Kulusevski,18,2,False
90,0,1,1,0,0,0,0,1,0,0,0,18,21.4,39.2,10.0,7.1,2,6,0,8,1,0.08,0.51,0.59,0.26,5,False,584,35,2025-26,Mathys Tel,18,2,False
66,0,0,1,0,0,0,0,1,0,0,0,15,12.8,6.4,0.0,1.9,3,3,2,8,1,0.00,0.01,0.01,0.03,2,False,585,35,2025-26,Rodrigo Bentancur,18,2,False
1,0,0,0,1,0,0,0,0,0,0,0,3,0.0,0.0,0.0,0.0,0,0,0,0,0,0.00,0.00,0.00,0.06,1,False,586,35,2025-26,Lucas Bergvall,18,2,False
23,0,0,0,1,0,0,0,0,0,0,0,3,1.4,2.1,0.0,0.4,0,1,0,1,0,0.00,0.00,0.00,0.29,1,False,587,35,2025-26,Yves Bissouma,18,2,False
0,0,0,0,0,0,0,0,0,0,0,0,0,0.0,0.0,0.0,0.0,0,0,0,0,0,0.00,0.00,0.00,0.00,0,False,588,35,2025-26,Wilson Odobert,18,2,False
0,0,0,0,0,0,0,0,0,0,0,0,0,0.0,0.0,0.0,0.0,0,0,0,0,0,0.00,0.00,0.00,0.00,0,False,589,35,2025-26,Manor Solomon,18,2,False
0,0,0,0,0,0,0,0,0,0,0,0,0,0.0,0.0,0.0,0.0,0,0,0,0,0,0.00,0.00,0.00,0.00,0,False,590,35,2025-26,Bryan Gil Salvatierra,18,2,False
0,0,0,0,0,0,0,0,0,0,0,0,0,0.0,0.0,0.0,0.0,0,0,0,0,0,0.00,0.00,0.00,0.00,0,False,591,35,2025-26,Archie Gray,18,2,False
0,0,0,0,0,0,0,0,0,0,0,0,0,0.0,0.0,0.0,0.0,0,0,0,0,0,0.00,0.00,0.00,0.00,0,False,592,35,2025-26,Mikey Moore,18,2,False
1,0,0,0,1,0,0,0,0,0,0,0,1,0.0,0.0,0.0,0.0,0,0,0,0,0,0.00,0.00,0.00,0.06,1,False,593,35,2025-26,Pape Matar Sarr,18,2,False
0,0,0,0,0,0,0,0,0,0,0,0,0,0.0,0.0,0.0,0.0,0,0,0,0,0,0.00,0.00,0.00,0.00,0,False,594,35,2025-26,Yang Min-hyeok,18,2,False
0,0,0,0,0,0,0,0,0,0,0,0,0,0.0,0.0,0.0,0.0,0,0,0,0,0,0.00,0.00,0.00,0.00,0,False,595,35,2025-26,Callum Olusesi,18,2,False
0,0,0,0,0,0,0,0,0,0,0,0,0,0.0,0.0,0.0,0.0,0,0,0,0,0,0.00,0.00,0.00,0.00,0,False,596,35,2025-26,Dominic Solanke-Mitchell,18,2,False
90,1,0,1,0,0,0,0,0,0,0,3,33,37.6,0.9,40.0,7.9,2,3,2,7,1,0.50,0.00,0.50,0.26,9,False,597,35,2025-26,Richarlison de Andrade,18,2,False
0,0,0,0,0,0,0,0,0,0,0,0,0,0.0,0.0,0.0,0.0,0,0,0,0,0,0.00,0.00,0.00,0.00,0,False,598,35,2025-26,Will Lankshear,18,2,False
0,0,0,0,0,0,0,0,0,0,0,0,0,0.0,0.0,0.0,0.0,0,0,0,0,0,0.00,0.00,0.00,0.00,0,False,599,35,2025-26,Dane Scarlett,18,2,False
0,0,0,0,0,0,0,0,0,0,0,0,0,0.0,0.0,0.0,0.0,0,0,0,0,0,0.00,0.00,0.00,0.00,0,False,600,35,2025-26,Alphonse Areola,19,5,False
0,0,0,0,0,0,0,0,0,0,0,0,0,0.0,0.0,0.0,0.0,0,0,0,0,0,0.00,0.00,0.00,0.00,0,False,601,35,2025-26,Wes Foderingham,19,5,False
0,0,0,0,0,0,0,0,0,0,0,0,0,0.0,0.0,0.0,0.0,0,0,0,0,0,0.00,0.00,0.00,0.00,0,False,602,35,2025-26,Krisztián Hegyi,19,5,False
73,0,0,0,2,0,0,0,0,0,0,0,8,11.0,16.1,17.0,4.4,3,1,2,5,1,0.03,0.03,0.06,2.13,1,False,603,35,2025-26,El Hadji Malick Diouf,19,5,False
0,0,0,0,0,0,0,0,0,0,0,0,0,0.0,0.0,0.0,0.0,0,0,0,0,0,0.00,0.00,0.00,0.00,0,False,604,35,2025-26,Emerson Palmieri dos Santos,19,5,False
0,0,0,0,0,0,0,0,0,0,0,0,0,0.0,0.0,0.0,0.0,0,0,0,0,0,0.00,0.00,0.00,0.00,0,False,605,35,2025-26,Maximilian Kilman,19,5,False
90,0,0,0,3,1,0,0,0,0,0,0,-7,7.0,1.0,2.0,1.0,7,4,0,7,1,0.00,0.01,0.01,2.27,-1,False,606,35,2025-26,Konstantinos Mavropanos,19,5,False
0,0,0,0,0,0,0,0,0,0,0,0,0,0.0,0.0,0.0,0.0,0,0,0,0,0,0.00,0.00,0.00,0.00,0,False,607,35,2025-26,Nayef Aguerd,19,5,False
2,0,0,0,0,0,0,0,1,0,0,0,2,4.0,10.4,0.0,1.4,1,0,1,2,0,0.00,0.00,0.00,0.10,0,False,608,35,2025-26,Ollie Scarles,19,5,False
0,0,0,0,0,0,0,0,0,0,0,0,0,0.0,0.0,0.0,0.0,0,0,0,0,0,0.00,0.00,0.00,0.00,0,False,609,35,2025-26,Jean-Clair Todibo,19,5,False
25,0,0,0,1,0,0,0,0,0,0,0,2,8.8,0.8,0.0,1.0,1,2,1,2,0,0.00,0.00,0.00,0.14,1,False,610,35,2025-26,Aaron Wan-Bissaka,19,5,False
0,0,0,0,0,0,0,0,0,0,0,0,0,0.0,0.0,0.0,0.0,0,0,0,0,0,0.00,0.00,0.00,0.00,0,False,611,35,2025-26,Kaelan Casey,19,5,False
0,0,0,0,0,0,0,0,0,0,0,0,0,0.0,0.0,0.0,0.0,0,0,0,0,0,0.00,0.00,0.00,0.00,0,False,612,35,2025-26,Lucas Tolentino Coelho de Lima,19,5,False
90,0,0,0,3,0,0,0,0,0,0,0,9,15.2,13.9,11.0,4.0,3,2,4,9,1,0.16,0.06,0.22,2.27,2,False,613,35,2025-26,Tomáš Souček,19,5,False
64,0,0,0,3,0,0,0,0,0,0,0,16,10.4,5.3,7.0,2.3,2,2,0,4,1,0.04,0.01,0.05,1.27,2,False,614,35,2025-26,James Ward-Prowse,3,11,False
87,0,0,0,3,0,0,0,1,0,0,0,3,8.4,28.8,2.0,3.9,1,4,4,9,1,0.14,0.02,0.16,2.17,1,False,615,35,2025-26,Crysencio Summerville,19,5,False
0,0,0,0,0,0,0,0,0,0,0,0,0,0.0,0.0,0.0,0.0,0,0,0,0,0,0.00,0.00,0.00,0.00,0,False,616,35,2025-26,Edson Álvarez Velázquez,19,5,False
0,0,0,0,0,0,0,0,0,0,0,0,0,0.0,0.0,0.0,0.0,0,0,0,0,0,0.00,0.00,0.00,0.00,0,False,617,35,2025-26,Maxwel Cornet,19,5,False
0,0,0,0,0,0,0,0,0,0,0,0,0,0.0,0.0,0.0,0.0,0,0,0,0,0,0.00,0.00,0.00,0.00,0,False,618,35,2025-26,Guido Rodríguez,19,5,False
0,0,0,0,0,0,0,0,0,0,0,0,0,0.0,0.0,0.0,0.0,0,0,0,0,0,0.00,0.00,0.00,0.00,0,False,619,35,2025-26,Luis Guilherme Lira dos Santos,19,5,False
0,0,0,0,0,0,0,0,0,0,0,0,0,0.0,0.0,0.0,0.0,0,0,0,0,0,0.00,0.00,0.00,0.00,0,False,620,35,2025-26,George Earthy,19,5,False
0,0,0,0,0,0,0,0,0,0,0,0,0,0.0,0.0,0.0,0.0,0,0,0,0,0,0.00,0.00,0.00,0.00,0,False,621,35,2025-26,Andy Irving,19,5,False
0,0,0,0,0,0,0,0,0,0,0,0,0,0.0,0.0,0.0,0.0,0,0,0,0,0,0.00,0.00,0.00,0.00,0,False,622,35,2025-26,Lewis Orford,19,5,False
0,0,0,0,0,0,0,0,0,0,0,0,0,0.0,0.0,0.0,0.0,0,0,0,0,0,0.00,0.00,0.00,0.00,0,False,623,35,2025-26,Freddie Potts,19,5,False
87,0,0,0,3,0,0,0,0,0,0,0,14,11.6,54.0,13.0,7.9,0,3,0,3,1,0.07,0.21,0.28,2.17,2,False,624,35,2025-26,Jarrod Bowen,19,5,False
0,0,0,0,0,0,0,0,0,0,0,0,0,0.0,0.0,0.0,0.0,0,0,0,0,0,0.00,0.00,0.00,0.00,0,False,625,35,2025-26,Niclas Füllkrug,19,5,False
0,0,0,0,0,0,0,0,0,0,0,0,0,0.0,0.0,0.0,0.0,0,0,0,0,0,0.00,0.00,0.00,0.00,0,False,626,35,2025-26,Callum Marshall,19,5,False
0,0,0,0,0,0,0,0,0,0,0,0,0,0.0,0.0,0.0,0.0,0,0,0,0,0,0.00,0.00,0.00,0.00,0,False,627,35,2025-26,Sam Johnstone,20,17,True
0,0,0,0,0,0,0,0,0,0,0,0,0,0.0,0.0,0.0,0.0,0,0,0,0,0,0.00,0.00,0.00,0.00,0,False,628,35,2025-26,José Malheiro de Sá,20,17,True
90,0,0,0,1,0,0,0,0,0,1,0,10,13.4,0.0,0.0,1.3,1,11,0,0,1,0.00,0.00,0.00,0.66,2,False,629,35,2025-26,Daniel Bentley,20,17,True
0,0,0,0,0,0,0,0,0,0,0,0,0,0.0,0.0,0.0,0.0,0,0,0,0,0,0.00,0.00,0.00,0.00,0,False,630,35,2025-26,Tom King,9,13,True
0,0,0,0,0,0,0,0,0,0,0,0,0,0.0,0.0,0.0,0.0,0,0,0,0,0,0.00,0.00,0.00,0.00,0,False,631,35,2025-26,Emmanuel Agbadou,20,17,True
0,0,0,0,0,0,0,0,0,0,0,0,0,0.0,0.0,0.0,0.0,0,0,0,0,0,0.00,0.00,0.00,0.00,0,False,632,35,2025-26,Matt Doherty,20,17,True
77,0,1,0,1,0,0,0,0,0,0,0,23,30.0,42.8,10.0,8.3,3,2,0,3,1,0.09,0.35,0.44,0.56,5,False,633,35,2025-26,Hugo Bueno López,20,17,True
90,0,0,0,1,0,0,0,0,0,0,0,8,15.0,2.3,11.0,2.8,7,4,1,8,1,0.09,0.03,0.12,0.66,2,False,634,35,2025-26,Yerson Mosquera Valdelamar,20,17,True
45,0,0,0,0,0,0,0,0,0,0,0,5,3.0,2.8,4.0,1.0,0,1,1,1,0,0.00,0.04,0.04,0.31,1,False,635,35,2025-26,Rodrigo Martins Gomes,20,17,True
90,1,0,0,1,0,0,0,0,0,0,2,26,53.2,20.9,49.0,12.3,5,5,1,6,1,0.20,0.38,0.58,0.66,10,False,636,35,2025-26,Santiago Ignacio Bueno,20,17,True
90,0,0,0,1,0,0,0,0,0,0,0,15,34.8,12.8,33.0,8.1,10,4,2,12,1,0.31,0.08,0.39,0.66,4,False,637,35,2025-26,Toti Gomes,20,17,True
0,0,0,0,0,0,0,0,0,0,0,0,0,0.0,0.0,0.0,0.0,0,0,0,0,0,0.00,0.00,0.00,0.00,0,False,638,35,2025-26,Ki-Jana Hoever,20,17,True
0,0,0,0,0,0,0,0,0,0,0,0,0,0.0,0.0,0.0,0.0,0,0,0,0,0,0.00,0.00,0.00,0.00,0,False,639,35,2025-26,Bastien Meupiyou Menadjou,20,17,True
45,0,0,0,1,0,0,0,0,0,0,0,3,13.2,28.5,4.0,4.6,3,2,2,5,1,0.00,0.25,0.25,0.35,1,False,640,35,2025-26,Pedro Cardoso de Lima,20,17,True
0,0,0,0,0,0,0,0,0,0,0,0,0,0.0,0.0,0.0,0.0,0,0,0,0,0,0.00,0.00,0.00,0.00,0,False,641,35,2025-26,Alfie Pond,20,17,True
0,0,0,0,0,0,0,0,0,0,0,0,0,0.0,0.0,0.0,0.0,0,0,0,0,0,0.00,0.00,0.00,0.00,0,False,642,35,2025-26,Hwang Hee-chan,20,17,True
90,0,0,0,1,0,0,0,0,0,0,0,14,17.4,38.4,4.0,6.0,3,7,0,10,1,0.05,0.05,0.10,0.66,2,False,643,35,2025-26,André Trindade da Costa Neto,20,17,True
0,0,0,0,0,0,0,0,0,0,0,0,0,0.0,0.0,0.0,0.0,0,0,0,0,0,0.00,0.00,0.00,0.00,0,False,644,35,2025-26,Jean-Ricner Bellegarde,20,17,True
0,0,0,0,0,0,0,0,0,0,0,0,0,0.0,0.0,0.0,0.0,0,0,0,0,0,0.00,0.00,0.00,0.00,0,False,645,35,2025-26,Fer López González,20,17,True
90,0,0,0,1,0,0,0,0,0,0,0,13,18.2,36.1,4.0,5.8,2,4,3,9,1,0.03,0.17,0.20,0.66,2,False,646,35,2025-26,João Victor Gomes da Silva,20,17,True
0,0,0,0,0,0,0,0,0,0,0,0,0,0.0,0.0,0.0,0.0,0,0,0,0,0,0.00,0.00,0.00,0.00,0,False,647,35,2025-26,Gonçalo Manuel Ganchinho Guedes,20,17,True
0,0,0,0,0,0,0,0,0,0,0,0,0,0.0,0.0,0.0,0.0,0,0,0,0,0,0.00,0.00,0.00,0.00,0,False,648,35,2025-26,Marshall Munetsi,20,17,True
0,0,0,0,0,0,0,0,0,0,0,0,0,0.0,0.0,0.0,0.0,0,0,0,0,0,0.00,0.00,0.00,0.00,0,False,649,35,2025-26,Boubacar Traoré,20,17,True
0,0,0,0,0,0,0,0,0,0,0,0,0,0.0,0.0,0.0,0.0,0,0,0,0,0,0.00,0.00,0.00,0.00,0,False,650,35,2025-26,Tawanda Chirewa,20,17,True
1,0,0,0,0,0,0,0,0,0,0,0,3,0.0,0.0,0.0,0.0,0,0,0,0,0,0.00,0.00,0.00,0.00,1,False,651,35,2025-26,Tom Edozie,20,17,True
0,0,0,0,0,0,0,0,0,0,0,0,0,0.0,0.0,0.0,0.0,0,0,0,0,0,0.00,0.00,0.00,0.00,0,False,652,35,2025-26,Enso González Medina,20,17,True
0,0,0,0,0,0,0,0,0,0,0,0,0,0.0,0.0,0.0,0.0,0,0,0,0,0,0.00,0.00,0.00,0.00,0,False,653,35,2025-26,Joe Hodge,20,17,True
64,0,0,0,2,0,0,0,0,0,0,0,10,15.0,14.9,21.0,5.1,2,2,1,5,1,0.19,0.11,0.30,1.65,2,False,654,35,2025-26,Jørgen Strand Larsen,8,4,False
0,0,0,0,0,0,0,0,0,0,0,0,0,0.0,0.0,0.0,0.0,0,0,0,0,0,0.00,0.00,0.00,0.00,0,False,655,35,2025-26,Fábio Soares Silva,20,17,True
0,0,0,0,0,0,0,0,0,0,0,0,0,0.0,0.0,0.0,0.0,0,0,0,0,0,0.00,0.00,0.00,0.00,0,False,656,35,2025-26,Saša Kalajdžić,20,17,True
0,0,0,0,0,0,0,0,0,0,0,0,0,0.0,0.0,0.0,0.0,0,0,0,0,0,0.00,0.00,0.00,0.00,0,False,657,35,2025-26,Leon Chiwome,20,17,True
0,0,0,0,0,0,0,0,0,0,0,0,0,0.0,0.0,0.0,0.0,0,0,0,0,0,0.00,0.00,0.00,0.00,0,False,658,35,2025-26,Nathan Fraser,20,17,True
64,0,0,0,2,0,0,0,0,0,0,0,1,6.6,1.6,2.0,1.0,2,2,2,4,1,0.00,0.01,0.01,2.13,1,False,659,35,2025-26,Kyle Walker-Peters,19,5,False
71,1,0,0,1,0,0,0,0,0,0,3,33,42.8,37.6,25.0,10.5,2,2,2,6,1,0.28,0.07,0.35,0.35,10,False,660,35,2025-26,Anton Stach,11,3,True
0,0,0,0,0,0,0,0,0,0,0,0,0,0.0,0.0,0.0,0.0,0,0,0,0,0,0.00,0.00,0.00,0.00,0,False,661,35,2025-26,Hugo Ekitiké,12,14,False
7,0,0,0,0,0,0,0,0,0,0,0,2,0.2,0.3,0.0,0.1,1,0,0,1,0,0.00,0.00,0.00,0.00,1,False,662,35,2025-26,Cristhian Mosquera,1,10,True
0,0,0,0,0,0,0,0,0,0,0,0,0,0.0,0.0,0.0,0.0,0,0,0,0,0,0.00,0.00,0.00,0.00,0,False,663,35,2025-26,Jhon Arias,20,17,True
0,0,0,0,0,0,0,0,0,0,0,0,0,0.0,0.0,0.0,0.0,0,0,0,0,0,0.00,0.00,0.00,0.00,0,False,664,35,2025-26,Benjamin Lecomte,10,1,False
0,0,0,0,0,0,0,0,0,0,0,0,0,0.0,0.0,0.0,0.0,0,0,0,0,0,0.00,0.00,0.00,0.00,0,False,665,35,2025-26,Lucas Estella Perri,11,3,True
63,2,1,1,0,0,0,0,0,0,0,3,66,88.2,13.4,88.0,19.0,0,2,0,2,1,1.70,0.02,1.72,0.20,16,True,666,35,2025-26,Viktor Gyökeres,1,10,True
0,0,0,0,0,0,0,0,0,0,0,0,0,0.0,0.0,0.0,0.0,0,0,0,0,0,0.00,0.00,0.00,0.00,0,False,667,35,2025-26,Adam Aznou,9,13,True
90,0,1,0,1,0,0,0,1,0,0,3,27,37.4,38.6,1.0,7.7,4,9,1,14,1,0.08,0.26,0.34,1.72,9,False,668,35,2025-26,Granit Xhaka,17,20,False
0,0,0,0,0,0,0,0,0,0,0,0,0,0.0,0.0,0.0,0.0,0,0,0,0,0,0.00,0.00,0.00,0.00,0,False,669,35,2025-26,Dan Ndoye,16,7,False
90,0,0,0,1,0,0,0,1,0,6,0,19,41.6,0.0,0.0,4.2,0,9,0,0,1,0.00,0.00,0.00,1.72,3,False,670,35,2025-26,Robin Roefs,17,20,False
25,0,0,0,1,0,0,0,0,0,0,0,1,0.0,1.3,2.0,0.3,0,0,0,0,0,0.00,0.01,0.01,0.14,1,False,671,35,2025-26,Callum Wilson,19,5,False
0,0,0,0,0,0,0,0,0,0,0,0,0,0.0,0.0,0.0,0.0,0,0,0,0,0,0.00,0.00,0.00,0.00,0,False,672,35,2025-26,Jorrel Hato,7,16,True
90,0,0,0,1,0,0,0,0,0,0,0,18,19.4,3.8,7.0,3.0,4,4,2,10,1,0.02,0.02,0.04,0.32,2,False,673,35,2025-26,João Maria Lobo Alves Palhares Costa Palhinha Gonçalves,18,2,False
0,0,0,0,0,0,0,0,0,0,0,0,0,0.0,0.0,0.0,0.0,0,0,0,0,0,0.00,0.00,0.00,0.00,0,False,674,35,2025-26,Aaron Ramsdale,15,6,True
0,0,0,0,0,0,0,0,0,0,0,0,0,0.0,0.0,0.0,0.0,0,0,0,0,0,0.00,0.00,0.00,0.00,0,False,675,35,2025-26,Angus Gunn,16,7,False
0,0,0,0,0,0,0,0,0,0,0,0,0,0.0,0.0,0.0,0.0,0,0,0,0,0,0.00,0.00,0.00,0.00,0,False,676,35,2025-26,Lesley Ugochukwu,3,11,False
0,0,0,0,0,0,0,0,0,0,0,0,0,0.0,0.0,0.0,0.0,0,0,0,0,0,0.00,0.00,0.00,0.00,0,False,677,35,2025-26,Evann Guessand,8,4,False
0,0,0,0,0,0,0,0,0,0,0,0,0,0.0,0.0,0.0,0.0,0,0,0,0,0,0.00,0.00,0.00,0.00,0,False,678,35,2025-26,Arthur Masuaku,17,20,False
90,0,0,0,3,0,0,0,0,0,4,0,8,30.0,0.0,0.0,3.0,2,10,0,0,1,0.00,0.00,0.00,2.27,2,False,679,35,2025-26,Mads Hermansen,19,5,False
14,0,0,0,0,0,0,0,0,0,0,0,3,0.2,10.8,2.0,1.3,0,1,0,1,0,0.00,0.08,0.08,0.17,1,False,680,35,2025-26,Armando Broja,3,11,False
45,1,0,0,0,0,0,0,0,0,0,0,22,34.4,1.3,57.0,9.3,0,1,0,1,1,1.25,0.01,1.26,0.15,5,False,681,35,2025-26,Benjamin Sesko,14,12,True
0,0,0,0,0,0,0,0,0,0,0,0,0,0.0,0.0,0.0,0.0,0,0,0,0,0,0.00,0.00,0.00,0.00,0,False,682,35,2025-26,David Møller Wolfe,20,17,True
90,0,0,0,1,0,0,0,0,0,0,0,6,17.4,0.4,4.0,2.2,11,4,1,12,1,0.00,0.00,0.00,1.72,4,False,683,35,2025-26,Omar Alderete,17,20,False
90,0,0,0,1,0,0,0,0,0,0,0,9,29.2,0.1,33.0,6.2,8,5,1,9,1,0.82,0.00,0.82,1.53,2,False,684,35,2025-26,Malick Thiaw,15,6,True
0,0,0,0,0,0,0,0,0,0,0,0,0,0.0,0.0,0.0,0.0,0,0,0,0,0,0.00,0.00,0.00,0.00,0,False,685,35,2025-26,Bafodé Diakité,4,8,True
15,0,0,0,1,0,0,0,0,0,0,0,4,3.2,12.3,6.0,2.2,1,0,0,1,0,0.05,0.02,0.07,0.16,1,False,686,35,2025-26,Rio Ngumoha,12,14,False
0,0,0,0,0,0,0,0,0,0,0,0,0,0.0,0.0,0.0,0.0,0,0,0,0,0,0.00,0.00,0.00,0.00,0,False,687,35,2025-26,Remy Rees-Dottin,4,8,True
0,0,0,0,0,0,0,0,0,0,0,0,0,0.0,0.0,0.0,0.0,0,0,0,0,0,0.00,0.00,0.00,0.00,0,False,688,35,2025-26,James Wright,2,18,True
0,0,0,0,0,0,0,0,0,0,0,0,0,0.0,0.0,0.0,0.0,0,0,0,0,0,0.00,0.00,0.00,0.00,0,False,689,35,2025-26,Seung-Soo Park,15,6,True
0,0,0,0,0,0,0,0,0,0,0,0,0,0.0,0.0,0.0,0.0,0,0,0,0,0,0.00,0.00,0.00,0.00,0,False,690,35,2025-26,Rio Cardines,8,4,False
90,1,0,0,1,0,0,0,1,0,0,1,27,28.6,2.2,37.0,6.8,0,2,0,2,1,0.45,0.01,0.46,0.35,6,False,691,35,2025-26,Dominic Calvert-Lewin,11,3,True
0,0,0,0,0,0,0,0,0,0,0,0,0,0.0,0.0,0.0,0.0,0,0,0,0,0,0.00,0.00,0.00,0.00,0,False,692,35,2025-26,Giovanni Leoni,12,14,False
10,0,0,0,1,0,0,0,0,0,0,0,2,2.2,0.5,2.0,0.5,1,0,0,1,0,0.00,0.00,0.00,0.89,1,False,693,35,2025-26,Omari Hutchinson,16,7,False
90,1,0,0,1,0,0,0,0,0,0,1,24,55.4,1.6,37.0,9.4,8,3,4,12,1,0.19,0.04,0.23,1.72,11,True,694,35,2025-26,Nordi Mukiele,17,20,False
0,0,0,0,0,0,0,0,0,0,0,0,0,0.0,0.0,0.0,0.0,0,0,0,0,0,0.00,0.00,0.00,0.00,0,False,695,35,2025-26,Jackson Tchatchoua,20,17,True
0,0,0,0,0,0,0,0,0,0,0,0,0,0.0,0.0,0.0,0.0,0,0,0,0,0,0.00,0.00,0.00,0.00,0,False,696,35,2025-26,Arnaud Kalimuendo,16,7,False
4,0,0,0,0,0,0,0,0,0,0,0,3,0.2,0.5,0.0,0.1,0,0,0,0,0,0.00,0.00,0.00,0.54,1,False,697,35,2025-26,Amine Adli,4,8,True
64,1,0,1,0,0,0,0,0,0,0,2,30,41.4,27.3,26.0,9.5,1,4,1,6,1,0.33,0.13,0.46,0.09,10,False,698,35,2025-26,Noah Okafor,11,3,True
0,0,0,0,0,0,0,0,0,0,0,0,0,0.0,0.0,0.0,0.0,0,0,0,0,0,0.00,0.00,0.00,0.00,0,False,699,35,2025-26,Douglas Luiz Soares de Paulo,2,18,True
12,0,0,0,0,0,0,0,0,0,0,0,4,1.4,0.3,4.0,0.6,1,3,0,4,0,0.08,0.00,0.08,0.00,1,False,700,35,2025-26,Max Dowman,1,10,True
0,0,0,0,0,0,0,0,0,0,0,0,0,0.0,0.0,0.0,0.0,0,0,0,0,0,0.00,0.00,0.00,0.00,0,False,701,35,2025-26,Triston Rowe,2,18,True
0,0,0,0,0,0,0,0,0,0,0,0,0,0.0,0.0,0.0,0.0,0,0,0,0,0,0.00,0.00,0.00,0.00,0,False,702,35,2025-26,Bradley Burrowes,2,18,True
0,0,0,0,0,0,0,0,0,0,0,0,0,0.0,0.0,0.0,0.0,0,0,0,0,0,0.00,0.00,0.00,0.00,0,False,703,35,2025-26,Sam Proctor,2,18,True
0,0,0,0,0,0,0,0,0,0,0,0,0,0.0,0.0,0.0,0.0,0,0,0,0,0,0.00,0.00,0.00,0.00,0,False,704,35,2025-26,Tyler Onyango,9,13,True
0,0,0,0,0,0,0,0,0,0,0,0,0,0.0,0.0,0.0,0.0,0,0,0,0,0,0.00,0.00,0.00,0.00,0,False,705,35,2025-26,Elijah Campbell,9,13,True
90,0,0,0,1,0,0,0,0,0,0,0,12,14.8,1.8,13.0,3.0,2,5,4,6,1,0.02,0.03,0.05,0.57,2,False,706,35,2025-26,James Justin,11,3,True
0,0,0,0,0,0,0,0,0,0,0,0,0,0.0,0.0,0.0,0.0,0,0,0,0,0,0.00,0.00,0.00,0.00,0,False,707,35,2025-26,Tyler Dibling,9,13,True
90,0,0,0,3,0,0,0,0,0,0,0,17,16.2,6.2,0.0,2.2,3,6,4,13,1,0.00,0.02,0.02,2.27,4,False,708,35,2025-26,Mateus Gonçalo Espanha Fernandes,19,5,False
0,0,0,0,0,0,0,0,0,0,0,0,0,0.0,0.0,0.0,0.0,0,0,0,0,0,0.00,0.00,0.00,0.00,0,False,709,35,2025-26,Ladislav Krejcí,20,17,True
0,0,0,0,0,0,0,0,0,0,0,0,0,0.0,0.0,0.0,0.0,0,0,0,0,0,0.00,0.00,0.00,0.00,0,False,710,35,2025-26,Travis Patterson,2,18,True
0,0,0,0,0,0,0,0,0,0,0,0,0,0.0,0.0,0.0,0.0,0,0,0,0,0,0.00,0.00,0.00,0.00,0,False,711,35,2025-26,Andre Harriman-Annous,1,10,True
45,0,0,0,2,0,0,0,0,0,0,0,3,0.0,3.0,0.0,0.3,0,1,0,1,1,0.00,0.03,0.03,1.49,1,False,712,35,2025-26,Yéremy Pino Santos,8,4,False
90,0,0,1,0,0,0,0,0,0,0,0,25,13.2,19.0,4.0,3.6,1,7,3,4,1,0.02,0.12,0.14,0.89,6,False,713,35,2025-26,Álex Jiménez Sánchez,4,8,True
0,0,0,0,0,0,0,0,0,0,0,0,0,0.0,0.0,0.0,0.0,0,0,0,0,0,0.00,0.00,0.00,0.00,0,False,714,35,2025-26,Nick Woltemade,15,6,True
0,0,0,0,0,0,0,0,0,0,0,0,0,0.0,0.0,0.0,0.0,0,0,0,0,0,0.00,0.00,0.00,0.00,0,False,715,35,2025-26,John Victor Maciel Furtado,16,7,False
0,0,0,0,0,0,0,0,0,0,0,0,0,0.0,0.0,0.0,0.0,0,0,0,0,0,0.00,0.00,0.00,0.00,0,False,716,35,2025-26,Nicolò Savona,16,7,False
0,0,0,0,0,0,0,0,0,0,0,0,0,0.0,0.0,0.0,0.0,0,0,0,0,0,0.00,0.00,0.00,0.00,0,False,717,35,2025-26,Xavi Simons,18,2,False
2,0,0,0,0,0,0,0,0,0,0,0,3,0.6,0.3,0.0,0.1,0,1,0,1,0,0.00,0.00,0.00,0.10,1,False,718,35,2025-26,Soungoutou Magassa,19,5,False
90,0,0,0,2,0,0,0,0,0,0,0,9,23.6,1.7,0.0,2.5,7,2,1,8,1,0.00,0.01,0.01,0.99,1,False,719,35,2025-26,Victor Lindelöf,2,18,True
90,0,0,0,1,0,0,0,0,0,0,0,9,9.2,0.3,59.0,6.9,4,0,0,4,1,0.58,0.02,0.60,0.66,2,False,720,35,2025-26,Tolu Arokodare,20,17,True
0,0,0,0,0,0,0,0,0,0,0,0,0,0.0,0.0,0.0,0.0,0,0,0,0,0,0.00,0.00,0.00,0.00,0,False,721,35,2025-26,Veljko Milosavljevic,4,8,True
25,0,0,0,0,0,0,0,0,0,0,0,8,6.2,2.8,0.0,0.9,0,1,2,3,0,0.00,0.01,0.01,0.37,1,False,722,35,2025-26,Florentino Ibrain Morris Luís,3,11,False
90,0,0,0,3,0,0,0,1,0,0,0,-4,14.0,0.8,0.0,1.5,3,2,3,6,1,0.00,0.00,0.00,2.08,0,False,723,35,2025-26,Jaydee Canvot,8,4,False
0,0,0,0,0,0,0,0,0,0,0,0,0,0.0,0.0,0.0,0.0,0,0,0,0,0,0.00,0.00,0.00,0.00,0,False,724,35,2025-26,Lutsharel Geertruida,17,20,False
0,0,0,0,0,0,0,0,0,0,0,0,0,0.0,0.0,0.0,0.0,0,0,0,0,0,0.00,0.00,0.00,0.00,0,False,725,35,2025-26,Piero Hincapié,1,10,True
66,0,0,1,0,0,0,0,1,0,0,0,8,12.4,10.5,42.0,6.5,0,4,3,7,1,0.23,0.04,0.27,0.03,1,False,726,35,2025-26,Randal Kolo Muani,18,2,False
63,0,0,0,3,0,0,0,0,0,0,0,6,3.6,15.2,4.0,2.3,1,0,0,1,1,0.02,0.01,0.03,2.92,2,False,727,35,2025-26,Samuel Chukwueze,10,1,False
90,0,1,0,2,0,0,0,0,0,0,0,12,0.6,1.0,7.0,0.9,0,4,1,5,1,0.07,0.00,0.07,1.34,5,False,728,35,2025-26,Merlin Röhl,9,13,True
0,0,0,0,0,0,0,0,0,0,0,0,0,0.0,0.0,0.0,0.0,0,0,0,0,0,0.00,0.00,0.00,0.00,0,False,729,35,2025-26,Luis Eduardo Soares da Silva,16,7,False
71,0,0,0,1,0,0,0,1,0,0,0,4,0.0,12.2,7.0,1.7,1,0,0,1,1,0.06,0.07,0.13,1.28,1,False,730,35,2025-26,Brian Brobbey,17,20,False
0,0,0,0,0,0,0,0,0,0,0,0,0,0.0,0.0,0.0,0.0,0,0,0,0,0,0.00,0.00,0.00,0.00,0,False,731,35,2025-26,Kevin Santos Lopes de Macedo,10,1,False
0,0,0,0,0,0,0,0,0,0,0,0,0,0.0,0.0,0.0,0.0,0,0,0,0,0,0.00,0.00,0.00,0.00,0,False,732,35,2025-26,Christantus Uche,8,4,False
90,0,0,0,2,0,0,0,0,0,3,0,4,15.2,0.0,0.0,1.5,1,7,0,0,1,0.00,0.00,0.00,0.89,2,False,733,35,2025-26,Senne Lammens,14,12,True
79,0,1,1,0,0,0,0,0,0,0,1,26,24.8,27.2,2.0,5.4,0,2,1,3,1,0.00,0.25,0.25,1.27,7,False,734,35,2025-26,Dilane Bakwa,16,7,False
0,0,0,0,0,0,0,0,0,0,0,0,0,0.0,0.0,0.0,0.0,0,0,0,0,0,0.00,0.00,0.00,0.00,0,False,735,35,2025-26,Bertrand Traoré,17,20,False
90,0,0,0,3,0,0,0,1,0,3,0,3,22.6,10.3,2.0,3.5,1,9,0,0,1,0.00,0.13,0.13,2.77,1,False,736,35,2025-26,Gianluigi Donnarumma,13,9,False
12,0,0,0,0,0,0,0,0,0,0,0,2,0.0,0.3,0.0,0.0,0,2,0,2,0,0.00,0.00,0.00,0.31,1,False,737,35,2025-26,Jonah Kusi-Asare,10,1,False
0,0,0,0,0,0,0,0,0,0,0,0,0,0.0,0.0,0.0,0.0,0,0,0,0,0,0.00,0.00,0.00,0.00,0,False,738,35,2025-26,Lukasz Fabianski,19,5,False
0,0,0,0,0,0,0,0,0,0,0,0,0,0.0,0.0,0.0,0.0,0,0,0,0,0,0.00,0.00,0.00,0.00,0,False,739,35,2025-26,Divine Mukasa,13,9,False
0,0,0,0,0,0,0,0,0,0,0,0,0,0.0,0.0,0.0,0.0,0,0,0,0,0,0.00,0.00,0.00,0.00,0,False,740,35,2025-26,Stephen Mfuni,13,9,False
0,0,0,0,0,0,0,0,0,0,0,0,0,0.0,0.0,0.0,0.0,0,0,0,0,0,0.00,0.00,0.00,0.00,0,False,741,35,2025-26,Harry Gray,11,3,True
0,0,0,0,0,0,0,0,0,0,0,0,0,0.0,0.0,0.0,0.0,0,0,0,0,0,0.00,0.00,0.00,0.00,0,False,742,35,2025-26,Ryan McAidoo,13,9,False
0,0,0,0,0,0,0,0,0,0,0,0,0,0.0,0.0,0.0,0.0,0,0,0,0,0,0.00,0.00,0.00,0.00,0,False,743,35,2025-26,Landon Emenalo,7,16,True
0,0,0,0,0,0,0,0,0,0,0,0,0,0.0,0.0,0.0,0.0,0,0,0,0,0,0.00,0.00,0.00,0.00,0,False,744,35,2025-26,Nehemiah Oriola,6,15,False
0,0,0,0,0,0,0,0,0,0,0,0,0,0.0,0.0,0.0,0.0,0,0,0,0,0,0.00,0.00,0.00,0.00,0,False,745,35,2025-26,Jun'ai Byfield,18,2,False
0,0,0,0,0,0,0,0,0,0,0,0,0,0.0,0.0,0.0,0.0,0,0,0,0,0,0.00,0.00,0.00,0.00,0,False,746,35,2025-26,Kieran Morrison,12,14,False
0,0,0,0,0,0,0,0,0,0,0,0,0,0.0,0.0,0.0,0.0,0,0,0,0,0,0.00,0.00,0.00,0.00,0,False,747,35,2025-26,Ezra Mayers,19,5,False
1,0,0,0,0,0,0,0,0,0,0,0,2,0.2,1.0,0.0,0.1,0,0,0,0,0,0.00,0.00,0.00,0.02,1,False,748,35,2025-26,Josh Dasilva,5,19,True
90,0,0,0,1,0,0,0,0,0,0,0,16,13.6,34.0,12.0,6.0,1,6,0,7,1,0.07,0.20,0.27,0.66,2,False,749,35,2025-26,Mateus Mané,20,17,True
0,0,0,0,0,0,0,0,0,0,0,0,0,0.0,0.0,0.0,0.0,0,0,0,0,0,0.00,0.00,0.00,0.00,0,False,750,35,2025-26,James Rowswell,18,2,False
0,0,0,0,0,0,0,0,0,0,0,0,0,0.0,0.0,0.0,0.0,0,0,0,0,0,0.00,0.00,0.00,0.00,0,False,751,35,2025-26,Yusuf Akhamrich,18,2,False
0,0,0,0,0,0,0,0,0,0,0,0,0,0.0,0.0,0.0,0.0,0,0,0,0,0,0.00,0.00,0.00,0.00,0,False,752,35,2025-26,Airidas Golambeckis,19,5,False
0,0,0,0,0,0,0,0,0,0,0,0,0,0.0,0.0,0.0,0.0,0,0,0,0,0,0.00,0.00,0.00,0.00,0,False,753,35,2025-26,John Ruddy,15,6,True
0,0,0,0,0,0,0,0,0,0,0,0,0,0.0,0.0,0.0,0.0,0,0,0,0,0,0.00,0.00,0.00,0.00,0,False,754,35,2025-26,George Hemmings,2,18,True
0,0,0,0,0,0,0,0,0,0,0,0,0,0.0,0.0,0.0,0.0,0,0,0,0,0,0.00,0.00,0.00,0.00,0,False,755,35,2025-26,Shea Lacey,14,12,True
0,0,0,0,0,0,0,0,0,0,0,0,0,0.0,0.0,0.0,0.0,0,0,0,0,0,0.00,0.00,0.00,0.00,0,False,756,35,2025-26,Malcom DaCosta,4,8,True
0,0,0,0,0,0,0,0,0,0,0,0,0,0.0,0.0,0.0,0.0,0,0,0,0,0,0.00,0.00,0.00,0.00,0,False,757,35,2025-26,Ronnie Hollingshead,2,18,True
0,0,0,0,0,0,0,0,0,0,0,0,0,0.0,0.0,0.0,0.0,0,0,0,0,0,0.00,0.00,0.00,0.00,0,False,758,35,2025-26,Mohamadou Kanté,19,5,False
0,0,0,0,0,0,0,0,0,0,0,0,0,0.0,0.0,0.0,0.0,0,0,0,0,0,0.00,0.00,0.00,0.00,0,False,759,35,2025-26,Marli Salmon,1,10,True
0,0,0,0,0,0,0,0,0,0,0,0,0,0.0,0.0,0.0,0.0,0,0,0,0,0,0.00,0.00,0.00,0.00,0,False,760,35,2025-26,Wellity Lucky,12,14,False
0,0,0,0,0,0,0,0,0,0,0,0,0,0.0,0.0,0.0,0.0,0,0,0,0,0,0.00,0.00,0.00,0.00,0,False,761,35,2025-26,Freddie Simmonds,6,15,False
0,0,0,0,0,0,0,0,0,0,0,0,0,0.0,0.0,0.0,0.0,0,0,0,0,0,0.00,0.00,0.00,0.00,0,False,762,35,2025-26,Joél Drakes-Thomas,8,4,False
0,0,0,0,0,0,0,0,0,0,0,0,0,0.0,0.0,0.0,0.0,0,0,0,0,0,0.00,0.00,0.00,0.00,0,False,763,35,2025-26,Charlie Gray,13,9,False
0,0,0,0,0,0,0,0,0,0,0,0,0,0.0,0.0,0.0,0.0,0,0,0,0,0,0.00,0.00,0.00,0.00,0,False,764,35,2025-26,Reigan Heskey,13,9,False
0,0,0,0,0,0,0,0,0,0,0,0,0,0.0,0.0,0.0,0.0,0,0,0,0,0,0.00,0.00,0.00,0.00,0,False,765,35,2025-26,Leo Shahar,15,6,True
0,0,0,0,0,0,0,0,0,0,0,0,0,0.0,0.0,0.0,0.0,0,0,0,0,0,0.00,0.00,0.00,0.00,0,False,766,35,2025-26,Saheed Olagunju,20,17,True
0,0,0,0,0,0,0,0,0,0,0,0,0,0.0,0.0,0.0,0.0,0,0,0,0,0,0.00,0.00,0.00,0.00,0,False,767,35,2025-26,Luke Rawlings,20,17,True
0,0,0,0,0,0,0,0,0,0,0,0,0,0.0,0.0,0.0,0.0,0,0,0,0,0,0.00,0.00,0.00,0.00,0,False,768,35,2025-26,Leon Routh,2,18,True
0,0,0,0,0,0,0,0,0,0,0,0,0,0.0,0.0,0.0,0.0,0,0,0,0,0,0.00,0.00,0.00,0.00,0,False,769,35,2025-26,Bendito Mantato,14,12,True
0,0,0,0,0,0,0,0,0,0,0,0,0,0.0,0.0,0.0,0.0,0,0,0,0,0,0.00,0.00,0.00,0.00,0,False,770,35,2025-26,Seth Ridgeon,10,1,False
0,0,0,0,0,0,0,0,0,0,0,0,0,0.0,0.0,0.0,0.0,0,0,0,0,0,0.00,0.00,0.00,0.00,0,False,771,35,2025-26,Tyler Fletcher,14,12,True
0,0,0,0,0,0,0,0,0,0,0,0,0,0.0,0.0,0.0,0.0,0,0,0,0,0,0.00,0.00,0.00,0.00,0,False,772,35,2025-26,Sam Alabi,15,6,True
0,0,0,0,0,0,0,0,0,0,0,0,0,0.0,0.0,0.0,0.0,0,0,0,0,0,0.00,0.00,0.00,0.00,0,False,773,35,2025-26,Dean Benamar,8,4,False
0,0,0,0,0,0,0,0,0,0,0,0,0,0.0,0.0,0.0,0.0,0,0,0,0,0,0.00,0.00,0.00,0.00,0,False,774,35,2025-26,Jenson Jones,17,20,False
0,0,0,0,0,0,0,0,0,0,0,0,0,0.0,0.0,0.0,0.0,0,0,0,0,0,0.00,0.00,0.00,0.00,0,False,775,35,2025-26,Tymur Tutierov,17,20,False
0,0,0,0,0,0,0,0,0,0,0,0,0,0.0,0.0,0.0,0.0,0,0,0,0,0,0.00,0.00,0.00,0.00,0,False,776,35,2025-26,Oliver Pimlott,3,11,False
0,0,0,0,0,0,0,0,0,0,0,0,0,0.0,0.0,0.0,0.0,0,0,0,0,0,0.00,0.00,0.00,0.00,0,False,777,35,2025-26,Temple Ojinnaka,20,17,True
0,0,0,0,0,0,0,0,0,0,0,0,0,0.0,0.0,0.0,0.0,0,0,0,0,0,0.00,0.00,0.00,0.00,0,False,778,35,2025-26,Ethan Sutherland,20,17,True
0,0,0,0,0,0,0,0,0,0,0,0,0,0.0,0.0,0.0,0.0,0,0,0,0,0,0.00,0.00,0.00,0.00,0,False,779,35,2025-26,Braiden Graham,9,13,True
0,0,0,0,0,0,0,0,0,0,0,0,0,0.0,0.0,0.0,0.0,0,0,0,0,0,0.00,0.00,0.00,0.00,0,False,780,35,2025-26,Ben Casey,8,4,False
0,0,0,0,0,0,0,0,0,0,0,0,0,0.0,0.0,0.0,0.0,0,0,0,0,0,0.00,0.00,0.00,0.00,0,False,781,35,2025-26,TJ Carroll,2,18,True
0,0,0,0,0,0,0,0,0,0,0,0,0,0.0,0.0,0.0,0.0,0,0,0,0,0,0.00,0.00,0.00,0.00,0,False,782,35,2025-26,Fraser Forster,4,8,True
90,0,0,0,3,0,0,0,0,0,0,0,11,10.4,23.5,13.0,4.7,1,6,0,7,1,0.18,0.05,0.23,3.16,2,False,783,35,2025-26,Pascal Groß,6,15,False
0,0,0,0,0,0,0,0,0,0,0,0,0,0.0,0.0,0.0,0.0,0,0,0,0,0,0.00,0.00,0.00,0.00,0,False,784,35,2025-26,George Brierley,3,11,False
90,0,0,0,3,0,0,0,0,0,0,0,13,19.0,32.6,23.0,7.5,2,4,4,10,1,0.15,0.01,0.16,2.27,2,False,785,35,2025-26,Pablo Felipe Pereira de Jesus,19,5,False
0,0,0,0,0,0,0,0,0,0,0,0,0,0.0,0.0,0.0,0.0,0,0,0,0,0,0.00,0.00,0.00,0.00,0,False,786,35,2025-26,Alfie McNally,10,1,False
0,0,0,0,0,0,0,0,0,0,0,0,0,0.0,0.0,0.0,0.0,0,0,0,0,0,0.00,0.00,0.00,0.00,0,False,787,35,2025-26,Sam Chambers,11,3,True
0,0,0,0,0,0,0,0,0,0,0,0,0,0.0,0.0,0.0,0.0,0,0,0,0,0,0.00,0.00,0.00,0.00,0,False,788,35,2025-26,Godwill Kukonki,14,12,True
0,0,0,0,0,0,0,0,0,0,0,0,0,0.0,0.0,0.0,0.0,0,0,0,0,0,0.00,0.00,0.00,0.00,0,False,789,35,2025-26,Max Merrick,7,16,True
0,0,0,0,0,0,0,0,0,0,0,0,0,0.0,0.0,0.0,0.0,0,0,0,0,0,0.00,0.00,0.00,0.00,0,False,790,35,2025-26,Lucá Williams-Barnett,18,2,False
64,0,0,0,2,0,0,0,1,0,0,0,0,1.2,17.9,32.0,5.1,2,2,1,5,1,0.37,0.15,0.52,2.13,1,False,791,35,2025-26,Valentín Castellanos,19,5,False
0,0,0,0,0,0,0,0,0,0,0,0,0,0.0,0.0,0.0,0.0,0,0,0,0,0,0.00,0.00,0.00,0.00,0,False,792,35,2025-26,Alysson Edward Franco da Rocha dos Santos,2,18,True
0,0,0,0,0,0,0,0,0,0,0,0,0,0.0,0.0,0.0,0.0,0,0,0,0,0,0.00,0.00,0.00,0.00,0,False,793,35,2025-26,George King,8,4,False
0,0,0,0,0,0,0,0,0,0,0,0,0,0.0,0.0,0.0,0.0,0,0,0,0,0,0.00,0.00,0.00,0.00,0,False,794,35,2025-26,Max Alleyne,13,9,False
0,0,0,0,0,0,0,0,0,0,0,0,0,0.0,0.0,0.0,0.0,0,0,0,0,0,0.00,0.00,0.00,0.00,0,False,795,35,2025-26,Harry Howell,6,15,False
90,1,0,0,1,0,0,0,1,0,0,3,33,45.0,5.1,7.0,5.7,2,6,3,11,1,0.04,0.04,0.08,0.32,9,False,796,35,2025-26,Conor Gallagher,18,2,False
1,0,0,0,0,0,0,0,0,0,0,0,2,0.0,0.0,0.0,0.0,0,0,0,0,0,0.00,0.00,0.00,0.02,1,False,797,35,2025-26,Kaye Furo,5,19,True
0,0,0,0,0,0,0,0,0,0,0,0,0,0.0,0.0,0.0,0.0,0,0,0,0,0,0.00,0.00,0.00,0.00,0,False,798,35,2025-26,Danny Imray,8,4,False
0,0,0,0,0,0,0,0,0,0,0,0,0,0.0,0.0,0.0,0.0,0,0,0,0,0,0.00,0.00,0.00,0.00,0,False,799,35,2025-26,Charlie Stevens,4,8,True
0,0,0,0,0,0,0,0,0,0,0,0,0,0.0,0.0,0.0,0.0,0,0,0,0,0,0.00,0.00,0.00,0.00,0,False,800,35,2025-26,Djiamgone Jocelin Ta Bi,17,20,False
0,0,0,0,0,0,0,0,0,0,0,0,0,0.0,0.0,0.0,0.0,0,0,0,0,0,0.00,0.00,0.00,0.00,0,False,801,35,2025-26,Alex Tóth,4,8,True
0,0,0,0,0,0,0,0,0,0,0,0,0,0.0,0.0,0.0,0.0,0,0,0,0,0,0.00,0.00,0.00,0.00,0,False,802,35,2025-26,Keiber Lamadrid,19,5,False
0,0,0,0,0,0,0,0,0,0,0,0,0,0.0,0.0,0.0,0.0,0,0,0,0,0,0.00,0.00,0.00,0.00,0,False,803,35,2025-26,Teddy Sharman-Lowe,7,16,True
0,0,0,0,0,0,0,0,0,0,0,0,0,0.0,0.0,0.0,0.0,0,0,0,0,0,0.00,0.00,0.00,0.00,0,False,804,35,2025-26,João Victor de Souza Menezes,18,2,False
0,0,0,0,0,0,0,0,0,0,0,0,0,0.0,0.0,0.0,0.0,0,0,0,0,0,0.00,0.00,0.00,0.00,0,False,805,35,2025-26,Lorenzo Lucca,16,7,False
0,0,0,0,0,0,0,0,0,0,0,0,0,0.0,0.0,0.0,0.0,0,0,0,0,0,0.00,0.00,0.00,0.00,0,False,806,35,2025-26,Christos Mandas,4,8,True
85,1,0,1,0,0,0,0,0,0,0,0,25,34.6,5.6,47.0,8.7,3,4,2,9,1,0.57,0.23,0.80,0.35,8,False,807,35,2025-26,Rayan Vitor Simplício Rocha,4,8,True
59,0,0,0,2,0,0,0,0,0,0,0,2,0.2,1.3,0.0,0.2,1,1,0,2,1,0.00,0.00,0.00,0.96,1,False,808,35,2025-26,Tammy Abraham,2,18,True
0,0,0,0,0,0,0,0,0,0,0,0,0,0.0,0.0,0.0,0.0,0,0,0,0,0,0.00,0.00,0.00,0.00,0,False,809,35,2025-26,Jerome Abbey,20,17,True
0,0,0,0,0,0,0,0,0,0,0,0,0,0.0,0.0,0.0,0.0,0,0,0,0,0,0.00,0.00,0.00,0.00,0,False,810,35,2025-26,Luka Bentt,5,19,True
0,0,0,0,0,0,0,0,0,0,0,0,0,0.0,0.0,0.0,0.0,0,0,0,0,0,0.00,0.00,0.00,0.00,0,False,811,35,2025-26,Rio Kyerematen,18,2,False
0,0,0,0,0,0,0,0,0,0,0,0,0,0.0,0.0,0.0,0.0,0,0,0,0,0,0.00,0.00,0.00,0.00,0,False,812,35,2025-26,Melker Ellborg,17,20,False
0,0,0,0,0,0,0,0,0,0,0,0,0,0.0,0.0,0.0,0.0,0,0,0,0,0,0.00,0.00,0.00,0.00,0,False,813,35,2025-26,Nilson Angulo,17,20,False
90,0,0,0,1,0,0,0,0,0,0,0,11,18.0,0.8,2.0,2.1,4,6,6,10,1,0.00,0.00,0.00,2.15,4,False,814,35,2025-26,Luca Netz,16,7,False
90,0,0,0,3,0,0,0,0,0,0,0,1,11.0,0.8,2.0,1.4,3,0,1,4,1,0.00,0.00,0.00,2.27,1,False,815,35,2025-26,Axel Disasi,19,5,False
12,0,0,0,0,0,0,0,0,0,0,0,2,1.0,1.8,0.0,0.3,0,1,0,1,0,0.00,0.02,0.02,0.10,1,False,816,35,2025-26,Angel Gomes,20,17,True
90,0,0,0,1,0,0,0,0,0,0,0,9,11.8,13.3,44.0,6.9,0,1,2,3,1,0.32,0.17,0.49,0.66,2,False,817,35,2025-26,Adam Armstrong,20,17,True
0,0,0,0,0,0,0,0,0,0,0,0,0,0.0,0.0,0.0,0.0,0,0,0,0,0,0.00,0.00,0.00,0.00,0,False,818,35,2025-26,James Wilson,18,2,False
0,0,0,0,0,0,0,0,0,0,0,0,0,0.0,0.0,0.0,0.0,0,0,0,0,0,0.00,0.00,0.00,0.00,0,False,819,35,2025-26,Ollie Shield,5,19,True
0,0,0,0,0,0,0,0,0,0,0,0,0,0.0,0.0,0.0,0.0,0,0,0,0,0,0.00,0.00,0.00,0.00,0,False,820,35,2025-26,Kian McMahon-Brown,3,11,False
0,0,0,0,0,0,0,0,0,0,0,0,0,0.0,0.0,0.0,0.0,0,0,0,0,0,0.00,0.00,0.00,0.00,0,False,821,35,2025-26,Jack Whittaker,17,20,False
0,0,0,0,0,0,0,0,0,0,0,0,0,0.0,0.0,0.0,0.0,0,0,0,0,0,0.00,0.00,0.00,0.00,0,False,822,35,2025-26,Jaydon Jones,17,20,False
0,0,0,0,0,0,0,0,0,0,0,0,0,0.0,0.0,0.0,0.0,0,0,0,0,0,0.00,0.00,0.00,0.00,0,False,823,35,2025-26,Joshua Stephenson,5,19,True
0,0,0,0,0,0,0,0,0,0,0,0,0,0.0,0.0,0.0,0.0,0,0,0,0,0,0.00,0.00,0.00,0.00,0,False,824,35,2025-26,Conor McManus,5,19,True
0,0,0,0,0,0,0,0,0,0,0,0,0,0.0,0.0,0.0,0.0,0,0,0,0,0,0.00,0.00,0.00,0.00,0,False,825,35,2025-26,Finlay Herrick,19,5,False
0,0,0,0,0,0,0,0,0,0,0,0,0,0.0,0.0,0.0,0.0,0,0,0,0,0,0.00,0.00,0.00,0.00,0,False,826,35,2025-26,Riley Owen,5,19,True
0,0,0,0,0,0,0,0,0,0,0,0,0,0.0,0.0,0.0,0.0,0,0,0,0,0,0.00,0.00,0.00,0.00,0,False,827,35,2025-26,Jim Thwaites,14,12,True
0,0,0,0,0,0,0,0,0,0,0,0,0,0.0,0.0,0.0,0.0,0,0,0,0,0,0.00,0.00,0.00,0.00,0,False,828,35,2025-26,Alfie Brooks,20,17,True
45,0,0,0,2,0,0,0,0,0,0,0,5,4.6,6.4,25.0,3.6,0,2,1,3,1,0.10,0.02,0.12,1.09,1,False,829,35,2025-26,Jesse Derry,7,16,True
0,0,0,0,0,0,0,0,0,0,0,0,0,0.0,0.0,0.0,0.0,0,0,0,0,0,0.00,0.00,0.00,0.00,0,False,830,35,2025-26,Will Wright,12,14,False
0,0,0,0,0,0,0,0,0,0,0,0,0,0.0,0.0,0.0,0.0,0,0,0,0,0,0.00,0.00,0.00,0.00,0,False,831,35,2025-26,Josh Gracey,20,17,True
0,0,0,0,0,0,0,0,0,0,0,0,0,0.0,0.0,0.0,0.0,0,0,0,0,0,0.00,0.00,0.00,0.00,0,False,832,35,2025-26,Talla Ndiaye,12,14,False
