minutes,goals_scored,assists,clean_sheets,goals_conceded,own_goals,penalties_saved,penalties_missed,yellow_cards,red_cards,saves,bonus,bps,influence,creativity,threat,ict_index,clearances_blocks_interceptions,recoveries,tackles,defensive_contribution,starts,expected_goals,expected_assists,expected_goal_involvements,expected_goals_conceded,total_points,in_dreamteam,element,Gameweek,season,name,team,opponent_team,was_home
90,0,0,1,0,0,0,0,0,0,3,2,29,23.2,0.0,0.0,2.3,3,5,0,0,1,0.00,0.00,0.00,1.15,9,False,1,36,2025-26,David Raya Martín,1,19,False
0,0,0,0,0,0,0,0,0,0,0,0,0,0.0,0.0,0.0,0.0,0,0,0,0,0,0.00,0.00,0.00,0.00,0,False,2,36,2025-26,Kepa Arrizabalaga Revuelta,1,19,False
0,0,0,0,0,0,0,0,0,0,0,0,0,0.0,0.0,0.0,0.0,0,0,0,0,0,0.00,0.00,0.00,0.00,0,False,3,36,2025-26,Karl Hein,1,19,False
0,0,0,0,0,0,0,0,0,0,0,0,0,0.0,0.0,0.0,0.0,0,0,0,0,0,0.00,0.00,0.00,0.00,0,False,4,36,2025-26,Tommy Setford,1,19,False
90,0,0,1,0,0,0,0,0,0,0,3,32,30.6,1.2,16.0,4.8,11,3,1,12,1,0.30,0.01,0.31,1.15,11,False,5,36,2025-26,Gabriel dos Santos Magalhães,1,19,False
90,0,0,1,0,0,0,0,1,0,0,0,26,22.2,3.2,8.0,3.3,6,5,2,8,1,0.00,0.16,0.16,1.15,5,False,6,36,2025-26,William Saliba,1,19,False
45,0,0,0,0,0,0,0,0,0,0,0,-1,0.4,1.4,15.0,1.7,0,3,0,0,1,0.21,0.02,0.23,0.15,1,False,7,36,2025-26,Riccardo Calafiori,1,19,False
0,0,0,0,0,0,0,0,0,0,0,0,0,0.0,0.0,0.0,0.0,0,0,0,0,0,0.00,0.00,0.00,0.00,0,False,8,36,2025-26,Jurriën Timber,1,19,False
0,0,0,0,0,0,0,0,0,0,0,0,0,0.0,0.0,0.0,0.0,0,0,0,0,0,0.00,0.00,0.00,0.00,0,False,9,36,2025-26,Jakub Kiwior,1,19,False
90,0,0,1,0,0,0,0,0,0,0,0,23,6.4,5.1,2.0,1.4,1,1,0,1,1,0.00,0.02,0.02,1.15,6,False,10,36,2025-26,Myles Lewis-Skelly,1,19,False
27,0,0,0,0,0,0,0,0,0,0,0,3,0.2,2.8,0.0,0.3,0,0,0,0,1,0.00,0.01,0.01,0.00,1,False,11,36,2025-26,Benjamin White,1,19,False
0,0,0,0,0,0,0,0,0,0,0,0,0,0.0,0.0,0.0,0.0,0,0,0,0,0,0.00,0.00,0.00,0.00,0,False,12,36,2025-26,Oleksandr Zinchenko,16,15,True
0,0,0,0,0,0,0,0,0,0,0,0,0,0.0,0.0,0.0,0.0,0,0,0,0,0,0.00,0.00,0.00,0.00,0,False,13,36,2025-26,Brayden Clarke,1,19,False
0,0,0,0,0,0,0,0,0,0,0,0,0,0.0,0.0,0.0,0.0,0,0,0,0,0,0.00,0.00,0.00,0.00,0,False,14,36,2025-26,Maldini Kacurri,1,19,False
0,0,0,0,0,0,0,0,0,0,0,0,0,0.0,0.0,0.0,0.0,0,0,0,0,0,0.00,0.00,0.00,0.00,0,False,15,36,2025-26,Josh Nichols,1,19,False
79,0,0,1,0,0,0,0,1,0,0,0,-2,6.4,43.3,8.0,5.8,1,2,0,3,1,0.04,0.25,0.29,0.93,2,False,16,36,2025-26,Bukayo Saka,1,19,False
23,0,1,0,0,0,0,0,0,0,0,0,12,18.0,14.6,2.0,3.5,0,2,0,2,0,0.00,0.10,0.10,0.76,4,False,17,36,2025-26,Martin Ødegaard,1,19,False
10,0,0,0,0,0,0,0,0,0,0,0,4,2.2,0.8,0.0,0.3,2,0,0,2,0,0.00,0.01,0.01,0.23,1,False,18,36,2025-26,Noni Madueke,1,19,False
0,0,0,0,0,0,0,0,0,0,0,0,0,0.0,0.0,0.0,0.0,0,0,0,0,0,0.00,0.00,0.00,0.00,0,False,19,36,2025-26,Gabriel Martinelli Silva,1,19,False
90,1,0,1,0,0,0,0,1,0,0,1,27,37.6,16.4,59.0,11.3,0,2,1,3,1,0.45,0.04,0.49,1.15,8,False,20,36,2025-26,Leandro Trossard,1,19,False
90,0,0,1,0,0,0,0,0,0,0,0,18,17.4,35.9,2.0,5.5,6,3,1,10,1,0.00,0.38,0.38,1.15,3,False,21,36,2025-26,Declan Rice,1,19,False
0,0,0,0,0,0,0,0,0,0,0,0,0,0.0,0.0,0.0,0.0,0,0,0,0,0,0.00,0.00,0.00,0.00,0,False,22,36,2025-26,Mikel Merino Zazón,1,19,False
0,0,0,0,0,0,0,0,0,0,0,0,0,0.0,0.0,0.0,0.0,0,0,0,0,0,0.00,0.00,0.00,0.00,0,False,23,36,2025-26,Fábio Ferreira Vieira,1,19,False
0,0,0,0,0,0,0,0,0,0,0,0,0,0.0,0.0,0.0,0.0,0,0,0,0,0,0.00,0.00,0.00,0.00,0,False,24,36,2025-26,Christian Nørgaard,1,19,False
0,0,0,0,0,0,0,0,0,0,0,0,0,0.0,0.0,0.0,0.0,0,0,0,0,0,0.00,0.00,0.00,0.00,0,False,25,36,2025-26,Ethan Nwaneri,1,19,False
39,0,0,0,0,0,0,0,0,0,0,0,7,2.0,1.8,0.0,0.4,1,1,0,2,0,0.00,0.01,0.01,0.39,1,False,26,36,2025-26,Martín Zubimendi Ibáñez,1,19,False
0,0,0,0,0,0,0,0,0,0,0,0,0,0.0,0.0,0.0,0.0,0,0,0,0,0,0.00,0.00,0.00,0.00,0,False,27,36,2025-26,Reiss Nelson,5,13,False
0,0,0,0,0,0,0,0,0,0,0,0,0,0.0,0.0,0.0,0.0,0,0,0,0,0,0.00,0.00,0.00,0.00,0,False,28,36,2025-26,Ismeal Kabia,1,19,False
0,0,0,0,0,0,0,0,0,0,0,0,0,0.0,0.0,0.0,0.0,0,0,0,0,0,0.00,0.00,0.00,0.00,0,False,29,36,2025-26,Albert Sambi Lokonga,1,19,False
23,0,0,0,0,0,0,0,0,0,0,0,6,3.8,0.7,4.0,0.9,0,0,2,2,0,0.00,0.00,0.00,0.76,1,False,30,36,2025-26,Kai Havertz,1,19,False
0,0,0,0,0,0,0,0,0,0,0,0,0,0.0,0.0,0.0,0.0,0,0,0,0,0,0.00,0.00,0.00,0.00,0,False,31,36,2025-26,Gabriel Fernando de Jesus,1,19,False
90,0,1,0,2,0,0,0,0,0,4,1,27,42.0,10.0,0.0,5.2,0,9,0,0,1,0.00,0.00,0.00,1.79,6,False,32,36,2025-26,Emiliano Martínez Romero,2,3,False
0,0,0,0,0,0,0,0,0,0,0,0,0,0.0,0.0,0.0,0.0,0,0,0,0,0,0.00,0.00,0.00,0.00,0,False,33,36,2025-26,Marco Bizot,2,3,False
0,0,0,0,0,0,0,0,0,0,0,0,0,0.0,0.0,0.0,0.0,0,0,0,0,0,0.00,0.00,0.00,0.00,0,False,34,36,2025-26,Joe Gauci,2,3,False
0,0,0,0,0,0,0,0,0,0,0,0,0,0.0,0.0,0.0,0.0,0,0,0,0,0,0.00,0.00,0.00,0.00,0,False,35,36,2025-26,Filip Marschall,2,3,False
79,0,0,0,2,0,0,0,0,0,0,0,1,0.0,20.6,2.0,2.2,0,0,0,0,1,0.00,0.10,0.10,1.63,1,False,36,36,2025-26,Matty Cash,2,3,False
16,0,0,0,0,0,0,0,0,0,0,0,10,9.6,14.7,0.0,2.4,1,1,1,2,0,0.00,0.12,0.12,0.17,1,False,37,36,2025-26,Lucas Digne,2,3,False
90,0,0,0,2,0,0,0,0,0,0,0,12,15.6,1.3,2.0,1.9,3,4,1,4,1,0.00,0.01,0.01,1.79,1,False,38,36,2025-26,Ezri Konsa Ngoyo,2,3,False
73,0,0,0,2,0,0,0,0,0,0,0,2,17.2,11.1,5.0,3.3,5,4,3,8,1,0.04,0.01,0.05,1.63,1,False,39,36,2025-26,Ian Maatsen,2,3,False
90,0,0,0,2,0,0,0,1,0,0,0,1,21.0,5.4,2.0,2.8,8,7,0,8,1,0.00,0.02,0.02,1.79,0,False,40,36,2025-26,Tyrone Mings,2,3,False
0,0,0,0,0,0,0,0,0,0,0,0,0,0.0,0.0,0.0,0.0,0,0,0,0,0,0.00,0.00,0.00,0.00,0,False,41,36,2025-26,Pau Torres,2,3,False
0,0,0,0,0,0,0,0,0,0,0,0,0,0.0,0.0,0.0,0.0,0,0,0,0,0,0.00,0.00,0.00,0.00,0,False,42,36,2025-26,Andrés García,2,3,False
0,0,0,0,0,0,0,0,0,0,0,0,0,0.0,0.0,0.0,0.0,0,0,0,0,0,0.00,0.00,0.00,0.00,0,False,43,36,2025-26,Álex Moreno Lopera,2,3,False
10,0,0,0,0,0,0,0,0,0,0,0,5,4.6,0.9,0.0,0.6,1,0,1,2,0,0.00,0.00,0.00,0.17,1,False,44,36,2025-26,Lamare Bogarde,2,3,False
0,0,0,0,0,0,0,0,0,0,0,0,0,0.0,0.0,0.0,0.0,0,0,0,0,0,0.00,0.00,0.00,0.00,0,False,45,36,2025-26,Lino da Cruz Sousa,2,3,False
0,0,0,0,0,0,0,0,0,0,0,0,0,0.0,0.0,0.0,0.0,0,0,0,0,0,0.00,0.00,0.00,0.00,0,False,46,36,2025-26,Yasin Özcan,2,3,False
90,0,0,0,2,0,0,0,0,0,0,0,6,4.2,15.8,16.0,3.6,0,3,2,5,1,0.14,0.03,0.17,1.79,2,False,47,36,2025-26,Morgan Rogers,2,3,False
90,0,0,0,2,0,0,0,0,0,0,0,19,22.0,7.1,10.0,3.9,2,8,2,12,1,0.07,0.08,0.15,1.79,4,False,48,36,2025-26,Youri Tielemans,2,3,False
5,0,0,0,0,0,0,0,0,0,0,0,5,6.4,21.0,0.0,2.7,0,2,1,3,0,0.00,0.02,0.02,0.15,1,False,49,36,2025-26,Leon Bailey,2,3,False
16,0,0,0,0,0,0,0,0,0,0,0,5,3.8,2.1,26.0,3.2,0,2,0,2,0,0.07,0.01,0.08,0.17,1,False,50,36,2025-26,Emiliano Buendía Stati,2,3,False
0,0,0,0,0,0,0,0,0,0,0,0,0,0.0,0.0,0.0,0.0,0,0,0,0,0,0.00,0.00,0.00,0.00,0,False,51,36,2025-26,Samuel Iling-Junior,2,3,False
29,0,1,0,1,0,0,0,0,0,0,0,19,20.4,14.5,2.0,3.7,0,3,1,4,0,0.05,0.25,0.30,0.52,4,False,52,36,2025-26,Jacob Ramsey,15,16,False
0,0,0,0,0,0,0,0,0,0,0,0,0,0.0,0.0,0.0,0.0,0,0,0,0,0,0.00,0.00,0.00,0.00,0,False,53,36,2025-26,Donyell Malen,2,3,False
84,0,1,0,2,0,0,0,0,0,0,0,21,24.8,48.2,54.0,12.7,0,4,0,4,1,0.19,0.61,0.80,1.64,5,False,54,36,2025-26,John McGinn,2,3,False
79,1,0,0,2,0,0,0,0,0,0,2,28,36.4,16.3,58.0,11.1,0,4,1,5,1,0.75,0.05,0.80,1.63,9,False,55,36,2025-26,Ross Barkley,2,3,False
0,0,0,0,0,0,0,0,0,0,0,0,0,0.0,0.0,0.0,0.0,0,0,0,0,0,0.00,0.00,0.00,0.00,0,False,56,36,2025-26,Enzo Barrenechea,2,3,False
0,0,0,0,0,0,0,0,0,0,0,0,0,0.0,0.0,0.0,0.0,0,0,0,0,0,0.00,0.00,0.00,0.00,0,False,57,36,2025-26,Lewis Dobbin,2,3,False
0,0,0,0,0,0,0,0,0,0,0,0,0,0.0,0.0,0.0,0.0,0,0,0,0,0,0.00,0.00,0.00,0.00,0,False,58,36,2025-26,Boubacar Kamara,2,3,False
0,0,0,0,0,0,0,0,0,0,0,0,0,0.0,0.0,0.0,0.0,0,0,0,0,0,0.00,0.00,0.00,0.00,0,False,59,36,2025-26,Amadou Onana,2,3,False
0,0,0,0,0,0,0,0,0,0,0,0,0,0.0,0.0,0.0,0.0,0,0,0,0,0,0.00,0.00,0.00,0.00,0,False,60,36,2025-26,Ben Broggio,2,3,False
0,0,0,0,0,0,0,0,0,0,0,0,0,0.0,0.0,0.0,0.0,0,0,0,0,0,0.00,0.00,0.00,0.00,0,False,61,36,2025-26,Leander Dendoncker,2,3,False
0,0,0,0,0,0,0,0,0,0,0,0,0,0.0,0.0,0.0,0.0,0,0,0,0,0,0.00,0.00,0.00,0.00,0,False,62,36,2025-26,Jamaldeen Jimoh-Aloba,2,3,False
0,0,0,0,0,0,0,0,0,0,0,0,0,0.0,0.0,0.0,0.0,0,0,0,0,0,0.00,0.00,0.00,0.00,0,False,63,36,2025-26,Kadan Young,2,3,False
90,1,0,0,2,0,0,0,0,0,0,3,30,33.2,5.4,30.0,6.9,0,2,0,2,1,0.14,0.01,0.15,1.79,9,False,64,36,2025-26,Ollie Watkins,2,3,False
0,0,0,0,0,0,0,0,0,0,0,0,0,0.0,0.0,0.0,0.0,0,0,0,0,0,0.00,0.00,0.00,0.00,0,False,65,36,2025-26,Zépiqueno Redmond,2,3,False
0,0,0,0,0,0,0,0,0,0,0,0,0,0.0,0.0,0.0,0.0,0,0,0,0,0,0.00,0.00,0.00,0.00,0,False,66,36,2025-26,Norberto Murara Neto,4,10,False
90,0,0,1,0,0,0,0,0,0,2,0,26,15.2,0.0,0.0,1.5,0,9,0,0,1,0.00,0.00,0.00,1.33,6,False,67,36,2025-26,Đorđe Petrović,4,10,False
0,0,0,0,0,0,0,0,0,0,0,0,0,0.0,0.0,0.0,0.0,0,0,0,0,0,0.00,0.00,0.00,0.00,0,False,68,36,2025-26,Will Dennis,4,10,False
0,0,0,0,0,0,0,0,0,0,0,0,0,0.0,0.0,0.0,0.0,0,0,0,0,0,0.00,0.00,0.00,0.00,0,False,69,36,2025-26,Callan McKenna,4,10,False
0,0,0,0,0,0,0,0,0,0,0,0,0,0.0,0.0,0.0,0.0,0,0,0,0,0,0.00,0.00,0.00,0.00,0,False,70,36,2025-26,Alex Paulsen,4,10,False
0,0,0,0,0,0,0,0,0,0,0,0,0,0.0,0.0,0.0,0.0,0,0,0,0,0,0.00,0.00,0.00,0.00,0,False,71,36,2025-26,Illia Zabarnyi,4,10,False
90,0,0,1,0,0,0,0,0,0,0,0,26,30.6,1.8,0.0,3.2,10,5,0,10,1,0.00,0.04,0.04,1.33,8,False,72,36,2025-26,Marcos Senesi Barón,4,10,False
90,0,1,1,0,0,0,0,0,0,0,2,32,28.0,11.6,0.0,4.0,5,3,1,6,1,0.00,0.01,0.01,1.33,11,False,73,36,2025-26,Adam Smith,4,10,False
90,0,0,1,0,0,0,0,0,0,0,3,37,26.0,30.6,15.0,7.2,2,7,2,4,1,0.37,0.07,0.44,1.33,9,False,74,36,2025-26,Adrien Truffert,4,10,False
0,0,0,0,0,0,0,0,0,0,0,0,0,0.0,0.0,0.0,0.0,0,0,0,0,0,0.00,0.00,0.00,0.00,0,False,75,36,2025-26,Matai Akinmboni,4,10,False
0,0,0,0,0,0,0,0,0,0,0,0,0,0.0,0.0,0.0,0.0,0,0,0,0,0,0.00,0.00,0.00,0.00,0,False,76,36,2025-26,Owen Bevan,4,10,False
90,0,0,1,0,0,0,0,0,0,0,0,24,19.6,10.1,0.0,3.0,8,0,1,9,1,0.00,0.01,0.01,1.33,6,False,77,36,2025-26,James Hill,4,10,False
0,0,0,0,0,0,0,0,0,0,0,0,0,0.0,0.0,0.0,0.0,0,0,0,0,0,0.00,0.00,0.00,0.00,0,False,78,36,2025-26,Julián Araujo Zúñiga,4,10,False
0,0,0,0,0,0,0,0,0,0,0,0,0,0.0,0.0,0.0,0.0,0,0,0,0,0,0.00,0.00,0.00,0.00,0,False,79,36,2025-26,Chris Mepham,4,10,False
0,0,0,0,0,0,0,0,0,0,0,0,0,0.0,0.0,0.0,0.0,0,0,0,0,0,0.00,0.00,0.00,0.00,0,False,80,36,2025-26,Julio Soler Barreto,4,10,False
0,0,0,0,0,0,0,0,0,0,0,0,0,0.0,0.0,0.0,0.0,0,0,0,0,0,0.00,0.00,0.00,0.00,0,False,81,36,2025-26,Justin Kluivert,4,10,False
180,1,0,2,0,0,0,0,0,0,0,1,45,52.8,25.1,55.0,13.3,4,4,1,9,2,0.31,0.25,0.56,0.92,12,True,82,36,2025-26,Antoine Semenyo,13,5,True
180,1,0,2,0,0,0,0,0,0,0,1,45,52.8,25.1,55.0,13.3,4,4,1,9,2,0.31,0.25,0.56,0.92,12,True,82,36,2025-26,Antoine Semenyo,13,8,True
22,0,0,0,2,0,0,0,0,0,0,0,10,5.4,17.6,0.0,2.3,0,1,0,1,0,0.00,0.19,0.19,1.29,1,False,83,36,2025-26,Dango Ouattara,5,13,False
77,0,0,1,0,0,0,0,1,0,0,0,11,16.0,28.4,27.0,7.1,3,3,1,7,1,0.22,0.06,0.28,0.99,2,False,84,36,2025-26,Marcus Tavernier,4,10,False
47,0,0,0,0,0,0,0,0,0,0,0,8,20.0,12.7,2.0,3.5,6,2,1,9,0,0.00,0.00,0.00,0.76,1,False,85,36,2025-26,Tyler Adams,4,10,False
11,0,0,0,0,0,0,0,0,0,0,0,3,3.2,0.0,0.0,0.3,0,1,1,2,0,0.00,0.00,0.00,0.34,1,False,86,36,2025-26,David Brooks,4,10,False
41,0,0,0,0,0,0,0,0,1,0,0,-1,2.0,13.4,0.0,1.5,2,2,1,5,1,0.00,0.03,0.03,0.57,-2,False,87,36,2025-26,Ryan Christie,4,10,False
0,0,0,0,0,0,0,0,0,0,0,0,0,0.0,0.0,0.0,0.0,0,0,0,0,0,0.00,0.00,0.00,0.00,0,False,88,36,2025-26,Lewis Cook,4,10,False
0,0,0,0,0,0,0,0,0,0,0,0,0,0.0,0.0,0.0,0.0,0,0,0,0,0,0.00,0.00,0.00,0.00,0,False,89,36,2025-26,Philip Billing,4,10,False
90,0,0,1,0,0,0,0,1,0,0,0,9,6.2,1.5,0.0,0.8,2,8,2,12,1,0.00,0.01,0.01,0.99,4,False,90,36,2025-26,Alex Scott,4,10,False
0,0,0,0,0,0,0,0,0,0,0,0,0,0.0,0.0,0.0,0.0,0,0,0,0,0,0.00,0.00,0.00,0.00,0,False,91,36,2025-26,Luis Sinisterra Lucumí,4,10,False
0,0,0,0,0,0,0,0,0,0,0,0,0,0.0,0.0,0.0,0.0,0,0,0,0,0,0.00,0.00,0.00,0.00,0,False,92,36,2025-26,Romain Faivre,4,10,False
0,0,0,0,0,0,0,0,0,0,0,0,0,0.0,0.0,0.0,0.0,0,0,0,0,0,0.00,0.00,0.00,0.00,0,False,93,36,2025-26,Hamed Traorè,4,10,False
0,0,0,0,0,0,0,0,0,0,0,0,0,0.0,0.0,0.0,0.0,0,0,0,0,0,0.00,0.00,0.00,0.00,0,False,94,36,2025-26,Dominic Sadi,4,10,False
0,0,0,0,0,0,0,0,0,0,0,0,0,0.0,0.0,0.0,0.0,0,0,0,0,0,0.00,0.00,0.00,0.00,0,False,95,36,2025-26,Zain Silcott-Duberry,4,10,False
0,0,0,0,0,0,0,0,0,0,0,0,0,0.0,0.0,0.0,0.0,0,0,0,0,0,0.00,0.00,0.00,0.00,0,False,96,36,2025-26,Ben Winterburn,4,10,False
42,0,0,0,0,0,0,0,0,0,0,0,4,1.2,1.7,9.0,1.2,0,0,1,1,1,0.07,0.01,0.08,0.57,1,False,97,36,2025-26,Francisco Evanilson de Lima Barbosa,4,10,False
11,0,0,0,0,0,0,0,0,0,0,0,6,3.0,0.8,5.0,0.9,2,0,0,2,0,0.04,0.01,0.05,0.34,1,False,98,36,2025-26,Enes Ünal,4,10,False
0,0,0,0,0,0,0,0,0,0,0,0,0,0.0,0.0,0.0,0.0,0,0,0,0,0,0.00,0.00,0.00,0.00,0,False,99,36,2025-26,Daniel Adu-Adjei,4,10,False
78,0,0,1,0,0,0,0,0,0,0,0,-1,0.0,1.5,1.0,0.0,1,1,0,2,1,0.05,0.00,0.05,0.99,2,False,100,36,2025-26,Junior Kroupi,4,10,False
90,0,0,0,3,0,0,0,0,0,7,0,19,59.4,0.0,0.0,5.9,2,11,0,0,1,0.00,0.00,0.00,2.98,3,False,101,36,2025-26,Caoimhín Kelleher,5,13,False
0,0,0,0,0,0,0,0,0,0,0,0,0,0.0,0.0,0.0,0.0,0,0,0,0,0,0.00,0.00,0.00,0.00,0,False,102,36,2025-26,Ellery Balcombe,5,13,False
0,0,0,0,0,0,0,0,0,0,0,0,0,0.0,0.0,0.0,0.0,0,0,0,0,0,0.00,0.00,0.00,0.00,0,False,103,36,2025-26,Matthew Cox,5,13,False
0,0,0,0,0,0,0,0,0,0,0,0,0,0.0,0.0,0.0,0.0,0,0,0,0,0,0.00,0.00,0.00,0.00,0,False,104,36,2025-26,Julian Eyestone,5,13,False
0,0,0,0,0,0,0,0,0,0,0,0,0,0.0,0.0,0.0,0.0,0,0,0,0,0,0.00,0.00,0.00,0.00,0,False,105,36,2025-26,Hákon Rafn Valdimarsson,5,13,False
90,0,0,0,3,0,0,0,0,0,0,0,2,15.2,0.7,4.0,2.0,3,2,1,4,1,0.00,0.00,0.00,2.98,1,False,106,36,2025-26,Nathan Collins,5,13,False
90,0,0,0,3,0,0,0,0,0,0,0,2,10.4,5.1,2.0,1.8,1,5,2,3,1,0.00,0.01,0.01,2.98,1,False,107,36,2025-26,Keane Lewis-Potter,5,13,False
90,0,0,0,3,0,0,0,1,0,0,0,3,23.2,0.5,4.0,2.8,11,3,1,12,1,0.00,0.01,0.01,2.98,2,False,108,36,2025-26,Kristoffer Ajer,5,13,False
0,0,0,0,0,0,0,0,0,0,0,0,0,0.0,0.0,0.0,0.0,0,0,0,0,0,0.00,0.00,0.00,0.00,0,False,109,36,2025-26,Rico Henry,5,13,False
90,0,0,0,3,0,0,0,0,0,0,0,0,15.2,13.5,0.0,2.9,3,2,3,6,1,0.00,0.02,0.02,2.98,1,False,110,36,2025-26,Michael Kayode,5,13,False
0,0,0,0,0,0,0,0,0,0,0,0,0,0.0,0.0,0.0,0.0,0,0,0,0,0,0.00,0.00,0.00,0.00,0,False,111,36,2025-26,Ethan Pinnock,5,13,False
0,0,0,0,0,0,0,0,0,0,0,0,0,0.0,0.0,0.0,0.0,0,0,0,0,0,0.00,0.00,0.00,0.00,0,False,112,36,2025-26,Mads Roerslev Rasmussen,5,13,False
0,0,0,0,0,0,0,0,0,0,0,0,0,0.0,0.0,0.0,0.0,0,0,0,0,0,0.00,0.00,0.00,0.00,0,False,113,36,2025-26,Sepp van den Berg,5,13,False
0,0,0,0,0,0,0,0,0,0,0,0,0,0.0,0.0,0.0,0.0,0,0,0,0,0,0.00,0.00,0.00,0.00,0,False,114,36,2025-26,Benjamin Arthur,5,13,False
0,0,0,0,0,0,0,0,0,0,0,0,0,0.0,0.0,0.0,0.0,0,0,0,0,0,0.00,0.00,0.00,0.00,0,False,115,36,2025-26,Benjamin Fredrick,5,13,False
60,0,0,0,1,0,0,0,0,0,0,0,4,13.4,0.1,1.0,1.5,5,1,1,6,1,0.04,0.00,0.04,1.29,2,False,116,36,2025-26,Aaron Hickey,5,13,False
0,0,0,0,0,0,0,0,0,0,0,0,0,0.0,0.0,0.0,0.0,0,0,0,0,0,0.00,0.00,0.00,0.00,0,False,117,36,2025-26,Kim Ji-soo,5,13,False
0,0,0,0,0,0,0,0,0,0,0,0,0,0.0,0.0,0.0,0.0,0,0,0,0,0,0.00,0.00,0.00,0.00,0,False,118,36,2025-26,Jayden Meghoma,5,13,False
15,0,0,0,0,0,0,0,0,0,0,0,4,1.0,0.3,5.0,0.6,0,0,0,0,0,0.03,0.00,0.03,0.05,1,False,119,36,2025-26,Bryan Mbeumo,14,17,False
90,0,0,0,3,0,0,0,0,0,0,0,-1,4.6,0.8,0.0,0.5,2,0,2,4,1,0.00,0.00,0.00,2.98,2,False,120,36,2025-26,Kevin Schade,5,13,False
68,0,0,0,1,0,0,0,0,0,0,0,11,13.6,1.8,0.0,1.5,5,7,6,18,1,0.00,0.01,0.01,1.70,4,False,121,36,2025-26,Mikkel Damsgaard,5,13,False
0,0,0,0,0,0,0,0,0,0,0,0,0,0.0,0.0,0.0,0.0,0,0,0,0,0,0.00,0.00,0.00,0.00,0,False,122,36,2025-26,Antoni Milambo,5,13,False
0,0,0,0,0,0,0,0,0,0,0,0,0,0.0,0.0,0.0,0.0,0,0,0,0,0,0.00,0.00,0.00,0.00,0,False,123,36,2025-26,Fábio Freitas Gouveia Carvalho,5,13,False
11,0,0,0,1,0,0,0,1,0,0,0,0,0.0,1.8,2.0,0.3,0,0,0,0,0,0.00,0.01,0.01,0.37,0,False,124,36,2025-26,Jordan Henderson,5,13,False
29,0,0,0,2,0,0,0,0,0,0,0,2,0.4,0.6,0.0,0.1,1,3,0,4,0,0.00,0.00,0.00,1.69,1,False,125,36,2025-26,Vitaly Janelt,5,13,False
90,0,0,0,3,0,0,0,0,0,0,0,8,15.2,7.6,2.0,2.5,8,7,2,17,1,0.01,0.02,0.03,2.98,4,False,126,36,2025-26,Mathias Jensen,5,13,False
0,0,0,0,0,0,0,0,0,0,0,0,0,0.0,0.0,0.0,0.0,0,0,0,0,0,0.00,0.00,0.00,0.00,0,False,127,36,2025-26,Gustavo Nunes Fernandes Gomes,5,13,False
0,0,0,0,0,0,0,0,0,0,0,0,0,0.0,0.0,0.0,0.0,0,0,0,0,0,0.00,0.00,0.00,0.00,0,False,128,36,2025-26,Frank Onyeka,5,13,False
78,0,0,0,2,0,0,0,0,0,0,0,15,17.2,1.4,2.0,2.1,3,4,4,11,1,0.00,0.02,0.02,2.61,2,False,129,36,2025-26,Yehor Yarmoliuk,5,13,False
0,0,0,0,0,0,0,0,0,0,0,0,0,0.0,0.0,0.0,0.0,0,0,0,0,0,0.00,0.00,0.00,0.00,0,False,130,36,2025-26,Romelle Donovan,5,13,False
0,0,0,0,0,0,0,0,0,0,0,0,0,0.0,0.0,0.0,0.0,0,0,0,0,0,0.00,0.00,0.00,0.00,0,False,131,36,2025-26,Yunus Emre Konak,5,13,False
0,0,0,0,0,0,0,0,0,0,0,0,0,0.0,0.0,0.0,0.0,0,0,0,0,0,0.00,0.00,0.00,0.00,0,False,132,36,2025-26,Paris Maghoma,5,13,False
0,0,0,0,0,0,0,0,0,0,0,0,0,0.0,0.0,0.0,0.0,0,0,0,0,0,0.00,0.00,0.00,0.00,0,False,133,36,2025-26,Myles Peart-Harris,5,13,False
0,0,0,0,0,0,0,0,0,0,0,0,0,0.0,0.0,0.0,0.0,0,0,0,0,0,0.00,0.00,0.00,0.00,0,False,134,36,2025-26,Ryan Trevitt,5,13,False
19,0,0,0,1,0,0,0,0,0,0,0,-1,0.0,0.5,2.0,0.3,0,0,0,0,0,0.00,0.01,0.01,0.52,1,False,135,36,2025-26,Yoane Wissa,15,16,False
90,0,0,0,3,0,0,0,0,0,0,0,8,14.8,12.6,38.0,6.5,3,1,2,6,1,0.19,0.01,0.20,2.98,2,False,136,36,2025-26,Igor Thiago Nascimento Rodrigues,5,13,False
0,0,0,0,0,0,0,0,0,0,0,0,0,0.0,0.0,0.0,0.0,0,0,0,0,0,0.00,0.00,0.00,0.00,0,False,137,36,2025-26,Iwan Morgan,5,13,False
0,0,0,0,0,0,0,0,0,0,0,0,0,0.0,0.0,0.0,0.0,0,0,0,0,0,0.00,0.00,0.00,0.00,0,False,138,36,2025-26,Jason Steele,6,20,True
90,0,0,1,0,0,0,0,0,0,1,0,23,12.8,0.0,0.0,1.3,0,7,0,0,1,0.00,0.00,0.00,0.49,6,False,139,36,2025-26,Bart Verbruggen,6,20,True
0,0,0,0,0,0,0,0,0,0,0,0,0,0.0,0.0,0.0,0.0,0,0,0,0,0,0.00,0.00,0.00,0.00,0,False,140,36,2025-26,Tom McGill,6,20,True
0,0,0,0,0,0,0,0,0,0,0,0,0,0.0,0.0,0.0,0.0,0,0,0,0,0,0.00,0.00,0.00,0.00,0,False,141,36,2025-26,Carl Rushworth,6,20,True
0,0,0,0,0,0,0,0,0,0,0,0,0,0.0,0.0,0.0,0.0,0,0,0,0,0,0.00,0.00,0.00,0.00,0,False,142,36,2025-26,Kjell Scherpen,6,20,True
0,0,0,0,0,0,0,0,0,0,0,0,0,0.0,0.0,0.0,0.0,0,0,0,0,0,0.00,0.00,0.00,0.00,0,False,143,36,2025-26,Olivier Boscagli,6,20,True
0,0,0,0,0,0,0,0,0,0,0,0,0,0.0,0.0,0.0,0.0,0,0,0,0,0,0.00,0.00,0.00,0.00,0,False,144,36,2025-26,Diego Coppola,6,20,True
87,0,2,1,0,0,0,0,0,0,0,3,59,51.0,78.6,8.0,13.8,1,3,1,2,1,0.00,1.14,1.14,0.39,15,True,145,36,2025-26,Maxim De Cuyper,6,20,True
90,1,0,1,0,0,0,0,0,0,0,2,38,40.6,1.3,47.0,8.9,2,5,0,2,1,0.30,0.01,0.31,0.49,14,True,146,36,2025-26,Lewis Dunk,6,20,True
0,0,0,0,0,0,0,0,0,0,0,0,0,0.0,0.0,0.0,0.0,0,0,0,0,0,0.00,0.00,0.00,0.00,0,False,147,36,2025-26,Pervis Estupiñán Tenorio,6,20,True
90,0,0,1,0,0,0,0,0,0,0,0,21,3.8,5.4,0.0,0.9,1,5,1,2,1,0.00,0.04,0.04,0.49,6,False,148,36,2025-26,Ferdi Kadıoğlu,6,20,True
0,0,0,0,0,0,0,0,0,0,0,0,0,0.0,0.0,0.0,0.0,0,0,0,0,0,0.00,0.00,0.00,0.00,0,False,149,36,2025-26,Igor Julio dos Santos de Paulo,6,20,True
0,0,0,0,0,0,0,0,0,0,0,0,0,0.0,0.0,0.0,0.0,0,0,0,0,0,0.00,0.00,0.00,0.00,0,False,150,36,2025-26,Tariq Lamptey,6,20,True
90,0,0,1,0,0,0,0,0,0,0,0,31,21.6,2.0,4.0,2.8,8,5,1,9,1,0.00,0.01,0.01,0.49,6,False,151,36,2025-26,Jan Paul van Hecke,6,20,True
32,0,0,0,0,0,0,0,0,0,0,0,3,4.4,1.9,0.0,0.6,1,0,0,1,0,0.00,0.01,0.01,0.18,1,False,152,36,2025-26,Joël Veltman,6,20,True
0,0,0,0,0,0,0,0,0,0,0,0,0,0.0,0.0,0.0,0.0,0,0,0,0,0,0.00,0.00,0.00,0.00,0,False,153,36,2025-26,Adam Webster,6,20,True
0,0,0,0,0,0,0,0,0,0,0,0,0,0.0,0.0,0.0,0.0,0,0,0,0,0,0.00,0.00,0.00,0.00,0,False,154,36,2025-26,Eiran Cashin,6,20,True
0,0,0,0,0,0,0,0,0,0,0,0,0,0.0,0.0,0.0,0.0,0,0,0,0,0,0.00,0.00,0.00,0.00,0,False,155,36,2025-26,Jacob Slater,6,20,True
0,0,0,0,0,0,0,0,0,0,0,0,0,0.0,0.0,0.0,0.0,0,0,0,0,0,0.00,0.00,0.00,0.00,0,False,156,36,2025-26,Charlie Tasker,6,20,True
57,0,0,0,0,0,0,0,1,0,0,0,1,0.2,2.5,13.0,1.6,0,1,1,2,1,0.28,0.03,0.31,0.32,0,False,157,36,2025-26,Mitoma Kaoru,6,20,True
14,0,0,0,0,0,0,0,0,0,0,0,0,1.2,0.8,4.0,0.6,0,0,0,0,0,0.00,0.00,0.00,0.11,1,False,158,36,2025-26,Georginio Rutter,6,20,True
2,0,0,0,0,0,0,0,0,0,0,0,3,0.0,0.0,0.0,0.0,0,0,0,0,0,0.00,0.00,0.00,0.11,1,False,159,36,2025-26,Solly March,6,20,True
90,1,0,1,0,0,0,0,0,0,0,1,37,48.8,33.3,33.0,11.5,1,2,2,5,1,0.22,0.11,0.33,0.49,9,False,160,36,2025-26,Yankuba Minteh,6,20,True
0,0,0,0,0,0,0,0,0,0,0,0,0,0.0,0.0,0.0,0.0,0,0,0,0,0,0.00,0.00,0.00,0.00,0,False,161,36,2025-26,Julio Enciso Espínola,6,20,True
0,0,0,0,0,0,0,0,0,0,0,0,0,0.0,0.0,0.0,0.0,0,0,0,0,0,0.00,0.00,0.00,0.00,0,False,162,36,2025-26,Brajan Gruda,6,20,True
87,1,0,1,0,0,0,0,0,0,0,0,31,34.0,1.8,26.0,6.2,1,0,0,1,1,0.24,0.03,0.27,0.39,8,False,163,36,2025-26,Jack Hinshelwood,6,20,True
0,0,0,0,0,0,0,0,0,0,0,0,0,0.0,0.0,0.0,0.0,0,0,0,0,0,0.00,0.00,0.00,0.00,0,False,164,36,2025-26,Matt O'Riley,6,20,True
0,0,0,0,0,0,0,0,0,0,0,0,0,0.0,0.0,0.0,0.0,0,0,0,0,0,0.00,0.00,0.00,0.00,0,False,165,36,2025-26,Abdallah Sima,6,20,True
14,0,0,0,0,0,0,0,0,0,0,0,2,0.0,0.1,0.0,0.0,0,0,0,0,0,0.00,0.00,0.00,0.11,1,False,166,36,2025-26,Yasin Ayari,6,20,True
75,0,0,1,0,0,0,0,0,0,0,0,19,7.8,1.8,1.0,1.1,2,10,3,15,1,0.09,0.01,0.10,0.39,5,False,167,36,2025-26,Carlos Baleba,6,20,True
0,0,0,0,0,0,0,0,0,0,0,0,0,0.0,0.0,0.0,0.0,0,0,0,0,0,0.00,0.00,0.00,0.00,0,False,168,36,2025-26,Facundo Buonanotte,11,18,False
0,0,0,0,0,0,0,0,0,0,0,0,0,0.0,0.0,0.0,0.0,0,0,0,0,0,0.00,0.00,0.00,0.00,0,False,169,36,2025-26,Diego Gómez Amarilla,6,20,True
0,0,0,0,0,0,0,0,0,0,0,0,0,0.0,0.0,0.0,0.0,0,0,0,0,0,0.00,0.00,0.00,0.00,0,False,170,36,2025-26,James Milner,6,20,True
0,0,0,0,0,0,0,0,0,0,0,0,0,0.0,0.0,0.0,0.0,0,0,0,0,0,0.00,0.00,0.00,0.00,0,False,171,36,2025-26,Jeremy Sarmiento Morante,6,20,True
0,0,0,0,0,0,0,0,0,0,0,0,0,0.0,0.0,0.0,0.0,0,0,0,0,0,0.00,0.00,0.00,0.00,0,False,172,36,2025-26,Tom Watson,6,20,True
0,0,0,0,0,0,0,0,0,0,0,0,0,0.0,0.0,0.0,0.0,0,0,0,0,0,0.00,0.00,0.00,0.00,0,False,173,36,2025-26,Mats Wieffer,6,20,True
0,0,0,0,0,0,0,0,0,0,0,0,0,0.0,0.0,0.0,0.0,0,0,0,0,0,0.00,0.00,0.00,0.00,0,False,174,36,2025-26,Malick Yalcouyé,6,20,True
0,0,0,0,0,0,0,0,0,0,0,0,0,0.0,0.0,0.0,0.0,0,0,0,0,0,0.00,0.00,0.00,0.00,0,False,175,36,2025-26,Joe Knight,6,20,True
0,0,0,0,0,0,0,0,0,0,0,0,0,0.0,0.0,0.0,0.0,0,0,0,0,0,0.00,0.00,0.00,0.00,0,False,176,36,2025-26,Adrian Mazilu,6,20,True
0,0,0,0,0,0,0,0,0,0,0,0,0,0.0,0.0,0.0,0.0,0,0,0,0,0,0.00,0.00,0.00,0.00,0,False,177,36,2025-26,Andrew Moran,6,20,True
75,0,0,1,0,0,0,0,0,0,0,0,10,7.2,2.8,72.0,8.2,0,1,2,3,1,0.26,0.01,0.27,0.39,2,False,178,36,2025-26,Danny Welbeck,6,20,True
0,0,0,0,0,0,0,0,0,0,0,0,0,0.0,0.0,0.0,0.0,0,0,0,0,0,0.00,0.00,0.00,0.00,0,False,179,36,2025-26,Evan Ferguson,6,20,True
0,0,0,0,0,0,0,0,0,0,0,0,0,0.0,0.0,0.0,0.0,0,0,0,0,0,0.00,0.00,0.00,0.00,0,False,180,36,2025-26,Stefanos Tzimas,6,20,True
2,0,0,0,0,0,0,0,0,0,0,0,2,0.4,0.1,0.0,0.1,0,0,0,0,0,0.00,0.00,0.00,0.11,1,False,181,36,2025-26,Charalampos Kostoulas,6,20,True
0,0,0,0,0,0,0,0,0,0,0,0,0,0.0,0.0,0.0,0.0,0,0,0,0,0,0.00,0.00,0.00,0.00,0,False,182,36,2025-26,James Trafford,13,5,True
0,0,0,0,0,0,0,0,0,0,0,0,0,0.0,0.0,0.0,0.0,0,0,0,0,0,0.00,0.00,0.00,0.00,0,False,182,36,2025-26,James Trafford,13,8,True
90,0,0,0,2,0,0,0,0,0,5,0,13,30.8,0.0,0.0,3.1,2,7,0,0,1,0.00,0.00,0.00,1.44,2,False,183,36,2025-26,Max Weiß,3,2,True
0,0,0,0,0,0,0,0,0,0,0,0,0,0.0,0.0,0.0,0.0,0,0,0,0,0,0.00,0.00,0.00,0.00,0,False,184,36,2025-26,Etienne Green,3,2,True
0,0,0,0,0,0,0,0,0,0,0,0,0,0.0,0.0,0.0,0.0,0,0,0,0,0,0.00,0.00,0.00,0.00,0,False,185,36,2025-26,Václav Hladký,3,2,True
0,0,0,0,0,0,0,0,0,0,0,0,0,0.0,0.0,0.0,0.0,0,0,0,0,0,0.00,0.00,0.00,0.00,0,False,186,36,2025-26,Connor Roberts,3,2,True
90,0,0,0,2,0,0,0,0,0,0,0,8,13.6,4.0,0.0,1.8,3,3,4,7,1,0.00,0.01,0.01,1.44,1,False,187,36,2025-26,Kyle Walker,3,2,True
0,0,0,0,0,0,0,0,0,0,0,0,0,0.0,0.0,0.0,0.0,0,0,0,0,0,0.00,0.00,0.00,0.00,0,False,188,36,2025-26,Hannes Delcroix,3,2,True
0,0,0,0,0,0,0,0,0,0,0,0,0,0.0,0.0,0.0,0.0,0,0,0,0,0,0.00,0.00,0.00,0.00,0,False,189,36,2025-26,Owen Dodgson,3,2,True
0,0,0,0,0,0,0,0,0,0,0,0,0,0.0,0.0,0.0,0.0,0,0,0,0,0,0.00,0.00,0.00,0.00,0,False,190,36,2025-26,Hjalmar Ekdal,3,2,True
90,0,0,0,2,0,0,0,0,0,0,0,5,23.2,0.2,0.0,2.3,12,3,0,12,1,0.00,0.01,0.01,1.44,3,False,191,36,2025-26,Maxime Estève,3,2,True
0,0,0,0,0,0,0,0,0,0,0,0,0,0.0,0.0,0.0,0.0,0,0,0,0,0,0.00,0.00,0.00,0.00,0,False,192,36,2025-26,Quilindschy Hartman,3,2,True
0,0,0,0,0,0,0,0,0,0,0,0,0,0.0,0.0,0.0,0.0,0,0,0,0,0,0.00,0.00,0.00,0.00,0,False,193,36,2025-26,Bashir Humphreys,3,2,True
0,0,0,0,0,0,0,0,0,0,0,0,0,0.0,0.0,0.0,0.0,0,0,0,0,0,0.00,0.00,0.00,0.00,0,False,194,36,2025-26,Jordan Beyer,3,2,True
90,0,0,0,2,0,0,0,0,0,0,0,3,19.4,11.5,2.0,3.3,5,4,1,6,1,0.00,0.06,0.06,1.44,1,False,195,36,2025-26,Lucas Pires Silva,3,2,True
0,0,0,0,0,0,0,0,0,0,0,0,0,0.0,0.0,0.0,0.0,0,0,0,0,0,0.00,0.00,0.00,0.00,0,False,196,36,2025-26,Shurandy Sambo,3,2,True
0,0,0,0,0,0,0,0,0,0,0,0,0,0.0,0.0,0.0,0.0,0,0,0,0,0,0.00,0.00,0.00,0.00,0,False,197,36,2025-26,Oliver Sonne,3,2,True
90,0,0,0,2,0,0,0,0,0,0,0,2,17.0,0.3,0.0,1.7,9,2,1,10,1,0.00,0.00,0.00,1.44,3,False,198,36,2025-26,Axel Tuanzebe,3,2,True
0,0,0,0,0,0,0,0,0,0,0,0,0,0.0,0.0,0.0,0.0,0,0,0,0,0,0.00,0.00,0.00,0.00,0,False,199,36,2025-26,Joe Worrall,3,2,True
87,1,0,0,2,0,0,0,0,0,0,0,26,39.0,2.3,36.0,7.7,1,3,2,6,1,0.57,0.01,0.58,1.34,7,False,200,36,2025-26,Jaidon Anthony,3,2,True
0,0,0,0,0,0,0,0,0,0,0,0,0,0.0,0.0,0.0,0.0,0,0,0,0,0,0.00,0.00,0.00,0.00,0,False,201,36,2025-26,Manuel Benson Hedilazio,3,2,True
3,0,0,0,0,0,0,0,0,0,0,0,4,4.2,14.3,2.0,2.1,0,0,0,0,0,0.00,0.07,0.07,0.10,1,False,202,36,2025-26,Jacob Bruun Larsen,3,2,True
0,0,0,0,0,0,0,0,0,0,0,0,0,0.0,0.0,0.0,0.0,0,0,0,0,0,0.00,0.00,0.00,0.00,0,False,203,36,2025-26,Enock Agyei,3,2,True
0,0,0,0,0,0,0,0,0,0,0,0,0,0.0,0.0,0.0,0.0,0,0,0,0,0,0.00,0.00,0.00,0.00,0,False,204,36,2025-26,Darko Churlinov,3,2,True
0,0,0,0,0,0,0,0,0,0,0,0,0,0.0,0.0,0.0,0.0,0,0,0,0,0,0.00,0.00,0.00,0.00,0,False,205,36,2025-26,Josh Cullen,3,2,True
0,0,0,0,0,0,0,0,0,0,0,0,0,0.0,0.0,0.0,0.0,0,0,0,0,0,0.00,0.00,0.00,0.00,0,False,206,36,2025-26,Marcus Edwards,3,2,True
68,0,1,0,2,0,0,0,0,0,0,0,26,31.0,43.4,10.0,8.4,2,4,2,8,1,0.02,0.42,0.43,1.17,5,False,207,36,2025-26,Hannibal Mejbri,3,2,True
0,0,0,0,0,0,0,0,0,0,0,0,0,0.0,0.0,0.0,0.0,0,0,0,0,0,0.00,0.00,0.00,0.00,0,False,208,36,2025-26,Luca Koleosho,3,2,True
11,0,0,0,0,0,0,0,0,0,0,0,3,2.4,0.9,0.0,0.3,1,1,1,3,0,0.00,0.00,0.00,0.10,1,False,209,36,2025-26,Josh Laurent,3,2,True
90,0,0,0,2,0,0,0,0,0,0,0,22,20.0,29.7,13.0,6.3,1,8,3,12,1,0.04,0.10,0.14,1.44,4,False,210,36,2025-26,Loum Tchaouna,3,2,True
0,0,0,0,0,0,0,0,0,0,0,0,0,0.0,0.0,0.0,0.0,0,0,0,0,0,0.00,0.00,0.00,0.00,0,False,211,36,2025-26,Aaron Ramsey,3,2,True
0,0,0,0,0,0,0,0,0,0,0,0,0,0.0,0.0,0.0,0.0,0,0,0,0,0,0.00,0.00,0.00,0.00,0,False,212,36,2025-26,Oluwaseun Adewumi,3,2,True
0,0,0,0,0,0,0,0,0,0,0,0,0,0.0,0.0,0.0,0.0,0,0,0,0,0,0.00,0.00,0.00,0.00,0,False,213,36,2025-26,Jaydon Banel,3,2,True
0,0,0,0,0,0,0,0,0,0,0,0,0,0.0,0.0,0.0,0.0,0,0,0,0,0,0.00,0.00,0.00,0.00,0,False,214,36,2025-26,Mike Trésor Ndayishimiye,3,2,True
79,1,0,0,2,0,0,0,1,0,0,0,20,30.2,0.3,36.0,6.7,0,1,4,5,1,0.97,0.00,0.97,1.34,5,False,215,36,2025-26,Zian Flemming,3,2,True
11,0,0,0,0,0,0,0,0,0,0,0,2,1.2,0.0,11.0,1.2,0,1,0,1,0,0.17,0.00,0.17,0.10,1,False,216,36,2025-26,Zeki Amdouni,3,2,True
21,0,0,0,0,0,0,0,0,0,0,0,1,0.0,0.0,6.0,0.6,0,1,0,1,0,0.00,0.00,0.00,0.26,1,False,217,36,2025-26,Lyle Foster,3,2,True
0,0,0,0,0,0,0,0,0,0,0,0,0,0.0,0.0,0.0,0.0,0,0,0,0,0,0.00,0.00,0.00,0.00,0,False,218,36,2025-26,Ashley Barnes,3,2,True
0,0,0,0,0,0,0,0,0,0,0,0,0,0.0,0.0,0.0,0.0,0,0,0,0,0,0.00,0.00,0.00,0.00,0,False,219,36,2025-26,Michael Obafemi,3,2,True
0,0,0,0,0,0,0,0,0,0,0,0,0,0.0,0.0,0.0,0.0,0,0,0,0,0,0.00,0.00,0.00,0.00,0,False,220,36,2025-26,Robert Lynch Sánchez,7,12,False
90,0,0,0,1,0,0,0,0,0,2,0,11,19.8,0.0,0.0,2.0,0,8,0,0,1,0.00,0.00,0.00,0.56,2,False,221,36,2025-26,Filip Jörgensen,7,12,False
0,0,0,0,0,0,0,0,0,0,0,0,0,0.0,0.0,0.0,0.0,0,0,0,0,0,0.00,0.00,0.00,0.00,0,False,222,36,2025-26,Mike Penders,7,12,False
0,0,0,0,0,0,0,0,0,0,0,0,0,0.0,0.0,0.0,0.0,0,0,0,0,0,0.00,0.00,0.00,0.00,0,False,223,36,2025-26,Gabriel Słonina,7,12,False
90,0,0,0,1,0,0,0,1,0,0,0,2,7.0,20.5,27.0,5.5,0,3,1,1,1,0.03,0.03,0.06,0.56,1,False,224,36,2025-26,Marc Cucurella Saseta,7,12,False
27,0,0,0,0,0,0,0,0,0,0,0,9,7.6,1.3,0.0,0.9,3,4,1,4,0,0.00,0.01,0.01,0.05,1,False,225,36,2025-26,Reece James,7,12,False
0,0,0,0,0,0,0,0,0,0,0,0,0,0.0,0.0,0.0,0.0,0,0,0,0,0,0.00,0.00,0.00,0.00,0,False,226,36,2025-26,Trevoh Chalobah,7,12,False
90,0,0,0,1,0,0,0,0,0,0,0,14,27.0,1.7,0.0,2.9,10,1,1,11,1,0.00,0.01,0.01,0.56,4,False,227,36,2025-26,Levi Samuels Colwill,7,12,False
90,0,0,0,1,0,0,0,0,0,0,0,7,5.0,3.4,8.0,1.6,2,7,2,4,1,0.00,0.02,0.02,0.56,2,False,228,36,2025-26,Malo Gusto,7,12,False
0,0,0,0,0,0,0,0,0,0,0,0,0,0.0,0.0,0.0,0.0,0,0,0,0,0,0.00,0.00,0.00,0.00,0,False,229,36,2025-26,Benoît Badiashile Mukinayi,7,12,False
90,0,1,0,1,0,0,0,0,0,0,0,19,7.8,0.8,0.0,0.9,3,4,0,3,1,0.00,0.00,0.00,0.56,5,False,230,36,2025-26,Wesley Fofana,7,12,False
0,0,0,0,0,0,0,0,0,0,0,0,0,0.0,0.0,0.0,0.0,0,0,0,0,0,0.00,0.00,0.00,0.00,0,False,231,36,2025-26,Mamadou Sarr,7,12,False
0,0,0,0,0,0,0,0,0,0,0,0,0,0.0,0.0,0.0,0.0,0,0,0,0,0,0.00,0.00,0.00,0.00,0,False,232,36,2025-26,Tosin Adarabioyo,7,12,False
0,0,0,0,0,0,0,0,0,0,0,0,0,0.0,0.0,0.0,0.0,0,0,0,0,0,0.00,0.00,0.00,0.00,0,False,233,36,2025-26,Josh Acheampong,7,12,False
0,0,0,0,0,0,0,0,0,0,0,0,0,0.0,0.0,0.0,0.0,0,0,0,0,0,0.00,0.00,0.00,0.00,0,False,234,36,2025-26,Aarón Anselmino,7,12,False
90,0,0,0,1,0,0,0,0,0,0,0,13,9.2,9.4,2.0,2.1,0,1,3,4,1,0.00,0.05,0.05,0.56,2,False,235,36,2025-26,Cole Palmer,7,12,False
0,0,0,0,0,0,0,0,0,0,0,0,0,0.0,0.0,0.0,0.0,0,0,0,0,0,0.00,0.00,0.00,0.00,0,False,236,36,2025-26,Pedro Lomba Neto,7,12,False
90,1,0,0,1,0,0,0,1,0,0,2,24,35.0,5.4,26.0,6.6,0,2,0,2,1,0.29,0.04,0.33,0.56,8,False,237,36,2025-26,Enzo Fernández,7,12,False
0,0,0,0,0,0,0,0,0,0,0,0,0,0.0,0.0,0.0,0.0,0,0,0,0,0,0.00,0.00,0.00,0.00,0,False,238,36,2025-26,Estêvão Almeida de Oliveira Gonçalves,7,12,False
0,0,0,0,0,0,0,0,0,0,0,0,0,0.0,0.0,0.0,0.0,0,0,0,0,0,0.00,0.00,0.00,0.00,0,False,239,36,2025-26,Jamie Bynoe-Gittens,7,12,False
0,0,0,0,0,0,0,0,0,0,0,0,0,0.0,0.0,0.0,0.0,0,0,0,0,0,0.00,0.00,0.00,0.00,0,False,240,36,2025-26,Christopher Nkunku,7,12,False
90,0,0,0,1,0,0,0,1,0,0,0,18,17.4,37.1,2.0,5.7,2,4,4,10,1,0.00,0.21,0.21,0.56,1,False,241,36,2025-26,Moisés Caicedo Corozo,7,12,False
90,0,1,0,2,0,0,0,0,0,0,0,10,10.4,23.1,29.0,6.3,2,0,1,3,1,0.43,0.08,0.51,2.54,5,False,242,36,2025-26,Kiernan Dewsbury-Hall,9,8,False
10,0,0,0,0,0,0,0,0,0,0,0,8,5.2,10.3,0.0,1.6,1,1,0,2,0,0.00,0.01,0.01,0.53,1,False,243,36,2025-26,Tyrique George,9,8,False
0,0,0,0,0,0,0,0,0,0,0,0,0,0.0,0.0,0.0,0.0,0,0,0,0,0,0.00,0.00,0.00,0.00,0,False,244,36,2025-26,Roméo Lavia,7,12,False
0,0,0,0,0,0,0,0,0,0,0,0,0,0.0,0.0,0.0,0.0,0,0,0,0,0,0.00,0.00,0.00,0.00,0,False,245,36,2025-26,Mykhailo Mudryk,7,12,False
62,0,0,0,1,0,0,0,0,0,0,0,14,5.6,5.3,4.0,1.5,0,1,2,3,1,0.00,0.01,0.01,0.50,2,False,246,36,2025-26,Andrey Nascimento dos Santos,7,12,False
0,0,0,0,0,0,0,0,0,0,0,0,0,0.0,0.0,0.0,0.0,0,0,0,0,0,0.00,0.00,0.00,0.00,0,False,247,36,2025-26,Dário Luís Essugo,7,12,False
0,0,0,0,0,0,0,0,0,0,0,0,0,0.0,0.0,0.0,0.0,0,0,0,0,0,0.00,0.00,0.00,0.00,0,False,248,36,2025-26,Kendry Páez Andrade,7,12,False
90,0,0,0,1,0,0,0,0,0,0,0,10,1.6,2.0,18.0,2.2,0,1,1,2,1,0.17,0.02,0.19,0.56,2,False,249,36,2025-26,João Pedro Junqueira de Jesus,7,12,False
0,0,0,0,0,0,0,0,0,0,0,0,0,0.0,0.0,0.0,0.0,0,0,0,0,0,0.00,0.00,0.00,0.00,0,False,250,36,2025-26,Liam Delap,7,12,False
0,0,0,0,0,0,0,0,0,0,0,0,0,0.0,0.0,0.0,0.0,0,0,0,0,0,0.00,0.00,0.00,0.00,0,False,251,36,2025-26,Nicolas Jackson,7,12,False
0,0,0,0,0,0,0,0,0,0,0,0,0,0.0,0.0,0.0,0.0,0,0,0,0,0,0.00,0.00,0.00,0.00,0,False,252,36,2025-26,Marc Guiu Paz,7,12,False
180,0,0,0,5,0,0,0,0,0,6,0,8,42.2,0.0,0.0,4.2,1,11,1,0,2,0.00,0.00,0.00,3.15,3,False,253,36,2025-26,Dean Henderson,8,9,True
180,0,0,0,5,0,0,0,0,0,6,0,8,42.2,0.0,0.0,4.2,1,11,1,0,2,0.00,0.00,0.00,3.15,3,False,253,36,2025-26,Dean Henderson,8,13,False
0,0,0,0,0,0,0,0,0,0,0,0,0,0.0,0.0,0.0,0.0,0,0,0,0,0,0.00,0.00,0.00,0.00,0,False,254,36,2025-26,Walter Benítez,8,9,True
0,0,0,0,0,0,0,0,0,0,0,0,0,0.0,0.0,0.0,0.0,0,0,0,0,0,0.00,0.00,0.00,0.00,0,False,254,36,2025-26,Walter Benítez,8,13,False
0,0,0,0,0,0,0,0,0,0,0,0,0,0.0,0.0,0.0,0.0,0,0,0,0,0,0.00,0.00,0.00,0.00,0,False,255,36,2025-26,Remi Matthews,8,9,True
0,0,0,0,0,0,0,0,0,0,0,0,0,0.0,0.0,0.0,0.0,0,0,0,0,0,0.00,0.00,0.00,0.00,0,False,255,36,2025-26,Remi Matthews,8,13,False
171,0,0,0,4,0,0,0,0,0,0,1,26,31.8,48.5,2.0,8.2,4,7,7,11,2,0.00,0.50,0.50,2.55,3,False,256,36,2025-26,Daniel Muñoz Mejía,8,9,True
171,0,0,0,4,0,0,0,0,0,0,1,26,31.8,48.5,2.0,8.2,4,7,7,11,2,0.00,0.50,0.50,2.55,3,False,256,36,2025-26,Daniel Muñoz Mejía,8,13,False
180,0,0,0,5,0,0,0,0,0,0,0,20,53.6,11.8,23.0,8.8,17,4,4,21,2,0.08,0.02,0.10,3.15,4,False,257,36,2025-26,Maxence Lacroix,8,9,True
180,0,0,0,5,0,0,0,0,0,0,0,20,53.6,11.8,23.0,8.8,17,4,4,21,2,0.08,0.02,0.10,3.15,4,False,257,36,2025-26,Maxence Lacroix,8,13,False
180,0,1,0,5,0,0,0,1,0,0,0,20,43.8,18.0,28.0,9.0,9,16,9,18,2,0.21,0.05,0.26,3.15,6,False,258,36,2025-26,Tyrick Mitchell,8,9,True
180,0,1,0,5,0,0,0,1,0,0,0,20,43.8,18.0,28.0,9.0,9,16,9,18,2,0.21,0.05,0.26,3.15,6,False,258,36,2025-26,Tyrick Mitchell,8,13,False
0,0,0,0,0,0,0,0,0,0,0,0,0,0.0,0.0,0.0,0.0,0,0,0,0,0,0.00,0.00,0.00,0.00,0,False,259,36,2025-26,Borna Sosa,8,9,True
0,0,0,0,0,0,0,0,0,0,0,0,0,0.0,0.0,0.0,0.0,0,0,0,0,0,0.00,0.00,0.00,0.00,0,False,259,36,2025-26,Borna Sosa,8,13,False
180,0,0,2,0,0,0,0,0,0,0,1,57,43.2,11.9,7.0,6.2,13,6,3,16,2,0.15,0.09,0.24,0.92,15,True,260,36,2025-26,Marc Guéhi,13,5,True
180,0,0,2,0,0,0,0,0,0,0,1,57,43.2,11.9,7.0,6.2,13,6,3,16,2,0.15,0.09,0.24,0.92,15,True,260,36,2025-26,Marc Guéhi,13,8,True
180,0,0,0,5,0,0,0,0,0,0,0,10,42.0,7.2,38.0,8.8,16,3,3,19,2,0.66,0.10,0.76,3.15,4,False,261,36,2025-26,Chris Richards,8,9,True
180,0,0,0,5,0,0,0,0,0,0,0,10,42.0,7.2,38.0,8.8,16,3,3,19,2,0.66,0.10,0.76,3.15,4,False,261,36,2025-26,Chris Richards,8,13,False
0,0,0,0,0,0,0,0,0,0,0,0,0,0.0,0.0,0.0,0.0,0,0,0,0,0,0.00,0.00,0.00,0.00,0,False,262,36,2025-26,Chadi Riad Dnanou,8,9,True
0,0,0,0,0,0,0,0,0,0,0,0,0,0.0,0.0,0.0,0.0,0,0,0,0,0,0.00,0.00,0.00,0.00,0,False,262,36,2025-26,Chadi Riad Dnanou,8,13,False
8,0,0,0,1,0,0,0,0,0,0,0,0,8.0,0.1,0.0,0.8,2,0,1,3,0,0.00,0.00,0.00,0.60,1,False,263,36,2025-26,Nathaniel Clyne,8,9,True
8,0,0,0,1,0,0,0,0,0,0,0,0,8.0,0.1,0.0,0.8,2,0,1,3,0,0.00,0.00,0.00,0.60,1,False,263,36,2025-26,Nathaniel Clyne,8,13,False
0,0,0,0,0,0,0,0,0,0,0,0,0,0.0,0.0,0.0,0.0,0,0,0,0,0,0.00,0.00,0.00,0.00,0,False,264,36,2025-26,Rob Holding,8,9,True
0,0,0,0,0,0,0,0,0,0,0,0,0,0.0,0.0,0.0,0.0,0,0,0,0,0,0.00,0.00,0.00,0.00,0,False,264,36,2025-26,Rob Holding,8,13,False
0,0,0,0,0,0,0,0,0,0,0,0,0,0.0,0.0,0.0,0.0,0,0,0,0,0,0.00,0.00,0.00,0.00,0,False,265,36,2025-26,Caleb Kporha,8,9,True
0,0,0,0,0,0,0,0,0,0,0,0,0,0.0,0.0,0.0,0.0,0,0,0,0,0,0.00,0.00,0.00,0.00,0,False,265,36,2025-26,Caleb Kporha,8,13,False
66,0,0,1,0,0,0,0,0,0,0,0,16,6.2,16.8,10.0,3.3,0,3,0,3,1,0.07,0.03,0.10,0.39,3,False,266,36,2025-26,Eberechi Eze,1,19,False
120,1,0,0,3,0,0,0,0,0,0,0,29,45.6,12.1,104.0,16.1,1,6,0,7,1,0.93,0.02,0.95,2.19,8,False,267,36,2025-26,Ismaïla Sarr,8,9,True
120,1,0,0,3,0,0,0,0,0,0,0,29,45.6,12.1,104.0,16.1,1,6,0,7,1,0.93,0.02,0.95,2.19,8,False,267,36,2025-26,Ismaïla Sarr,8,13,False
0,0,0,0,0,0,0,0,0,0,0,0,0,0.0,0.0,0.0,0.0,0,0,0,0,0,0.00,0.00,0.00,0.00,0,False,268,36,2025-26,Cheick Doucouré,8,9,True
0,0,0,0,0,0,0,0,0,0,0,0,0,0.0,0.0,0.0,0.0,0,0,0,0,0,0.00,0.00,0.00,0.00,0,False,268,36,2025-26,Cheick Doucouré,8,13,False
0,0,0,0,0,0,0,0,0,0,0,0,0,0.0,0.0,0.0,0.0,0,0,0,0,0,0.00,0.00,0.00,0.00,0,False,269,36,2025-26,Romain Esse,8,9,True
0,0,0,0,0,0,0,0,0,0,0,0,0,0.0,0.0,0.0,0.0,0,0,0,0,0,0.00,0.00,0.00,0.00,0,False,269,36,2025-26,Romain Esse,8,13,False
59,0,0,0,2,0,0,0,0,0,0,0,5,12.8,14.3,0.0,2.7,4,4,0,8,1,0.00,0.22,0.22,0.96,1,False,270,36,2025-26,Will Hughes,8,9,True
59,0,0,0,2,0,0,0,0,0,0,0,5,12.8,14.3,0.0,2.7,4,4,0,8,1,0.00,0.22,0.22,0.96,1,False,270,36,2025-26,Will Hughes,8,13,False
105,0,0,0,3,0,0,0,1,0,0,0,19,12.4,37.6,10.0,6.0,0,5,3,8,1,0.07,0.68,0.75,2.19,2,False,271,36,2025-26,Daichi Kamada,8,9,True
105,0,0,0,3,0,0,0,1,0,0,0,19,12.4,37.6,10.0,6.0,0,5,3,8,1,0.07,0.68,0.75,2.19,2,False,271,36,2025-26,Daichi Kamada,8,13,False
100,0,0,0,3,0,0,0,0,0,0,0,19,18.2,3.4,2.0,2.4,3,4,6,13,1,0.03,0.01,0.04,1.89,3,False,272,36,2025-26,Jefferson Lerma Solís,8,9,True
100,0,0,0,3,0,0,0,0,0,0,0,19,18.2,3.4,2.0,2.4,3,4,6,13,1,0.03,0.01,0.04,1.89,3,False,272,36,2025-26,Jefferson Lerma Solís,8,13,False
120,0,0,0,3,0,0,0,0,0,0,0,20,26.6,54.3,5.0,8.6,2,14,7,23,1,0.06,0.55,0.61,2.19,5,False,273,36,2025-26,Adam Wharton,8,9,True
120,0,0,0,3,0,0,0,0,0,0,0,20,26.6,54.3,5.0,8.6,2,14,7,23,1,0.06,0.55,0.61,2.19,5,False,273,36,2025-26,Adam Wharton,8,13,False
0,0,0,0,0,0,0,0,0,0,0,0,0,0.0,0.0,0.0,0.0,0,0,0,0,0,0.00,0.00,0.00,0.00,0,False,274,36,2025-26,Asher Agbinone,8,9,True
0,0,0,0,0,0,0,0,0,0,0,0,0,0.0,0.0,0.0,0.0,0,0,0,0,0,0.00,0.00,0.00,0.00,0,False,274,36,2025-26,Asher Agbinone,8,13,False
0,0,0,0,0,0,0,0,0,0,0,0,0,0.0,0.0,0.0,0.0,0,0,0,0,0,0.00,0.00,0.00,0.00,0,False,275,36,2025-26,Naouirou Ahamada,8,9,True
0,0,0,0,0,0,0,0,0,0,0,0,0,0.0,0.0,0.0,0.0,0,0,0,0,0,0.00,0.00,0.00,0.00,0,False,275,36,2025-26,Naouirou Ahamada,8,13,False
0,0,0,0,0,0,0,0,0,0,0,0,0,0.0,0.0,0.0,0.0,0,0,0,0,0,0.00,0.00,0.00,0.00,0,False,276,36,2025-26,Justin Devenny,8,9,True
0,0,0,0,0,0,0,0,0,0,0,0,0,0.0,0.0,0.0,0.0,0,0,0,0,0,0.00,0.00,0.00,0.00,0,False,276,36,2025-26,Justin Devenny,8,13,False
0,0,0,0,0,0,0,0,0,0,0,0,0,0.0,0.0,0.0,0.0,0,0,0,0,0,0.00,0.00,0.00,0.00,0,False,277,36,2025-26,Malcolm Ebiowei,8,9,True
0,0,0,0,0,0,0,0,0,0,0,0,0,0.0,0.0,0.0,0.0,0,0,0,0,0,0.00,0.00,0.00,0.00,0,False,277,36,2025-26,Malcolm Ebiowei,8,13,False
0,0,0,0,0,0,0,0,0,0,0,0,0,0.0,0.0,0.0,0.0,0,0,0,0,0,0.00,0.00,0.00,0.00,0,False,278,36,2025-26,Jesurun Rak-Sakyi,8,9,True
0,0,0,0,0,0,0,0,0,0,0,0,0,0.0,0.0,0.0,0.0,0,0,0,0,0,0.00,0.00,0.00,0.00,0,False,278,36,2025-26,Jesurun Rak-Sakyi,8,13,False
0,0,0,0,0,0,0,0,0,0,0,0,0,0.0,0.0,0.0,0.0,0,0,0,0,0,0.00,0.00,0.00,0.00,0,False,279,36,2025-26,Matheus França de Oliveira,8,9,True
0,0,0,0,0,0,0,0,0,0,0,0,0,0.0,0.0,0.0,0.0,0,0,0,0,0,0.00,0.00,0.00,0.00,0,False,279,36,2025-26,Matheus França de Oliveira,8,13,False
0,0,0,0,0,0,0,0,0,0,0,0,0,0.0,0.0,0.0,0.0,0,0,0,0,0,0.00,0.00,0.00,0.00,0,False,280,36,2025-26,David Ozoh,8,9,True
0,0,0,0,0,0,0,0,0,0,0,0,0,0.0,0.0,0.0,0.0,0,0,0,0,0,0.00,0.00,0.00,0.00,0,False,280,36,2025-26,David Ozoh,8,13,False
0,0,0,0,0,0,0,0,0,0,0,0,0,0.0,0.0,0.0,0.0,0,0,0,0,0,0.00,0.00,0.00,0.00,0,False,281,36,2025-26,Kaden Rodney,8,9,True
0,0,0,0,0,0,0,0,0,0,0,0,0,0.0,0.0,0.0,0.0,0,0,0,0,0,0.00,0.00,0.00,0.00,0,False,281,36,2025-26,Kaden Rodney,8,13,False
0,0,0,0,0,0,0,0,0,0,0,0,0,0.0,0.0,0.0,0.0,0,0,0,0,0,0.00,0.00,0.00,0.00,0,False,282,36,2025-26,Franco Umeh-Chibueze,8,9,True
0,0,0,0,0,0,0,0,0,0,0,0,0,0.0,0.0,0.0,0.0,0,0,0,0,0,0.00,0.00,0.00,0.00,0,False,282,36,2025-26,Franco Umeh-Chibueze,8,13,False
84,1,0,0,2,0,0,0,0,0,0,0,28,33.6,11.8,21.0,6.6,1,0,0,1,1,0.59,0.03,0.62,1.34,6,False,283,36,2025-26,Jean-Philippe Mateta,8,9,True
84,1,0,0,2,0,0,0,0,0,0,0,28,33.6,11.8,21.0,6.6,1,0,0,1,1,0.59,0.03,0.62,1.34,6,False,283,36,2025-26,Jean-Philippe Mateta,8,13,False
0,0,0,0,0,0,0,0,0,0,0,0,0,0.0,0.0,0.0,0.0,0,0,0,0,0,0.00,0.00,0.00,0.00,0,False,284,36,2025-26,Eddie Nketiah,8,9,True
0,0,0,0,0,0,0,0,0,0,0,0,0,0.0,0.0,0.0,0.0,0,0,0,0,0,0.00,0.00,0.00,0.00,0,False,284,36,2025-26,Eddie Nketiah,8,13,False
0,0,0,0,0,0,0,0,0,0,0,0,0,0.0,0.0,0.0,0.0,0,0,0,0,0,0.00,0.00,0.00,0.00,0,False,285,36,2025-26,Odsonne Édouard,8,9,True
0,0,0,0,0,0,0,0,0,0,0,0,0,0.0,0.0,0.0,0.0,0,0,0,0,0,0.00,0.00,0.00,0.00,0,False,285,36,2025-26,Odsonne Édouard,8,13,False
0,0,0,0,0,0,0,0,0,0,0,0,0,0.0,0.0,0.0,0.0,0,0,0,0,0,0.00,0.00,0.00,0.00,0,False,286,36,2025-26,Zach Marsh,8,9,True
0,0,0,0,0,0,0,0,0,0,0,0,0,0.0,0.0,0.0,0.0,0,0,0,0,0,0.00,0.00,0.00,0.00,0,False,286,36,2025-26,Zach Marsh,8,13,False
90,0,0,0,2,0,0,0,0,0,6,0,18,48.0,0.0,0.0,4.8,2,7,0,0,1,0.00,0.01,0.01,2.56,3,False,287,36,2025-26,Jordan Pickford,9,8,False
0,0,0,0,0,0,0,0,0,0,0,0,0,0.0,0.0,0.0,0.0,0,0,0,0,0,0.00,0.00,0.00,0.00,0,False,288,36,2025-26,Mark Travers,9,8,False
0,0,0,0,0,0,0,0,0,0,0,0,0,0.0,0.0,0.0,0.0,0,0,0,0,0,0.00,0.00,0.00,0.00,0,False,289,36,2025-26,Harry Tyrer,9,8,False
0,0,0,0,0,0,0,0,0,0,0,0,0,0.0,0.0,0.0,0.0,0,0,0,0,0,0.00,0.00,0.00,0.00,0,False,290,36,2025-26,Jarrad Branthwaite,9,8,False
90,1,1,0,2,0,0,0,0,0,0,3,33,77.2,13.7,57.0,14.8,10,3,3,13,1,0.19,0.55,0.74,2.56,15,True,291,36,2025-26,James Tarkowski,9,8,False
90,0,0,0,2,0,0,0,1,0,0,0,-2,9.4,15.9,2.0,2.7,4,0,0,4,1,0.00,0.07,0.07,2.56,0,False,292,36,2025-26,Vitalii Mykolenko,9,8,False
90,0,0,0,2,0,0,0,0,0,0,0,-1,6.6,10.8,2.0,1.9,1,3,1,2,1,0.00,0.01,0.01,2.56,1,False,293,36,2025-26,Jake O'Brien,9,8,False
0,0,0,0,0,0,0,0,0,0,0,0,0,0.0,0.0,0.0,0.0,0,0,0,0,0,0.00,0.00,0.00,0.00,0,False,294,36,2025-26,Séamus Coleman,9,8,False
90,0,0,0,2,0,0,0,0,0,0,0,4,23.0,0.3,28.0,5.1,6,2,2,8,1,0.20,0.00,0.20,2.56,1,False,295,36,2025-26,Michael Keane,9,8,False
0,0,0,0,0,0,0,0,0,0,0,0,0,0.0,0.0,0.0,0.0,0,0,0,0,0,0.00,0.00,0.00,0.00,0,False,296,36,2025-26,Nathan Patterson,9,8,False
0,0,0,0,0,0,0,0,0,0,0,0,0,0.0,0.0,0.0,0.0,0,0,0,0,0,0.00,0.00,0.00,0.00,0,False,297,36,2025-26,Roman Dixon,9,8,False
0,0,0,0,0,0,0,0,0,0,0,0,0,0.0,0.0,0.0,0.0,0,0,0,0,0,0.00,0.00,0.00,0.00,0,False,298,36,2025-26,Reece Welch,9,8,False
90,0,0,0,2,0,0,0,0,0,0,0,11,13.8,14.2,36.0,6.4,1,5,1,7,1,0.36,0.07,0.43,2.56,2,False,299,36,2025-26,Iliman Ndiaye,9,8,False
0,0,0,0,0,0,0,0,0,0,0,0,0,0.0,0.0,0.0,0.0,0,0,0,0,0,0.00,0.00,0.00,0.00,0,False,300,36,2025-26,Dwight McNeil,9,8,False
1,0,0,0,0,0,0,0,0,0,0,0,3,5.0,0.0,2.0,0.7,1,0,0,1,0,0.04,0.00,0.04,0.03,1,False,301,36,2025-26,Carlos Alcaraz Durán,9,8,False
0,0,0,0,0,0,0,0,0,0,0,0,0,0.0,0.0,0.0,0.0,0,0,0,0,0,0.00,0.00,0.00,0.00,0,False,302,36,2025-26,Idrissa Gana Gueye,9,8,False
90,0,0,0,2,0,0,0,1,0,0,0,19,19.6,50.8,9.0,7.9,1,4,2,7,1,0.04,0.31,0.35,2.56,1,False,303,36,2025-26,James Garner,9,8,False
90,0,0,0,2,0,0,0,0,0,0,0,11,8.8,3.0,4.0,1.6,1,4,3,8,1,0.04,0.02,0.06,2.56,2,False,304,36,2025-26,Tim Iroegbunam,9,8,False
0,0,0,0,0,0,0,0,0,0,0,0,0,0.0,0.0,0.0,0.0,0,0,0,0,0,0.00,0.00,0.00,0.00,0,False,305,36,2025-26,Harrison Armstrong,9,8,False
0,0,0,0,0,0,0,0,0,0,0,0,0,0.0,0.0,0.0,0.0,0,0,0,0,0,0.00,0.00,0.00,0.00,0,False,306,36,2025-26,Callum Bates,9,8,False
0,0,0,0,0,0,0,0,0,0,0,0,0,0.0,0.0,0.0,0.0,0,0,0,0,0,0.00,0.00,0.00,0.00,0,False,307,36,2025-26,Coby Ebere,9,8,False
0,0,0,0,0,0,0,0,0,0,0,0,0,0.0,0.0,0.0,0.0,0,0,0,0,0,0.00,0.00,0.00,0.00,0,False,308,36,2025-26,Isaac Heath,9,8,False
0,0,0,0,0,0,0,0,0,0,0,0,0,0.0,0.0,0.0,0.0,0,0,0,0,0,0.00,0.00,0.00,0.00,0,False,309,36,2025-26,Jenson Metcalfe,9,8,False
20,0,0,0,1,0,0,0,0,0,0,0,3,4.2,11.1,6.0,2.1,1,1,0,2,0,0.00,0.04,0.04,0.95,1,False,310,36,2025-26,Thierno Barry,9,8,False
69,1,0,0,1,0,0,0,0,0,0,2,31,40.2,1.4,29.0,7.1,3,1,0,4,1,0.29,0.01,0.30,1.62,8,False,311,36,2025-26,Norberto Bercique Gomes Betuncal,9,8,False
0,0,0,0,0,0,0,0,0,0,0,0,0,0.0,0.0,0.0,0.0,0,0,0,0,0,0.00,0.00,0.00,0.00,0,False,312,36,2025-26,Youssef Ramalho Chermiti,9,8,False
0,0,0,0,0,0,0,0,0,0,0,0,0,0.0,0.0,0.0,0.0,0,0,0,0,0,0.00,0.00,0.00,0.00,0,False,313,36,2025-26,Martin Sherif,9,8,False
90,0,0,0,1,0,0,0,0,0,3,0,18,20.8,0.0,0.0,2.1,0,9,0,0,1,0.00,0.01,0.01,0.82,3,False,314,36,2025-26,Bernd Leno,10,4,True
0,0,0,0,0,0,0,0,0,0,0,0,0,0.0,0.0,0.0,0.0,0,0,0,0,0,0.00,0.00,0.00,0.00,0,False,315,36,2025-26,Steven Benda,10,4,True
90,0,0,0,1,0,0,0,1,0,0,0,14,17.4,12.2,13.0,4.3,5,6,3,8,1,0.02,0.02,0.04,0.82,1,False,316,36,2025-26,Antonee Robinson,10,4,True
51,0,0,0,1,0,0,0,0,1,0,0,-11,0.0,0.9,4.0,0.1,1,2,0,1,1,0.05,0.01,0.06,0.11,-2,False,317,36,2025-26,Joachim Andersen,10,4,True
90,0,0,0,1,0,0,0,0,0,0,0,16,14.6,21.2,2.0,3.8,0,5,2,2,1,0.00,0.01,0.01,0.82,2,False,318,36,2025-26,Calvin Bassey,10,4,True
82,0,0,0,1,0,0,0,0,0,0,0,20,14.6,15.8,4.0,3.4,2,3,4,6,1,0.00,0.22,0.22,0.78,2,False,319,36,2025-26,Timothy Castagne,10,4,True
45,0,0,0,1,0,0,0,0,0,0,0,4,7.8,0.8,2.0,1.1,1,1,0,1,0,0.00,0.00,0.00,0.67,1,False,320,36,2025-26,Issa Diop,10,4,True
0,0,0,0,0,0,0,0,0,0,0,0,0,0.0,0.0,0.0,0.0,0,0,0,0,0,0.00,0.00,0.00,0.00,0,False,321,36,2025-26,Jorge Cuenca Barreno,10,4,True
0,0,0,0,0,0,0,0,0,0,0,0,0,0.0,0.0,0.0,0.0,0,0,0,0,0,0.00,0.00,0.00,0.00,0,False,322,36,2025-26,Kenny Tete,10,4,True
0,0,0,0,0,0,0,0,0,0,0,0,0,0.0,0.0,0.0,0.0,0,0,0,0,0,0.00,0.00,0.00,0.00,0,False,323,36,2025-26,Samuel Amissah,10,4,True
0,0,0,0,0,0,0,0,0,0,0,0,0,0.0,0.0,0.0,0.0,0,0,0,0,0,0.00,0.00,0.00,0.00,0,False,324,36,2025-26,Alex Iwobi,10,4,True
45,0,0,0,0,0,0,0,0,0,0,0,5,2.0,1.5,9.0,1.3,1,2,2,5,1,0.09,0.00,0.09,0.14,1,False,325,36,2025-26,Emile Smith Rowe,10,4,True
0,0,0,0,0,0,0,0,0,0,0,0,0,0.0,0.0,0.0,0.0,0,0,0,0,0,0.00,0.00,0.00,0.00,0,False,326,36,2025-26,Adama Traoré Diarra,19,1,True
0,0,0,0,0,0,0,0,0,0,0,0,0,0.0,0.0,0.0,0.0,0,0,0,0,0,0.00,0.00,0.00,0.00,0,False,327,36,2025-26,Andreas Hoelgebaum Pereira,10,4,True
0,0,0,0,0,0,0,0,0,0,0,0,0,0.0,0.0,0.0,0.0,0,0,0,0,0,0.00,0.00,0.00,0.00,0,False,328,36,2025-26,Ryan Sessegnon,10,4,True
61,0,0,0,1,0,0,0,0,0,0,0,12,4.8,29.9,7.0,4.2,1,4,0,5,1,0.03,0.17,0.20,0.44,2,False,329,36,2025-26,Harry Wilson,10,4,True
0,0,0,0,0,0,0,0,0,0,0,0,0,0.0,0.0,0.0,0.0,0,0,0,0,0,0.00,0.00,0.00,0.00,0,False,330,36,2025-26,Sander Berge,10,4,True
75,0,0,0,1,0,0,0,0,0,0,0,19,15.0,26.8,4.0,4.6,2,3,0,5,1,0.03,0.09,0.12,0.44,2,False,331,36,2025-26,Tom Cairney,10,4,True
90,0,0,0,1,0,0,0,1,0,0,0,12,16.2,18.1,18.0,5.2,2,2,1,5,1,0.04,0.12,0.16,0.82,1,False,332,36,2025-26,Saša Lukić,10,4,True
0,0,0,0,0,0,0,0,0,0,0,0,0,0.0,0.0,0.0,0.0,0,0,0,0,0,0.00,0.00,0.00,0.00,0,False,333,36,2025-26,Martial Godo,10,4,True
0,0,0,0,0,0,0,0,0,0,0,0,0,0.0,0.0,0.0,0.0,0,0,0,0,0,0.00,0.00,0.00,0.00,0,False,334,36,2025-26,Luke Harris,10,4,True
14,0,0,0,0,0,0,0,1,0,0,0,8,4.8,4.1,4.0,1.3,2,0,1,3,0,0.06,0.03,0.09,0.38,0,False,335,36,2025-26,Josh King,10,4,True
0,0,0,0,0,0,0,0,0,0,0,0,0,0.0,0.0,0.0,0.0,0,0,0,0,0,0.00,0.00,0.00,0.00,0,False,336,36,2025-26,Harrison Reed,10,4,True
0,0,0,0,0,0,0,0,0,0,0,0,0,0.0,0.0,0.0,0.0,0,0,0,0,0,0.00,0.00,0.00,0.00,0,False,337,36,2025-26,Raúl Jiménez Rodríguez,10,4,True
90,0,0,0,1,0,0,0,1,0,0,0,-5,0.0,0.1,18.0,0.8,0,0,0,0,1,0.71,0.00,0.71,0.82,1,False,338,36,2025-26,Rodrigo Muniz Carvalho,10,4,True
0,0,0,0,0,0,0,0,0,0,0,0,0,0.0,0.0,0.0,0.0,0,0,0,0,0,0.00,0.00,0.00,0.00,0,False,339,36,2025-26,Illan Meslier,11,18,False
0,0,0,0,0,0,0,0,0,0,0,0,0,0.0,0.0,0.0,0.0,0,0,0,0,0,0.00,0.00,0.00,0.00,0,False,340,36,2025-26,Alex Cairns,11,18,False
90,0,0,0,1,0,0,0,0,0,1,0,7,12.4,0.0,0.0,1.2,3,4,0,0,1,0.00,0.00,0.00,1.27,2,False,341,36,2025-26,Karl Darlow,11,18,False
0,0,0,0,0,0,0,0,0,0,0,0,0,0.0,0.0,0.0,0.0,0,0,0,0,0,0.00,0.00,0.00,0.00,0,False,342,36,2025-26,Jayden Bogle,11,18,False
55,0,0,0,1,0,0,0,0,0,0,0,9,10.4,0.2,6.0,1.7,4,4,1,5,1,0.04,0.01,0.05,0.87,1,False,343,36,2025-26,Pascal Struijk,11,18,False
90,0,0,0,1,0,0,0,0,0,0,1,17,39.8,10.7,2.0,5.3,16,1,0,16,1,0.00,0.10,0.10,1.27,5,False,344,36,2025-26,Jaka Bijol,11,18,False
34,0,0,0,0,0,0,0,0,0,0,0,8,9.0,0.4,0.0,0.9,4,3,1,5,0,0.00,0.00,0.00,0.40,1,False,345,36,2025-26,Sebastiaan Bornauw,11,18,False
0,0,0,0,0,0,0,0,0,0,0,0,0,0.0,0.0,0.0,0.0,0,0,0,0,0,0.00,0.00,0.00,0.00,0,False,346,36,2025-26,Sam Byram,11,18,False
0,0,0,0,0,0,0,0,0,0,0,0,0,0.0,0.0,0.0,0.0,0,0,0,0,0,0.00,0.00,0.00,0.00,0,False,347,36,2025-26,Gabriel Gudmundsson,11,18,False
90,0,0,0,1,0,0,0,1,0,0,0,6,23.8,15.8,17.0,5.7,6,1,2,8,1,0.06,0.06,0.12,1.27,1,False,348,36,2025-26,Joe Rodon,11,18,False
0,0,0,0,0,0,0,0,0,0,0,0,0,0.0,0.0,0.0,0.0,0,0,0,0,0,0.00,0.00,0.00,0.00,0,False,349,36,2025-26,Isaac Schmidt,11,18,False
62,0,0,0,1,0,0,0,0,0,0,0,10,13.2,15.6,2.0,3.1,1,1,2,4,1,0.00,0.15,0.15,1.07,2,False,350,36,2025-26,Brenden Aaronson,11,18,False
27,0,0,0,0,0,0,0,0,0,0,0,7,3.6,11.3,0.0,1.5,0,2,0,2,0,0.00,0.01,0.01,0.20,1,False,351,36,2025-26,Wilfried Gnonto,11,18,False
0,0,0,0,0,0,0,0,0,0,0,0,0,0.0,0.0,0.0,0.0,0,0,0,0,0,0.00,0.00,0.00,0.00,0,False,352,36,2025-26,Jack Harrison,11,18,False
62,0,0,0,1,0,0,0,0,0,0,0,7,8.8,14.8,1.0,2.5,4,0,0,4,1,0.03,0.09,0.12,1.07,2,False,353,36,2025-26,Daniel James,11,18,False
90,0,1,0,1,0,0,0,0,0,0,3,28,16.4,4.3,2.0,2.3,5,5,3,13,1,0.00,0.02,0.02,1.27,10,False,354,36,2025-26,Ethan Ampadu,11,18,False
0,0,0,0,0,0,0,0,0,0,0,0,0,0.0,0.0,0.0,0.0,0,0,0,0,0,0.00,0.00,0.00,0.00,0,False,355,36,2025-26,Sam Greenwood,11,18,False
0,0,0,0,0,0,0,0,0,0,0,0,0,0.0,0.0,0.0,0.0,0,0,0,0,0,0.00,0.00,0.00,0.00,0,False,356,36,2025-26,Ilia Gruev,11,18,False
0,0,0,0,0,0,0,0,0,0,0,0,0,0.0,0.0,0.0,0.0,0,0,0,0,0,0.00,0.00,0.00,0.00,0,False,357,36,2025-26,Largie Ramazani,11,18,False
90,0,0,0,1,0,0,0,0,0,0,1,17,12.8,5.7,1.0,2.0,5,10,4,19,1,0.03,0.01,0.04,1.17,5,False,358,36,2025-26,Tanaka Ao,11,18,False
0,0,0,0,0,0,0,0,0,0,0,0,0,0.0,0.0,0.0,0.0,0,0,0,0,0,0.00,0.00,0.00,0.00,0,False,359,36,2025-26,Charlie Crew,11,18,False
0,0,0,0,0,0,0,0,0,0,0,0,0,0.0,0.0,0.0,0.0,0,0,0,0,0,0.00,0.00,0.00,0.00,0,False,360,36,2025-26,Joe Gelhardt,11,18,False
0,0,0,0,0,0,0,0,0,0,0,0,0,0.0,0.0,0.0,0.0,0,0,0,0,0,0.00,0.00,0.00,0.00,0,False,361,36,2025-26,Darko Gyabi,11,18,False
0,0,0,0,0,0,0,0,0,0,0,0,0,0.0,0.0,0.0,0.0,0,0,0,0,0,0.00,0.00,0.00,0.00,0,False,362,36,2025-26,Joël Piroe,11,18,False
0,0,0,0,0,0,0,0,0,0,0,0,0,0.0,0.0,0.0,0.0,0,0,0,0,0,0.00,0.00,0.00,0.00,0,False,363,36,2025-26,Patrick Bamford,11,18,False
0,0,0,0,0,0,0,0,0,0,0,0,0,0.0,0.0,0.0,0.0,0,0,0,0,0,0.00,0.00,0.00,0.00,0,False,364,36,2025-26,Mateo Joseph Fernández-Regatillo,11,18,False
27,0,0,0,0,0,0,0,0,0,0,0,9,14.0,1.6,17.0,3.3,3,1,3,7,0,0.06,0.00,0.06,0.20,1,False,365,36,2025-26,Lukas Nmecha,11,18,False
0,0,0,0,0,0,0,0,0,0,0,0,0,0.0,0.0,0.0,0.0,0,0,0,0,0,0.00,0.00,0.00,0.00,0,False,366,36,2025-26,Alisson Becker,12,7,True
90,0,0,0,1,0,0,0,0,0,2,0,13,21.6,0.0,0.0,2.2,1,11,1,0,1,0.00,0.00,0.00,0.50,2,False,367,36,2025-26,Giorgi Mamardashvili,12,7,True
0,0,0,0,0,0,0,0,0,0,0,0,0,0.0,0.0,0.0,0.0,0,0,0,0,0,0.00,0.00,0.00,0.00,0,False,368,36,2025-26,Ármin Pécsi,12,7,True
0,0,0,0,0,0,0,0,0,0,0,0,0,0.0,0.0,0.0,0.0,0,0,0,0,0,0.00,0.00,0.00,0.00,0,False,369,36,2025-26,Freddie Woodman,12,7,True
90,0,0,0,1,0,0,0,0,0,0,0,5,8.2,6.3,27.0,4.2,0,3,1,1,1,0.04,0.03,0.07,0.50,2,False,370,36,2025-26,Jeremie Frimpong,12,7,True
90,0,0,0,1,0,0,0,0,0,0,0,8,4.2,6.1,0.0,1.0,1,2,0,1,1,0.00,0.01,0.01,0.50,2,False,371,36,2025-26,Milos Kerkez,12,7,True
0,0,0,0,0,0,0,0,0,0,0,0,0,0.0,0.0,0.0,0.0,0,0,0,0,0,0.00,0.00,0.00,0.00,0,False,372,36,2025-26,Andrew Robertson,12,7,True
90,0,0,0,1,0,0,0,0,0,0,0,6,11.0,0.8,8.0,2.0,5,4,0,5,1,0.27,0.01,0.28,0.50,2,False,373,36,2025-26,Virgil van Dijk,12,7,True
76,0,0,0,1,0,0,0,0,0,0,0,7,9.6,0.6,0.0,1.0,2,1,1,3,1,0.00,0.00,0.00,0.50,2,False,374,36,2025-26,Ibrahima Konaté,12,7,True
0,0,0,0,0,0,0,0,0,0,0,0,0,0.0,0.0,0.0,0.0,0,0,0,0,0,0.00,0.00,0.00,0.00,0,False,375,36,2025-26,Conor Bradley,12,7,True
13,0,0,0,0,0,0,0,1,0,0,0,-2,2.0,0.1,0.0,0.2,1,0,1,2,0,0.00,0.00,0.00,0.00,0,False,376,36,2025-26,Joe Gomez,12,7,True
0,0,0,0,0,0,0,0,0,0,0,0,0,0.0,0.0,0.0,0.0,0,0,0,0,0,0.00,0.00,0.00,0.00,0,False,377,36,2025-26,Konstantinos Tsimikas,12,7,True
0,0,0,0,0,0,0,0,0,0,0,0,0,0.0,0.0,0.0,0.0,0,0,0,0,0,0.00,0.00,0.00,0.00,0,False,378,36,2025-26,Amara Nallo,12,7,True
0,0,0,0,0,0,0,0,0,0,0,0,0,0.0,0.0,0.0,0.0,0,0,0,0,0,0.00,0.00,0.00,0.00,0,False,379,36,2025-26,Rhys Williams,12,7,True
0,0,0,0,0,0,0,0,0,0,0,0,0,0.0,0.0,0.0,0.0,0,0,0,0,0,0.00,0.00,0.00,0.00,0,False,380,36,2025-26,Calvin Ramsay,12,7,True
0,0,0,0,0,0,0,0,0,0,0,0,0,0.0,0.0,0.0,0.0,0,0,0,0,0,0.00,0.00,0.00,0.00,0,False,381,36,2025-26,Mohamed Salah,12,7,True
0,0,0,0,0,0,0,0,0,0,0,0,0,0.0,0.0,0.0,0.0,0,0,0,0,0,0.00,0.00,0.00,0.00,0,False,382,36,2025-26,Florian Wirtz,12,7,True
0,0,0,0,0,0,0,0,0,0,0,0,0,0.0,0.0,0.0,0.0,0,0,0,0,0,0.00,0.00,0.00,0.00,0,False,383,36,2025-26,Luis Díaz Marulanda,12,7,True
76,0,0,0,1,0,0,0,0,0,0,0,3,2.2,11.5,2.0,1.6,0,2,1,3,1,0.00,0.00,0.00,0.50,2,False,384,36,2025-26,Cody Gakpo,12,7,True
13,0,0,0,0,0,0,0,0,0,0,0,2,0.0,0.0,0.0,0.0,0,1,0,1,0,0.00,0.00,0.00,0.00,1,False,385,36,2025-26,Federico Chiesa,12,7,True
90,0,0,0,1,0,0,0,1,0,0,0,2,0.0,4.8,4.0,0.5,1,2,1,4,1,0.04,0.01,0.05,0.50,1,False,386,36,2025-26,Alexis Mac Allister,12,7,True
90,0,0,0,1,0,0,0,0,0,0,0,15,8.8,54.3,22.0,8.5,1,2,0,3,1,0.16,0.17,0.33,0.50,2,False,387,36,2025-26,Dominik Szoboszlai,12,7,True
90,0,0,0,1,0,0,0,0,0,0,0,17,14.2,8.5,2.0,2.5,1,3,1,5,1,0.00,0.03,0.03,0.50,2,False,388,36,2025-26,Curtis Jones,12,7,True
0,0,0,0,0,0,0,0,0,0,0,0,0,0.0,0.0,0.0,0.0,0,0,0,0,0,0.00,0.00,0.00,0.00,0,False,389,36,2025-26,Harvey Elliott,2,3,False
90,1,0,0,1,0,0,0,0,0,0,3,33,47.0,24.3,13.0,8.4,2,2,2,6,1,0.04,0.10,0.14,0.50,10,False,390,36,2025-26,Ryan Gravenberch,12,7,True
0,0,0,0,0,0,0,0,0,0,0,0,0,0.0,0.0,0.0,0.0,0,0,0,0,0,0.00,0.00,0.00,0.00,0,False,391,36,2025-26,Ben Gannon-Doak,4,10,False
0,0,0,0,0,0,0,0,0,0,0,0,0,0.0,0.0,0.0,0.0,0,0,0,0,0,0.00,0.00,0.00,0.00,0,False,392,36,2025-26,Endo Wataru,12,7,True
0,0,0,0,0,0,0,0,0,0,0,0,0,0.0,0.0,0.0,0.0,0,0,0,0,0,0.00,0.00,0.00,0.00,0,False,393,36,2025-26,Stefan Bajčetić Maquieira,12,7,True
0,0,0,0,0,0,0,0,0,0,0,0,0,0.0,0.0,0.0,0.0,0,0,0,0,0,0.00,0.00,0.00,0.00,0,False,394,36,2025-26,James McConnell,12,7,True
0,0,0,0,0,0,0,0,0,0,0,0,0,0.0,0.0,0.0,0.0,0,0,0,0,0,0.00,0.00,0.00,0.00,0,False,395,36,2025-26,Tyler Morton,12,7,True
0,0,0,0,0,0,0,0,0,0,0,0,0,0.0,0.0,0.0,0.0,0,0,0,0,0,0.00,0.00,0.00,0.00,0,False,396,36,2025-26,Trey Nyoni,12,7,True
0,0,0,0,0,0,0,0,0,0,0,0,0,0.0,0.0,0.0,0.0,0,0,0,0,0,0.00,0.00,0.00,0.00,0,False,397,36,2025-26,Darwin Núñez Ribeiro,12,7,True
0,0,0,0,0,0,0,0,0,0,0,0,0,0.0,0.0,0.0,0.0,0,0,0,0,0,0.00,0.00,0.00,0.00,0,False,398,36,2025-26,Jayden Danns,12,7,True
0,0,0,0,0,0,0,0,0,0,0,0,0,0.0,0.0,0.0,0.0,0,0,0,0,0,0.00,0.00,0.00,0.00,0,False,399,36,2025-26,Ederson Santana de Moraes,13,5,True
0,0,0,0,0,0,0,0,0,0,0,0,0,0.0,0.0,0.0,0.0,0,0,0,0,0,0.00,0.00,0.00,0.00,0,False,399,36,2025-26,Ederson Santana de Moraes,13,8,True
0,0,0,0,0,0,0,0,0,0,0,0,0,0.0,0.0,0.0,0.0,0,0,0,0,0,0.00,0.00,0.00,0.00,0,False,400,36,2025-26,Stefan Ortega Moreno,16,15,True
0,0,0,0,0,0,0,0,0,0,0,0,0,0.0,0.0,0.0,0.0,0,0,0,0,0,0.00,0.00,0.00,0.00,0,False,401,36,2025-26,Marcus Bettinelli,13,5,True
0,0,0,0,0,0,0,0,0,0,0,0,0,0.0,0.0,0.0,0.0,0,0,0,0,0,0.00,0.00,0.00,0.00,0,False,401,36,2025-26,Marcus Bettinelli,13,8,True
90,0,0,1,0,0,0,0,0,0,0,0,19,5.8,31.6,18.0,5.5,0,2,2,2,1,0.05,0.24,0.29,0.68,6,False,402,36,2025-26,Rayan Aït-Nouri,13,5,True
90,0,0,1,0,0,0,0,0,0,0,0,19,5.8,31.6,18.0,5.5,0,2,2,2,1,0.05,0.24,0.29,0.68,6,False,402,36,2025-26,Rayan Aït-Nouri,13,8,True
57,0,0,0,0,0,0,0,0,0,0,0,9,10.4,4.3,25.0,4.0,3,0,0,3,1,0.06,0.06,0.12,0.41,1,False,403,36,2025-26,Joško Gvardiol,13,5,True
57,0,0,0,0,0,0,0,0,0,0,0,9,10.4,4.3,25.0,4.0,3,0,0,3,1,0.06,0.06,0.12,0.41,1,False,403,36,2025-26,Joško Gvardiol,13,8,True
0,0,0,0,0,0,0,0,0,0,0,0,0,0.0,0.0,0.0,0.0,0,0,0,0,0,0.00,0.00,0.00,0.00,0,False,404,36,2025-26,Manuel Akanji,13,5,True
0,0,0,0,0,0,0,0,0,0,0,0,0,0.0,0.0,0.0,0.0,0,0,0,0,0,0.00,0.00,0.00,0.00,0,False,404,36,2025-26,Manuel Akanji,13,8,True
122,0,0,1,0,0,0,0,0,0,0,0,32,21.6,15.8,43.0,8.1,6,2,0,6,1,0.36,0.02,0.38,0.51,7,False,405,36,2025-26,Nathan Aké,13,5,True
122,0,0,1,0,0,0,0,0,0,0,0,32,21.6,15.8,43.0,8.1,6,2,0,6,1,0.36,0.02,0.38,0.51,7,False,405,36,2025-26,Nathan Aké,13,8,True
90,0,0,1,0,0,0,0,0,0,0,0,24,9.8,7.4,1.0,1.8,4,2,0,4,1,0.02,0.04,0.06,0.68,6,False,406,36,2025-26,Abdukodir Khusanov,13,5,True
90,0,0,1,0,0,0,0,0,0,0,0,24,9.8,7.4,1.0,1.8,4,2,0,4,1,0.02,0.04,0.06,0.68,6,False,406,36,2025-26,Abdukodir Khusanov,13,8,True
147,0,0,1,0,0,0,0,1,0,0,0,34,28.4,43.9,2.0,7.5,8,11,0,8,2,0.00,0.05,0.05,0.65,6,False,407,36,2025-26,Matheus Nunes,13,5,True
147,0,0,1,0,0,0,0,1,0,0,0,34,28.4,43.9,2.0,7.5,8,11,0,8,2,0.00,0.05,0.05,0.65,6,False,407,36,2025-26,Matheus Nunes,13,8,True
0,0,0,0,0,0,0,0,0,0,0,0,0,0.0,0.0,0.0,0.0,0,0,0,0,0,0.00,0.00,0.00,0.00,0,False,408,36,2025-26,Rúben dos Santos Gato Alves Dias,13,5,True
0,0,0,0,0,0,0,0,0,0,0,0,0,0.0,0.0,0.0,0.0,0,0,0,0,0,0.00,0.00,0.00,0.00,0,False,408,36,2025-26,Rúben dos Santos Gato Alves Dias,13,8,True
8,0,0,0,0,0,0,0,0,0,0,0,3,5.6,1.3,0.0,0.7,1,0,0,1,0,0.00,0.00,0.00,0.15,1,False,409,36,2025-26,John Stones,13,5,True
8,0,0,0,0,0,0,0,0,0,0,0,3,5.6,1.3,0.0,0.7,1,0,0,1,0,0.00,0.00,0.00,0.15,1,False,409,36,2025-26,John Stones,13,8,True
0,0,0,0,0,0,0,0,0,0,0,0,0,0.0,0.0,0.0,0.0,0,0,0,0,0,0.00,0.00,0.00,0.00,0,False,410,36,2025-26,Rico Lewis,13,5,True
0,0,0,0,0,0,0,0,0,0,0,0,0,0.0,0.0,0.0,0.0,0,0,0,0,0,0.00,0.00,0.00,0.00,0,False,410,36,2025-26,Rico Lewis,13,8,True
90,0,0,1,0,0,0,0,1,0,0,0,19,7.4,13.8,12.0,3.3,2,7,1,3,1,0.00,0.02,0.02,0.24,5,False,411,36,2025-26,Nico O'Reilly,13,5,True
90,0,0,1,0,0,0,0,1,0,0,0,19,7.4,13.8,12.0,3.3,2,7,1,3,1,0.00,0.02,0.02,0.24,5,False,411,36,2025-26,Nico O'Reilly,13,8,True
0,0,0,0,0,0,0,0,0,0,0,0,0,0.0,0.0,0.0,0.0,0,0,0,0,0,0.00,0.00,0.00,0.00,0,False,412,36,2025-26,Vitor de Oliveira Nunes dos Reis,13,5,True
0,0,0,0,0,0,0,0,0,0,0,0,0,0.0,0.0,0.0,0.0,0,0,0,0,0,0.00,0.00,0.00,0.00,0,False,412,36,2025-26,Vitor de Oliveira Nunes dos Reis,13,8,True
108,2,0,1,0,0,0,0,1,0,0,1,53,70.6,13.3,46.0,13.0,0,5,1,6,1,0.44,0.09,0.53,0.65,14,True,413,36,2025-26,Omar Marmoush,13,5,True
108,2,0,1,0,0,0,0,1,0,0,1,53,70.6,13.3,46.0,13.0,0,5,1,6,1,0.44,0.09,0.53,0.65,14,True,413,36,2025-26,Omar Marmoush,13,8,True
111,0,2,1,0,0,0,0,0,0,0,3,48,57.2,73.4,62.0,19.3,1,8,4,13,1,0.68,0.60,1.28,0.65,13,True,414,36,2025-26,Phil Foden,13,5,True
111,0,2,1,0,0,0,0,0,0,0,3,48,57.2,73.4,62.0,19.3,1,8,4,13,1,0.68,0.60,1.28,0.65,13,True,414,36,2025-26,Phil Foden,13,8,True
91,1,0,1,0,0,0,0,0,0,0,1,29,42.0,13.3,29.0,8.4,0,2,2,4,1,0.48,0.10,0.58,0.80,10,False,415,36,2025-26,Sávio Moreira de Oliveira,13,5,True
91,1,0,1,0,0,0,0,0,0,0,1,29,42.0,13.3,29.0,8.4,0,2,2,4,1,0.48,0.10,0.58,0.80,10,False,415,36,2025-26,Sávio Moreira de Oliveira,13,8,True
168,0,0,2,0,0,0,0,1,0,0,0,27,22.0,31.9,10.0,6.4,4,13,7,24,2,0.18,0.12,0.30,0.77,7,False,416,36,2025-26,Bernardo Mota Veiga de Carvalho e Silva,13,5,True
168,0,0,2,0,0,0,0,1,0,0,0,27,22.0,31.9,10.0,6.4,4,13,7,24,2,0.18,0.12,0.30,0.77,7,False,416,36,2025-26,Bernardo Mota Veiga de Carvalho e Silva,13,8,True
70,0,1,0,0,0,0,0,0,0,0,0,22,27.8,61.0,22.0,11.1,1,2,1,4,1,0.22,0.44,0.65,0.27,5,False,417,36,2025-26,Rayan Cherki,13,5,True
70,0,1,0,0,0,0,0,0,0,0,0,22,27.8,61.0,22.0,11.1,1,2,1,4,1,0.22,0.44,0.65,0.27,5,False,417,36,2025-26,Rayan Cherki,13,8,True
121,1,0,1,0,0,0,0,0,0,0,3,56,68.0,96.6,78.0,24.3,2,2,2,6,1,0.28,0.49,0.77,0.39,12,True,418,36,2025-26,Jérémy Doku,13,5,True
121,1,0,1,0,0,0,0,0,0,0,3,56,68.0,96.6,78.0,24.3,2,2,2,6,1,0.28,0.49,0.77,0.39,12,True,418,36,2025-26,Jérémy Doku,13,8,True
0,0,0,0,0,0,0,0,0,0,0,0,0,0.0,0.0,0.0,0.0,0,0,0,0,0,0.00,0.00,0.00,0.00,0,False,419,36,2025-26,Jack Grealish,9,8,False
0,0,0,0,0,0,0,0,0,0,0,0,0,0.0,0.0,0.0,0.0,0,0,0,0,0,0.00,0.00,0.00,0.00,0,False,420,36,2025-26,İlkay Gündoğan,13,5,True
0,0,0,0,0,0,0,0,0,0,0,0,0,0.0,0.0,0.0,0.0,0,0,0,0,0,0.00,0.00,0.00,0.00,0,False,420,36,2025-26,İlkay Gündoğan,13,8,True
0,0,0,0,0,0,0,0,0,0,0,0,0,0.0,0.0,0.0,0.0,0,0,0,0,0,0.00,0.00,0.00,0.00,0,False,421,36,2025-26,Rodrigo 'Rodri' Hernandez Cascante,13,5,True
0,0,0,0,0,0,0,0,0,0,0,0,0,0.0,0.0,0.0,0.0,0,0,0,0,0,0.00,0.00,0.00,0.00,0,False,421,36,2025-26,Rodrigo 'Rodri' Hernandez Cascante,13,8,True
11,0,0,0,0,0,0,0,0,0,0,0,5,5.0,1.8,0.0,0.7,0,1,1,2,0,0.00,0.02,0.02,0.15,1,False,422,36,2025-26,Mateo Kovačić,13,5,True
11,0,0,0,0,0,0,0,0,0,0,0,5,5.0,1.8,0.0,0.7,0,1,1,2,0,0.00,0.02,0.02,0.15,1,False,422,36,2025-26,Mateo Kovačić,13,8,True
0,0,0,0,0,0,0,0,0,0,0,0,0,0.0,0.0,0.0,0.0,0,0,0,0,0,0.00,0.00,0.00,0.00,0,False,423,36,2025-26,Nico González Iglesias,13,5,True
0,0,0,0,0,0,0,0,0,0,0,0,0,0.0,0.0,0.0,0.0,0,0,0,0,0,0.00,0.00,0.00,0.00,0,False,423,36,2025-26,Nico González Iglesias,13,8,True
28,0,0,0,0,0,0,0,0,0,0,0,2,0.6,15.1,11.0,2.7,0,1,0,1,0,0.26,0.04,0.30,0.38,1,False,424,36,2025-26,Oscar Bobb,10,4,True
0,0,0,0,0,0,0,0,0,0,0,0,0,0.0,0.0,0.0,0.0,0,0,0,0,0,0.00,0.00,0.00,0.00,0,False,425,36,2025-26,Claudio Echeverri,13,5,True
0,0,0,0,0,0,0,0,0,0,0,0,0,0.0,0.0,0.0,0.0,0,0,0,0,0,0.00,0.00,0.00,0.00,0,False,425,36,2025-26,Claudio Echeverri,13,8,True
7,0,1,0,0,0,0,0,0,0,0,0,15,15.0,10.3,6.0,3.1,0,1,0,1,0,0.05,0.02,0.07,0.02,4,False,426,36,2025-26,James McAtee,16,15,True
59,0,0,0,0,0,0,0,0,0,0,0,3,0.6,2.4,7.0,1.0,1,4,0,5,1,0.11,0.03,0.14,0.12,1,False,427,36,2025-26,Tijjani Reijnders,13,5,True
59,0,0,0,0,0,0,0,0,0,0,0,3,0.6,2.4,7.0,1.0,1,4,0,5,1,0.11,0.03,0.14,0.12,1,False,427,36,2025-26,Tijjani Reijnders,13,8,True
0,0,0,0,0,0,0,0,0,0,0,0,0,0.0,0.0,0.0,0.0,0,0,0,0,0,0.00,0.00,0.00,0.00,0,False,428,36,2025-26,Sverre Nypan,13,5,True
0,0,0,0,0,0,0,0,0,0,0,0,0,0.0,0.0,0.0,0.0,0,0,0,0,0,0.00,0.00,0.00,0.00,0,False,428,36,2025-26,Sverre Nypan,13,8,True
0,0,0,0,0,0,0,0,0,0,0,0,0,0.0,0.0,0.0,0.0,0,0,0,0,0,0.00,0.00,0.00,0.00,0,False,429,36,2025-26,Kalvin Phillips,13,5,True
0,0,0,0,0,0,0,0,0,0,0,0,0,0.0,0.0,0.0,0.0,0,0,0,0,0,0.00,0.00,0.00,0.00,0,False,429,36,2025-26,Kalvin Phillips,13,8,True
90,1,1,1,0,0,0,0,0,0,0,2,39,59.2,21.5,106.0,18.7,0,1,0,1,1,1.22,0.09,1.31,0.24,11,True,430,36,2025-26,Erling Haaland,13,5,True
90,1,1,1,0,0,0,0,0,0,0,2,39,59.2,21.5,106.0,18.7,0,1,0,1,1,1.22,0.09,1.31,0.24,11,True,430,36,2025-26,Erling Haaland,13,8,True
0,0,0,0,0,0,0,0,0,0,0,0,0,0.0,0.0,0.0,0.0,0,0,0,0,0,0.00,0.00,0.00,0.00,0,False,431,36,2025-26,Altay Bayındır,14,17,False
0,0,0,0,0,0,0,0,0,0,0,0,0,0.0,0.0,0.0,0.0,0,0,0,0,0,0.00,0.00,0.00,0.00,0,False,432,36,2025-26,André Onana,14,17,False
0,0,0,0,0,0,0,0,0,0,0,0,0,0.0,0.0,0.0,0.0,0,0,0,0,0,0.00,0.00,0.00,0.00,0,False,433,36,2025-26,Elyh Harrison,14,17,False
0,0,0,0,0,0,0,0,0,0,0,0,0,0.0,0.0,0.0,0.0,0,0,0,0,0,0.00,0.00,0.00,0.00,0,False,434,36,2025-26,Tom Heaton,14,17,False
0,0,0,0,0,0,0,0,0,0,0,0,0,0.0,0.0,0.0,0.0,0,0,0,0,0,0.00,0.00,0.00,0.00,0,False,435,36,2025-26,Dermot Mee,14,17,False
0,0,0,0,0,0,0,0,0,0,0,0,0,0.0,0.0,0.0,0.0,0,0,0,0,0,0.00,0.00,0.00,0.00,0,False,436,36,2025-26,Matthijs de Ligt,14,17,False
90,0,0,1,0,0,0,0,0,0,0,0,29,18.6,1.9,0.0,2.1,4,4,2,6,1,0.00,0.02,0.02,1.25,6,False,437,36,2025-26,Lisandro Martínez,14,17,False
90,0,0,1,0,0,0,0,0,0,0,3,37,27.8,35.3,2.0,6.5,6,6,4,10,1,0.00,0.02,0.02,1.25,11,False,438,36,2025-26,Noussair Mazraoui,14,17,False
0,0,0,0,0,0,0,0,0,0,0,0,0,0.0,0.0,0.0,0.0,0,0,0,0,0,0.00,0.00,0.00,0.00,0,False,439,36,2025-26,Diego León Blanco,14,17,False
0,0,0,0,0,0,0,0,0,0,0,0,0,0.0,0.0,0.0,0.0,0,0,0,0,0,0.00,0.00,0.00,0.00,0,False,440,36,2025-26,Diogo Dalot Teixeira,14,17,False
25,0,0,0,0,0,0,0,0,0,0,0,3,0.6,11.3,2.0,1.4,0,1,0,0,0,0.00,0.06,0.06,0.10,1,False,441,36,2025-26,Patrick Dorgu,14,17,False
90,0,0,1,0,0,0,0,0,0,0,2,33,21.0,1.1,0.0,2.2,9,3,2,11,1,0.00,0.01,0.01,1.25,10,False,442,36,2025-26,Harry Maguire,14,17,False
90,0,0,1,0,0,0,0,0,0,0,0,27,10.8,6.7,2.0,2.0,3,4,1,4,1,0.00,0.11,0.11,1.25,6,False,443,36,2025-26,Luke Shaw,14,17,False
0,0,0,0,0,0,0,0,0,0,0,0,0,0.0,0.0,0.0,0.0,0,0,0,0,0,0.00,0.00,0.00,0.00,0,False,444,36,2025-26,Leny Yoro,14,17,False
0,0,0,0,0,0,0,0,0,0,0,0,0,0.0,0.0,0.0,0.0,0,0,0,0,0,0.00,0.00,0.00,0.00,0,False,445,36,2025-26,Harry Amass,14,17,False
0,0,0,0,0,0,0,0,0,0,0,0,0,0.0,0.0,0.0,0.0,0,0,0,0,0,0.00,0.00,0.00,0.00,0,False,446,36,2025-26,Tyler Fredricson,14,17,False
0,0,0,0,0,0,0,0,0,0,0,0,0,0.0,0.0,0.0,0.0,0,0,0,0,0,0.00,0.00,0.00,0.00,0,False,447,36,2025-26,Ayden Heaven,14,17,False
0,0,0,0,0,0,0,0,0,0,0,0,0,0.0,0.0,0.0,0.0,0,0,0,0,0,0.00,0.00,0.00,0.00,0,False,448,36,2025-26,Tyrell Malacia,14,17,False
90,0,0,1,0,0,0,0,0,0,0,0,12,11.4,56.5,9.0,7.7,2,6,0,8,1,0.04,0.13,0.17,1.25,3,False,449,36,2025-26,Bruno Borges Fernandes,14,17,False
90,0,0,1,0,0,0,0,1,0,0,0,14,8.4,17.5,40.0,6.6,1,4,2,7,1,0.33,0.12,0.45,1.25,2,False,450,36,2025-26,Matheus Santos Carneiro da Cunha,14,17,False
0,0,0,0,0,0,0,0,0,0,0,0,0,0.0,0.0,0.0,0.0,0,0,0,0,0,0.00,0.00,0.00,0.00,0,False,451,36,2025-26,Marcus Rashford,14,17,False
74,0,0,1,0,0,0,0,0,0,0,0,6,4.0,9.8,5.0,1.9,1,1,0,2,1,0.06,0.04,0.10,1.20,3,False,452,36,2025-26,Amad Diallo,14,17,False
0,0,0,0,0,0,0,0,0,0,0,0,0,0.0,0.0,0.0,0.0,0,0,0,0,0,0.00,0.00,0.00,0.00,0,False,453,36,2025-26,Alejandro Garnacho Ferreyra,7,12,False
0,0,0,0,0,0,0,0,0,0,0,0,0,0.0,0.0,0.0,0.0,0,0,0,0,0,0.00,0.00,0.00,0.00,0,False,454,36,2025-26,Antony dos Santos,14,17,False
90,0,0,1,0,0,0,0,1,0,0,0,7,17.2,7.3,0.0,2.5,6,5,3,14,1,0.00,0.05,0.05,1.25,4,False,455,36,2025-26,Mason Mount,14,17,False
0,0,0,0,0,0,0,0,0,0,0,0,0,0.0,0.0,0.0,0.0,0,0,0,0,0,0.00,0.00,0.00,0.00,0,False,456,36,2025-26,Jadon Sancho,2,3,False
0,0,0,0,0,0,0,0,0,0,0,0,0,0.0,0.0,0.0,0.0,0,0,0,0,0,0.00,0.00,0.00,0.00,0,False,457,36,2025-26,Carlos Henrique Casimiro,14,17,False
90,0,0,1,0,0,0,0,0,0,0,0,15,18.0,4.3,4.0,2.6,6,6,0,12,1,0.08,0.02,0.10,1.25,5,False,458,36,2025-26,Kobbie Mainoo,14,17,False
0,0,0,0,0,0,0,0,0,0,0,0,0,0.0,0.0,0.0,0.0,0,0,0,0,0,0.00,0.00,0.00,0.00,0,False,459,36,2025-26,Manuel Ugarte Ribeiro,14,17,False
0,0,0,0,0,0,0,0,0,0,0,0,0,0.0,0.0,0.0,0.0,0,0,0,0,0,0.00,0.00,0.00,0.00,0,False,460,36,2025-26,Toby Collyer,14,17,False
0,0,0,0,0,0,0,0,0,0,0,0,0,0.0,0.0,0.0,0.0,0,0,0,0,0,0.00,0.00,0.00,0.00,0,False,461,36,2025-26,Jayce Fitzgerald,14,17,False
0,0,0,0,0,0,0,0,0,0,0,0,0,0.0,0.0,0.0,0.0,0,0,0,0,0,0.00,0.00,0.00,0.00,0,False,462,36,2025-26,Jack Fletcher,14,17,False
0,0,0,0,0,0,0,0,0,0,0,0,0,0.0,0.0,0.0,0.0,0,0,0,0,0,0.00,0.00,0.00,0.00,0,False,463,36,2025-26,Sékou Koné,14,17,False
0,0,0,0,0,0,0,0,0,0,0,0,0,0.0,0.0,0.0,0.0,0,0,0,0,0,0.00,0.00,0.00,0.00,0,False,464,36,2025-26,Jack Moorhouse,14,17,False
0,0,0,0,0,0,0,0,0,0,0,0,0,0.0,0.0,0.0,0.0,0,0,0,0,0,0.00,0.00,0.00,0.00,0,False,465,36,2025-26,Rasmus Højlund,14,17,False
64,0,0,1,0,0,0,0,1,0,0,0,2,0.0,3.2,8.0,1.1,2,0,0,2,1,0.08,0.01,0.09,1.15,1,False,466,36,2025-26,Joshua Zirkzee,14,17,False
0,0,0,0,0,0,0,0,0,0,0,0,0,0.0,0.0,0.0,0.0,0,0,0,0,0,0.00,0.00,0.00,0.00,0,False,467,36,2025-26,Chido Obi,14,17,False
0,0,0,0,0,0,0,0,0,0,0,0,0,0.0,0.0,0.0,0.0,0,0,0,0,0,0.00,0.00,0.00,0.00,0,False,468,36,2025-26,Ethan Wheatley,14,17,False
90,0,0,0,1,0,0,0,0,0,5,0,17,39.8,0.0,0.0,4.0,0,4,0,0,1,0.00,0.00,0.00,1.10,3,False,469,36,2025-26,Nick Pope,15,16,False
0,0,0,0,0,0,0,0,0,0,0,0,0,0.0,0.0,0.0,0.0,0,0,0,0,0,0.00,0.00,0.00,0.00,0,False,470,36,2025-26,Martin Dúbravka,3,2,True
0,0,0,0,0,0,0,0,0,0,0,0,0,0.0,0.0,0.0,0.0,0,0,0,0,0,0.00,0.00,0.00,0.00,0,False,471,36,2025-26,Mark Gillespie,15,16,False
0,0,0,0,0,0,0,0,0,0,0,0,0,0.0,0.0,0.0,0.0,0,0,0,0,0,0.00,0.00,0.00,0.00,0,False,472,36,2025-26,Odysseas Vlachodimos,15,16,False
90,0,0,0,1,0,0,0,0,0,0,0,16,30.4,20.6,0.0,5.1,7,5,2,9,1,0.00,0.08,0.08,1.10,2,False,473,36,2025-26,Lewis Hall,15,16,False
0,0,0,0,0,0,0,0,0,0,0,0,0,0.0,0.0,0.0,0.0,0,0,0,0,0,0.00,0.00,0.00,0.00,0,False,474,36,2025-26,Fabian Schär,15,16,False
90,0,0,0,1,0,0,0,0,0,0,0,21,41.8,0.7,2.0,4.5,19,6,1,20,1,0.00,0.00,0.00,1.10,4,False,475,36,2025-26,Sven Botman,15,16,False
90,0,0,0,1,0,0,0,0,0,0,0,11,9.4,2.7,2.0,1.4,3,7,2,5,1,0.00,0.03,0.03,1.10,2,False,476,36,2025-26,Dan Burn,15,16,False
0,0,0,0,0,0,0,0,0,0,0,0,0,0.0,0.0,0.0,0.0,0,0,0,0,0,0.00,0.00,0.00,0.00,0,False,477,36,2025-26,Tino Livramento,15,16,False
1,0,0,0,0,0,0,0,0,0,0,0,5,2.0,1.0,0.0,0.3,0,0,1,1,0,0.00,0.00,0.00,0.00,1,False,478,36,2025-26,Kieran Trippier,15,16,False
0,0,0,0,0,0,0,0,0,0,0,0,0,0.0,0.0,0.0,0.0,0,0,0,0,0,0.00,0.00,0.00,0.00,0,False,479,36,2025-26,Emil Krafth,15,16,False
0,0,0,0,0,0,0,0,0,0,0,0,0,0.0,0.0,0.0,0.0,0,0,0,0,0,0.00,0.00,0.00,0.00,0,False,480,36,2025-26,Jamaal Lascelles,15,16,False
0,0,0,0,0,0,0,0,0,0,0,0,0,0.0,0.0,0.0,0.0,0,0,0,0,0,0.00,0.00,0.00,0.00,0,False,481,36,2025-26,Alex Murphy,15,16,False
0,0,0,0,0,0,0,0,0,0,0,0,0,0.0,0.0,0.0,0.0,0,0,0,0,0,0.00,0.00,0.00,0.00,0,False,482,36,2025-26,Harrison Ashby,15,16,False
0,0,0,0,0,0,0,0,0,0,0,0,0,0.0,0.0,0.0,0.0,0,0,0,0,0,0.00,0.00,0.00,0.00,0,False,483,36,2025-26,Miodrag Pivaš,15,16,False
0,0,0,0,0,0,0,0,0,0,0,0,0,0.0,0.0,0.0,0.0,0,0,0,0,0,0.00,0.00,0.00,0.00,0,False,484,36,2025-26,Matt Targett,15,16,False
0,0,0,0,0,0,0,0,0,0,0,0,0,0.0,0.0,0.0,0.0,0,0,0,0,0,0.00,0.00,0.00,0.00,0,False,485,36,2025-26,Anthony Gordon,15,16,False
0,0,0,0,0,0,0,0,0,0,0,0,0,0.0,0.0,0.0,0.0,0,0,0,0,0,0.00,0.00,0.00,0.00,0,False,486,36,2025-26,Anthony Elanga,15,16,False
29,1,0,0,1,0,0,0,0,0,0,1,25,37.6,15.3,17.0,7.0,0,1,0,1,0,0.29,0.11,0.40,0.52,7,False,487,36,2025-26,Harvey Barnes,15,16,False
90,0,0,0,1,0,0,0,0,0,0,2,26,32.2,44.8,56.0,13.3,5,7,2,14,1,0.40,0.42,0.82,1.10,6,False,488,36,2025-26,Bruno Guimarães Rodriguez Moura,15,16,False
60,0,0,1,0,0,0,0,0,0,0,0,2,4.8,2.5,8.0,1.5,1,0,0,1,1,0.00,0.02,0.02,0.58,3,False,489,36,2025-26,Jacob Murphy,15,16,False
90,0,0,0,1,0,0,0,0,0,0,0,16,14.0,30.4,14.0,5.8,1,6,4,11,1,0.10,0.19,0.29,1.10,2,False,490,36,2025-26,Joelinton Cássio Apolinário de Lira,15,16,False
90,0,0,0,1,0,0,0,0,0,0,0,14,10.8,21.0,8.0,4.0,4,5,1,10,1,0.06,0.10,0.16,1.10,2,False,491,36,2025-26,Sandro Tonali,15,16,False
0,0,0,0,0,0,0,0,0,0,0,0,0,0.0,0.0,0.0,0.0,0,0,0,0,0,0.00,0.00,0.00,0.00,0,False,492,36,2025-26,Antoñito Cordero Campillo,15,16,False
1,0,0,0,0,0,0,0,0,0,0,0,2,3.2,8.3,24.0,3.6,1,1,0,2,0,0.25,0.02,0.27,0.10,1,False,493,36,2025-26,Sean Longstaff,11,18,False
0,0,0,0,0,0,0,0,0,0,0,0,0,0.0,0.0,0.0,0.0,0,0,0,0,0,0.00,0.00,0.00,0.00,0,False,494,36,2025-26,Joe Willock,15,16,False
0,0,0,0,0,0,0,0,0,0,0,0,0,0.0,0.0,0.0,0.0,0,0,0,0,0,0.00,0.00,0.00,0.00,0,False,495,36,2025-26,Isaac Hayden,15,16,False
0,0,0,0,0,0,0,0,0,0,0,0,0,0.0,0.0,0.0,0.0,0,0,0,0,0,0.00,0.00,0.00,0.00,0,False,496,36,2025-26,Garang Kuol,15,16,False
0,0,0,0,0,0,0,0,0,0,0,0,0,0.0,0.0,0.0,0.0,0,0,0,0,0,0.00,0.00,0.00,0.00,0,False,497,36,2025-26,Lewis Miley,15,16,False
0,0,0,0,0,0,0,0,0,0,0,0,0,0.0,0.0,0.0,0.0,0,0,0,0,0,0.00,0.00,0.00,0.00,0,False,498,36,2025-26,Joe White,15,16,False
23,0,0,0,0,0,0,0,0,0,0,0,4,2.2,0.3,8.0,1.1,0,1,1,2,0,0.00,0.01,0.01,0.09,1,False,499,36,2025-26,Alexander Isak,12,7,True
70,0,0,1,0,0,0,0,0,0,0,0,5,2.4,11.1,33.0,4.7,0,1,1,2,1,0.57,0.01,0.58,0.58,2,False,500,36,2025-26,William Osula,15,16,False
0,0,0,0,0,0,0,0,0,0,0,0,0,0.0,0.0,0.0,0.0,0,0,0,0,0,0.00,0.00,0.00,0.00,0,False,501,36,2025-26,Sean Neave,15,16,False
90,0,0,0,1,0,0,0,0,0,5,0,19,38.6,0.0,0.0,3.9,0,9,0,0,1,0.00,0.00,0.00,1.48,3,False,502,36,2025-26,Matz Sels,16,15,True
0,0,0,0,0,0,0,0,0,0,0,0,0,0.0,0.0,0.0,0.0,0,0,0,0,0,0.00,0.00,0.00,0.00,0,False,503,36,2025-26,Carlos Miguel dos Santos Pereira,16,15,True
0,0,0,0,0,0,0,0,0,0,0,0,0,0.0,0.0,0.0,0.0,0,0,0,0,0,0.00,0.00,0.00,0.00,0,False,504,36,2025-26,Matt Turner,16,15,True
90,0,0,0,1,0,0,0,0,0,0,0,8,23.8,3.6,0.0,2.7,8,5,1,9,1,0.00,0.00,0.00,1.48,2,False,505,36,2025-26,Nikola Milenković,16,15,True
0,0,0,0,0,0,0,0,0,0,0,0,0,0.0,0.0,0.0,0.0,0,0,0,0,0,0.00,0.00,0.00,0.00,0,False,506,36,2025-26,Murillo Costa dos Santos,16,15,True
0,0,0,0,0,0,0,0,0,0,0,0,0,0.0,0.0,0.0,0.0,0,0,0,0,0,0.00,0.00,0.00,0.00,0,False,507,36,2025-26,Ola Aina,16,15,True
90,0,0,0,1,0,0,0,0,0,0,0,14,20.0,15.8,2.0,3.8,6,4,3,9,1,0.04,0.02,0.06,1.48,2,False,508,36,2025-26,Neco Williams,16,15,True
0,0,0,0,0,0,0,0,0,0,0,0,0,0.0,0.0,0.0,0.0,0,0,0,0,0,0.00,0.00,0.00,0.00,0,False,509,36,2025-26,David Mota Veiga Teixeira do Carmo,16,15,True
90,0,0,0,1,0,0,0,0,0,0,0,8,17.8,1.8,17.0,3.7,6,4,3,9,1,0.13,0.01,0.14,1.48,2,False,510,36,2025-26,Jair Paula da Cunha Filho,16,15,True
90,0,0,0,1,0,0,0,0,0,0,0,10,25.0,12.4,0.0,3.7,8,3,1,9,1,0.00,0.07,0.07,1.48,2,False,511,36,2025-26,Felipe Rodrigues da Silva,16,15,True
0,0,0,0,0,0,0,0,0,0,0,0,0,0.0,0.0,0.0,0.0,0,0,0,0,0,0.00,0.00,0.00,0.00,0,False,512,36,2025-26,Omar Richards,16,15,True
0,0,0,0,0,0,0,0,0,0,0,0,0,0.0,0.0,0.0,0.0,0,0,0,0,0,0.00,0.00,0.00,0.00,0,False,513,36,2025-26,Zach Abbott,16,15,True
0,0,0,0,0,0,0,0,0,0,0,0,0,0.0,0.0,0.0,0.0,0,0,0,0,0,0.00,0.00,0.00,0.00,0,False,514,36,2025-26,Willy Boly,16,15,True
0,0,0,0,0,0,0,0,0,0,0,0,0,0.0,0.0,0.0,0.0,0,0,0,0,0,0.00,0.00,0.00,0.00,0,False,515,36,2025-26,Morgan Gibbs-White,16,15,True
0,0,0,0,0,0,0,0,0,0,0,0,0,0.0,0.0,0.0,0.0,0,0,0,0,0,0.00,0.00,0.00,0.00,0,False,516,36,2025-26,Callum Hudson-Odoi,16,15,True
90,1,0,0,1,0,0,0,0,0,0,3,30,36.6,4.8,35.0,7.6,1,10,1,12,1,0.13,0.03,0.16,1.48,12,True,517,36,2025-26,Elliot Anderson,16,15,True
0,0,0,0,0,0,0,0,0,0,0,0,0,0.0,0.0,0.0,0.0,0,0,0,0,0,0.00,0.00,0.00,0.00,0,False,518,36,2025-26,João Pedro Ferreira da Silva,16,15,True
45,0,0,0,0,0,0,0,0,0,0,0,4,5.2,0.7,0.0,0.6,1,2,2,5,1,0.00,0.00,0.00,0.57,1,False,519,36,2025-26,Nicolás Domínguez,16,15,True
0,0,0,0,0,0,0,0,0,0,0,0,0,0.0,0.0,0.0,0.0,0,0,0,0,0,0.00,0.00,0.00,0.00,0,False,520,36,2025-26,Lewis O'Brien,16,15,True
0,0,0,0,0,0,0,0,0,0,0,0,0,0.0,0.0,0.0,0.0,0,0,0,0,0,0.00,0.00,0.00,0.00,0,False,521,36,2025-26,Ibrahim Sangaré,16,15,True
45,0,0,0,1,0,0,0,1,0,0,0,0,0.8,11.7,10.0,2.3,1,1,0,2,0,0.12,0.14,0.26,0.91,0,False,522,36,2025-26,Ryan Yates,16,15,True
0,0,0,0,0,0,0,0,0,0,0,0,0,0.0,0.0,0.0,0.0,0,0,0,0,0,0.00,0.00,0.00,0.00,0,False,523,36,2025-26,Eric da Silva Moreira,16,15,True
0,0,0,0,0,0,0,0,0,0,0,0,0,0.0,0.0,0.0,0.0,0,0,0,0,0,0.00,0.00,0.00,0.00,0,False,524,36,2025-26,Marko Stamenić,16,15,True
17,0,0,0,1,0,0,0,0,0,0,0,2,0.0,2.6,4.0,0.6,0,0,0,0,0,0.00,0.07,0.07,0.31,1,False,525,36,2025-26,Chris Wood,16,15,True
82,0,0,0,1,0,0,0,1,0,0,0,8,15.8,20.7,55.0,9.2,1,4,1,6,1,0.29,0.00,0.29,1.46,1,False,526,36,2025-26,Igor Jesus Maciel da Cruz,16,15,True
72,0,0,1,0,0,0,0,0,0,0,0,10,2.0,12.2,17.0,3.1,0,3,0,3,1,0.15,0.02,0.17,1.16,2,False,527,36,2025-26,Taiwo Awoniyi,16,15,True
0,0,0,0,0,0,0,0,0,0,0,0,0,0.0,0.0,0.0,0.0,0,0,0,0,0,0.00,0.00,0.00,0.00,0,False,528,36,2025-26,Anthony Patterson,17,14,True
0,0,0,0,0,0,0,0,0,0,0,0,0,0.0,0.0,0.0,0.0,0,0,0,0,0,0.00,0.00,0.00,0.00,0,False,529,36,2025-26,Simon Moore,17,14,True
0,0,0,0,0,0,0,0,0,0,0,0,0,0.0,0.0,0.0,0.0,0,0,0,0,0,0.00,0.00,0.00,0.00,0,False,530,36,2025-26,Blondy Nna Noukeu,17,14,True
0,0,0,0,0,0,0,0,0,0,0,0,0,0.0,0.0,0.0,0.0,0,0,0,0,0,0.00,0.00,0.00,0.00,0,False,531,36,2025-26,Daniel Ballard,17,14,True
89,0,0,1,0,0,0,0,0,0,0,0,25,7.4,29.0,4.0,4.0,1,4,0,1,1,0.02,0.10,0.12,0.35,6,False,532,36,2025-26,Trai Hume,17,14,True
0,0,0,0,0,0,0,0,0,0,0,0,0,0.0,0.0,0.0,0.0,0,0,0,0,0,0.00,0.00,0.00,0.00,0,False,533,36,2025-26,Aji Alese,17,14,True
0,0,0,0,0,0,0,0,0,0,0,0,0,0.0,0.0,0.0,0.0,0,0,0,0,0,0.00,0.00,0.00,0.00,0,False,534,36,2025-26,Joe Anderson,17,14,True
0,0,0,0,0,0,0,0,0,0,0,0,0,0.0,0.0,0.0,0.0,0,0,0,0,0,0.00,0.00,0.00,0.00,0,False,535,36,2025-26,Dennis Cirkin,17,14,True
0,0,0,0,0,0,0,0,0,0,0,0,0,0.0,0.0,0.0,0.0,0,0,0,0,0,0.00,0.00,0.00,0.00,0,False,536,36,2025-26,Leo Fuhr Hjelde,17,14,True
0,0,0,0,0,0,0,0,0,0,0,0,0,0.0,0.0,0.0,0.0,0,0,0,0,0,0.00,0.00,0.00,0.00,0,False,537,36,2025-26,Niall Huggins,17,14,True
0,0,0,0,0,0,0,0,0,0,0,0,0,0.0,0.0,0.0,0.0,0,0,0,0,0,0.00,0.00,0.00,0.00,0,False,538,36,2025-26,Zak Johnson,17,14,True
0,0,0,0,0,0,0,0,0,0,0,0,0,0.0,0.0,0.0,0.0,0,0,0,0,0,0.00,0.00,0.00,0.00,0,False,539,36,2025-26,Luke O'Nien,17,14,True
0,0,0,0,0,0,0,0,0,0,0,0,0,0.0,0.0,0.0,0.0,0,0,0,0,0,0.00,0.00,0.00,0.00,0,False,540,36,2025-26,Timothée Pembélé,17,14,True
90,0,0,1,0,0,0,0,0,0,0,0,32,22.0,1.7,0.0,2.4,8,4,2,10,1,0.00,0.01,0.01,0.62,8,False,541,36,2025-26,Reinildo Mandava,17,14,True
0,0,0,0,0,0,0,0,0,0,0,0,0,0.0,0.0,0.0,0.0,0,0,0,0,0,0.00,0.00,0.00,0.00,0,False,542,36,2025-26,Jenson Seelt,17,14,True
0,0,0,0,0,0,0,0,0,0,0,0,0,0.0,0.0,0.0,0.0,0,0,0,0,0,0.00,0.00,0.00,0.00,0,False,543,36,2025-26,Simon Adingra,17,14,True
0,0,0,0,0,0,0,0,0,0,0,0,0,0.0,0.0,0.0,0.0,0,0,0,0,0,0.00,0.00,0.00,0.00,0,False,544,36,2025-26,Habib Diarra,17,14,True
0,0,0,0,0,0,0,0,0,0,0,0,0,0.0,0.0,0.0,0.0,0,0,0,0,0,0.00,0.00,0.00,0.00,0,False,545,36,2025-26,Patrick Roberts,17,14,True
0,0,0,0,0,0,0,0,0,0,0,0,0,0.0,0.0,0.0,0.0,0,0,0,0,0,0.00,0.00,0.00,0.00,0,False,546,36,2025-26,Milan Aleksić,17,14,True
90,0,0,1,0,0,0,0,0,0,0,0,19,16.4,51.9,13.0,8.1,1,5,2,8,1,0.26,0.35,0.61,0.62,3,False,547,36,2025-26,Enzo Le Fée,17,14,True
0,0,0,0,0,0,0,0,0,0,0,0,0,0.0,0.0,0.0,0.0,0,0,0,0,0,0.00,0.00,0.00,0.00,0,False,548,36,2025-26,Romaine Mundle,17,14,True
0,0,0,0,0,0,0,0,0,0,0,0,0,0.0,0.0,0.0,0.0,0,0,0,0,0,0.00,0.00,0.00,0.00,0,False,549,36,2025-26,Dan Neil,17,14,True
0,0,0,0,0,0,0,0,0,0,0,0,0,0.0,0.0,0.0,0.0,0,0,0,0,0,0.00,0.00,0.00,0.00,0,False,550,36,2025-26,Ian Poveda-Ocampo,17,14,True
0,0,0,0,0,0,0,0,0,0,0,0,0,0.0,0.0,0.0,0.0,0,0,0,0,0,0.00,0.00,0.00,0.00,0,False,551,36,2025-26,Chris Rigg,17,14,True
90,0,0,1,0,0,0,0,0,0,0,0,15,12.4,6.2,30.0,4.9,3,9,0,12,1,0.43,0.02,0.45,0.62,5,False,552,36,2025-26,Noah Sadiki,17,14,True
78,0,0,1,0,0,0,0,0,0,0,0,0,1.6,3.4,7.0,1.2,1,3,1,5,1,0.05,0.04,0.09,0.35,3,False,553,36,2025-26,Chemsdine Talbi,17,14,True
0,0,0,0,0,0,0,0,0,0,0,0,0,0.0,0.0,0.0,0.0,0,0,0,0,0,0.00,0.00,0.00,0.00,0,False,554,36,2025-26,Abdoullah Ba,17,14,True
0,0,0,0,0,0,0,0,0,0,0,0,0,0.0,0.0,0.0,0.0,0,0,0,0,0,0.00,0.00,0.00,0.00,0,False,555,36,2025-26,Alan Browne,17,14,True
0,0,0,0,0,0,0,0,0,0,0,0,0,0.0,0.0,0.0,0.0,0,0,0,0,0,0.00,0.00,0.00,0.00,0,False,556,36,2025-26,Pierre Ekwah Elimby,17,14,True
0,0,0,0,0,0,0,0,0,0,0,0,0,0.0,0.0,0.0,0.0,0,0,0,0,0,0.00,0.00,0.00,0.00,0,False,557,36,2025-26,Harrison Jones,17,14,True
0,0,0,0,0,0,0,0,0,0,0,0,0,0.0,0.0,0.0,0.0,0,0,0,0,0,0.00,0.00,0.00,0.00,0,False,558,36,2025-26,Jay Matete,17,14,True
0,0,0,0,0,0,0,0,0,0,0,0,0,0.0,0.0,0.0,0.0,0,0,0,0,0,0.00,0.00,0.00,0.00,0,False,559,36,2025-26,Nectarios Triantis,17,14,True
0,0,0,0,0,0,0,0,0,0,0,0,0,0.0,0.0,0.0,0.0,0,0,0,0,0,0.00,0.00,0.00,0.00,0,False,560,36,2025-26,Wilson Isidor,17,14,True
1,0,0,0,0,0,0,0,0,0,0,0,3,0.0,0.0,0.0,0.0,0,0,0,0,0,0.00,0.00,0.00,0.27,1,False,561,36,2025-26,Eliezer Mayenda Dossou,17,14,True
0,0,0,0,0,0,0,0,0,0,0,0,0,0.0,0.0,0.0,0.0,0,0,0,0,0,0.00,0.00,0.00,0.00,0,False,562,36,2025-26,Ahmed Abdullahi,17,14,True
0,0,0,0,0,0,0,0,0,0,0,0,0,0.0,0.0,0.0,0.0,0,0,0,0,0,0.00,0.00,0.00,0.00,0,False,563,36,2025-26,Luís Hemir Silva Semedo,17,14,True
0,0,0,0,0,0,0,0,0,0,0,0,0,0.0,0.0,0.0,0.0,0,0,0,0,0,0.00,0.00,0.00,0.00,0,False,564,36,2025-26,Nazarii Rusyn,17,14,True
0,0,0,0,0,0,0,0,0,0,0,0,0,0.0,0.0,0.0,0.0,0,0,0,0,0,0.00,0.00,0.00,0.00,0,False,565,36,2025-26,Guglielmo Vicario,18,11,True
0,0,0,0,0,0,0,0,0,0,0,0,0,0.0,0.0,0.0,0.0,0,0,0,0,0,0.00,0.00,0.00,0.00,0,False,566,36,2025-26,Brandon Austin,18,11,True
90,0,0,0,1,0,0,0,0,0,3,0,12,28.8,0.0,0.0,2.9,1,4,0,0,1,0.00,0.00,0.00,1.34,3,False,567,36,2025-26,Antonín Kinský,18,11,True
90,0,0,0,1,0,0,0,1,0,0,0,13,31.6,52.7,5.0,8.9,5,7,4,9,1,0.08,0.39,0.47,1.34,1,False,568,36,2025-26,Pedro Porro Sauceda,18,11,True
0,0,0,0,0,0,0,0,0,0,0,0,0,0.0,0.0,0.0,0.0,0,0,0,0,0,0.00,0.00,0.00,0.00,0,False,569,36,2025-26,Cristian Romero,18,11,True
90,0,0,0,1,0,0,0,1,0,0,0,7,21.4,12.1,4.0,3.8,9,2,1,10,1,0.04,0.02,0.06,1.34,3,False,570,36,2025-26,Kevin Danso,18,11,True
0,0,0,0,0,0,0,0,0,0,0,0,0,0.0,0.0,0.0,0.0,0,0,0,0,0,0.00,0.00,0.00,0.00,0,False,571,36,2025-26,Ben Davies,18,11,True
0,0,0,0,0,0,0,0,0,0,0,0,0,0.0,0.0,0.0,0.0,0,0,0,0,0,0.00,0.00,0.00,0.00,0,False,572,36,2025-26,Radu Drăgușin,18,11,True
5,0,0,0,0,0,0,0,0,0,0,0,3,0.4,0.4,2.0,0.3,0,1,0,0,0,0.00,0.00,0.00,0.25,1,False,573,36,2025-26,Djed Spence,18,11,True
84,0,0,0,1,0,0,0,0,0,0,0,10,10.2,3.1,2.0,1.5,5,3,2,7,1,0.00,0.01,0.01,1.10,2,False,574,36,2025-26,Destiny Udogie,18,11,True
90,0,0,0,1,0,0,0,0,0,0,0,12,7.8,0.3,2.0,1.0,3,4,1,4,1,0.00,0.00,0.00,1.34,2,False,575,36,2025-26,Micky van de Ven,18,11,True
0,0,0,0,0,0,0,0,0,0,0,0,0,0.0,0.0,0.0,0.0,0,0,0,0,0,0.00,0.00,0.00,0.00,0,False,576,36,2025-26,Ashley Phillips,18,11,True
0,0,0,0,0,0,0,0,0,0,0,0,0,0.0,0.0,0.0,0.0,0,0,0,0,0,0.00,0.00,0.00,0.00,0,False,577,36,2025-26,Takai Kōta,18,11,True
0,0,0,0,0,0,0,0,0,0,0,0,0,0.0,0.0,0.0,0.0,0,0,0,0,0,0.00,0.00,0.00,0.00,0,False,578,36,2025-26,Luka Vušković,18,11,True
0,0,0,0,0,0,0,0,0,0,0,0,0,0.0,0.0,0.0,0.0,0,0,0,0,0,0.00,0.00,0.00,0.00,0,False,579,36,2025-26,Son Heung-min,18,11,True
153,0,0,0,4,0,0,0,0,0,0,0,17,16.0,40.8,2.0,5.9,3,3,3,9,2,0.00,0.19,0.19,2.22,4,False,580,36,2025-26,Brennan Johnson,8,9,True
153,0,0,0,4,0,0,0,0,0,0,0,17,16.0,40.8,2.0,5.9,3,3,3,9,2,0.00,0.19,0.19,2.22,4,False,580,36,2025-26,Brennan Johnson,8,13,False
5,0,0,0,0,0,0,0,0,0,0,0,2,1.4,5.3,4.0,1.1,0,1,0,1,0,0.00,0.04,0.04,0.25,1,False,581,36,2025-26,James Maddison,18,11,True
0,0,0,0,0,0,0,0,0,0,0,0,0,0.0,0.0,0.0,0.0,0,0,0,0,0,0.00,0.00,0.00,0.00,0,False,582,36,2025-26,Mohammed Kudus,18,11,True
0,0,0,0,0,0,0,0,0,0,0,0,0,0.0,0.0,0.0,0.0,0,0,0,0,0,0.00,0.00,0.00,0.00,0,False,583,36,2025-26,Dejan Kulusevski,18,11,True
84,1,0,0,1,0,0,0,0,0,0,2,26,33.4,24.3,14.0,7.2,1,3,0,4,1,0.10,0.12,0.22,1.10,9,False,584,36,2025-26,Mathys Tel,18,11,True
80,0,0,0,1,0,0,0,0,0,0,1,17,17.0,12.7,13.0,4.3,4,5,5,14,1,0.21,0.01,0.22,1.07,5,False,585,36,2025-26,Rodrigo Bentancur,18,11,True
9,0,0,0,0,0,0,0,0,0,0,0,3,0.0,0.7,6.0,0.6,0,0,0,0,0,0.05,0.00,0.05,0.27,1,False,586,36,2025-26,Lucas Bergvall,18,11,True
0,0,0,0,0,0,0,0,0,0,0,0,0,0.0,0.0,0.0,0.0,0,0,0,0,0,0.00,0.00,0.00,0.00,0,False,587,36,2025-26,Yves Bissouma,18,11,True
0,0,0,0,0,0,0,0,0,0,0,0,0,0.0,0.0,0.0,0.0,0,0,0,0,0,0.00,0.00,0.00,0.00,0,False,588,36,2025-26,Wilson Odobert,18,11,True
0,0,0,0,0,0,0,0,0,0,0,0,0,0.0,0.0,0.0,0.0,0,0,0,0,0,0.00,0.00,0.00,0.00,0,False,589,36,2025-26,Manor Solomon,18,11,True
0,0,0,0,0,0,0,0,0,0,0,0,0,0.0,0.0,0.0,0.0,0,0,0,0,0,0.00,0.00,0.00,0.00,0,False,590,36,2025-26,Bryan Gil Salvatierra,18,11,True
0,0,0,0,0,0,0,0,0,0,0,0,0,0.0,0.0,0.0,0.0,0,0,0,0,0,0.00,0.00,0.00,0.00,0,False,591,36,2025-26,Archie Gray,18,11,True
0,0,0,0,0,0,0,0,0,0,0,0,0,0.0,0.0,0.0,0.0,0,0,0,0,0,0.00,0.00,0.00,0.00,0,False,592,36,2025-26,Mikey Moore,18,11,True
0,0,0,0,0,0,0,0,0,0,0,0,0,0.0,0.0,0.0,0.0,0,0,0,0,0,0.00,0.00,0.00,0.00,0,False,593,36,2025-26,Pape Matar Sarr,18,11,True
0,0,0,0,0,0,0,0,0,0,0,0,0,0.0,0.0,0.0,0.0,0,0,0,0,0,0.00,0.00,0.00,0.00,0,False,594,36,2025-26,Yang Min-hyeok,18,11,True
0,0,0,0,0,0,0,0,0,0,0,0,0,0.0,0.0,0.0,0.0,0,0,0,0,0,0.00,0.00,0.00,0.00,0,False,595,36,2025-26,Callum Olusesi,18,11,True
0,0,0,0,0,0,0,0,0,0,0,0,0,0.0,0.0,0.0,0.0,0,0,0,0,0,0.00,0.00,0.00,0.00,0,False,596,36,2025-26,Dominic Solanke-Mitchell,18,11,True
90,0,0,0,1,0,0,0,0,0,0,0,1,5.8,13.3,38.0,5.7,2,2,0,4,1,0.53,0.06,0.59,1.34,2,False,597,36,2025-26,Richarlison de Andrade,18,11,True
0,0,0,0,0,0,0,0,0,0,0,0,0,0.0,0.0,0.0,0.0,0,0,0,0,0,0.00,0.00,0.00,0.00,0,False,598,36,2025-26,Will Lankshear,18,11,True
0,0,0,0,0,0,0,0,0,0,0,0,0,0.0,0.0,0.0,0.0,0,0,0,0,0,0.00,0.00,0.00,0.00,0,False,599,36,2025-26,Dane Scarlett,18,11,True
0,0,0,0,0,0,0,0,0,0,0,0,0,0.0,0.0,0.0,0.0,0,0,0,0,0,0.00,0.00,0.00,0.00,0,False,600,36,2025-26,Alphonse Areola,19,1,True
0,0,0,0,0,0,0,0,0,0,0,0,0,0.0,0.0,0.0,0.0,0,0,0,0,0,0.00,0.00,0.00,0.00,0,False,601,36,2025-26,Wes Foderingham,19,1,True
0,0,0,0,0,0,0,0,0,0,0,0,0,0.0,0.0,0.0,0.0,0,0,0,0,0,0.00,0.00,0.00,0.00,0,False,602,36,2025-26,Krisztián Hegyi,19,1,True
90,0,0,0,1,0,0,0,0,0,0,0,8,13.8,15.6,0.0,2.9,3,7,2,5,1,0.00,0.01,0.01,1.18,2,False,603,36,2025-26,El Hadji Malick Diouf,19,1,True
0,0,0,0,0,0,0,0,0,0,0,0,0,0.0,0.0,0.0,0.0,0,0,0,0,0,0.00,0.00,0.00,0.00,0,False,604,36,2025-26,Emerson Palmieri dos Santos,19,1,True
0,0,0,0,0,0,0,0,0,0,0,0,0,0.0,0.0,0.0,0.0,0,0,0,0,0,0.00,0.00,0.00,0.00,0,False,605,36,2025-26,Maximilian Kilman,19,1,True
90,0,0,0,1,0,0,0,0,0,0,0,26,30.4,10.6,8.0,4.9,12,2,1,13,1,0.02,0.04,0.06,1.18,4,False,606,36,2025-26,Konstantinos Mavropanos,19,1,True
0,0,0,0,0,0,0,0,0,0,0,0,0,0.0,0.0,0.0,0.0,0,0,0,0,0,0.00,0.00,0.00,0.00,0,False,607,36,2025-26,Nayef Aguerd,19,1,True
0,0,0,0,0,0,0,0,0,0,0,0,0,0.0,0.0,0.0,0.0,0,0,0,0,0,0.00,0.00,0.00,0.00,0,False,608,36,2025-26,Ollie Scarles,19,1,True
90,0,0,0,1,0,0,0,1,0,0,0,0,9.0,0.8,2.0,1.2,4,2,0,4,1,0.00,0.01,0.01,1.18,1,False,609,36,2025-26,Jean-Clair Todibo,19,1,True
90,0,0,0,1,0,0,0,0,0,0,0,9,9.6,13.4,0.0,2.3,4,4,1,5,1,0.00,0.05,0.05,1.18,2,False,610,36,2025-26,Aaron Wan-Bissaka,19,1,True
0,0,0,0,0,0,0,0,0,0,0,0,0,0.0,0.0,0.0,0.0,0,0,0,0,0,0.00,0.00,0.00,0.00,0,False,611,36,2025-26,Kaelan Casey,19,1,True
0,0,0,0,0,0,0,0,0,0,0,0,0,0.0,0.0,0.0,0.0,0,0,0,0,0,0.00,0.00,0.00,0.00,0,False,612,36,2025-26,Lucas Tolentino Coelho de Lima,19,1,True
90,0,0,0,1,0,0,0,0,0,0,0,9,4.2,1.4,2.0,0.8,2,2,1,5,1,0.00,0.01,0.01,1.18,2,False,613,36,2025-26,Tomáš Souček,19,1,True
3,0,0,0,0,0,0,0,0,0,0,0,3,0.4,0.3,0.0,0.1,0,0,0,0,0,0.00,0.00,0.00,0.10,1,False,614,36,2025-26,James Ward-Prowse,3,2,True
90,0,0,0,1,0,0,0,1,0,0,0,6,7.6,0.7,8.0,1.6,1,3,2,6,1,0.07,0.00,0.07,1.18,1,False,615,36,2025-26,Crysencio Summerville,19,1,True
0,0,0,0,0,0,0,0,0,0,0,0,0,0.0,0.0,0.0,0.0,0,0,0,0,0,0.00,0.00,0.00,0.00,0,False,616,36,2025-26,Edson Álvarez Velázquez,19,1,True
0,0,0,0,0,0,0,0,0,0,0,0,0,0.0,0.0,0.0,0.0,0,0,0,0,0,0.00,0.00,0.00,0.00,0,False,617,36,2025-26,Maxwel Cornet,19,1,True
0,0,0,0,0,0,0,0,0,0,0,0,0,0.0,0.0,0.0,0.0,0,0,0,0,0,0.00,0.00,0.00,0.00,0,False,618,36,2025-26,Guido Rodríguez,19,1,True
0,0,0,0,0,0,0,0,0,0,0,0,0,0.0,0.0,0.0,0.0,0,0,0,0,0,0.00,0.00,0.00,0.00,0,False,619,36,2025-26,Luis Guilherme Lira dos Santos,19,1,True
0,0,0,0,0,0,0,0,0,0,0,0,0,0.0,0.0,0.0,0.0,0,0,0,0,0,0.00,0.00,0.00,0.00,0,False,620,36,2025-26,George Earthy,19,1,True
0,0,0,0,0,0,0,0,0,0,0,0,0,0.0,0.0,0.0,0.0,0,0,0,0,0,0.00,0.00,0.00,0.00,0,False,621,36,2025-26,Andy Irving,19,1,True
0,0,0,0,0,0,0,0,0,0,0,0,0,0.0,0.0,0.0,0.0,0,0,0,0,0,0.00,0.00,0.00,0.00,0,False,622,36,2025-26,Lewis Orford,19,1,True
0,0,0,0,0,0,0,0,0,0,0,0,0,0.0,0.0,0.0,0.0,0,0,0,0,0,0.00,0.00,0.00,0.00,0,False,623,36,2025-26,Freddie Potts,19,1,True
90,0,0,0,1,0,0,0,0,0,0,0,11,13.8,18.3,11.0,4.3,1,1,1,3,1,0.13,0.07,0.20,1.18,2,False,624,36,2025-26,Jarrod Bowen,19,1,True
0,0,0,0,0,0,0,0,0,0,0,0,0,0.0,0.0,0.0,0.0,0,0,0,0,0,0.00,0.00,0.00,0.00,0,False,625,36,2025-26,Niclas Füllkrug,19,1,True
0,0,0,0,0,0,0,0,0,0,0,0,0,0.0,0.0,0.0,0.0,0,0,0,0,0,0.00,0.00,0.00,0.00,0,False,626,36,2025-26,Callum Marshall,19,1,True
0,0,0,0,0,0,0,0,0,0,0,0,0,0.0,0.0,0.0,0.0,0,0,0,0,0,0.00,0.00,0.00,0.00,0,False,627,36,2025-26,Sam Johnstone,20,6,False
0,0,0,0,0,0,0,0,0,0,0,0,0,0.0,0.0,0.0,0.0,0,0,0,0,0,0.00,0.00,0.00,0.00,0,False,628,36,2025-26,José Malheiro de Sá,20,6,False
90,0,0,0,3,0,0,0,0,0,3,0,9,24.4,0.0,0.0,2.4,2,10,0,0,1,0.00,0.00,0.00,1.62,2,False,629,36,2025-26,Daniel Bentley,20,6,False
0,0,0,0,0,0,0,0,0,0,0,0,0,0.0,0.0,0.0,0.0,0,0,0,0,0,0.00,0.00,0.00,0.00,0,False,630,36,2025-26,Tom King,9,8,False
0,0,0,0,0,0,0,0,0,0,0,0,0,0.0,0.0,0.0,0.0,0,0,0,0,0,0.00,0.00,0.00,0.00,0,False,631,36,2025-26,Emmanuel Agbadou,20,6,False
0,0,0,0,0,0,0,0,0,0,0,0,0,0.0,0.0,0.0,0.0,0,0,0,0,0,0.00,0.00,0.00,0.00,0,False,632,36,2025-26,Matt Doherty,20,6,False
45,0,0,0,2,0,0,0,0,0,0,0,-5,4.6,0.2,0.0,0.5,2,2,1,3,1,0.00,0.00,0.00,0.82,0,False,633,36,2025-26,Hugo Bueno López,20,6,False
90,0,0,0,3,0,0,0,0,0,0,0,-2,26.4,0.3,9.0,3.6,13,4,4,17,1,0.19,0.02,0.21,1.62,3,False,634,36,2025-26,Yerson Mosquera Valdelamar,20,6,False
23,0,0,0,1,0,0,0,0,0,0,0,1,2.2,0.0,2.0,0.4,1,3,0,1,0,0.00,0.00,0.00,0.47,1,False,635,36,2025-26,Rodrigo Martins Gomes,20,6,False
90,0,0,0,3,0,0,0,0,0,0,0,-5,8.2,0.0,0.0,0.8,6,0,0,6,1,0.00,0.01,0.01,1.62,1,False,636,36,2025-26,Santiago Ignacio Bueno,20,6,False
90,0,0,0,3,0,0,0,0,0,0,0,3,23.4,0.2,2.0,2.6,10,1,1,11,1,0.00,0.00,0.00,1.62,3,False,637,36,2025-26,Toti Gomes,20,6,False
0,0,0,0,0,0,0,0,0,0,0,0,0,0.0,0.0,0.0,0.0,0,0,0,0,0,0.00,0.00,0.00,0.00,0,False,638,36,2025-26,Ki-Jana Hoever,20,6,False
0,0,0,0,0,0,0,0,0,0,0,0,0,0.0,0.0,0.0,0.0,0,0,0,0,0,0.00,0.00,0.00,0.00,0,False,639,36,2025-26,Bastien Meupiyou Menadjou,20,6,False
66,0,0,0,2,0,0,0,0,0,0,0,-1,3.0,0.0,2.0,0.5,3,2,1,4,1,0.00,0.00,0.00,1.15,1,False,640,36,2025-26,Pedro Cardoso de Lima,20,6,False
0,0,0,0,0,0,0,0,0,0,0,0,0,0.0,0.0,0.0,0.0,0,0,0,0,0,0.00,0.00,0.00,0.00,0,False,641,36,2025-26,Alfie Pond,20,6,False
88,0,0,0,3,0,0,0,1,0,0,0,-1,0.0,0.3,6.0,0.1,1,3,0,4,1,0.13,0.00,0.13,1.62,1,False,642,36,2025-26,Hwang Hee-chan,20,6,False
90,0,0,0,3,0,0,0,1,0,0,0,8,10.0,15.5,0.0,2.6,2,7,1,10,1,0.00,0.08,0.08,1.62,1,False,643,36,2025-26,André Trindade da Costa Neto,20,6,False
23,0,0,0,1,0,0,0,0,0,0,0,11,8.8,25.3,0.0,3.4,1,0,0,1,0,0.00,0.06,0.06,0.47,1,False,644,36,2025-26,Jean-Ricner Bellegarde,20,6,False
0,0,0,0,0,0,0,0,0,0,0,0,0,0.0,0.0,0.0,0.0,0,0,0,0,0,0.00,0.00,0.00,0.00,0,False,645,36,2025-26,Fer López González,20,6,False
88,0,0,0,3,0,0,0,0,0,0,0,16,17.0,1.4,0.0,1.8,2,5,8,15,1,0.00,0.00,0.00,1.62,4,False,646,36,2025-26,João Victor Gomes da Silva,20,6,False
0,0,0,0,0,0,0,0,0,0,0,0,0,0.0,0.0,0.0,0.0,0,0,0,0,0,0.00,0.00,0.00,0.00,0,False,647,36,2025-26,Gonçalo Manuel Ganchinho Guedes,20,6,False
0,0,0,0,0,0,0,0,0,0,0,0,0,0.0,0.0,0.0,0.0,0,0,0,0,0,0.00,0.00,0.00,0.00,0,False,648,36,2025-26,Marshall Munetsi,20,6,False
0,0,0,0,0,0,0,0,0,0,0,0,0,0.0,0.0,0.0,0.0,0,0,0,0,0,0.00,0.00,0.00,0.00,0,False,649,36,2025-26,Boubacar Traoré,20,6,False
0,0,0,0,0,0,0,0,0,0,0,0,0,0.0,0.0,0.0,0.0,0,0,0,0,0,0.00,0.00,0.00,0.00,0,False,650,36,2025-26,Tawanda Chirewa,20,6,False
0,0,0,0,0,0,0,0,0,0,0,0,0,0.0,0.0,0.0,0.0,0,0,0,0,0,0.00,0.00,0.00,0.00,0,False,651,36,2025-26,Tom Edozie,20,6,False
0,0,0,0,0,0,0,0,0,0,0,0,0,0.0,0.0,0.0,0.0,0,0,0,0,0,0.00,0.00,0.00,0.00,0,False,652,36,2025-26,Enso González Medina,20,6,False
0,0,0,0,0,0,0,0,0,0,0,0,0,0.0,0.0,0.0,0.0,0,0,0,0,0,0.00,0.00,0.00,0.00,0,False,653,36,2025-26,Joe Hodge,20,6,False
94,0,0,0,3,0,0,0,0,0,0,0,6,0.0,5.7,14.0,1.8,1,0,0,1,1,0.21,0.12,0.33,1.81,3,False,654,36,2025-26,Jørgen Strand Larsen,8,9,True
94,0,0,0,3,0,0,0,0,0,0,0,6,0.0,5.7,14.0,1.8,1,0,0,1,1,0.21,0.12,0.33,1.81,3,False,654,36,2025-26,Jørgen Strand Larsen,8,13,False
0,0,0,0,0,0,0,0,0,0,0,0,0,0.0,0.0,0.0,0.0,0,0,0,0,0,0.00,0.00,0.00,0.00,0,False,655,36,2025-26,Fábio Soares Silva,20,6,False
0,0,0,0,0,0,0,0,0,0,0,0,0,0.0,0.0,0.0,0.0,0,0,0,0,0,0.00,0.00,0.00,0.00,0,False,656,36,2025-26,Saša Kalajdžić,20,6,False
0,0,0,0,0,0,0,0,0,0,0,0,0,0.0,0.0,0.0,0.0,0,0,0,0,0,0.00,0.00,0.00,0.00,0,False,657,36,2025-26,Leon Chiwome,20,6,False
0,0,0,0,0,0,0,0,0,0,0,0,0,0.0,0.0,0.0,0.0,0,0,0,0,0,0.00,0.00,0.00,0.00,0,False,658,36,2025-26,Nathan Fraser,20,6,False
0,0,0,0,0,0,0,0,0,0,0,0,0,0.0,0.0,0.0,0.0,0,0,0,0,0,0.00,0.00,0.00,0.00,0,False,659,36,2025-26,Kyle Walker-Peters,19,1,True
90,0,0,0,1,0,0,0,0,0,0,0,9,10.2,17.0,3.0,3.0,2,3,3,8,1,0.04,0.04,0.08,1.27,2,False,660,36,2025-26,Anton Stach,11,18,False
0,0,0,0,0,0,0,0,0,0,0,0,0,0.0,0.0,0.0,0.0,0,0,0,0,0,0.00,0.00,0.00,0.00,0,False,661,36,2025-26,Hugo Ekitiké,12,7,True
45,0,0,0,0,0,0,0,1,0,0,0,1,4.4,13.1,2.0,2.0,1,3,1,2,0,0.00,0.03,0.03,1.01,0,False,662,36,2025-26,Cristhian Mosquera,1,19,False
0,0,0,0,0,0,0,0,0,0,0,0,0,0.0,0.0,0.0,0.0,0,0,0,0,0,0.00,0.00,0.00,0.00,0,False,663,36,2025-26,Jhon Arias,20,6,False
0,0,0,0,0,0,0,0,0,0,0,0,0,0.0,0.0,0.0,0.0,0,0,0,0,0,0.00,0.00,0.00,0.00,0,False,664,36,2025-26,Benjamin Lecomte,10,4,True
0,0,0,0,0,0,0,0,0,0,0,0,0,0.0,0.0,0.0,0.0,0,0,0,0,0,0.00,0.00,0.00,0.00,0,False,665,36,2025-26,Lucas Estella Perri,11,18,False
90,0,0,1,0,0,0,0,0,0,0,0,5,0.0,14.4,9.0,2.2,1,3,0,4,1,0.12,0.03,0.15,1.15,2,False,666,36,2025-26,Viktor Gyökeres,1,19,False
0,0,0,0,0,0,0,0,0,0,0,0,0,0.0,0.0,0.0,0.0,0,0,0,0,0,0.00,0.00,0.00,0.00,0,False,667,36,2025-26,Adam Aznou,9,8,False
90,0,0,1,0,0,0,0,0,0,0,0,25,22.8,21.4,1.0,4.5,3,11,3,17,1,0.03,0.27,0.30,0.62,5,False,668,36,2025-26,Granit Xhaka,17,14,True
0,0,0,0,0,0,0,0,0,0,0,0,0,0.0,0.0,0.0,0.0,0,0,0,0,0,0.00,0.00,0.00,0.00,0,False,669,36,2025-26,Dan Ndoye,16,15,True
90,0,0,1,0,0,0,0,0,0,1,0,27,12.0,0.0,0.0,1.2,1,9,0,0,1,0.00,0.00,0.00,0.62,6,False,670,36,2025-26,Robin Roefs,17,14,True
5,0,0,0,0,0,0,0,0,0,0,0,4,0.0,0.0,5.0,0.5,0,1,0,1,0,0.21,0.00,0.21,0.00,1,False,671,36,2025-26,Callum Wilson,19,1,True
90,0,0,0,1,0,0,0,1,0,0,0,12,21.8,2.0,0.0,2.4,5,4,5,10,1,0.00,0.01,0.01,0.56,3,False,672,36,2025-26,Jorrel Hato,7,12,False
90,0,0,0,1,0,0,0,1,0,0,0,11,9.0,2.3,18.0,2.9,3,5,4,12,1,0.18,0.01,0.19,1.34,3,False,673,36,2025-26,João Maria Lobo Alves Palhares Costa Palhinha Gonçalves,18,11,True
0,0,0,0,0,0,0,0,0,0,0,0,0,0.0,0.0,0.0,0.0,0,0,0,0,0,0.00,0.00,0.00,0.00,0,False,674,36,2025-26,Aaron Ramsdale,15,16,False
0,0,0,0,0,0,0,0,0,0,0,0,0,0.0,0.0,0.0,0.0,0,0,0,0,0,0.00,0.00,0.00,0.00,0,False,675,36,2025-26,Angus Gunn,16,15,True
78,0,1,0,2,0,0,0,0,0,0,0,24,19.6,11.8,9.0,4.0,4,3,2,9,1,0.03,0.05,0.08,1.34,5,False,676,36,2025-26,Lesley Ugochukwu,3,2,True
0,0,0,0,0,0,0,0,0,0,0,0,0,0.0,0.0,0.0,0.0,0,0,0,0,0,0.00,0.00,0.00,0.00,0,False,677,36,2025-26,Evann Guessand,8,9,True
0,0,0,0,0,0,0,0,0,0,0,0,0,0.0,0.0,0.0,0.0,0,0,0,0,0,0.00,0.00,0.00,0.00,0,False,677,36,2025-26,Evann Guessand,8,13,False
0,0,0,0,0,0,0,0,0,0,0,0,0,0.0,0.0,0.0,0.0,0,0,0,0,0,0.00,0.00,0.00,0.00,0,False,678,36,2025-26,Arthur Masuaku,17,14,True
90,0,0,0,1,0,0,0,0,0,1,0,7,10.6,0.0,0.0,1.1,0,7,0,0,1,0.00,0.00,0.00,1.18,2,False,679,36,2025-26,Mads Hermansen,19,1,True
0,0,0,0,0,0,0,0,0,0,0,0,0,0.0,0.0,0.0,0.0,0,0,0,0,0,0.00,0.00,0.00,0.00,0,False,680,36,2025-26,Armando Broja,3,2,True
0,0,0,0,0,0,0,0,0,0,0,0,0,0.0,0.0,0.0,0.0,0,0,0,0,0,0.00,0.00,0.00,0.00,0,False,681,36,2025-26,Benjamin Sesko,14,17,False
45,0,0,0,1,0,0,0,0,0,0,0,0,6.2,10.5,0.0,1.7,1,0,0,1,0,0.00,0.01,0.01,0.80,1,False,682,36,2025-26,David Møller Wolfe,20,6,False
90,0,0,1,0,0,0,0,0,0,0,0,25,17.0,0.7,6.0,2.4,8,1,2,10,1,0.02,0.02,0.04,0.62,8,False,683,36,2025-26,Omar Alderete,17,14,True
90,0,0,0,1,0,0,0,0,0,0,0,10,18.8,0.9,6.0,2.6,3,1,2,5,1,0.00,0.01,0.01,1.10,2,False,684,36,2025-26,Malick Thiaw,15,16,False
0,0,0,0,0,0,0,0,0,0,0,0,0,0.0,0.0,0.0,0.0,0,0,0,0,0,0.00,0.00,0.00,0.00,0,False,685,36,2025-26,Bafodé Diakité,4,10,False
66,0,1,0,1,0,0,0,0,0,0,1,21,22.4,11.4,8.0,4.2,2,5,0,7,1,0.00,0.06,0.06,0.40,6,False,686,36,2025-26,Rio Ngumoha,12,7,True
0,0,0,0,0,0,0,0,0,0,0,0,0,0.0,0.0,0.0,0.0,0,0,0,0,0,0.00,0.00,0.00,0.00,0,False,687,36,2025-26,Remy Rees-Dottin,4,10,False
0,0,0,0,0,0,0,0,0,0,0,0,0,0.0,0.0,0.0,0.0,0,0,0,0,0,0.00,0.00,0.00,0.00,0,False,688,36,2025-26,James Wright,2,3,False
0,0,0,0,0,0,0,0,0,0,0,0,0,0.0,0.0,0.0,0.0,0,0,0,0,0,0.00,0.00,0.00,0.00,0,False,689,36,2025-26,Seung-Soo Park,15,16,False
0,0,0,0,0,0,0,0,0,0,0,0,0,0.0,0.0,0.0,0.0,0,0,0,0,0,0.00,0.00,0.00,0.00,0,False,690,36,2025-26,Rio Cardines,8,9,True
0,0,0,0,0,0,0,0,0,0,0,0,0,0.0,0.0,0.0,0.0,0,0,0,0,0,0.00,0.00,0.00,0.00,0,False,690,36,2025-26,Rio Cardines,8,13,False
90,1,0,0,1,0,0,0,0,0,0,1,17,33.0,15.2,20.0,6.8,2,2,0,4,1,0.82,0.01,0.83,1.27,7,False,691,36,2025-26,Dominic Calvert-Lewin,11,18,False
0,0,0,0,0,0,0,0,0,0,0,0,0,0.0,0.0,0.0,0.0,0,0,0,0,0,0.00,0.00,0.00,0.00,0,False,692,36,2025-26,Giovanni Leoni,12,7,True
26,0,0,0,1,0,0,0,0,0,0,0,4,7.2,25.6,11.0,4.4,0,2,0,2,0,0.09,0.28,0.37,0.52,1,False,693,36,2025-26,Omari Hutchinson,16,15,True
90,0,0,1,0,0,0,0,0,0,0,0,26,14.4,1.8,4.0,2.0,5,6,0,5,1,0.02,0.02,0.04,0.62,6,False,694,36,2025-26,Nordi Mukiele,17,14,True
0,0,0,0,0,0,0,0,0,0,0,0,0,0.0,0.0,0.0,0.0,0,0,0,0,0,0.00,0.00,0.00,0.00,0,False,695,36,2025-26,Jackson Tchatchoua,20,6,False
0,0,0,0,0,0,0,0,0,0,0,0,0,0.0,0.0,0.0,0.0,0,0,0,0,0,0.00,0.00,0.00,0.00,0,False,696,36,2025-26,Arnaud Kalimuendo,16,15,True
12,0,0,0,0,0,0,0,0,0,0,0,-4,0.0,0.0,2.0,0.0,0,1,0,1,0,0.00,0.00,0.00,0.34,1,False,697,36,2025-26,Amine Adli,4,10,False
0,0,0,0,0,0,0,0,0,0,0,0,0,0.0,0.0,0.0,0.0,0,0,0,0,0,0.00,0.00,0.00,0.00,0,False,698,36,2025-26,Noah Okafor,11,18,False
10,0,0,0,0,0,0,0,0,0,0,0,8,7.4,0.4,7.0,1.5,2,0,1,3,0,0.03,0.00,0.03,0.17,1,False,699,36,2025-26,Douglas Luiz Soares de Paulo,2,3,False
0,0,0,0,0,0,0,0,0,0,0,0,0,0.0,0.0,0.0,0.0,0,0,0,0,0,0.00,0.00,0.00,0.00,0,False,700,36,2025-26,Max Dowman,1,19,False
0,0,0,0,0,0,0,0,0,0,0,0,0,0.0,0.0,0.0,0.0,0,0,0,0,0,0.00,0.00,0.00,0.00,0,False,701,36,2025-26,Triston Rowe,2,3,False
0,0,0,0,0,0,0,0,0,0,0,0,0,0.0,0.0,0.0,0.0,0,0,0,0,0,0.00,0.00,0.00,0.00,0,False,702,36,2025-26,Bradley Burrowes,2,3,False
0,0,0,0,0,0,0,0,0,0,0,0,0,0.0,0.0,0.0,0.0,0,0,0,0,0,0.00,0.00,0.00,0.00,0,False,703,36,2025-26,Sam Proctor,2,3,False
0,0,0,0,0,0,0,0,0,0,0,0,0,0.0,0.0,0.0,0.0,0,0,0,0,0,0.00,0.00,0.00,0.00,0,False,704,36,2025-26,Tyler Onyango,9,8,False
0,0,0,0,0,0,0,0,0,0,0,0,0,0.0,0.0,0.0,0.0,0,0,0,0,0,0.00,0.00,0.00,0.00,0,False,705,36,2025-26,Elijah Campbell,9,8,False
90,0,0,0,1,0,0,0,0,0,0,0,15,28.8,11.7,4.0,4.5,6,2,6,12,1,0.02,0.04,0.06,1.27,4,False,706,36,2025-26,James Justin,11,18,False
0,0,0,0,0,0,0,0,0,0,0,0,0,0.0,0.0,0.0,0.0,0,0,0,0,0,0.00,0.00,0.00,0.00,0,False,707,36,2025-26,Tyler Dibling,9,8,False
90,0,0,0,1,0,0,0,0,0,0,0,13,18.6,23.8,35.0,7.7,1,4,4,9,1,0.56,0.13,0.69,1.18,2,False,708,36,2025-26,Mateus Gonçalo Espanha Fernandes,19,1,True
0,0,0,0,0,0,0,0,0,0,0,0,0,0.0,0.0,0.0,0.0,0,0,0,0,0,0.00,0.00,0.00,0.00,0,False,709,36,2025-26,Ladislav Krejcí,20,6,False
0,0,0,0,0,0,0,0,0,0,0,0,0,0.0,0.0,0.0,0.0,0,0,0,0,0,0.00,0.00,0.00,0.00,0,False,710,36,2025-26,Travis Patterson,2,3,False
0,0,0,0,0,0,0,0,0,0,0,0,0,0.0,0.0,0.0,0.0,0,0,0,0,0,0.00,0.00,0.00,0.00,0,False,711,36,2025-26,Andre Harriman-Annous,1,19,False
59,0,0,0,2,0,0,0,0,0,0,0,1,3.4,2.2,5.0,1.1,2,1,1,4,1,0.10,0.00,0.10,0.96,1,False,712,36,2025-26,Yéremy Pino Santos,8,9,True
59,0,0,0,2,0,0,0,0,0,0,0,1,3.4,2.2,5.0,1.1,2,1,1,4,1,0.10,0.00,0.10,0.96,1,False,712,36,2025-26,Yéremy Pino Santos,8,13,False
0,0,0,0,0,0,0,0,0,0,0,0,0,0.0,0.0,0.0,0.0,0,0,0,0,0,0.00,0.00,0.00,0.00,0,False,713,36,2025-26,Álex Jiménez Sánchez,4,10,False
60,0,0,1,0,0,0,0,0,0,0,0,12,5.2,21.8,4.0,3.1,0,4,0,4,1,0.00,0.08,0.08,0.58,2,False,714,36,2025-26,Nick Woltemade,15,16,False
0,0,0,0,0,0,0,0,0,0,0,0,0,0.0,0.0,0.0,0.0,0,0,0,0,0,0.00,0.00,0.00,0.00,0,False,715,36,2025-26,John Victor Maciel Furtado,16,15,True
0,0,0,0,0,0,0,0,0,0,0,0,0,0.0,0.0,0.0,0.0,0,0,0,0,0,0.00,0.00,0.00,0.00,0,False,716,36,2025-26,Nicolò Savona,16,15,True
0,0,0,0,0,0,0,0,0,0,0,0,0,0.0,0.0,0.0,0.0,0,0,0,0,0,0.00,0.00,0.00,0.00,0,False,717,36,2025-26,Xavi Simons,18,11,True
0,0,0,0,0,0,0,0,0,0,0,0,0,0.0,0.0,0.0,0.0,0,0,0,0,0,0.00,0.00,0.00,0.00,0,False,718,36,2025-26,Soungoutou Magassa,19,1,True
73,0,0,0,2,0,0,0,0,0,0,0,2,2.8,2.3,0.0,0.5,1,0,0,1,1,0.00,0.01,0.01,1.63,1,False,719,36,2025-26,Victor Lindelöf,2,3,False
1,0,0,0,0,0,0,0,0,0,0,0,-2,0.0,1.6,4.0,0.3,0,0,0,0,0,0.07,0.01,0.08,0.00,1,False,720,36,2025-26,Tolu Arokodare,20,6,False
0,0,0,0,0,0,0,0,0,0,0,0,0,0.0,0.0,0.0,0.0,0,0,0,0,0,0.00,0.00,0.00,0.00,0,False,721,36,2025-26,Veljko Milosavljevic,4,10,False
86,0,0,0,2,0,0,0,0,0,0,0,14,15.8,21.8,3.0,4.1,5,6,1,12,1,0.01,0.04,0.05,1.34,4,False,722,36,2025-26,Florentino Ibrain Morris Luís,3,2,True
180,0,0,0,5,0,0,0,0,0,0,0,11,32.8,16.0,20.0,6.9,15,7,2,17,2,0.31,0.04,0.35,3.15,4,False,723,36,2025-26,Jaydee Canvot,8,9,True
180,0,0,0,5,0,0,0,0,0,0,0,11,32.8,16.0,20.0,6.9,15,7,2,17,2,0.31,0.04,0.35,3.15,4,False,723,36,2025-26,Jaydee Canvot,8,13,False
90,0,0,1,0,0,0,0,0,0,0,0,26,16.4,14.7,34.0,6.5,4,2,0,4,1,0.24,0.06,0.30,0.62,6,False,724,36,2025-26,Lutsharel Geertruida,17,14,True
0,0,0,0,0,0,0,0,0,0,0,0,0,0.0,0.0,0.0,0.0,0,0,0,0,0,0.00,0.00,0.00,0.00,0,False,725,36,2025-26,Piero Hincapié,1,19,False
90,0,0,0,1,0,0,0,0,0,0,0,2,4.8,13.4,8.0,2.6,0,3,1,4,1,0.00,0.22,0.22,1.34,2,False,726,36,2025-26,Randal Kolo Muani,18,11,True
61,0,0,0,1,0,0,0,0,0,0,0,5,0.0,5.3,2.0,0.4,0,1,0,1,1,0.00,0.02,0.02,0.44,2,False,727,36,2025-26,Samuel Chukwueze,10,4,True
79,0,0,0,2,0,0,0,0,0,0,0,2,2.8,14.0,8.0,2.5,2,2,1,5,1,0.00,0.08,0.08,2.04,2,False,728,36,2025-26,Merlin Röhl,9,8,False
0,0,0,0,0,0,0,0,0,0,0,0,0,0.0,0.0,0.0,0.0,0,0,0,0,0,0.00,0.00,0.00,0.00,0,False,729,36,2025-26,Luis Eduardo Soares da Silva,16,15,True
90,0,0,1,0,0,0,0,0,0,0,0,5,11.6,34.9,50.0,9.7,2,2,0,4,1,0.18,0.11,0.29,0.62,2,False,730,36,2025-26,Brian Brobbey,17,14,True
28,0,0,0,0,0,0,0,0,0,0,0,11,11.4,1.3,21.0,3.4,0,1,2,3,0,0.03,0.00,0.03,0.38,1,False,731,36,2025-26,Kevin Santos Lopes de Macedo,10,4,True
0,0,0,0,0,0,0,0,0,0,0,0,0,0.0,0.0,0.0,0.0,0,0,0,0,0,0.00,0.00,0.00,0.00,0,False,732,36,2025-26,Christantus Uche,8,9,True
0,0,0,0,0,0,0,0,0,0,0,0,0,0.0,0.0,0.0,0.0,0,0,0,0,0,0.00,0.00,0.00,0.00,0,False,732,36,2025-26,Christantus Uche,8,13,False
90,0,0,1,0,0,0,0,0,0,4,2,33,35.4,0.0,0.0,3.5,0,6,0,0,1,0.00,0.00,0.00,1.25,9,False,733,36,2025-26,Senne Lammens,14,17,False
63,0,0,1,0,0,0,0,0,0,0,0,9,5.0,16.4,9.0,3.0,0,2,0,2,1,0.04,0.01,0.05,0.96,3,False,734,36,2025-26,Dilane Bakwa,16,15,True
0,0,0,0,0,0,0,0,0,0,0,0,0,0.0,0.0,0.0,0.0,0,0,0,0,0,0.00,0.00,0.00,0.00,0,False,735,36,2025-26,Bertrand Traoré,17,14,True
180,0,0,2,0,0,0,0,0,0,4,2,52,38.8,0.0,0.0,3.9,1,14,0,0,2,0.00,0.00,0.00,0.92,14,True,736,36,2025-26,Gianluigi Donnarumma,13,5,True
180,0,0,2,0,0,0,0,0,0,4,2,52,38.8,0.0,0.0,3.9,1,14,0,0,2,0.00,0.00,0.00,0.92,14,True,736,36,2025-26,Gianluigi Donnarumma,13,8,True
7,0,0,0,0,0,0,0,0,0,0,0,6,2.0,0.3,0.0,0.2,0,0,1,1,0,0.00,0.00,0.00,0.04,1,False,737,36,2025-26,Jonah Kusi-Asare,10,4,True
0,0,0,0,0,0,0,0,0,0,0,0,0,0.0,0.0,0.0,0.0,0,0,0,0,0,0.00,0.00,0.00,0.00,0,False,738,36,2025-26,Lukasz Fabianski,19,1,True
0,0,0,0,0,0,0,0,0,0,0,0,0,0.0,0.0,0.0,0.0,0,0,0,0,0,0.00,0.00,0.00,0.00,0,False,739,36,2025-26,Divine Mukasa,13,5,True
0,0,0,0,0,0,0,0,0,0,0,0,0,0.0,0.0,0.0,0.0,0,0,0,0,0,0.00,0.00,0.00,0.00,0,False,739,36,2025-26,Divine Mukasa,13,8,True
0,0,0,0,0,0,0,0,0,0,0,0,0,0.0,0.0,0.0,0.0,0,0,0,0,0,0.00,0.00,0.00,0.00,0,False,740,36,2025-26,Stephen Mfuni,13,5,True
0,0,0,0,0,0,0,0,0,0,0,0,0,0.0,0.0,0.0,0.0,0,0,0,0,0,0.00,0.00,0.00,0.00,0,False,740,36,2025-26,Stephen Mfuni,13,8,True
0,0,0,0,0,0,0,0,0,0,0,0,0,0.0,0.0,0.0,0.0,0,0,0,0,0,0.00,0.00,0.00,0.00,0,False,741,36,2025-26,Harry Gray,11,18,False
0,0,0,0,0,0,0,0,0,0,0,0,0,0.0,0.0,0.0,0.0,0,0,0,0,0,0.00,0.00,0.00,0.00,0,False,742,36,2025-26,Ryan McAidoo,13,5,True
0,0,0,0,0,0,0,0,0,0,0,0,0,0.0,0.0,0.0,0.0,0,0,0,0,0,0.00,0.00,0.00,0.00,0,False,742,36,2025-26,Ryan McAidoo,13,8,True
0,0,0,0,0,0,0,0,0,0,0,0,0,0.0,0.0,0.0,0.0,0,0,0,0,0,0.00,0.00,0.00,0.00,0,False,743,36,2025-26,Landon Emenalo,7,12,False
0,0,0,0,0,0,0,0,0,0,0,0,0,0.0,0.0,0.0,0.0,0,0,0,0,0,0.00,0.00,0.00,0.00,0,False,744,36,2025-26,Nehemiah Oriola,6,20,True
0,0,0,0,0,0,0,0,0,0,0,0,0,0.0,0.0,0.0,0.0,0,0,0,0,0,0.00,0.00,0.00,0.00,0,False,745,36,2025-26,Jun'ai Byfield,18,11,True
0,0,0,0,0,0,0,0,0,0,0,0,0,0.0,0.0,0.0,0.0,0,0,0,0,0,0.00,0.00,0.00,0.00,0,False,746,36,2025-26,Kieran Morrison,12,7,True
0,0,0,0,0,0,0,0,0,0,0,0,0,0.0,0.0,0.0,0.0,0,0,0,0,0,0.00,0.00,0.00,0.00,0,False,747,36,2025-26,Ezra Mayers,19,1,True
0,0,0,0,0,0,0,0,0,0,0,0,0,0.0,0.0,0.0,0.0,0,0,0,0,0,0.00,0.00,0.00,0.00,0,False,748,36,2025-26,Josh Dasilva,5,13,False
66,0,0,0,2,0,0,0,0,0,0,0,12,9.2,14.3,19.0,4.3,0,1,1,2,1,0.07,0.35,0.42,1.15,2,False,749,36,2025-26,Mateus Mané,20,6,False
0,0,0,0,0,0,0,0,0,0,0,0,0,0.0,0.0,0.0,0.0,0,0,0,0,0,0.00,0.00,0.00,0.00,0,False,750,36,2025-26,James Rowswell,18,11,True
0,0,0,0,0,0,0,0,0,0,0,0,0,0.0,0.0,0.0,0.0,0,0,0,0,0,0.00,0.00,0.00,0.00,0,False,751,36,2025-26,Yusuf Akhamrich,18,11,True
0,0,0,0,0,0,0,0,0,0,0,0,0,0.0,0.0,0.0,0.0,0,0,0,0,0,0.00,0.00,0.00,0.00,0,False,752,36,2025-26,Airidas Golambeckis,19,1,True
0,0,0,0,0,0,0,0,0,0,0,0,0,0.0,0.0,0.0,0.0,0,0,0,0,0,0.00,0.00,0.00,0.00,0,False,753,36,2025-26,John Ruddy,15,16,False
0,0,0,0,0,0,0,0,0,0,0,0,0,0.0,0.0,0.0,0.0,0,0,0,0,0,0.00,0.00,0.00,0.00,0,False,754,36,2025-26,George Hemmings,2,3,False
0,0,0,0,0,0,0,0,0,0,0,0,0,0.0,0.0,0.0,0.0,0,0,0,0,0,0.00,0.00,0.00,0.00,0,False,755,36,2025-26,Shea Lacey,14,17,False
0,0,0,0,0,0,0,0,0,0,0,0,0,0.0,0.0,0.0,0.0,0,0,0,0,0,0.00,0.00,0.00,0.00,0,False,756,36,2025-26,Malcom DaCosta,4,10,False
0,0,0,0,0,0,0,0,0,0,0,0,0,0.0,0.0,0.0,0.0,0,0,0,0,0,0.00,0.00,0.00,0.00,0,False,757,36,2025-26,Ronnie Hollingshead,2,3,False
0,0,0,0,0,0,0,0,0,0,0,0,0,0.0,0.0,0.0,0.0,0,0,0,0,0,0.00,0.00,0.00,0.00,0,False,758,36,2025-26,Mohamadou Kanté,19,1,True
0,0,0,0,0,0,0,0,0,0,0,0,0,0.0,0.0,0.0,0.0,0,0,0,0,0,0.00,0.00,0.00,0.00,0,False,759,36,2025-26,Marli Salmon,1,19,False
0,0,0,0,0,0,0,0,0,0,0,0,0,0.0,0.0,0.0,0.0,0,0,0,0,0,0.00,0.00,0.00,0.00,0,False,760,36,2025-26,Wellity Lucky,12,7,True
0,0,0,0,0,0,0,0,0,0,0,0,0,0.0,0.0,0.0,0.0,0,0,0,0,0,0.00,0.00,0.00,0.00,0,False,761,36,2025-26,Freddie Simmonds,6,20,True
0,0,0,0,0,0,0,0,0,0,0,0,0,0.0,0.0,0.0,0.0,0,0,0,0,0,0.00,0.00,0.00,0.00,0,False,762,36,2025-26,Joél Drakes-Thomas,8,9,True
0,0,0,0,0,0,0,0,0,0,0,0,0,0.0,0.0,0.0,0.0,0,0,0,0,0,0.00,0.00,0.00,0.00,0,False,762,36,2025-26,Joél Drakes-Thomas,8,13,False
0,0,0,0,0,0,0,0,0,0,0,0,0,0.0,0.0,0.0,0.0,0,0,0,0,0,0.00,0.00,0.00,0.00,0,False,763,36,2025-26,Charlie Gray,13,5,True
0,0,0,0,0,0,0,0,0,0,0,0,0,0.0,0.0,0.0,0.0,0,0,0,0,0,0.00,0.00,0.00,0.00,0,False,763,36,2025-26,Charlie Gray,13,8,True
0,0,0,0,0,0,0,0,0,0,0,0,0,0.0,0.0,0.0,0.0,0,0,0,0,0,0.00,0.00,0.00,0.00,0,False,764,36,2025-26,Reigan Heskey,13,5,True
0,0,0,0,0,0,0,0,0,0,0,0,0,0.0,0.0,0.0,0.0,0,0,0,0,0,0.00,0.00,0.00,0.00,0,False,764,36,2025-26,Reigan Heskey,13,8,True
0,0,0,0,0,0,0,0,0,0,0,0,0,0.0,0.0,0.0,0.0,0,0,0,0,0,0.00,0.00,0.00,0.00,0,False,765,36,2025-26,Leo Shahar,15,16,False
0,0,0,0,0,0,0,0,0,0,0,0,0,0.0,0.0,0.0,0.0,0,0,0,0,0,0.00,0.00,0.00,0.00,0,False,766,36,2025-26,Saheed Olagunju,20,6,False
0,0,0,0,0,0,0,0,0,0,0,0,0,0.0,0.0,0.0,0.0,0,0,0,0,0,0.00,0.00,0.00,0.00,0,False,767,36,2025-26,Luke Rawlings,20,6,False
0,0,0,0,0,0,0,0,0,0,0,0,0,0.0,0.0,0.0,0.0,0,0,0,0,0,0.00,0.00,0.00,0.00,0,False,768,36,2025-26,Leon Routh,2,3,False
0,0,0,0,0,0,0,0,0,0,0,0,0,0.0,0.0,0.0,0.0,0,0,0,0,0,0.00,0.00,0.00,0.00,0,False,769,36,2025-26,Bendito Mantato,14,17,False
0,0,0,0,0,0,0,0,0,0,0,0,0,0.0,0.0,0.0,0.0,0,0,0,0,0,0.00,0.00,0.00,0.00,0,False,770,36,2025-26,Seth Ridgeon,10,4,True
0,0,0,0,0,0,0,0,0,0,0,0,0,0.0,0.0,0.0,0.0,0,0,0,0,0,0.00,0.00,0.00,0.00,0,False,771,36,2025-26,Tyler Fletcher,14,17,False
0,0,0,0,0,0,0,0,0,0,0,0,0,0.0,0.0,0.0,0.0,0,0,0,0,0,0.00,0.00,0.00,0.00,0,False,772,36,2025-26,Sam Alabi,15,16,False
0,0,0,0,0,0,0,0,0,0,0,0,0,0.0,0.0,0.0,0.0,0,0,0,0,0,0.00,0.00,0.00,0.00,0,False,773,36,2025-26,Dean Benamar,8,9,True
0,0,0,0,0,0,0,0,0,0,0,0,0,0.0,0.0,0.0,0.0,0,0,0,0,0,0.00,0.00,0.00,0.00,0,False,773,36,2025-26,Dean Benamar,8,13,False
0,0,0,0,0,0,0,0,0,0,0,0,0,0.0,0.0,0.0,0.0,0,0,0,0,0,0.00,0.00,0.00,0.00,0,False,774,36,2025-26,Jenson Jones,17,14,True
0,0,0,0,0,0,0,0,0,0,0,0,0,0.0,0.0,0.0,0.0,0,0,0,0,0,0.00,0.00,0.00,0.00,0,False,775,36,2025-26,Tymur Tutierov,17,14,True
0,0,0,0,0,0,0,0,0,0,0,0,0,0.0,0.0,0.0,0.0,0,0,0,0,0,0.00,0.00,0.00,0.00,0,False,776,36,2025-26,Oliver Pimlott,3,2,True
0,0,0,0,0,0,0,0,0,0,0,0,0,0.0,0.0,0.0,0.0,0,0,0,0,0,0.00,0.00,0.00,0.00,0,False,777,36,2025-26,Temple Ojinnaka,20,6,False
0,0,0,0,0,0,0,0,0,0,0,0,0,0.0,0.0,0.0,0.0,0,0,0,0,0,0.00,0.00,0.00,0.00,0,False,778,36,2025-26,Ethan Sutherland,20,6,False
0,0,0,0,0,0,0,0,0,0,0,0,0,0.0,0.0,0.0,0.0,0,0,0,0,0,0.00,0.00,0.00,0.00,0,False,779,36,2025-26,Braiden Graham,9,8,False
0,0,0,0,0,0,0,0,0,0,0,0,0,0.0,0.0,0.0,0.0,0,0,0,0,0,0.00,0.00,0.00,0.00,0,False,780,36,2025-26,Ben Casey,8,9,True
0,0,0,0,0,0,0,0,0,0,0,0,0,0.0,0.0,0.0,0.0,0,0,0,0,0,0.00,0.00,0.00,0.00,0,False,780,36,2025-26,Ben Casey,8,13,False
0,0,0,0,0,0,0,0,0,0,0,0,0,0.0,0.0,0.0,0.0,0,0,0,0,0,0.00,0.00,0.00,0.00,0,False,781,36,2025-26,TJ Carroll,2,3,False
0,0,0,0,0,0,0,0,0,0,0,0,0,0.0,0.0,0.0,0.0,0,0,0,0,0,0.00,0.00,0.00,0.00,0,False,782,36,2025-26,Fraser Forster,4,10,False
90,0,1,1,0,0,0,0,0,0,0,0,24,20.0,25.4,37.0,8.2,0,2,4,6,1,0.23,0.17,0.40,0.49,6,False,783,36,2025-26,Pascal Groß,6,20,True
0,0,0,0,0,0,0,0,0,0,0,0,0,0.0,0.0,0.0,0.0,0,0,0,0,0,0.00,0.00,0.00,0.00,0,False,784,36,2025-26,George Brierley,3,2,True
23,0,0,0,1,0,0,0,0,0,0,0,6,3.2,13.3,4.0,2.1,0,0,1,1,0,0.00,0.54,0.54,0.37,1,False,785,36,2025-26,Pablo Felipe Pereira de Jesus,19,1,True
0,0,0,0,0,0,0,0,0,0,0,0,0,0.0,0.0,0.0,0.0,0,0,0,0,0,0.00,0.00,0.00,0.00,0,False,786,36,2025-26,Alfie McNally,10,4,True
0,0,0,0,0,0,0,0,0,0,0,0,0,0.0,0.0,0.0,0.0,0,0,0,0,0,0.00,0.00,0.00,0.00,0,False,787,36,2025-26,Sam Chambers,11,18,False
0,0,0,0,0,0,0,0,0,0,0,0,0,0.0,0.0,0.0,0.0,0,0,0,0,0,0.00,0.00,0.00,0.00,0,False,788,36,2025-26,Godwill Kukonki,14,17,False
0,0,0,0,0,0,0,0,0,0,0,0,0,0.0,0.0,0.0,0.0,0,0,0,0,0,0.00,0.00,0.00,0.00,0,False,789,36,2025-26,Max Merrick,7,12,False
0,0,0,0,0,0,0,0,0,0,0,0,0,0.0,0.0,0.0,0.0,0,0,0,0,0,0.00,0.00,0.00,0.00,0,False,790,36,2025-26,Lucá Williams-Barnett,18,11,True
66,0,0,1,0,0,0,0,1,0,0,0,4,5.2,1.3,22.0,2.9,3,0,1,4,1,0.17,0.00,0.17,0.81,1,False,791,36,2025-26,Valentín Castellanos,19,1,True
0,0,0,0,0,0,0,0,0,0,0,0,0,0.0,0.0,0.0,0.0,0,0,0,0,0,0.00,0.00,0.00,0.00,0,False,792,36,2025-26,Alysson Edward Franco da Rocha dos Santos,2,3,False
0,0,0,0,0,0,0,0,0,0,0,0,0,0.0,0.0,0.0,0.0,0,0,0,0,0,0.00,0.00,0.00,0.00,0,False,793,36,2025-26,George King,8,9,True
0,0,0,0,0,0,0,0,0,0,0,0,0,0.0,0.0,0.0,0.0,0,0,0,0,0,0.00,0.00,0.00,0.00,0,False,793,36,2025-26,George King,8,13,False
0,0,0,0,0,0,0,0,0,0,0,0,0,0.0,0.0,0.0,0.0,0,0,0,0,0,0.00,0.00,0.00,0.00,0,False,794,36,2025-26,Max Alleyne,13,5,True
0,0,0,0,0,0,0,0,0,0,0,0,0,0.0,0.0,0.0,0.0,0,0,0,0,0,0.00,0.00,0.00,0.00,0,False,794,36,2025-26,Max Alleyne,13,8,True
0,0,0,0,0,0,0,0,0,0,0,0,0,0.0,0.0,0.0,0.0,0,0,0,0,0,0.00,0.00,0.00,0.00,0,False,795,36,2025-26,Harry Howell,6,20,True
90,0,0,0,1,0,0,0,0,0,0,0,12,7.6,9.3,8.0,2.5,0,7,3,10,1,0.08,0.04,0.12,1.34,2,False,796,36,2025-26,Conor Gallagher,18,11,True
0,0,0,0,0,0,0,0,0,0,0,0,0,0.0,0.0,0.0,0.0,0,0,0,0,0,0.00,0.00,0.00,0.00,0,False,797,36,2025-26,Kaye Furo,5,13,False
0,0,0,0,0,0,0,0,0,0,0,0,0,0.0,0.0,0.0,0.0,0,0,0,0,0,0.00,0.00,0.00,0.00,0,False,798,36,2025-26,Danny Imray,8,9,True
0,0,0,0,0,0,0,0,0,0,0,0,0,0.0,0.0,0.0,0.0,0,0,0,0,0,0.00,0.00,0.00,0.00,0,False,798,36,2025-26,Danny Imray,8,13,False
0,0,0,0,0,0,0,0,0,0,0,0,0,0.0,0.0,0.0,0.0,0,0,0,0,0,0.00,0.00,0.00,0.00,0,False,799,36,2025-26,Charlie Stevens,4,10,False
0,0,0,0,0,0,0,0,0,0,0,0,0,0.0,0.0,0.0,0.0,0,0,0,0,0,0.00,0.00,0.00,0.00,0,False,800,36,2025-26,Djiamgone Jocelin Ta Bi,17,14,True
1,0,0,0,0,0,0,0,0,0,0,0,3,1.4,10.8,0.0,1.2,1,1,0,2,0,0.00,0.02,0.02,0.34,1,False,801,36,2025-26,Alex Tóth,4,10,False
0,0,0,0,0,0,0,0,0,0,0,0,0,0.0,0.0,0.0,0.0,0,0,0,0,0,0.00,0.00,0.00,0.00,0,False,802,36,2025-26,Keiber Lamadrid,19,1,True
0,0,0,0,0,0,0,0,0,0,0,0,0,0.0,0.0,0.0,0.0,0,0,0,0,0,0.00,0.00,0.00,0.00,0,False,803,36,2025-26,Teddy Sharman-Lowe,7,12,False
0,0,0,0,0,0,0,0,0,0,0,0,0,0.0,0.0,0.0,0.0,0,0,0,0,0,0.00,0.00,0.00,0.00,0,False,804,36,2025-26,João Victor de Souza Menezes,18,11,True
7,0,0,0,0,0,0,0,0,0,0,0,-1,0.0,0.3,8.0,0.6,0,2,0,2,0,0.07,0.00,0.07,0.02,1,False,805,36,2025-26,Lorenzo Lucca,16,15,True
0,0,0,0,0,0,0,0,0,0,0,0,0,0.0,0.0,0.0,0.0,0,0,0,0,0,0.00,0.00,0.00,0.00,0,False,806,36,2025-26,Christos Mandas,4,10,False
78,1,0,1,0,0,0,0,0,0,0,1,29,34.4,12.3,24.0,7.1,2,6,0,8,1,0.06,0.01,0.07,0.99,9,False,807,36,2025-26,Rayan Vitor Simplício Rocha,4,10,False
0,0,0,0,0,0,0,0,0,0,0,0,0,0.0,0.0,0.0,0.0,0,0,0,0,0,0.00,0.00,0.00,0.00,0,False,808,36,2025-26,Tammy Abraham,2,3,False
0,0,0,0,0,0,0,0,0,0,0,0,0,0.0,0.0,0.0,0.0,0,0,0,0,0,0.00,0.00,0.00,0.00,0,False,809,36,2025-26,Jerome Abbey,20,6,False
0,0,0,0,0,0,0,0,0,0,0,0,0,0.0,0.0,0.0,0.0,0,0,0,0,0,0.00,0.00,0.00,0.00,0,False,810,36,2025-26,Luka Bentt,5,13,False
0,0,0,0,0,0,0,0,0,0,0,0,0,0.0,0.0,0.0,0.0,0,0,0,0,0,0.00,0.00,0.00,0.00,0,False,811,36,2025-26,Rio Kyerematen,18,11,True
0,0,0,0,0,0,0,0,0,0,0,0,0,0.0,0.0,0.0,0.0,0,0,0,0,0,0.00,0.00,0.00,0.00,0,False,812,36,2025-26,Melker Ellborg,17,14,True
11,0,0,0,0,0,0,0,0,0,0,0,4,2.2,10.8,2.0,1.5,0,0,0,0,0,0.00,0.01,0.01,0.27,1,False,813,36,2025-26,Nilson Angulo,17,14,True
82,0,0,0,1,0,0,0,0,0,0,0,10,16.2,25.0,2.0,4.3,3,4,4,7,1,0.00,0.03,0.03,1.46,2,False,814,36,2025-26,Luca Netz,16,15,True
84,0,0,0,1,0,0,0,0,0,0,0,6,15.0,0.4,0.0,1.5,5,1,1,6,1,0.00,0.00,0.00,1.18,2,False,815,36,2025-26,Axel Disasi,19,1,True
1,0,0,0,0,0,0,0,0,0,0,0,1,0.0,0.6,5.0,0.4,0,0,0,0,0,0.04,0.01,0.05,0.00,1,False,816,36,2025-26,Angel Gomes,20,6,False
90,0,0,0,3,0,0,0,0,0,0,0,3,2.0,0.3,6.0,0.8,2,1,0,3,1,0.00,0.00,0.00,1.62,2,False,817,36,2025-26,Adam Armstrong,20,6,False
0,0,0,0,0,0,0,0,0,0,0,0,0,0.0,0.0,0.0,0.0,0,0,0,0,0,0.00,0.00,0.00,0.00,0,False,818,36,2025-26,James Wilson,18,11,True
0,0,0,0,0,0,0,0,0,0,0,0,0,0.0,0.0,0.0,0.0,0,0,0,0,0,0.00,0.00,0.00,0.00,0,False,819,36,2025-26,Ollie Shield,5,13,False
0,0,0,0,0,0,0,0,0,0,0,0,0,0.0,0.0,0.0,0.0,0,0,0,0,0,0.00,0.00,0.00,0.00,0,False,820,36,2025-26,Kian McMahon-Brown,3,2,True
0,0,0,0,0,0,0,0,0,0,0,0,0,0.0,0.0,0.0,0.0,0,0,0,0,0,0.00,0.00,0.00,0.00,0,False,821,36,2025-26,Jack Whittaker,17,14,True
0,0,0,0,0,0,0,0,0,0,0,0,0,0.0,0.0,0.0,0.0,0,0,0,0,0,0.00,0.00,0.00,0.00,0,False,822,36,2025-26,Jaydon Jones,17,14,True
0,0,0,0,0,0,0,0,0,0,0,0,0,0.0,0.0,0.0,0.0,0,0,0,0,0,0.00,0.00,0.00,0.00,0,False,823,36,2025-26,Joshua Stephenson,5,13,False
0,0,0,0,0,0,0,0,0,0,0,0,0,0.0,0.0,0.0,0.0,0,0,0,0,0,0.00,0.00,0.00,0.00,0,False,824,36,2025-26,Conor McManus,5,13,False
0,0,0,0,0,0,0,0,0,0,0,0,0,0.0,0.0,0.0,0.0,0,0,0,0,0,0.00,0.00,0.00,0.00,0,False,825,36,2025-26,Finlay Herrick,19,1,True
0,0,0,0,0,0,0,0,0,0,0,0,0,0.0,0.0,0.0,0.0,0,0,0,0,0,0.00,0.00,0.00,0.00,0,False,826,36,2025-26,Riley Owen,5,13,False
0,0,0,0,0,0,0,0,0,0,0,0,0,0.0,0.0,0.0,0.0,0,0,0,0,0,0.00,0.00,0.00,0.00,0,False,827,36,2025-26,Jim Thwaites,14,17,False
0,0,0,0,0,0,0,0,0,0,0,0,0,0.0,0.0,0.0,0.0,0,0,0,0,0,0.00,0.00,0.00,0.00,0,False,828,36,2025-26,Alfie Brooks,20,6,False
0,0,0,0,0,0,0,0,0,0,0,0,0,0.0,0.0,0.0,0.0,0,0,0,0,0,0.00,0.00,0.00,0.00,0,False,829,36,2025-26,Jesse Derry,7,12,False
0,0,0,0,0,0,0,0,0,0,0,0,0,0.0,0.0,0.0,0.0,0,0,0,0,0,0.00,0.00,0.00,0.00,0,False,830,36,2025-26,Will Wright,12,7,True
0,0,0,0,0,0,0,0,0,0,0,0,0,0.0,0.0,0.0,0.0,0,0,0,0,0,0.00,0.00,0.00,0.00,0,False,831,36,2025-26,Josh Gracey,20,6,False
0,0,0,0,0,0,0,0,0,0,0,0,0,0.0,0.0,0.0,0.0,0,0,0,0,0,0.00,0.00,0.00,0.00,0,False,832,36,2025-26,Talla Ndiaye,12,7,True
0,0,0,0,0,0,0,0,0,0,0,0,0,0.0,0.0,0.0,0.0,0,0,0,0,0,0.00,0.00,0.00,0.00,0,False,833,36,2025-26,Mathis Eboué,7,12,False
0,0,0,0,0,0,0,0,0,0,0,0,0,0.0,0.0,0.0,0.0,0,0,0,0,0,0.00,0.00,0.00,0.00,0,False,834,36,2025-26,Ryan Kavuma-McQueen,7,12,False
0,0,0,0,0,0,0,0,0,0,0,0,0,0.0,0.0,0.0,0.0,0,0,0,0,0,0.00,0.00,0.00,0.00,0,False,835,36,2025-26,Archie Whitehall,16,15,True
0,0,0,0,0,0,0,0,0,0,0,0,0,0.0,0.0,0.0,0.0,0,0,0,0,0,0.00,0.00,0.00,0.00,0,False,836,36,2025-26,Jimmy Sinclair,16,15,True
0,0,0,0,0,0,0,0,0,0,0,0,0,0.0,0.0,0.0,0.0,0,0,0,0,0,0.00,0.00,0.00,0.00,0,False,837,36,2025-26,Jayden Lienou,11,18,False
0,0,0,0,0,0,0,0,0,0,0,0,0,0.0,0.0,0.0,0.0,0,0,0,0,0,0.00,0.00,0.00,0.00,0,False,838,36,2025-26,Rhys Chadwick,11,18,False
