minutes,goals_scored,assists,clean_sheets,goals_conceded,own_goals,penalties_saved,penalties_missed,yellow_cards,red_cards,saves,bonus,bps,influence,creativity,threat,ict_index,clearances_blocks_interceptions,recoveries,tackles,defensive_contribution,starts,expected_goals,expected_assists,expected_goal_involvements,expected_goals_conceded,total_points,in_dreamteam,element,Gameweek,season,name,team,opponent_team,was_home
90,0,0,1,0,0,0,0,0,0,0,0,20,2.2,0.0,0.0,0.2,0,5,0,0,1,0.00,0.01,0.01,0.19,6,False,1,37,2025-26,David Raya Martín,1,3,True
0,0,0,0,0,0,0,0,0,0,0,0,0,0.0,0.0,0.0,0.0,0,0,0,0,0,0.00,0.00,0.00,0.00,0,False,2,37,2025-26,Kepa Arrizabalaga Revuelta,1,3,True
0,0,0,0,0,0,0,0,0,0,0,0,0,0.0,0.0,0.0,0.0,0,0,0,0,0,0.00,0.00,0.00,0.00,0,False,3,37,2025-26,Karl Hein,1,3,True
0,0,0,0,0,0,0,0,0,0,0,0,0,0.0,0.0,0.0,0.0,0,0,0,0,0,0.00,0.00,0.00,0.00,0,False,4,37,2025-26,Tommy Setford,1,3,True
90,0,0,1,0,0,0,0,0,0,0,0,22,6.8,1.1,3.0,1.1,3,1,1,4,1,0.00,0.04,0.04,0.19,6,False,5,37,2025-26,Gabriel dos Santos Magalhães,1,3,True
90,0,0,1,0,0,0,0,0,0,0,2,27,19.6,1.8,0.0,2.1,7,2,0,7,1,0.00,0.01,0.01,0.19,8,False,6,37,2025-26,William Saliba,1,3,True
71,0,0,1,0,0,0,0,0,0,0,2,27,11.8,33.3,6.0,5.1,1,1,0,1,1,0.00,0.13,0.13,0.19,8,False,7,37,2025-26,Riccardo Calafiori,1,3,True
0,0,0,0,0,0,0,0,0,0,0,0,0,0.0,0.0,0.0,0.0,0,0,0,0,0,0.00,0.00,0.00,0.00,0,False,8,37,2025-26,Jurriën Timber,1,3,True
0,0,0,0,0,0,0,0,0,0,0,0,0,0.0,0.0,0.0,0.0,0,0,0,0,0,0.00,0.00,0.00,0.00,0,False,9,37,2025-26,Jakub Kiwior,1,3,True
17,0,0,0,0,0,0,0,0,0,0,0,3,0.0,0.3,0.0,0.0,0,1,0,0,0,0.00,0.00,0.00,0.00,1,False,10,37,2025-26,Myles Lewis-Skelly,1,3,True
0,0,0,0,0,0,0,0,0,0,0,0,0,0.0,0.0,0.0,0.0,0,0,0,0,0,0.00,0.00,0.00,0.00,0,False,11,37,2025-26,Benjamin White,1,3,True
0,0,0,0,0,0,0,0,0,0,0,0,0,0.0,0.0,0.0,0.0,0,0,0,0,0,0.00,0.00,0.00,0.00,0,False,12,37,2025-26,Oleksandr Zinchenko,16,14,False
0,0,0,0,0,0,0,0,0,0,0,0,0,0.0,0.0,0.0,0.0,0,0,0,0,0,0.00,0.00,0.00,0.00,0,False,13,37,2025-26,Brayden Clarke,1,3,True
0,0,0,0,0,0,0,0,0,0,0,0,0,0.0,0.0,0.0,0.0,0,0,0,0,0,0.00,0.00,0.00,0.00,0,False,14,37,2025-26,Maldini Kacurri,1,3,True
0,0,0,0,0,0,0,0,0,0,0,0,0,0.0,0.0,0.0,0.0,0,0,0,0,0,0.00,0.00,0.00,0.00,0,False,15,37,2025-26,Josh Nichols,1,3,True
90,0,1,1,0,0,0,0,0,0,0,2,27,24.4,18.7,24.0,6.7,2,6,5,13,1,0.20,0.29,0.49,0.19,10,False,16,37,2025-26,Bukayo Saka,1,3,True
90,0,0,1,0,0,0,0,0,0,0,0,10,6.8,18.7,7.0,3.3,0,3,0,3,1,0.21,0.09,0.30,0.19,3,False,17,37,2025-26,Martin Ødegaard,1,3,True
0,0,0,0,0,0,0,0,0,0,0,0,0,0.0,0.0,0.0,0.0,0,0,0,0,0,0.00,0.00,0.00,0.00,0,False,18,37,2025-26,Noni Madueke,1,3,True
1,0,0,0,0,0,0,0,0,0,0,0,3,0.0,0.0,2.0,0.2,0,1,0,1,0,0.00,0.00,0.00,0.00,1,False,19,37,2025-26,Gabriel Martinelli Silva,1,3,True
90,0,0,1,0,0,0,0,0,0,0,0,12,0.8,14.3,7.0,2.2,0,4,0,4,1,0.08,0.11,0.18,0.19,3,False,20,37,2025-26,Leandro Trossard,1,3,True
90,0,0,1,0,0,0,0,0,0,0,0,19,24.6,6.3,4.0,3.5,4,7,5,16,1,0.00,0.04,0.04,0.19,5,False,21,37,2025-26,Declan Rice,1,3,True
0,0,0,0,0,0,0,0,0,0,0,0,0,0.0,0.0,0.0,0.0,0,0,0,0,0,0.00,0.00,0.00,0.00,0,False,22,37,2025-26,Mikel Merino Zazón,1,3,True
0,0,0,0,0,0,0,0,0,0,0,0,0,0.0,0.0,0.0,0.0,0,0,0,0,0,0.00,0.00,0.00,0.00,0,False,23,37,2025-26,Fábio Ferreira Vieira,1,3,True
0,0,0,0,0,0,0,0,0,0,0,0,0,0.0,0.0,0.0,0.0,0,0,0,0,0,0.00,0.00,0.00,0.00,0,False,24,37,2025-26,Christian Nørgaard,1,3,True
0,0,0,0,0,0,0,0,0,0,0,0,0,0.0,0.0,0.0,0.0,0,0,0,0,0,0.00,0.00,0.00,0.00,0,False,25,37,2025-26,Ethan Nwaneri,1,3,True
1,0,0,0,0,0,0,0,0,0,0,0,3,0.0,0.0,0.0,0.0,0,0,0,0,0,0.00,0.00,0.00,0.00,1,False,26,37,2025-26,Martín Zubimendi Ibáñez,1,3,True
0,0,0,0,0,0,0,0,0,0,0,0,0,0.0,0.0,0.0,0.0,0,0,0,0,0,0.00,0.00,0.00,0.00,0,False,27,37,2025-26,Reiss Nelson,5,8,True
0,0,0,0,0,0,0,0,0,0,0,0,0,0.0,0.0,0.0,0.0,0,0,0,0,0,0.00,0.00,0.00,0.00,0,False,28,37,2025-26,Ismeal Kabia,1,3,True
0,0,0,0,0,0,0,0,0,0,0,0,0,0.0,0.0,0.0,0.0,0,0,0,0,0,0.00,0.00,0.00,0.00,0,False,29,37,2025-26,Albert Sambi Lokonga,1,3,True
72,1,0,1,0,0,0,0,1,0,0,3,34,35.4,36.2,54.0,12.6,0,2,0,2,1,0.39,0.33,0.72,0.19,8,False,30,37,2025-26,Kai Havertz,1,3,True
0,0,0,0,0,0,0,0,0,0,0,0,0,0.0,0.0,0.0,0.0,0,0,0,0,0,0.00,0.00,0.00,0.00,0,False,31,37,2025-26,Gabriel Fernando de Jesus,1,3,True
90,0,0,0,2,0,0,0,0,0,3,0,7,20.6,0.0,0.0,2.1,1,7,0,0,1,0.00,0.01,0.01,1.43,2,False,32,37,2025-26,Emiliano Martínez Romero,2,12,True
0,0,0,0,0,0,0,0,0,0,0,0,0,0.0,0.0,0.0,0.0,0,0,0,0,0,0.00,0.00,0.00,0.00,0,False,33,37,2025-26,Marco Bizot,2,12,True
0,0,0,0,0,0,0,0,0,0,0,0,0,0.0,0.0,0.0,0.0,0,0,0,0,0,0.00,0.00,0.00,0.00,0,False,34,37,2025-26,Joe Gauci,2,12,True
0,0,0,0,0,0,0,0,0,0,0,0,0,0.0,0.0,0.0,0.0,0,0,0,0,0,0.00,0.00,0.00,0.00,0,False,35,37,2025-26,Filip Marschall,2,12,True
90,0,0,0,2,0,0,0,1,0,0,0,3,16.6,12.4,2.0,3.1,5,3,2,7,1,0.01,0.01,0.02,1.43,0,False,36,37,2025-26,Matty Cash,2,12,True
90,0,1,0,2,0,0,0,0,0,0,0,9,23.4,16.3,4.0,4.4,5,2,1,6,1,0.04,0.06,0.10,1.43,4,False,37,37,2025-26,Lucas Digne,2,12,True
90,0,0,0,2,0,0,0,0,0,0,0,9,13.6,0.9,0.0,1.5,6,4,0,6,1,0.00,0.01,0.01,1.43,1,False,38,37,2025-26,Ezri Konsa Ngoyo,2,12,True
5,0,0,0,1,0,0,0,0,0,0,0,-1,1.0,0.0,0.0,0.1,0,0,0,0,0,0.00,0.00,0.00,0.27,1,False,39,37,2025-26,Ian Maatsen,2,12,True
0,0,0,0,0,0,0,0,0,0,0,0,0,0.0,0.0,0.0,0.0,0,0,0,0,0,0.00,0.00,0.00,0.00,0,False,40,37,2025-26,Tyrone Mings,2,12,True
90,0,1,0,2,0,0,0,0,0,0,0,13,17.6,0.3,17.0,3.5,3,1,1,4,1,0.55,0.00,0.55,1.43,4,False,41,37,2025-26,Pau Torres,2,12,True
0,0,0,0,0,0,0,0,0,0,0,0,0,0.0,0.0,0.0,0.0,0,0,0,0,0,0.00,0.00,0.00,0.00,0,False,42,37,2025-26,Andrés García,2,12,True
0,0,0,0,0,0,0,0,0,0,0,0,0,0.0,0.0,0.0,0.0,0,0,0,0,0,0.00,0.00,0.00,0.00,0,False,43,37,2025-26,Álex Moreno Lopera,2,12,True
0,0,0,0,0,0,0,0,0,0,0,0,0,0.0,0.0,0.0,0.0,0,0,0,0,0,0.00,0.00,0.00,0.00,0,False,44,37,2025-26,Lamare Bogarde,2,12,True
0,0,0,0,0,0,0,0,0,0,0,0,0,0.0,0.0,0.0,0.0,0,0,0,0,0,0.00,0.00,0.00,0.00,0,False,45,37,2025-26,Lino da Cruz Sousa,2,12,True
0,0,0,0,0,0,0,0,0,0,0,0,0,0.0,0.0,0.0,0.0,0,0,0,0,0,0.00,0.00,0.00,0.00,0,False,46,37,2025-26,Yasin Özcan,2,12,True
90,1,1,0,2,0,0,0,0,0,0,2,50,65.6,51.8,21.0,13.8,2,6,2,10,1,0.05,0.27,0.32,1.43,12,True,47,37,2025-26,Morgan Rogers,2,12,True
89,0,0,0,1,0,0,0,0,0,0,0,17,13.2,16.9,7.0,3.7,1,2,2,5,1,0.02,0.02,0.04,1.16,2,False,48,37,2025-26,Youri Tielemans,2,12,True
0,0,0,0,0,0,0,0,0,0,0,0,0,0.0,0.0,0.0,0.0,0,0,0,0,0,0.00,0.00,0.00,0.00,0,False,49,37,2025-26,Leon Bailey,2,12,True
84,0,0,0,1,0,0,0,0,0,0,0,13,6.4,25.0,6.0,3.7,4,4,1,9,1,0.02,0.21,0.23,1.16,2,False,50,37,2025-26,Emiliano Buendía Stati,2,12,True
0,0,0,0,0,0,0,0,0,0,0,0,0,0.0,0.0,0.0,0.0,0,0,0,0,0,0.00,0.00,0.00,0.00,0,False,51,37,2025-26,Samuel Iling-Junior,2,12,True
90,0,1,0,1,0,0,0,0,0,0,2,35,32.0,29.4,10.0,7.1,0,7,5,12,1,0.00,0.19,0.19,0.95,9,False,52,37,2025-26,Jacob Ramsey,15,19,True
0,0,0,0,0,0,0,0,0,0,0,0,0,0.0,0.0,0.0,0.0,0,0,0,0,0,0.00,0.00,0.00,0.00,0,False,53,37,2025-26,Donyell Malen,2,12,True
89,1,0,0,1,0,0,0,1,0,0,0,26,35.2,3.4,11.0,5.0,1,3,1,5,1,0.03,0.01,0.04,1.16,6,False,54,37,2025-26,John McGinn,2,12,True
45,0,0,0,2,0,0,0,0,0,0,0,7,5.0,1.5,2.0,0.9,1,3,1,5,0,0.02,0.01,0.03,1.24,1,False,55,37,2025-26,Ross Barkley,2,12,True
0,0,0,0,0,0,0,0,0,0,0,0,0,0.0,0.0,0.0,0.0,0,0,0,0,0,0.00,0.00,0.00,0.00,0,False,56,37,2025-26,Enzo Barrenechea,2,12,True
0,0,0,0,0,0,0,0,0,0,0,0,0,0.0,0.0,0.0,0.0,0,0,0,0,0,0.00,0.00,0.00,0.00,0,False,57,37,2025-26,Lewis Dobbin,2,12,True
0,0,0,0,0,0,0,0,0,0,0,0,0,0.0,0.0,0.0,0.0,0,0,0,0,0,0.00,0.00,0.00,0.00,0,False,58,37,2025-26,Boubacar Kamara,2,12,True
0,0,0,0,0,0,0,0,0,0,0,0,0,0.0,0.0,0.0,0.0,0,0,0,0,0,0.00,0.00,0.00,0.00,0,False,59,37,2025-26,Amadou Onana,2,12,True
0,0,0,0,0,0,0,0,0,0,0,0,0,0.0,0.0,0.0,0.0,0,0,0,0,0,0.00,0.00,0.00,0.00,0,False,60,37,2025-26,Ben Broggio,2,12,True
0,0,0,0,0,0,0,0,0,0,0,0,0,0.0,0.0,0.0,0.0,0,0,0,0,0,0.00,0.00,0.00,0.00,0,False,61,37,2025-26,Leander Dendoncker,2,12,True
0,0,0,0,0,0,0,0,0,0,0,0,0,0.0,0.0,0.0,0.0,0,0,0,0,0,0.00,0.00,0.00,0.00,0,False,62,37,2025-26,Jamaldeen Jimoh-Aloba,2,12,True
0,0,0,0,0,0,0,0,0,0,0,0,0,0.0,0.0,0.0,0.0,0,0,0,0,0,0.00,0.00,0.00,0.00,0,False,63,37,2025-26,Kadan Young,2,12,True
90,2,1,0,2,0,0,0,1,0,0,3,65,90.2,12.3,129.0,23.2,1,0,0,1,1,1.52,0.02,1.54,1.43,15,True,64,37,2025-26,Ollie Watkins,2,12,True
0,0,0,0,0,0,0,0,0,0,0,0,0,0.0,0.0,0.0,0.0,0,0,0,0,0,0.00,0.00,0.00,0.00,0,False,65,37,2025-26,Zépiqueno Redmond,2,12,True
0,0,0,0,0,0,0,0,0,0,0,0,0,0.0,0.0,0.0,0.0,0,0,0,0,0,0.00,0.00,0.00,0.00,0,False,66,37,2025-26,Norberto Murara Neto,4,13,True
90,0,0,0,1,0,0,0,0,0,3,0,13,22.4,0.0,0.0,2.2,0,10,0,0,1,0.00,0.00,0.00,1.67,3,False,67,37,2025-26,Đorđe Petrović,4,13,True
0,0,0,0,0,0,0,0,0,0,0,0,0,0.0,0.0,0.0,0.0,0,0,0,0,0,0.00,0.00,0.00,0.00,0,False,68,37,2025-26,Will Dennis,4,13,True
0,0,0,0,0,0,0,0,0,0,0,0,0,0.0,0.0,0.0,0.0,0,0,0,0,0,0.00,0.00,0.00,0.00,0,False,69,37,2025-26,Callan McKenna,4,13,True
0,0,0,0,0,0,0,0,0,0,0,0,0,0.0,0.0,0.0,0.0,0,0,0,0,0,0.00,0.00,0.00,0.00,0,False,70,37,2025-26,Alex Paulsen,4,13,True
0,0,0,0,0,0,0,0,0,0,0,0,0,0.0,0.0,0.0,0.0,0,0,0,0,0,0.00,0.00,0.00,0.00,0,False,71,37,2025-26,Illia Zabarnyi,4,13,True
90,0,0,0,1,0,0,0,0,0,0,0,13,22.2,1.0,0.0,2.3,9,4,1,10,1,0.00,0.01,0.01,1.67,4,False,72,37,2025-26,Marcos Senesi Barón,4,13,True
89,0,0,1,0,0,0,0,0,0,0,0,18,14.8,1.4,0.0,1.6,4,1,1,5,1,0.00,0.01,0.01,1.16,6,False,73,37,2025-26,Adam Smith,4,13,True
90,0,1,0,1,0,0,0,1,0,0,0,17,33.2,27.8,6.0,6.7,2,3,4,6,1,0.00,0.19,0.19,1.67,4,False,74,37,2025-26,Adrien Truffert,4,13,True
0,0,0,0,0,0,0,0,0,0,0,0,0,0.0,0.0,0.0,0.0,0,0,0,0,0,0.00,0.00,0.00,0.00,0,False,75,37,2025-26,Matai Akinmboni,4,13,True
0,0,0,0,0,0,0,0,0,0,0,0,0,0.0,0.0,0.0,0.0,0,0,0,0,0,0.00,0.00,0.00,0.00,0,False,76,37,2025-26,Owen Bevan,4,13,True
90,0,0,0,1,0,0,0,1,0,0,0,8,17.2,10.1,8.0,3.5,6,3,1,7,1,0.10,0.00,0.10,1.67,1,False,77,37,2025-26,James Hill,4,13,True
0,0,0,0,0,0,0,0,0,0,0,0,0,0.0,0.0,0.0,0.0,0,0,0,0,0,0.00,0.00,0.00,0.00,0,False,78,37,2025-26,Julián Araujo Zúñiga,4,13,True
0,0,0,0,0,0,0,0,0,0,0,0,0,0.0,0.0,0.0,0.0,0,0,0,0,0,0.00,0.00,0.00,0.00,0,False,79,37,2025-26,Chris Mepham,4,13,True
0,0,0,0,0,0,0,0,0,0,0,0,0,0.0,0.0,0.0,0.0,0,0,0,0,0,0.00,0.00,0.00,0.00,0,False,80,37,2025-26,Julio Soler Barreto,4,13,True
14,0,0,0,1,0,0,0,1,0,0,0,-2,1.2,0.3,0.0,0.2,1,1,0,2,0,0.00,0.00,0.00,0.67,0,False,81,37,2025-26,Justin Kluivert,4,13,True
55,0,0,0,1,0,0,0,0,0,0,0,5,6.2,15.2,13.0,3.4,0,2,0,2,1,0.03,0.06,0.09,0.75,1,False,82,37,2025-26,Antoine Semenyo,13,4,False
90,2,0,0,2,0,0,0,0,0,0,3,45,72.0,12.6,82.0,16.7,2,0,0,2,1,0.92,0.03,0.95,1.72,15,True,83,37,2025-26,Dango Ouattara,5,8,True
90,0,0,0,1,0,0,0,0,0,0,0,24,15.6,49.8,6.0,7.1,1,6,2,9,1,0.00,0.54,0.54,1.67,2,False,84,37,2025-26,Marcus Tavernier,4,13,True
90,0,0,0,1,0,0,0,1,0,0,0,12,13.2,2.4,0.0,1.6,4,4,4,12,1,0.00,0.01,0.01,1.67,3,False,85,37,2025-26,Tyler Adams,4,13,True
6,0,0,0,1,0,0,0,0,0,0,0,1,5.2,10.3,18.0,3.4,0,0,1,1,0,0.65,0.01,0.66,0.51,1,False,86,37,2025-26,David Brooks,4,13,True
0,0,0,0,0,0,0,0,0,0,0,0,0,0.0,0.0,0.0,0.0,0,0,0,0,0,0.00,0.00,0.00,0.00,0,False,87,37,2025-26,Ryan Christie,4,13,True
1,0,0,0,1,0,0,0,0,0,0,0,3,0.4,0.3,0.0,0.1,0,0,0,0,0,0.00,0.00,0.00,0.51,1,False,88,37,2025-26,Lewis Cook,4,13,True
0,0,0,0,0,0,0,0,0,0,0,0,0,0.0,0.0,0.0,0.0,0,0,0,0,0,0.00,0.00,0.00,0.00,0,False,89,37,2025-26,Philip Billing,4,13,True
90,0,0,0,1,0,0,0,0,0,0,0,20,18.6,13.5,0.0,3.2,6,10,2,18,1,0.00,0.01,0.01,1.67,4,False,90,37,2025-26,Alex Scott,4,13,True
0,0,0,0,0,0,0,0,0,0,0,0,0,0.0,0.0,0.0,0.0,0,0,0,0,0,0.00,0.00,0.00,0.00,0,False,91,37,2025-26,Luis Sinisterra Lucumí,4,13,True
0,0,0,0,0,0,0,0,0,0,0,0,0,0.0,0.0,0.0,0.0,0,0,0,0,0,0.00,0.00,0.00,0.00,0,False,92,37,2025-26,Romain Faivre,4,13,True
0,0,0,0,0,0,0,0,0,0,0,0,0,0.0,0.0,0.0,0.0,0,0,0,0,0,0.00,0.00,0.00,0.00,0,False,93,37,2025-26,Hamed Traorè,4,13,True
0,0,0,0,0,0,0,0,0,0,0,0,0,0.0,0.0,0.0,0.0,0,0,0,0,0,0.00,0.00,0.00,0.00,0,False,94,37,2025-26,Dominic Sadi,4,13,True
0,0,0,0,0,0,0,0,0,0,0,0,0,0.0,0.0,0.0,0.0,0,0,0,0,0,0.00,0.00,0.00,0.00,0,False,95,37,2025-26,Zain Silcott-Duberry,4,13,True
0,0,0,0,0,0,0,0,0,0,0,0,0,0.0,0.0,0.0,0.0,0,0,0,0,0,0.00,0.00,0.00,0.00,0,False,96,37,2025-26,Ben Winterburn,4,13,True
88,0,0,1,0,0,0,0,0,0,0,0,14,13.4,12.3,14.0,4.0,4,3,1,8,1,0.71,0.04,0.75,1.16,2,False,97,37,2025-26,Francisco Evanilson de Lima Barbosa,4,13,True
1,0,0,0,1,0,0,0,0,0,0,0,7,9.4,10.1,0.0,2.0,2,2,0,4,0,0.00,0.00,0.00,0.51,1,False,98,37,2025-26,Enes Ünal,4,13,True
0,0,0,0,0,0,0,0,0,0,0,0,0,0.0,0.0,0.0,0.0,0,0,0,0,0,0.00,0.00,0.00,0.00,0,False,99,37,2025-26,Daniel Adu-Adjei,4,13,True
75,1,0,1,0,0,0,0,0,0,0,2,32,33.0,6.3,22.0,6.1,1,2,0,3,1,0.19,0.16,0.35,1.00,8,False,100,37,2025-26,Junior Kroupi,4,13,True
90,0,0,0,2,0,0,0,0,0,3,0,5,10.6,0.0,0.0,1.1,1,16,0,0,1,0.00,0.00,0.00,1.72,2,False,101,37,2025-26,Caoimhín Kelleher,5,8,True
0,0,0,0,0,0,0,0,0,0,0,0,0,0.0,0.0,0.0,0.0,0,0,0,0,0,0.00,0.00,0.00,0.00,0,False,102,37,2025-26,Ellery Balcombe,5,8,True
0,0,0,0,0,0,0,0,0,0,0,0,0,0.0,0.0,0.0,0.0,0,0,0,0,0,0.00,0.00,0.00,0.00,0,False,103,37,2025-26,Matthew Cox,5,8,True
0,0,0,0,0,0,0,0,0,0,0,0,0,0.0,0.0,0.0,0.0,0,0,0,0,0,0.00,0.00,0.00,0.00,0,False,104,37,2025-26,Julian Eyestone,5,8,True
0,0,0,0,0,0,0,0,0,0,0,0,0,0.0,0.0,0.0,0.0,0,0,0,0,0,0.00,0.00,0.00,0.00,0,False,105,37,2025-26,Hákon Rafn Valdimarsson,5,8,True
90,0,0,0,2,0,0,0,0,0,0,0,11,33.2,0.9,7.0,4.1,13,8,0,13,1,0.10,0.01,0.11,1.72,3,False,106,37,2025-26,Nathan Collins,5,8,True
90,0,0,0,2,0,0,0,0,0,0,0,3,3.4,1.9,5.0,1.0,3,5,0,3,1,0.09,0.02,0.11,1.72,1,False,107,37,2025-26,Keane Lewis-Potter,5,8,True
81,0,0,0,2,0,0,0,0,0,0,0,10,19.6,0.3,0.0,2.0,11,5,1,12,1,0.00,0.00,0.00,1.69,3,False,108,37,2025-26,Kristoffer Ajer,5,8,True
0,0,0,0,0,0,0,0,0,0,0,0,0,0.0,0.0,0.0,0.0,0,0,0,0,0,0.00,0.00,0.00,0.00,0,False,109,37,2025-26,Rico Henry,5,8,True
90,0,0,0,2,0,0,0,1,0,0,0,1,10.2,10.8,0.0,2.1,3,4,0,3,1,0.00,0.06,0.06,1.72,0,False,110,37,2025-26,Michael Kayode,5,8,True
0,0,0,0,0,0,0,0,0,0,0,0,0,0.0,0.0,0.0,0.0,0,0,0,0,0,0.00,0.00,0.00,0.00,0,False,111,37,2025-26,Ethan Pinnock,5,8,True
0,0,0,0,0,0,0,0,0,0,0,0,0,0.0,0.0,0.0,0.0,0,0,0,0,0,0.00,0.00,0.00,0.00,0,False,112,37,2025-26,Mads Roerslev Rasmussen,5,8,True
8,0,1,0,0,0,0,0,0,0,0,0,19,28.0,10.4,9.0,4.7,4,1,1,5,0,0.18,0.48,0.66,0.03,4,False,113,37,2025-26,Sepp van den Berg,5,8,True
0,0,0,0,0,0,0,0,0,0,0,0,0,0.0,0.0,0.0,0.0,0,0,0,0,0,0.00,0.00,0.00,0.00,0,False,114,37,2025-26,Benjamin Arthur,5,8,True
0,0,0,0,0,0,0,0,0,0,0,0,0,0.0,0.0,0.0,0.0,0,0,0,0,0,0.00,0.00,0.00,0.00,0,False,115,37,2025-26,Benjamin Fredrick,5,8,True
0,0,0,0,0,0,0,0,0,0,0,0,0,0.0,0.0,0.0,0.0,0,0,0,0,0,0.00,0.00,0.00,0.00,0,False,116,37,2025-26,Aaron Hickey,5,8,True
0,0,0,0,0,0,0,0,0,0,0,0,0,0.0,0.0,0.0,0.0,0,0,0,0,0,0.00,0.00,0.00,0.00,0,False,117,37,2025-26,Kim Ji-soo,5,8,True
0,0,0,0,0,0,0,0,0,0,0,0,0,0.0,0.0,0.0,0.0,0,0,0,0,0,0.00,0.00,0.00,0.00,0,False,118,37,2025-26,Jayden Meghoma,5,8,True
79,1,0,0,2,0,0,0,0,0,0,0,18,28.0,6.8,46.0,8.1,0,3,0,3,1,2.57,0.02,2.59,1.62,7,False,119,37,2025-26,Bryan Mbeumo,14,16,True
27,0,0,0,0,0,0,0,0,0,0,0,-1,0.0,0.3,13.0,0.9,0,0,0,0,0,0.21,0.00,0.21,0.05,1,False,120,37,2025-26,Kevin Schade,5,8,True
90,0,0,0,2,0,0,0,0,0,0,0,13,9.0,30.8,3.0,4.3,0,9,1,10,1,0.03,0.35,0.38,1.72,2,False,121,37,2025-26,Mikkel Damsgaard,5,8,True
0,0,0,0,0,0,0,0,0,0,0,0,0,0.0,0.0,0.0,0.0,0,0,0,0,0,0.00,0.00,0.00,0.00,0,False,122,37,2025-26,Antoni Milambo,5,8,True
0,0,0,0,0,0,0,0,0,0,0,0,0,0.0,0.0,0.0,0.0,0,0,0,0,0,0.00,0.00,0.00,0.00,0,False,123,37,2025-26,Fábio Freitas Gouveia Carvalho,5,8,True
27,0,0,0,0,0,0,0,0,0,0,0,4,4.0,11.5,2.0,1.8,0,2,0,2,0,0.00,0.03,0.03,0.05,1,False,124,37,2025-26,Jordan Henderson,5,8,True
62,0,0,0,2,0,0,0,0,0,0,0,13,6.6,20.6,0.0,2.7,3,2,0,5,1,0.00,0.21,0.21,1.67,2,False,125,37,2025-26,Vitaly Janelt,5,8,True
62,0,0,0,2,0,0,0,0,0,0,0,10,6.2,18.8,6.0,3.1,1,4,0,5,1,0.00,0.05,0.05,1.67,2,False,126,37,2025-26,Mathias Jensen,5,8,True
0,0,0,0,0,0,0,0,0,0,0,0,0,0.0,0.0,0.0,0.0,0,0,0,0,0,0.00,0.00,0.00,0.00,0,False,127,37,2025-26,Gustavo Nunes Fernandes Gomes,5,8,True
0,0,0,0,0,0,0,0,0,0,0,0,0,0.0,0.0,0.0,0.0,0,0,0,0,0,0.00,0.00,0.00,0.00,0,False,128,37,2025-26,Frank Onyeka,5,8,True
88,0,1,0,2,0,0,0,0,0,0,1,24,25.2,4.1,2.0,3.1,7,8,2,17,1,0.00,0.03,0.03,1.69,8,False,129,37,2025-26,Yehor Yarmoliuk,5,8,True
0,0,0,0,0,0,0,0,0,0,0,0,0,0.0,0.0,0.0,0.0,0,0,0,0,0,0.00,0.00,0.00,0.00,0,False,130,37,2025-26,Romelle Donovan,5,8,True
0,0,0,0,0,0,0,0,0,0,0,0,0,0.0,0.0,0.0,0.0,0,0,0,0,0,0.00,0.00,0.00,0.00,0,False,131,37,2025-26,Yunus Emre Konak,5,8,True
0,0,0,0,0,0,0,0,0,0,0,0,0,0.0,0.0,0.0,0.0,0,0,0,0,0,0.00,0.00,0.00,0.00,0,False,132,37,2025-26,Paris Maghoma,5,8,True
0,0,0,0,0,0,0,0,0,0,0,0,0,0.0,0.0,0.0,0.0,0,0,0,0,0,0.00,0.00,0.00,0.00,0,False,133,37,2025-26,Myles Peart-Harris,5,8,True
0,0,0,0,0,0,0,0,0,0,0,0,0,0.0,0.0,0.0,0.0,0,0,0,0,0,0.00,0.00,0.00,0.00,0,False,134,37,2025-26,Ryan Trevitt,5,8,True
5,0,0,0,0,0,0,0,0,0,0,0,5,2.0,0.0,0.0,0.2,0,0,1,1,0,0.00,0.00,0.00,0.05,1,False,135,37,2025-26,Yoane Wissa,15,19,True
90,0,0,0,2,0,0,0,0,0,0,0,0,10.0,11.8,14.0,3.6,5,2,0,7,1,0.11,0.05,0.16,1.72,2,False,136,37,2025-26,Igor Thiago Nascimento Rodrigues,5,8,True
0,0,0,0,0,0,0,0,0,0,0,0,0,0.0,0.0,0.0,0.0,0,0,0,0,0,0.00,0.00,0.00,0.00,0,False,137,37,2025-26,Iwan Morgan,5,8,True
0,0,0,0,0,0,0,0,0,0,0,0,0,0.0,0.0,0.0,0.0,0,0,0,0,0,0.00,0.00,0.00,0.00,0,False,138,37,2025-26,Jason Steele,6,11,False
90,0,0,0,1,0,0,0,0,0,1,0,5,7.6,0.0,0.0,0.8,1,10,0,0,1,0.00,0.00,0.00,0.39,2,False,139,37,2025-26,Bart Verbruggen,6,11,False
0,0,0,0,0,0,0,0,0,0,0,0,0,0.0,0.0,0.0,0.0,0,0,0,0,0,0.00,0.00,0.00,0.00,0,False,140,37,2025-26,Tom McGill,6,11,False
0,0,0,0,0,0,0,0,0,0,0,0,0,0.0,0.0,0.0,0.0,0,0,0,0,0,0.00,0.00,0.00,0.00,0,False,141,37,2025-26,Carl Rushworth,6,11,False
0,0,0,0,0,0,0,0,0,0,0,0,0,0.0,0.0,0.0,0.0,0,0,0,0,0,0.00,0.00,0.00,0.00,0,False,142,37,2025-26,Kjell Scherpen,6,11,False
0,0,0,0,0,0,0,0,0,0,0,0,0,0.0,0.0,0.0,0.0,0,0,0,0,0,0.00,0.00,0.00,0.00,0,False,143,37,2025-26,Olivier Boscagli,6,11,False
0,0,0,0,0,0,0,0,0,0,0,0,0,0.0,0.0,0.0,0.0,0,0,0,0,0,0.00,0.00,0.00,0.00,0,False,144,37,2025-26,Diego Coppola,6,11,False
90,0,0,0,1,0,0,0,0,0,0,0,13,17.6,47.8,7.0,7.2,5,6,0,5,1,0.09,0.50,0.59,0.39,2,False,145,37,2025-26,Maxim De Cuyper,6,11,False
90,0,0,0,1,0,0,0,0,0,0,0,13,19.6,12.3,7.0,3.9,7,5,0,7,1,0.23,0.01,0.24,0.39,2,False,146,37,2025-26,Lewis Dunk,6,11,False
0,0,0,0,0,0,0,0,0,0,0,0,0,0.0,0.0,0.0,0.0,0,0,0,0,0,0.00,0.00,0.00,0.00,0,False,147,37,2025-26,Pervis Estupiñán Tenorio,6,11,False
90,0,0,0,1,0,0,0,0,0,0,0,13,16.2,38.6,27.0,8.2,3,1,0,3,1,0.01,0.66,0.67,0.39,2,False,148,37,2025-26,Ferdi Kadıoğlu,6,11,False
0,0,0,0,0,0,0,0,0,0,0,0,0,0.0,0.0,0.0,0.0,0,0,0,0,0,0.00,0.00,0.00,0.00,0,False,149,37,2025-26,Igor Julio dos Santos de Paulo,6,11,False
0,0,0,0,0,0,0,0,0,0,0,0,0,0.0,0.0,0.0,0.0,0,0,0,0,0,0.00,0.00,0.00,0.00,0,False,150,37,2025-26,Tariq Lamptey,6,11,False
90,0,0,0,1,0,0,0,0,0,0,0,6,18.0,14.3,13.0,4.5,9,0,0,9,1,0.94,0.07,1.01,0.39,2,False,151,37,2025-26,Jan Paul van Hecke,6,11,False
64,0,0,1,0,0,0,0,0,0,0,0,22,8.0,3.7,5.0,1.7,2,1,2,4,1,0.16,0.06,0.22,0.22,6,False,152,37,2025-26,Joël Veltman,6,11,False
0,0,0,0,0,0,0,0,0,0,0,0,0,0.0,0.0,0.0,0.0,0,0,0,0,0,0.00,0.00,0.00,0.00,0,False,153,37,2025-26,Adam Webster,6,11,False
0,0,0,0,0,0,0,0,0,0,0,0,0,0.0,0.0,0.0,0.0,0,0,0,0,0,0.00,0.00,0.00,0.00,0,False,154,37,2025-26,Eiran Cashin,6,11,False
0,0,0,0,0,0,0,0,0,0,0,0,0,0.0,0.0,0.0,0.0,0,0,0,0,0,0.00,0.00,0.00,0.00,0,False,155,37,2025-26,Jacob Slater,6,11,False
0,0,0,0,0,0,0,0,0,0,0,0,0,0.0,0.0,0.0,0.0,0,0,0,0,0,0.00,0.00,0.00,0.00,0,False,156,37,2025-26,Charlie Tasker,6,11,False
0,0,0,0,0,0,0,0,0,0,0,0,0,0.0,0.0,0.0,0.0,0,0,0,0,0,0.00,0.00,0.00,0.00,0,False,157,37,2025-26,Mitoma Kaoru,6,11,False
25,0,0,0,1,0,0,0,0,0,0,0,3,5.2,13.3,26.0,4.5,0,1,1,2,0,0.36,0.32,0.68,0.17,1,False,158,37,2025-26,Georginio Rutter,6,11,False
1,0,0,0,1,0,0,0,0,0,0,0,2,0.0,0.3,0.0,0.0,0,0,0,0,0,0.00,0.00,0.00,0.07,1,False,159,37,2025-26,Solly March,6,11,False
90,0,0,1,0,0,0,0,0,0,0,0,12,13.0,25.3,4.0,4.2,3,3,0,6,1,0.00,0.29,0.29,0.32,3,False,160,37,2025-26,Yankuba Minteh,6,11,False
0,0,0,0,0,0,0,0,0,0,0,0,0,0.0,0.0,0.0,0.0,0,0,0,0,0,0.00,0.00,0.00,0.00,0,False,161,37,2025-26,Julio Enciso Espínola,6,11,False
0,0,0,0,0,0,0,0,0,0,0,0,0,0.0,0.0,0.0,0.0,0,0,0,0,0,0.00,0.00,0.00,0.00,0,False,162,37,2025-26,Brajan Gruda,6,11,False
81,0,0,1,0,0,0,0,0,0,0,0,11,7.8,25.7,31.0,6.5,2,2,1,5,1,0.30,0.34,0.64,0.32,3,False,163,37,2025-26,Jack Hinshelwood,6,11,False
0,0,0,0,0,0,0,0,0,0,0,0,0,0.0,0.0,0.0,0.0,0,0,0,0,0,0.00,0.00,0.00,0.00,0,False,164,37,2025-26,Matt O'Riley,6,11,False
0,0,0,0,0,0,0,0,0,0,0,0,0,0.0,0.0,0.0,0.0,0,0,0,0,0,0.00,0.00,0.00,0.00,0,False,165,37,2025-26,Abdallah Sima,6,11,False
8,0,0,0,1,0,0,0,0,0,0,0,3,1.8,0.2,2.0,0.4,1,1,0,2,0,0.00,0.00,0.00,0.07,1,False,166,37,2025-26,Yasin Ayari,6,11,False
81,0,0,1,0,0,0,0,0,0,0,0,14,19.8,13.5,7.0,4.0,6,4,0,10,1,0.06,0.02,0.08,0.32,3,False,167,37,2025-26,Carlos Baleba,6,11,False
0,0,0,0,0,0,0,0,0,0,0,0,0,0.0,0.0,0.0,0.0,0,0,0,0,0,0.00,0.00,0.00,0.00,0,False,168,37,2025-26,Facundo Buonanotte,11,6,True
25,0,0,0,1,0,0,0,0,0,0,0,-3,1.0,1.3,20.0,2.2,1,2,0,3,0,0.65,0.01,0.66,0.17,1,False,169,37,2025-26,Diego Gómez Amarilla,6,11,False
0,0,0,0,0,0,0,0,0,0,0,0,0,0.0,0.0,0.0,0.0,0,0,0,0,0,0.00,0.00,0.00,0.00,0,False,170,37,2025-26,James Milner,6,11,False
0,0,0,0,0,0,0,0,0,0,0,0,0,0.0,0.0,0.0,0.0,0,0,0,0,0,0.00,0.00,0.00,0.00,0,False,171,37,2025-26,Jeremy Sarmiento Morante,6,11,False
0,0,0,0,0,0,0,0,0,0,0,0,0,0.0,0.0,0.0,0.0,0,0,0,0,0,0.00,0.00,0.00,0.00,0,False,172,37,2025-26,Tom Watson,6,11,False
0,0,0,0,0,0,0,0,0,0,0,0,0,0.0,0.0,0.0,0.0,0,0,0,0,0,0.00,0.00,0.00,0.00,0,False,173,37,2025-26,Mats Wieffer,6,11,False
0,0,0,0,0,0,0,0,0,0,0,0,0,0.0,0.0,0.0,0.0,0,0,0,0,0,0.00,0.00,0.00,0.00,0,False,174,37,2025-26,Malick Yalcouyé,6,11,False
0,0,0,0,0,0,0,0,0,0,0,0,0,0.0,0.0,0.0,0.0,0,0,0,0,0,0.00,0.00,0.00,0.00,0,False,175,37,2025-26,Joe Knight,6,11,False
0,0,0,0,0,0,0,0,0,0,0,0,0,0.0,0.0,0.0,0.0,0,0,0,0,0,0.00,0.00,0.00,0.00,0,False,176,37,2025-26,Adrian Mazilu,6,11,False
0,0,0,0,0,0,0,0,0,0,0,0,0,0.0,0.0,0.0,0.0,0,0,0,0,0,0.00,0.00,0.00,0.00,0,False,177,37,2025-26,Andrew Moran,6,11,False
64,0,0,1,0,0,0,0,0,0,0,0,8,7.8,5.3,14.0,2.7,2,2,1,5,1,0.21,0.01,0.22,0.22,2,False,178,37,2025-26,Danny Welbeck,6,11,False
0,0,0,0,0,0,0,0,0,0,0,0,0,0.0,0.0,0.0,0.0,0,0,0,0,0,0.00,0.00,0.00,0.00,0,False,179,37,2025-26,Evan Ferguson,6,11,False
0,0,0,0,0,0,0,0,0,0,0,0,0,0.0,0.0,0.0,0.0,0,0,0,0,0,0.00,0.00,0.00,0.00,0,False,180,37,2025-26,Stefanos Tzimas,6,11,False
8,0,0,0,1,0,0,0,0,0,0,0,7,6.2,12.8,19.0,3.8,0,2,0,2,0,0.03,0.18,0.21,0.07,1,False,181,37,2025-26,Charalampos Kostoulas,6,11,False
0,0,0,0,0,0,0,0,0,0,0,0,0,0.0,0.0,0.0,0.0,0,0,0,0,0,0.00,0.00,0.00,0.00,0,False,182,37,2025-26,James Trafford,13,4,False
90,0,0,0,1,0,0,0,0,0,2,0,9,18.0,0.0,0.0,1.8,2,6,0,0,1,0.00,0.00,0.00,1.29,2,False,183,37,2025-26,Max Weiß,3,1,False
0,0,0,0,0,0,0,0,0,0,0,0,0,0.0,0.0,0.0,0.0,0,0,0,0,0,0.00,0.00,0.00,0.00,0,False,184,37,2025-26,Etienne Green,3,1,False
0,0,0,0,0,0,0,0,0,0,0,0,0,0.0,0.0,0.0,0.0,0,0,0,0,0,0.00,0.00,0.00,0.00,0,False,185,37,2025-26,Václav Hladký,3,1,False
0,0,0,0,0,0,0,0,0,0,0,0,0,0.0,0.0,0.0,0.0,0,0,0,0,0,0.00,0.00,0.00,0.00,0,False,186,37,2025-26,Connor Roberts,3,1,False
90,0,0,0,1,0,0,0,0,0,0,0,7,9.2,1.0,0.0,1.0,2,3,2,4,1,0.00,0.01,0.01,1.29,2,False,187,37,2025-26,Kyle Walker,3,1,False
0,0,0,0,0,0,0,0,0,0,0,0,0,0.0,0.0,0.0,0.0,0,0,0,0,0,0.00,0.00,0.00,0.00,0,False,188,37,2025-26,Hannes Delcroix,3,1,False
0,0,0,0,0,0,0,0,0,0,0,0,0,0.0,0.0,0.0,0.0,0,0,0,0,0,0.00,0.00,0.00,0.00,0,False,189,37,2025-26,Owen Dodgson,3,1,False
0,0,0,0,0,0,0,0,0,0,0,0,0,0.0,0.0,0.0,0.0,0,0,0,0,0,0.00,0.00,0.00,0.00,0,False,190,37,2025-26,Hjalmar Ekdal,3,1,False
81,0,0,0,1,0,0,0,0,0,0,0,11,23.6,0.2,0.0,2.4,5,4,4,9,1,0.00,0.00,0.00,1.27,2,False,191,37,2025-26,Maxime Estève,3,1,False
0,0,0,0,0,0,0,0,0,0,0,0,0,0.0,0.0,0.0,0.0,0,0,0,0,0,0.00,0.00,0.00,0.00,0,False,192,37,2025-26,Quilindschy Hartman,3,1,False
8,0,0,0,0,0,0,0,0,0,0,0,4,4.6,0.4,0.0,0.5,2,0,0,2,0,0.00,0.00,0.00,0.03,1,False,193,37,2025-26,Bashir Humphreys,3,1,False
0,0,0,0,0,0,0,0,0,0,0,0,0,0.0,0.0,0.0,0.0,0,0,0,0,0,0.00,0.00,0.00,0.00,0,False,194,37,2025-26,Jordan Beyer,3,1,False
90,0,0,0,1,0,0,0,1,0,0,0,5,13.8,5.3,0.0,1.9,6,4,3,9,1,0.00,0.14,0.14,1.29,1,False,195,37,2025-26,Lucas Pires Silva,3,1,False
0,0,0,0,0,0,0,0,0,0,0,0,0,0.0,0.0,0.0,0.0,0,0,0,0,0,0.00,0.00,0.00,0.00,0,False,196,37,2025-26,Shurandy Sambo,3,1,False
0,0,0,0,0,0,0,0,0,0,0,0,0,0.0,0.0,0.0,0.0,0,0,0,0,0,0.00,0.00,0.00,0.00,0,False,197,37,2025-26,Oliver Sonne,3,1,False
90,0,0,0,1,0,0,0,0,0,0,0,8,12.6,0.2,0.0,1.3,5,2,0,5,1,0.00,0.00,0.00,1.29,2,False,198,37,2025-26,Axel Tuanzebe,3,1,False
0,0,0,0,0,0,0,0,0,0,0,0,0,0.0,0.0,0.0,0.0,0,0,0,0,0,0.00,0.00,0.00,0.00,0,False,199,37,2025-26,Joe Worrall,3,1,False
90,0,0,0,1,0,0,0,0,0,0,0,5,0.0,7.0,1.0,0.8,1,4,1,6,1,0.02,0.02,0.04,1.29,2,False,200,37,2025-26,Jaidon Anthony,3,1,False
0,0,0,0,0,0,0,0,0,0,0,0,0,0.0,0.0,0.0,0.0,0,0,0,0,0,0.00,0.00,0.00,0.00,0,False,201,37,2025-26,Manuel Benson Hedilazio,3,1,False
8,0,0,0,0,0,0,0,0,0,0,0,3,0.0,0.1,0.0,0.0,0,0,0,0,0,0.00,0.00,0.00,0.03,1,False,202,37,2025-26,Jacob Bruun Larsen,3,1,False
0,0,0,0,0,0,0,0,0,0,0,0,0,0.0,0.0,0.0,0.0,0,0,0,0,0,0.00,0.00,0.00,0.00,0,False,203,37,2025-26,Enock Agyei,3,1,False
0,0,0,0,0,0,0,0,0,0,0,0,0,0.0,0.0,0.0,0.0,0,0,0,0,0,0.00,0.00,0.00,0.00,0,False,204,37,2025-26,Darko Churlinov,3,1,False
0,0,0,0,0,0,0,0,0,0,0,0,0,0.0,0.0,0.0,0.0,0,0,0,0,0,0.00,0.00,0.00,0.00,0,False,205,37,2025-26,Josh Cullen,3,1,False
0,0,0,0,0,0,0,0,0,0,0,0,0,0.0,0.0,0.0,0.0,0,0,0,0,0,0.00,0.00,0.00,0.00,0,False,206,37,2025-26,Marcus Edwards,3,1,False
69,0,0,0,1,0,0,0,1,0,0,0,1,0.0,15.1,7.0,2.2,0,1,1,2,1,0.11,0.01,0.12,1.27,1,False,207,37,2025-26,Hannibal Mejbri,3,1,False
0,0,0,0,0,0,0,0,0,0,0,0,0,0.0,0.0,0.0,0.0,0,0,0,0,0,0.00,0.00,0.00,0.00,0,False,208,37,2025-26,Luca Koleosho,3,1,False
19,0,0,0,0,0,0,0,0,0,0,0,0,8.4,0.1,0.0,0.9,1,0,3,4,0,0.00,0.00,0.00,0.03,1,False,209,37,2025-26,Josh Laurent,3,1,False
81,0,0,0,1,0,0,0,0,0,0,0,7,3.6,25.2,9.0,3.8,0,4,0,4,1,0.04,0.02,0.06,1.27,2,False,210,37,2025-26,Loum Tchaouna,3,1,False
0,0,0,0,0,0,0,0,0,0,0,0,0,0.0,0.0,0.0,0.0,0,0,0,0,0,0.00,0.00,0.00,0.00,0,False,211,37,2025-26,Aaron Ramsey,3,1,False
0,0,0,0,0,0,0,0,0,0,0,0,0,0.0,0.0,0.0,0.0,0,0,0,0,0,0.00,0.00,0.00,0.00,0,False,212,37,2025-26,Oluwaseun Adewumi,3,1,False
0,0,0,0,0,0,0,0,0,0,0,0,0,0.0,0.0,0.0,0.0,0,0,0,0,0,0.00,0.00,0.00,0.00,0,False,213,37,2025-26,Jaydon Banel,3,1,False
0,0,0,0,0,0,0,0,0,0,0,0,0,0.0,0.0,0.0,0.0,0,0,0,0,0,0.00,0.00,0.00,0.00,0,False,214,37,2025-26,Mike Trésor Ndayishimiye,3,1,False
90,0,0,0,1,0,0,0,1,0,0,0,6,4.6,10.8,2.0,1.7,2,1,2,5,1,0.00,0.03,0.03,1.29,1,False,215,37,2025-26,Zian Flemming,3,1,False
20,0,0,0,0,0,0,0,0,0,0,0,4,0.0,1.3,0.0,0.1,0,0,0,0,0,0.00,0.00,0.00,0.03,1,False,216,37,2025-26,Zeki Amdouni,3,1,False
0,0,0,0,0,0,0,0,0,0,0,0,0,0.0,0.0,0.0,0.0,0,0,0,0,0,0.00,0.00,0.00,0.00,0,False,217,37,2025-26,Lyle Foster,3,1,False
0,0,0,0,0,0,0,0,0,0,0,0,0,0.0,0.0,0.0,0.0,0,0,0,0,0,0.00,0.00,0.00,0.00,0,False,218,37,2025-26,Ashley Barnes,3,1,False
0,0,0,0,0,0,0,0,0,0,0,0,0,0.0,0.0,0.0,0.0,0,0,0,0,0,0.00,0.00,0.00,0.00,0,False,219,37,2025-26,Michael Obafemi,3,1,False
90,0,0,0,1,0,0,0,0,0,2,0,11,19.2,0.0,0.0,1.9,0,9,0,0,1,0.00,0.00,0.00,1.72,2,False,220,37,2025-26,Robert Lynch Sánchez,7,18,True
0,0,0,0,0,0,0,0,0,0,0,0,0,0.0,0.0,0.0,0.0,0,0,0,0,0,0.00,0.00,0.00,0.00,0,False,221,37,2025-26,Filip Jörgensen,7,18,True
0,0,0,0,0,0,0,0,0,0,0,0,0,0.0,0.0,0.0,0.0,0,0,0,0,0,0.00,0.00,0.00,0.00,0,False,222,37,2025-26,Mike Penders,7,18,True
0,0,0,0,0,0,0,0,0,0,0,0,0,0.0,0.0,0.0,0.0,0,0,0,0,0,0.00,0.00,0.00,0.00,0,False,223,37,2025-26,Gabriel Słonina,7,18,True
90,0,0,0,1,0,0,0,1,0,0,0,6,8.8,1.5,2.0,1.2,2,1,3,5,1,0.00,0.00,0.00,1.72,1,False,224,37,2025-26,Marc Cucurella Saseta,7,18,True
0,0,0,0,0,0,0,0,0,0,0,0,0,0.0,0.0,0.0,0.0,0,0,0,0,0,0.00,0.00,0.00,0.00,0,False,225,37,2025-26,Reece James,7,18,True
16,0,0,0,0,0,0,0,0,0,0,0,4,3.4,0.4,0.0,0.4,2,0,0,2,0,0.00,0.00,0.00,0.21,1,False,226,37,2025-26,Trevoh Chalobah,7,18,True
0,0,0,0,0,0,0,0,0,0,0,0,0,0.0,0.0,0.0,0.0,0,0,0,0,0,0.00,0.00,0.00,0.00,0,False,227,37,2025-26,Levi Samuels Colwill,7,18,True
0,0,0,0,0,0,0,0,0,0,0,0,0,0.0,0.0,0.0,0.0,0,0,0,0,0,0.00,0.00,0.00,0.00,0,False,228,37,2025-26,Malo Gusto,7,18,True
0,0,0,0,0,0,0,0,0,0,0,0,0,0.0,0.0,0.0,0.0,0,0,0,0,0,0.00,0.00,0.00,0.00,0,False,229,37,2025-26,Benoît Badiashile Mukinayi,7,18,True
80,0,0,0,1,0,0,0,0,0,0,0,11,13.4,0.3,2.0,1.6,9,5,0,9,1,0.00,0.00,0.00,1.51,2,False,230,37,2025-26,Wesley Fofana,7,18,True
9,0,0,0,0,0,0,0,0,0,0,0,3,0.2,0.0,0.0,0.0,0,0,0,0,0,0.00,0.00,0.00,0.21,1,False,231,37,2025-26,Mamadou Sarr,7,18,True
0,0,0,0,0,0,0,0,0,0,0,0,0,0.0,0.0,0.0,0.0,0,0,0,0,0,0.00,0.00,0.00,0.00,0,False,232,37,2025-26,Tosin Adarabioyo,7,18,True
73,0,0,0,1,0,0,0,0,0,0,0,8,4.0,0.5,0.0,0.5,2,3,1,3,1,0.00,0.00,0.00,1.51,2,False,233,37,2025-26,Josh Acheampong,7,18,True
0,0,0,0,0,0,0,0,0,0,0,0,0,0.0,0.0,0.0,0.0,0,0,0,0,0,0.00,0.00,0.00,0.00,0,False,234,37,2025-26,Aarón Anselmino,7,18,True
88,0,0,0,1,0,0,0,0,0,0,0,9,6.4,11.9,12.0,3.0,0,4,1,5,1,0.20,0.09,0.29,1.67,2,False,235,37,2025-26,Cole Palmer,7,18,True
88,0,1,0,1,0,0,0,0,0,0,0,20,28.6,15.4,26.0,7.0,0,2,3,5,1,0.08,0.02,0.10,1.67,5,False,236,37,2025-26,Pedro Lomba Neto,7,18,True
90,1,1,0,1,0,0,0,0,0,0,3,46,55.2,27.3,10.0,9.3,1,7,1,9,1,0.06,0.49,0.55,1.72,13,True,237,37,2025-26,Enzo Fernández,7,18,True
0,0,0,0,0,0,0,0,0,0,0,0,0,0.0,0.0,0.0,0.0,0,0,0,0,0,0.00,0.00,0.00,0.00,0,False,238,37,2025-26,Estêvão Almeida de Oliveira Gonçalves,7,18,True
0,0,0,0,0,0,0,0,0,0,0,0,0,0.0,0.0,0.0,0.0,0,0,0,0,0,0.00,0.00,0.00,0.00,0,False,239,37,2025-26,Jamie Bynoe-Gittens,7,18,True
0,0,0,0,0,0,0,0,0,0,0,0,0,0.0,0.0,0.0,0.0,0,0,0,0,0,0.00,0.00,0.00,0.00,0,False,240,37,2025-26,Christopher Nkunku,7,18,True
90,0,0,0,1,0,0,0,0,0,0,0,17,7.2,17.5,0.0,2.5,1,6,0,7,1,0.00,0.01,0.01,1.72,2,False,241,37,2025-26,Moisés Caicedo Corozo,7,18,True
90,0,0,0,3,0,0,0,0,0,0,0,28,20.2,47.6,5.0,7.3,2,6,1,9,1,0.02,0.44,0.46,0.76,2,False,242,37,2025-26,Kiernan Dewsbury-Hall,9,17,True
17,0,0,0,2,0,0,0,0,0,0,0,10,7.2,19.3,0.0,2.7,0,0,0,0,0,0.00,0.46,0.46,0.29,1,False,243,37,2025-26,Tyrique George,9,17,True
0,0,0,0,0,0,0,0,0,0,0,0,0,0.0,0.0,0.0,0.0,0,0,0,0,0,0.00,0.00,0.00,0.00,0,False,244,37,2025-26,Roméo Lavia,7,18,True
0,0,0,0,0,0,0,0,0,0,0,0,0,0.0,0.0,0.0,0.0,0,0,0,0,0,0.00,0.00,0.00,0.00,0,False,245,37,2025-26,Mykhailo Mudryk,7,18,True
90,1,0,0,1,0,0,0,0,0,0,3,46,46.2,5.3,17.0,6.9,0,3,5,8,1,0.22,0.01,0.23,1.72,10,False,246,37,2025-26,Andrey Nascimento dos Santos,7,18,True
1,0,0,0,0,0,0,0,1,0,0,0,0,2.0,0.0,0.0,0.2,0,1,2,3,0,0.00,0.00,0.00,0.05,0,False,247,37,2025-26,Dário Luís Essugo,7,18,True
0,0,0,0,0,0,0,0,0,0,0,0,0,0.0,0.0,0.0,0.0,0,0,0,0,0,0.00,0.00,0.00,0.00,0,False,248,37,2025-26,Kendry Páez Andrade,7,18,True
0,0,0,0,0,0,0,0,0,0,0,0,0,0.0,0.0,0.0,0.0,0,0,0,0,0,0.00,0.00,0.00,0.00,0,False,249,37,2025-26,João Pedro Junqueira de Jesus,7,18,True
88,0,0,0,1,0,0,0,1,0,0,0,-1,0.0,3.0,4.0,0.3,0,1,1,2,1,0.06,0.01,0.07,1.67,1,False,250,37,2025-26,Liam Delap,7,18,True
0,0,0,0,0,0,0,0,0,0,0,0,0,0.0,0.0,0.0,0.0,0,0,0,0,0,0.00,0.00,0.00,0.00,0,False,251,37,2025-26,Nicolas Jackson,7,18,True
0,0,0,0,0,0,0,0,0,0,0,0,0,0.0,0.0,0.0,0.0,0,0,0,0,0,0.00,0.00,0.00,0.00,0,False,252,37,2025-26,Marc Guiu Paz,7,18,True
90,0,0,0,2,0,0,0,1,0,1,0,2,8.6,0.0,0.0,0.9,3,10,0,0,1,0.00,0.00,0.00,1.71,0,False,253,37,2025-26,Dean Henderson,8,5,False
0,0,0,0,0,0,0,0,0,0,0,0,0,0.0,0.0,0.0,0.0,0,0,0,0,0,0.00,0.00,0.00,0.00,0,False,254,37,2025-26,Walter Benítez,8,5,False
0,0,0,0,0,0,0,0,0,0,0,0,0,0.0,0.0,0.0,0.0,0,0,0,0,0,0.00,0.00,0.00,0.00,0,False,255,37,2025-26,Remi Matthews,8,5,False
90,0,1,0,2,0,0,0,0,0,0,0,17,42.6,32.3,24.0,9.9,8,3,3,11,1,0.06,0.03,0.09,1.71,6,False,256,37,2025-26,Daniel Muñoz Mejía,8,5,False
60,0,0,0,1,0,0,0,0,0,0,0,5,12.8,0.5,7.0,2.0,7,3,1,8,1,0.01,0.04,0.05,0.58,2,False,257,37,2025-26,Maxence Lacroix,8,5,False
90,0,0,0,2,0,0,0,0,0,0,0,10,19.8,6.8,12.0,3.9,4,6,4,8,1,0.26,0.14,0.40,1.71,1,False,258,37,2025-26,Tyrick Mitchell,8,5,False
0,0,0,0,0,0,0,0,0,0,0,0,0,0.0,0.0,0.0,0.0,0,0,0,0,0,0.00,0.00,0.00,0.00,0,False,259,37,2025-26,Borna Sosa,8,5,False
90,0,0,0,1,0,0,0,0,0,0,0,11,13.2,1.0,4.0,1.8,3,4,1,4,1,0.00,0.00,0.00,1.99,2,False,260,37,2025-26,Marc Guéhi,13,4,False
29,0,0,0,1,0,0,0,1,0,0,0,-3,1.4,0.1,0.0,0.2,2,1,0,2,0,0.00,0.00,0.00,1.14,0,False,261,37,2025-26,Chris Richards,8,5,False
73,0,0,0,1,0,0,0,0,0,0,0,5,6.2,0.8,6.0,1.3,6,4,0,6,1,0.04,0.00,0.04,0.58,2,False,262,37,2025-26,Chadi Riad Dnanou,8,5,False
0,0,0,0,0,0,0,0,0,0,0,0,0,0.0,0.0,0.0,0.0,0,0,0,0,0,0.00,0.00,0.00,0.00,0,False,263,37,2025-26,Nathaniel Clyne,8,5,False
0,0,0,0,0,0,0,0,0,0,0,0,0,0.0,0.0,0.0,0.0,0,0,0,0,0,0.00,0.00,0.00,0.00,0,False,264,37,2025-26,Rob Holding,8,5,False
0,0,0,0,0,0,0,0,0,0,0,0,0,0.0,0.0,0.0,0.0,0,0,0,0,0,0.00,0.00,0.00,0.00,0,False,265,37,2025-26,Caleb Kporha,8,5,False
72,0,0,1,0,0,0,0,0,0,0,0,19,5.2,13.8,30.0,4.9,0,4,0,4,1,0.41,0.04,0.45,0.19,3,False,266,37,2025-26,Eberechi Eze,1,3,True
90,1,0,0,2,0,0,0,0,0,0,0,19,39.4,11.7,27.0,7.8,2,3,0,5,1,0.90,0.09,0.99,1.30,7,False,267,37,2025-26,Ismaïla Sarr,8,5,False
0,0,0,0,0,0,0,0,0,0,0,0,0,0.0,0.0,0.0,0.0,0,0,0,0,0,0.00,0.00,0.00,0.00,0,False,268,37,2025-26,Cheick Doucouré,8,5,False
0,0,0,0,0,0,0,0,0,0,0,0,0,0.0,0.0,0.0,0.0,0,0,0,0,0,0.00,0.00,0.00,0.00,0,False,269,37,2025-26,Romain Esse,8,5,False
0,0,0,0,0,0,0,0,0,0,0,0,0,0.0,0.0,0.0,0.0,0,0,0,0,0,0.00,0.00,0.00,0.00,0,False,270,37,2025-26,Will Hughes,8,5,False
90,0,0,0,2,0,0,0,0,0,0,0,19,16.8,13.1,7.0,3.7,4,6,4,14,1,0.15,0.18,0.33,1.71,4,False,271,37,2025-26,Daichi Kamada,8,5,False
16,0,0,0,1,0,0,0,1,0,0,0,2,9.4,0.0,0.0,0.9,4,2,0,6,0,0.00,0.00,0.00,1.14,0,False,272,37,2025-26,Jefferson Lerma Solís,8,5,False
90,1,0,0,2,0,0,0,0,0,0,2,38,53.8,51.5,20.0,12.5,3,8,2,13,1,0.13,0.15,0.28,1.71,11,False,273,37,2025-26,Adam Wharton,8,5,False
0,0,0,0,0,0,0,0,0,0,0,0,0,0.0,0.0,0.0,0.0,0,0,0,0,0,0.00,0.00,0.00,0.00,0,False,274,37,2025-26,Asher Agbinone,8,5,False
0,0,0,0,0,0,0,0,0,0,0,0,0,0.0,0.0,0.0,0.0,0,0,0,0,0,0.00,0.00,0.00,0.00,0,False,275,37,2025-26,Naouirou Ahamada,8,5,False
0,0,0,0,0,0,0,0,0,0,0,0,0,0.0,0.0,0.0,0.0,0,0,0,0,0,0.00,0.00,0.00,0.00,0,False,276,37,2025-26,Justin Devenny,8,5,False
0,0,0,0,0,0,0,0,0,0,0,0,0,0.0,0.0,0.0,0.0,0,0,0,0,0,0.00,0.00,0.00,0.00,0,False,277,37,2025-26,Malcolm Ebiowei,8,5,False
0,0,0,0,0,0,0,0,0,0,0,0,0,0.0,0.0,0.0,0.0,0,0,0,0,0,0.00,0.00,0.00,0.00,0,False,278,37,2025-26,Jesurun Rak-Sakyi,8,5,False
0,0,0,0,0,0,0,0,0,0,0,0,0,0.0,0.0,0.0,0.0,0,0,0,0,0,0.00,0.00,0.00,0.00,0,False,279,37,2025-26,Matheus França de Oliveira,8,5,False
0,0,0,0,0,0,0,0,0,0,0,0,0,0.0,0.0,0.0,0.0,0,0,0,0,0,0.00,0.00,0.00,0.00,0,False,280,37,2025-26,David Ozoh,8,5,False
0,0,0,0,0,0,0,0,0,0,0,0,0,0.0,0.0,0.0,0.0,0,0,0,0,0,0.00,0.00,0.00,0.00,0,False,281,37,2025-26,Kaden Rodney,8,5,False
0,0,0,0,0,0,0,0,0,0,0,0,0,0.0,0.0,0.0,0.0,0,0,0,0,0,0.00,0.00,0.00,0.00,0,False,282,37,2025-26,Franco Umeh-Chibueze,8,5,False
29,0,0,0,1,0,0,0,0,0,0,0,3,2.0,4.0,2.0,0.8,0,0,0,0,0,0.00,0.01,0.01,1.14,1,False,283,37,2025-26,Jean-Philippe Mateta,8,5,False
0,0,0,0,0,0,0,0,0,0,0,0,0,0.0,0.0,0.0,0.0,0,0,0,0,0,0.00,0.00,0.00,0.00,0,False,284,37,2025-26,Eddie Nketiah,8,5,False
0,0,0,0,0,0,0,0,0,0,0,0,0,0.0,0.0,0.0,0.0,0,0,0,0,0,0.00,0.00,0.00,0.00,0,False,285,37,2025-26,Odsonne Édouard,8,5,False
0,0,0,0,0,0,0,0,0,0,0,0,0,0.0,0.0,0.0,0.0,0,0,0,0,0,0.00,0.00,0.00,0.00,0,False,286,37,2025-26,Zach Marsh,8,5,False
90,0,0,0,3,0,0,0,0,0,0,0,-1,8.2,0.0,0.0,0.8,3,12,0,0,1,0.00,0.00,0.00,0.76,1,False,287,37,2025-26,Jordan Pickford,9,17,True
0,0,0,0,0,0,0,0,0,0,0,0,0,0.0,0.0,0.0,0.0,0,0,0,0,0,0.00,0.00,0.00,0.00,0,False,288,37,2025-26,Mark Travers,9,17,True
0,0,0,0,0,0,0,0,0,0,0,0,0,0.0,0.0,0.0,0.0,0,0,0,0,0,0.00,0.00,0.00,0.00,0,False,289,37,2025-26,Harry Tyrer,9,17,True
0,0,0,0,0,0,0,0,0,0,0,0,0,0.0,0.0,0.0,0.0,0,0,0,0,0,0.00,0.00,0.00,0.00,0,False,290,37,2025-26,Jarrad Branthwaite,9,17,True
90,0,0,0,3,0,0,0,0,0,0,0,6,24.8,11.9,35.0,7.2,7,3,4,11,1,0.07,0.02,0.09,0.76,3,False,291,37,2025-26,James Tarkowski,9,17,True
90,0,0,0,3,0,0,0,0,0,0,0,4,13.8,15.2,2.0,3.1,5,3,0,5,1,0.00,0.03,0.03,0.76,1,False,292,37,2025-26,Vitalii Mykolenko,9,17,True
87,0,0,0,2,0,0,0,1,0,0,0,-7,0.4,1.6,37.0,3.9,3,4,1,4,1,0.56,0.01,0.57,0.58,0,False,293,37,2025-26,Jake O'Brien,9,17,True
2,0,0,0,1,0,0,0,0,0,0,0,-3,0.0,0.5,0.0,0.1,2,1,0,2,0,0.00,0.01,0.01,0.19,1,False,294,37,2025-26,Séamus Coleman,9,17,True
90,0,1,0,3,0,0,0,0,0,0,0,12,31.0,11.3,2.0,4.4,7,4,0,7,1,0.00,0.01,0.01,0.76,4,False,295,37,2025-26,Michael Keane,9,17,True
0,0,0,0,0,0,0,0,0,0,0,0,0,0.0,0.0,0.0,0.0,0,0,0,0,0,0.00,0.00,0.00,0.00,0,False,296,37,2025-26,Nathan Patterson,9,17,True
0,0,0,0,0,0,0,0,0,0,0,0,0,0.0,0.0,0.0,0.0,0,0,0,0,0,0.00,0.00,0.00,0.00,0,False,297,37,2025-26,Roman Dixon,9,17,True
0,0,0,0,0,0,0,0,0,0,0,0,0,0.0,0.0,0.0,0.0,0,0,0,0,0,0.00,0.00,0.00,0.00,0,False,298,37,2025-26,Reece Welch,9,17,True
90,0,0,0,3,0,0,0,0,0,0,0,3,3.8,6.8,7.0,1.8,2,2,0,4,1,0.06,0.03,0.09,0.76,2,False,299,37,2025-26,Iliman Ndiaye,9,17,True
2,0,0,0,1,0,0,0,0,0,0,0,3,0.2,0.8,0.0,0.1,0,0,0,0,0,0.00,0.00,0.00,0.19,1,False,300,37,2025-26,Dwight McNeil,9,17,True
0,0,0,0,0,0,0,0,0,0,0,0,0,0.0,0.0,0.0,0.0,0,0,0,0,0,0.00,0.00,0.00,0.00,0,False,301,37,2025-26,Carlos Alcaraz Durán,9,17,True
0,0,0,0,0,0,0,0,0,0,0,0,0,0.0,0.0,0.0,0.0,0,0,0,0,0,0.00,0.00,0.00,0.00,0,False,302,37,2025-26,Idrissa Gana Gueye,9,17,True
90,0,0,0,3,0,0,0,1,0,0,0,14,14.2,10.8,7.0,3.2,5,2,1,8,1,0.02,0.25,0.27,0.76,1,False,303,37,2025-26,James Garner,9,17,True
72,0,0,0,1,0,0,0,1,0,0,0,4,5.0,13.9,0.0,1.9,2,2,3,7,1,0.00,0.04,0.04,0.47,1,False,304,37,2025-26,Tim Iroegbunam,9,17,True
0,0,0,0,0,0,0,0,0,0,0,0,0,0.0,0.0,0.0,0.0,0,0,0,0,0,0.00,0.00,0.00,0.00,0,False,305,37,2025-26,Harrison Armstrong,9,17,True
0,0,0,0,0,0,0,0,0,0,0,0,0,0.0,0.0,0.0,0.0,0,0,0,0,0,0.00,0.00,0.00,0.00,0,False,306,37,2025-26,Callum Bates,9,17,True
0,0,0,0,0,0,0,0,0,0,0,0,0,0.0,0.0,0.0,0.0,0,0,0,0,0,0.00,0.00,0.00,0.00,0,False,307,37,2025-26,Coby Ebere,9,17,True
0,0,0,0,0,0,0,0,0,0,0,0,0,0.0,0.0,0.0,0.0,0,0,0,0,0,0.00,0.00,0.00,0.00,0,False,308,37,2025-26,Isaac Heath,9,17,True
0,0,0,0,0,0,0,0,0,0,0,0,0,0.0,0.0,0.0,0.0,0,0,0,0,0,0.00,0.00,0.00,0.00,0,False,309,37,2025-26,Jenson Metcalfe,9,17,True
17,0,0,0,2,0,0,0,0,0,0,0,3,3.0,11.6,2.0,1.7,1,0,0,1,0,0.00,0.00,0.00,0.29,1,False,310,37,2025-26,Thierno Barry,9,17,True
72,0,0,0,1,0,0,0,0,0,0,0,3,5.4,1.1,9.0,1.6,4,0,0,4,1,0.21,0.00,0.21,0.47,2,False,311,37,2025-26,Norberto Bercique Gomes Betuncal,9,17,True
0,0,0,0,0,0,0,0,0,0,0,0,0,0.0,0.0,0.0,0.0,0,0,0,0,0,0.00,0.00,0.00,0.00,0,False,312,37,2025-26,Youssef Ramalho Chermiti,9,17,True
0,0,0,0,0,0,0,0,0,0,0,0,0,0.0,0.0,0.0,0.0,0,0,0,0,0,0.00,0.00,0.00,0.00,0,False,313,37,2025-26,Martin Sherif,9,17,True
90,0,0,0,1,0,0,0,0,0,2,0,15,13.4,0.0,0.0,1.3,1,9,0,0,1,0.00,0.00,0.00,1.40,2,False,314,37,2025-26,Bernd Leno,10,20,False
0,0,0,0,0,0,0,0,0,0,0,0,0,0.0,0.0,0.0,0.0,0,0,0,0,0,0.00,0.00,0.00,0.00,0,False,315,37,2025-26,Steven Benda,10,20,False
90,1,0,0,1,0,0,0,0,0,0,2,32,57.2,16.5,19.0,9.3,9,10,2,11,1,0.79,0.11,0.90,1.40,12,True,316,37,2025-26,Antonee Robinson,10,20,False
0,0,0,0,0,0,0,0,0,0,0,0,0,0.0,0.0,0.0,0.0,0,0,0,0,0,0.00,0.00,0.00,0.00,0,False,317,37,2025-26,Joachim Andersen,10,20,False
90,0,0,0,1,0,0,0,0,0,0,0,19,17.4,1.6,0.0,1.9,5,6,2,7,1,0.00,0.03,0.03,1.40,2,False,318,37,2025-26,Calvin Bassey,10,20,False
90,0,1,0,1,0,0,0,0,0,0,0,25,24.2,31.1,16.0,7.1,2,3,4,6,1,0.05,0.15,0.20,1.40,5,False,319,37,2025-26,Timothy Castagne,10,20,False
90,0,0,0,1,0,0,0,0,0,0,0,9,18.4,0.8,0.0,1.9,7,3,0,7,1,0.00,0.01,0.01,1.40,2,False,320,37,2025-26,Issa Diop,10,20,False
0,0,0,0,0,0,0,0,0,0,0,0,0,0.0,0.0,0.0,0.0,0,0,0,0,0,0.00,0.00,0.00,0.00,0,False,321,37,2025-26,Jorge Cuenca Barreno,10,20,False
0,0,0,0,0,0,0,0,0,0,0,0,0,0.0,0.0,0.0,0.0,0,0,0,0,0,0.00,0.00,0.00,0.00,0,False,322,37,2025-26,Kenny Tete,10,20,False
0,0,0,0,0,0,0,0,0,0,0,0,0,0.0,0.0,0.0,0.0,0,0,0,0,0,0.00,0.00,0.00,0.00,0,False,323,37,2025-26,Samuel Amissah,10,20,False
66,0,0,0,1,0,0,0,0,0,0,0,15,11.8,11.5,30.0,5.3,0,5,0,5,1,0.24,0.11,0.35,0.71,2,False,324,37,2025-26,Alex Iwobi,10,20,False
78,0,0,0,1,0,0,0,0,0,0,0,18,10.2,5.5,25.0,4.1,0,5,2,7,1,0.04,0.02,0.06,1.14,2,False,325,37,2025-26,Emile Smith Rowe,10,20,False
0,0,0,0,0,0,0,0,0,0,0,0,0,0.0,0.0,0.0,0.0,0,0,0,0,0,0.00,0.00,0.00,0.00,0,False,326,37,2025-26,Adama Traoré Diarra,19,15,False
0,0,0,0,0,0,0,0,0,0,0,0,0,0.0,0.0,0.0,0.0,0,0,0,0,0,0.00,0.00,0.00,0.00,0,False,327,37,2025-26,Andreas Hoelgebaum Pereira,10,20,False
0,0,0,0,0,0,0,0,0,0,0,0,0,0.0,0.0,0.0,0.0,0,0,0,0,0,0.00,0.00,0.00,0.00,0,False,328,37,2025-26,Ryan Sessegnon,10,20,False
11,0,0,0,0,0,0,0,0,0,0,0,4,1.4,1.6,8.0,1.1,0,0,0,0,0,0.04,0.00,0.04,0.26,1,False,329,37,2025-26,Harry Wilson,10,20,False
45,0,0,0,1,0,0,0,0,0,0,0,0,0.0,1.6,8.0,0.8,0,4,1,5,1,0.16,0.01,0.17,0.34,1,False,330,37,2025-26,Sander Berge,10,20,False
0,0,0,0,0,0,0,0,0,0,0,0,0,0.0,0.0,0.0,0.0,0,0,0,0,0,0.00,0.00,0.00,0.00,0,False,331,37,2025-26,Tom Cairney,10,20,False
90,0,0,0,1,0,0,0,0,0,0,1,26,21.8,24.0,4.0,5.0,6,4,5,15,1,0.00,0.09,0.09,1.40,5,False,332,37,2025-26,Saša Lukić,10,20,False
0,0,0,0,0,0,0,0,0,0,0,0,0,0.0,0.0,0.0,0.0,0,0,0,0,0,0.00,0.00,0.00,0.00,0,False,333,37,2025-26,Martial Godo,10,20,False
0,0,0,0,0,0,0,0,0,0,0,0,0,0.0,0.0,0.0,0.0,0,0,0,0,0,0.00,0.00,0.00,0.00,0,False,334,37,2025-26,Luke Harris,10,20,False
23,0,0,0,0,0,0,0,0,0,0,0,4,3.0,16.2,2.0,2.1,0,1,0,1,0,0.00,0.02,0.02,0.68,1,False,335,37,2025-26,Josh King,10,20,False
0,0,0,0,0,0,0,0,0,0,0,0,0,0.0,0.0,0.0,0.0,0,0,0,0,0,0.00,0.00,0.00,0.00,0,False,336,37,2025-26,Harrison Reed,10,20,False
23,0,0,0,0,0,0,0,0,0,0,0,3,0.0,1.0,6.0,0.5,0,1,0,1,0,0.11,0.00,0.11,0.68,1,False,337,37,2025-26,Raúl Jiménez Rodríguez,10,20,False
66,0,0,0,1,0,0,0,0,0,0,0,6,2.2,1.6,11.0,1.5,2,0,0,2,1,0.15,0.01,0.16,0.71,2,False,338,37,2025-26,Rodrigo Muniz Carvalho,10,20,False
0,0,0,0,0,0,0,0,0,0,0,0,0,0.0,0.0,0.0,0.0,0,0,0,0,0,0.00,0.00,0.00,0.00,0,False,339,37,2025-26,Illan Meslier,11,6,True
0,0,0,0,0,0,0,0,0,0,0,0,0,0.0,0.0,0.0,0.0,0,0,0,0,0,0.00,0.00,0.00,0.00,0,False,340,37,2025-26,Alex Cairns,11,6,True
90,0,0,1,0,0,0,0,0,0,7,3,40,47.8,0.0,0.0,4.8,2,8,0,0,1,0.00,0.00,0.00,3.06,11,True,341,37,2025-26,Karl Darlow,11,6,True
0,0,0,0,0,0,0,0,0,0,0,0,0,0.0,0.0,0.0,0.0,0,0,0,0,0,0.00,0.00,0.00,0.00,0,False,342,37,2025-26,Jayden Bogle,11,6,True
0,0,0,0,0,0,0,0,0,0,0,0,0,0.0,0.0,0.0,0.0,0,0,0,0,0,0.00,0.00,0.00,0.00,0,False,343,37,2025-26,Pascal Struijk,11,6,True
90,0,0,1,0,0,0,0,0,0,0,0,24,31.6,0.8,4.0,3.6,14,0,0,14,1,0.00,0.00,0.00,3.06,8,False,344,37,2025-26,Jaka Bijol,11,6,True
90,0,0,1,0,0,0,0,0,0,0,0,19,11.2,0.3,2.0,1.4,5,3,1,6,1,0.00,0.00,0.00,2.84,6,False,345,37,2025-26,Sebastiaan Bornauw,11,6,True
1,0,0,0,0,0,0,0,0,0,0,0,3,5.4,0.0,0.0,0.5,2,1,1,3,0,0.00,0.00,0.00,0.22,1,False,346,37,2025-26,Sam Byram,11,6,True
0,0,0,0,0,0,0,0,0,0,0,0,0,0.0,0.0,0.0,0.0,0,0,0,0,0,0.00,0.00,0.00,0.00,0,False,347,37,2025-26,Gabriel Gudmundsson,11,6,True
90,0,0,1,0,0,0,0,0,0,0,0,22,24.8,10.9,4.0,4.0,7,3,0,7,1,0.00,0.01,0.01,3.06,6,False,348,37,2025-26,Joe Rodon,11,6,True
0,0,0,0,0,0,0,0,0,0,0,0,0,0.0,0.0,0.0,0.0,0,0,0,0,0,0.00,0.00,0.00,0.00,0,False,349,37,2025-26,Isaac Schmidt,11,6,True
59,0,0,0,0,0,0,0,0,0,0,0,4,3.8,11.8,0.0,1.6,0,2,0,2,1,0.00,0.02,0.02,1.92,1,False,350,37,2025-26,Brenden Aaronson,11,6,True
30,0,0,0,0,0,0,0,0,0,0,0,5,5.2,0.3,4.0,1.0,2,2,2,6,0,0.04,0.00,0.04,1.15,1,False,351,37,2025-26,Wilfried Gnonto,11,6,True
0,0,0,0,0,0,0,0,0,0,0,0,0,0.0,0.0,0.0,0.0,0,0,0,0,0,0.00,0.00,0.00,0.00,0,False,352,37,2025-26,Jack Harrison,11,6,True
59,0,0,0,0,0,0,0,0,0,0,0,5,6.6,0.7,12.0,1.9,2,1,1,4,1,0.12,0.01,0.13,1.92,1,False,353,37,2025-26,Daniel James,11,6,True
90,0,0,1,0,0,0,0,0,0,0,0,21,12.8,3.2,2.0,1.8,3,3,1,7,1,0.00,0.02,0.02,3.06,3,False,354,37,2025-26,Ethan Ampadu,11,6,True
0,0,0,0,0,0,0,0,0,0,0,0,0,0.0,0.0,0.0,0.0,0,0,0,0,0,0.00,0.00,0.00,0.00,0,False,355,37,2025-26,Sam Greenwood,11,6,True
0,0,0,0,0,0,0,0,0,0,0,0,0,0.0,0.0,0.0,0.0,0,0,0,0,0,0.00,0.00,0.00,0.00,0,False,356,37,2025-26,Ilia Gruev,11,6,True
0,0,0,0,0,0,0,0,0,0,0,0,0,0.0,0.0,0.0,0.0,0,0,0,0,0,0.00,0.00,0.00,0.00,0,False,357,37,2025-26,Largie Ramazani,11,6,True
59,0,0,0,0,0,0,0,0,0,0,0,6,4.8,5.2,0.0,1.0,1,2,0,3,1,0.00,0.04,0.04,1.92,1,False,358,37,2025-26,Tanaka Ao,11,6,True
0,0,0,0,0,0,0,0,0,0,0,0,0,0.0,0.0,0.0,0.0,0,0,0,0,0,0.00,0.00,0.00,0.00,0,False,359,37,2025-26,Charlie Crew,11,6,True
0,0,0,0,0,0,0,0,0,0,0,0,0,0.0,0.0,0.0,0.0,0,0,0,0,0,0.00,0.00,0.00,0.00,0,False,360,37,2025-26,Joe Gelhardt,11,6,True
0,0,0,0,0,0,0,0,0,0,0,0,0,0.0,0.0,0.0,0.0,0,0,0,0,0,0.00,0.00,0.00,0.00,0,False,361,37,2025-26,Darko Gyabi,11,6,True
16,0,0,0,0,0,0,0,0,0,0,0,1,0.0,0.1,1.0,0.0,1,1,0,2,0,0.04,0.00,0.04,0.86,1,False,362,37,2025-26,Joël Piroe,11,6,True
0,0,0,0,0,0,0,0,0,0,0,0,0,0.0,0.0,0.0,0.0,0,0,0,0,0,0.00,0.00,0.00,0.00,0,False,363,37,2025-26,Patrick Bamford,11,6,True
0,0,0,0,0,0,0,0,0,0,0,0,0,0.0,0.0,0.0,0.0,0,0,0,0,0,0.00,0.00,0.00,0.00,0,False,364,37,2025-26,Mateo Joseph Fernández-Regatillo,11,6,True
30,0,0,0,0,0,0,0,0,0,0,0,7,5.4,20.9,2.0,2.8,0,3,0,3,0,0.00,0.03,0.03,1.15,1,False,365,37,2025-26,Lukas Nmecha,11,6,True
0,0,0,0,0,0,0,0,0,0,0,0,0,0.0,0.0,0.0,0.0,0,0,0,0,0,0.00,0.00,0.00,0.00,0,False,366,37,2025-26,Alisson Becker,12,2,False
90,0,0,0,4,0,0,0,0,0,5,0,6,38.4,0.0,0.0,3.8,0,6,0,0,1,0.00,0.00,0.00,1.85,1,False,367,37,2025-26,Giorgi Mamardashvili,12,2,False
0,0,0,0,0,0,0,0,0,0,0,0,0,0.0,0.0,0.0,0.0,0,0,0,0,0,0.00,0.00,0.00,0.00,0,False,368,37,2025-26,Ármin Pécsi,12,2,False
0,0,0,0,0,0,0,0,0,0,0,0,0,0.0,0.0,0.0,0.0,0,0,0,0,0,0.00,0.00,0.00,0.00,0,False,369,37,2025-26,Freddie Woodman,12,2,False
0,0,0,0,0,0,0,0,0,0,0,0,0,0.0,0.0,0.0,0.0,0,0,0,0,0,0.00,0.00,0.00,0.00,0,False,370,37,2025-26,Jeremie Frimpong,12,2,False
90,0,0,0,4,0,0,0,0,0,0,0,3,6.6,11.8,0.0,1.8,2,7,0,2,1,0.00,0.01,0.01,1.85,0,False,371,37,2025-26,Milos Kerkez,12,2,False
0,0,0,0,0,0,0,0,0,0,0,0,0,0.0,0.0,0.0,0.0,0,0,0,0,0,0.00,0.00,0.00,0.00,0,False,372,37,2025-26,Andrew Robertson,12,2,False
90,2,0,0,4,0,0,0,0,0,0,0,26,89.8,1.8,40.0,13.2,10,1,0,10,1,0.40,0.02,0.42,1.85,14,True,373,37,2025-26,Virgil van Dijk,12,2,False
90,0,0,0,4,0,0,0,0,0,0,0,0,14.8,1.4,2.0,1.8,5,5,0,5,1,0.00,0.02,0.02,1.85,0,False,374,37,2025-26,Ibrahima Konaté,12,2,False
0,0,0,0,0,0,0,0,0,0,0,0,0,0.0,0.0,0.0,0.0,0,0,0,0,0,0.00,0.00,0.00,0.00,0,False,375,37,2025-26,Conor Bradley,12,2,False
65,0,0,0,2,0,0,0,1,0,0,0,-4,2.2,6.1,5.0,1.3,2,2,0,2,1,0.05,0.02,0.07,0.85,0,False,376,37,2025-26,Joe Gomez,12,2,False
0,0,0,0,0,0,0,0,0,0,0,0,0,0.0,0.0,0.0,0.0,0,0,0,0,0,0.00,0.00,0.00,0.00,0,False,377,37,2025-26,Konstantinos Tsimikas,12,2,False
0,0,0,0,0,0,0,0,0,0,0,0,0,0.0,0.0,0.0,0.0,0,0,0,0,0,0.00,0.00,0.00,0.00,0,False,378,37,2025-26,Amara Nallo,12,2,False
0,0,0,0,0,0,0,0,0,0,0,0,0,0.0,0.0,0.0,0.0,0,0,0,0,0,0.00,0.00,0.00,0.00,0,False,379,37,2025-26,Rhys Williams,12,2,False
0,0,0,0,0,0,0,0,0,0,0,0,0,0.0,0.0,0.0,0.0,0,0,0,0,0,0.00,0.00,0.00,0.00,0,False,380,37,2025-26,Calvin Ramsay,12,2,False
16,0,0,0,1,0,0,0,0,0,0,0,3,0.8,9.8,0.0,1.1,0,0,0,0,0,0.00,0.07,0.07,0.09,1,False,381,37,2025-26,Mohamed Salah,12,2,False
24,0,0,0,2,0,0,0,0,0,0,0,1,1.6,2.1,6.0,1.0,0,1,1,2,0,0.03,0.01,0.04,0.99,1,False,382,37,2025-26,Florian Wirtz,12,2,False
0,0,0,0,0,0,0,0,0,0,0,0,0,0.0,0.0,0.0,0.0,0,0,0,0,0,0.00,0.00,0.00,0.00,0,False,383,37,2025-26,Luis Díaz Marulanda,12,2,False
73,0,0,0,3,0,0,0,0,0,0,0,-1,0.0,0.5,12.0,1.1,2,0,0,2,1,0.53,0.00,0.53,1.75,2,False,384,37,2025-26,Cody Gakpo,12,2,False
24,0,0,0,2,0,0,0,0,0,0,0,5,2.0,0.3,33.0,3.5,0,0,0,0,0,0.09,0.00,0.09,0.99,1,False,385,37,2025-26,Federico Chiesa,12,2,False
90,0,0,0,4,0,0,0,0,0,0,0,18,16.2,28.0,15.0,5.9,2,8,2,12,1,0.10,0.04,0.14,1.85,4,False,386,37,2025-26,Alexis Mac Allister,12,2,False
90,0,2,0,4,0,0,0,0,0,0,1,37,45.2,86.8,11.0,14.3,1,1,1,3,1,0.01,0.47,0.48,1.85,9,False,387,37,2025-26,Dominik Szoboszlai,12,2,False
90,0,0,0,4,0,0,0,0,0,0,0,20,17.2,20.0,17.0,5.4,3,5,3,11,1,0.09,0.06,0.15,1.85,2,False,388,37,2025-26,Curtis Jones,12,2,False
0,0,0,0,0,0,0,0,0,0,0,0,0,0.0,0.0,0.0,0.0,0,0,0,0,0,0.00,0.00,0.00,0.00,0,False,389,37,2025-26,Harvey Elliott,2,12,True
65,0,0,0,2,0,0,0,0,0,0,0,10,2.4,12.3,9.0,2.4,1,2,1,4,1,0.03,0.01,0.04,0.85,2,False,390,37,2025-26,Ryan Gravenberch,12,2,False
0,0,0,0,0,0,0,0,0,0,0,0,0,0.0,0.0,0.0,0.0,0,0,0,0,0,0.00,0.00,0.00,0.00,0,False,391,37,2025-26,Ben Gannon-Doak,4,13,True
0,0,0,0,0,0,0,0,0,0,0,0,0,0.0,0.0,0.0,0.0,0,0,0,0,0,0.00,0.00,0.00,0.00,0,False,392,37,2025-26,Endo Wataru,12,2,False
0,0,0,0,0,0,0,0,0,0,0,0,0,0.0,0.0,0.0,0.0,0,0,0,0,0,0.00,0.00,0.00,0.00,0,False,393,37,2025-26,Stefan Bajčetić Maquieira,12,2,False
0,0,0,0,0,0,0,0,0,0,0,0,0,0.0,0.0,0.0,0.0,0,0,0,0,0,0.00,0.00,0.00,0.00,0,False,394,37,2025-26,James McConnell,12,2,False
0,0,0,0,0,0,0,0,0,0,0,0,0,0.0,0.0,0.0,0.0,0,0,0,0,0,0.00,0.00,0.00,0.00,0,False,395,37,2025-26,Tyler Morton,12,2,False
0,0,0,0,0,0,0,0,0,0,0,0,0,0.0,0.0,0.0,0.0,0,0,0,0,0,0.00,0.00,0.00,0.00,0,False,396,37,2025-26,Trey Nyoni,12,2,False
0,0,0,0,0,0,0,0,0,0,0,0,0,0.0,0.0,0.0,0.0,0,0,0,0,0,0.00,0.00,0.00,0.00,0,False,397,37,2025-26,Darwin Núñez Ribeiro,12,2,False
0,0,0,0,0,0,0,0,0,0,0,0,0,0.0,0.0,0.0,0.0,0,0,0,0,0,0.00,0.00,0.00,0.00,0,False,398,37,2025-26,Jayden Danns,12,2,False
0,0,0,0,0,0,0,0,0,0,0,0,0,0.0,0.0,0.0,0.0,0,0,0,0,0,0.00,0.00,0.00,0.00,0,False,399,37,2025-26,Ederson Santana de Moraes,13,4,False
0,0,0,0,0,0,0,0,0,0,0,0,0,0.0,0.0,0.0,0.0,0,0,0,0,0,0.00,0.00,0.00,0.00,0,False,400,37,2025-26,Stefan Ortega Moreno,16,14,False
0,0,0,0,0,0,0,0,0,0,0,0,0,0.0,0.0,0.0,0.0,0,0,0,0,0,0.00,0.00,0.00,0.00,0,False,401,37,2025-26,Marcus Bettinelli,13,4,False
0,0,0,0,0,0,0,0,0,0,0,0,0,0.0,0.0,0.0,0.0,0,0,0,0,0,0.00,0.00,0.00,0.00,0,False,402,37,2025-26,Rayan Aït-Nouri,13,4,False
0,0,0,0,0,0,0,0,0,0,0,0,0,0.0,0.0,0.0,0.0,0,0,0,0,0,0.00,0.00,0.00,0.00,0,False,403,37,2025-26,Joško Gvardiol,13,4,False
0,0,0,0,0,0,0,0,0,0,0,0,0,0.0,0.0,0.0,0.0,0,0,0,0,0,0.00,0.00,0.00,0.00,0,False,404,37,2025-26,Manuel Akanji,13,4,False
0,0,0,0,0,0,0,0,0,0,0,0,0,0.0,0.0,0.0,0.0,0,0,0,0,0,0.00,0.00,0.00,0.00,0,False,405,37,2025-26,Nathan Aké,13,4,False
90,0,0,0,1,0,0,0,0,0,0,0,10,10.4,2.6,5.0,1.8,2,5,1,3,1,0.04,0.78,0.82,1.99,2,False,406,37,2025-26,Abdukodir Khusanov,13,4,False
90,0,0,0,1,0,0,0,0,0,0,0,12,14.2,3.8,2.0,2.0,3,5,1,4,1,0.00,0.02,0.02,1.99,2,False,407,37,2025-26,Matheus Nunes,13,4,False
0,0,0,0,0,0,0,0,0,0,0,0,0,0.0,0.0,0.0,0.0,0,0,0,0,0,0.00,0.00,0.00,0.00,0,False,408,37,2025-26,Rúben dos Santos Gato Alves Dias,13,4,False
0,0,0,0,0,0,0,0,0,0,0,0,0,0.0,0.0,0.0,0.0,0,0,0,0,0,0.00,0.00,0.00,0.00,0,False,409,37,2025-26,John Stones,13,4,False
0,0,0,0,0,0,0,0,0,0,0,0,0,0.0,0.0,0.0,0.0,0,0,0,0,0,0.00,0.00,0.00,0.00,0,False,410,37,2025-26,Rico Lewis,13,4,False
90,0,0,0,1,0,0,0,0,0,0,0,8,19.2,3.3,30.0,5.3,5,6,0,5,1,0.67,0.04,0.71,1.99,2,False,411,37,2025-26,Nico O'Reilly,13,4,False
0,0,0,0,0,0,0,0,0,0,0,0,0,0.0,0.0,0.0,0.0,0,0,0,0,0,0.00,0.00,0.00,0.00,0,False,412,37,2025-26,Vitor de Oliveira Nunes dos Reis,13,4,False
14,0,0,0,0,0,0,0,0,0,0,0,5,0.0,0.0,2.0,0.2,0,0,0,0,0,0.09,0.00,0.09,0.69,1,False,413,37,2025-26,Omar Marmoush,13,4,False
34,0,0,0,0,0,0,0,0,0,0,0,5,3.6,2.0,2.0,0.8,0,4,0,4,0,0.00,0.05,0.05,1.25,1,False,414,37,2025-26,Phil Foden,13,4,False
34,0,0,0,0,0,0,0,0,0,0,0,9,4.4,11.1,4.0,2.0,0,2,0,2,0,0.00,0.05,0.05,1.25,1,False,415,37,2025-26,Sávio Moreira de Oliveira,13,4,False
55,0,0,0,1,0,0,0,0,0,0,0,9,5.2,20.1,7.0,3.2,0,3,0,3,1,0.08,0.08,0.16,0.75,1,False,416,37,2025-26,Bernardo Mota Veiga de Carvalho e Silva,13,4,False
34,0,0,0,0,0,0,0,0,0,0,0,3,0.8,6.4,5.0,1.2,0,2,0,2,0,0.03,0.04,0.07,1.25,1,False,417,37,2025-26,Rayan Cherki,13,4,False
75,0,0,0,1,0,0,0,0,0,0,0,10,7.6,25.1,33.0,6.6,0,1,0,1,1,0.17,0.05,0.22,1.30,2,False,418,37,2025-26,Jérémy Doku,13,4,False
0,0,0,0,0,0,0,0,0,0,0,0,0,0.0,0.0,0.0,0.0,0,0,0,0,0,0.00,0.00,0.00,0.00,0,False,419,37,2025-26,Jack Grealish,9,17,True
0,0,0,0,0,0,0,0,0,0,0,0,0,0.0,0.0,0.0,0.0,0,0,0,0,0,0.00,0.00,0.00,0.00,0,False,420,37,2025-26,İlkay Gündoğan,13,4,False
90,0,1,0,1,0,0,0,1,0,0,1,27,16.2,29.0,20.0,6.5,2,8,2,12,1,0.36,0.12,0.48,1.99,7,False,421,37,2025-26,Rodrigo 'Rodri' Hernandez Cascante,13,4,False
55,0,0,0,1,0,0,0,0,0,0,0,8,7.8,12.8,0.0,2.1,4,5,0,9,1,0.00,0.03,0.03,0.75,1,False,422,37,2025-26,Mateo Kovačić,13,4,False
0,0,0,0,0,0,0,0,0,0,0,0,0,0.0,0.0,0.0,0.0,0,0,0,0,0,0.00,0.00,0.00,0.00,0,False,423,37,2025-26,Nico González Iglesias,13,4,False
78,0,0,0,1,0,0,0,0,0,0,0,16,14.4,28.5,12.0,5.5,1,1,3,5,1,0.00,0.29,0.29,1.14,2,False,424,37,2025-26,Oscar Bobb,10,20,False
0,0,0,0,0,0,0,0,0,0,0,0,0,0.0,0.0,0.0,0.0,0,0,0,0,0,0.00,0.00,0.00,0.00,0,False,425,37,2025-26,Claudio Echeverri,13,4,False
6,0,0,0,0,0,0,0,0,0,0,0,5,6.6,11.3,2.0,2.0,0,2,2,4,0,0.00,0.08,0.08,0.83,1,False,426,37,2025-26,James McAtee,16,14,False
0,0,0,0,0,0,0,0,0,0,0,0,0,0.0,0.0,0.0,0.0,0,0,0,0,0,0.00,0.00,0.00,0.00,0,False,427,37,2025-26,Tijjani Reijnders,13,4,False
0,0,0,0,0,0,0,0,0,0,0,0,0,0.0,0.0,0.0,0.0,0,0,0,0,0,0.00,0.00,0.00,0.00,0,False,428,37,2025-26,Sverre Nypan,13,4,False
0,0,0,0,0,0,0,0,0,0,0,0,0,0.0,0.0,0.0,0.0,0,0,0,0,0,0.00,0.00,0.00,0.00,0,False,429,37,2025-26,Kalvin Phillips,13,4,False
90,1,0,0,1,0,0,0,0,0,0,3,36,42.8,14.8,35.0,9.3,3,2,0,5,1,0.23,0.52,0.75,1.99,9,False,430,37,2025-26,Erling Haaland,13,4,False
0,0,0,0,0,0,0,0,0,0,0,0,0,0.0,0.0,0.0,0.0,0,0,0,0,0,0.00,0.00,0.00,0.00,0,False,431,37,2025-26,Altay Bayındır,14,16,True
0,0,0,0,0,0,0,0,0,0,0,0,0,0.0,0.0,0.0,0.0,0,0,0,0,0,0.00,0.00,0.00,0.00,0,False,432,37,2025-26,André Onana,14,16,True
0,0,0,0,0,0,0,0,0,0,0,0,0,0.0,0.0,0.0,0.0,0,0,0,0,0,0.00,0.00,0.00,0.00,0,False,433,37,2025-26,Elyh Harrison,14,16,True
0,0,0,0,0,0,0,0,0,0,0,0,0,0.0,0.0,0.0,0.0,0,0,0,0,0,0.00,0.00,0.00,0.00,0,False,434,37,2025-26,Tom Heaton,14,16,True
0,0,0,0,0,0,0,0,0,0,0,0,0,0.0,0.0,0.0,0.0,0,0,0,0,0,0.00,0.00,0.00,0.00,0,False,435,37,2025-26,Dermot Mee,14,16,True
0,0,0,0,0,0,0,0,0,0,0,0,0,0.0,0.0,0.0,0.0,0,0,0,0,0,0.00,0.00,0.00,0.00,0,False,436,37,2025-26,Matthijs de Ligt,14,16,True
90,0,0,0,2,0,0,0,0,0,0,0,17,39.6,11.1,9.0,6.0,12,4,3,15,1,0.09,0.01,0.10,1.88,3,False,437,37,2025-26,Lisandro Martínez,14,16,True
0,0,0,0,0,0,0,0,0,0,0,0,0,0.0,0.0,0.0,0.0,0,0,0,0,0,0.00,0.00,0.00,0.00,0,False,438,37,2025-26,Noussair Mazraoui,14,16,True
0,0,0,0,0,0,0,0,0,0,0,0,0,0.0,0.0,0.0,0.0,0,0,0,0,0,0.00,0.00,0.00,0.00,0,False,439,37,2025-26,Diego León Blanco,14,16,True
90,0,0,0,2,0,0,0,0,0,0,0,5,20.4,30.8,4.0,5.5,3,8,4,7,1,0.30,0.15,0.45,1.88,1,False,440,37,2025-26,Diogo Dalot Teixeira,14,16,True
10,0,0,0,0,0,0,0,0,0,0,0,6,6.2,6.3,17.0,3.0,2,2,0,2,0,0.15,0.30,0.45,0.26,1,False,441,37,2025-26,Patrick Dorgu,14,16,True
90,0,0,0,2,0,0,0,0,0,0,0,14,27.0,0.8,5.0,3.3,12,7,2,14,1,0.05,0.01,0.06,1.88,3,False,442,37,2025-26,Harry Maguire,14,16,True
90,1,0,0,2,0,0,0,1,0,0,0,14,41.4,5.3,17.0,6.4,5,0,0,5,1,0.09,0.10,0.19,1.88,6,False,443,37,2025-26,Luke Shaw,14,16,True
0,0,0,0,0,0,0,0,0,0,0,0,0,0.0,0.0,0.0,0.0,0,0,0,0,0,0.00,0.00,0.00,0.00,0,False,444,37,2025-26,Leny Yoro,14,16,True
0,0,0,0,0,0,0,0,0,0,0,0,0,0.0,0.0,0.0,0.0,0,0,0,0,0,0.00,0.00,0.00,0.00,0,False,445,37,2025-26,Harry Amass,14,16,True
0,0,0,0,0,0,0,0,0,0,0,0,0,0.0,0.0,0.0,0.0,0,0,0,0,0,0.00,0.00,0.00,0.00,0,False,446,37,2025-26,Tyler Fredricson,14,16,True
0,0,0,0,0,0,0,0,0,0,0,0,0,0.0,0.0,0.0,0.0,0,0,0,0,0,0.00,0.00,0.00,0.00,0,False,447,37,2025-26,Ayden Heaven,14,16,True
0,0,0,0,0,0,0,0,0,0,0,0,0,0.0,0.0,0.0,0.0,0,0,0,0,0,0.00,0.00,0.00,0.00,0,False,448,37,2025-26,Tyrell Malacia,14,16,True
90,0,2,0,2,0,0,0,0,0,0,1,42,37.0,106.8,34.0,17.8,0,0,2,2,1,0.19,0.88,1.07,1.88,9,False,449,37,2025-26,Bruno Borges Fernandes,14,16,True
79,1,0,0,2,0,0,0,0,0,0,2,43,53.2,58.6,35.0,14.7,2,5,1,8,1,0.32,0.49,0.81,1.62,9,False,450,37,2025-26,Matheus Santos Carneiro da Cunha,14,16,True
0,0,0,0,0,0,0,0,0,0,0,0,0,0.0,0.0,0.0,0.0,0,0,0,0,0,0.00,0.00,0.00,0.00,0,False,451,37,2025-26,Marcus Rashford,14,16,True
90,0,0,0,2,0,0,0,0,0,0,0,5,4.0,14.2,29.0,4.7,0,2,1,3,1,0.12,0.33,0.45,1.88,2,False,452,37,2025-26,Amad Diallo,14,16,True
1,0,0,0,0,0,0,0,0,0,0,0,5,4.0,0.0,0.0,0.4,0,1,2,3,0,0.00,0.00,0.00,0.05,1,False,453,37,2025-26,Alejandro Garnacho Ferreyra,7,18,True
0,0,0,0,0,0,0,0,0,0,0,0,0,0.0,0.0,0.0,0.0,0,0,0,0,0,0.00,0.00,0.00,0.00,0,False,454,37,2025-26,Antony dos Santos,14,16,True
9,0,0,0,0,0,0,0,0,0,0,0,7,3.8,0.3,1.0,0.5,1,3,1,5,0,0.02,0.00,0.02,0.26,1,False,455,37,2025-26,Mason Mount,14,16,True
1,0,0,0,1,0,0,0,0,0,0,0,4,1.0,1.8,0.0,0.3,0,0,0,0,0,0.00,0.02,0.02,0.27,1,False,456,37,2025-26,Jadon Sancho,2,12,True
80,0,0,0,2,0,0,0,1,0,0,0,6,6.8,24.2,11.0,4.2,1,1,2,4,1,0.18,0.08,0.26,1.62,1,False,457,37,2025-26,Carlos Henrique Casimiro,14,16,True
90,0,0,0,2,0,0,0,0,0,0,0,19,18.2,33.8,2.0,5.4,6,6,0,12,1,0.00,0.02,0.02,1.88,4,False,458,37,2025-26,Kobbie Mainoo,14,16,True
0,0,0,0,0,0,0,0,0,0,0,0,0,0.0,0.0,0.0,0.0,0,0,0,0,0,0.00,0.00,0.00,0.00,0,False,459,37,2025-26,Manuel Ugarte Ribeiro,14,16,True
0,0,0,0,0,0,0,0,0,0,0,0,0,0.0,0.0,0.0,0.0,0,0,0,0,0,0.00,0.00,0.00,0.00,0,False,460,37,2025-26,Toby Collyer,14,16,True
0,0,0,0,0,0,0,0,0,0,0,0,0,0.0,0.0,0.0,0.0,0,0,0,0,0,0.00,0.00,0.00,0.00,0,False,461,37,2025-26,Jayce Fitzgerald,14,16,True
0,0,0,0,0,0,0,0,0,0,0,0,0,0.0,0.0,0.0,0.0,0,0,0,0,0,0.00,0.00,0.00,0.00,0,False,462,37,2025-26,Jack Fletcher,14,16,True
0,0,0,0,0,0,0,0,0,0,0,0,0,0.0,0.0,0.0,0.0,0,0,0,0,0,0.00,0.00,0.00,0.00,0,False,463,37,2025-26,Sékou Koné,14,16,True
0,0,0,0,0,0,0,0,0,0,0,0,0,0.0,0.0,0.0,0.0,0,0,0,0,0,0.00,0.00,0.00,0.00,0,False,464,37,2025-26,Jack Moorhouse,14,16,True
0,0,0,0,0,0,0,0,0,0,0,0,0,0.0,0.0,0.0,0.0,0,0,0,0,0,0.00,0.00,0.00,0.00,0,False,465,37,2025-26,Rasmus Højlund,14,16,True
10,0,0,0,0,0,0,0,0,0,0,0,3,8.8,10.3,42.0,6.1,0,2,0,2,0,0.48,0.01,0.49,0.26,1,False,466,37,2025-26,Joshua Zirkzee,14,16,True
0,0,0,0,0,0,0,0,0,0,0,0,0,0.0,0.0,0.0,0.0,0,0,0,0,0,0.00,0.00,0.00,0.00,0,False,467,37,2025-26,Chido Obi,14,16,True
0,0,0,0,0,0,0,0,0,0,0,0,0,0.0,0.0,0.0,0.0,0,0,0,0,0,0.00,0.00,0.00,0.00,0,False,468,37,2025-26,Ethan Wheatley,14,16,True
90,0,0,0,1,0,0,0,0,0,7,0,26,54.8,0.0,0.0,5.5,0,12,0,0,1,0.00,0.00,0.00,0.95,4,False,469,37,2025-26,Nick Pope,15,19,True
0,0,0,0,0,0,0,0,0,0,0,0,0,0.0,0.0,0.0,0.0,0,0,0,0,0,0.00,0.00,0.00,0.00,0,False,470,37,2025-26,Martin Dúbravka,3,1,False
0,0,0,0,0,0,0,0,0,0,0,0,0,0.0,0.0,0.0,0.0,0,0,0,0,0,0.00,0.00,0.00,0.00,0,False,471,37,2025-26,Mark Gillespie,15,19,True
0,0,0,0,0,0,0,0,0,0,0,0,0,0.0,0.0,0.0,0.0,0,0,0,0,0,0.00,0.00,0.00,0.00,0,False,472,37,2025-26,Odysseas Vlachodimos,15,19,True
90,0,0,0,1,0,0,0,1,0,0,0,5,12.8,8.7,34.0,5.6,1,4,2,3,1,0.14,0.03,0.17,0.95,1,False,473,37,2025-26,Lewis Hall,15,19,True
0,0,0,0,0,0,0,0,0,0,0,0,0,0.0,0.0,0.0,0.0,0,0,0,0,0,0.00,0.00,0.00,0.00,0,False,474,37,2025-26,Fabian Schär,15,19,True
90,0,0,0,1,0,0,0,0,0,0,0,10,28.0,0.3,5.0,3.3,11,1,2,13,1,0.02,0.00,0.02,0.95,4,False,475,37,2025-26,Sven Botman,15,19,True
15,0,0,0,0,0,0,0,0,0,0,0,4,5.2,10.5,0.0,1.6,0,0,1,1,0,0.00,0.00,0.00,0.33,1,False,476,37,2025-26,Dan Burn,15,19,True
0,0,0,0,0,0,0,0,0,0,0,0,0,0.0,0.0,0.0,0.0,0,0,0,0,0,0.00,0.00,0.00,0.00,0,False,477,37,2025-26,Tino Livramento,15,19,True
84,0,0,0,1,0,0,0,0,0,0,0,9,11.4,22.5,0.0,3.4,2,4,1,3,1,0.00,0.06,0.06,0.90,2,False,478,37,2025-26,Kieran Trippier,15,19,True
0,0,0,0,0,0,0,0,0,0,0,0,0,0.0,0.0,0.0,0.0,0,0,0,0,0,0.00,0.00,0.00,0.00,0,False,479,37,2025-26,Emil Krafth,15,19,True
0,0,0,0,0,0,0,0,0,0,0,0,0,0.0,0.0,0.0,0.0,0,0,0,0,0,0.00,0.00,0.00,0.00,0,False,480,37,2025-26,Jamaal Lascelles,15,19,True
0,0,0,0,0,0,0,0,0,0,0,0,0,0.0,0.0,0.0,0.0,0,0,0,0,0,0.00,0.00,0.00,0.00,0,False,481,37,2025-26,Alex Murphy,15,19,True
0,0,0,0,0,0,0,0,0,0,0,0,0,0.0,0.0,0.0,0.0,0,0,0,0,0,0.00,0.00,0.00,0.00,0,False,482,37,2025-26,Harrison Ashby,15,19,True
0,0,0,0,0,0,0,0,0,0,0,0,0,0.0,0.0,0.0,0.0,0,0,0,0,0,0.00,0.00,0.00,0.00,0,False,483,37,2025-26,Miodrag Pivaš,15,19,True
0,0,0,0,0,0,0,0,0,0,0,0,0,0.0,0.0,0.0,0.0,0,0,0,0,0,0.00,0.00,0.00,0.00,0,False,484,37,2025-26,Matt Targett,15,19,True
0,0,0,0,0,0,0,0,0,0,0,0,0,0.0,0.0,0.0,0.0,0,0,0,0,0,0.00,0.00,0.00,0.00,0,False,485,37,2025-26,Anthony Gordon,15,19,True
5,0,0,0,0,0,0,0,0,0,0,0,0,0.0,0.1,4.0,0.3,0,0,0,0,0,0.21,0.00,0.21,0.05,1,False,486,37,2025-26,Anthony Elanga,15,19,True
74,0,1,0,1,0,0,0,0,0,0,0,23,23.4,23.3,24.0,7.1,0,2,0,2,1,0.11,0.25,0.36,0.62,5,False,487,37,2025-26,Harvey Barnes,15,19,True
90,0,0,0,1,0,0,0,0,0,0,0,16,20.4,9.3,22.0,5.2,2,6,5,13,1,0.09,0.36,0.45,0.95,4,False,488,37,2025-26,Bruno Guimarães Rodriguez Moura,15,19,True
15,0,0,0,0,0,0,0,0,0,0,0,9,18.2,14.3,13.0,4.6,3,1,1,5,0,0.02,0.03,0.05,0.33,1,False,489,37,2025-26,Jacob Murphy,15,19,True
0,0,0,0,0,0,0,0,0,0,0,0,0,0.0,0.0,0.0,0.0,0,0,0,0,0,0.00,0.00,0.00,0.00,0,False,490,37,2025-26,Joelinton Cássio Apolinário de Lira,15,19,True
52,0,0,0,0,0,0,0,0,0,0,0,11,6.0,14.1,4.0,2.4,0,4,1,5,1,0.00,0.02,0.02,0.32,1,False,491,37,2025-26,Sandro Tonali,15,19,True
0,0,0,0,0,0,0,0,0,0,0,0,0,0.0,0.0,0.0,0.0,0,0,0,0,0,0.00,0.00,0.00,0.00,0,False,492,37,2025-26,Antoñito Cordero Campillo,15,19,True
30,0,0,0,0,0,0,0,0,0,0,0,4,3.0,0.6,2.0,0.6,0,2,1,3,0,0.00,0.13,0.13,1.15,1,False,493,37,2025-26,Sean Longstaff,11,6,True
37,0,1,0,1,0,0,0,0,0,0,0,19,22.2,36.0,9.0,6.7,0,0,0,0,0,0.03,0.36,0.39,0.63,4,False,494,37,2025-26,Joe Willock,15,19,True
0,0,0,0,0,0,0,0,0,0,0,0,0,0.0,0.0,0.0,0.0,0,0,0,0,0,0.00,0.00,0.00,0.00,0,False,495,37,2025-26,Isaac Hayden,15,19,True
0,0,0,0,0,0,0,0,0,0,0,0,0,0.0,0.0,0.0,0.0,0,0,0,0,0,0.00,0.00,0.00,0.00,0,False,496,37,2025-26,Garang Kuol,15,19,True
0,0,0,0,0,0,0,0,0,0,0,0,0,0.0,0.0,0.0,0.0,0,0,0,0,0,0.00,0.00,0.00,0.00,0,False,497,37,2025-26,Lewis Miley,15,19,True
0,0,0,0,0,0,0,0,0,0,0,0,0,0.0,0.0,0.0,0.0,0,0,0,0,0,0.00,0.00,0.00,0.00,0,False,498,37,2025-26,Joe White,15,19,True
0,0,0,0,0,0,0,0,0,0,0,0,0,0.0,0.0,0.0,0.0,0,0,0,0,0,0.00,0.00,0.00,0.00,0,False,499,37,2025-26,Alexander Isak,12,2,False
84,2,0,0,1,0,0,0,0,0,0,3,66,69.2,1.3,34.0,10.5,0,2,1,3,1,0.91,0.15,1.06,0.90,13,True,500,37,2025-26,William Osula,15,19,True
0,0,0,0,0,0,0,0,0,0,0,0,0,0.0,0.0,0.0,0.0,0,0,0,0,0,0.00,0.00,0.00,0.00,0,False,501,37,2025-26,Sean Neave,15,19,True
90,0,0,0,3,0,0,0,0,0,5,0,9,38.4,0.0,0.0,3.8,1,5,0,0,1,0.00,0.00,0.00,4.57,2,False,502,37,2025-26,Matz Sels,16,14,False
0,0,0,0,0,0,0,0,0,0,0,0,0,0.0,0.0,0.0,0.0,0,0,0,0,0,0.00,0.00,0.00,0.00,0,False,503,37,2025-26,Carlos Miguel dos Santos Pereira,16,14,False
0,0,0,0,0,0,0,0,0,0,0,0,0,0.0,0.0,0.0,0.0,0,0,0,0,0,0.00,0.00,0.00,0.00,0,False,504,37,2025-26,Matt Turner,16,14,False
90,0,0,0,3,0,0,0,0,0,0,0,2,11.6,0.8,8.0,2.0,3,4,1,4,1,0.02,0.01,0.03,4.57,1,False,505,37,2025-26,Nikola Milenković,16,14,False
0,0,0,0,0,0,0,0,0,0,0,0,0,0.0,0.0,0.0,0.0,0,0,0,0,0,0.00,0.00,0.00,0.00,0,False,506,37,2025-26,Murillo Costa dos Santos,16,14,False
0,0,0,0,0,0,0,0,0,0,0,0,0,0.0,0.0,0.0,0.0,0,0,0,0,0,0.00,0.00,0.00,0.00,0,False,507,37,2025-26,Ola Aina,16,14,False
90,0,0,0,3,0,0,0,0,0,0,0,8,28.2,17.2,2.0,4.7,6,7,3,9,1,0.00,0.05,0.05,4.57,1,False,508,37,2025-26,Neco Williams,16,14,False
0,0,0,0,0,0,0,0,0,0,0,0,0,0.0,0.0,0.0,0.0,0,0,0,0,0,0.00,0.00,0.00,0.00,0,False,509,37,2025-26,David Mota Veiga Teixeira do Carmo,16,14,False
6,0,0,0,0,0,0,0,0,0,0,0,5,7.2,10.3,2.0,2.0,2,0,1,3,0,0.00,0.05,0.05,0.83,1,False,510,37,2025-26,Jair Paula da Cunha Filho,16,14,False
90,1,0,0,3,0,0,0,0,0,0,0,17,60.0,3.8,33.0,9.7,8,1,2,10,1,0.49,0.00,0.49,4.57,9,True,511,37,2025-26,Felipe Rodrigues da Silva,16,14,False
0,0,0,0,0,0,0,0,0,0,0,0,0,0.0,0.0,0.0,0.0,0,0,0,0,0,0.00,0.00,0.00,0.00,0,False,512,37,2025-26,Omar Richards,16,14,False
0,0,0,0,0,0,0,0,0,0,0,0,0,0.0,0.0,0.0,0.0,0,0,0,0,0,0.00,0.00,0.00,0.00,0,False,513,37,2025-26,Zach Abbott,16,14,False
0,0,0,0,0,0,0,0,0,0,0,0,0,0.0,0.0,0.0,0.0,0,0,0,0,0,0.00,0.00,0.00,0.00,0,False,514,37,2025-26,Willy Boly,16,14,False
90,1,0,0,3,0,0,0,0,0,0,0,31,51.6,20.6,68.0,14.0,3,4,1,8,1,0.90,0.04,0.94,4.57,7,False,515,37,2025-26,Morgan Gibbs-White,16,14,False
0,0,0,0,0,0,0,0,0,0,0,0,0,0.0,0.0,0.0,0.0,0,0,0,0,0,0.00,0.00,0.00,0.00,0,False,516,37,2025-26,Callum Hudson-Odoi,16,14,False
90,0,2,0,3,0,0,0,1,0,0,3,49,72.8,50.3,0.0,12.3,8,9,3,20,1,0.00,0.68,0.68,4.57,12,True,517,37,2025-26,Elliot Anderson,16,14,False
0,0,0,0,0,0,0,0,0,0,0,0,0,0.0,0.0,0.0,0.0,0,0,0,0,0,0.00,0.00,0.00,0.00,0,False,518,37,2025-26,João Pedro Ferreira da Silva,16,14,False
69,0,0,0,2,0,0,0,0,0,0,0,23,21.8,16.8,7.0,4.6,3,4,4,11,1,0.21,0.05,0.26,2.80,2,False,519,37,2025-26,Nicolás Domínguez,16,14,False
0,0,0,0,0,0,0,0,0,0,0,0,0,0.0,0.0,0.0,0.0,0,0,0,0,0,0.00,0.00,0.00,0.00,0,False,520,37,2025-26,Lewis O'Brien,16,14,False
20,0,0,0,1,0,0,0,0,0,0,0,8,7.2,1.3,0.0,0.9,2,4,1,7,0,0.00,0.01,0.01,1.77,1,False,521,37,2025-26,Ibrahim Sangaré,16,14,False
0,0,0,0,0,0,0,0,0,0,0,0,0,0.0,0.0,0.0,0.0,0,0,0,0,0,0.00,0.00,0.00,0.00,0,False,522,37,2025-26,Ryan Yates,16,14,False
0,0,0,0,0,0,0,0,0,0,0,0,0,0.0,0.0,0.0,0.0,0,0,0,0,0,0.00,0.00,0.00,0.00,0,False,523,37,2025-26,Eric da Silva Moreira,16,14,False
0,0,0,0,0,0,0,0,0,0,0,0,0,0.0,0.0,0.0,0.0,0,0,0,0,0,0.00,0.00,0.00,0.00,0,False,524,37,2025-26,Marko Stamenić,16,14,False
69,0,0,0,2,0,0,0,0,0,0,0,5,0.0,6.2,7.0,1.1,0,2,0,2,1,0.06,0.00,0.06,2.80,2,False,525,37,2025-26,Chris Wood,16,14,False
83,0,0,0,3,0,0,0,0,0,0,0,7,8.0,5.7,7.0,2.1,2,2,1,5,1,0.02,0.01,0.03,3.74,2,False,526,37,2025-26,Igor Jesus Maciel da Cruz,16,14,False
20,0,0,0,1,0,0,0,0,0,0,0,1,0.8,14.4,6.0,2.1,0,2,0,2,0,0.18,0.35,0.53,1.77,1,False,527,37,2025-26,Taiwo Awoniyi,16,14,False
0,0,0,0,0,0,0,0,0,0,0,0,0,0.0,0.0,0.0,0.0,0,0,0,0,0,0.00,0.00,0.00,0.00,0,False,528,37,2025-26,Anthony Patterson,17,9,False
0,0,0,0,0,0,0,0,0,0,0,0,0,0.0,0.0,0.0,0.0,0,0,0,0,0,0.00,0.00,0.00,0.00,0,False,529,37,2025-26,Simon Moore,17,9,False
0,0,0,0,0,0,0,0,0,0,0,0,0,0.0,0.0,0.0,0.0,0,0,0,0,0,0.00,0.00,0.00,0.00,0,False,530,37,2025-26,Blondy Nna Noukeu,17,9,False
0,0,0,0,0,0,0,0,0,0,0,0,0,0.0,0.0,0.0,0.0,0,0,0,0,0,0.00,0.00,0.00,0.00,0,False,531,37,2025-26,Daniel Ballard,17,9,False
59,0,0,0,1,0,0,0,0,0,0,0,4,1.8,2.9,2.0,0.7,1,3,0,1,1,0.00,0.01,0.01,0.37,1,False,532,37,2025-26,Trai Hume,17,9,False
0,0,0,0,0,0,0,0,0,0,0,0,0,0.0,0.0,0.0,0.0,0,0,0,0,0,0.00,0.00,0.00,0.00,0,False,533,37,2025-26,Aji Alese,17,9,False
0,0,0,0,0,0,0,0,0,0,0,0,0,0.0,0.0,0.0,0.0,0,0,0,0,0,0.00,0.00,0.00,0.00,0,False,534,37,2025-26,Joe Anderson,17,9,False
0,0,0,0,0,0,0,0,0,0,0,0,0,0.0,0.0,0.0,0.0,0,0,0,0,0,0.00,0.00,0.00,0.00,0,False,535,37,2025-26,Dennis Cirkin,17,9,False
0,0,0,0,0,0,0,0,0,0,0,0,0,0.0,0.0,0.0,0.0,0,0,0,0,0,0.00,0.00,0.00,0.00,0,False,536,37,2025-26,Leo Fuhr Hjelde,17,9,False
0,0,0,0,0,0,0,0,0,0,0,0,0,0.0,0.0,0.0,0.0,0,0,0,0,0,0.00,0.00,0.00,0.00,0,False,537,37,2025-26,Niall Huggins,17,9,False
0,0,0,0,0,0,0,0,0,0,0,0,0,0.0,0.0,0.0,0.0,0,0,0,0,0,0.00,0.00,0.00,0.00,0,False,538,37,2025-26,Zak Johnson,17,9,False
67,0,0,0,1,0,0,0,0,0,0,0,9,18.6,0.3,4.0,2.3,10,0,1,11,0,0.05,0.00,0.05,1.01,4,False,539,37,2025-26,Luke O'Nien,17,9,False
0,0,0,0,0,0,0,0,0,0,0,0,0,0.0,0.0,0.0,0.0,0,0,0,0,0,0.00,0.00,0.00,0.00,0,False,540,37,2025-26,Timothée Pembélé,17,9,False
90,0,0,0,1,0,0,0,0,0,0,0,14,14.4,1.8,0.0,1.6,5,2,1,6,1,0.00,0.02,0.02,1.04,2,False,541,37,2025-26,Reinildo Mandava,17,9,False
0,0,0,0,0,0,0,0,0,0,0,0,0,0.0,0.0,0.0,0.0,0,0,0,0,0,0.00,0.00,0.00,0.00,0,False,542,37,2025-26,Jenson Seelt,17,9,False
0,0,0,0,0,0,0,0,0,0,0,0,0,0.0,0.0,0.0,0.0,0,0,0,0,0,0.00,0.00,0.00,0.00,0,False,543,37,2025-26,Simon Adingra,17,9,False
13,0,1,0,0,0,0,0,0,0,0,0,17,21.2,18.5,0.0,4.0,0,0,0,0,0,0.00,0.14,0.14,0.52,4,False,544,37,2025-26,Habib Diarra,17,9,False
0,0,0,0,0,0,0,0,0,0,0,0,0,0.0,0.0,0.0,0.0,0,0,0,0,0,0.00,0.00,0.00,0.00,0,False,545,37,2025-26,Patrick Roberts,17,9,False
0,0,0,0,0,0,0,0,0,0,0,0,0,0.0,0.0,0.0,0.0,0,0,0,0,0,0.00,0.00,0.00,0.00,0,False,546,37,2025-26,Milan Aleksić,17,9,False
90,1,1,0,1,0,0,0,0,0,0,3,50,53.8,17.7,19.0,9.1,0,7,2,9,1,0.12,0.29,0.41,1.04,13,True,547,37,2025-26,Enzo Le Fée,17,9,False
0,0,0,0,0,0,0,0,0,0,0,0,0,0.0,0.0,0.0,0.0,0,0,0,0,0,0.00,0.00,0.00,0.00,0,False,548,37,2025-26,Romaine Mundle,17,9,False
0,0,0,0,0,0,0,0,0,0,0,0,0,0.0,0.0,0.0,0.0,0,0,0,0,0,0.00,0.00,0.00,0.00,0,False,549,37,2025-26,Dan Neil,17,9,False
0,0,0,0,0,0,0,0,0,0,0,0,0,0.0,0.0,0.0,0.0,0,0,0,0,0,0.00,0.00,0.00,0.00,0,False,550,37,2025-26,Ian Poveda-Ocampo,17,9,False
13,0,1,0,0,0,0,0,0,0,0,0,12,18.4,11.3,2.0,3.2,1,0,0,1,0,0.00,0.01,0.01,0.52,4,False,551,37,2025-26,Chris Rigg,17,9,False
76,0,0,0,1,0,0,0,0,0,0,0,4,0.0,3.8,0.0,0.4,0,5,0,5,1,0.00,0.01,0.01,0.53,2,False,552,37,2025-26,Noah Sadiki,17,9,False
30,0,0,0,0,0,0,0,0,0,0,0,3,0.4,3.1,0.0,0.4,0,2,0,2,0,0.00,0.00,0.00,0.67,1,False,553,37,2025-26,Chemsdine Talbi,17,9,False
0,0,0,0,0,0,0,0,0,0,0,0,0,0.0,0.0,0.0,0.0,0,0,0,0,0,0.00,0.00,0.00,0.00,0,False,554,37,2025-26,Abdoullah Ba,17,9,False
0,0,0,0,0,0,0,0,0,0,0,0,0,0.0,0.0,0.0,0.0,0,0,0,0,0,0.00,0.00,0.00,0.00,0,False,555,37,2025-26,Alan Browne,17,9,False
0,0,0,0,0,0,0,0,0,0,0,0,0,0.0,0.0,0.0,0.0,0,0,0,0,0,0.00,0.00,0.00,0.00,0,False,556,37,2025-26,Pierre Ekwah Elimby,17,9,False
0,0,0,0,0,0,0,0,0,0,0,0,0,0.0,0.0,0.0,0.0,0,0,0,0,0,0.00,0.00,0.00,0.00,0,False,557,37,2025-26,Harrison Jones,17,9,False
0,0,0,0,0,0,0,0,0,0,0,0,0,0.0,0.0,0.0,0.0,0,0,0,0,0,0.00,0.00,0.00,0.00,0,False,558,37,2025-26,Jay Matete,17,9,False
0,0,0,0,0,0,0,0,0,0,0,0,0,0.0,0.0,0.0,0.0,0,0,0,0,0,0.00,0.00,0.00,0.00,0,False,559,37,2025-26,Nectarios Triantis,17,9,False
13,1,0,0,0,0,0,0,0,0,0,0,29,36.2,0.3,19.0,5.6,1,2,1,4,0,0.19,0.17,0.36,0.52,5,False,560,37,2025-26,Wilson Isidor,17,9,False
0,0,0,0,0,0,0,0,0,0,0,0,0,0.0,0.0,0.0,0.0,0,0,0,0,0,0.00,0.00,0.00,0.00,0,False,561,37,2025-26,Eliezer Mayenda Dossou,17,9,False
0,0,0,0,0,0,0,0,0,0,0,0,0,0.0,0.0,0.0,0.0,0,0,0,0,0,0.00,0.00,0.00,0.00,0,False,562,37,2025-26,Ahmed Abdullahi,17,9,False
0,0,0,0,0,0,0,0,0,0,0,0,0,0.0,0.0,0.0,0.0,0,0,0,0,0,0.00,0.00,0.00,0.00,0,False,563,37,2025-26,Luís Hemir Silva Semedo,17,9,False
0,0,0,0,0,0,0,0,0,0,0,0,0,0.0,0.0,0.0,0.0,0,0,0,0,0,0.00,0.00,0.00,0.00,0,False,564,37,2025-26,Nazarii Rusyn,17,9,False
0,0,0,0,0,0,0,0,0,0,0,0,0,0.0,0.0,0.0,0.0,0,0,0,0,0,0.00,0.00,0.00,0.00,0,False,565,37,2025-26,Guglielmo Vicario,18,7,False
0,0,0,0,0,0,0,0,0,0,0,0,0,0.0,0.0,0.0,0.0,0,0,0,0,0,0.00,0.00,0.00,0.00,0,False,566,37,2025-26,Brandon Austin,18,7,False
90,0,0,0,2,0,0,0,0,0,2,0,4,15.6,0.0,0.0,1.6,0,5,0,0,1,0.00,0.00,0.00,0.63,1,False,567,37,2025-26,Antonín Kinský,18,7,False
90,0,0,0,2,0,0,0,1,0,0,0,8,16.2,45.2,4.0,6.5,0,2,1,1,1,0.00,0.36,0.36,0.63,0,False,568,37,2025-26,Pedro Porro Sauceda,18,7,False
0,0,0,0,0,0,0,0,0,0,0,0,0,0.0,0.0,0.0,0.0,0,0,0,0,0,0.00,0.00,0.00,0.00,0,False,569,37,2025-26,Cristian Romero,18,7,False
90,0,0,0,2,0,0,0,0,0,0,0,9,23.6,1.0,2.0,2.7,9,2,1,10,1,0.00,0.01,0.01,0.63,3,False,570,37,2025-26,Kevin Danso,18,7,False
0,0,0,0,0,0,0,0,0,0,0,0,0,0.0,0.0,0.0,0.0,0,0,0,0,0,0.00,0.00,0.00,0.00,0,False,571,37,2025-26,Ben Davies,18,7,False
0,0,0,0,0,0,0,0,0,0,0,0,0,0.0,0.0,0.0,0.0,0,0,0,0,0,0.00,0.00,0.00,0.00,0,False,572,37,2025-26,Radu Drăgușin,18,7,False
21,0,0,0,0,0,0,0,0,0,0,0,4,2.6,0.8,0.0,0.3,0,1,0,0,0,0.00,0.01,0.01,0.15,1,False,573,37,2025-26,Djed Spence,18,7,False
68,0,0,0,2,0,0,0,1,0,0,0,-5,4.6,0.6,2.0,0.7,1,5,3,4,1,0.00,0.00,0.00,0.48,0,False,574,37,2025-26,Destiny Udogie,18,7,False
90,0,0,0,2,0,0,0,1,0,0,0,6,15.6,1.3,0.0,1.7,3,6,1,4,1,0.00,0.01,0.01,0.63,0,False,575,37,2025-26,Micky van de Ven,18,7,False
0,0,0,0,0,0,0,0,0,0,0,0,0,0.0,0.0,0.0,0.0,0,0,0,0,0,0.00,0.00,0.00,0.00,0,False,576,37,2025-26,Ashley Phillips,18,7,False
0,0,0,0,0,0,0,0,0,0,0,0,0,0.0,0.0,0.0,0.0,0,0,0,0,0,0.00,0.00,0.00,0.00,0,False,577,37,2025-26,Takai Kōta,18,7,False
0,0,0,0,0,0,0,0,0,0,0,0,0,0.0,0.0,0.0,0.0,0,0,0,0,0,0.00,0.00,0.00,0.00,0,False,578,37,2025-26,Luka Vušković,18,7,False
0,0,0,0,0,0,0,0,0,0,0,0,0,0.0,0.0,0.0,0.0,0,0,0,0,0,0.00,0.00,0.00,0.00,0,False,579,37,2025-26,Son Heung-min,18,7,False
45,0,0,0,1,0,0,0,0,0,0,0,3,2.4,0.7,4.0,0.7,1,4,1,6,0,0.00,0.00,0.00,1.27,1,False,580,37,2025-26,Brennan Johnson,8,5,False
21,0,0,0,0,0,0,0,0,0,0,0,-1,0.4,3.2,11.0,1.5,0,2,0,2,0,0.21,0.02,0.23,0.15,1,False,581,37,2025-26,James Maddison,18,7,False
0,0,0,0,0,0,0,0,0,0,0,0,0,0.0,0.0,0.0,0.0,0,0,0,0,0,0.00,0.00,0.00,0.00,0,False,582,37,2025-26,Mohammed Kudus,18,7,False
0,0,0,0,0,0,0,0,0,0,0,0,0,0.0,0.0,0.0,0.0,0,0,0,0,0,0.00,0.00,0.00,0.00,0,False,583,37,2025-26,Dejan Kulusevski,18,7,False
90,0,0,0,2,0,0,0,0,0,0,0,4,9.4,17.6,14.0,4.1,3,2,0,5,1,0.09,0.11,0.20,0.63,2,False,584,37,2025-26,Mathys Tel,18,7,False
90,0,0,0,2,0,0,0,0,0,0,0,17,6.4,11.4,2.0,2.0,1,5,2,8,1,0.00,0.03,0.03,0.63,2,False,585,37,2025-26,Rodrigo Bentancur,18,7,False
0,0,0,0,0,0,0,0,0,0,0,0,0,0.0,0.0,0.0,0.0,0,0,0,0,0,0.00,0.00,0.00,0.00,0,False,586,37,2025-26,Lucas Bergvall,18,7,False
0,0,0,0,0,0,0,0,0,0,0,0,0,0.0,0.0,0.0,0.0,0,0,0,0,0,0.00,0.00,0.00,0.00,0,False,587,37,2025-26,Yves Bissouma,18,7,False
0,0,0,0,0,0,0,0,0,0,0,0,0,0.0,0.0,0.0,0.0,0,0,0,0,0,0.00,0.00,0.00,0.00,0,False,588,37,2025-26,Wilson Odobert,18,7,False
0,0,0,0,0,0,0,0,0,0,0,0,0,0.0,0.0,0.0,0.0,0,0,0,0,0,0.00,0.00,0.00,0.00,0,False,589,37,2025-26,Manor Solomon,18,7,False
0,0,0,0,0,0,0,0,0,0,0,0,0,0.0,0.0,0.0,0.0,0,0,0,0,0,0.00,0.00,0.00,0.00,0,False,590,37,2025-26,Bryan Gil Salvatierra,18,7,False
0,0,0,0,0,0,0,0,0,0,0,0,0,0.0,0.0,0.0,0.0,0,0,0,0,0,0.00,0.00,0.00,0.00,0,False,591,37,2025-26,Archie Gray,18,7,False
0,0,0,0,0,0,0,0,0,0,0,0,0,0.0,0.0,0.0,0.0,0,0,0,0,0,0.00,0.00,0.00,0.00,0,False,592,37,2025-26,Mikey Moore,18,7,False
21,0,1,0,0,0,0,0,0,0,0,0,18,18.0,25.2,4.0,4.7,0,1,0,1,0,0.13,0.03,0.16,0.15,4,False,593,37,2025-26,Pape Matar Sarr,18,7,False
0,0,0,0,0,0,0,0,0,0,0,0,0,0.0,0.0,0.0,0.0,0,0,0,0,0,0.00,0.00,0.00,0.00,0,False,594,37,2025-26,Yang Min-hyeok,18,7,False
0,0,0,0,0,0,0,0,0,0,0,0,0,0.0,0.0,0.0,0.0,0,0,0,0,0,0.00,0.00,0.00,0.00,0,False,595,37,2025-26,Callum Olusesi,18,7,False
0,0,0,0,0,0,0,0,0,0,0,0,0,0.0,0.0,0.0,0.0,0,0,0,0,0,0.00,0.00,0.00,0.00,0,False,596,37,2025-26,Dominic Solanke-Mitchell,18,7,False
90,1,0,0,2,0,0,0,0,0,0,1,38,44.6,12.2,58.0,11.5,2,3,2,7,1,0.96,0.04,1.00,0.63,7,False,597,37,2025-26,Richarlison de Andrade,18,7,False
0,0,0,0,0,0,0,0,0,0,0,0,0,0.0,0.0,0.0,0.0,0,0,0,0,0,0.00,0.00,0.00,0.00,0,False,598,37,2025-26,Will Lankshear,18,7,False
0,0,0,0,0,0,0,0,0,0,0,0,0,0.0,0.0,0.0,0.0,0,0,0,0,0,0.00,0.00,0.00,0.00,0,False,599,37,2025-26,Dane Scarlett,18,7,False
0,0,0,0,0,0,0,0,0,0,0,0,0,0.0,0.0,0.0,0.0,0,0,0,0,0,0.00,0.00,0.00,0.00,0,False,600,37,2025-26,Alphonse Areola,19,15,False
0,0,0,0,0,0,0,0,0,0,0,0,0,0.0,0.0,0.0,0.0,0,0,0,0,0,0.00,0.00,0.00,0.00,0,False,601,37,2025-26,Wes Foderingham,19,15,False
0,0,0,0,0,0,0,0,0,0,0,0,0,0.0,0.0,0.0,0.0,0,0,0,0,0,0.00,0.00,0.00,0.00,0,False,602,37,2025-26,Krisztián Hegyi,19,15,False
90,0,0,0,3,0,0,0,1,0,0,0,3,20.2,50.7,19.0,9.0,1,4,1,2,1,0.04,0.20,0.24,1.73,0,False,603,37,2025-26,El Hadji Malick Diouf,19,15,False
0,0,0,0,0,0,0,0,0,0,0,0,0,0.0,0.0,0.0,0.0,0,0,0,0,0,0.00,0.00,0.00,0.00,0,False,604,37,2025-26,Emerson Palmieri dos Santos,19,15,False
0,0,0,0,0,0,0,0,0,0,0,0,0,0.0,0.0,0.0,0.0,0,0,0,0,0,0.00,0.00,0.00,0.00,0,False,605,37,2025-26,Maximilian Kilman,19,15,False
90,0,0,0,3,0,0,0,0,0,0,0,10,33.6,1.5,3.0,3.8,11,6,3,14,1,0.03,0.05,0.08,1.73,3,False,606,37,2025-26,Konstantinos Mavropanos,19,15,False
0,0,0,0,0,0,0,0,0,0,0,0,0,0.0,0.0,0.0,0.0,0,0,0,0,0,0.00,0.00,0.00,0.00,0,False,607,37,2025-26,Nayef Aguerd,19,15,False
0,0,0,0,0,0,0,0,0,0,0,0,0,0.0,0.0,0.0,0.0,0,0,0,0,0,0.00,0.00,0.00,0.00,0,False,608,37,2025-26,Ollie Scarles,19,15,False
25,0,0,0,2,0,0,0,0,0,0,0,-4,1.8,0.3,0.0,0.2,2,1,0,2,1,0.00,0.00,0.00,0.84,0,False,609,37,2025-26,Jean-Clair Todibo,19,15,False
62,0,0,0,2,0,0,0,0,0,0,0,2,7.0,1.7,0.0,0.9,2,3,2,4,1,0.00,0.02,0.02,1.01,1,False,610,37,2025-26,Aaron Wan-Bissaka,19,15,False
0,0,0,0,0,0,0,0,0,0,0,0,0,0.0,0.0,0.0,0.0,0,0,0,0,0,0.00,0.00,0.00,0.00,0,False,611,37,2025-26,Kaelan Casey,19,15,False
0,0,0,0,0,0,0,0,0,0,0,0,0,0.0,0.0,0.0,0.0,0,0,0,0,0,0.00,0.00,0.00,0.00,0,False,612,37,2025-26,Lucas Tolentino Coelho de Lima,19,15,False
62,0,0,0,2,0,0,0,1,0,0,0,10,12.2,14.1,4.0,3.0,1,2,4,7,1,0.00,0.01,0.01,1.01,1,False,613,37,2025-26,Tomáš Souček,19,15,False
12,0,0,0,0,0,0,0,0,0,0,0,3,1.4,0.5,0.0,0.2,0,2,0,2,0,0.00,0.00,0.00,0.03,1,False,614,37,2025-26,James Ward-Prowse,3,1,False
90,0,0,0,3,0,0,0,0,0,0,0,23,14.4,23.3,15.0,5.3,1,6,1,8,1,0.05,0.24,0.29,1.73,2,False,615,37,2025-26,Crysencio Summerville,19,15,False
0,0,0,0,0,0,0,0,0,0,0,0,0,0.0,0.0,0.0,0.0,0,0,0,0,0,0.00,0.00,0.00,0.00,0,False,616,37,2025-26,Edson Álvarez Velázquez,19,15,False
0,0,0,0,0,0,0,0,0,0,0,0,0,0.0,0.0,0.0,0.0,0,0,0,0,0,0.00,0.00,0.00,0.00,0,False,617,37,2025-26,Maxwel Cornet,19,15,False
0,0,0,0,0,0,0,0,0,0,0,0,0,0.0,0.0,0.0,0.0,0,0,0,0,0,0.00,0.00,0.00,0.00,0,False,618,37,2025-26,Guido Rodríguez,19,15,False
0,0,0,0,0,0,0,0,0,0,0,0,0,0.0,0.0,0.0,0.0,0,0,0,0,0,0.00,0.00,0.00,0.00,0,False,619,37,2025-26,Luis Guilherme Lira dos Santos,19,15,False
0,0,0,0,0,0,0,0,0,0,0,0,0,0.0,0.0,0.0,0.0,0,0,0,0,0,0.00,0.00,0.00,0.00,0,False,620,37,2025-26,George Earthy,19,15,False
0,0,0,0,0,0,0,0,0,0,0,0,0,0.0,0.0,0.0,0.0,0,0,0,0,0,0.00,0.00,0.00,0.00,0,False,621,37,2025-26,Andy Irving,19,15,False
0,0,0,0,0,0,0,0,0,0,0,0,0,0.0,0.0,0.0,0.0,0,0,0,0,0,0.00,0.00,0.00,0.00,0,False,622,37,2025-26,Lewis Orford,19,15,False
0,0,0,0,0,0,0,0,0,0,0,0,0,0.0,0.0,0.0,0.0,0,0,0,0,0,0.00,0.00,0.00,0.00,0,False,623,37,2025-26,Freddie Potts,19,15,False
90,0,0,0,3,0,0,0,0,0,0,0,7,10.6,5.3,11.0,2.7,1,7,2,10,1,0.13,0.03,0.16,1.73,2,False,624,37,2025-26,Jarrod Bowen,19,15,False
0,0,0,0,0,0,0,0,0,0,0,0,0,0.0,0.0,0.0,0.0,0,0,0,0,0,0.00,0.00,0.00,0.00,0,False,625,37,2025-26,Niclas Füllkrug,19,15,False
0,0,0,0,0,0,0,0,0,0,0,0,0,0.0,0.0,0.0,0.0,0,0,0,0,0,0.00,0.00,0.00,0.00,0,False,626,37,2025-26,Callum Marshall,19,15,False
0,0,0,0,0,0,0,0,0,0,0,0,0,0.0,0.0,0.0,0.0,0,0,0,0,0,0.00,0.00,0.00,0.00,0,False,627,37,2025-26,Sam Johnstone,20,10,True
90,0,0,0,1,0,0,0,0,0,4,0,14,23.8,0.0,0.0,2.4,1,11,0,0,1,0.00,0.01,0.01,1.59,3,False,628,37,2025-26,José Malheiro de Sá,20,10,True
0,0,0,0,0,0,0,0,0,0,0,0,0,0.0,0.0,0.0,0.0,0,0,0,0,0,0.00,0.00,0.00,0.00,0,False,629,37,2025-26,Daniel Bentley,20,10,True
0,0,0,0,0,0,0,0,0,0,0,0,0,0.0,0.0,0.0,0.0,0,0,0,0,0,0.00,0.00,0.00,0.00,0,False,630,37,2025-26,Tom King,9,17,True
0,0,0,0,0,0,0,0,0,0,0,0,0,0.0,0.0,0.0,0.0,0,0,0,0,0,0.00,0.00,0.00,0.00,0,False,631,37,2025-26,Emmanuel Agbadou,20,10,True
0,0,0,0,0,0,0,0,0,0,0,0,0,0.0,0.0,0.0,0.0,0,0,0,0,0,0.00,0.00,0.00,0.00,0,False,632,37,2025-26,Matt Doherty,20,10,True
5,0,0,0,0,0,0,0,0,0,0,0,5,4.2,14.0,0.0,1.8,0,0,0,0,0,0.00,0.03,0.03,0.10,1,False,633,37,2025-26,Hugo Bueno López,20,10,True
90,0,0,0,1,0,0,0,0,0,0,0,-2,0.4,0.6,15.0,1.6,3,1,2,5,1,0.35,0.01,0.36,1.59,2,False,634,37,2025-26,Yerson Mosquera Valdelamar,20,10,True
84,0,0,0,1,0,0,0,0,0,0,0,4,5.8,5.4,19.0,3.0,2,3,3,5,1,0.28,0.04,0.32,1.49,2,False,635,37,2025-26,Rodrigo Martins Gomes,20,10,True
90,0,0,0,1,0,0,0,0,0,0,0,5,17.2,0.1,0.0,1.7,9,3,0,9,1,0.00,0.00,0.00,1.59,2,False,636,37,2025-26,Santiago Ignacio Bueno,20,10,True
0,0,0,0,0,0,0,0,0,0,0,0,0,0.0,0.0,0.0,0.0,0,0,0,0,0,0.00,0.00,0.00,0.00,0,False,637,37,2025-26,Toti Gomes,20,10,True
0,0,0,0,0,0,0,0,0,0,0,0,0,0.0,0.0,0.0,0.0,0,0,0,0,0,0.00,0.00,0.00,0.00,0,False,638,37,2025-26,Ki-Jana Hoever,20,10,True
0,0,0,0,0,0,0,0,0,0,0,0,0,0.0,0.0,0.0,0.0,0,0,0,0,0,0.00,0.00,0.00,0.00,0,False,639,37,2025-26,Bastien Meupiyou Menadjou,20,10,True
5,0,0,0,0,0,0,0,0,0,0,0,2,0.0,0.1,4.0,0.4,1,0,0,1,0,0.15,0.00,0.15,0.10,1,False,640,37,2025-26,Pedro Cardoso de Lima,20,10,True
0,0,0,0,0,0,0,0,0,0,0,0,0,0.0,0.0,0.0,0.0,0,0,0,0,0,0.00,0.00,0.00,0.00,0,False,641,37,2025-26,Alfie Pond,20,10,True
78,0,1,0,1,0,0,0,0,0,0,0,22,23.6,35.1,5.0,6.4,4,5,0,9,1,0.05,0.30,0.35,1.47,5,False,642,37,2025-26,Hwang Hee-chan,20,10,True
90,0,0,0,1,0,0,0,1,0,0,0,10,2.6,2.4,0.0,0.5,2,10,2,14,1,0.00,0.01,0.01,1.59,3,False,643,37,2025-26,André Trindade da Costa Neto,20,10,True
11,0,0,0,0,0,0,0,0,0,0,0,2,0.0,3.5,0.0,0.3,0,3,0,3,0,0.00,0.01,0.01,0.12,1,False,644,37,2025-26,Jean-Ricner Bellegarde,20,10,True
0,0,0,0,0,0,0,0,0,0,0,0,0,0.0,0.0,0.0,0.0,0,0,0,0,0,0.00,0.00,0.00,0.00,0,False,645,37,2025-26,Fer López González,20,10,True
90,0,0,0,1,0,0,0,0,0,0,0,9,7.4,2.5,4.0,1.4,6,4,0,10,1,0.00,0.02,0.02,1.59,2,False,646,37,2025-26,João Victor Gomes da Silva,20,10,True
0,0,0,0,0,0,0,0,0,0,0,0,0,0.0,0.0,0.0,0.0,0,0,0,0,0,0.00,0.00,0.00,0.00,0,False,647,37,2025-26,Gonçalo Manuel Ganchinho Guedes,20,10,True
0,0,0,0,0,0,0,0,0,0,0,0,0,0.0,0.0,0.0,0.0,0,0,0,0,0,0.00,0.00,0.00,0.00,0,False,648,37,2025-26,Marshall Munetsi,20,10,True
0,0,0,0,0,0,0,0,0,0,0,0,0,0.0,0.0,0.0,0.0,0,0,0,0,0,0.00,0.00,0.00,0.00,0,False,649,37,2025-26,Boubacar Traoré,20,10,True
0,0,0,0,0,0,0,0,0,0,0,0,0,0.0,0.0,0.0,0.0,0,0,0,0,0,0.00,0.00,0.00,0.00,0,False,650,37,2025-26,Tawanda Chirewa,20,10,True
0,0,0,0,0,0,0,0,0,0,0,0,0,0.0,0.0,0.0,0.0,0,0,0,0,0,0.00,0.00,0.00,0.00,0,False,651,37,2025-26,Tom Edozie,20,10,True
0,0,0,0,0,0,0,0,0,0,0,0,0,0.0,0.0,0.0,0.0,0,0,0,0,0,0.00,0.00,0.00,0.00,0,False,652,37,2025-26,Enso González Medina,20,10,True
0,0,0,0,0,0,0,0,0,0,0,0,0,0.0,0.0,0.0,0.0,0,0,0,0,0,0.00,0.00,0.00,0.00,0,False,653,37,2025-26,Joe Hodge,20,10,True
60,0,0,0,1,0,0,0,0,0,0,0,9,6.8,4.3,26.0,3.7,2,0,0,2,1,0.20,0.16,0.36,0.58,2,False,654,37,2025-26,Jørgen Strand Larsen,8,5,False
0,0,0,0,0,0,0,0,0,0,0,0,0,0.0,0.0,0.0,0.0,0,0,0,0,0,0.00,0.00,0.00,0.00,0,False,655,37,2025-26,Fábio Soares Silva,20,10,True
0,0,0,0,0,0,0,0,0,0,0,0,0,0.0,0.0,0.0,0.0,0,0,0,0,0,0.00,0.00,0.00,0.00,0,False,656,37,2025-26,Saša Kalajdžić,20,10,True
0,0,0,0,0,0,0,0,0,0,0,0,0,0.0,0.0,0.0,0.0,0,0,0,0,0,0.00,0.00,0.00,0.00,0,False,657,37,2025-26,Leon Chiwome,20,10,True
0,0,0,0,0,0,0,0,0,0,0,0,0,0.0,0.0,0.0,0.0,0,0,0,0,0,0.00,0.00,0.00,0.00,0,False,658,37,2025-26,Nathan Fraser,20,10,True
0,0,0,0,0,0,0,0,0,0,0,0,0,0.0,0.0,0.0,0.0,0,0,0,0,0,0.00,0.00,0.00,0.00,0,False,659,37,2025-26,Kyle Walker-Peters,19,15,False
73,0,0,1,0,0,0,0,0,0,0,0,10,9.8,19.2,1.0,3.0,1,3,3,7,1,0.06,0.07,0.13,2.20,3,False,660,37,2025-26,Anton Stach,11,6,True
0,0,0,0,0,0,0,0,0,0,0,0,0,0.0,0.0,0.0,0.0,0,0,0,0,0,0.00,0.00,0.00,0.00,0,False,661,37,2025-26,Hugo Ekitiké,12,2,False
90,0,0,1,0,0,0,0,0,0,0,0,23,17.2,19.5,4.0,4.1,1,3,4,5,1,0.00,0.08,0.08,0.19,6,False,662,37,2025-26,Cristhian Mosquera,1,3,True
0,0,0,0,0,0,0,0,0,0,0,0,0,0.0,0.0,0.0,0.0,0,0,0,0,0,0.00,0.00,0.00,0.00,0,False,663,37,2025-26,Jhon Arias,20,10,True
0,0,0,0,0,0,0,0,0,0,0,0,0,0.0,0.0,0.0,0.0,0,0,0,0,0,0.00,0.00,0.00,0.00,0,False,664,37,2025-26,Benjamin Lecomte,10,20,False
0,0,0,0,0,0,0,0,0,0,0,0,0,0.0,0.0,0.0,0.0,0,0,0,0,0,0.00,0.00,0.00,0.00,0,False,665,37,2025-26,Lucas Estella Perri,11,6,True
17,0,0,0,0,0,0,0,0,0,0,0,3,2.0,0.5,4.0,0.7,0,1,1,2,0,0.00,0.01,0.01,0.00,1,False,666,37,2025-26,Viktor Gyökeres,1,3,True
0,0,0,0,0,0,0,0,0,0,0,0,0,0.0,0.0,0.0,0.0,0,0,0,0,0,0.00,0.00,0.00,0.00,0,False,667,37,2025-26,Adam Aznou,9,17,True
90,0,0,0,1,0,0,0,0,0,0,0,15,10.0,8.0,0.0,1.8,1,5,1,7,1,0.00,0.02,0.02,1.04,2,False,668,37,2025-26,Granit Xhaka,17,9,False
0,0,0,0,0,0,0,0,0,0,0,0,0,0.0,0.0,0.0,0.0,0,0,0,0,0,0.00,0.00,0.00,0.00,0,False,669,37,2025-26,Dan Ndoye,16,14,False
90,0,0,0,1,0,0,0,0,0,3,0,13,24.6,0.0,0.0,2.5,3,7,0,0,1,0.00,0.00,0.00,1.04,3,False,670,37,2025-26,Robin Roefs,17,9,False
90,0,0,0,3,0,0,0,0,0,0,0,5,4.6,1.4,33.0,3.9,0,0,1,1,1,0.08,0.11,0.19,1.73,2,False,671,37,2025-26,Callum Wilson,19,15,False
90,0,0,0,1,0,0,0,1,0,0,0,11,18.2,10.7,2.0,3.1,5,4,1,6,1,0.00,0.02,0.02,1.72,1,False,672,37,2025-26,Jorrel Hato,7,18,True
68,0,0,0,2,0,0,0,0,0,0,0,14,9.4,2.0,0.0,1.1,3,7,2,12,1,0.00,0.01,0.01,0.48,4,False,673,37,2025-26,João Maria Lobo Alves Palhares Costa Palhinha Gonçalves,18,7,False
0,0,0,0,0,0,0,0,0,0,0,0,0,0.0,0.0,0.0,0.0,0,0,0,0,0,0.00,0.00,0.00,0.00,0,False,674,37,2025-26,Aaron Ramsdale,15,19,True
0,0,0,0,0,0,0,0,0,0,0,0,0,0.0,0.0,0.0,0.0,0,0,0,0,0,0.00,0.00,0.00,0.00,0,False,675,37,2025-26,Angus Gunn,16,14,False
70,0,0,0,1,0,0,0,0,0,0,0,9,11.0,1.7,2.0,1.5,2,4,2,8,1,0.00,0.00,0.00,1.27,2,False,676,37,2025-26,Lesley Ugochukwu,3,1,False
1,0,0,0,0,0,0,0,0,0,0,0,3,1.2,0.3,0.0,0.2,1,0,0,1,0,0.00,0.10,0.10,0.41,1,False,677,37,2025-26,Evann Guessand,8,5,False
0,0,0,0,0,0,0,0,0,0,0,0,0,0.0,0.0,0.0,0.0,0,0,0,0,0,0.00,0.00,0.00,0.00,0,False,678,37,2025-26,Arthur Masuaku,17,9,False
90,0,1,0,3,0,0,0,0,0,4,0,13,40.4,10.0,0.0,5.0,1,7,0,0,1,0.00,0.00,0.00,1.73,5,False,679,37,2025-26,Mads Hermansen,19,15,False
0,0,0,0,0,0,0,0,0,0,0,0,0,0.0,0.0,0.0,0.0,0,0,0,0,0,0.00,0.00,0.00,0.00,0,False,680,37,2025-26,Armando Broja,3,1,False
0,0,0,0,0,0,0,0,0,0,0,0,0,0.0,0.0,0.0,0.0,0,0,0,0,0,0.00,0.00,0.00,0.00,0,False,681,37,2025-26,Benjamin Sesko,14,16,True
84,0,0,0,1,0,0,0,0,0,0,0,0,0.0,0.4,0.0,0.0,0,3,0,0,1,0.00,0.01,0.01,1.49,2,False,682,37,2025-26,David Møller Wolfe,20,10,True
22,0,0,0,0,0,0,0,0,0,0,0,3,2.0,0.3,0.0,0.2,1,0,0,1,1,0.00,0.00,0.00,0.03,1,False,683,37,2025-26,Omar Alderete,17,9,False
90,0,0,0,1,0,0,0,0,0,0,0,14,18.2,1.3,0.0,2.0,6,2,3,9,1,0.00,0.01,0.01,0.95,2,False,684,37,2025-26,Malick Thiaw,15,19,True
0,0,0,0,0,0,0,0,0,0,0,0,0,0.0,0.0,0.0,0.0,0,0,0,0,0,0.00,0.00,0.00,0.00,0,False,685,37,2025-26,Bafodé Diakité,4,13,True
90,0,0,0,4,0,0,0,0,0,0,0,11,9.6,31.6,15.0,5.6,0,1,1,2,1,0.12,0.12,0.24,1.85,2,False,686,37,2025-26,Rio Ngumoha,12,2,False
0,0,0,0,0,0,0,0,0,0,0,0,0,0.0,0.0,0.0,0.0,0,0,0,0,0,0.00,0.00,0.00,0.00,0,False,687,37,2025-26,Remy Rees-Dottin,4,13,True
0,0,0,0,0,0,0,0,0,0,0,0,0,0.0,0.0,0.0,0.0,0,0,0,0,0,0.00,0.00,0.00,0.00,0,False,688,37,2025-26,James Wright,2,12,True
0,0,0,0,0,0,0,0,0,0,0,0,0,0.0,0.0,0.0,0.0,0,0,0,0,0,0.00,0.00,0.00,0.00,0,False,689,37,2025-26,Seung-Soo Park,15,19,True
0,0,0,0,0,0,0,0,0,0,0,0,0,0.0,0.0,0.0,0.0,0,0,0,0,0,0.00,0.00,0.00,0.00,0,False,690,37,2025-26,Rio Cardines,8,5,False
90,1,0,1,0,0,0,0,1,0,0,2,33,37.0,1.9,21.0,6.0,2,1,0,3,1,0.07,0.02,0.09,3.06,7,False,691,37,2025-26,Dominic Calvert-Lewin,11,6,True
0,0,0,0,0,0,0,0,0,0,0,0,0,0.0,0.0,0.0,0.0,0,0,0,0,0,0.00,0.00,0.00,0.00,0,False,692,37,2025-26,Giovanni Leoni,12,2,False
69,0,0,0,2,0,0,0,0,0,0,0,11,5.0,15.6,2.0,2.3,2,4,0,6,1,0.00,0.20,0.20,2.80,2,False,693,37,2025-26,Omari Hutchinson,16,14,False
90,0,0,0,1,0,0,0,0,0,0,0,6,14.2,12.8,8.0,3.5,5,2,0,5,1,0.03,0.03,0.06,1.04,2,False,694,37,2025-26,Nordi Mukiele,17,9,False
0,0,0,0,0,0,0,0,0,0,0,0,0,0.0,0.0,0.0,0.0,0,0,0,0,0,0.00,0.00,0.00,0.00,0,False,695,37,2025-26,Jackson Tchatchoua,20,10,True
0,0,0,0,0,0,0,0,0,0,0,0,0,0.0,0.0,0.0,0.0,0,0,0,0,0,0.00,0.00,0.00,0.00,0,False,696,37,2025-26,Arnaud Kalimuendo,16,14,False
0,0,0,0,0,0,0,0,0,0,0,0,0,0.0,0.0,0.0,0.0,0,0,0,0,0,0.00,0.00,0.00,0.00,0,False,697,37,2025-26,Amine Adli,4,13,True
0,0,0,0,0,0,0,0,0,0,0,0,0,0.0,0.0,0.0,0.0,0,0,0,0,0,0.00,0.00,0.00,0.00,0,False,698,37,2025-26,Noah Okafor,11,6,True
1,0,0,0,1,0,0,0,0,0,0,0,3,0.2,0.5,0.0,0.1,0,0,0,0,0,0.00,0.00,0.00,0.27,1,False,699,37,2025-26,Douglas Luiz Soares de Paulo,2,12,True
0,0,0,0,0,0,0,0,0,0,0,0,0,0.0,0.0,0.0,0.0,0,0,0,0,0,0.00,0.00,0.00,0.00,0,False,700,37,2025-26,Max Dowman,1,3,True
0,0,0,0,0,0,0,0,0,0,0,0,0,0.0,0.0,0.0,0.0,0,0,0,0,0,0.00,0.00,0.00,0.00,0,False,701,37,2025-26,Triston Rowe,2,12,True
0,0,0,0,0,0,0,0,0,0,0,0,0,0.0,0.0,0.0,0.0,0,0,0,0,0,0.00,0.00,0.00,0.00,0,False,702,37,2025-26,Bradley Burrowes,2,12,True
0,0,0,0,0,0,0,0,0,0,0,0,0,0.0,0.0,0.0,0.0,0,0,0,0,0,0.00,0.00,0.00,0.00,0,False,703,37,2025-26,Sam Proctor,2,12,True
0,0,0,0,0,0,0,0,0,0,0,0,0,0.0,0.0,0.0,0.0,0,0,0,0,0,0.00,0.00,0.00,0.00,0,False,704,37,2025-26,Tyler Onyango,9,17,True
0,0,0,0,0,0,0,0,0,0,0,0,0,0.0,0.0,0.0,0.0,0,0,0,0,0,0.00,0.00,0.00,0.00,0,False,705,37,2025-26,Elijah Campbell,9,17,True
90,0,0,1,0,0,0,0,0,0,0,0,23,10.8,1.3,8.0,2.0,4,2,2,6,1,0.06,0.02,0.08,3.06,6,False,706,37,2025-26,James Justin,11,6,True
0,0,0,0,0,0,0,0,0,0,0,0,0,0.0,0.0,0.0,0.0,0,0,0,0,0,0.00,0.00,0.00,0.00,0,False,707,37,2025-26,Tyler Dibling,9,17,True
90,0,0,0,3,0,0,0,0,0,0,0,19,22.2,24.8,23.0,7.0,5,6,1,12,1,0.13,0.10,0.23,1.73,4,False,708,37,2025-26,Mateus Gonçalo Espanha Fernandes,19,15,False
90,0,0,0,1,0,0,0,0,0,0,0,12,24.2,4.3,2.0,3.1,5,3,4,9,1,0.00,0.05,0.05,1.59,2,False,709,37,2025-26,Ladislav Krejcí,20,10,True
0,0,0,0,0,0,0,0,0,0,0,0,0,0.0,0.0,0.0,0.0,0,0,0,0,0,0.00,0.00,0.00,0.00,0,False,710,37,2025-26,Travis Patterson,2,12,True
0,0,0,0,0,0,0,0,0,0,0,0,0,0.0,0.0,0.0,0.0,0,0,0,0,0,0.00,0.00,0.00,0.00,0,False,711,37,2025-26,Andre Harriman-Annous,1,3,True
45,0,0,0,1,0,0,0,0,0,0,0,9,6.6,15.1,2.0,2.4,2,2,1,5,1,0.00,0.06,0.06,0.45,1,False,712,37,2025-26,Yéremy Pino Santos,8,5,False
0,0,0,0,0,0,0,0,0,0,0,0,0,0.0,0.0,0.0,0.0,0,0,0,0,0,0.00,0.00,0.00,0.00,0,False,713,37,2025-26,Álex Jiménez Sánchez,4,13,True
74,1,0,0,1,0,0,0,0,0,0,2,35,42.8,40.1,27.0,11.0,1,4,1,6,1,0.20,0.16,0.36,0.62,8,False,714,37,2025-26,Nick Woltemade,15,19,True
0,0,0,0,0,0,0,0,0,0,0,0,0,0.0,0.0,0.0,0.0,0,0,0,0,0,0.00,0.00,0.00,0.00,0,False,715,37,2025-26,John Victor Maciel Furtado,16,14,False
0,0,0,0,0,0,0,0,0,0,0,0,0,0.0,0.0,0.0,0.0,0,0,0,0,0,0.00,0.00,0.00,0.00,0,False,716,37,2025-26,Nicolò Savona,16,14,False
0,0,0,0,0,0,0,0,0,0,0,0,0,0.0,0.0,0.0,0.0,0,0,0,0,0,0.00,0.00,0.00,0.00,0,False,717,37,2025-26,Xavi Simons,18,7,False
0,0,0,0,0,0,0,0,0,0,0,0,0,0.0,0.0,0.0,0.0,0,0,0,0,0,0.00,0.00,0.00,0.00,0,False,718,37,2025-26,Soungoutou Magassa,19,15,False
45,0,0,0,0,0,0,0,0,0,0,0,3,1.4,2.8,0.0,0.4,2,0,0,2,1,0.00,0.01,0.01,0.19,1,False,719,37,2025-26,Victor Lindelöf,2,12,True
18,0,0,0,0,0,0,0,0,0,0,0,9,12.0,3.0,11.0,2.6,2,2,1,5,0,0.02,0.00,0.02,0.12,1,False,720,37,2025-26,Tolu Arokodare,20,10,True
0,0,0,0,0,0,0,0,0,0,0,0,0,0.0,0.0,0.0,0.0,0,0,0,0,0,0.00,0.00,0.00,0.00,0,False,721,37,2025-26,Veljko Milosavljevic,4,13,True
77,0,0,0,1,0,0,0,0,0,0,0,14,12.6,0.1,1.0,1.4,6,3,3,12,1,0.02,0.00,0.02,1.27,4,False,722,37,2025-26,Florentino Ibrain Morris Luís,3,1,False
90,0,0,0,2,0,0,0,0,0,0,0,9,18.2,1.2,0.0,1.9,10,4,2,12,1,0.00,0.00,0.00,1.71,3,False,723,37,2025-26,Jaydee Canvot,8,5,False
90,0,0,0,1,0,0,0,0,0,0,0,14,15.2,3.5,1.0,2.0,4,7,2,6,1,0.05,0.01,0.06,1.04,2,False,724,37,2025-26,Lutsharel Geertruida,17,9,False
18,0,0,0,0,0,0,0,0,0,0,0,5,2.2,0.3,4.0,0.7,0,0,1,1,0,0.00,0.00,0.00,0.00,1,False,725,37,2025-26,Piero Hincapié,1,3,True
68,0,0,0,2,0,0,0,0,0,0,0,4,0.0,0.8,6.0,0.3,0,1,0,1,1,0.00,0.00,0.00,0.48,2,False,726,37,2025-26,Randal Kolo Muani,18,7,False
11,0,0,0,0,0,0,0,0,0,0,0,4,2.4,16.5,0.0,1.9,0,2,0,2,0,0.00,0.00,0.00,0.26,1,False,727,37,2025-26,Samuel Chukwueze,10,20,False
87,1,0,0,2,0,0,0,0,0,0,2,32,37.6,5.4,15.0,5.8,2,1,3,6,1,0.10,0.06,0.16,0.58,9,False,728,37,2025-26,Merlin Röhl,9,17,True
0,0,0,0,0,0,0,0,0,0,0,0,0,0.0,0.0,0.0,0.0,0,0,0,0,0,0.00,0.00,0.00,0.00,0,False,729,37,2025-26,Luis Eduardo Soares da Silva,16,14,False
76,1,0,0,1,0,0,0,0,0,0,1,30,39.4,1.0,19.0,5.9,2,1,1,4,1,0.33,0.01,0.34,0.53,7,False,730,37,2025-26,Brian Brobbey,17,9,False
45,0,0,0,0,0,0,0,0,0,0,0,2,2.6,1.4,7.0,1.1,1,3,0,4,0,0.02,0.05,0.07,1.05,1,False,731,37,2025-26,Kevin Santos Lopes de Macedo,10,20,False
0,0,0,0,0,0,0,0,0,0,0,0,0,0.0,0.0,0.0,0.0,0,0,0,0,0,0.00,0.00,0.00,0.00,0,False,732,37,2025-26,Christantus Uche,8,5,False
90,0,0,0,2,0,0,0,0,0,2,0,7,19.8,0.0,0.0,2.0,1,9,0,0,1,0.00,0.00,0.00,1.88,1,False,733,37,2025-26,Senne Lammens,14,16,True
20,0,0,0,1,0,0,0,0,0,0,0,5,1.6,5.5,2.0,0.9,0,0,0,0,0,0.00,0.03,0.03,1.77,1,False,734,37,2025-26,Dilane Bakwa,16,14,False
0,0,0,0,0,0,0,0,0,0,0,0,0,0.0,0.0,0.0,0.0,0,0,0,0,0,0.00,0.00,0.00,0.00,0,False,735,37,2025-26,Bertrand Traoré,17,9,False
90,0,0,0,1,0,0,0,1,0,2,0,6,15.4,0.0,0.0,1.5,2,6,0,0,1,0.00,0.00,0.00,1.99,1,False,736,37,2025-26,Gianluigi Donnarumma,13,4,False
0,0,0,0,0,0,0,0,0,0,0,0,0,0.0,0.0,0.0,0.0,0,0,0,0,0,0.00,0.00,0.00,0.00,0,False,737,37,2025-26,Jonah Kusi-Asare,10,20,False
0,0,0,0,0,0,0,0,0,0,0,0,0,0.0,0.0,0.0,0.0,0,0,0,0,0,0.00,0.00,0.00,0.00,0,False,738,37,2025-26,Lukasz Fabianski,19,15,False
0,0,0,0,0,0,0,0,0,0,0,0,0,0.0,0.0,0.0,0.0,0,0,0,0,0,0.00,0.00,0.00,0.00,0,False,739,37,2025-26,Divine Mukasa,13,4,False
0,0,0,0,0,0,0,0,0,0,0,0,0,0.0,0.0,0.0,0.0,0,0,0,0,0,0.00,0.00,0.00,0.00,0,False,740,37,2025-26,Stephen Mfuni,13,4,False
0,0,0,0,0,0,0,0,0,0,0,0,0,0.0,0.0,0.0,0.0,0,0,0,0,0,0.00,0.00,0.00,0.00,0,False,741,37,2025-26,Harry Gray,11,6,True
0,0,0,0,0,0,0,0,0,0,0,0,0,0.0,0.0,0.0,0.0,0,0,0,0,0,0.00,0.00,0.00,0.00,0,False,742,37,2025-26,Ryan McAidoo,13,4,False
0,0,0,0,0,0,0,0,0,0,0,0,0,0.0,0.0,0.0,0.0,0,0,0,0,0,0.00,0.00,0.00,0.00,0,False,743,37,2025-26,Landon Emenalo,7,18,True
0,0,0,0,0,0,0,0,0,0,0,0,0,0.0,0.0,0.0,0.0,0,0,0,0,0,0.00,0.00,0.00,0.00,0,False,744,37,2025-26,Nehemiah Oriola,6,11,False
0,0,0,0,0,0,0,0,0,0,0,0,0,0.0,0.0,0.0,0.0,0,0,0,0,0,0.00,0.00,0.00,0.00,0,False,745,37,2025-26,Jun'ai Byfield,18,7,False
0,0,0,0,0,0,0,0,0,0,0,0,0,0.0,0.0,0.0,0.0,0,0,0,0,0,0.00,0.00,0.00,0.00,0,False,746,37,2025-26,Kieran Morrison,12,2,False
0,0,0,0,0,0,0,0,0,0,0,0,0,0.0,0.0,0.0,0.0,0,0,0,0,0,0.00,0.00,0.00,0.00,0,False,747,37,2025-26,Ezra Mayers,19,15,False
1,0,0,0,0,0,0,0,0,0,0,0,3,0.2,10.3,4.0,1.5,0,1,0,1,0,0.08,0.00,0.08,0.03,1,False,748,37,2025-26,Josh Dasilva,5,8,True
90,1,0,0,1,0,0,0,0,0,0,3,40,46.0,42.9,16.0,10.5,1,9,3,13,1,0.12,0.40,0.52,1.59,11,False,749,37,2025-26,Mateus Mané,20,10,True
0,0,0,0,0,0,0,0,0,0,0,0,0,0.0,0.0,0.0,0.0,0,0,0,0,0,0.00,0.00,0.00,0.00,0,False,750,37,2025-26,James Rowswell,18,7,False
0,0,0,0,0,0,0,0,0,0,0,0,0,0.0,0.0,0.0,0.0,0,0,0,0,0,0.00,0.00,0.00,0.00,0,False,751,37,2025-26,Yusuf Akhamrich,18,7,False
0,0,0,0,0,0,0,0,0,0,0,0,0,0.0,0.0,0.0,0.0,0,0,0,0,0,0.00,0.00,0.00,0.00,0,False,752,37,2025-26,Airidas Golambeckis,19,15,False
0,0,0,0,0,0,0,0,0,0,0,0,0,0.0,0.0,0.0,0.0,0,0,0,0,0,0.00,0.00,0.00,0.00,0,False,753,37,2025-26,John Ruddy,15,19,True
0,0,0,0,0,0,0,0,0,0,0,0,0,0.0,0.0,0.0,0.0,0,0,0,0,0,0.00,0.00,0.00,0.00,0,False,754,37,2025-26,George Hemmings,2,12,True
0,0,0,0,0,0,0,0,0,0,0,0,0,0.0,0.0,0.0,0.0,0,0,0,0,0,0.00,0.00,0.00,0.00,0,False,755,37,2025-26,Shea Lacey,14,16,True
0,0,0,0,0,0,0,0,0,0,0,0,0,0.0,0.0,0.0,0.0,0,0,0,0,0,0.00,0.00,0.00,0.00,0,False,756,37,2025-26,Malcom DaCosta,4,13,True
0,0,0,0,0,0,0,0,0,0,0,0,0,0.0,0.0,0.0,0.0,0,0,0,0,0,0.00,0.00,0.00,0.00,0,False,757,37,2025-26,Ronnie Hollingshead,2,12,True
27,0,0,0,1,0,0,0,1,0,0,0,-1,2.2,0.0,0.0,0.2,1,0,0,1,0,0.00,0.00,0.00,0.72,0,False,758,37,2025-26,Mohamadou Kanté,19,15,False
0,0,0,0,0,0,0,0,0,0,0,0,0,0.0,0.0,0.0,0.0,0,0,0,0,0,0.00,0.00,0.00,0.00,0,False,759,37,2025-26,Marli Salmon,1,3,True
0,0,0,0,0,0,0,0,0,0,0,0,0,0.0,0.0,0.0,0.0,0,0,0,0,0,0.00,0.00,0.00,0.00,0,False,760,37,2025-26,Wellity Lucky,12,2,False
0,0,0,0,0,0,0,0,0,0,0,0,0,0.0,0.0,0.0,0.0,0,0,0,0,0,0.00,0.00,0.00,0.00,0,False,761,37,2025-26,Freddie Simmonds,6,11,False
0,0,0,0,0,0,0,0,0,0,0,0,0,0.0,0.0,0.0,0.0,0,0,0,0,0,0.00,0.00,0.00,0.00,0,False,762,37,2025-26,Joél Drakes-Thomas,8,5,False
0,0,0,0,0,0,0,0,0,0,0,0,0,0.0,0.0,0.0,0.0,0,0,0,0,0,0.00,0.00,0.00,0.00,0,False,763,37,2025-26,Charlie Gray,13,4,False
0,0,0,0,0,0,0,0,0,0,0,0,0,0.0,0.0,0.0,0.0,0,0,0,0,0,0.00,0.00,0.00,0.00,0,False,764,37,2025-26,Reigan Heskey,13,4,False
0,0,0,0,0,0,0,0,0,0,0,0,0,0.0,0.0,0.0,0.0,0,0,0,0,0,0.00,0.00,0.00,0.00,0,False,765,37,2025-26,Leo Shahar,15,19,True
0,0,0,0,0,0,0,0,0,0,0,0,0,0.0,0.0,0.0,0.0,0,0,0,0,0,0.00,0.00,0.00,0.00,0,False,766,37,2025-26,Saheed Olagunju,20,10,True
0,0,0,0,0,0,0,0,0,0,0,0,0,0.0,0.0,0.0,0.0,0,0,0,0,0,0.00,0.00,0.00,0.00,0,False,767,37,2025-26,Luke Rawlings,20,10,True
0,0,0,0,0,0,0,0,0,0,0,0,0,0.0,0.0,0.0,0.0,0,0,0,0,0,0.00,0.00,0.00,0.00,0,False,768,37,2025-26,Leon Routh,2,12,True
0,0,0,0,0,0,0,0,0,0,0,0,0,0.0,0.0,0.0,0.0,0,0,0,0,0,0.00,0.00,0.00,0.00,0,False,769,37,2025-26,Bendito Mantato,14,16,True
0,0,0,0,0,0,0,0,0,0,0,0,0,0.0,0.0,0.0,0.0,0,0,0,0,0,0.00,0.00,0.00,0.00,0,False,770,37,2025-26,Seth Ridgeon,10,20,False
0,0,0,0,0,0,0,0,0,0,0,0,0,0.0,0.0,0.0,0.0,0,0,0,0,0,0.00,0.00,0.00,0.00,0,False,771,37,2025-26,Tyler Fletcher,14,16,True
0,0,0,0,0,0,0,0,0,0,0,0,0,0.0,0.0,0.0,0.0,0,0,0,0,0,0.00,0.00,0.00,0.00,0,False,772,37,2025-26,Sam Alabi,15,19,True
0,0,0,0,0,0,0,0,0,0,0,0,0,0.0,0.0,0.0,0.0,0,0,0,0,0,0.00,0.00,0.00,0.00,0,False,773,37,2025-26,Dean Benamar,8,5,False
0,0,0,0,0,0,0,0,0,0,0,0,0,0.0,0.0,0.0,0.0,0,0,0,0,0,0.00,0.00,0.00,0.00,0,False,774,37,2025-26,Jenson Jones,17,9,False
0,0,0,0,0,0,0,0,0,0,0,0,0,0.0,0.0,0.0,0.0,0,0,0,0,0,0.00,0.00,0.00,0.00,0,False,775,37,2025-26,Tymur Tutierov,17,9,False
0,0,0,0,0,0,0,0,0,0,0,0,0,0.0,0.0,0.0,0.0,0,0,0,0,0,0.00,0.00,0.00,0.00,0,False,776,37,2025-26,Oliver Pimlott,3,1,False
0,0,0,0,0,0,0,0,0,0,0,0,0,0.0,0.0,0.0,0.0,0,0,0,0,0,0.00,0.00,0.00,0.00,0,False,777,37,2025-26,Temple Ojinnaka,20,10,True
0,0,0,0,0,0,0,0,0,0,0,0,0,0.0,0.0,0.0,0.0,0,0,0,0,0,0.00,0.00,0.00,0.00,0,False,778,37,2025-26,Ethan Sutherland,20,10,True
0,0,0,0,0,0,0,0,0,0,0,0,0,0.0,0.0,0.0,0.0,0,0,0,0,0,0.00,0.00,0.00,0.00,0,False,779,37,2025-26,Braiden Graham,9,17,True
0,0,0,0,0,0,0,0,0,0,0,0,0,0.0,0.0,0.0,0.0,0,0,0,0,0,0.00,0.00,0.00,0.00,0,False,780,37,2025-26,Ben Casey,8,5,False
0,0,0,0,0,0,0,0,0,0,0,0,0,0.0,0.0,0.0,0.0,0,0,0,0,0,0.00,0.00,0.00,0.00,0,False,781,37,2025-26,TJ Carroll,2,12,True
0,0,0,0,0,0,0,0,0,0,0,0,0,0.0,0.0,0.0,0.0,0,0,0,0,0,0.00,0.00,0.00,0.00,0,False,782,37,2025-26,Fraser Forster,4,13,True
90,0,0,0,1,0,0,0,0,0,0,1,26,24.0,59.2,20.0,10.3,1,3,1,5,1,0.03,0.48,0.51,0.39,3,False,783,37,2025-26,Pascal Groß,6,11,False
0,0,0,0,0,0,0,0,0,0,0,0,0,0.0,0.0,0.0,0.0,0,0,0,0,0,0.00,0.00,0.00,0.00,0,False,784,37,2025-26,George Brierley,3,1,False
27,0,0,0,1,0,0,0,0,0,0,0,7,9.6,16.0,0.0,2.6,2,1,3,6,0,0.00,0.06,0.06,0.72,1,False,785,37,2025-26,Pablo Felipe Pereira de Jesus,19,15,False
0,0,0,0,0,0,0,0,0,0,0,0,0,0.0,0.0,0.0,0.0,0,0,0,0,0,0.00,0.00,0.00,0.00,0,False,786,37,2025-26,Alfie McNally,10,20,False
0,0,0,0,0,0,0,0,0,0,0,0,0,0.0,0.0,0.0,0.0,0,0,0,0,0,0.00,0.00,0.00,0.00,0,False,787,37,2025-26,Sam Chambers,11,6,True
0,0,0,0,0,0,0,0,0,0,0,0,0,0.0,0.0,0.0,0.0,0,0,0,0,0,0.00,0.00,0.00,0.00,0,False,788,37,2025-26,Godwill Kukonki,14,16,True
0,0,0,0,0,0,0,0,0,0,0,0,0,0.0,0.0,0.0,0.0,0,0,0,0,0,0.00,0.00,0.00,0.00,0,False,789,37,2025-26,Max Merrick,7,18,True
0,0,0,0,0,0,0,0,0,0,0,0,0,0.0,0.0,0.0,0.0,0,0,0,0,0,0.00,0.00,0.00,0.00,0,False,790,37,2025-26,Lucá Williams-Barnett,18,7,False
64,1,0,0,1,0,0,0,0,0,0,0,28,37.6,2.1,95.0,13.5,1,3,1,5,0,0.49,0.01,0.50,0.89,6,False,791,37,2025-26,Valentín Castellanos,19,15,False
0,0,0,0,0,0,0,0,0,0,0,0,0,0.0,0.0,0.0,0.0,0,0,0,0,0,0.00,0.00,0.00,0.00,0,False,792,37,2025-26,Alysson Edward Franco da Rocha dos Santos,2,12,True
0,0,0,0,0,0,0,0,0,0,0,0,0,0.0,0.0,0.0,0.0,0,0,0,0,0,0.00,0.00,0.00,0.00,0,False,793,37,2025-26,George King,8,5,False
0,0,0,0,0,0,0,0,0,0,0,0,0,0.0,0.0,0.0,0.0,0,0,0,0,0,0.00,0.00,0.00,0.00,0,False,794,37,2025-26,Max Alleyne,13,4,False
0,0,0,0,0,0,0,0,0,0,0,0,0,0.0,0.0,0.0,0.0,0,0,0,0,0,0.00,0.00,0.00,0.00,0,False,795,37,2025-26,Harry Howell,6,11,False
90,0,0,0,2,0,0,0,0,0,0,0,9,10.6,17.6,19.0,4.7,3,5,1,9,1,0.33,0.03,0.36,0.63,2,False,796,37,2025-26,Conor Gallagher,18,7,False
0,0,0,0,0,0,0,0,0,0,0,0,0,0.0,0.0,0.0,0.0,0,0,0,0,0,0.00,0.00,0.00,0.00,0,False,797,37,2025-26,Kaye Furo,5,8,True
0,0,0,0,0,0,0,0,0,0,0,0,0,0.0,0.0,0.0,0.0,0,0,0,0,0,0.00,0.00,0.00,0.00,0,False,798,37,2025-26,Danny Imray,8,5,False
0,0,0,0,0,0,0,0,0,0,0,0,0,0.0,0.0,0.0,0.0,0,0,0,0,0,0.00,0.00,0.00,0.00,0,False,799,37,2025-26,Charlie Stevens,4,13,True
0,0,0,0,0,0,0,0,0,0,0,0,0,0.0,0.0,0.0,0.0,0,0,0,0,0,0.00,0.00,0.00,0.00,0,False,800,37,2025-26,Djiamgone Jocelin Ta Bi,17,9,False
0,0,0,0,0,0,0,0,0,0,0,0,0,0.0,0.0,0.0,0.0,0,0,0,0,0,0.00,0.00,0.00,0.00,0,False,801,37,2025-26,Alex Tóth,4,13,True
0,0,0,0,0,0,0,0,0,0,0,0,0,0.0,0.0,0.0,0.0,0,0,0,0,0,0.00,0.00,0.00,0.00,0,False,802,37,2025-26,Keiber Lamadrid,19,15,False
0,0,0,0,0,0,0,0,0,0,0,0,0,0.0,0.0,0.0,0.0,0,0,0,0,0,0.00,0.00,0.00,0.00,0,False,803,37,2025-26,Teddy Sharman-Lowe,7,18,True
0,0,0,0,0,0,0,0,0,0,0,0,0,0.0,0.0,0.0,0.0,0,0,0,0,0,0.00,0.00,0.00,0.00,0,False,804,37,2025-26,João Victor de Souza Menezes,18,7,False
0,0,0,0,0,0,0,0,0,0,0,0,0,0.0,0.0,0.0,0.0,0,0,0,0,0,0.00,0.00,0.00,0.00,0,False,805,37,2025-26,Lorenzo Lucca,16,14,False
0,0,0,0,0,0,0,0,0,0,0,0,0,0.0,0.0,0.0,0.0,0,0,0,0,0,0.00,0.00,0.00,0.00,0,False,806,37,2025-26,Christos Mandas,4,13,True
83,0,0,1,0,0,0,0,0,0,0,0,6,4.2,2.2,13.0,1.9,5,2,1,8,1,0.35,0.01,0.36,1.16,3,False,807,37,2025-26,Rayan Vitor Simplício Rocha,4,13,True
0,0,0,0,0,0,0,0,0,0,0,0,0,0.0,0.0,0.0,0.0,0,0,0,0,0,0.00,0.00,0.00,0.00,0,False,808,37,2025-26,Tammy Abraham,2,12,True
0,0,0,0,0,0,0,0,0,0,0,0,0,0.0,0.0,0.0,0.0,0,0,0,0,0,0.00,0.00,0.00,0.00,0,False,809,37,2025-26,Jerome Abbey,20,10,True
0,0,0,0,0,0,0,0,0,0,0,0,0,0.0,0.0,0.0,0.0,0,0,0,0,0,0.00,0.00,0.00,0.00,0,False,810,37,2025-26,Luka Bentt,5,8,True
0,0,0,0,0,0,0,0,0,0,0,0,0,0.0,0.0,0.0,0.0,0,0,0,0,0,0.00,0.00,0.00,0.00,0,False,811,37,2025-26,Rio Kyerematen,18,7,False
0,0,0,0,0,0,0,0,0,0,0,0,0,0.0,0.0,0.0,0.0,0,0,0,0,0,0.00,0.00,0.00,0.00,0,False,812,37,2025-26,Melker Ellborg,17,9,False
76,0,0,0,1,0,0,0,0,0,0,0,5,2.2,4.0,2.0,0.8,1,0,1,2,1,0.00,0.01,0.01,0.53,2,False,813,37,2025-26,Nilson Angulo,17,9,False
83,0,0,0,3,0,0,0,0,0,0,0,-5,8.6,2.0,2.0,1.3,2,0,1,3,1,0.00,0.00,0.00,3.74,1,False,814,37,2025-26,Luca Netz,16,14,False
90,0,0,0,3,0,0,0,0,0,0,0,3,14.4,1.9,0.0,1.6,5,5,1,6,1,0.00,0.01,0.01,1.73,1,False,815,37,2025-26,Axel Disasi,19,15,False
0,0,0,0,0,0,0,0,0,0,0,0,0,0.0,0.0,0.0,0.0,0,0,0,0,0,0.00,0.00,0.00,0.00,0,False,816,37,2025-26,Angel Gomes,20,10,True
71,0,0,0,1,0,0,0,0,0,0,0,3,0.0,0.3,6.0,0.6,1,1,1,3,1,0.42,0.00,0.42,1.47,2,False,817,37,2025-26,Adam Armstrong,20,10,True
0,0,0,0,0,0,0,0,0,0,0,0,0,0.0,0.0,0.0,0.0,0,0,0,0,0,0.00,0.00,0.00,0.00,0,False,818,37,2025-26,James Wilson,18,7,False
0,0,0,0,0,0,0,0,0,0,0,0,0,0.0,0.0,0.0,0.0,0,0,0,0,0,0.00,0.00,0.00,0.00,0,False,819,37,2025-26,Ollie Shield,5,8,True
0,0,0,0,0,0,0,0,0,0,0,0,0,0.0,0.0,0.0,0.0,0,0,0,0,0,0.00,0.00,0.00,0.00,0,False,820,37,2025-26,Kian McMahon-Brown,3,1,False
0,0,0,0,0,0,0,0,0,0,0,0,0,0.0,0.0,0.0,0.0,0,0,0,0,0,0.00,0.00,0.00,0.00,0,False,821,37,2025-26,Jack Whittaker,17,9,False
0,0,0,0,0,0,0,0,0,0,0,0,0,0.0,0.0,0.0,0.0,0,0,0,0,0,0.00,0.00,0.00,0.00,0,False,822,37,2025-26,Jaydon Jones,17,9,False
0,0,0,0,0,0,0,0,0,0,0,0,0,0.0,0.0,0.0,0.0,0,0,0,0,0,0.00,0.00,0.00,0.00,0,False,823,37,2025-26,Joshua Stephenson,5,8,True
0,0,0,0,0,0,0,0,0,0,0,0,0,0.0,0.0,0.0,0.0,0,0,0,0,0,0.00,0.00,0.00,0.00,0,False,824,37,2025-26,Conor McManus,5,8,True
0,0,0,0,0,0,0,0,0,0,0,0,0,0.0,0.0,0.0,0.0,0,0,0,0,0,0.00,0.00,0.00,0.00,0,False,825,37,2025-26,Finlay Herrick,19,15,False
0,0,0,0,0,0,0,0,0,0,0,0,0,0.0,0.0,0.0,0.0,0,0,0,0,0,0.00,0.00,0.00,0.00,0,False,826,37,2025-26,Riley Owen,5,8,True
0,0,0,0,0,0,0,0,0,0,0,0,0,0.0,0.0,0.0,0.0,0,0,0,0,0,0.00,0.00,0.00,0.00,0,False,827,37,2025-26,Jim Thwaites,14,16,True
0,0,0,0,0,0,0,0,0,0,0,0,0,0.0,0.0,0.0,0.0,0,0,0,0,0,0.00,0.00,0.00,0.00,0,False,828,37,2025-26,Alfie Brooks,20,10,True
0,0,0,0,0,0,0,0,0,0,0,0,0,0.0,0.0,0.0,0.0,0,0,0,0,0,0.00,0.00,0.00,0.00,0,False,829,37,2025-26,Jesse Derry,7,18,True
0,0,0,0,0,0,0,0,0,0,0,0,0,0.0,0.0,0.0,0.0,0,0,0,0,0,0.00,0.00,0.00,0.00,0,False,830,37,2025-26,Will Wright,12,2,False
0,0,0,0,0,0,0,0,0,0,0,0,0,0.0,0.0,0.0,0.0,0,0,0,0,0,0.00,0.00,0.00,0.00,0,False,831,37,2025-26,Josh Gracey,20,10,True
0,0,0,0,0,0,0,0,0,0,0,0,0,0.0,0.0,0.0,0.0,0,0,0,0,0,0.00,0.00,0.00,0.00,0,False,832,37,2025-26,Talla Ndiaye,12,2,False
0,0,0,0,0,0,0,0,0,0,0,0,0,0.0,0.0,0.0,0.0,0,0,0,0,0,0.00,0.00,0.00,0.00,0,False,833,37,2025-26,Mathis Eboué,7,18,True
0,0,0,0,0,0,0,0,0,0,0,0,0,0.0,0.0,0.0,0.0,0,0,0,0,0,0.00,0.00,0.00,0.00,0,False,834,37,2025-26,Ryan Kavuma-McQueen,7,18,True
0,0,0,0,0,0,0,0,0,0,0,0,0,0.0,0.0,0.0,0.0,0,0,0,0,0,0.00,0.00,0.00,0.00,0,False,835,37,2025-26,Archie Whitehall,16,14,False
0,0,0,0,0,0,0,0,0,0,0,0,0,0.0,0.0,0.0,0.0,0,0,0,0,0,0.00,0.00,0.00,0.00,0,False,836,37,2025-26,Jimmy Sinclair,16,14,False
0,0,0,0,0,0,0,0,0,0,0,0,0,0.0,0.0,0.0,0.0,0,0,0,0,0,0.00,0.00,0.00,0.00,0,False,837,37,2025-26,Jayden Lienou,11,6,True
0,0,0,0,0,0,0,0,0,0,0,0,0,0.0,0.0,0.0,0.0,0,0,0,0,0,0.00,0.00,0.00,0.00,0,False,838,37,2025-26,Rhys Chadwick,11,6,True
0,0,0,0,0,0,0,0,0,0,0,0,0,0.0,0.0,0.0,0.0,0,0,0,0,0,0.00,0.00,0.00,0.00,0,False,839,37,2025-26,Alfie Cresswell,11,6,True
1,0,0,0,0,0,0,0,0,0,0,0,3,2.0,0.3,0.0,0.2,1,0,0,1,0,0.00,0.00,0.00,0.05,1,False,840,37,2025-26,Shumaira Mheuka,7,18,True
