gw,player_id,minutes,goals_scored,assists,clean_sheets,goals_conceded,own_goals,penalties_saved,penalties_missed,yellow_cards,red_cards,saves,bonus,bps,influence,creativity,threat,ict_index,clearances_blocks_interceptions,recoveries,tackles,defensive_contribution,starts,expected_goals,expected_assists,expected_goal_involvements,expected_goals_conceded,total_points,in_dreamteam
1,1,90,0,0,1,0,0,0,0,1,0,7,3,38,49.2,0.0,0.0,4.9,1,13,0,0,1,0.00,0.00,0.00,1.52,10,True
1,2,0,0,0,0,0,0,0,0,0,0,0,0,0,0.0,0.0,0.0,0.0,0,0,0,0,0,0.00,0.00,0.00,0.00,0,False
1,3,0,0,0,0,0,0,0,0,0,0,0,0,0,0.0,0.0,0.0,0.0,0,0,0,0,0,0.00,0.00,0.00,0.00,0,False
1,4,0,0,0,0,0,0,0,0,0,0,0,0,0,0.0,0.0,0.0,0.0,0,0,0,0,0,0.00,0.00,0.00,0.00,0,False
1,5,90,0,0,1,0,0,0,0,0,0,0,0,23,22.8,0.3,4.0,2.7,6,1,1,7,1,0.00,0.00,0.00,1.52,6,False
1,6,90,0,0,1,0,0,0,0,0,0,0,1,25,31.4,0.1,0.0,3.2,10,3,4,14,1,0.00,0.00,0.00,1.52,9,False
1,7,71,1,0,1,0,0,0,0,1,0,0,2,33,36.2,2.1,35.0,7.3,3,5,1,4,1,0.91,0.01,0.92,0.87,13,True
1,8,19,0,0,0,0,0,0,0,1,0,0,0,-3,3.0,0.3,0.0,0.3,1,1,2,3,0,0.00,0.00,0.00,0.66,0,False
1,9,0,0,0,0,0,0,0,0,0,0,0,0,0,0.0,0.0,0.0,0.0,0,0,0,0,0,0.00,0.00,0.00,0.00,0,False
1,10,18,0,0,0,0,0,0,0,1,0,0,0,-1,0.2,0.0,0.0,0.0,1,0,0,1,0,0.00,0.00,0.00,0.66,0,False
1,11,70,0,0,1,0,0,0,0,0,0,0,0,23,15.4,11.3,1.0,2.8,6,4,2,8,1,0.01,0.01,0.02,0.87,6,False
1,12,0,0,0,0,0,0,0,0,0,0,0,0,0,0.0,0.0,0.0,0.0,0,0,0,0,0,0.00,0.00,0.00,0.00,0,False
1,13,0,0,0,0,0,0,0,0,0,0,0,0,0,0.0,0.0,0.0,0.0,0,0,0,0,0,0.00,0.00,0.00,0.00,0,False
1,14,0,0,0,0,0,0,0,0,0,0,0,0,0,0.0,0.0,0.0,0.0,0,0,0,0,0,0.00,0.00,0.00,0.00,0,False
1,15,0,0,0,0,0,0,0,0,0,0,0,0,0,0.0,0.0,0.0,0.0,0,0,0,0,0,0.00,0.00,0.00,0.00,0,False
1,16,90,0,0,1,0,0,0,0,0,0,0,0,7,12.0,16.4,7.0,3.5,0,2,3,5,1,0.15,0.09,0.24,1.52,3,False
1,17,90,0,0,1,0,0,0,0,0,0,0,0,16,17.8,20.3,17.0,5.5,6,7,1,14,1,0.09,0.29,0.38,1.52,5,False
1,18,30,0,0,0,0,0,0,0,0,0,0,0,2,1.6,10.7,2.0,1.4,0,0,0,0,0,0.00,0.02,0.02,0.82,1,False
1,19,59,0,0,0,0,0,0,0,0,0,0,0,8,6.2,10.3,21.0,3.8,0,3,1,4,1,0.02,0.01,0.03,0.70,1,False
1,20,0,0,0,0,0,0,0,0,0,0,0,0,0,0.0,0.0,0.0,0.0,0,0,0,0,0,0.00,0.00,0.00,0.00,0,False
1,21,82,0,1,1,0,0,0,0,0,0,0,0,14,2.6,1.3,8.0,1.2,1,3,0,4,1,0.13,0.01,0.14,1.04,6,False
1,22,7,0,0,0,0,0,0,0,0,0,0,0,2,1.2,0.0,0.0,0.1,1,0,0,1,0,0.00,0.00,0.00,0.49,1,False
1,23,0,0,0,0,0,0,0,0,0,0,0,0,0,0.0,0.0,0.0,0.0,0,0,0,0,0,0.00,0.00,0.00,0.00,0,False
1,24,0,0,0,0,0,0,0,0,0,0,0,0,0,0.0,0.0,0.0,0.0,0,0,0,0,0,0.00,0.00,0.00,0.00,0,False
1,25,0,0,0,0,0,0,0,0,0,0,0,0,0,0.0,0.0,0.0,0.0,0,0,0,0,0,0.00,0.00,0.00,0.00,0,False
1,26,90,0,0,1,0,0,0,0,0,0,0,0,15,16.0,1.9,2.0,2.0,4,5,3,12,1,0.00,0.01,0.01,1.52,5,False
1,27,0,0,0,0,0,0,0,0,0,0,0,0,0,0.0,0.0,0.0,0.0,0,0,0,0,0,0.00,0.00,0.00,0.00,0,False
1,28,0,0,0,0,0,0,0,0,0,0,0,0,0,0.0,0.0,0.0,0.0,0,0,0,0,0,0.00,0.00,0.00,0.00,0,False
1,29,0,0,0,0,0,0,0,0,0,0,0,0,0,0.0,0.0,0.0,0.0,0,0,0,0,0,0.00,0.00,0.00,0.00,0,False
1,30,30,0,0,0,0,0,0,0,0,0,0,0,4,2.8,0.8,2.0,0.6,1,2,0,3,0,0.00,0.01,0.01,0.82,1,False
1,31,0,0,0,0,0,0,0,0,0,0,0,0,0,0.0,0.0,0.0,0.0,0,0,0,0,0,0.00,0.00,0.00,0.00,0,False
1,32,0,0,0,0,0,0,0,0,0,0,0,0,0,0.0,0.0,0.0,0.0,0,0,0,0,0,0.00,0.00,0.00,0.00,0,False
1,33,90,0,0,1,0,0,0,0,0,0,3,0,29,19.6,0.0,0.0,2.0,1,12,0,0,1,0.00,0.00,0.00,1.43,7,False
1,34,0,0,0,0,0,0,0,0,0,0,0,0,0,0.0,0.0,0.0,0.0,0,0,0,0,0,0.00,0.00,0.00,0.00,0,False
1,35,0,0,0,0,0,0,0,0,0,0,0,0,0,0.0,0.0,0.0,0.0,0,0,0,0,0,0.00,0.00,0.00,0.00,0,False
1,36,90,0,0,1,0,0,0,0,0,0,0,0,25,37.6,1.1,2.0,4.1,9,2,2,11,1,0.00,0.00,0.00,1.43,8,False
1,37,90,0,0,1,0,0,0,0,0,0,0,0,22,11.6,5.8,0.0,1.7,5,3,2,7,1,0.00,0.01,0.01,1.43,6,False
1,38,65,0,0,1,0,0,0,0,0,1,0,0,15,1.8,1.1,0.0,0.3,3,1,0,3,1,0.00,0.01,0.01,1.11,3,False
1,39,0,0,0,0,0,0,0,0,0,0,0,0,0,0.0,0.0,0.0,0.0,0,0,0,0,0,0.00,0.00,0.00,0.00,0,False
1,40,90,0,0,1,0,0,0,0,0,0,0,0,25,13.0,3.7,0.0,1.7,5,2,0,5,1,0.00,0.00,0.00,1.43,6,False
1,41,0,0,0,0,0,0,0,0,0,0,0,0,0,0.0,0.0,0.0,0.0,0,0,0,0,0,0.00,0.00,0.00,0.00,0,False
1,42,0,0,0,0,0,0,0,0,0,0,0,0,0,0.0,0.0,0.0,0.0,0,0,0,0,0,0.00,0.00,0.00,0.00,0,False
1,43,0,0,0,0,0,0,0,0,0,0,0,0,0,0.0,0.0,0.0,0.0,0,0,0,0,0,0.00,0.00,0.00,0.00,0,False
1,44,0,0,0,0,0,0,0,0,0,0,0,0,0,0.0,0.0,0.0,0.0,0,0,0,0,0,0.00,0.00,0.00,0.00,0,False
1,45,0,0,0,0,0,0,0,0,0,0,0,0,0,0.0,0.0,0.0,0.0,0,0,0,0,0,0.00,0.00,0.00,0.00,0,False
1,46,0,0,0,0,0,0,0,0,0,0,0,0,0,0.0,0.0,0.0,0.0,0,0,0,0,0,0.00,0.00,0.00,0.00,0,False
1,47,90,0,0,1,0,0,0,0,0,0,0,0,7,7.2,20.1,4.0,3.1,1,5,1,7,1,0.00,0.05,0.05,1.43,3,False
1,48,90,0,0,1,0,0,0,0,0,0,0,0,5,4.0,1.1,0.0,0.5,3,2,2,7,1,0.00,0.01,0.01,1.43,3,False
1,49,0,0,0,0,0,0,0,0,0,0,0,0,0,0.0,0.0,0.0,0.0,0,0,0,0,0,0.00,0.00,0.00,0.00,0,False
1,50,0,0,0,0,0,0,0,0,0,0,0,0,0,0.0,0.0,0.0,0.0,0,0,0,0,0,0.00,0.00,0.00,0.00,0,False
1,51,0,0,0,0,0,0,0,0,0,0,0,0,0,0.0,0.0,0.0,0.0,0,0,0,0,0,0.00,0.00,0.00,0.00,0,False
1,52,0,0,0,0,0,0,0,0,0,0,0,0,0,0.0,0.0,0.0,0.0,0,0,0,0,0,0.00,0.00,0.00,0.00,0,False
1,53,6,0,0,0,0,0,0,0,0,0,0,0,4,3.0,0.0,17.0,2.0,0,0,0,0,0,0.03,0.00,0.03,0.10,1,False
1,54,83,0,0,1,0,0,0,0,0,0,0,0,10,5.0,19.3,6.0,3.0,0,7,0,7,1,0.00,0.09,0.09,1.33,3,False
1,55,0,0,0,0,0,0,0,0,0,0,0,0,0,0.0,0.0,0.0,0.0,0,0,0,0,0,0.00,0.00,0.00,0.00,0,False
1,56,0,0,0,0,0,0,0,0,0,0,0,0,0,0.0,0.0,0.0,0.0,0,0,0,0,0,0.00,0.00,0.00,0.00,0,False
1,57,0,0,0,0,0,0,0,0,0,0,0,0,0,0.0,0.0,0.0,0.0,0,0,0,0,0,0.00,0.00,0.00,0.00,0,False
1,58,90,0,0,1,0,0,0,0,1,0,0,0,13,13.8,2.2,17.0,3.3,3,6,2,11,1,0.05,0.03,0.08,1.43,2,False
1,59,90,0,0,1,0,0,0,0,0,0,0,0,19,19.4,3.0,0.0,2.2,5,7,2,14,1,0.00,0.01,0.01,1.43,5,False
1,60,0,0,0,0,0,0,0,0,0,0,0,0,0,0.0,0.0,0.0,0.0,0,0,0,0,0,0.00,0.00,0.00,0.00,0,False
1,61,0,0,0,0,0,0,0,0,0,0,0,0,0,0.0,0.0,0.0,0.0,0,0,0,0,0,0.00,0.00,0.00,0.00,0,False
1,62,0,0,0,0,0,0,0,0,0,0,0,0,0,0.0,0.0,0.0,0.0,0,0,0,0,0,0.00,0.00,0.00,0.00,0,False
1,63,0,0,0,0,0,0,0,0,0,0,0,0,0,0.0,0.0,0.0,0.0,0,0,0,0,0,0.00,0.00,0.00,0.00,0,False
1,64,90,0,0,1,0,0,0,0,0,0,0,0,12,10.6,12.2,27.0,5.0,2,3,0,5,1,0.12,0.01,0.13,1.43,2,False
1,65,0,0,0,0,0,0,0,0,0,0,0,0,0,0.0,0.0,0.0,0.0,0,0,0,0,0,0.00,0.00,0.00,0.00,0,False
1,66,0,0,0,0,0,0,0,0,0,0,0,0,0,0.0,0.0,0.0,0.0,0,0,0,0,0,0.00,0.00,0.00,0.00,0,False
1,67,90,0,0,0,4,0,0,0,0,0,6,0,10,47.8,0.0,0.0,4.8,4,8,0,0,1,0.00,0.00,0.00,2.21,2,False
1,68,0,0,0,0,0,0,0,0,0,0,0,0,0,0.0,0.0,0.0,0.0,0,0,0,0,0,0.00,0.00,0.00,0.00,0,False
1,69,0,0,0,0,0,0,0,0,0,0,0,0,0,0.0,0.0,0.0,0.0,0,0,0,0,0,0.00,0.00,0.00,0.00,0,False
1,70,0,0,0,0,0,0,0,0,0,0,0,0,0,0.0,0.0,0.0,0.0,0,0,0,0,0,0.00,0.00,0.00,0.00,0,False
1,71,0,0,0,0,0,0,0,0,0,0,0,0,0,0.0,0.0,0.0,0.0,0,0,0,0,0,0.00,0.00,0.00,0.00,0,False
1,72,90,0,0,0,4,0,0,0,0,0,0,0,1,26.6,14.6,2.0,4.3,12,2,3,15,1,0.00,0.05,0.05,2.21,2,False
1,73,89,0,0,0,3,0,0,0,0,0,0,0,2,12.2,10.5,4.0,2.7,8,2,1,9,1,0.00,0.08,0.08,2.10,1,False
1,74,90,0,0,0,4,0,0,0,0,0,0,0,-1,18.2,19.1,0.0,3.7,4,4,2,6,1,0.00,0.13,0.13,2.21,0,False
1,75,0,0,0,0,0,0,0,0,0,0,0,0,0,0.0,0.0,0.0,0.0,0,0,0,0,0,0.00,0.00,0.00,0.00,0,False
1,76,0,0,0,0,0,0,0,0,0,0,0,0,0,0.0,0.0,0.0,0.0,0,0,0,0,0,0.00,0.00,0.00,0.00,0,False
1,77,1,0,0,0,1,0,0,0,0,0,0,0,0,3.0,0.1,0.0,0.3,2,0,0,2,0,0.00,0.00,0.00,0.11,1,False
1,78,0,0,0,0,0,0,0,0,0,0,0,0,0,0.0,0.0,0.0,0.0,0,0,0,0,0,0.00,0.00,0.00,0.00,0,False
1,79,0,0,0,0,0,0,0,0,0,0,0,0,0,0.0,0.0,0.0,0.0,0,0,0,0,0,0.00,0.00,0.00,0.00,0,False
1,80,0,0,0,0,0,0,0,0,0,0,0,0,0,0.0,0.0,0.0,0.0,0,0,0,0,0,0.00,0.00,0.00,0.00,0,False
1,81,0,0,0,0,0,0,0,0,0,0,0,0,0,0.0,0.0,0.0,0.0,0,0,0,0,0,0.00,0.00,0.00,0.00,0,False
1,82,90,2,0,0,4,0,0,0,0,0,0,3,42,66.4,1.3,32.0,10.0,1,3,1,5,1,0.91,0.02,0.93,2.21,15,True
1,83,0,0,0,0,0,0,0,0,0,0,0,0,0,0.0,0.0,0.0,0.0,0,0,0,0,0,0.00,0.00,0.00,0.00,0,False
1,84,90,0,0,0,4,0,0,0,0,0,0,0,20,24.6,14.1,33.0,7.2,7,10,3,20,1,0.32,0.06,0.38,2.21,4,False
1,85,90,0,0,0,3,0,0,0,0,0,0,0,11,21.6,1.7,4.0,2.7,8,6,5,19,1,0.00,0.10,0.10,2.10,4,False
1,86,83,0,1,0,2,0,0,0,1,0,0,0,23,27.2,40.3,18.0,8.6,0,5,2,7,1,0.19,0.19,0.38,1.90,4,False
1,87,0,0,0,0,0,0,0,0,0,0,0,0,0,0.0,0.0,0.0,0.0,0,0,0,0,0,0.00,0.00,0.00,0.00,0,False
1,88,0,0,0,0,0,0,0,0,0,0,0,0,0,0.0,0.0,0.0,0.0,0,0,0,0,0,0.00,0.00,0.00,0.00,0,False
1,89,0,0,0,0,0,0,0,0,0,0,0,0,0,0.0,0.0,0.0,0.0,0,0,0,0,0,0.00,0.00,0.00,0.00,0,False
1,90,73,0,0,0,2,0,0,0,0,0,0,0,7,2.0,2.1,2.0,0.6,1,2,0,3,1,0.00,0.00,0.00,1.81,2,False
1,91,0,0,0,0,0,0,0,0,0,0,0,0,0,0.0,0.0,0.0,0.0,0,0,0,0,0,0.00,0.00,0.00,0.00,0,False
1,92,0,0,0,0,0,0,0,0,0,0,0,0,0,0.0,0.0,0.0,0.0,0,0,0,0,0,0.00,0.00,0.00,0.00,0,False
1,93,16,0,1,0,2,0,0,0,0,0,0,0,12,21.2,10.0,0.0,3.1,1,2,1,4,0,0.00,0.00,0.00,0.40,4,False
1,94,0,0,0,0,0,0,0,0,0,0,0,0,0,0.0,0.0,0.0,0.0,0,0,0,0,0,0.00,0.00,0.00,0.00,0,False
1,95,0,0,0,0,0,0,0,0,0,0,0,0,0,0.0,0.0,0.0,0.0,0,0,0,0,0,0.00,0.00,0.00,0.00,0,False
1,96,6,0,0,0,2,0,0,0,0,0,0,0,3,0.0,0.0,0.0,0.0,0,0,0,0,0,0.00,0.00,0.00,0.31,1,False
1,97,90,0,0,0,4,0,0,0,1,0,0,0,-1,0.0,0.6,17.0,1.6,3,2,0,5,1,0.29,0.00,0.29,2.21,1,False
1,98,0,0,0,0,0,0,0,0,0,0,0,0,0,0.0,0.0,0.0,0.0,0,0,0,0,0,0.00,0.00,0.00,0.00,0,False
1,99,0,0,0,0,0,0,0,0,0,0,0,0,0,0.0,0.0,0.0,0.0,0,0,0,0,0,0.00,0.00,0.00,0.00,0,False
1,100,1,0,0,0,1,0,0,0,0,0,0,0,2,0.0,0.0,0.0,0.0,0,0,0,0,0,0.00,0.00,0.00,0.11,1,False
1,101,90,0,0,0,3,0,0,0,0,0,2,0,4,11.8,0.0,0.0,1.2,4,14,0,0,1,0.00,0.00,0.00,1.86,1,False
1,102,0,0,0,0,0,0,0,0,0,0,0,0,0,0.0,0.0,0.0,0.0,0,0,0,0,0,0.00,0.00,0.00,0.00,0,False
1,103,0,0,0,0,0,0,0,0,0,0,0,0,0,0.0,0.0,0.0,0.0,0,0,0,0,0,0.00,0.00,0.00,0.00,0,False
1,104,0,0,0,0,0,0,0,0,0,0,0,0,0,0.0,0.0,0.0,0.0,0,0,0,0,0,0.00,0.00,0.00,0.00,0,False
1,105,0,0,0,0,0,0,0,0,0,0,0,0,0,0.0,0.0,0.0,0.0,0,0,0,0,0,0.00,0.00,0.00,0.00,0,False
1,106,90,0,0,0,3,0,0,0,1,0,0,0,0,9.8,0.2,5.0,1.5,5,5,0,5,1,0.02,0.00,0.02,1.86,0,False
1,107,68,0,0,0,3,0,0,0,0,0,0,0,-8,5.4,4.5,7.0,1.7,3,2,2,5,1,0.12,0.00,0.12,1.86,1,False
1,108,0,0,0,0,0,0,0,0,0,0,0,0,0,0.0,0.0,0.0,0.0,0,0,0,0,0,0.00,0.00,0.00,0.00,0,False
1,109,87,0,0,0,3,0,0,0,0,0,0,0,1,8.6,11.5,6.0,2.6,2,2,1,3,1,0.00,0.04,0.04,1.86,1,False
1,110,90,0,0,0,3,0,0,0,0,0,0,0,3,17.8,20.5,0.0,3.8,4,2,2,6,1,0.00,0.08,0.08,1.86,1,False
1,111,0,0,0,0,0,0,0,0,0,0,0,0,0,0.0,0.0,0.0,0.0,0,0,0,0,0,0.00,0.00,0.00,0.00,0,False
1,112,0,0,0,0,0,0,0,0,0,0,0,0,0,0.0,0.0,0.0,0.0,0,0,0,0,0,0.00,0.00,0.00,0.00,0,False
1,113,90,0,0,0,3,0,0,0,0,0,0,0,6,34.4,0.6,24.0,5.9,12,4,2,14,1,0.21,0.00,0.21,1.86,3,False
1,114,0,0,0,0,0,0,0,0,0,0,0,0,0,0.0,0.0,0.0,0.0,0,0,0,0,0,0.00,0.00,0.00,0.00,0,False
1,115,0,0,0,0,0,0,0,0,0,0,0,0,0,0.0,0.0,0.0,0.0,0,0,0,0,0,0.00,0.00,0.00,0.00,0,False
1,116,2,0,0,0,0,0,0,0,1,0,0,0,1,2.0,0.0,0.0,0.2,1,0,1,2,0,0.00,0.00,0.00,0.00,0,False
1,117,0,0,0,0,0,0,0,0,0,0,0,0,0,0.0,0.0,0.0,0.0,0,0,0,0,0,0.00,0.00,0.00,0.00,0,False
1,118,0,0,0,0,0,0,0,0,0,0,0,0,0,0.0,0.0,0.0,0.0,0,0,0,0,0,0.00,0.00,0.00,0.00,0,False
1,119,90,0,0,0,1,0,0,0,0,0,0,0,17,10.6,21.4,49.0,8.1,1,5,0,6,1,0.42,0.05,0.47,1.31,2,False
1,120,45,0,0,0,0,0,0,0,0,0,0,0,1,4.6,0.9,6.0,1.2,2,3,2,7,0,0.00,0.04,0.04,0.37,1,False
1,121,0,0,0,0,0,0,0,0,0,0,0,0,0,0.0,0.0,0.0,0.0,0,0,0,0,0,0.00,0.00,0.00,0.00,0,False
1,122,45,0,0,0,3,0,0,0,0,0,0,0,5,4.0,1.8,0.0,0.6,0,2,2,4,1,0.00,0.01,0.01,1.49,1,False
1,123,90,0,0,0,3,0,0,0,0,0,0,0,7,5.4,5.0,3.0,1.3,0,4,3,7,1,0.03,0.03,0.06,1.86,2,False
1,124,21,0,0,0,0,0,0,0,0,0,0,0,2,0.0,1.1,0.0,0.1,0,3,0,3,0,0.00,0.00,0.00,0.00,1,False
1,125,0,0,0,0,0,0,0,0,0,0,0,0,0,0.0,0.0,0.0,0.0,0,0,0,0,0,0.00,0.00,0.00,0.00,0,False
1,126,68,0,0,0,3,0,0,0,0,0,0,0,10,9.0,25.4,8.0,4.2,2,1,2,5,1,0.13,0.03,0.16,1.86,2,False
1,127,0,0,0,0,0,0,0,0,0,0,0,0,0,0.0,0.0,0.0,0.0,0,0,0,0,0,0.00,0.00,0.00,0.00,0,False
1,128,21,0,1,0,0,0,0,0,0,0,0,0,9,0.0,0.1,2.0,0.1,0,1,0,1,0,0.00,0.00,0.00,0.00,4,False
1,129,90,0,0,0,3,0,0,0,0,0,0,0,10,3.6,10.8,7.0,2.1,0,9,0,9,1,0.08,0.01,0.09,1.86,2,False
1,130,0,0,0,0,0,0,0,0,0,0,0,0,0,0.0,0.0,0.0,0.0,0,0,0,0,0,0.00,0.00,0.00,0.00,0,False
1,131,0,0,0,0,0,0,0,0,0,0,0,0,0,0.0,0.0,0.0,0.0,0,0,0,0,0,0.00,0.00,0.00,0.00,0,False
1,132,0,0,0,0,0,0,0,0,0,0,0,0,0,0.0,0.0,0.0,0.0,0,0,0,0,0,0.00,0.00,0.00,0.00,0,False
1,133,0,0,0,0,0,0,0,0,0,0,0,0,0,0.0,0.0,0.0,0.0,0,0,0,0,0,0.00,0.00,0.00,0.00,0,False
1,134,0,0,0,0,0,0,0,0,0,0,0,0,0,0.0,0.0,0.0,0.0,0,0,0,0,0,0.00,0.00,0.00,0.00,0,False
1,135,0,0,0,0,0,0,0,0,0,0,0,0,0,0.0,0.0,0.0,0.0,0,0,0,0,0,0.00,0.00,0.00,0.00,0,False
1,136,90,1,0,0,3,0,0,0,0,0,0,0,17,36.4,10.7,22.0,6.9,1,0,1,2,1,0.91,0.01,0.92,1.86,6,False
1,137,0,0,0,0,0,0,0,0,0,0,0,0,0,0.0,0.0,0.0,0.0,0,0,0,0,0,0.00,0.00,0.00,0.00,0,False
1,138,0,0,0,0,0,0,0,0,0,0,0,0,0,0.0,0.0,0.0,0.0,0,0,0,0,0,0.00,0.00,0.00,0.00,0,False
1,139,90,0,0,0,1,0,0,0,0,0,1,0,9,14.4,0.0,0.0,1.4,1,6,0,0,1,0.00,0.00,0.00,0.76,2,False
1,140,0,0,0,0,0,0,0,0,0,0,0,0,0,0.0,0.0,0.0,0.0,0,0,0,0,0,0.00,0.00,0.00,0.00,0,False
1,141,0,0,0,0,0,0,0,0,0,0,0,0,0,0.0,0.0,0.0,0.0,0,0,0,0,0,0.00,0.00,0.00,0.00,0,False
1,142,0,0,0,0,0,0,0,0,0,0,0,0,0,0.0,0.0,0.0,0.0,0,0,0,0,0,0.00,0.00,0.00,0.00,0,False
1,143,0,0,0,0,0,0,0,0,0,0,0,0,0,0.0,0.0,0.0,0.0,0,0,0,0,0,0.00,0.00,0.00,0.00,0,False
1,144,0,0,0,0,0,0,0,0,0,0,0,0,0,0.0,0.0,0.0,0.0,0,0,0,0,0,0.00,0.00,0.00,0.00,0,False
1,145,90,0,0,0,1,0,0,0,0,0,0,0,8,15.0,26.7,4.0,4.6,4,3,2,6,1,0.00,0.09,0.09,0.76,2,False
1,146,90,0,0,0,1,0,0,0,0,0,0,0,16,16.6,1.8,7.0,2.5,7,5,1,8,1,0.09,0.00,0.09,0.76,2,False
1,147,0,0,0,0,0,0,0,0,0,0,0,0,0,0.0,0.0,0.0,0.0,0,0,0,0,0,0.00,0.00,0.00,0.00,0,False
1,148,21,0,0,0,1,0,0,0,1,0,0,0,-5,0.0,1.3,0.0,0.1,1,0,0,1,0,0.00,0.00,0.00,0.24,0,False
1,149,0,0,0,0,0,0,0,0,0,0,0,0,0,0.0,0.0,0.0,0.0,0,0,0,0,0,0.00,0.00,0.00,0.00,0,False
1,150,0,0,0,0,0,0,0,0,0,0,0,0,0,0.0,0.0,0.0,0.0,0,0,0,0,0,0.00,0.00,0.00,0.00,0,False
1,151,90,0,0,0,1,0,0,0,0,0,0,0,15,28.0,1.3,0.0,2.9,7,4,1,8,1,0.00,0.13,0.13,0.76,2,False
1,152,0,0,0,0,0,0,0,0,0,0,0,0,0,0.0,0.0,0.0,0.0,0,0,0,0,0,0.00,0.00,0.00,0.00,0,False
1,153,0,0,0,0,0,0,0,0,0,0,0,0,0,0.0,0.0,0.0,0.0,0,0,0,0,0,0.00,0.00,0.00,0.00,0,False
1,154,0,0,0,0,0,0,0,0,0,0,0,0,0,0.0,0.0,0.0,0.0,0,0,0,0,0,0.00,0.00,0.00,0.00,0,False
1,155,0,0,0,0,0,0,0,0,0,0,0,0,0,0.0,0.0,0.0,0.0,0,0,0,0,0,0.00,0.00,0.00,0.00,0,False
1,156,0,0,0,0,0,0,0,0,0,0,0,0,0,0.0,0.0,0.0,0.0,0,0,0,0,0,0.00,0.00,0.00,0.00,0,False
1,157,82,0,0,1,0,0,0,0,1,0,0,0,-2,0.0,2.4,8.0,0.6,0,0,0,0,1,0.07,0.04,0.11,0.52,2,False
1,158,68,0,1,1,0,0,0,0,0,0,0,0,15,2.2,1.2,15.0,1.8,0,1,1,2,1,0.07,0.00,0.07,0.52,6,False
1,159,0,0,0,0,0,0,0,0,0,0,0,0,0,0.0,0.0,0.0,0.0,0,0,0,0,0,0.00,0.00,0.00,0.00,0,False
1,160,68,0,0,1,0,0,0,0,0,0,0,0,7,0.4,2.9,12.0,1.5,1,3,0,4,1,0.09,0.02,0.11,0.52,3,False
1,161,0,0,0,0,0,0,0,0,0,0,0,0,0,0.0,0.0,0.0,0.0,0,0,0,0,0,0.00,0.00,0.00,0.00,0,False
1,162,7,0,0,0,1,0,0,0,0,0,0,0,-2,0.2,0.3,4.0,0.5,0,1,1,2,0,0.31,0.00,0.31,0.24,1,False
1,163,0,0,0,0,0,0,0,0,0,0,0,0,0,0.0,0.0,0.0,0.0,0,0,0,0,0,0.00,0.00,0.00,0.00,0,False
1,164,87,1,0,1,0,0,0,0,0,0,0,2,24,45.8,44.3,25.0,11.5,0,0,3,3,1,0.79,0.14,0.93,0.52,10,True
1,165,0,0,0,0,0,0,0,0,0,0,0,0,0,0.0,0.0,0.0,0.0,0,0,0,0,0,0.00,0.00,0.00,0.00,0,False
1,166,90,0,0,0,1,0,0,0,0,0,0,1,20,7.2,3.2,2.0,1.2,3,6,1,10,1,0.00,0.12,0.12,0.76,3,False
1,167,68,0,0,1,0,0,0,0,0,0,0,0,10,4.0,11.9,1.0,1.7,4,6,1,11,1,0.02,0.01,0.03,0.52,3,False
1,168,0,0,0,0,0,0,0,0,0,0,0,0,0,0.0,0.0,0.0,0.0,0,0,0,0,0,0.00,0.00,0.00,0.00,0,False
1,169,21,0,0,0,1,0,0,0,1,0,0,0,7,7.6,11.3,7.0,2.6,1,2,2,5,0,0.03,0.03,0.06,0.24,0,False
1,170,2,0,0,0,1,0,0,0,0,0,0,0,3,0.0,0.1,0.0,0.0,0,0,0,0,0,0.00,0.00,0.00,0.24,1,False
1,171,0,0,0,0,0,0,0,0,0,0,0,0,0,0.0,0.0,0.0,0.0,0,0,0,0,0,0.00,0.00,0.00,0.00,0,False
1,172,0,0,0,0,0,0,0,0,0,0,0,0,0,0.0,0.0,0.0,0.0,0,0,0,0,0,0.00,0.00,0.00,0.00,0,False
1,173,90,0,0,0,1,0,0,0,0,0,0,0,17,24.8,2.8,21.0,4.9,8,5,5,18,1,0.02,0.02,0.04,0.76,4,False
1,174,0,0,0,0,0,0,0,0,0,0,0,0,0,0.0,0.0,0.0,0.0,0,0,0,0,0,0.00,0.00,0.00,0.00,0,False
1,175,0,0,0,0,0,0,0,0,0,0,0,0,0,0.0,0.0,0.0,0.0,0,0,0,0,0,0.00,0.00,0.00,0.00,0,False
1,176,0,0,0,0,0,0,0,0,0,0,0,0,0,0.0,0.0,0.0,0.0,0,0,0,0,0,0.00,0.00,0.00,0.00,0,False
1,177,0,0,0,0,0,0,0,0,0,0,0,0,0,0.0,0.0,0.0,0.0,0,0,0,0,0,0.00,0.00,0.00,0.00,0,False
1,178,21,0,0,0,1,0,0,0,0,0,0,0,3,2.2,0.6,2.0,0.5,0,0,1,1,0,0.00,0.00,0.00,0.24,1,False
1,179,0,0,0,0,0,0,0,0,0,0,0,0,0,0.0,0.0,0.0,0.0,0,0,0,0,0,0.00,0.00,0.00,0.00,0,False
1,180,0,0,0,0,0,0,0,0,0,0,0,0,0,0.0,0.0,0.0,0.0,0,0,0,0,0,0.00,0.00,0.00,0.00,0,False
1,181,0,0,0,0,0,0,0,0,0,0,0,0,0,0.0,0.0,0.0,0.0,0,0,0,0,0,0.00,0.00,0.00,0.00,0,False
1,182,90,0,0,1,0,0,0,0,0,0,3,0,31,28.8,0.0,0.0,2.9,2,10,0,0,1,0.00,0.00,0.00,0.56,7,False
1,183,0,0,0,0,0,0,0,0,0,0,0,0,0,0.0,0.0,0.0,0.0,0,0,0,0,0,0.00,0.00,0.00,0.00,0,False
1,184,0,0,0,0,0,0,0,0,0,0,0,0,0,0.0,0.0,0.0,0.0,0,0,0,0,0,0.00,0.00,0.00,0.00,0,False
1,185,0,0,0,0,0,0,0,0,0,0,0,0,0,0.0,0.0,0.0,0.0,0,0,0,0,0,0.00,0.00,0.00,0.00,0,False
1,186,0,0,0,0,0,0,0,0,0,0,0,0,0,0.0,0.0,0.0,0.0,0,0,0,0,0,0.00,0.00,0.00,0.00,0,False
1,187,90,0,0,0,3,0,0,0,0,0,0,0,-3,8.2,0.9,1.0,1.0,5,4,0,5,1,0.01,0.02,0.03,2.32,1,False
1,188,0,0,0,0,0,0,0,0,0,0,0,0,0,0.0,0.0,0.0,0.0,0,0,0,0,0,0.00,0.00,0.00,0.00,0,False
1,189,0,0,0,0,0,0,0,0,0,0,0,0,0,0.0,0.0,0.0,0.0,0,0,0,0,0,0.00,0.00,0.00,0.00,0,False
1,190,90,0,0,0,3,0,0,0,0,0,0,0,-5,9.8,0.5,8.0,1.8,5,1,0,5,1,0.00,0.00,0.00,2.32,1,False
1,191,90,0,0,0,3,0,0,0,0,0,0,0,0,19.4,0.5,17.0,3.7,8,2,0,8,1,0.05,0.00,0.05,2.32,1,False
1,192,90,0,0,0,3,0,0,0,0,0,0,0,-2,13.4,11.7,2.0,2.7,5,2,1,6,1,0.00,0.04,0.04,2.32,1,False
1,193,0,0,0,0,0,0,0,0,0,0,0,0,0,0.0,0.0,0.0,0.0,0,0,0,0,0,0.00,0.00,0.00,0.00,0,False
1,194,0,0,0,0,0,0,0,0,0,0,0,0,0,0.0,0.0,0.0,0.0,0,0,0,0,0,0.00,0.00,0.00,0.00,0,False
1,195,0,0,0,0,0,0,0,0,0,0,0,0,0,0.0,0.0,0.0,0.0,0,0,0,0,0,0.00,0.00,0.00,0.00,0,False
1,196,0,0,0,0,0,0,0,0,0,0,0,0,0,0.0,0.0,0.0,0.0,0,0,0,0,0,0.00,0.00,0.00,0.00,0,False
1,197,73,0,0,0,3,0,0,0,0,0,0,0,-4,4.6,15.9,6.0,2.7,0,1,0,0,1,0.03,0.08,0.11,2.09,1,False
1,198,0,0,0,0,0,0,0,0,0,0,0,0,0,0.0,0.0,0.0,0.0,0,0,0,0,0,0.00,0.00,0.00,0.00,0,False
1,199,0,0,0,0,0,0,0,0,0,0,0,0,0,0.0,0.0,0.0,0.0,0,0,0,0,0,0.00,0.00,0.00,0.00,0,False
1,200,84,0,0,0,3,0,0,0,0,0,0,0,9,7.0,26.2,32.0,6.5,0,4,0,4,1,0.44,0.36,0.80,2.32,2,False
1,201,0,0,0,0,0,0,0,0,0,0,0,0,0,0.0,0.0,0.0,0.0,0,0,0,0,0,0.00,0.00,0.00,0.00,0,False
1,202,27,0,0,0,1,0,0,0,0,0,0,0,2,3.6,0.7,8.0,1.2,1,1,0,2,0,0.00,0.01,0.01,0.91,1,False
1,203,0,0,0,0,0,0,0,0,0,0,0,0,0,0.0,0.0,0.0,0.0,0,0,0,0,0,0.00,0.00,0.00,0.00,0,False
1,204,0,0,0,0,0,0,0,0,0,0,0,0,0,0.0,0.0,0.0,0.0,0,0,0,0,0,0.00,0.00,0.00,0.00,0,False
1,205,90,0,0,0,3,0,0,0,0,0,0,0,21,23.8,59.4,0.0,8.3,5,4,3,12,1,0.00,0.28,0.28,2.32,4,False
1,206,5,0,0,0,0,0,0,0,0,0,0,0,3,0.0,0.0,0.0,0.0,0,0,0,0,0,0.00,0.00,0.00,0.00,1,False
1,207,62,0,0,0,2,0,0,0,0,0,0,0,8,0.0,1.7,5.0,0.6,0,1,0,1,1,0.03,0.01,0.04,1.41,2,False
1,208,0,0,0,0,0,0,0,0,0,0,0,0,0,0.0,0.0,0.0,0.0,0,0,0,0,0,0.00,0.00,0.00,0.00,0,False
1,209,62,0,0,0,2,0,0,0,0,0,0,0,11,10.6,11.2,20.0,4.2,2,3,1,6,1,0.11,0.13,0.24,1.41,2,False
1,210,16,0,0,0,0,0,0,0,0,0,0,0,4,3.2,0.8,0.0,0.4,0,1,1,2,0,0.00,0.01,0.01,0.23,1,False
1,211,0,0,0,0,0,0,0,0,0,0,0,0,0,0.0,0.0,0.0,0.0,0,0,0,0,0,0.00,0.00,0.00,0.00,0,False
1,212,0,0,0,0,0,0,0,0,0,0,0,0,0,0.0,0.0,0.0,0.0,0,0,0,0,0,0.00,0.00,0.00,0.00,0,False
1,213,0,0,0,0,0,0,0,0,0,0,0,0,0,0.0,0.0,0.0,0.0,0,0,0,0,0,0.00,0.00,0.00,0.00,0,False
1,214,0,0,0,0,0,0,0,0,0,0,0,0,0,0.0,0.0,0.0,0.0,0,0,0,0,0,0.00,0.00,0.00,0.00,0,False
1,215,16,0,0,0,0,0,0,0,0,0,0,0,3,0.0,0.0,0.0,0.0,0,0,0,0,0,0.00,0.00,0.00,0.23,1,False
1,216,0,0,0,0,0,0,0,0,0,0,0,0,0,0.0,0.0,0.0,0.0,0,0,0,0,0,0.00,0.00,0.00,0.00,0,False
1,217,73,0,0,0,3,0,0,0,0,0,0,0,6,4.8,22.7,10.0,3.8,2,1,0,3,1,0.22,0.04,0.26,2.09,2,False
1,218,0,0,0,0,0,0,0,0,0,0,0,0,0,0.0,0.0,0.0,0.0,0,0,0,0,0,0.00,0.00,0.00,0.00,0,False
1,219,0,0,0,0,0,0,0,0,0,0,0,0,0,0.0,0.0,0.0,0.0,0,0,0,0,0,0.00,0.00,0.00,0.00,0,False
1,220,90,0,0,1,0,0,0,0,0,0,4,1,31,24.4,0.0,0.0,2.4,1,8,0,0,1,0.00,0.00,0.00,0.66,8,False
1,221,0,0,0,0,0,0,0,0,0,0,0,0,0,0.0,0.0,0.0,0.0,0,0,0,0,0,0.00,0.00,0.00,0.00,0,False
1,222,0,0,0,0,0,0,0,0,0,0,0,0,0,0.0,0.0,0.0,0.0,0,0,0,0,0,0.00,0.00,0.00,0.00,0,False
1,223,0,0,0,0,0,0,0,0,0,0,0,0,0,0.0,0.0,0.0,0.0,0,0,0,0,0,0.00,0.00,0.00,0.00,0,False
1,224,90,0,0,1,0,0,0,0,0,0,0,2,34,11.6,15.8,13.0,4.0,2,4,2,4,1,0.11,0.10,0.21,0.66,8,False
1,225,78,0,0,1,0,0,0,0,1,0,0,0,29,17.0,46.6,0.0,6.4,6,6,1,7,1,0.00,0.19,0.19,0.61,5,False
1,226,90,0,0,1,0,0,0,0,0,0,0,0,25,21.4,4.9,4.0,3.0,9,3,0,9,1,0.09,0.03,0.12,0.66,6,False
1,227,0,0,0,0,0,0,0,0,0,0,0,0,0,0.0,0.0,0.0,0.0,0,0,0,0,0,0.00,0.00,0.00,0.00,0,False
1,228,11,0,0,0,0,0,0,0,0,0,0,0,2,0.0,1.3,1.0,0.2,0,0,0,0,0,0.02,0.00,0.02,0.05,1,False
1,229,0,0,0,0,0,0,0,0,0,0,0,0,0,0.0,0.0,0.0,0.0,0,0,0,0,0,0.00,0.00,0.00,0.00,0,False
1,230,0,0,0,0,0,0,0,0,0,0,0,0,0,0.0,0.0,0.0,0.0,0,0,0,0,0,0.00,0.00,0.00,0.00,0,False
1,231,0,0,0,0,0,0,0,0,0,0,0,0,0,0.0,0.0,0.0,0.0,0,0,0,0,0,0.00,0.00,0.00,0.00,0,False
1,232,0,0,0,0,0,0,0,0,0,0,0,0,0,0.0,0.0,0.0,0.0,0,0,0,0,0,0.00,0.00,0.00,0.00,0,False
1,233,90,0,0,1,0,0,0,0,0,0,0,3,35,16.2,2.3,10.0,2.9,6,4,2,8,1,0.09,0.01,0.10,0.66,9,False
1,234,0,0,0,0,0,0,0,0,0,0,0,0,0,0.0,0.0,0.0,0.0,0,0,0,0,0,0.00,0.00,0.00,0.00,0,False
1,235,90,0,0,1,0,0,0,0,0,0,0,0,10,4.8,16.9,23.0,4.5,0,4,1,5,1,0.17,0.03,0.20,0.66,3,False
1,236,90,0,0,1,0,0,0,0,0,0,0,0,18,13.8,37.7,10.0,6.2,1,4,1,6,1,0.03,0.36,0.39,0.66,3,False
1,237,78,0,0,1,0,0,0,0,0,0,0,0,11,3.6,16.5,2.0,2.2,0,0,0,0,1,0.00,0.10,0.10,0.61,3,False
1,238,36,0,0,0,0,0,0,0,1,0,0,0,-3,1.2,4.9,8.0,1.4,1,2,0,3,0,0.34,0.37,0.71,0.07,0,False
1,239,53,0,0,0,0,0,0,0,0,0,0,0,2,7.2,22.8,8.0,3.8,1,1,1,3,1,0.07,0.07,0.14,0.59,1,False
1,240,0,0,0,0,0,0,0,0,0,0,0,0,0,0.0,0.0,0.0,0.0,0,0,0,0,0,0.00,0.00,0.00,0.00,0,False
1,241,90,0,0,1,0,0,0,0,0,0,0,0,18,31.2,3.9,2.0,3.7,6,1,5,12,1,0.04,0.04,0.08,0.66,5,False
1,242,90,0,0,0,1,0,0,0,0,0,0,0,15,12.6,27.4,2.0,4.2,2,2,2,6,1,0.00,0.24,0.24,2.07,2,False
1,243,0,0,0,0,0,0,0,0,0,0,0,0,0,0.0,0.0,0.0,0.0,0,0,0,0,0,0.00,0.00,0.00,0.00,0,False
1,244,0,0,0,0,0,0,0,0,0,0,0,0,0,0.0,0.0,0.0,0.0,0,0,0,0,0,0.00,0.00,0.00,0.00,0,False
1,245,0,0,0,0,0,0,0,0,0,0,0,0,0,0.0,0.0,0.0,0.0,0,0,0,0,0,0.00,0.00,0.00,0.00,0,False
1,246,11,0,0,0,0,0,0,0,0,0,0,0,1,0.4,0.3,21.0,2.2,0,0,0,0,0,0.31,0.00,0.31,0.05,1,False
1,247,0,0,0,0,0,0,0,0,0,0,0,0,0,0.0,0.0,0.0,0.0,0,0,0,0,0,0.00,0.00,0.00,0.00,0,False
1,248,0,0,0,0,0,0,0,0,0,0,0,0,0,0.0,0.0,0.0,0.0,0,0,0,0,0,0.00,0.00,0.00,0.00,0,False
1,249,72,0,0,1,0,0,0,0,0,0,0,0,3,0.0,5.1,16.0,1.9,0,1,0,1,1,0.28,0.02,0.30,0.60,2,False
1,250,17,0,0,0,0,0,0,0,0,0,0,0,4,5.4,1.3,19.0,2.6,1,1,0,2,0,0.05,0.01,0.06,0.05,1,False
1,251,0,0,0,0,0,0,0,0,0,0,0,0,0,0.0,0.0,0.0,0.0,0,0,0,0,0,0.00,0.00,0.00,0.00,0,False
1,252,0,0,0,0,0,0,0,0,0,0,0,0,0,0.0,0.0,0.0,0.0,0,0,0,0,0,0.00,0.00,0.00,0.00,0,False
1,253,90,0,0,1,0,0,0,0,0,0,2,0,27,22.4,10.0,0.0,3.2,2,5,0,0,1,0.00,0.00,0.00,1.60,6,False
1,254,0,0,0,0,0,0,0,0,0,0,0,0,0,0.0,0.0,0.0,0.0,0,0,0,0,0,0.00,0.00,0.00,0.00,0,False
1,255,0,0,0,0,0,0,0,0,0,0,0,0,0,0.0,0.0,0.0,0.0,0,0,0,0,0,0.00,0.00,0.00,0.00,0,False
1,256,90,0,0,1,0,0,0,0,1,0,0,0,17,10.0,0.4,6.0,1.6,6,2,2,8,1,0.05,0.00,0.05,1.60,5,False
1,257,90,0,0,1,0,0,0,0,0,0,0,0,25,30.8,0.1,0.0,3.1,13,2,3,16,1,0.00,0.00,0.00,1.60,8,False
1,258,90,0,0,1,0,0,0,0,0,0,0,1,31,26.0,0.3,0.0,2.6,6,5,5,11,1,0.00,0.00,0.00,1.60,9,False
1,259,0,0,0,0,0,0,0,0,0,0,0,0,0,0.0,0.0,0.0,0.0,0,0,0,0,0,0.00,0.00,0.00,0.00,0,False
1,260,90,0,0,1,0,0,0,0,0,0,0,0,22,13.8,10.0,2.0,2.6,5,1,1,6,1,0.00,0.00,0.00,1.60,6,False
1,261,90,0,0,1,0,0,0,0,0,0,0,0,24,21.8,0.0,4.0,2.6,6,0,2,8,1,0.08,0.01,0.09,1.60,6,False
1,262,0,0,0,0,0,0,0,0,0,0,0,0,0,0.0,0.0,0.0,0.0,0,0,0,0,0,0.00,0.00,0.00,0.00,0,False
1,263,0,0,0,0,0,0,0,0,0,0,0,0,0,0.0,0.0,0.0,0.0,0,0,0,0,0,0.00,0.00,0.00,0.00,0,False
1,264,0,0,0,0,0,0,0,0,0,0,0,0,0,0.0,0.0,0.0,0.0,0,0,0,0,0,0.00,0.00,0.00,0.00,0,False
1,265,0,0,0,0,0,0,0,0,0,0,0,0,0,0.0,0.0,0.0,0.0,0,0,0,0,0,0.00,0.00,0.00,0.00,0,False
1,266,83,0,0,1,0,0,0,0,0,0,0,0,10,7.2,2.6,26.0,3.6,1,5,1,7,1,0.24,0.00,0.24,1.22,3,False
1,267,90,0,0,1,0,0,0,0,0,0,0,0,16,10.0,15.5,0.0,2.6,4,3,0,7,1,0.00,0.01,0.01,1.60,3,False
1,268,0,0,0,0,0,0,0,0,0,0,0,0,0,0.0,0.0,0.0,0.0,0,0,0,0,0,0.00,0.00,0.00,0.00,0,False
1,269,0,0,0,0,0,0,0,0,0,0,0,0,0,0.0,0.0,0.0,0.0,0,0,0,0,0,0.00,0.00,0.00,0.00,0,False
1,270,69,0,0,1,0,0,0,0,1,0,0,0,7,14.4,0.1,0.0,1.5,6,3,0,9,1,0.00,0.00,0.00,1.22,2,False
1,271,0,0,0,0,0,0,0,0,0,0,0,0,0,0.0,0.0,0.0,0.0,0,0,0,0,0,0.00,0.00,0.00,0.00,0,False
1,272,20,0,0,0,0,0,0,0,0,0,0,0,3,1.0,1.0,2.0,0.4,1,2,0,3,0,0.00,0.00,0.00,0.38,1,False
1,273,90,0,0,1,0,0,0,0,0,0,0,0,14,14.6,22.3,0.0,3.7,2,4,0,6,1,0.00,0.05,0.05,1.60,3,False
1,274,0,0,0,0,0,0,0,0,0,0,0,0,0,0.0,0.0,0.0,0.0,0,0,0,0,0,0.00,0.00,0.00,0.00,0,False
1,275,0,0,0,0,0,0,0,0,0,0,0,0,0,0.0,0.0,0.0,0.0,0,0,0,0,0,0.00,0.00,0.00,0.00,0,False
1,276,6,0,0,0,0,0,0,0,0,0,0,0,5,3.0,0.0,2.0,0.5,1,0,1,2,0,0.00,0.00,0.00,0.38,1,False
1,277,0,0,0,0,0,0,0,0,0,0,0,0,0,0.0,0.0,0.0,0.0,0,0,0,0,0,0.00,0.00,0.00,0.00,0,False
1,278,0,0,0,0,0,0,0,0,0,0,0,0,0,0.0,0.0,0.0,0.0,0,0,0,0,0,0.00,0.00,0.00,0.00,0,False
1,279,0,0,0,0,0,0,0,0,0,0,0,0,0,0.0,0.0,0.0,0.0,0,0,0,0,0,0.00,0.00,0.00,0.00,0,False
1,280,0,0,0,0,0,0,0,0,0,0,0,0,0,0.0,0.0,0.0,0.0,0,0,0,0,0,0.00,0.00,0.00,0.00,0,False
1,281,0,0,0,0,0,0,0,0,0,0,0,0,0,0.0,0.0,0.0,0.0,0,0,0,0,0,0.00,0.00,0.00,0.00,0,False
1,282,0,0,0,0,0,0,0,0,0,0,0,0,0,0.0,0.0,0.0,0.0,0,0,0,0,0,0.00,0.00,0.00,0.00,0,False
1,283,90,0,0,1,0,0,0,0,1,0,0,0,7,16.0,0.8,26.0,4.3,5,3,1,9,1,0.29,0.00,0.29,1.60,1,False
1,284,0,0,0,0,0,0,0,0,0,0,0,0,0,0.0,0.0,0.0,0.0,0,0,0,0,0,0.00,0.00,0.00,0.00,0,False
1,285,0,0,0,0,0,0,0,0,0,0,0,0,0,0.0,0.0,0.0,0.0,0,0,0,0,0,0.00,0.00,0.00,0.00,0,False
1,286,0,0,0,0,0,0,0,0,0,0,0,0,0,0.0,0.0,0.0,0.0,0,0,0,0,0,0.00,0.00,0.00,0.00,0,False
1,287,90,0,0,0,1,0,0,0,0,0,2,0,12,21.2,0.0,0.0,2.1,3,8,0,0,1,0.00,0.00,0.00,2.07,2,False
1,288,0,0,0,0,0,0,0,0,0,0,0,0,0,0.0,0.0,0.0,0.0,0,0,0,0,0,0.00,0.00,0.00,0.00,0,False
1,289,0,0,0,0,0,0,0,0,0,0,0,0,0,0.0,0.0,0.0,0.0,0,0,0,0,0,0.00,0.00,0.00,0.00,0,False
1,290,0,0,0,0,0,0,0,0,0,0,0,0,0,0.0,0.0,0.0,0.0,0,0,0,0,0,0.00,0.00,0.00,0.00,0,False
1,291,90,0,0,0,1,0,0,0,0,0,0,0,7,31.0,2.1,7.0,4.0,13,3,2,15,1,0.20,0.01,0.21,2.07,4,False
1,292,0,0,0,0,0,0,0,0,0,0,0,0,0,0.0,0.0,0.0,0.0,0,0,0,0,0,0.00,0.00,0.00,0.00,0,False
1,293,90,0,0,0,1,0,0,0,0,0,0,0,0,4.2,1.0,7.0,1.2,2,5,2,4,1,0.17,0.01,0.18,2.07,2,False
1,294,0,0,0,0,0,0,0,0,0,0,0,0,0,0.0,0.0,0.0,0.0,0,0,0,0,0,0.00,0.00,0.00,0.00,0,False
1,295,90,0,0,0,1,0,0,0,0,0,0,0,10,19.8,0.4,4.0,2.4,7,4,0,7,1,0.00,0.00,0.00,2.07,2,False
1,296,0,0,0,0,0,0,0,0,0,0,0,0,0,0.0,0.0,0.0,0.0,0,0,0,0,0,0.00,0.00,0.00,0.00,0,False
1,297,0,0,0,0,0,0,0,0,0,0,0,0,0,0.0,0.0,0.0,0.0,0,0,0,0,0,0.00,0.00,0.00,0.00,0,False
1,298,0,0,0,0,0,0,0,0,0,0,0,0,0,0.0,0.0,0.0,0.0,0,0,0,0,0,0.00,0.00,0.00,0.00,0,False
1,299,90,0,0,0,1,0,0,0,0,0,0,0,11,12.6,12.1,2.0,2.7,1,6,2,9,1,0.00,0.02,0.02,2.07,2,False
1,300,0,0,0,0,0,0,0,0,0,0,0,0,0,0.0,0.0,0.0,0.0,0,0,0,0,0,0.00,0.00,0.00,0.00,0,False
1,301,85,0,0,0,1,0,0,0,1,0,0,0,8,7.6,2.4,21.0,3.1,1,4,1,6,1,0.03,0.01,0.04,1.87,1,False
1,302,90,0,0,0,1,0,0,0,0,0,0,0,12,7.2,19.6,3.0,3.0,0,4,1,5,1,0.06,0.12,0.18,2.07,2,False
1,303,90,0,0,0,1,0,0,0,0,0,0,0,16,16.4,3.2,2.0,2.2,4,3,2,9,1,0.03,0.01,0.04,2.07,2,False
1,304,70,0,0,1,0,0,0,0,1,0,0,0,5,12.0,1.1,0.0,1.3,3,3,3,9,1,0.00,0.00,0.00,0.93,2,False
1,305,0,0,0,0,0,0,0,0,0,0,0,0,0,0.0,0.0,0.0,0.0,0,0,0,0,0,0.00,0.00,0.00,0.00,0,False
1,306,0,0,0,0,0,0,0,0,0,0,0,0,0,0.0,0.0,0.0,0.0,0,0,0,0,0,0.00,0.00,0.00,0.00,0,False
1,307,0,0,0,0,0,0,0,0,0,0,0,0,0,0.0,0.0,0.0,0.0,0,0,0,0,0,0.00,0.00,0.00,0.00,0,False
1,308,0,0,0,0,0,0,0,0,0,0,0,0,0,0.0,0.0,0.0,0.0,0,0,0,0,0,0.00,0.00,0.00,0.00,0,False
1,309,0,0,0,0,0,0,0,0,0,0,0,0,0,0.0,0.0,0.0,0.0,0,0,0,0,0,0.00,0.00,0.00,0.00,0,False
1,310,4,0,0,0,0,0,0,0,0,0,0,0,3,0.0,1.0,2.0,0.3,0,0,0,0,0,0.00,0.00,0.00,0.20,1,False
1,311,90,0,0,0,1,0,0,0,0,0,0,0,7,10.2,2.8,7.0,2.0,3,1,1,5,1,0.06,0.01,0.07,2.07,2,False
1,312,0,0,0,0,0,0,0,0,0,0,0,0,0,0.0,0.0,0.0,0.0,0,0,0,0,0,0.00,0.00,0.00,0.00,0,False
1,313,0,0,0,0,0,0,0,0,0,0,0,0,0,0.0,0.0,0.0,0.0,0,0,0,0,0,0.00,0.00,0.00,0.00,0,False
1,314,90,0,0,0,1,0,0,0,0,0,3,0,15,23.6,0.0,0.0,2.4,1,10,0,0,1,0.00,0.00,0.00,1.48,3,False
1,315,0,0,0,0,0,0,0,0,0,0,0,0,0,0.0,0.0,0.0,0.0,0,0,0,0,0,0.00,0.00,0.00,0.00,0,False
1,316,0,0,0,0,0,0,0,0,0,0,0,0,0,0.0,0.0,0.0,0.0,0,0,0,0,0,0.00,0.00,0.00,0.00,0,False
1,317,90,0,0,0,1,0,0,0,0,0,0,0,14,16.4,1.0,4.0,2.1,5,1,3,8,1,0.00,0.01,0.01,1.48,2,False
1,318,90,0,0,0,1,0,0,0,1,0,0,0,3,12.4,1.6,0.0,1.4,2,4,2,4,1,0.00,0.01,0.01,1.48,1,False
1,319,6,0,0,0,0,0,0,0,0,0,0,0,3,0.2,0.7,2.0,0.3,0,0,0,0,0,0.00,0.00,0.00,0.40,1,False
1,320,0,0,0,0,0,0,0,0,0,0,0,0,0,0.0,0.0,0.0,0.0,0,0,0,0,0,0.00,0.00,0.00,0.00,0,False
1,321,83,0,0,0,1,0,0,0,0,0,0,0,10,9.6,1.2,4.0,1.5,2,4,1,3,1,0.00,0.01,0.01,1.07,2,False
1,322,90,0,0,0,1,0,0,0,0,0,0,0,17,13.0,1.7,0.0,1.5,4,5,3,7,1,0.00,0.01,0.01,1.48,2,False
1,323,0,0,0,0,0,0,0,0,0,0,0,0,0,0.0,0.0,0.0,0.0,0,0,0,0,0,0.00,0.00,0.00,0.00,0,False
1,324,65,0,0,0,1,0,0,0,0,0,0,0,10,9.6,40.5,1.0,5.1,0,2,0,2,1,0.01,0.28,0.29,1.05,2,False
1,325,13,0,0,0,0,0,0,0,0,0,0,0,2,0.2,2.0,2.0,0.4,0,0,0,0,0,0.09,0.00,0.09,0.40,1,False
1,326,24,0,0,0,0,0,0,0,0,0,0,0,1,0.0,0.8,0.0,0.0,0,0,0,0,0,0.00,0.00,0.00,0.43,1,False
1,327,0,0,0,0,0,0,0,0,0,0,0,0,0,0.0,0.0,0.0,0.0,0,0,0,0,0,0.00,0.00,0.00,0.00,0,False
1,328,0,0,0,0,0,0,0,0,0,0,0,0,0,0.0,0.0,0.0,0.0,0,0,0,0,0,0.00,0.00,0.00,0.00,0,False
1,329,90,0,1,0,1,0,0,0,0,0,0,0,16,3.0,5.4,13.0,2.1,1,4,1,6,1,0.07,0.02,0.09,1.48,5,False
1,330,65,0,0,0,1,0,0,0,0,0,0,0,3,1.2,0.7,0.0,0.2,1,0,1,2,1,0.00,0.01,0.01,1.05,2,False
1,331,24,0,0,0,0,0,0,0,1,0,0,0,-3,0.0,0.4,0.0,0.0,0,2,0,2,0,0.00,0.00,0.00,0.43,0,False
1,332,90,0,0,0,1,0,0,0,0,0,0,0,9,1.8,13.3,2.0,1.7,2,0,1,3,1,0.00,0.01,0.01,1.48,2,False
1,333,0,0,0,0,0,0,0,0,0,0,0,0,0,0.0,0.0,0.0,0.0,0,0,0,0,0,0.00,0.00,0.00,0.00,0,False
1,334,0,0,0,0,0,0,0,0,0,0,0,0,0,0.0,0.0,0.0,0.0,0,0,0,0,0,0.00,0.00,0.00,0.00,0,False
1,335,76,0,0,0,1,0,0,0,0,0,0,0,11,12.4,14.0,27.0,5.3,0,6,3,9,1,0.18,0.13,0.31,1.07,2,False
1,336,0,0,0,0,0,0,0,0,0,0,0,0,0,0.0,0.0,0.0,0.0,0,0,0,0,0,0.00,0.00,0.00,0.00,0,False
1,337,65,0,0,0,1,0,0,0,0,0,0,0,0,0.0,3.3,11.0,0.7,0,0,0,0,1,0.29,0.00,0.29,1.05,2,False
1,338,24,1,0,0,0,0,0,0,1,0,0,3,25,31.0,0.0,33.0,6.4,0,0,0,0,0,0.15,0.00,0.15,0.43,7,False
1,339,0,0,0,0,0,0,0,0,0,0,0,0,0,0.0,0.0,0.0,0.0,0,0,0,0,0,0.00,0.00,0.00,0.00,0,False
1,340,0,0,0,0,0,0,0,0,0,0,0,0,0,0.0,0.0,0.0,0.0,0,0,0,0,0,0.00,0.00,0.00,0.00,0,False
1,341,0,0,0,0,0,0,0,0,0,0,0,0,0,0.0,0.0,0.0,0.0,0,0,0,0,0,0.00,0.00,0.00,0.00,0,False
1,342,90,0,0,1,0,0,0,0,0,0,0,0,20,13.4,1.2,2.0,1.7,3,3,2,5,1,0.01,0.01,0.02,0.55,6,False
1,343,90,0,0,1,0,0,0,0,0,0,0,2,29,23.2,11.4,9.0,4.4,8,5,0,8,1,0.13,0.01,0.14,0.55,8,False
1,344,0,0,0,0,0,0,0,0,0,0,0,0,0,0.0,0.0,0.0,0.0,0,0,0,0,0,0.00,0.00,0.00,0.00,0,False
1,345,0,0,0,0,0,0,0,0,0,0,0,0,0,0.0,0.0,0.0,0.0,0,0,0,0,0,0.00,0.00,0.00,0.00,0,False
1,346,0,0,0,0,0,0,0,0,0,0,0,0,0,0.0,0.0,0.0,0.0,0,0,0,0,0,0.00,0.00,0.00,0.00,0,False
1,347,90,0,0,1,0,0,0,0,0,0,0,3,35,30.4,33.6,17.0,8.1,7,6,1,8,1,0.17,0.14,0.31,0.55,9,False
1,348,90,0,0,1,0,0,0,0,0,0,0,1,26,14.4,0.6,0.0,1.5,7,2,0,7,1,0.00,0.00,0.00,0.55,7,False
1,349,0,0,0,0,0,0,0,0,0,0,0,0,0,0.0,0.0,0.0,0.0,0,0,0,0,0,0.00,0.00,0.00,0.00,0,False
1,350,23,0,0,0,0,0,0,0,0,0,0,0,10,9.2,24.9,6.0,4.0,0,0,2,2,0,0.00,0.21,0.21,0.47,1,False
1,351,66,0,0,1,0,0,0,0,0,0,0,0,12,6.6,6.3,11.0,2.4,2,1,4,7,1,0.14,0.01,0.15,0.08,3,False
1,352,12,0,0,0,0,0,0,0,0,0,0,0,3,2.2,1.3,2.0,0.6,0,0,1,1,0,0.00,0.00,0.00,0.28,1,False
1,353,77,0,0,1,0,0,0,0,0,0,0,0,6,6.2,15.7,11.0,3.3,1,1,0,2,1,0.14,0.05,0.19,0.28,3,False
1,354,77,0,0,1,0,0,0,0,0,0,0,0,12,10.8,4.9,2.0,1.8,2,3,3,8,1,0.00,0.02,0.02,0.28,3,False
1,355,0,0,0,0,0,0,0,0,0,0,0,0,0,0.0,0.0,0.0,0.0,0,0,0,0,0,0.00,0.00,0.00,0.00,0,False
1,356,12,0,0,0,0,0,0,0,0,0,0,0,3,1.6,0.3,0.0,0.2,1,0,0,1,0,0.00,0.00,0.00,0.28,1,False
1,357,0,0,0,0,0,0,0,0,0,0,0,0,0,0.0,0.0,0.0,0.0,0,0,0,0,0,0.00,0.00,0.00,0.00,0,False
1,358,90,0,0,1,0,0,0,0,0,0,0,0,13,2.2,24.3,9.0,3.6,1,6,0,7,1,0.09,0.03,0.12,0.55,3,False
1,359,0,0,0,0,0,0,0,0,0,0,0,0,0,0.0,0.0,0.0,0.0,0,0,0,0,0,0.00,0.00,0.00,0.00,0,False
1,360,0,0,0,0,0,0,0,0,0,0,0,0,0,0.0,0.0,0.0,0.0,0,0,0,0,0,0.00,0.00,0.00,0.00,0,False
1,361,0,0,0,0,0,0,0,0,0,0,0,0,0,0.0,0.0,0.0,0.0,0,0,0,0,0,0.00,0.00,0.00,0.00,0,False
1,362,77,0,0,1,0,0,0,0,0,0,0,0,4,2.0,5.6,44.0,5.2,0,4,0,4,1,0.28,0.04,0.32,0.28,2,False
1,363,0,0,0,0,0,0,0,0,0,0,0,0,0,0.0,0.0,0.0,0.0,0,0,0,0,0,0.00,0.00,0.00,0.00,0,False
1,364,0,0,0,0,0,0,0,0,0,0,0,0,0,0.0,0.0,0.0,0.0,0,0,0,0,0,0.00,0.00,0.00,0.00,0,False
1,365,12,1,0,0,0,0,0,0,0,0,0,0,20,34.0,1.6,22.0,5.8,1,2,0,3,0,0.85,0.01,0.86,0.28,5,False
1,366,90,0,0,0,2,0,0,0,0,0,1,0,8,13.6,0.0,0.0,1.4,2,7,0,0,1,0.00,0.01,0.01,1.70,1,False
1,367,0,0,0,0,0,0,0,0,0,0,0,0,0,0.0,0.0,0.0,0.0,0,0,0,0,0,0.00,0.00,0.00,0.00,0,False
1,368,0,0,0,0,0,0,0,0,0,0,0,0,0,0.0,0.0,0.0,0.0,0,0,0,0,0,0.00,0.00,0.00,0.00,0,False
1,369,0,0,0,0,0,0,0,0,0,0,0,0,0,0.0,0.0,0.0,0.0,0,0,0,0,0,0.00,0.00,0.00,0.00,0,False
1,370,59,0,0,0,0,0,0,0,0,0,0,0,8,5.4,1.3,2.0,0.9,3,1,1,4,1,0.01,0.01,0.02,0.81,1,False
1,371,59,0,0,0,0,0,0,0,1,0,0,0,5,8.4,1.3,0.0,1.0,5,5,1,6,1,0.00,0.01,0.01,0.81,0,False
1,372,30,0,0,0,2,0,0,0,0,0,0,0,-3,5.4,4.1,2.0,1.2,2,0,0,2,0,0.00,0.04,0.04,0.89,0,False
1,373,90,0,0,0,2,0,0,0,0,0,0,0,11,49.4,0.9,25.0,7.5,20,4,1,21,1,0.18,0.01,0.19,1.70,3,False
1,374,90,0,0,0,2,0,0,0,0,0,0,0,6,21.4,0.6,0.0,2.2,7,5,0,7,1,0.00,0.00,0.00,1.70,1,False
1,375,0,0,0,0,0,0,0,0,0,0,0,0,0,0.0,0.0,0.0,0.0,0,0,0,0,0,0.00,0.00,0.00,0.00,0,False
1,376,18,0,0,0,1,0,0,0,0,0,0,0,-1,2.4,0.4,0.0,0.3,1,1,0,1,0,0.00,0.00,0.00,0.21,1,False
1,377,0,0,0,0,0,0,0,0,0,0,0,0,0,0.0,0.0,0.0,0.0,0,0,0,0,0,0.00,0.00,0.00,0.00,0,False
1,378,0,0,0,0,0,0,0,0,0,0,0,0,0,0.0,0.0,0.0,0.0,0,0,0,0,0,0.00,0.00,0.00,0.00,0,False
1,379,0,0,0,0,0,0,0,0,0,0,0,0,0,0.0,0.0,0.0,0.0,0,0,0,0,0,0.00,0.00,0.00,0.00,0,False
1,380,0,0,0,0,0,0,0,0,0,0,0,0,0,0.0,0.0,0.0,0.0,0,0,0,0,0,0.00,0.00,0.00,0.00,0,False
1,381,90,1,0,0,2,0,0,0,0,0,0,1,36,49.0,33.8,51.0,13.4,1,9,0,10,1,0.26,0.11,0.37,1.70,8,False
1,382,81,0,0,0,2,0,0,0,0,0,0,0,14,12.0,45.0,12.0,6.9,1,6,2,9,1,0.14,0.28,0.42,1.70,2,False
1,383,0,0,0,0,0,0,0,0,0,0,0,0,0,0.0,0.0,0.0,0.0,0,0,0,0,0,0.00,0.00,0.00,0.00,0,False
1,384,90,1,0,0,2,0,0,0,0,0,0,0,34,48.2,39.6,46.0,13.4,1,6,1,8,1,0.20,0.44,0.64,1.70,7,False
1,385,8,1,0,0,0,0,0,0,0,0,0,0,29,35.2,0.3,17.0,5.3,0,0,1,1,0,0.16,0.00,0.16,0.00,6,False
1,386,71,0,1,0,1,0,0,0,0,0,0,0,27,27.4,15.2,11.0,5.4,1,2,3,6,1,0.03,0.02,0.05,1.49,5,False
1,387,90,0,0,0,2,0,0,0,0,0,0,0,17,14.0,29.8,24.0,6.8,2,5,4,11,1,0.10,0.09,0.19,1.70,2,False
1,388,18,0,0,0,1,0,0,0,0,0,0,0,4,3.2,10.9,0.0,1.4,0,1,0,1,0,0.00,0.04,0.04,0.21,1,False
1,389,0,0,0,0,0,0,0,0,0,0,0,0,0,0.0,0.0,0.0,0.0,0,0,0,0,0,0.00,0.00,0.00,0.00,0,False
1,390,0,0,0,0,0,0,0,0,0,0,0,0,0,0.0,0.0,0.0,0.0,0,0,0,0,0,0.00,0.00,0.00,0.00,0,False
1,391,0,0,0,0,0,0,0,0,0,0,0,0,0,0.0,0.0,0.0,0.0,0,0,0,0,0,0.00,0.00,0.00,0.00,0,False
1,392,30,0,1,0,2,0,0,0,0,0,0,0,15,24.6,10.7,0.0,3.5,1,0,2,3,0,0.00,0.00,0.00,0.89,4,False
1,393,0,0,0,0,0,0,0,0,0,0,0,0,0,0.0,0.0,0.0,0.0,0,0,0,0,0,0.00,0.00,0.00,0.00,0,False
1,394,0,0,0,0,0,0,0,0,0,0,0,0,0,0.0,0.0,0.0,0.0,0,0,0,0,0,0.00,0.00,0.00,0.00,0,False
1,395,0,0,0,0,0,0,0,0,0,0,0,0,0,0.0,0.0,0.0,0.0,0,0,0,0,0,0.00,0.00,0.00,0.00,0,False
1,396,0,0,0,0,0,0,0,0,0,0,0,0,0,0.0,0.0,0.0,0.0,0,0,0,0,0,0.00,0.00,0.00,0.00,0,False
1,397,0,0,0,0,0,0,0,0,0,0,0,0,0,0.0,0.0,0.0,0.0,0,0,0,0,0,0.00,0.00,0.00,0.00,0,False
1,398,0,0,0,0,0,0,0,0,0,0,0,0,0,0.0,0.0,0.0,0.0,0,0,0,0,0,0.00,0.00,0.00,0.00,0,False
1,399,0,0,0,0,0,0,0,0,0,0,0,0,0,0.0,0.0,0.0,0.0,0,0,0,0,0,0.00,0.00,0.00,0.00,0,False
1,400,0,0,0,0,0,0,0,0,0,0,0,0,0,0.0,0.0,0.0,0.0,0,0,0,0,0,0.00,0.00,0.00,0.00,0,False
1,401,0,0,0,0,0,0,0,0,0,0,0,0,0,0.0,0.0,0.0,0.0,0,0,0,0,0,0.00,0.00,0.00,0.00,0,False
1,402,90,0,0,1,0,0,0,0,0,0,0,1,33,30.4,13.5,3.0,4.7,9,3,6,15,1,0.04,0.02,0.06,0.56,9,False
1,403,0,0,0,0,0,0,0,0,0,0,0,0,0,0.0,0.0,0.0,0.0,0,0,0,0,0,0.00,0.00,0.00,0.00,0,False
1,404,0,0,0,0,0,0,0,0,0,0,0,0,0,0.0,0.0,0.0,0.0,0,0,0,0,0,0.00,0.00,0.00,0.00,0,False
1,405,0,0,0,0,0,0,0,0,0,0,0,0,0,0.0,0.0,0.0,0.0,0,0,0,0,0,0.00,0.00,0.00,0.00,0,False
1,406,8,0,0,0,0,0,0,0,0,0,0,0,7,3.6,0.0,0.0,0.4,0,0,1,1,0,0.00,0.00,0.00,0.08,1,False
1,407,24,0,0,0,0,0,0,0,0,0,0,0,5,3.8,1.2,0.0,0.5,3,2,1,4,0,0.00,0.00,0.00,0.21,1,False
1,408,90,0,0,1,0,0,0,0,0,0,0,0,26,21.6,1.7,2.0,2.5,4,4,0,4,1,0.00,0.08,0.08,0.56,6,False
1,409,81,0,0,1,0,0,0,0,0,0,0,0,28,14.4,2.2,0.0,1.7,2,4,0,2,1,0.00,0.01,0.01,0.47,6,False
1,410,65,0,1,1,0,0,0,0,0,0,0,2,41,29.2,13.1,8.0,5.0,5,1,1,6,1,0.00,0.59,0.59,0.35,11,True
1,411,24,0,0,0,0,0,0,0,1,0,0,0,-2,0.0,5.0,0.0,0.5,0,0,0,0,0,0.00,0.01,0.01,0.21,0,False
1,412,0,0,0,0,0,0,0,0,0,0,0,0,0,0.0,0.0,0.0,0.0,0,0,0,0,0,0.00,0.00,0.00,0.00,0,False
1,413,24,0,0,0,0,0,0,0,0,0,0,0,3,0.0,0.8,6.0,0.7,0,1,0,1,0,0.12,0.00,0.12,0.21,1,False
1,414,0,0,0,0,0,0,0,0,0,0,0,0,0,0.0,0.0,0.0,0.0,0,0,0,0,0,0.00,0.00,0.00,0.00,0,False
1,415,0,0,0,0,0,0,0,0,0,0,0,0,0,0.0,0.0,0.0,0.0,0,0,0,0,0,0.00,0.00,0.00,0.00,0,False
1,416,65,0,0,1,0,0,0,0,0,0,0,0,25,22.0,62.0,4.0,8.8,1,4,4,9,1,0.00,0.44,0.44,0.35,3,False
1,417,17,1,0,0,0,0,0,0,0,0,0,0,22,35.8,2.8,7.0,4.6,1,0,0,1,0,0.06,0.03,0.09,0.21,6,False
1,418,65,0,0,1,0,0,0,0,0,0,0,0,4,0.0,3.2,4.0,0.6,0,1,0,1,1,0.00,0.02,0.02,0.35,3,False
1,419,19,0,0,0,1,0,0,0,0,0,0,0,4,5.8,0.8,5.0,1.2,1,1,0,2,0,0.02,0.00,0.02,1.14,1,False
1,420,0,0,0,0,0,0,0,0,0,0,0,0,0,0.0,0.0,0.0,0.0,0,0,0,0,0,0.00,0.00,0.00,0.00,0,False
1,421,0,0,0,0,0,0,0,0,0,0,0,0,0,0.0,0.0,0.0,0.0,0,0,0,0,0,0.00,0.00,0.00,0.00,0,False
1,422,0,0,0,0,0,0,0,0,0,0,0,0,0,0.0,0.0,0.0,0.0,0,0,0,0,0,0.00,0.00,0.00,0.00,0,False
1,423,90,0,0,1,0,0,0,0,0,0,0,0,27,24.8,5.6,6.0,3.6,4,4,3,11,1,0.05,0.05,0.10,0.56,3,False
1,424,90,0,1,1,0,0,0,0,0,0,0,0,25,24.6,25.4,8.0,5.8,0,4,0,4,1,0.00,0.07,0.07,0.56,6,False
1,425,0,0,0,0,0,0,0,0,0,0,0,0,0,0.0,0.0,0.0,0.0,0,0,0,0,0,0.00,0.00,0.00,0.00,0,False
1,426,0,0,0,0,0,0,0,0,0,0,0,0,0,0.0,0.0,0.0,0.0,0,0,0,0,0,0.00,0.00,0.00,0.00,0,False
1,427,90,1,1,1,0,0,0,0,1,0,0,0,31,49.8,23.7,28.0,10.2,1,1,1,3,1,0.20,0.14,0.34,0.56,10,True
1,428,0,0,0,0,0,0,0,0,0,0,0,0,0,0.0,0.0,0.0,0.0,0,0,0,0,0,0.00,0.00,0.00,0.00,0,False
1,429,0,0,0,0,0,0,0,0,0,0,0,0,0,0.0,0.0,0.0,0.0,0,0,0,0,0,0.00,0.00,0.00,0.00,0,False
1,430,72,2,0,1,0,0,0,0,0,0,0,3,49,58.0,0.3,71.0,12.9,0,1,1,2,1,1.99,0.00,1.99,0.35,13,True
1,431,90,0,0,0,1,0,0,0,0,0,2,0,11,13.4,0.0,0.0,1.3,1,10,0,0,1,0.00,0.00,0.00,1.31,2,False
1,432,0,0,0,0,0,0,0,0,0,0,0,0,0,0.0,0.0,0.0,0.0,0,0,0,0,0,0.00,0.00,0.00,0.00,0,False
1,433,0,0,0,0,0,0,0,0,0,0,0,0,0,0.0,0.0,0.0,0.0,0,0,0,0,0,0.00,0.00,0.00,0.00,0,False
1,434,0,0,0,0,0,0,0,0,0,0,0,0,0,0.0,0.0,0.0,0.0,0,0,0,0,0,0.00,0.00,0.00,0.00,0,False
1,435,0,0,0,0,0,0,0,0,0,0,0,0,0,0.0,0.0,0.0,0.0,0,0,0,0,0,0.00,0.00,0.00,0.00,0,False
1,436,90,0,0,0,1,0,0,0,0,0,0,0,16,33.4,16.0,26.0,7.5,8,4,2,10,1,0.21,0.06,0.27,1.31,4,False
1,437,0,0,0,0,0,0,0,0,0,0,0,0,0,0.0,0.0,0.0,0.0,0,0,0,0,0,0.00,0.00,0.00,0.00,0,False
1,438,0,0,0,0,0,0,0,0,0,0,0,0,0,0.0,0.0,0.0,0.0,0,0,0,0,0,0.00,0.00,0.00,0.00,0,False
1,439,0,0,0,0,0,0,0,0,0,0,0,0,0,0.0,0.0,0.0,0.0,0,0,0,0,0,0.00,0.00,0.00,0.00,0,False
1,440,54,0,0,0,1,0,0,0,0,0,0,0,2,6.8,14.1,2.0,2.3,3,2,1,4,1,0.00,0.15,0.15,1.03,1,False
1,441,90,0,0,0,1,0,0,0,1,0,0,0,4,9.0,2.8,8.0,2.0,1,2,4,5,1,0.04,0.02,0.06,1.31,1,False
1,442,10,0,0,0,0,0,0,0,0,0,0,0,2,5.2,0.5,0.0,0.6,3,0,0,3,0,0.00,0.00,0.00,0.21,1,False
1,443,79,0,0,0,1,0,0,0,0,0,0,0,7,11.2,12.5,0.0,2.4,1,5,3,4,1,0.00,0.02,0.02,1.10,2,False
1,444,90,0,0,0,1,0,0,0,0,0,0,0,11,18.2,2.6,0.0,2.1,10,4,1,11,1,0.00,0.01,0.01,1.31,4,False
1,445,0,0,0,0,0,0,0,0,0,0,0,0,0,0.0,0.0,0.0,0.0,0,0,0,0,0,0.00,0.00,0.00,0.00,0,False
1,446,0,0,0,0,0,0,0,0,0,0,0,0,0,0.0,0.0,0.0,0.0,0,0,0,0,0,0.00,0.00,0.00,0.00,0,False
1,447,0,0,0,0,0,0,0,0,0,0,0,0,0,0.0,0.0,0.0,0.0,0,0,0,0,0,0.00,0.00,0.00,0.00,0,False
1,448,0,0,0,0,0,0,0,0,0,0,0,0,0,0.0,0.0,0.0,0.0,0,0,0,0,0,0.00,0.00,0.00,0.00,0,False
1,449,90,0,0,0,1,0,0,0,0,0,0,0,19,25.2,65.3,9.0,10.0,2,6,3,11,1,0.15,0.30,0.45,1.31,2,False
1,450,90,0,0,0,1,0,0,0,0,0,0,0,16,17.8,13.3,50.0,8.1,0,2,1,3,1,0.40,0.05,0.45,1.31,2,False
1,451,0,0,0,0,0,0,0,0,0,0,0,0,0,0.0,0.0,0.0,0.0,0,0,0,0,0,0.00,0.00,0.00,0.00,0,False
1,452,35,0,0,0,0,0,0,0,0,0,0,0,12,13.4,12.3,19.0,4.5,0,1,3,4,0,0.03,0.04,0.07,0.27,1,False
1,453,0,0,0,0,0,0,0,0,0,0,0,0,0,0.0,0.0,0.0,0.0,0,0,0,0,0,0.00,0.00,0.00,0.00,0,False
1,454,0,0,0,0,0,0,0,0,0,0,0,0,0,0.0,0.0,0.0,0.0,0,0,0,0,0,0.00,0.00,0.00,0.00,0,False
1,455,64,0,0,0,1,0,0,0,0,0,0,0,9,7.0,25.1,18.0,5.0,0,2,1,3,1,0.12,0.15,0.27,1.10,2,False
1,456,0,0,0,0,0,0,0,0,0,0,0,0,0,0.0,0.0,0.0,0.0,0,0,0,0,0,0.00,0.00,0.00,0.00,0,False
1,457,64,0,0,0,1,0,0,0,0,0,0,0,15,9.2,11.6,0.0,2.1,0,2,3,5,1,0.00,0.02,0.02,1.10,2,False
1,458,0,0,0,0,0,0,0,0,0,0,0,0,0,0.0,0.0,0.0,0.0,0,0,0,0,0,0.00,0.00,0.00,0.00,0,False
1,459,25,0,0,0,0,0,0,0,0,0,0,0,0,0.0,11.4,1.0,1.2,0,1,0,1,0,0.03,0.01,0.04,0.21,1,False
1,460,0,0,0,0,0,0,0,0,0,0,0,0,0,0.0,0.0,0.0,0.0,0,0,0,0,0,0.00,0.00,0.00,0.00,0,False
1,461,0,0,0,0,0,0,0,0,0,0,0,0,0,0.0,0.0,0.0,0.0,0,0,0,0,0,0.00,0.00,0.00,0.00,0,False
1,462,0,0,0,0,0,0,0,0,0,0,0,0,0,0.0,0.0,0.0,0.0,0,0,0,0,0,0.00,0.00,0.00,0.00,0,False
1,463,0,0,0,0,0,0,0,0,0,0,0,0,0,0.0,0.0,0.0,0.0,0,0,0,0,0,0.00,0.00,0.00,0.00,0,False
1,464,0,0,0,0,0,0,0,0,0,0,0,0,0,0.0,0.0,0.0,0.0,0,0,0,0,0,0.00,0.00,0.00,0.00,0,False
1,465,0,0,0,0,0,0,0,0,0,0,0,0,0,0.0,0.0,0.0,0.0,0,0,0,0,0,0.00,0.00,0.00,0.00,0,False
1,466,0,0,0,0,0,0,0,0,0,0,0,0,0,0.0,0.0,0.0,0.0,0,0,0,0,0,0.00,0.00,0.00,0.00,0,False
1,467,0,0,0,0,0,0,0,0,0,0,0,0,0,0.0,0.0,0.0,0.0,0,0,0,0,0,0.00,0.00,0.00,0.00,0,False
1,468,0,0,0,0,0,0,0,0,0,0,0,0,0,0.0,0.0,0.0,0.0,0,0,0,0,0,0.00,0.00,0.00,0.00,0,False
1,469,90,0,0,1,0,0,0,0,0,0,3,2,32,27.0,0.0,0.0,2.7,1,16,0,0,1,0.00,0.00,0.00,0.20,9,False
1,470,90,0,0,0,3,0,0,0,0,0,3,0,5,25.6,0.0,0.0,2.6,0,6,0,0,1,0.00,0.00,0.00,2.32,2,False
1,471,0,0,0,0,0,0,0,0,0,0,0,0,0,0.0,0.0,0.0,0.0,0,0,0,0,0,0.00,0.00,0.00,0.00,0,False
1,472,0,0,0,0,0,0,0,0,0,0,0,0,0,0.0,0.0,0.0,0.0,0,0,0,0,0,0.00,0.00,0.00,0.00,0,False
1,473,0,0,0,0,0,0,0,0,0,0,0,0,0,0.0,0.0,0.0,0.0,0,0,0,0,0,0.00,0.00,0.00,0.00,0,False
1,474,90,0,0,1,0,0,0,0,0,0,0,0,26,13.8,1.9,4.0,2.0,10,5,1,11,1,0.04,0.03,0.07,0.20,8,False
1,475,0,0,0,0,0,0,0,0,0,0,0,0,0,0.0,0.0,0.0,0.0,0,0,0,0,0,0.00,0.00,0.00,0.00,0,False
1,476,90,0,0,1,0,0,0,0,0,0,0,1,30,18.6,1.2,2.0,2.2,10,5,1,11,1,0.00,0.01,0.01,0.20,9,False
1,477,90,0,0,1,0,0,0,0,0,0,0,3,33,18.0,25.4,4.0,4.7,3,5,2,5,1,0.00,0.03,0.03,0.20,9,False
1,478,90,0,0,1,0,0,0,0,0,0,0,0,26,9.8,22.5,0.0,3.2,4,4,0,4,1,0.00,0.06,0.06,0.20,6,False
1,479,0,0,0,0,0,0,0,0,0,0,0,0,0,0.0,0.0,0.0,0.0,0,0,0,0,0,0.00,0.00,0.00,0.00,0,False
1,480,0,0,0,0,0,0,0,0,0,0,0,0,0,0.0,0.0,0.0,0.0,0,0,0,0,0,0.00,0.00,0.00,0.00,0,False
1,481,0,0,0,0,0,0,0,0,0,0,0,0,0,0.0,0.0,0.0,0.0,0,0,0,0,0,0.00,0.00,0.00,0.00,0,False
1,482,0,0,0,0,0,0,0,0,0,0,0,0,0,0.0,0.0,0.0,0.0,0,0,0,0,0,0.00,0.00,0.00,0.00,0,False
1,483,0,0,0,0,0,0,0,0,0,0,0,0,0,0.0,0.0,0.0,0.0,0,0,0,0,0,0.00,0.00,0.00,0.00,0,False
1,484,0,0,0,0,0,0,0,0,0,0,0,0,0,0.0,0.0,0.0,0.0,0,0,0,0,0,0.00,0.00,0.00,0.00,0,False
1,485,90,0,0,1,0,0,0,0,0,0,0,0,4,5.4,13.0,41.0,5.9,0,4,0,4,1,0.55,0.03,0.58,0.20,3,False
1,486,77,0,0,1,0,0,0,0,0,0,0,0,10,8.6,29.8,27.0,6.5,0,3,0,3,1,0.57,0.06,0.63,0.17,3,False
1,487,89,0,0,1,0,0,0,0,0,0,0,0,15,12.8,56.8,25.0,9.5,1,3,0,4,1,0.23,0.33,0.56,0.20,3,False
1,488,90,0,0,1,0,0,0,0,0,0,0,0,11,7.6,22.6,2.0,3.2,1,5,2,8,1,0.00,0.10,0.10,0.20,3,False
1,489,12,0,0,0,0,0,0,0,0,0,0,0,3,0.6,1.3,4.0,0.6,0,2,0,2,0,0.00,0.01,0.01,0.03,1,False
1,490,82,0,0,1,0,0,0,0,1,0,0,0,7,4.4,4.2,6.0,1.5,2,5,2,9,1,0.00,0.02,0.02,0.17,2,False
1,491,90,0,0,1,0,0,0,0,0,0,0,0,20,13.8,29.2,0.0,4.3,2,5,2,9,1,0.00,0.18,0.18,0.20,3,False
1,492,0,0,0,0,0,0,0,0,0,0,0,0,0,0.0,0.0,0.0,0.0,0,0,0,0,0,0.00,0.00,0.00,0.00,0,False
1,493,1,0,0,0,0,0,0,0,0,0,0,0,3,0.2,0.3,0.0,0.1,0,0,0,0,0,0.00,0.00,0.00,0.00,1,False
1,494,0,0,0,0,0,0,0,0,0,0,0,0,0,0.0,0.0,0.0,0.0,0,0,0,0,0,0.00,0.00,0.00,0.00,0,False
1,495,0,0,0,0,0,0,0,0,0,0,0,0,0,0.0,0.0,0.0,0.0,0,0,0,0,0,0.00,0.00,0.00,0.00,0,False
1,496,0,0,0,0,0,0,0,0,0,0,0,0,0,0.0,0.0,0.0,0.0,0,0,0,0,0,0.00,0.00,0.00,0.00,0,False
1,497,7,0,0,0,0,0,0,0,0,0,0,0,4,2.6,11.0,2.0,1.6,0,1,0,1,0,0.00,0.01,0.01,0.03,1,False
1,498,0,0,0,0,0,0,0,0,0,0,0,0,0,0.0,0.0,0.0,0.0,0,0,0,0,0,0.00,0.00,0.00,0.00,0,False
1,499,0,0,0,0,0,0,0,0,0,0,0,0,0,0.0,0.0,0.0,0.0,0,0,0,0,0,0.00,0.00,0.00,0.00,0,False
1,500,1,0,0,0,0,0,0,0,0,0,0,0,3,0.0,0.3,7.0,0.7,0,0,0,0,0,0.03,0.02,0.05,0.00,1,False
1,501,0,0,0,0,0,0,0,0,0,0,0,0,0,0.0,0.0,0.0,0.0,0,0,0,0,0,0.00,0.00,0.00,0.00,0,False
1,502,90,0,0,0,1,0,0,0,0,0,2,0,9,14.6,0.0,0.0,1.5,0,7,0,0,1,0.00,0.00,0.00,1.50,2,False
1,503,0,0,0,0,0,0,0,0,0,0,0,0,0,0.0,0.0,0.0,0.0,0,0,0,0,0,0.00,0.00,0.00,0.00,0,False
1,504,0,0,0,0,0,0,0,0,0,0,0,0,0,0.0,0.0,0.0,0.0,0,0,0,0,0,0.00,0.00,0.00,0.00,0,False
1,505,90,0,0,0,1,0,0,0,0,0,0,0,5,17.2,0.5,0.0,1.8,7,2,1,8,1,0.00,0.00,0.00,1.50,2,False
1,506,90,0,0,0,1,0,0,0,0,0,0,0,12,11.8,1.6,0.0,1.3,5,6,0,5,1,0.00,0.02,0.02,1.50,2,False
1,507,90,0,0,0,1,0,0,0,0,0,0,0,15,27.2,16.1,2.0,4.5,9,8,3,12,1,0.00,0.04,0.04,1.50,4,False
1,508,90,0,0,0,1,0,0,0,1,0,0,0,10,19.0,28.8,2.0,5.0,4,2,2,6,1,0.00,0.09,0.09,1.50,1,False
1,509,0,0,0,0,0,0,0,0,0,0,0,0,0,0.0,0.0,0.0,0.0,0,0,0,0,0,0.00,0.00,0.00,0.00,0,False
1,510,0,0,0,0,0,0,0,0,0,0,0,0,0,0.0,0.0,0.0,0.0,0,0,0,0,0,0.00,0.00,0.00,0.00,0,False
1,511,0,0,0,0,0,0,0,0,0,0,0,0,0,0.0,0.0,0.0,0.0,0,0,0,0,0,0.00,0.00,0.00,0.00,0,False
1,512,0,0,0,0,0,0,0,0,0,0,0,0,0,0.0,0.0,0.0,0.0,0,0,0,0,0,0.00,0.00,0.00,0.00,0,False
1,513,0,0,0,0,0,0,0,0,0,0,0,0,0,0.0,0.0,0.0,0.0,0,0,0,0,0,0.00,0.00,0.00,0.00,0,False
1,514,0,0,0,0,0,0,0,0,0,0,0,0,0,0.0,0.0,0.0,0.0,0,0,0,0,0,0.00,0.00,0.00,0.00,0,False
1,515,83,0,1,0,1,0,0,0,0,0,0,0,23,28.8,51.8,15.0,9.6,1,2,1,4,1,0.38,0.28,0.66,1.50,5,False
1,516,90,0,0,0,1,0,0,0,0,0,0,0,20,11.8,32.3,9.0,5.3,0,0,0,0,1,0.02,0.24,0.26,1.50,2,False
1,517,90,0,1,0,1,0,0,0,0,0,0,1,24,28.6,21.3,20.0,7.0,1,8,2,11,1,0.39,0.28,0.67,1.50,6,False
1,518,11,0,0,0,0,0,0,0,0,0,0,0,6,5.0,0.5,4.0,1.0,1,0,2,3,0,0.00,0.00,0.00,0.00,1,False
1,519,0,0,0,0,0,0,0,0,0,0,0,0,0,0.0,0.0,0.0,0.0,0,0,0,0,0,0.00,0.00,0.00,0.00,0,False
1,520,0,0,0,0,0,0,0,0,0,0,0,0,0,0.0,0.0,0.0,0.0,0,0,0,0,0,0.00,0.00,0.00,0.00,0,False
1,521,90,0,0,0,1,0,0,0,0,0,0,0,11,1.4,4.2,1.0,0.7,5,4,1,10,1,0.02,0.01,0.03,1.50,2,False
1,522,6,0,0,0,0,0,0,0,0,0,0,0,7,4.6,1.6,2.0,0.8,2,3,0,5,0,0.00,0.01,0.01,0.00,1,False
1,523,0,0,0,0,0,0,0,0,0,0,0,0,0,0.0,0.0,0.0,0.0,0,0,0,0,0,0.00,0.00,0.00,0.00,0,False
1,524,0,0,0,0,0,0,0,0,0,0,0,0,0,0.0,0.0,0.0,0.0,0,0,0,0,0,0.00,0.00,0.00,0.00,0,False
1,525,78,2,0,0,1,0,0,0,0,0,0,3,58,66.2,4.3,54.0,12.5,0,2,0,2,1,0.95,0.01,0.96,1.50,13,True
1,526,11,0,0,0,0,0,0,0,0,0,0,0,2,1.0,1.5,2.0,0.5,1,0,0,1,0,0.00,0.00,0.00,0.00,1,False
1,527,0,0,0,0,0,0,0,0,0,0,0,0,0,0.0,0.0,0.0,0.0,0,0,0,0,0,0.00,0.00,0.00,0.00,0,False
1,528,0,0,0,0,0,0,0,0,0,0,0,0,0,0.0,0.0,0.0,0.0,0,0,0,0,0,0.00,0.00,0.00,0.00,0,False
1,529,0,0,0,0,0,0,0,0,0,0,0,0,0,0.0,0.0,0.0,0.0,0,0,0,0,0,0.00,0.00,0.00,0.00,0,False
1,530,0,0,0,0,0,0,0,0,0,0,0,0,0,0.0,0.0,0.0,0.0,0,0,0,0,0,0.00,0.00,0.00,0.00,0,False
1,531,90,1,0,1,0,0,0,0,0,0,0,3,53,69.6,0.5,64.0,13.4,13,4,1,14,1,0.18,0.01,0.19,0.56,17,True
1,532,90,0,0,1,0,0,0,0,0,0,0,0,27,15.2,15.8,2.0,3.3,4,3,2,6,1,0.00,0.09,0.09,0.56,6,False
1,533,0,0,0,0,0,0,0,0,0,0,0,0,0,0.0,0.0,0.0,0.0,0,0,0,0,0,0.00,0.00,0.00,0.00,0,False
1,534,0,0,0,0,0,0,0,0,0,0,0,0,0,0.0,0.0,0.0,0.0,0,0,0,0,0,0.00,0.00,0.00,0.00,0,False
1,535,0,0,0,0,0,0,0,0,0,0,0,0,0,0.0,0.0,0.0,0.0,0,0,0,0,0,0.00,0.00,0.00,0.00,0,False
1,536,0,0,0,0,0,0,0,0,0,0,0,0,0,0.0,0.0,0.0,0.0,0,0,0,0,0,0.00,0.00,0.00,0.00,0,False
1,537,0,0,0,0,0,0,0,0,0,0,0,0,0,0.0,0.0,0.0,0.0,0,0,0,0,0,0.00,0.00,0.00,0.00,0,False
1,538,0,0,0,0,0,0,0,0,0,0,0,0,0,0.0,0.0,0.0,0.0,0,0,0,0,0,0.00,0.00,0.00,0.00,0,False
1,539,0,0,0,0,0,0,0,0,0,0,0,0,0,0.0,0.0,0.0,0.0,0,0,0,0,0,0.00,0.00,0.00,0.00,0,False
1,540,0,0,0,0,0,0,0,0,0,0,0,0,0,0.0,0.0,0.0,0.0,0,0,0,0,0,0.00,0.00,0.00,0.00,0,False
1,541,90,0,0,1,0,0,0,0,0,0,0,0,27,13.6,2.5,0.0,1.6,6,3,2,8,1,0.00,0.00,0.00,0.56,6,False
1,542,52,0,0,0,0,0,0,0,0,0,0,0,6,15.2,0.6,0.0,1.6,4,4,2,6,1,0.00,0.00,0.00,0.33,1,False
1,543,75,0,1,1,0,0,0,0,0,0,0,0,8,0.0,14.5,6.0,2.0,0,2,1,3,1,0.14,0.02,0.16,0.33,6,False
1,544,90,0,0,1,0,0,0,0,0,0,0,0,4,7.0,2.8,20.0,3.0,2,3,1,6,1,0.23,0.01,0.24,0.56,3,False
1,545,0,0,0,0,0,0,0,0,0,0,0,0,0,0.0,0.0,0.0,0.0,0,0,0,0,0,0.00,0.00,0.00,0.00,0,False
1,546,0,0,0,0,0,0,0,0,0,0,0,0,0,0.0,0.0,0.0,0.0,0,0,0,0,0,0.00,0.00,0.00,0.00,0,False
1,547,14,0,0,0,0,0,0,0,0,0,0,0,4,3.2,0.3,0.0,0.4,2,2,0,4,0,0.00,0.00,0.00,0.23,1,False
1,548,0,0,0,0,0,0,0,0,0,0,0,0,0,0.0,0.0,0.0,0.0,0,0,0,0,0,0.00,0.00,0.00,0.00,0,False
1,549,0,0,0,0,0,0,0,0,0,0,0,0,0,0.0,0.0,0.0,0.0,0,0,0,0,0,0.00,0.00,0.00,0.00,0,False
1,550,0,0,0,0,0,0,0,0,0,0,0,0,0,0.0,0.0,0.0,0.0,0,0,0,0,0,0.00,0.00,0.00,0.00,0,False
1,551,1,0,0,0,0,0,0,0,0,0,0,0,3,0.0,0.0,0.0,0.0,0,0,0,0,0,0.00,0.00,0.00,0.03,1,False
1,552,90,0,0,1,0,0,0,0,0,0,0,0,6,11.0,3.8,0.0,1.5,5,2,2,9,1,0.00,0.01,0.01,0.56,3,False
1,553,90,0,1,1,0,0,0,0,0,0,0,0,17,20.8,18.4,2.0,4.1,0,1,1,2,1,0.00,0.01,0.01,0.53,6,False
1,554,0,0,0,0,0,0,0,0,0,0,0,0,0,0.0,0.0,0.0,0.0,0,0,0,0,0,0.00,0.00,0.00,0.00,0,False
1,555,0,0,0,0,0,0,0,0,0,0,0,0,0,0.0,0.0,0.0,0.0,0,0,0,0,0,0.00,0.00,0.00,0.00,0,False
1,556,0,0,0,0,0,0,0,0,0,0,0,0,0,0.0,0.0,0.0,0.0,0,0,0,0,0,0.00,0.00,0.00,0.00,0,False
1,557,0,0,0,0,0,0,0,0,0,0,0,0,0,0.0,0.0,0.0,0.0,0,0,0,0,0,0.00,0.00,0.00,0.00,0,False
1,558,0,0,0,0,0,0,0,0,0,0,0,0,0,0.0,0.0,0.0,0.0,0,0,0,0,0,0.00,0.00,0.00,0.00,0,False
1,559,0,0,0,0,0,0,0,0,0,0,0,0,0,0.0,0.0,0.0,0.0,0,0,0,0,0,0.00,0.00,0.00,0.00,0,False
1,560,14,1,0,0,0,0,0,0,0,0,0,0,29,34.2,0.1,17.0,5.1,1,1,0,2,0,0.04,0.00,0.04,0.23,5,False
1,561,75,1,0,1,0,0,0,0,0,0,0,2,37,34.0,11.3,26.0,7.1,0,0,0,0,1,0.09,0.00,0.09,0.33,8,False
1,562,0,0,0,0,0,0,0,0,0,0,0,0,0,0.0,0.0,0.0,0.0,0,0,0,0,0,0.00,0.00,0.00,0.00,0,False
1,563,0,0,0,0,0,0,0,0,0,0,0,0,0,0.0,0.0,0.0,0.0,0,0,0,0,0,0.00,0.00,0.00,0.00,0,False
1,564,0,0,0,0,0,0,0,0,0,0,0,0,0,0.0,0.0,0.0,0.0,0,0,0,0,0,0.00,0.00,0.00,0.00,0,False
1,565,90,0,0,1,0,0,0,0,0,0,4,2,36,30.0,0.0,0.0,3.0,1,7,0,0,1,0.00,0.00,0.00,0.94,9,False
1,566,0,0,0,0,0,0,0,0,0,0,0,0,0,0.0,0.0,0.0,0.0,0,0,0,0,0,0.00,0.00,0.00,0.00,0,False
1,567,0,0,0,0,0,0,0,0,0,0,0,0,0,0.0,0.0,0.0,0.0,0,0,0,0,0,0.00,0.00,0.00,0.00,0,False
1,568,90,0,0,1,0,0,0,0,0,0,0,0,26,21.2,42.8,1.0,6.5,2,4,2,4,1,0.02,0.26,0.28,0.94,6,False
1,569,90,0,0,1,0,0,0,0,0,0,0,0,22,18.0,1.4,6.0,2.5,5,3,0,5,1,0.00,0.02,0.02,0.94,6,False
1,570,0,0,0,0,0,0,0,0,0,0,0,0,0,0.0,0.0,0.0,0.0,0,0,0,0,0,0.00,0.00,0.00,0.00,0,False
1,571,0,0,0,0,0,0,0,0,0,0,0,0,0,0.0,0.0,0.0,0.0,0,0,0,0,0,0.00,0.00,0.00,0.00,0,False
1,572,0,0,0,0,0,0,0,0,0,0,0,0,0,0.0,0.0,0.0,0.0,0,0,0,0,0,0.00,0.00,0.00,0.00,0,False
1,573,90,0,0,1,0,0,0,0,0,0,0,0,26,10.0,5.8,22.0,3.8,3,2,0,3,1,0.18,0.07,0.25,0.94,6,False
1,574,0,0,0,0,0,0,0,0,0,0,0,0,0,0.0,0.0,0.0,0.0,0,0,0,0,0,0.00,0.00,0.00,0.00,0,False
1,575,90,0,0,1,0,0,0,0,0,0,0,0,27,11.6,1.0,14.0,2.7,5,4,1,6,1,0.59,0.01,0.60,0.94,6,False
1,576,0,0,0,0,0,0,0,0,0,0,0,0,0,0.0,0.0,0.0,0.0,0,0,0,0,0,0.00,0.00,0.00,0.00,0,False
1,577,0,0,0,0,0,0,0,0,0,0,0,0,0,0.0,0.0,0.0,0.0,0,0,0,0,0,0.00,0.00,0.00,0.00,0,False
1,578,0,0,0,0,0,0,0,0,0,0,0,0,0,0.0,0.0,0.0,0.0,0,0,0,0,0,0.00,0.00,0.00,0.00,0,False
1,579,0,0,0,0,0,0,0,0,0,0,0,0,0,0.0,0.0,0.0,0.0,0,0,0,0,0,0.00,0.00,0.00,0.00,0,False
1,580,79,1,0,1,0,0,0,0,0,0,0,0,30,40.4,27.1,20.0,8.8,1,1,1,3,1,0.50,0.06,0.56,0.94,8,False
1,581,0,0,0,0,0,0,0,0,0,0,0,0,0,0.0,0.0,0.0,0.0,0,0,0,0,0,0.00,0.00,0.00,0.00,0,False
1,582,84,0,2,1,0,0,0,0,0,0,0,1,35,45.4,74.0,11.0,13.0,0,3,1,4,1,0.06,0.58,0.64,0.94,10,True
1,583,0,0,0,0,0,0,0,0,0,0,0,0,0,0.0,0.0,0.0,0.0,0,0,0,0,0,0.00,0.00,0.00,0.00,0,False
1,584,5,0,0,0,0,0,0,0,0,0,0,0,1,0.0,0.1,0.0,0.0,0,0,0,0,0,0.00,0.00,0.00,0.00,1,False
1,585,19,0,0,0,0,0,0,0,0,0,0,0,5,4.8,0.8,0.0,0.6,1,1,1,3,0,0.00,0.00,0.00,0.04,1,False
1,586,79,0,0,1,0,0,0,0,0,0,0,0,13,10.4,3.3,33.0,4.7,1,1,2,4,1,0.12,0.01,0.13,0.94,3,False
1,587,0,0,0,0,0,0,0,0,0,0,0,0,0,0.0,0.0,0.0,0.0,0,0,0,0,0,0.00,0.00,0.00,0.00,0,False
1,588,10,0,0,0,0,0,0,0,0,0,0,0,4,2.2,10.5,0.0,1.3,0,1,0,1,0,0.00,0.01,0.01,0.00,1,False
1,589,0,0,0,0,0,0,0,0,0,0,0,0,0,0.0,0.0,0.0,0.0,0,0,0,0,0,0.00,0.00,0.00,0.00,0,False
1,590,0,0,0,0,0,0,0,0,0,0,0,0,0,0.0,0.0,0.0,0.0,0,0,0,0,0,0.00,0.00,0.00,0.00,0,False
1,591,70,0,0,1,0,0,0,0,0,0,0,0,13,3.6,3.0,2.0,0.9,2,5,1,8,1,0.00,0.05,0.05,0.89,3,False
1,592,0,0,0,0,0,0,0,0,0,0,0,0,0,0.0,0.0,0.0,0.0,0,0,0,0,0,0.00,0.00,0.00,0.00,0,False
1,593,90,0,1,1,0,0,0,0,0,0,0,0,29,33.2,18.7,2.0,5.4,4,4,2,10,1,0.00,0.22,0.22,0.94,6,False
1,594,0,0,0,0,0,0,0,0,0,0,0,0,0,0.0,0.0,0.0,0.0,0,0,0,0,0,0.00,0.00,0.00,0.00,0,False
1,595,0,0,0,0,0,0,0,0,0,0,0,0,0,0.0,0.0,0.0,0.0,0,0,0,0,0,0.00,0.00,0.00,0.00,0,False
1,596,19,0,0,0,0,0,0,0,0,0,0,0,5,2.0,0.3,6.0,0.8,1,0,1,2,0,0.08,0.00,0.08,0.04,1,False
1,597,71,2,0,1,0,0,0,0,0,0,0,3,61,73.6,0.5,80.0,15.4,3,2,0,5,1,0.78,0.01,0.79,0.89,13,True
1,598,0,0,0,0,0,0,0,0,0,0,0,0,0,0.0,0.0,0.0,0.0,0,0,0,0,0,0.00,0.00,0.00,0.00,0,False
1,599,0,0,0,0,0,0,0,0,0,0,0,0,0,0.0,0.0,0.0,0.0,0,0,0,0,0,0.00,0.00,0.00,0.00,0,False
1,600,0,0,0,0,0,0,0,0,0,0,0,0,0,0.0,0.0,0.0,0.0,0,0,0,0,0,0.00,0.00,0.00,0.00,0,False
1,601,0,0,0,0,0,0,0,0,0,0,0,0,0,0.0,0.0,0.0,0.0,0,0,0,0,0,0.00,0.00,0.00,0.00,0,False
1,602,0,0,0,0,0,0,0,0,0,0,0,0,0,0.0,0.0,0.0,0.0,0,0,0,0,0,0.00,0.00,0.00,0.00,0,False
1,603,90,0,0,0,3,0,0,0,0,0,0,0,4,10.8,30.7,10.0,5.2,3,3,0,3,1,0.16,0.07,0.23,0.68,1,False
1,604,0,0,0,0,0,0,0,0,0,0,0,0,0,0.0,0.0,0.0,0.0,0,0,0,0,0,0.00,0.00,0.00,0.00,0,False
1,605,90,0,0,0,3,0,0,0,1,0,0,0,4,27.2,16.2,0.0,4.3,6,2,3,9,1,0.00,0.03,0.03,0.68,0,False
1,606,0,0,0,0,0,0,0,0,0,0,0,0,0,0.0,0.0,0.0,0.0,0,0,0,0,0,0.00,0.00,0.00,0.00,0,False
1,607,90,0,0,0,3,0,0,0,0,0,0,0,1,14.6,3.0,0.0,1.8,2,4,0,2,1,0.00,0.02,0.02,0.68,1,False
1,608,0,0,0,0,0,0,0,0,0,0,0,0,0,0.0,0.0,0.0,0.0,0,0,0,0,0,0.00,0.00,0.00,0.00,0,False
1,609,81,0,0,0,2,0,0,0,0,0,0,0,9,19.8,3.1,0.0,2.3,5,2,3,8,1,0.00,0.01,0.01,0.64,1,False
1,610,90,0,0,0,3,0,0,0,0,0,0,0,9,17.8,24.7,8.0,5.1,2,6,1,3,1,0.00,0.07,0.07,0.68,1,False
1,611,0,0,0,0,0,0,0,0,0,0,0,0,0,0.0,0.0,0.0,0.0,0,0,0,0,0,0.00,0.00,0.00,0.00,0,False
1,612,90,0,0,0,3,0,0,0,0,0,0,0,11,5.8,14.2,4.0,2.4,0,5,1,6,1,0.00,0.08,0.08,0.68,2,False
1,613,19,0,0,0,2,0,0,0,0,0,0,0,4,4.2,1.3,19.0,2.5,1,0,0,1,0,0.07,0.00,0.07,0.08,1,False
1,614,70,0,0,0,1,0,0,0,0,0,0,0,13,5.8,15.2,2.0,2.3,0,2,1,3,1,0.00,0.02,0.02,0.60,2,False
1,615,0,0,0,0,0,0,0,0,0,0,0,0,0,0.0,0.0,0.0,0.0,0,0,0,0,0,0.00,0.00,0.00,0.00,0,False
1,616,0,0,0,0,0,0,0,0,0,0,0,0,0,0.0,0.0,0.0,0.0,0,0,0,0,0,0.00,0.00,0.00,0.00,0,False
1,617,0,0,0,0,0,0,0,0,0,0,0,0,0,0.0,0.0,0.0,0.0,0,0,0,0,0,0.00,0.00,0.00,0.00,0,False
1,618,70,0,0,0,1,0,0,0,0,0,0,0,11,2.2,2.3,2.0,0.7,0,4,0,4,1,0.03,0.03,0.06,0.60,2,False
1,619,0,0,0,0,0,0,0,0,0,0,0,0,0,0.0,0.0,0.0,0.0,0,0,0,0,0,0.00,0.00,0.00,0.00,0,False
1,620,0,0,0,0,0,0,0,0,0,0,0,0,0,0.0,0.0,0.0,0.0,0,0,0,0,0,0.00,0.00,0.00,0.00,0,False
1,621,8,0,0,0,1,0,0,0,0,0,0,0,6,4.4,14.8,0.0,1.9,0,1,1,2,0,0.00,0.06,0.06,0.04,1,False
1,622,0,0,0,0,0,0,0,0,0,0,0,0,0,0.0,0.0,0.0,0.0,0,0,0,0,0,0.00,0.00,0.00,0.00,0,False
1,623,0,0,0,0,0,0,0,0,0,0,0,0,0,0.0,0.0,0.0,0.0,0,0,0,0,0,0.00,0.00,0.00,0.00,0,False
1,624,90,0,0,0,3,0,0,0,0,0,0,0,13,10.6,4.3,34.0,4.9,0,6,2,8,1,0.15,0.05,0.20,0.68,2,False
1,625,90,0,0,0,3,0,0,0,0,0,0,0,-1,0.8,14.5,34.0,4.9,0,0,0,0,1,0.14,0.08,0.22,0.68,2,False
1,626,0,0,0,0,0,0,0,0,0,0,0,0,0,0.0,0.0,0.0,0.0,0,0,0,0,0,0.00,0.00,0.00,0.00,0,False
1,627,0,0,0,0,0,0,0,0,0,0,0,0,0,0.0,0.0,0.0,0.0,0,0,0,0,0,0.00,0.00,0.00,0.00,0,False
1,628,90,0,0,0,4,0,0,0,0,0,0,0,-8,3.6,0.0,0.0,0.4,1,6,0,0,1,0.00,0.00,0.00,2.47,0,False
1,629,0,0,0,0,0,0,0,0,0,0,0,0,0,0.0,0.0,0.0,0.0,0,0,0,0,0,0.00,0.00,0.00,0.00,0,False
1,630,0,0,0,0,0,0,0,0,0,0,0,0,0,0.0,0.0,0.0,0.0,0,0,0,0,0,0.00,0.00,0.00,0.00,0,False
1,631,90,0,0,0,4,0,0,0,0,0,0,0,-7,11.8,0.3,1.0,1.3,5,2,2,7,1,0.02,0.01,0.03,2.47,0,False
1,632,90,0,0,0,4,0,0,0,1,0,0,0,-1,9.8,5.9,0.0,1.6,2,6,3,5,1,0.00,0.01,0.01,2.47,-1,False
1,633,18,0,0,0,1,0,0,0,0,0,0,0,0,4.4,11.1,6.0,2.2,1,2,0,1,0,0.00,0.01,0.01,0.24,1,False
1,634,0,0,0,0,0,0,0,0,0,0,0,0,0,0.0,0.0,0.0,0.0,0,0,0,0,0,0.00,0.00,0.00,0.00,0,False
1,635,17,0,0,0,1,0,0,0,0,0,0,0,-1,2.2,1.0,4.0,0.7,0,0,1,1,0,0.00,0.00,0.00,0.24,1,False
1,636,0,0,0,0,0,0,0,0,0,0,0,0,0,0.0,0.0,0.0,0.0,0,0,0,0,0,0.00,0.00,0.00,0.00,0,False
1,637,90,0,0,0,4,0,0,0,0,0,0,0,0,14.6,10.8,0.0,2.5,2,4,2,4,1,0.00,0.00,0.00,2.47,0,False
1,638,72,0,0,0,3,0,0,0,0,0,0,0,0,17.6,19.8,0.0,3.7,5,2,2,7,1,0.00,0.14,0.14,2.22,1,False
1,639,0,0,0,0,0,0,0,0,0,0,0,0,0,0.0,0.0,0.0,0.0,0,0,0,0,0,0.00,0.00,0.00,0.00,0,False
1,640,0,0,0,0,0,0,0,0,0,0,0,0,0,0.0,0.0,0.0,0.0,0,0,0,0,0,0.00,0.00,0.00,0.00,0,False
1,641,0,0,0,0,0,0,0,0,0,0,0,0,0,0.0,0.0,0.0,0.0,0,0,0,0,0,0.00,0.00,0.00,0.00,0,False
1,642,8,0,0,0,0,0,0,0,0,0,0,0,3,3.0,10.3,0.0,1.3,0,0,1,1,0,0.00,0.02,0.02,0.19,1,False
1,643,71,0,0,0,3,0,0,0,0,0,0,0,16,15.6,1.7,0.0,1.7,3,8,4,15,1,0.00,0.01,0.01,2.22,4,False
1,644,72,0,0,0,3,0,0,0,0,0,0,0,5,4.6,17.7,5.0,2.7,1,0,2,3,1,0.02,0.03,0.05,2.22,2,False
1,645,18,0,0,0,1,0,0,0,0,0,0,0,5,3.4,0.6,19.0,2.3,0,0,0,0,0,0.08,0.02,0.10,0.24,1,False
1,646,90,0,0,0,4,0,0,0,0,0,0,0,20,19.4,14.8,4.0,3.8,3,2,4,9,1,0.00,0.04,0.04,2.47,2,False
1,647,0,0,0,0,0,0,0,0,0,0,0,0,0,0.0,0.0,0.0,0.0,0,0,0,0,0,0.00,0.00,0.00,0.00,0,False
1,648,90,0,0,0,4,0,0,0,0,0,0,0,10,8.4,6.5,7.0,2.2,0,4,2,6,1,0.05,0.02,0.07,2.47,2,False
1,649,0,0,0,0,0,0,0,0,0,0,0,0,0,0.0,0.0,0.0,0.0,0,0,0,0,0,0.00,0.00,0.00,0.00,0,False
1,650,0,0,0,0,0,0,0,0,0,0,0,0,0,0.0,0.0,0.0,0.0,0,0,0,0,0,0.00,0.00,0.00,0.00,0,False
1,651,0,0,0,0,0,0,0,0,0,0,0,0,0,0.0,0.0,0.0,0.0,0,0,0,0,0,0.00,0.00,0.00,0.00,0,False
1,652,0,0,0,0,0,0,0,0,0,0,0,0,0,0.0,0.0,0.0,0.0,0,0,0,0,0,0.00,0.00,0.00,0.00,0,False
1,653,0,0,0,0,0,0,0,0,0,0,0,0,0,0.0,0.0,0.0,0.0,0,0,0,0,0,0.00,0.00,0.00,0.00,0,False
1,654,81,0,0,0,4,0,0,0,0,0,0,0,8,11.0,2.3,45.0,5.8,3,1,1,5,1,0.38,0.01,0.39,2.28,2,False
1,655,0,0,0,0,0,0,0,0,0,0,0,0,0,0.0,0.0,0.0,0.0,0,0,0,0,0,0.00,0.00,0.00,0.00,0,False
1,656,0,0,0,0,0,0,0,0,0,0,0,0,0,0.0,0.0,0.0,0.0,0,0,0,0,0,0.00,0.00,0.00,0.00,0,False
1,657,0,0,0,0,0,0,0,0,0,0,0,0,0,0.0,0.0,0.0,0.0,0,0,0,0,0,0.00,0.00,0.00,0.00,0,False
1,658,0,0,0,0,0,0,0,0,0,0,0,0,0,0.0,0.0,0.0,0.0,0,0,0,0,0,0.00,0.00,0.00,0.00,0,False
1,659,0,0,0,0,0,0,0,0,0,0,0,0,0,0.0,0.0,0.0,0.0,0,0,0,0,0,0.00,0.00,0.00,0.00,0,False
1,660,90,0,1,1,0,0,0,0,0,0,0,0,24,28.2,63.9,22.0,11.4,7,4,2,13,1,0.27,0.29,0.56,0.55,8,False
1,661,71,1,1,0,1,0,0,0,0,0,0,2,37,52.8,24.4,37.0,11.4,1,0,0,1,1,1.14,0.02,1.16,1.49,11,False
1,662,0,0,0,0,0,0,0,0,0,0,0,0,0,0.0,0.0,0.0,0.0,0,0,0,0,0,0.00,0.00,0.00,0.00,0,False
1,663,17,0,0,0,1,0,0,0,0,0,0,0,2,2.2,12.0,2.0,1.6,1,2,0,3,0,0.00,0.02,0.02,0.24,1,False
1,664,0,0,0,0,0,0,0,0,0,0,0,0,0,0.0,0.0,0.0,0.0,0,0,0,0,0,0.00,0.00,0.00,0.00,0,False
1,665,90,0,0,1,0,0,0,0,0,0,1,0,24,11.2,0.0,0.0,1.1,2,8,0,0,1,0.00,0.00,0.00,0.55,6,False
1,666,59,0,0,0,0,0,0,0,0,0,0,0,0,0.4,5.5,6.0,1.2,1,1,0,2,1,0.00,0.06,0.06,0.70,1,False
1,667,0,0,0,0,0,0,0,0,0,0,0,0,0,0.0,0.0,0.0,0.0,0,0,0,0,0,0.00,0.00,0.00,0.00,0,False
1,668,90,0,0,1,0,0,0,0,0,0,0,0,10,15.4,31.8,0.0,4.7,3,2,1,6,1,0.00,0.04,0.04,0.56,3,False
1,669,78,1,0,0,1,0,0,0,0,0,0,2,29,32.2,0.8,27.0,6.0,0,3,0,3,1,0.10,0.01,0.11,1.50,9,False
1,670,90,0,0,1,0,0,0,0,0,0,4,1,31,30.0,0.0,0.0,3.0,3,10,0,0,1,0.00,0.00,0.00,0.56,8,False
1,671,19,0,0,0,2,0,0,0,0,0,0,0,2,0.0,0.0,8.0,0.5,0,1,0,1,0,0.02,0.00,0.02,0.08,1,False
1,672,0,0,0,0,0,0,0,0,0,0,0,0,0,0.0,0.0,0.0,0.0,0,0,0,0,0,0.00,0.00,0.00,0.00,0,False
1,673,10,0,0,0,0,0,0,0,0,0,0,0,2,0.2,0.6,0.0,0.1,0,0,0,0,0,0.00,0.00,0.00,0.00,1,False
1,674,0,0,0,0,0,0,0,0,0,0,0,0,0,0.0,0.0,0.0,0.0,0,0,0,0,0,0.00,0.00,0.00,0.00,0,False
1,675,0,0,0,0,0,0,0,0,0,0,0,0,0,0.0,0.0,0.0,0.0,0,0,0,0,0,0.00,0.00,0.00,0.00,0,False
1,676,27,0,0,0,1,0,0,0,0,0,0,0,1,0.0,0.3,3.0,0.1,0,1,0,1,0,0.05,0.00,0.05,0.91,1,False
1,677,0,0,0,0,0,0,0,0,0,0,0,0,0,0.0,0.0,0.0,0.0,0,0,0,0,0,0.00,0.00,0.00,0.00,0,False
1,678,0,0,0,0,0,0,0,0,0,0,0,0,0,0.0,0.0,0.0,0.0,0,0,0,0,0,0.00,0.00,0.00,0.00,0,False
1,679,90,0,0,0,3,0,0,0,0,0,2,0,3,21.0,0.0,0.0,2.1,2,6,0,0,1,0.00,0.01,0.01,0.68,1,False
1,680,0,0,0,0,0,0,0,0,0,0,0,0,0,0.0,0.0,0.0,0.0,0,0,0,0,0,0.00,0.00,0.00,0.00,0,False
1,681,25,0,0,0,0,0,0,0,0,0,0,0,2,0.0,20.5,12.0,3.2,0,1,0,1,0,0.11,0.06,0.17,0.21,1,False
1,682,71,0,0,0,3,0,0,0,0,0,0,0,-4,7.2,0.8,2.0,1.0,3,2,1,4,1,0.00,0.00,0.00,2.22,1,False
1,683,37,0,1,0,0,0,0,0,0,0,0,0,16,30.0,14.4,0.0,4.4,4,1,1,5,0,0.00,0.12,0.12,0.23,4,False
1,684,0,0,0,0,0,0,0,0,0,0,0,0,0,0.0,0.0,0.0,0.0,0,0,0,0,0,0.00,0.00,0.00,0.00,0,False
1,685,90,0,0,0,4,0,0,0,0,0,0,0,2,14.8,0.2,0.0,1.5,7,8,2,9,1,0.00,0.00,0.00,2.21,0,False
1,686,0,0,0,0,0,0,0,0,0,0,0,0,0,0.0,0.0,0.0,0.0,0,0,0,0,0,0.00,0.00,0.00,0.00,0,False
1,687,0,0,0,0,0,0,0,0,0,0,0,0,0,0.0,0.0,0.0,0.0,0,0,0,0,0,0.00,0.00,0.00,0.00,0,False
1,688,0,0,0,0,0,0,0,0,0,0,0,0,0,0.0,0.0,0.0,0.0,0,0,0,0,0,0.00,0.00,0.00,0.00,0,False
1,689,0,0,0,0,0,0,0,0,0,0,0,0,0,0.0,0.0,0.0,0.0,0,0,0,0,0,0.00,0.00,0.00,0.00,0,False
1,690,0,0,0,0,0,0,0,0,0,0,0,0,0,0.0,0.0,0.0,0.0,0,0,0,0,0,0.00,0.00,0.00,0.00,0,False
2,1,90,0,0,1,0,0,0,0,0,0,1,0,28,13.4,0.0,0.0,1.3,0,3,0,0,1,0.00,0.00,0.00,0.17,6,False
2,2,0,0,0,0,0,0,0,0,0,0,0,0,0,0.0,0.0,0.0,0.0,0,0,0,0,0,0.00,0.00,0.00,0.00,0,False
2,3,0,0,0,0,0,0,0,0,0,0,0,0,0,0.0,0.0,0.0,0.0,0,0,0,0,0,0.00,0.00,0.00,0.00,0,False
2,4,0,0,0,0,0,0,0,0,0,0,0,0,0,0.0,0.0,0.0,0.0,0,0,0,0,0,0.00,0.00,0.00,0.00,0,False
2,5,90,0,0,1,0,0,0,0,0,0,0,0,26,13.4,3.3,6.0,2.3,3,4,0,3,1,0.04,0.01,0.05,0.17,6,False
2,6,90,0,0,1,0,0,0,0,0,0,0,0,27,18.4,2.1,2.0,2.3,5,4,0,5,1,0.00,0.01,0.01,0.17,6,False
2,7,63,0,2,1,0,0,0,0,0,0,0,1,38,38.0,21.4,22.0,8.1,1,1,0,1,1,0.39,0.01,0.40,0.17,13,True
2,8,63,2,1,1,0,0,0,0,0,0,0,3,68,95.0,28.5,75.0,19.9,2,1,4,6,1,0.81,0.05,0.86,0.17,24,True
2,9,0,0,0,0,0,0,0,0,0,0,0,0,0,0.0,0.0,0.0,0.0,0,0,0,0,0,0.00,0.00,0.00,0.00,0,False
2,10,26,0,0,0,0,0,0,0,0,0,0,0,7,4.2,3.7,0.0,0.8,0,2,1,1,0,0.00,0.00,0.00,0.00,1,False
2,11,0,0,0,0,0,0,0,0,0,0,0,0,0,0.0,0.0,0.0,0.0,0,0,0,0,0,0.00,0.00,0.00,0.00,0,False
2,12,0,0,0,0,0,0,0,0,0,0,0,0,0,0.0,0.0,0.0,0.0,0,0,0,0,0,0.00,0.00,0.00,0.00,0,False
2,13,0,0,0,0,0,0,0,0,0,0,0,0,0,0.0,0.0,0.0,0.0,0,0,0,0,0,0.00,0.00,0.00,0.00,0,False
2,14,0,0,0,0,0,0,0,0,0,0,0,0,0,0.0,0.0,0.0,0.0,0,0,0,0,0,0.00,0.00,0.00,0.00,0,False
2,15,0,0,0,0,0,0,0,0,0,0,0,0,0,0.0,0.0,0.0,0.0,0,0,0,0,0,0.00,0.00,0.00,0.00,0,False
2,16,52,1,0,0,0,0,0,0,0,0,0,0,27,40.4,30.4,21.0,9.2,0,4,0,4,1,0.11,0.03,0.14,0.17,6,False
2,17,37,0,0,0,0,0,0,0,0,0,0,0,5,1.6,4.4,3.0,0.9,0,1,1,2,1,0.05,0.05,0.10,0.17,1,False
2,18,63,0,0,1,0,0,0,0,0,0,0,0,10,5.6,26.9,10.0,4.3,0,3,0,3,1,0.00,0.09,0.09,0.17,3,False
2,19,0,0,0,0,0,0,0,0,0,0,0,0,0,0.0,0.0,0.0,0.0,0,0,0,0,0,0.00,0.00,0.00,0.00,0,False
2,20,37,0,0,0,0,0,0,0,0,0,0,0,4,5.4,21.5,4.0,3.1,0,0,0,0,0,0.07,0.03,0.10,0.00,1,False
2,21,90,0,1,1,0,0,0,0,0,0,0,0,26,25.2,50.0,2.0,7.7,0,3,0,3,1,0.00,0.54,0.54,0.17,6,False
2,22,0,0,0,0,0,0,0,0,0,0,0,0,0,0.0,0.0,0.0,0.0,0,0,0,0,0,0.00,0.00,0.00,0.00,0,False
2,23,0,0,0,0,0,0,0,0,0,0,0,0,0,0.0,0.0,0.0,0.0,0,0,0,0,0,0.00,0.00,0.00,0.00,0,False
2,24,0,0,0,0,0,0,0,0,0,0,0,0,0,0.0,0.0,0.0,0.0,0,0,0,0,0,0.00,0.00,0.00,0.00,0,False
2,25,52,0,0,0,0,0,0,0,0,0,0,0,3,5.6,1.8,5.0,1.2,0,3,1,4,0,0.02,0.01,0.03,0.00,1,False
2,26,90,0,0,1,0,0,0,0,0,0,0,0,12,6.4,6.9,1.0,1.4,1,5,2,8,1,0.02,0.02,0.04,0.17,3,False
2,27,0,0,0,0,0,0,0,0,0,0,0,0,0,0.0,0.0,0.0,0.0,0,0,0,0,0,0.00,0.00,0.00,0.00,0,False
2,28,0,0,0,0,0,0,0,0,0,0,0,0,0,0.0,0.0,0.0,0.0,0,0,0,0,0,0.00,0.00,0.00,0.00,0,False
2,29,0,0,0,0,0,0,0,0,0,0,0,0,0,0.0,0.0,0.0,0.0,0,0,0,0,0,0.00,0.00,0.00,0.00,0,False
2,30,0,0,0,0,0,0,0,0,0,0,0,0,0,0.0,0.0,0.0,0.0,0,0,0,0,0,0.00,0.00,0.00,0.00,0,False
2,31,0,0,0,0,0,0,0,0,0,0,0,0,0,0.0,0.0,0.0,0.0,0,0,0,0,0,0.00,0.00,0.00,0.00,0,False
2,32,90,0,0,0,1,0,0,0,0,0,1,0,15,12.8,0.0,0.0,1.3,0,10,0,0,1,0.00,0.01,0.01,1.21,2,False
2,33,0,0,0,0,0,0,0,0,0,0,0,0,0,0.0,0.0,0.0,0.0,0,0,0,0,0,0.00,0.00,0.00,0.00,0,False
2,34,0,0,0,0,0,0,0,0,0,0,0,0,0,0.0,0.0,0.0,0.0,0,0,0,0,0,0.00,0.00,0.00,0.00,0,False
2,35,0,0,0,0,0,0,0,0,0,0,0,0,0,0.0,0.0,0.0,0.0,0,0,0,0,0,0.00,0.00,0.00,0.00,0,False
2,36,90,0,0,0,1,0,0,0,0,0,0,0,18,20.4,25.4,4.0,5.0,3,5,3,6,1,0.00,0.23,0.23,1.21,2,False
2,37,63,0,0,0,1,0,0,0,0,0,0,0,8,6.8,8.4,6.0,2.1,1,2,1,2,1,0.00,0.16,0.16,1.11,2,False
2,38,0,0,0,0,0,0,0,0,0,0,0,0,0,0.0,0.0,0.0,0.0,0,0,0,0,0,0.00,0.00,0.00,0.00,0,False
2,39,26,0,0,0,0,0,0,0,0,0,0,0,10,10.6,15.4,2.0,2.8,3,2,1,4,0,0.02,0.06,0.08,0.11,1,False
2,40,90,0,0,0,1,0,0,0,0,0,0,0,12,17.6,12.3,15.0,4.5,5,6,0,5,1,0.11,0.03,0.14,1.21,2,False
2,41,90,0,0,0,1,0,0,0,0,0,0,0,8,17.0,5.8,9.0,3.2,1,8,2,3,1,0.07,0.13,0.20,1.21,2,False
2,42,0,0,0,0,0,0,0,0,0,0,0,0,0,0.0,0.0,0.0,0.0,0,0,0,0,0,0.00,0.00,0.00,0.00,0,False
2,43,0,0,0,0,0,0,0,0,0,0,0,0,0,0.0,0.0,0.0,0.0,0,0,0,0,0,0.00,0.00,0.00,0.00,0,False
2,44,16,0,0,0,0,0,0,0,1,0,0,0,-3,0.0,2.3,2.0,0.3,0,0,0,0,0,0.00,0.03,0.03,0.11,0,False
2,45,0,0,0,0,0,0,0,0,0,0,0,0,0,0.0,0.0,0.0,0.0,0,0,0,0,0,0.00,0.00,0.00,0.00,0,False
2,46,0,0,0,0,0,0,0,0,0,0,0,0,0,0.0,0.0,0.0,0.0,0,0,0,0,0,0.00,0.00,0.00,0.00,0,False
2,47,90,0,0,0,1,0,0,0,0,0,0,0,3,4.4,21.3,17.0,4.3,0,1,0,1,1,0.10,0.12,0.22,1.21,2,False
2,48,90,0,0,0,1,0,0,0,0,0,0,0,13,11.2,50.8,12.0,7.4,0,2,1,3,1,0.04,0.29,0.33,1.21,2,False
2,49,0,0,0,0,0,0,0,0,0,0,0,0,0,0.0,0.0,0.0,0.0,0,0,0,0,0,0.00,0.00,0.00,0.00,0,False
2,50,58,0,0,0,0,0,0,0,0,0,0,0,1,0.8,12.2,9.0,2.2,2,0,1,3,0,0.20,0.20,0.40,0.28,1,False
2,51,0,0,0,0,0,0,0,0,0,0,0,0,0,0.0,0.0,0.0,0.0,0,0,0,0,0,0.00,0.00,0.00,0.00,0,False
2,52,14,0,0,0,1,0,0,0,0,0,0,0,5,4.2,11.0,0.0,1.5,0,3,1,4,0,0.00,0.02,0.02,0.37,1,False
2,53,26,0,0,0,0,0,0,0,0,0,0,0,3,0.4,2.8,2.0,0.5,0,1,0,1,0,0.00,0.02,0.02,0.11,1,False
2,54,73,0,0,0,1,0,0,0,0,0,0,0,14,17.6,31.1,15.0,6.4,2,2,0,4,1,0.05,0.12,0.17,1.11,2,False
2,55,0,0,0,0,0,0,0,0,0,0,0,0,0,0.0,0.0,0.0,0.0,0,0,0,0,0,0.00,0.00,0.00,0.00,0,False
2,56,0,0,0,0,0,0,0,0,0,0,0,0,0,0.0,0.0,0.0,0.0,0,0,0,0,0,0.00,0.00,0.00,0.00,0,False
2,57,0,0,0,0,0,0,0,0,0,0,0,0,0,0.0,0.0,0.0,0.0,0,0,0,0,0,0.00,0.00,0.00,0.00,0,False
2,58,15,0,0,0,1,0,0,0,0,0,0,0,5,1.6,0.8,2.0,0.4,0,0,1,1,1,0.00,0.00,0.00,0.83,1,False
2,59,63,0,0,0,1,0,0,0,1,0,0,0,10,14.6,3.2,16.0,3.4,4,3,2,9,1,0.23,0.04,0.27,1.11,1,False
2,60,0,0,0,0,0,0,0,0,0,0,0,0,0,0.0,0.0,0.0,0.0,0,0,0,0,0,0.00,0.00,0.00,0.00,0,False
2,61,0,0,0,0,0,0,0,0,0,0,0,0,0,0.0,0.0,0.0,0.0,0,0,0,0,0,0.00,0.00,0.00,0.00,0,False
2,62,0,0,0,0,0,0,0,0,0,0,0,0,0,0.0,0.0,0.0,0.0,0,0,0,0,0,0.00,0.00,0.00,0.00,0,False
2,63,0,0,0,0,0,0,0,0,0,0,0,0,0,0.0,0.0,0.0,0.0,0,0,0,0,0,0.00,0.00,0.00,0.00,0,False
2,64,90,0,0,0,1,0,0,0,0,0,0,0,6,1.8,14.1,22.0,3.8,0,3,1,4,1,0.37,0.08,0.45,1.21,2,False
2,65,0,0,0,0,0,0,0,0,0,0,0,0,0,0.0,0.0,0.0,0.0,0,0,0,0,0,0.00,0.00,0.00,0.00,0,False
2,66,0,0,0,0,0,0,0,0,0,0,0,0,0,0.0,0.0,0.0,0.0,0,0,0,0,0,0.00,0.00,0.00,0.00,0,False
2,67,90,0,0,1,0,0,0,0,0,0,1,0,23,11.4,0.0,0.0,1.1,2,5,0,0,1,0.00,0.00,0.00,0.46,6,False
2,68,0,0,0,0,0,0,0,0,0,0,0,0,0,0.0,0.0,0.0,0.0,0,0,0,0,0,0.00,0.00,0.00,0.00,0,False
2,69,0,0,0,0,0,0,0,0,0,0,0,0,0,0.0,0.0,0.0,0.0,0,0,0,0,0,0.00,0.00,0.00,0.00,0,False
2,70,0,0,0,0,0,0,0,0,0,0,0,0,0,0.0,0.0,0.0,0.0,0,0,0,0,0,0.00,0.00,0.00,0.00,0,False
2,71,0,0,0,0,0,0,0,0,0,0,0,0,0,0.0,0.0,0.0,0.0,0,0,0,0,0,0.00,0.00,0.00,0.00,0,False
2,72,90,0,0,1,0,0,0,0,0,0,0,1,31,25.0,0.9,2.0,2.8,13,4,1,14,1,0.00,0.01,0.01,0.46,9,False
2,73,90,0,0,1,0,0,0,0,0,0,0,0,24,5.6,3.4,0.0,0.9,2,1,0,2,1,0.00,0.01,0.01,0.46,6,False
2,74,90,0,0,1,0,0,0,0,0,0,0,0,28,18.0,18.9,6.0,4.3,4,4,0,4,1,0.00,0.04,0.04,0.46,6,False
2,75,0,0,0,0,0,0,0,0,0,0,0,0,0,0.0,0.0,0.0,0.0,0,0,0,0,0,0.00,0.00,0.00,0.00,0,False
2,76,0,0,0,0,0,0,0,0,0,0,0,0,0,0.0,0.0,0.0,0.0,0,0,0,0,0,0.00,0.00,0.00,0.00,0,False
2,77,2,0,0,0,0,0,0,0,0,0,0,0,3,0.4,0.2,0.0,0.1,0,0,0,0,0,0.00,0.00,0.00,0.06,1,False
2,78,0,0,0,0,0,0,0,0,0,0,0,0,0,0.0,0.0,0.0,0.0,0,0,0,0,0,0.00,0.00,0.00,0.00,0,False
2,79,0,0,0,0,0,0,0,0,0,0,0,0,0,0.0,0.0,0.0,0.0,0,0,0,0,0,0.00,0.00,0.00,0.00,0,False
2,80,0,0,0,0,0,0,0,0,0,0,0,0,0,0.0,0.0,0.0,0.0,0,0,0,0,0,0.00,0.00,0.00,0.00,0,False
2,81,12,0,0,0,0,0,0,0,0,0,0,0,1,0.0,11.3,7.0,1.8,0,0,0,0,0,0.11,0.01,0.12,0.06,1,False
2,82,90,0,1,1,0,0,0,0,0,0,0,0,11,20.2,36.0,45.0,10.1,0,5,0,5,1,0.68,0.07,0.75,0.46,6,False
2,83,83,1,0,1,0,0,0,0,0,0,0,3,33,50.4,3.7,56.0,11.0,5,6,4,15,1,0.77,0.02,0.79,1.10,13,True
2,84,77,1,0,1,0,0,0,0,0,0,0,3,36,42.8,4.5,28.0,7.5,2,2,0,4,1,0.19,0.21,0.40,0.41,11,True
2,85,87,0,0,1,0,0,0,0,1,0,0,0,17,20.2,5.3,7.0,3.3,4,3,2,9,1,0.03,0.01,0.04,0.41,2,False
2,86,66,0,0,1,0,0,0,0,0,0,0,0,11,8.2,24.2,15.0,4.7,2,2,0,4,1,0.17,0.67,0.84,0.41,3,False
2,87,24,0,0,0,0,0,0,0,0,0,0,0,3,4.4,13.1,5.0,2.3,1,1,0,2,0,0.06,0.02,0.08,0.06,1,False
2,88,0,0,0,0,0,0,0,0,0,0,0,0,0,0.0,0.0,0.0,0.0,0,0,0,0,0,0.00,0.00,0.00,0.00,0,False
2,89,0,0,0,0,0,0,0,0,0,0,0,0,0,0.0,0.0,0.0,0.0,0,0,0,0,0,0.00,0.00,0.00,0.00,0,False
2,90,65,0,0,1,0,0,0,0,1,0,0,0,10,7.4,13.9,5.0,2.6,2,1,3,6,1,0.05,0.03,0.08,0.41,2,False
2,91,0,0,0,0,0,0,0,0,0,0,0,0,0,0.0,0.0,0.0,0.0,0,0,0,0,0,0.00,0.00,0.00,0.00,0,False
2,92,0,0,0,0,0,0,0,0,0,0,0,0,0,0.0,0.0,0.0,0.0,0,0,0,0,0,0.00,0.00,0.00,0.00,0,False
2,93,0,0,0,0,0,0,0,0,0,0,0,0,0,0.0,0.0,0.0,0.0,0,0,0,0,0,0.00,0.00,0.00,0.00,0,False
2,94,0,0,0,0,0,0,0,0,0,0,0,0,0,0.0,0.0,0.0,0.0,0,0,0,0,0,0.00,0.00,0.00,0.00,0,False
2,95,0,0,0,0,0,0,0,0,0,0,0,0,0,0.0,0.0,0.0,0.0,0,0,0,0,0,0.00,0.00,0.00,0.00,0,False
2,96,0,0,0,0,0,0,0,0,0,0,0,0,0,0.0,0.0,0.0,0.0,0,0,0,0,0,0.00,0.00,0.00,0.00,0,False
2,97,87,0,0,1,0,0,0,0,0,0,0,0,13,6.4,45.5,4.0,5.6,0,1,0,1,1,0.00,0.02,0.02,0.41,2,False
2,98,0,0,0,0,0,0,0,0,0,0,0,0,0,0.0,0.0,0.0,0.0,0,0,0,0,0,0.00,0.00,0.00,0.00,0,False
2,99,0,0,0,0,0,0,0,0,0,0,0,0,0,0.0,0.0,0.0,0.0,0,0,0,0,0,0.00,0.00,0.00,0.00,0,False
2,100,2,0,0,0,0,0,0,0,0,0,0,0,3,0.0,0.0,2.0,0.2,0,0,0,0,0,0.00,0.00,0.00,0.06,1,False
2,101,90,0,0,1,0,0,0,0,1,0,2,0,21,10.0,0.0,0.0,1.0,1,7,0,0,1,0.00,0.01,0.01,1.19,5,False
2,102,0,0,0,0,0,0,0,0,0,0,0,0,0,0.0,0.0,0.0,0.0,0,0,0,0,0,0.00,0.00,0.00,0.00,0,False
2,103,0,0,0,0,0,0,0,0,0,0,0,0,0,0.0,0.0,0.0,0.0,0,0,0,0,0,0.00,0.00,0.00,0.00,0,False
2,104,0,0,0,0,0,0,0,0,0,0,0,0,0,0.0,0.0,0.0,0.0,0,0,0,0,0,0.00,0.00,0.00,0.00,0,False
2,105,0,0,0,0,0,0,0,0,0,0,0,0,0,0.0,0.0,0.0,0.0,0,0,0,0,0,0.00,0.00,0.00,0.00,0,False
2,106,90,0,0,1,0,0,0,0,0,0,0,1,25,20.8,0.3,6.0,2.7,12,5,1,13,1,0.00,0.01,0.01,1.19,9,False
2,107,90,0,0,1,0,0,0,0,0,0,0,0,24,8.0,0.8,2.0,1.1,3,4,1,4,1,0.00,0.00,0.00,1.19,6,False
2,108,5,0,0,0,0,0,0,0,0,0,0,0,3,1.4,0.1,0.0,0.2,1,0,0,1,0,0.00,0.00,0.00,0.10,1,False
2,109,6,0,0,0,0,0,0,0,0,0,0,0,3,2.0,0.0,0.0,0.2,1,0,0,1,0,0.00,0.00,0.00,0.10,1,False
2,110,84,0,0,1,0,0,0,0,0,0,0,2,27,32.4,0.5,2.0,3.5,6,4,5,11,1,0.00,0.01,0.01,1.10,10,False
2,111,0,0,0,0,0,0,0,0,0,0,0,0,0,0.0,0.0,0.0,0.0,0,0,0,0,0,0.00,0.00,0.00,0.00,0,False
2,112,0,0,0,0,0,0,0,0,0,0,0,0,0,0.0,0.0,0.0,0.0,0,0,0,0,0,0.00,0.00,0.00,0.00,0,False
2,113,90,0,0,1,0,0,0,0,0,0,0,0,23,28.0,0.3,0.0,2.8,12,2,0,12,1,0.00,0.00,0.00,1.19,8,False
2,114,0,0,0,0,0,0,0,0,0,0,0,0,0,0.0,0.0,0.0,0.0,0,0,0,0,0,0.00,0.00,0.00,0.00,0,False
2,115,0,0,0,0,0,0,0,0,0,0,0,0,0,0.0,0.0,0.0,0.0,0,0,0,0,0,0.00,0.00,0.00,0.00,0,False
2,116,11,0,0,0,0,0,0,0,0,0,0,0,5,4.0,0.1,0.0,0.4,0,0,2,2,0,0.00,0.00,0.00,0.24,1,False
2,117,0,0,0,0,0,0,0,0,0,0,0,0,0,0.0,0.0,0.0,0.0,0,0,0,0,0,0.00,0.00,0.00,0.00,0,False
2,118,0,0,0,0,0,0,0,0,0,0,0,0,0,0.0,0.0,0.0,0.0,0,0,0,0,0,0.00,0.00,0.00,0.00,0,False
2,119,90,0,0,0,1,0,0,0,0,0,0,0,8,6.2,43.7,8.0,5.8,0,2,0,2,1,0.00,0.31,0.31,1.76,2,False
2,120,78,0,0,1,0,0,0,0,0,0,0,0,13,16.4,17.3,9.0,4.3,3,5,2,10,1,0.10,0.02,0.12,0.95,3,False
2,121,90,0,0,1,0,0,0,0,0,0,0,0,18,27.8,43.2,14.0,8.5,5,7,3,15,1,0.06,0.24,0.30,1.19,5,False
2,122,0,0,0,0,0,0,0,0,0,0,0,0,0,0.0,0.0,0.0,0.0,0,0,0,0,0,0.00,0.00,0.00,0.00,0,False
2,123,0,0,0,0,0,0,0,0,0,0,0,0,0,0.0,0.0,0.0,0.0,0,0,0,0,0,0.00,0.00,0.00,0.00,0,False
2,124,68,0,0,1,0,0,0,0,0,0,0,0,8,9.8,2.3,5.0,1.7,3,4,2,9,1,0.03,0.00,0.03,0.88,3,False
2,125,0,0,0,0,0,0,0,0,0,0,0,0,0,0.0,0.0,0.0,0.0,0,0,0,0,0,0.00,0.00,0.00,0.00,0,False
2,126,11,0,0,0,0,0,0,0,0,0,0,0,5,3.4,0.3,0.0,0.4,1,1,1,3,0,0.00,0.01,0.01,0.24,1,False
2,127,0,0,0,0,0,0,0,0,0,0,0,0,0,0.0,0.0,0.0,0.0,0,0,0,0,0,0.00,0.00,0.00,0.00,0,False
2,128,21,0,0,0,0,0,0,0,0,0,0,0,6,3.4,0.2,0.0,0.4,2,2,0,4,0,0.00,0.00,0.00,0.31,1,False
2,129,78,0,0,1,0,0,0,0,0,0,0,0,15,18.4,5.4,1.0,2.5,6,4,5,15,1,0.03,0.01,0.04,0.95,5,False
2,130,0,0,0,0,0,0,0,0,0,0,0,0,0,0.0,0.0,0.0,0.0,0,0,0,0,0,0.00,0.00,0.00,0.00,0,False
2,131,0,0,0,0,0,0,0,0,0,0,0,0,0,0.0,0.0,0.0,0.0,0,0,0,0,0,0.00,0.00,0.00,0.00,0,False
2,132,0,0,0,0,0,0,0,0,0,0,0,0,0,0.0,0.0,0.0,0.0,0,0,0,0,0,0.00,0.00,0.00,0.00,0,False
2,133,0,0,0,0,0,0,0,0,0,0,0,0,0,0.0,0.0,0.0,0.0,0,0,0,0,0,0.00,0.00,0.00,0.00,0,False
2,134,0,0,0,0,0,0,0,0,0,0,0,0,0,0.0,0.0,0.0,0.0,0,0,0,0,0,0.00,0.00,0.00,0.00,0,False
2,135,0,0,0,0,0,0,0,0,0,0,0,0,0,0.0,0.0,0.0,0.0,0,0,0,0,0,0.00,0.00,0.00,0.00,0,False
2,136,90,0,0,1,0,0,0,0,0,0,0,0,4,4.6,16.3,17.0,3.8,3,3,2,8,1,0.22,0.01,0.23,1.19,2,False
2,137,0,0,0,0,0,0,0,0,0,0,0,0,0,0.0,0.0,0.0,0.0,0,0,0,0,0,0.00,0.00,0.00,0.00,0,False
2,138,0,0,0,0,0,0,0,0,0,0,0,0,0,0.0,0.0,0.0,0.0,0,0,0,0,0,0.00,0.00,0.00,0.00,0,False
2,139,90,0,0,0,2,0,0,0,0,0,1,0,5,10.2,10.0,0.0,2.0,0,14,0,0,1,0.00,0.00,0.00,1.60,1,False
2,140,0,0,0,0,0,0,0,0,0,0,0,0,0,0.0,0.0,0.0,0.0,0,0,0,0,0,0.00,0.00,0.00,0.00,0,False
2,141,0,0,0,0,0,0,0,0,0,0,0,0,0,0.0,0.0,0.0,0.0,0,0,0,0,0,0.00,0.00,0.00,0.00,0,False
2,142,0,0,0,0,0,0,0,0,0,0,0,0,0,0.0,0.0,0.0,0.0,0,0,0,0,0,0.00,0.00,0.00,0.00,0,False
2,143,0,0,0,0,0,0,0,0,0,0,0,0,0,0.0,0.0,0.0,0.0,0,0,0,0,0,0.00,0.00,0.00,0.00,0,False
2,144,0,0,0,0,0,0,0,0,0,0,0,0,0,0.0,0.0,0.0,0.0,0,0,0,0,0,0.00,0.00,0.00,0.00,0,False
2,145,66,0,0,0,2,0,0,0,1,0,0,0,2,4.8,1.0,4.0,1.0,4,2,1,5,1,0.00,0.02,0.02,1.20,0,False
2,146,90,0,0,0,2,0,0,0,0,0,0,0,11,16.0,0.6,0.0,1.7,6,6,2,8,1,0.00,0.00,0.00,1.60,1,False
2,147,0,0,0,0,0,0,0,0,0,0,0,0,0,0.0,0.0,0.0,0.0,0,0,0,0,0,0.00,0.00,0.00,0.00,0,False
2,148,23,0,0,0,0,0,0,0,1,0,0,0,-1,0.0,2.2,0.0,0.2,1,2,0,1,0,0.00,0.00,0.00,0.40,0,False
2,149,0,0,0,0,0,0,0,0,0,0,0,0,0,0.0,0.0,0.0,0.0,0,0,0,0,0,0.00,0.00,0.00,0.00,0,False
2,150,0,0,0,0,0,0,0,0,0,0,0,0,0,0.0,0.0,0.0,0.0,0,0,0,0,0,0.00,0.00,0.00,0.00,0,False
2,151,90,0,0,0,2,0,0,0,0,0,0,0,5,18.6,0.9,4.0,2.4,6,3,0,6,1,0.01,0.01,0.02,1.60,1,False
2,152,0,0,0,0,0,0,0,0,0,0,0,0,0,0.0,0.0,0.0,0.0,0,0,0,0,0,0.00,0.00,0.00,0.00,0,False
2,153,0,0,0,0,0,0,0,0,0,0,0,0,0,0.0,0.0,0.0,0.0,0,0,0,0,0,0.00,0.00,0.00,0.00,0,False
2,154,0,0,0,0,0,0,0,0,0,0,0,0,0,0.0,0.0,0.0,0.0,0,0,0,0,0,0.00,0.00,0.00,0.00,0,False
2,155,0,0,0,0,0,0,0,0,0,0,0,0,0,0.0,0.0,0.0,0.0,0,0,0,0,0,0.00,0.00,0.00,0.00,0,False
2,156,0,0,0,0,0,0,0,0,0,0,0,0,0,0.0,0.0,0.0,0.0,0,0,0,0,0,0.00,0.00,0.00,0.00,0,False
2,157,90,0,0,0,2,0,0,0,0,0,0,0,8,12.0,42.8,10.0,6.5,0,4,1,5,1,0.15,0.09,0.24,1.60,2,False
2,158,0,0,0,0,0,0,0,0,0,0,0,0,0,0.0,0.0,0.0,0.0,0,0,0,0,0,0.00,0.00,0.00,0.00,0,False
2,159,0,0,0,0,0,0,0,0,0,0,0,0,0,0.0,0.0,0.0,0.0,0,0,0,0,0,0.00,0.00,0.00,0.00,0,False
2,160,90,0,0,0,2,0,0,0,0,0,0,0,14,16.2,42.4,29.0,8.8,2,4,1,7,1,0.08,0.55,0.63,1.60,2,False
2,161,0,0,0,0,0,0,0,0,0,0,0,0,0,0.0,0.0,0.0,0.0,0,0,0,0,0,0.00,0.00,0.00,0.00,0,False
2,162,5,0,0,0,0,0,0,0,0,0,0,0,2,0.0,0.0,6.0,0.5,0,1,0,1,0,0.06,0.00,0.06,0.39,1,False
2,163,45,0,0,0,1,0,0,0,0,0,0,0,9,4.6,1.2,0.0,0.6,0,2,1,3,0,0.00,0.01,0.01,0.67,1,False
2,164,90,0,0,0,2,0,0,0,0,0,0,0,12,15.0,22.3,38.0,7.5,3,2,1,6,1,0.42,0.03,0.45,1.60,2,False
2,165,0,0,0,0,0,0,0,0,0,0,0,0,0,0.0,0.0,0.0,0.0,0,0,0,0,0,0.00,0.00,0.00,0.00,0,False
2,166,66,0,0,0,2,0,0,0,0,0,0,0,10,10.6,3.9,18.0,3.3,1,2,3,6,1,0.15,0.02,0.17,1.20,2,False
2,167,45,0,0,0,1,0,0,0,0,0,0,0,3,0.4,10.8,0.0,1.1,0,2,0,2,1,0.00,0.00,0.00,0.92,1,False
2,168,0,0,0,0,0,0,0,0,0,0,0,0,0,0.0,0.0,0.0,0.0,0,0,0,0,0,0.00,0.00,0.00,0.00,0,False
2,169,23,0,0,0,0,0,0,0,0,0,0,0,3,7.0,2.0,0.0,0.9,4,1,0,5,0,0.00,0.01,0.01,0.40,1,False
2,170,0,0,0,0,0,0,0,0,0,0,0,0,0,0.0,0.0,0.0,0.0,0,0,0,0,0,0.00,0.00,0.00,0.00,0,False
2,171,0,0,0,0,0,0,0,0,0,0,0,0,0,0.0,0.0,0.0,0.0,0,0,0,0,0,0.00,0.00,0.00,0.00,0,False
2,172,0,0,0,0,0,0,0,0,0,0,0,0,0,0.0,0.0,0.0,0.0,0,0,0,0,0,0.00,0.00,0.00,0.00,0,False
2,173,84,0,0,0,2,0,0,0,1,0,0,0,13,20.0,2.4,0.0,2.2,3,3,7,13,1,0.00,0.02,0.02,1.21,3,False
2,174,0,0,0,0,0,0,0,0,0,0,0,0,0,0.0,0.0,0.0,0.0,0,0,0,0,0,0.00,0.00,0.00,0.00,0,False
2,175,0,0,0,0,0,0,0,0,0,0,0,0,0,0.0,0.0,0.0,0.0,0,0,0,0,0,0.00,0.00,0.00,0.00,0,False
2,176,0,0,0,0,0,0,0,0,0,0,0,0,0,0.0,0.0,0.0,0.0,0,0,0,0,0,0.00,0.00,0.00,0.00,0,False
2,177,0,0,0,0,0,0,0,0,0,0,0,0,0,0.0,0.0,0.0,0.0,0,0,0,0,0,0.00,0.00,0.00,0.00,0,False
2,178,90,0,0,0,2,0,0,1,0,0,0,0,-9,0.0,3.4,27.0,2.8,0,1,0,1,1,1.56,0.10,1.66,1.60,0,False
2,179,0,0,0,0,0,0,0,0,0,0,0,0,0,0.0,0.0,0.0,0.0,0,0,0,0,0,0.00,0.00,0.00,0.00,0,False
2,180,0,0,0,0,0,0,0,0,0,0,0,0,0,0.0,0.0,0.0,0.0,0,0,0,0,0,0.00,0.00,0.00,0.00,0,False
2,181,0,0,0,0,0,0,0,0,0,0,0,0,0,0.0,0.0,0.0,0.0,0,0,0,0,0,0.00,0.00,0.00,0.00,0,False
2,182,90,0,0,0,2,0,0,0,0,0,3,0,13,30.8,0.0,0.0,3.1,3,10,2,0,1,0.00,0.00,0.00,1.11,2,False
2,183,0,0,0,0,0,0,0,0,0,0,0,0,0,0.0,0.0,0.0,0.0,0,0,0,0,0,0.00,0.00,0.00,0.00,0,False
2,184,0,0,0,0,0,0,0,0,0,0,0,0,0,0.0,0.0,0.0,0.0,0,0,0,0,0,0.00,0.00,0.00,0.00,0,False
2,185,0,0,0,0,0,0,0,0,0,0,0,0,0,0.0,0.0,0.0,0.0,0,0,0,0,0,0.00,0.00,0.00,0.00,0,False
2,186,0,0,0,0,0,0,0,0,0,0,0,0,0,0.0,0.0,0.0,0.0,0,0,0,0,0,0.00,0.00,0.00,0.00,0,False
2,187,90,0,0,1,0,0,0,0,0,0,0,0,26,15.4,2.1,0.0,1.8,6,6,1,7,1,0.00,0.02,0.02,0.77,6,False
2,188,0,0,0,0,0,0,0,0,0,0,0,0,0,0.0,0.0,0.0,0.0,0,0,0,0,0,0.00,0.00,0.00,0.00,0,False
2,189,0,0,0,0,0,0,0,0,0,0,0,0,0,0.0,0.0,0.0,0.0,0,0,0,0,0,0.00,0.00,0.00,0.00,0,False
2,190,90,0,0,1,0,0,0,0,0,0,0,1,34,31.8,14.3,4.0,5.0,12,3,2,14,1,0.00,0.01,0.01,0.77,9,False
2,191,82,0,0,1,0,0,0,0,0,0,0,0,29,21.0,1.1,0.0,2.2,6,1,1,7,1,0.00,0.01,0.01,0.66,6,False
2,192,90,0,0,1,0,0,0,0,0,0,0,0,26,19.8,7.3,2.0,2.9,3,3,5,8,1,0.00,0.04,0.04,0.77,6,False
2,193,0,0,0,0,0,0,0,0,0,0,0,0,0,0.0,0.0,0.0,0.0,0,0,0,0,0,0.00,0.00,0.00,0.00,0,False
2,194,0,0,0,0,0,0,0,0,0,0,0,0,0,0.0,0.0,0.0,0.0,0,0,0,0,0,0.00,0.00,0.00,0.00,0,False
2,195,0,0,0,0,0,0,0,0,0,0,0,0,0,0.0,0.0,0.0,0.0,0,0,0,0,0,0.00,0.00,0.00,0.00,0,False
2,196,0,0,0,0,0,0,0,0,0,0,0,0,0,0.0,0.0,0.0,0.0,0,0,0,0,0,0.00,0.00,0.00,0.00,0,False
2,197,21,0,0,0,0,0,0,0,0,0,0,0,1,0.0,0.5,0.0,0.0,0,2,0,0,0,0.00,0.00,0.00,0.16,1,False
2,198,0,0,0,0,0,0,0,0,0,0,0,0,0,0.0,0.0,0.0,0.0,0,0,0,0,0,0.00,0.00,0.00,0.00,0,False
2,199,7,0,0,0,0,0,0,0,0,0,0,0,6,6.0,0.0,0.0,0.6,2,0,1,3,0,0.00,0.00,0.00,0.11,1,False
2,200,90,1,1,1,0,0,0,0,0,0,0,2,39,58.4,14.6,28.0,10.1,1,7,3,11,1,0.77,0.02,0.79,0.77,13,True
2,201,0,0,0,0,0,0,0,0,0,0,0,0,0,0.0,0.0,0.0,0.0,0,0,0,0,0,0.00,0.00,0.00,0.00,0,False
2,202,68,0,0,1,0,0,0,0,0,0,0,0,6,0.0,1.8,4.0,0.4,1,3,0,4,1,0.02,0.01,0.03,0.61,3,False
2,203,0,0,0,0,0,0,0,0,0,0,0,0,0,0.0,0.0,0.0,0.0,0,0,0,0,0,0.00,0.00,0.00,0.00,0,False
2,204,0,0,0,0,0,0,0,0,0,0,0,0,0,0.0,0.0,0.0,0.0,0,0,0,0,0,0.00,0.00,0.00,0.00,0,False
2,205,90,1,1,1,0,0,0,0,0,0,0,3,49,65.8,17.0,21.0,10.4,2,4,1,7,1,0.08,0.19,0.27,0.77,14,True
2,206,0,0,0,0,0,0,0,0,0,0,0,0,0,0.0,0.0,0.0,0.0,0,0,0,0,0,0.00,0.00,0.00,0.00,0,False
2,207,82,0,0,1,0,0,0,0,0,0,0,0,11,9.2,18.5,4.0,3.2,2,8,3,13,1,0.02,0.12,0.14,0.66,5,False
2,208,0,0,0,0,0,0,0,0,0,0,0,0,0,0.0,0.0,0.0,0.0,0,0,0,0,0,0.00,0.00,0.00,0.00,0,False
2,209,21,0,0,0,0,0,0,0,0,0,0,0,4,10.8,0.8,0.0,1.2,3,0,1,4,0,0.00,0.00,0.00,0.16,1,False
2,210,7,0,0,0,0,0,0,0,0,0,0,0,3,0.4,4.6,3.0,0.8,0,2,0,2,0,0.08,0.03,0.11,0.11,1,False
2,211,0,0,0,0,0,0,0,0,0,0,0,0,0,0.0,0.0,0.0,0.0,0,0,0,0,0,0.00,0.00,0.00,0.00,0,False
2,212,0,0,0,0,0,0,0,0,0,0,0,0,0,0.0,0.0,0.0,0.0,0,0,0,0,0,0.00,0.00,0.00,0.00,0,False
2,213,0,0,0,0,0,0,0,0,0,0,0,0,0,0.0,0.0,0.0,0.0,0,0,0,0,0,0.00,0.00,0.00,0.00,0,False
2,214,0,0,0,0,0,0,0,0,0,0,0,0,0,0.0,0.0,0.0,0.0,0,0,0,0,0,0.00,0.00,0.00,0.00,0,False
2,215,4,0,0,0,0,0,0,0,0,0,0,0,3,2.2,10.0,2.0,1.4,0,0,0,0,0,0.00,0.00,0.00,0.11,1,False
2,216,0,0,0,0,0,0,0,0,0,0,0,0,0,0.0,0.0,0.0,0.0,0,0,0,0,0,0.00,0.00,0.00,0.00,0,False
2,217,85,0,0,1,0,0,0,0,0,0,0,0,7,1.8,3.6,4.0,0.9,0,3,2,5,1,0.00,0.01,0.01,0.66,2,False
2,218,0,0,0,0,0,0,0,0,0,0,0,0,0,0.0,0.0,0.0,0.0,0,0,0,0,0,0.00,0.00,0.00,0.00,0,False
2,219,0,0,0,0,0,0,0,0,0,0,0,0,0,0.0,0.0,0.0,0.0,0,0,0,0,0,0.00,0.00,0.00,0.00,0,False
2,220,90,0,0,0,1,0,0,0,0,0,3,0,11,24.2,0.0,0.0,2.4,0,5,0,0,1,0.00,0.00,0.00,0.73,3,False
2,221,0,0,0,0,0,0,0,0,0,0,0,0,0,0.0,0.0,0.0,0.0,0,0,0,0,0,0.00,0.00,0.00,0.00,0,False
2,222,0,0,0,0,0,0,0,0,0,0,0,0,0,0.0,0.0,0.0,0.0,0,0,0,0,0,0.00,0.00,0.00,0.00,0,False
2,223,0,0,0,0,0,0,0,0,0,0,0,0,0,0.0,0.0,0.0,0.0,0,0,0,0,0,0.00,0.00,0.00,0.00,0,False
2,224,68,0,1,0,1,0,0,0,0,0,0,0,25,30.4,13.8,4.0,4.8,4,7,1,5,1,0.00,0.32,0.32,0.29,5,False
2,225,21,0,0,0,0,0,0,0,0,0,0,0,7,2.6,15.5,0.0,1.8,0,2,0,0,0,0.00,0.13,0.13,0.44,1,False
2,226,68,1,0,0,1,0,0,0,0,0,0,0,27,44.2,1.4,33.0,7.9,3,4,2,5,1,0.31,0.01,0.32,0.29,8,False
2,227,0,0,0,0,0,0,0,0,0,0,0,0,0,0.0,0.0,0.0,0.0,0,0,0,0,0,0.00,0.00,0.00,0.00,0,False
2,228,68,0,0,0,1,0,0,0,0,0,0,0,3,9.0,2.7,0.0,1.2,3,1,2,5,1,0.00,0.01,0.01,0.29,2,False
2,229,0,0,0,0,0,0,0,0,0,0,0,0,0,0.0,0.0,0.0,0.0,0,0,0,0,0,0.00,0.00,0.00,0.00,0,False
2,230,21,0,0,0,0,0,0,0,0,0,0,0,5,3.4,0.4,0.0,0.4,1,0,1,2,0,0.00,0.00,0.00,0.44,1,False
2,231,0,0,0,0,0,0,0,0,0,0,0,0,0,0.0,0.0,0.0,0.0,0,0,0,0,0,0.00,0.00,0.00,0.00,0,False
2,232,90,0,0,0,1,0,0,0,0,0,0,0,16,26.4,1.9,0.0,2.8,6,3,3,9,1,0.00,0.03,0.03,0.73,2,False
2,233,0,0,0,0,0,0,0,0,0,0,0,0,0,0.0,0.0,0.0,0.0,0,0,0,0,0,0.00,0.00,0.00,0.00,0,False
2,234,0,0,0,0,0,0,0,0,0,0,0,0,0,0.0,0.0,0.0,0.0,0,0,0,0,0,0.00,0.00,0.00,0.00,0,False
2,235,0,0,0,0,0,0,0,0,0,0,0,0,0,0.0,0.0,0.0,0.0,0,0,0,0,0,0.00,0.00,0.00,0.00,0,False
2,236,90,1,0,0,1,0,0,0,0,0,0,0,33,37.6,18.4,30.0,8.6,0,1,1,2,1,0.38,0.17,0.55,0.73,7,False
2,237,90,1,1,0,1,0,0,0,0,0,0,0,32,33.4,8.8,38.0,8.0,0,3,2,5,1,1.03,0.02,1.05,0.73,10,False
2,238,76,0,1,0,1,0,0,0,0,0,0,0,26,27.4,16.6,25.0,6.9,0,2,3,5,1,0.29,0.61,0.90,0.33,5,False
2,239,13,0,0,0,0,0,0,0,0,0,0,0,4,2.0,5.0,4.0,1.1,0,0,0,0,0,0.00,0.01,0.01,0.40,1,False
2,240,0,0,0,0,0,0,0,0,0,0,0,0,0,0.0,0.0,0.0,0.0,0,0,0,0,0,0.00,0.00,0.00,0.00,0,False
2,241,90,1,0,0,1,0,0,0,0,0,0,1,36,50.8,5.2,17.0,7.3,2,2,3,7,1,0.24,0.02,0.26,0.73,8,False
2,242,90,0,0,1,0,0,0,0,1,0,0,0,14,6.8,54.3,0.0,6.1,1,2,0,3,1,0.00,0.17,0.17,2.43,2,False
2,243,0,0,0,0,0,0,0,0,0,0,0,0,0,0.0,0.0,0.0,0.0,0,0,0,0,0,0.00,0.00,0.00,0.00,0,False
2,244,0,0,0,0,0,0,0,0,0,0,0,0,0,0.0,0.0,0.0,0.0,0,0,0,0,0,0.00,0.00,0.00,0.00,0,False
2,245,0,0,0,0,0,0,0,0,0,0,0,0,0,0.0,0.0,0.0,0.0,0,0,0,0,0,0.00,0.00,0.00,0.00,0,False
2,246,28,0,0,0,0,0,0,0,0,0,0,0,4,3.8,11.9,2.0,1.8,1,2,0,3,0,0.00,0.01,0.01,0.55,1,False
2,247,0,0,0,0,0,0,0,0,0,0,0,0,0,0.0,0.0,0.0,0.0,0,0,0,0,0,0.00,0.00,0.00,0.00,0,False
2,248,0,0,0,0,0,0,0,0,0,0,0,0,0,0.0,0.0,0.0,0.0,0,0,0,0,0,0.00,0.00,0.00,0.00,0,False
2,249,90,1,2,0,1,0,0,0,0,0,0,3,58,75.8,31.3,42.0,14.9,3,1,1,5,1,0.41,0.11,0.52,0.73,15,True
2,250,61,0,0,0,1,0,0,0,0,0,0,0,7,2.6,2.2,19.0,2.4,0,2,0,2,1,0.09,0.02,0.11,0.18,2,False
2,251,0,0,0,0,0,0,0,0,0,0,0,0,0,0.0,0.0,0.0,0.0,0,0,0,0,0,0.00,0.00,0.00,0.00,0,False
2,252,10,0,0,0,1,0,0,0,0,0,0,0,2,0.0,1.6,6.0,0.6,0,0,0,0,0,0.02,0.01,0.03,0.66,1,False
2,253,90,0,0,0,1,0,0,0,0,0,0,0,3,3.4,0.0,0.0,0.3,0,4,0,0,1,0.00,0.00,0.00,0.93,2,False
2,254,0,0,0,0,0,0,0,0,0,0,0,0,0,0.0,0.0,0.0,0.0,0,0,0,0,0,0.00,0.00,0.00,0.00,0,False
2,255,0,0,0,0,0,0,0,0,0,0,0,0,0,0.0,0.0,0.0,0.0,0,0,0,0,0,0.00,0.00,0.00,0.00,0,False
2,256,90,0,1,0,1,0,0,0,0,0,0,0,18,28.2,24.2,2.0,5.4,1,5,0,1,1,0.00,0.32,0.32,0.93,5,False
2,257,90,0,0,0,1,0,0,0,1,0,0,0,11,24.6,0.3,23.0,4.8,9,5,3,12,1,0.10,0.00,0.10,0.93,3,False
2,258,90,0,0,0,1,0,0,0,1,0,0,0,9,14.6,27.4,8.0,5.0,2,5,3,5,1,0.00,0.09,0.09,0.93,1,False
2,259,0,0,0,0,0,0,0,0,0,0,0,0,0,0.0,0.0,0.0,0.0,0,0,0,0,0,0.00,0.00,0.00,0.00,0,False
2,260,90,0,0,0,1,0,0,0,0,0,0,0,6,11.2,1.5,4.0,1.7,4,3,1,5,1,0.11,0.01,0.12,0.93,2,False
2,261,90,0,0,0,1,0,0,0,0,0,0,0,8,19.8,1.3,0.0,2.1,7,2,1,8,1,0.00,0.04,0.04,0.93,2,False
2,262,0,0,0,0,0,0,0,0,0,0,0,0,0,0.0,0.0,0.0,0.0,0,0,0,0,0,0.00,0.00,0.00,0.00,0,False
2,263,0,0,0,0,0,0,0,0,0,0,0,0,0,0.0,0.0,0.0,0.0,0,0,0,0,0,0.00,0.00,0.00,0.00,0,False
2,264,0,0,0,0,0,0,0,0,0,0,0,0,0,0.0,0.0,0.0,0.0,0,0,0,0,0,0.00,0.00,0.00,0.00,0,False
2,265,0,0,0,0,0,0,0,0,0,0,0,0,0,0.0,0.0,0.0,0.0,0,0,0,0,0,0.00,0.00,0.00,0.00,0,False
2,266,0,0,0,0,0,0,0,0,0,0,0,0,0,0.0,0.0,0.0,0.0,0,0,0,0,0,0.00,0.00,0.00,0.00,0,False
2,267,90,1,0,0,1,0,0,0,0,0,0,1,20,36.0,2.8,17.0,5.6,0,2,2,4,1,0.55,0.04,0.59,0.93,8,False
2,268,0,0,0,0,0,0,0,0,0,0,0,0,0,0.0,0.0,0.0,0.0,0,0,0,0,0,0.00,0.00,0.00,0.00,0,False
2,269,24,0,0,0,0,0,0,0,0,0,0,0,6,4.6,0.4,2.0,0.7,0,0,2,2,0,0.00,0.01,0.01,0.27,1,False
2,270,90,0,0,0,1,0,0,0,1,0,0,0,14,13.0,41.4,10.0,6.4,1,5,4,10,1,0.12,0.27,0.39,0.93,1,False
2,271,0,0,0,0,0,0,0,0,0,0,0,0,0,0.0,0.0,0.0,0.0,0,0,0,0,0,0.00,0.00,0.00,0.00,0,False
2,272,8,0,0,0,0,0,0,0,0,0,0,0,4,4.0,1.1,0.0,0.5,2,0,0,2,0,0.00,0.00,0.00,0.27,1,False
2,273,81,0,0,0,1,0,0,0,0,0,0,0,18,8.2,20.2,0.0,2.8,2,6,1,9,1,0.00,0.09,0.09,0.66,2,False
2,274,0,0,0,0,0,0,0,0,0,0,0,0,0,0.0,0.0,0.0,0.0,0,0,0,0,0,0.00,0.00,0.00,0.00,0,False
2,275,0,0,0,0,0,0,0,0,0,0,0,0,0,0.0,0.0,0.0,0.0,0,0,0,0,0,0.00,0.00,0.00,0.00,0,False
2,276,65,0,0,0,1,0,0,0,0,0,0,0,9,5.8,3.3,23.0,3.2,0,6,2,8,1,0.05,0.02,0.07,0.66,2,False
2,277,0,0,0,0,0,0,0,0,0,0,0,0,0,0.0,0.0,0.0,0.0,0,0,0,0,0,0.00,0.00,0.00,0.00,0,False
2,278,0,0,0,0,0,0,0,0,0,0,0,0,0,0.0,0.0,0.0,0.0,0,0,0,0,0,0.00,0.00,0.00,0.00,0,False
2,279,0,0,0,0,0,0,0,0,0,0,0,0,0,0.0,0.0,0.0,0.0,0,0,0,0,0,0.00,0.00,0.00,0.00,0,False
2,280,0,0,0,0,0,0,0,0,0,0,0,0,0,0.0,0.0,0.0,0.0,0,0,0,0,0,0.00,0.00,0.00,0.00,0,False
2,281,0,0,0,0,0,0,0,0,0,0,0,0,0,0.0,0.0,0.0,0.0,0,0,0,0,0,0.00,0.00,0.00,0.00,0,False
2,282,0,0,0,0,0,0,0,0,0,0,0,0,0,0.0,0.0,0.0,0.0,0,0,0,0,0,0.00,0.00,0.00,0.00,0,False
2,283,87,0,0,0,1,0,0,0,0,0,0,0,7,0.4,0.4,13.0,1.4,1,0,0,1,1,0.16,0.00,0.16,0.66,2,False
2,284,0,0,0,0,0,0,0,0,0,0,0,0,0,0.0,0.0,0.0,0.0,0,0,0,0,0,0.00,0.00,0.00,0.00,0,False
2,285,2,0,0,0,0,0,0,0,0,0,0,0,6,2.0,0.0,0.0,0.2,0,0,1,1,0,0.00,0.00,0.00,0.27,1,False
2,286,0,0,0,0,0,0,0,0,0,0,0,0,0,0.0,0.0,0.0,0.0,0,0,0,0,0,0.00,0.00,0.00,0.00,0,False
2,287,90,0,0,1,0,0,1,0,0,0,4,3,40,50.2,0.0,0.0,5.0,2,11,0,0,1,0.00,0.00,0.00,2.43,15,True
2,288,0,0,0,0,0,0,0,0,0,0,0,0,0,0.0,0.0,0.0,0.0,0,0,0,0,0,0.00,0.00,0.00,0.00,0,False
2,289,0,0,0,0,0,0,0,0,0,0,0,0,0,0.0,0.0,0.0,0.0,0,0,0,0,0,0.00,0.00,0.00,0.00,0,False
2,290,0,0,0,0,0,0,0,0,0,0,0,0,0,0.0,0.0,0.0,0.0,0,0,0,0,0,0.00,0.00,0.00,0.00,0,False
2,291,90,0,0,1,0,0,0,0,0,0,0,0,27,13.2,0.3,4.0,1.8,10,3,0,10,1,0.00,0.00,0.00,2.43,8,False
2,292,0,0,0,0,0,0,0,0,0,0,0,0,0,0.0,0.0,0.0,0.0,0,0,0,0,0,0.00,0.00,0.00,0.00,0,False
2,293,90,0,0,1,0,0,0,0,0,0,0,0,21,10.8,5.1,4.0,2.0,2,1,2,4,1,0.00,0.01,0.01,2.43,6,False
2,294,0,0,0,0,0,0,0,0,0,0,0,0,0,0.0,0.0,0.0,0.0,0,0,0,0,0,0.00,0.00,0.00,0.00,0,False
2,295,90,0,0,1,0,0,0,0,0,0,0,0,23,24.0,0.3,0.0,2.4,11,1,2,13,1,0.00,0.01,0.01,2.43,8,False
2,296,0,0,0,0,0,0,0,0,0,0,0,0,0,0.0,0.0,0.0,0.0,0,0,0,0,0,0.00,0.00,0.00,0.00,0,False
2,297,0,0,0,0,0,0,0,0,0,0,0,0,0,0.0,0.0,0.0,0.0,0,0,0,0,0,0.00,0.00,0.00,0.00,0,False
2,298,0,0,0,0,0,0,0,0,0,0,0,0,0,0.0,0.0,0.0,0.0,0,0,0,0,0,0.00,0.00,0.00,0.00,0,False
2,299,63,1,0,1,0,0,0,0,0,0,0,0,33,43.2,1.1,40.0,8.4,1,4,3,8,1,0.73,0.00,0.73,1.48,8,False
2,300,19,0,0,0,0,0,0,0,0,0,0,0,2,0.0,11.3,8.0,1.8,0,0,0,0,0,0.24,0.00,0.24,0.95,1,False
2,301,26,0,0,0,0,0,0,0,0,0,0,0,5,5.0,2.1,0.0,0.7,0,2,2,4,0,0.00,0.00,0.00,0.95,1,False
2,302,90,0,0,1,0,0,0,0,0,0,0,0,15,12.4,5.7,2.0,2.0,3,2,2,7,1,0.00,0.01,0.01,2.43,3,False
2,303,90,1,0,1,0,0,0,0,1,0,0,1,34,54.2,26.6,8.0,8.9,10,5,1,16,1,0.04,0.07,0.11,2.43,10,False
2,304,70,0,0,1,0,0,0,0,1,0,0,0,7,8.8,2.7,1.0,1.3,5,6,0,11,1,0.08,0.00,0.08,1.48,2,False
2,305,1,0,0,0,0,0,0,0,0,0,0,0,3,0.0,0.0,0.0,0.0,0,0,0,0,0,0.00,0.00,0.00,0.00,1,False
2,306,0,0,0,0,0,0,0,0,0,0,0,0,0,0.0,0.0,0.0,0.0,0,0,0,0,0,0.00,0.00,0.00,0.00,0,False
2,307,0,0,0,0,0,0,0,0,0,0,0,0,0,0.0,0.0,0.0,0.0,0,0,0,0,0,0.00,0.00,0.00,0.00,0,False
2,308,0,0,0,0,0,0,0,0,0,0,0,0,0,0.0,0.0,0.0,0.0,0,0,0,0,0,0.00,0.00,0.00,0.00,0,False
2,309,0,0,0,0,0,0,0,0,0,0,0,0,0,0.0,0.0,0.0,0.0,0,0,0,0,0,0.00,0.00,0.00,0.00,0,False
2,310,63,0,0,1,0,0,0,0,0,0,0,0,1,0.0,2.2,14.0,1.2,0,0,0,0,1,0.35,0.01,0.36,1.48,2,False
2,311,26,0,0,0,0,0,0,0,1,0,0,0,-2,0.0,0.5,8.0,0.5,0,0,0,0,0,0.14,0.00,0.14,0.95,0,False
2,312,0,0,0,0,0,0,0,0,0,0,0,0,0,0.0,0.0,0.0,0.0,0,0,0,0,0,0.00,0.00,0.00,0.00,0,False
2,313,0,0,0,0,0,0,0,0,0,0,0,0,0,0.0,0.0,0.0,0.0,0,0,0,0,0,0.00,0.00,0.00,0.00,0,False
2,314,90,0,0,0,1,0,0,0,0,0,3,0,13,23.4,0.0,0.0,2.3,2,7,0,0,1,0.00,0.00,0.00,1.63,3,False
2,315,0,0,0,0,0,0,0,0,0,0,0,0,0,0.0,0.0,0.0,0.0,0,0,0,0,0,0.00,0.00,0.00,0.00,0,False
2,316,28,0,0,0,0,0,0,0,0,0,0,0,5,6.6,16.2,2.0,2.5,1,0,0,1,0,0.00,0.02,0.02,0.11,1,False
2,317,90,0,0,0,1,0,0,0,0,0,0,0,14,24.6,11.4,6.0,4.2,10,2,1,11,1,0.00,0.64,0.64,1.63,4,False
2,318,90,0,0,0,1,0,0,0,0,0,0,0,6,1.8,0.8,7.0,1.0,5,6,0,5,1,0.15,0.00,0.15,1.63,2,False
2,319,61,0,0,0,1,0,0,0,0,0,0,0,5,4.6,7.7,19.0,3.1,2,1,0,2,1,0.30,0.04,0.34,1.52,2,False
2,320,0,0,0,0,0,0,0,0,0,0,0,0,0,0.0,0.0,0.0,0.0,0,0,0,0,0,0.00,0.00,0.00,0.00,0,False
2,321,0,0,0,0,0,0,0,0,0,0,0,0,0,0.0,0.0,0.0,0.0,0,0,0,0,0,0.00,0.00,0.00,0.00,0,False
2,322,90,0,0,0,1,0,0,0,0,0,0,0,15,17.6,17.7,10.0,4.5,1,3,3,4,1,0.00,0.37,0.37,1.63,2,False
2,323,0,0,0,0,0,0,0,0,0,0,0,0,0,0.0,0.0,0.0,0.0,0,0,0,0,0,0.00,0.00,0.00,0.00,0,False
2,324,90,0,1,0,1,0,0,0,0,0,0,2,23,24.8,21.9,17.0,6.4,2,2,0,4,1,0.07,0.25,0.32,1.63,7,False
2,325,19,1,0,0,0,0,0,0,0,0,0,0,21,32.8,3.6,38.0,7.4,0,0,0,0,0,0.70,0.02,0.72,0.11,6,False
2,326,0,0,0,0,0,0,0,0,0,0,0,0,0,0.0,0.0,0.0,0.0,0,0,0,0,0,0.00,0.00,0.00,0.00,0,False
2,327,0,0,0,0,0,0,0,0,0,0,0,0,0,0.0,0.0,0.0,0.0,0,0,0,0,0,0.00,0.00,0.00,0.00,0,False
2,328,61,0,0,0,1,0,0,0,0,0,0,0,14,11.0,15.4,6.0,3.2,2,1,2,5,1,0.00,0.16,0.16,1.52,2,False
2,329,28,0,0,0,0,0,0,0,0,0,0,0,5,3.2,1.9,6.0,1.1,0,0,1,1,0,0.00,0.09,0.09,0.11,1,False
2,330,90,0,0,0,1,0,0,0,0,0,0,0,10,7.4,4.8,2.0,1.4,2,1,0,3,1,0.00,0.04,0.04,1.63,2,False
2,331,0,0,0,0,0,0,0,0,0,0,0,0,0,0.0,0.0,0.0,0.0,0,0,0,0,0,0.00,0.00,0.00,0.00,0,False
2,332,90,0,0,0,1,0,0,0,1,0,0,0,19,11.8,65.9,2.0,8.0,3,8,1,12,1,0.00,0.44,0.44,1.63,3,False
2,333,0,0,0,0,0,0,0,0,0,0,0,0,0,0.0,0.0,0.0,0.0,0,0,0,0,0,0.00,0.00,0.00,0.00,0,False
2,334,0,0,0,0,0,0,0,0,0,0,0,0,0,0.0,0.0,0.0,0.0,0,0,0,0,0,0.00,0.00,0.00,0.00,0,False
2,335,70,0,0,0,1,0,0,0,0,0,0,0,1,5.0,1.3,23.0,2.9,0,1,1,2,1,0.17,0.01,0.18,1.52,2,False
2,336,0,0,0,0,0,0,0,0,0,0,0,0,0,0.0,0.0,0.0,0.0,0,0,0,0,0,0.00,0.00,0.00,0.00,0,False
2,337,19,0,0,0,0,0,0,0,0,0,0,0,0,1.0,2.3,2.0,0.5,1,1,0,2,0,0.00,0.00,0.00,0.11,1,False
2,338,70,0,0,0,1,1,0,0,0,0,0,0,-3,0.0,10.3,24.0,3.1,2,3,1,6,1,0.37,0.00,0.37,1.52,0,False
2,339,0,0,0,0,0,0,0,0,0,0,0,0,0,0.0,0.0,0.0,0.0,0,0,0,0,0,0.00,0.00,0.00,0.00,0,False
2,340,0,0,0,0,0,0,0,0,0,0,0,0,0,0.0,0.0,0.0,0.0,0,0,0,0,0,0.00,0.00,0.00,0.00,0,False
2,341,0,0,0,0,0,0,0,0,0,0,0,0,0,0.0,0.0,0.0,0.0,0,0,0,0,0,0.00,0.00,0.00,0.00,0,False
2,342,82,0,0,0,4,0,0,0,1,0,0,0,-9,3.8,0.2,4.0,0.8,3,5,1,4,1,0.00,0.00,0.00,2.09,-1,False
2,343,90,0,0,0,5,0,0,0,0,0,0,0,-1,16.6,0.3,17.0,3.4,4,3,2,6,1,0.10,0.00,0.10,2.88,0,False
2,344,0,0,0,0,0,0,0,0,0,0,0,0,0,0.0,0.0,0.0,0.0,0,0,0,0,0,0.00,0.00,0.00,0.00,0,False
2,345,0,0,0,0,0,0,0,0,0,0,0,0,0,0.0,0.0,0.0,0.0,0,0,0,0,0,0.00,0.00,0.00,0.00,0,False
2,346,7,0,0,0,1,0,0,0,0,0,0,0,-2,0.0,0.0,0.0,0.0,0,0,0,0,0,0.00,0.00,0.00,0.79,1,False
2,347,90,0,0,0,5,0,0,0,1,0,0,0,-19,9.4,0.5,0.0,1.0,5,1,3,8,1,0.00,0.00,0.00,2.88,-1,False
2,348,90,0,0,0,5,0,0,0,0,0,0,0,-2,29.0,0.1,0.0,2.9,13,2,1,14,1,0.00,0.00,0.00,2.88,2,False
2,349,0,0,0,0,0,0,0,0,0,0,0,0,0,0.0,0.0,0.0,0.0,0,0,0,0,0,0.00,0.00,0.00,0.00,0,False
2,350,24,0,0,0,1,0,0,0,0,0,0,0,6,2.2,0.4,0.0,0.3,0,2,1,3,0,0.00,0.04,0.04,0.87,1,False
2,351,65,0,0,0,4,0,0,0,0,0,0,0,10,7.2,1.5,2.0,1.1,0,2,4,6,1,0.00,0.00,0.00,2.01,2,False
2,352,0,0,0,0,0,0,0,0,0,0,0,0,0,0.0,0.0,0.0,0.0,0,0,0,0,0,0.00,0.00,0.00,0.00,0,False
2,353,65,0,0,0,4,0,0,0,0,0,0,0,9,1.6,0.3,9.0,1.1,0,4,0,4,1,0.07,0.00,0.07,2.01,2,False
2,354,0,0,0,0,0,0,0,0,0,0,0,0,0,0.0,0.0,0.0,0.0,0,0,0,0,0,0.00,0.00,0.00,0.00,0,False
2,355,0,0,0,0,0,0,0,0,0,0,0,0,0,0.0,0.0,0.0,0.0,0,0,0,0,0,0.00,0.00,0.00,0.00,0,False
2,356,90,0,0,0,5,0,0,0,0,0,0,0,15,9.4,0.7,0.0,1.0,2,3,1,6,1,0.00,0.00,0.00,2.88,2,False
2,357,0,0,0,0,0,0,0,0,0,0,0,0,0,0.0,0.0,0.0,0.0,0,0,0,0,0,0.00,0.00,0.00,0.00,0,False
2,358,57,0,0,0,4,0,0,0,0,0,0,0,2,0.0,3.3,0.0,0.3,0,2,0,2,1,0.00,0.00,0.00,1.85,1,False
2,359,0,0,0,0,0,0,0,0,0,0,0,0,0,0.0,0.0,0.0,0.0,0,0,0,0,0,0.00,0.00,0.00,0.00,0,False
2,360,0,0,0,0,0,0,0,0,0,0,0,0,0,0.0,0.0,0.0,0.0,0,0,0,0,0,0.00,0.00,0.00,0.00,0,False
2,361,0,0,0,0,0,0,0,0,0,0,0,0,0,0.0,0.0,0.0,0.0,0,0,0,0,0,0.00,0.00,0.00,0.00,0,False
2,362,57,0,0,0,4,0,0,0,0,0,0,0,3,0.0,1.3,0.0,0.1,0,1,0,1,1,0.00,0.00,0.00,1.85,1,False
2,363,0,0,0,0,0,0,0,0,0,0,0,0,0,0.0,0.0,0.0,0.0,0,0,0,0,0,0.00,0.00,0.00,0.00,0,False
2,364,0,0,0,0,0,0,0,0,0,0,0,0,0,0.0,0.0,0.0,0.0,0,0,0,0,0,0.00,0.00,0.00,0.00,0,False
2,365,32,0,0,0,1,0,0,0,0,0,0,0,3,0.0,0.1,0.0,0.0,0,0,0,0,0,0.00,0.00,0.00,1.03,1,False
2,366,90,0,0,0,2,0,0,0,0,0,1,0,7,14.4,0.0,0.0,1.4,5,10,0,0,1,0.00,0.00,0.00,0.93,1,False
2,367,0,0,0,0,0,0,0,0,0,0,0,0,0,0.0,0.0,0.0,0.0,0,0,0,0,0,0.00,0.00,0.00,0.00,0,False
2,368,0,0,0,0,0,0,0,0,0,0,0,0,0,0.0,0.0,0.0,0.0,0,0,0,0,0,0.00,0.00,0.00,0.00,0,False
2,369,0,0,0,0,0,0,0,0,0,0,0,0,0,0.0,0.0,0.0,0.0,0,0,0,0,0,0.00,0.00,0.00,0.00,0,False
2,370,0,0,0,0,0,0,0,0,0,0,0,0,0,0.0,0.0,0.0,0.0,0,0,0,0,0,0.00,0.00,0.00,0.00,0,False
2,371,90,0,0,0,2,0,0,0,0,0,0,0,7,17.6,1.1,0.0,1.9,7,4,2,9,1,0.00,0.00,0.00,0.93,1,False
2,372,0,0,0,0,0,0,0,0,0,0,0,0,0,0.0,0.0,0.0,0.0,0,0,0,0,0,0.00,0.00,0.00,0.00,0,False
2,373,90,0,0,0,2,0,0,0,0,0,0,0,10,38.6,0.3,0.0,3.9,15,1,0,15,1,0.00,0.00,0.00,0.93,3,False
2,374,90,0,0,0,2,0,0,0,1,0,0,0,5,13.2,1.0,0.0,1.4,5,1,1,6,1,0.00,0.01,0.01,0.93,0,False
2,375,10,0,0,0,1,0,0,0,1,0,0,0,-7,4.0,1.3,2.0,0.7,1,0,0,1,0,0.00,0.01,0.01,0.16,0,False
2,376,0,0,0,0,0,0,0,0,0,0,0,0,0,0.0,0.0,0.0,0.0,0,0,0,0,0,0.00,0.00,0.00,0.00,0,False
2,377,0,0,0,0,0,0,0,0,0,0,0,0,0,0.0,0.0,0.0,0.0,0,0,0,0,0,0.00,0.00,0.00,0.00,0,False
2,378,0,0,0,0,0,0,0,0,0,0,0,0,0,0.0,0.0,0.0,0.0,0,0,0,0,0,0.00,0.00,0.00,0.00,0,False
2,379,0,0,0,0,0,0,0,0,0,0,0,0,0,0.0,0.0,0.0,0.0,0,0,0,0,0,0.00,0.00,0.00,0.00,0,False
2,380,0,0,0,0,0,0,0,0,0,0,0,0,0,0.0,0.0,0.0,0.0,0,0,0,0,0,0.00,0.00,0.00,0.00,0,False
2,381,90,0,1,0,2,0,0,0,0,0,0,0,24,21.0,28.3,6.0,5.5,1,1,0,2,1,0.00,0.21,0.21,0.93,5,False
2,382,79,0,0,0,1,0,0,0,0,0,0,0,9,1.8,10.2,19.0,3.1,0,2,1,3,1,0.05,0.10,0.14,0.78,2,False
2,383,0,0,0,0,0,0,0,0,0,0,0,0,0,0.0,0.0,0.0,0.0,0,0,0,0,0,0.00,0.00,0.00,0.00,0,False
2,384,90,0,2,0,2,0,0,0,0,0,0,2,29,39.4,22.3,8.0,7.0,2,4,3,9,1,0.06,0.07,0.13,0.93,10,False
2,385,10,0,0,0,1,0,0,0,0,0,0,0,2,1.2,0.3,0.0,0.2,1,0,0,1,0,0.00,0.00,0.00,0.16,1,False
2,386,0,0,0,0,0,0,0,0,0,0,0,0,0,0.0,0.0,0.0,0.0,0,0,0,0,0,0.00,0.00,0.00,0.00,0,False
2,387,90,0,0,0,2,0,0,0,0,0,0,0,13,9.6,2.4,2.0,1.4,4,4,1,9,1,0.00,0.01,0.01,0.93,2,False
2,388,90,0,0,0,2,0,0,0,0,0,0,0,16,12.4,7.8,0.0,2.0,0,6,4,10,1,0.00,0.02,0.02,0.93,2,False
2,389,1,0,0,0,0,0,0,0,0,0,0,0,2,0.2,0.8,0.0,0.1,0,0,0,0,0,0.00,0.00,0.00,0.00,1,False
2,390,90,1,0,0,2,0,0,0,1,0,0,1,28,40.6,6.3,7.0,5.4,3,4,1,8,1,0.02,0.01,0.03,0.93,7,False
2,391,0,0,0,0,0,0,0,0,0,0,0,0,0,0.0,0.0,0.0,0.0,0,0,0,0,0,0.00,0.00,0.00,0.00,0,False
2,392,1,0,0,0,0,0,0,0,0,0,0,0,3,0.0,0.0,0.0,0.0,0,0,0,0,0,0.00,0.00,0.00,0.00,1,False
2,393,0,0,0,0,0,0,0,0,0,0,0,0,0,0.0,0.0,0.0,0.0,0,0,0,0,0,0.00,0.00,0.00,0.00,0,False
2,394,0,0,0,0,0,0,0,0,0,0,0,0,0,0.0,0.0,0.0,0.0,0,0,0,0,0,0.00,0.00,0.00,0.00,0,False
2,395,0,0,0,0,0,0,0,0,0,0,0,0,0,0.0,0.0,0.0,0.0,0,0,0,0,0,0.00,0.00,0.00,0.00,0,False
2,396,0,0,0,0,0,0,0,0,0,0,0,0,0,0.0,0.0,0.0,0.0,0,0,0,0,0,0.00,0.00,0.00,0.00,0,False
2,397,0,0,0,0,0,0,0,0,0,0,0,0,0,0.0,0.0,0.0,0.0,0,0,0,0,0,0.00,0.00,0.00,0.00,0,False
2,398,0,0,0,0,0,0,0,0,0,0,0,0,0,0.0,0.0,0.0,0.0,0,0,0,0,0,0.00,0.00,0.00,0.00,0,False
2,399,0,0,0,0,0,0,0,0,0,0,0,0,0,0.0,0.0,0.0,0.0,0,0,0,0,0,0.00,0.00,0.00,0.00,0,False
2,400,0,0,0,0,0,0,0,0,0,0,0,0,0,0.0,0.0,0.0,0.0,0,0,0,0,0,0.00,0.00,0.00,0.00,0,False
2,401,0,0,0,0,0,0,0,0,0,0,0,0,0,0.0,0.0,0.0,0.0,0,0,0,0,0,0.00,0.00,0.00,0.00,0,False
2,402,22,0,0,0,0,0,0,0,0,0,0,0,2,0.0,0.4,0.0,0.0,0,2,0,0,1,0.00,0.00,0.00,0.08,1,False
2,403,0,0,0,0,0,0,0,0,0,0,0,0,0,0.0,0.0,0.0,0.0,0,0,0,0,0,0.00,0.00,0.00,0.00,0,False
2,404,0,0,0,0,0,0,0,0,0,0,0,0,0,0.0,0.0,0.0,0.0,0,0,0,0,0,0.00,0.00,0.00,0.00,0,False
2,405,67,0,0,0,2,0,0,0,0,0,0,0,9,15.2,9.8,5.0,3.0,4,2,1,5,0,0.14,0.12,0.26,1.03,1,False
2,406,0,0,0,0,0,0,0,0,0,0,0,0,0,0.0,0.0,0.0,0.0,0,0,0,0,0,0.00,0.00,0.00,0.00,0,False
2,407,0,0,0,0,0,0,0,0,0,0,0,0,0,0.0,0.0,0.0,0.0,0,0,0,0,0,0.00,0.00,0.00,0.00,0,False
2,408,90,0,0,0,2,0,0,0,0,0,0,0,5,18.2,1.6,0.0,2.0,5,2,2,7,1,0.00,0.01,0.01,1.11,1,False
2,409,90,0,0,0,2,0,0,0,0,0,0,0,9,23.8,1.8,0.0,2.6,8,4,0,8,1,0.00,0.02,0.02,1.11,1,False
2,410,90,0,0,0,2,0,0,0,0,0,0,0,3,16.4,14.8,5.0,3.6,4,3,2,6,1,0.02,0.08,0.10,1.11,1,False
2,411,0,0,0,0,0,0,0,0,0,0,0,0,0,0.0,0.0,0.0,0.0,0,0,0,0,0,0.00,0.00,0.00,0.00,0,False
2,412,0,0,0,0,0,0,0,0,0,0,0,0,0,0.0,0.0,0.0,0.0,0,0,0,0,0,0.00,0.00,0.00,0.00,0,False
2,413,53,0,0,0,2,0,0,0,0,0,0,0,7,13.0,2.8,36.0,5.2,2,1,1,4,1,0.65,0.01,0.66,0.62,1,False
2,414,15,0,0,0,0,0,0,0,0,0,0,0,8,5.6,14.3,12.0,3.2,0,3,0,3,0,0.18,0.02,0.20,0.36,1,False
2,415,0,0,0,0,0,0,0,0,0,0,0,0,0,0.0,0.0,0.0,0.0,0,0,0,0,0,0.00,0.00,0.00,0.00,0,False
2,416,36,0,0,0,0,0,0,0,0,0,0,0,2,3.2,2.9,4.0,1.0,2,1,0,3,0,0.00,0.02,0.02,0.49,1,False
2,417,53,0,0,0,2,0,0,0,0,0,0,0,10,14.4,25.5,8.0,4.8,1,3,4,8,1,0.00,0.44,0.44,0.62,1,False
2,418,36,0,0,0,0,0,0,0,0,0,0,0,1,2.2,12.0,8.0,2.2,0,1,0,1,0,0.00,0.25,0.25,0.49,1,False
2,419,90,0,2,1,0,0,0,0,0,0,0,2,37,48.2,35.3,12.0,9.6,1,7,3,11,1,0.01,0.70,0.71,2.43,11,True
2,420,0,0,0,0,0,0,0,0,0,0,0,0,0,0.0,0.0,0.0,0.0,0,0,0,0,0,0.00,0.00,0.00,0.00,0,False
2,421,15,0,0,0,0,0,0,0,0,0,0,0,7,5.4,11.4,17.0,3.4,0,4,1,5,0,0.05,0.02,0.07,0.36,1,False
2,422,0,0,0,0,0,0,0,0,0,0,0,0,0,0.0,0.0,0.0,0.0,0,0,0,0,0,0.00,0.00,0.00,0.00,0,False
2,423,74,0,0,0,2,0,0,0,1,0,0,0,15,10.4,6.7,0.0,1.7,1,2,3,6,1,0.00,0.02,0.02,0.75,1,False
2,424,74,0,0,0,2,0,0,0,0,0,0,0,12,11.8,30.1,14.0,5.6,0,2,3,5,1,0.00,0.21,0.21,0.75,2,False
2,425,0,0,0,0,0,0,0,0,0,0,0,0,0,0.0,0.0,0.0,0.0,0,0,0,0,0,0.00,0.00,0.00,0.00,0,False
2,426,18,0,0,0,0,0,0,0,0,0,0,0,4,1.4,11.3,2.0,1.5,0,0,0,0,0,0.00,0.03,0.03,0.00,1,False
2,427,90,0,0,0,2,0,0,0,0,0,0,0,12,5.4,5.1,4.0,1.5,0,4,1,5,1,0.04,0.04,0.08,1.11,2,False
2,428,0,0,0,0,0,0,0,0,0,0,0,0,0,0.0,0.0,0.0,0.0,0,0,0,0,0,0.00,0.00,0.00,0.00,0,False
2,429,0,0,0,0,0,0,0,0,0,0,0,0,0,0.0,0.0,0.0,0.0,0,0,0,0,0,0.00,0.00,0.00,0.00,0,False
2,430,90,0,0,0,2,0,0,0,0,0,0,0,6,1.4,15.2,15.0,3.2,1,3,0,4,1,0.47,0.30,0.77,1.11,2,False
2,431,90,0,0,0,1,0,0,0,0,0,2,0,13,16.0,10.0,0.0,2.6,0,6,0,0,1,0.00,0.03,0.03,1.76,2,False
2,432,0,0,0,0,0,0,0,0,0,0,0,0,0,0.0,0.0,0.0,0.0,0,0,0,0,0,0.00,0.00,0.00,0.00,0,False
2,433,0,0,0,0,0,0,0,0,0,0,0,0,0,0.0,0.0,0.0,0.0,0,0,0,0,0,0.00,0.00,0.00,0.00,0,False
2,434,0,0,0,0,0,0,0,0,0,0,0,0,0,0.0,0.0,0.0,0.0,0,0,0,0,0,0.00,0.00,0.00,0.00,0,False
2,435,0,0,0,0,0,0,0,0,0,0,0,0,0,0.0,0.0,0.0,0.0,0,0,0,0,0,0.00,0.00,0.00,0.00,0,False
2,436,90,0,0,0,1,0,0,0,0,0,0,3,24,29.0,0.2,0.0,2.9,10,2,1,11,1,0.00,0.01,0.01,1.76,7,False
2,437,0,0,0,0,0,0,0,0,0,0,0,0,0,0.0,0.0,0.0,0.0,0,0,0,0,0,0.00,0.00,0.00,0.00,0,False
2,438,0,0,0,0,0,0,0,0,0,0,0,0,0,0.0,0.0,0.0,0.0,0,0,0,0,0,0.00,0.00,0.00,0.00,0,False
2,439,0,0,0,0,0,0,0,0,0,0,0,0,0,0.0,0.0,0.0,0.0,0,0,0,0,0,0.00,0.00,0.00,0.00,0,False
2,440,38,0,0,0,1,0,0,0,0,0,0,0,-4,0.0,4.8,10.0,1.4,1,1,1,2,0,0.01,0.01,0.02,0.86,1,False
2,441,90,0,0,0,1,0,0,0,0,0,0,0,4,4.8,4.5,6.0,1.5,4,1,0,4,1,0.00,0.04,0.04,1.76,2,False
2,442,3,0,0,0,0,0,0,0,0,0,0,0,2,0.2,0.0,4.0,0.4,1,0,0,1,0,0.10,0.00,0.10,0.03,1,False
2,443,86,0,0,0,1,0,0,0,0,0,0,0,5,9.6,2.8,0.0,1.2,4,1,1,5,1,0.00,0.01,0.01,1.73,2,False
2,444,86,0,1,0,1,0,0,0,0,0,0,1,22,15.0,11.3,9.0,3.5,6,1,2,8,1,0.18,0.01,0.19,1.73,6,False
2,445,0,0,0,0,0,0,0,0,0,0,0,0,0,0.0,0.0,0.0,0.0,0,0,0,0,0,0.00,0.00,0.00,0.00,0,False
2,446,0,0,0,0,0,0,0,0,0,0,0,0,0,0.0,0.0,0.0,0.0,0,0,0,0,0,0.00,0.00,0.00,0.00,0,False
2,447,3,0,0,0,0,0,0,0,0,0,0,0,3,2.0,0.0,0.0,0.2,1,0,0,1,0,0.00,0.00,0.00,0.03,1,False
2,448,0,0,0,0,0,0,0,0,0,0,0,0,0,0.0,0.0,0.0,0.0,0,0,0,0,0,0.00,0.00,0.00,0.00,0,False
2,449,90,0,0,0,1,0,0,1,0,0,0,0,12,21.0,17.3,13.0,5.1,3,8,2,13,1,0.82,0.04,0.86,1.76,2,False
2,450,90,0,0,0,1,0,0,0,0,0,0,0,5,8.6,14.9,22.0,4.6,1,2,1,4,1,0.39,0.02,0.41,1.76,2,False
2,451,0,0,0,0,0,0,0,0,0,0,0,0,0,0.0,0.0,0.0,0.0,0,0,0,0,0,0.00,0.00,0.00,0.00,0,False
2,452,51,0,0,0,0,0,0,0,0,0,0,0,7,11.4,3.4,22.0,3.7,2,2,2,6,1,0.14,0.02,0.16,0.90,1,False
2,453,0,0,0,0,0,0,0,0,0,0,0,0,0,0.0,0.0,0.0,0.0,0,0,0,0,0,0.00,0.00,0.00,0.00,0,False
2,454,0,0,0,0,0,0,0,0,0,0,0,0,0,0.0,0.0,0.0,0.0,0,0,0,0,0,0.00,0.00,0.00,0.00,0,False
2,455,68,0,0,1,0,0,0,0,0,0,0,0,10,6.4,28.5,6.0,4.1,0,1,2,3,1,0.00,0.19,0.19,1.06,3,False
2,456,0,0,0,0,0,0,0,0,0,0,0,0,0,0.0,0.0,0.0,0.0,0,0,0,0,0,0.00,0.00,0.00,0.00,0,False
2,457,52,0,0,0,0,0,0,0,1,0,0,0,4,7.8,0.5,2.0,1.0,2,3,2,7,1,0.00,0.00,0.00,0.90,0,False
2,458,0,0,0,0,0,0,0,0,0,0,0,0,0,0.0,0.0,0.0,0.0,0,0,0,0,0,0.00,0.00,0.00,0.00,0,False
2,459,21,0,0,0,1,0,0,0,0,0,0,0,7,8.6,0.8,0.0,0.9,2,0,3,5,0,0.00,0.00,0.00,0.70,1,False
2,460,0,0,0,0,0,0,0,0,0,0,0,0,0,0.0,0.0,0.0,0.0,0,0,0,0,0,0.00,0.00,0.00,0.00,0,False
2,461,0,0,0,0,0,0,0,0,0,0,0,0,0,0.0,0.0,0.0,0.0,0,0,0,0,0,0.00,0.00,0.00,0.00,0,False
2,462,0,0,0,0,0,0,0,0,0,0,0,0,0,0.0,0.0,0.0,0.0,0,0,0,0,0,0.00,0.00,0.00,0.00,0,False
2,463,0,0,0,0,0,0,0,0,0,0,0,0,0,0.0,0.0,0.0,0.0,0,0,0,0,0,0.00,0.00,0.00,0.00,0,False
2,464,0,0,0,0,0,0,0,0,0,0,0,0,0,0.0,0.0,0.0,0.0,0,0,0,0,0,0.00,0.00,0.00,0.00,0,False
2,465,0,0,0,0,0,0,0,0,0,0,0,0,0,0.0,0.0,0.0,0.0,0,0,0,0,0,0.00,0.00,0.00,0.00,0,False
2,466,0,0,0,0,0,0,0,0,0,0,0,0,0,0.0,0.0,0.0,0.0,0,0,0,0,0,0.00,0.00,0.00,0.00,0,False
2,467,0,0,0,0,0,0,0,0,0,0,0,0,0,0.0,0.0,0.0,0.0,0,0,0,0,0,0.00,0.00,0.00,0.00,0,False
2,468,0,0,0,0,0,0,0,0,0,0,0,0,0,0.0,0.0,0.0,0.0,0,0,0,0,0,0.00,0.00,0.00,0.00,0,False
2,469,90,0,1,0,3,0,0,0,0,0,1,0,7,10.0,0.0,0.0,1.0,1,4,0,0,1,0.00,0.00,0.00,0.70,4,False
2,470,90,0,0,1,0,0,0,0,0,0,1,0,25,10.8,0.0,0.0,1.1,2,11,0,0,1,0.00,0.00,0.00,0.77,6,False
2,471,0,0,0,0,0,0,0,0,0,0,0,0,0,0.0,0.0,0.0,0.0,0,0,0,0,0,0.00,0.00,0.00,0.00,0,False
2,472,0,0,0,0,0,0,0,0,0,0,0,0,0,0.0,0.0,0.0,0.0,0,0,0,0,0,0.00,0.00,0.00,0.00,0,False
2,473,14,0,0,0,1,0,0,0,0,0,0,0,1,7.4,0.5,0.0,0.8,4,1,1,5,0,0.00,0.00,0.00,0.37,1,False
2,474,80,0,0,0,2,0,0,0,0,0,0,0,5,15.2,0.3,6.0,2.2,5,3,3,8,1,0.00,0.00,0.00,0.33,1,False
2,475,0,0,0,0,0,0,0,0,0,0,0,0,0,0.0,0.0,0.0,0.0,0,0,0,0,0,0.00,0.00,0.00,0.00,0,False
2,476,90,0,0,0,3,0,0,0,1,0,0,0,-2,20.4,14.3,12.0,4.7,11,2,1,12,1,0.01,0.07,0.08,0.70,2,False
2,477,90,0,1,0,3,0,0,0,0,0,0,0,12,24.8,15.3,4.0,4.4,1,3,0,1,1,0.00,0.20,0.20,0.70,4,False
2,478,75,0,0,0,2,0,0,0,0,0,0,0,-2,0.0,11.6,0.0,1.1,0,4,0,0,1,0.00,0.08,0.08,0.33,1,False
2,479,0,0,0,0,0,0,0,0,0,0,0,0,0,0.0,0.0,0.0,0.0,0,0,0,0,0,0.00,0.00,0.00,0.00,0,False
2,480,0,0,0,0,0,0,0,0,0,0,0,0,0,0.0,0.0,0.0,0.0,0,0,0,0,0,0.00,0.00,0.00,0.00,0,False
2,481,0,0,0,0,0,0,0,0,0,0,0,0,0,0.0,0.0,0.0,0.0,0,0,0,0,0,0.00,0.00,0.00,0.00,0,False
2,482,0,0,0,0,0,0,0,0,0,0,0,0,0,0.0,0.0,0.0,0.0,0,0,0,0,0,0.00,0.00,0.00,0.00,0,False
2,483,0,0,0,0,0,0,0,0,0,0,0,0,0,0.0,0.0,0.0,0.0,0,0,0,0,0,0.00,0.00,0.00,0.00,0,False
2,484,0,0,0,0,0,0,0,0,0,0,0,0,0,0.0,0.0,0.0,0.0,0,0,0,0,0,0.00,0.00,0.00,0.00,0,False
2,485,47,0,0,0,3,0,0,0,0,1,0,0,-6,0.0,11.2,45.0,5.4,0,3,0,3,1,0.48,0.02,0.50,0.07,-2,False
2,486,90,0,0,0,3,0,0,0,0,0,0,0,7,6.6,14.8,10.0,3.1,1,0,0,1,1,0.00,0.06,0.06,0.70,2,False
2,487,75,0,0,0,2,0,0,0,0,0,0,0,10,4.2,15.8,2.0,2.2,0,2,0,2,1,0.00,0.36,0.36,0.33,2,False
2,488,90,1,0,0,3,0,0,0,1,0,0,0,22,37.0,8.3,17.0,6.2,0,8,3,11,1,0.17,0.02,0.19,0.70,6,False
2,489,0,0,0,0,0,0,0,0,0,0,0,0,0,0.0,0.0,0.0,0.0,0,0,0,0,0,0.00,0.00,0.00,0.00,0,False
2,490,75,0,0,0,2,0,0,0,0,0,0,0,7,6.6,0.4,7.0,1.4,2,3,2,7,1,0.03,0.00,0.03,0.33,2,False
2,491,65,0,0,0,2,0,0,0,0,0,0,0,7,0.4,1.3,8.0,1.0,2,3,0,5,1,0.09,0.01,0.10,0.33,2,False
2,492,0,0,0,0,0,0,0,0,0,0,0,0,0,0.0,0.0,0.0,0.0,0,0,0,0,0,0.00,0.00,0.00,0.00,0,False
2,493,32,0,0,0,1,0,0,0,0,0,0,0,2,1.4,0.4,0.0,0.2,1,1,0,2,0,0.00,0.00,0.00,1.03,1,False
2,494,0,0,0,0,0,0,0,0,0,0,0,0,0,0.0,0.0,0.0,0.0,0,0,0,0,0,0.00,0.00,0.00,0.00,0,False
2,495,0,0,0,0,0,0,0,0,0,0,0,0,0,0.0,0.0,0.0,0.0,0,0,0,0,0,0.00,0.00,0.00,0.00,0,False
2,496,0,0,0,0,0,0,0,0,0,0,0,0,0,0.0,0.0,0.0,0.0,0,0,0,0,0,0.00,0.00,0.00,0.00,0,False
2,497,24,0,0,0,1,0,0,0,0,0,0,0,3,2.2,0.3,2.0,0.5,0,1,1,2,0,0.03,0.00,0.03,0.37,1,False
2,498,0,0,0,0,0,0,0,0,0,0,0,0,0,0.0,0.0,0.0,0.0,0,0,0,0,0,0.00,0.00,0.00,0.00,0,False
2,499,0,0,0,0,0,0,0,0,0,0,0,0,0,0.0,0.0,0.0,0.0,0,0,0,0,0,0.00,0.00,0.00,0.00,0,False
2,500,14,1,0,0,1,0,0,0,0,0,0,0,27,31.0,0.3,17.0,4.8,0,0,0,0,0,0.13,0.00,0.13,0.37,5,False
2,501,0,0,0,0,0,0,0,0,0,0,0,0,0,0.0,0.0,0.0,0.0,0,0,0,0,0,0.00,0.00,0.00,0.00,0,False
2,502,90,0,0,0,1,0,0,0,1,0,3,0,11,21.6,0.0,0.0,2.2,0,13,0,0,1,0.00,0.00,0.00,1.10,2,False
2,503,0,0,0,0,0,0,0,0,0,0,0,0,0,0.0,0.0,0.0,0.0,0,0,0,0,0,0.00,0.00,0.00,0.00,0,False
2,504,0,0,0,0,0,0,0,0,0,0,0,0,0,0.0,0.0,0.0,0.0,0,0,0,0,0,0.00,0.00,0.00,0.00,0,False
2,505,90,0,0,0,1,0,0,0,0,0,0,0,14,15.8,0.8,2.0,1.9,6,2,1,7,1,0.00,0.02,0.02,1.10,2,False
2,506,90,0,0,0,1,0,0,0,1,0,0,0,3,14.4,5.3,0.0,2.0,4,5,2,6,1,0.00,0.16,0.16,1.10,1,False
2,507,90,0,0,0,1,0,0,0,1,0,0,0,5,12.4,1.9,0.0,1.4,5,10,1,6,1,0.00,0.01,0.01,1.10,1,False
2,508,90,0,0,0,1,0,0,0,0,0,0,0,18,7.8,3.5,6.0,1.7,0,6,3,3,1,0.00,0.02,0.02,1.10,2,False
2,509,0,0,0,0,0,0,0,0,0,0,0,0,0,0.0,0.0,0.0,0.0,0,0,0,0,0,0.00,0.00,0.00,0.00,0,False
2,510,0,0,0,0,0,0,0,0,0,0,0,0,0,0.0,0.0,0.0,0.0,0,0,0,0,0,0.00,0.00,0.00,0.00,0,False
2,511,0,0,0,0,0,0,0,0,0,0,0,0,0,0.0,0.0,0.0,0.0,0,0,0,0,0,0.00,0.00,0.00,0.00,0,False
2,512,0,0,0,0,0,0,0,0,0,0,0,0,0,0.0,0.0,0.0,0.0,0,0,0,0,0,0.00,0.00,0.00,0.00,0,False
2,513,0,0,0,0,0,0,0,0,0,0,0,0,0,0.0,0.0,0.0,0.0,0,0,0,0,0,0.00,0.00,0.00,0.00,0,False
2,514,0,0,0,0,0,0,0,0,0,0,0,0,0,0.0,0.0,0.0,0.0,0,0,0,0,0,0.00,0.00,0.00,0.00,0,False
2,515,81,0,0,0,1,0,0,0,0,0,0,0,7,0.0,20.5,4.0,2.2,0,1,0,1,1,0.11,0.10,0.21,1.10,2,False
2,516,71,1,0,0,1,0,0,0,0,0,0,3,26,35.6,3.3,24.0,6.3,1,1,1,3,1,0.31,0.02,0.33,1.10,10,False
2,517,90,0,0,0,1,0,0,0,0,0,0,0,13,17.2,21.5,0.0,3.9,1,7,3,11,1,0.00,0.03,0.03,1.10,2,False
2,518,0,0,0,0,0,0,0,0,0,0,0,0,0,0.0,0.0,0.0,0.0,0,0,0,0,0,0.00,0.00,0.00,0.00,0,False
2,519,0,0,0,0,0,0,0,0,0,0,0,0,0,0.0,0.0,0.0,0.0,0,0,0,0,0,0.00,0.00,0.00,0.00,0,False
2,520,0,0,0,0,0,0,0,0,0,0,0,0,0,0.0,0.0,0.0,0.0,0,0,0,0,0,0.00,0.00,0.00,0.00,0,False
2,521,87,0,0,0,1,0,0,0,0,0,0,0,14,9.4,3.3,1.0,1.4,4,3,1,8,1,0.01,0.01,0.02,1.10,2,False
2,522,2,0,0,0,0,0,0,0,0,0,0,0,3,2.6,1.8,0.0,0.4,1,0,0,1,0,0.00,0.00,0.00,0.00,1,False
2,523,0,0,0,0,0,0,0,0,0,0,0,0,0,0.0,0.0,0.0,0.0,0,0,0,0,0,0.00,0.00,0.00,0.00,0,False
2,524,0,0,0,0,0,0,0,0,0,0,0,0,0,0.0,0.0,0.0,0.0,0,0,0,0,0,0.00,0.00,0.00,0.00,0,False
2,525,87,0,0,0,1,0,0,0,0,0,0,0,3,0.0,11.0,13.0,2.0,0,0,0,0,1,0.23,0.06,0.29,1.10,2,False
2,526,2,0,0,0,0,0,0,0,0,0,0,0,1,0.0,0.3,6.0,0.4,0,0,0,0,0,0.07,0.00,0.07,0.00,1,False
2,527,0,0,0,0,0,0,0,0,0,0,0,0,0,0.0,0.0,0.0,0.0,0,0,0,0,0,0.00,0.00,0.00,0.00,0,False
2,528,0,0,0,0,0,0,0,0,0,0,0,0,0,0.0,0.0,0.0,0.0,0,0,0,0,0,0.00,0.00,0.00,0.00,0,False
2,529,0,0,0,0,0,0,0,0,0,0,0,0,0,0.0,0.0,0.0,0.0,0,0,0,0,0,0.00,0.00,0.00,0.00,0,False
2,530,0,0,0,0,0,0,0,0,0,0,0,0,0,0.0,0.0,0.0,0.0,0,0,0,0,0,0.00,0.00,0.00,0.00,0,False
2,531,8,0,0,0,0,0,0,0,0,0,0,0,8,5.2,10.3,2.0,1.8,2,0,0,2,1,0.00,0.17,0.17,0.00,1,False
2,532,90,0,0,0,2,0,0,0,0,0,0,0,5,10.6,14.0,2.0,2.7,1,3,2,3,1,0.03,0.03,0.06,1.00,1,False
2,533,0,0,0,0,0,0,0,0,0,0,0,0,0,0.0,0.0,0.0,0.0,0,0,0,0,0,0.00,0.00,0.00,0.00,0,False
2,534,0,0,0,0,0,0,0,0,0,0,0,0,0,0.0,0.0,0.0,0.0,0,0,0,0,0,0.00,0.00,0.00,0.00,0,False
2,535,0,0,0,0,0,0,0,0,0,0,0,0,0,0.0,0.0,0.0,0.0,0,0,0,0,0,0.00,0.00,0.00,0.00,0,False
2,536,0,0,0,0,0,0,0,0,0,0,0,0,0,0.0,0.0,0.0,0.0,0,0,0,0,0,0.00,0.00,0.00,0.00,0,False
2,537,0,0,0,0,0,0,0,0,0,0,0,0,0,0.0,0.0,0.0,0.0,0,0,0,0,0,0.00,0.00,0.00,0.00,0,False
2,538,0,0,0,0,0,0,0,0,0,0,0,0,0,0.0,0.0,0.0,0.0,0,0,0,0,0,0.00,0.00,0.00,0.00,0,False
2,539,0,0,0,0,0,0,0,0,0,0,0,0,0,0.0,0.0,0.0,0.0,0,0,0,0,0,0.00,0.00,0.00,0.00,0,False
2,540,0,0,0,0,0,0,0,0,0,0,0,0,0,0.0,0.0,0.0,0.0,0,0,0,0,0,0.00,0.00,0.00,0.00,0,False
2,541,90,0,0,0,2,0,0,0,0,0,0,0,14,29.4,10.4,0.0,4.0,7,3,5,12,1,0.00,0.02,0.02,1.00,3,False
2,542,81,0,0,0,2,0,0,0,0,0,0,0,5,18.4,1.8,0.0,2.0,4,2,2,6,0,0.00,0.01,0.01,1.00,1,False
2,543,62,0,0,0,1,0,0,0,1,0,0,0,7,8.2,19.5,0.0,2.8,3,2,0,5,1,0.00,0.09,0.09,0.34,1,False
2,544,79,0,0,0,1,0,0,0,0,0,0,0,7,3.6,16.6,4.0,2.4,1,2,0,3,1,0.00,0.04,0.04,0.34,2,False
2,545,27,0,0,0,1,0,0,0,0,0,0,0,4,1.8,7.3,5.0,1.4,0,1,0,1,0,0.03,0.02,0.05,0.66,1,False
2,546,0,0,0,0,0,0,0,0,0,0,0,0,0,0.0,0.0,0.0,0.0,0,0,0,0,0,0.00,0.00,0.00,0.00,0,False
2,547,27,0,0,0,1,0,0,0,0,0,0,0,15,9.0,23.4,4.0,3.6,0,6,2,8,0,0.04,0.05,0.09,0.66,1,False
2,548,0,0,0,0,0,0,0,0,0,0,0,0,0,0.0,0.0,0.0,0.0,0,0,0,0,0,0.00,0.00,0.00,0.00,0,False
2,549,0,0,0,0,0,0,0,0,0,0,0,0,0,0.0,0.0,0.0,0.0,0,0,0,0,0,0.00,0.00,0.00,0.00,0,False
2,550,0,0,0,0,0,0,0,0,0,0,0,0,0,0.0,0.0,0.0,0.0,0,0,0,0,0,0.00,0.00,0.00,0.00,0,False
2,551,0,0,0,0,0,0,0,0,0,0,0,0,0,0.0,0.0,0.0,0.0,0,0,0,0,0,0.00,0.00,0.00,0.00,0,False
2,552,90,0,0,0,2,0,0,0,0,0,0,0,13,9.4,9.5,4.0,2.3,2,0,2,4,1,0.00,0.08,0.08,1.00,2,False
2,553,62,0,0,0,1,0,0,0,0,0,0,0,3,1.8,16.3,4.0,2.2,0,2,0,2,1,0.23,0.01,0.24,0.34,2,False
2,554,0,0,0,0,0,0,0,0,0,0,0,0,0,0.0,0.0,0.0,0.0,0,0,0,0,0,0.00,0.00,0.00,0.00,0,False
2,555,0,0,0,0,0,0,0,0,0,0,0,0,0,0.0,0.0,0.0,0.0,0,0,0,0,0,0.00,0.00,0.00,0.00,0,False
2,556,0,0,0,0,0,0,0,0,0,0,0,0,0,0.0,0.0,0.0,0.0,0,0,0,0,0,0.00,0.00,0.00,0.00,0,False
2,557,0,0,0,0,0,0,0,0,0,0,0,0,0,0.0,0.0,0.0,0.0,0,0,0,0,0,0.00,0.00,0.00,0.00,0,False
2,558,0,0,0,0,0,0,0,0,0,0,0,0,0,0.0,0.0,0.0,0.0,0,0,0,0,0,0.00,0.00,0.00,0.00,0,False
2,559,0,0,0,0,0,0,0,0,0,0,0,0,0,0.0,0.0,0.0,0.0,0,0,0,0,0,0.00,0.00,0.00,0.00,0,False
2,560,27,0,0,0,1,0,0,0,0,0,0,0,0,0.0,0.0,4.0,0.4,0,0,0,0,0,0.00,0.00,0.00,0.66,1,False
2,561,62,0,0,0,1,0,0,0,0,0,0,0,3,11.2,0.3,19.0,3.1,2,2,1,5,1,0.30,0.00,0.30,0.34,2,False
2,562,0,0,0,0,0,0,0,0,0,0,0,0,0,0.0,0.0,0.0,0.0,0,0,0,0,0,0.00,0.00,0.00,0.00,0,False
2,563,0,0,0,0,0,0,0,0,0,0,0,0,0,0.0,0.0,0.0,0.0,0,0,0,0,0,0.00,0.00,0.00,0.00,0,False
2,564,0,0,0,0,0,0,0,0,0,0,0,0,0,0.0,0.0,0.0,0.0,0,0,0,0,0,0.00,0.00,0.00,0.00,0,False
2,565,90,0,0,1,0,0,0,0,0,0,4,2,30,28.4,0.0,0.0,2.8,1,6,0,0,1,0.00,0.01,0.01,1.55,9,False
2,566,0,0,0,0,0,0,0,0,0,0,0,0,0,0.0,0.0,0.0,0.0,0,0,0,0,0,0.00,0.00,0.00,0.00,0,False
2,567,0,0,0,0,0,0,0,0,0,0,0,0,0,0.0,0.0,0.0,0.0,0,0,0,0,0,0.00,0.00,0.00,0.00,0,False
2,568,90,0,0,1,0,0,0,0,1,0,0,0,20,15.2,33.4,8.0,5.7,5,4,1,6,1,0.08,0.13,0.21,1.55,5,False
2,569,90,0,0,1,0,0,0,0,1,0,0,0,28,20.6,0.3,2.0,2.3,7,6,3,10,1,0.00,0.00,0.00,1.55,7,False
2,570,1,0,0,0,0,0,0,0,0,0,0,0,4,4.2,0.0,0.0,0.4,2,0,0,2,0,0.00,0.00,0.00,0.00,1,False
2,571,0,0,0,0,0,0,0,0,0,0,0,0,0,0.0,0.0,0.0,0.0,0,0,0,0,0,0.00,0.00,0.00,0.00,0,False
2,572,0,0,0,0,0,0,0,0,0,0,0,0,0,0.0,0.0,0.0,0.0,0,0,0,0,0,0.00,0.00,0.00,0.00,0,False
2,573,90,0,0,1,0,0,0,0,0,0,0,0,19,10.4,2.6,2.0,1.5,4,4,2,6,1,0.00,0.02,0.02,1.55,6,False
2,574,0,0,0,0,0,0,0,0,0,0,0,0,0,0.0,0.0,0.0,0.0,0,0,0,0,0,0.00,0.00,0.00,0.00,0,False
2,575,90,0,0,1,0,0,0,0,0,0,0,0,26,12.6,0.7,0.0,1.3,3,3,1,4,1,0.00,0.00,0.00,1.55,6,False
2,576,0,0,0,0,0,0,0,0,0,0,0,0,0,0.0,0.0,0.0,0.0,0,0,0,0,0,0.00,0.00,0.00,0.00,0,False
2,577,0,0,0,0,0,0,0,0,0,0,0,0,0,0.0,0.0,0.0,0.0,0,0,0,0,0,0.00,0.00,0.00,0.00,0,False
2,578,0,0,0,0,0,0,0,0,0,0,0,0,0,0.0,0.0,0.0,0.0,0,0,0,0,0,0.00,0.00,0.00,0.00,0,False
2,579,0,0,0,0,0,0,0,0,0,0,0,0,0,0.0,0.0,0.0,0.0,0,0,0,0,0,0.00,0.00,0.00,0.00,0,False
2,580,77,1,0,1,0,0,0,0,1,0,0,2,30,42.6,15.8,22.0,8.0,0,2,4,6,1,0.40,0.03,0.43,1.37,9,False
2,581,0,0,0,0,0,0,0,0,0,0,0,0,0,0.0,0.0,0.0,0.0,0,0,0,0,0,0.00,0.00,0.00,0.00,0,False
2,582,85,0,0,1,0,0,0,0,0,0,0,0,14,11.4,18.9,2.0,3.2,0,6,3,9,1,0.00,0.09,0.09,1.55,3,False
2,583,0,0,0,0,0,0,0,0,0,0,0,0,0,0.0,0.0,0.0,0.0,0,0,0,0,0,0.00,0.00,0.00,0.00,0,False
2,584,0,0,0,0,0,0,0,0,0,0,0,0,0,0.0,0.0,0.0,0.0,0,0,0,0,0,0.00,0.00,0.00,0.00,0,False
2,585,90,0,0,1,0,0,0,0,0,0,0,0,14,11.4,12.2,2.0,2.6,3,6,2,11,1,0.00,0.00,0.00,1.55,3,False
2,586,4,0,0,0,0,0,0,0,0,0,0,0,5,8.0,10.5,2.0,2.1,3,0,0,3,0,0.00,0.05,0.05,0.00,1,False
2,587,0,0,0,0,0,0,0,0,0,0,0,0,0,0.0,0.0,0.0,0.0,0,0,0,0,0,0.00,0.00,0.00,0.00,0,False
2,588,12,0,0,0,0,0,0,0,0,0,0,0,1,2.4,0.3,21.0,2.4,0,2,0,2,0,0.25,0.00,0.25,0.18,1,False
2,589,0,0,0,0,0,0,0,0,0,0,0,0,0,0.0,0.0,0.0,0.0,0,0,0,0,0,0.00,0.00,0.00,0.00,0,False
2,590,0,0,0,0,0,0,0,0,0,0,0,0,0,0.0,0.0,0.0,0.0,0,0,0,0,0,0.00,0.00,0.00,0.00,0,False
2,591,0,0,0,0,0,0,0,0,0,0,0,0,0,0.0,0.0,0.0,0.0,0,0,0,0,0,0.00,0.00,0.00,0.00,0,False
2,592,0,0,0,0,0,0,0,0,0,0,0,0,0,0.0,0.0,0.0,0.0,0,0,0,0,0,0.00,0.00,0.00,0.00,0,False
2,593,90,0,0,1,0,0,0,0,0,0,0,0,7,6.2,1.5,19.0,2.7,1,6,2,9,1,0.03,0.01,0.04,1.55,3,False
2,594,0,0,0,0,0,0,0,0,0,0,0,0,0,0.0,0.0,0.0,0.0,0,0,0,0,0,0.00,0.00,0.00,0.00,0,False
2,595,0,0,0,0,0,0,0,0,0,0,0,0,0,0.0,0.0,0.0,0.0,0,0,0,0,0,0.00,0.00,0.00,0.00,0,False
2,596,12,0,0,0,0,0,0,0,0,0,0,0,5,4.0,0.0,19.0,2.3,1,0,0,1,0,0.12,0.00,0.12,0.18,1,False
2,597,77,0,1,1,0,0,0,0,1,0,0,0,18,17.0,10.8,23.0,5.1,2,4,2,8,1,0.10,0.11,0.21,1.37,4,False
2,598,0,0,0,0,0,0,0,0,0,0,0,0,0,0.0,0.0,0.0,0.0,0,0,0,0,0,0.00,0.00,0.00,0.00,0,False
2,599,0,0,0,0,0,0,0,0,0,0,0,0,0,0.0,0.0,0.0,0.0,0,0,0,0,0,0.00,0.00,0.00,0.00,0,False
2,600,0,0,0,0,0,0,0,0,0,0,0,0,0,0.0,0.0,0.0,0.0,0,0,0,0,0,0.00,0.00,0.00,0.00,0,False
2,601,0,0,0,0,0,0,0,0,0,0,0,0,0,0.0,0.0,0.0,0.0,0,0,0,0,0,0.00,0.00,0.00,0.00,0,False
2,602,0,0,0,0,0,0,0,0,0,0,0,0,0,0.0,0.0,0.0,0.0,0,0,0,0,0,0.00,0.00,0.00,0.00,0,False
2,603,90,0,1,0,5,0,0,0,0,0,0,0,-1,20.6,12.7,2.0,3.5,3,5,1,4,1,0.00,0.01,0.01,2.74,3,False
2,604,0,0,0,0,0,0,0,0,0,0,0,0,0,0.0,0.0,0.0,0.0,0,0,0,0,0,0.00,0.00,0.00,0.00,0,False
2,605,90,0,0,0,5,0,0,0,0,0,0,0,-18,4.0,0.3,7.0,1.1,5,1,0,5,1,0.19,0.00,0.19,2.74,0,False
2,606,0,0,0,0,0,0,0,0,0,0,0,0,0,0.0,0.0,0.0,0.0,0,0,0,0,0,0.00,0.00,0.00,0.00,0,False
2,607,90,0,0,0,5,0,0,0,0,0,0,0,-2,24.4,0.9,8.0,3.3,12,4,1,13,1,0.10,0.01,0.11,2.74,2,False
2,608,0,0,0,0,0,0,0,0,0,0,0,0,0,0.0,0.0,0.0,0.0,0,0,0,0,0,0.00,0.00,0.00,0.00,0,False
2,609,45,0,0,0,3,0,0,0,0,0,0,0,-9,5.4,0.3,0.0,0.6,3,0,0,3,1,0.00,0.00,0.00,1.62,0,False
2,610,90,0,0,0,5,0,0,0,0,0,0,0,-8,17.0,19.8,0.0,3.7,5,2,0,5,1,0.00,0.06,0.06,2.74,0,False
2,611,0,0,0,0,0,0,0,0,0,0,0,0,0,0.0,0.0,0.0,0.0,0,0,0,0,0,0.00,0.00,0.00,0.00,0,False
2,612,90,1,0,0,5,0,0,0,0,0,0,2,39,54.4,18.3,14.0,8.7,1,5,5,11,1,0.07,0.09,0.16,2.74,9,False
2,613,69,0,0,0,5,0,0,0,0,0,0,0,8,6.0,0.7,22.0,2.9,1,4,1,6,1,0.09,0.00,0.09,2.43,2,False
2,614,90,0,0,0,5,0,0,0,0,0,0,0,23,17.6,58.6,2.0,7.8,3,1,2,6,1,0.11,0.31,0.42,2.74,2,False
2,615,0,0,0,0,0,0,0,0,0,0,0,0,0,0.0,0.0,0.0,0.0,0,0,0,0,0,0.00,0.00,0.00,0.00,0,False
2,616,0,0,0,0,0,0,0,0,0,0,0,0,0,0.0,0.0,0.0,0.0,0,0,0,0,0,0.00,0.00,0.00,0.00,0,False
2,617,0,0,0,0,0,0,0,0,0,0,0,0,0,0.0,0.0,0.0,0.0,0,0,0,0,0,0.00,0.00,0.00,0.00,0,False
2,618,0,0,0,0,0,0,0,0,0,0,0,0,0,0.0,0.0,0.0,0.0,0,0,0,0,0,0.00,0.00,0.00,0.00,0,False
2,619,0,0,0,0,0,0,0,0,0,0,0,0,0,0.0,0.0,0.0,0.0,0,0,0,0,0,0.00,0.00,0.00,0.00,0,False
2,620,0,0,0,0,0,0,0,0,0,0,0,0,0,0.0,0.0,0.0,0.0,0,0,0,0,0,0.00,0.00,0.00,0.00,0,False
2,621,0,0,0,0,0,0,0,0,0,0,0,0,0,0.0,0.0,0.0,0.0,0,0,0,0,0,0.00,0.00,0.00,0.00,0,False
2,622,0,0,0,0,0,0,0,0,0,0,0,0,0,0.0,0.0,0.0,0.0,0,0,0,0,0,0.00,0.00,0.00,0.00,0,False
2,623,45,0,0,0,2,0,0,0,0,0,0,0,2,6.2,2.2,2.0,1.0,1,2,1,4,0,0.00,0.00,0.00,1.12,1,False
2,624,90,0,0,0,5,0,0,0,0,0,0,0,10,9.8,21.2,30.0,6.1,0,1,0,1,1,0.09,0.11,0.20,2.74,2,False
2,625,45,0,0,0,3,0,0,0,0,0,0,0,3,1.2,10.5,2.0,1.4,0,1,0,1,1,0.00,0.02,0.02,1.62,1,False
2,626,0,0,0,0,0,0,0,0,0,0,0,0,0,0.0,0.0,0.0,0.0,0,0,0,0,0,0.00,0.00,0.00,0.00,0,False
2,627,0,0,0,0,0,0,0,0,0,0,0,0,0,0.0,0.0,0.0,0.0,0,0,0,0,0,0.00,0.00,0.00,0.00,0,False
2,628,90,0,0,0,1,0,0,0,0,0,3,0,14,21.0,10.0,0.0,3.1,1,12,0,0,1,0.00,0.03,0.03,1.29,3,False
2,629,0,0,0,0,0,0,0,0,0,0,0,0,0,0.0,0.0,0.0,0.0,0,0,0,0,0,0.00,0.00,0.00,0.00,0,False
2,630,0,0,0,0,0,0,0,0,0,0,0,0,0,0.0,0.0,0.0,0.0,0,0,0,0,0,0.00,0.00,0.00,0.00,0,False
2,631,90,0,0,0,1,0,0,0,0,0,0,0,17,36.0,0.7,4.0,4.1,12,3,2,14,1,0.10,0.03,0.13,1.29,4,False
2,632,90,0,0,0,1,0,0,0,1,0,0,0,5,19.2,1.8,0.0,2.1,6,2,3,9,1,0.00,0.02,0.02,1.29,1,False
2,633,45,0,0,0,0,0,0,0,1,0,0,0,3,5.6,18.7,5.0,2.9,2,1,1,3,0,0.06,0.10,0.16,0.57,0,False
2,634,0,0,0,0,0,0,0,0,0,0,0,0,0,0.0,0.0,0.0,0.0,0,0,0,0,0,0.00,0.00,0.00,0.00,0,False
2,635,0,0,0,0,0,0,0,0,0,0,0,0,0,0.0,0.0,0.0,0.0,0,0,0,0,0,0.00,0.00,0.00,0.00,0,False
2,636,34,0,0,0,0,0,0,0,0,0,0,0,6,12.0,0.2,0.0,1.2,2,1,2,4,0,0.00,0.00,0.00,0.46,1,False
2,637,48,0,0,0,1,0,0,0,0,1,0,0,-9,7.6,0.6,0.0,0.8,6,2,0,6,1,0.00,0.00,0.00,0.72,-2,False
2,638,34,0,0,0,1,0,0,0,0,0,0,0,1,5.2,14.4,2.0,2.2,1,0,0,1,1,0.00,0.10,0.10,0.63,1,False
2,639,0,0,0,0,0,0,0,0,0,0,0,0,0,0.0,0.0,0.0,0.0,0,0,0,0,0,0.00,0.00,0.00,0.00,0,False
2,640,0,0,0,0,0,0,0,0,0,0,0,0,0,0.0,0.0,0.0,0.0,0,0,0,0,0,0.00,0.00,0.00,0.00,0,False
2,641,0,0,0,0,0,0,0,0,0,0,0,0,0,0.0,0.0,0.0,0.0,0,0,0,0,0,0.00,0.00,0.00,0.00,0,False
2,642,12,0,0,0,0,0,0,0,0,0,0,0,0,0.0,0.0,0.0,0.0,0,0,0,0,0,0.00,0.00,0.00,0.16,1,False
2,643,45,0,0,0,0,0,0,0,0,0,0,0,8,8.0,1.8,0.0,1.0,1,2,2,5,0,0.00,0.01,0.01,0.57,1,False
2,644,45,0,0,0,1,0,0,0,0,0,0,0,6,2.8,5.2,2.0,1.0,1,1,2,4,1,0.01,0.01,0.02,0.72,1,False
2,645,0,0,0,0,0,0,0,0,0,0,0,0,0,0.0,0.0,0.0,0.0,0,0,0,0,0,0.00,0.00,0.00,0.00,0,False
2,646,90,0,0,0,1,0,0,0,1,0,0,0,13,8.6,3.0,2.0,1.4,3,5,3,11,1,0.00,0.02,0.02,1.29,1,False
2,647,0,0,0,0,0,0,0,0,0,0,0,0,0,0.0,0.0,0.0,0.0,0,0,0,0,0,0.00,0.00,0.00,0.00,0,False
2,648,90,0,0,0,1,0,0,0,0,0,0,0,7,4.2,1.2,4.0,0.9,3,2,1,6,1,0.06,0.01,0.07,1.29,2,False
2,649,0,0,0,0,0,0,0,0,0,0,0,0,0,0.0,0.0,0.0,0.0,0,0,0,0,0,0.00,0.00,0.00,0.00,0,False
2,650,0,0,0,0,0,0,0,0,0,0,0,0,0,0.0,0.0,0.0,0.0,0,0,0,0,0,0.00,0.00,0.00,0.00,0,False
2,651,0,0,0,0,0,0,0,0,0,0,0,0,0,0.0,0.0,0.0,0.0,0,0,0,0,0,0.00,0.00,0.00,0.00,0,False
2,652,0,0,0,0,0,0,0,0,0,0,0,0,0,0.0,0.0,0.0,0.0,0,0,0,0,0,0.00,0.00,0.00,0.00,0,False
2,653,0,0,0,0,0,0,0,0,0,0,0,0,0,0.0,0.0,0.0,0.0,0,0,0,0,0,0.00,0.00,0.00,0.00,0,False
2,654,77,0,0,0,1,0,0,0,0,0,0,0,4,3.2,3.8,23.0,3.0,1,0,0,1,1,0.10,0.01,0.11,1.13,2,False
2,655,0,0,0,0,0,0,0,0,0,0,0,0,0,0.0,0.0,0.0,0.0,0,0,0,0,0,0.00,0.00,0.00,0.00,0,False
2,656,0,0,0,0,0,0,0,0,0,0,0,0,0,0.0,0.0,0.0,0.0,0,0,0,0,0,0.00,0.00,0.00,0.00,0,False
2,657,0,0,0,0,0,0,0,0,0,0,0,0,0,0.0,0.0,0.0,0.0,0,0,0,0,0,0.00,0.00,0.00,0.00,0,False
2,658,0,0,0,0,0,0,0,0,0,0,0,0,0,0.0,0.0,0.0,0.0,0,0,0,0,0,0.00,0.00,0.00,0.00,0,False
2,659,20,0,0,0,0,0,0,0,0,0,0,0,3,0.0,1.6,6.0,0.7,0,1,0,0,0,0.04,0.00,0.04,0.31,1,False
2,660,90,0,0,0,5,0,0,0,0,0,0,0,6,2.4,35.7,0.0,3.8,1,1,2,4,1,0.00,0.07,0.07,2.88,2,False
2,661,79,1,0,0,1,0,0,0,0,0,0,3,33,39.8,22.4,23.0,8.5,3,2,0,5,1,0.21,0.06,0.27,0.78,9,False
2,662,26,0,0,0,0,0,0,0,0,0,0,0,7,4.8,0.0,0.0,0.5,0,0,2,2,0,0.00,0.00,0.00,0.00,1,False
2,663,55,0,0,0,1,0,0,0,0,0,0,0,4,5.6,1.6,4.0,1.1,1,2,4,7,1,0.13,0.01,0.14,0.83,1,False
2,664,0,0,0,0,0,0,0,0,0,0,0,0,0,0.0,0.0,0.0,0.0,0,0,0,0,0,0.00,0.00,0.00,0.00,0,False
2,665,90,0,0,0,5,0,0,0,0,0,0,0,-13,2.8,0.0,0.0,0.3,0,4,0,0,1,0.00,0.00,0.00,2.88,0,False
2,666,90,2,0,1,0,0,0,0,0,0,0,2,44,67.0,1.6,44.0,11.3,2,3,0,5,1,1.28,0.03,1.31,0.17,12,True
2,667,0,0,0,0,0,0,0,0,0,0,0,0,0,0.0,0.0,0.0,0.0,0,0,0,0,0,0.00,0.00,0.00,0.00,0,False
2,668,90,0,0,0,2,0,0,0,0,0,0,0,14,19.6,22.1,3.0,4.5,5,6,2,13,1,0.05,0.06,0.11,1.00,4,False
2,669,70,0,1,0,1,0,0,0,0,0,0,2,21,23.8,29.2,8.0,6.1,2,3,0,5,1,0.00,0.35,0.35,1.10,7,False
2,670,90,0,0,0,2,0,0,0,0,0,0,0,0,4.2,0.0,0.0,0.4,1,8,0,0,1,0.00,0.00,0.00,1.00,1,False
2,671,45,0,0,0,2,0,0,0,0,0,0,0,1,2.4,11.8,8.0,2.2,1,0,0,1,0,0.03,0.04,0.07,1.12,1,False
2,672,21,0,0,0,0,0,0,0,1,0,0,0,-2,1.2,1.0,0.0,0.2,1,1,0,1,0,0.00,0.00,0.00,0.44,0,False
2,673,90,1,0,1,0,0,0,0,0,0,0,3,31,49.8,0.7,19.0,7.0,3,2,4,9,1,0.14,0.00,0.14,1.55,11,False
2,674,0,0,0,0,0,0,0,0,0,0,0,0,0,0.0,0.0,0.0,0.0,0,0,0,0,0,0.00,0.00,0.00,0.00,0,False
2,675,0,0,0,0,0,0,0,0,0,0,0,0,0,0.0,0.0,0.0,0.0,0,0,0,0,0,0.00,0.00,0.00,0.00,0,False
2,676,68,0,0,1,0,0,0,0,0,0,0,0,11,7.8,16.7,3.0,2.8,1,1,2,4,1,0.02,0.02,0.04,0.61,3,False
2,677,15,0,0,0,0,0,0,0,0,0,0,0,1,2.4,1.0,2.0,0.5,0,1,1,2,0,0.00,0.01,0.01,0.11,1,False
2,678,0,0,0,0,0,0,0,0,0,0,0,0,0,0.0,0.0,0.0,0.0,0,0,0,0,0,0.00,0.00,0.00,0.00,0,False
2,679,90,0,0,0,5,0,0,0,0,0,2,0,-8,16.8,0.0,0.0,1.7,2,7,0,0,1,0.00,0.00,0.00,2.74,0,False
2,680,0,0,0,0,0,0,0,0,0,0,0,0,0,0.0,0.0,0.0,0.0,0,0,0,0,0,0.00,0.00,0.00,0.00,0,False
2,681,37,0,0,0,1,0,0,0,0,0,0,0,2,0.4,2.3,2.0,0.5,0,1,0,1,0,0.00,0.04,0.04,0.86,1,False
2,682,45,0,0,0,1,0,0,0,0,0,0,0,3,2.2,0.3,2.0,0.5,0,2,1,1,1,0.00,0.00,0.00,0.72,1,False
2,683,90,0,0,0,2,0,0,0,0,0,0,0,9,25.0,5.7,10.0,4.1,7,6,2,9,1,0.06,0.02,0.08,1.00,1,False
2,684,9,0,0,0,1,0,0,0,0,0,0,0,-1,1.8,0.1,0.0,0.2,1,0,0,1,0,0.00,0.00,0.00,0.37,1,False
2,685,90,0,0,1,0,0,0,0,0,0,0,2,34,20.8,0.9,0.0,2.2,7,3,3,10,1,0.00,0.00,0.00,0.46,10,True
2,686,1,1,0,0,0,0,0,0,0,0,0,0,27,34.0,0.1,17.0,5.1,0,0,0,0,0,0.37,0.00,0.37,0.00,6,False
2,687,0,0,0,0,0,0,0,0,0,0,0,0,0,0.0,0.0,0.0,0.0,0,0,0,0,0,0.00,0.00,0.00,0.00,0,False
2,688,0,0,0,0,0,0,0,0,0,0,0,0,0,0.0,0.0,0.0,0.0,0,0,0,0,0,0.00,0.00,0.00,0.00,0,False
2,689,0,0,0,0,0,0,0,0,0,0,0,0,0,0.0,0.0,0.0,0.0,0,0,0,0,0,0.00,0.00,0.00,0.00,0,False
2,690,0,0,0,0,0,0,0,0,0,0,0,0,0,0.0,0.0,0.0,0.0,0,0,0,0,0,0.00,0.00,0.00,0.00,0,False
2,691,0,0,0,0,0,0,0,0,0,0,0,0,0,0.0,0.0,0.0,0.0,0,0,0,0,0,0.00,0.00,0.00,0.00,0,False
2,692,0,0,0,0,0,0,0,0,0,0,0,0,0,0.0,0.0,0.0,0.0,0,0,0,0,0,0.00,0.00,0.00,0.00,0,False
2,693,8,0,0,0,0,0,0,0,0,0,0,0,-2,0.0,0.6,8.0,0.5,0,0,0,0,0,0.20,0.00,0.20,0.00,1,False
2,694,0,0,0,0,0,0,0,0,0,0,0,0,0,0.0,0.0,0.0,0.0,0,0,0,0,0,0.00,0.00,0.00,0.00,0,False
2,695,55,0,0,0,0,0,0,0,0,0,0,0,7,8.6,16.8,4.0,2.9,4,3,0,4,0,0.00,0.02,0.02,0.66,1,False
2,696,19,0,0,0,0,0,0,0,0,0,0,0,2,1.0,1.6,0.0,0.3,1,1,0,2,0,0.00,0.00,0.00,0.00,1,False
2,697,24,0,0,0,0,0,0,0,0,0,0,0,9,10.4,15.0,2.0,2.7,1,2,3,6,0,0.00,0.02,0.02,0.06,1,False
2,698,24,0,0,0,1,0,0,0,0,0,0,0,3,4.6,0.3,0.0,0.5,0,2,2,4,0,0.00,0.00,0.00,0.87,1,False
2,699,0,0,0,0,0,0,0,0,0,0,0,0,0,0.0,0.0,0.0,0.0,0,0,0,0,0,0.00,0.00,0.00,0.00,0,False
2,700,26,0,1,0,0,0,0,0,0,0,0,0,13,1.0,0.5,15.0,1.7,0,1,2,3,0,0.08,0.02,0.10,0.00,4,False
2,701,0,0,0,0,0,0,0,0,0,0,0,0,0,0.0,0.0,0.0,0.0,0,0,0,0,0,0.00,0.00,0.00,0.00,0,False
2,702,0,0,0,0,0,0,0,0,0,0,0,0,0,0.0,0.0,0.0,0.0,0,0,0,0,0,0.00,0.00,0.00,0.00,0,False
2,703,0,0,0,0,0,0,0,0,0,0,0,0,0,0.0,0.0,0.0,0.0,0,0,0,0,0,0.00,0.00,0.00,0.00,0,False
2,704,0,0,0,0,0,0,0,0,0,0,0,0,0,0.0,0.0,0.0,0.0,0,0,0,0,0,0.00,0.00,0.00,0.00,0,False
2,705,0,0,0,0,0,0,0,0,0,0,0,0,0,0.0,0.0,0.0,0.0,0,0,0,0,0,0.00,0.00,0.00,0.00,0,False
3,1,90,0,0,0,1,0,0,0,0,0,2,0,12,20.0,10.0,0.0,3.0,0,12,0,0,1,0.00,0.02,0.02,0.52,2,False
3,2,0,0,0,0,0,0,0,0,0,0,0,0,0,0.0,0.0,0.0,0.0,0,0,0,0,0,0.00,0.00,0.00,0.00,0,False
3,3,0,0,0,0,0,0,0,0,0,0,0,0,0,0.0,0.0,0.0,0.0,0,0,0,0,0,0.00,0.00,0.00,0.00,0,False
3,4,0,0,0,0,0,0,0,0,0,0,0,0,0,0.0,0.0,0.0,0.0,0,0,0,0,0,0.00,0.00,0.00,0.00,0,False
3,5,90,0,0,0,1,0,0,0,0,0,0,0,8,15.4,1.4,2.0,1.9,6,2,1,7,1,0.02,0.01,0.03,0.52,2,False
3,6,4,0,0,0,0,0,0,0,0,0,0,0,4,3.0,0.0,0.0,0.3,3,0,0,3,1,0.00,0.00,0.00,0.00,1,False
3,7,90,0,0,0,1,0,0,0,0,0,0,0,9,9.8,1.9,11.0,2.3,5,3,2,7,1,0.13,0.01,0.14,0.52,2,False
3,8,90,0,0,0,1,0,0,0,0,0,0,0,7,11.4,12.4,11.0,3.5,5,4,2,7,1,0.09,0.05,0.14,0.52,2,False
3,9,0,0,0,0,0,0,0,0,0,0,0,0,0,0.0,0.0,0.0,0.0,0,0,0,0,0,0.00,0.00,0.00,0.00,0,False
3,10,0,0,0,0,0,0,0,0,0,0,0,0,0,0.0,0.0,0.0,0.0,0,0,0,0,0,0.00,0.00,0.00,0.00,0,False
3,11,0,0,0,0,0,0,0,0,0,0,0,0,0,0.0,0.0,0.0,0.0,0,0,0,0,0,0.00,0.00,0.00,0.00,0,False
3,12,0,0,0,0,0,0,0,0,0,0,0,0,0,0.0,0.0,0.0,0.0,0,0,0,0,0,0.00,0.00,0.00,0.00,0,False
3,13,0,0,0,0,0,0,0,0,0,0,0,0,0,0.0,0.0,0.0,0.0,0,0,0,0,0,0.00,0.00,0.00,0.00,0,False
3,14,0,0,0,0,0,0,0,0,0,0,0,0,0,0.0,0.0,0.0,0.0,0,0,0,0,0,0.00,0.00,0.00,0.00,0,False
3,15,0,0,0,0,0,0,0,0,0,0,0,0,0,0.0,0.0,0.0,0.0,0,0,0,0,0,0.00,0.00,0.00,0.00,0,False
3,16,0,0,0,0,0,0,0,0,0,0,0,0,0,0.0,0.0,0.0,0.0,0,0,0,0,0,0.00,0.00,0.00,0.00,0,False
3,17,20,0,0,0,1,0,0,0,0,0,0,0,3,1.4,2.2,2.0,0.6,0,1,0,1,0,0.00,0.01,0.01,0.25,1,False
3,18,88,0,0,0,1,0,0,0,0,0,0,0,5,0.0,1.6,38.0,3.9,0,2,0,2,1,0.14,0.03,0.17,0.40,2,False
3,19,69,0,0,1,0,0,0,0,0,0,0,0,9,1.4,0.4,6.0,0.8,0,2,1,3,1,0.00,0.00,0.00,0.28,3,False
3,20,0,0,0,0,0,0,0,0,0,0,0,0,0,0.0,0.0,0.0,0.0,0,0,0,0,0,0.00,0.00,0.00,0.00,0,False
3,21,90,0,0,0,1,0,0,0,0,0,0,0,13,13.2,22.7,3.0,3.9,6,7,0,13,1,0.02,0.10,0.12,0.52,4,False
3,22,69,0,0,1,0,0,0,0,0,0,0,0,6,5.2,2.3,0.0,0.8,0,2,3,5,1,0.00,0.02,0.02,0.28,3,False
3,23,0,0,0,0,0,0,0,0,0,0,0,0,0,0.0,0.0,0.0,0.0,0,0,0,0,0,0.00,0.00,0.00,0.00,0,False
3,24,0,0,0,0,0,0,0,0,0,0,0,0,0,0.0,0.0,0.0,0.0,0,0,0,0,0,0.00,0.00,0.00,0.00,0,False
3,25,0,0,0,0,0,0,0,0,0,0,0,0,0,0.0,0.0,0.0,0.0,0,0,0,0,0,0.00,0.00,0.00,0.00,0,False
3,26,90,0,0,0,1,0,0,0,1,0,0,0,4,1.4,2.6,5.0,0.9,1,5,1,7,1,0.03,0.02,0.05,0.52,1,False
3,27,0,0,0,0,0,0,0,0,0,0,0,0,0,0.0,0.0,0.0,0.0,0,0,0,0,0,0.00,0.00,0.00,0.00,0,False
3,28,0,0,0,0,0,0,0,0,0,0,0,0,0,0.0,0.0,0.0,0.0,0,0,0,0,0,0.00,0.00,0.00,0.00,0,False
3,29,0,0,0,0,0,0,0,0,0,0,0,0,0,0.0,0.0,0.0,0.0,0,0,0,0,0,0.00,0.00,0.00,0.00,0,False
3,30,0,0,0,0,0,0,0,0,0,0,0,0,0,0.0,0.0,0.0,0.0,0,0,0,0,0,0.00,0.00,0.00,0.00,0,False
3,31,0,0,0,0,0,0,0,0,0,0,0,0,0,0.0,0.0,0.0,0.0,0,0,0,0,0,0.00,0.00,0.00,0.00,0,False
3,32,0,0,0,0,0,0,0,0,0,0,0,0,0,0.0,0.0,0.0,0.0,0,0,0,0,0,0.00,0.00,0.00,0.00,0,False
3,33,90,0,0,0,3,0,0,0,1,0,1,0,-7,5.8,0.0,0.0,0.6,3,7,0,0,1,0.00,0.00,0.00,2.67,0,False
3,34,0,0,0,0,0,0,0,0,0,0,0,0,0,0.0,0.0,0.0,0.0,0,0,0,0,0,0.00,0.00,0.00,0.00,0,False
3,35,0,0,0,0,0,0,0,0,0,0,0,0,0,0.0,0.0,0.0,0.0,0,0,0,0,0,0.00,0.00,0.00,0.00,0,False
3,36,73,0,0,0,2,0,0,0,1,0,0,0,-1,6.2,22.3,1.0,3.0,3,1,0,3,1,0.01,0.11,0.12,1.77,0,False
3,37,7,0,0,0,0,0,0,0,0,0,0,0,3,0.0,0.7,0.0,0.1,0,0,0,0,0,0.00,0.00,0.00,0.38,1,False
3,38,90,0,0,0,3,0,0,0,0,0,0,0,3,18.4,14.3,4.0,3.7,5,5,0,5,1,0.00,0.03,0.03,2.67,1,False
3,39,83,0,0,0,3,0,0,0,0,0,0,0,6,19.0,38.1,5.0,6.2,6,5,0,6,1,0.09,0.12,0.21,2.29,1,False
3,40,90,0,0,0,3,0,0,0,0,0,0,0,1,14.4,2.1,0.0,1.7,3,2,1,4,1,0.00,0.02,0.02,2.67,1,False
3,41,16,0,0,0,1,0,0,0,0,0,0,0,-1,3.4,0.5,0.0,0.4,0,1,1,1,0,0.00,0.00,0.00,0.90,1,False
3,42,0,0,0,0,0,0,0,0,0,0,0,0,0,0.0,0.0,0.0,0.0,0,0,0,0,0,0.00,0.00,0.00,0.00,0,False
3,43,0,0,0,0,0,0,0,0,0,0,0,0,0,0.0,0.0,0.0,0.0,0,0,0,0,0,0.00,0.00,0.00,0.00,0,False
3,44,6,0,0,0,0,0,0,0,0,0,0,0,3,0.2,1.7,0.0,0.2,0,0,0,0,0,0.00,0.00,0.00,0.38,1,False
3,45,0,0,0,0,0,0,0,0,0,0,0,0,0,0.0,0.0,0.0,0.0,0,0,0,0,0,0.00,0.00,0.00,0.00,0,False
3,46,0,0,0,0,0,0,0,0,0,0,0,0,0,0.0,0.0,0.0,0.0,0,0,0,0,0,0.00,0.00,0.00,0.00,0,False
3,47,90,0,0,0,3,0,0,0,0,0,0,0,9,9.4,4.9,21.0,3.5,2,4,1,7,1,0.04,0.04,0.08,2.67,2,False
3,48,90,0,0,0,3,0,0,0,0,0,0,0,18,15.6,20.0,17.0,5.3,1,5,1,7,1,0.09,0.05,0.14,2.67,2,False
3,49,0,0,0,0,0,0,0,0,0,0,0,0,0,0.0,0.0,0.0,0.0,0,0,0,0,0,0.00,0.00,0.00,0.00,0,False
3,50,45,0,0,0,2,0,0,0,0,0,0,0,7,11.4,34.1,12.0,5.8,1,3,3,7,0,0.01,0.12,0.13,0.95,1,False
3,51,0,0,0,0,0,0,0,0,0,0,0,0,0,0.0,0.0,0.0,0.0,0,0,0,0,0,0.00,0.00,0.00,0.00,0,False
3,52,45,0,0,0,0,0,0,0,0,0,0,0,8,9.2,30.8,7.0,4.7,0,2,0,2,1,0.03,0.10,0.13,0.54,1,False
3,53,82,0,0,0,3,0,0,0,0,0,0,0,1,0.0,6.2,5.0,0.9,0,3,0,3,1,0.18,0.02,0.20,2.29,2,False
3,54,73,0,0,0,2,0,0,0,0,0,0,0,18,8.0,13.9,0.0,2.2,1,3,2,6,1,0.00,0.12,0.12,1.77,2,False
3,55,0,0,0,0,0,0,0,0,0,0,0,0,0,0.0,0.0,0.0,0.0,0,0,0,0,0,0.00,0.00,0.00,0.00,0,False
3,56,0,0,0,0,0,0,0,0,0,0,0,0,0,0.0,0.0,0.0,0.0,0,0,0,0,0,0.00,0.00,0.00,0.00,0,False
3,57,0,0,0,0,0,0,0,0,0,0,0,0,0,0.0,0.0,0.0,0.0,0,0,0,0,0,0.00,0.00,0.00,0.00,0,False
3,58,0,0,0,0,0,0,0,0,0,0,0,0,0,0.0,0.0,0.0,0.0,0,0,0,0,0,0.00,0.00,0.00,0.00,0,False
3,59,0,0,0,0,0,0,0,0,0,0,0,0,0,0.0,0.0,0.0,0.0,0,0,0,0,0,0.00,0.00,0.00,0.00,0,False
3,60,0,0,0,0,0,0,0,0,0,0,0,0,0,0.0,0.0,0.0,0.0,0,0,0,0,0,0.00,0.00,0.00,0.00,0,False
3,61,0,0,0,0,0,0,0,0,0,0,0,0,0,0.0,0.0,0.0,0.0,0,0,0,0,0,0.00,0.00,0.00,0.00,0,False
3,62,0,0,0,0,0,0,0,0,0,0,0,0,0,0.0,0.0,0.0,0.0,0,0,0,0,0,0.00,0.00,0.00,0.00,0,False
3,63,0,0,0,0,0,0,0,0,0,0,0,0,0,0.0,0.0,0.0,0.0,0,0,0,0,0,0.00,0.00,0.00,0.00,0,False
3,64,90,0,0,0,3,0,0,0,0,0,0,0,4,3.8,11.8,43.0,5.9,0,0,1,1,1,0.64,0.04,0.68,2.67,2,False
3,65,0,0,0,0,0,0,0,0,0,0,0,0,0,0.0,0.0,0.0,0.0,0,0,0,0,0,0.00,0.00,0.00,0.00,0,False
3,66,0,0,0,0,0,0,0,0,0,0,0,0,0,0.0,0.0,0.0,0.0,0,0,0,0,0,0.00,0.00,0.00,0.00,0,False
3,67,90,0,0,1,0,0,0,0,1,0,1,0,22,11.2,0.0,0.0,1.1,2,10,0,0,1,0.00,0.00,0.00,0.19,5,False
3,68,0,0,0,0,0,0,0,0,0,0,0,0,0,0.0,0.0,0.0,0.0,0,0,0,0,0,0.00,0.00,0.00,0.00,0,False
3,69,0,0,0,0,0,0,0,0,0,0,0,0,0,0.0,0.0,0.0,0.0,0,0,0,0,0,0.00,0.00,0.00,0.00,0,False
3,70,0,0,0,0,0,0,0,0,0,0,0,0,0,0.0,0.0,0.0,0.0,0,0,0,0,0,0.00,0.00,0.00,0.00,0,False
3,71,0,0,0,0,0,0,0,0,0,0,0,0,0,0.0,0.0,0.0,0.0,0,0,0,0,0,0.00,0.00,0.00,0.00,0,False
3,72,90,0,1,1,0,0,0,0,0,0,0,3,42,37.4,10.7,6.0,5.4,12,6,2,14,1,0.14,0.03,0.17,0.19,14,True
3,73,25,0,0,0,0,0,0,0,0,0,0,0,2,0.0,0.1,0.0,0.0,0,0,0,0,1,0.00,0.00,0.00,0.00,1,False
3,74,90,0,0,1,0,0,0,0,0,0,0,1,24,19.8,19.4,1.0,4.0,4,0,5,9,1,0.01,0.10,0.11,0.19,7,False
3,75,0,0,0,0,0,0,0,0,0,0,0,0,0,0.0,0.0,0.0,0.0,0,0,0,0,0,0.00,0.00,0.00,0.00,0,False
3,76,0,0,0,0,0,0,0,0,0,0,0,0,0,0.0,0.0,0.0,0.0,0,0,0,0,0,0.00,0.00,0.00,0.00,0,False
3,77,64,0,0,1,0,0,0,0,1,0,0,0,17,7.6,0.7,4.0,1.2,5,4,0,5,0,0.00,0.00,0.00,0.19,5,False
3,78,0,0,0,0,0,0,0,0,0,0,0,0,0,0.0,0.0,0.0,0.0,0,0,0,0,0,0.00,0.00,0.00,0.00,0,False
3,79,0,0,0,0,0,0,0,0,0,0,0,0,0,0.0,0.0,0.0,0.0,0,0,0,0,0,0.00,0.00,0.00,0.00,0,False
3,80,0,0,0,0,0,0,0,0,0,0,0,0,0,0.0,0.0,0.0,0.0,0,0,0,0,0,0.00,0.00,0.00,0.00,0,False
3,81,9,0,0,0,0,0,0,0,0,0,0,0,1,0.8,3.3,2.0,0.6,0,1,0,1,0,0.00,0.00,0.00,0.07,1,False
3,82,90,0,0,1,0,0,0,0,1,0,0,0,4,11.6,23.4,30.0,6.5,0,8,2,10,1,0.21,0.06,0.27,0.19,2,False
3,83,90,0,0,0,2,0,0,0,0,0,0,0,6,7.2,0.7,19.0,2.7,4,3,0,7,1,0.08,0.00,0.08,1.54,2,False
3,84,80,0,0,1,0,0,0,0,0,0,0,0,0,4.4,17.3,19.0,4.1,0,2,3,5,1,0.31,0.05,0.36,0.12,3,False
3,85,90,0,0,1,0,0,0,0,1,0,0,0,14,11.2,1.8,17.0,3.0,3,7,2,12,1,0.03,0.01,0.04,0.19,4,False
3,86,63,0,0,1,0,0,0,0,0,0,0,1,24,18.6,25.1,37.0,8.1,0,1,4,5,1,0.34,0.32,0.66,0.01,4,False
3,87,27,0,0,0,0,0,0,0,0,0,0,0,10,10.4,0.3,2.0,1.3,2,3,4,9,0,0.00,0.00,0.00,0.18,1,False
3,88,0,0,0,0,0,0,0,0,0,0,0,0,0,0.0,0.0,0.0,0.0,0,0,0,0,0,0.00,0.00,0.00,0.00,0,False
3,89,0,0,0,0,0,0,0,0,0,0,0,0,0,0.0,0.0,0.0,0.0,0,0,0,0,0,0.00,0.00,0.00,0.00,0,False
3,90,62,0,0,1,0,0,0,0,0,0,0,0,14,12.2,30.4,5.0,4.8,2,3,2,7,1,0.05,0.13,0.18,0.01,3,False
3,91,0,0,0,0,0,0,0,0,0,0,0,0,0,0.0,0.0,0.0,0.0,0,0,0,0,0,0.00,0.00,0.00,0.00,0,False
3,92,0,0,0,0,0,0,0,0,0,0,0,0,0,0.0,0.0,0.0,0.0,0,0,0,0,0,0.00,0.00,0.00,0.00,0,False
3,93,0,0,0,0,0,0,0,0,0,0,0,0,0,0.0,0.0,0.0,0.0,0,0,0,0,0,0.00,0.00,0.00,0.00,0,False
3,94,0,0,0,0,0,0,0,0,0,0,0,0,0,0.0,0.0,0.0,0.0,0,0,0,0,0,0.00,0.00,0.00,0.00,0,False
3,95,0,0,0,0,0,0,0,0,0,0,0,0,0,0.0,0.0,0.0,0.0,0,0,0,0,0,0.00,0.00,0.00,0.00,0,False
3,96,0,0,0,0,0,0,0,0,0,0,0,0,0,0.0,0.0,0.0,0.0,0,0,0,0,0,0.00,0.00,0.00,0.00,0,False
3,97,80,1,0,1,0,0,0,0,0,0,0,2,34,40.6,21.7,63.0,12.5,2,3,0,5,1,0.50,0.06,0.56,0.12,8,False
3,98,0,0,0,0,0,0,0,0,0,0,0,0,0,0.0,0.0,0.0,0.0,0,0,0,0,0,0.00,0.00,0.00,0.00,0,False
3,99,0,0,0,0,0,0,0,0,0,0,0,0,0,0.0,0.0,0.0,0.0,0,0,0,0,0,0.00,0.00,0.00,0.00,0,False
3,100,9,0,0,0,0,0,0,0,0,0,0,0,3,0.0,0.0,0.0,0.0,0,1,0,1,0,0.00,0.00,0.00,0.07,1,False
3,101,90,0,0,0,2,0,0,0,0,0,1,0,2,12.8,0.0,0.0,1.3,0,4,0,0,1,0.00,0.00,0.00,1.54,1,False
3,102,0,0,0,0,0,0,0,0,0,0,0,0,0,0.0,0.0,0.0,0.0,0,0,0,0,0,0.00,0.00,0.00,0.00,0,False
3,103,0,0,0,0,0,0,0,0,0,0,0,0,0,0.0,0.0,0.0,0.0,0,0,0,0,0,0.00,0.00,0.00,0.00,0,False
3,104,0,0,0,0,0,0,0,0,0,0,0,0,0,0.0,0.0,0.0,0.0,0,0,0,0,0,0.00,0.00,0.00,0.00,0,False
3,105,0,0,0,0,0,0,0,0,0,0,0,0,0,0.0,0.0,0.0,0.0,0,0,0,0,0,0.00,0.00,0.00,0.00,0,False
3,106,90,0,0,0,2,0,0,0,0,0,0,0,12,25.2,0.4,2.0,2.8,10,5,1,11,1,0.00,0.00,0.00,1.54,3,False
3,107,71,0,0,1,0,0,0,0,0,0,0,0,21,8.8,0.3,0.0,0.9,3,5,2,5,1,0.00,0.00,0.00,0.48,6,False
3,108,0,0,0,0,0,0,0,0,0,0,0,0,0,0.0,0.0,0.0,0.0,0,0,0,0,0,0.00,0.00,0.00,0.00,0,False
3,109,18,0,0,0,2,0,0,0,1,0,0,0,-8,0.0,0.3,2.0,0.1,1,2,1,2,0,0.03,0.02,0.05,1.06,-1,False
3,110,90,0,0,0,2,0,0,0,0,0,0,0,6,7.4,2.1,2.0,1.2,2,3,1,3,1,0.00,0.01,0.01,1.54,1,False
3,111,0,0,0,0,0,0,0,0,0,0,0,0,0,0.0,0.0,0.0,0.0,0,0,0,0,0,0.00,0.00,0.00,0.00,0,False
3,112,0,0,0,0,0,0,0,0,0,0,0,0,0,0.0,0.0,0.0,0.0,0,0,0,0,0,0.00,0.00,0.00,0.00,0,False
3,113,90,0,0,0,2,0,0,0,0,0,0,0,11,23.2,0.7,2.0,2.6,11,4,0,11,1,0.00,0.03,0.03,1.54,3,False
3,114,0,0,0,0,0,0,0,0,0,0,0,0,0,0.0,0.0,0.0,0.0,0,0,0,0,0,0.00,0.00,0.00,0.00,0,False
3,115,0,0,0,0,0,0,0,0,0,0,0,0,0,0.0,0.0,0.0,0.0,0,0,0,0,0,0.00,0.00,0.00,0.00,0,False
3,116,0,0,0,0,0,0,0,0,0,0,0,0,0,0.0,0.0,0.0,0.0,0,0,0,0,0,0.00,0.00,0.00,0.00,0,False
3,117,0,0,0,0,0,0,0,0,0,0,0,0,0,0.0,0.0,0.0,0.0,0,0,0,0,0,0.00,0.00,0.00,0.00,0,False
3,118,0,0,0,0,0,0,0,0,0,0,0,0,0,0.0,0.0,0.0,0.0,0,0,0,0,0,0.00,0.00,0.00,0.00,0,False
3,119,90,1,0,0,2,0,0,0,0,0,0,3,39,48.2,78.2,50.0,17.6,0,1,0,1,1,0.66,0.66,1.32,1.20,10,False
3,120,89,0,0,0,1,0,0,1,0,0,0,0,-6,6.6,0.7,29.0,3.6,1,2,1,4,1,0.95,0.00,0.95,1.41,0,False
3,121,90,0,0,0,2,0,0,0,0,0,0,0,6,11.2,38.5,2.0,5.2,1,0,0,1,1,0.00,0.27,0.27,1.54,2,False
3,122,0,0,0,0,0,0,0,0,0,0,0,0,0,0.0,0.0,0.0,0.0,0,0,0,0,0,0.00,0.00,0.00,0.00,0,False
3,123,1,0,0,0,1,0,0,0,0,0,0,0,3,0.0,0.1,0.0,0.0,0,0,0,0,0,0.00,0.00,0.00,0.13,1,False
3,124,70,0,0,1,0,0,0,0,0,0,0,0,9,3.8,6.7,0.0,1.1,2,3,0,5,1,0.00,0.01,0.01,0.48,3,False
3,125,0,0,0,0,0,0,0,0,0,0,0,0,0,0.0,0.0,0.0,0.0,0,0,0,0,0,0.00,0.00,0.00,0.00,0,False
3,126,0,0,0,0,0,0,0,0,0,0,0,0,0,0.0,0.0,0.0,0.0,0,0,0,0,0,0.00,0.00,0.00,0.00,0,False
3,127,0,0,0,0,0,0,0,0,0,0,0,0,0,0.0,0.0,0.0,0.0,0,0,0,0,0,0.00,0.00,0.00,0.00,0,False
3,128,19,0,1,0,2,0,0,0,0,0,0,0,16,20.0,12.0,2.0,3.4,0,0,1,1,0,0.00,0.36,0.36,1.06,4,False
3,129,90,0,0,0,2,0,0,0,0,0,0,0,13,14.4,2.8,7.0,2.4,1,4,2,7,1,0.01,0.01,0.02,1.54,2,False
3,130,0,0,0,0,0,0,0,0,0,0,0,0,0,0.0,0.0,0.0,0.0,0,0,0,0,0,0.00,0.00,0.00,0.00,0,False
3,131,0,0,0,0,0,0,0,0,0,0,0,0,0,0.0,0.0,0.0,0.0,0,0,0,0,0,0.00,0.00,0.00,0.00,0,False
3,132,0,0,0,0,0,0,0,0,0,0,0,0,0,0.0,0.0,0.0,0.0,0,0,0,0,0,0.00,0.00,0.00,0.00,0,False
3,133,0,0,0,0,0,0,0,0,0,0,0,0,0,0.0,0.0,0.0,0.0,0,0,0,0,0,0.00,0.00,0.00,0.00,0,False
3,134,0,0,0,0,0,0,0,0,0,0,0,0,0,0.0,0.0,0.0,0.0,0,0,0,0,0,0.00,0.00,0.00,0.00,0,False
3,135,0,0,0,0,0,0,0,0,0,0,0,0,0,0.0,0.0,0.0,0.0,0,0,0,0,0,0.00,0.00,0.00,0.00,0,False
3,136,90,1,0,0,2,0,0,0,1,0,0,1,29,43.4,17.4,19.0,8.0,5,0,0,5,1,0.12,0.10,0.22,1.54,6,False
3,137,0,0,0,0,0,0,0,0,0,0,0,0,0,0.0,0.0,0.0,0.0,0,0,0,0,0,0.00,0.00,0.00,0.00,0,False
3,138,0,0,0,0,0,0,0,0,0,0,0,0,0,0.0,0.0,0.0,0.0,0,0,0,0,0,0.00,0.00,0.00,0.00,0,False
3,139,90,0,0,0,1,0,0,0,0,0,2,0,11,20.2,0.0,0.0,2.0,0,10,0,0,1,0.00,0.00,0.00,1.82,2,False
3,140,0,0,0,0,0,0,0,0,0,0,0,0,0,0.0,0.0,0.0,0.0,0,0,0,0,0,0.00,0.00,0.00,0.00,0,False
3,141,0,0,0,0,0,0,0,0,0,0,0,0,0,0.0,0.0,0.0,0.0,0,0,0,0,0,0.00,0.00,0.00,0.00,0,False
3,142,0,0,0,0,0,0,0,0,0,0,0,0,0,0.0,0.0,0.0,0.0,0,0,0,0,0,0.00,0.00,0.00,0.00,0,False
3,143,0,0,0,0,0,0,0,0,0,0,0,0,0,0.0,0.0,0.0,0.0,0,0,0,0,0,0.00,0.00,0.00,0.00,0,False
3,144,1,0,0,0,0,0,0,0,0,0,0,0,3,0.0,0.0,0.0,0.0,0,0,0,0,0,0.00,0.00,0.00,0.06,1,False
3,145,90,0,0,0,1,0,0,0,0,0,0,0,12,4.8,9.8,2.0,1.7,2,8,1,3,1,0.00,0.36,0.36,1.82,2,False
3,146,90,0,1,0,1,0,0,0,0,0,0,0,16,4.2,0.5,11.0,1.6,3,3,0,3,1,0.09,0.01,0.10,1.82,5,False
3,147,0,0,0,0,0,0,0,0,0,0,0,0,0,0.0,0.0,0.0,0.0,0,0,0,0,0,0.00,0.00,0.00,0.00,0,False
3,148,0,0,0,0,0,0,0,0,0,0,0,0,0,0.0,0.0,0.0,0.0,0,0,0,0,0,0.00,0.00,0.00,0.00,0,False
3,149,0,0,0,0,0,0,0,0,0,0,0,0,0,0.0,0.0,0.0,0.0,0,0,0,0,0,0.00,0.00,0.00,0.00,0,False
3,150,0,0,0,0,0,0,0,0,0,0,0,0,0,0.0,0.0,0.0,0.0,0,0,0,0,0,0.00,0.00,0.00,0.00,0,False
3,151,90,0,0,0,1,0,0,0,1,0,0,0,4,17.2,0.4,33.0,5.1,4,5,1,5,1,0.29,0.00,0.29,1.82,1,False
3,152,90,0,0,0,1,0,0,0,1,0,0,0,5,8.2,3.3,2.0,1.4,2,0,3,5,1,0.00,0.00,0.00,1.82,1,False
3,153,0,0,0,0,0,0,0,0,0,0,0,0,0,0.0,0.0,0.0,0.0,0,0,0,0,0,0.00,0.00,0.00,0.00,0,False
3,154,0,0,0,0,0,0,0,0,0,0,0,0,0,0.0,0.0,0.0,0.0,0,0,0,0,0,0.00,0.00,0.00,0.00,0,False
3,155,0,0,0,0,0,0,0,0,0,0,0,0,0,0.0,0.0,0.0,0.0,0,0,0,0,0,0.00,0.00,0.00,0.00,0,False
3,156,0,0,0,0,0,0,0,0,0,0,0,0,0,0.0,0.0,0.0,0.0,0,0,0,0,0,0.00,0.00,0.00,0.00,0,False
3,157,90,0,1,0,1,0,0,0,0,0,0,0,21,27.4,33.3,12.0,7.3,3,2,2,7,1,0.08,0.04,0.12,1.82,5,False
3,158,29,0,0,0,0,0,0,0,0,0,0,0,5,5.2,12.1,19.0,3.6,0,0,0,0,0,0.07,0.06,0.13,0.17,1,False
3,159,0,0,0,0,0,0,0,0,0,0,0,0,0,0.0,0.0,0.0,0.0,0,0,0,0,0,0.00,0.00,0.00,0.00,0,False
3,160,90,0,0,0,1,0,0,0,0,0,0,0,18,13.6,11.4,29.0,5.4,2,7,3,12,1,0.20,0.03,0.23,1.76,4,False
3,161,0,0,0,0,0,0,0,0,0,0,0,0,0,0.0,0.0,0.0,0.0,0,0,0,0,0,0.00,0.00,0.00,0.00,0,False
3,162,29,1,0,0,0,0,0,0,0,0,0,2,27,39.2,10.4,35.0,8.5,0,2,0,2,0,0.78,0.00,0.78,0.17,8,False
3,163,60,0,0,0,1,0,0,0,0,0,0,0,11,4.8,0.8,0.0,0.6,2,4,2,8,1,0.00,0.00,0.00,1.65,2,False
3,164,0,0,0,0,0,0,0,0,0,0,0,0,0,0.0,0.0,0.0,0.0,0,0,0,0,0,0.00,0.00,0.00,0.00,0,False
3,165,0,0,0,0,0,0,0,0,0,0,0,0,0,0.0,0.0,0.0,0.0,0,0,0,0,0,0.00,0.00,0.00,0.00,0,False
3,166,29,0,0,0,0,0,0,0,0,0,0,0,3,6.8,24.7,0.0,3.2,1,1,1,3,0,0.00,0.01,0.01,0.17,1,False
3,167,59,0,0,0,1,0,0,0,0,0,0,0,3,0.0,2.3,0.0,0.2,0,3,0,3,1,0.00,0.00,0.00,1.65,1,False
3,168,0,0,0,0,0,0,0,0,0,0,0,0,0,0.0,0.0,0.0,0.0,0,0,0,0,0,0.00,0.00,0.00,0.00,0,False
3,169,60,0,0,0,1,0,0,0,0,0,0,0,12,3.8,0.3,0.0,0.4,0,3,3,6,1,0.00,0.00,0.00,1.65,2,False
3,170,30,1,0,0,0,0,0,0,0,0,0,0,19,35.6,0.4,17.0,5.3,0,1,1,2,0,0.79,0.01,0.80,0.17,6,False
3,171,0,0,0,0,0,0,0,0,0,0,0,0,0,0.0,0.0,0.0,0.0,0,0,0,0,0,0.00,0.00,0.00,0.00,0,False
3,172,0,0,0,0,0,0,0,0,0,0,0,0,0,0.0,0.0,0.0,0.0,0,0,0,0,0,0.00,0.00,0.00,0.00,0,False
3,173,0,0,0,0,0,0,0,0,0,0,0,0,0,0.0,0.0,0.0,0.0,0,0,0,0,0,0.00,0.00,0.00,0.00,0,False
3,174,0,0,0,0,0,0,0,0,0,0,0,0,0,0.0,0.0,0.0,0.0,0,0,0,0,0,0.00,0.00,0.00,0.00,0,False
3,175,0,0,0,0,0,0,0,0,0,0,0,0,0,0.0,0.0,0.0,0.0,0,0,0,0,0,0.00,0.00,0.00,0.00,0,False
3,176,0,0,0,0,0,0,0,0,0,0,0,0,0,0.0,0.0,0.0,0.0,0,0,0,0,0,0.00,0.00,0.00,0.00,0,False
3,177,0,0,0,0,0,0,0,0,0,0,0,0,0,0.0,0.0,0.0,0.0,0,0,0,0,0,0.00,0.00,0.00,0.00,0,False
3,178,60,0,0,0,1,0,0,0,0,0,0,0,6,0.4,16.5,2.0,1.9,0,2,0,2,1,0.00,0.17,0.17,1.65,2,False
3,179,0,0,0,0,0,0,0,0,0,0,0,0,0,0.0,0.0,0.0,0.0,0,0,0,0,0,0.00,0.00,0.00,0.00,0,False
3,180,0,0,0,0,0,0,0,0,0,0,0,0,0,0.0,0.0,0.0,0.0,0,0,0,0,0,0.00,0.00,0.00,0.00,0,False
3,181,0,0,0,0,0,0,0,0,0,0,0,0,0,0.0,0.0,0.0,0.0,0,0,0,0,0,0.00,0.00,0.00,0.00,0,False
3,182,90,0,0,0,2,0,0,0,0,0,5,0,18,40.6,0.0,0.0,4.1,1,13,0,0,1,0.00,0.00,0.00,2.30,2,False
3,183,0,0,0,0,0,0,0,0,0,0,0,0,0,0.0,0.0,0.0,0.0,0,0,0,0,0,0.00,0.00,0.00,0.00,0,False
3,184,0,0,0,0,0,0,0,0,0,0,0,0,0,0.0,0.0,0.0,0.0,0,0,0,0,0,0.00,0.00,0.00,0.00,0,False
3,185,0,0,0,0,0,0,0,0,0,0,0,0,0,0.0,0.0,0.0,0.0,0,0,0,0,0,0.00,0.00,0.00,0.00,0,False
3,186,0,0,0,0,0,0,0,0,0,0,0,0,0,0.0,0.0,0.0,0.0,0,0,0,0,0,0.00,0.00,0.00,0.00,0,False
3,187,90,0,0,0,3,0,0,0,1,0,0,0,-1,15.4,4.3,0.0,2.0,4,3,3,7,1,0.00,0.10,0.10,3.63,0,False
3,188,0,0,0,0,0,0,0,0,0,0,0,0,0,0.0,0.0,0.0,0.0,0,0,0,0,0,0.00,0.00,0.00,0.00,0,False
3,189,0,0,0,0,0,0,0,0,0,0,0,0,0,0.0,0.0,0.0,0.0,0,0,0,0,0,0.00,0.00,0.00,0.00,0,False
3,190,82,0,0,0,2,0,0,0,0,0,0,0,11,24.6,0.3,2.0,2.7,10,6,2,12,1,0.00,0.00,0.00,2.57,3,False
3,191,90,0,0,0,3,0,0,0,0,0,0,0,-2,16.4,0.2,2.0,1.9,7,1,1,8,1,0.00,0.00,0.00,3.63,1,False
3,192,90,0,0,0,3,0,0,0,0,0,0,0,2,19.6,1.8,7.0,2.8,7,3,2,9,1,0.09,0.00,0.09,3.63,1,False
3,193,0,0,0,0,0,0,0,0,0,0,0,0,0,0.0,0.0,0.0,0.0,0,0,0,0,0,0.00,0.00,0.00,0.00,0,False
3,194,0,0,0,0,0,0,0,0,0,0,0,0,0,0.0,0.0,0.0,0.0,0,0,0,0,0,0.00,0.00,0.00,0.00,0,False
3,195,0,0,0,0,0,0,0,0,0,0,0,0,0,0.0,0.0,0.0,0.0,0,0,0,0,0,0.00,0.00,0.00,0.00,0,False
3,196,0,0,0,0,0,0,0,0,0,0,0,0,0,0.0,0.0,0.0,0.0,0,0,0,0,0,0.00,0.00,0.00,0.00,0,False
3,197,8,0,0,0,1,0,0,0,0,0,0,0,1,3.0,0.0,0.0,0.3,1,0,1,2,0,0.00,0.00,0.00,1.06,1,False
3,198,0,0,0,0,0,0,0,0,0,0,0,0,0,0.0,0.0,0.0,0.0,0,0,0,0,0,0.00,0.00,0.00,0.00,0,False
3,199,7,0,0,0,1,0,0,0,0,0,0,0,1,3.0,0.0,0.0,0.3,2,1,0,2,0,0.00,0.00,0.00,1.06,1,False
3,200,90,1,0,0,3,0,0,0,1,0,0,0,21,40.8,0.8,35.0,7.7,4,2,0,6,1,0.38,0.01,0.39,3.63,6,False
3,201,0,0,0,0,0,0,0,0,0,0,0,0,0,0.0,0.0,0.0,0.0,0,0,0,0,0,0.00,0.00,0.00,0.00,0,False
3,202,81,0,1,0,2,0,0,0,0,0,0,0,22,29.2,26.6,8.0,6.4,4,2,1,7,1,0.03,0.32,0.35,2.57,5,False
3,203,0,0,0,0,0,0,0,0,0,0,0,0,0,0.0,0.0,0.0,0.0,0,0,0,0,0,0.00,0.00,0.00,0.00,0,False
3,204,0,0,0,0,0,0,0,0,0,0,0,0,0,0.0,0.0,0.0,0.0,0,0,0,0,0,0.00,0.00,0.00,0.00,0,False
3,205,90,0,0,0,3,1,0,0,0,0,0,0,7,15.4,3.3,0.0,1.9,7,5,2,14,1,0.00,0.05,0.05,3.63,2,False
3,206,0,0,0,0,0,0,0,0,0,0,0,0,0,0.0,0.0,0.0,0.0,0,0,0,0,0,0.00,0.00,0.00,0.00,0,False
3,207,64,0,0,0,2,0,0,0,0,0,0,0,7,2.8,6.1,4.0,1.3,1,0,2,3,1,0.11,0.00,0.11,2.38,2,False
3,208,0,0,0,0,0,0,0,0,0,0,0,0,0,0.0,0.0,0.0,0.0,0,0,0,0,0,0.00,0.00,0.00,0.00,0,False
3,209,14,0,0,0,1,0,0,0,1,0,0,0,1,2.4,0.1,2.0,0.5,2,2,0,4,0,0.00,0.00,0.00,1.13,0,False
3,210,25,0,1,0,1,0,0,0,1,0,0,0,12,4.2,1.3,17.0,2.3,0,0,1,1,0,0.13,0.00,0.13,1.25,3,False
3,211,0,0,0,0,0,0,0,0,0,0,0,0,0,0.0,0.0,0.0,0.0,0,0,0,0,0,0.00,0.00,0.00,0.00,0,False
3,212,0,0,0,0,0,0,0,0,0,0,0,0,0,0.0,0.0,0.0,0.0,0,0,0,0,0,0.00,0.00,0.00,0.00,0,False
3,213,0,0,0,0,0,0,0,0,0,0,0,0,0,0.0,0.0,0.0,0.0,0,0,0,0,0,0.00,0.00,0.00,0.00,0,False
3,214,0,0,0,0,0,0,0,0,0,0,0,0,0,0.0,0.0,0.0,0.0,0,0,0,0,0,0.00,0.00,0.00,0.00,0,False
3,215,0,0,0,0,0,0,0,0,0,0,0,0,0,0.0,0.0,0.0,0.0,0,0,0,0,0,0.00,0.00,0.00,0.00,0,False
3,216,0,0,0,0,0,0,0,0,0,0,0,0,0,0.0,0.0,0.0,0.0,0,0,0,0,0,0.00,0.00,0.00,0.00,0,False
3,217,90,1,0,0,3,0,0,0,1,0,0,1,27,39.2,3.3,25.0,6.8,1,4,1,6,1,0.51,0.00,0.51,3.63,6,False
3,218,0,0,0,0,0,0,0,0,0,0,0,0,0,0.0,0.0,0.0,0.0,0,0,0,0,0,0.00,0.00,0.00,0.00,0,False
3,219,0,0,0,0,0,0,0,0,0,0,0,0,0,0.0,0.0,0.0,0.0,0,0,0,0,0,0.00,0.00,0.00,0.00,0,False
3,220,90,0,0,1,0,0,0,0,0,0,1,0,22,7.2,0.0,0.0,0.7,0,6,0,0,1,0.00,0.00,0.00,1.02,6,False
3,221,0,0,0,0,0,0,0,0,0,0,0,0,0,0.0,0.0,0.0,0.0,0,0,0,0,0,0.00,0.00,0.00,0.00,0,False
3,222,0,0,0,0,0,0,0,0,0,0,0,0,0,0.0,0.0,0.0,0.0,0,0,0,0,0,0.00,0.00,0.00,0.00,0,False
3,223,0,0,0,0,0,0,0,0,0,0,0,0,0,0.0,0.0,0.0,0.0,0,0,0,0,0,0.00,0.00,0.00,0.00,0,False
3,224,90,0,0,1,0,0,0,0,0,0,0,0,31,25.0,26.5,0.0,5.2,6,3,3,9,1,0.00,0.03,0.03,1.02,6,False
3,225,9,0,0,0,0,0,0,0,0,0,0,0,4,3.4,0.3,7.0,1.1,0,0,0,0,0,0.04,0.00,0.04,0.68,1,False
3,226,90,0,1,1,0,0,0,0,0,0,0,2,43,26.4,8.6,17.0,5.2,6,2,5,11,1,0.12,0.21,0.33,1.02,13,True
3,227,0,0,0,0,0,0,0,0,0,0,0,0,0,0.0,0.0,0.0,0.0,0,0,0,0,0,0.00,0.00,0.00,0.00,0,False
3,228,90,0,0,1,0,0,0,0,0,0,0,0,30,13.8,15.5,4.0,3.3,3,7,2,5,1,0.00,0.05,0.05,1.02,6,False
3,229,0,0,0,0,0,0,0,0,0,0,0,0,0,0.0,0.0,0.0,0.0,0,0,0,0,0,0.00,0.00,0.00,0.00,0,False
3,230,0,0,0,0,0,0,0,0,0,0,0,0,0,0.0,0.0,0.0,0.0,0,0,0,0,0,0.00,0.00,0.00,0.00,0,False
3,231,0,0,0,0,0,0,0,0,0,0,0,0,0,0.0,0.0,0.0,0.0,0,0,0,0,0,0.00,0.00,0.00,0.00,0,False
3,232,90,0,0,1,0,0,0,0,0,0,0,0,27,26.0,0.7,2.0,2.9,9,3,2,11,1,0.00,0.01,0.01,1.02,8,False
3,233,0,0,0,0,0,0,0,0,0,0,0,0,0,0.0,0.0,0.0,0.0,0,0,0,0,0,0.00,0.00,0.00,0.00,0,False
3,234,0,0,0,0,0,0,0,0,0,0,0,0,0,0.0,0.0,0.0,0.0,0,0,0,0,0,0.00,0.00,0.00,0.00,0,False
3,235,0,0,0,0,0,0,0,0,0,0,0,0,0,0.0,0.0,0.0,0.0,0,0,0,0,0,0.00,0.00,0.00,0.00,0,False
3,236,80,0,0,1,0,0,0,0,0,0,0,0,12,8.8,32.5,0.0,4.1,2,2,0,4,1,0.00,0.17,0.17,0.35,3,False
3,237,90,1,1,1,0,0,0,0,0,0,0,1,39,60.4,40.4,25.0,12.6,3,3,0,6,1,0.79,0.24,1.03,1.02,12,True
3,238,67,0,0,1,0,0,0,0,0,0,0,0,4,8.4,16.1,29.0,5.4,1,2,0,3,1,0.36,0.06,0.42,0.35,3,False
3,239,22,0,0,0,0,0,0,0,0,0,0,0,4,1.0,0.0,5.0,0.6,0,1,1,2,0,0.03,0.00,0.03,0.68,1,False
3,240,0,0,0,0,0,0,0,0,0,0,0,0,0,0.0,0.0,0.0,0.0,0,0,0,0,0,0.00,0.00,0.00,0.00,0,False
3,241,90,0,0,1,0,0,0,0,1,0,0,0,16,23.8,3.9,5.0,3.3,8,11,4,23,1,0.06,0.03,0.09,1.02,4,False
3,242,90,1,1,0,2,0,0,0,1,0,0,3,49,55.4,44.1,19.0,11.9,0,5,1,6,1,0.06,0.59,0.65,1.11,12,True
3,243,66,0,0,1,0,0,0,0,0,0,0,0,4,3.6,1.3,33.0,3.8,0,1,0,1,0,0.21,0.01,0.22,0.27,3,False
3,244,0,0,0,0,0,0,0,0,0,0,0,0,0,0.0,0.0,0.0,0.0,0,0,0,0,0,0.00,0.00,0.00,0.00,0,False
3,245,0,0,0,0,0,0,0,0,0,0,0,0,0,0.0,0.0,0.0,0.0,0,0,0,0,0,0.00,0.00,0.00,0.00,0,False
3,246,9,0,0,0,0,0,0,0,1,0,0,0,2,2.6,10.6,2.0,1.5,0,1,1,2,0,0.00,0.01,0.01,0.68,0,False
3,247,0,0,0,0,0,0,0,0,0,0,0,0,0,0.0,0.0,0.0,0.0,0,0,0,0,0,0.00,0.00,0.00,0.00,0,False
3,248,0,0,0,0,0,0,0,0,0,0,0,0,0,0.0,0.0,0.0,0.0,0,0,0,0,0,0.00,0.00,0.00,0.00,0,False
3,249,90,1,0,1,0,0,0,0,0,0,0,3,46,49.8,13.6,51.0,11.4,3,6,1,10,1,0.66,0.02,0.68,1.02,9,True
3,250,13,0,0,0,0,0,0,0,0,0,0,0,1,0.0,0.0,5.0,0.0,0,0,0,0,1,0.09,0.00,0.09,0.08,1,False
3,251,0,0,0,0,0,0,0,0,0,0,0,0,0,0.0,0.0,0.0,0.0,0,0,0,0,0,0.00,0.00,0.00,0.00,0,False
3,252,3,0,0,0,0,0,0,0,0,0,0,0,3,1.0,0.0,0.0,0.1,1,0,0,1,0,0.00,0.00,0.00,0.00,1,False
3,253,90,0,0,1,0,0,0,0,0,0,4,0,31,31.0,0.0,0.0,3.1,0,7,0,0,1,0.00,0.00,0.00,1.13,7,False
3,254,0,0,0,0,0,0,0,0,0,0,0,0,0,0.0,0.0,0.0,0.0,0,0,0,0,0,0.00,0.00,0.00,0.00,0,False
3,255,0,0,0,0,0,0,0,0,0,0,0,0,0,0.0,0.0,0.0,0.0,0,0,0,0,0,0.00,0.00,0.00,0.00,0,False
3,256,90,0,0,1,0,0,0,0,0,0,0,1,37,25.2,16.7,4.0,4.6,6,8,5,11,1,0.00,0.48,0.48,1.13,9,False
3,257,90,0,1,1,0,0,0,0,0,0,0,2,39,33.0,10.9,2.0,4.6,9,1,0,9,1,0.00,0.12,0.12,1.13,11,True
3,258,90,0,0,1,0,0,0,0,0,0,0,0,30,22.6,17.9,4.0,4.5,3,3,6,9,1,0.00,0.02,0.02,1.13,6,False
3,259,0,0,0,0,0,0,0,0,0,0,0,0,0,0.0,0.0,0.0,0.0,0,0,0,0,0,0.00,0.00,0.00,0.00,0,False
3,260,90,1,0,1,0,0,0,0,0,0,0,3,46,53.8,1.8,17.0,7.3,6,5,3,9,1,0.05,0.01,0.06,1.13,15,True
3,261,90,0,0,1,0,0,0,0,0,0,0,0,31,30.6,0.9,0.0,3.2,9,1,4,13,1,0.00,0.00,0.00,1.13,8,False
3,262,0,0,0,0,0,0,0,0,0,0,0,0,0,0.0,0.0,0.0,0.0,0,0,0,0,0,0.00,0.00,0.00,0.00,0,False
3,263,4,0,0,0,0,0,0,0,0,0,0,0,5,3.4,0.5,0.0,0.4,1,0,1,2,0,0.00,0.00,0.00,0.00,1,False
3,264,0,0,0,0,0,0,0,0,0,0,0,0,0,0.0,0.0,0.0,0.0,0,0,0,0,0,0.00,0.00,0.00,0.00,0,False
3,265,0,0,0,0,0,0,0,0,0,0,0,0,0,0.0,0.0,0.0,0.0,0,0,0,0,0,0.00,0.00,0.00,0.00,0,False
3,266,20,0,0,0,1,0,0,0,0,0,0,0,4,1.8,2.8,2.0,0.7,0,1,0,1,0,0.00,0.03,0.03,0.25,1,False
3,267,90,1,0,1,0,0,0,0,1,0,0,0,16,37.4,2.3,40.0,8.0,2,5,1,8,1,1.45,0.00,1.45,1.13,7,False
3,268,0,0,0,0,0,0,0,0,0,0,0,0,0,0.0,0.0,0.0,0.0,0,0,0,0,0,0.00,0.00,0.00,0.00,0,False
3,269,0,0,0,0,0,0,0,0,0,0,0,0,0,0.0,0.0,0.0,0.0,0,0,0,0,0,0.00,0.00,0.00,0.00,0,False
3,270,70,0,0,1,0,0,0,0,1,0,0,0,5,4.0,2.5,0.0,0.7,6,2,0,8,1,0.00,0.02,0.02,0.85,2,False
3,271,85,0,1,1,0,0,0,0,0,0,0,0,25,5.8,10.3,2.0,1.8,1,4,2,7,1,0.00,0.17,0.17,1.13,6,False
3,272,34,0,0,0,0,0,0,0,0,0,0,0,-1,4.0,3.5,17.0,2.5,1,1,1,3,0,0.36,0.01,0.37,0.38,1,False
3,273,55,0,0,0,0,0,0,0,0,0,0,0,9,3.2,5.9,0.0,0.9,0,5,0,5,1,0.00,0.01,0.01,0.75,1,False
3,274,0,0,0,0,0,0,0,0,0,0,0,0,0,0.0,0.0,0.0,0.0,0,0,0,0,0,0.00,0.00,0.00,0.00,0,False
3,275,0,0,0,0,0,0,0,0,0,0,0,0,0,0.0,0.0,0.0,0.0,0,0,0,0,0,0.00,0.00,0.00,0.00,0,False
3,276,5,0,0,0,0,0,0,0,0,0,0,0,2,1.0,1.5,0.0,0.3,0,0,1,1,0,0.00,0.00,0.00,0.00,1,False
3,277,0,0,0,0,0,0,0,0,0,0,0,0,0,0.0,0.0,0.0,0.0,0,0,0,0,0,0.00,0.00,0.00,0.00,0,False
3,278,0,0,0,0,0,0,0,0,0,0,0,0,0,0.0,0.0,0.0,0.0,0,0,0,0,0,0.00,0.00,0.00,0.00,0,False
3,279,0,0,0,0,0,0,0,0,0,0,0,0,0,0.0,0.0,0.0,0.0,0,0,0,0,0,0.00,0.00,0.00,0.00,0,False
3,280,0,0,0,0,0,0,0,0,0,0,0,0,0,0.0,0.0,0.0,0.0,0,0,0,0,0,0.00,0.00,0.00,0.00,0,False
3,281,0,0,0,0,0,0,0,0,0,0,0,0,0,0.0,0.0,0.0,0.0,0,0,0,0,0,0.00,0.00,0.00,0.00,0,False
3,282,0,0,0,0,0,0,0,0,0,0,0,0,0,0.0,0.0,0.0,0.0,0,0,0,0,0,0.00,0.00,0.00,0.00,0,False
3,283,84,1,0,1,0,0,0,0,1,0,0,0,22,37.4,3.8,21.0,6.2,3,2,0,5,1,0.79,0.33,1.12,1.13,5,False
3,284,0,0,0,0,0,0,0,0,0,0,0,0,0,0.0,0.0,0.0,0.0,0,0,0,0,0,0.00,0.00,0.00,0.00,0,False
3,285,0,0,0,0,0,0,0,0,0,0,0,0,0,0.0,0.0,0.0,0.0,0,0,0,0,0,0.00,0.00,0.00,0.00,0,False
3,286,0,0,0,0,0,0,0,0,0,0,0,0,0,0.0,0.0,0.0,0.0,0,0,0,0,0,0.00,0.00,0.00,0.00,0,False
3,287,90,0,0,0,2,0,0,0,0,0,2,0,5,15.0,0.0,0.0,1.5,3,8,0,0,1,0.00,0.01,0.01,1.11,1,False
3,288,0,0,0,0,0,0,0,0,0,0,0,0,0,0.0,0.0,0.0,0.0,0,0,0,0,0,0.00,0.00,0.00,0.00,0,False
3,289,0,0,0,0,0,0,0,0,0,0,0,0,0,0.0,0.0,0.0,0.0,0,0,0,0,0,0.00,0.00,0.00,0.00,0,False
3,290,0,0,0,0,0,0,0,0,0,0,0,0,0,0.0,0.0,0.0,0.0,0,0,0,0,0,0.00,0.00,0.00,0.00,0,False
3,291,90,0,0,0,2,0,0,0,0,0,0,0,5,23.2,0.3,0.0,2.4,10,4,1,11,1,0.00,0.00,0.00,1.11,3,False
3,292,90,0,0,0,2,0,0,0,0,0,0,0,3,7.4,5.3,2.0,1.5,6,4,1,7,1,0.00,0.07,0.07,1.11,1,False
3,293,90,0,0,0,2,0,0,0,0,0,0,0,-3,16.8,9.0,4.0,3.0,7,2,1,8,1,0.07,0.01,0.08,1.11,1,False
3,294,1,0,0,0,0,0,0,0,0,0,0,0,3,0.0,0.0,0.0,0.0,0,0,0,0,0,0.00,0.00,0.00,0.00,1,False
3,295,90,0,0,0,2,0,0,0,0,0,0,0,6,24.6,0.2,0.0,2.5,13,1,1,14,1,0.00,0.00,0.00,1.11,3,False
3,296,0,0,0,0,0,0,0,0,0,0,0,0,0,0.0,0.0,0.0,0.0,0,0,0,0,0,0.00,0.00,0.00,0.00,0,False
3,297,0,0,0,0,0,0,0,0,0,0,0,0,0,0.0,0.0,0.0,0.0,0,0,0,0,0,0.00,0.00,0.00,0.00,0,False
3,298,0,0,0,0,0,0,0,0,0,0,0,0,0,0.0,0.0,0.0,0.0,0,0,0,0,0,0.00,0.00,0.00,0.00,0,False
3,299,90,1,0,0,2,0,0,0,0,0,0,0,21,39.6,24.0,25.0,8.9,0,5,3,8,1,0.56,0.05,0.61,1.11,7,False
3,300,0,0,0,0,0,0,0,0,0,0,0,0,0,0.0,0.0,0.0,0.0,0,0,0,0,0,0.00,0.00,0.00,0.00,0,False
3,301,2,0,0,0,0,0,0,0,0,0,0,0,5,2.0,0.0,0.0,0.2,0,1,1,2,0,0.00,0.00,0.00,0.12,1,False
3,302,75,0,0,0,1,0,0,0,0,0,0,0,16,7.4,12.8,11.0,3.1,0,6,3,9,1,0.30,0.03,0.33,0.65,2,False
3,303,90,0,0,0,2,0,0,0,0,0,0,0,18,13.4,3.3,0.0,1.7,4,5,3,12,1,0.00,0.02,0.02,1.11,4,False
3,304,14,0,0,0,1,0,0,0,0,0,0,0,4,6.2,0.0,2.0,0.8,2,0,0,2,0,0.03,0.00,0.03,0.46,1,False
3,305,0,0,0,0,0,0,0,0,0,0,0,0,0,0.0,0.0,0.0,0.0,0,0,0,0,0,0.00,0.00,0.00,0.00,0,False
3,306,0,0,0,0,0,0,0,0,0,0,0,0,0,0.0,0.0,0.0,0.0,0,0,0,0,0,0.00,0.00,0.00,0.00,0,False
3,307,0,0,0,0,0,0,0,0,0,0,0,0,0,0.0,0.0,0.0,0.0,0,0,0,0,0,0.00,0.00,0.00,0.00,0,False
3,308,0,0,0,0,0,0,0,0,0,0,0,0,0,0.0,0.0,0.0,0.0,0,0,0,0,0,0.00,0.00,0.00,0.00,0,False
3,309,0,0,0,0,0,0,0,0,0,0,0,0,0,0.0,0.0,0.0,0.0,0,0,0,0,0,0.00,0.00,0.00,0.00,0,False
3,310,14,0,0,0,1,0,0,0,0,0,0,0,3,6.2,3.9,0.0,1.0,2,0,0,2,0,0.00,0.00,0.00,0.46,1,False
3,311,75,1,0,0,1,0,0,0,0,0,0,1,33,32.2,14.1,39.0,8.5,0,1,0,1,1,0.63,0.08,0.71,0.65,7,False
3,312,0,0,0,0,0,0,0,0,0,0,0,0,0,0.0,0.0,0.0,0.0,0,0,0,0,0,0.00,0.00,0.00,0.00,0,False
3,313,0,0,0,0,0,0,0,0,0,0,0,0,0,0.0,0.0,0.0,0.0,0,0,0,0,0,0.00,0.00,0.00,0.00,0,False
3,314,90,0,0,0,2,0,0,0,0,0,4,0,12,29.2,0.0,0.0,2.9,0,13,1,0,1,0.00,0.00,0.00,2.35,2,False
3,315,0,0,0,0,0,0,0,0,0,0,0,0,0,0.0,0.0,0.0,0.0,0,0,0,0,0,0.00,0.00,0.00,0.00,0,False
3,316,23,0,0,0,0,0,0,0,0,0,0,0,4,5.2,5.3,2.0,1.3,1,1,0,1,0,0.00,0.04,0.04,0.12,1,False
3,317,90,0,0,0,2,0,0,0,0,0,0,0,13,20.8,11.2,8.0,4.0,7,4,3,10,1,0.21,0.02,0.23,2.35,3,False
3,318,90,0,0,0,2,0,0,0,0,0,0,0,7,13.6,1.3,0.0,1.5,2,4,2,4,1,0.00,0.01,0.01,2.35,1,False
3,319,59,0,0,0,2,0,0,0,0,0,0,0,-5,10.0,10.7,7.0,2.8,1,2,3,4,1,0.08,0.03,0.11,2.19,0,False
3,320,0,0,0,0,0,0,0,0,0,0,0,0,0,0.0,0.0,0.0,0.0,0,0,0,0,0,0.00,0.00,0.00,0.00,0,False
3,321,0,0,0,0,0,0,0,0,0,0,0,0,0,0.0,0.0,0.0,0.0,0,0,0,0,0,0.00,0.00,0.00,0.00,0,False
3,322,90,0,0,0,2,0,0,0,0,0,0,0,7,22.0,3.9,4.0,3.0,7,2,4,11,1,0.07,0.01,0.08,2.35,3,False
3,323,0,0,0,0,0,0,0,0,0,0,0,0,0,0.0,0.0,0.0,0.0,0,0,0,0,0,0.00,0.00,0.00,0.00,0,False
3,324,83,0,0,0,2,0,0,0,1,0,0,0,4,4.0,9.8,1.0,1.5,1,5,3,9,1,0.03,0.05,0.08,2.31,1,False
3,325,23,0,0,0,0,0,0,0,0,0,0,0,4,3.8,12.3,0.0,1.6,0,0,0,0,0,0.00,0.03,0.03,0.12,1,False
3,326,6,0,0,0,0,0,0,0,0,0,0,0,5,4.2,14.7,6.0,2.5,0,1,0,1,0,0.00,0.07,0.07,0.04,1,False
3,327,0,0,0,0,0,0,0,0,0,0,0,0,0,0.0,0.0,0.0,0.0,0,0,0,0,0,0.00,0.00,0.00,0.00,0,False
3,328,66,0,0,0,2,0,0,0,0,0,0,0,3,10.6,1.2,2.0,1.4,5,1,4,10,1,0.00,0.00,0.00,2.23,2,False
3,329,30,0,0,0,0,0,0,0,0,0,0,0,5,2.4,0.8,7.0,1.0,0,0,1,1,0,0.03,0.01,0.04,0.16,1,False
3,330,90,0,0,0,2,0,0,0,0,0,0,0,12,14.6,1.3,9.0,2.5,2,7,2,11,1,0.41,0.01,0.42,2.35,2,False
3,331,0,0,0,0,0,0,0,0,0,0,0,0,0,0.0,0.0,0.0,0.0,0,0,0,0,0,0.00,0.00,0.00,0.00,0,False
3,332,90,0,0,0,2,0,0,0,1,0,0,0,8,23.6,47.8,2.0,7.3,2,3,5,10,1,0.00,0.11,0.11,2.35,1,False
3,333,0,0,0,0,0,0,0,0,0,0,0,0,0,0.0,0.0,0.0,0.0,0,0,0,0,0,0.00,0.00,0.00,0.00,0,False
3,334,0,0,0,0,0,0,0,0,0,0,0,0,0,0.0,0.0,0.0,0.0,0,0,0,0,0,0.00,0.00,0.00,0.00,0,False
3,335,66,0,0,0,2,0,0,0,0,0,0,0,11,10.8,12.6,11.0,3.4,2,3,0,5,1,0.04,0.08,0.12,2.23,2,False
3,336,0,0,0,0,0,0,0,0,0,0,0,0,0,0.0,0.0,0.0,0.0,0,0,0,0,0,0.00,0.00,0.00,0.00,0,False
3,337,31,0,0,0,0,0,0,0,0,0,0,0,-2,0.0,1.0,7.0,0.8,1,0,1,2,0,0.11,0.00,0.11,0.16,1,False
3,338,58,0,0,0,2,0,0,0,0,0,0,0,-1,0.0,10.3,4.0,1.4,1,0,0,1,1,0.04,0.00,0.04,2.19,1,False
3,339,0,0,0,0,0,0,0,0,0,0,0,0,0,0.0,0.0,0.0,0.0,0,0,0,0,0,0.00,0.00,0.00,0.00,0,False
3,340,0,0,0,0,0,0,0,0,0,0,0,0,0,0.0,0.0,0.0,0.0,0,0,0,0,0,0.00,0.00,0.00,0.00,0,False
3,341,0,0,0,0,0,0,0,0,0,0,0,0,0,0.0,0.0,0.0,0.0,0,0,0,0,0,0.00,0.00,0.00,0.00,0,False
3,342,90,0,0,1,0,0,0,0,0,0,0,0,23,10.6,12.4,9.0,3.2,5,9,2,7,1,0.08,0.02,0.10,0.46,6,False
3,343,90,0,0,1,0,0,0,0,0,0,0,0,27,10.0,1.2,0.0,1.1,4,3,0,4,1,0.00,0.01,0.01,0.46,6,False
3,344,0,0,0,0,0,0,0,0,0,0,0,0,0,0.0,0.0,0.0,0.0,0,0,0,0,0,0.00,0.00,0.00,0.00,0,False
3,345,0,0,0,0,0,0,0,0,0,0,0,0,0,0.0,0.0,0.0,0.0,0,0,0,0,0,0.00,0.00,0.00,0.00,0,False
3,346,0,0,0,0,0,0,0,0,0,0,0,0,0,0.0,0.0,0.0,0.0,0,0,0,0,0,0.00,0.00,0.00,0.00,0,False
3,347,79,0,0,1,0,0,0,0,0,0,0,3,34,20.4,25.5,2.0,4.8,3,2,2,5,1,0.00,0.03,0.03,0.43,9,False
3,348,90,0,0,1,0,0,0,0,0,0,0,1,28,15.4,0.8,2.0,1.8,6,3,1,7,1,0.00,0.00,0.00,0.46,7,False
3,349,0,0,0,0,0,0,0,0,0,0,0,0,0,0.0,0.0,0.0,0.0,0,0,0,0,0,0.00,0.00,0.00,0.00,0,False
3,350,30,0,0,0,0,0,0,0,0,0,0,0,7,5.2,2.1,0.0,0.7,0,0,1,1,0,0.00,0.02,0.02,0.07,1,False
3,351,59,0,0,0,0,0,0,0,1,0,0,0,0,0.0,13.6,3.0,1.6,0,3,0,3,1,0.04,0.05,0.09,0.39,0,False
3,352,30,0,0,0,0,0,0,0,0,0,0,0,10,7.6,4.4,2.0,1.4,3,2,1,6,0,0.00,0.03,0.03,0.07,1,False
3,353,59,0,0,0,0,0,0,0,0,0,0,0,5,4.0,15.1,9.0,2.8,0,2,1,3,1,0.22,0.12,0.34,0.39,1,False
3,354,0,0,0,0,0,0,0,0,0,0,0,0,0,0.0,0.0,0.0,0.0,0,0,0,0,0,0.00,0.00,0.00,0.00,0,False
3,355,0,0,0,0,0,0,0,0,0,0,0,0,0,0.0,0.0,0.0,0.0,0,0,0,0,0,0.00,0.00,0.00,0.00,0,False
3,356,90,0,0,1,0,0,0,0,0,0,0,0,19,13.4,7.5,2.0,2.3,3,2,3,8,1,0.00,0.01,0.01,0.46,3,False
3,357,0,0,0,0,0,0,0,0,0,0,0,0,0,0.0,0.0,0.0,0.0,0,0,0,0,0,0.00,0.00,0.00,0.00,0,False
3,358,0,0,0,0,0,0,0,0,0,0,0,0,0,0.0,0.0,0.0,0.0,0,0,0,0,0,0.00,0.00,0.00,0.00,0,False
3,359,0,0,0,0,0,0,0,0,0,0,0,0,0,0.0,0.0,0.0,0.0,0,0,0,0,0,0.00,0.00,0.00,0.00,0,False
3,360,0,0,0,0,0,0,0,0,0,0,0,0,0,0.0,0.0,0.0,0.0,0,0,0,0,0,0.00,0.00,0.00,0.00,0,False
3,361,0,0,0,0,0,0,0,0,0,0,0,0,0,0.0,0.0,0.0,0.0,0,0,0,0,0,0.00,0.00,0.00,0.00,0,False
3,362,0,0,0,0,0,0,0,0,0,0,0,0,0,0.0,0.0,0.0,0.0,0,0,0,0,0,0.00,0.00,0.00,0.00,0,False
3,363,0,0,0,0,0,0,0,0,0,0,0,0,0,0.0,0.0,0.0,0.0,0,0,0,0,0,0.00,0.00,0.00,0.00,0,False
3,364,0,0,0,0,0,0,0,0,0,0,0,0,0,0.0,0.0,0.0,0.0,0,0,0,0,0,0.00,0.00,0.00,0.00,0,False
3,365,69,0,0,1,0,0,0,0,0,0,0,0,8,10.6,5.1,11.0,2.7,5,4,0,9,1,0.10,0.02,0.12,0.39,2,False
3,366,90,0,0,1,0,0,0,0,0,0,1,2,29,16.8,0.0,0.0,1.7,2,9,0,0,1,0.00,0.00,0.00,0.49,8,True
3,367,0,0,0,0,0,0,0,0,0,0,0,0,0,0.0,0.0,0.0,0.0,0,0,0,0,0,0.00,0.00,0.00,0.00,0,False
3,368,0,0,0,0,0,0,0,0,0,0,0,0,0,0.0,0.0,0.0,0.0,0,0,0,0,0,0.00,0.00,0.00,0.00,0,False
3,369,0,0,0,0,0,0,0,0,0,0,0,0,0,0.0,0.0,0.0,0.0,0,0,0,0,0,0.00,0.00,0.00,0.00,0,False
3,370,0,0,0,0,0,0,0,0,0,0,0,0,0,0.0,0.0,0.0,0.0,0,0,0,0,0,0.00,0.00,0.00,0.00,0,False
3,371,90,0,0,1,0,0,0,0,0,0,0,0,27,22.0,1.8,0.0,2.4,6,2,3,9,1,0.00,0.00,0.00,0.49,6,False
3,372,0,0,0,0,0,0,0,0,0,0,0,0,0,0.0,0.0,0.0,0.0,0,0,0,0,0,0.00,0.00,0.00,0.00,0,False
3,373,90,0,0,1,0,0,0,0,0,0,0,2,29,31.2,3.7,2.0,3.7,8,2,0,8,1,0.00,0.02,0.02,0.49,8,False
3,374,78,0,0,1,0,0,0,0,0,0,0,0,26,16.2,0.8,0.0,1.7,4,2,1,5,1,0.00,0.00,0.00,0.40,6,False
3,375,0,0,0,0,0,0,0,0,0,0,0,0,0,0.0,0.0,0.0,0.0,0,0,0,0,0,0.00,0.00,0.00,0.00,0,False
3,376,11,0,0,0,0,0,0,0,0,0,0,0,6,12.2,0.1,0.0,1.2,7,0,0,7,0,0.00,0.00,0.00,0.09,1,False
3,377,0,0,0,0,0,0,0,0,0,0,0,0,0,0.0,0.0,0.0,0.0,0,0,0,0,0,0.00,0.00,0.00,0.00,0,False
3,378,0,0,0,0,0,0,0,0,0,0,0,0,0,0.0,0.0,0.0,0.0,0,0,0,0,0,0.00,0.00,0.00,0.00,0,False
3,379,0,0,0,0,0,0,0,0,0,0,0,0,0,0.0,0.0,0.0,0.0,0,0,0,0,0,0.00,0.00,0.00,0.00,0,False
3,380,0,0,0,0,0,0,0,0,0,0,0,0,0,0.0,0.0,0.0,0.0,0,0,0,0,0,0.00,0.00,0.00,0.00,0,False
3,381,90,0,0,1,0,0,0,0,0,0,0,0,5,0.4,6.8,17.0,2.4,0,2,0,2,1,0.05,0.03,0.08,0.49,3,False
3,382,88,0,0,1,0,0,0,0,0,0,0,0,18,14.8,12.6,23.0,5.0,2,4,2,8,1,0.18,0.06,0.24,0.40,3,False
3,383,0,0,0,0,0,0,0,0,0,0,0,0,0,0.0,0.0,0.0,0.0,0,0,0,0,0,0.00,0.00,0.00,0.00,0,False
3,384,90,0,0,1,0,0,0,0,0,0,0,0,10,11.4,13.9,22.0,4.7,2,2,1,5,1,0.05,0.01,0.06,0.49,3,False
3,385,11,0,0,0,0,0,0,0,0,0,0,0,2,0.2,0.1,2.0,0.2,0,0,0,0,0,0.12,0.00,0.12,0.09,1,False
3,386,60,0,0,1,0,0,0,0,0,0,0,0,7,6.2,21.5,5.0,3.3,2,7,0,9,1,0.05,0.05,0.10,0.31,3,False
3,387,90,1,0,1,0,0,0,0,0,0,0,3,45,56.0,17.0,7.0,8.0,7,5,2,14,1,0.03,0.02,0.05,0.49,13,True
3,388,29,0,1,0,0,0,0,0,0,0,0,0,14,5.6,11.6,0.0,1.7,1,2,0,3,0,0.00,0.02,0.02,0.18,4,False
3,389,0,0,0,0,0,0,0,0,0,0,0,0,0,0.0,0.0,0.0,0.0,0,0,0,0,0,0.00,0.00,0.00,0.00,0,False
3,390,90,0,0,1,0,0,0,0,1,0,0,0,13,6.2,15.3,1.0,2.3,1,7,1,9,1,0.02,0.01,0.03,0.49,2,False
3,391,0,0,0,0,0,0,0,0,0,0,0,0,0,0.0,0.0,0.0,0.0,0,0,0,0,0,0.00,0.00,0.00,0.00,0,False
3,392,1,0,0,0,0,0,0,0,1,0,0,0,-2,0.0,0.0,0.0,0.0,1,0,0,1,0,0.00,0.00,0.00,0.09,0,False
3,393,0,0,0,0,0,0,0,0,0,0,0,0,0,0.0,0.0,0.0,0.0,0,0,0,0,0,0.00,0.00,0.00,0.00,0,False
3,394,0,0,0,0,0,0,0,0,0,0,0,0,0,0.0,0.0,0.0,0.0,0,0,0,0,0,0.00,0.00,0.00,0.00,0,False
3,395,0,0,0,0,0,0,0,0,0,0,0,0,0,0.0,0.0,0.0,0.0,0,0,0,0,0,0.00,0.00,0.00,0.00,0,False
3,396,0,0,0,0,0,0,0,0,0,0,0,0,0,0.0,0.0,0.0,0.0,0,0,0,0,0,0.00,0.00,0.00,0.00,0,False
3,397,0,0,0,0,0,0,0,0,0,0,0,0,0,0.0,0.0,0.0,0.0,0,0,0,0,0,0.00,0.00,0.00,0.00,0,False
3,398,0,0,0,0,0,0,0,0,0,0,0,0,0,0.0,0.0,0.0,0.0,0,0,0,0,0,0.00,0.00,0.00,0.00,0,False
3,399,0,0,0,0,0,0,0,0,0,0,0,0,0,0.0,0.0,0.0,0.0,0,0,0,0,0,0.00,0.00,0.00,0.00,0,False
3,400,0,0,0,0,0,0,0,0,0,0,0,0,0,0.0,0.0,0.0,0.0,0,0,0,0,0,0.00,0.00,0.00,0.00,0,False
3,401,0,0,0,0,0,0,0,0,0,0,0,0,0,0.0,0.0,0.0,0.0,0,0,0,0,0,0.00,0.00,0.00,0.00,0,False
3,402,90,0,0,0,2,0,0,0,1,0,0,0,-1,12.6,12.8,4.0,2.9,5,3,3,8,1,0.00,0.46,0.46,2.30,0,False
3,403,0,0,0,0,0,0,0,0,0,0,0,0,0,0.0,0.0,0.0,0.0,0,0,0,0,0,0.00,0.00,0.00,0.00,0,False
3,404,0,0,0,0,0,0,0,0,0,0,0,0,0,0.0,0.0,0.0,0.0,0,0,0,0,0,0.00,0.00,0.00,0.00,0,False
3,405,0,0,0,0,0,0,0,0,0,0,0,0,0,0.0,0.0,0.0,0.0,0,0,0,0,0,0.00,0.00,0.00,0.00,0,False
3,406,84,0,0,0,1,0,0,0,1,0,0,0,8,14.0,2.3,0.0,1.6,2,1,4,6,1,0.00,0.01,0.01,1.19,1,False
3,407,84,0,0,0,1,0,0,0,0,0,0,0,7,10.6,5.3,0.0,1.6,6,5,0,6,1,0.00,0.02,0.02,1.19,2,False
3,408,5,0,0,0,1,0,0,0,0,0,0,0,-1,5.6,0.1,0.0,0.6,1,0,0,1,0,0.00,0.00,0.00,1.11,1,False
3,409,90,0,0,0,2,0,0,0,0,0,0,0,7,15.6,1.8,0.0,1.7,4,5,0,4,1,0.00,0.01,0.01,2.30,1,False
3,410,5,0,0,0,1,0,0,0,0,0,0,0,0,0.8,0.3,0.0,0.1,0,0,0,0,0,0.00,0.00,0.00,1.11,1,False
3,411,18,0,0,0,1,0,0,0,0,0,0,0,-1,7.8,1.5,2.0,1.1,1,1,2,3,0,0.02,0.00,0.02,1.23,1,False
3,412,0,0,0,0,0,0,0,0,0,0,0,0,0,0.0,0.0,0.0,0.0,0,0,0,0,0,0.00,0.00,0.00,0.00,0,False
3,413,71,0,1,0,1,0,0,0,0,0,0,2,27,25.2,32.5,16.0,7.4,1,5,2,8,1,0.05,0.44,0.49,1.07,7,False
3,414,0,0,0,0,0,0,0,0,0,0,0,0,0,0.0,0.0,0.0,0.0,0,0,0,0,0,0.00,0.00,0.00,0.00,0,False
3,415,0,0,0,0,0,0,0,0,0,0,0,0,0,0.0,0.0,0.0,0.0,0,0,0,0,0,0.00,0.00,0.00,0.00,0,False
3,416,71,0,0,0,1,0,0,0,0,0,0,0,8,3.2,5.2,2.0,1.0,2,1,1,4,1,0.00,0.03,0.03,1.07,2,False
3,417,0,0,0,0,0,0,0,0,0,0,0,0,0,0.0,0.0,0.0,0.0,0,0,0,0,0,0.00,0.00,0.00,0.00,0,False
3,418,18,0,0,0,1,0,0,0,0,0,0,0,4,4.0,21.3,2.0,2.7,0,0,0,0,0,0.00,0.01,0.01,1.23,1,False
3,419,87,0,2,0,2,0,0,0,0,0,0,2,45,47.2,36.0,34.0,11.7,2,8,1,11,1,0.28,0.59,0.87,0.99,10,True
3,420,0,0,0,0,0,0,0,0,0,0,0,0,0,0.0,0.0,0.0,0.0,0,0,0,0,0,0.00,0.00,0.00,0.00,0,False
3,421,90,0,0,0,2,0,0,0,0,0,0,0,14,13.0,17.4,1.0,3.1,1,8,1,10,1,0.03,0.16,0.19,2.30,2,False
3,422,0,0,0,0,0,0,0,0,0,0,0,0,0,0.0,0.0,0.0,0.0,0,0,0,0,0,0.00,0.00,0.00,0.00,0,False
3,423,0,0,0,0,0,0,0,0,0,0,0,0,0,0.0,0.0,0.0,0.0,0,0,0,0,0,0.00,0.00,0.00,0.00,0,False
3,424,90,0,0,0,2,0,0,0,0,0,0,0,5,3.2,10.5,16.0,3.0,1,4,1,6,1,0.30,0.18,0.48,2.30,2,False
3,425,0,0,0,0,0,0,0,0,0,0,0,0,0,0.0,0.0,0.0,0.0,0,0,0,0,0,0.00,0.00,0.00,0.00,0,False
3,426,32,0,0,0,3,0,0,0,0,0,0,0,7,5.4,12.3,2.0,2.0,0,3,1,4,0,0.00,0.09,0.09,1.95,1,False
3,427,90,0,0,0,2,0,0,0,0,0,0,0,18,11.8,32.3,1.0,4.5,1,3,1,5,1,0.02,0.12,0.14,2.30,2,False
3,428,0,0,0,0,0,0,0,0,0,0,0,0,0,0.0,0.0,0.0,0.0,0,0,0,0,0,0.00,0.00,0.00,0.00,0,False
3,429,0,0,0,0,0,0,0,0,0,0,0,0,0,0.0,0.0,0.0,0.0,0,0,0,0,0,0.00,0.00,0.00,0.00,0,False
3,430,90,1,0,0,2,0,0,0,0,0,0,3,29,30.4,0.4,96.0,12.7,0,1,0,1,1,1.40,0.00,1.40,2.30,9,False
3,431,90,0,0,0,2,0,0,0,0,0,1,0,5,11.6,0.0,0.0,1.2,0,12,0,0,1,0.00,0.01,0.01,1.20,1,False
3,432,0,0,0,0,0,0,0,0,0,0,0,0,0,0.0,0.0,0.0,0.0,0,0,0,0,0,0.00,0.00,0.00,0.00,0,False
3,433,0,0,0,0,0,0,0,0,0,0,0,0,0,0.0,0.0,0.0,0.0,0,0,0,0,0,0.00,0.00,0.00,0.00,0,False
3,434,0,0,0,0,0,0,0,0,0,0,0,0,0,0.0,0.0,0.0,0.0,0,0,0,0,0,0.00,0.00,0.00,0.00,0,False
3,435,0,0,0,0,0,0,0,0,0,0,0,0,0,0.0,0.0,0.0,0.0,0,0,0,0,0,0.00,0.00,0.00,0.00,0,False
3,436,90,0,0,0,2,0,0,0,0,0,0,0,4,10.2,0.2,5.0,1.5,4,4,0,4,1,0.10,0.00,0.10,1.20,1,False
3,437,0,0,0,0,0,0,0,0,0,0,0,0,0,0.0,0.0,0.0,0.0,0,0,0,0,0,0.00,0.00,0.00,0.00,0,False
3,438,5,0,0,0,0,0,0,0,0,0,0,0,5,4.6,0.5,0.0,0.5,1,0,1,2,0,0.00,0.00,0.00,0.00,1,False
3,439,0,0,0,0,0,0,0,0,0,0,0,0,0,0.0,0.0,0.0,0.0,0,0,0,0,0,0.00,0.00,0.00,0.00,0,False
3,440,90,0,1,0,2,0,0,0,0,0,0,0,20,36.8,33.1,6.0,7.6,4,3,2,6,1,0.00,0.46,0.46,1.20,4,False
3,441,0,0,0,0,0,0,0,0,0,0,0,0,0,0.0,0.0,0.0,0.0,0,0,0,0,0,0.00,0.00,0.00,0.00,0,False
3,442,0,0,0,0,0,0,0,0,0,0,0,0,0,0.0,0.0,0.0,0.0,0,0,0,0,0,0.00,0.00,0.00,0.00,0,False
3,443,90,0,0,0,2,0,0,0,0,0,0,0,4,13.0,3.8,0.0,1.7,1,2,3,4,1,0.00,0.02,0.02,1.20,1,False
3,444,84,0,0,0,2,0,0,0,0,0,0,0,2,7.8,4.6,4.0,1.6,2,1,2,4,1,0.09,0.02,0.11,1.20,1,False
3,445,0,0,0,0,0,0,0,0,0,0,0,0,0,0.0,0.0,0.0,0.0,0,0,0,0,0,0.00,0.00,0.00,0.00,0,False
3,446,0,0,0,0,0,0,0,0,0,0,0,0,0,0.0,0.0,0.0,0.0,0,0,0,0,0,0.00,0.00,0.00,0.00,0,False
3,447,0,0,0,0,0,0,0,0,0,0,0,0,0,0.0,0.0,0.0,0.0,0,0,0,0,0,0.00,0.00,0.00,0.00,0,False
3,448,0,0,0,0,0,0,0,0,0,0,0,0,0,0.0,0.0,0.0,0.0,0,0,0,0,0,0.00,0.00,0.00,0.00,0,False
3,449,90,1,0,0,2,0,0,0,1,0,0,2,35,59.0,83.7,27.0,17.0,4,10,3,17,1,0.92,0.25,1.17,1.20,10,False
3,450,30,0,0,0,0,0,0,0,0,0,0,0,7,6.8,15.1,9.0,3.1,0,1,0,1,1,0.03,0.15,0.18,0.00,1,False
3,451,0,0,0,0,0,0,0,0,0,0,0,0,0,0.0,0.0,0.0,0.0,0,0,0,0,0,0.00,0.00,0.00,0.00,0,False
3,452,90,0,1,0,2,0,0,0,0,0,0,0,24,15.4,27.3,33.0,7.6,2,7,1,10,1,0.63,0.06,0.69,1.20,5,False
3,453,0,0,0,0,0,0,0,0,0,0,0,0,0,0.0,0.0,0.0,0.0,0,0,0,0,0,0.00,0.00,0.00,0.00,0,False
3,454,0,0,0,0,0,0,0,0,0,0,0,0,0,0.0,0.0,0.0,0.0,0,0,0,0,0,0.00,0.00,0.00,0.00,0,False
3,455,45,0,0,0,0,0,0,0,0,0,0,0,6,5.0,15.3,7.0,2.7,0,5,2,7,1,0.06,0.10,0.16,0.20,1,False
3,456,0,0,0,0,0,0,0,0,0,0,0,0,0,0.0,0.0,0.0,0.0,0,0,0,0,0,0.00,0.00,0.00,0.00,0,False
3,457,71,0,1,0,2,0,0,0,0,0,0,0,20,6.6,7.8,4.0,1.8,2,3,1,6,1,0.13,0.02,0.15,1.20,5,False
3,458,45,0,0,0,2,0,0,0,0,0,0,0,5,5.4,16.7,3.0,2.5,0,4,1,5,0,0.07,0.09,0.16,1.00,1,False
3,459,0,0,0,0,0,0,0,0,0,0,0,0,0,0.0,0.0,0.0,0.0,0,0,0,0,0,0.00,0.00,0.00,0.00,0,False
3,460,0,0,0,0,0,0,0,0,0,0,0,0,0,0.0,0.0,0.0,0.0,0,0,0,0,0,0.00,0.00,0.00,0.00,0,False
3,461,0,0,0,0,0,0,0,0,0,0,0,0,0,0.0,0.0,0.0,0.0,0,0,0,0,0,0.00,0.00,0.00,0.00,0,False
3,462,0,0,0,0,0,0,0,0,0,0,0,0,0,0.0,0.0,0.0,0.0,0,0,0,0,0,0.00,0.00,0.00,0.00,0,False
3,463,0,0,0,0,0,0,0,0,0,0,0,0,0,0.0,0.0,0.0,0.0,0,0,0,0,0,0.00,0.00,0.00,0.00,0,False
3,464,0,0,0,0,0,0,0,0,0,0,0,0,0,0.0,0.0,0.0,0.0,0,0,0,0,0,0.00,0.00,0.00,0.00,0,False
3,465,0,0,0,0,0,0,0,0,0,0,0,0,0,0.0,0.0,0.0,0.0,0,0,0,0,0,0.00,0.00,0.00,0.00,0,False
3,466,59,0,0,0,2,0,0,0,0,0,0,0,-2,8.2,15.4,52.0,7.6,2,1,0,3,0,0.67,0.03,0.70,1.20,1,False
3,467,0,0,0,0,0,0,0,0,0,0,0,0,0,0.0,0.0,0.0,0.0,0,0,0,0,0,0.00,0.00,0.00,0.00,0,False
3,468,0,0,0,0,0,0,0,0,0,0,0,0,0,0.0,0.0,0.0,0.0,0,0,0,0,0,0.00,0.00,0.00,0.00,0,False
3,469,90,0,0,1,0,0,0,0,1,0,1,0,21,10.2,0.0,0.0,1.0,1,11,0,0,1,0.00,0.00,0.00,0.69,5,False
3,470,90,0,0,0,3,0,0,0,0,0,5,0,8,35.4,0.0,0.0,3.5,2,7,0,0,1,0.00,0.00,0.00,3.63,2,False
3,471,0,0,0,0,0,0,0,0,0,0,0,0,0,0.0,0.0,0.0,0.0,0,0,0,0,0,0.00,0.00,0.00,0.00,0,False
3,472,0,0,0,0,0,0,0,0,0,0,0,0,0,0.0,0.0,0.0,0.0,0,0,0,0,0,0.00,0.00,0.00,0.00,0,False
3,473,29,0,0,0,0,0,0,0,0,0,0,0,3,1.6,0.9,3.0,0.6,1,0,1,2,0,0.04,0.00,0.04,0.07,1,False
3,474,90,0,0,1,0,0,0,0,0,0,0,0,23,22.4,11.5,3.0,3.7,5,3,0,5,1,0.04,0.01,0.05,0.69,6,False
3,475,67,0,0,1,0,0,0,0,0,0,0,2,29,19.8,0.3,0.0,2.0,7,5,2,9,1,0.00,0.00,0.00,0.62,8,False
3,476,90,0,0,1,0,0,0,0,0,0,0,0,24,6.4,1.3,0.0,0.8,1,4,0,1,1,0.00,0.01,0.01,0.69,6,False
3,477,90,0,0,1,0,0,0,0,0,0,0,0,21,2.8,4.0,4.0,1.1,0,7,0,0,1,0.00,0.03,0.03,0.69,6,False
3,478,61,0,0,1,0,0,0,0,0,0,0,0,21,4.8,13.3,2.0,2.0,0,4,1,1,1,0.00,0.02,0.02,0.62,6,False
3,479,0,0,0,0,0,0,0,0,0,0,0,0,0,0.0,0.0,0.0,0.0,0,0,0,0,0,0.00,0.00,0.00,0.00,0,False
3,480,0,0,0,0,0,0,0,0,0,0,0,0,0,0.0,0.0,0.0,0.0,0,0,0,0,0,0.00,0.00,0.00,0.00,0,False
3,481,0,0,0,0,0,0,0,0,0,0,0,0,0,0.0,0.0,0.0,0.0,0,0,0,0,0,0.00,0.00,0.00,0.00,0,False
3,482,0,0,0,0,0,0,0,0,0,0,0,0,0,0.0,0.0,0.0,0.0,0,0,0,0,0,0.00,0.00,0.00,0.00,0,False
3,483,0,0,0,0,0,0,0,0,0,0,0,0,0,0.0,0.0,0.0,0.0,0,0,0,0,0,0.00,0.00,0.00,0.00,0,False
3,484,0,0,0,0,0,0,0,0,0,0,0,0,0,0.0,0.0,0.0,0.0,0,0,0,0,0,0.00,0.00,0.00,0.00,0,False
3,485,0,0,0,0,0,0,0,0,0,0,0,0,0,0.0,0.0,0.0,0.0,0,0,0,0,0,0.00,0.00,0.00,0.00,0,False
3,486,28,0,0,0,0,0,0,0,0,0,0,0,3,3.8,0.8,0.0,0.5,0,0,1,1,0,0.00,0.01,0.01,0.07,1,False
3,487,22,0,0,0,0,0,0,0,0,0,0,0,2,3.2,1.0,4.0,0.8,0,0,1,1,0,0.03,0.02,0.05,0.07,1,False
3,488,90,0,0,1,0,0,0,0,0,0,0,0,14,7.6,9.6,0.0,1.7,0,6,3,9,1,0.00,0.05,0.05,0.69,3,False
3,489,61,0,0,1,0,0,0,0,0,0,0,0,7,6.0,2.4,33.0,4.1,0,1,0,1,1,0.08,0.01,0.09,0.62,3,False
3,490,0,0,0,0,0,0,0,0,0,0,0,0,0,0.0,0.0,0.0,0.0,0,0,0,0,0,0.00,0.00,0.00,0.00,0,False
3,491,90,0,0,1,0,0,0,0,0,0,0,0,17,9.2,36.0,0.0,4.5,0,6,0,6,1,0.00,0.05,0.05,0.69,3,False
3,492,0,0,0,0,0,0,0,0,0,0,0,0,0,0.0,0.0,0.0,0.0,0,0,0,0,0,0.00,0.00,0.00,0.00,0,False
3,493,90,0,0,1,0,0,0,0,0,0,0,0,21,14.0,12.3,0.0,2.6,2,6,5,13,1,0.00,0.01,0.01,0.46,5,False
3,494,0,0,0,0,0,0,0,0,0,0,0,0,0,0.0,0.0,0.0,0.0,0,0,0,0,0,0.00,0.00,0.00,0.00,0,False
3,495,0,0,0,0,0,0,0,0,0,0,0,0,0,0.0,0.0,0.0,0.0,0,0,0,0,0,0.00,0.00,0.00,0.00,0,False
3,496,0,0,0,0,0,0,0,0,0,0,0,0,0,0.0,0.0,0.0,0.0,0,0,0,0,0,0.00,0.00,0.00,0.00,0,False
3,497,45,0,0,0,0,0,0,0,0,0,0,0,8,3.8,2.5,0.0,0.6,2,3,0,5,0,0.00,0.01,0.01,0.15,1,False
3,498,0,0,0,0,0,0,0,0,0,0,0,0,0,0.0,0.0,0.0,0.0,0,0,0,0,0,0.00,0.00,0.00,0.00,0,False
3,499,0,0,0,0,0,0,0,0,0,0,0,0,0,0.0,0.0,0.0,0.0,0,0,0,0,0,0.00,0.00,0.00,0.00,0,False
3,500,90,0,0,1,0,0,0,0,0,0,0,0,2,0.0,2.9,7.0,0.8,0,3,1,4,1,0.24,0.00,0.24,0.69,2,False
3,501,0,0,0,0,0,0,0,0,0,0,0,0,0,0.0,0.0,0.0,0.0,0,0,0,0,0,0.00,0.00,0.00,0.00,0,False
3,502,90,0,0,0,3,0,0,0,0,0,5,0,9,37.6,0.0,0.0,3.8,1,3,0,0,1,0.00,0.00,0.00,2.42,2,False
3,503,0,0,0,0,0,0,0,0,0,0,0,0,0,0.0,0.0,0.0,0.0,0,0,0,0,0,0.00,0.00,0.00,0.00,0,False
3,504,0,0,0,0,0,0,0,0,0,0,0,0,0,0.0,0.0,0.0,0.0,0,0,0,0,0,0.00,0.00,0.00,0.00,0,False
3,505,90,0,0,0,3,0,0,0,0,0,0,0,-1,10.8,2.1,6.0,1.9,4,3,0,4,1,0.05,0.01,0.06,2.42,1,False
3,506,90,0,0,0,3,0,0,0,0,0,0,0,3,13.6,5.0,0.0,1.9,4,9,0,4,1,0.00,0.02,0.02,2.42,1,False
3,507,90,0,0,0,3,0,0,0,0,0,0,0,0,14.2,15.3,9.0,3.9,2,2,2,4,1,0.04,0.27,0.31,2.42,1,False
3,508,90,0,0,0,3,0,0,0,0,0,0,0,2,11.4,3.9,13.0,2.8,2,5,3,5,1,0.03,0.02,0.05,2.42,1,False
3,509,0,0,0,0,0,0,0,0,0,0,0,0,0,0.0,0.0,0.0,0.0,0,0,0,0,0,0.00,0.00,0.00,0.00,0,False
3,510,0,0,0,0,0,0,0,0,0,0,0,0,0,0.0,0.0,0.0,0.0,0,0,0,0,0,0.00,0.00,0.00,0.00,0,False
3,511,0,0,0,0,0,0,0,0,0,0,0,0,0,0.0,0.0,0.0,0.0,0,0,0,0,0,0.00,0.00,0.00,0.00,0,False
3,512,0,0,0,0,0,0,0,0,0,0,0,0,0,0.0,0.0,0.0,0.0,0,0,0,0,0,0.00,0.00,0.00,0.00,0,False
3,513,0,0,0,0,0,0,0,0,0,0,0,0,0,0.0,0.0,0.0,0.0,0,0,0,0,0,0.00,0.00,0.00,0.00,0,False
3,514,0,0,0,0,0,0,0,0,0,0,0,0,0,0.0,0.0,0.0,0.0,0,0,0,0,0,0.00,0.00,0.00,0.00,0,False
3,515,90,0,0,0,3,0,0,0,0,0,0,0,13,7.6,11.2,31.0,5.0,0,5,1,6,1,0.15,0.08,0.23,2.42,2,False
3,516,88,0,0,0,2,0,0,0,0,0,0,0,16,11.2,42.3,25.0,7.9,1,2,0,3,1,0.04,0.09,0.13,1.46,2,False
3,517,90,0,0,0,3,0,0,0,0,0,0,0,24,32.8,49.3,10.0,9.2,1,3,7,11,1,0.02,0.13,0.15,2.42,2,False
3,518,0,0,0,0,0,0,0,0,0,0,0,0,0,0.0,0.0,0.0,0.0,0,0,0,0,0,0.00,0.00,0.00,0.00,0,False
3,519,0,0,0,0,0,0,0,0,0,0,0,0,0,0.0,0.0,0.0,0.0,0,0,0,0,0,0.00,0.00,0.00,0.00,0,False
3,520,0,0,0,0,0,0,0,0,0,0,0,0,0,0.0,0.0,0.0,0.0,0,0,0,0,0,0.00,0.00,0.00,0.00,0,False
3,521,88,0,0,0,2,0,0,0,0,0,0,0,10,7.6,5.3,0.0,1.3,7,5,2,14,1,0.00,0.04,0.04,1.46,4,False
3,522,0,0,0,0,0,0,0,0,0,0,0,0,0,0.0,0.0,0.0,0.0,0,0,0,0,0,0.00,0.00,0.00,0.00,0,False
3,523,0,0,0,0,0,0,0,0,0,0,0,0,0,0.0,0.0,0.0,0.0,0,0,0,0,0,0.00,0.00,0.00,0.00,0,False
3,524,0,0,0,0,0,0,0,0,0,0,0,0,0,0.0,0.0,0.0,0.0,0,0,0,0,0,0.00,0.00,0.00,0.00,0,False
3,525,72,0,0,1,0,0,0,0,0,0,0,0,4,0.0,1.9,25.0,2.6,0,1,0,1,1,0.41,0.00,0.41,0.59,2,False
3,526,17,0,0,0,3,0,0,0,0,0,0,0,4,1.0,0.3,0.0,0.1,0,1,1,2,0,0.00,0.00,0.00,1.83,1,False
3,527,0,0,0,0,0,0,0,0,0,0,0,0,0,0.0,0.0,0.0,0.0,0,0,0,0,0,0.00,0.00,0.00,0.00,0,False
3,528,0,0,0,0,0,0,0,0,0,0,0,0,0,0.0,0.0,0.0,0.0,0,0,0,0,0,0.00,0.00,0.00,0.00,0,False
3,529,0,0,0,0,0,0,0,0,0,0,0,0,0,0.0,0.0,0.0,0.0,0,0,0,0,0,0.00,0.00,0.00,0.00,0,False
3,530,0,0,0,0,0,0,0,0,0,0,0,0,0,0.0,0.0,0.0,0.0,0,0,0,0,0,0.00,0.00,0.00,0.00,0,False
3,531,0,0,0,0,0,0,0,0,0,0,0,0,0,0.0,0.0,0.0,0.0,0,0,0,0,0,0.00,0.00,0.00,0.00,0,False
3,532,90,0,0,0,1,0,0,0,0,0,0,0,8,17.2,2.1,4.0,2.3,5,2,4,9,1,0.04,0.01,0.05,1.20,2,False
3,533,0,0,0,0,0,0,0,0,0,0,0,0,0,0.0,0.0,0.0,0.0,0,0,0,0,0,0.00,0.00,0.00,0.00,0,False
3,534,0,0,0,0,0,0,0,0,0,0,0,0,0,0.0,0.0,0.0,0.0,0,0,0,0,0,0.00,0.00,0.00,0.00,0,False
3,535,0,0,0,0,0,0,0,0,0,0,0,0,0,0.0,0.0,0.0,0.0,0,0,0,0,0,0.00,0.00,0.00,0.00,0,False
3,536,0,0,0,0,0,0,0,0,0,0,0,0,0,0.0,0.0,0.0,0.0,0,0,0,0,0,0.00,0.00,0.00,0.00,0,False
3,537,0,0,0,0,0,0,0,0,0,0,0,0,0,0.0,0.0,0.0,0.0,0,0,0,0,0,0.00,0.00,0.00,0.00,0,False
3,538,0,0,0,0,0,0,0,0,0,0,0,0,0,0.0,0.0,0.0,0.0,0,0,0,0,0,0.00,0.00,0.00,0.00,0,False
3,539,0,0,0,0,0,0,0,0,0,0,0,0,0,0.0,0.0,0.0,0.0,0,0,0,0,0,0.00,0.00,0.00,0.00,0,False
3,540,0,0,0,0,0,0,0,0,0,0,0,0,0,0.0,0.0,0.0,0.0,0,0,0,0,0,0.00,0.00,0.00,0.00,0,False
3,541,90,0,0,0,1,0,0,0,1,0,0,0,8,9.8,2.9,6.0,1.9,6,3,3,9,1,0.02,0.01,0.03,1.20,1,False
3,542,0,0,0,0,0,0,0,0,0,0,0,0,0,0.0,0.0,0.0,0.0,0,0,0,0,0,0.00,0.00,0.00,0.00,0,False
3,543,25,0,0,0,1,0,0,0,0,0,0,0,4,4.0,10.5,0.0,1.5,0,1,1,2,0,0.00,0.00,0.00,0.24,1,False
3,544,86,0,1,0,1,0,0,0,1,0,0,0,11,0.0,5.5,14.0,1.5,1,1,0,2,1,0.25,0.02,0.27,1.20,4,False
3,545,0,0,0,0,0,0,0,0,0,0,0,0,0,0.0,0.0,0.0,0.0,0,0,0,0,0,0.00,0.00,0.00,0.00,0,False
3,546,0,0,0,0,0,0,0,0,0,0,0,0,0,0.0,0.0,0.0,0.0,0,0,0,0,0,0.00,0.00,0.00,0.00,0,False
3,547,90,1,0,0,1,0,0,0,0,0,0,2,30,57.2,17.3,17.0,9.2,3,5,6,14,1,0.79,0.03,0.82,1.20,11,True
3,548,0,0,0,0,0,0,0,0,0,0,0,0,0,0.0,0.0,0.0,0.0,0,0,0,0,0,0.00,0.00,0.00,0.00,0,False
3,549,0,0,0,0,0,0,0,0,0,0,0,0,0,0.0,0.0,0.0,0.0,0,0,0,0,0,0.00,0.00,0.00,0.00,0,False
3,550,0,0,0,0,0,0,0,0,0,0,0,0,0,0.0,0.0,0.0,0.0,0,0,0,0,0,0.00,0.00,0.00,0.00,0,False
3,551,0,0,0,0,0,0,0,0,0,0,0,0,0,0.0,0.0,0.0,0.0,0,0,0,0,0,0.00,0.00,0.00,0.00,0,False
3,552,90,0,0,0,1,0,0,0,0,0,0,0,12,7.8,28.7,0.0,3.7,0,2,2,4,1,0.00,0.19,0.19,1.20,2,False
3,553,64,0,0,1,0,0,0,0,0,0,0,0,7,5.8,8.3,6.0,2.0,2,2,2,6,1,0.08,0.02,0.10,0.96,3,False
3,554,0,0,0,0,0,0,0,0,0,0,0,0,0,0.0,0.0,0.0,0.0,0,0,0,0,0,0.00,0.00,0.00,0.00,0,False
3,555,0,0,0,0,0,0,0,0,0,0,0,0,0,0.0,0.0,0.0,0.0,0,0,0,0,0,0.00,0.00,0.00,0.00,0,False
3,556,0,0,0,0,0,0,0,0,0,0,0,0,0,0.0,0.0,0.0,0.0,0,0,0,0,0,0.00,0.00,0.00,0.00,0,False
3,557,0,0,0,0,0,0,0,0,0,0,0,0,0,0.0,0.0,0.0,0.0,0,0,0,0,0,0.00,0.00,0.00,0.00,0,False
3,558,0,0,0,0,0,0,0,0,0,0,0,0,0,0.0,0.0,0.0,0.0,0,0,0,0,0,0.00,0.00,0.00,0.00,0,False
3,559,0,0,0,0,0,0,0,0,0,0,0,0,0,0.0,0.0,0.0,0.0,0,0,0,0,0,0.00,0.00,0.00,0.00,0,False
3,560,25,1,0,0,1,0,0,0,0,0,0,3,32,38.6,0.6,35.0,7.4,0,0,2,2,0,0.24,0.00,0.24,0.24,8,False
3,561,64,0,0,1,0,0,0,0,0,0,0,0,3,0.0,1.5,0.0,0.0,0,0,0,0,1,0.00,0.00,0.00,0.96,2,False
3,562,0,0,0,0,0,0,0,0,0,0,0,0,0,0.0,0.0,0.0,0.0,0,0,0,0,0,0.00,0.00,0.00,0.00,0,False
3,563,0,0,0,0,0,0,0,0,0,0,0,0,0,0.0,0.0,0.0,0.0,0,0,0,0,0,0.00,0.00,0.00,0.00,0,False
3,564,0,0,0,0,0,0,0,0,0,0,0,0,0,0.0,0.0,0.0,0.0,0,0,0,0,0,0.00,0.00,0.00,0.00,0,False
3,565,90,0,0,0,1,0,0,0,0,0,5,0,23,40.0,0.1,0.0,4.0,0,13,0,0,1,0.00,0.00,0.00,1.59,3,False
3,566,0,0,0,0,0,0,0,0,0,0,0,0,0,0.0,0.0,0.0,0.0,0,0,0,0,0,0.00,0.00,0.00,0.00,0,False
3,567,0,0,0,0,0,0,0,0,0,0,0,0,0,0.0,0.0,0.0,0.0,0,0,0,0,0,0.00,0.00,0.00,0.00,0,False
3,568,70,0,0,0,1,0,0,0,0,0,0,0,13,20.6,5.0,2.0,2.8,10,3,2,12,1,0.01,0.02,0.03,1.56,4,False
3,569,90,0,0,0,1,0,0,0,0,0,0,0,12,21.4,0.8,0.0,2.2,5,5,2,7,1,0.00,0.01,0.01,1.59,2,False
3,570,0,0,0,0,0,0,0,0,0,0,0,0,0,0.0,0.0,0.0,0.0,0,0,0,0,0,0.00,0.00,0.00,0.00,0,False
3,571,0,0,0,0,0,0,0,0,0,0,0,0,0,0.0,0.0,0.0,0.0,0,0,0,0,0,0.00,0.00,0.00,0.00,0,False
3,572,0,0,0,0,0,0,0,0,0,0,0,0,0,0.0,0.0,0.0,0.0,0,0,0,0,0,0.00,0.00,0.00,0.00,0,False
3,573,90,0,0,0,1,0,0,0,1,0,0,0,4,16.2,21.0,0.0,3.7,4,5,0,4,1,0.00,0.02,0.02,1.59,1,False
3,574,19,0,0,0,0,0,0,0,0,0,0,0,5,3.2,2.0,6.0,1.1,1,0,1,2,0,0.02,0.06,0.08,0.03,1,False
3,575,90,0,0,0,1,0,0,0,1,0,0,0,8,24.0,2.2,0.0,2.6,9,6,0,9,1,0.00,0.01,0.01,1.59,1,False
3,576,0,0,0,0,0,0,0,0,0,0,0,0,0,0.0,0.0,0.0,0.0,0,0,0,0,0,0.00,0.00,0.00,0.00,0,False
3,577,0,0,0,0,0,0,0,0,0,0,0,0,0,0.0,0.0,0.0,0.0,0,0,0,0,0,0.00,0.00,0.00,0.00,0,False
3,578,0,0,0,0,0,0,0,0,0,0,0,0,0,0.0,0.0,0.0,0.0,0,0,0,0,0,0.00,0.00,0.00,0.00,0,False
3,579,0,0,0,0,0,0,0,0,0,0,0,0,0,0.0,0.0,0.0,0.0,0,0,0,0,0,0.00,0.00,0.00,0.00,0,False
3,580,53,0,0,0,1,0,0,0,0,0,0,0,2,2.8,0.8,2.0,0.6,2,2,0,4,1,0.00,0.01,0.01,1.28,1,False
3,581,0,0,0,0,0,0,0,0,0,0,0,0,0,0.0,0.0,0.0,0.0,0,0,0,0,0,0.00,0.00,0.00,0.00,0,False
3,582,90,0,0,0,1,0,0,0,0,0,0,0,6,14.8,20.4,8.0,4.3,0,2,4,6,1,0.00,0.08,0.08,1.59,2,False
3,583,0,0,0,0,0,0,0,0,0,0,0,0,0,0.0,0.0,0.0,0.0,0,0,0,0,0,0.00,0.00,0.00,0.00,0,False
3,584,14,0,0,0,0,0,0,0,0,0,0,0,1,4.6,0.3,1.0,0.6,0,2,3,5,0,0.05,0.00,0.05,0.00,1,False
3,585,90,0,0,0,1,0,0,0,0,0,0,0,18,8.0,5.0,0.0,1.3,0,9,1,10,1,0.00,0.02,0.02,1.59,2,False
3,586,36,0,0,0,0,0,0,0,0,0,0,0,4,5.2,1.8,19.0,2.6,0,1,1,2,0,0.06,0.01,0.07,0.30,1,False
3,587,0,0,0,0,0,0,0,0,0,0,0,0,0,0.0,0.0,0.0,0.0,0,0,0,0,0,0.00,0.00,0.00,0.00,0,False
3,588,36,0,0,0,0,0,0,0,0,0,0,0,3,1.8,2.0,8.0,1.2,1,1,0,2,0,0.05,0.02,0.07,0.30,1,False
3,589,0,0,0,0,0,0,0,0,0,0,0,0,0,0.0,0.0,0.0,0.0,0,0,0,0,0,0.00,0.00,0.00,0.00,0,False
3,590,0,0,0,0,0,0,0,0,0,0,0,0,0,0.0,0.0,0.0,0.0,0,0,0,0,0,0.00,0.00,0.00,0.00,0,False
3,591,0,0,0,0,0,0,0,0,0,0,0,0,0,0.0,0.0,0.0,0.0,0,0,0,0,0,0.00,0.00,0.00,0.00,0,False
3,592,0,0,0,0,0,0,0,0,0,0,0,0,0,0.0,0.0,0.0,0.0,0,0,0,0,0,0.00,0.00,0.00,0.00,0,False
3,593,75,0,0,0,1,0,0,0,0,0,0,0,5,4.2,1.0,2.0,0.7,4,2,0,6,1,0.00,0.00,0.00,1.59,2,False
3,594,0,0,0,0,0,0,0,0,0,0,0,0,0,0.0,0.0,0.0,0.0,0,0,0,0,0,0.00,0.00,0.00,0.00,0,False
3,595,0,0,0,0,0,0,0,0,0,0,0,0,0,0.0,0.0,0.0,0.0,0,0,0,0,0,0.00,0.00,0.00,0.00,0,False
3,596,0,0,0,0,0,0,0,0,0,0,0,0,0,0.0,0.0,0.0,0.0,0,0,0,0,0,0.00,0.00,0.00,0.00,0,False
3,597,90,0,0,0,1,0,0,0,0,0,0,0,7,12.2,11.8,10.0,3.4,4,0,0,4,1,0.00,0.01,0.01,1.59,2,False
3,598,0,0,0,0,0,0,0,0,0,0,0,0,0,0.0,0.0,0.0,0.0,0,0,0,0,0,0.00,0.00,0.00,0.00,0,False
3,599,0,0,0,0,0,0,0,0,0,0,0,0,0,0.0,0.0,0.0,0.0,0,0,0,0,0,0.00,0.00,0.00,0.00,0,False
3,600,0,0,0,0,0,0,0,0,0,0,0,0,0,0.0,0.0,0.0,0.0,0,0,0,0,0,0.00,0.00,0.00,0.00,0,False
3,601,0,0,0,0,0,0,0,0,0,0,0,0,0,0.0,0.0,0.0,0.0,0,0,0,0,0,0.00,0.00,0.00,0.00,0,False
3,602,0,0,0,0,0,0,0,0,0,0,0,0,0,0.0,0.0,0.0,0.0,0,0,0,0,0,0.00,0.00,0.00,0.00,0,False
3,603,90,0,1,1,0,0,0,0,0,0,0,1,33,41.4,15.5,2.0,5.9,9,0,0,9,1,0.00,0.12,0.12,0.73,10,False
3,604,0,0,0,0,0,0,0,0,0,0,0,0,0,0.0,0.0,0.0,0.0,0,0,0,0,0,0.00,0.00,0.00,0.00,0,False
3,605,90,0,0,1,0,0,0,0,0,0,0,0,29,17.4,0.2,0.0,1.8,7,3,1,8,1,0.00,0.00,0.00,0.73,6,False
3,606,90,0,0,1,0,0,0,0,0,0,0,0,24,10.2,0.4,4.0,1.5,6,1,0,6,1,0.06,0.01,0.07,0.73,6,False
3,607,0,0,0,0,0,0,0,0,0,0,0,0,0,0.0,0.0,0.0,0.0,0,0,0,0,0,0.00,0.00,0.00,0.00,0,False
3,608,0,0,0,0,0,0,0,0,0,0,0,0,0,0.0,0.0,0.0,0.0,0,0,0,0,0,0.00,0.00,0.00,0.00,0,False
3,609,0,0,0,0,0,0,0,0,0,0,0,0,0,0.0,0.0,0.0,0.0,0,0,0,0,0,0.00,0.00,0.00,0.00,0,False
3,610,0,0,0,0,0,0,0,0,0,0,0,0,0,0.0,0.0,0.0,0.0,0,0,0,0,0,0.00,0.00,0.00,0.00,0,False
3,611,0,0,0,0,0,0,0,0,0,0,0,0,0,0.0,0.0,0.0,0.0,0,0,0,0,0,0.00,0.00,0.00,0.00,0,False
3,612,90,1,0,1,0,0,0,0,0,0,0,0,24,62.2,27.4,40.0,13.0,5,8,2,15,1,1.11,0.05,1.16,0.73,10,False
3,613,90,0,0,1,0,0,0,0,0,0,0,0,14,13.2,0.8,0.0,1.4,5,2,2,9,1,0.00,0.00,0.00,0.73,3,False
3,614,74,0,0,1,0,0,0,0,0,0,0,0,11,9.4,45.2,0.0,5.5,2,4,0,6,1,0.00,0.11,0.11,0.70,3,False
3,615,8,0,2,0,0,0,0,0,0,0,0,0,24,22.6,10.7,4.0,3.7,1,3,0,4,0,0.00,0.02,0.02,0.04,7,False
3,616,0,0,0,0,0,0,0,0,0,0,0,0,0,0.0,0.0,0.0,0.0,0,0,0,0,0,0.00,0.00,0.00,0.00,0,False
3,617,0,0,0,0,0,0,0,0,0,0,0,0,0,0.0,0.0,0.0,0.0,0,0,0,0,0,0.00,0.00,0.00,0.00,0,False
3,618,0,0,0,0,0,0,0,0,0,0,0,0,0,0.0,0.0,0.0,0.0,0,0,0,0,0,0.00,0.00,0.00,0.00,0,False
3,619,0,0,0,0,0,0,0,0,0,0,0,0,0,0.0,0.0,0.0,0.0,0,0,0,0,0,0.00,0.00,0.00,0.00,0,False
3,620,0,0,0,0,0,0,0,0,0,0,0,0,0,0.0,0.0,0.0,0.0,0,0,0,0,0,0.00,0.00,0.00,0.00,0,False
3,621,15,0,0,0,0,0,0,0,0,0,0,0,5,5.4,2.4,0.0,0.8,0,1,2,3,0,0.00,0.00,0.00,0.04,1,False
3,622,0,0,0,0,0,0,0,0,0,0,0,0,0,0.0,0.0,0.0,0.0,0,0,0,0,0,0.00,0.00,0.00,0.00,0,False
3,623,0,0,0,0,0,0,0,0,0,0,0,0,0,0.0,0.0,0.0,0.0,0,0,0,0,0,0.00,0.00,0.00,0.00,0,False
3,624,90,1,0,1,0,0,0,0,0,0,0,3,46,50.2,33.6,9.0,9.3,2,4,2,8,1,0.07,0.04,0.11,0.73,9,False
3,625,63,0,0,1,0,0,0,0,0,0,0,0,6,6.0,1.3,31.0,3.8,1,1,1,3,1,0.15,0.00,0.15,0.54,2,False
3,626,0,0,0,0,0,0,0,0,0,0,0,0,0,0.0,0.0,0.0,0.0,0,0,0,0,0,0.00,0.00,0.00,0.00,0,False
3,627,0,0,0,0,0,0,0,0,0,0,0,0,0,0.0,0.0,0.0,0.0,0,0,0,0,0,0.00,0.00,0.00,0.00,0,False
3,628,90,0,0,0,3,0,0,0,0,0,1,0,1,11.6,0.0,0.0,1.2,1,12,0,0,1,0.00,0.00,0.00,1.93,1,False
3,629,0,0,0,0,0,0,0,0,0,0,0,0,0,0.0,0.0,0.0,0.0,0,0,0,0,0,0.00,0.00,0.00,0.00,0,False
3,630,0,0,0,0,0,0,0,0,0,0,0,0,0,0.0,0.0,0.0,0.0,0,0,0,0,0,0.00,0.00,0.00,0.00,0,False
3,631,90,0,0,0,3,0,0,0,0,0,0,0,4,21.2,11.1,4.0,3.6,6,8,0,6,1,0.13,0.01,0.14,1.93,1,False
3,632,0,0,0,0,0,0,0,0,0,0,0,0,0,0.0,0.0,0.0,0.0,0,0,0,0,0,0.00,0.00,0.00,0.00,0,False
3,633,74,0,0,0,3,0,0,0,0,0,0,0,6,22.0,20.5,14.0,5.7,4,4,5,9,1,0.00,0.04,0.04,1.84,1,False
3,634,0,0,0,0,0,0,0,0,0,0,0,0,0,0.0,0.0,0.0,0.0,0,0,0,0,0,0.00,0.00,0.00,0.00,0,False
3,635,27,1,0,0,0,0,0,0,0,0,0,0,16,32.2,1.2,27.0,6.0,1,3,1,2,0,0.37,0.01,0.38,0.18,7,False
3,636,90,0,0,0,3,0,0,0,0,0,0,0,4,21.8,19.2,2.0,4.3,8,3,2,10,1,0.00,0.05,0.05,1.93,3,False
3,637,90,0,0,0,3,0,0,0,0,0,0,0,9,27.8,11.8,8.0,4.8,6,6,5,11,1,0.03,0.01,0.04,1.93,3,False
3,638,0,0,0,0,0,0,0,0,0,0,0,0,0,0.0,0.0,0.0,0.0,0,0,0,0,0,0.00,0.00,0.00,0.00,0,False
3,639,0,0,0,0,0,0,0,0,0,0,0,0,0,0.0,0.0,0.0,0.0,0,0,0,0,0,0.00,0.00,0.00,0.00,0,False
3,640,0,0,0,0,0,0,0,0,0,0,0,0,0,0.0,0.0,0.0,0.0,0,0,0,0,0,0.00,0.00,0.00,0.00,0,False
3,641,0,0,0,0,0,0,0,0,0,0,0,0,0,0.0,0.0,0.0,0.0,0,0,0,0,0,0.00,0.00,0.00,0.00,0,False
3,642,75,1,0,0,3,0,0,0,0,0,0,0,27,35.2,0.7,17.0,5.3,2,0,0,2,1,0.42,0.00,0.42,1.84,7,False
3,643,63,0,0,0,3,0,0,0,0,0,0,0,10,0.0,3.2,0.0,0.3,1,7,1,9,1,0.00,0.01,0.01,1.75,2,False
3,644,26,0,0,0,0,0,0,0,0,0,0,0,5,5.4,14.8,9.0,2.9,0,1,0,1,0,0.05,0.09,0.14,0.18,1,False
3,645,26,0,0,0,0,0,0,0,0,0,0,0,0,0.0,9.7,2.0,1.1,0,1,0,1,0,0.03,0.01,0.04,0.18,1,False
3,646,90,0,0,0,3,0,0,0,0,0,0,0,15,5.6,15.2,1.0,2.2,0,5,0,5,1,0.01,0.03,0.04,1.93,2,False
3,647,0,0,0,0,0,0,0,0,0,0,0,0,0,0.0,0.0,0.0,0.0,0,0,0,0,0,0.00,0.00,0.00,0.00,0,False
3,648,90,0,1,0,3,0,0,0,0,0,0,0,16,23.4,25.5,7.0,5.6,0,0,2,2,1,0.03,0.06,0.09,1.93,5,False
3,649,0,0,0,0,0,0,0,0,0,0,0,0,0,0.0,0.0,0.0,0.0,0,0,0,0,0,0.00,0.00,0.00,0.00,0,False
3,650,0,0,0,0,0,0,0,0,0,0,0,0,0,0.0,0.0,0.0,0.0,0,0,0,0,0,0.00,0.00,0.00,0.00,0,False
3,651,0,0,0,0,0,0,0,0,0,0,0,0,0,0.0,0.0,0.0,0.0,0,0,0,0,0,0.00,0.00,0.00,0.00,0,False
3,652,0,0,0,0,0,0,0,0,0,0,0,0,0,0.0,0.0,0.0,0.0,0,0,0,0,0,0.00,0.00,0.00,0.00,0,False
3,653,0,0,0,0,0,0,0,0,0,0,0,0,0,0.0,0.0,0.0,0.0,0,0,0,0,0,0.00,0.00,0.00,0.00,0,False
3,654,0,0,0,0,0,0,0,0,0,0,0,0,0,0.0,0.0,0.0,0.0,0,0,0,0,0,0.00,0.00,0.00,0.00,0,False
3,655,0,0,0,0,0,0,0,0,0,0,0,0,0,0.0,0.0,0.0,0.0,0,0,0,0,0,0.00,0.00,0.00,0.00,0,False
3,656,14,0,0,0,0,0,0,0,0,0,0,0,1,1.0,4.3,2.0,0.7,1,1,0,2,0,0.00,0.01,0.01,0.10,1,False
3,657,0,0,0,0,0,0,0,0,0,0,0,0,0,0.0,0.0,0.0,0.0,0,0,0,0,0,0.00,0.00,0.00,0.00,0,False
3,658,0,0,0,0,0,0,0,0,0,0,0,0,0,0.0,0.0,0.0,0.0,0,0,0,0,0,0.00,0.00,0.00,0.00,0,False
3,659,90,0,0,1,0,0,0,0,0,0,0,0,30,13.8,1.5,0.0,1.5,3,4,3,6,1,0.00,0.01,0.01,0.73,6,False
3,660,90,0,0,1,0,0,0,0,0,0,0,0,9,10.2,37.4,11.0,5.9,2,2,2,6,1,0.18,0.02,0.20,0.46,3,False
3,661,78,0,0,1,0,0,0,0,0,0,0,0,3,0.2,0.3,2.0,0.3,0,1,1,2,1,0.00,0.00,0.00,0.40,2,False
3,662,85,0,0,0,1,0,0,0,0,0,0,0,14,25.2,0.8,2.0,2.8,5,3,4,9,0,0.00,0.00,0.00,0.52,2,False
3,663,63,0,0,0,3,0,0,0,0,0,0,0,13,15.6,5.0,13.0,3.4,0,1,6,7,1,0.04,0.02,0.06,1.75,2,False
3,664,0,0,0,0,0,0,0,0,0,0,0,0,0,0.0,0.0,0.0,0.0,0,0,0,0,0,0.00,0.00,0.00,0.00,0,False
3,665,90,0,0,1,0,0,0,0,0,0,2,0,25,15.2,0.0,0.0,1.5,1,8,0,0,1,0.00,0.00,0.00,0.46,6,False
3,666,90,0,0,0,1,0,0,0,1,0,0,0,8,7.0,26.0,4.0,3.7,1,1,0,2,1,0.00,0.16,0.16,0.52,1,False
3,667,0,0,0,0,0,0,0,0,0,0,0,0,0,0.0,0.0,0.0,0.0,0,0,0,0,0,0.00,0.00,0.00,0.00,0,False
3,668,90,0,1,0,1,0,0,0,1,0,0,0,28,34.6,16.7,0.0,5.1,6,4,1,11,1,0.00,0.10,0.10,1.20,4,False
3,669,57,0,0,0,0,0,0,0,0,0,0,0,5,2.6,2.3,4.0,0.9,0,4,2,6,1,0.00,0.00,0.00,0.47,1,False
3,670,90,0,0,0,1,0,1,0,0,0,3,0,23,47.4,0.0,0.0,4.7,0,9,0,0,1,0.00,0.00,0.00,1.20,8,False
3,671,26,1,0,0,0,0,0,0,0,0,0,2,35,44.0,0.1,62.0,10.6,0,0,0,0,0,1.04,0.00,1.04,0.19,7,False
3,672,0,0,0,0,0,0,0,0,0,0,0,0,0,0.0,0.0,0.0,0.0,0,0,0,0,0,0.00,0.00,0.00,0.00,0,False
3,673,53,0,0,0,1,0,0,0,0,0,0,0,6,6.8,3.2,2.0,1.2,2,2,2,6,1,0.00,0.01,0.01,1.28,1,False
3,674,0,0,0,0,0,0,0,0,0,0,0,0,0,0.0,0.0,0.0,0.0,0,0,0,0,0,0.00,0.00,0.00,0.00,0,False
3,675,0,0,0,0,0,0,0,0,0,0,0,0,0,0.0,0.0,0.0,0.0,0,0,0,0,0,0.00,0.00,0.00,0.00,0,False
3,676,75,0,0,0,2,0,0,0,0,0,0,0,8,8.6,1.7,2.0,1.2,2,4,4,10,1,0.00,0.00,0.00,2.50,2,False
3,677,45,0,0,0,1,0,0,0,0,0,0,0,3,4.2,2.2,17.0,2.3,0,3,1,4,1,0.07,0.00,0.07,1.72,1,False
3,678,0,0,0,0,0,0,0,0,0,0,0,0,0,0.0,0.0,0.0,0.0,0,0,0,0,0,0.00,0.00,0.00,0.00,0,False
3,679,90,0,0,1,0,0,0,0,0,0,3,0,30,27.8,0.0,0.0,2.8,1,11,0,0,1,0.00,0.00,0.00,0.73,7,False
3,680,0,0,0,0,0,0,0,0,0,0,0,0,0,0.0,0.0,0.0,0.0,0,0,0,0,0,0.00,0.00,0.00,0.00,0,False
3,681,18,0,0,0,0,0,0,0,0,0,0,0,-2,0.0,1.1,8.0,0.3,0,0,0,0,0,0.27,0.00,0.27,0.00,1,False
3,682,15,0,1,0,0,0,0,0,0,0,0,0,17,21.2,15.0,0.0,3.6,1,0,0,1,0,0.00,0.12,0.12,0.10,4,False
3,683,90,0,0,0,1,0,0,0,0,0,0,0,11,20.0,1.2,7.0,2.8,9,4,2,11,1,0.05,0.01,0.06,1.20,4,False
3,684,0,0,0,0,0,0,0,0,0,0,0,0,0,0.0,0.0,0.0,0.0,0,0,0,0,0,0.00,0.00,0.00,0.00,0,False
3,685,90,0,0,1,0,0,0,0,0,0,0,0,22,15.4,10.9,2.0,2.8,7,3,0,7,1,0.00,0.01,0.01,0.19,6,False
3,686,0,0,0,0,0,0,0,0,0,0,0,0,0,0.0,0.0,0.0,0.0,0,0,0,0,0,0.00,0.00,0.00,0.00,0,False
3,687,0,0,0,0,0,0,0,0,0,0,0,0,0,0.0,0.0,0.0,0.0,0,0,0,0,0,0.00,0.00,0.00,0.00,0,False
3,688,0,0,0,0,0,0,0,0,0,0,0,0,0,0.0,0.0,0.0,0.0,0,0,0,0,0,0.00,0.00,0.00,0.00,0,False
3,689,0,0,0,0,0,0,0,0,0,0,0,0,0,0.0,0.0,0.0,0.0,0,0,0,0,0,0.00,0.00,0.00,0.00,0,False
3,690,0,0,0,0,0,0,0,0,0,0,0,0,0,0.0,0.0,0.0,0.0,0,0,0,0,0,0.00,0.00,0.00,0.00,0,False
3,691,20,0,0,0,0,0,0,0,0,0,0,0,3,1.2,0.5,20.0,2.2,0,2,0,2,0,0.07,0.00,0.07,0.07,1,False
3,692,0,0,0,0,0,0,0,0,0,0,0,0,0,0.0,0.0,0.0,0.0,0,0,0,0,0,0.00,0.00,0.00,0.00,0,False
3,693,1,0,0,0,1,0,0,0,0,0,0,0,3,0.2,0.3,0.0,0.1,0,1,0,1,0,0.00,0.00,0.00,0.96,1,False
3,694,90,0,0,0,1,0,0,0,0,0,0,0,18,26.4,0.6,6.0,3.3,9,1,5,14,1,0.07,0.00,0.07,1.20,4,False
3,695,62,0,0,0,3,0,0,0,0,0,0,0,-5,11.0,6.3,2.0,1.9,2,2,1,3,1,0.00,0.01,0.01,1.75,1,False
3,696,1,0,0,0,1,0,0,0,0,0,0,0,3,0.4,0.5,0.0,0.1,0,1,0,1,0,0.00,0.00,0.00,0.96,1,False
3,697,26,0,0,0,0,0,0,0,0,0,0,0,7,12.8,10.5,0.0,2.3,2,5,4,11,0,0.00,0.01,0.01,0.18,1,False
3,698,0,0,0,0,0,0,0,0,0,0,0,0,0,0.0,0.0,0.0,0.0,0,0,0,0,0,0.00,0.00,0.00,0.00,0,False
3,699,0,0,0,0,0,0,0,0,0,0,0,0,0,0.0,0.0,0.0,0.0,0,0,0,0,0,0.00,0.00,0.00,0.00,0,False
3,700,1,0,0,0,0,0,0,0,0,0,0,0,0,0.0,0.3,11.0,1.1,0,0,0,0,0,0.06,0.00,0.06,0.12,1,False
3,701,0,0,0,0,0,0,0,0,0,0,0,0,0,0.0,0.0,0.0,0.0,0,0,0,0,0,0.00,0.00,0.00,0.00,0,False
3,702,16,0,0,0,1,0,0,0,0,0,0,0,3,0.0,0.3,0.0,0.0,0,1,0,1,0,0.00,0.00,0.00,0.90,1,False
3,703,0,0,0,0,0,0,0,0,0,0,0,0,0,0.0,0.0,0.0,0.0,0,0,0,0,0,0.00,0.00,0.00,0.00,0,False
3,704,0,0,0,0,0,0,0,0,0,0,0,0,0,0.0,0.0,0.0,0.0,0,0,0,0,0,0.00,0.00,0.00,0.00,0,False
3,705,0,0,0,0,0,0,0,0,0,0,0,0,0,0.0,0.0,0.0,0.0,0,0,0,0,0,0.00,0.00,0.00,0.00,0,False
3,706,10,0,0,0,0,0,0,0,0,0,0,0,3,0.0,0.0,0.0,0.0,0,0,0,0,0,0.00,0.00,0.00,0.03,1,False
3,707,0,0,0,0,0,0,0,0,0,0,0,0,0,0.0,0.0,0.0,0.0,0,0,0,0,0,0.00,0.00,0.00,0.00,0,False
3,708,81,0,0,1,0,0,0,0,0,0,0,0,15,11.0,26.4,4.0,4.1,1,7,3,11,1,0.00,0.10,0.10,0.70,3,False
3,709,0,0,0,0,0,0,0,0,0,0,0,0,0,0.0,0.0,0.0,0.0,0,0,0,0,0,0.00,0.00,0.00,0.00,0,False
3,710,0,0,0,0,0,0,0,0,0,0,0,0,0,0.0,0.0,0.0,0.0,0,0,0,0,0,0.00,0.00,0.00,0.00,0,False
3,711,0,0,0,0,0,0,0,0,0,0,0,0,0,0.0,0.0,0.0,0.0,0,0,0,0,0,0.00,0.00,0.00,0.00,0,False
3,712,19,0,0,0,0,0,0,0,0,0,0,0,10,3.6,11.6,2.0,1.7,0,3,1,4,0,0.02,0.01,0.03,0.28,1,False
4,1,90,0,0,1,0,0,0,0,0,0,1,0,24,12.8,0.0,0.0,1.3,0,9,0,0,1,0.00,0.00,0.00,0.20,6,False
4,2,0,0,0,0,0,0,0,0,0,0,0,0,0,0.0,0.0,0.0,0.0,0,0,0,0,0,0.00,0.00,0.00,0.00,0,False
4,3,0,0,0,0,0,0,0,0,0,0,0,0,0,0.0,0.0,0.0,0.0,0,0,0,0,0,0.00,0.00,0.00,0.00,0,False
4,4,0,0,0,0,0,0,0,0,0,0,0,0,0,0.0,0.0,0.0,0.0,0,0,0,0,0,0.00,0.00,0.00,0.00,0,False
4,5,90,0,0,1,0,0,0,0,0,0,0,1,32,28.0,1.3,9.0,3.8,8,3,2,10,1,0.20,0.01,0.21,0.20,9,False
4,6,0,0,0,0,0,0,0,0,0,0,0,0,0,0.0,0.0,0.0,0.0,0,0,0,0,0,0.00,0.00,0.00,0.00,0,False
4,7,67,0,0,1,0,0,0,0,1,0,0,0,16,5.4,12.6,2.0,2.0,1,1,2,3,1,0.00,0.01,0.01,0.10,5,False
4,8,90,0,0,1,0,0,0,0,0,0,0,2,37,19.8,13.0,35.0,6.8,4,2,2,6,1,0.30,0.02,0.32,0.20,8,False
4,9,0,0,0,0,0,0,0,0,0,0,0,0,0,0.0,0.0,0.0,0.0,0,0,0,0,0,0.00,0.00,0.00,0.00,0,False
4,10,22,0,0,0,0,0,0,0,0,0,0,0,3,0.0,2.0,0.0,0.1,0,2,0,0,0,0.00,0.00,0.00,0.10,1,False
4,11,0,0,0,0,0,0,0,0,0,0,0,0,0,0.0,0.0,0.0,0.0,0,0,0,0,0,0.00,0.00,0.00,0.00,0,False
4,12,0,0,0,0,0,0,0,0,0,0,0,0,0,0.0,0.0,0.0,0.0,0,0,0,0,0,0.00,0.00,0.00,0.00,0,False
4,13,0,0,0,0,0,0,0,0,0,0,0,0,0,0.0,0.0,0.0,0.0,0,0,0,0,0,0.00,0.00,0.00,0.00,0,False
4,14,0,0,0,0,0,0,0,0,0,0,0,0,0,0.0,0.0,0.0,0.0,0,0,0,0,0,0.00,0.00,0.00,0.00,0,False
4,15,0,0,0,0,0,0,0,0,0,0,0,0,0,0.0,0.0,0.0,0.0,0,0,0,0,0,0.00,0.00,0.00,0.00,0,False
4,16,0,0,0,0,0,0,0,0,0,0,0,0,0,0.0,0.0,0.0,0.0,0,0,0,0,0,0.00,0.00,0.00,0.00,0,False
4,17,17,0,0,0,0,0,0,0,0,0,0,0,3,0.0,5.2,0.0,0.5,0,0,0,0,1,0.00,0.00,0.00,0.00,1,False
4,18,78,0,0,1,0,0,0,0,0,0,0,0,24,22.6,70.8,26.0,11.9,1,3,3,7,1,0.00,0.71,0.71,0.10,3,False
4,19,12,0,0,0,0,0,0,0,0,0,0,0,4,2.0,4.3,0.0,0.6,0,1,0,1,0,0.00,0.00,0.00,0.10,1,False
4,20,11,0,1,0,0,0,0,0,0,0,0,0,12,17.2,10.5,4.0,3.2,0,0,0,0,0,0.00,0.26,0.26,0.10,4,False
4,21,22,0,0,0,0,0,0,0,0,0,0,0,1,3.4,1.3,2.0,0.7,0,2,1,3,0,0.00,0.03,0.03,0.10,1,False
4,22,90,0,0,1,0,0,0,0,0,0,0,0,15,13.2,20.3,33.0,6.7,2,8,0,10,1,0.13,0.07,0.20,0.20,3,False
4,23,0,0,0,0,0,0,0,0,0,0,0,0,0,0.0,0.0,0.0,0.0,0,0,0,0,0,0.00,0.00,0.00,0.00,0,False
4,24,0,0,0,0,0,0,0,0,0,0,0,0,0,0.0,0.0,0.0,0.0,0,0,0,0,0,0.00,0.00,0.00,0.00,0,False
4,25,72,0,0,1,0,0,0,0,0,0,0,0,8,2.4,18.7,15.0,3.6,1,3,0,4,0,0.15,0.03,0.18,0.20,3,False
4,26,90,2,0,1,0,0,0,0,0,0,0,3,52,68.6,14.5,25.0,10.8,1,1,0,2,1,0.16,0.03,0.19,0.20,16,True
4,27,0,0,0,0,0,0,0,0,0,0,0,0,0,0.0,0.0,0.0,0.0,0,0,0,0,0,0.00,0.00,0.00,0.00,0,False
4,28,0,0,0,0,0,0,0,0,0,0,0,0,0,0.0,0.0,0.0,0.0,0,0,0,0,0,0.00,0.00,0.00,0.00,0,False
4,29,0,0,0,0,0,0,0,0,0,0,0,0,0,0.0,0.0,0.0,0.0,0,0,0,0,0,0.00,0.00,0.00,0.00,0,False
4,30,0,0,0,0,0,0,0,0,0,0,0,0,0,0.0,0.0,0.0,0.0,0,0,0,0,0,0.00,0.00,0.00,0.00,0,False
4,31,0,0,0,0,0,0,0,0,0,0,0,0,0,0.0,0.0,0.0,0.0,0,0,0,0,0,0.00,0.00,0.00,0.00,0,False
4,32,90,0,0,1,0,0,0,0,0,0,2,0,27,20.2,0.0,0.0,2.0,2,3,0,0,1,0.00,0.00,0.00,2.08,6,False
4,33,0,0,0,0,0,0,0,0,0,0,0,0,0,0.0,0.0,0.0,0.0,0,0,0,0,0,0.00,0.00,0.00,0.00,0,False
4,34,0,0,0,0,0,0,0,0,0,0,0,0,0,0.0,0.0,0.0,0.0,0,0,0,0,0,0.00,0.00,0.00,0.00,0,False
4,35,0,0,0,0,0,0,0,0,0,0,0,0,0,0.0,0.0,0.0,0.0,0,0,0,0,0,0.00,0.00,0.00,0.00,0,False
4,36,90,0,0,1,0,0,0,0,1,0,0,0,13,13.2,16.6,2.0,3.2,1,0,3,4,1,0.00,0.14,0.14,2.08,5,False
4,37,90,0,0,1,0,0,0,0,1,0,0,0,18,7.4,6.8,9.0,2.3,3,6,1,4,1,0.08,0.01,0.09,2.08,5,False
4,38,90,0,0,1,0,0,0,0,0,0,0,0,28,15.4,1.0,0.0,1.6,3,2,1,4,1,0.00,0.01,0.01,2.08,6,False
4,39,0,0,0,0,0,0,0,0,0,0,0,0,0,0.0,0.0,0.0,0.0,0,0,0,0,0,0.00,0.00,0.00,0.00,0,False
4,40,90,0,0,1,0,0,0,0,0,0,0,1,30,36.0,1.3,8.0,4.5,12,3,1,13,1,0.22,0.01,0.23,2.08,9,False
4,41,0,0,0,0,0,0,0,0,0,0,0,0,0,0.0,0.0,0.0,0.0,0,0,0,0,0,0.00,0.00,0.00,0.00,0,False
4,42,0,0,0,0,0,0,0,0,0,0,0,0,0,0.0,0.0,0.0,0.0,0,0,0,0,0,0.00,0.00,0.00,0.00,0,False
4,43,0,0,0,0,0,0,0,0,0,0,0,0,0,0.0,0.0,0.0,0.0,0,0,0,0,0,0.00,0.00,0.00,0.00,0,False
4,44,82,0,0,1,0,0,0,0,0,0,0,3,35,13.0,2.0,0.0,1.5,4,3,3,7,1,0.00,0.02,0.02,1.60,9,False
4,45,0,0,0,0,0,0,0,0,0,0,0,0,0,0.0,0.0,0.0,0.0,0,0,0,0,0,0.00,0.00,0.00,0.00,0,False
4,46,0,0,0,0,0,0,0,0,0,0,0,0,0,0.0,0.0,0.0,0.0,0,0,0,0,0,0.00,0.00,0.00,0.00,0,False
4,47,90,0,0,1,0,0,0,0,0,0,0,0,4,6.4,4.0,7.0,1.7,2,4,0,6,1,0.08,0.02,0.10,2.08,3,False
4,48,45,0,0,0,0,0,0,0,0,0,0,0,10,3.4,2.3,0.0,0.6,0,3,1,4,1,0.00,0.02,0.02,1.17,1,False
4,49,0,0,0,0,0,0,0,0,0,0,0,0,0,0.0,0.0,0.0,0.0,0,0,0,0,0,0.00,0.00,0.00,0.00,0,False
4,50,70,0,0,1,0,0,0,0,1,0,0,0,6,8.6,13.2,13.0,3.5,1,5,2,8,1,0.16,0.06,0.22,1.53,2,False
4,51,0,0,0,0,0,0,0,0,0,0,0,0,0,0.0,0.0,0.0,0.0,0,0,0,0,0,0.00,0.00,0.00,0.00,0,False
4,52,0,0,0,0,0,0,0,0,0,0,0,0,0,0.0,0.0,0.0,0.0,0,0,0,0,0,0.00,0.00,0.00,0.00,0,False
4,53,7,0,0,0,0,0,0,0,0,0,0,0,2,1.0,0.3,0.0,0.1,0,0,0,0,0,0.00,0.00,0.00,0.48,1,False
4,54,90,0,0,1,0,0,0,0,0,0,0,0,12,10.4,13.4,0.0,2.4,3,5,0,8,1,0.00,0.03,0.03,2.08,3,False
4,55,0,0,0,0,0,0,0,0,0,0,0,0,0,0.0,0.0,0.0,0.0,0,0,0,0,0,0.00,0.00,0.00,0.00,0,False
4,56,0,0,0,0,0,0,0,0,0,0,0,0,0,0.0,0.0,0.0,0.0,0,0,0,0,0,0.00,0.00,0.00,0.00,0,False
4,57,0,0,0,0,0,0,0,0,0,0,0,0,0,0.0,0.0,0.0,0.0,0,0,0,0,0,0.00,0.00,0.00,0.00,0,False
4,58,0,0,0,0,0,0,0,0,0,0,0,0,0,0.0,0.0,0.0,0.0,0,0,0,0,0,0.00,0.00,0.00,0.00,0,False
4,59,0,0,0,0,0,0,0,0,0,0,0,0,0,0.0,0.0,0.0,0.0,0,0,0,0,0,0.00,0.00,0.00,0.00,0,False
4,60,0,0,0,0,0,0,0,0,0,0,0,0,0,0.0,0.0,0.0,0.0,0,0,0,0,0,0.00,0.00,0.00,0.00,0,False
4,61,0,0,0,0,0,0,0,0,0,0,0,0,0,0.0,0.0,0.0,0.0,0,0,0,0,0,0.00,0.00,0.00,0.00,0,False
4,62,0,0,0,0,0,0,0,0,0,0,0,0,0,0.0,0.0,0.0,0.0,0,0,0,0,0,0.00,0.00,0.00,0.00,0,False
4,63,0,0,0,0,0,0,0,0,0,0,0,0,0,0.0,0.0,0.0,0.0,0,0,0,0,0,0.00,0.00,0.00,0.00,0,False
4,64,82,0,0,1,0,0,0,0,0,0,0,0,6,2.0,17.3,2.0,2.1,0,2,0,2,1,0.00,0.04,0.04,1.60,2,False
4,65,0,0,0,0,0,0,0,0,0,0,0,0,0,0.0,0.0,0.0,0.0,0,0,0,0,0,0.00,0.00,0.00,0.00,0,False
4,66,0,0,0,0,0,0,0,0,0,0,0,0,0,0.0,0.0,0.0,0.0,0,0,0,0,0,0.00,0.00,0.00,0.00,0,False
4,67,90,0,0,0,1,0,0,0,0,0,1,0,5,8.6,0.0,0.0,0.9,1,5,0,0,1,0.00,0.00,0.00,0.62,2,False
4,68,0,0,0,0,0,0,0,0,0,0,0,0,0,0.0,0.0,0.0,0.0,0,0,0,0,0,0.00,0.00,0.00,0.00,0,False
4,69,0,0,0,0,0,0,0,0,0,0,0,0,0,0.0,0.0,0.0,0.0,0,0,0,0,0,0.00,0.00,0.00,0.00,0,False
4,70,0,0,0,0,0,0,0,0,0,0,0,0,0,0.0,0.0,0.0,0.0,0,0,0,0,0,0.00,0.00,0.00,0.00,0,False
4,71,0,0,0,0,0,0,0,0,0,0,0,0,0,0.0,0.0,0.0,0.0,0,0,0,0,0,0.00,0.00,0.00,0.00,0,False
4,72,90,0,0,0,1,0,0,0,1,0,0,0,9,30.0,4.7,2.0,3.7,9,6,3,12,1,0.00,0.03,0.03,0.62,3,False
4,73,0,0,0,0,0,0,0,0,0,0,0,0,0,0.0,0.0,0.0,0.0,0,0,0,0,0,0.00,0.00,0.00,0.00,0,False
4,74,90,0,0,0,1,0,0,0,0,0,0,0,2,15.4,29.7,0.0,4.5,3,3,1,4,1,0.00,0.10,0.10,0.62,2,False
4,75,0,0,0,0,0,0,0,0,0,0,0,0,0,0.0,0.0,0.0,0.0,0,0,0,0,0,0.00,0.00,0.00,0.00,0,False
4,76,0,0,0,0,0,0,0,0,0,0,0,0,0,0.0,0.0,0.0,0.0,0,0,0,0,0,0.00,0.00,0.00,0.00,0,False
4,77,86,0,0,0,1,0,0,0,0,0,0,0,7,8.2,1.3,33.0,4.3,2,1,1,3,1,0.12,0.03,0.15,0.62,2,False
4,78,0,0,0,0,0,0,0,0,0,0,0,0,0,0.0,0.0,0.0,0.0,0,0,0,0,0,0.00,0.00,0.00,0.00,0,False
4,79,0,0,0,0,0,0,0,0,0,0,0,0,0,0.0,0.0,0.0,0.0,0,0,0,0,0,0.00,0.00,0.00,0.00,0,False
4,80,1,0,0,0,0,0,0,0,0,0,0,0,2,0.0,0.0,0.0,0.0,0,0,0,0,0,0.00,0.00,0.00,0.00,1,False
4,81,23,0,0,0,0,0,0,0,0,0,0,0,6,6.6,14.4,8.0,2.9,1,2,0,3,0,0.09,0.32,0.41,0.05,1,False
4,82,90,1,1,0,1,0,0,0,0,0,0,3,39,63.2,24.7,29.0,11.7,3,2,3,8,1,0.87,0.06,0.93,0.62,13,True
4,83,17,0,0,0,1,0,0,0,0,0,0,0,2,1.0,0.4,4.0,0.5,0,1,0,1,0,0.00,0.00,0.00,0.49,1,False
4,84,85,0,0,0,1,0,0,0,0,0,0,0,9,1.8,14.9,7.0,2.4,1,7,0,8,1,0.04,0.11,0.15,0.62,2,False
4,85,90,0,0,0,1,0,0,0,1,0,0,0,15,11.4,13.3,0.0,2.5,4,5,2,11,1,0.00,0.01,0.01,0.62,1,False
4,86,66,0,0,0,1,0,0,0,1,0,0,0,0,0.0,2.9,8.0,0.6,0,6,0,6,1,0.09,0.02,0.11,0.57,1,False
4,87,0,0,0,0,0,0,0,0,0,0,0,0,0,0.0,0.0,0.0,0.0,0,0,0,0,0,0.00,0.00,0.00,0.00,0,False
4,88,4,0,0,0,0,0,0,0,0,0,0,0,2,2.0,0.1,0.0,0.2,1,0,0,1,0,0.00,0.00,0.00,0.00,1,False
4,89,0,0,0,0,0,0,0,0,0,0,0,0,0,0.0,0.0,0.0,0.0,0,0,0,0,0,0.00,0.00,0.00,0.00,0,False
4,90,66,1,0,0,1,0,0,0,0,0,0,2,35,47.6,12.8,9.0,6.9,1,3,6,10,1,0.06,0.02,0.08,0.57,9,False
4,91,0,0,0,0,0,0,0,0,0,0,0,0,0,0.0,0.0,0.0,0.0,0,0,0,0,0,0.00,0.00,0.00,0.00,0,False
4,92,0,0,0,0,0,0,0,0,0,0,0,0,0,0.0,0.0,0.0,0.0,0,0,0,0,0,0.00,0.00,0.00,0.00,0,False
4,93,0,0,0,0,0,0,0,0,0,0,0,0,0,0.0,0.0,0.0,0.0,0,0,0,0,0,0.00,0.00,0.00,0.00,0,False
4,94,0,0,0,0,0,0,0,0,0,0,0,0,0,0.0,0.0,0.0,0.0,0,0,0,0,0,0.00,0.00,0.00,0.00,0,False
4,95,0,0,0,0,0,0,0,0,0,0,0,0,0,0.0,0.0,0.0,0.0,0,0,0,0,0,0.00,0.00,0.00,0.00,0,False
4,96,0,0,0,0,0,0,0,0,0,0,0,0,0,0.0,0.0,0.0,0.0,0,0,0,0,0,0.00,0.00,0.00,0.00,0,False
4,97,90,0,1,0,1,0,0,0,0,0,0,0,19,3.4,2.2,40.0,4.6,1,6,0,7,1,0.14,0.04,0.18,0.62,5,False
4,98,0,0,0,0,0,0,0,0,0,0,0,0,0,0.0,0.0,0.0,0.0,0,0,0,0,0,0.00,0.00,0.00,0.00,0,False
4,99,0,0,0,0,0,0,0,0,0,0,0,0,0,0.0,0.0,0.0,0.0,0,0,0,0,0,0.00,0.00,0.00,0.00,0,False
4,100,0,0,0,0,0,0,0,0,0,0,0,0,0,0.0,0.0,0.0,0.0,0,0,0,0,0,0.00,0.00,0.00,0.00,0,False
4,101,90,0,0,0,2,0,0,0,0,0,4,0,12,33.0,0.0,0.0,3.3,1,10,1,0,1,0.00,0.00,0.00,1.25,2,False
4,102,0,0,0,0,0,0,0,0,0,0,0,0,0,0.0,0.0,0.0,0.0,0,0,0,0,0,0.00,0.00,0.00,0.00,0,False
4,103,0,0,0,0,0,0,0,0,0,0,0,0,0,0.0,0.0,0.0,0.0,0,0,0,0,0,0.00,0.00,0.00,0.00,0,False
4,104,0,0,0,0,0,0,0,0,0,0,0,0,0,0.0,0.0,0.0,0.0,0,0,0,0,0,0.00,0.00,0.00,0.00,0,False
4,105,0,0,0,0,0,0,0,0,0,0,0,0,0,0.0,0.0,0.0,0.0,0,0,0,0,0,0.00,0.00,0.00,0.00,0,False
4,106,90,0,0,0,2,0,0,0,0,0,0,0,7,24.8,10.4,4.0,3.9,10,1,1,11,1,0.00,0.04,0.04,1.25,3,False
4,107,89,0,0,0,2,0,0,0,0,0,0,0,1,4.2,15.5,4.0,2.4,1,3,1,2,1,0.00,0.05,0.05,1.16,1,False
4,108,7,0,1,0,1,0,0,0,0,0,0,0,13,20.2,10.3,19.0,5.0,0,0,0,0,0,0.04,0.41,0.45,0.16,4,False
4,109,18,0,0,0,1,0,0,0,0,0,0,0,2,0.0,0.1,4.0,0.3,0,1,1,1,0,0.10,0.00,0.10,0.49,1,False
4,110,82,0,0,0,1,0,0,0,0,0,0,0,10,16.8,1.4,0.0,1.8,8,6,0,8,1,0.00,0.00,0.00,1.10,2,False
4,111,82,0,0,0,1,0,0,0,1,0,0,0,5,18.0,0.7,8.0,2.7,7,1,1,8,1,0.00,0.04,0.04,1.10,1,False
4,112,0,0,0,0,0,0,0,0,0,0,0,0,0,0.0,0.0,0.0,0.0,0,0,0,0,0,0.00,0.00,0.00,0.00,0,False
4,113,90,0,0,0,2,0,0,0,0,0,0,0,7,12.4,0.3,0.0,1.3,6,1,1,7,1,0.00,0.00,0.00,1.25,1,False
4,114,0,0,0,0,0,0,0,0,0,0,0,0,0,0.0,0.0,0.0,0.0,0,0,0,0,0,0.00,0.00,0.00,0.00,0,False
4,115,0,0,0,0,0,0,0,0,0,0,0,0,0,0.0,0.0,0.0,0.0,0,0,0,0,0,0.00,0.00,0.00,0.00,0,False
4,116,7,0,0,0,1,0,0,0,0,0,0,0,-1,0.2,0.3,0.0,0.1,0,0,0,0,0,0.00,0.00,0.00,0.16,1,False
4,117,0,0,0,0,0,0,0,0,0,0,0,0,0,0.0,0.0,0.0,0.0,0,0,0,0,0,0.00,0.00,0.00,0.00,0,False
4,118,0,0,0,0,0,0,0,0,0,0,0,0,0,0.0,0.0,0.0,0.0,0,0,0,0,0,0.00,0.00,0.00,0.00,0,False
4,119,90,0,0,0,3,0,0,0,0,0,0,0,1,2.2,15.7,41.0,5.9,0,2,0,2,1,0.68,0.17,0.85,2.52,2,False
4,120,90,1,0,0,2,0,0,0,0,0,0,0,21,35.4,1.6,43.0,8.0,0,1,3,4,1,0.61,0.03,0.64,1.25,7,False
4,121,0,0,0,0,0,0,0,0,0,0,0,0,0,0.0,0.0,0.0,0.0,0,0,0,0,0,0.00,0.00,0.00,0.00,0,False
4,122,0,0,0,0,0,0,0,0,0,0,0,0,0,0.0,0.0,0.0,0.0,0,0,0,0,0,0.00,0.00,0.00,0.00,0,False
4,123,1,1,0,0,0,0,0,0,0,0,0,1,23,33.2,0.1,33.0,6.6,0,0,0,0,0,0.67,0.00,0.67,0.09,7,False
4,124,90,0,1,0,2,0,0,0,0,0,0,1,23,32.4,20.0,0.0,5.2,3,3,3,9,1,0.00,0.03,0.03,1.25,6,False
4,125,0,0,0,0,0,0,0,0,0,0,0,0,0,0.0,0.0,0.0,0.0,0,0,0,0,0,0.00,0.00,0.00,0.00,0,False
4,126,72,0,0,0,1,0,0,0,0,0,0,0,17,14.4,22.3,2.0,3.9,4,3,3,10,1,0.00,0.06,0.06,0.77,2,False
4,127,0,0,0,0,0,0,0,0,0,0,0,0,0,0.0,0.0,0.0,0.0,0,0,0,0,0,0.00,0.00,0.00,0.00,0,False
4,128,0,0,0,0,0,0,0,0,0,0,0,0,0,0.0,0.0,0.0,0.0,0,0,0,0,0,0.00,0.00,0.00,0.00,0,False
4,129,90,0,0,0,2,0,0,0,1,0,0,0,11,15.0,12.9,2.0,3.0,3,7,2,12,1,0.00,0.11,0.11,1.25,3,False
4,130,0,0,0,0,0,0,0,0,0,0,0,0,0,0.0,0.0,0.0,0.0,0,0,0,0,0,0.00,0.00,0.00,0.00,0,False
4,131,0,0,0,0,0,0,0,0,0,0,0,0,0,0.0,0.0,0.0,0.0,0,0,0,0,0,0.00,0.00,0.00,0.00,0,False
4,132,0,0,0,0,0,0,0,0,0,0,0,0,0,0.0,0.0,0.0,0.0,0,0,0,0,0,0.00,0.00,0.00,0.00,0,False
4,133,0,0,0,0,0,0,0,0,0,0,0,0,0,0.0,0.0,0.0,0.0,0,0,0,0,0,0.00,0.00,0.00,0.00,0,False
4,134,0,0,0,0,0,0,0,0,0,0,0,0,0,0.0,0.0,0.0,0.0,0,0,0,0,0,0.00,0.00,0.00,0.00,0,False
4,135,0,0,0,0,0,0,0,0,0,0,0,0,0,0.0,0.0,0.0,0.0,0,0,0,0,0,0.00,0.00,0.00,0.00,0,False
4,136,71,0,0,0,1,0,0,0,1,0,0,0,7,10.0,14.5,0.0,2.5,3,1,0,4,1,0.00,0.03,0.03,0.77,1,False
4,137,0,0,0,0,0,0,0,0,0,0,0,0,0,0.0,0.0,0.0,0.0,0,0,0,0,0,0.00,0.00,0.00,0.00,0,False
4,138,0,0,0,0,0,0,0,0,0,0,0,0,0,0.0,0.0,0.0,0.0,0,0,0,0,0,0.00,0.00,0.00,0.00,0,False
4,139,90,0,0,0,2,0,0,0,0,0,3,0,15,26.2,0.0,0.0,2.6,1,13,0,0,1,0.00,0.01,0.01,1.45,2,False
4,140,0,0,0,0,0,0,0,0,0,0,0,0,0,0.0,0.0,0.0,0.0,0,0,0,0,0,0.00,0.00,0.00,0.00,0,False
4,141,0,0,0,0,0,0,0,0,0,0,0,0,0,0.0,0.0,0.0,0.0,0,0,0,0,0,0.00,0.00,0.00,0.00,0,False
4,142,0,0,0,0,0,0,0,0,0,0,0,0,0,0.0,0.0,0.0,0.0,0,0,0,0,0,0.00,0.00,0.00,0.00,0,False
4,143,0,0,0,0,0,0,0,0,0,0,0,0,0,0.0,0.0,0.0,0.0,0,0,0,0,0,0.00,0.00,0.00,0.00,0,False
4,144,0,0,0,0,0,0,0,0,0,0,0,0,0,0.0,0.0,0.0,0.0,0,0,0,0,0,0.00,0.00,0.00,0.00,0,False
4,145,23,0,0,0,1,0,0,0,0,0,0,0,2,3.8,0.2,2.0,0.6,0,2,2,2,1,0.00,0.00,0.00,0.06,1,False
4,146,90,0,0,0,2,0,0,0,1,0,0,0,4,23.2,11.3,8.0,4.3,11,2,0,11,1,0.00,0.01,0.01,1.45,2,False
4,147,0,0,0,0,0,0,0,0,0,0,0,0,0,0.0,0.0,0.0,0.0,0,0,0,0,0,0.00,0.00,0.00,0.00,0,False
4,148,66,0,0,0,1,0,0,0,0,0,0,0,13,21.2,6.4,0.0,2.8,8,4,2,10,0,0.00,0.04,0.04,1.39,4,False
4,149,0,0,0,0,0,0,0,0,0,0,0,0,0,0.0,0.0,0.0,0.0,0,0,0,0,0,0.00,0.00,0.00,0.00,0,False
4,150,0,0,0,0,0,0,0,0,0,0,0,0,0,0.0,0.0,0.0,0.0,0,0,0,0,0,0.00,0.00,0.00,0.00,0,False
4,151,90,0,0,0,2,0,0,0,0,0,0,0,5,24.0,0.8,2.0,2.7,10,2,0,10,1,0.00,0.02,0.02,1.45,3,False
4,152,90,0,0,0,2,0,0,0,0,0,0,0,13,22.4,11.3,4.0,3.8,6,7,4,10,1,0.00,0.01,0.01,1.45,3,False
4,153,0,0,0,0,0,0,0,0,0,0,0,0,0,0.0,0.0,0.0,0.0,0,0,0,0,0,0.00,0.00,0.00,0.00,0,False
4,154,0,0,0,0,0,0,0,0,0,0,0,0,0,0.0,0.0,0.0,0.0,0,0,0,0,0,0.00,0.00,0.00,0.00,0,False
4,155,0,0,0,0,0,0,0,0,0,0,0,0,0,0.0,0.0,0.0,0.0,0,0,0,0,0,0.00,0.00,0.00,0.00,0,False
4,156,0,0,0,0,0,0,0,0,0,0,0,0,0,0.0,0.0,0.0,0.0,0,0,0,0,0,0.00,0.00,0.00,0.00,0,False
4,157,90,1,0,0,2,0,0,0,0,0,0,0,24,35.6,3.0,35.0,7.4,0,0,0,0,1,0.37,0.03,0.40,1.45,7,False
4,158,66,0,0,0,2,0,0,0,1,0,0,0,10,6.8,12.2,6.0,2.5,2,2,1,5,1,0.00,0.01,0.01,1.20,1,False
4,159,0,0,0,0,0,0,0,0,0,0,0,0,0,0.0,0.0,0.0,0.0,0,0,0,0,0,0.00,0.00,0.00,0.00,0,False
4,160,90,0,1,0,2,0,0,0,0,0,0,1,28,29.0,16.9,37.0,8.3,0,4,2,6,1,0.14,0.15,0.29,1.45,6,False
4,161,0,0,0,0,0,0,0,0,0,0,0,0,0,0.0,0.0,0.0,0.0,0,0,0,0,0,0.00,0.00,0.00,0.00,0,False
4,162,23,0,0,0,0,0,0,0,0,0,0,0,2,0.6,0.7,0.0,0.1,0,2,0,2,0,0.00,0.01,0.01,0.25,1,False
4,163,2,0,0,0,0,0,0,0,0,0,0,0,2,0.0,0.0,0.0,0.0,0,0,0,0,1,0.00,0.00,0.00,0.00,1,False
4,164,0,0,0,0,0,0,0,0,0,0,0,0,0,0.0,0.0,0.0,0.0,0,0,0,0,0,0.00,0.00,0.00,0.00,0,False
4,165,0,0,0,0,0,0,0,0,0,0,0,0,0,0.0,0.0,0.0,0.0,0,0,0,0,0,0.00,0.00,0.00,0.00,0,False
4,166,87,0,0,0,2,0,0,0,0,0,0,0,20,15.4,2.4,0.0,1.8,3,3,4,10,0,0.00,0.07,0.07,1.45,2,False
4,167,24,0,0,0,0,0,0,0,1,0,0,0,0,0.6,1.0,1.0,0.3,2,3,1,6,0,0.02,0.00,0.02,0.25,0,False
4,168,45,0,0,0,1,0,0,0,0,0,0,0,4,5.6,25.1,8.0,3.9,0,2,1,3,1,0.00,0.09,0.09,0.55,1,False
4,169,0,0,0,0,0,0,0,0,0,0,0,0,0,0.0,0.0,0.0,0.0,0,0,0,0,0,0.00,0.00,0.00,0.00,0,False
4,170,65,0,0,0,2,0,0,0,1,0,0,0,8,8.0,5.0,0.0,1.3,2,2,2,6,1,0.00,0.02,0.02,1.20,1,False
4,171,0,0,0,0,0,0,0,0,0,0,0,0,0,0.0,0.0,0.0,0.0,0,0,0,0,0,0.00,0.00,0.00,0.00,0,False
4,172,0,0,0,0,0,0,0,0,0,0,0,0,0,0.0,0.0,0.0,0.0,0,0,0,0,0,0.00,0.00,0.00,0.00,0,False
4,173,0,0,0,0,0,0,0,0,0,0,0,0,0,0.0,0.0,0.0,0.0,0,0,0,0,0,0.00,0.00,0.00,0.00,0,False
4,174,0,0,0,0,0,0,0,0,0,0,0,0,0,0.0,0.0,0.0,0.0,0,0,0,0,0,0.00,0.00,0.00,0.00,0,False
4,175,0,0,0,0,0,0,0,0,0,0,0,0,0,0.0,0.0,0.0,0.0,0,0,0,0,0,0.00,0.00,0.00,0.00,0,False
4,176,0,0,0,0,0,0,0,0,0,0,0,0,0,0.0,0.0,0.0,0.0,0,0,0,0,0,0.00,0.00,0.00,0.00,0,False
4,177,0,0,0,0,0,0,0,0,0,0,0,0,0,0.0,0.0,0.0,0.0,0,0,0,0,0,0.00,0.00,0.00,0.00,0,False
4,178,66,0,0,0,2,0,0,0,0,0,0,0,7,1.8,2.9,8.0,1.3,0,2,2,4,1,0.09,0.02,0.11,1.20,2,False
4,179,0,0,0,0,0,0,0,0,0,0,0,0,0,0.0,0.0,0.0,0.0,0,0,0,0,0,0.00,0.00,0.00,0.00,0,False
4,180,23,0,0,0,0,0,0,0,0,0,0,0,0,0.0,0.1,0.0,0.0,0,2,0,2,0,0.00,0.00,0.00,0.25,1,False
4,181,0,0,0,0,0,0,0,0,0,0,0,0,0,0.0,0.0,0.0,0.0,0,0,0,0,0,0.00,0.00,0.00,0.00,0,False
4,182,0,0,0,0,0,0,0,0,0,0,0,0,0,0.0,0.0,0.0,0.0,0,0,0,0,0,0.00,0.00,0.00,0.00,0,False
4,183,0,0,0,0,0,0,0,0,0,0,0,0,0,0.0,0.0,0.0,0.0,0,0,0,0,0,0.00,0.00,0.00,0.00,0,False
4,184,0,0,0,0,0,0,0,0,0,0,0,0,0,0.0,0.0,0.0,0.0,0,0,0,0,0,0.00,0.00,0.00,0.00,0,False
4,185,0,0,0,0,0,0,0,0,0,0,0,0,0,0.0,0.0,0.0,0.0,0,0,0,0,0,0.00,0.00,0.00,0.00,0,False
4,186,0,0,0,0,0,0,0,0,0,0,0,0,0,0.0,0.0,0.0,0.0,0,0,0,0,0,0.00,0.00,0.00,0.00,0,False
4,187,90,0,0,0,1,0,0,0,0,0,0,0,6,8.6,0.8,0.0,0.9,3,1,1,4,1,0.00,0.00,0.00,2.45,2,False
4,188,0,0,0,0,0,0,0,0,0,0,0,0,0,0.0,0.0,0.0,0.0,0,0,0,0,0,0.00,0.00,0.00,0.00,0,False
4,189,0,0,0,0,0,0,0,0,0,0,0,0,0,0.0,0.0,0.0,0.0,0,0,0,0,0,0.00,0.00,0.00,0.00,0,False
4,190,90,0,0,0,1,0,0,0,0,0,0,0,8,27.6,0.3,4.0,3.2,11,0,1,12,1,0.01,0.00,0.01,2.45,4,False
4,191,90,0,0,0,1,0,0,0,0,0,0,0,10,36.8,0.1,0.0,3.7,15,0,0,15,1,0.00,0.00,0.00,2.45,4,False
4,192,90,0,0,0,1,0,0,0,0,0,0,0,14,25.4,10.2,0.0,3.6,15,2,2,17,1,0.00,0.01,0.01,2.45,4,False
4,193,0,0,0,0,0,0,0,0,0,0,0,0,0,0.0,0.0,0.0,0.0,0,0,0,0,0,0.00,0.00,0.00,0.00,0,False
4,194,0,0,0,0,0,0,0,0,0,0,0,0,0,0.0,0.0,0.0,0.0,0,0,0,0,0,0.00,0.00,0.00,0.00,0,False
4,195,0,0,0,0,0,0,0,0,0,0,0,0,0,0.0,0.0,0.0,0.0,0,0,0,0,0,0.00,0.00,0.00,0.00,0,False
4,196,0,0,0,0,0,0,0,0,0,0,0,0,0,0.0,0.0,0.0,0.0,0,0,0,0,0,0.00,0.00,0.00,0.00,0,False
4,197,0,0,0,0,0,0,0,0,0,0,0,0,0,0.0,0.0,0.0,0.0,0,0,0,0,0,0.00,0.00,0.00,0.00,0,False
4,198,0,0,0,0,0,0,0,0,0,0,0,0,0,0.0,0.0,0.0,0.0,0,0,0,0,0,0.00,0.00,0.00,0.00,0,False
4,199,4,0,0,0,1,0,0,0,0,0,0,0,-1,2.0,0.0,0.0,0.2,1,0,0,1,0,0.00,0.00,0.00,1.00,1,False
4,200,88,0,0,1,0,0,0,0,0,0,0,0,6,9.4,0.5,1.0,1.1,3,6,2,11,1,0.11,0.00,0.11,1.51,3,False
4,201,0,0,0,0,0,0,0,0,0,0,0,0,0,0.0,0.0,0.0,0.0,0,0,0,0,0,0.00,0.00,0.00,0.00,0,False
4,202,0,0,0,0,0,0,0,0,0,0,0,0,0,0.0,0.0,0.0,0.0,0,0,0,0,0,0.00,0.00,0.00,0.00,0,False
4,203,0,0,0,0,0,0,0,0,0,0,0,0,0,0.0,0.0,0.0,0.0,0,0,0,0,0,0.00,0.00,0.00,0.00,0,False
4,204,0,0,0,0,0,0,0,0,0,0,0,0,0,0.0,0.0,0.0,0.0,0,0,0,0,0,0.00,0.00,0.00,0.00,0,False
4,205,62,0,0,1,0,0,0,0,0,0,0,0,12,16.6,1.5,0.0,1.8,6,0,1,7,1,0.00,0.00,0.00,1.21,3,False
4,206,0,0,0,0,0,0,0,0,0,0,0,0,0,0.0,0.0,0.0,0.0,0,0,0,0,0,0.00,0.00,0.00,0.00,0,False
4,207,27,0,0,0,1,0,0,0,0,0,0,0,-2,0.0,0.3,0.0,0.0,0,1,1,2,0,0.00,0.00,0.00,1.24,1,False
4,208,0,0,0,0,0,0,0,0,0,0,0,0,0,0.0,0.0,0.0,0.0,0,0,0,0,0,0.00,0.00,0.00,0.00,0,False
4,209,90,0,0,0,1,0,0,0,0,0,0,0,4,6.2,0.3,1.0,0.8,5,1,0,6,1,0.01,0.00,0.01,2.45,2,False
4,210,62,0,0,1,0,0,0,0,0,0,0,0,6,3.8,10.7,0.0,1.5,1,2,0,3,1,0.00,0.01,0.01,1.21,3,False
4,211,0,0,0,0,0,0,0,0,0,0,0,0,0,0.0,0.0,0.0,0.0,0,0,0,0,0,0.00,0.00,0.00,0.00,0,False
4,212,0,0,0,0,0,0,0,0,0,0,0,0,0,0.0,0.0,0.0,0.0,0,0,0,0,0,0.00,0.00,0.00,0.00,0,False
4,213,0,0,0,0,0,0,0,0,0,0,0,0,0,0.0,0.0,0.0,0.0,0,0,0,0,0,0.00,0.00,0.00,0.00,0,False
4,214,0,0,0,0,0,0,0,0,0,0,0,0,0,0.0,0.0,0.0,0.0,0,0,0,0,0,0.00,0.00,0.00,0.00,0,False
4,215,0,0,0,0,0,0,0,0,0,0,0,0,0,0.0,0.0,0.0,0.0,0,0,0,0,0,0.00,0.00,0.00,0.00,0,False
4,216,0,0,0,0,0,0,0,0,0,0,0,0,0,0.0,0.0,0.0,0.0,0,0,0,0,0,0.00,0.00,0.00,0.00,0,False
4,217,85,0,0,1,0,0,0,0,0,0,0,0,11,8.2,1.3,2.0,1.2,4,3,2,9,1,0.00,0.00,0.00,1.45,2,False
4,218,0,0,0,0,0,0,0,0,0,0,0,0,0,0.0,0.0,0.0,0.0,0,0,0,0,0,0.00,0.00,0.00,0.00,0,False
4,219,0,0,0,0,0,0,0,0,0,0,0,0,0,0.0,0.0,0.0,0.0,0,0,0,0,0,0.00,0.00,0.00,0.00,0,False
4,220,90,0,0,0,2,0,0,0,0,0,3,0,7,23.6,0.0,0.0,2.4,2,8,0,0,1,0.00,0.00,0.00,1.43,2,False
4,221,0,0,0,0,0,0,0,0,0,0,0,0,0,0.0,0.0,0.0,0.0,0,0,0,0,0,0.00,0.00,0.00,0.00,0,False
4,222,0,0,0,0,0,0,0,0,0,0,0,0,0,0.0,0.0,0.0,0.0,0,0,0,0,0,0.00,0.00,0.00,0.00,0,False
4,223,0,0,0,0,0,0,0,0,0,0,0,0,0,0.0,0.0,0.0,0.0,0,0,0,0,0,0.00,0.00,0.00,0.00,0,False
4,224,45,0,0,0,1,0,0,0,0,0,0,0,6,15.4,23.5,19.0,5.8,3,2,2,5,0,0.06,0.02,0.08,0.87,1,False
4,225,45,0,0,0,1,0,0,0,0,0,0,0,8,6.6,3.3,2.0,1.2,2,2,0,2,0,0.04,0.02,0.06,0.87,1,False
4,226,90,0,0,0,2,0,0,0,0,0,0,0,12,31.0,17.1,5.0,5.3,15,4,1,16,1,0.03,0.29,0.32,1.43,3,False
4,227,0,0,0,0,0,0,0,0,0,0,0,0,0,0.0,0.0,0.0,0.0,0,0,0,0,0,0.00,0.00,0.00,0.00,0,False
4,228,0,0,0,0,0,0,0,0,0,0,0,0,0,0.0,0.0,0.0,0.0,0,0,0,0,0,0.00,0.00,0.00,0.00,0,False
4,229,0,0,0,0,0,0,0,0,0,0,0,0,0,0.0,0.0,0.0,0.0,0,0,0,0,0,0.00,0.00,0.00,0.00,0,False
4,230,45,0,0,0,1,0,0,0,0,0,0,0,7,6.2,2.8,0.0,0.9,2,1,0,2,1,0.00,0.01,0.01,0.55,1,False
4,231,0,0,0,0,0,0,0,0,0,0,0,0,0,0.0,0.0,0.0,0.0,0,0,0,0,0,0.00,0.00,0.00,0.00,0,False
4,232,90,0,0,0,2,0,0,0,0,0,0,0,7,27.0,1.7,0.0,2.9,9,1,0,9,1,0.00,0.02,0.02,1.43,1,False
4,233,0,0,0,0,0,0,0,0,0,0,0,0,0,0.0,0.0,0.0,0.0,0,0,0,0,0,0.00,0.00,0.00,0.00,0,False
4,234,0,0,0,0,0,0,0,0,0,0,0,0,0,0.0,0.0,0.0,0.0,0,0,0,0,0,0.00,0.00,0.00,0.00,0,False
4,235,34,1,0,0,1,0,0,0,0,0,0,1,23,39.6,2.3,42.0,8.4,1,0,1,2,0,0.63,0.09,0.72,0.87,7,False
4,236,90,0,0,0,2,0,0,0,0,0,0,0,13,11.4,35.0,24.0,7.0,1,4,1,6,1,0.12,0.21,0.33,1.43,2,False
4,237,90,0,0,0,2,0,0,0,0,0,0,0,18,24.2,29.5,15.0,6.9,3,6,4,13,1,0.11,0.06,0.17,1.43,4,False
4,238,0,0,0,0,0,0,0,0,0,0,0,0,0,0.0,0.0,0.0,0.0,0,0,0,0,0,0.00,0.00,0.00,0.00,0,False
4,239,55,0,0,0,1,0,0,0,0,0,0,0,3,2.0,12.2,15.0,2.9,0,1,0,1,1,0.01,0.03,0.04,0.55,1,False
4,240,0,0,0,0,0,0,0,0,0,0,0,0,0,0.0,0.0,0.0,0.0,0,0,0,0,0,0.00,0.00,0.00,0.00,0,False
4,241,90,1,0,0,2,0,0,0,0,0,0,3,40,54.0,15.3,7.0,7.6,5,8,4,17,1,0.07,0.07,0.14,1.43,12,True
4,242,90,0,0,1,0,0,0,0,1,0,0,0,11,9.4,28.3,11.0,4.9,0,5,3,8,1,0.06,0.26,0.32,0.54,2,False
4,243,45,0,0,0,1,0,0,0,1,0,0,0,1,4.6,4.9,19.0,2.9,0,0,1,1,0,0.04,0.06,0.10,0.87,0,False
4,244,0,0,0,0,0,0,0,0,0,0,0,0,0,0.0,0.0,0.0,0.0,0,0,0,0,0,0.00,0.00,0.00,0.00,0,False
4,245,0,0,0,0,0,0,0,0,0,0,0,0,0,0.0,0.0,0.0,0.0,0,0,0,0,0,0.00,0.00,0.00,0.00,0,False
4,246,0,0,0,0,0,0,0,0,0,0,0,0,0,0.0,0.0,0.0,0.0,0,0,0,0,0,0.00,0.00,0.00,0.00,0,False
4,247,0,0,0,0,0,0,0,0,0,0,0,0,0,0.0,0.0,0.0,0.0,0,0,0,0,0,0.00,0.00,0.00,0.00,0,False
4,248,0,0,0,0,0,0,0,0,0,0,0,0,0,0.0,0.0,0.0,0.0,0,0,0,0,0,0.00,0.00,0.00,0.00,0,False
4,249,78,0,1,0,1,0,0,0,0,0,0,2,25,21.0,18.2,11.0,5.0,3,0,0,3,1,0.15,0.02,0.17,0.71,7,False
4,250,0,0,0,0,0,0,0,0,0,0,0,0,0,0.0,0.0,0.0,0.0,0,0,0,0,0,0.00,0.00,0.00,0.00,0,False
4,251,0,0,0,0,0,0,0,0,0,0,0,0,0,0.0,0.0,0.0,0.0,0,0,0,0,0,0.00,0.00,0.00,0.00,0,False
4,252,0,0,0,0,0,0,0,0,0,0,0,0,0,0.0,0.0,0.0,0.0,0,0,0,0,0,0.00,0.00,0.00,0.00,0,False
4,253,90,0,0,1,0,0,0,0,0,0,0,0,22,4.4,0.0,0.0,0.4,1,8,0,0,1,0.00,0.00,0.00,0.36,6,False
4,254,0,0,0,0,0,0,0,0,0,0,0,0,0,0.0,0.0,0.0,0.0,0,0,0,0,0,0.00,0.00,0.00,0.00,0,False
4,255,0,0,0,0,0,0,0,0,0,0,0,0,0,0.0,0.0,0.0,0.0,0,0,0,0,0,0.00,0.00,0.00,0.00,0,False
4,256,90,0,0,1,0,0,0,0,1,0,0,0,21,11.2,7.2,41.0,5.9,3,2,1,4,1,0.12,0.22,0.34,0.36,5,False
4,257,90,0,0,1,0,0,0,0,0,0,0,0,30,19.2,4.1,2.0,2.5,5,3,1,6,1,0.00,0.02,0.02,0.36,6,False
4,258,90,0,0,1,0,0,0,0,0,0,0,0,27,20.8,21.2,0.0,4.2,6,5,2,8,1,0.00,0.13,0.13,0.36,6,False
4,259,0,0,0,0,0,0,0,0,0,0,0,0,0,0.0,0.0,0.0,0.0,0,0,0,0,0,0.00,0.00,0.00,0.00,0,False
4,260,90,0,0,1,0,0,0,0,0,0,0,0,27,17.4,11.8,4.0,3.3,6,6,0,6,1,0.03,0.01,0.04,0.36,6,False
4,261,90,0,0,1,0,0,0,0,0,0,0,0,29,17.8,15.3,14.0,4.7,3,3,1,4,1,0.19,0.03,0.22,0.36,6,False
4,262,0,0,0,0,0,0,0,0,0,0,0,0,0,0.0,0.0,0.0,0.0,0,0,0,0,0,0.00,0.00,0.00,0.00,0,False
4,263,0,0,0,0,0,0,0,0,0,0,0,0,0,0.0,0.0,0.0,0.0,0,0,0,0,0,0.00,0.00,0.00,0.00,0,False
4,264,0,0,0,0,0,0,0,0,0,0,0,0,0,0.0,0.0,0.0,0.0,0,0,0,0,0,0.00,0.00,0.00,0.00,0,False
4,265,0,0,0,0,0,0,0,0,0,0,0,0,0,0.0,0.0,0.0,0.0,0,0,0,0,0,0.00,0.00,0.00,0.00,0,False
4,266,78,0,1,1,0,0,0,0,0,0,0,0,19,20.4,16.3,11.0,4.8,0,2,0,2,1,0.06,0.44,0.50,0.10,6,False
4,267,0,0,0,0,0,0,0,0,0,0,0,0,0,0.0,0.0,0.0,0.0,0,0,0,0,0,0.00,0.00,0.00,0.00,0,False
4,268,0,0,0,0,0,0,0,0,0,0,0,0,0,0.0,0.0,0.0,0.0,0,0,0,0,0,0.00,0.00,0.00,0.00,0,False
4,269,0,0,0,0,0,0,0,0,0,0,0,0,0,0.0,0.0,0.0,0.0,0,0,0,0,0,0.00,0.00,0.00,0.00,0,False
4,270,90,0,0,1,0,0,0,0,0,0,0,0,8,9.4,26.8,2.0,3.8,2,2,1,5,1,0.03,0.21,0.24,0.36,3,False
4,271,90,0,0,1,0,0,0,0,0,0,0,0,16,13.8,15.2,18.0,4.7,1,1,1,3,1,0.07,0.22,0.29,0.36,3,False
4,272,68,0,0,1,0,0,0,0,0,0,0,0,7,2.2,2.8,1.0,0.6,1,2,1,4,1,0.03,0.01,0.04,0.34,3,False
4,273,0,0,0,0,0,0,0,0,0,0,0,0,0,0.0,0.0,0.0,0.0,0,0,0,0,0,0.00,0.00,0.00,0.00,0,False
4,274,0,0,0,0,0,0,0,0,0,0,0,0,0,0.0,0.0,0.0,0.0,0,0,0,0,0,0.00,0.00,0.00,0.00,0,False
4,275,0,0,0,0,0,0,0,0,0,0,0,0,0,0.0,0.0,0.0,0.0,0,0,0,0,0,0.00,0.00,0.00,0.00,0,False
4,276,21,0,0,0,0,0,0,0,0,0,0,0,6,5.2,21.3,6.0,3.3,0,0,1,1,0,0.00,0.12,0.12,0.02,1,False
4,277,0,0,0,0,0,0,0,0,0,0,0,0,0,0.0,0.0,0.0,0.0,0,0,0,0,0,0.00,0.00,0.00,0.00,0,False
4,278,0,0,0,0,0,0,0,0,0,0,0,0,0,0.0,0.0,0.0,0.0,0,0,0,0,0,0.00,0.00,0.00,0.00,0,False
4,279,0,0,0,0,0,0,0,0,0,0,0,0,0,0.0,0.0,0.0,0.0,0,0,0,0,0,0.00,0.00,0.00,0.00,0,False
4,280,0,0,0,0,0,0,0,0,0,0,0,0,0,0.0,0.0,0.0,0.0,0,0,0,0,0,0.00,0.00,0.00,0.00,0,False
4,281,0,0,0,0,0,0,0,0,0,0,0,0,0,0.0,0.0,0.0,0.0,0,0,0,0,0,0.00,0.00,0.00,0.00,0,False
4,282,0,0,0,0,0,0,0,0,0,0,0,0,0,0.0,0.0,0.0,0.0,0,0,0,0,0,0.00,0.00,0.00,0.00,0,False
4,283,90,0,0,1,0,0,0,0,0,0,0,0,4,11.6,1.3,50.0,6.3,5,4,0,9,1,0.59,0.01,0.60,0.36,2,False
4,284,0,0,0,0,0,0,0,0,0,0,0,0,0,0.0,0.0,0.0,0.0,0,0,0,0,0,0.00,0.00,0.00,0.00,0,False
4,285,0,0,0,0,0,0,0,0,0,0,0,0,0,0.0,0.0,0.0,0.0,0,0,0,0,0,0.00,0.00,0.00,0.00,0,False
4,286,0,0,0,0,0,0,0,0,0,0,0,0,0,0.0,0.0,0.0,0.0,0,0,0,0,0,0.00,0.00,0.00,0.00,0,False
4,287,90,0,0,1,0,0,0,0,0,0,1,0,24,8.6,0.0,0.0,0.9,1,9,0,0,1,0.00,0.00,0.00,0.54,6,False
4,288,0,0,0,0,0,0,0,0,0,0,0,0,0,0.0,0.0,0.0,0.0,0,0,0,0,0,0.00,0.00,0.00,0.00,0,False
4,289,0,0,0,0,0,0,0,0,0,0,0,0,0,0.0,0.0,0.0,0.0,0,0,0,0,0,0.00,0.00,0.00,0.00,0,False
4,290,0,0,0,0,0,0,0,0,0,0,0,0,0,0.0,0.0,0.0,0.0,0,0,0,0,0,0.00,0.00,0.00,0.00,0,False
4,291,90,0,0,1,0,0,0,0,0,0,0,0,27,29.2,10.8,6.0,4.6,7,3,4,11,1,0.00,0.04,0.04,0.54,8,False
4,292,0,0,0,0,0,0,0,0,0,0,0,0,0,0.0,0.0,0.0,0.0,0,0,0,0,0,0.00,0.00,0.00,0.00,0,False
4,293,90,0,0,1,0,0,0,0,0,0,0,0,26,16.2,15.4,5.0,3.7,4,3,2,6,1,0.05,0.06,0.11,0.54,6,False
4,294,0,0,0,0,0,0,0,0,0,0,0,0,0,0.0,0.0,0.0,0.0,0,0,0,0,0,0.00,0.00,0.00,0.00,0,False
4,295,90,0,0,1,0,0,0,0,0,0,0,0,20,11.0,10.8,34.0,5.6,5,3,1,6,1,0.55,0.04,0.59,0.54,6,False
4,296,0,0,0,0,0,0,0,0,0,0,0,0,0,0.0,0.0,0.0,0.0,0,0,0,0,0,0.00,0.00,0.00,0.00,0,False
4,297,0,0,0,0,0,0,0,0,0,0,0,0,0,0.0,0.0,0.0,0.0,0,0,0,0,0,0.00,0.00,0.00,0.00,0,False
4,298,0,0,0,0,0,0,0,0,0,0,0,0,0,0.0,0.0,0.0,0.0,0,0,0,0,0,0.00,0.00,0.00,0.00,0,False
4,299,90,0,0,1,0,0,0,0,0,0,0,0,18,15.2,27.8,12.0,5.5,2,10,2,14,1,0.02,0.19,0.21,0.54,5,False
4,300,0,0,0,0,0,0,0,0,0,0,0,0,0,0.0,0.0,0.0,0.0,0,0,0,0,0,0.00,0.00,0.00,0.00,0,False
4,301,0,0,0,0,0,0,0,0,0,0,0,0,0,0.0,0.0,0.0,0.0,0,0,0,0,0,0.00,0.00,0.00,0.00,0,False
4,302,90,0,0,1,0,0,0,0,0,0,0,0,17,4.6,3.4,2.0,1.0,2,6,2,10,1,0.10,0.03,0.13,0.54,3,False
4,303,90,0,0,1,0,0,0,0,0,0,0,2,31,29.6,56.7,2.0,8.8,2,3,4,9,1,0.08,0.31,0.39,0.54,5,False
4,304,65,0,0,1,0,0,0,0,1,0,0,0,4,5.4,1.3,2.0,0.9,2,4,0,6,1,0.04,0.00,0.04,0.54,2,False
4,305,0,0,0,0,0,0,0,0,0,0,0,0,0,0.0,0.0,0.0,0.0,0,0,0,0,0,0.00,0.00,0.00,0.00,0,False
4,306,0,0,0,0,0,0,0,0,0,0,0,0,0,0.0,0.0,0.0,0.0,0,0,0,0,0,0.00,0.00,0.00,0.00,0,False
4,307,0,0,0,0,0,0,0,0,0,0,0,0,0,0.0,0.0,0.0,0.0,0,0,0,0,0,0.00,0.00,0.00,0.00,0,False
4,308,0,0,0,0,0,0,0,0,0,0,0,0,0,0.0,0.0,0.0,0.0,0,0,0,0,0,0.00,0.00,0.00,0.00,0,False
4,309,0,0,0,0,0,0,0,0,0,0,0,0,0,0.0,0.0,0.0,0.0,0,0,0,0,0,0.00,0.00,0.00,0.00,0,False
4,310,15,0,0,0,0,0,0,0,0,0,0,0,1,0.0,0.5,13.0,1.1,0,0,0,0,0,0.11,0.01,0.12,0.00,1,False
4,311,74,0,0,1,0,0,0,0,0,0,0,0,-4,0.0,0.7,29.0,2.5,1,0,0,1,1,0.97,0.00,0.97,0.54,2,False
4,312,0,0,0,0,0,0,0,0,0,0,0,0,0,0.0,0.0,0.0,0.0,0,0,0,0,0,0.00,0.00,0.00,0.00,0,False
4,313,0,0,0,0,0,0,0,0,0,0,0,0,0,0.0,0.0,0.0,0.0,0,0,0,0,0,0.00,0.00,0.00,0.00,0,False
4,314,90,0,0,1,0,0,0,0,0,0,3,1,28,24.0,0.0,0.0,2.4,1,7,0,0,1,0.00,0.00,0.00,0.79,8,False
4,315,0,0,0,0,0,0,0,0,0,0,0,0,0,0.0,0.0,0.0,0.0,0,0,0,0,0,0.00,0.00,0.00,0.00,0,False
4,316,0,0,0,0,0,0,0,0,0,0,0,0,0,0.0,0.0,0.0,0.0,0,0,0,0,0,0.00,0.00,0.00,0.00,0,False
4,317,90,0,0,1,0,0,0,0,0,0,0,2,32,29.0,3.0,0.0,3.2,9,7,3,12,1,0.00,0.05,0.05,0.79,10,True
4,318,90,0,0,1,0,0,0,0,0,0,0,3,34,24.0,3.0,0.0,2.7,6,6,2,8,1,0.00,0.03,0.03,0.79,9,False
4,319,0,0,0,0,0,0,0,0,0,0,0,0,0,0.0,0.0,0.0,0.0,0,0,0,0,0,0.00,0.00,0.00,0.00,0,False
4,320,0,0,0,0,0,0,0,0,0,0,0,0,0,0.0,0.0,0.0,0.0,0,0,0,0,0,0.00,0.00,0.00,0.00,0,False
4,321,0,0,0,0,0,0,0,0,0,0,0,0,0,0.0,0.0,0.0,0.0,0,0,0,0,0,0.00,0.00,0.00,0.00,0,False
4,322,90,0,0,1,0,0,0,0,0,0,0,0,26,11.4,3.5,0.0,1.5,3,2,3,6,1,0.00,0.02,0.02,0.79,6,False
4,323,0,0,0,0,0,0,0,0,0,0,0,0,0,0.0,0.0,0.0,0.0,0,0,0,0,0,0.00,0.00,0.00,0.00,0,False
4,324,75,0,0,1,0,0,0,0,0,0,0,0,6,2.4,3.3,0.0,0.6,0,3,1,4,1,0.00,0.02,0.02,0.76,3,False
4,325,30,0,0,0,0,0,0,0,0,0,0,0,2,1.0,4.8,0.0,0.6,0,1,0,1,0,0.00,0.00,0.00,0.05,1,False
4,326,30,0,0,0,0,0,0,0,0,0,0,0,0,0.0,0.6,6.0,0.4,0,1,0,1,0,0.04,0.01,0.05,0.05,1,False
4,327,0,0,0,0,0,0,0,0,0,0,0,0,0,0.0,0.0,0.0,0.0,0,0,0,0,0,0.00,0.00,0.00,0.00,0,False
4,328,90,0,0,1,0,0,0,0,0,0,0,0,12,15.4,22.8,4.0,4.2,5,3,2,10,1,0.00,0.22,0.22,0.79,3,False
4,329,59,0,0,0,0,0,0,0,0,0,0,0,9,7.0,2.8,11.0,2.1,0,0,2,2,1,0.12,0.02,0.14,0.74,1,False
4,330,83,0,0,1,0,0,0,0,1,0,0,0,18,19.4,18.6,0.0,3.8,5,6,3,14,1,0.00,0.15,0.15,0.79,4,False
4,331,6,0,0,0,0,0,0,0,0,0,0,0,3,0.0,0.6,0.0,0.1,0,0,0,0,0,0.00,0.00,0.00,0.00,1,False
4,332,90,0,1,1,0,0,0,0,0,0,0,0,25,11.4,4.0,7.0,2.2,3,2,4,9,1,0.50,0.01,0.51,0.79,6,False
4,333,0,0,0,0,0,0,0,0,0,0,0,0,0,0.0,0.0,0.0,0.0,0,0,0,0,0,0.00,0.00,0.00,0.00,0,False
4,334,0,0,0,0,0,0,0,0,0,0,0,0,0,0.0,0.0,0.0,0.0,0,0,0,0,0,0.00,0.00,0.00,0.00,0,False
4,335,59,0,0,0,0,0,0,0,0,0,0,0,4,0.2,1.0,0.0,0.1,0,2,1,3,1,0.00,0.01,0.01,0.74,1,False
4,336,0,0,0,0,0,0,0,0,0,0,0,0,0,0.0,0.0,0.0,0.0,0,0,0,0,0,0.00,0.00,0.00,0.00,0,False
4,337,6,0,0,0,0,0,0,0,0,0,0,0,4,3.0,0.0,0.0,0.3,0,0,2,2,0,0.00,0.00,0.00,0.00,1,False
4,338,83,0,0,1,0,0,0,0,0,0,0,0,4,4.4,0.3,21.0,2.6,1,2,1,4,1,0.18,0.01,0.19,0.79,2,False
4,339,0,0,0,0,0,0,0,0,0,0,0,0,0,0.0,0.0,0.0,0.0,0,0,0,0,0,0.00,0.00,0.00,0.00,0,False
4,340,0,0,0,0,0,0,0,0,0,0,0,0,0,0.0,0.0,0.0,0.0,0,0,0,0,0,0.00,0.00,0.00,0.00,0,False
4,341,90,0,0,0,1,0,0,0,0,0,3,0,15,19.6,0.0,0.0,2.0,1,12,0,0,1,0.00,0.00,0.00,0.85,3,False
4,342,90,0,0,0,1,0,0,0,0,0,0,0,11,15.6,1.8,14.0,3.1,4,7,3,7,1,0.05,0.01,0.06,0.85,2,False
4,343,90,0,0,0,1,0,0,0,0,0,0,0,8,16.0,0.6,0.0,1.7,7,1,1,8,1,0.00,0.01,0.01,0.85,2,False
4,344,0,0,0,0,0,0,0,0,0,0,0,0,0,0.0,0.0,0.0,0.0,0,0,0,0,0,0.00,0.00,0.00,0.00,0,False
4,345,0,0,0,0,0,0,0,0,0,0,0,0,0,0.0,0.0,0.0,0.0,0,0,0,0,0,0.00,0.00,0.00,0.00,0,False
4,346,0,0,0,0,0,0,0,0,0,0,0,0,0,0.0,0.0,0.0,0.0,0,0,0,0,0,0.00,0.00,0.00,0.00,0,False
4,347,90,0,0,0,1,1,0,0,0,0,0,0,6,3.4,8.2,2.0,1.4,2,4,2,4,1,0.00,0.06,0.06,0.85,0,False
4,348,90,0,0,0,1,0,0,0,0,0,0,0,12,19.0,0.7,2.0,2.2,10,1,0,10,1,0.00,0.00,0.00,0.85,4,False
4,349,0,0,0,0,0,0,0,0,0,0,0,0,0,0.0,0.0,0.0,0.0,0,0,0,0,0,0.00,0.00,0.00,0.00,0,False
4,350,76,0,0,1,0,0,0,0,0,0,0,0,19,18.6,12.0,23.0,5.4,2,5,5,12,1,0.13,0.32,0.45,0.30,5,False
4,351,1,0,0,0,1,0,0,0,0,0,0,0,5,2.0,0.0,0.0,0.2,0,0,1,1,0,0.00,0.00,0.00,0.01,1,False
4,352,22,0,0,0,1,0,0,0,0,0,0,0,3,0.2,0.4,0.0,0.1,0,0,0,0,0,0.00,0.00,0.00,0.73,1,False
4,353,11,0,0,0,0,0,0,0,0,0,0,0,3,0.0,0.0,0.0,0.0,0,0,0,0,0,0.00,0.00,0.00,0.54,1,False
4,354,90,0,0,0,1,0,0,0,0,0,0,0,15,13.6,1.4,0.0,1.5,4,6,2,12,1,0.00,0.01,0.01,0.85,4,False
4,355,0,0,0,0,0,0,0,0,0,0,0,0,0,0.0,0.0,0.0,0.0,0,0,0,0,0,0.00,0.00,0.00,0.00,0,False
4,356,0,0,0,0,0,0,0,0,0,0,0,0,0,0.0,0.0,0.0,0.0,0,0,0,0,0,0.00,0.00,0.00,0.00,0,False
4,357,0,0,0,0,0,0,0,0,0,0,0,0,0,0.0,0.0,0.0,0.0,0,0,0,0,0,0.00,0.00,0.00,0.00,0,False
4,358,0,0,0,0,0,0,0,0,0,0,0,0,0,0.0,0.0,0.0,0.0,0,0,0,0,0,0.00,0.00,0.00,0.00,0,False
4,359,0,0,0,0,0,0,0,0,0,0,0,0,0,0.0,0.0,0.0,0.0,0,0,0,0,0,0.00,0.00,0.00,0.00,0,False
4,360,0,0,0,0,0,0,0,0,0,0,0,0,0,0.0,0.0,0.0,0.0,0,0,0,0,0,0.00,0.00,0.00,0.00,0,False
4,361,0,0,0,0,0,0,0,0,0,0,0,0,0,0.0,0.0,0.0,0.0,0,0,0,0,0,0.00,0.00,0.00,0.00,0,False
4,362,0,0,0,0,0,0,0,0,0,0,0,0,0,0.0,0.0,0.0,0.0,0,0,0,0,0,0.00,0.00,0.00,0.00,0,False
4,363,0,0,0,0,0,0,0,0,0,0,0,0,0,0.0,0.0,0.0,0.0,0,0,0,0,0,0.00,0.00,0.00,0.00,0,False
4,364,0,0,0,0,0,0,0,0,0,0,0,0,0,0.0,0.0,0.0,0.0,0,0,0,0,0,0.00,0.00,0.00,0.00,0,False
4,365,21,0,0,0,1,0,0,0,0,0,0,0,1,0.0,1.3,0.0,0.0,0,0,0,0,0,0.00,0.00,0.00,0.73,1,False
4,366,90,0,0,1,0,0,0,0,0,0,0,0,19,4.0,0.1,0.0,0.4,0,5,0,0,1,0.00,0.00,0.00,0.13,6,False
4,367,0,0,0,0,0,0,0,0,0,0,0,0,0,0.0,0.0,0.0,0.0,0,0,0,0,0,0.00,0.00,0.00,0.00,0,False
4,368,0,0,0,0,0,0,0,0,0,0,0,0,0,0.0,0.0,0.0,0.0,0,0,0,0,0,0.00,0.00,0.00,0.00,0,False
4,369,0,0,0,0,0,0,0,0,0,0,0,0,0,0.0,0.0,0.0,0.0,0,0,0,0,0,0.00,0.00,0.00,0.00,0,False
4,370,3,0,1,0,0,0,0,0,0,0,0,0,14,3.0,0.6,19.0,2.3,0,0,0,0,0,0.08,0.01,0.09,0.00,4,False
4,371,37,0,0,0,0,0,0,0,1,0,0,0,-1,0.0,16.9,10.0,2.7,0,0,0,0,1,0.08,0.02,0.10,0.12,0,False
4,372,52,0,0,0,0,0,0,0,0,0,0,0,20,24.6,68.0,23.0,11.6,0,2,0,0,0,0.10,0.37,0.47,0.01,1,False
4,373,90,0,0,1,0,0,0,0,0,0,0,2,27,24.8,16.3,0.0,4.1,5,1,1,6,1,0.00,0.06,0.06,0.13,8,False
4,374,86,0,0,1,0,0,0,0,0,0,0,3,29,20.8,26.7,9.0,5.7,3,3,4,7,1,0.49,0.05,0.54,0.13,9,False
4,375,45,0,0,0,0,0,0,0,1,0,0,0,6,7.8,8.5,11.0,2.7,1,3,1,2,0,0.02,0.08,0.10,0.01,0,False
4,376,0,0,0,0,0,0,0,0,0,0,0,0,0,0.0,0.0,0.0,0.0,0,0,0,0,0,0.00,0.00,0.00,0.00,0,False
4,377,0,0,0,0,0,0,0,0,0,0,0,0,0,0.0,0.0,0.0,0.0,0,0,0,0,0,0.00,0.00,0.00,0.00,0,False
4,378,0,0,0,0,0,0,0,0,0,0,0,0,0,0.0,0.0,0.0,0.0,0,0,0,0,0,0.00,0.00,0.00,0.00,0,False
4,379,0,0,0,0,0,0,0,0,0,0,0,0,0,0.0,0.0,0.0,0.0,0,0,0,0,0,0.00,0.00,0.00,0.00,0,False
4,380,0,0,0,0,0,0,0,0,0,0,0,0,0,0.0,0.0,0.0,0.0,0,0,0,0,0,0.00,0.00,0.00,0.00,0,False
4,381,90,1,0,1,0,0,0,0,0,0,0,1,26,35.0,20.6,27.0,8.3,0,3,0,3,1,0.79,0.15,0.94,0.13,9,False
4,382,86,0,0,1,0,0,0,0,0,0,0,0,8,9.2,59.0,22.0,9.0,1,2,1,4,1,0.15,0.26,0.41,0.13,3,False
4,383,0,0,0,0,0,0,0,0,0,0,0,0,0,0.0,0.0,0.0,0.0,0,0,0,0,0,0.00,0.00,0.00,0.00,0,False
4,384,90,0,0,1,0,0,0,0,0,0,0,0,14,4.2,35.8,32.0,7.2,1,0,0,1,1,0.21,0.32,0.53,0.13,3,False
4,385,18,0,0,0,0,0,0,0,0,0,0,0,-1,0.0,0.6,8.0,0.7,0,0,0,0,0,0.08,0.03,0.11,0.01,1,False
4,386,45,0,0,0,0,0,0,0,0,0,0,0,10,3.4,4.7,0.0,0.8,0,2,1,3,1,0.00,0.03,0.03,0.12,1,False
4,387,90,0,0,1,0,0,0,0,0,0,0,0,14,12.6,11.9,22.0,4.7,4,4,1,9,1,0.21,0.07,0.28,0.13,3,False
4,388,0,0,0,0,0,0,0,0,0,0,0,0,0,0.0,0.0,0.0,0.0,0,0,0,0,0,0.00,0.00,0.00,0.00,0,False
4,389,19,0,0,0,0,0,0,0,0,0,0,0,4,1.4,2.0,0.0,0.3,1,1,0,2,0,0.00,0.00,0.00,0.55,1,False
4,390,90,0,0,1,0,0,0,0,0,0,0,0,19,21.2,51.8,12.0,8.5,2,3,1,6,1,0.12,0.11,0.23,0.13,3,False
4,391,0,0,0,0,0,0,0,0,0,0,0,0,0,0.0,0.0,0.0,0.0,0,0,0,0,0,0.00,0.00,0.00,0.00,0,False
4,392,0,0,0,0,0,0,0,0,0,0,0,0,0,0.0,0.0,0.0,0.0,0,0,0,0,0,0.00,0.00,0.00,0.00,0,False
4,393,0,0,0,0,0,0,0,0,0,0,0,0,0,0.0,0.0,0.0,0.0,0,0,0,0,0,0.00,0.00,0.00,0.00,0,False
4,394,0,0,0,0,0,0,0,0,0,0,0,0,0,0.0,0.0,0.0,0.0,0,0,0,0,0,0.00,0.00,0.00,0.00,0,False
4,395,0,0,0,0,0,0,0,0,0,0,0,0,0,0.0,0.0,0.0,0.0,0,0,0,0,0,0.00,0.00,0.00,0.00,0,False
4,396,0,0,0,0,0,0,0,0,0,0,0,0,0,0.0,0.0,0.0,0.0,0,0,0,0,0,0.00,0.00,0.00,0.00,0,False
4,397,0,0,0,0,0,0,0,0,0,0,0,0,0,0.0,0.0,0.0,0.0,0,0,0,0,0,0.00,0.00,0.00,0.00,0,False
4,398,0,0,0,0,0,0,0,0,0,0,0,0,0,0.0,0.0,0.0,0.0,0,0,0,0,0,0.00,0.00,0.00,0.00,0,False
4,399,0,0,0,0,0,0,0,0,0,0,0,0,0,0.0,0.0,0.0,0.0,0,0,0,0,0,0.00,0.00,0.00,0.00,0,False
4,400,0,0,0,0,0,0,0,0,0,0,0,0,0,0.0,0.0,0.0,0.0,0,0,0,0,0,0.00,0.00,0.00,0.00,0,False
4,401,0,0,0,0,0,0,0,0,0,0,0,0,0,0.0,0.0,0.0,0.0,0,0,0,0,0,0.00,0.00,0.00,0.00,0,False
4,402,0,0,0,0,0,0,0,0,0,0,0,0,0,0.0,0.0,0.0,0.0,0,0,0,0,0,0.00,0.00,0.00,0.00,0,False
4,403,90,0,0,1,0,0,0,0,0,0,0,0,22,9.2,1.2,0.0,1.0,3,0,0,3,1,0.00,0.00,0.00,1.51,6,False
4,404,0,0,0,0,0,0,0,0,0,0,0,0,0,0.0,0.0,0.0,0.0,0,0,0,0,0,0.00,0.00,0.00,0.00,0,False
4,405,2,0,0,0,0,0,0,0,0,0,0,0,3,0.0,0.0,0.0,0.0,0,0,0,0,0,0.00,0.00,0.00,0.09,1,False
4,406,90,0,0,1,0,0,0,0,0,0,0,0,27,20.0,2.1,0.0,2.2,10,5,2,12,1,0.00,0.01,0.01,1.51,8,False
4,407,0,0,0,0,0,0,0,0,0,0,0,0,0,0.0,0.0,0.0,0.0,0,0,0,0,0,0.00,0.00,0.00,0.00,0,False
4,408,90,0,0,1,0,0,0,0,0,0,0,0,25,14.0,0.9,0.0,1.5,7,1,0,7,1,0.00,0.01,0.01,1.51,6,False
4,409,0,0,0,0,0,0,0,0,0,0,0,0,0,0.0,0.0,0.0,0.0,0,0,0,0,0,0.00,0.00,0.00,0.00,0,False
4,410,0,0,0,0,0,0,0,0,0,0,0,0,0,0.0,0.0,0.0,0.0,0,0,0,0,0,0.00,0.00,0.00,0.00,0,False
4,411,90,0,0,1,0,0,0,0,0,0,0,0,25,19.6,1.8,1.0,2.2,4,5,5,9,1,0.03,0.01,0.04,1.51,6,False
4,412,0,0,0,0,0,0,0,0,0,0,0,0,0,0.0,0.0,0.0,0.0,0,0,0,0,0,0.00,0.00,0.00,0.00,0,False
4,413,0,0,0,0,0,0,0,0,0,0,0,0,0,0.0,0.0,0.0,0.0,0,0,0,0,0,0.00,0.00,0.00,0.00,0,False
4,414,90,1,0,1,0,0,0,0,0,0,0,2,37,40.6,16.5,23.0,8.0,1,11,1,13,1,0.28,0.03,0.31,1.51,12,True
4,415,13,0,0,0,0,0,0,0,0,0,0,0,6,5.2,0.5,33.0,3.9,2,0,0,2,0,0.04,0.00,0.04,1.37,1,False
4,416,87,0,1,1,0,0,0,0,0,0,0,0,16,19.0,33.8,8.0,6.1,0,7,1,8,1,0.10,0.55,0.65,1.42,6,False
4,417,0,0,0,0,0,0,0,0,0,0,0,0,0,0.0,0.0,0.0,0.0,0,0,0,0,0,0.00,0.00,0.00,0.00,0,False
4,418,76,0,2,1,0,0,0,0,0,0,0,1,33,40.6,54.0,10.0,10.5,1,3,0,4,1,0.00,0.75,0.75,0.14,10,False
4,419,90,0,0,1,0,0,0,0,1,0,0,0,20,28.0,64.3,56.0,14.8,1,2,3,6,1,0.09,0.30,0.39,0.54,2,False
4,420,0,0,0,0,0,0,0,0,0,0,0,0,0,0.0,0.0,0.0,0.0,0,0,0,0,0,0.00,0.00,0.00,0.00,0,False
4,421,75,0,0,1,0,0,0,0,0,0,0,0,11,6.4,3.8,0.0,1.0,0,5,2,7,1,0.00,0.02,0.02,0.14,3,False
4,422,0,0,0,0,0,0,0,0,0,0,0,0,0,0.0,0.0,0.0,0.0,0,0,0,0,0,0.00,0.00,0.00,0.00,0,False
4,423,14,0,0,0,0,0,0,0,0,0,0,0,5,9.2,0.1,0.0,0.9,4,1,0,5,0,0.00,0.00,0.00,1.37,1,False
4,424,3,0,0,0,0,0,0,0,0,0,0,0,5,3.0,10.8,4.0,1.8,0,1,0,1,0,0.00,0.05,0.05,0.09,1,False
4,425,0,0,0,0,0,0,0,0,0,0,0,0,0,0.0,0.0,0.0,0.0,0,0,0,0,0,0.00,0.00,0.00,0.00,0,False
4,426,17,0,0,0,1,0,0,0,0,0,0,0,2,2.8,12.1,0.0,1.5,0,0,0,0,0,0.00,0.01,0.01,0.08,1,False
4,427,90,0,0,1,0,0,0,0,0,0,0,0,8,8.0,19.3,25.0,5.2,3,3,1,7,1,0.35,0.02,0.37,1.51,3,False
4,428,0,0,0,0,0,0,0,0,0,0,0,0,0,0.0,0.0,0.0,0.0,0,0,0,0,0,0.00,0.00,0.00,0.00,0,False
4,429,0,0,0,0,0,0,0,0,0,0,0,0,0,0.0,0.0,0.0,0.0,0,0,0,0,0,0.00,0.00,0.00,0.00,0,False
4,430,86,2,0,1,0,0,0,0,0,0,0,3,63,78.8,12.9,70.0,16.2,6,2,0,8,1,1.80,0.01,1.81,1.42,13,True
4,431,90,0,0,0,3,0,0,0,0,0,3,0,5,29.2,0.0,0.0,2.9,1,4,0,0,1,0.00,0.00,0.00,2.52,2,False
4,432,0,0,0,0,0,0,0,0,0,0,0,0,0,0.0,0.0,0.0,0.0,0,0,0,0,0,0.00,0.00,0.00,0.00,0,False
4,433,0,0,0,0,0,0,0,0,0,0,0,0,0,0.0,0.0,0.0,0.0,0,0,0,0,0,0.00,0.00,0.00,0.00,0,False
4,434,0,0,0,0,0,0,0,0,0,0,0,0,0,0.0,0.0,0.0,0.0,0,0,0,0,0,0.00,0.00,0.00,0.00,0,False
4,435,0,0,0,0,0,0,0,0,0,0,0,0,0,0.0,0.0,0.0,0.0,0,0,0,0,0,0.00,0.00,0.00,0.00,0,False
4,436,90,0,0,0,3,0,0,0,0,0,0,0,6,14.8,0.8,0.0,1.6,4,4,5,9,1,0.00,0.00,0.00,2.52,1,False
4,437,0,0,0,0,0,0,0,0,0,0,0,0,0,0.0,0.0,0.0,0.0,0,0,0,0,0,0.00,0.00,0.00,0.00,0,False
4,438,61,0,0,0,2,0,0,0,0,0,0,0,7,8.6,2.5,4.0,1.5,2,5,3,5,1,0.00,0.03,0.03,1.46,1,False
4,439,0,0,0,0,0,0,0,0,0,0,0,0,0,0.0,0.0,0.0,0.0,0,0,0,0,0,0.00,0.00,0.00,0.00,0,False
4,440,0,0,0,0,0,0,0,0,0,0,0,0,0,0.0,0.0,0.0,0.0,0,0,0,0,0,0.00,0.00,0.00,0.00,0,False
4,441,90,0,0,0,3,0,0,0,0,0,0,0,7,20.4,48.9,28.0,9.7,2,3,4,6,1,0.20,0.10,0.30,2.52,1,False
4,442,28,0,0,0,1,0,0,0,0,0,0,0,-4,0.0,0.3,0.0,0.0,1,1,0,1,0,0.00,0.00,0.00,1.06,1,False
4,443,90,0,0,0,3,0,0,0,0,0,0,0,1,8.6,3.7,0.0,1.2,1,5,1,2,1,0.00,0.05,0.05,2.52,1,False
4,444,61,0,0,0,2,0,0,0,0,0,0,0,-3,0.6,0.8,2.0,0.3,3,5,0,3,1,0.00,0.00,0.00,1.46,1,False
4,445,0,0,0,0,0,0,0,0,0,0,0,0,0,0.0,0.0,0.0,0.0,0,0,0,0,0,0.00,0.00,0.00,0.00,0,False
4,446,0,0,0,0,0,0,0,0,0,0,0,0,0,0.0,0.0,0.0,0.0,0,0,0,0,0,0.00,0.00,0.00,0.00,0,False
4,447,0,0,0,0,0,0,0,0,0,0,0,0,0,0.0,0.0,0.0,0.0,0,0,0,0,0,0.00,0.00,0.00,0.00,0,False
4,448,0,0,0,0,0,0,0,0,0,0,0,0,0,0.0,0.0,0.0,0.0,0,0,0,0,0,0.00,0.00,0.00,0.00,0,False
4,449,90,0,0,0,3,0,0,0,0,0,0,0,21,16.0,35.7,1.0,5.3,0,3,2,5,1,0.02,0.32,0.34,2.52,2,False
4,450,0,0,0,0,0,0,0,0,0,0,0,0,0,0.0,0.0,0.0,0.0,0,0,0,0,0,0.00,0.00,0.00,0.00,0,False
4,451,0,0,0,0,0,0,0,0,0,0,0,0,0,0.0,0.0,0.0,0.0,0,0,0,0,0,0.00,0.00,0.00,0.00,0,False
4,452,90,0,0,0,3,0,0,0,0,0,0,0,17,10.4,27.0,9.0,4.6,1,3,2,6,1,0.07,0.57,0.64,2.52,2,False
4,453,11,0,0,0,1,0,0,0,0,0,0,0,4,2.0,10.5,6.0,1.9,0,1,0,1,0,0.00,0.05,0.05,0.71,1,False
4,454,0,0,0,0,0,0,0,0,0,0,0,0,0,0.0,0.0,0.0,0.0,0,0,0,0,0,0.00,0.00,0.00,0.00,0,False
4,455,0,0,0,0,0,0,0,0,0,0,0,0,0,0.0,0.0,0.0,0.0,0,0,0,0,0,0.00,0.00,0.00,0.00,0,False
4,456,0,0,0,0,0,0,0,0,0,0,0,0,0,0.0,0.0,0.0,0.0,0,0,0,0,0,0.00,0.00,0.00,0.00,0,False
4,457,10,0,0,0,0,0,0,0,0,0,0,0,-1,0.2,1.4,9.0,1.1,0,2,0,2,0,0.49,0.02,0.51,0.18,1,False
4,458,28,0,0,0,1,0,0,0,0,0,0,0,7,9.6,22.5,0.0,3.2,0,2,2,4,0,0.00,0.02,0.02,1.06,1,False
4,459,79,0,0,0,3,0,0,0,0,0,0,0,15,7.2,8.8,1.0,1.7,3,6,3,12,1,0.02,0.01,0.03,2.34,4,False
4,460,0,0,0,0,0,0,0,0,0,0,0,0,0,0.0,0.0,0.0,0.0,0,0,0,0,0,0.00,0.00,0.00,0.00,0,False
4,461,0,0,0,0,0,0,0,0,0,0,0,0,0,0.0,0.0,0.0,0.0,0,0,0,0,0,0.00,0.00,0.00,0.00,0,False
4,462,0,0,0,0,0,0,0,0,0,0,0,0,0,0.0,0.0,0.0,0.0,0,0,0,0,0,0.00,0.00,0.00,0.00,0,False
4,463,0,0,0,0,0,0,0,0,0,0,0,0,0,0.0,0.0,0.0,0.0,0,0,0,0,0,0.00,0.00,0.00,0.00,0,False
4,464,0,0,0,0,0,0,0,0,0,0,0,0,0,0.0,0.0,0.0,0.0,0,0,0,0,0,0.00,0.00,0.00,0.00,0,False
4,465,0,0,0,0,0,0,0,0,0,0,0,0,0,0.0,0.0,0.0,0.0,0,0,0,0,0,0.00,0.00,0.00,0.00,0,False
4,466,10,0,0,0,0,0,0,0,0,0,0,0,4,0.2,0.3,2.0,0.3,0,1,0,1,0,0.00,0.00,0.00,0.18,1,False
4,467,0,0,0,0,0,0,0,0,0,0,0,0,0,0.0,0.0,0.0,0.0,0,0,0,0,0,0.00,0.00,0.00,0.00,0,False
4,468,0,0,0,0,0,0,0,0,0,0,0,0,0,0.0,0.0,0.0,0.0,0,0,0,0,0,0.00,0.00,0.00,0.00,0,False
4,469,90,0,0,1,0,0,0,0,0,0,3,1,29,26.4,0.0,0.0,2.6,0,7,0,0,1,0.00,0.00,0.00,0.50,8,False
4,470,90,0,0,0,1,0,0,0,0,0,3,0,15,21.2,0.0,0.0,2.1,4,11,0,0,1,0.00,0.00,0.00,2.45,3,False
4,471,0,0,0,0,0,0,0,0,0,0,0,0,0,0.0,0.0,0.0,0.0,0,0,0,0,0,0.00,0.00,0.00,0.00,0,False
4,472,0,0,0,0,0,0,0,0,0,0,0,0,0,0.0,0.0,0.0,0.0,0,0,0,0,0,0.00,0.00,0.00,0.00,0,False
4,473,0,0,0,0,0,0,0,0,0,0,0,0,0,0.0,0.0,0.0,0.0,0,0,0,0,0,0.00,0.00,0.00,0.00,0,False
4,474,90,0,0,1,0,0,0,0,0,0,0,0,28,28.6,11.3,2.0,4.2,11,2,0,11,1,0.00,0.03,0.03,0.50,8,False
4,475,1,0,0,0,0,0,0,0,0,0,0,0,3,0.0,0.0,0.0,0.0,0,0,0,0,0,0.00,0.00,0.00,0.00,1,False
4,476,90,0,0,1,0,0,0,0,0,0,0,0,24,13.8,0.5,9.0,2.3,4,3,2,6,1,0.04,0.00,0.04,0.50,6,False
4,477,90,0,0,1,0,0,0,0,0,0,0,0,22,10.0,5.7,2.0,1.8,2,4,2,4,1,0.00,0.04,0.04,0.50,6,False
4,478,90,0,0,1,0,0,0,0,0,0,0,2,32,22.2,82.1,2.0,10.6,2,7,1,3,1,0.00,0.19,0.19,0.50,8,False
4,479,0,0,0,0,0,0,0,0,0,0,0,0,0,0.0,0.0,0.0,0.0,0,0,0,0,0,0.00,0.00,0.00,0.00,0,False
4,480,0,0,0,0,0,0,0,0,0,0,0,0,0,0.0,0.0,0.0,0.0,0,0,0,0,0,0.00,0.00,0.00,0.00,0,False
4,481,0,0,0,0,0,0,0,0,0,0,0,0,0,0.0,0.0,0.0,0.0,0,0,0,0,0,0.00,0.00,0.00,0.00,0,False
4,482,0,0,0,0,0,0,0,0,0,0,0,0,0,0.0,0.0,0.0,0.0,0,0,0,0,0,0.00,0.00,0.00,0.00,0,False
4,483,0,0,0,0,0,0,0,0,0,0,0,0,0,0.0,0.0,0.0,0.0,0,0,0,0,0,0.00,0.00,0.00,0.00,0,False
4,484,0,0,0,0,0,0,0,0,0,0,0,0,0,0.0,0.0,0.0,0.0,0,0,0,0,0,0.00,0.00,0.00,0.00,0,False
4,485,0,0,0,0,0,0,0,0,0,0,0,0,0,0.0,0.0,0.0,0.0,0,0,0,0,0,0.00,0.00,0.00,0.00,0,False
4,486,10,0,0,0,0,0,0,0,0,0,0,0,4,0.2,1.4,0.0,0.2,0,0,0,0,0,0.00,0.00,0.00,0.09,1,False
4,487,79,0,0,1,0,0,0,0,0,0,0,0,4,0.0,4.1,14.0,1.8,1,2,1,4,1,0.11,0.09,0.20,0.41,3,False
4,488,90,0,0,1,0,0,0,0,1,0,0,0,9,7.2,32.3,6.0,4.6,1,10,0,11,1,0.08,0.05,0.13,0.50,2,False
4,489,90,0,1,1,0,0,0,0,0,0,0,0,16,24.2,17.2,41.0,8.2,2,0,0,2,1,0.82,0.28,1.10,0.50,6,False
4,490,64,0,0,1,0,0,0,0,0,0,0,0,11,3.2,16.6,8.0,2.8,1,1,0,2,1,0.00,0.31,0.31,0.41,3,False
4,491,90,0,0,1,0,0,0,0,0,0,0,0,18,14.2,5.0,35.0,5.4,2,2,1,5,1,0.14,0.02,0.16,0.50,3,False
4,492,0,0,0,0,0,0,0,0,0,0,0,0,0,0.0,0.0,0.0,0.0,0,0,0,0,0,0.00,0.00,0.00,0.00,0,False
4,493,90,0,0,0,1,0,0,0,0,0,0,0,10,5.8,2.2,5.0,1.3,1,4,2,7,1,0.04,0.02,0.06,0.85,2,False
4,494,25,0,0,0,0,0,0,0,0,0,0,0,1,0.0,0.3,4.0,0.3,1,1,0,2,0,0.09,0.00,0.09,0.09,1,False
4,495,0,0,0,0,0,0,0,0,0,0,0,0,0,0.0,0.0,0.0,0.0,0,0,0,0,0,0.00,0.00,0.00,0.00,0,False
4,496,0,0,0,0,0,0,0,0,0,0,0,0,0,0.0,0.0,0.0,0.0,0,0,0,0,0,0.00,0.00,0.00,0.00,0,False
4,497,0,0,0,0,0,0,0,0,0,0,0,0,0,0.0,0.0,0.0,0.0,0,0,0,0,0,0.00,0.00,0.00,0.00,0,False
4,498,0,0,0,0,0,0,0,0,0,0,0,0,0,0.0,0.0,0.0,0.0,0,0,0,0,0,0.00,0.00,0.00,0.00,0,False
4,499,0,0,0,0,0,0,0,0,0,0,0,0,0,0.0,0.0,0.0,0.0,0,0,0,0,0,0.00,0.00,0.00,0.00,0,False
4,500,25,0,0,0,0,0,0,0,0,0,0,0,3,6.0,10.0,0.0,1.6,1,1,0,2,0,0.00,0.00,0.00,0.09,1,False
4,501,0,0,0,0,0,0,0,0,0,0,0,0,0,0.0,0.0,0.0,0.0,0,0,0,0,0,0.00,0.00,0.00,0.00,0,False
4,502,90,0,0,0,3,0,0,0,0,0,2,0,2,20.6,0.0,0.0,2.1,2,4,0,0,1,0.00,0.00,0.00,1.84,1,False
4,503,0,0,0,0,0,0,0,0,0,0,0,0,0,0.0,0.0,0.0,0.0,0,0,0,0,0,0.00,0.00,0.00,0.00,0,False
4,504,0,0,0,0,0,0,0,0,0,0,0,0,0,0.0,0.0,0.0,0.0,0,0,0,0,0,0.00,0.00,0.00,0.00,0,False
4,505,90,0,0,0,3,0,0,0,0,0,0,0,0,10.8,1.6,2.0,1.4,5,3,0,5,1,0.00,0.02,0.02,1.84,1,False
4,506,36,0,0,0,1,0,0,0,0,0,0,0,5,14.2,0.0,0.0,1.4,9,1,1,10,1,0.00,0.00,0.00,0.95,3,False
4,507,0,0,0,0,0,0,0,0,0,0,0,0,0,0.0,0.0,0.0,0.0,0,0,0,0,0,0.00,0.00,0.00,0.00,0,False
4,508,90,0,0,0,3,0,0,0,1,0,0,0,-5,16.0,2.6,2.0,2.1,4,2,1,5,1,0.01,0.01,0.02,1.84,0,False
4,509,0,0,0,0,0,0,0,0,0,0,0,0,0,0.0,0.0,0.0,0.0,0,0,0,0,0,0.00,0.00,0.00,0.00,0,False
4,510,0,0,0,0,0,0,0,0,0,0,0,0,0,0.0,0.0,0.0,0.0,0,0,0,0,0,0.00,0.00,0.00,0.00,0,False
4,511,90,0,0,0,3,0,0,0,0,0,0,0,1,13.6,0.8,0.0,1.4,4,4,1,5,1,0.00,0.00,0.00,1.84,1,False
4,512,0,0,0,0,0,0,0,0,0,0,0,0,0,0.0,0.0,0.0,0.0,0,0,0,0,0,0.00,0.00,0.00,0.00,0,False
4,513,0,0,0,0,0,0,0,0,0,0,0,0,0,0.0,0.0,0.0,0.0,0,0,0,0,0,0.00,0.00,0.00,0.00,0,False
4,514,0,0,0,0,0,0,0,0,0,0,0,0,0,0.0,0.0,0.0,0.0,0,0,0,0,0,0.00,0.00,0.00,0.00,0,False
4,515,72,0,0,0,2,0,0,0,0,0,0,0,4,0.0,6.8,6.0,1.2,1,3,0,4,1,0.04,0.01,0.05,1.75,2,False
4,516,59,0,0,0,2,0,0,0,0,0,0,0,1,0.4,4.1,2.0,0.7,0,2,0,2,1,0.00,0.01,0.01,1.75,1,False
4,517,90,0,0,0,3,0,0,0,0,0,0,0,17,15.4,7.9,0.0,2.3,2,11,2,15,1,0.00,0.03,0.03,1.84,4,False
4,518,0,0,0,0,0,0,0,0,0,0,0,0,0,0.0,0.0,0.0,0.0,0,0,0,0,0,0.00,0.00,0.00,0.00,0,False
4,519,0,0,0,0,0,0,0,0,0,0,0,0,0,0.0,0.0,0.0,0.0,0,0,0,0,0,0.00,0.00,0.00,0.00,0,False
4,520,0,0,0,0,0,0,0,0,0,0,0,0,0,0.0,0.0,0.0,0.0,0,0,0,0,0,0.00,0.00,0.00,0.00,0,False
4,521,72,0,0,0,2,0,0,0,0,0,0,0,16,7.8,4.5,0.0,1.2,2,2,3,7,1,0.00,0.01,0.01,1.75,2,False
4,522,17,0,0,0,1,0,0,0,0,0,0,0,1,0.0,0.6,0.0,0.0,1,0,0,1,0,0.00,0.00,0.00,0.08,1,False
4,523,0,0,0,0,0,0,0,0,0,0,0,0,0,0.0,0.0,0.0,0.0,0,0,0,0,0,0.00,0.00,0.00,0.00,0,False
4,524,0,0,0,0,0,0,0,0,0,0,0,0,0,0.0,0.0,0.0,0.0,0,0,0,0,0,0.00,0.00,0.00,0.00,0,False
4,525,59,0,0,0,2,0,0,0,0,0,0,0,4,4.4,11.6,17.0,3.3,1,0,0,1,1,0.03,0.04,0.07,1.75,1,False
4,526,0,0,0,0,0,0,0,0,0,0,0,0,0,0.0,0.0,0.0,0.0,0,0,0,0,0,0.00,0.00,0.00,0.00,0,False
4,527,0,0,0,0,0,0,0,0,0,0,0,0,0,0.0,0.0,0.0,0.0,0,0,0,0,0,0.00,0.00,0.00,0.00,0,False
4,528,0,0,0,0,0,0,0,0,0,0,0,0,0,0.0,0.0,0.0,0.0,0,0,0,0,0,0.00,0.00,0.00,0.00,0,False
4,529,0,0,0,0,0,0,0,0,0,0,0,0,0,0.0,0.0,0.0,0.0,0,0,0,0,0,0.00,0.00,0.00,0.00,0,False
4,530,0,0,0,0,0,0,0,0,0,0,0,0,0,0.0,0.0,0.0,0.0,0,0,0,0,0,0.00,0.00,0.00,0.00,0,False
4,531,0,0,0,0,0,0,0,0,0,0,0,0,0,0.0,0.0,0.0,0.0,0,0,0,0,0,0.00,0.00,0.00,0.00,0,False
4,532,90,0,0,1,0,0,0,0,0,0,0,0,26,21.4,25.8,0.0,4.7,4,2,3,7,1,0.00,0.05,0.05,1.77,6,False
4,533,0,0,0,0,0,0,0,0,0,0,0,0,0,0.0,0.0,0.0,0.0,0,0,0,0,0,0.00,0.00,0.00,0.00,0,False
4,534,0,0,0,0,0,0,0,0,0,0,0,0,0,0.0,0.0,0.0,0.0,0,0,0,0,0,0.00,0.00,0.00,0.00,0,False
4,535,0,0,0,0,0,0,0,0,0,0,0,0,0,0.0,0.0,0.0,0.0,0,0,0,0,0,0.00,0.00,0.00,0.00,0,False
4,536,0,0,0,0,0,0,0,0,0,0,0,0,0,0.0,0.0,0.0,0.0,0,0,0,0,0,0.00,0.00,0.00,0.00,0,False
4,537,0,0,0,0,0,0,0,0,0,0,0,0,0,0.0,0.0,0.0,0.0,0,0,0,0,0,0.00,0.00,0.00,0.00,0,False
4,538,0,0,0,0,0,0,0,0,0,0,0,0,0,0.0,0.0,0.0,0.0,0,0,0,0,0,0.00,0.00,0.00,0.00,0,False
4,539,0,0,0,0,0,0,0,0,0,0,0,0,0,0.0,0.0,0.0,0.0,0,0,0,0,0,0.00,0.00,0.00,0.00,0,False
4,540,0,0,0,0,0,0,0,0,0,0,0,0,0,0.0,0.0,0.0,0.0,0,0,0,0,0,0.00,0.00,0.00,0.00,0,False
4,541,90,0,0,1,0,0,0,0,0,0,0,0,29,21.4,2.1,0.0,2.4,5,4,1,6,1,0.00,0.01,0.01,1.77,6,False
4,542,0,0,0,0,0,0,0,0,0,0,0,0,0,0.0,0.0,0.0,0.0,0,0,0,0,0,0.00,0.00,0.00,0.00,0,False
4,543,68,0,0,1,0,0,0,0,0,0,0,0,11,8.2,15.2,0.0,2.3,1,2,1,4,1,0.00,0.09,0.09,0.84,3,False
4,544,90,0,0,1,0,0,0,0,0,0,0,0,1,0.0,6.1,7.0,1.1,2,2,0,4,1,0.02,0.01,0.03,1.77,3,False
4,545,0,0,0,0,0,0,0,0,0,0,0,0,0,0.0,0.0,0.0,0.0,0,0,0,0,0,0.00,0.00,0.00,0.00,0,False
4,546,0,0,0,0,0,0,0,0,0,0,0,0,0,0.0,0.0,0.0,0.0,0,0,0,0,0,0.00,0.00,0.00,0.00,0,False
4,547,0,0,0,0,0,0,0,0,0,0,0,0,0,0.0,0.0,0.0,0.0,0,0,0,0,0,0.00,0.00,0.00,0.00,0,False
4,548,0,0,0,0,0,0,0,0,0,0,0,0,0,0.0,0.0,0.0,0.0,0,0,0,0,0,0.00,0.00,0.00,0.00,0,False
4,549,0,0,0,0,0,0,0,0,0,0,0,0,0,0.0,0.0,0.0,0.0,0,0,0,0,0,0.00,0.00,0.00,0.00,0,False
4,550,0,0,0,0,0,0,0,0,0,0,0,0,0,0.0,0.0,0.0,0.0,0,0,0,0,0,0.00,0.00,0.00,0.00,0,False
4,551,1,0,0,0,0,0,0,0,0,0,0,0,3,0.0,0.0,0.0,0.0,0,0,0,0,0,0.00,0.00,0.00,0.10,1,False
4,552,83,0,0,1,0,0,0,0,0,0,0,0,11,8.4,6.7,4.0,1.9,3,3,1,7,1,0.02,0.01,0.03,1.39,3,False
4,553,90,0,0,1,0,0,0,0,0,0,0,0,8,7.2,16.4,15.0,3.9,2,2,0,4,1,0.21,0.16,0.37,1.77,3,False
4,554,0,0,0,0,0,0,0,0,0,0,0,0,0,0.0,0.0,0.0,0.0,0,0,0,0,0,0.00,0.00,0.00,0.00,0,False
4,555,0,0,0,0,0,0,0,0,0,0,0,0,0,0.0,0.0,0.0,0.0,0,0,0,0,0,0.00,0.00,0.00,0.00,0,False
4,556,0,0,0,0,0,0,0,0,0,0,0,0,0,0.0,0.0,0.0,0.0,0,0,0,0,0,0.00,0.00,0.00,0.00,0,False
4,557,0,0,0,0,0,0,0,0,0,0,0,0,0,0.0,0.0,0.0,0.0,0,0,0,0,0,0.00,0.00,0.00,0.00,0,False
4,558,0,0,0,0,0,0,0,0,0,0,0,0,0,0.0,0.0,0.0,0.0,0,0,0,0,0,0.00,0.00,0.00,0.00,0,False
4,559,0,0,0,0,0,0,0,0,0,0,0,0,0,0.0,0.0,0.0,0.0,0,0,0,0,0,0.00,0.00,0.00,0.00,0,False
4,560,90,0,0,1,0,0,0,0,0,0,0,0,1,0.6,0.6,17.0,1.8,1,1,1,3,1,0.11,0.00,0.11,1.67,2,False
4,561,0,0,0,0,0,0,0,0,0,0,0,0,0,0.0,0.0,0.0,0.0,0,0,0,0,0,0.00,0.00,0.00,0.00,0,False
4,562,0,0,0,0,0,0,0,0,0,0,0,0,0,0.0,0.0,0.0,0.0,0,0,0,0,0,0.00,0.00,0.00,0.00,0,False
4,563,0,0,0,0,0,0,0,0,0,0,0,0,0,0.0,0.0,0.0,0.0,0,0,0,0,0,0.00,0.00,0.00,0.00,0,False
4,564,0,0,0,0,0,0,0,0,0,0,0,0,0,0.0,0.0,0.0,0.0,0,0,0,0,0,0.00,0.00,0.00,0.00,0,False
4,565,90,0,0,1,0,0,0,0,0,0,4,1,39,38.6,0.0,0.0,3.9,2,9,0,0,1,0.00,0.00,0.00,0.60,8,False
4,566,0,0,0,0,0,0,0,0,0,0,0,0,0,0.0,0.0,0.0,0.0,0,0,0,0,0,0.00,0.00,0.00,0.00,0,False
4,567,0,0,0,0,0,0,0,0,0,0,0,0,0,0.0,0.0,0.0,0.0,0,0,0,0,0,0.00,0.00,0.00,0.00,0,False
4,568,90,0,0,1,0,0,0,0,0,0,0,0,32,18.6,31.9,6.0,5.7,2,5,3,5,1,0.00,0.37,0.37,0.60,6,False
4,569,90,0,1,1,0,0,0,0,0,0,0,3,44,34.2,21.8,35.0,9.1,2,4,1,3,1,0.07,0.14,0.21,0.60,12,True
4,570,10,0,0,0,0,0,0,0,0,0,0,0,3,2.0,0.8,0.0,0.3,0,0,0,0,0,0.00,0.00,0.00,0.00,1,False
4,571,0,0,0,0,0,0,0,0,0,0,0,0,0,0.0,0.0,0.0,0.0,0,0,0,0,0,0.00,0.00,0.00,0.00,0,False
4,572,0,0,0,0,0,0,0,0,0,0,0,0,0,0.0,0.0,0.0,0.0,0,0,0,0,0,0.00,0.00,0.00,0.00,0,False
4,573,70,0,0,1,0,0,0,0,1,0,0,0,14,2.8,2.4,2.0,0.7,0,3,0,0,1,0.00,0.01,0.01,0.60,5,False
4,574,19,0,0,0,0,0,0,0,0,0,0,0,6,4.2,11.5,6.0,2.2,0,1,1,1,0,0.00,0.01,0.01,0.00,1,False
4,575,79,1,0,1,0,0,0,0,0,0,0,2,43,46.0,10.9,23.0,8.0,4,2,1,5,1,0.09,0.00,0.09,0.60,14,True
4,576,0,0,0,0,0,0,0,0,0,0,0,0,0,0.0,0.0,0.0,0.0,0,0,0,0,0,0.00,0.00,0.00,0.00,0,False
4,577,0,0,0,0,0,0,0,0,0,0,0,0,0,0.0,0.0,0.0,0.0,0,0,0,0,0,0.00,0.00,0.00,0.00,0,False
4,578,0,0,0,0,0,0,0,0,0,0,0,0,0,0.0,0.0,0.0,0.0,0,0,0,0,0,0.00,0.00,0.00,0.00,0,False
4,579,0,0,0,0,0,0,0,0,0,0,0,0,0,0.0,0.0,0.0,0.0,0,0,0,0,0,0.00,0.00,0.00,0.00,0,False
4,580,10,0,0,0,0,0,0,0,0,0,0,0,3,1.0,0.6,4.0,0.6,1,1,0,2,0,0.00,0.05,0.05,0.00,1,False
4,581,0,0,0,0,0,0,0,0,0,0,0,0,0,0.0,0.0,0.0,0.0,0,0,0,0,0,0.00,0.00,0.00,0.00,0,False
4,582,90,0,0,1,0,0,0,0,0,0,0,0,4,10.2,31.8,36.0,7.8,0,3,0,3,1,0.47,0.11,0.58,0.60,3,False
4,583,0,0,0,0,0,0,0,0,0,0,0,0,0,0.0,0.0,0.0,0.0,0,0,0,0,0,0.00,0.00,0.00,0.00,0,False
4,584,78,0,0,1,0,0,0,0,0,0,0,0,7,0.8,3.0,8.0,1.2,0,1,0,1,1,0.02,0.00,0.02,0.60,3,False
4,585,0,0,0,0,0,0,0,0,0,0,0,0,0,0.0,0.0,0.0,0.0,0,0,0,0,0,0.00,0.00,0.00,0.00,0,False
4,586,79,1,1,1,0,0,0,0,0,0,0,0,38,55.2,13.8,23.0,9.2,0,3,2,5,1,0.12,0.06,0.18,0.60,11,True
4,587,0,0,0,0,0,0,0,0,0,0,0,0,0,0.0,0.0,0.0,0.0,0,0,0,0,0,0.00,0.00,0.00,0.00,0,False
4,588,11,0,0,0,0,0,0,0,0,0,0,0,5,2.4,2.6,0.0,0.5,0,0,1,1,0,0.00,0.01,0.01,0.00,1,False
4,589,0,0,0,0,0,0,0,0,0,0,0,0,0,0.0,0.0,0.0,0.0,0,0,0,0,0,0.00,0.00,0.00,0.00,0,False
4,590,0,0,0,0,0,0,0,0,0,0,0,0,0,0.0,0.0,0.0,0.0,0,0,0,0,0,0.00,0.00,0.00,0.00,0,False
4,591,0,0,0,0,0,0,0,0,0,0,0,0,0,0.0,0.0,0.0,0.0,0,0,0,0,0,0.00,0.00,0.00,0.00,0,False
4,592,0,0,0,0,0,0,0,0,0,0,0,0,0,0.0,0.0,0.0,0.0,0,0,0,0,0,0.00,0.00,0.00,0.00,0,False
4,593,90,1,0,1,0,0,0,0,0,0,0,0,33,37.6,4.3,45.0,8.7,2,5,0,7,1,0.28,0.03,0.31,0.60,8,False
4,594,0,0,0,0,0,0,0,0,0,0,0,0,0,0.0,0.0,0.0,0.0,0,0,0,0,0,0.00,0.00,0.00,0.00,0,False
4,595,0,0,0,0,0,0,0,0,0,0,0,0,0,0.0,0.0,0.0,0.0,0,0,0,0,0,0.00,0.00,0.00,0.00,0,False
4,596,0,0,0,0,0,0,0,0,0,0,0,0,0,0.0,0.0,0.0,0.0,0,0,0,0,0,0.00,0.00,0.00,0.00,0,False
4,597,19,0,0,0,0,0,0,0,0,0,0,0,4,2.0,10.3,2.0,1.4,0,0,0,0,0,0.00,0.00,0.00,0.00,1,False
4,598,0,0,0,0,0,0,0,0,0,0,0,0,0,0.0,0.0,0.0,0.0,0,0,0,0,0,0.00,0.00,0.00,0.00,0,False
4,599,0,0,0,0,0,0,0,0,0,0,0,0,0,0.0,0.0,0.0,0.0,0,0,0,0,0,0.00,0.00,0.00,0.00,0,False
4,600,0,0,0,0,0,0,0,0,0,0,0,0,0,0.0,0.0,0.0,0.0,0,0,0,0,0,0.00,0.00,0.00,0.00,0,False
4,601,0,0,0,0,0,0,0,0,0,0,0,0,0,0.0,0.0,0.0,0.0,0,0,0,0,0,0.00,0.00,0.00,0.00,0,False
4,602,0,0,0,0,0,0,0,0,0,0,0,0,0,0.0,0.0,0.0,0.0,0,0,0,0,0,0.00,0.00,0.00,0.00,0,False
4,603,90,0,0,0,3,0,0,0,0,0,0,0,0,20.6,5.4,17.0,4.3,5,4,3,8,1,0.01,0.04,0.05,1.29,1,False
4,604,0,0,0,0,0,0,0,0,0,0,0,0,0,0.0,0.0,0.0,0.0,0,0,0,0,0,0.00,0.00,0.00,0.00,0,False
4,605,90,0,0,0,3,0,0,0,0,0,0,0,-3,21.0,0.3,7.0,2.8,9,5,0,9,1,0.20,0.00,0.20,1.29,1,False
4,606,90,0,0,0,3,0,0,0,0,0,0,0,2,26.8,0.6,0.0,2.7,11,3,0,11,1,0.00,0.01,0.01,1.29,3,False
4,607,0,0,0,0,0,0,0,0,0,0,0,0,0,0.0,0.0,0.0,0.0,0,0,0,0,0,0.00,0.00,0.00,0.00,0,False
4,608,0,0,0,0,0,0,0,0,0,0,0,0,0,0.0,0.0,0.0,0.0,0,0,0,0,0,0.00,0.00,0.00,0.00,0,False
4,609,0,0,0,0,0,0,0,0,0,0,0,0,0,0.0,0.0,0.0,0.0,0,0,0,0,0,0.00,0.00,0.00,0.00,0,False
4,610,0,0,0,0,0,0,0,0,0,0,0,0,0,0.0,0.0,0.0,0.0,0,0,0,0,0,0.00,0.00,0.00,0.00,0,False
4,611,0,0,0,0,0,0,0,0,0,0,0,0,0,0.0,0.0,0.0,0.0,0,0,0,0,0,0.00,0.00,0.00,0.00,0,False
4,612,67,0,0,0,3,0,0,0,0,0,0,0,4,0.0,14.7,4.0,1.9,1,1,0,2,1,0.25,0.01,0.26,0.78,2,False
4,613,53,0,0,0,3,0,0,0,0,1,0,0,-2,14.6,0.9,17.0,3.3,9,1,1,11,1,0.01,0.00,0.01,0.42,-2,False
4,614,90,0,0,0,3,0,0,0,0,0,0,0,20,13.6,30.7,0.0,4.4,2,1,0,3,1,0.00,0.24,0.24,0.92,2,False
4,615,60,0,0,0,2,0,0,0,0,0,0,0,11,9.8,2.1,0.0,1.2,2,1,2,5,1,0.00,0.01,0.01,0.63,2,False
4,616,0,0,0,0,0,0,0,0,0,0,0,0,0,0.0,0.0,0.0,0.0,0,0,0,0,0,0.00,0.00,0.00,0.00,0,False
4,617,0,0,0,0,0,0,0,0,0,0,0,0,0,0.0,0.0,0.0,0.0,0,0,0,0,0,0.00,0.00,0.00,0.00,0,False
4,618,0,0,0,0,0,0,0,0,0,0,0,0,0,0.0,0.0,0.0,0.0,0,0,0,0,0,0.00,0.00,0.00,0.00,0,False
4,619,29,0,0,0,1,0,0,0,0,0,0,0,2,1.4,0.0,0.0,0.1,1,2,0,3,0,0.00,0.00,0.00,0.65,1,False
4,620,0,0,0,0,0,0,0,0,0,0,0,0,0,0.0,0.0,0.0,0.0,0,0,0,0,0,0.00,0.00,0.00,0.00,0,False
4,621,1,0,0,0,0,0,0,0,0,0,0,0,3,5.0,0.0,0.0,0.5,1,0,0,1,0,0.00,0.00,0.00,0.37,1,False
4,622,0,0,0,0,0,0,0,0,0,0,0,0,0,0.0,0.0,0.0,0.0,0,0,0,0,0,0.00,0.00,0.00,0.00,0,False
4,623,0,0,0,0,0,0,0,0,0,0,0,0,0,0.0,0.0,0.0,0.0,0,0,0,0,0,0.00,0.00,0.00,0.00,0,False
4,624,90,0,0,0,3,0,0,0,0,0,0,0,12,12.4,4.4,39.0,5.6,4,4,1,9,1,0.12,0.02,0.14,1.29,2,False
4,625,0,0,0,0,0,0,0,0,0,0,0,0,0,0.0,0.0,0.0,0.0,0,0,0,0,0,0.00,0.00,0.00,0.00,0,False
4,626,0,0,0,0,0,0,0,0,0,0,0,0,0,0.0,0.0,0.0,0.0,0,0,0,0,0,0.00,0.00,0.00,0.00,0,False
4,627,90,0,0,0,1,0,0,0,0,0,3,0,17,31.2,0.0,0.0,3.1,5,13,0,0,1,0.00,0.00,0.00,1.55,3,False
4,628,0,0,0,0,0,0,0,0,0,0,0,0,0,0.0,0.0,0.0,0.0,0,0,0,0,0,0.00,0.00,0.00,0.00,0,False
4,629,0,0,0,0,0,0,0,0,0,0,0,0,0,0.0,0.0,0.0,0.0,0,0,0,0,0,0.00,0.00,0.00,0.00,0,False
4,630,0,0,0,0,0,0,0,0,0,0,0,0,0,0.0,0.0,0.0,0.0,0,0,0,0,0,0.00,0.00,0.00,0.00,0,False
4,631,90,0,0,0,1,0,0,0,0,0,0,0,10,37.0,4.6,0.0,4.2,12,3,2,14,1,0.00,0.10,0.10,1.55,4,False
4,632,0,0,0,0,0,0,0,0,0,0,0,0,0,0.0,0.0,0.0,0.0,0,0,0,0,0,0.00,0.00,0.00,0.00,0,False
4,633,90,0,0,0,1,0,0,0,0,0,0,0,11,29.6,29.8,8.0,6.7,5,4,6,11,1,0.00,0.11,0.11,1.55,4,False
4,634,65,0,0,0,1,0,0,0,0,0,0,0,4,11.8,0.2,0.0,1.2,5,2,1,6,1,0.00,0.00,0.00,1.35,2,False
4,635,76,0,0,0,1,0,0,0,0,0,0,0,9,10.2,1.3,27.0,3.9,5,4,2,7,1,0.26,0.00,0.26,1.38,2,False
4,636,0,0,0,0,0,0,0,0,0,0,0,0,0,0.0,0.0,0.0,0.0,0,0,0,0,0,0.00,0.00,0.00,0.00,0,False
4,637,90,0,0,0,1,0,0,0,0,0,0,0,11,15.4,2.0,19.0,3.6,4,8,0,4,1,0.01,0.01,0.02,1.55,2,False
4,638,0,0,0,0,0,0,0,0,0,0,0,0,0,0.0,0.0,0.0,0.0,0,0,0,0,0,0.00,0.00,0.00,0.00,0,False
4,639,0,0,0,0,0,0,0,0,0,0,0,0,0,0.0,0.0,0.0,0.0,0,0,0,0,0,0.00,0.00,0.00,0.00,0,False
4,640,0,0,0,0,0,0,0,0,0,0,0,0,0,0.0,0.0,0.0,0.0,0,0,0,0,0,0.00,0.00,0.00,0.00,0,False
4,641,0,0,0,0,0,0,0,0,0,0,0,0,0,0.0,0.0,0.0,0.0,0,0,0,0,0,0.00,0.00,0.00,0.00,0,False
4,642,76,0,0,0,1,0,0,0,0,0,0,0,6,0.6,0.7,28.0,2.9,0,1,0,1,1,0.14,0.01,0.15,1.38,2,False
4,643,65,0,0,0,1,0,0,0,1,0,0,0,7,2.4,0.9,0.0,0.3,2,4,1,7,1,0.00,0.00,0.00,1.35,1,False
4,644,24,0,0,0,0,0,0,0,0,0,0,0,4,1.6,4.6,2.0,0.8,1,1,0,2,0,0.05,0.02,0.07,0.20,1,False
4,645,13,0,0,0,0,0,0,0,0,0,0,0,5,3.6,11.6,2.0,1.7,0,0,0,0,0,0.00,0.07,0.07,0.17,1,False
4,646,90,0,0,0,1,0,0,0,1,0,0,0,14,18.2,16.7,2.0,3.7,6,9,3,18,1,0.00,0.09,0.09,1.55,3,False
4,647,0,0,0,0,0,0,0,0,0,0,0,0,0,0.0,0.0,0.0,0.0,0,0,0,0,0,0.00,0.00,0.00,0.00,0,False
4,648,24,0,0,0,0,0,0,0,1,0,0,0,-1,0.0,1.6,2.0,0.2,0,0,0,0,0,0.00,0.00,0.00,0.20,0,False
4,649,0,0,0,0,0,0,0,0,0,0,0,0,0,0.0,0.0,0.0,0.0,0,0,0,0,0,0.00,0.00,0.00,0.00,0,False
4,650,0,0,0,0,0,0,0,0,0,0,0,0,0,0.0,0.0,0.0,0.0,0,0,0,0,0,0.00,0.00,0.00,0.00,0,False
4,651,0,0,0,0,0,0,0,0,0,0,0,0,0,0.0,0.0,0.0,0.0,0,0,0,0,0,0.00,0.00,0.00,0.00,0,False
4,652,0,0,0,0,0,0,0,0,0,0,0,0,0,0.0,0.0,0.0,0.0,0,0,0,0,0,0.00,0.00,0.00,0.00,0,False
4,653,0,0,0,0,0,0,0,0,0,0,0,0,0,0.0,0.0,0.0,0.0,0,0,0,0,0,0.00,0.00,0.00,0.00,0,False
4,654,0,0,0,0,0,0,0,0,0,0,0,0,0,0.0,0.0,0.0,0.0,0,0,0,0,0,0.00,0.00,0.00,0.00,0,False
4,655,0,0,0,0,0,0,0,0,0,0,0,0,0,0.0,0.0,0.0,0.0,0,0,0,0,0,0.00,0.00,0.00,0.00,0,False
4,656,0,0,0,0,0,0,0,0,0,0,0,0,0,0.0,0.0,0.0,0.0,0,0,0,0,0,0.00,0.00,0.00,0.00,0,False
4,657,0,0,0,0,0,0,0,0,0,0,0,0,0,0.0,0.0,0.0,0.0,0,0,0,0,0,0.00,0.00,0.00,0.00,0,False
4,658,0,0,0,0,0,0,0,0,0,0,0,0,0,0.0,0.0,0.0,0.0,0,0,0,0,0,0.00,0.00,0.00,0.00,0,False
4,659,90,0,0,0,3,0,0,0,0,0,0,0,2,14.6,13.0,0.0,2.8,3,6,2,5,1,0.00,0.01,0.01,1.29,1,False
4,660,90,0,0,0,1,0,0,0,1,0,0,0,2,4.4,16.0,13.0,3.3,2,2,1,5,1,0.08,0.11,0.19,0.85,1,False
4,661,71,0,0,1,0,0,0,0,0,0,0,0,8,2.6,2.7,10.0,1.5,1,3,0,4,1,0.10,0.06,0.16,0.12,2,False
4,662,90,0,0,1,0,0,0,0,0,0,0,1,32,21.4,1.6,2.0,2.5,6,6,2,8,1,0.00,0.04,0.04,0.20,7,False
4,663,24,0,0,0,0,0,0,0,0,0,0,0,1,0.0,0.8,7.0,0.7,1,1,0,2,0,0.04,0.00,0.04,0.20,1,False
4,664,0,0,0,0,0,0,0,0,0,0,0,0,0,0.0,0.0,0.0,0.0,0,0,0,0,0,0.00,0.00,0.00,0.00,0,False
4,665,0,0,0,0,0,0,0,0,0,0,0,0,0,0.0,0.0,0.0,0.0,0,0,0,0,0,0.00,0.00,0.00,0.00,0,False
4,666,67,1,0,1,0,0,0,0,0,0,0,0,30,34.6,11.3,44.0,9.0,1,1,1,3,1,0.84,0.02,0.86,0.10,6,False
4,667,0,0,0,0,0,0,0,0,0,0,0,0,0,0.0,0.0,0.0,0.0,0,0,0,0,0,0.00,0.00,0.00,0.00,0,False
4,668,90,0,0,1,0,0,0,0,0,0,0,0,20,25.2,15.8,2.0,4.3,10,6,2,18,1,0.00,0.11,0.11,1.77,5,False
4,669,90,0,0,0,3,0,0,0,0,0,0,0,10,16.6,21.1,4.0,4.2,2,2,1,5,1,0.00,0.03,0.03,1.84,2,False
4,670,90,0,0,1,0,0,0,0,1,0,6,3,39,43.2,0.0,0.0,4.3,1,15,0,0,1,0.00,0.00,0.00,1.77,10,True
4,671,22,0,0,0,0,0,0,0,0,0,0,0,3,0.2,0.1,0.0,0.0,0,2,0,2,0,0.00,0.00,0.00,0.51,1,False
4,672,45,0,0,0,1,0,0,0,1,0,0,0,-6,0.0,1.5,2.0,0.3,1,2,0,1,1,0.00,0.01,0.01,0.55,0,False
4,673,90,0,0,1,0,0,0,0,0,0,0,0,18,14.2,4.2,18.0,3.6,0,1,6,7,1,0.22,0.03,0.25,0.60,3,False
4,674,0,0,0,0,0,0,0,0,0,0,0,0,0,0.0,0.0,0.0,0.0,0,0,0,0,0,0.00,0.00,0.00,0.00,0,False
4,675,0,0,0,0,0,0,0,0,0,0,0,0,0,0.0,0.0,0.0,0.0,0,0,0,0,0,0.00,0.00,0.00,0.00,0,False
4,676,83,0,0,0,1,0,0,0,0,1,0,0,0,7.4,0.1,0.0,0.8,4,2,3,9,1,0.00,0.00,0.00,1.45,-1,False
4,677,45,0,0,0,0,0,0,0,0,0,0,0,2,6.2,0.8,0.0,0.7,0,1,4,5,0,0.00,0.00,0.00,0.91,1,False
4,678,0,0,0,0,0,0,0,0,0,0,0,0,0,0.0,0.0,0.0,0.0,0,0,0,0,0,0.00,0.00,0.00,0.00,0,False
4,679,90,0,0,0,3,0,0,0,0,0,2,0,2,19.2,0.0,0.0,1.9,2,3,0,0,1,0.00,0.00,0.00,1.29,1,False
4,680,1,0,0,0,1,0,0,0,0,0,0,0,3,2.0,0.1,0.0,0.2,1,0,0,1,0,0.00,0.00,0.00,0.94,1,False
4,681,79,0,0,0,3,0,0,0,0,0,0,0,6,1.0,6.8,7.0,1.5,0,1,0,1,1,0.03,0.00,0.03,2.34,2,False
4,682,0,0,0,0,0,0,0,0,0,0,0,0,0,0.0,0.0,0.0,0.0,0,0,0,0,0,0.00,0.00,0.00,0.00,0,False
4,683,90,0,0,1,0,0,0,0,0,0,0,1,31,30.2,0.5,2.0,3.3,8,5,2,10,1,0.00,0.02,0.02,1.77,9,False
4,684,0,0,0,0,0,0,0,0,0,0,0,0,0,0.0,0.0,0.0,0.0,0,0,0,0,0,0.00,0.00,0.00,0.00,0,False
4,685,0,0,0,0,0,0,0,0,0,0,0,0,0,0.0,0.0,0.0,0.0,0,0,0,0,0,0.00,0.00,0.00,0.00,0,False
4,686,3,0,0,0,0,0,0,0,0,0,0,0,4,2.2,11.3,6.0,2.0,0,0,0,0,0,0.00,0.10,0.10,0.00,1,False
4,687,0,0,0,0,0,0,0,0,0,0,0,0,0,0.0,0.0,0.0,0.0,0,0,0,0,0,0.00,0.00,0.00,0.00,0,False
4,688,0,0,0,0,0,0,0,0,0,0,0,0,0,0.0,0.0,0.0,0.0,0,0,0,0,0,0.00,0.00,0.00,0.00,0,False
4,689,0,0,0,0,0,0,0,0,0,0,0,0,0,0.0,0.0,0.0,0.0,0,0,0,0,0,0.00,0.00,0.00,0.00,0,False
4,690,0,0,0,0,0,0,0,0,0,0,0,0,0,0.0,0.0,0.0,0.0,0,0,0,0,0,0.00,0.00,0.00,0.00,0,False
4,691,68,0,0,1,0,0,0,0,0,0,0,0,7,5.2,12.3,19.0,3.7,1,0,0,1,1,0.30,0.05,0.35,0.12,2,False
4,692,0,0,0,0,0,0,0,0,0,0,0,0,0,0.0,0.0,0.0,0.0,0,0,0,0,0,0.00,0.00,0.00,0.00,0,False
4,693,0,0,0,0,0,0,0,0,0,0,0,0,0,0.0,0.0,0.0,0.0,0,0,0,0,0,0.00,0.00,0.00,0.00,0,False
4,694,90,0,0,1,0,0,0,0,0,0,0,2,32,24.4,10.9,0.0,3.5,10,2,2,12,1,0.00,0.05,0.05,1.77,10,True
4,695,13,0,0,0,0,0,0,0,0,0,0,0,3,0.2,1.2,2.0,0.3,0,2,0,0,0,0.00,0.00,0.00,0.17,1,False
4,696,30,0,0,0,1,0,0,0,0,0,0,0,3,1.2,12.2,13.0,2.6,0,0,0,0,0,0.11,0.01,0.12,0.08,1,False
4,697,23,0,0,0,0,0,0,0,0,0,0,0,5,6.6,1.3,7.0,1.5,2,1,0,3,0,0.04,0.00,0.04,0.05,1,False
4,698,67,0,0,1,0,0,0,0,1,0,0,0,2,4.2,12.3,17.0,3.4,3,7,1,11,1,0.18,0.02,0.20,0.12,2,False
4,699,0,0,0,0,0,0,0,0,0,0,0,0,0,0.0,0.0,0.0,0.0,0,0,0,0,0,0.00,0.00,0.00,0.00,0,False
4,700,0,0,0,0,0,0,0,0,0,0,0,0,0,0.0,0.0,0.0,0.0,0,0,0,0,0,0.00,0.00,0.00,0.00,0,False
4,701,0,0,0,0,0,0,0,0,0,0,0,0,0,0.0,0.0,0.0,0.0,0,0,0,0,0,0.00,0.00,0.00,0.00,0,False
4,702,0,0,0,0,0,0,0,0,0,0,0,0,0,0.0,0.0,0.0,0.0,0,0,0,0,0,0.00,0.00,0.00,0.00,0,False
4,703,0,0,0,0,0,0,0,0,0,0,0,0,0,0.0,0.0,0.0,0.0,0,0,0,0,0,0.00,0.00,0.00,0.00,0,False
4,704,0,0,0,0,0,0,0,0,0,0,0,0,0,0.0,0.0,0.0,0.0,0,0,0,0,0,0.00,0.00,0.00,0.00,0,False
4,705,0,0,0,0,0,0,0,0,0,0,0,0,0,0.0,0.0,0.0,0.0,0,0,0,0,0,0.00,0.00,0.00,0.00,0,False
4,706,0,0,0,0,0,0,0,0,0,0,0,0,0,0.0,0.0,0.0,0.0,0,0,0,0,0,0.00,0.00,0.00,0.00,0,False
4,707,0,0,0,0,0,0,0,0,0,0,0,0,0,0.0,0.0,0.0,0.0,0,0,0,0,0,0.00,0.00,0.00,0.00,0,False
4,708,60,0,0,0,2,0,0,0,0,0,0,0,10,6.4,28.3,4.0,3.9,0,1,2,3,1,0.00,0.15,0.15,0.63,2,False
4,709,90,0,0,0,1,0,0,0,1,0,0,0,8,8.2,15.6,0.0,2.4,3,3,1,4,1,0.00,0.16,0.16,1.55,1,False
4,710,0,0,0,0,0,0,0,0,0,0,0,0,0,0.0,0.0,0.0,0.0,0,0,0,0,0,0.00,0.00,0.00,0.00,0,False
4,711,0,0,0,0,0,0,0,0,0,0,0,0,0,0.0,0.0,0.0,0.0,0,0,0,0,0,0.00,0.00,0.00,0.00,0,False
4,712,83,0,0,1,0,0,0,0,0,0,0,0,-1,0.0,15.2,10.0,2.3,0,4,1,5,1,0.73,0.03,0.76,0.36,3,False
4,713,3,0,0,0,0,0,0,0,1,0,0,0,2,2.2,0.1,0.0,0.2,1,0,1,2,0,0.00,0.00,0.00,0.00,0,False
4,714,64,1,0,1,0,0,0,0,0,0,0,3,40,37.2,12.3,46.0,9.6,0,3,3,6,1,0.27,0.01,0.28,0.41,9,False
4,715,0,0,0,0,0,0,0,0,0,0,0,0,0,0.0,0.0,0.0,0.0,0,0,0,0,0,0.00,0.00,0.00,0.00,0,False
4,716,53,0,0,0,2,0,0,0,0,0,0,0,4,11.0,11.1,4.0,2.6,2,0,3,5,0,0.00,0.00,0.00,0.88,0,False
4,717,70,0,1,1,0,0,0,0,0,0,0,0,23,18.4,19.7,1.0,3.9,0,2,1,3,1,0.03,0.08,0.11,0.60,6,False
4,718,29,0,0,0,1,0,0,0,0,0,0,0,6,9.6,1.3,0.0,1.1,1,0,2,3,0,0.00,0.00,0.00,0.65,1,False
4,719,7,0,0,0,0,0,0,0,0,0,0,0,3,0.4,0.3,0.0,0.1,0,0,0,0,0,0.00,0.00,0.00,0.48,1,False
4,720,65,0,0,0,1,0,0,0,0,0,0,0,7,4.4,1.8,4.0,1.0,4,0,0,4,1,0.00,0.00,0.00,1.35,2,False
4,721,90,0,0,0,1,0,0,0,0,0,0,0,15,23.4,11.3,6.0,4.1,10,3,1,11,1,0.00,0.18,0.18,0.62,4,False
4,722,27,0,0,0,1,0,0,0,0,0,0,0,5,13.0,0.2,0.0,1.3,2,2,3,7,0,0.00,0.00,0.00,1.24,1,False
4,723,0,0,0,0,0,0,0,0,0,0,0,0,0,0.0,0.0,0.0,0.0,0,0,0,0,0,0.00,0.00,0.00,0.00,0,False
4,724,6,0,0,0,0,0,0,0,0,0,0,0,4,1.0,0.0,0.0,0.1,0,1,0,0,0,0.00,0.00,0.00,0.38,1,False
4,725,0,0,0,0,0,0,0,0,0,0,0,0,0,0.0,0.0,0.0,0.0,0,0,0,0,0,0.00,0.00,0.00,0.00,0,False
4,726,0,0,0,0,0,0,0,0,0,0,0,0,0,0.0,0.0,0.0,0.0,0,0,0,0,0,0.00,0.00,0.00,0.00,0,False
4,727,0,0,0,0,0,0,0,0,0,0,0,0,0,0.0,0.0,0.0,0.0,0,0,0,0,0,0.00,0.00,0.00,0.00,0,False
4,728,24,0,0,0,0,0,0,0,0,0,0,0,5,3.0,10.7,1.0,1.5,0,1,2,3,0,0.03,0.00,0.03,0.00,1,False
4,729,0,0,0,0,0,0,0,0,0,0,0,0,0,0.0,0.0,0.0,0.0,0,0,0,0,0,0.00,0.00,0.00,0.00,0,False
4,730,21,0,0,0,0,0,0,0,0,0,0,0,4,1.0,0.1,0.0,0.1,1,1,0,2,0,0.00,0.00,0.00,0.93,1,False
4,731,14,0,0,0,0,0,0,0,0,0,0,0,6,11.4,18.6,7.0,3.7,0,0,0,0,0,0.01,0.07,0.08,0.03,1,False
4,732,6,0,0,0,0,0,0,0,0,0,0,0,6,3.4,0.8,19.0,2.3,0,1,0,1,0,0.01,0.00,0.01,0.00,1,False
4,733,0,0,0,0,0,0,0,0,0,0,0,0,0,0.0,0.0,0.0,0.0,0,0,0,0,0,0.00,0.00,0.00,0.00,0,False
4,734,30,0,0,0,1,0,0,0,0,0,0,0,4,0.6,0.9,2.0,0.4,0,2,0,2,0,0.00,0.00,0.00,0.08,1,False
4,735,0,0,0,0,0,0,0,0,0,0,0,0,0,0.0,0.0,0.0,0.0,0,0,0,0,0,0.00,0.00,0.00,0.00,0,False
4,736,90,0,0,1,0,0,0,0,0,0,2,0,26,14.4,0.0,0.0,1.4,3,6,0,0,1,0.00,0.00,0.00,1.51,6,False
4,737,0,0,0,0,0,0,0,0,0,0,0,0,0,0.0,0.0,0.0,0.0,0,0,0,0,0,0.00,0.00,0.00,0.00,0,False
4,738,0,0,0,0,0,0,0,0,0,0,0,0,0,0.0,0.0,0.0,0.0,0,0,0,0,0,0.00,0.00,0.00,0.00,0,False
4,739,0,0,0,0,0,0,0,0,0,0,0,0,0,0.0,0.0,0.0,0.0,0,0,0,0,0,0.00,0.00,0.00,0.00,0,False
4,740,0,0,0,0,0,0,0,0,0,0,0,0,0,0.0,0.0,0.0,0.0,0,0,0,0,0,0.00,0.00,0.00,0.00,0,False
5,1,90,0,0,0,1,0,0,0,0,0,2,0,13,21.4,0.0,0.0,2.1,1,6,0,0,1,0.00,0.01,0.01,0.89,2,False
5,2,0,0,0,0,0,0,0,0,0,0,0,0,0,0.0,0.0,0.0,0.0,0,0,0,0,0,0.00,0.00,0.00,0.00,0,False
5,3,0,0,0,0,0,0,0,0,0,0,0,0,0,0.0,0.0,0.0,0.0,0,0,0,0,0,0.00,0.00,0.00,0.00,0,False
5,4,0,0,0,0,0,0,0,0,0,0,0,0,0,0.0,0.0,0.0,0.0,0,0,0,0,0,0.00,0.00,0.00,0.00,0,False
5,5,90,0,0,0,1,0,0,0,0,0,0,0,13,19.6,2.3,0.0,2.2,7,1,1,8,1,0.00,0.01,0.01,0.89,2,False
5,6,90,0,0,0,1,0,0,0,0,0,0,0,15,22.0,3.0,4.0,2.9,5,8,4,9,1,0.13,0.02,0.15,0.89,2,False
5,7,90,0,0,0,1,0,0,0,0,0,0,0,7,3.6,6.2,19.0,2.9,2,6,3,5,1,0.14,0.05,0.19,0.89,2,False
5,8,79,0,0,0,1,0,0,0,1,0,0,0,16,17.0,13.9,8.0,3.9,1,3,7,8,1,0.00,0.05,0.05,0.65,1,False
5,9,0,0,0,0,0,0,0,0,0,0,0,0,0,0.0,0.0,0.0,0.0,0,0,0,0,0,0.00,0.00,0.00,0.00,0,False
5,10,0,0,0,0,0,0,0,0,0,0,0,0,0,0.0,0.0,0.0,0.0,0,0,0,0,0,0.00,0.00,0.00,0.00,0,False
5,11,0,0,0,0,0,0,0,0,0,0,0,0,0,0.0,0.0,0.0,0.0,0,0,0,0,0,0.00,0.00,0.00,0.00,0,False
5,12,90,0,0,0,1,0,0,0,0,0,0,0,19,29.6,18.0,15.0,6.3,6,6,3,9,1,0.04,0.07,0.11,0.85,2,False
5,13,0,0,0,0,0,0,0,0,0,0,0,0,0,0.0,0.0,0.0,0.0,0,0,0,0,0,0.00,0.00,0.00,0.00,0,False
5,14,0,0,0,0,0,0,0,0,0,0,0,0,0,0.0,0.0,0.0,0.0,0,0,0,0,0,0.00,0.00,0.00,0.00,0,False
5,15,0,0,0,0,0,0,0,0,0,0,0,0,0,0.0,0.0,0.0,0.0,0,0,0,0,0,0.00,0.00,0.00,0.00,0,False
5,16,45,0,0,0,0,0,0,0,0,0,0,0,7,5.6,32.3,7.0,4.5,0,3,0,3,0,0.04,0.21,0.25,0.34,1,False
5,17,0,0,0,0,0,0,0,0,0,0,0,0,0,0.0,0.0,0.0,0.0,0,0,0,0,0,0.00,0.00,0.00,0.00,0,False
5,18,45,0,0,0,1,0,0,0,0,0,0,0,-2,0.4,1.7,29.0,3.1,0,2,0,2,1,0.15,0.01,0.16,0.55,1,False
5,19,10,1,0,0,0,0,0,0,0,0,0,1,22,33.0,0.3,17.0,5.0,0,0,0,0,0,0.16,0.00,0.16,0.25,7,False
5,20,83,0,0,0,1,0,0,0,0,0,0,0,13,7.6,4.3,17.0,2.9,2,1,1,4,1,0.14,0.07,0.21,0.89,2,False
5,21,90,0,0,0,1,0,0,0,0,0,0,1,22,18.8,37.0,0.0,5.6,1,6,2,9,1,0.00,0.16,0.16,0.89,3,False
5,22,45,0,0,0,1,0,0,0,0,0,0,0,6,8.8,17.3,0.0,2.6,2,4,1,7,1,0.00,0.03,0.03,0.55,1,False
5,23,0,0,0,0,0,0,0,0,0,0,0,0,0,0.0,0.0,0.0,0.0,0,0,0,0,0,0.00,0.00,0.00,0.00,0,False
5,24,0,0,0,0,0,0,0,0,0,0,0,0,0,0.0,0.0,0.0,0.0,0,0,0,0,0,0.00,0.00,0.00,0.00,0,False
5,25,6,0,0,0,0,0,0,0,0,0,0,0,3,0.2,0.4,0.0,0.1,0,1,0,1,0,0.00,0.00,0.00,0.00,1,False
5,26,90,0,0,0,1,0,0,0,0,0,0,0,13,8.6,19.0,12.0,4.0,2,3,0,5,1,0.05,0.04,0.09,0.89,2,False
5,27,0,0,0,0,0,0,0,0,0,0,0,0,0,0.0,0.0,0.0,0.0,0,0,0,0,0,0.00,0.00,0.00,0.00,0,False
5,28,0,0,0,0,0,0,0,0,0,0,0,0,0,0.0,0.0,0.0,0.0,0,0,0,0,0,0.00,0.00,0.00,0.00,0,False
5,29,0,0,0,0,0,0,0,0,0,0,0,0,0,0.0,0.0,0.0,0.0,0,0,0,0,0,0.00,0.00,0.00,0.00,0,False
5,30,0,0,0,0,0,0,0,0,0,0,0,0,0,0.0,0.0,0.0,0.0,0,0,0,0,0,0.00,0.00,0.00,0.00,0,False
5,31,0,0,0,0,0,0,0,0,0,0,0,0,0,0.0,0.0,0.0,0.0,0,0,0,0,0,0.00,0.00,0.00,0.00,0,False
5,32,90,0,0,0,1,0,0,0,0,0,3,0,12,18.8,0.0,0.0,1.9,1,7,0,0,1,0.00,0.00,0.00,1.05,3,False
5,33,0,0,0,0,0,0,0,0,0,0,0,0,0,0.0,0.0,0.0,0.0,0,0,0,0,0,0.00,0.00,0.00,0.00,0,False
5,34,0,0,0,0,0,0,0,0,0,0,0,0,0,0.0,0.0,0.0,0.0,0,0,0,0,0,0.00,0.00,0.00,0.00,0,False
5,35,0,0,0,0,0,0,0,0,0,0,0,0,0,0.0,0.0,0.0,0.0,0,0,0,0,0,0.00,0.00,0.00,0.00,0,False
5,36,90,1,0,0,1,0,0,0,0,0,0,2,29,44.4,7.2,11.0,6.3,3,3,2,5,1,0.05,0.05,0.10,1.05,10,True
5,37,57,0,0,0,0,0,0,0,0,0,0,0,6,1.2,3.8,2.0,0.7,0,2,0,0,1,0.00,0.04,0.04,0.37,1,False
5,38,90,0,0,0,1,0,0,0,0,0,0,0,10,26.2,3.0,0.0,2.9,5,4,1,6,1,0.00,0.02,0.02,1.05,2,False
5,39,32,0,0,0,1,0,0,0,1,0,0,0,-2,5.0,3.5,6.0,1.5,2,3,0,2,0,0.00,0.02,0.02,0.68,0,False
5,40,90,0,0,0,1,0,0,0,0,0,0,0,16,34.4,24.4,2.0,6.1,12,2,0,12,1,0.00,0.03,0.03,1.05,4,False
5,41,0,0,0,0,0,0,0,0,0,0,0,0,0,0.0,0.0,0.0,0.0,0,0,0,0,0,0.00,0.00,0.00,0.00,0,False
5,42,0,0,0,0,0,0,0,0,0,0,0,0,0,0.0,0.0,0.0,0.0,0,0,0,0,0,0.00,0.00,0.00,0.00,0,False
5,43,0,0,0,0,0,0,0,0,0,0,0,0,0,0.0,0.0,0.0,0.0,0,0,0,0,0,0.00,0.00,0.00,0.00,0,False
5,44,8,0,0,0,0,0,0,0,0,0,0,0,2,0.0,1.3,4.0,0.5,0,2,0,0,0,0.00,0.00,0.00,0.00,1,False
5,45,0,0,0,0,0,0,0,0,0,0,0,0,0,0.0,0.0,0.0,0.0,0,0,0,0,0,0.00,0.00,0.00,0.00,0,False
5,46,0,0,0,0,0,0,0,0,0,0,0,0,0,0.0,0.0,0.0,0.0,0,0,0,0,0,0.00,0.00,0.00,0.00,0,False
5,47,81,0,0,0,1,0,0,0,0,0,0,0,5,5.2,23.8,10.0,3.9,1,1,0,2,1,0.00,0.27,0.27,1.05,2,False
5,48,0,0,0,0,0,0,0,0,0,0,0,0,0,0.0,0.0,0.0,0.0,0,0,0,0,0,0.00,0.00,0.00,0.00,0,False
5,49,0,0,0,0,0,0,0,0,0,0,0,0,0,0.0,0.0,0.0,0.0,0,0,0,0,0,0.00,0.00,0.00,0.00,0,False
5,50,57,0,0,0,0,0,0,0,0,0,0,0,0,2.6,3.5,12.0,1.8,2,3,2,7,1,0.06,0.06,0.12,0.37,1,False
5,51,0,0,0,0,0,0,0,0,0,0,0,0,0,0.0,0.0,0.0,0.0,0,0,0,0,0,0.00,0.00,0.00,0.00,0,False
5,52,0,0,0,0,0,0,0,0,0,0,0,0,0,0.0,0.0,0.0,0.0,0,0,0,0,0,0.00,0.00,0.00,0.00,0,False
5,53,17,0,0,0,1,0,0,0,0,0,0,0,4,2.2,12.8,14.0,2.9,0,0,1,1,0,0.10,0.05,0.15,0.27,1,False
5,54,90,0,0,0,1,0,0,0,0,0,0,0,15,11.8,19.4,3.0,3.4,1,3,1,5,1,0.06,0.08,0.14,1.05,2,False
5,55,0,0,0,0,0,0,0,0,0,0,0,0,0,0.0,0.0,0.0,0.0,0,0,0,0,0,0.00,0.00,0.00,0.00,0,False
5,56,0,0,0,0,0,0,0,0,0,0,0,0,0,0.0,0.0,0.0,0.0,0,0,0,0,0,0.00,0.00,0.00,0.00,0,False
5,57,0,0,0,0,0,0,0,0,0,0,0,0,0,0.0,0.0,0.0,0.0,0,0,0,0,0,0.00,0.00,0.00,0.00,0,False
5,58,81,0,1,0,1,0,0,0,0,0,0,1,28,38.2,29.0,0.0,6.7,4,2,2,8,1,0.00,0.08,0.08,1.05,6,False
5,59,0,0,0,0,0,0,0,0,0,0,0,0,0,0.0,0.0,0.0,0.0,0,0,0,0,0,0.00,0.00,0.00,0.00,0,False
5,60,0,0,0,0,0,0,0,0,0,0,0,0,0,0.0,0.0,0.0,0.0,0,0,0,0,0,0.00,0.00,0.00,0.00,0,False
5,61,0,0,0,0,0,0,0,0,0,0,0,0,0,0.0,0.0,0.0,0.0,0,0,0,0,0,0.00,0.00,0.00,0.00,0,False
5,62,0,0,0,0,0,0,0,0,0,0,0,0,0,0.0,0.0,0.0,0.0,0,0,0,0,0,0.00,0.00,0.00,0.00,0,False
5,63,0,0,0,0,0,0,0,0,0,0,0,0,0,0.0,0.0,0.0,0.0,0,0,0,0,0,0.00,0.00,0.00,0.00,0,False
5,64,90,0,0,0,1,0,0,0,0,0,0,0,4,1.2,0.8,6.0,0.8,0,1,1,2,1,0.00,0.00,0.00,1.05,2,False
5,65,0,0,0,0,0,0,0,0,0,0,0,0,0,0.0,0.0,0.0,0.0,0,0,0,0,0,0.00,0.00,0.00,0.00,0,False
5,66,0,0,0,0,0,0,0,0,0,0,0,0,0,0.0,0.0,0.0,0.0,0,0,0,0,0,0.00,0.00,0.00,0.00,0,False
5,67,90,0,0,1,0,0,0,0,0,0,1,0,22,9.8,0.0,0.0,1.0,1,5,0,0,1,0.00,0.00,0.00,0.14,6,False
5,68,0,0,0,0,0,0,0,0,0,0,0,0,0,0.0,0.0,0.0,0.0,0,0,0,0,0,0.00,0.00,0.00,0.00,0,False
5,69,0,0,0,0,0,0,0,0,0,0,0,0,0,0.0,0.0,0.0,0.0,0,0,0,0,0,0.00,0.00,0.00,0.00,0,False
5,70,0,0,0,0,0,0,0,0,0,0,0,0,0,0.0,0.0,0.0,0.0,0,0,0,0,0,0.00,0.00,0.00,0.00,0,False
5,71,0,0,0,0,0,0,0,0,0,0,0,0,0,0.0,0.0,0.0,0.0,0,0,0,0,0,0.00,0.00,0.00,0.00,0,False
5,72,90,0,0,1,0,0,0,0,0,0,0,1,27,25.8,11.9,2.0,4.0,11,3,0,11,1,0.00,0.03,0.03,0.14,9,False
5,73,0,0,0,0,0,0,0,0,0,0,0,0,0,0.0,0.0,0.0,0.0,0,0,0,0,0,0.00,0.00,0.00,0.00,0,False
5,74,90,0,0,1,0,0,0,0,0,0,0,3,29,11.4,4.9,2.0,1.8,5,10,0,5,1,0.00,0.01,0.01,0.14,9,False
5,75,0,0,0,0,0,0,0,0,0,0,0,0,0,0.0,0.0,0.0,0.0,0,0,0,0,0,0.00,0.00,0.00,0.00,0,False
5,76,0,0,0,0,0,0,0,0,0,0,0,0,0,0.0,0.0,0.0,0.0,0,0,0,0,0,0.00,0.00,0.00,0.00,0,False
5,77,45,0,0,0,0,0,0,0,0,0,0,0,4,5.0,0.7,4.0,1.0,4,0,0,4,0,0.00,0.00,0.00,0.00,1,False
5,78,0,0,0,0,0,0,0,0,0,0,0,0,0,0.0,0.0,0.0,0.0,0,0,0,0,0,0.00,0.00,0.00,0.00,0,False
5,79,0,0,0,0,0,0,0,0,0,0,0,0,0,0.0,0.0,0.0,0.0,0,0,0,0,0,0.00,0.00,0.00,0.00,0,False
5,80,0,0,0,0,0,0,0,0,0,0,0,0,0,0.0,0.0,0.0,0.0,0,0,0,0,0,0.00,0.00,0.00,0.00,0,False
5,81,27,0,0,0,0,0,0,0,0,0,0,0,4,5.4,3.8,7.0,1.6,1,1,0,2,0,0.11,0.00,0.11,0.00,1,False
5,82,90,0,0,1,0,0,0,0,0,0,0,0,9,8.8,13.9,4.0,2.7,1,10,3,14,1,0.11,0.05,0.16,0.14,5,False
5,83,25,0,0,0,0,0,0,0,0,0,0,0,-2,0.0,0.3,11.0,0.9,0,0,0,0,0,0.12,0.00,0.12,0.00,1,False
5,84,74,0,0,1,0,0,0,0,0,0,0,0,4,11.4,13.1,6.0,3.1,3,3,1,7,1,0.06,0.03,0.09,0.14,3,False
5,85,90,0,0,1,0,0,0,0,0,0,0,0,19,16.2,4.0,17.0,3.7,4,4,3,11,1,0.04,0.01,0.05,0.14,3,False
5,86,62,0,0,1,0,0,0,0,0,0,0,0,8,3.8,14.8,4.0,2.3,2,4,0,6,1,0.00,0.04,0.04,0.14,3,False
5,87,27,0,0,0,0,0,0,0,0,0,0,0,4,3.2,5.5,4.0,1.3,2,3,0,5,0,0.01,0.02,0.03,0.00,1,False
5,88,0,0,0,0,0,0,0,0,0,0,0,0,0,0.0,0.0,0.0,0.0,0,0,0,0,0,0.00,0.00,0.00,0.00,0,False
5,89,0,0,0,0,0,0,0,0,0,0,0,0,0,0.0,0.0,0.0,0.0,0,0,0,0,0,0.00,0.00,0.00,0.00,0,False
5,90,62,0,0,1,0,0,0,0,0,0,0,0,12,7.6,8.5,1.0,1.7,3,5,2,10,1,0.06,0.02,0.08,0.14,3,False
5,91,0,0,0,0,0,0,0,0,0,0,0,0,0,0.0,0.0,0.0,0.0,0,0,0,0,0,0.00,0.00,0.00,0.00,0,False
5,92,0,0,0,0,0,0,0,0,0,0,0,0,0,0.0,0.0,0.0,0.0,0,0,0,0,0,0.00,0.00,0.00,0.00,0,False
5,93,0,0,0,0,0,0,0,0,0,0,0,0,0,0.0,0.0,0.0,0.0,0,0,0,0,0,0.00,0.00,0.00,0.00,0,False
5,94,0,0,0,0,0,0,0,0,0,0,0,0,0,0.0,0.0,0.0,0.0,0,0,0,0,0,0.00,0.00,0.00,0.00,0,False
5,95,0,0,0,0,0,0,0,0,0,0,0,0,0,0.0,0.0,0.0,0.0,0,0,0,0,0,0.00,0.00,0.00,0.00,0,False
5,96,0,0,0,0,0,0,0,0,0,0,0,0,0,0.0,0.0,0.0,0.0,0,0,0,0,0,0.00,0.00,0.00,0.00,0,False
5,97,90,0,0,1,0,0,0,0,0,0,0,0,9,4.6,11.6,9.0,2.5,0,4,1,5,1,0.10,0.02,0.12,0.14,2,False
5,98,0,0,0,0,0,0,0,0,0,0,0,0,0,0.0,0.0,0.0,0.0,0,0,0,0,0,0.00,0.00,0.00,0.00,0,False
5,99,0,0,0,0,0,0,0,0,0,0,0,0,0,0.0,0.0,0.0,0.0,0,0,0,0,0,0.00,0.00,0.00,0.00,0,False
5,100,0,0,0,0,0,0,0,0,0,0,0,0,0,0.0,0.0,0.0,0.0,0,0,0,0,0,0.00,0.00,0.00,0.00,0,False
5,101,90,0,0,0,3,0,0,0,0,0,2,0,1,17.6,0.0,0.0,1.8,1,7,0,0,1,0.00,0.00,0.00,1.01,1,False
5,102,0,0,0,0,0,0,0,0,0,0,0,0,0,0.0,0.0,0.0,0.0,0,0,0,0,0,0.00,0.00,0.00,0.00,0,False
5,103,0,0,0,0,0,0,0,0,0,0,0,0,0,0.0,0.0,0.0,0.0,0,0,0,0,0,0.00,0.00,0.00,0.00,0,False
5,104,0,0,0,0,0,0,0,0,0,0,0,0,0,0.0,0.0,0.0,0.0,0,0,0,0,0,0.00,0.00,0.00,0.00,0,False
5,105,0,0,0,0,0,0,0,0,0,0,0,0,0,0.0,0.0,0.0,0.0,0,0,0,0,0,0.00,0.00,0.00,0.00,0,False
5,106,90,0,0,0,3,0,0,0,1,0,0,0,1,22.2,0.3,33.0,5.6,7,1,1,8,1,0.09,0.01,0.10,1.01,0,False
5,107,65,0,0,0,3,0,0,0,0,0,0,0,-4,0.8,4.3,2.0,0.7,0,2,0,0,1,0.00,0.01,0.01,1.01,1,False
5,108,16,0,0,0,0,0,0,0,0,0,0,0,4,3.2,0.3,4.0,0.8,1,1,1,2,0,0.05,0.00,0.05,0.00,1,False
5,109,24,0,0,0,0,0,0,0,0,0,0,0,0,0.4,0.2,0.0,0.1,1,4,0,1,0,0.00,0.00,0.00,0.00,1,False
5,110,90,0,0,0,3,0,0,0,0,0,0,0,5,13.2,22.9,2.0,3.8,2,5,2,4,1,0.00,0.07,0.07,1.01,1,False
5,111,73,0,0,0,3,1,0,0,0,0,0,0,-4,13.8,0.1,2.0,1.6,6,3,1,7,1,0.00,0.00,0.00,1.01,-1,False
5,112,0,0,0,0,0,0,0,0,0,0,0,0,0,0.0,0.0,0.0,0.0,0,0,0,0,0,0.00,0.00,0.00,0.00,0,False
5,113,90,0,0,0,3,0,0,0,0,0,0,0,3,10.6,0.3,0.0,1.1,6,3,0,6,1,0.00,0.00,0.00,1.01,1,False
5,114,0,0,0,0,0,0,0,0,0,0,0,0,0,0.0,0.0,0.0,0.0,0,0,0,0,0,0.00,0.00,0.00,0.00,0,False
5,115,0,0,0,0,0,0,0,0,0,0,0,0,0,0.0,0.0,0.0,0.0,0,0,0,0,0,0.00,0.00,0.00,0.00,0,False
5,116,0,0,0,0,0,0,0,0,0,0,0,0,0,0.0,0.0,0.0,0.0,0,0,0,0,0,0.00,0.00,0.00,0.00,0,False
5,117,0,0,0,0,0,0,0,0,0,0,0,0,0,0.0,0.0,0.0,0.0,0,0,0,0,0,0.00,0.00,0.00,0.00,0,False
5,118,0,0,0,0,0,0,0,0,0,0,0,0,0,0.0,0.0,0.0,0.0,0,0,0,0,0,0.00,0.00,0.00,0.00,0,False
5,119,69,0,0,1,0,0,0,0,0,0,0,0,7,2.8,11.1,22.0,3.6,1,1,0,2,1,0.09,0.08,0.17,0.13,3,False
5,120,90,0,0,0,3,0,0,0,0,0,0,0,7,6.0,11.3,13.0,3.0,0,3,2,5,1,0.06,0.20,0.26,1.01,2,False
5,121,86,1,0,0,3,0,0,0,0,0,0,1,32,42.6,8.0,24.0,7.5,0,1,3,4,1,0.19,0.04,0.23,1.01,8,False
5,122,0,0,0,0,0,0,0,0,0,0,0,0,0,0.0,0.0,0.0,0.0,0,0,0,0,0,0.00,0.00,0.00,0.00,0,False
5,123,3,0,0,0,0,0,0,0,0,0,0,0,3,0.2,1.0,0.0,0.1,0,1,0,1,0,0.00,0.00,0.00,0.00,1,False
5,124,73,0,0,0,3,0,0,0,0,0,0,0,8,2.8,2.1,0.0,0.5,1,2,0,3,1,0.00,0.01,0.01,1.01,2,False
5,125,16,0,0,0,0,0,0,0,0,0,0,0,2,0.0,0.1,0.0,0.0,0,0,0,0,0,0.00,0.00,0.00,0.00,1,False
5,126,0,0,0,0,0,0,0,0,0,0,0,0,0,0.0,0.0,0.0,0.0,0,0,0,0,0,0.00,0.00,0.00,0.00,0,False
5,127,0,0,0,0,0,0,0,0,0,0,0,0,0,0.0,0.0,0.0,0.0,0,0,0,0,0,0.00,0.00,0.00,0.00,0,False
5,128,0,0,0,0,0,0,0,0,0,0,0,0,0,0.0,0.0,0.0,0.0,0,0,0,0,0,0.00,0.00,0.00,0.00,0,False
5,129,90,0,0,0,3,0,0,0,0,0,0,0,13,13.6,12.3,0.0,2.6,2,3,2,7,1,0.00,0.01,0.01,1.01,2,False
5,130,0,0,0,0,0,0,0,0,0,0,0,0,0,0.0,0.0,0.0,0.0,0,0,0,0,0,0.00,0.00,0.00,0.00,0,False
5,131,0,0,0,0,0,0,0,0,0,0,0,0,0,0.0,0.0,0.0,0.0,0,0,0,0,0,0.00,0.00,0.00,0.00,0,False
5,132,0,0,0,0,0,0,0,0,0,0,0,0,0,0.0,0.0,0.0,0.0,0,0,0,0,0,0.00,0.00,0.00,0.00,0,False
5,133,0,0,0,0,0,0,0,0,0,0,0,0,0,0.0,0.0,0.0,0.0,0,0,0,0,0,0.00,0.00,0.00,0.00,0,False
5,134,0,0,0,0,0,0,0,0,0,0,0,0,0,0.0,0.0,0.0,0.0,0,0,0,0,0,0.00,0.00,0.00,0.00,0,False
5,135,0,0,0,0,0,0,0,0,0,0,0,0,0,0.0,0.0,0.0,0.0,0,0,0,0,0,0.00,0.00,0.00,0.00,0,False
5,136,64,0,0,0,3,0,0,0,0,0,0,0,5,3.4,1.6,17.0,2.2,1,2,1,4,1,0.10,0.01,0.11,1.01,2,False
5,137,0,0,0,0,0,0,0,0,0,0,0,0,0,0.0,0.0,0.0,0.0,0,0,0,0,0,0.00,0.00,0.00,0.00,0,False
5,138,0,0,0,0,0,0,0,0,0,0,0,0,0,0.0,0.0,0.0,0.0,0,0,0,0,0,0.00,0.00,0.00,0.00,0,False
5,139,90,0,0,0,2,0,0,0,0,0,2,0,6,19.2,0.0,0.0,1.9,1,7,0,0,1,0.00,0.00,0.00,1.22,1,False
5,140,0,0,0,0,0,0,0,0,0,0,0,0,0,0.0,0.0,0.0,0.0,0,0,0,0,0,0.00,0.00,0.00,0.00,0,False
5,141,0,0,0,0,0,0,0,0,0,0,0,0,0,0.0,0.0,0.0,0.0,0,0,0,0,0,0.00,0.00,0.00,0.00,0,False
5,142,0,0,0,0,0,0,0,0,0,0,0,0,0,0.0,0.0,0.0,0.0,0,0,0,0,0,0.00,0.00,0.00,0.00,0,False
5,143,0,0,0,0,0,0,0,0,0,0,0,0,0,0.0,0.0,0.0,0.0,0,0,0,0,0,0.00,0.00,0.00,0.00,0,False
5,144,15,0,0,0,1,0,0,0,0,0,0,0,0,5.4,0.1,0.0,0.6,3,1,0,3,0,0.00,0.00,0.00,0.07,1,False
5,145,0,0,0,0,0,0,0,0,0,0,0,0,0,0.0,0.0,0.0,0.0,0,0,0,0,0,0.00,0.00,0.00,0.00,0,False
5,146,90,0,0,0,2,0,0,0,0,0,0,0,10,26.4,0.4,2.0,2.9,10,4,2,12,1,0.03,0.00,0.03,1.22,3,False
5,147,0,0,0,0,0,0,0,0,0,0,0,0,0,0.0,0.0,0.0,0.0,0,0,0,0,0,0.00,0.00,0.00,0.00,0,False
5,148,84,0,0,0,2,0,0,0,0,0,0,0,9,10.6,11.3,4.0,2.6,1,5,4,5,1,0.07,0.01,0.08,1.21,1,False
5,149,0,0,0,0,0,0,0,0,0,0,0,0,0,0.0,0.0,0.0,0.0,0,0,0,0,0,0.00,0.00,0.00,0.00,0,False
5,150,0,0,0,0,0,0,0,0,0,0,0,0,0,0.0,0.0,0.0,0.0,0,0,0,0,0,0.00,0.00,0.00,0.00,0,False
5,151,90,0,0,0,2,1,0,0,0,0,0,0,5,15.2,0.3,0.0,1.6,11,1,1,12,1,0.00,0.00,0.00,1.22,1,False
5,152,90,0,0,0,2,0,0,0,0,0,0,0,11,27.0,5.2,0.0,3.2,8,4,7,15,1,0.00,0.00,0.00,1.22,3,False
5,153,0,0,0,0,0,0,0,0,0,0,0,0,0,0.0,0.0,0.0,0.0,0,0,0,0,0,0.00,0.00,0.00,0.00,0,False
5,154,0,0,0,0,0,0,0,0,0,0,0,0,0,0.0,0.0,0.0,0.0,0,0,0,0,0,0.00,0.00,0.00,0.00,0,False
5,155,0,0,0,0,0,0,0,0,0,0,0,0,0,0.0,0.0,0.0,0.0,0,0,0,0,0,0.00,0.00,0.00,0.00,0,False
5,156,0,0,0,0,0,0,0,0,0,0,0,0,0,0.0,0.0,0.0,0.0,0,0,0,0,0,0.00,0.00,0.00,0.00,0,False
5,157,90,0,0,0,2,0,0,0,0,0,0,0,9,11.2,12.8,19.0,4.3,2,5,0,7,1,0.09,0.07,0.16,1.22,2,False
5,158,74,0,1,0,1,0,0,0,0,0,0,0,16,31.8,21.8,6.0,6.0,5,1,1,7,1,0.00,0.02,0.02,1.16,5,False
5,159,0,0,0,0,0,0,0,0,0,0,0,0,0,0.0,0.0,0.0,0.0,0,0,0,0,0,0.00,0.00,0.00,0.00,0,False
5,160,75,1,0,0,1,0,0,0,0,0,0,2,32,39.0,12.7,39.0,9.1,0,5,2,7,1,0.74,0.00,0.74,1.16,9,False
5,161,0,0,0,0,0,0,0,0,0,0,0,0,0,0.0,0.0,0.0,0.0,0,0,0,0,0,0.00,0.00,0.00,0.00,0,False
5,162,62,0,0,0,1,0,0,0,0,0,0,0,5,2.4,11.8,3.0,1.7,1,3,1,5,1,0.09,0.01,0.10,0.91,2,False
5,163,0,0,0,0,0,0,0,0,0,0,0,0,0,0.0,0.0,0.0,0.0,0,0,0,0,0,0.00,0.00,0.00,0.00,0,False
5,164,0,0,0,0,0,0,0,0,0,0,0,0,0,0.0,0.0,0.0,0.0,0,0,0,0,0,0.00,0.00,0.00,0.00,0,False
5,165,0,0,0,0,0,0,0,0,0,0,0,0,0,0.0,0.0,0.0,0.0,0,0,0,0,0,0.00,0.00,0.00,0.00,0,False
5,166,90,1,0,0,2,0,0,0,0,0,0,1,28,34.8,11.8,22.0,6.9,2,7,1,10,1,0.24,0.02,0.26,1.22,8,False
5,167,45,0,0,0,1,0,0,0,0,0,0,0,6,6.0,0.7,0.0,0.7,2,3,2,7,1,0.00,0.00,0.00,0.91,1,False
5,168,0,0,0,0,0,0,0,0,0,0,0,0,0,0.0,0.0,0.0,0.0,0,0,0,0,0,0.00,0.00,0.00,0.00,0,False
5,169,45,0,0,0,1,0,0,0,1,0,0,0,5,7.0,14.6,4.0,2.6,0,2,3,5,0,0.02,0.06,0.08,0.31,0,False
5,170,27,0,0,0,1,0,0,0,0,0,0,0,5,5.2,11.3,0.0,1.7,1,3,0,4,0,0.00,0.03,0.03,0.31,1,False
5,171,0,0,0,0,0,0,0,0,0,0,0,0,0,0.0,0.0,0.0,0.0,0,0,0,0,0,0.00,0.00,0.00,0.00,0,False
5,172,0,0,0,0,0,0,0,0,0,0,0,0,0,0.0,0.0,0.0,0.0,0,0,0,0,0,0.00,0.00,0.00,0.00,0,False
5,173,5,0,0,0,0,0,0,0,0,0,0,0,2,2.2,0.8,0.0,0.3,0,1,1,2,0,0.00,0.01,0.01,0.02,1,False
5,174,0,0,0,0,0,0,0,0,0,0,0,0,0,0.0,0.0,0.0,0.0,0,0,0,0,0,0.00,0.00,0.00,0.00,0,False
5,175,0,0,0,0,0,0,0,0,0,0,0,0,0,0.0,0.0,0.0,0.0,0,0,0,0,0,0.00,0.00,0.00,0.00,0,False
5,176,0,0,0,0,0,0,0,0,0,0,0,0,0,0.0,0.0,0.0,0.0,0,0,0,0,0,0.00,0.00,0.00,0.00,0,False
5,177,0,0,0,0,0,0,0,0,0,0,0,0,0,0.0,0.0,0.0,0.0,0,0,0,0,0,0.00,0.00,0.00,0.00,0,False
5,178,15,0,0,0,1,0,0,0,0,0,0,0,3,1.2,1.0,9.0,1.1,0,0,0,0,0,0.04,0.06,0.10,0.07,1,False
5,179,0,0,0,0,0,0,0,0,0,0,0,0,0,0.0,0.0,0.0,0.0,0,0,0,0,0,0.00,0.00,0.00,0.00,0,False
5,180,0,0,0,0,0,0,0,0,0,0,0,0,0,0.0,0.0,0.0,0.0,0,0,0,0,0,0.00,0.00,0.00,0.00,0,False
5,181,0,0,0,0,0,0,0,0,0,0,0,0,0,0.0,0.0,0.0,0.0,0,0,0,0,0,0.00,0.00,0.00,0.00,0,False
5,182,0,0,0,0,0,0,0,0,0,0,0,0,0,0.0,0.0,0.0,0.0,0,0,0,0,0,0.00,0.00,0.00,0.00,0,False
5,183,0,0,0,0,0,0,0,0,0,0,0,0,0,0.0,0.0,0.0,0.0,0,0,0,0,0,0.00,0.00,0.00,0.00,0,False
5,184,0,0,0,0,0,0,0,0,0,0,0,0,0,0.0,0.0,0.0,0.0,0,0,0,0,0,0.00,0.00,0.00,0.00,0,False
5,185,0,0,0,0,0,0,0,0,0,0,0,0,0,0.0,0.0,0.0,0.0,0,0,0,0,0,0.00,0.00,0.00,0.00,0,False
5,186,0,0,0,0,0,0,0,0,0,0,0,0,0,0.0,0.0,0.0,0.0,0,0,0,0,0,0.00,0.00,0.00,0.00,0,False
5,187,90,0,0,0,1,0,0,0,0,0,0,0,10,20.2,3.4,2.0,2.6,7,7,2,9,1,0.00,0.02,0.02,1.10,2,False
5,188,0,0,0,0,0,0,0,0,0,0,0,0,0,0.0,0.0,0.0,0.0,0,0,0,0,0,0.00,0.00,0.00,0.00,0,False
5,189,0,0,0,0,0,0,0,0,0,0,0,0,0,0.0,0.0,0.0,0.0,0,0,0,0,0,0.00,0.00,0.00,0.00,0,False
5,190,90,0,0,0,1,0,0,0,0,0,0,0,5,17.8,0.4,39.0,5.7,8,3,0,8,1,0.14,0.00,0.14,1.10,2,False
5,191,90,0,0,0,1,0,0,0,0,0,0,0,14,19.6,10.4,8.0,3.8,10,5,1,11,1,0.12,0.00,0.12,1.10,4,False
5,192,90,0,0,0,1,0,0,0,0,0,0,0,10,26.4,47.3,9.0,8.3,3,0,2,5,1,0.02,0.31,0.33,1.10,2,False
5,193,0,0,0,0,0,0,0,0,0,0,0,0,0,0.0,0.0,0.0,0.0,0,0,0,0,0,0.00,0.00,0.00,0.00,0,False
5,194,0,0,0,0,0,0,0,0,0,0,0,0,0,0.0,0.0,0.0,0.0,0,0,0,0,0,0.00,0.00,0.00,0.00,0,False
5,195,0,0,0,0,0,0,0,0,0,0,0,0,0,0.0,0.0,0.0,0.0,0,0,0,0,0,0.00,0.00,0.00,0.00,0,False
5,196,0,0,0,0,0,0,0,0,0,0,0,0,0,0.0,0.0,0.0,0.0,0,0,0,0,0,0.00,0.00,0.00,0.00,0,False
5,197,0,0,0,0,0,0,0,0,0,0,0,0,0,0.0,0.0,0.0,0.0,0,0,0,0,0,0.00,0.00,0.00,0.00,0,False
5,198,0,0,0,0,0,0,0,0,0,0,0,0,0,0.0,0.0,0.0,0.0,0,0,0,0,0,0.00,0.00,0.00,0.00,0,False
5,199,0,0,0,0,0,0,0,0,0,0,0,0,0,0.0,0.0,0.0,0.0,0,0,0,0,0,0.00,0.00,0.00,0.00,0,False
5,200,90,1,0,0,1,0,0,0,0,0,0,3,37,52.4,19.7,55.0,12.7,2,3,1,6,1,0.36,0.14,0.50,1.10,10,True
5,201,0,0,0,0,0,0,0,0,0,0,0,0,0,0.0,0.0,0.0,0.0,0,0,0,0,0,0.00,0.00,0.00,0.00,0,False
5,202,0,0,0,0,0,0,0,0,0,0,0,0,0,0.0,0.0,0.0,0.0,0,0,0,0,0,0.00,0.00,0.00,0.00,0,False
5,203,0,0,0,0,0,0,0,0,0,0,0,0,0,0.0,0.0,0.0,0.0,0,0,0,0,0,0.00,0.00,0.00,0.00,0,False
5,204,0,0,0,0,0,0,0,0,0,0,0,0,0,0.0,0.0,0.0,0.0,0,0,0,0,0,0.00,0.00,0.00,0.00,0,False
5,205,90,0,0,0,1,0,0,0,0,0,0,0,15,19.0,6.0,0.0,2.5,7,7,0,14,1,0.00,0.04,0.04,1.10,4,False
5,206,0,0,0,0,0,0,0,0,0,0,0,0,0,0.0,0.0,0.0,0.0,0,0,0,0,0,0.00,0.00,0.00,0.00,0,False
5,207,9,0,0,0,0,0,0,0,0,0,0,0,5,2.0,14.1,0.0,1.6,0,1,0,1,0,0.00,0.08,0.08,0.34,1,False
5,208,0,0,0,0,0,0,0,0,0,0,0,0,0,0.0,0.0,0.0,0.0,0,0,0,0,0,0.00,0.00,0.00,0.00,0,False
5,209,90,0,0,0,1,0,0,0,0,0,0,0,11,13.4,5.9,2.0,2.1,3,2,0,5,1,0.00,0.01,0.01,1.10,2,False
5,210,80,0,0,0,1,0,0,0,0,0,0,0,6,1.6,8.8,8.0,1.8,2,0,1,3,1,0.08,0.10,0.18,0.76,2,False
5,211,0,0,0,0,0,0,0,0,0,0,0,0,0,0.0,0.0,0.0,0.0,0,0,0,0,0,0.00,0.00,0.00,0.00,0,False
5,212,0,0,0,0,0,0,0,0,0,0,0,0,0,0.0,0.0,0.0,0.0,0,0,0,0,0,0.00,0.00,0.00,0.00,0,False
5,213,0,0,0,0,0,0,0,0,0,0,0,0,0,0.0,0.0,0.0,0.0,0,0,0,0,0,0.00,0.00,0.00,0.00,0,False
5,214,0,0,0,0,0,0,0,0,0,0,0,0,0,0.0,0.0,0.0,0.0,0,0,0,0,0,0.00,0.00,0.00,0.00,0,False
5,215,4,0,0,0,0,0,0,0,0,0,0,0,3,0.0,0.1,5.0,0.5,0,1,0,1,0,0.11,0.00,0.11,0.06,1,False
5,216,0,0,0,0,0,0,0,0,0,0,0,0,0,0.0,0.0,0.0,0.0,0,0,0,0,0,0.00,0.00,0.00,0.00,0,False
5,217,85,0,1,0,1,0,0,0,0,0,0,1,27,26.6,22.7,9.0,5.8,2,3,0,5,1,0.02,0.03,0.05,1.04,6,False
5,218,0,0,0,0,0,0,0,0,0,0,0,0,0,0.0,0.0,0.0,0.0,0,0,0,0,0,0.00,0.00,0.00,0.00,0,False
5,219,0,0,0,0,0,0,0,0,0,0,0,0,0,0.0,0.0,0.0,0.0,0,0,0,0,0,0.00,0.00,0.00,0.00,0,False
5,220,4,0,0,0,2,0,0,0,0,1,1,0,-12,2.0,0.0,0.0,0.2,0,0,0,0,1,0.00,0.00,0.00,0.05,-3,False
5,221,84,0,0,0,2,0,0,0,0,0,1,0,4,9.4,0.0,0.0,0.9,2,5,0,0,0,0.00,0.00,0.00,1.79,1,False
5,222,0,0,0,0,0,0,0,0,0,0,0,0,0,0.0,0.0,0.0,0.0,0,0,0,0,0,0.00,0.00,0.00,0.00,0,False
5,223,0,0,0,0,0,0,0,0,0,0,0,0,0,0.0,0.0,0.0,0.0,0,0,0,0,0,0.00,0.00,0.00,0.00,0,False
5,224,63,0,0,0,2,0,0,0,1,0,0,0,-6,1.8,1.0,4.0,0.7,3,2,1,4,1,0.05,0.00,0.05,1.45,0,False
5,225,90,0,1,0,2,0,0,0,0,0,0,0,16,27.4,32.8,4.0,6.4,6,5,3,9,1,0.00,0.16,0.16,1.84,4,False
5,226,90,1,0,0,2,0,0,0,1,0,0,0,23,57.4,2.3,17.0,7.7,8,2,2,10,1,0.20,0.01,0.21,1.84,8,False
5,227,0,0,0,0,0,0,0,0,0,0,0,0,0,0.0,0.0,0.0,0.0,0,0,0,0,0,0.00,0.00,0.00,0.00,0,False
5,228,26,0,0,0,0,0,0,0,0,0,0,0,4,0.6,1.8,4.0,0.6,0,4,0,0,0,0.00,0.01,0.01,0.39,1,False
5,229,0,0,0,0,0,0,0,0,0,0,0,0,0,0.0,0.0,0.0,0.0,0,0,0,0,0,0.00,0.00,0.00,0.00,0,False
5,230,63,0,0,0,2,0,0,0,0,0,0,0,6,17.6,1.1,0.0,1.9,7,1,2,9,1,0.00,0.00,0.00,1.45,1,False
5,231,0,0,0,0,0,0,0,0,0,0,0,0,0,0.0,0.0,0.0,0.0,0,0,0,0,0,0.00,0.00,0.00,0.00,0,False
5,232,83,0,0,0,2,0,0,0,1,0,0,0,3,19.6,2.1,9.0,3.1,8,6,0,8,0,0.05,0.01,0.05,1.79,0,False
5,233,0,0,0,0,0,0,0,0,0,0,0,0,0,0.0,0.0,0.0,0.0,0,0,0,0,0,0.00,0.00,0.00,0.00,0,False
5,234,0,0,0,0,0,0,0,0,0,0,0,0,0,0.0,0.0,0.0,0.0,0,0,0,0,0,0.00,0.00,0.00,0.00,0,False
5,235,20,0,0,0,1,0,0,0,0,0,0,0,3,0.0,0.0,0.0,0.0,0,0,0,0,1,0.00,0.00,0.00,1.01,1,False
5,236,6,0,0,0,0,0,0,0,0,0,0,0,3,0.0,0.0,0.0,0.0,0,1,0,1,1,0.00,0.00,0.00,0.05,1,False
5,237,90,0,0,0,2,0,0,0,1,0,0,0,8,10.2,10.6,4.0,2.5,1,2,1,4,1,0.00,0.04,0.04,1.84,1,False
5,238,5,0,0,0,0,0,0,0,0,0,0,0,1,0.0,0.0,0.0,0.0,0,2,0,2,1,0.00,0.00,0.00,0.05,1,False
5,239,0,0,0,0,0,0,0,0,0,0,0,0,0,0.0,0.0,0.0,0.0,0,0,0,0,0,0.00,0.00,0.00,0.00,0,False
5,240,0,0,0,0,0,0,0,0,0,0,0,0,0,0.0,0.0,0.0,0.0,0,0,0,0,0,0.00,0.00,0.00,0.00,0,False
5,241,90,0,0,0,2,0,0,0,0,0,0,0,24,19.2,20.2,2.0,4.1,3,7,5,15,1,0.03,0.04,0.07,1.84,4,False
5,242,90,0,0,0,2,0,0,0,1,0,0,0,5,8.4,29.5,13.0,5.1,1,2,2,5,1,0.19,0.07,0.26,0.90,1,False
5,243,26,0,0,0,0,0,0,0,1,0,0,0,-7,0.0,0.8,0.0,0.0,0,0,0,0,0,0.00,0.01,0.01,0.39,0,False
5,244,0,0,0,0,0,0,0,0,0,0,0,0,0,0.0,0.0,0.0,0.0,0,0,0,0,0,0.00,0.00,0.00,0.00,0,False
5,245,0,0,0,0,0,0,0,0,0,0,0,0,0,0.0,0.0,0.0,0.0,0,0,0,0,0,0.00,0.00,0.00,0.00,0,False
5,246,69,0,0,0,1,0,0,0,0,0,0,0,17,8.4,9.6,7.0,2.5,1,7,1,9,0,0.10,0.02,0.12,0.82,2,False
5,247,0,0,0,0,0,0,0,0,0,0,0,0,0,0.0,0.0,0.0,0.0,0,0,0,0,0,0.00,0.00,0.00,0.00,0,False
5,248,0,0,0,0,0,0,0,0,0,0,0,0,0,0.0,0.0,0.0,0.0,0,0,0,0,0,0.00,0.00,0.00,0.00,0,False
5,249,90,0,0,0,2,0,0,0,0,0,0,0,7,8.0,15.0,8.0,3.1,1,1,1,3,1,0.00,0.03,0.03,1.84,2,False
5,250,0,0,0,0,0,0,0,0,0,0,0,0,0,0.0,0.0,0.0,0.0,0,0,0,0,0,0.00,0.00,0.00,0.00,0,False
5,251,0,0,0,0,0,0,0,0,0,0,0,0,0,0.0,0.0,0.0,0.0,0,0,0,0,0,0.00,0.00,0.00,0.00,0,False
5,252,0,0,0,0,0,0,0,0,0,0,0,0,0,0.0,0.0,0.0,0.0,0,0,0,0,0,0.00,0.00,0.00,0.00,0,False
5,253,90,0,0,0,1,0,0,0,1,0,2,0,11,20.0,0.0,0.0,2.0,3,7,0,0,1,0.00,0.03,0.03,0.66,1,False
5,254,0,0,0,0,0,0,0,0,0,0,0,0,0,0.0,0.0,0.0,0.0,0,0,0,0,0,0.00,0.00,0.00,0.00,0,False
5,255,0,0,0,0,0,0,0,0,0,0,0,0,0,0.0,0.0,0.0,0.0,0,0,0,0,0,0.00,0.00,0.00,0.00,0,False
5,256,90,0,0,0,1,0,0,0,0,0,0,0,7,7.2,17.0,19.0,4.3,2,4,1,3,1,0.19,0.12,0.31,0.66,2,False
5,257,90,0,0,0,1,0,0,0,0,0,0,0,7,11.2,0.2,7.0,1.8,4,3,2,6,1,0.20,0.00,0.20,0.66,2,False
5,258,90,1,0,0,1,0,0,0,1,0,0,1,29,50.2,40.5,25.0,11.6,2,6,3,5,1,0.28,0.10,0.38,0.66,8,False
5,259,0,0,0,0,0,0,0,0,0,0,0,0,0,0.0,0.0,0.0,0.0,0,0,0,0,0,0.00,0.00,0.00,0.00,0,False
5,260,90,0,1,0,1,0,0,0,0,0,0,0,25,22.0,1.4,8.0,3.1,5,2,5,10,1,0.20,0.01,0.21,0.66,7,False
5,261,90,0,0,0,1,0,0,0,0,0,0,0,20,32.6,4.0,0.0,3.7,13,1,4,17,1,0.00,0.00,0.00,0.66,4,False
5,262,0,0,0,0,0,0,0,0,0,0,0,0,0,0.0,0.0,0.0,0.0,0,0,0,0,0,0.00,0.00,0.00,0.00,0,False
5,263,0,0,0,0,0,0,0,0,0,0,0,0,0,0.0,0.0,0.0,0.0,0,0,0,0,0,0.00,0.00,0.00,0.00,0,False
5,264,0,0,0,0,0,0,0,0,0,0,0,0,0,0.0,0.0,0.0,0.0,0,0,0,0,0,0.00,0.00,0.00,0.00,0,False
5,265,0,0,0,0,0,0,0,0,0,0,0,0,0,0.0,0.0,0.0,0.0,0,0,0,0,0,0.00,0.00,0.00,0.00,0,False
5,266,45,0,1,0,0,0,0,0,0,0,0,0,16,24.6,16.6,21.0,6.2,1,2,1,4,0,0.14,0.23,0.37,0.34,4,False
5,267,0,0,0,0,0,0,0,0,0,0,0,0,0,0.0,0.0,0.0,0.0,0,0,0,0,0,0.00,0.00,0.00,0.00,0,False
5,268,0,0,0,0,0,0,0,0,0,0,0,0,0,0.0,0.0,0.0,0.0,0,0,0,0,0,0.00,0.00,0.00,0.00,0,False
5,269,0,0,0,0,0,0,0,0,0,0,0,0,0,0.0,0.0,0.0,0.0,0,0,0,0,0,0.00,0.00,0.00,0.00,0,False
5,270,64,0,0,0,1,0,0,0,0,0,0,0,8,10.0,2.8,2.0,1.5,4,2,0,6,1,0.00,0.01,0.01,0.45,2,False
5,271,90,0,0,0,1,0,0,0,0,0,0,0,19,24.4,41.3,13.0,7.9,3,0,4,7,1,0.25,0.22,0.47,0.66,2,False
5,272,25,0,0,0,0,0,0,0,1,0,0,0,5,7.0,10.3,20.0,3.7,3,3,0,6,0,0.08,0.00,0.08,0.22,0,False
5,273,74,0,1,0,1,0,0,0,0,0,0,2,30,11.2,43.0,2.0,5.6,2,2,1,5,1,0.04,0.51,0.55,0.52,7,False
5,274,0,0,0,0,0,0,0,0,0,0,0,0,0,0.0,0.0,0.0,0.0,0,0,0,0,0,0.00,0.00,0.00,0.00,0,False
5,275,0,0,0,0,0,0,0,0,0,0,0,0,0,0.0,0.0,0.0,0.0,0,0,0,0,0,0.00,0.00,0.00,0.00,0,False
5,276,45,0,0,0,1,0,0,0,0,0,0,0,5,0.0,5.2,5.0,1.0,0,4,1,5,0,0.08,0.04,0.12,0.45,1,False
5,277,0,0,0,0,0,0,0,0,0,0,0,0,0,0.0,0.0,0.0,0.0,0,0,0,0,0,0.00,0.00,0.00,0.00,0,False
5,278,0,0,0,0,0,0,0,0,0,0,0,0,0,0.0,0.0,0.0,0.0,0,0,0,0,0,0.00,0.00,0.00,0.00,0,False
5,279,0,0,0,0,0,0,0,0,0,0,0,0,0,0.0,0.0,0.0,0.0,0,0,0,0,0,0.00,0.00,0.00,0.00,0,False
5,280,0,0,0,0,0,0,0,0,0,0,0,0,0,0.0,0.0,0.0,0.0,0,0,0,0,0,0.00,0.00,0.00,0.00,0,False
5,281,0,0,0,0,0,0,0,0,0,0,0,0,0,0.0,0.0,0.0,0.0,0,0,0,0,0,0.00,0.00,0.00,0.00,0,False
5,282,0,0,0,0,0,0,0,0,0,0,0,0,0,0.0,0.0,0.0,0.0,0,0,0,0,0,0.00,0.00,0.00,0.00,0,False
5,283,90,1,0,0,1,0,0,0,0,0,0,0,28,37.2,3.3,40.0,8.1,3,4,0,7,1,0.84,0.00,0.84,0.66,6,False
5,284,15,0,0,0,0,0,0,0,0,0,0,0,3,3.4,10.4,7.0,2.1,1,1,0,2,0,0.04,0.00,0.04,0.15,1,False
5,285,0,0,0,0,0,0,0,0,0,0,0,0,0,0.0,0.0,0.0,0.0,0,0,0,0,0,0.00,0.00,0.00,0.00,0,False
5,286,0,0,0,0,0,0,0,0,0,0,0,0,0,0.0,0.0,0.0,0.0,0,0,0,0,0,0.00,0.00,0.00,0.00,0,False
5,287,90,0,0,0,2,0,0,0,0,0,1,0,3,13.0,0.0,0.0,1.3,1,6,0,0,1,0.00,0.03,0.03,0.90,1,False
5,288,0,0,0,0,0,0,0,0,0,0,0,0,0,0.0,0.0,0.0,0.0,0,0,0,0,0,0.00,0.00,0.00,0.00,0,False
5,289,0,0,0,0,0,0,0,0,0,0,0,0,0,0.0,0.0,0.0,0.0,0,0,0,0,0,0.00,0.00,0.00,0.00,0,False
5,290,0,0,0,0,0,0,0,0,0,0,0,0,0,0.0,0.0,0.0,0.0,0,0,0,0,0,0.00,0.00,0.00,0.00,0,False
5,291,90,0,0,0,2,0,0,0,0,0,0,0,12,34.6,7.8,0.0,4.2,11,2,3,14,1,0.00,0.02,0.02,0.90,3,False
5,292,85,0,0,0,2,0,0,0,0,0,0,0,0,11.8,11.4,4.0,2.7,5,3,1,6,1,0.00,0.17,0.17,0.90,1,False
5,293,90,0,0,0,2,0,0,0,0,0,0,0,0,5.2,5.5,0.0,1.1,1,1,0,1,1,0.00,0.02,0.02,0.90,1,False
5,294,0,0,0,0,0,0,0,0,0,0,0,0,0,0.0,0.0,0.0,0.0,0,0,0,0,0,0.00,0.00,0.00,0.00,0,False
5,295,90,0,0,0,2,0,0,0,0,0,0,0,9,15.4,0.7,2.0,1.8,6,7,1,7,1,0.00,0.01,0.01,0.90,1,False
5,296,0,0,0,0,0,0,0,0,0,0,0,0,0,0.0,0.0,0.0,0.0,0,0,0,0,0,0.00,0.00,0.00,0.00,0,False
5,297,0,0,0,0,0,0,0,0,0,0,0,0,0,0.0,0.0,0.0,0.0,0,0,0,0,0,0.00,0.00,0.00,0.00,0,False
5,298,0,0,0,0,0,0,0,0,0,0,0,0,0,0.0,0.0,0.0,0.0,0,0,0,0,0,0.00,0.00,0.00,0.00,0,False
5,299,85,0,1,0,2,0,0,0,1,0,0,0,25,31.4,26.1,2.0,6.0,1,9,2,12,1,0.00,0.16,0.16,0.90,6,False
5,300,0,0,0,0,0,0,0,0,0,0,0,0,0,0.0,0.0,0.0,0.0,0,0,0,0,0,0.00,0.00,0.00,0.00,0,False
5,301,4,0,0,0,0,0,0,0,0,0,0,0,3,0.0,0.3,0.0,0.0,0,0,0,0,0,0.00,0.00,0.00,0.00,1,False
5,302,90,1,0,0,2,0,0,0,0,0,0,1,35,50.4,6.4,40.0,9.7,3,7,2,12,1,0.26,0.02,0.28,0.90,10,False
5,303,90,0,0,0,2,0,0,0,0,0,0,0,17,16.2,3.2,3.0,2.2,6,7,5,18,1,0.04,0.02,0.06,0.90,4,False
5,304,0,0,0,0,0,0,0,0,0,0,0,0,0,0.0,0.0,0.0,0.0,0,0,0,0,0,0.00,0.00,0.00,0.00,0,False
5,305,0,0,0,0,0,0,0,0,0,0,0,0,0,0.0,0.0,0.0,0.0,0,0,0,0,0,0.00,0.00,0.00,0.00,0,False
5,306,0,0,0,0,0,0,0,0,0,0,0,0,0,0.0,0.0,0.0,0.0,0,0,0,0,0,0.00,0.00,0.00,0.00,0,False
5,307,0,0,0,0,0,0,0,0,0,0,0,0,0,0.0,0.0,0.0,0.0,0,0,0,0,0,0.00,0.00,0.00,0.00,0,False
5,308,0,0,0,0,0,0,0,0,0,0,0,0,0,0.0,0.0,0.0,0.0,0,0,0,0,0,0.00,0.00,0.00,0.00,0,False
5,309,0,0,0,0,0,0,0,0,0,0,0,0,0,0.0,0.0,0.0,0.0,0,0,0,0,0,0.00,0.00,0.00,0.00,0,False
5,310,45,0,0,0,0,0,0,0,0,0,0,0,1,0.4,1.0,0.0,0.1,0,1,0,1,0,0.00,0.00,0.00,0.21,1,False
5,311,45,0,0,0,2,0,0,0,0,0,0,0,1,0.0,0.3,8.0,0.6,0,1,0,1,1,0.20,0.00,0.20,0.69,1,False
5,312,0,0,0,0,0,0,0,0,0,0,0,0,0,0.0,0.0,0.0,0.0,0,0,0,0,0,0.00,0.00,0.00,0.00,0,False
5,313,0,0,0,0,0,0,0,0,0,0,0,0,0,0.0,0.0,0.0,0.0,0,0,0,0,0,0.00,0.00,0.00,0.00,0,False
5,314,90,0,0,0,1,0,0,0,1,0,2,0,9,19.2,0.0,0.0,1.9,1,6,0,0,1,0.00,0.00,0.00,0.60,1,False
5,315,0,0,0,0,0,0,0,0,0,0,0,0,0,0.0,0.0,0.0,0.0,0,0,0,0,0,0.00,0.00,0.00,0.00,0,False
5,316,0,0,0,0,0,0,0,0,0,0,0,0,0,0.0,0.0,0.0,0.0,0,0,0,0,0,0.00,0.00,0.00,0.00,0,False
5,317,90,0,0,0,1,0,0,0,0,0,0,0,15,32.4,0.8,11.0,4.4,13,3,2,15,1,0.22,0.01,0.23,0.60,4,False
5,318,90,0,0,0,1,0,0,0,0,0,0,0,15,29.0,0.8,2.0,3.2,9,4,1,10,1,0.01,0.00,0.01,0.60,4,False
5,319,0,0,0,0,0,0,0,0,0,0,0,0,0,0.0,0.0,0.0,0.0,0,0,0,0,0,0.00,0.00,0.00,0.00,0,False
5,320,0,0,0,0,0,0,0,0,0,0,0,0,0,0.0,0.0,0.0,0.0,0,0,0,0,0,0.00,0.00,0.00,0.00,0,False
5,321,4,0,0,0,0,0,0,0,0,0,0,0,6,5.0,0.0,0.0,0.5,3,0,1,4,0,0.00,0.00,0.00,0.05,1,False
5,322,90,0,0,0,1,0,0,0,0,0,0,0,11,22.8,13.7,0.0,3.7,5,4,3,8,1,0.00,0.02,0.02,0.60,2,False
5,323,0,0,0,0,0,0,0,0,0,0,0,0,0,0.0,0.0,0.0,0.0,0,0,0,0,0,0.00,0.00,0.00,0.00,0,False
5,324,79,1,1,0,1,0,0,0,0,0,0,3,47,59.8,38.3,19.0,11.7,0,5,0,5,1,0.18,0.20,0.38,0.52,13,True
5,325,10,0,0,0,0,0,0,0,0,0,0,0,4,2.2,0.3,0.0,0.3,0,1,1,2,0,0.00,0.00,0.00,0.08,1,False
5,326,0,0,0,0,0,0,0,0,0,0,0,0,0,0.0,0.0,0.0,0.0,0,0,0,0,0,0.00,0.00,0.00,0.00,0,False
5,327,0,0,0,0,0,0,0,0,0,0,0,0,0,0.0,0.0,0.0,0.0,0,0,0,0,0,0.00,0.00,0.00,0.00,0,False
5,328,90,0,1,0,1,0,0,0,0,0,0,0,25,22.6,5.8,27.0,5.5,4,1,4,9,1,0.05,0.01,0.06,0.60,5,False
5,329,85,1,0,0,1,0,0,0,0,0,0,2,35,47.6,40.5,28.0,11.6,1,3,3,7,1,0.26,0.09,0.35,0.55,9,False
5,330,90,0,0,0,1,0,0,0,0,0,0,0,15,12.6,12.5,2.0,2.7,4,5,1,10,1,0.00,0.01,0.01,0.60,2,False
5,331,4,0,0,0,0,0,0,0,0,0,0,0,4,0.4,0.3,0.0,0.1,0,1,0,1,0,0.00,0.00,0.00,0.05,1,False
5,332,85,0,0,0,1,0,0,0,1,0,0,0,6,1.4,29.3,9.0,4.0,2,2,1,5,1,0.09,0.25,0.34,0.55,1,False
5,333,0,0,0,0,0,0,0,0,0,0,0,0,0,0.0,0.0,0.0,0.0,0,0,0,0,0,0.00,0.00,0.00,0.00,0,False
5,334,0,0,0,0,0,0,0,0,0,0,0,0,0,0.0,0.0,0.0,0.0,0,0,0,0,0,0.00,0.00,0.00,0.00,0,False
5,335,66,0,0,0,1,0,0,0,1,0,0,0,3,0.0,3.3,8.0,0.6,0,5,1,6,1,0.09,0.02,0.11,0.43,1,False
5,336,0,0,0,0,0,0,0,0,0,0,0,0,0,0.0,0.0,0.0,0.0,0,0,0,0,0,0.00,0.00,0.00,0.00,0,False
5,337,10,0,0,0,0,0,0,0,0,0,0,0,2,1.2,1.3,0.0,0.3,1,0,0,1,0,0.00,0.00,0.00,0.08,1,False
5,338,79,0,1,0,1,0,0,0,0,0,0,0,13,23.4,20.8,21.0,6.5,4,1,1,6,1,0.12,0.00,0.12,0.52,5,False
5,339,0,0,0,0,0,0,0,0,0,0,0,0,0,0.0,0.0,0.0,0.0,0,0,0,0,0,0.00,0.00,0.00,0.00,0,False
5,340,0,0,0,0,0,0,0,0,0,0,0,0,0,0.0,0.0,0.0,0.0,0,0,0,0,0,0.00,0.00,0.00,0.00,0,False
5,341,90,0,0,0,1,0,0,0,0,0,5,0,23,39.0,0.0,0.0,3.9,2,15,0,0,1,0.00,0.00,0.00,1.78,3,False
5,342,82,0,1,0,1,0,0,0,1,0,0,0,6,10.0,1.3,0.0,1.1,5,5,3,8,1,0.00,0.00,0.00,1.51,4,False
5,343,90,0,0,0,1,0,0,0,0,0,0,0,14,32.8,0.8,0.0,3.4,13,2,1,14,1,0.00,0.00,0.00,1.78,4,False
5,344,0,0,0,0,0,0,0,0,0,0,0,0,0,0.0,0.0,0.0,0.0,0,0,0,0,0,0.00,0.00,0.00,0.00,0,False
5,345,0,0,0,0,0,0,0,0,0,0,0,0,0,0.0,0.0,0.0,0.0,0,0,0,0,0,0.00,0.00,0.00,0.00,0,False
5,346,0,0,0,0,0,0,0,0,0,0,0,0,0,0.0,0.0,0.0,0.0,0,0,0,0,0,0.00,0.00,0.00,0.00,0,False
5,347,90,0,0,0,1,0,0,0,0,0,0,0,11,20.0,6.3,6.0,3.2,10,5,0,10,1,0.00,0.12,0.12,1.78,4,False
5,348,90,0,0,0,1,0,0,0,0,0,0,0,12,20.0,0.6,0.0,2.1,8,2,1,9,1,0.00,0.01,0.01,1.78,2,False
5,349,0,0,0,0,0,0,0,0,0,0,0,0,0,0.0,0.0,0.0,0.0,0,0,0,0,0,0.00,0.00,0.00,0.00,0,False
5,350,90,0,0,0,1,0,0,0,0,0,0,0,9,3.4,5.7,1.0,1.0,2,7,1,10,1,0.05,0.19,0.24,1.77,2,False
5,351,0,0,0,0,0,0,0,0,0,0,0,0,0,0.0,0.0,0.0,0.0,0,0,0,0,0,0.00,0.00,0.00,0.00,0,False
5,352,20,0,0,0,0,0,0,0,0,0,0,0,4,0.6,1.5,0.0,0.2,0,3,0,3,0,0.00,0.00,0.00,0.50,1,False
5,353,0,0,0,0,0,0,0,0,0,0,0,0,0,0.0,0.0,0.0,0.0,0,0,0,0,0,0.00,0.00,0.00,0.00,0,False
5,354,90,0,0,0,1,0,0,0,0,0,0,0,18,17.2,6.1,1.0,2.4,5,6,4,15,1,0.02,0.01,0.03,1.78,4,False
5,355,0,0,0,0,0,0,0,0,0,0,0,0,0,0.0,0.0,0.0,0.0,0,0,0,0,0,0.00,0.00,0.00,0.00,0,False
5,356,1,0,0,0,0,0,0,0,0,0,0,0,3,0.2,0.1,0.0,0.0,0,0,0,0,0,0.00,0.00,0.00,0.02,1,False
5,357,0,0,0,0,0,0,0,0,0,0,0,0,0,0.0,0.0,0.0,0.0,0,0,0,0,0,0.00,0.00,0.00,0.00,0,False
5,358,7,0,0,0,0,0,0,0,0,0,0,0,4,2.0,0.0,0.0,0.2,2,0,0,2,0,0.00,0.00,0.00,0.28,1,False
5,359,0,0,0,0,0,0,0,0,0,0,0,0,0,0.0,0.0,0.0,0.0,0,0,0,0,0,0.00,0.00,0.00,0.00,0,False
5,360,0,0,0,0,0,0,0,0,0,0,0,0,0,0.0,0.0,0.0,0.0,0,0,0,0,0,0.00,0.00,0.00,0.00,0,False
5,361,0,0,0,0,0,0,0,0,0,0,0,0,0,0.0,0.0,0.0,0.0,0,0,0,0,0,0.00,0.00,0.00,0.00,0,False
5,362,0,0,0,0,0,0,0,0,0,0,0,0,0,0.0,0.0,0.0,0.0,0,0,0,0,0,0.00,0.00,0.00,0.00,0,False
5,363,0,0,0,0,0,0,0,0,0,0,0,0,0,0.0,0.0,0.0,0.0,0,0,0,0,0,0.00,0.00,0.00,0.00,0,False
5,364,0,0,0,0,0,0,0,0,0,0,0,0,0,0.0,0.0,0.0,0.0,0,0,0,0,0,0.00,0.00,0.00,0.00,0,False
5,365,1,0,0,0,0,0,0,0,0,0,0,0,3,1.0,0.0,0.0,0.1,1,0,0,1,0,0.00,0.00,0.00,0.02,1,False
5,366,90,0,0,0,1,0,0,0,0,0,1,0,11,11.8,0.0,0.0,1.2,3,10,0,0,1,0.00,0.00,0.00,0.70,2,False
5,367,0,0,0,0,0,0,0,0,0,0,0,0,0,0.0,0.0,0.0,0.0,0,0,0,0,0,0.00,0.00,0.00,0.00,0,False
5,368,0,0,0,0,0,0,0,0,0,0,0,0,0,0.0,0.0,0.0,0.0,0,0,0,0,0,0.00,0.00,0.00,0.00,0,False
5,369,0,0,0,0,0,0,0,0,0,0,0,0,0,0.0,0.0,0.0,0.0,0,0,0,0,0,0.00,0.00,0.00,0.00,0,False
5,370,0,0,0,0,0,0,0,0,0,0,0,0,0,0.0,0.0,0.0,0.0,0,0,0,0,0,0.00,0.00,0.00,0.00,0,False
5,371,90,0,0,0,1,0,0,0,0,0,0,0,15,24.2,17.4,2.0,4.4,8,1,2,10,1,0.00,0.04,0.04,0.70,4,False
5,372,0,0,0,0,0,0,0,0,0,0,0,0,0,0.0,0.0,0.0,0.0,0,0,0,0,0,0.00,0.00,0.00,0.00,0,False
5,373,90,0,0,0,1,0,0,0,0,0,0,0,14,22.6,1.2,2.0,2.6,10,3,0,10,1,0.00,0.01,0.01,0.70,4,False
5,374,90,0,0,0,1,0,0,0,0,0,0,0,9,27.4,0.7,5.0,3.3,9,2,2,11,1,0.04,0.00,0.04,0.70,4,False
5,375,90,0,0,0,1,0,0,0,0,0,0,0,6,5.4,3.7,5.0,1.4,4,1,1,5,1,0.04,0.04,0.08,0.70,2,False
5,376,0,0,0,0,0,0,0,0,0,0,0,0,0,0.0,0.0,0.0,0.0,0,0,0,0,0,0.00,0.00,0.00,0.00,0,False
5,377,0,0,0,0,0,0,0,0,0,0,0,0,0,0.0,0.0,0.0,0.0,0,0,0,0,0,0.00,0.00,0.00,0.00,0,False
5,378,0,0,0,0,0,0,0,0,0,0,0,0,0,0.0,0.0,0.0,0.0,0,0,0,0,0,0.00,0.00,0.00,0.00,0,False
5,379,0,0,0,0,0,0,0,0,0,0,0,0,0,0.0,0.0,0.0,0.0,0,0,0,0,0,0.00,0.00,0.00,0.00,0,False
5,380,0,0,0,0,0,0,0,0,0,0,0,0,0,0.0,0.0,0.0,0.0,0,0,0,0,0,0.00,0.00,0.00,0.00,0,False
5,381,90,0,1,0,1,0,0,0,0,0,0,0,14,21.6,16.7,27.0,6.5,2,2,0,4,1,0.12,0.19,0.31,0.70,5,False
5,382,29,0,0,0,0,0,0,0,1,0,0,0,-2,1.4,11.3,4.0,1.7,0,0,0,0,0,0.00,0.03,0.03,0.04,0,False
5,383,0,0,0,0,0,0,0,0,0,0,0,0,0,0.0,0.0,0.0,0.0,0,0,0,0,0,0.00,0.00,0.00,0.00,0,False
5,384,60,0,0,0,1,0,0,0,0,0,0,0,10,9.2,25.8,10.0,4.5,4,2,1,7,1,0.08,0.10,0.18,0.66,2,False
5,385,0,0,0,0,0,0,0,0,0,0,0,0,0,0.0,0.0,0.0,0.0,0,0,0,0,0,0.00,0.00,0.00,0.00,0,False
5,386,60,0,0,0,1,0,0,0,0,0,0,0,13,4.6,3.8,5.0,1.3,1,5,1,7,1,0.10,0.05,0.15,0.66,2,False
5,387,90,0,0,0,1,0,0,0,1,0,0,0,10,11.4,22.4,14.0,4.8,2,7,1,10,1,0.07,0.03,0.10,0.70,1,False
5,388,29,0,0,0,0,0,0,0,0,0,0,0,9,9.2,4.7,0.0,1.4,2,3,2,7,0,0.00,0.04,0.04,0.04,1,False
5,389,32,0,0,0,1,0,0,0,0,0,0,0,3,2.2,8.8,11.0,2.2,0,1,0,1,0,0.17,0.05,0.22,0.68,1,False
5,390,90,1,1,0,1,0,0,0,0,0,0,3,48,67.4,18.5,17.0,10.3,2,7,5,14,1,0.13,0.19,0.32,0.70,15,True
5,391,0,0,0,0,0,0,0,0,0,0,0,0,0,0.0,0.0,0.0,0.0,0,0,0,0,0,0.00,0.00,0.00,0.00,0,False
5,392,0,0,0,0,0,0,0,0,0,0,0,0,0,0.0,0.0,0.0,0.0,0,0,0,0,0,0.00,0.00,0.00,0.00,0,False
5,393,0,0,0,0,0,0,0,0,0,0,0,0,0,0.0,0.0,0.0,0.0,0,0,0,0,0,0.00,0.00,0.00,0.00,0,False
5,394,0,0,0,0,0,0,0,0,0,0,0,0,0,0.0,0.0,0.0,0.0,0,0,0,0,0,0.00,0.00,0.00,0.00,0,False
5,395,0,0,0,0,0,0,0,0,0,0,0,0,0,0.0,0.0,0.0,0.0,0,0,0,0,0,0.00,0.00,0.00,0.00,0,False
5,396,0,0,0,0,0,0,0,0,0,0,0,0,0,0.0,0.0,0.0,0.0,0,0,0,0,0,0.00,0.00,0.00,0.00,0,False
5,397,0,0,0,0,0,0,0,0,0,0,0,0,0,0.0,0.0,0.0,0.0,0,0,0,0,0,0.00,0.00,0.00,0.00,0,False
5,398,0,0,0,0,0,0,0,0,0,0,0,0,0,0.0,0.0,0.0,0.0,0,0,0,0,0,0.00,0.00,0.00,0.00,0,False
5,399,0,0,0,0,0,0,0,0,0,0,0,0,0,0.0,0.0,0.0,0.0,0,0,0,0,0,0.00,0.00,0.00,0.00,0,False
5,400,0,0,0,0,0,0,0,0,0,0,0,0,0,0.0,0.0,0.0,0.0,0,0,0,0,0,0.00,0.00,0.00,0.00,0,False
5,401,0,0,0,0,0,0,0,0,0,0,0,0,0,0.0,0.0,0.0,0.0,0,0,0,0,0,0.00,0.00,0.00,0.00,0,False
5,402,0,0,0,0,0,0,0,0,0,0,0,0,0,0.0,0.0,0.0,0.0,0,0,0,0,0,0.00,0.00,0.00,0.00,0,False
5,403,90,0,0,0,1,0,0,0,0,0,0,0,16,30.0,0.3,0.0,3.0,12,6,2,14,1,0.00,0.00,0.00,0.96,4,False
5,404,0,0,0,0,0,0,0,0,0,0,0,0,0,0.0,0.0,0.0,0.0,0,0,0,0,0,0.00,0.00,0.00,0.00,0,False
5,405,22,0,0,0,1,0,0,0,0,0,0,0,1,3.0,0.5,0.0,0.4,2,0,0,2,0,0.00,0.03,0.03,0.23,1,False
5,406,45,0,0,0,0,0,0,0,0,0,0,0,4,4.8,0.8,0.0,0.6,3,3,0,3,1,0.00,0.00,0.00,0.35,1,False
5,407,45,0,0,0,1,0,0,0,0,0,0,0,5,11.6,0.8,0.0,1.2,6,2,1,7,0,0.00,0.00,0.00,0.61,1,False
5,408,90,0,0,0,1,0,0,0,0,0,0,0,5,9.0,0.7,0.0,1.0,6,1,0,6,1,0.00,0.00,0.00,0.96,2,False
5,409,3,0,0,0,1,0,0,0,0,0,0,0,-1,0.0,0.0,2.0,0.2,0,0,0,0,0,0.00,0.00,0.00,0.16,1,False
5,410,0,0,0,0,0,0,0,0,0,0,0,0,0,0.0,0.0,0.0,0.0,0,0,0,0,0,0.00,0.00,0.00,0.00,0,False
5,411,86,0,0,1,0,0,0,0,0,0,0,0,19,15.4,0.7,0.0,1.6,7,2,2,9,1,0.00,0.00,0.00,0.80,6,False
5,412,0,0,0,0,0,0,0,0,0,0,0,0,0,0.0,0.0,0.0,0.0,0,0,0,0,0,0.00,0.00,0.00,0.00,0,False
5,413,0,0,0,0,0,0,0,0,0,0,0,0,0,0.0,0.0,0.0,0.0,0,0,0,0,0,0.00,0.00,0.00,0.00,0,False
5,414,67,0,0,1,0,0,0,0,0,0,0,0,10,6.0,1.8,0.0,0.8,4,2,2,8,1,0.00,0.01,0.01,0.72,3,False
5,415,3,0,0,0,1,0,0,0,0,0,0,0,1,0.0,0.8,0.0,0.0,0,1,0,1,0,0.00,0.00,0.00,0.16,1,False
5,416,90,0,0,0,1,0,0,0,1,0,0,0,10,13.8,12.3,2.0,2.8,4,6,1,11,1,0.00,0.02,0.02,0.96,1,False
5,417,0,0,0,0,0,0,0,0,0,0,0,0,0,0.0,0.0,0.0,0.0,0,0,0,0,0,0.00,0.00,0.00,0.00,0,False
5,418,86,0,0,1,0,0,0,0,0,0,0,0,12,14.6,21.9,11.0,4.8,0,5,4,9,1,0.25,0.02,0.27,0.80,3,False
5,419,90,0,0,0,2,0,0,0,1,0,0,0,16,19.4,41.6,14.0,7.5,3,3,2,8,1,0.01,0.10,0.11,0.90,1,False
5,420,0,0,0,0,0,0,0,0,0,0,0,0,0,0.0,0.0,0.0,0.0,0,0,0,0,0,0.00,0.00,0.00,0.00,0,False
5,421,90,0,0,0,1,0,0,0,0,0,0,0,19,22.6,5.2,1.0,2.9,11,3,2,16,1,0.06,0.01,0.07,0.96,4,False
5,422,0,0,0,0,0,0,0,0,0,0,0,0,0,0.0,0.0,0.0,0.0,0,0,0,0,0,0.00,0.00,0.00,0.00,0,False
5,423,14,0,0,0,1,0,0,0,0,0,0,0,2,1.8,0.5,0.0,0.2,1,1,0,2,0,0.00,0.00,0.00,0.18,1,False
5,424,0,0,0,0,0,0,0,0,0,0,0,0,0,0.0,0.0,0.0,0.0,0,0,0,0,0,0.00,0.00,0.00,0.00,0,False
5,425,0,0,0,0,0,0,0,0,0,0,0,0,0,0.0,0.0,0.0,0.0,0,0,0,0,0,0.00,0.00,0.00,0.00,0,False
5,426,0,0,0,0,0,0,0,0,0,0,0,0,0,0.0,0.0,0.0,0.0,0,0,0,0,0,0.00,0.00,0.00,0.00,0,False
5,427,90,0,1,0,1,0,0,0,0,0,0,2,26,31.2,21.8,17.0,7.0,5,7,0,12,1,0.06,0.04,0.10,0.96,9,False
5,428,0,0,0,0,0,0,0,0,0,0,0,0,0,0.0,0.0,0.0,0.0,0,0,0,0,0,0.00,0.00,0.00,0.00,0,False
5,429,0,0,0,0,0,0,0,0,0,0,0,0,0,0.0,0.0,0.0,0.0,0,0,0,0,0,0.00,0.00,0.00,0.00,0,False
5,430,75,1,0,1,0,0,0,0,0,0,0,3,32,35.4,2.1,34.0,7.2,2,3,0,5,1,0.52,0.01,0.53,0.77,9,False
5,431,90,0,0,0,1,0,0,0,0,0,0,0,4,3.8,0.0,0.0,0.4,3,2,0,0,1,0.00,0.00,0.00,0.43,2,False
5,432,0,0,0,0,0,0,0,0,0,0,0,0,0,0.0,0.0,0.0,0.0,0,0,0,0,0,0.00,0.00,0.00,0.00,0,False
5,433,0,0,0,0,0,0,0,0,0,0,0,0,0,0.0,0.0,0.0,0.0,0,0,0,0,0,0.00,0.00,0.00,0.00,0,False
5,434,0,0,0,0,0,0,0,0,0,0,0,0,0,0.0,0.0,0.0,0.0,0,0,0,0,0,0.00,0.00,0.00,0.00,0,False
5,435,0,0,0,0,0,0,0,0,0,0,0,0,0,0.0,0.0,0.0,0.0,0,0,0,0,0,0.00,0.00,0.00,0.00,0,False
5,436,90,0,0,0,1,0,0,0,0,0,0,0,20,27.0,23.3,0.0,5.0,7,4,2,9,1,0.00,0.38,0.38,0.43,2,False
5,437,0,0,0,0,0,0,0,0,0,0,0,0,0,0.0,0.0,0.0,0.0,0,0,0,0,0,0.00,0.00,0.00,0.00,0,False
5,438,64,0,0,1,0,0,0,0,0,0,0,1,28,18.0,11.2,0.0,2.9,1,6,4,5,1,0.00,0.10,0.10,0.13,7,False
5,439,0,0,0,0,0,0,0,0,0,0,0,0,0,0.0,0.0,0.0,0.0,0,0,0,0,0,0.00,0.00,0.00,0.00,0,False
5,440,0,0,0,0,0,0,0,0,0,0,0,0,0,0.0,0.0,0.0,0.0,0,0,0,0,0,0.00,0.00,0.00,0.00,0,False
5,441,90,0,1,0,1,0,0,0,0,0,0,0,22,36.0,26.8,10.0,7.3,3,4,4,7,1,0.00,0.39,0.39,0.43,5,False
5,442,69,0,1,1,0,0,0,0,0,0,0,2,34,19.2,10.8,6.0,3.6,2,2,1,3,1,0.11,0.01,0.12,0.13,11,True
5,443,90,0,0,0,1,0,0,0,0,0,0,0,12,14.2,2.2,5.0,2.1,5,6,3,8,1,0.08,0.01,0.09,0.43,2,False
5,444,20,0,0,0,1,0,0,0,0,0,0,0,-2,0.0,0.0,0.0,0.0,0,2,0,0,0,0.00,0.00,0.00,0.30,1,False
5,445,0,0,0,0,0,0,0,0,0,0,0,0,0,0.0,0.0,0.0,0.0,0,0,0,0,0,0.00,0.00,0.00,0.00,0,False
5,446,0,0,0,0,0,0,0,0,0,0,0,0,0,0.0,0.0,0.0,0.0,0,0,0,0,0,0.00,0.00,0.00,0.00,0,False
5,447,0,0,0,0,0,0,0,0,0,0,0,0,0,0.0,0.0,0.0,0.0,0,0,0,0,0,0.00,0.00,0.00,0.00,0,False
5,448,0,0,0,0,0,0,0,0,0,0,0,0,0,0.0,0.0,0.0,0.0,0,0,0,0,0,0.00,0.00,0.00,0.00,0,False
5,449,86,1,0,0,1,0,0,0,0,0,0,3,36,42.8,17.8,46.0,10.7,0,6,2,8,1,0.82,0.08,0.90,0.32,10,True
5,450,26,0,0,0,1,0,0,0,0,0,0,0,7,4.2,4.3,2.0,1.1,1,3,0,4,0,0.00,0.03,0.03,0.30,1,False
5,451,0,0,0,0,0,0,0,0,0,0,0,0,0,0.0,0.0,0.0,0.0,0,0,0,0,0,0.00,0.00,0.00,0.00,0,False
5,452,90,0,0,0,1,0,0,0,0,0,0,0,8,9.2,7.9,12.0,2.9,3,6,2,11,1,0.38,0.05,0.43,0.43,2,False
5,453,0,0,0,0,0,0,0,0,0,0,0,0,0,0.0,0.0,0.0,0.0,0,0,0,0,0,0.00,0.00,0.00,0.00,0,False
5,454,0,0,0,0,0,0,0,0,0,0,0,0,0,0.0,0.0,0.0,0.0,0,0,0,0,0,0.00,0.00,0.00,0.00,0,False
5,455,21,0,0,0,1,0,0,0,0,0,0,0,3,0.6,0.1,0.0,0.1,0,1,0,1,0,0.00,0.00,0.00,0.30,1,False
5,456,8,0,0,0,0,0,0,0,0,0,0,0,2,0.8,2.8,7.0,1.1,0,0,0,0,0,0.02,0.04,0.06,0.00,1,False
5,457,49,1,0,0,1,0,0,0,0,1,0,0,16,29.8,12.3,35.0,7.7,0,3,0,3,1,0.35,0.01,0.36,0.03,3,False
5,458,3,0,0,0,0,0,0,0,0,0,0,0,3,1.0,0.3,0.0,0.1,1,0,0,1,0,0.00,0.00,0.00,0.10,1,False
5,459,45,0,0,0,1,0,0,0,0,0,0,0,8,12.0,0.5,0.0,1.3,3,1,3,7,0,0.00,0.00,0.00,0.34,1,False
5,460,0,0,0,0,0,0,0,0,0,0,0,0,0,0.0,0.0,0.0,0.0,0,0,0,0,0,0.00,0.00,0.00,0.00,0,False
5,461,0,0,0,0,0,0,0,0,0,0,0,0,0,0.0,0.0,0.0,0.0,0,0,0,0,0,0.00,0.00,0.00,0.00,0,False
5,462,0,0,0,0,0,0,0,0,0,0,0,0,0,0.0,0.0,0.0,0.0,0,0,0,0,0,0.00,0.00,0.00,0.00,0,False
5,463,0,0,0,0,0,0,0,0,0,0,0,0,0,0.0,0.0,0.0,0.0,0,0,0,0,0,0.00,0.00,0.00,0.00,0,False
5,464,0,0,0,0,0,0,0,0,0,0,0,0,0,0.0,0.0,0.0,0.0,0,0,0,0,0,0.00,0.00,0.00,0.00,0,False
5,465,0,0,0,0,0,0,0,0,0,0,0,0,0,0.0,0.0,0.0,0.0,0,0,0,0,0,0.00,0.00,0.00,0.00,0,False
5,466,0,0,0,0,0,0,0,0,0,0,0,0,0,0.0,0.0,0.0,0.0,0,0,0,0,0,0.00,0.00,0.00,0.00,0,False
5,467,0,0,0,0,0,0,0,0,0,0,0,0,0,0.0,0.0,0.0,0.0,0,0,0,0,0,0.00,0.00,0.00,0.00,0,False
5,468,0,0,0,0,0,0,0,0,0,0,0,0,0,0.0,0.0,0.0,0.0,0,0,0,0,0,0.00,0.00,0.00,0.00,0,False
5,469,90,0,0,1,0,0,0,0,0,0,2,0,26,14.8,0.0,0.0,1.5,1,11,0,0,1,0.00,0.00,0.00,0.56,6,True
5,470,90,0,0,0,1,0,0,0,0,0,7,0,24,49.6,0.0,0.0,5.0,1,11,0,0,1,0.00,0.00,0.00,1.10,4,False
5,471,0,0,0,0,0,0,0,0,0,0,0,0,0,0.0,0.0,0.0,0.0,0,0,0,0,0,0.00,0.00,0.00,0.00,0,False
5,472,0,0,0,0,0,0,0,0,0,0,0,0,0,0.0,0.0,0.0,0.0,0,0,0,0,0,0.00,0.00,0.00,0.00,0,False
5,473,90,0,0,1,0,0,0,0,0,0,0,1,27,18.4,2.6,4.0,2.5,1,7,4,5,1,0.00,0.05,0.05,0.56,7,False
5,474,0,0,0,0,0,0,0,0,0,0,0,0,0,0.0,0.0,0.0,0.0,0,0,0,0,0,0.00,0.00,0.00,0.00,0,False
5,475,90,0,0,1,0,0,0,0,0,0,0,2,28,24.8,0.3,0.0,2.5,9,7,0,9,1,0.00,0.00,0.00,0.56,8,False
5,476,90,0,0,1,0,0,0,0,0,0,0,1,27,33.0,1.2,2.0,3.6,13,5,2,15,1,0.00,0.03,0.03,0.56,9,False
5,477,90,0,0,1,0,0,0,0,0,0,0,0,26,12.6,4.8,2.0,1.9,3,3,2,5,1,0.00,0.02,0.02,0.56,6,False
5,478,0,0,0,0,0,0,0,0,0,0,0,0,0,0.0,0.0,0.0,0.0,0,0,0,0,0,0.00,0.00,0.00,0.00,0,False
5,479,0,0,0,0,0,0,0,0,0,0,0,0,0,0.0,0.0,0.0,0.0,0,0,0,0,0,0.00,0.00,0.00,0.00,0,False
5,480,6,0,0,0,0,0,0,0,0,0,0,0,4,3.0,0.0,0.0,0.3,2,0,0,2,0,0.00,0.00,0.00,0.13,1,False
5,481,0,0,0,0,0,0,0,0,0,0,0,0,0,0.0,0.0,0.0,0.0,0,0,0,0,0,0.00,0.00,0.00,0.00,0,False
5,482,0,0,0,0,0,0,0,0,0,0,0,0,0,0.0,0.0,0.0,0.0,0,0,0,0,0,0.00,0.00,0.00,0.00,0,False
5,483,0,0,0,0,0,0,0,0,0,0,0,0,0,0.0,0.0,0.0,0.0,0,0,0,0,0,0.00,0.00,0.00,0.00,0,False
5,484,0,0,0,0,0,0,0,0,0,0,0,0,0,0.0,0.0,0.0,0.0,0,0,0,0,0,0.00,0.00,0.00,0.00,0,False
5,485,0,0,0,0,0,0,0,0,0,0,0,0,0,0.0,0.0,0.0,0.0,0,0,0,0,0,0.00,0.00,0.00,0.00,0,False
5,486,28,0,0,0,0,0,0,0,0,0,0,0,5,3.4,0.7,2.0,0.6,2,1,0,3,0,0.00,0.00,0.00,0.13,1,False
5,487,28,0,0,0,0,0,0,0,0,0,0,0,1,0.0,0.8,4.0,0.3,0,2,0,2,0,0.00,0.00,0.00,0.13,1,False
5,488,0,0,0,0,0,0,0,0,0,0,0,0,0,0.0,0.0,0.0,0.0,0,0,0,0,0,0.00,0.00,0.00,0.00,0,False
5,489,61,0,0,1,0,0,0,0,0,0,0,0,8,6.4,6.8,24.0,3.7,1,1,0,2,1,0.08,0.05,0.13,0.43,3,False
5,490,0,0,0,0,0,0,0,0,0,0,0,0,0,0.0,0.0,0.0,0.0,0,0,0,0,0,0.00,0.00,0.00,0.00,0,False
5,491,90,0,0,1,0,0,0,0,0,0,0,0,19,17.2,32.6,5.0,5.5,0,5,3,8,1,0.06,0.17,0.23,0.56,3,False
5,492,0,0,0,0,0,0,0,0,0,0,0,0,0,0.0,0.0,0.0,0.0,0,0,0,0,0,0.00,0.00,0.00,0.00,0,False
5,493,82,0,0,0,1,0,0,0,0,0,0,0,16,21.2,3.8,7.0,3.2,2,3,6,11,1,0.07,0.00,0.07,1.51,2,False
5,494,61,0,0,1,0,0,0,0,0,0,0,0,15,10.6,1.9,2.0,1.5,1,4,4,9,1,0.00,0.01,0.01,0.43,3,False
5,495,0,0,0,0,0,0,0,0,0,0,0,0,0,0.0,0.0,0.0,0.0,0,0,0,0,0,0.00,0.00,0.00,0.00,0,False
5,496,0,0,0,0,0,0,0,0,0,0,0,0,0,0.0,0.0,0.0,0.0,0,0,0,0,0,0.00,0.00,0.00,0.00,0,False
5,497,90,0,0,1,0,0,0,0,0,0,0,0,14,12.2,13.4,2.0,2.8,2,5,2,9,1,0.00,0.02,0.02,0.56,3,False
5,498,0,0,0,0,0,0,0,0,0,0,0,0,0,0.0,0.0,0.0,0.0,0,0,0,0,0,0.00,0.00,0.00,0.00,0,False
5,499,23,0,0,0,0,0,0,0,0,0,0,0,5,2.4,0.3,4.0,0.7,0,2,1,3,0,0.00,0.01,0.01,0.04,1,False
5,500,6,0,0,0,0,0,0,0,0,0,0,0,3,0.0,0.0,0.0,0.0,0,0,0,0,0,0.00,0.00,0.00,0.13,1,False
5,501,0,0,0,0,0,0,0,0,0,0,0,0,0,0.0,0.0,0.0,0.0,0,0,0,0,0,0.00,0.00,0.00,0.00,0,False
5,502,90,0,0,0,1,0,0,0,0,0,4,0,14,29.4,0.0,0.0,2.9,2,3,0,0,1,0.00,0.00,0.00,0.85,3,False
5,503,0,0,0,0,0,0,0,0,0,0,0,0,0,0.0,0.0,0.0,0.0,0,0,0,0,0,0.00,0.00,0.00,0.00,0,False
5,504,0,0,0,0,0,0,0,0,0,0,0,0,0,0.0,0.0,0.0,0.0,0,0,0,0,0,0.00,0.00,0.00,0.00,0,False
5,505,90,0,0,0,1,0,0,0,0,0,0,0,16,18.4,13.3,0.0,3.2,8,2,0,8,1,0.00,0.11,0.11,0.85,2,False
5,506,0,0,0,0,0,0,0,0,0,0,0,0,0,0.0,0.0,0.0,0.0,0,0,0,0,0,0.00,0.00,0.00,0.00,0,False
5,507,0,0,0,0,0,0,0,0,0,0,0,0,0,0.0,0.0,0.0,0.0,0,0,0,0,0,0.00,0.00,0.00,0.00,0,False
5,508,90,1,0,0,1,0,0,0,0,0,0,2,28,49.4,8.3,37.0,9.5,5,4,2,7,1,0.15,0.01,0.16,0.85,10,True
5,509,0,0,0,0,0,0,0,0,0,0,0,0,0,0.0,0.0,0.0,0.0,0,0,0,0,0,0.00,0.00,0.00,0.00,0,False
5,510,0,0,0,0,0,0,0,0,0,0,0,0,0,0.0,0.0,0.0,0.0,0,0,0,0,0,0.00,0.00,0.00,0.00,0,False
5,511,90,0,0,0,1,0,0,0,1,0,0,0,6,16.0,1.9,0.0,1.8,4,5,3,7,1,0.00,0.01,0.01,0.85,1,False
5,512,0,0,0,0,0,0,0,0,0,0,0,0,0,0.0,0.0,0.0,0.0,0,0,0,0,0,0.00,0.00,0.00,0.00,0,False
5,513,0,0,0,0,0,0,0,0,0,0,0,0,0,0.0,0.0,0.0,0.0,0,0,0,0,0,0.00,0.00,0.00,0.00,0,False
5,514,0,0,0,0,0,0,0,0,0,0,0,0,0,0.0,0.0,0.0,0.0,0,0,0,0,0,0.00,0.00,0.00,0.00,0,False
5,515,90,0,0,0,1,0,0,0,0,0,0,0,16,15.0,28.7,25.0,6.9,3,3,0,6,1,0.08,0.05,0.13,0.85,2,False
5,516,31,0,0,0,0,0,0,0,0,0,0,0,2,3.8,23.5,2.0,2.9,0,0,0,0,0,0.01,0.03,0.04,0.34,1,False
5,517,90,0,0,0,1,0,0,0,0,0,0,0,24,28.0,36.5,9.0,7.4,5,9,1,15,1,0.04,0.25,0.29,0.85,4,False
5,518,0,0,0,0,0,0,0,0,0,0,0,0,0,0.0,0.0,0.0,0.0,0,0,0,0,0,0.00,0.00,0.00,0.00,0,False
5,519,0,0,0,0,0,0,0,0,0,0,0,0,0,0.0,0.0,0.0,0.0,0,0,0,0,0,0.00,0.00,0.00,0.00,0,False
5,520,0,0,0,0,0,0,0,0,0,0,0,0,0,0.0,0.0,0.0,0.0,0,0,0,0,0,0.00,0.00,0.00,0.00,0,False
5,521,14,0,0,0,0,0,0,0,0,0,0,0,2,7.0,1.7,0.0,0.9,1,1,0,2,0,0.00,0.01,0.01,0.17,1,False
5,522,0,0,0,0,0,0,0,0,0,0,0,0,0,0.0,0.0,0.0,0.0,0,0,0,0,0,0.00,0.00,0.00,0.00,0,False
5,523,0,0,0,0,0,0,0,0,0,0,0,0,0,0.0,0.0,0.0,0.0,0,0,0,0,0,0.00,0.00,0.00,0.00,0,False
5,524,0,0,0,0,0,0,0,0,0,0,0,0,0,0.0,0.0,0.0,0.0,0,0,0,0,0,0.00,0.00,0.00,0.00,0,False
5,525,74,0,0,0,1,0,0,0,0,0,0,0,7,5.0,17.5,24.0,4.7,2,2,0,4,1,0.41,0.00,0.41,0.68,2,False
5,526,15,0,0,0,0,0,0,0,0,0,0,0,6,5.2,10.6,17.0,3.3,0,0,0,0,0,0.04,0.03,0.07,0.17,1,False
5,527,0,0,0,0,0,0,0,0,0,0,0,0,0,0.0,0.0,0.0,0.0,0,0,0,0,0,0.00,0.00,0.00,0.00,0,False
5,528,0,0,0,0,0,0,0,0,0,0,0,0,0,0.0,0.0,0.0,0.0,0,0,0,0,0,0.00,0.00,0.00,0.00,0,False
5,529,0,0,0,0,0,0,0,0,0,0,0,0,0,0.0,0.0,0.0,0.0,0,0,0,0,0,0.00,0.00,0.00,0.00,0,False
5,530,0,0,0,0,0,0,0,0,0,0,0,0,0,0.0,0.0,0.0,0.0,0,0,0,0,0,0.00,0.00,0.00,0.00,0,False
5,531,53,0,0,0,1,0,0,0,0,0,0,0,2,12.6,10.1,1.0,2.4,5,0,1,6,0,0.01,0.00,0.01,0.46,1,False
5,532,90,0,0,0,1,0,0,0,0,0,0,0,13,19.4,14.3,2.0,3.6,7,2,3,10,1,0.00,0.04,0.04,0.71,4,False
5,533,0,0,0,0,0,0,0,0,0,0,0,0,0,0.0,0.0,0.0,0.0,0,0,0,0,0,0.00,0.00,0.00,0.00,0,False
5,534,0,0,0,0,0,0,0,0,0,0,0,0,0,0.0,0.0,0.0,0.0,0,0,0,0,0,0.00,0.00,0.00,0.00,0,False
5,535,0,0,0,0,0,0,0,0,0,0,0,0,0,0.0,0.0,0.0,0.0,0,0,0,0,0,0.00,0.00,0.00,0.00,0,False
5,536,0,0,0,0,0,0,0,0,0,0,0,0,0,0.0,0.0,0.0,0.0,0,0,0,0,0,0.00,0.00,0.00,0.00,0,False
5,537,0,0,0,0,0,0,0,0,0,0,0,0,0,0.0,0.0,0.0,0.0,0,0,0,0,0,0.00,0.00,0.00,0.00,0,False
5,538,0,0,0,0,0,0,0,0,0,0,0,0,0,0.0,0.0,0.0,0.0,0,0,0,0,0,0.00,0.00,0.00,0.00,0,False
5,539,0,0,0,0,0,0,0,0,0,0,0,0,0,0.0,0.0,0.0,0.0,0,0,0,0,0,0.00,0.00,0.00,0.00,0,False
5,540,0,0,0,0,0,0,0,0,0,0,0,0,0,0.0,0.0,0.0,0.0,0,0,0,0,0,0.00,0.00,0.00,0.00,0,False
5,541,32,0,0,0,1,0,0,0,0,1,0,0,-12,0.0,0.4,0.0,0.0,1,0,0,1,1,0.00,0.00,0.00,0.25,-2,False
5,542,0,0,0,0,0,0,0,0,0,0,0,0,0,0.0,0.0,0.0,0.0,0,0,0,0,0,0.00,0.00,0.00,0.00,0,False
5,543,0,0,0,0,0,0,0,0,0,0,0,0,0,0.0,0.0,0.0,0.0,0,0,0,0,0,0.00,0.00,0.00,0.00,0,False
5,544,0,0,0,0,0,0,0,0,0,0,0,0,0,0.0,0.0,0.0,0.0,0,0,0,0,0,0.00,0.00,0.00,0.00,0,False
5,545,0,0,0,0,0,0,0,0,0,0,0,0,0,0.0,0.0,0.0,0.0,0,0,0,0,0,0.00,0.00,0.00,0.00,0,False
5,546,0,0,0,0,0,0,0,0,0,0,0,0,0,0.0,0.0,0.0,0.0,0,0,0,0,0,0.00,0.00,0.00,0.00,0,False
5,547,80,0,0,0,1,0,0,0,0,0,0,0,6,9.8,0.4,0.0,1.0,1,1,3,5,1,0.00,0.00,0.00,0.46,2,False
5,548,0,0,0,0,0,0,0,0,0,0,0,0,0,0.0,0.0,0.0,0.0,0,0,0,0,0,0.00,0.00,0.00,0.00,0,False
5,549,1,0,0,0,0,0,0,0,0,0,0,0,4,1.0,0.0,0.0,0.1,1,0,0,1,0,0.00,0.00,0.00,0.10,1,False
5,550,0,0,0,0,0,0,0,0,0,0,0,0,0,0.0,0.0,0.0,0.0,0,0,0,0,0,0.00,0.00,0.00,0.00,0,False
5,551,36,0,0,0,0,0,0,0,0,0,0,0,5,1.4,12.1,4.0,1.8,0,0,1,1,1,0.06,0.03,0.09,0.25,1,False
5,552,90,0,0,0,1,0,0,0,1,0,0,0,7,9.2,12.3,2.0,2.4,2,2,1,5,1,0.00,0.00,0.00,0.61,1,False
5,553,79,0,0,0,1,0,0,0,0,0,0,0,8,2.2,14.8,6.0,2.3,2,6,0,8,1,0.07,0.05,0.12,0.46,2,False
5,554,0,0,0,0,0,0,0,0,0,0,0,0,0,0.0,0.0,0.0,0.0,0,0,0,0,0,0.00,0.00,0.00,0.00,0,False
5,555,0,0,0,0,0,0,0,0,0,0,0,0,0,0.0,0.0,0.0,0.0,0,0,0,0,0,0.00,0.00,0.00,0.00,0,False
5,556,0,0,0,0,0,0,0,0,0,0,0,0,0,0.0,0.0,0.0,0.0,0,0,0,0,0,0.00,0.00,0.00,0.00,0,False
5,557,0,0,0,0,0,0,0,0,0,0,0,0,0,0.0,0.0,0.0,0.0,0,0,0,0,0,0.00,0.00,0.00,0.00,0,False
5,558,0,0,0,0,0,0,0,0,0,0,0,0,0,0.0,0.0,0.0,0.0,0,0,0,0,0,0.00,0.00,0.00,0.00,0,False
5,559,0,0,0,0,0,0,0,0,0,0,0,0,0,0.0,0.0,0.0,0.0,0,0,0,0,0,0.00,0.00,0.00,0.00,0,False
5,560,79,1,0,0,1,0,0,0,0,0,0,3,35,34.0,1.0,45.0,8.0,0,2,1,3,1,0.62,0.00,0.62,0.46,9,True
5,561,10,0,0,0,0,0,0,0,0,0,0,0,3,1.2,0.0,0.0,0.1,0,1,0,1,0,0.00,0.00,0.00,0.25,1,False
5,562,0,0,0,0,0,0,0,0,0,0,0,0,0,0.0,0.0,0.0,0.0,0,0,0,0,0,0.00,0.00,0.00,0.00,0,False
5,563,0,0,0,0,0,0,0,0,0,0,0,0,0,0.0,0.0,0.0,0.0,0,0,0,0,0,0.00,0.00,0.00,0.00,0,False
5,564,0,0,0,0,0,0,0,0,0,0,0,0,0,0.0,0.0,0.0,0.0,0,0,0,0,0,0.00,0.00,0.00,0.00,0,False
5,565,90,0,0,0,2,0,0,0,0,0,2,0,9,13.0,0.0,0.0,1.3,1,15,0,0,1,0.00,0.00,0.00,1.32,1,False
5,566,0,0,0,0,0,0,0,0,0,0,0,0,0,0.0,0.0,0.0,0.0,0,0,0,0,0,0.00,0.00,0.00,0.00,0,False
5,567,0,0,0,0,0,0,0,0,0,0,0,0,0,0.0,0.0,0.0,0.0,0,0,0,0,0,0.00,0.00,0.00,0.00,0,False
5,568,88,0,0,0,2,0,0,0,0,0,0,0,9,21.8,27.2,2.0,5.1,5,3,2,7,1,0.00,0.06,0.06,1.32,1,False
5,569,90,0,0,0,2,0,0,0,1,0,0,0,11,31.8,2.2,0.0,3.4,12,4,6,18,1,0.00,0.02,0.02,1.32,2,False
5,570,0,0,0,0,0,0,0,0,0,0,0,0,0,0.0,0.0,0.0,0.0,0,0,0,0,0,0.00,0.00,0.00,0.00,0,False
5,571,0,0,0,0,0,0,0,0,0,0,0,0,0,0.0,0.0,0.0,0.0,0,0,0,0,0,0.00,0.00,0.00,0.00,0,False
5,572,0,0,0,0,0,0,0,0,0,0,0,0,0,0.0,0.0,0.0,0.0,0,0,0,0,0,0.00,0.00,0.00,0.00,0,False
5,573,1,0,0,0,0,0,0,0,0,0,0,0,5,2.4,0.0,0.0,0.2,0,0,1,1,0,0.00,0.00,0.00,0.00,1,False
5,574,90,0,0,0,2,0,0,0,0,0,0,0,5,14.0,15.7,16.0,4.6,2,10,1,3,1,0.00,0.08,0.08,1.32,1,False
5,575,90,0,0,0,2,0,0,0,0,0,0,0,4,12.6,2.3,2.0,1.7,1,3,2,3,1,0.00,0.01,0.01,1.32,1,False
5,576,0,0,0,0,0,0,0,0,0,0,0,0,0,0.0,0.0,0.0,0.0,0,0,0,0,0,0.00,0.00,0.00,0.00,0,False
5,577,0,0,0,0,0,0,0,0,0,0,0,0,0,0.0,0.0,0.0,0.0,0,0,0,0,0,0.00,0.00,0.00,0.00,0,False
5,578,0,0,0,0,0,0,0,0,0,0,0,0,0,0.0,0.0,0.0,0.0,0,0,0,0,0,0.00,0.00,0.00,0.00,0,False
5,579,0,0,0,0,0,0,0,0,0,0,0,0,0,0.0,0.0,0.0,0.0,0,0,0,0,0,0.00,0.00,0.00,0.00,0,False
5,580,18,0,0,0,0,0,0,0,0,0,0,0,2,0.2,0.5,2.0,0.3,0,0,0,0,0,0.00,0.00,0.00,0.34,1,False
5,581,0,0,0,0,0,0,0,0,0,0,0,0,0,0.0,0.0,0.0,0.0,0,0,0,0,0,0.00,0.00,0.00,0.00,0,False
5,582,90,0,2,0,2,0,0,0,1,0,0,0,21,25.0,33.8,20.0,7.9,0,5,2,7,1,0.11,0.16,0.27,1.32,7,False
5,583,0,0,0,0,0,0,0,0,0,0,0,0,0,0.0,0.0,0.0,0.0,0,0,0,0,0,0.00,0.00,0.00,0.00,0,False
5,584,0,0,0,0,0,0,0,0,0,0,0,0,0,0.0,0.0,0.0,0.0,0,0,0,0,0,0.00,0.00,0.00,0.00,0,False
5,585,60,0,0,0,2,0,0,0,0,0,0,0,15,10.0,27.3,8.0,4.5,1,5,1,7,1,0.00,0.31,0.31,0.90,2,False
5,586,88,0,0,0,2,0,0,0,0,0,0,0,9,7.6,4.8,4.0,1.6,2,8,3,13,1,0.00,0.01,0.01,1.32,4,False
5,587,0,0,0,0,0,0,0,0,0,0,0,0,0,0.0,0.0,0.0,0.0,0,0,0,0,0,0.00,0.00,0.00,0.00,0,False
5,588,71,0,0,0,2,0,0,0,0,0,0,0,5,0.0,7.8,12.0,1.8,0,4,0,4,1,0.11,0.10,0.21,0.98,2,False
5,589,0,0,0,0,0,0,0,0,0,0,0,0,0,0.0,0.0,0.0,0.0,0,0,0,0,0,0.00,0.00,0.00,0.00,0,False
5,590,0,0,0,0,0,0,0,0,0,0,0,0,0,0.0,0.0,0.0,0.0,0,0,0,0,0,0.00,0.00,0.00,0.00,0,False
5,591,1,0,0,0,0,0,0,0,0,0,0,0,4,2.4,10.2,0.0,1.3,0,0,0,0,0,0.00,0.00,0.00,0.00,1,False
5,592,0,0,0,0,0,0,0,0,0,0,0,0,0,0.0,0.0,0.0,0.0,0,0,0,0,0,0.00,0.00,0.00,0.00,0,False
5,593,0,0,0,0,0,0,0,0,0,0,0,0,0,0.0,0.0,0.0,0.0,0,0,0,0,0,0.00,0.00,0.00,0.00,0,False
5,594,0,0,0,0,0,0,0,0,0,0,0,0,0,0.0,0.0,0.0,0.0,0,0,0,0,0,0.00,0.00,0.00,0.00,0,False
5,595,0,0,0,0,0,0,0,0,0,0,0,0,0,0.0,0.0,0.0,0.0,0,0,0,0,0,0.00,0.00,0.00,0.00,0,False
5,596,0,0,0,0,0,0,0,0,0,0,0,0,0,0.0,0.0,0.0,0.0,0,0,0,0,0,0.00,0.00,0.00,0.00,0,False
5,597,90,1,0,0,2,0,0,0,0,0,0,3,35,36.6,14.9,75.0,12.7,0,2,1,3,1,0.76,0.05,0.81,1.32,9,False
5,598,0,0,0,0,0,0,0,0,0,0,0,0,0,0.0,0.0,0.0,0.0,0,0,0,0,0,0.00,0.00,0.00,0.00,0,False
5,599,0,0,0,0,0,0,0,0,0,0,0,0,0,0.0,0.0,0.0,0.0,0,0,0,0,0,0.00,0.00,0.00,0.00,0,False
5,600,90,0,0,0,2,0,0,0,0,0,1,0,4,13.2,0.0,0.0,1.3,2,7,0,0,1,0.00,0.00,0.00,2.31,1,False
5,601,0,0,0,0,0,0,0,0,0,0,0,0,0,0.0,0.0,0.0,0.0,0,0,0,0,0,0.00,0.00,0.00,0.00,0,False
5,602,0,0,0,0,0,0,0,0,0,0,0,0,0,0.0,0.0,0.0,0.0,0,0,0,0,0,0.00,0.00,0.00,0.00,0,False
5,603,90,0,1,0,2,0,0,0,1,0,0,0,14,32.2,38.6,6.0,7.7,5,7,1,6,1,0.00,0.41,0.41,2.31,3,False
5,604,0,0,0,0,0,0,0,0,0,0,0,0,0,0.0,0.0,0.0,0.0,0,0,0,0,0,0.00,0.00,0.00,0.00,0,False
5,605,90,0,0,0,2,0,0,0,1,0,0,0,8,30.2,1.1,0.0,3.1,9,6,2,11,1,0.00,0.00,0.00,2.31,2,False
5,606,90,0,0,0,2,0,0,0,0,0,0,0,11,31.6,0.6,35.0,6.7,10,5,1,11,1,0.22,0.01,0.23,2.31,3,False
5,607,0,0,0,0,0,0,0,0,0,0,0,0,0,0.0,0.0,0.0,0.0,0,0,0,0,0,0.00,0.00,0.00,0.00,0,False
5,608,0,0,0,0,0,0,0,0,0,0,0,0,0,0.0,0.0,0.0,0.0,0,0,0,0,0,0.00,0.00,0.00,0.00,0,False
5,609,0,0,0,0,0,0,0,0,0,0,0,0,0,0.0,0.0,0.0,0.0,0,0,0,0,0,0.00,0.00,0.00,0.00,0,False
5,610,0,0,0,0,0,0,0,0,0,0,0,0,0,0.0,0.0,0.0,0.0,0,0,0,0,0,0.00,0.00,0.00,0.00,0,False
5,611,0,0,0,0,0,0,0,0,0,0,0,0,0,0.0,0.0,0.0,0.0,0,0,0,0,0,0.00,0.00,0.00,0.00,0,False
5,612,90,0,0,0,2,0,0,0,1,0,0,0,6,11.2,34.4,13.0,5.9,0,5,2,7,1,0.03,0.08,0.11,2.31,1,False
5,613,0,0,0,0,0,0,0,0,0,0,0,0,0,0.0,0.0,0.0,0.0,0,0,0,0,0,0.00,0.00,0.00,0.00,0,False
5,614,90,0,0,0,2,0,0,0,0,0,0,0,15,10.2,26.6,2.0,3.9,2,1,1,4,1,0.02,0.23,0.25,2.31,2,False
5,615,77,0,0,0,2,0,0,0,0,0,0,0,3,1.0,12.2,6.0,1.9,0,3,0,3,1,0.00,0.20,0.20,2.18,2,False
5,616,0,0,0,0,0,0,0,0,0,0,0,0,0,0.0,0.0,0.0,0.0,0,0,0,0,0,0.00,0.00,0.00,0.00,0,False
5,617,0,0,0,0,0,0,0,0,0,0,0,0,0,0.0,0.0,0.0,0.0,0,0,0,0,0,0.00,0.00,0.00,0.00,0,False
5,618,0,0,0,0,0,0,0,0,0,0,0,0,0,0.0,0.0,0.0,0.0,0,0,0,0,0,0.00,0.00,0.00,0.00,0,False
5,619,12,0,0,0,0,0,0,0,0,0,0,0,1,0.0,0.0,4.0,0.2,0,0,0,0,0,0.07,0.00,0.07,0.14,1,False
5,620,0,0,0,0,0,0,0,0,0,0,0,0,0,0.0,0.0,0.0,0.0,0,0,0,0,0,0.00,0.00,0.00,0.00,0,False
5,621,0,0,0,0,0,0,0,0,0,0,0,0,0,0.0,0.0,0.0,0.0,0,0,0,0,0,0.00,0.00,0.00,0.00,0,False
5,622,0,0,0,0,0,0,0,0,0,0,0,0,0,0.0,0.0,0.0,0.0,0,0,0,0,0,0.00,0.00,0.00,0.00,0,False
5,623,0,0,0,0,0,0,0,0,0,0,0,0,0,0.0,0.0,0.0,0.0,0,0,0,0,0,0.00,0.00,0.00,0.00,0,False
5,624,90,1,0,0,2,0,0,0,0,0,0,3,31,40.8,20.4,23.0,8.4,1,1,1,3,1,0.24,0.23,0.47,2.31,9,False
5,625,31,0,0,0,1,0,0,0,0,0,0,0,1,0.0,10.6,2.0,1.2,0,0,0,0,0,0.00,0.03,0.03,0.55,1,False
5,626,0,0,0,0,0,0,0,0,0,0,0,0,0,0.0,0.0,0.0,0.0,0,0,0,0,0,0.00,0.00,0.00,0.00,0,False
5,627,0,0,0,0,0,0,0,0,0,0,0,0,0,0.0,0.0,0.0,0.0,0,0,0,0,0,0.00,0.00,0.00,0.00,0,False
5,628,90,0,0,0,3,0,0,0,0,0,1,0,0,7.8,0.0,0.0,0.8,0,7,0,0,1,0.00,0.00,0.00,0.48,1,False
5,629,0,0,0,0,0,0,0,0,0,0,0,0,0,0.0,0.0,0.0,0.0,0,0,0,0,0,0.00,0.00,0.00,0.00,0,False
5,630,0,0,0,0,0,0,0,0,0,0,0,0,0,0.0,0.0,0.0,0.0,0,0,0,0,0,0.00,0.00,0.00,0.00,0,False
5,631,90,0,0,0,3,0,0,0,0,0,0,0,16,35.0,21.9,30.0,8.7,4,9,7,11,1,0.13,0.11,0.24,0.48,3,False
5,632,0,0,0,0,0,0,0,0,0,0,0,0,0,0.0,0.0,0.0,0.0,0,0,0,0,0,0.00,0.00,0.00,0.00,0,False
5,633,45,0,0,0,0,0,0,0,0,0,0,0,12,20.0,52.5,0.0,7.3,0,3,1,1,0,0.00,0.27,0.27,0.07,1,False
5,634,71,0,0,0,3,0,0,0,0,0,0,0,5,7.4,0.3,21.0,2.9,1,7,2,3,1,0.05,0.00,0.05,0.48,1,False
5,635,45,0,0,0,3,0,0,0,0,0,0,0,-4,7.2,16.3,6.0,3.0,1,0,2,3,1,0.03,0.13,0.16,0.42,0,False
5,636,0,0,0,0,0,0,0,0,0,0,0,0,0,0.0,0.0,0.0,0.0,0,0,0,0,0,0.00,0.00,0.00,0.00,0,False
5,637,71,0,0,0,3,0,0,0,0,0,0,0,5,9.2,1.3,0.0,1.1,2,2,0,2,1,0.00,0.01,0.01,0.48,1,False
5,638,0,0,0,0,0,0,0,0,0,0,0,0,0,0.0,0.0,0.0,0.0,0,0,0,0,0,0.00,0.00,0.00,0.00,0,False
5,639,0,0,0,0,0,0,0,0,0,0,0,0,0,0.0,0.0,0.0,0.0,0,0,0,0,0,0.00,0.00,0.00,0.00,0,False
5,640,0,0,0,0,0,0,0,0,0,0,0,0,0,0.0,0.0,0.0,0.0,0,0,0,0,0,0.00,0.00,0.00,0.00,0,False
5,641,0,0,0,0,0,0,0,0,0,0,0,0,0,0.0,0.0,0.0,0.0,0,0,0,0,0,0.00,0.00,0.00,0.00,0,False
5,642,0,0,0,0,0,0,0,0,0,0,0,0,0,0.0,0.0,0.0,0.0,0,0,0,0,0,0.00,0.00,0.00,0.00,0,False
5,643,18,0,0,0,0,0,0,0,0,0,0,0,9,4.6,4.9,2.0,1.2,1,2,0,3,0,0.02,0.02,0.04,0.00,1,False
5,644,45,0,0,0,3,0,0,0,0,0,0,0,3,3.8,11.3,2.0,1.7,0,2,0,2,1,0.00,0.04,0.04,0.42,1,False
5,645,45,0,1,0,3,0,0,0,1,0,0,0,13,20.0,28.8,2.0,5.1,0,2,1,3,1,0.00,0.40,0.40,0.42,3,False
5,646,90,0,0,0,3,0,0,0,0,0,0,0,18,19.6,12.9,12.0,4.5,4,6,4,14,1,0.23,0.11,0.34,0.48,4,False
5,647,0,0,0,0,0,0,0,0,0,0,0,0,0,0.0,0.0,0.0,0.0,0,0,0,0,0,0.00,0.00,0.00,0.00,0,False
5,648,45,0,0,0,0,0,0,0,0,0,0,0,4,4.0,1.9,33.0,3.9,0,1,1,2,0,0.38,0.00,0.38,0.07,1,False
5,649,0,0,0,0,0,0,0,0,0,0,0,0,0,0.0,0.0,0.0,0.0,0,0,0,0,0,0.00,0.00,0.00,0.00,0,False
5,650,0,0,0,0,0,0,0,0,0,0,0,0,0,0.0,0.0,0.0,0.0,0,0,0,0,0,0.00,0.00,0.00,0.00,0,False
5,651,0,0,0,0,0,0,0,0,0,0,0,0,0,0.0,0.0,0.0,0.0,0,0,0,0,0,0.00,0.00,0.00,0.00,0,False
5,652,0,0,0,0,0,0,0,0,0,0,0,0,0,0.0,0.0,0.0,0.0,0,0,0,0,0,0.00,0.00,0.00,0.00,0,False
5,653,0,0,0,0,0,0,0,0,0,0,0,0,0,0.0,0.0,0.0,0.0,0,0,0,0,0,0.00,0.00,0.00,0.00,0,False
5,654,45,0,0,0,0,0,0,0,0,0,0,0,2,0.0,1.6,10.0,0.9,0,1,0,1,0,0.04,0.12,0.16,0.07,1,False
5,655,0,0,0,0,0,0,0,0,0,0,0,0,0,0.0,0.0,0.0,0.0,0,0,0,0,0,0.00,0.00,0.00,0.00,0,False
5,656,0,0,0,0,0,0,0,0,0,0,0,0,0,0.0,0.0,0.0,0.0,0,0,0,0,0,0.00,0.00,0.00,0.00,0,False
5,657,0,0,0,0,0,0,0,0,0,0,0,0,0,0.0,0.0,0.0,0.0,0,0,0,0,0,0.00,0.00,0.00,0.00,0,False
5,658,0,0,0,0,0,0,0,0,0,0,0,0,0,0.0,0.0,0.0,0.0,0,0,0,0,0,0.00,0.00,0.00,0.00,0,False
5,659,90,0,0,0,2,0,0,0,0,0,0,0,13,17.4,6.4,26.0,5.0,2,4,1,3,1,0.10,0.02,0.12,2.31,1,False
5,660,90,1,1,0,1,0,0,0,0,0,0,3,55,66.4,14.1,13.0,9.4,5,7,3,15,1,0.08,0.06,0.14,1.78,15,True
5,661,66,1,0,0,1,0,0,0,0,0,0,2,39,52.4,2.0,23.0,7.7,5,4,2,11,1,0.32,0.06,0.38,0.66,8,False
5,662,1,0,0,0,0,0,0,0,0,0,0,0,3,0.0,0.0,0.0,0.0,0,1,0,0,0,0.00,0.00,0.00,0.00,1,False
5,663,18,0,0,0,0,0,0,0,0,0,0,0,5,6.8,29.1,10.0,4.6,0,0,0,0,0,0.00,0.06,0.06,0.00,1,False
5,664,0,0,0,0,0,0,0,0,0,0,0,0,0,0.0,0.0,0.0,0.0,0,0,0,0,0,0.00,0.00,0.00,0.00,0,False
5,665,0,0,0,0,0,0,0,0,0,0,0,0,0,0.0,0.0,0.0,0.0,0,0,0,0,0,0.00,0.00,0.00,0.00,0,False
5,666,90,0,0,0,1,0,0,0,0,0,0,0,3,0.2,1.8,12.0,1.4,0,3,0,3,1,0.00,0.01,0.01,0.89,2,False
5,667,0,0,0,0,0,0,0,0,0,0,0,0,0,0.0,0.0,0.0,0.0,0,0,0,0,0,0.00,0.00,0.00,0.00,0,False
5,668,90,0,1,0,1,0,0,0,1,0,0,0,20,24.8,21.6,9.0,5.5,1,3,4,8,1,0.07,0.09,0.16,0.71,4,False
5,669,75,0,0,0,1,0,0,0,0,0,0,0,10,9.4,21.6,12.0,4.3,2,3,1,6,1,0.00,0.18,0.18,0.68,2,False
5,670,90,0,0,0,1,0,0,0,0,0,1,0,3,6.2,0.0,0.0,0.6,1,5,0,0,1,0.00,0.00,0.00,0.71,2,False
5,671,58,0,0,0,1,0,0,0,0,0,0,0,1,4.2,1.5,4.0,1.0,1,1,0,2,1,0.00,0.00,0.00,1.76,1,False
5,672,0,0,0,0,0,0,0,0,0,0,0,0,0,0.0,0.0,0.0,0.0,0,0,0,0,0,0.00,0.00,0.00,0.00,0,False
5,673,90,0,0,0,2,0,0,0,0,0,0,0,19,21.8,5.1,0.0,2.7,3,4,7,14,1,0.00,0.02,0.02,1.32,4,False
5,674,0,0,0,0,0,0,0,0,0,0,0,0,0,0.0,0.0,0.0,0.0,0,0,0,0,0,0.00,0.00,0.00,0.00,0,False
5,675,0,0,0,0,0,0,0,0,0,0,0,0,0,0.0,0.0,0.0,0.0,0,0,0,0,0,0.00,0.00,0.00,0.00,0,False
5,676,0,0,0,0,0,0,0,0,0,0,0,0,0,0.0,0.0,0.0,0.0,0,0,0,0,0,0.00,0.00,0.00,0.00,0,False
5,677,72,0,0,1,0,0,0,0,0,0,0,0,4,13.2,3.3,21.0,3.8,3,4,1,8,1,0.25,0.11,0.36,0.78,3,False
5,678,10,0,0,0,0,0,0,0,0,0,0,0,3,2.0,0.1,0.0,0.2,2,0,0,2,0,0.00,0.00,0.00,0.25,1,False
5,679,0,0,0,0,0,0,0,0,0,0,0,0,0,0.0,0.0,0.0,0.0,0,0,0,0,0,0.00,0.00,0.00,0.00,0,False
5,680,0,0,0,0,0,0,0,0,0,0,0,0,0,0.0,0.0,0.0,0.0,0,0,0,0,0,0.00,0.00,0.00,0.00,0,False
5,681,45,0,0,0,0,0,0,0,0,0,0,0,2,0.2,1.3,2.0,0.4,1,0,0,1,1,0.00,0.01,0.01,0.08,1,False
5,682,0,0,0,0,0,0,0,0,0,0,0,0,0,0.0,0.0,0.0,0.0,0,0,0,0,0,0.00,0.00,0.00,0.00,0,False
5,683,90,0,0,0,1,0,0,0,0,0,0,0,9,28.6,0.2,23.0,5.2,10,5,3,13,1,0.16,0.00,0.16,0.71,4,False
5,684,83,0,0,1,0,0,0,0,1,0,0,0,22,24.4,1.3,0.0,2.6,12,2,2,14,1,0.00,0.02,0.02,0.43,7,False
5,685,90,0,0,1,0,0,0,0,1,0,0,0,25,20.0,11.8,4.0,3.6,5,3,2,7,1,0.00,0.03,0.03,0.14,5,False
5,686,0,0,0,0,0,0,0,0,0,0,0,0,0,0.0,0.0,0.0,0.0,0,0,0,0,0,0.00,0.00,0.00,0.00,0,False
5,687,0,0,0,0,0,0,0,0,0,0,0,0,0,0.0,0.0,0.0,0.0,0,0,0,0,0,0.00,0.00,0.00,0.00,0,False
5,688,0,0,0,0,0,0,0,0,0,0,0,0,0,0.0,0.0,0.0,0.0,0,0,0,0,0,0.00,0.00,0.00,0.00,0,False
5,689,0,0,0,0,0,0,0,0,0,0,0,0,0,0.0,0.0,0.0,0.0,0,0,0,0,0,0.00,0.00,0.00,0.00,0,False
5,690,0,0,0,0,0,0,0,0,0,0,0,0,0,0.0,0.0,0.0,0.0,0,0,0,0,0,0.00,0.00,0.00,0.00,0,False
5,691,90,1,1,0,1,0,0,0,0,0,0,2,38,35.4,19.4,21.0,7.6,1,2,1,4,1,0.12,0.02,0.14,1.77,11,True
5,692,0,0,0,0,0,0,0,0,0,0,0,0,0,0.0,0.0,0.0,0.0,0,0,0,0,0,0.00,0.00,0.00,0.00,0,False
5,693,0,0,0,0,0,0,0,0,0,0,0,0,0,0.0,0.0,0.0,0.0,0,0,0,0,0,0.00,0.00,0.00,0.00,0,False
5,694,90,0,0,0,1,0,0,0,0,0,0,0,15,36.0,30.6,12.0,7.9,13,3,3,16,1,0.07,0.18,0.25,0.71,4,False
5,695,90,0,0,0,3,0,0,0,0,0,0,0,8,22.0,30.8,6.0,5.9,2,5,4,6,1,0.00,0.01,0.01,0.48,1,False
5,696,14,0,0,0,0,0,0,0,0,0,0,0,0,0.2,1.8,9.0,1.1,0,0,0,0,0,0.24,0.01,0.25,0.17,1,False
5,697,15,0,0,0,0,0,0,0,0,0,0,0,4,2.2,0.3,0.0,0.3,0,3,1,4,0,0.00,0.00,0.00,0.00,1,False
5,698,69,1,0,0,1,0,0,0,0,0,0,1,25,38.6,7.8,23.0,6.9,1,4,0,5,1,0.15,0.02,0.17,1.28,8,False
5,699,75,0,1,0,1,0,0,0,0,0,0,0,23,4.4,18.1,8.0,3.1,0,2,1,3,1,0.02,0.02,0.04,0.68,5,False
5,700,0,0,0,0,0,0,0,0,0,0,0,0,0,0.0,0.0,0.0,0.0,0,0,0,0,0,0.00,0.00,0.00,0.00,0,False
5,701,0,0,0,0,0,0,0,0,0,0,0,0,0,0.0,0.0,0.0,0.0,0,0,0,0,0,0.00,0.00,0.00,0.00,0,False
5,702,0,0,0,0,0,0,0,0,0,0,0,0,0,0.0,0.0,0.0,0.0,0,0,0,0,0,0.00,0.00,0.00,0.00,0,False
5,703,0,0,0,0,0,0,0,0,0,0,0,0,0,0.0,0.0,0.0,0.0,0,0,0,0,0,0.00,0.00,0.00,0.00,0,False
5,704,0,0,0,0,0,0,0,0,0,0,0,0,0,0.0,0.0,0.0,0.0,0,0,0,0,0,0.00,0.00,0.00,0.00,0,False
5,705,0,0,0,0,0,0,0,0,0,0,0,0,0,0.0,0.0,0.0,0.0,0,0,0,0,0,0.00,0.00,0.00,0.00,0,False
5,706,7,0,0,0,0,0,0,0,0,0,0,0,4,4.0,0.0,0.0,0.4,2,0,0,2,0,0.00,0.00,0.00,0.28,1,False
5,707,4,0,0,0,0,0,0,0,0,0,0,0,2,0.0,0.5,0.0,0.0,0,0,0,0,0,0.00,0.00,0.00,0.00,1,False
5,708,77,0,0,0,2,0,0,0,0,0,0,0,11,8.6,4.8,0.0,1.3,3,2,0,5,1,0.00,0.01,0.01,2.18,2,False
5,709,90,1,0,0,3,0,0,0,0,0,0,0,8,49.4,13.6,17.0,8.0,3,4,5,8,1,0.68,0.04,0.72,0.48,7,False
5,710,0,0,0,0,0,0,0,0,0,0,0,0,0,0.0,0.0,0.0,0.0,0,0,0,0,0,0.00,0.00,0.00,0.00,0,False
5,711,0,0,0,0,0,0,0,0,0,0,0,0,0,0.0,0.0,0.0,0.0,0,0,0,0,0,0.00,0.00,0.00,0.00,0,False
5,712,45,0,0,0,0,0,0,0,0,0,0,0,6,5.2,14.2,11.0,3.0,1,0,1,2,1,0.10,0.27,0.37,0.22,1,False
5,713,45,0,0,0,0,0,0,0,1,0,0,0,2,2.2,1.8,9.0,1.3,1,2,2,3,1,0.05,0.01,0.06,0.14,0,False
5,714,83,0,0,1,0,0,0,0,0,0,0,0,1,0.8,4.9,8.0,1.4,1,1,0,2,1,0.00,0.02,0.02,0.43,2,False
5,715,0,0,0,0,0,0,0,0,0,0,0,0,0,0.0,0.0,0.0,0.0,0,0,0,0,0,0.00,0.00,0.00,0.00,0,False
5,716,0,0,0,0,0,0,0,0,0,0,0,0,0,0.0,0.0,0.0,0.0,0,0,0,0,0,0.00,0.00,0.00,0.00,0,False
5,717,29,0,0,0,0,0,0,0,0,0,0,0,4,3.2,12.3,24.0,4.0,0,1,0,1,0,0.25,0.06,0.31,0.42,1,False
5,718,12,0,0,0,0,0,0,0,0,0,0,0,2,0.0,0.4,0.0,0.0,0,1,0,1,0,0.00,0.00,0.00,0.14,1,False
5,719,0,0,0,0,0,0,0,0,0,0,0,0,0,0.0,0.0,0.0,0.0,0,0,0,0,0,0.00,0.00,0.00,0.00,0,False
5,720,90,0,0,0,3,0,0,0,0,0,0,0,8,5.0,13.0,47.0,6.5,1,2,1,4,1,0.22,0.03,0.25,0.48,2,False
5,721,0,0,0,0,0,0,0,0,0,0,0,0,0,0.0,0.0,0.0,0.0,0,0,0,0,0,0.00,0.00,0.00,0.00,0,False
5,722,90,0,0,0,1,0,0,0,1,0,0,0,19,25.6,23.5,0.0,4.9,7,7,4,18,1,0.00,0.01,0.01,1.10,3,False
5,723,0,0,0,0,0,0,0,0,0,0,0,0,0,0.0,0.0,0.0,0.0,0,0,0,0,0,0.00,0.00,0.00,0.00,0,False
5,724,9,0,0,0,0,0,0,0,0,0,0,0,4,6.0,0.0,0.0,0.6,2,0,0,2,0,0.00,0.00,0.00,0.25,1,False
5,725,0,0,0,0,0,0,0,0,0,0,0,0,0,0.0,0.0,0.0,0.0,0,0,0,0,0,0.00,0.00,0.00,0.00,0,False
5,726,0,0,0,0,0,0,0,0,0,0,0,0,0,0.0,0.0,0.0,0.0,0,0,0,0,0,0.00,0.00,0.00,0.00,0,False
5,727,0,0,0,0,0,0,0,0,0,0,0,0,0,0.0,0.0,0.0,0.0,0,0,0,0,0,0.00,0.00,0.00,0.00,0,False
5,728,0,0,0,0,0,0,0,0,0,0,0,0,0,0.0,0.0,0.0,0.0,0,0,0,0,0,0.00,0.00,0.00,0.00,0,False
5,729,0,0,0,0,0,0,0,0,0,0,0,0,0,0.0,0.0,0.0,0.0,0,0,0,0,0,0.00,0.00,0.00,0.00,0,False
5,730,0,0,0,0,0,0,0,0,0,0,0,0,0,0.0,0.0,0.0,0.0,0,0,0,0,0,0.00,0.00,0.00,0.00,0,False
5,731,23,0,0,0,0,0,0,0,1,0,0,0,2,2.2,1.2,0.0,0.3,1,2,0,3,0,0.00,0.00,0.00,0.17,0,False
5,732,0,0,0,0,0,0,0,0,0,0,0,0,0,0.0,0.0,0.0,0.0,0,0,0,0,0,0.00,0.00,0.00,0.00,0,False
5,733,0,0,0,0,0,0,0,0,0,0,0,0,0,0.0,0.0,0.0,0.0,0,0,0,0,0,0.00,0.00,0.00,0.00,0,False
5,734,58,0,0,0,1,0,0,0,0,0,0,0,7,13.0,14.3,26.0,5.3,1,5,0,6,1,0.06,0.01,0.07,0.51,1,False
5,735,0,0,0,0,0,0,0,0,0,0,0,0,0,0.0,0.0,0.0,0.0,0,0,0,0,0,0.00,0.00,0.00,0.00,0,False
5,736,90,0,0,0,1,0,0,0,1,0,2,0,7,15.6,0.0,0.0,1.6,4,4,0,0,1,0.00,0.00,0.00,0.96,1,False
5,737,0,0,0,0,0,0,0,0,0,0,0,0,0,0.0,0.0,0.0,0.0,0,0,0,0,0,0.00,0.00,0.00,0.00,0,False
5,738,0,0,0,0,0,0,0,0,0,0,0,0,0,0.0,0.0,0.0,0.0,0,0,0,0,0,0.00,0.00,0.00,0.00,0,False
5,739,0,0,0,0,0,0,0,0,0,0,0,0,0,0.0,0.0,0.0,0.0,0,0,0,0,0,0.00,0.00,0.00,0.00,0,False
5,740,0,0,0,0,0,0,0,0,0,0,0,0,0,0.0,0.0,0.0,0.0,0,0,0,0,0,0.00,0.00,0.00,0.00,0,False
5,741,0,0,0,0,0,0,0,0,0,0,0,0,0,0.0,0.0,0.0,0.0,0,0,0,0,0,0.00,0.00,0.00,0.00,0,False
6,1,90,0,0,0,1,0,0,0,0,0,2,0,11,15.8,0.0,0.0,1.6,2,10,0,0,1,0.00,0.01,0.01,0.61,2,False
6,2,0,0,0,0,0,0,0,0,0,0,0,0,0,0.0,0.0,0.0,0.0,0,0,0,0,0,0.00,0.00,0.00,0.00,0,False
6,3,0,0,0,0,0,0,0,0,0,0,0,0,0,0.0,0.0,0.0,0.0,0,0,0,0,0,0.00,0.00,0.00,0.00,0,False
6,4,0,0,0,0,0,0,0,0,0,0,0,0,0,0.0,0.0,0.0,0.0,0,0,0,0,0,0.00,0.00,0.00,0.00,0,False
6,5,90,1,0,0,1,0,0,0,0,0,0,3,34,76.8,2.5,33.0,11.2,16,2,3,19,1,0.22,0.02,0.24,0.61,13,True
6,6,45,0,0,0,0,0,0,0,0,0,0,0,8,5.4,11.8,2.0,1.9,1,1,0,1,0,0.00,0.07,0.07,0.20,1,False
6,7,69,0,0,0,1,0,0,0,1,0,0,0,0,3.6,16.8,10.0,3.0,3,3,0,3,1,0.10,0.04,0.14,0.53,1,False
6,8,90,0,0,0,1,0,0,0,0,0,0,0,10,24.6,38.2,25.0,8.8,4,4,2,6,1,0.53,0.21,0.74,0.61,2,False
6,9,0,0,0,0,0,0,0,0,0,0,0,0,0,0.0,0.0,0.0,0.0,0,0,0,0,0,0.00,0.00,0.00,0.00,0,False
6,10,2,0,0,0,0,0,0,0,0,0,0,0,2,0.0,0.9,2.0,0.2,0,1,0,0,0,0.00,0.00,0.00,0.04,1,False
6,11,0,0,0,0,0,0,0,0,0,0,0,0,0,0.0,0.0,0.0,0.0,0,0,0,0,0,0.00,0.00,0.00,0.00,0,False
6,12,90,0,0,0,1,0,0,0,0,0,0,0,13,14.8,19.3,0.0,3.4,1,3,3,4,1,0.00,0.10,0.10,1.19,2,False
6,13,0,0,0,0,0,0,0,0,0,0,0,0,0,0.0,0.0,0.0,0.0,0,0,0,0,0,0.00,0.00,0.00,0.00,0,False
6,14,0,0,0,0,0,0,0,0,0,0,0,0,0,0.0,0.0,0.0,0.0,0,0,0,0,0,0.00,0.00,0.00,0.00,0,False
6,15,0,0,0,0,0,0,0,0,0,0,0,0,0,0.0,0.0,0.0,0.0,0,0,0,0,0,0.00,0.00,0.00,0.00,0,False
6,16,69,0,0,0,1,0,0,0,0,0,0,0,10,4.4,11.4,30.0,4.6,0,5,0,5,1,0.08,0.01,0.09,0.53,2,False
6,17,8,0,1,0,0,0,0,0,0,0,0,0,16,19.0,16.4,0.0,3.5,0,1,0,1,0,0.00,0.25,0.25,0.08,4,False
6,18,0,0,0,0,0,0,0,0,0,0,0,0,0,0.0,0.0,0.0,0.0,0,0,0,0,0,0.00,0.00,0.00,0.00,0,False
6,19,20,0,0,0,0,0,0,0,0,0,0,0,5,2.2,0.5,4.0,0.7,1,2,0,3,0,0.05,0.01,0.06,0.08,1,False
6,20,87,0,0,0,1,0,0,0,0,0,0,0,5,2.4,17.0,12.0,3.1,0,2,0,2,1,0.33,0.12,0.45,0.58,2,False
6,21,90,0,1,0,1,0,0,0,0,0,0,2,33,47.6,53.7,4.0,10.5,4,5,3,12,1,0.00,0.20,0.20,0.61,9,False
6,22,20,1,0,0,0,0,0,0,0,0,0,0,23,35.2,0.1,19.0,5.4,1,1,1,3,0,0.05,0.00,0.05,0.08,6,False
6,23,0,0,0,0,0,0,0,0,0,0,0,0,0,0.0,0.0,0.0,0.0,0,0,0,0,0,0.00,0.00,0.00,0.00,0,False
6,24,0,0,0,0,0,0,0,0,0,0,0,0,0,0.0,0.0,0.0,0.0,0,0,0,0,0,0.00,0.00,0.00,0.00,0,False
6,25,0,0,0,0,0,0,0,0,0,0,0,0,0,0.0,0.0,0.0,0.0,0,0,0,0,0,0.00,0.00,0.00,0.00,0,False
6,26,81,0,0,0,1,0,0,0,0,0,0,0,24,17.8,31.9,0.0,5.0,4,2,3,9,1,0.00,0.52,0.52,0.53,2,False
6,27,0,0,0,0,0,0,0,0,0,0,0,0,0,0.0,0.0,0.0,0.0,0,0,0,0,0,0.00,0.00,0.00,0.00,0,False
6,28,0,0,0,0,0,0,0,0,0,0,0,0,0,0.0,0.0,0.0,0.0,0,0,0,0,0,0.00,0.00,0.00,0.00,0,False
6,29,0,0,0,0,0,0,0,0,0,0,0,0,0,0.0,0.0,0.0,0.0,0,0,0,0,0,0.00,0.00,0.00,0.00,0,False
6,30,0,0,0,0,0,0,0,0,0,0,0,0,0,0.0,0.0,0.0,0.0,0,0,0,0,0,0.00,0.00,0.00,0.00,0,False
6,31,0,0,0,0,0,0,0,0,0,0,0,0,0,0.0,0.0,0.0,0.0,0,0,0,0,0,0.00,0.00,0.00,0.00,0,False
6,32,90,0,0,0,1,0,0,0,0,0,3,0,13,23.0,3.0,0.0,2.6,1,10,0,0,1,0.00,0.02,0.02,0.92,3,False
6,33,0,0,0,0,0,0,0,0,0,0,0,0,0,0.0,0.0,0.0,0.0,0,0,0,0,0,0.00,0.00,0.00,0.00,0,False
6,34,0,0,0,0,0,0,0,0,0,0,0,0,0,0.0,0.0,0.0,0.0,0,0,0,0,0,0.00,0.00,0.00,0.00,0,False
6,35,0,0,0,0,0,0,0,0,0,0,0,0,0,0.0,0.0,0.0,0.0,0,0,0,0,0,0.00,0.00,0.00,0.00,0,False
6,36,90,0,0,0,1,0,0,0,0,0,0,0,8,18.0,1.5,1.0,2.1,7,7,2,9,1,0.01,0.01,0.02,0.92,2,False
6,37,90,0,1,0,1,0,0,0,0,0,0,0,21,28.2,15.2,11.0,5.4,3,3,0,3,1,0.05,0.33,0.38,0.92,5,False
6,38,90,0,0,0,1,0,0,0,0,0,0,0,21,22.4,0.7,0.0,2.3,5,3,0,5,1,0.00,0.00,0.00,0.92,2,False
6,39,0,0,0,0,0,0,0,0,0,0,0,0,0,0.0,0.0,0.0,0.0,0,0,0,0,0,0.00,0.00,0.00,0.00,0,False
6,40,31,0,0,0,1,0,0,0,0,0,0,0,-1,2.8,0.4,0.0,0.3,1,1,0,1,1,0.00,0.00,0.00,0.28,1,False
6,41,58,0,0,0,0,0,0,0,0,0,0,0,13,12.6,0.5,0.0,1.3,7,5,0,7,0,0.00,0.01,0.01,0.64,1,False
6,42,0,0,0,0,0,0,0,0,0,0,0,0,0,0.0,0.0,0.0,0.0,0,0,0,0,0,0.00,0.00,0.00,0.00,0,False
6,43,0,0,0,0,0,0,0,0,0,0,0,0,0,0.0,0.0,0.0,0.0,0,0,0,0,0,0.00,0.00,0.00,0.00,0,False
6,44,81,0,0,0,1,0,0,0,0,0,0,0,2,3.2,12.8,0.0,1.6,0,2,1,1,1,0.00,0.02,0.02,0.80,2,False
6,45,0,0,0,0,0,0,0,0,0,0,0,0,0,0.0,0.0,0.0,0.0,0,0,0,0,0,0.00,0.00,0.00,0.00,0,False
6,46,0,0,0,0,0,0,0,0,0,0,0,0,0,0.0,0.0,0.0,0.0,0,0,0,0,0,0.00,0.00,0.00,0.00,0,False
6,47,90,0,1,0,1,0,0,0,0,0,0,0,20,26.8,30.9,6.0,6.4,3,2,1,6,1,0.00,0.06,0.06,0.92,5,False
6,48,0,0,0,0,0,0,0,0,0,0,0,0,0,0.0,0.0,0.0,0.0,0,0,0,0,0,0.00,0.00,0.00,0.00,0,False
6,49,0,0,0,0,0,0,0,0,0,0,0,0,0,0.0,0.0,0.0,0.0,0,0,0,0,0,0.00,0.00,0.00,0.00,0,False
6,50,45,1,1,0,0,0,0,0,0,0,0,3,33,51.0,14.3,34.0,9.9,0,3,1,4,0,0.29,0.07,0.36,0.41,12,True
6,51,0,0,0,0,0,0,0,0,0,0,0,0,0,0.0,0.0,0.0,0.0,0,0,0,0,0,0.00,0.00,0.00,0.00,0,False
6,52,0,0,0,0,0,0,0,0,0,0,0,0,0,0.0,0.0,0.0,0.0,0,0,0,0,0,0.00,0.00,0.00,0.00,0,False
6,53,7,0,0,0,0,0,0,0,0,0,0,0,2,2.0,0.0,0.0,0.2,1,0,0,1,0,0.00,0.00,0.00,0.13,1,False
6,54,71,1,0,0,1,0,0,0,1,0,0,0,25,36.0,18.5,13.0,6.8,3,5,1,9,1,0.45,0.29,0.74,0.73,6,False
6,55,0,0,0,0,0,0,0,0,0,0,0,0,0,0.0,0.0,0.0,0.0,0,0,0,0,0,0.00,0.00,0.00,0.00,0,False
6,56,0,0,0,0,0,0,0,0,0,0,0,0,0,0.0,0.0,0.0,0.0,0,0,0,0,0,0.00,0.00,0.00,0.00,0,False
6,57,0,0,0,0,0,0,0,0,0,0,0,0,0,0.0,0.0,0.0,0.0,0,0,0,0,0,0.00,0.00,0.00,0.00,0,False
6,58,18,0,0,0,0,0,0,0,0,0,0,0,5,7.6,0.7,0.0,0.8,4,1,1,6,0,0.00,0.01,0.01,0.20,1,False
6,59,0,0,0,0,0,0,0,0,0,0,0,0,0,0.0,0.0,0.0,0.0,0,0,0,0,0,0.00,0.00,0.00,0.00,0,False
6,60,0,0,0,0,0,0,0,0,0,0,0,0,0,0.0,0.0,0.0,0.0,0,0,0,0,0,0.00,0.00,0.00,0.00,0,False
6,61,0,0,0,0,0,0,0,0,0,0,0,0,0,0.0,0.0,0.0,0.0,0,0,0,0,0,0.00,0.00,0.00,0.00,0,False
6,62,0,0,0,0,0,0,0,0,0,0,0,0,0,0.0,0.0,0.0,0.0,0,0,0,0,0,0.00,0.00,0.00,0.00,0,False
6,63,0,0,0,0,0,0,0,0,0,0,0,0,0,0.0,0.0,0.0,0.0,0,0,0,0,0,0.00,0.00,0.00,0.00,0,False
6,64,90,1,0,0,1,0,0,0,0,0,0,2,30,37.4,4.3,27.0,6.9,1,1,1,3,1,0.29,0.02,0.31,0.92,8,False
6,65,0,0,0,0,0,0,0,0,0,0,0,0,0,0.0,0.0,0.0,0.0,0,0,0,0,0,0.00,0.00,0.00,0.00,0,False
6,66,0,0,0,0,0,0,0,0,0,0,0,0,0,0.0,0.0,0.0,0.0,0,0,0,0,0,0.00,0.00,0.00,0.00,0,False
6,67,90,0,0,0,2,0,0,0,0,0,6,0,18,47.0,0.0,0.0,4.7,0,10,0,0,1,0.00,0.00,0.00,1.84,3,False
6,68,0,0,0,0,0,0,0,0,0,0,0,0,0,0.0,0.0,0.0,0.0,0,0,0,0,0,0.00,0.00,0.00,0.00,0,False
6,69,0,0,0,0,0,0,0,0,0,0,0,0,0,0.0,0.0,0.0,0.0,0,0,0,0,0,0.00,0.00,0.00,0.00,0,False
6,70,0,0,0,0,0,0,0,0,0,0,0,0,0,0.0,0.0,0.0,0.0,0,0,0,0,0,0.00,0.00,0.00,0.00,0,False
6,71,0,0,0,0,0,0,0,0,0,0,0,0,0,0.0,0.0,0.0,0.0,0,0,0,0,0,0.00,0.00,0.00,0.00,0,False
6,72,90,0,1,0,2,0,0,0,0,0,0,1,27,57.8,16.9,4.0,7.9,12,3,3,15,1,0.00,0.22,0.22,1.84,7,False
6,73,0,0,0,0,0,0,0,0,0,0,0,0,0,0.0,0.0,0.0,0.0,0,0,0,0,0,0.00,0.00,0.00,0.00,0,False
6,74,90,0,0,0,2,0,0,0,0,0,0,0,15,29.0,5.0,2.0,3.6,8,7,5,13,1,0.00,0.02,0.02,1.84,3,False
6,75,0,0,0,0,0,0,0,0,0,0,0,0,0,0.0,0.0,0.0,0.0,0,0,0,0,0,0.00,0.00,0.00,0.00,0,False
6,76,0,0,0,0,0,0,0,0,0,0,0,0,0,0.0,0.0,0.0,0.0,0,0,0,0,0,0.00,0.00,0.00,0.00,0,False
6,77,0,0,0,0,0,0,0,0,0,0,0,0,0,0.0,0.0,0.0,0.0,0,0,0,0,0,0.00,0.00,0.00,0.00,0,False
6,78,0,0,0,0,0,0,0,0,0,0,0,0,0,0.0,0.0,0.0,0.0,0,0,0,0,0,0.00,0.00,0.00,0.00,0,False
6,79,0,0,0,0,0,0,0,0,0,0,0,0,0,0.0,0.0,0.0,0.0,0,0,0,0,0,0.00,0.00,0.00,0.00,0,False
6,80,0,0,0,0,0,0,0,0,0,0,0,0,0,0.0,0.0,0.0,0.0,0,0,0,0,0,0.00,0.00,0.00,0.00,0,False
6,81,59,0,0,0,2,0,0,0,0,0,0,0,6,4.6,16.5,2.0,2.3,0,1,0,1,1,0.00,0.05,0.05,1.36,1,False
6,82,90,1,0,0,2,0,0,0,0,0,0,0,22,42.4,16.6,9.0,6.8,1,4,2,7,1,0.21,0.05,0.26,1.84,7,False
6,83,74,0,0,0,1,0,0,0,0,0,0,0,6,3.6,11.1,27.0,4.2,2,1,0,3,1,0.42,0.26,0.68,1.02,2,False
6,84,30,0,0,0,0,0,0,0,0,0,0,0,3,4.0,12.2,4.0,2.0,0,3,1,4,0,0.00,0.02,0.02,0.48,1,False
6,85,80,0,0,0,2,0,0,0,0,0,0,0,19,13.2,3.3,2.0,1.9,1,5,4,10,1,0.04,0.02,0.06,1.77,2,False
6,86,30,0,0,0,0,0,0,0,0,0,0,0,5,4.8,6.8,18.0,3.0,1,2,0,3,0,0.09,0.06,0.15,0.48,1,False
6,87,59,0,1,0,2,0,0,0,0,0,0,0,7,0.0,4.4,5.0,0.9,2,2,1,5,1,0.08,0.02,0.10,1.36,4,False
6,88,0,0,0,0,0,0,0,0,0,0,0,0,0,0.0,0.0,0.0,0.0,0,0,0,0,0,0.00,0.00,0.00,0.00,0,False
6,89,0,0,0,0,0,0,0,0,0,0,0,0,0,0.0,0.0,0.0,0.0,0,0,0,0,0,0.00,0.00,0.00,0.00,0,False
6,90,30,0,0,0,0,0,0,0,0,0,0,0,3,3.8,6.3,0.0,1.0,1,0,0,1,0,0.00,0.03,0.03,0.48,1,False
6,91,0,0,0,0,0,0,0,0,0,0,0,0,0,0.0,0.0,0.0,0.0,0,0,0,0,0,0.00,0.00,0.00,0.00,0,False
6,92,0,0,0,0,0,0,0,0,0,0,0,0,0,0.0,0.0,0.0,0.0,0,0,0,0,0,0.00,0.00,0.00,0.00,0,False
6,93,0,0,0,0,0,0,0,0,0,0,0,0,0,0.0,0.0,0.0,0.0,0,0,0,0,0,0.00,0.00,0.00,0.00,0,False
6,94,0,0,0,0,0,0,0,0,0,0,0,0,0,0.0,0.0,0.0,0.0,0,0,0,0,0,0.00,0.00,0.00,0.00,0,False
6,95,0,0,0,0,0,0,0,0,0,0,0,0,0,0.0,0.0,0.0,0.0,0,0,0,0,0,0.00,0.00,0.00,0.00,0,False
6,96,0,0,0,0,0,0,0,0,0,0,0,0,0,0.0,0.0,0.0,0.0,0,0,0,0,0,0.00,0.00,0.00,0.00,0,False
6,97,90,0,0,0,2,0,0,0,0,0,0,0,5,0.8,12.8,8.0,2.2,0,3,0,3,1,0.02,0.12,0.14,1.84,2,False
6,98,0,0,0,0,0,0,0,0,0,0,0,0,0,0.0,0.0,0.0,0.0,0,0,0,0,0,0.00,0.00,0.00,0.00,0,False
6,99,0,0,0,0,0,0,0,0,0,0,0,0,0,0.0,0.0,0.0,0.0,0,0,0,0,0,0.00,0.00,0.00,0.00,0,False
6,100,9,1,0,0,0,0,0,0,1,0,0,2,28,35.0,0.6,38.0,7.4,0,1,0,1,0,0.23,0.00,0.23,0.07,6,False
6,101,90,0,0,0,1,0,1,0,0,0,5,0,25,56.4,10.0,0.0,6.6,1,5,0,0,1,0.00,0.00,0.00,2.08,8,False
6,102,0,0,0,0,0,0,0,0,0,0,0,0,0,0.0,0.0,0.0,0.0,0,0,0,0,0,0.00,0.00,0.00,0.00,0,False
6,103,0,0,0,0,0,0,0,0,0,0,0,0,0,0.0,0.0,0.0,0.0,0,0,0,0,0,0.00,0.00,0.00,0.00,0,False
6,104,0,0,0,0,0,0,0,0,0,0,0,0,0,0.0,0.0,0.0,0.0,0,0,0,0,0,0.00,0.00,0.00,0.00,0,False
6,105,0,0,0,0,0,0,0,0,0,0,0,0,0,0.0,0.0,0.0,0.0,0,0,0,0,0,0.00,0.00,0.00,0.00,0,False
6,106,90,0,0,0,1,0,0,0,1,0,0,0,2,20.6,10.9,21.0,5.3,9,4,0,9,1,0.06,0.32,0.38,2.08,1,False
6,107,15,0,0,0,0,0,0,0,0,0,0,0,7,5.2,0.3,0.0,0.6,2,0,1,3,0,0.00,0.00,0.00,1.06,1,False
6,108,0,0,0,0,0,0,0,0,0,0,0,0,0,0.0,0.0,0.0,0.0,0,0,0,0,0,0.00,0.00,0.00,0.00,0,False
6,109,15,0,0,0,0,0,0,0,0,0,0,0,6,5.4,0.3,0.0,0.6,1,1,1,2,0,0.00,0.00,0.00,1.06,1,False
6,110,90,0,0,0,1,0,0,0,0,0,0,0,6,16.2,1.3,0.0,1.8,3,2,3,6,1,0.00,0.00,0.00,2.08,2,False
6,111,0,0,0,0,0,0,0,0,0,0,0,0,0,0.0,0.0,0.0,0.0,0,0,0,0,0,0.00,0.00,0.00,0.00,0,False
6,112,0,0,0,0,0,0,0,0,0,0,0,0,0,0.0,0.0,0.0,0.0,0,0,0,0,0,0.00,0.00,0.00,0.00,0,False
6,113,90,0,0,0,1,0,0,0,0,0,0,0,9,14.6,0.4,68.0,8.3,4,3,0,4,1,0.66,0.00,0.66,2.08,2,False
6,114,0,0,0,0,0,0,0,0,0,0,0,0,0,0.0,0.0,0.0,0.0,0,0,0,0,0,0.00,0.00,0.00,0.00,0,False
6,115,0,0,0,0,0,0,0,0,0,0,0,0,0,0.0,0.0,0.0,0.0,0,0,0,0,0,0.00,0.00,0.00,0.00,0,False
6,116,74,0,0,0,1,0,0,0,0,0,0,0,9,3.0,1.8,0.0,0.5,1,5,0,1,1,0.00,0.03,0.03,1.02,2,False
6,117,0,0,0,0,0,0,0,0,0,0,0,0,0,0.0,0.0,0.0,0.0,0,0,0,0,0,0.00,0.00,0.00,0.00,0,False
6,118,0,0,0,0,0,0,0,0,0,0,0,0,0,0.0,0.0,0.0,0.0,0,0,0,0,0,0.00,0.00,0.00,0.00,0,False
6,119,90,0,0,0,3,0,0,0,0,0,0,0,10,10.8,40.3,10.0,6.1,0,0,2,2,1,0.00,0.07,0.07,2.02,2,False
6,120,90,0,1,0,1,0,0,0,1,0,0,0,19,8.6,16.2,25.0,5.0,2,3,1,6,1,0.01,0.09,0.10,2.08,4,False
6,121,80,0,0,0,1,0,0,0,0,0,0,0,6,4.2,20.3,0.0,2.5,1,4,2,7,1,0.00,0.24,0.24,1.81,2,False
6,122,0,0,0,0,0,0,0,0,0,0,0,0,0,0.0,0.0,0.0,0.0,0,0,0,0,0,0.00,0.00,0.00,0.00,0,False
6,123,0,0,0,0,0,0,0,0,0,0,0,0,0,0.0,0.0,0.0,0.0,0,0,0,0,0,0.00,0.00,0.00,0.00,0,False
6,124,80,0,1,0,1,0,0,0,0,0,0,1,31,28.2,30.8,0.0,5.9,3,4,1,8,1,0.00,0.27,0.27,1.81,6,False
6,125,9,0,0,0,0,0,0,0,0,0,0,0,5,4.8,14.8,0.0,2.0,0,1,1,2,0,0.00,0.02,0.02,0.27,1,False
6,126,1,1,0,0,0,0,0,0,0,0,0,0,22,33.6,0.4,9.0,4.3,0,0,0,0,0,0.09,0.00,0.09,0.12,6,False
6,127,0,0,0,0,0,0,0,0,0,0,0,0,0,0.0,0.0,0.0,0.0,0,0,0,0,0,0.00,0.00,0.00,0.00,0,False
6,128,9,0,0,0,0,0,0,0,0,0,0,0,4,1.4,0.4,0.0,0.2,0,1,0,1,0,0.00,0.00,0.00,0.27,1,False
6,129,90,0,1,0,1,0,0,0,0,0,0,0,26,30.4,13.4,2.0,4.6,4,7,1,12,1,0.09,0.02,0.11,2.08,7,False
6,130,0,0,0,0,0,0,0,0,0,0,0,0,0,0.0,0.0,0.0,0.0,0,0,0,0,0,0.00,0.00,0.00,0.00,0,False
6,131,0,0,0,0,0,0,0,0,0,0,0,0,0,0.0,0.0,0.0,0.0,0,0,0,0,0,0.00,0.00,0.00,0.00,0,False
6,132,0,0,0,0,0,0,0,0,0,0,0,0,0,0.0,0.0,0.0,0.0,0,0,0,0,0,0.00,0.00,0.00,0.00,0,False
6,133,0,0,0,0,0,0,0,0,0,0,0,0,0,0.0,0.0,0.0,0.0,0,0,0,0,0,0.00,0.00,0.00,0.00,0,False
6,134,0,0,0,0,0,0,0,0,0,0,0,0,0,0.0,0.0,0.0,0.0,0,0,0,0,0,0.00,0.00,0.00,0.00,0,False
6,135,0,0,0,0,0,0,0,0,0,0,0,0,0,0.0,0.0,0.0,0.0,0,0,0,0,0,0.00,0.00,0.00,0.00,0,False
6,136,89,2,0,0,1,0,0,0,0,0,0,3,62,72.6,3.9,41.0,11.8,2,0,3,5,1,0.70,0.00,0.70,1.96,13,True
6,137,0,0,0,0,0,0,0,0,0,0,0,0,0,0.0,0.0,0.0,0.0,0,0,0,0,0,0.00,0.00,0.00,0.00,0,False
6,138,0,0,0,0,0,0,0,0,0,0,0,0,0,0.0,0.0,0.0,0.0,0,0,0,0,0,0.00,0.00,0.00,0.00,0,False
6,139,90,0,0,0,1,0,0,0,0,0,2,0,8,11.8,0.0,0.0,1.2,1,8,0,0,1,0.00,0.00,0.00,1.81,2,False
6,140,0,0,0,0,0,0,0,0,0,0,0,0,0,0.0,0.0,0.0,0.0,0,0,0,0,0,0.00,0.00,0.00,0.00,0,False
6,141,0,0,0,0,0,0,0,0,0,0,0,0,0,0.0,0.0,0.0,0.0,0,0,0,0,0,0.00,0.00,0.00,0.00,0,False
6,142,0,0,0,0,0,0,0,0,0,0,0,0,0,0.0,0.0,0.0,0.0,0,0,0,0,0,0.00,0.00,0.00,0.00,0,False
6,143,0,0,0,0,0,0,0,0,0,0,0,0,0,0.0,0.0,0.0,0.0,0,0,0,0,0,0.00,0.00,0.00,0.00,0,False
6,144,0,0,0,0,0,0,0,0,0,0,0,0,0,0.0,0.0,0.0,0.0,0,0,0,0,0,0.00,0.00,0.00,0.00,0,False
6,145,5,1,0,0,0,0,0,0,0,0,0,1,20,33.2,0.5,33.0,6.7,0,0,0,0,0,0.64,0.00,0.64,0.41,8,False
6,146,90,0,0,0,1,0,0,0,1,0,0,0,8,10.6,1.6,4.0,1.6,7,2,1,8,1,0.06,0.01,0.07,1.81,1,False
6,147,0,0,0,0,0,0,0,0,0,0,0,0,0,0.0,0.0,0.0,0.0,0,0,0,0,0,0.00,0.00,0.00,0.00,0,False
6,148,90,0,0,0,1,0,0,0,0,0,0,0,9,27.4,20.3,2.0,5.0,5,4,2,7,1,0.00,0.13,0.13,1.81,2,False
6,149,1,0,0,0,0,0,0,0,0,0,0,0,3,0.0,0.0,0.0,0.0,0,0,0,0,0,0.00,0.00,0.00,0.00,1,False
6,150,0,0,0,0,0,0,0,0,0,0,0,0,0,0.0,0.0,0.0,0.0,0,0,0,0,0,0.00,0.00,0.00,0.00,0,False
6,151,90,0,0,0,1,0,0,0,1,0,0,0,12,34.6,1.8,4.0,4.0,11,4,4,15,1,0.03,0.03,0.06,1.81,3,False
6,152,54,0,0,0,1,0,0,0,1,0,0,0,-1,10.6,0.1,0.0,1.1,5,1,1,6,1,0.00,0.00,0.00,1.33,0,False
6,153,0,0,0,0,0,0,0,0,0,0,0,0,0,0.0,0.0,0.0,0.0,0,0,0,0,0,0.00,0.00,0.00,0.00,0,False
6,154,0,0,0,0,0,0,0,0,0,0,0,0,0,0.0,0.0,0.0,0.0,0,0,0,0,0,0.00,0.00,0.00,0.00,0,False
6,155,0,0,0,0,0,0,0,0,0,0,0,0,0,0.0,0.0,0.0,0.0,0,0,0,0,0,0.00,0.00,0.00,0.00,0,False
6,156,0,0,0,0,0,0,0,0,0,0,0,0,0,0.0,0.0,0.0,0.0,0,0,0,0,0,0.00,0.00,0.00,0.00,0,False
6,157,66,0,0,0,1,0,0,0,0,0,0,0,4,2.2,1.5,4.0,0.8,1,2,0,3,1,0.00,0.02,0.02,1.38,2,False
6,158,84,0,0,0,1,0,0,0,0,0,0,0,5,10.4,15.3,2.0,2.8,2,4,1,7,1,0.00,0.35,0.35,1.40,2,False
6,159,0,0,0,0,0,0,0,0,0,0,0,0,0,0.0,0.0,0.0,0.0,0,0,0,0,0,0.00,0.00,0.00,0.00,0,False
6,160,90,0,1,0,1,0,0,0,0,0,0,0,18,23.4,19.3,28.0,7.1,3,1,2,6,1,0.36,0.24,0.60,1.81,5,False
6,161,0,0,0,0,0,0,0,0,0,0,0,0,0,0.0,0.0,0.0,0.0,0,0,0,0,0,0.00,0.00,0.00,0.00,0,False
6,162,23,0,1,0,0,0,0,0,0,0,0,0,16,20.0,14.8,2.0,3.7,0,1,1,2,0,0.00,0.33,0.33,0.43,4,False
6,163,0,0,0,0,0,0,0,0,0,0,0,0,0,0.0,0.0,0.0,0.0,0,0,0,0,0,0.00,0.00,0.00,0.00,0,False
6,164,0,0,0,0,0,0,0,0,0,0,0,0,0,0.0,0.0,0.0,0.0,0,0,0,0,0,0.00,0.00,0.00,0.00,0,False
6,165,0,0,0,0,0,0,0,0,0,0,0,0,0,0.0,0.0,0.0,0.0,0,0,0,0,0,0.00,0.00,0.00,0.00,0,False
6,166,90,0,0,0,1,0,0,0,0,0,0,0,14,13.0,21.3,3.0,3.7,3,5,2,10,1,0.05,0.16,0.21,1.81,2,False
6,167,66,0,0,0,1,0,0,0,0,0,0,0,5,2.0,2.2,2.0,0.6,4,5,0,9,1,0.01,0.01,0.02,1.38,2,False
6,168,0,0,0,0,0,0,0,0,0,0,0,0,0,0.0,0.0,0.0,0.0,0,0,0,0,0,0.00,0.00,0.00,0.00,0,False
6,169,84,0,0,0,1,0,0,0,0,0,0,0,10,2.8,1.8,3.0,0.8,0,3,3,6,1,0.10,0.01,0.11,1.40,2,False
6,170,0,0,0,0,0,0,0,0,0,0,0,0,0,0.0,0.0,0.0,0.0,0,0,0,0,0,0.00,0.00,0.00,0.00,0,False
6,171,0,0,0,0,0,0,0,0,0,0,0,0,0,0.0,0.0,0.0,0.0,0,0,0,0,0,0.00,0.00,0.00,0.00,0,False
6,172,0,0,0,0,0,0,0,0,0,0,0,0,0,0.0,0.0,0.0,0.0,0,0,0,0,0,0.00,0.00,0.00,0.00,0,False
6,173,35,0,1,0,0,0,0,0,1,0,0,0,14,20.2,11.6,2.0,3.4,0,2,2,4,0,0.00,0.36,0.36,0.48,3,False
6,174,0,0,0,0,0,0,0,0,0,0,0,0,0,0.0,0.0,0.0,0.0,0,0,0,0,0,0.00,0.00,0.00,0.00,0,False
6,175,0,0,0,0,0,0,0,0,0,0,0,0,0,0.0,0.0,0.0,0.0,0,0,0,0,0,0.00,0.00,0.00,0.00,0,False
6,176,0,0,0,0,0,0,0,0,0,0,0,0,0,0.0,0.0,0.0,0.0,0,0,0,0,0,0.00,0.00,0.00,0.00,0,False
6,177,0,0,0,0,0,0,0,0,0,0,0,0,0,0.0,0.0,0.0,0.0,0,0,0,0,0,0.00,0.00,0.00,0.00,0,False
6,178,23,2,0,0,0,0,0,0,1,0,0,3,49,65.2,0.1,54.0,11.9,2,0,0,2,0,0.75,0.00,0.75,0.43,11,True
6,179,0,0,0,0,0,0,0,0,0,0,0,0,0,0.0,0.0,0.0,0.0,0,0,0,0,0,0.00,0.00,0.00,0.00,0,False
6,180,5,0,0,0,0,0,0,0,0,0,0,0,6,4.0,10.0,4.0,1.8,0,0,2,2,0,0.28,0.00,0.28,0.41,1,False
6,181,0,0,0,0,0,0,0,0,0,0,0,0,0,0.0,0.0,0.0,0.0,0,0,0,0,0,0.00,0.00,0.00,0.00,0,False
6,182,0,0,0,0,0,0,0,0,0,0,0,0,0,0.0,0.0,0.0,0.0,0,0,0,0,0,0.00,0.00,0.00,0.00,0,False
6,183,0,0,0,0,0,0,0,0,0,0,0,0,0,0.0,0.0,0.0,0.0,0,0,0,0,0,0.00,0.00,0.00,0.00,0,False
6,184,0,0,0,0,0,0,0,0,0,0,0,0,0,0.0,0.0,0.0,0.0,0,0,0,0,0,0.00,0.00,0.00,0.00,0,False
6,185,0,0,0,0,0,0,0,0,0,0,0,0,0,0.0,0.0,0.0,0.0,0,0,0,0,0,0.00,0.00,0.00,0.00,0,False
6,186,0,0,0,0,0,0,0,0,0,0,0,0,0,0.0,0.0,0.0,0.0,0,0,0,0,0,0.00,0.00,0.00,0.00,0,False
6,187,90,0,0,0,5,0,0,0,1,0,0,0,-16,11.4,2.2,4.0,1.8,5,7,1,6,1,0.03,0.02,0.05,2.03,-1,False
6,188,0,0,0,0,0,0,0,0,0,0,0,0,0,0.0,0.0,0.0,0.0,0,0,0,0,0,0.00,0.00,0.00,0.00,0,False
6,189,0,0,0,0,0,0,0,0,0,0,0,0,0,0.0,0.0,0.0,0.0,0,0,0,0,0,0.00,0.00,0.00,0.00,0,False
6,190,90,0,0,0,5,0,0,0,0,0,0,0,-9,18.6,10.6,4.0,3.3,6,1,3,9,1,0.00,0.15,0.15,2.03,0,False
6,191,90,0,0,0,5,2,0,0,0,0,0,0,-23,9.2,0.7,1.0,1.1,8,3,4,12,1,0.02,0.00,0.02,2.03,-2,False
6,192,87,0,1,0,3,0,0,0,1,0,0,0,6,28.6,11.4,7.0,4.7,4,1,2,6,1,0.02,0.12,0.14,1.41,3,False
6,193,2,0,0,0,2,0,0,0,0,0,0,0,-5,0.2,0.0,0.0,0.0,0,0,0,0,0,0.00,0.00,0.00,0.62,0,False
6,194,0,0,0,0,0,0,0,0,0,0,0,0,0,0.0,0.0,0.0,0.0,0,0,0,0,0,0.00,0.00,0.00,0.00,0,False
6,195,0,0,0,0,0,0,0,0,0,0,0,0,0,0.0,0.0,0.0,0.0,0,0,0,0,0,0.00,0.00,0.00,0.00,0,False
6,196,0,0,0,0,0,0,0,0,0,0,0,0,0,0.0,0.0,0.0,0.0,0,0,0,0,0,0.00,0.00,0.00,0.00,0,False
6,197,0,0,0,0,0,0,0,0,0,0,0,0,0,0.0,0.0,0.0,0.0,0,0,0,0,0,0.00,0.00,0.00,0.00,0,False
6,198,0,0,0,0,0,0,0,0,0,0,0,0,0,0.0,0.0,0.0,0.0,0,0,0,0,0,0.00,0.00,0.00,0.00,0,False
6,199,0,0,0,0,0,0,0,0,0,0,0,0,0,0.0,0.0,0.0,0.0,0,0,0,0,0,0.00,0.00,0.00,0.00,0,False
6,200,87,1,0,0,3,0,0,0,1,0,0,0,30,45.4,36.5,19.0,10.1,4,4,2,10,1,0.10,0.08,0.18,1.41,6,False
6,201,0,0,0,0,0,0,0,0,0,0,0,0,0,0.0,0.0,0.0,0.0,0,0,0,0,0,0.00,0.00,0.00,0.00,0,False
6,202,28,0,0,0,3,0,0,0,0,0,0,0,1,0.0,1.6,0.0,0.2,0,1,0,1,0,0.00,0.00,0.00,0.95,1,False
6,203,0,0,0,0,0,0,0,0,0,0,0,0,0,0.0,0.0,0.0,0.0,0,0,0,0,0,0.00,0.00,0.00,0.00,0,False
6,204,0,0,0,0,0,0,0,0,0,0,0,0,0,0.0,0.0,0.0,0.0,0,0,0,0,0,0.00,0.00,0.00,0.00,0,False
6,205,78,0,0,0,3,0,0,0,0,0,0,0,17,27.0,13.5,0.0,4.1,10,2,0,12,1,0.00,0.01,0.01,1.25,4,False
6,206,0,0,0,0,0,0,0,0,0,0,0,0,0,0.0,0.0,0.0,0.0,0,0,0,0,0,0.00,0.00,0.00,0.00,0,False
6,207,2,0,0,0,2,0,0,0,0,0,0,0,4,1.0,0.0,0.0,0.1,0,0,0,0,0,0.00,0.00,0.00,0.62,1,False
6,208,0,0,0,0,0,0,0,0,0,0,0,0,0,0.0,0.0,0.0,0.0,0,0,0,0,0,0.00,0.00,0.00,0.00,0,False
6,209,90,0,0,0,5,0,0,0,0,0,0,0,9,4.0,0.7,5.0,1.0,2,4,0,6,1,0.04,0.00,0.04,2.03,2,False
6,210,61,0,0,0,2,0,0,0,0,0,0,0,6,5.4,1.2,5.0,1.2,1,1,2,4,1,0.03,0.00,0.03,1.08,2,False
6,211,0,0,0,0,0,0,0,0,0,0,0,0,0,0.0,0.0,0.0,0.0,0,0,0,0,0,0.00,0.00,0.00,0.00,0,False
6,212,0,0,0,0,0,0,0,0,0,0,0,0,0,0.0,0.0,0.0,0.0,0,0,0,0,0,0.00,0.00,0.00,0.00,0,False
6,213,0,0,0,0,0,0,0,0,0,0,0,0,0,0.0,0.0,0.0,0.0,0,0,0,0,0,0.00,0.00,0.00,0.00,0,False
6,214,0,0,0,0,0,0,0,0,0,0,0,0,0,0.0,0.0,0.0,0.0,0,0,0,0,0,0.00,0.00,0.00,0.00,0,False
6,215,0,0,0,0,0,0,0,0,0,0,0,0,0,0.0,0.0,0.0,0.0,0,0,0,0,0,0.00,0.00,0.00,0.00,0,False
6,216,0,0,0,0,0,0,0,0,0,0,0,0,0,0.0,0.0,0.0,0.0,0,0,0,0,0,0.00,0.00,0.00,0.00,0,False
6,217,79,0,0,0,3,0,0,0,0,0,0,0,6,1.6,11.6,13.0,2.6,2,1,0,3,1,0.18,0.03,0.21,1.25,2,False
6,218,0,0,0,0,0,0,0,0,0,0,0,0,0,0.0,0.0,0.0,0.0,0,0,0,0,0,0.00,0.00,0.00,0.00,0,False
6,219,0,0,0,0,0,0,0,0,0,0,0,0,0,0.0,0.0,0.0,0.0,0,0,0,0,0,0.00,0.00,0.00,0.00,0,False
6,220,90,0,0,0,3,0,0,0,0,0,0,0,2,10.0,20.0,0.0,3.0,0,12,0,0,1,0.00,0.00,0.00,2.28,1,False
6,221,0,0,0,0,0,0,0,0,0,0,0,0,0,0.0,0.0,0.0,0.0,0,0,0,0,0,0.00,0.00,0.00,0.00,0,False
6,222,0,0,0,0,0,0,0,0,0,0,0,0,0,0.0,0.0,0.0,0.0,0,0,0,0,0,0.00,0.00,0.00,0.00,0,False
6,223,0,0,0,0,0,0,0,0,0,0,0,0,0,0.0,0.0,0.0,0.0,0,0,0,0,0,0.00,0.00,0.00,0.00,0,False
6,224,90,0,0,0,3,0,0,0,1,0,0,0,1,9.0,16.9,3.0,2.9,1,2,3,4,1,0.02,0.01,0.03,2.28,0,False
6,225,90,0,1,0,3,0,0,0,1,0,0,0,11,13.8,18.0,13.0,4.5,4,1,1,5,1,0.05,0.30,0.35,2.28,3,False
6,226,52,0,0,0,3,0,0,0,0,1,0,0,-13,0.0,1.3,0.0,0.0,1,2,0,1,1,0.00,0.00,0.00,0.13,-3,False
6,227,0,0,0,0,0,0,0,0,0,0,0,0,0,0.0,0.0,0.0,0.0,0,0,0,0,0,0.00,0.00,0.00,0.00,0,False
6,228,27,0,0,0,3,0,0,0,0,0,0,0,-5,4.2,1.8,2.0,0.8,0,1,2,2,0,0.00,0.01,0.01,2.06,0,False
6,229,11,0,0,0,2,0,0,0,1,0,0,0,-8,1.4,0.3,0.0,0.2,1,2,0,1,0,0.00,0.00,0.00,1.24,-1,False
6,230,0,0,0,0,0,0,0,0,0,0,0,0,0,0.0,0.0,0.0,0.0,0,0,0,0,0,0.00,0.00,0.00,0.00,0,False
6,231,0,0,0,0,0,0,0,0,0,0,0,0,0,0.0,0.0,0.0,0.0,0,0,0,0,0,0.00,0.00,0.00,0.00,0,False
6,232,0,0,0,0,0,0,0,0,0,0,0,0,0,0.0,0.0,0.0,0.0,0,0,0,0,0,0.00,0.00,0.00,0.00,0,False
6,233,36,0,0,0,3,0,0,0,0,0,0,0,-12,0.0,0.1,0.0,0.0,3,1,0,3,0,0.00,0.00,0.00,2.16,0,False
6,234,0,0,0,0,0,0,0,0,0,0,0,0,0,0.0,0.0,0.0,0.0,0,0,0,0,0,0.00,0.00,0.00,0.00,0,False
6,235,0,0,0,0,0,0,0,0,0,0,0,0,0,0.0,0.0,0.0,0.0,0,0,0,0,0,0.00,0.00,0.00,0.00,0,False
6,236,78,0,0,0,1,0,0,0,0,0,0,0,5,4.6,17.3,11.0,3.3,1,0,1,2,1,0.05,0.03,0.08,1.05,2,False
6,237,90,1,0,0,3,0,0,0,0,0,0,2,32,43.4,20.2,52.0,11.6,0,3,3,6,1,1.48,0.02,1.50,2.28,9,False
6,238,63,0,0,1,0,0,0,0,0,0,0,0,9,9.2,3.3,19.0,3.2,1,1,3,5,1,0.19,0.01,0.20,0.22,3,False
6,239,0,0,0,0,0,0,0,0,0,0,0,0,0,0.0,0.0,0.0,0.0,0,0,0,0,0,0.00,0.00,0.00,0.00,0,False
6,240,0,0,0,0,0,0,0,0,0,0,0,0,0,0.0,0.0,0.0,0.0,0,0,0,0,0,0.00,0.00,0.00,0.00,0,False
6,241,90,0,0,0,3,0,0,0,0,0,0,0,18,17.4,4.4,2.0,2.4,4,4,3,11,1,0.03,0.02,0.05,2.28,2,False
6,242,90,0,0,0,1,0,0,0,1,0,0,0,11,4.4,17.0,17.0,3.8,4,6,0,10,1,0.13,0.05,0.18,1.17,1,False
6,243,0,0,0,0,0,0,0,0,0,0,0,0,0,0.0,0.0,0.0,0.0,0,0,0,0,0,0.00,0.00,0.00,0.00,0,False
6,244,11,0,0,0,2,0,0,0,0,0,0,0,4,2.8,0.3,0.0,0.3,2,1,0,3,0,0.00,0.01,0.01,1.24,1,False
6,245,0,0,0,0,0,0,0,0,0,0,0,0,0,0.0,0.0,0.0,0.0,0,0,0,0,0,0.00,0.00,0.00,0.00,0,False
6,246,53,0,0,0,0,0,0,0,0,0,0,0,6,6.6,11.0,0.0,1.8,0,0,2,2,1,0.00,0.01,0.01,0.13,1,False
6,247,0,0,0,0,0,0,0,0,0,0,0,0,0,0.0,0.0,0.0,0.0,0,0,0,0,0,0.00,0.00,0.00,0.00,0,False
6,248,0,0,0,0,0,0,0,0,0,0,0,0,0,0.0,0.0,0.0,0.0,0,0,0,0,0,0.00,0.00,0.00,0.00,0,False
6,249,90,0,0,0,3,0,0,0,0,0,0,0,6,8.6,30.5,0.0,3.9,1,3,2,6,1,0.00,0.03,0.03,2.28,2,False
6,250,0,0,0,0,0,0,0,0,0,0,0,0,0,0.0,0.0,0.0,0.0,0,0,0,0,0,0.00,0.00,0.00,0.00,0,False
6,251,0,0,0,0,0,0,0,0,0,0,0,0,0,0.0,0.0,0.0,0.0,0,0,0,0,0,0.00,0.00,0.00,0.00,0,False
6,252,0,0,0,0,0,0,0,0,0,0,0,0,0,0.0,0.0,0.0,0.0,0,0,0,0,0,0.00,0.00,0.00,0.00,0,False
6,253,90,0,0,0,1,0,0,0,0,0,3,0,14,21.4,0.0,0.0,2.1,0,9,0,0,1,0.00,0.00,0.00,2.14,3,False
6,254,0,0,0,0,0,0,0,0,0,0,0,0,0,0.0,0.0,0.0,0.0,0,0,0,0,0,0.00,0.00,0.00,0.00,0,False
6,255,0,0,0,0,0,0,0,0,0,0,0,0,0,0.0,0.0,0.0,0.0,0,0,0,0,0,0.00,0.00,0.00,0.00,0,False
6,256,90,0,0,0,1,0,0,0,0,0,0,0,12,19.4,11.1,46.0,7.7,7,2,2,9,1,0.37,0.01,0.38,2.14,2,False
6,257,90,0,0,0,1,0,0,0,0,0,0,0,15,27.6,0.1,0.0,2.8,8,2,5,13,1,0.00,0.01,0.01,2.14,4,False
6,258,90,0,0,0,1,0,0,0,0,0,0,0,11,24.8,15.3,8.0,4.8,8,3,5,13,1,0.00,0.12,0.12,2.14,4,False
6,259,0,0,0,0,0,0,0,0,0,0,0,0,0,0.0,0.0,0.0,0.0,0,0,0,0,0,0.00,0.00,0.00,0.00,0,False
6,260,90,0,1,0,1,0,0,0,0,0,0,0,21,35.4,11.1,4.0,5.1,8,2,3,11,1,0.00,0.05,0.05,2.14,7,False
6,261,90,0,0,0,1,0,0,0,0,0,0,0,7,19.8,0.2,0.0,2.0,10,0,3,13,1,0.00,0.00,0.00,2.14,4,False
6,262,0,0,0,0,0,0,0,0,0,0,0,0,0,0.0,0.0,0.0,0.0,0,0,0,0,0,0.00,0.00,0.00,0.00,0,False
6,263,0,0,0,0,0,0,0,0,0,0,0,0,0,0.0,0.0,0.0,0.0,0,0,0,0,0,0.00,0.00,0.00,0.00,0,False
6,264,0,0,0,0,0,0,0,0,0,0,0,0,0,0.0,0.0,0.0,0.0,0,0,0,0,0,0.00,0.00,0.00,0.00,0,False
6,265,0,0,0,0,0,0,0,0,0,0,0,0,0,0.0,0.0,0.0,0.0,0,0,0,0,0,0.00,0.00,0.00,0.00,0,False
6,266,90,0,0,0,1,0,0,0,0,0,0,0,11,10.6,17.1,47.0,7.5,1,5,0,6,1,0.42,0.09,0.51,0.61,2,False
6,267,74,1,0,1,0,0,0,0,0,0,0,3,29,33.0,12.8,53.0,9.9,0,3,0,3,1,0.75,0.15,0.90,1.50,11,True
6,268,0,0,0,0,0,0,0,0,0,0,0,0,0,0.0,0.0,0.0,0.0,0,0,0,0,0,0.00,0.00,0.00,0.00,0,False
6,269,0,0,0,0,0,0,0,0,0,0,0,0,0,0.0,0.0,0.0,0.0,0,0,0,0,0,0.00,0.00,0.00,0.00,0,False
6,270,28,0,0,0,1,0,0,0,0,0,0,0,2,1.6,0.8,4.0,0.6,0,0,0,0,0,0.00,0.06,0.06,1.10,1,False
6,271,90,0,1,0,1,0,0,0,0,0,0,0,17,2.0,12.2,2.0,1.6,0,5,3,8,1,0.00,0.04,0.04,2.14,5,False
6,272,16,0,0,0,1,0,0,0,0,0,0,0,5,2.2,0.6,3.0,0.6,1,2,1,4,0,0.05,0.01,0.06,0.64,1,False
6,273,61,0,0,1,0,0,0,0,0,0,0,0,21,13.0,48.3,5.0,6.6,1,4,1,6,1,0.04,0.44,0.48,1.03,3,False
6,274,0,0,0,0,0,0,0,0,0,0,0,0,0,0.0,0.0,0.0,0.0,0,0,0,0,0,0.00,0.00,0.00,0.00,0,False
6,275,0,0,0,0,0,0,0,0,0,0,0,0,0,0.0,0.0,0.0,0.0,0,0,0,0,0,0.00,0.00,0.00,0.00,0,False
6,276,1,0,0,0,0,0,0,0,0,0,0,0,4,1.2,0.1,0.0,0.1,0,1,1,2,0,0.00,0.00,0.00,0.00,1,False
6,277,0,0,0,0,0,0,0,0,0,0,0,0,0,0.0,0.0,0.0,0.0,0,0,0,0,0,0.00,0.00,0.00,0.00,0,False
6,278,0,0,0,0,0,0,0,0,0,0,0,0,0,0.0,0.0,0.0,0.0,0,0,0,0,0,0.00,0.00,0.00,0.00,0,False
6,279,0,0,0,0,0,0,0,0,0,0,0,0,0,0.0,0.0,0.0,0.0,0,0,0,0,0,0.00,0.00,0.00,0.00,0,False
6,280,0,0,0,0,0,0,0,0,0,0,0,0,0,0.0,0.0,0.0,0.0,0,0,0,0,0,0.00,0.00,0.00,0.00,0,False
6,281,0,0,0,0,0,0,0,0,0,0,0,0,0,0.0,0.0,0.0,0.0,0,0,0,0,0,0.00,0.00,0.00,0.00,0,False
6,282,0,0,0,0,0,0,0,0,0,0,0,0,0,0.0,0.0,0.0,0.0,0,0,0,0,0,0.00,0.00,0.00,0.00,0,False
6,283,90,0,0,0,1,0,0,0,0,0,0,0,2,7.6,15.8,39.0,6.2,1,2,0,3,1,0.92,0.10,1.02,2.14,2,False
6,284,15,1,0,0,1,0,0,0,1,0,0,0,25,31.0,10.1,23.0,6.4,0,0,0,0,0,0.57,0.00,0.57,0.64,4,False
6,285,0,0,0,0,0,0,0,0,0,0,0,0,0,0.0,0.0,0.0,0.0,0,0,0,0,0,0.00,0.00,0.00,0.00,0,False
6,286,0,0,0,0,0,0,0,0,0,0,0,0,0,0.0,0.0,0.0,0.0,0,0,0,0,0,0.00,0.00,0.00,0.00,0,False
6,287,90,0,0,0,1,0,0,0,0,0,2,0,12,23.2,0.0,0.0,2.3,1,8,1,0,1,0.00,0.00,0.00,1.17,2,False
6,288,0,0,0,0,0,0,0,0,0,0,0,0,0,0.0,0.0,0.0,0.0,0,0,0,0,0,0.00,0.00,0.00,0.00,0,False
6,289,0,0,0,0,0,0,0,0,0,0,0,0,0,0.0,0.0,0.0,0.0,0,0,0,0,0,0.00,0.00,0.00,0.00,0,False
6,290,0,0,0,0,0,0,0,0,0,0,0,0,0,0.0,0.0,0.0,0.0,0,0,0,0,0,0.00,0.00,0.00,0.00,0,False
6,291,90,0,0,0,1,0,0,0,1,0,0,0,10,21.6,15.7,0.0,3.7,7,3,0,7,1,0.00,0.11,0.11,1.17,1,False
6,292,90,0,0,0,1,0,0,0,1,0,0,0,9,20.6,3.5,2.0,2.6,8,3,0,8,1,0.00,0.03,0.03,1.17,1,False
6,293,90,0,0,0,1,0,0,0,0,0,0,0,11,12.6,5.3,5.0,2.3,7,4,2,9,1,0.04,0.02,0.06,1.17,2,False
6,294,0,0,0,0,0,0,0,0,0,0,0,0,0,0.0,0.0,0.0,0.0,0,0,0,0,0,0.00,0.00,0.00,0.00,0,False
6,295,90,1,0,0,1,0,0,0,0,0,0,1,25,63.4,0.9,19.0,8.3,12,1,1,13,1,0.05,0.01,0.06,1.17,11,False
6,296,0,0,0,0,0,0,0,0,0,0,0,0,0,0.0,0.0,0.0,0.0,0,0,0,0,0,0.00,0.00,0.00,0.00,0,False
6,297,0,0,0,0,0,0,0,0,0,0,0,0,0,0.0,0.0,0.0,0.0,0,0,0,0,0,0.00,0.00,0.00,0.00,0,False
6,298,0,0,0,0,0,0,0,0,0,0,0,0,0,0.0,0.0,0.0,0.0,0,0,0,0,0,0.00,0.00,0.00,0.00,0,False
6,299,80,0,0,0,1,0,0,0,0,0,0,0,16,12.2,27.9,21.0,6.1,0,5,1,6,1,0.06,0.13,0.19,1.02,2,False
6,300,0,0,0,0,0,0,0,0,0,0,0,0,0,0.0,0.0,0.0,0.0,0,0,0,0,0,0.00,0.00,0.00,0.00,0,False
6,301,0,0,0,0,0,0,0,0,0,0,0,0,0,0.0,0.0,0.0,0.0,0,0,0,0,0,0.00,0.00,0.00,0.00,0,False
6,302,90,0,0,0,1,0,0,0,0,0,0,0,12,12.2,9.6,1.0,2.3,2,4,1,7,1,0.04,0.06,0.10,1.17,2,False
6,303,90,0,1,0,1,0,0,0,0,0,0,2,30,34.4,22.1,49.0,10.6,3,4,2,9,1,0.24,0.10,0.34,1.17,7,False
6,304,0,0,0,0,0,0,0,0,0,0,0,0,0,0.0,0.0,0.0,0.0,0,0,0,0,0,0.00,0.00,0.00,0.00,0,False
6,305,0,0,0,0,0,0,0,0,0,0,0,0,0,0.0,0.0,0.0,0.0,0,0,0,0,0,0.00,0.00,0.00,0.00,0,False
6,306,0,0,0,0,0,0,0,0,0,0,0,0,0,0.0,0.0,0.0,0.0,0,0,0,0,0,0.00,0.00,0.00,0.00,0,False
6,307,0,0,0,0,0,0,0,0,0,0,0,0,0,0.0,0.0,0.0,0.0,0,0,0,0,0,0.00,0.00,0.00,0.00,0,False
6,308,0,0,0,0,0,0,0,0,0,0,0,0,0,0.0,0.0,0.0,0.0,0,0,0,0,0,0.00,0.00,0.00,0.00,0,False
6,309,0,0,0,0,0,0,0,0,0,0,0,0,0,0.0,0.0,0.0,0.0,0,0,0,0,0,0.00,0.00,0.00,0.00,0,False
6,310,21,0,0,0,0,0,0,0,0,0,0,0,3,2.0,1.3,0.0,0.3,1,0,0,1,0,0.00,0.00,0.00,0.29,1,False
6,311,68,0,0,0,1,0,0,0,0,0,0,0,4,5.0,1.6,21.0,2.8,1,1,1,3,1,0.18,0.00,0.18,0.88,2,False
6,312,0,0,0,0,0,0,0,0,0,0,0,0,0,0.0,0.0,0.0,0.0,0,0,0,0,0,0.00,0.00,0.00,0.00,0,False
6,313,0,0,0,0,0,0,0,0,0,0,0,0,0,0.0,0.0,0.0,0.0,0,0,0,0,0,0.00,0.00,0.00,0.00,0,False
6,314,90,0,0,0,3,0,0,0,0,0,1,0,0,9.2,0.0,0.0,0.9,1,12,0,0,1,0.00,0.00,0.00,1.11,1,False
6,315,0,0,0,0,0,0,0,0,0,0,0,0,0,0.0,0.0,0.0,0.0,0,0,0,0,0,0.00,0.00,0.00,0.00,0,False
6,316,10,0,0,0,0,0,0,0,0,0,0,0,3,1.8,1.3,0.0,0.3,0,0,0,0,0,0.00,0.02,0.02,0.00,1,False
6,317,90,0,0,0,3,0,0,0,0,0,0,0,8,18.8,0.8,2.0,2.2,8,3,2,10,1,0.00,0.01,0.01,1.11,3,False
6,318,90,0,0,0,3,0,0,0,1,0,0,0,0,16.6,11.8,0.0,2.8,4,7,2,6,1,0.00,0.01,0.01,1.11,0,False
6,319,90,0,0,0,3,0,0,0,0,0,0,0,11,23.2,20.2,4.0,4.7,8,6,2,10,1,0.00,0.03,0.03,1.11,3,False
6,320,0,0,0,0,0,0,0,0,0,0,0,0,0,0.0,0.0,0.0,0.0,0,0,0,0,0,0.00,0.00,0.00,0.00,0,False
6,321,0,0,0,0,0,0,0,0,0,0,0,0,0,0.0,0.0,0.0,0.0,0,0,0,0,0,0.00,0.00,0.00,0.00,0,False
6,322,0,0,0,0,0,0,0,0,0,0,0,0,0,0.0,0.0,0.0,0.0,0,0,0,0,0,0.00,0.00,0.00,0.00,0,False
6,323,0,0,0,0,0,0,0,0,0,0,0,0,0,0.0,0.0,0.0,0.0,0,0,0,0,0,0.00,0.00,0.00,0.00,0,False
6,324,64,0,0,0,3,0,0,0,0,0,0,0,7,2.6,7.8,0.0,1.0,0,3,0,3,1,0.00,0.18,0.18,1.11,2,False
6,325,25,0,0,0,0,0,0,0,0,0,0,0,3,1.4,3.0,0.0,0.4,0,1,0,1,0,0.00,0.01,0.01,0.00,1,False
6,326,79,0,0,0,3,0,0,0,0,0,0,0,8,7.6,33.3,4.0,4.5,0,3,0,3,0,0.00,0.41,0.41,1.11,2,False
6,327,0,0,0,0,0,0,0,0,0,0,0,0,0,0.0,0.0,0.0,0.0,0,0,0,0,0,0.00,0.00,0.00,0.00,0,False
6,328,79,0,0,0,3,0,0,0,0,0,0,0,12,20.4,1.0,6.0,2.7,6,1,4,11,1,0.00,0.00,0.00,1.11,2,False
6,329,79,0,0,0,3,0,0,0,1,0,0,0,6,1.6,3.2,8.0,1.3,1,4,1,6,1,0.21,0.01,0.22,1.11,1,False
6,330,90,0,0,0,3,0,0,0,0,0,0,0,13,7.4,2.5,0.0,1.0,2,3,1,6,1,0.00,0.01,0.01,1.11,2,False
6,331,0,0,0,0,0,0,0,0,0,0,0,0,0,0.0,0.0,0.0,0.0,0,0,0,0,0,0.00,0.00,0.00,0.00,0,False
6,332,90,0,1,0,3,0,0,0,1,0,0,0,20,22.4,31.5,14.0,6.8,2,5,1,8,1,0.23,0.12,0.35,1.11,4,False
6,333,0,0,0,0,0,0,0,0,0,0,0,0,0,0.0,0.0,0.0,0.0,0,0,0,0,0,0.00,0.00,0.00,0.00,0,False
6,334,0,0,0,0,0,0,0,0,0,0,0,0,0,0.0,0.0,0.0,0.0,0,0,0,0,0,0.00,0.00,0.00,0.00,0,False
6,335,64,0,0,0,3,0,0,0,1,0,0,0,11,16.8,11.1,47.0,7.5,2,2,1,5,1,0.25,0.01,0.26,1.11,1,False
6,336,0,0,0,0,0,0,0,0,0,0,0,0,0,0.0,0.0,0.0,0.0,0,0,0,0,0,0.00,0.00,0.00,0.00,0,False
6,337,10,1,0,0,0,0,0,0,0,0,0,1,29,32.0,0.0,33.0,6.5,0,0,0,0,1,0.06,0.00,0.06,0.00,6,False
6,338,0,0,0,0,0,0,0,0,0,0,0,0,0,0.0,0.0,0.0,0.0,0,0,0,0,0,0.00,0.00,0.00,0.00,0,False
6,339,0,0,0,0,0,0,0,0,0,0,0,0,0,0.0,0.0,0.0,0.0,0,0,0,0,0,0.00,0.00,0.00,0.00,0,False
6,340,0,0,0,0,0,0,0,0,0,0,0,0,0,0.0,0.0,0.0,0.0,0,0,0,0,0,0.00,0.00,0.00,0.00,0,False
6,341,90,0,0,0,2,0,0,0,0,0,3,0,12,29.4,0.0,0.0,2.9,1,12,0,0,1,0.00,0.00,0.00,0.82,2,False
6,342,90,0,0,0,2,0,0,0,0,0,0,0,10,22.8,14.9,8.0,4.6,5,3,5,10,1,0.00,0.03,0.03,0.82,3,False
6,343,90,0,0,0,2,0,0,0,0,0,0,0,9,23.4,10.6,6.0,4.0,12,4,0,12,1,0.11,0.02,0.13,0.82,3,False
6,344,0,0,0,0,0,0,0,0,0,0,0,0,0,0.0,0.0,0.0,0.0,0,0,0,0,0,0.00,0.00,0.00,0.00,0,False
6,345,0,0,0,0,0,0,0,0,0,0,0,0,0,0.0,0.0,0.0,0.0,0,0,0,0,0,0.00,0.00,0.00,0.00,0,False
6,346,0,0,0,0,0,0,0,0,0,0,0,0,0,0.0,0.0,0.0,0.0,0,0,0,0,0,0.00,0.00,0.00,0.00,0,False
6,347,90,0,0,0,2,0,0,0,0,0,0,0,-6,13.2,0.9,8.0,2.2,2,2,4,6,1,0.00,0.01,0.01,0.82,1,False
6,348,90,1,0,0,2,0,0,0,0,0,0,0,21,55.0,0.3,47.0,10.2,7,3,2,9,1,0.33,0.00,0.33,0.82,7,False
6,349,0,0,0,0,0,0,0,0,0,0,0,0,0,0.0,0.0,0.0,0.0,0,0,0,0,0,0.00,0.00,0.00,0.00,0,False
6,350,86,0,1,0,1,0,0,0,1,0,0,0,19,7.8,12.3,35.0,5.5,2,2,2,6,1,0.47,0.02,0.49,0.58,4,False
6,351,0,0,0,0,0,0,0,0,0,0,0,0,0,0.0,0.0,0.0,0.0,0,0,0,0,0,0.00,0.00,0.00,0.00,0,False
6,352,23,0,0,0,1,0,0,0,0,0,0,0,5,4.0,0.4,11.0,1.5,0,1,1,2,0,0.07,0.00,0.07,0.41,1,False
6,353,0,0,0,0,0,0,0,0,0,0,0,0,0,0.0,0.0,0.0,0.0,0,0,0,0,0,0.00,0.00,0.00,0.00,0,False
6,354,90,0,0,0,2,0,0,0,1,0,0,0,8,6.8,7.7,2.0,1.7,3,5,1,9,1,0.00,0.02,0.02,0.82,1,False
6,355,0,0,0,0,0,0,0,0,0,0,0,0,0,0.0,0.0,0.0,0.0,0,0,0,0,0,0.00,0.00,0.00,0.00,0,False
6,356,0,0,0,0,0,0,0,0,0,0,0,0,0,0.0,0.0,0.0,0.0,0,0,0,0,0,0.00,0.00,0.00,0.00,0,False
6,357,0,0,0,0,0,0,0,0,0,0,0,0,0,0.0,0.0,0.0,0.0,0,0,0,0,0,0.00,0.00,0.00,0.00,0,False
6,358,3,0,0,0,1,0,0,0,0,0,0,0,3,1.0,0.0,0.0,0.1,0,1,1,2,0,0.00,0.00,0.00,0.24,1,False
6,359,0,0,0,0,0,0,0,0,0,0,0,0,0,0.0,0.0,0.0,0.0,0,0,0,0,0,0.00,0.00,0.00,0.00,0,False
6,360,0,0,0,0,0,0,0,0,0,0,0,0,0,0.0,0.0,0.0,0.0,0,0,0,0,0,0.00,0.00,0.00,0.00,0,False
6,361,0,0,0,0,0,0,0,0,0,0,0,0,0,0.0,0.0,0.0,0.0,0,0,0,0,0,0.00,0.00,0.00,0.00,0,False
6,362,0,0,0,0,0,0,0,0,0,0,0,0,0,0.0,0.0,0.0,0.0,0,0,0,0,0,0.00,0.00,0.00,0.00,0,False
6,363,0,0,0,0,0,0,0,0,0,0,0,0,0,0.0,0.0,0.0,0.0,0,0,0,0,0,0.00,0.00,0.00,0.00,0,False
6,364,0,0,0,0,0,0,0,0,0,0,0,0,0,0.0,0.0,0.0,0.0,0,0,0,0,0,0.00,0.00,0.00,0.00,0,False
6,365,1,0,0,0,1,0,0,0,0,0,0,0,3,0.0,1.0,0.0,0.1,0,0,0,0,0,0.00,0.00,0.00,0.24,1,False
6,366,90,0,0,0,2,0,0,0,0,0,5,0,21,46.2,0.0,0.0,4.6,0,10,0,0,1,0.00,0.00,0.00,2.92,2,False
6,367,0,0,0,0,0,0,0,0,0,0,0,0,0,0.0,0.0,0.0,0.0,0,0,0,0,0,0.00,0.00,0.00,0.00,0,False
6,368,0,0,0,0,0,0,0,0,0,0,0,0,0,0.0,0.0,0.0,0.0,0,0,0,0,0,0.00,0.00,0.00,0.00,0,False
6,369,0,0,0,0,0,0,0,0,0,0,0,0,0,0.0,0.0,0.0,0.0,0,0,0,0,0,0.00,0.00,0.00,0.00,0,False
6,370,16,0,0,0,1,0,0,0,0,0,0,0,-1,6.0,1.3,4.0,1.1,2,3,1,3,0,0.00,0.01,0.01,0.72,1,False
6,371,90,0,0,0,2,0,0,0,0,0,0,0,4,9.6,16.4,8.0,3.4,3,7,1,4,1,0.03,0.03,0.06,2.92,1,False
6,372,0,0,0,0,0,0,0,0,0,0,0,0,0,0.0,0.0,0.0,0.0,0,0,0,0,0,0.00,0.00,0.00,0.00,0,False
6,373,90,0,0,0,2,0,0,0,1,0,0,0,9,34.2,3.1,0.0,3.7,11,2,1,12,1,0.00,0.02,0.02,2.92,2,False
6,374,73,0,0,0,1,0,0,0,1,0,0,0,14,27.8,13.8,4.0,4.6,13,3,1,14,1,0.07,0.06,0.13,2.20,3,False
6,375,45,0,0,0,1,0,0,0,0,0,0,0,7,11.0,8.2,0.0,1.9,3,1,1,4,1,0.00,0.01,0.01,2.07,1,False
6,376,0,0,0,0,0,0,0,0,0,0,0,0,0,0.0,0.0,0.0,0.0,0,0,0,0,0,0.00,0.00,0.00,0.00,0,False
6,377,0,0,0,0,0,0,0,0,0,0,0,0,0,0.0,0.0,0.0,0.0,0,0,0,0,0,0.00,0.00,0.00,0.00,0,False
6,378,0,0,0,0,0,0,0,0,0,0,0,0,0,0.0,0.0,0.0,0.0,0,0,0,0,0,0.00,0.00,0.00,0.00,0,False
6,379,0,0,0,0,0,0,0,0,0,0,0,0,0,0.0,0.0,0.0,0.0,0,0,0,0,0,0.00,0.00,0.00,0.00,0,False
6,380,0,0,0,0,0,0,0,0,0,0,0,0,0,0.0,0.0,0.0,0.0,0,0,0,0,0,0.00,0.00,0.00,0.00,0,False
6,381,90,0,0,0,2,0,0,0,0,0,0,0,-2,4.6,28.4,31.0,6.4,0,3,0,3,1,0.49,0.04,0.53,2.92,2,False
6,382,73,0,0,0,1,0,0,0,0,0,0,0,9,7.8,15.5,26.0,4.9,0,5,0,5,1,0.48,0.04,0.52,2.20,2,False
6,383,0,0,0,0,0,0,0,0,0,0,0,0,0,0.0,0.0,0.0,0.0,0,0,0,0,0,0.00,0.00,0.00,0.00,0,False
6,384,45,0,0,0,1,0,0,0,0,0,0,0,2,0.0,12.9,16.0,2.9,0,0,0,0,0,0.15,0.02,0.17,0.85,1,False
6,385,16,1,0,0,1,0,0,0,1,0,0,0,16,30.2,3.3,18.0,5.2,1,0,0,1,0,0.29,0.00,0.29,0.72,5,False
6,386,64,0,0,0,1,0,0,0,0,0,0,0,14,6.8,13.5,2.0,2.2,2,2,0,4,1,0.04,0.04,0.08,2.07,2,False
6,387,90,0,0,0,2,0,0,0,0,0,0,1,28,25.8,73.5,9.0,10.8,5,11,0,16,1,0.03,0.42,0.45,2.92,5,False
6,388,25,0,0,0,1,0,0,0,0,0,0,0,12,4.8,17.1,1.0,2.3,0,1,0,1,0,0.04,0.26,0.30,0.85,1,False
6,389,45,0,0,0,1,0,0,0,0,0,0,0,4,4.8,6.2,7.0,1.8,1,1,0,2,1,0.02,0.01,0.03,0.51,1,False
6,390,90,0,1,0,2,0,0,0,0,0,0,3,29,21.2,5.8,8.0,3.5,7,3,1,11,1,0.08,0.04,0.12,2.92,8,False
6,391,17,0,0,0,0,0,0,0,0,0,0,0,0,1.0,1.2,5.0,0.7,1,0,0,1,0,0.09,0.01,0.10,0.21,1,False
6,392,0,0,0,0,0,0,0,0,0,0,0,0,0,0.0,0.0,0.0,0.0,0,0,0,0,0,0.00,0.00,0.00,0.00,0,False
6,393,0,0,0,0,0,0,0,0,0,0,0,0,0,0.0,0.0,0.0,0.0,0,0,0,0,0,0.00,0.00,0.00,0.00,0,False
6,394,0,0,0,0,0,0,0,0,0,0,0,0,0,0.0,0.0,0.0,0.0,0,0,0,0,0,0.00,0.00,0.00,0.00,0,False
6,395,0,0,0,0,0,0,0,0,0,0,0,0,0,0.0,0.0,0.0,0.0,0,0,0,0,0,0.00,0.00,0.00,0.00,0,False
6,396,0,0,0,0,0,0,0,0,0,0,0,0,0,0.0,0.0,0.0,0.0,0,0,0,0,0,0.00,0.00,0.00,0.00,0,False
6,397,0,0,0,0,0,0,0,0,0,0,0,0,0,0.0,0.0,0.0,0.0,0,0,0,0,0,0.00,0.00,0.00,0.00,0,False
6,398,0,0,0,0,0,0,0,0,0,0,0,0,0,0.0,0.0,0.0,0.0,0,0,0,0,0,0.00,0.00,0.00,0.00,0,False
6,399,0,0,0,0,0,0,0,0,0,0,0,0,0,0.0,0.0,0.0,0.0,0,0,0,0,0,0.00,0.00,0.00,0.00,0,False
6,400,0,0,0,0,0,0,0,0,0,0,0,0,0,0.0,0.0,0.0,0.0,0,0,0,0,0,0.00,0.00,0.00,0.00,0,False
6,401,0,0,0,0,0,0,0,0,0,0,0,0,0,0.0,0.0,0.0,0.0,0,0,0,0,0,0.00,0.00,0.00,0.00,0,False
6,402,0,0,0,0,0,0,0,0,0,0,0,0,0,0.0,0.0,0.0,0.0,0,0,0,0,0,0.00,0.00,0.00,0.00,0,False
6,403,69,0,0,0,1,0,0,0,0,0,0,0,14,25.8,24.2,4.0,5.4,6,3,0,6,1,0.04,0.19,0.23,0.41,2,False
6,404,0,0,0,0,0,0,0,0,0,0,0,0,0,0.0,0.0,0.0,0.0,0,0,0,0,0,0.00,0.00,0.00,0.00,0,False
6,405,20,0,0,0,0,0,0,0,0,0,0,0,3,1.4,10.8,4.0,1.6,0,0,0,0,0,0.05,0.00,0.05,0.00,1,False
6,406,0,0,0,0,0,0,0,0,0,0,0,0,0,0.0,0.0,0.0,0.0,0,0,0,0,0,0.00,0.00,0.00,0.00,0,False
6,407,90,1,1,0,1,0,0,0,0,0,0,1,33,50.6,12.8,22.0,8.5,4,3,0,4,1,0.18,0.04,0.22,0.41,12,True
6,408,90,0,0,0,1,0,0,0,0,0,0,0,13,16.4,4.5,0.0,2.1,5,4,1,6,1,0.00,0.03,0.03,0.41,2,False
6,409,0,0,0,0,0,0,0,0,0,0,0,0,0,0.0,0.0,0.0,0.0,0,0,0,0,0,0.00,0.00,0.00,0.00,0,False
6,410,7,0,0,0,0,0,0,0,0,0,0,0,3,0.4,0.3,2.0,0.3,0,0,0,0,0,0.00,0.00,0.00,0.00,1,False
6,411,82,0,0,0,1,0,0,0,0,0,0,0,11,27.2,30.8,12.0,7.0,4,4,4,8,1,0.03,0.17,0.20,0.41,2,False
6,412,0,0,0,0,0,0,0,0,0,0,0,0,0,0.0,0.0,0.0,0.0,0,0,0,0,0,0.00,0.00,0.00,0.00,0,False
6,413,0,0,0,0,0,0,0,0,0,0,0,0,0,0.0,0.0,0.0,0.0,0,0,0,0,0,0.00,0.00,0.00,0.00,0,False
6,414,90,0,0,0,1,0,0,0,1,0,0,0,11,12.4,57.8,10.0,8.0,1,5,0,6,1,0.00,0.17,0.17,0.41,1,False
6,415,61,0,0,0,1,0,0,0,0,0,0,0,5,0.0,5.3,18.0,2.2,0,1,0,1,1,0.03,0.06,0.09,0.41,2,False
6,416,7,0,0,0,0,0,0,0,0,0,0,0,3,0.2,1.0,0.0,0.1,0,0,0,0,0,0.00,0.00,0.00,0.00,1,False
6,417,0,0,0,0,0,0,0,0,0,0,0,0,0,0.0,0.0,0.0,0.0,0,0,0,0,0,0.00,0.00,0.00,0.00,0,False
6,418,90,0,2,0,1,0,0,0,0,0,0,2,43,45.2,50.1,89.0,18.4,0,2,1,3,1,0.34,0.28,0.62,0.41,10,False
6,419,90,0,0,0,1,0,0,0,0,0,0,0,17,13.8,46.3,20.0,8.0,2,4,0,6,1,0.00,0.15,0.15,1.17,2,False
6,420,0,0,0,0,0,0,0,0,0,0,0,0,0,0.0,0.0,0.0,0.0,0,0,0,0,0,0.00,0.00,0.00,0.00,0,False
6,421,0,0,0,0,0,0,0,0,0,0,0,0,0,0.0,0.0,0.0,0.0,0,0,0,0,0,0.00,0.00,0.00,0.00,0,False
6,422,0,0,0,0,0,0,0,0,0,0,0,0,0,0.0,0.0,0.0,0.0,0,0,0,0,0,0.00,0.00,0.00,0.00,0,False
6,423,90,0,0,0,1,0,0,0,0,0,0,0,23,17.8,30.2,6.0,5.4,3,6,1,10,1,0.05,0.23,0.28,0.41,2,False
6,424,28,0,0,0,0,0,0,0,0,0,0,0,2,2.2,9.3,2.0,1.4,0,1,0,1,0,0.00,0.06,0.06,0.00,1,False
6,425,0,0,0,0,0,0,0,0,0,0,0,0,0,0.0,0.0,0.0,0.0,0,0,0,0,0,0.00,0.00,0.00,0.00,0,False
6,426,59,0,0,0,1,0,0,0,0,0,0,0,7,4.4,4.1,2.0,1.1,1,3,1,5,1,0.02,0.04,0.06,0.74,1,False
6,427,82,0,0,0,1,0,0,0,0,0,0,0,16,10.6,11.0,18.0,4.0,3,2,1,6,1,0.14,0.06,0.20,0.41,2,False
6,428,0,0,0,0,0,0,0,0,0,0,0,0,0,0.0,0.0,0.0,0.0,0,0,0,0,0,0.00,0.00,0.00,0.00,0,False
6,429,0,0,0,0,0,0,0,0,0,0,0,0,0,0.0,0.0,0.0,0.0,0,0,0,0,0,0.00,0.00,0.00,0.00,0,False
6,430,90,2,1,0,1,0,0,0,0,0,0,3,68,85.4,20.8,78.0,18.4,2,2,0,4,1,1.17,0.24,1.41,0.41,16,True
6,431,90,0,0,0,3,0,0,0,0,0,5,0,11,44.4,0.0,0.0,4.4,2,5,0,0,1,0.00,0.01,0.01,2.02,2,False
6,432,0,0,0,0,0,0,0,0,0,0,0,0,0,0.0,0.0,0.0,0.0,0,0,0,0,0,0.00,0.00,0.00,0.00,0,False
6,433,0,0,0,0,0,0,0,0,0,0,0,0,0,0.0,0.0,0.0,0.0,0,0,0,0,0,0.00,0.00,0.00,0.00,0,False
6,434,0,0,0,0,0,0,0,0,0,0,0,0,0,0.0,0.0,0.0,0.0,0,0,0,0,0,0.00,0.00,0.00,0.00,0,False
6,435,0,0,0,0,0,0,0,0,0,0,0,0,0,0.0,0.0,0.0,0.0,0,0,0,0,0,0.00,0.00,0.00,0.00,0,False
6,436,90,0,0,0,3,0,0,0,0,0,0,0,9,20.0,0.9,4.0,2.5,7,4,3,10,1,0.15,0.00,0.15,2.02,3,False
6,437,0,0,0,0,0,0,0,0,0,0,0,0,0,0.0,0.0,0.0,0.0,0,0,0,0,0,0.00,0.00,0.00,0.00,0,False
6,438,0,0,0,0,0,0,0,0,0,0,0,0,0,0.0,0.0,0.0,0.0,0,0,0,0,0,0.00,0.00,0.00,0.00,0,False
6,439,0,0,0,0,0,0,0,0,0,0,0,0,0,0.0,0.0,0.0,0.0,0,0,0,0,0,0.00,0.00,0.00,0.00,0,False
6,440,90,0,0,0,3,0,0,0,0,0,0,0,1,11.6,36.8,0.0,4.8,1,1,0,1,1,0.00,0.12,0.12,2.02,1,False
6,441,84,0,0,0,2,0,0,0,1,0,0,0,1,8.6,1.1,2.0,1.2,5,5,2,7,1,0.00,0.01,0.01,1.92,0,False
6,442,65,0,0,0,2,0,0,0,0,0,0,0,4,8.4,0.2,7.0,1.6,5,4,0,5,1,0.02,0.00,0.02,1.81,1,False
6,443,80,0,0,0,2,0,0,0,0,0,0,0,2,10.4,0.8,0.0,1.1,3,5,1,4,1,0.00,0.01,0.01,1.92,1,False
6,444,24,0,0,0,1,0,0,0,0,0,0,0,0,9.4,1.0,0.0,1.0,3,1,0,3,0,0.00,0.00,0.00,0.21,1,False
6,445,0,0,0,0,0,0,0,0,0,0,0,0,0,0.0,0.0,0.0,0.0,0,0,0,0,0,0.00,0.00,0.00,0.00,0,False
6,446,0,0,0,0,0,0,0,0,0,0,0,0,0,0.0,0.0,0.0,0.0,0,0,0,0,0,0.00,0.00,0.00,0.00,0,False
6,447,0,0,0,0,0,0,0,0,0,0,0,0,0,0.0,0.0,0.0,0.0,0,0,0,0,0,0.00,0.00,0.00,0.00,0,False
6,448,0,0,0,0,0,0,0,0,0,0,0,0,0,0.0,0.0,0.0,0.0,0,0,0,0,0,0.00,0.00,0.00,0.00,0,False
6,449,90,0,0,0,3,0,0,1,1,0,0,0,3,17.6,12.7,17.0,4.7,4,6,1,11,1,0.79,0.01,0.80,2.02,-1,False
6,450,90,0,0,0,3,0,0,0,0,0,0,0,10,11.8,18.8,12.0,4.3,1,5,2,8,1,0.11,0.27,0.38,2.02,2,False
6,451,0,0,0,0,0,0,0,0,0,0,0,0,0,0.0,0.0,0.0,0.0,0,0,0,0,0,0.00,0.00,0.00,0.00,0,False
6,452,0,0,0,0,0,0,0,0,0,0,0,0,0,0.0,0.0,0.0,0.0,0,0,0,0,0,0.00,0.00,0.00,0.00,0,False
6,453,0,0,0,0,0,0,0,0,0,0,0,0,0,0.0,0.0,0.0,0.0,0,0,0,0,0,0.00,0.00,0.00,0.00,0,False
6,454,0,0,0,0,0,0,0,0,0,0,0,0,0,0.0,0.0,0.0,0.0,0,0,0,0,0,0.00,0.00,0.00,0.00,0,False
6,455,9,0,0,0,1,0,0,0,0,0,0,0,4,2.4,1.7,2.0,0.6,0,0,1,1,0,0.00,0.02,0.02,0.10,1,False
6,456,0,0,0,0,0,0,0,0,0,0,0,0,0,0.0,0.0,0.0,0.0,0,0,0,0,0,0.00,0.00,0.00,0.00,0,False
6,457,0,0,0,0,0,0,0,0,0,0,0,0,0,0.0,0.0,0.0,0.0,0,0,0,0,0,0.00,0.00,0.00,0.00,0,False
6,458,24,0,0,0,1,0,0,0,0,0,0,0,2,2.4,4.8,0.0,0.7,0,1,1,2,0,0.00,0.00,0.00,0.21,1,False
6,459,65,0,0,0,2,0,0,0,0,0,0,0,14,6.8,2.6,0.0,0.9,1,5,3,9,1,0.00,0.01,0.01,1.81,2,False
6,460,0,0,0,0,0,0,0,0,0,0,0,0,0,0.0,0.0,0.0,0.0,0,0,0,0,0,0.00,0.00,0.00,0.00,0,False
6,461,0,0,0,0,0,0,0,0,0,0,0,0,0,0.0,0.0,0.0,0.0,0,0,0,0,0,0.00,0.00,0.00,0.00,0,False
6,462,0,0,0,0,0,0,0,0,0,0,0,0,0,0.0,0.0,0.0,0.0,0,0,0,0,0,0.00,0.00,0.00,0.00,0,False
6,463,0,0,0,0,0,0,0,0,0,0,0,0,0,0.0,0.0,0.0,0.0,0,0,0,0,0,0.00,0.00,0.00,0.00,0,False
6,464,0,0,0,0,0,0,0,0,0,0,0,0,0,0.0,0.0,0.0,0.0,0,0,0,0,0,0.00,0.00,0.00,0.00,0,False
6,465,0,0,0,0,0,0,0,0,0,0,0,0,0,0.0,0.0,0.0,0.0,0,0,0,0,0,0.00,0.00,0.00,0.00,0,False
6,466,5,0,0,0,1,0,0,0,0,0,0,0,2,0.0,0.3,4.0,0.2,0,0,0,0,0,0.12,0.00,0.12,0.10,1,False
6,467,0,0,0,0,0,0,0,0,0,0,0,0,0,0.0,0.0,0.0,0.0,0,0,0,0,0,0.00,0.00,0.00,0.00,0,False
6,468,0,0,0,0,0,0,0,0,0,0,0,0,0,0.0,0.0,0.0,0.0,0,0,0,0,0,0.00,0.00,0.00,0.00,0,False
6,469,90,0,0,0,2,0,0,0,0,0,5,0,20,46.8,0.0,0.0,4.7,3,14,1,0,1,0.00,0.00,0.00,2.04,2,False
6,470,90,0,0,0,5,0,0,0,0,0,5,0,4,40.8,0.0,0.0,4.1,2,5,0,0,1,0.00,0.00,0.00,2.03,1,False
6,471,0,0,0,0,0,0,0,0,0,0,0,0,0,0.0,0.0,0.0,0.0,0,0,0,0,0,0.00,0.00,0.00,0.00,0,False
6,472,0,0,0,0,0,0,0,0,0,0,0,0,0,0.0,0.0,0.0,0.0,0,0,0,0,0,0.00,0.00,0.00,0.00,0,False
6,473,0,0,0,0,0,0,0,0,0,0,0,0,0,0.0,0.0,0.0,0.0,0,0,0,0,0,0.00,0.00,0.00,0.00,0,False
6,474,0,0,0,0,0,0,0,0,0,0,0,0,0,0.0,0.0,0.0,0.0,0,0,0,0,0,0.00,0.00,0.00,0.00,0,False
6,475,90,0,0,0,2,0,0,0,0,0,0,0,10,40.6,10.3,4.0,5.5,15,2,0,15,1,0.00,0.00,0.00,2.04,3,False
6,476,90,0,0,0,2,0,0,0,1,0,0,0,-1,12.4,0.1,6.0,1.9,7,1,2,9,1,0.00,0.00,0.00,2.04,0,False
6,477,76,0,0,1,0,0,0,0,0,0,0,0,23,3.2,1.1,0.0,0.4,3,6,0,3,1,0.00,0.01,0.01,1.63,6,False
6,478,23,0,0,0,2,0,0,0,0,0,0,0,-4,6.4,0.8,0.0,0.7,3,1,0,3,0,0.00,0.01,0.01,0.49,0,False
6,479,0,0,0,0,0,0,0,0,0,0,0,0,0,0.0,0.0,0.0,0.0,0,0,0,0,0,0.00,0.00,0.00,0.00,0,False
6,480,13,0,0,0,2,0,0,0,0,0,0,0,-4,7.2,0.0,7.0,1.4,3,0,0,3,0,0.04,0.00,0.04,0.42,0,False
6,481,0,0,0,0,0,0,0,0,0,0,0,0,0,0.0,0.0,0.0,0.0,0,0,0,0,0,0.00,0.00,0.00,0.00,0,False
6,482,0,0,0,0,0,0,0,0,0,0,0,0,0,0.0,0.0,0.0,0.0,0,0,0,0,0,0.00,0.00,0.00,0.00,0,False
6,483,0,0,0,0,0,0,0,0,0,0,0,0,0,0.0,0.0,0.0,0.0,0,0,0,0,0,0.00,0.00,0.00,0.00,0,False
6,484,0,0,0,0,0,0,0,0,0,0,0,0,0,0.0,0.0,0.0,0.0,0,0,0,0,0,0.00,0.00,0.00,0.00,0,False
6,485,66,0,0,1,0,0,0,0,0,0,0,0,15,13.0,11.4,9.0,3.3,0,2,3,5,1,0.05,0.02,0.07,1.56,3,False
6,486,24,0,0,0,2,0,0,0,0,0,0,0,3,0.6,1.0,5.0,0.7,0,0,0,0,0,0.04,0.03,0.07,0.49,1,False
6,487,1,0,0,0,1,0,0,0,0,0,0,0,2,0.0,0.0,0.0,0.0,0,0,0,0,0,0.00,0.00,0.00,0.26,1,False
6,488,90,0,0,0,2,0,0,0,0,0,0,0,10,9.4,26.3,2.0,3.8,1,1,2,4,1,0.00,0.22,0.22,2.04,2,False
6,489,65,0,0,1,0,0,0,0,0,0,0,0,6,1.6,0.3,7.0,0.9,1,2,0,3,1,0.09,0.01,0.10,1.56,3,False
6,490,90,0,0,0,1,0,0,0,1,0,0,0,1,6.6,11.2,4.0,2.2,3,8,1,12,1,0.03,0.00,0.03,1.78,3,False
6,491,90,0,1,0,2,0,0,0,0,0,0,1,28,40.2,43.3,0.0,8.4,6,0,2,8,1,0.00,0.27,0.27,2.04,6,False
6,492,0,0,0,0,0,0,0,0,0,0,0,0,0,0.0,0.0,0.0,0.0,0,0,0,0,0,0.00,0.00,0.00,0.00,0,False
6,493,90,1,1,0,2,0,0,0,0,0,0,3,64,86.2,99.3,21.0,20.7,5,2,6,13,1,0.10,0.25,0.35,0.82,15,True
6,494,0,0,0,0,0,0,0,0,0,0,0,0,0,0.0,0.0,0.0,0.0,0,0,0,0,0,0.00,0.00,0.00,0.00,0,False
6,495,0,0,0,0,0,0,0,0,0,0,0,0,0,0.0,0.0,0.0,0.0,0,0,0,0,0,0.00,0.00,0.00,0.00,0,False
6,496,0,0,0,0,0,0,0,0,0,0,0,0,0,0.0,0.0,0.0,0.0,0,0,0,0,0,0.00,0.00,0.00,0.00,0,False
6,497,0,0,0,0,0,0,0,0,0,0,0,0,0,0.0,0.0,0.0,0.0,0,0,0,0,0,0.00,0.00,0.00,0.00,0,False
6,498,0,0,0,0,0,0,0,0,0,0,0,0,0,0.0,0.0,0.0,0.0,0,0,0,0,0,0.00,0.00,0.00,0.00,0,False
6,499,83,0,0,0,1,0,0,0,0,0,0,0,-5,0.0,1.2,15.0,0.9,0,4,0,4,1,0.43,0.00,0.43,2.36,2,False
6,500,23,0,0,0,2,0,0,0,0,0,0,0,0,0.0,0.1,0.0,0.0,0,0,0,0,0,0.00,0.00,0.00,0.49,1,False
6,501,0,0,0,0,0,0,0,0,0,0,0,0,0,0.0,0.0,0.0,0.0,0,0,0,0,0,0.00,0.00,0.00,0.00,0,False
6,502,90,0,0,0,1,0,0,0,0,0,2,0,10,19.4,0.0,0.0,1.9,1,6,0,0,1,0.00,0.00,0.00,1.19,2,False
6,503,0,0,0,0,0,0,0,0,0,0,0,0,0,0.0,0.0,0.0,0.0,0,0,0,0,0,0.00,0.00,0.00,0.00,0,False
6,504,0,0,0,0,0,0,0,0,0,0,0,0,0,0.0,0.0,0.0,0.0,0,0,0,0,0,0.00,0.00,0.00,0.00,0,False
6,505,90,0,0,0,1,0,0,0,1,0,0,0,8,22.2,3.3,4.0,3.0,6,4,0,6,1,0.02,0.02,0.04,1.19,1,False
6,506,0,0,0,0,0,0,0,0,0,0,0,0,0,0.0,0.0,0.0,0.0,0,0,0,0,0,0.00,0.00,0.00,0.00,0,False
6,507,0,0,0,0,0,0,0,0,0,0,0,0,0,0.0,0.0,0.0,0.0,0,0,0,0,0,0.00,0.00,0.00,0.00,0,False
6,508,90,0,0,0,1,0,0,0,1,0,0,0,18,26.0,56.8,6.0,8.9,1,2,3,4,1,0.00,0.23,0.23,1.19,1,False
6,509,0,0,0,0,0,0,0,0,0,0,0,0,0,0.0,0.0,0.0,0.0,0,0,0,0,0,0.00,0.00,0.00,0.00,0,False
6,510,0,0,0,0,0,0,0,0,0,0,0,0,0,0.0,0.0,0.0,0.0,0,0,0,0,0,0.00,0.00,0.00,0.00,0,False
6,511,90,0,0,0,1,0,0,0,0,0,0,0,14,19.8,1.9,3.0,2.5,5,8,1,6,1,0.03,0.01,0.04,1.19,2,False
6,512,0,0,0,0,0,0,0,0,0,0,0,0,0,0.0,0.0,0.0,0.0,0,0,0,0,0,0.00,0.00,0.00,0.00,0,False
6,513,0,0,0,0,0,0,0,0,0,0,0,0,0,0.0,0.0,0.0,0.0,0,0,0,0,0,0.00,0.00,0.00,0.00,0,False
6,514,0,0,0,0,0,0,0,0,0,0,0,0,0,0.0,0.0,0.0,0.0,0,0,0,0,0,0.00,0.00,0.00,0.00,0,False
6,515,45,0,0,0,0,0,0,0,0,0,0,0,8,5.0,17.1,15.0,3.7,1,1,0,2,0,0.11,0.05,0.16,0.75,1,False
6,516,30,0,0,0,0,0,0,0,0,0,0,0,5,5.8,23.3,8.0,3.7,0,0,0,0,0,0.00,0.05,0.05,0.46,1,False
6,517,90,0,0,0,1,0,0,0,1,0,0,0,14,15.8,22.8,22.0,6.1,3,9,4,16,1,0.18,0.03,0.21,1.19,3,False
6,518,0,0,0,0,0,0,0,0,0,0,0,0,0,0.0,0.0,0.0,0.0,0,0,0,0,0,0.00,0.00,0.00,0.00,0,False
6,519,45,0,0,0,1,0,0,0,1,0,0,0,3,2.4,3.3,0.0,0.6,1,0,2,3,1,0.00,0.01,0.01,0.44,0,False
6,520,0,0,0,0,0,0,0,0,0,0,0,0,0,0.0,0.0,0.0,0.0,0,0,0,0,0,0.00,0.00,0.00,0.00,0,False
6,521,0,0,0,0,0,0,0,0,0,0,0,0,0,0.0,0.0,0.0,0.0,0,0,0,0,0,0.00,0.00,0.00,0.00,0,False
6,522,0,0,0,0,0,0,0,0,0,0,0,0,0,0.0,0.0,0.0,0.0,0,0,0,0,0,0.00,0.00,0.00,0.00,0,False
6,523,0,0,0,0,0,0,0,0,0,0,0,0,0,0.0,0.0,0.0,0.0,0,0,0,0,0,0.00,0.00,0.00,0.00,0,False
6,524,0,0,0,0,0,0,0,0,0,0,0,0,0,0.0,0.0,0.0,0.0,0,0,0,0,0,0.00,0.00,0.00,0.00,0,False
6,525,89,0,0,0,1,0,0,0,0,0,0,0,0,0.0,2.0,44.0,4.2,2,1,0,3,1,0.78,0.00,0.78,0.92,2,False
6,526,30,0,0,0,0,0,0,0,0,0,0,0,6,5.0,2.8,22.0,3.0,1,3,0,4,0,0.20,0.01,0.21,0.46,1,False
6,527,0,0,0,0,0,0,0,0,0,0,0,0,0,0.0,0.0,0.0,0.0,0,0,0,0,0,0.00,0.00,0.00,0.00,0,False
6,528,0,0,0,0,0,0,0,0,0,0,0,0,0,0.0,0.0,0.0,0.0,0,0,0,0,0,0.00,0.00,0.00,0.00,0,False
6,529,0,0,0,0,0,0,0,0,0,0,0,0,0,0.0,0.0,0.0,0.0,0,0,0,0,0,0.00,0.00,0.00,0.00,0,False
6,530,0,0,0,0,0,0,0,0,0,0,0,0,0,0.0,0.0,0.0,0.0,0,0,0,0,0,0.00,0.00,0.00,0.00,0,False
6,531,15,0,0,0,0,0,0,0,0,0,0,0,0,4.2,0.0,7.0,1.1,3,0,0,3,0,0.13,0.00,0.13,0.59,1,False
6,532,90,0,0,1,0,0,0,0,0,0,0,0,25,10.6,0.9,3.0,1.5,8,7,0,8,1,0.01,0.01,0.02,1.68,6,False
6,533,0,0,0,0,0,0,0,0,0,0,0,0,0,0.0,0.0,0.0,0.0,0,0,0,0,0,0.00,0.00,0.00,0.00,0,False
6,534,0,0,0,0,0,0,0,0,0,0,0,0,0,0.0,0.0,0.0,0.0,0,0,0,0,0,0.00,0.00,0.00,0.00,0,False
6,535,0,0,0,0,0,0,0,0,0,0,0,0,0,0.0,0.0,0.0,0.0,0,0,0,0,0,0.00,0.00,0.00,0.00,0,False
6,536,0,0,0,0,0,0,0,0,0,0,0,0,0,0.0,0.0,0.0,0.0,0,0,0,0,0,0.00,0.00,0.00,0.00,0,False
6,537,0,0,0,0,0,0,0,0,0,0,0,0,0,0.0,0.0,0.0,0.0,0,0,0,0,0,0.00,0.00,0.00,0.00,0,False
6,538,0,0,0,0,0,0,0,0,0,0,0,0,0,0.0,0.0,0.0,0.0,0,0,0,0,0,0.00,0.00,0.00,0.00,0,False
6,539,0,0,0,0,0,0,0,0,0,0,0,0,0,0.0,0.0,0.0,0.0,0,0,0,0,0,0.00,0.00,0.00,0.00,0,False
6,540,0,0,0,0,0,0,0,0,0,0,0,0,0,0.0,0.0,0.0,0.0,0,0,0,0,0,0.00,0.00,0.00,0.00,0,False
6,541,0,0,0,0,0,0,0,0,0,0,0,0,0,0.0,0.0,0.0,0.0,0,0,0,0,0,0.00,0.00,0.00,0.00,0,False
6,542,0,0,0,0,0,0,0,0,0,0,0,0,0,0.0,0.0,0.0,0.0,0,0,0,0,0,0.00,0.00,0.00,0.00,0,False
6,543,5,0,0,0,0,0,0,0,0,0,0,0,2,0.0,0.0,2.0,0.2,0,0,0,0,0,0.00,0.00,0.00,0.07,1,False
6,544,0,0,0,0,0,0,0,0,0,0,0,0,0,0.0,0.0,0.0,0.0,0,0,0,0,0,0.00,0.00,0.00,0.00,0,False
6,545,0,0,0,0,0,0,0,0,0,0,0,0,0,0.0,0.0,0.0,0.0,0,0,0,0,0,0.00,0.00,0.00,0.00,0,False
6,546,0,0,0,0,0,0,0,0,0,0,0,0,0,0.0,0.0,0.0,0.0,0,0,0,0,0,0.00,0.00,0.00,0.00,0,False
6,547,74,0,0,1,0,0,0,0,0,0,0,0,9,7.4,11.8,4.0,2.3,1,2,1,4,1,0.00,0.15,0.15,1.09,3,False
6,548,0,0,0,0,0,0,0,0,0,0,0,0,0,0.0,0.0,0.0,0.0,0,0,0,0,0,0.00,0.00,0.00,0.00,0,False
6,549,0,0,0,0,0,0,0,0,0,0,0,0,0,0.0,0.0,0.0,0.0,0,0,0,0,0,0.00,0.00,0.00,0.00,0,False
6,550,0,0,0,0,0,0,0,0,0,0,0,0,0,0.0,0.0,0.0,0.0,0,0,0,0,0,0.00,0.00,0.00,0.00,0,False
6,551,58,0,0,0,0,0,0,0,0,0,0,0,1,3.6,2.1,1.0,0.7,1,3,1,5,1,0.06,0.01,0.07,0.45,1,False
6,552,90,0,0,1,0,0,0,0,1,0,0,0,16,5.0,6.1,2.0,1.3,2,4,0,6,1,0.03,0.02,0.05,1.68,2,False
6,553,84,0,0,1,0,0,0,0,0,0,0,0,8,3.4,1.9,6.0,1.1,1,4,2,7,1,0.05,0.03,0.07,1.61,3,False
6,554,0,0,0,0,0,0,0,0,0,0,0,0,0,0.0,0.0,0.0,0.0,0,0,0,0,0,0.00,0.00,0.00,0.00,0,False
6,555,0,0,0,0,0,0,0,0,0,0,0,0,0,0.0,0.0,0.0,0.0,0,0,0,0,0,0.00,0.00,0.00,0.00,0,False
6,556,0,0,0,0,0,0,0,0,0,0,0,0,0,0.0,0.0,0.0,0.0,0,0,0,0,0,0.00,0.00,0.00,0.00,0,False
6,557,0,0,0,0,0,0,0,0,0,0,0,0,0,0.0,0.0,0.0,0.0,0,0,0,0,0,0.00,0.00,0.00,0.00,0,False
6,558,0,0,0,0,0,0,0,0,0,0,0,0,0,0.0,0.0,0.0,0.0,0,0,0,0,0,0.00,0.00,0.00,0.00,0,False
6,559,0,0,0,0,0,0,0,0,0,0,0,0,0,0.0,0.0,0.0,0.0,0,0,0,0,0,0.00,0.00,0.00,0.00,0,False
6,560,84,0,0,1,0,0,0,0,0,0,0,0,4,1.0,2.8,19.0,2.3,2,1,0,3,1,0.22,0.03,0.25,1.61,2,False
6,561,0,0,0,0,0,0,0,0,0,0,0,0,0,0.0,0.0,0.0,0.0,0,0,0,0,0,0.00,0.00,0.00,0.00,0,False
6,562,0,0,0,0,0,0,0,0,0,0,0,0,0,0.0,0.0,0.0,0.0,0,0,0,0,0,0.00,0.00,0.00,0.00,0,False
6,563,0,0,0,0,0,0,0,0,0,0,0,0,0,0.0,0.0,0.0,0.0,0,0,0,0,0,0.00,0.00,0.00,0.00,0,False
6,564,0,0,0,0,0,0,0,0,0,0,0,0,0,0.0,0.0,0.0,0.0,0,0,0,0,0,0.00,0.00,0.00,0.00,0,False
6,565,90,0,0,0,1,0,0,0,0,0,2,0,10,19.0,0.0,0.0,1.9,0,6,0,0,1,0.00,0.00,0.00,1.15,2,False
6,566,0,0,0,0,0,0,0,0,0,0,0,0,0,0.0,0.0,0.0,0.0,0,0,0,0,0,0.00,0.00,0.00,0.00,0,False
6,567,0,0,0,0,0,0,0,0,0,0,0,0,0,0.0,0.0,0.0,0.0,0,0,0,0,0,0.00,0.00,0.00,0.00,0,False
6,568,27,0,0,0,0,0,0,0,0,0,0,0,6,8.8,15.7,0.0,2.5,2,1,0,2,0,0.00,0.03,0.03,0.15,1,False
6,569,90,0,0,0,1,0,0,0,0,0,0,0,5,9.2,1.9,5.0,1.6,2,0,2,4,1,0.03,0.05,0.08,1.15,2,False
6,570,0,0,0,0,0,0,0,0,0,0,0,0,0,0.0,0.0,0.0,0.0,0,0,0,0,0,0.00,0.00,0.00,0.00,0,False
6,571,0,0,0,0,0,0,0,0,0,0,0,0,0,0.0,0.0,0.0,0.0,0,0,0,0,0,0.00,0.00,0.00,0.00,0,False
6,572,0,0,0,0,0,0,0,0,0,0,0,0,0,0.0,0.0,0.0,0.0,0,0,0,0,0,0.00,0.00,0.00,0.00,0,False
6,573,62,0,0,0,1,0,0,0,0,0,0,0,7,8.4,16.7,0.0,2.5,2,1,0,2,1,0.00,0.05,0.05,1.00,2,False
6,574,83,0,0,0,1,0,0,0,0,0,0,0,9,12.6,4.3,4.0,2.1,3,4,1,4,1,0.00,0.02,0.02,1.15,2,False
6,575,90,0,0,0,1,0,0,0,0,0,0,0,14,16.6,12.2,11.0,4.0,5,5,1,6,1,0.01,0.13,0.14,1.15,2,False
6,576,0,0,0,0,0,0,0,0,0,0,0,0,0,0.0,0.0,0.0,0.0,0,0,0,0,0,0.00,0.00,0.00,0.00,0,False
6,577,0,0,0,0,0,0,0,0,0,0,0,0,0,0.0,0.0,0.0,0.0,0,0,0,0,0,0.00,0.00,0.00,0.00,0,False
6,578,0,0,0,0,0,0,0,0,0,0,0,0,0,0.0,0.0,0.0,0.0,0,0,0,0,0,0.00,0.00,0.00,0.00,0,False
6,579,0,0,0,0,0,0,0,0,0,0,0,0,0,0.0,0.0,0.0,0.0,0,0,0,0,0,0.00,0.00,0.00,0.00,0,False
6,580,28,0,0,0,0,0,0,0,0,0,0,0,3,2.0,0.1,0.0,0.2,1,0,0,1,0,0.00,0.00,0.00,0.15,1,False
6,581,0,0,0,0,0,0,0,0,0,0,0,0,0,0.0,0.0,0.0,0.0,0,0,0,0,0,0.00,0.00,0.00,0.00,0,False
6,582,90,0,0,0,1,0,0,0,0,0,0,0,7,22.2,23.4,52.0,9.8,0,6,3,9,1,0.38,0.08,0.46,1.15,2,False
6,583,0,0,0,0,0,0,0,0,0,0,0,0,0,0.0,0.0,0.0,0.0,0,0,0,0,0,0.00,0.00,0.00,0.00,0,False
6,584,6,0,0,0,0,0,0,0,0,0,0,0,6,5.2,4.3,0.0,1.0,0,0,1,1,0,0.00,0.03,0.03,0.00,1,False
6,585,61,0,0,0,1,0,0,0,0,0,0,0,10,12.8,3.5,9.0,2.5,3,5,3,11,1,0.06,0.03,0.09,1.00,2,False
6,586,77,0,0,0,1,0,0,0,1,0,0,0,3,0.2,5.8,12.0,1.8,3,3,1,7,1,0.29,0.09,0.38,1.15,1,False
6,587,0,0,0,0,0,0,0,0,0,0,0,0,0,0.0,0.0,0.0,0.0,0,0,0,0,0,0.00,0.00,0.00,0.00,0,False
6,588,12,0,0,0,0,0,0,0,0,0,0,0,3,4.6,1.1,0.0,0.6,0,0,1,1,0,0.00,0.01,0.01,0.00,1,False
6,589,0,0,0,0,0,0,0,0,0,0,0,0,0,0.0,0.0,0.0,0.0,0,0,0,0,0,0.00,0.00,0.00,0.00,0,False
6,590,0,0,0,0,0,0,0,0,0,0,0,0,0,0.0,0.0,0.0,0.0,0,0,0,0,0,0.00,0.00,0.00,0.00,0,False
6,591,0,0,0,0,0,0,0,0,0,0,0,0,0,0.0,0.0,0.0,0.0,0,0,0,0,0,0.00,0.00,0.00,0.00,0,False
6,592,0,0,0,0,0,0,0,0,0,0,0,0,0,0.0,0.0,0.0,0.0,0,0,0,0,0,0.00,0.00,0.00,0.00,0,False
6,593,12,0,1,0,0,0,0,0,0,0,0,0,12,17.6,12.2,2.0,3.2,1,2,0,3,0,0.00,0.03,0.03,0.00,4,False
6,594,0,0,0,0,0,0,0,0,0,0,0,0,0,0.0,0.0,0.0,0.0,0,0,0,0,0,0.00,0.00,0.00,0.00,0,False
6,595,0,0,0,0,0,0,0,0,0,0,0,0,0,0.0,0.0,0.0,0.0,0,0,0,0,0,0.00,0.00,0.00,0.00,0,False
6,596,0,0,0,0,0,0,0,0,0,0,0,0,0,0.0,0.0,0.0,0.0,0,0,0,0,0,0.00,0.00,0.00,0.00,0,False
6,597,90,0,0,0,1,0,0,0,0,0,0,0,5,2.4,0.8,6.0,0.9,2,2,0,4,1,0.02,0.01,0.03,1.15,2,False
6,598,0,0,0,0,0,0,0,0,0,0,0,0,0,0.0,0.0,0.0,0.0,0,0,0,0,0,0.00,0.00,0.00,0.00,0,False
6,599,0,0,0,0,0,0,0,0,0,0,0,0,0,0.0,0.0,0.0,0.0,0,0,0,0,0,0.00,0.00,0.00,0.00,0,False
6,600,90,0,0,0,1,0,0,0,0,0,5,0,20,40.0,0.0,0.0,4.0,2,9,0,0,1,0.00,0.00,0.00,0.73,3,False
6,601,0,0,0,0,0,0,0,0,0,0,0,0,0,0.0,0.0,0.0,0.0,0,0,0,0,0,0.00,0.00,0.00,0.00,0,False
6,602,0,0,0,0,0,0,0,0,0,0,0,0,0,0.0,0.0,0.0,0.0,0,0,0,0,0,0.00,0.00,0.00,0.00,0,False
6,603,90,0,1,0,1,0,0,0,0,0,0,0,10,5.6,5.9,3.0,1.5,4,4,1,5,1,0.01,0.07,0.08,0.73,5,False
6,604,0,0,0,0,0,0,0,0,0,0,0,0,0,0.0,0.0,0.0,0.0,0,0,0,0,0,0.00,0.00,0.00,0.00,0,False
6,605,90,0,0,0,1,0,0,0,1,0,0,0,8,29.2,10.8,2.0,4.2,10,2,3,13,1,0.00,0.15,0.15,0.73,3,False
6,606,90,0,0,0,1,0,0,0,1,0,0,0,6,11.4,0.8,16.0,2.8,6,3,1,7,1,0.14,0.01,0.15,0.73,1,False
6,607,0,0,0,0,0,0,0,0,0,0,0,0,0,0.0,0.0,0.0,0.0,0,0,0,0,0,0.00,0.00,0.00,0.00,0,False
6,608,0,0,0,0,0,0,0,0,0,0,0,0,0,0.0,0.0,0.0,0.0,0,0,0,0,0,0.00,0.00,0.00,0.00,0,False
6,609,0,0,0,0,0,0,0,0,0,0,0,0,0,0.0,0.0,0.0,0.0,0,0,0,0,0,0.00,0.00,0.00,0.00,0,False
6,610,0,0,0,0,0,0,0,0,0,0,0,0,0,0.0,0.0,0.0,0.0,0,0,0,0,0,0.00,0.00,0.00,0.00,0,False
6,611,0,0,0,0,0,0,0,0,0,0,0,0,0,0.0,0.0,0.0,0.0,0,0,0,0,0,0.00,0.00,0.00,0.00,0,False
6,612,90,0,0,0,1,0,0,0,0,0,0,0,17,19.6,48.4,6.0,7.4,3,7,3,13,1,0.09,0.21,0.30,0.73,4,False
6,613,0,0,0,0,0,0,0,0,0,0,0,0,0,0.0,0.0,0.0,0.0,0,0,0,0,0,0.00,0.00,0.00,0.00,0,False
6,614,0,0,0,0,0,0,0,0,0,0,0,0,0,0.0,0.0,0.0,0.0,0,0,0,0,0,0.00,0.00,0.00,0.00,0,False
6,615,76,0,0,0,1,0,0,0,0,0,0,0,13,17.4,21.6,34.0,7.3,4,5,0,9,1,0.42,0.12,0.54,0.64,2,False
6,616,0,0,0,0,0,0,0,0,0,0,0,0,0,0.0,0.0,0.0,0.0,0,0,0,0,0,0.00,0.00,0.00,0.00,0,False
6,617,0,0,0,0,0,0,0,0,0,0,0,0,0,0.0,0.0,0.0,0.0,0,0,0,0,0,0.00,0.00,0.00,0.00,0,False
6,618,0,0,0,0,0,0,0,0,0,0,0,0,0,0.0,0.0,0.0,0.0,0,0,0,0,0,0.00,0.00,0.00,0.00,0,False
6,619,13,0,0,0,0,0,0,0,0,0,0,0,2,0.2,0.6,0.0,0.1,0,2,0,2,0,0.00,0.00,0.00,0.09,1,False
6,620,0,0,0,0,0,0,0,0,0,0,0,0,0,0.0,0.0,0.0,0.0,0,0,0,0,0,0.00,0.00,0.00,0.00,0,False
6,621,1,0,0,0,0,0,0,0,0,0,0,0,3,0.0,0.0,0.0,0.0,0,0,0,0,0,0.00,0.00,0.00,0.00,1,False
6,622,0,0,0,0,0,0,0,0,0,0,0,0,0,0.0,0.0,0.0,0.0,0,0,0,0,0,0.00,0.00,0.00,0.00,0,False
6,623,31,0,0,0,0,0,0,0,0,0,0,0,7,7.6,1.3,0.0,0.9,2,1,2,5,0,0.00,0.01,0.01,0.09,1,False
6,624,90,1,0,0,1,0,0,0,0,0,0,3,33,35.2,3.3,35.0,7.4,2,3,0,5,1,0.16,0.05,0.21,0.73,9,False
6,625,90,0,0,0,1,0,0,0,0,0,0,0,13,16.8,35.0,47.0,9.9,5,4,1,10,1,0.24,0.05,0.29,0.73,2,False
6,626,0,0,0,0,0,0,0,0,0,0,0,0,0,0.0,0.0,0.0,0.0,0,0,0,0,0,0.00,0.00,0.00,0.00,0,False
6,627,90,0,0,0,1,0,0,0,0,0,2,0,11,19.6,0.0,0.0,2.0,2,6,0,0,1,0.00,0.00,0.00,0.87,2,False
6,628,0,0,0,0,0,0,0,0,0,0,0,0,0,0.0,0.0,0.0,0.0,0,0,0,0,0,0.00,0.00,0.00,0.00,0,False
6,629,0,0,0,0,0,0,0,0,0,0,0,0,0,0.0,0.0,0.0,0.0,0,0,0,0,0,0.00,0.00,0.00,0.00,0,False
6,630,0,0,0,0,0,0,0,0,0,0,0,0,0,0.0,0.0,0.0,0.0,0,0,0,0,0,0.00,0.00,0.00,0.00,0,False
6,631,45,0,0,0,1,0,0,0,0,0,0,0,0,5.2,0.0,0.0,0.5,3,1,0,3,0,0.00,0.00,0.00,0.19,1,False
6,632,45,0,0,0,0,0,0,0,1,0,0,0,-2,1.2,1.4,4.0,0.7,2,1,1,3,1,0.07,0.01,0.08,0.68,0,False
6,633,90,0,0,0,1,0,0,0,0,0,0,0,16,25.8,6.1,17.0,4.9,5,6,4,9,1,0.08,0.01,0.09,0.87,2,False
6,634,0,0,0,0,0,0,0,0,0,0,0,0,0,0.0,0.0,0.0,0.0,0,0,0,0,0,0.00,0.00,0.00,0.00,0,False
6,635,0,0,0,0,0,0,0,0,0,0,0,0,0,0.0,0.0,0.0,0.0,0,0,0,0,0,0.00,0.00,0.00,0.00,0,False
6,636,90,1,0,0,1,0,0,0,0,0,0,2,32,61.8,11.2,37.0,11.0,7,3,8,15,1,0.75,0.01,0.76,0.87,12,True
6,637,1,0,0,0,1,0,0,0,0,0,0,0,-1,0.0,0.0,0.0,0.0,0,0,0,0,0,0.00,0.00,0.00,0.06,1,False
6,638,0,0,0,0,0,0,0,0,0,0,0,0,0,0.0,0.0,0.0,0.0,0,0,0,0,0,0.00,0.00,0.00,0.00,0,False
6,639,0,0,0,0,0,0,0,0,0,0,0,0,0,0.0,0.0,0.0,0.0,0,0,0,0,0,0.00,0.00,0.00,0.00,0,False
6,640,0,0,0,0,0,0,0,0,0,0,0,0,0,0.0,0.0,0.0,0.0,0,0,0,0,0,0.00,0.00,0.00,0.00,0,False
6,641,0,0,0,0,0,0,0,0,0,0,0,0,0,0.0,0.0,0.0,0.0,0,0,0,0,0,0.00,0.00,0.00,0.00,0,False
6,642,45,0,0,0,0,0,0,0,0,0,0,0,5,4.2,1.4,1.0,0.7,1,0,1,2,1,0.02,0.01,0.03,0.68,1,False
6,643,90,0,0,0,1,0,0,0,0,0,0,1,18,15.8,1.3,2.0,1.9,5,7,3,15,1,0.00,0.03,0.03,0.87,5,False
6,644,26,0,0,0,1,0,0,0,0,0,0,0,8,4.6,2.3,6.0,1.3,1,1,2,4,0,0.07,0.04,0.11,0.13,1,False
6,645,0,0,0,0,0,0,0,0,0,0,0,0,0,0.0,0.0,0.0,0.0,0,0,0,0,0,0.00,0.00,0.00,0.00,0,False
6,646,63,0,0,1,0,0,0,0,1,0,0,0,2,1.4,2.6,0.0,0.4,1,5,2,8,1,0.00,0.01,0.01,0.74,2,False
6,647,0,0,0,0,0,0,0,0,0,0,0,0,0,0.0,0.0,0.0,0.0,0,0,0,0,0,0.00,0.00,0.00,0.00,0,False
6,648,90,0,0,0,1,0,0,0,0,0,0,0,12,27.6,3.3,4.0,3.5,11,0,3,14,1,0.00,0.06,0.06,0.87,4,False
6,649,0,0,0,0,0,0,0,0,0,0,0,0,0,0.0,0.0,0.0,0.0,0,0,0,0,0,0.00,0.00,0.00,0.00,0,False
6,650,0,0,0,0,0,0,0,0,0,0,0,0,0,0.0,0.0,0.0,0.0,0,0,0,0,0,0.00,0.00,0.00,0.00,0,False
6,651,0,0,0,0,0,0,0,0,0,0,0,0,0,0.0,0.0,0.0,0.0,0,0,0,0,0,0.00,0.00,0.00,0.00,0,False
6,652,0,0,0,0,0,0,0,0,0,0,0,0,0,0.0,0.0,0.0,0.0,0,0,0,0,0,0.00,0.00,0.00,0.00,0,False
6,653,0,0,0,0,0,0,0,0,0,0,0,0,0,0.0,0.0,0.0,0.0,0,0,0,0,0,0.00,0.00,0.00,0.00,0,False
6,654,83,0,0,1,0,0,0,0,0,0,0,0,6,1.6,1.6,11.0,1.4,3,0,0,3,1,0.08,0.01,0.09,0.81,2,False
6,655,0,0,0,0,0,0,0,0,0,0,0,0,0,0.0,0.0,0.0,0.0,0,0,0,0,0,0.00,0.00,0.00,0.00,0,False
6,656,0,0,0,0,0,0,0,0,0,0,0,0,0,0.0,0.0,0.0,0.0,0,0,0,0,0,0.00,0.00,0.00,0.00,0,False
6,657,0,0,0,0,0,0,0,0,0,0,0,0,0,0.0,0.0,0.0,0.0,0,0,0,0,0,0.00,0.00,0.00,0.00,0,False
6,658,0,0,0,0,0,0,0,0,0,0,0,0,0,0.0,0.0,0.0,0.0,0,0,0,0,0,0.00,0.00,0.00,0.00,0,False
6,659,90,0,0,0,1,0,0,0,1,0,0,0,5,11.8,23.9,0.0,3.6,3,3,2,5,1,0.00,0.02,0.02,0.73,1,False
6,660,90,0,0,0,2,0,0,0,0,0,0,0,10,7.0,15.6,0.0,2.3,0,5,2,7,1,0.00,0.01,0.01,0.82,2,False
6,661,0,0,0,0,0,0,0,0,0,0,0,0,0,0.0,0.0,0.0,0.0,0,0,0,0,0,0.00,0.00,0.00,0.00,0,False
6,662,45,0,0,0,1,0,0,0,0,0,0,0,1,3.8,0.2,0.0,0.4,4,0,0,4,1,0.00,0.00,0.00,0.41,1,False
6,663,90,0,0,1,0,0,0,0,0,0,0,0,17,21.0,48.3,9.0,7.8,3,6,5,14,1,0.06,0.13,0.19,0.81,5,False
6,664,0,0,0,0,0,0,0,0,0,0,0,0,0,0.0,0.0,0.0,0.0,0,0,0,0,0,0.00,0.00,0.00,0.00,0,False
6,665,0,0,0,0,0,0,0,0,0,0,0,0,0,0.0,0.0,0.0,0.0,0,0,0,0,0,0.00,0.00,0.00,0.00,0,False
6,666,90,0,0,0,1,0,0,0,0,0,0,0,9,7.6,21.7,52.0,8.1,1,4,1,6,1,0.26,0.12,0.38,0.61,2,False
6,667,0,0,0,0,0,0,0,0,0,0,0,0,0,0.0,0.0,0.0,0.0,0,0,0,0,0,0.00,0.00,0.00,0.00,0,False
6,668,90,0,1,1,0,0,0,0,0,0,0,1,33,47.8,16.3,0.0,6.4,11,7,2,20,1,0.00,0.23,0.23,1.68,9,False
6,669,59,0,0,0,1,0,0,0,0,0,0,0,5,2.4,3.1,13.0,1.9,0,1,1,2,1,0.05,0.01,0.06,0.74,1,False
6,670,90,0,0,1,0,0,0,0,0,0,6,2,39,48.6,20.0,0.0,6.9,1,11,0,0,1,0.00,0.01,0.01,1.68,10,True
6,671,0,0,0,0,0,0,0,0,0,0,0,0,0,0.0,0.0,0.0,0.0,0,0,0,0,0,0.00,0.00,0.00,0.00,0,False
6,672,78,0,0,0,1,0,0,0,0,0,0,0,7,12.0,0.4,2.0,1.4,1,2,1,2,1,0.00,0.00,0.00,1.05,2,False
6,673,90,1,0,0,1,0,0,0,1,0,0,3,33,45.6,11.0,12.0,6.9,3,4,4,11,1,0.08,0.01,0.09,1.15,9,False
6,674,0,0,0,0,0,0,0,0,0,0,0,0,0,0.0,0.0,0.0,0.0,0,0,0,0,0,0.00,0.00,0.00,0.00,0,False
6,675,0,0,0,0,0,0,0,0,0,0,0,0,0,0.0,0.0,0.0,0.0,0,0,0,0,0,0.00,0.00,0.00,0.00,0,False
6,676,11,0,0,0,2,0,0,0,0,0,0,0,4,0.4,0.0,0.0,0.0,0,0,0,0,0,0.00,0.00,0.00,0.78,1,False
6,677,82,0,0,0,1,0,0,0,0,0,0,0,9,7.6,1.3,6.0,1.5,0,4,2,6,1,0.00,0.01,0.01,0.80,2,False
6,678,58,0,0,0,0,0,0,0,1,0,0,0,3,8.8,4.8,7.0,2.1,2,1,2,4,1,0.07,0.01,0.08,0.45,0,False
6,679,0,0,0,0,0,0,0,0,0,0,0,0,0,0.0,0.0,0.0,0.0,0,0,0,0,0,0.00,0.00,0.00,0.00,0,False
6,680,10,0,0,0,2,0,0,0,0,0,0,0,3,0.0,0.5,2.0,0.3,0,0,0,0,0,0.00,0.00,0.00,0.78,1,False
6,681,90,1,0,0,3,0,0,0,0,0,0,2,33,48.0,12.7,120.0,18.1,2,1,0,3,1,0.89,0.01,0.90,2.02,8,False
6,682,0,0,0,0,0,0,0,0,0,0,0,0,0,0.0,0.0,0.0,0.0,0,0,0,0,0,0.00,0.00,0.00,0.00,0,False
6,683,90,1,0,1,0,0,0,0,0,0,0,3,45,62.0,3.3,35.0,10.0,11,0,0,11,1,0.31,0.16,0.47,1.68,17,True
6,684,90,0,0,0,2,0,0,0,0,0,0,0,7,17.8,0.1,22.0,4.0,9,4,1,10,1,0.07,0.00,0.07,2.04,3,False
6,685,90,0,0,0,2,0,0,0,0,0,0,0,11,31.4,2.1,0.0,3.4,13,3,1,14,1,0.00,0.02,0.02,1.84,3,False
6,686,6,0,0,0,1,0,0,0,0,0,0,0,4,2.0,0.5,0.0,0.3,0,0,1,1,0,0.00,0.00,0.00,0.56,1,False
6,687,0,0,0,0,0,0,0,0,0,0,0,0,0,0.0,0.0,0.0,0.0,0,0,0,0,0,0.00,0.00,0.00,0.00,0,False
6,688,0,0,0,0,0,0,0,0,0,0,0,0,0,0.0,0.0,0.0,0.0,0,0,0,0,0,0.00,0.00,0.00,0.00,0,False
6,689,0,0,0,0,0,0,0,0,0,0,0,0,0,0.0,0.0,0.0,0.0,0,0,0,0,0,0.00,0.00,0.00,0.00,0,False
6,690,0,0,0,0,0,0,0,0,0,0,0,0,0,0.0,0.0,0.0,0.0,0,0,0,0,0,0.00,0.00,0.00,0.00,0,False
6,691,90,0,0,0,1,0,0,0,0,0,0,0,1,12.0,13.4,55.0,8.0,0,2,1,3,1,0.70,0.04,0.74,0.58,2,False
6,692,0,0,0,0,0,0,0,0,0,0,0,0,0,0.0,0.0,0.0,0.0,0,0,0,0,0,0.00,0.00,0.00,0.00,0,False
6,693,18,0,0,0,0,0,0,0,0,0,0,0,18,22.6,53.2,26.0,10.2,0,1,1,2,0,0.22,0.34,0.56,0.41,1,False
6,694,90,0,0,1,0,0,0,0,0,0,0,0,26,19.6,1.1,0.0,2.1,8,2,1,9,1,0.00,0.00,0.00,1.68,6,False
6,695,45,0,0,0,1,0,0,0,0,0,0,0,0,9.8,0.8,0.0,1.1,3,3,2,5,0,0.00,0.00,0.00,0.19,1,False
6,696,1,0,0,0,0,0,0,0,0,0,0,0,3,0.0,0.3,0.0,0.0,0,0,0,0,0,0.00,0.00,0.00,0.27,1,False
6,697,59,0,0,0,2,0,0,0,0,0,0,0,9,16.8,23.1,23.0,6.3,2,3,2,7,1,0.06,0.06,0.12,1.36,1,False
6,698,66,0,0,0,1,0,0,0,0,0,0,0,11,10.0,15.3,15.0,4.0,0,2,2,4,1,0.06,0.27,0.33,0.41,2,False
6,699,0,0,0,0,0,0,0,0,0,0,0,0,0,0.0,0.0,0.0,0.0,0,0,0,0,0,0.00,0.00,0.00,0.00,0,False
6,700,0,0,0,0,0,0,0,0,0,0,0,0,0,0.0,0.0,0.0,0.0,0,0,0,0,0,0.00,0.00,0.00,0.00,0,False
6,701,0,0,0,0,0,0,0,0,0,0,0,0,0,0.0,0.0,0.0,0.0,0,0,0,0,0,0.00,0.00,0.00,0.00,0,False
6,702,0,0,0,0,0,0,0,0,0,0,0,0,0,0.0,0.0,0.0,0.0,0,0,0,0,0,0.00,0.00,0.00,0.00,0,False
6,703,0,0,0,0,0,0,0,0,0,0,0,0,0,0.0,0.0,0.0,0.0,0,0,0,0,0,0.00,0.00,0.00,0.00,0,False
6,704,0,0,0,0,0,0,0,0,0,0,0,0,0,0.0,0.0,0.0,0.0,0,0,0,0,0,0.00,0.00,0.00,0.00,0,False
6,705,0,0,0,0,0,0,0,0,0,0,0,0,0,0.0,0.0,0.0,0.0,0,0,0,0,0,0.00,0.00,0.00,0.00,0,False
6,706,0,0,0,0,0,0,0,0,0,0,0,0,0,0.0,0.0,0.0,0.0,0,0,0,0,0,0.00,0.00,0.00,0.00,0,False
6,707,9,0,0,0,0,0,0,0,0,0,0,0,5,3.0,0.3,0.0,0.3,0,2,1,3,0,0.00,0.00,0.00,0.15,1,False
6,708,90,0,0,0,1,0,0,0,0,0,0,0,8,3.8,4.4,3.0,1.1,1,1,2,4,1,0.11,0.01,0.12,0.73,2,False
6,709,90,0,0,0,1,0,0,0,0,0,0,0,13,19.4,11.1,17.0,4.8,4,1,0,4,1,0.06,0.01,0.07,0.87,2,False
6,710,0,0,0,0,0,0,0,0,0,0,0,0,0,0.0,0.0,0.0,0.0,0,0,0,0,0,0.00,0.00,0.00,0.00,0,False
6,711,0,0,0,0,0,0,0,0,0,0,0,0,0,0.0,0.0,0.0,0.0,0,0,0,0,0,0.00,0.00,0.00,0.00,0,False
6,712,73,0,0,1,0,0,0,0,0,0,0,0,10,10.0,12.2,19.0,4.1,1,5,0,6,1,0.24,0.13,0.37,1.50,3,False
6,713,72,0,0,0,2,0,0,0,1,0,0,0,3,15.6,12.8,2.0,3.0,1,5,4,5,1,0.00,0.02,0.02,1.62,0,False
6,714,66,1,0,1,0,0,0,0,0,0,0,1,28,33.2,2.3,19.0,5.5,1,1,0,2,1,0.29,0.02,0.31,1.56,7,False
6,715,0,0,0,0,0,0,0,0,0,0,0,0,0,0.0,0.0,0.0,0.0,0,0,0,0,0,0.00,0.00,0.00,0.00,0,False
6,716,0,0,0,0,0,0,0,0,0,0,0,0,0,0.0,0.0,0.0,0.0,0,0,0,0,0,0.00,0.00,0.00,0.00,0,False
6,717,77,0,0,0,1,0,0,0,1,0,0,0,9,12.4,25.8,2.0,4.0,3,7,0,10,1,0.00,0.24,0.24,1.15,1,False
6,718,58,0,0,0,1,0,0,0,1,0,0,0,4,9.2,3.5,0.0,1.3,1,5,2,8,1,0.00,0.01,0.01,0.64,0,False
6,719,8,0,0,0,0,0,0,0,0,0,0,0,3,0.2,0.0,0.0,0.0,0,0,0,0,0,0.00,0.00,0.00,0.13,1,False
6,720,6,0,0,0,1,0,0,0,0,0,0,0,0,3.0,0.1,0.0,0.3,2,0,0,2,0,0.00,0.00,0.00,0.06,1,False
6,721,0,0,0,0,0,0,0,0,0,0,0,0,0,0.0,0.0,0.0,0.0,0,0,0,0,0,0.00,0.00,0.00,0.00,0,False
6,722,90,0,0,0,5,0,0,0,0,0,0,0,12,17.0,1.7,0.0,1.9,3,3,6,12,1,0.00,0.01,0.01,2.03,4,False
6,723,0,0,0,0,0,0,0,0,0,0,0,0,0,0.0,0.0,0.0,0.0,0,0,0,0,0,0.00,0.00,0.00,0.00,0,False
6,724,31,0,0,0,0,0,0,0,0,0,0,0,3,4.0,0.6,19.0,2.4,0,3,0,0,0,0.27,0.05,0.32,1.23,1,False
6,725,0,0,0,0,0,0,0,0,0,0,0,0,0,0.0,0.0,0.0,0.0,0,0,0,0,0,0.00,0.00,0.00,0.00,0,False
6,726,0,0,0,0,0,0,0,0,0,0,0,0,0,0.0,0.0,0.0,0.0,0,0,0,0,0,0.00,0.00,0.00,0.00,0,False
6,727,10,0,0,0,0,0,0,0,0,0,0,0,3,0.4,0.5,12.0,1.3,0,0,1,1,0,0.18,0.00,0.18,0.00,1,False
6,728,0,0,0,0,0,0,0,0,0,0,0,0,0,0.0,0.0,0.0,0.0,0,0,0,0,0,0.00,0.00,0.00,0.00,0,False
6,729,0,0,0,0,0,0,0,0,0,0,0,0,0,0.0,0.0,0.0,0.0,0,0,0,0,0,0.00,0.00,0.00,0.00,0,False
6,730,5,0,0,0,0,0,0,0,0,0,0,0,2,2.4,0.2,0.0,0.3,1,2,0,3,0,0.00,0.00,0.00,0.07,1,False
6,731,25,0,0,0,0,0,0,0,0,0,0,0,2,3.8,2.8,2.0,0.9,0,2,1,3,0,0.00,0.01,0.01,0.00,1,False
6,732,0,0,0,0,0,0,0,0,0,0,0,0,0,0.0,0.0,0.0,0.0,0,0,0,0,0,0.00,0.00,0.00,0.00,0,False
6,733,0,0,0,0,0,0,0,0,0,0,0,0,0,0.0,0.0,0.0,0.0,0,0,0,0,0,0.00,0.00,0.00,0.00,0,False
6,734,71,0,0,0,1,0,0,0,0,0,0,0,12,14.0,45.3,17.0,7.6,1,4,0,5,1,0.07,0.23,0.30,0.79,2,False
6,735,31,0,0,0,0,0,0,0,0,0,0,0,10,10.2,10.7,17.0,3.8,2,2,1,5,0,0.05,0.01,0.06,1.23,1,False
6,736,90,0,0,0,1,0,0,0,0,0,1,0,5,6.8,0.0,0.0,0.7,0,3,0,0,1,0.00,0.00,0.00,0.41,2,False
6,737,0,0,0,0,0,0,0,0,0,0,0,0,0,0.0,0.0,0.0,0.0,0,0,0,0,0,0.00,0.00,0.00,0.00,0,False
6,738,0,0,0,0,0,0,0,0,0,0,0,0,0,0.0,0.0,0.0,0.0,0,0,0,0,0,0.00,0.00,0.00,0.00,0,False
6,739,0,0,0,0,0,0,0,0,0,0,0,0,0,0.0,0.0,0.0,0.0,0,0,0,0,0,0.00,0.00,0.00,0.00,0,False
6,740,0,0,0,0,0,0,0,0,0,0,0,0,0,0.0,0.0,0.0,0.0,0,0,0,0,0,0.00,0.00,0.00,0.00,0,False
6,741,0,0,0,0,0,0,0,0,0,0,0,0,0,0.0,0.0,0.0,0.0,0,0,0,0,0,0.00,0.00,0.00,0.00,0,False
6,742,0,0,0,0,0,0,0,0,0,0,0,0,0,0.0,0.0,0.0,0.0,0,0,0,0,0,0.00,0.00,0.00,0.00,0,False
7,1,90,0,0,1,0,0,0,0,0,0,0,0,20,3.2,0.0,0.0,0.3,0,8,0,0,1,0.00,0.00,0.00,0.49,6,False
7,2,0,0,0,0,0,0,0,0,0,0,0,0,0,0.0,0.0,0.0,0.0,0,0,0,0,0,0.00,0.00,0.00,0.00,0,False
7,3,0,0,0,0,0,0,0,0,0,0,0,0,0,0.0,0.0,0.0,0.0,0,0,0,0,0,0.00,0.00,0.00,0.00,0,False
7,4,0,0,0,0,0,0,0,0,0,0,0,0,0,0.0,0.0,0.0,0.0,0,0,0,0,0,0.00,0.00,0.00,0.00,0,False
7,5,90,0,0,1,0,0,0,0,0,0,0,1,33,24.6,2.0,2.0,2.9,10,0,2,12,1,0.00,0.03,0.03,0.49,9,False
7,6,90,0,0,1,0,0,0,0,0,0,0,0,30,28.2,2.2,0.0,3.0,8,4,0,8,1,0.00,0.02,0.02,0.49,6,False
7,7,74,0,0,1,0,0,0,0,0,0,0,0,26,8.8,5.4,19.0,3.3,3,5,3,6,1,0.17,0.02,0.19,0.36,6,False
7,8,90,0,1,1,0,0,0,0,0,0,0,2,43,20.2,16.8,29.0,6.6,3,3,6,9,1,0.16,0.03,0.19,0.49,11,True
7,9,0,0,0,0,0,0,0,0,0,0,0,0,0,0.0,0.0,0.0,0.0,0,0,0,0,0,0.00,0.00,0.00,0.00,0,False
7,10,15,0,0,0,0,0,0,0,0,0,0,0,2,3.2,0.3,2.0,0.6,2,1,0,2,0,0.00,0.00,0.00,0.13,1,False
7,11,0,0,0,0,0,0,0,0,0,0,0,0,0,0.0,0.0,0.0,0.0,0,0,0,0,0,0.00,0.00,0.00,0.00,0,False
7,12,0,0,0,0,0,0,0,0,0,0,0,0,0,0.0,0.0,0.0,0.0,0,0,0,0,0,0.00,0.00,0.00,0.00,0,False
7,13,0,0,0,0,0,0,0,0,0,0,0,0,0,0.0,0.0,0.0,0.0,0,0,0,0,0,0.00,0.00,0.00,0.00,0,False
7,14,0,0,0,0,0,0,0,0,0,0,0,0,0,0.0,0.0,0.0,0.0,0,0,0,0,0,0.00,0.00,0.00,0.00,0,False
7,15,0,0,0,0,0,0,0,0,0,0,0,0,0,0.0,0.0,0.0,0.0,0,0,0,0,0,0.00,0.00,0.00,0.00,0,False
7,16,90,1,0,1,0,0,0,0,0,0,0,0,22,38.8,23.6,31.0,9.3,1,4,2,7,1,0.84,1.11,1.95,0.49,8,False
7,17,29,0,0,0,0,0,0,0,0,0,0,0,4,3.2,16.5,0.0,2.0,0,0,1,1,1,0.00,0.21,0.21,0.34,1,False
7,18,0,0,0,0,0,0,0,0,0,0,0,0,0,0.0,0.0,0.0,0.0,0,0,0,0,0,0.00,0.00,0.00,0.00,0,False
7,19,11,0,0,0,0,0,0,0,0,0,0,0,3,2.0,14.0,2.0,1.8,1,1,0,2,0,0.00,0.06,0.06,0.13,1,False
7,20,74,0,0,1,0,0,0,0,0,0,0,0,16,10.8,28.5,20.0,5.9,1,1,2,4,1,0.12,0.09,0.21,0.36,3,False
7,21,78,1,0,1,0,0,0,0,0,0,0,3,45,45.6,40.4,23.0,10.9,2,3,0,5,1,0.32,0.12,0.44,0.36,11,True
7,22,11,0,0,0,0,0,0,0,0,0,0,0,0,0.0,3.7,12.0,1.2,0,0,0,0,0,0.16,0.00,0.16,0.13,1,False
7,23,0,0,0,0,0,0,0,0,0,0,0,0,0,0.0,0.0,0.0,0.0,0,0,0,0,0,0.00,0.00,0.00,0.00,0,False
7,24,0,0,0,0,0,0,0,0,0,0,0,0,0,0.0,0.0,0.0,0.0,0,0,0,0,0,0.00,0.00,0.00,0.00,0,False
7,25,15,0,0,0,0,0,0,0,0,0,0,0,1,0.0,1.1,1.0,0.1,0,0,0,0,0,0.02,0.04,0.06,0.13,1,False
7,26,60,0,0,1,0,0,0,0,0,0,0,0,20,22.6,18.4,0.0,4.1,3,3,5,11,0,0.00,0.16,0.16,0.15,3,False
7,27,0,0,0,0,0,0,0,0,0,0,0,0,0,0.0,0.0,0.0,0.0,0,0,0,0,0,0.00,0.00,0.00,0.00,0,False
7,28,0,0,0,0,0,0,0,0,0,0,0,0,0,0.0,0.0,0.0,0.0,0,0,0,0,0,0.00,0.00,0.00,0.00,0,False
7,29,0,0,0,0,0,0,0,0,0,0,0,0,0,0.0,0.0,0.0,0.0,0,0,0,0,0,0.00,0.00,0.00,0.00,0,False
7,30,0,0,0,0,0,0,0,0,0,0,0,0,0,0.0,0.0,0.0,0.0,0,0,0,0,0,0.00,0.00,0.00,0.00,0,False
7,31,0,0,0,0,0,0,0,0,0,0,0,0,0,0.0,0.0,0.0,0.0,0,0,0,0,0,0.00,0.00,0.00,0.00,0,False
7,32,90,0,0,0,1,0,0,0,1,0,1,0,9,11.4,0.0,0.0,1.1,1,8,0,0,1,0.00,0.00,0.00,0.42,1,False
7,33,0,0,0,0,0,0,0,0,0,0,0,0,0,0.0,0.0,0.0,0.0,0,0,0,0,0,0.00,0.00,0.00,0.00,0,False
7,34,0,0,0,0,0,0,0,0,0,0,0,0,0,0.0,0.0,0.0,0.0,0,0,0,0,0,0.00,0.00,0.00,0.00,0,False
7,35,0,0,0,0,0,0,0,0,0,0,0,0,0,0.0,0.0,0.0,0.0,0,0,0,0,0,0.00,0.00,0.00,0.00,0,False
7,36,83,0,0,0,1,0,0,0,0,0,0,0,9,10.6,16.4,9.0,3.6,2,2,1,3,1,0.01,0.03,0.04,0.39,2,False
7,37,90,0,0,0,1,0,0,0,1,0,0,0,20,27.6,81.8,17.0,12.6,4,4,2,6,1,0.08,0.58,0.66,0.42,1,False
7,38,90,0,0,0,1,0,0,0,0,0,0,0,15,15.8,1.1,19.0,3.6,3,4,0,3,1,0.04,0.01,0.05,0.42,2,False
7,39,1,0,0,0,0,0,0,0,0,0,0,0,6,2.0,0.0,0.0,0.2,0,0,1,1,0,0.00,0.00,0.00,0.00,1,False
7,40,0,0,0,0,0,0,0,0,0,0,0,0,0,0.0,0.0,0.0,0.0,0,0,0,0,0,0.00,0.00,0.00,0.00,0,False
7,41,90,0,0,0,1,0,0,0,0,0,0,0,20,29.4,1.6,4.0,3.5,10,7,3,13,1,0.03,0.01,0.04,0.42,4,False
7,42,0,0,0,0,0,0,0,0,0,0,0,0,0,0.0,0.0,0.0,0.0,0,0,0,0,0,0.00,0.00,0.00,0.00,0,False
7,43,0,0,0,0,0,0,0,0,0,0,0,0,0,0.0,0.0,0.0,0.0,0,0,0,0,0,0.00,0.00,0.00,0.00,0,False
7,44,89,0,0,0,1,0,0,0,0,0,0,0,8,3.8,12.0,0.0,1.6,0,2,0,0,1,0.00,0.01,0.01,0.39,2,False
7,45,0,0,0,0,0,0,0,0,0,0,0,0,0,0.0,0.0,0.0,0.0,0,0,0,0,0,0.00,0.00,0.00,0.00,0,False
7,46,0,0,0,0,0,0,0,0,0,0,0,0,0,0.0,0.0,0.0,0.0,0,0,0,0,0,0.00,0.00,0.00,0.00,0,False
7,47,90,0,1,0,1,0,0,0,0,0,0,0,21,30.6,13.3,33.0,7.7,2,5,2,9,1,0.24,0.08,0.32,0.42,5,False
7,48,0,0,0,0,0,0,0,0,0,0,0,0,0,0.0,0.0,0.0,0.0,0,0,0,0,0,0.00,0.00,0.00,0.00,0,False
7,49,0,0,0,0,0,0,0,0,0,0,0,0,0,0.0,0.0,0.0,0.0,0,0,0,0,0,0.00,0.00,0.00,0.00,0,False
7,50,33,0,0,0,1,0,0,0,1,0,0,0,-1,1.4,0.3,2.0,0.4,2,1,1,4,0,0.00,0.07,0.07,0.33,0,False
7,51,0,0,0,0,0,0,0,0,0,0,0,0,0,0.0,0.0,0.0,0.0,0,0,0,0,0,0.00,0.00,0.00,0.00,0,False
7,52,0,0,0,0,0,0,0,0,0,0,0,0,0,0.0,0.0,0.0,0.0,0,0,0,0,0,0.00,0.00,0.00,0.00,0,False
7,53,83,2,0,0,1,0,0,0,0,0,0,3,46,71.8,22.3,45.0,13.9,0,2,1,3,1,0.49,0.04,0.53,0.39,15,True
7,54,66,0,0,1,0,0,0,0,0,0,0,0,8,1.8,16.0,1.0,1.9,0,2,1,3,1,0.05,0.18,0.23,0.10,3,False
7,55,6,0,0,0,0,0,0,0,0,0,0,0,1,0.0,0.3,7.0,0.7,1,2,0,3,0,0.16,0.00,0.16,0.03,1,False
7,56,0,0,0,0,0,0,0,0,0,0,0,0,0,0.0,0.0,0.0,0.0,0,0,0,0,0,0.00,0.00,0.00,0.00,0,False
7,57,0,0,0,0,0,0,0,0,0,0,0,0,0,0.0,0.0,0.0,0.0,0,0,0,0,0,0.00,0.00,0.00,0.00,0,False
7,58,90,0,1,0,1,0,0,0,0,0,0,0,22,31.2,30.4,5.0,6.7,2,7,1,10,1,0.02,0.19,0.20,0.42,5,False
7,59,1,0,0,0,0,0,0,0,0,0,0,0,3,0.2,0.1,0.0,0.0,0,0,0,0,0,0.00,0.00,0.00,0.03,1,False
7,60,0,0,0,0,0,0,0,0,0,0,0,0,0,0.0,0.0,0.0,0.0,0,0,0,0,0,0.00,0.00,0.00,0.00,0,False
7,61,0,0,0,0,0,0,0,0,0,0,0,0,0,0.0,0.0,0.0,0.0,0,0,0,0,0,0.00,0.00,0.00,0.00,0,False
7,62,0,0,0,0,0,0,0,0,0,0,0,0,0,0.0,0.0,0.0,0.0,0,0,0,0,0,0.00,0.00,0.00,0.00,0,False
7,63,0,0,0,0,0,0,0,0,0,0,0,0,0,0.0,0.0,0.0,0.0,0,0,0,0,0,0.00,0.00,0.00,0.00,0,False
7,64,66,0,0,1,0,0,0,0,0,0,0,0,0,0.0,3.8,13.0,1.5,1,0,0,1,1,0.26,0.03,0.29,0.10,2,False
7,65,0,0,0,0,0,0,0,0,0,0,0,0,0,0.0,0.0,0.0,0.0,0,0,0,0,0,0.00,0.00,0.00,0.00,0,False
7,66,0,0,0,0,0,0,0,0,0,0,0,0,0,0.0,0.0,0.0,0.0,0,0,0,0,0,0.00,0.00,0.00,0.00,0,False
7,67,90,0,0,0,1,0,0,0,0,0,3,0,13,19.4,0.0,0.0,1.9,2,9,0,0,1,0.00,0.00,0.00,0.88,3,False
7,68,0,0,0,0,0,0,0,0,0,0,0,0,0,0.0,0.0,0.0,0.0,0,0,0,0,0,0.00,0.00,0.00,0.00,0,False
7,69,0,0,0,0,0,0,0,0,0,0,0,0,0,0.0,0.0,0.0,0.0,0,0,0,0,0,0.00,0.00,0.00,0.00,0,False
7,70,0,0,0,0,0,0,0,0,0,0,0,0,0,0.0,0.0,0.0,0.0,0,0,0,0,0,0.00,0.00,0.00,0.00,0,False
7,71,0,0,0,0,0,0,0,0,0,0,0,0,0,0.0,0.0,0.0,0.0,0,0,0,0,0,0.00,0.00,0.00,0.00,0,False
7,72,77,0,0,0,1,0,0,0,0,0,0,0,9,23.2,8.1,2.0,3.3,7,2,0,7,1,0.00,0.72,0.72,0.60,2,False
7,73,0,0,0,0,0,0,0,0,0,0,0,0,0,0.0,0.0,0.0,0.0,0,0,0,0,0,0.00,0.00,0.00,0.00,0,False
7,74,90,0,1,0,1,0,0,0,0,0,0,0,24,32.8,20.2,4.0,5.7,4,6,1,5,1,0.03,0.04,0.07,0.88,5,False
7,75,0,0,0,0,0,0,0,0,0,0,0,0,0,0.0,0.0,0.0,0.0,0,0,0,0,0,0.00,0.00,0.00,0.00,0,False
7,76,0,0,0,0,0,0,0,0,0,0,0,0,0,0.0,0.0,0.0,0.0,0,0,0,0,0,0.00,0.00,0.00,0.00,0,False
7,77,60,0,0,1,0,0,0,0,0,0,0,0,27,9.6,2.3,0.0,1.2,1,3,2,3,1,0.00,0.16,0.16,0.20,6,False
7,78,0,0,0,0,0,0,0,0,0,0,0,0,0,0.0,0.0,0.0,0.0,0,0,0,0,0,0.00,0.00,0.00,0.00,0,False
7,79,0,0,0,0,0,0,0,0,0,0,0,0,0,0.0,0.0,0.0,0.0,0,0,0,0,0,0.00,0.00,0.00,0.00,0,False
7,80,0,0,0,0,0,0,0,0,0,0,0,0,0,0.0,0.0,0.0,0.0,0,0,0,0,0,0.00,0.00,0.00,0.00,0,False
7,81,29,1,0,0,1,0,0,0,0,0,0,1,31,39.6,13.3,11.0,6.4,0,2,2,4,0,0.02,0.01,0.03,0.69,7,False
7,82,90,2,1,0,1,0,0,0,0,0,0,3,63,92.4,16.5,63.0,17.2,1,7,1,9,1,0.66,0.06,0.72,0.88,18,True
7,83,22,0,0,0,0,0,0,0,1,0,0,0,-1,0.0,0.0,2.0,0.0,0,0,0,0,0,0.00,0.00,0.00,0.00,0,False
7,84,60,0,0,1,0,0,0,0,0,0,0,0,1,5.0,31.1,8.0,4.4,1,4,0,5,1,0.00,0.05,0.05,0.20,3,False
7,85,77,0,0,0,1,0,0,0,0,0,0,0,15,12.4,4.7,7.0,2.4,4,6,0,10,1,0.02,0.02,0.04,0.60,2,False
7,86,84,0,0,0,1,0,0,0,0,0,0,0,11,4.2,7.0,4.0,1.5,1,2,0,3,1,0.00,0.02,0.02,0.64,2,False
7,87,12,0,0,0,0,0,0,0,0,0,0,0,3,4.2,4.6,0.0,0.9,0,1,1,2,0,0.00,0.00,0.00,0.28,1,False
7,88,0,0,0,0,0,0,0,0,0,0,0,0,0,0.0,0.0,0.0,0.0,0,0,0,0,0,0.00,0.00,0.00,0.00,0,False
7,89,0,0,0,0,0,0,0,0,0,0,0,0,0,0.0,0.0,0.0,0.0,0,0,0,0,0,0.00,0.00,0.00,0.00,0,False
7,90,90,0,0,0,1,0,0,0,0,0,0,0,19,13.6,8.3,6.0,2.8,5,10,2,17,1,0.12,0.02,0.14,0.88,4,False
7,91,0,0,0,0,0,0,0,0,0,0,0,0,0,0.0,0.0,0.0,0.0,0,0,0,0,0,0.00,0.00,0.00,0.00,0,False
7,92,0,0,0,0,0,0,0,0,0,0,0,0,0,0.0,0.0,0.0,0.0,0,0,0,0,0,0.00,0.00,0.00,0.00,0,False
7,93,0,0,0,0,0,0,0,0,0,0,0,0,0,0.0,0.0,0.0,0.0,0,0,0,0,0,0.00,0.00,0.00,0.00,0,False
7,94,0,0,0,0,0,0,0,0,0,0,0,0,0,0.0,0.0,0.0,0.0,0,0,0,0,0,0.00,0.00,0.00,0.00,0,False
7,95,0,0,0,0,0,0,0,0,0,0,0,0,0,0.0,0.0,0.0,0.0,0,0,0,0,0,0.00,0.00,0.00,0.00,0,False
7,96,0,0,0,0,0,0,0,0,0,0,0,0,0,0.0,0.0,0.0,0.0,0,0,0,0,0,0.00,0.00,0.00,0.00,0,False
7,97,90,0,0,0,1,0,0,0,0,0,0,0,10,3.2,12.8,32.0,4.8,0,4,0,4,1,0.27,0.04,0.31,0.88,2,False
7,98,0,0,0,0,0,0,0,0,0,0,0,0,0,0.0,0.0,0.0,0.0,0,0,0,0,0,0.00,0.00,0.00,0.00,0,False
7,99,0,0,0,0,0,0,0,0,0,0,0,0,0,0.0,0.0,0.0,0.0,0,0,0,0,0,0.00,0.00,0.00,0.00,0,False
7,100,0,0,0,0,0,0,0,0,0,0,0,0,0,0.0,0.0,0.0,0.0,0,0,0,0,0,0.00,0.00,0.00,0.00,0,False
7,101,90,0,0,0,1,0,0,0,0,0,3,0,14,22.6,0.0,0.0,2.3,0,10,0,0,1,0.00,0.00,0.00,0.83,3,False
7,102,0,0,0,0,0,0,0,0,0,0,0,0,0,0.0,0.0,0.0,0.0,0,0,0,0,0,0.00,0.00,0.00,0.00,0,False
7,103,0,0,0,0,0,0,0,0,0,0,0,0,0,0.0,0.0,0.0,0.0,0,0,0,0,0,0.00,0.00,0.00,0.00,0,False
7,104,0,0,0,0,0,0,0,0,0,0,0,0,0,0.0,0.0,0.0,0.0,0,0,0,0,0,0.00,0.00,0.00,0.00,0,False
7,105,0,0,0,0,0,0,0,0,0,0,0,0,0,0.0,0.0,0.0,0.0,0,0,0,0,0,0.00,0.00,0.00,0.00,0,False
7,106,90,0,0,0,1,0,0,0,0,0,0,0,11,15.0,0.4,0.0,1.5,5,4,0,5,1,0.00,0.01,0.01,0.83,2,False
7,107,0,0,0,0,0,0,0,0,0,0,0,0,0,0.0,0.0,0.0,0.0,0,0,0,0,0,0.00,0.00,0.00,0.00,0,False
7,108,90,0,0,0,1,0,0,0,0,0,0,0,7,14.2,0.7,0.0,1.5,4,1,3,7,1,0.00,0.00,0.00,0.83,2,False
7,109,0,0,0,0,0,0,0,0,0,0,0,0,0,0.0,0.0,0.0,0.0,0,0,0,0,0,0.00,0.00,0.00,0.00,0,False
7,110,90,0,0,0,1,0,0,0,0,0,0,0,4,12.2,5.3,4.0,2.2,5,6,2,7,1,0.02,0.01,0.03,0.83,2,False
7,111,0,0,0,0,0,0,0,0,0,0,0,0,0,0.0,0.0,0.0,0.0,0,0,0,0,0,0.00,0.00,0.00,0.00,0,False
7,112,0,0,0,0,0,0,0,0,0,0,0,0,0,0.0,0.0,0.0,0.0,0,0,0,0,0,0.00,0.00,0.00,0.00,0,False
7,113,90,0,0,0,1,0,0,0,0,0,0,0,10,7.6,10.8,2.0,2.0,2,4,0,2,1,0.00,0.06,0.06,0.83,2,False
7,114,0,0,0,0,0,0,0,0,0,0,0,0,0,0.0,0.0,0.0,0.0,0,0,0,0,0,0.00,0.00,0.00,0.00,0,False
7,115,0,0,0,0,0,0,0,0,0,0,0,0,0,0.0,0.0,0.0,0.0,0,0,0,0,0,0.00,0.00,0.00,0.00,0,False
7,116,90,0,0,0,1,0,0,0,0,0,0,0,2,3.0,1.4,1.0,0.5,2,2,1,3,1,0.02,0.04,0.06,0.83,2,False
7,117,0,0,0,0,0,0,0,0,0,0,0,0,0,0.0,0.0,0.0,0.0,0,0,0,0,0,0.00,0.00,0.00,0.00,0,False
7,118,0,0,0,0,0,0,0,0,0,0,0,0,0,0.0,0.0,0.0,0.0,0,0,0,0,0,0.00,0.00,0.00,0.00,0,False
7,119,76,0,1,1,0,0,0,0,0,0,0,0,18,21.4,26.8,19.0,6.7,0,3,0,3,1,0.10,0.14,0.24,0.42,6,False
7,120,90,0,0,0,1,0,0,0,1,0,0,0,7,10.0,24.8,4.0,3.9,1,1,3,5,1,0.00,0.03,0.03,0.83,1,False
7,121,67,0,0,0,1,0,0,0,0,0,0,0,13,15.6,1.8,0.0,1.7,4,2,3,9,1,0.00,0.01,0.01,0.83,2,False
7,122,0,0,0,0,0,0,0,0,0,0,0,0,0,0.0,0.0,0.0,0.0,0,0,0,0,0,0.00,0.00,0.00,0.00,0,False
7,123,1,0,0,0,0,0,0,0,0,0,0,0,3,0.0,0.0,0.0,0.0,0,0,0,0,0,0.00,0.00,0.00,0.00,1,False
7,124,73,0,0,0,1,0,0,0,1,0,0,0,8,4.0,12.4,0.0,1.6,1,3,0,4,1,0.00,0.02,0.02,0.83,1,False
7,125,16,0,0,0,0,0,0,0,0,0,0,0,2,0.0,0.9,4.0,0.3,0,2,0,2,0,0.10,0.00,0.10,0.00,1,False
7,126,22,0,0,0,0,0,0,0,0,0,0,0,3,0.4,0.3,0.0,0.1,0,1,0,1,0,0.00,0.00,0.00,0.00,1,False
7,127,0,0,0,0,0,0,0,0,0,0,0,0,0,0.0,0.0,0.0,0.0,0,0,0,0,0,0.00,0.00,0.00,0.00,0,False
7,128,17,0,0,0,0,0,0,0,0,0,0,0,3,2.6,0.9,0.0,0.4,0,1,1,2,0,0.00,0.00,0.00,0.00,1,False
7,129,72,0,0,0,1,0,0,0,0,0,0,0,7,3.6,0.8,5.0,0.9,1,6,2,9,1,0.02,0.01,0.03,0.83,2,False
7,130,0,0,0,0,0,0,0,0,0,0,0,0,0,0.0,0.0,0.0,0.0,0,0,0,0,0,0.00,0.00,0.00,0.00,0,False
7,131,0,0,0,0,0,0,0,0,0,0,0,0,0,0.0,0.0,0.0,0.0,0,0,0,0,0,0.00,0.00,0.00,0.00,0,False
7,132,0,0,0,0,0,0,0,0,0,0,0,0,0,0.0,0.0,0.0,0.0,0,0,0,0,0,0.00,0.00,0.00,0.00,0,False
7,133,0,0,0,0,0,0,0,0,0,0,0,0,0,0.0,0.0,0.0,0.0,0,0,0,0,0,0.00,0.00,0.00,0.00,0,False
7,134,0,0,0,0,0,0,0,0,0,0,0,0,0,0.0,0.0,0.0,0.0,0,0,0,0,0,0.00,0.00,0.00,0.00,0,False
7,135,0,0,0,0,0,0,0,0,0,0,0,0,0,0.0,0.0,0.0,0.0,0,0,0,0,0,0.00,0.00,0.00,0.00,0,False
7,136,67,0,0,0,1,0,0,0,0,0,0,0,7,7.0,2.3,19.0,2.8,1,0,2,3,1,0.67,0.00,0.67,0.83,2,False
7,137,0,0,0,0,0,0,0,0,0,0,0,0,0,0.0,0.0,0.0,0.0,0,0,0,0,0,0.00,0.00,0.00,0.00,0,False
7,138,0,0,0,0,0,0,0,0,0,0,0,0,0,0.0,0.0,0.0,0.0,0,0,0,0,0,0.00,0.00,0.00,0.00,0,False
7,139,90,0,0,0,1,1,0,0,0,0,3,0,12,20.0,0.0,0.0,2.0,0,14,0,0,1,0.00,0.00,0.00,0.56,1,False
7,140,0,0,0,0,0,0,0,0,0,0,0,0,0,0.0,0.0,0.0,0.0,0,0,0,0,0,0.00,0.00,0.00,0.00,0,False
7,141,0,0,0,0,0,0,0,0,0,0,0,0,0,0.0,0.0,0.0,0.0,0,0,0,0,0,0.00,0.00,0.00,0.00,0,False
7,142,0,0,0,0,0,0,0,0,0,0,0,0,0,0.0,0.0,0.0,0.0,0,0,0,0,0,0.00,0.00,0.00,0.00,0,False
7,143,0,0,0,0,0,0,0,0,0,0,0,0,0,0.0,0.0,0.0,0.0,0,0,0,0,0,0.00,0.00,0.00,0.00,0,False
7,144,0,0,0,0,0,0,0,0,0,0,0,0,0,0.0,0.0,0.0,0.0,0,0,0,0,0,0.00,0.00,0.00,0.00,0,False
7,145,20,0,0,0,0,0,0,0,0,0,0,0,10,7.6,15.1,7.0,3.0,0,0,0,0,0,0.04,0.07,0.11,0.05,1,False
7,146,90,0,0,0,1,0,0,0,1,0,0,0,8,10.2,2.5,1.0,1.4,2,3,2,4,1,0.06,0.01,0.07,0.56,1,False
7,147,0,0,0,0,0,0,0,0,0,0,0,0,0,0.0,0.0,0.0,0.0,0,0,0,0,0,0.00,0.00,0.00,0.00,0,False
7,148,90,0,0,0,1,0,0,0,0,0,0,0,13,14.0,8.9,17.0,4.0,2,4,1,3,1,0.11,0.06,0.17,0.56,2,False
7,149,0,0,0,0,0,0,0,0,0,0,0,0,0,0.0,0.0,0.0,0.0,0,0,0,0,0,0.00,0.00,0.00,0.00,0,False
7,150,0,0,0,0,0,0,0,0,0,0,0,0,0,0.0,0.0,0.0,0.0,0,0,0,0,0,0.00,0.00,0.00,0.00,0,False
7,151,90,1,0,0,1,0,0,0,0,0,0,3,25,48.2,3.0,21.0,7.2,3,2,1,4,1,0.13,0.02,0.14,0.56,11,True
7,152,0,0,0,0,0,0,0,0,0,0,0,0,0,0.0,0.0,0.0,0.0,0,0,0,0,0,0.00,0.00,0.00,0.00,0,False
7,153,0,0,0,0,0,0,0,0,0,0,0,0,0,0.0,0.0,0.0,0.0,0,0,0,0,0,0.00,0.00,0.00,0.00,0,False
7,154,0,0,0,0,0,0,0,0,0,0,0,0,0,0.0,0.0,0.0,0.0,0,0,0,0,0,0.00,0.00,0.00,0.00,0,False
7,155,0,0,0,0,0,0,0,0,0,0,0,0,0,0.0,0.0,0.0,0.0,0,0,0,0,0,0.00,0.00,0.00,0.00,0,False
7,156,0,0,0,0,0,0,0,0,0,0,0,0,0,0.0,0.0,0.0,0.0,0,0,0,0,0,0.00,0.00,0.00,0.00,0,False
7,157,0,0,0,0,0,0,0,0,0,0,0,0,0,0.0,0.0,0.0,0.0,0,0,0,0,0,0.00,0.00,0.00,0.00,0,False
7,158,45,0,0,0,0,0,0,0,0,0,0,0,1,2.0,0.8,26.0,2.9,1,1,0,2,0,0.20,0.01,0.21,0.35,1,False
7,159,0,0,0,0,0,0,0,0,0,0,0,0,0,0.0,0.0,0.0,0.0,0,0,0,0,0,0.00,0.00,0.00,0.00,0,False
7,160,90,0,0,0,1,0,0,0,0,0,0,0,17,26.8,62.3,5.0,9.4,2,6,2,10,1,0.01,0.24,0.25,0.56,2,False
7,161,0,0,0,0,0,0,0,0,0,0,0,0,0,0.0,0.0,0.0,0.0,0,0,0,0,0,0.00,0.00,0.00,0.00,0,False
7,162,69,0,0,0,1,0,0,0,0,0,0,0,6,11.6,18.3,44.0,7.4,0,5,2,7,1,0.33,0.05,0.38,0.51,2,False
7,163,0,0,0,0,0,0,0,0,0,0,0,0,0,0.0,0.0,0.0,0.0,0,0,0,0,0,0.00,0.00,0.00,0.00,0,False
7,164,0,0,0,0,0,0,0,0,0,0,0,0,0,0.0,0.0,0.0,0.0,0,0,0,0,0,0.00,0.00,0.00,0.00,0,False
7,165,0,0,0,0,0,0,0,0,0,0,0,0,0,0.0,0.0,0.0,0.0,0,0,0,0,0,0.00,0.00,0.00,0.00,0,False
7,166,90,0,0,0,1,0,0,0,0,0,0,0,18,13.6,23.8,2.0,3.9,2,4,3,9,1,0.02,0.04,0.06,0.56,2,False
7,167,45,0,0,0,1,0,0,0,1,0,0,0,7,5.6,0.9,0.0,0.7,2,2,3,7,1,0.00,0.00,0.00,0.20,0,False
7,168,0,0,0,0,0,0,0,0,0,0,0,0,0,0.0,0.0,0.0,0.0,0,0,0,0,0,0.00,0.00,0.00,0.00,0,False
7,169,76,0,0,0,1,0,0,0,0,0,0,0,8,12.4,1.3,17.0,3.1,2,1,5,8,1,0.13,0.01,0.14,0.56,2,False
7,170,13,0,0,0,0,0,0,0,0,0,0,0,6,5.2,20.1,0.0,2.5,0,1,0,1,0,0.00,0.06,0.06,0.00,1,False
7,171,0,0,0,0,0,0,0,0,0,0,0,0,0,0.0,0.0,0.0,0.0,0,0,0,0,0,0.00,0.00,0.00,0.00,0,False
7,172,0,0,0,0,0,0,0,0,0,0,0,0,0,0.0,0.0,0.0,0.0,0,0,0,0,0,0.00,0.00,0.00,0.00,0,False
7,173,69,0,0,0,1,0,0,0,1,0,0,0,8,7.4,26.6,10.0,4.4,4,3,0,7,1,0.10,0.11,0.21,0.51,1,False
7,174,0,0,0,0,0,0,0,0,0,0,0,0,0,0.0,0.0,0.0,0.0,0,0,0,0,0,0.00,0.00,0.00,0.00,0,False
7,175,0,0,0,0,0,0,0,0,0,0,0,0,0,0.0,0.0,0.0,0.0,0,0,0,0,0,0.00,0.00,0.00,0.00,0,False
7,176,0,0,0,0,0,0,0,0,0,0,0,0,0,0.0,0.0,0.0,0.0,0,0,0,0,0,0.00,0.00,0.00,0.00,0,False
7,177,0,0,0,0,0,0,0,0,0,0,0,0,0,0.0,0.0,0.0,0.0,0,0,0,0,0,0.00,0.00,0.00,0.00,0,False
7,178,90,0,0,0,1,0,0,0,1,0,0,0,-3,0.0,13.4,4.0,1.7,2,1,0,3,1,0.00,0.02,0.02,0.56,1,False
7,179,0,0,0,0,0,0,0,0,0,0,0,0,0,0.0,0.0,0.0,0.0,0,0,0,0,0,0.00,0.00,0.00,0.00,0,False
7,180,20,0,1,0,0,0,0,0,0,0,0,0,11,19.0,20.5,11.0,5.1,0,0,0,0,0,0.05,0.00,0.05,0.05,4,False
7,181,0,0,0,0,0,0,0,0,0,0,0,0,0,0.0,0.0,0.0,0.0,0,0,0,0,0,0.00,0.00,0.00,0.00,0,False
7,182,0,0,0,0,0,0,0,0,0,0,0,0,0,0.0,0.0,0.0,0.0,0,0,0,0,0,0.00,0.00,0.00,0.00,0,False
7,183,0,0,0,0,0,0,0,0,0,0,0,0,0,0.0,0.0,0.0,0.0,0,0,0,0,0,0.00,0.00,0.00,0.00,0,False
7,184,0,0,0,0,0,0,0,0,0,0,0,0,0,0.0,0.0,0.0,0.0,0,0,0,0,0,0.00,0.00,0.00,0.00,0,False
7,185,0,0,0,0,0,0,0,0,0,0,0,0,0,0.0,0.0,0.0,0.0,0,0,0,0,0,0.00,0.00,0.00,0.00,0,False
7,186,0,0,0,0,0,0,0,0,0,0,0,0,0,0.0,0.0,0.0,0.0,0,0,0,0,0,0.00,0.00,0.00,0.00,0,False
7,187,90,0,0,0,2,0,0,0,0,0,0,0,-3,10.6,2.7,7.0,2.0,1,5,3,4,1,0.08,0.01,0.09,1.37,1,False
7,188,0,0,0,0,0,0,0,0,0,0,0,0,0,0.0,0.0,0.0,0.0,0,0,0,0,0,0.00,0.00,0.00,0.00,0,False
7,189,0,0,0,0,0,0,0,0,0,0,0,0,0,0.0,0.0,0.0,0.0,0,0,0,0,0,0.00,0.00,0.00,0.00,0,False
7,190,0,0,0,0,0,0,0,0,0,0,0,0,0,0.0,0.0,0.0,0.0,0,0,0,0,0,0.00,0.00,0.00,0.00,0,False
7,191,90,0,0,0,2,0,0,0,0,0,0,0,7,13.2,1.4,2.0,1.7,6,3,0,6,1,0.00,0.01,0.01,1.37,1,False
7,192,90,0,1,0,2,0,0,0,0,0,0,0,12,21.6,32.8,2.0,5.6,0,4,0,0,1,0.00,0.17,0.17,1.37,4,False
7,193,0,0,0,0,0,0,0,0,0,0,0,0,0,0.0,0.0,0.0,0.0,0,0,0,0,0,0.00,0.00,0.00,0.00,0,False
7,194,0,0,0,0,0,0,0,0,0,0,0,0,0,0.0,0.0,0.0,0.0,0,0,0,0,0,0.00,0.00,0.00,0.00,0,False
7,195,0,0,0,0,0,0,0,0,0,0,0,0,0,0.0,0.0,0.0,0.0,0,0,0,0,0,0.00,0.00,0.00,0.00,0,False
7,196,0,0,0,0,0,0,0,0,0,0,0,0,0,0.0,0.0,0.0,0.0,0,0,0,0,0,0.00,0.00,0.00,0.00,0,False
7,197,0,0,0,0,0,0,0,0,0,0,0,0,0,0.0,0.0,0.0,0.0,0,0,0,0,0,0.00,0.00,0.00,0.00,0,False
7,198,90,0,0,0,2,0,0,0,0,0,0,0,6,17.6,0.9,0.0,1.9,4,4,3,7,1,0.00,0.01,0.01,1.37,1,False
7,199,1,0,0,0,0,0,0,0,0,0,0,0,3,0.2,0.3,0.0,0.1,0,0,0,0,0,0.00,0.00,0.00,0.00,1,False
7,200,58,0,0,0,1,0,0,0,0,0,0,0,2,5.6,2.1,4.0,1.2,0,3,4,7,1,0.00,0.01,0.01,0.99,1,False
7,201,0,0,0,0,0,0,0,0,0,0,0,0,0,0.0,0.0,0.0,0.0,0,0,0,0,0,0.00,0.00,0.00,0.00,0,False
7,202,31,0,0,0,1,0,0,0,0,0,0,0,0,0.4,0.5,0.0,0.1,0,1,0,1,0,0.00,0.00,0.00,0.39,1,False
7,203,0,0,0,0,0,0,0,0,0,0,0,0,0,0.0,0.0,0.0,0.0,0,0,0,0,0,0.00,0.00,0.00,0.00,0,False
7,204,0,0,0,0,0,0,0,0,0,0,0,0,0,0.0,0.0,0.0,0.0,0,0,0,0,0,0.00,0.00,0.00,0.00,0,False
7,205,90,0,0,0,2,0,0,0,0,0,0,2,29,21.6,6.7,7.0,3.5,1,11,8,20,1,0.10,0.02,0.12,1.37,6,False
7,206,0,0,0,0,0,0,0,0,0,0,0,0,0,0.0,0.0,0.0,0.0,0,0,0,0,0,0.00,0.00,0.00,0.00,0,False
7,207,0,0,0,0,0,0,0,0,0,0,0,0,0,0.0,0.0,0.0,0.0,0,0,0,0,0,0.00,0.00,0.00,0.00,0,False
7,208,0,0,0,0,0,0,0,0,0,0,0,0,0,0.0,0.0,0.0,0.0,0,0,0,0,0,0.00,0.00,0.00,0.00,0,False
7,209,81,0,0,0,2,0,0,0,0,0,0,0,13,5.2,2.3,2.0,1.0,6,3,0,9,1,0.00,0.00,0.00,1.14,2,False
7,210,58,0,0,0,1,0,0,0,0,0,0,0,3,0.0,2.4,0.0,0.2,0,3,0,3,1,0.00,0.01,0.01,0.99,1,False
7,211,0,0,0,0,0,0,0,0,0,0,0,0,0,0.0,0.0,0.0,0.0,0,0,0,0,0,0.00,0.00,0.00,0.00,0,False
7,212,0,0,0,0,0,0,0,0,0,0,0,0,0,0.0,0.0,0.0,0.0,0,0,0,0,0,0.00,0.00,0.00,0.00,0,False
7,213,0,0,0,0,0,0,0,0,0,0,0,0,0,0.0,0.0,0.0,0.0,0,0,0,0,0,0.00,0.00,0.00,0.00,0,False
7,214,0,0,0,0,0,0,0,0,0,0,0,0,0,0.0,0.0,0.0,0.0,0,0,0,0,0,0.00,0.00,0.00,0.00,0,False
7,215,8,0,0,0,0,0,0,0,0,0,0,0,2,0.0,0.0,2.0,0.1,0,0,0,0,0,0.01,0.00,0.01,0.24,1,False
7,216,0,0,0,0,0,0,0,0,0,0,0,0,0,0.0,0.0,0.0,0.0,0,0,0,0,0,0.00,0.00,0.00,0.00,0,False
7,217,68,0,0,0,2,0,0,0,1,0,0,0,-2,0.0,1.3,4.0,0.1,0,0,0,0,1,0.00,0.02,0.02,1.12,1,False
7,218,0,0,0,0,0,0,0,0,0,0,0,0,0,0.0,0.0,0.0,0.0,0,0,0,0,0,0.00,0.00,0.00,0.00,0,False
7,219,0,0,0,0,0,0,0,0,0,0,0,0,0,0.0,0.0,0.0,0.0,0,0,0,0,0,0.00,0.00,0.00,0.00,0,False
7,220,90,0,0,0,1,0,0,0,0,0,1,0,8,9.4,0.0,0.0,0.9,0,11,0,0,1,0.00,0.00,0.00,1.95,2,False
7,221,0,0,0,0,0,0,0,0,0,0,0,0,0,0.0,0.0,0.0,0.0,0,0,0,0,0,0.00,0.00,0.00,0.00,0,False
7,222,0,0,0,0,0,0,0,0,0,0,0,0,0,0.0,0.0,0.0,0.0,0,0,0,0,0,0.00,0.00,0.00,0.00,0,False
7,223,0,0,0,0,0,0,0,0,0,0,0,0,0,0.0,0.0,0.0,0.0,0,0,0,0,0,0.00,0.00,0.00,0.00,0,False
7,224,90,0,1,0,1,0,0,0,0,0,0,2,33,38.0,38.4,6.0,8.2,7,4,2,9,1,0.00,0.62,0.62,1.95,7,False
7,225,90,0,0,0,1,0,0,0,0,0,0,0,16,25.8,23.2,0.0,4.9,5,2,5,10,1,0.00,0.06,0.06,1.95,4,False
7,226,0,0,0,0,0,0,0,0,0,0,0,0,0,0.0,0.0,0.0,0.0,0,0,0,0,0,0.00,0.00,0.00,0.00,0,False
7,227,0,0,0,0,0,0,0,0,0,0,0,0,0,0.0,0.0,0.0,0.0,0,0,0,0,0,0.00,0.00,0.00,0.00,0,False
7,228,90,0,1,0,1,0,0,0,0,0,0,0,18,25.0,14.8,3.0,4.3,2,9,1,3,1,0.02,0.04,0.06,1.95,5,False
7,229,54,0,0,0,0,0,0,0,0,0,0,0,11,14.6,1.4,0.0,1.6,4,1,1,5,1,0.00,0.02,0.02,0.93,1,False
7,230,0,0,0,0,0,0,0,0,0,0,0,0,0,0.0,0.0,0.0,0.0,0,0,0,0,0,0.00,0.00,0.00,0.00,0,False
7,231,0,0,0,0,0,0,0,0,0,0,0,0,0,0.0,0.0,0.0,0.0,0,0,0,0,0,0.00,0.00,0.00,0.00,0,False
7,232,0,0,0,0,0,0,0,0,0,0,0,0,0,0.0,0.0,0.0,0.0,0,0,0,0,0,0.00,0.00,0.00,0.00,0,False
7,233,67,0,0,0,1,0,0,0,0,0,0,0,5,1.6,0.6,0.0,0.2,1,4,0,1,1,0.00,0.00,0.00,1.48,2,False
7,234,0,0,0,0,0,0,0,0,0,0,0,0,0,0.0,0.0,0.0,0.0,0,0,0,0,0,0.00,0.00,0.00,0.00,0,False
7,235,0,0,0,0,0,0,0,0,0,0,0,0,0,0.0,0.0,0.0,0.0,0,0,0,0,0,0.00,0.00,0.00,0.00,0,False
7,236,74,0,0,0,1,0,0,0,0,0,0,0,7,1.4,2.4,5.0,0.9,1,3,0,4,1,0.03,0.02,0.05,1.54,2,False
7,237,90,0,0,0,1,0,0,0,0,0,0,0,7,13.2,14.8,23.0,5.1,1,6,4,11,1,0.35,0.03,0.38,1.95,2,False
7,238,15,1,0,0,0,0,0,0,0,0,0,2,33,46.4,33.5,52.0,13.2,1,3,1,5,0,0.41,0.18,0.59,0.41,8,False
7,239,15,0,0,0,0,0,0,0,0,0,0,0,5,9.6,0.9,13.0,2.4,1,1,0,2,0,0.02,0.04,0.06,0.41,1,False
7,240,0,0,0,0,0,0,0,0,0,0,0,0,0,0.0,0.0,0.0,0.0,0,0,0,0,0,0.00,0.00,0.00,0.00,0,False
7,241,90,1,0,0,1,0,0,0,0,0,0,3,35,49.0,6.3,16.0,7.1,2,5,4,11,1,0.06,0.02,0.08,1.95,10,False
7,242,0,0,0,0,0,0,0,0,0,0,0,0,0,0.0,0.0,0.0,0.0,0,0,0,0,0,0.00,0.00,0.00,0.00,0,False
7,243,0,0,0,0,0,0,0,0,0,0,0,0,0,0.0,0.0,0.0,0.0,0,0,0,0,0,0.00,0.00,0.00,0.00,0,False
7,244,35,0,0,0,1,0,0,0,0,0,0,0,6,6.8,3.0,0.0,1.0,2,2,1,5,0,0.00,0.02,0.02,1.02,1,False
7,245,0,0,0,0,0,0,0,0,0,0,0,0,0,0.0,0.0,0.0,0.0,0,0,0,0,0,0.00,0.00,0.00,0.00,0,False
7,246,0,0,0,0,0,0,0,0,0,0,0,0,0,0.0,0.0,0.0,0.0,0,0,0,0,0,0.00,0.00,0.00,0.00,0,False
7,247,0,0,0,0,0,0,0,0,0,0,0,0,0,0.0,0.0,0.0,0.0,0,0,0,0,0,0.00,0.00,0.00,0.00,0,False
7,248,0,0,0,0,0,0,0,0,0,0,0,0,0,0.0,0.0,0.0,0.0,0,0,0,0,0,0.00,0.00,0.00,0.00,0,False
7,249,73,0,0,0,1,0,0,0,0,0,0,0,4,0.0,1.9,4.0,0.4,0,1,0,1,1,0.03,0.00,0.03,1.54,2,False
7,250,0,0,0,0,0,0,0,0,0,0,0,0,0,0.0,0.0,0.0,0.0,0,0,0,0,0,0.00,0.00,0.00,0.00,0,False
7,251,0,0,0,0,0,0,0,0,0,0,0,0,0,0.0,0.0,0.0,0.0,0,0,0,0,0,0.00,0.00,0.00,0.00,0,False
7,252,16,0,0,0,0,0,0,0,0,0,0,0,1,0.0,0.0,4.0,0.1,0,0,0,0,0,0.03,0.00,0.03,0.41,1,False
7,253,90,0,0,0,2,0,0,0,0,0,5,0,18,42.4,0.0,0.0,4.2,0,15,0,0,1,0.00,0.00,0.00,2.03,2,False
7,254,0,0,0,0,0,0,0,0,0,0,0,0,0,0.0,0.0,0.0,0.0,0,0,0,0,0,0.00,0.00,0.00,0.00,0,False
7,255,0,0,0,0,0,0,0,0,0,0,0,0,0,0.0,0.0,0.0,0.0,0,0,0,0,0,0.00,0.00,0.00,0.00,0,False
7,256,90,1,0,0,2,0,0,0,1,0,0,0,20,56.0,1.3,21.0,7.8,9,7,7,16,1,0.11,0.02,0.13,2.03,8,False
7,257,90,0,0,0,2,0,0,0,0,0,0,0,3,17.6,14.5,2.0,3.4,9,2,1,10,1,0.00,0.01,0.01,2.03,3,False
7,258,90,0,0,0,2,0,0,0,0,0,0,0,6,13.8,2.8,21.0,3.8,6,2,3,9,1,0.05,0.01,0.06,2.03,1,False
7,259,0,0,0,0,0,0,0,0,0,0,0,0,0,0.0,0.0,0.0,0.0,0,0,0,0,0,0.00,0.00,0.00,0.00,0,False
7,260,90,0,0,0,2,0,0,0,0,0,0,0,7,26.8,3.6,37.0,6.7,8,5,2,10,1,0.20,0.48,0.68,2.03,3,False
7,261,90,0,0,0,2,0,0,0,0,0,0,0,11,26.0,10.7,7.0,4.4,9,1,1,10,1,0.09,0.56,0.65,2.03,3,False
7,262,0,0,0,0,0,0,0,0,0,0,0,0,0,0.0,0.0,0.0,0.0,0,0,0,0,0,0.00,0.00,0.00,0.00,0,False
7,263,0,0,0,0,0,0,0,0,0,0,0,0,0,0.0,0.0,0.0,0.0,0,0,0,0,0,0.00,0.00,0.00,0.00,0,False
7,264,0,0,0,0,0,0,0,0,0,0,0,0,0,0.0,0.0,0.0,0.0,0,0,0,0,0,0.00,0.00,0.00,0.00,0,False
7,265,0,0,0,0,0,0,0,0,0,0,0,0,0,0.0,0.0,0.0,0.0,0,0,0,0,0,0.00,0.00,0.00,0.00,0,False
7,266,78,0,1,1,0,0,0,0,0,0,0,0,22,5.6,6.8,35.0,4.7,1,2,2,5,1,0.49,0.05,0.54,0.36,6,False
7,267,88,0,1,0,1,0,0,0,0,0,0,2,26,35.6,32.1,8.0,7.6,2,1,3,6,1,0.18,0.08,0.26,1.29,7,False
7,268,0,0,0,0,0,0,0,0,0,0,0,0,0,0.0,0.0,0.0,0.0,0,0,0,0,0,0.00,0.00,0.00,0.00,0,False
7,269,0,0,0,0,0,0,0,0,0,0,0,0,0,0.0,0.0,0.0,0.0,0,0,0,0,0,0.00,0.00,0.00,0.00,0,False
7,270,0,0,0,0,0,0,0,0,0,0,0,0,0,0.0,0.0,0.0,0.0,0,0,0,0,0,0.00,0.00,0.00,0.00,0,False
7,271,81,0,0,0,1,0,0,0,0,0,0,0,14,14.4,2.9,3.0,2.0,1,7,8,16,1,0.10,0.02,0.12,1.29,4,False
7,272,8,0,0,0,1,0,0,0,0,0,0,0,4,3.4,0.0,0.0,0.3,2,0,0,2,0,0.00,0.01,0.01,0.73,1,False
7,273,90,0,0,0,2,0,0,0,1,0,0,0,14,11.6,28.8,2.0,4.2,4,5,3,12,1,0.03,0.24,0.27,2.03,3,False
7,274,0,0,0,0,0,0,0,0,0,0,0,0,0,0.0,0.0,0.0,0.0,0,0,0,0,0,0.00,0.00,0.00,0.00,0,False
7,275,0,0,0,0,0,0,0,0,0,0,0,0,0,0.0,0.0,0.0,0.0,0,0,0,0,0,0.00,0.00,0.00,0.00,0,False
7,276,2,0,0,0,1,0,0,0,0,0,0,0,-1,0.0,0.0,37.0,3.7,0,0,0,0,0,0.30,0.00,0.30,0.73,1,False
7,277,0,0,0,0,0,0,0,0,0,0,0,0,0,0.0,0.0,0.0,0.0,0,0,0,0,0,0.00,0.00,0.00,0.00,0,False
7,278,0,0,0,0,0,0,0,0,0,0,0,0,0,0.0,0.0,0.0,0.0,0,0,0,0,0,0.00,0.00,0.00,0.00,0,False
7,279,0,0,0,0,0,0,0,0,0,0,0,0,0,0.0,0.0,0.0,0.0,0,0,0,0,0,0.00,0.00,0.00,0.00,0,False
7,280,0,0,0,0,0,0,0,0,0,0,0,0,0,0.0,0.0,0.0,0.0,0,0,0,0,0,0.00,0.00,0.00,0.00,0,False
7,281,0,0,0,0,0,0,0,0,0,0,0,0,0,0.0,0.0,0.0,0.0,0,0,0,0,0,0.00,0.00,0.00,0.00,0,False
7,282,0,0,0,0,0,0,0,0,0,0,0,0,0,0.0,0.0,0.0,0.0,0,0,0,0,0,0.00,0.00,0.00,0.00,0,False
7,283,69,0,0,1,0,0,0,0,0,0,0,0,3,6.4,1.6,29.0,3.7,2,0,0,2,1,0.59,0.00,0.59,0.43,2,False
7,284,20,0,0,0,2,0,0,0,0,0,0,0,2,0.0,0.1,0.0,0.0,0,1,0,1,0,0.00,0.00,0.00,1.60,1,False
7,285,0,0,0,0,0,0,0,0,0,0,0,0,0,0.0,0.0,0.0,0.0,0,0,0,0,0,0.00,0.00,0.00,0.00,0,False
7,286,0,0,0,0,0,0,0,0,0,0,0,0,0,0.0,0.0,0.0,0.0,0,0,0,0,0,0.00,0.00,0.00,0.00,0,False
7,287,90,0,0,0,1,0,0,0,0,0,5,0,19,42.6,0.0,0.0,4.3,2,6,0,0,1,0.00,0.00,0.00,1.65,3,False
7,288,0,0,0,0,0,0,0,0,0,0,0,0,0,0.0,0.0,0.0,0.0,0,0,0,0,0,0.00,0.00,0.00,0.00,0,False
7,289,0,0,0,0,0,0,0,0,0,0,0,0,0,0.0,0.0,0.0,0.0,0,0,0,0,0,0.00,0.00,0.00,0.00,0,False
7,290,0,0,0,0,0,0,0,0,0,0,0,0,0,0.0,0.0,0.0,0.0,0,0,0,0,0,0.00,0.00,0.00,0.00,0,False
7,291,90,0,0,0,1,0,0,0,0,0,0,1,22,34.6,16.9,8.0,6.0,9,6,2,11,1,0.00,0.26,0.26,1.65,5,False
7,292,90,0,0,0,1,0,0,0,0,0,0,0,11,20.0,13.2,9.0,4.2,11,2,1,12,1,0.02,0.03,0.05,1.65,4,False
7,293,90,0,0,0,1,0,0,0,0,0,0,1,22,29.4,19.1,21.0,7.0,7,1,3,10,1,0.08,0.07,0.15,1.65,5,False
7,294,1,0,0,0,0,0,0,0,0,0,0,0,4,0.0,0.0,0.0,0.0,0,0,0,0,0,0.00,0.00,0.00,0.24,1,False
7,295,64,0,0,0,1,0,0,0,0,0,0,0,9,20.6,0.4,11.0,3.2,10,4,1,11,1,0.23,0.00,0.23,1.32,4,False
7,296,0,0,0,0,0,0,0,0,0,0,0,0,0,0.0,0.0,0.0,0.0,0,0,0,0,0,0.00,0.00,0.00,0.00,0,False
7,297,0,0,0,0,0,0,0,0,0,0,0,0,0,0.0,0.0,0.0,0.0,0,0,0,0,0,0.00,0.00,0.00,0.00,0,False
7,298,0,0,0,0,0,0,0,0,0,0,0,0,0,0.0,0.0,0.0,0.0,0,0,0,0,0,0.00,0.00,0.00,0.00,0,False
7,299,90,1,0,0,1,0,0,0,1,0,0,1,22,44.0,21.4,23.0,8.8,2,3,3,8,1,0.79,0.49,1.28,1.41,7,False
7,300,0,0,0,0,0,0,0,0,0,0,0,0,0,0.0,0.0,0.0,0.0,0,0,0,0,0,0.00,0.00,0.00,0.00,0,False
7,301,45,0,0,0,0,0,0,0,0,0,0,0,6,8.6,15.9,20.0,4.5,0,5,2,7,0,0.12,0.02,0.14,1.02,1,False
7,302,90,0,0,0,1,0,0,0,0,0,0,0,12,3.8,7.3,0.0,1.1,0,8,1,9,1,0.00,0.13,0.13,1.65,2,False
7,303,90,0,0,0,1,0,0,0,1,0,0,0,20,22.6,34.8,4.0,6.1,6,2,1,9,1,0.12,0.52,0.64,1.65,1,False
7,304,25,0,1,0,0,0,0,0,0,0,0,0,14,2.6,0.5,2.0,0.5,1,0,1,2,0,0.00,0.00,0.00,0.33,4,False
7,305,0,0,0,0,0,0,0,0,0,0,0,0,0,0.0,0.0,0.0,0.0,0,0,0,0,0,0.00,0.00,0.00,0.00,0,False
7,306,0,0,0,0,0,0,0,0,0,0,0,0,0,0.0,0.0,0.0,0.0,0,0,0,0,0,0.00,0.00,0.00,0.00,0,False
7,307,0,0,0,0,0,0,0,0,0,0,0,0,0,0.0,0.0,0.0,0.0,0,0,0,0,0,0.00,0.00,0.00,0.00,0,False
7,308,0,0,0,0,0,0,0,0,0,0,0,0,0,0.0,0.0,0.0,0.0,0,0,0,0,0,0.00,0.00,0.00,0.00,0,False
7,309,0,0,0,0,0,0,0,0,0,0,0,0,0,0.0,0.0,0.0,0.0,0,0,0,0,0,0.00,0.00,0.00,0.00,0,False
7,310,45,0,0,0,1,0,0,0,0,0,0,0,-2,4.0,10.8,0.0,1.5,2,1,0,3,1,0.00,0.00,0.00,0.63,1,False
7,311,45,0,0,0,0,0,0,0,0,0,0,0,-2,10.4,13.0,39.0,6.2,1,2,2,5,0,0.34,0.01,0.35,1.02,1,False
7,312,0,0,0,0,0,0,0,0,0,0,0,0,0,0.0,0.0,0.0,0.0,0,0,0,0,0,0.00,0.00,0.00,0.00,0,False
7,313,0,0,0,0,0,0,0,0,0,0,0,0,0,0.0,0.0,0.0,0.0,0,0,0,0,0,0.00,0.00,0.00,0.00,0,False
7,314,90,0,0,0,3,0,0,0,0,0,3,0,4,22.8,0.0,0.0,2.3,2,5,0,0,1,0.00,0.00,0.00,1.12,2,False
7,315,0,0,0,0,0,0,0,0,0,0,0,0,0,0.0,0.0,0.0,0.0,0,0,0,0,0,0.00,0.00,0.00,0.00,0,False
7,316,0,0,0,0,0,0,0,0,0,0,0,0,0,0.0,0.0,0.0,0.0,0,0,0,0,0,0.00,0.00,0.00,0.00,0,False
7,317,90,0,0,0,3,0,0,0,0,0,0,0,6,34.4,0.9,0.0,3.5,14,5,1,15,1,0.00,0.00,0.00,1.12,3,False
7,318,90,0,0,0,3,0,0,0,0,0,0,0,1,16.6,1.2,0.0,1.8,5,1,1,6,1,0.00,0.00,0.00,1.12,1,False
7,319,90,0,0,0,3,0,0,0,0,0,0,0,5,12.6,12.5,5.0,3.0,6,6,2,8,1,0.04,0.02,0.06,1.12,1,False
7,320,85,0,0,0,2,0,0,0,1,0,0,0,5,18.2,0.8,0.0,1.9,10,4,2,12,1,0.00,0.01,0.01,0.60,2,False
7,321,0,0,0,0,0,0,0,0,0,0,0,0,0,0.0,0.0,0.0,0.0,0,0,0,0,0,0.00,0.00,0.00,0.00,0,False
7,322,0,0,0,0,0,0,0,0,0,0,0,0,0,0.0,0.0,0.0,0.0,0,0,0,0,0,0.00,0.00,0.00,0.00,0,False
7,323,0,0,0,0,0,0,0,0,0,0,0,0,0,0.0,0.0,0.0,0.0,0,0,0,0,0,0.00,0.00,0.00,0.00,0,False
7,324,85,0,0,0,2,0,0,0,0,0,0,0,15,13.8,38.4,11.0,6.3,0,7,0,7,1,0.11,0.12,0.23,0.60,2,False
7,325,4,0,0,0,1,0,0,0,0,0,0,0,3,0.6,2.3,0.0,0.3,0,0,0,0,0,0.00,0.01,0.01,0.52,1,False
7,326,4,0,0,0,1,0,0,0,0,0,0,0,4,2.2,0.9,2.0,0.5,0,1,0,1,0,0.00,0.01,0.01,0.52,1,False
7,327,0,0,0,0,0,0,0,0,0,0,0,0,0,0.0,0.0,0.0,0.0,0,0,0,0,0,0.00,0.00,0.00,0.00,0,False
7,328,90,1,0,0,3,0,0,0,0,0,0,2,34,45.8,16.9,27.0,9.0,4,5,1,10,1,0.40,0.25,0.65,1.12,9,False
7,329,66,0,0,1,0,0,0,0,0,0,0,0,12,10.4,16.7,19.0,4.6,1,7,1,9,1,0.02,0.06,0.08,0.45,3,False
7,330,90,0,0,0,3,0,0,0,0,0,0,0,12,8.8,4.1,0.0,1.3,0,8,2,10,1,0.00,0.04,0.04,1.12,2,False
7,331,76,0,0,0,3,0,0,0,0,0,0,0,11,1.2,20.4,13.0,3.5,0,2,0,2,0,0.25,0.07,0.32,1.07,2,False
7,332,13,0,0,0,0,0,0,0,0,0,0,0,4,6.0,0.0,0.0,0.6,3,0,1,4,1,0.00,0.00,0.00,0.05,1,False
7,333,0,0,0,0,0,0,0,0,0,0,0,0,0,0.0,0.0,0.0,0.0,0,0,0,0,0,0.00,0.00,0.00,0.00,0,False
7,334,0,0,0,0,0,0,0,0,0,0,0,0,0,0.0,0.0,0.0,0.0,0,0,0,0,0,0.00,0.00,0.00,0.00,0,False
7,335,66,0,0,1,0,0,0,0,0,0,0,0,8,1.4,1.7,7.0,1.0,2,0,0,2,1,0.01,0.02,0.03,0.45,3,False
7,336,0,0,0,0,0,0,0,0,0,0,0,0,0,0.0,0.0,0.0,0.0,0,0,0,0,0,0.00,0.00,0.00,0.00,0,False
7,337,0,0,0,0,0,0,0,0,0,0,0,0,0,0.0,0.0,0.0,0.0,0,0,0,0,0,0.00,0.00,0.00,0.00,0,False
7,338,0,0,0,0,0,0,0,0,0,0,0,0,0,0.0,0.0,0.0,0.0,0,0,0,0,0,0.00,0.00,0.00,0.00,0,False
7,339,0,0,0,0,0,0,0,0,0,0,0,0,0,0.0,0.0,0.0,0.0,0,0,0,0,0,0.00,0.00,0.00,0.00,0,False
7,340,0,0,0,0,0,0,0,0,0,0,0,0,0,0.0,0.0,0.0,0.0,0,0,0,0,0,0.00,0.00,0.00,0.00,0,False
7,341,90,0,0,0,2,0,0,0,0,0,1,0,4,10.6,0.0,0.0,1.1,2,9,0,0,1,0.00,0.01,0.01,0.53,1,False
7,342,88,0,0,0,2,0,0,0,0,0,0,0,7,19.0,6.2,1.0,2.6,7,4,5,12,1,0.02,0.06,0.08,0.53,3,False
7,343,90,0,0,0,2,0,0,0,0,0,0,0,2,6.8,1.4,15.0,2.3,5,0,0,5,1,0.30,0.01,0.31,0.53,1,False
7,344,0,0,0,0,0,0,0,0,0,0,0,0,0,0.0,0.0,0.0,0.0,0,0,0,0,0,0.00,0.00,0.00,0.00,0,False
7,345,0,0,0,0,0,0,0,0,0,0,0,0,0,0.0,0.0,0.0,0.0,0,0,0,0,0,0.00,0.00,0.00,0.00,0,False
7,346,0,0,0,0,0,0,0,0,0,0,0,0,0,0.0,0.0,0.0,0.0,0,0,0,0,0,0.00,0.00,0.00,0.00,0,False
7,347,78,0,0,0,2,0,0,0,0,0,0,0,5,12.2,5.2,0.0,1.7,5,7,3,8,1,0.00,0.01,0.01,0.50,1,False
7,348,90,0,0,0,2,0,0,0,0,0,0,0,3,14.8,1.5,15.0,3.1,6,4,0,6,1,0.09,0.02,0.11,0.53,1,False
7,349,0,0,0,0,0,0,0,0,0,0,0,0,0,0.0,0.0,0.0,0.0,0,0,0,0,0,0.00,0.00,0.00,0.00,0,False
7,350,66,0,1,0,2,0,0,0,0,0,0,0,20,6.6,13.8,17.0,3.7,0,2,1,3,1,0.09,0.02,0.11,0.50,5,False
7,351,0,0,0,0,0,0,0,0,0,0,0,0,0,0.0,0.0,0.0,0.0,0,0,0,0,0,0.00,0.00,0.00,0.00,0,False
7,352,23,0,0,0,0,0,0,0,0,0,0,0,4,2.2,6.8,2.0,1.1,0,2,0,2,0,0.00,0.08,0.08,0.03,1,False
7,353,0,0,0,0,0,0,0,0,0,0,0,0,0,0.0,0.0,0.0,0.0,0,0,0,0,0,0.00,0.00,0.00,0.00,0,False
7,354,90,0,0,0,2,0,0,0,1,0,0,0,16,20.0,23.1,2.0,4.5,6,5,2,13,1,0.00,0.06,0.06,0.53,3,False
7,355,0,0,0,0,0,0,0,0,0,0,0,0,0,0.0,0.0,0.0,0.0,0,0,0,0,0,0.00,0.00,0.00,0.00,0,False
7,356,0,0,0,0,0,0,0,0,0,0,0,0,0,0.0,0.0,0.0,0.0,0,0,0,0,0,0.00,0.00,0.00,0.00,0,False
7,357,0,0,0,0,0,0,0,0,0,0,0,0,0,0.0,0.0,0.0,0.0,0,0,0,0,0,0.00,0.00,0.00,0.00,0,False
7,358,23,0,0,0,0,0,0,0,0,0,0,0,10,4.6,13.5,0.0,1.8,0,2,0,2,0,0.00,0.02,0.02,0.03,1,False
7,359,0,0,0,0,0,0,0,0,0,0,0,0,0,0.0,0.0,0.0,0.0,0,0,0,0,0,0.00,0.00,0.00,0.00,0,False
7,360,0,0,0,0,0,0,0,0,0,0,0,0,0,0.0,0.0,0.0,0.0,0,0,0,0,0,0.00,0.00,0.00,0.00,0,False
7,361,0,0,0,0,0,0,0,0,0,0,0,0,0,0.0,0.0,0.0,0.0,0,0,0,0,0,0.00,0.00,0.00,0.00,0,False
7,362,11,0,0,0,0,0,0,0,0,0,0,0,4,3.0,3.8,19.0,2.6,0,1,0,1,0,0.05,0.01,0.06,0.03,1,False
7,363,0,0,0,0,0,0,0,0,0,0,0,0,0,0.0,0.0,0.0,0.0,0,0,0,0,0,0.00,0.00,0.00,0.00,0,False
7,364,0,0,0,0,0,0,0,0,0,0,0,0,0,0.0,0.0,0.0,0.0,0,0,0,0,0,0.00,0.00,0.00,0.00,0,False
7,365,11,0,0,0,0,0,0,0,0,0,0,0,2,0.0,1.1,2.0,0.3,0,0,0,0,0,0.00,0.00,0.00,0.03,1,False
7,366,0,0,0,0,0,0,0,0,0,0,0,0,0,0.0,0.0,0.0,0.0,0,0,0,0,0,0.00,0.00,0.00,0.00,0,False
7,367,90,0,0,0,2,0,0,0,0,0,4,0,16,31.2,0.0,0.0,3.1,3,13,0,0,1,0.00,0.00,0.00,1.00,2,False
7,368,0,0,0,0,0,0,0,0,0,0,0,0,0,0.0,0.0,0.0,0.0,0,0,0,0,0,0.00,0.00,0.00,0.00,0,False
7,369,0,0,0,0,0,0,0,0,0,0,0,0,0,0.0,0.0,0.0,0.0,0,0,0,0,0,0.00,0.00,0.00,0.00,0,False
7,370,0,0,0,0,0,0,0,0,0,0,0,0,0,0.0,0.0,0.0,0.0,0,0,0,0,0,0.00,0.00,0.00,0.00,0,False
7,371,54,0,0,0,1,0,0,0,0,0,0,0,4,7.6,5.7,2.0,1.5,4,4,1,5,1,0.00,0.01,0.01,0.14,1,False
7,372,35,0,0,0,1,0,0,0,0,0,0,0,4,13.8,10.6,13.0,3.7,5,1,1,6,0,0.03,0.01,0.04,0.86,1,False
7,373,90,0,0,0,2,0,0,0,0,0,0,0,8,19.0,0.9,0.0,2.0,7,3,0,7,1,0.00,0.00,0.00,1.00,1,False
7,374,55,0,0,0,1,0,0,0,0,0,0,0,10,8.0,0.5,0.0,0.9,2,0,2,4,1,0.00,0.00,0.00,0.14,1,False
7,375,45,0,0,0,1,0,0,0,1,0,0,0,-7,0.0,4.3,0.0,0.4,2,3,0,2,1,0.00,0.00,0.00,0.11,0,False
7,376,0,0,0,0,0,0,0,0,0,0,0,0,0,0.0,0.0,0.0,0.0,0,0,0,0,0,0.00,0.00,0.00,0.00,0,False
7,377,0,0,0,0,0,0,0,0,0,0,0,0,0,0.0,0.0,0.0,0.0,0,0,0,0,0,0.00,0.00,0.00,0.00,0,False
7,378,0,0,0,0,0,0,0,0,0,0,0,0,0,0.0,0.0,0.0,0.0,0,0,0,0,0,0.00,0.00,0.00,0.00,0,False
7,379,0,0,0,0,0,0,0,0,0,0,0,0,0,0.0,0.0,0.0,0.0,0,0,0,0,0,0.00,0.00,0.00,0.00,0,False
7,380,0,0,0,0,0,0,0,0,0,0,0,0,0,0.0,0.0,0.0,0.0,0,0,0,0,0,0.00,0.00,0.00,0.00,0,False
7,381,90,0,0,0,2,0,0,0,0,0,0,0,4,5.6,51.8,10.0,6.7,0,4,0,4,1,0.26,0.27,0.53,1.00,2,False
7,382,45,0,0,0,1,0,0,0,0,0,0,0,7,8.2,12.3,4.0,2.5,1,2,2,5,0,0.00,0.10,0.10,0.89,1,False
7,383,0,0,0,0,0,0,0,0,0,0,0,0,0,0.0,0.0,0.0,0.0,0,0,0,0,0,0.00,0.00,0.00,0.00,0,False
7,384,90,1,0,0,2,0,0,0,0,0,0,0,32,43.2,38.4,47.0,12.9,2,8,0,10,1,0.55,0.38,0.93,1.00,7,False
7,385,0,0,0,0,0,0,0,0,0,0,0,0,0,0.0,0.0,0.0,0.0,0,0,0,0,0,0.00,0.00,0.00,0.00,0,False
7,386,85,0,0,0,1,0,0,0,0,0,0,0,14,9.8,13.9,2.0,2.6,2,4,2,8,1,0.03,0.02,0.05,0.27,2,False
7,387,90,0,0,0,2,0,0,0,1,0,0,0,8,12.0,6.8,10.0,2.9,3,3,4,10,1,0.56,0.03,0.59,1.00,1,False
7,388,34,0,0,0,1,0,0,0,0,0,0,0,2,1.8,1.2,4.0,0.7,1,1,0,2,0,0.17,0.01,0.18,0.86,1,False
7,389,0,0,0,0,0,0,0,0,0,0,0,0,0,0.0,0.0,0.0,0.0,0,0,0,0,0,0.00,0.00,0.00,0.00,0,False
7,390,90,0,0,0,2,0,0,0,0,0,0,0,16,12.8,1.3,7.0,2.1,3,4,1,8,1,0.03,0.01,0.04,1.00,2,False
7,391,12,0,1,0,0,0,0,0,0,0,0,0,16,19.0,11.0,4.0,3.4,0,0,1,1,0,0.00,0.06,0.06,0.28,4,False
7,392,4,0,0,0,1,0,0,0,0,0,0,0,4,4.2,0.2,0.0,0.4,1,0,1,2,0,0.00,0.00,0.00,0.73,1,False
7,393,0,0,0,0,0,0,0,0,0,0,0,0,0,0.0,0.0,0.0,0.0,0,0,0,0,0,0.00,0.00,0.00,0.00,0,False
7,394,0,0,0,0,0,0,0,0,0,0,0,0,0,0.0,0.0,0.0,0.0,0,0,0,0,0,0.00,0.00,0.00,0.00,0,False
7,395,0,0,0,0,0,0,0,0,0,0,0,0,0,0.0,0.0,0.0,0.0,0,0,0,0,0,0.00,0.00,0.00,0.00,0,False
7,396,0,0,0,0,0,0,0,0,0,0,0,0,0,0.0,0.0,0.0,0.0,0,0,0,0,0,0.00,0.00,0.00,0.00,0,False
7,397,0,0,0,0,0,0,0,0,0,0,0,0,0,0.0,0.0,0.0,0.0,0,0,0,0,0,0.00,0.00,0.00,0.00,0,False
7,398,0,0,0,0,0,0,0,0,0,0,0,0,0,0.0,0.0,0.0,0.0,0,0,0,0,0,0.00,0.00,0.00,0.00,0,False
7,399,0,0,0,0,0,0,0,0,0,0,0,0,0,0.0,0.0,0.0,0.0,0,0,0,0,0,0.00,0.00,0.00,0.00,0,False
7,400,0,0,0,0,0,0,0,0,0,0,0,0,0,0.0,0.0,0.0,0.0,0,0,0,0,0,0.00,0.00,0.00,0.00,0,False
7,401,0,0,0,0,0,0,0,0,0,0,0,0,0,0.0,0.0,0.0,0.0,0,0,0,0,0,0.00,0.00,0.00,0.00,0,False
7,402,0,0,0,0,0,0,0,0,0,0,0,0,0,0.0,0.0,0.0,0.0,0,0,0,0,0,0.00,0.00,0.00,0.00,0,False
7,403,90,0,1,1,0,0,0,0,0,0,0,3,41,41.4,14.3,17.0,7.3,6,1,1,7,1,0.06,0.04,0.10,0.83,12,True
7,404,0,0,0,0,0,0,0,0,0,0,0,0,0,0.0,0.0,0.0,0.0,0,0,0,0,0,0.00,0.00,0.00,0.00,0,False
7,405,0,0,0,0,0,0,0,0,0,0,0,0,0,0.0,0.0,0.0,0.0,0,0,0,0,0,0.00,0.00,0.00,0.00,0,False
7,406,0,0,0,0,0,0,0,0,0,0,0,0,0,0.0,0.0,0.0,0.0,0,0,0,0,0,0.00,0.00,0.00,0.00,0,False
7,407,90,0,0,1,0,0,0,0,1,0,0,0,26,15.8,8.3,0.0,2.4,3,4,1,4,1,0.00,0.03,0.03,0.83,5,False
7,408,90,0,0,1,0,0,0,0,0,0,0,1,32,27.2,7.2,0.0,3.4,10,4,1,11,1,0.00,0.03,0.03,0.83,9,False
7,409,0,0,0,0,0,0,0,0,0,0,0,0,0,0.0,0.0,0.0,0.0,0,0,0,0,0,0.00,0.00,0.00,0.00,0,False
7,410,0,0,0,0,0,0,0,0,0,0,0,0,0,0.0,0.0,0.0,0.0,0,0,0,0,0,0.00,0.00,0.00,0.00,0,False
7,411,90,0,0,1,0,0,0,0,1,0,0,0,31,21.6,32.4,4.0,5.8,1,7,4,5,1,0.00,0.05,0.05,0.83,5,False
7,412,0,0,0,0,0,0,0,0,0,0,0,0,0,0.0,0.0,0.0,0.0,0,0,0,0,0,0.00,0.00,0.00,0.00,0,False
7,413,0,0,0,0,0,0,0,0,0,0,0,0,0,0.0,0.0,0.0,0.0,0,0,0,0,0,0.00,0.00,0.00,0.00,0,False
7,414,90,0,0,1,0,0,0,0,0,0,0,0,18,12.2,38.1,20.0,7.0,1,4,2,7,1,0.28,0.21,0.49,0.83,3,False
7,415,90,0,0,1,0,0,0,0,0,0,0,0,11,1.2,9.0,2.0,1.2,0,7,0,7,1,0.00,0.04,0.04,0.83,3,False
7,416,14,0,0,0,0,0,0,0,0,0,0,0,4,1.8,2.0,0.0,0.4,2,2,0,4,0,0.00,0.01,0.01,0.12,1,False
7,417,0,0,0,0,0,0,0,0,0,0,0,0,0,0.0,0.0,0.0,0.0,0,0,0,0,0,0.00,0.00,0.00,0.00,0,False
7,418,14,0,0,0,0,0,0,0,0,0,0,0,-1,0.0,0.2,0.0,0.0,0,1,0,1,0,0.00,0.00,0.00,0.12,1,False
7,419,90,1,0,0,1,0,0,0,0,0,0,3,39,45.2,4.3,67.0,11.7,1,6,1,8,1,0.44,0.05,0.49,1.65,10,False
7,420,0,0,0,0,0,0,0,0,0,0,0,0,0,0.0,0.0,0.0,0.0,0,0,0,0,0,0.00,0.00,0.00,0.00,0,False
7,421,21,0,0,0,0,0,0,0,0,0,0,0,4,2.6,12.6,0.0,1.5,0,2,0,2,1,0.00,0.01,0.01,0.00,1,False
7,422,0,0,0,0,0,0,0,0,0,0,0,0,0,0.0,0.0,0.0,0.0,0,0,0,0,0,0.00,0.00,0.00,0.00,0,False
7,423,68,0,0,1,0,0,0,0,0,0,0,0,19,13.6,4.7,0.0,1.8,4,2,4,10,0,0.00,0.02,0.02,0.83,3,False
7,424,75,0,0,1,0,0,0,0,0,0,0,0,20,11.8,40.5,19.0,7.1,0,3,1,4,1,0.03,0.20,0.23,0.71,3,False
7,425,0,0,0,0,0,0,0,0,0,0,0,0,0,0.0,0.0,0.0,0.0,0,0,0,0,0,0.00,0.00,0.00,0.00,0,False
7,426,0,0,0,0,0,0,0,0,0,0,0,0,0,0.0,0.0,0.0,0.0,0,0,0,0,0,0.00,0.00,0.00,0.00,0,False
7,427,75,0,0,1,0,0,0,0,0,0,0,0,14,10.8,18.3,26.0,5.5,1,2,0,3,1,0.18,0.06,0.24,0.71,3,False
7,428,0,0,0,0,0,0,0,0,0,0,0,0,0,0.0,0.0,0.0,0.0,0,0,0,0,0,0.00,0.00,0.00,0.00,0,False
7,429,0,0,0,0,0,0,0,0,0,0,0,0,0,0.0,0.0,0.0,0.0,0,0,0,0,0,0.00,0.00,0.00,0.00,0,False
7,430,90,1,0,1,0,0,0,0,0,0,0,2,36,35.4,3.4,23.0,6.2,2,0,0,2,1,0.29,0.01,0.30,0.83,8,False
7,431,0,0,0,0,0,0,0,0,0,0,0,0,0,0.0,0.0,0.0,0.0,0,0,0,0,0,0.00,0.00,0.00,0.00,0,False
7,432,0,0,0,0,0,0,0,0,0,0,0,0,0,0.0,0.0,0.0,0.0,0,0,0,0,0,0.00,0.00,0.00,0.00,0,False
7,433,0,0,0,0,0,0,0,0,0,0,0,0,0,0.0,0.0,0.0,0.0,0,0,0,0,0,0.00,0.00,0.00,0.00,0,False
7,434,0,0,0,0,0,0,0,0,0,0,0,0,0,0.0,0.0,0.0,0.0,0,0,0,0,0,0.00,0.00,0.00,0.00,0,False
7,435,0,0,0,0,0,0,0,0,0,0,0,0,0,0.0,0.0,0.0,0.0,0,0,0,0,0,0.00,0.00,0.00,0.00,0,False
7,436,90,0,0,1,0,0,0,0,0,0,0,2,29,14.4,0.5,2.0,1.7,7,1,2,9,1,0.00,0.00,0.00,0.71,8,False
7,437,0,0,0,0,0,0,0,0,0,0,0,0,0,0.0,0.0,0.0,0.0,0,0,0,0,0,0.00,0.00,0.00,0.00,0,False
7,438,0,0,0,0,0,0,0,0,0,0,0,0,0,0.0,0.0,0.0,0.0,0,0,0,0,0,0.00,0.00,0.00,0.00,0,False
7,439,0,0,0,0,0,0,0,0,0,0,0,0,0,0.0,0.0,0.0,0.0,0,0,0,0,0,0.00,0.00,0.00,0.00,0,False
7,440,63,0,1,1,0,0,0,0,0,0,0,0,27,4.2,6.4,8.0,1.9,3,2,1,4,1,0.05,0.03,0.08,0.37,9,False
7,441,26,0,0,0,0,0,0,0,0,0,0,0,6,4.4,10.1,2.0,1.7,1,1,1,2,0,0.00,0.00,0.00,0.34,1,False
7,442,5,0,0,0,0,0,0,0,0,0,0,0,3,0.2,0.0,0.0,0.0,0,0,0,0,0,0.00,0.00,0.00,0.21,1,False
7,443,90,0,0,1,0,0,0,0,0,0,0,0,23,8.6,1.1,0.0,1.0,3,4,2,5,1,0.00,0.01,0.01,0.71,6,False
7,444,84,0,0,1,0,0,0,0,0,0,0,0,26,12.4,0.3,9.0,2.2,5,3,2,7,1,0.02,0.00,0.02,0.50,6,False
7,445,0,0,0,0,0,0,0,0,0,0,0,0,0,0.0,0.0,0.0,0.0,0,0,0,0,0,0.00,0.00,0.00,0.00,0,False
7,446,0,0,0,0,0,0,0,0,0,0,0,0,0,0.0,0.0,0.0,0.0,0,0,0,0,0,0.00,0.00,0.00,0.00,0,False
7,447,0,0,0,0,0,0,0,0,0,0,0,0,0,0.0,0.0,0.0,0.0,0,0,0,0,0,0.00,0.00,0.00,0.00,0,False
7,448,0,0,0,0,0,0,0,0,0,0,0,0,0,0.0,0.0,0.0,0.0,0,0,0,0,0,0.00,0.00,0.00,0.00,0,False
7,449,90,0,0,1,0,0,0,0,0,0,0,0,17,18.2,37.9,13.0,6.9,5,4,0,9,1,0.17,0.30,0.47,0.71,3,False
7,450,25,0,0,0,0,0,0,0,0,0,0,0,2,1.0,1.3,30.0,3.2,1,3,0,4,0,0.39,0.00,0.39,0.34,1,False
7,451,0,0,0,0,0,0,0,0,0,0,0,0,0,0.0,0.0,0.0,0.0,0,0,0,0,0,0.00,0.00,0.00,0.00,0,False
7,452,90,0,0,1,0,0,0,0,0,0,0,0,21,18.4,34.5,30.0,8.3,2,6,2,10,1,0.64,0.10,0.74,0.71,3,False
7,453,74,0,0,0,1,0,0,0,0,0,0,0,8,1.8,5.0,9.0,1.6,0,1,1,2,1,0.05,0.04,0.09,1.54,2,False
7,454,0,0,0,0,0,0,0,0,0,0,0,0,0,0.0,0.0,0.0,0.0,0,0,0,0,0,0.00,0.00,0.00,0.00,0,False
7,455,64,1,0,1,0,0,0,0,0,0,0,2,29,36.8,13.7,23.0,7.4,1,3,0,4,1,0.16,0.06,0.22,0.37,10,False
7,456,0,0,0,0,0,0,0,0,0,0,0,0,0,0.0,0.0,0.0,0.0,0,0,0,0,0,0.00,0.00,0.00,0.00,0,False
7,457,84,0,0,1,0,0,0,0,1,0,0,0,11,15.0,3.7,3.0,2.2,3,8,3,14,1,0.07,0.02,0.09,0.50,4,False
7,458,13,0,0,0,0,0,0,0,0,0,0,0,3,2.4,0.2,0.0,0.3,0,0,1,1,0,0.00,0.00,0.00,0.29,1,False
7,459,5,0,0,0,0,0,0,0,0,0,0,0,3,0.2,0.0,0.0,0.0,0,1,0,1,0,0.00,0.00,0.00,0.21,1,False
7,460,0,0,0,0,0,0,0,0,0,0,0,0,0,0.0,0.0,0.0,0.0,0,0,0,0,0,0.00,0.00,0.00,0.00,0,False
7,461,0,0,0,0,0,0,0,0,0,0,0,0,0,0.0,0.0,0.0,0.0,0,0,0,0,0,0.00,0.00,0.00,0.00,0,False
7,462,0,0,0,0,0,0,0,0,0,0,0,0,0,0.0,0.0,0.0,0.0,0,0,0,0,0,0.00,0.00,0.00,0.00,0,False
7,463,0,0,0,0,0,0,0,0,0,0,0,0,0,0.0,0.0,0.0,0.0,0,0,0,0,0,0.00,0.00,0.00,0.00,0,False
7,464,0,0,0,0,0,0,0,0,0,0,0,0,0,0.0,0.0,0.0,0.0,0,0,0,0,0,0.00,0.00,0.00,0.00,0,False
7,465,0,0,0,0,0,0,0,0,0,0,0,0,0,0.0,0.0,0.0,0.0,0,0,0,0,0,0.00,0.00,0.00,0.00,0,False
7,466,0,0,0,0,0,0,0,0,0,0,0,0,0,0.0,0.0,0.0,0.0,0,0,0,0,0,0.00,0.00,0.00,0.00,0,False
7,467,0,0,0,0,0,0,0,0,0,0,0,0,0,0.0,0.0,0.0,0.0,0,0,0,0,0,0.00,0.00,0.00,0.00,0,False
7,468,0,0,0,0,0,0,0,0,0,0,0,0,0,0.0,0.0,0.0,0.0,0,0,0,0,0,0.00,0.00,0.00,0.00,0,False
7,469,90,0,0,1,0,0,0,0,0,0,4,0,31,29.0,0.0,0.0,2.9,1,8,0,0,1,0.00,0.00,0.00,0.29,7,False
7,470,90,0,0,0,2,0,0,0,0,0,5,0,12,34.6,0.0,0.0,3.5,0,4,0,0,1,0.00,0.00,0.00,1.37,2,False
7,471,0,0,0,0,0,0,0,0,0,0,0,0,0,0.0,0.0,0.0,0.0,0,0,0,0,0,0.00,0.00,0.00,0.00,0,False
7,472,0,0,0,0,0,0,0,0,0,0,0,0,0,0.0,0.0,0.0,0.0,0,0,0,0,0,0.00,0.00,0.00,0.00,0,False
7,473,0,0,0,0,0,0,0,0,0,0,0,0,0,0.0,0.0,0.0,0.0,0,0,0,0,0,0.00,0.00,0.00,0.00,0,False
7,474,0,0,0,0,0,0,0,0,0,0,0,0,0,0.0,0.0,0.0,0.0,0,0,0,0,0,0.00,0.00,0.00,0.00,0,False
7,475,90,0,0,1,0,0,0,0,0,0,0,0,31,20.6,10.8,19.0,5.0,6,7,0,6,1,0.08,0.23,0.31,0.29,6,False
7,476,90,0,1,1,0,0,0,0,0,0,0,2,32,24.0,11.3,2.0,3.7,3,4,1,4,1,0.00,0.01,0.01,0.29,11,True
7,477,0,0,0,0,0,0,0,0,0,0,0,0,0,0.0,0.0,0.0,0.0,0,0,0,0,0,0.00,0.00,0.00,0.00,0,False
7,478,90,0,0,1,0,0,0,0,0,0,0,0,23,18.6,44.2,0.0,6.3,3,3,2,5,1,0.00,0.13,0.13,0.29,6,False
7,479,0,0,0,0,0,0,0,0,0,0,0,0,0,0.0,0.0,0.0,0.0,0,0,0,0,0,0.00,0.00,0.00,0.00,0,False
7,480,0,0,0,0,0,0,0,0,0,0,0,0,0,0.0,0.0,0.0,0.0,0,0,0,0,0,0.00,0.00,0.00,0.00,0,False
7,481,0,0,0,0,0,0,0,0,0,0,0,0,0,0.0,0.0,0.0,0.0,0,0,0,0,0,0.00,0.00,0.00,0.00,0,False
7,482,0,0,0,0,0,0,0,0,0,0,0,0,0,0.0,0.0,0.0,0.0,0,0,0,0,0,0.00,0.00,0.00,0.00,0,False
7,483,0,0,0,0,0,0,0,0,0,0,0,0,0,0.0,0.0,0.0,0.0,0,0,0,0,0,0.00,0.00,0.00,0.00,0,False
7,484,0,0,0,0,0,0,0,0,0,0,0,0,0,0.0,0.0,0.0,0.0,0,0,0,0,0,0.00,0.00,0.00,0.00,0,False
7,485,69,0,0,1,0,0,0,0,0,0,0,0,9,3.8,1.8,7.0,1.3,0,1,1,2,1,0.13,0.02,0.15,0.17,3,False
7,486,69,0,0,1,0,0,0,0,0,0,0,0,5,7.6,28.7,14.0,5.0,0,2,0,2,1,0.00,0.03,0.03,0.17,3,False
7,487,20,0,0,0,0,0,0,0,0,0,0,0,2,3.0,0.6,19.0,2.3,0,1,0,1,0,0.31,0.00,0.31,0.13,1,False
7,488,90,1,1,1,0,0,0,0,0,0,0,3,52,44.6,16.3,17.0,7.8,0,4,3,7,1,0.07,0.12,0.19,0.29,14,True
7,489,20,0,0,0,0,0,0,0,0,0,0,0,15,10.2,27.9,12.0,5.0,0,1,0,1,0,0.19,0.30,0.49,0.13,1,False
7,490,90,0,0,1,0,0,0,0,0,0,0,0,13,11.8,14.7,61.0,8.8,4,3,1,8,1,0.49,0.02,0.51,0.29,3,False
7,491,90,0,0,1,0,0,0,0,0,0,0,0,19,19.0,32.3,18.0,6.9,2,6,3,11,1,0.05,0.06,0.11,0.29,3,False
7,492,0,0,0,0,0,0,0,0,0,0,0,0,0,0.0,0.0,0.0,0.0,0,0,0,0,0,0.00,0.00,0.00,0.00,0,False
7,493,90,0,0,0,2,0,0,0,0,0,0,0,21,13.8,71.2,5.0,9.0,0,5,4,9,1,0.22,0.20,0.42,0.53,2,False
7,494,0,0,0,0,0,0,0,0,0,0,0,0,0,0.0,0.0,0.0,0.0,0,0,0,0,0,0.00,0.00,0.00,0.00,0,False
7,495,0,0,0,0,0,0,0,0,0,0,0,0,0,0.0,0.0,0.0,0.0,0,0,0,0,0,0.00,0.00,0.00,0.00,0,False
7,496,0,0,0,0,0,0,0,0,0,0,0,0,0,0.0,0.0,0.0,0.0,0,0,0,0,0,0.00,0.00,0.00,0.00,0,False
7,497,1,0,0,0,0,0,0,0,0,0,0,0,3,1.0,0.0,0.0,0.1,1,1,0,2,0,0.00,0.00,0.00,0.00,1,False
7,498,0,0,0,0,0,0,0,0,0,0,0,0,0,0.0,0.0,0.0,0.0,0,0,0,0,0,0.00,0.00,0.00,0.00,0,False
7,499,73,0,1,0,1,0,0,0,0,0,0,0,15,16.8,17.9,6.0,4.1,0,1,1,2,1,0.18,0.01,0.19,0.18,5,False
7,500,1,0,0,0,0,0,0,0,0,0,0,0,3,0.2,0.1,0.0,0.0,0,0,0,0,0,0.00,0.00,0.00,0.00,1,False
7,501,0,0,0,0,0,0,0,0,0,0,0,0,0,0.0,0.0,0.0,0.0,0,0,0,0,0,0.00,0.00,0.00,0.00,0,False
7,502,90,0,0,0,2,0,0,0,0,0,7,0,20,54.2,0.0,0.0,5.4,0,8,0,0,1,0.00,0.00,0.00,3.28,3,False
7,503,0,0,0,0,0,0,0,0,0,0,0,0,0,0.0,0.0,0.0,0.0,0,0,0,0,0,0.00,0.00,0.00,0.00,0,False
7,504,0,0,0,0,0,0,0,0,0,0,0,0,0,0.0,0.0,0.0,0.0,0,0,0,0,0,0.00,0.00,0.00,0.00,0,False
7,505,90,0,0,0,2,0,0,0,0,0,0,0,9,15.2,0.4,0.0,1.6,10,4,0,10,1,0.00,0.00,0.00,3.28,3,False
7,506,0,0,0,0,0,0,0,0,0,0,0,0,0,0.0,0.0,0.0,0.0,0,0,0,0,0,0.00,0.00,0.00,0.00,0,False
7,507,0,0,0,0,0,0,0,0,0,0,0,0,0,0.0,0.0,0.0,0.0,0,0,0,0,0,0.00,0.00,0.00,0.00,0,False
7,508,90,0,0,0,2,0,0,0,1,0,0,0,9,25.6,11.8,17.0,5.4,3,6,4,7,1,0.03,0.01,0.04,3.28,0,False
7,509,0,0,0,0,0,0,0,0,0,0,0,0,0,0.0,0.0,0.0,0.0,0,0,0,0,0,0.00,0.00,0.00,0.00,0,False
7,510,90,0,0,0,2,0,0,0,0,0,0,0,9,26.0,0.4,0.0,2.6,9,1,2,11,1,0.00,0.00,0.00,3.28,3,False
7,511,76,0,0,0,1,0,0,0,1,0,0,0,9,24.4,0.4,0.0,2.5,13,4,1,14,1,0.00,0.01,0.01,1.43,3,False
7,512,0,0,0,0,0,0,0,0,0,0,0,0,0,0.0,0.0,0.0,0.0,0,0,0,0,0,0.00,0.00,0.00,0.00,0,False
7,513,0,0,0,0,0,0,0,0,0,0,0,0,0,0.0,0.0,0.0,0.0,0,0,0,0,0,0.00,0.00,0.00,0.00,0,False
7,514,0,0,0,0,0,0,0,0,0,0,0,0,0,0.0,0.0,0.0,0.0,0,0,0,0,0,0.00,0.00,0.00,0.00,0,False
7,515,90,0,0,0,2,0,0,0,0,0,0,0,19,14.2,7.9,21.0,4.3,5,8,0,13,1,0.12,0.08,0.20,3.28,4,False
7,516,26,0,0,0,1,0,0,0,0,0,0,0,7,7.2,1.4,17.0,2.6,1,1,0,2,0,0.07,0.01,0.08,2.25,1,False
7,517,90,0,0,0,2,0,0,0,1,0,0,0,14,5.4,10.7,0.0,1.6,0,8,2,10,1,0.00,0.03,0.03,3.28,1,False
7,518,0,0,0,0,0,0,0,0,0,0,0,0,0,0.0,0.0,0.0,0.0,0,0,0,0,0,0.00,0.00,0.00,0.00,0,False
7,519,0,0,0,0,0,0,0,0,0,0,0,0,0,0.0,0.0,0.0,0.0,0,0,0,0,0,0.00,0.00,0.00,0.00,0,False
7,520,0,0,0,0,0,0,0,0,0,0,0,0,0,0.0,0.0,0.0,0.0,0,0,0,0,0,0.00,0.00,0.00,0.00,0,False
7,521,0,0,0,0,0,0,0,0,0,0,0,0,0,0.0,0.0,0.0,0.0,0,0,0,0,0,0.00,0.00,0.00,0.00,0,False
7,522,63,0,0,0,1,0,0,0,1,0,0,0,3,12.6,1.3,17.0,3.1,5,2,0,7,1,0.07,0.00,0.07,1.03,1,False
7,523,0,0,0,0,0,0,0,0,0,0,0,0,0,0.0,0.0,0.0,0.0,0,0,0,0,0,0.00,0.00,0.00,0.00,0,False
7,524,0,0,0,0,0,0,0,0,0,0,0,0,0,0.0,0.0,0.0,0.0,0,0,0,0,0,0.00,0.00,0.00,0.00,0,False
7,525,63,0,0,0,1,0,0,0,0,0,0,0,4,0.0,1.3,2.0,0.3,1,1,0,2,1,0.00,0.00,0.00,1.03,2,False
7,526,26,0,0,0,1,0,0,0,0,0,0,0,6,6.0,0.4,2.0,0.8,2,1,2,5,0,0.00,0.00,0.00,2.25,1,False
7,527,0,0,0,0,0,0,0,0,0,0,0,0,0,0.0,0.0,0.0,0.0,0,0,0,0,0,0.00,0.00,0.00,0.00,0,False
7,528,0,0,0,0,0,0,0,0,0,0,0,0,0,0.0,0.0,0.0,0.0,0,0,0,0,0,0.00,0.00,0.00,0.00,0,False
7,529,0,0,0,0,0,0,0,0,0,0,0,0,0,0.0,0.0,0.0,0.0,0,0,0,0,0,0.00,0.00,0.00,0.00,0,False
7,530,0,0,0,0,0,0,0,0,0,0,0,0,0,0.0,0.0,0.0,0.0,0,0,0,0,0,0.00,0.00,0.00,0.00,0,False
7,531,53,0,0,0,0,0,0,0,0,0,0,0,12,36.8,0.5,7.0,4.4,16,2,3,19,0,0.17,0.00,0.17,0.63,3,False
7,532,78,0,0,0,2,0,0,0,0,0,0,0,1,6.4,1.8,5.0,1.3,4,2,1,5,1,0.03,0.01,0.04,1.46,1,False
7,533,0,0,0,0,0,0,0,0,0,0,0,0,0,0.0,0.0,0.0,0.0,0,0,0,0,0,0.00,0.00,0.00,0.00,0,False
7,534,0,0,0,0,0,0,0,0,0,0,0,0,0,0.0,0.0,0.0,0.0,0,0,0,0,0,0.00,0.00,0.00,0.00,0,False
7,535,0,0,0,0,0,0,0,0,0,0,0,0,0,0.0,0.0,0.0,0.0,0,0,0,0,0,0.00,0.00,0.00,0.00,0,False
7,536,0,0,0,0,0,0,0,0,0,0,0,0,0,0.0,0.0,0.0,0.0,0,0,0,0,0,0.00,0.00,0.00,0.00,0,False
7,537,0,0,0,0,0,0,0,0,0,0,0,0,0,0.0,0.0,0.0,0.0,0,0,0,0,0,0.00,0.00,0.00,0.00,0,False
7,538,0,0,0,0,0,0,0,0,0,0,0,0,0,0.0,0.0,0.0,0.0,0,0,0,0,0,0.00,0.00,0.00,0.00,0,False
7,539,0,0,0,0,0,0,0,0,0,0,0,0,0,0.0,0.0,0.0,0.0,0,0,0,0,0,0.00,0.00,0.00,0.00,0,False
7,540,0,0,0,0,0,0,0,0,0,0,0,0,0,0.0,0.0,0.0,0.0,0,0,0,0,0,0.00,0.00,0.00,0.00,0,False
7,541,0,0,0,0,0,0,0,0,0,0,0,0,0,0.0,0.0,0.0,0.0,0,0,0,0,0,0.00,0.00,0.00,0.00,0,False
7,542,0,0,0,0,0,0,0,0,0,0,0,0,0,0.0,0.0,0.0,0.0,0,0,0,0,0,0.00,0.00,0.00,0.00,0,False
7,543,36,0,0,0,2,0,0,0,0,0,0,0,4,8.0,18.1,0.0,2.6,1,0,1,2,1,0.00,0.05,0.05,1.21,1,False
7,544,0,0,0,0,0,0,0,0,0,0,0,0,0,0.0,0.0,0.0,0.0,0,0,0,0,0,0.00,0.00,0.00,0.00,0,False
7,545,0,0,0,0,0,0,0,0,0,0,0,0,0,0.0,0.0,0.0,0.0,0,0,0,0,0,0.00,0.00,0.00,0.00,0,False
7,546,0,0,0,0,0,0,0,0,0,0,0,0,0,0.0,0.0,0.0,0.0,0,0,0,0,0,0.00,0.00,0.00,0.00,0,False
7,547,90,0,0,0,2,0,0,0,0,0,0,0,6,2.4,9.0,4.0,1.5,0,7,1,8,1,0.00,0.01,0.01,1.84,2,False
7,548,0,0,0,0,0,0,0,0,0,0,0,0,0,0.0,0.0,0.0,0.0,0,0,0,0,0,0.00,0.00,0.00,0.00,0,False
7,549,0,0,0,0,0,0,0,0,0,0,0,0,0,0.0,0.0,0.0,0.0,0,0,0,0,0,0.00,0.00,0.00,0.00,0,False
7,550,0,0,0,0,0,0,0,0,0,0,0,0,0,0.0,0.0,0.0,0.0,0,0,0,0,0,0.00,0.00,0.00,0.00,0,False
7,551,0,0,0,0,0,0,0,0,0,0,0,0,0,0.0,0.0,0.0,0.0,0,0,0,0,0,0.00,0.00,0.00,0.00,0,False
7,552,90,0,0,0,2,0,0,0,1,0,0,0,10,10.0,5.9,0.0,1.6,4,3,3,10,1,0.00,0.02,0.02,1.84,1,False
7,553,32,0,0,0,0,0,0,0,0,0,0,0,3,6.4,12.8,22.0,4.1,1,0,0,1,0,0.26,0.01,0.27,0.45,1,False
7,554,0,0,0,0,0,0,0,0,0,0,0,0,0,0.0,0.0,0.0,0.0,0,0,0,0,0,0.00,0.00,0.00,0.00,0,False
7,555,0,0,0,0,0,0,0,0,0,0,0,0,0,0.0,0.0,0.0,0.0,0,0,0,0,0,0.00,0.00,0.00,0.00,0,False
7,556,0,0,0,0,0,0,0,0,0,0,0,0,0,0.0,0.0,0.0,0.0,0,0,0,0,0,0.00,0.00,0.00,0.00,0,False
7,557,0,0,0,0,0,0,0,0,0,0,0,0,0,0.0,0.0,0.0,0.0,0,0,0,0,0,0.00,0.00,0.00,0.00,0,False
7,558,0,0,0,0,0,0,0,0,0,0,0,0,0,0.0,0.0,0.0,0.0,0,0,0,0,0,0.00,0.00,0.00,0.00,0,False
7,559,0,0,0,0,0,0,0,0,0,0,0,0,0,0.0,0.0,0.0,0.0,0,0,0,0,0,0.00,0.00,0.00,0.00,0,False
7,560,58,0,0,0,2,0,0,0,0,0,0,0,1,0.2,0.3,2.0,0.3,0,0,0,0,1,0.00,0.00,0.00,1.39,1,False
7,561,32,0,0,0,0,0,0,0,0,0,0,0,5,1.6,11.5,5.0,1.8,0,0,0,0,0,0.08,0.06,0.14,0.45,1,False
7,562,0,0,0,0,0,0,0,0,0,0,0,0,0,0.0,0.0,0.0,0.0,0,0,0,0,0,0.00,0.00,0.00,0.00,0,False
7,563,0,0,0,0,0,0,0,0,0,0,0,0,0,0.0,0.0,0.0,0.0,0,0,0,0,0,0.00,0.00,0.00,0.00,0,False
7,564,0,0,0,0,0,0,0,0,0,0,0,0,0,0.0,0.0,0.0,0.0,0,0,0,0,0,0.00,0.00,0.00,0.00,0,False
7,565,90,0,0,0,1,0,0,0,0,0,3,0,13,26.8,0.0,0.0,2.7,0,5,0,0,1,0.00,0.00,0.00,1.68,3,False
7,566,0,0,0,0,0,0,0,0,0,0,0,0,0,0.0,0.0,0.0,0.0,0,0,0,0,0,0.00,0.00,0.00,0.00,0,False
7,567,0,0,0,0,0,0,0,0,0,0,0,0,0,0.0,0.0,0.0,0.0,0,0,0,0,0,0.00,0.00,0.00,0.00,0,False
7,568,90,0,1,0,1,0,0,0,0,0,0,0,15,15.2,2.9,4.0,2.2,8,4,2,10,1,0.00,0.02,0.02,1.68,7,False
7,569,90,0,0,0,1,0,0,0,1,0,0,0,10,15.6,0.8,2.0,1.8,7,3,1,8,1,0.00,0.01,0.01,1.68,1,False
7,570,5,0,0,0,0,0,0,0,0,0,0,0,3,2.2,0.0,0.0,0.2,1,0,0,1,0,0.00,0.00,0.00,0.24,1,False
7,571,0,0,0,0,0,0,0,0,0,0,0,0,0,0.0,0.0,0.0,0.0,0,0,0,0,0,0.00,0.00,0.00,0.00,0,False
7,572,0,0,0,0,0,0,0,0,0,0,0,0,0,0.0,0.0,0.0,0.0,0,0,0,0,0,0.00,0.00,0.00,0.00,0,False
7,573,0,0,0,0,0,0,0,0,0,0,0,0,0,0.0,0.0,0.0,0.0,0,0,0,0,0,0.00,0.00,0.00,0.00,0,False
7,574,90,0,0,0,1,0,0,0,0,0,0,0,12,16.0,13.0,8.0,3.7,3,5,1,4,1,0.00,0.07,0.07,1.68,2,False
7,575,90,0,0,0,1,0,0,0,0,0,0,0,14,14.8,0.3,0.0,1.5,4,4,2,6,1,0.00,0.00,0.00,1.68,2,False
7,576,0,0,0,0,0,0,0,0,0,0,0,0,0,0.0,0.0,0.0,0.0,0,0,0,0,0,0.00,0.00,0.00,0.00,0,False
7,577,0,0,0,0,0,0,0,0,0,0,0,0,0,0.0,0.0,0.0,0.0,0,0,0,0,0,0.00,0.00,0.00,0.00,0,False
7,578,0,0,0,0,0,0,0,0,0,0,0,0,0,0.0,0.0,0.0,0.0,0,0,0,0,0,0.00,0.00,0.00,0.00,0,False
7,579,0,0,0,0,0,0,0,0,0,0,0,0,0,0.0,0.0,0.0,0.0,0,0,0,0,0,0.00,0.00,0.00,0.00,0,False
7,580,1,0,0,0,0,0,0,0,0,0,0,0,3,2.0,0.0,0.0,0.2,1,0,0,1,0,0.00,0.00,0.00,0.24,1,False
7,581,0,0,0,0,0,0,0,0,0,0,0,0,0,0.0,0.0,0.0,0.0,0,0,0,0,0,0.00,0.00,0.00,0.00,0,False
7,582,89,1,1,0,1,0,0,0,1,0,0,3,36,58.0,12.8,24.0,9.5,0,4,2,6,1,0.27,0.04,0.31,1.43,12,True
7,583,0,0,0,0,0,0,0,0,0,0,0,0,0,0.0,0.0,0.0,0.0,0,0,0,0,0,0.00,0.00,0.00,0.00,0,False
7,584,72,1,0,0,1,0,0,0,0,0,0,2,28,33.2,1.3,21.0,5.6,2,3,0,5,1,0.12,0.01,0.13,1.41,9,False
7,585,90,0,0,0,1,0,0,0,0,0,0,0,13,12.2,1.7,1.0,1.5,7,3,2,12,1,0.02,0.01,0.03,1.68,4,False
7,586,0,0,0,0,0,0,0,0,0,0,0,0,0,0.0,0.0,0.0,0.0,0,0,0,0,0,0.00,0.00,0.00,0.00,0,False
7,587,0,0,0,0,0,0,0,0,0,0,0,0,0,0.0,0.0,0.0,0.0,0,0,0,0,0,0.00,0.00,0.00,0.00,0,False
7,588,84,0,0,0,1,0,0,0,0,0,0,0,8,8.2,16.5,4.0,2.9,1,3,1,5,1,0.00,0.12,0.12,1.43,2,False
7,589,0,0,0,0,0,0,0,0,0,0,0,0,0,0.0,0.0,0.0,0.0,0,0,0,0,0,0.00,0.00,0.00,0.00,0,False
7,590,0,0,0,0,0,0,0,0,0,0,0,0,0,0.0,0.0,0.0,0.0,0,0,0,0,0,0.00,0.00,0.00,0.00,0,False
7,591,0,0,0,0,0,0,0,0,0,0,0,0,0,0.0,0.0,0.0,0.0,0,0,0,0,0,0.00,0.00,0.00,0.00,0,False
7,592,0,0,0,0,0,0,0,0,0,0,0,0,0,0.0,0.0,0.0,0.0,0,0,0,0,0,0.00,0.00,0.00,0.00,0,False
7,593,17,0,0,0,0,0,0,0,0,0,0,0,5,6.4,0.7,0.0,0.7,1,1,2,4,0,0.00,0.00,0.00,0.27,1,False
7,594,0,0,0,0,0,0,0,0,0,0,0,0,0,0.0,0.0,0.0,0.0,0,0,0,0,0,0.00,0.00,0.00,0.00,0,False
7,595,0,0,0,0,0,0,0,0,0,0,0,0,0,0.0,0.0,0.0,0.0,0,0,0,0,0,0.00,0.00,0.00,0.00,0,False
7,596,0,0,0,0,0,0,0,0,0,0,0,0,0,0.0,0.0,0.0,0.0,0,0,0,0,0,0.00,0.00,0.00,0.00,0,False
7,597,16,0,0,0,0,0,0,0,0,0,0,0,3,0.2,0.1,5.0,0.5,3,3,0,6,0,0.03,0.00,0.03,0.27,1,False
7,598,0,0,0,0,0,0,0,0,0,0,0,0,0,0.0,0.0,0.0,0.0,0,0,0,0,0,0.00,0.00,0.00,0.00,0,False
7,599,0,0,0,0,0,0,0,0,0,0,0,0,0,0.0,0.0,0.0,0.0,0,0,0,0,0,0.00,0.00,0.00,0.00,0,False
7,600,90,0,0,0,2,0,0,0,0,0,3,0,9,25.8,0.0,0.0,2.6,2,3,0,0,1,0.00,0.00,0.00,2.77,2,False
7,601,0,0,0,0,0,0,0,0,0,0,0,0,0,0.0,0.0,0.0,0.0,0,0,0,0,0,0.00,0.00,0.00,0.00,0,False
7,602,0,0,0,0,0,0,0,0,0,0,0,0,0,0.0,0.0,0.0,0.0,0,0,0,0,0,0.00,0.00,0.00,0.00,0,False
7,603,90,0,0,0,2,0,0,0,0,0,0,0,0,21.8,11.5,0.0,3.3,13,2,0,13,1,0.00,0.03,0.03,2.77,3,False
7,604,0,0,0,0,0,0,0,0,0,0,0,0,0,0.0,0.0,0.0,0.0,0,0,0,0,0,0.00,0.00,0.00,0.00,0,False
7,605,90,0,0,0,2,0,0,0,0,0,0,0,2,21.0,0.5,0.0,2.2,9,3,0,9,1,0.00,0.00,0.00,2.77,1,False
7,606,90,0,0,0,2,0,0,0,0,0,0,0,9,38.0,0.3,0.0,3.8,20,4,0,20,1,0.00,0.01,0.01,2.77,3,False
7,607,0,0,0,0,0,0,0,0,0,0,0,0,0,0.0,0.0,0.0,0.0,0,0,0,0,0,0.00,0.00,0.00,0.00,0,False
7,608,0,0,0,0,0,0,0,0,0,0,0,0,0,0.0,0.0,0.0,0.0,0,0,0,0,0,0.00,0.00,0.00,0.00,0,False
7,609,0,0,0,0,0,0,0,0,0,0,0,0,0,0.0,0.0,0.0,0.0,0,0,0,0,0,0.00,0.00,0.00,0.00,0,False
7,610,78,0,0,0,2,0,0,0,0,0,0,0,-3,7.2,1.4,2.0,1.1,6,0,0,6,1,0.00,0.01,0.01,2.60,1,False
7,611,0,0,0,0,0,0,0,0,0,0,0,0,0,0.0,0.0,0.0,0.0,0,0,0,0,0,0.00,0.00,0.00,0.00,0,False
7,612,90,0,0,0,2,0,0,0,1,0,0,0,19,21.6,31.8,4.0,5.7,3,3,5,11,1,0.01,0.34,0.35,2.77,1,False
7,613,0,0,0,0,0,0,0,0,0,0,0,0,0,0.0,0.0,0.0,0.0,0,0,0,0,0,0.00,0.00,0.00,0.00,0,False
7,614,0,0,0,0,0,0,0,0,0,0,0,0,0,0.0,0.0,0.0,0.0,0,0,0,0,0,0.00,0.00,0.00,0.00,0,False
7,615,90,0,0,0,2,0,0,0,1,0,0,0,7,8.8,3.9,5.0,1.8,5,4,2,11,1,0.02,0.01,0.03,2.77,1,False
7,616,0,0,0,0,0,0,0,0,0,0,0,0,0,0.0,0.0,0.0,0.0,0,0,0,0,0,0.00,0.00,0.00,0.00,0,False
7,617,0,0,0,0,0,0,0,0,0,0,0,0,0,0.0,0.0,0.0,0.0,0,0,0,0,0,0.00,0.00,0.00,0.00,0,False
7,618,0,0,0,0,0,0,0,0,0,0,0,0,0,0.0,0.0,0.0,0.0,0,0,0,0,0,0.00,0.00,0.00,0.00,0,False
7,619,0,0,0,0,0,0,0,0,0,0,0,0,0,0.0,0.0,0.0,0.0,0,0,0,0,0,0.00,0.00,0.00,0.00,0,False
7,620,0,0,0,0,0,0,0,0,0,0,0,0,0,0.0,0.0,0.0,0.0,0,0,0,0,0,0.00,0.00,0.00,0.00,0,False
7,621,0,0,0,0,0,0,0,0,0,0,0,0,0,0.0,0.0,0.0,0.0,0,0,0,0,0,0.00,0.00,0.00,0.00,0,False
7,622,0,0,0,0,0,0,0,0,0,0,0,0,0,0.0,0.0,0.0,0.0,0,0,0,0,0,0.00,0.00,0.00,0.00,0,False
7,623,29,0,0,0,1,0,0,0,0,0,0,0,3,1.6,0.2,0.0,0.2,1,0,0,1,0,0.00,0.00,0.00,0.96,1,False
7,624,90,0,0,0,2,0,0,0,0,0,0,0,7,5.8,10.8,4.0,2.1,4,3,0,7,1,0.00,0.01,0.01,2.77,2,False
7,625,60,0,0,0,1,0,0,0,0,0,0,0,1,0.0,0.4,9.0,0.7,1,2,0,3,1,0.33,0.00,0.33,1.81,2,False
7,626,29,0,0,0,1,0,0,0,0,0,0,0,-2,1.2,0.0,7.0,0.8,2,1,0,3,0,0.13,0.00,0.13,0.96,1,False
7,627,90,0,0,0,1,0,0,0,0,0,5,0,19,36.4,0.0,0.0,3.6,0,14,0,0,1,0.00,0.00,0.00,1.15,3,False
7,628,0,0,0,0,0,0,0,0,0,0,0,0,0,0.0,0.0,0.0,0.0,0,0,0,0,0,0.00,0.00,0.00,0.00,0,False
7,629,0,0,0,0,0,0,0,0,0,0,0,0,0,0.0,0.0,0.0,0.0,0,0,0,0,0,0.00,0.00,0.00,0.00,0,False
7,630,0,0,0,0,0,0,0,0,0,0,0,0,0,0.0,0.0,0.0,0.0,0,0,0,0,0,0.00,0.00,0.00,0.00,0,False
7,631,30,0,0,0,1,0,0,0,0,0,0,0,4,15.4,1.1,0.0,1.7,6,3,1,7,0,0.00,0.00,0.00,0.45,1,False
7,632,0,0,0,0,0,0,0,0,0,0,0,0,0,0.0,0.0,0.0,0.0,0,0,0,0,0,0.00,0.00,0.00,0.00,0,False
7,633,76,0,0,1,0,0,0,0,0,0,0,2,23,16.6,25.2,0.0,4.2,2,1,2,4,1,0.00,0.20,0.20,0.94,8,False
7,634,1,0,0,0,0,0,0,0,0,0,0,0,4,1.0,0.0,0.0,0.1,1,0,0,1,0,0.00,0.00,0.00,0.00,1,False
7,635,0,0,0,0,0,0,0,0,0,0,0,0,0,0.0,0.0,0.0,0.0,0,0,0,0,0,0.00,0.00,0.00,0.00,0,False
7,636,90,0,0,0,1,0,0,0,1,0,0,0,4,9.2,0.7,0.0,1.0,4,2,2,6,1,0.00,0.01,0.01,1.15,1,False
7,637,0,0,0,0,0,0,0,0,0,0,0,0,0,0.0,0.0,0.0,0.0,0,0,0,0,0,0.00,0.00,0.00,0.00,0,False
7,638,0,0,0,0,0,0,0,0,0,0,0,0,0,0.0,0.0,0.0,0.0,0,0,0,0,0,0.00,0.00,0.00,0.00,0,False
7,639,0,0,0,0,0,0,0,0,0,0,0,0,0,0.0,0.0,0.0,0.0,0,0,0,0,0,0.00,0.00,0.00,0.00,0,False
7,640,0,0,0,0,0,0,0,0,0,0,0,0,0,0.0,0.0,0.0,0.0,0,0,0,0,0,0.00,0.00,0.00,0.00,0,False
7,641,0,0,0,0,0,0,0,0,0,0,0,0,0,0.0,0.0,0.0,0.0,0,0,0,0,0,0.00,0.00,0.00,0.00,0,False
7,642,59,0,0,0,0,0,0,0,0,0,0,0,5,6.0,5.0,3.0,1.4,2,1,2,5,1,0.07,0.07,0.14,0.71,1,False
7,643,90,0,0,0,1,0,0,0,1,0,0,0,9,9.6,3.1,0.0,1.3,2,9,3,14,1,0.00,0.02,0.02,1.15,3,False
7,644,14,0,0,0,1,0,0,0,0,0,0,0,4,1.0,0.3,0.0,0.1,0,0,0,0,0,0.00,0.01,0.01,0.21,1,False
7,645,0,0,0,0,0,0,0,0,0,0,0,0,0,0.0,0.0,0.0,0.0,0,0,0,0,0,0.00,0.00,0.00,0.00,0,False
7,646,90,0,0,0,1,0,0,0,0,0,0,0,15,17.6,13.8,4.0,3.5,5,4,4,13,1,0.00,0.00,0.00,1.15,4,False
7,647,0,0,0,0,0,0,0,0,0,0,0,0,0,0.0,0.0,0.0,0.0,0,0,0,0,0,0.00,0.00,0.00,0.00,0,False
7,648,90,0,1,0,1,0,0,0,0,0,0,0,19,11.2,0.6,17.0,2.9,3,2,2,7,1,0.09,0.01,0.10,1.15,5,False
7,649,0,0,0,0,0,0,0,0,0,0,0,0,0,0.0,0.0,0.0,0.0,0,0,0,0,0,0.00,0.00,0.00,0.00,0,False
7,650,0,0,0,0,0,0,0,0,0,0,0,0,0,0.0,0.0,0.0,0.0,0,0,0,0,0,0.00,0.00,0.00,0.00,0,False
7,651,0,0,0,0,0,0,0,0,0,0,0,0,0,0.0,0.0,0.0,0.0,0,0,0,0,0,0.00,0.00,0.00,0.00,0,False
7,652,0,0,0,0,0,0,0,0,0,0,0,0,0,0.0,0.0,0.0,0.0,0,0,0,0,0,0.00,0.00,0.00,0.00,0,False
7,653,0,0,0,0,0,0,0,0,0,0,0,0,0,0.0,0.0,0.0,0.0,0,0,0,0,0,0.00,0.00,0.00,0.00,0,False
7,654,76,0,0,1,0,0,0,0,0,0,0,0,3,0.2,1.8,4.0,0.6,2,2,0,4,1,0.05,0.01,0.06,0.94,2,False
7,655,0,0,0,0,0,0,0,0,0,0,0,0,0,0.0,0.0,0.0,0.0,0,0,0,0,0,0.00,0.00,0.00,0.00,0,False
7,656,0,0,0,0,0,0,0,0,0,0,0,0,0,0.0,0.0,0.0,0.0,0,0,0,0,0,0.00,0.00,0.00,0.00,0,False
7,657,0,0,0,0,0,0,0,0,0,0,0,0,0,0.0,0.0,0.0,0.0,0,0,0,0,0,0.00,0.00,0.00,0.00,0,False
7,658,0,0,0,0,0,0,0,0,0,0,0,0,0,0.0,0.0,0.0,0.0,0,0,0,0,0,0.00,0.00,0.00,0.00,0,False
7,659,11,0,0,0,0,0,0,0,0,0,0,0,2,5.2,0.3,0.0,0.6,0,1,2,2,0,0.00,0.00,0.00,0.18,1,False
7,660,66,0,0,0,2,0,0,0,0,0,0,0,13,11.2,17.3,4.0,3.3,1,5,2,8,1,0.04,0.03,0.07,0.50,2,False
7,661,16,0,0,0,1,0,0,0,0,0,0,0,3,3.6,0.7,5.0,0.9,1,1,1,3,0,0.14,0.02,0.16,0.83,1,False
7,662,0,0,0,0,0,0,0,0,0,0,0,0,0,0.0,0.0,0.0,0.0,0,0,0,0,0,0.00,0.00,0.00,0.00,0,False
7,663,90,0,0,0,1,0,0,0,0,0,0,1,22,15.6,18.8,13.0,4.7,2,4,4,10,1,0.33,0.02,0.35,1.15,3,False
7,664,0,0,0,0,0,0,0,0,0,0,0,0,0,0.0,0.0,0.0,0.0,0,0,0,0,0,0.00,0.00,0.00,0.00,0,False
7,665,0,0,0,0,0,0,0,0,0,0,0,0,0,0.0,0.0,0.0,0.0,0,0,0,0,0,0.00,0.00,0.00,0.00,0,False
7,666,90,0,0,1,0,0,0,0,0,0,0,0,-1,1.4,1.3,52.0,5.5,0,1,0,1,1,0.63,0.05,0.68,0.49,2,False
7,667,0,0,0,0,0,0,0,0,0,0,0,0,0,0.0,0.0,0.0,0.0,0,0,0,0,0,0.00,0.00,0.00,0.00,0,False
7,668,90,0,0,0,2,0,0,0,1,0,0,0,18,19.0,20.3,7.0,4.6,5,8,0,13,1,0.02,0.09,0.11,1.84,3,False
7,669,64,0,0,0,1,0,0,0,0,0,0,0,11,8.8,25.1,2.0,3.6,1,5,1,7,1,0.00,0.06,0.06,1.03,2,False
7,670,90,0,0,0,2,0,0,0,0,0,4,0,12,28.4,0.0,0.0,2.8,0,14,0,0,1,0.00,0.00,0.00,1.84,2,False
7,671,0,0,0,0,0,0,0,0,0,0,0,0,0,0.0,0.0,0.0,0.0,0,0,0,0,0,0.00,0.00,0.00,0.00,0,False
7,672,22,0,0,0,0,0,0,0,0,0,0,0,6,10.8,0.4,2.0,1.3,3,0,1,4,0,0.00,0.00,0.00,0.47,1,False
7,673,90,0,0,0,1,0,0,0,1,0,0,0,6,7.6,2.8,5.0,1.5,4,1,2,7,1,0.10,0.01,0.11,1.68,1,False
7,674,0,0,0,0,0,0,0,0,0,0,0,0,0,0.0,0.0,0.0,0.0,0,0,0,0,0,0.00,0.00,0.00,0.00,0,False
7,675,0,0,0,0,0,0,0,0,0,0,0,0,0,0.0,0.0,0.0,0.0,0,0,0,0,0,0.00,0.00,0.00,0.00,0,False
7,676,21,1,0,0,0,0,0,0,0,0,0,1,26,38.2,1.9,21.0,6.1,0,0,3,3,0,0.23,0.00,0.23,0.26,7,False
7,677,23,0,0,0,1,0,0,0,0,0,0,0,3,5.0,0.8,6.0,1.2,0,2,2,4,0,0.00,0.17,0.17,0.33,1,False
7,678,57,0,0,0,2,0,0,0,0,0,0,0,-2,11.0,15.2,0.0,2.6,2,2,2,4,1,0.00,0.07,0.07,1.39,0,False
7,679,0,0,0,0,0,0,0,0,0,0,0,0,0,0.0,0.0,0.0,0.0,0,0,0,0,0,0.00,0.00,0.00,0.00,0,False
7,680,31,0,0,0,1,0,0,0,0,0,0,0,1,4.2,0.3,0.0,0.5,0,0,2,2,0,0.00,0.00,0.00,0.39,1,False
7,681,90,1,0,1,0,0,0,0,0,0,0,3,33,46.6,20.9,39.0,10.7,3,3,3,9,1,0.29,0.01,0.30,0.71,9,True
7,682,13,0,0,0,1,0,0,0,0,0,0,0,-1,2.2,0.3,0.0,0.3,1,0,0,1,0,0.00,0.00,0.00,0.21,1,False
7,683,90,0,0,0,2,0,0,0,1,0,0,0,2,15.0,2.3,0.0,1.7,4,2,1,5,1,0.00,0.01,0.01,1.84,0,False
7,684,90,0,0,1,0,0,0,0,0,0,0,2,32,14.8,10.9,25.0,5.1,5,7,1,6,1,0.58,0.01,0.59,0.29,8,False
7,685,90,0,0,0,1,0,0,0,0,0,0,0,11,23.2,1.4,4.0,2.9,8,4,0,8,1,0.00,0.02,0.02,0.88,2,False
7,686,0,0,0,0,0,0,0,0,0,0,0,0,0,0.0,0.0,0.0,0.0,0,0,0,0,0,0.00,0.00,0.00,0.00,0,False
7,687,0,0,0,0,0,0,0,0,0,0,0,0,0,0.0,0.0,0.0,0.0,0,0,0,0,0,0.00,0.00,0.00,0.00,0,False
7,688,0,0,0,0,0,0,0,0,0,0,0,0,0,0.0,0.0,0.0,0.0,0,0,0,0,0,0.00,0.00,0.00,0.00,0,False
7,689,0,0,0,0,0,0,0,0,0,0,0,0,0,0.0,0.0,0.0,0.0,0,0,0,0,0,0.00,0.00,0.00,0.00,0,False
7,690,0,0,0,0,0,0,0,0,0,0,0,0,0,0.0,0.0,0.0,0.0,0,0,0,0,0,0.00,0.00,0.00,0.00,0,False
7,691,90,0,0,0,2,0,0,0,0,0,0,0,1,6.8,38.3,27.0,7.2,1,2,0,3,1,0.15,0.32,0.47,0.53,2,False
7,692,0,0,0,0,0,0,0,0,0,0,0,0,0,0.0,0.0,0.0,0.0,0,0,0,0,0,0.00,0.00,0.00,0.00,0,False
7,693,25,0,0,0,1,0,0,0,0,0,0,0,0,0.4,3.5,4.0,0.8,0,1,0,1,0,0.00,0.01,0.01,2.25,1,False
7,694,90,0,0,0,2,0,0,0,0,0,0,0,13,23.2,1.6,2.0,2.7,6,6,6,12,1,0.00,0.01,0.01,1.84,3,False
7,695,90,0,0,0,1,0,0,0,0,0,0,0,8,19.0,1.0,0.0,2.0,7,8,3,10,1,0.00,0.00,0.00,1.15,4,False
7,696,0,0,0,0,0,0,0,0,0,0,0,0,0,0.0,0.0,0.0,0.0,0,0,0,0,0,0.00,0.00,0.00,0.00,0,False
7,697,0,0,0,0,0,0,0,0,0,0,0,0,0,0.0,0.0,0.0,0.0,0,0,0,0,0,0.00,0.00,0.00,0.00,0,False
7,698,78,1,0,0,2,0,0,0,1,0,0,2,28,39.8,21.8,33.0,9.5,0,2,2,4,1,0.77,0.04,0.81,0.50,8,False
7,699,0,0,0,0,0,0,0,0,0,0,0,0,0,0.0,0.0,0.0,0.0,0,0,0,0,0,0.00,0.00,0.00,0.00,0,False
7,700,0,0,0,0,0,0,0,0,0,0,0,0,0,0.0,0.0,0.0,0.0,0,0,0,0,0,0.00,0.00,0.00,0.00,0,False
7,701,0,0,0,0,0,0,0,0,0,0,0,0,0,0.0,0.0,0.0,0.0,0,0,0,0,0,0.00,0.00,0.00,0.00,0,False
7,702,0,0,0,0,0,0,0,0,0,0,0,0,0,0.0,0.0,0.0,0.0,0,0,0,0,0,0.00,0.00,0.00,0.00,0,False
7,703,0,0,0,0,0,0,0,0,0,0,0,0,0,0.0,0.0,0.0,0.0,0,0,0,0,0,0.00,0.00,0.00,0.00,0,False
7,704,0,0,0,0,0,0,0,0,0,0,0,0,0,0.0,0.0,0.0,0.0,0,0,0,0,0,0.00,0.00,0.00,0.00,0,False
7,705,0,0,0,0,0,0,0,0,0,0,0,0,0,0.0,0.0,0.0,0.0,0,0,0,0,0,0.00,0.00,0.00,0.00,0,False
7,706,1,0,0,0,0,0,0,0,0,0,0,0,4,0.2,0.0,2.0,0.2,0,3,0,0,0,0.00,0.00,0.00,0.00,1,False
7,707,45,0,0,0,1,0,0,0,0,0,0,0,1,0.0,0.3,2.0,0.2,0,2,1,3,1,0.00,0.00,0.00,0.63,1,False
7,708,90,0,0,0,2,0,0,0,0,0,0,0,14,17.4,2.1,0.0,2.0,1,4,7,12,1,0.00,0.01,0.01,2.77,4,False
7,709,90,0,0,0,1,0,0,0,0,0,0,0,15,21.0,1.2,19.0,4.1,5,2,3,8,1,0.01,0.01,0.02,1.15,2,False
7,710,0,0,0,0,0,0,0,0,0,0,0,0,0,0.0,0.0,0.0,0.0,0,0,0,0,0,0.00,0.00,0.00,0.00,0,False
7,711,0,0,0,0,0,0,0,0,0,0,0,0,0,0.0,0.0,0.0,0.0,0,0,0,0,0,0.00,0.00,0.00,0.00,0,False
7,712,87,0,0,0,1,0,0,0,1,0,0,0,14,17.4,26.6,11.0,5.5,1,3,4,8,1,0.06,0.20,0.26,1.29,1,False
7,713,29,0,0,0,1,0,0,0,0,0,0,0,0,3.6,0.9,2.0,0.7,1,0,0,1,0,0.00,0.00,0.00,0.69,1,False
7,714,90,1,0,1,0,0,0,0,0,0,0,0,18,36.2,16.3,31.0,8.4,0,4,2,6,1,1.37,0.08,1.45,0.29,6,False
7,715,0,0,0,0,0,0,0,0,0,0,0,0,0,0.0,0.0,0.0,0.0,0,0,0,0,0,0.00,0.00,0.00,0.00,0,False
7,716,90,0,0,0,2,0,0,0,0,0,0,0,1,9.4,2.3,0.0,1.2,3,6,0,3,1,0.00,0.04,0.04,3.28,1,False
7,717,73,0,0,0,1,0,0,0,0,0,0,0,6,5.0,25.3,2.0,3.2,0,3,0,3,1,0.00,0.17,0.17,1.41,2,False
7,718,60,0,0,0,1,0,0,0,0,0,0,0,7,10.4,1.2,0.0,1.2,4,0,1,5,1,0.00,0.00,0.00,1.81,2,False
7,719,6,0,0,0,0,0,0,0,0,0,0,0,3,2.4,0.1,0.0,0.3,1,0,0,1,0,0.00,0.00,0.00,0.03,1,False
7,720,1,0,0,0,0,0,0,0,0,0,0,0,4,0.0,0.0,0.0,0.0,0,0,0,0,0,0.00,0.00,0.00,0.00,1,False
7,721,5,0,0,0,0,0,0,0,0,0,0,0,3,0.4,0.0,0.0,0.0,0,0,0,0,0,0.00,0.00,0.00,0.24,1,False
7,722,90,0,0,0,2,0,0,0,0,0,0,0,19,20.2,12.6,0.0,3.3,3,4,5,12,1,0.00,0.02,0.02,1.37,4,False
7,723,0,0,0,0,0,0,0,0,0,0,0,0,0,0.0,0.0,0.0,0.0,0,0,0,0,0,0.00,0.00,0.00,0.00,0,False
7,724,11,0,0,0,0,0,0,0,0,0,0,0,7,4.2,0.0,0.0,0.4,0,0,2,2,0,0.00,0.00,0.00,0.39,1,False
7,725,0,0,0,0,0,0,0,0,0,0,0,0,0,0.0,0.0,0.0,0.0,0,0,0,0,0,0.00,0.00,0.00,0.00,0,False
7,726,0,0,0,0,0,0,0,0,0,0,0,0,0,0.0,0.0,0.0,0.0,0,0,0,0,0,0.00,0.00,0.00,0.00,0,False
7,727,23,0,1,0,3,0,0,0,0,0,0,0,17,20.6,24.9,2.0,4.8,0,2,0,2,0,0.00,0.39,0.39,0.67,4,False
7,728,0,0,0,0,0,0,0,0,0,0,0,0,0,0.0,0.0,0.0,0.0,0,0,0,0,0,0.00,0.00,0.00,0.00,0,False
7,729,0,0,0,0,0,0,0,0,0,0,0,0,0,0.0,0.0,0.0,0.0,0,0,0,0,0,0.00,0.00,0.00,0.00,0,False
7,730,31,0,0,0,0,0,0,0,0,0,0,0,4,0.0,0.0,0.0,0.0,0,1,0,1,0,0.00,0.00,0.00,0.45,1,False
7,731,23,0,0,0,3,0,0,0,0,0,0,0,6,7.2,5.6,7.0,2.0,1,1,0,2,0,0.04,0.01,0.05,0.67,1,False
7,732,1,0,0,0,1,0,0,0,0,0,0,0,3,0.0,0.0,0.0,0.0,0,0,0,0,0,0.00,0.00,0.00,0.73,1,False
7,733,90,0,0,1,0,0,0,0,0,0,3,2,29,24.2,0.0,0.0,2.4,1,11,0,0,1,0.00,0.00,0.00,0.71,9,True
7,734,13,0,0,0,1,0,0,0,0,0,0,0,4,2.6,13.2,4.0,2.0,0,0,0,0,0,0.00,0.03,0.03,1.85,1,False
7,735,57,0,0,0,2,0,0,0,1,0,0,0,5,4.8,16.8,23.0,4.5,0,0,1,1,1,0.16,0.02,0.18,1.39,0,False
7,736,90,0,0,1,0,0,0,0,0,0,1,0,23,12.0,0.0,0.0,1.2,1,7,0,0,1,0.00,0.00,0.00,0.83,6,False
7,737,0,0,0,0,0,0,0,0,0,0,0,0,0,0.0,0.0,0.0,0.0,0,0,0,0,0,0.00,0.00,0.00,0.00,0,False
7,738,0,0,0,0,0,0,0,0,0,0,0,0,0,0.0,0.0,0.0,0.0,0,0,0,0,0,0.00,0.00,0.00,0.00,0,False
7,739,0,0,0,0,0,0,0,0,0,0,0,0,0,0.0,0.0,0.0,0.0,0,0,0,0,0,0.00,0.00,0.00,0.00,0,False
7,740,0,0,0,0,0,0,0,0,0,0,0,0,0,0.0,0.0,0.0,0.0,0,0,0,0,0,0.00,0.00,0.00,0.00,0,False
7,741,0,0,0,0,0,0,0,0,0,0,0,0,0,0.0,0.0,0.0,0.0,0,0,0,0,0,0.00,0.00,0.00,0.00,0,False
7,742,0,0,0,0,0,0,0,0,0,0,0,0,0,0.0,0.0,0.0,0.0,0,0,0,0,0,0.00,0.00,0.00,0.00,0,False
7,743,0,0,0,0,0,0,0,0,0,0,0,0,0,0.0,0.0,0.0,0.0,0,0,0,0,0,0.00,0.00,0.00,0.00,0,False
8,1,90,0,0,1,0,0,0,0,0,0,0,0,21,4.6,0.0,0.0,0.5,2,7,0,0,1,0.00,0.00,0.00,0.44,6,False
8,2,0,0,0,0,0,0,0,0,0,0,0,0,0,0.0,0.0,0.0,0.0,0,0,0,0,0,0.00,0.00,0.00,0.00,0,False
8,3,0,0,0,0,0,0,0,0,0,0,0,0,0,0.0,0.0,0.0,0.0,0,0,0,0,0,0.00,0.00,0.00,0.00,0,False
8,4,0,0,0,0,0,0,0,0,0,0,0,0,0,0.0,0.0,0.0,0.0,0,0,0,0,0,0.00,0.00,0.00,0.00,0,False
8,5,90,0,1,1,0,0,0,0,0,0,0,3,33,33.4,11.6,15.0,6.0,9,1,0,9,1,0.24,0.02,0.26,0.44,12,True
8,6,90,0,0,1,0,0,0,0,0,0,0,0,26,17.4,2.8,2.0,2.2,4,5,0,4,1,0.00,0.05,0.05,0.44,6,False
8,7,90,0,0,1,0,0,0,0,0,0,0,0,26,12.6,8.0,9.0,3.0,4,6,1,5,1,0.04,0.02,0.06,0.44,6,False
8,8,90,0,0,1,0,0,0,0,0,0,0,0,27,16.8,31.8,6.0,5.5,2,5,2,4,1,0.00,0.15,0.15,0.44,6,False
8,9,0,0,0,0,0,0,0,0,0,0,0,0,0,0.0,0.0,0.0,0.0,0,0,0,0,0,0.00,0.00,0.00,0.00,0,False
8,10,0,0,0,0,0,0,0,0,0,0,0,0,0,0.0,0.0,0.0,0.0,0,0,0,0,0,0.00,0.00,0.00,0.00,0,False
8,11,0,0,0,0,0,0,0,0,0,0,0,0,0,0.0,0.0,0.0,0.0,0,0,0,0,0,0.00,0.00,0.00,0.00,0,False
8,12,73,0,0,0,2,0,0,0,0,0,0,0,14,18.2,15.1,0.0,3.3,4,3,4,8,1,0.00,0.13,0.13,1.41,1,False
8,13,0,0,0,0,0,0,0,0,0,0,0,0,0,0.0,0.0,0.0,0.0,0,0,0,0,0,0.00,0.00,0.00,0.00,0,False
8,14,0,0,0,0,0,0,0,0,0,0,0,0,0,0.0,0.0,0.0,0.0,0,0,0,0,0,0.00,0.00,0.00,0.00,0,False
8,15,0,0,0,0,0,0,0,0,0,0,0,0,0,0.0,0.0,0.0,0.0,0,0,0,0,0,0.00,0.00,0.00,0.00,0,False
8,16,90,0,0,1,0,0,0,0,0,0,0,2,28,28.8,80.3,44.0,15.3,1,9,2,12,1,0.07,0.55,0.62,0.44,7,False
8,17,0,0,0,0,0,0,0,0,0,0,0,0,0,0.0,0.0,0.0,0.0,0,0,0,0,0,0.00,0.00,0.00,0.00,0,False
8,18,0,0,0,0,0,0,0,0,0,0,0,0,0,0.0,0.0,0.0,0.0,0,0,0,0,0,0.00,0.00,0.00,0.00,0,False
8,19,9,0,0,0,0,0,0,0,0,0,0,0,3,3.2,0.5,41.0,4.5,0,1,1,2,0,0.52,0.00,0.52,0.04,1,False
8,20,80,1,0,1,0,0,0,0,0,0,0,2,28,33.2,18.2,56.0,10.7,2,4,0,6,1,0.60,0.07,0.67,0.40,10,False
8,21,90,0,0,1,0,0,0,0,0,0,0,0,10,15.6,19.5,1.0,3.6,3,2,0,5,1,0.03,0.08,0.11,0.44,3,False
8,22,28,0,0,0,0,0,0,0,0,0,0,0,5,5.4,1.1,4.0,1.1,1,2,2,5,0,0.00,0.01,0.01,0.04,1,False
8,23,0,0,0,0,0,0,0,0,0,0,0,0,0,0.0,0.0,0.0,0.0,0,0,0,0,0,0.00,0.00,0.00,0.00,0,False
8,24,1,0,0,0,0,0,0,0,0,0,0,0,3,1.0,0.0,0.0,0.1,1,1,0,2,0,0.00,0.00,0.00,0.00,1,False
8,25,0,0,0,0,0,0,0,0,0,0,0,0,0,0.0,0.0,0.0,0.0,0,0,0,0,0,0.00,0.00,0.00,0.00,0,False
8,26,90,0,0,1,0,0,0,0,0,0,0,0,12,11.2,15.6,2.0,2.9,2,2,1,5,1,0.00,0.06,0.06,0.44,3,False
8,27,0,0,0,0,0,0,0,0,0,0,0,0,0,0.0,0.0,0.0,0.0,0,0,0,0,0,0.00,0.00,0.00,0.00,0,False
8,28,0,0,0,0,0,0,0,0,0,0,0,0,0,0.0,0.0,0.0,0.0,0,0,0,0,0,0.00,0.00,0.00,0.00,0,False
8,29,0,0,0,0,0,0,0,0,0,0,0,0,0,0.0,0.0,0.0,0.0,0,0,0,0,0,0.00,0.00,0.00,0.00,0,False
8,30,0,0,0,0,0,0,0,0,0,0,0,0,0,0.0,0.0,0.0,0.0,0,0,0,0,0,0.00,0.00,0.00,0.00,0,False
8,31,0,0,0,0,0,0,0,0,0,0,0,0,0,0.0,0.0,0.0,0.0,0,0,0,0,0,0.00,0.00,0.00,0.00,0,False
8,32,90,0,0,0,1,0,0,0,0,0,2,0,10,16.4,0.0,0.0,1.6,2,7,0,0,1,0.00,0.00,0.00,0.75,2,False
8,33,0,0,0,0,0,0,0,0,0,0,0,0,0,0.0,0.0,0.0,0.0,0,0,0,0,0,0.00,0.00,0.00,0.00,0,False
8,34,0,0,0,0,0,0,0,0,0,0,0,0,0,0.0,0.0,0.0,0.0,0,0,0,0,0,0.00,0.00,0.00,0.00,0,False
8,35,0,0,0,0,0,0,0,0,0,0,0,0,0,0.0,0.0,0.0,0.0,0,0,0,0,0,0.00,0.00,0.00,0.00,0,False
8,36,90,0,0,0,1,0,0,0,0,0,0,0,13,6.4,12.0,3.0,2.1,4,1,1,5,1,0.04,0.02,0.06,0.75,2,False
8,37,81,0,1,0,1,0,0,0,0,0,0,0,12,26.6,10.6,2.0,3.9,2,2,3,5,1,0.00,0.01,0.01,0.55,5,False
8,38,90,0,0,0,1,0,0,0,0,0,0,0,9,17.8,4.1,2.0,2.4,5,2,1,6,1,0.00,0.01,0.01,0.75,2,False
8,39,8,0,0,0,0,0,0,0,0,0,0,0,8,7.4,10.2,1.0,1.9,2,2,2,4,0,0.04,0.00,0.04,0.20,1,False
8,40,0,0,0,0,0,0,0,0,0,0,0,0,0,0.0,0.0,0.0,0.0,0,0,0,0,0,0.00,0.00,0.00,0.00,0,False
8,41,90,0,0,0,1,0,0,0,0,0,0,0,10,12.4,1.1,0.0,1.4,3,4,1,4,1,0.00,0.01,0.01,0.75,2,False
8,42,0,0,0,0,0,0,0,0,0,0,0,0,0,0.0,0.0,0.0,0.0,0,0,0,0,0,0.00,0.00,0.00,0.00,0,False
8,43,0,0,0,0,0,0,0,0,0,0,0,0,0,0.0,0.0,0.0,0.0,0,0,0,0,0,0.00,0.00,0.00,0.00,0,False
8,44,0,0,0,0,0,0,0,0,0,0,0,0,0,0.0,0.0,0.0,0.0,0,0,0,0,0,0.00,0.00,0.00,0.00,0,False
8,45,0,0,0,0,0,0,0,0,0,0,0,0,0,0.0,0.0,0.0,0.0,0,0,0,0,0,0.00,0.00,0.00,0.00,0,False
8,46,0,0,0,0,0,0,0,0,0,0,0,0,0,0.0,0.0,0.0,0.0,0,0,0,0,0,0.00,0.00,0.00,0.00,0,False
8,47,90,1,0,0,1,0,0,0,0,0,0,0,22,35.6,4.0,9.0,4.9,0,4,0,4,1,0.03,0.01,0.04,0.75,7,False
8,48,0,0,0,0,0,0,0,0,0,0,0,0,0,0.0,0.0,0.0,0.0,0,0,0,0,0,0.00,0.00,0.00,0.00,0,False
8,49,0,0,0,0,0,0,0,0,0,0,0,0,0,0.0,0.0,0.0,0.0,0,0,0,0,0,0.00,0.00,0.00,0.00,0,False
8,50,29,1,0,0,0,0,0,0,0,0,0,1,30,38.8,1.1,7.0,4.7,0,3,2,5,0,0.04,0.03,0.07,0.24,7,False
8,51,0,0,0,0,0,0,0,0,0,0,0,0,0,0.0,0.0,0.0,0.0,0,0,0,0,0,0.00,0.00,0.00,0.00,0,False
8,52,20,0,0,0,1,0,0,0,0,0,0,0,3,4.2,12.3,0.0,1.7,1,2,0,3,0,0.00,0.01,0.01,0.14,1,False
8,53,60,0,0,0,1,0,0,0,0,0,0,0,3,0.0,0.2,6.0,0.2,0,0,0,0,1,0.05,0.00,0.05,0.51,2,False
8,54,90,0,0,0,1,0,0,0,0,0,0,0,10,10.8,14.8,1.0,2.7,2,1,4,7,1,0.03,0.03,0.06,0.75,2,False
8,55,8,0,0,0,0,0,0,0,0,0,0,0,4,2.4,1.3,0.0,0.4,0,0,1,1,0,0.00,0.00,0.00,0.20,1,False
8,56,0,0,0,0,0,0,0,0,0,0,0,0,0,0.0,0.0,0.0,0.0,0,0,0,0,0,0.00,0.00,0.00,0.00,0,False
8,57,0,0,0,0,0,0,0,0,0,0,0,0,0,0.0,0.0,0.0,0.0,0,0,0,0,0,0.00,0.00,0.00,0.00,0,False
8,58,90,0,0,0,1,0,0,0,0,0,0,0,23,17.0,4.9,0.0,2.2,2,5,4,11,1,0.00,0.02,0.02,0.75,2,False
8,59,81,0,0,0,1,0,0,0,0,0,0,0,11,18.6,6.6,0.0,2.5,7,4,3,14,1,0.00,0.01,0.01,0.55,4,False
8,60,0,0,0,0,0,0,0,0,0,0,0,0,0,0.0,0.0,0.0,0.0,0,0,0,0,0,0.00,0.00,0.00,0.00,0,False
8,61,0,0,0,0,0,0,0,0,0,0,0,0,0,0.0,0.0,0.0,0.0,0,0,0,0,0,0.00,0.00,0.00,0.00,0,False
8,62,0,0,0,0,0,0,0,0,0,0,0,0,0,0.0,0.0,0.0,0.0,0,0,0,0,0,0.00,0.00,0.00,0.00,0,False
8,63,0,0,0,0,0,0,0,0,0,0,0,0,0,0.0,0.0,0.0,0.0,0,0,0,0,0,0.00,0.00,0.00,0.00,0,False
8,64,29,0,0,0,0,0,0,0,0,0,0,0,1,2.6,1.3,7.0,1.1,1,4,0,5,0,0.08,0.00,0.08,0.24,1,False
8,65,0,0,0,0,0,0,0,0,0,0,0,0,0,0.0,0.0,0.0,0.0,0,0,0,0,0,0.00,0.00,0.00,0.00,0,False
8,66,0,0,0,0,0,0,0,0,0,0,0,0,0,0.0,0.0,0.0,0.0,0,0,0,0,0,0.00,0.00,0.00,0.00,0,False
8,67,90,0,0,0,3,0,0,0,0,0,4,0,9,31.6,0.0,0.0,3.2,3,13,0,0,1,0.00,0.00,0.00,4.44,2,False
8,68,0,0,0,0,0,0,0,0,0,0,0,0,0,0.0,0.0,0.0,0.0,0,0,0,0,0,0.00,0.00,0.00,0.00,0,False
8,69,0,0,0,0,0,0,0,0,0,0,0,0,0,0.0,0.0,0.0,0.0,0,0,0,0,0,0.00,0.00,0.00,0.00,0,False
8,70,0,0,0,0,0,0,0,0,0,0,0,0,0,0.0,0.0,0.0,0.0,0,0,0,0,0,0.00,0.00,0.00,0.00,0,False
8,71,0,0,0,0,0,0,0,0,0,0,0,0,0,0.0,0.0,0.0,0.0,0,0,0,0,0,0.00,0.00,0.00,0.00,0,False
8,72,90,0,0,0,3,0,0,0,1,0,0,0,6,45.2,0.3,9.0,5.5,18,4,2,20,1,0.02,0.01,0.03,4.44,2,False
8,73,0,0,0,0,0,0,0,0,0,0,0,0,0,0.0,0.0,0.0,0.0,0,0,0,0,0,0.00,0.00,0.00,0.00,0,False
8,74,90,0,0,0,3,0,0,0,0,0,0,0,-1,11.4,4.1,2.0,1.8,4,2,0,4,1,0.00,0.01,0.01,4.44,1,False
8,75,0,0,0,0,0,0,0,0,0,0,0,0,0,0.0,0.0,0.0,0.0,0,0,0,0,0,0.00,0.00,0.00,0.00,0,False
8,76,0,0,0,0,0,0,0,0,0,0,0,0,0,0.0,0.0,0.0,0.0,0,0,0,0,0,0.00,0.00,0.00,0.00,0,False
8,77,15,0,0,0,1,0,0,0,0,0,0,0,3,10.2,0.0,0.0,1.0,6,1,1,7,0,0.00,0.00,0.00,1.95,1,False
8,78,0,0,0,0,0,0,0,0,0,0,0,0,0,0.0,0.0,0.0,0.0,0,0,0,0,0,0.00,0.00,0.00,0.00,0,False
8,79,0,0,0,0,0,0,0,0,0,0,0,0,0,0.0,0.0,0.0,0.0,0,0,0,0,0,0.00,0.00,0.00,0.00,0,False
8,80,0,0,0,0,0,0,0,0,0,0,0,0,0,0.0,0.0,0.0,0.0,0,0,0,0,0,0.00,0.00,0.00,0.00,0,False
8,81,75,0,0,0,2,0,0,0,0,0,0,0,2,5.0,22.8,2.0,3.0,1,0,2,3,1,0.00,0.23,0.23,2.49,2,False
8,82,90,0,1,0,3,0,0,0,1,0,0,0,7,6.6,3.0,27.0,3.7,1,3,1,5,1,0.13,0.03,0.16,4.44,4,False
8,83,75,0,0,1,0,0,0,0,0,0,0,0,8,8.0,32.7,33.0,7.4,1,6,0,7,1,0.46,0.07,0.53,0.29,3,False
8,84,90,0,1,0,2,0,0,0,0,0,0,0,17,26.6,26.2,2.0,5.5,1,4,4,9,1,0.00,0.61,0.61,2.99,5,False
8,85,90,0,0,0,3,0,0,0,1,0,0,0,13,18.8,3.4,1.0,2.3,6,6,5,17,1,0.01,0.01,0.02,4.44,3,False
8,86,0,0,0,0,0,0,0,0,0,0,0,0,0,0.0,0.0,0.0,0.0,0,0,0,0,0,0.00,0.00,0.00,0.00,0,False
8,87,23,1,0,0,2,0,0,0,1,0,0,0,19,38.2,0.1,35.0,7.3,3,2,0,5,0,0.63,0.00,0.63,2.68,5,False
8,88,1,0,0,0,1,0,0,0,0,0,0,0,5,3.2,0.3,0.0,0.4,1,0,1,2,0,0.00,0.00,0.00,1.46,1,False
8,89,0,0,0,0,0,0,0,0,0,0,0,0,0,0.0,0.0,0.0,0.0,0,0,0,0,0,0.00,0.00,0.00,0.00,0,False
8,90,66,0,0,0,1,0,0,0,0,0,0,0,8,6.6,11.3,3.0,2.1,2,1,1,4,1,0.05,0.03,0.08,1.76,2,False
8,91,0,0,0,0,0,0,0,0,0,0,0,0,0,0.0,0.0,0.0,0.0,0,0,0,0,0,0.00,0.00,0.00,0.00,0,False
8,92,0,0,0,0,0,0,0,0,0,0,0,0,0,0.0,0.0,0.0,0.0,0,0,0,0,0,0.00,0.00,0.00,0.00,0,False
8,93,0,0,0,0,0,0,0,0,0,0,0,0,0,0.0,0.0,0.0,0.0,0,0,0,0,0,0.00,0.00,0.00,0.00,0,False
8,94,0,0,0,0,0,0,0,0,0,0,0,0,0,0.0,0.0,0.0,0.0,0,0,0,0,0,0.00,0.00,0.00,0.00,0,False
8,95,0,0,0,0,0,0,0,0,0,0,0,0,0,0.0,0.0,0.0,0.0,0,0,0,0,0,0.00,0.00,0.00,0.00,0,False
8,96,0,0,0,0,0,0,0,0,0,0,0,0,0,0.0,0.0,0.0,0.0,0,0,0,0,0,0.00,0.00,0.00,0.00,0,False
8,97,0,0,0,0,0,0,0,0,0,0,0,0,0,0.0,0.0,0.0,0.0,0,0,0,0,0,0.00,0.00,0.00,0.00,0,False
8,98,0,0,0,0,0,0,0,0,0,0,0,0,0,0.0,0.0,0.0,0.0,0,0,0,0,0,0.00,0.00,0.00,0.00,0,False
8,99,0,0,0,0,0,0,0,0,0,0,0,0,0,0.0,0.0,0.0,0.0,0,0,0,0,0,0.00,0.00,0.00,0.00,0,False
8,100,74,2,0,0,2,0,0,0,0,0,0,2,59,70.6,2.6,54.0,12.7,4,3,0,7,1,1.18,0.01,1.19,2.49,12,False
8,101,90,0,0,1,0,0,0,0,0,0,1,0,25,8.4,0.0,0.0,0.8,0,5,0,0,1,0.00,0.00,0.00,0.33,6,False
8,102,0,0,0,0,0,0,0,0,0,0,0,0,0,0.0,0.0,0.0,0.0,0,0,0,0,0,0.00,0.00,0.00,0.00,0,False
8,103,0,0,0,0,0,0,0,0,0,0,0,0,0,0.0,0.0,0.0,0.0,0,0,0,0,0,0.00,0.00,0.00,0.00,0,False
8,104,0,0,0,0,0,0,0,0,0,0,0,0,0,0.0,0.0,0.0,0.0,0,0,0,0,0,0.00,0.00,0.00,0.00,0,False
8,105,0,0,0,0,0,0,0,0,0,0,0,0,0,0.0,0.0,0.0,0.0,0,0,0,0,0,0.00,0.00,0.00,0.00,0,False
8,106,90,0,0,1,0,0,0,0,0,0,0,1,29,26.8,0.9,8.0,3.6,9,2,2,11,1,0.06,0.00,0.06,0.33,9,False
8,107,14,0,1,0,0,0,0,0,0,0,0,0,12,17.0,10.3,1.0,2.8,1,0,0,1,0,0.04,0.08,0.12,0.04,4,False
8,108,90,0,0,1,0,0,0,0,0,0,0,0,26,16.2,1.2,17.0,3.4,4,4,4,8,1,0.16,0.02,0.18,0.33,6,False
8,109,0,0,0,0,0,0,0,0,0,0,0,0,0,0.0,0.0,0.0,0.0,0,0,0,0,0,0.00,0.00,0.00,0.00,0,False
8,110,90,0,0,1,0,0,0,0,0,0,0,3,36,28.8,92.1,4.0,12.5,2,4,0,2,1,0.00,0.81,0.81,0.33,9,False
8,111,0,0,0,0,0,0,0,0,0,0,0,0,0,0.0,0.0,0.0,0.0,0,0,0,0,0,0.00,0.00,0.00,0.00,0,False
8,112,0,0,0,0,0,0,0,0,0,0,0,0,0,0.0,0.0,0.0,0.0,0,0,0,0,0,0.00,0.00,0.00,0.00,0,False
8,113,90,0,0,1,0,0,0,0,0,0,0,0,26,18.8,0.8,4.0,2.4,9,2,0,9,1,0.09,0.00,0.09,0.33,6,False
8,114,0,0,0,0,0,0,0,0,0,0,0,0,0,0.0,0.0,0.0,0.0,0,0,0,0,0,0.00,0.00,0.00,0.00,0,False
8,115,0,0,0,0,0,0,0,0,0,0,0,0,0,0.0,0.0,0.0,0.0,0,0,0,0,0,0.00,0.00,0.00,0.00,0,False
8,116,0,0,0,0,0,0,0,0,0,0,0,0,0,0.0,0.0,0.0,0.0,0,0,0,0,0,0.00,0.00,0.00,0.00,0,False
8,117,0,0,0,0,0,0,0,0,0,0,0,0,0,0.0,0.0,0.0,0.0,0,0,0,0,0,0.00,0.00,0.00,0.00,0,False
8,118,0,0,0,0,0,0,0,0,0,0,0,0,0,0.0,0.0,0.0,0.0,0,0,0,0,0,0.00,0.00,0.00,0.00,0,False
8,119,90,1,0,0,1,0,0,0,0,0,0,2,26,37.6,15.5,39.0,9.2,1,1,0,2,1,0.38,0.32,0.70,2.75,9,False
8,120,90,0,1,1,0,0,0,0,0,0,0,0,19,23.2,13.3,49.0,8.6,3,4,1,8,1,0.32,0.14,0.46,0.33,6,False
8,121,74,0,0,1,0,0,0,0,0,0,0,0,17,13.8,68.0,23.0,10.5,0,4,0,4,1,0.04,0.25,0.29,0.29,3,False
8,122,0,0,0,0,0,0,0,0,0,0,0,0,0,0.0,0.0,0.0,0.0,0,0,0,0,0,0.00,0.00,0.00,0.00,0,False
8,123,0,0,0,0,0,0,0,0,0,0,0,0,0,0.0,0.0,0.0,0.0,0,0,0,0,0,0.00,0.00,0.00,0.00,0,False
8,124,89,0,0,1,0,0,0,0,1,0,0,0,14,6.8,25.6,2.0,3.4,3,6,0,9,1,0.00,0.24,0.24,0.29,2,False
8,125,15,0,0,0,0,0,0,0,0,0,0,0,1,0.4,0.3,0.0,0.1,2,0,0,2,0,0.00,0.00,0.00,0.04,1,False
8,126,1,1,0,0,0,0,0,0,0,0,0,0,23,33.0,0.0,17.0,5.0,0,0,0,0,0,0.30,0.00,0.30,0.04,6,False
8,127,0,0,0,0,0,0,0,0,0,0,0,0,0,0.0,0.0,0.0,0.0,0,0,0,0,0,0.00,0.00,0.00,0.00,0,False
8,128,0,0,0,0,0,0,0,0,0,0,0,0,0,0.0,0.0,0.0,0.0,0,0,0,0,0,0.00,0.00,0.00,0.00,0,False
8,129,90,0,0,1,0,0,0,0,0,0,0,0,18,22.8,39.2,0.0,6.2,3,4,3,10,1,0.00,0.23,0.23,0.33,3,False
8,130,0,0,0,0,0,0,0,0,0,0,0,0,0,0.0,0.0,0.0,0.0,0,0,0,0,0,0.00,0.00,0.00,0.00,0,False
8,131,0,0,0,0,0,0,0,0,0,0,0,0,0,0.0,0.0,0.0,0.0,0,0,0,0,0,0.00,0.00,0.00,0.00,0,False
8,132,0,0,0,0,0,0,0,0,0,0,0,0,0,0.0,0.0,0.0,0.0,0,0,0,0,0,0.00,0.00,0.00,0.00,0,False
8,133,0,0,0,0,0,0,0,0,0,0,0,0,0,0.0,0.0,0.0,0.0,0,0,0,0,0,0.00,0.00,0.00,0.00,0,False
8,134,0,0,0,0,0,0,0,0,0,0,0,0,0,0.0,0.0,0.0,0.0,0,0,0,0,0,0.00,0.00,0.00,0.00,0,False
8,135,0,0,0,0,0,0,0,0,0,0,0,0,0,0.0,0.0,0.0,0.0,0,0,0,0,0,0.00,0.00,0.00,0.00,0,False
8,136,90,1,0,1,0,0,0,0,0,0,0,2,33,43.2,8.9,92.0,14.4,1,3,1,5,1,0.84,0.02,0.86,0.33,8,False
8,137,0,0,0,0,0,0,0,0,0,0,0,0,0,0.0,0.0,0.0,0.0,0,0,0,0,0,0.00,0.00,0.00,0.00,0,False
8,138,0,0,0,0,0,0,0,0,0,0,0,0,0,0.0,0.0,0.0,0.0,0,0,0,0,0,0.00,0.00,0.00,0.00,0,False
8,139,90,0,0,0,1,0,0,0,0,0,2,0,12,19.6,0.0,0.0,2.0,1,10,0,0,1,0.00,0.00,0.00,1.45,2,False
8,140,0,0,0,0,0,0,0,0,0,0,0,0,0,0.0,0.0,0.0,0.0,0,0,0,0,0,0.00,0.00,0.00,0.00,0,False
8,141,0,0,0,0,0,0,0,0,0,0,0,0,0,0.0,0.0,0.0,0.0,0,0,0,0,0,0.00,0.00,0.00,0.00,0,False
8,142,0,0,0,0,0,0,0,0,0,0,0,0,0,0.0,0.0,0.0,0.0,0,0,0,0,0,0.00,0.00,0.00,0.00,0,False
8,143,0,0,0,0,0,0,0,0,0,0,0,0,0,0.0,0.0,0.0,0.0,0,0,0,0,0,0.00,0.00,0.00,0.00,0,False
8,144,1,0,0,0,0,0,0,0,0,0,0,0,3,2.4,0.0,0.0,0.2,1,0,0,1,0,0.00,0.00,0.00,0.08,1,False
8,145,54,0,0,0,1,0,0,0,0,0,0,0,3,8.8,6.2,17.0,3.2,2,4,1,3,0,0.02,0.01,0.03,1.27,1,False
8,146,90,0,0,0,1,0,0,0,0,0,0,0,13,15.6,1.2,5.0,2.2,7,2,1,8,1,0.02,0.01,0.03,1.45,2,False
8,147,0,0,0,0,0,0,0,0,0,0,0,0,0,0.0,0.0,0.0,0.0,0,0,0,0,0,0.00,0.00,0.00,0.00,0,False
8,148,90,0,0,0,1,0,0,0,0,0,0,0,7,7.4,6.5,8.0,2.2,2,3,0,2,1,0.00,0.34,0.34,1.45,2,False
8,149,0,0,0,0,0,0,0,0,0,0,0,0,0,0.0,0.0,0.0,0.0,0,0,0,0,0,0.00,0.00,0.00,0.00,0,False
8,150,0,0,0,0,0,0,0,0,0,0,0,0,0,0.0,0.0,0.0,0.0,0,0,0,0,0,0.00,0.00,0.00,0.00,0,False
8,151,90,0,0,0,1,0,0,0,0,0,0,0,20,43.2,5.4,2.0,5.1,13,5,3,16,1,0.00,0.01,0.01,1.45,4,False
8,152,0,0,0,0,0,0,0,0,0,0,0,0,0,0.0,0.0,0.0,0.0,0,0,0,0,0,0.00,0.00,0.00,0.00,0,False
8,153,0,0,0,0,0,0,0,0,0,0,0,0,0,0.0,0.0,0.0,0.0,0,0,0,0,0,0.00,0.00,0.00,0.00,0,False
8,154,0,0,0,0,0,0,0,0,0,0,0,0,0,0.0,0.0,0.0,0.0,0,0,0,0,0,0.00,0.00,0.00,0.00,0,False
8,155,0,0,0,0,0,0,0,0,0,0,0,0,0,0.0,0.0,0.0,0.0,0,0,0,0,0,0.00,0.00,0.00,0.00,0,False
8,156,0,0,0,0,0,0,0,0,0,0,0,0,0,0.0,0.0,0.0,0.0,0,0,0,0,0,0.00,0.00,0.00,0.00,0,False
8,157,0,0,0,0,0,0,0,0,0,0,0,0,0,0.0,0.0,0.0,0.0,0,0,0,0,0,0.00,0.00,0.00,0.00,0,False
8,158,70,0,1,1,0,0,0,0,0,0,0,1,25,32.4,25.3,14.0,7.2,2,4,2,8,1,0.05,0.28,0.33,0.70,7,False
8,159,0,0,0,0,0,0,0,0,0,0,0,0,0,0.0,0.0,0.0,0.0,0,0,0,0,0,0.00,0.00,0.00,0.00,0,False
8,160,89,0,0,0,1,0,0,0,0,0,0,0,12,11.6,19.0,24.0,5.5,1,5,5,11,1,0.11,0.27,0.38,1.37,2,False
8,161,0,0,0,0,0,0,0,0,0,0,0,0,0,0.0,0.0,0.0,0.0,0,0,0,0,0,0.00,0.00,0.00,0.00,0,False
8,162,0,0,0,0,0,0,0,0,0,0,0,0,0,0.0,0.0,0.0,0.0,0,0,0,0,0,0.00,0.00,0.00,0.00,0,False
8,163,0,0,0,0,0,0,0,0,0,0,0,0,0,0.0,0.0,0.0,0.0,0,0,0,0,0,0.00,0.00,0.00,0.00,0,False
8,164,0,0,0,0,0,0,0,0,0,0,0,0,0,0.0,0.0,0.0,0.0,0,0,0,0,0,0.00,0.00,0.00,0.00,0,False
8,165,0,0,0,0,0,0,0,0,0,0,0,0,0,0.0,0.0,0.0,0.0,0,0,0,0,0,0.00,0.00,0.00,0.00,0,False
8,166,90,0,0,0,1,0,0,0,0,0,0,0,15,13.6,34.3,11.0,5.9,1,2,2,5,1,0.08,0.02,0.10,1.45,2,False
8,167,70,0,0,1,0,0,0,0,0,0,0,0,13,3.8,8.0,3.0,1.5,2,2,1,5,1,0.03,0.12,0.15,0.70,3,False
8,168,0,0,0,0,0,0,0,0,0,0,0,0,0,0.0,0.0,0.0,0.0,0,0,0,0,0,0.00,0.00,0.00,0.00,0,False
8,169,35,0,0,0,0,0,0,0,0,0,0,0,5,3.6,11.1,8.0,2.3,0,3,1,4,1,0.00,0.01,0.01,0.18,1,False
8,170,19,0,0,0,1,0,0,0,0,0,0,0,1,1.2,0.1,0.0,0.1,2,1,0,3,0,0.00,0.00,0.00,0.75,1,False
8,171,0,0,0,0,0,0,0,0,0,0,0,0,0,0.0,0.0,0.0,0.0,0,0,0,0,0,0.00,0.00,0.00,0.00,0,False
8,172,0,0,0,0,0,0,0,0,0,0,0,0,0,0.0,0.0,0.0,0.0,0,0,0,0,0,0.00,0.00,0.00,0.00,0,False
8,173,90,0,1,0,1,0,0,0,0,0,0,0,23,21.8,2.9,8.0,3.3,5,5,3,13,1,0.03,0.01,0.04,1.45,7,False
8,174,0,0,0,0,0,0,0,0,0,0,0,0,0,0.0,0.0,0.0,0.0,0,0,0,0,0,0.00,0.00,0.00,0.00,0,False
8,175,0,0,0,0,0,0,0,0,0,0,0,0,0,0.0,0.0,0.0,0.0,0,0,0,0,0,0.00,0.00,0.00,0.00,0,False
8,176,0,0,0,0,0,0,0,0,0,0,0,0,0,0.0,0.0,0.0,0.0,0,0,0,0,0,0.00,0.00,0.00,0.00,0,False
8,177,0,0,0,0,0,0,0,0,0,0,0,0,0,0.0,0.0,0.0,0.0,0,0,0,0,0,0.00,0.00,0.00,0.00,0,False
8,178,89,2,0,0,1,0,0,0,0,0,0,3,69,77.2,33.1,28.0,13.8,0,2,2,4,1,0.58,0.07,0.65,1.37,13,True
8,179,0,0,0,0,0,0,0,0,0,0,0,0,0,0.0,0.0,0.0,0.0,0,0,0,0,0,0.00,0.00,0.00,0.00,0,False
8,180,19,0,0,0,1,0,0,0,0,0,0,0,2,2.0,0.0,0.0,0.2,1,2,0,3,0,0.00,0.00,0.00,0.75,1,False
8,181,1,0,0,0,0,0,0,0,0,0,0,0,3,1.0,0.1,0.0,0.1,0,0,0,0,0,0.00,0.00,0.00,0.08,1,False
8,182,0,0,0,0,0,0,0,0,0,0,0,0,0,0.0,0.0,0.0,0.0,0,0,0,0,0,0.00,0.00,0.00,0.00,0,False
8,183,0,0,0,0,0,0,0,0,0,0,0,0,0,0.0,0.0,0.0,0.0,0,0,0,0,0,0.00,0.00,0.00,0.00,0,False
8,184,0,0,0,0,0,0,0,0,0,0,0,0,0,0.0,0.0,0.0,0.0,0,0,0,0,0,0.00,0.00,0.00,0.00,0,False
8,185,0,0,0,0,0,0,0,0,0,0,0,0,0,0.0,0.0,0.0,0.0,0,0,0,0,0,0.00,0.00,0.00,0.00,0,False
8,186,0,0,0,0,0,0,0,0,0,0,0,0,0,0.0,0.0,0.0,0.0,0,0,0,0,0,0.00,0.00,0.00,0.00,0,False
8,187,90,0,1,1,0,0,0,0,0,0,0,3,42,37.4,15.0,0.0,5.2,11,8,1,12,1,0.00,0.16,0.16,2.63,14,True
8,188,0,0,0,0,0,0,0,0,0,0,0,0,0,0.0,0.0,0.0,0.0,0,0,0,0,0,0.00,0.00,0.00,0.00,0,False
8,189,0,0,0,0,0,0,0,0,0,0,0,0,0,0.0,0.0,0.0,0.0,0,0,0,0,0,0.00,0.00,0.00,0.00,0,False
8,190,0,0,0,0,0,0,0,0,0,0,0,0,0,0.0,0.0,0.0,0.0,0,0,0,0,0,0.00,0.00,0.00,0.00,0,False
8,191,90,0,0,1,0,0,0,0,0,0,0,0,26,25.4,0.3,0.0,2.6,12,3,2,14,1,0.00,0.00,0.00,2.63,8,False
8,192,90,0,0,1,0,0,0,0,0,0,0,0,26,16.4,0.9,0.0,1.7,4,2,4,8,1,0.00,0.01,0.01,2.63,6,False
8,193,0,0,0,0,0,0,0,0,0,0,0,0,0,0.0,0.0,0.0,0.0,0,0,0,0,0,0.00,0.00,0.00,0.00,0,False
8,194,0,0,0,0,0,0,0,0,0,0,0,0,0,0.0,0.0,0.0,0.0,0,0,0,0,0,0.00,0.00,0.00,0.00,0,False
8,195,0,0,0,0,0,0,0,0,0,0,0,0,0,0.0,0.0,0.0,0.0,0,0,0,0,0,0.00,0.00,0.00,0.00,0,False
8,196,0,0,0,0,0,0,0,0,0,0,0,0,0,0.0,0.0,0.0,0.0,0,0,0,0,0,0.00,0.00,0.00,0.00,0,False
8,197,0,0,0,0,0,0,0,0,0,0,0,0,0,0.0,0.0,0.0,0.0,0,0,0,0,0,0.00,0.00,0.00,0.00,0,False
8,198,90,0,0,1,0,0,0,0,0,0,0,0,23,18.4,0.3,0.0,1.9,11,2,0,11,1,0.00,0.00,0.00,2.63,8,False
8,199,0,0,0,0,0,0,0,0,0,0,0,0,0,0.0,0.0,0.0,0.0,0,0,0,0,0,0.00,0.00,0.00,0.00,0,False
8,200,82,0,0,1,0,0,0,0,1,0,0,0,2,0.0,1.9,0.0,0.1,1,6,0,7,1,0.00,0.00,0.00,2.29,2,False
8,201,0,0,0,0,0,0,0,0,0,0,0,0,0,0.0,0.0,0.0,0.0,0,0,0,0,0,0.00,0.00,0.00,0.00,0,False
8,202,57,0,0,0,0,0,0,0,0,0,0,0,4,5.2,2.4,11.0,1.9,0,0,0,0,1,0.03,0.01,0.04,0.58,1,False
8,203,0,0,0,0,0,0,0,0,0,0,0,0,0,0.0,0.0,0.0,0.0,0,0,0,0,0,0.00,0.00,0.00,0.00,0,False
8,204,0,0,0,0,0,0,0,0,0,0,0,0,0,0.0,0.0,0.0,0.0,0,0,0,0,0,0.00,0.00,0.00,0.00,0,False
8,205,90,0,0,1,0,0,0,0,0,0,0,0,12,10.4,17.2,0.0,2.8,5,2,0,7,1,0.00,0.02,0.02,2.63,3,False
8,206,0,0,0,0,0,0,0,0,0,0,0,0,0,0.0,0.0,0.0,0.0,0,0,0,0,0,0.00,0.00,0.00,0.00,0,False
8,207,7,0,0,0,0,0,0,0,1,0,0,0,4,5.0,0.0,0.0,0.5,0,0,3,3,0,0.00,0.00,0.00,0.34,0,False
8,208,0,0,0,0,0,0,0,0,0,0,0,0,0,0.0,0.0,0.0,0.0,0,0,0,0,0,0.00,0.00,0.00,0.00,0,False
8,209,13,0,0,0,0,0,0,0,0,0,0,0,4,2.0,0.0,0.0,0.2,2,0,0,2,0,0.00,0.00,0.00,1.22,1,False
8,210,32,1,0,0,0,0,0,0,0,0,0,0,22,36.2,0.3,7.0,4.4,3,0,0,3,0,0.03,0.00,0.03,2.04,6,False
8,211,0,0,0,0,0,0,0,0,0,0,0,0,0,0.0,0.0,0.0,0.0,0,0,0,0,0,0.00,0.00,0.00,0.00,0,False
8,212,0,0,0,0,0,0,0,0,0,0,0,0,0,0.0,0.0,0.0,0.0,0,0,0,0,0,0.00,0.00,0.00,0.00,0,False
8,213,0,0,0,0,0,0,0,0,0,0,0,0,0,0.0,0.0,0.0,0.0,0,0,0,0,0,0.00,0.00,0.00,0.00,0,False
8,214,0,0,0,0,0,0,0,0,0,0,0,0,0,0.0,0.0,0.0,0.0,0,0,0,0,0,0.00,0.00,0.00,0.00,0,False
8,215,76,0,0,1,0,0,0,0,0,0,0,0,5,9.4,0.5,0.0,1.0,5,0,1,6,1,0.00,0.00,0.00,1.40,2,False
8,216,0,0,0,0,0,0,0,0,0,0,0,0,0,0.0,0.0,0.0,0.0,0,0,0,0,0,0.00,0.00,0.00,0.00,0,False
8,217,0,0,0,0,0,0,0,0,0,0,0,0,0,0.0,0.0,0.0,0.0,0,0,0,0,0,0.00,0.00,0.00,0.00,0,False
8,218,7,0,0,0,0,0,0,0,0,0,0,0,3,0.2,0.3,0.0,0.1,0,1,0,1,0,0.00,0.00,0.00,0.34,1,False
8,219,0,0,0,0,0,0,0,0,0,0,0,0,0,0.0,0.0,0.0,0.0,0,0,0,0,0,0.00,0.00,0.00,0.00,0,False
8,220,90,0,0,1,0,0,0,0,1,0,2,0,24,22.4,0.0,0.0,2.2,1,10,0,0,1,0.00,0.01,0.01,2.35,5,False
8,221,0,0,0,0,0,0,0,0,0,0,0,0,0,0.0,0.0,0.0,0.0,0,0,0,0,0,0.00,0.00,0.00,0.00,0,False
8,222,0,0,0,0,0,0,0,0,0,0,0,0,0,0.0,0.0,0.0,0.0,0,0,0,0,0,0.00,0.00,0.00,0.00,0,False
8,223,0,0,0,0,0,0,0,0,0,0,0,0,0,0.0,0.0,0.0,0.0,0,0,0,0,0,0.00,0.00,0.00,0.00,0,False
8,224,90,0,0,1,0,0,0,0,0,0,0,0,31,25.6,14.8,0.0,4.0,7,4,4,11,1,0.00,0.01,0.01,2.35,8,False
8,225,90,1,1,1,0,0,0,0,0,0,0,3,53,65.4,28.0,26.0,11.9,2,5,1,3,1,0.21,0.03,0.24,2.35,18,True
8,226,90,0,0,1,0,0,0,0,0,0,0,0,31,15.0,10.5,0.0,2.6,5,5,1,6,1,0.00,0.00,0.00,2.35,6,False
8,227,0,0,0,0,0,0,0,0,0,0,0,0,0,0.0,0.0,0.0,0.0,0,0,0,0,0,0.00,0.00,0.00,0.00,0,False
8,228,86,0,0,1,0,0,0,0,0,1,0,0,15,0.0,28.6,8.0,3.6,2,3,1,3,1,0.03,0.15,0.18,2.07,3,False
8,229,0,0,0,0,0,0,0,0,0,0,0,0,0,0.0,0.0,0.0,0.0,0,0,0,0,0,0.00,0.00,0.00,0.00,0,False
8,230,0,0,0,0,0,0,0,0,0,0,0,0,0,0.0,0.0,0.0,0.0,0,0,0,0,0,0.00,0.00,0.00,0.00,0,False
8,231,0,0,0,0,0,0,0,0,0,0,0,0,0,0.0,0.0,0.0,0.0,0,0,0,0,0,0.00,0.00,0.00,0.00,0,False
8,232,9,0,0,0,0,0,0,0,0,0,0,0,3,0.2,0.0,0.0,0.0,0,0,0,0,0,0.00,0.00,0.00,0.28,1,False
8,233,80,1,0,1,0,0,0,0,0,0,0,2,50,47.0,0.5,50.0,9.8,7,6,0,7,1,0.51,0.00,0.51,2.07,14,True
8,234,0,0,0,0,0,0,0,0,0,0,0,0,0,0.0,0.0,0.0,0.0,0,0,0,0,0,0.00,0.00,0.00,0.00,0,False
8,235,0,0,0,0,0,0,0,0,0,0,0,0,0,0.0,0.0,0.0,0.0,0,0,0,0,0,0.00,0.00,0.00,0.00,0,False
8,236,77,1,1,1,0,0,0,0,0,0,0,1,46,66.6,59.1,29.0,15.5,0,2,0,2,1,0.17,0.73,0.90,2.07,12,True
8,237,0,0,0,0,0,0,0,0,0,0,0,0,0,0.0,0.0,0.0,0.0,0,0,0,0,0,0.00,0.00,0.00,0.00,0,False
8,238,12,0,1,0,0,0,0,0,1,0,0,0,9,3.0,0.3,10.0,1.3,1,2,1,4,0,0.08,0.00,0.08,0.28,3,False
8,239,45,0,0,0,0,0,0,0,0,0,0,0,2,4.6,1.2,0.0,0.6,2,2,1,5,0,0.00,0.01,0.01,1.82,1,False
8,240,0,0,0,0,0,0,0,0,0,0,0,0,0,0.0,0.0,0.0,0.0,0,0,0,0,0,0.00,0.00,0.00,0.00,0,False
8,241,45,0,0,0,0,0,0,0,0,0,0,0,5,8.6,0.8,0.0,0.9,3,3,0,6,0,0.00,0.01,0.01,1.82,1,False
8,242,85,0,0,0,2,0,0,0,0,0,0,0,8,4.0,4.1,0.0,0.8,0,2,1,3,1,0.00,0.03,0.03,1.52,2,False
8,243,0,0,0,0,0,0,0,0,0,0,0,0,0,0.0,0.0,0.0,0.0,0,0,0,0,0,0.00,0.00,0.00,0.00,0,False
8,244,45,0,0,0,0,0,0,0,0,0,0,0,10,0.0,3.8,0.0,0.3,1,1,1,3,1,0.00,0.01,0.01,0.53,1,False
8,245,0,0,0,0,0,0,0,0,0,0,0,0,0,0.0,0.0,0.0,0.0,0,0,0,0,0,0.00,0.00,0.00,0.00,0,False
8,246,45,0,0,0,0,0,0,0,0,0,0,0,-2,3.6,0.6,10.0,1.4,1,2,4,7,1,0.29,0.00,0.29,0.53,1,False
8,247,0,0,0,0,0,0,0,0,0,0,0,0,0,0.0,0.0,0.0,0.0,0,0,0,0,0,0.00,0.00,0.00,0.00,0,False
8,248,0,0,0,0,0,0,0,0,0,0,0,0,0,0.0,0.0,0.0,0.0,0,0,0,0,0,0.00,0.00,0.00,0.00,0,False
8,249,90,0,0,1,0,0,0,0,0,0,0,0,11,5.2,27.2,6.0,3.8,0,3,0,3,1,0.04,0.21,0.25,2.35,2,False
8,250,0,0,0,0,0,0,0,0,0,0,0,0,0,0.0,0.0,0.0,0.0,0,0,0,0,0,0.00,0.00,0.00,0.00,0,False
8,251,0,0,0,0,0,0,0,0,0,0,0,0,0,0.0,0.0,0.0,0.0,0,0,0,0,0,0.00,0.00,0.00,0.00,0,False
8,252,45,0,0,0,0,0,0,0,0,0,0,0,-6,0.0,1.3,12.0,0.8,1,1,0,2,0,0.34,0.00,0.34,1.82,1,False
8,253,90,0,0,0,3,0,0,0,0,0,2,0,1,15.0,0.0,0.0,1.5,0,7,0,0,1,0.00,0.02,0.02,2.03,1,False
8,254,0,0,0,0,0,0,0,0,0,0,0,0,0,0.0,0.0,0.0,0.0,0,0,0,0,0,0.00,0.00,0.00,0.00,0,False
8,255,0,0,0,0,0,0,0,0,0,0,0,0,0,0.0,0.0,0.0,0.0,0,0,0,0,0,0.00,0.00,0.00,0.00,0,False
8,256,90,0,2,0,3,0,0,0,0,0,0,1,28,39.4,22.4,21.0,8.3,6,3,5,11,1,0.04,0.57,0.61,2.03,10,False
8,257,90,0,0,0,3,0,0,0,0,0,0,0,7,17.4,0.7,9.0,2.7,6,7,1,7,1,0.03,0.02,0.05,2.03,1,False
8,258,90,0,0,0,3,0,0,0,0,0,0,0,2,16.6,2.4,9.0,2.8,5,8,2,7,1,0.06,0.02,0.08,2.03,1,False
8,259,0,0,0,0,0,0,0,0,0,0,0,0,0,0.0,0.0,0.0,0.0,0,0,0,0,0,0.00,0.00,0.00,0.00,0,False
8,260,90,0,1,0,3,0,0,0,0,0,0,0,17,15.8,35.3,16.0,6.7,5,5,1,6,1,0.21,0.40,0.61,2.03,4,False
8,261,90,0,0,0,3,0,0,0,0,0,0,0,7,33.0,14.8,7.0,5.5,11,1,4,15,1,0.03,0.16,0.19,2.03,3,False
8,262,0,0,0,0,0,0,0,0,0,0,0,0,0,0.0,0.0,0.0,0.0,0,0,0,0,0,0.00,0.00,0.00,0.00,0,False
8,263,0,0,0,0,0,0,0,0,0,0,0,0,0,0.0,0.0,0.0,0.0,0,0,0,0,0,0.00,0.00,0.00,0.00,0,False
8,264,0,0,0,0,0,0,0,0,0,0,0,0,0,0.0,0.0,0.0,0.0,0,0,0,0,0,0.00,0.00,0.00,0.00,0,False
8,265,0,0,0,0,0,0,0,0,0,0,0,0,0,0.0,0.0,0.0,0.0,0,0,0,0,0,0.00,0.00,0.00,0.00,0,False
8,266,61,0,0,1,0,0,0,0,0,0,0,0,9,6.2,21.0,4.0,3.1,1,1,0,2,1,0.01,0.03,0.04,0.40,3,False
8,267,90,0,0,0,3,0,0,0,0,0,0,0,7,7.0,12.1,17.0,3.6,2,4,1,7,1,0.30,0.01,0.31,2.03,2,False
8,268,0,0,0,0,0,0,0,0,0,0,0,0,0,0.0,0.0,0.0,0.0,0,0,0,0,0,0.00,0.00,0.00,0.00,0,False
8,269,0,0,0,0,0,0,0,0,0,0,0,0,0,0.0,0.0,0.0,0.0,0,0,0,0,0,0.00,0.00,0.00,0.00,0,False
8,270,0,0,0,0,0,0,0,0,0,0,0,0,0,0.0,0.0,0.0,0.0,0,0,0,0,0,0.00,0.00,0.00,0.00,0,False
8,271,90,0,0,0,3,0,0,0,0,0,0,0,18,7.6,18.1,2.0,2.8,0,5,4,9,1,0.00,0.28,0.28,2.03,2,False
8,272,0,0,0,0,0,0,0,0,0,0,0,0,0,0.0,0.0,0.0,0.0,0,0,0,0,0,0.00,0.00,0.00,0.00,0,False
8,273,90,0,0,0,3,0,0,0,0,0,0,0,10,13.6,32.5,4.0,5.0,1,5,2,8,1,0.09,0.34,0.43,2.03,2,False
8,274,0,0,0,0,0,0,0,0,0,0,0,0,0,0.0,0.0,0.0,0.0,0,0,0,0,0,0.00,0.00,0.00,0.00,0,False
8,275,0,0,0,0,0,0,0,0,0,0,0,0,0,0.0,0.0,0.0,0.0,0,0,0,0,0,0.00,0.00,0.00,0.00,0,False
8,276,0,0,0,0,0,0,0,0,0,0,0,0,0,0.0,0.0,0.0,0.0,0,0,0,0,0,0.00,0.00,0.00,0.00,0,False
8,277,0,0,0,0,0,0,0,0,0,0,0,0,0,0.0,0.0,0.0,0.0,0,0,0,0,0,0.00,0.00,0.00,0.00,0,False
8,278,0,0,0,0,0,0,0,0,0,0,0,0,0,0.0,0.0,0.0,0.0,0,0,0,0,0,0.00,0.00,0.00,0.00,0,False
8,279,0,0,0,0,0,0,0,0,0,0,0,0,0,0.0,0.0,0.0,0.0,0,0,0,0,0,0.00,0.00,0.00,0.00,0,False
8,280,0,0,0,0,0,0,0,0,0,0,0,0,0,0.0,0.0,0.0,0.0,0,0,0,0,0,0.00,0.00,0.00,0.00,0,False
8,281,0,0,0,0,0,0,0,0,0,0,0,0,0,0.0,0.0,0.0,0.0,0,0,0,0,0,0.00,0.00,0.00,0.00,0,False
8,282,0,0,0,0,0,0,0,0,0,0,0,0,0,0.0,0.0,0.0,0.0,0,0,0,0,0,0.00,0.00,0.00,0.00,0,False
8,283,90,3,0,0,3,0,0,0,0,0,0,3,66,103.8,9.1,138.0,25.1,0,2,2,4,1,3.67,0.03,3.70,2.03,17,True
8,284,26,0,0,0,1,0,0,0,0,0,0,0,3,3.2,13.5,9.0,2.6,2,1,0,3,0,0.04,0.35,0.39,0.65,1,False
8,285,0,0,0,0,0,0,0,0,0,0,0,0,0,0.0,0.0,0.0,0.0,0,0,0,0,0,0.00,0.00,0.00,0.00,0,False
8,286,0,0,0,0,0,0,0,0,0,0,0,0,0,0.0,0.0,0.0,0.0,0,0,0,0,0,0.00,0.00,0.00,0.00,0,False
8,287,90,0,0,0,2,0,0,0,0,0,5,0,14,44.0,0.0,0.0,4.4,1,4,0,0,1,0.00,0.02,0.02,2.39,2,False
8,288,0,0,0,0,0,0,0,0,0,0,0,0,0,0.0,0.0,0.0,0.0,0,0,0,0,0,0.00,0.00,0.00,0.00,0,False
8,289,0,0,0,0,0,0,0,0,0,0,0,0,0,0.0,0.0,0.0,0.0,0,0,0,0,0,0.00,0.00,0.00,0.00,0,False
8,290,0,0,0,0,0,0,0,0,0,0,0,0,0,0.0,0.0,0.0,0.0,0,0,0,0,0,0.00,0.00,0.00,0.00,0,False
8,291,90,0,0,0,2,0,0,0,0,0,0,0,8,27.2,0.0,2.0,2.9,11,1,2,13,1,0.00,0.00,0.00,2.39,3,False
8,292,90,0,0,0,2,0,0,0,0,0,0,0,-2,8.6,1.4,0.0,1.0,3,3,1,4,1,0.00,0.08,0.08,2.39,1,False
8,293,90,0,0,0,2,0,0,0,0,0,0,0,-1,8.4,11.3,0.0,2.0,4,3,0,4,1,0.00,0.00,0.00,2.39,1,False
8,294,0,0,0,0,0,0,0,0,0,0,0,0,0,0.0,0.0,0.0,0.0,0,0,0,0,0,0.00,0.00,0.00,0.00,0,False
8,295,90,0,0,0,2,0,0,0,0,0,0,0,1,19.2,0.8,0.0,2.0,6,4,0,6,1,0.00,0.01,0.01,2.39,1,False
8,296,0,0,0,0,0,0,0,0,0,0,0,0,0,0.0,0.0,0.0,0.0,0,0,0,0,0,0.00,0.00,0.00,0.00,0,False
8,297,0,0,0,0,0,0,0,0,0,0,0,0,0,0.0,0.0,0.0,0.0,0,0,0,0,0,0.00,0.00,0.00,0.00,0,False
8,298,0,0,0,0,0,0,0,0,0,0,0,0,0,0.0,0.0,0.0,0.0,0,0,0,0,0,0.00,0.00,0.00,0.00,0,False
8,299,85,0,0,0,2,0,0,0,0,0,0,0,20,20.4,26.7,23.0,7.0,2,11,4,17,1,0.04,0.56,0.60,1.52,4,False
8,300,4,0,0,0,0,0,0,0,0,0,0,0,2,0.0,0.2,0.0,0.0,0,0,0,0,0,0.00,0.00,0.00,0.86,1,False
8,301,69,0,0,0,2,0,0,0,0,0,0,0,7,0.0,2.8,4.0,0.7,0,3,0,3,1,0.01,0.03,0.04,1.30,2,False
8,302,69,0,0,0,2,0,0,0,0,0,0,0,11,8.8,3.3,2.0,1.4,2,1,3,6,1,0.00,0.02,0.02,1.30,2,False
8,303,90,0,0,0,2,0,0,0,1,0,0,0,11,16.8,2.1,5.0,2.4,9,2,2,13,1,0.12,0.01,0.13,2.39,3,False
8,304,20,0,0,0,0,0,0,0,0,0,0,0,6,11.4,3.4,0.0,1.5,1,1,3,5,0,0.00,0.01,0.01,1.09,1,False
8,305,0,0,0,0,0,0,0,0,0,0,0,0,0,0.0,0.0,0.0,0.0,0,0,0,0,0,0.00,0.00,0.00,0.00,0,False
8,306,0,0,0,0,0,0,0,0,0,0,0,0,0,0.0,0.0,0.0,0.0,0,0,0,0,0,0.00,0.00,0.00,0.00,0,False
8,307,0,0,0,0,0,0,0,0,0,0,0,0,0,0.0,0.0,0.0,0.0,0,0,0,0,0,0.00,0.00,0.00,0.00,0,False
8,308,0,0,0,0,0,0,0,0,0,0,0,0,0,0.0,0.0,0.0,0.0,0,0,0,0,0,0.00,0.00,0.00,0.00,0,False
8,309,0,0,0,0,0,0,0,0,0,0,0,0,0,0.0,0.0,0.0,0.0,0,0,0,0,0,0.00,0.00,0.00,0.00,0,False
8,310,15,0,0,0,0,0,0,0,0,0,0,0,3,2.0,0.5,0.0,0.3,1,0,0,1,0,0.00,0.00,0.00,1.05,1,False
8,311,74,0,0,0,2,0,0,0,0,0,0,0,0,0.2,2.3,15.0,1.8,1,2,1,4,1,0.60,0.01,0.61,1.33,2,False
8,312,0,0,0,0,0,0,0,0,0,0,0,0,0,0.0,0.0,0.0,0.0,0,0,0,0,0,0.00,0.00,0.00,0.00,0,False
8,313,0,0,0,0,0,0,0,0,0,0,0,0,0,0.0,0.0,0.0,0.0,0,0,0,0,0,0.00,0.00,0.00,0.00,0,False
8,314,90,0,0,0,1,0,0,0,0,0,4,0,19,36.6,0.0,0.0,3.7,2,14,0,0,1,0.00,0.00,0.00,1.87,3,False
8,315,0,0,0,0,0,0,0,0,0,0,0,0,0,0.0,0.0,0.0,0.0,0,0,0,0,0,0.00,0.00,0.00,0.00,0,False
8,316,0,0,0,0,0,0,0,0,0,0,0,0,0,0.0,0.0,0.0,0.0,0,0,0,0,0,0.00,0.00,0.00,0.00,0,False
8,317,41,0,0,0,0,0,0,0,0,0,0,0,6,11.4,0.2,0.0,1.2,4,3,0,4,1,0.00,0.00,0.00,0.55,1,False
8,318,8,0,0,0,0,0,0,0,0,0,0,0,4,5.6,0.3,2.0,0.8,4,2,0,4,0,0.00,0.00,0.00,0.57,1,False
8,319,90,0,0,0,1,0,0,0,0,0,0,0,10,17.2,0.7,0.0,1.8,5,0,4,9,1,0.00,0.00,0.00,1.87,2,False
8,320,48,0,0,0,1,0,0,0,0,0,0,0,-1,3.2,0.4,4.0,0.8,2,0,0,2,0,0.00,0.00,0.00,1.32,1,False
8,321,81,0,0,0,1,0,0,0,0,0,0,0,9,26.0,3.4,2.0,3.1,13,2,0,13,1,0.00,0.00,0.00,1.30,4,False
8,322,0,0,0,0,0,0,0,0,0,0,0,0,0,0.0,0.0,0.0,0.0,0,0,0,0,0,0.00,0.00,0.00,0.00,0,False
8,323,0,0,0,0,0,0,0,0,0,0,0,0,0,0.0,0.0,0.0,0.0,0,0,0,0,0,0.00,0.00,0.00,0.00,0,False
8,324,90,0,0,0,1,0,0,0,0,0,0,0,22,25.2,47.0,6.0,7.8,5,3,4,12,1,0.00,0.11,0.11,1.87,4,False
8,325,26,0,0,0,0,0,0,0,0,0,0,0,2,1.0,2.5,0.0,0.4,0,1,0,1,0,0.00,0.00,0.00,0.73,1,False
8,326,8,0,0,0,0,0,0,0,0,0,0,0,3,1.2,1.8,7.0,1.0,0,1,0,1,0,0.04,0.01,0.05,0.57,1,False
8,327,0,0,0,0,0,0,0,0,0,0,0,0,0,0.0,0.0,0.0,0.0,0,0,0,0,0,0.00,0.00,0.00,0.00,0,False
8,328,90,0,0,0,1,0,0,0,0,0,0,0,4,1.4,0.7,3.0,0.5,2,4,1,7,1,0.00,0.00,0.00,1.87,2,False
8,329,81,0,0,0,1,0,0,0,0,0,0,0,7,8.6,21.4,13.0,4.3,5,2,1,8,1,0.23,0.04,0.27,1.30,2,False
8,330,90,0,0,0,1,0,0,0,0,0,0,0,13,8.8,11.2,0.0,2.0,1,3,1,5,1,0.00,0.02,0.02,1.87,2,False
8,331,63,0,0,0,1,0,0,0,0,0,0,0,8,1.6,0.3,4.0,0.6,1,3,1,5,1,0.09,0.00,0.09,1.14,2,False
8,332,0,0,0,0,0,0,0,0,0,0,0,0,0,0.0,0.0,0.0,0.0,0,0,0,0,0,0.00,0.00,0.00,0.00,0,False
8,333,0,0,0,0,0,0,0,0,0,0,0,0,0,0.0,0.0,0.0,0.0,0,0,0,0,0,0.00,0.00,0.00,0.00,0,False
8,334,0,0,0,0,0,0,0,0,0,0,0,0,0,0.0,0.0,0.0,0.0,0,0,0,0,0,0.00,0.00,0.00,0.00,0,False
8,335,62,0,0,0,1,0,0,0,0,0,0,0,7,6.0,0.5,2.0,0.9,1,2,2,5,1,0.03,0.01,0.04,1.14,2,False
8,336,0,0,0,0,0,0,0,0,0,0,0,0,0,0.0,0.0,0.0,0.0,0,0,0,0,0,0.00,0.00,0.00,0.00,0,False
8,337,90,0,0,0,1,0,0,0,0,0,0,0,9,2.6,1.1,7.0,1.1,0,3,3,6,1,0.05,0.02,0.07,1.87,2,False
8,338,0,0,0,0,0,0,0,0,0,0,0,0,0,0.0,0.0,0.0,0.0,0,0,0,0,0,0.00,0.00,0.00,0.00,0,False
8,339,0,0,0,0,0,0,0,0,0,0,0,0,0,0.0,0.0,0.0,0.0,0,0,0,0,0,0.00,0.00,0.00,0.00,0,False
8,340,0,0,0,0,0,0,0,0,0,0,0,0,0,0.0,0.0,0.0,0.0,0,0,0,0,0,0.00,0.00,0.00,0.00,0,False
8,341,90,0,0,0,2,0,0,0,0,0,1,0,1,6.4,0.0,0.0,0.6,0,5,0,0,1,0.00,0.00,0.00,0.45,1,False
8,342,90,0,0,0,2,0,0,0,0,0,0,0,0,3.8,7.9,18.0,3.0,2,4,0,2,1,0.47,0.12,0.59,0.45,1,False
8,343,90,0,0,0,2,0,0,0,1,0,0,0,5,20.0,4.2,12.0,3.6,4,1,2,6,1,0.17,0.02,0.19,0.45,0,False
8,344,0,0,0,0,0,0,0,0,0,0,0,0,0,0.0,0.0,0.0,0.0,0,0,0,0,0,0.00,0.00,0.00,0.00,0,False
8,345,0,0,0,0,0,0,0,0,0,0,0,0,0,0.0,0.0,0.0,0.0,0,0,0,0,0,0.00,0.00,0.00,0.00,0,False
8,346,0,0,0,0,0,0,0,0,0,0,0,0,0,0.0,0.0,0.0,0.0,0,0,0,0,0,0.00,0.00,0.00,0.00,0,False
8,347,90,0,0,0,2,0,0,0,0,0,0,0,23,32.0,68.7,6.0,10.7,2,4,2,4,1,0.00,0.56,0.56,0.45,1,False
8,348,90,0,0,0,2,0,0,0,0,0,0,0,9,24.0,13.7,21.0,5.9,4,4,1,5,1,0.01,0.04,0.05,0.45,1,False
8,349,0,0,0,0,0,0,0,0,0,0,0,0,0,0.0,0.0,0.0,0.0,0,0,0,0,0,0.00,0.00,0.00,0.00,0,False
8,350,65,0,0,0,1,0,0,0,0,0,0,0,9,16.6,31.3,27.0,7.5,3,3,1,7,1,0.31,0.19,0.50,0.43,2,False
8,351,0,0,0,0,0,0,0,0,0,0,0,0,0,0.0,0.0,0.0,0.0,0,0,0,0,0,0.00,0.00,0.00,0.00,0,False
8,352,65,0,0,0,1,0,0,0,0,0,0,0,12,3.2,17.3,7.0,2.8,2,4,1,7,1,0.13,0.09,0.22,0.43,2,False
8,353,24,0,0,0,1,0,0,0,0,0,0,0,7,10.2,28.6,8.0,4.7,0,0,1,1,0,0.00,0.20,0.20,0.03,1,False
8,354,80,0,0,0,2,0,0,0,0,0,0,0,19,17.6,11.0,4.0,3.3,2,4,5,11,1,0.12,0.05,0.17,0.45,2,False
8,355,0,0,0,0,0,0,0,0,0,0,0,0,0,0.0,0.0,0.0,0.0,0,0,0,0,0,0.00,0.00,0.00,0.00,0,False
8,356,0,0,0,0,0,0,0,0,0,0,0,0,0,0.0,0.0,0.0,0.0,0,0,0,0,0,0.00,0.00,0.00,0.00,0,False
8,357,0,0,0,0,0,0,0,0,0,0,0,0,0,0.0,0.0,0.0,0.0,0,0,0,0,0,0.00,0.00,0.00,0.00,0,False
8,358,9,0,0,0,0,0,0,0,0,0,0,0,5,6.0,14.4,0.0,2.0,0,1,0,1,0,0.00,0.04,0.04,0.00,1,False
8,359,0,0,0,0,0,0,0,0,0,0,0,0,0,0.0,0.0,0.0,0.0,0,0,0,0,0,0.00,0.00,0.00,0.00,0,False
8,360,0,0,0,0,0,0,0,0,0,0,0,0,0,0.0,0.0,0.0,0.0,0,0,0,0,0,0.00,0.00,0.00,0.00,0,False
8,361,0,0,0,0,0,0,0,0,0,0,0,0,0,0.0,0.0,0.0,0.0,0,0,0,0,0,0.00,0.00,0.00,0.00,0,False
8,362,17,0,0,0,0,0,0,0,0,0,0,0,0,0.0,1.3,14.0,1.2,1,1,0,2,0,0.18,0.01,0.19,0.00,1,False
8,363,0,0,0,0,0,0,0,0,0,0,0,0,0,0.0,0.0,0.0,0.0,0,0,0,0,0,0.00,0.00,0.00,0.00,0,False
8,364,0,0,0,0,0,0,0,0,0,0,0,0,0,0.0,0.0,0.0,0.0,0,0,0,0,0,0.00,0.00,0.00,0.00,0,False
8,365,24,0,0,0,1,0,0,0,0,0,0,0,1,1.2,1.3,30.0,3.3,0,0,0,0,0,0.75,0.02,0.77,0.03,1,False
8,366,0,0,0,0,0,0,0,0,0,0,0,0,0,0.0,0.0,0.0,0.0,0,0,0,0,0,0.00,0.00,0.00,0.00,0,False
8,367,90,0,0,0,2,0,0,0,0,0,2,0,9,14.8,0.0,0.0,1.5,1,9,0,0,1,0.00,0.00,0.00,1.34,1,False
8,368,0,0,0,0,0,0,0,0,0,0,0,0,0,0.0,0.0,0.0,0.0,0,0,0,0,0,0.00,0.00,0.00,0.00,0,False
8,369,0,0,0,0,0,0,0,0,0,0,0,0,0,0.0,0.0,0.0,0.0,0,0,0,0,0,0.00,0.00,0.00,0.00,0,False
8,370,5,0,0,0,0,0,0,0,0,0,0,0,8,5.0,14.1,4.0,2.3,0,0,0,0,0,0.00,0.31,0.31,0.43,1,False
8,371,90,0,0,0,2,0,0,0,0,0,0,0,11,11.0,18.4,6.0,3.5,4,2,1,5,1,0.00,0.03,0.03,1.34,1,False
8,372,0,0,0,0,0,0,0,0,0,0,0,0,0,0.0,0.0,0.0,0.0,0,0,0,0,0,0.00,0.00,0.00,0.00,0,False
8,373,90,0,0,0,2,0,0,0,0,0,0,0,11,36.4,3.0,23.0,6.2,14,2,1,15,1,0.23,0.02,0.25,1.34,3,False
8,374,90,0,0,0,2,0,0,0,0,0,0,0,11,32.8,14.5,7.0,5.4,9,4,2,11,1,0.01,0.19,0.20,1.34,3,False
8,375,61,0,0,0,1,0,0,0,0,0,0,0,7,8.2,16.1,4.0,2.8,1,1,1,2,1,0.00,0.03,0.03,0.70,2,False
8,376,0,0,0,0,0,0,0,0,0,0,0,0,0,0.0,0.0,0.0,0.0,0,0,0,0,0,0.00,0.00,0.00,0.00,0,False
8,377,0,0,0,0,0,0,0,0,0,0,0,0,0,0.0,0.0,0.0,0.0,0,0,0,0,0,0.00,0.00,0.00,0.00,0,False
8,378,0,0,0,0,0,0,0,0,0,0,0,0,0,0.0,0.0,0.0,0.0,0,0,0,0,0,0.00,0.00,0.00,0.00,0,False
8,379,0,0,0,0,0,0,0,0,0,0,0,0,0,0.0,0.0,0.0,0.0,0,0,0,0,0,0.00,0.00,0.00,0.00,0,False
8,380,0,0,0,0,0,0,0,0,0,0,0,0,0,0.0,0.0,0.0,0.0,0,0,0,0,0,0.00,0.00,0.00,0.00,0,False
8,381,84,0,0,0,2,0,0,0,0,0,0,0,10,9.4,50.3,42.0,10.2,0,1,0,1,1,0.41,0.14,0.55,0.91,2,False
8,382,28,0,0,0,1,0,0,0,0,0,0,0,6,9.2,33.0,12.0,5.4,0,2,1,3,0,0.00,0.10,0.10,0.64,1,False
8,383,0,0,0,0,0,0,0,0,0,0,0,0,0,0.0,0.0,0.0,0.0,0,0,0,0,0,0.00,0.00,0.00,0.00,0,False
8,384,90,1,0,0,2,0,0,0,0,0,0,0,20,31.4,45.1,62.0,13.9,0,2,0,2,1,1.47,0.09,1.56,1.34,7,False
8,385,18,0,1,0,1,0,0,0,0,0,0,0,17,24.6,11.1,8.0,4.4,1,0,2,3,0,0.07,0.03,0.10,0.59,4,False
8,386,61,0,0,0,1,0,0,0,0,0,0,0,5,2.4,2.0,11.0,1.5,0,1,0,1,1,0.09,0.02,0.11,0.70,2,False
8,387,90,0,0,0,2,0,0,0,0,0,0,0,20,23.6,45.1,0.0,6.9,3,7,2,12,1,0.00,0.11,0.11,1.34,4,False
8,388,28,0,0,0,1,0,0,0,0,0,0,0,7,6.4,6.2,19.0,3.2,1,4,0,5,0,0.07,0.51,0.58,0.64,1,False
8,389,0,0,0,0,0,0,0,0,0,0,0,0,0,0.0,0.0,0.0,0.0,0,0,0,0,0,0.00,0.00,0.00,0.00,0,False
8,390,61,0,0,0,1,0,0,0,0,0,0,0,12,8.6,5.8,0.0,1.4,1,0,3,4,1,0.00,0.02,0.02,0.70,2,False
8,391,14,0,0,0,1,0,0,0,0,0,0,0,4,0.2,0.3,0.0,0.1,0,0,0,0,0,0.00,0.01,0.01,1.95,1,False
8,392,0,0,0,0,0,0,0,0,0,0,0,0,0,0.0,0.0,0.0,0.0,0,0,0,0,0,0.00,0.00,0.00,0.00,0,False
8,393,0,0,0,0,0,0,0,0,0,0,0,0,0,0.0,0.0,0.0,0.0,0,0,0,0,0,0.00,0.00,0.00,0.00,0,False
8,394,0,0,0,0,0,0,0,0,0,0,0,0,0,0.0,0.0,0.0,0.0,0,0,0,0,0,0.00,0.00,0.00,0.00,0,False
8,395,0,0,0,0,0,0,0,0,0,0,0,0,0,0.0,0.0,0.0,0.0,0,0,0,0,0,0.00,0.00,0.00,0.00,0,False
8,396,0,0,0,0,0,0,0,0,0,0,0,0,0,0.0,0.0,0.0,0.0,0,0,0,0,0,0.00,0.00,0.00,0.00,0,False
8,397,0,0,0,0,0,0,0,0,0,0,0,0,0,0.0,0.0,0.0,0.0,0,0,0,0,0,0.00,0.00,0.00,0.00,0,False
8,398,0,0,0,0,0,0,0,0,0,0,0,0,0,0.0,0.0,0.0,0.0,0,0,0,0,0,0.00,0.00,0.00,0.00,0,False
8,399,0,0,0,0,0,0,0,0,0,0,0,0,0,0.0,0.0,0.0,0.0,0,0,0,0,0,0.00,0.00,0.00,0.00,0,False
8,400,0,0,0,0,0,0,0,0,0,0,0,0,0,0.0,0.0,0.0,0.0,0,0,0,0,0,0.00,0.00,0.00,0.00,0,False
8,401,0,0,0,0,0,0,0,0,0,0,0,0,0,0.0,0.0,0.0,0.0,0,0,0,0,0,0.00,0.00,0.00,0.00,0,False
8,402,0,0,0,0,0,0,0,0,0,0,0,0,0,0.0,0.0,0.0,0.0,0,0,0,0,0,0.00,0.00,0.00,0.00,0,False
8,403,0,0,0,0,0,0,0,0,0,0,0,0,0,0.0,0.0,0.0,0.0,0,0,0,0,0,0.00,0.00,0.00,0.00,0,False
8,404,0,0,0,0,0,0,0,0,0,0,0,0,0,0.0,0.0,0.0,0.0,0,0,0,0,0,0.00,0.00,0.00,0.00,0,False
8,405,90,0,0,1,0,0,0,0,0,0,0,0,26,17.8,3.8,4.0,2.6,4,1,2,6,1,0.09,0.02,0.11,0.81,6,False
8,406,0,0,0,0,0,0,0,0,0,0,0,0,0,0.0,0.0,0.0,0.0,0,0,0,0,0,0.00,0.00,0.00,0.00,0,False
8,407,90,0,0,1,0,0,0,0,0,0,0,1,32,21.0,35.6,1.0,5.8,3,8,3,6,1,0.02,0.19,0.21,0.81,7,False
8,408,90,0,0,1,0,0,0,0,0,0,0,0,30,28.0,3.0,0.0,3.1,7,6,1,8,1,0.00,0.02,0.02,0.81,6,False
8,409,0,0,0,0,0,0,0,0,0,0,0,0,0,0.0,0.0,0.0,0.0,0,0,0,0,0,0.00,0.00,0.00,0.00,0,False
8,410,5,0,0,0,0,0,0,0,0,0,0,0,3,0.4,3.7,0.0,0.4,0,0,0,0,0,0.00,0.24,0.24,0.00,1,False
8,411,84,0,1,1,0,0,0,0,0,0,0,2,37,23.8,17.8,14.0,5.6,4,2,2,6,1,0.27,0.17,0.44,0.81,11,False
8,412,0,0,0,0,0,0,0,0,0,0,0,0,0,0.0,0.0,0.0,0.0,0,0,0,0,0,0.00,0.00,0.00,0.00,0,False
8,413,0,0,0,0,0,0,0,0,0,0,0,0,0,0.0,0.0,0.0,0.0,0,0,0,0,0,0.00,0.00,0.00,0.00,0,False
8,414,90,0,0,1,0,0,0,0,0,0,0,0,24,13.0,65.5,7.0,8.6,1,4,2,7,1,0.05,0.59,0.64,0.81,3,False
8,415,84,0,1,1,0,0,0,0,0,0,0,0,25,34.8,32.8,46.0,11.4,2,2,1,5,1,0.13,0.33,0.46,0.81,6,False
8,416,31,0,0,0,0,0,0,0,0,0,0,0,13,11.8,16.8,0.0,2.9,1,3,0,4,0,0.00,0.01,0.01,0.15,1,False
8,417,5,0,0,0,0,0,0,0,0,0,0,0,8,2.6,15.2,5.0,2.3,0,0,0,0,0,0.14,0.01,0.15,0.00,1,False
8,418,58,0,0,0,0,0,0,0,0,0,0,0,9,9.8,36.2,33.0,7.9,0,2,0,2,1,0.36,0.19,0.55,0.66,1,False
8,419,0,0,0,0,0,0,0,0,0,0,0,0,0,0.0,0.0,0.0,0.0,0,0,0,0,0,0.00,0.00,0.00,0.00,0,False
8,420,0,0,0,0,0,0,0,0,0,0,0,0,0,0.0,0.0,0.0,0.0,0,0,0,0,0,0.00,0.00,0.00,0.00,0,False
8,421,0,0,0,0,0,0,0,0,0,0,0,0,0,0.0,0.0,0.0,0.0,0,0,0,0,0,0.00,0.00,0.00,0.00,0,False
8,422,4,0,0,0,0,0,0,0,0,0,0,0,3,2.6,0.8,0.0,0.3,0,0,0,0,0,0.00,0.00,0.00,0.00,1,False
8,423,85,0,0,1,0,0,0,0,0,0,0,0,17,18.6,27.2,6.0,5.2,6,4,2,12,1,0.00,0.05,0.05,0.81,5,False
8,424,31,0,0,0,0,0,0,0,0,0,0,0,4,3.4,2.2,7.0,1.3,0,0,1,1,0,0.04,0.11,0.15,0.15,1,False
8,425,0,0,0,0,0,0,0,0,0,0,0,0,0,0.0,0.0,0.0,0.0,0,0,0,0,0,0.00,0.00,0.00,0.00,0,False
8,426,0,0,0,0,0,0,0,0,0,0,0,0,0,0.0,0.0,0.0,0.0,0,0,0,0,0,0.00,0.00,0.00,0.00,0,False
8,427,58,0,0,0,0,0,0,0,0,0,0,0,17,7.8,26.7,17.0,5.2,1,1,1,3,1,0.30,0.08,0.38,0.66,1,False
8,428,0,0,0,0,0,0,0,0,0,0,0,0,0,0.0,0.0,0.0,0.0,0,0,0,0,0,0.00,0.00,0.00,0.00,0,False
8,429,0,0,0,0,0,0,0,0,0,0,0,0,0,0.0,0.0,0.0,0.0,0,0,0,0,0,0.00,0.00,0.00,0.00,0,False
8,430,90,2,0,1,0,0,0,0,0,0,0,3,62,77.4,1.9,85.0,16.4,2,2,0,4,1,0.98,0.02,1.00,0.81,13,True
8,431,0,0,0,0,0,0,0,0,0,0,0,0,0,0.0,0.0,0.0,0.0,0,0,0,0,0,0.00,0.00,0.00,0.00,0,False
8,432,0,0,0,0,0,0,0,0,0,0,0,0,0,0.0,0.0,0.0,0.0,0,0,0,0,0,0.00,0.00,0.00,0.00,0,False
8,433,0,0,0,0,0,0,0,0,0,0,0,0,0,0.0,0.0,0.0,0.0,0,0,0,0,0,0.00,0.00,0.00,0.00,0,False
8,434,0,0,0,0,0,0,0,0,0,0,0,0,0,0.0,0.0,0.0,0.0,0,0,0,0,0,0.00,0.00,0.00,0.00,0,False
8,435,0,0,0,0,0,0,0,0,0,0,0,0,0,0.0,0.0,0.0,0.0,0,0,0,0,0,0.00,0.00,0.00,0.00,0,False
8,436,90,0,0,0,1,0,0,0,0,0,0,0,0,4.2,0.4,9.0,1.4,5,1,0,5,1,0.43,0.00,0.43,2.75,2,False
8,437,0,0,0,0,0,0,0,0,0,0,0,0,0,0.0,0.0,0.0,0.0,0,0,0,0,0,0.00,0.00,0.00,0.00,0,False
8,438,0,0,0,0,0,0,0,0,0,0,0,0,0,0.0,0.0,0.0,0.0,0,0,0,0,0,0.00,0.00,0.00,0.00,0,False
8,439,0,0,0,0,0,0,0,0,0,0,0,0,0,0.0,0.0,0.0,0.0,0,0,0,0,0,0.00,0.00,0.00,0.00,0,False
8,440,90,0,0,0,1,0,0,0,0,0,0,0,12,21.4,15.2,0.0,3.7,8,4,4,12,1,0.00,0.01,0.01,2.75,4,False
8,441,31,0,0,0,1,0,0,0,0,0,0,0,3,11.0,11.0,0.0,2.2,3,2,3,6,0,0.00,0.02,0.02,1.79,1,False
8,442,90,1,0,0,1,0,0,0,0,0,0,1,24,51.6,0.2,21.0,7.3,10,4,0,10,1,0.09,0.01,0.10,2.75,11,False
8,443,84,0,0,0,1,0,0,0,0,0,0,0,4,8.6,1.1,0.0,1.0,5,0,1,6,1,0.00,0.00,0.00,2.44,2,False
8,444,5,0,0,0,0,0,0,0,0,0,0,0,3,4.2,0.1,0.0,0.4,2,0,0,2,0,0.00,0.00,0.00,0.31,1,False
8,445,0,0,0,0,0,0,0,0,0,0,0,0,0,0.0,0.0,0.0,0.0,0,0,0,0,0,0.00,0.00,0.00,0.00,0,False
8,446,0,0,0,0,0,0,0,0,0,0,0,0,0,0.0,0.0,0.0,0.0,0,0,0,0,0,0.00,0.00,0.00,0.00,0,False
8,447,0,0,0,0,0,0,0,0,0,0,0,0,0,0.0,0.0,0.0,0.0,0,0,0,0,0,0.00,0.00,0.00,0.00,0,False
8,448,0,0,0,0,0,0,0,0,0,0,0,0,0,0.0,0.0,0.0,0.0,0,0,0,0,0,0.00,0.00,0.00,0.00,0,False
8,449,84,0,1,0,1,0,0,0,0,0,0,3,27,29.2,44.8,9.0,8.3,2,5,1,8,1,0.20,0.12,0.32,2.44,8,False
8,450,90,0,0,0,1,0,0,0,0,0,0,0,7,6.2,4.2,10.0,2.0,3,6,0,9,1,0.08,0.04,0.12,2.75,2,False
8,451,0,0,0,0,0,0,0,0,0,0,0,0,0,0.0,0.0,0.0,0.0,0,0,0,0,0,0.00,0.00,0.00,0.00,0,False
8,452,58,0,1,0,0,0,0,0,1,0,0,0,15,22.8,25.2,2.0,5.0,2,4,1,7,1,0.00,0.19,0.19,0.96,3,False
8,453,45,0,0,0,0,0,0,0,0,0,0,0,8,2.2,1.9,2.0,0.6,1,3,1,5,1,0.00,0.01,0.01,0.53,1,False
8,454,0,0,0,0,0,0,0,0,0,0,0,0,0,0.0,0.0,0.0,0.0,0,0,0,0,0,0.00,0.00,0.00,0.00,0,False
8,455,60,0,0,1,0,0,0,0,0,0,0,0,5,2.4,1.2,11.0,1.5,1,0,1,2,1,0.16,0.00,0.16,1.01,3,False
8,456,0,0,0,0,0,0,0,0,0,0,0,0,0,0.0,0.0,0.0,0.0,0,0,0,0,0,0.00,0.00,0.00,0.00,0,False
8,457,57,0,0,0,0,0,0,0,1,0,0,0,5,7.6,1.8,0.0,0.9,2,0,3,5,1,0.00,0.00,0.00,0.96,0,False
8,458,5,0,0,0,0,0,0,0,0,0,0,0,3,3.0,0.0,0.0,0.3,1,0,0,1,0,0.00,0.00,0.00,0.31,1,False
8,459,32,0,0,0,1,0,0,0,0,0,0,0,5,8.6,1.1,0.0,1.0,5,0,1,6,0,0.00,0.00,0.00,1.79,1,False
8,460,0,0,0,0,0,0,0,0,0,0,0,0,0,0.0,0.0,0.0,0.0,0,0,0,0,0,0.00,0.00,0.00,0.00,0,False
8,461,0,0,0,0,0,0,0,0,0,0,0,0,0,0.0,0.0,0.0,0.0,0,0,0,0,0,0.00,0.00,0.00,0.00,0,False
8,462,0,0,0,0,0,0,0,0,0,0,0,0,0,0.0,0.0,0.0,0.0,0,0,0,0,0,0.00,0.00,0.00,0.00,0,False
8,463,0,0,0,0,0,0,0,0,0,0,0,0,0,0.0,0.0,0.0,0.0,0,0,0,0,0,0.00,0.00,0.00,0.00,0,False
8,464,0,0,0,0,0,0,0,0,0,0,0,0,0,0.0,0.0,0.0,0.0,0,0,0,0,0,0.00,0.00,0.00,0.00,0,False
8,465,0,0,0,0,0,0,0,0,0,0,0,0,0,0.0,0.0,0.0,0.0,0,0,0,0,0,0.00,0.00,0.00,0.00,0,False
8,466,0,0,0,0,0,0,0,0,0,0,0,0,0,0.0,0.0,0.0,0.0,0,0,0,0,0,0.00,0.00,0.00,0.00,0,False
8,467,0,0,0,0,0,0,0,0,0,0,0,0,0,0.0,0.0,0.0,0.0,0,0,0,0,0,0.00,0.00,0.00,0.00,0,False
8,468,0,0,0,0,0,0,0,0,0,0,0,0,0,0.0,0.0,0.0,0.0,0,0,0,0,0,0.00,0.00,0.00,0.00,0,False
8,469,90,0,0,0,2,0,0,0,0,0,3,0,10,20.0,0.0,0.0,2.0,3,14,0,0,1,0.00,0.00,0.00,0.91,2,False
8,470,90,0,0,1,0,0,0,0,0,0,4,2,32,32.6,0.0,0.0,3.3,3,7,0,0,1,0.00,0.00,0.00,2.63,9,True
8,471,0,0,0,0,0,0,0,0,0,0,0,0,0,0.0,0.0,0.0,0.0,0,0,0,0,0,0.00,0.00,0.00,0.00,0,False
8,472,0,0,0,0,0,0,0,0,0,0,0,0,0,0.0,0.0,0.0,0.0,0,0,0,0,0,0.00,0.00,0.00,0.00,0,False
8,473,0,0,0,0,0,0,0,0,0,0,0,0,0,0.0,0.0,0.0,0.0,0,0,0,0,0,0.00,0.00,0.00,0.00,0,False
8,474,0,0,0,0,0,0,0,0,0,0,0,0,0,0.0,0.0,0.0,0.0,0,0,0,0,0,0.00,0.00,0.00,0.00,0,False
8,475,90,0,0,0,2,0,0,0,0,0,0,0,4,15.6,1.3,12.0,2.9,5,3,1,6,1,0.05,0.01,0.06,0.91,1,False
8,476,90,0,0,0,2,0,0,0,1,0,0,0,0,23.6,13.6,4.0,4.1,7,5,3,10,1,0.00,0.05,0.05,0.91,2,False
8,477,0,0,0,0,0,0,0,0,0,0,0,0,0,0.0,0.0,0.0,0.0,0,0,0,0,0,0.00,0.00,0.00,0.00,0,False
8,478,90,0,0,0,2,0,0,0,0,0,0,0,8,15.8,20.8,0.0,3.7,2,1,2,4,1,0.00,0.12,0.12,0.91,1,False
8,479,0,0,0,0,0,0,0,0,0,0,0,0,0,0.0,0.0,0.0,0.0,0,0,0,0,0,0.00,0.00,0.00,0.00,0,False
8,480,0,0,0,0,0,0,0,0,0,0,0,0,0,0.0,0.0,0.0,0.0,0,0,0,0,0,0.00,0.00,0.00,0.00,0,False
8,481,0,0,0,0,0,0,0,0,0,0,0,0,0,0.0,0.0,0.0,0.0,0,0,0,0,0,0.00,0.00,0.00,0.00,0,False
8,482,0,0,0,0,0,0,0,0,0,0,0,0,0,0.0,0.0,0.0,0.0,0,0,0,0,0,0.00,0.00,0.00,0.00,0,False
8,483,0,0,0,0,0,0,0,0,0,0,0,0,0,0.0,0.0,0.0,0.0,0,0,0,0,0,0.00,0.00,0.00,0.00,0,False
8,484,0,0,0,0,0,0,0,0,0,0,0,0,0,0.0,0.0,0.0,0.0,0,0,0,0,0,0.00,0.00,0.00,0.00,0,False
8,485,69,0,0,0,1,0,0,0,0,0,0,0,5,10.0,28.4,7.0,4.5,0,2,1,3,1,0.07,0.15,0.22,0.78,2,False
8,486,45,0,0,0,1,0,0,0,0,0,0,0,5,1.6,2.0,0.0,0.4,0,1,1,2,1,0.00,0.02,0.02,0.71,1,False
8,487,20,0,0,0,1,0,0,0,0,0,0,0,6,6.0,4.3,17.0,2.7,0,2,0,2,0,0.03,0.07,0.10,0.14,1,False
8,488,85,0,0,0,2,0,0,0,0,0,0,0,14,14.8,16.5,28.0,5.9,2,4,2,8,1,0.36,0.22,0.58,0.91,2,False
8,489,45,0,0,0,1,0,0,0,0,0,0,0,8,7.0,20.1,8.0,3.5,0,1,1,2,0,0.15,0.10,0.25,0.21,1,False
8,490,45,0,0,0,1,0,0,0,0,0,0,0,13,10.8,3.8,2.0,1.7,5,3,3,11,1,0.00,0.01,0.01,0.71,1,False
8,491,69,0,0,0,1,0,0,0,0,0,0,0,16,11.0,27.5,2.0,4.1,2,2,1,5,1,0.03,0.28,0.31,0.78,2,False
8,492,0,0,0,0,0,0,0,0,0,0,0,0,0,0.0,0.0,0.0,0.0,0,0,0,0,0,0.00,0.00,0.00,0.00,0,False
8,493,90,0,0,0,2,0,0,0,0,0,0,0,21,19.0,67.8,2.0,8.9,2,2,0,4,1,0.00,0.15,0.15,0.45,2,False
8,494,0,0,0,0,0,0,0,0,0,0,0,0,0,0.0,0.0,0.0,0.0,0,0,0,0,0,0.00,0.00,0.00,0.00,0,False
8,495,0,0,0,0,0,0,0,0,0,0,0,0,0,0.0,0.0,0.0,0.0,0,0,0,0,0,0.00,0.00,0.00,0.00,0,False
8,496,0,0,0,0,0,0,0,0,0,0,0,0,0,0.0,0.0,0.0,0.0,0,0,0,0,0,0.00,0.00,0.00,0.00,0,False
8,497,45,0,1,0,1,0,0,0,0,0,0,0,22,23.0,22.6,2.0,4.8,0,3,0,3,0,0.00,0.27,0.27,0.21,4,False
8,498,0,0,0,0,0,0,0,0,0,0,0,0,0,0.0,0.0,0.0,0.0,0,0,0,0,0,0.00,0.00,0.00,0.00,0,False
8,499,71,0,0,0,1,0,0,0,0,0,0,0,4,2.6,2.1,25.0,3.0,1,1,0,2,1,0.33,0.01,0.34,0.74,2,False
8,500,4,0,0,0,0,0,0,0,0,0,0,0,2,0.0,0.0,0.0,0.0,0,0,0,0,0,0.00,0.00,0.00,0.00,1,False
8,501,0,0,0,0,0,0,0,0,0,0,0,0,0,0.0,0.0,0.0,0.0,0,0,0,0,0,0.00,0.00,0.00,0.00,0,False
8,502,90,0,0,0,3,0,0,0,0,0,3,0,2,17.0,0.0,0.0,1.7,2,7,0,0,1,0.00,0.00,0.00,1.67,2,False
8,503,0,0,0,0,0,0,0,0,0,0,0,0,0,0.0,0.0,0.0,0.0,0,0,0,0,0,0.00,0.00,0.00,0.00,0,False
8,504,0,0,0,0,0,0,0,0,0,0,0,0,0,0.0,0.0,0.0,0.0,0,0,0,0,0,0.00,0.00,0.00,0.00,0,False
8,505,90,0,0,0,3,0,0,0,0,0,0,0,2,8.0,1.8,27.0,3.7,2,3,0,2,1,0.31,0.02,0.33,1.67,1,False
8,506,73,0,0,0,2,0,0,0,0,0,0,0,5,12.0,1.3,2.0,1.5,6,3,0,6,1,0.00,0.01,0.01,1.41,1,False
8,507,0,0,0,0,0,0,0,0,0,0,0,0,0,0.0,0.0,0.0,0.0,0,0,0,0,0,0.00,0.00,0.00,0.00,0,False
8,508,90,0,0,0,3,0,0,0,0,0,0,0,-7,9.8,2.8,10.0,2.3,3,3,2,5,1,0.53,0.01,0.54,1.67,1,False
8,509,0,0,0,0,0,0,0,0,0,0,0,0,0,0.0,0.0,0.0,0.0,0,0,0,0,0,0.00,0.00,0.00,0.00,0,False
8,510,0,0,0,0,0,0,0,0,0,0,0,0,0,0.0,0.0,0.0,0.0,0,0,0,0,0,0.00,0.00,0.00,0.00,0,False
8,511,90,0,0,0,3,0,0,0,1,0,0,0,3,15.6,0.5,0.0,1.6,4,1,3,7,1,0.00,0.00,0.00,1.67,0,False
8,512,0,0,0,0,0,0,0,0,0,0,0,0,0,0.0,0.0,0.0,0.0,0,0,0,0,0,0.00,0.00,0.00,0.00,0,False
8,513,0,0,0,0,0,0,0,0,0,0,0,0,0,0.0,0.0,0.0,0.0,0,0,0,0,0,0.00,0.00,0.00,0.00,0,False
8,514,0,0,0,0,0,0,0,0,0,0,0,0,0,0.0,0.0,0.0,0.0,0,0,0,0,0,0.00,0.00,0.00,0.00,0,False
8,515,90,0,0,0,3,0,0,0,0,0,0,0,7,0.0,13.7,17.0,3.0,2,4,0,6,1,0.50,0.20,0.70,1.67,2,False
8,516,37,0,0,0,1,0,0,0,0,0,0,0,9,15.2,27.5,2.0,4.5,1,2,1,4,0,0.00,0.48,0.48,0.67,1,False
8,517,90,0,0,0,3,0,0,0,0,0,0,0,17,12.4,37.2,6.0,5.6,2,9,1,12,1,0.00,0.23,0.23,1.67,4,False
8,518,0,0,0,0,0,0,0,0,0,0,0,0,0,0.0,0.0,0.0,0.0,0,0,0,0,0,0.00,0.00,0.00,0.00,0,False
8,519,0,0,0,0,0,0,0,0,0,0,0,0,0,0.0,0.0,0.0,0.0,0,0,0,0,0,0.00,0.00,0.00,0.00,0,False
8,520,0,0,0,0,0,0,0,0,0,0,0,0,0,0.0,0.0,0.0,0.0,0,0,0,0,0,0.00,0.00,0.00,0.00,0,False
8,521,90,0,0,0,3,0,0,0,1,0,0,0,13,26.4,16.0,34.0,7.6,3,2,4,9,1,0.25,0.03,0.28,1.67,1,False
8,522,0,0,0,0,0,0,0,0,0,0,0,0,0,0.0,0.0,0.0,0.0,0,0,0,0,0,0.00,0.00,0.00,0.00,0,False
8,523,0,0,0,0,0,0,0,0,0,0,0,0,0,0.0,0.0,0.0,0.0,0,0,0,0,0,0.00,0.00,0.00,0.00,0,False
8,524,0,0,0,0,0,0,0,0,0,0,0,0,0,0.0,0.0,0.0,0.0,0,0,0,0,0,0.00,0.00,0.00,0.00,0,False
8,525,16,0,0,0,1,0,0,0,0,0,0,0,5,2.0,0.0,0.0,0.2,0,0,1,1,0,0.00,0.00,0.00,0.27,1,False
8,526,45,0,0,0,3,0,0,0,0,0,0,0,-4,0.0,1.5,15.0,1.5,0,0,1,1,0,0.69,0.01,0.70,1.31,1,False
8,527,45,0,0,0,0,0,0,0,0,0,0,0,5,0.0,10.7,1.0,1.1,0,3,1,4,1,0.08,0.02,0.10,0.37,1,False
8,528,0,0,0,0,0,0,0,0,0,0,0,0,0,0.0,0.0,0.0,0.0,0,0,0,0,0,0.00,0.00,0.00,0.00,0,False
8,529,0,0,0,0,0,0,0,0,0,0,0,0,0,0.0,0.0,0.0,0.0,0,0,0,0,0,0.00,0.00,0.00,0.00,0,False
8,530,0,0,0,0,0,0,0,0,0,0,0,0,0,0.0,0.0,0.0,0.0,0,0,0,0,0,0.00,0.00,0.00,0.00,0,False
8,531,90,0,0,1,0,0,0,0,0,0,0,2,33,31.2,21.3,31.0,8.4,9,1,1,10,1,0.06,0.13,0.19,0.83,10,False
8,532,90,0,1,1,0,0,0,0,0,0,0,2,33,26.0,20.5,9.0,5.6,4,1,0,4,1,0.24,0.12,0.36,0.83,11,False
8,533,0,0,0,0,0,0,0,0,0,0,0,0,0,0.0,0.0,0.0,0.0,0,0,0,0,0,0.00,0.00,0.00,0.00,0,False
8,534,0,0,0,0,0,0,0,0,0,0,0,0,0,0.0,0.0,0.0,0.0,0,0,0,0,0,0.00,0.00,0.00,0.00,0,False
8,535,0,0,0,0,0,0,0,0,0,0,0,0,0,0.0,0.0,0.0,0.0,0,0,0,0,0,0.00,0.00,0.00,0.00,0,False
8,536,0,0,0,0,0,0,0,0,0,0,0,0,0,0.0,0.0,0.0,0.0,0,0,0,0,0,0.00,0.00,0.00,0.00,0,False
8,537,0,0,0,0,0,0,0,0,0,0,0,0,0,0.0,0.0,0.0,0.0,0,0,0,0,0,0.00,0.00,0.00,0.00,0,False
8,538,0,0,0,0,0,0,0,0,0,0,0,0,0,0.0,0.0,0.0,0.0,0,0,0,0,0,0.00,0.00,0.00,0.00,0,False
8,539,0,0,0,0,0,0,0,0,0,0,0,0,0,0.0,0.0,0.0,0.0,0,0,0,0,0,0.00,0.00,0.00,0.00,0,False
8,540,0,0,0,0,0,0,0,0,0,0,0,0,0,0.0,0.0,0.0,0.0,0,0,0,0,0,0.00,0.00,0.00,0.00,0,False
8,541,0,0,0,0,0,0,0,0,0,0,0,0,0,0.0,0.0,0.0,0.0,0,0,0,0,0,0.00,0.00,0.00,0.00,0,False
8,542,0,0,0,0,0,0,0,0,0,0,0,0,0,0.0,0.0,0.0,0.0,0,0,0,0,0,0.00,0.00,0.00,0.00,0,False
8,543,0,0,0,0,0,0,0,0,0,0,0,0,0,0.0,0.0,0.0,0.0,0,0,0,0,0,0.00,0.00,0.00,0.00,0,False
8,544,0,0,0,0,0,0,0,0,0,0,0,0,0,0.0,0.0,0.0,0.0,0,0,0,0,0,0.00,0.00,0.00,0.00,0,False
8,545,0,0,0,0,0,0,0,0,0,0,0,0,0,0.0,0.0,0.0,0.0,0,0,0,0,0,0.00,0.00,0.00,0.00,0,False
8,546,0,0,0,0,0,0,0,0,0,0,0,0,0,0.0,0.0,0.0,0.0,0,0,0,0,0,0.00,0.00,0.00,0.00,0,False
8,547,90,0,0,1,0,0,0,0,0,0,0,0,13,26.6,12.8,0.0,3.9,6,4,4,14,1,0.00,0.02,0.02,0.83,5,False
8,548,0,0,0,0,0,0,0,0,0,0,0,0,0,0.0,0.0,0.0,0.0,0,0,0,0,0,0.00,0.00,0.00,0.00,0,False
8,549,1,0,0,0,0,0,0,0,0,0,0,0,3,1.0,0.0,0.0,0.1,1,0,0,1,0,0.00,0.00,0.00,0.10,1,False
8,550,0,0,0,0,0,0,0,0,0,0,0,0,0,0.0,0.0,0.0,0.0,0,0,0,0,0,0.00,0.00,0.00,0.00,0,False
8,551,75,0,0,1,0,0,0,0,0,0,0,0,7,2.8,10.8,2.0,1.6,0,2,2,4,1,0.00,0.01,0.01,0.34,3,False
8,552,90,0,0,1,0,0,0,0,0,0,0,0,15,5.8,1.6,5.0,1.2,3,5,0,8,1,0.03,0.01,0.04,0.73,3,False
8,553,27,0,1,0,0,0,0,0,0,0,0,0,13,1.2,0.1,0.0,0.1,0,1,0,1,0,0.00,0.00,0.00,0.59,4,False
8,554,0,0,0,0,0,0,0,0,0,0,0,0,0,0.0,0.0,0.0,0.0,0,0,0,0,0,0.00,0.00,0.00,0.00,0,False
8,555,0,0,0,0,0,0,0,0,0,0,0,0,0,0.0,0.0,0.0,0.0,0,0,0,0,0,0.00,0.00,0.00,0.00,0,False
8,556,0,0,0,0,0,0,0,0,0,0,0,0,0,0.0,0.0,0.0,0.0,0,0,0,0,0,0.00,0.00,0.00,0.00,0,False
8,557,0,0,0,0,0,0,0,0,0,0,0,0,0,0.0,0.0,0.0,0.0,0,0,0,0,0,0.00,0.00,0.00,0.00,0,False
8,558,0,0,0,0,0,0,0,0,0,0,0,0,0,0.0,0.0,0.0,0.0,0,0,0,0,0,0.00,0.00,0.00,0.00,0,False
8,559,0,0,0,0,0,0,0,0,0,0,0,0,0,0.0,0.0,0.0,0.0,0,0,0,0,0,0.00,0.00,0.00,0.00,0,False
8,560,75,0,0,1,0,0,0,0,0,0,0,0,5,0.0,1.2,6.0,0.6,0,1,1,2,1,0.04,0.00,0.04,0.34,2,False
8,561,14,0,0,0,0,0,0,0,0,0,0,0,2,0.2,0.0,2.0,0.2,0,1,0,1,0,0.00,0.00,0.00,0.48,1,False
8,562,0,0,0,0,0,0,0,0,0,0,0,0,0,0.0,0.0,0.0,0.0,0,0,0,0,0,0.00,0.00,0.00,0.00,0,False
8,563,0,0,0,0,0,0,0,0,0,0,0,0,0,0.0,0.0,0.0,0.0,0,0,0,0,0,0.00,0.00,0.00,0.00,0,False
8,564,0,0,0,0,0,0,0,0,0,0,0,0,0,0.0,0.0,0.0,0.0,0,0,0,0,0,0.00,0.00,0.00,0.00,0,False
8,565,90,0,0,0,2,0,0,0,0,0,0,0,1,5.0,0.0,0.0,0.5,2,7,0,0,1,0.00,0.00,0.00,0.32,1,False
8,566,0,0,0,0,0,0,0,0,0,0,0,0,0,0.0,0.0,0.0,0.0,0,0,0,0,0,0.00,0.00,0.00,0.00,0,False
8,567,0,0,0,0,0,0,0,0,0,0,0,0,0,0.0,0.0,0.0,0.0,0,0,0,0,0,0.00,0.00,0.00,0.00,0,False
8,568,90,0,0,0,2,0,0,0,0,0,0,0,10,14.6,24.1,2.0,4.1,2,6,1,3,1,0.00,0.02,0.02,0.32,1,False
8,569,0,0,0,0,0,0,0,0,0,0,0,0,0,0.0,0.0,0.0,0.0,0,0,0,0,0,0.00,0.00,0.00,0.00,0,False
8,570,90,0,0,0,2,0,0,0,1,0,0,0,7,18.8,1.8,0.0,2.1,9,3,0,9,1,0.00,0.02,0.02,0.32,0,False
8,571,0,0,0,0,0,0,0,0,0,0,0,0,0,0.0,0.0,0.0,0.0,0,0,0,0,0,0.00,0.00,0.00,0.00,0,False
8,572,0,0,0,0,0,0,0,0,0,0,0,0,0,0.0,0.0,0.0,0.0,0,0,0,0,0,0.00,0.00,0.00,0.00,0,False
8,573,85,0,0,0,2,0,0,0,0,0,0,0,-1,10.0,2.8,2.0,1.5,3,2,2,5,1,0.00,0.02,0.02,0.19,1,False
8,574,0,0,0,0,0,0,0,0,0,0,0,0,0,0.0,0.0,0.0,0.0,0,0,0,0,0,0.00,0.00,0.00,0.00,0,False
8,575,90,0,0,0,2,0,0,0,1,0,0,0,3,11.0,1.3,4.0,1.6,4,5,0,4,1,0.10,0.01,0.11,0.32,0,False
8,576,0,0,0,0,0,0,0,0,0,0,0,0,0,0.0,0.0,0.0,0.0,0,0,0,0,0,0.00,0.00,0.00,0.00,0,False
8,577,0,0,0,0,0,0,0,0,0,0,0,0,0,0.0,0.0,0.0,0.0,0,0,0,0,0,0.00,0.00,0.00,0.00,0,False
8,578,0,0,0,0,0,0,0,0,0,0,0,0,0,0.0,0.0,0.0,0.0,0,0,0,0,0,0.00,0.00,0.00,0.00,0,False
8,579,0,0,0,0,0,0,0,0,0,0,0,0,0,0.0,0.0,0.0,0.0,0,0,0,0,0,0.00,0.00,0.00,0.00,0,False
8,580,4,0,0,0,0,0,0,0,0,0,0,0,2,0.0,0.1,4.0,0.4,1,0,0,1,0,0.06,0.00,0.06,0.12,1,False
8,581,0,0,0,0,0,0,0,0,0,0,0,0,0,0.0,0.0,0.0,0.0,0,0,0,0,0,0.00,0.00,0.00,0.00,0,False
8,582,90,0,0,0,2,0,0,0,0,0,0,0,6,11.2,40.1,8.0,5.9,1,6,2,9,1,0.00,0.07,0.07,0.32,2,False
8,583,0,0,0,0,0,0,0,0,0,0,0,0,0,0.0,0.0,0.0,0.0,0,0,0,0,0,0.00,0.00,0.00,0.00,0,False
8,584,59,0,0,0,1,0,0,0,0,0,0,0,-2,0.0,0.8,8.0,0.8,0,4,1,5,1,0.00,0.01,0.01,0.12,1,False
8,585,85,1,0,0,2,0,0,0,0,0,0,3,36,55.2,12.6,19.0,8.7,6,3,3,12,1,0.12,0.01,0.13,0.19,12,True
8,586,11,0,0,0,0,0,0,0,0,0,0,0,3,4.2,1.4,0.0,0.6,1,0,2,3,0,0.00,0.00,0.00,0.12,1,False
8,587,0,0,0,0,0,0,0,0,0,0,0,0,0,0.0,0.0,0.0,0.0,0,0,0,0,0,0.00,0.00,0.00,0.00,0,False
8,588,78,0,0,0,2,0,0,0,0,0,0,0,7,8.0,16.5,41.0,6.6,1,3,0,4,1,0.26,0.16,0.42,0.19,2,False
8,589,0,0,0,0,0,0,0,0,0,0,0,0,0,0.0,0.0,0.0,0.0,0,0,0,0,0,0.00,0.00,0.00,0.00,0,False
8,590,0,0,0,0,0,0,0,0,0,0,0,0,0,0.0,0.0,0.0,0.0,0,0,0,0,0,0.00,0.00,0.00,0.00,0,False
8,591,0,0,0,0,0,0,0,0,0,0,0,0,0,0.0,0.0,0.0,0.0,0,0,0,0,0,0.00,0.00,0.00,0.00,0,False
8,592,0,0,0,0,0,0,0,0,0,0,0,0,0,0.0,0.0,0.0,0.0,0,0,0,0,0,0.00,0.00,0.00,0.00,0,False
8,593,4,0,0,0,0,0,0,0,0,0,0,0,1,0.0,0.0,0.0,0.0,0,1,0,1,0,0.00,0.00,0.00,0.12,1,False
8,594,0,0,0,0,0,0,0,0,0,0,0,0,0,0.0,0.0,0.0,0.0,0,0,0,0,0,0.00,0.00,0.00,0.00,0,False
8,595,0,0,0,0,0,0,0,0,0,0,0,0,0,0.0,0.0,0.0,0.0,0,0,0,0,0,0.00,0.00,0.00,0.00,0,False
8,596,0,0,0,0,0,0,0,0,0,0,0,0,0,0.0,0.0,0.0,0.0,0,0,0,0,0,0.00,0.00,0.00,0.00,0,False
8,597,30,0,0,0,1,0,0,0,0,0,0,0,4,4.2,10.6,4.0,1.9,1,1,0,2,0,0.00,0.11,0.11,0.19,1,False
8,598,0,0,0,0,0,0,0,0,0,0,0,0,0,0.0,0.0,0.0,0.0,0,0,0,0,0,0.00,0.00,0.00,0.00,0,False
8,599,0,0,0,0,0,0,0,0,0,0,0,0,0,0.0,0.0,0.0,0.0,0,0,0,0,0,0.00,0.00,0.00,0.00,0,False
8,600,90,0,0,0,2,0,0,0,0,0,4,0,14,34.6,0.0,0.0,3.5,0,12,0,0,1,0.00,0.00,0.00,2.31,2,False
8,601,0,0,0,0,0,0,0,0,0,0,0,0,0,0.0,0.0,0.0,0.0,0,0,0,0,0,0.00,0.00,0.00,0.00,0,False
8,602,0,0,0,0,0,0,0,0,0,0,0,0,0,0.0,0.0,0.0,0.0,0,0,0,0,0,0.00,0.00,0.00,0.00,0,False
8,603,45,0,0,0,1,0,0,0,0,0,0,0,1,6.6,1.8,0.0,0.8,2,0,2,4,0,0.00,0.01,0.01,0.84,1,False
8,604,0,0,0,0,0,0,0,0,0,0,0,0,0,0.0,0.0,0.0,0.0,0,0,0,0,0,0.00,0.00,0.00,0.00,0,False
8,605,90,0,0,0,2,0,0,0,0,0,0,0,9,34.0,0.7,0.0,3.5,14,2,0,14,1,0.00,0.00,0.00,2.31,3,False
8,606,45,0,0,0,1,0,0,0,0,0,0,0,2,10.8,0.0,0.0,1.1,4,4,0,4,0,0.00,0.00,0.00,0.50,1,False
8,607,0,0,0,0,0,0,0,0,0,0,0,0,0,0.0,0.0,0.0,0.0,0,0,0,0,0,0.00,0.00,0.00,0.00,0,False
8,608,45,0,0,0,1,0,0,0,0,0,0,0,4,8.0,1.0,0.0,0.9,4,0,1,5,1,0.00,0.01,0.01,1.46,1,False
8,609,90,0,0,0,2,0,0,0,0,0,0,0,11,18.4,0.7,2.0,2.1,5,4,3,8,1,0.00,0.00,0.00,2.31,1,False
8,610,45,0,0,0,1,0,0,0,0,0,0,0,3,7.6,5.6,2.0,1.5,2,2,2,4,0,0.00,0.01,0.01,0.84,1,False
8,611,0,0,0,0,0,0,0,0,0,0,0,0,0,0.0,0.0,0.0,0.0,0,0,0,0,0,0.00,0.00,0.00,0.00,0,False
8,612,90,0,0,0,2,0,0,0,0,0,0,0,6,8.0,6.6,3.0,1.8,3,4,2,9,1,0.04,0.08,0.12,2.31,2,False
8,613,70,0,0,0,1,0,0,0,0,0,0,0,11,15.2,10.9,5.0,3.1,7,2,1,10,1,0.11,0.01,0.12,1.93,2,False
8,614,0,0,0,0,0,0,0,0,0,0,0,0,0,0.0,0.0,0.0,0.0,0,0,0,0,0,0.00,0.00,0.00,0.00,0,False
8,615,90,0,0,0,2,0,0,0,1,0,0,0,6,2.4,13.3,11.0,2.7,0,3,1,4,1,0.06,0.04,0.10,2.31,1,False
8,616,0,0,0,0,0,0,0,0,0,0,0,0,0,0.0,0.0,0.0,0.0,0,0,0,0,0,0.00,0.00,0.00,0.00,0,False
8,617,0,0,0,0,0,0,0,0,0,0,0,0,0,0.0,0.0,0.0,0.0,0,0,0,0,0,0.00,0.00,0.00,0.00,0,False
8,618,19,0,0,0,1,0,0,0,0,0,0,0,3,1.2,0.2,0.0,0.1,1,0,0,1,0,0.00,0.00,0.00,0.37,1,False
8,619,0,0,0,0,0,0,0,0,0,0,0,0,0,0.0,0.0,0.0,0.0,0,0,0,0,0,0.00,0.00,0.00,0.00,0,False
8,620,0,0,0,0,0,0,0,0,0,0,0,0,0,0.0,0.0,0.0,0.0,0,0,0,0,0,0.00,0.00,0.00,0.00,0,False
8,621,60,0,0,0,1,0,0,0,0,0,0,0,15,10.6,16.8,2.0,2.9,0,7,2,9,1,0.00,0.02,0.02,1.71,2,False
8,622,0,0,0,0,0,0,0,0,0,0,0,0,0,0.0,0.0,0.0,0.0,0,0,0,0,0,0.00,0.00,0.00,0.00,0,False
8,623,0,0,0,0,0,0,0,0,0,0,0,0,0,0.0,0.0,0.0,0.0,0,0,0,0,0,0.00,0.00,0.00,0.00,0,False
8,624,90,0,0,0,2,0,0,0,0,0,0,0,19,14.0,15.3,19.0,4.8,3,3,1,7,1,0.08,0.01,0.09,2.31,2,False
8,625,0,0,0,0,0,0,0,0,0,0,0,0,0,0.0,0.0,0.0,0.0,0,0,0,0,0,0.00,0.00,0.00,0.00,0,False
8,626,29,0,0,0,1,0,0,0,0,0,0,0,2,0.0,0.1,0.0,0.0,0,0,0,0,0,0.00,0.00,0.00,0.59,1,False
8,627,90,0,0,0,2,0,0,0,0,0,1,0,3,12.8,0.1,0.0,1.3,1,7,0,0,1,0.00,0.01,0.01,0.65,1,False
8,628,0,0,0,0,0,0,0,0,0,0,0,0,0,0.0,0.0,0.0,0.0,0,0,0,0,0,0.00,0.00,0.00,0.00,0,False
8,629,0,0,0,0,0,0,0,0,0,0,0,0,0,0.0,0.0,0.0,0.0,0,0,0,0,0,0.00,0.00,0.00,0.00,0,False
8,630,0,0,0,0,0,0,0,0,0,0,0,0,0,0.0,0.0,0.0,0.0,0,0,0,0,0,0.00,0.00,0.00,0.00,0,False
8,631,0,0,0,0,0,0,0,0,0,0,0,0,0,0.0,0.0,0.0,0.0,0,0,0,0,0,0.00,0.00,0.00,0.00,0,False
8,632,66,0,0,0,1,0,0,0,0,0,0,0,13,19.2,12.7,0.0,3.2,8,2,1,9,1,0.00,0.01,0.01,0.65,2,False
8,633,90,0,0,0,2,0,0,0,0,0,0,0,9,20.8,38.0,4.0,6.3,3,3,1,4,1,0.00,0.30,0.30,0.65,1,False
8,634,0,0,0,0,0,0,0,0,0,0,0,0,0,0.0,0.0,0.0,0.0,0,0,0,0,0,0.00,0.00,0.00,0.00,0,False
8,635,76,0,0,0,1,0,0,0,0,0,0,0,1,1.4,4.1,10.0,1.6,2,3,0,2,1,0.06,0.05,0.11,0.65,2,False
8,636,90,0,0,0,2,0,0,0,0,0,0,0,9,21.4,12.3,8.0,4.2,4,0,4,8,1,0.00,0.36,0.36,0.65,1,False
8,637,0,0,0,0,0,0,0,0,0,0,0,0,0,0.0,0.0,0.0,0.0,0,0,0,0,0,0.00,0.00,0.00,0.00,0,False
8,638,23,0,0,0,1,0,0,0,0,0,0,0,3,10.0,4.6,7.0,2.2,3,2,0,3,0,0.02,0.01,0.03,0.00,1,False
8,639,0,0,0,0,0,0,0,0,0,0,0,0,0,0.0,0.0,0.0,0.0,0,0,0,0,0,0.00,0.00,0.00,0.00,0,False
8,640,0,0,0,0,0,0,0,0,0,0,0,0,0,0.0,0.0,0.0,0.0,0,0,0,0,0,0.00,0.00,0.00,0.00,0,False
8,641,0,0,0,0,0,0,0,0,0,0,0,0,0,0.0,0.0,0.0,0.0,0,0,0,0,0,0.00,0.00,0.00,0.00,0,False
8,642,0,0,0,0,0,0,0,0,0,0,0,0,0,0.0,0.0,0.0,0.0,0,0,0,0,0,0.00,0.00,0.00,0.00,0,False
8,643,90,0,0,0,2,0,0,0,0,0,0,0,16,18.0,6.2,1.0,2.5,5,8,1,14,1,0.02,0.02,0.04,0.65,4,False
8,644,0,0,0,0,0,0,0,0,0,0,0,0,0,0.0,0.0,0.0,0.0,0,0,0,0,0,0.00,0.00,0.00,0.00,0,False
8,645,14,0,0,0,1,0,0,0,0,0,0,0,1,0.0,1.3,7.0,0.8,0,0,0,0,0,0.03,0.02,0.05,0.00,1,False
8,646,75,0,0,0,1,0,0,0,0,0,0,0,18,14.2,22.7,9.0,4.6,5,2,3,10,1,0.10,0.12,0.22,0.65,2,False
8,647,0,0,0,0,0,0,0,0,0,0,0,0,0,0.0,0.0,0.0,0.0,0,0,0,0,0,0.00,0.00,0.00,0.00,0,False
8,648,90,0,0,0,2,0,0,0,0,0,0,0,14,18.6,15.1,30.0,6.4,7,2,3,12,1,0.13,0.18,0.31,0.65,4,False
8,649,0,0,0,0,0,0,0,0,0,0,0,0,0,0.0,0.0,0.0,0.0,0,0,0,0,0,0.00,0.00,0.00,0.00,0,False
8,650,0,0,0,0,0,0,0,0,0,0,0,0,0,0.0,0.0,0.0,0.0,0,0,0,0,0,0.00,0.00,0.00,0.00,0,False
8,651,0,0,0,0,0,0,0,0,0,0,0,0,0,0.0,0.0,0.0,0.0,0,0,0,0,0,0.00,0.00,0.00,0.00,0,False
8,652,0,0,0,0,0,0,0,0,0,0,0,0,0,0.0,0.0,0.0,0.0,0,0,0,0,0,0.00,0.00,0.00,0.00,0,False
8,653,0,0,0,0,0,0,0,0,0,0,0,0,0,0.0,0.0,0.0,0.0,0,0,0,0,0,0.00,0.00,0.00,0.00,0,False
8,654,90,0,0,0,2,0,0,0,0,0,0,0,5,3.6,22.1,10.0,3.6,1,1,0,2,1,0.04,0.07,0.11,0.65,2,False
8,655,0,0,0,0,0,0,0,0,0,0,0,0,0,0.0,0.0,0.0,0.0,0,0,0,0,0,0.00,0.00,0.00,0.00,0,False
8,656,0,0,0,0,0,0,0,0,0,0,0,0,0,0.0,0.0,0.0,0.0,0,0,0,0,0,0.00,0.00,0.00,0.00,0,False
8,657,0,0,0,0,0,0,0,0,0,0,0,0,0,0.0,0.0,0.0,0.0,0,0,0,0,0,0.00,0.00,0.00,0.00,0,False
8,658,0,0,0,0,0,0,0,0,0,0,0,0,0,0.0,0.0,0.0,0.0,0,0,0,0,0,0.00,0.00,0.00,0.00,0,False
8,659,45,0,0,0,1,0,0,0,0,0,0,0,0,4.0,0.8,0.0,0.5,4,1,0,4,1,0.00,0.00,0.00,1.46,1,False
8,660,72,0,0,0,2,0,0,0,0,0,0,0,9,2.6,5.8,11.0,1.9,1,2,0,3,1,0.15,0.04,0.19,0.45,2,False
8,661,28,0,0,0,1,0,0,0,0,0,0,0,-1,0.0,1.9,11.0,0.9,0,0,0,0,0,0.07,0.00,0.07,0.64,1,False
8,662,0,0,0,0,0,0,0,0,0,0,0,0,0,0.0,0.0,0.0,0.0,0,0,0,0,0,0.00,0.00,0.00,0.00,0,False
8,663,76,0,0,0,1,0,0,0,0,0,0,0,17,9.8,15.9,8.0,3.4,2,5,2,9,1,0.04,0.04,0.08,0.65,2,False
8,664,0,0,0,0,0,0,0,0,0,0,0,0,0,0.0,0.0,0.0,0.0,0,0,0,0,0,0.00,0.00,0.00,0.00,0,False
8,665,0,0,0,0,0,0,0,0,0,0,0,0,0,0.0,0.0,0.0,0.0,0,0,0,0,0,0.00,0.00,0.00,0.00,0,False
8,666,90,0,0,1,0,0,0,0,0,0,0,0,11,3.4,0.9,48.0,5.2,0,2,0,2,1,0.40,0.02,0.42,0.44,2,False
8,667,0,0,0,0,0,0,0,0,0,0,0,0,0,0.0,0.0,0.0,0.0,0,0,0,0,0,0.00,0.00,0.00,0.00,0,False
8,668,90,0,0,1,0,0,0,0,0,0,0,0,15,16.2,19.7,2.0,3.8,6,5,1,12,1,0.03,0.06,0.09,0.83,5,False
8,669,0,0,0,0,0,0,0,0,0,0,0,0,0,0.0,0.0,0.0,0.0,0,0,0,0,0,0.00,0.00,0.00,0.00,0,False
8,670,90,0,0,1,0,0,0,0,0,0,3,0,28,23.4,0.0,0.0,2.3,0,6,0,0,1,0.00,0.00,0.00,0.83,7,False
8,671,0,0,0,0,0,0,0,0,0,0,0,0,0,0.0,0.0,0.0,0.0,0,0,0,0,0,0.00,0.00,0.00,0.00,0,False
8,672,0,0,0,0,0,0,0,0,0,0,0,0,0,0.0,0.0,0.0,0.0,0,0,0,0,0,0.00,0.00,0.00,0.00,0,False
8,673,90,0,1,0,2,0,0,0,0,0,0,2,35,43.8,11.8,14.0,7.0,3,3,10,16,1,0.07,0.22,0.29,0.32,9,False
8,674,0,0,0,0,0,0,0,0,0,0,0,0,0,0.0,0.0,0.0,0.0,0,0,0,0,0,0.00,0.00,0.00,0.00,0,False
8,675,0,0,0,0,0,0,0,0,0,0,0,0,0,0.0,0.0,0.0,0.0,0,0,0,0,0,0.00,0.00,0.00,0.00,0,False
8,676,82,1,0,1,0,0,0,0,0,0,0,2,32,43.2,2.2,17.0,6.2,5,1,0,6,1,0.38,0.02,0.40,2.29,10,False
8,677,60,0,0,0,1,0,0,0,0,0,0,0,10,7.4,12.3,0.0,2.0,2,2,2,6,1,0.00,0.01,0.01,0.51,2,False
8,678,0,0,0,0,0,0,0,0,0,0,0,0,0,0.0,0.0,0.0,0.0,0,0,0,0,0,0.00,0.00,0.00,0.00,0,False
8,679,0,0,0,0,0,0,0,0,0,0,0,0,0,0.0,0.0,0.0,0.0,0,0,0,0,0,0.00,0.00,0.00,0.00,0,False
8,680,0,0,0,0,0,0,0,0,0,0,0,0,0,0.0,0.0,0.0,0.0,0,0,0,0,0,0.00,0.00,0.00,0.00,0,False
8,681,29,0,0,0,1,0,0,0,0,0,0,0,4,9.6,12.8,4.0,2.6,3,3,0,6,0,0.01,0.02,0.03,1.74,1,False
8,682,0,0,0,0,0,0,0,0,0,0,0,0,0,0.0,0.0,0.0,0.0,0,0,0,0,0,0.00,0.00,0.00,0.00,0,False
8,683,90,0,0,1,0,0,0,0,0,0,0,0,20,17.6,11.0,0.0,2.9,7,1,1,8,1,0.00,0.01,0.01,0.83,6,False
8,684,90,0,0,0,2,0,0,0,0,0,0,0,6,14.2,1.5,4.0,2.0,5,5,1,6,1,0.05,0.01,0.06,0.91,1,False
8,685,90,0,0,0,3,0,0,0,0,0,0,0,-1,17.2,10.5,2.0,3.0,10,4,0,10,1,0.00,0.00,0.00,4.44,3,False
8,686,0,0,0,0,0,0,0,0,0,0,0,0,0,0.0,0.0,0.0,0.0,0,0,0,0,0,0.00,0.00,0.00,0.00,0,False
8,687,0,0,0,0,0,0,0,0,0,0,0,0,0,0.0,0.0,0.0,0.0,0,0,0,0,0,0.00,0.00,0.00,0.00,0,False
8,688,0,0,0,0,0,0,0,0,0,0,0,0,0,0.0,0.0,0.0,0.0,0,0,0,0,0,0.00,0.00,0.00,0.00,0,False
8,689,0,0,0,0,0,0,0,0,0,0,0,0,0,0.0,0.0,0.0,0.0,0,0,0,0,0,0.00,0.00,0.00,0.00,0,False
8,690,0,0,0,0,0,0,0,0,0,0,0,0,0,0.0,0.0,0.0,0.0,0,0,0,0,0,0.00,0.00,0.00,0.00,0,False
8,691,90,0,0,0,2,0,0,0,0,0,0,0,5,0.0,11.3,21.0,2.8,1,2,0,3,1,0.33,0.01,0.34,0.45,2,False
8,692,0,0,0,0,0,0,0,0,0,0,0,0,0,0.0,0.0,0.0,0.0,0,0,0,0,0,0.00,0.00,0.00,0.00,0,False
8,693,0,0,0,0,0,0,0,0,0,0,0,0,0,0.0,0.0,0.0,0.0,0,0,0,0,0,0.00,0.00,0.00,0.00,0,False
8,694,90,1,0,1,0,0,0,0,0,0,0,3,47,56.2,2.2,22.0,8.0,9,7,3,12,1,0.24,0.06,0.30,0.83,17,True
8,695,13,0,0,0,1,0,0,0,0,0,0,0,-1,0.2,12.3,4.0,1.7,0,2,0,0,0,0.26,0.00,0.26,0.00,1,False
8,696,0,0,0,0,0,0,0,0,0,0,0,0,0,0.0,0.0,0.0,0.0,0,0,0,0,0,0.00,0.00,0.00,0.00,0,False
8,697,15,0,0,0,1,0,0,0,0,0,0,0,2,4.0,0.1,2.0,0.6,1,1,1,3,0,0.00,0.00,0.00,1.95,1,False
8,698,0,0,0,0,0,0,0,0,0,0,0,0,0,0.0,0.0,0.0,0.0,0,0,0,0,0,0.00,0.00,0.00,0.00,0,False
8,699,52,0,0,0,2,0,0,0,0,0,0,0,5,2.0,12.2,2.0,1.6,0,1,0,1,1,0.00,0.22,0.22,1.00,1,False
8,700,0,0,0,0,0,0,0,0,0,0,0,0,0,0.0,0.0,0.0,0.0,0,0,0,0,0,0.00,0.00,0.00,0.00,0,False
8,701,0,0,0,0,0,0,0,0,0,0,0,0,0,0.0,0.0,0.0,0.0,0,0,0,0,0,0.00,0.00,0.00,0.00,0,False
8,702,0,0,0,0,0,0,0,0,0,0,0,0,0,0.0,0.0,0.0,0.0,0,0,0,0,0,0.00,0.00,0.00,0.00,0,False
8,703,0,0,0,0,0,0,0,0,0,0,0,0,0,0.0,0.0,0.0,0.0,0,0,0,0,0,0.00,0.00,0.00,0.00,0,False
8,704,0,0,0,0,0,0,0,0,0,0,0,0,0,0.0,0.0,0.0,0.0,0,0,0,0,0,0.00,0.00,0.00,0.00,0,False
8,705,0,0,0,0,0,0,0,0,0,0,0,0,0,0.0,0.0,0.0,0.0,0,0,0,0,0,0.00,0.00,0.00,0.00,0,False
8,706,0,0,0,0,0,0,0,0,0,0,0,0,0,0.0,0.0,0.0,0.0,0,0,0,0,0,0.00,0.00,0.00,0.00,0,False
8,707,4,0,0,0,0,0,0,0,1,0,0,0,-1,0.0,0.0,0.0,0.0,0,1,0,1,0,0.00,0.00,0.00,0.86,0,False
8,708,45,0,0,0,1,0,0,0,0,0,0,0,5,9.0,2.3,2.0,1.3,2,2,1,5,1,0.05,0.01,0.06,1.46,1,False
8,709,90,0,0,0,2,1,0,0,0,0,0,0,7,26.8,18.2,25.0,7.0,9,3,0,9,1,0.02,0.07,0.09,0.65,-1,False
8,710,0,0,0,0,0,0,0,0,0,0,0,0,0,0.0,0.0,0.0,0.0,0,0,0,0,0,0.00,0.00,0.00,0.00,0,False
8,711,0,0,0,0,0,0,0,0,0,0,0,0,0,0.0,0.0,0.0,0.0,0,0,0,0,0,0.00,0.00,0.00,0.00,0,False
8,712,63,0,0,0,2,0,0,0,1,0,0,0,8,1.8,16.0,7.0,2.5,0,2,1,3,1,0.01,0.19,0.20,1.38,1,False
8,713,74,0,0,0,2,0,0,0,0,0,0,0,3,10.0,4.8,2.0,1.7,4,1,0,4,1,0.00,0.05,0.05,2.49,1,False
8,714,90,1,0,0,2,0,0,0,0,0,0,2,29,35.0,2.5,37.0,7.5,2,2,1,5,1,0.71,0.07,0.78,0.91,8,False
8,715,0,0,0,0,0,0,0,0,0,0,0,0,0,0.0,0.0,0.0,0.0,0,0,0,0,0,0.00,0.00,0.00,0.00,0,False
8,716,16,0,0,0,1,0,0,0,0,0,0,0,0,4.2,1.2,0.0,0.5,0,1,1,1,0,0.00,0.01,0.01,0.27,1,False
8,717,78,0,0,0,2,0,0,0,0,0,0,0,10,11.8,14.3,0.0,2.6,3,3,4,10,1,0.00,0.03,0.03,0.19,2,False
8,718,0,0,0,0,0,0,0,0,0,0,0,0,0,0.0,0.0,0.0,0.0,0,0,0,0,0,0.00,0.00,0.00,0.00,0,False
8,719,0,0,0,0,0,0,0,0,0,0,0,0,0,0.0,0.0,0.0,0.0,0,0,0,0,0,0.00,0.00,0.00,0.00,0,False
8,720,14,0,0,0,1,0,0,0,0,0,0,0,-1,0.0,1.2,14.0,1.3,1,0,0,1,0,0.12,0.00,0.12,0.00,1,False
8,721,0,0,0,0,0,0,0,0,0,0,0,0,0,0.0,0.0,0.0,0.0,0,0,0,0,0,0.00,0.00,0.00,0.00,0,False
8,722,90,0,1,1,0,0,0,0,0,0,0,0,21,37.8,13.7,1.0,5.3,8,5,3,16,1,0.02,0.00,0.02,2.63,8,False
8,723,0,0,0,0,0,0,0,0,0,0,0,0,0,0.0,0.0,0.0,0.0,0,0,0,0,0,0.00,0.00,0.00,0.00,0,False
8,724,14,0,0,0,0,0,0,0,0,0,0,0,5,3.2,0.3,0.0,0.4,1,1,1,2,0,0.00,0.00,0.00,0.48,1,False
8,725,0,0,0,0,0,0,0,0,0,0,0,0,0,0.0,0.0,0.0,0.0,0,0,0,0,0,0.00,0.00,0.00,0.00,0,False
8,726,11,0,0,0,0,0,0,0,0,0,0,0,0,0.0,0.0,4.0,0.1,0,0,0,0,0,0.13,0.00,0.13,0.12,1,False
8,727,0,0,0,0,0,0,0,0,0,0,0,0,0,0.0,0.0,0.0,0.0,0,0,0,0,0,0.00,0.00,0.00,0.00,0,False
8,728,20,0,0,0,0,0,0,0,0,0,0,0,4,2.4,1.7,6.0,1.0,1,3,1,5,0,0.03,0.00,0.03,1.09,1,False
8,729,0,0,0,0,0,0,0,0,0,0,0,0,0,0.0,0.0,0.0,0.0,0,0,0,0,0,0.00,0.00,0.00,0.00,0,False
8,730,0,0,0,0,0,0,0,0,0,0,0,0,0,0.0,0.0,0.0,0.0,0,0,0,0,0,0.00,0.00,0.00,0.00,0,False
8,731,27,0,0,0,0,0,0,0,0,0,0,0,9,11.4,14.7,0.0,2.6,1,1,3,5,0,0.00,0.02,0.02,0.73,1,False
8,732,0,0,0,0,0,0,0,0,0,0,0,0,0,0.0,0.0,0.0,0.0,0,0,0,0,0,0.00,0.00,0.00,0.00,0,False
8,733,90,0,0,0,1,0,0,0,0,0,5,0,19,37.8,0.0,0.0,3.8,1,11,0,0,1,0.00,0.00,0.00,2.75,3,False
8,734,0,0,0,0,0,0,0,0,0,0,0,0,0,0.0,0.0,0.0,0.0,0,0,0,0,0,0.00,0.00,0.00,0.00,0,False
8,735,62,0,0,1,0,0,0,0,0,0,0,0,7,2.0,0.7,0.0,0.3,1,3,0,4,1,0.00,0.00,0.00,0.24,3,False
8,736,90,0,0,1,0,0,0,0,0,0,1,0,27,12.6,0.0,0.0,1.3,2,4,0,0,1,0.00,0.00,0.00,0.81,6,False
8,737,0,0,0,0,0,0,0,0,0,0,0,0,0,0.0,0.0,0.0,0.0,0,0,0,0,0,0.00,0.00,0.00,0.00,0,False
8,738,0,0,0,0,0,0,0,0,0,0,0,0,0,0.0,0.0,0.0,0.0,0,0,0,0,0,0.00,0.00,0.00,0.00,0,False
8,739,0,0,0,0,0,0,0,0,0,0,0,0,0,0.0,0.0,0.0,0.0,0,0,0,0,0,0.00,0.00,0.00,0.00,0,False
8,740,0,0,0,0,0,0,0,0,0,0,0,0,0,0.0,0.0,0.0,0.0,0,0,0,0,0,0.00,0.00,0.00,0.00,0,False
8,741,0,0,0,0,0,0,0,0,0,0,0,0,0,0.0,0.0,0.0,0.0,0,0,0,0,0,0.00,0.00,0.00,0.00,0,False
8,742,0,0,0,0,0,0,0,0,0,0,0,0,0,0.0,0.0,0.0,0.0,0,0,0,0,0,0.00,0.00,0.00,0.00,0,False
8,743,0,0,0,0,0,0,0,0,0,0,0,0,0,0.0,0.0,0.0,0.0,0,0,0,0,0,0.00,0.00,0.00,0.00,0,False
8,744,0,0,0,0,0,0,0,0,0,0,0,0,0,0.0,0.0,0.0,0.0,0,0,0,0,0,0.00,0.00,0.00,0.00,0,False
8,745,0,0,0,0,0,0,0,0,0,0,0,0,0,0.0,0.0,0.0,0.0,0,0,0,0,0,0.00,0.00,0.00,0.00,0,False
9,1,90,0,0,1,0,0,0,0,0,0,1,0,25,15.0,0.1,0.0,1.5,2,10,0,0,1,0.00,0.00,0.00,0.47,6,False
9,2,0,0,0,0,0,0,0,0,0,0,0,0,0,0.0,0.0,0.0,0.0,0,0,0,0,0,0.00,0.00,0.00,0.00,0,False
9,3,0,0,0,0,0,0,0,0,0,0,0,0,0,0.0,0.0,0.0,0.0,0,0,0,0,0,0.00,0.00,0.00,0.00,0,False
9,4,0,0,0,0,0,0,0,0,0,0,0,0,0,0.0,0.0,0.0,0.0,0,0,0,0,0,0.00,0.00,0.00,0.00,0,False
9,5,90,0,0,1,0,0,0,0,0,0,0,3,32,27.2,11.2,9.0,4.7,9,0,0,9,1,0.10,0.03,0.13,0.47,9,False
9,6,45,0,0,0,0,0,0,0,0,0,0,0,10,7.4,1.5,0.0,0.9,1,1,0,1,1,0.00,0.02,0.02,0.08,1,False
9,7,81,0,0,1,0,0,0,0,0,0,0,0,26,4.6,3.8,2.0,1.0,1,6,0,1,1,0.07,0.02,0.09,0.46,6,False
9,8,90,0,0,1,0,0,0,0,0,0,0,0,25,11.8,16.7,2.0,3.1,2,4,2,4,1,0.00,0.04,0.04,0.47,6,False
9,9,0,0,0,0,0,0,0,0,0,0,0,0,0,0.0,0.0,0.0,0.0,0,0,0,0,0,0.00,0.00,0.00,0.00,0,False
9,10,2,0,0,0,0,0,0,0,0,0,0,0,3,0.2,0.3,0.0,0.1,0,1,0,0,0,0.00,0.00,0.00,0.01,1,False
9,11,0,0,0,0,0,0,0,0,0,0,0,0,0,0.0,0.0,0.0,0.0,0,0,0,0,0,0.00,0.00,0.00,0.00,0,False
9,12,0,0,0,0,0,0,0,0,0,0,0,0,0,0.0,0.0,0.0,0.0,0,0,0,0,0,0.00,0.00,0.00,0.00,0,False
9,13,0,0,0,0,0,0,0,0,0,0,0,0,0,0.0,0.0,0.0,0.0,0,0,0,0,0,0.00,0.00,0.00,0.00,0,False
9,14,0,0,0,0,0,0,0,0,0,0,0,0,0,0.0,0.0,0.0,0.0,0,0,0,0,0,0.00,0.00,0.00,0.00,0,False
9,15,0,0,0,0,0,0,0,0,0,0,0,0,0,0.0,0.0,0.0,0.0,0,0,0,0,0,0.00,0.00,0.00,0.00,0,False
9,16,65,0,0,1,0,0,0,0,0,0,0,0,8,2.2,1.9,3.0,0.7,0,5,2,7,1,0.02,0.01,0.03,0.08,3,False
9,17,0,0,0,0,0,0,0,0,0,0,0,0,0,0.0,0.0,0.0,0.0,0,0,0,0,0,0.00,0.00,0.00,0.00,0,False
9,18,0,0,0,0,0,0,0,0,0,0,0,0,0,0.0,0.0,0.0,0.0,0,0,0,0,0,0.00,0.00,0.00,0.00,0,False
9,19,24,0,0,0,0,0,0,0,0,0,0,0,2,1.0,0.3,2.0,0.3,1,0,0,1,0,0.00,0.00,0.00,0.39,1,False
9,20,90,0,0,1,0,0,0,0,0,0,0,0,4,4.8,7.7,33.0,4.6,1,6,0,7,1,0.34,0.05,0.39,0.47,3,False
9,21,81,0,1,1,0,0,0,0,0,0,0,1,27,21.2,40.8,29.0,9.1,3,3,3,9,1,0.37,0.61,0.98,0.46,7,False
9,22,8,0,0,0,0,0,0,0,0,0,0,0,4,4.0,0.3,0.0,0.4,2,0,0,2,0,0.00,0.00,0.00,0.01,1,False
9,23,0,0,0,0,0,0,0,0,0,0,0,0,0,0.0,0.0,0.0,0.0,0,0,0,0,0,0.00,0.00,0.00,0.00,0,False
9,24,0,0,0,0,0,0,0,0,0,0,0,0,0,0.0,0.0,0.0,0.0,0,0,0,0,0,0.00,0.00,0.00,0.00,0,False
9,25,0,0,0,0,0,0,0,0,0,0,0,0,0,0.0,0.0,0.0,0.0,0,0,0,0,0,0.00,0.00,0.00,0.00,0,False
9,26,90,0,0,1,0,0,0,0,0,0,0,0,15,18.2,15.5,0.0,3.4,9,4,2,15,1,0.00,0.03,0.03,0.47,5,False
9,27,0,0,0,0,0,0,0,0,0,0,0,0,0,0.0,0.0,0.0,0.0,0,0,0,0,0,0.00,0.00,0.00,0.00,0,False
9,28,0,0,0,0,0,0,0,0,0,0,0,0,0,0.0,0.0,0.0,0.0,0,0,0,0,0,0.00,0.00,0.00,0.00,0,False
9,29,0,0,0,0,0,0,0,0,0,0,0,0,0,0.0,0.0,0.0,0.0,0,0,0,0,0,0.00,0.00,0.00,0.00,0,False
9,30,0,0,0,0,0,0,0,0,0,0,0,0,0,0.0,0.0,0.0,0.0,0,0,0,0,0,0.00,0.00,0.00,0.00,0,False
9,31,0,0,0,0,0,0,0,0,0,0,0,0,0,0.0,0.0,0.0,0.0,0,0,0,0,0,0.00,0.00,0.00,0.00,0,False
9,32,90,0,0,1,0,0,0,0,0,0,3,1,32,27.2,0.0,0.0,2.7,0,16,0,0,1,0.00,0.00,0.00,1.18,8,True
9,33,0,0,0,0,0,0,0,0,0,0,0,0,0,0.0,0.0,0.0,0.0,0,0,0,0,0,0.00,0.00,0.00,0.00,0,False
9,34,0,0,0,0,0,0,0,0,0,0,0,0,0,0.0,0.0,0.0,0.0,0,0,0,0,0,0.00,0.00,0.00,0.00,0,False
9,35,0,0,0,0,0,0,0,0,0,0,0,0,0,0.0,0.0,0.0,0.0,0,0,0,0,0,0.00,0.00,0.00,0.00,0,False
9,36,90,1,0,1,0,0,0,0,0,0,0,3,44,48.0,19.8,7.0,7.5,5,2,2,7,1,0.06,0.07,0.13,1.18,15,True
9,37,85,0,0,1,0,0,0,0,0,0,0,0,28,11.2,16.7,11.0,3.9,1,0,3,4,1,0.06,0.06,0.12,0.98,6,False
9,38,90,0,0,1,0,0,0,0,0,0,0,0,31,30.8,0.5,2.0,3.3,11,4,1,12,1,0.00,0.00,0.00,1.18,8,False
9,39,4,0,0,0,0,0,0,0,0,0,0,0,3,0.0,0.0,0.0,0.0,0,0,0,0,0,0.00,0.00,0.00,0.20,1,False
9,40,0,0,0,0,0,0,0,0,0,0,0,0,0,0.0,0.0,0.0,0.0,0,0,0,0,0,0.00,0.00,0.00,0.00,0,False
9,41,90,0,0,1,0,0,0,0,0,0,0,2,35,20.4,1.3,0.0,2.2,6,1,0,6,1,0.00,0.01,0.01,1.18,8,False
9,42,0,0,0,0,0,0,0,0,0,0,0,0,0,0.0,0.0,0.0,0.0,0,0,0,0,0,0.00,0.00,0.00,0.00,0,False
9,43,0,0,0,0,0,0,0,0,0,0,0,0,0,0.0,0.0,0.0,0.0,0,0,0,0,0,0.00,0.00,0.00,0.00,0,False
9,44,0,0,0,0,0,0,0,0,0,0,0,0,0,0.0,0.0,0.0,0.0,0,0,0,0,0,0.00,0.00,0.00,0.00,0,False
9,45,0,0,0,0,0,0,0,0,0,0,0,0,0,0.0,0.0,0.0,0.0,0,0,0,0,0,0.00,0.00,0.00,0.00,0,False
9,46,0,0,0,0,0,0,0,0,0,0,0,0,0,0.0,0.0,0.0,0.0,0,0,0,0,0,0.00,0.00,0.00,0.00,0,False
9,47,90,0,0,1,0,0,0,0,0,0,0,0,17,11.2,12.3,6.0,3.0,0,6,3,9,1,0.00,0.07,0.07,1.18,3,False
9,48,0,0,0,0,0,0,0,0,0,0,0,0,0,0.0,0.0,0.0,0.0,0,0,0,0,0,0.00,0.00,0.00,0.00,0,False
9,49,0,0,0,0,0,0,0,0,0,0,0,0,0,0.0,0.0,0.0,0.0,0,0,0,0,0,0.00,0.00,0.00,0.00,0,False
9,50,28,0,1,0,0,0,0,0,0,0,0,0,12,15.8,11.8,4.0,3.2,0,2,0,2,1,0.02,0.03,0.05,0.19,4,False
9,51,0,0,0,0,0,0,0,0,0,0,0,0,0,0.0,0.0,0.0,0.0,0,0,0,0,0,0.00,0.00,0.00,0.00,0,False
9,52,0,0,0,0,0,0,0,0,0,0,0,0,0,0.0,0.0,0.0,0.0,0,0,0,0,0,0.00,0.00,0.00,0.00,0,False
9,53,4,0,0,0,0,0,0,0,0,0,0,0,4,2.0,0.0,0.0,0.2,0,0,1,1,0,0.00,0.00,0.00,0.20,1,False
9,54,73,0,0,1,0,0,0,0,0,0,0,0,8,2.6,11.4,10.0,2.4,1,3,0,4,1,0.27,0.15,0.42,0.64,3,False
9,55,16,0,0,0,0,0,0,0,0,0,0,0,3,6.0,3.1,0.0,0.9,1,1,0,2,0,0.00,0.00,0.00,0.54,1,False
9,56,0,0,0,0,0,0,0,0,0,0,0,0,0,0.0,0.0,0.0,0.0,0,0,0,0,0,0.00,0.00,0.00,0.00,0,False
9,57,0,0,0,0,0,0,0,0,0,0,0,0,0,0.0,0.0,0.0,0.0,0,0,0,0,0,0.00,0.00,0.00,0.00,0,False
9,58,90,0,0,1,0,0,0,0,1,0,0,0,8,13.0,14.3,0.0,2.7,2,5,2,9,1,0.00,0.04,0.04,1.18,2,False
9,59,90,0,0,1,0,0,0,0,0,0,0,0,22,33.6,3.5,0.0,3.7,8,0,3,11,1,0.00,0.02,0.02,1.18,3,False
9,60,0,0,0,0,0,0,0,0,0,0,0,0,0,0.0,0.0,0.0,0.0,0,0,0,0,0,0.00,0.00,0.00,0.00,0,False
9,61,0,0,0,0,0,0,0,0,0,0,0,0,0,0.0,0.0,0.0,0.0,0,0,0,0,0,0.00,0.00,0.00,0.00,0,False
9,62,0,0,0,0,0,0,0,0,0,0,0,0,0,0.0,0.0,0.0,0.0,0,0,0,0,0,0.00,0.00,0.00,0.00,0,False
9,63,0,0,0,0,0,0,0,0,0,0,0,0,0,0.0,0.0,0.0,0.0,0,0,0,0,0,0.00,0.00,0.00,0.00,0,False
9,64,85,0,0,1,0,0,0,0,0,0,0,0,6,4.2,13.0,26.0,4.3,0,1,1,2,1,0.13,0.07,0.20,0.98,2,False
9,65,0,0,0,0,0,0,0,0,0,0,0,0,0,0.0,0.0,0.0,0.0,0,0,0,0,0,0.00,0.00,0.00,0.00,0,False
9,66,0,0,0,0,0,0,0,0,0,0,0,0,0,0.0,0.0,0.0,0.0,0,0,0,0,0,0.00,0.00,0.00,0.00,0,False
9,67,90,0,0,1,0,0,0,0,0,0,4,1,31,30.0,0.0,0.0,3.0,2,6,0,0,1,0.00,0.00,0.00,0.35,8,False
9,68,0,0,0,0,0,0,0,0,0,0,0,0,0,0.0,0.0,0.0,0.0,0,0,0,0,0,0.00,0.00,0.00,0.00,0,False
9,69,0,0,0,0,0,0,0,0,0,0,0,0,0,0.0,0.0,0.0,0.0,0,0,0,0,0,0.00,0.00,0.00,0.00,0,False
9,70,0,0,0,0,0,0,0,0,0,0,0,0,0,0.0,0.0,0.0,0.0,0,0,0,0,0,0.00,0.00,0.00,0.00,0,False
9,71,0,0,0,0,0,0,0,0,0,0,0,0,0,0.0,0.0,0.0,0.0,0,0,0,0,0,0.00,0.00,0.00,0.00,0,False
9,72,90,0,0,1,0,0,0,0,1,0,0,0,20,17.4,1.0,0.0,1.8,5,3,0,5,1,0.00,0.02,0.02,0.35,5,False
9,73,0,0,0,0,0,0,0,0,0,0,0,0,0,0.0,0.0,0.0,0.0,0,0,0,0,0,0.00,0.00,0.00,0.00,0,False
9,74,90,0,0,1,0,0,0,0,0,0,0,2,33,18.8,10.3,3.0,3.2,8,8,3,11,1,0.02,0.05,0.07,0.35,10,False
9,75,0,0,0,0,0,0,0,0,0,0,0,0,0,0.0,0.0,0.0,0.0,0,0,0,0,0,0.00,0.00,0.00,0.00,0,False
9,76,0,0,0,0,0,0,0,0,0,0,0,0,0,0.0,0.0,0.0,0.0,0,0,0,0,0,0.00,0.00,0.00,0.00,0,False
9,77,0,0,0,0,0,0,0,0,0,0,0,0,0,0.0,0.0,0.0,0.0,0,0,0,0,0,0.00,0.00,0.00,0.00,0,False
9,78,0,0,0,0,0,0,0,0,0,0,0,0,0,0.0,0.0,0.0,0.0,0,0,0,0,0,0.00,0.00,0.00,0.00,0,False
9,79,0,0,0,0,0,0,0,0,0,0,0,0,0,0.0,0.0,0.0,0.0,0,0,0,0,0,0.00,0.00,0.00,0.00,0,False
9,80,0,0,0,0,0,0,0,0,0,0,0,0,0,0.0,0.0,0.0,0.0,0,0,0,0,0,0.00,0.00,0.00,0.00,0,False
9,81,68,0,0,1,0,0,0,0,1,0,0,0,3,2.4,13.1,7.0,2.3,1,6,0,7,1,0.09,0.06,0.15,0.14,2,False
9,82,90,0,0,1,0,0,0,0,0,0,0,0,14,8.4,13.1,17.0,3.9,0,7,1,8,1,0.03,0.04,0.07,0.35,3,False
9,83,90,1,1,0,2,0,0,0,0,0,0,1,25,29.8,3.5,83.0,11.6,3,5,0,8,1,0.67,0.02,0.69,1.92,11,False
9,84,90,1,0,1,0,0,0,0,0,0,0,3,35,39.6,35.9,26.0,10.2,0,1,0,1,1,0.09,0.08,0.17,0.35,11,True
9,85,90,0,1,1,0,0,0,0,0,0,0,0,20,28.0,11.8,0.0,4.0,2,6,3,11,1,0.00,0.01,0.01,0.35,6,False
9,86,21,0,0,0,0,0,0,0,1,0,0,0,-3,0.0,0.8,7.0,0.6,1,1,0,2,0,0.08,0.09,0.17,0.21,0,False
9,87,10,0,0,0,0,0,0,0,0,0,0,0,3,0.2,0.2,2.0,0.2,0,0,0,0,0,0.00,0.00,0.00,0.02,1,False
9,88,1,0,0,0,0,0,0,0,0,0,0,0,3,0.0,0.0,0.0,0.0,0,1,0,1,0,0.00,0.00,0.00,0.00,1,False
9,89,0,0,0,0,0,0,0,0,0,0,0,0,0,0.0,0.0,0.0,0.0,0,0,0,0,0,0.00,0.00,0.00,0.00,0,False
9,90,79,0,0,1,0,0,0,0,0,0,0,0,15,14.4,3.3,12.0,3.0,5,4,2,11,1,0.12,0.04,0.16,0.33,3,False
9,91,0,0,0,0,0,0,0,0,0,0,0,0,0,0.0,0.0,0.0,0.0,0,0,0,0,0,0.00,0.00,0.00,0.00,0,False
9,92,0,0,0,0,0,0,0,0,0,0,0,0,0,0.0,0.0,0.0,0.0,0,0,0,0,0,0.00,0.00,0.00,0.00,0,False
9,93,0,0,0,0,0,0,0,0,0,0,0,0,0,0.0,0.0,0.0,0.0,0,0,0,0,0,0.00,0.00,0.00,0.00,0,False
9,94,0,0,0,0,0,0,0,0,0,0,0,0,0,0.0,0.0,0.0,0.0,0,0,0,0,0,0.00,0.00,0.00,0.00,0,False
9,95,0,0,0,0,0,0,0,0,0,0,0,0,0,0.0,0.0,0.0,0.0,0,0,0,0,0,0.00,0.00,0.00,0.00,0,False
9,96,0,0,0,0,0,0,0,0,0,0,0,0,0,0.0,0.0,0.0,0.0,0,0,0,0,0,0.00,0.00,0.00,0.00,0,False
9,97,0,0,0,0,0,0,0,0,0,0,0,0,0,0.0,0.0,0.0,0.0,0,0,0,0,0,0.00,0.00,0.00,0.00,0,False
9,98,1,0,0,0,0,0,0,0,0,0,0,0,3,0.0,0.0,0.0,0.0,0,0,0,0,0,0.00,0.00,0.00,0.00,1,False
9,99,0,0,0,0,0,0,0,0,0,0,0,0,0,0.0,0.0,0.0,0.0,0,0,0,0,0,0.00,0.00,0.00,0.00,0,False
9,100,68,1,0,1,0,0,0,0,0,0,0,0,30,32.4,13.9,17.0,6.3,0,2,0,2,1,0.15,0.06,0.21,0.14,6,False
9,101,90,0,0,0,2,0,0,0,0,0,3,0,10,19.6,0.0,0.0,2.0,0,10,0,0,1,0.00,0.00,0.00,2.30,2,False
9,102,0,0,0,0,0,0,0,0,0,0,0,0,0,0.0,0.0,0.0,0.0,0,0,0,0,0,0.00,0.00,0.00,0.00,0,False
9,103,0,0,0,0,0,0,0,0,0,0,0,0,0,0.0,0.0,0.0,0.0,0,0,0,0,0,0.00,0.00,0.00,0.00,0,False
9,104,0,0,0,0,0,0,0,0,0,0,0,0,0,0.0,0.0,0.0,0.0,0,0,0,0,0,0.00,0.00,0.00,0.00,0,False
9,105,0,0,0,0,0,0,0,0,0,0,0,0,0,0.0,0.0,0.0,0.0,0,0,0,0,0,0.00,0.00,0.00,0.00,0,False
9,106,90,0,0,0,2,0,0,0,0,0,0,0,8,33.4,0.1,23.0,5.7,14,2,1,15,1,0.08,0.00,0.08,2.30,3,False
9,107,11,0,0,0,1,0,0,0,1,0,0,0,3,9.2,28.0,6.0,4.3,2,0,0,2,0,0.00,0.20,0.20,0.53,0,False
9,108,90,0,1,0,2,0,0,0,0,0,0,0,12,8.0,0.8,14.0,2.3,5,1,2,7,1,0.06,0.05,0.11,1.92,4,False
9,109,1,0,0,0,0,0,0,0,0,0,0,0,3,0.0,0.0,0.0,0.0,0,0,0,0,0,0.00,0.00,0.00,0.38,1,False
9,110,90,0,0,0,2,0,0,0,0,0,0,0,15,20.8,29.6,7.0,5.7,5,7,1,6,1,0.07,0.19,0.26,2.30,1,False
9,111,0,0,0,0,0,0,0,0,0,0,0,0,0,0.0,0.0,0.0,0.0,0,0,0,0,0,0.00,0.00,0.00,0.00,0,False
9,112,0,0,0,0,0,0,0,0,0,0,0,0,0,0.0,0.0,0.0,0.0,0,0,0,0,0,0.00,0.00,0.00,0.00,0,False
9,113,90,0,0,0,2,0,0,0,0,0,0,0,4,29.0,0.6,0.0,3.0,11,3,1,12,1,0.00,0.01,0.01,2.30,3,False
9,114,0,0,0,0,0,0,0,0,0,0,0,0,0,0.0,0.0,0.0,0.0,0,0,0,0,0,0.00,0.00,0.00,0.00,0,False
9,115,0,0,0,0,0,0,0,0,0,0,0,0,0,0.0,0.0,0.0,0.0,0,0,0,0,0,0.00,0.00,0.00,0.00,0,False
9,116,0,0,0,0,0,0,0,0,0,0,0,0,0,0.0,0.0,0.0,0.0,0,0,0,0,0,0.00,0.00,0.00,0.00,0,False
9,117,0,0,0,0,0,0,0,0,0,0,0,0,0,0.0,0.0,0.0,0.0,0,0,0,0,0,0.00,0.00,0.00,0.00,0,False
9,118,0,0,0,0,0,0,0,0,0,0,0,0,0,0.0,0.0,0.0,0.0,0,0,0,0,0,0.00,0.00,0.00,0.00,0,False
9,119,90,2,0,0,2,0,0,0,0,0,0,3,65,81.0,36.6,53.0,17.1,0,7,0,7,1,0.56,0.24,0.80,1.12,15,True
9,120,78,1,0,0,1,0,0,0,1,0,0,1,25,42.0,51.3,21.0,11.4,0,5,1,6,1,0.67,0.18,0.85,1.77,7,False
9,121,78,0,1,0,1,0,0,0,0,0,0,2,29,32.8,15.5,18.0,6.6,2,6,3,11,1,0.07,0.20,0.27,1.77,7,False
9,122,0,0,0,0,0,0,0,0,0,0,0,0,0,0.0,0.0,0.0,0.0,0,0,0,0,0,0.00,0.00,0.00,0.00,0,False
9,123,0,0,0,0,0,0,0,0,0,0,0,0,0,0.0,0.0,0.0,0.0,0,0,0,0,0,0.00,0.00,0.00,0.00,0,False
9,124,90,0,0,0,2,0,0,0,0,0,0,0,14,13.4,14.8,3.0,3.1,4,6,1,11,1,0.02,0.02,0.04,2.30,2,False
9,125,61,0,0,0,2,0,0,0,0,0,0,0,11,13.2,18.8,6.0,3.8,4,5,3,12,0,0.00,0.20,0.20,1.55,4,False
9,126,11,0,0,0,1,0,0,0,0,0,0,0,2,2.8,1.1,0.0,0.4,1,2,0,3,0,0.00,0.01,0.01,0.53,1,False
9,127,0,0,0,0,0,0,0,0,0,0,0,0,0,0.0,0.0,0.0,0.0,0,0,0,0,0,0.00,0.00,0.00,0.00,0,False
9,128,1,0,0,0,0,0,0,0,0,0,0,0,3,1.0,0.0,0.0,0.1,1,0,0,1,0,0.00,0.00,0.00,0.38,1,False
9,129,28,0,0,0,0,0,0,0,0,0,0,0,3,4.4,0.2,0.0,0.5,1,2,1,4,1,0.00,0.00,0.00,0.75,1,False
9,130,0,0,0,0,0,0,0,0,0,0,0,0,0,0.0,0.0,0.0,0.0,0,0,0,0,0,0.00,0.00,0.00,0.00,0,False
9,131,0,0,0,0,0,0,0,0,0,0,0,0,0,0.0,0.0,0.0,0.0,0,0,0,0,0,0.00,0.00,0.00,0.00,0,False
9,132,0,0,0,0,0,0,0,0,0,0,0,0,0,0.0,0.0,0.0,0.0,0,0,0,0,0,0.00,0.00,0.00,0.00,0,False
9,133,0,0,0,0,0,0,0,0,0,0,0,0,0,0.0,0.0,0.0,0.0,0,0,0,0,0,0.00,0.00,0.00,0.00,0,False
9,134,0,0,0,0,0,0,0,0,0,0,0,0,0,0.0,0.0,0.0,0.0,0,0,0,0,0,0.00,0.00,0.00,0.00,0,False
9,135,0,0,0,0,0,0,0,0,0,0,0,0,0,0.0,0.0,0.0,0.0,0,0,0,0,0,0.00,0.00,0.00,0.00,0,False
9,136,90,1,0,0,2,0,0,0,1,0,0,0,16,41.0,2.4,75.0,11.8,2,4,1,7,1,1.10,0.01,1.11,2.30,5,False
9,137,0,0,0,0,0,0,0,0,0,0,0,0,0,0.0,0.0,0.0,0.0,0,0,0,0,0,0.00,0.00,0.00,0.00,0,False
9,138,0,0,0,0,0,0,0,0,0,0,0,0,0,0.0,0.0,0.0,0.0,0,0,0,0,0,0.00,0.00,0.00,0.00,0,False
9,139,90,0,0,0,4,0,0,0,0,0,5,0,10,38.0,0.0,0.0,3.8,0,9,0,0,1,0.00,0.00,0.00,1.29,1,False
9,140,0,0,0,0,0,0,0,0,0,0,0,0,0,0.0,0.0,0.0,0.0,0,0,0,0,0,0.00,0.00,0.00,0.00,0,False
9,141,0,0,0,0,0,0,0,0,0,0,0,0,0,0.0,0.0,0.0,0.0,0,0,0,0,0,0.00,0.00,0.00,0.00,0,False
9,142,0,0,0,0,0,0,0,0,0,0,0,0,0,0.0,0.0,0.0,0.0,0,0,0,0,0,0.00,0.00,0.00,0.00,0,False
9,143,0,0,0,0,0,0,0,0,0,0,0,0,0,0.0,0.0,0.0,0.0,0,0,0,0,0,0.00,0.00,0.00,0.00,0,False
9,144,0,0,0,0,0,0,0,0,0,0,0,0,0,0.0,0.0,0.0,0.0,0,0,0,0,0,0.00,0.00,0.00,0.00,0,False
9,145,58,0,0,0,2,0,0,0,0,0,0,0,4,6.0,25.3,4.0,3.5,2,5,0,2,1,0.04,0.20,0.24,0.62,0,False
9,146,90,0,0,0,4,0,0,0,0,0,0,0,1,12.6,1.3,7.0,2.1,6,11,1,7,1,0.21,0.01,0.22,1.29,0,False
9,147,0,0,0,0,0,0,0,0,0,0,0,0,0,0.0,0.0,0.0,0.0,0,0,0,0,0,0.00,0.00,0.00,0.00,0,False
9,148,90,0,0,0,4,0,0,0,1,0,0,0,-4,12.6,7.0,12.0,3.2,2,5,2,4,1,0.13,0.05,0.18,1.29,-1,False
9,149,0,0,0,0,0,0,0,0,0,0,0,0,0,0.0,0.0,0.0,0.0,0,0,0,0,0,0.00,0.00,0.00,0.00,0,False
9,150,0,0,0,0,0,0,0,0,0,0,0,0,0,0.0,0.0,0.0,0.0,0,0,0,0,0,0.00,0.00,0.00,0.00,0,False
9,151,90,0,0,0,4,0,0,0,0,0,0,0,0,31.6,16.1,0.0,4.8,5,1,5,10,1,0.00,0.03,0.03,1.29,2,False
9,152,0,0,0,0,0,0,0,0,0,0,0,0,0,0.0,0.0,0.0,0.0,0,0,0,0,0,0.00,0.00,0.00,0.00,0,False
9,153,0,0,0,0,0,0,0,0,0,0,0,0,0,0.0,0.0,0.0,0.0,0,0,0,0,0,0.00,0.00,0.00,0.00,0,False
9,154,0,0,0,0,0,0,0,0,0,0,0,0,0,0.0,0.0,0.0,0.0,0,0,0,0,0,0.00,0.00,0.00,0.00,0,False
9,155,0,0,0,0,0,0,0,0,0,0,0,0,0,0.0,0.0,0.0,0.0,0,0,0,0,0,0.00,0.00,0.00,0.00,0,False
9,156,0,0,0,0,0,0,0,0,0,0,0,0,0,0.0,0.0,0.0,0.0,0,0,0,0,0,0.00,0.00,0.00,0.00,0,False
9,157,0,0,0,0,0,0,0,0,0,0,0,0,0,0.0,0.0,0.0,0.0,0,0,0,0,0,0.00,0.00,0.00,0.00,0,False
9,158,78,0,0,0,3,0,0,0,0,0,0,0,8,4.6,13.7,4.0,2.2,0,1,0,1,1,0.00,0.07,0.07,0.86,2,False
9,159,0,0,0,0,0,0,0,0,0,0,0,0,0,0.0,0.0,0.0,0.0,0,0,0,0,0,0.00,0.00,0.00,0.00,0,False
9,160,90,0,1,0,4,0,0,0,0,0,0,0,16,4.4,12.3,10.0,2.7,0,3,2,5,1,0.03,0.02,0.05,1.29,5,False
9,161,0,0,0,0,0,0,0,0,0,0,0,0,0,0.0,0.0,0.0,0.0,0,0,0,0,0,0.00,0.00,0.00,0.00,0,False
9,162,0,0,0,0,0,0,0,0,0,0,0,0,0,0.0,0.0,0.0,0.0,0,0,0,0,0,0.00,0.00,0.00,0.00,0,False
9,163,0,0,0,0,0,0,0,0,0,0,0,0,0,0.0,0.0,0.0,0.0,0,0,0,0,0,0.00,0.00,0.00,0.00,0,False
9,164,0,0,0,0,0,0,0,0,0,0,0,0,0,0.0,0.0,0.0,0.0,0,0,0,0,0,0.00,0.00,0.00,0.00,0,False
9,165,0,0,0,0,0,0,0,0,0,0,0,0,0,0.0,0.0,0.0,0.0,0,0,0,0,0,0.00,0.00,0.00,0.00,0,False
9,166,59,0,0,0,2,0,0,0,0,0,0,0,10,1.0,3.4,8.0,1.2,5,6,0,11,1,0.08,0.01,0.09,0.62,1,False
9,167,58,0,0,0,2,0,0,0,1,0,0,0,6,0.0,2.5,2.0,0.4,2,7,1,10,1,0.05,0.00,0.05,0.62,0,False
9,168,0,0,0,0,0,0,0,0,0,0,0,0,0,0.0,0.0,0.0,0.0,0,0,0,0,0,0.00,0.00,0.00,0.00,0,False
9,169,30,0,0,0,2,0,0,0,0,0,0,0,3,7.8,2.0,6.0,1.6,2,3,2,7,0,0.04,0.00,0.04,0.67,1,False
9,170,31,0,1,0,2,0,0,0,0,0,0,0,24,24.4,34.2,0.0,5.9,1,2,0,3,0,0.00,0.28,0.28,0.67,4,False
9,171,0,0,0,0,0,0,0,0,0,0,0,0,0,0.0,0.0,0.0,0.0,0,0,0,0,0,0.00,0.00,0.00,0.00,0,False
9,172,31,0,0,0,2,0,0,0,0,0,0,0,7,5.6,1.3,7.0,1.4,0,2,1,3,0,0.04,0.01,0.05,0.67,1,False
9,173,86,0,0,0,3,0,0,0,0,0,0,0,24,26.0,23.8,2.0,5.2,6,6,4,16,1,0.00,0.02,0.02,0.90,4,False
9,174,0,0,0,0,0,0,0,0,0,0,0,0,0,0.0,0.0,0.0,0.0,0,0,0,0,0,0.00,0.00,0.00,0.00,0,False
9,175,0,0,0,0,0,0,0,0,0,0,0,0,0,0.0,0.0,0.0,0.0,0,0,0,0,0,0.00,0.00,0.00,0.00,0,False
9,176,0,0,0,0,0,0,0,0,0,0,0,0,0,0.0,0.0,0.0,0.0,0,0,0,0,0,0.00,0.00,0.00,0.00,0,False
9,177,0,0,0,0,0,0,0,0,0,0,0,0,0,0.0,0.0,0.0,0.0,0,0,0,0,0,0.00,0.00,0.00,0.00,0,False
9,178,90,1,0,0,4,0,0,0,0,0,0,0,32,40.2,27.1,28.0,9.5,0,2,0,2,1,0.21,0.03,0.24,1.29,6,False
9,179,0,0,0,0,0,0,0,0,0,0,0,0,0,0.0,0.0,0.0,0.0,0,0,0,0,0,0.00,0.00,0.00,0.00,0,False
9,180,3,0,0,0,1,0,0,0,0,0,0,0,3,2.0,20.3,6.0,2.8,0,1,0,1,0,0.02,0.05,0.07,0.40,1,False
9,181,11,1,0,0,1,0,0,0,0,0,0,0,29,34.2,0.5,40.0,7.5,0,2,0,2,0,0.27,0.01,0.28,0.43,5,False
9,182,0,0,0,0,0,0,0,0,0,0,0,0,0,0.0,0.0,0.0,0.0,0,0,0,0,0,0.00,0.00,0.00,0.00,0,False
9,183,0,0,0,0,0,0,0,0,0,0,0,0,0,0.0,0.0,0.0,0.0,0,0,0,0,0,0.00,0.00,0.00,0.00,0,False
9,184,0,0,0,0,0,0,0,0,0,0,0,0,0,0.0,0.0,0.0,0.0,0,0,0,0,0,0.00,0.00,0.00,0.00,0,False
9,185,0,0,0,0,0,0,0,0,0,0,0,0,0,0.0,0.0,0.0,0.0,0,0,0,0,0,0.00,0.00,0.00,0.00,0,False
9,186,0,0,0,0,0,0,0,0,0,0,0,0,0,0.0,0.0,0.0,0.0,0,0,0,0,0,0.00,0.00,0.00,0.00,0,False
9,187,90,0,0,0,2,0,0,0,0,0,0,0,12,26.8,2.3,0.0,2.9,13,6,3,16,1,0.00,0.01,0.01,2.52,3,False
9,188,0,0,0,0,0,0,0,0,0,0,0,0,0,0.0,0.0,0.0,0.0,0,0,0,0,0,0.00,0.00,0.00,0.00,0,False
9,189,0,0,0,0,0,0,0,0,0,0,0,0,0,0.0,0.0,0.0,0.0,0,0,0,0,0,0.00,0.00,0.00,0.00,0,False
9,190,1,0,0,0,0,0,0,0,0,0,0,0,3,0.0,0.0,0.0,0.0,0,0,0,0,0,0.00,0.00,0.00,0.05,1,False
9,191,90,0,0,0,2,0,0,0,0,0,0,0,7,17.8,0.8,2.0,2.1,7,2,1,8,1,0.00,0.00,0.00,2.52,1,False
9,192,90,0,2,0,2,0,0,0,0,0,0,0,25,44.0,23.1,5.0,7.2,6,2,0,6,1,0.01,0.58,0.59,2.52,7,False
9,193,0,0,0,0,0,0,0,0,0,0,0,0,0,0.0,0.0,0.0,0.0,0,0,0,0,0,0.00,0.00,0.00,0.00,0,False
9,194,0,0,0,0,0,0,0,0,0,0,0,0,0,0.0,0.0,0.0,0.0,0,0,0,0,0,0.00,0.00,0.00,0.00,0,False
9,195,0,0,0,0,0,0,0,0,0,0,0,0,0,0.0,0.0,0.0,0.0,0,0,0,0,0,0.00,0.00,0.00,0.00,0,False
9,196,0,0,0,0,0,0,0,0,0,0,0,0,0,0.0,0.0,0.0,0.0,0,0,0,0,0,0.00,0.00,0.00,0.00,0,False
9,197,0,0,0,0,0,0,0,0,0,0,0,0,0,0.0,0.0,0.0,0.0,0,0,0,0,0,0.00,0.00,0.00,0.00,0,False
9,198,90,0,0,0,2,0,0,0,0,0,0,0,4,16.0,0.6,0.0,1.7,9,1,0,9,1,0.00,0.00,0.00,2.52,1,False
9,199,0,0,0,0,0,0,0,0,0,0,0,0,0,0.0,0.0,0.0,0.0,0,0,0,0,0,0.00,0.00,0.00,0.00,0,False
9,200,76,0,0,0,2,0,0,0,0,0,0,0,8,8.8,13.2,19.0,4.1,1,5,2,8,1,0.08,0.02,0.10,2.28,2,False
9,201,0,0,0,0,0,0,0,0,0,0,0,0,0,0.0,0.0,0.0,0.0,0,0,0,0,0,0.00,0.00,0.00,0.00,0,False
9,202,68,0,0,0,2,0,0,0,0,0,0,0,5,3.2,11.3,13.0,2.8,0,0,1,1,1,0.07,0.11,0.18,2.18,2,False
9,203,0,0,0,0,0,0,0,0,0,0,0,0,0,0.0,0.0,0.0,0.0,0,0,0,0,0,0.00,0.00,0.00,0.00,0,False
9,204,0,0,0,0,0,0,0,0,0,0,0,0,0,0.0,0.0,0.0,0.0,0,0,0,0,0,0.00,0.00,0.00,0.00,0,False
9,205,90,0,0,0,2,0,0,0,0,0,0,0,15,21.0,3.5,14.0,3.9,4,2,3,9,1,0.05,0.06,0.11,2.52,2,False
9,206,0,0,0,0,0,0,0,0,0,0,0,0,0,0.0,0.0,0.0,0.0,0,0,0,0,0,0.00,0.00,0.00,0.00,0,False
9,207,1,0,1,0,0,0,0,0,0,0,0,0,16,17.2,13.3,0.0,3.1,0,1,0,1,0,0.00,0.28,0.28,0.05,4,False
9,208,0,0,0,0,0,0,0,0,0,0,0,0,0,0.0,0.0,0.0,0.0,0,0,0,0,0,0.00,0.00,0.00,0.00,0,False
9,209,21,0,0,0,0,0,0,0,0,0,0,0,7,5.6,0.4,0.0,0.6,1,0,2,3,0,0.00,0.00,0.00,0.34,1,False
9,210,0,0,0,0,0,0,0,0,0,0,0,0,0,0.0,0.0,0.0,0.0,0,0,0,0,0,0.00,0.00,0.00,0.00,0,False
9,211,0,0,0,0,0,0,0,0,0,0,0,0,0,0.0,0.0,0.0,0.0,0,0,0,0,0,0.00,0.00,0.00,0.00,0,False
9,212,0,0,0,0,0,0,0,0,0,0,0,0,0,0.0,0.0,0.0,0.0,0,0,0,0,0,0.00,0.00,0.00,0.00,0,False
9,213,0,0,0,0,0,0,0,0,0,0,0,0,0,0.0,0.0,0.0,0.0,0,0,0,0,0,0.00,0.00,0.00,0.00,0,False
9,214,0,0,0,0,0,0,0,0,0,0,0,0,0,0.0,0.0,0.0,0.0,0,0,0,0,0,0.00,0.00,0.00,0.00,0,False
9,215,90,2,0,0,2,0,0,0,0,0,0,3,68,78.8,12.0,65.0,15.6,2,2,1,5,1,0.71,0.02,0.73,2.52,13,True
9,216,0,0,0,0,0,0,0,0,0,0,0,0,0,0.0,0.0,0.0,0.0,0,0,0,0,0,0.00,0.00,0.00,0.00,0,False
9,217,13,1,0,0,0,0,0,0,0,0,0,2,32,35.0,10.0,17.0,6.2,0,0,0,0,0,0.37,0.00,0.37,0.24,7,False
9,218,0,0,0,0,0,0,0,0,0,0,0,0,0,0.0,0.0,0.0,0.0,0,0,0,0,0,0.00,0.00,0.00,0.00,0,False
9,219,0,0,0,0,0,0,0,0,0,0,0,0,0,0.0,0.0,0.0,0.0,0,0,0,0,0,0.00,0.00,0.00,0.00,0,False
9,220,90,0,0,0,2,0,0,0,0,0,2,0,6,17.2,0.0,0.0,1.7,1,11,0,0,1,0.00,0.00,0.00,1.31,1,False
9,221,0,0,0,0,0,0,0,0,0,0,0,0,0,0.0,0.0,0.0,0.0,0,0,0,0,0,0.00,0.00,0.00,0.00,0,False
9,222,0,0,0,0,0,0,0,0,0,0,0,0,0,0.0,0.0,0.0,0.0,0,0,0,0,0,0.00,0.00,0.00,0.00,0,False
9,223,0,0,0,0,0,0,0,0,0,0,0,0,0,0.0,0.0,0.0,0.0,0,0,0,0,0,0.00,0.00,0.00,0.00,0,False
9,224,90,0,0,0,2,0,0,0,0,0,0,0,12,17.0,40.7,11.0,6.9,2,3,2,4,1,0.12,0.22,0.34,1.31,1,False
9,225,90,0,0,0,2,0,0,0,0,0,0,0,15,20.2,31.3,0.0,5.2,0,8,3,3,1,0.00,0.12,0.12,1.31,1,False
9,226,90,0,0,0,2,0,0,0,0,0,0,0,8,25.8,3.2,7.0,3.6,7,8,0,7,1,0.02,0.02,0.04,1.31,1,False
9,227,0,0,0,0,0,0,0,0,0,0,0,0,0,0.0,0.0,0.0,0.0,0,0,0,0,0,0.00,0.00,0.00,0.00,0,False
9,228,0,0,0,0,0,0,0,0,0,0,0,0,0,0.0,0.0,0.0,0.0,0,0,0,0,0,0.00,0.00,0.00,0.00,0,False
9,229,0,0,0,0,0,0,0,0,0,0,0,0,0,0.0,0.0,0.0,0.0,0,0,0,0,0,0.00,0.00,0.00,0.00,0,False
9,230,0,0,0,0,0,0,0,0,0,0,0,0,0,0.0,0.0,0.0,0.0,0,0,0,0,0,0.00,0.00,0.00,0.00,0,False
9,231,0,0,0,0,0,0,0,0,0,0,0,0,0,0.0,0.0,0.0,0.0,0,0,0,0,0,0.00,0.00,0.00,0.00,0,False
9,232,14,0,0,0,1,0,0,0,0,0,0,0,1,5.2,0.1,0.0,0.5,1,1,1,2,0,0.00,0.00,0.00,0.14,1,False
9,233,75,0,0,0,1,0,0,0,0,0,0,0,12,23.6,5.0,0.0,2.9,5,1,0,5,1,0.00,0.03,0.03,1.16,2,False
9,234,0,0,0,0,0,0,0,0,0,0,0,0,0,0.0,0.0,0.0,0.0,0,0,0,0,0,0.00,0.00,0.00,0.00,0,False
9,235,0,0,0,0,0,0,0,0,0,0,0,0,0,0.0,0.0,0.0,0.0,0,0,0,0,0,0.00,0.00,0.00,0.00,0,False
9,236,84,0,1,0,1,0,0,0,0,0,0,3,28,19.6,17.3,0.0,3.7,0,3,0,3,1,0.00,0.03,0.03,1.19,8,False
9,237,90,0,0,0,2,0,0,0,0,0,0,0,22,21.2,41.6,46.0,10.9,1,5,0,6,1,0.13,0.43,0.56,1.31,2,False
9,238,32,0,0,0,1,0,0,0,0,0,0,0,3,1.2,12.2,15.0,2.8,0,0,0,0,0,0.08,0.09,0.17,0.29,1,False
9,239,14,0,0,0,1,0,0,0,0,0,0,0,4,5.2,21.1,0.0,2.6,1,0,0,1,0,0.00,0.02,0.02,0.14,1,False
9,240,0,0,0,0,0,0,0,0,0,0,0,0,0,0.0,0.0,0.0,0.0,0,0,0,0,0,0.00,0.00,0.00,0.00,0,False
9,241,90,0,0,0,2,0,0,0,0,0,0,0,16,15.4,26.7,4.0,4.6,4,4,1,9,1,0.04,0.16,0.20,1.31,2,False
9,242,90,0,0,0,3,0,0,0,0,0,0,0,9,0.2,11.6,12.0,2.4,0,1,0,1,1,0.21,0.54,0.75,2.08,2,False
9,243,5,0,0,0,1,0,0,0,0,0,0,0,4,0.0,0.0,4.0,0.4,0,0,1,1,0,0.07,0.00,0.07,0.12,1,False
9,244,0,0,0,0,0,0,0,0,0,0,0,0,0,0.0,0.0,0.0,0.0,0,0,0,0,0,0.00,0.00,0.00,0.00,0,False
9,245,0,0,0,0,0,0,0,0,0,0,0,0,0,0.0,0.0,0.0,0.0,0,0,0,0,0,0.00,0.00,0.00,0.00,0,False
9,246,5,0,0,0,1,0,0,0,1,0,0,0,-1,0.0,0.1,0.0,0.0,0,0,0,0,0,0.00,0.00,0.00,0.12,0,False
9,247,0,0,0,0,0,0,0,0,0,0,0,0,0,0.0,0.0,0.0,0.0,0,0,0,0,0,0.00,0.00,0.00,0.00,0,False
9,248,0,0,0,0,0,0,0,0,0,0,0,0,0,0.0,0.0,0.0,0.0,0,0,0,0,0,0.00,0.00,0.00,0.00,0,False
9,249,84,0,0,0,1,0,0,0,0,0,0,0,5,10.4,13.6,6.0,3.0,2,2,0,4,1,0.00,0.02,0.02,1.19,2,False
9,250,0,0,0,0,0,0,0,0,0,0,0,0,0,0.0,0.0,0.0,0.0,0,0,0,0,0,0.00,0.00,0.00,0.00,0,False
9,251,0,0,0,0,0,0,0,0,0,0,0,0,0,0.0,0.0,0.0,0.0,0,0,0,0,0,0.00,0.00,0.00,0.00,0,False
9,252,75,0,0,0,1,0,0,0,0,0,0,0,4,0.0,1.1,24.0,2.3,0,0,0,0,1,0.22,0.00,0.22,1.16,2,False
9,253,90,0,0,0,1,0,0,0,0,0,2,0,9,17.4,0.0,0.0,1.7,0,4,0,0,1,0.00,0.01,0.01,1.08,2,False
9,254,0,0,0,0,0,0,0,0,0,0,0,0,0,0.0,0.0,0.0,0.0,0,0,0,0,0,0.00,0.00,0.00,0.00,0,False
9,255,0,0,0,0,0,0,0,0,0,0,0,0,0,0.0,0.0,0.0,0.0,0,0,0,0,0,0.00,0.00,0.00,0.00,0,False
9,256,90,0,0,0,1,0,0,0,0,0,0,0,3,11.6,3.8,4.0,1.9,3,3,2,5,1,0.00,0.02,0.02,1.08,2,False
9,257,90,0,0,0,1,0,0,0,0,0,0,0,21,29.8,0.6,3.0,3.3,19,1,2,21,1,0.01,0.00,0.01,1.08,4,False
9,258,90,0,0,0,1,0,0,0,0,0,0,0,10,14.4,5.7,2.0,2.2,5,6,2,7,1,0.00,0.03,0.03,1.08,2,False
9,259,1,0,0,0,0,0,0,0,0,0,0,0,3,0.0,0.0,0.0,0.0,0,1,0,0,0,0.00,0.00,0.00,0.00,1,False
9,260,90,0,0,0,1,0,0,0,0,0,0,0,9,23.2,0.8,9.0,3.3,9,2,1,10,1,0.09,0.01,0.10,1.08,4,False
9,261,90,0,0,0,1,0,0,0,0,0,0,0,9,18.2,0.9,0.0,1.9,8,1,1,9,1,0.00,0.01,0.01,1.08,2,False
9,262,0,0,0,0,0,0,0,0,0,0,0,0,0,0.0,0.0,0.0,0.0,0,0,0,0,0,0.00,0.00,0.00,0.00,0,False
9,263,0,0,0,0,0,0,0,0,0,0,0,0,0,0.0,0.0,0.0,0.0,0,0,0,0,0,0.00,0.00,0.00,0.00,0,False
9,264,0,0,0,0,0,0,0,0,0,0,0,0,0,0.0,0.0,0.0,0.0,0,0,0,0,0,0.00,0.00,0.00,0.00,0,False
9,265,0,0,0,0,0,0,0,0,0,0,0,0,0,0.0,0.0,0.0,0.0,0,0,0,0,0,0.00,0.00,0.00,0.00,0,False
9,266,87,1,0,1,0,0,0,0,0,0,0,3,32,42.6,4.6,19.0,6.6,1,1,2,4,1,0.08,0.02,0.10,0.46,11,True
9,267,90,0,0,0,1,0,0,0,0,0,0,0,11,7.2,2.6,7.0,1.7,2,6,1,9,1,0.02,0.01,0.03,1.08,2,False
9,268,0,0,0,0,0,0,0,0,0,0,0,0,0,0.0,0.0,0.0,0.0,0,0,0,0,0,0.00,0.00,0.00,0.00,0,False
9,269,0,0,0,0,0,0,0,0,0,0,0,0,0,0.0,0.0,0.0,0.0,0,0,0,0,0,0.00,0.00,0.00,0.00,0,False
9,270,16,0,0,0,0,0,0,0,0,0,0,0,4,3.0,15.2,4.0,2.2,0,1,0,1,0,0.00,0.03,0.03,0.00,1,False
9,271,73,0,0,0,1,0,0,0,0,0,0,0,8,5.6,1.4,2.0,0.9,3,7,1,11,1,0.00,0.02,0.02,1.08,2,False
9,272,1,0,0,0,0,0,0,0,0,0,0,0,3,0.2,0.3,0.0,0.1,0,1,0,1,0,0.00,0.01,0.01,0.00,1,False
9,273,90,0,0,0,1,0,0,0,0,0,0,0,12,12.6,17.5,1.0,3.1,4,2,3,9,1,0.02,0.06,0.08,1.08,2,False
9,274,0,0,0,0,0,0,0,0,0,0,0,0,0,0.0,0.0,0.0,0.0,0,0,0,0,0,0.00,0.00,0.00,0.00,0,False
9,275,0,0,0,0,0,0,0,0,0,0,0,0,0,0.0,0.0,0.0,0.0,0,0,0,0,0,0.00,0.00,0.00,0.00,0,False
9,276,0,0,0,0,0,0,0,0,0,0,0,0,0,0.0,0.0,0.0,0.0,0,0,0,0,0,0.00,0.00,0.00,0.00,0,False
9,277,0,0,0,0,0,0,0,0,0,0,0,0,0,0.0,0.0,0.0,0.0,0,0,0,0,0,0.00,0.00,0.00,0.00,0,False
9,278,0,0,0,0,0,0,0,0,0,0,0,0,0,0.0,0.0,0.0,0.0,0,0,0,0,0,0.00,0.00,0.00,0.00,0,False
9,279,0,0,0,0,0,0,0,0,0,0,0,0,0,0.0,0.0,0.0,0.0,0,0,0,0,0,0.00,0.00,0.00,0.00,0,False
9,280,0,0,0,0,0,0,0,0,0,0,0,0,0,0.0,0.0,0.0,0.0,0,0,0,0,0,0.00,0.00,0.00,0.00,0,False
9,281,0,0,0,0,0,0,0,0,0,0,0,0,0,0.0,0.0,0.0,0.0,0,0,0,0,0,0.00,0.00,0.00,0.00,0,False
9,282,0,0,0,0,0,0,0,0,0,0,0,0,0,0.0,0.0,0.0,0.0,0,0,0,0,0,0.00,0.00,0.00,0.00,0,False
9,283,90,0,0,0,1,0,0,0,0,0,0,0,6,0.6,2.4,5.0,0.8,0,3,0,3,1,0.14,0.01,0.15,1.08,2,False
9,284,31,0,0,0,0,0,0,0,0,0,0,0,6,6.0,11.8,19.0,3.7,1,1,0,2,0,0.19,0.08,0.27,0.24,1,False
9,285,0,0,0,0,0,0,0,0,0,0,0,0,0,0.0,0.0,0.0,0.0,0,0,0,0,0,0.00,0.00,0.00,0.00,0,False
9,286,0,0,0,0,0,0,0,0,0,0,0,0,0,0.0,0.0,0.0,0.0,0,0,0,0,0,0.00,0.00,0.00,0.00,0,False
9,287,90,0,0,0,3,0,0,0,0,0,1,0,-2,6.4,0.0,0.0,0.6,2,11,0,0,1,0.00,0.00,0.00,2.08,1,False
9,288,0,0,0,0,0,0,0,0,0,0,0,0,0,0.0,0.0,0.0,0.0,0,0,0,0,0,0.00,0.00,0.00,0.00,0,False
9,289,0,0,0,0,0,0,0,0,0,0,0,0,0,0.0,0.0,0.0,0.0,0,0,0,0,0,0.00,0.00,0.00,0.00,0,False
9,290,0,0,0,0,0,0,0,0,0,0,0,0,0,0.0,0.0,0.0,0.0,0,0,0,0,0,0.00,0.00,0.00,0.00,0,False
9,291,90,0,0,0,3,0,0,0,0,0,0,0,6,16.0,14.5,2.0,3.3,6,0,1,7,1,0.00,0.06,0.06,2.08,1,False
9,292,90,0,0,0,3,0,0,0,0,0,0,0,-4,8.6,4.8,4.0,1.7,3,3,1,4,1,0.01,0.04,0.05,2.08,1,False
9,293,65,0,0,0,2,0,0,0,0,0,0,0,6,15.2,1.0,2.0,1.8,5,5,4,9,1,0.00,0.00,0.00,1.66,1,False
9,294,0,0,0,0,0,0,0,0,0,0,0,0,0,0.0,0.0,0.0,0.0,0,0,0,0,0,0.00,0.00,0.00,0.00,0,False
9,295,90,0,0,0,3,0,0,0,0,0,0,0,2,16.0,4.3,0.0,2.0,6,4,1,7,1,0.00,0.01,0.01,2.08,1,False
9,296,0,0,0,0,0,0,0,0,0,0,0,0,0,0.0,0.0,0.0,0.0,0,0,0,0,0,0.00,0.00,0.00,0.00,0,False
9,297,0,0,0,0,0,0,0,0,0,0,0,0,0,0.0,0.0,0.0,0.0,0,0,0,0,0,0.00,0.00,0.00,0.00,0,False
9,298,0,0,0,0,0,0,0,0,0,0,0,0,0,0.0,0.0,0.0,0.0,0,0,0,0,0,0.00,0.00,0.00,0.00,0,False
9,299,90,0,0,0,3,0,0,0,0,0,0,0,11,13.8,3.7,21.0,3.9,1,6,3,10,1,0.17,0.56,0.73,2.08,2,False
9,300,0,0,0,0,0,0,0,0,0,0,0,0,0,0.0,0.0,0.0,0.0,0,0,0,0,0,0.00,0.00,0.00,0.00,0,False
9,301,4,0,0,0,1,0,0,0,0,0,0,0,3,0.0,0.0,0.0,0.0,0,0,0,0,0,0.00,0.00,0.00,0.42,1,False
9,302,85,0,0,0,2,0,0,0,0,0,0,0,17,5.2,1.8,7.0,1.4,2,7,2,11,1,0.08,0.02,0.10,1.66,2,False
9,303,90,0,0,0,3,0,0,0,1,0,0,0,19,15.2,20.0,5.0,4.0,2,2,6,10,1,0.11,0.13,0.24,2.08,1,False
9,304,0,0,0,0,0,0,0,0,0,0,0,0,0,0.0,0.0,0.0,0.0,0,0,0,0,0,0.00,0.00,0.00,0.00,0,False
9,305,0,0,0,0,0,0,0,0,0,0,0,0,0,0.0,0.0,0.0,0.0,0,0,0,0,0,0.00,0.00,0.00,0.00,0,False
9,306,0,0,0,0,0,0,0,0,0,0,0,0,0,0.0,0.0,0.0,0.0,0,0,0,0,0,0.00,0.00,0.00,0.00,0,False
9,307,0,0,0,0,0,0,0,0,0,0,0,0,0,0.0,0.0,0.0,0.0,0,0,0,0,0,0.00,0.00,0.00,0.00,0,False
9,308,0,0,0,0,0,0,0,0,0,0,0,0,0,0.0,0.0,0.0,0.0,0,0,0,0,0,0.00,0.00,0.00,0.00,0,False
9,309,0,0,0,0,0,0,0,0,0,0,0,0,0,0.0,0.0,0.0,0.0,0,0,0,0,0,0.00,0.00,0.00,0.00,0,False
9,310,24,0,0,0,1,0,0,0,0,0,0,0,1,0.0,1.3,0.0,0.1,0,0,0,0,0,0.03,0.01,0.04,0.42,1,False
9,311,65,0,0,0,2,0,0,0,0,0,0,0,9,11.2,10.8,39.0,6.1,4,1,0,5,1,0.56,0.00,0.56,1.66,2,False
9,312,0,0,0,0,0,0,0,0,0,0,0,0,0,0.0,0.0,0.0,0.0,0,0,0,0,0,0.00,0.00,0.00,0.00,0,False
9,313,0,0,0,0,0,0,0,0,0,0,0,0,0,0.0,0.0,0.0,0.0,0,0,0,0,0,0.00,0.00,0.00,0.00,0,False
9,314,90,0,0,0,2,0,0,0,0,0,5,0,13,36.2,0.0,0.0,3.6,1,6,0,0,1,0.00,0.00,0.00,2.14,2,False
9,315,0,0,0,0,0,0,0,0,0,0,0,0,0,0.0,0.0,0.0,0.0,0,0,0,0,0,0.00,0.00,0.00,0.00,0,False
9,316,0,0,0,0,0,0,0,0,0,0,0,0,0,0.0,0.0,0.0,0.0,0,0,0,0,0,0.00,0.00,0.00,0.00,0,False
9,317,0,0,0,0,0,0,0,0,0,0,0,0,0,0.0,0.0,0.0,0.0,0,0,0,0,0,0.00,0.00,0.00,0.00,0,False
9,318,90,0,0,0,2,0,0,0,0,0,0,0,-1,8.2,1.4,0.0,1.0,6,4,2,8,1,0.00,0.00,0.00,2.14,1,False
9,319,1,0,0,0,0,0,0,0,0,0,0,0,3,1.0,0.0,0.0,0.1,1,0,0,1,0,0.00,0.00,0.00,0.02,1,False
9,320,90,0,0,0,2,0,0,0,0,0,0,0,5,12.6,0.5,0.0,1.3,4,3,2,6,1,0.00,0.01,0.01,2.14,1,False
9,321,0,0,0,0,0,0,0,0,0,0,0,0,0,0.0,0.0,0.0,0.0,0,0,0,0,0,0.00,0.00,0.00,0.00,0,False
9,322,90,0,0,0,2,0,0,0,1,0,0,0,8,21.0,1.5,0.0,2.3,6,4,4,10,1,0.00,0.01,0.01,2.12,2,False
9,323,0,0,0,0,0,0,0,0,0,0,0,0,0,0.0,0.0,0.0,0.0,0,0,0,0,0,0.00,0.00,0.00,0.00,0,False
9,324,90,0,0,0,2,0,0,0,1,0,0,0,6,0.8,5.7,13.0,2.0,0,4,0,4,1,0.10,0.01,0.11,2.12,1,False
9,325,45,0,0,0,1,0,0,0,0,0,0,0,5,10.8,13.9,15.0,4.0,3,1,0,4,1,0.10,0.03,0.13,0.93,1,False
9,326,75,0,0,0,1,0,0,0,0,0,0,0,13,1.4,4.2,6.0,1.2,1,3,1,5,1,0.06,0.02,0.08,1.32,2,False
9,327,0,0,0,0,0,0,0,0,0,0,0,0,0,0.0,0.0,0.0,0.0,0,0,0,0,0,0.00,0.00,0.00,0.00,0,False
9,328,90,0,0,0,2,0,0,0,0,0,0,0,14,16.0,13.3,0.0,2.9,6,7,1,14,1,0.00,0.05,0.05,2.14,4,False
9,329,0,0,0,0,0,0,0,0,0,0,0,0,0,0.0,0.0,0.0,0.0,0,0,0,0,0,0.00,0.00,0.00,0.00,0,False
9,330,90,0,0,0,2,0,0,0,0,0,0,0,15,14.0,12.7,9.0,3.6,4,3,0,7,1,0.04,0.02,0.06,2.14,2,False
9,331,5,0,0,0,1,0,0,0,0,0,0,0,3,0.2,0.3,0.0,0.1,0,1,0,1,0,0.00,0.00,0.00,0.51,1,False
9,332,84,1,0,0,1,0,0,0,0,0,0,2,34,41.8,27.5,35.0,10.4,2,3,3,8,1,0.53,0.07,0.60,1.63,9,False
9,333,0,0,0,0,0,0,0,0,0,0,0,0,0,0.0,0.0,0.0,0.0,0,0,0,0,0,0.00,0.00,0.00,0.00,0,False
9,334,0,0,0,0,0,0,0,0,0,0,0,0,0,0.0,0.0,0.0,0.0,0,0,0,0,0,0.00,0.00,0.00,0.00,0,False
9,335,14,0,0,0,1,0,0,0,0,0,0,0,3,4.4,0.0,0.0,0.4,0,1,2,3,0,0.00,0.00,0.00,0.82,1,False
9,336,0,0,0,0,0,0,0,0,0,0,0,0,0,0.0,0.0,0.0,0.0,0,0,0,0,0,0.00,0.00,0.00,0.00,0,False
9,337,90,0,1,0,2,0,0,0,0,0,0,0,15,10.2,4.1,72.0,8.6,0,3,2,5,1,0.71,0.03,0.74,2.14,5,False
9,338,0,0,0,0,0,0,0,0,0,0,0,0,0,0.0,0.0,0.0,0.0,0,0,0,0,0,0.00,0.00,0.00,0.00,0,False
9,339,0,0,0,0,0,0,0,0,0,0,0,0,0,0.0,0.0,0.0,0.0,0,0,0,0,0,0.00,0.00,0.00,0.00,0,False
9,340,0,0,0,0,0,0,0,0,0,0,0,0,0,0.0,0.0,0.0,0.0,0,0,0,0,0,0.00,0.00,0.00,0.00,0,False
9,341,0,0,0,0,0,0,0,0,0,0,0,0,0,0.0,0.0,0.0,0.0,0,0,0,0,0,0.00,0.00,0.00,0.00,0,False
9,342,90,0,0,0,1,0,0,0,0,0,0,0,16,23.2,14.5,17.0,5.5,4,3,5,9,1,0.03,0.17,0.20,0.65,2,False
9,343,0,0,0,0,0,0,0,0,0,0,0,0,0,0.0,0.0,0.0,0.0,0,0,0,0,0,0.00,0.00,0.00,0.00,0,False
9,344,90,0,0,0,1,0,0,0,0,0,0,0,18,24.8,10.2,0.0,3.5,12,5,2,14,1,0.00,0.00,0.00,0.65,4,False
9,345,0,0,0,0,0,0,0,0,0,0,0,0,0,0.0,0.0,0.0,0.0,0,0,0,0,0,0.00,0.00,0.00,0.00,0,False
9,346,0,0,0,0,0,0,0,0,0,0,0,0,0,0.0,0.0,0.0,0.0,0,0,0,0,0,0.00,0.00,0.00,0.00,0,False
9,347,43,0,0,0,0,0,0,0,0,0,0,0,7,9.0,14.2,2.0,2.5,4,0,0,4,1,0.00,0.11,0.11,0.10,1,False
9,348,90,1,0,0,1,0,0,0,0,0,0,3,35,61.6,10.1,33.0,10.5,10,4,1,11,1,0.25,0.00,0.25,0.65,13,True
9,349,0,0,0,0,0,0,0,0,0,0,0,0,0,0.0,0.0,0.0,0.0,0,0,0,0,0,0.00,0.00,0.00,0.00,0,False
9,350,86,1,0,1,0,0,0,0,0,0,0,3,35,53.0,32.5,40.0,12.6,2,4,3,9,1,0.57,0.26,0.83,0.58,11,True
9,351,0,0,0,0,0,0,0,0,0,0,0,0,0,0.0,0.0,0.0,0.0,0,0,0,0,0,0.00,0.00,0.00,0.00,0,False
9,352,45,0,0,0,1,0,0,0,0,0,0,0,7,7.8,2.9,9.0,2.0,1,1,1,3,0,0.08,0.01,0.09,0.31,1,False
9,353,3,0,0,0,1,0,0,0,0,0,0,0,3,0.0,0.0,0.0,0.0,0,0,0,0,0,0.00,0.00,0.00,0.07,1,False
9,354,90,0,0,0,1,0,0,0,0,0,0,0,12,15.6,15.1,6.0,3.7,7,5,2,14,1,0.23,0.01,0.24,0.65,4,False
9,355,0,0,0,0,0,0,0,0,0,0,0,0,0,0.0,0.0,0.0,0.0,0,0,0,0,0,0.00,0.00,0.00,0.00,0,False
9,356,18,0,0,0,1,0,0,0,1,0,0,0,2,0.4,0.3,0.0,0.1,0,2,1,3,0,0.00,0.00,0.00,0.22,0,False
9,357,0,0,0,0,0,0,0,0,0,0,0,0,0,0.0,0.0,0.0,0.0,0,0,0,0,0,0.00,0.00,0.00,0.00,0,False
9,358,71,0,0,1,0,0,0,0,0,0,0,0,3,0.0,0.9,1.0,0.0,1,2,0,3,1,0.07,0.01,0.08,0.43,3,False
9,359,0,0,0,0,0,0,0,0,0,0,0,0,0,0.0,0.0,0.0,0.0,0,0,0,0,0,0.00,0.00,0.00,0.00,0,False
9,360,0,0,0,0,0,0,0,0,0,0,0,0,0,0.0,0.0,0.0,0.0,0,0,0,0,0,0.00,0.00,0.00,0.00,0,False
9,361,0,0,0,0,0,0,0,0,0,0,0,0,0,0.0,0.0,0.0,0.0,0,0,0,0,0,0.00,0.00,0.00,0.00,0,False
9,362,0,0,0,0,0,0,0,0,0,0,0,0,0,0.0,0.0,0.0,0.0,0,0,0,0,0,0.00,0.00,0.00,0.00,0,False
9,363,0,0,0,0,0,0,0,0,0,0,0,0,0,0.0,0.0,0.0,0.0,0,0,0,0,0,0.00,0.00,0.00,0.00,0,False
9,364,0,0,0,0,0,0,0,0,0,0,0,0,0,0.0,0.0,0.0,0.0,0,0,0,0,0,0.00,0.00,0.00,0.00,0,False
9,365,3,0,0,0,1,0,0,0,0,0,0,0,4,0.0,0.3,0.0,0.0,0,0,0,0,0,0.00,0.00,0.00,0.07,1,False
9,366,0,0,0,0,0,0,0,0,0,0,0,0,0,0.0,0.0,0.0,0.0,0,0,0,0,0,0.00,0.00,0.00,0.00,0,False
9,367,90,0,0,0,3,0,0,0,0,0,5,0,11,38.4,0.0,0.0,3.8,3,10,0,0,1,0.00,0.00,0.00,2.75,2,False
9,368,0,0,0,0,0,0,0,0,0,0,0,0,0,0.0,0.0,0.0,0.0,0,0,0,0,0,0.00,0.00,0.00,0.00,0,False
9,369,0,0,0,0,0,0,0,0,0,0,0,0,0,0.0,0.0,0.0,0.0,0,0,0,0,0,0.00,0.00,0.00,0.00,0,False
9,370,0,0,0,0,0,0,0,0,0,0,0,0,0,0.0,0.0,0.0,0.0,0,0,0,0,0,0.00,0.00,0.00,0.00,0,False
9,371,60,1,0,0,3,0,0,0,1,0,0,0,11,41.8,7.0,35.0,8.4,3,1,1,4,1,0.60,0.02,0.62,2.37,6,False
9,372,29,0,0,0,0,0,0,0,0,0,0,0,7,6.4,1.0,2.0,0.9,2,3,1,3,0,0.00,0.01,0.01,0.39,1,False
9,373,90,0,0,0,3,0,0,0,0,0,0,0,7,29.4,13.6,8.0,5.1,14,3,2,16,1,0.00,0.03,0.03,2.75,3,False
9,374,90,0,0,0,3,0,0,0,0,0,0,0,8,25.4,11.8,4.0,4.1,6,2,4,10,1,0.00,0.01,0.01,2.75,3,False
9,375,61,0,1,0,3,0,0,0,0,0,0,0,9,13.8,3.2,0.0,1.7,3,3,2,5,1,0.00,0.02,0.02,2.37,4,False
9,376,7,0,0,0,0,0,0,0,0,0,0,0,2,0.0,0.3,6.0,0.5,0,0,0,0,0,0.13,0.07,0.20,0.21,1,False
9,377,0,0,0,0,0,0,0,0,0,0,0,0,0,0.0,0.0,0.0,0.0,0,0,0,0,0,0.00,0.00,0.00,0.00,0,False
9,378,0,0,0,0,0,0,0,0,0,0,0,0,0,0.0,0.0,0.0,0.0,0,0,0,0,0,0.00,0.00,0.00,0.00,0,False
9,379,0,0,0,0,0,0,0,0,0,0,0,0,0,0.0,0.0,0.0,0.0,0,0,0,0,0,0.00,0.00,0.00,0.00,0,False
9,380,0,0,0,0,0,0,0,0,0,0,0,0,0,0.0,0.0,0.0,0.0,0,0,0,0,0,0.00,0.00,0.00,0.00,0,False
9,381,90,1,0,0,3,0,0,0,1,0,0,0,15,34.8,15.5,57.0,10.7,1,1,0,2,1,0.68,0.06,0.74,2.75,6,False
9,382,82,0,0,0,3,0,0,0,0,0,0,0,11,6.2,18.1,8.0,3.2,1,4,1,6,1,0.18,0.13,0.31,2.54,2,False
9,383,0,0,0,0,0,0,0,0,0,0,0,0,0,0.0,0.0,0.0,0.0,0,0,0,0,0,0.00,0.00,0.00,0.00,0,False
9,384,60,0,0,0,3,0,0,0,0,0,0,0,14,3.6,33.1,3.0,4.0,0,1,0,1,1,0.04,0.48,0.52,2.37,2,False
9,385,29,0,0,0,0,0,0,0,0,0,0,0,6,6.6,1.0,9.0,1.7,1,1,2,4,0,0.08,0.01,0.09,0.39,1,False
9,386,28,0,0,0,0,0,0,0,0,0,0,0,5,10.0,19.0,5.0,3.4,2,2,1,5,0,0.17,0.06,0.23,0.39,1,False
9,387,90,0,1,0,3,0,0,0,0,0,0,3,37,59.4,43.0,13.0,11.5,6,10,6,22,1,0.03,0.23,0.26,2.75,10,False
9,388,69,0,0,0,3,0,0,0,0,0,0,0,20,15.4,6.8,9.0,3.1,1,9,1,11,1,0.04,0.05,0.09,2.54,2,False
9,389,0,0,0,0,0,0,0,0,0,0,0,0,0,0.0,0.0,0.0,0.0,0,0,0,0,0,0.00,0.00,0.00,0.00,0,False
9,390,0,0,0,0,0,0,0,0,0,0,0,0,0,0.0,0.0,0.0,0.0,0,0,0,0,0,0.00,0.00,0.00,0.00,0,False
9,391,0,0,0,0,0,0,0,0,0,0,0,0,0,0.0,0.0,0.0,0.0,0,0,0,0,0,0.00,0.00,0.00,0.00,0,False
9,392,0,0,0,0,0,0,0,0,0,0,0,0,0,0.0,0.0,0.0,0.0,0,0,0,0,0,0.00,0.00,0.00,0.00,0,False
9,393,0,0,0,0,0,0,0,0,0,0,0,0,0,0.0,0.0,0.0,0.0,0,0,0,0,0,0.00,0.00,0.00,0.00,0,False
9,394,0,0,0,0,0,0,0,0,0,0,0,0,0,0.0,0.0,0.0,0.0,0,0,0,0,0,0.00,0.00,0.00,0.00,0,False
9,395,0,0,0,0,0,0,0,0,0,0,0,0,0,0.0,0.0,0.0,0.0,0,0,0,0,0,0.00,0.00,0.00,0.00,0,False
9,396,0,0,0,0,0,0,0,0,0,0,0,0,0,0.0,0.0,0.0,0.0,0,0,0,0,0,0.00,0.00,0.00,0.00,0,False
9,397,0,0,0,0,0,0,0,0,0,0,0,0,0,0.0,0.0,0.0,0.0,0,0,0,0,0,0.00,0.00,0.00,0.00,0,False
9,398,0,0,0,0,0,0,0,0,0,0,0,0,0,0.0,0.0,0.0,0.0,0,0,0,0,0,0.00,0.00,0.00,0.00,0,False
9,399,0,0,0,0,0,0,0,0,0,0,0,0,0,0.0,0.0,0.0,0.0,0,0,0,0,0,0.00,0.00,0.00,0.00,0,False
9,400,0,0,0,0,0,0,0,0,0,0,0,0,0,0.0,0.0,0.0,0.0,0,0,0,0,0,0.00,0.00,0.00,0.00,0,False
9,401,0,0,0,0,0,0,0,0,0,0,0,0,0,0.0,0.0,0.0,0.0,0,0,0,0,0,0.00,0.00,0.00,0.00,0,False
9,402,0,0,0,0,0,0,0,0,0,0,0,0,0,0.0,0.0,0.0,0.0,0,0,0,0,0,0.00,0.00,0.00,0.00,0,False
9,403,90,0,0,0,1,0,0,0,0,0,0,0,6,4.6,5.3,10.0,2.0,2,5,1,3,1,0.07,0.05,0.12,0.81,2,False
9,404,0,0,0,0,0,0,0,0,0,0,0,0,0,0.0,0.0,0.0,0.0,0,0,0,0,0,0.00,0.00,0.00,0.00,0,False
9,405,0,0,0,0,0,0,0,0,0,0,0,0,0,0.0,0.0,0.0,0.0,0,0,0,0,0,0.00,0.00,0.00,0.00,0,False
9,406,0,0,0,0,0,0,0,0,0,0,0,0,0,0.0,0.0,0.0,0.0,0,0,0,0,0,0.00,0.00,0.00,0.00,0,False
9,407,90,0,0,0,1,0,0,0,0,0,0,0,16,17.2,8.4,1.0,2.7,5,5,2,7,1,0.03,0.04,0.07,0.81,2,False
9,408,90,0,0,0,1,0,0,0,0,0,0,0,14,39.6,13.3,10.0,6.3,12,2,0,12,1,0.13,0.02,0.15,0.81,4,False
9,409,60,0,0,0,1,0,0,0,0,0,0,0,3,15.8,13.5,0.0,2.9,3,2,0,3,1,0.00,0.02,0.02,0.54,2,False
9,410,0,0,0,0,0,0,0,0,0,0,0,0,0,0.0,0.0,0.0,0.0,0,0,0,0,0,0.00,0.00,0.00,0.00,0,False
9,411,29,0,0,0,0,0,0,0,0,0,0,0,1,8.6,11.1,17.0,3.7,1,1,3,4,0,0.13,0.07,0.20,0.27,1,False
9,412,0,0,0,0,0,0,0,0,0,0,0,0,0,0.0,0.0,0.0,0.0,0,0,0,0,0,0.00,0.00,0.00,0.00,0,False
9,413,6,0,0,0,0,0,0,0,0,0,0,0,2,0.0,0.3,0.0,0.0,0,0,0,0,0,0.00,0.00,0.00,0.00,1,False
9,414,90,0,0,0,1,0,0,0,1,0,0,0,20,22.8,98.9,16.0,13.8,0,4,2,6,1,0.27,0.30,0.57,0.81,1,False
9,415,83,0,0,0,1,0,0,0,1,0,0,0,1,5.6,9.9,17.0,3.3,1,5,2,8,1,0.07,0.10,0.17,0.81,1,False
9,416,60,0,0,0,1,0,0,0,0,0,0,0,12,3.4,14.8,4.0,2.2,2,4,0,6,1,0.00,0.13,0.13,0.54,2,False
9,417,14,0,0,0,0,0,0,0,0,0,0,0,6,4.8,15.3,2.0,2.2,0,0,0,0,0,0.07,0.05,0.12,0.00,1,False
9,418,29,0,0,0,0,0,0,0,0,0,0,0,6,6.8,16.8,2.0,2.6,1,2,0,3,0,0.00,0.24,0.24,0.27,1,False
9,419,90,0,0,0,3,0,0,0,1,0,0,0,13,14.6,34.9,20.0,7.0,3,6,1,10,1,0.15,0.09,0.24,2.08,1,False
9,420,0,0,0,0,0,0,0,0,0,0,0,0,0,0.0,0.0,0.0,0.0,0,0,0,0,0,0.00,0.00,0.00,0.00,0,False
9,421,0,0,0,0,0,0,0,0,0,0,0,0,0,0.0,0.0,0.0,0.0,0,0,0,0,0,0.00,0.00,0.00,0.00,0,False
9,422,0,0,0,0,0,0,0,0,0,0,0,0,0,0.0,0.0,0.0,0.0,0,0,0,0,0,0.00,0.00,0.00,0.00,0,False
9,423,29,0,0,0,0,0,0,0,1,0,0,0,3,4.4,3.3,7.0,1.5,1,3,2,6,0,0.12,0.02,0.14,0.27,0,False
9,424,60,0,0,0,1,0,0,0,0,0,0,0,8,7.6,12.3,2.0,2.2,2,2,2,6,1,0.00,0.02,0.02,0.54,2,False
9,425,0,0,0,0,0,0,0,0,0,0,0,0,0,0.0,0.0,0.0,0.0,0,0,0,0,0,0.00,0.00,0.00,0.00,0,False
9,426,0,0,0,0,0,0,0,0,0,0,0,0,0,0.0,0.0,0.0,0.0,0,0,0,0,0,0.00,0.00,0.00,0.00,0,False
9,427,75,0,0,0,1,0,0,0,1,0,0,0,-1,0.0,4.3,5.0,0.4,1,2,0,3,1,0.07,0.03,0.10,0.81,1,False
9,428,0,0,0,0,0,0,0,0,0,0,0,0,0,0.0,0.0,0.0,0.0,0,0,0,0,0,0.00,0.00,0.00,0.00,0,False
9,429,0,0,0,0,0,0,0,0,0,0,0,0,0,0.0,0.0,0.0,0.0,0,0,0,0,0,0.00,0.00,0.00,0.00,0,False
9,430,90,0,0,0,1,0,0,0,0,0,0,0,9,15.2,2.6,53.0,7.1,3,0,0,3,1,0.23,0.01,0.24,0.81,2,False
9,431,0,0,0,0,0,0,0,0,0,0,0,0,0,0.0,0.0,0.0,0.0,0,0,0,0,0,0.00,0.00,0.00,0.00,0,False
9,432,0,0,0,0,0,0,0,0,0,0,0,0,0,0.0,0.0,0.0,0.0,0,0,0,0,0,0.00,0.00,0.00,0.00,0,False
9,433,0,0,0,0,0,0,0,0,0,0,0,0,0,0.0,0.0,0.0,0.0,0,0,0,0,0,0.00,0.00,0.00,0.00,0,False
9,434,0,0,0,0,0,0,0,0,0,0,0,0,0,0.0,0.0,0.0,0.0,0,0,0,0,0,0.00,0.00,0.00,0.00,0,False
9,435,0,0,0,0,0,0,0,0,0,0,0,0,0,0.0,0.0,0.0,0.0,0,0,0,0,0,0.00,0.00,0.00,0.00,0,False
9,436,90,0,0,0,2,0,0,0,0,0,0,0,9,17.8,1.4,0.0,1.9,8,5,0,8,1,0.00,0.00,0.00,1.12,1,False
9,437,0,0,0,0,0,0,0,0,0,0,0,0,0,0.0,0.0,0.0,0.0,0,0,0,0,0,0.00,0.00,0.00,0.00,0,False
9,438,0,0,0,0,0,0,0,0,0,0,0,0,0,0.0,0.0,0.0,0.0,0,0,0,0,0,0.00,0.00,0.00,0.00,0,False
9,439,0,0,0,0,0,0,0,0,0,0,0,0,0,0.0,0.0,0.0,0.0,0,0,0,0,0,0.00,0.00,0.00,0.00,0,False
9,440,90,0,0,0,2,0,0,0,0,0,0,0,4,9.6,15.2,1.0,2.6,2,4,2,4,1,0.03,0.08,0.11,1.12,1,False
9,441,20,0,0,0,2,0,0,0,1,0,0,0,-7,3.4,0.8,0.0,0.4,0,1,2,2,0,0.00,0.00,0.00,0.56,-1,False
9,442,0,0,0,0,0,0,0,0,0,0,0,0,0,0.0,0.0,0.0,0.0,0,0,0,0,0,0.00,0.00,0.00,0.00,0,False
9,443,64,0,1,1,0,0,0,0,0,0,0,0,31,21.8,11.4,0.0,3.3,1,2,1,2,1,0.00,0.00,0.00,0.56,9,False
9,444,90,0,0,0,2,0,0,0,0,0,0,0,8,12.8,2.8,0.0,1.6,5,4,1,6,1,0.00,0.01,0.01,1.12,1,False
9,445,0,0,0,0,0,0,0,0,0,0,0,0,0,0.0,0.0,0.0,0.0,0,0,0,0,0,0.00,0.00,0.00,0.00,0,False
9,446,0,0,0,0,0,0,0,0,0,0,0,0,0,0.0,0.0,0.0,0.0,0,0,0,0,0,0.00,0.00,0.00,0.00,0,False
9,447,25,0,1,0,2,0,0,0,0,0,0,0,11,26.6,10.3,0.0,3.7,2,1,1,3,0,0.00,0.08,0.08,0.56,3,False
9,448,0,0,0,0,0,0,0,0,0,0,0,0,0,0.0,0.0,0.0,0.0,0,0,0,0,0,0.00,0.00,0.00,0.00,0,False
9,449,90,0,0,0,2,0,0,0,0,0,0,0,27,30.8,30.7,48.0,11.0,5,7,3,15,1,0.38,0.19,0.57,1.12,4,False
9,450,81,1,0,0,1,0,0,0,0,0,0,1,41,51.2,26.7,18.0,9.6,2,3,3,8,1,0.09,0.30,0.39,0.80,8,False
9,451,0,0,0,0,0,0,0,0,0,0,0,0,0,0.0,0.0,0.0,0.0,0,0,0,0,0,0.00,0.00,0.00,0.00,0,False
9,452,69,0,0,1,0,0,0,0,0,0,0,0,11,2.2,5.6,8.0,1.6,1,4,0,5,1,0.00,0.01,0.01,0.56,3,False
9,453,57,1,0,0,1,0,0,0,0,0,0,0,18,31.0,4.3,61.0,9.6,1,1,0,2,1,0.22,0.04,0.26,1.02,6,False
9,454,0,0,0,0,0,0,0,0,0,0,0,0,0,0.0,0.0,0.0,0.0,0,0,0,0,0,0.00,0.00,0.00,0.00,0,False
9,455,0,0,0,0,0,0,0,0,0,0,0,0,0,0.0,0.0,0.0,0.0,0,0,0,0,0,0.00,0.00,0.00,0.00,0,False
9,456,44,0,0,0,0,0,0,0,0,0,0,0,2,8.0,2.3,56.0,6.6,1,1,0,2,0,0.27,0.02,0.29,0.45,1,False
9,457,69,1,1,1,0,0,0,0,0,0,0,2,43,65.8,16.7,9.0,9.2,4,5,3,12,1,0.02,0.02,0.04,0.56,15,True
9,458,20,0,0,0,2,0,0,0,0,0,0,0,3,5.6,12.1,2.0,2.0,1,2,1,4,0,0.00,0.01,0.01,0.56,1,False
9,459,9,0,0,0,1,0,0,0,0,0,0,0,6,5.6,0.8,0.0,0.6,1,2,2,5,0,0.00,0.00,0.00,0.32,1,False
9,460,0,0,0,0,0,0,0,0,0,0,0,0,0,0.0,0.0,0.0,0.0,0,0,0,0,0,0.00,0.00,0.00,0.00,0,False
9,461,0,0,0,0,0,0,0,0,0,0,0,0,0,0.0,0.0,0.0,0.0,0,0,0,0,0,0.00,0.00,0.00,0.00,0,False
9,462,0,0,0,0,0,0,0,0,0,0,0,0,0,0.0,0.0,0.0,0.0,0,0,0,0,0,0.00,0.00,0.00,0.00,0,False
9,463,0,0,0,0,0,0,0,0,0,0,0,0,0,0.0,0.0,0.0,0.0,0,0,0,0,0,0.00,0.00,0.00,0.00,0,False
9,464,0,0,0,0,0,0,0,0,0,0,0,0,0,0.0,0.0,0.0,0.0,0,0,0,0,0,0.00,0.00,0.00,0.00,0,False
9,465,0,0,0,0,0,0,0,0,0,0,0,0,0,0.0,0.0,0.0,0.0,0,0,0,0,0,0.00,0.00,0.00,0.00,0,False
9,466,8,0,0,0,1,0,0,0,0,0,0,0,3,5.2,1.1,2.0,0.8,0,0,2,2,0,0.00,0.00,0.00,0.32,1,False
9,467,0,0,0,0,0,0,0,0,0,0,0,0,0,0.0,0.0,0.0,0.0,0,0,0,0,0,0.00,0.00,0.00,0.00,0,False
9,468,0,0,0,0,0,0,0,0,0,0,0,0,0,0.0,0.0,0.0,0.0,0,0,0,0,0,0.00,0.00,0.00,0.00,0,False
9,469,90,0,0,0,1,0,0,0,0,0,4,0,14,27.4,0.0,0.0,2.7,0,7,0,0,1,0.00,0.00,0.00,1.53,3,False
9,470,90,0,0,0,2,0,0,0,0,0,5,0,16,40.0,0.0,0.0,4.0,1,12,0,0,1,0.00,0.00,0.00,2.52,2,False
9,471,0,0,0,0,0,0,0,0,0,0,0,0,0,0.0,0.0,0.0,0.0,0,0,0,0,0,0.00,0.00,0.00,0.00,0,False
9,472,0,0,0,0,0,0,0,0,0,0,0,0,0,0.0,0.0,0.0,0.0,0,0,0,0,0,0.00,0.00,0.00,0.00,0,False
9,473,0,0,0,0,0,0,0,0,0,0,0,0,0,0.0,0.0,0.0,0.0,0,0,0,0,0,0.00,0.00,0.00,0.00,0,False
9,474,29,0,0,0,0,0,0,0,0,0,0,0,8,19.4,0.3,0.0,2.0,7,2,1,8,0,0.00,0.01,0.01,0.18,1,False
9,475,60,0,0,0,1,0,0,0,0,0,0,0,3,8.2,0.0,6.0,1.4,4,1,0,4,1,0.00,0.00,0.00,1.35,2,False
9,476,90,0,0,0,1,0,0,0,0,0,0,0,1,3.0,1.1,4.0,0.8,1,3,1,2,1,0.00,0.01,0.01,1.53,2,False
9,477,0,0,0,0,0,0,0,0,0,0,0,0,0,0.0,0.0,0.0,0.0,0,0,0,0,0,0.00,0.00,0.00,0.00,0,False
9,478,90,0,0,0,1,0,0,0,0,0,0,0,19,24.2,31.2,0.0,5.5,6,5,2,8,1,0.00,0.26,0.26,1.53,2,False
9,479,0,0,0,0,0,0,0,0,0,0,0,0,0,0.0,0.0,0.0,0.0,0,0,0,0,0,0.00,0.00,0.00,0.00,0,False
9,480,0,0,0,0,0,0,0,0,0,0,0,0,0,0.0,0.0,0.0,0.0,0,0,0,0,0,0.00,0.00,0.00,0.00,0,False
9,481,0,0,0,0,0,0,0,0,0,0,0,0,0,0.0,0.0,0.0,0.0,0,0,0,0,0,0.00,0.00,0.00,0.00,0,False
9,482,0,0,0,0,0,0,0,0,0,0,0,0,0,0.0,0.0,0.0,0.0,0,0,0,0,0,0.00,0.00,0.00,0.00,0,False
9,483,0,0,0,0,0,0,0,0,0,0,0,0,0,0.0,0.0,0.0,0.0,0,0,0,0,0,0.00,0.00,0.00,0.00,0,False
9,484,0,0,0,0,0,0,0,0,0,0,0,0,0,0.0,0.0,0.0,0.0,0,0,0,0,0,0.00,0.00,0.00,0.00,0,False
9,485,75,0,0,0,1,0,0,0,0,0,0,0,12,3.4,28.7,10.0,4.2,0,4,0,4,1,0.00,0.42,0.42,1.53,2,False
9,486,14,0,0,0,0,0,0,0,0,0,0,0,5,7.4,20.3,9.0,3.7,1,0,0,1,0,0.17,0.07,0.24,0.00,1,False
9,487,29,0,0,0,0,0,0,0,0,0,0,0,6,5.0,16.8,8.0,3.0,0,0,0,0,0,0.00,0.05,0.05,0.18,1,False
9,488,90,1,0,0,1,0,0,0,0,0,0,3,39,46.0,46.9,25.0,11.8,0,6,3,9,1,0.80,0.10,0.90,1.53,10,False
9,489,60,1,0,0,1,0,0,0,0,0,0,1,30,41.0,3.8,57.0,10.2,0,3,1,4,1,0.49,0.03,0.52,1.35,8,False
9,490,90,0,0,0,1,0,0,0,0,0,0,0,18,22.2,27.0,11.0,6.0,3,6,4,13,1,0.07,0.03,0.10,1.53,4,False
9,491,29,0,0,0,0,0,0,0,0,0,0,0,7,8.6,1.8,24.0,3.4,1,2,0,3,0,0.08,0.01,0.09,0.18,1,False
9,492,0,0,0,0,0,0,0,0,0,0,0,0,0,0.0,0.0,0.0,0.0,0,0,0,0,0,0.00,0.00,0.00,0.00,0,False
9,493,90,0,1,0,1,0,0,0,0,0,0,1,27,32.4,15.8,0.0,4.8,2,4,4,10,1,0.00,0.18,0.18,0.65,6,False
9,494,0,0,0,0,0,0,0,0,0,0,0,0,0,0.0,0.0,0.0,0.0,0,0,0,0,0,0.00,0.00,0.00,0.00,0,False
9,495,0,0,0,0,0,0,0,0,0,0,0,0,0,0.0,0.0,0.0,0.0,0,0,0,0,0,0.00,0.00,0.00,0.00,0,False
9,496,0,0,0,0,0,0,0,0,0,0,0,0,0,0.0,0.0,0.0,0.0,0,0,0,0,0,0.00,0.00,0.00,0.00,0,False
9,497,60,0,0,0,1,0,0,0,0,0,0,0,5,0.2,2.5,2.0,0.5,2,2,0,4,1,0.00,0.01,0.01,1.35,2,False
9,498,0,0,0,0,0,0,0,0,0,0,0,0,0,0.0,0.0,0.0,0.0,0,0,0,0,0,0.00,0.00,0.00,0.00,0,False
9,499,0,0,0,0,0,0,0,0,0,0,0,0,0,0.0,0.0,0.0,0.0,0,0,0,0,0,0.00,0.00,0.00,0.00,0,False
9,500,4,0,1,0,0,0,0,0,0,0,0,0,13,3.0,0.0,12.0,1.5,0,2,0,2,0,0.13,0.00,0.13,0.00,4,False
9,501,0,0,0,0,0,0,0,0,0,0,0,0,0,0.0,0.0,0.0,0.0,0,0,0,0,0,0.00,0.00,0.00,0.00,0,False
9,502,90,0,0,0,2,0,0,0,0,0,3,0,3,15.2,0.0,0.0,1.5,1,3,0,0,1,0.00,0.01,0.01,0.59,2,False
9,503,0,0,0,0,0,0,0,0,0,0,0,0,0,0.0,0.0,0.0,0.0,0,0,0,0,0,0.00,0.00,0.00,0.00,0,False
9,504,0,0,0,0,0,0,0,0,0,0,0,0,0,0.0,0.0,0.0,0.0,0,0,0,0,0,0.00,0.00,0.00,0.00,0,False
9,505,90,0,0,0,2,0,0,0,0,0,0,0,4,9.6,0.7,0.0,1.0,4,3,0,4,1,0.00,0.00,0.00,0.59,1,False
9,506,90,0,0,0,2,0,0,0,0,0,0,0,8,28.4,0.6,0.0,2.9,5,4,3,8,1,0.00,0.00,0.00,0.59,1,False
9,507,0,0,0,0,0,0,0,0,0,0,0,0,0,0.0,0.0,0.0,0.0,0,0,0,0,0,0.00,0.00,0.00,0.00,0,False
9,508,90,0,0,0,2,0,0,0,0,0,0,0,13,16.4,5.8,10.0,3.2,4,4,3,7,1,0.09,0.05,0.14,0.59,1,False
9,509,0,0,0,0,0,0,0,0,0,0,0,0,0,0.0,0.0,0.0,0.0,0,0,0,0,0,0.00,0.00,0.00,0.00,0,False
9,510,0,0,0,0,0,0,0,0,0,0,0,0,0,0.0,0.0,0.0,0.0,0,0,0,0,0,0.00,0.00,0.00,0.00,0,False
9,511,0,0,0,0,0,0,0,0,0,0,0,0,0,0.0,0.0,0.0,0.0,0,0,0,0,0,0.00,0.00,0.00,0.00,0,False
9,512,0,0,0,0,0,0,0,0,0,0,0,0,0,0.0,0.0,0.0,0.0,0,0,0,0,0,0.00,0.00,0.00,0.00,0,False
9,513,0,0,0,0,0,0,0,0,0,0,0,0,0,0.0,0.0,0.0,0.0,0,0,0,0,0,0.00,0.00,0.00,0.00,0,False
9,514,0,0,0,0,0,0,0,0,0,0,0,0,0,0.0,0.0,0.0,0.0,0,0,0,0,0,0.00,0.00,0.00,0.00,0,False
9,515,88,0,0,0,2,0,0,0,0,0,0,0,9,4.2,18.0,12.0,3.4,2,2,0,4,1,0.10,0.05,0.15,0.59,2,False
9,516,45,0,0,0,2,0,0,0,0,0,0,0,2,1.8,12.4,0.0,1.4,1,3,0,4,1,0.00,0.02,0.02,0.48,1,False
9,517,90,0,0,0,2,0,0,0,0,0,0,0,15,16.0,26.8,0.0,4.3,1,7,3,11,1,0.00,0.14,0.14,0.59,2,False
9,518,0,0,0,0,0,0,0,0,0,0,0,0,0,0.0,0.0,0.0,0.0,0,0,0,0,0,0.00,0.00,0.00,0.00,0,False
9,519,7,0,0,0,0,0,0,0,0,0,0,0,6,4.6,11.1,0.0,1.6,0,0,1,1,0,0.00,0.02,0.02,0.00,1,False
9,520,0,0,0,0,0,0,0,0,0,0,0,0,0,0.0,0.0,0.0,0.0,0,0,0,0,0,0.00,0.00,0.00,0.00,0,False
9,521,0,0,0,0,0,0,0,0,0,0,0,0,0,0.0,0.0,0.0,0.0,0,0,0,0,0,0.00,0.00,0.00,0.00,0,False
9,522,45,0,0,0,0,0,0,0,0,0,0,0,5,3.0,2.7,0.0,0.6,2,0,0,2,0,0.00,0.00,0.00,0.10,1,False
9,523,0,0,0,0,0,0,0,0,0,0,0,0,0,0.0,0.0,0.0,0.0,0,0,0,0,0,0.00,0.00,0.00,0.00,0,False
9,524,0,0,0,0,0,0,0,0,0,0,0,0,0,0.0,0.0,0.0,0.0,0,0,0,0,0,0.00,0.00,0.00,0.00,0,False
9,525,0,0,0,0,0,0,0,0,0,0,0,0,0,0.0,0.0,0.0,0.0,0,0,0,0,0,0.00,0.00,0.00,0.00,0,False
9,526,45,0,0,0,2,0,0,0,0,0,0,0,8,5.6,12.3,0.0,1.8,2,0,1,3,1,0.00,0.02,0.02,0.48,1,False
9,527,45,0,0,0,0,0,0,0,0,0,0,0,8,6.6,3.2,36.0,4.6,0,1,0,1,0,0.11,0.00,0.11,0.10,1,False
9,528,0,0,0,0,0,0,0,0,0,0,0,0,0,0.0,0.0,0.0,0.0,0,0,0,0,0,0.00,0.00,0.00,0.00,0,False
9,529,0,0,0,0,0,0,0,0,0,0,0,0,0,0.0,0.0,0.0,0.0,0,0,0,0,0,0.00,0.00,0.00,0.00,0,False
9,530,0,0,0,0,0,0,0,0,0,0,0,0,0,0.0,0.0,0.0,0.0,0,0,0,0,0,0.00,0.00,0.00,0.00,0,False
9,531,90,0,0,0,1,0,0,0,0,0,0,0,4,18.2,0.6,19.0,3.8,7,3,2,9,1,0.05,0.01,0.06,0.90,2,False
9,532,90,0,0,0,1,0,0,0,0,0,0,0,11,11.0,1.6,0.0,1.3,5,3,1,6,1,0.00,0.01,0.01,0.90,2,False
9,533,0,0,0,0,0,0,0,0,0,0,0,0,0,0.0,0.0,0.0,0.0,0,0,0,0,0,0.00,0.00,0.00,0.00,0,False
9,534,0,0,0,0,0,0,0,0,0,0,0,0,0,0.0,0.0,0.0,0.0,0,0,0,0,0,0.00,0.00,0.00,0.00,0,False
9,535,0,0,0,0,0,0,0,0,0,0,0,0,0,0.0,0.0,0.0,0.0,0,0,0,0,0,0.00,0.00,0.00,0.00,0,False
9,536,0,0,0,0,0,0,0,0,0,0,0,0,0,0.0,0.0,0.0,0.0,0,0,0,0,0,0.00,0.00,0.00,0.00,0,False
9,537,0,0,0,0,0,0,0,0,0,0,0,0,0,0.0,0.0,0.0,0.0,0,0,0,0,0,0.00,0.00,0.00,0.00,0,False
9,538,0,0,0,0,0,0,0,0,0,0,0,0,0,0.0,0.0,0.0,0.0,0,0,0,0,0,0.00,0.00,0.00,0.00,0,False
9,539,0,0,0,0,0,0,0,0,0,0,0,0,0,0.0,0.0,0.0,0.0,0,0,0,0,0,0.00,0.00,0.00,0.00,0,False
9,540,0,0,0,0,0,0,0,0,0,0,0,0,0,0.0,0.0,0.0,0.0,0,0,0,0,0,0.00,0.00,0.00,0.00,0,False
9,541,90,0,0,0,1,0,0,0,0,0,0,0,7,11.0,0.6,0.0,1.2,5,2,1,6,1,0.00,0.00,0.00,0.90,2,False
9,542,0,0,0,0,0,0,0,0,0,0,0,0,0,0.0,0.0,0.0,0.0,0,0,0,0,0,0.00,0.00,0.00,0.00,0,False
9,543,0,0,0,0,0,0,0,0,0,0,0,0,0,0.0,0.0,0.0,0.0,0,0,0,0,0,0.00,0.00,0.00,0.00,0,False
9,544,0,0,0,0,0,0,0,0,0,0,0,0,0,0.0,0.0,0.0,0.0,0,0,0,0,0,0.00,0.00,0.00,0.00,0,False
9,545,0,0,0,0,0,0,0,0,0,0,0,0,0,0.0,0.0,0.0,0.0,0,0,0,0,0,0.00,0.00,0.00,0.00,0,False
9,546,0,0,0,0,0,0,0,0,0,0,0,0,0,0.0,0.0,0.0,0.0,0,0,0,0,0,0.00,0.00,0.00,0.00,0,False
9,547,74,0,0,0,1,0,0,0,1,0,0,0,7,10.0,24.4,3.0,3.7,2,5,2,9,1,0.04,0.02,0.06,0.78,1,False
9,548,0,0,0,0,0,0,0,0,0,0,0,0,0,0.0,0.0,0.0,0.0,0,0,0,0,0,0.00,0.00,0.00,0.00,0,False
9,549,0,0,0,0,0,0,0,0,0,0,0,0,0,0.0,0.0,0.0,0.0,0,0,0,0,0,0.00,0.00,0.00,0.00,0,False
9,550,0,0,0,0,0,0,0,0,0,0,0,0,0,0.0,0.0,0.0,0.0,0,0,0,0,0,0.00,0.00,0.00,0.00,0,False
9,551,15,0,0,0,0,0,0,0,0,0,0,0,4,1.2,0.6,0.0,0.2,1,1,0,2,0,0.00,0.01,0.01,0.12,1,False
9,552,90,0,0,0,1,0,0,0,0,0,0,0,17,15.6,11.3,0.0,2.7,5,4,2,11,1,0.00,0.01,0.01,0.90,2,False
9,553,25,1,0,0,0,0,0,0,0,0,0,2,26,33.4,0.3,17.0,5.1,0,1,0,1,0,0.12,0.00,0.12,0.23,8,False
9,554,0,0,0,0,0,0,0,0,0,0,0,0,0,0.0,0.0,0.0,0.0,0,0,0,0,0,0.00,0.00,0.00,0.00,0,False
9,555,0,0,0,0,0,0,0,0,0,0,0,0,0,0.0,0.0,0.0,0.0,0,0,0,0,0,0.00,0.00,0.00,0.00,0,False
9,556,0,0,0,0,0,0,0,0,0,0,0,0,0,0.0,0.0,0.0,0.0,0,0,0,0,0,0.00,0.00,0.00,0.00,0,False
9,557,0,0,0,0,0,0,0,0,0,0,0,0,0,0.0,0.0,0.0,0.0,0,0,0,0,0,0.00,0.00,0.00,0.00,0,False
9,558,0,0,0,0,0,0,0,0,0,0,0,0,0,0.0,0.0,0.0,0.0,0,0,0,0,0,0.00,0.00,0.00,0.00,0,False
9,559,0,0,0,0,0,0,0,0,0,0,0,0,0,0.0,0.0,0.0,0.0,0,0,0,0,0,0.00,0.00,0.00,0.00,0,False
9,560,74,1,0,0,1,0,0,0,0,0,0,1,25,28.0,1.6,44.0,7.4,1,0,0,1,1,0.80,0.00,0.80,0.78,7,False
9,561,0,0,0,0,0,0,0,0,0,0,0,0,0,0.0,0.0,0.0,0.0,0,0,0,0,0,0.00,0.00,0.00,0.00,0,False
9,562,0,0,0,0,0,0,0,0,0,0,0,0,0,0.0,0.0,0.0,0.0,0,0,0,0,0,0.00,0.00,0.00,0.00,0,False
9,563,0,0,0,0,0,0,0,0,0,0,0,0,0,0.0,0.0,0.0,0.0,0,0,0,0,0,0.00,0.00,0.00,0.00,0,False
9,564,0,0,0,0,0,0,0,0,0,0,0,0,0,0.0,0.0,0.0,0.0,0,0,0,0,0,0.00,0.00,0.00,0.00,0,False
9,565,90,0,0,1,0,0,0,0,0,0,2,0,29,16.0,0.0,0.0,1.6,2,10,0,0,1,0.00,0.00,0.00,1.53,6,False
9,566,0,0,0,0,0,0,0,0,0,0,0,0,0,0.0,0.0,0.0,0.0,0,0,0,0,0,0.00,0.00,0.00,0.00,0,False
9,567,0,0,0,0,0,0,0,0,0,0,0,0,0,0.0,0.0,0.0,0.0,0,0,0,0,0,0.00,0.00,0.00,0.00,0,False
9,568,90,0,1,1,0,0,0,0,0,0,0,2,41,32.8,15.8,0.0,4.9,6,3,2,8,1,0.00,0.29,0.29,1.53,11,True
9,569,0,0,0,0,0,0,0,0,0,0,0,0,0,0.0,0.0,0.0,0.0,0,0,0,0,0,0.00,0.00,0.00,0.00,0,False
9,570,90,0,0,1,0,0,0,0,0,0,0,1,36,30.6,0.4,0.0,3.1,20,3,1,21,1,0.00,0.00,0.00,1.53,9,False
9,571,0,0,0,0,0,0,0,0,0,0,0,0,0,0.0,0.0,0.0,0.0,0,0,0,0,0,0.00,0.00,0.00,0.00,0,False
9,572,0,0,0,0,0,0,0,0,0,0,0,0,0,0.0,0.0,0.0,0.0,0,0,0,0,0,0.00,0.00,0.00,0.00,0,False
9,573,90,0,0,1,0,0,0,0,0,0,0,0,17,8.4,1.0,0.0,0.9,5,3,1,6,1,0.00,0.00,0.00,1.53,6,False
9,574,0,0,0,0,0,0,0,0,0,0,0,0,0,0.0,0.0,0.0,0.0,0,0,0,0,0,0.00,0.00,0.00,0.00,0,False
9,575,90,2,0,1,0,0,0,0,0,0,0,3,59,82.0,1.6,66.0,15.0,10,2,0,10,1,1.07,0.07,1.14,1.53,23,True
9,576,0,0,0,0,0,0,0,0,0,0,0,0,0,0.0,0.0,0.0,0.0,0,0,0,0,0,0.00,0.00,0.00,0.00,0,False
9,577,0,0,0,0,0,0,0,0,0,0,0,0,0,0.0,0.0,0.0,0.0,0,0,0,0,0,0.00,0.00,0.00,0.00,0,False
9,578,0,0,0,0,0,0,0,0,0,0,0,0,0,0.0,0.0,0.0,0.0,0,0,0,0,0,0.00,0.00,0.00,0.00,0,False
9,579,0,0,0,0,0,0,0,0,0,0,0,0,0,0.0,0.0,0.0,0.0,0,0,0,0,0,0.00,0.00,0.00,0.00,0,False
9,580,90,0,0,1,0,0,0,0,0,0,0,0,13,12.4,6.9,8.0,2.7,5,1,3,9,1,0.00,0.01,0.01,1.53,3,False
9,581,0,0,0,0,0,0,0,0,0,0,0,0,0,0.0,0.0,0.0,0.0,0,0,0,0,0,0.00,0.00,0.00,0.00,0,False
9,582,77,0,0,1,0,0,0,0,0,0,0,0,3,1.8,5.6,2.0,0.9,0,6,0,6,1,0.09,0.06,0.15,1.31,3,False
9,583,0,0,0,0,0,0,0,0,0,0,0,0,0,0.0,0.0,0.0,0.0,0,0,0,0,0,0.00,0.00,0.00,0.00,0,False
9,584,1,0,0,0,0,0,0,0,0,0,0,0,3,0.0,0.0,0.0,0.0,0,0,0,0,0,0.00,0.00,0.00,0.00,1,False
9,585,90,0,1,1,0,0,0,0,0,0,0,0,27,20.8,11.1,16.0,4.8,4,7,1,12,1,0.14,0.01,0.15,1.53,8,False
9,586,29,0,0,0,0,0,0,0,0,0,0,0,4,1.4,0.2,0.0,0.2,0,1,2,3,0,0.00,0.00,0.00,0.45,1,False
9,587,0,0,0,0,0,0,0,0,0,0,0,0,0,0.0,0.0,0.0,0.0,0,0,0,0,0,0.00,0.00,0.00,0.00,0,False
9,588,0,0,0,0,0,0,0,0,0,0,0,0,0,0.0,0.0,0.0,0.0,0,0,0,0,0,0.00,0.00,0.00,0.00,0,False
9,589,0,0,0,0,0,0,0,0,0,0,0,0,0,0.0,0.0,0.0,0.0,0,0,0,0,0,0.00,0.00,0.00,0.00,0,False
9,590,0,0,0,0,0,0,0,0,0,0,0,0,0,0.0,0.0,0.0,0.0,0,0,0,0,0,0.00,0.00,0.00,0.00,0,False
9,591,0,0,0,0,0,0,0,0,0,0,0,0,0,0.0,0.0,0.0,0.0,0,0,0,0,0,0.00,0.00,0.00,0.00,0,False
9,592,0,0,0,0,0,0,0,0,0,0,0,0,0,0.0,0.0,0.0,0.0,0,0,0,0,0,0.00,0.00,0.00,0.00,0,False
9,593,12,1,0,0,0,0,0,0,0,0,0,0,23,0.0,0.0,0.0,0.0,1,1,0,2,0,0.42,0.00,0.42,0.22,6,False
9,594,0,0,0,0,0,0,0,0,0,0,0,0,0,0.0,0.0,0.0,0.0,0,0,0,0,0,0.00,0.00,0.00,0.00,0,False
9,595,0,0,0,0,0,0,0,0,0,0,0,0,0,0.0,0.0,0.0,0.0,0,0,0,0,0,0.00,0.00,0.00,0.00,0,False
9,596,0,0,0,0,0,0,0,0,0,0,0,0,0,0.0,0.0,0.0,0.0,0,0,0,0,0,0.00,0.00,0.00,0.00,0,False
9,597,28,0,1,0,0,0,0,0,0,0,0,0,14,7.2,0.3,17.0,2.5,4,1,1,6,0,0.36,0.27,0.63,0.45,4,False
9,598,0,0,0,0,0,0,0,0,0,0,0,0,0,0.0,0.0,0.0,0.0,0,0,0,0,0,0.00,0.00,0.00,0.00,0,False
9,599,0,0,0,0,0,0,0,0,0,0,0,0,0,0.0,0.0,0.0,0.0,0,0,0,0,0,0.00,0.00,0.00,0.00,0,False
9,600,90,0,0,0,2,0,0,0,0,0,3,0,8,22.0,0.0,0.0,2.2,0,8,0,0,1,0.00,0.00,0.00,1.49,2,False
9,601,0,0,0,0,0,0,0,0,0,0,0,0,0,0.0,0.0,0.0,0.0,0,0,0,0,0,0.00,0.00,0.00,0.00,0,False
9,602,0,0,0,0,0,0,0,0,0,0,0,0,0,0.0,0.0,0.0,0.0,0,0,0,0,0,0.00,0.00,0.00,0.00,0,False
9,603,90,0,0,0,2,0,0,0,0,0,0,0,3,9.6,3.2,3.0,1.6,2,2,1,3,1,0.04,0.01,0.05,1.49,1,False
9,604,0,0,0,0,0,0,0,0,0,0,0,0,0,0.0,0.0,0.0,0.0,0,0,0,0,0,0.00,0.00,0.00,0.00,0,False
9,605,90,0,0,0,2,0,0,0,0,0,0,0,4,15.6,1.1,0.0,1.7,5,6,0,5,1,0.00,0.01,0.01,1.49,1,False
9,606,0,0,0,0,0,0,0,0,0,0,0,0,0,0.0,0.0,0.0,0.0,0,0,0,0,0,0.00,0.00,0.00,0.00,0,False
9,607,0,0,0,0,0,0,0,0,0,0,0,0,0,0.0,0.0,0.0,0.0,0,0,0,0,0,0.00,0.00,0.00,0.00,0,False
9,608,24,0,0,0,2,0,0,0,0,0,0,0,-6,0.0,0.2,0.0,0.0,0,1,0,0,1,0.00,0.00,0.00,0.68,0,False
9,609,90,0,0,0,2,0,0,0,1,0,0,0,8,16.4,1.3,0.0,1.8,4,6,2,6,1,0.00,0.01,0.01,1.49,0,False
9,610,78,0,0,0,2,0,0,0,0,0,0,0,4,12.4,17.7,0.0,3.0,4,1,1,5,1,0.00,0.07,0.07,1.49,1,False
9,611,0,0,0,0,0,0,0,0,0,0,0,0,0,0.0,0.0,0.0,0.0,0,0,0,0,0,0.00,0.00,0.00,0.00,0,False
9,612,90,0,0,0,2,0,0,0,1,0,0,0,8,7.4,25.9,8.0,4.1,0,6,1,7,1,0.09,0.10,0.19,1.49,1,False
9,613,64,0,0,0,2,0,0,0,0,0,0,0,10,5.2,3.9,7.0,1.6,2,1,0,3,1,0.24,0.01,0.25,1.49,2,False
9,614,0,0,0,0,0,0,0,0,0,0,0,0,0,0.0,0.0,0.0,0.0,0,0,0,0,0,0.00,0.00,0.00,0.00,0,False
9,615,78,0,0,0,2,0,0,0,1,0,0,0,1,2.8,3.3,0.0,0.6,0,7,2,9,1,0.00,0.01,0.01,1.49,1,False
9,616,0,0,0,0,0,0,0,0,0,0,0,0,0,0.0,0.0,0.0,0.0,0,0,0,0,0,0.00,0.00,0.00,0.00,0,False
9,617,0,0,0,0,0,0,0,0,0,0,0,0,0,0.0,0.0,0.0,0.0,0,0,0,0,0,0.00,0.00,0.00,0.00,0,False
9,618,0,0,0,0,0,0,0,0,0,0,0,0,0,0.0,0.0,0.0,0.0,0,0,0,0,0,0.00,0.00,0.00,0.00,0,False
9,619,0,0,0,0,0,0,0,0,0,0,0,0,0,0.0,0.0,0.0,0.0,0,0,0,0,0,0.00,0.00,0.00,0.00,0,False
9,620,0,0,0,0,0,0,0,0,0,0,0,0,0,0.0,0.0,0.0,0.0,0,0,0,0,0,0.00,0.00,0.00,0.00,0,False
9,621,64,0,0,0,2,0,0,0,0,0,0,0,13,4.2,4.3,0.0,0.9,1,4,1,6,1,0.00,0.01,0.01,1.49,2,False
9,622,0,0,0,0,0,0,0,0,0,0,0,0,0,0.0,0.0,0.0,0.0,0,0,0,0,0,0.00,0.00,0.00,0.00,0,False
9,623,26,0,0,0,0,0,0,0,0,0,0,0,10,3.2,2.9,0.0,0.6,0,4,0,4,0,0.00,0.03,0.03,0.00,1,False
9,624,90,0,1,0,2,0,0,0,0,0,0,0,20,26.8,48.3,22.0,9.7,0,2,0,2,1,0.10,0.63,0.73,1.49,5,False
9,625,0,0,0,0,0,0,0,0,0,0,0,0,0,0.0,0.0,0.0,0.0,0,0,0,0,0,0.00,0.00,0.00,0.00,0,False
9,626,0,0,0,0,0,0,0,0,0,0,0,0,0,0.0,0.0,0.0,0.0,0,0,0,0,0,0.00,0.00,0.00,0.00,0,False
9,627,90,0,0,0,3,0,0,0,0,0,4,0,12,30.0,0.0,0.0,3.0,0,14,1,0,1,0.00,0.00,0.00,1.43,2,False
9,628,0,0,0,0,0,0,0,0,0,0,0,0,0,0.0,0.0,0.0,0.0,0,0,0,0,0,0.00,0.00,0.00,0.00,0,False
9,629,0,0,0,0,0,0,0,0,0,0,0,0,0,0.0,0.0,0.0,0.0,0,0,0,0,0,0.00,0.00,0.00,0.00,0,False
9,630,0,0,0,0,0,0,0,0,0,0,0,0,0,0.0,0.0,0.0,0.0,0,0,0,0,0,0.00,0.00,0.00,0.00,0,False
9,631,0,0,0,0,0,0,0,0,0,0,0,0,0,0.0,0.0,0.0,0.0,0,0,0,0,0,0.00,0.00,0.00,0.00,0,False
9,632,0,0,0,0,0,0,0,0,0,0,0,0,0,0.0,0.0,0.0,0.0,0,0,0,0,0,0.00,0.00,0.00,0.00,0,False
9,633,84,0,0,0,2,0,0,0,0,0,0,0,10,19.8,36.1,5.0,6.1,4,4,3,7,1,0.06,0.10,0.16,1.06,1,False
9,634,0,0,0,0,0,0,0,0,0,0,0,0,0,0.0,0.0,0.0,0.0,0,0,0,0,0,0.00,0.00,0.00,0.00,0,False
9,635,90,0,0,0,3,0,0,0,0,0,0,0,-1,7.0,16.5,29.0,5.3,2,4,1,3,1,0.23,0.03,0.26,1.43,1,False
9,636,90,0,1,0,3,0,0,0,0,0,0,0,15,29.2,3.6,19.0,5.2,8,2,1,9,1,0.05,0.02,0.07,1.43,4,False
9,637,0,0,0,0,0,0,0,0,0,0,0,0,0,0.0,0.0,0.0,0.0,0,0,0,0,0,0.00,0.00,0.00,0.00,0,False
9,638,75,0,0,0,2,0,0,0,0,0,0,0,2,9.2,2.3,2.0,1.4,3,2,1,4,1,0.00,0.05,0.05,1.05,1,False
9,639,0,0,0,0,0,0,0,0,0,0,0,0,0,0.0,0.0,0.0,0.0,0,0,0,0,0,0.00,0.00,0.00,0.00,0,False
9,640,0,0,0,0,0,0,0,0,0,0,0,0,0,0.0,0.0,0.0,0.0,0,0,0,0,0,0.00,0.00,0.00,0.00,0,False
9,641,0,0,0,0,0,0,0,0,0,0,0,0,0,0.0,0.0,0.0,0.0,0,0,0,0,0,0.00,0.00,0.00,0.00,0,False
9,642,22,0,0,0,1,0,0,0,0,0,0,0,3,2.6,11.5,0.0,1.4,0,1,0,1,0,0.00,0.01,0.01,0.38,1,False
9,643,67,0,0,0,2,0,0,0,0,0,0,0,12,8.8,16.6,0.0,2.5,3,5,0,8,1,0.00,0.07,0.07,1.05,2,False
9,644,90,0,0,0,3,0,0,0,1,0,0,0,10,14.0,14.1,15.0,4.3,1,2,3,6,1,0.10,0.12,0.22,1.43,1,False
9,645,0,0,0,0,0,0,0,0,0,0,0,0,0,0.0,0.0,0.0,0.0,0,0,0,0,0,0.00,0.00,0.00,0.00,0,False
9,646,22,0,0,0,1,0,0,0,0,0,0,0,2,0.6,1.9,1.0,0.4,0,5,1,6,0,0.02,0.02,0.04,0.38,1,False
9,647,0,0,0,0,0,0,0,0,0,0,0,0,0,0.0,0.0,0.0,0.0,0,0,0,0,0,0.00,0.00,0.00,0.00,0,False
9,648,83,1,0,0,2,0,0,0,0,0,0,1,27,42.4,1.2,54.0,9.8,3,2,2,7,1,0.63,0.00,0.63,1.06,8,False
9,649,0,0,0,0,0,0,0,0,0,0,0,0,0,0.0,0.0,0.0,0.0,0,0,0,0,0,0.00,0.00,0.00,0.00,0,False
9,650,0,0,0,0,0,0,0,0,0,0,0,0,0,0.0,0.0,0.0,0.0,0,0,0,0,0,0.00,0.00,0.00,0.00,0,False
9,651,0,0,0,0,0,0,0,0,0,0,0,0,0,0.0,0.0,0.0,0.0,0,0,0,0,0,0.00,0.00,0.00,0.00,0,False
9,652,0,0,0,0,0,0,0,0,0,0,0,0,0,0.0,0.0,0.0,0.0,0,0,0,0,0,0.00,0.00,0.00,0.00,0,False
9,653,0,0,0,0,0,0,0,0,0,0,0,0,0,0.0,0.0,0.0,0.0,0,0,0,0,0,0.00,0.00,0.00,0.00,0,False
9,654,90,1,0,0,3,0,0,0,0,0,0,0,23,39.6,14.2,44.0,9.8,1,1,0,2,1,0.83,0.13,0.96,1.43,6,False
9,655,0,0,0,0,0,0,0,0,0,0,0,0,0,0.0,0.0,0.0,0.0,0,0,0,0,0,0.00,0.00,0.00,0.00,0,False
9,656,0,0,0,0,0,0,0,0,0,0,0,0,0,0.0,0.0,0.0,0.0,0,0,0,0,0,0.00,0.00,0.00,0.00,0,False
9,657,0,0,0,0,0,0,0,0,0,0,0,0,0,0.0,0.0,0.0,0.0,0,0,0,0,0,0.00,0.00,0.00,0.00,0,False
9,658,0,0,0,0,0,0,0,0,0,0,0,0,0,0.0,0.0,0.0,0.0,0,0,0,0,0,0.00,0.00,0.00,0.00,0,False
9,659,11,0,0,0,0,0,0,0,0,0,0,0,4,3.0,1.3,0.0,0.4,1,2,0,1,0,0.00,0.01,0.01,0.00,1,False
9,660,0,0,0,0,0,0,0,0,0,0,0,0,0,0.0,0.0,0.0,0.0,0,0,0,0,0,0.00,0.00,0.00,0.00,0,False
9,661,90,0,0,0,3,0,0,0,0,0,0,0,0,3.2,12.3,17.0,3.3,4,1,0,5,1,0.35,0.01,0.36,2.75,2,False
9,662,45,0,0,0,0,0,0,0,0,0,0,0,7,11.8,10.8,4.0,2.7,5,3,0,5,0,0.00,0.05,0.05,0.39,1,False
9,663,67,0,0,0,2,0,0,0,0,0,0,0,3,3.2,20.3,14.0,3.8,2,2,1,5,1,0.53,0.04,0.57,1.05,2,False
9,664,0,0,0,0,0,0,0,0,0,0,0,0,0,0.0,0.0,0.0,0.0,0,0,0,0,0,0.00,0.00,0.00,0.00,0,False
9,665,90,0,0,0,1,0,0,0,1,0,2,0,8,22.4,0.0,0.0,2.2,3,8,0,0,1,0.00,0.00,0.00,0.65,1,False
9,666,90,0,0,1,0,0,0,0,0,0,0,0,0,0.0,3.3,13.0,1.5,1,2,0,3,1,0.17,0.02,0.19,0.47,2,False
9,667,0,0,0,0,0,0,0,0,0,0,0,0,0,0.0,0.0,0.0,0.0,0,0,0,0,0,0.00,0.00,0.00,0.00,0,False
9,668,90,0,0,0,1,0,0,0,0,0,0,0,13,17.8,12.5,7.0,3.7,3,2,4,9,1,0.15,0.02,0.17,0.90,2,False
9,669,82,0,0,0,2,0,0,0,0,0,0,0,9,0.0,2.4,3.0,0.5,2,8,1,11,1,0.05,0.01,0.06,0.59,2,False
9,670,90,0,0,0,1,0,0,0,0,0,6,0,22,43.8,0.0,0.0,4.4,2,11,0,0,1,0.00,0.00,0.00,0.90,4,False
9,671,65,0,0,1,0,0,0,0,0,0,0,0,9,3.0,2.0,19.0,2.4,0,2,0,2,0,0.09,0.01,0.10,0.80,2,False
9,672,0,0,0,0,0,0,0,0,0,0,0,0,0,0.0,0.0,0.0,0.0,0,0,0,0,0,0.00,0.00,0.00,0.00,0,False
9,673,90,0,0,1,0,0,0,0,0,0,0,0,21,21.0,3.6,0.0,2.5,6,4,4,14,1,0.00,0.01,0.01,1.53,5,False
9,674,0,0,0,0,0,0,0,0,0,0,0,0,0,0.0,0.0,0.0,0.0,0,0,0,0,0,0.00,0.00,0.00,0.00,0,False
9,675,0,0,0,0,0,0,0,0,0,0,0,0,0,0.0,0.0,0.0,0.0,0,0,0,0,0,0.00,0.00,0.00,0.00,0,False
9,676,90,0,0,0,2,0,0,0,0,0,0,0,10,18.4,1.9,7.0,2.7,3,4,4,11,1,0.11,0.02,0.13,2.47,2,False
9,677,16,0,0,0,0,0,0,0,0,0,0,0,9,4.2,0.0,0.0,0.4,0,3,2,5,0,0.00,0.00,0.00,0.54,1,False
9,678,0,0,0,0,0,0,0,0,0,0,0,0,0,0.0,0.0,0.0,0.0,0,0,0,0,0,0.00,0.00,0.00,0.00,0,False
9,679,0,0,0,0,0,0,0,0,0,0,0,0,0,0.0,0.0,0.0,0.0,0,0,0,0,0,0.00,0.00,0.00,0.00,0,False
9,680,0,0,0,0,0,0,0,0,0,0,0,0,0,0.0,0.0,0.0,0.0,0,0,0,0,0,0.00,0.00,0.00,0.00,0,False
9,681,81,0,1,0,1,0,0,0,1,0,0,0,10,16.8,13.9,11.0,4.2,1,3,0,4,1,0.21,0.01,0.22,0.80,4,False
9,682,5,0,0,0,1,0,0,0,0,0,0,0,0,4.2,4.5,0.0,0.9,1,1,0,1,0,0.00,0.03,0.03,0.37,1,False
9,683,0,0,0,0,0,0,0,0,0,0,0,0,0,0.0,0.0,0.0,0.0,0,0,0,0,0,0.00,0.00,0.00,0.00,0,False
9,684,90,0,0,0,1,0,0,0,0,0,0,0,14,17.0,1.3,3.0,2.1,5,6,2,7,1,0.04,0.24,0.28,1.53,2,False
9,685,0,0,0,0,0,0,0,0,0,0,0,0,0,0.0,0.0,0.0,0.0,0,0,0,0,0,0.00,0.00,0.00,0.00,0,False
9,686,20,0,0,0,0,0,0,0,0,0,0,0,2,1.0,10.8,2.0,1.4,0,0,0,0,0,0.00,0.01,0.01,0.21,1,False
9,687,0,0,0,0,0,0,0,0,0,0,0,0,0,0.0,0.0,0.0,0.0,0,0,0,0,0,0.00,0.00,0.00,0.00,0,False
9,688,0,0,0,0,0,0,0,0,0,0,0,0,0,0.0,0.0,0.0,0.0,0,0,0,0,0,0.00,0.00,0.00,0.00,0,False
9,689,0,0,0,0,0,0,0,0,0,0,0,0,0,0.0,0.0,0.0,0.0,0,0,0,0,0,0.00,0.00,0.00,0.00,0,False
9,690,0,0,0,0,0,0,0,0,0,0,0,0,0,0.0,0.0,0.0,0.0,0,0,0,0,0,0.00,0.00,0.00,0.00,0,False
9,691,86,0,0,1,0,0,0,0,0,0,0,0,5,2.2,12.1,6.0,2.0,1,1,1,3,1,0.10,0.02,0.12,0.58,2,False
9,692,0,0,0,0,0,0,0,0,0,0,0,0,0,0.0,0.0,0.0,0.0,0,0,0,0,0,0.00,0.00,0.00,0.00,0,False
9,693,45,0,0,0,0,0,0,0,0,0,0,0,2,1.8,16.3,4.0,2.2,0,3,0,3,0,0.00,0.03,0.03,0.10,1,False
9,694,90,0,0,0,1,0,0,0,0,0,0,0,8,12.4,0.8,2.0,1.5,5,5,1,6,1,0.00,0.01,0.01,0.90,2,False
9,695,14,0,0,0,1,0,0,0,0,0,0,0,3,8.8,23.3,0.0,3.2,0,0,0,0,0,0.00,0.06,0.06,0.38,1,False
9,696,1,0,0,0,0,0,0,0,0,0,0,0,3,0.0,0.0,0.0,0.0,0,0,0,0,0,0.00,0.00,0.00,0.00,1,False
9,697,21,0,0,0,0,0,0,0,0,0,0,0,0,0.0,0.1,0.0,0.0,0,1,0,1,0,0.00,0.00,0.00,0.21,1,False
9,698,45,0,1,0,0,0,0,0,0,0,0,0,10,2.0,0.9,21.0,2.4,0,2,0,2,1,0.20,0.01,0.21,0.34,4,False
9,699,45,0,0,0,2,0,0,0,1,0,0,0,8,13.2,2.1,0.0,1.5,3,4,3,10,1,0.00,0.00,0.00,0.48,0,False
9,700,0,0,0,0,0,0,0,0,0,0,0,0,0,0.0,0.0,0.0,0.0,0,0,0,0,0,0.00,0.00,0.00,0.00,0,False
9,701,0,0,0,0,0,0,0,0,0,0,0,0,0,0.0,0.0,0.0,0.0,0,0,0,0,0,0.00,0.00,0.00,0.00,0,False
9,702,0,0,0,0,0,0,0,0,0,0,0,0,0,0.0,0.0,0.0,0.0,0,0,0,0,0,0.00,0.00,0.00,0.00,0,False
9,703,0,0,0,0,0,0,0,0,0,0,0,0,0,0.0,0.0,0.0,0.0,0,0,0,0,0,0.00,0.00,0.00,0.00,0,False
9,704,0,0,0,0,0,0,0,0,0,0,0,0,0,0.0,0.0,0.0,0.0,0,0,0,0,0,0.00,0.00,0.00,0.00,0,False
9,705,0,0,0,0,0,0,0,0,0,0,0,0,0,0.0,0.0,0.0,0.0,0,0,0,0,0,0.00,0.00,0.00,0.00,0,False
9,706,46,0,0,0,1,0,0,0,1,0,0,0,0,10.8,1.1,0.0,1.2,7,4,1,8,0,0.00,0.00,0.00,0.55,0,False
9,707,0,0,0,0,0,0,0,0,0,0,0,0,0,0.0,0.0,0.0,0.0,0,0,0,0,0,0.00,0.00,0.00,0.00,0,False
9,708,25,1,0,0,0,0,0,0,0,0,0,0,22,38.0,16.8,19.0,7.4,0,0,1,1,0,0.09,0.02,0.11,0.00,6,False
9,709,90,0,1,0,3,0,0,0,0,0,0,0,12,40.6,13.8,13.0,6.7,8,7,0,8,1,0.07,0.69,0.76,1.43,4,False
9,710,0,0,0,0,0,0,0,0,0,0,0,0,0,0.0,0.0,0.0,0.0,0,0,0,0,0,0.00,0.00,0.00,0.00,0,False
9,711,0,0,0,0,0,0,0,0,0,0,0,0,0,0.0,0.0,0.0,0.0,0,0,0,0,0,0.00,0.00,0.00,0.00,0,False
9,712,58,0,0,0,1,0,0,0,0,0,0,0,2,2.6,14.8,2.0,1.9,0,3,1,4,1,0.00,0.01,0.01,0.84,1,False
9,713,90,0,0,1,0,0,0,0,0,0,0,0,24,7.2,12.8,0.0,2.0,2,3,0,2,1,0.00,0.03,0.03,0.35,6,False
9,714,85,0,0,0,1,0,0,0,0,0,0,0,4,1.4,12.2,15.0,2.9,1,3,0,4,1,0.39,0.01,0.40,1.53,2,False
9,715,0,0,0,0,0,0,0,0,0,0,0,0,0,0.0,0.0,0.0,0.0,0,0,0,0,0,0.00,0.00,0.00,0.00,0,False
9,716,90,0,0,0,2,0,0,0,0,0,0,0,5,14.2,1.5,0.0,1.6,4,3,3,7,1,0.00,0.00,0.00,0.59,1,False
9,717,60,0,0,1,0,0,0,0,0,0,0,0,7,4.6,2.3,4.0,1.1,0,4,2,6,1,0.00,0.02,0.02,1.08,3,False
9,718,11,0,0,0,0,0,0,0,0,0,0,0,5,6.6,0.8,0.0,0.7,0,1,3,4,0,0.00,0.00,0.00,0.00,1,False
9,719,0,0,0,0,0,0,0,0,0,0,0,0,0,0.0,0.0,0.0,0.0,0,0,0,0,0,0.00,0.00,0.00,0.00,0,False
9,720,6,0,0,0,1,0,0,0,0,0,0,0,3,0.0,0.0,2.0,0.2,0,0,0,0,0,0.00,0.00,0.00,0.37,1,False
9,721,90,0,0,1,0,0,0,0,0,0,0,0,24,13.4,0.5,0.0,1.4,4,0,0,4,1,0.00,0.00,0.00,0.35,6,False
9,722,90,0,0,0,2,0,0,0,0,0,0,0,8,4.4,12.7,4.0,2.1,2,1,1,4,1,0.03,0.04,0.07,2.47,2,False
9,723,0,0,0,0,0,0,0,0,0,0,0,0,0,0.0,0.0,0.0,0.0,0,0,0,0,0,0.00,0.00,0.00,0.00,0,False
9,724,90,0,0,0,1,0,0,0,0,0,0,0,9,15.6,3.8,2.0,2.1,5,4,0,5,1,0.03,0.18,0.21,0.90,2,False
9,725,8,0,0,0,0,0,0,0,0,0,0,0,4,0.0,0.3,0.0,0.0,0,0,0,0,0,0.00,0.00,0.00,0.01,1,False
9,726,61,0,0,1,0,0,0,0,0,0,0,0,7,2.6,10.8,2.0,1.5,1,4,1,6,1,0.00,0.02,0.02,1.08,2,False
9,727,0,0,0,0,0,0,0,0,0,0,0,0,0,0.0,0.0,0.0,0.0,0,0,0,0,0,0.00,0.00,0.00,0.00,0,False
9,728,24,0,0,0,1,0,0,0,0,0,0,0,-2,0.0,0.1,0.0,0.0,0,1,0,1,0,0.20,0.01,0.21,0.42,1,False
9,729,0,0,0,0,0,0,0,0,0,0,0,0,0,0.0,0.0,0.0,0.0,0,0,0,0,0,0.00,0.00,0.00,0.00,0,False
9,730,15,0,1,0,0,0,0,0,0,0,0,0,12,23.2,10.3,6.0,4.0,1,1,1,3,0,0.00,0.04,0.04,0.12,4,False
9,731,45,0,0,0,1,0,0,0,0,0,0,0,6,10.2,20.6,8.0,3.9,1,5,2,8,0,0.00,0.07,0.07,1.20,1,False
9,732,1,0,0,0,0,0,0,0,0,0,0,0,3,0.0,0.0,0.0,0.0,0,1,0,1,0,0.00,0.00,0.00,0.00,1,False
9,733,90,0,0,0,2,0,0,0,0,0,3,0,9,20.4,0.0,0.0,2.0,0,13,0,0,1,0.00,0.00,0.00,1.12,2,False
9,734,0,0,0,0,0,0,0,0,0,0,0,0,0,0.0,0.0,0.0,0.0,0,0,0,0,0,0.00,0.00,0.00,0.00,0,False
9,735,64,0,1,0,1,0,0,0,0,0,0,0,23,13.2,15.7,16.0,4.5,3,1,0,4,1,0.12,0.09,0.21,0.66,5,False
9,736,90,0,0,0,1,0,0,0,0,0,2,0,10,18.8,0.0,0.0,1.9,1,7,0,0,1,0.00,0.00,0.00,0.81,2,False
9,737,1,0,0,0,0,0,0,0,0,0,0,0,2,0.0,0.0,0.0,0.0,0,0,0,0,0,0.00,0.00,0.00,0.02,1,False
9,738,0,0,0,0,0,0,0,0,0,0,0,0,0,0.0,0.0,0.0,0.0,0,0,0,0,0,0.00,0.00,0.00,0.00,0,False
9,739,0,0,0,0,0,0,0,0,0,0,0,0,0,0.0,0.0,0.0,0.0,0,0,0,0,0,0.00,0.00,0.00,0.00,0,False
9,740,0,0,0,0,0,0,0,0,0,0,0,0,0,0.0,0.0,0.0,0.0,0,0,0,0,0,0.00,0.00,0.00,0.00,0,False
9,741,0,0,0,0,0,0,0,0,0,0,0,0,0,0.0,0.0,0.0,0.0,0,0,0,0,0,0.00,0.00,0.00,0.00,0,False
9,742,0,0,0,0,0,0,0,0,0,0,0,0,0,0.0,0.0,0.0,0.0,0,0,0,0,0,0.00,0.00,0.00,0.00,0,False
9,743,0,0,0,0,0,0,0,0,0,0,0,0,0,0.0,0.0,0.0,0.0,0,0,0,0,0,0.00,0.00,0.00,0.00,0,False
9,744,0,0,0,0,0,0,0,0,0,0,0,0,0,0.0,0.0,0.0,0.0,0,0,0,0,0,0.00,0.00,0.00,0.00,0,False
9,745,0,0,0,0,0,0,0,0,0,0,0,0,0,0.0,0.0,0.0,0.0,0,0,0,0,0,0.00,0.00,0.00,0.00,0,False
9,746,0,0,0,0,0,0,0,0,0,0,0,0,0,0.0,0.0,0.0,0.0,0,0,0,0,0,0.00,0.00,0.00,0.00,0,False
10,1,90,0,0,1,0,0,0,0,0,0,0,0,20,2.8,0.1,0.0,0.3,1,7,0,0,1,0.00,0.00,0.00,0.42,6,False
10,2,0,0,0,0,0,0,0,0,0,0,0,0,0,0.0,0.0,0.0,0.0,0,0,0,0,0,0.00,0.00,0.00,0.00,0,False
10,3,0,0,0,0,0,0,0,0,0,0,0,0,0,0.0,0.0,0.0,0.0,0,0,0,0,0,0.00,0.00,0.00,0.00,0,False
10,4,0,0,0,0,0,0,0,0,0,0,0,0,0,0.0,0.0,0.0,0.0,0,0,0,0,0,0.00,0.00,0.00,0.00,0,False
10,5,90,0,1,1,0,0,0,0,1,0,0,2,39,36.0,11.3,4.0,5.1,10,1,1,11,1,0.00,0.52,0.52,0.42,12,True
10,6,90,0,0,1,0,0,0,0,0,0,0,0,29,19.2,6.1,0.0,2.5,4,5,2,6,1,0.00,0.01,0.01,0.42,6,False
10,7,71,0,0,1,0,0,0,0,0,0,0,0,33,16.0,3.3,17.0,3.6,6,3,1,7,1,0.06,0.01,0.07,0.02,6,False
10,8,90,0,0,1,0,0,0,0,0,0,0,0,20,5.4,1.2,17.0,2.4,2,3,2,4,1,0.19,0.01,0.20,0.42,6,False
10,9,0,0,0,0,0,0,0,0,0,0,0,0,0,0.0,0.0,0.0,0.0,0,0,0,0,0,0.00,0.00,0.00,0.00,0,False
10,10,1,0,0,0,0,0,0,0,0,0,0,0,3,2.0,0.0,0.0,0.2,1,0,0,1,0,0.00,0.00,0.00,0.05,1,False
10,11,0,0,0,0,0,0,0,0,0,0,0,0,0,0.0,0.0,0.0,0.0,0,0,0,0,0,0.00,0.00,0.00,0.00,0,False
10,12,0,0,0,0,0,0,0,0,0,0,0,0,0,0.0,0.0,0.0,0.0,0,0,0,0,0,0.00,0.00,0.00,0.00,0,False
10,13,0,0,0,0,0,0,0,0,0,0,0,0,0,0.0,0.0,0.0,0.0,0,0,0,0,0,0.00,0.00,0.00,0.00,0,False
10,14,0,0,0,0,0,0,0,0,0,0,0,0,0,0.0,0.0,0.0,0.0,0,0,0,0,0,0.00,0.00,0.00,0.00,0,False
10,15,0,0,0,0,0,0,0,0,0,0,0,0,0,0.0,0.0,0.0,0.0,0,0,0,0,0,0.00,0.00,0.00,0.00,0,False
10,16,90,0,0,1,0,0,0,0,0,0,0,0,3,12.4,24.3,40.0,7.7,0,1,1,2,1,0.58,0.06,0.64,0.42,3,False
10,17,0,0,0,0,0,0,0,0,0,0,0,0,0,0.0,0.0,0.0,0.0,0,0,0,0,0,0.00,0.00,0.00,0.00,0,False
10,18,0,0,0,0,0,0,0,0,0,0,0,0,0,0.0,0.0,0.0,0.0,0,0,0,0,0,0.00,0.00,0.00,0.00,0,False
10,19,0,0,0,0,0,0,0,0,0,0,0,0,0,0.0,0.0,0.0,0.0,0,0,0,0,0,0.00,0.00,0.00,0.00,0,False
10,20,90,0,1,1,0,0,0,0,0,0,0,0,23,30.2,29.0,17.0,7.6,0,2,1,3,1,0.27,0.15,0.42,0.37,6,False
10,21,90,1,0,1,0,0,0,0,0,0,0,3,47,58.2,28.5,17.0,10.4,7,9,5,21,1,0.24,0.33,0.57,0.42,13,True
10,22,45,0,0,0,0,0,0,0,0,0,0,0,4,2.6,12.8,0.0,1.5,0,4,0,4,0,0.00,0.05,0.05,0.42,1,False
10,23,0,0,0,0,0,0,0,0,0,0,0,0,0,0.0,0.0,0.0,0.0,0,0,0,0,0,0.00,0.00,0.00,0.00,0,False
10,24,13,0,0,0,0,0,0,0,0,0,0,0,4,5.4,0.1,7.0,1.3,1,1,0,2,0,0.05,0.00,0.05,0.05,1,False
10,25,18,0,0,0,0,0,0,0,0,0,0,0,2,0.2,0.4,3.0,0.4,0,3,1,4,0,0.04,0.00,0.04,0.40,1,False
10,26,76,0,0,1,0,0,0,0,0,0,0,0,10,7.6,14.8,0.0,2.2,2,0,1,3,1,0.00,0.02,0.02,0.37,3,False
10,27,15,0,0,0,0,0,0,0,0,0,0,0,7,4.8,1.6,9.0,1.5,0,3,0,3,0,0.06,0.03,0.09,0.04,1,False
10,28,0,0,0,0,0,0,0,0,0,0,0,0,0,0.0,0.0,0.0,0.0,0,0,0,0,0,0.00,0.00,0.00,0.00,0,False
10,29,0,0,0,0,0,0,0,0,0,0,0,0,0,0.0,0.0,0.0,0.0,0,0,0,0,0,0.00,0.00,0.00,0.00,0,False
10,30,0,0,0,0,0,0,0,0,0,0,0,0,0,0.0,0.0,0.0,0.0,0,0,0,0,0,0.00,0.00,0.00,0.00,0,False
10,31,0,0,0,0,0,0,0,0,0,0,0,0,0,0.0,0.0,0.0,0.0,0,0,0,0,0,0.00,0.00,0.00,0.00,0,False
10,32,90,0,0,0,2,0,0,0,0,0,2,0,4,8.6,0.0,0.0,0.9,0,10,0,0,1,0.00,0.00,0.00,1.19,1,False
10,33,0,0,0,0,0,0,0,0,0,0,0,0,0,0.0,0.0,0.0,0.0,0,0,0,0,0,0.00,0.00,0.00,0.00,0,False
10,34,0,0,0,0,0,0,0,0,0,0,0,0,0,0.0,0.0,0.0,0.0,0,0,0,0,0,0.00,0.00,0.00,0.00,0,False
10,35,0,0,0,0,0,0,0,0,0,0,0,0,0,0.0,0.0,0.0,0.0,0,0,0,0,0,0.00,0.00,0.00,0.00,0,False
10,36,90,0,0,0,2,0,0,0,1,0,0,0,0,16.4,15.9,8.0,4.0,7,0,0,7,1,0.03,0.04,0.07,1.19,0,False
10,37,74,0,0,0,2,0,0,0,0,0,0,0,3,14.8,11.3,0.0,2.6,5,2,2,7,1,0.00,0.01,0.01,1.12,1,False
10,38,90,0,0,0,2,0,0,0,0,0,0,0,11,17.4,1.3,0.0,1.9,8,2,0,8,1,0.00,0.01,0.01,1.19,1,False
10,39,15,0,0,0,0,0,0,0,0,0,0,0,2,5.0,11.5,8.0,2.5,1,0,0,1,0,0.00,0.01,0.01,0.06,1,False
10,40,16,0,0,0,0,0,0,0,0,0,0,0,4,2.0,0.4,0.0,0.2,1,0,0,1,0,0.00,0.00,0.00,0.06,1,False
10,41,73,0,0,0,2,0,0,0,0,0,0,0,8,25.2,0.3,0.0,2.6,8,1,0,8,1,0.00,0.00,0.00,1.12,1,False
10,42,0,0,0,0,0,0,0,0,0,0,0,0,0,0.0,0.0,0.0,0.0,0,0,0,0,0,0.00,0.00,0.00,0.00,0,False
10,43,0,0,0,0,0,0,0,0,0,0,0,0,0,0.0,0.0,0.0,0.0,0,0,0,0,0,0.00,0.00,0.00,0.00,0,False
10,44,0,0,0,0,0,0,0,0,0,0,0,0,0,0.0,0.0,0.0,0.0,0,0,0,0,0,0.00,0.00,0.00,0.00,0,False
10,45,0,0,0,0,0,0,0,0,0,0,0,0,0,0.0,0.0,0.0,0.0,0,0,0,0,0,0.00,0.00,0.00,0.00,0,False
10,46,0,0,0,0,0,0,0,0,0,0,0,0,0,0.0,0.0,0.0,0.0,0,0,0,0,0,0.00,0.00,0.00,0.00,0,False
10,47,90,0,0,0,2,0,0,0,1,0,0,0,6,6.6,18.0,27.0,5.2,1,4,3,8,1,0.14,0.22,0.36,1.19,1,False
10,48,0,0,0,0,0,0,0,0,0,0,0,0,0,0.0,0.0,0.0,0.0,0,0,0,0,0,0.00,0.00,0.00,0.00,0,False
10,49,0,0,0,0,0,0,0,0,0,0,0,0,0,0.0,0.0,0.0,0.0,0,0,0,0,0,0.00,0.00,0.00,0.00,0,False
10,50,0,0,0,0,0,0,0,0,0,0,0,0,0,0.0,0.0,0.0,0.0,0,0,0,0,0,0.00,0.00,0.00,0.00,0,False
10,51,0,0,0,0,0,0,0,0,0,0,0,0,0,0.0,0.0,0.0,0.0,0,0,0,0,0,0.00,0.00,0.00,0.00,0,False
10,52,45,0,0,0,1,0,0,0,1,0,0,0,2,5.8,3.2,2.0,1.1,1,3,2,6,0,0.00,0.01,0.01,1.50,0,False
10,53,31,0,0,0,0,0,0,0,0,0,0,0,2,0.0,2.3,7.0,0.8,0,0,0,0,0,0.05,0.00,0.05,0.15,1,False
10,54,58,0,0,0,2,0,0,0,0,0,0,0,8,7.8,11.8,0.0,2.0,0,2,3,5,1,0.00,0.01,0.01,1.03,1,False
10,55,31,0,0,0,0,0,0,0,0,0,0,0,4,3.6,10.7,13.0,2.7,0,1,0,1,0,0.10,0.02,0.12,0.15,1,False
10,56,0,0,0,0,0,0,0,0,0,0,0,0,0,0.0,0.0,0.0,0.0,0,0,0,0,0,0.00,0.00,0.00,0.00,0,False
10,57,0,0,0,0,0,0,0,0,0,0,0,0,0,0.0,0.0,0.0,0.0,0,0,0,0,0,0.00,0.00,0.00,0.00,0,False
10,58,90,0,0,0,2,0,0,0,0,0,0,0,14,8.6,15.1,0.0,2.4,2,3,1,6,1,0.00,0.01,0.01,1.19,2,False
10,59,90,0,0,0,2,0,0,0,1,0,0,0,13,14.6,16.6,0.0,3.1,2,3,2,7,1,0.00,0.03,0.03,1.19,1,False
10,60,0,0,0,0,0,0,0,0,0,0,0,0,0,0.0,0.0,0.0,0.0,0,0,0,0,0,0.00,0.00,0.00,0.00,0,False
10,61,0,0,0,0,0,0,0,0,0,0,0,0,0,0.0,0.0,0.0,0.0,0,0,0,0,0,0.00,0.00,0.00,0.00,0,False
10,62,0,0,0,0,0,0,0,0,0,0,0,0,0,0.0,0.0,0.0,0.0,0,0,0,0,0,0.00,0.00,0.00,0.00,0,False
10,63,0,0,0,0,0,0,0,0,0,0,0,0,0,0.0,0.0,0.0,0.0,0,0,0,0,0,0.00,0.00,0.00,0.00,0,False
10,64,74,0,0,0,2,0,0,0,0,0,0,0,9,2.4,13.8,0.0,1.6,0,1,0,1,1,0.00,0.02,0.02,1.12,2,False
10,65,0,0,0,0,0,0,0,0,0,0,0,0,0,0.0,0.0,0.0,0.0,0,0,0,0,0,0.00,0.00,0.00,0.00,0,False
10,66,0,0,0,0,0,0,0,0,0,0,0,0,0,0.0,0.0,0.0,0.0,0,0,0,0,0,0.00,0.00,0.00,0.00,0,False
10,67,90,0,0,0,3,0,0,0,0,0,4,0,8,33.0,0.0,0.0,3.3,3,7,0,0,1,0.00,0.00,0.00,2.22,2,False
10,68,0,0,0,0,0,0,0,0,0,0,0,0,0,0.0,0.0,0.0,0.0,0,0,0,0,0,0.00,0.00,0.00,0.00,0,False
10,69,0,0,0,0,0,0,0,0,0,0,0,0,0,0.0,0.0,0.0,0.0,0,0,0,0,0,0.00,0.00,0.00,0.00,0,False
10,70,0,0,0,0,0,0,0,0,0,0,0,0,0,0.0,0.0,0.0,0.0,0,0,0,0,0,0.00,0.00,0.00,0.00,0,False
10,71,0,0,0,0,0,0,0,0,0,0,0,0,0,0.0,0.0,0.0,0.0,0,0,0,0,0,0.00,0.00,0.00,0.00,0,False
10,72,90,0,0,0,3,0,0,0,0,0,0,0,7,37.4,18.3,2.0,5.8,12,10,2,14,1,0.00,0.18,0.18,2.22,3,False
10,73,0,0,0,0,0,0,0,0,0,0,0,0,0,0.0,0.0,0.0,0.0,0,0,0,0,0,0.00,0.00,0.00,0.00,0,False
10,74,90,0,0,0,3,0,0,0,1,0,0,0,5,22.0,3.8,6.0,3.2,6,6,4,10,1,0.05,0.01,0.06,2.22,2,False
10,75,0,0,0,0,0,0,0,0,0,0,0,0,0,0.0,0.0,0.0,0.0,0,0,0,0,0,0.00,0.00,0.00,0.00,0,False
10,76,0,0,0,0,0,0,0,0,0,0,0,0,0,0.0,0.0,0.0,0.0,0,0,0,0,0,0.00,0.00,0.00,0.00,0,False
10,77,0,0,0,0,0,0,0,0,0,0,0,0,0,0.0,0.0,0.0,0.0,0,0,0,0,0,0.00,0.00,0.00,0.00,0,False
10,78,0,0,0,0,0,0,0,0,0,0,0,0,0,0.0,0.0,0.0,0.0,0,0,0,0,0,0.00,0.00,0.00,0.00,0,False
10,79,0,0,0,0,0,0,0,0,0,0,0,0,0,0.0,0.0,0.0,0.0,0,0,0,0,0,0.00,0.00,0.00,0.00,0,False
10,80,0,0,0,0,0,0,0,0,0,0,0,0,0,0.0,0.0,0.0,0.0,0,0,0,0,0,0.00,0.00,0.00,0.00,0,False
10,81,28,0,0,0,0,0,0,0,1,0,0,0,-2,0.0,1.5,0.0,0.0,0,0,0,0,0,0.00,0.01,0.01,0.31,0,False
10,82,90,0,0,0,3,0,0,0,0,0,0,0,6,11.2,10.7,24.0,4.6,0,5,2,7,1,0.03,0.02,0.05,2.22,2,False
10,83,74,0,0,0,2,0,0,0,0,0,0,0,10,5.6,4.5,4.0,1.4,4,2,0,6,1,0.06,0.01,0.07,0.65,2,False
10,84,90,0,0,0,3,0,0,0,0,0,0,0,11,5.4,7.1,6.0,1.9,3,3,0,6,1,0.02,0.03,0.05,2.22,2,False
10,85,79,1,0,0,3,0,0,0,0,0,0,1,34,44.6,9.3,33.0,8.7,2,2,3,7,1,0.36,0.03,0.39,1.99,8,False
10,86,61,0,0,0,3,0,0,0,0,0,0,0,12,10.0,12.1,13.0,3.5,1,4,2,7,1,0.01,0.06,0.07,1.91,2,False
10,87,17,0,0,0,0,0,0,0,0,0,0,0,4,4.2,3.5,0.0,0.8,0,0,1,1,0,0.00,0.00,0.00,0.26,1,False
10,88,28,0,0,0,0,0,0,0,0,0,0,0,11,6.4,11.4,2.0,2.0,0,3,1,4,0,0.00,0.02,0.02,0.31,1,False
10,89,0,0,0,0,0,0,0,0,0,0,0,0,0,0.0,0.0,0.0,0.0,0,0,0,0,0,0.00,0.00,0.00,0.00,0,False
10,90,72,0,1,0,3,0,0,0,0,0,0,0,24,6.6,12.4,0.0,1.9,2,1,0,3,1,0.00,0.06,0.06,1.96,5,False
10,91,0,0,0,0,0,0,0,0,0,0,0,0,0,0.0,0.0,0.0,0.0,0,0,0,0,0,0.00,0.00,0.00,0.00,0,False
10,92,0,0,0,0,0,0,0,0,0,0,0,0,0,0.0,0.0,0.0,0.0,0,0,0,0,0,0.00,0.00,0.00,0.00,0,False
10,93,0,0,0,0,0,0,0,0,0,0,0,0,0,0.0,0.0,0.0,0.0,0,0,0,0,0,0.00,0.00,0.00,0.00,0,False
10,94,0,0,0,0,0,0,0,0,0,0,0,0,0,0.0,0.0,0.0,0.0,0,0,0,0,0,0.00,0.00,0.00,0.00,0,False
10,95,0,0,0,0,0,0,0,0,0,0,0,0,0,0.0,0.0,0.0,0.0,0,0,0,0,0,0.00,0.00,0.00,0.00,0,False
10,96,0,0,0,0,0,0,0,0,0,0,0,0,0,0.0,0.0,0.0,0.0,0,0,0,0,0,0.00,0.00,0.00,0.00,0,False
10,97,28,0,0,0,0,0,0,0,0,0,0,0,1,0.0,0.0,0.0,0.0,0,0,0,0,0,0.00,0.00,0.00,0.31,1,False
10,98,0,0,0,0,0,0,0,0,0,0,0,0,0,0.0,0.0,0.0,0.0,0,0,0,0,0,0.00,0.00,0.00,0.00,0,False
10,99,0,0,0,0,0,0,0,0,0,0,0,0,0,0.0,0.0,0.0,0.0,0,0,0,0,0,0.00,0.00,0.00,0.00,0,False
10,100,61,0,0,0,3,0,0,0,0,0,0,0,6,4.4,11.8,25.0,4.1,1,1,1,3,1,0.25,0.06,0.31,1.91,2,False
10,101,90,0,0,0,2,0,0,0,0,0,2,0,11,16.0,0.0,0.0,1.6,0,14,0,0,1,0.00,0.00,0.00,0.70,1,False
10,102,0,0,0,0,0,0,0,0,0,0,0,0,0,0.0,0.0,0.0,0.0,0,0,0,0,0,0.00,0.00,0.00,0.00,0,False
10,103,0,0,0,0,0,0,0,0,0,0,0,0,0,0.0,0.0,0.0,0.0,0,0,0,0,0,0.00,0.00,0.00,0.00,0,False
10,104,0,0,0,0,0,0,0,0,0,0,0,0,0,0.0,0.0,0.0,0.0,0,0,0,0,0,0.00,0.00,0.00,0.00,0,False
10,105,0,0,0,0,0,0,0,0,0,0,0,0,0,0.0,0.0,0.0,0.0,0,0,0,0,0,0.00,0.00,0.00,0.00,0,False
10,106,90,0,0,0,2,1,0,0,1,0,0,0,-5,22.2,0.5,2.0,2.5,13,3,0,13,1,0.00,0.00,0.00,0.70,0,False
10,107,23,0,0,0,0,0,0,0,0,0,0,0,5,3.2,11.8,2.0,1.7,0,3,0,0,0,0.00,0.03,0.03,0.04,1,False
10,108,90,0,0,0,2,0,0,0,0,0,0,0,2,19.6,1.4,37.0,5.8,6,0,3,9,1,0.12,0.02,0.14,0.70,1,False
10,109,0,0,0,0,0,0,0,0,0,0,0,0,0,0.0,0.0,0.0,0.0,0,0,0,0,0,0.00,0.00,0.00,0.00,0,False
10,110,66,0,0,0,2,0,0,0,0,0,0,0,9,12.0,1.4,0.0,1.3,4,6,2,6,1,0.00,0.04,0.04,0.65,1,False
10,111,0,0,0,0,0,0,0,0,0,0,0,0,0,0.0,0.0,0.0,0.0,0,0,0,0,0,0.00,0.00,0.00,0.00,0,False
10,112,0,0,0,0,0,0,0,0,0,0,0,0,0,0.0,0.0,0.0,0.0,0,0,0,0,0,0.00,0.00,0.00,0.00,0,False
10,113,90,0,0,0,2,0,0,0,0,0,0,0,7,22.8,0.8,2.0,2.6,9,4,2,11,1,0.00,0.05,0.05,0.70,3,False
10,114,0,0,0,0,0,0,0,0,0,0,0,0,0,0.0,0.0,0.0,0.0,0,0,0,0,0,0.00,0.00,0.00,0.00,0,False
10,115,0,0,0,0,0,0,0,0,0,0,0,0,0,0.0,0.0,0.0,0.0,0,0,0,0,0,0.00,0.00,0.00,0.00,0,False
10,116,0,0,0,0,0,0,0,0,0,0,0,0,0,0.0,0.0,0.0,0.0,0,0,0,0,0,0.00,0.00,0.00,0.00,0,False
10,117,0,0,0,0,0,0,0,0,0,0,0,0,0,0.0,0.0,0.0,0.0,0,0,0,0,0,0.00,0.00,0.00,0.00,0,False
10,118,0,0,0,0,0,0,0,0,0,0,0,0,0,0.0,0.0,0.0,0.0,0,0,0,0,0,0.00,0.00,0.00,0.00,0,False
10,119,90,0,0,0,2,0,0,0,0,0,0,0,15,14.6,52.7,21.0,8.8,1,8,0,9,1,0.08,0.47,0.55,1.93,2,False
10,120,90,0,0,0,2,0,0,0,1,0,0,0,3,3.6,2.3,4.0,1.0,2,2,1,5,1,0.00,0.02,0.02,0.70,1,False
10,121,67,0,0,0,2,0,0,0,0,0,0,0,10,4.4,6.4,3.0,1.4,0,5,3,8,1,0.17,0.04,0.21,0.65,2,False
10,122,0,0,0,0,0,0,0,0,0,0,0,0,0,0.0,0.0,0.0,0.0,0,0,0,0,0,0.00,0.00,0.00,0.00,0,False
10,123,4,0,0,0,0,0,0,0,0,0,0,0,3,0.2,0.3,0.0,0.1,0,0,0,0,0,0.00,0.00,0.00,0.00,1,False
10,124,85,0,0,0,2,0,0,0,1,0,0,0,15,22.4,12.4,2.0,3.7,5,4,0,9,1,0.01,0.16,0.17,0.70,1,False
10,125,22,0,0,0,0,0,0,0,0,0,0,0,6,3.2,0.8,6.0,1.0,0,2,2,4,0,0.12,0.01,0.13,0.04,1,False
10,126,22,0,0,0,0,0,0,0,0,0,0,0,5,4.8,1.4,0.0,0.6,1,2,1,4,0,0.00,0.03,0.03,0.04,1,False
10,127,0,0,0,0,0,0,0,0,0,0,0,0,0,0.0,0.0,0.0,0.0,0,0,0,0,0,0.00,0.00,0.00,0.00,0,False
10,128,0,0,0,0,0,0,0,0,0,0,0,0,0,0.0,0.0,0.0,0.0,0,0,0,0,0,0.00,0.00,0.00,0.00,0,False
10,129,67,0,0,0,2,0,0,0,0,0,0,0,6,0.0,1.7,2.0,0.2,0,8,0,8,1,0.00,0.02,0.02,0.65,2,False
10,130,0,0,0,0,0,0,0,0,0,0,0,0,0,0.0,0.0,0.0,0.0,0,0,0,0,0,0.00,0.00,0.00,0.00,0,False
10,131,0,0,0,0,0,0,0,0,0,0,0,0,0,0.0,0.0,0.0,0.0,0,0,0,0,0,0.00,0.00,0.00,0.00,0,False
10,132,0,0,0,0,0,0,0,0,0,0,0,0,0,0.0,0.0,0.0,0.0,0,0,0,0,0,0.00,0.00,0.00,0.00,0,False
10,133,0,0,0,0,0,0,0,0,0,0,0,0,0,0.0,0.0,0.0,0.0,0,0,0,0,0,0.00,0.00,0.00,0.00,0,False
10,134,0,0,0,0,0,0,0,0,0,0,0,0,0,0.0,0.0,0.0,0.0,0,0,0,0,0,0.00,0.00,0.00,0.00,0,False
10,135,0,0,0,0,0,0,0,0,0,0,0,0,0,0.0,0.0,0.0,0.0,0,0,0,0,0,0.00,0.00,0.00,0.00,0,False
10,136,90,0,0,0,2,0,0,0,0,0,0,0,7,7.2,13.0,4.0,2.4,2,2,2,6,1,0.00,0.01,0.01,0.70,2,False
10,137,0,0,0,0,0,0,0,0,0,0,0,0,0,0.0,0.0,0.0,0.0,0,0,0,0,0,0.00,0.00,0.00,0.00,0,False
10,138,0,0,0,0,0,0,0,0,0,0,0,0,0,0.0,0.0,0.0,0.0,0,0,0,0,0,0.00,0.00,0.00,0.00,0,False
10,139,90,0,0,1,0,0,0,0,0,0,2,0,30,22.0,0.0,0.0,2.2,0,6,0,0,1,0.00,0.00,0.00,0.50,6,False
10,140,0,0,0,0,0,0,0,0,0,0,0,0,0,0.0,0.0,0.0,0.0,0,0,0,0,0,0.00,0.00,0.00,0.00,0,False
10,141,0,0,0,0,0,0,0,0,0,0,0,0,0,0.0,0.0,0.0,0.0,0,0,0,0,0,0.00,0.00,0.00,0.00,0,False
10,142,0,0,0,0,0,0,0,0,0,0,0,0,0,0.0,0.0,0.0,0.0,0,0,0,0,0,0.00,0.00,0.00,0.00,0,False
10,143,0,0,0,0,0,0,0,0,0,0,0,0,0,0.0,0.0,0.0,0.0,0,0,0,0,0,0.00,0.00,0.00,0.00,0,False
10,144,0,0,0,0,0,0,0,0,0,0,0,0,0,0.0,0.0,0.0,0.0,0,0,0,0,0,0.00,0.00,0.00,0.00,0,False
10,145,0,0,0,0,0,0,0,0,0,0,0,0,0,0.0,0.0,0.0,0.0,0,0,0,0,0,0.00,0.00,0.00,0.00,0,False
10,146,90,0,0,1,0,0,0,0,0,0,0,0,27,15.0,1.4,2.0,1.8,4,4,1,5,1,0.00,0.01,0.01,0.50,6,False
10,147,0,0,0,0,0,0,0,0,0,0,0,0,0,0.0,0.0,0.0,0.0,0,0,0,0,0,0.00,0.00,0.00,0.00,0,False
10,148,90,0,0,1,0,0,0,0,0,0,0,0,29,10.6,5.9,2.0,1.9,1,3,4,5,1,0.00,0.01,0.01,0.50,6,False
10,149,5,0,0,0,0,0,0,0,0,0,0,0,3,0.0,0.0,0.0,0.0,0,0,0,0,0,0.00,0.00,0.00,0.08,1,False
10,150,0,0,0,0,0,0,0,0,0,0,0,0,0,0.0,0.0,0.0,0.0,0,0,0,0,0,0.00,0.00,0.00,0.00,0,False
10,151,90,0,0,1,0,0,0,0,0,0,0,1,36,38.4,11.7,17.0,6.7,6,3,3,9,1,0.17,0.02,0.19,0.50,7,False
10,152,0,0,0,0,0,0,0,0,0,0,0,0,0,0.0,0.0,0.0,0.0,0,0,0,0,0,0.00,0.00,0.00,0.00,0,False
10,153,0,0,0,0,0,0,0,0,0,0,0,0,0,0.0,0.0,0.0,0.0,0,0,0,0,0,0.00,0.00,0.00,0.00,0,False
10,154,0,0,0,0,0,0,0,0,0,0,0,0,0,0.0,0.0,0.0,0.0,0,0,0,0,0,0.00,0.00,0.00,0.00,0,False
10,155,0,0,0,0,0,0,0,0,0,0,0,0,0,0.0,0.0,0.0,0.0,0,0,0,0,0,0.00,0.00,0.00,0.00,0,False
10,156,0,0,0,0,0,0,0,0,0,0,0,0,0,0.0,0.0,0.0,0.0,0,0,0,0,0,0.00,0.00,0.00,0.00,0,False
10,157,0,0,0,0,0,0,0,0,0,0,0,0,0,0.0,0.0,0.0,0.0,0,0,0,0,0,0.00,0.00,0.00,0.00,0,False
10,158,90,0,0,1,0,0,0,0,0,0,0,0,2,0.6,5.3,7.0,1.3,0,2,1,3,1,0.03,0.47,0.50,0.50,3,False
10,159,0,0,0,0,0,0,0,0,0,0,0,0,0,0.0,0.0,0.0,0.0,0,0,0,0,0,0.00,0.00,0.00,0.00,0,False
10,160,87,0,2,1,0,0,0,0,0,0,0,0,29,24.8,27.8,14.0,6.7,0,2,3,5,1,0.25,0.11,0.36,0.50,9,False
10,161,0,0,0,0,0,0,0,0,0,0,0,0,0,0.0,0.0,0.0,0.0,0,0,0,0,0,0.00,0.00,0.00,0.00,0,False
10,162,0,0,0,0,0,0,0,0,0,0,0,0,0,0.0,0.0,0.0,0.0,0,0,0,0,0,0.00,0.00,0.00,0.00,0,False
10,163,0,0,0,0,0,0,0,0,0,0,0,0,0,0.0,0.0,0.0,0.0,0,0,0,0,0,0.00,0.00,0.00,0.00,0,False
10,164,0,0,0,0,0,0,0,0,0,0,0,0,0,0.0,0.0,0.0,0.0,0,0,0,0,0,0.00,0.00,0.00,0.00,0,False
10,165,0,0,0,0,0,0,0,0,0,0,0,0,0,0.0,0.0,0.0,0.0,0,0,0,0,0,0.00,0.00,0.00,0.00,0,False
10,166,90,0,0,1,0,0,0,0,0,0,0,0,13,8.4,4.2,37.0,5.0,1,7,1,9,1,0.34,0.02,0.36,0.50,3,False
10,167,90,0,0,1,0,0,0,0,0,0,0,0,15,5.2,5.1,1.0,1.1,2,2,2,6,1,0.01,0.01,0.02,0.50,3,False
10,168,0,0,0,0,0,0,0,0,0,0,0,0,0,0.0,0.0,0.0,0.0,0,0,0,0,0,0.00,0.00,0.00,0.00,0,False
10,169,80,2,0,1,0,0,0,0,0,0,0,3,56,85.8,22.1,75.0,18.3,2,2,4,8,1,1.35,0.01,1.36,0.28,16,True
10,170,0,0,0,0,0,0,0,0,0,0,0,0,0,0.0,0.0,0.0,0.0,0,0,0,0,0,0.00,0.00,0.00,0.00,0,False
10,171,0,0,0,0,0,0,0,0,0,0,0,0,0,0.0,0.0,0.0,0.0,0,0,0,0,0,0.00,0.00,0.00,0.00,0,False
10,172,9,0,0,0,0,0,0,0,0,0,0,0,2,0.0,0.0,0.0,0.0,0,0,0,0,0,0.00,0.00,0.00,0.22,1,False
10,173,90,0,1,1,0,0,0,0,0,0,0,2,37,31.0,21.8,2.0,5.5,1,7,5,13,1,0.00,0.38,0.38,0.50,10,False
10,174,0,0,0,0,0,0,0,0,0,0,0,0,0,0.0,0.0,0.0,0.0,0,0,0,0,0,0.00,0.00,0.00,0.00,0,False
10,175,1,0,0,0,0,0,0,0,0,0,0,0,3,0.0,0.0,0.0,0.0,0,0,0,0,0,0.00,0.00,0.00,0.00,1,False
10,176,0,0,0,0,0,0,0,0,0,0,0,0,0,0.0,0.0,0.0,0.0,0,0,0,0,0,0.00,0.00,0.00,0.00,0,False
10,177,0,0,0,0,0,0,0,0,0,0,0,0,0,0.0,0.0,0.0,0.0,0,0,0,0,0,0.00,0.00,0.00,0.00,0,False
10,178,81,1,0,1,0,0,0,0,0,0,0,0,34,33.0,12.8,24.0,7.0,1,3,0,4,1,0.92,0.02,0.94,0.28,6,False
10,179,0,0,0,0,0,0,0,0,0,0,0,0,0,0.0,0.0,0.0,0.0,0,0,0,0,0,0.00,0.00,0.00,0.00,0,False
10,180,9,0,0,0,0,0,0,0,0,0,0,0,4,1.4,10.3,2.0,1.4,0,0,0,0,0,0.00,0.06,0.06,0.22,1,False
10,181,2,0,0,0,0,0,0,0,0,0,0,0,3,0.0,0.0,0.0,0.0,0,0,0,0,0,0.00,0.00,0.00,0.00,1,False
10,182,0,0,0,0,0,0,0,0,0,0,0,0,0,0.0,0.0,0.0,0.0,0,0,0,0,0,0.00,0.00,0.00,0.00,0,False
10,183,0,0,0,0,0,0,0,0,0,0,0,0,0,0.0,0.0,0.0,0.0,0,0,0,0,0,0.00,0.00,0.00,0.00,0,False
10,184,0,0,0,0,0,0,0,0,0,0,0,0,0,0.0,0.0,0.0,0.0,0,0,0,0,0,0.00,0.00,0.00,0.00,0,False
10,185,0,0,0,0,0,0,0,0,0,0,0,0,0,0.0,0.0,0.0,0.0,0,0,0,0,0,0.00,0.00,0.00,0.00,0,False
10,186,0,0,0,0,0,0,0,0,0,0,0,0,0,0.0,0.0,0.0,0.0,0,0,0,0,0,0.00,0.00,0.00,0.00,0,False
10,187,90,0,0,0,2,0,0,0,0,0,0,0,4,9.6,2.2,0.0,1.2,1,6,4,5,1,0.00,0.01,0.01,2.42,1,False
10,188,0,0,0,0,0,0,0,0,0,0,0,0,0,0.0,0.0,0.0,0.0,0,0,0,0,0,0.00,0.00,0.00,0.00,0,False
10,189,0,0,0,0,0,0,0,0,0,0,0,0,0,0.0,0.0,0.0,0.0,0,0,0,0,0,0.00,0.00,0.00,0.00,0,False
10,190,0,0,0,0,0,0,0,0,0,0,0,0,0,0.0,0.0,0.0,0.0,0,0,0,0,0,0.00,0.00,0.00,0.00,0,False
10,191,90,0,0,0,2,0,0,0,0,0,0,0,12,7.6,11.5,2.0,2.1,4,6,0,4,1,0.00,0.29,0.29,2.42,1,False
10,192,90,0,0,0,2,0,0,0,0,0,0,0,7,12.2,7.3,0.0,2.0,2,1,2,4,1,0.00,0.02,0.02,2.42,1,False
10,193,0,0,0,0,0,0,0,0,0,0,0,0,0,0.0,0.0,0.0,0.0,0,0,0,0,0,0.00,0.00,0.00,0.00,0,False
10,194,0,0,0,0,0,0,0,0,0,0,0,0,0,0.0,0.0,0.0,0.0,0,0,0,0,0,0.00,0.00,0.00,0.00,0,False
10,195,0,0,0,0,0,0,0,0,0,0,0,0,0,0.0,0.0,0.0,0.0,0,0,0,0,0,0.00,0.00,0.00,0.00,0,False
10,196,0,0,0,0,0,0,0,0,0,0,0,0,0,0.0,0.0,0.0,0.0,0,0,0,0,0,0.00,0.00,0.00,0.00,0,False
10,197,0,0,0,0,0,0,0,0,0,0,0,0,0,0.0,0.0,0.0,0.0,0,0,0,0,0,0.00,0.00,0.00,0.00,0,False
10,198,90,0,0,0,2,0,0,0,0,0,0,0,20,36.2,1.3,0.0,3.8,19,2,0,19,1,0.00,0.01,0.01,2.42,3,False
10,199,0,0,0,0,0,0,0,0,0,0,0,0,0,0.0,0.0,0.0,0.0,0,0,0,0,0,0.00,0.00,0.00,0.00,0,False
10,200,61,0,0,0,2,0,0,0,0,0,0,0,4,0.0,1.0,0.0,0.0,0,2,0,2,1,0.00,0.00,0.00,2.30,2,False
10,201,0,0,0,0,0,0,0,0,0,0,0,0,0,0.0,0.0,0.0,0.0,0,0,0,0,0,0.00,0.00,0.00,0.00,0,False
10,202,28,0,0,0,0,0,0,0,0,0,0,0,3,2.8,2.7,6.0,1.2,0,1,1,2,0,0.00,0.01,0.01,0.12,1,False
10,203,0,0,0,0,0,0,0,0,0,0,0,0,0,0.0,0.0,0.0,0.0,0,0,0,0,0,0.00,0.00,0.00,0.00,0,False
10,204,0,0,0,0,0,0,0,0,0,0,0,0,0,0.0,0.0,0.0,0.0,0,0,0,0,0,0.00,0.00,0.00,0.00,0,False
10,205,81,0,0,0,2,0,0,0,1,0,0,0,10,4.6,3.0,0.0,0.8,1,1,2,4,1,0.00,0.02,0.02,2.37,1,False
10,206,8,0,0,0,0,0,0,0,0,0,0,0,0,0.0,0.8,5.0,0.3,0,0,0,0,0,0.05,0.00,0.05,0.05,1,False
10,207,14,0,0,0,0,0,0,0,0,0,0,0,7,1.4,4.8,0.0,0.6,0,2,0,2,0,0.00,0.01,0.01,0.09,1,False
10,208,0,0,0,0,0,0,0,0,0,0,0,0,0,0.0,0.0,0.0,0.0,0,0,0,0,0,0.00,0.00,0.00,0.00,0,False
10,209,75,0,0,0,2,0,0,0,0,0,0,0,10,10.8,2.5,0.0,1.3,6,0,0,6,1,0.00,0.01,0.01,2.33,2,False
10,210,28,0,0,0,0,0,0,0,0,0,0,0,7,3.6,1.7,0.0,0.5,0,1,1,2,0,0.00,0.01,0.01,0.12,1,False
10,211,0,0,0,0,0,0,0,0,0,0,0,0,0,0.0,0.0,0.0,0.0,0,0,0,0,0,0.00,0.00,0.00,0.00,0,False
10,212,0,0,0,0,0,0,0,0,0,0,0,0,0,0.0,0.0,0.0,0.0,0,0,0,0,0,0.00,0.00,0.00,0.00,0,False
10,213,0,0,0,0,0,0,0,0,0,0,0,0,0,0.0,0.0,0.0,0.0,0,0,0,0,0,0.00,0.00,0.00,0.00,0,False
10,214,0,0,0,0,0,0,0,0,0,0,0,0,0,0.0,0.0,0.0,0.0,0,0,0,0,0,0.00,0.00,0.00,0.00,0,False
10,215,75,0,0,0,2,0,0,0,1,0,0,0,1,0.0,6.0,8.0,1.0,0,2,0,2,1,0.02,0.02,0.04,2.33,1,False
10,216,0,0,0,0,0,0,0,0,0,0,0,0,0,0.0,0.0,0.0,0.0,0,0,0,0,0,0.00,0.00,0.00,0.00,0,False
10,217,0,0,0,0,0,0,0,0,0,0,0,0,0,0.0,0.0,0.0,0.0,0,0,0,0,0,0.00,0.00,0.00,0.00,0,False
10,218,0,0,0,0,0,0,0,0,0,0,0,0,0,0.0,0.0,0.0,0.0,0,0,0,0,0,0.00,0.00,0.00,0.00,0,False
10,219,0,0,0,0,0,0,0,0,0,0,0,0,0,0.0,0.0,0.0,0.0,0,0,0,0,0,0.00,0.00,0.00,0.00,0,False
10,220,90,0,0,1,0,0,0,0,0,0,1,0,25,12.8,0.0,0.0,1.3,1,12,0,0,1,0.00,0.00,0.00,0.10,6,False
10,221,0,0,0,0,0,0,0,0,0,0,0,0,0,0.0,0.0,0.0,0.0,0,0,0,0,0,0.00,0.00,0.00,0.00,0,False
10,222,0,0,0,0,0,0,0,0,0,0,0,0,0,0.0,0.0,0.0,0.0,0,0,0,0,0,0.00,0.00,0.00,0.00,0,False
10,223,0,0,0,0,0,0,0,0,0,0,0,0,0,0.0,0.0,0.0,0.0,0,0,0,0,0,0.00,0.00,0.00,0.00,0,False
10,224,90,0,0,1,0,0,0,0,0,0,0,1,29,15.4,2.3,7.0,2.5,4,6,3,7,1,0.03,0.01,0.04,0.10,7,False
10,225,90,0,0,1,0,0,0,0,0,0,0,1,29,18.2,18.8,2.0,3.9,6,8,3,9,1,0.14,0.47,0.61,0.10,7,False
10,226,90,0,0,1,0,0,0,0,1,0,0,0,26,18.0,0.4,0.0,1.8,11,2,1,12,1,0.00,0.00,0.00,0.10,7,False
10,227,0,0,0,0,0,0,0,0,0,0,0,0,0,0.0,0.0,0.0,0.0,0,0,0,0,0,0.00,0.00,0.00,0.00,0,False
10,228,75,0,0,1,0,0,0,0,0,0,0,0,28,18.0,30.8,0.0,4.9,3,5,3,6,1,0.00,0.10,0.10,0.10,6,False
10,229,0,0,0,0,0,0,0,0,0,0,0,0,0,0.0,0.0,0.0,0.0,0,0,0,0,0,0.00,0.00,0.00,0.00,0,False
10,230,88,0,0,1,0,0,0,0,0,0,0,0,25,9.0,0.6,0.0,1.0,5,6,0,5,1,0.00,0.00,0.00,0.10,6,False
10,231,0,0,0,0,0,0,0,0,0,0,0,0,0,0.0,0.0,0.0,0.0,0,0,0,0,0,0.00,0.00,0.00,0.00,0,False
10,232,1,0,0,0,0,0,0,0,0,0,0,0,3,0.2,0.0,0.0,0.0,0,0,0,0,0,0.00,0.00,0.00,0.00,1,False
10,233,0,0,0,0,0,0,0,0,0,0,0,0,0,0.0,0.0,0.0,0.0,0,0,0,0,0,0.00,0.00,0.00,0.00,0,False
10,234,0,0,0,0,0,0,0,0,0,0,0,0,0,0.0,0.0,0.0,0.0,0,0,0,0,0,0.00,0.00,0.00,0.00,0,False
10,235,0,0,0,0,0,0,0,0,0,0,0,0,0,0.0,0.0,0.0,0.0,0,0,0,0,0,0.00,0.00,0.00,0.00,0,False
10,236,84,0,0,1,0,0,0,0,0,0,0,0,3,9.8,18.8,41.0,7.0,0,5,1,6,1,0.62,0.02,0.64,0.10,3,False
10,237,90,0,0,1,0,0,0,0,1,0,0,0,10,14.4,45.7,26.0,8.6,0,2,2,4,1,0.48,0.17,0.65,0.10,2,False
10,238,5,0,0,0,0,0,0,0,0,0,0,0,-1,0.6,0.7,2.0,0.3,0,1,0,1,0,0.00,0.01,0.01,0.00,1,False
10,239,24,0,0,0,0,0,0,0,0,0,0,0,0,0.0,2.6,6.0,0.8,0,1,0,1,0,0.51,0.01,0.52,0.04,1,False
10,240,0,0,0,0,0,0,0,0,0,0,0,0,0,0.0,0.0,0.0,0.0,0,0,0,0,0,0.00,0.00,0.00,0.00,0,False
10,241,90,0,1,1,0,0,0,0,0,0,0,2,33,27.4,25.6,4.0,5.7,6,7,2,15,1,0.00,0.28,0.28,0.10,10,False
10,242,82,0,0,0,1,0,0,0,0,0,0,0,9,11.6,20.7,9.0,4.1,3,2,1,6,1,0.06,0.09,0.15,1.09,2,False
10,243,0,0,0,0,0,0,0,0,0,0,0,0,0,0.0,0.0,0.0,0.0,0,0,0,0,0,0.00,0.00,0.00,0.00,0,False
10,244,14,0,0,0,0,0,0,0,0,0,0,0,2,0.0,0.4,2.0,0.2,0,0,0,0,0,0.00,0.01,0.01,0.00,1,False
10,245,0,0,0,0,0,0,0,0,0,0,0,0,0,0.0,0.0,0.0,0.0,0,0,0,0,0,0.00,0.00,0.00,0.00,0,False
10,246,0,0,0,0,0,0,0,0,0,0,0,0,0,0.0,0.0,0.0,0.0,0,0,0,0,0,0.00,0.00,0.00,0.00,0,False
10,247,0,0,0,0,0,0,0,0,0,0,0,0,0,0.0,0.0,0.0,0.0,0,0,0,0,0,0.00,0.00,0.00,0.00,0,False
10,248,0,0,0,0,0,0,0,0,0,0,0,0,0,0.0,0.0,0.0,0.0,0,0,0,0,0,0.00,0.00,0.00,0.00,0,False
10,249,90,1,0,1,0,0,0,0,0,0,0,3,44,57.6,23.1,93.0,17.4,1,5,3,9,1,1.86,0.13,1.99,0.10,9,True
10,250,0,0,0,0,0,0,0,0,0,0,0,0,0,0.0,0.0,0.0,0.0,0,0,0,0,0,0.00,0.00,0.00,0.00,0,False
10,251,0,0,0,0,0,0,0,0,0,0,0,0,0,0.0,0.0,0.0,0.0,0,0,0,0,0,0.00,0.00,0.00,0.00,0,False
10,252,0,0,0,0,0,0,0,0,0,0,0,0,0,0.0,0.0,0.0,0.0,0,0,0,0,0,0.00,0.00,0.00,0.00,0,False
10,253,90,0,0,1,0,0,0,0,0,0,2,0,25,13.0,0.0,0.0,1.3,1,7,0,0,1,0.00,0.00,0.00,0.54,6,False
10,254,0,0,0,0,0,0,0,0,0,0,0,0,0,0.0,0.0,0.0,0.0,0,0,0,0,0,0.00,0.00,0.00,0.00,0,False
10,255,0,0,0,0,0,0,0,0,0,0,0,0,0,0.0,0.0,0.0,0.0,0,0,0,0,0,0.00,0.00,0.00,0.00,0,False
10,256,90,0,0,1,0,0,0,0,0,0,0,0,23,12.2,2.2,7.0,2.1,5,4,1,6,1,0.02,0.02,0.04,0.54,6,False
10,257,90,0,0,1,0,0,0,0,0,0,0,0,24,16.4,0.0,2.0,1.8,10,1,0,10,1,0.00,0.00,0.00,0.54,8,False
10,258,90,0,0,1,0,0,0,0,0,0,0,0,19,8.8,11.2,2.0,2.2,4,5,0,4,1,0.00,0.04,0.04,0.54,6,False
10,259,0,0,0,0,0,0,0,0,0,0,0,0,0,0.0,0.0,0.0,0.0,0,0,0,0,0,0.00,0.00,0.00,0.00,0,False
10,260,90,0,0,1,0,0,0,0,0,0,0,2,34,24.6,10.8,2.0,3.7,7,4,5,12,1,0.00,0.02,0.02,0.54,10,True
10,261,90,0,0,1,0,0,0,0,0,0,0,0,22,20.0,0.3,2.0,2.2,6,2,2,8,1,0.00,0.00,0.00,0.54,6,False
10,262,0,0,0,0,0,0,0,0,0,0,0,0,0,0.0,0.0,0.0,0.0,0,0,0,0,0,0.00,0.00,0.00,0.00,0,False
10,263,0,0,0,0,0,0,0,0,0,0,0,0,0,0.0,0.0,0.0,0.0,0,0,0,0,0,0.00,0.00,0.00,0.00,0,False
10,264,0,0,0,0,0,0,0,0,0,0,0,0,0,0.0,0.0,0.0,0.0,0,0,0,0,0,0.00,0.00,0.00,0.00,0,False
10,265,0,0,0,0,0,0,0,0,0,0,0,0,0,0.0,0.0,0.0,0.0,0,0,0,0,0,0.00,0.00,0.00,0.00,0,False
10,266,71,0,0,1,0,0,0,0,0,0,0,0,9,3.2,2.9,5.0,1.1,0,4,1,5,1,0.12,0.01,0.13,0.02,3,False
10,267,90,0,0,1,0,0,0,0,0,0,0,0,6,5.8,2.6,16.0,2.4,5,4,1,10,1,0.34,0.01,0.35,0.54,3,False
10,268,0,0,0,0,0,0,0,0,0,0,0,0,0,0.0,0.0,0.0,0.0,0,0,0,0,0,0.00,0.00,0.00,0.00,0,False
10,269,0,0,0,0,0,0,0,0,0,0,0,0,0,0.0,0.0,0.0,0.0,0,0,0,0,0,0.00,0.00,0.00,0.00,0,False
10,270,12,0,0,0,0,0,0,0,0,0,0,0,3,2.4,10.1,2.0,1.5,0,1,0,1,0,0.00,0.00,0.00,0.01,1,False
10,271,77,0,0,1,0,0,0,0,0,0,0,0,9,4.2,7.0,8.0,1.9,2,9,1,12,1,0.08,0.03,0.11,0.53,5,False
10,272,90,0,2,1,0,0,0,0,0,0,0,1,28,26.4,15.8,11.0,5.3,2,4,1,7,1,0.05,0.05,0.10,0.54,10,False
10,273,0,0,0,0,0,0,0,0,0,0,0,0,0,0.0,0.0,0.0,0.0,0,0,0,0,0,0.00,0.00,0.00,0.00,0,False
10,274,0,0,0,0,0,0,0,0,0,0,0,0,0,0.0,0.0,0.0,0.0,0,0,0,0,0,0.00,0.00,0.00,0.00,0,False
10,275,0,0,0,0,0,0,0,0,0,0,0,0,0,0.0,0.0,0.0,0.0,0,0,0,0,0,0.00,0.00,0.00,0.00,0,False
10,276,12,0,0,0,0,0,0,0,0,0,0,0,3,0.0,0.0,0.0,0.0,0,0,0,0,0,0.00,0.00,0.00,0.01,1,False
10,277,0,0,0,0,0,0,0,0,0,0,0,0,0,0.0,0.0,0.0,0.0,0,0,0,0,0,0.00,0.00,0.00,0.00,0,False
10,278,0,0,0,0,0,0,0,0,0,0,0,0,0,0.0,0.0,0.0,0.0,0,0,0,0,0,0.00,0.00,0.00,0.00,0,False
10,279,0,0,0,0,0,0,0,0,0,0,0,0,0,0.0,0.0,0.0,0.0,0,0,0,0,0,0.00,0.00,0.00,0.00,0,False
10,280,0,0,0,0,0,0,0,0,0,0,0,0,0,0.0,0.0,0.0,0.0,0,0,0,0,0,0.00,0.00,0.00,0.00,0,False
10,281,0,0,0,0,0,0,0,0,0,0,0,0,0,0.0,0.0,0.0,0.0,0,0,0,0,0,0.00,0.00,0.00,0.00,0,False
10,282,0,0,0,0,0,0,0,0,0,0,0,0,0,0.0,0.0,0.0,0.0,0,0,0,0,0,0.00,0.00,0.00,0.00,0,False
10,283,89,1,0,1,0,0,0,0,0,0,0,3,37,40.4,1.8,42.0,8.4,2,2,1,5,1,0.11,0.01,0.12,0.54,9,False
10,284,0,0,0,0,0,0,0,0,0,0,0,0,0,0.0,0.0,0.0,0.0,0,0,0,0,0,0.00,0.00,0.00,0.00,0,False
10,285,0,0,0,0,0,0,0,0,0,0,0,0,0,0.0,0.0,0.0,0.0,0,0,0,0,0,0.00,0.00,0.00,0.00,0,False
10,286,0,0,0,0,0,0,0,0,0,0,0,0,0,0.0,0.0,0.0,0.0,0,0,0,0,0,0.00,0.00,0.00,0.00,0,False
10,287,90,0,0,0,1,0,0,0,0,0,2,0,11,20.6,0.1,0.0,2.1,2,7,0,0,1,0.00,0.01,0.01,1.09,2,False
10,288,0,0,0,0,0,0,0,0,0,0,0,0,0,0.0,0.0,0.0,0.0,0,0,0,0,0,0.00,0.00,0.00,0.00,0,False
10,289,0,0,0,0,0,0,0,0,0,0,0,0,0,0.0,0.0,0.0,0.0,0,0,0,0,0,0.00,0.00,0.00,0.00,0,False
10,290,0,0,0,0,0,0,0,0,0,0,0,0,0,0.0,0.0,0.0,0.0,0,0,0,0,0,0.00,0.00,0.00,0.00,0,False
10,291,90,0,0,0,1,0,0,0,0,0,0,0,10,16.4,5.6,4.0,2.6,8,1,0,8,1,0.00,0.02,0.02,1.09,2,False
10,292,90,0,0,0,1,0,0,0,0,0,0,0,10,20.4,1.8,7.0,2.9,6,4,1,7,1,0.02,0.01,0.03,1.09,2,False
10,293,82,0,0,0,1,0,0,0,0,0,0,0,7,22.0,1.5,0.0,2.4,8,3,1,9,1,0.00,0.01,0.01,1.09,2,False
10,294,0,0,0,0,0,0,0,0,0,0,0,0,0,0.0,0.0,0.0,0.0,0,0,0,0,0,0.00,0.00,0.00,0.00,0,False
10,295,90,0,0,0,1,0,0,0,0,0,0,0,12,40.6,0.7,2.0,4.3,17,1,1,18,1,0.00,0.01,0.01,1.09,4,False
10,296,0,0,0,0,0,0,0,0,0,0,0,0,0,0.0,0.0,0.0,0.0,0,0,0,0,0,0.00,0.00,0.00,0.00,0,False
10,297,0,0,0,0,0,0,0,0,0,0,0,0,0,0.0,0.0,0.0,0.0,0,0,0,0,0,0.00,0.00,0.00,0.00,0,False
10,298,0,0,0,0,0,0,0,0,0,0,0,0,0,0.0,0.0,0.0,0.0,0,0,0,0,0,0.00,0.00,0.00,0.00,0,False
10,299,61,1,0,0,1,0,0,0,0,0,0,2,28,35.8,1.4,26.0,6.3,0,4,1,5,1,0.21,0.04,0.25,0.42,9,False
10,300,28,0,0,0,0,0,0,0,0,0,0,0,3,1.6,0.2,0.0,0.2,0,1,1,2,0,0.00,0.00,0.00,0.67,1,False
10,301,7,0,0,0,0,0,0,0,1,0,0,0,-1,0.0,0.8,6.0,0.6,0,1,0,1,0,0.00,0.01,0.01,0.00,0,False
10,302,90,0,0,0,1,0,0,0,0,0,0,0,19,19.4,22.3,0.0,4.2,5,5,4,14,1,0.00,0.09,0.09,1.09,4,False
10,303,90,0,0,0,1,0,0,0,0,0,0,0,12,5.8,3.0,3.0,1.2,1,5,2,8,1,0.03,0.02,0.05,1.09,2,False
10,304,7,0,0,0,0,0,0,0,0,0,0,0,3,1.2,0.1,0.0,0.1,1,1,0,2,0,0.00,0.00,0.00,0.00,1,False
10,305,0,0,0,0,0,0,0,0,0,0,0,0,0,0.0,0.0,0.0,0.0,0,0,0,0,0,0.00,0.00,0.00,0.00,0,False
10,306,0,0,0,0,0,0,0,0,0,0,0,0,0,0.0,0.0,0.0,0.0,0,0,0,0,0,0.00,0.00,0.00,0.00,0,False
10,307,0,0,0,0,0,0,0,0,0,0,0,0,0,0.0,0.0,0.0,0.0,0,0,0,0,0,0.00,0.00,0.00,0.00,0,False
10,308,0,0,0,0,0,0,0,0,0,0,0,0,0,0.0,0.0,0.0,0.0,0,0,0,0,0,0.00,0.00,0.00,0.00,0,False
10,309,0,0,0,0,0,0,0,0,0,0,0,0,0,0.0,0.0,0.0,0.0,0,0,0,0,0,0.00,0.00,0.00,0.00,0,False
10,310,56,0,0,0,1,0,0,0,1,0,0,0,-8,0.0,5.8,14.0,1.5,1,1,0,2,1,0.51,0.00,0.51,0.42,0,False
10,311,33,0,0,0,0,0,0,0,0,0,0,0,2,7.4,0.0,0.0,0.7,5,0,0,5,0,0.00,0.00,0.00,0.67,1,False
10,312,0,0,0,0,0,0,0,0,0,0,0,0,0,0.0,0.0,0.0,0.0,0,0,0,0,0,0.00,0.00,0.00,0.00,0,False
10,313,0,0,0,0,0,0,0,0,0,0,0,0,0,0.0,0.0,0.0,0.0,0,0,0,0,0,0.00,0.00,0.00,0.00,0,False
10,314,90,0,0,1,0,0,0,0,0,0,2,1,28,19.8,0.0,0.0,2.0,1,14,0,0,1,0.00,0.00,0.00,0.24,7,True
10,315,0,0,0,0,0,0,0,0,0,0,0,0,0,0.0,0.0,0.0,0.0,0,0,0,0,0,0.00,0.00,0.00,0.00,0,False
10,316,0,0,0,0,0,0,0,0,0,0,0,0,0,0.0,0.0,0.0,0.0,0,0,0,0,0,0.00,0.00,0.00,0.00,0,False
10,317,90,0,0,1,0,0,0,0,0,0,0,0,25,12.2,1.5,14.0,2.8,4,9,0,4,1,0.05,0.22,0.27,0.24,6,False
10,318,90,0,0,1,0,0,0,0,0,0,0,0,24,12.2,1.2,2.0,1.5,1,2,2,3,1,0.00,0.01,0.01,0.24,6,False
10,319,0,0,0,0,0,0,0,0,0,0,0,0,0,0.0,0.0,0.0,0.0,0,0,0,0,0,0.00,0.00,0.00,0.00,0,False
10,320,0,0,0,0,0,0,0,0,0,0,0,0,0,0.0,0.0,0.0,0.0,0,0,0,0,0,0.00,0.00,0.00,0.00,0,False
10,321,0,0,0,0,0,0,0,0,0,0,0,0,0,0.0,0.0,0.0,0.0,0,0,0,0,0,0.00,0.00,0.00,0.00,0,False
10,322,90,0,0,1,0,0,0,0,0,0,0,0,25,15.4,13.0,29.0,5.7,2,3,1,3,1,0.10,0.02,0.12,0.24,6,False
10,323,0,0,0,0,0,0,0,0,0,0,0,0,0,0.0,0.0,0.0,0.0,0,0,0,0,0,0.00,0.00,0.00,0.00,0,False
10,324,88,0,0,1,0,0,0,0,0,0,0,0,17,18.2,66.0,9.0,9.3,3,4,0,7,1,0.02,0.30,0.32,0.17,3,False
10,325,18,0,0,0,0,0,0,0,0,0,0,0,5,3.6,13.3,9.0,2.6,0,1,0,1,0,0.13,0.03,0.16,0.07,1,False
10,326,1,0,0,0,0,0,0,0,0,0,0,0,2,0.0,1.8,5.0,0.6,0,0,0,0,0,0.02,0.01,0.03,0.07,1,False
10,327,0,0,0,0,0,0,0,0,0,0,0,0,0,0.0,0.0,0.0,0.0,0,0,0,0,0,0.00,0.00,0.00,0.00,0,False
10,328,90,1,1,1,0,0,0,0,0,0,0,3,40,45.6,8.1,21.0,7.5,5,2,0,7,1,0.22,0.02,0.24,0.24,14,True
10,329,76,1,0,1,0,0,0,0,0,0,0,2,32,42.2,34.8,25.0,10.2,4,4,0,8,1,0.18,0.10,0.28,0.17,10,False
10,330,90,0,1,1,0,0,0,0,1,0,0,0,19,11.4,29.8,7.0,4.8,1,3,1,5,1,0.11,0.04,0.15,0.24,5,False
10,331,18,0,0,0,0,0,0,0,0,0,0,0,5,11.2,12.8,5.0,2.9,2,0,0,2,0,0.10,0.02,0.12,0.07,1,False
10,332,0,0,0,0,0,0,0,0,0,0,0,0,0,0.0,0.0,0.0,0.0,0,0,0,0,0,0.00,0.00,0.00,0.00,0,False
10,333,0,0,0,0,0,0,0,0,0,0,0,0,0,0.0,0.0,0.0,0.0,0,0,0,0,0,0.00,0.00,0.00,0.00,0,False
10,334,0,0,0,0,0,0,0,0,0,0,0,0,0,0.0,0.0,0.0,0.0,0,0,0,0,0,0.00,0.00,0.00,0.00,0,False
10,335,71,0,0,1,0,0,0,0,0,0,0,0,10,1.8,12.5,5.0,1.9,0,2,1,3,1,0.03,0.04,0.07,0.17,3,False
10,336,0,0,0,0,0,0,0,0,0,0,0,0,0,0.0,0.0,0.0,0.0,0,0,0,0,0,0.00,0.00,0.00,0.00,0,False
10,337,71,0,1,1,0,0,0,0,0,0,0,0,22,23.2,36.0,6.0,6.5,2,3,0,5,1,0.00,0.22,0.22,0.17,5,False
10,338,18,0,0,0,0,0,0,0,0,0,0,0,4,1.0,0.0,2.0,0.3,1,1,0,2,0,0.03,0.00,0.03,0.07,1,False
10,339,0,0,0,0,0,0,0,0,0,0,0,0,0,0.0,0.0,0.0,0.0,0,0,0,0,0,0.00,0.00,0.00,0.00,0,False
10,340,0,0,0,0,0,0,0,0,0,0,0,0,0,0.0,0.0,0.0,0.0,0,0,0,0,0,0.00,0.00,0.00,0.00,0,False
10,341,0,0,0,0,0,0,0,0,0,0,0,0,0,0.0,0.0,0.0,0.0,0,0,0,0,0,0.00,0.00,0.00,0.00,0,False
10,342,76,0,0,0,3,0,0,0,0,0,0,0,-9,0.0,5.3,4.0,0.9,1,1,0,1,1,0.00,0.01,0.01,2.94,1,False
10,343,0,0,0,0,0,0,0,0,0,0,0,0,0,0.0,0.0,0.0,0.0,0,0,0,0,0,0.00,0.00,0.00,0.00,0,False
10,344,90,0,0,0,3,0,0,0,0,0,0,0,2,12.4,1.1,2.0,1.6,3,6,0,3,1,0.00,0.01,0.01,3.07,1,False
10,345,0,0,0,0,0,0,0,0,0,0,0,0,0,0.0,0.0,0.0,0.0,0,0,0,0,0,0.00,0.00,0.00,0.00,0,False
10,346,0,0,0,0,0,0,0,0,0,0,0,0,0,0.0,0.0,0.0,0.0,0,0,0,0,0,0.00,0.00,0.00,0.00,0,False
10,347,90,0,0,0,3,0,0,0,0,0,0,0,6,21.0,12.2,4.0,3.7,6,4,2,8,1,0.00,0.01,0.01,3.07,1,False
10,348,90,0,0,0,3,0,0,0,0,0,0,0,5,20.0,1.4,2.0,2.3,7,3,1,8,1,0.00,0.01,0.01,3.07,1,False
10,349,0,0,0,0,0,0,0,0,0,0,0,0,0,0.0,0.0,0.0,0.0,0,0,0,0,0,0.00,0.00,0.00,0.00,0,False
10,350,90,0,0,0,3,0,0,0,0,0,0,0,4,2.6,13.5,2.0,1.8,0,1,0,1,1,0.00,0.15,0.15,3.07,2,False
10,351,0,0,0,0,0,0,0,0,0,0,0,0,0,0.0,0.0,0.0,0.0,0,0,0,0,0,0.00,0.00,0.00,0.00,0,False
10,352,13,0,0,0,0,0,0,0,0,0,0,0,2,2.2,13.6,2.0,1.8,0,0,0,0,0,0.00,0.02,0.02,0.13,1,False
10,353,29,0,0,0,2,0,0,0,0,0,0,0,5,2.4,13.1,0.0,1.6,0,1,0,1,0,0.00,0.15,0.15,1.38,1,False
10,354,90,0,0,0,3,0,0,0,1,0,0,0,14,13.6,2.8,0.0,1.6,3,4,2,9,1,0.00,0.01,0.01,3.07,1,False
10,355,0,0,0,0,0,0,0,0,0,0,0,0,0,0.0,0.0,0.0,0.0,0,0,0,0,0,0.00,0.00,0.00,0.00,0,False
10,356,0,0,0,0,0,0,0,0,0,0,0,0,0,0.0,0.0,0.0,0.0,0,0,0,0,0,0.00,0.00,0.00,0.00,0,False
10,357,0,0,0,0,0,0,0,0,0,0,0,0,0,0.0,0.0,0.0,0.0,0,0,0,0,0,0.00,0.00,0.00,0.00,0,False
10,358,60,0,0,0,1,0,0,0,0,0,0,0,11,4.0,6.0,0.0,1.0,3,5,1,9,1,0.00,0.01,0.01,1.69,2,False
10,359,0,0,0,0,0,0,0,0,0,0,0,0,0,0.0,0.0,0.0,0.0,0,0,0,0,0,0.00,0.00,0.00,0.00,0,False
10,360,0,0,0,0,0,0,0,0,0,0,0,0,0,0.0,0.0,0.0,0.0,0,0,0,0,0,0.00,0.00,0.00,0.00,0,False
10,361,0,0,0,0,0,0,0,0,0,0,0,0,0,0.0,0.0,0.0,0.0,0,0,0,0,0,0.00,0.00,0.00,0.00,0,False
10,362,0,0,0,0,0,0,0,0,0,0,0,0,0,0.0,0.0,0.0,0.0,0,0,0,0,0,0.00,0.00,0.00,0.00,0,False
10,363,0,0,0,0,0,0,0,0,0,0,0,0,0,0.0,0.0,0.0,0.0,0,0,0,0,0,0.00,0.00,0.00,0.00,0,False
10,364,0,0,0,0,0,0,0,0,0,0,0,0,0,0.0,0.0,0.0,0.0,0,0,0,0,0,0.00,0.00,0.00,0.00,0,False
10,365,25,0,0,0,1,0,0,0,0,0,0,0,0,3.0,0.3,17.0,2.0,0,1,0,1,0,0.13,0.00,0.13,0.50,1,False
10,366,0,0,0,0,0,0,0,0,0,0,0,0,0,0.0,0.0,0.0,0.0,0,0,0,0,0,0.00,0.00,0.00,0.00,0,False
10,367,90,0,0,1,0,0,0,0,0,0,3,0,26,14.4,0.0,0.0,1.4,0,6,0,0,1,0.00,0.00,0.00,0.41,7,False
10,368,0,0,0,0,0,0,0,0,0,0,0,0,0,0.0,0.0,0.0,0.0,0,0,0,0,0,0.00,0.00,0.00,0.00,0,False
10,369,0,0,0,0,0,0,0,0,0,0,0,0,0,0.0,0.0,0.0,0.0,0,0,0,0,0,0.00,0.00,0.00,0.00,0,False
10,370,0,0,0,0,0,0,0,0,0,0,0,0,0,0.0,0.0,0.0,0.0,0,0,0,0,0,0.00,0.00,0.00,0.00,0,False
10,371,0,0,0,0,0,0,0,0,0,0,0,0,0,0.0,0.0,0.0,0.0,0,0,0,0,0,0.00,0.00,0.00,0.00,0,False
10,372,90,0,0,1,0,0,0,0,0,0,0,2,31,12.4,17.1,7.0,3.7,4,4,1,5,1,0.08,0.10,0.17,0.41,8,True
10,373,90,0,0,1,0,0,0,0,1,0,0,0,23,22.6,1.8,0.0,2.4,5,4,1,6,1,0.00,0.02,0.02,0.41,5,False
10,374,90,0,0,1,0,0,0,0,0,0,0,0,21,15.0,1.8,4.0,2.1,12,3,0,12,1,0.13,0.01,0.14,0.41,8,False
10,375,90,0,0,1,0,0,0,0,0,0,0,0,22,6.8,2.0,7.0,1.6,2,5,1,3,1,0.01,0.08,0.09,0.41,6,False
10,376,0,0,0,0,0,0,0,0,0,0,0,0,0,0.0,0.0,0.0,0.0,0,0,0,0,0,0.00,0.00,0.00,0.00,0,False
10,377,0,0,0,0,0,0,0,0,0,0,0,0,0,0.0,0.0,0.0,0.0,0,0,0,0,0,0.00,0.00,0.00,0.00,0,False
10,378,0,0,0,0,0,0,0,0,0,0,0,0,0,0.0,0.0,0.0,0.0,0,0,0,0,0,0.00,0.00,0.00,0.00,0,False
10,379,0,0,0,0,0,0,0,0,0,0,0,0,0,0.0,0.0,0.0,0.0,0,0,0,0,0,0.00,0.00,0.00,0.00,0,False
10,380,0,0,0,0,0,0,0,0,0,0,0,0,0,0.0,0.0,0.0,0.0,0,0,0,0,0,0.00,0.00,0.00,0.00,0,False
10,381,90,1,0,1,0,0,0,0,0,0,0,2,31,40.0,19.6,28.0,8.8,0,4,0,4,1,0.22,0.13,0.35,0.41,10,False
10,382,13,0,0,0,0,0,0,0,0,0,0,0,4,3.2,10.3,0.0,1.4,0,1,1,2,0,0.00,0.00,0.00,0.11,1,False
10,383,0,0,0,0,0,0,0,0,0,0,0,0,0,0.0,0.0,0.0,0.0,0,0,0,0,0,0.00,0.00,0.00,0.00,0,False
10,384,90,0,0,1,0,0,0,0,0,0,0,0,11,5.2,25.0,18.0,4.8,2,3,1,6,1,0.17,0.14,0.31,0.41,3,False
10,385,0,0,0,0,0,0,0,0,0,0,0,0,0,0.0,0.0,0.0,0.0,0,0,0,0,0,0.00,0.00,0.00,0.00,0,False
10,386,90,0,1,1,0,0,0,0,0,0,0,0,23,29.8,35.8,5.0,7.1,2,1,2,5,1,0.14,0.07,0.21,0.41,6,False
10,387,90,0,0,1,0,0,0,0,1,0,0,0,15,17.2,40.8,17.0,7.5,0,5,2,7,1,0.28,0.10,0.38,0.41,2,False
10,388,0,0,0,0,0,0,0,0,0,0,0,0,0,0.0,0.0,0.0,0.0,0,0,0,0,0,0.00,0.00,0.00,0.00,0,False
10,389,0,0,0,0,0,0,0,0,0,0,0,0,0,0.0,0.0,0.0,0.0,0,0,0,0,0,0.00,0.00,0.00,0.00,0,False
10,390,90,1,0,1,0,0,0,0,0,0,0,3,40,47.4,16.3,11.0,7.5,4,1,3,8,1,0.16,0.18,0.34,0.41,11,True
10,391,10,0,0,0,0,0,0,0,0,0,0,0,2,1.0,1.5,2.0,0.5,0,0,1,1,0,0.00,0.01,0.01,0.22,1,False
10,392,0,0,0,0,0,0,0,0,0,0,0,0,0,0.0,0.0,0.0,0.0,0,0,0,0,0,0.00,0.00,0.00,0.00,0,False
10,393,0,0,0,0,0,0,0,0,0,0,0,0,0,0.0,0.0,0.0,0.0,0,0,0,0,0,0.00,0.00,0.00,0.00,0,False
10,394,0,0,0,0,0,0,0,0,0,0,0,0,0,0.0,0.0,0.0,0.0,0,0,0,0,0,0.00,0.00,0.00,0.00,0,False
10,395,0,0,0,0,0,0,0,0,0,0,0,0,0,0.0,0.0,0.0,0.0,0,0,0,0,0,0.00,0.00,0.00,0.00,0,False
10,396,0,0,0,0,0,0,0,0,0,0,0,0,0,0.0,0.0,0.0,0.0,0,0,0,0,0,0.00,0.00,0.00,0.00,0,False
10,397,0,0,0,0,0,0,0,0,0,0,0,0,0,0.0,0.0,0.0,0.0,0,0,0,0,0,0.00,0.00,0.00,0.00,0,False
10,398,0,0,0,0,0,0,0,0,0,0,0,0,0,0.0,0.0,0.0,0.0,0,0,0,0,0,0.00,0.00,0.00,0.00,0,False
10,399,0,0,0,0,0,0,0,0,0,0,0,0,0,0.0,0.0,0.0,0.0,0,0,0,0,0,0.00,0.00,0.00,0.00,0,False
10,400,0,0,0,0,0,0,0,0,0,0,0,0,0,0.0,0.0,0.0,0.0,0,0,0,0,0,0.00,0.00,0.00,0.00,0,False
10,401,0,0,0,0,0,0,0,0,0,0,0,0,0,0.0,0.0,0.0,0.0,0,0,0,0,0,0.00,0.00,0.00,0.00,0,False
10,402,1,0,0,0,0,0,0,0,0,0,0,0,4,1.0,0.8,0.0,0.2,0,0,0,0,0,0.00,0.00,0.00,0.02,1,False
10,403,90,0,0,0,1,0,0,0,0,0,0,0,10,14.0,1.0,0.0,1.5,4,1,1,5,1,0.00,0.00,0.00,0.72,2,False
10,404,0,0,0,0,0,0,0,0,0,0,0,0,0,0.0,0.0,0.0,0.0,0,0,0,0,0,0.00,0.00,0.00,0.00,0,False
10,405,0,0,0,0,0,0,0,0,0,0,0,0,0,0.0,0.0,0.0,0.0,0,0,0,0,0,0.00,0.00,0.00,0.00,0,False
10,406,0,0,0,0,0,0,0,0,0,0,0,0,0,0.0,0.0,0.0,0.0,0,0,0,0,0,0.00,0.00,0.00,0.00,0,False
10,407,90,0,0,0,1,0,0,0,0,0,0,0,14,11.4,3.2,2.0,1.7,3,9,1,4,1,0.00,0.01,0.01,0.72,2,False
10,408,90,0,0,0,1,0,0,0,0,0,0,0,12,15.8,0.8,2.0,1.9,8,0,0,8,1,0.00,0.01,0.01,0.72,2,False
10,409,0,0,0,0,0,0,0,0,0,0,0,0,0,0.0,0.0,0.0,0.0,0,0,0,0,0,0.00,0.00,0.00,0.00,0,False
10,410,0,0,0,0,0,0,0,0,0,0,0,0,0,0.0,0.0,0.0,0.0,0,0,0,0,0,0.00,0.00,0.00,0.00,0,False
10,411,90,1,0,0,1,0,0,0,0,0,0,0,25,52.2,16.8,27.0,9.6,6,0,0,6,1,0.33,0.12,0.45,0.72,8,False
10,412,0,0,0,0,0,0,0,0,0,0,0,0,0,0.0,0.0,0.0,0.0,0,0,0,0,0,0.00,0.00,0.00,0.00,0,False
10,413,8,0,0,0,0,0,0,0,0,0,0,0,2,0.0,0.0,7.0,0.6,1,0,0,1,0,0.15,0.00,0.15,0.02,1,False
10,414,89,0,1,0,1,0,0,0,1,0,0,0,23,22.2,48.1,13.0,8.3,0,3,1,4,1,0.06,0.15,0.21,0.71,4,False
10,415,17,0,0,0,0,0,0,0,0,0,0,0,3,7.4,22.6,16.0,4.6,1,0,0,1,0,0.00,0.15,0.15,0.02,1,False
10,416,89,0,0,0,1,0,0,0,0,0,0,0,9,6.6,4.3,0.0,1.1,1,4,2,7,1,0.00,0.02,0.02,0.71,2,False
10,417,72,0,2,0,1,0,0,0,0,0,0,2,38,42.6,30.0,19.0,9.2,0,3,3,6,1,0.24,0.24,0.48,0.71,10,False
10,418,72,0,0,0,1,0,0,0,0,0,0,0,12,15.8,45.4,12.0,7.3,1,2,1,4,1,0.00,0.17,0.17,0.71,2,False
10,419,90,0,0,0,1,0,0,0,0,0,0,0,15,8.8,18.4,5.0,3.2,2,8,0,10,1,0.03,0.24,0.27,1.09,2,False
10,420,0,0,0,0,0,0,0,0,0,0,0,0,0,0.0,0.0,0.0,0.0,0,0,0,0,0,0.00,0.00,0.00,0.00,0,False
10,421,1,0,0,0,0,0,0,0,0,0,0,0,3,0.6,0.5,0.0,0.1,0,0,0,0,0,0.00,0.00,0.00,0.02,1,False
10,422,0,0,0,0,0,0,0,0,0,0,0,0,0,0.0,0.0,0.0,0.0,0,0,0,0,0,0.00,0.00,0.00,0.00,0,False
10,423,90,0,0,0,1,0,0,0,0,0,0,0,18,13.4,14.2,2.0,3.0,4,9,1,14,1,0.00,0.03,0.03,0.72,4,False
10,424,0,0,0,0,0,0,0,0,0,0,0,0,0,0.0,0.0,0.0,0.0,0,0,0,0,0,0.00,0.00,0.00,0.00,0,False
10,425,0,0,0,0,0,0,0,0,0,0,0,0,0,0.0,0.0,0.0,0.0,0,0,0,0,0,0.00,0.00,0.00,0.00,0,False
10,426,0,0,0,0,0,0,0,0,0,0,0,0,0,0.0,0.0,0.0,0.0,0,0,0,0,0,0.00,0.00,0.00,0.00,0,False
10,427,17,0,0,0,0,0,0,0,0,0,0,0,4,4.0,1.7,22.0,2.8,0,1,0,1,0,0.11,0.02,0.13,0.02,1,False
10,428,0,0,0,0,0,0,0,0,0,0,0,0,0,0.0,0.0,0.0,0.0,0,0,0,0,0,0.00,0.00,0.00,0.00,0,False
10,429,0,0,0,0,0,0,0,0,0,0,0,0,0,0.0,0.0,0.0,0.0,0,0,0,0,0,0.00,0.00,0.00,0.00,0,False
10,430,81,2,0,0,1,0,0,0,0,0,0,3,62,71.6,3.8,82.0,15.7,1,0,0,1,1,1.33,0.01,1.34,0.71,13,True
10,431,0,0,0,0,0,0,0,0,0,0,0,0,0,0.0,0.0,0.0,0.0,0,0,0,0,0,0.00,0.00,0.00,0.00,0,False
10,432,0,0,0,0,0,0,0,0,0,0,0,0,0,0.0,0.0,0.0,0.0,0,0,0,0,0,0.00,0.00,0.00,0.00,0,False
10,433,0,0,0,0,0,0,0,0,0,0,0,0,0,0.0,0.0,0.0,0.0,0,0,0,0,0,0.00,0.00,0.00,0.00,0,False
10,434,0,0,0,0,0,0,0,0,0,0,0,0,0,0.0,0.0,0.0,0.0,0,0,0,0,0,0.00,0.00,0.00,0.00,0,False
10,435,0,0,0,0,0,0,0,0,0,0,0,0,0,0.0,0.0,0.0,0.0,0,0,0,0,0,0.00,0.00,0.00,0.00,0,False
10,436,90,0,0,0,2,0,0,0,0,0,0,0,8,17.4,0.0,2.0,1.9,7,3,1,8,1,0.00,0.01,0.01,1.93,1,False
10,437,0,0,0,0,0,0,0,0,0,0,0,0,0,0.0,0.0,0.0,0.0,0,0,0,0,0,0.00,0.00,0.00,0.00,0,False
10,438,13,0,0,0,0,0,0,0,1,0,0,0,-1,0.0,0.4,0.0,0.0,1,1,0,1,0,0.00,0.00,0.00,0.26,0,False
10,439,0,0,0,0,0,0,0,0,0,0,0,0,0,0.0,0.0,0.0,0.0,0,0,0,0,0,0.00,0.00,0.00,0.00,0,False
10,440,67,0,0,0,2,0,0,0,0,0,0,0,1,8.6,2.2,0.0,1.1,5,4,1,6,1,0.00,0.01,0.01,1.67,1,False
10,441,22,0,0,0,0,0,0,0,0,0,0,0,4,1.2,0.3,24.0,2.6,0,3,0,0,0,0.33,0.00,0.33,0.26,1,False
10,442,0,0,0,0,0,0,0,0,0,0,0,0,0,0.0,0.0,0.0,0.0,0,0,0,0,0,0.00,0.00,0.00,0.00,0,False
10,443,90,0,0,0,2,0,0,0,0,0,0,0,9,29.0,4.9,0.0,3.4,4,1,2,6,1,0.00,0.04,0.04,1.93,1,False
10,444,76,0,0,0,2,0,0,0,0,0,0,0,6,21.0,0.8,0.0,2.2,4,1,3,7,1,0.00,0.01,0.01,1.67,1,False
10,445,0,0,0,0,0,0,0,0,0,0,0,0,0,0.0,0.0,0.0,0.0,0,0,0,0,0,0.00,0.00,0.00,0.00,0,False
10,446,0,0,0,0,0,0,0,0,0,0,0,0,0,0.0,0.0,0.0,0.0,0,0,0,0,0,0.00,0.00,0.00,0.00,0,False
10,447,0,0,0,0,0,0,0,0,0,0,0,0,0,0.0,0.0,0.0,0.0,0,0,0,0,0,0.00,0.00,0.00,0.00,0,False
10,448,0,0,0,0,0,0,0,0,0,0,0,0,0,0.0,0.0,0.0,0.0,0,0,0,0,0,0.00,0.00,0.00,0.00,0,False
10,449,90,0,1,0,2,0,0,0,0,0,0,0,26,30.4,51.7,5.0,8.7,3,6,0,9,1,0.09,0.13,0.22,1.93,5,False
10,450,90,0,0,0,2,0,0,0,0,0,0,0,27,24.6,45.5,13.0,8.3,5,7,1,13,1,0.06,0.05,0.11,1.93,4,False
10,451,0,0,0,0,0,0,0,0,0,0,0,0,0,0.0,0.0,0.0,0.0,0,0,0,0,0,0.00,0.00,0.00,0.00,0,False
10,452,90,1,0,0,2,0,0,0,0,0,0,2,37,56.0,21.8,19.0,9.7,3,6,1,10,1,0.18,0.13,0.31,1.93,9,False
10,453,65,0,0,1,0,0,0,0,0,0,0,0,20,11.4,22.9,33.0,6.7,0,4,2,6,1,0.05,0.56,0.61,0.07,3,False
10,454,0,0,0,0,0,0,0,0,0,0,0,0,0,0.0,0.0,0.0,0.0,0,0,0,0,0,0.00,0.00,0.00,0.00,0,False
10,455,0,0,0,0,0,0,0,0,0,0,0,0,0,0.0,0.0,0.0,0.0,0,0,0,0,0,0.00,0.00,0.00,0.00,0,False
10,456,16,0,0,0,0,0,0,0,0,0,0,0,3,2.6,13.4,3.0,1.9,1,2,0,3,0,0.03,0.04,0.07,0.06,1,False
10,457,90,1,0,0,2,0,0,0,0,0,0,3,39,52.8,34.8,31.0,11.9,3,8,3,14,1,0.22,0.27,0.49,1.93,12,True
10,458,0,0,0,0,0,0,0,0,0,0,0,0,0,0.0,0.0,0.0,0.0,0,0,0,0,0,0.00,0.00,0.00,0.00,0,False
10,459,0,0,0,0,0,0,0,0,0,0,0,0,0,0.0,0.0,0.0,0.0,0,0,0,0,0,0.00,0.00,0.00,0.00,0,False
10,460,0,0,0,0,0,0,0,0,0,0,0,0,0,0.0,0.0,0.0,0.0,0,0,0,0,0,0.00,0.00,0.00,0.00,0,False
10,461,0,0,0,0,0,0,0,0,0,0,0,0,0,0.0,0.0,0.0,0.0,0,0,0,0,0,0.00,0.00,0.00,0.00,0,False
10,462,0,0,0,0,0,0,0,0,0,0,0,0,0,0.0,0.0,0.0,0.0,0,0,0,0,0,0.00,0.00,0.00,0.00,0,False
10,463,0,0,0,0,0,0,0,0,0,0,0,0,0,0.0,0.0,0.0,0.0,0,0,0,0,0,0.00,0.00,0.00,0.00,0,False
10,464,0,0,0,0,0,0,0,0,0,0,0,0,0,0.0,0.0,0.0,0.0,0,0,0,0,0,0.00,0.00,0.00,0.00,0,False
10,465,0,0,0,0,0,0,0,0,0,0,0,0,0,0.0,0.0,0.0,0.0,0,0,0,0,0,0.00,0.00,0.00,0.00,0,False
10,466,0,0,0,0,0,0,0,0,0,0,0,0,0,0.0,0.0,0.0,0.0,0,0,0,0,0,0.00,0.00,0.00,0.00,0,False
10,467,0,0,0,0,0,0,0,0,0,0,0,0,0,0.0,0.0,0.0,0.0,0,0,0,0,0,0.00,0.00,0.00,0.00,0,False
10,468,0,0,0,0,0,0,0,0,0,0,0,0,0,0.0,0.0,0.0,0.0,0,0,0,0,0,0.00,0.00,0.00,0.00,0,False
10,469,90,0,0,0,3,0,0,0,0,0,7,0,15,46.4,0.0,0.0,4.6,7,10,0,0,1,0.00,0.00,0.00,1.75,3,False
10,470,90,0,0,0,2,0,0,0,0,0,5,0,14,35.6,0.0,0.0,3.6,1,6,0,0,1,0.00,0.00,0.00,2.42,2,False
10,471,0,0,0,0,0,0,0,0,0,0,0,0,0,0.0,0.0,0.0,0.0,0,0,0,0,0,0.00,0.00,0.00,0.00,0,False
10,472,0,0,0,0,0,0,0,0,0,0,0,0,0,0.0,0.0,0.0,0.0,0,0,0,0,0,0.00,0.00,0.00,0.00,0,False
10,473,0,0,0,0,0,0,0,0,0,0,0,0,0,0.0,0.0,0.0,0.0,0,0,0,0,0,0.00,0.00,0.00,0.00,0,False
10,474,45,0,0,0,1,0,0,0,0,0,0,0,5,12.6,1.7,2.0,1.6,5,3,0,5,0,0.02,0.01,0.03,1.50,1,False
10,475,64,0,0,0,2,1,0,0,0,0,0,0,0,5.6,11.3,2.0,1.9,1,4,2,3,1,0.00,0.01,0.01,0.41,-1,False
10,476,90,0,0,0,3,0,0,0,0,0,0,0,-4,6.6,3.8,2.0,1.2,3,4,0,3,1,0.00,0.03,0.03,1.75,1,False
10,477,0,0,0,0,0,0,0,0,0,0,0,0,0,0.0,0.0,0.0,0.0,0,0,0,0,0,0.00,0.00,0.00,0.00,0,False
10,478,0,0,0,0,0,0,0,0,0,0,0,0,0,0.0,0.0,0.0,0.0,0,0,0,0,0,0.00,0.00,0.00,0.00,0,False
10,479,45,0,0,0,2,0,0,0,0,0,0,0,-8,1.4,1.2,0.0,0.3,1,0,0,1,1,0.00,0.00,0.00,0.25,0,False
10,480,0,0,0,0,0,0,0,0,0,0,0,0,0,0.0,0.0,0.0,0.0,0,0,0,0,0,0.00,0.00,0.00,0.00,0,False
10,481,0,0,0,0,0,0,0,0,0,0,0,0,0,0.0,0.0,0.0,0.0,0,0,0,0,0,0.00,0.00,0.00,0.00,0,False
10,482,0,0,0,0,0,0,0,0,0,0,0,0,0,0.0,0.0,0.0,0.0,0,0,0,0,0,0.00,0.00,0.00,0.00,0,False
10,483,0,0,0,0,0,0,0,0,0,0,0,0,0,0.0,0.0,0.0,0.0,0,0,0,0,0,0.00,0.00,0.00,0.00,0,False
10,484,0,0,0,0,0,0,0,0,0,0,0,0,0,0.0,0.0,0.0,0.0,0,0,0,0,0,0.00,0.00,0.00,0.00,0,False
10,485,45,0,0,0,2,0,0,0,0,0,0,0,4,5.2,1.3,11.0,1.8,1,1,0,2,1,0.06,0.02,0.08,0.25,1,False
10,486,13,0,0,0,1,0,0,0,0,0,0,0,5,4.2,15.2,2.0,2.1,0,0,0,0,0,0.00,0.12,0.12,1.27,1,False
10,487,25,0,0,0,1,0,0,0,0,0,0,0,-1,0.0,1.3,8.0,0.8,0,0,0,0,0,0.03,0.01,0.04,1.34,1,False
10,488,90,0,1,0,3,0,0,0,1,0,0,0,23,30.6,49.5,3.0,8.3,1,7,2,10,1,0.03,0.07,0.10,1.75,4,False
10,489,76,1,0,0,2,0,0,0,0,0,0,1,25,37.8,13.3,33.0,8.4,2,0,0,2,1,0.24,0.05,0.29,0.48,8,False
10,490,90,0,0,0,3,0,0,0,0,0,0,0,10,3.0,4.1,8.0,1.5,2,1,0,3,1,0.03,0.03,0.06,1.75,2,False
10,491,90,0,0,0,3,0,0,0,0,0,0,0,13,12.4,10.1,0.0,2.3,2,5,0,7,1,0.00,0.05,0.05,1.75,2,False
10,492,0,0,0,0,0,0,0,0,0,0,0,0,0,0.0,0.0,0.0,0.0,0,0,0,0,0,0.00,0.00,0.00,0.00,0,False
10,493,59,0,0,0,1,0,0,0,0,0,0,0,6,10.0,19.3,10.0,3.9,1,3,3,7,1,0.25,0.11,0.36,1.69,1,False
10,494,0,0,0,0,0,0,0,0,0,0,0,0,0,0.0,0.0,0.0,0.0,0,0,0,0,0,0.00,0.00,0.00,0.00,0,False
10,495,0,0,0,0,0,0,0,0,0,0,0,0,0,0.0,0.0,0.0,0.0,0,0,0,0,0,0.00,0.00,0.00,0.00,0,False
10,496,0,0,0,0,0,0,0,0,0,0,0,0,0,0.0,0.0,0.0,0.0,0,0,0,0,0,0.00,0.00,0.00,0.00,0,False
10,497,0,0,0,0,0,0,0,0,0,0,0,0,0,0.0,0.0,0.0,0.0,0,0,0,0,0,0.00,0.00,0.00,0.00,0,False
10,498,0,0,0,0,0,0,0,0,0,0,0,0,0,0.0,0.0,0.0,0.0,0,0,0,0,0,0.00,0.00,0.00,0.00,0,False
10,499,0,0,0,0,0,0,0,0,0,0,0,0,0,0.0,0.0,0.0,0.0,0,0,0,0,0,0.00,0.00,0.00,0.00,0,False
10,500,45,0,0,0,1,0,0,0,0,0,0,0,4,1.0,0.5,25.0,2.7,0,0,0,0,0,0.11,0.01,0.12,1.50,1,False
10,501,0,0,0,0,0,0,0,0,0,0,0,0,0,0.0,0.0,0.0,0.0,0,0,0,0,0,0.00,0.00,0.00,0.00,0,False
10,502,90,0,0,0,2,0,0,0,0,0,4,0,11,25.8,0.0,0.0,2.6,1,11,0,0,1,0.00,0.03,0.03,1.12,2,False
10,503,0,0,0,0,0,0,0,0,0,0,0,0,0,0.0,0.0,0.0,0.0,0,0,0,0,0,0.00,0.00,0.00,0.00,0,False
10,504,0,0,0,0,0,0,0,0,0,0,0,0,0,0.0,0.0,0.0,0.0,0,0,0,0,0,0.00,0.00,0.00,0.00,0,False
10,505,90,0,0,0,2,0,0,0,0,0,0,0,5,22.6,1.5,13.0,3.7,8,3,0,8,1,0.18,0.01,0.19,1.12,1,False
10,506,90,0,0,0,2,0,0,0,0,0,0,0,15,28.2,1.0,4.0,3.3,13,4,2,15,1,0.06,0.01,0.07,1.12,3,False
10,507,0,0,0,0,0,0,0,0,0,0,0,0,0,0.0,0.0,0.0,0.0,0,0,0,0,0,0.00,0.00,0.00,0.00,0,False
10,508,90,0,0,0,2,0,0,0,0,0,0,0,5,16.6,1.8,4.0,2.2,4,6,4,8,1,0.04,0.02,0.06,1.12,1,False
10,509,0,0,0,0,0,0,0,0,0,0,0,0,0,0.0,0.0,0.0,0.0,0,0,0,0,0,0.00,0.00,0.00,0.00,0,False
10,510,0,0,0,0,0,0,0,0,0,0,0,0,0,0.0,0.0,0.0,0.0,0,0,0,0,0,0.00,0.00,0.00,0.00,0,False
10,511,0,0,0,0,0,0,0,0,0,0,0,0,0,0.0,0.0,0.0,0.0,0,0,0,0,0,0.00,0.00,0.00,0.00,0,False
10,512,0,0,0,0,0,0,0,0,0,0,0,0,0,0.0,0.0,0.0,0.0,0,0,0,0,0,0.00,0.00,0.00,0.00,0,False
10,513,0,0,0,0,0,0,0,0,0,0,0,0,0,0.0,0.0,0.0,0.0,0,0,0,0,0,0.00,0.00,0.00,0.00,0,False
10,514,0,0,0,0,0,0,0,0,0,0,0,0,0,0.0,0.0,0.0,0.0,0,0,0,0,0,0.00,0.00,0.00,0.00,0,False
10,515,90,1,0,0,2,0,0,0,0,0,0,1,30,40.0,23.3,24.0,8.7,1,3,0,4,1,0.27,0.04,0.31,1.12,8,False
10,516,90,0,0,0,2,0,0,0,0,0,0,0,9,12.2,42.8,16.0,7.1,1,4,2,7,1,0.15,0.14,0.29,1.01,2,False
10,517,90,0,0,0,2,0,0,0,0,0,0,0,18,13.2,40.5,10.0,6.4,1,14,1,16,1,0.16,0.13,0.29,1.12,4,False
10,518,0,0,0,0,0,0,0,0,0,0,0,0,0,0.0,0.0,0.0,0.0,0,0,0,0,0,0.00,0.00,0.00,0.00,0,False
10,519,0,0,0,0,0,0,0,0,0,0,0,0,0,0.0,0.0,0.0,0.0,0,0,0,0,0,0.00,0.00,0.00,0.00,0,False
10,520,0,0,0,0,0,0,0,0,0,0,0,0,0,0.0,0.0,0.0,0.0,0,0,0,0,0,0.00,0.00,0.00,0.00,0,False
10,521,1,0,0,0,0,0,0,0,0,0,0,0,3,0.0,0.0,0.0,0.0,0,0,0,0,0,0.00,0.00,0.00,0.10,1,False
10,522,76,0,1,0,2,0,0,0,0,0,0,0,21,23.4,16.8,2.0,4.2,1,4,1,6,0,0.00,0.15,0.15,1.02,5,False
10,523,0,0,0,0,0,0,0,0,0,0,0,0,0,0.0,0.0,0.0,0.0,0,0,0,0,0,0.00,0.00,0.00,0.00,0,False
10,524,0,0,0,0,0,0,0,0,0,0,0,0,0,0.0,0.0,0.0,0.0,0,0,0,0,0,0.00,0.00,0.00,0.00,0,False
10,525,0,0,0,0,0,0,0,0,0,0,0,0,0,0.0,0.0,0.0,0.0,0,0,0,0,0,0.00,0.00,0.00,0.00,0,False
10,526,77,0,1,0,1,0,0,0,0,0,0,0,11,0.0,5.3,17.0,2.1,0,0,0,0,1,0.26,0.03,0.29,0.61,5,False
10,527,12,0,0,0,1,0,0,0,0,0,0,0,4,2.0,11.5,0.0,1.4,0,2,0,2,0,0.00,0.00,0.00,0.51,1,False
10,528,0,0,0,0,0,0,0,0,0,0,0,0,0,0.0,0.0,0.0,0.0,0,0,0,0,0,0.00,0.00,0.00,0.00,0,False
10,529,0,0,0,0,0,0,0,0,0,0,0,0,0,0.0,0.0,0.0,0.0,0,0,0,0,0,0.00,0.00,0.00,0.00,0,False
10,530,0,0,0,0,0,0,0,0,0,0,0,0,0,0.0,0.0,0.0,0.0,0,0,0,0,0,0.00,0.00,0.00,0.00,0,False
10,531,90,0,0,0,1,0,0,0,0,0,0,0,13,25.2,11.5,21.0,5.8,9,2,1,10,1,0.28,0.03,0.31,0.86,4,False
10,532,90,0,0,0,1,0,0,0,1,0,0,0,4,5.2,28.2,21.0,5.4,0,2,0,0,1,0.13,0.11,0.24,0.86,1,False
10,533,0,0,0,0,0,0,0,0,0,0,0,0,0,0.0,0.0,0.0,0.0,0,0,0,0,0,0.00,0.00,0.00,0.00,0,False
10,534,0,0,0,0,0,0,0,0,0,0,0,0,0,0.0,0.0,0.0,0.0,0,0,0,0,0,0.00,0.00,0.00,0.00,0,False
10,535,0,0,0,0,0,0,0,0,0,0,0,0,0,0.0,0.0,0.0,0.0,0,0,0,0,0,0.00,0.00,0.00,0.00,0,False
10,536,0,0,0,0,0,0,0,0,0,0,0,0,0,0.0,0.0,0.0,0.0,0,0,0,0,0,0.00,0.00,0.00,0.00,0,False
10,537,0,0,0,0,0,0,0,0,0,0,0,0,0,0.0,0.0,0.0,0.0,0,0,0,0,0,0.00,0.00,0.00,0.00,0,False
10,538,0,0,0,0,0,0,0,0,0,0,0,0,0,0.0,0.0,0.0,0.0,0,0,0,0,0,0.00,0.00,0.00,0.00,0,False
10,539,0,0,0,0,0,0,0,0,0,0,0,0,0,0.0,0.0,0.0,0.0,0,0,0,0,0,0.00,0.00,0.00,0.00,0,False
10,540,0,0,0,0,0,0,0,0,0,0,0,0,0,0.0,0.0,0.0,0.0,0,0,0,0,0,0.00,0.00,0.00,0.00,0,False
10,541,90,0,0,0,1,0,0,0,0,0,0,0,10,15.0,5.3,11.0,3.1,4,4,2,6,1,0.05,0.01,0.06,0.86,2,False
10,542,0,0,0,0,0,0,0,0,0,0,0,0,0,0.0,0.0,0.0,0.0,0,0,0,0,0,0.00,0.00,0.00,0.00,0,False
10,543,0,0,0,0,0,0,0,0,0,0,0,0,0,0.0,0.0,0.0,0.0,0,0,0,0,0,0.00,0.00,0.00,0.00,0,False
10,544,0,0,0,0,0,0,0,0,0,0,0,0,0,0.0,0.0,0.0,0.0,0,0,0,0,0,0.00,0.00,0.00,0.00,0,False
10,545,0,0,0,0,0,0,0,0,0,0,0,0,0,0.0,0.0,0.0,0.0,0,0,0,0,0,0.00,0.00,0.00,0.00,0,False
10,546,0,0,0,0,0,0,0,0,0,0,0,0,0,0.0,0.0,0.0,0.0,0,0,0,0,0,0.00,0.00,0.00,0.00,0,False
10,547,90,0,1,0,1,0,0,0,0,0,0,1,23,28.8,32.7,10.0,7.2,2,4,3,9,1,0.04,0.15,0.19,0.86,6,False
10,548,0,0,0,0,0,0,0,0,0,0,0,0,0,0.0,0.0,0.0,0.0,0,0,0,0,0,0.00,0.00,0.00,0.00,0,False
10,549,0,0,0,0,0,0,0,0,0,0,0,0,0,0.0,0.0,0.0,0.0,0,0,0,0,0,0.00,0.00,0.00,0.00,0,False
10,550,0,0,0,0,0,0,0,0,0,0,0,0,0,0.0,0.0,0.0,0.0,0,0,0,0,0,0.00,0.00,0.00,0.00,0,False
10,551,0,0,0,0,0,0,0,0,0,0,0,0,0,0.0,0.0,0.0,0.0,0,0,0,0,0,0.00,0.00,0.00,0.00,0,False
10,552,90,0,0,0,1,0,0,0,1,0,0,0,14,10.0,18.9,6.0,3.5,2,8,2,12,1,0.04,0.21,0.25,0.86,3,False
10,553,8,0,0,0,0,0,0,0,0,0,0,0,3,0.2,0.3,0.0,0.1,0,1,0,1,0,0.00,0.00,0.00,0.02,1,False
10,554,0,0,0,0,0,0,0,0,0,0,0,0,0,0.0,0.0,0.0,0.0,0,0,0,0,0,0.00,0.00,0.00,0.00,0,False
10,555,0,0,0,0,0,0,0,0,0,0,0,0,0,0.0,0.0,0.0,0.0,0,0,0,0,0,0.00,0.00,0.00,0.00,0,False
10,556,0,0,0,0,0,0,0,0,0,0,0,0,0,0.0,0.0,0.0,0.0,0,0,0,0,0,0.00,0.00,0.00,0.00,0,False
10,557,0,0,0,0,0,0,0,0,0,0,0,0,0,0.0,0.0,0.0,0.0,0,0,0,0,0,0.00,0.00,0.00,0.00,0,False
10,558,0,0,0,0,0,0,0,0,0,0,0,0,0,0.0,0.0,0.0,0.0,0,0,0,0,0,0.00,0.00,0.00,0.00,0,False
10,559,0,0,0,0,0,0,0,0,0,0,0,0,0,0.0,0.0,0.0,0.0,0,0,0,0,0,0.00,0.00,0.00,0.00,0,False
10,560,82,0,0,0,1,0,0,0,0,0,0,0,7,1.0,2.0,30.0,3.3,0,3,0,3,1,0.28,0.00,0.28,0.84,2,False
10,561,0,0,0,0,0,0,0,0,0,0,0,0,0,0.0,0.0,0.0,0.0,0,0,0,0,0,0.00,0.00,0.00,0.00,0,False
10,562,0,0,0,0,0,0,0,0,0,0,0,0,0,0.0,0.0,0.0,0.0,0,0,0,0,0,0.00,0.00,0.00,0.00,0,False
10,563,0,0,0,0,0,0,0,0,0,0,0,0,0,0.0,0.0,0.0,0.0,0,0,0,0,0,0.00,0.00,0.00,0.00,0,False
10,564,0,0,0,0,0,0,0,0,0,0,0,0,0,0.0,0.0,0.0,0.0,0,0,0,0,0,0.00,0.00,0.00,0.00,0,False
10,565,90,0,0,0,1,0,0,0,0,0,8,0,28,66.8,0.0,0.0,6.7,3,7,0,0,1,0.00,0.00,0.00,3.68,4,False
10,566,0,0,0,0,0,0,0,0,0,0,0,0,0,0.0,0.0,0.0,0.0,0,0,0,0,0,0.00,0.00,0.00,0.00,0,False
10,567,0,0,0,0,0,0,0,0,0,0,0,0,0,0.0,0.0,0.0,0.0,0,0,0,0,0,0.00,0.00,0.00,0.00,0,False
10,568,72,0,0,0,1,0,0,0,0,0,0,0,1,0.0,1.9,0.0,0.0,1,2,0,1,1,0.00,0.03,0.03,2.26,2,False
10,569,30,0,0,0,0,0,0,0,0,0,0,0,9,9.2,0.2,6.0,1.5,0,2,3,3,0,0.00,0.00,0.00,1.42,1,False
10,570,59,0,0,0,1,0,0,0,1,0,0,0,1,6.6,0.2,0.0,0.7,2,1,2,4,1,0.00,0.04,0.04,2.26,0,False
10,571,0,0,0,0,0,0,0,0,0,0,0,0,0,0.0,0.0,0.0,0.0,0,0,0,0,0,0.00,0.00,0.00,0.00,0,False
10,572,0,0,0,0,0,0,0,0,0,0,0,0,0,0.0,0.0,0.0,0.0,0,0,0,0,0,0.00,0.00,0.00,0.00,0,False
10,573,90,0,0,0,1,0,0,0,0,0,0,0,4,11.6,1.7,4.0,1.7,2,4,4,6,1,0.00,0.02,0.02,3.68,2,False
10,574,17,0,0,0,0,0,0,0,0,0,0,0,5,4.0,0.3,0.0,0.4,1,1,1,2,0,0.00,0.00,0.00,1.42,1,False
10,575,90,0,0,0,1,0,0,0,0,0,0,0,8,7.6,0.9,0.0,0.9,2,2,2,4,1,0.00,0.01,0.01,3.68,2,False
10,576,0,0,0,0,0,0,0,0,0,0,0,0,0,0.0,0.0,0.0,0.0,0,0,0,0,0,0.00,0.00,0.00,0.00,0,False
10,577,0,0,0,0,0,0,0,0,0,0,0,0,0,0.0,0.0,0.0,0.0,0,0,0,0,0,0.00,0.00,0.00,0.00,0,False
10,578,0,0,0,0,0,0,0,0,0,0,0,0,0,0.0,0.0,0.0,0.0,0,0,0,0,0,0.00,0.00,0.00,0.00,0,False
10,579,0,0,0,0,0,0,0,0,0,0,0,0,0,0.0,0.0,0.0,0.0,0,0,0,0,0,0.00,0.00,0.00,0.00,0,False
10,580,17,0,0,0,0,0,0,0,0,0,0,0,2,0.0,0.1,2.0,0.2,0,1,0,1,0,0.00,0.00,0.00,1.42,1,False
10,581,0,0,0,0,0,0,0,0,0,0,0,0,0,0.0,0.0,0.0,0.0,0,0,0,0,0,0.00,0.00,0.00,0.00,0,False
10,582,90,0,0,0,1,0,0,0,1,0,0,0,7,6.4,3.3,29.0,3.9,0,6,2,8,1,0.10,0.07,0.17,3.68,1,False
10,583,0,0,0,0,0,0,0,0,0,0,0,0,0,0.0,0.0,0.0,0.0,0,0,0,0,0,0.00,0.00,0.00,0.00,0,False
10,584,0,0,0,0,0,0,0,0,0,0,0,0,0,0.0,0.0,0.0,0.0,0,0,0,0,0,0.00,0.00,0.00,0.00,0,False
10,585,59,0,0,0,1,0,0,0,1,0,0,0,5,3.4,3.6,2.0,0.9,1,6,2,9,1,0.00,0.01,0.01,2.26,0,False
10,586,6,0,0,0,0,0,0,0,0,0,0,0,3,0.0,0.0,0.0,0.0,0,0,0,0,1,0.00,0.00,0.00,0.00,1,False
10,587,0,0,0,0,0,0,0,0,0,0,0,0,0,0.0,0.0,0.0,0.0,0,0,0,0,0,0.00,0.00,0.00,0.00,0,False
10,588,17,0,0,0,0,0,0,0,0,0,0,0,4,3.0,0.0,0.0,0.3,2,0,0,2,0,0.00,0.00,0.00,1.42,1,False
10,589,0,0,0,0,0,0,0,0,0,0,0,0,0,0.0,0.0,0.0,0.0,0,0,0,0,0,0.00,0.00,0.00,0.00,0,False
10,590,0,0,0,0,0,0,0,0,0,0,0,0,0,0.0,0.0,0.0,0.0,0,0,0,0,0,0.00,0.00,0.00,0.00,0,False
10,591,0,0,0,0,0,0,0,0,0,0,0,0,0,0.0,0.0,0.0,0.0,0,0,0,0,0,0.00,0.00,0.00,0.00,0,False
10,592,0,0,0,0,0,0,0,0,0,0,0,0,0,0.0,0.0,0.0,0.0,0,0,0,0,0,0.00,0.00,0.00,0.00,0,False
10,593,90,0,0,0,1,0,0,0,0,0,0,0,15,23.0,23.3,4.0,5.0,7,5,3,15,1,0.00,0.03,0.03,3.68,4,False
10,594,0,0,0,0,0,0,0,0,0,0,0,0,0,0.0,0.0,0.0,0.0,0,0,0,0,0,0.00,0.00,0.00,0.00,0,False
10,595,0,0,0,0,0,0,0,0,0,0,0,0,0,0.0,0.0,0.0,0.0,0,0,0,0,0,0.00,0.00,0.00,0.00,0,False
10,596,0,0,0,0,0,0,0,0,0,0,0,0,0,0.0,0.0,0.0,0.0,0,0,0,0,0,0.00,0.00,0.00,0.00,0,False
10,597,30,0,0,0,0,0,0,0,0,0,0,0,4,0.0,0.3,2.0,0.2,0,1,0,1,0,0.00,0.00,0.00,1.42,1,False
10,598,0,0,0,0,0,0,0,0,0,0,0,0,0,0.0,0.0,0.0,0.0,0,0,0,0,0,0.00,0.00,0.00,0.00,0,False
10,599,0,0,0,0,0,0,0,0,0,0,0,0,0,0.0,0.0,0.0,0.0,0,0,0,0,0,0.00,0.00,0.00,0.00,0,False
10,600,90,0,0,0,1,0,0,0,0,0,3,0,13,21.6,0.0,0.0,2.2,2,8,0,0,1,0.00,0.00,0.00,0.52,3,False
10,601,0,0,0,0,0,0,0,0,0,0,0,0,0,0.0,0.0,0.0,0.0,0,0,0,0,0,0.00,0.00,0.00,0.00,0,False
10,602,0,0,0,0,0,0,0,0,0,0,0,0,0,0.0,0.0,0.0,0.0,0,0,0,0,0,0.00,0.00,0.00,0.00,0,False
10,603,90,0,0,0,1,0,0,0,0,0,0,0,17,22.6,6.0,0.0,2.9,2,8,6,8,1,0.00,0.01,0.01,0.52,2,False
10,604,0,0,0,0,0,0,0,0,0,0,0,0,0,0.0,0.0,0.0,0.0,0,0,0,0,0,0.00,0.00,0.00,0.00,0,False
10,605,90,0,0,0,1,0,0,0,0,0,0,0,10,24.2,10.8,24.0,5.9,7,1,1,8,1,0.09,0.01,0.10,0.52,2,False
10,606,0,0,0,0,0,0,0,0,0,0,0,0,0,0.0,0.0,0.0,0.0,0,0,0,0,0,0.00,0.00,0.00,0.00,0,False
10,607,0,0,0,0,0,0,0,0,0,0,0,0,0,0.0,0.0,0.0,0.0,0,0,0,0,0,0.00,0.00,0.00,0.00,0,False
10,608,0,0,0,0,0,0,0,0,0,0,0,0,0,0.0,0.0,0.0,0.0,0,0,0,0,0,0.00,0.00,0.00,0.00,0,False
10,609,90,0,0,0,1,0,0,0,0,0,0,0,9,26.0,0.6,0.0,2.7,10,2,3,13,1,0.00,0.01,0.01,0.52,4,False
10,610,90,0,1,0,1,0,0,0,0,0,0,0,17,21.0,5.1,0.0,2.6,10,3,1,11,1,0.00,0.02,0.02,0.52,7,False
10,611,0,0,0,0,0,0,0,0,0,0,0,0,0,0.0,0.0,0.0,0.0,0,0,0,0,0,0.00,0.00,0.00,0.00,0,False
10,612,90,1,0,0,1,0,0,0,1,0,0,3,42,57.2,22.0,16.0,9.5,3,4,3,10,1,0.08,0.06,0.14,0.52,9,False
10,613,29,1,0,0,0,0,0,0,0,0,0,0,21,35.0,0.0,66.0,10.1,0,1,0,1,0,0.99,0.00,0.99,0.22,6,False
10,614,0,0,0,0,0,0,0,0,0,0,0,0,0,0.0,0.0,0.0,0.0,0,0,0,0,0,0.00,0.00,0.00,0.00,0,False
10,615,78,0,0,0,1,0,0,0,0,0,0,0,15,12.0,13.6,19.0,4.5,5,3,2,10,1,0.21,0.02,0.23,0.44,2,False
10,616,0,0,0,0,0,0,0,0,0,0,0,0,0,0.0,0.0,0.0,0.0,0,0,0,0,0,0.00,0.00,0.00,0.00,0,False
10,617,0,0,0,0,0,0,0,0,0,0,0,0,0,0.0,0.0,0.0,0.0,0,0,0,0,0,0.00,0.00,0.00,0.00,0,False
10,618,0,0,0,0,0,0,0,0,0,0,0,0,0,0.0,0.0,0.0,0.0,0,0,0,0,0,0.00,0.00,0.00,0.00,0,False
10,619,0,0,0,0,0,0,0,0,0,0,0,0,0,0.0,0.0,0.0,0.0,0,0,0,0,0,0.00,0.00,0.00,0.00,0,False
10,620,0,0,0,0,0,0,0,0,0,0,0,0,0,0.0,0.0,0.0,0.0,0,0,0,0,0,0.00,0.00,0.00,0.00,0,False
10,621,0,0,0,0,0,0,0,0,0,0,0,0,0,0.0,0.0,0.0,0.0,0,0,0,0,0,0.00,0.00,0.00,0.00,0,False
10,622,0,0,0,0,0,0,0,0,0,0,0,0,0,0.0,0.0,0.0,0.0,0,0,0,0,0,0.00,0.00,0.00,0.00,0,False
10,623,90,0,0,0,1,0,0,0,0,0,0,0,18,21.4,31.0,0.0,5.2,7,1,3,11,1,0.00,0.04,0.04,0.52,2,False
10,624,90,0,0,0,1,0,0,0,0,0,0,0,10,11.0,27.8,42.0,8.1,1,7,0,8,1,0.28,0.09,0.37,0.52,2,False
10,625,0,0,0,0,0,0,0,0,0,0,0,0,0,0.0,0.0,0.0,0.0,0,0,0,0,0,0.00,0.00,0.00,0.00,0,False
10,626,0,0,0,0,0,0,0,0,0,0,0,0,0,0.0,0.0,0.0,0.0,0,0,0,0,0,0.00,0.00,0.00,0.00,0,False
10,627,90,0,0,0,3,0,0,0,0,0,4,0,6,28.2,0.0,0.0,2.8,0,8,0,0,1,0.00,0.00,0.00,1.39,2,False
10,628,0,0,0,0,0,0,0,0,0,0,0,0,0,0.0,0.0,0.0,0.0,0,0,0,0,0,0.00,0.00,0.00,0.00,0,False
10,629,0,0,0,0,0,0,0,0,0,0,0,0,0,0.0,0.0,0.0,0.0,0,0,0,0,0,0.00,0.00,0.00,0.00,0,False
10,630,0,0,0,0,0,0,0,0,0,0,0,0,0,0.0,0.0,0.0,0.0,0,0,0,0,0,0.00,0.00,0.00,0.00,0,False
10,631,35,0,0,0,3,0,0,0,0,1,0,0,-17,0.6,0.2,0.0,0.1,3,2,1,4,1,0.00,0.00,0.00,0.30,-3,False
10,632,0,0,0,0,0,0,0,0,0,0,0,0,0,0.0,0.0,0.0,0.0,0,0,0,0,0,0.00,0.00,0.00,0.00,0,False
10,633,90,0,0,0,3,0,0,0,0,0,0,0,-4,7.4,2.3,6.0,1.6,6,4,0,6,1,0.00,0.01,0.01,1.39,1,False
10,634,45,0,0,0,2,1,0,0,1,0,0,0,-11,0.0,0.2,0.0,0.0,1,3,1,2,0,0.00,0.00,0.00,1.09,-3,False
10,635,0,0,0,0,0,0,0,0,0,0,0,0,0,0.0,0.0,0.0,0.0,0,0,0,0,0,0.00,0.00,0.00,0.00,0,False
10,636,90,0,0,0,3,0,0,0,1,0,0,0,4,24.4,0.7,0.0,2.5,8,5,3,11,1,0.00,0.01,0.01,1.39,2,False
10,637,45,0,0,0,1,0,0,0,1,0,0,0,2,11.2,29.0,0.0,4.0,3,0,1,4,1,0.00,0.14,0.14,0.30,0,False
10,638,45,0,0,0,1,0,0,0,0,0,0,0,10,14.4,19.1,2.0,3.6,3,0,2,5,1,0.00,0.01,0.01,0.30,1,False
10,639,0,0,0,0,0,0,0,0,0,0,0,0,0,0.0,0.0,0.0,0.0,0,0,0,0,0,0.00,0.00,0.00,0.00,0,False
10,640,0,0,0,0,0,0,0,0,0,0,0,0,0,0.0,0.0,0.0,0.0,0,0,0,0,0,0.00,0.00,0.00,0.00,0,False
10,641,0,0,0,0,0,0,0,0,0,0,0,0,0,0.0,0.0,0.0,0.0,0,0,0,0,0,0.00,0.00,0.00,0.00,0,False
10,642,0,0,0,0,0,0,0,0,0,0,0,0,0,0.0,0.0,0.0,0.0,0,0,0,0,0,0.00,0.00,0.00,0.00,0,False
10,643,14,0,0,0,0,0,0,0,0,0,0,0,6,2.6,1.3,0.0,0.4,0,1,1,2,0,0.00,0.00,0.00,0.66,1,False
10,644,63,0,0,0,2,0,0,0,0,0,0,0,11,10.0,1.9,20.0,3.2,4,1,1,6,1,0.08,0.08,0.16,0.64,2,False
10,645,0,0,0,0,0,0,0,0,0,0,0,0,0,0.0,0.0,0.0,0.0,0,0,0,0,0,0.00,0.00,0.00,0.00,0,False
10,646,45,0,0,0,2,0,0,0,0,0,0,0,4,10.6,0.9,0.0,1.2,3,2,1,6,0,0.00,0.01,0.01,1.09,1,False
10,647,0,0,0,0,0,0,0,0,0,0,0,0,0,0.0,0.0,0.0,0.0,0,0,0,0,0,0.00,0.00,0.00,0.00,0,False
10,648,90,0,0,0,3,0,0,0,0,0,0,0,17,16.4,2.4,10.0,2.9,7,3,3,13,1,0.02,0.02,0.04,1.39,4,False
10,649,0,0,0,0,0,0,0,0,0,0,0,0,0,0.0,0.0,0.0,0.0,0,0,0,0,0,0.00,0.00,0.00,0.00,0,False
10,650,0,0,0,0,0,0,0,0,0,0,0,0,0,0.0,0.0,0.0,0.0,0,0,0,0,0,0.00,0.00,0.00,0.00,0,False
10,651,0,0,0,0,0,0,0,0,0,0,0,0,0,0.0,0.0,0.0,0.0,0,0,0,0,0,0.00,0.00,0.00,0.00,0,False
10,652,0,0,0,0,0,0,0,0,0,0,0,0,0,0.0,0.0,0.0,0.0,0,0,0,0,0,0.00,0.00,0.00,0.00,0,False
10,653,0,0,0,0,0,0,0,0,0,0,0,0,0,0.0,0.0,0.0,0.0,0,0,0,0,0,0.00,0.00,0.00,0.00,0,False
10,654,75,0,0,0,3,0,0,0,0,0,0,0,3,0.6,10.9,8.0,2.0,0,2,0,2,1,0.00,0.01,0.01,0.72,2,False
10,655,0,0,0,0,0,0,0,0,0,0,0,0,0,0.0,0.0,0.0,0.0,0,0,0,0,0,0.00,0.00,0.00,0.00,0,False
10,656,0,0,0,0,0,0,0,0,0,0,0,0,0,0.0,0.0,0.0,0.0,0,0,0,0,0,0.00,0.00,0.00,0.00,0,False
10,657,0,0,0,0,0,0,0,0,0,0,0,0,0,0.0,0.0,0.0,0.0,0,0,0,0,0,0.00,0.00,0.00,0.00,0,False
10,658,0,0,0,0,0,0,0,0,0,0,0,0,0,0.0,0.0,0.0,0.0,0,0,0,0,0,0.00,0.00,0.00,0.00,0,False
10,659,11,0,0,0,0,0,0,0,0,0,0,0,3,1.0,0.5,2.0,0.4,1,1,0,1,0,0.00,0.00,0.00,0.08,1,False
10,660,30,0,0,0,2,0,0,0,0,0,0,0,8,9.2,3.7,19.0,3.2,2,1,0,3,0,0.09,0.01,0.10,1.38,1,False
10,661,76,0,0,1,0,0,0,0,0,0,0,0,2,0.0,4.8,4.0,0.5,1,0,0,1,1,0.00,0.05,0.05,0.30,2,False
10,662,0,0,0,0,0,0,0,0,0,0,0,0,0,0.0,0.0,0.0,0.0,0,0,0,0,0,0.00,0.00,0.00,0.00,0,False
10,663,45,0,0,0,1,0,0,0,0,0,0,0,6,3.6,2.1,0.0,0.6,0,3,2,5,1,0.00,0.01,0.01,0.30,1,False
10,664,0,0,0,0,0,0,0,0,0,0,0,0,0,0.0,0.0,0.0,0.0,0,0,0,0,0,0.00,0.00,0.00,0.00,0,False
10,665,90,0,0,0,3,0,0,0,0,0,4,0,9,35.8,0.0,0.0,3.6,0,5,0,0,1,0.00,0.00,0.00,3.07,2,False
10,666,45,1,0,0,0,0,0,0,0,0,0,2,39,37.0,33.5,37.0,10.8,0,2,0,2,1,0.87,0.17,1.04,0.00,7,False
10,667,0,0,0,0,0,0,0,0,0,0,0,0,0,0.0,0.0,0.0,0.0,0,0,0,0,0,0.00,0.00,0.00,0.00,0,False
10,668,90,1,0,0,1,0,0,0,0,0,0,3,48,57.0,64.2,7.0,12.8,1,6,3,10,1,0.04,0.32,0.36,0.86,10,False
10,669,90,0,0,0,2,0,0,0,1,0,0,0,2,7.2,3.7,9.0,2.0,1,1,3,5,1,0.02,0.05,0.07,1.12,1,False
10,670,90,0,0,0,1,0,0,0,0,0,1,0,9,9.0,0.0,0.0,0.9,0,12,0,0,1,0.00,0.00,0.00,0.86,2,False
10,671,60,0,0,0,1,0,0,0,0,0,0,0,6,2.2,1.3,17.0,2.1,0,2,0,2,1,0.03,0.00,0.03,0.30,2,False
10,672,0,0,0,0,0,0,0,0,0,0,0,0,0,0.0,0.0,0.0,0.0,0,0,0,0,0,0.00,0.00,0.00,0.00,0,False
10,673,90,0,0,0,1,0,0,0,0,0,0,0,16,14.2,2.1,0.0,1.6,3,8,5,16,1,0.00,0.00,0.00,3.68,4,False
10,674,0,0,0,0,0,0,0,0,0,0,0,0,0,0.0,0.0,0.0,0.0,0,0,0,0,0,0.00,0.00,0.00,0.00,0,False
10,675,0,0,0,0,0,0,0,0,0,0,0,0,0,0.0,0.0,0.0,0.0,0,0,0,0,0,0.00,0.00,0.00,0.00,0,False
10,676,61,0,0,0,2,0,0,0,0,0,0,0,5,0.8,3.0,2.0,0.6,0,2,1,3,1,0.00,0.01,0.01,2.30,2,False
10,677,58,0,0,0,2,0,0,0,0,0,0,0,-1,0.0,0.1,11.0,0.9,1,3,0,4,1,0.06,0.00,0.06,1.03,1,False
10,678,0,0,0,0,0,0,0,0,0,0,0,0,0,0.0,0.0,0.0,0.0,0,0,0,0,0,0.00,0.00,0.00,0.00,0,False
10,679,0,0,0,0,0,0,0,0,0,0,0,0,0,0.0,0.0,0.0,0.0,0,0,0,0,0,0.00,0.00,0.00,0.00,0,False
10,680,14,0,0,0,0,0,0,0,0,0,0,0,3,0.0,0.0,2.0,0.2,0,0,0,0,0,0.00,0.00,0.00,0.09,1,False
10,681,90,0,0,0,2,0,0,0,0,0,0,0,4,0.0,4.1,10.0,1.3,1,0,0,1,1,0.16,0.00,0.16,1.93,2,False
10,682,0,0,0,0,0,0,0,0,0,0,0,0,0,0.0,0.0,0.0,0.0,0,0,0,0,0,0.00,0.00,0.00,0.00,0,False
10,683,0,0,0,0,0,0,0,0,0,0,0,0,0,0.0,0.0,0.0,0.0,0,0,0,0,0,0.00,0.00,0.00,0.00,0,False
10,684,90,0,0,0,3,0,0,0,0,0,0,0,5,26.2,4.6,2.0,3.3,5,4,2,7,1,0.00,0.04,0.04,1.75,1,False
10,685,90,0,0,0,3,0,0,0,0,0,0,0,5,18.6,0.5,0.0,1.9,4,2,3,7,1,0.00,0.01,0.01,2.22,1,False
10,686,0,0,0,0,0,0,0,0,0,0,0,0,0,0.0,0.0,0.0,0.0,0,0,0,0,0,0.00,0.00,0.00,0.00,0,False
10,687,0,0,0,0,0,0,0,0,0,0,0,0,0,0.0,0.0,0.0,0.0,0,0,0,0,0,0.00,0.00,0.00,0.00,0,False
10,688,0,0,0,0,0,0,0,0,0,0,0,0,0,0.0,0.0,0.0,0.0,0,0,0,0,0,0.00,0.00,0.00,0.00,0,False
10,689,0,0,0,0,0,0,0,0,0,0,0,0,0,0.0,0.0,0.0,0.0,0,0,0,0,0,0.00,0.00,0.00,0.00,0,False
10,690,0,0,0,0,0,0,0,0,0,0,0,0,0,0.0,0.0,0.0,0.0,0,0,0,0,0,0.00,0.00,0.00,0.00,0,False
10,691,64,0,0,0,2,0,0,0,0,0,0,0,4,0.0,1.8,3.0,0.3,0,1,0,1,1,0.03,0.00,0.03,2.57,2,False
10,692,0,0,0,0,0,0,0,0,0,0,0,0,0,0.0,0.0,0.0,0.0,0,0,0,0,0,0.00,0.00,0.00,0.00,0,False
10,693,0,0,0,0,0,0,0,0,0,0,0,0,0,0.0,0.0,0.0,0.0,0,0,0,0,0,0.00,0.00,0.00,0.00,0,False
10,694,90,0,0,0,1,0,0,0,1,0,0,0,2,10.4,16.3,9.0,3.6,4,2,0,4,1,0.14,0.33,0.47,0.86,1,False
10,695,45,0,0,0,2,0,0,0,0,0,0,0,-5,14.4,0.0,0.0,1.4,5,0,0,5,0,0.00,0.00,0.00,1.09,0,False
10,696,0,0,0,0,0,0,0,0,0,0,0,0,0,0.0,0.0,0.0,0.0,0,0,0,0,0,0.00,0.00,0.00,0.00,0,False
10,697,0,0,0,0,0,0,0,0,0,0,0,0,0,0.0,0.0,0.0,0.0,0,0,0,0,0,0.00,0.00,0.00,0.00,0,False
10,698,76,0,0,0,3,0,0,0,0,0,0,0,10,9.8,1.2,6.0,1.7,1,1,3,5,1,0.00,0.01,0.01,2.94,2,False
10,699,13,0,0,0,0,0,0,0,0,0,0,0,4,3.6,14.1,0.0,1.8,0,2,0,2,1,0.00,0.24,0.24,0.10,1,False
10,700,0,0,0,0,0,0,0,0,0,0,0,0,0,0.0,0.0,0.0,0.0,0,0,0,0,0,0.00,0.00,0.00,0.00,0,False
10,701,0,0,0,0,0,0,0,0,0,0,0,0,0,0.0,0.0,0.0,0.0,0,0,0,0,0,0.00,0.00,0.00,0.00,0,False
10,702,0,0,0,0,0,0,0,0,0,0,0,0,0,0.0,0.0,0.0,0.0,0,0,0,0,0,0.00,0.00,0.00,0.00,0,False
10,703,0,0,0,0,0,0,0,0,0,0,0,0,0,0.0,0.0,0.0,0.0,0,0,0,0,0,0.00,0.00,0.00,0.00,0,False
10,704,0,0,0,0,0,0,0,0,0,0,0,0,0,0.0,0.0,0.0,0.0,0,0,0,0,0,0.00,0.00,0.00,0.00,0,False
10,705,0,0,0,0,0,0,0,0,0,0,0,0,0,0.0,0.0,0.0,0.0,0,0,0,0,0,0.00,0.00,0.00,0.00,0,False
10,706,13,0,0,0,0,0,0,0,0,0,0,0,4,0.4,0.0,0.0,0.0,0,0,0,0,0,0.00,0.00,0.00,0.13,1,False
10,707,0,0,0,0,0,0,0,0,0,0,0,0,0,0.0,0.0,0.0,0.0,0,0,0,0,0,0.00,0.00,0.00,0.00,0,False
10,708,84,0,1,0,1,0,0,0,0,0,0,2,26,30.8,40.7,5.0,7.7,2,4,2,8,1,0.24,0.07,0.31,0.44,7,False
10,709,90,0,0,0,3,0,0,0,0,0,0,0,1,21.8,1.7,19.0,4.3,6,3,1,7,1,0.07,0.02,0.09,1.39,1,False
10,710,0,0,0,0,0,0,0,0,0,0,0,0,0,0.0,0.0,0.0,0.0,0,0,0,0,0,0.00,0.00,0.00,0.00,0,False
10,711,0,0,0,0,0,0,0,0,0,0,0,0,0,0.0,0.0,0.0,0.0,0,0,0,0,0,0.00,0.00,0.00,0.00,0,False
10,712,77,0,0,1,0,0,0,0,0,0,0,0,7,6.2,3.6,6.0,1.6,1,5,1,7,1,0.10,0.02,0.12,0.53,3,False
10,713,61,0,0,0,3,0,0,0,0,0,0,0,16,15.2,1.5,0.0,1.7,2,4,3,5,1,0.00,0.01,0.01,1.91,1,False
10,714,45,0,0,0,2,0,0,0,0,0,0,0,1,1.2,11.3,2.0,1.5,0,0,0,0,1,0.00,0.04,0.04,0.25,1,False
10,715,0,0,0,0,0,0,0,0,0,0,0,0,0,0.0,0.0,0.0,0.0,0,0,0,0,0,0.00,0.00,0.00,0.00,0,False
10,716,90,1,0,0,2,0,0,0,0,0,0,0,18,45.4,2.3,37.0,8.5,3,2,4,7,1,0.78,0.01,0.79,1.12,7,False
10,717,65,0,0,0,1,0,0,0,1,0,0,0,8,11.0,5.3,2.0,1.8,1,8,4,13,0,0.00,0.01,0.01,2.26,3,False
10,718,0,0,0,0,0,0,0,0,0,0,0,0,0,0.0,0.0,0.0,0.0,0,0,0,0,0,0.00,0.00,0.00,0.00,0,False
10,719,0,0,0,0,0,0,0,0,0,0,0,0,0,0.0,0.0,0.0,0.0,0,0,0,0,0,0.00,0.00,0.00,0.00,0,False
10,720,26,0,0,0,1,0,0,0,0,0,0,0,4,1.0,0.3,4.0,0.5,0,1,0,1,0,0.07,0.00,0.07,0.74,1,False
10,721,0,0,0,0,0,0,0,0,0,0,0,0,0,0.0,0.0,0.0,0.0,0,0,0,0,0,0.00,0.00,0.00,0.00,0,False
10,722,90,0,0,0,2,0,0,0,0,0,0,0,12,12.2,6.3,7.0,2.6,3,2,3,8,1,0.34,0.01,0.35,2.42,2,False
10,723,1,0,0,0,0,0,0,0,0,0,0,0,3,0.4,0.1,0.0,0.1,0,0,0,0,0,0.00,0.00,0.00,0.00,1,False
10,724,90,0,0,0,1,0,0,0,0,0,0,0,16,22.0,2.5,1.0,2.6,5,7,2,7,1,0.03,0.02,0.05,0.86,2,False
10,725,18,0,0,0,0,0,0,0,0,0,0,0,3,0.8,0.3,0.0,0.1,0,0,0,0,0,0.00,0.00,0.00,0.40,1,False
10,726,72,0,0,0,1,0,0,0,0,0,0,0,10,5.2,10.8,0.0,1.6,0,1,2,3,1,0.00,0.02,0.02,2.26,2,False
10,727,13,0,0,0,0,0,0,0,0,0,0,0,-1,0.2,0.5,23.0,2.4,0,0,0,0,0,0.42,0.05,0.47,0.07,1,False
10,728,0,0,0,0,0,0,0,0,0,0,0,0,0,0.0,0.0,0.0,0.0,0,0,0,0,0,0.00,0.00,0.00,0.00,0,False
10,729,0,0,0,0,0,0,0,0,0,0,0,0,0,0.0,0.0,0.0,0.0,0,0,0,0,0,0.00,0.00,0.00,0.00,0,False
10,730,7,0,0,0,0,0,0,0,0,0,0,0,2,0.0,0.0,0.0,0.0,0,0,0,0,0,0.00,0.00,0.00,0.02,1,False
10,731,71,0,0,1,0,0,0,0,0,0,0,0,6,9.4,3.2,10.0,2.3,1,0,1,2,1,0.00,0.01,0.01,0.17,3,False
10,732,0,0,0,0,0,0,0,0,0,0,0,0,0,0.0,0.0,0.0,0.0,0,0,0,0,0,0.00,0.00,0.00,0.00,0,False
10,733,90,0,0,0,2,0,0,0,0,0,1,0,1,8.6,0.0,0.0,0.9,1,5,0,0,1,0.00,0.00,0.00,1.93,1,False
10,734,0,0,0,0,0,0,0,0,0,0,0,0,0,0.0,0.0,0.0,0.0,0,0,0,0,0,0.00,0.00,0.00,0.00,0,False
10,735,81,0,0,0,1,0,0,0,0,0,0,0,9,10.4,13.4,19.0,4.3,1,3,1,5,1,0.06,0.02,0.08,0.84,2,False
10,736,90,0,0,0,1,0,0,0,1,0,4,0,10,18.6,0.0,0.0,1.9,3,10,0,0,1,0.00,0.00,0.00,0.72,2,False
10,737,0,0,0,0,0,0,0,0,0,0,0,0,0,0.0,0.0,0.0,0.0,0,0,0,0,0,0.00,0.00,0.00,0.00,0,False
10,738,0,0,0,0,0,0,0,0,0,0,0,0,0,0.0,0.0,0.0,0.0,0,0,0,0,0,0.00,0.00,0.00,0.00,0,False
10,739,0,0,0,0,0,0,0,0,0,0,0,0,0,0.0,0.0,0.0,0.0,0,0,0,0,0,0.00,0.00,0.00,0.00,0,False
10,740,0,0,0,0,0,0,0,0,0,0,0,0,0,0.0,0.0,0.0,0.0,0,0,0,0,0,0.00,0.00,0.00,0.00,0,False
10,741,0,0,0,0,0,0,0,0,0,0,0,0,0,0.0,0.0,0.0,0.0,0,0,0,0,0,0.00,0.00,0.00,0.00,0,False
10,742,0,0,0,0,0,0,0,0,0,0,0,0,0,0.0,0.0,0.0,0.0,0,0,0,0,0,0.00,0.00,0.00,0.00,0,False
10,743,0,0,0,0,0,0,0,0,0,0,0,0,0,0.0,0.0,0.0,0.0,0,0,0,0,0,0.00,0.00,0.00,0.00,0,False
10,744,1,0,0,0,0,0,0,0,0,0,0,0,3,0.0,0.0,0.0,0.0,0,0,0,0,0,0.00,0.00,0.00,0.00,1,False
10,745,0,0,0,0,0,0,0,0,0,0,0,0,0,0.0,0.0,0.0,0.0,0,0,0,0,0,0.00,0.00,0.00,0.00,0,False
10,746,0,0,0,0,0,0,0,0,0,0,0,0,0,0.0,0.0,0.0,0.0,0,0,0,0,0,0.00,0.00,0.00,0.00,0,False
10,747,0,0,0,0,0,0,0,0,0,0,0,0,0,0.0,0.0,0.0,0.0,0,0,0,0,0,0.00,0.00,0.00,0.00,0,False
