first_name,second_name,web_name,team_name,position,gw,player_id,minutes,goals_scored,assists,clean_sheets,goals_conceded,own_goals,penalties_saved,penalties_missed,yellow_cards,red_cards,saves,bonus,bps,influence,creativity,threat,ict_index,clearances_blocks_interceptions,recoveries,tackles,defensive_contribution,starts,expected_goals,expected_assists,expected_goal_involvements,expected_goals_conceded,total_points,in_dreamteam
David,Raya Martín,Raya,Arsenal,GKP,1,1,90,0,0,1,0,0,0,0,1,0,7,3,38,49.2,0.0,0.0,4.9,1,13,0,0,1,0.00,0.00,0.00,1.52,10,True
Kepa,Arrizabalaga Revuelta,Arrizabalaga,Arsenal,GKP,1,2,0,0,0,0,0,0,0,0,0,0,0,0,0,0.0,0.0,0.0,0.0,0,0,0,0,0,0.00,0.00,0.00,0.00,0,False
Karl,Hein,Hein,Arsenal,GKP,1,3,0,0,0,0,0,0,0,0,0,0,0,0,0,0.0,0.0,0.0,0.0,0,0,0,0,0,0.00,0.00,0.00,0.00,0,False
Tommy,Setford,Setford,Arsenal,GKP,1,4,0,0,0,0,0,0,0,0,0,0,0,0,0,0.0,0.0,0.0,0.0,0,0,0,0,0,0.00,0.00,0.00,0.00,0,False
Gabriel,dos Santos Magalhães,Gabriel,Arsenal,DEF,1,5,90,0,0,1,0,0,0,0,0,0,0,0,23,22.8,0.3,4.0,2.7,6,1,1,7,1,0.00,0.00,0.00,1.52,6,False
William,Saliba,Saliba,Arsenal,DEF,1,6,90,0,0,1,0,0,0,0,0,0,0,1,25,31.4,0.1,0.0,3.2,10,3,4,14,1,0.00,0.00,0.00,1.52,9,False
Riccardo,Calafiori,Calafiori,Arsenal,DEF,1,7,71,1,0,1,0,0,0,0,1,0,0,2,33,36.2,2.1,35.0,7.3,3,5,1,4,1,0.91,0.01,0.92,0.87,13,True
Jurriën,Timber,J.Timber,Arsenal,DEF,1,8,19,0,0,0,0,0,0,0,1,0,0,0,-3,3.0,0.3,0.0,0.3,1,1,2,3,0,0.00,0.00,0.00,0.66,0,False
Jakub,Kiwior,Kiwior,Arsenal,DEF,1,9,0,0,0,0,0,0,0,0,0,0,0,0,0,0.0,0.0,0.0,0.0,0,0,0,0,0,0.00,0.00,0.00,0.00,0,False
Myles,Lewis-Skelly,Lewis-Skelly,Arsenal,DEF,1,10,18,0,0,0,0,0,0,0,1,0,0,0,-1,0.2,0.0,0.0,0.0,1,0,0,1,0,0.00,0.00,0.00,0.66,0,False
Benjamin,White,White,Arsenal,DEF,1,11,70,0,0,1,0,0,0,0,0,0,0,0,23,15.4,11.3,1.0,2.8,6,4,2,8,1,0.01,0.01,0.02,0.87,6,False
Oleksandr,Zinchenko,Zinchenko,Nott'm Forest,DEF,1,12,0,0,0,0,0,0,0,0,0,0,0,0,0,0.0,0.0,0.0,0.0,0,0,0,0,0,0.00,0.00,0.00,0.00,0,False
Brayden,Clarke,Clarke,Arsenal,DEF,1,13,0,0,0,0,0,0,0,0,0,0,0,0,0,0.0,0.0,0.0,0.0,0,0,0,0,0,0.00,0.00,0.00,0.00,0,False
Maldini,Kacurri,Kacurri,Arsenal,DEF,1,14,0,0,0,0,0,0,0,0,0,0,0,0,0,0.0,0.0,0.0,0.0,0,0,0,0,0,0.00,0.00,0.00,0.00,0,False
Josh,Nichols,Nichols,Arsenal,DEF,1,15,0,0,0,0,0,0,0,0,0,0,0,0,0,0.0,0.0,0.0,0.0,0,0,0,0,0,0.00,0.00,0.00,0.00,0,False
Bukayo,Saka,Saka,Arsenal,MID,1,16,90,0,0,1,0,0,0,0,0,0,0,0,7,12.0,16.4,7.0,3.5,0,2,3,5,1,0.15,0.09,0.24,1.52,3,False
Martin,Ødegaard,Ødegaard,Arsenal,MID,1,17,90,0,0,1,0,0,0,0,0,0,0,0,16,17.8,20.3,17.0,5.5,6,7,1,14,1,0.09,0.29,0.38,1.52,5,False
Noni,Madueke,Madueke,Arsenal,MID,1,18,30,0,0,0,0,0,0,0,0,0,0,0,2,1.6,10.7,2.0,1.4,0,0,0,0,0,0.00,0.02,0.02,0.82,1,False
Gabriel,Martinelli Silva,Martinelli,Arsenal,MID,1,19,59,0,0,0,0,0,0,0,0,0,0,0,8,6.2,10.3,21.0,3.8,0,3,1,4,1,0.02,0.01,0.03,0.70,1,False
Leandro,Trossard,Trossard,Arsenal,MID,1,20,0,0,0,0,0,0,0,0,0,0,0,0,0,0.0,0.0,0.0,0.0,0,0,0,0,0,0.00,0.00,0.00,0.00,0,False
Declan,Rice,Rice,Arsenal,MID,1,21,82,0,1,1,0,0,0,0,0,0,0,0,14,2.6,1.3,8.0,1.2,1,3,0,4,1,0.13,0.01,0.14,1.04,6,False
Mikel,Merino Zazón,Merino,Arsenal,MID,1,22,7,0,0,0,0,0,0,0,0,0,0,0,2,1.2,0.0,0.0,0.1,1,0,0,1,0,0.00,0.00,0.00,0.49,1,False
Fábio,Ferreira Vieira,Fábio Vieira,Arsenal,MID,1,23,0,0,0,0,0,0,0,0,0,0,0,0,0,0.0,0.0,0.0,0.0,0,0,0,0,0,0.00,0.00,0.00,0.00,0,False
Christian,Nørgaard,Nørgaard,Arsenal,MID,1,24,0,0,0,0,0,0,0,0,0,0,0,0,0,0.0,0.0,0.0,0.0,0,0,0,0,0,0.00,0.00,0.00,0.00,0,False
Ethan,Nwaneri,Nwaneri,Arsenal,MID,1,25,0,0,0,0,0,0,0,0,0,0,0,0,0,0.0,0.0,0.0,0.0,0,0,0,0,0,0.00,0.00,0.00,0.00,0,False
Martín,Zubimendi Ibáñez,Zubimendi,Arsenal,MID,1,26,90,0,0,1,0,0,0,0,0,0,0,0,15,16.0,1.9,2.0,2.0,4,5,3,12,1,0.00,0.01,0.01,1.52,5,False
Reiss,Nelson,Nelson,Brentford,MID,1,27,0,0,0,0,0,0,0,0,0,0,0,0,0,0.0,0.0,0.0,0.0,0,0,0,0,0,0.00,0.00,0.00,0.00,0,False
Ismeal,Kabia,Kabia,Arsenal,MID,1,28,0,0,0,0,0,0,0,0,0,0,0,0,0,0.0,0.0,0.0,0.0,0,0,0,0,0,0.00,0.00,0.00,0.00,0,False
Albert,Sambi Lokonga,Sambi,Arsenal,MID,1,29,0,0,0,0,0,0,0,0,0,0,0,0,0,0.0,0.0,0.0,0.0,0,0,0,0,0,0.00,0.00,0.00,0.00,0,False
Kai,Havertz,Havertz,Arsenal,FWD,1,30,30,0,0,0,0,0,0,0,0,0,0,0,4,2.8,0.8,2.0,0.6,1,2,0,3,0,0.00,0.01,0.01,0.82,1,False
Gabriel,Fernando de Jesus,G.Jesus,Arsenal,FWD,1,31,0,0,0,0,0,0,0,0,0,0,0,0,0,0.0,0.0,0.0,0.0,0,0,0,0,0,0.00,0.00,0.00,0.00,0,False
Emiliano,Martínez Romero,Martinez,Aston Villa,GKP,1,32,0,0,0,0,0,0,0,0,0,0,0,0,0,0.0,0.0,0.0,0.0,0,0,0,0,0,0.00,0.00,0.00,0.00,0,False
Marco,Bizot,M.Bizot,Aston Villa,GKP,1,33,90,0,0,1,0,0,0,0,0,0,3,0,29,19.6,0.0,0.0,2.0,1,12,0,0,1,0.00,0.00,0.00,1.43,7,False
Joe,Gauci,Gauci,Aston Villa,GKP,1,34,0,0,0,0,0,0,0,0,0,0,0,0,0,0.0,0.0,0.0,0.0,0,0,0,0,0,0.00,0.00,0.00,0.00,0,False
Filip,Marschall,Marschall,Aston Villa,GKP,1,35,0,0,0,0,0,0,0,0,0,0,0,0,0,0.0,0.0,0.0,0.0,0,0,0,0,0,0.00,0.00,0.00,0.00,0,False
Matty,Cash,Cash,Aston Villa,DEF,1,36,90,0,0,1,0,0,0,0,0,0,0,0,25,37.6,1.1,2.0,4.1,9,2,2,11,1,0.00,0.00,0.00,1.43,8,False
Lucas,Digne,Digne,Aston Villa,DEF,1,37,90,0,0,1,0,0,0,0,0,0,0,0,22,11.6,5.8,0.0,1.7,5,3,2,7,1,0.00,0.01,0.01,1.43,6,False
Ezri,Konsa Ngoyo,Konsa,Aston Villa,DEF,1,38,65,0,0,1,0,0,0,0,0,1,0,0,15,1.8,1.1,0.0,0.3,3,1,0,3,1,0.00,0.01,0.01,1.11,3,False
Ian,Maatsen,Maatsen,Aston Villa,DEF,1,39,0,0,0,0,0,0,0,0,0,0,0,0,0,0.0,0.0,0.0,0.0,0,0,0,0,0,0.00,0.00,0.00,0.00,0,False
Tyrone,Mings,Mings,Aston Villa,DEF,1,40,90,0,0,1,0,0,0,0,0,0,0,0,25,13.0,3.7,0.0,1.7,5,2,0,5,1,0.00,0.00,0.00,1.43,6,False
Pau,Torres,Pau,Aston Villa,DEF,1,41,0,0,0,0,0,0,0,0,0,0,0,0,0,0.0,0.0,0.0,0.0,0,0,0,0,0,0.00,0.00,0.00,0.00,0,False
Andrés,García,A.García,Aston Villa,DEF,1,42,0,0,0,0,0,0,0,0,0,0,0,0,0,0.0,0.0,0.0,0.0,0,0,0,0,0,0.00,0.00,0.00,0.00,0,False
Álex,Moreno Lopera,Alex Moreno,Aston Villa,DEF,1,43,0,0,0,0,0,0,0,0,0,0,0,0,0,0.0,0.0,0.0,0.0,0,0,0,0,0,0.00,0.00,0.00,0.00,0,False
Lamare,Bogarde,Bogarde,Aston Villa,DEF,1,44,0,0,0,0,0,0,0,0,0,0,0,0,0,0.0,0.0,0.0,0.0,0,0,0,0,0,0.00,0.00,0.00,0.00,0,False
Lino,da Cruz Sousa,Sousa,Aston Villa,DEF,1,45,0,0,0,0,0,0,0,0,0,0,0,0,0,0.0,0.0,0.0,0.0,0,0,0,0,0,0.00,0.00,0.00,0.00,0,False
Yasin,Özcan,Yasin,Aston Villa,DEF,1,46,0,0,0,0,0,0,0,0,0,0,0,0,0,0.0,0.0,0.0,0.0,0,0,0,0,0,0.00,0.00,0.00,0.00,0,False
Morgan,Rogers,Rogers,Aston Villa,MID,1,47,90,0,0,1,0,0,0,0,0,0,0,0,7,7.2,20.1,4.0,3.1,1,5,1,7,1,0.00,0.05,0.05,1.43,3,False
Youri,Tielemans,Tielemans,Aston Villa,MID,1,48,90,0,0,1,0,0,0,0,0,0,0,0,5,4.0,1.1,0.0,0.5,3,2,2,7,1,0.00,0.01,0.01,1.43,3,False
Leon,Bailey,Bailey,Aston Villa,MID,1,49,0,0,0,0,0,0,0,0,0,0,0,0,0,0.0,0.0,0.0,0.0,0,0,0,0,0,0.00,0.00,0.00,0.00,0,False
Emiliano,Buendía Stati,Buendía,Aston Villa,MID,1,50,0,0,0,0,0,0,0,0,0,0,0,0,0,0.0,0.0,0.0,0.0,0,0,0,0,0,0.00,0.00,0.00,0.00,0,False
Samuel,Iling-Junior,Iling Jr,Aston Villa,MID,1,51,0,0,0,0,0,0,0,0,0,0,0,0,0,0.0,0.0,0.0,0.0,0,0,0,0,0,0.00,0.00,0.00,0.00,0,False
Jacob,Ramsey,J.Ramsey,Newcastle,MID,1,52,0,0,0,0,0,0,0,0,0,0,0,0,0,0.0,0.0,0.0,0.0,0,0,0,0,0,0.00,0.00,0.00,0.00,0,False
Donyell,Malen,Malen,Aston Villa,MID,1,53,6,0,0,0,0,0,0,0,0,0,0,0,4,3.0,0.0,17.0,2.0,0,0,0,0,0,0.03,0.00,0.03,0.10,1,False
John,McGinn,McGinn,Aston Villa,MID,1,54,83,0,0,1,0,0,0,0,0,0,0,0,10,5.0,19.3,6.0,3.0,0,7,0,7,1,0.00,0.09,0.09,1.33,3,False
Ross,Barkley,Barkley,Aston Villa,MID,1,55,0,0,0,0,0,0,0,0,0,0,0,0,0,0.0,0.0,0.0,0.0,0,0,0,0,0,0.00,0.00,0.00,0.00,0,False
Enzo,Barrenechea,Barrenechea,Aston Villa,MID,1,56,0,0,0,0,0,0,0,0,0,0,0,0,0,0.0,0.0,0.0,0.0,0,0,0,0,0,0.00,0.00,0.00,0.00,0,False
Lewis,Dobbin,Dobbin,Aston Villa,MID,1,57,0,0,0,0,0,0,0,0,0,0,0,0,0,0.0,0.0,0.0,0.0,0,0,0,0,0,0.00,0.00,0.00,0.00,0,False
Boubacar,Kamara,Kamara,Aston Villa,MID,1,58,90,0,0,1,0,0,0,0,1,0,0,0,13,13.8,2.2,17.0,3.3,3,6,2,11,1,0.05,0.03,0.08,1.43,2,False
Amadou,Onana,Onana,Aston Villa,MID,1,59,90,0,0,1,0,0,0,0,0,0,0,0,19,19.4,3.0,0.0,2.2,5,7,2,14,1,0.00,0.01,0.01,1.43,5,False
Ben,Broggio,Broggio,Aston Villa,MID,1,60,0,0,0,0,0,0,0,0,0,0,0,0,0,0.0,0.0,0.0,0.0,0,0,0,0,0,0.00,0.00,0.00,0.00,0,False
Leander,Dendoncker,Dendoncker,Aston Villa,MID,1,61,0,0,0,0,0,0,0,0,0,0,0,0,0,0.0,0.0,0.0,0.0,0,0,0,0,0,0.00,0.00,0.00,0.00,0,False
Jamaldeen,Jimoh-Aloba,Jimoh-Aloba,Aston Villa,MID,1,62,0,0,0,0,0,0,0,0,0,0,0,0,0,0.0,0.0,0.0,0.0,0,0,0,0,0,0.00,0.00,0.00,0.00,0,False
Kadan,Young,Young,Aston Villa,MID,1,63,0,0,0,0,0,0,0,0,0,0,0,0,0,0.0,0.0,0.0,0.0,0,0,0,0,0,0.00,0.00,0.00,0.00,0,False
Ollie,Watkins,Watkins,Aston Villa,FWD,1,64,90,0,0,1,0,0,0,0,0,0,0,0,12,10.6,12.2,27.0,5.0,2,3,0,5,1,0.12,0.01,0.13,1.43,2,False
Zépiqueno,Redmond,Redmond,Aston Villa,FWD,1,65,0,0,0,0,0,0,0,0,0,0,0,0,0,0.0,0.0,0.0,0.0,0,0,0,0,0,0.00,0.00,0.00,0.00,0,False
Norberto,Murara Neto,Neto,Bournemouth,GKP,1,66,0,0,0,0,0,0,0,0,0,0,0,0,0,0.0,0.0,0.0,0.0,0,0,0,0,0,0.00,0.00,0.00,0.00,0,False
Đorđe,Petrović,Petrović,Bournemouth,GKP,1,67,90,0,0,0,4,0,0,0,0,0,6,0,10,47.8,0.0,0.0,4.8,4,8,0,0,1,0.00,0.00,0.00,2.21,2,False
Will,Dennis,Dennis,Bournemouth,GKP,1,68,0,0,0,0,0,0,0,0,0,0,0,0,0,0.0,0.0,0.0,0.0,0,0,0,0,0,0.00,0.00,0.00,0.00,0,False
Callan,McKenna,McKenna,Bournemouth,GKP,1,69,0,0,0,0,0,0,0,0,0,0,0,0,0,0.0,0.0,0.0,0.0,0,0,0,0,0,0.00,0.00,0.00,0.00,0,False
Alex,Paulsen,Paulsen,Bournemouth,GKP,1,70,0,0,0,0,0,0,0,0,0,0,0,0,0,0.0,0.0,0.0,0.0,0,0,0,0,0,0.00,0.00,0.00,0.00,0,False
Illia,Zabarnyi,Zabarnyi,Bournemouth,DEF,1,71,0,0,0,0,0,0,0,0,0,0,0,0,0,0.0,0.0,0.0,0.0,0,0,0,0,0,0.00,0.00,0.00,0.00,0,False
Marcos,Senesi Barón,Senesi,Bournemouth,DEF,1,72,90,0,0,0,4,0,0,0,0,0,0,0,1,26.6,14.6,2.0,4.3,12,2,3,15,1,0.00,0.05,0.05,2.21,2,False
Adam,Smith,Smith,Bournemouth,DEF,1,73,89,0,0,0,3,0,0,0,0,0,0,0,2,12.2,10.5,4.0,2.7,8,2,1,9,1,0.00,0.08,0.08,2.10,1,False
Adrien,Truffert,Truffert,Bournemouth,DEF,1,74,90,0,0,0,4,0,0,0,0,0,0,0,-1,18.2,19.1,0.0,3.7,4,4,2,6,1,0.00,0.13,0.13,2.21,0,False
Matai,Akinmboni,Akinmboni,Bournemouth,DEF,1,75,0,0,0,0,0,0,0,0,0,0,0,0,0,0.0,0.0,0.0,0.0,0,0,0,0,0,0.00,0.00,0.00,0.00,0,False
Owen,Bevan,Bevan,Bournemouth,DEF,1,76,0,0,0,0,0,0,0,0,0,0,0,0,0,0.0,0.0,0.0,0.0,0,0,0,0,0,0.00,0.00,0.00,0.00,0,False
James,Hill,Hill,Bournemouth,DEF,1,77,1,0,0,0,1,0,0,0,0,0,0,0,0,3.0,0.1,0.0,0.3,2,0,0,2,0,0.00,0.00,0.00,0.11,1,False
Julián,Araujo Zúñiga,J.Araujo,Bournemouth,DEF,1,78,0,0,0,0,0,0,0,0,0,0,0,0,0,0.0,0.0,0.0,0.0,0,0,0,0,0,0.00,0.00,0.00,0.00,0,False
Chris,Mepham,Mepham,Bournemouth,DEF,1,79,0,0,0,0,0,0,0,0,0,0,0,0,0,0.0,0.0,0.0,0.0,0,0,0,0,0,0.00,0.00,0.00,0.00,0,False
Julio,Soler Barreto,Soler,Bournemouth,DEF,1,80,0,0,0,0,0,0,0,0,0,0,0,0,0,0.0,0.0,0.0,0.0,0,0,0,0,0,0.00,0.00,0.00,0.00,0,False
Justin,Kluivert,Kluivert,Bournemouth,MID,1,81,0,0,0,0,0,0,0,0,0,0,0,0,0,0.0,0.0,0.0,0.0,0,0,0,0,0,0.00,0.00,0.00,0.00,0,False
Antoine,Semenyo,Semenyo,Bournemouth,MID,1,82,90,2,0,0,4,0,0,0,0,0,0,3,42,66.4,1.3,32.0,10.0,1,3,1,5,1,0.91,0.02,0.93,2.21,15,True
Dango,Ouattara,O.Dango,Brentford,MID,1,83,0,0,0,0,0,0,0,0,0,0,0,0,0,0.0,0.0,0.0,0.0,0,0,0,0,0,0.00,0.00,0.00,0.00,0,False
Marcus,Tavernier,Tavernier,Bournemouth,MID,1,84,90,0,0,0,4,0,0,0,0,0,0,0,20,24.6,14.1,33.0,7.2,7,10,3,20,1,0.32,0.06,0.38,2.21,4,False
Tyler,Adams,Adams,Bournemouth,MID,1,85,90,0,0,0,3,0,0,0,0,0,0,0,11,21.6,1.7,4.0,2.7,8,6,5,19,1,0.00,0.10,0.10,2.10,4,False
David,Brooks,Brooks,Bournemouth,MID,1,86,83,0,1,0,2,0,0,0,1,0,0,0,23,27.2,40.3,18.0,8.6,0,5,2,7,1,0.19,0.19,0.38,1.90,4,False
Ryan,Christie,Christie,Bournemouth,MID,1,87,0,0,0,0,0,0,0,0,0,0,0,0,0,0.0,0.0,0.0,0.0,0,0,0,0,0,0.00,0.00,0.00,0.00,0,False
Lewis,Cook,Cook,Bournemouth,MID,1,88,0,0,0,0,0,0,0,0,0,0,0,0,0,0.0,0.0,0.0,0.0,0,0,0,0,0,0.00,0.00,0.00,0.00,0,False
Philip,Billing,Philip,Bournemouth,MID,1,89,0,0,0,0,0,0,0,0,0,0,0,0,0,0.0,0.0,0.0,0.0,0,0,0,0,0,0.00,0.00,0.00,0.00,0,False
Alex,Scott,Scott,Bournemouth,MID,1,90,73,0,0,0,2,0,0,0,0,0,0,0,7,2.0,2.1,2.0,0.6,1,2,0,3,1,0.00,0.00,0.00,1.81,2,False
Luis,Sinisterra Lucumí,Sinisterra,Bournemouth,MID,1,91,0,0,0,0,0,0,0,0,0,0,0,0,0,0.0,0.0,0.0,0.0,0,0,0,0,0,0.00,0.00,0.00,0.00,0,False
Romain,Faivre,Faivre,Bournemouth,MID,1,92,0,0,0,0,0,0,0,0,0,0,0,0,0,0.0,0.0,0.0,0.0,0,0,0,0,0,0.00,0.00,0.00,0.00,0,False
Hamed,Traorè,H.Traorè,Bournemouth,MID,1,93,16,0,1,0,2,0,0,0,0,0,0,0,12,21.2,10.0,0.0,3.1,1,2,1,4,0,0.00,0.00,0.00,0.40,4,False
Dominic,Sadi,Sadi,Bournemouth,MID,1,94,0,0,0,0,0,0,0,0,0,0,0,0,0,0.0,0.0,0.0,0.0,0,0,0,0,0,0.00,0.00,0.00,0.00,0,False
Zain,Silcott-Duberry,Silcott-Duberry,Bournemouth,MID,1,95,0,0,0,0,0,0,0,0,0,0,0,0,0,0.0,0.0,0.0,0.0,0,0,0,0,0,0.00,0.00,0.00,0.00,0,False
Ben,Winterburn,Winterburn,Bournemouth,MID,1,96,6,0,0,0,2,0,0,0,0,0,0,0,3,0.0,0.0,0.0,0.0,0,0,0,0,0,0.00,0.00,0.00,0.31,1,False
Francisco Evanilson,de Lima Barbosa,Evanilson,Bournemouth,FWD,1,97,90,0,0,0,4,0,0,0,1,0,0,0,-1,0.0,0.6,17.0,1.6,3,2,0,5,1,0.29,0.00,0.29,2.21,1,False
Enes,Ünal,Enes Ünal,Bournemouth,FWD,1,98,0,0,0,0,0,0,0,0,0,0,0,0,0,0.0,0.0,0.0,0.0,0,0,0,0,0,0.00,0.00,0.00,0.00,0,False
Daniel,Adu-Adjei,Adu-Adjei,Bournemouth,FWD,1,99,0,0,0,0,0,0,0,0,0,0,0,0,0,0.0,0.0,0.0,0.0,0,0,0,0,0,0.00,0.00,0.00,0.00,0,False
Eli Junior,Kroupi,Kroupi.Jr,Bournemouth,FWD,1,100,1,0,0,0,1,0,0,0,0,0,0,0,2,0.0,0.0,0.0,0.0,0,0,0,0,0,0.00,0.00,0.00,0.11,1,False
Caoimhín,Kelleher,Kelleher,Brentford,GKP,1,101,90,0,0,0,3,0,0,0,0,0,2,0,4,11.8,0.0,0.0,1.2,4,14,0,0,1,0.00,0.00,0.00,1.86,1,False
Ellery,Balcombe,Balcombe,Brentford,GKP,1,102,0,0,0,0,0,0,0,0,0,0,0,0,0,0.0,0.0,0.0,0.0,0,0,0,0,0,0.00,0.00,0.00,0.00,0,False
Matthew,Cox,Cox,Brentford,GKP,1,103,0,0,0,0,0,0,0,0,0,0,0,0,0,0.0,0.0,0.0,0.0,0,0,0,0,0,0.00,0.00,0.00,0.00,0,False
Julian,Eyestone,Eyestone,Brentford,GKP,1,104,0,0,0,0,0,0,0,0,0,0,0,0,0,0.0,0.0,0.0,0.0,0,0,0,0,0,0.00,0.00,0.00,0.00,0,False
Hákon Rafn,Valdimarsson,Valdimarsson,Brentford,GKP,1,105,0,0,0,0,0,0,0,0,0,0,0,0,0,0.0,0.0,0.0,0.0,0,0,0,0,0,0.00,0.00,0.00,0.00,0,False
Nathan,Collins,Collins,Brentford,DEF,1,106,90,0,0,0,3,0,0,0,1,0,0,0,0,9.8,0.2,5.0,1.5,5,5,0,5,1,0.02,0.00,0.02,1.86,0,False
Keane,Lewis-Potter,Lewis-Potter,Brentford,DEF,1,107,68,0,0,0,3,0,0,0,0,0,0,0,-8,5.4,4.5,7.0,1.7,3,2,2,5,1,0.12,0.00,0.12,1.86,1,False
Kristoffer,Ajer,Ajer,Brentford,DEF,1,108,0,0,0,0,0,0,0,0,0,0,0,0,0,0.0,0.0,0.0,0.0,0,0,0,0,0,0.00,0.00,0.00,0.00,0,False
Rico,Henry,Henry,Brentford,DEF,1,109,87,0,0,0,3,0,0,0,0,0,0,0,1,8.6,11.5,6.0,2.6,2,2,1,3,1,0.00,0.04,0.04,1.86,1,False
Michael,Kayode,Kayode,Brentford,DEF,1,110,90,0,0,0,3,0,0,0,0,0,0,0,3,17.8,20.5,0.0,3.8,4,2,2,6,1,0.00,0.08,0.08,1.86,1,False
Ethan,Pinnock,Pinnock,Brentford,DEF,1,111,0,0,0,0,0,0,0,0,0,0,0,0,0,0.0,0.0,0.0,0.0,0,0,0,0,0,0.00,0.00,0.00,0.00,0,False
Mads,Roerslev Rasmussen,Roerslev,Brentford,DEF,1,112,0,0,0,0,0,0,0,0,0,0,0,0,0,0.0,0.0,0.0,0.0,0,0,0,0,0,0.00,0.00,0.00,0.00,0,False
Sepp,van den Berg,Van den Berg,Brentford,DEF,1,113,90,0,0,0,3,0,0,0,0,0,0,0,6,34.4,0.6,24.0,5.9,12,4,2,14,1,0.21,0.00,0.21,1.86,3,False
Benjamin,Arthur,Arthur,Brentford,DEF,1,114,0,0,0,0,0,0,0,0,0,0,0,0,0,0.0,0.0,0.0,0.0,0,0,0,0,0,0.00,0.00,0.00,0.00,0,False
Benjamin,Fredrick,Fredrick,Brentford,DEF,1,115,0,0,0,0,0,0,0,0,0,0,0,0,0,0.0,0.0,0.0,0.0,0,0,0,0,0,0.00,0.00,0.00,0.00,0,False
Aaron,Hickey,Hickey,Brentford,DEF,1,116,2,0,0,0,0,0,0,0,1,0,0,0,1,2.0,0.0,0.0,0.2,1,0,1,2,0,0.00,0.00,0.00,0.00,0,False
Kim,Ji-soo,Ji-soo,Brentford,DEF,1,117,0,0,0,0,0,0,0,0,0,0,0,0,0,0.0,0.0,0.0,0.0,0,0,0,0,0,0.00,0.00,0.00,0.00,0,False
Jayden,Meghoma,Meghoma,Brentford,DEF,1,118,0,0,0,0,0,0,0,0,0,0,0,0,0,0.0,0.0,0.0,0.0,0,0,0,0,0,0.00,0.00,0.00,0.00,0,False
Bryan,Mbeumo,Mbeumo,Man Utd,MID,1,119,90,0,0,0,1,0,0,0,0,0,0,0,17,10.6,21.4,49.0,8.1,1,5,0,6,1,0.42,0.05,0.47,1.31,2,False
Kevin,Schade,Schade,Brentford,MID,1,120,45,0,0,0,0,0,0,0,0,0,0,0,1,4.6,0.9,6.0,1.2,2,3,2,7,0,0.00,0.04,0.04,0.37,1,False
Mikkel,Damsgaard,Damsgaard,Brentford,MID,1,121,0,0,0,0,0,0,0,0,0,0,0,0,0,0.0,0.0,0.0,0.0,0,0,0,0,0,0.00,0.00,0.00,0.00,0,False
Antoni,Milambo,Milambo,Brentford,MID,1,122,45,0,0,0,3,0,0,0,0,0,0,0,5,4.0,1.8,0.0,0.6,0,2,2,4,1,0.00,0.01,0.01,1.49,1,False
Fábio,Freitas Gouveia Carvalho,Carvalho,Brentford,MID,1,123,90,0,0,0,3,0,0,0,0,0,0,0,7,5.4,5.0,3.0,1.3,0,4,3,7,1,0.03,0.03,0.06,1.86,2,False
Jordan,Henderson,Henderson,Brentford,MID,1,124,21,0,0,0,0,0,0,0,0,0,0,0,2,0.0,1.1,0.0,0.1,0,3,0,3,0,0.00,0.00,0.00,0.00,1,False
Vitaly,Janelt,Janelt,Brentford,MID,1,125,0,0,0,0,0,0,0,0,0,0,0,0,0,0.0,0.0,0.0,0.0,0,0,0,0,0,0.00,0.00,0.00,0.00,0,False
Mathias,Jensen,Jensen,Brentford,MID,1,126,68,0,0,0,3,0,0,0,0,0,0,0,10,9.0,25.4,8.0,4.2,2,1,2,5,1,0.13,0.03,0.16,1.86,2,False
Gustavo,Nunes Fernandes Gomes,Nunes,Brentford,MID,1,127,0,0,0,0,0,0,0,0,0,0,0,0,0,0.0,0.0,0.0,0.0,0,0,0,0,0,0.00,0.00,0.00,0.00,0,False
Frank,Onyeka,Onyeka,Brentford,MID,1,128,21,0,1,0,0,0,0,0,0,0,0,0,9,0.0,0.1,2.0,0.1,0,1,0,1,0,0.00,0.00,0.00,0.00,4,False
Yehor,Yarmoliuk,Yarmoliuk,Brentford,MID,1,129,90,0,0,0,3,0,0,0,0,0,0,0,10,3.6,10.8,7.0,2.1,0,9,0,9,1,0.08,0.01,0.09,1.86,2,False
Romelle,Donovan,Donovan,Brentford,MID,1,130,0,0,0,0,0,0,0,0,0,0,0,0,0,0.0,0.0,0.0,0.0,0,0,0,0,0,0.00,0.00,0.00,0.00,0,False
Yunus Emre,Konak,Konak,Brentford,MID,1,131,0,0,0,0,0,0,0,0,0,0,0,0,0,0.0,0.0,0.0,0.0,0,0,0,0,0,0.00,0.00,0.00,0.00,0,False
Paris,Maghoma,Maghoma,Brentford,MID,1,132,0,0,0,0,0,0,0,0,0,0,0,0,0,0.0,0.0,0.0,0.0,0,0,0,0,0,0.00,0.00,0.00,0.00,0,False
Myles,Peart-Harris,Peart-Harris,Brentford,MID,1,133,0,0,0,0,0,0,0,0,0,0,0,0,0,0.0,0.0,0.0,0.0,0,0,0,0,0,0.00,0.00,0.00,0.00,0,False
Ryan,Trevitt,Trevitt,Brentford,MID,1,134,0,0,0,0,0,0,0,0,0,0,0,0,0,0.0,0.0,0.0,0.0,0,0,0,0,0,0.00,0.00,0.00,0.00,0,False
Yoane,Wissa,Wissa,Newcastle,FWD,1,135,0,0,0,0,0,0,0,0,0,0,0,0,0,0.0,0.0,0.0,0.0,0,0,0,0,0,0.00,0.00,0.00,0.00,0,False
Igor Thiago,Nascimento Rodrigues,Thiago,Brentford,FWD,1,136,90,1,0,0,3,0,0,0,0,0,0,0,17,36.4,10.7,22.0,6.9,1,0,1,2,1,0.91,0.01,0.92,1.86,6,False
Iwan,Morgan,Morgan,Brentford,FWD,1,137,0,0,0,0,0,0,0,0,0,0,0,0,0,0.0,0.0,0.0,0.0,0,0,0,0,0,0.00,0.00,0.00,0.00,0,False
Jason,Steele,Steele,Brighton,GKP,1,138,0,0,0,0,0,0,0,0,0,0,0,0,0,0.0,0.0,0.0,0.0,0,0,0,0,0,0.00,0.00,0.00,0.00,0,False
Bart,Verbruggen,Verbruggen,Brighton,GKP,1,139,90,0,0,0,1,0,0,0,0,0,1,0,9,14.4,0.0,0.0,1.4,1,6,0,0,1,0.00,0.00,0.00,0.76,2,False
Tom,McGill,McGill,Brighton,GKP,1,140,0,0,0,0,0,0,0,0,0,0,0,0,0,0.0,0.0,0.0,0.0,0,0,0,0,0,0.00,0.00,0.00,0.00,0,False
Carl,Rushworth,Rushworth,Brighton,GKP,1,141,0,0,0,0,0,0,0,0,0,0,0,0,0,0.0,0.0,0.0,0.0,0,0,0,0,0,0.00,0.00,0.00,0.00,0,False
Kjell,Scherpen,Scherpen,Brighton,GKP,1,142,0,0,0,0,0,0,0,0,0,0,0,0,0,0.0,0.0,0.0,0.0,0,0,0,0,0,0.00,0.00,0.00,0.00,0,False
Olivier,Boscagli,Boscagli,Brighton,DEF,1,143,0,0,0,0,0,0,0,0,0,0,0,0,0,0.0,0.0,0.0,0.0,0,0,0,0,0,0.00,0.00,0.00,0.00,0,False
Diego,Coppola,Coppola,Brighton,DEF,1,144,0,0,0,0,0,0,0,0,0,0,0,0,0,0.0,0.0,0.0,0.0,0,0,0,0,0,0.00,0.00,0.00,0.00,0,False
Maxim,De Cuyper,De Cuyper,Brighton,DEF,1,145,90,0,0,0,1,0,0,0,0,0,0,0,8,15.0,26.7,4.0,4.6,4,3,2,6,1,0.00,0.09,0.09,0.76,2,False
Lewis,Dunk,Dunk,Brighton,DEF,1,146,90,0,0,0,1,0,0,0,0,0,0,0,16,16.6,1.8,7.0,2.5,7,5,1,8,1,0.09,0.00,0.09,0.76,2,False
Pervis,Estupiñán Tenorio,Estupiñan,Brighton,DEF,1,147,0,0,0,0,0,0,0,0,0,0,0,0,0,0.0,0.0,0.0,0.0,0,0,0,0,0,0.00,0.00,0.00,0.00,0,False
Ferdi,Kadıoğlu,F.Kadıoğlu,Brighton,DEF,1,148,21,0,0,0,1,0,0,0,1,0,0,0,-5,0.0,1.3,0.0,0.1,1,0,0,1,0,0.00,0.00,0.00,0.24,0,False
Igor Julio,dos Santos de Paulo,Igor,West Ham,DEF,1,149,0,0,0,0,0,0,0,0,0,0,0,0,0,0.0,0.0,0.0,0.0,0,0,0,0,0,0.00,0.00,0.00,0.00,0,False
Tariq,Lamptey,Lamptey,Brighton,DEF,1,150,0,0,0,0,0,0,0,0,0,0,0,0,0,0.0,0.0,0.0,0.0,0,0,0,0,0,0.00,0.00,0.00,0.00,0,False
Jan Paul,van Hecke,Van Hecke,Brighton,DEF,1,151,90,0,0,0,1,0,0,0,0,0,0,0,15,28.0,1.3,0.0,2.9,7,4,1,8,1,0.00,0.13,0.13,0.76,2,False
Joël,Veltman,Veltman,Brighton,DEF,1,152,0,0,0,0,0,0,0,0,0,0,0,0,0,0.0,0.0,0.0,0.0,0,0,0,0,0,0.00,0.00,0.00,0.00,0,False
Adam,Webster,Webster,Brighton,DEF,1,153,0,0,0,0,0,0,0,0,0,0,0,0,0,0.0,0.0,0.0,0.0,0,0,0,0,0,0.00,0.00,0.00,0.00,0,False
Eiran,Cashin,Cashin,Brighton,DEF,1,154,0,0,0,0,0,0,0,0,0,0,0,0,0,0.0,0.0,0.0,0.0,0,0,0,0,0,0.00,0.00,0.00,0.00,0,False
Jacob,Slater,Slater,Brighton,DEF,1,155,0,0,0,0,0,0,0,0,0,0,0,0,0,0.0,0.0,0.0,0.0,0,0,0,0,0,0.00,0.00,0.00,0.00,0,False
Charlie,Tasker,Tasker,Brighton,DEF,1,156,0,0,0,0,0,0,0,0,0,0,0,0,0,0.0,0.0,0.0,0.0,0,0,0,0,0,0.00,0.00,0.00,0.00,0,False
Mitoma,Kaoru,Mitoma,Brighton,MID,1,157,82,0,0,1,0,0,0,0,1,0,0,0,-2,0.0,2.4,8.0,0.6,0,0,0,0,1,0.07,0.04,0.11,0.52,2,False
Georginio,Rutter,Georginio,Brighton,MID,1,158,68,0,1,1,0,0,0,0,0,0,0,0,15,2.2,1.2,15.0,1.8,0,1,1,2,1,0.07,0.00,0.07,0.52,6,False
Solly,March,March,Brighton,MID,1,159,0,0,0,0,0,0,0,0,0,0,0,0,0,0.0,0.0,0.0,0.0,0,0,0,0,0,0.00,0.00,0.00,0.00,0,False
Yankuba,Minteh,Minteh,Brighton,MID,1,160,68,0,0,1,0,0,0,0,0,0,0,0,7,0.4,2.9,12.0,1.5,1,3,0,4,1,0.09,0.02,0.11,0.52,3,False
Julio,Enciso Espínola,Enciso,Brighton,MID,1,161,0,0,0,0,0,0,0,0,0,0,0,0,0,0.0,0.0,0.0,0.0,0,0,0,0,0,0.00,0.00,0.00,0.00,0,False
Brajan,Gruda,Gruda,Brighton,MID,1,162,7,0,0,0,1,0,0,0,0,0,0,0,-2,0.2,0.3,4.0,0.5,0,1,1,2,0,0.31,0.00,0.31,0.24,1,False
Jack,Hinshelwood,Hinshelwood,Brighton,MID,1,163,0,0,0,0,0,0,0,0,0,0,0,0,0,0.0,0.0,0.0,0.0,0,0,0,0,0,0.00,0.00,0.00,0.00,0,False
Matt,O'Riley,O'Riley,Brighton,MID,1,164,87,1,0,1,0,0,0,0,0,0,0,2,24,45.8,44.3,25.0,11.5,0,0,3,3,1,0.79,0.14,0.93,0.52,10,True
Abdallah,Sima,Sima,Brighton,MID,1,165,0,0,0,0,0,0,0,0,0,0,0,0,0,0.0,0.0,0.0,0.0,0,0,0,0,0,0.00,0.00,0.00,0.00,0,False
Yasin,Ayari,Ayari,Brighton,MID,1,166,90,0,0,0,1,0,0,0,0,0,0,1,20,7.2,3.2,2.0,1.2,3,6,1,10,1,0.00,0.12,0.12,0.76,3,False
Carlos,Baleba,Baleba,Brighton,MID,1,167,68,0,0,1,0,0,0,0,0,0,0,0,10,4.0,11.9,1.0,1.7,4,6,1,11,1,0.02,0.01,0.03,0.52,3,False
Facundo,Buonanotte,Buonanotte,Chelsea,MID,1,168,0,0,0,0,0,0,0,0,0,0,0,0,0,0.0,0.0,0.0,0.0,0,0,0,0,0,0.00,0.00,0.00,0.00,0,False
Diego,Gómez Amarilla,Gomez,Brighton,MID,1,169,21,0,0,0,1,0,0,0,1,0,0,0,7,7.6,11.3,7.0,2.6,1,2,2,5,0,0.03,0.03,0.06,0.24,0,False
James,Milner,Milner,Brighton,MID,1,170,2,0,0,0,1,0,0,0,0,0,0,0,3,0.0,0.1,0.0,0.0,0,0,0,0,0,0.00,0.00,0.00,0.24,1,False
Jeremy,Sarmiento Morante,Sarmiento,Brighton,MID,1,171,0,0,0,0,0,0,0,0,0,0,0,0,0,0.0,0.0,0.0,0.0,0,0,0,0,0,0.00,0.00,0.00,0.00,0,False
Tom,Watson,Watson,Brighton,MID,1,172,0,0,0,0,0,0,0,0,0,0,0,0,0,0.0,0.0,0.0,0.0,0,0,0,0,0,0.00,0.00,0.00,0.00,0,False
Mats,Wieffer,Wieffer,Brighton,MID,1,173,90,0,0,0,1,0,0,0,0,0,0,0,17,24.8,2.8,21.0,4.9,8,5,5,18,1,0.02,0.02,0.04,0.76,4,False
Malick,Yalcouyé,Yalcouye,Brighton,MID,1,174,0,0,0,0,0,0,0,0,0,0,0,0,0,0.0,0.0,0.0,0.0,0,0,0,0,0,0.00,0.00,0.00,0.00,0,False
Joe,Knight,Knight,Brighton,MID,1,175,0,0,0,0,0,0,0,0,0,0,0,0,0,0.0,0.0,0.0,0.0,0,0,0,0,0,0.00,0.00,0.00,0.00,0,False
Adrian,Mazilu,Mazilu,Brighton,MID,1,176,0,0,0,0,0,0,0,0,0,0,0,0,0,0.0,0.0,0.0,0.0,0,0,0,0,0,0.00,0.00,0.00,0.00,0,False
Andrew,Moran,Moran,Brighton,MID,1,177,0,0,0,0,0,0,0,0,0,0,0,0,0,0.0,0.0,0.0,0.0,0,0,0,0,0,0.00,0.00,0.00,0.00,0,False
Danny,Welbeck,Welbeck,Brighton,FWD,1,178,21,0,0,0,1,0,0,0,0,0,0,0,3,2.2,0.6,2.0,0.5,0,0,1,1,0,0.00,0.00,0.00,0.24,1,False
Evan,Ferguson,Ferguson,Brighton,FWD,1,179,0,0,0,0,0,0,0,0,0,0,0,0,0,0.0,0.0,0.0,0.0,0,0,0,0,0,0.00,0.00,0.00,0.00,0,False
Stefanos,Tzimas,Tzimas,Brighton,FWD,1,180,0,0,0,0,0,0,0,0,0,0,0,0,0,0.0,0.0,0.0,0.0,0,0,0,0,0,0.00,0.00,0.00,0.00,0,False
Charalampos,Kostoulas,Kostoulas,Brighton,FWD,1,181,0,0,0,0,0,0,0,0,0,0,0,0,0,0.0,0.0,0.0,0.0,0,0,0,0,0,0.00,0.00,0.00,0.00,0,False
James,Trafford,Trafford,Man City,GKP,1,182,90,0,0,1,0,0,0,0,0,0,3,0,31,28.8,0.0,0.0,2.9,2,10,0,0,1,0.00,0.00,0.00,0.56,7,False
Max,Weiß,Weiss,Burnley,GKP,1,183,0,0,0,0,0,0,0,0,0,0,0,0,0,0.0,0.0,0.0,0.0,0,0,0,0,0,0.00,0.00,0.00,0.00,0,False
Etienne,Green,Green,Burnley,GKP,1,184,0,0,0,0,0,0,0,0,0,0,0,0,0,0.0,0.0,0.0,0.0,0,0,0,0,0,0.00,0.00,0.00,0.00,0,False
Václav,Hladký,Hladký,Burnley,GKP,1,185,0,0,0,0,0,0,0,0,0,0,0,0,0,0.0,0.0,0.0,0.0,0,0,0,0,0,0.00,0.00,0.00,0.00,0,False
Connor,Roberts,Roberts,Burnley,DEF,1,186,0,0,0,0,0,0,0,0,0,0,0,0,0,0.0,0.0,0.0,0.0,0,0,0,0,0,0.00,0.00,0.00,0.00,0,False
Kyle,Walker,Walker,Burnley,DEF,1,187,90,0,0,0,3,0,0,0,0,0,0,0,-3,8.2,0.9,1.0,1.0,5,4,0,5,1,0.01,0.02,0.03,2.32,1,False
Hannes,Delcroix,Delcroix,Burnley,DEF,1,188,0,0,0,0,0,0,0,0,0,0,0,0,0,0.0,0.0,0.0,0.0,0,0,0,0,0,0.00,0.00,0.00,0.00,0,False
Owen,Dodgson,Dodgson,Burnley,DEF,1,189,0,0,0,0,0,0,0,0,0,0,0,0,0,0.0,0.0,0.0,0.0,0,0,0,0,0,0.00,0.00,0.00,0.00,0,False
Hjalmar,Ekdal,Ekdal,Burnley,DEF,1,190,90,0,0,0,3,0,0,0,0,0,0,0,-5,9.8,0.5,8.0,1.8,5,1,0,5,1,0.00,0.00,0.00,2.32,1,False
Maxime,Estève,Estève,Burnley,DEF,1,191,90,0,0,0,3,0,0,0,0,0,0,0,0,19.4,0.5,17.0,3.7,8,2,0,8,1,0.05,0.00,0.05,2.32,1,False
Quilindschy,Hartman,Hartman,Burnley,DEF,1,192,90,0,0,0,3,0,0,0,0,0,0,0,-2,13.4,11.7,2.0,2.7,5,2,1,6,1,0.00,0.04,0.04,2.32,1,False
Bashir,Humphreys,Humphreys,Burnley,DEF,1,193,0,0,0,0,0,0,0,0,0,0,0,0,0,0.0,0.0,0.0,0.0,0,0,0,0,0,0.00,0.00,0.00,0.00,0,False
Jordan,Beyer,Jordan,Burnley,DEF,1,194,0,0,0,0,0,0,0,0,0,0,0,0,0,0.0,0.0,0.0,0.0,0,0,0,0,0,0.00,0.00,0.00,0.00,0,False
Lucas,Pires Silva,Lucas Pires,Burnley,DEF,1,195,0,0,0,0,0,0,0,0,0,0,0,0,0,0.0,0.0,0.0,0.0,0,0,0,0,0,0.00,0.00,0.00,0.00,0,False
Shurandy,Sambo,Sambo,Burnley,DEF,1,196,0,0,0,0,0,0,0,0,0,0,0,0,0,0.0,0.0,0.0,0.0,0,0,0,0,0,0.00,0.00,0.00,0.00,0,False
Oliver,Sonne,Sonne,Burnley,DEF,1,197,73,0,0,0,3,0,0,0,0,0,0,0,-4,4.6,15.9,6.0,2.7,0,1,0,0,1,0.03,0.08,0.11,2.09,1,False
Axel,Tuanzebe,Tuanzebe,Burnley,DEF,1,198,0,0,0,0,0,0,0,0,0,0,0,0,0,0.0,0.0,0.0,0.0,0,0,0,0,0,0.00,0.00,0.00,0.00,0,False
Joe,Worrall,Worrall,Burnley,DEF,1,199,0,0,0,0,0,0,0,0,0,0,0,0,0,0.0,0.0,0.0,0.0,0,0,0,0,0,0.00,0.00,0.00,0.00,0,False
Jaidon,Anthony,Anthony,Burnley,MID,1,200,84,0,0,0,3,0,0,0,0,0,0,0,9,7.0,26.2,32.0,6.5,0,4,0,4,1,0.44,0.36,0.80,2.32,2,False
Manuel,Benson Hedilazio,Benson,Burnley,MID,1,201,0,0,0,0,0,0,0,0,0,0,0,0,0,0.0,0.0,0.0,0.0,0,0,0,0,0,0.00,0.00,0.00,0.00,0,False
Jacob,Bruun Larsen,Bruun Larsen,Burnley,MID,1,202,27,0,0,0,1,0,0,0,0,0,0,0,2,3.6,0.7,8.0,1.2,1,1,0,2,0,0.00,0.01,0.01,0.91,1,False
Enock,Agyei,Boateng,Burnley,MID,1,203,0,0,0,0,0,0,0,0,0,0,0,0,0,0.0,0.0,0.0,0.0,0,0,0,0,0,0.00,0.00,0.00,0.00,0,False
Darko,Churlinov,Churlinov,Burnley,MID,1,204,0,0,0,0,0,0,0,0,0,0,0,0,0,0.0,0.0,0.0,0.0,0,0,0,0,0,0.00,0.00,0.00,0.00,0,False
Josh,Cullen,Cullen,Burnley,MID,1,205,90,0,0,0,3,0,0,0,0,0,0,0,21,23.8,59.4,0.0,8.3,5,4,3,12,1,0.00,0.28,0.28,2.32,4,False
Marcus,Edwards,Edwards,Burnley,MID,1,206,5,0,0,0,0,0,0,0,0,0,0,0,3,0.0,0.0,0.0,0.0,0,0,0,0,0,0.00,0.00,0.00,0.00,1,False
Hannibal,Mejbri,Hannibal,Burnley,MID,1,207,62,0,0,0,2,0,0,0,0,0,0,0,8,0.0,1.7,5.0,0.6,0,1,0,1,1,0.03,0.01,0.04,1.41,2,False
Luca,Koleosho,Koleosho,Burnley,MID,1,208,0,0,0,0,0,0,0,0,0,0,0,0,0,0.0,0.0,0.0,0.0,0,0,0,0,0,0.00,0.00,0.00,0.00,0,False
Josh,Laurent,Laurent,Burnley,MID,1,209,62,0,0,0,2,0,0,0,0,0,0,0,11,10.6,11.2,20.0,4.2,2,3,1,6,1,0.11,0.13,0.24,1.41,2,False
Loum,Tchaouna,Tchaouna,Burnley,MID,1,210,16,0,0,0,0,0,0,0,0,0,0,0,4,3.2,0.8,0.0,0.4,0,1,1,2,0,0.00,0.01,0.01,0.23,1,False
Aaron,Ramsey,A.Ramsey,Burnley,MID,1,211,0,0,0,0,0,0,0,0,0,0,0,0,0,0.0,0.0,0.0,0.0,0,0,0,0,0,0.00,0.00,0.00,0.00,0,False
Oluwaseun,Adewumi,Adewumi,Burnley,MID,1,212,0,0,0,0,0,0,0,0,0,0,0,0,0,0.0,0.0,0.0,0.0,0,0,0,0,0,0.00,0.00,0.00,0.00,0,False
Jaydon,Banel,Banel,Burnley,MID,1,213,0,0,0,0,0,0,0,0,0,0,0,0,0,0.0,0.0,0.0,0.0,0,0,0,0,0,0.00,0.00,0.00,0.00,0,False
Mike,Trésor Ndayishimiye,Trésor,Burnley,MID,1,214,0,0,0,0,0,0,0,0,0,0,0,0,0,0.0,0.0,0.0,0.0,0,0,0,0,0,0.00,0.00,0.00,0.00,0,False
Zian,Flemming,Flemming,Burnley,FWD,1,215,16,0,0,0,0,0,0,0,0,0,0,0,3,0.0,0.0,0.0,0.0,0,0,0,0,0,0.00,0.00,0.00,0.23,1,False
Zeki,Amdouni,Amdouni,Burnley,FWD,1,216,0,0,0,0,0,0,0,0,0,0,0,0,0,0.0,0.0,0.0,0.0,0,0,0,0,0,0.00,0.00,0.00,0.00,0,False
Lyle,Foster,Foster,Burnley,FWD,1,217,73,0,0,0,3,0,0,0,0,0,0,0,6,4.8,22.7,10.0,3.8,2,1,0,3,1,0.22,0.04,0.26,2.09,2,False
Ashley,Barnes,Barnes,Burnley,FWD,1,218,0,0,0,0,0,0,0,0,0,0,0,0,0,0.0,0.0,0.0,0.0,0,0,0,0,0,0.00,0.00,0.00,0.00,0,False
Michael,Obafemi,Obafemi,Burnley,FWD,1,219,0,0,0,0,0,0,0,0,0,0,0,0,0,0.0,0.0,0.0,0.0,0,0,0,0,0,0.00,0.00,0.00,0.00,0,False
Robert,Lynch Sánchez,Sánchez,Chelsea,GKP,1,220,90,0,0,1,0,0,0,0,0,0,4,1,31,24.4,0.0,0.0,2.4,1,8,0,0,1,0.00,0.00,0.00,0.66,8,False
Filip,Jörgensen,Jörgensen,Chelsea,GKP,1,221,0,0,0,0,0,0,0,0,0,0,0,0,0,0.0,0.0,0.0,0.0,0,0,0,0,0,0.00,0.00,0.00,0.00,0,False
Mike,Penders,Penders,Chelsea,GKP,1,222,0,0,0,0,0,0,0,0,0,0,0,0,0,0.0,0.0,0.0,0.0,0,0,0,0,0,0.00,0.00,0.00,0.00,0,False
Gabriel,Słonina,Slonina,Chelsea,GKP,1,223,0,0,0,0,0,0,0,0,0,0,0,0,0,0.0,0.0,0.0,0.0,0,0,0,0,0,0.00,0.00,0.00,0.00,0,False
Marc,Cucurella Saseta,Cucurella,Chelsea,DEF,1,224,90,0,0,1,0,0,0,0,0,0,0,2,34,11.6,15.8,13.0,4.0,2,4,2,4,1,0.11,0.10,0.21,0.66,8,False
Reece,James,James,Chelsea,DEF,1,225,78,0,0,1,0,0,0,0,1,0,0,0,29,17.0,46.6,0.0,6.4,6,6,1,7,1,0.00,0.19,0.19,0.61,5,False
Trevoh,Chalobah,Chalobah,Chelsea,DEF,1,226,90,0,0,1,0,0,0,0,0,0,0,0,25,21.4,4.9,4.0,3.0,9,3,0,9,1,0.09,0.03,0.12,0.66,6,False
Levi,Samuels Colwill,Colwill,Chelsea,DEF,1,227,0,0,0,0,0,0,0,0,0,0,0,0,0,0.0,0.0,0.0,0.0,0,0,0,0,0,0.00,0.00,0.00,0.00,0,False
Malo,Gusto,Gusto,Chelsea,DEF,1,228,11,0,0,0,0,0,0,0,0,0,0,0,2,0.0,1.3,1.0,0.2,0,0,0,0,0,0.02,0.00,0.02,0.05,1,False
Benoît,Badiashile Mukinayi,B.Badiashile,Chelsea,DEF,1,229,0,0,0,0,0,0,0,0,0,0,0,0,0,0.0,0.0,0.0,0.0,0,0,0,0,0,0.00,0.00,0.00,0.00,0,False
Wesley,Fofana,Fofana,Chelsea,DEF,1,230,0,0,0,0,0,0,0,0,0,0,0,0,0,0.0,0.0,0.0,0.0,0,0,0,0,0,0.00,0.00,0.00,0.00,0,False
Mamadou,Sarr,M.Sarr,Chelsea,DEF,1,231,0,0,0,0,0,0,0,0,0,0,0,0,0,0.0,0.0,0.0,0.0,0,0,0,0,0,0.00,0.00,0.00,0.00,0,False
Tosin,Adarabioyo,Tosin,Chelsea,DEF,1,232,0,0,0,0,0,0,0,0,0,0,0,0,0,0.0,0.0,0.0,0.0,0,0,0,0,0,0.00,0.00,0.00,0.00,0,False
Josh,Acheampong,Acheampong,Chelsea,DEF,1,233,90,0,0,1,0,0,0,0,0,0,0,3,35,16.2,2.3,10.0,2.9,6,4,2,8,1,0.09,0.01,0.10,0.66,9,False
Aarón,Anselmino,Anselmino,Chelsea,DEF,1,234,0,0,0,0,0,0,0,0,0,0,0,0,0,0.0,0.0,0.0,0.0,0,0,0,0,0,0.00,0.00,0.00,0.00,0,False
Cole,Palmer,Palmer,Chelsea,MID,1,235,90,0,0,1,0,0,0,0,0,0,0,0,10,4.8,16.9,23.0,4.5,0,4,1,5,1,0.17,0.03,0.20,0.66,3,False
Pedro,Lomba Neto,Neto,Chelsea,MID,1,236,90,0,0,1,0,0,0,0,0,0,0,0,18,13.8,37.7,10.0,6.2,1,4,1,6,1,0.03,0.36,0.39,0.66,3,False
Enzo,Fernández,Enzo,Chelsea,MID,1,237,78,0,0,1,0,0,0,0,0,0,0,0,11,3.6,16.5,2.0,2.2,0,0,0,0,1,0.00,0.10,0.10,0.61,3,False
Estêvão,Almeida de Oliveira Gonçalves,Estêvão,Chelsea,MID,1,238,36,0,0,0,0,0,0,0,1,0,0,0,-3,1.2,4.9,8.0,1.4,1,2,0,3,0,0.34,0.37,0.71,0.07,0,False
Jamie,Bynoe-Gittens,Gittens,Chelsea,MID,1,239,53,0,0,0,0,0,0,0,0,0,0,0,2,7.2,22.8,8.0,3.8,1,1,1,3,1,0.07,0.07,0.14,0.59,1,False
Christopher,Nkunku,Nkunku,Chelsea,MID,1,240,0,0,0,0,0,0,0,0,0,0,0,0,0,0.0,0.0,0.0,0.0,0,0,0,0,0,0.00,0.00,0.00,0.00,0,False
Moisés,Caicedo Corozo,Caicedo,Chelsea,MID,1,241,90,0,0,1,0,0,0,0,0,0,0,0,18,31.2,3.9,2.0,3.7,6,1,5,12,1,0.04,0.04,0.08,0.66,5,False
Kiernan,Dewsbury-Hall,Dewsbury-Hall,Everton,MID,1,242,90,0,0,0,1,0,0,0,0,0,0,0,15,12.6,27.4,2.0,4.2,2,2,2,6,1,0.00,0.24,0.24,2.07,2,False
Tyrique,George,George,Chelsea,MID,1,243,0,0,0,0,0,0,0,0,0,0,0,0,0,0.0,0.0,0.0,0.0,0,0,0,0,0,0.00,0.00,0.00,0.00,0,False
Roméo,Lavia,Lavia,Chelsea,MID,1,244,0,0,0,0,0,0,0,0,0,0,0,0,0,0.0,0.0,0.0,0.0,0,0,0,0,0,0.00,0.00,0.00,0.00,0,False
Mykhailo,Mudryk,Mudryk,Chelsea,MID,1,245,0,0,0,0,0,0,0,0,0,0,0,0,0,0.0,0.0,0.0,0.0,0,0,0,0,0,0.00,0.00,0.00,0.00,0,False
Andrey,Nascimento dos Santos,Andrey Santos,Chelsea,MID,1,246,11,0,0,0,0,0,0,0,0,0,0,0,1,0.4,0.3,21.0,2.2,0,0,0,0,0,0.31,0.00,0.31,0.05,1,False
Dário,Luís Essugo,D.Essugo,Chelsea,MID,1,247,0,0,0,0,0,0,0,0,0,0,0,0,0,0.0,0.0,0.0,0.0,0,0,0,0,0,0.00,0.00,0.00,0.00,0,False
Kendry,Páez Andrade,Paez,Chelsea,MID,1,248,0,0,0,0,0,0,0,0,0,0,0,0,0,0.0,0.0,0.0,0.0,0,0,0,0,0,0.00,0.00,0.00,0.00,0,False
João Pedro,Junqueira de Jesus,João Pedro,Chelsea,FWD,1,249,72,0,0,1,0,0,0,0,0,0,0,0,3,0.0,5.1,16.0,1.9,0,1,0,1,1,0.28,0.02,0.30,0.60,2,False
Liam,Delap,Delap,Chelsea,FWD,1,250,17,0,0,0,0,0,0,0,0,0,0,0,4,5.4,1.3,19.0,2.6,1,1,0,2,0,0.05,0.01,0.06,0.05,1,False
Nicolas,Jackson,N.Jackson,Chelsea,FWD,1,251,0,0,0,0,0,0,0,0,0,0,0,0,0,0.0,0.0,0.0,0.0,0,0,0,0,0,0.00,0.00,0.00,0.00,0,False
Marc,Guiu Paz,Marc Guiu,Chelsea,FWD,1,252,0,0,0,0,0,0,0,0,0,0,0,0,0,0.0,0.0,0.0,0.0,0,0,0,0,0,0.00,0.00,0.00,0.00,0,False
Dean,Henderson,Henderson,Crystal Palace,GKP,1,253,90,0,0,1,0,0,0,0,0,0,2,0,27,22.4,10.0,0.0,3.2,2,5,0,0,1,0.00,0.00,0.00,1.60,6,False
Walter,Benítez,Benitez,Crystal Palace,GKP,1,254,0,0,0,0,0,0,0,0,0,0,0,0,0,0.0,0.0,0.0,0.0,0,0,0,0,0,0.00,0.00,0.00,0.00,0,False
Remi,Matthews,Matthews,Crystal Palace,GKP,1,255,0,0,0,0,0,0,0,0,0,0,0,0,0,0.0,0.0,0.0,0.0,0,0,0,0,0,0.00,0.00,0.00,0.00,0,False
Daniel,Muñoz Mejía,Muñoz,Crystal Palace,DEF,1,256,90,0,0,1,0,0,0,0,1,0,0,0,17,10.0,0.4,6.0,1.6,6,2,2,8,1,0.05,0.00,0.05,1.60,5,False
Maxence,Lacroix,Lacroix,Crystal Palace,DEF,1,257,90,0,0,1,0,0,0,0,0,0,0,0,25,30.8,0.1,0.0,3.1,13,2,3,16,1,0.00,0.00,0.00,1.60,8,False
Tyrick,Mitchell,Mitchell,Crystal Palace,DEF,1,258,90,0,0,1,0,0,0,0,0,0,0,1,31,26.0,0.3,0.0,2.6,6,5,5,11,1,0.00,0.00,0.00,1.60,9,False
Borna,Sosa,Sosa,Crystal Palace,DEF,1,259,0,0,0,0,0,0,0,0,0,0,0,0,0,0.0,0.0,0.0,0.0,0,0,0,0,0,0.00,0.00,0.00,0.00,0,False
Marc,Guéhi,Guéhi,Crystal Palace,DEF,1,260,90,0,0,1,0,0,0,0,0,0,0,0,22,13.8,10.0,2.0,2.6,5,1,1,6,1,0.00,0.00,0.00,1.60,6,False
Chris,Richards,Richards,Crystal Palace,DEF,1,261,90,0,0,1,0,0,0,0,0,0,0,0,24,21.8,0.0,4.0,2.6,6,0,2,8,1,0.08,0.01,0.09,1.60,6,False
Chadi,Riad Dnanou,Chadi Riad,Crystal Palace,DEF,1,262,0,0,0,0,0,0,0,0,0,0,0,0,0,0.0,0.0,0.0,0.0,0,0,0,0,0,0.00,0.00,0.00,0.00,0,False
Nathaniel,Clyne,Clyne,Crystal Palace,DEF,1,263,0,0,0,0,0,0,0,0,0,0,0,0,0,0.0,0.0,0.0,0.0,0,0,0,0,0,0.00,0.00,0.00,0.00,0,False
Rob,Holding,Holding,Crystal Palace,DEF,1,264,0,0,0,0,0,0,0,0,0,0,0,0,0,0.0,0.0,0.0,0.0,0,0,0,0,0,0.00,0.00,0.00,0.00,0,False
Caleb,Kporha,Kporha,Crystal Palace,DEF,1,265,0,0,0,0,0,0,0,0,0,0,0,0,0,0.0,0.0,0.0,0.0,0,0,0,0,0,0.00,0.00,0.00,0.00,0,False
Eberechi,Eze,Eze,Arsenal,MID,1,266,83,0,0,1,0,0,0,0,0,0,0,0,10,7.2,2.6,26.0,3.6,1,5,1,7,1,0.24,0.00,0.24,1.22,3,False
Ismaïla,Sarr,Sarr,Crystal Palace,MID,1,267,90,0,0,1,0,0,0,0,0,0,0,0,16,10.0,15.5,0.0,2.6,4,3,0,7,1,0.00,0.01,0.01,1.60,3,False
Cheick,Doucouré,Doucouré,Crystal Palace,MID,1,268,0,0,0,0,0,0,0,0,0,0,0,0,0,0.0,0.0,0.0,0.0,0,0,0,0,0,0.00,0.00,0.00,0.00,0,False
Romain,Esse,Esse,Crystal Palace,MID,1,269,0,0,0,0,0,0,0,0,0,0,0,0,0,0.0,0.0,0.0,0.0,0,0,0,0,0,0.00,0.00,0.00,0.00,0,False
Will,Hughes,Hughes,Crystal Palace,MID,1,270,69,0,0,1,0,0,0,0,1,0,0,0,7,14.4,0.1,0.0,1.5,6,3,0,9,1,0.00,0.00,0.00,1.22,2,False
Daichi,Kamada,Kamada,Crystal Palace,MID,1,271,0,0,0,0,0,0,0,0,0,0,0,0,0,0.0,0.0,0.0,0.0,0,0,0,0,0,0.00,0.00,0.00,0.00,0,False
Jefferson,Lerma Solís,Lerma,Crystal Palace,MID,1,272,20,0,0,0,0,0,0,0,0,0,0,0,3,1.0,1.0,2.0,0.4,1,2,0,3,0,0.00,0.00,0.00,0.38,1,False
Adam,Wharton,Wharton,Crystal Palace,MID,1,273,90,0,0,1,0,0,0,0,0,0,0,0,14,14.6,22.3,0.0,3.7,2,4,0,6,1,0.00,0.05,0.05,1.60,3,False
Asher,Agbinone,Agbinone,Crystal Palace,MID,1,274,0,0,0,0,0,0,0,0,0,0,0,0,0,0.0,0.0,0.0,0.0,0,0,0,0,0,0.00,0.00,0.00,0.00,0,False
Naouirou,Ahamada,Ahamada,Crystal Palace,MID,1,275,0,0,0,0,0,0,0,0,0,0,0,0,0,0.0,0.0,0.0,0.0,0,0,0,0,0,0.00,0.00,0.00,0.00,0,False
Justin,Devenny,Devenny,Crystal Palace,MID,1,276,6,0,0,0,0,0,0,0,0,0,0,0,5,3.0,0.0,2.0,0.5,1,0,1,2,0,0.00,0.00,0.00,0.38,1,False
Malcolm,Ebiowei,Ebiowei,Crystal Palace,MID,1,277,0,0,0,0,0,0,0,0,0,0,0,0,0,0.0,0.0,0.0,0.0,0,0,0,0,0,0.00,0.00,0.00,0.00,0,False
Jesurun,Rak-Sakyi,J.Rak-Sakyi,Crystal Palace,MID,1,278,0,0,0,0,0,0,0,0,0,0,0,0,0,0.0,0.0,0.0,0.0,0,0,0,0,0,0.00,0.00,0.00,0.00,0,False
Matheus,França de Oliveira,M.França,Crystal Palace,MID,1,279,0,0,0,0,0,0,0,0,0,0,0,0,0,0.0,0.0,0.0,0.0,0,0,0,0,0,0.00,0.00,0.00,0.00,0,False
David,Ozoh,Ozoh,Crystal Palace,MID,1,280,0,0,0,0,0,0,0,0,0,0,0,0,0,0.0,0.0,0.0,0.0,0,0,0,0,0,0.00,0.00,0.00,0.00,0,False
Kaden,Rodney,Rodney,Crystal Palace,MID,1,281,0,0,0,0,0,0,0,0,0,0,0,0,0,0.0,0.0,0.0,0.0,0,0,0,0,0,0.00,0.00,0.00,0.00,0,False
Franco,Umeh-Chibueze,Umeh,Crystal Palace,MID,1,282,0,0,0,0,0,0,0,0,0,0,0,0,0,0.0,0.0,0.0,0.0,0,0,0,0,0,0.00,0.00,0.00,0.00,0,False
Jean-Philippe,Mateta,Mateta,Crystal Palace,FWD,1,283,90,0,0,1,0,0,0,0,1,0,0,0,7,16.0,0.8,26.0,4.3,5,3,1,9,1,0.29,0.00,0.29,1.60,1,False
Eddie,Nketiah,Nketiah,Crystal Palace,FWD,1,284,0,0,0,0,0,0,0,0,0,0,0,0,0,0.0,0.0,0.0,0.0,0,0,0,0,0,0.00,0.00,0.00,0.00,0,False
Odsonne,Édouard,Édouard,Crystal Palace,FWD,1,285,0,0,0,0,0,0,0,0,0,0,0,0,0,0.0,0.0,0.0,0.0,0,0,0,0,0,0.00,0.00,0.00,0.00,0,False
Zach,Marsh,Marsh,Crystal Palace,FWD,1,286,0,0,0,0,0,0,0,0,0,0,0,0,0,0.0,0.0,0.0,0.0,0,0,0,0,0,0.00,0.00,0.00,0.00,0,False
Jordan,Pickford,Pickford,Everton,GKP,1,287,90,0,0,0,1,0,0,0,0,0,2,0,12,21.2,0.0,0.0,2.1,3,8,0,0,1,0.00,0.00,0.00,2.07,2,False
Mark,Travers,Travers,Everton,GKP,1,288,0,0,0,0,0,0,0,0,0,0,0,0,0,0.0,0.0,0.0,0.0,0,0,0,0,0,0.00,0.00,0.00,0.00,0,False
Harry,Tyrer,Tyrer,Everton,GKP,1,289,0,0,0,0,0,0,0,0,0,0,0,0,0,0.0,0.0,0.0,0.0,0,0,0,0,0,0.00,0.00,0.00,0.00,0,False
Jarrad,Branthwaite,Branthwaite,Everton,DEF,1,290,0,0,0,0,0,0,0,0,0,0,0,0,0,0.0,0.0,0.0,0.0,0,0,0,0,0,0.00,0.00,0.00,0.00,0,False
James,Tarkowski,Tarkowski,Everton,DEF,1,291,90,0,0,0,1,0,0,0,0,0,0,0,7,31.0,2.1,7.0,4.0,13,3,2,15,1,0.20,0.01,0.21,2.07,4,False
Vitalii,Mykolenko,Mykolenko,Everton,DEF,1,292,0,0,0,0,0,0,0,0,0,0,0,0,0,0.0,0.0,0.0,0.0,0,0,0,0,0,0.00,0.00,0.00,0.00,0,False
Jake,O'Brien,O'Brien,Everton,DEF,1,293,90,0,0,0,1,0,0,0,0,0,0,0,0,4.2,1.0,7.0,1.2,2,5,2,4,1,0.17,0.01,0.18,2.07,2,False
Séamus,Coleman,Coleman,Everton,DEF,1,294,0,0,0,0,0,0,0,0,0,0,0,0,0,0.0,0.0,0.0,0.0,0,0,0,0,0,0.00,0.00,0.00,0.00,0,False
Michael,Keane,Keane,Everton,DEF,1,295,90,0,0,0,1,0,0,0,0,0,0,0,10,19.8,0.4,4.0,2.4,7,4,0,7,1,0.00,0.00,0.00,2.07,2,False
Nathan,Patterson,Patterson,Everton,DEF,1,296,0,0,0,0,0,0,0,0,0,0,0,0,0,0.0,0.0,0.0,0.0,0,0,0,0,0,0.00,0.00,0.00,0.00,0,False
Roman,Dixon,Dixon,Everton,DEF,1,297,0,0,0,0,0,0,0,0,0,0,0,0,0,0.0,0.0,0.0,0.0,0,0,0,0,0,0.00,0.00,0.00,0.00,0,False
Reece,Welch,Welch,Everton,DEF,1,298,0,0,0,0,0,0,0,0,0,0,0,0,0,0.0,0.0,0.0,0.0,0,0,0,0,0,0.00,0.00,0.00,0.00,0,False
Iliman,Ndiaye,Ndiaye,Everton,MID,1,299,90,0,0,0,1,0,0,0,0,0,0,0,11,12.6,12.1,2.0,2.7,1,6,2,9,1,0.00,0.02,0.02,2.07,2,False
Dwight,McNeil,McNeil,Everton,MID,1,300,0,0,0,0,0,0,0,0,0,0,0,0,0,0.0,0.0,0.0,0.0,0,0,0,0,0,0.00,0.00,0.00,0.00,0,False
Carlos,Alcaraz Durán,Alcaraz,Everton,MID,1,301,85,0,0,0,1,0,0,0,1,0,0,0,8,7.6,2.4,21.0,3.1,1,4,1,6,1,0.03,0.01,0.04,1.87,1,False
Idrissa Gana,Gueye,Gana,Everton,MID,1,302,90,0,0,0,1,0,0,0,0,0,0,0,12,7.2,19.6,3.0,3.0,0,4,1,5,1,0.06,0.12,0.18,2.07,2,False
James,Garner,Garner,Everton,MID,1,303,90,0,0,0,1,0,0,0,0,0,0,0,16,16.4,3.2,2.0,2.2,4,3,2,9,1,0.03,0.01,0.04,2.07,2,False
Tim,Iroegbunam,Iroegbunam,Everton,MID,1,304,70,0,0,1,0,0,0,0,1,0,0,0,5,12.0,1.1,0.0,1.3,3,3,3,9,1,0.00,0.00,0.00,0.93,2,False
Harrison,Armstrong,Armstrong,Everton,MID,1,305,0,0,0,0,0,0,0,0,0,0,0,0,0,0.0,0.0,0.0,0.0,0,0,0,0,0,0.00,0.00,0.00,0.00,0,False
Callum,Bates,Bates,Everton,MID,1,306,0,0,0,0,0,0,0,0,0,0,0,0,0,0.0,0.0,0.0,0.0,0,0,0,0,0,0.00,0.00,0.00,0.00,0,False
Coby,Ebere,Ebere,Everton,MID,1,307,0,0,0,0,0,0,0,0,0,0,0,0,0,0.0,0.0,0.0,0.0,0,0,0,0,0,0.00,0.00,0.00,0.00,0,False
Isaac,Heath,Heath,Everton,MID,1,308,0,0,0,0,0,0,0,0,0,0,0,0,0,0.0,0.0,0.0,0.0,0,0,0,0,0,0.00,0.00,0.00,0.00,0,False
Jenson,Metcalfe,Metcalfe,Everton,MID,1,309,0,0,0,0,0,0,0,0,0,0,0,0,0,0.0,0.0,0.0,0.0,0,0,0,0,0,0.00,0.00,0.00,0.00,0,False
Thierno,Barry,Barry,Everton,FWD,1,310,4,0,0,0,0,0,0,0,0,0,0,0,3,0.0,1.0,2.0,0.3,0,0,0,0,0,0.00,0.00,0.00,0.20,1,False
Norberto Bercique,Gomes Betuncal,Beto,Everton,FWD,1,311,90,0,0,0,1,0,0,0,0,0,0,0,7,10.2,2.8,7.0,2.0,3,1,1,5,1,0.06,0.01,0.07,2.07,2,False
Youssef,Ramalho Chermiti,Y.Chermiti,Everton,FWD,1,312,0,0,0,0,0,0,0,0,0,0,0,0,0,0.0,0.0,0.0,0.0,0,0,0,0,0,0.00,0.00,0.00,0.00,0,False
Martin,Sherif,Sherif,Everton,FWD,1,313,0,0,0,0,0,0,0,0,0,0,0,0,0,0.0,0.0,0.0,0.0,0,0,0,0,0,0.00,0.00,0.00,0.00,0,False
Bernd,Leno,Leno,Fulham,GKP,1,314,90,0,0,0,1,0,0,0,0,0,3,0,15,23.6,0.0,0.0,2.4,1,10,0,0,1,0.00,0.00,0.00,1.48,3,False
Steven,Benda,Benda,Fulham,GKP,1,315,0,0,0,0,0,0,0,0,0,0,0,0,0,0.0,0.0,0.0,0.0,0,0,0,0,0,0.00,0.00,0.00,0.00,0,False
Antonee,Robinson,Robinson,Fulham,DEF,1,316,0,0,0,0,0,0,0,0,0,0,0,0,0,0.0,0.0,0.0,0.0,0,0,0,0,0,0.00,0.00,0.00,0.00,0,False
Joachim,Andersen,Andersen,Fulham,DEF,1,317,90,0,0,0,1,0,0,0,0,0,0,0,14,16.4,1.0,4.0,2.1,5,1,3,8,1,0.00,0.01,0.01,1.48,2,False
Calvin,Bassey,Bassey,Fulham,DEF,1,318,90,0,0,0,1,0,0,0,1,0,0,0,3,12.4,1.6,0.0,1.4,2,4,2,4,1,0.00,0.01,0.01,1.48,1,False
Timothy,Castagne,Castagne,Fulham,DEF,1,319,6,0,0,0,0,0,0,0,0,0,0,0,3,0.2,0.7,2.0,0.3,0,0,0,0,0,0.00,0.00,0.00,0.40,1,False
Issa,Diop,Diop,Fulham,DEF,1,320,0,0,0,0,0,0,0,0,0,0,0,0,0,0.0,0.0,0.0,0.0,0,0,0,0,0,0.00,0.00,0.00,0.00,0,False
Jorge,Cuenca Barreno,J.Cuenca,Fulham,DEF,1,321,83,0,0,0,1,0,0,0,0,0,0,0,10,9.6,1.2,4.0,1.5,2,4,1,3,1,0.00,0.01,0.01,1.07,2,False
Kenny,Tete,Tete,Fulham,DEF,1,322,90,0,0,0,1,0,0,0,0,0,0,0,17,13.0,1.7,0.0,1.5,4,5,3,7,1,0.00,0.01,0.01,1.48,2,False
Samuel,Amissah,Amissah,Fulham,DEF,1,323,0,0,0,0,0,0,0,0,0,0,0,0,0,0.0,0.0,0.0,0.0,0,0,0,0,0,0.00,0.00,0.00,0.00,0,False
Alex,Iwobi,Iwobi,Fulham,MID,1,324,65,0,0,0,1,0,0,0,0,0,0,0,10,9.6,40.5,1.0,5.1,0,2,0,2,1,0.01,0.28,0.29,1.05,2,False
Emile,Smith Rowe,Smith Rowe,Fulham,MID,1,325,13,0,0,0,0,0,0,0,0,0,0,0,2,0.2,2.0,2.0,0.4,0,0,0,0,0,0.09,0.00,0.09,0.40,1,False
Adama,Traoré Diarra,Adama,Fulham,MID,1,326,24,0,0,0,0,0,0,0,0,0,0,0,1,0.0,0.8,0.0,0.0,0,0,0,0,0,0.00,0.00,0.00,0.43,1,False
Andreas,Hoelgebaum Pereira,Andreas,Fulham,MID,1,327,0,0,0,0,0,0,0,0,0,0,0,0,0,0.0,0.0,0.0,0.0,0,0,0,0,0,0.00,0.00,0.00,0.00,0,False
Ryan,Sessegnon,Sessegnon,Fulham,MID,1,328,0,0,0,0,0,0,0,0,0,0,0,0,0,0.0,0.0,0.0,0.0,0,0,0,0,0,0.00,0.00,0.00,0.00,0,False
Harry,Wilson,Wilson,Fulham,MID,1,329,90,0,1,0,1,0,0,0,0,0,0,0,16,3.0,5.4,13.0,2.1,1,4,1,6,1,0.07,0.02,0.09,1.48,5,False
Sander,Berge,Berge,Fulham,MID,1,330,65,0,0,0,1,0,0,0,0,0,0,0,3,1.2,0.7,0.0,0.2,1,0,1,2,1,0.00,0.01,0.01,1.05,2,False
Tom,Cairney,Cairney,Fulham,MID,1,331,24,0,0,0,0,0,0,0,1,0,0,0,-3,0.0,0.4,0.0,0.0,0,2,0,2,0,0.00,0.00,0.00,0.43,0,False
Saša,Lukić,Lukić,Fulham,MID,1,332,90,0,0,0,1,0,0,0,0,0,0,0,9,1.8,13.3,2.0,1.7,2,0,1,3,1,0.00,0.01,0.01,1.48,2,False
Martial,Godo,Godo,Fulham,MID,1,333,0,0,0,0,0,0,0,0,0,0,0,0,0,0.0,0.0,0.0,0.0,0,0,0,0,0,0.00,0.00,0.00,0.00,0,False
Luke,Harris,Harris,Fulham,MID,1,334,0,0,0,0,0,0,0,0,0,0,0,0,0,0.0,0.0,0.0,0.0,0,0,0,0,0,0.00,0.00,0.00,0.00,0,False
Josh,King,King,Fulham,MID,1,335,76,0,0,0,1,0,0,0,0,0,0,0,11,12.4,14.0,27.0,5.3,0,6,3,9,1,0.18,0.13,0.31,1.07,2,False
Harrison,Reed,Reed,Fulham,MID,1,336,0,0,0,0,0,0,0,0,0,0,0,0,0,0.0,0.0,0.0,0.0,0,0,0,0,0,0.00,0.00,0.00,0.00,0,False
Raúl,Jiménez Rodríguez,Raúl,Fulham,FWD,1,337,65,0,0,0,1,0,0,0,0,0,0,0,0,0.0,3.3,11.0,0.7,0,0,0,0,1,0.29,0.00,0.29,1.05,2,False
Rodrigo,Muniz Carvalho,Muniz,Fulham,FWD,1,338,24,1,0,0,0,0,0,0,1,0,0,3,25,31.0,0.0,33.0,6.4,0,0,0,0,0,0.15,0.00,0.15,0.43,7,False
Illan,Meslier,Meslier,Leeds,GKP,1,339,0,0,0,0,0,0,0,0,0,0,0,0,0,0.0,0.0,0.0,0.0,0,0,0,0,0,0.00,0.00,0.00,0.00,0,False
Alex,Cairns,Cairns,Leeds,GKP,1,340,0,0,0,0,0,0,0,0,0,0,0,0,0,0.0,0.0,0.0,0.0,0,0,0,0,0,0.00,0.00,0.00,0.00,0,False
Karl,Darlow,Darlow,Leeds,GKP,1,341,0,0,0,0,0,0,0,0,0,0,0,0,0,0.0,0.0,0.0,0.0,0,0,0,0,0,0.00,0.00,0.00,0.00,0,False
Jayden,Bogle,Bogle,Leeds,DEF,1,342,90,0,0,1,0,0,0,0,0,0,0,0,20,13.4,1.2,2.0,1.7,3,3,2,5,1,0.01,0.01,0.02,0.55,6,False
Pascal,Struijk,Struijk,Leeds,DEF,1,343,90,0,0,1,0,0,0,0,0,0,0,2,29,23.2,11.4,9.0,4.4,8,5,0,8,1,0.13,0.01,0.14,0.55,8,False
Jaka,Bijol,Bijol,Leeds,DEF,1,344,0,0,0,0,0,0,0,0,0,0,0,0,0,0.0,0.0,0.0,0.0,0,0,0,0,0,0.00,0.00,0.00,0.00,0,False
Sebastiaan,Bornauw,Bornauw,Leeds,DEF,1,345,0,0,0,0,0,0,0,0,0,0,0,0,0,0.0,0.0,0.0,0.0,0,0,0,0,0,0.00,0.00,0.00,0.00,0,False
Sam,Byram,Byram,Leeds,DEF,1,346,0,0,0,0,0,0,0,0,0,0,0,0,0,0.0,0.0,0.0,0.0,0,0,0,0,0,0.00,0.00,0.00,0.00,0,False
Gabriel,Gudmundsson,Gudmundsson,Leeds,DEF,1,347,90,0,0,1,0,0,0,0,0,0,0,3,35,30.4,33.6,17.0,8.1,7,6,1,8,1,0.17,0.14,0.31,0.55,9,False
Joe,Rodon,Rodon,Leeds,DEF,1,348,90,0,0,1,0,0,0,0,0,0,0,1,26,14.4,0.6,0.0,1.5,7,2,0,7,1,0.00,0.00,0.00,0.55,7,False
Isaac,Schmidt,Schmidt,Leeds,DEF,1,349,0,0,0,0,0,0,0,0,0,0,0,0,0,0.0,0.0,0.0,0.0,0,0,0,0,0,0.00,0.00,0.00,0.00,0,False
Brenden,Aaronson,Aaronson,Leeds,MID,1,350,23,0,0,0,0,0,0,0,0,0,0,0,10,9.2,24.9,6.0,4.0,0,0,2,2,0,0.00,0.21,0.21,0.47,1,False
Wilfried,Gnonto,Gnonto,Leeds,MID,1,351,66,0,0,1,0,0,0,0,0,0,0,0,12,6.6,6.3,11.0,2.4,2,1,4,7,1,0.14,0.01,0.15,0.08,3,False
Jack,Harrison,Harrison,Leeds,MID,1,352,12,0,0,0,0,0,0,0,0,0,0,0,3,2.2,1.3,2.0,0.6,0,0,1,1,0,0.00,0.00,0.00,0.28,1,False
Daniel,James,James,Leeds,MID,1,353,77,0,0,1,0,0,0,0,0,0,0,0,6,6.2,15.7,11.0,3.3,1,1,0,2,1,0.14,0.05,0.19,0.28,3,False
Ethan,Ampadu,Ampadu,Leeds,MID,1,354,77,0,0,1,0,0,0,0,0,0,0,0,12,10.8,4.9,2.0,1.8,2,3,3,8,1,0.00,0.02,0.02,0.28,3,False
Sam,Greenwood,Greenwood,Leeds,MID,1,355,0,0,0,0,0,0,0,0,0,0,0,0,0,0.0,0.0,0.0,0.0,0,0,0,0,0,0.00,0.00,0.00,0.00,0,False
Ilia,Gruev,Gruev,Leeds,MID,1,356,12,0,0,0,0,0,0,0,0,0,0,0,3,1.6,0.3,0.0,0.2,1,0,0,1,0,0.00,0.00,0.00,0.28,1,False
Largie,Ramazani,Ramazani,Leeds,MID,1,357,0,0,0,0,0,0,0,0,0,0,0,0,0,0.0,0.0,0.0,0.0,0,0,0,0,0,0.00,0.00,0.00,0.00,0,False
Tanaka,Ao,Tanaka,Leeds,MID,1,358,90,0,0,1,0,0,0,0,0,0,0,0,13,2.2,24.3,9.0,3.6,1,6,0,7,1,0.09,0.03,0.12,0.55,3,False
Charlie,Crew,Crew,Leeds,MID,1,359,0,0,0,0,0,0,0,0,0,0,0,0,0,0.0,0.0,0.0,0.0,0,0,0,0,0,0.00,0.00,0.00,0.00,0,False
Joe,Gelhardt,Gelhardt,Leeds,MID,1,360,0,0,0,0,0,0,0,0,0,0,0,0,0,0.0,0.0,0.0,0.0,0,0,0,0,0,0.00,0.00,0.00,0.00,0,False
Darko,Gyabi,Gyabi,Leeds,MID,1,361,0,0,0,0,0,0,0,0,0,0,0,0,0,0.0,0.0,0.0,0.0,0,0,0,0,0,0.00,0.00,0.00,0.00,0,False
Joël,Piroe,Piroe,Leeds,FWD,1,362,77,0,0,1,0,0,0,0,0,0,0,0,4,2.0,5.6,44.0,5.2,0,4,0,4,1,0.28,0.04,0.32,0.28,2,False
Patrick,Bamford,Bamford,Leeds,FWD,1,363,0,0,0,0,0,0,0,0,0,0,0,0,0,0.0,0.0,0.0,0.0,0,0,0,0,0,0.00,0.00,0.00,0.00,0,False
Mateo,Joseph Fernández-Regatillo,Mateo Joseph,Leeds,FWD,1,364,0,0,0,0,0,0,0,0,0,0,0,0,0,0.0,0.0,0.0,0.0,0,0,0,0,0,0.00,0.00,0.00,0.00,0,False
Lukas,Nmecha,Nmecha,Leeds,FWD,1,365,12,1,0,0,0,0,0,0,0,0,0,0,20,34.0,1.6,22.0,5.8,1,2,0,3,0,0.85,0.01,0.86,0.28,5,False
Alisson,Becker,A.Becker,Liverpool,GKP,1,366,90,0,0,0,2,0,0,0,0,0,1,0,8,13.6,0.0,0.0,1.4,2,7,0,0,1,0.00,0.01,0.01,1.70,1,False
Giorgi,Mamardashvili,Mamardashvili,Liverpool,GKP,1,367,0,0,0,0,0,0,0,0,0,0,0,0,0,0.0,0.0,0.0,0.0,0,0,0,0,0,0.00,0.00,0.00,0.00,0,False
Ármin,Pécsi,Pécsi,Liverpool,GKP,1,368,0,0,0,0,0,0,0,0,0,0,0,0,0,0.0,0.0,0.0,0.0,0,0,0,0,0,0.00,0.00,0.00,0.00,0,False
Freddie,Woodman,Woodman,Liverpool,GKP,1,369,0,0,0,0,0,0,0,0,0,0,0,0,0,0.0,0.0,0.0,0.0,0,0,0,0,0,0.00,0.00,0.00,0.00,0,False
Jeremie,Frimpong,Frimpong,Liverpool,DEF,1,370,59,0,0,0,0,0,0,0,0,0,0,0,8,5.4,1.3,2.0,0.9,3,1,1,4,1,0.01,0.01,0.02,0.81,1,False
Milos,Kerkez,Kerkez,Liverpool,DEF,1,371,59,0,0,0,0,0,0,0,1,0,0,0,5,8.4,1.3,0.0,1.0,5,5,1,6,1,0.00,0.01,0.01,0.81,0,False
Andrew,Robertson,Robertson,Liverpool,DEF,1,372,30,0,0,0,2,0,0,0,0,0,0,0,-3,5.4,4.1,2.0,1.2,2,0,0,2,0,0.00,0.04,0.04,0.89,0,False
Virgil,van Dijk,Virgil,Liverpool,DEF,1,373,90,0,0,0,2,0,0,0,0,0,0,0,11,49.4,0.9,25.0,7.5,20,4,1,21,1,0.18,0.01,0.19,1.70,3,False
Ibrahima,Konaté,Konaté,Liverpool,DEF,1,374,90,0,0,0,2,0,0,0,0,0,0,0,6,21.4,0.6,0.0,2.2,7,5,0,7,1,0.00,0.00,0.00,1.70,1,False
Conor,Bradley,Bradley,Liverpool,DEF,1,375,0,0,0,0,0,0,0,0,0,0,0,0,0,0.0,0.0,0.0,0.0,0,0,0,0,0,0.00,0.00,0.00,0.00,0,False
Joe,Gomez,Gomez,Liverpool,DEF,1,376,18,0,0,0,1,0,0,0,0,0,0,0,-1,2.4,0.4,0.0,0.3,1,1,0,1,0,0.00,0.00,0.00,0.21,1,False
Konstantinos,Tsimikas,Tsimikas,Liverpool,DEF,1,377,0,0,0,0,0,0,0,0,0,0,0,0,0,0.0,0.0,0.0,0.0,0,0,0,0,0,0.00,0.00,0.00,0.00,0,False
Amara,Nallo,Nallo,Liverpool,DEF,1,378,0,0,0,0,0,0,0,0,0,0,0,0,0,0.0,0.0,0.0,0.0,0,0,0,0,0,0.00,0.00,0.00,0.00,0,False
Rhys,Williams,R.Williams,Liverpool,DEF,1,379,0,0,0,0,0,0,0,0,0,0,0,0,0,0.0,0.0,0.0,0.0,0,0,0,0,0,0.00,0.00,0.00,0.00,0,False
Calvin,Ramsay,Ramsay,Liverpool,DEF,1,380,0,0,0,0,0,0,0,0,0,0,0,0,0,0.0,0.0,0.0,0.0,0,0,0,0,0,0.00,0.00,0.00,0.00,0,False
Mohamed,Salah,M.Salah,Liverpool,MID,1,381,90,1,0,0,2,0,0,0,0,0,0,1,36,49.0,33.8,51.0,13.4,1,9,0,10,1,0.26,0.11,0.37,1.70,8,False
Florian,Wirtz,Wirtz,Liverpool,MID,1,382,81,0,0,0,2,0,0,0,0,0,0,0,14,12.0,45.0,12.0,6.9,1,6,2,9,1,0.14,0.28,0.42,1.70,2,False
Luis,Díaz Marulanda,Luis Díaz,Liverpool,MID,1,383,0,0,0,0,0,0,0,0,0,0,0,0,0,0.0,0.0,0.0,0.0,0,0,0,0,0,0.00,0.00,0.00,0.00,0,False
Cody,Gakpo,Gakpo,Liverpool,MID,1,384,90,1,0,0,2,0,0,0,0,0,0,0,34,48.2,39.6,46.0,13.4,1,6,1,8,1,0.20,0.44,0.64,1.70,7,False
Federico,Chiesa,Chiesa,Liverpool,MID,1,385,8,1,0,0,0,0,0,0,0,0,0,0,29,35.2,0.3,17.0,5.3,0,0,1,1,0,0.16,0.00,0.16,0.00,6,False
Alexis,Mac Allister,Mac Allister,Liverpool,MID,1,386,71,0,1,0,1,0,0,0,0,0,0,0,27,27.4,15.2,11.0,5.4,1,2,3,6,1,0.03,0.02,0.05,1.49,5,False
Dominik,Szoboszlai,Szoboszlai,Liverpool,MID,1,387,90,0,0,0,2,0,0,0,0,0,0,0,17,14.0,29.8,24.0,6.8,2,5,4,11,1,0.10,0.09,0.19,1.70,2,False
Curtis,Jones,C.Jones,Liverpool,MID,1,388,18,0,0,0,1,0,0,0,0,0,0,0,4,3.2,10.9,0.0,1.4,0,1,0,1,0,0.00,0.04,0.04,0.21,1,False
Harvey,Elliott,Elliott,Aston Villa,MID,1,389,0,0,0,0,0,0,0,0,0,0,0,0,0,0.0,0.0,0.0,0.0,0,0,0,0,0,0.00,0.00,0.00,0.00,0,False
Ryan,Gravenberch,Gravenberch,Liverpool,MID,1,390,0,0,0,0,0,0,0,0,0,0,0,0,0,0.0,0.0,0.0,0.0,0,0,0,0,0,0.00,0.00,0.00,0.00,0,False
Ben,Gannon-Doak,Gannon-Doak,Bournemouth,MID,1,391,0,0,0,0,0,0,0,0,0,0,0,0,0,0.0,0.0,0.0,0.0,0,0,0,0,0,0.00,0.00,0.00,0.00,0,False
Endo,Wataru,Endo,Liverpool,MID,1,392,30,0,1,0,2,0,0,0,0,0,0,0,15,24.6,10.7,0.0,3.5,1,0,2,3,0,0.00,0.00,0.00,0.89,4,False
Stefan,Bajčetić Maquieira,Bajcetic,Liverpool,MID,1,393,0,0,0,0,0,0,0,0,0,0,0,0,0,0.0,0.0,0.0,0.0,0,0,0,0,0,0.00,0.00,0.00,0.00,0,False
James,McConnell,McConnell,Liverpool,MID,1,394,0,0,0,0,0,0,0,0,0,0,0,0,0,0.0,0.0,0.0,0.0,0,0,0,0,0,0.00,0.00,0.00,0.00,0,False
Tyler,Morton,Morton,Liverpool,MID,1,395,0,0,0,0,0,0,0,0,0,0,0,0,0,0.0,0.0,0.0,0.0,0,0,0,0,0,0.00,0.00,0.00,0.00,0,False
Trey,Nyoni,Nyoni,Liverpool,MID,1,396,0,0,0,0,0,0,0,0,0,0,0,0,0,0.0,0.0,0.0,0.0,0,0,0,0,0,0.00,0.00,0.00,0.00,0,False
Darwin,Núñez Ribeiro,Darwin,Liverpool,FWD,1,397,0,0,0,0,0,0,0,0,0,0,0,0,0,0.0,0.0,0.0,0.0,0,0,0,0,0,0.00,0.00,0.00,0.00,0,False
Jayden,Danns,Danns,Liverpool,FWD,1,398,0,0,0,0,0,0,0,0,0,0,0,0,0,0.0,0.0,0.0,0.0,0,0,0,0,0,0.00,0.00,0.00,0.00,0,False
Ederson,Santana de Moraes,Ederson M.,Man City,GKP,1,399,0,0,0,0,0,0,0,0,0,0,0,0,0,0.0,0.0,0.0,0.0,0,0,0,0,0,0.00,0.00,0.00,0.00,0,False
Stefan,Ortega Moreno,Ortega Moreno,Man City,GKP,1,400,0,0,0,0,0,0,0,0,0,0,0,0,0,0.0,0.0,0.0,0.0,0,0,0,0,0,0.00,0.00,0.00,0.00,0,False
Marcus,Bettinelli,Bettinelli,Man City,GKP,1,401,0,0,0,0,0,0,0,0,0,0,0,0,0,0.0,0.0,0.0,0.0,0,0,0,0,0,0.00,0.00,0.00,0.00,0,False
Rayan,Aït-Nouri,Aït-Nouri,Man City,DEF,1,402,90,0,0,1,0,0,0,0,0,0,0,1,33,30.4,13.5,3.0,4.7,9,3,6,15,1,0.04,0.02,0.06,0.56,9,False
Joško,Gvardiol,Gvardiol,Man City,DEF,1,403,0,0,0,0,0,0,0,0,0,0,0,0,0,0.0,0.0,0.0,0.0,0,0,0,0,0,0.00,0.00,0.00,0.00,0,False
Manuel,Akanji,Akanji,Man City,DEF,1,404,0,0,0,0,0,0,0,0,0,0,0,0,0,0.0,0.0,0.0,0.0,0,0,0,0,0,0.00,0.00,0.00,0.00,0,False
Nathan,Aké,Aké,Man City,DEF,1,405,0,0,0,0,0,0,0,0,0,0,0,0,0,0.0,0.0,0.0,0.0,0,0,0,0,0,0.00,0.00,0.00,0.00,0,False
Abdukodir,Khusanov,Khusanov,Man City,DEF,1,406,8,0,0,0,0,0,0,0,0,0,0,0,7,3.6,0.0,0.0,0.4,0,0,1,1,0,0.00,0.00,0.00,0.08,1,False
Matheus,Nunes,Matheus N.,Man City,DEF,1,407,24,0,0,0,0,0,0,0,0,0,0,0,5,3.8,1.2,0.0,0.5,3,2,1,4,0,0.00,0.00,0.00,0.21,1,False
Rúben,dos Santos Gato Alves Dias,Rúben,Man City,DEF,1,408,90,0,0,1,0,0,0,0,0,0,0,0,26,21.6,1.7,2.0,2.5,4,4,0,4,1,0.00,0.08,0.08,0.56,6,False
John,Stones,Stones,Man City,DEF,1,409,81,0,0,1,0,0,0,0,0,0,0,0,28,14.4,2.2,0.0,1.7,2,4,0,2,1,0.00,0.01,0.01,0.47,6,False
Rico,Lewis,Lewis,Man City,DEF,1,410,65,0,1,1,0,0,0,0,0,0,0,2,41,29.2,13.1,8.0,5.0,5,1,1,6,1,0.00,0.59,0.59,0.35,11,True
Nico,O'Reilly,O’Reilly,Man City,DEF,1,411,24,0,0,0,0,0,0,0,1,0,0,0,-2,0.0,5.0,0.0,0.5,0,0,0,0,0,0.00,0.01,0.01,0.21,0,False
Vitor,de Oliveira Nunes dos Reis,Vitor Reis,Man City,DEF,1,412,0,0,0,0,0,0,0,0,0,0,0,0,0,0.0,0.0,0.0,0.0,0,0,0,0,0,0.00,0.00,0.00,0.00,0,False
Omar,Marmoush,Marmoush,Man City,MID,1,413,24,0,0,0,0,0,0,0,0,0,0,0,3,0.0,0.8,6.0,0.7,0,1,0,1,0,0.12,0.00,0.12,0.21,1,False
Phil,Foden,Foden,Man City,MID,1,414,0,0,0,0,0,0,0,0,0,0,0,0,0,0.0,0.0,0.0,0.0,0,0,0,0,0,0.00,0.00,0.00,0.00,0,False
Sávio,Moreira de Oliveira,Savinho,Man City,MID,1,415,0,0,0,0,0,0,0,0,0,0,0,0,0,0.0,0.0,0.0,0.0,0,0,0,0,0,0.00,0.00,0.00,0.00,0,False
Bernardo,Mota Veiga de Carvalho e Silva,Bernardo,Man City,MID,1,416,65,0,0,1,0,0,0,0,0,0,0,0,25,22.0,62.0,4.0,8.8,1,4,4,9,1,0.00,0.44,0.44,0.35,3,False
Rayan,Cherki,Cherki,Man City,MID,1,417,17,1,0,0,0,0,0,0,0,0,0,0,22,35.8,2.8,7.0,4.6,1,0,0,1,0,0.06,0.03,0.09,0.21,6,False
Jérémy,Doku,Doku,Man City,MID,1,418,65,0,0,1,0,0,0,0,0,0,0,0,4,0.0,3.2,4.0,0.6,0,1,0,1,1,0.00,0.02,0.02,0.35,3,False
Jack,Grealish,Grealish,Everton,MID,1,419,19,0,0,0,1,0,0,0,0,0,0,0,4,5.8,0.8,5.0,1.2,1,1,0,2,0,0.02,0.00,0.02,1.14,1,False
İlkay,Gündoğan,Gündoğan,Man City,MID,1,420,0,0,0,0,0,0,0,0,0,0,0,0,0,0.0,0.0,0.0,0.0,0,0,0,0,0,0.00,0.00,0.00,0.00,0,False
Rodrigo 'Rodri',Hernandez Cascante,Rodrigo,Man City,MID,1,421,0,0,0,0,0,0,0,0,0,0,0,0,0,0.0,0.0,0.0,0.0,0,0,0,0,0,0.00,0.00,0.00,0.00,0,False
Mateo,Kovačić,Kovačić,Man City,MID,1,422,0,0,0,0,0,0,0,0,0,0,0,0,0,0.0,0.0,0.0,0.0,0,0,0,0,0,0.00,0.00,0.00,0.00,0,False
Nico,González Iglesias,N.Gonzalez,Man City,MID,1,423,90,0,0,1,0,0,0,0,0,0,0,0,27,24.8,5.6,6.0,3.6,4,4,3,11,1,0.05,0.05,0.10,0.56,3,False
Oscar,Bobb,Bobb,Man City,MID,1,424,90,0,1,1,0,0,0,0,0,0,0,0,25,24.6,25.4,8.0,5.8,0,4,0,4,1,0.00,0.07,0.07,0.56,6,False
Claudio,Echeverri,Echeverri,Man City,MID,1,425,0,0,0,0,0,0,0,0,0,0,0,0,0,0.0,0.0,0.0,0.0,0,0,0,0,0,0.00,0.00,0.00,0.00,0,False
James,McAtee,McAtee,Nott'm Forest,MID,1,426,0,0,0,0,0,0,0,0,0,0,0,0,0,0.0,0.0,0.0,0.0,0,0,0,0,0,0.00,0.00,0.00,0.00,0,False
Tijjani,Reijnders,Reijnders,Man City,MID,1,427,90,1,1,1,0,0,0,0,1,0,0,0,31,49.8,23.7,28.0,10.2,1,1,1,3,1,0.20,0.14,0.34,0.56,10,True
Sverre,Nypan,Nypan,Man City,MID,1,428,0,0,0,0,0,0,0,0,0,0,0,0,0,0.0,0.0,0.0,0.0,0,0,0,0,0,0.00,0.00,0.00,0.00,0,False
Kalvin,Phillips,Phillips,Man City,MID,1,429,0,0,0,0,0,0,0,0,0,0,0,0,0,0.0,0.0,0.0,0.0,0,0,0,0,0,0.00,0.00,0.00,0.00,0,False
Erling,Haaland,Haaland,Man City,FWD,1,430,72,2,0,1,0,0,0,0,0,0,0,3,49,58.0,0.3,71.0,12.9,0,1,1,2,1,1.99,0.00,1.99,0.35,13,True
Altay,Bayındır,Bayindir,Man Utd,GKP,1,431,90,0,0,0,1,0,0,0,0,0,2,0,11,13.4,0.0,0.0,1.3,1,10,0,0,1,0.00,0.00,0.00,1.31,2,False
André,Onana,Onana,Man Utd,GKP,1,432,0,0,0,0,0,0,0,0,0,0,0,0,0,0.0,0.0,0.0,0.0,0,0,0,0,0,0.00,0.00,0.00,0.00,0,False
Elyh,Harrison,Harrison,Man Utd,GKP,1,433,0,0,0,0,0,0,0,0,0,0,0,0,0,0.0,0.0,0.0,0.0,0,0,0,0,0,0.00,0.00,0.00,0.00,0,False
Tom,Heaton,Heaton,Man Utd,GKP,1,434,0,0,0,0,0,0,0,0,0,0,0,0,0,0.0,0.0,0.0,0.0,0,0,0,0,0,0.00,0.00,0.00,0.00,0,False
Dermot,Mee,Mee,Man Utd,GKP,1,435,0,0,0,0,0,0,0,0,0,0,0,0,0,0.0,0.0,0.0,0.0,0,0,0,0,0,0.00,0.00,0.00,0.00,0,False
Matthijs,de Ligt,De Ligt,Man Utd,DEF,1,436,90,0,0,0,1,0,0,0,0,0,0,0,16,33.4,16.0,26.0,7.5,8,4,2,10,1,0.21,0.06,0.27,1.31,4,False
Lisandro,Martínez,Martinez,Man Utd,DEF,1,437,0,0,0,0,0,0,0,0,0,0,0,0,0,0.0,0.0,0.0,0.0,0,0,0,0,0,0.00,0.00,0.00,0.00,0,False
Noussair,Mazraoui,Mazraoui,Man Utd,DEF,1,438,0,0,0,0,0,0,0,0,0,0,0,0,0,0.0,0.0,0.0,0.0,0,0,0,0,0,0.00,0.00,0.00,0.00,0,False
Diego,León Blanco,D.Leon,Man Utd,DEF,1,439,0,0,0,0,0,0,0,0,0,0,0,0,0,0.0,0.0,0.0,0.0,0,0,0,0,0,0.00,0.00,0.00,0.00,0,False
Diogo,Dalot Teixeira,Dalot,Man Utd,DEF,1,440,54,0,0,0,1,0,0,0,0,0,0,0,2,6.8,14.1,2.0,2.3,3,2,1,4,1,0.00,0.15,0.15,1.03,1,False
Patrick,Dorgu,Dorgu,Man Utd,DEF,1,441,90,0,0,0,1,0,0,0,1,0,0,0,4,9.0,2.8,8.0,2.0,1,2,4,5,1,0.04,0.02,0.06,1.31,1,False
Harry,Maguire,Maguire,Man Utd,DEF,1,442,10,0,0,0,0,0,0,0,0,0,0,0,2,5.2,0.5,0.0,0.6,3,0,0,3,0,0.00,0.00,0.00,0.21,1,False
Luke,Shaw,Shaw,Man Utd,DEF,1,443,79,0,0,0,1,0,0,0,0,0,0,0,7,11.2,12.5,0.0,2.4,1,5,3,4,1,0.00,0.02,0.02,1.10,2,False
Leny,Yoro,Yoro,Man Utd,DEF,1,444,90,0,0,0,1,0,0,0,0,0,0,0,11,18.2,2.6,0.0,2.1,10,4,1,11,1,0.00,0.01,0.01,1.31,4,False
Harry,Amass,Amass,Man Utd,DEF,1,445,0,0,0,0,0,0,0,0,0,0,0,0,0,0.0,0.0,0.0,0.0,0,0,0,0,0,0.00,0.00,0.00,0.00,0,False
Tyler,Fredricson,Fredricson,Man Utd,DEF,1,446,0,0,0,0,0,0,0,0,0,0,0,0,0,0.0,0.0,0.0,0.0,0,0,0,0,0,0.00,0.00,0.00,0.00,0,False
Ayden,Heaven,Heaven,Man Utd,DEF,1,447,0,0,0,0,0,0,0,0,0,0,0,0,0,0.0,0.0,0.0,0.0,0,0,0,0,0,0.00,0.00,0.00,0.00,0,False
Tyrell,Malacia,Malacia,Man Utd,DEF,1,448,0,0,0,0,0,0,0,0,0,0,0,0,0,0.0,0.0,0.0,0.0,0,0,0,0,0,0.00,0.00,0.00,0.00,0,False
Bruno,Borges Fernandes,B.Fernandes,Man Utd,MID,1,449,90,0,0,0,1,0,0,0,0,0,0,0,19,25.2,65.3,9.0,10.0,2,6,3,11,1,0.15,0.30,0.45,1.31,2,False
Matheus,Santos Carneiro da Cunha,Cunha,Man Utd,MID,1,450,90,0,0,0,1,0,0,0,0,0,0,0,16,17.8,13.3,50.0,8.1,0,2,1,3,1,0.40,0.05,0.45,1.31,2,False
Marcus,Rashford,Rashford,Man Utd,MID,1,451,0,0,0,0,0,0,0,0,0,0,0,0,0,0.0,0.0,0.0,0.0,0,0,0,0,0,0.00,0.00,0.00,0.00,0,False
Amad,Diallo,Amad,Man Utd,MID,1,452,35,0,0,0,0,0,0,0,0,0,0,0,12,13.4,12.3,19.0,4.5,0,1,3,4,0,0.03,0.04,0.07,0.27,1,False
Alejandro,Garnacho Ferreyra,Garnacho,Chelsea,MID,1,453,0,0,0,0,0,0,0,0,0,0,0,0,0,0.0,0.0,0.0,0.0,0,0,0,0,0,0.00,0.00,0.00,0.00,0,False
Antony,dos Santos,Antony,Man Utd,MID,1,454,0,0,0,0,0,0,0,0,0,0,0,0,0,0.0,0.0,0.0,0.0,0,0,0,0,0,0.00,0.00,0.00,0.00,0,False
Mason,Mount,Mount,Man Utd,MID,1,455,64,0,0,0,1,0,0,0,0,0,0,0,9,7.0,25.1,18.0,5.0,0,2,1,3,1,0.12,0.15,0.27,1.10,2,False
Jadon,Sancho,Sancho,Aston Villa,MID,1,456,0,0,0,0,0,0,0,0,0,0,0,0,0,0.0,0.0,0.0,0.0,0,0,0,0,0,0.00,0.00,0.00,0.00,0,False
Carlos Henrique,Casimiro,Casemiro,Man Utd,MID,1,457,64,0,0,0,1,0,0,0,0,0,0,0,15,9.2,11.6,0.0,2.1,0,2,3,5,1,0.00,0.02,0.02,1.10,2,False
Kobbie,Mainoo,Mainoo,Man Utd,MID,1,458,0,0,0,0,0,0,0,0,0,0,0,0,0,0.0,0.0,0.0,0.0,0,0,0,0,0,0.00,0.00,0.00,0.00,0,False
Manuel,Ugarte Ribeiro,Ugarte,Man Utd,MID,1,459,25,0,0,0,0,0,0,0,0,0,0,0,0,0.0,11.4,1.0,1.2,0,1,0,1,0,0.03,0.01,0.04,0.21,1,False
Toby,Collyer,Collyer,Man Utd,MID,1,460,0,0,0,0,0,0,0,0,0,0,0,0,0,0.0,0.0,0.0,0.0,0,0,0,0,0,0.00,0.00,0.00,0.00,0,False
Jayce,Fitzgerald,Fitzgerald,Man Utd,MID,1,461,0,0,0,0,0,0,0,0,0,0,0,0,0,0.0,0.0,0.0,0.0,0,0,0,0,0,0.00,0.00,0.00,0.00,0,False
Jack,Fletcher,J.Fletcher,Man Utd,MID,1,462,0,0,0,0,0,0,0,0,0,0,0,0,0,0.0,0.0,0.0,0.0,0,0,0,0,0,0.00,0.00,0.00,0.00,0,False
Sékou,Koné,Kone,Man Utd,MID,1,463,0,0,0,0,0,0,0,0,0,0,0,0,0,0.0,0.0,0.0,0.0,0,0,0,0,0,0.00,0.00,0.00,0.00,0,False
Jack,Moorhouse,Moorhouse,Man Utd,MID,1,464,0,0,0,0,0,0,0,0,0,0,0,0,0,0.0,0.0,0.0,0.0,0,0,0,0,0,0.00,0.00,0.00,0.00,0,False
Rasmus,Højlund,Højlund,Man Utd,FWD,1,465,0,0,0,0,0,0,0,0,0,0,0,0,0,0.0,0.0,0.0,0.0,0,0,0,0,0,0.00,0.00,0.00,0.00,0,False
Joshua,Zirkzee,Zirkzee,Man Utd,FWD,1,466,0,0,0,0,0,0,0,0,0,0,0,0,0,0.0,0.0,0.0,0.0,0,0,0,0,0,0.00,0.00,0.00,0.00,0,False
Chido,Obi,Obi,Man Utd,FWD,1,467,0,0,0,0,0,0,0,0,0,0,0,0,0,0.0,0.0,0.0,0.0,0,0,0,0,0,0.00,0.00,0.00,0.00,0,False
Ethan,Wheatley,Wheatley,Man Utd,FWD,1,468,0,0,0,0,0,0,0,0,0,0,0,0,0,0.0,0.0,0.0,0.0,0,0,0,0,0,0.00,0.00,0.00,0.00,0,False
Nick,Pope,Pope,Newcastle,GKP,1,469,90,0,0,1,0,0,0,0,0,0,3,2,32,27.0,0.0,0.0,2.7,1,16,0,0,1,0.00,0.00,0.00,0.20,9,False
Martin,Dúbravka,Dúbravka,Burnley,GKP,1,470,90,0,0,0,3,0,0,0,0,0,3,0,5,25.6,0.0,0.0,2.6,0,6,0,0,1,0.00,0.00,0.00,2.32,2,False
Mark,Gillespie,Gillespie,Newcastle,GKP,1,471,0,0,0,0,0,0,0,0,0,0,0,0,0,0.0,0.0,0.0,0.0,0,0,0,0,0,0.00,0.00,0.00,0.00,0,False
Odysseas,Vlachodimos,Odysseas,Newcastle,GKP,1,472,0,0,0,0,0,0,0,0,0,0,0,0,0,0.0,0.0,0.0,0.0,0,0,0,0,0,0.00,0.00,0.00,0.00,0,False
Lewis,Hall,Hall,Newcastle,DEF,1,473,0,0,0,0,0,0,0,0,0,0,0,0,0,0.0,0.0,0.0,0.0,0,0,0,0,0,0.00,0.00,0.00,0.00,0,False
Fabian,Schär,Schär,Newcastle,DEF,1,474,90,0,0,1,0,0,0,0,0,0,0,0,26,13.8,1.9,4.0,2.0,10,5,1,11,1,0.04,0.03,0.07,0.20,8,False
Sven,Botman,Botman,Newcastle,DEF,1,475,0,0,0,0,0,0,0,0,0,0,0,0,0,0.0,0.0,0.0,0.0,0,0,0,0,0,0.00,0.00,0.00,0.00,0,False
Dan,Burn,Burn,Newcastle,DEF,1,476,90,0,0,1,0,0,0,0,0,0,0,1,30,18.6,1.2,2.0,2.2,10,5,1,11,1,0.00,0.01,0.01,0.20,9,False
Tino,Livramento,Livramento,Newcastle,DEF,1,477,90,0,0,1,0,0,0,0,0,0,0,3,33,18.0,25.4,4.0,4.7,3,5,2,5,1,0.00,0.03,0.03,0.20,9,False
Kieran,Trippier,Trippier,Newcastle,DEF,1,478,90,0,0,1,0,0,0,0,0,0,0,0,26,9.8,22.5,0.0,3.2,4,4,0,4,1,0.00,0.06,0.06,0.20,6,False
Emil,Krafth,Krafth,Newcastle,DEF,1,479,0,0,0,0,0,0,0,0,0,0,0,0,0,0.0,0.0,0.0,0.0,0,0,0,0,0,0.00,0.00,0.00,0.00,0,False
Jamaal,Lascelles,Lascelles,Newcastle,DEF,1,480,0,0,0,0,0,0,0,0,0,0,0,0,0,0.0,0.0,0.0,0.0,0,0,0,0,0,0.00,0.00,0.00,0.00,0,False
Alex,Murphy,A.Murphy,Newcastle,DEF,1,481,0,0,0,0,0,0,0,0,0,0,0,0,0,0.0,0.0,0.0,0.0,0,0,0,0,0,0.00,0.00,0.00,0.00,0,False
Harrison,Ashby,Ashby,Newcastle,DEF,1,482,0,0,0,0,0,0,0,0,0,0,0,0,0,0.0,0.0,0.0,0.0,0,0,0,0,0,0.00,0.00,0.00,0.00,0,False
Miodrag,Pivaš,Pivas,Newcastle,DEF,1,483,0,0,0,0,0,0,0,0,0,0,0,0,0,0.0,0.0,0.0,0.0,0,0,0,0,0,0.00,0.00,0.00,0.00,0,False
Matt,Targett,Targett,Newcastle,DEF,1,484,0,0,0,0,0,0,0,0,0,0,0,0,0,0.0,0.0,0.0,0.0,0,0,0,0,0,0.00,0.00,0.00,0.00,0,False
Anthony,Gordon,Gordon,Newcastle,MID,1,485,90,0,0,1,0,0,0,0,0,0,0,0,4,5.4,13.0,41.0,5.9,0,4,0,4,1,0.55,0.03,0.58,0.20,3,False
Anthony,Elanga,Elanga,Newcastle,MID,1,486,77,0,0,1,0,0,0,0,0,0,0,0,10,8.6,29.8,27.0,6.5,0,3,0,3,1,0.57,0.06,0.63,0.17,3,False
Harvey,Barnes,Barnes,Newcastle,MID,1,487,89,0,0,1,0,0,0,0,0,0,0,0,15,12.8,56.8,25.0,9.5,1,3,0,4,1,0.23,0.33,0.56,0.20,3,False
Bruno,Guimarães Rodriguez Moura,Bruno G.,Newcastle,MID,1,488,90,0,0,1,0,0,0,0,0,0,0,0,11,7.6,22.6,2.0,3.2,1,5,2,8,1,0.00,0.10,0.10,0.20,3,False
Jacob,Murphy,J.Murphy,Newcastle,MID,1,489,12,0,0,0,0,0,0,0,0,0,0,0,3,0.6,1.3,4.0,0.6,0,2,0,2,0,0.00,0.01,0.01,0.03,1,False
Joelinton Cássio,Apolinário de Lira,Joelinton,Newcastle,MID,1,490,82,0,0,1,0,0,0,0,1,0,0,0,7,4.4,4.2,6.0,1.5,2,5,2,9,1,0.00,0.02,0.02,0.17,2,False
Sandro,Tonali,Tonali,Newcastle,MID,1,491,90,0,0,1,0,0,0,0,0,0,0,0,20,13.8,29.2,0.0,4.3,2,5,2,9,1,0.00,0.18,0.18,0.20,3,False
Antoñito,Cordero Campillo,Antoñito C.,Newcastle,MID,1,492,0,0,0,0,0,0,0,0,0,0,0,0,0,0.0,0.0,0.0,0.0,0,0,0,0,0,0.00,0.00,0.00,0.00,0,False
Sean,Longstaff,Longstaff,Leeds,MID,1,493,1,0,0,0,0,0,0,0,0,0,0,0,3,0.2,0.3,0.0,0.1,0,0,0,0,0,0.00,0.00,0.00,0.00,1,False
Joe,Willock,Willock,Newcastle,MID,1,494,0,0,0,0,0,0,0,0,0,0,0,0,0,0.0,0.0,0.0,0.0,0,0,0,0,0,0.00,0.00,0.00,0.00,0,False
Isaac,Hayden,Hayden,Newcastle,MID,1,495,0,0,0,0,0,0,0,0,0,0,0,0,0,0.0,0.0,0.0,0.0,0,0,0,0,0,0.00,0.00,0.00,0.00,0,False
Garang,Kuol,Kuol,Newcastle,MID,1,496,0,0,0,0,0,0,0,0,0,0,0,0,0,0.0,0.0,0.0,0.0,0,0,0,0,0,0.00,0.00,0.00,0.00,0,False
Lewis,Miley,L.Miley,Newcastle,MID,1,497,7,0,0,0,0,0,0,0,0,0,0,0,4,2.6,11.0,2.0,1.6,0,1,0,1,0,0.00,0.01,0.01,0.03,1,False
Joe,White,White,Newcastle,MID,1,498,0,0,0,0,0,0,0,0,0,0,0,0,0,0.0,0.0,0.0,0.0,0,0,0,0,0,0.00,0.00,0.00,0.00,0,False
Alexander,Isak,Isak,Liverpool,FWD,1,499,0,0,0,0,0,0,0,0,0,0,0,0,0,0.0,0.0,0.0,0.0,0,0,0,0,0,0.00,0.00,0.00,0.00,0,False
William,Osula,Osula,Newcastle,FWD,1,500,1,0,0,0,0,0,0,0,0,0,0,0,3,0.0,0.3,7.0,0.7,0,0,0,0,0,0.03,0.02,0.05,0.00,1,False
Sean,Neave,Neave,Newcastle,FWD,1,501,0,0,0,0,0,0,0,0,0,0,0,0,0,0.0,0.0,0.0,0.0,0,0,0,0,0,0.00,0.00,0.00,0.00,0,False
Matz,Sels,Sels,Nott'm Forest,GKP,1,502,90,0,0,0,1,0,0,0,0,0,2,0,9,14.6,0.0,0.0,1.5,0,7,0,0,1,0.00,0.00,0.00,1.50,2,False
Carlos Miguel,dos Santos Pereira,C.Miguel,Nott'm Forest,GKP,1,503,0,0,0,0,0,0,0,0,0,0,0,0,0,0.0,0.0,0.0,0.0,0,0,0,0,0,0.00,0.00,0.00,0.00,0,False
Matt,Turner,Turner,Nott'm Forest,GKP,1,504,0,0,0,0,0,0,0,0,0,0,0,0,0,0.0,0.0,0.0,0.0,0,0,0,0,0,0.00,0.00,0.00,0.00,0,False
Nikola,Milenković,Milenković,Nott'm Forest,DEF,1,505,90,0,0,0,1,0,0,0,0,0,0,0,5,17.2,0.5,0.0,1.8,7,2,1,8,1,0.00,0.00,0.00,1.50,2,False
Murillo,Costa dos Santos,Murillo,Nott'm Forest,DEF,1,506,90,0,0,0,1,0,0,0,0,0,0,0,12,11.8,1.6,0.0,1.3,5,6,0,5,1,0.00,0.02,0.02,1.50,2,False
Ola,Aina,Aina,Nott'm Forest,DEF,1,507,90,0,0,0,1,0,0,0,0,0,0,0,15,27.2,16.1,2.0,4.5,9,8,3,12,1,0.00,0.04,0.04,1.50,4,False
Neco,Williams,N.Williams,Nott'm Forest,DEF,1,508,90,0,0,0,1,0,0,0,1,0,0,0,10,19.0,28.8,2.0,5.0,4,2,2,6,1,0.00,0.09,0.09,1.50,1,False
David,Mota Veiga Teixeira do Carmo,David Carmo,Nott'm Forest,DEF,1,509,0,0,0,0,0,0,0,0,0,0,0,0,0,0.0,0.0,0.0,0.0,0,0,0,0,0,0.00,0.00,0.00,0.00,0,False
Jair,Paula da Cunha Filho,Jair Cunha,Nott'm Forest,DEF,1,510,0,0,0,0,0,0,0,0,0,0,0,0,0,0.0,0.0,0.0,0.0,0,0,0,0,0,0.00,0.00,0.00,0.00,0,False
Felipe,Rodrigues da Silva,Morato,Nott'm Forest,DEF,1,511,0,0,0,0,0,0,0,0,0,0,0,0,0,0.0,0.0,0.0,0.0,0,0,0,0,0,0.00,0.00,0.00,0.00,0,False
Omar,Richards,O.Richards,Nott'm Forest,DEF,1,512,0,0,0,0,0,0,0,0,0,0,0,0,0,0.0,0.0,0.0,0.0,0,0,0,0,0,0.00,0.00,0.00,0.00,0,False
Zach,Abbott,Abbott,Nott'm Forest,DEF,1,513,0,0,0,0,0,0,0,0,0,0,0,0,0,0.0,0.0,0.0,0.0,0,0,0,0,0,0.00,0.00,0.00,0.00,0,False
Willy,Boly,Boly,Nott'm Forest,DEF,1,514,0,0,0,0,0,0,0,0,0,0,0,0,0,0.0,0.0,0.0,0.0,0,0,0,0,0,0.00,0.00,0.00,0.00,0,False
Morgan,Gibbs-White,Gibbs-White,Nott'm Forest,MID,1,515,83,0,1,0,1,0,0,0,0,0,0,0,23,28.8,51.8,15.0,9.6,1,2,1,4,1,0.38,0.28,0.66,1.50,5,False
Callum,Hudson-Odoi,Hudson-Odoi,Nott'm Forest,MID,1,516,90,0,0,0,1,0,0,0,0,0,0,0,20,11.8,32.3,9.0,5.3,0,0,0,0,1,0.02,0.24,0.26,1.50,2,False
Elliot,Anderson,Anderson,Nott'm Forest,MID,1,517,90,0,1,0,1,0,0,0,0,0,0,1,24,28.6,21.3,20.0,7.0,1,8,2,11,1,0.39,0.28,0.67,1.50,6,False
João Pedro,Ferreira da Silva,Jota,Nott'm Forest,MID,1,518,11,0,0,0,0,0,0,0,0,0,0,0,6,5.0,0.5,4.0,1.0,1,0,2,3,0,0.00,0.00,0.00,0.00,1,False
Nicolás,Domínguez,Dominguez,Nott'm Forest,MID,1,519,0,0,0,0,0,0,0,0,0,0,0,0,0,0.0,0.0,0.0,0.0,0,0,0,0,0,0.00,0.00,0.00,0.00,0,False
Lewis,O'Brien,O'Brien,Nott'm Forest,MID,1,520,0,0,0,0,0,0,0,0,0,0,0,0,0,0.0,0.0,0.0,0.0,0,0,0,0,0,0.00,0.00,0.00,0.00,0,False
Ibrahim,Sangaré,Sangaré,Nott'm Forest,MID,1,521,90,0,0,0,1,0,0,0,0,0,0,0,11,1.4,4.2,1.0,0.7,5,4,1,10,1,0.02,0.01,0.03,1.50,2,False
Ryan,Yates,Yates,Nott'm Forest,MID,1,522,6,0,0,0,0,0,0,0,0,0,0,0,7,4.6,1.6,2.0,0.8,2,3,0,5,0,0.00,0.01,0.01,0.00,1,False
Eric,da Silva Moreira,Da Silva Moreira,Nott'm Forest,MID,1,523,0,0,0,0,0,0,0,0,0,0,0,0,0,0.0,0.0,0.0,0.0,0,0,0,0,0,0.00,0.00,0.00,0.00,0,False
Marko,Stamenić,Stamenic,Nott'm Forest,MID,1,524,0,0,0,0,0,0,0,0,0,0,0,0,0,0.0,0.0,0.0,0.0,0,0,0,0,0,0.00,0.00,0.00,0.00,0,False
Chris,Wood,Wood,Nott'm Forest,FWD,1,525,78,2,0,0,1,0,0,0,0,0,0,3,58,66.2,4.3,54.0,12.5,0,2,0,2,1,0.95,0.01,0.96,1.50,13,True
Igor Jesus,Maciel da Cruz,Igor Jesus,Nott'm Forest,FWD,1,526,11,0,0,0,0,0,0,0,0,0,0,0,2,1.0,1.5,2.0,0.5,1,0,0,1,0,0.00,0.00,0.00,0.00,1,False
Taiwo,Awoniyi,Awoniyi,Nott'm Forest,FWD,1,527,0,0,0,0,0,0,0,0,0,0,0,0,0,0.0,0.0,0.0,0.0,0,0,0,0,0,0.00,0.00,0.00,0.00,0,False
Anthony,Patterson,Patterson,Sunderland,GKP,1,528,0,0,0,0,0,0,0,0,0,0,0,0,0,0.0,0.0,0.0,0.0,0,0,0,0,0,0.00,0.00,0.00,0.00,0,False
Simon,Moore,Moore,Sunderland,GKP,1,529,0,0,0,0,0,0,0,0,0,0,0,0,0,0.0,0.0,0.0,0.0,0,0,0,0,0,0.00,0.00,0.00,0.00,0,False
Blondy,Nna Noukeu,Nna Noukeu,Sunderland,GKP,1,530,0,0,0,0,0,0,0,0,0,0,0,0,0,0.0,0.0,0.0,0.0,0,0,0,0,0,0.00,0.00,0.00,0.00,0,False
Daniel,Ballard,Ballard,Sunderland,DEF,1,531,90,1,0,1,0,0,0,0,0,0,0,3,53,69.6,0.5,64.0,13.4,13,4,1,14,1,0.18,0.01,0.19,0.56,17,True
Trai,Hume,Hume,Sunderland,DEF,1,532,90,0,0,1,0,0,0,0,0,0,0,0,27,15.2,15.8,2.0,3.3,4,3,2,6,1,0.00,0.09,0.09,0.56,6,False
Aji,Alese,Alese,Sunderland,DEF,1,533,0,0,0,0,0,0,0,0,0,0,0,0,0,0.0,0.0,0.0,0.0,0,0,0,0,0,0.00,0.00,0.00,0.00,0,False
Joe,Anderson,Anderson,Sunderland,DEF,1,534,0,0,0,0,0,0,0,0,0,0,0,0,0,0.0,0.0,0.0,0.0,0,0,0,0,0,0.00,0.00,0.00,0.00,0,False
Dennis,Cirkin,Cirkin,Sunderland,DEF,1,535,0,0,0,0,0,0,0,0,0,0,0,0,0,0.0,0.0,0.0,0.0,0,0,0,0,0,0.00,0.00,0.00,0.00,0,False
Leo Fuhr,Hjelde,Hjelde,Sunderland,DEF,1,536,0,0,0,0,0,0,0,0,0,0,0,0,0,0.0,0.0,0.0,0.0,0,0,0,0,0,0.00,0.00,0.00,0.00,0,False
Niall,Huggins,Huggins,Sunderland,DEF,1,537,0,0,0,0,0,0,0,0,0,0,0,0,0,0.0,0.0,0.0,0.0,0,0,0,0,0,0.00,0.00,0.00,0.00,0,False
Zak,Johnson,Johnson,Sunderland,DEF,1,538,0,0,0,0,0,0,0,0,0,0,0,0,0,0.0,0.0,0.0,0.0,0,0,0,0,0,0.00,0.00,0.00,0.00,0,False
Luke,O'Nien,O'Nien,Sunderland,DEF,1,539,0,0,0,0,0,0,0,0,0,0,0,0,0,0.0,0.0,0.0,0.0,0,0,0,0,0,0.00,0.00,0.00,0.00,0,False
Timothée,Pembélé,Pembele,Sunderland,DEF,1,540,0,0,0,0,0,0,0,0,0,0,0,0,0,0.0,0.0,0.0,0.0,0,0,0,0,0,0.00,0.00,0.00,0.00,0,False
Reinildo,Mandava,Reinildo,Sunderland,DEF,1,541,90,0,0,1,0,0,0,0,0,0,0,0,27,13.6,2.5,0.0,1.6,6,3,2,8,1,0.00,0.00,0.00,0.56,6,False
Jenson,Seelt,Seelt,Sunderland,DEF,1,542,52,0,0,0,0,0,0,0,0,0,0,0,6,15.2,0.6,0.0,1.6,4,4,2,6,1,0.00,0.00,0.00,0.33,1,False
Simon,Adingra,Adingra,Sunderland,MID,1,543,75,0,1,1,0,0,0,0,0,0,0,0,8,0.0,14.5,6.0,2.0,0,2,1,3,1,0.14,0.02,0.16,0.33,6,False
Habib,Diarra,Diarra,Sunderland,MID,1,544,90,0,0,1,0,0,0,0,0,0,0,0,4,7.0,2.8,20.0,3.0,2,3,1,6,1,0.23,0.01,0.24,0.56,3,False
Patrick,Roberts,Roberts,Sunderland,MID,1,545,0,0,0,0,0,0,0,0,0,0,0,0,0,0.0,0.0,0.0,0.0,0,0,0,0,0,0.00,0.00,0.00,0.00,0,False
Milan,Aleksić,Aleksić,Sunderland,MID,1,546,0,0,0,0,0,0,0,0,0,0,0,0,0,0.0,0.0,0.0,0.0,0,0,0,0,0,0.00,0.00,0.00,0.00,0,False
Enzo,Le Fée,E.Le Fée,Sunderland,MID,1,547,14,0,0,0,0,0,0,0,0,0,0,0,4,3.2,0.3,0.0,0.4,2,2,0,4,0,0.00,0.00,0.00,0.23,1,False
Romaine,Mundle,Mundle,Sunderland,MID,1,548,0,0,0,0,0,0,0,0,0,0,0,0,0,0.0,0.0,0.0,0.0,0,0,0,0,0,0.00,0.00,0.00,0.00,0,False
Dan,Neil,Neil,Sunderland,MID,1,549,0,0,0,0,0,0,0,0,0,0,0,0,0,0.0,0.0,0.0,0.0,0,0,0,0,0,0.00,0.00,0.00,0.00,0,False
Ian,Poveda-Ocampo,Poveda,Sunderland,MID,1,550,0,0,0,0,0,0,0,0,0,0,0,0,0,0.0,0.0,0.0,0.0,0,0,0,0,0,0.00,0.00,0.00,0.00,0,False
Chris,Rigg,Rigg,Sunderland,MID,1,551,1,0,0,0,0,0,0,0,0,0,0,0,3,0.0,0.0,0.0,0.0,0,0,0,0,0,0.00,0.00,0.00,0.03,1,False
Noah,Sadiki,Sadiki,Sunderland,MID,1,552,90,0,0,1,0,0,0,0,0,0,0,0,6,11.0,3.8,0.0,1.5,5,2,2,9,1,0.00,0.01,0.01,0.56,3,False
Chemsdine,Talbi,Talbi,Sunderland,MID,1,553,90,0,1,1,0,0,0,0,0,0,0,0,17,20.8,18.4,2.0,4.1,0,1,1,2,1,0.00,0.01,0.01,0.53,6,False
Abdoullah,Ba,Ba,Sunderland,MID,1,554,0,0,0,0,0,0,0,0,0,0,0,0,0,0.0,0.0,0.0,0.0,0,0,0,0,0,0.00,0.00,0.00,0.00,0,False
Alan,Browne,Browne,Sunderland,MID,1,555,0,0,0,0,0,0,0,0,0,0,0,0,0,0.0,0.0,0.0,0.0,0,0,0,0,0,0.00,0.00,0.00,0.00,0,False
Pierre,Ekwah Elimby,Ekwah,Sunderland,MID,1,556,0,0,0,0,0,0,0,0,0,0,0,0,0,0.0,0.0,0.0,0.0,0,0,0,0,0,0.00,0.00,0.00,0.00,0,False
Harrison,Jones,H.Jones,Sunderland,MID,1,557,0,0,0,0,0,0,0,0,0,0,0,0,0,0.0,0.0,0.0,0.0,0,0,0,0,0,0.00,0.00,0.00,0.00,0,False
Jay,Matete,Matete,Sunderland,MID,1,558,0,0,0,0,0,0,0,0,0,0,0,0,0,0.0,0.0,0.0,0.0,0,0,0,0,0,0.00,0.00,0.00,0.00,0,False
Nectarios,Triantis,Triantis,Sunderland,MID,1,559,0,0,0,0,0,0,0,0,0,0,0,0,0,0.0,0.0,0.0,0.0,0,0,0,0,0,0.00,0.00,0.00,0.00,0,False
Wilson,Isidor,Isidor,Sunderland,FWD,1,560,14,1,0,0,0,0,0,0,0,0,0,0,29,34.2,0.1,17.0,5.1,1,1,0,2,0,0.04,0.00,0.04,0.23,5,False
Eliezer,Mayenda Dossou,Mayenda,Sunderland,FWD,1,561,75,1,0,1,0,0,0,0,0,0,0,2,37,34.0,11.3,26.0,7.1,0,0,0,0,1,0.09,0.00,0.09,0.33,8,False
Ahmed,Abdullahi,Abdullahi,Sunderland,FWD,1,562,0,0,0,0,0,0,0,0,0,0,0,0,0,0.0,0.0,0.0,0.0,0,0,0,0,0,0.00,0.00,0.00,0.00,0,False
Luís Hemir,Silva Semedo,Luís Hemir,Sunderland,FWD,1,563,0,0,0,0,0,0,0,0,0,0,0,0,0,0.0,0.0,0.0,0.0,0,0,0,0,0,0.00,0.00,0.00,0.00,0,False
Nazarii,Rusyn,Rusyn,Sunderland,FWD,1,564,0,0,0,0,0,0,0,0,0,0,0,0,0,0.0,0.0,0.0,0.0,0,0,0,0,0,0.00,0.00,0.00,0.00,0,False
Guglielmo,Vicario,Vicario,Spurs,GKP,1,565,90,0,0,1,0,0,0,0,0,0,4,2,36,30.0,0.0,0.0,3.0,1,7,0,0,1,0.00,0.00,0.00,0.94,9,False
Brandon,Austin,Austin,Spurs,GKP,1,566,0,0,0,0,0,0,0,0,0,0,0,0,0,0.0,0.0,0.0,0.0,0,0,0,0,0,0.00,0.00,0.00,0.00,0,False
Antonín,Kinský,Kinsky,Spurs,GKP,1,567,0,0,0,0,0,0,0,0,0,0,0,0,0,0.0,0.0,0.0,0.0,0,0,0,0,0,0.00,0.00,0.00,0.00,0,False
Pedro,Porro Sauceda,Pedro Porro,Spurs,DEF,1,568,90,0,0,1,0,0,0,0,0,0,0,0,26,21.2,42.8,1.0,6.5,2,4,2,4,1,0.02,0.26,0.28,0.94,6,False
Cristian,Romero,Romero,Spurs,DEF,1,569,90,0,0,1,0,0,0,0,0,0,0,0,22,18.0,1.4,6.0,2.5,5,3,0,5,1,0.00,0.02,0.02,0.94,6,False
Kevin,Danso,Danso,Spurs,DEF,1,570,0,0,0,0,0,0,0,0,0,0,0,0,0,0.0,0.0,0.0,0.0,0,0,0,0,0,0.00,0.00,0.00,0.00,0,False
Ben,Davies,Davies,Spurs,DEF,1,571,0,0,0,0,0,0,0,0,0,0,0,0,0,0.0,0.0,0.0,0.0,0,0,0,0,0,0.00,0.00,0.00,0.00,0,False
Radu,Drăgușin,Dragusin,Spurs,DEF,1,572,0,0,0,0,0,0,0,0,0,0,0,0,0,0.0,0.0,0.0,0.0,0,0,0,0,0,0.00,0.00,0.00,0.00,0,False
Djed,Spence,Spence,Spurs,DEF,1,573,90,0,0,1,0,0,0,0,0,0,0,0,26,10.0,5.8,22.0,3.8,3,2,0,3,1,0.18,0.07,0.25,0.94,6,False
Destiny,Udogie,Udogie,Spurs,DEF,1,574,0,0,0,0,0,0,0,0,0,0,0,0,0,0.0,0.0,0.0,0.0,0,0,0,0,0,0.00,0.00,0.00,0.00,0,False
Micky,van de Ven,Van de Ven,Spurs,DEF,1,575,90,0,0,1,0,0,0,0,0,0,0,0,27,11.6,1.0,14.0,2.7,5,4,1,6,1,0.59,0.01,0.60,0.94,6,False
Ashley,Phillips,Phillips,Spurs,DEF,1,576,0,0,0,0,0,0,0,0,0,0,0,0,0,0.0,0.0,0.0,0.0,0,0,0,0,0,0.00,0.00,0.00,0.00,0,False
Takai,Kōta,Takai,Spurs,DEF,1,577,0,0,0,0,0,0,0,0,0,0,0,0,0,0.0,0.0,0.0,0.0,0,0,0,0,0,0.00,0.00,0.00,0.00,0,False
Luka,Vušković,Vuskovic,Spurs,DEF,1,578,0,0,0,0,0,0,0,0,0,0,0,0,0,0.0,0.0,0.0,0.0,0,0,0,0,0,0.00,0.00,0.00,0.00,0,False
Son,Heung-min,Son,Spurs,MID,1,579,0,0,0,0,0,0,0,0,0,0,0,0,0,0.0,0.0,0.0,0.0,0,0,0,0,0,0.00,0.00,0.00,0.00,0,False
Brennan,Johnson,Johnson,Spurs,MID,1,580,79,1,0,1,0,0,0,0,0,0,0,0,30,40.4,27.1,20.0,8.8,1,1,1,3,1,0.50,0.06,0.56,0.94,8,False
James,Maddison,Maddison,Spurs,MID,1,581,0,0,0,0,0,0,0,0,0,0,0,0,0,0.0,0.0,0.0,0.0,0,0,0,0,0,0.00,0.00,0.00,0.00,0,False
Mohammed,Kudus,Kudus,Spurs,MID,1,582,84,0,2,1,0,0,0,0,0,0,0,1,35,45.4,74.0,11.0,13.0,0,3,1,4,1,0.06,0.58,0.64,0.94,10,True
Dejan,Kulusevski,Kulusevski,Spurs,MID,1,583,0,0,0,0,0,0,0,0,0,0,0,0,0,0.0,0.0,0.0,0.0,0,0,0,0,0,0.00,0.00,0.00,0.00,0,False
Mathys,Tel,Tel,Spurs,MID,1,584,5,0,0,0,0,0,0,0,0,0,0,0,1,0.0,0.1,0.0,0.0,0,0,0,0,0,0.00,0.00,0.00,0.00,1,False
Rodrigo,Bentancur,Bentancur,Spurs,MID,1,585,19,0,0,0,0,0,0,0,0,0,0,0,5,4.8,0.8,0.0,0.6,1,1,1,3,0,0.00,0.00,0.00,0.04,1,False
Lucas,Bergvall,Bergvall,Spurs,MID,1,586,79,0,0,1,0,0,0,0,0,0,0,0,13,10.4,3.3,33.0,4.7,1,1,2,4,1,0.12,0.01,0.13,0.94,3,False
Yves,Bissouma,Bissouma,Spurs,MID,1,587,0,0,0,0,0,0,0,0,0,0,0,0,0,0.0,0.0,0.0,0.0,0,0,0,0,0,0.00,0.00,0.00,0.00,0,False
Wilson,Odobert,Odobert,Spurs,MID,1,588,10,0,0,0,0,0,0,0,0,0,0,0,4,2.2,10.5,0.0,1.3,0,1,0,1,0,0.00,0.01,0.01,0.00,1,False
Manor,Solomon,Solomon,Spurs,MID,1,589,0,0,0,0,0,0,0,0,0,0,0,0,0,0.0,0.0,0.0,0.0,0,0,0,0,0,0.00,0.00,0.00,0.00,0,False
Bryan,Gil Salvatierra,Bryan,Spurs,MID,1,590,0,0,0,0,0,0,0,0,0,0,0,0,0,0.0,0.0,0.0,0.0,0,0,0,0,0,0.00,0.00,0.00,0.00,0,False
Archie,Gray,Gray,Spurs,MID,1,591,70,0,0,1,0,0,0,0,0,0,0,0,13,3.6,3.0,2.0,0.9,2,5,1,8,1,0.00,0.05,0.05,0.89,3,False
Mikey,Moore,Moore,Spurs,MID,1,592,0,0,0,0,0,0,0,0,0,0,0,0,0,0.0,0.0,0.0,0.0,0,0,0,0,0,0.00,0.00,0.00,0.00,0,False
Pape Matar,Sarr,P.M.Sarr,Spurs,MID,1,593,90,0,1,1,0,0,0,0,0,0,0,0,29,33.2,18.7,2.0,5.4,4,4,2,10,1,0.00,0.22,0.22,0.94,6,False
Yang,Min-hyeok,Min-hyeok,Spurs,MID,1,594,0,0,0,0,0,0,0,0,0,0,0,0,0,0.0,0.0,0.0,0.0,0,0,0,0,0,0.00,0.00,0.00,0.00,0,False
Callum,Olusesi,Olusesi,Spurs,MID,1,595,0,0,0,0,0,0,0,0,0,0,0,0,0,0.0,0.0,0.0,0.0,0,0,0,0,0,0.00,0.00,0.00,0.00,0,False
Dominic,Solanke-Mitchell,Solanke,Spurs,FWD,1,596,19,0,0,0,0,0,0,0,0,0,0,0,5,2.0,0.3,6.0,0.8,1,0,1,2,0,0.08,0.00,0.08,0.04,1,False
Richarlison,de Andrade,Richarlison,Spurs,FWD,1,597,71,2,0,1,0,0,0,0,0,0,0,3,61,73.6,0.5,80.0,15.4,3,2,0,5,1,0.78,0.01,0.79,0.89,13,True
Will,Lankshear,Lankshear,Spurs,FWD,1,598,0,0,0,0,0,0,0,0,0,0,0,0,0,0.0,0.0,0.0,0.0,0,0,0,0,0,0.00,0.00,0.00,0.00,0,False
Dane,Scarlett,Scarlett,Spurs,FWD,1,599,0,0,0,0,0,0,0,0,0,0,0,0,0,0.0,0.0,0.0,0.0,0,0,0,0,0,0.00,0.00,0.00,0.00,0,False
Alphonse,Areola,Areola,West Ham,GKP,1,600,0,0,0,0,0,0,0,0,0,0,0,0,0,0.0,0.0,0.0,0.0,0,0,0,0,0,0.00,0.00,0.00,0.00,0,False
Wes,Foderingham,Foderingham,West Ham,GKP,1,601,0,0,0,0,0,0,0,0,0,0,0,0,0,0.0,0.0,0.0,0.0,0,0,0,0,0,0.00,0.00,0.00,0.00,0,False
Krisztián,Hegyi,Hegyi,West Ham,GKP,1,602,0,0,0,0,0,0,0,0,0,0,0,0,0,0.0,0.0,0.0,0.0,0,0,0,0,0,0.00,0.00,0.00,0.00,0,False
El Hadji Malick,Diouf,Diouf,West Ham,DEF,1,603,90,0,0,0,3,0,0,0,0,0,0,0,4,10.8,30.7,10.0,5.2,3,3,0,3,1,0.16,0.07,0.23,0.68,1,False
Emerson,Palmieri dos Santos,Emerson,West Ham,DEF,1,604,0,0,0,0,0,0,0,0,0,0,0,0,0,0.0,0.0,0.0,0.0,0,0,0,0,0,0.00,0.00,0.00,0.00,0,False
Maximilian,Kilman,Kilman,West Ham,DEF,1,605,90,0,0,0,3,0,0,0,1,0,0,0,4,27.2,16.2,0.0,4.3,6,2,3,9,1,0.00,0.03,0.03,0.68,0,False
Konstantinos,Mavropanos,Mavropanos,West Ham,DEF,1,606,0,0,0,0,0,0,0,0,0,0,0,0,0,0.0,0.0,0.0,0.0,0,0,0,0,0,0.00,0.00,0.00,0.00,0,False
Nayef,Aguerd,N.Aguerd,West Ham,DEF,1,607,90,0,0,0,3,0,0,0,0,0,0,0,1,14.6,3.0,0.0,1.8,2,4,0,2,1,0.00,0.02,0.02,0.68,1,False
Ollie,Scarles,Scarles,West Ham,DEF,1,608,0,0,0,0,0,0,0,0,0,0,0,0,0,0.0,0.0,0.0,0.0,0,0,0,0,0,0.00,0.00,0.00,0.00,0,False
Jean-Clair,Todibo,Todibo,West Ham,DEF,1,609,81,0,0,0,2,0,0,0,0,0,0,0,9,19.8,3.1,0.0,2.3,5,2,3,8,1,0.00,0.01,0.01,0.64,1,False
Aaron,Wan-Bissaka,Wan-Bissaka,West Ham,DEF,1,610,90,0,0,0,3,0,0,0,0,0,0,0,9,17.8,24.7,8.0,5.1,2,6,1,3,1,0.00,0.07,0.07,0.68,1,False
Kaelan,Casey,Casey,West Ham,DEF,1,611,0,0,0,0,0,0,0,0,0,0,0,0,0,0.0,0.0,0.0,0.0,0,0,0,0,0,0.00,0.00,0.00,0.00,0,False
Lucas,Tolentino Coelho de Lima,L.Paquetá,West Ham,MID,1,612,90,0,0,0,3,0,0,0,0,0,0,0,11,5.8,14.2,4.0,2.4,0,5,1,6,1,0.00,0.08,0.08,0.68,2,False
Tomáš,Souček,Souček,West Ham,MID,1,613,19,0,0,0,2,0,0,0,0,0,0,0,4,4.2,1.3,19.0,2.5,1,0,0,1,0,0.07,0.00,0.07,0.08,1,False
James,Ward-Prowse,Ward-Prowse,West Ham,MID,1,614,70,0,0,0,1,0,0,0,0,0,0,0,13,5.8,15.2,2.0,2.3,0,2,1,3,1,0.00,0.02,0.02,0.60,2,False
Crysencio,Summerville,Summerville,West Ham,MID,1,615,0,0,0,0,0,0,0,0,0,0,0,0,0,0.0,0.0,0.0,0.0,0,0,0,0,0,0.00,0.00,0.00,0.00,0,False
Edson,Álvarez Velázquez,Álvarez,West Ham,MID,1,616,0,0,0,0,0,0,0,0,0,0,0,0,0,0.0,0.0,0.0,0.0,0,0,0,0,0,0.00,0.00,0.00,0.00,0,False
Maxwel,Cornet,Cornet,West Ham,MID,1,617,0,0,0,0,0,0,0,0,0,0,0,0,0,0.0,0.0,0.0,0.0,0,0,0,0,0,0.00,0.00,0.00,0.00,0,False
Guido,Rodríguez,G.Rodriguez,West Ham,MID,1,618,70,0,0,0,1,0,0,0,0,0,0,0,11,2.2,2.3,2.0,0.7,0,4,0,4,1,0.03,0.03,0.06,0.60,2,False
Luis Guilherme,Lira dos Santos,L.Guilherme,West Ham,MID,1,619,0,0,0,0,0,0,0,0,0,0,0,0,0,0.0,0.0,0.0,0.0,0,0,0,0,0,0.00,0.00,0.00,0.00,0,False
George,Earthy,Earthy,West Ham,MID,1,620,0,0,0,0,0,0,0,0,0,0,0,0,0,0.0,0.0,0.0,0.0,0,0,0,0,0,0.00,0.00,0.00,0.00,0,False
Andy,Irving,Irving,West Ham,MID,1,621,8,0,0,0,1,0,0,0,0,0,0,0,6,4.4,14.8,0.0,1.9,0,1,1,2,0,0.00,0.06,0.06,0.04,1,False
Lewis,Orford,Orford,West Ham,MID,1,622,0,0,0,0,0,0,0,0,0,0,0,0,0,0.0,0.0,0.0,0.0,0,0,0,0,0,0.00,0.00,0.00,0.00,0,False
Freddie,Potts,Potts,West Ham,MID,1,623,0,0,0,0,0,0,0,0,0,0,0,0,0,0.0,0.0,0.0,0.0,0,0,0,0,0,0.00,0.00,0.00,0.00,0,False
Jarrod,Bowen,Bowen,West Ham,FWD,1,624,90,0,0,0,3,0,0,0,0,0,0,0,13,10.6,4.3,34.0,4.9,0,6,2,8,1,0.15,0.05,0.20,0.68,2,False
Niclas,Füllkrug,Füllkrug,West Ham,FWD,1,625,90,0,0,0,3,0,0,0,0,0,0,0,-1,0.8,14.5,34.0,4.9,0,0,0,0,1,0.14,0.08,0.22,0.68,2,False
Callum,Marshall,Marshall,West Ham,FWD,1,626,0,0,0,0,0,0,0,0,0,0,0,0,0,0.0,0.0,0.0,0.0,0,0,0,0,0,0.00,0.00,0.00,0.00,0,False
Sam,Johnstone,Johnstone,Wolves,GKP,1,627,0,0,0,0,0,0,0,0,0,0,0,0,0,0.0,0.0,0.0,0.0,0,0,0,0,0,0.00,0.00,0.00,0.00,0,False
José,Malheiro de Sá,José Sá,Wolves,GKP,1,628,90,0,0,0,4,0,0,0,0,0,0,0,-8,3.6,0.0,0.0,0.4,1,6,0,0,1,0.00,0.00,0.00,2.47,0,False
Daniel,Bentley,Bentley,Wolves,GKP,1,629,0,0,0,0,0,0,0,0,0,0,0,0,0,0.0,0.0,0.0,0.0,0,0,0,0,0,0.00,0.00,0.00,0.00,0,False
Tom,King,King,Everton,GKP,1,630,0,0,0,0,0,0,0,0,0,0,0,0,0,0.0,0.0,0.0,0.0,0,0,0,0,0,0.00,0.00,0.00,0.00,0,False
Emmanuel,Agbadou,Agbadou,Wolves,DEF,1,631,90,0,0,0,4,0,0,0,0,0,0,0,-7,11.8,0.3,1.0,1.3,5,2,2,7,1,0.02,0.01,0.03,2.47,0,False
Matt,Doherty,Doherty,Wolves,DEF,1,632,90,0,0,0,4,0,0,0,1,0,0,0,-1,9.8,5.9,0.0,1.6,2,6,3,5,1,0.00,0.01,0.01,2.47,-1,False
Hugo,Bueno López,H.Bueno,Wolves,DEF,1,633,18,0,0,0,1,0,0,0,0,0,0,0,0,4.4,11.1,6.0,2.2,1,2,0,1,0,0.00,0.01,0.01,0.24,1,False
Yerson,Mosquera Valdelamar,Mosquera,Wolves,DEF,1,634,0,0,0,0,0,0,0,0,0,0,0,0,0,0.0,0.0,0.0,0.0,0,0,0,0,0,0.00,0.00,0.00,0.00,0,False
Rodrigo,Martins Gomes,R.Gomes,Wolves,DEF,1,635,17,0,0,0,1,0,0,0,0,0,0,0,-1,2.2,1.0,4.0,0.7,0,0,1,1,0,0.00,0.00,0.00,0.24,1,False
Santiago,Ignacio Bueno,S.Bueno,Wolves,DEF,1,636,0,0,0,0,0,0,0,0,0,0,0,0,0,0.0,0.0,0.0,0.0,0,0,0,0,0,0.00,0.00,0.00,0.00,0,False
Toti,Gomes,Toti,Wolves,DEF,1,637,90,0,0,0,4,0,0,0,0,0,0,0,0,14.6,10.8,0.0,2.5,2,4,2,4,1,0.00,0.00,0.00,2.47,0,False
Ki-Jana,Hoever,Hoever,Wolves,DEF,1,638,72,0,0,0,3,0,0,0,0,0,0,0,0,17.6,19.8,0.0,3.7,5,2,2,7,1,0.00,0.14,0.14,2.22,1,False
Bastien,Meupiyou Menadjou,Meupiyou,Wolves,DEF,1,639,0,0,0,0,0,0,0,0,0,0,0,0,0,0.0,0.0,0.0,0.0,0,0,0,0,0,0.00,0.00,0.00,0.00,0,False
Pedro,Cardoso de Lima,Pedro Lima,Wolves,DEF,1,640,0,0,0,0,0,0,0,0,0,0,0,0,0,0.0,0.0,0.0,0.0,0,0,0,0,0,0.00,0.00,0.00,0.00,0,False
Alfie,Pond,Pond,Wolves,DEF,1,641,0,0,0,0,0,0,0,0,0,0,0,0,0,0.0,0.0,0.0,0.0,0,0,0,0,0,0.00,0.00,0.00,0.00,0,False
Hwang,Hee-chan,Hee Chan,Wolves,MID,1,642,8,0,0,0,0,0,0,0,0,0,0,0,3,3.0,10.3,0.0,1.3,0,0,1,1,0,0.00,0.02,0.02,0.19,1,False
André,Trindade da Costa Neto,André,Wolves,MID,1,643,71,0,0,0,3,0,0,0,0,0,0,0,16,15.6,1.7,0.0,1.7,3,8,4,15,1,0.00,0.01,0.01,2.22,4,False
Jean-Ricner,Bellegarde,Bellegarde,Wolves,MID,1,644,72,0,0,0,3,0,0,0,0,0,0,0,5,4.6,17.7,5.0,2.7,1,0,2,3,1,0.02,0.03,0.05,2.22,2,False
Fer,López González,Fer López,Wolves,MID,1,645,18,0,0,0,1,0,0,0,0,0,0,0,5,3.4,0.6,19.0,2.3,0,0,0,0,0,0.08,0.02,0.10,0.24,1,False
João Victor,Gomes da Silva,Gomes,Wolves,MID,1,646,90,0,0,0,4,0,0,0,0,0,0,0,20,19.4,14.8,4.0,3.8,3,2,4,9,1,0.00,0.04,0.04,2.47,2,False
Gonçalo Manuel,Ganchinho Guedes,Guedes,Wolves,MID,1,647,0,0,0,0,0,0,0,0,0,0,0,0,0,0.0,0.0,0.0,0.0,0,0,0,0,0,0.00,0.00,0.00,0.00,0,False
Marshall,Munetsi,Munetsi,Wolves,MID,1,648,90,0,0,0,4,0,0,0,0,0,0,0,10,8.4,6.5,7.0,2.2,0,4,2,6,1,0.05,0.02,0.07,2.47,2,False
Boubacar,Traoré,B.Traore,Wolves,MID,1,649,0,0,0,0,0,0,0,0,0,0,0,0,0,0.0,0.0,0.0,0.0,0,0,0,0,0,0.00,0.00,0.00,0.00,0,False
Tawanda,Chirewa,Chirewa,Wolves,MID,1,650,0,0,0,0,0,0,0,0,0,0,0,0,0,0.0,0.0,0.0,0.0,0,0,0,0,0,0.00,0.00,0.00,0.00,0,False
Tom,Edozie,Edozie,Wolves,MID,1,651,0,0,0,0,0,0,0,0,0,0,0,0,0,0.0,0.0,0.0,0.0,0,0,0,0,0,0.00,0.00,0.00,0.00,0,False
Enso,González Medina,Gonzalez,Wolves,MID,1,652,0,0,0,0,0,0,0,0,0,0,0,0,0,0.0,0.0,0.0,0.0,0,0,0,0,0,0.00,0.00,0.00,0.00,0,False
Joe,Hodge,Hodge,Wolves,MID,1,653,0,0,0,0,0,0,0,0,0,0,0,0,0,0.0,0.0,0.0,0.0,0,0,0,0,0,0.00,0.00,0.00,0.00,0,False
Jørgen,Strand Larsen,Strand Larsen,Wolves,FWD,1,654,81,0,0,0,4,0,0,0,0,0,0,0,8,11.0,2.3,45.0,5.8,3,1,1,5,1,0.38,0.01,0.39,2.28,2,False
Fábio,Soares Silva,Fábio Silva,Wolves,FWD,1,655,0,0,0,0,0,0,0,0,0,0,0,0,0,0.0,0.0,0.0,0.0,0,0,0,0,0,0.00,0.00,0.00,0.00,0,False
Saša,Kalajdžić,Kalajdžić,Wolves,FWD,1,656,0,0,0,0,0,0,0,0,0,0,0,0,0,0.0,0.0,0.0,0.0,0,0,0,0,0,0.00,0.00,0.00,0.00,0,False
Leon,Chiwome,Chiwome,Wolves,FWD,1,657,0,0,0,0,0,0,0,0,0,0,0,0,0,0.0,0.0,0.0,0.0,0,0,0,0,0,0.00,0.00,0.00,0.00,0,False
Nathan,Fraser,Fraser,Wolves,FWD,1,658,0,0,0,0,0,0,0,0,0,0,0,0,0,0.0,0.0,0.0,0.0,0,0,0,0,0,0.00,0.00,0.00,0.00,0,False
Kyle,Walker-Peters,Walker-Peters,West Ham,DEF,1,659,0,0,0,0,0,0,0,0,0,0,0,0,0,0.0,0.0,0.0,0.0,0,0,0,0,0,0.00,0.00,0.00,0.00,0,False
Anton,Stach,Stach,Leeds,MID,1,660,90,0,1,1,0,0,0,0,0,0,0,0,24,28.2,63.9,22.0,11.4,7,4,2,13,1,0.27,0.29,0.56,0.55,8,False
Hugo,Ekitiké,Ekitiké,Liverpool,FWD,1,661,71,1,1,0,1,0,0,0,0,0,0,2,37,52.8,24.4,37.0,11.4,1,0,0,1,1,1.14,0.02,1.16,1.49,11,False
Cristhian,Mosquera,Mosquera,Arsenal,DEF,1,662,0,0,0,0,0,0,0,0,0,0,0,0,0,0.0,0.0,0.0,0.0,0,0,0,0,0,0.00,0.00,0.00,0.00,0,False
Jhon,Arias,J.Arias,Wolves,MID,1,663,17,0,0,0,1,0,0,0,0,0,0,0,2,2.2,12.0,2.0,1.6,1,2,0,3,0,0.00,0.02,0.02,0.24,1,False
Benjamin,Lecomte,Lecomte,Fulham,GKP,1,664,0,0,0,0,0,0,0,0,0,0,0,0,0,0.0,0.0,0.0,0.0,0,0,0,0,0,0.00,0.00,0.00,0.00,0,False
Lucas Estella,Perri,Perri,Leeds,GKP,1,665,90,0,0,1,0,0,0,0,0,0,1,0,24,11.2,0.0,0.0,1.1,2,8,0,0,1,0.00,0.00,0.00,0.55,6,False
Viktor,Gyökeres,Gyökeres,Arsenal,FWD,1,666,59,0,0,0,0,0,0,0,0,0,0,0,0,0.4,5.5,6.0,1.2,1,1,0,2,1,0.00,0.06,0.06,0.70,1,False
Adam,Aznou,Aznou,Everton,DEF,1,667,0,0,0,0,0,0,0,0,0,0,0,0,0,0.0,0.0,0.0,0.0,0,0,0,0,0,0.00,0.00,0.00,0.00,0,False
Granit,Xhaka,Xhaka,Sunderland,MID,1,668,90,0,0,1,0,0,0,0,0,0,0,0,10,15.4,31.8,0.0,4.7,3,2,1,6,1,0.00,0.04,0.04,0.56,3,False
Dan,Ndoye,Ndoye,Nott'm Forest,MID,1,669,78,1,0,0,1,0,0,0,0,0,0,2,29,32.2,0.8,27.0,6.0,0,3,0,3,1,0.10,0.01,0.11,1.50,9,False
Robin,Roefs,Roefs,Sunderland,GKP,1,670,90,0,0,1,0,0,0,0,0,0,4,1,31,30.0,0.0,0.0,3.0,3,10,0,0,1,0.00,0.00,0.00,0.56,8,False
Callum,Wilson,Wilson,West Ham,FWD,1,671,19,0,0,0,2,0,0,0,0,0,0,0,2,0.0,0.0,8.0,0.5,0,1,0,1,0,0.02,0.00,0.02,0.08,1,False
Jorrel,Hato,Hato,Chelsea,DEF,1,672,0,0,0,0,0,0,0,0,0,0,0,0,0,0.0,0.0,0.0,0.0,0,0,0,0,0,0.00,0.00,0.00,0.00,0,False
João Maria,Lobo Alves Palhares Costa Palhinha Gonçalves,J.Palhinha,Spurs,MID,1,673,10,0,0,0,0,0,0,0,0,0,0,0,2,0.2,0.6,0.0,0.1,0,0,0,0,0,0.00,0.00,0.00,0.00,1,False
Aaron,Ramsdale,Ramsdale,Newcastle,GKP,1,674,0,0,0,0,0,0,0,0,0,0,0,0,0,0.0,0.0,0.0,0.0,0,0,0,0,0,0.00,0.00,0.00,0.00,0,False
Angus,Gunn,Gunn,Nott'm Forest,GKP,1,675,0,0,0,0,0,0,0,0,0,0,0,0,0,0.0,0.0,0.0,0.0,0,0,0,0,0,0.00,0.00,0.00,0.00,0,False
Lesley,Ugochukwu,Ugochukwu,Burnley,MID,1,676,27,0,0,0,1,0,0,0,0,0,0,0,1,0.0,0.3,3.0,0.1,0,1,0,1,0,0.05,0.00,0.05,0.91,1,False
Evann,Guessand,Guessand,Aston Villa,MID,1,677,0,0,0,0,0,0,0,0,0,0,0,0,0,0.0,0.0,0.0,0.0,0,0,0,0,0,0.00,0.00,0.00,0.00,0,False
Arthur,Masuaku,Masuaku,Sunderland,DEF,1,678,0,0,0,0,0,0,0,0,0,0,0,0,0,0.0,0.0,0.0,0.0,0,0,0,0,0,0.00,0.00,0.00,0.00,0,False
Mads,Hermansen,Hermansen,West Ham,GKP,1,679,90,0,0,0,3,0,0,0,0,0,2,0,3,21.0,0.0,0.0,2.1,2,6,0,0,1,0.00,0.01,0.01,0.68,1,False
Armando,Broja,Broja,Burnley,FWD,1,680,0,0,0,0,0,0,0,0,0,0,0,0,0,0.0,0.0,0.0,0.0,0,0,0,0,0,0.00,0.00,0.00,0.00,0,False
Benjamin,Sesko,Šeško,Man Utd,FWD,1,681,25,0,0,0,0,0,0,0,0,0,0,0,2,0.0,20.5,12.0,3.2,0,1,0,1,0,0.11,0.06,0.17,0.21,1,False
David,Møller Wolfe,Møller Wolfe,Wolves,DEF,1,682,71,0,0,0,3,0,0,0,0,0,0,0,-4,7.2,0.8,2.0,1.0,3,2,1,4,1,0.00,0.00,0.00,2.22,1,False
Omar,Alderete,Alderete,Sunderland,DEF,1,683,37,0,1,0,0,0,0,0,0,0,0,0,16,30.0,14.4,0.0,4.4,4,1,1,5,0,0.00,0.12,0.12,0.23,4,False
Malick,Thiaw,Thiaw,Newcastle,DEF,1,684,0,0,0,0,0,0,0,0,0,0,0,0,0,0.0,0.0,0.0,0.0,0,0,0,0,0,0.00,0.00,0.00,0.00,0,False
Bafodé,Diakité,Diakité,Bournemouth,DEF,1,685,90,0,0,0,4,0,0,0,0,0,0,0,2,14.8,0.2,0.0,1.5,7,8,2,9,1,0.00,0.00,0.00,2.21,0,False
Rio,Ngumoha,Ngumoha,Liverpool,MID,1,686,0,0,0,0,0,0,0,0,0,0,0,0,0,0.0,0.0,0.0,0.0,0,0,0,0,0,0.00,0.00,0.00,0.00,0,False
Remy,Rees-Dottin,Rees-Dottin,Bournemouth,MID,1,687,0,0,0,0,0,0,0,0,0,0,0,0,0,0.0,0.0,0.0,0.0,0,0,0,0,0,0.00,0.00,0.00,0.00,0,False
James,Wright,Wright,Aston Villa,GKP,1,688,0,0,0,0,0,0,0,0,0,0,0,0,0,0.0,0.0,0.0,0.0,0,0,0,0,0,0.00,0.00,0.00,0.00,0,False
Seung-Soo,Park,Seung soo,Newcastle,MID,1,689,0,0,0,0,0,0,0,0,0,0,0,0,0,0.0,0.0,0.0,0.0,0,0,0,0,0,0.00,0.00,0.00,0.00,0,False
Rio,Cardines,Cardines,Crystal Palace,MID,1,690,0,0,0,0,0,0,0,0,0,0,0,0,0,0.0,0.0,0.0,0.0,0,0,0,0,0,0.00,0.00,0.00,0.00,0,False
David,Raya Martín,Raya,Arsenal,GKP,2,1,90,0,0,1,0,0,0,0,0,0,1,0,28,13.4,0.0,0.0,1.3,0,3,0,0,1,0.00,0.00,0.00,0.17,6,False
Kepa,Arrizabalaga Revuelta,Arrizabalaga,Arsenal,GKP,2,2,0,0,0,0,0,0,0,0,0,0,0,0,0,0.0,0.0,0.0,0.0,0,0,0,0,0,0.00,0.00,0.00,0.00,0,False
Karl,Hein,Hein,Arsenal,GKP,2,3,0,0,0,0,0,0,0,0,0,0,0,0,0,0.0,0.0,0.0,0.0,0,0,0,0,0,0.00,0.00,0.00,0.00,0,False
Tommy,Setford,Setford,Arsenal,GKP,2,4,0,0,0,0,0,0,0,0,0,0,0,0,0,0.0,0.0,0.0,0.0,0,0,0,0,0,0.00,0.00,0.00,0.00,0,False
Gabriel,dos Santos Magalhães,Gabriel,Arsenal,DEF,2,5,90,0,0,1,0,0,0,0,0,0,0,0,26,13.4,3.3,6.0,2.3,3,4,0,3,1,0.04,0.01,0.05,0.17,6,False
William,Saliba,Saliba,Arsenal,DEF,2,6,90,0,0,1,0,0,0,0,0,0,0,0,27,18.4,2.1,2.0,2.3,5,4,0,5,1,0.00,0.01,0.01,0.17,6,False
Riccardo,Calafiori,Calafiori,Arsenal,DEF,2,7,63,0,2,1,0,0,0,0,0,0,0,1,38,38.0,21.4,22.0,8.1,1,1,0,1,1,0.39,0.01,0.40,0.17,13,True
Jurriën,Timber,J.Timber,Arsenal,DEF,2,8,63,2,1,1,0,0,0,0,0,0,0,3,68,95.0,28.5,75.0,19.9,2,1,4,6,1,0.81,0.05,0.86,0.17,24,True
Jakub,Kiwior,Kiwior,Arsenal,DEF,2,9,0,0,0,0,0,0,0,0,0,0,0,0,0,0.0,0.0,0.0,0.0,0,0,0,0,0,0.00,0.00,0.00,0.00,0,False
Myles,Lewis-Skelly,Lewis-Skelly,Arsenal,DEF,2,10,26,0,0,0,0,0,0,0,0,0,0,0,7,4.2,3.7,0.0,0.8,0,2,1,1,0,0.00,0.00,0.00,0.00,1,False
Benjamin,White,White,Arsenal,DEF,2,11,0,0,0,0,0,0,0,0,0,0,0,0,0,0.0,0.0,0.0,0.0,0,0,0,0,0,0.00,0.00,0.00,0.00,0,False
Oleksandr,Zinchenko,Zinchenko,Nott'm Forest,DEF,2,12,0,0,0,0,0,0,0,0,0,0,0,0,0,0.0,0.0,0.0,0.0,0,0,0,0,0,0.00,0.00,0.00,0.00,0,False
Brayden,Clarke,Clarke,Arsenal,DEF,2,13,0,0,0,0,0,0,0,0,0,0,0,0,0,0.0,0.0,0.0,0.0,0,0,0,0,0,0.00,0.00,0.00,0.00,0,False
Maldini,Kacurri,Kacurri,Arsenal,DEF,2,14,0,0,0,0,0,0,0,0,0,0,0,0,0,0.0,0.0,0.0,0.0,0,0,0,0,0,0.00,0.00,0.00,0.00,0,False
Josh,Nichols,Nichols,Arsenal,DEF,2,15,0,0,0,0,0,0,0,0,0,0,0,0,0,0.0,0.0,0.0,0.0,0,0,0,0,0,0.00,0.00,0.00,0.00,0,False
Bukayo,Saka,Saka,Arsenal,MID,2,16,52,1,0,0,0,0,0,0,0,0,0,0,27,40.4,30.4,21.0,9.2,0,4,0,4,1,0.11,0.03,0.14,0.17,6,False
Martin,Ødegaard,Ødegaard,Arsenal,MID,2,17,37,0,0,0,0,0,0,0,0,0,0,0,5,1.6,4.4,3.0,0.9,0,1,1,2,1,0.05,0.05,0.10,0.17,1,False
Noni,Madueke,Madueke,Arsenal,MID,2,18,63,0,0,1,0,0,0,0,0,0,0,0,10,5.6,26.9,10.0,4.3,0,3,0,3,1,0.00,0.09,0.09,0.17,3,False
Gabriel,Martinelli Silva,Martinelli,Arsenal,MID,2,19,0,0,0,0,0,0,0,0,0,0,0,0,0,0.0,0.0,0.0,0.0,0,0,0,0,0,0.00,0.00,0.00,0.00,0,False
Leandro,Trossard,Trossard,Arsenal,MID,2,20,37,0,0,0,0,0,0,0,0,0,0,0,4,5.4,21.5,4.0,3.1,0,0,0,0,0,0.07,0.03,0.10,0.00,1,False
Declan,Rice,Rice,Arsenal,MID,2,21,90,0,1,1,0,0,0,0,0,0,0,0,26,25.2,50.0,2.0,7.7,0,3,0,3,1,0.00,0.54,0.54,0.17,6,False
Mikel,Merino Zazón,Merino,Arsenal,MID,2,22,0,0,0,0,0,0,0,0,0,0,0,0,0,0.0,0.0,0.0,0.0,0,0,0,0,0,0.00,0.00,0.00,0.00,0,False
Fábio,Ferreira Vieira,Fábio Vieira,Arsenal,MID,2,23,0,0,0,0,0,0,0,0,0,0,0,0,0,0.0,0.0,0.0,0.0,0,0,0,0,0,0.00,0.00,0.00,0.00,0,False
Christian,Nørgaard,Nørgaard,Arsenal,MID,2,24,0,0,0,0,0,0,0,0,0,0,0,0,0,0.0,0.0,0.0,0.0,0,0,0,0,0,0.00,0.00,0.00,0.00,0,False
Ethan,Nwaneri,Nwaneri,Arsenal,MID,2,25,52,0,0,0,0,0,0,0,0,0,0,0,3,5.6,1.8,5.0,1.2,0,3,1,4,0,0.02,0.01,0.03,0.00,1,False
Martín,Zubimendi Ibáñez,Zubimendi,Arsenal,MID,2,26,90,0,0,1,0,0,0,0,0,0,0,0,12,6.4,6.9,1.0,1.4,1,5,2,8,1,0.02,0.02,0.04,0.17,3,False
Reiss,Nelson,Nelson,Brentford,MID,2,27,0,0,0,0,0,0,0,0,0,0,0,0,0,0.0,0.0,0.0,0.0,0,0,0,0,0,0.00,0.00,0.00,0.00,0,False
Ismeal,Kabia,Kabia,Arsenal,MID,2,28,0,0,0,0,0,0,0,0,0,0,0,0,0,0.0,0.0,0.0,0.0,0,0,0,0,0,0.00,0.00,0.00,0.00,0,False
Albert,Sambi Lokonga,Sambi,Arsenal,MID,2,29,0,0,0,0,0,0,0,0,0,0,0,0,0,0.0,0.0,0.0,0.0,0,0,0,0,0,0.00,0.00,0.00,0.00,0,False
Kai,Havertz,Havertz,Arsenal,FWD,2,30,0,0,0,0,0,0,0,0,0,0,0,0,0,0.0,0.0,0.0,0.0,0,0,0,0,0,0.00,0.00,0.00,0.00,0,False
Gabriel,Fernando de Jesus,G.Jesus,Arsenal,FWD,2,31,0,0,0,0,0,0,0,0,0,0,0,0,0,0.0,0.0,0.0,0.0,0,0,0,0,0,0.00,0.00,0.00,0.00,0,False
Emiliano,Martínez Romero,Martinez,Aston Villa,GKP,2,32,90,0,0,0,1,0,0,0,0,0,1,0,15,12.8,0.0,0.0,1.3,0,10,0,0,1,0.00,0.01,0.01,1.21,2,False
Marco,Bizot,M.Bizot,Aston Villa,GKP,2,33,0,0,0,0,0,0,0,0,0,0,0,0,0,0.0,0.0,0.0,0.0,0,0,0,0,0,0.00,0.00,0.00,0.00,0,False
Joe,Gauci,Gauci,Aston Villa,GKP,2,34,0,0,0,0,0,0,0,0,0,0,0,0,0,0.0,0.0,0.0,0.0,0,0,0,0,0,0.00,0.00,0.00,0.00,0,False
Filip,Marschall,Marschall,Aston Villa,GKP,2,35,0,0,0,0,0,0,0,0,0,0,0,0,0,0.0,0.0,0.0,0.0,0,0,0,0,0,0.00,0.00,0.00,0.00,0,False
Matty,Cash,Cash,Aston Villa,DEF,2,36,90,0,0,0,1,0,0,0,0,0,0,0,18,20.4,25.4,4.0,5.0,3,5,3,6,1,0.00,0.23,0.23,1.21,2,False
Lucas,Digne,Digne,Aston Villa,DEF,2,37,63,0,0,0,1,0,0,0,0,0,0,0,8,6.8,8.4,6.0,2.1,1,2,1,2,1,0.00,0.16,0.16,1.11,2,False
Ezri,Konsa Ngoyo,Konsa,Aston Villa,DEF,2,38,0,0,0,0,0,0,0,0,0,0,0,0,0,0.0,0.0,0.0,0.0,0,0,0,0,0,0.00,0.00,0.00,0.00,0,False
Ian,Maatsen,Maatsen,Aston Villa,DEF,2,39,26,0,0,0,0,0,0,0,0,0,0,0,10,10.6,15.4,2.0,2.8,3,2,1,4,0,0.02,0.06,0.08,0.11,1,False
Tyrone,Mings,Mings,Aston Villa,DEF,2,40,90,0,0,0,1,0,0,0,0,0,0,0,12,17.6,12.3,15.0,4.5,5,6,0,5,1,0.11,0.03,0.14,1.21,2,False
Pau,Torres,Pau,Aston Villa,DEF,2,41,90,0,0,0,1,0,0,0,0,0,0,0,8,17.0,5.8,9.0,3.2,1,8,2,3,1,0.07,0.13,0.20,1.21,2,False
Andrés,García,A.García,Aston Villa,DEF,2,42,0,0,0,0,0,0,0,0,0,0,0,0,0,0.0,0.0,0.0,0.0,0,0,0,0,0,0.00,0.00,0.00,0.00,0,False
Álex,Moreno Lopera,Alex Moreno,Aston Villa,DEF,2,43,0,0,0,0,0,0,0,0,0,0,0,0,0,0.0,0.0,0.0,0.0,0,0,0,0,0,0.00,0.00,0.00,0.00,0,False
Lamare,Bogarde,Bogarde,Aston Villa,DEF,2,44,16,0,0,0,0,0,0,0,1,0,0,0,-3,0.0,2.3,2.0,0.3,0,0,0,0,0,0.00,0.03,0.03,0.11,0,False
Lino,da Cruz Sousa,Sousa,Aston Villa,DEF,2,45,0,0,0,0,0,0,0,0,0,0,0,0,0,0.0,0.0,0.0,0.0,0,0,0,0,0,0.00,0.00,0.00,0.00,0,False
Yasin,Özcan,Yasin,Aston Villa,DEF,2,46,0,0,0,0,0,0,0,0,0,0,0,0,0,0.0,0.0,0.0,0.0,0,0,0,0,0,0.00,0.00,0.00,0.00,0,False
Morgan,Rogers,Rogers,Aston Villa,MID,2,47,90,0,0,0,1,0,0,0,0,0,0,0,3,4.4,21.3,17.0,4.3,0,1,0,1,1,0.10,0.12,0.22,1.21,2,False
Youri,Tielemans,Tielemans,Aston Villa,MID,2,48,90,0,0,0,1,0,0,0,0,0,0,0,13,11.2,50.8,12.0,7.4,0,2,1,3,1,0.04,0.29,0.33,1.21,2,False
Leon,Bailey,Bailey,Aston Villa,MID,2,49,0,0,0,0,0,0,0,0,0,0,0,0,0,0.0,0.0,0.0,0.0,0,0,0,0,0,0.00,0.00,0.00,0.00,0,False
Emiliano,Buendía Stati,Buendía,Aston Villa,MID,2,50,58,0,0,0,0,0,0,0,0,0,0,0,1,0.8,12.2,9.0,2.2,2,0,1,3,0,0.20,0.20,0.40,0.28,1,False
Samuel,Iling-Junior,Iling Jr,Aston Villa,MID,2,51,0,0,0,0,0,0,0,0,0,0,0,0,0,0.0,0.0,0.0,0.0,0,0,0,0,0,0.00,0.00,0.00,0.00,0,False
Jacob,Ramsey,J.Ramsey,Newcastle,MID,2,52,14,0,0,0,1,0,0,0,0,0,0,0,5,4.2,11.0,0.0,1.5,0,3,1,4,0,0.00,0.02,0.02,0.37,1,False
Donyell,Malen,Malen,Aston Villa,MID,2,53,26,0,0,0,0,0,0,0,0,0,0,0,3,0.4,2.8,2.0,0.5,0,1,0,1,0,0.00,0.02,0.02,0.11,1,False
John,McGinn,McGinn,Aston Villa,MID,2,54,73,0,0,0,1,0,0,0,0,0,0,0,14,17.6,31.1,15.0,6.4,2,2,0,4,1,0.05,0.12,0.17,1.11,2,False
Ross,Barkley,Barkley,Aston Villa,MID,2,55,0,0,0,0,0,0,0,0,0,0,0,0,0,0.0,0.0,0.0,0.0,0,0,0,0,0,0.00,0.00,0.00,0.00,0,False
Enzo,Barrenechea,Barrenechea,Aston Villa,MID,2,56,0,0,0,0,0,0,0,0,0,0,0,0,0,0.0,0.0,0.0,0.0,0,0,0,0,0,0.00,0.00,0.00,0.00,0,False
Lewis,Dobbin,Dobbin,Aston Villa,MID,2,57,0,0,0,0,0,0,0,0,0,0,0,0,0,0.0,0.0,0.0,0.0,0,0,0,0,0,0.00,0.00,0.00,0.00,0,False
Boubacar,Kamara,Kamara,Aston Villa,MID,2,58,15,0,0,0,1,0,0,0,0,0,0,0,5,1.6,0.8,2.0,0.4,0,0,1,1,1,0.00,0.00,0.00,0.83,1,False
Amadou,Onana,Onana,Aston Villa,MID,2,59,63,0,0,0,1,0,0,0,1,0,0,0,10,14.6,3.2,16.0,3.4,4,3,2,9,1,0.23,0.04,0.27,1.11,1,False
Ben,Broggio,Broggio,Aston Villa,MID,2,60,0,0,0,0,0,0,0,0,0,0,0,0,0,0.0,0.0,0.0,0.0,0,0,0,0,0,0.00,0.00,0.00,0.00,0,False
Leander,Dendoncker,Dendoncker,Aston Villa,MID,2,61,0,0,0,0,0,0,0,0,0,0,0,0,0,0.0,0.0,0.0,0.0,0,0,0,0,0,0.00,0.00,0.00,0.00,0,False
Jamaldeen,Jimoh-Aloba,Jimoh-Aloba,Aston Villa,MID,2,62,0,0,0,0,0,0,0,0,0,0,0,0,0,0.0,0.0,0.0,0.0,0,0,0,0,0,0.00,0.00,0.00,0.00,0,False
Kadan,Young,Young,Aston Villa,MID,2,63,0,0,0,0,0,0,0,0,0,0,0,0,0,0.0,0.0,0.0,0.0,0,0,0,0,0,0.00,0.00,0.00,0.00,0,False
Ollie,Watkins,Watkins,Aston Villa,FWD,2,64,90,0,0,0,1,0,0,0,0,0,0,0,6,1.8,14.1,22.0,3.8,0,3,1,4,1,0.37,0.08,0.45,1.21,2,False
Zépiqueno,Redmond,Redmond,Aston Villa,FWD,2,65,0,0,0,0,0,0,0,0,0,0,0,0,0,0.0,0.0,0.0,0.0,0,0,0,0,0,0.00,0.00,0.00,0.00,0,False
Norberto,Murara Neto,Neto,Bournemouth,GKP,2,66,0,0,0,0,0,0,0,0,0,0,0,0,0,0.0,0.0,0.0,0.0,0,0,0,0,0,0.00,0.00,0.00,0.00,0,False
Đorđe,Petrović,Petrović,Bournemouth,GKP,2,67,90,0,0,1,0,0,0,0,0,0,1,0,23,11.4,0.0,0.0,1.1,2,5,0,0,1,0.00,0.00,0.00,0.46,6,False
Will,Dennis,Dennis,Bournemouth,GKP,2,68,0,0,0,0,0,0,0,0,0,0,0,0,0,0.0,0.0,0.0,0.0,0,0,0,0,0,0.00,0.00,0.00,0.00,0,False
Callan,McKenna,McKenna,Bournemouth,GKP,2,69,0,0,0,0,0,0,0,0,0,0,0,0,0,0.0,0.0,0.0,0.0,0,0,0,0,0,0.00,0.00,0.00,0.00,0,False
Alex,Paulsen,Paulsen,Bournemouth,GKP,2,70,0,0,0,0,0,0,0,0,0,0,0,0,0,0.0,0.0,0.0,0.0,0,0,0,0,0,0.00,0.00,0.00,0.00,0,False
Illia,Zabarnyi,Zabarnyi,Bournemouth,DEF,2,71,0,0,0,0,0,0,0,0,0,0,0,0,0,0.0,0.0,0.0,0.0,0,0,0,0,0,0.00,0.00,0.00,0.00,0,False
Marcos,Senesi Barón,Senesi,Bournemouth,DEF,2,72,90,0,0,1,0,0,0,0,0,0,0,1,31,25.0,0.9,2.0,2.8,13,4,1,14,1,0.00,0.01,0.01,0.46,9,False
Adam,Smith,Smith,Bournemouth,DEF,2,73,90,0,0,1,0,0,0,0,0,0,0,0,24,5.6,3.4,0.0,0.9,2,1,0,2,1,0.00,0.01,0.01,0.46,6,False
Adrien,Truffert,Truffert,Bournemouth,DEF,2,74,90,0,0,1,0,0,0,0,0,0,0,0,28,18.0,18.9,6.0,4.3,4,4,0,4,1,0.00,0.04,0.04,0.46,6,False
Matai,Akinmboni,Akinmboni,Bournemouth,DEF,2,75,0,0,0,0,0,0,0,0,0,0,0,0,0,0.0,0.0,0.0,0.0,0,0,0,0,0,0.00,0.00,0.00,0.00,0,False
Owen,Bevan,Bevan,Bournemouth,DEF,2,76,0,0,0,0,0,0,0,0,0,0,0,0,0,0.0,0.0,0.0,0.0,0,0,0,0,0,0.00,0.00,0.00,0.00,0,False
James,Hill,Hill,Bournemouth,DEF,2,77,2,0,0,0,0,0,0,0,0,0,0,0,3,0.4,0.2,0.0,0.1,0,0,0,0,0,0.00,0.00,0.00,0.06,1,False
Julián,Araujo Zúñiga,J.Araujo,Bournemouth,DEF,2,78,0,0,0,0,0,0,0,0,0,0,0,0,0,0.0,0.0,0.0,0.0,0,0,0,0,0,0.00,0.00,0.00,0.00,0,False
Chris,Mepham,Mepham,Bournemouth,DEF,2,79,0,0,0,0,0,0,0,0,0,0,0,0,0,0.0,0.0,0.0,0.0,0,0,0,0,0,0.00,0.00,0.00,0.00,0,False
Julio,Soler Barreto,Soler,Bournemouth,DEF,2,80,0,0,0,0,0,0,0,0,0,0,0,0,0,0.0,0.0,0.0,0.0,0,0,0,0,0,0.00,0.00,0.00,0.00,0,False
Justin,Kluivert,Kluivert,Bournemouth,MID,2,81,12,0,0,0,0,0,0,0,0,0,0,0,1,0.0,11.3,7.0,1.8,0,0,0,0,0,0.11,0.01,0.12,0.06,1,False
Antoine,Semenyo,Semenyo,Bournemouth,MID,2,82,90,0,1,1,0,0,0,0,0,0,0,0,11,20.2,36.0,45.0,10.1,0,5,0,5,1,0.68,0.07,0.75,0.46,6,False
Dango,Ouattara,O.Dango,Brentford,MID,2,83,83,1,0,1,0,0,0,0,0,0,0,3,33,50.4,3.7,56.0,11.0,5,6,4,15,1,0.77,0.02,0.79,1.10,13,True
Marcus,Tavernier,Tavernier,Bournemouth,MID,2,84,77,1,0,1,0,0,0,0,0,0,0,3,36,42.8,4.5,28.0,7.5,2,2,0,4,1,0.19,0.21,0.40,0.41,11,True
Tyler,Adams,Adams,Bournemouth,MID,2,85,87,0,0,1,0,0,0,0,1,0,0,0,17,20.2,5.3,7.0,3.3,4,3,2,9,1,0.03,0.01,0.04,0.41,2,False
David,Brooks,Brooks,Bournemouth,MID,2,86,66,0,0,1,0,0,0,0,0,0,0,0,11,8.2,24.2,15.0,4.7,2,2,0,4,1,0.17,0.67,0.84,0.41,3,False
Ryan,Christie,Christie,Bournemouth,MID,2,87,24,0,0,0,0,0,0,0,0,0,0,0,3,4.4,13.1,5.0,2.3,1,1,0,2,0,0.06,0.02,0.08,0.06,1,False
Lewis,Cook,Cook,Bournemouth,MID,2,88,0,0,0,0,0,0,0,0,0,0,0,0,0,0.0,0.0,0.0,0.0,0,0,0,0,0,0.00,0.00,0.00,0.00,0,False
Philip,Billing,Philip,Bournemouth,MID,2,89,0,0,0,0,0,0,0,0,0,0,0,0,0,0.0,0.0,0.0,0.0,0,0,0,0,0,0.00,0.00,0.00,0.00,0,False
Alex,Scott,Scott,Bournemouth,MID,2,90,65,0,0,1,0,0,0,0,1,0,0,0,10,7.4,13.9,5.0,2.6,2,1,3,6,1,0.05,0.03,0.08,0.41,2,False
Luis,Sinisterra Lucumí,Sinisterra,Bournemouth,MID,2,91,0,0,0,0,0,0,0,0,0,0,0,0,0,0.0,0.0,0.0,0.0,0,0,0,0,0,0.00,0.00,0.00,0.00,0,False
Romain,Faivre,Faivre,Bournemouth,MID,2,92,0,0,0,0,0,0,0,0,0,0,0,0,0,0.0,0.0,0.0,0.0,0,0,0,0,0,0.00,0.00,0.00,0.00,0,False
Hamed,Traorè,H.Traorè,Bournemouth,MID,2,93,0,0,0,0,0,0,0,0,0,0,0,0,0,0.0,0.0,0.0,0.0,0,0,0,0,0,0.00,0.00,0.00,0.00,0,False
Dominic,Sadi,Sadi,Bournemouth,MID,2,94,0,0,0,0,0,0,0,0,0,0,0,0,0,0.0,0.0,0.0,0.0,0,0,0,0,0,0.00,0.00,0.00,0.00,0,False
Zain,Silcott-Duberry,Silcott-Duberry,Bournemouth,MID,2,95,0,0,0,0,0,0,0,0,0,0,0,0,0,0.0,0.0,0.0,0.0,0,0,0,0,0,0.00,0.00,0.00,0.00,0,False
Ben,Winterburn,Winterburn,Bournemouth,MID,2,96,0,0,0,0,0,0,0,0,0,0,0,0,0,0.0,0.0,0.0,0.0,0,0,0,0,0,0.00,0.00,0.00,0.00,0,False
Francisco Evanilson,de Lima Barbosa,Evanilson,Bournemouth,FWD,2,97,87,0,0,1,0,0,0,0,0,0,0,0,13,6.4,45.5,4.0,5.6,0,1,0,1,1,0.00,0.02,0.02,0.41,2,False
Enes,Ünal,Enes Ünal,Bournemouth,FWD,2,98,0,0,0,0,0,0,0,0,0,0,0,0,0,0.0,0.0,0.0,0.0,0,0,0,0,0,0.00,0.00,0.00,0.00,0,False
Daniel,Adu-Adjei,Adu-Adjei,Bournemouth,FWD,2,99,0,0,0,0,0,0,0,0,0,0,0,0,0,0.0,0.0,0.0,0.0,0,0,0,0,0,0.00,0.00,0.00,0.00,0,False
Eli Junior,Kroupi,Kroupi.Jr,Bournemouth,FWD,2,100,2,0,0,0,0,0,0,0,0,0,0,0,3,0.0,0.0,2.0,0.2,0,0,0,0,0,0.00,0.00,0.00,0.06,1,False
Caoimhín,Kelleher,Kelleher,Brentford,GKP,2,101,90,0,0,1,0,0,0,0,1,0,2,0,21,10.0,0.0,0.0,1.0,1,7,0,0,1,0.00,0.01,0.01,1.19,5,False
Ellery,Balcombe,Balcombe,Brentford,GKP,2,102,0,0,0,0,0,0,0,0,0,0,0,0,0,0.0,0.0,0.0,0.0,0,0,0,0,0,0.00,0.00,0.00,0.00,0,False
Matthew,Cox,Cox,Brentford,GKP,2,103,0,0,0,0,0,0,0,0,0,0,0,0,0,0.0,0.0,0.0,0.0,0,0,0,0,0,0.00,0.00,0.00,0.00,0,False
Julian,Eyestone,Eyestone,Brentford,GKP,2,104,0,0,0,0,0,0,0,0,0,0,0,0,0,0.0,0.0,0.0,0.0,0,0,0,0,0,0.00,0.00,0.00,0.00,0,False
Hákon Rafn,Valdimarsson,Valdimarsson,Brentford,GKP,2,105,0,0,0,0,0,0,0,0,0,0,0,0,0,0.0,0.0,0.0,0.0,0,0,0,0,0,0.00,0.00,0.00,0.00,0,False
Nathan,Collins,Collins,Brentford,DEF,2,106,90,0,0,1,0,0,0,0,0,0,0,1,25,20.8,0.3,6.0,2.7,12,5,1,13,1,0.00,0.01,0.01,1.19,9,False
Keane,Lewis-Potter,Lewis-Potter,Brentford,DEF,2,107,90,0,0,1,0,0,0,0,0,0,0,0,24,8.0,0.8,2.0,1.1,3,4,1,4,1,0.00,0.00,0.00,1.19,6,False
Kristoffer,Ajer,Ajer,Brentford,DEF,2,108,5,0,0,0,0,0,0,0,0,0,0,0,3,1.4,0.1,0.0,0.2,1,0,0,1,0,0.00,0.00,0.00,0.10,1,False
Rico,Henry,Henry,Brentford,DEF,2,109,6,0,0,0,0,0,0,0,0,0,0,0,3,2.0,0.0,0.0,0.2,1,0,0,1,0,0.00,0.00,0.00,0.10,1,False
Michael,Kayode,Kayode,Brentford,DEF,2,110,84,0,0,1,0,0,0,0,0,0,0,2,27,32.4,0.5,2.0,3.5,6,4,5,11,1,0.00,0.01,0.01,1.10,10,False
Ethan,Pinnock,Pinnock,Brentford,DEF,2,111,0,0,0,0,0,0,0,0,0,0,0,0,0,0.0,0.0,0.0,0.0,0,0,0,0,0,0.00,0.00,0.00,0.00,0,False
Mads,Roerslev Rasmussen,Roerslev,Brentford,DEF,2,112,0,0,0,0,0,0,0,0,0,0,0,0,0,0.0,0.0,0.0,0.0,0,0,0,0,0,0.00,0.00,0.00,0.00,0,False
Sepp,van den Berg,Van den Berg,Brentford,DEF,2,113,90,0,0,1,0,0,0,0,0,0,0,0,23,28.0,0.3,0.0,2.8,12,2,0,12,1,0.00,0.00,0.00,1.19,8,False
Benjamin,Arthur,Arthur,Brentford,DEF,2,114,0,0,0,0,0,0,0,0,0,0,0,0,0,0.0,0.0,0.0,0.0,0,0,0,0,0,0.00,0.00,0.00,0.00,0,False
Benjamin,Fredrick,Fredrick,Brentford,DEF,2,115,0,0,0,0,0,0,0,0,0,0,0,0,0,0.0,0.0,0.0,0.0,0,0,0,0,0,0.00,0.00,0.00,0.00,0,False
Aaron,Hickey,Hickey,Brentford,DEF,2,116,11,0,0,0,0,0,0,0,0,0,0,0,5,4.0,0.1,0.0,0.4,0,0,2,2,0,0.00,0.00,0.00,0.24,1,False
Kim,Ji-soo,Ji-soo,Brentford,DEF,2,117,0,0,0,0,0,0,0,0,0,0,0,0,0,0.0,0.0,0.0,0.0,0,0,0,0,0,0.00,0.00,0.00,0.00,0,False
Jayden,Meghoma,Meghoma,Brentford,DEF,2,118,0,0,0,0,0,0,0,0,0,0,0,0,0,0.0,0.0,0.0,0.0,0,0,0,0,0,0.00,0.00,0.00,0.00,0,False
Bryan,Mbeumo,Mbeumo,Man Utd,MID,2,119,90,0,0,0,1,0,0,0,0,0,0,0,8,6.2,43.7,8.0,5.8,0,2,0,2,1,0.00,0.31,0.31,1.76,2,False
Kevin,Schade,Schade,Brentford,MID,2,120,78,0,0,1,0,0,0,0,0,0,0,0,13,16.4,17.3,9.0,4.3,3,5,2,10,1,0.10,0.02,0.12,0.95,3,False
Mikkel,Damsgaard,Damsgaard,Brentford,MID,2,121,90,0,0,1,0,0,0,0,0,0,0,0,18,27.8,43.2,14.0,8.5,5,7,3,15,1,0.06,0.24,0.30,1.19,5,False
Antoni,Milambo,Milambo,Brentford,MID,2,122,0,0,0,0,0,0,0,0,0,0,0,0,0,0.0,0.0,0.0,0.0,0,0,0,0,0,0.00,0.00,0.00,0.00,0,False
Fábio,Freitas Gouveia Carvalho,Carvalho,Brentford,MID,2,123,0,0,0,0,0,0,0,0,0,0,0,0,0,0.0,0.0,0.0,0.0,0,0,0,0,0,0.00,0.00,0.00,0.00,0,False
Jordan,Henderson,Henderson,Brentford,MID,2,124,68,0,0,1,0,0,0,0,0,0,0,0,8,9.8,2.3,5.0,1.7,3,4,2,9,1,0.03,0.00,0.03,0.88,3,False
Vitaly,Janelt,Janelt,Brentford,MID,2,125,0,0,0,0,0,0,0,0,0,0,0,0,0,0.0,0.0,0.0,0.0,0,0,0,0,0,0.00,0.00,0.00,0.00,0,False
Mathias,Jensen,Jensen,Brentford,MID,2,126,11,0,0,0,0,0,0,0,0,0,0,0,5,3.4,0.3,0.0,0.4,1,1,1,3,0,0.00,0.01,0.01,0.24,1,False
Gustavo,Nunes Fernandes Gomes,Nunes,Brentford,MID,2,127,0,0,0,0,0,0,0,0,0,0,0,0,0,0.0,0.0,0.0,0.0,0,0,0,0,0,0.00,0.00,0.00,0.00,0,False
Frank,Onyeka,Onyeka,Brentford,MID,2,128,21,0,0,0,0,0,0,0,0,0,0,0,6,3.4,0.2,0.0,0.4,2,2,0,4,0,0.00,0.00,0.00,0.31,1,False
Yehor,Yarmoliuk,Yarmoliuk,Brentford,MID,2,129,78,0,0,1,0,0,0,0,0,0,0,0,15,18.4,5.4,1.0,2.5,6,4,5,15,1,0.03,0.01,0.04,0.95,5,False
Romelle,Donovan,Donovan,Brentford,MID,2,130,0,0,0,0,0,0,0,0,0,0,0,0,0,0.0,0.0,0.0,0.0,0,0,0,0,0,0.00,0.00,0.00,0.00,0,False
Yunus Emre,Konak,Konak,Brentford,MID,2,131,0,0,0,0,0,0,0,0,0,0,0,0,0,0.0,0.0,0.0,0.0,0,0,0,0,0,0.00,0.00,0.00,0.00,0,False
Paris,Maghoma,Maghoma,Brentford,MID,2,132,0,0,0,0,0,0,0,0,0,0,0,0,0,0.0,0.0,0.0,0.0,0,0,0,0,0,0.00,0.00,0.00,0.00,0,False
Myles,Peart-Harris,Peart-Harris,Brentford,MID,2,133,0,0,0,0,0,0,0,0,0,0,0,0,0,0.0,0.0,0.0,0.0,0,0,0,0,0,0.00,0.00,0.00,0.00,0,False
Ryan,Trevitt,Trevitt,Brentford,MID,2,134,0,0,0,0,0,0,0,0,0,0,0,0,0,0.0,0.0,0.0,0.0,0,0,0,0,0,0.00,0.00,0.00,0.00,0,False
Yoane,Wissa,Wissa,Newcastle,FWD,2,135,0,0,0,0,0,0,0,0,0,0,0,0,0,0.0,0.0,0.0,0.0,0,0,0,0,0,0.00,0.00,0.00,0.00,0,False
Igor Thiago,Nascimento Rodrigues,Thiago,Brentford,FWD,2,136,90,0,0,1,0,0,0,0,0,0,0,0,4,4.6,16.3,17.0,3.8,3,3,2,8,1,0.22,0.01,0.23,1.19,2,False
Iwan,Morgan,Morgan,Brentford,FWD,2,137,0,0,0,0,0,0,0,0,0,0,0,0,0,0.0,0.0,0.0,0.0,0,0,0,0,0,0.00,0.00,0.00,0.00,0,False
Jason,Steele,Steele,Brighton,GKP,2,138,0,0,0,0,0,0,0,0,0,0,0,0,0,0.0,0.0,0.0,0.0,0,0,0,0,0,0.00,0.00,0.00,0.00,0,False
Bart,Verbruggen,Verbruggen,Brighton,GKP,2,139,90,0,0,0,2,0,0,0,0,0,1,0,5,10.2,10.0,0.0,2.0,0,14,0,0,1,0.00,0.00,0.00,1.60,1,False
Tom,McGill,McGill,Brighton,GKP,2,140,0,0,0,0,0,0,0,0,0,0,0,0,0,0.0,0.0,0.0,0.0,0,0,0,0,0,0.00,0.00,0.00,0.00,0,False
Carl,Rushworth,Rushworth,Brighton,GKP,2,141,0,0,0,0,0,0,0,0,0,0,0,0,0,0.0,0.0,0.0,0.0,0,0,0,0,0,0.00,0.00,0.00,0.00,0,False
Kjell,Scherpen,Scherpen,Brighton,GKP,2,142,0,0,0,0,0,0,0,0,0,0,0,0,0,0.0,0.0,0.0,0.0,0,0,0,0,0,0.00,0.00,0.00,0.00,0,False
Olivier,Boscagli,Boscagli,Brighton,DEF,2,143,0,0,0,0,0,0,0,0,0,0,0,0,0,0.0,0.0,0.0,0.0,0,0,0,0,0,0.00,0.00,0.00,0.00,0,False
Diego,Coppola,Coppola,Brighton,DEF,2,144,0,0,0,0,0,0,0,0,0,0,0,0,0,0.0,0.0,0.0,0.0,0,0,0,0,0,0.00,0.00,0.00,0.00,0,False
Maxim,De Cuyper,De Cuyper,Brighton,DEF,2,145,66,0,0,0,2,0,0,0,1,0,0,0,2,4.8,1.0,4.0,1.0,4,2,1,5,1,0.00,0.02,0.02,1.20,0,False
Lewis,Dunk,Dunk,Brighton,DEF,2,146,90,0,0,0,2,0,0,0,0,0,0,0,11,16.0,0.6,0.0,1.7,6,6,2,8,1,0.00,0.00,0.00,1.60,1,False
Pervis,Estupiñán Tenorio,Estupiñan,Brighton,DEF,2,147,0,0,0,0,0,0,0,0,0,0,0,0,0,0.0,0.0,0.0,0.0,0,0,0,0,0,0.00,0.00,0.00,0.00,0,False
Ferdi,Kadıoğlu,F.Kadıoğlu,Brighton,DEF,2,148,23,0,0,0,0,0,0,0,1,0,0,0,-1,0.0,2.2,0.0,0.2,1,2,0,1,0,0.00,0.00,0.00,0.40,0,False
Igor Julio,dos Santos de Paulo,Igor,West Ham,DEF,2,149,0,0,0,0,0,0,0,0,0,0,0,0,0,0.0,0.0,0.0,0.0,0,0,0,0,0,0.00,0.00,0.00,0.00,0,False
Tariq,Lamptey,Lamptey,Brighton,DEF,2,150,0,0,0,0,0,0,0,0,0,0,0,0,0,0.0,0.0,0.0,0.0,0,0,0,0,0,0.00,0.00,0.00,0.00,0,False
Jan Paul,van Hecke,Van Hecke,Brighton,DEF,2,151,90,0,0,0,2,0,0,0,0,0,0,0,5,18.6,0.9,4.0,2.4,6,3,0,6,1,0.01,0.01,0.02,1.60,1,False
Joël,Veltman,Veltman,Brighton,DEF,2,152,0,0,0,0,0,0,0,0,0,0,0,0,0,0.0,0.0,0.0,0.0,0,0,0,0,0,0.00,0.00,0.00,0.00,0,False
Adam,Webster,Webster,Brighton,DEF,2,153,0,0,0,0,0,0,0,0,0,0,0,0,0,0.0,0.0,0.0,0.0,0,0,0,0,0,0.00,0.00,0.00,0.00,0,False
Eiran,Cashin,Cashin,Brighton,DEF,2,154,0,0,0,0,0,0,0,0,0,0,0,0,0,0.0,0.0,0.0,0.0,0,0,0,0,0,0.00,0.00,0.00,0.00,0,False
Jacob,Slater,Slater,Brighton,DEF,2,155,0,0,0,0,0,0,0,0,0,0,0,0,0,0.0,0.0,0.0,0.0,0,0,0,0,0,0.00,0.00,0.00,0.00,0,False
Charlie,Tasker,Tasker,Brighton,DEF,2,156,0,0,0,0,0,0,0,0,0,0,0,0,0,0.0,0.0,0.0,0.0,0,0,0,0,0,0.00,0.00,0.00,0.00,0,False
Mitoma,Kaoru,Mitoma,Brighton,MID,2,157,90,0,0,0,2,0,0,0,0,0,0,0,8,12.0,42.8,10.0,6.5,0,4,1,5,1,0.15,0.09,0.24,1.60,2,False
Georginio,Rutter,Georginio,Brighton,MID,2,158,0,0,0,0,0,0,0,0,0,0,0,0,0,0.0,0.0,0.0,0.0,0,0,0,0,0,0.00,0.00,0.00,0.00,0,False
Solly,March,March,Brighton,MID,2,159,0,0,0,0,0,0,0,0,0,0,0,0,0,0.0,0.0,0.0,0.0,0,0,0,0,0,0.00,0.00,0.00,0.00,0,False
Yankuba,Minteh,Minteh,Brighton,MID,2,160,90,0,0,0,2,0,0,0,0,0,0,0,14,16.2,42.4,29.0,8.8,2,4,1,7,1,0.08,0.55,0.63,1.60,2,False
Julio,Enciso Espínola,Enciso,Brighton,MID,2,161,0,0,0,0,0,0,0,0,0,0,0,0,0,0.0,0.0,0.0,0.0,0,0,0,0,0,0.00,0.00,0.00,0.00,0,False
Brajan,Gruda,Gruda,Brighton,MID,2,162,5,0,0,0,0,0,0,0,0,0,0,0,2,0.0,0.0,6.0,0.5,0,1,0,1,0,0.06,0.00,0.06,0.39,1,False
Jack,Hinshelwood,Hinshelwood,Brighton,MID,2,163,45,0,0,0,1,0,0,0,0,0,0,0,9,4.6,1.2,0.0,0.6,0,2,1,3,0,0.00,0.01,0.01,0.67,1,False
Matt,O'Riley,O'Riley,Brighton,MID,2,164,90,0,0,0,2,0,0,0,0,0,0,0,12,15.0,22.3,38.0,7.5,3,2,1,6,1,0.42,0.03,0.45,1.60,2,False
Abdallah,Sima,Sima,Brighton,MID,2,165,0,0,0,0,0,0,0,0,0,0,0,0,0,0.0,0.0,0.0,0.0,0,0,0,0,0,0.00,0.00,0.00,0.00,0,False
Yasin,Ayari,Ayari,Brighton,MID,2,166,66,0,0,0,2,0,0,0,0,0,0,0,10,10.6,3.9,18.0,3.3,1,2,3,6,1,0.15,0.02,0.17,1.20,2,False
Carlos,Baleba,Baleba,Brighton,MID,2,167,45,0,0,0,1,0,0,0,0,0,0,0,3,0.4,10.8,0.0,1.1,0,2,0,2,1,0.00,0.00,0.00,0.92,1,False
Facundo,Buonanotte,Buonanotte,Chelsea,MID,2,168,0,0,0,0,0,0,0,0,0,0,0,0,0,0.0,0.0,0.0,0.0,0,0,0,0,0,0.00,0.00,0.00,0.00,0,False
Diego,Gómez Amarilla,Gomez,Brighton,MID,2,169,23,0,0,0,0,0,0,0,0,0,0,0,3,7.0,2.0,0.0,0.9,4,1,0,5,0,0.00,0.01,0.01,0.40,1,False
James,Milner,Milner,Brighton,MID,2,170,0,0,0,0,0,0,0,0,0,0,0,0,0,0.0,0.0,0.0,0.0,0,0,0,0,0,0.00,0.00,0.00,0.00,0,False
Jeremy,Sarmiento Morante,Sarmiento,Brighton,MID,2,171,0,0,0,0,0,0,0,0,0,0,0,0,0,0.0,0.0,0.0,0.0,0,0,0,0,0,0.00,0.00,0.00,0.00,0,False
Tom,Watson,Watson,Brighton,MID,2,172,0,0,0,0,0,0,0,0,0,0,0,0,0,0.0,0.0,0.0,0.0,0,0,0,0,0,0.00,0.00,0.00,0.00,0,False
Mats,Wieffer,Wieffer,Brighton,MID,2,173,84,0,0,0,2,0,0,0,1,0,0,0,13,20.0,2.4,0.0,2.2,3,3,7,13,1,0.00,0.02,0.02,1.21,3,False
Malick,Yalcouyé,Yalcouye,Brighton,MID,2,174,0,0,0,0,0,0,0,0,0,0,0,0,0,0.0,0.0,0.0,0.0,0,0,0,0,0,0.00,0.00,0.00,0.00,0,False
Joe,Knight,Knight,Brighton,MID,2,175,0,0,0,0,0,0,0,0,0,0,0,0,0,0.0,0.0,0.0,0.0,0,0,0,0,0,0.00,0.00,0.00,0.00,0,False
Adrian,Mazilu,Mazilu,Brighton,MID,2,176,0,0,0,0,0,0,0,0,0,0,0,0,0,0.0,0.0,0.0,0.0,0,0,0,0,0,0.00,0.00,0.00,0.00,0,False
Andrew,Moran,Moran,Brighton,MID,2,177,0,0,0,0,0,0,0,0,0,0,0,0,0,0.0,0.0,0.0,0.0,0,0,0,0,0,0.00,0.00,0.00,0.00,0,False
Danny,Welbeck,Welbeck,Brighton,FWD,2,178,90,0,0,0,2,0,0,1,0,0,0,0,-9,0.0,3.4,27.0,2.8,0,1,0,1,1,1.56,0.10,1.66,1.60,0,False
Evan,Ferguson,Ferguson,Brighton,FWD,2,179,0,0,0,0,0,0,0,0,0,0,0,0,0,0.0,0.0,0.0,0.0,0,0,0,0,0,0.00,0.00,0.00,0.00,0,False
Stefanos,Tzimas,Tzimas,Brighton,FWD,2,180,0,0,0,0,0,0,0,0,0,0,0,0,0,0.0,0.0,0.0,0.0,0,0,0,0,0,0.00,0.00,0.00,0.00,0,False
Charalampos,Kostoulas,Kostoulas,Brighton,FWD,2,181,0,0,0,0,0,0,0,0,0,0,0,0,0,0.0,0.0,0.0,0.0,0,0,0,0,0,0.00,0.00,0.00,0.00,0,False
James,Trafford,Trafford,Man City,GKP,2,182,90,0,0,0,2,0,0,0,0,0,3,0,13,30.8,0.0,0.0,3.1,3,10,2,0,1,0.00,0.00,0.00,1.11,2,False
Max,Weiß,Weiss,Burnley,GKP,2,183,0,0,0,0,0,0,0,0,0,0,0,0,0,0.0,0.0,0.0,0.0,0,0,0,0,0,0.00,0.00,0.00,0.00,0,False
Etienne,Green,Green,Burnley,GKP,2,184,0,0,0,0,0,0,0,0,0,0,0,0,0,0.0,0.0,0.0,0.0,0,0,0,0,0,0.00,0.00,0.00,0.00,0,False
Václav,Hladký,Hladký,Burnley,GKP,2,185,0,0,0,0,0,0,0,0,0,0,0,0,0,0.0,0.0,0.0,0.0,0,0,0,0,0,0.00,0.00,0.00,0.00,0,False
Connor,Roberts,Roberts,Burnley,DEF,2,186,0,0,0,0,0,0,0,0,0,0,0,0,0,0.0,0.0,0.0,0.0,0,0,0,0,0,0.00,0.00,0.00,0.00,0,False
Kyle,Walker,Walker,Burnley,DEF,2,187,90,0,0,1,0,0,0,0,0,0,0,0,26,15.4,2.1,0.0,1.8,6,6,1,7,1,0.00,0.02,0.02,0.77,6,False
Hannes,Delcroix,Delcroix,Burnley,DEF,2,188,0,0,0,0,0,0,0,0,0,0,0,0,0,0.0,0.0,0.0,0.0,0,0,0,0,0,0.00,0.00,0.00,0.00,0,False
Owen,Dodgson,Dodgson,Burnley,DEF,2,189,0,0,0,0,0,0,0,0,0,0,0,0,0,0.0,0.0,0.0,0.0,0,0,0,0,0,0.00,0.00,0.00,0.00,0,False
Hjalmar,Ekdal,Ekdal,Burnley,DEF,2,190,90,0,0,1,0,0,0,0,0,0,0,1,34,31.8,14.3,4.0,5.0,12,3,2,14,1,0.00,0.01,0.01,0.77,9,False
Maxime,Estève,Estève,Burnley,DEF,2,191,82,0,0,1,0,0,0,0,0,0,0,0,29,21.0,1.1,0.0,2.2,6,1,1,7,1,0.00,0.01,0.01,0.66,6,False
Quilindschy,Hartman,Hartman,Burnley,DEF,2,192,90,0,0,1,0,0,0,0,0,0,0,0,26,19.8,7.3,2.0,2.9,3,3,5,8,1,0.00,0.04,0.04,0.77,6,False
Bashir,Humphreys,Humphreys,Burnley,DEF,2,193,0,0,0,0,0,0,0,0,0,0,0,0,0,0.0,0.0,0.0,0.0,0,0,0,0,0,0.00,0.00,0.00,0.00,0,False
Jordan,Beyer,Jordan,Burnley,DEF,2,194,0,0,0,0,0,0,0,0,0,0,0,0,0,0.0,0.0,0.0,0.0,0,0,0,0,0,0.00,0.00,0.00,0.00,0,False
Lucas,Pires Silva,Lucas Pires,Burnley,DEF,2,195,0,0,0,0,0,0,0,0,0,0,0,0,0,0.0,0.0,0.0,0.0,0,0,0,0,0,0.00,0.00,0.00,0.00,0,False
Shurandy,Sambo,Sambo,Burnley,DEF,2,196,0,0,0,0,0,0,0,0,0,0,0,0,0,0.0,0.0,0.0,0.0,0,0,0,0,0,0.00,0.00,0.00,0.00,0,False
Oliver,Sonne,Sonne,Burnley,DEF,2,197,21,0,0,0,0,0,0,0,0,0,0,0,1,0.0,0.5,0.0,0.0,0,2,0,0,0,0.00,0.00,0.00,0.16,1,False
Axel,Tuanzebe,Tuanzebe,Burnley,DEF,2,198,0,0,0,0,0,0,0,0,0,0,0,0,0,0.0,0.0,0.0,0.0,0,0,0,0,0,0.00,0.00,0.00,0.00,0,False
Joe,Worrall,Worrall,Burnley,DEF,2,199,7,0,0,0,0,0,0,0,0,0,0,0,6,6.0,0.0,0.0,0.6,2,0,1,3,0,0.00,0.00,0.00,0.11,1,False
Jaidon,Anthony,Anthony,Burnley,MID,2,200,90,1,1,1,0,0,0,0,0,0,0,2,39,58.4,14.6,28.0,10.1,1,7,3,11,1,0.77,0.02,0.79,0.77,13,True
Manuel,Benson Hedilazio,Benson,Burnley,MID,2,201,0,0,0,0,0,0,0,0,0,0,0,0,0,0.0,0.0,0.0,0.0,0,0,0,0,0,0.00,0.00,0.00,0.00,0,False
Jacob,Bruun Larsen,Bruun Larsen,Burnley,MID,2,202,68,0,0,1,0,0,0,0,0,0,0,0,6,0.0,1.8,4.0,0.4,1,3,0,4,1,0.02,0.01,0.03,0.61,3,False
Enock,Agyei,Boateng,Burnley,MID,2,203,0,0,0,0,0,0,0,0,0,0,0,0,0,0.0,0.0,0.0,0.0,0,0,0,0,0,0.00,0.00,0.00,0.00,0,False
Darko,Churlinov,Churlinov,Burnley,MID,2,204,0,0,0,0,0,0,0,0,0,0,0,0,0,0.0,0.0,0.0,0.0,0,0,0,0,0,0.00,0.00,0.00,0.00,0,False
Josh,Cullen,Cullen,Burnley,MID,2,205,90,1,1,1,0,0,0,0,0,0,0,3,49,65.8,17.0,21.0,10.4,2,4,1,7,1,0.08,0.19,0.27,0.77,14,True
Marcus,Edwards,Edwards,Burnley,MID,2,206,0,0,0,0,0,0,0,0,0,0,0,0,0,0.0,0.0,0.0,0.0,0,0,0,0,0,0.00,0.00,0.00,0.00,0,False
Hannibal,Mejbri,Hannibal,Burnley,MID,2,207,82,0,0,1,0,0,0,0,0,0,0,0,11,9.2,18.5,4.0,3.2,2,8,3,13,1,0.02,0.12,0.14,0.66,5,False
Luca,Koleosho,Koleosho,Burnley,MID,2,208,0,0,0,0,0,0,0,0,0,0,0,0,0,0.0,0.0,0.0,0.0,0,0,0,0,0,0.00,0.00,0.00,0.00,0,False
Josh,Laurent,Laurent,Burnley,MID,2,209,21,0,0,0,0,0,0,0,0,0,0,0,4,10.8,0.8,0.0,1.2,3,0,1,4,0,0.00,0.00,0.00,0.16,1,False
Loum,Tchaouna,Tchaouna,Burnley,MID,2,210,7,0,0,0,0,0,0,0,0,0,0,0,3,0.4,4.6,3.0,0.8,0,2,0,2,0,0.08,0.03,0.11,0.11,1,False
Aaron,Ramsey,A.Ramsey,Burnley,MID,2,211,0,0,0,0,0,0,0,0,0,0,0,0,0,0.0,0.0,0.0,0.0,0,0,0,0,0,0.00,0.00,0.00,0.00,0,False
Oluwaseun,Adewumi,Adewumi,Burnley,MID,2,212,0,0,0,0,0,0,0,0,0,0,0,0,0,0.0,0.0,0.0,0.0,0,0,0,0,0,0.00,0.00,0.00,0.00,0,False
Jaydon,Banel,Banel,Burnley,MID,2,213,0,0,0,0,0,0,0,0,0,0,0,0,0,0.0,0.0,0.0,0.0,0,0,0,0,0,0.00,0.00,0.00,0.00,0,False
Mike,Trésor Ndayishimiye,Trésor,Burnley,MID,2,214,0,0,0,0,0,0,0,0,0,0,0,0,0,0.0,0.0,0.0,0.0,0,0,0,0,0,0.00,0.00,0.00,0.00,0,False
Zian,Flemming,Flemming,Burnley,FWD,2,215,4,0,0,0,0,0,0,0,0,0,0,0,3,2.2,10.0,2.0,1.4,0,0,0,0,0,0.00,0.00,0.00,0.11,1,False
Zeki,Amdouni,Amdouni,Burnley,FWD,2,216,0,0,0,0,0,0,0,0,0,0,0,0,0,0.0,0.0,0.0,0.0,0,0,0,0,0,0.00,0.00,0.00,0.00,0,False
Lyle,Foster,Foster,Burnley,FWD,2,217,85,0,0,1,0,0,0,0,0,0,0,0,7,1.8,3.6,4.0,0.9,0,3,2,5,1,0.00,0.01,0.01,0.66,2,False
Ashley,Barnes,Barnes,Burnley,FWD,2,218,0,0,0,0,0,0,0,0,0,0,0,0,0,0.0,0.0,0.0,0.0,0,0,0,0,0,0.00,0.00,0.00,0.00,0,False
Michael,Obafemi,Obafemi,Burnley,FWD,2,219,0,0,0,0,0,0,0,0,0,0,0,0,0,0.0,0.0,0.0,0.0,0,0,0,0,0,0.00,0.00,0.00,0.00,0,False
Robert,Lynch Sánchez,Sánchez,Chelsea,GKP,2,220,90,0,0,0,1,0,0,0,0,0,3,0,11,24.2,0.0,0.0,2.4,0,5,0,0,1,0.00,0.00,0.00,0.73,3,False
Filip,Jörgensen,Jörgensen,Chelsea,GKP,2,221,0,0,0,0,0,0,0,0,0,0,0,0,0,0.0,0.0,0.0,0.0,0,0,0,0,0,0.00,0.00,0.00,0.00,0,False
Mike,Penders,Penders,Chelsea,GKP,2,222,0,0,0,0,0,0,0,0,0,0,0,0,0,0.0,0.0,0.0,0.0,0,0,0,0,0,0.00,0.00,0.00,0.00,0,False
Gabriel,Słonina,Slonina,Chelsea,GKP,2,223,0,0,0,0,0,0,0,0,0,0,0,0,0,0.0,0.0,0.0,0.0,0,0,0,0,0,0.00,0.00,0.00,0.00,0,False
Marc,Cucurella Saseta,Cucurella,Chelsea,DEF,2,224,68,0,1,0,1,0,0,0,0,0,0,0,25,30.4,13.8,4.0,4.8,4,7,1,5,1,0.00,0.32,0.32,0.29,5,False
Reece,James,James,Chelsea,DEF,2,225,21,0,0,0,0,0,0,0,0,0,0,0,7,2.6,15.5,0.0,1.8,0,2,0,0,0,0.00,0.13,0.13,0.44,1,False
Trevoh,Chalobah,Chalobah,Chelsea,DEF,2,226,68,1,0,0,1,0,0,0,0,0,0,0,27,44.2,1.4,33.0,7.9,3,4,2,5,1,0.31,0.01,0.32,0.29,8,False
Levi,Samuels Colwill,Colwill,Chelsea,DEF,2,227,0,0,0,0,0,0,0,0,0,0,0,0,0,0.0,0.0,0.0,0.0,0,0,0,0,0,0.00,0.00,0.00,0.00,0,False
Malo,Gusto,Gusto,Chelsea,DEF,2,228,68,0,0,0,1,0,0,0,0,0,0,0,3,9.0,2.7,0.0,1.2,3,1,2,5,1,0.00,0.01,0.01,0.29,2,False
Benoît,Badiashile Mukinayi,B.Badiashile,Chelsea,DEF,2,229,0,0,0,0,0,0,0,0,0,0,0,0,0,0.0,0.0,0.0,0.0,0,0,0,0,0,0.00,0.00,0.00,0.00,0,False
Wesley,Fofana,Fofana,Chelsea,DEF,2,230,21,0,0,0,0,0,0,0,0,0,0,0,5,3.4,0.4,0.0,0.4,1,0,1,2,0,0.00,0.00,0.00,0.44,1,False
Mamadou,Sarr,M.Sarr,Chelsea,DEF,2,231,0,0,0,0,0,0,0,0,0,0,0,0,0,0.0,0.0,0.0,0.0,0,0,0,0,0,0.00,0.00,0.00,0.00,0,False
Tosin,Adarabioyo,Tosin,Chelsea,DEF,2,232,90,0,0,0,1,0,0,0,0,0,0,0,16,26.4,1.9,0.0,2.8,6,3,3,9,1,0.00,0.03,0.03,0.73,2,False
Josh,Acheampong,Acheampong,Chelsea,DEF,2,233,0,0,0,0,0,0,0,0,0,0,0,0,0,0.0,0.0,0.0,0.0,0,0,0,0,0,0.00,0.00,0.00,0.00,0,False
Aarón,Anselmino,Anselmino,Chelsea,DEF,2,234,0,0,0,0,0,0,0,0,0,0,0,0,0,0.0,0.0,0.0,0.0,0,0,0,0,0,0.00,0.00,0.00,0.00,0,False
Cole,Palmer,Palmer,Chelsea,MID,2,235,0,0,0,0,0,0,0,0,0,0,0,0,0,0.0,0.0,0.0,0.0,0,0,0,0,0,0.00,0.00,0.00,0.00,0,False
Pedro,Lomba Neto,Neto,Chelsea,MID,2,236,90,1,0,0,1,0,0,0,0,0,0,0,33,37.6,18.4,30.0,8.6,0,1,1,2,1,0.38,0.17,0.55,0.73,7,False
Enzo,Fernández,Enzo,Chelsea,MID,2,237,90,1,1,0,1,0,0,0,0,0,0,0,32,33.4,8.8,38.0,8.0,0,3,2,5,1,1.03,0.02,1.05,0.73,10,False
Estêvão,Almeida de Oliveira Gonçalves,Estêvão,Chelsea,MID,2,238,76,0,1,0,1,0,0,0,0,0,0,0,26,27.4,16.6,25.0,6.9,0,2,3,5,1,0.29,0.61,0.90,0.33,5,False
Jamie,Bynoe-Gittens,Gittens,Chelsea,MID,2,239,13,0,0,0,0,0,0,0,0,0,0,0,4,2.0,5.0,4.0,1.1,0,0,0,0,0,0.00,0.01,0.01,0.40,1,False
Christopher,Nkunku,Nkunku,Chelsea,MID,2,240,0,0,0,0,0,0,0,0,0,0,0,0,0,0.0,0.0,0.0,0.0,0,0,0,0,0,0.00,0.00,0.00,0.00,0,False
Moisés,Caicedo Corozo,Caicedo,Chelsea,MID,2,241,90,1,0,0,1,0,0,0,0,0,0,1,36,50.8,5.2,17.0,7.3,2,2,3,7,1,0.24,0.02,0.26,0.73,8,False
Kiernan,Dewsbury-Hall,Dewsbury-Hall,Everton,MID,2,242,90,0,0,1,0,0,0,0,1,0,0,0,14,6.8,54.3,0.0,6.1,1,2,0,3,1,0.00,0.17,0.17,2.43,2,False
Tyrique,George,George,Chelsea,MID,2,243,0,0,0,0,0,0,0,0,0,0,0,0,0,0.0,0.0,0.0,0.0,0,0,0,0,0,0.00,0.00,0.00,0.00,0,False
Roméo,Lavia,Lavia,Chelsea,MID,2,244,0,0,0,0,0,0,0,0,0,0,0,0,0,0.0,0.0,0.0,0.0,0,0,0,0,0,0.00,0.00,0.00,0.00,0,False
Mykhailo,Mudryk,Mudryk,Chelsea,MID,2,245,0,0,0,0,0,0,0,0,0,0,0,0,0,0.0,0.0,0.0,0.0,0,0,0,0,0,0.00,0.00,0.00,0.00,0,False
Andrey,Nascimento dos Santos,Andrey Santos,Chelsea,MID,2,246,28,0,0,0,0,0,0,0,0,0,0,0,4,3.8,11.9,2.0,1.8,1,2,0,3,0,0.00,0.01,0.01,0.55,1,False
Dário,Luís Essugo,D.Essugo,Chelsea,MID,2,247,0,0,0,0,0,0,0,0,0,0,0,0,0,0.0,0.0,0.0,0.0,0,0,0,0,0,0.00,0.00,0.00,0.00,0,False
Kendry,Páez Andrade,Paez,Chelsea,MID,2,248,0,0,0,0,0,0,0,0,0,0,0,0,0,0.0,0.0,0.0,0.0,0,0,0,0,0,0.00,0.00,0.00,0.00,0,False
João Pedro,Junqueira de Jesus,João Pedro,Chelsea,FWD,2,249,90,1,2,0,1,0,0,0,0,0,0,3,58,75.8,31.3,42.0,14.9,3,1,1,5,1,0.41,0.11,0.52,0.73,15,True
Liam,Delap,Delap,Chelsea,FWD,2,250,61,0,0,0,1,0,0,0,0,0,0,0,7,2.6,2.2,19.0,2.4,0,2,0,2,1,0.09,0.02,0.11,0.18,2,False
Nicolas,Jackson,N.Jackson,Chelsea,FWD,2,251,0,0,0,0,0,0,0,0,0,0,0,0,0,0.0,0.0,0.0,0.0,0,0,0,0,0,0.00,0.00,0.00,0.00,0,False
Marc,Guiu Paz,Marc Guiu,Chelsea,FWD,2,252,10,0,0,0,1,0,0,0,0,0,0,0,2,0.0,1.6,6.0,0.6,0,0,0,0,0,0.02,0.01,0.03,0.66,1,False
Dean,Henderson,Henderson,Crystal Palace,GKP,2,253,90,0,0,0,1,0,0,0,0,0,0,0,3,3.4,0.0,0.0,0.3,0,4,0,0,1,0.00,0.00,0.00,0.93,2,False
Walter,Benítez,Benitez,Crystal Palace,GKP,2,254,0,0,0,0,0,0,0,0,0,0,0,0,0,0.0,0.0,0.0,0.0,0,0,0,0,0,0.00,0.00,0.00,0.00,0,False
Remi,Matthews,Matthews,Crystal Palace,GKP,2,255,0,0,0,0,0,0,0,0,0,0,0,0,0,0.0,0.0,0.0,0.0,0,0,0,0,0,0.00,0.00,0.00,0.00,0,False
Daniel,Muñoz Mejía,Muñoz,Crystal Palace,DEF,2,256,90,0,1,0,1,0,0,0,0,0,0,0,18,28.2,24.2,2.0,5.4,1,5,0,1,1,0.00,0.32,0.32,0.93,5,False
Maxence,Lacroix,Lacroix,Crystal Palace,DEF,2,257,90,0,0,0,1,0,0,0,1,0,0,0,11,24.6,0.3,23.0,4.8,9,5,3,12,1,0.10,0.00,0.10,0.93,3,False
Tyrick,Mitchell,Mitchell,Crystal Palace,DEF,2,258,90,0,0,0,1,0,0,0,1,0,0,0,9,14.6,27.4,8.0,5.0,2,5,3,5,1,0.00,0.09,0.09,0.93,1,False
Borna,Sosa,Sosa,Crystal Palace,DEF,2,259,0,0,0,0,0,0,0,0,0,0,0,0,0,0.0,0.0,0.0,0.0,0,0,0,0,0,0.00,0.00,0.00,0.00,0,False
Marc,Guéhi,Guéhi,Crystal Palace,DEF,2,260,90,0,0,0,1,0,0,0,0,0,0,0,6,11.2,1.5,4.0,1.7,4,3,1,5,1,0.11,0.01,0.12,0.93,2,False
Chris,Richards,Richards,Crystal Palace,DEF,2,261,90,0,0,0,1,0,0,0,0,0,0,0,8,19.8,1.3,0.0,2.1,7,2,1,8,1,0.00,0.04,0.04,0.93,2,False
Chadi,Riad Dnanou,Chadi Riad,Crystal Palace,DEF,2,262,0,0,0,0,0,0,0,0,0,0,0,0,0,0.0,0.0,0.0,0.0,0,0,0,0,0,0.00,0.00,0.00,0.00,0,False
Nathaniel,Clyne,Clyne,Crystal Palace,DEF,2,263,0,0,0,0,0,0,0,0,0,0,0,0,0,0.0,0.0,0.0,0.0,0,0,0,0,0,0.00,0.00,0.00,0.00,0,False
Rob,Holding,Holding,Crystal Palace,DEF,2,264,0,0,0,0,0,0,0,0,0,0,0,0,0,0.0,0.0,0.0,0.0,0,0,0,0,0,0.00,0.00,0.00,0.00,0,False
Caleb,Kporha,Kporha,Crystal Palace,DEF,2,265,0,0,0,0,0,0,0,0,0,0,0,0,0,0.0,0.0,0.0,0.0,0,0,0,0,0,0.00,0.00,0.00,0.00,0,False
Eberechi,Eze,Eze,Arsenal,MID,2,266,0,0,0,0,0,0,0,0,0,0,0,0,0,0.0,0.0,0.0,0.0,0,0,0,0,0,0.00,0.00,0.00,0.00,0,False
Ismaïla,Sarr,Sarr,Crystal Palace,MID,2,267,90,1,0,0,1,0,0,0,0,0,0,1,20,36.0,2.8,17.0,5.6,0,2,2,4,1,0.55,0.04,0.59,0.93,8,False
Cheick,Doucouré,Doucouré,Crystal Palace,MID,2,268,0,0,0,0,0,0,0,0,0,0,0,0,0,0.0,0.0,0.0,0.0,0,0,0,0,0,0.00,0.00,0.00,0.00,0,False
Romain,Esse,Esse,Crystal Palace,MID,2,269,24,0,0,0,0,0,0,0,0,0,0,0,6,4.6,0.4,2.0,0.7,0,0,2,2,0,0.00,0.01,0.01,0.27,1,False
Will,Hughes,Hughes,Crystal Palace,MID,2,270,90,0,0,0,1,0,0,0,1,0,0,0,14,13.0,41.4,10.0,6.4,1,5,4,10,1,0.12,0.27,0.39,0.93,1,False
Daichi,Kamada,Kamada,Crystal Palace,MID,2,271,0,0,0,0,0,0,0,0,0,0,0,0,0,0.0,0.0,0.0,0.0,0,0,0,0,0,0.00,0.00,0.00,0.00,0,False
Jefferson,Lerma Solís,Lerma,Crystal Palace,MID,2,272,8,0,0,0,0,0,0,0,0,0,0,0,4,4.0,1.1,0.0,0.5,2,0,0,2,0,0.00,0.00,0.00,0.27,1,False
Adam,Wharton,Wharton,Crystal Palace,MID,2,273,81,0,0,0,1,0,0,0,0,0,0,0,18,8.2,20.2,0.0,2.8,2,6,1,9,1,0.00,0.09,0.09,0.66,2,False
Asher,Agbinone,Agbinone,Crystal Palace,MID,2,274,0,0,0,0,0,0,0,0,0,0,0,0,0,0.0,0.0,0.0,0.0,0,0,0,0,0,0.00,0.00,0.00,0.00,0,False
Naouirou,Ahamada,Ahamada,Crystal Palace,MID,2,275,0,0,0,0,0,0,0,0,0,0,0,0,0,0.0,0.0,0.0,0.0,0,0,0,0,0,0.00,0.00,0.00,0.00,0,False
Justin,Devenny,Devenny,Crystal Palace,MID,2,276,65,0,0,0,1,0,0,0,0,0,0,0,9,5.8,3.3,23.0,3.2,0,6,2,8,1,0.05,0.02,0.07,0.66,2,False
Malcolm,Ebiowei,Ebiowei,Crystal Palace,MID,2,277,0,0,0,0,0,0,0,0,0,0,0,0,0,0.0,0.0,0.0,0.0,0,0,0,0,0,0.00,0.00,0.00,0.00,0,False
Jesurun,Rak-Sakyi,J.Rak-Sakyi,Crystal Palace,MID,2,278,0,0,0,0,0,0,0,0,0,0,0,0,0,0.0,0.0,0.0,0.0,0,0,0,0,0,0.00,0.00,0.00,0.00,0,False
Matheus,França de Oliveira,M.França,Crystal Palace,MID,2,279,0,0,0,0,0,0,0,0,0,0,0,0,0,0.0,0.0,0.0,0.0,0,0,0,0,0,0.00,0.00,0.00,0.00,0,False
David,Ozoh,Ozoh,Crystal Palace,MID,2,280,0,0,0,0,0,0,0,0,0,0,0,0,0,0.0,0.0,0.0,0.0,0,0,0,0,0,0.00,0.00,0.00,0.00,0,False
Kaden,Rodney,Rodney,Crystal Palace,MID,2,281,0,0,0,0,0,0,0,0,0,0,0,0,0,0.0,0.0,0.0,0.0,0,0,0,0,0,0.00,0.00,0.00,0.00,0,False
Franco,Umeh-Chibueze,Umeh,Crystal Palace,MID,2,282,0,0,0,0,0,0,0,0,0,0,0,0,0,0.0,0.0,0.0,0.0,0,0,0,0,0,0.00,0.00,0.00,0.00,0,False
Jean-Philippe,Mateta,Mateta,Crystal Palace,FWD,2,283,87,0,0,0,1,0,0,0,0,0,0,0,7,0.4,0.4,13.0,1.4,1,0,0,1,1,0.16,0.00,0.16,0.66,2,False
Eddie,Nketiah,Nketiah,Crystal Palace,FWD,2,284,0,0,0,0,0,0,0,0,0,0,0,0,0,0.0,0.0,0.0,0.0,0,0,0,0,0,0.00,0.00,0.00,0.00,0,False
Odsonne,Édouard,Édouard,Crystal Palace,FWD,2,285,2,0,0,0,0,0,0,0,0,0,0,0,6,2.0,0.0,0.0,0.2,0,0,1,1,0,0.00,0.00,0.00,0.27,1,False
Zach,Marsh,Marsh,Crystal Palace,FWD,2,286,0,0,0,0,0,0,0,0,0,0,0,0,0,0.0,0.0,0.0,0.0,0,0,0,0,0,0.00,0.00,0.00,0.00,0,False
Jordan,Pickford,Pickford,Everton,GKP,2,287,90,0,0,1,0,0,1,0,0,0,4,3,40,50.2,0.0,0.0,5.0,2,11,0,0,1,0.00,0.00,0.00,2.43,15,True
Mark,Travers,Travers,Everton,GKP,2,288,0,0,0,0,0,0,0,0,0,0,0,0,0,0.0,0.0,0.0,0.0,0,0,0,0,0,0.00,0.00,0.00,0.00,0,False
Harry,Tyrer,Tyrer,Everton,GKP,2,289,0,0,0,0,0,0,0,0,0,0,0,0,0,0.0,0.0,0.0,0.0,0,0,0,0,0,0.00,0.00,0.00,0.00,0,False
Jarrad,Branthwaite,Branthwaite,Everton,DEF,2,290,0,0,0,0,0,0,0,0,0,0,0,0,0,0.0,0.0,0.0,0.0,0,0,0,0,0,0.00,0.00,0.00,0.00,0,False
James,Tarkowski,Tarkowski,Everton,DEF,2,291,90,0,0,1,0,0,0,0,0,0,0,0,27,13.2,0.3,4.0,1.8,10,3,0,10,1,0.00,0.00,0.00,2.43,8,False
Vitalii,Mykolenko,Mykolenko,Everton,DEF,2,292,0,0,0,0,0,0,0,0,0,0,0,0,0,0.0,0.0,0.0,0.0,0,0,0,0,0,0.00,0.00,0.00,0.00,0,False
Jake,O'Brien,O'Brien,Everton,DEF,2,293,90,0,0,1,0,0,0,0,0,0,0,0,21,10.8,5.1,4.0,2.0,2,1,2,4,1,0.00,0.01,0.01,2.43,6,False
Séamus,Coleman,Coleman,Everton,DEF,2,294,0,0,0,0,0,0,0,0,0,0,0,0,0,0.0,0.0,0.0,0.0,0,0,0,0,0,0.00,0.00,0.00,0.00,0,False
Michael,Keane,Keane,Everton,DEF,2,295,90,0,0,1,0,0,0,0,0,0,0,0,23,24.0,0.3,0.0,2.4,11,1,2,13,1,0.00,0.01,0.01,2.43,8,False
Nathan,Patterson,Patterson,Everton,DEF,2,296,0,0,0,0,0,0,0,0,0,0,0,0,0,0.0,0.0,0.0,0.0,0,0,0,0,0,0.00,0.00,0.00,0.00,0,False
Roman,Dixon,Dixon,Everton,DEF,2,297,0,0,0,0,0,0,0,0,0,0,0,0,0,0.0,0.0,0.0,0.0,0,0,0,0,0,0.00,0.00,0.00,0.00,0,False
Reece,Welch,Welch,Everton,DEF,2,298,0,0,0,0,0,0,0,0,0,0,0,0,0,0.0,0.0,0.0,0.0,0,0,0,0,0,0.00,0.00,0.00,0.00,0,False
Iliman,Ndiaye,Ndiaye,Everton,MID,2,299,63,1,0,1,0,0,0,0,0,0,0,0,33,43.2,1.1,40.0,8.4,1,4,3,8,1,0.73,0.00,0.73,1.48,8,False
Dwight,McNeil,McNeil,Everton,MID,2,300,19,0,0,0,0,0,0,0,0,0,0,0,2,0.0,11.3,8.0,1.8,0,0,0,0,0,0.24,0.00,0.24,0.95,1,False
Carlos,Alcaraz Durán,Alcaraz,Everton,MID,2,301,26,0,0,0,0,0,0,0,0,0,0,0,5,5.0,2.1,0.0,0.7,0,2,2,4,0,0.00,0.00,0.00,0.95,1,False
Idrissa Gana,Gueye,Gana,Everton,MID,2,302,90,0,0,1,0,0,0,0,0,0,0,0,15,12.4,5.7,2.0,2.0,3,2,2,7,1,0.00,0.01,0.01,2.43,3,False
James,Garner,Garner,Everton,MID,2,303,90,1,0,1,0,0,0,0,1,0,0,1,34,54.2,26.6,8.0,8.9,10,5,1,16,1,0.04,0.07,0.11,2.43,10,False
Tim,Iroegbunam,Iroegbunam,Everton,MID,2,304,70,0,0,1,0,0,0,0,1,0,0,0,7,8.8,2.7,1.0,1.3,5,6,0,11,1,0.08,0.00,0.08,1.48,2,False
Harrison,Armstrong,Armstrong,Everton,MID,2,305,1,0,0,0,0,0,0,0,0,0,0,0,3,0.0,0.0,0.0,0.0,0,0,0,0,0,0.00,0.00,0.00,0.00,1,False
Callum,Bates,Bates,Everton,MID,2,306,0,0,0,0,0,0,0,0,0,0,0,0,0,0.0,0.0,0.0,0.0,0,0,0,0,0,0.00,0.00,0.00,0.00,0,False
Coby,Ebere,Ebere,Everton,MID,2,307,0,0,0,0,0,0,0,0,0,0,0,0,0,0.0,0.0,0.0,0.0,0,0,0,0,0,0.00,0.00,0.00,0.00,0,False
Isaac,Heath,Heath,Everton,MID,2,308,0,0,0,0,0,0,0,0,0,0,0,0,0,0.0,0.0,0.0,0.0,0,0,0,0,0,0.00,0.00,0.00,0.00,0,False
Jenson,Metcalfe,Metcalfe,Everton,MID,2,309,0,0,0,0,0,0,0,0,0,0,0,0,0,0.0,0.0,0.0,0.0,0,0,0,0,0,0.00,0.00,0.00,0.00,0,False
Thierno,Barry,Barry,Everton,FWD,2,310,63,0,0,1,0,0,0,0,0,0,0,0,1,0.0,2.2,14.0,1.2,0,0,0,0,1,0.35,0.01,0.36,1.48,2,False
Norberto Bercique,Gomes Betuncal,Beto,Everton,FWD,2,311,26,0,0,0,0,0,0,0,1,0,0,0,-2,0.0,0.5,8.0,0.5,0,0,0,0,0,0.14,0.00,0.14,0.95,0,False
Youssef,Ramalho Chermiti,Y.Chermiti,Everton,FWD,2,312,0,0,0,0,0,0,0,0,0,0,0,0,0,0.0,0.0,0.0,0.0,0,0,0,0,0,0.00,0.00,0.00,0.00,0,False
Martin,Sherif,Sherif,Everton,FWD,2,313,0,0,0,0,0,0,0,0,0,0,0,0,0,0.0,0.0,0.0,0.0,0,0,0,0,0,0.00,0.00,0.00,0.00,0,False
Bernd,Leno,Leno,Fulham,GKP,2,314,90,0,0,0,1,0,0,0,0,0,3,0,13,23.4,0.0,0.0,2.3,2,7,0,0,1,0.00,0.00,0.00,1.63,3,False
Steven,Benda,Benda,Fulham,GKP,2,315,0,0,0,0,0,0,0,0,0,0,0,0,0,0.0,0.0,0.0,0.0,0,0,0,0,0,0.00,0.00,0.00,0.00,0,False
Antonee,Robinson,Robinson,Fulham,DEF,2,316,28,0,0,0,0,0,0,0,0,0,0,0,5,6.6,16.2,2.0,2.5,1,0,0,1,0,0.00,0.02,0.02,0.11,1,False
Joachim,Andersen,Andersen,Fulham,DEF,2,317,90,0,0,0,1,0,0,0,0,0,0,0,14,24.6,11.4,6.0,4.2,10,2,1,11,1,0.00,0.64,0.64,1.63,4,False
Calvin,Bassey,Bassey,Fulham,DEF,2,318,90,0,0,0,1,0,0,0,0,0,0,0,6,1.8,0.8,7.0,1.0,5,6,0,5,1,0.15,0.00,0.15,1.63,2,False
Timothy,Castagne,Castagne,Fulham,DEF,2,319,61,0,0,0,1,0,0,0,0,0,0,0,5,4.6,7.7,19.0,3.1,2,1,0,2,1,0.30,0.04,0.34,1.52,2,False
Issa,Diop,Diop,Fulham,DEF,2,320,0,0,0,0,0,0,0,0,0,0,0,0,0,0.0,0.0,0.0,0.0,0,0,0,0,0,0.00,0.00,0.00,0.00,0,False
Jorge,Cuenca Barreno,J.Cuenca,Fulham,DEF,2,321,0,0,0,0,0,0,0,0,0,0,0,0,0,0.0,0.0,0.0,0.0,0,0,0,0,0,0.00,0.00,0.00,0.00,0,False
Kenny,Tete,Tete,Fulham,DEF,2,322,90,0,0,0,1,0,0,0,0,0,0,0,15,17.6,17.7,10.0,4.5,1,3,3,4,1,0.00,0.37,0.37,1.63,2,False
Samuel,Amissah,Amissah,Fulham,DEF,2,323,0,0,0,0,0,0,0,0,0,0,0,0,0,0.0,0.0,0.0,0.0,0,0,0,0,0,0.00,0.00,0.00,0.00,0,False
Alex,Iwobi,Iwobi,Fulham,MID,2,324,90,0,1,0,1,0,0,0,0,0,0,2,23,24.8,21.9,17.0,6.4,2,2,0,4,1,0.07,0.25,0.32,1.63,7,False
Emile,Smith Rowe,Smith Rowe,Fulham,MID,2,325,19,1,0,0,0,0,0,0,0,0,0,0,21,32.8,3.6,38.0,7.4,0,0,0,0,0,0.70,0.02,0.72,0.11,6,False
Adama,Traoré Diarra,Adama,Fulham,MID,2,326,0,0,0,0,0,0,0,0,0,0,0,0,0,0.0,0.0,0.0,0.0,0,0,0,0,0,0.00,0.00,0.00,0.00,0,False
Andreas,Hoelgebaum Pereira,Andreas,Fulham,MID,2,327,0,0,0,0,0,0,0,0,0,0,0,0,0,0.0,0.0,0.0,0.0,0,0,0,0,0,0.00,0.00,0.00,0.00,0,False
Ryan,Sessegnon,Sessegnon,Fulham,MID,2,328,61,0,0,0,1,0,0,0,0,0,0,0,14,11.0,15.4,6.0,3.2,2,1,2,5,1,0.00,0.16,0.16,1.52,2,False
Harry,Wilson,Wilson,Fulham,MID,2,329,28,0,0,0,0,0,0,0,0,0,0,0,5,3.2,1.9,6.0,1.1,0,0,1,1,0,0.00,0.09,0.09,0.11,1,False
Sander,Berge,Berge,Fulham,MID,2,330,90,0,0,0,1,0,0,0,0,0,0,0,10,7.4,4.8,2.0,1.4,2,1,0,3,1,0.00,0.04,0.04,1.63,2,False
Tom,Cairney,Cairney,Fulham,MID,2,331,0,0,0,0,0,0,0,0,0,0,0,0,0,0.0,0.0,0.0,0.0,0,0,0,0,0,0.00,0.00,0.00,0.00,0,False
Saša,Lukić,Lukić,Fulham,MID,2,332,90,0,0,0,1,0,0,0,1,0,0,0,19,11.8,65.9,2.0,8.0,3,8,1,12,1,0.00,0.44,0.44,1.63,3,False
Martial,Godo,Godo,Fulham,MID,2,333,0,0,0,0,0,0,0,0,0,0,0,0,0,0.0,0.0,0.0,0.0,0,0,0,0,0,0.00,0.00,0.00,0.00,0,False
Luke,Harris,Harris,Fulham,MID,2,334,0,0,0,0,0,0,0,0,0,0,0,0,0,0.0,0.0,0.0,0.0,0,0,0,0,0,0.00,0.00,0.00,0.00,0,False
Josh,King,King,Fulham,MID,2,335,70,0,0,0,1,0,0,0,0,0,0,0,1,5.0,1.3,23.0,2.9,0,1,1,2,1,0.17,0.01,0.18,1.52,2,False
Harrison,Reed,Reed,Fulham,MID,2,336,0,0,0,0,0,0,0,0,0,0,0,0,0,0.0,0.0,0.0,0.0,0,0,0,0,0,0.00,0.00,0.00,0.00,0,False
Raúl,Jiménez Rodríguez,Raúl,Fulham,FWD,2,337,19,0,0,0,0,0,0,0,0,0,0,0,0,1.0,2.3,2.0,0.5,1,1,0,2,0,0.00,0.00,0.00,0.11,1,False
Rodrigo,Muniz Carvalho,Muniz,Fulham,FWD,2,338,70,0,0,0,1,1,0,0,0,0,0,0,-3,0.0,10.3,24.0,3.1,2,3,1,6,1,0.37,0.00,0.37,1.52,0,False
Illan,Meslier,Meslier,Leeds,GKP,2,339,0,0,0,0,0,0,0,0,0,0,0,0,0,0.0,0.0,0.0,0.0,0,0,0,0,0,0.00,0.00,0.00,0.00,0,False
Alex,Cairns,Cairns,Leeds,GKP,2,340,0,0,0,0,0,0,0,0,0,0,0,0,0,0.0,0.0,0.0,0.0,0,0,0,0,0,0.00,0.00,0.00,0.00,0,False
Karl,Darlow,Darlow,Leeds,GKP,2,341,0,0,0,0,0,0,0,0,0,0,0,0,0,0.0,0.0,0.0,0.0,0,0,0,0,0,0.00,0.00,0.00,0.00,0,False
Jayden,Bogle,Bogle,Leeds,DEF,2,342,82,0,0,0,4,0,0,0,1,0,0,0,-9,3.8,0.2,4.0,0.8,3,5,1,4,1,0.00,0.00,0.00,2.09,-1,False
Pascal,Struijk,Struijk,Leeds,DEF,2,343,90,0,0,0,5,0,0,0,0,0,0,0,-1,16.6,0.3,17.0,3.4,4,3,2,6,1,0.10,0.00,0.10,2.88,0,False
Jaka,Bijol,Bijol,Leeds,DEF,2,344,0,0,0,0,0,0,0,0,0,0,0,0,0,0.0,0.0,0.0,0.0,0,0,0,0,0,0.00,0.00,0.00,0.00,0,False
Sebastiaan,Bornauw,Bornauw,Leeds,DEF,2,345,0,0,0,0,0,0,0,0,0,0,0,0,0,0.0,0.0,0.0,0.0,0,0,0,0,0,0.00,0.00,0.00,0.00,0,False
Sam,Byram,Byram,Leeds,DEF,2,346,7,0,0,0,1,0,0,0,0,0,0,0,-2,0.0,0.0,0.0,0.0,0,0,0,0,0,0.00,0.00,0.00,0.79,1,False
Gabriel,Gudmundsson,Gudmundsson,Leeds,DEF,2,347,90,0,0,0,5,0,0,0,1,0,0,0,-19,9.4,0.5,0.0,1.0,5,1,3,8,1,0.00,0.00,0.00,2.88,-1,False
Joe,Rodon,Rodon,Leeds,DEF,2,348,90,0,0,0,5,0,0,0,0,0,0,0,-2,29.0,0.1,0.0,2.9,13,2,1,14,1,0.00,0.00,0.00,2.88,2,False
Isaac,Schmidt,Schmidt,Leeds,DEF,2,349,0,0,0,0,0,0,0,0,0,0,0,0,0,0.0,0.0,0.0,0.0,0,0,0,0,0,0.00,0.00,0.00,0.00,0,False
Brenden,Aaronson,Aaronson,Leeds,MID,2,350,24,0,0,0,1,0,0,0,0,0,0,0,6,2.2,0.4,0.0,0.3,0,2,1,3,0,0.00,0.04,0.04,0.87,1,False
Wilfried,Gnonto,Gnonto,Leeds,MID,2,351,65,0,0,0,4,0,0,0,0,0,0,0,10,7.2,1.5,2.0,1.1,0,2,4,6,1,0.00,0.00,0.00,2.01,2,False
Jack,Harrison,Harrison,Leeds,MID,2,352,0,0,0,0,0,0,0,0,0,0,0,0,0,0.0,0.0,0.0,0.0,0,0,0,0,0,0.00,0.00,0.00,0.00,0,False
Daniel,James,James,Leeds,MID,2,353,65,0,0,0,4,0,0,0,0,0,0,0,9,1.6,0.3,9.0,1.1,0,4,0,4,1,0.07,0.00,0.07,2.01,2,False
Ethan,Ampadu,Ampadu,Leeds,MID,2,354,0,0,0,0,0,0,0,0,0,0,0,0,0,0.0,0.0,0.0,0.0,0,0,0,0,0,0.00,0.00,0.00,0.00,0,False
Sam,Greenwood,Greenwood,Leeds,MID,2,355,0,0,0,0,0,0,0,0,0,0,0,0,0,0.0,0.0,0.0,0.0,0,0,0,0,0,0.00,0.00,0.00,0.00,0,False
Ilia,Gruev,Gruev,Leeds,MID,2,356,90,0,0,0,5,0,0,0,0,0,0,0,15,9.4,0.7,0.0,1.0,2,3,1,6,1,0.00,0.00,0.00,2.88,2,False
Largie,Ramazani,Ramazani,Leeds,MID,2,357,0,0,0,0,0,0,0,0,0,0,0,0,0,0.0,0.0,0.0,0.0,0,0,0,0,0,0.00,0.00,0.00,0.00,0,False
Tanaka,Ao,Tanaka,Leeds,MID,2,358,57,0,0,0,4,0,0,0,0,0,0,0,2,0.0,3.3,0.0,0.3,0,2,0,2,1,0.00,0.00,0.00,1.85,1,False
Charlie,Crew,Crew,Leeds,MID,2,359,0,0,0,0,0,0,0,0,0,0,0,0,0,0.0,0.0,0.0,0.0,0,0,0,0,0,0.00,0.00,0.00,0.00,0,False
Joe,Gelhardt,Gelhardt,Leeds,MID,2,360,0,0,0,0,0,0,0,0,0,0,0,0,0,0.0,0.0,0.0,0.0,0,0,0,0,0,0.00,0.00,0.00,0.00,0,False
Darko,Gyabi,Gyabi,Leeds,MID,2,361,0,0,0,0,0,0,0,0,0,0,0,0,0,0.0,0.0,0.0,0.0,0,0,0,0,0,0.00,0.00,0.00,0.00,0,False
Joël,Piroe,Piroe,Leeds,FWD,2,362,57,0,0,0,4,0,0,0,0,0,0,0,3,0.0,1.3,0.0,0.1,0,1,0,1,1,0.00,0.00,0.00,1.85,1,False
Patrick,Bamford,Bamford,Leeds,FWD,2,363,0,0,0,0,0,0,0,0,0,0,0,0,0,0.0,0.0,0.0,0.0,0,0,0,0,0,0.00,0.00,0.00,0.00,0,False
Mateo,Joseph Fernández-Regatillo,Mateo Joseph,Leeds,FWD,2,364,0,0,0,0,0,0,0,0,0,0,0,0,0,0.0,0.0,0.0,0.0,0,0,0,0,0,0.00,0.00,0.00,0.00,0,False
Lukas,Nmecha,Nmecha,Leeds,FWD,2,365,32,0,0,0,1,0,0,0,0,0,0,0,3,0.0,0.1,0.0,0.0,0,0,0,0,0,0.00,0.00,0.00,1.03,1,False
Alisson,Becker,A.Becker,Liverpool,GKP,2,366,90,0,0,0,2,0,0,0,0,0,1,0,7,14.4,0.0,0.0,1.4,5,10,0,0,1,0.00,0.00,0.00,0.93,1,False
Giorgi,Mamardashvili,Mamardashvili,Liverpool,GKP,2,367,0,0,0,0,0,0,0,0,0,0,0,0,0,0.0,0.0,0.0,0.0,0,0,0,0,0,0.00,0.00,0.00,0.00,0,False
Ármin,Pécsi,Pécsi,Liverpool,GKP,2,368,0,0,0,0,0,0,0,0,0,0,0,0,0,0.0,0.0,0.0,0.0,0,0,0,0,0,0.00,0.00,0.00,0.00,0,False
Freddie,Woodman,Woodman,Liverpool,GKP,2,369,0,0,0,0,0,0,0,0,0,0,0,0,0,0.0,0.0,0.0,0.0,0,0,0,0,0,0.00,0.00,0.00,0.00,0,False
Jeremie,Frimpong,Frimpong,Liverpool,DEF,2,370,0,0,0,0,0,0,0,0,0,0,0,0,0,0.0,0.0,0.0,0.0,0,0,0,0,0,0.00,0.00,0.00,0.00,0,False
Milos,Kerkez,Kerkez,Liverpool,DEF,2,371,90,0,0,0,2,0,0,0,0,0,0,0,7,17.6,1.1,0.0,1.9,7,4,2,9,1,0.00,0.00,0.00,0.93,1,False
Andrew,Robertson,Robertson,Liverpool,DEF,2,372,0,0,0,0,0,0,0,0,0,0,0,0,0,0.0,0.0,0.0,0.0,0,0,0,0,0,0.00,0.00,0.00,0.00,0,False
Virgil,van Dijk,Virgil,Liverpool,DEF,2,373,90,0,0,0,2,0,0,0,0,0,0,0,10,38.6,0.3,0.0,3.9,15,1,0,15,1,0.00,0.00,0.00,0.93,3,False
Ibrahima,Konaté,Konaté,Liverpool,DEF,2,374,90,0,0,0,2,0,0,0,1,0,0,0,5,13.2,1.0,0.0,1.4,5,1,1,6,1,0.00,0.01,0.01,0.93,0,False
Conor,Bradley,Bradley,Liverpool,DEF,2,375,10,0,0,0,1,0,0,0,1,0,0,0,-7,4.0,1.3,2.0,0.7,1,0,0,1,0,0.00,0.01,0.01,0.16,0,False
Joe,Gomez,Gomez,Liverpool,DEF,2,376,0,0,0,0,0,0,0,0,0,0,0,0,0,0.0,0.0,0.0,0.0,0,0,0,0,0,0.00,0.00,0.00,0.00,0,False
Konstantinos,Tsimikas,Tsimikas,Liverpool,DEF,2,377,0,0,0,0,0,0,0,0,0,0,0,0,0,0.0,0.0,0.0,0.0,0,0,0,0,0,0.00,0.00,0.00,0.00,0,False
Amara,Nallo,Nallo,Liverpool,DEF,2,378,0,0,0,0,0,0,0,0,0,0,0,0,0,0.0,0.0,0.0,0.0,0,0,0,0,0,0.00,0.00,0.00,0.00,0,False
Rhys,Williams,R.Williams,Liverpool,DEF,2,379,0,0,0,0,0,0,0,0,0,0,0,0,0,0.0,0.0,0.0,0.0,0,0,0,0,0,0.00,0.00,0.00,0.00,0,False
Calvin,Ramsay,Ramsay,Liverpool,DEF,2,380,0,0,0,0,0,0,0,0,0,0,0,0,0,0.0,0.0,0.0,0.0,0,0,0,0,0,0.00,0.00,0.00,0.00,0,False
Mohamed,Salah,M.Salah,Liverpool,MID,2,381,90,0,1,0,2,0,0,0,0,0,0,0,24,21.0,28.3,6.0,5.5,1,1,0,2,1,0.00,0.21,0.21,0.93,5,False
Florian,Wirtz,Wirtz,Liverpool,MID,2,382,79,0,0,0,1,0,0,0,0,0,0,0,9,1.8,10.2,19.0,3.1,0,2,1,3,1,0.05,0.10,0.14,0.78,2,False
Luis,Díaz Marulanda,Luis Díaz,Liverpool,MID,2,383,0,0,0,0,0,0,0,0,0,0,0,0,0,0.0,0.0,0.0,0.0,0,0,0,0,0,0.00,0.00,0.00,0.00,0,False
Cody,Gakpo,Gakpo,Liverpool,MID,2,384,90,0,2,0,2,0,0,0,0,0,0,2,29,39.4,22.3,8.0,7.0,2,4,3,9,1,0.06,0.07,0.13,0.93,10,False
Federico,Chiesa,Chiesa,Liverpool,MID,2,385,10,0,0,0,1,0,0,0,0,0,0,0,2,1.2,0.3,0.0,0.2,1,0,0,1,0,0.00,0.00,0.00,0.16,1,False
Alexis,Mac Allister,Mac Allister,Liverpool,MID,2,386,0,0,0,0,0,0,0,0,0,0,0,0,0,0.0,0.0,0.0,0.0,0,0,0,0,0,0.00,0.00,0.00,0.00,0,False
Dominik,Szoboszlai,Szoboszlai,Liverpool,MID,2,387,90,0,0,0,2,0,0,0,0,0,0,0,13,9.6,2.4,2.0,1.4,4,4,1,9,1,0.00,0.01,0.01,0.93,2,False
Curtis,Jones,C.Jones,Liverpool,MID,2,388,90,0,0,0,2,0,0,0,0,0,0,0,16,12.4,7.8,0.0,2.0,0,6,4,10,1,0.00,0.02,0.02,0.93,2,False
Harvey,Elliott,Elliott,Aston Villa,MID,2,389,1,0,0,0,0,0,0,0,0,0,0,0,2,0.2,0.8,0.0,0.1,0,0,0,0,0,0.00,0.00,0.00,0.00,1,False
Ryan,Gravenberch,Gravenberch,Liverpool,MID,2,390,90,1,0,0,2,0,0,0,1,0,0,1,28,40.6,6.3,7.0,5.4,3,4,1,8,1,0.02,0.01,0.03,0.93,7,False
Ben,Gannon-Doak,Gannon-Doak,Bournemouth,MID,2,391,0,0,0,0,0,0,0,0,0,0,0,0,0,0.0,0.0,0.0,0.0,0,0,0,0,0,0.00,0.00,0.00,0.00,0,False
Endo,Wataru,Endo,Liverpool,MID,2,392,1,0,0,0,0,0,0,0,0,0,0,0,3,0.0,0.0,0.0,0.0,0,0,0,0,0,0.00,0.00,0.00,0.00,1,False
Stefan,Bajčetić Maquieira,Bajcetic,Liverpool,MID,2,393,0,0,0,0,0,0,0,0,0,0,0,0,0,0.0,0.0,0.0,0.0,0,0,0,0,0,0.00,0.00,0.00,0.00,0,False
James,McConnell,McConnell,Liverpool,MID,2,394,0,0,0,0,0,0,0,0,0,0,0,0,0,0.0,0.0,0.0,0.0,0,0,0,0,0,0.00,0.00,0.00,0.00,0,False
Tyler,Morton,Morton,Liverpool,MID,2,395,0,0,0,0,0,0,0,0,0,0,0,0,0,0.0,0.0,0.0,0.0,0,0,0,0,0,0.00,0.00,0.00,0.00,0,False
Trey,Nyoni,Nyoni,Liverpool,MID,2,396,0,0,0,0,0,0,0,0,0,0,0,0,0,0.0,0.0,0.0,0.0,0,0,0,0,0,0.00,0.00,0.00,0.00,0,False
Darwin,Núñez Ribeiro,Darwin,Liverpool,FWD,2,397,0,0,0,0,0,0,0,0,0,0,0,0,0,0.0,0.0,0.0,0.0,0,0,0,0,0,0.00,0.00,0.00,0.00,0,False
Jayden,Danns,Danns,Liverpool,FWD,2,398,0,0,0,0,0,0,0,0,0,0,0,0,0,0.0,0.0,0.0,0.0,0,0,0,0,0,0.00,0.00,0.00,0.00,0,False
Ederson,Santana de Moraes,Ederson M.,Man City,GKP,2,399,0,0,0,0,0,0,0,0,0,0,0,0,0,0.0,0.0,0.0,0.0,0,0,0,0,0,0.00,0.00,0.00,0.00,0,False
Stefan,Ortega Moreno,Ortega Moreno,Man City,GKP,2,400,0,0,0,0,0,0,0,0,0,0,0,0,0,0.0,0.0,0.0,0.0,0,0,0,0,0,0.00,0.00,0.00,0.00,0,False
Marcus,Bettinelli,Bettinelli,Man City,GKP,2,401,0,0,0,0,0,0,0,0,0,0,0,0,0,0.0,0.0,0.0,0.0,0,0,0,0,0,0.00,0.00,0.00,0.00,0,False
Rayan,Aït-Nouri,Aït-Nouri,Man City,DEF,2,402,22,0,0,0,0,0,0,0,0,0,0,0,2,0.0,0.4,0.0,0.0,0,2,0,0,1,0.00,0.00,0.00,0.08,1,False
Joško,Gvardiol,Gvardiol,Man City,DEF,2,403,0,0,0,0,0,0,0,0,0,0,0,0,0,0.0,0.0,0.0,0.0,0,0,0,0,0,0.00,0.00,0.00,0.00,0,False
Manuel,Akanji,Akanji,Man City,DEF,2,404,0,0,0,0,0,0,0,0,0,0,0,0,0,0.0,0.0,0.0,0.0,0,0,0,0,0,0.00,0.00,0.00,0.00,0,False
Nathan,Aké,Aké,Man City,DEF,2,405,67,0,0,0,2,0,0,0,0,0,0,0,9,15.2,9.8,5.0,3.0,4,2,1,5,0,0.14,0.12,0.26,1.03,1,False
Abdukodir,Khusanov,Khusanov,Man City,DEF,2,406,0,0,0,0,0,0,0,0,0,0,0,0,0,0.0,0.0,0.0,0.0,0,0,0,0,0,0.00,0.00,0.00,0.00,0,False
Matheus,Nunes,Matheus N.,Man City,DEF,2,407,0,0,0,0,0,0,0,0,0,0,0,0,0,0.0,0.0,0.0,0.0,0,0,0,0,0,0.00,0.00,0.00,0.00,0,False
Rúben,dos Santos Gato Alves Dias,Rúben,Man City,DEF,2,408,90,0,0,0,2,0,0,0,0,0,0,0,5,18.2,1.6,0.0,2.0,5,2,2,7,1,0.00,0.01,0.01,1.11,1,False
John,Stones,Stones,Man City,DEF,2,409,90,0,0,0,2,0,0,0,0,0,0,0,9,23.8,1.8,0.0,2.6,8,4,0,8,1,0.00,0.02,0.02,1.11,1,False
Rico,Lewis,Lewis,Man City,DEF,2,410,90,0,0,0,2,0,0,0,0,0,0,0,3,16.4,14.8,5.0,3.6,4,3,2,6,1,0.02,0.08,0.10,1.11,1,False
Nico,O'Reilly,O’Reilly,Man City,DEF,2,411,0,0,0,0,0,0,0,0,0,0,0,0,0,0.0,0.0,0.0,0.0,0,0,0,0,0,0.00,0.00,0.00,0.00,0,False
Vitor,de Oliveira Nunes dos Reis,Vitor Reis,Man City,DEF,2,412,0,0,0,0,0,0,0,0,0,0,0,0,0,0.0,0.0,0.0,0.0,0,0,0,0,0,0.00,0.00,0.00,0.00,0,False
Omar,Marmoush,Marmoush,Man City,MID,2,413,53,0,0,0,2,0,0,0,0,0,0,0,7,13.0,2.8,36.0,5.2,2,1,1,4,1,0.65,0.01,0.66,0.62,1,False
Phil,Foden,Foden,Man City,MID,2,414,15,0,0,0,0,0,0,0,0,0,0,0,8,5.6,14.3,12.0,3.2,0,3,0,3,0,0.18,0.02,0.20,0.36,1,False
Sávio,Moreira de Oliveira,Savinho,Man City,MID,2,415,0,0,0,0,0,0,0,0,0,0,0,0,0,0.0,0.0,0.0,0.0,0,0,0,0,0,0.00,0.00,0.00,0.00,0,False
Bernardo,Mota Veiga de Carvalho e Silva,Bernardo,Man City,MID,2,416,36,0,0,0,0,0,0,0,0,0,0,0,2,3.2,2.9,4.0,1.0,2,1,0,3,0,0.00,0.02,0.02,0.49,1,False
Rayan,Cherki,Cherki,Man City,MID,2,417,53,0,0,0,2,0,0,0,0,0,0,0,10,14.4,25.5,8.0,4.8,1,3,4,8,1,0.00,0.44,0.44,0.62,1,False
Jérémy,Doku,Doku,Man City,MID,2,418,36,0,0,0,0,0,0,0,0,0,0,0,1,2.2,12.0,8.0,2.2,0,1,0,1,0,0.00,0.25,0.25,0.49,1,False
Jack,Grealish,Grealish,Everton,MID,2,419,90,0,2,1,0,0,0,0,0,0,0,2,37,48.2,35.3,12.0,9.6,1,7,3,11,1,0.01,0.70,0.71,2.43,11,True
İlkay,Gündoğan,Gündoğan,Man City,MID,2,420,0,0,0,0,0,0,0,0,0,0,0,0,0,0.0,0.0,0.0,0.0,0,0,0,0,0,0.00,0.00,0.00,0.00,0,False
Rodrigo 'Rodri',Hernandez Cascante,Rodrigo,Man City,MID,2,421,15,0,0,0,0,0,0,0,0,0,0,0,7,5.4,11.4,17.0,3.4,0,4,1,5,0,0.05,0.02,0.07,0.36,1,False
Mateo,Kovačić,Kovačić,Man City,MID,2,422,0,0,0,0,0,0,0,0,0,0,0,0,0,0.0,0.0,0.0,0.0,0,0,0,0,0,0.00,0.00,0.00,0.00,0,False
Nico,González Iglesias,N.Gonzalez,Man City,MID,2,423,74,0,0,0,2,0,0,0,1,0,0,0,15,10.4,6.7,0.0,1.7,1,2,3,6,1,0.00,0.02,0.02,0.75,1,False
Oscar,Bobb,Bobb,Man City,MID,2,424,74,0,0,0,2,0,0,0,0,0,0,0,12,11.8,30.1,14.0,5.6,0,2,3,5,1,0.00,0.21,0.21,0.75,2,False
Claudio,Echeverri,Echeverri,Man City,MID,2,425,0,0,0,0,0,0,0,0,0,0,0,0,0,0.0,0.0,0.0,0.0,0,0,0,0,0,0.00,0.00,0.00,0.00,0,False
James,McAtee,McAtee,Nott'm Forest,MID,2,426,18,0,0,0,0,0,0,0,0,0,0,0,4,1.4,11.3,2.0,1.5,0,0,0,0,0,0.00,0.03,0.03,0.00,1,False
Tijjani,Reijnders,Reijnders,Man City,MID,2,427,90,0,0,0,2,0,0,0,0,0,0,0,12,5.4,5.1,4.0,1.5,0,4,1,5,1,0.04,0.04,0.08,1.11,2,False
Sverre,Nypan,Nypan,Man City,MID,2,428,0,0,0,0,0,0,0,0,0,0,0,0,0,0.0,0.0,0.0,0.0,0,0,0,0,0,0.00,0.00,0.00,0.00,0,False
Kalvin,Phillips,Phillips,Man City,MID,2,429,0,0,0,0,0,0,0,0,0,0,0,0,0,0.0,0.0,0.0,0.0,0,0,0,0,0,0.00,0.00,0.00,0.00,0,False
Erling,Haaland,Haaland,Man City,FWD,2,430,90,0,0,0,2,0,0,0,0,0,0,0,6,1.4,15.2,15.0,3.2,1,3,0,4,1,0.47,0.30,0.77,1.11,2,False
Altay,Bayındır,Bayindir,Man Utd,GKP,2,431,90,0,0,0,1,0,0,0,0,0,2,0,13,16.0,10.0,0.0,2.6,0,6,0,0,1,0.00,0.03,0.03,1.76,2,False
André,Onana,Onana,Man Utd,GKP,2,432,0,0,0,0,0,0,0,0,0,0,0,0,0,0.0,0.0,0.0,0.0,0,0,0,0,0,0.00,0.00,0.00,0.00,0,False
Elyh,Harrison,Harrison,Man Utd,GKP,2,433,0,0,0,0,0,0,0,0,0,0,0,0,0,0.0,0.0,0.0,0.0,0,0,0,0,0,0.00,0.00,0.00,0.00,0,False
Tom,Heaton,Heaton,Man Utd,GKP,2,434,0,0,0,0,0,0,0,0,0,0,0,0,0,0.0,0.0,0.0,0.0,0,0,0,0,0,0.00,0.00,0.00,0.00,0,False
Dermot,Mee,Mee,Man Utd,GKP,2,435,0,0,0,0,0,0,0,0,0,0,0,0,0,0.0,0.0,0.0,0.0,0,0,0,0,0,0.00,0.00,0.00,0.00,0,False
Matthijs,de Ligt,De Ligt,Man Utd,DEF,2,436,90,0,0,0,1,0,0,0,0,0,0,3,24,29.0,0.2,0.0,2.9,10,2,1,11,1,0.00,0.01,0.01,1.76,7,False
Lisandro,Martínez,Martinez,Man Utd,DEF,2,437,0,0,0,0,0,0,0,0,0,0,0,0,0,0.0,0.0,0.0,0.0,0,0,0,0,0,0.00,0.00,0.00,0.00,0,False
Noussair,Mazraoui,Mazraoui,Man Utd,DEF,2,438,0,0,0,0,0,0,0,0,0,0,0,0,0,0.0,0.0,0.0,0.0,0,0,0,0,0,0.00,0.00,0.00,0.00,0,False
Diego,León Blanco,D.Leon,Man Utd,DEF,2,439,0,0,0,0,0,0,0,0,0,0,0,0,0,0.0,0.0,0.0,0.0,0,0,0,0,0,0.00,0.00,0.00,0.00,0,False
Diogo,Dalot Teixeira,Dalot,Man Utd,DEF,2,440,38,0,0,0,1,0,0,0,0,0,0,0,-4,0.0,4.8,10.0,1.4,1,1,1,2,0,0.01,0.01,0.02,0.86,1,False
Patrick,Dorgu,Dorgu,Man Utd,DEF,2,441,90,0,0,0,1,0,0,0,0,0,0,0,4,4.8,4.5,6.0,1.5,4,1,0,4,1,0.00,0.04,0.04,1.76,2,False
Harry,Maguire,Maguire,Man Utd,DEF,2,442,3,0,0,0,0,0,0,0,0,0,0,0,2,0.2,0.0,4.0,0.4,1,0,0,1,0,0.10,0.00,0.10,0.03,1,False
Luke,Shaw,Shaw,Man Utd,DEF,2,443,86,0,0,0,1,0,0,0,0,0,0,0,5,9.6,2.8,0.0,1.2,4,1,1,5,1,0.00,0.01,0.01,1.73,2,False
Leny,Yoro,Yoro,Man Utd,DEF,2,444,86,0,1,0,1,0,0,0,0,0,0,1,22,15.0,11.3,9.0,3.5,6,1,2,8,1,0.18,0.01,0.19,1.73,6,False
Harry,Amass,Amass,Man Utd,DEF,2,445,0,0,0,0,0,0,0,0,0,0,0,0,0,0.0,0.0,0.0,0.0,0,0,0,0,0,0.00,0.00,0.00,0.00,0,False
Tyler,Fredricson,Fredricson,Man Utd,DEF,2,446,0,0,0,0,0,0,0,0,0,0,0,0,0,0.0,0.0,0.0,0.0,0,0,0,0,0,0.00,0.00,0.00,0.00,0,False
Ayden,Heaven,Heaven,Man Utd,DEF,2,447,3,0,0,0,0,0,0,0,0,0,0,0,3,2.0,0.0,0.0,0.2,1,0,0,1,0,0.00,0.00,0.00,0.03,1,False
Tyrell,Malacia,Malacia,Man Utd,DEF,2,448,0,0,0,0,0,0,0,0,0,0,0,0,0,0.0,0.0,0.0,0.0,0,0,0,0,0,0.00,0.00,0.00,0.00,0,False
Bruno,Borges Fernandes,B.Fernandes,Man Utd,MID,2,449,90,0,0,0,1,0,0,1,0,0,0,0,12,21.0,17.3,13.0,5.1,3,8,2,13,1,0.82,0.04,0.86,1.76,2,False
Matheus,Santos Carneiro da Cunha,Cunha,Man Utd,MID,2,450,90,0,0,0,1,0,0,0,0,0,0,0,5,8.6,14.9,22.0,4.6,1,2,1,4,1,0.39,0.02,0.41,1.76,2,False
Marcus,Rashford,Rashford,Man Utd,MID,2,451,0,0,0,0,0,0,0,0,0,0,0,0,0,0.0,0.0,0.0,0.0,0,0,0,0,0,0.00,0.00,0.00,0.00,0,False
Amad,Diallo,Amad,Man Utd,MID,2,452,51,0,0,0,0,0,0,0,0,0,0,0,7,11.4,3.4,22.0,3.7,2,2,2,6,1,0.14,0.02,0.16,0.90,1,False
Alejandro,Garnacho Ferreyra,Garnacho,Chelsea,MID,2,453,0,0,0,0,0,0,0,0,0,0,0,0,0,0.0,0.0,0.0,0.0,0,0,0,0,0,0.00,0.00,0.00,0.00,0,False
Antony,dos Santos,Antony,Man Utd,MID,2,454,0,0,0,0,0,0,0,0,0,0,0,0,0,0.0,0.0,0.0,0.0,0,0,0,0,0,0.00,0.00,0.00,0.00,0,False
Mason,Mount,Mount,Man Utd,MID,2,455,68,0,0,1,0,0,0,0,0,0,0,0,10,6.4,28.5,6.0,4.1,0,1,2,3,1,0.00,0.19,0.19,1.06,3,False
Jadon,Sancho,Sancho,Aston Villa,MID,2,456,0,0,0,0,0,0,0,0,0,0,0,0,0,0.0,0.0,0.0,0.0,0,0,0,0,0,0.00,0.00,0.00,0.00,0,False
Carlos Henrique,Casimiro,Casemiro,Man Utd,MID,2,457,52,0,0,0,0,0,0,0,1,0,0,0,4,7.8,0.5,2.0,1.0,2,3,2,7,1,0.00,0.00,0.00,0.90,0,False
Kobbie,Mainoo,Mainoo,Man Utd,MID,2,458,0,0,0,0,0,0,0,0,0,0,0,0,0,0.0,0.0,0.0,0.0,0,0,0,0,0,0.00,0.00,0.00,0.00,0,False
Manuel,Ugarte Ribeiro,Ugarte,Man Utd,MID,2,459,21,0,0,0,1,0,0,0,0,0,0,0,7,8.6,0.8,0.0,0.9,2,0,3,5,0,0.00,0.00,0.00,0.70,1,False
Toby,Collyer,Collyer,Man Utd,MID,2,460,0,0,0,0,0,0,0,0,0,0,0,0,0,0.0,0.0,0.0,0.0,0,0,0,0,0,0.00,0.00,0.00,0.00,0,False
Jayce,Fitzgerald,Fitzgerald,Man Utd,MID,2,461,0,0,0,0,0,0,0,0,0,0,0,0,0,0.0,0.0,0.0,0.0,0,0,0,0,0,0.00,0.00,0.00,0.00,0,False
Jack,Fletcher,J.Fletcher,Man Utd,MID,2,462,0,0,0,0,0,0,0,0,0,0,0,0,0,0.0,0.0,0.0,0.0,0,0,0,0,0,0.00,0.00,0.00,0.00,0,False
Sékou,Koné,Kone,Man Utd,MID,2,463,0,0,0,0,0,0,0,0,0,0,0,0,0,0.0,0.0,0.0,0.0,0,0,0,0,0,0.00,0.00,0.00,0.00,0,False
Jack,Moorhouse,Moorhouse,Man Utd,MID,2,464,0,0,0,0,0,0,0,0,0,0,0,0,0,0.0,0.0,0.0,0.0,0,0,0,0,0,0.00,0.00,0.00,0.00,0,False
Rasmus,Højlund,Højlund,Man Utd,FWD,2,465,0,0,0,0,0,0,0,0,0,0,0,0,0,0.0,0.0,0.0,0.0,0,0,0,0,0,0.00,0.00,0.00,0.00,0,False
Joshua,Zirkzee,Zirkzee,Man Utd,FWD,2,466,0,0,0,0,0,0,0,0,0,0,0,0,0,0.0,0.0,0.0,0.0,0,0,0,0,0,0.00,0.00,0.00,0.00,0,False
Chido,Obi,Obi,Man Utd,FWD,2,467,0,0,0,0,0,0,0,0,0,0,0,0,0,0.0,0.0,0.0,0.0,0,0,0,0,0,0.00,0.00,0.00,0.00,0,False
Ethan,Wheatley,Wheatley,Man Utd,FWD,2,468,0,0,0,0,0,0,0,0,0,0,0,0,0,0.0,0.0,0.0,0.0,0,0,0,0,0,0.00,0.00,0.00,0.00,0,False
Nick,Pope,Pope,Newcastle,GKP,2,469,90,0,1,0,3,0,0,0,0,0,1,0,7,10.0,0.0,0.0,1.0,1,4,0,0,1,0.00,0.00,0.00,0.70,4,False
Martin,Dúbravka,Dúbravka,Burnley,GKP,2,470,90,0,0,1,0,0,0,0,0,0,1,0,25,10.8,0.0,0.0,1.1,2,11,0,0,1,0.00,0.00,0.00,0.77,6,False
Mark,Gillespie,Gillespie,Newcastle,GKP,2,471,0,0,0,0,0,0,0,0,0,0,0,0,0,0.0,0.0,0.0,0.0,0,0,0,0,0,0.00,0.00,0.00,0.00,0,False
Odysseas,Vlachodimos,Odysseas,Newcastle,GKP,2,472,0,0,0,0,0,0,0,0,0,0,0,0,0,0.0,0.0,0.0,0.0,0,0,0,0,0,0.00,0.00,0.00,0.00,0,False
Lewis,Hall,Hall,Newcastle,DEF,2,473,14,0,0,0,1,0,0,0,0,0,0,0,1,7.4,0.5,0.0,0.8,4,1,1,5,0,0.00,0.00,0.00,0.37,1,False
Fabian,Schär,Schär,Newcastle,DEF,2,474,80,0,0,0,2,0,0,0,0,0,0,0,5,15.2,0.3,6.0,2.2,5,3,3,8,1,0.00,0.00,0.00,0.33,1,False
Sven,Botman,Botman,Newcastle,DEF,2,475,0,0,0,0,0,0,0,0,0,0,0,0,0,0.0,0.0,0.0,0.0,0,0,0,0,0,0.00,0.00,0.00,0.00,0,False
Dan,Burn,Burn,Newcastle,DEF,2,476,90,0,0,0,3,0,0,0,1,0,0,0,-2,20.4,14.3,12.0,4.7,11,2,1,12,1,0.01,0.07,0.08,0.70,2,False
Tino,Livramento,Livramento,Newcastle,DEF,2,477,90,0,1,0,3,0,0,0,0,0,0,0,12,24.8,15.3,4.0,4.4,1,3,0,1,1,0.00,0.20,0.20,0.70,4,False
Kieran,Trippier,Trippier,Newcastle,DEF,2,478,75,0,0,0,2,0,0,0,0,0,0,0,-2,0.0,11.6,0.0,1.1,0,4,0,0,1,0.00,0.08,0.08,0.33,1,False
Emil,Krafth,Krafth,Newcastle,DEF,2,479,0,0,0,0,0,0,0,0,0,0,0,0,0,0.0,0.0,0.0,0.0,0,0,0,0,0,0.00,0.00,0.00,0.00,0,False
Jamaal,Lascelles,Lascelles,Newcastle,DEF,2,480,0,0,0,0,0,0,0,0,0,0,0,0,0,0.0,0.0,0.0,0.0,0,0,0,0,0,0.00,0.00,0.00,0.00,0,False
Alex,Murphy,A.Murphy,Newcastle,DEF,2,481,0,0,0,0,0,0,0,0,0,0,0,0,0,0.0,0.0,0.0,0.0,0,0,0,0,0,0.00,0.00,0.00,0.00,0,False
Harrison,Ashby,Ashby,Newcastle,DEF,2,482,0,0,0,0,0,0,0,0,0,0,0,0,0,0.0,0.0,0.0,0.0,0,0,0,0,0,0.00,0.00,0.00,0.00,0,False
Miodrag,Pivaš,Pivas,Newcastle,DEF,2,483,0,0,0,0,0,0,0,0,0,0,0,0,0,0.0,0.0,0.0,0.0,0,0,0,0,0,0.00,0.00,0.00,0.00,0,False
Matt,Targett,Targett,Newcastle,DEF,2,484,0,0,0,0,0,0,0,0,0,0,0,0,0,0.0,0.0,0.0,0.0,0,0,0,0,0,0.00,0.00,0.00,0.00,0,False
Anthony,Gordon,Gordon,Newcastle,MID,2,485,47,0,0,0,3,0,0,0,0,1,0,0,-6,0.0,11.2,45.0,5.4,0,3,0,3,1,0.48,0.02,0.50,0.07,-2,False
Anthony,Elanga,Elanga,Newcastle,MID,2,486,90,0,0,0,3,0,0,0,0,0,0,0,7,6.6,14.8,10.0,3.1,1,0,0,1,1,0.00,0.06,0.06,0.70,2,False
Harvey,Barnes,Barnes,Newcastle,MID,2,487,75,0,0,0,2,0,0,0,0,0,0,0,10,4.2,15.8,2.0,2.2,0,2,0,2,1,0.00,0.36,0.36,0.33,2,False
Bruno,Guimarães Rodriguez Moura,Bruno G.,Newcastle,MID,2,488,90,1,0,0,3,0,0,0,1,0,0,0,22,37.0,8.3,17.0,6.2,0,8,3,11,1,0.17,0.02,0.19,0.70,6,False
Jacob,Murphy,J.Murphy,Newcastle,MID,2,489,0,0,0,0,0,0,0,0,0,0,0,0,0,0.0,0.0,0.0,0.0,0,0,0,0,0,0.00,0.00,0.00,0.00,0,False
Joelinton Cássio,Apolinário de Lira,Joelinton,Newcastle,MID,2,490,75,0,0,0,2,0,0,0,0,0,0,0,7,6.6,0.4,7.0,1.4,2,3,2,7,1,0.03,0.00,0.03,0.33,2,False
Sandro,Tonali,Tonali,Newcastle,MID,2,491,65,0,0,0,2,0,0,0,0,0,0,0,7,0.4,1.3,8.0,1.0,2,3,0,5,1,0.09,0.01,0.10,0.33,2,False
Antoñito,Cordero Campillo,Antoñito C.,Newcastle,MID,2,492,0,0,0,0,0,0,0,0,0,0,0,0,0,0.0,0.0,0.0,0.0,0,0,0,0,0,0.00,0.00,0.00,0.00,0,False
Sean,Longstaff,Longstaff,Leeds,MID,2,493,32,0,0,0,1,0,0,0,0,0,0,0,2,1.4,0.4,0.0,0.2,1,1,0,2,0,0.00,0.00,0.00,1.03,1,False
Joe,Willock,Willock,Newcastle,MID,2,494,0,0,0,0,0,0,0,0,0,0,0,0,0,0.0,0.0,0.0,0.0,0,0,0,0,0,0.00,0.00,0.00,0.00,0,False
Isaac,Hayden,Hayden,Newcastle,MID,2,495,0,0,0,0,0,0,0,0,0,0,0,0,0,0.0,0.0,0.0,0.0,0,0,0,0,0,0.00,0.00,0.00,0.00,0,False
Garang,Kuol,Kuol,Newcastle,MID,2,496,0,0,0,0,0,0,0,0,0,0,0,0,0,0.0,0.0,0.0,0.0,0,0,0,0,0,0.00,0.00,0.00,0.00,0,False
Lewis,Miley,L.Miley,Newcastle,MID,2,497,24,0,0,0,1,0,0,0,0,0,0,0,3,2.2,0.3,2.0,0.5,0,1,1,2,0,0.03,0.00,0.03,0.37,1,False
Joe,White,White,Newcastle,MID,2,498,0,0,0,0,0,0,0,0,0,0,0,0,0,0.0,0.0,0.0,0.0,0,0,0,0,0,0.00,0.00,0.00,0.00,0,False
Alexander,Isak,Isak,Liverpool,FWD,2,499,0,0,0,0,0,0,0,0,0,0,0,0,0,0.0,0.0,0.0,0.0,0,0,0,0,0,0.00,0.00,0.00,0.00,0,False
William,Osula,Osula,Newcastle,FWD,2,500,14,1,0,0,1,0,0,0,0,0,0,0,27,31.0,0.3,17.0,4.8,0,0,0,0,0,0.13,0.00,0.13,0.37,5,False
Sean,Neave,Neave,Newcastle,FWD,2,501,0,0,0,0,0,0,0,0,0,0,0,0,0,0.0,0.0,0.0,0.0,0,0,0,0,0,0.00,0.00,0.00,0.00,0,False
Matz,Sels,Sels,Nott'm Forest,GKP,2,502,90,0,0,0,1,0,0,0,1,0,3,0,11,21.6,0.0,0.0,2.2,0,13,0,0,1,0.00,0.00,0.00,1.10,2,False
Carlos Miguel,dos Santos Pereira,C.Miguel,Nott'm Forest,GKP,2,503,0,0,0,0,0,0,0,0,0,0,0,0,0,0.0,0.0,0.0,0.0,0,0,0,0,0,0.00,0.00,0.00,0.00,0,False
Matt,Turner,Turner,Nott'm Forest,GKP,2,504,0,0,0,0,0,0,0,0,0,0,0,0,0,0.0,0.0,0.0,0.0,0,0,0,0,0,0.00,0.00,0.00,0.00,0,False
Nikola,Milenković,Milenković,Nott'm Forest,DEF,2,505,90,0,0,0,1,0,0,0,0,0,0,0,14,15.8,0.8,2.0,1.9,6,2,1,7,1,0.00,0.02,0.02,1.10,2,False
Murillo,Costa dos Santos,Murillo,Nott'm Forest,DEF,2,506,90,0,0,0,1,0,0,0,1,0,0,0,3,14.4,5.3,0.0,2.0,4,5,2,6,1,0.00,0.16,0.16,1.10,1,False
Ola,Aina,Aina,Nott'm Forest,DEF,2,507,90,0,0,0,1,0,0,0,1,0,0,0,5,12.4,1.9,0.0,1.4,5,10,1,6,1,0.00,0.01,0.01,1.10,1,False
Neco,Williams,N.Williams,Nott'm Forest,DEF,2,508,90,0,0,0,1,0,0,0,0,0,0,0,18,7.8,3.5,6.0,1.7,0,6,3,3,1,0.00,0.02,0.02,1.10,2,False
David,Mota Veiga Teixeira do Carmo,David Carmo,Nott'm Forest,DEF,2,509,0,0,0,0,0,0,0,0,0,0,0,0,0,0.0,0.0,0.0,0.0,0,0,0,0,0,0.00,0.00,0.00,0.00,0,False
Jair,Paula da Cunha Filho,Jair Cunha,Nott'm Forest,DEF,2,510,0,0,0,0,0,0,0,0,0,0,0,0,0,0.0,0.0,0.0,0.0,0,0,0,0,0,0.00,0.00,0.00,0.00,0,False
Felipe,Rodrigues da Silva,Morato,Nott'm Forest,DEF,2,511,0,0,0,0,0,0,0,0,0,0,0,0,0,0.0,0.0,0.0,0.0,0,0,0,0,0,0.00,0.00,0.00,0.00,0,False
Omar,Richards,O.Richards,Nott'm Forest,DEF,2,512,0,0,0,0,0,0,0,0,0,0,0,0,0,0.0,0.0,0.0,0.0,0,0,0,0,0,0.00,0.00,0.00,0.00,0,False
Zach,Abbott,Abbott,Nott'm Forest,DEF,2,513,0,0,0,0,0,0,0,0,0,0,0,0,0,0.0,0.0,0.0,0.0,0,0,0,0,0,0.00,0.00,0.00,0.00,0,False
Willy,Boly,Boly,Nott'm Forest,DEF,2,514,0,0,0,0,0,0,0,0,0,0,0,0,0,0.0,0.0,0.0,0.0,0,0,0,0,0,0.00,0.00,0.00,0.00,0,False
Morgan,Gibbs-White,Gibbs-White,Nott'm Forest,MID,2,515,81,0,0,0,1,0,0,0,0,0,0,0,7,0.0,20.5,4.0,2.2,0,1,0,1,1,0.11,0.10,0.21,1.10,2,False
Callum,Hudson-Odoi,Hudson-Odoi,Nott'm Forest,MID,2,516,71,1,0,0,1,0,0,0,0,0,0,3,26,35.6,3.3,24.0,6.3,1,1,1,3,1,0.31,0.02,0.33,1.10,10,False
Elliot,Anderson,Anderson,Nott'm Forest,MID,2,517,90,0,0,0,1,0,0,0,0,0,0,0,13,17.2,21.5,0.0,3.9,1,7,3,11,1,0.00,0.03,0.03,1.10,2,False
João Pedro,Ferreira da Silva,Jota,Nott'm Forest,MID,2,518,0,0,0,0,0,0,0,0,0,0,0,0,0,0.0,0.0,0.0,0.0,0,0,0,0,0,0.00,0.00,0.00,0.00,0,False
Nicolás,Domínguez,Dominguez,Nott'm Forest,MID,2,519,0,0,0,0,0,0,0,0,0,0,0,0,0,0.0,0.0,0.0,0.0,0,0,0,0,0,0.00,0.00,0.00,0.00,0,False
Lewis,O'Brien,O'Brien,Nott'm Forest,MID,2,520,0,0,0,0,0,0,0,0,0,0,0,0,0,0.0,0.0,0.0,0.0,0,0,0,0,0,0.00,0.00,0.00,0.00,0,False
Ibrahim,Sangaré,Sangaré,Nott'm Forest,MID,2,521,87,0,0,0,1,0,0,0,0,0,0,0,14,9.4,3.3,1.0,1.4,4,3,1,8,1,0.01,0.01,0.02,1.10,2,False
Ryan,Yates,Yates,Nott'm Forest,MID,2,522,2,0,0,0,0,0,0,0,0,0,0,0,3,2.6,1.8,0.0,0.4,1,0,0,1,0,0.00,0.00,0.00,0.00,1,False
Eric,da Silva Moreira,Da Silva Moreira,Nott'm Forest,MID,2,523,0,0,0,0,0,0,0,0,0,0,0,0,0,0.0,0.0,0.0,0.0,0,0,0,0,0,0.00,0.00,0.00,0.00,0,False
Marko,Stamenić,Stamenic,Nott'm Forest,MID,2,524,0,0,0,0,0,0,0,0,0,0,0,0,0,0.0,0.0,0.0,0.0,0,0,0,0,0,0.00,0.00,0.00,0.00,0,False
Chris,Wood,Wood,Nott'm Forest,FWD,2,525,87,0,0,0,1,0,0,0,0,0,0,0,3,0.0,11.0,13.0,2.0,0,0,0,0,1,0.23,0.06,0.29,1.10,2,False
Igor Jesus,Maciel da Cruz,Igor Jesus,Nott'm Forest,FWD,2,526,2,0,0,0,0,0,0,0,0,0,0,0,1,0.0,0.3,6.0,0.4,0,0,0,0,0,0.07,0.00,0.07,0.00,1,False
Taiwo,Awoniyi,Awoniyi,Nott'm Forest,FWD,2,527,0,0,0,0,0,0,0,0,0,0,0,0,0,0.0,0.0,0.0,0.0,0,0,0,0,0,0.00,0.00,0.00,0.00,0,False
Anthony,Patterson,Patterson,Sunderland,GKP,2,528,0,0,0,0,0,0,0,0,0,0,0,0,0,0.0,0.0,0.0,0.0,0,0,0,0,0,0.00,0.00,0.00,0.00,0,False
Simon,Moore,Moore,Sunderland,GKP,2,529,0,0,0,0,0,0,0,0,0,0,0,0,0,0.0,0.0,0.0,0.0,0,0,0,0,0,0.00,0.00,0.00,0.00,0,False
Blondy,Nna Noukeu,Nna Noukeu,Sunderland,GKP,2,530,0,0,0,0,0,0,0,0,0,0,0,0,0,0.0,0.0,0.0,0.0,0,0,0,0,0,0.00,0.00,0.00,0.00,0,False
Daniel,Ballard,Ballard,Sunderland,DEF,2,531,8,0,0,0,0,0,0,0,0,0,0,0,8,5.2,10.3,2.0,1.8,2,0,0,2,1,0.00,0.17,0.17,0.00,1,False
Trai,Hume,Hume,Sunderland,DEF,2,532,90,0,0,0,2,0,0,0,0,0,0,0,5,10.6,14.0,2.0,2.7,1,3,2,3,1,0.03,0.03,0.06,1.00,1,False
Aji,Alese,Alese,Sunderland,DEF,2,533,0,0,0,0,0,0,0,0,0,0,0,0,0,0.0,0.0,0.0,0.0,0,0,0,0,0,0.00,0.00,0.00,0.00,0,False
Joe,Anderson,Anderson,Sunderland,DEF,2,534,0,0,0,0,0,0,0,0,0,0,0,0,0,0.0,0.0,0.0,0.0,0,0,0,0,0,0.00,0.00,0.00,0.00,0,False
Dennis,Cirkin,Cirkin,Sunderland,DEF,2,535,0,0,0,0,0,0,0,0,0,0,0,0,0,0.0,0.0,0.0,0.0,0,0,0,0,0,0.00,0.00,0.00,0.00,0,False
Leo Fuhr,Hjelde,Hjelde,Sunderland,DEF,2,536,0,0,0,0,0,0,0,0,0,0,0,0,0,0.0,0.0,0.0,0.0,0,0,0,0,0,0.00,0.00,0.00,0.00,0,False
Niall,Huggins,Huggins,Sunderland,DEF,2,537,0,0,0,0,0,0,0,0,0,0,0,0,0,0.0,0.0,0.0,0.0,0,0,0,0,0,0.00,0.00,0.00,0.00,0,False
Zak,Johnson,Johnson,Sunderland,DEF,2,538,0,0,0,0,0,0,0,0,0,0,0,0,0,0.0,0.0,0.0,0.0,0,0,0,0,0,0.00,0.00,0.00,0.00,0,False
Luke,O'Nien,O'Nien,Sunderland,DEF,2,539,0,0,0,0,0,0,0,0,0,0,0,0,0,0.0,0.0,0.0,0.0,0,0,0,0,0,0.00,0.00,0.00,0.00,0,False
Timothée,Pembélé,Pembele,Sunderland,DEF,2,540,0,0,0,0,0,0,0,0,0,0,0,0,0,0.0,0.0,0.0,0.0,0,0,0,0,0,0.00,0.00,0.00,0.00,0,False
Reinildo,Mandava,Reinildo,Sunderland,DEF,2,541,90,0,0,0,2,0,0,0,0,0,0,0,14,29.4,10.4,0.0,4.0,7,3,5,12,1,0.00,0.02,0.02,1.00,3,False
Jenson,Seelt,Seelt,Sunderland,DEF,2,542,81,0,0,0,2,0,0,0,0,0,0,0,5,18.4,1.8,0.0,2.0,4,2,2,6,0,0.00,0.01,0.01,1.00,1,False
Simon,Adingra,Adingra,Sunderland,MID,2,543,62,0,0,0,1,0,0,0,1,0,0,0,7,8.2,19.5,0.0,2.8,3,2,0,5,1,0.00,0.09,0.09,0.34,1,False
Habib,Diarra,Diarra,Sunderland,MID,2,544,79,0,0,0,1,0,0,0,0,0,0,0,7,3.6,16.6,4.0,2.4,1,2,0,3,1,0.00,0.04,0.04,0.34,2,False
Patrick,Roberts,Roberts,Sunderland,MID,2,545,27,0,0,0,1,0,0,0,0,0,0,0,4,1.8,7.3,5.0,1.4,0,1,0,1,0,0.03,0.02,0.05,0.66,1,False
Milan,Aleksić,Aleksić,Sunderland,MID,2,546,0,0,0,0,0,0,0,0,0,0,0,0,0,0.0,0.0,0.0,0.0,0,0,0,0,0,0.00,0.00,0.00,0.00,0,False
Enzo,Le Fée,E.Le Fée,Sunderland,MID,2,547,27,0,0,0,1,0,0,0,0,0,0,0,15,9.0,23.4,4.0,3.6,0,6,2,8,0,0.04,0.05,0.09,0.66,1,False
Romaine,Mundle,Mundle,Sunderland,MID,2,548,0,0,0,0,0,0,0,0,0,0,0,0,0,0.0,0.0,0.0,0.0,0,0,0,0,0,0.00,0.00,0.00,0.00,0,False
Dan,Neil,Neil,Sunderland,MID,2,549,0,0,0,0,0,0,0,0,0,0,0,0,0,0.0,0.0,0.0,0.0,0,0,0,0,0,0.00,0.00,0.00,0.00,0,False
Ian,Poveda-Ocampo,Poveda,Sunderland,MID,2,550,0,0,0,0,0,0,0,0,0,0,0,0,0,0.0,0.0,0.0,0.0,0,0,0,0,0,0.00,0.00,0.00,0.00,0,False
Chris,Rigg,Rigg,Sunderland,MID,2,551,0,0,0,0,0,0,0,0,0,0,0,0,0,0.0,0.0,0.0,0.0,0,0,0,0,0,0.00,0.00,0.00,0.00,0,False
Noah,Sadiki,Sadiki,Sunderland,MID,2,552,90,0,0,0,2,0,0,0,0,0,0,0,13,9.4,9.5,4.0,2.3,2,0,2,4,1,0.00,0.08,0.08,1.00,2,False
Chemsdine,Talbi,Talbi,Sunderland,MID,2,553,62,0,0,0,1,0,0,0,0,0,0,0,3,1.8,16.3,4.0,2.2,0,2,0,2,1,0.23,0.01,0.24,0.34,2,False
Abdoullah,Ba,Ba,Sunderland,MID,2,554,0,0,0,0,0,0,0,0,0,0,0,0,0,0.0,0.0,0.0,0.0,0,0,0,0,0,0.00,0.00,0.00,0.00,0,False
Alan,Browne,Browne,Sunderland,MID,2,555,0,0,0,0,0,0,0,0,0,0,0,0,0,0.0,0.0,0.0,0.0,0,0,0,0,0,0.00,0.00,0.00,0.00,0,False
Pierre,Ekwah Elimby,Ekwah,Sunderland,MID,2,556,0,0,0,0,0,0,0,0,0,0,0,0,0,0.0,0.0,0.0,0.0,0,0,0,0,0,0.00,0.00,0.00,0.00,0,False
Harrison,Jones,H.Jones,Sunderland,MID,2,557,0,0,0,0,0,0,0,0,0,0,0,0,0,0.0,0.0,0.0,0.0,0,0,0,0,0,0.00,0.00,0.00,0.00,0,False
Jay,Matete,Matete,Sunderland,MID,2,558,0,0,0,0,0,0,0,0,0,0,0,0,0,0.0,0.0,0.0,0.0,0,0,0,0,0,0.00,0.00,0.00,0.00,0,False
Nectarios,Triantis,Triantis,Sunderland,MID,2,559,0,0,0,0,0,0,0,0,0,0,0,0,0,0.0,0.0,0.0,0.0,0,0,0,0,0,0.00,0.00,0.00,0.00,0,False
Wilson,Isidor,Isidor,Sunderland,FWD,2,560,27,0,0,0,1,0,0,0,0,0,0,0,0,0.0,0.0,4.0,0.4,0,0,0,0,0,0.00,0.00,0.00,0.66,1,False
Eliezer,Mayenda Dossou,Mayenda,Sunderland,FWD,2,561,62,0,0,0,1,0,0,0,0,0,0,0,3,11.2,0.3,19.0,3.1,2,2,1,5,1,0.30,0.00,0.30,0.34,2,False
Ahmed,Abdullahi,Abdullahi,Sunderland,FWD,2,562,0,0,0,0,0,0,0,0,0,0,0,0,0,0.0,0.0,0.0,0.0,0,0,0,0,0,0.00,0.00,0.00,0.00,0,False
Luís Hemir,Silva Semedo,Luís Hemir,Sunderland,FWD,2,563,0,0,0,0,0,0,0,0,0,0,0,0,0,0.0,0.0,0.0,0.0,0,0,0,0,0,0.00,0.00,0.00,0.00,0,False
Nazarii,Rusyn,Rusyn,Sunderland,FWD,2,564,0,0,0,0,0,0,0,0,0,0,0,0,0,0.0,0.0,0.0,0.0,0,0,0,0,0,0.00,0.00,0.00,0.00,0,False
Guglielmo,Vicario,Vicario,Spurs,GKP,2,565,90,0,0,1,0,0,0,0,0,0,4,2,30,28.4,0.0,0.0,2.8,1,6,0,0,1,0.00,0.01,0.01,1.55,9,False
Brandon,Austin,Austin,Spurs,GKP,2,566,0,0,0,0,0,0,0,0,0,0,0,0,0,0.0,0.0,0.0,0.0,0,0,0,0,0,0.00,0.00,0.00,0.00,0,False
Antonín,Kinský,Kinsky,Spurs,GKP,2,567,0,0,0,0,0,0,0,0,0,0,0,0,0,0.0,0.0,0.0,0.0,0,0,0,0,0,0.00,0.00,0.00,0.00,0,False
Pedro,Porro Sauceda,Pedro Porro,Spurs,DEF,2,568,90,0,0,1,0,0,0,0,1,0,0,0,20,15.2,33.4,8.0,5.7,5,4,1,6,1,0.08,0.13,0.21,1.55,5,False
Cristian,Romero,Romero,Spurs,DEF,2,569,90,0,0,1,0,0,0,0,1,0,0,0,28,20.6,0.3,2.0,2.3,7,6,3,10,1,0.00,0.00,0.00,1.55,7,False
Kevin,Danso,Danso,Spurs,DEF,2,570,1,0,0,0,0,0,0,0,0,0,0,0,4,4.2,0.0,0.0,0.4,2,0,0,2,0,0.00,0.00,0.00,0.00,1,False
Ben,Davies,Davies,Spurs,DEF,2,571,0,0,0,0,0,0,0,0,0,0,0,0,0,0.0,0.0,0.0,0.0,0,0,0,0,0,0.00,0.00,0.00,0.00,0,False
Radu,Drăgușin,Dragusin,Spurs,DEF,2,572,0,0,0,0,0,0,0,0,0,0,0,0,0,0.0,0.0,0.0,0.0,0,0,0,0,0,0.00,0.00,0.00,0.00,0,False
Djed,Spence,Spence,Spurs,DEF,2,573,90,0,0,1,0,0,0,0,0,0,0,0,19,10.4,2.6,2.0,1.5,4,4,2,6,1,0.00,0.02,0.02,1.55,6,False
Destiny,Udogie,Udogie,Spurs,DEF,2,574,0,0,0,0,0,0,0,0,0,0,0,0,0,0.0,0.0,0.0,0.0,0,0,0,0,0,0.00,0.00,0.00,0.00,0,False
Micky,van de Ven,Van de Ven,Spurs,DEF,2,575,90,0,0,1,0,0,0,0,0,0,0,0,26,12.6,0.7,0.0,1.3,3,3,1,4,1,0.00,0.00,0.00,1.55,6,False
Ashley,Phillips,Phillips,Spurs,DEF,2,576,0,0,0,0,0,0,0,0,0,0,0,0,0,0.0,0.0,0.0,0.0,0,0,0,0,0,0.00,0.00,0.00,0.00,0,False
Takai,Kōta,Takai,Spurs,DEF,2,577,0,0,0,0,0,0,0,0,0,0,0,0,0,0.0,0.0,0.0,0.0,0,0,0,0,0,0.00,0.00,0.00,0.00,0,False
Luka,Vušković,Vuskovic,Spurs,DEF,2,578,0,0,0,0,0,0,0,0,0,0,0,0,0,0.0,0.0,0.0,0.0,0,0,0,0,0,0.00,0.00,0.00,0.00,0,False
Son,Heung-min,Son,Spurs,MID,2,579,0,0,0,0,0,0,0,0,0,0,0,0,0,0.0,0.0,0.0,0.0,0,0,0,0,0,0.00,0.00,0.00,0.00,0,False
Brennan,Johnson,Johnson,Spurs,MID,2,580,77,1,0,1,0,0,0,0,1,0,0,2,30,42.6,15.8,22.0,8.0,0,2,4,6,1,0.40,0.03,0.43,1.37,9,False
James,Maddison,Maddison,Spurs,MID,2,581,0,0,0,0,0,0,0,0,0,0,0,0,0,0.0,0.0,0.0,0.0,0,0,0,0,0,0.00,0.00,0.00,0.00,0,False
Mohammed,Kudus,Kudus,Spurs,MID,2,582,85,0,0,1,0,0,0,0,0,0,0,0,14,11.4,18.9,2.0,3.2,0,6,3,9,1,0.00,0.09,0.09,1.55,3,False
Dejan,Kulusevski,Kulusevski,Spurs,MID,2,583,0,0,0,0,0,0,0,0,0,0,0,0,0,0.0,0.0,0.0,0.0,0,0,0,0,0,0.00,0.00,0.00,0.00,0,False
Mathys,Tel,Tel,Spurs,MID,2,584,0,0,0,0,0,0,0,0,0,0,0,0,0,0.0,0.0,0.0,0.0,0,0,0,0,0,0.00,0.00,0.00,0.00,0,False
Rodrigo,Bentancur,Bentancur,Spurs,MID,2,585,90,0,0,1,0,0,0,0,0,0,0,0,14,11.4,12.2,2.0,2.6,3,6,2,11,1,0.00,0.00,0.00,1.55,3,False
Lucas,Bergvall,Bergvall,Spurs,MID,2,586,4,0,0,0,0,0,0,0,0,0,0,0,5,8.0,10.5,2.0,2.1,3,0,0,3,0,0.00,0.05,0.05,0.00,1,False
Yves,Bissouma,Bissouma,Spurs,MID,2,587,0,0,0,0,0,0,0,0,0,0,0,0,0,0.0,0.0,0.0,0.0,0,0,0,0,0,0.00,0.00,0.00,0.00,0,False
Wilson,Odobert,Odobert,Spurs,MID,2,588,12,0,0,0,0,0,0,0,0,0,0,0,1,2.4,0.3,21.0,2.4,0,2,0,2,0,0.25,0.00,0.25,0.18,1,False
Manor,Solomon,Solomon,Spurs,MID,2,589,0,0,0,0,0,0,0,0,0,0,0,0,0,0.0,0.0,0.0,0.0,0,0,0,0,0,0.00,0.00,0.00,0.00,0,False
Bryan,Gil Salvatierra,Bryan,Spurs,MID,2,590,0,0,0,0,0,0,0,0,0,0,0,0,0,0.0,0.0,0.0,0.0,0,0,0,0,0,0.00,0.00,0.00,0.00,0,False
Archie,Gray,Gray,Spurs,MID,2,591,0,0,0,0,0,0,0,0,0,0,0,0,0,0.0,0.0,0.0,0.0,0,0,0,0,0,0.00,0.00,0.00,0.00,0,False
Mikey,Moore,Moore,Spurs,MID,2,592,0,0,0,0,0,0,0,0,0,0,0,0,0,0.0,0.0,0.0,0.0,0,0,0,0,0,0.00,0.00,0.00,0.00,0,False
Pape Matar,Sarr,P.M.Sarr,Spurs,MID,2,593,90,0,0,1,0,0,0,0,0,0,0,0,7,6.2,1.5,19.0,2.7,1,6,2,9,1,0.03,0.01,0.04,1.55,3,False
Yang,Min-hyeok,Min-hyeok,Spurs,MID,2,594,0,0,0,0,0,0,0,0,0,0,0,0,0,0.0,0.0,0.0,0.0,0,0,0,0,0,0.00,0.00,0.00,0.00,0,False
Callum,Olusesi,Olusesi,Spurs,MID,2,595,0,0,0,0,0,0,0,0,0,0,0,0,0,0.0,0.0,0.0,0.0,0,0,0,0,0,0.00,0.00,0.00,0.00,0,False
Dominic,Solanke-Mitchell,Solanke,Spurs,FWD,2,596,12,0,0,0,0,0,0,0,0,0,0,0,5,4.0,0.0,19.0,2.3,1,0,0,1,0,0.12,0.00,0.12,0.18,1,False
Richarlison,de Andrade,Richarlison,Spurs,FWD,2,597,77,0,1,1,0,0,0,0,1,0,0,0,18,17.0,10.8,23.0,5.1,2,4,2,8,1,0.10,0.11,0.21,1.37,4,False
Will,Lankshear,Lankshear,Spurs,FWD,2,598,0,0,0,0,0,0,0,0,0,0,0,0,0,0.0,0.0,0.0,0.0,0,0,0,0,0,0.00,0.00,0.00,0.00,0,False
Dane,Scarlett,Scarlett,Spurs,FWD,2,599,0,0,0,0,0,0,0,0,0,0,0,0,0,0.0,0.0,0.0,0.0,0,0,0,0,0,0.00,0.00,0.00,0.00,0,False
Alphonse,Areola,Areola,West Ham,GKP,2,600,0,0,0,0,0,0,0,0,0,0,0,0,0,0.0,0.0,0.0,0.0,0,0,0,0,0,0.00,0.00,0.00,0.00,0,False
Wes,Foderingham,Foderingham,West Ham,GKP,2,601,0,0,0,0,0,0,0,0,0,0,0,0,0,0.0,0.0,0.0,0.0,0,0,0,0,0,0.00,0.00,0.00,0.00,0,False
Krisztián,Hegyi,Hegyi,West Ham,GKP,2,602,0,0,0,0,0,0,0,0,0,0,0,0,0,0.0,0.0,0.0,0.0,0,0,0,0,0,0.00,0.00,0.00,0.00,0,False
El Hadji Malick,Diouf,Diouf,West Ham,DEF,2,603,90,0,1,0,5,0,0,0,0,0,0,0,-1,20.6,12.7,2.0,3.5,3,5,1,4,1,0.00,0.01,0.01,2.74,3,False
Emerson,Palmieri dos Santos,Emerson,West Ham,DEF,2,604,0,0,0,0,0,0,0,0,0,0,0,0,0,0.0,0.0,0.0,0.0,0,0,0,0,0,0.00,0.00,0.00,0.00,0,False
Maximilian,Kilman,Kilman,West Ham,DEF,2,605,90,0,0,0,5,0,0,0,0,0,0,0,-18,4.0,0.3,7.0,1.1,5,1,0,5,1,0.19,0.00,0.19,2.74,0,False
Konstantinos,Mavropanos,Mavropanos,West Ham,DEF,2,606,0,0,0,0,0,0,0,0,0,0,0,0,0,0.0,0.0,0.0,0.0,0,0,0,0,0,0.00,0.00,0.00,0.00,0,False
Nayef,Aguerd,N.Aguerd,West Ham,DEF,2,607,90,0,0,0,5,0,0,0,0,0,0,0,-2,24.4,0.9,8.0,3.3,12,4,1,13,1,0.10,0.01,0.11,2.74,2,False
Ollie,Scarles,Scarles,West Ham,DEF,2,608,0,0,0,0,0,0,0,0,0,0,0,0,0,0.0,0.0,0.0,0.0,0,0,0,0,0,0.00,0.00,0.00,0.00,0,False
Jean-Clair,Todibo,Todibo,West Ham,DEF,2,609,45,0,0,0,3,0,0,0,0,0,0,0,-9,5.4,0.3,0.0,0.6,3,0,0,3,1,0.00,0.00,0.00,1.62,0,False
Aaron,Wan-Bissaka,Wan-Bissaka,West Ham,DEF,2,610,90,0,0,0,5,0,0,0,0,0,0,0,-8,17.0,19.8,0.0,3.7,5,2,0,5,1,0.00,0.06,0.06,2.74,0,False
Kaelan,Casey,Casey,West Ham,DEF,2,611,0,0,0,0,0,0,0,0,0,0,0,0,0,0.0,0.0,0.0,0.0,0,0,0,0,0,0.00,0.00,0.00,0.00,0,False
Lucas,Tolentino Coelho de Lima,L.Paquetá,West Ham,MID,2,612,90,1,0,0,5,0,0,0,0,0,0,2,39,54.4,18.3,14.0,8.7,1,5,5,11,1,0.07,0.09,0.16,2.74,9,False
Tomáš,Souček,Souček,West Ham,MID,2,613,69,0,0,0,5,0,0,0,0,0,0,0,8,6.0,0.7,22.0,2.9,1,4,1,6,1,0.09,0.00,0.09,2.43,2,False
James,Ward-Prowse,Ward-Prowse,West Ham,MID,2,614,90,0,0,0,5,0,0,0,0,0,0,0,23,17.6,58.6,2.0,7.8,3,1,2,6,1,0.11,0.31,0.42,2.74,2,False
Crysencio,Summerville,Summerville,West Ham,MID,2,615,0,0,0,0,0,0,0,0,0,0,0,0,0,0.0,0.0,0.0,0.0,0,0,0,0,0,0.00,0.00,0.00,0.00,0,False
Edson,Álvarez Velázquez,Álvarez,West Ham,MID,2,616,0,0,0,0,0,0,0,0,0,0,0,0,0,0.0,0.0,0.0,0.0,0,0,0,0,0,0.00,0.00,0.00,0.00,0,False
Maxwel,Cornet,Cornet,West Ham,MID,2,617,0,0,0,0,0,0,0,0,0,0,0,0,0,0.0,0.0,0.0,0.0,0,0,0,0,0,0.00,0.00,0.00,0.00,0,False
Guido,Rodríguez,G.Rodriguez,West Ham,MID,2,618,0,0,0,0,0,0,0,0,0,0,0,0,0,0.0,0.0,0.0,0.0,0,0,0,0,0,0.00,0.00,0.00,0.00,0,False
Luis Guilherme,Lira dos Santos,L.Guilherme,West Ham,MID,2,619,0,0,0,0,0,0,0,0,0,0,0,0,0,0.0,0.0,0.0,0.0,0,0,0,0,0,0.00,0.00,0.00,0.00,0,False
George,Earthy,Earthy,West Ham,MID,2,620,0,0,0,0,0,0,0,0,0,0,0,0,0,0.0,0.0,0.0,0.0,0,0,0,0,0,0.00,0.00,0.00,0.00,0,False
Andy,Irving,Irving,West Ham,MID,2,621,0,0,0,0,0,0,0,0,0,0,0,0,0,0.0,0.0,0.0,0.0,0,0,0,0,0,0.00,0.00,0.00,0.00,0,False
Lewis,Orford,Orford,West Ham,MID,2,622,0,0,0,0,0,0,0,0,0,0,0,0,0,0.0,0.0,0.0,0.0,0,0,0,0,0,0.00,0.00,0.00,0.00,0,False
Freddie,Potts,Potts,West Ham,MID,2,623,45,0,0,0,2,0,0,0,0,0,0,0,2,6.2,2.2,2.0,1.0,1,2,1,4,0,0.00,0.00,0.00,1.12,1,False
Jarrod,Bowen,Bowen,West Ham,FWD,2,624,90,0,0,0,5,0,0,0,0,0,0,0,10,9.8,21.2,30.0,6.1,0,1,0,1,1,0.09,0.11,0.20,2.74,2,False
Niclas,Füllkrug,Füllkrug,West Ham,FWD,2,625,45,0,0,0,3,0,0,0,0,0,0,0,3,1.2,10.5,2.0,1.4,0,1,0,1,1,0.00,0.02,0.02,1.62,1,False
Callum,Marshall,Marshall,West Ham,FWD,2,626,0,0,0,0,0,0,0,0,0,0,0,0,0,0.0,0.0,0.0,0.0,0,0,0,0,0,0.00,0.00,0.00,0.00,0,False
Sam,Johnstone,Johnstone,Wolves,GKP,2,627,0,0,0,0,0,0,0,0,0,0,0,0,0,0.0,0.0,0.0,0.0,0,0,0,0,0,0.00,0.00,0.00,0.00,0,False
José,Malheiro de Sá,José Sá,Wolves,GKP,2,628,90,0,0,0,1,0,0,0,0,0,3,0,14,21.0,10.0,0.0,3.1,1,12,0,0,1,0.00,0.03,0.03,1.29,3,False
Daniel,Bentley,Bentley,Wolves,GKP,2,629,0,0,0,0,0,0,0,0,0,0,0,0,0,0.0,0.0,0.0,0.0,0,0,0,0,0,0.00,0.00,0.00,0.00,0,False
Tom,King,King,Everton,GKP,2,630,0,0,0,0,0,0,0,0,0,0,0,0,0,0.0,0.0,0.0,0.0,0,0,0,0,0,0.00,0.00,0.00,0.00,0,False
Emmanuel,Agbadou,Agbadou,Wolves,DEF,2,631,90,0,0,0,1,0,0,0,0,0,0,0,17,36.0,0.7,4.0,4.1,12,3,2,14,1,0.10,0.03,0.13,1.29,4,False
Matt,Doherty,Doherty,Wolves,DEF,2,632,90,0,0,0,1,0,0,0,1,0,0,0,5,19.2,1.8,0.0,2.1,6,2,3,9,1,0.00,0.02,0.02,1.29,1,False
Hugo,Bueno López,H.Bueno,Wolves,DEF,2,633,45,0,0,0,0,0,0,0,1,0,0,0,3,5.6,18.7,5.0,2.9,2,1,1,3,0,0.06,0.10,0.16,0.57,0,False
Yerson,Mosquera Valdelamar,Mosquera,Wolves,DEF,2,634,0,0,0,0,0,0,0,0,0,0,0,0,0,0.0,0.0,0.0,0.0,0,0,0,0,0,0.00,0.00,0.00,0.00,0,False
Rodrigo,Martins Gomes,R.Gomes,Wolves,DEF,2,635,0,0,0,0,0,0,0,0,0,0,0,0,0,0.0,0.0,0.0,0.0,0,0,0,0,0,0.00,0.00,0.00,0.00,0,False
Santiago,Ignacio Bueno,S.Bueno,Wolves,DEF,2,636,34,0,0,0,0,0,0,0,0,0,0,0,6,12.0,0.2,0.0,1.2,2,1,2,4,0,0.00,0.00,0.00,0.46,1,False
Toti,Gomes,Toti,Wolves,DEF,2,637,48,0,0,0,1,0,0,0,0,1,0,0,-9,7.6,0.6,0.0,0.8,6,2,0,6,1,0.00,0.00,0.00,0.72,-2,False
Ki-Jana,Hoever,Hoever,Wolves,DEF,2,638,34,0,0,0,1,0,0,0,0,0,0,0,1,5.2,14.4,2.0,2.2,1,0,0,1,1,0.00,0.10,0.10,0.63,1,False
Bastien,Meupiyou Menadjou,Meupiyou,Wolves,DEF,2,639,0,0,0,0,0,0,0,0,0,0,0,0,0,0.0,0.0,0.0,0.0,0,0,0,0,0,0.00,0.00,0.00,0.00,0,False
Pedro,Cardoso de Lima,Pedro Lima,Wolves,DEF,2,640,0,0,0,0,0,0,0,0,0,0,0,0,0,0.0,0.0,0.0,0.0,0,0,0,0,0,0.00,0.00,0.00,0.00,0,False
Alfie,Pond,Pond,Wolves,DEF,2,641,0,0,0,0,0,0,0,0,0,0,0,0,0,0.0,0.0,0.0,0.0,0,0,0,0,0,0.00,0.00,0.00,0.00,0,False
Hwang,Hee-chan,Hee Chan,Wolves,MID,2,642,12,0,0,0,0,0,0,0,0,0,0,0,0,0.0,0.0,0.0,0.0,0,0,0,0,0,0.00,0.00,0.00,0.16,1,False
André,Trindade da Costa Neto,André,Wolves,MID,2,643,45,0,0,0,0,0,0,0,0,0,0,0,8,8.0,1.8,0.0,1.0,1,2,2,5,0,0.00,0.01,0.01,0.57,1,False
Jean-Ricner,Bellegarde,Bellegarde,Wolves,MID,2,644,45,0,0,0,1,0,0,0,0,0,0,0,6,2.8,5.2,2.0,1.0,1,1,2,4,1,0.01,0.01,0.02,0.72,1,False
Fer,López González,Fer López,Wolves,MID,2,645,0,0,0,0,0,0,0,0,0,0,0,0,0,0.0,0.0,0.0,0.0,0,0,0,0,0,0.00,0.00,0.00,0.00,0,False
João Victor,Gomes da Silva,Gomes,Wolves,MID,2,646,90,0,0,0,1,0,0,0,1,0,0,0,13,8.6,3.0,2.0,1.4,3,5,3,11,1,0.00,0.02,0.02,1.29,1,False
Gonçalo Manuel,Ganchinho Guedes,Guedes,Wolves,MID,2,647,0,0,0,0,0,0,0,0,0,0,0,0,0,0.0,0.0,0.0,0.0,0,0,0,0,0,0.00,0.00,0.00,0.00,0,False
Marshall,Munetsi,Munetsi,Wolves,MID,2,648,90,0,0,0,1,0,0,0,0,0,0,0,7,4.2,1.2,4.0,0.9,3,2,1,6,1,0.06,0.01,0.07,1.29,2,False
Boubacar,Traoré,B.Traore,Wolves,MID,2,649,0,0,0,0,0,0,0,0,0,0,0,0,0,0.0,0.0,0.0,0.0,0,0,0,0,0,0.00,0.00,0.00,0.00,0,False
Tawanda,Chirewa,Chirewa,Wolves,MID,2,650,0,0,0,0,0,0,0,0,0,0,0,0,0,0.0,0.0,0.0,0.0,0,0,0,0,0,0.00,0.00,0.00,0.00,0,False
Tom,Edozie,Edozie,Wolves,MID,2,651,0,0,0,0,0,0,0,0,0,0,0,0,0,0.0,0.0,0.0,0.0,0,0,0,0,0,0.00,0.00,0.00,0.00,0,False
Enso,González Medina,Gonzalez,Wolves,MID,2,652,0,0,0,0,0,0,0,0,0,0,0,0,0,0.0,0.0,0.0,0.0,0,0,0,0,0,0.00,0.00,0.00,0.00,0,False
Joe,Hodge,Hodge,Wolves,MID,2,653,0,0,0,0,0,0,0,0,0,0,0,0,0,0.0,0.0,0.0,0.0,0,0,0,0,0,0.00,0.00,0.00,0.00,0,False
Jørgen,Strand Larsen,Strand Larsen,Wolves,FWD,2,654,77,0,0,0,1,0,0,0,0,0,0,0,4,3.2,3.8,23.0,3.0,1,0,0,1,1,0.10,0.01,0.11,1.13,2,False
Fábio,Soares Silva,Fábio Silva,Wolves,FWD,2,655,0,0,0,0,0,0,0,0,0,0,0,0,0,0.0,0.0,0.0,0.0,0,0,0,0,0,0.00,0.00,0.00,0.00,0,False
Saša,Kalajdžić,Kalajdžić,Wolves,FWD,2,656,0,0,0,0,0,0,0,0,0,0,0,0,0,0.0,0.0,0.0,0.0,0,0,0,0,0,0.00,0.00,0.00,0.00,0,False
Leon,Chiwome,Chiwome,Wolves,FWD,2,657,0,0,0,0,0,0,0,0,0,0,0,0,0,0.0,0.0,0.0,0.0,0,0,0,0,0,0.00,0.00,0.00,0.00,0,False
Nathan,Fraser,Fraser,Wolves,FWD,2,658,0,0,0,0,0,0,0,0,0,0,0,0,0,0.0,0.0,0.0,0.0,0,0,0,0,0,0.00,0.00,0.00,0.00,0,False
Kyle,Walker-Peters,Walker-Peters,West Ham,DEF,2,659,20,0,0,0,0,0,0,0,0,0,0,0,3,0.0,1.6,6.0,0.7,0,1,0,0,0,0.04,0.00,0.04,0.31,1,False
Anton,Stach,Stach,Leeds,MID,2,660,90,0,0,0,5,0,0,0,0,0,0,0,6,2.4,35.7,0.0,3.8,1,1,2,4,1,0.00,0.07,0.07,2.88,2,False
Hugo,Ekitiké,Ekitiké,Liverpool,FWD,2,661,79,1,0,0,1,0,0,0,0,0,0,3,33,39.8,22.4,23.0,8.5,3,2,0,5,1,0.21,0.06,0.27,0.78,9,False
Cristhian,Mosquera,Mosquera,Arsenal,DEF,2,662,26,0,0,0,0,0,0,0,0,0,0,0,7,4.8,0.0,0.0,0.5,0,0,2,2,0,0.00,0.00,0.00,0.00,1,False
Jhon,Arias,J.Arias,Wolves,MID,2,663,55,0,0,0,1,0,0,0,0,0,0,0,4,5.6,1.6,4.0,1.1,1,2,4,7,1,0.13,0.01,0.14,0.83,1,False
Benjamin,Lecomte,Lecomte,Fulham,GKP,2,664,0,0,0,0,0,0,0,0,0,0,0,0,0,0.0,0.0,0.0,0.0,0,0,0,0,0,0.00,0.00,0.00,0.00,0,False
Lucas Estella,Perri,Perri,Leeds,GKP,2,665,90,0,0,0,5,0,0,0,0,0,0,0,-13,2.8,0.0,0.0,0.3,0,4,0,0,1,0.00,0.00,0.00,2.88,0,False
Viktor,Gyökeres,Gyökeres,Arsenal,FWD,2,666,90,2,0,1,0,0,0,0,0,0,0,2,44,67.0,1.6,44.0,11.3,2,3,0,5,1,1.28,0.03,1.31,0.17,12,True
Adam,Aznou,Aznou,Everton,DEF,2,667,0,0,0,0,0,0,0,0,0,0,0,0,0,0.0,0.0,0.0,0.0,0,0,0,0,0,0.00,0.00,0.00,0.00,0,False
Granit,Xhaka,Xhaka,Sunderland,MID,2,668,90,0,0,0,2,0,0,0,0,0,0,0,14,19.6,22.1,3.0,4.5,5,6,2,13,1,0.05,0.06,0.11,1.00,4,False
Dan,Ndoye,Ndoye,Nott'm Forest,MID,2,669,70,0,1,0,1,0,0,0,0,0,0,2,21,23.8,29.2,8.0,6.1,2,3,0,5,1,0.00,0.35,0.35,1.10,7,False
Robin,Roefs,Roefs,Sunderland,GKP,2,670,90,0,0,0,2,0,0,0,0,0,0,0,0,4.2,0.0,0.0,0.4,1,8,0,0,1,0.00,0.00,0.00,1.00,1,False
Callum,Wilson,Wilson,West Ham,FWD,2,671,45,0,0,0,2,0,0,0,0,0,0,0,1,2.4,11.8,8.0,2.2,1,0,0,1,0,0.03,0.04,0.07,1.12,1,False
Jorrel,Hato,Hato,Chelsea,DEF,2,672,21,0,0,0,0,0,0,0,1,0,0,0,-2,1.2,1.0,0.0,0.2,1,1,0,1,0,0.00,0.00,0.00,0.44,0,False
João Maria,Lobo Alves Palhares Costa Palhinha Gonçalves,J.Palhinha,Spurs,MID,2,673,90,1,0,1,0,0,0,0,0,0,0,3,31,49.8,0.7,19.0,7.0,3,2,4,9,1,0.14,0.00,0.14,1.55,11,False
Aaron,Ramsdale,Ramsdale,Newcastle,GKP,2,674,0,0,0,0,0,0,0,0,0,0,0,0,0,0.0,0.0,0.0,0.0,0,0,0,0,0,0.00,0.00,0.00,0.00,0,False
Angus,Gunn,Gunn,Nott'm Forest,GKP,2,675,0,0,0,0,0,0,0,0,0,0,0,0,0,0.0,0.0,0.0,0.0,0,0,0,0,0,0.00,0.00,0.00,0.00,0,False
Lesley,Ugochukwu,Ugochukwu,Burnley,MID,2,676,68,0,0,1,0,0,0,0,0,0,0,0,11,7.8,16.7,3.0,2.8,1,1,2,4,1,0.02,0.02,0.04,0.61,3,False
Evann,Guessand,Guessand,Aston Villa,MID,2,677,15,0,0,0,0,0,0,0,0,0,0,0,1,2.4,1.0,2.0,0.5,0,1,1,2,0,0.00,0.01,0.01,0.11,1,False
Arthur,Masuaku,Masuaku,Sunderland,DEF,2,678,0,0,0,0,0,0,0,0,0,0,0,0,0,0.0,0.0,0.0,0.0,0,0,0,0,0,0.00,0.00,0.00,0.00,0,False
Mads,Hermansen,Hermansen,West Ham,GKP,2,679,90,0,0,0,5,0,0,0,0,0,2,0,-8,16.8,0.0,0.0,1.7,2,7,0,0,1,0.00,0.00,0.00,2.74,0,False
Armando,Broja,Broja,Burnley,FWD,2,680,0,0,0,0,0,0,0,0,0,0,0,0,0,0.0,0.0,0.0,0.0,0,0,0,0,0,0.00,0.00,0.00,0.00,0,False
Benjamin,Sesko,Šeško,Man Utd,FWD,2,681,37,0,0,0,1,0,0,0,0,0,0,0,2,0.4,2.3,2.0,0.5,0,1,0,1,0,0.00,0.04,0.04,0.86,1,False
David,Møller Wolfe,Møller Wolfe,Wolves,DEF,2,682,45,0,0,0,1,0,0,0,0,0,0,0,3,2.2,0.3,2.0,0.5,0,2,1,1,1,0.00,0.00,0.00,0.72,1,False
Omar,Alderete,Alderete,Sunderland,DEF,2,683,90,0,0,0,2,0,0,0,0,0,0,0,9,25.0,5.7,10.0,4.1,7,6,2,9,1,0.06,0.02,0.08,1.00,1,False
Malick,Thiaw,Thiaw,Newcastle,DEF,2,684,9,0,0,0,1,0,0,0,0,0,0,0,-1,1.8,0.1,0.0,0.2,1,0,0,1,0,0.00,0.00,0.00,0.37,1,False
Bafodé,Diakité,Diakité,Bournemouth,DEF,2,685,90,0,0,1,0,0,0,0,0,0,0,2,34,20.8,0.9,0.0,2.2,7,3,3,10,1,0.00,0.00,0.00,0.46,10,True
Rio,Ngumoha,Ngumoha,Liverpool,MID,2,686,1,1,0,0,0,0,0,0,0,0,0,0,27,34.0,0.1,17.0,5.1,0,0,0,0,0,0.37,0.00,0.37,0.00,6,False
Remy,Rees-Dottin,Rees-Dottin,Bournemouth,MID,2,687,0,0,0,0,0,0,0,0,0,0,0,0,0,0.0,0.0,0.0,0.0,0,0,0,0,0,0.00,0.00,0.00,0.00,0,False
James,Wright,Wright,Aston Villa,GKP,2,688,0,0,0,0,0,0,0,0,0,0,0,0,0,0.0,0.0,0.0,0.0,0,0,0,0,0,0.00,0.00,0.00,0.00,0,False
Seung-Soo,Park,Seung soo,Newcastle,MID,2,689,0,0,0,0,0,0,0,0,0,0,0,0,0,0.0,0.0,0.0,0.0,0,0,0,0,0,0.00,0.00,0.00,0.00,0,False
Rio,Cardines,Cardines,Crystal Palace,MID,2,690,0,0,0,0,0,0,0,0,0,0,0,0,0,0.0,0.0,0.0,0.0,0,0,0,0,0,0.00,0.00,0.00,0.00,0,False
Dominic,Calvert-Lewin,Calvert-Lewin,Leeds,FWD,2,691,0,0,0,0,0,0,0,0,0,0,0,0,0,0.0,0.0,0.0,0.0,0,0,0,0,0,0.00,0.00,0.00,0.00,0,False
Giovanni,Leoni,Leoni,Liverpool,DEF,2,692,0,0,0,0,0,0,0,0,0,0,0,0,0,0.0,0.0,0.0,0.0,0,0,0,0,0,0.00,0.00,0.00,0.00,0,False
Omari,Hutchinson,Hutchinson,Nott'm Forest,MID,2,693,8,0,0,0,0,0,0,0,0,0,0,0,-2,0.0,0.6,8.0,0.5,0,0,0,0,0,0.20,0.00,0.20,0.00,1,False
Nordi,Mukiele,Mukiele,Sunderland,DEF,2,694,0,0,0,0,0,0,0,0,0,0,0,0,0,0.0,0.0,0.0,0.0,0,0,0,0,0,0.00,0.00,0.00,0.00,0,False
Jackson,Tchatchoua,Tchatchoua,Wolves,DEF,2,695,55,0,0,0,0,0,0,0,0,0,0,0,7,8.6,16.8,4.0,2.9,4,3,0,4,0,0.00,0.02,0.02,0.66,1,False
Arnaud,Kalimuendo,Kalimuendo,Nott'm Forest,FWD,2,696,19,0,0,0,0,0,0,0,0,0,0,0,2,1.0,1.6,0.0,0.3,1,1,0,2,0,0.00,0.00,0.00,0.00,1,False
Amine,Adli,Adli,Bournemouth,MID,2,697,24,0,0,0,0,0,0,0,0,0,0,0,9,10.4,15.0,2.0,2.7,1,2,3,6,0,0.00,0.02,0.02,0.06,1,False
Noah,Okafor,Okafor,Leeds,MID,2,698,24,0,0,0,1,0,0,0,0,0,0,0,3,4.6,0.3,0.0,0.5,0,2,2,4,0,0.00,0.00,0.00,0.87,1,False
Douglas Luiz,Soares de Paulo,Douglas Luiz,Nott'm Forest,MID,2,699,0,0,0,0,0,0,0,0,0,0,0,0,0,0.0,0.0,0.0,0.0,0,0,0,0,0,0.00,0.00,0.00,0.00,0,False
Max,Dowman,Dowman,Arsenal,MID,2,700,26,0,1,0,0,0,0,0,0,0,0,0,13,1.0,0.5,15.0,1.7,0,1,2,3,0,0.08,0.02,0.10,0.00,4,False
Triston,Rowe,Rowe,Aston Villa,DEF,2,701,0,0,0,0,0,0,0,0,0,0,0,0,0,0.0,0.0,0.0,0.0,0,0,0,0,0,0.00,0.00,0.00,0.00,0,False
Bradley,Burrowes,Burrowes,Aston Villa,MID,2,702,0,0,0,0,0,0,0,0,0,0,0,0,0,0.0,0.0,0.0,0.0,0,0,0,0,0,0.00,0.00,0.00,0.00,0,False
Sam,Proctor,Proctor,Aston Villa,GKP,2,703,0,0,0,0,0,0,0,0,0,0,0,0,0,0.0,0.0,0.0,0.0,0,0,0,0,0,0.00,0.00,0.00,0.00,0,False
Tyler,Onyango,Onyango,Everton,MID,2,704,0,0,0,0,0,0,0,0,0,0,0,0,0,0.0,0.0,0.0,0.0,0,0,0,0,0,0.00,0.00,0.00,0.00,0,False
Elijah,Campbell,Campbell,Everton,DEF,2,705,0,0,0,0,0,0,0,0,0,0,0,0,0,0.0,0.0,0.0,0.0,0,0,0,0,0,0.00,0.00,0.00,0.00,0,False
David,Raya Martín,Raya,Arsenal,GKP,3,1,90,0,0,0,1,0,0,0,0,0,2,0,12,20.0,10.0,0.0,3.0,0,12,0,0,1,0.00,0.02,0.02,0.52,2,False
Kepa,Arrizabalaga Revuelta,Arrizabalaga,Arsenal,GKP,3,2,0,0,0,0,0,0,0,0,0,0,0,0,0,0.0,0.0,0.0,0.0,0,0,0,0,0,0.00,0.00,0.00,0.00,0,False
Karl,Hein,Hein,Arsenal,GKP,3,3,0,0,0,0,0,0,0,0,0,0,0,0,0,0.0,0.0,0.0,0.0,0,0,0,0,0,0.00,0.00,0.00,0.00,0,False
Tommy,Setford,Setford,Arsenal,GKP,3,4,0,0,0,0,0,0,0,0,0,0,0,0,0,0.0,0.0,0.0,0.0,0,0,0,0,0,0.00,0.00,0.00,0.00,0,False
Gabriel,dos Santos Magalhães,Gabriel,Arsenal,DEF,3,5,90,0,0,0,1,0,0,0,0,0,0,0,8,15.4,1.4,2.0,1.9,6,2,1,7,1,0.02,0.01,0.03,0.52,2,False
William,Saliba,Saliba,Arsenal,DEF,3,6,4,0,0,0,0,0,0,0,0,0,0,0,4,3.0,0.0,0.0,0.3,3,0,0,3,1,0.00,0.00,0.00,0.00,1,False
Riccardo,Calafiori,Calafiori,Arsenal,DEF,3,7,90,0,0,0,1,0,0,0,0,0,0,0,9,9.8,1.9,11.0,2.3,5,3,2,7,1,0.13,0.01,0.14,0.52,2,False
Jurriën,Timber,J.Timber,Arsenal,DEF,3,8,90,0,0,0,1,0,0,0,0,0,0,0,7,11.4,12.4,11.0,3.5,5,4,2,7,1,0.09,0.05,0.14,0.52,2,False
Jakub,Kiwior,Kiwior,Arsenal,DEF,3,9,0,0,0,0,0,0,0,0,0,0,0,0,0,0.0,0.0,0.0,0.0,0,0,0,0,0,0.00,0.00,0.00,0.00,0,False
Myles,Lewis-Skelly,Lewis-Skelly,Arsenal,DEF,3,10,0,0,0,0,0,0,0,0,0,0,0,0,0,0.0,0.0,0.0,0.0,0,0,0,0,0,0.00,0.00,0.00,0.00,0,False
Benjamin,White,White,Arsenal,DEF,3,11,0,0,0,0,0,0,0,0,0,0,0,0,0,0.0,0.0,0.0,0.0,0,0,0,0,0,0.00,0.00,0.00,0.00,0,False
Oleksandr,Zinchenko,Zinchenko,Nott'm Forest,DEF,3,12,0,0,0,0,0,0,0,0,0,0,0,0,0,0.0,0.0,0.0,0.0,0,0,0,0,0,0.00,0.00,0.00,0.00,0,False
Brayden,Clarke,Clarke,Arsenal,DEF,3,13,0,0,0,0,0,0,0,0,0,0,0,0,0,0.0,0.0,0.0,0.0,0,0,0,0,0,0.00,0.00,0.00,0.00,0,False
Maldini,Kacurri,Kacurri,Arsenal,DEF,3,14,0,0,0,0,0,0,0,0,0,0,0,0,0,0.0,0.0,0.0,0.0,0,0,0,0,0,0.00,0.00,0.00,0.00,0,False
Josh,Nichols,Nichols,Arsenal,DEF,3,15,0,0,0,0,0,0,0,0,0,0,0,0,0,0.0,0.0,0.0,0.0,0,0,0,0,0,0.00,0.00,0.00,0.00,0,False
Bukayo,Saka,Saka,Arsenal,MID,3,16,0,0,0,0,0,0,0,0,0,0,0,0,0,0.0,0.0,0.0,0.0,0,0,0,0,0,0.00,0.00,0.00,0.00,0,False
Martin,Ødegaard,Ødegaard,Arsenal,MID,3,17,20,0,0,0,1,0,0,0,0,0,0,0,3,1.4,2.2,2.0,0.6,0,1,0,1,0,0.00,0.01,0.01,0.25,1,False
Noni,Madueke,Madueke,Arsenal,MID,3,18,88,0,0,0,1,0,0,0,0,0,0,0,5,0.0,1.6,38.0,3.9,0,2,0,2,1,0.14,0.03,0.17,0.40,2,False
Gabriel,Martinelli Silva,Martinelli,Arsenal,MID,3,19,69,0,0,1,0,0,0,0,0,0,0,0,9,1.4,0.4,6.0,0.8,0,2,1,3,1,0.00,0.00,0.00,0.28,3,False
Leandro,Trossard,Trossard,Arsenal,MID,3,20,0,0,0,0,0,0,0,0,0,0,0,0,0,0.0,0.0,0.0,0.0,0,0,0,0,0,0.00,0.00,0.00,0.00,0,False
Declan,Rice,Rice,Arsenal,MID,3,21,90,0,0,0,1,0,0,0,0,0,0,0,13,13.2,22.7,3.0,3.9,6,7,0,13,1,0.02,0.10,0.12,0.52,4,False
Mikel,Merino Zazón,Merino,Arsenal,MID,3,22,69,0,0,1,0,0,0,0,0,0,0,0,6,5.2,2.3,0.0,0.8,0,2,3,5,1,0.00,0.02,0.02,0.28,3,False
Fábio,Ferreira Vieira,Fábio Vieira,Arsenal,MID,3,23,0,0,0,0,0,0,0,0,0,0,0,0,0,0.0,0.0,0.0,0.0,0,0,0,0,0,0.00,0.00,0.00,0.00,0,False
Christian,Nørgaard,Nørgaard,Arsenal,MID,3,24,0,0,0,0,0,0,0,0,0,0,0,0,0,0.0,0.0,0.0,0.0,0,0,0,0,0,0.00,0.00,0.00,0.00,0,False
Ethan,Nwaneri,Nwaneri,Arsenal,MID,3,25,0,0,0,0,0,0,0,0,0,0,0,0,0,0.0,0.0,0.0,0.0,0,0,0,0,0,0.00,0.00,0.00,0.00,0,False
Martín,Zubimendi Ibáñez,Zubimendi,Arsenal,MID,3,26,90,0,0,0,1,0,0,0,1,0,0,0,4,1.4,2.6,5.0,0.9,1,5,1,7,1,0.03,0.02,0.05,0.52,1,False
Reiss,Nelson,Nelson,Brentford,MID,3,27,0,0,0,0,0,0,0,0,0,0,0,0,0,0.0,0.0,0.0,0.0,0,0,0,0,0,0.00,0.00,0.00,0.00,0,False
Ismeal,Kabia,Kabia,Arsenal,MID,3,28,0,0,0,0,0,0,0,0,0,0,0,0,0,0.0,0.0,0.0,0.0,0,0,0,0,0,0.00,0.00,0.00,0.00,0,False
Albert,Sambi Lokonga,Sambi,Arsenal,MID,3,29,0,0,0,0,0,0,0,0,0,0,0,0,0,0.0,0.0,0.0,0.0,0,0,0,0,0,0.00,0.00,0.00,0.00,0,False
Kai,Havertz,Havertz,Arsenal,FWD,3,30,0,0,0,0,0,0,0,0,0,0,0,0,0,0.0,0.0,0.0,0.0,0,0,0,0,0,0.00,0.00,0.00,0.00,0,False
Gabriel,Fernando de Jesus,G.Jesus,Arsenal,FWD,3,31,0,0,0,0,0,0,0,0,0,0,0,0,0,0.0,0.0,0.0,0.0,0,0,0,0,0,0.00,0.00,0.00,0.00,0,False
Emiliano,Martínez Romero,Martinez,Aston Villa,GKP,3,32,0,0,0,0,0,0,0,0,0,0,0,0,0,0.0,0.0,0.0,0.0,0,0,0,0,0,0.00,0.00,0.00,0.00,0,False
Marco,Bizot,M.Bizot,Aston Villa,GKP,3,33,90,0,0,0,3,0,0,0,1,0,1,0,-7,5.8,0.0,0.0,0.6,3,7,0,0,1,0.00,0.00,0.00,2.67,0,False
Joe,Gauci,Gauci,Aston Villa,GKP,3,34,0,0,0,0,0,0,0,0,0,0,0,0,0,0.0,0.0,0.0,0.0,0,0,0,0,0,0.00,0.00,0.00,0.00,0,False
Filip,Marschall,Marschall,Aston Villa,GKP,3,35,0,0,0,0,0,0,0,0,0,0,0,0,0,0.0,0.0,0.0,0.0,0,0,0,0,0,0.00,0.00,0.00,0.00,0,False
Matty,Cash,Cash,Aston Villa,DEF,3,36,73,0,0,0,2,0,0,0,1,0,0,0,-1,6.2,22.3,1.0,3.0,3,1,0,3,1,0.01,0.11,0.12,1.77,0,False
Lucas,Digne,Digne,Aston Villa,DEF,3,37,7,0,0,0,0,0,0,0,0,0,0,0,3,0.0,0.7,0.0,0.1,0,0,0,0,0,0.00,0.00,0.00,0.38,1,False
Ezri,Konsa Ngoyo,Konsa,Aston Villa,DEF,3,38,90,0,0,0,3,0,0,0,0,0,0,0,3,18.4,14.3,4.0,3.7,5,5,0,5,1,0.00,0.03,0.03,2.67,1,False
Ian,Maatsen,Maatsen,Aston Villa,DEF,3,39,83,0,0,0,3,0,0,0,0,0,0,0,6,19.0,38.1,5.0,6.2,6,5,0,6,1,0.09,0.12,0.21,2.29,1,False
Tyrone,Mings,Mings,Aston Villa,DEF,3,40,90,0,0,0,3,0,0,0,0,0,0,0,1,14.4,2.1,0.0,1.7,3,2,1,4,1,0.00,0.02,0.02,2.67,1,False
Pau,Torres,Pau,Aston Villa,DEF,3,41,16,0,0,0,1,0,0,0,0,0,0,0,-1,3.4,0.5,0.0,0.4,0,1,1,1,0,0.00,0.00,0.00,0.90,1,False
Andrés,García,A.García,Aston Villa,DEF,3,42,0,0,0,0,0,0,0,0,0,0,0,0,0,0.0,0.0,0.0,0.0,0,0,0,0,0,0.00,0.00,0.00,0.00,0,False
Álex,Moreno Lopera,Alex Moreno,Aston Villa,DEF,3,43,0,0,0,0,0,0,0,0,0,0,0,0,0,0.0,0.0,0.0,0.0,0,0,0,0,0,0.00,0.00,0.00,0.00,0,False
Lamare,Bogarde,Bogarde,Aston Villa,DEF,3,44,6,0,0,0,0,0,0,0,0,0,0,0,3,0.2,1.7,0.0,0.2,0,0,0,0,0,0.00,0.00,0.00,0.38,1,False
Lino,da Cruz Sousa,Sousa,Aston Villa,DEF,3,45,0,0,0,0,0,0,0,0,0,0,0,0,0,0.0,0.0,0.0,0.0,0,0,0,0,0,0.00,0.00,0.00,0.00,0,False
Yasin,Özcan,Yasin,Aston Villa,DEF,3,46,0,0,0,0,0,0,0,0,0,0,0,0,0,0.0,0.0,0.0,0.0,0,0,0,0,0,0.00,0.00,0.00,0.00,0,False
Morgan,Rogers,Rogers,Aston Villa,MID,3,47,90,0,0,0,3,0,0,0,0,0,0,0,9,9.4,4.9,21.0,3.5,2,4,1,7,1,0.04,0.04,0.08,2.67,2,False
Youri,Tielemans,Tielemans,Aston Villa,MID,3,48,90,0,0,0,3,0,0,0,0,0,0,0,18,15.6,20.0,17.0,5.3,1,5,1,7,1,0.09,0.05,0.14,2.67,2,False
Leon,Bailey,Bailey,Aston Villa,MID,3,49,0,0,0,0,0,0,0,0,0,0,0,0,0,0.0,0.0,0.0,0.0,0,0,0,0,0,0.00,0.00,0.00,0.00,0,False
Emiliano,Buendía Stati,Buendía,Aston Villa,MID,3,50,45,0,0,0,2,0,0,0,0,0,0,0,7,11.4,34.1,12.0,5.8,1,3,3,7,0,0.01,0.12,0.13,0.95,1,False
Samuel,Iling-Junior,Iling Jr,Aston Villa,MID,3,51,0,0,0,0,0,0,0,0,0,0,0,0,0,0.0,0.0,0.0,0.0,0,0,0,0,0,0.00,0.00,0.00,0.00,0,False
Jacob,Ramsey,J.Ramsey,Newcastle,MID,3,52,45,0,0,0,0,0,0,0,0,0,0,0,8,9.2,30.8,7.0,4.7,0,2,0,2,1,0.03,0.10,0.13,0.54,1,False
Donyell,Malen,Malen,Aston Villa,MID,3,53,82,0,0,0,3,0,0,0,0,0,0,0,1,0.0,6.2,5.0,0.9,0,3,0,3,1,0.18,0.02,0.20,2.29,2,False
John,McGinn,McGinn,Aston Villa,MID,3,54,73,0,0,0,2,0,0,0,0,0,0,0,18,8.0,13.9,0.0,2.2,1,3,2,6,1,0.00,0.12,0.12,1.77,2,False
Ross,Barkley,Barkley,Aston Villa,MID,3,55,0,0,0,0,0,0,0,0,0,0,0,0,0,0.0,0.0,0.0,0.0,0,0,0,0,0,0.00,0.00,0.00,0.00,0,False
Enzo,Barrenechea,Barrenechea,Aston Villa,MID,3,56,0,0,0,0,0,0,0,0,0,0,0,0,0,0.0,0.0,0.0,0.0,0,0,0,0,0,0.00,0.00,0.00,0.00,0,False
Lewis,Dobbin,Dobbin,Aston Villa,MID,3,57,0,0,0,0,0,0,0,0,0,0,0,0,0,0.0,0.0,0.0,0.0,0,0,0,0,0,0.00,0.00,0.00,0.00,0,False
Boubacar,Kamara,Kamara,Aston Villa,MID,3,58,0,0,0,0,0,0,0,0,0,0,0,0,0,0.0,0.0,0.0,0.0,0,0,0,0,0,0.00,0.00,0.00,0.00,0,False
Amadou,Onana,Onana,Aston Villa,MID,3,59,0,0,0,0,0,0,0,0,0,0,0,0,0,0.0,0.0,0.0,0.0,0,0,0,0,0,0.00,0.00,0.00,0.00,0,False
Ben,Broggio,Broggio,Aston Villa,MID,3,60,0,0,0,0,0,0,0,0,0,0,0,0,0,0.0,0.0,0.0,0.0,0,0,0,0,0,0.00,0.00,0.00,0.00,0,False
Leander,Dendoncker,Dendoncker,Aston Villa,MID,3,61,0,0,0,0,0,0,0,0,0,0,0,0,0,0.0,0.0,0.0,0.0,0,0,0,0,0,0.00,0.00,0.00,0.00,0,False
Jamaldeen,Jimoh-Aloba,Jimoh-Aloba,Aston Villa,MID,3,62,0,0,0,0,0,0,0,0,0,0,0,0,0,0.0,0.0,0.0,0.0,0,0,0,0,0,0.00,0.00,0.00,0.00,0,False
Kadan,Young,Young,Aston Villa,MID,3,63,0,0,0,0,0,0,0,0,0,0,0,0,0,0.0,0.0,0.0,0.0,0,0,0,0,0,0.00,0.00,0.00,0.00,0,False
Ollie,Watkins,Watkins,Aston Villa,FWD,3,64,90,0,0,0,3,0,0,0,0,0,0,0,4,3.8,11.8,43.0,5.9,0,0,1,1,1,0.64,0.04,0.68,2.67,2,False
Zépiqueno,Redmond,Redmond,Aston Villa,FWD,3,65,0,0,0,0,0,0,0,0,0,0,0,0,0,0.0,0.0,0.0,0.0,0,0,0,0,0,0.00,0.00,0.00,0.00,0,False
Norberto,Murara Neto,Neto,Bournemouth,GKP,3,66,0,0,0,0,0,0,0,0,0,0,0,0,0,0.0,0.0,0.0,0.0,0,0,0,0,0,0.00,0.00,0.00,0.00,0,False
Đorđe,Petrović,Petrović,Bournemouth,GKP,3,67,90,0,0,1,0,0,0,0,1,0,1,0,22,11.2,0.0,0.0,1.1,2,10,0,0,1,0.00,0.00,0.00,0.19,5,False
Will,Dennis,Dennis,Bournemouth,GKP,3,68,0,0,0,0,0,0,0,0,0,0,0,0,0,0.0,0.0,0.0,0.0,0,0,0,0,0,0.00,0.00,0.00,0.00,0,False
Callan,McKenna,McKenna,Bournemouth,GKP,3,69,0,0,0,0,0,0,0,0,0,0,0,0,0,0.0,0.0,0.0,0.0,0,0,0,0,0,0.00,0.00,0.00,0.00,0,False
Alex,Paulsen,Paulsen,Bournemouth,GKP,3,70,0,0,0,0,0,0,0,0,0,0,0,0,0,0.0,0.0,0.0,0.0,0,0,0,0,0,0.00,0.00,0.00,0.00,0,False
Illia,Zabarnyi,Zabarnyi,Bournemouth,DEF,3,71,0,0,0,0,0,0,0,0,0,0,0,0,0,0.0,0.0,0.0,0.0,0,0,0,0,0,0.00,0.00,0.00,0.00,0,False
Marcos,Senesi Barón,Senesi,Bournemouth,DEF,3,72,90,0,1,1,0,0,0,0,0,0,0,3,42,37.4,10.7,6.0,5.4,12,6,2,14,1,0.14,0.03,0.17,0.19,14,True
Adam,Smith,Smith,Bournemouth,DEF,3,73,25,0,0,0,0,0,0,0,0,0,0,0,2,0.0,0.1,0.0,0.0,0,0,0,0,1,0.00,0.00,0.00,0.00,1,False
Adrien,Truffert,Truffert,Bournemouth,DEF,3,74,90,0,0,1,0,0,0,0,0,0,0,1,24,19.8,19.4,1.0,4.0,4,0,5,9,1,0.01,0.10,0.11,0.19,7,False
Matai,Akinmboni,Akinmboni,Bournemouth,DEF,3,75,0,0,0,0,0,0,0,0,0,0,0,0,0,0.0,0.0,0.0,0.0,0,0,0,0,0,0.00,0.00,0.00,0.00,0,False
Owen,Bevan,Bevan,Bournemouth,DEF,3,76,0,0,0,0,0,0,0,0,0,0,0,0,0,0.0,0.0,0.0,0.0,0,0,0,0,0,0.00,0.00,0.00,0.00,0,False
James,Hill,Hill,Bournemouth,DEF,3,77,64,0,0,1,0,0,0,0,1,0,0,0,17,7.6,0.7,4.0,1.2,5,4,0,5,0,0.00,0.00,0.00,0.19,5,False
Julián,Araujo Zúñiga,J.Araujo,Bournemouth,DEF,3,78,0,0,0,0,0,0,0,0,0,0,0,0,0,0.0,0.0,0.0,0.0,0,0,0,0,0,0.00,0.00,0.00,0.00,0,False
Chris,Mepham,Mepham,Bournemouth,DEF,3,79,0,0,0,0,0,0,0,0,0,0,0,0,0,0.0,0.0,0.0,0.0,0,0,0,0,0,0.00,0.00,0.00,0.00,0,False
Julio,Soler Barreto,Soler,Bournemouth,DEF,3,80,0,0,0,0,0,0,0,0,0,0,0,0,0,0.0,0.0,0.0,0.0,0,0,0,0,0,0.00,0.00,0.00,0.00,0,False
Justin,Kluivert,Kluivert,Bournemouth,MID,3,81,9,0,0,0,0,0,0,0,0,0,0,0,1,0.8,3.3,2.0,0.6,0,1,0,1,0,0.00,0.00,0.00,0.07,1,False
Antoine,Semenyo,Semenyo,Bournemouth,MID,3,82,90,0,0,1,0,0,0,0,1,0,0,0,4,11.6,23.4,30.0,6.5,0,8,2,10,1,0.21,0.06,0.27,0.19,2,False
Dango,Ouattara,O.Dango,Brentford,MID,3,83,90,0,0,0,2,0,0,0,0,0,0,0,6,7.2,0.7,19.0,2.7,4,3,0,7,1,0.08,0.00,0.08,1.54,2,False
Marcus,Tavernier,Tavernier,Bournemouth,MID,3,84,80,0,0,1,0,0,0,0,0,0,0,0,0,4.4,17.3,19.0,4.1,0,2,3,5,1,0.31,0.05,0.36,0.12,3,False
Tyler,Adams,Adams,Bournemouth,MID,3,85,90,0,0,1,0,0,0,0,1,0,0,0,14,11.2,1.8,17.0,3.0,3,7,2,12,1,0.03,0.01,0.04,0.19,4,False
David,Brooks,Brooks,Bournemouth,MID,3,86,63,0,0,1,0,0,0,0,0,0,0,1,24,18.6,25.1,37.0,8.1,0,1,4,5,1,0.34,0.32,0.66,0.01,4,False
Ryan,Christie,Christie,Bournemouth,MID,3,87,27,0,0,0,0,0,0,0,0,0,0,0,10,10.4,0.3,2.0,1.3,2,3,4,9,0,0.00,0.00,0.00,0.18,1,False
Lewis,Cook,Cook,Bournemouth,MID,3,88,0,0,0,0,0,0,0,0,0,0,0,0,0,0.0,0.0,0.0,0.0,0,0,0,0,0,0.00,0.00,0.00,0.00,0,False
Philip,Billing,Philip,Bournemouth,MID,3,89,0,0,0,0,0,0,0,0,0,0,0,0,0,0.0,0.0,0.0,0.0,0,0,0,0,0,0.00,0.00,0.00,0.00,0,False
Alex,Scott,Scott,Bournemouth,MID,3,90,62,0,0,1,0,0,0,0,0,0,0,0,14,12.2,30.4,5.0,4.8,2,3,2,7,1,0.05,0.13,0.18,0.01,3,False
Luis,Sinisterra Lucumí,Sinisterra,Bournemouth,MID,3,91,0,0,0,0,0,0,0,0,0,0,0,0,0,0.0,0.0,0.0,0.0,0,0,0,0,0,0.00,0.00,0.00,0.00,0,False
Romain,Faivre,Faivre,Bournemouth,MID,3,92,0,0,0,0,0,0,0,0,0,0,0,0,0,0.0,0.0,0.0,0.0,0,0,0,0,0,0.00,0.00,0.00,0.00,0,False
Hamed,Traorè,H.Traorè,Bournemouth,MID,3,93,0,0,0,0,0,0,0,0,0,0,0,0,0,0.0,0.0,0.0,0.0,0,0,0,0,0,0.00,0.00,0.00,0.00,0,False
Dominic,Sadi,Sadi,Bournemouth,MID,3,94,0,0,0,0,0,0,0,0,0,0,0,0,0,0.0,0.0,0.0,0.0,0,0,0,0,0,0.00,0.00,0.00,0.00,0,False
Zain,Silcott-Duberry,Silcott-Duberry,Bournemouth,MID,3,95,0,0,0,0,0,0,0,0,0,0,0,0,0,0.0,0.0,0.0,0.0,0,0,0,0,0,0.00,0.00,0.00,0.00,0,False
Ben,Winterburn,Winterburn,Bournemouth,MID,3,96,0,0,0,0,0,0,0,0,0,0,0,0,0,0.0,0.0,0.0,0.0,0,0,0,0,0,0.00,0.00,0.00,0.00,0,False
Francisco Evanilson,de Lima Barbosa,Evanilson,Bournemouth,FWD,3,97,80,1,0,1,0,0,0,0,0,0,0,2,34,40.6,21.7,63.0,12.5,2,3,0,5,1,0.50,0.06,0.56,0.12,8,False
Enes,Ünal,Enes Ünal,Bournemouth,FWD,3,98,0,0,0,0,0,0,0,0,0,0,0,0,0,0.0,0.0,0.0,0.0,0,0,0,0,0,0.00,0.00,0.00,0.00,0,False
Daniel,Adu-Adjei,Adu-Adjei,Bournemouth,FWD,3,99,0,0,0,0,0,0,0,0,0,0,0,0,0,0.0,0.0,0.0,0.0,0,0,0,0,0,0.00,0.00,0.00,0.00,0,False
Eli Junior,Kroupi,Kroupi.Jr,Bournemouth,FWD,3,100,9,0,0,0,0,0,0,0,0,0,0,0,3,0.0,0.0,0.0,0.0,0,1,0,1,0,0.00,0.00,0.00,0.07,1,False
Caoimhín,Kelleher,Kelleher,Brentford,GKP,3,101,90,0,0,0,2,0,0,0,0,0,1,0,2,12.8,0.0,0.0,1.3,0,4,0,0,1,0.00,0.00,0.00,1.54,1,False
Ellery,Balcombe,Balcombe,Brentford,GKP,3,102,0,0,0,0,0,0,0,0,0,0,0,0,0,0.0,0.0,0.0,0.0,0,0,0,0,0,0.00,0.00,0.00,0.00,0,False
Matthew,Cox,Cox,Brentford,GKP,3,103,0,0,0,0,0,0,0,0,0,0,0,0,0,0.0,0.0,0.0,0.0,0,0,0,0,0,0.00,0.00,0.00,0.00,0,False
Julian,Eyestone,Eyestone,Brentford,GKP,3,104,0,0,0,0,0,0,0,0,0,0,0,0,0,0.0,0.0,0.0,0.0,0,0,0,0,0,0.00,0.00,0.00,0.00,0,False
Hákon Rafn,Valdimarsson,Valdimarsson,Brentford,GKP,3,105,0,0,0,0,0,0,0,0,0,0,0,0,0,0.0,0.0,0.0,0.0,0,0,0,0,0,0.00,0.00,0.00,0.00,0,False
Nathan,Collins,Collins,Brentford,DEF,3,106,90,0,0,0,2,0,0,0,0,0,0,0,12,25.2,0.4,2.0,2.8,10,5,1,11,1,0.00,0.00,0.00,1.54,3,False
Keane,Lewis-Potter,Lewis-Potter,Brentford,DEF,3,107,71,0,0,1,0,0,0,0,0,0,0,0,21,8.8,0.3,0.0,0.9,3,5,2,5,1,0.00,0.00,0.00,0.48,6,False
Kristoffer,Ajer,Ajer,Brentford,DEF,3,108,0,0,0,0,0,0,0,0,0,0,0,0,0,0.0,0.0,0.0,0.0,0,0,0,0,0,0.00,0.00,0.00,0.00,0,False
Rico,Henry,Henry,Brentford,DEF,3,109,18,0,0,0,2,0,0,0,1,0,0,0,-8,0.0,0.3,2.0,0.1,1,2,1,2,0,0.03,0.02,0.05,1.06,-1,False
Michael,Kayode,Kayode,Brentford,DEF,3,110,90,0,0,0,2,0,0,0,0,0,0,0,6,7.4,2.1,2.0,1.2,2,3,1,3,1,0.00,0.01,0.01,1.54,1,False
Ethan,Pinnock,Pinnock,Brentford,DEF,3,111,0,0,0,0,0,0,0,0,0,0,0,0,0,0.0,0.0,0.0,0.0,0,0,0,0,0,0.00,0.00,0.00,0.00,0,False
Mads,Roerslev Rasmussen,Roerslev,Brentford,DEF,3,112,0,0,0,0,0,0,0,0,0,0,0,0,0,0.0,0.0,0.0,0.0,0,0,0,0,0,0.00,0.00,0.00,0.00,0,False
Sepp,van den Berg,Van den Berg,Brentford,DEF,3,113,90,0,0,0,2,0,0,0,0,0,0,0,11,23.2,0.7,2.0,2.6,11,4,0,11,1,0.00,0.03,0.03,1.54,3,False
Benjamin,Arthur,Arthur,Brentford,DEF,3,114,0,0,0,0,0,0,0,0,0,0,0,0,0,0.0,0.0,0.0,0.0,0,0,0,0,0,0.00,0.00,0.00,0.00,0,False
Benjamin,Fredrick,Fredrick,Brentford,DEF,3,115,0,0,0,0,0,0,0,0,0,0,0,0,0,0.0,0.0,0.0,0.0,0,0,0,0,0,0.00,0.00,0.00,0.00,0,False
Aaron,Hickey,Hickey,Brentford,DEF,3,116,0,0,0,0,0,0,0,0,0,0,0,0,0,0.0,0.0,0.0,0.0,0,0,0,0,0,0.00,0.00,0.00,0.00,0,False
Kim,Ji-soo,Ji-soo,Brentford,DEF,3,117,0,0,0,0,0,0,0,0,0,0,0,0,0,0.0,0.0,0.0,0.0,0,0,0,0,0,0.00,0.00,0.00,0.00,0,False
Jayden,Meghoma,Meghoma,Brentford,DEF,3,118,0,0,0,0,0,0,0,0,0,0,0,0,0,0.0,0.0,0.0,0.0,0,0,0,0,0,0.00,0.00,0.00,0.00,0,False
Bryan,Mbeumo,Mbeumo,Man Utd,MID,3,119,90,1,0,0,2,0,0,0,0,0,0,3,39,48.2,78.2,50.0,17.6,0,1,0,1,1,0.66,0.66,1.32,1.20,10,False
Kevin,Schade,Schade,Brentford,MID,3,120,89,0,0,0,1,0,0,1,0,0,0,0,-6,6.6,0.7,29.0,3.6,1,2,1,4,1,0.95,0.00,0.95,1.41,0,False
Mikkel,Damsgaard,Damsgaard,Brentford,MID,3,121,90,0,0,0,2,0,0,0,0,0,0,0,6,11.2,38.5,2.0,5.2,1,0,0,1,1,0.00,0.27,0.27,1.54,2,False
Antoni,Milambo,Milambo,Brentford,MID,3,122,0,0,0,0,0,0,0,0,0,0,0,0,0,0.0,0.0,0.0,0.0,0,0,0,0,0,0.00,0.00,0.00,0.00,0,False
Fábio,Freitas Gouveia Carvalho,Carvalho,Brentford,MID,3,123,1,0,0,0,1,0,0,0,0,0,0,0,3,0.0,0.1,0.0,0.0,0,0,0,0,0,0.00,0.00,0.00,0.13,1,False
Jordan,Henderson,Henderson,Brentford,MID,3,124,70,0,0,1,0,0,0,0,0,0,0,0,9,3.8,6.7,0.0,1.1,2,3,0,5,1,0.00,0.01,0.01,0.48,3,False
Vitaly,Janelt,Janelt,Brentford,MID,3,125,0,0,0,0,0,0,0,0,0,0,0,0,0,0.0,0.0,0.0,0.0,0,0,0,0,0,0.00,0.00,0.00,0.00,0,False
Mathias,Jensen,Jensen,Brentford,MID,3,126,0,0,0,0,0,0,0,0,0,0,0,0,0,0.0,0.0,0.0,0.0,0,0,0,0,0,0.00,0.00,0.00,0.00,0,False
Gustavo,Nunes Fernandes Gomes,Nunes,Brentford,MID,3,127,0,0,0,0,0,0,0,0,0,0,0,0,0,0.0,0.0,0.0,0.0,0,0,0,0,0,0.00,0.00,0.00,0.00,0,False
Frank,Onyeka,Onyeka,Brentford,MID,3,128,19,0,1,0,2,0,0,0,0,0,0,0,16,20.0,12.0,2.0,3.4,0,0,1,1,0,0.00,0.36,0.36,1.06,4,False
Yehor,Yarmoliuk,Yarmoliuk,Brentford,MID,3,129,90,0,0,0,2,0,0,0,0,0,0,0,13,14.4,2.8,7.0,2.4,1,4,2,7,1,0.01,0.01,0.02,1.54,2,False
Romelle,Donovan,Donovan,Brentford,MID,3,130,0,0,0,0,0,0,0,0,0,0,0,0,0,0.0,0.0,0.0,0.0,0,0,0,0,0,0.00,0.00,0.00,0.00,0,False
Yunus Emre,Konak,Konak,Brentford,MID,3,131,0,0,0,0,0,0,0,0,0,0,0,0,0,0.0,0.0,0.0,0.0,0,0,0,0,0,0.00,0.00,0.00,0.00,0,False
Paris,Maghoma,Maghoma,Brentford,MID,3,132,0,0,0,0,0,0,0,0,0,0,0,0,0,0.0,0.0,0.0,0.0,0,0,0,0,0,0.00,0.00,0.00,0.00,0,False
Myles,Peart-Harris,Peart-Harris,Brentford,MID,3,133,0,0,0,0,0,0,0,0,0,0,0,0,0,0.0,0.0,0.0,0.0,0,0,0,0,0,0.00,0.00,0.00,0.00,0,False
Ryan,Trevitt,Trevitt,Brentford,MID,3,134,0,0,0,0,0,0,0,0,0,0,0,0,0,0.0,0.0,0.0,0.0,0,0,0,0,0,0.00,0.00,0.00,0.00,0,False
Yoane,Wissa,Wissa,Newcastle,FWD,3,135,0,0,0,0,0,0,0,0,0,0,0,0,0,0.0,0.0,0.0,0.0,0,0,0,0,0,0.00,0.00,0.00,0.00,0,False
Igor Thiago,Nascimento Rodrigues,Thiago,Brentford,FWD,3,136,90,1,0,0,2,0,0,0,1,0,0,1,29,43.4,17.4,19.0,8.0,5,0,0,5,1,0.12,0.10,0.22,1.54,6,False
Iwan,Morgan,Morgan,Brentford,FWD,3,137,0,0,0,0,0,0,0,0,0,0,0,0,0,0.0,0.0,0.0,0.0,0,0,0,0,0,0.00,0.00,0.00,0.00,0,False
Jason,Steele,Steele,Brighton,GKP,3,138,0,0,0,0,0,0,0,0,0,0,0,0,0,0.0,0.0,0.0,0.0,0,0,0,0,0,0.00,0.00,0.00,0.00,0,False
Bart,Verbruggen,Verbruggen,Brighton,GKP,3,139,90,0,0,0,1,0,0,0,0,0,2,0,11,20.2,0.0,0.0,2.0,0,10,0,0,1,0.00,0.00,0.00,1.82,2,False
Tom,McGill,McGill,Brighton,GKP,3,140,0,0,0,0,0,0,0,0,0,0,0,0,0,0.0,0.0,0.0,0.0,0,0,0,0,0,0.00,0.00,0.00,0.00,0,False
Carl,Rushworth,Rushworth,Brighton,GKP,3,141,0,0,0,0,0,0,0,0,0,0,0,0,0,0.0,0.0,0.0,0.0,0,0,0,0,0,0.00,0.00,0.00,0.00,0,False
Kjell,Scherpen,Scherpen,Brighton,GKP,3,142,0,0,0,0,0,0,0,0,0,0,0,0,0,0.0,0.0,0.0,0.0,0,0,0,0,0,0.00,0.00,0.00,0.00,0,False
Olivier,Boscagli,Boscagli,Brighton,DEF,3,143,0,0,0,0,0,0,0,0,0,0,0,0,0,0.0,0.0,0.0,0.0,0,0,0,0,0,0.00,0.00,0.00,0.00,0,False
Diego,Coppola,Coppola,Brighton,DEF,3,144,1,0,0,0,0,0,0,0,0,0,0,0,3,0.0,0.0,0.0,0.0,0,0,0,0,0,0.00,0.00,0.00,0.06,1,False
Maxim,De Cuyper,De Cuyper,Brighton,DEF,3,145,90,0,0,0,1,0,0,0,0,0,0,0,12,4.8,9.8,2.0,1.7,2,8,1,3,1,0.00,0.36,0.36,1.82,2,False
Lewis,Dunk,Dunk,Brighton,DEF,3,146,90,0,1,0,1,0,0,0,0,0,0,0,16,4.2,0.5,11.0,1.6,3,3,0,3,1,0.09,0.01,0.10,1.82,5,False
Pervis,Estupiñán Tenorio,Estupiñan,Brighton,DEF,3,147,0,0,0,0,0,0,0,0,0,0,0,0,0,0.0,0.0,0.0,0.0,0,0,0,0,0,0.00,0.00,0.00,0.00,0,False
Ferdi,Kadıoğlu,F.Kadıoğlu,Brighton,DEF,3,148,0,0,0,0,0,0,0,0,0,0,0,0,0,0.0,0.0,0.0,0.0,0,0,0,0,0,0.00,0.00,0.00,0.00,0,False
Igor Julio,dos Santos de Paulo,Igor,West Ham,DEF,3,149,0,0,0,0,0,0,0,0,0,0,0,0,0,0.0,0.0,0.0,0.0,0,0,0,0,0,0.00,0.00,0.00,0.00,0,False
Tariq,Lamptey,Lamptey,Brighton,DEF,3,150,0,0,0,0,0,0,0,0,0,0,0,0,0,0.0,0.0,0.0,0.0,0,0,0,0,0,0.00,0.00,0.00,0.00,0,False
Jan Paul,van Hecke,Van Hecke,Brighton,DEF,3,151,90,0,0,0,1,0,0,0,1,0,0,0,4,17.2,0.4,33.0,5.1,4,5,1,5,1,0.29,0.00,0.29,1.82,1,False
Joël,Veltman,Veltman,Brighton,DEF,3,152,90,0,0,0,1,0,0,0,1,0,0,0,5,8.2,3.3,2.0,1.4,2,0,3,5,1,0.00,0.00,0.00,1.82,1,False
Adam,Webster,Webster,Brighton,DEF,3,153,0,0,0,0,0,0,0,0,0,0,0,0,0,0.0,0.0,0.0,0.0,0,0,0,0,0,0.00,0.00,0.00,0.00,0,False
Eiran,Cashin,Cashin,Brighton,DEF,3,154,0,0,0,0,0,0,0,0,0,0,0,0,0,0.0,0.0,0.0,0.0,0,0,0,0,0,0.00,0.00,0.00,0.00,0,False
Jacob,Slater,Slater,Brighton,DEF,3,155,0,0,0,0,0,0,0,0,0,0,0,0,0,0.0,0.0,0.0,0.0,0,0,0,0,0,0.00,0.00,0.00,0.00,0,False
Charlie,Tasker,Tasker,Brighton,DEF,3,156,0,0,0,0,0,0,0,0,0,0,0,0,0,0.0,0.0,0.0,0.0,0,0,0,0,0,0.00,0.00,0.00,0.00,0,False
Mitoma,Kaoru,Mitoma,Brighton,MID,3,157,90,0,1,0,1,0,0,0,0,0,0,0,21,27.4,33.3,12.0,7.3,3,2,2,7,1,0.08,0.04,0.12,1.82,5,False
Georginio,Rutter,Georginio,Brighton,MID,3,158,29,0,0,0,0,0,0,0,0,0,0,0,5,5.2,12.1,19.0,3.6,0,0,0,0,0,0.07,0.06,0.13,0.17,1,False
Solly,March,March,Brighton,MID,3,159,0,0,0,0,0,0,0,0,0,0,0,0,0,0.0,0.0,0.0,0.0,0,0,0,0,0,0.00,0.00,0.00,0.00,0,False
Yankuba,Minteh,Minteh,Brighton,MID,3,160,90,0,0,0,1,0,0,0,0,0,0,0,18,13.6,11.4,29.0,5.4,2,7,3,12,1,0.20,0.03,0.23,1.76,4,False
Julio,Enciso Espínola,Enciso,Brighton,MID,3,161,0,0,0,0,0,0,0,0,0,0,0,0,0,0.0,0.0,0.0,0.0,0,0,0,0,0,0.00,0.00,0.00,0.00,0,False
Brajan,Gruda,Gruda,Brighton,MID,3,162,29,1,0,0,0,0,0,0,0,0,0,2,27,39.2,10.4,35.0,8.5,0,2,0,2,0,0.78,0.00,0.78,0.17,8,False
Jack,Hinshelwood,Hinshelwood,Brighton,MID,3,163,60,0,0,0,1,0,0,0,0,0,0,0,11,4.8,0.8,0.0,0.6,2,4,2,8,1,0.00,0.00,0.00,1.65,2,False
Matt,O'Riley,O'Riley,Brighton,MID,3,164,0,0,0,0,0,0,0,0,0,0,0,0,0,0.0,0.0,0.0,0.0,0,0,0,0,0,0.00,0.00,0.00,0.00,0,False
Abdallah,Sima,Sima,Brighton,MID,3,165,0,0,0,0,0,0,0,0,0,0,0,0,0,0.0,0.0,0.0,0.0,0,0,0,0,0,0.00,0.00,0.00,0.00,0,False
Yasin,Ayari,Ayari,Brighton,MID,3,166,29,0,0,0,0,0,0,0,0,0,0,0,3,6.8,24.7,0.0,3.2,1,1,1,3,0,0.00,0.01,0.01,0.17,1,False
Carlos,Baleba,Baleba,Brighton,MID,3,167,59,0,0,0,1,0,0,0,0,0,0,0,3,0.0,2.3,0.0,0.2,0,3,0,3,1,0.00,0.00,0.00,1.65,1,False
Facundo,Buonanotte,Buonanotte,Chelsea,MID,3,168,0,0,0,0,0,0,0,0,0,0,0,0,0,0.0,0.0,0.0,0.0,0,0,0,0,0,0.00,0.00,0.00,0.00,0,False
Diego,Gómez Amarilla,Gomez,Brighton,MID,3,169,60,0,0,0,1,0,0,0,0,0,0,0,12,3.8,0.3,0.0,0.4,0,3,3,6,1,0.00,0.00,0.00,1.65,2,False
James,Milner,Milner,Brighton,MID,3,170,30,1,0,0,0,0,0,0,0,0,0,0,19,35.6,0.4,17.0,5.3,0,1,1,2,0,0.79,0.01,0.80,0.17,6,False
Jeremy,Sarmiento Morante,Sarmiento,Brighton,MID,3,171,0,0,0,0,0,0,0,0,0,0,0,0,0,0.0,0.0,0.0,0.0,0,0,0,0,0,0.00,0.00,0.00,0.00,0,False
Tom,Watson,Watson,Brighton,MID,3,172,0,0,0,0,0,0,0,0,0,0,0,0,0,0.0,0.0,0.0,0.0,0,0,0,0,0,0.00,0.00,0.00,0.00,0,False
Mats,Wieffer,Wieffer,Brighton,MID,3,173,0,0,0,0,0,0,0,0,0,0,0,0,0,0.0,0.0,0.0,0.0,0,0,0,0,0,0.00,0.00,0.00,0.00,0,False
Malick,Yalcouyé,Yalcouye,Brighton,MID,3,174,0,0,0,0,0,0,0,0,0,0,0,0,0,0.0,0.0,0.0,0.0,0,0,0,0,0,0.00,0.00,0.00,0.00,0,False
Joe,Knight,Knight,Brighton,MID,3,175,0,0,0,0,0,0,0,0,0,0,0,0,0,0.0,0.0,0.0,0.0,0,0,0,0,0,0.00,0.00,0.00,0.00,0,False
Adrian,Mazilu,Mazilu,Brighton,MID,3,176,0,0,0,0,0,0,0,0,0,0,0,0,0,0.0,0.0,0.0,0.0,0,0,0,0,0,0.00,0.00,0.00,0.00,0,False
Andrew,Moran,Moran,Brighton,MID,3,177,0,0,0,0,0,0,0,0,0,0,0,0,0,0.0,0.0,0.0,0.0,0,0,0,0,0,0.00,0.00,0.00,0.00,0,False
Danny,Welbeck,Welbeck,Brighton,FWD,3,178,60,0,0,0,1,0,0,0,0,0,0,0,6,0.4,16.5,2.0,1.9,0,2,0,2,1,0.00,0.17,0.17,1.65,2,False
Evan,Ferguson,Ferguson,Brighton,FWD,3,179,0,0,0,0,0,0,0,0,0,0,0,0,0,0.0,0.0,0.0,0.0,0,0,0,0,0,0.00,0.00,0.00,0.00,0,False
Stefanos,Tzimas,Tzimas,Brighton,FWD,3,180,0,0,0,0,0,0,0,0,0,0,0,0,0,0.0,0.0,0.0,0.0,0,0,0,0,0,0.00,0.00,0.00,0.00,0,False
Charalampos,Kostoulas,Kostoulas,Brighton,FWD,3,181,0,0,0,0,0,0,0,0,0,0,0,0,0,0.0,0.0,0.0,0.0,0,0,0,0,0,0.00,0.00,0.00,0.00,0,False
James,Trafford,Trafford,Man City,GKP,3,182,90,0,0,0,2,0,0,0,0,0,5,0,18,40.6,0.0,0.0,4.1,1,13,0,0,1,0.00,0.00,0.00,2.30,2,False
Max,Weiß,Weiss,Burnley,GKP,3,183,0,0,0,0,0,0,0,0,0,0,0,0,0,0.0,0.0,0.0,0.0,0,0,0,0,0,0.00,0.00,0.00,0.00,0,False
Etienne,Green,Green,Burnley,GKP,3,184,0,0,0,0,0,0,0,0,0,0,0,0,0,0.0,0.0,0.0,0.0,0,0,0,0,0,0.00,0.00,0.00,0.00,0,False
Václav,Hladký,Hladký,Burnley,GKP,3,185,0,0,0,0,0,0,0,0,0,0,0,0,0,0.0,0.0,0.0,0.0,0,0,0,0,0,0.00,0.00,0.00,0.00,0,False
Connor,Roberts,Roberts,Burnley,DEF,3,186,0,0,0,0,0,0,0,0,0,0,0,0,0,0.0,0.0,0.0,0.0,0,0,0,0,0,0.00,0.00,0.00,0.00,0,False
Kyle,Walker,Walker,Burnley,DEF,3,187,90,0,0,0,3,0,0,0,1,0,0,0,-1,15.4,4.3,0.0,2.0,4,3,3,7,1,0.00,0.10,0.10,3.63,0,False
Hannes,Delcroix,Delcroix,Burnley,DEF,3,188,0,0,0,0,0,0,0,0,0,0,0,0,0,0.0,0.0,0.0,0.0,0,0,0,0,0,0.00,0.00,0.00,0.00,0,False
Owen,Dodgson,Dodgson,Burnley,DEF,3,189,0,0,0,0,0,0,0,0,0,0,0,0,0,0.0,0.0,0.0,0.0,0,0,0,0,0,0.00,0.00,0.00,0.00,0,False
Hjalmar,Ekdal,Ekdal,Burnley,DEF,3,190,82,0,0,0,2,0,0,0,0,0,0,0,11,24.6,0.3,2.0,2.7,10,6,2,12,1,0.00,0.00,0.00,2.57,3,False
Maxime,Estève,Estève,Burnley,DEF,3,191,90,0,0,0,3,0,0,0,0,0,0,0,-2,16.4,0.2,2.0,1.9,7,1,1,8,1,0.00,0.00,0.00,3.63,1,False
Quilindschy,Hartman,Hartman,Burnley,DEF,3,192,90,0,0,0,3,0,0,0,0,0,0,0,2,19.6,1.8,7.0,2.8,7,3,2,9,1,0.09,0.00,0.09,3.63,1,False
Bashir,Humphreys,Humphreys,Burnley,DEF,3,193,0,0,0,0,0,0,0,0,0,0,0,0,0,0.0,0.0,0.0,0.0,0,0,0,0,0,0.00,0.00,0.00,0.00,0,False
Jordan,Beyer,Jordan,Burnley,DEF,3,194,0,0,0,0,0,0,0,0,0,0,0,0,0,0.0,0.0,0.0,0.0,0,0,0,0,0,0.00,0.00,0.00,0.00,0,False
Lucas,Pires Silva,Lucas Pires,Burnley,DEF,3,195,0,0,0,0,0,0,0,0,0,0,0,0,0,0.0,0.0,0.0,0.0,0,0,0,0,0,0.00,0.00,0.00,0.00,0,False
Shurandy,Sambo,Sambo,Burnley,DEF,3,196,0,0,0,0,0,0,0,0,0,0,0,0,0,0.0,0.0,0.0,0.0,0,0,0,0,0,0.00,0.00,0.00,0.00,0,False
Oliver,Sonne,Sonne,Burnley,DEF,3,197,8,0,0,0,1,0,0,0,0,0,0,0,1,3.0,0.0,0.0,0.3,1,0,1,2,0,0.00,0.00,0.00,1.06,1,False
Axel,Tuanzebe,Tuanzebe,Burnley,DEF,3,198,0,0,0,0,0,0,0,0,0,0,0,0,0,0.0,0.0,0.0,0.0,0,0,0,0,0,0.00,0.00,0.00,0.00,0,False
Joe,Worrall,Worrall,Burnley,DEF,3,199,7,0,0,0,1,0,0,0,0,0,0,0,1,3.0,0.0,0.0,0.3,2,1,0,2,0,0.00,0.00,0.00,1.06,1,False
Jaidon,Anthony,Anthony,Burnley,MID,3,200,90,1,0,0,3,0,0,0,1,0,0,0,21,40.8,0.8,35.0,7.7,4,2,0,6,1,0.38,0.01,0.39,3.63,6,False
Manuel,Benson Hedilazio,Benson,Burnley,MID,3,201,0,0,0,0,0,0,0,0,0,0,0,0,0,0.0,0.0,0.0,0.0,0,0,0,0,0,0.00,0.00,0.00,0.00,0,False
Jacob,Bruun Larsen,Bruun Larsen,Burnley,MID,3,202,81,0,1,0,2,0,0,0,0,0,0,0,22,29.2,26.6,8.0,6.4,4,2,1,7,1,0.03,0.32,0.35,2.57,5,False
Enock,Agyei,Boateng,Burnley,MID,3,203,0,0,0,0,0,0,0,0,0,0,0,0,0,0.0,0.0,0.0,0.0,0,0,0,0,0,0.00,0.00,0.00,0.00,0,False
Darko,Churlinov,Churlinov,Burnley,MID,3,204,0,0,0,0,0,0,0,0,0,0,0,0,0,0.0,0.0,0.0,0.0,0,0,0,0,0,0.00,0.00,0.00,0.00,0,False
Josh,Cullen,Cullen,Burnley,MID,3,205,90,0,0,0,3,1,0,0,0,0,0,0,7,15.4,3.3,0.0,1.9,7,5,2,14,1,0.00,0.05,0.05,3.63,2,False
Marcus,Edwards,Edwards,Burnley,MID,3,206,0,0,0,0,0,0,0,0,0,0,0,0,0,0.0,0.0,0.0,0.0,0,0,0,0,0,0.00,0.00,0.00,0.00,0,False
Hannibal,Mejbri,Hannibal,Burnley,MID,3,207,64,0,0,0,2,0,0,0,0,0,0,0,7,2.8,6.1,4.0,1.3,1,0,2,3,1,0.11,0.00,0.11,2.38,2,False
Luca,Koleosho,Koleosho,Burnley,MID,3,208,0,0,0,0,0,0,0,0,0,0,0,0,0,0.0,0.0,0.0,0.0,0,0,0,0,0,0.00,0.00,0.00,0.00,0,False
Josh,Laurent,Laurent,Burnley,MID,3,209,14,0,0,0,1,0,0,0,1,0,0,0,1,2.4,0.1,2.0,0.5,2,2,0,4,0,0.00,0.00,0.00,1.13,0,False
Loum,Tchaouna,Tchaouna,Burnley,MID,3,210,25,0,1,0,1,0,0,0,1,0,0,0,12,4.2,1.3,17.0,2.3,0,0,1,1,0,0.13,0.00,0.13,1.25,3,False
Aaron,Ramsey,A.Ramsey,Burnley,MID,3,211,0,0,0,0,0,0,0,0,0,0,0,0,0,0.0,0.0,0.0,0.0,0,0,0,0,0,0.00,0.00,0.00,0.00,0,False
Oluwaseun,Adewumi,Adewumi,Burnley,MID,3,212,0,0,0,0,0,0,0,0,0,0,0,0,0,0.0,0.0,0.0,0.0,0,0,0,0,0,0.00,0.00,0.00,0.00,0,False
Jaydon,Banel,Banel,Burnley,MID,3,213,0,0,0,0,0,0,0,0,0,0,0,0,0,0.0,0.0,0.0,0.0,0,0,0,0,0,0.00,0.00,0.00,0.00,0,False
Mike,Trésor Ndayishimiye,Trésor,Burnley,MID,3,214,0,0,0,0,0,0,0,0,0,0,0,0,0,0.0,0.0,0.0,0.0,0,0,0,0,0,0.00,0.00,0.00,0.00,0,False
Zian,Flemming,Flemming,Burnley,FWD,3,215,0,0,0,0,0,0,0,0,0,0,0,0,0,0.0,0.0,0.0,0.0,0,0,0,0,0,0.00,0.00,0.00,0.00,0,False
Zeki,Amdouni,Amdouni,Burnley,FWD,3,216,0,0,0,0,0,0,0,0,0,0,0,0,0,0.0,0.0,0.0,0.0,0,0,0,0,0,0.00,0.00,0.00,0.00,0,False
Lyle,Foster,Foster,Burnley,FWD,3,217,90,1,0,0,3,0,0,0,1,0,0,1,27,39.2,3.3,25.0,6.8,1,4,1,6,1,0.51,0.00,0.51,3.63,6,False
Ashley,Barnes,Barnes,Burnley,FWD,3,218,0,0,0,0,0,0,0,0,0,0,0,0,0,0.0,0.0,0.0,0.0,0,0,0,0,0,0.00,0.00,0.00,0.00,0,False
Michael,Obafemi,Obafemi,Burnley,FWD,3,219,0,0,0,0,0,0,0,0,0,0,0,0,0,0.0,0.0,0.0,0.0,0,0,0,0,0,0.00,0.00,0.00,0.00,0,False
Robert,Lynch Sánchez,Sánchez,Chelsea,GKP,3,220,90,0,0,1,0,0,0,0,0,0,1,0,22,7.2,0.0,0.0,0.7,0,6,0,0,1,0.00,0.00,0.00,1.02,6,False
Filip,Jörgensen,Jörgensen,Chelsea,GKP,3,221,0,0,0,0,0,0,0,0,0,0,0,0,0,0.0,0.0,0.0,0.0,0,0,0,0,0,0.00,0.00,0.00,0.00,0,False
Mike,Penders,Penders,Chelsea,GKP,3,222,0,0,0,0,0,0,0,0,0,0,0,0,0,0.0,0.0,0.0,0.0,0,0,0,0,0,0.00,0.00,0.00,0.00,0,False
Gabriel,Słonina,Slonina,Chelsea,GKP,3,223,0,0,0,0,0,0,0,0,0,0,0,0,0,0.0,0.0,0.0,0.0,0,0,0,0,0,0.00,0.00,0.00,0.00,0,False
Marc,Cucurella Saseta,Cucurella,Chelsea,DEF,3,224,90,0,0,1,0,0,0,0,0,0,0,0,31,25.0,26.5,0.0,5.2,6,3,3,9,1,0.00,0.03,0.03,1.02,6,False
Reece,James,James,Chelsea,DEF,3,225,9,0,0,0,0,0,0,0,0,0,0,0,4,3.4,0.3,7.0,1.1,0,0,0,0,0,0.04,0.00,0.04,0.68,1,False
Trevoh,Chalobah,Chalobah,Chelsea,DEF,3,226,90,0,1,1,0,0,0,0,0,0,0,2,43,26.4,8.6,17.0,5.2,6,2,5,11,1,0.12,0.21,0.33,1.02,13,True
Levi,Samuels Colwill,Colwill,Chelsea,DEF,3,227,0,0,0,0,0,0,0,0,0,0,0,0,0,0.0,0.0,0.0,0.0,0,0,0,0,0,0.00,0.00,0.00,0.00,0,False
Malo,Gusto,Gusto,Chelsea,DEF,3,228,90,0,0,1,0,0,0,0,0,0,0,0,30,13.8,15.5,4.0,3.3,3,7,2,5,1,0.00,0.05,0.05,1.02,6,False
Benoît,Badiashile Mukinayi,B.Badiashile,Chelsea,DEF,3,229,0,0,0,0,0,0,0,0,0,0,0,0,0,0.0,0.0,0.0,0.0,0,0,0,0,0,0.00,0.00,0.00,0.00,0,False
Wesley,Fofana,Fofana,Chelsea,DEF,3,230,0,0,0,0,0,0,0,0,0,0,0,0,0,0.0,0.0,0.0,0.0,0,0,0,0,0,0.00,0.00,0.00,0.00,0,False
Mamadou,Sarr,M.Sarr,Chelsea,DEF,3,231,0,0,0,0,0,0,0,0,0,0,0,0,0,0.0,0.0,0.0,0.0,0,0,0,0,0,0.00,0.00,0.00,0.00,0,False
Tosin,Adarabioyo,Tosin,Chelsea,DEF,3,232,90,0,0,1,0,0,0,0,0,0,0,0,27,26.0,0.7,2.0,2.9,9,3,2,11,1,0.00,0.01,0.01,1.02,8,False
Josh,Acheampong,Acheampong,Chelsea,DEF,3,233,0,0,0,0,0,0,0,0,0,0,0,0,0,0.0,0.0,0.0,0.0,0,0,0,0,0,0.00,0.00,0.00,0.00,0,False
Aarón,Anselmino,Anselmino,Chelsea,DEF,3,234,0,0,0,0,0,0,0,0,0,0,0,0,0,0.0,0.0,0.0,0.0,0,0,0,0,0,0.00,0.00,0.00,0.00,0,False
Cole,Palmer,Palmer,Chelsea,MID,3,235,0,0,0,0,0,0,0,0,0,0,0,0,0,0.0,0.0,0.0,0.0,0,0,0,0,0,0.00,0.00,0.00,0.00,0,False
Pedro,Lomba Neto,Neto,Chelsea,MID,3,236,80,0,0,1,0,0,0,0,0,0,0,0,12,8.8,32.5,0.0,4.1,2,2,0,4,1,0.00,0.17,0.17,0.35,3,False
Enzo,Fernández,Enzo,Chelsea,MID,3,237,90,1,1,1,0,0,0,0,0,0,0,1,39,60.4,40.4,25.0,12.6,3,3,0,6,1,0.79,0.24,1.03,1.02,12,True
Estêvão,Almeida de Oliveira Gonçalves,Estêvão,Chelsea,MID,3,238,67,0,0,1,0,0,0,0,0,0,0,0,4,8.4,16.1,29.0,5.4,1,2,0,3,1,0.36,0.06,0.42,0.35,3,False
Jamie,Bynoe-Gittens,Gittens,Chelsea,MID,3,239,22,0,0,0,0,0,0,0,0,0,0,0,4,1.0,0.0,5.0,0.6,0,1,1,2,0,0.03,0.00,0.03,0.68,1,False
Christopher,Nkunku,Nkunku,Chelsea,MID,3,240,0,0,0,0,0,0,0,0,0,0,0,0,0,0.0,0.0,0.0,0.0,0,0,0,0,0,0.00,0.00,0.00,0.00,0,False
Moisés,Caicedo Corozo,Caicedo,Chelsea,MID,3,241,90,0,0,1,0,0,0,0,1,0,0,0,16,23.8,3.9,5.0,3.3,8,11,4,23,1,0.06,0.03,0.09,1.02,4,False
Kiernan,Dewsbury-Hall,Dewsbury-Hall,Everton,MID,3,242,90,1,1,0,2,0,0,0,1,0,0,3,49,55.4,44.1,19.0,11.9,0,5,1,6,1,0.06,0.59,0.65,1.11,12,True
Tyrique,George,George,Chelsea,MID,3,243,66,0,0,1,0,0,0,0,0,0,0,0,4,3.6,1.3,33.0,3.8,0,1,0,1,0,0.21,0.01,0.22,0.27,3,False
Roméo,Lavia,Lavia,Chelsea,MID,3,244,0,0,0,0,0,0,0,0,0,0,0,0,0,0.0,0.0,0.0,0.0,0,0,0,0,0,0.00,0.00,0.00,0.00,0,False
Mykhailo,Mudryk,Mudryk,Chelsea,MID,3,245,0,0,0,0,0,0,0,0,0,0,0,0,0,0.0,0.0,0.0,0.0,0,0,0,0,0,0.00,0.00,0.00,0.00,0,False
Andrey,Nascimento dos Santos,Andrey Santos,Chelsea,MID,3,246,9,0,0,0,0,0,0,0,1,0,0,0,2,2.6,10.6,2.0,1.5,0,1,1,2,0,0.00,0.01,0.01,0.68,0,False
Dário,Luís Essugo,D.Essugo,Chelsea,MID,3,247,0,0,0,0,0,0,0,0,0,0,0,0,0,0.0,0.0,0.0,0.0,0,0,0,0,0,0.00,0.00,0.00,0.00,0,False
Kendry,Páez Andrade,Paez,Chelsea,MID,3,248,0,0,0,0,0,0,0,0,0,0,0,0,0,0.0,0.0,0.0,0.0,0,0,0,0,0,0.00,0.00,0.00,0.00,0,False
João Pedro,Junqueira de Jesus,João Pedro,Chelsea,FWD,3,249,90,1,0,1,0,0,0,0,0,0,0,3,46,49.8,13.6,51.0,11.4,3,6,1,10,1,0.66,0.02,0.68,1.02,9,True
Liam,Delap,Delap,Chelsea,FWD,3,250,13,0,0,0,0,0,0,0,0,0,0,0,1,0.0,0.0,5.0,0.0,0,0,0,0,1,0.09,0.00,0.09,0.08,1,False
Nicolas,Jackson,N.Jackson,Chelsea,FWD,3,251,0,0,0,0,0,0,0,0,0,0,0,0,0,0.0,0.0,0.0,0.0,0,0,0,0,0,0.00,0.00,0.00,0.00,0,False
Marc,Guiu Paz,Marc Guiu,Chelsea,FWD,3,252,3,0,0,0,0,0,0,0,0,0,0,0,3,1.0,0.0,0.0,0.1,1,0,0,1,0,0.00,0.00,0.00,0.00,1,False
Dean,Henderson,Henderson,Crystal Palace,GKP,3,253,90,0,0,1,0,0,0,0,0,0,4,0,31,31.0,0.0,0.0,3.1,0,7,0,0,1,0.00,0.00,0.00,1.13,7,False
Walter,Benítez,Benitez,Crystal Palace,GKP,3,254,0,0,0,0,0,0,0,0,0,0,0,0,0,0.0,0.0,0.0,0.0,0,0,0,0,0,0.00,0.00,0.00,0.00,0,False
Remi,Matthews,Matthews,Crystal Palace,GKP,3,255,0,0,0,0,0,0,0,0,0,0,0,0,0,0.0,0.0,0.0,0.0,0,0,0,0,0,0.00,0.00,0.00,0.00,0,False
Daniel,Muñoz Mejía,Muñoz,Crystal Palace,DEF,3,256,90,0,0,1,0,0,0,0,0,0,0,1,37,25.2,16.7,4.0,4.6,6,8,5,11,1,0.00,0.48,0.48,1.13,9,False
Maxence,Lacroix,Lacroix,Crystal Palace,DEF,3,257,90,0,1,1,0,0,0,0,0,0,0,2,39,33.0,10.9,2.0,4.6,9,1,0,9,1,0.00,0.12,0.12,1.13,11,True
Tyrick,Mitchell,Mitchell,Crystal Palace,DEF,3,258,90,0,0,1,0,0,0,0,0,0,0,0,30,22.6,17.9,4.0,4.5,3,3,6,9,1,0.00,0.02,0.02,1.13,6,False
Borna,Sosa,Sosa,Crystal Palace,DEF,3,259,0,0,0,0,0,0,0,0,0,0,0,0,0,0.0,0.0,0.0,0.0,0,0,0,0,0,0.00,0.00,0.00,0.00,0,False
Marc,Guéhi,Guéhi,Crystal Palace,DEF,3,260,90,1,0,1,0,0,0,0,0,0,0,3,46,53.8,1.8,17.0,7.3,6,5,3,9,1,0.05,0.01,0.06,1.13,15,True
Chris,Richards,Richards,Crystal Palace,DEF,3,261,90,0,0,1,0,0,0,0,0,0,0,0,31,30.6,0.9,0.0,3.2,9,1,4,13,1,0.00,0.00,0.00,1.13,8,False
Chadi,Riad Dnanou,Chadi Riad,Crystal Palace,DEF,3,262,0,0,0,0,0,0,0,0,0,0,0,0,0,0.0,0.0,0.0,0.0,0,0,0,0,0,0.00,0.00,0.00,0.00,0,False
Nathaniel,Clyne,Clyne,Crystal Palace,DEF,3,263,4,0,0,0,0,0,0,0,0,0,0,0,5,3.4,0.5,0.0,0.4,1,0,1,2,0,0.00,0.00,0.00,0.00,1,False
Rob,Holding,Holding,Crystal Palace,DEF,3,264,0,0,0,0,0,0,0,0,0,0,0,0,0,0.0,0.0,0.0,0.0,0,0,0,0,0,0.00,0.00,0.00,0.00,0,False
Caleb,Kporha,Kporha,Crystal Palace,DEF,3,265,0,0,0,0,0,0,0,0,0,0,0,0,0,0.0,0.0,0.0,0.0,0,0,0,0,0,0.00,0.00,0.00,0.00,0,False
Eberechi,Eze,Eze,Arsenal,MID,3,266,20,0,0,0,1,0,0,0,0,0,0,0,4,1.8,2.8,2.0,0.7,0,1,0,1,0,0.00,0.03,0.03,0.25,1,False
Ismaïla,Sarr,Sarr,Crystal Palace,MID,3,267,90,1,0,1,0,0,0,0,1,0,0,0,16,37.4,2.3,40.0,8.0,2,5,1,8,1,1.45,0.00,1.45,1.13,7,False
Cheick,Doucouré,Doucouré,Crystal Palace,MID,3,268,0,0,0,0,0,0,0,0,0,0,0,0,0,0.0,0.0,0.0,0.0,0,0,0,0,0,0.00,0.00,0.00,0.00,0,False
Romain,Esse,Esse,Crystal Palace,MID,3,269,0,0,0,0,0,0,0,0,0,0,0,0,0,0.0,0.0,0.0,0.0,0,0,0,0,0,0.00,0.00,0.00,0.00,0,False
Will,Hughes,Hughes,Crystal Palace,MID,3,270,70,0,0,1,0,0,0,0,1,0,0,0,5,4.0,2.5,0.0,0.7,6,2,0,8,1,0.00,0.02,0.02,0.85,2,False
Daichi,Kamada,Kamada,Crystal Palace,MID,3,271,85,0,1,1,0,0,0,0,0,0,0,0,25,5.8,10.3,2.0,1.8,1,4,2,7,1,0.00,0.17,0.17,1.13,6,False
Jefferson,Lerma Solís,Lerma,Crystal Palace,MID,3,272,34,0,0,0,0,0,0,0,0,0,0,0,-1,4.0,3.5,17.0,2.5,1,1,1,3,0,0.36,0.01,0.37,0.38,1,False
Adam,Wharton,Wharton,Crystal Palace,MID,3,273,55,0,0,0,0,0,0,0,0,0,0,0,9,3.2,5.9,0.0,0.9,0,5,0,5,1,0.00,0.01,0.01,0.75,1,False
Asher,Agbinone,Agbinone,Crystal Palace,MID,3,274,0,0,0,0,0,0,0,0,0,0,0,0,0,0.0,0.0,0.0,0.0,0,0,0,0,0,0.00,0.00,0.00,0.00,0,False
Naouirou,Ahamada,Ahamada,Crystal Palace,MID,3,275,0,0,0,0,0,0,0,0,0,0,0,0,0,0.0,0.0,0.0,0.0,0,0,0,0,0,0.00,0.00,0.00,0.00,0,False
Justin,Devenny,Devenny,Crystal Palace,MID,3,276,5,0,0,0,0,0,0,0,0,0,0,0,2,1.0,1.5,0.0,0.3,0,0,1,1,0,0.00,0.00,0.00,0.00,1,False
Malcolm,Ebiowei,Ebiowei,Crystal Palace,MID,3,277,0,0,0,0,0,0,0,0,0,0,0,0,0,0.0,0.0,0.0,0.0,0,0,0,0,0,0.00,0.00,0.00,0.00,0,False
Jesurun,Rak-Sakyi,J.Rak-Sakyi,Crystal Palace,MID,3,278,0,0,0,0,0,0,0,0,0,0,0,0,0,0.0,0.0,0.0,0.0,0,0,0,0,0,0.00,0.00,0.00,0.00,0,False
Matheus,França de Oliveira,M.França,Crystal Palace,MID,3,279,0,0,0,0,0,0,0,0,0,0,0,0,0,0.0,0.0,0.0,0.0,0,0,0,0,0,0.00,0.00,0.00,0.00,0,False
David,Ozoh,Ozoh,Crystal Palace,MID,3,280,0,0,0,0,0,0,0,0,0,0,0,0,0,0.0,0.0,0.0,0.0,0,0,0,0,0,0.00,0.00,0.00,0.00,0,False
Kaden,Rodney,Rodney,Crystal Palace,MID,3,281,0,0,0,0,0,0,0,0,0,0,0,0,0,0.0,0.0,0.0,0.0,0,0,0,0,0,0.00,0.00,0.00,0.00,0,False
Franco,Umeh-Chibueze,Umeh,Crystal Palace,MID,3,282,0,0,0,0,0,0,0,0,0,0,0,0,0,0.0,0.0,0.0,0.0,0,0,0,0,0,0.00,0.00,0.00,0.00,0,False
Jean-Philippe,Mateta,Mateta,Crystal Palace,FWD,3,283,84,1,0,1,0,0,0,0,1,0,0,0,22,37.4,3.8,21.0,6.2,3,2,0,5,1,0.79,0.33,1.12,1.13,5,False
Eddie,Nketiah,Nketiah,Crystal Palace,FWD,3,284,0,0,0,0,0,0,0,0,0,0,0,0,0,0.0,0.0,0.0,0.0,0,0,0,0,0,0.00,0.00,0.00,0.00,0,False
Odsonne,Édouard,Édouard,Crystal Palace,FWD,3,285,0,0,0,0,0,0,0,0,0,0,0,0,0,0.0,0.0,0.0,0.0,0,0,0,0,0,0.00,0.00,0.00,0.00,0,False
Zach,Marsh,Marsh,Crystal Palace,FWD,3,286,0,0,0,0,0,0,0,0,0,0,0,0,0,0.0,0.0,0.0,0.0,0,0,0,0,0,0.00,0.00,0.00,0.00,0,False
Jordan,Pickford,Pickford,Everton,GKP,3,287,90,0,0,0,2,0,0,0,0,0,2,0,5,15.0,0.0,0.0,1.5,3,8,0,0,1,0.00,0.01,0.01,1.11,1,False
Mark,Travers,Travers,Everton,GKP,3,288,0,0,0,0,0,0,0,0,0,0,0,0,0,0.0,0.0,0.0,0.0,0,0,0,0,0,0.00,0.00,0.00,0.00,0,False
Harry,Tyrer,Tyrer,Everton,GKP,3,289,0,0,0,0,0,0,0,0,0,0,0,0,0,0.0,0.0,0.0,0.0,0,0,0,0,0,0.00,0.00,0.00,0.00,0,False
Jarrad,Branthwaite,Branthwaite,Everton,DEF,3,290,0,0,0,0,0,0,0,0,0,0,0,0,0,0.0,0.0,0.0,0.0,0,0,0,0,0,0.00,0.00,0.00,0.00,0,False
James,Tarkowski,Tarkowski,Everton,DEF,3,291,90,0,0,0,2,0,0,0,0,0,0,0,5,23.2,0.3,0.0,2.4,10,4,1,11,1,0.00,0.00,0.00,1.11,3,False
Vitalii,Mykolenko,Mykolenko,Everton,DEF,3,292,90,0,0,0,2,0,0,0,0,0,0,0,3,7.4,5.3,2.0,1.5,6,4,1,7,1,0.00,0.07,0.07,1.11,1,False
Jake,O'Brien,O'Brien,Everton,DEF,3,293,90,0,0,0,2,0,0,0,0,0,0,0,-3,16.8,9.0,4.0,3.0,7,2,1,8,1,0.07,0.01,0.08,1.11,1,False
Séamus,Coleman,Coleman,Everton,DEF,3,294,1,0,0,0,0,0,0,0,0,0,0,0,3,0.0,0.0,0.0,0.0,0,0,0,0,0,0.00,0.00,0.00,0.00,1,False
Michael,Keane,Keane,Everton,DEF,3,295,90,0,0,0,2,0,0,0,0,0,0,0,6,24.6,0.2,0.0,2.5,13,1,1,14,1,0.00,0.00,0.00,1.11,3,False
Nathan,Patterson,Patterson,Everton,DEF,3,296,0,0,0,0,0,0,0,0,0,0,0,0,0,0.0,0.0,0.0,0.0,0,0,0,0,0,0.00,0.00,0.00,0.00,0,False
Roman,Dixon,Dixon,Everton,DEF,3,297,0,0,0,0,0,0,0,0,0,0,0,0,0,0.0,0.0,0.0,0.0,0,0,0,0,0,0.00,0.00,0.00,0.00,0,False
Reece,Welch,Welch,Everton,DEF,3,298,0,0,0,0,0,0,0,0,0,0,0,0,0,0.0,0.0,0.0,0.0,0,0,0,0,0,0.00,0.00,0.00,0.00,0,False
Iliman,Ndiaye,Ndiaye,Everton,MID,3,299,90,1,0,0,2,0,0,0,0,0,0,0,21,39.6,24.0,25.0,8.9,0,5,3,8,1,0.56,0.05,0.61,1.11,7,False
Dwight,McNeil,McNeil,Everton,MID,3,300,0,0,0,0,0,0,0,0,0,0,0,0,0,0.0,0.0,0.0,0.0,0,0,0,0,0,0.00,0.00,0.00,0.00,0,False
Carlos,Alcaraz Durán,Alcaraz,Everton,MID,3,301,2,0,0,0,0,0,0,0,0,0,0,0,5,2.0,0.0,0.0,0.2,0,1,1,2,0,0.00,0.00,0.00,0.12,1,False
Idrissa Gana,Gueye,Gana,Everton,MID,3,302,75,0,0,0,1,0,0,0,0,0,0,0,16,7.4,12.8,11.0,3.1,0,6,3,9,1,0.30,0.03,0.33,0.65,2,False
James,Garner,Garner,Everton,MID,3,303,90,0,0,0,2,0,0,0,0,0,0,0,18,13.4,3.3,0.0,1.7,4,5,3,12,1,0.00,0.02,0.02,1.11,4,False
Tim,Iroegbunam,Iroegbunam,Everton,MID,3,304,14,0,0,0,1,0,0,0,0,0,0,0,4,6.2,0.0,2.0,0.8,2,0,0,2,0,0.03,0.00,0.03,0.46,1,False
Harrison,Armstrong,Armstrong,Everton,MID,3,305,0,0,0,0,0,0,0,0,0,0,0,0,0,0.0,0.0,0.0,0.0,0,0,0,0,0,0.00,0.00,0.00,0.00,0,False
Callum,Bates,Bates,Everton,MID,3,306,0,0,0,0,0,0,0,0,0,0,0,0,0,0.0,0.0,0.0,0.0,0,0,0,0,0,0.00,0.00,0.00,0.00,0,False
Coby,Ebere,Ebere,Everton,MID,3,307,0,0,0,0,0,0,0,0,0,0,0,0,0,0.0,0.0,0.0,0.0,0,0,0,0,0,0.00,0.00,0.00,0.00,0,False
Isaac,Heath,Heath,Everton,MID,3,308,0,0,0,0,0,0,0,0,0,0,0,0,0,0.0,0.0,0.0,0.0,0,0,0,0,0,0.00,0.00,0.00,0.00,0,False
Jenson,Metcalfe,Metcalfe,Everton,MID,3,309,0,0,0,0,0,0,0,0,0,0,0,0,0,0.0,0.0,0.0,0.0,0,0,0,0,0,0.00,0.00,0.00,0.00,0,False
Thierno,Barry,Barry,Everton,FWD,3,310,14,0,0,0,1,0,0,0,0,0,0,0,3,6.2,3.9,0.0,1.0,2,0,0,2,0,0.00,0.00,0.00,0.46,1,False
Norberto Bercique,Gomes Betuncal,Beto,Everton,FWD,3,311,75,1,0,0,1,0,0,0,0,0,0,1,33,32.2,14.1,39.0,8.5,0,1,0,1,1,0.63,0.08,0.71,0.65,7,False
Youssef,Ramalho Chermiti,Y.Chermiti,Everton,FWD,3,312,0,0,0,0,0,0,0,0,0,0,0,0,0,0.0,0.0,0.0,0.0,0,0,0,0,0,0.00,0.00,0.00,0.00,0,False
Martin,Sherif,Sherif,Everton,FWD,3,313,0,0,0,0,0,0,0,0,0,0,0,0,0,0.0,0.0,0.0,0.0,0,0,0,0,0,0.00,0.00,0.00,0.00,0,False
Bernd,Leno,Leno,Fulham,GKP,3,314,90,0,0,0,2,0,0,0,0,0,4,0,12,29.2,0.0,0.0,2.9,0,13,1,0,1,0.00,0.00,0.00,2.35,2,False
Steven,Benda,Benda,Fulham,GKP,3,315,0,0,0,0,0,0,0,0,0,0,0,0,0,0.0,0.0,0.0,0.0,0,0,0,0,0,0.00,0.00,0.00,0.00,0,False
Antonee,Robinson,Robinson,Fulham,DEF,3,316,23,0,0,0,0,0,0,0,0,0,0,0,4,5.2,5.3,2.0,1.3,1,1,0,1,0,0.00,0.04,0.04,0.12,1,False
Joachim,Andersen,Andersen,Fulham,DEF,3,317,90,0,0,0,2,0,0,0,0,0,0,0,13,20.8,11.2,8.0,4.0,7,4,3,10,1,0.21,0.02,0.23,2.35,3,False
Calvin,Bassey,Bassey,Fulham,DEF,3,318,90,0,0,0,2,0,0,0,0,0,0,0,7,13.6,1.3,0.0,1.5,2,4,2,4,1,0.00,0.01,0.01,2.35,1,False
Timothy,Castagne,Castagne,Fulham,DEF,3,319,59,0,0,0,2,0,0,0,0,0,0,0,-5,10.0,10.7,7.0,2.8,1,2,3,4,1,0.08,0.03,0.11,2.19,0,False
Issa,Diop,Diop,Fulham,DEF,3,320,0,0,0,0,0,0,0,0,0,0,0,0,0,0.0,0.0,0.0,0.0,0,0,0,0,0,0.00,0.00,0.00,0.00,0,False
Jorge,Cuenca Barreno,J.Cuenca,Fulham,DEF,3,321,0,0,0,0,0,0,0,0,0,0,0,0,0,0.0,0.0,0.0,0.0,0,0,0,0,0,0.00,0.00,0.00,0.00,0,False
Kenny,Tete,Tete,Fulham,DEF,3,322,90,0,0,0,2,0,0,0,0,0,0,0,7,22.0,3.9,4.0,3.0,7,2,4,11,1,0.07,0.01,0.08,2.35,3,False
Samuel,Amissah,Amissah,Fulham,DEF,3,323,0,0,0,0,0,0,0,0,0,0,0,0,0,0.0,0.0,0.0,0.0,0,0,0,0,0,0.00,0.00,0.00,0.00,0,False
Alex,Iwobi,Iwobi,Fulham,MID,3,324,83,0,0,0,2,0,0,0,1,0,0,0,4,4.0,9.8,1.0,1.5,1,5,3,9,1,0.03,0.05,0.08,2.31,1,False
Emile,Smith Rowe,Smith Rowe,Fulham,MID,3,325,23,0,0,0,0,0,0,0,0,0,0,0,4,3.8,12.3,0.0,1.6,0,0,0,0,0,0.00,0.03,0.03,0.12,1,False
Adama,Traoré Diarra,Adama,Fulham,MID,3,326,6,0,0,0,0,0,0,0,0,0,0,0,5,4.2,14.7,6.0,2.5,0,1,0,1,0,0.00,0.07,0.07,0.04,1,False
Andreas,Hoelgebaum Pereira,Andreas,Fulham,MID,3,327,0,0,0,0,0,0,0,0,0,0,0,0,0,0.0,0.0,0.0,0.0,0,0,0,0,0,0.00,0.00,0.00,0.00,0,False
Ryan,Sessegnon,Sessegnon,Fulham,MID,3,328,66,0,0,0,2,0,0,0,0,0,0,0,3,10.6,1.2,2.0,1.4,5,1,4,10,1,0.00,0.00,0.00,2.23,2,False
Harry,Wilson,Wilson,Fulham,MID,3,329,30,0,0,0,0,0,0,0,0,0,0,0,5,2.4,0.8,7.0,1.0,0,0,1,1,0,0.03,0.01,0.04,0.16,1,False
Sander,Berge,Berge,Fulham,MID,3,330,90,0,0,0,2,0,0,0,0,0,0,0,12,14.6,1.3,9.0,2.5,2,7,2,11,1,0.41,0.01,0.42,2.35,2,False
Tom,Cairney,Cairney,Fulham,MID,3,331,0,0,0,0,0,0,0,0,0,0,0,0,0,0.0,0.0,0.0,0.0,0,0,0,0,0,0.00,0.00,0.00,0.00,0,False
Saša,Lukić,Lukić,Fulham,MID,3,332,90,0,0,0,2,0,0,0,1,0,0,0,8,23.6,47.8,2.0,7.3,2,3,5,10,1,0.00,0.11,0.11,2.35,1,False
Martial,Godo,Godo,Fulham,MID,3,333,0,0,0,0,0,0,0,0,0,0,0,0,0,0.0,0.0,0.0,0.0,0,0,0,0,0,0.00,0.00,0.00,0.00,0,False
Luke,Harris,Harris,Fulham,MID,3,334,0,0,0,0,0,0,0,0,0,0,0,0,0,0.0,0.0,0.0,0.0,0,0,0,0,0,0.00,0.00,0.00,0.00,0,False
Josh,King,King,Fulham,MID,3,335,66,0,0,0,2,0,0,0,0,0,0,0,11,10.8,12.6,11.0,3.4,2,3,0,5,1,0.04,0.08,0.12,2.23,2,False
Harrison,Reed,Reed,Fulham,MID,3,336,0,0,0,0,0,0,0,0,0,0,0,0,0,0.0,0.0,0.0,0.0,0,0,0,0,0,0.00,0.00,0.00,0.00,0,False
Raúl,Jiménez Rodríguez,Raúl,Fulham,FWD,3,337,31,0,0,0,0,0,0,0,0,0,0,0,-2,0.0,1.0,7.0,0.8,1,0,1,2,0,0.11,0.00,0.11,0.16,1,False
Rodrigo,Muniz Carvalho,Muniz,Fulham,FWD,3,338,58,0,0,0,2,0,0,0,0,0,0,0,-1,0.0,10.3,4.0,1.4,1,0,0,1,1,0.04,0.00,0.04,2.19,1,False
Illan,Meslier,Meslier,Leeds,GKP,3,339,0,0,0,0,0,0,0,0,0,0,0,0,0,0.0,0.0,0.0,0.0,0,0,0,0,0,0.00,0.00,0.00,0.00,0,False
Alex,Cairns,Cairns,Leeds,GKP,3,340,0,0,0,0,0,0,0,0,0,0,0,0,0,0.0,0.0,0.0,0.0,0,0,0,0,0,0.00,0.00,0.00,0.00,0,False
Karl,Darlow,Darlow,Leeds,GKP,3,341,0,0,0,0,0,0,0,0,0,0,0,0,0,0.0,0.0,0.0,0.0,0,0,0,0,0,0.00,0.00,0.00,0.00,0,False
Jayden,Bogle,Bogle,Leeds,DEF,3,342,90,0,0,1,0,0,0,0,0,0,0,0,23,10.6,12.4,9.0,3.2,5,9,2,7,1,0.08,0.02,0.10,0.46,6,False
Pascal,Struijk,Struijk,Leeds,DEF,3,343,90,0,0,1,0,0,0,0,0,0,0,0,27,10.0,1.2,0.0,1.1,4,3,0,4,1,0.00,0.01,0.01,0.46,6,False
Jaka,Bijol,Bijol,Leeds,DEF,3,344,0,0,0,0,0,0,0,0,0,0,0,0,0,0.0,0.0,0.0,0.0,0,0,0,0,0,0.00,0.00,0.00,0.00,0,False
Sebastiaan,Bornauw,Bornauw,Leeds,DEF,3,345,0,0,0,0,0,0,0,0,0,0,0,0,0,0.0,0.0,0.0,0.0,0,0,0,0,0,0.00,0.00,0.00,0.00,0,False
Sam,Byram,Byram,Leeds,DEF,3,346,0,0,0,0,0,0,0,0,0,0,0,0,0,0.0,0.0,0.0,0.0,0,0,0,0,0,0.00,0.00,0.00,0.00,0,False
Gabriel,Gudmundsson,Gudmundsson,Leeds,DEF,3,347,79,0,0,1,0,0,0,0,0,0,0,3,34,20.4,25.5,2.0,4.8,3,2,2,5,1,0.00,0.03,0.03,0.43,9,False
Joe,Rodon,Rodon,Leeds,DEF,3,348,90,0,0,1,0,0,0,0,0,0,0,1,28,15.4,0.8,2.0,1.8,6,3,1,7,1,0.00,0.00,0.00,0.46,7,False
Isaac,Schmidt,Schmidt,Leeds,DEF,3,349,0,0,0,0,0,0,0,0,0,0,0,0,0,0.0,0.0,0.0,0.0,0,0,0,0,0,0.00,0.00,0.00,0.00,0,False
Brenden,Aaronson,Aaronson,Leeds,MID,3,350,30,0,0,0,0,0,0,0,0,0,0,0,7,5.2,2.1,0.0,0.7,0,0,1,1,0,0.00,0.02,0.02,0.07,1,False
Wilfried,Gnonto,Gnonto,Leeds,MID,3,351,59,0,0,0,0,0,0,0,1,0,0,0,0,0.0,13.6,3.0,1.6,0,3,0,3,1,0.04,0.05,0.09,0.39,0,False
Jack,Harrison,Harrison,Leeds,MID,3,352,30,0,0,0,0,0,0,0,0,0,0,0,10,7.6,4.4,2.0,1.4,3,2,1,6,0,0.00,0.03,0.03,0.07,1,False
Daniel,James,James,Leeds,MID,3,353,59,0,0,0,0,0,0,0,0,0,0,0,5,4.0,15.1,9.0,2.8,0,2,1,3,1,0.22,0.12,0.34,0.39,1,False
Ethan,Ampadu,Ampadu,Leeds,MID,3,354,0,0,0,0,0,0,0,0,0,0,0,0,0,0.0,0.0,0.0,0.0,0,0,0,0,0,0.00,0.00,0.00,0.00,0,False
Sam,Greenwood,Greenwood,Leeds,MID,3,355,0,0,0,0,0,0,0,0,0,0,0,0,0,0.0,0.0,0.0,0.0,0,0,0,0,0,0.00,0.00,0.00,0.00,0,False
Ilia,Gruev,Gruev,Leeds,MID,3,356,90,0,0,1,0,0,0,0,0,0,0,0,19,13.4,7.5,2.0,2.3,3,2,3,8,1,0.00,0.01,0.01,0.46,3,False
Largie,Ramazani,Ramazani,Leeds,MID,3,357,0,0,0,0,0,0,0,0,0,0,0,0,0,0.0,0.0,0.0,0.0,0,0,0,0,0,0.00,0.00,0.00,0.00,0,False
Tanaka,Ao,Tanaka,Leeds,MID,3,358,0,0,0,0,0,0,0,0,0,0,0,0,0,0.0,0.0,0.0,0.0,0,0,0,0,0,0.00,0.00,0.00,0.00,0,False
Charlie,Crew,Crew,Leeds,MID,3,359,0,0,0,0,0,0,0,0,0,0,0,0,0,0.0,0.0,0.0,0.0,0,0,0,0,0,0.00,0.00,0.00,0.00,0,False
Joe,Gelhardt,Gelhardt,Leeds,MID,3,360,0,0,0,0,0,0,0,0,0,0,0,0,0,0.0,0.0,0.0,0.0,0,0,0,0,0,0.00,0.00,0.00,0.00,0,False
Darko,Gyabi,Gyabi,Leeds,MID,3,361,0,0,0,0,0,0,0,0,0,0,0,0,0,0.0,0.0,0.0,0.0,0,0,0,0,0,0.00,0.00,0.00,0.00,0,False
Joël,Piroe,Piroe,Leeds,FWD,3,362,0,0,0,0,0,0,0,0,0,0,0,0,0,0.0,0.0,0.0,0.0,0,0,0,0,0,0.00,0.00,0.00,0.00,0,False
Patrick,Bamford,Bamford,Leeds,FWD,3,363,0,0,0,0,0,0,0,0,0,0,0,0,0,0.0,0.0,0.0,0.0,0,0,0,0,0,0.00,0.00,0.00,0.00,0,False
Mateo,Joseph Fernández-Regatillo,Mateo Joseph,Leeds,FWD,3,364,0,0,0,0,0,0,0,0,0,0,0,0,0,0.0,0.0,0.0,0.0,0,0,0,0,0,0.00,0.00,0.00,0.00,0,False
Lukas,Nmecha,Nmecha,Leeds,FWD,3,365,69,0,0,1,0,0,0,0,0,0,0,0,8,10.6,5.1,11.0,2.7,5,4,0,9,1,0.10,0.02,0.12,0.39,2,False
Alisson,Becker,A.Becker,Liverpool,GKP,3,366,90,0,0,1,0,0,0,0,0,0,1,2,29,16.8,0.0,0.0,1.7,2,9,0,0,1,0.00,0.00,0.00,0.49,8,True
Giorgi,Mamardashvili,Mamardashvili,Liverpool,GKP,3,367,0,0,0,0,0,0,0,0,0,0,0,0,0,0.0,0.0,0.0,0.0,0,0,0,0,0,0.00,0.00,0.00,0.00,0,False
Ármin,Pécsi,Pécsi,Liverpool,GKP,3,368,0,0,0,0,0,0,0,0,0,0,0,0,0,0.0,0.0,0.0,0.0,0,0,0,0,0,0.00,0.00,0.00,0.00,0,False
Freddie,Woodman,Woodman,Liverpool,GKP,3,369,0,0,0,0,0,0,0,0,0,0,0,0,0,0.0,0.0,0.0,0.0,0,0,0,0,0,0.00,0.00,0.00,0.00,0,False
Jeremie,Frimpong,Frimpong,Liverpool,DEF,3,370,0,0,0,0,0,0,0,0,0,0,0,0,0,0.0,0.0,0.0,0.0,0,0,0,0,0,0.00,0.00,0.00,0.00,0,False
Milos,Kerkez,Kerkez,Liverpool,DEF,3,371,90,0,0,1,0,0,0,0,0,0,0,0,27,22.0,1.8,0.0,2.4,6,2,3,9,1,0.00,0.00,0.00,0.49,6,False
Andrew,Robertson,Robertson,Liverpool,DEF,3,372,0,0,0,0,0,0,0,0,0,0,0,0,0,0.0,0.0,0.0,0.0,0,0,0,0,0,0.00,0.00,0.00,0.00,0,False
Virgil,van Dijk,Virgil,Liverpool,DEF,3,373,90,0,0,1,0,0,0,0,0,0,0,2,29,31.2,3.7,2.0,3.7,8,2,0,8,1,0.00,0.02,0.02,0.49,8,False
Ibrahima,Konaté,Konaté,Liverpool,DEF,3,374,78,0,0,1,0,0,0,0,0,0,0,0,26,16.2,0.8,0.0,1.7,4,2,1,5,1,0.00,0.00,0.00,0.40,6,False
Conor,Bradley,Bradley,Liverpool,DEF,3,375,0,0,0,0,0,0,0,0,0,0,0,0,0,0.0,0.0,0.0,0.0,0,0,0,0,0,0.00,0.00,0.00,0.00,0,False
Joe,Gomez,Gomez,Liverpool,DEF,3,376,11,0,0,0,0,0,0,0,0,0,0,0,6,12.2,0.1,0.0,1.2,7,0,0,7,0,0.00,0.00,0.00,0.09,1,False
Konstantinos,Tsimikas,Tsimikas,Liverpool,DEF,3,377,0,0,0,0,0,0,0,0,0,0,0,0,0,0.0,0.0,0.0,0.0,0,0,0,0,0,0.00,0.00,0.00,0.00,0,False
Amara,Nallo,Nallo,Liverpool,DEF,3,378,0,0,0,0,0,0,0,0,0,0,0,0,0,0.0,0.0,0.0,0.0,0,0,0,0,0,0.00,0.00,0.00,0.00,0,False
Rhys,Williams,R.Williams,Liverpool,DEF,3,379,0,0,0,0,0,0,0,0,0,0,0,0,0,0.0,0.0,0.0,0.0,0,0,0,0,0,0.00,0.00,0.00,0.00,0,False
Calvin,Ramsay,Ramsay,Liverpool,DEF,3,380,0,0,0,0,0,0,0,0,0,0,0,0,0,0.0,0.0,0.0,0.0,0,0,0,0,0,0.00,0.00,0.00,0.00,0,False
Mohamed,Salah,M.Salah,Liverpool,MID,3,381,90,0,0,1,0,0,0,0,0,0,0,0,5,0.4,6.8,17.0,2.4,0,2,0,2,1,0.05,0.03,0.08,0.49,3,False
Florian,Wirtz,Wirtz,Liverpool,MID,3,382,88,0,0,1,0,0,0,0,0,0,0,0,18,14.8,12.6,23.0,5.0,2,4,2,8,1,0.18,0.06,0.24,0.40,3,False
Luis,Díaz Marulanda,Luis Díaz,Liverpool,MID,3,383,0,0,0,0,0,0,0,0,0,0,0,0,0,0.0,0.0,0.0,0.0,0,0,0,0,0,0.00,0.00,0.00,0.00,0,False
Cody,Gakpo,Gakpo,Liverpool,MID,3,384,90,0,0,1,0,0,0,0,0,0,0,0,10,11.4,13.9,22.0,4.7,2,2,1,5,1,0.05,0.01,0.06,0.49,3,False
Federico,Chiesa,Chiesa,Liverpool,MID,3,385,11,0,0,0,0,0,0,0,0,0,0,0,2,0.2,0.1,2.0,0.2,0,0,0,0,0,0.12,0.00,0.12,0.09,1,False
Alexis,Mac Allister,Mac Allister,Liverpool,MID,3,386,60,0,0,1,0,0,0,0,0,0,0,0,7,6.2,21.5,5.0,3.3,2,7,0,9,1,0.05,0.05,0.10,0.31,3,False
Dominik,Szoboszlai,Szoboszlai,Liverpool,MID,3,387,90,1,0,1,0,0,0,0,0,0,0,3,45,56.0,17.0,7.0,8.0,7,5,2,14,1,0.03,0.02,0.05,0.49,13,True
Curtis,Jones,C.Jones,Liverpool,MID,3,388,29,0,1,0,0,0,0,0,0,0,0,0,14,5.6,11.6,0.0,1.7,1,2,0,3,0,0.00,0.02,0.02,0.18,4,False
Harvey,Elliott,Elliott,Aston Villa,MID,3,389,0,0,0,0,0,0,0,0,0,0,0,0,0,0.0,0.0,0.0,0.0,0,0,0,0,0,0.00,0.00,0.00,0.00,0,False
Ryan,Gravenberch,Gravenberch,Liverpool,MID,3,390,90,0,0,1,0,0,0,0,1,0,0,0,13,6.2,15.3,1.0,2.3,1,7,1,9,1,0.02,0.01,0.03,0.49,2,False
Ben,Gannon-Doak,Gannon-Doak,Bournemouth,MID,3,391,0,0,0,0,0,0,0,0,0,0,0,0,0,0.0,0.0,0.0,0.0,0,0,0,0,0,0.00,0.00,0.00,0.00,0,False
Endo,Wataru,Endo,Liverpool,MID,3,392,1,0,0,0,0,0,0,0,1,0,0,0,-2,0.0,0.0,0.0,0.0,1,0,0,1,0,0.00,0.00,0.00,0.09,0,False
Stefan,Bajčetić Maquieira,Bajcetic,Liverpool,MID,3,393,0,0,0,0,0,0,0,0,0,0,0,0,0,0.0,0.0,0.0,0.0,0,0,0,0,0,0.00,0.00,0.00,0.00,0,False
James,McConnell,McConnell,Liverpool,MID,3,394,0,0,0,0,0,0,0,0,0,0,0,0,0,0.0,0.0,0.0,0.0,0,0,0,0,0,0.00,0.00,0.00,0.00,0,False
Tyler,Morton,Morton,Liverpool,MID,3,395,0,0,0,0,0,0,0,0,0,0,0,0,0,0.0,0.0,0.0,0.0,0,0,0,0,0,0.00,0.00,0.00,0.00,0,False
Trey,Nyoni,Nyoni,Liverpool,MID,3,396,0,0,0,0,0,0,0,0,0,0,0,0,0,0.0,0.0,0.0,0.0,0,0,0,0,0,0.00,0.00,0.00,0.00,0,False
Darwin,Núñez Ribeiro,Darwin,Liverpool,FWD,3,397,0,0,0,0,0,0,0,0,0,0,0,0,0,0.0,0.0,0.0,0.0,0,0,0,0,0,0.00,0.00,0.00,0.00,0,False
Jayden,Danns,Danns,Liverpool,FWD,3,398,0,0,0,0,0,0,0,0,0,0,0,0,0,0.0,0.0,0.0,0.0,0,0,0,0,0,0.00,0.00,0.00,0.00,0,False
Ederson,Santana de Moraes,Ederson M.,Man City,GKP,3,399,0,0,0,0,0,0,0,0,0,0,0,0,0,0.0,0.0,0.0,0.0,0,0,0,0,0,0.00,0.00,0.00,0.00,0,False
Stefan,Ortega Moreno,Ortega Moreno,Man City,GKP,3,400,0,0,0,0,0,0,0,0,0,0,0,0,0,0.0,0.0,0.0,0.0,0,0,0,0,0,0.00,0.00,0.00,0.00,0,False
Marcus,Bettinelli,Bettinelli,Man City,GKP,3,401,0,0,0,0,0,0,0,0,0,0,0,0,0,0.0,0.0,0.0,0.0,0,0,0,0,0,0.00,0.00,0.00,0.00,0,False
Rayan,Aït-Nouri,Aït-Nouri,Man City,DEF,3,402,90,0,0,0,2,0,0,0,1,0,0,0,-1,12.6,12.8,4.0,2.9,5,3,3,8,1,0.00,0.46,0.46,2.30,0,False
Joško,Gvardiol,Gvardiol,Man City,DEF,3,403,0,0,0,0,0,0,0,0,0,0,0,0,0,0.0,0.0,0.0,0.0,0,0,0,0,0,0.00,0.00,0.00,0.00,0,False
Manuel,Akanji,Akanji,Man City,DEF,3,404,0,0,0,0,0,0,0,0,0,0,0,0,0,0.0,0.0,0.0,0.0,0,0,0,0,0,0.00,0.00,0.00,0.00,0,False
Nathan,Aké,Aké,Man City,DEF,3,405,0,0,0,0,0,0,0,0,0,0,0,0,0,0.0,0.0,0.0,0.0,0,0,0,0,0,0.00,0.00,0.00,0.00,0,False
Abdukodir,Khusanov,Khusanov,Man City,DEF,3,406,84,0,0,0,1,0,0,0,1,0,0,0,8,14.0,2.3,0.0,1.6,2,1,4,6,1,0.00,0.01,0.01,1.19,1,False
Matheus,Nunes,Matheus N.,Man City,DEF,3,407,84,0,0,0,1,0,0,0,0,0,0,0,7,10.6,5.3,0.0,1.6,6,5,0,6,1,0.00,0.02,0.02,1.19,2,False
Rúben,dos Santos Gato Alves Dias,Rúben,Man City,DEF,3,408,5,0,0,0,1,0,0,0,0,0,0,0,-1,5.6,0.1,0.0,0.6,1,0,0,1,0,0.00,0.00,0.00,1.11,1,False
John,Stones,Stones,Man City,DEF,3,409,90,0,0,0,2,0,0,0,0,0,0,0,7,15.6,1.8,0.0,1.7,4,5,0,4,1,0.00,0.01,0.01,2.30,1,False
Rico,Lewis,Lewis,Man City,DEF,3,410,5,0,0,0,1,0,0,0,0,0,0,0,0,0.8,0.3,0.0,0.1,0,0,0,0,0,0.00,0.00,0.00,1.11,1,False
Nico,O'Reilly,O’Reilly,Man City,DEF,3,411,18,0,0,0,1,0,0,0,0,0,0,0,-1,7.8,1.5,2.0,1.1,1,1,2,3,0,0.02,0.00,0.02,1.23,1,False
Vitor,de Oliveira Nunes dos Reis,Vitor Reis,Man City,DEF,3,412,0,0,0,0,0,0,0,0,0,0,0,0,0,0.0,0.0,0.0,0.0,0,0,0,0,0,0.00,0.00,0.00,0.00,0,False
Omar,Marmoush,Marmoush,Man City,MID,3,413,71,0,1,0,1,0,0,0,0,0,0,2,27,25.2,32.5,16.0,7.4,1,5,2,8,1,0.05,0.44,0.49,1.07,7,False
Phil,Foden,Foden,Man City,MID,3,414,0,0,0,0,0,0,0,0,0,0,0,0,0,0.0,0.0,0.0,0.0,0,0,0,0,0,0.00,0.00,0.00,0.00,0,False
Sávio,Moreira de Oliveira,Savinho,Man City,MID,3,415,0,0,0,0,0,0,0,0,0,0,0,0,0,0.0,0.0,0.0,0.0,0,0,0,0,0,0.00,0.00,0.00,0.00,0,False
Bernardo,Mota Veiga de Carvalho e Silva,Bernardo,Man City,MID,3,416,71,0,0,0,1,0,0,0,0,0,0,0,8,3.2,5.2,2.0,1.0,2,1,1,4,1,0.00,0.03,0.03,1.07,2,False
Rayan,Cherki,Cherki,Man City,MID,3,417,0,0,0,0,0,0,0,0,0,0,0,0,0,0.0,0.0,0.0,0.0,0,0,0,0,0,0.00,0.00,0.00,0.00,0,False
Jérémy,Doku,Doku,Man City,MID,3,418,18,0,0,0,1,0,0,0,0,0,0,0,4,4.0,21.3,2.0,2.7,0,0,0,0,0,0.00,0.01,0.01,1.23,1,False
Jack,Grealish,Grealish,Everton,MID,3,419,87,0,2,0,2,0,0,0,0,0,0,2,45,47.2,36.0,34.0,11.7,2,8,1,11,1,0.28,0.59,0.87,0.99,10,True
İlkay,Gündoğan,Gündoğan,Man City,MID,3,420,0,0,0,0,0,0,0,0,0,0,0,0,0,0.0,0.0,0.0,0.0,0,0,0,0,0,0.00,0.00,0.00,0.00,0,False
Rodrigo 'Rodri',Hernandez Cascante,Rodrigo,Man City,MID,3,421,90,0,0,0,2,0,0,0,0,0,0,0,14,13.0,17.4,1.0,3.1,1,8,1,10,1,0.03,0.16,0.19,2.30,2,False
Mateo,Kovačić,Kovačić,Man City,MID,3,422,0,0,0,0,0,0,0,0,0,0,0,0,0,0.0,0.0,0.0,0.0,0,0,0,0,0,0.00,0.00,0.00,0.00,0,False
Nico,González Iglesias,N.Gonzalez,Man City,MID,3,423,0,0,0,0,0,0,0,0,0,0,0,0,0,0.0,0.0,0.0,0.0,0,0,0,0,0,0.00,0.00,0.00,0.00,0,False
Oscar,Bobb,Bobb,Man City,MID,3,424,90,0,0,0,2,0,0,0,0,0,0,0,5,3.2,10.5,16.0,3.0,1,4,1,6,1,0.30,0.18,0.48,2.30,2,False
Claudio,Echeverri,Echeverri,Man City,MID,3,425,0,0,0,0,0,0,0,0,0,0,0,0,0,0.0,0.0,0.0,0.0,0,0,0,0,0,0.00,0.00,0.00,0.00,0,False
James,McAtee,McAtee,Nott'm Forest,MID,3,426,32,0,0,0,3,0,0,0,0,0,0,0,7,5.4,12.3,2.0,2.0,0,3,1,4,0,0.00,0.09,0.09,1.95,1,False
Tijjani,Reijnders,Reijnders,Man City,MID,3,427,90,0,0,0,2,0,0,0,0,0,0,0,18,11.8,32.3,1.0,4.5,1,3,1,5,1,0.02,0.12,0.14,2.30,2,False
Sverre,Nypan,Nypan,Man City,MID,3,428,0,0,0,0,0,0,0,0,0,0,0,0,0,0.0,0.0,0.0,0.0,0,0,0,0,0,0.00,0.00,0.00,0.00,0,False
Kalvin,Phillips,Phillips,Man City,MID,3,429,0,0,0,0,0,0,0,0,0,0,0,0,0,0.0,0.0,0.0,0.0,0,0,0,0,0,0.00,0.00,0.00,0.00,0,False
Erling,Haaland,Haaland,Man City,FWD,3,430,90,1,0,0,2,0,0,0,0,0,0,3,29,30.4,0.4,96.0,12.7,0,1,0,1,1,1.40,0.00,1.40,2.30,9,False
Altay,Bayındır,Bayindir,Man Utd,GKP,3,431,90,0,0,0,2,0,0,0,0,0,1,0,5,11.6,0.0,0.0,1.2,0,12,0,0,1,0.00,0.01,0.01,1.20,1,False
André,Onana,Onana,Man Utd,GKP,3,432,0,0,0,0,0,0,0,0,0,0,0,0,0,0.0,0.0,0.0,0.0,0,0,0,0,0,0.00,0.00,0.00,0.00,0,False
Elyh,Harrison,Harrison,Man Utd,GKP,3,433,0,0,0,0,0,0,0,0,0,0,0,0,0,0.0,0.0,0.0,0.0,0,0,0,0,0,0.00,0.00,0.00,0.00,0,False
Tom,Heaton,Heaton,Man Utd,GKP,3,434,0,0,0,0,0,0,0,0,0,0,0,0,0,0.0,0.0,0.0,0.0,0,0,0,0,0,0.00,0.00,0.00,0.00,0,False
Dermot,Mee,Mee,Man Utd,GKP,3,435,0,0,0,0,0,0,0,0,0,0,0,0,0,0.0,0.0,0.0,0.0,0,0,0,0,0,0.00,0.00,0.00,0.00,0,False
Matthijs,de Ligt,De Ligt,Man Utd,DEF,3,436,90,0,0,0,2,0,0,0,0,0,0,0,4,10.2,0.2,5.0,1.5,4,4,0,4,1,0.10,0.00,0.10,1.20,1,False
Lisandro,Martínez,Martinez,Man Utd,DEF,3,437,0,0,0,0,0,0,0,0,0,0,0,0,0,0.0,0.0,0.0,0.0,0,0,0,0,0,0.00,0.00,0.00,0.00,0,False
Noussair,Mazraoui,Mazraoui,Man Utd,DEF,3,438,5,0,0,0,0,0,0,0,0,0,0,0,5,4.6,0.5,0.0,0.5,1,0,1,2,0,0.00,0.00,0.00,0.00,1,False
Diego,León Blanco,D.Leon,Man Utd,DEF,3,439,0,0,0,0,0,0,0,0,0,0,0,0,0,0.0,0.0,0.0,0.0,0,0,0,0,0,0.00,0.00,0.00,0.00,0,False
Diogo,Dalot Teixeira,Dalot,Man Utd,DEF,3,440,90,0,1,0,2,0,0,0,0,0,0,0,20,36.8,33.1,6.0,7.6,4,3,2,6,1,0.00,0.46,0.46,1.20,4,False
Patrick,Dorgu,Dorgu,Man Utd,DEF,3,441,0,0,0,0,0,0,0,0,0,0,0,0,0,0.0,0.0,0.0,0.0,0,0,0,0,0,0.00,0.00,0.00,0.00,0,False
Harry,Maguire,Maguire,Man Utd,DEF,3,442,0,0,0,0,0,0,0,0,0,0,0,0,0,0.0,0.0,0.0,0.0,0,0,0,0,0,0.00,0.00,0.00,0.00,0,False
Luke,Shaw,Shaw,Man Utd,DEF,3,443,90,0,0,0,2,0,0,0,0,0,0,0,4,13.0,3.8,0.0,1.7,1,2,3,4,1,0.00,0.02,0.02,1.20,1,False
Leny,Yoro,Yoro,Man Utd,DEF,3,444,84,0,0,0,2,0,0,0,0,0,0,0,2,7.8,4.6,4.0,1.6,2,1,2,4,1,0.09,0.02,0.11,1.20,1,False
Harry,Amass,Amass,Man Utd,DEF,3,445,0,0,0,0,0,0,0,0,0,0,0,0,0,0.0,0.0,0.0,0.0,0,0,0,0,0,0.00,0.00,0.00,0.00,0,False
Tyler,Fredricson,Fredricson,Man Utd,DEF,3,446,0,0,0,0,0,0,0,0,0,0,0,0,0,0.0,0.0,0.0,0.0,0,0,0,0,0,0.00,0.00,0.00,0.00,0,False
Ayden,Heaven,Heaven,Man Utd,DEF,3,447,0,0,0,0,0,0,0,0,0,0,0,0,0,0.0,0.0,0.0,0.0,0,0,0,0,0,0.00,0.00,0.00,0.00,0,False
Tyrell,Malacia,Malacia,Man Utd,DEF,3,448,0,0,0,0,0,0,0,0,0,0,0,0,0,0.0,0.0,0.0,0.0,0,0,0,0,0,0.00,0.00,0.00,0.00,0,False
Bruno,Borges Fernandes,B.Fernandes,Man Utd,MID,3,449,90,1,0,0,2,0,0,0,1,0,0,2,35,59.0,83.7,27.0,17.0,4,10,3,17,1,0.92,0.25,1.17,1.20,10,False
Matheus,Santos Carneiro da Cunha,Cunha,Man Utd,MID,3,450,30,0,0,0,0,0,0,0,0,0,0,0,7,6.8,15.1,9.0,3.1,0,1,0,1,1,0.03,0.15,0.18,0.00,1,False
Marcus,Rashford,Rashford,Man Utd,MID,3,451,0,0,0,0,0,0,0,0,0,0,0,0,0,0.0,0.0,0.0,0.0,0,0,0,0,0,0.00,0.00,0.00,0.00,0,False
Amad,Diallo,Amad,Man Utd,MID,3,452,90,0,1,0,2,0,0,0,0,0,0,0,24,15.4,27.3,33.0,7.6,2,7,1,10,1,0.63,0.06,0.69,1.20,5,False
Alejandro,Garnacho Ferreyra,Garnacho,Chelsea,MID,3,453,0,0,0,0,0,0,0,0,0,0,0,0,0,0.0,0.0,0.0,0.0,0,0,0,0,0,0.00,0.00,0.00,0.00,0,False
Antony,dos Santos,Antony,Man Utd,MID,3,454,0,0,0,0,0,0,0,0,0,0,0,0,0,0.0,0.0,0.0,0.0,0,0,0,0,0,0.00,0.00,0.00,0.00,0,False
Mason,Mount,Mount,Man Utd,MID,3,455,45,0,0,0,0,0,0,0,0,0,0,0,6,5.0,15.3,7.0,2.7,0,5,2,7,1,0.06,0.10,0.16,0.20,1,False
Jadon,Sancho,Sancho,Aston Villa,MID,3,456,0,0,0,0,0,0,0,0,0,0,0,0,0,0.0,0.0,0.0,0.0,0,0,0,0,0,0.00,0.00,0.00,0.00,0,False
Carlos Henrique,Casimiro,Casemiro,Man Utd,MID,3,457,71,0,1,0,2,0,0,0,0,0,0,0,20,6.6,7.8,4.0,1.8,2,3,1,6,1,0.13,0.02,0.15,1.20,5,False
Kobbie,Mainoo,Mainoo,Man Utd,MID,3,458,45,0,0,0,2,0,0,0,0,0,0,0,5,5.4,16.7,3.0,2.5,0,4,1,5,0,0.07,0.09,0.16,1.00,1,False
Manuel,Ugarte Ribeiro,Ugarte,Man Utd,MID,3,459,0,0,0,0,0,0,0,0,0,0,0,0,0,0.0,0.0,0.0,0.0,0,0,0,0,0,0.00,0.00,0.00,0.00,0,False
Toby,Collyer,Collyer,Man Utd,MID,3,460,0,0,0,0,0,0,0,0,0,0,0,0,0,0.0,0.0,0.0,0.0,0,0,0,0,0,0.00,0.00,0.00,0.00,0,False
Jayce,Fitzgerald,Fitzgerald,Man Utd,MID,3,461,0,0,0,0,0,0,0,0,0,0,0,0,0,0.0,0.0,0.0,0.0,0,0,0,0,0,0.00,0.00,0.00,0.00,0,False
Jack,Fletcher,J.Fletcher,Man Utd,MID,3,462,0,0,0,0,0,0,0,0,0,0,0,0,0,0.0,0.0,0.0,0.0,0,0,0,0,0,0.00,0.00,0.00,0.00,0,False
Sékou,Koné,Kone,Man Utd,MID,3,463,0,0,0,0,0,0,0,0,0,0,0,0,0,0.0,0.0,0.0,0.0,0,0,0,0,0,0.00,0.00,0.00,0.00,0,False
Jack,Moorhouse,Moorhouse,Man Utd,MID,3,464,0,0,0,0,0,0,0,0,0,0,0,0,0,0.0,0.0,0.0,0.0,0,0,0,0,0,0.00,0.00,0.00,0.00,0,False
Rasmus,Højlund,Højlund,Man Utd,FWD,3,465,0,0,0,0,0,0,0,0,0,0,0,0,0,0.0,0.0,0.0,0.0,0,0,0,0,0,0.00,0.00,0.00,0.00,0,False
Joshua,Zirkzee,Zirkzee,Man Utd,FWD,3,466,59,0,0,0,2,0,0,0,0,0,0,0,-2,8.2,15.4,52.0,7.6,2,1,0,3,0,0.67,0.03,0.70,1.20,1,False
Chido,Obi,Obi,Man Utd,FWD,3,467,0,0,0,0,0,0,0,0,0,0,0,0,0,0.0,0.0,0.0,0.0,0,0,0,0,0,0.00,0.00,0.00,0.00,0,False
Ethan,Wheatley,Wheatley,Man Utd,FWD,3,468,0,0,0,0,0,0,0,0,0,0,0,0,0,0.0,0.0,0.0,0.0,0,0,0,0,0,0.00,0.00,0.00,0.00,0,False
Nick,Pope,Pope,Newcastle,GKP,3,469,90,0,0,1,0,0,0,0,1,0,1,0,21,10.2,0.0,0.0,1.0,1,11,0,0,1,0.00,0.00,0.00,0.69,5,False
Martin,Dúbravka,Dúbravka,Burnley,GKP,3,470,90,0,0,0,3,0,0,0,0,0,5,0,8,35.4,0.0,0.0,3.5,2,7,0,0,1,0.00,0.00,0.00,3.63,2,False
Mark,Gillespie,Gillespie,Newcastle,GKP,3,471,0,0,0,0,0,0,0,0,0,0,0,0,0,0.0,0.0,0.0,0.0,0,0,0,0,0,0.00,0.00,0.00,0.00,0,False
Odysseas,Vlachodimos,Odysseas,Newcastle,GKP,3,472,0,0,0,0,0,0,0,0,0,0,0,0,0,0.0,0.0,0.0,0.0,0,0,0,0,0,0.00,0.00,0.00,0.00,0,False
Lewis,Hall,Hall,Newcastle,DEF,3,473,29,0,0,0,0,0,0,0,0,0,0,0,3,1.6,0.9,3.0,0.6,1,0,1,2,0,0.04,0.00,0.04,0.07,1,False
Fabian,Schär,Schär,Newcastle,DEF,3,474,90,0,0,1,0,0,0,0,0,0,0,0,23,22.4,11.5,3.0,3.7,5,3,0,5,1,0.04,0.01,0.05,0.69,6,False
Sven,Botman,Botman,Newcastle,DEF,3,475,67,0,0,1,0,0,0,0,0,0,0,2,29,19.8,0.3,0.0,2.0,7,5,2,9,1,0.00,0.00,0.00,0.62,8,False
Dan,Burn,Burn,Newcastle,DEF,3,476,90,0,0,1,0,0,0,0,0,0,0,0,24,6.4,1.3,0.0,0.8,1,4,0,1,1,0.00,0.01,0.01,0.69,6,False
Tino,Livramento,Livramento,Newcastle,DEF,3,477,90,0,0,1,0,0,0,0,0,0,0,0,21,2.8,4.0,4.0,1.1,0,7,0,0,1,0.00,0.03,0.03,0.69,6,False
Kieran,Trippier,Trippier,Newcastle,DEF,3,478,61,0,0,1,0,0,0,0,0,0,0,0,21,4.8,13.3,2.0,2.0,0,4,1,1,1,0.00,0.02,0.02,0.62,6,False
Emil,Krafth,Krafth,Newcastle,DEF,3,479,0,0,0,0,0,0,0,0,0,0,0,0,0,0.0,0.0,0.0,0.0,0,0,0,0,0,0.00,0.00,0.00,0.00,0,False
Jamaal,Lascelles,Lascelles,Newcastle,DEF,3,480,0,0,0,0,0,0,0,0,0,0,0,0,0,0.0,0.0,0.0,0.0,0,0,0,0,0,0.00,0.00,0.00,0.00,0,False
Alex,Murphy,A.Murphy,Newcastle,DEF,3,481,0,0,0,0,0,0,0,0,0,0,0,0,0,0.0,0.0,0.0,0.0,0,0,0,0,0,0.00,0.00,0.00,0.00,0,False
Harrison,Ashby,Ashby,Newcastle,DEF,3,482,0,0,0,0,0,0,0,0,0,0,0,0,0,0.0,0.0,0.0,0.0,0,0,0,0,0,0.00,0.00,0.00,0.00,0,False
Miodrag,Pivaš,Pivas,Newcastle,DEF,3,483,0,0,0,0,0,0,0,0,0,0,0,0,0,0.0,0.0,0.0,0.0,0,0,0,0,0,0.00,0.00,0.00,0.00,0,False
Matt,Targett,Targett,Newcastle,DEF,3,484,0,0,0,0,0,0,0,0,0,0,0,0,0,0.0,0.0,0.0,0.0,0,0,0,0,0,0.00,0.00,0.00,0.00,0,False
Anthony,Gordon,Gordon,Newcastle,MID,3,485,0,0,0,0,0,0,0,0,0,0,0,0,0,0.0,0.0,0.0,0.0,0,0,0,0,0,0.00,0.00,0.00,0.00,0,False
Anthony,Elanga,Elanga,Newcastle,MID,3,486,28,0,0,0,0,0,0,0,0,0,0,0,3,3.8,0.8,0.0,0.5,0,0,1,1,0,0.00,0.01,0.01,0.07,1,False
Harvey,Barnes,Barnes,Newcastle,MID,3,487,22,0,0,0,0,0,0,0,0,0,0,0,2,3.2,1.0,4.0,0.8,0,0,1,1,0,0.03,0.02,0.05,0.07,1,False
Bruno,Guimarães Rodriguez Moura,Bruno G.,Newcastle,MID,3,488,90,0,0,1,0,0,0,0,0,0,0,0,14,7.6,9.6,0.0,1.7,0,6,3,9,1,0.00,0.05,0.05,0.69,3,False
Jacob,Murphy,J.Murphy,Newcastle,MID,3,489,61,0,0,1,0,0,0,0,0,0,0,0,7,6.0,2.4,33.0,4.1,0,1,0,1,1,0.08,0.01,0.09,0.62,3,False
Joelinton Cássio,Apolinário de Lira,Joelinton,Newcastle,MID,3,490,0,0,0,0,0,0,0,0,0,0,0,0,0,0.0,0.0,0.0,0.0,0,0,0,0,0,0.00,0.00,0.00,0.00,0,False
Sandro,Tonali,Tonali,Newcastle,MID,3,491,90,0,0,1,0,0,0,0,0,0,0,0,17,9.2,36.0,0.0,4.5,0,6,0,6,1,0.00,0.05,0.05,0.69,3,False
Antoñito,Cordero Campillo,Antoñito C.,Newcastle,MID,3,492,0,0,0,0,0,0,0,0,0,0,0,0,0,0.0,0.0,0.0,0.0,0,0,0,0,0,0.00,0.00,0.00,0.00,0,False
Sean,Longstaff,Longstaff,Leeds,MID,3,493,90,0,0,1,0,0,0,0,0,0,0,0,21,14.0,12.3,0.0,2.6,2,6,5,13,1,0.00,0.01,0.01,0.46,5,False
Joe,Willock,Willock,Newcastle,MID,3,494,0,0,0,0,0,0,0,0,0,0,0,0,0,0.0,0.0,0.0,0.0,0,0,0,0,0,0.00,0.00,0.00,0.00,0,False
Isaac,Hayden,Hayden,Newcastle,MID,3,495,0,0,0,0,0,0,0,0,0,0,0,0,0,0.0,0.0,0.0,0.0,0,0,0,0,0,0.00,0.00,0.00,0.00,0,False
Garang,Kuol,Kuol,Newcastle,MID,3,496,0,0,0,0,0,0,0,0,0,0,0,0,0,0.0,0.0,0.0,0.0,0,0,0,0,0,0.00,0.00,0.00,0.00,0,False
Lewis,Miley,L.Miley,Newcastle,MID,3,497,45,0,0,0,0,0,0,0,0,0,0,0,8,3.8,2.5,0.0,0.6,2,3,0,5,0,0.00,0.01,0.01,0.15,1,False
Joe,White,White,Newcastle,MID,3,498,0,0,0,0,0,0,0,0,0,0,0,0,0,0.0,0.0,0.0,0.0,0,0,0,0,0,0.00,0.00,0.00,0.00,0,False
Alexander,Isak,Isak,Liverpool,FWD,3,499,0,0,0,0,0,0,0,0,0,0,0,0,0,0.0,0.0,0.0,0.0,0,0,0,0,0,0.00,0.00,0.00,0.00,0,False
William,Osula,Osula,Newcastle,FWD,3,500,90,0,0,1,0,0,0,0,0,0,0,0,2,0.0,2.9,7.0,0.8,0,3,1,4,1,0.24,0.00,0.24,0.69,2,False
Sean,Neave,Neave,Newcastle,FWD,3,501,0,0,0,0,0,0,0,0,0,0,0,0,0,0.0,0.0,0.0,0.0,0,0,0,0,0,0.00,0.00,0.00,0.00,0,False
Matz,Sels,Sels,Nott'm Forest,GKP,3,502,90,0,0,0,3,0,0,0,0,0,5,0,9,37.6,0.0,0.0,3.8,1,3,0,0,1,0.00,0.00,0.00,2.42,2,False
Carlos Miguel,dos Santos Pereira,C.Miguel,Nott'm Forest,GKP,3,503,0,0,0,0,0,0,0,0,0,0,0,0,0,0.0,0.0,0.0,0.0,0,0,0,0,0,0.00,0.00,0.00,0.00,0,False
Matt,Turner,Turner,Nott'm Forest,GKP,3,504,0,0,0,0,0,0,0,0,0,0,0,0,0,0.0,0.0,0.0,0.0,0,0,0,0,0,0.00,0.00,0.00,0.00,0,False
Nikola,Milenković,Milenković,Nott'm Forest,DEF,3,505,90,0,0,0,3,0,0,0,0,0,0,0,-1,10.8,2.1,6.0,1.9,4,3,0,4,1,0.05,0.01,0.06,2.42,1,False
Murillo,Costa dos Santos,Murillo,Nott'm Forest,DEF,3,506,90,0,0,0,3,0,0,0,0,0,0,0,3,13.6,5.0,0.0,1.9,4,9,0,4,1,0.00,0.02,0.02,2.42,1,False
Ola,Aina,Aina,Nott'm Forest,DEF,3,507,90,0,0,0,3,0,0,0,0,0,0,0,0,14.2,15.3,9.0,3.9,2,2,2,4,1,0.04,0.27,0.31,2.42,1,False
Neco,Williams,N.Williams,Nott'm Forest,DEF,3,508,90,0,0,0,3,0,0,0,0,0,0,0,2,11.4,3.9,13.0,2.8,2,5,3,5,1,0.03,0.02,0.05,2.42,1,False
David,Mota Veiga Teixeira do Carmo,David Carmo,Nott'm Forest,DEF,3,509,0,0,0,0,0,0,0,0,0,0,0,0,0,0.0,0.0,0.0,0.0,0,0,0,0,0,0.00,0.00,0.00,0.00,0,False
Jair,Paula da Cunha Filho,Jair Cunha,Nott'm Forest,DEF,3,510,0,0,0,0,0,0,0,0,0,0,0,0,0,0.0,0.0,0.0,0.0,0,0,0,0,0,0.00,0.00,0.00,0.00,0,False
Felipe,Rodrigues da Silva,Morato,Nott'm Forest,DEF,3,511,0,0,0,0,0,0,0,0,0,0,0,0,0,0.0,0.0,0.0,0.0,0,0,0,0,0,0.00,0.00,0.00,0.00,0,False
Omar,Richards,O.Richards,Nott'm Forest,DEF,3,512,0,0,0,0,0,0,0,0,0,0,0,0,0,0.0,0.0,0.0,0.0,0,0,0,0,0,0.00,0.00,0.00,0.00,0,False
Zach,Abbott,Abbott,Nott'm Forest,DEF,3,513,0,0,0,0,0,0,0,0,0,0,0,0,0,0.0,0.0,0.0,0.0,0,0,0,0,0,0.00,0.00,0.00,0.00,0,False
Willy,Boly,Boly,Nott'm Forest,DEF,3,514,0,0,0,0,0,0,0,0,0,0,0,0,0,0.0,0.0,0.0,0.0,0,0,0,0,0,0.00,0.00,0.00,0.00,0,False
Morgan,Gibbs-White,Gibbs-White,Nott'm Forest,MID,3,515,90,0,0,0,3,0,0,0,0,0,0,0,13,7.6,11.2,31.0,5.0,0,5,1,6,1,0.15,0.08,0.23,2.42,2,False
Callum,Hudson-Odoi,Hudson-Odoi,Nott'm Forest,MID,3,516,88,0,0,0,2,0,0,0,0,0,0,0,16,11.2,42.3,25.0,7.9,1,2,0,3,1,0.04,0.09,0.13,1.46,2,False
Elliot,Anderson,Anderson,Nott'm Forest,MID,3,517,90,0,0,0,3,0,0,0,0,0,0,0,24,32.8,49.3,10.0,9.2,1,3,7,11,1,0.02,0.13,0.15,2.42,2,False
João Pedro,Ferreira da Silva,Jota,Nott'm Forest,MID,3,518,0,0,0,0,0,0,0,0,0,0,0,0,0,0.0,0.0,0.0,0.0,0,0,0,0,0,0.00,0.00,0.00,0.00,0,False
Nicolás,Domínguez,Dominguez,Nott'm Forest,MID,3,519,0,0,0,0,0,0,0,0,0,0,0,0,0,0.0,0.0,0.0,0.0,0,0,0,0,0,0.00,0.00,0.00,0.00,0,False
Lewis,O'Brien,O'Brien,Nott'm Forest,MID,3,520,0,0,0,0,0,0,0,0,0,0,0,0,0,0.0,0.0,0.0,0.0,0,0,0,0,0,0.00,0.00,0.00,0.00,0,False
Ibrahim,Sangaré,Sangaré,Nott'm Forest,MID,3,521,88,0,0,0,2,0,0,0,0,0,0,0,10,7.6,5.3,0.0,1.3,7,5,2,14,1,0.00,0.04,0.04,1.46,4,False
Ryan,Yates,Yates,Nott'm Forest,MID,3,522,0,0,0,0,0,0,0,0,0,0,0,0,0,0.0,0.0,0.0,0.0,0,0,0,0,0,0.00,0.00,0.00,0.00,0,False
Eric,da Silva Moreira,Da Silva Moreira,Nott'm Forest,MID,3,523,0,0,0,0,0,0,0,0,0,0,0,0,0,0.0,0.0,0.0,0.0,0,0,0,0,0,0.00,0.00,0.00,0.00,0,False
Marko,Stamenić,Stamenic,Nott'm Forest,MID,3,524,0,0,0,0,0,0,0,0,0,0,0,0,0,0.0,0.0,0.0,0.0,0,0,0,0,0,0.00,0.00,0.00,0.00,0,False
Chris,Wood,Wood,Nott'm Forest,FWD,3,525,72,0,0,1,0,0,0,0,0,0,0,0,4,0.0,1.9,25.0,2.6,0,1,0,1,1,0.41,0.00,0.41,0.59,2,False
Igor Jesus,Maciel da Cruz,Igor Jesus,Nott'm Forest,FWD,3,526,17,0,0,0,3,0,0,0,0,0,0,0,4,1.0,0.3,0.0,0.1,0,1,1,2,0,0.00,0.00,0.00,1.83,1,False
Taiwo,Awoniyi,Awoniyi,Nott'm Forest,FWD,3,527,0,0,0,0,0,0,0,0,0,0,0,0,0,0.0,0.0,0.0,0.0,0,0,0,0,0,0.00,0.00,0.00,0.00,0,False
Anthony,Patterson,Patterson,Sunderland,GKP,3,528,0,0,0,0,0,0,0,0,0,0,0,0,0,0.0,0.0,0.0,0.0,0,0,0,0,0,0.00,0.00,0.00,0.00,0,False
Simon,Moore,Moore,Sunderland,GKP,3,529,0,0,0,0,0,0,0,0,0,0,0,0,0,0.0,0.0,0.0,0.0,0,0,0,0,0,0.00,0.00,0.00,0.00,0,False
Blondy,Nna Noukeu,Nna Noukeu,Sunderland,GKP,3,530,0,0,0,0,0,0,0,0,0,0,0,0,0,0.0,0.0,0.0,0.0,0,0,0,0,0,0.00,0.00,0.00,0.00,0,False
Daniel,Ballard,Ballard,Sunderland,DEF,3,531,0,0,0,0,0,0,0,0,0,0,0,0,0,0.0,0.0,0.0,0.0,0,0,0,0,0,0.00,0.00,0.00,0.00,0,False
Trai,Hume,Hume,Sunderland,DEF,3,532,90,0,0,0,1,0,0,0,0,0,0,0,8,17.2,2.1,4.0,2.3,5,2,4,9,1,0.04,0.01,0.05,1.20,2,False
Aji,Alese,Alese,Sunderland,DEF,3,533,0,0,0,0,0,0,0,0,0,0,0,0,0,0.0,0.0,0.0,0.0,0,0,0,0,0,0.00,0.00,0.00,0.00,0,False
Joe,Anderson,Anderson,Sunderland,DEF,3,534,0,0,0,0,0,0,0,0,0,0,0,0,0,0.0,0.0,0.0,0.0,0,0,0,0,0,0.00,0.00,0.00,0.00,0,False
Dennis,Cirkin,Cirkin,Sunderland,DEF,3,535,0,0,0,0,0,0,0,0,0,0,0,0,0,0.0,0.0,0.0,0.0,0,0,0,0,0,0.00,0.00,0.00,0.00,0,False
Leo Fuhr,Hjelde,Hjelde,Sunderland,DEF,3,536,0,0,0,0,0,0,0,0,0,0,0,0,0,0.0,0.0,0.0,0.0,0,0,0,0,0,0.00,0.00,0.00,0.00,0,False
Niall,Huggins,Huggins,Sunderland,DEF,3,537,0,0,0,0,0,0,0,0,0,0,0,0,0,0.0,0.0,0.0,0.0,0,0,0,0,0,0.00,0.00,0.00,0.00,0,False
Zak,Johnson,Johnson,Sunderland,DEF,3,538,0,0,0,0,0,0,0,0,0,0,0,0,0,0.0,0.0,0.0,0.0,0,0,0,0,0,0.00,0.00,0.00,0.00,0,False
Luke,O'Nien,O'Nien,Sunderland,DEF,3,539,0,0,0,0,0,0,0,0,0,0,0,0,0,0.0,0.0,0.0,0.0,0,0,0,0,0,0.00,0.00,0.00,0.00,0,False
Timothée,Pembélé,Pembele,Sunderland,DEF,3,540,0,0,0,0,0,0,0,0,0,0,0,0,0,0.0,0.0,0.0,0.0,0,0,0,0,0,0.00,0.00,0.00,0.00,0,False
Reinildo,Mandava,Reinildo,Sunderland,DEF,3,541,90,0,0,0,1,0,0,0,1,0,0,0,8,9.8,2.9,6.0,1.9,6,3,3,9,1,0.02,0.01,0.03,1.20,1,False
Jenson,Seelt,Seelt,Sunderland,DEF,3,542,0,0,0,0,0,0,0,0,0,0,0,0,0,0.0,0.0,0.0,0.0,0,0,0,0,0,0.00,0.00,0.00,0.00,0,False
Simon,Adingra,Adingra,Sunderland,MID,3,543,25,0,0,0,1,0,0,0,0,0,0,0,4,4.0,10.5,0.0,1.5,0,1,1,2,0,0.00,0.00,0.00,0.24,1,False
Habib,Diarra,Diarra,Sunderland,MID,3,544,86,0,1,0,1,0,0,0,1,0,0,0,11,0.0,5.5,14.0,1.5,1,1,0,2,1,0.25,0.02,0.27,1.20,4,False
Patrick,Roberts,Roberts,Sunderland,MID,3,545,0,0,0,0,0,0,0,0,0,0,0,0,0,0.0,0.0,0.0,0.0,0,0,0,0,0,0.00,0.00,0.00,0.00,0,False
Milan,Aleksić,Aleksić,Sunderland,MID,3,546,0,0,0,0,0,0,0,0,0,0,0,0,0,0.0,0.0,0.0,0.0,0,0,0,0,0,0.00,0.00,0.00,0.00,0,False
Enzo,Le Fée,E.Le Fée,Sunderland,MID,3,547,90,1,0,0,1,0,0,0,0,0,0,2,30,57.2,17.3,17.0,9.2,3,5,6,14,1,0.79,0.03,0.82,1.20,11,True
Romaine,Mundle,Mundle,Sunderland,MID,3,548,0,0,0,0,0,0,0,0,0,0,0,0,0,0.0,0.0,0.0,0.0,0,0,0,0,0,0.00,0.00,0.00,0.00,0,False
Dan,Neil,Neil,Sunderland,MID,3,549,0,0,0,0,0,0,0,0,0,0,0,0,0,0.0,0.0,0.0,0.0,0,0,0,0,0,0.00,0.00,0.00,0.00,0,False
Ian,Poveda-Ocampo,Poveda,Sunderland,MID,3,550,0,0,0,0,0,0,0,0,0,0,0,0,0,0.0,0.0,0.0,0.0,0,0,0,0,0,0.00,0.00,0.00,0.00,0,False
Chris,Rigg,Rigg,Sunderland,MID,3,551,0,0,0,0,0,0,0,0,0,0,0,0,0,0.0,0.0,0.0,0.0,0,0,0,0,0,0.00,0.00,0.00,0.00,0,False
Noah,Sadiki,Sadiki,Sunderland,MID,3,552,90,0,0,0,1,0,0,0,0,0,0,0,12,7.8,28.7,0.0,3.7,0,2,2,4,1,0.00,0.19,0.19,1.20,2,False
Chemsdine,Talbi,Talbi,Sunderland,MID,3,553,64,0,0,1,0,0,0,0,0,0,0,0,7,5.8,8.3,6.0,2.0,2,2,2,6,1,0.08,0.02,0.10,0.96,3,False
Abdoullah,Ba,Ba,Sunderland,MID,3,554,0,0,0,0,0,0,0,0,0,0,0,0,0,0.0,0.0,0.0,0.0,0,0,0,0,0,0.00,0.00,0.00,0.00,0,False
Alan,Browne,Browne,Sunderland,MID,3,555,0,0,0,0,0,0,0,0,0,0,0,0,0,0.0,0.0,0.0,0.0,0,0,0,0,0,0.00,0.00,0.00,0.00,0,False
Pierre,Ekwah Elimby,Ekwah,Sunderland,MID,3,556,0,0,0,0,0,0,0,0,0,0,0,0,0,0.0,0.0,0.0,0.0,0,0,0,0,0,0.00,0.00,0.00,0.00,0,False
Harrison,Jones,H.Jones,Sunderland,MID,3,557,0,0,0,0,0,0,0,0,0,0,0,0,0,0.0,0.0,0.0,0.0,0,0,0,0,0,0.00,0.00,0.00,0.00,0,False
Jay,Matete,Matete,Sunderland,MID,3,558,0,0,0,0,0,0,0,0,0,0,0,0,0,0.0,0.0,0.0,0.0,0,0,0,0,0,0.00,0.00,0.00,0.00,0,False
Nectarios,Triantis,Triantis,Sunderland,MID,3,559,0,0,0,0,0,0,0,0,0,0,0,0,0,0.0,0.0,0.0,0.0,0,0,0,0,0,0.00,0.00,0.00,0.00,0,False
Wilson,Isidor,Isidor,Sunderland,FWD,3,560,25,1,0,0,1,0,0,0,0,0,0,3,32,38.6,0.6,35.0,7.4,0,0,2,2,0,0.24,0.00,0.24,0.24,8,False
Eliezer,Mayenda Dossou,Mayenda,Sunderland,FWD,3,561,64,0,0,1,0,0,0,0,0,0,0,0,3,0.0,1.5,0.0,0.0,0,0,0,0,1,0.00,0.00,0.00,0.96,2,False
Ahmed,Abdullahi,Abdullahi,Sunderland,FWD,3,562,0,0,0,0,0,0,0,0,0,0,0,0,0,0.0,0.0,0.0,0.0,0,0,0,0,0,0.00,0.00,0.00,0.00,0,False
Luís Hemir,Silva Semedo,Luís Hemir,Sunderland,FWD,3,563,0,0,0,0,0,0,0,0,0,0,0,0,0,0.0,0.0,0.0,0.0,0,0,0,0,0,0.00,0.00,0.00,0.00,0,False
Nazarii,Rusyn,Rusyn,Sunderland,FWD,3,564,0,0,0,0,0,0,0,0,0,0,0,0,0,0.0,0.0,0.0,0.0,0,0,0,0,0,0.00,0.00,0.00,0.00,0,False
Guglielmo,Vicario,Vicario,Spurs,GKP,3,565,90,0,0,0,1,0,0,0,0,0,5,0,23,40.0,0.1,0.0,4.0,0,13,0,0,1,0.00,0.00,0.00,1.59,3,False
Brandon,Austin,Austin,Spurs,GKP,3,566,0,0,0,0,0,0,0,0,0,0,0,0,0,0.0,0.0,0.0,0.0,0,0,0,0,0,0.00,0.00,0.00,0.00,0,False
Antonín,Kinský,Kinsky,Spurs,GKP,3,567,0,0,0,0,0,0,0,0,0,0,0,0,0,0.0,0.0,0.0,0.0,0,0,0,0,0,0.00,0.00,0.00,0.00,0,False
Pedro,Porro Sauceda,Pedro Porro,Spurs,DEF,3,568,70,0,0,0,1,0,0,0,0,0,0,0,13,20.6,5.0,2.0,2.8,10,3,2,12,1,0.01,0.02,0.03,1.56,4,False
Cristian,Romero,Romero,Spurs,DEF,3,569,90,0,0,0,1,0,0,0,0,0,0,0,12,21.4,0.8,0.0,2.2,5,5,2,7,1,0.00,0.01,0.01,1.59,2,False
Kevin,Danso,Danso,Spurs,DEF,3,570,0,0,0,0,0,0,0,0,0,0,0,0,0,0.0,0.0,0.0,0.0,0,0,0,0,0,0.00,0.00,0.00,0.00,0,False
Ben,Davies,Davies,Spurs,DEF,3,571,0,0,0,0,0,0,0,0,0,0,0,0,0,0.0,0.0,0.0,0.0,0,0,0,0,0,0.00,0.00,0.00,0.00,0,False
Radu,Drăgușin,Dragusin,Spurs,DEF,3,572,0,0,0,0,0,0,0,0,0,0,0,0,0,0.0,0.0,0.0,0.0,0,0,0,0,0,0.00,0.00,0.00,0.00,0,False
Djed,Spence,Spence,Spurs,DEF,3,573,90,0,0,0,1,0,0,0,1,0,0,0,4,16.2,21.0,0.0,3.7,4,5,0,4,1,0.00,0.02,0.02,1.59,1,False
Destiny,Udogie,Udogie,Spurs,DEF,3,574,19,0,0,0,0,0,0,0,0,0,0,0,5,3.2,2.0,6.0,1.1,1,0,1,2,0,0.02,0.06,0.08,0.03,1,False
Micky,van de Ven,Van de Ven,Spurs,DEF,3,575,90,0,0,0,1,0,0,0,1,0,0,0,8,24.0,2.2,0.0,2.6,9,6,0,9,1,0.00,0.01,0.01,1.59,1,False
Ashley,Phillips,Phillips,Spurs,DEF,3,576,0,0,0,0,0,0,0,0,0,0,0,0,0,0.0,0.0,0.0,0.0,0,0,0,0,0,0.00,0.00,0.00,0.00,0,False
Takai,Kōta,Takai,Spurs,DEF,3,577,0,0,0,0,0,0,0,0,0,0,0,0,0,0.0,0.0,0.0,0.0,0,0,0,0,0,0.00,0.00,0.00,0.00,0,False
Luka,Vušković,Vuskovic,Spurs,DEF,3,578,0,0,0,0,0,0,0,0,0,0,0,0,0,0.0,0.0,0.0,0.0,0,0,0,0,0,0.00,0.00,0.00,0.00,0,False
Son,Heung-min,Son,Spurs,MID,3,579,0,0,0,0,0,0,0,0,0,0,0,0,0,0.0,0.0,0.0,0.0,0,0,0,0,0,0.00,0.00,0.00,0.00,0,False
Brennan,Johnson,Johnson,Spurs,MID,3,580,53,0,0,0,1,0,0,0,0,0,0,0,2,2.8,0.8,2.0,0.6,2,2,0,4,1,0.00,0.01,0.01,1.28,1,False
James,Maddison,Maddison,Spurs,MID,3,581,0,0,0,0,0,0,0,0,0,0,0,0,0,0.0,0.0,0.0,0.0,0,0,0,0,0,0.00,0.00,0.00,0.00,0,False
Mohammed,Kudus,Kudus,Spurs,MID,3,582,90,0,0,0,1,0,0,0,0,0,0,0,6,14.8,20.4,8.0,4.3,0,2,4,6,1,0.00,0.08,0.08,1.59,2,False
Dejan,Kulusevski,Kulusevski,Spurs,MID,3,583,0,0,0,0,0,0,0,0,0,0,0,0,0,0.0,0.0,0.0,0.0,0,0,0,0,0,0.00,0.00,0.00,0.00,0,False
Mathys,Tel,Tel,Spurs,MID,3,584,14,0,0,0,0,0,0,0,0,0,0,0,1,4.6,0.3,1.0,0.6,0,2,3,5,0,0.05,0.00,0.05,0.00,1,False
Rodrigo,Bentancur,Bentancur,Spurs,MID,3,585,90,0,0,0,1,0,0,0,0,0,0,0,18,8.0,5.0,0.0,1.3,0,9,1,10,1,0.00,0.02,0.02,1.59,2,False
Lucas,Bergvall,Bergvall,Spurs,MID,3,586,36,0,0,0,0,0,0,0,0,0,0,0,4,5.2,1.8,19.0,2.6,0,1,1,2,0,0.06,0.01,0.07,0.30,1,False
Yves,Bissouma,Bissouma,Spurs,MID,3,587,0,0,0,0,0,0,0,0,0,0,0,0,0,0.0,0.0,0.0,0.0,0,0,0,0,0,0.00,0.00,0.00,0.00,0,False
Wilson,Odobert,Odobert,Spurs,MID,3,588,36,0,0,0,0,0,0,0,0,0,0,0,3,1.8,2.0,8.0,1.2,1,1,0,2,0,0.05,0.02,0.07,0.30,1,False
Manor,Solomon,Solomon,Spurs,MID,3,589,0,0,0,0,0,0,0,0,0,0,0,0,0,0.0,0.0,0.0,0.0,0,0,0,0,0,0.00,0.00,0.00,0.00,0,False
Bryan,Gil Salvatierra,Bryan,Spurs,MID,3,590,0,0,0,0,0,0,0,0,0,0,0,0,0,0.0,0.0,0.0,0.0,0,0,0,0,0,0.00,0.00,0.00,0.00,0,False
Archie,Gray,Gray,Spurs,MID,3,591,0,0,0,0,0,0,0,0,0,0,0,0,0,0.0,0.0,0.0,0.0,0,0,0,0,0,0.00,0.00,0.00,0.00,0,False
Mikey,Moore,Moore,Spurs,MID,3,592,0,0,0,0,0,0,0,0,0,0,0,0,0,0.0,0.0,0.0,0.0,0,0,0,0,0,0.00,0.00,0.00,0.00,0,False
Pape Matar,Sarr,P.M.Sarr,Spurs,MID,3,593,75,0,0,0,1,0,0,0,0,0,0,0,5,4.2,1.0,2.0,0.7,4,2,0,6,1,0.00,0.00,0.00,1.59,2,False
Yang,Min-hyeok,Min-hyeok,Spurs,MID,3,594,0,0,0,0,0,0,0,0,0,0,0,0,0,0.0,0.0,0.0,0.0,0,0,0,0,0,0.00,0.00,0.00,0.00,0,False
Callum,Olusesi,Olusesi,Spurs,MID,3,595,0,0,0,0,0,0,0,0,0,0,0,0,0,0.0,0.0,0.0,0.0,0,0,0,0,0,0.00,0.00,0.00,0.00,0,False
Dominic,Solanke-Mitchell,Solanke,Spurs,FWD,3,596,0,0,0,0,0,0,0,0,0,0,0,0,0,0.0,0.0,0.0,0.0,0,0,0,0,0,0.00,0.00,0.00,0.00,0,False
Richarlison,de Andrade,Richarlison,Spurs,FWD,3,597,90,0,0,0,1,0,0,0,0,0,0,0,7,12.2,11.8,10.0,3.4,4,0,0,4,1,0.00,0.01,0.01,1.59,2,False
Will,Lankshear,Lankshear,Spurs,FWD,3,598,0,0,0,0,0,0,0,0,0,0,0,0,0,0.0,0.0,0.0,0.0,0,0,0,0,0,0.00,0.00,0.00,0.00,0,False
Dane,Scarlett,Scarlett,Spurs,FWD,3,599,0,0,0,0,0,0,0,0,0,0,0,0,0,0.0,0.0,0.0,0.0,0,0,0,0,0,0.00,0.00,0.00,0.00,0,False
Alphonse,Areola,Areola,West Ham,GKP,3,600,0,0,0,0,0,0,0,0,0,0,0,0,0,0.0,0.0,0.0,0.0,0,0,0,0,0,0.00,0.00,0.00,0.00,0,False
Wes,Foderingham,Foderingham,West Ham,GKP,3,601,0,0,0,0,0,0,0,0,0,0,0,0,0,0.0,0.0,0.0,0.0,0,0,0,0,0,0.00,0.00,0.00,0.00,0,False
Krisztián,Hegyi,Hegyi,West Ham,GKP,3,602,0,0,0,0,0,0,0,0,0,0,0,0,0,0.0,0.0,0.0,0.0,0,0,0,0,0,0.00,0.00,0.00,0.00,0,False
El Hadji Malick,Diouf,Diouf,West Ham,DEF,3,603,90,0,1,1,0,0,0,0,0,0,0,1,33,41.4,15.5,2.0,5.9,9,0,0,9,1,0.00,0.12,0.12,0.73,10,False
Emerson,Palmieri dos Santos,Emerson,West Ham,DEF,3,604,0,0,0,0,0,0,0,0,0,0,0,0,0,0.0,0.0,0.0,0.0,0,0,0,0,0,0.00,0.00,0.00,0.00,0,False
Maximilian,Kilman,Kilman,West Ham,DEF,3,605,90,0,0,1,0,0,0,0,0,0,0,0,29,17.4,0.2,0.0,1.8,7,3,1,8,1,0.00,0.00,0.00,0.73,6,False
Konstantinos,Mavropanos,Mavropanos,West Ham,DEF,3,606,90,0,0,1,0,0,0,0,0,0,0,0,24,10.2,0.4,4.0,1.5,6,1,0,6,1,0.06,0.01,0.07,0.73,6,False
Nayef,Aguerd,N.Aguerd,West Ham,DEF,3,607,0,0,0,0,0,0,0,0,0,0,0,0,0,0.0,0.0,0.0,0.0,0,0,0,0,0,0.00,0.00,0.00,0.00,0,False
Ollie,Scarles,Scarles,West Ham,DEF,3,608,0,0,0,0,0,0,0,0,0,0,0,0,0,0.0,0.0,0.0,0.0,0,0,0,0,0,0.00,0.00,0.00,0.00,0,False
Jean-Clair,Todibo,Todibo,West Ham,DEF,3,609,0,0,0,0,0,0,0,0,0,0,0,0,0,0.0,0.0,0.0,0.0,0,0,0,0,0,0.00,0.00,0.00,0.00,0,False
Aaron,Wan-Bissaka,Wan-Bissaka,West Ham,DEF,3,610,0,0,0,0,0,0,0,0,0,0,0,0,0,0.0,0.0,0.0,0.0,0,0,0,0,0,0.00,0.00,0.00,0.00,0,False
Kaelan,Casey,Casey,West Ham,DEF,3,611,0,0,0,0,0,0,0,0,0,0,0,0,0,0.0,0.0,0.0,0.0,0,0,0,0,0,0.00,0.00,0.00,0.00,0,False
Lucas,Tolentino Coelho de Lima,L.Paquetá,West Ham,MID,3,612,90,1,0,1,0,0,0,0,0,0,0,0,24,62.2,27.4,40.0,13.0,5,8,2,15,1,1.11,0.05,1.16,0.73,10,False
Tomáš,Souček,Souček,West Ham,MID,3,613,90,0,0,1,0,0,0,0,0,0,0,0,14,13.2,0.8,0.0,1.4,5,2,2,9,1,0.00,0.00,0.00,0.73,3,False
James,Ward-Prowse,Ward-Prowse,West Ham,MID,3,614,74,0,0,1,0,0,0,0,0,0,0,0,11,9.4,45.2,0.0,5.5,2,4,0,6,1,0.00,0.11,0.11,0.70,3,False
Crysencio,Summerville,Summerville,West Ham,MID,3,615,8,0,2,0,0,0,0,0,0,0,0,0,24,22.6,10.7,4.0,3.7,1,3,0,4,0,0.00,0.02,0.02,0.04,7,False
Edson,Álvarez Velázquez,Álvarez,West Ham,MID,3,616,0,0,0,0,0,0,0,0,0,0,0,0,0,0.0,0.0,0.0,0.0,0,0,0,0,0,0.00,0.00,0.00,0.00,0,False
Maxwel,Cornet,Cornet,West Ham,MID,3,617,0,0,0,0,0,0,0,0,0,0,0,0,0,0.0,0.0,0.0,0.0,0,0,0,0,0,0.00,0.00,0.00,0.00,0,False
Guido,Rodríguez,G.Rodriguez,West Ham,MID,3,618,0,0,0,0,0,0,0,0,0,0,0,0,0,0.0,0.0,0.0,0.0,0,0,0,0,0,0.00,0.00,0.00,0.00,0,False
Luis Guilherme,Lira dos Santos,L.Guilherme,West Ham,MID,3,619,0,0,0,0,0,0,0,0,0,0,0,0,0,0.0,0.0,0.0,0.0,0,0,0,0,0,0.00,0.00,0.00,0.00,0,False
George,Earthy,Earthy,West Ham,MID,3,620,0,0,0,0,0,0,0,0,0,0,0,0,0,0.0,0.0,0.0,0.0,0,0,0,0,0,0.00,0.00,0.00,0.00,0,False
Andy,Irving,Irving,West Ham,MID,3,621,15,0,0,0,0,0,0,0,0,0,0,0,5,5.4,2.4,0.0,0.8,0,1,2,3,0,0.00,0.00,0.00,0.04,1,False
Lewis,Orford,Orford,West Ham,MID,3,622,0,0,0,0,0,0,0,0,0,0,0,0,0,0.0,0.0,0.0,0.0,0,0,0,0,0,0.00,0.00,0.00,0.00,0,False
Freddie,Potts,Potts,West Ham,MID,3,623,0,0,0,0,0,0,0,0,0,0,0,0,0,0.0,0.0,0.0,0.0,0,0,0,0,0,0.00,0.00,0.00,0.00,0,False
Jarrod,Bowen,Bowen,West Ham,FWD,3,624,90,1,0,1,0,0,0,0,0,0,0,3,46,50.2,33.6,9.0,9.3,2,4,2,8,1,0.07,0.04,0.11,0.73,9,False
Niclas,Füllkrug,Füllkrug,West Ham,FWD,3,625,63,0,0,1,0,0,0,0,0,0,0,0,6,6.0,1.3,31.0,3.8,1,1,1,3,1,0.15,0.00,0.15,0.54,2,False
Callum,Marshall,Marshall,West Ham,FWD,3,626,0,0,0,0,0,0,0,0,0,0,0,0,0,0.0,0.0,0.0,0.0,0,0,0,0,0,0.00,0.00,0.00,0.00,0,False
Sam,Johnstone,Johnstone,Wolves,GKP,3,627,0,0,0,0,0,0,0,0,0,0,0,0,0,0.0,0.0,0.0,0.0,0,0,0,0,0,0.00,0.00,0.00,0.00,0,False
José,Malheiro de Sá,José Sá,Wolves,GKP,3,628,90,0,0,0,3,0,0,0,0,0,1,0,1,11.6,0.0,0.0,1.2,1,12,0,0,1,0.00,0.00,0.00,1.93,1,False
Daniel,Bentley,Bentley,Wolves,GKP,3,629,0,0,0,0,0,0,0,0,0,0,0,0,0,0.0,0.0,0.0,0.0,0,0,0,0,0,0.00,0.00,0.00,0.00,0,False
Tom,King,King,Everton,GKP,3,630,0,0,0,0,0,0,0,0,0,0,0,0,0,0.0,0.0,0.0,0.0,0,0,0,0,0,0.00,0.00,0.00,0.00,0,False
Emmanuel,Agbadou,Agbadou,Wolves,DEF,3,631,90,0,0,0,3,0,0,0,0,0,0,0,4,21.2,11.1,4.0,3.6,6,8,0,6,1,0.13,0.01,0.14,1.93,1,False
Matt,Doherty,Doherty,Wolves,DEF,3,632,0,0,0,0,0,0,0,0,0,0,0,0,0,0.0,0.0,0.0,0.0,0,0,0,0,0,0.00,0.00,0.00,0.00,0,False
Hugo,Bueno López,H.Bueno,Wolves,DEF,3,633,74,0,0,0,3,0,0,0,0,0,0,0,6,22.0,20.5,14.0,5.7,4,4,5,9,1,0.00,0.04,0.04,1.84,1,False
Yerson,Mosquera Valdelamar,Mosquera,Wolves,DEF,3,634,0,0,0,0,0,0,0,0,0,0,0,0,0,0.0,0.0,0.0,0.0,0,0,0,0,0,0.00,0.00,0.00,0.00,0,False
Rodrigo,Martins Gomes,R.Gomes,Wolves,DEF,3,635,27,1,0,0,0,0,0,0,0,0,0,0,16,32.2,1.2,27.0,6.0,1,3,1,2,0,0.37,0.01,0.38,0.18,7,False
Santiago,Ignacio Bueno,S.Bueno,Wolves,DEF,3,636,90,0,0,0,3,0,0,0,0,0,0,0,4,21.8,19.2,2.0,4.3,8,3,2,10,1,0.00,0.05,0.05,1.93,3,False
Toti,Gomes,Toti,Wolves,DEF,3,637,90,0,0,0,3,0,0,0,0,0,0,0,9,27.8,11.8,8.0,4.8,6,6,5,11,1,0.03,0.01,0.04,1.93,3,False
Ki-Jana,Hoever,Hoever,Wolves,DEF,3,638,0,0,0,0,0,0,0,0,0,0,0,0,0,0.0,0.0,0.0,0.0,0,0,0,0,0,0.00,0.00,0.00,0.00,0,False
Bastien,Meupiyou Menadjou,Meupiyou,Wolves,DEF,3,639,0,0,0,0,0,0,0,0,0,0,0,0,0,0.0,0.0,0.0,0.0,0,0,0,0,0,0.00,0.00,0.00,0.00,0,False
Pedro,Cardoso de Lima,Pedro Lima,Wolves,DEF,3,640,0,0,0,0,0,0,0,0,0,0,0,0,0,0.0,0.0,0.0,0.0,0,0,0,0,0,0.00,0.00,0.00,0.00,0,False
Alfie,Pond,Pond,Wolves,DEF,3,641,0,0,0,0,0,0,0,0,0,0,0,0,0,0.0,0.0,0.0,0.0,0,0,0,0,0,0.00,0.00,0.00,0.00,0,False
Hwang,Hee-chan,Hee Chan,Wolves,MID,3,642,75,1,0,0,3,0,0,0,0,0,0,0,27,35.2,0.7,17.0,5.3,2,0,0,2,1,0.42,0.00,0.42,1.84,7,False
André,Trindade da Costa Neto,André,Wolves,MID,3,643,63,0,0,0,3,0,0,0,0,0,0,0,10,0.0,3.2,0.0,0.3,1,7,1,9,1,0.00,0.01,0.01,1.75,2,False
Jean-Ricner,Bellegarde,Bellegarde,Wolves,MID,3,644,26,0,0,0,0,0,0,0,0,0,0,0,5,5.4,14.8,9.0,2.9,0,1,0,1,0,0.05,0.09,0.14,0.18,1,False
Fer,López González,Fer López,Wolves,MID,3,645,26,0,0,0,0,0,0,0,0,0,0,0,0,0.0,9.7,2.0,1.1,0,1,0,1,0,0.03,0.01,0.04,0.18,1,False
João Victor,Gomes da Silva,Gomes,Wolves,MID,3,646,90,0,0,0,3,0,0,0,0,0,0,0,15,5.6,15.2,1.0,2.2,0,5,0,5,1,0.01,0.03,0.04,1.93,2,False
Gonçalo Manuel,Ganchinho Guedes,Guedes,Wolves,MID,3,647,0,0,0,0,0,0,0,0,0,0,0,0,0,0.0,0.0,0.0,0.0,0,0,0,0,0,0.00,0.00,0.00,0.00,0,False
Marshall,Munetsi,Munetsi,Wolves,MID,3,648,90,0,1,0,3,0,0,0,0,0,0,0,16,23.4,25.5,7.0,5.6,0,0,2,2,1,0.03,0.06,0.09,1.93,5,False
Boubacar,Traoré,B.Traore,Wolves,MID,3,649,0,0,0,0,0,0,0,0,0,0,0,0,0,0.0,0.0,0.0,0.0,0,0,0,0,0,0.00,0.00,0.00,0.00,0,False
Tawanda,Chirewa,Chirewa,Wolves,MID,3,650,0,0,0,0,0,0,0,0,0,0,0,0,0,0.0,0.0,0.0,0.0,0,0,0,0,0,0.00,0.00,0.00,0.00,0,False
Tom,Edozie,Edozie,Wolves,MID,3,651,0,0,0,0,0,0,0,0,0,0,0,0,0,0.0,0.0,0.0,0.0,0,0,0,0,0,0.00,0.00,0.00,0.00,0,False
Enso,González Medina,Gonzalez,Wolves,MID,3,652,0,0,0,0,0,0,0,0,0,0,0,0,0,0.0,0.0,0.0,0.0,0,0,0,0,0,0.00,0.00,0.00,0.00,0,False
Joe,Hodge,Hodge,Wolves,MID,3,653,0,0,0,0,0,0,0,0,0,0,0,0,0,0.0,0.0,0.0,0.0,0,0,0,0,0,0.00,0.00,0.00,0.00,0,False
Jørgen,Strand Larsen,Strand Larsen,Wolves,FWD,3,654,0,0,0,0,0,0,0,0,0,0,0,0,0,0.0,0.0,0.0,0.0,0,0,0,0,0,0.00,0.00,0.00,0.00,0,False
Fábio,Soares Silva,Fábio Silva,Wolves,FWD,3,655,0,0,0,0,0,0,0,0,0,0,0,0,0,0.0,0.0,0.0,0.0,0,0,0,0,0,0.00,0.00,0.00,0.00,0,False
Saša,Kalajdžić,Kalajdžić,Wolves,FWD,3,656,14,0,0,0,0,0,0,0,0,0,0,0,1,1.0,4.3,2.0,0.7,1,1,0,2,0,0.00,0.01,0.01,0.10,1,False
Leon,Chiwome,Chiwome,Wolves,FWD,3,657,0,0,0,0,0,0,0,0,0,0,0,0,0,0.0,0.0,0.0,0.0,0,0,0,0,0,0.00,0.00,0.00,0.00,0,False
Nathan,Fraser,Fraser,Wolves,FWD,3,658,0,0,0,0,0,0,0,0,0,0,0,0,0,0.0,0.0,0.0,0.0,0,0,0,0,0,0.00,0.00,0.00,0.00,0,False
Kyle,Walker-Peters,Walker-Peters,West Ham,DEF,3,659,90,0,0,1,0,0,0,0,0,0,0,0,30,13.8,1.5,0.0,1.5,3,4,3,6,1,0.00,0.01,0.01,0.73,6,False
Anton,Stach,Stach,Leeds,MID,3,660,90,0,0,1,0,0,0,0,0,0,0,0,9,10.2,37.4,11.0,5.9,2,2,2,6,1,0.18,0.02,0.20,0.46,3,False
Hugo,Ekitiké,Ekitiké,Liverpool,FWD,3,661,78,0,0,1,0,0,0,0,0,0,0,0,3,0.2,0.3,2.0,0.3,0,1,1,2,1,0.00,0.00,0.00,0.40,2,False
Cristhian,Mosquera,Mosquera,Arsenal,DEF,3,662,85,0,0,0,1,0,0,0,0,0,0,0,14,25.2,0.8,2.0,2.8,5,3,4,9,0,0.00,0.00,0.00,0.52,2,False
Jhon,Arias,J.Arias,Wolves,MID,3,663,63,0,0,0,3,0,0,0,0,0,0,0,13,15.6,5.0,13.0,3.4,0,1,6,7,1,0.04,0.02,0.06,1.75,2,False
Benjamin,Lecomte,Lecomte,Fulham,GKP,3,664,0,0,0,0,0,0,0,0,0,0,0,0,0,0.0,0.0,0.0,0.0,0,0,0,0,0,0.00,0.00,0.00,0.00,0,False
Lucas Estella,Perri,Perri,Leeds,GKP,3,665,90,0,0,1,0,0,0,0,0,0,2,0,25,15.2,0.0,0.0,1.5,1,8,0,0,1,0.00,0.00,0.00,0.46,6,False
Viktor,Gyökeres,Gyökeres,Arsenal,FWD,3,666,90,0,0,0,1,0,0,0,1,0,0,0,8,7.0,26.0,4.0,3.7,1,1,0,2,1,0.00,0.16,0.16,0.52,1,False
Adam,Aznou,Aznou,Everton,DEF,3,667,0,0,0,0,0,0,0,0,0,0,0,0,0,0.0,0.0,0.0,0.0,0,0,0,0,0,0.00,0.00,0.00,0.00,0,False
Granit,Xhaka,Xhaka,Sunderland,MID,3,668,90,0,1,0,1,0,0,0,1,0,0,0,28,34.6,16.7,0.0,5.1,6,4,1,11,1,0.00,0.10,0.10,1.20,4,False
Dan,Ndoye,Ndoye,Nott'm Forest,MID,3,669,57,0,0,0,0,0,0,0,0,0,0,0,5,2.6,2.3,4.0,0.9,0,4,2,6,1,0.00,0.00,0.00,0.47,1,False
Robin,Roefs,Roefs,Sunderland,GKP,3,670,90,0,0,0,1,0,1,0,0,0,3,0,23,47.4,0.0,0.0,4.7,0,9,0,0,1,0.00,0.00,0.00,1.20,8,False
Callum,Wilson,Wilson,West Ham,FWD,3,671,26,1,0,0,0,0,0,0,0,0,0,2,35,44.0,0.1,62.0,10.6,0,0,0,0,0,1.04,0.00,1.04,0.19,7,False
Jorrel,Hato,Hato,Chelsea,DEF,3,672,0,0,0,0,0,0,0,0,0,0,0,0,0,0.0,0.0,0.0,0.0,0,0,0,0,0,0.00,0.00,0.00,0.00,0,False
João Maria,Lobo Alves Palhares Costa Palhinha Gonçalves,J.Palhinha,Spurs,MID,3,673,53,0,0,0,1,0,0,0,0,0,0,0,6,6.8,3.2,2.0,1.2,2,2,2,6,1,0.00,0.01,0.01,1.28,1,False
Aaron,Ramsdale,Ramsdale,Newcastle,GKP,3,674,0,0,0,0,0,0,0,0,0,0,0,0,0,0.0,0.0,0.0,0.0,0,0,0,0,0,0.00,0.00,0.00,0.00,0,False
Angus,Gunn,Gunn,Nott'm Forest,GKP,3,675,0,0,0,0,0,0,0,0,0,0,0,0,0,0.0,0.0,0.0,0.0,0,0,0,0,0,0.00,0.00,0.00,0.00,0,False
Lesley,Ugochukwu,Ugochukwu,Burnley,MID,3,676,75,0,0,0,2,0,0,0,0,0,0,0,8,8.6,1.7,2.0,1.2,2,4,4,10,1,0.00,0.00,0.00,2.50,2,False
Evann,Guessand,Guessand,Aston Villa,MID,3,677,45,0,0,0,1,0,0,0,0,0,0,0,3,4.2,2.2,17.0,2.3,0,3,1,4,1,0.07,0.00,0.07,1.72,1,False
Arthur,Masuaku,Masuaku,Sunderland,DEF,3,678,0,0,0,0,0,0,0,0,0,0,0,0,0,0.0,0.0,0.0,0.0,0,0,0,0,0,0.00,0.00,0.00,0.00,0,False
Mads,Hermansen,Hermansen,West Ham,GKP,3,679,90,0,0,1,0,0,0,0,0,0,3,0,30,27.8,0.0,0.0,2.8,1,11,0,0,1,0.00,0.00,0.00,0.73,7,False
Armando,Broja,Broja,Burnley,FWD,3,680,0,0,0,0,0,0,0,0,0,0,0,0,0,0.0,0.0,0.0,0.0,0,0,0,0,0,0.00,0.00,0.00,0.00,0,False
Benjamin,Sesko,Šeško,Man Utd,FWD,3,681,18,0,0,0,0,0,0,0,0,0,0,0,-2,0.0,1.1,8.0,0.3,0,0,0,0,0,0.27,0.00,0.27,0.00,1,False
David,Møller Wolfe,Møller Wolfe,Wolves,DEF,3,682,15,0,1,0,0,0,0,0,0,0,0,0,17,21.2,15.0,0.0,3.6,1,0,0,1,0,0.00,0.12,0.12,0.10,4,False
Omar,Alderete,Alderete,Sunderland,DEF,3,683,90,0,0,0,1,0,0,0,0,0,0,0,11,20.0,1.2,7.0,2.8,9,4,2,11,1,0.05,0.01,0.06,1.20,4,False
Malick,Thiaw,Thiaw,Newcastle,DEF,3,684,0,0,0,0,0,0,0,0,0,0,0,0,0,0.0,0.0,0.0,0.0,0,0,0,0,0,0.00,0.00,0.00,0.00,0,False
Bafodé,Diakité,Diakité,Bournemouth,DEF,3,685,90,0,0,1,0,0,0,0,0,0,0,0,22,15.4,10.9,2.0,2.8,7,3,0,7,1,0.00,0.01,0.01,0.19,6,False
Rio,Ngumoha,Ngumoha,Liverpool,MID,3,686,0,0,0,0,0,0,0,0,0,0,0,0,0,0.0,0.0,0.0,0.0,0,0,0,0,0,0.00,0.00,0.00,0.00,0,False
Remy,Rees-Dottin,Rees-Dottin,Bournemouth,MID,3,687,0,0,0,0,0,0,0,0,0,0,0,0,0,0.0,0.0,0.0,0.0,0,0,0,0,0,0.00,0.00,0.00,0.00,0,False
James,Wright,Wright,Aston Villa,GKP,3,688,0,0,0,0,0,0,0,0,0,0,0,0,0,0.0,0.0,0.0,0.0,0,0,0,0,0,0.00,0.00,0.00,0.00,0,False
Seung-Soo,Park,Seung soo,Newcastle,MID,3,689,0,0,0,0,0,0,0,0,0,0,0,0,0,0.0,0.0,0.0,0.0,0,0,0,0,0,0.00,0.00,0.00,0.00,0,False
Rio,Cardines,Cardines,Crystal Palace,MID,3,690,0,0,0,0,0,0,0,0,0,0,0,0,0,0.0,0.0,0.0,0.0,0,0,0,0,0,0.00,0.00,0.00,0.00,0,False
Dominic,Calvert-Lewin,Calvert-Lewin,Leeds,FWD,3,691,20,0,0,0,0,0,0,0,0,0,0,0,3,1.2,0.5,20.0,2.2,0,2,0,2,0,0.07,0.00,0.07,0.07,1,False
Giovanni,Leoni,Leoni,Liverpool,DEF,3,692,0,0,0,0,0,0,0,0,0,0,0,0,0,0.0,0.0,0.0,0.0,0,0,0,0,0,0.00,0.00,0.00,0.00,0,False
Omari,Hutchinson,Hutchinson,Nott'm Forest,MID,3,693,1,0,0,0,1,0,0,0,0,0,0,0,3,0.2,0.3,0.0,0.1,0,1,0,1,0,0.00,0.00,0.00,0.96,1,False
Nordi,Mukiele,Mukiele,Sunderland,DEF,3,694,90,0,0,0,1,0,0,0,0,0,0,0,18,26.4,0.6,6.0,3.3,9,1,5,14,1,0.07,0.00,0.07,1.20,4,False
Jackson,Tchatchoua,Tchatchoua,Wolves,DEF,3,695,62,0,0,0,3,0,0,0,0,0,0,0,-5,11.0,6.3,2.0,1.9,2,2,1,3,1,0.00,0.01,0.01,1.75,1,False
Arnaud,Kalimuendo,Kalimuendo,Nott'm Forest,FWD,3,696,1,0,0,0,1,0,0,0,0,0,0,0,3,0.4,0.5,0.0,0.1,0,1,0,1,0,0.00,0.00,0.00,0.96,1,False
Amine,Adli,Adli,Bournemouth,MID,3,697,26,0,0,0,0,0,0,0,0,0,0,0,7,12.8,10.5,0.0,2.3,2,5,4,11,0,0.00,0.01,0.01,0.18,1,False
Noah,Okafor,Okafor,Leeds,MID,3,698,0,0,0,0,0,0,0,0,0,0,0,0,0,0.0,0.0,0.0,0.0,0,0,0,0,0,0.00,0.00,0.00,0.00,0,False
Douglas Luiz,Soares de Paulo,Douglas Luiz,Nott'm Forest,MID,3,699,0,0,0,0,0,0,0,0,0,0,0,0,0,0.0,0.0,0.0,0.0,0,0,0,0,0,0.00,0.00,0.00,0.00,0,False
Max,Dowman,Dowman,Arsenal,MID,3,700,1,0,0,0,0,0,0,0,0,0,0,0,0,0.0,0.3,11.0,1.1,0,0,0,0,0,0.06,0.00,0.06,0.12,1,False
Triston,Rowe,Rowe,Aston Villa,DEF,3,701,0,0,0,0,0,0,0,0,0,0,0,0,0,0.0,0.0,0.0,0.0,0,0,0,0,0,0.00,0.00,0.00,0.00,0,False
Bradley,Burrowes,Burrowes,Aston Villa,MID,3,702,16,0,0,0,1,0,0,0,0,0,0,0,3,0.0,0.3,0.0,0.0,0,1,0,1,0,0.00,0.00,0.00,0.90,1,False
Sam,Proctor,Proctor,Aston Villa,GKP,3,703,0,0,0,0,0,0,0,0,0,0,0,0,0,0.0,0.0,0.0,0.0,0,0,0,0,0,0.00,0.00,0.00,0.00,0,False
Tyler,Onyango,Onyango,Everton,MID,3,704,0,0,0,0,0,0,0,0,0,0,0,0,0,0.0,0.0,0.0,0.0,0,0,0,0,0,0.00,0.00,0.00,0.00,0,False
Elijah,Campbell,Campbell,Everton,DEF,3,705,0,0,0,0,0,0,0,0,0,0,0,0,0,0.0,0.0,0.0,0.0,0,0,0,0,0,0.00,0.00,0.00,0.00,0,False
James,Justin,Justin,Leeds,DEF,3,706,10,0,0,0,0,0,0,0,0,0,0,0,3,0.0,0.0,0.0,0.0,0,0,0,0,0,0.00,0.00,0.00,0.03,1,False
Tyler,Dibling,Dibling,Everton,MID,3,707,0,0,0,0,0,0,0,0,0,0,0,0,0,0.0,0.0,0.0,0.0,0,0,0,0,0,0.00,0.00,0.00,0.00,0,False
Mateus Gonçalo,Espanha Fernandes,M.Fernandes,West Ham,MID,3,708,81,0,0,1,0,0,0,0,0,0,0,0,15,11.0,26.4,4.0,4.1,1,7,3,11,1,0.00,0.10,0.10,0.70,3,False
Ladislav,Krejcí,Krejčí,Wolves,DEF,3,709,0,0,0,0,0,0,0,0,0,0,0,0,0,0.0,0.0,0.0,0.0,0,0,0,0,0,0.00,0.00,0.00,0.00,0,False
Travis,Patterson,Patterson,Aston Villa,DEF,3,710,0,0,0,0,0,0,0,0,0,0,0,0,0,0.0,0.0,0.0,0.0,0,0,0,0,0,0.00,0.00,0.00,0.00,0,False
Andre,Harriman-Annous,Harriman-Annous,Arsenal,MID,3,711,0,0,0,0,0,0,0,0,0,0,0,0,0,0.0,0.0,0.0,0.0,0,0,0,0,0,0.00,0.00,0.00,0.00,0,False
Yéremy,Pino Santos,Yeremy,Crystal Palace,MID,3,712,19,0,0,0,0,0,0,0,0,0,0,0,10,3.6,11.6,2.0,1.7,0,3,1,4,0,0.02,0.01,0.03,0.28,1,False
David,Raya Martín,Raya,Arsenal,GKP,4,1,90,0,0,1,0,0,0,0,0,0,1,0,24,12.8,0.0,0.0,1.3,0,9,0,0,1,0.00,0.00,0.00,0.20,6,False
Kepa,Arrizabalaga Revuelta,Arrizabalaga,Arsenal,GKP,4,2,0,0,0,0,0,0,0,0,0,0,0,0,0,0.0,0.0,0.0,0.0,0,0,0,0,0,0.00,0.00,0.00,0.00,0,False
Karl,Hein,Hein,Arsenal,GKP,4,3,0,0,0,0,0,0,0,0,0,0,0,0,0,0.0,0.0,0.0,0.0,0,0,0,0,0,0.00,0.00,0.00,0.00,0,False
Tommy,Setford,Setford,Arsenal,GKP,4,4,0,0,0,0,0,0,0,0,0,0,0,0,0,0.0,0.0,0.0,0.0,0,0,0,0,0,0.00,0.00,0.00,0.00,0,False
Gabriel,dos Santos Magalhães,Gabriel,Arsenal,DEF,4,5,90,0,0,1,0,0,0,0,0,0,0,1,32,28.0,1.3,9.0,3.8,8,3,2,10,1,0.20,0.01,0.21,0.20,9,False
William,Saliba,Saliba,Arsenal,DEF,4,6,0,0,0,0,0,0,0,0,0,0,0,0,0,0.0,0.0,0.0,0.0,0,0,0,0,0,0.00,0.00,0.00,0.00,0,False
Riccardo,Calafiori,Calafiori,Arsenal,DEF,4,7,67,0,0,1,0,0,0,0,1,0,0,0,16,5.4,12.6,2.0,2.0,1,1,2,3,1,0.00,0.01,0.01,0.10,5,False
Jurriën,Timber,J.Timber,Arsenal,DEF,4,8,90,0,0,1,0,0,0,0,0,0,0,2,37,19.8,13.0,35.0,6.8,4,2,2,6,1,0.30,0.02,0.32,0.20,8,False
Jakub,Kiwior,Kiwior,Arsenal,DEF,4,9,0,0,0,0,0,0,0,0,0,0,0,0,0,0.0,0.0,0.0,0.0,0,0,0,0,0,0.00,0.00,0.00,0.00,0,False
Myles,Lewis-Skelly,Lewis-Skelly,Arsenal,DEF,4,10,22,0,0,0,0,0,0,0,0,0,0,0,3,0.0,2.0,0.0,0.1,0,2,0,0,0,0.00,0.00,0.00,0.10,1,False
Benjamin,White,White,Arsenal,DEF,4,11,0,0,0,0,0,0,0,0,0,0,0,0,0,0.0,0.0,0.0,0.0,0,0,0,0,0,0.00,0.00,0.00,0.00,0,False
Oleksandr,Zinchenko,Zinchenko,Nott'm Forest,DEF,4,12,0,0,0,0,0,0,0,0,0,0,0,0,0,0.0,0.0,0.0,0.0,0,0,0,0,0,0.00,0.00,0.00,0.00,0,False
Brayden,Clarke,Clarke,Arsenal,DEF,4,13,0,0,0,0,0,0,0,0,0,0,0,0,0,0.0,0.0,0.0,0.0,0,0,0,0,0,0.00,0.00,0.00,0.00,0,False
Maldini,Kacurri,Kacurri,Arsenal,DEF,4,14,0,0,0,0,0,0,0,0,0,0,0,0,0,0.0,0.0,0.0,0.0,0,0,0,0,0,0.00,0.00,0.00,0.00,0,False
Josh,Nichols,Nichols,Arsenal,DEF,4,15,0,0,0,0,0,0,0,0,0,0,0,0,0,0.0,0.0,0.0,0.0,0,0,0,0,0,0.00,0.00,0.00,0.00,0,False
Bukayo,Saka,Saka,Arsenal,MID,4,16,0,0,0,0,0,0,0,0,0,0,0,0,0,0.0,0.0,0.0,0.0,0,0,0,0,0,0.00,0.00,0.00,0.00,0,False
Martin,Ødegaard,Ødegaard,Arsenal,MID,4,17,17,0,0,0,0,0,0,0,0,0,0,0,3,0.0,5.2,0.0,0.5,0,0,0,0,1,0.00,0.00,0.00,0.00,1,False
Noni,Madueke,Madueke,Arsenal,MID,4,18,78,0,0,1,0,0,0,0,0,0,0,0,24,22.6,70.8,26.0,11.9,1,3,3,7,1,0.00,0.71,0.71,0.10,3,False
Gabriel,Martinelli Silva,Martinelli,Arsenal,MID,4,19,12,0,0,0,0,0,0,0,0,0,0,0,4,2.0,4.3,0.0,0.6,0,1,0,1,0,0.00,0.00,0.00,0.10,1,False
Leandro,Trossard,Trossard,Arsenal,MID,4,20,11,0,1,0,0,0,0,0,0,0,0,0,12,17.2,10.5,4.0,3.2,0,0,0,0,0,0.00,0.26,0.26,0.10,4,False
Declan,Rice,Rice,Arsenal,MID,4,21,22,0,0,0,0,0,0,0,0,0,0,0,1,3.4,1.3,2.0,0.7,0,2,1,3,0,0.00,0.03,0.03,0.10,1,False
Mikel,Merino Zazón,Merino,Arsenal,MID,4,22,90,0,0,1,0,0,0,0,0,0,0,0,15,13.2,20.3,33.0,6.7,2,8,0,10,1,0.13,0.07,0.20,0.20,3,False
Fábio,Ferreira Vieira,Fábio Vieira,Arsenal,MID,4,23,0,0,0,0,0,0,0,0,0,0,0,0,0,0.0,0.0,0.0,0.0,0,0,0,0,0,0.00,0.00,0.00,0.00,0,False
Christian,Nørgaard,Nørgaard,Arsenal,MID,4,24,0,0,0,0,0,0,0,0,0,0,0,0,0,0.0,0.0,0.0,0.0,0,0,0,0,0,0.00,0.00,0.00,0.00,0,False
Ethan,Nwaneri,Nwaneri,Arsenal,MID,4,25,72,0,0,1,0,0,0,0,0,0,0,0,8,2.4,18.7,15.0,3.6,1,3,0,4,0,0.15,0.03,0.18,0.20,3,False
Martín,Zubimendi Ibáñez,Zubimendi,Arsenal,MID,4,26,90,2,0,1,0,0,0,0,0,0,0,3,52,68.6,14.5,25.0,10.8,1,1,0,2,1,0.16,0.03,0.19,0.20,16,True
Reiss,Nelson,Nelson,Brentford,MID,4,27,0,0,0,0,0,0,0,0,0,0,0,0,0,0.0,0.0,0.0,0.0,0,0,0,0,0,0.00,0.00,0.00,0.00,0,False
Ismeal,Kabia,Kabia,Arsenal,MID,4,28,0,0,0,0,0,0,0,0,0,0,0,0,0,0.0,0.0,0.0,0.0,0,0,0,0,0,0.00,0.00,0.00,0.00,0,False
Albert,Sambi Lokonga,Sambi,Arsenal,MID,4,29,0,0,0,0,0,0,0,0,0,0,0,0,0,0.0,0.0,0.0,0.0,0,0,0,0,0,0.00,0.00,0.00,0.00,0,False
Kai,Havertz,Havertz,Arsenal,FWD,4,30,0,0,0,0,0,0,0,0,0,0,0,0,0,0.0,0.0,0.0,0.0,0,0,0,0,0,0.00,0.00,0.00,0.00,0,False
Gabriel,Fernando de Jesus,G.Jesus,Arsenal,FWD,4,31,0,0,0,0,0,0,0,0,0,0,0,0,0,0.0,0.0,0.0,0.0,0,0,0,0,0,0.00,0.00,0.00,0.00,0,False
Emiliano,Martínez Romero,Martinez,Aston Villa,GKP,4,32,90,0,0,1,0,0,0,0,0,0,2,0,27,20.2,0.0,0.0,2.0,2,3,0,0,1,0.00,0.00,0.00,2.08,6,False
Marco,Bizot,M.Bizot,Aston Villa,GKP,4,33,0,0,0,0,0,0,0,0,0,0,0,0,0,0.0,0.0,0.0,0.0,0,0,0,0,0,0.00,0.00,0.00,0.00,0,False
Joe,Gauci,Gauci,Aston Villa,GKP,4,34,0,0,0,0,0,0,0,0,0,0,0,0,0,0.0,0.0,0.0,0.0,0,0,0,0,0,0.00,0.00,0.00,0.00,0,False
Filip,Marschall,Marschall,Aston Villa,GKP,4,35,0,0,0,0,0,0,0,0,0,0,0,0,0,0.0,0.0,0.0,0.0,0,0,0,0,0,0.00,0.00,0.00,0.00,0,False
Matty,Cash,Cash,Aston Villa,DEF,4,36,90,0,0,1,0,0,0,0,1,0,0,0,13,13.2,16.6,2.0,3.2,1,0,3,4,1,0.00,0.14,0.14,2.08,5,False
Lucas,Digne,Digne,Aston Villa,DEF,4,37,90,0,0,1,0,0,0,0,1,0,0,0,18,7.4,6.8,9.0,2.3,3,6,1,4,1,0.08,0.01,0.09,2.08,5,False
Ezri,Konsa Ngoyo,Konsa,Aston Villa,DEF,4,38,90,0,0,1,0,0,0,0,0,0,0,0,28,15.4,1.0,0.0,1.6,3,2,1,4,1,0.00,0.01,0.01,2.08,6,False
Ian,Maatsen,Maatsen,Aston Villa,DEF,4,39,0,0,0,0,0,0,0,0,0,0,0,0,0,0.0,0.0,0.0,0.0,0,0,0,0,0,0.00,0.00,0.00,0.00,0,False
Tyrone,Mings,Mings,Aston Villa,DEF,4,40,90,0,0,1,0,0,0,0,0,0,0,1,30,36.0,1.3,8.0,4.5,12,3,1,13,1,0.22,0.01,0.23,2.08,9,False
Pau,Torres,Pau,Aston Villa,DEF,4,41,0,0,0,0,0,0,0,0,0,0,0,0,0,0.0,0.0,0.0,0.0,0,0,0,0,0,0.00,0.00,0.00,0.00,0,False
Andrés,García,A.García,Aston Villa,DEF,4,42,0,0,0,0,0,0,0,0,0,0,0,0,0,0.0,0.0,0.0,0.0,0,0,0,0,0,0.00,0.00,0.00,0.00,0,False
Álex,Moreno Lopera,Alex Moreno,Aston Villa,DEF,4,43,0,0,0,0,0,0,0,0,0,0,0,0,0,0.0,0.0,0.0,0.0,0,0,0,0,0,0.00,0.00,0.00,0.00,0,False
Lamare,Bogarde,Bogarde,Aston Villa,DEF,4,44,82,0,0,1,0,0,0,0,0,0,0,3,35,13.0,2.0,0.0,1.5,4,3,3,7,1,0.00,0.02,0.02,1.60,9,False
Lino,da Cruz Sousa,Sousa,Aston Villa,DEF,4,45,0,0,0,0,0,0,0,0,0,0,0,0,0,0.0,0.0,0.0,0.0,0,0,0,0,0,0.00,0.00,0.00,0.00,0,False
Yasin,Özcan,Yasin,Aston Villa,DEF,4,46,0,0,0,0,0,0,0,0,0,0,0,0,0,0.0,0.0,0.0,0.0,0,0,0,0,0,0.00,0.00,0.00,0.00,0,False
Morgan,Rogers,Rogers,Aston Villa,MID,4,47,90,0,0,1,0,0,0,0,0,0,0,0,4,6.4,4.0,7.0,1.7,2,4,0,6,1,0.08,0.02,0.10,2.08,3,False
Youri,Tielemans,Tielemans,Aston Villa,MID,4,48,45,0,0,0,0,0,0,0,0,0,0,0,10,3.4,2.3,0.0,0.6,0,3,1,4,1,0.00,0.02,0.02,1.17,1,False
Leon,Bailey,Bailey,Aston Villa,MID,4,49,0,0,0,0,0,0,0,0,0,0,0,0,0,0.0,0.0,0.0,0.0,0,0,0,0,0,0.00,0.00,0.00,0.00,0,False
Emiliano,Buendía Stati,Buendía,Aston Villa,MID,4,50,70,0,0,1,0,0,0,0,1,0,0,0,6,8.6,13.2,13.0,3.5,1,5,2,8,1,0.16,0.06,0.22,1.53,2,False
Samuel,Iling-Junior,Iling Jr,Aston Villa,MID,4,51,0,0,0,0,0,0,0,0,0,0,0,0,0,0.0,0.0,0.0,0.0,0,0,0,0,0,0.00,0.00,0.00,0.00,0,False
Jacob,Ramsey,J.Ramsey,Newcastle,MID,4,52,0,0,0,0,0,0,0,0,0,0,0,0,0,0.0,0.0,0.0,0.0,0,0,0,0,0,0.00,0.00,0.00,0.00,0,False
Donyell,Malen,Malen,Aston Villa,MID,4,53,7,0,0,0,0,0,0,0,0,0,0,0,2,1.0,0.3,0.0,0.1,0,0,0,0,0,0.00,0.00,0.00,0.48,1,False
John,McGinn,McGinn,Aston Villa,MID,4,54,90,0,0,1,0,0,0,0,0,0,0,0,12,10.4,13.4,0.0,2.4,3,5,0,8,1,0.00,0.03,0.03,2.08,3,False
Ross,Barkley,Barkley,Aston Villa,MID,4,55,0,0,0,0,0,0,0,0,0,0,0,0,0,0.0,0.0,0.0,0.0,0,0,0,0,0,0.00,0.00,0.00,0.00,0,False
Enzo,Barrenechea,Barrenechea,Aston Villa,MID,4,56,0,0,0,0,0,0,0,0,0,0,0,0,0,0.0,0.0,0.0,0.0,0,0,0,0,0,0.00,0.00,0.00,0.00,0,False
Lewis,Dobbin,Dobbin,Aston Villa,MID,4,57,0,0,0,0,0,0,0,0,0,0,0,0,0,0.0,0.0,0.0,0.0,0,0,0,0,0,0.00,0.00,0.00,0.00,0,False
Boubacar,Kamara,Kamara,Aston Villa,MID,4,58,0,0,0,0,0,0,0,0,0,0,0,0,0,0.0,0.0,0.0,0.0,0,0,0,0,0,0.00,0.00,0.00,0.00,0,False
Amadou,Onana,Onana,Aston Villa,MID,4,59,0,0,0,0,0,0,0,0,0,0,0,0,0,0.0,0.0,0.0,0.0,0,0,0,0,0,0.00,0.00,0.00,0.00,0,False
Ben,Broggio,Broggio,Aston Villa,MID,4,60,0,0,0,0,0,0,0,0,0,0,0,0,0,0.0,0.0,0.0,0.0,0,0,0,0,0,0.00,0.00,0.00,0.00,0,False
Leander,Dendoncker,Dendoncker,Aston Villa,MID,4,61,0,0,0,0,0,0,0,0,0,0,0,0,0,0.0,0.0,0.0,0.0,0,0,0,0,0,0.00,0.00,0.00,0.00,0,False
Jamaldeen,Jimoh-Aloba,Jimoh-Aloba,Aston Villa,MID,4,62,0,0,0,0,0,0,0,0,0,0,0,0,0,0.0,0.0,0.0,0.0,0,0,0,0,0,0.00,0.00,0.00,0.00,0,False
Kadan,Young,Young,Aston Villa,MID,4,63,0,0,0,0,0,0,0,0,0,0,0,0,0,0.0,0.0,0.0,0.0,0,0,0,0,0,0.00,0.00,0.00,0.00,0,False
Ollie,Watkins,Watkins,Aston Villa,FWD,4,64,82,0,0,1,0,0,0,0,0,0,0,0,6,2.0,17.3,2.0,2.1,0,2,0,2,1,0.00,0.04,0.04,1.60,2,False
Zépiqueno,Redmond,Redmond,Aston Villa,FWD,4,65,0,0,0,0,0,0,0,0,0,0,0,0,0,0.0,0.0,0.0,0.0,0,0,0,0,0,0.00,0.00,0.00,0.00,0,False
Norberto,Murara Neto,Neto,Bournemouth,GKP,4,66,0,0,0,0,0,0,0,0,0,0,0,0,0,0.0,0.0,0.0,0.0,0,0,0,0,0,0.00,0.00,0.00,0.00,0,False
Đorđe,Petrović,Petrović,Bournemouth,GKP,4,67,90,0,0,0,1,0,0,0,0,0,1,0,5,8.6,0.0,0.0,0.9,1,5,0,0,1,0.00,0.00,0.00,0.62,2,False
Will,Dennis,Dennis,Bournemouth,GKP,4,68,0,0,0,0,0,0,0,0,0,0,0,0,0,0.0,0.0,0.0,0.0,0,0,0,0,0,0.00,0.00,0.00,0.00,0,False
Callan,McKenna,McKenna,Bournemouth,GKP,4,69,0,0,0,0,0,0,0,0,0,0,0,0,0,0.0,0.0,0.0,0.0,0,0,0,0,0,0.00,0.00,0.00,0.00,0,False
Alex,Paulsen,Paulsen,Bournemouth,GKP,4,70,0,0,0,0,0,0,0,0,0,0,0,0,0,0.0,0.0,0.0,0.0,0,0,0,0,0,0.00,0.00,0.00,0.00,0,False
Illia,Zabarnyi,Zabarnyi,Bournemouth,DEF,4,71,0,0,0,0,0,0,0,0,0,0,0,0,0,0.0,0.0,0.0,0.0,0,0,0,0,0,0.00,0.00,0.00,0.00,0,False
Marcos,Senesi Barón,Senesi,Bournemouth,DEF,4,72,90,0,0,0,1,0,0,0,1,0,0,0,9,30.0,4.7,2.0,3.7,9,6,3,12,1,0.00,0.03,0.03,0.62,3,False
Adam,Smith,Smith,Bournemouth,DEF,4,73,0,0,0,0,0,0,0,0,0,0,0,0,0,0.0,0.0,0.0,0.0,0,0,0,0,0,0.00,0.00,0.00,0.00,0,False
Adrien,Truffert,Truffert,Bournemouth,DEF,4,74,90,0,0,0,1,0,0,0,0,0,0,0,2,15.4,29.7,0.0,4.5,3,3,1,4,1,0.00,0.10,0.10,0.62,2,False
Matai,Akinmboni,Akinmboni,Bournemouth,DEF,4,75,0,0,0,0,0,0,0,0,0,0,0,0,0,0.0,0.0,0.0,0.0,0,0,0,0,0,0.00,0.00,0.00,0.00,0,False
Owen,Bevan,Bevan,Bournemouth,DEF,4,76,0,0,0,0,0,0,0,0,0,0,0,0,0,0.0,0.0,0.0,0.0,0,0,0,0,0,0.00,0.00,0.00,0.00,0,False
James,Hill,Hill,Bournemouth,DEF,4,77,86,0,0,0,1,0,0,0,0,0,0,0,7,8.2,1.3,33.0,4.3,2,1,1,3,1,0.12,0.03,0.15,0.62,2,False
Julián,Araujo Zúñiga,J.Araujo,Bournemouth,DEF,4,78,0,0,0,0,0,0,0,0,0,0,0,0,0,0.0,0.0,0.0,0.0,0,0,0,0,0,0.00,0.00,0.00,0.00,0,False
Chris,Mepham,Mepham,Bournemouth,DEF,4,79,0,0,0,0,0,0,0,0,0,0,0,0,0,0.0,0.0,0.0,0.0,0,0,0,0,0,0.00,0.00,0.00,0.00,0,False
Julio,Soler Barreto,Soler,Bournemouth,DEF,4,80,1,0,0,0,0,0,0,0,0,0,0,0,2,0.0,0.0,0.0,0.0,0,0,0,0,0,0.00,0.00,0.00,0.00,1,False
Justin,Kluivert,Kluivert,Bournemouth,MID,4,81,23,0,0,0,0,0,0,0,0,0,0,0,6,6.6,14.4,8.0,2.9,1,2,0,3,0,0.09,0.32,0.41,0.05,1,False
Antoine,Semenyo,Semenyo,Bournemouth,MID,4,82,90,1,1,0,1,0,0,0,0,0,0,3,39,63.2,24.7,29.0,11.7,3,2,3,8,1,0.87,0.06,0.93,0.62,13,True
Dango,Ouattara,O.Dango,Brentford,MID,4,83,17,0,0,0,1,0,0,0,0,0,0,0,2,1.0,0.4,4.0,0.5,0,1,0,1,0,0.00,0.00,0.00,0.49,1,False
Marcus,Tavernier,Tavernier,Bournemouth,MID,4,84,85,0,0,0,1,0,0,0,0,0,0,0,9,1.8,14.9,7.0,2.4,1,7,0,8,1,0.04,0.11,0.15,0.62,2,False
Tyler,Adams,Adams,Bournemouth,MID,4,85,90,0,0,0,1,0,0,0,1,0,0,0,15,11.4,13.3,0.0,2.5,4,5,2,11,1,0.00,0.01,0.01,0.62,1,False
David,Brooks,Brooks,Bournemouth,MID,4,86,66,0,0,0,1,0,0,0,1,0,0,0,0,0.0,2.9,8.0,0.6,0,6,0,6,1,0.09,0.02,0.11,0.57,1,False
Ryan,Christie,Christie,Bournemouth,MID,4,87,0,0,0,0,0,0,0,0,0,0,0,0,0,0.0,0.0,0.0,0.0,0,0,0,0,0,0.00,0.00,0.00,0.00,0,False
Lewis,Cook,Cook,Bournemouth,MID,4,88,4,0,0,0,0,0,0,0,0,0,0,0,2,2.0,0.1,0.0,0.2,1,0,0,1,0,0.00,0.00,0.00,0.00,1,False
Philip,Billing,Philip,Bournemouth,MID,4,89,0,0,0,0,0,0,0,0,0,0,0,0,0,0.0,0.0,0.0,0.0,0,0,0,0,0,0.00,0.00,0.00,0.00,0,False
Alex,Scott,Scott,Bournemouth,MID,4,90,66,1,0,0,1,0,0,0,0,0,0,2,35,47.6,12.8,9.0,6.9,1,3,6,10,1,0.06,0.02,0.08,0.57,9,False
Luis,Sinisterra Lucumí,Sinisterra,Bournemouth,MID,4,91,0,0,0,0,0,0,0,0,0,0,0,0,0,0.0,0.0,0.0,0.0,0,0,0,0,0,0.00,0.00,0.00,0.00,0,False
Romain,Faivre,Faivre,Bournemouth,MID,4,92,0,0,0,0,0,0,0,0,0,0,0,0,0,0.0,0.0,0.0,0.0,0,0,0,0,0,0.00,0.00,0.00,0.00,0,False
Hamed,Traorè,H.Traorè,Bournemouth,MID,4,93,0,0,0,0,0,0,0,0,0,0,0,0,0,0.0,0.0,0.0,0.0,0,0,0,0,0,0.00,0.00,0.00,0.00,0,False
Dominic,Sadi,Sadi,Bournemouth,MID,4,94,0,0,0,0,0,0,0,0,0,0,0,0,0,0.0,0.0,0.0,0.0,0,0,0,0,0,0.00,0.00,0.00,0.00,0,False
Zain,Silcott-Duberry,Silcott-Duberry,Bournemouth,MID,4,95,0,0,0,0,0,0,0,0,0,0,0,0,0,0.0,0.0,0.0,0.0,0,0,0,0,0,0.00,0.00,0.00,0.00,0,False
Ben,Winterburn,Winterburn,Bournemouth,MID,4,96,0,0,0,0,0,0,0,0,0,0,0,0,0,0.0,0.0,0.0,0.0,0,0,0,0,0,0.00,0.00,0.00,0.00,0,False
Francisco Evanilson,de Lima Barbosa,Evanilson,Bournemouth,FWD,4,97,90,0,1,0,1,0,0,0,0,0,0,0,19,3.4,2.2,40.0,4.6,1,6,0,7,1,0.14,0.04,0.18,0.62,5,False
Enes,Ünal,Enes Ünal,Bournemouth,FWD,4,98,0,0,0,0,0,0,0,0,0,0,0,0,0,0.0,0.0,0.0,0.0,0,0,0,0,0,0.00,0.00,0.00,0.00,0,False
Daniel,Adu-Adjei,Adu-Adjei,Bournemouth,FWD,4,99,0,0,0,0,0,0,0,0,0,0,0,0,0,0.0,0.0,0.0,0.0,0,0,0,0,0,0.00,0.00,0.00,0.00,0,False
Eli Junior,Kroupi,Kroupi.Jr,Bournemouth,FWD,4,100,0,0,0,0,0,0,0,0,0,0,0,0,0,0.0,0.0,0.0,0.0,0,0,0,0,0,0.00,0.00,0.00,0.00,0,False
Caoimhín,Kelleher,Kelleher,Brentford,GKP,4,101,90,0,0,0,2,0,0,0,0,0,4,0,12,33.0,0.0,0.0,3.3,1,10,1,0,1,0.00,0.00,0.00,1.25,2,False
Ellery,Balcombe,Balcombe,Brentford,GKP,4,102,0,0,0,0,0,0,0,0,0,0,0,0,0,0.0,0.0,0.0,0.0,0,0,0,0,0,0.00,0.00,0.00,0.00,0,False
Matthew,Cox,Cox,Brentford,GKP,4,103,0,0,0,0,0,0,0,0,0,0,0,0,0,0.0,0.0,0.0,0.0,0,0,0,0,0,0.00,0.00,0.00,0.00,0,False
Julian,Eyestone,Eyestone,Brentford,GKP,4,104,0,0,0,0,0,0,0,0,0,0,0,0,0,0.0,0.0,0.0,0.0,0,0,0,0,0,0.00,0.00,0.00,0.00,0,False
Hákon Rafn,Valdimarsson,Valdimarsson,Brentford,GKP,4,105,0,0,0,0,0,0,0,0,0,0,0,0,0,0.0,0.0,0.0,0.0,0,0,0,0,0,0.00,0.00,0.00,0.00,0,False
Nathan,Collins,Collins,Brentford,DEF,4,106,90,0,0,0,2,0,0,0,0,0,0,0,7,24.8,10.4,4.0,3.9,10,1,1,11,1,0.00,0.04,0.04,1.25,3,False
Keane,Lewis-Potter,Lewis-Potter,Brentford,DEF,4,107,89,0,0,0,2,0,0,0,0,0,0,0,1,4.2,15.5,4.0,2.4,1,3,1,2,1,0.00,0.05,0.05,1.16,1,False
Kristoffer,Ajer,Ajer,Brentford,DEF,4,108,7,0,1,0,1,0,0,0,0,0,0,0,13,20.2,10.3,19.0,5.0,0,0,0,0,0,0.04,0.41,0.45,0.16,4,False
Rico,Henry,Henry,Brentford,DEF,4,109,18,0,0,0,1,0,0,0,0,0,0,0,2,0.0,0.1,4.0,0.3,0,1,1,1,0,0.10,0.00,0.10,0.49,1,False
Michael,Kayode,Kayode,Brentford,DEF,4,110,82,0,0,0,1,0,0,0,0,0,0,0,10,16.8,1.4,0.0,1.8,8,6,0,8,1,0.00,0.00,0.00,1.10,2,False
Ethan,Pinnock,Pinnock,Brentford,DEF,4,111,82,0,0,0,1,0,0,0,1,0,0,0,5,18.0,0.7,8.0,2.7,7,1,1,8,1,0.00,0.04,0.04,1.10,1,False
Mads,Roerslev Rasmussen,Roerslev,Brentford,DEF,4,112,0,0,0,0,0,0,0,0,0,0,0,0,0,0.0,0.0,0.0,0.0,0,0,0,0,0,0.00,0.00,0.00,0.00,0,False
Sepp,van den Berg,Van den Berg,Brentford,DEF,4,113,90,0,0,0,2,0,0,0,0,0,0,0,7,12.4,0.3,0.0,1.3,6,1,1,7,1,0.00,0.00,0.00,1.25,1,False
Benjamin,Arthur,Arthur,Brentford,DEF,4,114,0,0,0,0,0,0,0,0,0,0,0,0,0,0.0,0.0,0.0,0.0,0,0,0,0,0,0.00,0.00,0.00,0.00,0,False
Benjamin,Fredrick,Fredrick,Brentford,DEF,4,115,0,0,0,0,0,0,0,0,0,0,0,0,0,0.0,0.0,0.0,0.0,0,0,0,0,0,0.00,0.00,0.00,0.00,0,False
Aaron,Hickey,Hickey,Brentford,DEF,4,116,7,0,0,0,1,0,0,0,0,0,0,0,-1,0.2,0.3,0.0,0.1,0,0,0,0,0,0.00,0.00,0.00,0.16,1,False
Kim,Ji-soo,Ji-soo,Brentford,DEF,4,117,0,0,0,0,0,0,0,0,0,0,0,0,0,0.0,0.0,0.0,0.0,0,0,0,0,0,0.00,0.00,0.00,0.00,0,False
Jayden,Meghoma,Meghoma,Brentford,DEF,4,118,0,0,0,0,0,0,0,0,0,0,0,0,0,0.0,0.0,0.0,0.0,0,0,0,0,0,0.00,0.00,0.00,0.00,0,False
Bryan,Mbeumo,Mbeumo,Man Utd,MID,4,119,90,0,0,0,3,0,0,0,0,0,0,0,1,2.2,15.7,41.0,5.9,0,2,0,2,1,0.68,0.17,0.85,2.52,2,False
Kevin,Schade,Schade,Brentford,MID,4,120,90,1,0,0,2,0,0,0,0,0,0,0,21,35.4,1.6,43.0,8.0,0,1,3,4,1,0.61,0.03,0.64,1.25,7,False
Mikkel,Damsgaard,Damsgaard,Brentford,MID,4,121,0,0,0,0,0,0,0,0,0,0,0,0,0,0.0,0.0,0.0,0.0,0,0,0,0,0,0.00,0.00,0.00,0.00,0,False
Antoni,Milambo,Milambo,Brentford,MID,4,122,0,0,0,0,0,0,0,0,0,0,0,0,0,0.0,0.0,0.0,0.0,0,0,0,0,0,0.00,0.00,0.00,0.00,0,False
Fábio,Freitas Gouveia Carvalho,Carvalho,Brentford,MID,4,123,1,1,0,0,0,0,0,0,0,0,0,1,23,33.2,0.1,33.0,6.6,0,0,0,0,0,0.67,0.00,0.67,0.09,7,False
Jordan,Henderson,Henderson,Brentford,MID,4,124,90,0,1,0,2,0,0,0,0,0,0,1,23,32.4,20.0,0.0,5.2,3,3,3,9,1,0.00,0.03,0.03,1.25,6,False
Vitaly,Janelt,Janelt,Brentford,MID,4,125,0,0,0,0,0,0,0,0,0,0,0,0,0,0.0,0.0,0.0,0.0,0,0,0,0,0,0.00,0.00,0.00,0.00,0,False
Mathias,Jensen,Jensen,Brentford,MID,4,126,72,0,0,0,1,0,0,0,0,0,0,0,17,14.4,22.3,2.0,3.9,4,3,3,10,1,0.00,0.06,0.06,0.77,2,False
Gustavo,Nunes Fernandes Gomes,Nunes,Brentford,MID,4,127,0,0,0,0,0,0,0,0,0,0,0,0,0,0.0,0.0,0.0,0.0,0,0,0,0,0,0.00,0.00,0.00,0.00,0,False
Frank,Onyeka,Onyeka,Brentford,MID,4,128,0,0,0,0,0,0,0,0,0,0,0,0,0,0.0,0.0,0.0,0.0,0,0,0,0,0,0.00,0.00,0.00,0.00,0,False
Yehor,Yarmoliuk,Yarmoliuk,Brentford,MID,4,129,90,0,0,0,2,0,0,0,1,0,0,0,11,15.0,12.9,2.0,3.0,3,7,2,12,1,0.00,0.11,0.11,1.25,3,False
Romelle,Donovan,Donovan,Brentford,MID,4,130,0,0,0,0,0,0,0,0,0,0,0,0,0,0.0,0.0,0.0,0.0,0,0,0,0,0,0.00,0.00,0.00,0.00,0,False
Yunus Emre,Konak,Konak,Brentford,MID,4,131,0,0,0,0,0,0,0,0,0,0,0,0,0,0.0,0.0,0.0,0.0,0,0,0,0,0,0.00,0.00,0.00,0.00,0,False
Paris,Maghoma,Maghoma,Brentford,MID,4,132,0,0,0,0,0,0,0,0,0,0,0,0,0,0.0,0.0,0.0,0.0,0,0,0,0,0,0.00,0.00,0.00,0.00,0,False
Myles,Peart-Harris,Peart-Harris,Brentford,MID,4,133,0,0,0,0,0,0,0,0,0,0,0,0,0,0.0,0.0,0.0,0.0,0,0,0,0,0,0.00,0.00,0.00,0.00,0,False
Ryan,Trevitt,Trevitt,Brentford,MID,4,134,0,0,0,0,0,0,0,0,0,0,0,0,0,0.0,0.0,0.0,0.0,0,0,0,0,0,0.00,0.00,0.00,0.00,0,False
Yoane,Wissa,Wissa,Newcastle,FWD,4,135,0,0,0,0,0,0,0,0,0,0,0,0,0,0.0,0.0,0.0,0.0,0,0,0,0,0,0.00,0.00,0.00,0.00,0,False
Igor Thiago,Nascimento Rodrigues,Thiago,Brentford,FWD,4,136,71,0,0,0,1,0,0,0,1,0,0,0,7,10.0,14.5,0.0,2.5,3,1,0,4,1,0.00,0.03,0.03,0.77,1,False
Iwan,Morgan,Morgan,Brentford,FWD,4,137,0,0,0,0,0,0,0,0,0,0,0,0,0,0.0,0.0,0.0,0.0,0,0,0,0,0,0.00,0.00,0.00,0.00,0,False
Jason,Steele,Steele,Brighton,GKP,4,138,0,0,0,0,0,0,0,0,0,0,0,0,0,0.0,0.0,0.0,0.0,0,0,0,0,0,0.00,0.00,0.00,0.00,0,False
Bart,Verbruggen,Verbruggen,Brighton,GKP,4,139,90,0,0,0,2,0,0,0,0,0,3,0,15,26.2,0.0,0.0,2.6,1,13,0,0,1,0.00,0.01,0.01,1.45,2,False
Tom,McGill,McGill,Brighton,GKP,4,140,0,0,0,0,0,0,0,0,0,0,0,0,0,0.0,0.0,0.0,0.0,0,0,0,0,0,0.00,0.00,0.00,0.00,0,False
Carl,Rushworth,Rushworth,Brighton,GKP,4,141,0,0,0,0,0,0,0,0,0,0,0,0,0,0.0,0.0,0.0,0.0,0,0,0,0,0,0.00,0.00,0.00,0.00,0,False
Kjell,Scherpen,Scherpen,Brighton,GKP,4,142,0,0,0,0,0,0,0,0,0,0,0,0,0,0.0,0.0,0.0,0.0,0,0,0,0,0,0.00,0.00,0.00,0.00,0,False
Olivier,Boscagli,Boscagli,Brighton,DEF,4,143,0,0,0,0,0,0,0,0,0,0,0,0,0,0.0,0.0,0.0,0.0,0,0,0,0,0,0.00,0.00,0.00,0.00,0,False
Diego,Coppola,Coppola,Brighton,DEF,4,144,0,0,0,0,0,0,0,0,0,0,0,0,0,0.0,0.0,0.0,0.0,0,0,0,0,0,0.00,0.00,0.00,0.00,0,False
Maxim,De Cuyper,De Cuyper,Brighton,DEF,4,145,23,0,0,0,1,0,0,0,0,0,0,0,2,3.8,0.2,2.0,0.6,0,2,2,2,1,0.00,0.00,0.00,0.06,1,False
Lewis,Dunk,Dunk,Brighton,DEF,4,146,90,0,0,0,2,0,0,0,1,0,0,0,4,23.2,11.3,8.0,4.3,11,2,0,11,1,0.00,0.01,0.01,1.45,2,False
Pervis,Estupiñán Tenorio,Estupiñan,Brighton,DEF,4,147,0,0,0,0,0,0,0,0,0,0,0,0,0,0.0,0.0,0.0,0.0,0,0,0,0,0,0.00,0.00,0.00,0.00,0,False
Ferdi,Kadıoğlu,F.Kadıoğlu,Brighton,DEF,4,148,66,0,0,0,1,0,0,0,0,0,0,0,13,21.2,6.4,0.0,2.8,8,4,2,10,0,0.00,0.04,0.04,1.39,4,False
Igor Julio,dos Santos de Paulo,Igor,West Ham,DEF,4,149,0,0,0,0,0,0,0,0,0,0,0,0,0,0.0,0.0,0.0,0.0,0,0,0,0,0,0.00,0.00,0.00,0.00,0,False
Tariq,Lamptey,Lamptey,Brighton,DEF,4,150,0,0,0,0,0,0,0,0,0,0,0,0,0,0.0,0.0,0.0,0.0,0,0,0,0,0,0.00,0.00,0.00,0.00,0,False
Jan Paul,van Hecke,Van Hecke,Brighton,DEF,4,151,90,0,0,0,2,0,0,0,0,0,0,0,5,24.0,0.8,2.0,2.7,10,2,0,10,1,0.00,0.02,0.02,1.45,3,False
Joël,Veltman,Veltman,Brighton,DEF,4,152,90,0,0,0,2,0,0,0,0,0,0,0,13,22.4,11.3,4.0,3.8,6,7,4,10,1,0.00,0.01,0.01,1.45,3,False
Adam,Webster,Webster,Brighton,DEF,4,153,0,0,0,0,0,0,0,0,0,0,0,0,0,0.0,0.0,0.0,0.0,0,0,0,0,0,0.00,0.00,0.00,0.00,0,False
Eiran,Cashin,Cashin,Brighton,DEF,4,154,0,0,0,0,0,0,0,0,0,0,0,0,0,0.0,0.0,0.0,0.0,0,0,0,0,0,0.00,0.00,0.00,0.00,0,False
Jacob,Slater,Slater,Brighton,DEF,4,155,0,0,0,0,0,0,0,0,0,0,0,0,0,0.0,0.0,0.0,0.0,0,0,0,0,0,0.00,0.00,0.00,0.00,0,False
Charlie,Tasker,Tasker,Brighton,DEF,4,156,0,0,0,0,0,0,0,0,0,0,0,0,0,0.0,0.0,0.0,0.0,0,0,0,0,0,0.00,0.00,0.00,0.00,0,False
Mitoma,Kaoru,Mitoma,Brighton,MID,4,157,90,1,0,0,2,0,0,0,0,0,0,0,24,35.6,3.0,35.0,7.4,0,0,0,0,1,0.37,0.03,0.40,1.45,7,False
Georginio,Rutter,Georginio,Brighton,MID,4,158,66,0,0,0,2,0,0,0,1,0,0,0,10,6.8,12.2,6.0,2.5,2,2,1,5,1,0.00,0.01,0.01,1.20,1,False
Solly,March,March,Brighton,MID,4,159,0,0,0,0,0,0,0,0,0,0,0,0,0,0.0,0.0,0.0,0.0,0,0,0,0,0,0.00,0.00,0.00,0.00,0,False
Yankuba,Minteh,Minteh,Brighton,MID,4,160,90,0,1,0,2,0,0,0,0,0,0,1,28,29.0,16.9,37.0,8.3,0,4,2,6,1,0.14,0.15,0.29,1.45,6,False
Julio,Enciso Espínola,Enciso,Brighton,MID,4,161,0,0,0,0,0,0,0,0,0,0,0,0,0,0.0,0.0,0.0,0.0,0,0,0,0,0,0.00,0.00,0.00,0.00,0,False
Brajan,Gruda,Gruda,Brighton,MID,4,162,23,0,0,0,0,0,0,0,0,0,0,0,2,0.6,0.7,0.0,0.1,0,2,0,2,0,0.00,0.01,0.01,0.25,1,False
Jack,Hinshelwood,Hinshelwood,Brighton,MID,4,163,2,0,0,0,0,0,0,0,0,0,0,0,2,0.0,0.0,0.0,0.0,0,0,0,0,1,0.00,0.00,0.00,0.00,1,False
Matt,O'Riley,O'Riley,Brighton,MID,4,164,0,0,0,0,0,0,0,0,0,0,0,0,0,0.0,0.0,0.0,0.0,0,0,0,0,0,0.00,0.00,0.00,0.00,0,False
Abdallah,Sima,Sima,Brighton,MID,4,165,0,0,0,0,0,0,0,0,0,0,0,0,0,0.0,0.0,0.0,0.0,0,0,0,0,0,0.00,0.00,0.00,0.00,0,False
Yasin,Ayari,Ayari,Brighton,MID,4,166,87,0,0,0,2,0,0,0,0,0,0,0,20,15.4,2.4,0.0,1.8,3,3,4,10,0,0.00,0.07,0.07,1.45,2,False
Carlos,Baleba,Baleba,Brighton,MID,4,167,24,0,0,0,0,0,0,0,1,0,0,0,0,0.6,1.0,1.0,0.3,2,3,1,6,0,0.02,0.00,0.02,0.25,0,False
Facundo,Buonanotte,Buonanotte,Chelsea,MID,4,168,45,0,0,0,1,0,0,0,0,0,0,0,4,5.6,25.1,8.0,3.9,0,2,1,3,1,0.00,0.09,0.09,0.55,1,False
Diego,Gómez Amarilla,Gomez,Brighton,MID,4,169,0,0,0,0,0,0,0,0,0,0,0,0,0,0.0,0.0,0.0,0.0,0,0,0,0,0,0.00,0.00,0.00,0.00,0,False
James,Milner,Milner,Brighton,MID,4,170,65,0,0,0,2,0,0,0,1,0,0,0,8,8.0,5.0,0.0,1.3,2,2,2,6,1,0.00,0.02,0.02,1.20,1,False
Jeremy,Sarmiento Morante,Sarmiento,Brighton,MID,4,171,0,0,0,0,0,0,0,0,0,0,0,0,0,0.0,0.0,0.0,0.0,0,0,0,0,0,0.00,0.00,0.00,0.00,0,False
Tom,Watson,Watson,Brighton,MID,4,172,0,0,0,0,0,0,0,0,0,0,0,0,0,0.0,0.0,0.0,0.0,0,0,0,0,0,0.00,0.00,0.00,0.00,0,False
Mats,Wieffer,Wieffer,Brighton,MID,4,173,0,0,0,0,0,0,0,0,0,0,0,0,0,0.0,0.0,0.0,0.0,0,0,0,0,0,0.00,0.00,0.00,0.00,0,False
Malick,Yalcouyé,Yalcouye,Brighton,MID,4,174,0,0,0,0,0,0,0,0,0,0,0,0,0,0.0,0.0,0.0,0.0,0,0,0,0,0,0.00,0.00,0.00,0.00,0,False
Joe,Knight,Knight,Brighton,MID,4,175,0,0,0,0,0,0,0,0,0,0,0,0,0,0.0,0.0,0.0,0.0,0,0,0,0,0,0.00,0.00,0.00,0.00,0,False
Adrian,Mazilu,Mazilu,Brighton,MID,4,176,0,0,0,0,0,0,0,0,0,0,0,0,0,0.0,0.0,0.0,0.0,0,0,0,0,0,0.00,0.00,0.00,0.00,0,False
Andrew,Moran,Moran,Brighton,MID,4,177,0,0,0,0,0,0,0,0,0,0,0,0,0,0.0,0.0,0.0,0.0,0,0,0,0,0,0.00,0.00,0.00,0.00,0,False
Danny,Welbeck,Welbeck,Brighton,FWD,4,178,66,0,0,0,2,0,0,0,0,0,0,0,7,1.8,2.9,8.0,1.3,0,2,2,4,1,0.09,0.02,0.11,1.20,2,False
Evan,Ferguson,Ferguson,Brighton,FWD,4,179,0,0,0,0,0,0,0,0,0,0,0,0,0,0.0,0.0,0.0,0.0,0,0,0,0,0,0.00,0.00,0.00,0.00,0,False
Stefanos,Tzimas,Tzimas,Brighton,FWD,4,180,23,0,0,0,0,0,0,0,0,0,0,0,0,0.0,0.1,0.0,0.0,0,2,0,2,0,0.00,0.00,0.00,0.25,1,False
Charalampos,Kostoulas,Kostoulas,Brighton,FWD,4,181,0,0,0,0,0,0,0,0,0,0,0,0,0,0.0,0.0,0.0,0.0,0,0,0,0,0,0.00,0.00,0.00,0.00,0,False
James,Trafford,Trafford,Man City,GKP,4,182,0,0,0,0,0,0,0,0,0,0,0,0,0,0.0,0.0,0.0,0.0,0,0,0,0,0,0.00,0.00,0.00,0.00,0,False
Max,Weiß,Weiss,Burnley,GKP,4,183,0,0,0,0,0,0,0,0,0,0,0,0,0,0.0,0.0,0.0,0.0,0,0,0,0,0,0.00,0.00,0.00,0.00,0,False
Etienne,Green,Green,Burnley,GKP,4,184,0,0,0,0,0,0,0,0,0,0,0,0,0,0.0,0.0,0.0,0.0,0,0,0,0,0,0.00,0.00,0.00,0.00,0,False
Václav,Hladký,Hladký,Burnley,GKP,4,185,0,0,0,0,0,0,0,0,0,0,0,0,0,0.0,0.0,0.0,0.0,0,0,0,0,0,0.00,0.00,0.00,0.00,0,False
Connor,Roberts,Roberts,Burnley,DEF,4,186,0,0,0,0,0,0,0,0,0,0,0,0,0,0.0,0.0,0.0,0.0,0,0,0,0,0,0.00,0.00,0.00,0.00,0,False
Kyle,Walker,Walker,Burnley,DEF,4,187,90,0,0,0,1,0,0,0,0,0,0,0,6,8.6,0.8,0.0,0.9,3,1,1,4,1,0.00,0.00,0.00,2.45,2,False
Hannes,Delcroix,Delcroix,Burnley,DEF,4,188,0,0,0,0,0,0,0,0,0,0,0,0,0,0.0,0.0,0.0,0.0,0,0,0,0,0,0.00,0.00,0.00,0.00,0,False
Owen,Dodgson,Dodgson,Burnley,DEF,4,189,0,0,0,0,0,0,0,0,0,0,0,0,0,0.0,0.0,0.0,0.0,0,0,0,0,0,0.00,0.00,0.00,0.00,0,False
Hjalmar,Ekdal,Ekdal,Burnley,DEF,4,190,90,0,0,0,1,0,0,0,0,0,0,0,8,27.6,0.3,4.0,3.2,11,0,1,12,1,0.01,0.00,0.01,2.45,4,False
Maxime,Estève,Estève,Burnley,DEF,4,191,90,0,0,0,1,0,0,0,0,0,0,0,10,36.8,0.1,0.0,3.7,15,0,0,15,1,0.00,0.00,0.00,2.45,4,False
Quilindschy,Hartman,Hartman,Burnley,DEF,4,192,90,0,0,0,1,0,0,0,0,0,0,0,14,25.4,10.2,0.0,3.6,15,2,2,17,1,0.00,0.01,0.01,2.45,4,False
Bashir,Humphreys,Humphreys,Burnley,DEF,4,193,0,0,0,0,0,0,0,0,0,0,0,0,0,0.0,0.0,0.0,0.0,0,0,0,0,0,0.00,0.00,0.00,0.00,0,False
Jordan,Beyer,Jordan,Burnley,DEF,4,194,0,0,0,0,0,0,0,0,0,0,0,0,0,0.0,0.0,0.0,0.0,0,0,0,0,0,0.00,0.00,0.00,0.00,0,False
Lucas,Pires Silva,Lucas Pires,Burnley,DEF,4,195,0,0,0,0,0,0,0,0,0,0,0,0,0,0.0,0.0,0.0,0.0,0,0,0,0,0,0.00,0.00,0.00,0.00,0,False
Shurandy,Sambo,Sambo,Burnley,DEF,4,196,0,0,0,0,0,0,0,0,0,0,0,0,0,0.0,0.0,0.0,0.0,0,0,0,0,0,0.00,0.00,0.00,0.00,0,False
Oliver,Sonne,Sonne,Burnley,DEF,4,197,0,0,0,0,0,0,0,0,0,0,0,0,0,0.0,0.0,0.0,0.0,0,0,0,0,0,0.00,0.00,0.00,0.00,0,False
Axel,Tuanzebe,Tuanzebe,Burnley,DEF,4,198,0,0,0,0,0,0,0,0,0,0,0,0,0,0.0,0.0,0.0,0.0,0,0,0,0,0,0.00,0.00,0.00,0.00,0,False
Joe,Worrall,Worrall,Burnley,DEF,4,199,4,0,0,0,1,0,0,0,0,0,0,0,-1,2.0,0.0,0.0,0.2,1,0,0,1,0,0.00,0.00,0.00,1.00,1,False
Jaidon,Anthony,Anthony,Burnley,MID,4,200,88,0,0,1,0,0,0,0,0,0,0,0,6,9.4,0.5,1.0,1.1,3,6,2,11,1,0.11,0.00,0.11,1.51,3,False
Manuel,Benson Hedilazio,Benson,Burnley,MID,4,201,0,0,0,0,0,0,0,0,0,0,0,0,0,0.0,0.0,0.0,0.0,0,0,0,0,0,0.00,0.00,0.00,0.00,0,False
Jacob,Bruun Larsen,Bruun Larsen,Burnley,MID,4,202,0,0,0,0,0,0,0,0,0,0,0,0,0,0.0,0.0,0.0,0.0,0,0,0,0,0,0.00,0.00,0.00,0.00,0,False
Enock,Agyei,Boateng,Burnley,MID,4,203,0,0,0,0,0,0,0,0,0,0,0,0,0,0.0,0.0,0.0,0.0,0,0,0,0,0,0.00,0.00,0.00,0.00,0,False
Darko,Churlinov,Churlinov,Burnley,MID,4,204,0,0,0,0,0,0,0,0,0,0,0,0,0,0.0,0.0,0.0,0.0,0,0,0,0,0,0.00,0.00,0.00,0.00,0,False
Josh,Cullen,Cullen,Burnley,MID,4,205,62,0,0,1,0,0,0,0,0,0,0,0,12,16.6,1.5,0.0,1.8,6,0,1,7,1,0.00,0.00,0.00,1.21,3,False
Marcus,Edwards,Edwards,Burnley,MID,4,206,0,0,0,0,0,0,0,0,0,0,0,0,0,0.0,0.0,0.0,0.0,0,0,0,0,0,0.00,0.00,0.00,0.00,0,False
Hannibal,Mejbri,Hannibal,Burnley,MID,4,207,27,0,0,0,1,0,0,0,0,0,0,0,-2,0.0,0.3,0.0,0.0,0,1,1,2,0,0.00,0.00,0.00,1.24,1,False
Luca,Koleosho,Koleosho,Burnley,MID,4,208,0,0,0,0,0,0,0,0,0,0,0,0,0,0.0,0.0,0.0,0.0,0,0,0,0,0,0.00,0.00,0.00,0.00,0,False
Josh,Laurent,Laurent,Burnley,MID,4,209,90,0,0,0,1,0,0,0,0,0,0,0,4,6.2,0.3,1.0,0.8,5,1,0,6,1,0.01,0.00,0.01,2.45,2,False
Loum,Tchaouna,Tchaouna,Burnley,MID,4,210,62,0,0,1,0,0,0,0,0,0,0,0,6,3.8,10.7,0.0,1.5,1,2,0,3,1,0.00,0.01,0.01,1.21,3,False
Aaron,Ramsey,A.Ramsey,Burnley,MID,4,211,0,0,0,0,0,0,0,0,0,0,0,0,0,0.0,0.0,0.0,0.0,0,0,0,0,0,0.00,0.00,0.00,0.00,0,False
Oluwaseun,Adewumi,Adewumi,Burnley,MID,4,212,0,0,0,0,0,0,0,0,0,0,0,0,0,0.0,0.0,0.0,0.0,0,0,0,0,0,0.00,0.00,0.00,0.00,0,False
Jaydon,Banel,Banel,Burnley,MID,4,213,0,0,0,0,0,0,0,0,0,0,0,0,0,0.0,0.0,0.0,0.0,0,0,0,0,0,0.00,0.00,0.00,0.00,0,False
Mike,Trésor Ndayishimiye,Trésor,Burnley,MID,4,214,0,0,0,0,0,0,0,0,0,0,0,0,0,0.0,0.0,0.0,0.0,0,0,0,0,0,0.00,0.00,0.00,0.00,0,False
Zian,Flemming,Flemming,Burnley,FWD,4,215,0,0,0,0,0,0,0,0,0,0,0,0,0,0.0,0.0,0.0,0.0,0,0,0,0,0,0.00,0.00,0.00,0.00,0,False
Zeki,Amdouni,Amdouni,Burnley,FWD,4,216,0,0,0,0,0,0,0,0,0,0,0,0,0,0.0,0.0,0.0,0.0,0,0,0,0,0,0.00,0.00,0.00,0.00,0,False
Lyle,Foster,Foster,Burnley,FWD,4,217,85,0,0,1,0,0,0,0,0,0,0,0,11,8.2,1.3,2.0,1.2,4,3,2,9,1,0.00,0.00,0.00,1.45,2,False
Ashley,Barnes,Barnes,Burnley,FWD,4,218,0,0,0,0,0,0,0,0,0,0,0,0,0,0.0,0.0,0.0,0.0,0,0,0,0,0,0.00,0.00,0.00,0.00,0,False
Michael,Obafemi,Obafemi,Burnley,FWD,4,219,0,0,0,0,0,0,0,0,0,0,0,0,0,0.0,0.0,0.0,0.0,0,0,0,0,0,0.00,0.00,0.00,0.00,0,False
Robert,Lynch Sánchez,Sánchez,Chelsea,GKP,4,220,90,0,0,0,2,0,0,0,0,0,3,0,7,23.6,0.0,0.0,2.4,2,8,0,0,1,0.00,0.00,0.00,1.43,2,False
Filip,Jörgensen,Jörgensen,Chelsea,GKP,4,221,0,0,0,0,0,0,0,0,0,0,0,0,0,0.0,0.0,0.0,0.0,0,0,0,0,0,0.00,0.00,0.00,0.00,0,False
Mike,Penders,Penders,Chelsea,GKP,4,222,0,0,0,0,0,0,0,0,0,0,0,0,0,0.0,0.0,0.0,0.0,0,0,0,0,0,0.00,0.00,0.00,0.00,0,False
Gabriel,Słonina,Slonina,Chelsea,GKP,4,223,0,0,0,0,0,0,0,0,0,0,0,0,0,0.0,0.0,0.0,0.0,0,0,0,0,0,0.00,0.00,0.00,0.00,0,False
Marc,Cucurella Saseta,Cucurella,Chelsea,DEF,4,224,45,0,0,0,1,0,0,0,0,0,0,0,6,15.4,23.5,19.0,5.8,3,2,2,5,0,0.06,0.02,0.08,0.87,1,False
Reece,James,James,Chelsea,DEF,4,225,45,0,0,0,1,0,0,0,0,0,0,0,8,6.6,3.3,2.0,1.2,2,2,0,2,0,0.04,0.02,0.06,0.87,1,False
Trevoh,Chalobah,Chalobah,Chelsea,DEF,4,226,90,0,0,0,2,0,0,0,0,0,0,0,12,31.0,17.1,5.0,5.3,15,4,1,16,1,0.03,0.29,0.32,1.43,3,False
Levi,Samuels Colwill,Colwill,Chelsea,DEF,4,227,0,0,0,0,0,0,0,0,0,0,0,0,0,0.0,0.0,0.0,0.0,0,0,0,0,0,0.00,0.00,0.00,0.00,0,False
Malo,Gusto,Gusto,Chelsea,DEF,4,228,0,0,0,0,0,0,0,0,0,0,0,0,0,0.0,0.0,0.0,0.0,0,0,0,0,0,0.00,0.00,0.00,0.00,0,False
Benoît,Badiashile Mukinayi,B.Badiashile,Chelsea,DEF,4,229,0,0,0,0,0,0,0,0,0,0,0,0,0,0.0,0.0,0.0,0.0,0,0,0,0,0,0.00,0.00,0.00,0.00,0,False
Wesley,Fofana,Fofana,Chelsea,DEF,4,230,45,0,0,0,1,0,0,0,0,0,0,0,7,6.2,2.8,0.0,0.9,2,1,0,2,1,0.00,0.01,0.01,0.55,1,False
Mamadou,Sarr,M.Sarr,Chelsea,DEF,4,231,0,0,0,0,0,0,0,0,0,0,0,0,0,0.0,0.0,0.0,0.0,0,0,0,0,0,0.00,0.00,0.00,0.00,0,False
Tosin,Adarabioyo,Tosin,Chelsea,DEF,4,232,90,0,0,0,2,0,0,0,0,0,0,0,7,27.0,1.7,0.0,2.9,9,1,0,9,1,0.00,0.02,0.02,1.43,1,False
Josh,Acheampong,Acheampong,Chelsea,DEF,4,233,0,0,0,0,0,0,0,0,0,0,0,0,0,0.0,0.0,0.0,0.0,0,0,0,0,0,0.00,0.00,0.00,0.00,0,False
Aarón,Anselmino,Anselmino,Chelsea,DEF,4,234,0,0,0,0,0,0,0,0,0,0,0,0,0,0.0,0.0,0.0,0.0,0,0,0,0,0,0.00,0.00,0.00,0.00,0,False
Cole,Palmer,Palmer,Chelsea,MID,4,235,34,1,0,0,1,0,0,0,0,0,0,1,23,39.6,2.3,42.0,8.4,1,0,1,2,0,0.63,0.09,0.72,0.87,7,False
Pedro,Lomba Neto,Neto,Chelsea,MID,4,236,90,0,0,0,2,0,0,0,0,0,0,0,13,11.4,35.0,24.0,7.0,1,4,1,6,1,0.12,0.21,0.33,1.43,2,False
Enzo,Fernández,Enzo,Chelsea,MID,4,237,90,0,0,0,2,0,0,0,0,0,0,0,18,24.2,29.5,15.0,6.9,3,6,4,13,1,0.11,0.06,0.17,1.43,4,False
Estêvão,Almeida de Oliveira Gonçalves,Estêvão,Chelsea,MID,4,238,0,0,0,0,0,0,0,0,0,0,0,0,0,0.0,0.0,0.0,0.0,0,0,0,0,0,0.00,0.00,0.00,0.00,0,False
Jamie,Bynoe-Gittens,Gittens,Chelsea,MID,4,239,55,0,0,0,1,0,0,0,0,0,0,0,3,2.0,12.2,15.0,2.9,0,1,0,1,1,0.01,0.03,0.04,0.55,1,False
Christopher,Nkunku,Nkunku,Chelsea,MID,4,240,0,0,0,0,0,0,0,0,0,0,0,0,0,0.0,0.0,0.0,0.0,0,0,0,0,0,0.00,0.00,0.00,0.00,0,False
Moisés,Caicedo Corozo,Caicedo,Chelsea,MID,4,241,90,1,0,0,2,0,0,0,0,0,0,3,40,54.0,15.3,7.0,7.6,5,8,4,17,1,0.07,0.07,0.14,1.43,12,True
Kiernan,Dewsbury-Hall,Dewsbury-Hall,Everton,MID,4,242,90,0,0,1,0,0,0,0,1,0,0,0,11,9.4,28.3,11.0,4.9,0,5,3,8,1,0.06,0.26,0.32,0.54,2,False
Tyrique,George,George,Chelsea,MID,4,243,45,0,0,0,1,0,0,0,1,0,0,0,1,4.6,4.9,19.0,2.9,0,0,1,1,0,0.04,0.06,0.10,0.87,0,False
Roméo,Lavia,Lavia,Chelsea,MID,4,244,0,0,0,0,0,0,0,0,0,0,0,0,0,0.0,0.0,0.0,0.0,0,0,0,0,0,0.00,0.00,0.00,0.00,0,False
Mykhailo,Mudryk,Mudryk,Chelsea,MID,4,245,0,0,0,0,0,0,0,0,0,0,0,0,0,0.0,0.0,0.0,0.0,0,0,0,0,0,0.00,0.00,0.00,0.00,0,False
Andrey,Nascimento dos Santos,Andrey Santos,Chelsea,MID,4,246,0,0,0,0,0,0,0,0,0,0,0,0,0,0.0,0.0,0.0,0.0,0,0,0,0,0,0.00,0.00,0.00,0.00,0,False
Dário,Luís Essugo,D.Essugo,Chelsea,MID,4,247,0,0,0,0,0,0,0,0,0,0,0,0,0,0.0,0.0,0.0,0.0,0,0,0,0,0,0.00,0.00,0.00,0.00,0,False
Kendry,Páez Andrade,Paez,Chelsea,MID,4,248,0,0,0,0,0,0,0,0,0,0,0,0,0,0.0,0.0,0.0,0.0,0,0,0,0,0,0.00,0.00,0.00,0.00,0,False
João Pedro,Junqueira de Jesus,João Pedro,Chelsea,FWD,4,249,78,0,1,0,1,0,0,0,0,0,0,2,25,21.0,18.2,11.0,5.0,3,0,0,3,1,0.15,0.02,0.17,0.71,7,False
Liam,Delap,Delap,Chelsea,FWD,4,250,0,0,0,0,0,0,0,0,0,0,0,0,0,0.0,0.0,0.0,0.0,0,0,0,0,0,0.00,0.00,0.00,0.00,0,False
Nicolas,Jackson,N.Jackson,Chelsea,FWD,4,251,0,0,0,0,0,0,0,0,0,0,0,0,0,0.0,0.0,0.0,0.0,0,0,0,0,0,0.00,0.00,0.00,0.00,0,False
Marc,Guiu Paz,Marc Guiu,Chelsea,FWD,4,252,0,0,0,0,0,0,0,0,0,0,0,0,0,0.0,0.0,0.0,0.0,0,0,0,0,0,0.00,0.00,0.00,0.00,0,False
Dean,Henderson,Henderson,Crystal Palace,GKP,4,253,90,0,0,1,0,0,0,0,0,0,0,0,22,4.4,0.0,0.0,0.4,1,8,0,0,1,0.00,0.00,0.00,0.36,6,False
Walter,Benítez,Benitez,Crystal Palace,GKP,4,254,0,0,0,0,0,0,0,0,0,0,0,0,0,0.0,0.0,0.0,0.0,0,0,0,0,0,0.00,0.00,0.00,0.00,0,False
Remi,Matthews,Matthews,Crystal Palace,GKP,4,255,0,0,0,0,0,0,0,0,0,0,0,0,0,0.0,0.0,0.0,0.0,0,0,0,0,0,0.00,0.00,0.00,0.00,0,False
Daniel,Muñoz Mejía,Muñoz,Crystal Palace,DEF,4,256,90,0,0,1,0,0,0,0,1,0,0,0,21,11.2,7.2,41.0,5.9,3,2,1,4,1,0.12,0.22,0.34,0.36,5,False
Maxence,Lacroix,Lacroix,Crystal Palace,DEF,4,257,90,0,0,1,0,0,0,0,0,0,0,0,30,19.2,4.1,2.0,2.5,5,3,1,6,1,0.00,0.02,0.02,0.36,6,False
Tyrick,Mitchell,Mitchell,Crystal Palace,DEF,4,258,90,0,0,1,0,0,0,0,0,0,0,0,27,20.8,21.2,0.0,4.2,6,5,2,8,1,0.00,0.13,0.13,0.36,6,False
Borna,Sosa,Sosa,Crystal Palace,DEF,4,259,0,0,0,0,0,0,0,0,0,0,0,0,0,0.0,0.0,0.0,0.0,0,0,0,0,0,0.00,0.00,0.00,0.00,0,False
Marc,Guéhi,Guéhi,Crystal Palace,DEF,4,260,90,0,0,1,0,0,0,0,0,0,0,0,27,17.4,11.8,4.0,3.3,6,6,0,6,1,0.03,0.01,0.04,0.36,6,False
Chris,Richards,Richards,Crystal Palace,DEF,4,261,90,0,0,1,0,0,0,0,0,0,0,0,29,17.8,15.3,14.0,4.7,3,3,1,4,1,0.19,0.03,0.22,0.36,6,False
Chadi,Riad Dnanou,Chadi Riad,Crystal Palace,DEF,4,262,0,0,0,0,0,0,0,0,0,0,0,0,0,0.0,0.0,0.0,0.0,0,0,0,0,0,0.00,0.00,0.00,0.00,0,False
Nathaniel,Clyne,Clyne,Crystal Palace,DEF,4,263,0,0,0,0,0,0,0,0,0,0,0,0,0,0.0,0.0,0.0,0.0,0,0,0,0,0,0.00,0.00,0.00,0.00,0,False
Rob,Holding,Holding,Crystal Palace,DEF,4,264,0,0,0,0,0,0,0,0,0,0,0,0,0,0.0,0.0,0.0,0.0,0,0,0,0,0,0.00,0.00,0.00,0.00,0,False
Caleb,Kporha,Kporha,Crystal Palace,DEF,4,265,0,0,0,0,0,0,0,0,0,0,0,0,0,0.0,0.0,0.0,0.0,0,0,0,0,0,0.00,0.00,0.00,0.00,0,False
Eberechi,Eze,Eze,Arsenal,MID,4,266,78,0,1,1,0,0,0,0,0,0,0,0,19,20.4,16.3,11.0,4.8,0,2,0,2,1,0.06,0.44,0.50,0.10,6,False
Ismaïla,Sarr,Sarr,Crystal Palace,MID,4,267,0,0,0,0,0,0,0,0,0,0,0,0,0,0.0,0.0,0.0,0.0,0,0,0,0,0,0.00,0.00,0.00,0.00,0,False
Cheick,Doucouré,Doucouré,Crystal Palace,MID,4,268,0,0,0,0,0,0,0,0,0,0,0,0,0,0.0,0.0,0.0,0.0,0,0,0,0,0,0.00,0.00,0.00,0.00,0,False
Romain,Esse,Esse,Crystal Palace,MID,4,269,0,0,0,0,0,0,0,0,0,0,0,0,0,0.0,0.0,0.0,0.0,0,0,0,0,0,0.00,0.00,0.00,0.00,0,False
Will,Hughes,Hughes,Crystal Palace,MID,4,270,90,0,0,1,0,0,0,0,0,0,0,0,8,9.4,26.8,2.0,3.8,2,2,1,5,1,0.03,0.21,0.24,0.36,3,False
Daichi,Kamada,Kamada,Crystal Palace,MID,4,271,90,0,0,1,0,0,0,0,0,0,0,0,16,13.8,15.2,18.0,4.7,1,1,1,3,1,0.07,0.22,0.29,0.36,3,False
Jefferson,Lerma Solís,Lerma,Crystal Palace,MID,4,272,68,0,0,1,0,0,0,0,0,0,0,0,7,2.2,2.8,1.0,0.6,1,2,1,4,1,0.03,0.01,0.04,0.34,3,False
Adam,Wharton,Wharton,Crystal Palace,MID,4,273,0,0,0,0,0,0,0,0,0,0,0,0,0,0.0,0.0,0.0,0.0,0,0,0,0,0,0.00,0.00,0.00,0.00,0,False
Asher,Agbinone,Agbinone,Crystal Palace,MID,4,274,0,0,0,0,0,0,0,0,0,0,0,0,0,0.0,0.0,0.0,0.0,0,0,0,0,0,0.00,0.00,0.00,0.00,0,False
Naouirou,Ahamada,Ahamada,Crystal Palace,MID,4,275,0,0,0,0,0,0,0,0,0,0,0,0,0,0.0,0.0,0.0,0.0,0,0,0,0,0,0.00,0.00,0.00,0.00,0,False
Justin,Devenny,Devenny,Crystal Palace,MID,4,276,21,0,0,0,0,0,0,0,0,0,0,0,6,5.2,21.3,6.0,3.3,0,0,1,1,0,0.00,0.12,0.12,0.02,1,False
Malcolm,Ebiowei,Ebiowei,Crystal Palace,MID,4,277,0,0,0,0,0,0,0,0,0,0,0,0,0,0.0,0.0,0.0,0.0,0,0,0,0,0,0.00,0.00,0.00,0.00,0,False
Jesurun,Rak-Sakyi,J.Rak-Sakyi,Crystal Palace,MID,4,278,0,0,0,0,0,0,0,0,0,0,0,0,0,0.0,0.0,0.0,0.0,0,0,0,0,0,0.00,0.00,0.00,0.00,0,False
Matheus,França de Oliveira,M.França,Crystal Palace,MID,4,279,0,0,0,0,0,0,0,0,0,0,0,0,0,0.0,0.0,0.0,0.0,0,0,0,0,0,0.00,0.00,0.00,0.00,0,False
David,Ozoh,Ozoh,Crystal Palace,MID,4,280,0,0,0,0,0,0,0,0,0,0,0,0,0,0.0,0.0,0.0,0.0,0,0,0,0,0,0.00,0.00,0.00,0.00,0,False
Kaden,Rodney,Rodney,Crystal Palace,MID,4,281,0,0,0,0,0,0,0,0,0,0,0,0,0,0.0,0.0,0.0,0.0,0,0,0,0,0,0.00,0.00,0.00,0.00,0,False
Franco,Umeh-Chibueze,Umeh,Crystal Palace,MID,4,282,0,0,0,0,0,0,0,0,0,0,0,0,0,0.0,0.0,0.0,0.0,0,0,0,0,0,0.00,0.00,0.00,0.00,0,False
Jean-Philippe,Mateta,Mateta,Crystal Palace,FWD,4,283,90,0,0,1,0,0,0,0,0,0,0,0,4,11.6,1.3,50.0,6.3,5,4,0,9,1,0.59,0.01,0.60,0.36,2,False
Eddie,Nketiah,Nketiah,Crystal Palace,FWD,4,284,0,0,0,0,0,0,0,0,0,0,0,0,0,0.0,0.0,0.0,0.0,0,0,0,0,0,0.00,0.00,0.00,0.00,0,False
Odsonne,Édouard,Édouard,Crystal Palace,FWD,4,285,0,0,0,0,0,0,0,0,0,0,0,0,0,0.0,0.0,0.0,0.0,0,0,0,0,0,0.00,0.00,0.00,0.00,0,False
Zach,Marsh,Marsh,Crystal Palace,FWD,4,286,0,0,0,0,0,0,0,0,0,0,0,0,0,0.0,0.0,0.0,0.0,0,0,0,0,0,0.00,0.00,0.00,0.00,0,False
Jordan,Pickford,Pickford,Everton,GKP,4,287,90,0,0,1,0,0,0,0,0,0,1,0,24,8.6,0.0,0.0,0.9,1,9,0,0,1,0.00,0.00,0.00,0.54,6,False
Mark,Travers,Travers,Everton,GKP,4,288,0,0,0,0,0,0,0,0,0,0,0,0,0,0.0,0.0,0.0,0.0,0,0,0,0,0,0.00,0.00,0.00,0.00,0,False
Harry,Tyrer,Tyrer,Everton,GKP,4,289,0,0,0,0,0,0,0,0,0,0,0,0,0,0.0,0.0,0.0,0.0,0,0,0,0,0,0.00,0.00,0.00,0.00,0,False
Jarrad,Branthwaite,Branthwaite,Everton,DEF,4,290,0,0,0,0,0,0,0,0,0,0,0,0,0,0.0,0.0,0.0,0.0,0,0,0,0,0,0.00,0.00,0.00,0.00,0,False
James,Tarkowski,Tarkowski,Everton,DEF,4,291,90,0,0,1,0,0,0,0,0,0,0,0,27,29.2,10.8,6.0,4.6,7,3,4,11,1,0.00,0.04,0.04,0.54,8,False
Vitalii,Mykolenko,Mykolenko,Everton,DEF,4,292,0,0,0,0,0,0,0,0,0,0,0,0,0,0.0,0.0,0.0,0.0,0,0,0,0,0,0.00,0.00,0.00,0.00,0,False
Jake,O'Brien,O'Brien,Everton,DEF,4,293,90,0,0,1,0,0,0,0,0,0,0,0,26,16.2,15.4,5.0,3.7,4,3,2,6,1,0.05,0.06,0.11,0.54,6,False
Séamus,Coleman,Coleman,Everton,DEF,4,294,0,0,0,0,0,0,0,0,0,0,0,0,0,0.0,0.0,0.0,0.0,0,0,0,0,0,0.00,0.00,0.00,0.00,0,False
Michael,Keane,Keane,Everton,DEF,4,295,90,0,0,1,0,0,0,0,0,0,0,0,20,11.0,10.8,34.0,5.6,5,3,1,6,1,0.55,0.04,0.59,0.54,6,False
Nathan,Patterson,Patterson,Everton,DEF,4,296,0,0,0,0,0,0,0,0,0,0,0,0,0,0.0,0.0,0.0,0.0,0,0,0,0,0,0.00,0.00,0.00,0.00,0,False
Roman,Dixon,Dixon,Everton,DEF,4,297,0,0,0,0,0,0,0,0,0,0,0,0,0,0.0,0.0,0.0,0.0,0,0,0,0,0,0.00,0.00,0.00,0.00,0,False
Reece,Welch,Welch,Everton,DEF,4,298,0,0,0,0,0,0,0,0,0,0,0,0,0,0.0,0.0,0.0,0.0,0,0,0,0,0,0.00,0.00,0.00,0.00,0,False
Iliman,Ndiaye,Ndiaye,Everton,MID,4,299,90,0,0,1,0,0,0,0,0,0,0,0,18,15.2,27.8,12.0,5.5,2,10,2,14,1,0.02,0.19,0.21,0.54,5,False
Dwight,McNeil,McNeil,Everton,MID,4,300,0,0,0,0,0,0,0,0,0,0,0,0,0,0.0,0.0,0.0,0.0,0,0,0,0,0,0.00,0.00,0.00,0.00,0,False
Carlos,Alcaraz Durán,Alcaraz,Everton,MID,4,301,0,0,0,0,0,0,0,0,0,0,0,0,0,0.0,0.0,0.0,0.0,0,0,0,0,0,0.00,0.00,0.00,0.00,0,False
Idrissa Gana,Gueye,Gana,Everton,MID,4,302,90,0,0,1,0,0,0,0,0,0,0,0,17,4.6,3.4,2.0,1.0,2,6,2,10,1,0.10,0.03,0.13,0.54,3,False
James,Garner,Garner,Everton,MID,4,303,90,0,0,1,0,0,0,0,0,0,0,2,31,29.6,56.7,2.0,8.8,2,3,4,9,1,0.08,0.31,0.39,0.54,5,False
Tim,Iroegbunam,Iroegbunam,Everton,MID,4,304,65,0,0,1,0,0,0,0,1,0,0,0,4,5.4,1.3,2.0,0.9,2,4,0,6,1,0.04,0.00,0.04,0.54,2,False
Harrison,Armstrong,Armstrong,Everton,MID,4,305,0,0,0,0,0,0,0,0,0,0,0,0,0,0.0,0.0,0.0,0.0,0,0,0,0,0,0.00,0.00,0.00,0.00,0,False
Callum,Bates,Bates,Everton,MID,4,306,0,0,0,0,0,0,0,0,0,0,0,0,0,0.0,0.0,0.0,0.0,0,0,0,0,0,0.00,0.00,0.00,0.00,0,False
Coby,Ebere,Ebere,Everton,MID,4,307,0,0,0,0,0,0,0,0,0,0,0,0,0,0.0,0.0,0.0,0.0,0,0,0,0,0,0.00,0.00,0.00,0.00,0,False
Isaac,Heath,Heath,Everton,MID,4,308,0,0,0,0,0,0,0,0,0,0,0,0,0,0.0,0.0,0.0,0.0,0,0,0,0,0,0.00,0.00,0.00,0.00,0,False
Jenson,Metcalfe,Metcalfe,Everton,MID,4,309,0,0,0,0,0,0,0,0,0,0,0,0,0,0.0,0.0,0.0,0.0,0,0,0,0,0,0.00,0.00,0.00,0.00,0,False
Thierno,Barry,Barry,Everton,FWD,4,310,15,0,0,0,0,0,0,0,0,0,0,0,1,0.0,0.5,13.0,1.1,0,0,0,0,0,0.11,0.01,0.12,0.00,1,False
Norberto Bercique,Gomes Betuncal,Beto,Everton,FWD,4,311,74,0,0,1,0,0,0,0,0,0,0,0,-4,0.0,0.7,29.0,2.5,1,0,0,1,1,0.97,0.00,0.97,0.54,2,False
Youssef,Ramalho Chermiti,Y.Chermiti,Everton,FWD,4,312,0,0,0,0,0,0,0,0,0,0,0,0,0,0.0,0.0,0.0,0.0,0,0,0,0,0,0.00,0.00,0.00,0.00,0,False
Martin,Sherif,Sherif,Everton,FWD,4,313,0,0,0,0,0,0,0,0,0,0,0,0,0,0.0,0.0,0.0,0.0,0,0,0,0,0,0.00,0.00,0.00,0.00,0,False
Bernd,Leno,Leno,Fulham,GKP,4,314,90,0,0,1,0,0,0,0,0,0,3,1,28,24.0,0.0,0.0,2.4,1,7,0,0,1,0.00,0.00,0.00,0.79,8,False
Steven,Benda,Benda,Fulham,GKP,4,315,0,0,0,0,0,0,0,0,0,0,0,0,0,0.0,0.0,0.0,0.0,0,0,0,0,0,0.00,0.00,0.00,0.00,0,False
Antonee,Robinson,Robinson,Fulham,DEF,4,316,0,0,0,0,0,0,0,0,0,0,0,0,0,0.0,0.0,0.0,0.0,0,0,0,0,0,0.00,0.00,0.00,0.00,0,False
Joachim,Andersen,Andersen,Fulham,DEF,4,317,90,0,0,1,0,0,0,0,0,0,0,2,32,29.0,3.0,0.0,3.2,9,7,3,12,1,0.00,0.05,0.05,0.79,10,True
Calvin,Bassey,Bassey,Fulham,DEF,4,318,90,0,0,1,0,0,0,0,0,0,0,3,34,24.0,3.0,0.0,2.7,6,6,2,8,1,0.00,0.03,0.03,0.79,9,False
Timothy,Castagne,Castagne,Fulham,DEF,4,319,0,0,0,0,0,0,0,0,0,0,0,0,0,0.0,0.0,0.0,0.0,0,0,0,0,0,0.00,0.00,0.00,0.00,0,False
Issa,Diop,Diop,Fulham,DEF,4,320,0,0,0,0,0,0,0,0,0,0,0,0,0,0.0,0.0,0.0,0.0,0,0,0,0,0,0.00,0.00,0.00,0.00,0,False
Jorge,Cuenca Barreno,J.Cuenca,Fulham,DEF,4,321,0,0,0,0,0,0,0,0,0,0,0,0,0,0.0,0.0,0.0,0.0,0,0,0,0,0,0.00,0.00,0.00,0.00,0,False
Kenny,Tete,Tete,Fulham,DEF,4,322,90,0,0,1,0,0,0,0,0,0,0,0,26,11.4,3.5,0.0,1.5,3,2,3,6,1,0.00,0.02,0.02,0.79,6,False
Samuel,Amissah,Amissah,Fulham,DEF,4,323,0,0,0,0,0,0,0,0,0,0,0,0,0,0.0,0.0,0.0,0.0,0,0,0,0,0,0.00,0.00,0.00,0.00,0,False
Alex,Iwobi,Iwobi,Fulham,MID,4,324,75,0,0,1,0,0,0,0,0,0,0,0,6,2.4,3.3,0.0,0.6,0,3,1,4,1,0.00,0.02,0.02,0.76,3,False
Emile,Smith Rowe,Smith Rowe,Fulham,MID,4,325,30,0,0,0,0,0,0,0,0,0,0,0,2,1.0,4.8,0.0,0.6,0,1,0,1,0,0.00,0.00,0.00,0.05,1,False
Adama,Traoré Diarra,Adama,Fulham,MID,4,326,30,0,0,0,0,0,0,0,0,0,0,0,0,0.0,0.6,6.0,0.4,0,1,0,1,0,0.04,0.01,0.05,0.05,1,False
Andreas,Hoelgebaum Pereira,Andreas,Fulham,MID,4,327,0,0,0,0,0,0,0,0,0,0,0,0,0,0.0,0.0,0.0,0.0,0,0,0,0,0,0.00,0.00,0.00,0.00,0,False
Ryan,Sessegnon,Sessegnon,Fulham,MID,4,328,90,0,0,1,0,0,0,0,0,0,0,0,12,15.4,22.8,4.0,4.2,5,3,2,10,1,0.00,0.22,0.22,0.79,3,False
Harry,Wilson,Wilson,Fulham,MID,4,329,59,0,0,0,0,0,0,0,0,0,0,0,9,7.0,2.8,11.0,2.1,0,0,2,2,1,0.12,0.02,0.14,0.74,1,False
Sander,Berge,Berge,Fulham,MID,4,330,83,0,0,1,0,0,0,0,1,0,0,0,18,19.4,18.6,0.0,3.8,5,6,3,14,1,0.00,0.15,0.15,0.79,4,False
Tom,Cairney,Cairney,Fulham,MID,4,331,6,0,0,0,0,0,0,0,0,0,0,0,3,0.0,0.6,0.0,0.1,0,0,0,0,0,0.00,0.00,0.00,0.00,1,False
Saša,Lukić,Lukić,Fulham,MID,4,332,90,0,1,1,0,0,0,0,0,0,0,0,25,11.4,4.0,7.0,2.2,3,2,4,9,1,0.50,0.01,0.51,0.79,6,False
Martial,Godo,Godo,Fulham,MID,4,333,0,0,0,0,0,0,0,0,0,0,0,0,0,0.0,0.0,0.0,0.0,0,0,0,0,0,0.00,0.00,0.00,0.00,0,False
Luke,Harris,Harris,Fulham,MID,4,334,0,0,0,0,0,0,0,0,0,0,0,0,0,0.0,0.0,0.0,0.0,0,0,0,0,0,0.00,0.00,0.00,0.00,0,False
Josh,King,King,Fulham,MID,4,335,59,0,0,0,0,0,0,0,0,0,0,0,4,0.2,1.0,0.0,0.1,0,2,1,3,1,0.00,0.01,0.01,0.74,1,False
Harrison,Reed,Reed,Fulham,MID,4,336,0,0,0,0,0,0,0,0,0,0,0,0,0,0.0,0.0,0.0,0.0,0,0,0,0,0,0.00,0.00,0.00,0.00,0,False
Raúl,Jiménez Rodríguez,Raúl,Fulham,FWD,4,337,6,0,0,0,0,0,0,0,0,0,0,0,4,3.0,0.0,0.0,0.3,0,0,2,2,0,0.00,0.00,0.00,0.00,1,False
Rodrigo,Muniz Carvalho,Muniz,Fulham,FWD,4,338,83,0,0,1,0,0,0,0,0,0,0,0,4,4.4,0.3,21.0,2.6,1,2,1,4,1,0.18,0.01,0.19,0.79,2,False
Illan,Meslier,Meslier,Leeds,GKP,4,339,0,0,0,0,0,0,0,0,0,0,0,0,0,0.0,0.0,0.0,0.0,0,0,0,0,0,0.00,0.00,0.00,0.00,0,False
Alex,Cairns,Cairns,Leeds,GKP,4,340,0,0,0,0,0,0,0,0,0,0,0,0,0,0.0,0.0,0.0,0.0,0,0,0,0,0,0.00,0.00,0.00,0.00,0,False
Karl,Darlow,Darlow,Leeds,GKP,4,341,90,0,0,0,1,0,0,0,0,0,3,0,15,19.6,0.0,0.0,2.0,1,12,0,0,1,0.00,0.00,0.00,0.85,3,False
Jayden,Bogle,Bogle,Leeds,DEF,4,342,90,0,0,0,1,0,0,0,0,0,0,0,11,15.6,1.8,14.0,3.1,4,7,3,7,1,0.05,0.01,0.06,0.85,2,False
Pascal,Struijk,Struijk,Leeds,DEF,4,343,90,0,0,0,1,0,0,0,0,0,0,0,8,16.0,0.6,0.0,1.7,7,1,1,8,1,0.00,0.01,0.01,0.85,2,False
Jaka,Bijol,Bijol,Leeds,DEF,4,344,0,0,0,0,0,0,0,0,0,0,0,0,0,0.0,0.0,0.0,0.0,0,0,0,0,0,0.00,0.00,0.00,0.00,0,False
Sebastiaan,Bornauw,Bornauw,Leeds,DEF,4,345,0,0,0,0,0,0,0,0,0,0,0,0,0,0.0,0.0,0.0,0.0,0,0,0,0,0,0.00,0.00,0.00,0.00,0,False
Sam,Byram,Byram,Leeds,DEF,4,346,0,0,0,0,0,0,0,0,0,0,0,0,0,0.0,0.0,0.0,0.0,0,0,0,0,0,0.00,0.00,0.00,0.00,0,False
Gabriel,Gudmundsson,Gudmundsson,Leeds,DEF,4,347,90,0,0,0,1,1,0,0,0,0,0,0,6,3.4,8.2,2.0,1.4,2,4,2,4,1,0.00,0.06,0.06,0.85,0,False
Joe,Rodon,Rodon,Leeds,DEF,4,348,90,0,0,0,1,0,0,0,0,0,0,0,12,19.0,0.7,2.0,2.2,10,1,0,10,1,0.00,0.00,0.00,0.85,4,False
Isaac,Schmidt,Schmidt,Leeds,DEF,4,349,0,0,0,0,0,0,0,0,0,0,0,0,0,0.0,0.0,0.0,0.0,0,0,0,0,0,0.00,0.00,0.00,0.00,0,False
Brenden,Aaronson,Aaronson,Leeds,MID,4,350,76,0,0,1,0,0,0,0,0,0,0,0,19,18.6,12.0,23.0,5.4,2,5,5,12,1,0.13,0.32,0.45,0.30,5,False
Wilfried,Gnonto,Gnonto,Leeds,MID,4,351,1,0,0,0,1,0,0,0,0,0,0,0,5,2.0,0.0,0.0,0.2,0,0,1,1,0,0.00,0.00,0.00,0.01,1,False
Jack,Harrison,Harrison,Leeds,MID,4,352,22,0,0,0,1,0,0,0,0,0,0,0,3,0.2,0.4,0.0,0.1,0,0,0,0,0,0.00,0.00,0.00,0.73,1,False
Daniel,James,James,Leeds,MID,4,353,11,0,0,0,0,0,0,0,0,0,0,0,3,0.0,0.0,0.0,0.0,0,0,0,0,0,0.00,0.00,0.00,0.54,1,False
Ethan,Ampadu,Ampadu,Leeds,MID,4,354,90,0,0,0,1,0,0,0,0,0,0,0,15,13.6,1.4,0.0,1.5,4,6,2,12,1,0.00,0.01,0.01,0.85,4,False
Sam,Greenwood,Greenwood,Leeds,MID,4,355,0,0,0,0,0,0,0,0,0,0,0,0,0,0.0,0.0,0.0,0.0,0,0,0,0,0,0.00,0.00,0.00,0.00,0,False
Ilia,Gruev,Gruev,Leeds,MID,4,356,0,0,0,0,0,0,0,0,0,0,0,0,0,0.0,0.0,0.0,0.0,0,0,0,0,0,0.00,0.00,0.00,0.00,0,False
Largie,Ramazani,Ramazani,Leeds,MID,4,357,0,0,0,0,0,0,0,0,0,0,0,0,0,0.0,0.0,0.0,0.0,0,0,0,0,0,0.00,0.00,0.00,0.00,0,False
Tanaka,Ao,Tanaka,Leeds,MID,4,358,0,0,0,0,0,0,0,0,0,0,0,0,0,0.0,0.0,0.0,0.0,0,0,0,0,0,0.00,0.00,0.00,0.00,0,False
Charlie,Crew,Crew,Leeds,MID,4,359,0,0,0,0,0,0,0,0,0,0,0,0,0,0.0,0.0,0.0,0.0,0,0,0,0,0,0.00,0.00,0.00,0.00,0,False
Joe,Gelhardt,Gelhardt,Leeds,MID,4,360,0,0,0,0,0,0,0,0,0,0,0,0,0,0.0,0.0,0.0,0.0,0,0,0,0,0,0.00,0.00,0.00,0.00,0,False
Darko,Gyabi,Gyabi,Leeds,MID,4,361,0,0,0,0,0,0,0,0,0,0,0,0,0,0.0,0.0,0.0,0.0,0,0,0,0,0,0.00,0.00,0.00,0.00,0,False
Joël,Piroe,Piroe,Leeds,FWD,4,362,0,0,0,0,0,0,0,0,0,0,0,0,0,0.0,0.0,0.0,0.0,0,0,0,0,0,0.00,0.00,0.00,0.00,0,False
Patrick,Bamford,Bamford,Leeds,FWD,4,363,0,0,0,0,0,0,0,0,0,0,0,0,0,0.0,0.0,0.0,0.0,0,0,0,0,0,0.00,0.00,0.00,0.00,0,False
Mateo,Joseph Fernández-Regatillo,Mateo Joseph,Leeds,FWD,4,364,0,0,0,0,0,0,0,0,0,0,0,0,0,0.0,0.0,0.0,0.0,0,0,0,0,0,0.00,0.00,0.00,0.00,0,False
Lukas,Nmecha,Nmecha,Leeds,FWD,4,365,21,0,0,0,1,0,0,0,0,0,0,0,1,0.0,1.3,0.0,0.0,0,0,0,0,0,0.00,0.00,0.00,0.73,1,False
Alisson,Becker,A.Becker,Liverpool,GKP,4,366,90,0,0,1,0,0,0,0,0,0,0,0,19,4.0,0.1,0.0,0.4,0,5,0,0,1,0.00,0.00,0.00,0.13,6,False
Giorgi,Mamardashvili,Mamardashvili,Liverpool,GKP,4,367,0,0,0,0,0,0,0,0,0,0,0,0,0,0.0,0.0,0.0,0.0,0,0,0,0,0,0.00,0.00,0.00,0.00,0,False
Ármin,Pécsi,Pécsi,Liverpool,GKP,4,368,0,0,0,0,0,0,0,0,0,0,0,0,0,0.0,0.0,0.0,0.0,0,0,0,0,0,0.00,0.00,0.00,0.00,0,False
Freddie,Woodman,Woodman,Liverpool,GKP,4,369,0,0,0,0,0,0,0,0,0,0,0,0,0,0.0,0.0,0.0,0.0,0,0,0,0,0,0.00,0.00,0.00,0.00,0,False
Jeremie,Frimpong,Frimpong,Liverpool,DEF,4,370,3,0,1,0,0,0,0,0,0,0,0,0,14,3.0,0.6,19.0,2.3,0,0,0,0,0,0.08,0.01,0.09,0.00,4,False
Milos,Kerkez,Kerkez,Liverpool,DEF,4,371,37,0,0,0,0,0,0,0,1,0,0,0,-1,0.0,16.9,10.0,2.7,0,0,0,0,1,0.08,0.02,0.10,0.12,0,False
Andrew,Robertson,Robertson,Liverpool,DEF,4,372,52,0,0,0,0,0,0,0,0,0,0,0,20,24.6,68.0,23.0,11.6,0,2,0,0,0,0.10,0.37,0.47,0.01,1,False
Virgil,van Dijk,Virgil,Liverpool,DEF,4,373,90,0,0,1,0,0,0,0,0,0,0,2,27,24.8,16.3,0.0,4.1,5,1,1,6,1,0.00,0.06,0.06,0.13,8,False
Ibrahima,Konaté,Konaté,Liverpool,DEF,4,374,86,0,0,1,0,0,0,0,0,0,0,3,29,20.8,26.7,9.0,5.7,3,3,4,7,1,0.49,0.05,0.54,0.13,9,False
Conor,Bradley,Bradley,Liverpool,DEF,4,375,45,0,0,0,0,0,0,0,1,0,0,0,6,7.8,8.5,11.0,2.7,1,3,1,2,0,0.02,0.08,0.10,0.01,0,False
Joe,Gomez,Gomez,Liverpool,DEF,4,376,0,0,0,0,0,0,0,0,0,0,0,0,0,0.0,0.0,0.0,0.0,0,0,0,0,0,0.00,0.00,0.00,0.00,0,False
Konstantinos,Tsimikas,Tsimikas,Liverpool,DEF,4,377,0,0,0,0,0,0,0,0,0,0,0,0,0,0.0,0.0,0.0,0.0,0,0,0,0,0,0.00,0.00,0.00,0.00,0,False
Amara,Nallo,Nallo,Liverpool,DEF,4,378,0,0,0,0,0,0,0,0,0,0,0,0,0,0.0,0.0,0.0,0.0,0,0,0,0,0,0.00,0.00,0.00,0.00,0,False
Rhys,Williams,R.Williams,Liverpool,DEF,4,379,0,0,0,0,0,0,0,0,0,0,0,0,0,0.0,0.0,0.0,0.0,0,0,0,0,0,0.00,0.00,0.00,0.00,0,False
Calvin,Ramsay,Ramsay,Liverpool,DEF,4,380,0,0,0,0,0,0,0,0,0,0,0,0,0,0.0,0.0,0.0,0.0,0,0,0,0,0,0.00,0.00,0.00,0.00,0,False
Mohamed,Salah,M.Salah,Liverpool,MID,4,381,90,1,0,1,0,0,0,0,0,0,0,1,26,35.0,20.6,27.0,8.3,0,3,0,3,1,0.79,0.15,0.94,0.13,9,False
Florian,Wirtz,Wirtz,Liverpool,MID,4,382,86,0,0,1,0,0,0,0,0,0,0,0,8,9.2,59.0,22.0,9.0,1,2,1,4,1,0.15,0.26,0.41,0.13,3,False
Luis,Díaz Marulanda,Luis Díaz,Liverpool,MID,4,383,0,0,0,0,0,0,0,0,0,0,0,0,0,0.0,0.0,0.0,0.0,0,0,0,0,0,0.00,0.00,0.00,0.00,0,False
Cody,Gakpo,Gakpo,Liverpool,MID,4,384,90,0,0,1,0,0,0,0,0,0,0,0,14,4.2,35.8,32.0,7.2,1,0,0,1,1,0.21,0.32,0.53,0.13,3,False
Federico,Chiesa,Chiesa,Liverpool,MID,4,385,18,0,0,0,0,0,0,0,0,0,0,0,-1,0.0,0.6,8.0,0.7,0,0,0,0,0,0.08,0.03,0.11,0.01,1,False
Alexis,Mac Allister,Mac Allister,Liverpool,MID,4,386,45,0,0,0,0,0,0,0,0,0,0,0,10,3.4,4.7,0.0,0.8,0,2,1,3,1,0.00,0.03,0.03,0.12,1,False
Dominik,Szoboszlai,Szoboszlai,Liverpool,MID,4,387,90,0,0,1,0,0,0,0,0,0,0,0,14,12.6,11.9,22.0,4.7,4,4,1,9,1,0.21,0.07,0.28,0.13,3,False
Curtis,Jones,C.Jones,Liverpool,MID,4,388,0,0,0,0,0,0,0,0,0,0,0,0,0,0.0,0.0,0.0,0.0,0,0,0,0,0,0.00,0.00,0.00,0.00,0,False
Harvey,Elliott,Elliott,Aston Villa,MID,4,389,19,0,0,0,0,0,0,0,0,0,0,0,4,1.4,2.0,0.0,0.3,1,1,0,2,0,0.00,0.00,0.00,0.55,1,False
Ryan,Gravenberch,Gravenberch,Liverpool,MID,4,390,90,0,0,1,0,0,0,0,0,0,0,0,19,21.2,51.8,12.0,8.5,2,3,1,6,1,0.12,0.11,0.23,0.13,3,False
Ben,Gannon-Doak,Gannon-Doak,Bournemouth,MID,4,391,0,0,0,0,0,0,0,0,0,0,0,0,0,0.0,0.0,0.0,0.0,0,0,0,0,0,0.00,0.00,0.00,0.00,0,False
Endo,Wataru,Endo,Liverpool,MID,4,392,0,0,0,0,0,0,0,0,0,0,0,0,0,0.0,0.0,0.0,0.0,0,0,0,0,0,0.00,0.00,0.00,0.00,0,False
Stefan,Bajčetić Maquieira,Bajcetic,Liverpool,MID,4,393,0,0,0,0,0,0,0,0,0,0,0,0,0,0.0,0.0,0.0,0.0,0,0,0,0,0,0.00,0.00,0.00,0.00,0,False
James,McConnell,McConnell,Liverpool,MID,4,394,0,0,0,0,0,0,0,0,0,0,0,0,0,0.0,0.0,0.0,0.0,0,0,0,0,0,0.00,0.00,0.00,0.00,0,False
Tyler,Morton,Morton,Liverpool,MID,4,395,0,0,0,0,0,0,0,0,0,0,0,0,0,0.0,0.0,0.0,0.0,0,0,0,0,0,0.00,0.00,0.00,0.00,0,False
Trey,Nyoni,Nyoni,Liverpool,MID,4,396,0,0,0,0,0,0,0,0,0,0,0,0,0,0.0,0.0,0.0,0.0,0,0,0,0,0,0.00,0.00,0.00,0.00,0,False
Darwin,Núñez Ribeiro,Darwin,Liverpool,FWD,4,397,0,0,0,0,0,0,0,0,0,0,0,0,0,0.0,0.0,0.0,0.0,0,0,0,0,0,0.00,0.00,0.00,0.00,0,False
Jayden,Danns,Danns,Liverpool,FWD,4,398,0,0,0,0,0,0,0,0,0,0,0,0,0,0.0,0.0,0.0,0.0,0,0,0,0,0,0.00,0.00,0.00,0.00,0,False
Ederson,Santana de Moraes,Ederson M.,Man City,GKP,4,399,0,0,0,0,0,0,0,0,0,0,0,0,0,0.0,0.0,0.0,0.0,0,0,0,0,0,0.00,0.00,0.00,0.00,0,False
Stefan,Ortega Moreno,Ortega Moreno,Man City,GKP,4,400,0,0,0,0,0,0,0,0,0,0,0,0,0,0.0,0.0,0.0,0.0,0,0,0,0,0,0.00,0.00,0.00,0.00,0,False
Marcus,Bettinelli,Bettinelli,Man City,GKP,4,401,0,0,0,0,0,0,0,0,0,0,0,0,0,0.0,0.0,0.0,0.0,0,0,0,0,0,0.00,0.00,0.00,0.00,0,False
Rayan,Aït-Nouri,Aït-Nouri,Man City,DEF,4,402,0,0,0,0,0,0,0,0,0,0,0,0,0,0.0,0.0,0.0,0.0,0,0,0,0,0,0.00,0.00,0.00,0.00,0,False
Joško,Gvardiol,Gvardiol,Man City,DEF,4,403,90,0,0,1,0,0,0,0,0,0,0,0,22,9.2,1.2,0.0,1.0,3,0,0,3,1,0.00,0.00,0.00,1.51,6,False
Manuel,Akanji,Akanji,Man City,DEF,4,404,0,0,0,0,0,0,0,0,0,0,0,0,0,0.0,0.0,0.0,0.0,0,0,0,0,0,0.00,0.00,0.00,0.00,0,False
Nathan,Aké,Aké,Man City,DEF,4,405,2,0,0,0,0,0,0,0,0,0,0,0,3,0.0,0.0,0.0,0.0,0,0,0,0,0,0.00,0.00,0.00,0.09,1,False
Abdukodir,Khusanov,Khusanov,Man City,DEF,4,406,90,0,0,1,0,0,0,0,0,0,0,0,27,20.0,2.1,0.0,2.2,10,5,2,12,1,0.00,0.01,0.01,1.51,8,False
Matheus,Nunes,Matheus N.,Man City,DEF,4,407,0,0,0,0,0,0,0,0,0,0,0,0,0,0.0,0.0,0.0,0.0,0,0,0,0,0,0.00,0.00,0.00,0.00,0,False
Rúben,dos Santos Gato Alves Dias,Rúben,Man City,DEF,4,408,90,0,0,1,0,0,0,0,0,0,0,0,25,14.0,0.9,0.0,1.5,7,1,0,7,1,0.00,0.01,0.01,1.51,6,False
John,Stones,Stones,Man City,DEF,4,409,0,0,0,0,0,0,0,0,0,0,0,0,0,0.0,0.0,0.0,0.0,0,0,0,0,0,0.00,0.00,0.00,0.00,0,False
Rico,Lewis,Lewis,Man City,DEF,4,410,0,0,0,0,0,0,0,0,0,0,0,0,0,0.0,0.0,0.0,0.0,0,0,0,0,0,0.00,0.00,0.00,0.00,0,False
Nico,O'Reilly,O’Reilly,Man City,DEF,4,411,90,0,0,1,0,0,0,0,0,0,0,0,25,19.6,1.8,1.0,2.2,4,5,5,9,1,0.03,0.01,0.04,1.51,6,False
Vitor,de Oliveira Nunes dos Reis,Vitor Reis,Man City,DEF,4,412,0,0,0,0,0,0,0,0,0,0,0,0,0,0.0,0.0,0.0,0.0,0,0,0,0,0,0.00,0.00,0.00,0.00,0,False
Omar,Marmoush,Marmoush,Man City,MID,4,413,0,0,0,0,0,0,0,0,0,0,0,0,0,0.0,0.0,0.0,0.0,0,0,0,0,0,0.00,0.00,0.00,0.00,0,False
Phil,Foden,Foden,Man City,MID,4,414,90,1,0,1,0,0,0,0,0,0,0,2,37,40.6,16.5,23.0,8.0,1,11,1,13,1,0.28,0.03,0.31,1.51,12,True
Sávio,Moreira de Oliveira,Savinho,Man City,MID,4,415,13,0,0,0,0,0,0,0,0,0,0,0,6,5.2,0.5,33.0,3.9,2,0,0,2,0,0.04,0.00,0.04,1.37,1,False
Bernardo,Mota Veiga de Carvalho e Silva,Bernardo,Man City,MID,4,416,87,0,1,1,0,0,0,0,0,0,0,0,16,19.0,33.8,8.0,6.1,0,7,1,8,1,0.10,0.55,0.65,1.42,6,False
Rayan,Cherki,Cherki,Man City,MID,4,417,0,0,0,0,0,0,0,0,0,0,0,0,0,0.0,0.0,0.0,0.0,0,0,0,0,0,0.00,0.00,0.00,0.00,0,False
Jérémy,Doku,Doku,Man City,MID,4,418,76,0,2,1,0,0,0,0,0,0,0,1,33,40.6,54.0,10.0,10.5,1,3,0,4,1,0.00,0.75,0.75,0.14,10,False
Jack,Grealish,Grealish,Everton,MID,4,419,90,0,0,1,0,0,0,0,1,0,0,0,20,28.0,64.3,56.0,14.8,1,2,3,6,1,0.09,0.30,0.39,0.54,2,False
İlkay,Gündoğan,Gündoğan,Man City,MID,4,420,0,0,0,0,0,0,0,0,0,0,0,0,0,0.0,0.0,0.0,0.0,0,0,0,0,0,0.00,0.00,0.00,0.00,0,False
Rodrigo 'Rodri',Hernandez Cascante,Rodrigo,Man City,MID,4,421,75,0,0,1,0,0,0,0,0,0,0,0,11,6.4,3.8,0.0,1.0,0,5,2,7,1,0.00,0.02,0.02,0.14,3,False
Mateo,Kovačić,Kovačić,Man City,MID,4,422,0,0,0,0,0,0,0,0,0,0,0,0,0,0.0,0.0,0.0,0.0,0,0,0,0,0,0.00,0.00,0.00,0.00,0,False
Nico,González Iglesias,N.Gonzalez,Man City,MID,4,423,14,0,0,0,0,0,0,0,0,0,0,0,5,9.2,0.1,0.0,0.9,4,1,0,5,0,0.00,0.00,0.00,1.37,1,False
Oscar,Bobb,Bobb,Man City,MID,4,424,3,0,0,0,0,0,0,0,0,0,0,0,5,3.0,10.8,4.0,1.8,0,1,0,1,0,0.00,0.05,0.05,0.09,1,False
Claudio,Echeverri,Echeverri,Man City,MID,4,425,0,0,0,0,0,0,0,0,0,0,0,0,0,0.0,0.0,0.0,0.0,0,0,0,0,0,0.00,0.00,0.00,0.00,0,False
James,McAtee,McAtee,Nott'm Forest,MID,4,426,17,0,0,0,1,0,0,0,0,0,0,0,2,2.8,12.1,0.0,1.5,0,0,0,0,0,0.00,0.01,0.01,0.08,1,False
Tijjani,Reijnders,Reijnders,Man City,MID,4,427,90,0,0,1,0,0,0,0,0,0,0,0,8,8.0,19.3,25.0,5.2,3,3,1,7,1,0.35,0.02,0.37,1.51,3,False
Sverre,Nypan,Nypan,Man City,MID,4,428,0,0,0,0,0,0,0,0,0,0,0,0,0,0.0,0.0,0.0,0.0,0,0,0,0,0,0.00,0.00,0.00,0.00,0,False
Kalvin,Phillips,Phillips,Man City,MID,4,429,0,0,0,0,0,0,0,0,0,0,0,0,0,0.0,0.0,0.0,0.0,0,0,0,0,0,0.00,0.00,0.00,0.00,0,False
Erling,Haaland,Haaland,Man City,FWD,4,430,86,2,0,1,0,0,0,0,0,0,0,3,63,78.8,12.9,70.0,16.2,6,2,0,8,1,1.80,0.01,1.81,1.42,13,True
Altay,Bayındır,Bayindir,Man Utd,GKP,4,431,90,0,0,0,3,0,0,0,0,0,3,0,5,29.2,0.0,0.0,2.9,1,4,0,0,1,0.00,0.00,0.00,2.52,2,False
André,Onana,Onana,Man Utd,GKP,4,432,0,0,0,0,0,0,0,0,0,0,0,0,0,0.0,0.0,0.0,0.0,0,0,0,0,0,0.00,0.00,0.00,0.00,0,False
Elyh,Harrison,Harrison,Man Utd,GKP,4,433,0,0,0,0,0,0,0,0,0,0,0,0,0,0.0,0.0,0.0,0.0,0,0,0,0,0,0.00,0.00,0.00,0.00,0,False
Tom,Heaton,Heaton,Man Utd,GKP,4,434,0,0,0,0,0,0,0,0,0,0,0,0,0,0.0,0.0,0.0,0.0,0,0,0,0,0,0.00,0.00,0.00,0.00,0,False
Dermot,Mee,Mee,Man Utd,GKP,4,435,0,0,0,0,0,0,0,0,0,0,0,0,0,0.0,0.0,0.0,0.0,0,0,0,0,0,0.00,0.00,0.00,0.00,0,False
Matthijs,de Ligt,De Ligt,Man Utd,DEF,4,436,90,0,0,0,3,0,0,0,0,0,0,0,6,14.8,0.8,0.0,1.6,4,4,5,9,1,0.00,0.00,0.00,2.52,1,False
Lisandro,Martínez,Martinez,Man Utd,DEF,4,437,0,0,0,0,0,0,0,0,0,0,0,0,0,0.0,0.0,0.0,0.0,0,0,0,0,0,0.00,0.00,0.00,0.00,0,False
Noussair,Mazraoui,Mazraoui,Man Utd,DEF,4,438,61,0,0,0,2,0,0,0,0,0,0,0,7,8.6,2.5,4.0,1.5,2,5,3,5,1,0.00,0.03,0.03,1.46,1,False
Diego,León Blanco,D.Leon,Man Utd,DEF,4,439,0,0,0,0,0,0,0,0,0,0,0,0,0,0.0,0.0,0.0,0.0,0,0,0,0,0,0.00,0.00,0.00,0.00,0,False
Diogo,Dalot Teixeira,Dalot,Man Utd,DEF,4,440,0,0,0,0,0,0,0,0,0,0,0,0,0,0.0,0.0,0.0,0.0,0,0,0,0,0,0.00,0.00,0.00,0.00,0,False
Patrick,Dorgu,Dorgu,Man Utd,DEF,4,441,90,0,0,0,3,0,0,0,0,0,0,0,7,20.4,48.9,28.0,9.7,2,3,4,6,1,0.20,0.10,0.30,2.52,1,False
Harry,Maguire,Maguire,Man Utd,DEF,4,442,28,0,0,0,1,0,0,0,0,0,0,0,-4,0.0,0.3,0.0,0.0,1,1,0,1,0,0.00,0.00,0.00,1.06,1,False
Luke,Shaw,Shaw,Man Utd,DEF,4,443,90,0,0,0,3,0,0,0,0,0,0,0,1,8.6,3.7,0.0,1.2,1,5,1,2,1,0.00,0.05,0.05,2.52,1,False
Leny,Yoro,Yoro,Man Utd,DEF,4,444,61,0,0,0,2,0,0,0,0,0,0,0,-3,0.6,0.8,2.0,0.3,3,5,0,3,1,0.00,0.00,0.00,1.46,1,False
Harry,Amass,Amass,Man Utd,DEF,4,445,0,0,0,0,0,0,0,0,0,0,0,0,0,0.0,0.0,0.0,0.0,0,0,0,0,0,0.00,0.00,0.00,0.00,0,False
Tyler,Fredricson,Fredricson,Man Utd,DEF,4,446,0,0,0,0,0,0,0,0,0,0,0,0,0,0.0,0.0,0.0,0.0,0,0,0,0,0,0.00,0.00,0.00,0.00,0,False
Ayden,Heaven,Heaven,Man Utd,DEF,4,447,0,0,0,0,0,0,0,0,0,0,0,0,0,0.0,0.0,0.0,0.0,0,0,0,0,0,0.00,0.00,0.00,0.00,0,False
Tyrell,Malacia,Malacia,Man Utd,DEF,4,448,0,0,0,0,0,0,0,0,0,0,0,0,0,0.0,0.0,0.0,0.0,0,0,0,0,0,0.00,0.00,0.00,0.00,0,False
Bruno,Borges Fernandes,B.Fernandes,Man Utd,MID,4,449,90,0,0,0,3,0,0,0,0,0,0,0,21,16.0,35.7,1.0,5.3,0,3,2,5,1,0.02,0.32,0.34,2.52,2,False
Matheus,Santos Carneiro da Cunha,Cunha,Man Utd,MID,4,450,0,0,0,0,0,0,0,0,0,0,0,0,0,0.0,0.0,0.0,0.0,0,0,0,0,0,0.00,0.00,0.00,0.00,0,False
Marcus,Rashford,Rashford,Man Utd,MID,4,451,0,0,0,0,0,0,0,0,0,0,0,0,0,0.0,0.0,0.0,0.0,0,0,0,0,0,0.00,0.00,0.00,0.00,0,False
Amad,Diallo,Amad,Man Utd,MID,4,452,90,0,0,0,3,0,0,0,0,0,0,0,17,10.4,27.0,9.0,4.6,1,3,2,6,1,0.07,0.57,0.64,2.52,2,False
Alejandro,Garnacho Ferreyra,Garnacho,Chelsea,MID,4,453,11,0,0,0,1,0,0,0,0,0,0,0,4,2.0,10.5,6.0,1.9,0,1,0,1,0,0.00,0.05,0.05,0.71,1,False
Antony,dos Santos,Antony,Man Utd,MID,4,454,0,0,0,0,0,0,0,0,0,0,0,0,0,0.0,0.0,0.0,0.0,0,0,0,0,0,0.00,0.00,0.00,0.00,0,False
Mason,Mount,Mount,Man Utd,MID,4,455,0,0,0,0,0,0,0,0,0,0,0,0,0,0.0,0.0,0.0,0.0,0,0,0,0,0,0.00,0.00,0.00,0.00,0,False
Jadon,Sancho,Sancho,Aston Villa,MID,4,456,0,0,0,0,0,0,0,0,0,0,0,0,0,0.0,0.0,0.0,0.0,0,0,0,0,0,0.00,0.00,0.00,0.00,0,False
Carlos Henrique,Casimiro,Casemiro,Man Utd,MID,4,457,10,0,0,0,0,0,0,0,0,0,0,0,-1,0.2,1.4,9.0,1.1,0,2,0,2,0,0.49,0.02,0.51,0.18,1,False
Kobbie,Mainoo,Mainoo,Man Utd,MID,4,458,28,0,0,0,1,0,0,0,0,0,0,0,7,9.6,22.5,0.0,3.2,0,2,2,4,0,0.00,0.02,0.02,1.06,1,False
Manuel,Ugarte Ribeiro,Ugarte,Man Utd,MID,4,459,79,0,0,0,3,0,0,0,0,0,0,0,15,7.2,8.8,1.0,1.7,3,6,3,12,1,0.02,0.01,0.03,2.34,4,False
Toby,Collyer,Collyer,Man Utd,MID,4,460,0,0,0,0,0,0,0,0,0,0,0,0,0,0.0,0.0,0.0,0.0,0,0,0,0,0,0.00,0.00,0.00,0.00,0,False
Jayce,Fitzgerald,Fitzgerald,Man Utd,MID,4,461,0,0,0,0,0,0,0,0,0,0,0,0,0,0.0,0.0,0.0,0.0,0,0,0,0,0,0.00,0.00,0.00,0.00,0,False
Jack,Fletcher,J.Fletcher,Man Utd,MID,4,462,0,0,0,0,0,0,0,0,0,0,0,0,0,0.0,0.0,0.0,0.0,0,0,0,0,0,0.00,0.00,0.00,0.00,0,False
Sékou,Koné,Kone,Man Utd,MID,4,463,0,0,0,0,0,0,0,0,0,0,0,0,0,0.0,0.0,0.0,0.0,0,0,0,0,0,0.00,0.00,0.00,0.00,0,False
Jack,Moorhouse,Moorhouse,Man Utd,MID,4,464,0,0,0,0,0,0,0,0,0,0,0,0,0,0.0,0.0,0.0,0.0,0,0,0,0,0,0.00,0.00,0.00,0.00,0,False
Rasmus,Højlund,Højlund,Man Utd,FWD,4,465,0,0,0,0,0,0,0,0,0,0,0,0,0,0.0,0.0,0.0,0.0,0,0,0,0,0,0.00,0.00,0.00,0.00,0,False
Joshua,Zirkzee,Zirkzee,Man Utd,FWD,4,466,10,0,0,0,0,0,0,0,0,0,0,0,4,0.2,0.3,2.0,0.3,0,1,0,1,0,0.00,0.00,0.00,0.18,1,False
Chido,Obi,Obi,Man Utd,FWD,4,467,0,0,0,0,0,0,0,0,0,0,0,0,0,0.0,0.0,0.0,0.0,0,0,0,0,0,0.00,0.00,0.00,0.00,0,False
Ethan,Wheatley,Wheatley,Man Utd,FWD,4,468,0,0,0,0,0,0,0,0,0,0,0,0,0,0.0,0.0,0.0,0.0,0,0,0,0,0,0.00,0.00,0.00,0.00,0,False
Nick,Pope,Pope,Newcastle,GKP,4,469,90,0,0,1,0,0,0,0,0,0,3,1,29,26.4,0.0,0.0,2.6,0,7,0,0,1,0.00,0.00,0.00,0.50,8,False
Martin,Dúbravka,Dúbravka,Burnley,GKP,4,470,90,0,0,0,1,0,0,0,0,0,3,0,15,21.2,0.0,0.0,2.1,4,11,0,0,1,0.00,0.00,0.00,2.45,3,False
Mark,Gillespie,Gillespie,Newcastle,GKP,4,471,0,0,0,0,0,0,0,0,0,0,0,0,0,0.0,0.0,0.0,0.0,0,0,0,0,0,0.00,0.00,0.00,0.00,0,False
Odysseas,Vlachodimos,Odysseas,Newcastle,GKP,4,472,0,0,0,0,0,0,0,0,0,0,0,0,0,0.0,0.0,0.0,0.0,0,0,0,0,0,0.00,0.00,0.00,0.00,0,False
Lewis,Hall,Hall,Newcastle,DEF,4,473,0,0,0,0,0,0,0,0,0,0,0,0,0,0.0,0.0,0.0,0.0,0,0,0,0,0,0.00,0.00,0.00,0.00,0,False
Fabian,Schär,Schär,Newcastle,DEF,4,474,90,0,0,1,0,0,0,0,0,0,0,0,28,28.6,11.3,2.0,4.2,11,2,0,11,1,0.00,0.03,0.03,0.50,8,False
Sven,Botman,Botman,Newcastle,DEF,4,475,1,0,0,0,0,0,0,0,0,0,0,0,3,0.0,0.0,0.0,0.0,0,0,0,0,0,0.00,0.00,0.00,0.00,1,False
Dan,Burn,Burn,Newcastle,DEF,4,476,90,0,0,1,0,0,0,0,0,0,0,0,24,13.8,0.5,9.0,2.3,4,3,2,6,1,0.04,0.00,0.04,0.50,6,False
Tino,Livramento,Livramento,Newcastle,DEF,4,477,90,0,0,1,0,0,0,0,0,0,0,0,22,10.0,5.7,2.0,1.8,2,4,2,4,1,0.00,0.04,0.04,0.50,6,False
Kieran,Trippier,Trippier,Newcastle,DEF,4,478,90,0,0,1,0,0,0,0,0,0,0,2,32,22.2,82.1,2.0,10.6,2,7,1,3,1,0.00,0.19,0.19,0.50,8,False
Emil,Krafth,Krafth,Newcastle,DEF,4,479,0,0,0,0,0,0,0,0,0,0,0,0,0,0.0,0.0,0.0,0.0,0,0,0,0,0,0.00,0.00,0.00,0.00,0,False
Jamaal,Lascelles,Lascelles,Newcastle,DEF,4,480,0,0,0,0,0,0,0,0,0,0,0,0,0,0.0,0.0,0.0,0.0,0,0,0,0,0,0.00,0.00,0.00,0.00,0,False
Alex,Murphy,A.Murphy,Newcastle,DEF,4,481,0,0,0,0,0,0,0,0,0,0,0,0,0,0.0,0.0,0.0,0.0,0,0,0,0,0,0.00,0.00,0.00,0.00,0,False
Harrison,Ashby,Ashby,Newcastle,DEF,4,482,0,0,0,0,0,0,0,0,0,0,0,0,0,0.0,0.0,0.0,0.0,0,0,0,0,0,0.00,0.00,0.00,0.00,0,False
Miodrag,Pivaš,Pivas,Newcastle,DEF,4,483,0,0,0,0,0,0,0,0,0,0,0,0,0,0.0,0.0,0.0,0.0,0,0,0,0,0,0.00,0.00,0.00,0.00,0,False
Matt,Targett,Targett,Newcastle,DEF,4,484,0,0,0,0,0,0,0,0,0,0,0,0,0,0.0,0.0,0.0,0.0,0,0,0,0,0,0.00,0.00,0.00,0.00,0,False
Anthony,Gordon,Gordon,Newcastle,MID,4,485,0,0,0,0,0,0,0,0,0,0,0,0,0,0.0,0.0,0.0,0.0,0,0,0,0,0,0.00,0.00,0.00,0.00,0,False
Anthony,Elanga,Elanga,Newcastle,MID,4,486,10,0,0,0,0,0,0,0,0,0,0,0,4,0.2,1.4,0.0,0.2,0,0,0,0,0,0.00,0.00,0.00,0.09,1,False
Harvey,Barnes,Barnes,Newcastle,MID,4,487,79,0,0,1,0,0,0,0,0,0,0,0,4,0.0,4.1,14.0,1.8,1,2,1,4,1,0.11,0.09,0.20,0.41,3,False
Bruno,Guimarães Rodriguez Moura,Bruno G.,Newcastle,MID,4,488,90,0,0,1,0,0,0,0,1,0,0,0,9,7.2,32.3,6.0,4.6,1,10,0,11,1,0.08,0.05,0.13,0.50,2,False
Jacob,Murphy,J.Murphy,Newcastle,MID,4,489,90,0,1,1,0,0,0,0,0,0,0,0,16,24.2,17.2,41.0,8.2,2,0,0,2,1,0.82,0.28,1.10,0.50,6,False
Joelinton Cássio,Apolinário de Lira,Joelinton,Newcastle,MID,4,490,64,0,0,1,0,0,0,0,0,0,0,0,11,3.2,16.6,8.0,2.8,1,1,0,2,1,0.00,0.31,0.31,0.41,3,False
Sandro,Tonali,Tonali,Newcastle,MID,4,491,90,0,0,1,0,0,0,0,0,0,0,0,18,14.2,5.0,35.0,5.4,2,2,1,5,1,0.14,0.02,0.16,0.50,3,False
Antoñito,Cordero Campillo,Antoñito C.,Newcastle,MID,4,492,0,0,0,0,0,0,0,0,0,0,0,0,0,0.0,0.0,0.0,0.0,0,0,0,0,0,0.00,0.00,0.00,0.00,0,False
Sean,Longstaff,Longstaff,Leeds,MID,4,493,90,0,0,0,1,0,0,0,0,0,0,0,10,5.8,2.2,5.0,1.3,1,4,2,7,1,0.04,0.02,0.06,0.85,2,False
Joe,Willock,Willock,Newcastle,MID,4,494,25,0,0,0,0,0,0,0,0,0,0,0,1,0.0,0.3,4.0,0.3,1,1,0,2,0,0.09,0.00,0.09,0.09,1,False
Isaac,Hayden,Hayden,Newcastle,MID,4,495,0,0,0,0,0,0,0,0,0,0,0,0,0,0.0,0.0,0.0,0.0,0,0,0,0,0,0.00,0.00,0.00,0.00,0,False
Garang,Kuol,Kuol,Newcastle,MID,4,496,0,0,0,0,0,0,0,0,0,0,0,0,0,0.0,0.0,0.0,0.0,0,0,0,0,0,0.00,0.00,0.00,0.00,0,False
Lewis,Miley,L.Miley,Newcastle,MID,4,497,0,0,0,0,0,0,0,0,0,0,0,0,0,0.0,0.0,0.0,0.0,0,0,0,0,0,0.00,0.00,0.00,0.00,0,False
Joe,White,White,Newcastle,MID,4,498,0,0,0,0,0,0,0,0,0,0,0,0,0,0.0,0.0,0.0,0.0,0,0,0,0,0,0.00,0.00,0.00,0.00,0,False
Alexander,Isak,Isak,Liverpool,FWD,4,499,0,0,0,0,0,0,0,0,0,0,0,0,0,0.0,0.0,0.0,0.0,0,0,0,0,0,0.00,0.00,0.00,0.00,0,False
William,Osula,Osula,Newcastle,FWD,4,500,25,0,0,0,0,0,0,0,0,0,0,0,3,6.0,10.0,0.0,1.6,1,1,0,2,0,0.00,0.00,0.00,0.09,1,False
Sean,Neave,Neave,Newcastle,FWD,4,501,0,0,0,0,0,0,0,0,0,0,0,0,0,0.0,0.0,0.0,0.0,0,0,0,0,0,0.00,0.00,0.00,0.00,0,False
Matz,Sels,Sels,Nott'm Forest,GKP,4,502,90,0,0,0,3,0,0,0,0,0,2,0,2,20.6,0.0,0.0,2.1,2,4,0,0,1,0.00,0.00,0.00,1.84,1,False
Carlos Miguel,dos Santos Pereira,C.Miguel,Nott'm Forest,GKP,4,503,0,0,0,0,0,0,0,0,0,0,0,0,0,0.0,0.0,0.0,0.0,0,0,0,0,0,0.00,0.00,0.00,0.00,0,False
Matt,Turner,Turner,Nott'm Forest,GKP,4,504,0,0,0,0,0,0,0,0,0,0,0,0,0,0.0,0.0,0.0,0.0,0,0,0,0,0,0.00,0.00,0.00,0.00,0,False
Nikola,Milenković,Milenković,Nott'm Forest,DEF,4,505,90,0,0,0,3,0,0,0,0,0,0,0,0,10.8,1.6,2.0,1.4,5,3,0,5,1,0.00,0.02,0.02,1.84,1,False
Murillo,Costa dos Santos,Murillo,Nott'm Forest,DEF,4,506,36,0,0,0,1,0,0,0,0,0,0,0,5,14.2,0.0,0.0,1.4,9,1,1,10,1,0.00,0.00,0.00,0.95,3,False
Ola,Aina,Aina,Nott'm Forest,DEF,4,507,0,0,0,0,0,0,0,0,0,0,0,0,0,0.0,0.0,0.0,0.0,0,0,0,0,0,0.00,0.00,0.00,0.00,0,False
Neco,Williams,N.Williams,Nott'm Forest,DEF,4,508,90,0,0,0,3,0,0,0,1,0,0,0,-5,16.0,2.6,2.0,2.1,4,2,1,5,1,0.01,0.01,0.02,1.84,0,False
David,Mota Veiga Teixeira do Carmo,David Carmo,Nott'm Forest,DEF,4,509,0,0,0,0,0,0,0,0,0,0,0,0,0,0.0,0.0,0.0,0.0,0,0,0,0,0,0.00,0.00,0.00,0.00,0,False
Jair,Paula da Cunha Filho,Jair Cunha,Nott'm Forest,DEF,4,510,0,0,0,0,0,0,0,0,0,0,0,0,0,0.0,0.0,0.0,0.0,0,0,0,0,0,0.00,0.00,0.00,0.00,0,False
Felipe,Rodrigues da Silva,Morato,Nott'm Forest,DEF,4,511,90,0,0,0,3,0,0,0,0,0,0,0,1,13.6,0.8,0.0,1.4,4,4,1,5,1,0.00,0.00,0.00,1.84,1,False
Omar,Richards,O.Richards,Nott'm Forest,DEF,4,512,0,0,0,0,0,0,0,0,0,0,0,0,0,0.0,0.0,0.0,0.0,0,0,0,0,0,0.00,0.00,0.00,0.00,0,False
Zach,Abbott,Abbott,Nott'm Forest,DEF,4,513,0,0,0,0,0,0,0,0,0,0,0,0,0,0.0,0.0,0.0,0.0,0,0,0,0,0,0.00,0.00,0.00,0.00,0,False
Willy,Boly,Boly,Nott'm Forest,DEF,4,514,0,0,0,0,0,0,0,0,0,0,0,0,0,0.0,0.0,0.0,0.0,0,0,0,0,0,0.00,0.00,0.00,0.00,0,False
Morgan,Gibbs-White,Gibbs-White,Nott'm Forest,MID,4,515,72,0,0,0,2,0,0,0,0,0,0,0,4,0.0,6.8,6.0,1.2,1,3,0,4,1,0.04,0.01,0.05,1.75,2,False
Callum,Hudson-Odoi,Hudson-Odoi,Nott'm Forest,MID,4,516,59,0,0,0,2,0,0,0,0,0,0,0,1,0.4,4.1,2.0,0.7,0,2,0,2,1,0.00,0.01,0.01,1.75,1,False
Elliot,Anderson,Anderson,Nott'm Forest,MID,4,517,90,0,0,0,3,0,0,0,0,0,0,0,17,15.4,7.9,0.0,2.3,2,11,2,15,1,0.00,0.03,0.03,1.84,4,False
João Pedro,Ferreira da Silva,Jota,Nott'm Forest,MID,4,518,0,0,0,0,0,0,0,0,0,0,0,0,0,0.0,0.0,0.0,0.0,0,0,0,0,0,0.00,0.00,0.00,0.00,0,False
Nicolás,Domínguez,Dominguez,Nott'm Forest,MID,4,519,0,0,0,0,0,0,0,0,0,0,0,0,0,0.0,0.0,0.0,0.0,0,0,0,0,0,0.00,0.00,0.00,0.00,0,False
Lewis,O'Brien,O'Brien,Nott'm Forest,MID,4,520,0,0,0,0,0,0,0,0,0,0,0,0,0,0.0,0.0,0.0,0.0,0,0,0,0,0,0.00,0.00,0.00,0.00,0,False
Ibrahim,Sangaré,Sangaré,Nott'm Forest,MID,4,521,72,0,0,0,2,0,0,0,0,0,0,0,16,7.8,4.5,0.0,1.2,2,2,3,7,1,0.00,0.01,0.01,1.75,2,False
Ryan,Yates,Yates,Nott'm Forest,MID,4,522,17,0,0,0,1,0,0,0,0,0,0,0,1,0.0,0.6,0.0,0.0,1,0,0,1,0,0.00,0.00,0.00,0.08,1,False
Eric,da Silva Moreira,Da Silva Moreira,Nott'm Forest,MID,4,523,0,0,0,0,0,0,0,0,0,0,0,0,0,0.0,0.0,0.0,0.0,0,0,0,0,0,0.00,0.00,0.00,0.00,0,False
Marko,Stamenić,Stamenic,Nott'm Forest,MID,4,524,0,0,0,0,0,0,0,0,0,0,0,0,0,0.0,0.0,0.0,0.0,0,0,0,0,0,0.00,0.00,0.00,0.00,0,False
Chris,Wood,Wood,Nott'm Forest,FWD,4,525,59,0,0,0,2,0,0,0,0,0,0,0,4,4.4,11.6,17.0,3.3,1,0,0,1,1,0.03,0.04,0.07,1.75,1,False
Igor Jesus,Maciel da Cruz,Igor Jesus,Nott'm Forest,FWD,4,526,0,0,0,0,0,0,0,0,0,0,0,0,0,0.0,0.0,0.0,0.0,0,0,0,0,0,0.00,0.00,0.00,0.00,0,False
Taiwo,Awoniyi,Awoniyi,Nott'm Forest,FWD,4,527,0,0,0,0,0,0,0,0,0,0,0,0,0,0.0,0.0,0.0,0.0,0,0,0,0,0,0.00,0.00,0.00,0.00,0,False
Anthony,Patterson,Patterson,Sunderland,GKP,4,528,0,0,0,0,0,0,0,0,0,0,0,0,0,0.0,0.0,0.0,0.0,0,0,0,0,0,0.00,0.00,0.00,0.00,0,False
Simon,Moore,Moore,Sunderland,GKP,4,529,0,0,0,0,0,0,0,0,0,0,0,0,0,0.0,0.0,0.0,0.0,0,0,0,0,0,0.00,0.00,0.00,0.00,0,False
Blondy,Nna Noukeu,Nna Noukeu,Sunderland,GKP,4,530,0,0,0,0,0,0,0,0,0,0,0,0,0,0.0,0.0,0.0,0.0,0,0,0,0,0,0.00,0.00,0.00,0.00,0,False
Daniel,Ballard,Ballard,Sunderland,DEF,4,531,0,0,0,0,0,0,0,0,0,0,0,0,0,0.0,0.0,0.0,0.0,0,0,0,0,0,0.00,0.00,0.00,0.00,0,False
Trai,Hume,Hume,Sunderland,DEF,4,532,90,0,0,1,0,0,0,0,0,0,0,0,26,21.4,25.8,0.0,4.7,4,2,3,7,1,0.00,0.05,0.05,1.77,6,False
Aji,Alese,Alese,Sunderland,DEF,4,533,0,0,0,0,0,0,0,0,0,0,0,0,0,0.0,0.0,0.0,0.0,0,0,0,0,0,0.00,0.00,0.00,0.00,0,False
Joe,Anderson,Anderson,Sunderland,DEF,4,534,0,0,0,0,0,0,0,0,0,0,0,0,0,0.0,0.0,0.0,0.0,0,0,0,0,0,0.00,0.00,0.00,0.00,0,False
Dennis,Cirkin,Cirkin,Sunderland,DEF,4,535,0,0,0,0,0,0,0,0,0,0,0,0,0,0.0,0.0,0.0,0.0,0,0,0,0,0,0.00,0.00,0.00,0.00,0,False
Leo Fuhr,Hjelde,Hjelde,Sunderland,DEF,4,536,0,0,0,0,0,0,0,0,0,0,0,0,0,0.0,0.0,0.0,0.0,0,0,0,0,0,0.00,0.00,0.00,0.00,0,False
Niall,Huggins,Huggins,Sunderland,DEF,4,537,0,0,0,0,0,0,0,0,0,0,0,0,0,0.0,0.0,0.0,0.0,0,0,0,0,0,0.00,0.00,0.00,0.00,0,False
Zak,Johnson,Johnson,Sunderland,DEF,4,538,0,0,0,0,0,0,0,0,0,0,0,0,0,0.0,0.0,0.0,0.0,0,0,0,0,0,0.00,0.00,0.00,0.00,0,False
Luke,O'Nien,O'Nien,Sunderland,DEF,4,539,0,0,0,0,0,0,0,0,0,0,0,0,0,0.0,0.0,0.0,0.0,0,0,0,0,0,0.00,0.00,0.00,0.00,0,False
Timothée,Pembélé,Pembele,Sunderland,DEF,4,540,0,0,0,0,0,0,0,0,0,0,0,0,0,0.0,0.0,0.0,0.0,0,0,0,0,0,0.00,0.00,0.00,0.00,0,False
Reinildo,Mandava,Reinildo,Sunderland,DEF,4,541,90,0,0,1,0,0,0,0,0,0,0,0,29,21.4,2.1,0.0,2.4,5,4,1,6,1,0.00,0.01,0.01,1.77,6,False
Jenson,Seelt,Seelt,Sunderland,DEF,4,542,0,0,0,0,0,0,0,0,0,0,0,0,0,0.0,0.0,0.0,0.0,0,0,0,0,0,0.00,0.00,0.00,0.00,0,False
Simon,Adingra,Adingra,Sunderland,MID,4,543,68,0,0,1,0,0,0,0,0,0,0,0,11,8.2,15.2,0.0,2.3,1,2,1,4,1,0.00,0.09,0.09,0.84,3,False
Habib,Diarra,Diarra,Sunderland,MID,4,544,90,0,0,1,0,0,0,0,0,0,0,0,1,0.0,6.1,7.0,1.1,2,2,0,4,1,0.02,0.01,0.03,1.77,3,False
Patrick,Roberts,Roberts,Sunderland,MID,4,545,0,0,0,0,0,0,0,0,0,0,0,0,0,0.0,0.0,0.0,0.0,0,0,0,0,0,0.00,0.00,0.00,0.00,0,False
Milan,Aleksić,Aleksić,Sunderland,MID,4,546,0,0,0,0,0,0,0,0,0,0,0,0,0,0.0,0.0,0.0,0.0,0,0,0,0,0,0.00,0.00,0.00,0.00,0,False
Enzo,Le Fée,E.Le Fée,Sunderland,MID,4,547,0,0,0,0,0,0,0,0,0,0,0,0,0,0.0,0.0,0.0,0.0,0,0,0,0,0,0.00,0.00,0.00,0.00,0,False
Romaine,Mundle,Mundle,Sunderland,MID,4,548,0,0,0,0,0,0,0,0,0,0,0,0,0,0.0,0.0,0.0,0.0,0,0,0,0,0,0.00,0.00,0.00,0.00,0,False
Dan,Neil,Neil,Sunderland,MID,4,549,0,0,0,0,0,0,0,0,0,0,0,0,0,0.0,0.0,0.0,0.0,0,0,0,0,0,0.00,0.00,0.00,0.00,0,False
Ian,Poveda-Ocampo,Poveda,Sunderland,MID,4,550,0,0,0,0,0,0,0,0,0,0,0,0,0,0.0,0.0,0.0,0.0,0,0,0,0,0,0.00,0.00,0.00,0.00,0,False
Chris,Rigg,Rigg,Sunderland,MID,4,551,1,0,0,0,0,0,0,0,0,0,0,0,3,0.0,0.0,0.0,0.0,0,0,0,0,0,0.00,0.00,0.00,0.10,1,False
Noah,Sadiki,Sadiki,Sunderland,MID,4,552,83,0,0,1,0,0,0,0,0,0,0,0,11,8.4,6.7,4.0,1.9,3,3,1,7,1,0.02,0.01,0.03,1.39,3,False
Chemsdine,Talbi,Talbi,Sunderland,MID,4,553,90,0,0,1,0,0,0,0,0,0,0,0,8,7.2,16.4,15.0,3.9,2,2,0,4,1,0.21,0.16,0.37,1.77,3,False
Abdoullah,Ba,Ba,Sunderland,MID,4,554,0,0,0,0,0,0,0,0,0,0,0,0,0,0.0,0.0,0.0,0.0,0,0,0,0,0,0.00,0.00,0.00,0.00,0,False
Alan,Browne,Browne,Sunderland,MID,4,555,0,0,0,0,0,0,0,0,0,0,0,0,0,0.0,0.0,0.0,0.0,0,0,0,0,0,0.00,0.00,0.00,0.00,0,False
Pierre,Ekwah Elimby,Ekwah,Sunderland,MID,4,556,0,0,0,0,0,0,0,0,0,0,0,0,0,0.0,0.0,0.0,0.0,0,0,0,0,0,0.00,0.00,0.00,0.00,0,False
Harrison,Jones,H.Jones,Sunderland,MID,4,557,0,0,0,0,0,0,0,0,0,0,0,0,0,0.0,0.0,0.0,0.0,0,0,0,0,0,0.00,0.00,0.00,0.00,0,False
Jay,Matete,Matete,Sunderland,MID,4,558,0,0,0,0,0,0,0,0,0,0,0,0,0,0.0,0.0,0.0,0.0,0,0,0,0,0,0.00,0.00,0.00,0.00,0,False
Nectarios,Triantis,Triantis,Sunderland,MID,4,559,0,0,0,0,0,0,0,0,0,0,0,0,0,0.0,0.0,0.0,0.0,0,0,0,0,0,0.00,0.00,0.00,0.00,0,False
Wilson,Isidor,Isidor,Sunderland,FWD,4,560,90,0,0,1,0,0,0,0,0,0,0,0,1,0.6,0.6,17.0,1.8,1,1,1,3,1,0.11,0.00,0.11,1.67,2,False
Eliezer,Mayenda Dossou,Mayenda,Sunderland,FWD,4,561,0,0,0,0,0,0,0,0,0,0,0,0,0,0.0,0.0,0.0,0.0,0,0,0,0,0,0.00,0.00,0.00,0.00,0,False
Ahmed,Abdullahi,Abdullahi,Sunderland,FWD,4,562,0,0,0,0,0,0,0,0,0,0,0,0,0,0.0,0.0,0.0,0.0,0,0,0,0,0,0.00,0.00,0.00,0.00,0,False
Luís Hemir,Silva Semedo,Luís Hemir,Sunderland,FWD,4,563,0,0,0,0,0,0,0,0,0,0,0,0,0,0.0,0.0,0.0,0.0,0,0,0,0,0,0.00,0.00,0.00,0.00,0,False
Nazarii,Rusyn,Rusyn,Sunderland,FWD,4,564,0,0,0,0,0,0,0,0,0,0,0,0,0,0.0,0.0,0.0,0.0,0,0,0,0,0,0.00,0.00,0.00,0.00,0,False
Guglielmo,Vicario,Vicario,Spurs,GKP,4,565,90,0,0,1,0,0,0,0,0,0,4,1,39,38.6,0.0,0.0,3.9,2,9,0,0,1,0.00,0.00,0.00,0.60,8,False
Brandon,Austin,Austin,Spurs,GKP,4,566,0,0,0,0,0,0,0,0,0,0,0,0,0,0.0,0.0,0.0,0.0,0,0,0,0,0,0.00,0.00,0.00,0.00,0,False
Antonín,Kinský,Kinsky,Spurs,GKP,4,567,0,0,0,0,0,0,0,0,0,0,0,0,0,0.0,0.0,0.0,0.0,0,0,0,0,0,0.00,0.00,0.00,0.00,0,False
Pedro,Porro Sauceda,Pedro Porro,Spurs,DEF,4,568,90,0,0,1,0,0,0,0,0,0,0,0,32,18.6,31.9,6.0,5.7,2,5,3,5,1,0.00,0.37,0.37,0.60,6,False
Cristian,Romero,Romero,Spurs,DEF,4,569,90,0,1,1,0,0,0,0,0,0,0,3,44,34.2,21.8,35.0,9.1,2,4,1,3,1,0.07,0.14,0.21,0.60,12,True
Kevin,Danso,Danso,Spurs,DEF,4,570,10,0,0,0,0,0,0,0,0,0,0,0,3,2.0,0.8,0.0,0.3,0,0,0,0,0,0.00,0.00,0.00,0.00,1,False
Ben,Davies,Davies,Spurs,DEF,4,571,0,0,0,0,0,0,0,0,0,0,0,0,0,0.0,0.0,0.0,0.0,0,0,0,0,0,0.00,0.00,0.00,0.00,0,False
Radu,Drăgușin,Dragusin,Spurs,DEF,4,572,0,0,0,0,0,0,0,0,0,0,0,0,0,0.0,0.0,0.0,0.0,0,0,0,0,0,0.00,0.00,0.00,0.00,0,False
Djed,Spence,Spence,Spurs,DEF,4,573,70,0,0,1,0,0,0,0,1,0,0,0,14,2.8,2.4,2.0,0.7,0,3,0,0,1,0.00,0.01,0.01,0.60,5,False
Destiny,Udogie,Udogie,Spurs,DEF,4,574,19,0,0,0,0,0,0,0,0,0,0,0,6,4.2,11.5,6.0,2.2,0,1,1,1,0,0.00,0.01,0.01,0.00,1,False
Micky,van de Ven,Van de Ven,Spurs,DEF,4,575,79,1,0,1,0,0,0,0,0,0,0,2,43,46.0,10.9,23.0,8.0,4,2,1,5,1,0.09,0.00,0.09,0.60,14,True
Ashley,Phillips,Phillips,Spurs,DEF,4,576,0,0,0,0,0,0,0,0,0,0,0,0,0,0.0,0.0,0.0,0.0,0,0,0,0,0,0.00,0.00,0.00,0.00,0,False
Takai,Kōta,Takai,Spurs,DEF,4,577,0,0,0,0,0,0,0,0,0,0,0,0,0,0.0,0.0,0.0,0.0,0,0,0,0,0,0.00,0.00,0.00,0.00,0,False
Luka,Vušković,Vuskovic,Spurs,DEF,4,578,0,0,0,0,0,0,0,0,0,0,0,0,0,0.0,0.0,0.0,0.0,0,0,0,0,0,0.00,0.00,0.00,0.00,0,False
Son,Heung-min,Son,Spurs,MID,4,579,0,0,0,0,0,0,0,0,0,0,0,0,0,0.0,0.0,0.0,0.0,0,0,0,0,0,0.00,0.00,0.00,0.00,0,False
Brennan,Johnson,Johnson,Spurs,MID,4,580,10,0,0,0,0,0,0,0,0,0,0,0,3,1.0,0.6,4.0,0.6,1,1,0,2,0,0.00,0.05,0.05,0.00,1,False
James,Maddison,Maddison,Spurs,MID,4,581,0,0,0,0,0,0,0,0,0,0,0,0,0,0.0,0.0,0.0,0.0,0,0,0,0,0,0.00,0.00,0.00,0.00,0,False
Mohammed,Kudus,Kudus,Spurs,MID,4,582,90,0,0,1,0,0,0,0,0,0,0,0,4,10.2,31.8,36.0,7.8,0,3,0,3,1,0.47,0.11,0.58,0.60,3,False
Dejan,Kulusevski,Kulusevski,Spurs,MID,4,583,0,0,0,0,0,0,0,0,0,0,0,0,0,0.0,0.0,0.0,0.0,0,0,0,0,0,0.00,0.00,0.00,0.00,0,False
Mathys,Tel,Tel,Spurs,MID,4,584,78,0,0,1,0,0,0,0,0,0,0,0,7,0.8,3.0,8.0,1.2,0,1,0,1,1,0.02,0.00,0.02,0.60,3,False
Rodrigo,Bentancur,Bentancur,Spurs,MID,4,585,0,0,0,0,0,0,0,0,0,0,0,0,0,0.0,0.0,0.0,0.0,0,0,0,0,0,0.00,0.00,0.00,0.00,0,False
Lucas,Bergvall,Bergvall,Spurs,MID,4,586,79,1,1,1,0,0,0,0,0,0,0,0,38,55.2,13.8,23.0,9.2,0,3,2,5,1,0.12,0.06,0.18,0.60,11,True
Yves,Bissouma,Bissouma,Spurs,MID,4,587,0,0,0,0,0,0,0,0,0,0,0,0,0,0.0,0.0,0.0,0.0,0,0,0,0,0,0.00,0.00,0.00,0.00,0,False
Wilson,Odobert,Odobert,Spurs,MID,4,588,11,0,0,0,0,0,0,0,0,0,0,0,5,2.4,2.6,0.0,0.5,0,0,1,1,0,0.00,0.01,0.01,0.00,1,False
Manor,Solomon,Solomon,Spurs,MID,4,589,0,0,0,0,0,0,0,0,0,0,0,0,0,0.0,0.0,0.0,0.0,0,0,0,0,0,0.00,0.00,0.00,0.00,0,False
Bryan,Gil Salvatierra,Bryan,Spurs,MID,4,590,0,0,0,0,0,0,0,0,0,0,0,0,0,0.0,0.0,0.0,0.0,0,0,0,0,0,0.00,0.00,0.00,0.00,0,False
Archie,Gray,Gray,Spurs,MID,4,591,0,0,0,0,0,0,0,0,0,0,0,0,0,0.0,0.0,0.0,0.0,0,0,0,0,0,0.00,0.00,0.00,0.00,0,False
Mikey,Moore,Moore,Spurs,MID,4,592,0,0,0,0,0,0,0,0,0,0,0,0,0,0.0,0.0,0.0,0.0,0,0,0,0,0,0.00,0.00,0.00,0.00,0,False
Pape Matar,Sarr,P.M.Sarr,Spurs,MID,4,593,90,1,0,1,0,0,0,0,0,0,0,0,33,37.6,4.3,45.0,8.7,2,5,0,7,1,0.28,0.03,0.31,0.60,8,False
Yang,Min-hyeok,Min-hyeok,Spurs,MID,4,594,0,0,0,0,0,0,0,0,0,0,0,0,0,0.0,0.0,0.0,0.0,0,0,0,0,0,0.00,0.00,0.00,0.00,0,False
Callum,Olusesi,Olusesi,Spurs,MID,4,595,0,0,0,0,0,0,0,0,0,0,0,0,0,0.0,0.0,0.0,0.0,0,0,0,0,0,0.00,0.00,0.00,0.00,0,False
Dominic,Solanke-Mitchell,Solanke,Spurs,FWD,4,596,0,0,0,0,0,0,0,0,0,0,0,0,0,0.0,0.0,0.0,0.0,0,0,0,0,0,0.00,0.00,0.00,0.00,0,False
Richarlison,de Andrade,Richarlison,Spurs,FWD,4,597,19,0,0,0,0,0,0,0,0,0,0,0,4,2.0,10.3,2.0,1.4,0,0,0,0,0,0.00,0.00,0.00,0.00,1,False
Will,Lankshear,Lankshear,Spurs,FWD,4,598,0,0,0,0,0,0,0,0,0,0,0,0,0,0.0,0.0,0.0,0.0,0,0,0,0,0,0.00,0.00,0.00,0.00,0,False
Dane,Scarlett,Scarlett,Spurs,FWD,4,599,0,0,0,0,0,0,0,0,0,0,0,0,0,0.0,0.0,0.0,0.0,0,0,0,0,0,0.00,0.00,0.00,0.00,0,False
Alphonse,Areola,Areola,West Ham,GKP,4,600,0,0,0,0,0,0,0,0,0,0,0,0,0,0.0,0.0,0.0,0.0,0,0,0,0,0,0.00,0.00,0.00,0.00,0,False
Wes,Foderingham,Foderingham,West Ham,GKP,4,601,0,0,0,0,0,0,0,0,0,0,0,0,0,0.0,0.0,0.0,0.0,0,0,0,0,0,0.00,0.00,0.00,0.00,0,False
Krisztián,Hegyi,Hegyi,West Ham,GKP,4,602,0,0,0,0,0,0,0,0,0,0,0,0,0,0.0,0.0,0.0,0.0,0,0,0,0,0,0.00,0.00,0.00,0.00,0,False
El Hadji Malick,Diouf,Diouf,West Ham,DEF,4,603,90,0,0,0,3,0,0,0,0,0,0,0,0,20.6,5.4,17.0,4.3,5,4,3,8,1,0.01,0.04,0.05,1.29,1,False
Emerson,Palmieri dos Santos,Emerson,West Ham,DEF,4,604,0,0,0,0,0,0,0,0,0,0,0,0,0,0.0,0.0,0.0,0.0,0,0,0,0,0,0.00,0.00,0.00,0.00,0,False
Maximilian,Kilman,Kilman,West Ham,DEF,4,605,90,0,0,0,3,0,0,0,0,0,0,0,-3,21.0,0.3,7.0,2.8,9,5,0,9,1,0.20,0.00,0.20,1.29,1,False
Konstantinos,Mavropanos,Mavropanos,West Ham,DEF,4,606,90,0,0,0,3,0,0,0,0,0,0,0,2,26.8,0.6,0.0,2.7,11,3,0,11,1,0.00,0.01,0.01,1.29,3,False
Nayef,Aguerd,N.Aguerd,West Ham,DEF,4,607,0,0,0,0,0,0,0,0,0,0,0,0,0,0.0,0.0,0.0,0.0,0,0,0,0,0,0.00,0.00,0.00,0.00,0,False
Ollie,Scarles,Scarles,West Ham,DEF,4,608,0,0,0,0,0,0,0,0,0,0,0,0,0,0.0,0.0,0.0,0.0,0,0,0,0,0,0.00,0.00,0.00,0.00,0,False
Jean-Clair,Todibo,Todibo,West Ham,DEF,4,609,0,0,0,0,0,0,0,0,0,0,0,0,0,0.0,0.0,0.0,0.0,0,0,0,0,0,0.00,0.00,0.00,0.00,0,False
Aaron,Wan-Bissaka,Wan-Bissaka,West Ham,DEF,4,610,0,0,0,0,0,0,0,0,0,0,0,0,0,0.0,0.0,0.0,0.0,0,0,0,0,0,0.00,0.00,0.00,0.00,0,False
Kaelan,Casey,Casey,West Ham,DEF,4,611,0,0,0,0,0,0,0,0,0,0,0,0,0,0.0,0.0,0.0,0.0,0,0,0,0,0,0.00,0.00,0.00,0.00,0,False
Lucas,Tolentino Coelho de Lima,L.Paquetá,West Ham,MID,4,612,67,0,0,0,3,0,0,0,0,0,0,0,4,0.0,14.7,4.0,1.9,1,1,0,2,1,0.25,0.01,0.26,0.78,2,False
Tomáš,Souček,Souček,West Ham,MID,4,613,53,0,0,0,3,0,0,0,0,1,0,0,-2,14.6,0.9,17.0,3.3,9,1,1,11,1,0.01,0.00,0.01,0.42,-2,False
James,Ward-Prowse,Ward-Prowse,West Ham,MID,4,614,90,0,0,0,3,0,0,0,0,0,0,0,20,13.6,30.7,0.0,4.4,2,1,0,3,1,0.00,0.24,0.24,0.92,2,False
Crysencio,Summerville,Summerville,West Ham,MID,4,615,60,0,0,0,2,0,0,0,0,0,0,0,11,9.8,2.1,0.0,1.2,2,1,2,5,1,0.00,0.01,0.01,0.63,2,False
Edson,Álvarez Velázquez,Álvarez,West Ham,MID,4,616,0,0,0,0,0,0,0,0,0,0,0,0,0,0.0,0.0,0.0,0.0,0,0,0,0,0,0.00,0.00,0.00,0.00,0,False
Maxwel,Cornet,Cornet,West Ham,MID,4,617,0,0,0,0,0,0,0,0,0,0,0,0,0,0.0,0.0,0.0,0.0,0,0,0,0,0,0.00,0.00,0.00,0.00,0,False
Guido,Rodríguez,G.Rodriguez,West Ham,MID,4,618,0,0,0,0,0,0,0,0,0,0,0,0,0,0.0,0.0,0.0,0.0,0,0,0,0,0,0.00,0.00,0.00,0.00,0,False
Luis Guilherme,Lira dos Santos,L.Guilherme,West Ham,MID,4,619,29,0,0,0,1,0,0,0,0,0,0,0,2,1.4,0.0,0.0,0.1,1,2,0,3,0,0.00,0.00,0.00,0.65,1,False
George,Earthy,Earthy,West Ham,MID,4,620,0,0,0,0,0,0,0,0,0,0,0,0,0,0.0,0.0,0.0,0.0,0,0,0,0,0,0.00,0.00,0.00,0.00,0,False
Andy,Irving,Irving,West Ham,MID,4,621,1,0,0,0,0,0,0,0,0,0,0,0,3,5.0,0.0,0.0,0.5,1,0,0,1,0,0.00,0.00,0.00,0.37,1,False
Lewis,Orford,Orford,West Ham,MID,4,622,0,0,0,0,0,0,0,0,0,0,0,0,0,0.0,0.0,0.0,0.0,0,0,0,0,0,0.00,0.00,0.00,0.00,0,False
Freddie,Potts,Potts,West Ham,MID,4,623,0,0,0,0,0,0,0,0,0,0,0,0,0,0.0,0.0,0.0,0.0,0,0,0,0,0,0.00,0.00,0.00,0.00,0,False
Jarrod,Bowen,Bowen,West Ham,FWD,4,624,90,0,0,0,3,0,0,0,0,0,0,0,12,12.4,4.4,39.0,5.6,4,4,1,9,1,0.12,0.02,0.14,1.29,2,False
Niclas,Füllkrug,Füllkrug,West Ham,FWD,4,625,0,0,0,0,0,0,0,0,0,0,0,0,0,0.0,0.0,0.0,0.0,0,0,0,0,0,0.00,0.00,0.00,0.00,0,False
Callum,Marshall,Marshall,West Ham,FWD,4,626,0,0,0,0,0,0,0,0,0,0,0,0,0,0.0,0.0,0.0,0.0,0,0,0,0,0,0.00,0.00,0.00,0.00,0,False
Sam,Johnstone,Johnstone,Wolves,GKP,4,627,90,0,0,0,1,0,0,0,0,0,3,0,17,31.2,0.0,0.0,3.1,5,13,0,0,1,0.00,0.00,0.00,1.55,3,False
José,Malheiro de Sá,José Sá,Wolves,GKP,4,628,0,0,0,0,0,0,0,0,0,0,0,0,0,0.0,0.0,0.0,0.0,0,0,0,0,0,0.00,0.00,0.00,0.00,0,False
Daniel,Bentley,Bentley,Wolves,GKP,4,629,0,0,0,0,0,0,0,0,0,0,0,0,0,0.0,0.0,0.0,0.0,0,0,0,0,0,0.00,0.00,0.00,0.00,0,False
Tom,King,King,Everton,GKP,4,630,0,0,0,0,0,0,0,0,0,0,0,0,0,0.0,0.0,0.0,0.0,0,0,0,0,0,0.00,0.00,0.00,0.00,0,False
Emmanuel,Agbadou,Agbadou,Wolves,DEF,4,631,90,0,0,0,1,0,0,0,0,0,0,0,10,37.0,4.6,0.0,4.2,12,3,2,14,1,0.00,0.10,0.10,1.55,4,False
Matt,Doherty,Doherty,Wolves,DEF,4,632,0,0,0,0,0,0,0,0,0,0,0,0,0,0.0,0.0,0.0,0.0,0,0,0,0,0,0.00,0.00,0.00,0.00,0,False
Hugo,Bueno López,H.Bueno,Wolves,DEF,4,633,90,0,0,0,1,0,0,0,0,0,0,0,11,29.6,29.8,8.0,6.7,5,4,6,11,1,0.00,0.11,0.11,1.55,4,False
Yerson,Mosquera Valdelamar,Mosquera,Wolves,DEF,4,634,65,0,0,0,1,0,0,0,0,0,0,0,4,11.8,0.2,0.0,1.2,5,2,1,6,1,0.00,0.00,0.00,1.35,2,False
Rodrigo,Martins Gomes,R.Gomes,Wolves,DEF,4,635,76,0,0,0,1,0,0,0,0,0,0,0,9,10.2,1.3,27.0,3.9,5,4,2,7,1,0.26,0.00,0.26,1.38,2,False
Santiago,Ignacio Bueno,S.Bueno,Wolves,DEF,4,636,0,0,0,0,0,0,0,0,0,0,0,0,0,0.0,0.0,0.0,0.0,0,0,0,0,0,0.00,0.00,0.00,0.00,0,False
Toti,Gomes,Toti,Wolves,DEF,4,637,90,0,0,0,1,0,0,0,0,0,0,0,11,15.4,2.0,19.0,3.6,4,8,0,4,1,0.01,0.01,0.02,1.55,2,False
Ki-Jana,Hoever,Hoever,Wolves,DEF,4,638,0,0,0,0,0,0,0,0,0,0,0,0,0,0.0,0.0,0.0,0.0,0,0,0,0,0,0.00,0.00,0.00,0.00,0,False
Bastien,Meupiyou Menadjou,Meupiyou,Wolves,DEF,4,639,0,0,0,0,0,0,0,0,0,0,0,0,0,0.0,0.0,0.0,0.0,0,0,0,0,0,0.00,0.00,0.00,0.00,0,False
Pedro,Cardoso de Lima,Pedro Lima,Wolves,DEF,4,640,0,0,0,0,0,0,0,0,0,0,0,0,0,0.0,0.0,0.0,0.0,0,0,0,0,0,0.00,0.00,0.00,0.00,0,False
Alfie,Pond,Pond,Wolves,DEF,4,641,0,0,0,0,0,0,0,0,0,0,0,0,0,0.0,0.0,0.0,0.0,0,0,0,0,0,0.00,0.00,0.00,0.00,0,False
Hwang,Hee-chan,Hee Chan,Wolves,MID,4,642,76,0,0,0,1,0,0,0,0,0,0,0,6,0.6,0.7,28.0,2.9,0,1,0,1,1,0.14,0.01,0.15,1.38,2,False
André,Trindade da Costa Neto,André,Wolves,MID,4,643,65,0,0,0,1,0,0,0,1,0,0,0,7,2.4,0.9,0.0,0.3,2,4,1,7,1,0.00,0.00,0.00,1.35,1,False
Jean-Ricner,Bellegarde,Bellegarde,Wolves,MID,4,644,24,0,0,0,0,0,0,0,0,0,0,0,4,1.6,4.6,2.0,0.8,1,1,0,2,0,0.05,0.02,0.07,0.20,1,False
Fer,López González,Fer López,Wolves,MID,4,645,13,0,0,0,0,0,0,0,0,0,0,0,5,3.6,11.6,2.0,1.7,0,0,0,0,0,0.00,0.07,0.07,0.17,1,False
João Victor,Gomes da Silva,Gomes,Wolves,MID,4,646,90,0,0,0,1,0,0,0,1,0,0,0,14,18.2,16.7,2.0,3.7,6,9,3,18,1,0.00,0.09,0.09,1.55,3,False
Gonçalo Manuel,Ganchinho Guedes,Guedes,Wolves,MID,4,647,0,0,0,0,0,0,0,0,0,0,0,0,0,0.0,0.0,0.0,0.0,0,0,0,0,0,0.00,0.00,0.00,0.00,0,False
Marshall,Munetsi,Munetsi,Wolves,MID,4,648,24,0,0,0,0,0,0,0,1,0,0,0,-1,0.0,1.6,2.0,0.2,0,0,0,0,0,0.00,0.00,0.00,0.20,0,False
Boubacar,Traoré,B.Traore,Wolves,MID,4,649,0,0,0,0,0,0,0,0,0,0,0,0,0,0.0,0.0,0.0,0.0,0,0,0,0,0,0.00,0.00,0.00,0.00,0,False
Tawanda,Chirewa,Chirewa,Wolves,MID,4,650,0,0,0,0,0,0,0,0,0,0,0,0,0,0.0,0.0,0.0,0.0,0,0,0,0,0,0.00,0.00,0.00,0.00,0,False
Tom,Edozie,Edozie,Wolves,MID,4,651,0,0,0,0,0,0,0,0,0,0,0,0,0,0.0,0.0,0.0,0.0,0,0,0,0,0,0.00,0.00,0.00,0.00,0,False
Enso,González Medina,Gonzalez,Wolves,MID,4,652,0,0,0,0,0,0,0,0,0,0,0,0,0,0.0,0.0,0.0,0.0,0,0,0,0,0,0.00,0.00,0.00,0.00,0,False
Joe,Hodge,Hodge,Wolves,MID,4,653,0,0,0,0,0,0,0,0,0,0,0,0,0,0.0,0.0,0.0,0.0,0,0,0,0,0,0.00,0.00,0.00,0.00,0,False
Jørgen,Strand Larsen,Strand Larsen,Wolves,FWD,4,654,0,0,0,0,0,0,0,0,0,0,0,0,0,0.0,0.0,0.0,0.0,0,0,0,0,0,0.00,0.00,0.00,0.00,0,False
Fábio,Soares Silva,Fábio Silva,Wolves,FWD,4,655,0,0,0,0,0,0,0,0,0,0,0,0,0,0.0,0.0,0.0,0.0,0,0,0,0,0,0.00,0.00,0.00,0.00,0,False
Saša,Kalajdžić,Kalajdžić,Wolves,FWD,4,656,0,0,0,0,0,0,0,0,0,0,0,0,0,0.0,0.0,0.0,0.0,0,0,0,0,0,0.00,0.00,0.00,0.00,0,False
Leon,Chiwome,Chiwome,Wolves,FWD,4,657,0,0,0,0,0,0,0,0,0,0,0,0,0,0.0,0.0,0.0,0.0,0,0,0,0,0,0.00,0.00,0.00,0.00,0,False
Nathan,Fraser,Fraser,Wolves,FWD,4,658,0,0,0,0,0,0,0,0,0,0,0,0,0,0.0,0.0,0.0,0.0,0,0,0,0,0,0.00,0.00,0.00,0.00,0,False
Kyle,Walker-Peters,Walker-Peters,West Ham,DEF,4,659,90,0,0,0,3,0,0,0,0,0,0,0,2,14.6,13.0,0.0,2.8,3,6,2,5,1,0.00,0.01,0.01,1.29,1,False
Anton,Stach,Stach,Leeds,MID,4,660,90,0,0,0,1,0,0,0,1,0,0,0,2,4.4,16.0,13.0,3.3,2,2,1,5,1,0.08,0.11,0.19,0.85,1,False
Hugo,Ekitiké,Ekitiké,Liverpool,FWD,4,661,71,0,0,1,0,0,0,0,0,0,0,0,8,2.6,2.7,10.0,1.5,1,3,0,4,1,0.10,0.06,0.16,0.12,2,False
Cristhian,Mosquera,Mosquera,Arsenal,DEF,4,662,90,0,0,1,0,0,0,0,0,0,0,1,32,21.4,1.6,2.0,2.5,6,6,2,8,1,0.00,0.04,0.04,0.20,7,False
Jhon,Arias,J.Arias,Wolves,MID,4,663,24,0,0,0,0,0,0,0,0,0,0,0,1,0.0,0.8,7.0,0.7,1,1,0,2,0,0.04,0.00,0.04,0.20,1,False
Benjamin,Lecomte,Lecomte,Fulham,GKP,4,664,0,0,0,0,0,0,0,0,0,0,0,0,0,0.0,0.0,0.0,0.0,0,0,0,0,0,0.00,0.00,0.00,0.00,0,False
Lucas Estella,Perri,Perri,Leeds,GKP,4,665,0,0,0,0,0,0,0,0,0,0,0,0,0,0.0,0.0,0.0,0.0,0,0,0,0,0,0.00,0.00,0.00,0.00,0,False
Viktor,Gyökeres,Gyökeres,Arsenal,FWD,4,666,67,1,0,1,0,0,0,0,0,0,0,0,30,34.6,11.3,44.0,9.0,1,1,1,3,1,0.84,0.02,0.86,0.10,6,False
Adam,Aznou,Aznou,Everton,DEF,4,667,0,0,0,0,0,0,0,0,0,0,0,0,0,0.0,0.0,0.0,0.0,0,0,0,0,0,0.00,0.00,0.00,0.00,0,False
Granit,Xhaka,Xhaka,Sunderland,MID,4,668,90,0,0,1,0,0,0,0,0,0,0,0,20,25.2,15.8,2.0,4.3,10,6,2,18,1,0.00,0.11,0.11,1.77,5,False
Dan,Ndoye,Ndoye,Nott'm Forest,MID,4,669,90,0,0,0,3,0,0,0,0,0,0,0,10,16.6,21.1,4.0,4.2,2,2,1,5,1,0.00,0.03,0.03,1.84,2,False
Robin,Roefs,Roefs,Sunderland,GKP,4,670,90,0,0,1,0,0,0,0,1,0,6,3,39,43.2,0.0,0.0,4.3,1,15,0,0,1,0.00,0.00,0.00,1.77,10,True
Callum,Wilson,Wilson,West Ham,FWD,4,671,22,0,0,0,0,0,0,0,0,0,0,0,3,0.2,0.1,0.0,0.0,0,2,0,2,0,0.00,0.00,0.00,0.51,1,False
Jorrel,Hato,Hato,Chelsea,DEF,4,672,45,0,0,0,1,0,0,0,1,0,0,0,-6,0.0,1.5,2.0,0.3,1,2,0,1,1,0.00,0.01,0.01,0.55,0,False
João Maria,Lobo Alves Palhares Costa Palhinha Gonçalves,J.Palhinha,Spurs,MID,4,673,90,0,0,1,0,0,0,0,0,0,0,0,18,14.2,4.2,18.0,3.6,0,1,6,7,1,0.22,0.03,0.25,0.60,3,False
Aaron,Ramsdale,Ramsdale,Newcastle,GKP,4,674,0,0,0,0,0,0,0,0,0,0,0,0,0,0.0,0.0,0.0,0.0,0,0,0,0,0,0.00,0.00,0.00,0.00,0,False
Angus,Gunn,Gunn,Nott'm Forest,GKP,4,675,0,0,0,0,0,0,0,0,0,0,0,0,0,0.0,0.0,0.0,0.0,0,0,0,0,0,0.00,0.00,0.00,0.00,0,False
Lesley,Ugochukwu,Ugochukwu,Burnley,MID,4,676,83,0,0,0,1,0,0,0,0,1,0,0,0,7.4,0.1,0.0,0.8,4,2,3,9,1,0.00,0.00,0.00,1.45,-1,False
Evann,Guessand,Guessand,Aston Villa,MID,4,677,45,0,0,0,0,0,0,0,0,0,0,0,2,6.2,0.8,0.0,0.7,0,1,4,5,0,0.00,0.00,0.00,0.91,1,False
Arthur,Masuaku,Masuaku,Sunderland,DEF,4,678,0,0,0,0,0,0,0,0,0,0,0,0,0,0.0,0.0,0.0,0.0,0,0,0,0,0,0.00,0.00,0.00,0.00,0,False
Mads,Hermansen,Hermansen,West Ham,GKP,4,679,90,0,0,0,3,0,0,0,0,0,2,0,2,19.2,0.0,0.0,1.9,2,3,0,0,1,0.00,0.00,0.00,1.29,1,False
Armando,Broja,Broja,Burnley,FWD,4,680,1,0,0,0,1,0,0,0,0,0,0,0,3,2.0,0.1,0.0,0.2,1,0,0,1,0,0.00,0.00,0.00,0.94,1,False
Benjamin,Sesko,Šeško,Man Utd,FWD,4,681,79,0,0,0,3,0,0,0,0,0,0,0,6,1.0,6.8,7.0,1.5,0,1,0,1,1,0.03,0.00,0.03,2.34,2,False
David,Møller Wolfe,Møller Wolfe,Wolves,DEF,4,682,0,0,0,0,0,0,0,0,0,0,0,0,0,0.0,0.0,0.0,0.0,0,0,0,0,0,0.00,0.00,0.00,0.00,0,False
Omar,Alderete,Alderete,Sunderland,DEF,4,683,90,0,0,1,0,0,0,0,0,0,0,1,31,30.2,0.5,2.0,3.3,8,5,2,10,1,0.00,0.02,0.02,1.77,9,False
Malick,Thiaw,Thiaw,Newcastle,DEF,4,684,0,0,0,0,0,0,0,0,0,0,0,0,0,0.0,0.0,0.0,0.0,0,0,0,0,0,0.00,0.00,0.00,0.00,0,False
Bafodé,Diakité,Diakité,Bournemouth,DEF,4,685,0,0,0,0,0,0,0,0,0,0,0,0,0,0.0,0.0,0.0,0.0,0,0,0,0,0,0.00,0.00,0.00,0.00,0,False
Rio,Ngumoha,Ngumoha,Liverpool,MID,4,686,3,0,0,0,0,0,0,0,0,0,0,0,4,2.2,11.3,6.0,2.0,0,0,0,0,0,0.00,0.10,0.10,0.00,1,False
Remy,Rees-Dottin,Rees-Dottin,Bournemouth,MID,4,687,0,0,0,0,0,0,0,0,0,0,0,0,0,0.0,0.0,0.0,0.0,0,0,0,0,0,0.00,0.00,0.00,0.00,0,False
James,Wright,Wright,Aston Villa,GKP,4,688,0,0,0,0,0,0,0,0,0,0,0,0,0,0.0,0.0,0.0,0.0,0,0,0,0,0,0.00,0.00,0.00,0.00,0,False
Seung-Soo,Park,Seung soo,Newcastle,MID,4,689,0,0,0,0,0,0,0,0,0,0,0,0,0,0.0,0.0,0.0,0.0,0,0,0,0,0,0.00,0.00,0.00,0.00,0,False
Rio,Cardines,Cardines,Crystal Palace,MID,4,690,0,0,0,0,0,0,0,0,0,0,0,0,0,0.0,0.0,0.0,0.0,0,0,0,0,0,0.00,0.00,0.00,0.00,0,False
Dominic,Calvert-Lewin,Calvert-Lewin,Leeds,FWD,4,691,68,0,0,1,0,0,0,0,0,0,0,0,7,5.2,12.3,19.0,3.7,1,0,0,1,1,0.30,0.05,0.35,0.12,2,False
Giovanni,Leoni,Leoni,Liverpool,DEF,4,692,0,0,0,0,0,0,0,0,0,0,0,0,0,0.0,0.0,0.0,0.0,0,0,0,0,0,0.00,0.00,0.00,0.00,0,False
Omari,Hutchinson,Hutchinson,Nott'm Forest,MID,4,693,0,0,0,0,0,0,0,0,0,0,0,0,0,0.0,0.0,0.0,0.0,0,0,0,0,0,0.00,0.00,0.00,0.00,0,False
Nordi,Mukiele,Mukiele,Sunderland,DEF,4,694,90,0,0,1,0,0,0,0,0,0,0,2,32,24.4,10.9,0.0,3.5,10,2,2,12,1,0.00,0.05,0.05,1.77,10,True
Jackson,Tchatchoua,Tchatchoua,Wolves,DEF,4,695,13,0,0,0,0,0,0,0,0,0,0,0,3,0.2,1.2,2.0,0.3,0,2,0,0,0,0.00,0.00,0.00,0.17,1,False
Arnaud,Kalimuendo,Kalimuendo,Nott'm Forest,FWD,4,696,30,0,0,0,1,0,0,0,0,0,0,0,3,1.2,12.2,13.0,2.6,0,0,0,0,0,0.11,0.01,0.12,0.08,1,False
Amine,Adli,Adli,Bournemouth,MID,4,697,23,0,0,0,0,0,0,0,0,0,0,0,5,6.6,1.3,7.0,1.5,2,1,0,3,0,0.04,0.00,0.04,0.05,1,False
Noah,Okafor,Okafor,Leeds,MID,4,698,67,0,0,1,0,0,0,0,1,0,0,0,2,4.2,12.3,17.0,3.4,3,7,1,11,1,0.18,0.02,0.20,0.12,2,False
Douglas Luiz,Soares de Paulo,Douglas Luiz,Nott'm Forest,MID,4,699,0,0,0,0,0,0,0,0,0,0,0,0,0,0.0,0.0,0.0,0.0,0,0,0,0,0,0.00,0.00,0.00,0.00,0,False
Max,Dowman,Dowman,Arsenal,MID,4,700,0,0,0,0,0,0,0,0,0,0,0,0,0,0.0,0.0,0.0,0.0,0,0,0,0,0,0.00,0.00,0.00,0.00,0,False
Triston,Rowe,Rowe,Aston Villa,DEF,4,701,0,0,0,0,0,0,0,0,0,0,0,0,0,0.0,0.0,0.0,0.0,0,0,0,0,0,0.00,0.00,0.00,0.00,0,False
Bradley,Burrowes,Burrowes,Aston Villa,MID,4,702,0,0,0,0,0,0,0,0,0,0,0,0,0,0.0,0.0,0.0,0.0,0,0,0,0,0,0.00,0.00,0.00,0.00,0,False
Sam,Proctor,Proctor,Aston Villa,GKP,4,703,0,0,0,0,0,0,0,0,0,0,0,0,0,0.0,0.0,0.0,0.0,0,0,0,0,0,0.00,0.00,0.00,0.00,0,False
Tyler,Onyango,Onyango,Everton,MID,4,704,0,0,0,0,0,0,0,0,0,0,0,0,0,0.0,0.0,0.0,0.0,0,0,0,0,0,0.00,0.00,0.00,0.00,0,False
Elijah,Campbell,Campbell,Everton,DEF,4,705,0,0,0,0,0,0,0,0,0,0,0,0,0,0.0,0.0,0.0,0.0,0,0,0,0,0,0.00,0.00,0.00,0.00,0,False
James,Justin,Justin,Leeds,DEF,4,706,0,0,0,0,0,0,0,0,0,0,0,0,0,0.0,0.0,0.0,0.0,0,0,0,0,0,0.00,0.00,0.00,0.00,0,False
Tyler,Dibling,Dibling,Everton,MID,4,707,0,0,0,0,0,0,0,0,0,0,0,0,0,0.0,0.0,0.0,0.0,0,0,0,0,0,0.00,0.00,0.00,0.00,0,False
Mateus Gonçalo,Espanha Fernandes,M.Fernandes,West Ham,MID,4,708,60,0,0,0,2,0,0,0,0,0,0,0,10,6.4,28.3,4.0,3.9,0,1,2,3,1,0.00,0.15,0.15,0.63,2,False
Ladislav,Krejcí,Krejčí,Wolves,DEF,4,709,90,0,0,0,1,0,0,0,1,0,0,0,8,8.2,15.6,0.0,2.4,3,3,1,4,1,0.00,0.16,0.16,1.55,1,False
Travis,Patterson,Patterson,Aston Villa,DEF,4,710,0,0,0,0,0,0,0,0,0,0,0,0,0,0.0,0.0,0.0,0.0,0,0,0,0,0,0.00,0.00,0.00,0.00,0,False
Andre,Harriman-Annous,Harriman-Annous,Arsenal,MID,4,711,0,0,0,0,0,0,0,0,0,0,0,0,0,0.0,0.0,0.0,0.0,0,0,0,0,0,0.00,0.00,0.00,0.00,0,False
Yéremy,Pino Santos,Yeremy,Crystal Palace,MID,4,712,83,0,0,1,0,0,0,0,0,0,0,0,-1,0.0,15.2,10.0,2.3,0,4,1,5,1,0.73,0.03,0.76,0.36,3,False
Álex,Jiménez Sánchez,A.Jimenez,Bournemouth,DEF,4,713,3,0,0,0,0,0,0,0,1,0,0,0,2,2.2,0.1,0.0,0.2,1,0,1,2,0,0.00,0.00,0.00,0.00,0,False
Nick,Woltemade,Woltemade,Newcastle,FWD,4,714,64,1,0,1,0,0,0,0,0,0,0,3,40,37.2,12.3,46.0,9.6,0,3,3,6,1,0.27,0.01,0.28,0.41,9,False
John Victor,Maciel Furtado,John,Nott'm Forest,GKP,4,715,0,0,0,0,0,0,0,0,0,0,0,0,0,0.0,0.0,0.0,0.0,0,0,0,0,0,0.00,0.00,0.00,0.00,0,False
Nicolò,Savona,Savona,Nott'm Forest,DEF,4,716,53,0,0,0,2,0,0,0,0,0,0,0,4,11.0,11.1,4.0,2.6,2,0,3,5,0,0.00,0.00,0.00,0.88,0,False
Xavi,Simons,Xavi,Spurs,MID,4,717,70,0,1,1,0,0,0,0,0,0,0,0,23,18.4,19.7,1.0,3.9,0,2,1,3,1,0.03,0.08,0.11,0.60,6,False
Soungoutou,Magassa,S.Magassa,West Ham,MID,4,718,29,0,0,0,1,0,0,0,0,0,0,0,6,9.6,1.3,0.0,1.1,1,0,2,3,0,0.00,0.00,0.00,0.65,1,False
Victor,Lindelöf,Lindelöf,Aston Villa,DEF,4,719,7,0,0,0,0,0,0,0,0,0,0,0,3,0.4,0.3,0.0,0.1,0,0,0,0,0,0.00,0.00,0.00,0.48,1,False
Tolu,Arokodare,Tolu,Wolves,FWD,4,720,65,0,0,0,1,0,0,0,0,0,0,0,7,4.4,1.8,4.0,1.0,4,0,0,4,1,0.00,0.00,0.00,1.35,2,False
Veljko,Milosavljevic,Milosavljević,Bournemouth,DEF,4,721,90,0,0,0,1,0,0,0,0,0,0,0,15,23.4,11.3,6.0,4.1,10,3,1,11,1,0.00,0.18,0.18,0.62,4,False
Florentino Ibrain,Morris Luís,Florentino,Burnley,MID,4,722,27,0,0,0,1,0,0,0,0,0,0,0,5,13.0,0.2,0.0,1.3,2,2,3,7,0,0.00,0.00,0.00,1.24,1,False
Jaydee,Canvot,Canvot,Crystal Palace,DEF,4,723,0,0,0,0,0,0,0,0,0,0,0,0,0,0.0,0.0,0.0,0.0,0,0,0,0,0,0.00,0.00,0.00,0.00,0,False
Lutsharel,Geertruida,Geertruida,Sunderland,DEF,4,724,6,0,0,0,0,0,0,0,0,0,0,0,4,1.0,0.0,0.0,0.1,0,1,0,0,0,0.00,0.00,0.00,0.38,1,False
Piero,Hincapié,Hincapie,Arsenal,DEF,4,725,0,0,0,0,0,0,0,0,0,0,0,0,0,0.0,0.0,0.0,0.0,0,0,0,0,0,0.00,0.00,0.00,0.00,0,False
Randal,Kolo Muani,Kolo Muani,Spurs,FWD,4,726,0,0,0,0,0,0,0,0,0,0,0,0,0,0.0,0.0,0.0,0.0,0,0,0,0,0,0.00,0.00,0.00,0.00,0,False
Samuel,Chukwueze,Chukwueze,Fulham,MID,4,727,0,0,0,0,0,0,0,0,0,0,0,0,0,0.0,0.0,0.0,0.0,0,0,0,0,0,0.00,0.00,0.00,0.00,0,False
Merlin,Röhl,Röhl,Everton,MID,4,728,24,0,0,0,0,0,0,0,0,0,0,0,5,3.0,10.7,1.0,1.5,0,1,2,3,0,0.03,0.00,0.03,0.00,1,False
Luis Eduardo,Soares da Silva,Cuiabano,Nott'm Forest,DEF,4,729,0,0,0,0,0,0,0,0,0,0,0,0,0,0.0,0.0,0.0,0.0,0,0,0,0,0,0.00,0.00,0.00,0.00,0,False
Brian,Brobbey,Brobbey,Sunderland,FWD,4,730,21,0,0,0,0,0,0,0,0,0,0,0,4,1.0,0.1,0.0,0.1,1,1,0,2,0,0.00,0.00,0.00,0.93,1,False
Kevin,Santos Lopes de Macedo,Kevin,Fulham,MID,4,731,14,0,0,0,0,0,0,0,0,0,0,0,6,11.4,18.6,7.0,3.7,0,0,0,0,0,0.01,0.07,0.08,0.03,1,False
Christantus,Uche,Uche,Crystal Palace,FWD,4,732,6,0,0,0,0,0,0,0,0,0,0,0,6,3.4,0.8,19.0,2.3,0,1,0,1,0,0.01,0.00,0.01,0.00,1,False
Senne,Lammens,Lammens,Man Utd,GKP,4,733,0,0,0,0,0,0,0,0,0,0,0,0,0,0.0,0.0,0.0,0.0,0,0,0,0,0,0.00,0.00,0.00,0.00,0,False
Dilane,Bakwa,Bakwa,Nott'm Forest,MID,4,734,30,0,0,0,1,0,0,0,0,0,0,0,4,0.6,0.9,2.0,0.4,0,2,0,2,0,0.00,0.00,0.00,0.08,1,False
Bertrand,Traoré,Traoré,Sunderland,MID,4,735,0,0,0,0,0,0,0,0,0,0,0,0,0,0.0,0.0,0.0,0.0,0,0,0,0,0,0.00,0.00,0.00,0.00,0,False
Gianluigi,Donnarumma,Donnarumma,Man City,GKP,4,736,90,0,0,1,0,0,0,0,0,0,2,0,26,14.4,0.0,0.0,1.4,3,6,0,0,1,0.00,0.00,0.00,1.51,6,False
Jonah,Kusi-Asare,Kusi-Asare,Fulham,FWD,4,737,0,0,0,0,0,0,0,0,0,0,0,0,0,0.0,0.0,0.0,0.0,0,0,0,0,0,0.00,0.00,0.00,0.00,0,False
Lukasz,Fabianski,Fabianski,West Ham,GKP,4,738,0,0,0,0,0,0,0,0,0,0,0,0,0,0.0,0.0,0.0,0.0,0,0,0,0,0,0.00,0.00,0.00,0.00,0,False
Divine,Mukasa,Mukasa,Man City,MID,4,739,0,0,0,0,0,0,0,0,0,0,0,0,0,0.0,0.0,0.0,0.0,0,0,0,0,0,0.00,0.00,0.00,0.00,0,False
Stephen,Mfuni,Mfuni,Man City,DEF,4,740,0,0,0,0,0,0,0,0,0,0,0,0,0,0.0,0.0,0.0,0.0,0,0,0,0,0,0.00,0.00,0.00,0.00,0,False
David,Raya Martín,Raya,Arsenal,GKP,5,1,90,0,0,0,1,0,0,0,0,0,2,0,13,21.4,0.0,0.0,2.1,1,6,0,0,1,0.00,0.01,0.01,0.89,2,False
Kepa,Arrizabalaga Revuelta,Arrizabalaga,Arsenal,GKP,5,2,0,0,0,0,0,0,0,0,0,0,0,0,0,0.0,0.0,0.0,0.0,0,0,0,0,0,0.00,0.00,0.00,0.00,0,False
Karl,Hein,Hein,Arsenal,GKP,5,3,0,0,0,0,0,0,0,0,0,0,0,0,0,0.0,0.0,0.0,0.0,0,0,0,0,0,0.00,0.00,0.00,0.00,0,False
Tommy,Setford,Setford,Arsenal,GKP,5,4,0,0,0,0,0,0,0,0,0,0,0,0,0,0.0,0.0,0.0,0.0,0,0,0,0,0,0.00,0.00,0.00,0.00,0,False
Gabriel,dos Santos Magalhães,Gabriel,Arsenal,DEF,5,5,90,0,0,0,1,0,0,0,0,0,0,0,13,19.6,2.3,0.0,2.2,7,1,1,8,1,0.00,0.01,0.01,0.89,2,False
William,Saliba,Saliba,Arsenal,DEF,5,6,90,0,0,0,1,0,0,0,0,0,0,0,15,22.0,3.0,4.0,2.9,5,8,4,9,1,0.13,0.02,0.15,0.89,2,False
Riccardo,Calafiori,Calafiori,Arsenal,DEF,5,7,90,0,0,0,1,0,0,0,0,0,0,0,7,3.6,6.2,19.0,2.9,2,6,3,5,1,0.14,0.05,0.19,0.89,2,False
Jurriën,Timber,J.Timber,Arsenal,DEF,5,8,79,0,0,0,1,0,0,0,1,0,0,0,16,17.0,13.9,8.0,3.9,1,3,7,8,1,0.00,0.05,0.05,0.65,1,False
Jakub,Kiwior,Kiwior,Arsenal,DEF,5,9,0,0,0,0,0,0,0,0,0,0,0,0,0,0.0,0.0,0.0,0.0,0,0,0,0,0,0.00,0.00,0.00,0.00,0,False
Myles,Lewis-Skelly,Lewis-Skelly,Arsenal,DEF,5,10,0,0,0,0,0,0,0,0,0,0,0,0,0,0.0,0.0,0.0,0.0,0,0,0,0,0,0.00,0.00,0.00,0.00,0,False
Benjamin,White,White,Arsenal,DEF,5,11,0,0,0,0,0,0,0,0,0,0,0,0,0,0.0,0.0,0.0,0.0,0,0,0,0,0,0.00,0.00,0.00,0.00,0,False
Oleksandr,Zinchenko,Zinchenko,Nott'm Forest,DEF,5,12,90,0,0,0,1,0,0,0,0,0,0,0,19,29.6,18.0,15.0,6.3,6,6,3,9,1,0.04,0.07,0.11,0.85,2,False
Brayden,Clarke,Clarke,Arsenal,DEF,5,13,0,0,0,0,0,0,0,0,0,0,0,0,0,0.0,0.0,0.0,0.0,0,0,0,0,0,0.00,0.00,0.00,0.00,0,False
Maldini,Kacurri,Kacurri,Arsenal,DEF,5,14,0,0,0,0,0,0,0,0,0,0,0,0,0,0.0,0.0,0.0,0.0,0,0,0,0,0,0.00,0.00,0.00,0.00,0,False
Josh,Nichols,Nichols,Arsenal,DEF,5,15,0,0,0,0,0,0,0,0,0,0,0,0,0,0.0,0.0,0.0,0.0,0,0,0,0,0,0.00,0.00,0.00,0.00,0,False
Bukayo,Saka,Saka,Arsenal,MID,5,16,45,0,0,0,0,0,0,0,0,0,0,0,7,5.6,32.3,7.0,4.5,0,3,0,3,0,0.04,0.21,0.25,0.34,1,False
Martin,Ødegaard,Ødegaard,Arsenal,MID,5,17,0,0,0,0,0,0,0,0,0,0,0,0,0,0.0,0.0,0.0,0.0,0,0,0,0,0,0.00,0.00,0.00,0.00,0,False
Noni,Madueke,Madueke,Arsenal,MID,5,18,45,0,0,0,1,0,0,0,0,0,0,0,-2,0.4,1.7,29.0,3.1,0,2,0,2,1,0.15,0.01,0.16,0.55,1,False
Gabriel,Martinelli Silva,Martinelli,Arsenal,MID,5,19,10,1,0,0,0,0,0,0,0,0,0,1,22,33.0,0.3,17.0,5.0,0,0,0,0,0,0.16,0.00,0.16,0.25,7,False
Leandro,Trossard,Trossard,Arsenal,MID,5,20,83,0,0,0,1,0,0,0,0,0,0,0,13,7.6,4.3,17.0,2.9,2,1,1,4,1,0.14,0.07,0.21,0.89,2,False
Declan,Rice,Rice,Arsenal,MID,5,21,90,0,0,0,1,0,0,0,0,0,0,1,22,18.8,37.0,0.0,5.6,1,6,2,9,1,0.00,0.16,0.16,0.89,3,False
Mikel,Merino Zazón,Merino,Arsenal,MID,5,22,45,0,0,0,1,0,0,0,0,0,0,0,6,8.8,17.3,0.0,2.6,2,4,1,7,1,0.00,0.03,0.03,0.55,1,False
Fábio,Ferreira Vieira,Fábio Vieira,Arsenal,MID,5,23,0,0,0,0,0,0,0,0,0,0,0,0,0,0.0,0.0,0.0,0.0,0,0,0,0,0,0.00,0.00,0.00,0.00,0,False
Christian,Nørgaard,Nørgaard,Arsenal,MID,5,24,0,0,0,0,0,0,0,0,0,0,0,0,0,0.0,0.0,0.0,0.0,0,0,0,0,0,0.00,0.00,0.00,0.00,0,False
Ethan,Nwaneri,Nwaneri,Arsenal,MID,5,25,6,0,0,0,0,0,0,0,0,0,0,0,3,0.2,0.4,0.0,0.1,0,1,0,1,0,0.00,0.00,0.00,0.00,1,False
Martín,Zubimendi Ibáñez,Zubimendi,Arsenal,MID,5,26,90,0,0,0,1,0,0,0,0,0,0,0,13,8.6,19.0,12.0,4.0,2,3,0,5,1,0.05,0.04,0.09,0.89,2,False
Reiss,Nelson,Nelson,Brentford,MID,5,27,0,0,0,0,0,0,0,0,0,0,0,0,0,0.0,0.0,0.0,0.0,0,0,0,0,0,0.00,0.00,0.00,0.00,0,False
Ismeal,Kabia,Kabia,Arsenal,MID,5,28,0,0,0,0,0,0,0,0,0,0,0,0,0,0.0,0.0,0.0,0.0,0,0,0,0,0,0.00,0.00,0.00,0.00,0,False
Albert,Sambi Lokonga,Sambi,Arsenal,MID,5,29,0,0,0,0,0,0,0,0,0,0,0,0,0,0.0,0.0,0.0,0.0,0,0,0,0,0,0.00,0.00,0.00,0.00,0,False
Kai,Havertz,Havertz,Arsenal,FWD,5,30,0,0,0,0,0,0,0,0,0,0,0,0,0,0.0,0.0,0.0,0.0,0,0,0,0,0,0.00,0.00,0.00,0.00,0,False
Gabriel,Fernando de Jesus,G.Jesus,Arsenal,FWD,5,31,0,0,0,0,0,0,0,0,0,0,0,0,0,0.0,0.0,0.0,0.0,0,0,0,0,0,0.00,0.00,0.00,0.00,0,False
Emiliano,Martínez Romero,Martinez,Aston Villa,GKP,5,32,90,0,0,0,1,0,0,0,0,0,3,0,12,18.8,0.0,0.0,1.9,1,7,0,0,1,0.00,0.00,0.00,1.05,3,False
Marco,Bizot,M.Bizot,Aston Villa,GKP,5,33,0,0,0,0,0,0,0,0,0,0,0,0,0,0.0,0.0,0.0,0.0,0,0,0,0,0,0.00,0.00,0.00,0.00,0,False
Joe,Gauci,Gauci,Aston Villa,GKP,5,34,0,0,0,0,0,0,0,0,0,0,0,0,0,0.0,0.0,0.0,0.0,0,0,0,0,0,0.00,0.00,0.00,0.00,0,False
Filip,Marschall,Marschall,Aston Villa,GKP,5,35,0,0,0,0,0,0,0,0,0,0,0,0,0,0.0,0.0,0.0,0.0,0,0,0,0,0,0.00,0.00,0.00,0.00,0,False
Matty,Cash,Cash,Aston Villa,DEF,5,36,90,1,0,0,1,0,0,0,0,0,0,2,29,44.4,7.2,11.0,6.3,3,3,2,5,1,0.05,0.05,0.10,1.05,10,True
Lucas,Digne,Digne,Aston Villa,DEF,5,37,57,0,0,0,0,0,0,0,0,0,0,0,6,1.2,3.8,2.0,0.7,0,2,0,0,1,0.00,0.04,0.04,0.37,1,False
Ezri,Konsa Ngoyo,Konsa,Aston Villa,DEF,5,38,90,0,0,0,1,0,0,0,0,0,0,0,10,26.2,3.0,0.0,2.9,5,4,1,6,1,0.00,0.02,0.02,1.05,2,False
Ian,Maatsen,Maatsen,Aston Villa,DEF,5,39,32,0,0,0,1,0,0,0,1,0,0,0,-2,5.0,3.5,6.0,1.5,2,3,0,2,0,0.00,0.02,0.02,0.68,0,False
Tyrone,Mings,Mings,Aston Villa,DEF,5,40,90,0,0,0,1,0,0,0,0,0,0,0,16,34.4,24.4,2.0,6.1,12,2,0,12,1,0.00,0.03,0.03,1.05,4,False
Pau,Torres,Pau,Aston Villa,DEF,5,41,0,0,0,0,0,0,0,0,0,0,0,0,0,0.0,0.0,0.0,0.0,0,0,0,0,0,0.00,0.00,0.00,0.00,0,False
Andrés,García,A.García,Aston Villa,DEF,5,42,0,0,0,0,0,0,0,0,0,0,0,0,0,0.0,0.0,0.0,0.0,0,0,0,0,0,0.00,0.00,0.00,0.00,0,False
Álex,Moreno Lopera,Alex Moreno,Aston Villa,DEF,5,43,0,0,0,0,0,0,0,0,0,0,0,0,0,0.0,0.0,0.0,0.0,0,0,0,0,0,0.00,0.00,0.00,0.00,0,False
Lamare,Bogarde,Bogarde,Aston Villa,DEF,5,44,8,0,0,0,0,0,0,0,0,0,0,0,2,0.0,1.3,4.0,0.5,0,2,0,0,0,0.00,0.00,0.00,0.00,1,False
Lino,da Cruz Sousa,Sousa,Aston Villa,DEF,5,45,0,0,0,0,0,0,0,0,0,0,0,0,0,0.0,0.0,0.0,0.0,0,0,0,0,0,0.00,0.00,0.00,0.00,0,False
Yasin,Özcan,Yasin,Aston Villa,DEF,5,46,0,0,0,0,0,0,0,0,0,0,0,0,0,0.0,0.0,0.0,0.0,0,0,0,0,0,0.00,0.00,0.00,0.00,0,False
Morgan,Rogers,Rogers,Aston Villa,MID,5,47,81,0,0,0,1,0,0,0,0,0,0,0,5,5.2,23.8,10.0,3.9,1,1,0,2,1,0.00,0.27,0.27,1.05,2,False
Youri,Tielemans,Tielemans,Aston Villa,MID,5,48,0,0,0,0,0,0,0,0,0,0,0,0,0,0.0,0.0,0.0,0.0,0,0,0,0,0,0.00,0.00,0.00,0.00,0,False
Leon,Bailey,Bailey,Aston Villa,MID,5,49,0,0,0,0,0,0,0,0,0,0,0,0,0,0.0,0.0,0.0,0.0,0,0,0,0,0,0.00,0.00,0.00,0.00,0,False
Emiliano,Buendía Stati,Buendía,Aston Villa,MID,5,50,57,0,0,0,0,0,0,0,0,0,0,0,0,2.6,3.5,12.0,1.8,2,3,2,7,1,0.06,0.06,0.12,0.37,1,False
Samuel,Iling-Junior,Iling Jr,Aston Villa,MID,5,51,0,0,0,0,0,0,0,0,0,0,0,0,0,0.0,0.0,0.0,0.0,0,0,0,0,0,0.00,0.00,0.00,0.00,0,False
Jacob,Ramsey,J.Ramsey,Newcastle,MID,5,52,0,0,0,0,0,0,0,0,0,0,0,0,0,0.0,0.0,0.0,0.0,0,0,0,0,0,0.00,0.00,0.00,0.00,0,False
Donyell,Malen,Malen,Aston Villa,MID,5,53,17,0,0,0,1,0,0,0,0,0,0,0,4,2.2,12.8,14.0,2.9,0,0,1,1,0,0.10,0.05,0.15,0.27,1,False
John,McGinn,McGinn,Aston Villa,MID,5,54,90,0,0,0,1,0,0,0,0,0,0,0,15,11.8,19.4,3.0,3.4,1,3,1,5,1,0.06,0.08,0.14,1.05,2,False
Ross,Barkley,Barkley,Aston Villa,MID,5,55,0,0,0,0,0,0,0,0,0,0,0,0,0,0.0,0.0,0.0,0.0,0,0,0,0,0,0.00,0.00,0.00,0.00,0,False
Enzo,Barrenechea,Barrenechea,Aston Villa,MID,5,56,0,0,0,0,0,0,0,0,0,0,0,0,0,0.0,0.0,0.0,0.0,0,0,0,0,0,0.00,0.00,0.00,0.00,0,False
Lewis,Dobbin,Dobbin,Aston Villa,MID,5,57,0,0,0,0,0,0,0,0,0,0,0,0,0,0.0,0.0,0.0,0.0,0,0,0,0,0,0.00,0.00,0.00,0.00,0,False
Boubacar,Kamara,Kamara,Aston Villa,MID,5,58,81,0,1,0,1,0,0,0,0,0,0,1,28,38.2,29.0,0.0,6.7,4,2,2,8,1,0.00,0.08,0.08,1.05,6,False
Amadou,Onana,Onana,Aston Villa,MID,5,59,0,0,0,0,0,0,0,0,0,0,0,0,0,0.0,0.0,0.0,0.0,0,0,0,0,0,0.00,0.00,0.00,0.00,0,False
Ben,Broggio,Broggio,Aston Villa,MID,5,60,0,0,0,0,0,0,0,0,0,0,0,0,0,0.0,0.0,0.0,0.0,0,0,0,0,0,0.00,0.00,0.00,0.00,0,False
Leander,Dendoncker,Dendoncker,Aston Villa,MID,5,61,0,0,0,0,0,0,0,0,0,0,0,0,0,0.0,0.0,0.0,0.0,0,0,0,0,0,0.00,0.00,0.00,0.00,0,False
Jamaldeen,Jimoh-Aloba,Jimoh-Aloba,Aston Villa,MID,5,62,0,0,0,0,0,0,0,0,0,0,0,0,0,0.0,0.0,0.0,0.0,0,0,0,0,0,0.00,0.00,0.00,0.00,0,False
Kadan,Young,Young,Aston Villa,MID,5,63,0,0,0,0,0,0,0,0,0,0,0,0,0,0.0,0.0,0.0,0.0,0,0,0,0,0,0.00,0.00,0.00,0.00,0,False
Ollie,Watkins,Watkins,Aston Villa,FWD,5,64,90,0,0,0,1,0,0,0,0,0,0,0,4,1.2,0.8,6.0,0.8,0,1,1,2,1,0.00,0.00,0.00,1.05,2,False
Zépiqueno,Redmond,Redmond,Aston Villa,FWD,5,65,0,0,0,0,0,0,0,0,0,0,0,0,0,0.0,0.0,0.0,0.0,0,0,0,0,0,0.00,0.00,0.00,0.00,0,False
Norberto,Murara Neto,Neto,Bournemouth,GKP,5,66,0,0,0,0,0,0,0,0,0,0,0,0,0,0.0,0.0,0.0,0.0,0,0,0,0,0,0.00,0.00,0.00,0.00,0,False
Đorđe,Petrović,Petrović,Bournemouth,GKP,5,67,90,0,0,1,0,0,0,0,0,0,1,0,22,9.8,0.0,0.0,1.0,1,5,0,0,1,0.00,0.00,0.00,0.14,6,False
Will,Dennis,Dennis,Bournemouth,GKP,5,68,0,0,0,0,0,0,0,0,0,0,0,0,0,0.0,0.0,0.0,0.0,0,0,0,0,0,0.00,0.00,0.00,0.00,0,False
Callan,McKenna,McKenna,Bournemouth,GKP,5,69,0,0,0,0,0,0,0,0,0,0,0,0,0,0.0,0.0,0.0,0.0,0,0,0,0,0,0.00,0.00,0.00,0.00,0,False
Alex,Paulsen,Paulsen,Bournemouth,GKP,5,70,0,0,0,0,0,0,0,0,0,0,0,0,0,0.0,0.0,0.0,0.0,0,0,0,0,0,0.00,0.00,0.00,0.00,0,False
Illia,Zabarnyi,Zabarnyi,Bournemouth,DEF,5,71,0,0,0,0,0,0,0,0,0,0,0,0,0,0.0,0.0,0.0,0.0,0,0,0,0,0,0.00,0.00,0.00,0.00,0,False
Marcos,Senesi Barón,Senesi,Bournemouth,DEF,5,72,90,0,0,1,0,0,0,0,0,0,0,1,27,25.8,11.9,2.0,4.0,11,3,0,11,1,0.00,0.03,0.03,0.14,9,False
Adam,Smith,Smith,Bournemouth,DEF,5,73,0,0,0,0,0,0,0,0,0,0,0,0,0,0.0,0.0,0.0,0.0,0,0,0,0,0,0.00,0.00,0.00,0.00,0,False
Adrien,Truffert,Truffert,Bournemouth,DEF,5,74,90,0,0,1,0,0,0,0,0,0,0,3,29,11.4,4.9,2.0,1.8,5,10,0,5,1,0.00,0.01,0.01,0.14,9,False
Matai,Akinmboni,Akinmboni,Bournemouth,DEF,5,75,0,0,0,0,0,0,0,0,0,0,0,0,0,0.0,0.0,0.0,0.0,0,0,0,0,0,0.00,0.00,0.00,0.00,0,False
Owen,Bevan,Bevan,Bournemouth,DEF,5,76,0,0,0,0,0,0,0,0,0,0,0,0,0,0.0,0.0,0.0,0.0,0,0,0,0,0,0.00,0.00,0.00,0.00,0,False
James,Hill,Hill,Bournemouth,DEF,5,77,45,0,0,0,0,0,0,0,0,0,0,0,4,5.0,0.7,4.0,1.0,4,0,0,4,0,0.00,0.00,0.00,0.00,1,False
Julián,Araujo Zúñiga,J.Araujo,Bournemouth,DEF,5,78,0,0,0,0,0,0,0,0,0,0,0,0,0,0.0,0.0,0.0,0.0,0,0,0,0,0,0.00,0.00,0.00,0.00,0,False
Chris,Mepham,Mepham,Bournemouth,DEF,5,79,0,0,0,0,0,0,0,0,0,0,0,0,0,0.0,0.0,0.0,0.0,0,0,0,0,0,0.00,0.00,0.00,0.00,0,False
Julio,Soler Barreto,Soler,Bournemouth,DEF,5,80,0,0,0,0,0,0,0,0,0,0,0,0,0,0.0,0.0,0.0,0.0,0,0,0,0,0,0.00,0.00,0.00,0.00,0,False
Justin,Kluivert,Kluivert,Bournemouth,MID,5,81,27,0,0,0,0,0,0,0,0,0,0,0,4,5.4,3.8,7.0,1.6,1,1,0,2,0,0.11,0.00,0.11,0.00,1,False
Antoine,Semenyo,Semenyo,Bournemouth,MID,5,82,90,0,0,1,0,0,0,0,0,0,0,0,9,8.8,13.9,4.0,2.7,1,10,3,14,1,0.11,0.05,0.16,0.14,5,False
Dango,Ouattara,O.Dango,Brentford,MID,5,83,25,0,0,0,0,0,0,0,0,0,0,0,-2,0.0,0.3,11.0,0.9,0,0,0,0,0,0.12,0.00,0.12,0.00,1,False
Marcus,Tavernier,Tavernier,Bournemouth,MID,5,84,74,0,0,1,0,0,0,0,0,0,0,0,4,11.4,13.1,6.0,3.1,3,3,1,7,1,0.06,0.03,0.09,0.14,3,False
Tyler,Adams,Adams,Bournemouth,MID,5,85,90,0,0,1,0,0,0,0,0,0,0,0,19,16.2,4.0,17.0,3.7,4,4,3,11,1,0.04,0.01,0.05,0.14,3,False
David,Brooks,Brooks,Bournemouth,MID,5,86,62,0,0,1,0,0,0,0,0,0,0,0,8,3.8,14.8,4.0,2.3,2,4,0,6,1,0.00,0.04,0.04,0.14,3,False
Ryan,Christie,Christie,Bournemouth,MID,5,87,27,0,0,0,0,0,0,0,0,0,0,0,4,3.2,5.5,4.0,1.3,2,3,0,5,0,0.01,0.02,0.03,0.00,1,False
Lewis,Cook,Cook,Bournemouth,MID,5,88,0,0,0,0,0,0,0,0,0,0,0,0,0,0.0,0.0,0.0,0.0,0,0,0,0,0,0.00,0.00,0.00,0.00,0,False
Philip,Billing,Philip,Bournemouth,MID,5,89,0,0,0,0,0,0,0,0,0,0,0,0,0,0.0,0.0,0.0,0.0,0,0,0,0,0,0.00,0.00,0.00,0.00,0,False
Alex,Scott,Scott,Bournemouth,MID,5,90,62,0,0,1,0,0,0,0,0,0,0,0,12,7.6,8.5,1.0,1.7,3,5,2,10,1,0.06,0.02,0.08,0.14,3,False
Luis,Sinisterra Lucumí,Sinisterra,Bournemouth,MID,5,91,0,0,0,0,0,0,0,0,0,0,0,0,0,0.0,0.0,0.0,0.0,0,0,0,0,0,0.00,0.00,0.00,0.00,0,False
Romain,Faivre,Faivre,Bournemouth,MID,5,92,0,0,0,0,0,0,0,0,0,0,0,0,0,0.0,0.0,0.0,0.0,0,0,0,0,0,0.00,0.00,0.00,0.00,0,False
Hamed,Traorè,H.Traorè,Bournemouth,MID,5,93,0,0,0,0,0,0,0,0,0,0,0,0,0,0.0,0.0,0.0,0.0,0,0,0,0,0,0.00,0.00,0.00,0.00,0,False
Dominic,Sadi,Sadi,Bournemouth,MID,5,94,0,0,0,0,0,0,0,0,0,0,0,0,0,0.0,0.0,0.0,0.0,0,0,0,0,0,0.00,0.00,0.00,0.00,0,False
Zain,Silcott-Duberry,Silcott-Duberry,Bournemouth,MID,5,95,0,0,0,0,0,0,0,0,0,0,0,0,0,0.0,0.0,0.0,0.0,0,0,0,0,0,0.00,0.00,0.00,0.00,0,False
Ben,Winterburn,Winterburn,Bournemouth,MID,5,96,0,0,0,0,0,0,0,0,0,0,0,0,0,0.0,0.0,0.0,0.0,0,0,0,0,0,0.00,0.00,0.00,0.00,0,False
Francisco Evanilson,de Lima Barbosa,Evanilson,Bournemouth,FWD,5,97,90,0,0,1,0,0,0,0,0,0,0,0,9,4.6,11.6,9.0,2.5,0,4,1,5,1,0.10,0.02,0.12,0.14,2,False
Enes,Ünal,Enes Ünal,Bournemouth,FWD,5,98,0,0,0,0,0,0,0,0,0,0,0,0,0,0.0,0.0,0.0,0.0,0,0,0,0,0,0.00,0.00,0.00,0.00,0,False
Daniel,Adu-Adjei,Adu-Adjei,Bournemouth,FWD,5,99,0,0,0,0,0,0,0,0,0,0,0,0,0,0.0,0.0,0.0,0.0,0,0,0,0,0,0.00,0.00,0.00,0.00,0,False
Eli Junior,Kroupi,Kroupi.Jr,Bournemouth,FWD,5,100,0,0,0,0,0,0,0,0,0,0,0,0,0,0.0,0.0,0.0,0.0,0,0,0,0,0,0.00,0.00,0.00,0.00,0,False
Caoimhín,Kelleher,Kelleher,Brentford,GKP,5,101,90,0,0,0,3,0,0,0,0,0,2,0,1,17.6,0.0,0.0,1.8,1,7,0,0,1,0.00,0.00,0.00,1.01,1,False
Ellery,Balcombe,Balcombe,Brentford,GKP,5,102,0,0,0,0,0,0,0,0,0,0,0,0,0,0.0,0.0,0.0,0.0,0,0,0,0,0,0.00,0.00,0.00,0.00,0,False
Matthew,Cox,Cox,Brentford,GKP,5,103,0,0,0,0,0,0,0,0,0,0,0,0,0,0.0,0.0,0.0,0.0,0,0,0,0,0,0.00,0.00,0.00,0.00,0,False
Julian,Eyestone,Eyestone,Brentford,GKP,5,104,0,0,0,0,0,0,0,0,0,0,0,0,0,0.0,0.0,0.0,0.0,0,0,0,0,0,0.00,0.00,0.00,0.00,0,False
Hákon Rafn,Valdimarsson,Valdimarsson,Brentford,GKP,5,105,0,0,0,0,0,0,0,0,0,0,0,0,0,0.0,0.0,0.0,0.0,0,0,0,0,0,0.00,0.00,0.00,0.00,0,False
Nathan,Collins,Collins,Brentford,DEF,5,106,90,0,0,0,3,0,0,0,1,0,0,0,1,22.2,0.3,33.0,5.6,7,1,1,8,1,0.09,0.01,0.10,1.01,0,False
Keane,Lewis-Potter,Lewis-Potter,Brentford,DEF,5,107,65,0,0,0,3,0,0,0,0,0,0,0,-4,0.8,4.3,2.0,0.7,0,2,0,0,1,0.00,0.01,0.01,1.01,1,False
Kristoffer,Ajer,Ajer,Brentford,DEF,5,108,16,0,0,0,0,0,0,0,0,0,0,0,4,3.2,0.3,4.0,0.8,1,1,1,2,0,0.05,0.00,0.05,0.00,1,False
Rico,Henry,Henry,Brentford,DEF,5,109,24,0,0,0,0,0,0,0,0,0,0,0,0,0.4,0.2,0.0,0.1,1,4,0,1,0,0.00,0.00,0.00,0.00,1,False
Michael,Kayode,Kayode,Brentford,DEF,5,110,90,0,0,0,3,0,0,0,0,0,0,0,5,13.2,22.9,2.0,3.8,2,5,2,4,1,0.00,0.07,0.07,1.01,1,False
Ethan,Pinnock,Pinnock,Brentford,DEF,5,111,73,0,0,0,3,1,0,0,0,0,0,0,-4,13.8,0.1,2.0,1.6,6,3,1,7,1,0.00,0.00,0.00,1.01,-1,False
Mads,Roerslev Rasmussen,Roerslev,Brentford,DEF,5,112,0,0,0,0,0,0,0,0,0,0,0,0,0,0.0,0.0,0.0,0.0,0,0,0,0,0,0.00,0.00,0.00,0.00,0,False
Sepp,van den Berg,Van den Berg,Brentford,DEF,5,113,90,0,0,0,3,0,0,0,0,0,0,0,3,10.6,0.3,0.0,1.1,6,3,0,6,1,0.00,0.00,0.00,1.01,1,False
Benjamin,Arthur,Arthur,Brentford,DEF,5,114,0,0,0,0,0,0,0,0,0,0,0,0,0,0.0,0.0,0.0,0.0,0,0,0,0,0,0.00,0.00,0.00,0.00,0,False
Benjamin,Fredrick,Fredrick,Brentford,DEF,5,115,0,0,0,0,0,0,0,0,0,0,0,0,0,0.0,0.0,0.0,0.0,0,0,0,0,0,0.00,0.00,0.00,0.00,0,False
Aaron,Hickey,Hickey,Brentford,DEF,5,116,0,0,0,0,0,0,0,0,0,0,0,0,0,0.0,0.0,0.0,0.0,0,0,0,0,0,0.00,0.00,0.00,0.00,0,False
Kim,Ji-soo,Ji-soo,Brentford,DEF,5,117,0,0,0,0,0,0,0,0,0,0,0,0,0,0.0,0.0,0.0,0.0,0,0,0,0,0,0.00,0.00,0.00,0.00,0,False
Jayden,Meghoma,Meghoma,Brentford,DEF,5,118,0,0,0,0,0,0,0,0,0,0,0,0,0,0.0,0.0,0.0,0.0,0,0,0,0,0,0.00,0.00,0.00,0.00,0,False
Bryan,Mbeumo,Mbeumo,Man Utd,MID,5,119,69,0,0,1,0,0,0,0,0,0,0,0,7,2.8,11.1,22.0,3.6,1,1,0,2,1,0.09,0.08,0.17,0.13,3,False
Kevin,Schade,Schade,Brentford,MID,5,120,90,0,0,0,3,0,0,0,0,0,0,0,7,6.0,11.3,13.0,3.0,0,3,2,5,1,0.06,0.20,0.26,1.01,2,False
Mikkel,Damsgaard,Damsgaard,Brentford,MID,5,121,86,1,0,0,3,0,0,0,0,0,0,1,32,42.6,8.0,24.0,7.5,0,1,3,4,1,0.19,0.04,0.23,1.01,8,False
Antoni,Milambo,Milambo,Brentford,MID,5,122,0,0,0,0,0,0,0,0,0,0,0,0,0,0.0,0.0,0.0,0.0,0,0,0,0,0,0.00,0.00,0.00,0.00,0,False
Fábio,Freitas Gouveia Carvalho,Carvalho,Brentford,MID,5,123,3,0,0,0,0,0,0,0,0,0,0,0,3,0.2,1.0,0.0,0.1,0,1,0,1,0,0.00,0.00,0.00,0.00,1,False
Jordan,Henderson,Henderson,Brentford,MID,5,124,73,0,0,0,3,0,0,0,0,0,0,0,8,2.8,2.1,0.0,0.5,1,2,0,3,1,0.00,0.01,0.01,1.01,2,False
Vitaly,Janelt,Janelt,Brentford,MID,5,125,16,0,0,0,0,0,0,0,0,0,0,0,2,0.0,0.1,0.0,0.0,0,0,0,0,0,0.00,0.00,0.00,0.00,1,False
Mathias,Jensen,Jensen,Brentford,MID,5,126,0,0,0,0,0,0,0,0,0,0,0,0,0,0.0,0.0,0.0,0.0,0,0,0,0,0,0.00,0.00,0.00,0.00,0,False
Gustavo,Nunes Fernandes Gomes,Nunes,Brentford,MID,5,127,0,0,0,0,0,0,0,0,0,0,0,0,0,0.0,0.0,0.0,0.0,0,0,0,0,0,0.00,0.00,0.00,0.00,0,False
Frank,Onyeka,Onyeka,Brentford,MID,5,128,0,0,0,0,0,0,0,0,0,0,0,0,0,0.0,0.0,0.0,0.0,0,0,0,0,0,0.00,0.00,0.00,0.00,0,False
Yehor,Yarmoliuk,Yarmoliuk,Brentford,MID,5,129,90,0,0,0,3,0,0,0,0,0,0,0,13,13.6,12.3,0.0,2.6,2,3,2,7,1,0.00,0.01,0.01,1.01,2,False
Romelle,Donovan,Donovan,Brentford,MID,5,130,0,0,0,0,0,0,0,0,0,0,0,0,0,0.0,0.0,0.0,0.0,0,0,0,0,0,0.00,0.00,0.00,0.00,0,False
Yunus Emre,Konak,Konak,Brentford,MID,5,131,0,0,0,0,0,0,0,0,0,0,0,0,0,0.0,0.0,0.0,0.0,0,0,0,0,0,0.00,0.00,0.00,0.00,0,False
Paris,Maghoma,Maghoma,Brentford,MID,5,132,0,0,0,0,0,0,0,0,0,0,0,0,0,0.0,0.0,0.0,0.0,0,0,0,0,0,0.00,0.00,0.00,0.00,0,False
Myles,Peart-Harris,Peart-Harris,Brentford,MID,5,133,0,0,0,0,0,0,0,0,0,0,0,0,0,0.0,0.0,0.0,0.0,0,0,0,0,0,0.00,0.00,0.00,0.00,0,False
Ryan,Trevitt,Trevitt,Brentford,MID,5,134,0,0,0,0,0,0,0,0,0,0,0,0,0,0.0,0.0,0.0,0.0,0,0,0,0,0,0.00,0.00,0.00,0.00,0,False
Yoane,Wissa,Wissa,Newcastle,FWD,5,135,0,0,0,0,0,0,0,0,0,0,0,0,0,0.0,0.0,0.0,0.0,0,0,0,0,0,0.00,0.00,0.00,0.00,0,False
Igor Thiago,Nascimento Rodrigues,Thiago,Brentford,FWD,5,136,64,0,0,0,3,0,0,0,0,0,0,0,5,3.4,1.6,17.0,2.2,1,2,1,4,1,0.10,0.01,0.11,1.01,2,False
Iwan,Morgan,Morgan,Brentford,FWD,5,137,0,0,0,0,0,0,0,0,0,0,0,0,0,0.0,0.0,0.0,0.0,0,0,0,0,0,0.00,0.00,0.00,0.00,0,False
Jason,Steele,Steele,Brighton,GKP,5,138,0,0,0,0,0,0,0,0,0,0,0,0,0,0.0,0.0,0.0,0.0,0,0,0,0,0,0.00,0.00,0.00,0.00,0,False
Bart,Verbruggen,Verbruggen,Brighton,GKP,5,139,90,0,0,0,2,0,0,0,0,0,2,0,6,19.2,0.0,0.0,1.9,1,7,0,0,1,0.00,0.00,0.00,1.22,1,False
Tom,McGill,McGill,Brighton,GKP,5,140,0,0,0,0,0,0,0,0,0,0,0,0,0,0.0,0.0,0.0,0.0,0,0,0,0,0,0.00,0.00,0.00,0.00,0,False
Carl,Rushworth,Rushworth,Brighton,GKP,5,141,0,0,0,0,0,0,0,0,0,0,0,0,0,0.0,0.0,0.0,0.0,0,0,0,0,0,0.00,0.00,0.00,0.00,0,False
Kjell,Scherpen,Scherpen,Brighton,GKP,5,142,0,0,0,0,0,0,0,0,0,0,0,0,0,0.0,0.0,0.0,0.0,0,0,0,0,0,0.00,0.00,0.00,0.00,0,False
Olivier,Boscagli,Boscagli,Brighton,DEF,5,143,0,0,0,0,0,0,0,0,0,0,0,0,0,0.0,0.0,0.0,0.0,0,0,0,0,0,0.00,0.00,0.00,0.00,0,False
Diego,Coppola,Coppola,Brighton,DEF,5,144,15,0,0,0,1,0,0,0,0,0,0,0,0,5.4,0.1,0.0,0.6,3,1,0,3,0,0.00,0.00,0.00,0.07,1,False
Maxim,De Cuyper,De Cuyper,Brighton,DEF,5,145,0,0,0,0,0,0,0,0,0,0,0,0,0,0.0,0.0,0.0,0.0,0,0,0,0,0,0.00,0.00,0.00,0.00,0,False
Lewis,Dunk,Dunk,Brighton,DEF,5,146,90,0,0,0,2,0,0,0,0,0,0,0,10,26.4,0.4,2.0,2.9,10,4,2,12,1,0.03,0.00,0.03,1.22,3,False
Pervis,Estupiñán Tenorio,Estupiñan,Brighton,DEF,5,147,0,0,0,0,0,0,0,0,0,0,0,0,0,0.0,0.0,0.0,0.0,0,0,0,0,0,0.00,0.00,0.00,0.00,0,False
Ferdi,Kadıoğlu,F.Kadıoğlu,Brighton,DEF,5,148,84,0,0,0,2,0,0,0,0,0,0,0,9,10.6,11.3,4.0,2.6,1,5,4,5,1,0.07,0.01,0.08,1.21,1,False
Igor Julio,dos Santos de Paulo,Igor,West Ham,DEF,5,149,0,0,0,0,0,0,0,0,0,0,0,0,0,0.0,0.0,0.0,0.0,0,0,0,0,0,0.00,0.00,0.00,0.00,0,False
Tariq,Lamptey,Lamptey,Brighton,DEF,5,150,0,0,0,0,0,0,0,0,0,0,0,0,0,0.0,0.0,0.0,0.0,0,0,0,0,0,0.00,0.00,0.00,0.00,0,False
Jan Paul,van Hecke,Van Hecke,Brighton,DEF,5,151,90,0,0,0,2,1,0,0,0,0,0,0,5,15.2,0.3,0.0,1.6,11,1,1,12,1,0.00,0.00,0.00,1.22,1,False
Joël,Veltman,Veltman,Brighton,DEF,5,152,90,0,0,0,2,0,0,0,0,0,0,0,11,27.0,5.2,0.0,3.2,8,4,7,15,1,0.00,0.00,0.00,1.22,3,False
Adam,Webster,Webster,Brighton,DEF,5,153,0,0,0,0,0,0,0,0,0,0,0,0,0,0.0,0.0,0.0,0.0,0,0,0,0,0,0.00,0.00,0.00,0.00,0,False
Eiran,Cashin,Cashin,Brighton,DEF,5,154,0,0,0,0,0,0,0,0,0,0,0,0,0,0.0,0.0,0.0,0.0,0,0,0,0,0,0.00,0.00,0.00,0.00,0,False
Jacob,Slater,Slater,Brighton,DEF,5,155,0,0,0,0,0,0,0,0,0,0,0,0,0,0.0,0.0,0.0,0.0,0,0,0,0,0,0.00,0.00,0.00,0.00,0,False
Charlie,Tasker,Tasker,Brighton,DEF,5,156,0,0,0,0,0,0,0,0,0,0,0,0,0,0.0,0.0,0.0,0.0,0,0,0,0,0,0.00,0.00,0.00,0.00,0,False
Mitoma,Kaoru,Mitoma,Brighton,MID,5,157,90,0,0,0,2,0,0,0,0,0,0,0,9,11.2,12.8,19.0,4.3,2,5,0,7,1,0.09,0.07,0.16,1.22,2,False
Georginio,Rutter,Georginio,Brighton,MID,5,158,74,0,1,0,1,0,0,0,0,0,0,0,16,31.8,21.8,6.0,6.0,5,1,1,7,1,0.00,0.02,0.02,1.16,5,False
Solly,March,March,Brighton,MID,5,159,0,0,0,0,0,0,0,0,0,0,0,0,0,0.0,0.0,0.0,0.0,0,0,0,0,0,0.00,0.00,0.00,0.00,0,False
Yankuba,Minteh,Minteh,Brighton,MID,5,160,75,1,0,0,1,0,0,0,0,0,0,2,32,39.0,12.7,39.0,9.1,0,5,2,7,1,0.74,0.00,0.74,1.16,9,False
Julio,Enciso Espínola,Enciso,Brighton,MID,5,161,0,0,0,0,0,0,0,0,0,0,0,0,0,0.0,0.0,0.0,0.0,0,0,0,0,0,0.00,0.00,0.00,0.00,0,False
Brajan,Gruda,Gruda,Brighton,MID,5,162,62,0,0,0,1,0,0,0,0,0,0,0,5,2.4,11.8,3.0,1.7,1,3,1,5,1,0.09,0.01,0.10,0.91,2,False
Jack,Hinshelwood,Hinshelwood,Brighton,MID,5,163,0,0,0,0,0,0,0,0,0,0,0,0,0,0.0,0.0,0.0,0.0,0,0,0,0,0,0.00,0.00,0.00,0.00,0,False
Matt,O'Riley,O'Riley,Brighton,MID,5,164,0,0,0,0,0,0,0,0,0,0,0,0,0,0.0,0.0,0.0,0.0,0,0,0,0,0,0.00,0.00,0.00,0.00,0,False
Abdallah,Sima,Sima,Brighton,MID,5,165,0,0,0,0,0,0,0,0,0,0,0,0,0,0.0,0.0,0.0,0.0,0,0,0,0,0,0.00,0.00,0.00,0.00,0,False
Yasin,Ayari,Ayari,Brighton,MID,5,166,90,1,0,0,2,0,0,0,0,0,0,1,28,34.8,11.8,22.0,6.9,2,7,1,10,1,0.24,0.02,0.26,1.22,8,False
Carlos,Baleba,Baleba,Brighton,MID,5,167,45,0,0,0,1,0,0,0,0,0,0,0,6,6.0,0.7,0.0,0.7,2,3,2,7,1,0.00,0.00,0.00,0.91,1,False
Facundo,Buonanotte,Buonanotte,Chelsea,MID,5,168,0,0,0,0,0,0,0,0,0,0,0,0,0,0.0,0.0,0.0,0.0,0,0,0,0,0,0.00,0.00,0.00,0.00,0,False
Diego,Gómez Amarilla,Gomez,Brighton,MID,5,169,45,0,0,0,1,0,0,0,1,0,0,0,5,7.0,14.6,4.0,2.6,0,2,3,5,0,0.02,0.06,0.08,0.31,0,False
James,Milner,Milner,Brighton,MID,5,170,27,0,0,0,1,0,0,0,0,0,0,0,5,5.2,11.3,0.0,1.7,1,3,0,4,0,0.00,0.03,0.03,0.31,1,False
Jeremy,Sarmiento Morante,Sarmiento,Brighton,MID,5,171,0,0,0,0,0,0,0,0,0,0,0,0,0,0.0,0.0,0.0,0.0,0,0,0,0,0,0.00,0.00,0.00,0.00,0,False
Tom,Watson,Watson,Brighton,MID,5,172,0,0,0,0,0,0,0,0,0,0,0,0,0,0.0,0.0,0.0,0.0,0,0,0,0,0,0.00,0.00,0.00,0.00,0,False
Mats,Wieffer,Wieffer,Brighton,MID,5,173,5,0,0,0,0,0,0,0,0,0,0,0,2,2.2,0.8,0.0,0.3,0,1,1,2,0,0.00,0.01,0.01,0.02,1,False
Malick,Yalcouyé,Yalcouye,Brighton,MID,5,174,0,0,0,0,0,0,0,0,0,0,0,0,0,0.0,0.0,0.0,0.0,0,0,0,0,0,0.00,0.00,0.00,0.00,0,False
Joe,Knight,Knight,Brighton,MID,5,175,0,0,0,0,0,0,0,0,0,0,0,0,0,0.0,0.0,0.0,0.0,0,0,0,0,0,0.00,0.00,0.00,0.00,0,False
Adrian,Mazilu,Mazilu,Brighton,MID,5,176,0,0,0,0,0,0,0,0,0,0,0,0,0,0.0,0.0,0.0,0.0,0,0,0,0,0,0.00,0.00,0.00,0.00,0,False
Andrew,Moran,Moran,Brighton,MID,5,177,0,0,0,0,0,0,0,0,0,0,0,0,0,0.0,0.0,0.0,0.0,0,0,0,0,0,0.00,0.00,0.00,0.00,0,False
Danny,Welbeck,Welbeck,Brighton,FWD,5,178,15,0,0,0,1,0,0,0,0,0,0,0,3,1.2,1.0,9.0,1.1,0,0,0,0,0,0.04,0.06,0.10,0.07,1,False
Evan,Ferguson,Ferguson,Brighton,FWD,5,179,0,0,0,0,0,0,0,0,0,0,0,0,0,0.0,0.0,0.0,0.0,0,0,0,0,0,0.00,0.00,0.00,0.00,0,False
Stefanos,Tzimas,Tzimas,Brighton,FWD,5,180,0,0,0,0,0,0,0,0,0,0,0,0,0,0.0,0.0,0.0,0.0,0,0,0,0,0,0.00,0.00,0.00,0.00,0,False
Charalampos,Kostoulas,Kostoulas,Brighton,FWD,5,181,0,0,0,0,0,0,0,0,0,0,0,0,0,0.0,0.0,0.0,0.0,0,0,0,0,0,0.00,0.00,0.00,0.00,0,False
James,Trafford,Trafford,Man City,GKP,5,182,0,0,0,0,0,0,0,0,0,0,0,0,0,0.0,0.0,0.0,0.0,0,0,0,0,0,0.00,0.00,0.00,0.00,0,False
Max,Weiß,Weiss,Burnley,GKP,5,183,0,0,0,0,0,0,0,0,0,0,0,0,0,0.0,0.0,0.0,0.0,0,0,0,0,0,0.00,0.00,0.00,0.00,0,False
Etienne,Green,Green,Burnley,GKP,5,184,0,0,0,0,0,0,0,0,0,0,0,0,0,0.0,0.0,0.0,0.0,0,0,0,0,0,0.00,0.00,0.00,0.00,0,False
Václav,Hladký,Hladký,Burnley,GKP,5,185,0,0,0,0,0,0,0,0,0,0,0,0,0,0.0,0.0,0.0,0.0,0,0,0,0,0,0.00,0.00,0.00,0.00,0,False
Connor,Roberts,Roberts,Burnley,DEF,5,186,0,0,0,0,0,0,0,0,0,0,0,0,0,0.0,0.0,0.0,0.0,0,0,0,0,0,0.00,0.00,0.00,0.00,0,False
Kyle,Walker,Walker,Burnley,DEF,5,187,90,0,0,0,1,0,0,0,0,0,0,0,10,20.2,3.4,2.0,2.6,7,7,2,9,1,0.00,0.02,0.02,1.10,2,False
Hannes,Delcroix,Delcroix,Burnley,DEF,5,188,0,0,0,0,0,0,0,0,0,0,0,0,0,0.0,0.0,0.0,0.0,0,0,0,0,0,0.00,0.00,0.00,0.00,0,False
Owen,Dodgson,Dodgson,Burnley,DEF,5,189,0,0,0,0,0,0,0,0,0,0,0,0,0,0.0,0.0,0.0,0.0,0,0,0,0,0,0.00,0.00,0.00,0.00,0,False
Hjalmar,Ekdal,Ekdal,Burnley,DEF,5,190,90,0,0,0,1,0,0,0,0,0,0,0,5,17.8,0.4,39.0,5.7,8,3,0,8,1,0.14,0.00,0.14,1.10,2,False
Maxime,Estève,Estève,Burnley,DEF,5,191,90,0,0,0,1,0,0,0,0,0,0,0,14,19.6,10.4,8.0,3.8,10,5,1,11,1,0.12,0.00,0.12,1.10,4,False
Quilindschy,Hartman,Hartman,Burnley,DEF,5,192,90,0,0,0,1,0,0,0,0,0,0,0,10,26.4,47.3,9.0,8.3,3,0,2,5,1,0.02,0.31,0.33,1.10,2,False
Bashir,Humphreys,Humphreys,Burnley,DEF,5,193,0,0,0,0,0,0,0,0,0,0,0,0,0,0.0,0.0,0.0,0.0,0,0,0,0,0,0.00,0.00,0.00,0.00,0,False
Jordan,Beyer,Jordan,Burnley,DEF,5,194,0,0,0,0,0,0,0,0,0,0,0,0,0,0.0,0.0,0.0,0.0,0,0,0,0,0,0.00,0.00,0.00,0.00,0,False
Lucas,Pires Silva,Lucas Pires,Burnley,DEF,5,195,0,0,0,0,0,0,0,0,0,0,0,0,0,0.0,0.0,0.0,0.0,0,0,0,0,0,0.00,0.00,0.00,0.00,0,False
Shurandy,Sambo,Sambo,Burnley,DEF,5,196,0,0,0,0,0,0,0,0,0,0,0,0,0,0.0,0.0,0.0,0.0,0,0,0,0,0,0.00,0.00,0.00,0.00,0,False
Oliver,Sonne,Sonne,Burnley,DEF,5,197,0,0,0,0,0,0,0,0,0,0,0,0,0,0.0,0.0,0.0,0.0,0,0,0,0,0,0.00,0.00,0.00,0.00,0,False
Axel,Tuanzebe,Tuanzebe,Burnley,DEF,5,198,0,0,0,0,0,0,0,0,0,0,0,0,0,0.0,0.0,0.0,0.0,0,0,0,0,0,0.00,0.00,0.00,0.00,0,False
Joe,Worrall,Worrall,Burnley,DEF,5,199,0,0,0,0,0,0,0,0,0,0,0,0,0,0.0,0.0,0.0,0.0,0,0,0,0,0,0.00,0.00,0.00,0.00,0,False
Jaidon,Anthony,Anthony,Burnley,MID,5,200,90,1,0,0,1,0,0,0,0,0,0,3,37,52.4,19.7,55.0,12.7,2,3,1,6,1,0.36,0.14,0.50,1.10,10,True
Manuel,Benson Hedilazio,Benson,Burnley,MID,5,201,0,0,0,0,0,0,0,0,0,0,0,0,0,0.0,0.0,0.0,0.0,0,0,0,0,0,0.00,0.00,0.00,0.00,0,False
Jacob,Bruun Larsen,Bruun Larsen,Burnley,MID,5,202,0,0,0,0,0,0,0,0,0,0,0,0,0,0.0,0.0,0.0,0.0,0,0,0,0,0,0.00,0.00,0.00,0.00,0,False
Enock,Agyei,Boateng,Burnley,MID,5,203,0,0,0,0,0,0,0,0,0,0,0,0,0,0.0,0.0,0.0,0.0,0,0,0,0,0,0.00,0.00,0.00,0.00,0,False
Darko,Churlinov,Churlinov,Burnley,MID,5,204,0,0,0,0,0,0,0,0,0,0,0,0,0,0.0,0.0,0.0,0.0,0,0,0,0,0,0.00,0.00,0.00,0.00,0,False
Josh,Cullen,Cullen,Burnley,MID,5,205,90,0,0,0,1,0,0,0,0,0,0,0,15,19.0,6.0,0.0,2.5,7,7,0,14,1,0.00,0.04,0.04,1.10,4,False
Marcus,Edwards,Edwards,Burnley,MID,5,206,0,0,0,0,0,0,0,0,0,0,0,0,0,0.0,0.0,0.0,0.0,0,0,0,0,0,0.00,0.00,0.00,0.00,0,False
Hannibal,Mejbri,Hannibal,Burnley,MID,5,207,9,0,0,0,0,0,0,0,0,0,0,0,5,2.0,14.1,0.0,1.6,0,1,0,1,0,0.00,0.08,0.08,0.34,1,False
Luca,Koleosho,Koleosho,Burnley,MID,5,208,0,0,0,0,0,0,0,0,0,0,0,0,0,0.0,0.0,0.0,0.0,0,0,0,0,0,0.00,0.00,0.00,0.00,0,False
Josh,Laurent,Laurent,Burnley,MID,5,209,90,0,0,0,1,0,0,0,0,0,0,0,11,13.4,5.9,2.0,2.1,3,2,0,5,1,0.00,0.01,0.01,1.10,2,False
Loum,Tchaouna,Tchaouna,Burnley,MID,5,210,80,0,0,0,1,0,0,0,0,0,0,0,6,1.6,8.8,8.0,1.8,2,0,1,3,1,0.08,0.10,0.18,0.76,2,False
Aaron,Ramsey,A.Ramsey,Burnley,MID,5,211,0,0,0,0,0,0,0,0,0,0,0,0,0,0.0,0.0,0.0,0.0,0,0,0,0,0,0.00,0.00,0.00,0.00,0,False
Oluwaseun,Adewumi,Adewumi,Burnley,MID,5,212,0,0,0,0,0,0,0,0,0,0,0,0,0,0.0,0.0,0.0,0.0,0,0,0,0,0,0.00,0.00,0.00,0.00,0,False
Jaydon,Banel,Banel,Burnley,MID,5,213,0,0,0,0,0,0,0,0,0,0,0,0,0,0.0,0.0,0.0,0.0,0,0,0,0,0,0.00,0.00,0.00,0.00,0,False
Mike,Trésor Ndayishimiye,Trésor,Burnley,MID,5,214,0,0,0,0,0,0,0,0,0,0,0,0,0,0.0,0.0,0.0,0.0,0,0,0,0,0,0.00,0.00,0.00,0.00,0,False
Zian,Flemming,Flemming,Burnley,FWD,5,215,4,0,0,0,0,0,0,0,0,0,0,0,3,0.0,0.1,5.0,0.5,0,1,0,1,0,0.11,0.00,0.11,0.06,1,False
Zeki,Amdouni,Amdouni,Burnley,FWD,5,216,0,0,0,0,0,0,0,0,0,0,0,0,0,0.0,0.0,0.0,0.0,0,0,0,0,0,0.00,0.00,0.00,0.00,0,False
Lyle,Foster,Foster,Burnley,FWD,5,217,85,0,1,0,1,0,0,0,0,0,0,1,27,26.6,22.7,9.0,5.8,2,3,0,5,1,0.02,0.03,0.05,1.04,6,False
Ashley,Barnes,Barnes,Burnley,FWD,5,218,0,0,0,0,0,0,0,0,0,0,0,0,0,0.0,0.0,0.0,0.0,0,0,0,0,0,0.00,0.00,0.00,0.00,0,False
Michael,Obafemi,Obafemi,Burnley,FWD,5,219,0,0,0,0,0,0,0,0,0,0,0,0,0,0.0,0.0,0.0,0.0,0,0,0,0,0,0.00,0.00,0.00,0.00,0,False
Robert,Lynch Sánchez,Sánchez,Chelsea,GKP,5,220,4,0,0,0,2,0,0,0,0,1,1,0,-12,2.0,0.0,0.0,0.2,0,0,0,0,1,0.00,0.00,0.00,0.05,-3,False
Filip,Jörgensen,Jörgensen,Chelsea,GKP,5,221,84,0,0,0,2,0,0,0,0,0,1,0,4,9.4,0.0,0.0,0.9,2,5,0,0,0,0.00,0.00,0.00,1.79,1,False
Mike,Penders,Penders,Chelsea,GKP,5,222,0,0,0,0,0,0,0,0,0,0,0,0,0,0.0,0.0,0.0,0.0,0,0,0,0,0,0.00,0.00,0.00,0.00,0,False
Gabriel,Słonina,Slonina,Chelsea,GKP,5,223,0,0,0,0,0,0,0,0,0,0,0,0,0,0.0,0.0,0.0,0.0,0,0,0,0,0,0.00,0.00,0.00,0.00,0,False
Marc,Cucurella Saseta,Cucurella,Chelsea,DEF,5,224,63,0,0,0,2,0,0,0,1,0,0,0,-6,1.8,1.0,4.0,0.7,3,2,1,4,1,0.05,0.00,0.05,1.45,0,False
Reece,James,James,Chelsea,DEF,5,225,90,0,1,0,2,0,0,0,0,0,0,0,16,27.4,32.8,4.0,6.4,6,5,3,9,1,0.00,0.16,0.16,1.84,4,False
Trevoh,Chalobah,Chalobah,Chelsea,DEF,5,226,90,1,0,0,2,0,0,0,1,0,0,0,23,57.4,2.3,17.0,7.7,8,2,2,10,1,0.20,0.01,0.21,1.84,8,False
Levi,Samuels Colwill,Colwill,Chelsea,DEF,5,227,0,0,0,0,0,0,0,0,0,0,0,0,0,0.0,0.0,0.0,0.0,0,0,0,0,0,0.00,0.00,0.00,0.00,0,False
Malo,Gusto,Gusto,Chelsea,DEF,5,228,26,0,0,0,0,0,0,0,0,0,0,0,4,0.6,1.8,4.0,0.6,0,4,0,0,0,0.00,0.01,0.01,0.39,1,False
Benoît,Badiashile Mukinayi,B.Badiashile,Chelsea,DEF,5,229,0,0,0,0,0,0,0,0,0,0,0,0,0,0.0,0.0,0.0,0.0,0,0,0,0,0,0.00,0.00,0.00,0.00,0,False
Wesley,Fofana,Fofana,Chelsea,DEF,5,230,63,0,0,0,2,0,0,0,0,0,0,0,6,17.6,1.1,0.0,1.9,7,1,2,9,1,0.00,0.00,0.00,1.45,1,False
Mamadou,Sarr,M.Sarr,Chelsea,DEF,5,231,0,0,0,0,0,0,0,0,0,0,0,0,0,0.0,0.0,0.0,0.0,0,0,0,0,0,0.00,0.00,0.00,0.00,0,False
Tosin,Adarabioyo,Tosin,Chelsea,DEF,5,232,83,0,0,0,2,0,0,0,1,0,0,0,3,19.6,2.1,9.0,3.1,8,6,0,8,0,0.05,0.01,0.05,1.79,0,False
Josh,Acheampong,Acheampong,Chelsea,DEF,5,233,0,0,0,0,0,0,0,0,0,0,0,0,0,0.0,0.0,0.0,0.0,0,0,0,0,0,0.00,0.00,0.00,0.00,0,False
Aarón,Anselmino,Anselmino,Chelsea,DEF,5,234,0,0,0,0,0,0,0,0,0,0,0,0,0,0.0,0.0,0.0,0.0,0,0,0,0,0,0.00,0.00,0.00,0.00,0,False
Cole,Palmer,Palmer,Chelsea,MID,5,235,20,0,0,0,1,0,0,0,0,0,0,0,3,0.0,0.0,0.0,0.0,0,0,0,0,1,0.00,0.00,0.00,1.01,1,False
Pedro,Lomba Neto,Neto,Chelsea,MID,5,236,6,0,0,0,0,0,0,0,0,0,0,0,3,0.0,0.0,0.0,0.0,0,1,0,1,1,0.00,0.00,0.00,0.05,1,False
Enzo,Fernández,Enzo,Chelsea,MID,5,237,90,0,0,0,2,0,0,0,1,0,0,0,8,10.2,10.6,4.0,2.5,1,2,1,4,1,0.00,0.04,0.04,1.84,1,False
Estêvão,Almeida de Oliveira Gonçalves,Estêvão,Chelsea,MID,5,238,5,0,0,0,0,0,0,0,0,0,0,0,1,0.0,0.0,0.0,0.0,0,2,0,2,1,0.00,0.00,0.00,0.05,1,False
Jamie,Bynoe-Gittens,Gittens,Chelsea,MID,5,239,0,0,0,0,0,0,0,0,0,0,0,0,0,0.0,0.0,0.0,0.0,0,0,0,0,0,0.00,0.00,0.00,0.00,0,False
Christopher,Nkunku,Nkunku,Chelsea,MID,5,240,0,0,0,0,0,0,0,0,0,0,0,0,0,0.0,0.0,0.0,0.0,0,0,0,0,0,0.00,0.00,0.00,0.00,0,False
Moisés,Caicedo Corozo,Caicedo,Chelsea,MID,5,241,90,0,0,0,2,0,0,0,0,0,0,0,24,19.2,20.2,2.0,4.1,3,7,5,15,1,0.03,0.04,0.07,1.84,4,False
Kiernan,Dewsbury-Hall,Dewsbury-Hall,Everton,MID,5,242,90,0,0,0,2,0,0,0,1,0,0,0,5,8.4,29.5,13.0,5.1,1,2,2,5,1,0.19,0.07,0.26,0.90,1,False
Tyrique,George,George,Chelsea,MID,5,243,26,0,0,0,0,0,0,0,1,0,0,0,-7,0.0,0.8,0.0,0.0,0,0,0,0,0,0.00,0.01,0.01,0.39,0,False
Roméo,Lavia,Lavia,Chelsea,MID,5,244,0,0,0,0,0,0,0,0,0,0,0,0,0,0.0,0.0,0.0,0.0,0,0,0,0,0,0.00,0.00,0.00,0.00,0,False
Mykhailo,Mudryk,Mudryk,Chelsea,MID,5,245,0,0,0,0,0,0,0,0,0,0,0,0,0,0.0,0.0,0.0,0.0,0,0,0,0,0,0.00,0.00,0.00,0.00,0,False
Andrey,Nascimento dos Santos,Andrey Santos,Chelsea,MID,5,246,69,0,0,0,1,0,0,0,0,0,0,0,17,8.4,9.6,7.0,2.5,1,7,1,9,0,0.10,0.02,0.12,0.82,2,False
Dário,Luís Essugo,D.Essugo,Chelsea,MID,5,247,0,0,0,0,0,0,0,0,0,0,0,0,0,0.0,0.0,0.0,0.0,0,0,0,0,0,0.00,0.00,0.00,0.00,0,False
Kendry,Páez Andrade,Paez,Chelsea,MID,5,248,0,0,0,0,0,0,0,0,0,0,0,0,0,0.0,0.0,0.0,0.0,0,0,0,0,0,0.00,0.00,0.00,0.00,0,False
João Pedro,Junqueira de Jesus,João Pedro,Chelsea,FWD,5,249,90,0,0,0,2,0,0,0,0,0,0,0,7,8.0,15.0,8.0,3.1,1,1,1,3,1,0.00,0.03,0.03,1.84,2,False
Liam,Delap,Delap,Chelsea,FWD,5,250,0,0,0,0,0,0,0,0,0,0,0,0,0,0.0,0.0,0.0,0.0,0,0,0,0,0,0.00,0.00,0.00,0.00,0,False
Nicolas,Jackson,N.Jackson,Chelsea,FWD,5,251,0,0,0,0,0,0,0,0,0,0,0,0,0,0.0,0.0,0.0,0.0,0,0,0,0,0,0.00,0.00,0.00,0.00,0,False
Marc,Guiu Paz,Marc Guiu,Chelsea,FWD,5,252,0,0,0,0,0,0,0,0,0,0,0,0,0,0.0,0.0,0.0,0.0,0,0,0,0,0,0.00,0.00,0.00,0.00,0,False
Dean,Henderson,Henderson,Crystal Palace,GKP,5,253,90,0,0,0,1,0,0,0,1,0,2,0,11,20.0,0.0,0.0,2.0,3,7,0,0,1,0.00,0.03,0.03,0.66,1,False
Walter,Benítez,Benitez,Crystal Palace,GKP,5,254,0,0,0,0,0,0,0,0,0,0,0,0,0,0.0,0.0,0.0,0.0,0,0,0,0,0,0.00,0.00,0.00,0.00,0,False
Remi,Matthews,Matthews,Crystal Palace,GKP,5,255,0,0,0,0,0,0,0,0,0,0,0,0,0,0.0,0.0,0.0,0.0,0,0,0,0,0,0.00,0.00,0.00,0.00,0,False
Daniel,Muñoz Mejía,Muñoz,Crystal Palace,DEF,5,256,90,0,0,0,1,0,0,0,0,0,0,0,7,7.2,17.0,19.0,4.3,2,4,1,3,1,0.19,0.12,0.31,0.66,2,False
Maxence,Lacroix,Lacroix,Crystal Palace,DEF,5,257,90,0,0,0,1,0,0,0,0,0,0,0,7,11.2,0.2,7.0,1.8,4,3,2,6,1,0.20,0.00,0.20,0.66,2,False
Tyrick,Mitchell,Mitchell,Crystal Palace,DEF,5,258,90,1,0,0,1,0,0,0,1,0,0,1,29,50.2,40.5,25.0,11.6,2,6,3,5,1,0.28,0.10,0.38,0.66,8,False
Borna,Sosa,Sosa,Crystal Palace,DEF,5,259,0,0,0,0,0,0,0,0,0,0,0,0,0,0.0,0.0,0.0,0.0,0,0,0,0,0,0.00,0.00,0.00,0.00,0,False
Marc,Guéhi,Guéhi,Crystal Palace,DEF,5,260,90,0,1,0,1,0,0,0,0,0,0,0,25,22.0,1.4,8.0,3.1,5,2,5,10,1,0.20,0.01,0.21,0.66,7,False
Chris,Richards,Richards,Crystal Palace,DEF,5,261,90,0,0,0,1,0,0,0,0,0,0,0,20,32.6,4.0,0.0,3.7,13,1,4,17,1,0.00,0.00,0.00,0.66,4,False
Chadi,Riad Dnanou,Chadi Riad,Crystal Palace,DEF,5,262,0,0,0,0,0,0,0,0,0,0,0,0,0,0.0,0.0,0.0,0.0,0,0,0,0,0,0.00,0.00,0.00,0.00,0,False
Nathaniel,Clyne,Clyne,Crystal Palace,DEF,5,263,0,0,0,0,0,0,0,0,0,0,0,0,0,0.0,0.0,0.0,0.0,0,0,0,0,0,0.00,0.00,0.00,0.00,0,False
Rob,Holding,Holding,Crystal Palace,DEF,5,264,0,0,0,0,0,0,0,0,0,0,0,0,0,0.0,0.0,0.0,0.0,0,0,0,0,0,0.00,0.00,0.00,0.00,0,False
Caleb,Kporha,Kporha,Crystal Palace,DEF,5,265,0,0,0,0,0,0,0,0,0,0,0,0,0,0.0,0.0,0.0,0.0,0,0,0,0,0,0.00,0.00,0.00,0.00,0,False
Eberechi,Eze,Eze,Arsenal,MID,5,266,45,0,1,0,0,0,0,0,0,0,0,0,16,24.6,16.6,21.0,6.2,1,2,1,4,0,0.14,0.23,0.37,0.34,4,False
Ismaïla,Sarr,Sarr,Crystal Palace,MID,5,267,0,0,0,0,0,0,0,0,0,0,0,0,0,0.0,0.0,0.0,0.0,0,0,0,0,0,0.00,0.00,0.00,0.00,0,False
Cheick,Doucouré,Doucouré,Crystal Palace,MID,5,268,0,0,0,0,0,0,0,0,0,0,0,0,0,0.0,0.0,0.0,0.0,0,0,0,0,0,0.00,0.00,0.00,0.00,0,False
Romain,Esse,Esse,Crystal Palace,MID,5,269,0,0,0,0,0,0,0,0,0,0,0,0,0,0.0,0.0,0.0,0.0,0,0,0,0,0,0.00,0.00,0.00,0.00,0,False
Will,Hughes,Hughes,Crystal Palace,MID,5,270,64,0,0,0,1,0,0,0,0,0,0,0,8,10.0,2.8,2.0,1.5,4,2,0,6,1,0.00,0.01,0.01,0.45,2,False
Daichi,Kamada,Kamada,Crystal Palace,MID,5,271,90,0,0,0,1,0,0,0,0,0,0,0,19,24.4,41.3,13.0,7.9,3,0,4,7,1,0.25,0.22,0.47,0.66,2,False
Jefferson,Lerma Solís,Lerma,Crystal Palace,MID,5,272,25,0,0,0,0,0,0,0,1,0,0,0,5,7.0,10.3,20.0,3.7,3,3,0,6,0,0.08,0.00,0.08,0.22,0,False
Adam,Wharton,Wharton,Crystal Palace,MID,5,273,74,0,1,0,1,0,0,0,0,0,0,2,30,11.2,43.0,2.0,5.6,2,2,1,5,1,0.04,0.51,0.55,0.52,7,False
Asher,Agbinone,Agbinone,Crystal Palace,MID,5,274,0,0,0,0,0,0,0,0,0,0,0,0,0,0.0,0.0,0.0,0.0,0,0,0,0,0,0.00,0.00,0.00,0.00,0,False
Naouirou,Ahamada,Ahamada,Crystal Palace,MID,5,275,0,0,0,0,0,0,0,0,0,0,0,0,0,0.0,0.0,0.0,0.0,0,0,0,0,0,0.00,0.00,0.00,0.00,0,False
Justin,Devenny,Devenny,Crystal Palace,MID,5,276,45,0,0,0,1,0,0,0,0,0,0,0,5,0.0,5.2,5.0,1.0,0,4,1,5,0,0.08,0.04,0.12,0.45,1,False
Malcolm,Ebiowei,Ebiowei,Crystal Palace,MID,5,277,0,0,0,0,0,0,0,0,0,0,0,0,0,0.0,0.0,0.0,0.0,0,0,0,0,0,0.00,0.00,0.00,0.00,0,False
Jesurun,Rak-Sakyi,J.Rak-Sakyi,Crystal Palace,MID,5,278,0,0,0,0,0,0,0,0,0,0,0,0,0,0.0,0.0,0.0,0.0,0,0,0,0,0,0.00,0.00,0.00,0.00,0,False
Matheus,França de Oliveira,M.França,Crystal Palace,MID,5,279,0,0,0,0,0,0,0,0,0,0,0,0,0,0.0,0.0,0.0,0.0,0,0,0,0,0,0.00,0.00,0.00,0.00,0,False
David,Ozoh,Ozoh,Crystal Palace,MID,5,280,0,0,0,0,0,0,0,0,0,0,0,0,0,0.0,0.0,0.0,0.0,0,0,0,0,0,0.00,0.00,0.00,0.00,0,False
Kaden,Rodney,Rodney,Crystal Palace,MID,5,281,0,0,0,0,0,0,0,0,0,0,0,0,0,0.0,0.0,0.0,0.0,0,0,0,0,0,0.00,0.00,0.00,0.00,0,False
Franco,Umeh-Chibueze,Umeh,Crystal Palace,MID,5,282,0,0,0,0,0,0,0,0,0,0,0,0,0,0.0,0.0,0.0,0.0,0,0,0,0,0,0.00,0.00,0.00,0.00,0,False
Jean-Philippe,Mateta,Mateta,Crystal Palace,FWD,5,283,90,1,0,0,1,0,0,0,0,0,0,0,28,37.2,3.3,40.0,8.1,3,4,0,7,1,0.84,0.00,0.84,0.66,6,False
Eddie,Nketiah,Nketiah,Crystal Palace,FWD,5,284,15,0,0,0,0,0,0,0,0,0,0,0,3,3.4,10.4,7.0,2.1,1,1,0,2,0,0.04,0.00,0.04,0.15,1,False
Odsonne,Édouard,Édouard,Crystal Palace,FWD,5,285,0,0,0,0,0,0,0,0,0,0,0,0,0,0.0,0.0,0.0,0.0,0,0,0,0,0,0.00,0.00,0.00,0.00,0,False
Zach,Marsh,Marsh,Crystal Palace,FWD,5,286,0,0,0,0,0,0,0,0,0,0,0,0,0,0.0,0.0,0.0,0.0,0,0,0,0,0,0.00,0.00,0.00,0.00,0,False
Jordan,Pickford,Pickford,Everton,GKP,5,287,90,0,0,0,2,0,0,0,0,0,1,0,3,13.0,0.0,0.0,1.3,1,6,0,0,1,0.00,0.03,0.03,0.90,1,False
Mark,Travers,Travers,Everton,GKP,5,288,0,0,0,0,0,0,0,0,0,0,0,0,0,0.0,0.0,0.0,0.0,0,0,0,0,0,0.00,0.00,0.00,0.00,0,False
Harry,Tyrer,Tyrer,Everton,GKP,5,289,0,0,0,0,0,0,0,0,0,0,0,0,0,0.0,0.0,0.0,0.0,0,0,0,0,0,0.00,0.00,0.00,0.00,0,False
Jarrad,Branthwaite,Branthwaite,Everton,DEF,5,290,0,0,0,0,0,0,0,0,0,0,0,0,0,0.0,0.0,0.0,0.0,0,0,0,0,0,0.00,0.00,0.00,0.00,0,False
James,Tarkowski,Tarkowski,Everton,DEF,5,291,90,0,0,0,2,0,0,0,0,0,0,0,12,34.6,7.8,0.0,4.2,11,2,3,14,1,0.00,0.02,0.02,0.90,3,False
Vitalii,Mykolenko,Mykolenko,Everton,DEF,5,292,85,0,0,0,2,0,0,0,0,0,0,0,0,11.8,11.4,4.0,2.7,5,3,1,6,1,0.00,0.17,0.17,0.90,1,False
Jake,O'Brien,O'Brien,Everton,DEF,5,293,90,0,0,0,2,0,0,0,0,0,0,0,0,5.2,5.5,0.0,1.1,1,1,0,1,1,0.00,0.02,0.02,0.90,1,False
Séamus,Coleman,Coleman,Everton,DEF,5,294,0,0,0,0,0,0,0,0,0,0,0,0,0,0.0,0.0,0.0,0.0,0,0,0,0,0,0.00,0.00,0.00,0.00,0,False
Michael,Keane,Keane,Everton,DEF,5,295,90,0,0,0,2,0,0,0,0,0,0,0,9,15.4,0.7,2.0,1.8,6,7,1,7,1,0.00,0.01,0.01,0.90,1,False
Nathan,Patterson,Patterson,Everton,DEF,5,296,0,0,0,0,0,0,0,0,0,0,0,0,0,0.0,0.0,0.0,0.0,0,0,0,0,0,0.00,0.00,0.00,0.00,0,False
Roman,Dixon,Dixon,Everton,DEF,5,297,0,0,0,0,0,0,0,0,0,0,0,0,0,0.0,0.0,0.0,0.0,0,0,0,0,0,0.00,0.00,0.00,0.00,0,False
Reece,Welch,Welch,Everton,DEF,5,298,0,0,0,0,0,0,0,0,0,0,0,0,0,0.0,0.0,0.0,0.0,0,0,0,0,0,0.00,0.00,0.00,0.00,0,False
Iliman,Ndiaye,Ndiaye,Everton,MID,5,299,85,0,1,0,2,0,0,0,1,0,0,0,25,31.4,26.1,2.0,6.0,1,9,2,12,1,0.00,0.16,0.16,0.90,6,False
Dwight,McNeil,McNeil,Everton,MID,5,300,0,0,0,0,0,0,0,0,0,0,0,0,0,0.0,0.0,0.0,0.0,0,0,0,0,0,0.00,0.00,0.00,0.00,0,False
Carlos,Alcaraz Durán,Alcaraz,Everton,MID,5,301,4,0,0,0,0,0,0,0,0,0,0,0,3,0.0,0.3,0.0,0.0,0,0,0,0,0,0.00,0.00,0.00,0.00,1,False
Idrissa Gana,Gueye,Gana,Everton,MID,5,302,90,1,0,0,2,0,0,0,0,0,0,1,35,50.4,6.4,40.0,9.7,3,7,2,12,1,0.26,0.02,0.28,0.90,10,False
James,Garner,Garner,Everton,MID,5,303,90,0,0,0,2,0,0,0,0,0,0,0,17,16.2,3.2,3.0,2.2,6,7,5,18,1,0.04,0.02,0.06,0.90,4,False
Tim,Iroegbunam,Iroegbunam,Everton,MID,5,304,0,0,0,0,0,0,0,0,0,0,0,0,0,0.0,0.0,0.0,0.0,0,0,0,0,0,0.00,0.00,0.00,0.00,0,False
Harrison,Armstrong,Armstrong,Everton,MID,5,305,0,0,0,0,0,0,0,0,0,0,0,0,0,0.0,0.0,0.0,0.0,0,0,0,0,0,0.00,0.00,0.00,0.00,0,False
Callum,Bates,Bates,Everton,MID,5,306,0,0,0,0,0,0,0,0,0,0,0,0,0,0.0,0.0,0.0,0.0,0,0,0,0,0,0.00,0.00,0.00,0.00,0,False
Coby,Ebere,Ebere,Everton,MID,5,307,0,0,0,0,0,0,0,0,0,0,0,0,0,0.0,0.0,0.0,0.0,0,0,0,0,0,0.00,0.00,0.00,0.00,0,False
Isaac,Heath,Heath,Everton,MID,5,308,0,0,0,0,0,0,0,0,0,0,0,0,0,0.0,0.0,0.0,0.0,0,0,0,0,0,0.00,0.00,0.00,0.00,0,False
Jenson,Metcalfe,Metcalfe,Everton,MID,5,309,0,0,0,0,0,0,0,0,0,0,0,0,0,0.0,0.0,0.0,0.0,0,0,0,0,0,0.00,0.00,0.00,0.00,0,False
Thierno,Barry,Barry,Everton,FWD,5,310,45,0,0,0,0,0,0,0,0,0,0,0,1,0.4,1.0,0.0,0.1,0,1,0,1,0,0.00,0.00,0.00,0.21,1,False
Norberto Bercique,Gomes Betuncal,Beto,Everton,FWD,5,311,45,0,0,0,2,0,0,0,0,0,0,0,1,0.0,0.3,8.0,0.6,0,1,0,1,1,0.20,0.00,0.20,0.69,1,False
Youssef,Ramalho Chermiti,Y.Chermiti,Everton,FWD,5,312,0,0,0,0,0,0,0,0,0,0,0,0,0,0.0,0.0,0.0,0.0,0,0,0,0,0,0.00,0.00,0.00,0.00,0,False
Martin,Sherif,Sherif,Everton,FWD,5,313,0,0,0,0,0,0,0,0,0,0,0,0,0,0.0,0.0,0.0,0.0,0,0,0,0,0,0.00,0.00,0.00,0.00,0,False
Bernd,Leno,Leno,Fulham,GKP,5,314,90,0,0,0,1,0,0,0,1,0,2,0,9,19.2,0.0,0.0,1.9,1,6,0,0,1,0.00,0.00,0.00,0.60,1,False
Steven,Benda,Benda,Fulham,GKP,5,315,0,0,0,0,0,0,0,0,0,0,0,0,0,0.0,0.0,0.0,0.0,0,0,0,0,0,0.00,0.00,0.00,0.00,0,False
Antonee,Robinson,Robinson,Fulham,DEF,5,316,0,0,0,0,0,0,0,0,0,0,0,0,0,0.0,0.0,0.0,0.0,0,0,0,0,0,0.00,0.00,0.00,0.00,0,False
Joachim,Andersen,Andersen,Fulham,DEF,5,317,90,0,0,0,1,0,0,0,0,0,0,0,15,32.4,0.8,11.0,4.4,13,3,2,15,1,0.22,0.01,0.23,0.60,4,False
Calvin,Bassey,Bassey,Fulham,DEF,5,318,90,0,0,0,1,0,0,0,0,0,0,0,15,29.0,0.8,2.0,3.2,9,4,1,10,1,0.01,0.00,0.01,0.60,4,False
Timothy,Castagne,Castagne,Fulham,DEF,5,319,0,0,0,0,0,0,0,0,0,0,0,0,0,0.0,0.0,0.0,0.0,0,0,0,0,0,0.00,0.00,0.00,0.00,0,False
Issa,Diop,Diop,Fulham,DEF,5,320,0,0,0,0,0,0,0,0,0,0,0,0,0,0.0,0.0,0.0,0.0,0,0,0,0,0,0.00,0.00,0.00,0.00,0,False
Jorge,Cuenca Barreno,J.Cuenca,Fulham,DEF,5,321,4,0,0,0,0,0,0,0,0,0,0,0,6,5.0,0.0,0.0,0.5,3,0,1,4,0,0.00,0.00,0.00,0.05,1,False
Kenny,Tete,Tete,Fulham,DEF,5,322,90,0,0,0,1,0,0,0,0,0,0,0,11,22.8,13.7,0.0,3.7,5,4,3,8,1,0.00,0.02,0.02,0.60,2,False
Samuel,Amissah,Amissah,Fulham,DEF,5,323,0,0,0,0,0,0,0,0,0,0,0,0,0,0.0,0.0,0.0,0.0,0,0,0,0,0,0.00,0.00,0.00,0.00,0,False
Alex,Iwobi,Iwobi,Fulham,MID,5,324,79,1,1,0,1,0,0,0,0,0,0,3,47,59.8,38.3,19.0,11.7,0,5,0,5,1,0.18,0.20,0.38,0.52,13,True
Emile,Smith Rowe,Smith Rowe,Fulham,MID,5,325,10,0,0,0,0,0,0,0,0,0,0,0,4,2.2,0.3,0.0,0.3,0,1,1,2,0,0.00,0.00,0.00,0.08,1,False
Adama,Traoré Diarra,Adama,Fulham,MID,5,326,0,0,0,0,0,0,0,0,0,0,0,0,0,0.0,0.0,0.0,0.0,0,0,0,0,0,0.00,0.00,0.00,0.00,0,False
Andreas,Hoelgebaum Pereira,Andreas,Fulham,MID,5,327,0,0,0,0,0,0,0,0,0,0,0,0,0,0.0,0.0,0.0,0.0,0,0,0,0,0,0.00,0.00,0.00,0.00,0,False
Ryan,Sessegnon,Sessegnon,Fulham,MID,5,328,90,0,1,0,1,0,0,0,0,0,0,0,25,22.6,5.8,27.0,5.5,4,1,4,9,1,0.05,0.01,0.06,0.60,5,False
Harry,Wilson,Wilson,Fulham,MID,5,329,85,1,0,0,1,0,0,0,0,0,0,2,35,47.6,40.5,28.0,11.6,1,3,3,7,1,0.26,0.09,0.35,0.55,9,False
Sander,Berge,Berge,Fulham,MID,5,330,90,0,0,0,1,0,0,0,0,0,0,0,15,12.6,12.5,2.0,2.7,4,5,1,10,1,0.00,0.01,0.01,0.60,2,False
Tom,Cairney,Cairney,Fulham,MID,5,331,4,0,0,0,0,0,0,0,0,0,0,0,4,0.4,0.3,0.0,0.1,0,1,0,1,0,0.00,0.00,0.00,0.05,1,False
Saša,Lukić,Lukić,Fulham,MID,5,332,85,0,0,0,1,0,0,0,1,0,0,0,6,1.4,29.3,9.0,4.0,2,2,1,5,1,0.09,0.25,0.34,0.55,1,False
Martial,Godo,Godo,Fulham,MID,5,333,0,0,0,0,0,0,0,0,0,0,0,0,0,0.0,0.0,0.0,0.0,0,0,0,0,0,0.00,0.00,0.00,0.00,0,False
Luke,Harris,Harris,Fulham,MID,5,334,0,0,0,0,0,0,0,0,0,0,0,0,0,0.0,0.0,0.0,0.0,0,0,0,0,0,0.00,0.00,0.00,0.00,0,False
Josh,King,King,Fulham,MID,5,335,66,0,0,0,1,0,0,0,1,0,0,0,3,0.0,3.3,8.0,0.6,0,5,1,6,1,0.09,0.02,0.11,0.43,1,False
Harrison,Reed,Reed,Fulham,MID,5,336,0,0,0,0,0,0,0,0,0,0,0,0,0,0.0,0.0,0.0,0.0,0,0,0,0,0,0.00,0.00,0.00,0.00,0,False
Raúl,Jiménez Rodríguez,Raúl,Fulham,FWD,5,337,10,0,0,0,0,0,0,0,0,0,0,0,2,1.2,1.3,0.0,0.3,1,0,0,1,0,0.00,0.00,0.00,0.08,1,False
Rodrigo,Muniz Carvalho,Muniz,Fulham,FWD,5,338,79,0,1,0,1,0,0,0,0,0,0,0,13,23.4,20.8,21.0,6.5,4,1,1,6,1,0.12,0.00,0.12,0.52,5,False
Illan,Meslier,Meslier,Leeds,GKP,5,339,0,0,0,0,0,0,0,0,0,0,0,0,0,0.0,0.0,0.0,0.0,0,0,0,0,0,0.00,0.00,0.00,0.00,0,False
Alex,Cairns,Cairns,Leeds,GKP,5,340,0,0,0,0,0,0,0,0,0,0,0,0,0,0.0,0.0,0.0,0.0,0,0,0,0,0,0.00,0.00,0.00,0.00,0,False
Karl,Darlow,Darlow,Leeds,GKP,5,341,90,0,0,0,1,0,0,0,0,0,5,0,23,39.0,0.0,0.0,3.9,2,15,0,0,1,0.00,0.00,0.00,1.78,3,False
Jayden,Bogle,Bogle,Leeds,DEF,5,342,82,0,1,0,1,0,0,0,1,0,0,0,6,10.0,1.3,0.0,1.1,5,5,3,8,1,0.00,0.00,0.00,1.51,4,False
Pascal,Struijk,Struijk,Leeds,DEF,5,343,90,0,0,0,1,0,0,0,0,0,0,0,14,32.8,0.8,0.0,3.4,13,2,1,14,1,0.00,0.00,0.00,1.78,4,False
Jaka,Bijol,Bijol,Leeds,DEF,5,344,0,0,0,0,0,0,0,0,0,0,0,0,0,0.0,0.0,0.0,0.0,0,0,0,0,0,0.00,0.00,0.00,0.00,0,False
Sebastiaan,Bornauw,Bornauw,Leeds,DEF,5,345,0,0,0,0,0,0,0,0,0,0,0,0,0,0.0,0.0,0.0,0.0,0,0,0,0,0,0.00,0.00,0.00,0.00,0,False
Sam,Byram,Byram,Leeds,DEF,5,346,0,0,0,0,0,0,0,0,0,0,0,0,0,0.0,0.0,0.0,0.0,0,0,0,0,0,0.00,0.00,0.00,0.00,0,False
Gabriel,Gudmundsson,Gudmundsson,Leeds,DEF,5,347,90,0,0,0,1,0,0,0,0,0,0,0,11,20.0,6.3,6.0,3.2,10,5,0,10,1,0.00,0.12,0.12,1.78,4,False
Joe,Rodon,Rodon,Leeds,DEF,5,348,90,0,0,0,1,0,0,0,0,0,0,0,12,20.0,0.6,0.0,2.1,8,2,1,9,1,0.00,0.01,0.01,1.78,2,False
Isaac,Schmidt,Schmidt,Leeds,DEF,5,349,0,0,0,0,0,0,0,0,0,0,0,0,0,0.0,0.0,0.0,0.0,0,0,0,0,0,0.00,0.00,0.00,0.00,0,False
Brenden,Aaronson,Aaronson,Leeds,MID,5,350,90,0,0,0,1,0,0,0,0,0,0,0,9,3.4,5.7,1.0,1.0,2,7,1,10,1,0.05,0.19,0.24,1.77,2,False
Wilfried,Gnonto,Gnonto,Leeds,MID,5,351,0,0,0,0,0,0,0,0,0,0,0,0,0,0.0,0.0,0.0,0.0,0,0,0,0,0,0.00,0.00,0.00,0.00,0,False
Jack,Harrison,Harrison,Leeds,MID,5,352,20,0,0,0,0,0,0,0,0,0,0,0,4,0.6,1.5,0.0,0.2,0,3,0,3,0,0.00,0.00,0.00,0.50,1,False
Daniel,James,James,Leeds,MID,5,353,0,0,0,0,0,0,0,0,0,0,0,0,0,0.0,0.0,0.0,0.0,0,0,0,0,0,0.00,0.00,0.00,0.00,0,False
Ethan,Ampadu,Ampadu,Leeds,MID,5,354,90,0,0,0,1,0,0,0,0,0,0,0,18,17.2,6.1,1.0,2.4,5,6,4,15,1,0.02,0.01,0.03,1.78,4,False
Sam,Greenwood,Greenwood,Leeds,MID,5,355,0,0,0,0,0,0,0,0,0,0,0,0,0,0.0,0.0,0.0,0.0,0,0,0,0,0,0.00,0.00,0.00,0.00,0,False
Ilia,Gruev,Gruev,Leeds,MID,5,356,1,0,0,0,0,0,0,0,0,0,0,0,3,0.2,0.1,0.0,0.0,0,0,0,0,0,0.00,0.00,0.00,0.02,1,False
Largie,Ramazani,Ramazani,Leeds,MID,5,357,0,0,0,0,0,0,0,0,0,0,0,0,0,0.0,0.0,0.0,0.0,0,0,0,0,0,0.00,0.00,0.00,0.00,0,False
Tanaka,Ao,Tanaka,Leeds,MID,5,358,7,0,0,0,0,0,0,0,0,0,0,0,4,2.0,0.0,0.0,0.2,2,0,0,2,0,0.00,0.00,0.00,0.28,1,False
Charlie,Crew,Crew,Leeds,MID,5,359,0,0,0,0,0,0,0,0,0,0,0,0,0,0.0,0.0,0.0,0.0,0,0,0,0,0,0.00,0.00,0.00,0.00,0,False
Joe,Gelhardt,Gelhardt,Leeds,MID,5,360,0,0,0,0,0,0,0,0,0,0,0,0,0,0.0,0.0,0.0,0.0,0,0,0,0,0,0.00,0.00,0.00,0.00,0,False
Darko,Gyabi,Gyabi,Leeds,MID,5,361,0,0,0,0,0,0,0,0,0,0,0,0,0,0.0,0.0,0.0,0.0,0,0,0,0,0,0.00,0.00,0.00,0.00,0,False
Joël,Piroe,Piroe,Leeds,FWD,5,362,0,0,0,0,0,0,0,0,0,0,0,0,0,0.0,0.0,0.0,0.0,0,0,0,0,0,0.00,0.00,0.00,0.00,0,False
Patrick,Bamford,Bamford,Leeds,FWD,5,363,0,0,0,0,0,0,0,0,0,0,0,0,0,0.0,0.0,0.0,0.0,0,0,0,0,0,0.00,0.00,0.00,0.00,0,False
Mateo,Joseph Fernández-Regatillo,Mateo Joseph,Leeds,FWD,5,364,0,0,0,0,0,0,0,0,0,0,0,0,0,0.0,0.0,0.0,0.0,0,0,0,0,0,0.00,0.00,0.00,0.00,0,False
Lukas,Nmecha,Nmecha,Leeds,FWD,5,365,1,0,0,0,0,0,0,0,0,0,0,0,3,1.0,0.0,0.0,0.1,1,0,0,1,0,0.00,0.00,0.00,0.02,1,False
Alisson,Becker,A.Becker,Liverpool,GKP,5,366,90,0,0,0,1,0,0,0,0,0,1,0,11,11.8,0.0,0.0,1.2,3,10,0,0,1,0.00,0.00,0.00,0.70,2,False
Giorgi,Mamardashvili,Mamardashvili,Liverpool,GKP,5,367,0,0,0,0,0,0,0,0,0,0,0,0,0,0.0,0.0,0.0,0.0,0,0,0,0,0,0.00,0.00,0.00,0.00,0,False
Ármin,Pécsi,Pécsi,Liverpool,GKP,5,368,0,0,0,0,0,0,0,0,0,0,0,0,0,0.0,0.0,0.0,0.0,0,0,0,0,0,0.00,0.00,0.00,0.00,0,False
Freddie,Woodman,Woodman,Liverpool,GKP,5,369,0,0,0,0,0,0,0,0,0,0,0,0,0,0.0,0.0,0.0,0.0,0,0,0,0,0,0.00,0.00,0.00,0.00,0,False
Jeremie,Frimpong,Frimpong,Liverpool,DEF,5,370,0,0,0,0,0,0,0,0,0,0,0,0,0,0.0,0.0,0.0,0.0,0,0,0,0,0,0.00,0.00,0.00,0.00,0,False
Milos,Kerkez,Kerkez,Liverpool,DEF,5,371,90,0,0,0,1,0,0,0,0,0,0,0,15,24.2,17.4,2.0,4.4,8,1,2,10,1,0.00,0.04,0.04,0.70,4,False
Andrew,Robertson,Robertson,Liverpool,DEF,5,372,0,0,0,0,0,0,0,0,0,0,0,0,0,0.0,0.0,0.0,0.0,0,0,0,0,0,0.00,0.00,0.00,0.00,0,False
Virgil,van Dijk,Virgil,Liverpool,DEF,5,373,90,0,0,0,1,0,0,0,0,0,0,0,14,22.6,1.2,2.0,2.6,10,3,0,10,1,0.00,0.01,0.01,0.70,4,False
Ibrahima,Konaté,Konaté,Liverpool,DEF,5,374,90,0,0,0,1,0,0,0,0,0,0,0,9,27.4,0.7,5.0,3.3,9,2,2,11,1,0.04,0.00,0.04,0.70,4,False
Conor,Bradley,Bradley,Liverpool,DEF,5,375,90,0,0,0,1,0,0,0,0,0,0,0,6,5.4,3.7,5.0,1.4,4,1,1,5,1,0.04,0.04,0.08,0.70,2,False
Joe,Gomez,Gomez,Liverpool,DEF,5,376,0,0,0,0,0,0,0,0,0,0,0,0,0,0.0,0.0,0.0,0.0,0,0,0,0,0,0.00,0.00,0.00,0.00,0,False
Konstantinos,Tsimikas,Tsimikas,Liverpool,DEF,5,377,0,0,0,0,0,0,0,0,0,0,0,0,0,0.0,0.0,0.0,0.0,0,0,0,0,0,0.00,0.00,0.00,0.00,0,False
Amara,Nallo,Nallo,Liverpool,DEF,5,378,0,0,0,0,0,0,0,0,0,0,0,0,0,0.0,0.0,0.0,0.0,0,0,0,0,0,0.00,0.00,0.00,0.00,0,False
Rhys,Williams,R.Williams,Liverpool,DEF,5,379,0,0,0,0,0,0,0,0,0,0,0,0,0,0.0,0.0,0.0,0.0,0,0,0,0,0,0.00,0.00,0.00,0.00,0,False
Calvin,Ramsay,Ramsay,Liverpool,DEF,5,380,0,0,0,0,0,0,0,0,0,0,0,0,0,0.0,0.0,0.0,0.0,0,0,0,0,0,0.00,0.00,0.00,0.00,0,False
Mohamed,Salah,M.Salah,Liverpool,MID,5,381,90,0,1,0,1,0,0,0,0,0,0,0,14,21.6,16.7,27.0,6.5,2,2,0,4,1,0.12,0.19,0.31,0.70,5,False
Florian,Wirtz,Wirtz,Liverpool,MID,5,382,29,0,0,0,0,0,0,0,1,0,0,0,-2,1.4,11.3,4.0,1.7,0,0,0,0,0,0.00,0.03,0.03,0.04,0,False
Luis,Díaz Marulanda,Luis Díaz,Liverpool,MID,5,383,0,0,0,0,0,0,0,0,0,0,0,0,0,0.0,0.0,0.0,0.0,0,0,0,0,0,0.00,0.00,0.00,0.00,0,False
Cody,Gakpo,Gakpo,Liverpool,MID,5,384,60,0,0,0,1,0,0,0,0,0,0,0,10,9.2,25.8,10.0,4.5,4,2,1,7,1,0.08,0.10,0.18,0.66,2,False
Federico,Chiesa,Chiesa,Liverpool,MID,5,385,0,0,0,0,0,0,0,0,0,0,0,0,0,0.0,0.0,0.0,0.0,0,0,0,0,0,0.00,0.00,0.00,0.00,0,False
Alexis,Mac Allister,Mac Allister,Liverpool,MID,5,386,60,0,0,0,1,0,0,0,0,0,0,0,13,4.6,3.8,5.0,1.3,1,5,1,7,1,0.10,0.05,0.15,0.66,2,False
Dominik,Szoboszlai,Szoboszlai,Liverpool,MID,5,387,90,0,0,0,1,0,0,0,1,0,0,0,10,11.4,22.4,14.0,4.8,2,7,1,10,1,0.07,0.03,0.10,0.70,1,False
Curtis,Jones,C.Jones,Liverpool,MID,5,388,29,0,0,0,0,0,0,0,0,0,0,0,9,9.2,4.7,0.0,1.4,2,3,2,7,0,0.00,0.04,0.04,0.04,1,False
Harvey,Elliott,Elliott,Aston Villa,MID,5,389,32,0,0,0,1,0,0,0,0,0,0,0,3,2.2,8.8,11.0,2.2,0,1,0,1,0,0.17,0.05,0.22,0.68,1,False
Ryan,Gravenberch,Gravenberch,Liverpool,MID,5,390,90,1,1,0,1,0,0,0,0,0,0,3,48,67.4,18.5,17.0,10.3,2,7,5,14,1,0.13,0.19,0.32,0.70,15,True
Ben,Gannon-Doak,Gannon-Doak,Bournemouth,MID,5,391,0,0,0,0,0,0,0,0,0,0,0,0,0,0.0,0.0,0.0,0.0,0,0,0,0,0,0.00,0.00,0.00,0.00,0,False
Endo,Wataru,Endo,Liverpool,MID,5,392,0,0,0,0,0,0,0,0,0,0,0,0,0,0.0,0.0,0.0,0.0,0,0,0,0,0,0.00,0.00,0.00,0.00,0,False
Stefan,Bajčetić Maquieira,Bajcetic,Liverpool,MID,5,393,0,0,0,0,0,0,0,0,0,0,0,0,0,0.0,0.0,0.0,0.0,0,0,0,0,0,0.00,0.00,0.00,0.00,0,False
James,McConnell,McConnell,Liverpool,MID,5,394,0,0,0,0,0,0,0,0,0,0,0,0,0,0.0,0.0,0.0,0.0,0,0,0,0,0,0.00,0.00,0.00,0.00,0,False
Tyler,Morton,Morton,Liverpool,MID,5,395,0,0,0,0,0,0,0,0,0,0,0,0,0,0.0,0.0,0.0,0.0,0,0,0,0,0,0.00,0.00,0.00,0.00,0,False
Trey,Nyoni,Nyoni,Liverpool,MID,5,396,0,0,0,0,0,0,0,0,0,0,0,0,0,0.0,0.0,0.0,0.0,0,0,0,0,0,0.00,0.00,0.00,0.00,0,False
Darwin,Núñez Ribeiro,Darwin,Liverpool,FWD,5,397,0,0,0,0,0,0,0,0,0,0,0,0,0,0.0,0.0,0.0,0.0,0,0,0,0,0,0.00,0.00,0.00,0.00,0,False
Jayden,Danns,Danns,Liverpool,FWD,5,398,0,0,0,0,0,0,0,0,0,0,0,0,0,0.0,0.0,0.0,0.0,0,0,0,0,0,0.00,0.00,0.00,0.00,0,False
Ederson,Santana de Moraes,Ederson M.,Man City,GKP,5,399,0,0,0,0,0,0,0,0,0,0,0,0,0,0.0,0.0,0.0,0.0,0,0,0,0,0,0.00,0.00,0.00,0.00,0,False
Stefan,Ortega Moreno,Ortega Moreno,Man City,GKP,5,400,0,0,0,0,0,0,0,0,0,0,0,0,0,0.0,0.0,0.0,0.0,0,0,0,0,0,0.00,0.00,0.00,0.00,0,False
Marcus,Bettinelli,Bettinelli,Man City,GKP,5,401,0,0,0,0,0,0,0,0,0,0,0,0,0,0.0,0.0,0.0,0.0,0,0,0,0,0,0.00,0.00,0.00,0.00,0,False
Rayan,Aït-Nouri,Aït-Nouri,Man City,DEF,5,402,0,0,0,0,0,0,0,0,0,0,0,0,0,0.0,0.0,0.0,0.0,0,0,0,0,0,0.00,0.00,0.00,0.00,0,False
Joško,Gvardiol,Gvardiol,Man City,DEF,5,403,90,0,0,0,1,0,0,0,0,0,0,0,16,30.0,0.3,0.0,3.0,12,6,2,14,1,0.00,0.00,0.00,0.96,4,False
Manuel,Akanji,Akanji,Man City,DEF,5,404,0,0,0,0,0,0,0,0,0,0,0,0,0,0.0,0.0,0.0,0.0,0,0,0,0,0,0.00,0.00,0.00,0.00,0,False
Nathan,Aké,Aké,Man City,DEF,5,405,22,0,0,0,1,0,0,0,0,0,0,0,1,3.0,0.5,0.0,0.4,2,0,0,2,0,0.00,0.03,0.03,0.23,1,False
Abdukodir,Khusanov,Khusanov,Man City,DEF,5,406,45,0,0,0,0,0,0,0,0,0,0,0,4,4.8,0.8,0.0,0.6,3,3,0,3,1,0.00,0.00,0.00,0.35,1,False
Matheus,Nunes,Matheus N.,Man City,DEF,5,407,45,0,0,0,1,0,0,0,0,0,0,0,5,11.6,0.8,0.0,1.2,6,2,1,7,0,0.00,0.00,0.00,0.61,1,False
Rúben,dos Santos Gato Alves Dias,Rúben,Man City,DEF,5,408,90,0,0,0,1,0,0,0,0,0,0,0,5,9.0,0.7,0.0,1.0,6,1,0,6,1,0.00,0.00,0.00,0.96,2,False
John,Stones,Stones,Man City,DEF,5,409,3,0,0,0,1,0,0,0,0,0,0,0,-1,0.0,0.0,2.0,0.2,0,0,0,0,0,0.00,0.00,0.00,0.16,1,False
Rico,Lewis,Lewis,Man City,DEF,5,410,0,0,0,0,0,0,0,0,0,0,0,0,0,0.0,0.0,0.0,0.0,0,0,0,0,0,0.00,0.00,0.00,0.00,0,False
Nico,O'Reilly,O’Reilly,Man City,DEF,5,411,86,0,0,1,0,0,0,0,0,0,0,0,19,15.4,0.7,0.0,1.6,7,2,2,9,1,0.00,0.00,0.00,0.80,6,False
Vitor,de Oliveira Nunes dos Reis,Vitor Reis,Man City,DEF,5,412,0,0,0,0,0,0,0,0,0,0,0,0,0,0.0,0.0,0.0,0.0,0,0,0,0,0,0.00,0.00,0.00,0.00,0,False
Omar,Marmoush,Marmoush,Man City,MID,5,413,0,0,0,0,0,0,0,0,0,0,0,0,0,0.0,0.0,0.0,0.0,0,0,0,0,0,0.00,0.00,0.00,0.00,0,False
Phil,Foden,Foden,Man City,MID,5,414,67,0,0,1,0,0,0,0,0,0,0,0,10,6.0,1.8,0.0,0.8,4,2,2,8,1,0.00,0.01,0.01,0.72,3,False
Sávio,Moreira de Oliveira,Savinho,Man City,MID,5,415,3,0,0,0,1,0,0,0,0,0,0,0,1,0.0,0.8,0.0,0.0,0,1,0,1,0,0.00,0.00,0.00,0.16,1,False
Bernardo,Mota Veiga de Carvalho e Silva,Bernardo,Man City,MID,5,416,90,0,0,0,1,0,0,0,1,0,0,0,10,13.8,12.3,2.0,2.8,4,6,1,11,1,0.00,0.02,0.02,0.96,1,False
Rayan,Cherki,Cherki,Man City,MID,5,417,0,0,0,0,0,0,0,0,0,0,0,0,0,0.0,0.0,0.0,0.0,0,0,0,0,0,0.00,0.00,0.00,0.00,0,False
Jérémy,Doku,Doku,Man City,MID,5,418,86,0,0,1,0,0,0,0,0,0,0,0,12,14.6,21.9,11.0,4.8,0,5,4,9,1,0.25,0.02,0.27,0.80,3,False
Jack,Grealish,Grealish,Everton,MID,5,419,90,0,0,0,2,0,0,0,1,0,0,0,16,19.4,41.6,14.0,7.5,3,3,2,8,1,0.01,0.10,0.11,0.90,1,False
İlkay,Gündoğan,Gündoğan,Man City,MID,5,420,0,0,0,0,0,0,0,0,0,0,0,0,0,0.0,0.0,0.0,0.0,0,0,0,0,0,0.00,0.00,0.00,0.00,0,False
Rodrigo 'Rodri',Hernandez Cascante,Rodrigo,Man City,MID,5,421,90,0,0,0,1,0,0,0,0,0,0,0,19,22.6,5.2,1.0,2.9,11,3,2,16,1,0.06,0.01,0.07,0.96,4,False
Mateo,Kovačić,Kovačić,Man City,MID,5,422,0,0,0,0,0,0,0,0,0,0,0,0,0,0.0,0.0,0.0,0.0,0,0,0,0,0,0.00,0.00,0.00,0.00,0,False
Nico,González Iglesias,N.Gonzalez,Man City,MID,5,423,14,0,0,0,1,0,0,0,0,0,0,0,2,1.8,0.5,0.0,0.2,1,1,0,2,0,0.00,0.00,0.00,0.18,1,False
Oscar,Bobb,Bobb,Man City,MID,5,424,0,0,0,0,0,0,0,0,0,0,0,0,0,0.0,0.0,0.0,0.0,0,0,0,0,0,0.00,0.00,0.00,0.00,0,False
Claudio,Echeverri,Echeverri,Man City,MID,5,425,0,0,0,0,0,0,0,0,0,0,0,0,0,0.0,0.0,0.0,0.0,0,0,0,0,0,0.00,0.00,0.00,0.00,0,False
James,McAtee,McAtee,Nott'm Forest,MID,5,426,0,0,0,0,0,0,0,0,0,0,0,0,0,0.0,0.0,0.0,0.0,0,0,0,0,0,0.00,0.00,0.00,0.00,0,False
Tijjani,Reijnders,Reijnders,Man City,MID,5,427,90,0,1,0,1,0,0,0,0,0,0,2,26,31.2,21.8,17.0,7.0,5,7,0,12,1,0.06,0.04,0.10,0.96,9,False
Sverre,Nypan,Nypan,Man City,MID,5,428,0,0,0,0,0,0,0,0,0,0,0,0,0,0.0,0.0,0.0,0.0,0,0,0,0,0,0.00,0.00,0.00,0.00,0,False
Kalvin,Phillips,Phillips,Man City,MID,5,429,0,0,0,0,0,0,0,0,0,0,0,0,0,0.0,0.0,0.0,0.0,0,0,0,0,0,0.00,0.00,0.00,0.00,0,False
Erling,Haaland,Haaland,Man City,FWD,5,430,75,1,0,1,0,0,0,0,0,0,0,3,32,35.4,2.1,34.0,7.2,2,3,0,5,1,0.52,0.01,0.53,0.77,9,False
Altay,Bayındır,Bayindir,Man Utd,GKP,5,431,90,0,0,0,1,0,0,0,0,0,0,0,4,3.8,0.0,0.0,0.4,3,2,0,0,1,0.00,0.00,0.00,0.43,2,False
André,Onana,Onana,Man Utd,GKP,5,432,0,0,0,0,0,0,0,0,0,0,0,0,0,0.0,0.0,0.0,0.0,0,0,0,0,0,0.00,0.00,0.00,0.00,0,False
Elyh,Harrison,Harrison,Man Utd,GKP,5,433,0,0,0,0,0,0,0,0,0,0,0,0,0,0.0,0.0,0.0,0.0,0,0,0,0,0,0.00,0.00,0.00,0.00,0,False
Tom,Heaton,Heaton,Man Utd,GKP,5,434,0,0,0,0,0,0,0,0,0,0,0,0,0,0.0,0.0,0.0,0.0,0,0,0,0,0,0.00,0.00,0.00,0.00,0,False
Dermot,Mee,Mee,Man Utd,GKP,5,435,0,0,0,0,0,0,0,0,0,0,0,0,0,0.0,0.0,0.0,0.0,0,0,0,0,0,0.00,0.00,0.00,0.00,0,False
Matthijs,de Ligt,De Ligt,Man Utd,DEF,5,436,90,0,0,0,1,0,0,0,0,0,0,0,20,27.0,23.3,0.0,5.0,7,4,2,9,1,0.00,0.38,0.38,0.43,2,False
Lisandro,Martínez,Martinez,Man Utd,DEF,5,437,0,0,0,0,0,0,0,0,0,0,0,0,0,0.0,0.0,0.0,0.0,0,0,0,0,0,0.00,0.00,0.00,0.00,0,False
Noussair,Mazraoui,Mazraoui,Man Utd,DEF,5,438,64,0,0,1,0,0,0,0,0,0,0,1,28,18.0,11.2,0.0,2.9,1,6,4,5,1,0.00,0.10,0.10,0.13,7,False
Diego,León Blanco,D.Leon,Man Utd,DEF,5,439,0,0,0,0,0,0,0,0,0,0,0,0,0,0.0,0.0,0.0,0.0,0,0,0,0,0,0.00,0.00,0.00,0.00,0,False
Diogo,Dalot Teixeira,Dalot,Man Utd,DEF,5,440,0,0,0,0,0,0,0,0,0,0,0,0,0,0.0,0.0,0.0,0.0,0,0,0,0,0,0.00,0.00,0.00,0.00,0,False
Patrick,Dorgu,Dorgu,Man Utd,DEF,5,441,90,0,1,0,1,0,0,0,0,0,0,0,22,36.0,26.8,10.0,7.3,3,4,4,7,1,0.00,0.39,0.39,0.43,5,False
Harry,Maguire,Maguire,Man Utd,DEF,5,442,69,0,1,1,0,0,0,0,0,0,0,2,34,19.2,10.8,6.0,3.6,2,2,1,3,1,0.11,0.01,0.12,0.13,11,True
Luke,Shaw,Shaw,Man Utd,DEF,5,443,90,0,0,0,1,0,0,0,0,0,0,0,12,14.2,2.2,5.0,2.1,5,6,3,8,1,0.08,0.01,0.09,0.43,2,False
Leny,Yoro,Yoro,Man Utd,DEF,5,444,20,0,0,0,1,0,0,0,0,0,0,0,-2,0.0,0.0,0.0,0.0,0,2,0,0,0,0.00,0.00,0.00,0.30,1,False
Harry,Amass,Amass,Man Utd,DEF,5,445,0,0,0,0,0,0,0,0,0,0,0,0,0,0.0,0.0,0.0,0.0,0,0,0,0,0,0.00,0.00,0.00,0.00,0,False
Tyler,Fredricson,Fredricson,Man Utd,DEF,5,446,0,0,0,0,0,0,0,0,0,0,0,0,0,0.0,0.0,0.0,0.0,0,0,0,0,0,0.00,0.00,0.00,0.00,0,False
Ayden,Heaven,Heaven,Man Utd,DEF,5,447,0,0,0,0,0,0,0,0,0,0,0,0,0,0.0,0.0,0.0,0.0,0,0,0,0,0,0.00,0.00,0.00,0.00,0,False
Tyrell,Malacia,Malacia,Man Utd,DEF,5,448,0,0,0,0,0,0,0,0,0,0,0,0,0,0.0,0.0,0.0,0.0,0,0,0,0,0,0.00,0.00,0.00,0.00,0,False
Bruno,Borges Fernandes,B.Fernandes,Man Utd,MID,5,449,86,1,0,0,1,0,0,0,0,0,0,3,36,42.8,17.8,46.0,10.7,0,6,2,8,1,0.82,0.08,0.90,0.32,10,True
Matheus,Santos Carneiro da Cunha,Cunha,Man Utd,MID,5,450,26,0,0,0,1,0,0,0,0,0,0,0,7,4.2,4.3,2.0,1.1,1,3,0,4,0,0.00,0.03,0.03,0.30,1,False
Marcus,Rashford,Rashford,Man Utd,MID,5,451,0,0,0,0,0,0,0,0,0,0,0,0,0,0.0,0.0,0.0,0.0,0,0,0,0,0,0.00,0.00,0.00,0.00,0,False
Amad,Diallo,Amad,Man Utd,MID,5,452,90,0,0,0,1,0,0,0,0,0,0,0,8,9.2,7.9,12.0,2.9,3,6,2,11,1,0.38,0.05,0.43,0.43,2,False
Alejandro,Garnacho Ferreyra,Garnacho,Chelsea,MID,5,453,0,0,0,0,0,0,0,0,0,0,0,0,0,0.0,0.0,0.0,0.0,0,0,0,0,0,0.00,0.00,0.00,0.00,0,False
Antony,dos Santos,Antony,Man Utd,MID,5,454,0,0,0,0,0,0,0,0,0,0,0,0,0,0.0,0.0,0.0,0.0,0,0,0,0,0,0.00,0.00,0.00,0.00,0,False
Mason,Mount,Mount,Man Utd,MID,5,455,21,0,0,0,1,0,0,0,0,0,0,0,3,0.6,0.1,0.0,0.1,0,1,0,1,0,0.00,0.00,0.00,0.30,1,False
Jadon,Sancho,Sancho,Aston Villa,MID,5,456,8,0,0,0,0,0,0,0,0,0,0,0,2,0.8,2.8,7.0,1.1,0,0,0,0,0,0.02,0.04,0.06,0.00,1,False
Carlos Henrique,Casimiro,Casemiro,Man Utd,MID,5,457,49,1,0,0,1,0,0,0,0,1,0,0,16,29.8,12.3,35.0,7.7,0,3,0,3,1,0.35,0.01,0.36,0.03,3,False
Kobbie,Mainoo,Mainoo,Man Utd,MID,5,458,3,0,0,0,0,0,0,0,0,0,0,0,3,1.0,0.3,0.0,0.1,1,0,0,1,0,0.00,0.00,0.00,0.10,1,False
Manuel,Ugarte Ribeiro,Ugarte,Man Utd,MID,5,459,45,0,0,0,1,0,0,0,0,0,0,0,8,12.0,0.5,0.0,1.3,3,1,3,7,0,0.00,0.00,0.00,0.34,1,False
Toby,Collyer,Collyer,Man Utd,MID,5,460,0,0,0,0,0,0,0,0,0,0,0,0,0,0.0,0.0,0.0,0.0,0,0,0,0,0,0.00,0.00,0.00,0.00,0,False
Jayce,Fitzgerald,Fitzgerald,Man Utd,MID,5,461,0,0,0,0,0,0,0,0,0,0,0,0,0,0.0,0.0,0.0,0.0,0,0,0,0,0,0.00,0.00,0.00,0.00,0,False
Jack,Fletcher,J.Fletcher,Man Utd,MID,5,462,0,0,0,0,0,0,0,0,0,0,0,0,0,0.0,0.0,0.0,0.0,0,0,0,0,0,0.00,0.00,0.00,0.00,0,False
Sékou,Koné,Kone,Man Utd,MID,5,463,0,0,0,0,0,0,0,0,0,0,0,0,0,0.0,0.0,0.0,0.0,0,0,0,0,0,0.00,0.00,0.00,0.00,0,False
Jack,Moorhouse,Moorhouse,Man Utd,MID,5,464,0,0,0,0,0,0,0,0,0,0,0,0,0,0.0,0.0,0.0,0.0,0,0,0,0,0,0.00,0.00,0.00,0.00,0,False
Rasmus,Højlund,Højlund,Man Utd,FWD,5,465,0,0,0,0,0,0,0,0,0,0,0,0,0,0.0,0.0,0.0,0.0,0,0,0,0,0,0.00,0.00,0.00,0.00,0,False
Joshua,Zirkzee,Zirkzee,Man Utd,FWD,5,466,0,0,0,0,0,0,0,0,0,0,0,0,0,0.0,0.0,0.0,0.0,0,0,0,0,0,0.00,0.00,0.00,0.00,0,False
Chido,Obi,Obi,Man Utd,FWD,5,467,0,0,0,0,0,0,0,0,0,0,0,0,0,0.0,0.0,0.0,0.0,0,0,0,0,0,0.00,0.00,0.00,0.00,0,False
Ethan,Wheatley,Wheatley,Man Utd,FWD,5,468,0,0,0,0,0,0,0,0,0,0,0,0,0,0.0,0.0,0.0,0.0,0,0,0,0,0,0.00,0.00,0.00,0.00,0,False
Nick,Pope,Pope,Newcastle,GKP,5,469,90,0,0,1,0,0,0,0,0,0,2,0,26,14.8,0.0,0.0,1.5,1,11,0,0,1,0.00,0.00,0.00,0.56,6,True
Martin,Dúbravka,Dúbravka,Burnley,GKP,5,470,90,0,0,0,1,0,0,0,0,0,7,0,24,49.6,0.0,0.0,5.0,1,11,0,0,1,0.00,0.00,0.00,1.10,4,False
Mark,Gillespie,Gillespie,Newcastle,GKP,5,471,0,0,0,0,0,0,0,0,0,0,0,0,0,0.0,0.0,0.0,0.0,0,0,0,0,0,0.00,0.00,0.00,0.00,0,False
Odysseas,Vlachodimos,Odysseas,Newcastle,GKP,5,472,0,0,0,0,0,0,0,0,0,0,0,0,0,0.0,0.0,0.0,0.0,0,0,0,0,0,0.00,0.00,0.00,0.00,0,False
Lewis,Hall,Hall,Newcastle,DEF,5,473,90,0,0,1,0,0,0,0,0,0,0,1,27,18.4,2.6,4.0,2.5,1,7,4,5,1,0.00,0.05,0.05,0.56,7,False
Fabian,Schär,Schär,Newcastle,DEF,5,474,0,0,0,0,0,0,0,0,0,0,0,0,0,0.0,0.0,0.0,0.0,0,0,0,0,0,0.00,0.00,0.00,0.00,0,False
Sven,Botman,Botman,Newcastle,DEF,5,475,90,0,0,1,0,0,0,0,0,0,0,2,28,24.8,0.3,0.0,2.5,9,7,0,9,1,0.00,0.00,0.00,0.56,8,False
Dan,Burn,Burn,Newcastle,DEF,5,476,90,0,0,1,0,0,0,0,0,0,0,1,27,33.0,1.2,2.0,3.6,13,5,2,15,1,0.00,0.03,0.03,0.56,9,False
Tino,Livramento,Livramento,Newcastle,DEF,5,477,90,0,0,1,0,0,0,0,0,0,0,0,26,12.6,4.8,2.0,1.9,3,3,2,5,1,0.00,0.02,0.02,0.56,6,False
Kieran,Trippier,Trippier,Newcastle,DEF,5,478,0,0,0,0,0,0,0,0,0,0,0,0,0,0.0,0.0,0.0,0.0,0,0,0,0,0,0.00,0.00,0.00,0.00,0,False
Emil,Krafth,Krafth,Newcastle,DEF,5,479,0,0,0,0,0,0,0,0,0,0,0,0,0,0.0,0.0,0.0,0.0,0,0,0,0,0,0.00,0.00,0.00,0.00,0,False
Jamaal,Lascelles,Lascelles,Newcastle,DEF,5,480,6,0,0,0,0,0,0,0,0,0,0,0,4,3.0,0.0,0.0,0.3,2,0,0,2,0,0.00,0.00,0.00,0.13,1,False
Alex,Murphy,A.Murphy,Newcastle,DEF,5,481,0,0,0,0,0,0,0,0,0,0,0,0,0,0.0,0.0,0.0,0.0,0,0,0,0,0,0.00,0.00,0.00,0.00,0,False
Harrison,Ashby,Ashby,Newcastle,DEF,5,482,0,0,0,0,0,0,0,0,0,0,0,0,0,0.0,0.0,0.0,0.0,0,0,0,0,0,0.00,0.00,0.00,0.00,0,False
Miodrag,Pivaš,Pivas,Newcastle,DEF,5,483,0,0,0,0,0,0,0,0,0,0,0,0,0,0.0,0.0,0.0,0.0,0,0,0,0,0,0.00,0.00,0.00,0.00,0,False
Matt,Targett,Targett,Newcastle,DEF,5,484,0,0,0,0,0,0,0,0,0,0,0,0,0,0.0,0.0,0.0,0.0,0,0,0,0,0,0.00,0.00,0.00,0.00,0,False
Anthony,Gordon,Gordon,Newcastle,MID,5,485,0,0,0,0,0,0,0,0,0,0,0,0,0,0.0,0.0,0.0,0.0,0,0,0,0,0,0.00,0.00,0.00,0.00,0,False
Anthony,Elanga,Elanga,Newcastle,MID,5,486,28,0,0,0,0,0,0,0,0,0,0,0,5,3.4,0.7,2.0,0.6,2,1,0,3,0,0.00,0.00,0.00,0.13,1,False
Harvey,Barnes,Barnes,Newcastle,MID,5,487,28,0,0,0,0,0,0,0,0,0,0,0,1,0.0,0.8,4.0,0.3,0,2,0,2,0,0.00,0.00,0.00,0.13,1,False
Bruno,Guimarães Rodriguez Moura,Bruno G.,Newcastle,MID,5,488,0,0,0,0,0,0,0,0,0,0,0,0,0,0.0,0.0,0.0,0.0,0,0,0,0,0,0.00,0.00,0.00,0.00,0,False
Jacob,Murphy,J.Murphy,Newcastle,MID,5,489,61,0,0,1,0,0,0,0,0,0,0,0,8,6.4,6.8,24.0,3.7,1,1,0,2,1,0.08,0.05,0.13,0.43,3,False
Joelinton Cássio,Apolinário de Lira,Joelinton,Newcastle,MID,5,490,0,0,0,0,0,0,0,0,0,0,0,0,0,0.0,0.0,0.0,0.0,0,0,0,0,0,0.00,0.00,0.00,0.00,0,False
Sandro,Tonali,Tonali,Newcastle,MID,5,491,90,0,0,1,0,0,0,0,0,0,0,0,19,17.2,32.6,5.0,5.5,0,5,3,8,1,0.06,0.17,0.23,0.56,3,False
Antoñito,Cordero Campillo,Antoñito C.,Newcastle,MID,5,492,0,0,0,0,0,0,0,0,0,0,0,0,0,0.0,0.0,0.0,0.0,0,0,0,0,0,0.00,0.00,0.00,0.00,0,False
Sean,Longstaff,Longstaff,Leeds,MID,5,493,82,0,0,0,1,0,0,0,0,0,0,0,16,21.2,3.8,7.0,3.2,2,3,6,11,1,0.07,0.00,0.07,1.51,2,False
Joe,Willock,Willock,Newcastle,MID,5,494,61,0,0,1,0,0,0,0,0,0,0,0,15,10.6,1.9,2.0,1.5,1,4,4,9,1,0.00,0.01,0.01,0.43,3,False
Isaac,Hayden,Hayden,Newcastle,MID,5,495,0,0,0,0,0,0,0,0,0,0,0,0,0,0.0,0.0,0.0,0.0,0,0,0,0,0,0.00,0.00,0.00,0.00,0,False
Garang,Kuol,Kuol,Newcastle,MID,5,496,0,0,0,0,0,0,0,0,0,0,0,0,0,0.0,0.0,0.0,0.0,0,0,0,0,0,0.00,0.00,0.00,0.00,0,False
Lewis,Miley,L.Miley,Newcastle,MID,5,497,90,0,0,1,0,0,0,0,0,0,0,0,14,12.2,13.4,2.0,2.8,2,5,2,9,1,0.00,0.02,0.02,0.56,3,False
Joe,White,White,Newcastle,MID,5,498,0,0,0,0,0,0,0,0,0,0,0,0,0,0.0,0.0,0.0,0.0,0,0,0,0,0,0.00,0.00,0.00,0.00,0,False
Alexander,Isak,Isak,Liverpool,FWD,5,499,23,0,0,0,0,0,0,0,0,0,0,0,5,2.4,0.3,4.0,0.7,0,2,1,3,0,0.00,0.01,0.01,0.04,1,False
William,Osula,Osula,Newcastle,FWD,5,500,6,0,0,0,0,0,0,0,0,0,0,0,3,0.0,0.0,0.0,0.0,0,0,0,0,0,0.00,0.00,0.00,0.13,1,False
Sean,Neave,Neave,Newcastle,FWD,5,501,0,0,0,0,0,0,0,0,0,0,0,0,0,0.0,0.0,0.0,0.0,0,0,0,0,0,0.00,0.00,0.00,0.00,0,False
Matz,Sels,Sels,Nott'm Forest,GKP,5,502,90,0,0,0,1,0,0,0,0,0,4,0,14,29.4,0.0,0.0,2.9,2,3,0,0,1,0.00,0.00,0.00,0.85,3,False
Carlos Miguel,dos Santos Pereira,C.Miguel,Nott'm Forest,GKP,5,503,0,0,0,0,0,0,0,0,0,0,0,0,0,0.0,0.0,0.0,0.0,0,0,0,0,0,0.00,0.00,0.00,0.00,0,False
Matt,Turner,Turner,Nott'm Forest,GKP,5,504,0,0,0,0,0,0,0,0,0,0,0,0,0,0.0,0.0,0.0,0.0,0,0,0,0,0,0.00,0.00,0.00,0.00,0,False
Nikola,Milenković,Milenković,Nott'm Forest,DEF,5,505,90,0,0,0,1,0,0,0,0,0,0,0,16,18.4,13.3,0.0,3.2,8,2,0,8,1,0.00,0.11,0.11,0.85,2,False
Murillo,Costa dos Santos,Murillo,Nott'm Forest,DEF,5,506,0,0,0,0,0,0,0,0,0,0,0,0,0,0.0,0.0,0.0,0.0,0,0,0,0,0,0.00,0.00,0.00,0.00,0,False
Ola,Aina,Aina,Nott'm Forest,DEF,5,507,0,0,0,0,0,0,0,0,0,0,0,0,0,0.0,0.0,0.0,0.0,0,0,0,0,0,0.00,0.00,0.00,0.00,0,False
Neco,Williams,N.Williams,Nott'm Forest,DEF,5,508,90,1,0,0,1,0,0,0,0,0,0,2,28,49.4,8.3,37.0,9.5,5,4,2,7,1,0.15,0.01,0.16,0.85,10,True
David,Mota Veiga Teixeira do Carmo,David Carmo,Nott'm Forest,DEF,5,509,0,0,0,0,0,0,0,0,0,0,0,0,0,0.0,0.0,0.0,0.0,0,0,0,0,0,0.00,0.00,0.00,0.00,0,False
Jair,Paula da Cunha Filho,Jair Cunha,Nott'm Forest,DEF,5,510,0,0,0,0,0,0,0,0,0,0,0,0,0,0.0,0.0,0.0,0.0,0,0,0,0,0,0.00,0.00,0.00,0.00,0,False
Felipe,Rodrigues da Silva,Morato,Nott'm Forest,DEF,5,511,90,0,0,0,1,0,0,0,1,0,0,0,6,16.0,1.9,0.0,1.8,4,5,3,7,1,0.00,0.01,0.01,0.85,1,False
Omar,Richards,O.Richards,Nott'm Forest,DEF,5,512,0,0,0,0,0,0,0,0,0,0,0,0,0,0.0,0.0,0.0,0.0,0,0,0,0,0,0.00,0.00,0.00,0.00,0,False
Zach,Abbott,Abbott,Nott'm Forest,DEF,5,513,0,0,0,0,0,0,0,0,0,0,0,0,0,0.0,0.0,0.0,0.0,0,0,0,0,0,0.00,0.00,0.00,0.00,0,False
Willy,Boly,Boly,Nott'm Forest,DEF,5,514,0,0,0,0,0,0,0,0,0,0,0,0,0,0.0,0.0,0.0,0.0,0,0,0,0,0,0.00,0.00,0.00,0.00,0,False
Morgan,Gibbs-White,Gibbs-White,Nott'm Forest,MID,5,515,90,0,0,0,1,0,0,0,0,0,0,0,16,15.0,28.7,25.0,6.9,3,3,0,6,1,0.08,0.05,0.13,0.85,2,False
Callum,Hudson-Odoi,Hudson-Odoi,Nott'm Forest,MID,5,516,31,0,0,0,0,0,0,0,0,0,0,0,2,3.8,23.5,2.0,2.9,0,0,0,0,0,0.01,0.03,0.04,0.34,1,False
Elliot,Anderson,Anderson,Nott'm Forest,MID,5,517,90,0,0,0,1,0,0,0,0,0,0,0,24,28.0,36.5,9.0,7.4,5,9,1,15,1,0.04,0.25,0.29,0.85,4,False
João Pedro,Ferreira da Silva,Jota,Nott'm Forest,MID,5,518,0,0,0,0,0,0,0,0,0,0,0,0,0,0.0,0.0,0.0,0.0,0,0,0,0,0,0.00,0.00,0.00,0.00,0,False
Nicolás,Domínguez,Dominguez,Nott'm Forest,MID,5,519,0,0,0,0,0,0,0,0,0,0,0,0,0,0.0,0.0,0.0,0.0,0,0,0,0,0,0.00,0.00,0.00,0.00,0,False
Lewis,O'Brien,O'Brien,Nott'm Forest,MID,5,520,0,0,0,0,0,0,0,0,0,0,0,0,0,0.0,0.0,0.0,0.0,0,0,0,0,0,0.00,0.00,0.00,0.00,0,False
Ibrahim,Sangaré,Sangaré,Nott'm Forest,MID,5,521,14,0,0,0,0,0,0,0,0,0,0,0,2,7.0,1.7,0.0,0.9,1,1,0,2,0,0.00,0.01,0.01,0.17,1,False
Ryan,Yates,Yates,Nott'm Forest,MID,5,522,0,0,0,0,0,0,0,0,0,0,0,0,0,0.0,0.0,0.0,0.0,0,0,0,0,0,0.00,0.00,0.00,0.00,0,False
Eric,da Silva Moreira,Da Silva Moreira,Nott'm Forest,MID,5,523,0,0,0,0,0,0,0,0,0,0,0,0,0,0.0,0.0,0.0,0.0,0,0,0,0,0,0.00,0.00,0.00,0.00,0,False
Marko,Stamenić,Stamenic,Nott'm Forest,MID,5,524,0,0,0,0,0,0,0,0,0,0,0,0,0,0.0,0.0,0.0,0.0,0,0,0,0,0,0.00,0.00,0.00,0.00,0,False
Chris,Wood,Wood,Nott'm Forest,FWD,5,525,74,0,0,0,1,0,0,0,0,0,0,0,7,5.0,17.5,24.0,4.7,2,2,0,4,1,0.41,0.00,0.41,0.68,2,False
Igor Jesus,Maciel da Cruz,Igor Jesus,Nott'm Forest,FWD,5,526,15,0,0,0,0,0,0,0,0,0,0,0,6,5.2,10.6,17.0,3.3,0,0,0,0,0,0.04,0.03,0.07,0.17,1,False
Taiwo,Awoniyi,Awoniyi,Nott'm Forest,FWD,5,527,0,0,0,0,0,0,0,0,0,0,0,0,0,0.0,0.0,0.0,0.0,0,0,0,0,0,0.00,0.00,0.00,0.00,0,False
Anthony,Patterson,Patterson,Sunderland,GKP,5,528,0,0,0,0,0,0,0,0,0,0,0,0,0,0.0,0.0,0.0,0.0,0,0,0,0,0,0.00,0.00,0.00,0.00,0,False
Simon,Moore,Moore,Sunderland,GKP,5,529,0,0,0,0,0,0,0,0,0,0,0,0,0,0.0,0.0,0.0,0.0,0,0,0,0,0,0.00,0.00,0.00,0.00,0,False
Blondy,Nna Noukeu,Nna Noukeu,Sunderland,GKP,5,530,0,0,0,0,0,0,0,0,0,0,0,0,0,0.0,0.0,0.0,0.0,0,0,0,0,0,0.00,0.00,0.00,0.00,0,False
Daniel,Ballard,Ballard,Sunderland,DEF,5,531,53,0,0,0,1,0,0,0,0,0,0,0,2,12.6,10.1,1.0,2.4,5,0,1,6,0,0.01,0.00,0.01,0.46,1,False
Trai,Hume,Hume,Sunderland,DEF,5,532,90,0,0,0,1,0,0,0,0,0,0,0,13,19.4,14.3,2.0,3.6,7,2,3,10,1,0.00,0.04,0.04,0.71,4,False
Aji,Alese,Alese,Sunderland,DEF,5,533,0,0,0,0,0,0,0,0,0,0,0,0,0,0.0,0.0,0.0,0.0,0,0,0,0,0,0.00,0.00,0.00,0.00,0,False
Joe,Anderson,Anderson,Sunderland,DEF,5,534,0,0,0,0,0,0,0,0,0,0,0,0,0,0.0,0.0,0.0,0.0,0,0,0,0,0,0.00,0.00,0.00,0.00,0,False
Dennis,Cirkin,Cirkin,Sunderland,DEF,5,535,0,0,0,0,0,0,0,0,0,0,0,0,0,0.0,0.0,0.0,0.0,0,0,0,0,0,0.00,0.00,0.00,0.00,0,False
Leo Fuhr,Hjelde,Hjelde,Sunderland,DEF,5,536,0,0,0,0,0,0,0,0,0,0,0,0,0,0.0,0.0,0.0,0.0,0,0,0,0,0,0.00,0.00,0.00,0.00,0,False
Niall,Huggins,Huggins,Sunderland,DEF,5,537,0,0,0,0,0,0,0,0,0,0,0,0,0,0.0,0.0,0.0,0.0,0,0,0,0,0,0.00,0.00,0.00,0.00,0,False
Zak,Johnson,Johnson,Sunderland,DEF,5,538,0,0,0,0,0,0,0,0,0,0,0,0,0,0.0,0.0,0.0,0.0,0,0,0,0,0,0.00,0.00,0.00,0.00,0,False
Luke,O'Nien,O'Nien,Sunderland,DEF,5,539,0,0,0,0,0,0,0,0,0,0,0,0,0,0.0,0.0,0.0,0.0,0,0,0,0,0,0.00,0.00,0.00,0.00,0,False
Timothée,Pembélé,Pembele,Sunderland,DEF,5,540,0,0,0,0,0,0,0,0,0,0,0,0,0,0.0,0.0,0.0,0.0,0,0,0,0,0,0.00,0.00,0.00,0.00,0,False
Reinildo,Mandava,Reinildo,Sunderland,DEF,5,541,32,0,0,0,1,0,0,0,0,1,0,0,-12,0.0,0.4,0.0,0.0,1,0,0,1,1,0.00,0.00,0.00,0.25,-2,False
Jenson,Seelt,Seelt,Sunderland,DEF,5,542,0,0,0,0,0,0,0,0,0,0,0,0,0,0.0,0.0,0.0,0.0,0,0,0,0,0,0.00,0.00,0.00,0.00,0,False
Simon,Adingra,Adingra,Sunderland,MID,5,543,0,0,0,0,0,0,0,0,0,0,0,0,0,0.0,0.0,0.0,0.0,0,0,0,0,0,0.00,0.00,0.00,0.00,0,False
Habib,Diarra,Diarra,Sunderland,MID,5,544,0,0,0,0,0,0,0,0,0,0,0,0,0,0.0,0.0,0.0,0.0,0,0,0,0,0,0.00,0.00,0.00,0.00,0,False
Patrick,Roberts,Roberts,Sunderland,MID,5,545,0,0,0,0,0,0,0,0,0,0,0,0,0,0.0,0.0,0.0,0.0,0,0,0,0,0,0.00,0.00,0.00,0.00,0,False
Milan,Aleksić,Aleksić,Sunderland,MID,5,546,0,0,0,0,0,0,0,0,0,0,0,0,0,0.0,0.0,0.0,0.0,0,0,0,0,0,0.00,0.00,0.00,0.00,0,False
Enzo,Le Fée,E.Le Fée,Sunderland,MID,5,547,80,0,0,0,1,0,0,0,0,0,0,0,6,9.8,0.4,0.0,1.0,1,1,3,5,1,0.00,0.00,0.00,0.46,2,False
Romaine,Mundle,Mundle,Sunderland,MID,5,548,0,0,0,0,0,0,0,0,0,0,0,0,0,0.0,0.0,0.0,0.0,0,0,0,0,0,0.00,0.00,0.00,0.00,0,False
Dan,Neil,Neil,Sunderland,MID,5,549,1,0,0,0,0,0,0,0,0,0,0,0,4,1.0,0.0,0.0,0.1,1,0,0,1,0,0.00,0.00,0.00,0.10,1,False
Ian,Poveda-Ocampo,Poveda,Sunderland,MID,5,550,0,0,0,0,0,0,0,0,0,0,0,0,0,0.0,0.0,0.0,0.0,0,0,0,0,0,0.00,0.00,0.00,0.00,0,False
Chris,Rigg,Rigg,Sunderland,MID,5,551,36,0,0,0,0,0,0,0,0,0,0,0,5,1.4,12.1,4.0,1.8,0,0,1,1,1,0.06,0.03,0.09,0.25,1,False
Noah,Sadiki,Sadiki,Sunderland,MID,5,552,90,0,0,0,1,0,0,0,1,0,0,0,7,9.2,12.3,2.0,2.4,2,2,1,5,1,0.00,0.00,0.00,0.61,1,False
Chemsdine,Talbi,Talbi,Sunderland,MID,5,553,79,0,0,0,1,0,0,0,0,0,0,0,8,2.2,14.8,6.0,2.3,2,6,0,8,1,0.07,0.05,0.12,0.46,2,False
Abdoullah,Ba,Ba,Sunderland,MID,5,554,0,0,0,0,0,0,0,0,0,0,0,0,0,0.0,0.0,0.0,0.0,0,0,0,0,0,0.00,0.00,0.00,0.00,0,False
Alan,Browne,Browne,Sunderland,MID,5,555,0,0,0,0,0,0,0,0,0,0,0,0,0,0.0,0.0,0.0,0.0,0,0,0,0,0,0.00,0.00,0.00,0.00,0,False
Pierre,Ekwah Elimby,Ekwah,Sunderland,MID,5,556,0,0,0,0,0,0,0,0,0,0,0,0,0,0.0,0.0,0.0,0.0,0,0,0,0,0,0.00,0.00,0.00,0.00,0,False
Harrison,Jones,H.Jones,Sunderland,MID,5,557,0,0,0,0,0,0,0,0,0,0,0,0,0,0.0,0.0,0.0,0.0,0,0,0,0,0,0.00,0.00,0.00,0.00,0,False
Jay,Matete,Matete,Sunderland,MID,5,558,0,0,0,0,0,0,0,0,0,0,0,0,0,0.0,0.0,0.0,0.0,0,0,0,0,0,0.00,0.00,0.00,0.00,0,False
Nectarios,Triantis,Triantis,Sunderland,MID,5,559,0,0,0,0,0,0,0,0,0,0,0,0,0,0.0,0.0,0.0,0.0,0,0,0,0,0,0.00,0.00,0.00,0.00,0,False
Wilson,Isidor,Isidor,Sunderland,FWD,5,560,79,1,0,0,1,0,0,0,0,0,0,3,35,34.0,1.0,45.0,8.0,0,2,1,3,1,0.62,0.00,0.62,0.46,9,True
Eliezer,Mayenda Dossou,Mayenda,Sunderland,FWD,5,561,10,0,0,0,0,0,0,0,0,0,0,0,3,1.2,0.0,0.0,0.1,0,1,0,1,0,0.00,0.00,0.00,0.25,1,False
Ahmed,Abdullahi,Abdullahi,Sunderland,FWD,5,562,0,0,0,0,0,0,0,0,0,0,0,0,0,0.0,0.0,0.0,0.0,0,0,0,0,0,0.00,0.00,0.00,0.00,0,False
Luís Hemir,Silva Semedo,Luís Hemir,Sunderland,FWD,5,563,0,0,0,0,0,0,0,0,0,0,0,0,0,0.0,0.0,0.0,0.0,0,0,0,0,0,0.00,0.00,0.00,0.00,0,False
Nazarii,Rusyn,Rusyn,Sunderland,FWD,5,564,0,0,0,0,0,0,0,0,0,0,0,0,0,0.0,0.0,0.0,0.0,0,0,0,0,0,0.00,0.00,0.00,0.00,0,False
Guglielmo,Vicario,Vicario,Spurs,GKP,5,565,90,0,0,0,2,0,0,0,0,0,2,0,9,13.0,0.0,0.0,1.3,1,15,0,0,1,0.00,0.00,0.00,1.32,1,False
Brandon,Austin,Austin,Spurs,GKP,5,566,0,0,0,0,0,0,0,0,0,0,0,0,0,0.0,0.0,0.0,0.0,0,0,0,0,0,0.00,0.00,0.00,0.00,0,False
Antonín,Kinský,Kinsky,Spurs,GKP,5,567,0,0,0,0,0,0,0,0,0,0,0,0,0,0.0,0.0,0.0,0.0,0,0,0,0,0,0.00,0.00,0.00,0.00,0,False
Pedro,Porro Sauceda,Pedro Porro,Spurs,DEF,5,568,88,0,0,0,2,0,0,0,0,0,0,0,9,21.8,27.2,2.0,5.1,5,3,2,7,1,0.00,0.06,0.06,1.32,1,False
Cristian,Romero,Romero,Spurs,DEF,5,569,90,0,0,0,2,0,0,0,1,0,0,0,11,31.8,2.2,0.0,3.4,12,4,6,18,1,0.00,0.02,0.02,1.32,2,False
Kevin,Danso,Danso,Spurs,DEF,5,570,0,0,0,0,0,0,0,0,0,0,0,0,0,0.0,0.0,0.0,0.0,0,0,0,0,0,0.00,0.00,0.00,0.00,0,False
Ben,Davies,Davies,Spurs,DEF,5,571,0,0,0,0,0,0,0,0,0,0,0,0,0,0.0,0.0,0.0,0.0,0,0,0,0,0,0.00,0.00,0.00,0.00,0,False
Radu,Drăgușin,Dragusin,Spurs,DEF,5,572,0,0,0,0,0,0,0,0,0,0,0,0,0,0.0,0.0,0.0,0.0,0,0,0,0,0,0.00,0.00,0.00,0.00,0,False
Djed,Spence,Spence,Spurs,DEF,5,573,1,0,0,0,0,0,0,0,0,0,0,0,5,2.4,0.0,0.0,0.2,0,0,1,1,0,0.00,0.00,0.00,0.00,1,False
Destiny,Udogie,Udogie,Spurs,DEF,5,574,90,0,0,0,2,0,0,0,0,0,0,0,5,14.0,15.7,16.0,4.6,2,10,1,3,1,0.00,0.08,0.08,1.32,1,False
Micky,van de Ven,Van de Ven,Spurs,DEF,5,575,90,0,0,0,2,0,0,0,0,0,0,0,4,12.6,2.3,2.0,1.7,1,3,2,3,1,0.00,0.01,0.01,1.32,1,False
Ashley,Phillips,Phillips,Spurs,DEF,5,576,0,0,0,0,0,0,0,0,0,0,0,0,0,0.0,0.0,0.0,0.0,0,0,0,0,0,0.00,0.00,0.00,0.00,0,False
Takai,Kōta,Takai,Spurs,DEF,5,577,0,0,0,0,0,0,0,0,0,0,0,0,0,0.0,0.0,0.0,0.0,0,0,0,0,0,0.00,0.00,0.00,0.00,0,False
Luka,Vušković,Vuskovic,Spurs,DEF,5,578,0,0,0,0,0,0,0,0,0,0,0,0,0,0.0,0.0,0.0,0.0,0,0,0,0,0,0.00,0.00,0.00,0.00,0,False
Son,Heung-min,Son,Spurs,MID,5,579,0,0,0,0,0,0,0,0,0,0,0,0,0,0.0,0.0,0.0,0.0,0,0,0,0,0,0.00,0.00,0.00,0.00,0,False
Brennan,Johnson,Johnson,Spurs,MID,5,580,18,0,0,0,0,0,0,0,0,0,0,0,2,0.2,0.5,2.0,0.3,0,0,0,0,0,0.00,0.00,0.00,0.34,1,False
James,Maddison,Maddison,Spurs,MID,5,581,0,0,0,0,0,0,0,0,0,0,0,0,0,0.0,0.0,0.0,0.0,0,0,0,0,0,0.00,0.00,0.00,0.00,0,False
Mohammed,Kudus,Kudus,Spurs,MID,5,582,90,0,2,0,2,0,0,0,1,0,0,0,21,25.0,33.8,20.0,7.9,0,5,2,7,1,0.11,0.16,0.27,1.32,7,False
Dejan,Kulusevski,Kulusevski,Spurs,MID,5,583,0,0,0,0,0,0,0,0,0,0,0,0,0,0.0,0.0,0.0,0.0,0,0,0,0,0,0.00,0.00,0.00,0.00,0,False
Mathys,Tel,Tel,Spurs,MID,5,584,0,0,0,0,0,0,0,0,0,0,0,0,0,0.0,0.0,0.0,0.0,0,0,0,0,0,0.00,0.00,0.00,0.00,0,False
Rodrigo,Bentancur,Bentancur,Spurs,MID,5,585,60,0,0,0,2,0,0,0,0,0,0,0,15,10.0,27.3,8.0,4.5,1,5,1,7,1,0.00,0.31,0.31,0.90,2,False
Lucas,Bergvall,Bergvall,Spurs,MID,5,586,88,0,0,0,2,0,0,0,0,0,0,0,9,7.6,4.8,4.0,1.6,2,8,3,13,1,0.00,0.01,0.01,1.32,4,False
Yves,Bissouma,Bissouma,Spurs,MID,5,587,0,0,0,0,0,0,0,0,0,0,0,0,0,0.0,0.0,0.0,0.0,0,0,0,0,0,0.00,0.00,0.00,0.00,0,False
Wilson,Odobert,Odobert,Spurs,MID,5,588,71,0,0,0,2,0,0,0,0,0,0,0,5,0.0,7.8,12.0,1.8,0,4,0,4,1,0.11,0.10,0.21,0.98,2,False
Manor,Solomon,Solomon,Spurs,MID,5,589,0,0,0,0,0,0,0,0,0,0,0,0,0,0.0,0.0,0.0,0.0,0,0,0,0,0,0.00,0.00,0.00,0.00,0,False
Bryan,Gil Salvatierra,Bryan,Spurs,MID,5,590,0,0,0,0,0,0,0,0,0,0,0,0,0,0.0,0.0,0.0,0.0,0,0,0,0,0,0.00,0.00,0.00,0.00,0,False
Archie,Gray,Gray,Spurs,MID,5,591,1,0,0,0,0,0,0,0,0,0,0,0,4,2.4,10.2,0.0,1.3,0,0,0,0,0,0.00,0.00,0.00,0.00,1,False
Mikey,Moore,Moore,Spurs,MID,5,592,0,0,0,0,0,0,0,0,0,0,0,0,0,0.0,0.0,0.0,0.0,0,0,0,0,0,0.00,0.00,0.00,0.00,0,False
Pape Matar,Sarr,P.M.Sarr,Spurs,MID,5,593,0,0,0,0,0,0,0,0,0,0,0,0,0,0.0,0.0,0.0,0.0,0,0,0,0,0,0.00,0.00,0.00,0.00,0,False
Yang,Min-hyeok,Min-hyeok,Spurs,MID,5,594,0,0,0,0,0,0,0,0,0,0,0,0,0,0.0,0.0,0.0,0.0,0,0,0,0,0,0.00,0.00,0.00,0.00,0,False
Callum,Olusesi,Olusesi,Spurs,MID,5,595,0,0,0,0,0,0,0,0,0,0,0,0,0,0.0,0.0,0.0,0.0,0,0,0,0,0,0.00,0.00,0.00,0.00,0,False
Dominic,Solanke-Mitchell,Solanke,Spurs,FWD,5,596,0,0,0,0,0,0,0,0,0,0,0,0,0,0.0,0.0,0.0,0.0,0,0,0,0,0,0.00,0.00,0.00,0.00,0,False
Richarlison,de Andrade,Richarlison,Spurs,FWD,5,597,90,1,0,0,2,0,0,0,0,0,0,3,35,36.6,14.9,75.0,12.7,0,2,1,3,1,0.76,0.05,0.81,1.32,9,False
Will,Lankshear,Lankshear,Spurs,FWD,5,598,0,0,0,0,0,0,0,0,0,0,0,0,0,0.0,0.0,0.0,0.0,0,0,0,0,0,0.00,0.00,0.00,0.00,0,False
Dane,Scarlett,Scarlett,Spurs,FWD,5,599,0,0,0,0,0,0,0,0,0,0,0,0,0,0.0,0.0,0.0,0.0,0,0,0,0,0,0.00,0.00,0.00,0.00,0,False
Alphonse,Areola,Areola,West Ham,GKP,5,600,90,0,0,0,2,0,0,0,0,0,1,0,4,13.2,0.0,0.0,1.3,2,7,0,0,1,0.00,0.00,0.00,2.31,1,False
Wes,Foderingham,Foderingham,West Ham,GKP,5,601,0,0,0,0,0,0,0,0,0,0,0,0,0,0.0,0.0,0.0,0.0,0,0,0,0,0,0.00,0.00,0.00,0.00,0,False
Krisztián,Hegyi,Hegyi,West Ham,GKP,5,602,0,0,0,0,0,0,0,0,0,0,0,0,0,0.0,0.0,0.0,0.0,0,0,0,0,0,0.00,0.00,0.00,0.00,0,False
El Hadji Malick,Diouf,Diouf,West Ham,DEF,5,603,90,0,1,0,2,0,0,0,1,0,0,0,14,32.2,38.6,6.0,7.7,5,7,1,6,1,0.00,0.41,0.41,2.31,3,False
Emerson,Palmieri dos Santos,Emerson,West Ham,DEF,5,604,0,0,0,0,0,0,0,0,0,0,0,0,0,0.0,0.0,0.0,0.0,0,0,0,0,0,0.00,0.00,0.00,0.00,0,False
Maximilian,Kilman,Kilman,West Ham,DEF,5,605,90,0,0,0,2,0,0,0,1,0,0,0,8,30.2,1.1,0.0,3.1,9,6,2,11,1,0.00,0.00,0.00,2.31,2,False
Konstantinos,Mavropanos,Mavropanos,West Ham,DEF,5,606,90,0,0,0,2,0,0,0,0,0,0,0,11,31.6,0.6,35.0,6.7,10,5,1,11,1,0.22,0.01,0.23,2.31,3,False
Nayef,Aguerd,N.Aguerd,West Ham,DEF,5,607,0,0,0,0,0,0,0,0,0,0,0,0,0,0.0,0.0,0.0,0.0,0,0,0,0,0,0.00,0.00,0.00,0.00,0,False
Ollie,Scarles,Scarles,West Ham,DEF,5,608,0,0,0,0,0,0,0,0,0,0,0,0,0,0.0,0.0,0.0,0.0,0,0,0,0,0,0.00,0.00,0.00,0.00,0,False
Jean-Clair,Todibo,Todibo,West Ham,DEF,5,609,0,0,0,0,0,0,0,0,0,0,0,0,0,0.0,0.0,0.0,0.0,0,0,0,0,0,0.00,0.00,0.00,0.00,0,False
Aaron,Wan-Bissaka,Wan-Bissaka,West Ham,DEF,5,610,0,0,0,0,0,0,0,0,0,0,0,0,0,0.0,0.0,0.0,0.0,0,0,0,0,0,0.00,0.00,0.00,0.00,0,False
Kaelan,Casey,Casey,West Ham,DEF,5,611,0,0,0,0,0,0,0,0,0,0,0,0,0,0.0,0.0,0.0,0.0,0,0,0,0,0,0.00,0.00,0.00,0.00,0,False
Lucas,Tolentino Coelho de Lima,L.Paquetá,West Ham,MID,5,612,90,0,0,0,2,0,0,0,1,0,0,0,6,11.2,34.4,13.0,5.9,0,5,2,7,1,0.03,0.08,0.11,2.31,1,False
Tomáš,Souček,Souček,West Ham,MID,5,613,0,0,0,0,0,0,0,0,0,0,0,0,0,0.0,0.0,0.0,0.0,0,0,0,0,0,0.00,0.00,0.00,0.00,0,False
James,Ward-Prowse,Ward-Prowse,West Ham,MID,5,614,90,0,0,0,2,0,0,0,0,0,0,0,15,10.2,26.6,2.0,3.9,2,1,1,4,1,0.02,0.23,0.25,2.31,2,False
Crysencio,Summerville,Summerville,West Ham,MID,5,615,77,0,0,0,2,0,0,0,0,0,0,0,3,1.0,12.2,6.0,1.9,0,3,0,3,1,0.00,0.20,0.20,2.18,2,False
Edson,Álvarez Velázquez,Álvarez,West Ham,MID,5,616,0,0,0,0,0,0,0,0,0,0,0,0,0,0.0,0.0,0.0,0.0,0,0,0,0,0,0.00,0.00,0.00,0.00,0,False
Maxwel,Cornet,Cornet,West Ham,MID,5,617,0,0,0,0,0,0,0,0,0,0,0,0,0,0.0,0.0,0.0,0.0,0,0,0,0,0,0.00,0.00,0.00,0.00,0,False
Guido,Rodríguez,G.Rodriguez,West Ham,MID,5,618,0,0,0,0,0,0,0,0,0,0,0,0,0,0.0,0.0,0.0,0.0,0,0,0,0,0,0.00,0.00,0.00,0.00,0,False
Luis Guilherme,Lira dos Santos,L.Guilherme,West Ham,MID,5,619,12,0,0,0,0,0,0,0,0,0,0,0,1,0.0,0.0,4.0,0.2,0,0,0,0,0,0.07,0.00,0.07,0.14,1,False
George,Earthy,Earthy,West Ham,MID,5,620,0,0,0,0,0,0,0,0,0,0,0,0,0,0.0,0.0,0.0,0.0,0,0,0,0,0,0.00,0.00,0.00,0.00,0,False
Andy,Irving,Irving,West Ham,MID,5,621,0,0,0,0,0,0,0,0,0,0,0,0,0,0.0,0.0,0.0,0.0,0,0,0,0,0,0.00,0.00,0.00,0.00,0,False
Lewis,Orford,Orford,West Ham,MID,5,622,0,0,0,0,0,0,0,0,0,0,0,0,0,0.0,0.0,0.0,0.0,0,0,0,0,0,0.00,0.00,0.00,0.00,0,False
Freddie,Potts,Potts,West Ham,MID,5,623,0,0,0,0,0,0,0,0,0,0,0,0,0,0.0,0.0,0.0,0.0,0,0,0,0,0,0.00,0.00,0.00,0.00,0,False
Jarrod,Bowen,Bowen,West Ham,FWD,5,624,90,1,0,0,2,0,0,0,0,0,0,3,31,40.8,20.4,23.0,8.4,1,1,1,3,1,0.24,0.23,0.47,2.31,9,False
Niclas,Füllkrug,Füllkrug,West Ham,FWD,5,625,31,0,0,0,1,0,0,0,0,0,0,0,1,0.0,10.6,2.0,1.2,0,0,0,0,0,0.00,0.03,0.03,0.55,1,False
Callum,Marshall,Marshall,West Ham,FWD,5,626,0,0,0,0,0,0,0,0,0,0,0,0,0,0.0,0.0,0.0,0.0,0,0,0,0,0,0.00,0.00,0.00,0.00,0,False
Sam,Johnstone,Johnstone,Wolves,GKP,5,627,0,0,0,0,0,0,0,0,0,0,0,0,0,0.0,0.0,0.0,0.0,0,0,0,0,0,0.00,0.00,0.00,0.00,0,False
José,Malheiro de Sá,José Sá,Wolves,GKP,5,628,90,0,0,0,3,0,0,0,0,0,1,0,0,7.8,0.0,0.0,0.8,0,7,0,0,1,0.00,0.00,0.00,0.48,1,False
Daniel,Bentley,Bentley,Wolves,GKP,5,629,0,0,0,0,0,0,0,0,0,0,0,0,0,0.0,0.0,0.0,0.0,0,0,0,0,0,0.00,0.00,0.00,0.00,0,False
Tom,King,King,Everton,GKP,5,630,0,0,0,0,0,0,0,0,0,0,0,0,0,0.0,0.0,0.0,0.0,0,0,0,0,0,0.00,0.00,0.00,0.00,0,False
Emmanuel,Agbadou,Agbadou,Wolves,DEF,5,631,90,0,0,0,3,0,0,0,0,0,0,0,16,35.0,21.9,30.0,8.7,4,9,7,11,1,0.13,0.11,0.24,0.48,3,False
Matt,Doherty,Doherty,Wolves,DEF,5,632,0,0,0,0,0,0,0,0,0,0,0,0,0,0.0,0.0,0.0,0.0,0,0,0,0,0,0.00,0.00,0.00,0.00,0,False
Hugo,Bueno López,H.Bueno,Wolves,DEF,5,633,45,0,0,0,0,0,0,0,0,0,0,0,12,20.0,52.5,0.0,7.3,0,3,1,1,0,0.00,0.27,0.27,0.07,1,False
Yerson,Mosquera Valdelamar,Mosquera,Wolves,DEF,5,634,71,0,0,0,3,0,0,0,0,0,0,0,5,7.4,0.3,21.0,2.9,1,7,2,3,1,0.05,0.00,0.05,0.48,1,False
Rodrigo,Martins Gomes,R.Gomes,Wolves,DEF,5,635,45,0,0,0,3,0,0,0,0,0,0,0,-4,7.2,16.3,6.0,3.0,1,0,2,3,1,0.03,0.13,0.16,0.42,0,False
Santiago,Ignacio Bueno,S.Bueno,Wolves,DEF,5,636,0,0,0,0,0,0,0,0,0,0,0,0,0,0.0,0.0,0.0,0.0,0,0,0,0,0,0.00,0.00,0.00,0.00,0,False
Toti,Gomes,Toti,Wolves,DEF,5,637,71,0,0,0,3,0,0,0,0,0,0,0,5,9.2,1.3,0.0,1.1,2,2,0,2,1,0.00,0.01,0.01,0.48,1,False
Ki-Jana,Hoever,Hoever,Wolves,DEF,5,638,0,0,0,0,0,0,0,0,0,0,0,0,0,0.0,0.0,0.0,0.0,0,0,0,0,0,0.00,0.00,0.00,0.00,0,False
Bastien,Meupiyou Menadjou,Meupiyou,Wolves,DEF,5,639,0,0,0,0,0,0,0,0,0,0,0,0,0,0.0,0.0,0.0,0.0,0,0,0,0,0,0.00,0.00,0.00,0.00,0,False
Pedro,Cardoso de Lima,Pedro Lima,Wolves,DEF,5,640,0,0,0,0,0,0,0,0,0,0,0,0,0,0.0,0.0,0.0,0.0,0,0,0,0,0,0.00,0.00,0.00,0.00,0,False
Alfie,Pond,Pond,Wolves,DEF,5,641,0,0,0,0,0,0,0,0,0,0,0,0,0,0.0,0.0,0.0,0.0,0,0,0,0,0,0.00,0.00,0.00,0.00,0,False
Hwang,Hee-chan,Hee Chan,Wolves,MID,5,642,0,0,0,0,0,0,0,0,0,0,0,0,0,0.0,0.0,0.0,0.0,0,0,0,0,0,0.00,0.00,0.00,0.00,0,False
André,Trindade da Costa Neto,André,Wolves,MID,5,643,18,0,0,0,0,0,0,0,0,0,0,0,9,4.6,4.9,2.0,1.2,1,2,0,3,0,0.02,0.02,0.04,0.00,1,False
Jean-Ricner,Bellegarde,Bellegarde,Wolves,MID,5,644,45,0,0,0,3,0,0,0,0,0,0,0,3,3.8,11.3,2.0,1.7,0,2,0,2,1,0.00,0.04,0.04,0.42,1,False
Fer,López González,Fer López,Wolves,MID,5,645,45,0,1,0,3,0,0,0,1,0,0,0,13,20.0,28.8,2.0,5.1,0,2,1,3,1,0.00,0.40,0.40,0.42,3,False
João Victor,Gomes da Silva,Gomes,Wolves,MID,5,646,90,0,0,0,3,0,0,0,0,0,0,0,18,19.6,12.9,12.0,4.5,4,6,4,14,1,0.23,0.11,0.34,0.48,4,False
Gonçalo Manuel,Ganchinho Guedes,Guedes,Wolves,MID,5,647,0,0,0,0,0,0,0,0,0,0,0,0,0,0.0,0.0,0.0,0.0,0,0,0,0,0,0.00,0.00,0.00,0.00,0,False
Marshall,Munetsi,Munetsi,Wolves,MID,5,648,45,0,0,0,0,0,0,0,0,0,0,0,4,4.0,1.9,33.0,3.9,0,1,1,2,0,0.38,0.00,0.38,0.07,1,False
Boubacar,Traoré,B.Traore,Wolves,MID,5,649,0,0,0,0,0,0,0,0,0,0,0,0,0,0.0,0.0,0.0,0.0,0,0,0,0,0,0.00,0.00,0.00,0.00,0,False
Tawanda,Chirewa,Chirewa,Wolves,MID,5,650,0,0,0,0,0,0,0,0,0,0,0,0,0,0.0,0.0,0.0,0.0,0,0,0,0,0,0.00,0.00,0.00,0.00,0,False
Tom,Edozie,Edozie,Wolves,MID,5,651,0,0,0,0,0,0,0,0,0,0,0,0,0,0.0,0.0,0.0,0.0,0,0,0,0,0,0.00,0.00,0.00,0.00,0,False
Enso,González Medina,Gonzalez,Wolves,MID,5,652,0,0,0,0,0,0,0,0,0,0,0,0,0,0.0,0.0,0.0,0.0,0,0,0,0,0,0.00,0.00,0.00,0.00,0,False
Joe,Hodge,Hodge,Wolves,MID,5,653,0,0,0,0,0,0,0,0,0,0,0,0,0,0.0,0.0,0.0,0.0,0,0,0,0,0,0.00,0.00,0.00,0.00,0,False
Jørgen,Strand Larsen,Strand Larsen,Wolves,FWD,5,654,45,0,0,0,0,0,0,0,0,0,0,0,2,0.0,1.6,10.0,0.9,0,1,0,1,0,0.04,0.12,0.16,0.07,1,False
Fábio,Soares Silva,Fábio Silva,Wolves,FWD,5,655,0,0,0,0,0,0,0,0,0,0,0,0,0,0.0,0.0,0.0,0.0,0,0,0,0,0,0.00,0.00,0.00,0.00,0,False
Saša,Kalajdžić,Kalajdžić,Wolves,FWD,5,656,0,0,0,0,0,0,0,0,0,0,0,0,0,0.0,0.0,0.0,0.0,0,0,0,0,0,0.00,0.00,0.00,0.00,0,False
Leon,Chiwome,Chiwome,Wolves,FWD,5,657,0,0,0,0,0,0,0,0,0,0,0,0,0,0.0,0.0,0.0,0.0,0,0,0,0,0,0.00,0.00,0.00,0.00,0,False
Nathan,Fraser,Fraser,Wolves,FWD,5,658,0,0,0,0,0,0,0,0,0,0,0,0,0,0.0,0.0,0.0,0.0,0,0,0,0,0,0.00,0.00,0.00,0.00,0,False
Kyle,Walker-Peters,Walker-Peters,West Ham,DEF,5,659,90,0,0,0,2,0,0,0,0,0,0,0,13,17.4,6.4,26.0,5.0,2,4,1,3,1,0.10,0.02,0.12,2.31,1,False
Anton,Stach,Stach,Leeds,MID,5,660,90,1,1,0,1,0,0,0,0,0,0,3,55,66.4,14.1,13.0,9.4,5,7,3,15,1,0.08,0.06,0.14,1.78,15,True
Hugo,Ekitiké,Ekitiké,Liverpool,FWD,5,661,66,1,0,0,1,0,0,0,0,0,0,2,39,52.4,2.0,23.0,7.7,5,4,2,11,1,0.32,0.06,0.38,0.66,8,False
Cristhian,Mosquera,Mosquera,Arsenal,DEF,5,662,1,0,0,0,0,0,0,0,0,0,0,0,3,0.0,0.0,0.0,0.0,0,1,0,0,0,0.00,0.00,0.00,0.00,1,False
Jhon,Arias,J.Arias,Wolves,MID,5,663,18,0,0,0,0,0,0,0,0,0,0,0,5,6.8,29.1,10.0,4.6,0,0,0,0,0,0.00,0.06,0.06,0.00,1,False
Benjamin,Lecomte,Lecomte,Fulham,GKP,5,664,0,0,0,0,0,0,0,0,0,0,0,0,0,0.0,0.0,0.0,0.0,0,0,0,0,0,0.00,0.00,0.00,0.00,0,False
Lucas Estella,Perri,Perri,Leeds,GKP,5,665,0,0,0,0,0,0,0,0,0,0,0,0,0,0.0,0.0,0.0,0.0,0,0,0,0,0,0.00,0.00,0.00,0.00,0,False
Viktor,Gyökeres,Gyökeres,Arsenal,FWD,5,666,90,0,0,0,1,0,0,0,0,0,0,0,3,0.2,1.8,12.0,1.4,0,3,0,3,1,0.00,0.01,0.01,0.89,2,False
Adam,Aznou,Aznou,Everton,DEF,5,667,0,0,0,0,0,0,0,0,0,0,0,0,0,0.0,0.0,0.0,0.0,0,0,0,0,0,0.00,0.00,0.00,0.00,0,False
Granit,Xhaka,Xhaka,Sunderland,MID,5,668,90,0,1,0,1,0,0,0,1,0,0,0,20,24.8,21.6,9.0,5.5,1,3,4,8,1,0.07,0.09,0.16,0.71,4,False
Dan,Ndoye,Ndoye,Nott'm Forest,MID,5,669,75,0,0,0,1,0,0,0,0,0,0,0,10,9.4,21.6,12.0,4.3,2,3,1,6,1,0.00,0.18,0.18,0.68,2,False
Robin,Roefs,Roefs,Sunderland,GKP,5,670,90,0,0,0,1,0,0,0,0,0,1,0,3,6.2,0.0,0.0,0.6,1,5,0,0,1,0.00,0.00,0.00,0.71,2,False
Callum,Wilson,Wilson,West Ham,FWD,5,671,58,0,0,0,1,0,0,0,0,0,0,0,1,4.2,1.5,4.0,1.0,1,1,0,2,1,0.00,0.00,0.00,1.76,1,False
Jorrel,Hato,Hato,Chelsea,DEF,5,672,0,0,0,0,0,0,0,0,0,0,0,0,0,0.0,0.0,0.0,0.0,0,0,0,0,0,0.00,0.00,0.00,0.00,0,False
João Maria,Lobo Alves Palhares Costa Palhinha Gonçalves,J.Palhinha,Spurs,MID,5,673,90,0,0,0,2,0,0,0,0,0,0,0,19,21.8,5.1,0.0,2.7,3,4,7,14,1,0.00,0.02,0.02,1.32,4,False
Aaron,Ramsdale,Ramsdale,Newcastle,GKP,5,674,0,0,0,0,0,0,0,0,0,0,0,0,0,0.0,0.0,0.0,0.0,0,0,0,0,0,0.00,0.00,0.00,0.00,0,False
Angus,Gunn,Gunn,Nott'm Forest,GKP,5,675,0,0,0,0,0,0,0,0,0,0,0,0,0,0.0,0.0,0.0,0.0,0,0,0,0,0,0.00,0.00,0.00,0.00,0,False
Lesley,Ugochukwu,Ugochukwu,Burnley,MID,5,676,0,0,0,0,0,0,0,0,0,0,0,0,0,0.0,0.0,0.0,0.0,0,0,0,0,0,0.00,0.00,0.00,0.00,0,False
Evann,Guessand,Guessand,Aston Villa,MID,5,677,72,0,0,1,0,0,0,0,0,0,0,0,4,13.2,3.3,21.0,3.8,3,4,1,8,1,0.25,0.11,0.36,0.78,3,False
Arthur,Masuaku,Masuaku,Sunderland,DEF,5,678,10,0,0,0,0,0,0,0,0,0,0,0,3,2.0,0.1,0.0,0.2,2,0,0,2,0,0.00,0.00,0.00,0.25,1,False
Mads,Hermansen,Hermansen,West Ham,GKP,5,679,0,0,0,0,0,0,0,0,0,0,0,0,0,0.0,0.0,0.0,0.0,0,0,0,0,0,0.00,0.00,0.00,0.00,0,False
Armando,Broja,Broja,Burnley,FWD,5,680,0,0,0,0,0,0,0,0,0,0,0,0,0,0.0,0.0,0.0,0.0,0,0,0,0,0,0.00,0.00,0.00,0.00,0,False
Benjamin,Sesko,Šeško,Man Utd,FWD,5,681,45,0,0,0,0,0,0,0,0,0,0,0,2,0.2,1.3,2.0,0.4,1,0,0,1,1,0.00,0.01,0.01,0.08,1,False
David,Møller Wolfe,Møller Wolfe,Wolves,DEF,5,682,0,0,0,0,0,0,0,0,0,0,0,0,0,0.0,0.0,0.0,0.0,0,0,0,0,0,0.00,0.00,0.00,0.00,0,False
Omar,Alderete,Alderete,Sunderland,DEF,5,683,90,0,0,0,1,0,0,0,0,0,0,0,9,28.6,0.2,23.0,5.2,10,5,3,13,1,0.16,0.00,0.16,0.71,4,False
Malick,Thiaw,Thiaw,Newcastle,DEF,5,684,83,0,0,1,0,0,0,0,1,0,0,0,22,24.4,1.3,0.0,2.6,12,2,2,14,1,0.00,0.02,0.02,0.43,7,False
Bafodé,Diakité,Diakité,Bournemouth,DEF,5,685,90,0,0,1,0,0,0,0,1,0,0,0,25,20.0,11.8,4.0,3.6,5,3,2,7,1,0.00,0.03,0.03,0.14,5,False
Rio,Ngumoha,Ngumoha,Liverpool,MID,5,686,0,0,0,0,0,0,0,0,0,0,0,0,0,0.0,0.0,0.0,0.0,0,0,0,0,0,0.00,0.00,0.00,0.00,0,False
Remy,Rees-Dottin,Rees-Dottin,Bournemouth,MID,5,687,0,0,0,0,0,0,0,0,0,0,0,0,0,0.0,0.0,0.0,0.0,0,0,0,0,0,0.00,0.00,0.00,0.00,0,False
James,Wright,Wright,Aston Villa,GKP,5,688,0,0,0,0,0,0,0,0,0,0,0,0,0,0.0,0.0,0.0,0.0,0,0,0,0,0,0.00,0.00,0.00,0.00,0,False
Seung-Soo,Park,Seung soo,Newcastle,MID,5,689,0,0,0,0,0,0,0,0,0,0,0,0,0,0.0,0.0,0.0,0.0,0,0,0,0,0,0.00,0.00,0.00,0.00,0,False
Rio,Cardines,Cardines,Crystal Palace,MID,5,690,0,0,0,0,0,0,0,0,0,0,0,0,0,0.0,0.0,0.0,0.0,0,0,0,0,0,0.00,0.00,0.00,0.00,0,False
Dominic,Calvert-Lewin,Calvert-Lewin,Leeds,FWD,5,691,90,1,1,0,1,0,0,0,0,0,0,2,38,35.4,19.4,21.0,7.6,1,2,1,4,1,0.12,0.02,0.14,1.77,11,True
Giovanni,Leoni,Leoni,Liverpool,DEF,5,692,0,0,0,0,0,0,0,0,0,0,0,0,0,0.0,0.0,0.0,0.0,0,0,0,0,0,0.00,0.00,0.00,0.00,0,False
Omari,Hutchinson,Hutchinson,Nott'm Forest,MID,5,693,0,0,0,0,0,0,0,0,0,0,0,0,0,0.0,0.0,0.0,0.0,0,0,0,0,0,0.00,0.00,0.00,0.00,0,False
Nordi,Mukiele,Mukiele,Sunderland,DEF,5,694,90,0,0,0,1,0,0,0,0,0,0,0,15,36.0,30.6,12.0,7.9,13,3,3,16,1,0.07,0.18,0.25,0.71,4,False
Jackson,Tchatchoua,Tchatchoua,Wolves,DEF,5,695,90,0,0,0,3,0,0,0,0,0,0,0,8,22.0,30.8,6.0,5.9,2,5,4,6,1,0.00,0.01,0.01,0.48,1,False
Arnaud,Kalimuendo,Kalimuendo,Nott'm Forest,FWD,5,696,14,0,0,0,0,0,0,0,0,0,0,0,0,0.2,1.8,9.0,1.1,0,0,0,0,0,0.24,0.01,0.25,0.17,1,False
Amine,Adli,Adli,Bournemouth,MID,5,697,15,0,0,0,0,0,0,0,0,0,0,0,4,2.2,0.3,0.0,0.3,0,3,1,4,0,0.00,0.00,0.00,0.00,1,False
Noah,Okafor,Okafor,Leeds,MID,5,698,69,1,0,0,1,0,0,0,0,0,0,1,25,38.6,7.8,23.0,6.9,1,4,0,5,1,0.15,0.02,0.17,1.28,8,False
Douglas Luiz,Soares de Paulo,Douglas Luiz,Nott'm Forest,MID,5,699,75,0,1,0,1,0,0,0,0,0,0,0,23,4.4,18.1,8.0,3.1,0,2,1,3,1,0.02,0.02,0.04,0.68,5,False
Max,Dowman,Dowman,Arsenal,MID,5,700,0,0,0,0,0,0,0,0,0,0,0,0,0,0.0,0.0,0.0,0.0,0,0,0,0,0,0.00,0.00,0.00,0.00,0,False
Triston,Rowe,Rowe,Aston Villa,DEF,5,701,0,0,0,0,0,0,0,0,0,0,0,0,0,0.0,0.0,0.0,0.0,0,0,0,0,0,0.00,0.00,0.00,0.00,0,False
Bradley,Burrowes,Burrowes,Aston Villa,MID,5,702,0,0,0,0,0,0,0,0,0,0,0,0,0,0.0,0.0,0.0,0.0,0,0,0,0,0,0.00,0.00,0.00,0.00,0,False
Sam,Proctor,Proctor,Aston Villa,GKP,5,703,0,0,0,0,0,0,0,0,0,0,0,0,0,0.0,0.0,0.0,0.0,0,0,0,0,0,0.00,0.00,0.00,0.00,0,False
Tyler,Onyango,Onyango,Everton,MID,5,704,0,0,0,0,0,0,0,0,0,0,0,0,0,0.0,0.0,0.0,0.0,0,0,0,0,0,0.00,0.00,0.00,0.00,0,False
Elijah,Campbell,Campbell,Everton,DEF,5,705,0,0,0,0,0,0,0,0,0,0,0,0,0,0.0,0.0,0.0,0.0,0,0,0,0,0,0.00,0.00,0.00,0.00,0,False
James,Justin,Justin,Leeds,DEF,5,706,7,0,0,0,0,0,0,0,0,0,0,0,4,4.0,0.0,0.0,0.4,2,0,0,2,0,0.00,0.00,0.00,0.28,1,False
Tyler,Dibling,Dibling,Everton,MID,5,707,4,0,0,0,0,0,0,0,0,0,0,0,2,0.0,0.5,0.0,0.0,0,0,0,0,0,0.00,0.00,0.00,0.00,1,False
Mateus Gonçalo,Espanha Fernandes,M.Fernandes,West Ham,MID,5,708,77,0,0,0,2,0,0,0,0,0,0,0,11,8.6,4.8,0.0,1.3,3,2,0,5,1,0.00,0.01,0.01,2.18,2,False
Ladislav,Krejcí,Krejčí,Wolves,DEF,5,709,90,1,0,0,3,0,0,0,0,0,0,0,8,49.4,13.6,17.0,8.0,3,4,5,8,1,0.68,0.04,0.72,0.48,7,False
Travis,Patterson,Patterson,Aston Villa,DEF,5,710,0,0,0,0,0,0,0,0,0,0,0,0,0,0.0,0.0,0.0,0.0,0,0,0,0,0,0.00,0.00,0.00,0.00,0,False
Andre,Harriman-Annous,Harriman-Annous,Arsenal,MID,5,711,0,0,0,0,0,0,0,0,0,0,0,0,0,0.0,0.0,0.0,0.0,0,0,0,0,0,0.00,0.00,0.00,0.00,0,False
Yéremy,Pino Santos,Yeremy,Crystal Palace,MID,5,712,45,0,0,0,0,0,0,0,0,0,0,0,6,5.2,14.2,11.0,3.0,1,0,1,2,1,0.10,0.27,0.37,0.22,1,False
Álex,Jiménez Sánchez,A.Jimenez,Bournemouth,DEF,5,713,45,0,0,0,0,0,0,0,1,0,0,0,2,2.2,1.8,9.0,1.3,1,2,2,3,1,0.05,0.01,0.06,0.14,0,False
Nick,Woltemade,Woltemade,Newcastle,FWD,5,714,83,0,0,1,0,0,0,0,0,0,0,0,1,0.8,4.9,8.0,1.4,1,1,0,2,1,0.00,0.02,0.02,0.43,2,False
John Victor,Maciel Furtado,John,Nott'm Forest,GKP,5,715,0,0,0,0,0,0,0,0,0,0,0,0,0,0.0,0.0,0.0,0.0,0,0,0,0,0,0.00,0.00,0.00,0.00,0,False
Nicolò,Savona,Savona,Nott'm Forest,DEF,5,716,0,0,0,0,0,0,0,0,0,0,0,0,0,0.0,0.0,0.0,0.0,0,0,0,0,0,0.00,0.00,0.00,0.00,0,False
Xavi,Simons,Xavi,Spurs,MID,5,717,29,0,0,0,0,0,0,0,0,0,0,0,4,3.2,12.3,24.0,4.0,0,1,0,1,0,0.25,0.06,0.31,0.42,1,False
Soungoutou,Magassa,S.Magassa,West Ham,MID,5,718,12,0,0,0,0,0,0,0,0,0,0,0,2,0.0,0.4,0.0,0.0,0,1,0,1,0,0.00,0.00,0.00,0.14,1,False
Victor,Lindelöf,Lindelöf,Aston Villa,DEF,5,719,0,0,0,0,0,0,0,0,0,0,0,0,0,0.0,0.0,0.0,0.0,0,0,0,0,0,0.00,0.00,0.00,0.00,0,False
Tolu,Arokodare,Tolu,Wolves,FWD,5,720,90,0,0,0,3,0,0,0,0,0,0,0,8,5.0,13.0,47.0,6.5,1,2,1,4,1,0.22,0.03,0.25,0.48,2,False
Veljko,Milosavljevic,Milosavljević,Bournemouth,DEF,5,721,0,0,0,0,0,0,0,0,0,0,0,0,0,0.0,0.0,0.0,0.0,0,0,0,0,0,0.00,0.00,0.00,0.00,0,False
Florentino Ibrain,Morris Luís,Florentino,Burnley,MID,5,722,90,0,0,0,1,0,0,0,1,0,0,0,19,25.6,23.5,0.0,4.9,7,7,4,18,1,0.00,0.01,0.01,1.10,3,False
Jaydee,Canvot,Canvot,Crystal Palace,DEF,5,723,0,0,0,0,0,0,0,0,0,0,0,0,0,0.0,0.0,0.0,0.0,0,0,0,0,0,0.00,0.00,0.00,0.00,0,False
Lutsharel,Geertruida,Geertruida,Sunderland,DEF,5,724,9,0,0,0,0,0,0,0,0,0,0,0,4,6.0,0.0,0.0,0.6,2,0,0,2,0,0.00,0.00,0.00,0.25,1,False
Piero,Hincapié,Hincapie,Arsenal,DEF,5,725,0,0,0,0,0,0,0,0,0,0,0,0,0,0.0,0.0,0.0,0.0,0,0,0,0,0,0.00,0.00,0.00,0.00,0,False
Randal,Kolo Muani,Kolo Muani,Spurs,FWD,5,726,0,0,0,0,0,0,0,0,0,0,0,0,0,0.0,0.0,0.0,0.0,0,0,0,0,0,0.00,0.00,0.00,0.00,0,False
Samuel,Chukwueze,Chukwueze,Fulham,MID,5,727,0,0,0,0,0,0,0,0,0,0,0,0,0,0.0,0.0,0.0,0.0,0,0,0,0,0,0.00,0.00,0.00,0.00,0,False
Merlin,Röhl,Röhl,Everton,MID,5,728,0,0,0,0,0,0,0,0,0,0,0,0,0,0.0,0.0,0.0,0.0,0,0,0,0,0,0.00,0.00,0.00,0.00,0,False
Luis Eduardo,Soares da Silva,Cuiabano,Nott'm Forest,DEF,5,729,0,0,0,0,0,0,0,0,0,0,0,0,0,0.0,0.0,0.0,0.0,0,0,0,0,0,0.00,0.00,0.00,0.00,0,False
Brian,Brobbey,Brobbey,Sunderland,FWD,5,730,0,0,0,0,0,0,0,0,0,0,0,0,0,0.0,0.0,0.0,0.0,0,0,0,0,0,0.00,0.00,0.00,0.00,0,False
Kevin,Santos Lopes de Macedo,Kevin,Fulham,MID,5,731,23,0,0,0,0,0,0,0,1,0,0,0,2,2.2,1.2,0.0,0.3,1,2,0,3,0,0.00,0.00,0.00,0.17,0,False
Christantus,Uche,Uche,Crystal Palace,FWD,5,732,0,0,0,0,0,0,0,0,0,0,0,0,0,0.0,0.0,0.0,0.0,0,0,0,0,0,0.00,0.00,0.00,0.00,0,False
Senne,Lammens,Lammens,Man Utd,GKP,5,733,0,0,0,0,0,0,0,0,0,0,0,0,0,0.0,0.0,0.0,0.0,0,0,0,0,0,0.00,0.00,0.00,0.00,0,False
Dilane,Bakwa,Bakwa,Nott'm Forest,MID,5,734,58,0,0,0,1,0,0,0,0,0,0,0,7,13.0,14.3,26.0,5.3,1,5,0,6,1,0.06,0.01,0.07,0.51,1,False
Bertrand,Traoré,Traoré,Sunderland,MID,5,735,0,0,0,0,0,0,0,0,0,0,0,0,0,0.0,0.0,0.0,0.0,0,0,0,0,0,0.00,0.00,0.00,0.00,0,False
Gianluigi,Donnarumma,Donnarumma,Man City,GKP,5,736,90,0,0,0,1,0,0,0,1,0,2,0,7,15.6,0.0,0.0,1.6,4,4,0,0,1,0.00,0.00,0.00,0.96,1,False
Jonah,Kusi-Asare,Kusi-Asare,Fulham,FWD,5,737,0,0,0,0,0,0,0,0,0,0,0,0,0,0.0,0.0,0.0,0.0,0,0,0,0,0,0.00,0.00,0.00,0.00,0,False
Lukasz,Fabianski,Fabianski,West Ham,GKP,5,738,0,0,0,0,0,0,0,0,0,0,0,0,0,0.0,0.0,0.0,0.0,0,0,0,0,0,0.00,0.00,0.00,0.00,0,False
Divine,Mukasa,Mukasa,Man City,MID,5,739,0,0,0,0,0,0,0,0,0,0,0,0,0,0.0,0.0,0.0,0.0,0,0,0,0,0,0.00,0.00,0.00,0.00,0,False
Stephen,Mfuni,Mfuni,Man City,DEF,5,740,0,0,0,0,0,0,0,0,0,0,0,0,0,0.0,0.0,0.0,0.0,0,0,0,0,0,0.00,0.00,0.00,0.00,0,False
Harry,Gray,Gray,Leeds,FWD,5,741,0,0,0,0,0,0,0,0,0,0,0,0,0,0.0,0.0,0.0,0.0,0,0,0,0,0,0.00,0.00,0.00,0.00,0,False
David,Raya Martín,Raya,Arsenal,GKP,6,1,90,0,0,0,1,0,0,0,0,0,2,0,11,15.8,0.0,0.0,1.6,2,10,0,0,1,0.00,0.01,0.01,0.61,2,False
Kepa,Arrizabalaga Revuelta,Arrizabalaga,Arsenal,GKP,6,2,0,0,0,0,0,0,0,0,0,0,0,0,0,0.0,0.0,0.0,0.0,0,0,0,0,0,0.00,0.00,0.00,0.00,0,False
Karl,Hein,Hein,Arsenal,GKP,6,3,0,0,0,0,0,0,0,0,0,0,0,0,0,0.0,0.0,0.0,0.0,0,0,0,0,0,0.00,0.00,0.00,0.00,0,False
Tommy,Setford,Setford,Arsenal,GKP,6,4,0,0,0,0,0,0,0,0,0,0,0,0,0,0.0,0.0,0.0,0.0,0,0,0,0,0,0.00,0.00,0.00,0.00,0,False
Gabriel,dos Santos Magalhães,Gabriel,Arsenal,DEF,6,5,90,1,0,0,1,0,0,0,0,0,0,3,34,76.8,2.5,33.0,11.2,16,2,3,19,1,0.22,0.02,0.24,0.61,13,True
William,Saliba,Saliba,Arsenal,DEF,6,6,45,0,0,0,0,0,0,0,0,0,0,0,8,5.4,11.8,2.0,1.9,1,1,0,1,0,0.00,0.07,0.07,0.20,1,False
Riccardo,Calafiori,Calafiori,Arsenal,DEF,6,7,69,0,0,0,1,0,0,0,1,0,0,0,0,3.6,16.8,10.0,3.0,3,3,0,3,1,0.10,0.04,0.14,0.53,1,False
Jurriën,Timber,J.Timber,Arsenal,DEF,6,8,90,0,0,0,1,0,0,0,0,0,0,0,10,24.6,38.2,25.0,8.8,4,4,2,6,1,0.53,0.21,0.74,0.61,2,False
Jakub,Kiwior,Kiwior,Arsenal,DEF,6,9,0,0,0,0,0,0,0,0,0,0,0,0,0,0.0,0.0,0.0,0.0,0,0,0,0,0,0.00,0.00,0.00,0.00,0,False
Myles,Lewis-Skelly,Lewis-Skelly,Arsenal,DEF,6,10,2,0,0,0,0,0,0,0,0,0,0,0,2,0.0,0.9,2.0,0.2,0,1,0,0,0,0.00,0.00,0.00,0.04,1,False
Benjamin,White,White,Arsenal,DEF,6,11,0,0,0,0,0,0,0,0,0,0,0,0,0,0.0,0.0,0.0,0.0,0,0,0,0,0,0.00,0.00,0.00,0.00,0,False
Oleksandr,Zinchenko,Zinchenko,Nott'm Forest,DEF,6,12,90,0,0,0,1,0,0,0,0,0,0,0,13,14.8,19.3,0.0,3.4,1,3,3,4,1,0.00,0.10,0.10,1.19,2,False
Brayden,Clarke,Clarke,Arsenal,DEF,6,13,0,0,0,0,0,0,0,0,0,0,0,0,0,0.0,0.0,0.0,0.0,0,0,0,0,0,0.00,0.00,0.00,0.00,0,False
Maldini,Kacurri,Kacurri,Arsenal,DEF,6,14,0,0,0,0,0,0,0,0,0,0,0,0,0,0.0,0.0,0.0,0.0,0,0,0,0,0,0.00,0.00,0.00,0.00,0,False
Josh,Nichols,Nichols,Arsenal,DEF,6,15,0,0,0,0,0,0,0,0,0,0,0,0,0,0.0,0.0,0.0,0.0,0,0,0,0,0,0.00,0.00,0.00,0.00,0,False
Bukayo,Saka,Saka,Arsenal,MID,6,16,69,0,0,0,1,0,0,0,0,0,0,0,10,4.4,11.4,30.0,4.6,0,5,0,5,1,0.08,0.01,0.09,0.53,2,False
Martin,Ødegaard,Ødegaard,Arsenal,MID,6,17,8,0,1,0,0,0,0,0,0,0,0,0,16,19.0,16.4,0.0,3.5,0,1,0,1,0,0.00,0.25,0.25,0.08,4,False
Noni,Madueke,Madueke,Arsenal,MID,6,18,0,0,0,0,0,0,0,0,0,0,0,0,0,0.0,0.0,0.0,0.0,0,0,0,0,0,0.00,0.00,0.00,0.00,0,False
Gabriel,Martinelli Silva,Martinelli,Arsenal,MID,6,19,20,0,0,0,0,0,0,0,0,0,0,0,5,2.2,0.5,4.0,0.7,1,2,0,3,0,0.05,0.01,0.06,0.08,1,False
Leandro,Trossard,Trossard,Arsenal,MID,6,20,87,0,0,0,1,0,0,0,0,0,0,0,5,2.4,17.0,12.0,3.1,0,2,0,2,1,0.33,0.12,0.45,0.58,2,False
Declan,Rice,Rice,Arsenal,MID,6,21,90,0,1,0,1,0,0,0,0,0,0,2,33,47.6,53.7,4.0,10.5,4,5,3,12,1,0.00,0.20,0.20,0.61,9,False
Mikel,Merino Zazón,Merino,Arsenal,MID,6,22,20,1,0,0,0,0,0,0,0,0,0,0,23,35.2,0.1,19.0,5.4,1,1,1,3,0,0.05,0.00,0.05,0.08,6,False
Fábio,Ferreira Vieira,Fábio Vieira,Arsenal,MID,6,23,0,0,0,0,0,0,0,0,0,0,0,0,0,0.0,0.0,0.0,0.0,0,0,0,0,0,0.00,0.00,0.00,0.00,0,False
Christian,Nørgaard,Nørgaard,Arsenal,MID,6,24,0,0,0,0,0,0,0,0,0,0,0,0,0,0.0,0.0,0.0,0.0,0,0,0,0,0,0.00,0.00,0.00,0.00,0,False
Ethan,Nwaneri,Nwaneri,Arsenal,MID,6,25,0,0,0,0,0,0,0,0,0,0,0,0,0,0.0,0.0,0.0,0.0,0,0,0,0,0,0.00,0.00,0.00,0.00,0,False
Martín,Zubimendi Ibáñez,Zubimendi,Arsenal,MID,6,26,81,0,0,0,1,0,0,0,0,0,0,0,24,17.8,31.9,0.0,5.0,4,2,3,9,1,0.00,0.52,0.52,0.53,2,False
Reiss,Nelson,Nelson,Brentford,MID,6,27,0,0,0,0,0,0,0,0,0,0,0,0,0,0.0,0.0,0.0,0.0,0,0,0,0,0,0.00,0.00,0.00,0.00,0,False
Ismeal,Kabia,Kabia,Arsenal,MID,6,28,0,0,0,0,0,0,0,0,0,0,0,0,0,0.0,0.0,0.0,0.0,0,0,0,0,0,0.00,0.00,0.00,0.00,0,False
Albert,Sambi Lokonga,Sambi,Arsenal,MID,6,29,0,0,0,0,0,0,0,0,0,0,0,0,0,0.0,0.0,0.0,0.0,0,0,0,0,0,0.00,0.00,0.00,0.00,0,False
Kai,Havertz,Havertz,Arsenal,FWD,6,30,0,0,0,0,0,0,0,0,0,0,0,0,0,0.0,0.0,0.0,0.0,0,0,0,0,0,0.00,0.00,0.00,0.00,0,False
Gabriel,Fernando de Jesus,G.Jesus,Arsenal,FWD,6,31,0,0,0,0,0,0,0,0,0,0,0,0,0,0.0,0.0,0.0,0.0,0,0,0,0,0,0.00,0.00,0.00,0.00,0,False
Emiliano,Martínez Romero,Martinez,Aston Villa,GKP,6,32,90,0,0,0,1,0,0,0,0,0,3,0,13,23.0,3.0,0.0,2.6,1,10,0,0,1,0.00,0.02,0.02,0.92,3,False
Marco,Bizot,M.Bizot,Aston Villa,GKP,6,33,0,0,0,0,0,0,0,0,0,0,0,0,0,0.0,0.0,0.0,0.0,0,0,0,0,0,0.00,0.00,0.00,0.00,0,False
Joe,Gauci,Gauci,Aston Villa,GKP,6,34,0,0,0,0,0,0,0,0,0,0,0,0,0,0.0,0.0,0.0,0.0,0,0,0,0,0,0.00,0.00,0.00,0.00,0,False
Filip,Marschall,Marschall,Aston Villa,GKP,6,35,0,0,0,0,0,0,0,0,0,0,0,0,0,0.0,0.0,0.0,0.0,0,0,0,0,0,0.00,0.00,0.00,0.00,0,False
Matty,Cash,Cash,Aston Villa,DEF,6,36,90,0,0,0,1,0,0,0,0,0,0,0,8,18.0,1.5,1.0,2.1,7,7,2,9,1,0.01,0.01,0.02,0.92,2,False
Lucas,Digne,Digne,Aston Villa,DEF,6,37,90,0,1,0,1,0,0,0,0,0,0,0,21,28.2,15.2,11.0,5.4,3,3,0,3,1,0.05,0.33,0.38,0.92,5,False
Ezri,Konsa Ngoyo,Konsa,Aston Villa,DEF,6,38,90,0,0,0,1,0,0,0,0,0,0,0,21,22.4,0.7,0.0,2.3,5,3,0,5,1,0.00,0.00,0.00,0.92,2,False
Ian,Maatsen,Maatsen,Aston Villa,DEF,6,39,0,0,0,0,0,0,0,0,0,0,0,0,0,0.0,0.0,0.0,0.0,0,0,0,0,0,0.00,0.00,0.00,0.00,0,False
Tyrone,Mings,Mings,Aston Villa,DEF,6,40,31,0,0,0,1,0,0,0,0,0,0,0,-1,2.8,0.4,0.0,0.3,1,1,0,1,1,0.00,0.00,0.00,0.28,1,False
Pau,Torres,Pau,Aston Villa,DEF,6,41,58,0,0,0,0,0,0,0,0,0,0,0,13,12.6,0.5,0.0,1.3,7,5,0,7,0,0.00,0.01,0.01,0.64,1,False
Andrés,García,A.García,Aston Villa,DEF,6,42,0,0,0,0,0,0,0,0,0,0,0,0,0,0.0,0.0,0.0,0.0,0,0,0,0,0,0.00,0.00,0.00,0.00,0,False
Álex,Moreno Lopera,Alex Moreno,Aston Villa,DEF,6,43,0,0,0,0,0,0,0,0,0,0,0,0,0,0.0,0.0,0.0,0.0,0,0,0,0,0,0.00,0.00,0.00,0.00,0,False
Lamare,Bogarde,Bogarde,Aston Villa,DEF,6,44,81,0,0,0,1,0,0,0,0,0,0,0,2,3.2,12.8,0.0,1.6,0,2,1,1,1,0.00,0.02,0.02,0.80,2,False
Lino,da Cruz Sousa,Sousa,Aston Villa,DEF,6,45,0,0,0,0,0,0,0,0,0,0,0,0,0,0.0,0.0,0.0,0.0,0,0,0,0,0,0.00,0.00,0.00,0.00,0,False
Yasin,Özcan,Yasin,Aston Villa,DEF,6,46,0,0,0,0,0,0,0,0,0,0,0,0,0,0.0,0.0,0.0,0.0,0,0,0,0,0,0.00,0.00,0.00,0.00,0,False
Morgan,Rogers,Rogers,Aston Villa,MID,6,47,90,0,1,0,1,0,0,0,0,0,0,0,20,26.8,30.9,6.0,6.4,3,2,1,6,1,0.00,0.06,0.06,0.92,5,False
Youri,Tielemans,Tielemans,Aston Villa,MID,6,48,0,0,0,0,0,0,0,0,0,0,0,0,0,0.0,0.0,0.0,0.0,0,0,0,0,0,0.00,0.00,0.00,0.00,0,False
Leon,Bailey,Bailey,Aston Villa,MID,6,49,0,0,0,0,0,0,0,0,0,0,0,0,0,0.0,0.0,0.0,0.0,0,0,0,0,0,0.00,0.00,0.00,0.00,0,False
Emiliano,Buendía Stati,Buendía,Aston Villa,MID,6,50,45,1,1,0,0,0,0,0,0,0,0,3,33,51.0,14.3,34.0,9.9,0,3,1,4,0,0.29,0.07,0.36,0.41,12,True
Samuel,Iling-Junior,Iling Jr,Aston Villa,MID,6,51,0,0,0,0,0,0,0,0,0,0,0,0,0,0.0,0.0,0.0,0.0,0,0,0,0,0,0.00,0.00,0.00,0.00,0,False
Jacob,Ramsey,J.Ramsey,Newcastle,MID,6,52,0,0,0,0,0,0,0,0,0,0,0,0,0,0.0,0.0,0.0,0.0,0,0,0,0,0,0.00,0.00,0.00,0.00,0,False
Donyell,Malen,Malen,Aston Villa,MID,6,53,7,0,0,0,0,0,0,0,0,0,0,0,2,2.0,0.0,0.0,0.2,1,0,0,1,0,0.00,0.00,0.00,0.13,1,False
John,McGinn,McGinn,Aston Villa,MID,6,54,71,1,0,0,1,0,0,0,1,0,0,0,25,36.0,18.5,13.0,6.8,3,5,1,9,1,0.45,0.29,0.74,0.73,6,False
Ross,Barkley,Barkley,Aston Villa,MID,6,55,0,0,0,0,0,0,0,0,0,0,0,0,0,0.0,0.0,0.0,0.0,0,0,0,0,0,0.00,0.00,0.00,0.00,0,False
Enzo,Barrenechea,Barrenechea,Aston Villa,MID,6,56,0,0,0,0,0,0,0,0,0,0,0,0,0,0.0,0.0,0.0,0.0,0,0,0,0,0,0.00,0.00,0.00,0.00,0,False
Lewis,Dobbin,Dobbin,Aston Villa,MID,6,57,0,0,0,0,0,0,0,0,0,0,0,0,0,0.0,0.0,0.0,0.0,0,0,0,0,0,0.00,0.00,0.00,0.00,0,False
Boubacar,Kamara,Kamara,Aston Villa,MID,6,58,18,0,0,0,0,0,0,0,0,0,0,0,5,7.6,0.7,0.0,0.8,4,1,1,6,0,0.00,0.01,0.01,0.20,1,False
Amadou,Onana,Onana,Aston Villa,MID,6,59,0,0,0,0,0,0,0,0,0,0,0,0,0,0.0,0.0,0.0,0.0,0,0,0,0,0,0.00,0.00,0.00,0.00,0,False
Ben,Broggio,Broggio,Aston Villa,MID,6,60,0,0,0,0,0,0,0,0,0,0,0,0,0,0.0,0.0,0.0,0.0,0,0,0,0,0,0.00,0.00,0.00,0.00,0,False
Leander,Dendoncker,Dendoncker,Aston Villa,MID,6,61,0,0,0,0,0,0,0,0,0,0,0,0,0,0.0,0.0,0.0,0.0,0,0,0,0,0,0.00,0.00,0.00,0.00,0,False
Jamaldeen,Jimoh-Aloba,Jimoh-Aloba,Aston Villa,MID,6,62,0,0,0,0,0,0,0,0,0,0,0,0,0,0.0,0.0,0.0,0.0,0,0,0,0,0,0.00,0.00,0.00,0.00,0,False
Kadan,Young,Young,Aston Villa,MID,6,63,0,0,0,0,0,0,0,0,0,0,0,0,0,0.0,0.0,0.0,0.0,0,0,0,0,0,0.00,0.00,0.00,0.00,0,False
Ollie,Watkins,Watkins,Aston Villa,FWD,6,64,90,1,0,0,1,0,0,0,0,0,0,2,30,37.4,4.3,27.0,6.9,1,1,1,3,1,0.29,0.02,0.31,0.92,8,False
Zépiqueno,Redmond,Redmond,Aston Villa,FWD,6,65,0,0,0,0,0,0,0,0,0,0,0,0,0,0.0,0.0,0.0,0.0,0,0,0,0,0,0.00,0.00,0.00,0.00,0,False
Norberto,Murara Neto,Neto,Bournemouth,GKP,6,66,0,0,0,0,0,0,0,0,0,0,0,0,0,0.0,0.0,0.0,0.0,0,0,0,0,0,0.00,0.00,0.00,0.00,0,False
Đorđe,Petrović,Petrović,Bournemouth,GKP,6,67,90,0,0,0,2,0,0,0,0,0,6,0,18,47.0,0.0,0.0,4.7,0,10,0,0,1,0.00,0.00,0.00,1.84,3,False
Will,Dennis,Dennis,Bournemouth,GKP,6,68,0,0,0,0,0,0,0,0,0,0,0,0,0,0.0,0.0,0.0,0.0,0,0,0,0,0,0.00,0.00,0.00,0.00,0,False
Callan,McKenna,McKenna,Bournemouth,GKP,6,69,0,0,0,0,0,0,0,0,0,0,0,0,0,0.0,0.0,0.0,0.0,0,0,0,0,0,0.00,0.00,0.00,0.00,0,False
Alex,Paulsen,Paulsen,Bournemouth,GKP,6,70,0,0,0,0,0,0,0,0,0,0,0,0,0,0.0,0.0,0.0,0.0,0,0,0,0,0,0.00,0.00,0.00,0.00,0,False
Illia,Zabarnyi,Zabarnyi,Bournemouth,DEF,6,71,0,0,0,0,0,0,0,0,0,0,0,0,0,0.0,0.0,0.0,0.0,0,0,0,0,0,0.00,0.00,0.00,0.00,0,False
Marcos,Senesi Barón,Senesi,Bournemouth,DEF,6,72,90,0,1,0,2,0,0,0,0,0,0,1,27,57.8,16.9,4.0,7.9,12,3,3,15,1,0.00,0.22,0.22,1.84,7,False
Adam,Smith,Smith,Bournemouth,DEF,6,73,0,0,0,0,0,0,0,0,0,0,0,0,0,0.0,0.0,0.0,0.0,0,0,0,0,0,0.00,0.00,0.00,0.00,0,False
Adrien,Truffert,Truffert,Bournemouth,DEF,6,74,90,0,0,0,2,0,0,0,0,0,0,0,15,29.0,5.0,2.0,3.6,8,7,5,13,1,0.00,0.02,0.02,1.84,3,False
Matai,Akinmboni,Akinmboni,Bournemouth,DEF,6,75,0,0,0,0,0,0,0,0,0,0,0,0,0,0.0,0.0,0.0,0.0,0,0,0,0,0,0.00,0.00,0.00,0.00,0,False
Owen,Bevan,Bevan,Bournemouth,DEF,6,76,0,0,0,0,0,0,0,0,0,0,0,0,0,0.0,0.0,0.0,0.0,0,0,0,0,0,0.00,0.00,0.00,0.00,0,False
James,Hill,Hill,Bournemouth,DEF,6,77,0,0,0,0,0,0,0,0,0,0,0,0,0,0.0,0.0,0.0,0.0,0,0,0,0,0,0.00,0.00,0.00,0.00,0,False
Julián,Araujo Zúñiga,J.Araujo,Bournemouth,DEF,6,78,0,0,0,0,0,0,0,0,0,0,0,0,0,0.0,0.0,0.0,0.0,0,0,0,0,0,0.00,0.00,0.00,0.00,0,False
Chris,Mepham,Mepham,Bournemouth,DEF,6,79,0,0,0,0,0,0,0,0,0,0,0,0,0,0.0,0.0,0.0,0.0,0,0,0,0,0,0.00,0.00,0.00,0.00,0,False
Julio,Soler Barreto,Soler,Bournemouth,DEF,6,80,0,0,0,0,0,0,0,0,0,0,0,0,0,0.0,0.0,0.0,0.0,0,0,0,0,0,0.00,0.00,0.00,0.00,0,False
Justin,Kluivert,Kluivert,Bournemouth,MID,6,81,59,0,0,0,2,0,0,0,0,0,0,0,6,4.6,16.5,2.0,2.3,0,1,0,1,1,0.00,0.05,0.05,1.36,1,False
Antoine,Semenyo,Semenyo,Bournemouth,MID,6,82,90,1,0,0,2,0,0,0,0,0,0,0,22,42.4,16.6,9.0,6.8,1,4,2,7,1,0.21,0.05,0.26,1.84,7,False
Dango,Ouattara,O.Dango,Brentford,MID,6,83,74,0,0,0,1,0,0,0,0,0,0,0,6,3.6,11.1,27.0,4.2,2,1,0,3,1,0.42,0.26,0.68,1.02,2,False
Marcus,Tavernier,Tavernier,Bournemouth,MID,6,84,30,0,0,0,0,0,0,0,0,0,0,0,3,4.0,12.2,4.0,2.0,0,3,1,4,0,0.00,0.02,0.02,0.48,1,False
Tyler,Adams,Adams,Bournemouth,MID,6,85,80,0,0,0,2,0,0,0,0,0,0,0,19,13.2,3.3,2.0,1.9,1,5,4,10,1,0.04,0.02,0.06,1.77,2,False
David,Brooks,Brooks,Bournemouth,MID,6,86,30,0,0,0,0,0,0,0,0,0,0,0,5,4.8,6.8,18.0,3.0,1,2,0,3,0,0.09,0.06,0.15,0.48,1,False
Ryan,Christie,Christie,Bournemouth,MID,6,87,59,0,1,0,2,0,0,0,0,0,0,0,7,0.0,4.4,5.0,0.9,2,2,1,5,1,0.08,0.02,0.10,1.36,4,False
Lewis,Cook,Cook,Bournemouth,MID,6,88,0,0,0,0,0,0,0,0,0,0,0,0,0,0.0,0.0,0.0,0.0,0,0,0,0,0,0.00,0.00,0.00,0.00,0,False
Philip,Billing,Philip,Bournemouth,MID,6,89,0,0,0,0,0,0,0,0,0,0,0,0,0,0.0,0.0,0.0,0.0,0,0,0,0,0,0.00,0.00,0.00,0.00,0,False
Alex,Scott,Scott,Bournemouth,MID,6,90,30,0,0,0,0,0,0,0,0,0,0,0,3,3.8,6.3,0.0,1.0,1,0,0,1,0,0.00,0.03,0.03,0.48,1,False
Luis,Sinisterra Lucumí,Sinisterra,Bournemouth,MID,6,91,0,0,0,0,0,0,0,0,0,0,0,0,0,0.0,0.0,0.0,0.0,0,0,0,0,0,0.00,0.00,0.00,0.00,0,False
Romain,Faivre,Faivre,Bournemouth,MID,6,92,0,0,0,0,0,0,0,0,0,0,0,0,0,0.0,0.0,0.0,0.0,0,0,0,0,0,0.00,0.00,0.00,0.00,0,False
Hamed,Traorè,H.Traorè,Bournemouth,MID,6,93,0,0,0,0,0,0,0,0,0,0,0,0,0,0.0,0.0,0.0,0.0,0,0,0,0,0,0.00,0.00,0.00,0.00,0,False
Dominic,Sadi,Sadi,Bournemouth,MID,6,94,0,0,0,0,0,0,0,0,0,0,0,0,0,0.0,0.0,0.0,0.0,0,0,0,0,0,0.00,0.00,0.00,0.00,0,False
Zain,Silcott-Duberry,Silcott-Duberry,Bournemouth,MID,6,95,0,0,0,0,0,0,0,0,0,0,0,0,0,0.0,0.0,0.0,0.0,0,0,0,0,0,0.00,0.00,0.00,0.00,0,False
Ben,Winterburn,Winterburn,Bournemouth,MID,6,96,0,0,0,0,0,0,0,0,0,0,0,0,0,0.0,0.0,0.0,0.0,0,0,0,0,0,0.00,0.00,0.00,0.00,0,False
Francisco Evanilson,de Lima Barbosa,Evanilson,Bournemouth,FWD,6,97,90,0,0,0,2,0,0,0,0,0,0,0,5,0.8,12.8,8.0,2.2,0,3,0,3,1,0.02,0.12,0.14,1.84,2,False
Enes,Ünal,Enes Ünal,Bournemouth,FWD,6,98,0,0,0,0,0,0,0,0,0,0,0,0,0,0.0,0.0,0.0,0.0,0,0,0,0,0,0.00,0.00,0.00,0.00,0,False
Daniel,Adu-Adjei,Adu-Adjei,Bournemouth,FWD,6,99,0,0,0,0,0,0,0,0,0,0,0,0,0,0.0,0.0,0.0,0.0,0,0,0,0,0,0.00,0.00,0.00,0.00,0,False
Eli Junior,Kroupi,Kroupi.Jr,Bournemouth,FWD,6,100,9,1,0,0,0,0,0,0,1,0,0,2,28,35.0,0.6,38.0,7.4,0,1,0,1,0,0.23,0.00,0.23,0.07,6,False
Caoimhín,Kelleher,Kelleher,Brentford,GKP,6,101,90,0,0,0,1,0,1,0,0,0,5,0,25,56.4,10.0,0.0,6.6,1,5,0,0,1,0.00,0.00,0.00,2.08,8,False
Ellery,Balcombe,Balcombe,Brentford,GKP,6,102,0,0,0,0,0,0,0,0,0,0,0,0,0,0.0,0.0,0.0,0.0,0,0,0,0,0,0.00,0.00,0.00,0.00,0,False
Matthew,Cox,Cox,Brentford,GKP,6,103,0,0,0,0,0,0,0,0,0,0,0,0,0,0.0,0.0,0.0,0.0,0,0,0,0,0,0.00,0.00,0.00,0.00,0,False
Julian,Eyestone,Eyestone,Brentford,GKP,6,104,0,0,0,0,0,0,0,0,0,0,0,0,0,0.0,0.0,0.0,0.0,0,0,0,0,0,0.00,0.00,0.00,0.00,0,False
Hákon Rafn,Valdimarsson,Valdimarsson,Brentford,GKP,6,105,0,0,0,0,0,0,0,0,0,0,0,0,0,0.0,0.0,0.0,0.0,0,0,0,0,0,0.00,0.00,0.00,0.00,0,False
Nathan,Collins,Collins,Brentford,DEF,6,106,90,0,0,0,1,0,0,0,1,0,0,0,2,20.6,10.9,21.0,5.3,9,4,0,9,1,0.06,0.32,0.38,2.08,1,False
Keane,Lewis-Potter,Lewis-Potter,Brentford,DEF,6,107,15,0,0,0,0,0,0,0,0,0,0,0,7,5.2,0.3,0.0,0.6,2,0,1,3,0,0.00,0.00,0.00,1.06,1,False
Kristoffer,Ajer,Ajer,Brentford,DEF,6,108,0,0,0,0,0,0,0,0,0,0,0,0,0,0.0,0.0,0.0,0.0,0,0,0,0,0,0.00,0.00,0.00,0.00,0,False
Rico,Henry,Henry,Brentford,DEF,6,109,15,0,0,0,0,0,0,0,0,0,0,0,6,5.4,0.3,0.0,0.6,1,1,1,2,0,0.00,0.00,0.00,1.06,1,False
Michael,Kayode,Kayode,Brentford,DEF,6,110,90,0,0,0,1,0,0,0,0,0,0,0,6,16.2,1.3,0.0,1.8,3,2,3,6,1,0.00,0.00,0.00,2.08,2,False
Ethan,Pinnock,Pinnock,Brentford,DEF,6,111,0,0,0,0,0,0,0,0,0,0,0,0,0,0.0,0.0,0.0,0.0,0,0,0,0,0,0.00,0.00,0.00,0.00,0,False
Mads,Roerslev Rasmussen,Roerslev,Brentford,DEF,6,112,0,0,0,0,0,0,0,0,0,0,0,0,0,0.0,0.0,0.0,0.0,0,0,0,0,0,0.00,0.00,0.00,0.00,0,False
Sepp,van den Berg,Van den Berg,Brentford,DEF,6,113,90,0,0,0,1,0,0,0,0,0,0,0,9,14.6,0.4,68.0,8.3,4,3,0,4,1,0.66,0.00,0.66,2.08,2,False
Benjamin,Arthur,Arthur,Brentford,DEF,6,114,0,0,0,0,0,0,0,0,0,0,0,0,0,0.0,0.0,0.0,0.0,0,0,0,0,0,0.00,0.00,0.00,0.00,0,False
Benjamin,Fredrick,Fredrick,Brentford,DEF,6,115,0,0,0,0,0,0,0,0,0,0,0,0,0,0.0,0.0,0.0,0.0,0,0,0,0,0,0.00,0.00,0.00,0.00,0,False
Aaron,Hickey,Hickey,Brentford,DEF,6,116,74,0,0,0,1,0,0,0,0,0,0,0,9,3.0,1.8,0.0,0.5,1,5,0,1,1,0.00,0.03,0.03,1.02,2,False
Kim,Ji-soo,Ji-soo,Brentford,DEF,6,117,0,0,0,0,0,0,0,0,0,0,0,0,0,0.0,0.0,0.0,0.0,0,0,0,0,0,0.00,0.00,0.00,0.00,0,False
Jayden,Meghoma,Meghoma,Brentford,DEF,6,118,0,0,0,0,0,0,0,0,0,0,0,0,0,0.0,0.0,0.0,0.0,0,0,0,0,0,0.00,0.00,0.00,0.00,0,False
Bryan,Mbeumo,Mbeumo,Man Utd,MID,6,119,90,0,0,0,3,0,0,0,0,0,0,0,10,10.8,40.3,10.0,6.1,0,0,2,2,1,0.00,0.07,0.07,2.02,2,False
Kevin,Schade,Schade,Brentford,MID,6,120,90,0,1,0,1,0,0,0,1,0,0,0,19,8.6,16.2,25.0,5.0,2,3,1,6,1,0.01,0.09,0.10,2.08,4,False
Mikkel,Damsgaard,Damsgaard,Brentford,MID,6,121,80,0,0,0,1,0,0,0,0,0,0,0,6,4.2,20.3,0.0,2.5,1,4,2,7,1,0.00,0.24,0.24,1.81,2,False
Antoni,Milambo,Milambo,Brentford,MID,6,122,0,0,0,0,0,0,0,0,0,0,0,0,0,0.0,0.0,0.0,0.0,0,0,0,0,0,0.00,0.00,0.00,0.00,0,False
Fábio,Freitas Gouveia Carvalho,Carvalho,Brentford,MID,6,123,0,0,0,0,0,0,0,0,0,0,0,0,0,0.0,0.0,0.0,0.0,0,0,0,0,0,0.00,0.00,0.00,0.00,0,False
Jordan,Henderson,Henderson,Brentford,MID,6,124,80,0,1,0,1,0,0,0,0,0,0,1,31,28.2,30.8,0.0,5.9,3,4,1,8,1,0.00,0.27,0.27,1.81,6,False
Vitaly,Janelt,Janelt,Brentford,MID,6,125,9,0,0,0,0,0,0,0,0,0,0,0,5,4.8,14.8,0.0,2.0,0,1,1,2,0,0.00,0.02,0.02,0.27,1,False
Mathias,Jensen,Jensen,Brentford,MID,6,126,1,1,0,0,0,0,0,0,0,0,0,0,22,33.6,0.4,9.0,4.3,0,0,0,0,0,0.09,0.00,0.09,0.12,6,False
Gustavo,Nunes Fernandes Gomes,Nunes,Brentford,MID,6,127,0,0,0,0,0,0,0,0,0,0,0,0,0,0.0,0.0,0.0,0.0,0,0,0,0,0,0.00,0.00,0.00,0.00,0,False
Frank,Onyeka,Onyeka,Brentford,MID,6,128,9,0,0,0,0,0,0,0,0,0,0,0,4,1.4,0.4,0.0,0.2,0,1,0,1,0,0.00,0.00,0.00,0.27,1,False
Yehor,Yarmoliuk,Yarmoliuk,Brentford,MID,6,129,90,0,1,0,1,0,0,0,0,0,0,0,26,30.4,13.4,2.0,4.6,4,7,1,12,1,0.09,0.02,0.11,2.08,7,False
Romelle,Donovan,Donovan,Brentford,MID,6,130,0,0,0,0,0,0,0,0,0,0,0,0,0,0.0,0.0,0.0,0.0,0,0,0,0,0,0.00,0.00,0.00,0.00,0,False
Yunus Emre,Konak,Konak,Brentford,MID,6,131,0,0,0,0,0,0,0,0,0,0,0,0,0,0.0,0.0,0.0,0.0,0,0,0,0,0,0.00,0.00,0.00,0.00,0,False
Paris,Maghoma,Maghoma,Brentford,MID,6,132,0,0,0,0,0,0,0,0,0,0,0,0,0,0.0,0.0,0.0,0.0,0,0,0,0,0,0.00,0.00,0.00,0.00,0,False
Myles,Peart-Harris,Peart-Harris,Brentford,MID,6,133,0,0,0,0,0,0,0,0,0,0,0,0,0,0.0,0.0,0.0,0.0,0,0,0,0,0,0.00,0.00,0.00,0.00,0,False
Ryan,Trevitt,Trevitt,Brentford,MID,6,134,0,0,0,0,0,0,0,0,0,0,0,0,0,0.0,0.0,0.0,0.0,0,0,0,0,0,0.00,0.00,0.00,0.00,0,False
Yoane,Wissa,Wissa,Newcastle,FWD,6,135,0,0,0,0,0,0,0,0,0,0,0,0,0,0.0,0.0,0.0,0.0,0,0,0,0,0,0.00,0.00,0.00,0.00,0,False
Igor Thiago,Nascimento Rodrigues,Thiago,Brentford,FWD,6,136,89,2,0,0,1,0,0,0,0,0,0,3,62,72.6,3.9,41.0,11.8,2,0,3,5,1,0.70,0.00,0.70,1.96,13,True
Iwan,Morgan,Morgan,Brentford,FWD,6,137,0,0,0,0,0,0,0,0,0,0,0,0,0,0.0,0.0,0.0,0.0,0,0,0,0,0,0.00,0.00,0.00,0.00,0,False
Jason,Steele,Steele,Brighton,GKP,6,138,0,0,0,0,0,0,0,0,0,0,0,0,0,0.0,0.0,0.0,0.0,0,0,0,0,0,0.00,0.00,0.00,0.00,0,False
Bart,Verbruggen,Verbruggen,Brighton,GKP,6,139,90,0,0,0,1,0,0,0,0,0,2,0,8,11.8,0.0,0.0,1.2,1,8,0,0,1,0.00,0.00,0.00,1.81,2,False
Tom,McGill,McGill,Brighton,GKP,6,140,0,0,0,0,0,0,0,0,0,0,0,0,0,0.0,0.0,0.0,0.0,0,0,0,0,0,0.00,0.00,0.00,0.00,0,False
Carl,Rushworth,Rushworth,Brighton,GKP,6,141,0,0,0,0,0,0,0,0,0,0,0,0,0,0.0,0.0,0.0,0.0,0,0,0,0,0,0.00,0.00,0.00,0.00,0,False
Kjell,Scherpen,Scherpen,Brighton,GKP,6,142,0,0,0,0,0,0,0,0,0,0,0,0,0,0.0,0.0,0.0,0.0,0,0,0,0,0,0.00,0.00,0.00,0.00,0,False
Olivier,Boscagli,Boscagli,Brighton,DEF,6,143,0,0,0,0,0,0,0,0,0,0,0,0,0,0.0,0.0,0.0,0.0,0,0,0,0,0,0.00,0.00,0.00,0.00,0,False
Diego,Coppola,Coppola,Brighton,DEF,6,144,0,0,0,0,0,0,0,0,0,0,0,0,0,0.0,0.0,0.0,0.0,0,0,0,0,0,0.00,0.00,0.00,0.00,0,False
Maxim,De Cuyper,De Cuyper,Brighton,DEF,6,145,5,1,0,0,0,0,0,0,0,0,0,1,20,33.2,0.5,33.0,6.7,0,0,0,0,0,0.64,0.00,0.64,0.41,8,False
Lewis,Dunk,Dunk,Brighton,DEF,6,146,90,0,0,0,1,0,0,0,1,0,0,0,8,10.6,1.6,4.0,1.6,7,2,1,8,1,0.06,0.01,0.07,1.81,1,False
Pervis,Estupiñán Tenorio,Estupiñan,Brighton,DEF,6,147,0,0,0,0,0,0,0,0,0,0,0,0,0,0.0,0.0,0.0,0.0,0,0,0,0,0,0.00,0.00,0.00,0.00,0,False
Ferdi,Kadıoğlu,F.Kadıoğlu,Brighton,DEF,6,148,90,0,0,0,1,0,0,0,0,0,0,0,9,27.4,20.3,2.0,5.0,5,4,2,7,1,0.00,0.13,0.13,1.81,2,False
Igor Julio,dos Santos de Paulo,Igor,West Ham,DEF,6,149,1,0,0,0,0,0,0,0,0,0,0,0,3,0.0,0.0,0.0,0.0,0,0,0,0,0,0.00,0.00,0.00,0.00,1,False
Tariq,Lamptey,Lamptey,Brighton,DEF,6,150,0,0,0,0,0,0,0,0,0,0,0,0,0,0.0,0.0,0.0,0.0,0,0,0,0,0,0.00,0.00,0.00,0.00,0,False
Jan Paul,van Hecke,Van Hecke,Brighton,DEF,6,151,90,0,0,0,1,0,0,0,1,0,0,0,12,34.6,1.8,4.0,4.0,11,4,4,15,1,0.03,0.03,0.06,1.81,3,False
Joël,Veltman,Veltman,Brighton,DEF,6,152,54,0,0,0,1,0,0,0,1,0,0,0,-1,10.6,0.1,0.0,1.1,5,1,1,6,1,0.00,0.00,0.00,1.33,0,False
Adam,Webster,Webster,Brighton,DEF,6,153,0,0,0,0,0,0,0,0,0,0,0,0,0,0.0,0.0,0.0,0.0,0,0,0,0,0,0.00,0.00,0.00,0.00,0,False
Eiran,Cashin,Cashin,Brighton,DEF,6,154,0,0,0,0,0,0,0,0,0,0,0,0,0,0.0,0.0,0.0,0.0,0,0,0,0,0,0.00,0.00,0.00,0.00,0,False
Jacob,Slater,Slater,Brighton,DEF,6,155,0,0,0,0,0,0,0,0,0,0,0,0,0,0.0,0.0,0.0,0.0,0,0,0,0,0,0.00,0.00,0.00,0.00,0,False
Charlie,Tasker,Tasker,Brighton,DEF,6,156,0,0,0,0,0,0,0,0,0,0,0,0,0,0.0,0.0,0.0,0.0,0,0,0,0,0,0.00,0.00,0.00,0.00,0,False
Mitoma,Kaoru,Mitoma,Brighton,MID,6,157,66,0,0,0,1,0,0,0,0,0,0,0,4,2.2,1.5,4.0,0.8,1,2,0,3,1,0.00,0.02,0.02,1.38,2,False
Georginio,Rutter,Georginio,Brighton,MID,6,158,84,0,0,0,1,0,0,0,0,0,0,0,5,10.4,15.3,2.0,2.8,2,4,1,7,1,0.00,0.35,0.35,1.40,2,False
Solly,March,March,Brighton,MID,6,159,0,0,0,0,0,0,0,0,0,0,0,0,0,0.0,0.0,0.0,0.0,0,0,0,0,0,0.00,0.00,0.00,0.00,0,False
Yankuba,Minteh,Minteh,Brighton,MID,6,160,90,0,1,0,1,0,0,0,0,0,0,0,18,23.4,19.3,28.0,7.1,3,1,2,6,1,0.36,0.24,0.60,1.81,5,False
Julio,Enciso Espínola,Enciso,Brighton,MID,6,161,0,0,0,0,0,0,0,0,0,0,0,0,0,0.0,0.0,0.0,0.0,0,0,0,0,0,0.00,0.00,0.00,0.00,0,False
Brajan,Gruda,Gruda,Brighton,MID,6,162,23,0,1,0,0,0,0,0,0,0,0,0,16,20.0,14.8,2.0,3.7,0,1,1,2,0,0.00,0.33,0.33,0.43,4,False
Jack,Hinshelwood,Hinshelwood,Brighton,MID,6,163,0,0,0,0,0,0,0,0,0,0,0,0,0,0.0,0.0,0.0,0.0,0,0,0,0,0,0.00,0.00,0.00,0.00,0,False
Matt,O'Riley,O'Riley,Brighton,MID,6,164,0,0,0,0,0,0,0,0,0,0,0,0,0,0.0,0.0,0.0,0.0,0,0,0,0,0,0.00,0.00,0.00,0.00,0,False
Abdallah,Sima,Sima,Brighton,MID,6,165,0,0,0,0,0,0,0,0,0,0,0,0,0,0.0,0.0,0.0,0.0,0,0,0,0,0,0.00,0.00,0.00,0.00,0,False
Yasin,Ayari,Ayari,Brighton,MID,6,166,90,0,0,0,1,0,0,0,0,0,0,0,14,13.0,21.3,3.0,3.7,3,5,2,10,1,0.05,0.16,0.21,1.81,2,False
Carlos,Baleba,Baleba,Brighton,MID,6,167,66,0,0,0,1,0,0,0,0,0,0,0,5,2.0,2.2,2.0,0.6,4,5,0,9,1,0.01,0.01,0.02,1.38,2,False
Facundo,Buonanotte,Buonanotte,Chelsea,MID,6,168,0,0,0,0,0,0,0,0,0,0,0,0,0,0.0,0.0,0.0,0.0,0,0,0,0,0,0.00,0.00,0.00,0.00,0,False
Diego,Gómez Amarilla,Gomez,Brighton,MID,6,169,84,0,0,0,1,0,0,0,0,0,0,0,10,2.8,1.8,3.0,0.8,0,3,3,6,1,0.10,0.01,0.11,1.40,2,False
James,Milner,Milner,Brighton,MID,6,170,0,0,0,0,0,0,0,0,0,0,0,0,0,0.0,0.0,0.0,0.0,0,0,0,0,0,0.00,0.00,0.00,0.00,0,False
Jeremy,Sarmiento Morante,Sarmiento,Brighton,MID,6,171,0,0,0,0,0,0,0,0,0,0,0,0,0,0.0,0.0,0.0,0.0,0,0,0,0,0,0.00,0.00,0.00,0.00,0,False
Tom,Watson,Watson,Brighton,MID,6,172,0,0,0,0,0,0,0,0,0,0,0,0,0,0.0,0.0,0.0,0.0,0,0,0,0,0,0.00,0.00,0.00,0.00,0,False
Mats,Wieffer,Wieffer,Brighton,MID,6,173,35,0,1,0,0,0,0,0,1,0,0,0,14,20.2,11.6,2.0,3.4,0,2,2,4,0,0.00,0.36,0.36,0.48,3,False
Malick,Yalcouyé,Yalcouye,Brighton,MID,6,174,0,0,0,0,0,0,0,0,0,0,0,0,0,0.0,0.0,0.0,0.0,0,0,0,0,0,0.00,0.00,0.00,0.00,0,False
Joe,Knight,Knight,Brighton,MID,6,175,0,0,0,0,0,0,0,0,0,0,0,0,0,0.0,0.0,0.0,0.0,0,0,0,0,0,0.00,0.00,0.00,0.00,0,False
Adrian,Mazilu,Mazilu,Brighton,MID,6,176,0,0,0,0,0,0,0,0,0,0,0,0,0,0.0,0.0,0.0,0.0,0,0,0,0,0,0.00,0.00,0.00,0.00,0,False
Andrew,Moran,Moran,Brighton,MID,6,177,0,0,0,0,0,0,0,0,0,0,0,0,0,0.0,0.0,0.0,0.0,0,0,0,0,0,0.00,0.00,0.00,0.00,0,False
Danny,Welbeck,Welbeck,Brighton,FWD,6,178,23,2,0,0,0,0,0,0,1,0,0,3,49,65.2,0.1,54.0,11.9,2,0,0,2,0,0.75,0.00,0.75,0.43,11,True
Evan,Ferguson,Ferguson,Brighton,FWD,6,179,0,0,0,0,0,0,0,0,0,0,0,0,0,0.0,0.0,0.0,0.0,0,0,0,0,0,0.00,0.00,0.00,0.00,0,False
Stefanos,Tzimas,Tzimas,Brighton,FWD,6,180,5,0,0,0,0,0,0,0,0,0,0,0,6,4.0,10.0,4.0,1.8,0,0,2,2,0,0.28,0.00,0.28,0.41,1,False
Charalampos,Kostoulas,Kostoulas,Brighton,FWD,6,181,0,0,0,0,0,0,0,0,0,0,0,0,0,0.0,0.0,0.0,0.0,0,0,0,0,0,0.00,0.00,0.00,0.00,0,False
James,Trafford,Trafford,Man City,GKP,6,182,0,0,0,0,0,0,0,0,0,0,0,0,0,0.0,0.0,0.0,0.0,0,0,0,0,0,0.00,0.00,0.00,0.00,0,False
Max,Weiß,Weiss,Burnley,GKP,6,183,0,0,0,0,0,0,0,0,0,0,0,0,0,0.0,0.0,0.0,0.0,0,0,0,0,0,0.00,0.00,0.00,0.00,0,False
Etienne,Green,Green,Burnley,GKP,6,184,0,0,0,0,0,0,0,0,0,0,0,0,0,0.0,0.0,0.0,0.0,0,0,0,0,0,0.00,0.00,0.00,0.00,0,False
Václav,Hladký,Hladký,Burnley,GKP,6,185,0,0,0,0,0,0,0,0,0,0,0,0,0,0.0,0.0,0.0,0.0,0,0,0,0,0,0.00,0.00,0.00,0.00,0,False
Connor,Roberts,Roberts,Burnley,DEF,6,186,0,0,0,0,0,0,0,0,0,0,0,0,0,0.0,0.0,0.0,0.0,0,0,0,0,0,0.00,0.00,0.00,0.00,0,False
Kyle,Walker,Walker,Burnley,DEF,6,187,90,0,0,0,5,0,0,0,1,0,0,0,-16,11.4,2.2,4.0,1.8,5,7,1,6,1,0.03,0.02,0.05,2.03,-1,False
Hannes,Delcroix,Delcroix,Burnley,DEF,6,188,0,0,0,0,0,0,0,0,0,0,0,0,0,0.0,0.0,0.0,0.0,0,0,0,0,0,0.00,0.00,0.00,0.00,0,False
Owen,Dodgson,Dodgson,Burnley,DEF,6,189,0,0,0,0,0,0,0,0,0,0,0,0,0,0.0,0.0,0.0,0.0,0,0,0,0,0,0.00,0.00,0.00,0.00,0,False
Hjalmar,Ekdal,Ekdal,Burnley,DEF,6,190,90,0,0,0,5,0,0,0,0,0,0,0,-9,18.6,10.6,4.0,3.3,6,1,3,9,1,0.00,0.15,0.15,2.03,0,False
Maxime,Estève,Estève,Burnley,DEF,6,191,90,0,0,0,5,2,0,0,0,0,0,0,-23,9.2,0.7,1.0,1.1,8,3,4,12,1,0.02,0.00,0.02,2.03,-2,False
Quilindschy,Hartman,Hartman,Burnley,DEF,6,192,87,0,1,0,3,0,0,0,1,0,0,0,6,28.6,11.4,7.0,4.7,4,1,2,6,1,0.02,0.12,0.14,1.41,3,False
Bashir,Humphreys,Humphreys,Burnley,DEF,6,193,2,0,0,0,2,0,0,0,0,0,0,0,-5,0.2,0.0,0.0,0.0,0,0,0,0,0,0.00,0.00,0.00,0.62,0,False
Jordan,Beyer,Jordan,Burnley,DEF,6,194,0,0,0,0,0,0,0,0,0,0,0,0,0,0.0,0.0,0.0,0.0,0,0,0,0,0,0.00,0.00,0.00,0.00,0,False
Lucas,Pires Silva,Lucas Pires,Burnley,DEF,6,195,0,0,0,0,0,0,0,0,0,0,0,0,0,0.0,0.0,0.0,0.0,0,0,0,0,0,0.00,0.00,0.00,0.00,0,False
Shurandy,Sambo,Sambo,Burnley,DEF,6,196,0,0,0,0,0,0,0,0,0,0,0,0,0,0.0,0.0,0.0,0.0,0,0,0,0,0,0.00,0.00,0.00,0.00,0,False
Oliver,Sonne,Sonne,Burnley,DEF,6,197,0,0,0,0,0,0,0,0,0,0,0,0,0,0.0,0.0,0.0,0.0,0,0,0,0,0,0.00,0.00,0.00,0.00,0,False
Axel,Tuanzebe,Tuanzebe,Burnley,DEF,6,198,0,0,0,0,0,0,0,0,0,0,0,0,0,0.0,0.0,0.0,0.0,0,0,0,0,0,0.00,0.00,0.00,0.00,0,False
Joe,Worrall,Worrall,Burnley,DEF,6,199,0,0,0,0,0,0,0,0,0,0,0,0,0,0.0,0.0,0.0,0.0,0,0,0,0,0,0.00,0.00,0.00,0.00,0,False
Jaidon,Anthony,Anthony,Burnley,MID,6,200,87,1,0,0,3,0,0,0,1,0,0,0,30,45.4,36.5,19.0,10.1,4,4,2,10,1,0.10,0.08,0.18,1.41,6,False
Manuel,Benson Hedilazio,Benson,Burnley,MID,6,201,0,0,0,0,0,0,0,0,0,0,0,0,0,0.0,0.0,0.0,0.0,0,0,0,0,0,0.00,0.00,0.00,0.00,0,False
Jacob,Bruun Larsen,Bruun Larsen,Burnley,MID,6,202,28,0,0,0,3,0,0,0,0,0,0,0,1,0.0,1.6,0.0,0.2,0,1,0,1,0,0.00,0.00,0.00,0.95,1,False
Enock,Agyei,Boateng,Burnley,MID,6,203,0,0,0,0,0,0,0,0,0,0,0,0,0,0.0,0.0,0.0,0.0,0,0,0,0,0,0.00,0.00,0.00,0.00,0,False
Darko,Churlinov,Churlinov,Burnley,MID,6,204,0,0,0,0,0,0,0,0,0,0,0,0,0,0.0,0.0,0.0,0.0,0,0,0,0,0,0.00,0.00,0.00,0.00,0,False
Josh,Cullen,Cullen,Burnley,MID,6,205,78,0,0,0,3,0,0,0,0,0,0,0,17,27.0,13.5,0.0,4.1,10,2,0,12,1,0.00,0.01,0.01,1.25,4,False
Marcus,Edwards,Edwards,Burnley,MID,6,206,0,0,0,0,0,0,0,0,0,0,0,0,0,0.0,0.0,0.0,0.0,0,0,0,0,0,0.00,0.00,0.00,0.00,0,False
Hannibal,Mejbri,Hannibal,Burnley,MID,6,207,2,0,0,0,2,0,0,0,0,0,0,0,4,1.0,0.0,0.0,0.1,0,0,0,0,0,0.00,0.00,0.00,0.62,1,False
Luca,Koleosho,Koleosho,Burnley,MID,6,208,0,0,0,0,0,0,0,0,0,0,0,0,0,0.0,0.0,0.0,0.0,0,0,0,0,0,0.00,0.00,0.00,0.00,0,False
Josh,Laurent,Laurent,Burnley,MID,6,209,90,0,0,0,5,0,0,0,0,0,0,0,9,4.0,0.7,5.0,1.0,2,4,0,6,1,0.04,0.00,0.04,2.03,2,False
Loum,Tchaouna,Tchaouna,Burnley,MID,6,210,61,0,0,0,2,0,0,0,0,0,0,0,6,5.4,1.2,5.0,1.2,1,1,2,4,1,0.03,0.00,0.03,1.08,2,False
Aaron,Ramsey,A.Ramsey,Burnley,MID,6,211,0,0,0,0,0,0,0,0,0,0,0,0,0,0.0,0.0,0.0,0.0,0,0,0,0,0,0.00,0.00,0.00,0.00,0,False
Oluwaseun,Adewumi,Adewumi,Burnley,MID,6,212,0,0,0,0,0,0,0,0,0,0,0,0,0,0.0,0.0,0.0,0.0,0,0,0,0,0,0.00,0.00,0.00,0.00,0,False
Jaydon,Banel,Banel,Burnley,MID,6,213,0,0,0,0,0,0,0,0,0,0,0,0,0,0.0,0.0,0.0,0.0,0,0,0,0,0,0.00,0.00,0.00,0.00,0,False
Mike,Trésor Ndayishimiye,Trésor,Burnley,MID,6,214,0,0,0,0,0,0,0,0,0,0,0,0,0,0.0,0.0,0.0,0.0,0,0,0,0,0,0.00,0.00,0.00,0.00,0,False
Zian,Flemming,Flemming,Burnley,FWD,6,215,0,0,0,0,0,0,0,0,0,0,0,0,0,0.0,0.0,0.0,0.0,0,0,0,0,0,0.00,0.00,0.00,0.00,0,False
Zeki,Amdouni,Amdouni,Burnley,FWD,6,216,0,0,0,0,0,0,0,0,0,0,0,0,0,0.0,0.0,0.0,0.0,0,0,0,0,0,0.00,0.00,0.00,0.00,0,False
Lyle,Foster,Foster,Burnley,FWD,6,217,79,0,0,0,3,0,0,0,0,0,0,0,6,1.6,11.6,13.0,2.6,2,1,0,3,1,0.18,0.03,0.21,1.25,2,False
Ashley,Barnes,Barnes,Burnley,FWD,6,218,0,0,0,0,0,0,0,0,0,0,0,0,0,0.0,0.0,0.0,0.0,0,0,0,0,0,0.00,0.00,0.00,0.00,0,False
Michael,Obafemi,Obafemi,Burnley,FWD,6,219,0,0,0,0,0,0,0,0,0,0,0,0,0,0.0,0.0,0.0,0.0,0,0,0,0,0,0.00,0.00,0.00,0.00,0,False
Robert,Lynch Sánchez,Sánchez,Chelsea,GKP,6,220,90,0,0,0,3,0,0,0,0,0,0,0,2,10.0,20.0,0.0,3.0,0,12,0,0,1,0.00,0.00,0.00,2.28,1,False
Filip,Jörgensen,Jörgensen,Chelsea,GKP,6,221,0,0,0,0,0,0,0,0,0,0,0,0,0,0.0,0.0,0.0,0.0,0,0,0,0,0,0.00,0.00,0.00,0.00,0,False
Mike,Penders,Penders,Chelsea,GKP,6,222,0,0,0,0,0,0,0,0,0,0,0,0,0,0.0,0.0,0.0,0.0,0,0,0,0,0,0.00,0.00,0.00,0.00,0,False
Gabriel,Słonina,Slonina,Chelsea,GKP,6,223,0,0,0,0,0,0,0,0,0,0,0,0,0,0.0,0.0,0.0,0.0,0,0,0,0,0,0.00,0.00,0.00,0.00,0,False
Marc,Cucurella Saseta,Cucurella,Chelsea,DEF,6,224,90,0,0,0,3,0,0,0,1,0,0,0,1,9.0,16.9,3.0,2.9,1,2,3,4,1,0.02,0.01,0.03,2.28,0,False
Reece,James,James,Chelsea,DEF,6,225,90,0,1,0,3,0,0,0,1,0,0,0,11,13.8,18.0,13.0,4.5,4,1,1,5,1,0.05,0.30,0.35,2.28,3,False
Trevoh,Chalobah,Chalobah,Chelsea,DEF,6,226,52,0,0,0,3,0,0,0,0,1,0,0,-13,0.0,1.3,0.0,0.0,1,2,0,1,1,0.00,0.00,0.00,0.13,-3,False
Levi,Samuels Colwill,Colwill,Chelsea,DEF,6,227,0,0,0,0,0,0,0,0,0,0,0,0,0,0.0,0.0,0.0,0.0,0,0,0,0,0,0.00,0.00,0.00,0.00,0,False
Malo,Gusto,Gusto,Chelsea,DEF,6,228,27,0,0,0,3,0,0,0,0,0,0,0,-5,4.2,1.8,2.0,0.8,0,1,2,2,0,0.00,0.01,0.01,2.06,0,False
Benoît,Badiashile Mukinayi,B.Badiashile,Chelsea,DEF,6,229,11,0,0,0,2,0,0,0,1,0,0,0,-8,1.4,0.3,0.0,0.2,1,2,0,1,0,0.00,0.00,0.00,1.24,-1,False
Wesley,Fofana,Fofana,Chelsea,DEF,6,230,0,0,0,0,0,0,0,0,0,0,0,0,0,0.0,0.0,0.0,0.0,0,0,0,0,0,0.00,0.00,0.00,0.00,0,False
Mamadou,Sarr,M.Sarr,Chelsea,DEF,6,231,0,0,0,0,0,0,0,0,0,0,0,0,0,0.0,0.0,0.0,0.0,0,0,0,0,0,0.00,0.00,0.00,0.00,0,False
Tosin,Adarabioyo,Tosin,Chelsea,DEF,6,232,0,0,0,0,0,0,0,0,0,0,0,0,0,0.0,0.0,0.0,0.0,0,0,0,0,0,0.00,0.00,0.00,0.00,0,False
Josh,Acheampong,Acheampong,Chelsea,DEF,6,233,36,0,0,0,3,0,0,0,0,0,0,0,-12,0.0,0.1,0.0,0.0,3,1,0,3,0,0.00,0.00,0.00,2.16,0,False
Aarón,Anselmino,Anselmino,Chelsea,DEF,6,234,0,0,0,0,0,0,0,0,0,0,0,0,0,0.0,0.0,0.0,0.0,0,0,0,0,0,0.00,0.00,0.00,0.00,0,False
Cole,Palmer,Palmer,Chelsea,MID,6,235,0,0,0,0,0,0,0,0,0,0,0,0,0,0.0,0.0,0.0,0.0,0,0,0,0,0,0.00,0.00,0.00,0.00,0,False
Pedro,Lomba Neto,Neto,Chelsea,MID,6,236,78,0,0,0,1,0,0,0,0,0,0,0,5,4.6,17.3,11.0,3.3,1,0,1,2,1,0.05,0.03,0.08,1.05,2,False
Enzo,Fernández,Enzo,Chelsea,MID,6,237,90,1,0,0,3,0,0,0,0,0,0,2,32,43.4,20.2,52.0,11.6,0,3,3,6,1,1.48,0.02,1.50,2.28,9,False
Estêvão,Almeida de Oliveira Gonçalves,Estêvão,Chelsea,MID,6,238,63,0,0,1,0,0,0,0,0,0,0,0,9,9.2,3.3,19.0,3.2,1,1,3,5,1,0.19,0.01,0.20,0.22,3,False
Jamie,Bynoe-Gittens,Gittens,Chelsea,MID,6,239,0,0,0,0,0,0,0,0,0,0,0,0,0,0.0,0.0,0.0,0.0,0,0,0,0,0,0.00,0.00,0.00,0.00,0,False
Christopher,Nkunku,Nkunku,Chelsea,MID,6,240,0,0,0,0,0,0,0,0,0,0,0,0,0,0.0,0.0,0.0,0.0,0,0,0,0,0,0.00,0.00,0.00,0.00,0,False
Moisés,Caicedo Corozo,Caicedo,Chelsea,MID,6,241,90,0,0,0,3,0,0,0,0,0,0,0,18,17.4,4.4,2.0,2.4,4,4,3,11,1,0.03,0.02,0.05,2.28,2,False
Kiernan,Dewsbury-Hall,Dewsbury-Hall,Everton,MID,6,242,90,0,0,0,1,0,0,0,1,0,0,0,11,4.4,17.0,17.0,3.8,4,6,0,10,1,0.13,0.05,0.18,1.17,1,False
Tyrique,George,George,Chelsea,MID,6,243,0,0,0,0,0,0,0,0,0,0,0,0,0,0.0,0.0,0.0,0.0,0,0,0,0,0,0.00,0.00,0.00,0.00,0,False
Roméo,Lavia,Lavia,Chelsea,MID,6,244,11,0,0,0,2,0,0,0,0,0,0,0,4,2.8,0.3,0.0,0.3,2,1,0,3,0,0.00,0.01,0.01,1.24,1,False
Mykhailo,Mudryk,Mudryk,Chelsea,MID,6,245,0,0,0,0,0,0,0,0,0,0,0,0,0,0.0,0.0,0.0,0.0,0,0,0,0,0,0.00,0.00,0.00,0.00,0,False
Andrey,Nascimento dos Santos,Andrey Santos,Chelsea,MID,6,246,53,0,0,0,0,0,0,0,0,0,0,0,6,6.6,11.0,0.0,1.8,0,0,2,2,1,0.00,0.01,0.01,0.13,1,False
Dário,Luís Essugo,D.Essugo,Chelsea,MID,6,247,0,0,0,0,0,0,0,0,0,0,0,0,0,0.0,0.0,0.0,0.0,0,0,0,0,0,0.00,0.00,0.00,0.00,0,False
Kendry,Páez Andrade,Paez,Chelsea,MID,6,248,0,0,0,0,0,0,0,0,0,0,0,0,0,0.0,0.0,0.0,0.0,0,0,0,0,0,0.00,0.00,0.00,0.00,0,False
João Pedro,Junqueira de Jesus,João Pedro,Chelsea,FWD,6,249,90,0,0,0,3,0,0,0,0,0,0,0,6,8.6,30.5,0.0,3.9,1,3,2,6,1,0.00,0.03,0.03,2.28,2,False
Liam,Delap,Delap,Chelsea,FWD,6,250,0,0,0,0,0,0,0,0,0,0,0,0,0,0.0,0.0,0.0,0.0,0,0,0,0,0,0.00,0.00,0.00,0.00,0,False
Nicolas,Jackson,N.Jackson,Chelsea,FWD,6,251,0,0,0,0,0,0,0,0,0,0,0,0,0,0.0,0.0,0.0,0.0,0,0,0,0,0,0.00,0.00,0.00,0.00,0,False
Marc,Guiu Paz,Marc Guiu,Chelsea,FWD,6,252,0,0,0,0,0,0,0,0,0,0,0,0,0,0.0,0.0,0.0,0.0,0,0,0,0,0,0.00,0.00,0.00,0.00,0,False
Dean,Henderson,Henderson,Crystal Palace,GKP,6,253,90,0,0,0,1,0,0,0,0,0,3,0,14,21.4,0.0,0.0,2.1,0,9,0,0,1,0.00,0.00,0.00,2.14,3,False
Walter,Benítez,Benitez,Crystal Palace,GKP,6,254,0,0,0,0,0,0,0,0,0,0,0,0,0,0.0,0.0,0.0,0.0,0,0,0,0,0,0.00,0.00,0.00,0.00,0,False
Remi,Matthews,Matthews,Crystal Palace,GKP,6,255,0,0,0,0,0,0,0,0,0,0,0,0,0,0.0,0.0,0.0,0.0,0,0,0,0,0,0.00,0.00,0.00,0.00,0,False
Daniel,Muñoz Mejía,Muñoz,Crystal Palace,DEF,6,256,90,0,0,0,1,0,0,0,0,0,0,0,12,19.4,11.1,46.0,7.7,7,2,2,9,1,0.37,0.01,0.38,2.14,2,False
Maxence,Lacroix,Lacroix,Crystal Palace,DEF,6,257,90,0,0,0,1,0,0,0,0,0,0,0,15,27.6,0.1,0.0,2.8,8,2,5,13,1,0.00,0.01,0.01,2.14,4,False
Tyrick,Mitchell,Mitchell,Crystal Palace,DEF,6,258,90,0,0,0,1,0,0,0,0,0,0,0,11,24.8,15.3,8.0,4.8,8,3,5,13,1,0.00,0.12,0.12,2.14,4,False
Borna,Sosa,Sosa,Crystal Palace,DEF,6,259,0,0,0,0,0,0,0,0,0,0,0,0,0,0.0,0.0,0.0,0.0,0,0,0,0,0,0.00,0.00,0.00,0.00,0,False
Marc,Guéhi,Guéhi,Crystal Palace,DEF,6,260,90,0,1,0,1,0,0,0,0,0,0,0,21,35.4,11.1,4.0,5.1,8,2,3,11,1,0.00,0.05,0.05,2.14,7,False
Chris,Richards,Richards,Crystal Palace,DEF,6,261,90,0,0,0,1,0,0,0,0,0,0,0,7,19.8,0.2,0.0,2.0,10,0,3,13,1,0.00,0.00,0.00,2.14,4,False
Chadi,Riad Dnanou,Chadi Riad,Crystal Palace,DEF,6,262,0,0,0,0,0,0,0,0,0,0,0,0,0,0.0,0.0,0.0,0.0,0,0,0,0,0,0.00,0.00,0.00,0.00,0,False
Nathaniel,Clyne,Clyne,Crystal Palace,DEF,6,263,0,0,0,0,0,0,0,0,0,0,0,0,0,0.0,0.0,0.0,0.0,0,0,0,0,0,0.00,0.00,0.00,0.00,0,False
Rob,Holding,Holding,Crystal Palace,DEF,6,264,0,0,0,0,0,0,0,0,0,0,0,0,0,0.0,0.0,0.0,0.0,0,0,0,0,0,0.00,0.00,0.00,0.00,0,False
Caleb,Kporha,Kporha,Crystal Palace,DEF,6,265,0,0,0,0,0,0,0,0,0,0,0,0,0,0.0,0.0,0.0,0.0,0,0,0,0,0,0.00,0.00,0.00,0.00,0,False
Eberechi,Eze,Eze,Arsenal,MID,6,266,90,0,0,0,1,0,0,0,0,0,0,0,11,10.6,17.1,47.0,7.5,1,5,0,6,1,0.42,0.09,0.51,0.61,2,False
Ismaïla,Sarr,Sarr,Crystal Palace,MID,6,267,74,1,0,1,0,0,0,0,0,0,0,3,29,33.0,12.8,53.0,9.9,0,3,0,3,1,0.75,0.15,0.90,1.50,11,True
Cheick,Doucouré,Doucouré,Crystal Palace,MID,6,268,0,0,0,0,0,0,0,0,0,0,0,0,0,0.0,0.0,0.0,0.0,0,0,0,0,0,0.00,0.00,0.00,0.00,0,False
Romain,Esse,Esse,Crystal Palace,MID,6,269,0,0,0,0,0,0,0,0,0,0,0,0,0,0.0,0.0,0.0,0.0,0,0,0,0,0,0.00,0.00,0.00,0.00,0,False
Will,Hughes,Hughes,Crystal Palace,MID,6,270,28,0,0,0,1,0,0,0,0,0,0,0,2,1.6,0.8,4.0,0.6,0,0,0,0,0,0.00,0.06,0.06,1.10,1,False
Daichi,Kamada,Kamada,Crystal Palace,MID,6,271,90,0,1,0,1,0,0,0,0,0,0,0,17,2.0,12.2,2.0,1.6,0,5,3,8,1,0.00,0.04,0.04,2.14,5,False
Jefferson,Lerma Solís,Lerma,Crystal Palace,MID,6,272,16,0,0,0,1,0,0,0,0,0,0,0,5,2.2,0.6,3.0,0.6,1,2,1,4,0,0.05,0.01,0.06,0.64,1,False
Adam,Wharton,Wharton,Crystal Palace,MID,6,273,61,0,0,1,0,0,0,0,0,0,0,0,21,13.0,48.3,5.0,6.6,1,4,1,6,1,0.04,0.44,0.48,1.03,3,False
Asher,Agbinone,Agbinone,Crystal Palace,MID,6,274,0,0,0,0,0,0,0,0,0,0,0,0,0,0.0,0.0,0.0,0.0,0,0,0,0,0,0.00,0.00,0.00,0.00,0,False
Naouirou,Ahamada,Ahamada,Crystal Palace,MID,6,275,0,0,0,0,0,0,0,0,0,0,0,0,0,0.0,0.0,0.0,0.0,0,0,0,0,0,0.00,0.00,0.00,0.00,0,False
Justin,Devenny,Devenny,Crystal Palace,MID,6,276,1,0,0,0,0,0,0,0,0,0,0,0,4,1.2,0.1,0.0,0.1,0,1,1,2,0,0.00,0.00,0.00,0.00,1,False
Malcolm,Ebiowei,Ebiowei,Crystal Palace,MID,6,277,0,0,0,0,0,0,0,0,0,0,0,0,0,0.0,0.0,0.0,0.0,0,0,0,0,0,0.00,0.00,0.00,0.00,0,False
Jesurun,Rak-Sakyi,J.Rak-Sakyi,Crystal Palace,MID,6,278,0,0,0,0,0,0,0,0,0,0,0,0,0,0.0,0.0,0.0,0.0,0,0,0,0,0,0.00,0.00,0.00,0.00,0,False
Matheus,França de Oliveira,M.França,Crystal Palace,MID,6,279,0,0,0,0,0,0,0,0,0,0,0,0,0,0.0,0.0,0.0,0.0,0,0,0,0,0,0.00,0.00,0.00,0.00,0,False
David,Ozoh,Ozoh,Crystal Palace,MID,6,280,0,0,0,0,0,0,0,0,0,0,0,0,0,0.0,0.0,0.0,0.0,0,0,0,0,0,0.00,0.00,0.00,0.00,0,False
Kaden,Rodney,Rodney,Crystal Palace,MID,6,281,0,0,0,0,0,0,0,0,0,0,0,0,0,0.0,0.0,0.0,0.0,0,0,0,0,0,0.00,0.00,0.00,0.00,0,False
Franco,Umeh-Chibueze,Umeh,Crystal Palace,MID,6,282,0,0,0,0,0,0,0,0,0,0,0,0,0,0.0,0.0,0.0,0.0,0,0,0,0,0,0.00,0.00,0.00,0.00,0,False
Jean-Philippe,Mateta,Mateta,Crystal Palace,FWD,6,283,90,0,0,0,1,0,0,0,0,0,0,0,2,7.6,15.8,39.0,6.2,1,2,0,3,1,0.92,0.10,1.02,2.14,2,False
Eddie,Nketiah,Nketiah,Crystal Palace,FWD,6,284,15,1,0,0,1,0,0,0,1,0,0,0,25,31.0,10.1,23.0,6.4,0,0,0,0,0,0.57,0.00,0.57,0.64,4,False
Odsonne,Édouard,Édouard,Crystal Palace,FWD,6,285,0,0,0,0,0,0,0,0,0,0,0,0,0,0.0,0.0,0.0,0.0,0,0,0,0,0,0.00,0.00,0.00,0.00,0,False
Zach,Marsh,Marsh,Crystal Palace,FWD,6,286,0,0,0,0,0,0,0,0,0,0,0,0,0,0.0,0.0,0.0,0.0,0,0,0,0,0,0.00,0.00,0.00,0.00,0,False
Jordan,Pickford,Pickford,Everton,GKP,6,287,90,0,0,0,1,0,0,0,0,0,2,0,12,23.2,0.0,0.0,2.3,1,8,1,0,1,0.00,0.00,0.00,1.17,2,False
Mark,Travers,Travers,Everton,GKP,6,288,0,0,0,0,0,0,0,0,0,0,0,0,0,0.0,0.0,0.0,0.0,0,0,0,0,0,0.00,0.00,0.00,0.00,0,False
Harry,Tyrer,Tyrer,Everton,GKP,6,289,0,0,0,0,0,0,0,0,0,0,0,0,0,0.0,0.0,0.0,0.0,0,0,0,0,0,0.00,0.00,0.00,0.00,0,False
Jarrad,Branthwaite,Branthwaite,Everton,DEF,6,290,0,0,0,0,0,0,0,0,0,0,0,0,0,0.0,0.0,0.0,0.0,0,0,0,0,0,0.00,0.00,0.00,0.00,0,False
James,Tarkowski,Tarkowski,Everton,DEF,6,291,90,0,0,0,1,0,0,0,1,0,0,0,10,21.6,15.7,0.0,3.7,7,3,0,7,1,0.00,0.11,0.11,1.17,1,False
Vitalii,Mykolenko,Mykolenko,Everton,DEF,6,292,90,0,0,0,1,0,0,0,1,0,0,0,9,20.6,3.5,2.0,2.6,8,3,0,8,1,0.00,0.03,0.03,1.17,1,False
Jake,O'Brien,O'Brien,Everton,DEF,6,293,90,0,0,0,1,0,0,0,0,0,0,0,11,12.6,5.3,5.0,2.3,7,4,2,9,1,0.04,0.02,0.06,1.17,2,False
Séamus,Coleman,Coleman,Everton,DEF,6,294,0,0,0,0,0,0,0,0,0,0,0,0,0,0.0,0.0,0.0,0.0,0,0,0,0,0,0.00,0.00,0.00,0.00,0,False
Michael,Keane,Keane,Everton,DEF,6,295,90,1,0,0,1,0,0,0,0,0,0,1,25,63.4,0.9,19.0,8.3,12,1,1,13,1,0.05,0.01,0.06,1.17,11,False
Nathan,Patterson,Patterson,Everton,DEF,6,296,0,0,0,0,0,0,0,0,0,0,0,0,0,0.0,0.0,0.0,0.0,0,0,0,0,0,0.00,0.00,0.00,0.00,0,False
Roman,Dixon,Dixon,Everton,DEF,6,297,0,0,0,0,0,0,0,0,0,0,0,0,0,0.0,0.0,0.0,0.0,0,0,0,0,0,0.00,0.00,0.00,0.00,0,False
Reece,Welch,Welch,Everton,DEF,6,298,0,0,0,0,0,0,0,0,0,0,0,0,0,0.0,0.0,0.0,0.0,0,0,0,0,0,0.00,0.00,0.00,0.00,0,False
Iliman,Ndiaye,Ndiaye,Everton,MID,6,299,80,0,0,0,1,0,0,0,0,0,0,0,16,12.2,27.9,21.0,6.1,0,5,1,6,1,0.06,0.13,0.19,1.02,2,False
Dwight,McNeil,McNeil,Everton,MID,6,300,0,0,0,0,0,0,0,0,0,0,0,0,0,0.0,0.0,0.0,0.0,0,0,0,0,0,0.00,0.00,0.00,0.00,0,False
Carlos,Alcaraz Durán,Alcaraz,Everton,MID,6,301,0,0,0,0,0,0,0,0,0,0,0,0,0,0.0,0.0,0.0,0.0,0,0,0,0,0,0.00,0.00,0.00,0.00,0,False
Idrissa Gana,Gueye,Gana,Everton,MID,6,302,90,0,0,0,1,0,0,0,0,0,0,0,12,12.2,9.6,1.0,2.3,2,4,1,7,1,0.04,0.06,0.10,1.17,2,False
James,Garner,Garner,Everton,MID,6,303,90,0,1,0,1,0,0,0,0,0,0,2,30,34.4,22.1,49.0,10.6,3,4,2,9,1,0.24,0.10,0.34,1.17,7,False
Tim,Iroegbunam,Iroegbunam,Everton,MID,6,304,0,0,0,0,0,0,0,0,0,0,0,0,0,0.0,0.0,0.0,0.0,0,0,0,0,0,0.00,0.00,0.00,0.00,0,False
Harrison,Armstrong,Armstrong,Everton,MID,6,305,0,0,0,0,0,0,0,0,0,0,0,0,0,0.0,0.0,0.0,0.0,0,0,0,0,0,0.00,0.00,0.00,0.00,0,False
Callum,Bates,Bates,Everton,MID,6,306,0,0,0,0,0,0,0,0,0,0,0,0,0,0.0,0.0,0.0,0.0,0,0,0,0,0,0.00,0.00,0.00,0.00,0,False
Coby,Ebere,Ebere,Everton,MID,6,307,0,0,0,0,0,0,0,0,0,0,0,0,0,0.0,0.0,0.0,0.0,0,0,0,0,0,0.00,0.00,0.00,0.00,0,False
Isaac,Heath,Heath,Everton,MID,6,308,0,0,0,0,0,0,0,0,0,0,0,0,0,0.0,0.0,0.0,0.0,0,0,0,0,0,0.00,0.00,0.00,0.00,0,False
Jenson,Metcalfe,Metcalfe,Everton,MID,6,309,0,0,0,0,0,0,0,0,0,0,0,0,0,0.0,0.0,0.0,0.0,0,0,0,0,0,0.00,0.00,0.00,0.00,0,False
Thierno,Barry,Barry,Everton,FWD,6,310,21,0,0,0,0,0,0,0,0,0,0,0,3,2.0,1.3,0.0,0.3,1,0,0,1,0,0.00,0.00,0.00,0.29,1,False
Norberto Bercique,Gomes Betuncal,Beto,Everton,FWD,6,311,68,0,0,0,1,0,0,0,0,0,0,0,4,5.0,1.6,21.0,2.8,1,1,1,3,1,0.18,0.00,0.18,0.88,2,False
Youssef,Ramalho Chermiti,Y.Chermiti,Everton,FWD,6,312,0,0,0,0,0,0,0,0,0,0,0,0,0,0.0,0.0,0.0,0.0,0,0,0,0,0,0.00,0.00,0.00,0.00,0,False
Martin,Sherif,Sherif,Everton,FWD,6,313,0,0,0,0,0,0,0,0,0,0,0,0,0,0.0,0.0,0.0,0.0,0,0,0,0,0,0.00,0.00,0.00,0.00,0,False
Bernd,Leno,Leno,Fulham,GKP,6,314,90,0,0,0,3,0,0,0,0,0,1,0,0,9.2,0.0,0.0,0.9,1,12,0,0,1,0.00,0.00,0.00,1.11,1,False
Steven,Benda,Benda,Fulham,GKP,6,315,0,0,0,0,0,0,0,0,0,0,0,0,0,0.0,0.0,0.0,0.0,0,0,0,0,0,0.00,0.00,0.00,0.00,0,False
Antonee,Robinson,Robinson,Fulham,DEF,6,316,10,0,0,0,0,0,0,0,0,0,0,0,3,1.8,1.3,0.0,0.3,0,0,0,0,0,0.00,0.02,0.02,0.00,1,False
Joachim,Andersen,Andersen,Fulham,DEF,6,317,90,0,0,0,3,0,0,0,0,0,0,0,8,18.8,0.8,2.0,2.2,8,3,2,10,1,0.00,0.01,0.01,1.11,3,False
Calvin,Bassey,Bassey,Fulham,DEF,6,318,90,0,0,0,3,0,0,0,1,0,0,0,0,16.6,11.8,0.0,2.8,4,7,2,6,1,0.00,0.01,0.01,1.11,0,False
Timothy,Castagne,Castagne,Fulham,DEF,6,319,90,0,0,0,3,0,0,0,0,0,0,0,11,23.2,20.2,4.0,4.7,8,6,2,10,1,0.00,0.03,0.03,1.11,3,False
Issa,Diop,Diop,Fulham,DEF,6,320,0,0,0,0,0,0,0,0,0,0,0,0,0,0.0,0.0,0.0,0.0,0,0,0,0,0,0.00,0.00,0.00,0.00,0,False
Jorge,Cuenca Barreno,J.Cuenca,Fulham,DEF,6,321,0,0,0,0,0,0,0,0,0,0,0,0,0,0.0,0.0,0.0,0.0,0,0,0,0,0,0.00,0.00,0.00,0.00,0,False
Kenny,Tete,Tete,Fulham,DEF,6,322,0,0,0,0,0,0,0,0,0,0,0,0,0,0.0,0.0,0.0,0.0,0,0,0,0,0,0.00,0.00,0.00,0.00,0,False
Samuel,Amissah,Amissah,Fulham,DEF,6,323,0,0,0,0,0,0,0,0,0,0,0,0,0,0.0,0.0,0.0,0.0,0,0,0,0,0,0.00,0.00,0.00,0.00,0,False
Alex,Iwobi,Iwobi,Fulham,MID,6,324,64,0,0,0,3,0,0,0,0,0,0,0,7,2.6,7.8,0.0,1.0,0,3,0,3,1,0.00,0.18,0.18,1.11,2,False
Emile,Smith Rowe,Smith Rowe,Fulham,MID,6,325,25,0,0,0,0,0,0,0,0,0,0,0,3,1.4,3.0,0.0,0.4,0,1,0,1,0,0.00,0.01,0.01,0.00,1,False
Adama,Traoré Diarra,Adama,Fulham,MID,6,326,79,0,0,0,3,0,0,0,0,0,0,0,8,7.6,33.3,4.0,4.5,0,3,0,3,0,0.00,0.41,0.41,1.11,2,False
Andreas,Hoelgebaum Pereira,Andreas,Fulham,MID,6,327,0,0,0,0,0,0,0,0,0,0,0,0,0,0.0,0.0,0.0,0.0,0,0,0,0,0,0.00,0.00,0.00,0.00,0,False
Ryan,Sessegnon,Sessegnon,Fulham,MID,6,328,79,0,0,0,3,0,0,0,0,0,0,0,12,20.4,1.0,6.0,2.7,6,1,4,11,1,0.00,0.00,0.00,1.11,2,False
Harry,Wilson,Wilson,Fulham,MID,6,329,79,0,0,0,3,0,0,0,1,0,0,0,6,1.6,3.2,8.0,1.3,1,4,1,6,1,0.21,0.01,0.22,1.11,1,False
Sander,Berge,Berge,Fulham,MID,6,330,90,0,0,0,3,0,0,0,0,0,0,0,13,7.4,2.5,0.0,1.0,2,3,1,6,1,0.00,0.01,0.01,1.11,2,False
Tom,Cairney,Cairney,Fulham,MID,6,331,0,0,0,0,0,0,0,0,0,0,0,0,0,0.0,0.0,0.0,0.0,0,0,0,0,0,0.00,0.00,0.00,0.00,0,False
Saša,Lukić,Lukić,Fulham,MID,6,332,90,0,1,0,3,0,0,0,1,0,0,0,20,22.4,31.5,14.0,6.8,2,5,1,8,1,0.23,0.12,0.35,1.11,4,False
Martial,Godo,Godo,Fulham,MID,6,333,0,0,0,0,0,0,0,0,0,0,0,0,0,0.0,0.0,0.0,0.0,0,0,0,0,0,0.00,0.00,0.00,0.00,0,False
Luke,Harris,Harris,Fulham,MID,6,334,0,0,0,0,0,0,0,0,0,0,0,0,0,0.0,0.0,0.0,0.0,0,0,0,0,0,0.00,0.00,0.00,0.00,0,False
Josh,King,King,Fulham,MID,6,335,64,0,0,0,3,0,0,0,1,0,0,0,11,16.8,11.1,47.0,7.5,2,2,1,5,1,0.25,0.01,0.26,1.11,1,False
Harrison,Reed,Reed,Fulham,MID,6,336,0,0,0,0,0,0,0,0,0,0,0,0,0,0.0,0.0,0.0,0.0,0,0,0,0,0,0.00,0.00,0.00,0.00,0,False
Raúl,Jiménez Rodríguez,Raúl,Fulham,FWD,6,337,10,1,0,0,0,0,0,0,0,0,0,1,29,32.0,0.0,33.0,6.5,0,0,0,0,1,0.06,0.00,0.06,0.00,6,False
Rodrigo,Muniz Carvalho,Muniz,Fulham,FWD,6,338,0,0,0,0,0,0,0,0,0,0,0,0,0,0.0,0.0,0.0,0.0,0,0,0,0,0,0.00,0.00,0.00,0.00,0,False
Illan,Meslier,Meslier,Leeds,GKP,6,339,0,0,0,0,0,0,0,0,0,0,0,0,0,0.0,0.0,0.0,0.0,0,0,0,0,0,0.00,0.00,0.00,0.00,0,False
Alex,Cairns,Cairns,Leeds,GKP,6,340,0,0,0,0,0,0,0,0,0,0,0,0,0,0.0,0.0,0.0,0.0,0,0,0,0,0,0.00,0.00,0.00,0.00,0,False
Karl,Darlow,Darlow,Leeds,GKP,6,341,90,0,0,0,2,0,0,0,0,0,3,0,12,29.4,0.0,0.0,2.9,1,12,0,0,1,0.00,0.00,0.00,0.82,2,False
Jayden,Bogle,Bogle,Leeds,DEF,6,342,90,0,0,0,2,0,0,0,0,0,0,0,10,22.8,14.9,8.0,4.6,5,3,5,10,1,0.00,0.03,0.03,0.82,3,False
Pascal,Struijk,Struijk,Leeds,DEF,6,343,90,0,0,0,2,0,0,0,0,0,0,0,9,23.4,10.6,6.0,4.0,12,4,0,12,1,0.11,0.02,0.13,0.82,3,False
Jaka,Bijol,Bijol,Leeds,DEF,6,344,0,0,0,0,0,0,0,0,0,0,0,0,0,0.0,0.0,0.0,0.0,0,0,0,0,0,0.00,0.00,0.00,0.00,0,False
Sebastiaan,Bornauw,Bornauw,Leeds,DEF,6,345,0,0,0,0,0,0,0,0,0,0,0,0,0,0.0,0.0,0.0,0.0,0,0,0,0,0,0.00,0.00,0.00,0.00,0,False
Sam,Byram,Byram,Leeds,DEF,6,346,0,0,0,0,0,0,0,0,0,0,0,0,0,0.0,0.0,0.0,0.0,0,0,0,0,0,0.00,0.00,0.00,0.00,0,False
Gabriel,Gudmundsson,Gudmundsson,Leeds,DEF,6,347,90,0,0,0,2,0,0,0,0,0,0,0,-6,13.2,0.9,8.0,2.2,2,2,4,6,1,0.00,0.01,0.01,0.82,1,False
Joe,Rodon,Rodon,Leeds,DEF,6,348,90,1,0,0,2,0,0,0,0,0,0,0,21,55.0,0.3,47.0,10.2,7,3,2,9,1,0.33,0.00,0.33,0.82,7,False
Isaac,Schmidt,Schmidt,Leeds,DEF,6,349,0,0,0,0,0,0,0,0,0,0,0,0,0,0.0,0.0,0.0,0.0,0,0,0,0,0,0.00,0.00,0.00,0.00,0,False
Brenden,Aaronson,Aaronson,Leeds,MID,6,350,86,0,1,0,1,0,0,0,1,0,0,0,19,7.8,12.3,35.0,5.5,2,2,2,6,1,0.47,0.02,0.49,0.58,4,False
Wilfried,Gnonto,Gnonto,Leeds,MID,6,351,0,0,0,0,0,0,0,0,0,0,0,0,0,0.0,0.0,0.0,0.0,0,0,0,0,0,0.00,0.00,0.00,0.00,0,False
Jack,Harrison,Harrison,Leeds,MID,6,352,23,0,0,0,1,0,0,0,0,0,0,0,5,4.0,0.4,11.0,1.5,0,1,1,2,0,0.07,0.00,0.07,0.41,1,False
Daniel,James,James,Leeds,MID,6,353,0,0,0,0,0,0,0,0,0,0,0,0,0,0.0,0.0,0.0,0.0,0,0,0,0,0,0.00,0.00,0.00,0.00,0,False
Ethan,Ampadu,Ampadu,Leeds,MID,6,354,90,0,0,0,2,0,0,0,1,0,0,0,8,6.8,7.7,2.0,1.7,3,5,1,9,1,0.00,0.02,0.02,0.82,1,False
Sam,Greenwood,Greenwood,Leeds,MID,6,355,0,0,0,0,0,0,0,0,0,0,0,0,0,0.0,0.0,0.0,0.0,0,0,0,0,0,0.00,0.00,0.00,0.00,0,False
Ilia,Gruev,Gruev,Leeds,MID,6,356,0,0,0,0,0,0,0,0,0,0,0,0,0,0.0,0.0,0.0,0.0,0,0,0,0,0,0.00,0.00,0.00,0.00,0,False
Largie,Ramazani,Ramazani,Leeds,MID,6,357,0,0,0,0,0,0,0,0,0,0,0,0,0,0.0,0.0,0.0,0.0,0,0,0,0,0,0.00,0.00,0.00,0.00,0,False
Tanaka,Ao,Tanaka,Leeds,MID,6,358,3,0,0,0,1,0,0,0,0,0,0,0,3,1.0,0.0,0.0,0.1,0,1,1,2,0,0.00,0.00,0.00,0.24,1,False
Charlie,Crew,Crew,Leeds,MID,6,359,0,0,0,0,0,0,0,0,0,0,0,0,0,0.0,0.0,0.0,0.0,0,0,0,0,0,0.00,0.00,0.00,0.00,0,False
Joe,Gelhardt,Gelhardt,Leeds,MID,6,360,0,0,0,0,0,0,0,0,0,0,0,0,0,0.0,0.0,0.0,0.0,0,0,0,0,0,0.00,0.00,0.00,0.00,0,False
Darko,Gyabi,Gyabi,Leeds,MID,6,361,0,0,0,0,0,0,0,0,0,0,0,0,0,0.0,0.0,0.0,0.0,0,0,0,0,0,0.00,0.00,0.00,0.00,0,False
Joël,Piroe,Piroe,Leeds,FWD,6,362,0,0,0,0,0,0,0,0,0,0,0,0,0,0.0,0.0,0.0,0.0,0,0,0,0,0,0.00,0.00,0.00,0.00,0,False
Patrick,Bamford,Bamford,Leeds,FWD,6,363,0,0,0,0,0,0,0,0,0,0,0,0,0,0.0,0.0,0.0,0.0,0,0,0,0,0,0.00,0.00,0.00,0.00,0,False
Mateo,Joseph Fernández-Regatillo,Mateo Joseph,Leeds,FWD,6,364,0,0,0,0,0,0,0,0,0,0,0,0,0,0.0,0.0,0.0,0.0,0,0,0,0,0,0.00,0.00,0.00,0.00,0,False
Lukas,Nmecha,Nmecha,Leeds,FWD,6,365,1,0,0,0,1,0,0,0,0,0,0,0,3,0.0,1.0,0.0,0.1,0,0,0,0,0,0.00,0.00,0.00,0.24,1,False
Alisson,Becker,A.Becker,Liverpool,GKP,6,366,90,0,0,0,2,0,0,0,0,0,5,0,21,46.2,0.0,0.0,4.6,0,10,0,0,1,0.00,0.00,0.00,2.92,2,False
Giorgi,Mamardashvili,Mamardashvili,Liverpool,GKP,6,367,0,0,0,0,0,0,0,0,0,0,0,0,0,0.0,0.0,0.0,0.0,0,0,0,0,0,0.00,0.00,0.00,0.00,0,False
Ármin,Pécsi,Pécsi,Liverpool,GKP,6,368,0,0,0,0,0,0,0,0,0,0,0,0,0,0.0,0.0,0.0,0.0,0,0,0,0,0,0.00,0.00,0.00,0.00,0,False
Freddie,Woodman,Woodman,Liverpool,GKP,6,369,0,0,0,0,0,0,0,0,0,0,0,0,0,0.0,0.0,0.0,0.0,0,0,0,0,0,0.00,0.00,0.00,0.00,0,False
Jeremie,Frimpong,Frimpong,Liverpool,DEF,6,370,16,0,0,0,1,0,0,0,0,0,0,0,-1,6.0,1.3,4.0,1.1,2,3,1,3,0,0.00,0.01,0.01,0.72,1,False
Milos,Kerkez,Kerkez,Liverpool,DEF,6,371,90,0,0,0,2,0,0,0,0,0,0,0,4,9.6,16.4,8.0,3.4,3,7,1,4,1,0.03,0.03,0.06,2.92,1,False
Andrew,Robertson,Robertson,Liverpool,DEF,6,372,0,0,0,0,0,0,0,0,0,0,0,0,0,0.0,0.0,0.0,0.0,0,0,0,0,0,0.00,0.00,0.00,0.00,0,False
Virgil,van Dijk,Virgil,Liverpool,DEF,6,373,90,0,0,0,2,0,0,0,1,0,0,0,9,34.2,3.1,0.0,3.7,11,2,1,12,1,0.00,0.02,0.02,2.92,2,False
Ibrahima,Konaté,Konaté,Liverpool,DEF,6,374,73,0,0,0,1,0,0,0,1,0,0,0,14,27.8,13.8,4.0,4.6,13,3,1,14,1,0.07,0.06,0.13,2.20,3,False
Conor,Bradley,Bradley,Liverpool,DEF,6,375,45,0,0,0,1,0,0,0,0,0,0,0,7,11.0,8.2,0.0,1.9,3,1,1,4,1,0.00,0.01,0.01,2.07,1,False
Joe,Gomez,Gomez,Liverpool,DEF,6,376,0,0,0,0,0,0,0,0,0,0,0,0,0,0.0,0.0,0.0,0.0,0,0,0,0,0,0.00,0.00,0.00,0.00,0,False
Konstantinos,Tsimikas,Tsimikas,Liverpool,DEF,6,377,0,0,0,0,0,0,0,0,0,0,0,0,0,0.0,0.0,0.0,0.0,0,0,0,0,0,0.00,0.00,0.00,0.00,0,False
Amara,Nallo,Nallo,Liverpool,DEF,6,378,0,0,0,0,0,0,0,0,0,0,0,0,0,0.0,0.0,0.0,0.0,0,0,0,0,0,0.00,0.00,0.00,0.00,0,False
Rhys,Williams,R.Williams,Liverpool,DEF,6,379,0,0,0,0,0,0,0,0,0,0,0,0,0,0.0,0.0,0.0,0.0,0,0,0,0,0,0.00,0.00,0.00,0.00,0,False
Calvin,Ramsay,Ramsay,Liverpool,DEF,6,380,0,0,0,0,0,0,0,0,0,0,0,0,0,0.0,0.0,0.0,0.0,0,0,0,0,0,0.00,0.00,0.00,0.00,0,False
Mohamed,Salah,M.Salah,Liverpool,MID,6,381,90,0,0,0,2,0,0,0,0,0,0,0,-2,4.6,28.4,31.0,6.4,0,3,0,3,1,0.49,0.04,0.53,2.92,2,False
Florian,Wirtz,Wirtz,Liverpool,MID,6,382,73,0,0,0,1,0,0,0,0,0,0,0,9,7.8,15.5,26.0,4.9,0,5,0,5,1,0.48,0.04,0.52,2.20,2,False
Luis,Díaz Marulanda,Luis Díaz,Liverpool,MID,6,383,0,0,0,0,0,0,0,0,0,0,0,0,0,0.0,0.0,0.0,0.0,0,0,0,0,0,0.00,0.00,0.00,0.00,0,False
Cody,Gakpo,Gakpo,Liverpool,MID,6,384,45,0,0,0,1,0,0,0,0,0,0,0,2,0.0,12.9,16.0,2.9,0,0,0,0,0,0.15,0.02,0.17,0.85,1,False
Federico,Chiesa,Chiesa,Liverpool,MID,6,385,16,1,0,0,1,0,0,0,1,0,0,0,16,30.2,3.3,18.0,5.2,1,0,0,1,0,0.29,0.00,0.29,0.72,5,False
Alexis,Mac Allister,Mac Allister,Liverpool,MID,6,386,64,0,0,0,1,0,0,0,0,0,0,0,14,6.8,13.5,2.0,2.2,2,2,0,4,1,0.04,0.04,0.08,2.07,2,False
Dominik,Szoboszlai,Szoboszlai,Liverpool,MID,6,387,90,0,0,0,2,0,0,0,0,0,0,1,28,25.8,73.5,9.0,10.8,5,11,0,16,1,0.03,0.42,0.45,2.92,5,False
Curtis,Jones,C.Jones,Liverpool,MID,6,388,25,0,0,0,1,0,0,0,0,0,0,0,12,4.8,17.1,1.0,2.3,0,1,0,1,0,0.04,0.26,0.30,0.85,1,False
Harvey,Elliott,Elliott,Aston Villa,MID,6,389,45,0,0,0,1,0,0,0,0,0,0,0,4,4.8,6.2,7.0,1.8,1,1,0,2,1,0.02,0.01,0.03,0.51,1,False
Ryan,Gravenberch,Gravenberch,Liverpool,MID,6,390,90,0,1,0,2,0,0,0,0,0,0,3,29,21.2,5.8,8.0,3.5,7,3,1,11,1,0.08,0.04,0.12,2.92,8,False
Ben,Gannon-Doak,Gannon-Doak,Bournemouth,MID,6,391,17,0,0,0,0,0,0,0,0,0,0,0,0,1.0,1.2,5.0,0.7,1,0,0,1,0,0.09,0.01,0.10,0.21,1,False
Endo,Wataru,Endo,Liverpool,MID,6,392,0,0,0,0,0,0,0,0,0,0,0,0,0,0.0,0.0,0.0,0.0,0,0,0,0,0,0.00,0.00,0.00,0.00,0,False
Stefan,Bajčetić Maquieira,Bajcetic,Liverpool,MID,6,393,0,0,0,0,0,0,0,0,0,0,0,0,0,0.0,0.0,0.0,0.0,0,0,0,0,0,0.00,0.00,0.00,0.00,0,False
James,McConnell,McConnell,Liverpool,MID,6,394,0,0,0,0,0,0,0,0,0,0,0,0,0,0.0,0.0,0.0,0.0,0,0,0,0,0,0.00,0.00,0.00,0.00,0,False
Tyler,Morton,Morton,Liverpool,MID,6,395,0,0,0,0,0,0,0,0,0,0,0,0,0,0.0,0.0,0.0,0.0,0,0,0,0,0,0.00,0.00,0.00,0.00,0,False
Trey,Nyoni,Nyoni,Liverpool,MID,6,396,0,0,0,0,0,0,0,0,0,0,0,0,0,0.0,0.0,0.0,0.0,0,0,0,0,0,0.00,0.00,0.00,0.00,0,False
Darwin,Núñez Ribeiro,Darwin,Liverpool,FWD,6,397,0,0,0,0,0,0,0,0,0,0,0,0,0,0.0,0.0,0.0,0.0,0,0,0,0,0,0.00,0.00,0.00,0.00,0,False
Jayden,Danns,Danns,Liverpool,FWD,6,398,0,0,0,0,0,0,0,0,0,0,0,0,0,0.0,0.0,0.0,0.0,0,0,0,0,0,0.00,0.00,0.00,0.00,0,False
Ederson,Santana de Moraes,Ederson M.,Man City,GKP,6,399,0,0,0,0,0,0,0,0,0,0,0,0,0,0.0,0.0,0.0,0.0,0,0,0,0,0,0.00,0.00,0.00,0.00,0,False
Stefan,Ortega Moreno,Ortega Moreno,Man City,GKP,6,400,0,0,0,0,0,0,0,0,0,0,0,0,0,0.0,0.0,0.0,0.0,0,0,0,0,0,0.00,0.00,0.00,0.00,0,False
Marcus,Bettinelli,Bettinelli,Man City,GKP,6,401,0,0,0,0,0,0,0,0,0,0,0,0,0,0.0,0.0,0.0,0.0,0,0,0,0,0,0.00,0.00,0.00,0.00,0,False
Rayan,Aït-Nouri,Aït-Nouri,Man City,DEF,6,402,0,0,0,0,0,0,0,0,0,0,0,0,0,0.0,0.0,0.0,0.0,0,0,0,0,0,0.00,0.00,0.00,0.00,0,False
Joško,Gvardiol,Gvardiol,Man City,DEF,6,403,69,0,0,0,1,0,0,0,0,0,0,0,14,25.8,24.2,4.0,5.4,6,3,0,6,1,0.04,0.19,0.23,0.41,2,False
Manuel,Akanji,Akanji,Man City,DEF,6,404,0,0,0,0,0,0,0,0,0,0,0,0,0,0.0,0.0,0.0,0.0,0,0,0,0,0,0.00,0.00,0.00,0.00,0,False
Nathan,Aké,Aké,Man City,DEF,6,405,20,0,0,0,0,0,0,0,0,0,0,0,3,1.4,10.8,4.0,1.6,0,0,0,0,0,0.05,0.00,0.05,0.00,1,False
Abdukodir,Khusanov,Khusanov,Man City,DEF,6,406,0,0,0,0,0,0,0,0,0,0,0,0,0,0.0,0.0,0.0,0.0,0,0,0,0,0,0.00,0.00,0.00,0.00,0,False
Matheus,Nunes,Matheus N.,Man City,DEF,6,407,90,1,1,0,1,0,0,0,0,0,0,1,33,50.6,12.8,22.0,8.5,4,3,0,4,1,0.18,0.04,0.22,0.41,12,True
Rúben,dos Santos Gato Alves Dias,Rúben,Man City,DEF,6,408,90,0,0,0,1,0,0,0,0,0,0,0,13,16.4,4.5,0.0,2.1,5,4,1,6,1,0.00,0.03,0.03,0.41,2,False
John,Stones,Stones,Man City,DEF,6,409,0,0,0,0,0,0,0,0,0,0,0,0,0,0.0,0.0,0.0,0.0,0,0,0,0,0,0.00,0.00,0.00,0.00,0,False
Rico,Lewis,Lewis,Man City,DEF,6,410,7,0,0,0,0,0,0,0,0,0,0,0,3,0.4,0.3,2.0,0.3,0,0,0,0,0,0.00,0.00,0.00,0.00,1,False
Nico,O'Reilly,O’Reilly,Man City,DEF,6,411,82,0,0,0,1,0,0,0,0,0,0,0,11,27.2,30.8,12.0,7.0,4,4,4,8,1,0.03,0.17,0.20,0.41,2,False
Vitor,de Oliveira Nunes dos Reis,Vitor Reis,Man City,DEF,6,412,0,0,0,0,0,0,0,0,0,0,0,0,0,0.0,0.0,0.0,0.0,0,0,0,0,0,0.00,0.00,0.00,0.00,0,False
Omar,Marmoush,Marmoush,Man City,MID,6,413,0,0,0,0,0,0,0,0,0,0,0,0,0,0.0,0.0,0.0,0.0,0,0,0,0,0,0.00,0.00,0.00,0.00,0,False
Phil,Foden,Foden,Man City,MID,6,414,90,0,0,0,1,0,0,0,1,0,0,0,11,12.4,57.8,10.0,8.0,1,5,0,6,1,0.00,0.17,0.17,0.41,1,False
Sávio,Moreira de Oliveira,Savinho,Man City,MID,6,415,61,0,0,0,1,0,0,0,0,0,0,0,5,0.0,5.3,18.0,2.2,0,1,0,1,1,0.03,0.06,0.09,0.41,2,False
Bernardo,Mota Veiga de Carvalho e Silva,Bernardo,Man City,MID,6,416,7,0,0,0,0,0,0,0,0,0,0,0,3,0.2,1.0,0.0,0.1,0,0,0,0,0,0.00,0.00,0.00,0.00,1,False
Rayan,Cherki,Cherki,Man City,MID,6,417,0,0,0,0,0,0,0,0,0,0,0,0,0,0.0,0.0,0.0,0.0,0,0,0,0,0,0.00,0.00,0.00,0.00,0,False
Jérémy,Doku,Doku,Man City,MID,6,418,90,0,2,0,1,0,0,0,0,0,0,2,43,45.2,50.1,89.0,18.4,0,2,1,3,1,0.34,0.28,0.62,0.41,10,False
Jack,Grealish,Grealish,Everton,MID,6,419,90,0,0,0,1,0,0,0,0,0,0,0,17,13.8,46.3,20.0,8.0,2,4,0,6,1,0.00,0.15,0.15,1.17,2,False
İlkay,Gündoğan,Gündoğan,Man City,MID,6,420,0,0,0,0,0,0,0,0,0,0,0,0,0,0.0,0.0,0.0,0.0,0,0,0,0,0,0.00,0.00,0.00,0.00,0,False
Rodrigo 'Rodri',Hernandez Cascante,Rodrigo,Man City,MID,6,421,0,0,0,0,0,0,0,0,0,0,0,0,0,0.0,0.0,0.0,0.0,0,0,0,0,0,0.00,0.00,0.00,0.00,0,False
Mateo,Kovačić,Kovačić,Man City,MID,6,422,0,0,0,0,0,0,0,0,0,0,0,0,0,0.0,0.0,0.0,0.0,0,0,0,0,0,0.00,0.00,0.00,0.00,0,False
Nico,González Iglesias,N.Gonzalez,Man City,MID,6,423,90,0,0,0,1,0,0,0,0,0,0,0,23,17.8,30.2,6.0,5.4,3,6,1,10,1,0.05,0.23,0.28,0.41,2,False
Oscar,Bobb,Bobb,Man City,MID,6,424,28,0,0,0,0,0,0,0,0,0,0,0,2,2.2,9.3,2.0,1.4,0,1,0,1,0,0.00,0.06,0.06,0.00,1,False
Claudio,Echeverri,Echeverri,Man City,MID,6,425,0,0,0,0,0,0,0,0,0,0,0,0,0,0.0,0.0,0.0,0.0,0,0,0,0,0,0.00,0.00,0.00,0.00,0,False
James,McAtee,McAtee,Nott'm Forest,MID,6,426,59,0,0,0,1,0,0,0,0,0,0,0,7,4.4,4.1,2.0,1.1,1,3,1,5,1,0.02,0.04,0.06,0.74,1,False
Tijjani,Reijnders,Reijnders,Man City,MID,6,427,82,0,0,0,1,0,0,0,0,0,0,0,16,10.6,11.0,18.0,4.0,3,2,1,6,1,0.14,0.06,0.20,0.41,2,False
Sverre,Nypan,Nypan,Man City,MID,6,428,0,0,0,0,0,0,0,0,0,0,0,0,0,0.0,0.0,0.0,0.0,0,0,0,0,0,0.00,0.00,0.00,0.00,0,False
Kalvin,Phillips,Phillips,Man City,MID,6,429,0,0,0,0,0,0,0,0,0,0,0,0,0,0.0,0.0,0.0,0.0,0,0,0,0,0,0.00,0.00,0.00,0.00,0,False
Erling,Haaland,Haaland,Man City,FWD,6,430,90,2,1,0,1,0,0,0,0,0,0,3,68,85.4,20.8,78.0,18.4,2,2,0,4,1,1.17,0.24,1.41,0.41,16,True
Altay,Bayındır,Bayindir,Man Utd,GKP,6,431,90,0,0,0,3,0,0,0,0,0,5,0,11,44.4,0.0,0.0,4.4,2,5,0,0,1,0.00,0.01,0.01,2.02,2,False
André,Onana,Onana,Man Utd,GKP,6,432,0,0,0,0,0,0,0,0,0,0,0,0,0,0.0,0.0,0.0,0.0,0,0,0,0,0,0.00,0.00,0.00,0.00,0,False
Elyh,Harrison,Harrison,Man Utd,GKP,6,433,0,0,0,0,0,0,0,0,0,0,0,0,0,0.0,0.0,0.0,0.0,0,0,0,0,0,0.00,0.00,0.00,0.00,0,False
Tom,Heaton,Heaton,Man Utd,GKP,6,434,0,0,0,0,0,0,0,0,0,0,0,0,0,0.0,0.0,0.0,0.0,0,0,0,0,0,0.00,0.00,0.00,0.00,0,False
Dermot,Mee,Mee,Man Utd,GKP,6,435,0,0,0,0,0,0,0,0,0,0,0,0,0,0.0,0.0,0.0,0.0,0,0,0,0,0,0.00,0.00,0.00,0.00,0,False
Matthijs,de Ligt,De Ligt,Man Utd,DEF,6,436,90,0,0,0,3,0,0,0,0,0,0,0,9,20.0,0.9,4.0,2.5,7,4,3,10,1,0.15,0.00,0.15,2.02,3,False
Lisandro,Martínez,Martinez,Man Utd,DEF,6,437,0,0,0,0,0,0,0,0,0,0,0,0,0,0.0,0.0,0.0,0.0,0,0,0,0,0,0.00,0.00,0.00,0.00,0,False
Noussair,Mazraoui,Mazraoui,Man Utd,DEF,6,438,0,0,0,0,0,0,0,0,0,0,0,0,0,0.0,0.0,0.0,0.0,0,0,0,0,0,0.00,0.00,0.00,0.00,0,False
Diego,León Blanco,D.Leon,Man Utd,DEF,6,439,0,0,0,0,0,0,0,0,0,0,0,0,0,0.0,0.0,0.0,0.0,0,0,0,0,0,0.00,0.00,0.00,0.00,0,False
Diogo,Dalot Teixeira,Dalot,Man Utd,DEF,6,440,90,0,0,0,3,0,0,0,0,0,0,0,1,11.6,36.8,0.0,4.8,1,1,0,1,1,0.00,0.12,0.12,2.02,1,False
Patrick,Dorgu,Dorgu,Man Utd,DEF,6,441,84,0,0,0,2,0,0,0,1,0,0,0,1,8.6,1.1,2.0,1.2,5,5,2,7,1,0.00,0.01,0.01,1.92,0,False
Harry,Maguire,Maguire,Man Utd,DEF,6,442,65,0,0,0,2,0,0,0,0,0,0,0,4,8.4,0.2,7.0,1.6,5,4,0,5,1,0.02,0.00,0.02,1.81,1,False
Luke,Shaw,Shaw,Man Utd,DEF,6,443,80,0,0,0,2,0,0,0,0,0,0,0,2,10.4,0.8,0.0,1.1,3,5,1,4,1,0.00,0.01,0.01,1.92,1,False
Leny,Yoro,Yoro,Man Utd,DEF,6,444,24,0,0,0,1,0,0,0,0,0,0,0,0,9.4,1.0,0.0,1.0,3,1,0,3,0,0.00,0.00,0.00,0.21,1,False
Harry,Amass,Amass,Man Utd,DEF,6,445,0,0,0,0,0,0,0,0,0,0,0,0,0,0.0,0.0,0.0,0.0,0,0,0,0,0,0.00,0.00,0.00,0.00,0,False
Tyler,Fredricson,Fredricson,Man Utd,DEF,6,446,0,0,0,0,0,0,0,0,0,0,0,0,0,0.0,0.0,0.0,0.0,0,0,0,0,0,0.00,0.00,0.00,0.00,0,False
Ayden,Heaven,Heaven,Man Utd,DEF,6,447,0,0,0,0,0,0,0,0,0,0,0,0,0,0.0,0.0,0.0,0.0,0,0,0,0,0,0.00,0.00,0.00,0.00,0,False
Tyrell,Malacia,Malacia,Man Utd,DEF,6,448,0,0,0,0,0,0,0,0,0,0,0,0,0,0.0,0.0,0.0,0.0,0,0,0,0,0,0.00,0.00,0.00,0.00,0,False
Bruno,Borges Fernandes,B.Fernandes,Man Utd,MID,6,449,90,0,0,0,3,0,0,1,1,0,0,0,3,17.6,12.7,17.0,4.7,4,6,1,11,1,0.79,0.01,0.80,2.02,-1,False
Matheus,Santos Carneiro da Cunha,Cunha,Man Utd,MID,6,450,90,0,0,0,3,0,0,0,0,0,0,0,10,11.8,18.8,12.0,4.3,1,5,2,8,1,0.11,0.27,0.38,2.02,2,False
Marcus,Rashford,Rashford,Man Utd,MID,6,451,0,0,0,0,0,0,0,0,0,0,0,0,0,0.0,0.0,0.0,0.0,0,0,0,0,0,0.00,0.00,0.00,0.00,0,False
Amad,Diallo,Amad,Man Utd,MID,6,452,0,0,0,0,0,0,0,0,0,0,0,0,0,0.0,0.0,0.0,0.0,0,0,0,0,0,0.00,0.00,0.00,0.00,0,False
Alejandro,Garnacho Ferreyra,Garnacho,Chelsea,MID,6,453,0,0,0,0,0,0,0,0,0,0,0,0,0,0.0,0.0,0.0,0.0,0,0,0,0,0,0.00,0.00,0.00,0.00,0,False
Antony,dos Santos,Antony,Man Utd,MID,6,454,0,0,0,0,0,0,0,0,0,0,0,0,0,0.0,0.0,0.0,0.0,0,0,0,0,0,0.00,0.00,0.00,0.00,0,False
Mason,Mount,Mount,Man Utd,MID,6,455,9,0,0,0,1,0,0,0,0,0,0,0,4,2.4,1.7,2.0,0.6,0,0,1,1,0,0.00,0.02,0.02,0.10,1,False
Jadon,Sancho,Sancho,Aston Villa,MID,6,456,0,0,0,0,0,0,0,0,0,0,0,0,0,0.0,0.0,0.0,0.0,0,0,0,0,0,0.00,0.00,0.00,0.00,0,False
Carlos Henrique,Casimiro,Casemiro,Man Utd,MID,6,457,0,0,0,0,0,0,0,0,0,0,0,0,0,0.0,0.0,0.0,0.0,0,0,0,0,0,0.00,0.00,0.00,0.00,0,False
Kobbie,Mainoo,Mainoo,Man Utd,MID,6,458,24,0,0,0,1,0,0,0,0,0,0,0,2,2.4,4.8,0.0,0.7,0,1,1,2,0,0.00,0.00,0.00,0.21,1,False
Manuel,Ugarte Ribeiro,Ugarte,Man Utd,MID,6,459,65,0,0,0,2,0,0,0,0,0,0,0,14,6.8,2.6,0.0,0.9,1,5,3,9,1,0.00,0.01,0.01,1.81,2,False
Toby,Collyer,Collyer,Man Utd,MID,6,460,0,0,0,0,0,0,0,0,0,0,0,0,0,0.0,0.0,0.0,0.0,0,0,0,0,0,0.00,0.00,0.00,0.00,0,False
Jayce,Fitzgerald,Fitzgerald,Man Utd,MID,6,461,0,0,0,0,0,0,0,0,0,0,0,0,0,0.0,0.0,0.0,0.0,0,0,0,0,0,0.00,0.00,0.00,0.00,0,False
Jack,Fletcher,J.Fletcher,Man Utd,MID,6,462,0,0,0,0,0,0,0,0,0,0,0,0,0,0.0,0.0,0.0,0.0,0,0,0,0,0,0.00,0.00,0.00,0.00,0,False
Sékou,Koné,Kone,Man Utd,MID,6,463,0,0,0,0,0,0,0,0,0,0,0,0,0,0.0,0.0,0.0,0.0,0,0,0,0,0,0.00,0.00,0.00,0.00,0,False
Jack,Moorhouse,Moorhouse,Man Utd,MID,6,464,0,0,0,0,0,0,0,0,0,0,0,0,0,0.0,0.0,0.0,0.0,0,0,0,0,0,0.00,0.00,0.00,0.00,0,False
Rasmus,Højlund,Højlund,Man Utd,FWD,6,465,0,0,0,0,0,0,0,0,0,0,0,0,0,0.0,0.0,0.0,0.0,0,0,0,0,0,0.00,0.00,0.00,0.00,0,False
Joshua,Zirkzee,Zirkzee,Man Utd,FWD,6,466,5,0,0,0,1,0,0,0,0,0,0,0,2,0.0,0.3,4.0,0.2,0,0,0,0,0,0.12,0.00,0.12,0.10,1,False
Chido,Obi,Obi,Man Utd,FWD,6,467,0,0,0,0,0,0,0,0,0,0,0,0,0,0.0,0.0,0.0,0.0,0,0,0,0,0,0.00,0.00,0.00,0.00,0,False
Ethan,Wheatley,Wheatley,Man Utd,FWD,6,468,0,0,0,0,0,0,0,0,0,0,0,0,0,0.0,0.0,0.0,0.0,0,0,0,0,0,0.00,0.00,0.00,0.00,0,False
Nick,Pope,Pope,Newcastle,GKP,6,469,90,0,0,0,2,0,0,0,0,0,5,0,20,46.8,0.0,0.0,4.7,3,14,1,0,1,0.00,0.00,0.00,2.04,2,False
Martin,Dúbravka,Dúbravka,Burnley,GKP,6,470,90,0,0,0,5,0,0,0,0,0,5,0,4,40.8,0.0,0.0,4.1,2,5,0,0,1,0.00,0.00,0.00,2.03,1,False
Mark,Gillespie,Gillespie,Newcastle,GKP,6,471,0,0,0,0,0,0,0,0,0,0,0,0,0,0.0,0.0,0.0,0.0,0,0,0,0,0,0.00,0.00,0.00,0.00,0,False
Odysseas,Vlachodimos,Odysseas,Newcastle,GKP,6,472,0,0,0,0,0,0,0,0,0,0,0,0,0,0.0,0.0,0.0,0.0,0,0,0,0,0,0.00,0.00,0.00,0.00,0,False
Lewis,Hall,Hall,Newcastle,DEF,6,473,0,0,0,0,0,0,0,0,0,0,0,0,0,0.0,0.0,0.0,0.0,0,0,0,0,0,0.00,0.00,0.00,0.00,0,False
Fabian,Schär,Schär,Newcastle,DEF,6,474,0,0,0,0,0,0,0,0,0,0,0,0,0,0.0,0.0,0.0,0.0,0,0,0,0,0,0.00,0.00,0.00,0.00,0,False
Sven,Botman,Botman,Newcastle,DEF,6,475,90,0,0,0,2,0,0,0,0,0,0,0,10,40.6,10.3,4.0,5.5,15,2,0,15,1,0.00,0.00,0.00,2.04,3,False
Dan,Burn,Burn,Newcastle,DEF,6,476,90,0,0,0,2,0,0,0,1,0,0,0,-1,12.4,0.1,6.0,1.9,7,1,2,9,1,0.00,0.00,0.00,2.04,0,False
Tino,Livramento,Livramento,Newcastle,DEF,6,477,76,0,0,1,0,0,0,0,0,0,0,0,23,3.2,1.1,0.0,0.4,3,6,0,3,1,0.00,0.01,0.01,1.63,6,False
Kieran,Trippier,Trippier,Newcastle,DEF,6,478,23,0,0,0,2,0,0,0,0,0,0,0,-4,6.4,0.8,0.0,0.7,3,1,0,3,0,0.00,0.01,0.01,0.49,0,False
Emil,Krafth,Krafth,Newcastle,DEF,6,479,0,0,0,0,0,0,0,0,0,0,0,0,0,0.0,0.0,0.0,0.0,0,0,0,0,0,0.00,0.00,0.00,0.00,0,False
Jamaal,Lascelles,Lascelles,Newcastle,DEF,6,480,13,0,0,0,2,0,0,0,0,0,0,0,-4,7.2,0.0,7.0,1.4,3,0,0,3,0,0.04,0.00,0.04,0.42,0,False
Alex,Murphy,A.Murphy,Newcastle,DEF,6,481,0,0,0,0,0,0,0,0,0,0,0,0,0,0.0,0.0,0.0,0.0,0,0,0,0,0,0.00,0.00,0.00,0.00,0,False
Harrison,Ashby,Ashby,Newcastle,DEF,6,482,0,0,0,0,0,0,0,0,0,0,0,0,0,0.0,0.0,0.0,0.0,0,0,0,0,0,0.00,0.00,0.00,0.00,0,False
Miodrag,Pivaš,Pivas,Newcastle,DEF,6,483,0,0,0,0,0,0,0,0,0,0,0,0,0,0.0,0.0,0.0,0.0,0,0,0,0,0,0.00,0.00,0.00,0.00,0,False
Matt,Targett,Targett,Newcastle,DEF,6,484,0,0,0,0,0,0,0,0,0,0,0,0,0,0.0,0.0,0.0,0.0,0,0,0,0,0,0.00,0.00,0.00,0.00,0,False
Anthony,Gordon,Gordon,Newcastle,MID,6,485,66,0,0,1,0,0,0,0,0,0,0,0,15,13.0,11.4,9.0,3.3,0,2,3,5,1,0.05,0.02,0.07,1.56,3,False
Anthony,Elanga,Elanga,Newcastle,MID,6,486,24,0,0,0,2,0,0,0,0,0,0,0,3,0.6,1.0,5.0,0.7,0,0,0,0,0,0.04,0.03,0.07,0.49,1,False
Harvey,Barnes,Barnes,Newcastle,MID,6,487,1,0,0,0,1,0,0,0,0,0,0,0,2,0.0,0.0,0.0,0.0,0,0,0,0,0,0.00,0.00,0.00,0.26,1,False
Bruno,Guimarães Rodriguez Moura,Bruno G.,Newcastle,MID,6,488,90,0,0,0,2,0,0,0,0,0,0,0,10,9.4,26.3,2.0,3.8,1,1,2,4,1,0.00,0.22,0.22,2.04,2,False
Jacob,Murphy,J.Murphy,Newcastle,MID,6,489,65,0,0,1,0,0,0,0,0,0,0,0,6,1.6,0.3,7.0,0.9,1,2,0,3,1,0.09,0.01,0.10,1.56,3,False
Joelinton Cássio,Apolinário de Lira,Joelinton,Newcastle,MID,6,490,90,0,0,0,1,0,0,0,1,0,0,0,1,6.6,11.2,4.0,2.2,3,8,1,12,1,0.03,0.00,0.03,1.78,3,False
Sandro,Tonali,Tonali,Newcastle,MID,6,491,90,0,1,0,2,0,0,0,0,0,0,1,28,40.2,43.3,0.0,8.4,6,0,2,8,1,0.00,0.27,0.27,2.04,6,False
Antoñito,Cordero Campillo,Antoñito C.,Newcastle,MID,6,492,0,0,0,0,0,0,0,0,0,0,0,0,0,0.0,0.0,0.0,0.0,0,0,0,0,0,0.00,0.00,0.00,0.00,0,False
Sean,Longstaff,Longstaff,Leeds,MID,6,493,90,1,1,0,2,0,0,0,0,0,0,3,64,86.2,99.3,21.0,20.7,5,2,6,13,1,0.10,0.25,0.35,0.82,15,True
Joe,Willock,Willock,Newcastle,MID,6,494,0,0,0,0,0,0,0,0,0,0,0,0,0,0.0,0.0,0.0,0.0,0,0,0,0,0,0.00,0.00,0.00,0.00,0,False
Isaac,Hayden,Hayden,Newcastle,MID,6,495,0,0,0,0,0,0,0,0,0,0,0,0,0,0.0,0.0,0.0,0.0,0,0,0,0,0,0.00,0.00,0.00,0.00,0,False
Garang,Kuol,Kuol,Newcastle,MID,6,496,0,0,0,0,0,0,0,0,0,0,0,0,0,0.0,0.0,0.0,0.0,0,0,0,0,0,0.00,0.00,0.00,0.00,0,False
Lewis,Miley,L.Miley,Newcastle,MID,6,497,0,0,0,0,0,0,0,0,0,0,0,0,0,0.0,0.0,0.0,0.0,0,0,0,0,0,0.00,0.00,0.00,0.00,0,False
Joe,White,White,Newcastle,MID,6,498,0,0,0,0,0,0,0,0,0,0,0,0,0,0.0,0.0,0.0,0.0,0,0,0,0,0,0.00,0.00,0.00,0.00,0,False
Alexander,Isak,Isak,Liverpool,FWD,6,499,83,0,0,0,1,0,0,0,0,0,0,0,-5,0.0,1.2,15.0,0.9,0,4,0,4,1,0.43,0.00,0.43,2.36,2,False
William,Osula,Osula,Newcastle,FWD,6,500,23,0,0,0,2,0,0,0,0,0,0,0,0,0.0,0.1,0.0,0.0,0,0,0,0,0,0.00,0.00,0.00,0.49,1,False
Sean,Neave,Neave,Newcastle,FWD,6,501,0,0,0,0,0,0,0,0,0,0,0,0,0,0.0,0.0,0.0,0.0,0,0,0,0,0,0.00,0.00,0.00,0.00,0,False
Matz,Sels,Sels,Nott'm Forest,GKP,6,502,90,0,0,0,1,0,0,0,0,0,2,0,10,19.4,0.0,0.0,1.9,1,6,0,0,1,0.00,0.00,0.00,1.19,2,False
Carlos Miguel,dos Santos Pereira,C.Miguel,Nott'm Forest,GKP,6,503,0,0,0,0,0,0,0,0,0,0,0,0,0,0.0,0.0,0.0,0.0,0,0,0,0,0,0.00,0.00,0.00,0.00,0,False
Matt,Turner,Turner,Nott'm Forest,GKP,6,504,0,0,0,0,0,0,0,0,0,0,0,0,0,0.0,0.0,0.0,0.0,0,0,0,0,0,0.00,0.00,0.00,0.00,0,False
Nikola,Milenković,Milenković,Nott'm Forest,DEF,6,505,90,0,0,0,1,0,0,0,1,0,0,0,8,22.2,3.3,4.0,3.0,6,4,0,6,1,0.02,0.02,0.04,1.19,1,False
Murillo,Costa dos Santos,Murillo,Nott'm Forest,DEF,6,506,0,0,0,0,0,0,0,0,0,0,0,0,0,0.0,0.0,0.0,0.0,0,0,0,0,0,0.00,0.00,0.00,0.00,0,False
Ola,Aina,Aina,Nott'm Forest,DEF,6,507,0,0,0,0,0,0,0,0,0,0,0,0,0,0.0,0.0,0.0,0.0,0,0,0,0,0,0.00,0.00,0.00,0.00,0,False
Neco,Williams,N.Williams,Nott'm Forest,DEF,6,508,90,0,0,0,1,0,0,0,1,0,0,0,18,26.0,56.8,6.0,8.9,1,2,3,4,1,0.00,0.23,0.23,1.19,1,False
David,Mota Veiga Teixeira do Carmo,David Carmo,Nott'm Forest,DEF,6,509,0,0,0,0,0,0,0,0,0,0,0,0,0,0.0,0.0,0.0,0.0,0,0,0,0,0,0.00,0.00,0.00,0.00,0,False
Jair,Paula da Cunha Filho,Jair Cunha,Nott'm Forest,DEF,6,510,0,0,0,0,0,0,0,0,0,0,0,0,0,0.0,0.0,0.0,0.0,0,0,0,0,0,0.00,0.00,0.00,0.00,0,False
Felipe,Rodrigues da Silva,Morato,Nott'm Forest,DEF,6,511,90,0,0,0,1,0,0,0,0,0,0,0,14,19.8,1.9,3.0,2.5,5,8,1,6,1,0.03,0.01,0.04,1.19,2,False
Omar,Richards,O.Richards,Nott'm Forest,DEF,6,512,0,0,0,0,0,0,0,0,0,0,0,0,0,0.0,0.0,0.0,0.0,0,0,0,0,0,0.00,0.00,0.00,0.00,0,False
Zach,Abbott,Abbott,Nott'm Forest,DEF,6,513,0,0,0,0,0,0,0,0,0,0,0,0,0,0.0,0.0,0.0,0.0,0,0,0,0,0,0.00,0.00,0.00,0.00,0,False
Willy,Boly,Boly,Nott'm Forest,DEF,6,514,0,0,0,0,0,0,0,0,0,0,0,0,0,0.0,0.0,0.0,0.0,0,0,0,0,0,0.00,0.00,0.00,0.00,0,False
Morgan,Gibbs-White,Gibbs-White,Nott'm Forest,MID,6,515,45,0,0,0,0,0,0,0,0,0,0,0,8,5.0,17.1,15.0,3.7,1,1,0,2,0,0.11,0.05,0.16,0.75,1,False
Callum,Hudson-Odoi,Hudson-Odoi,Nott'm Forest,MID,6,516,30,0,0,0,0,0,0,0,0,0,0,0,5,5.8,23.3,8.0,3.7,0,0,0,0,0,0.00,0.05,0.05,0.46,1,False
Elliot,Anderson,Anderson,Nott'm Forest,MID,6,517,90,0,0,0,1,0,0,0,1,0,0,0,14,15.8,22.8,22.0,6.1,3,9,4,16,1,0.18,0.03,0.21,1.19,3,False
João Pedro,Ferreira da Silva,Jota,Nott'm Forest,MID,6,518,0,0,0,0,0,0,0,0,0,0,0,0,0,0.0,0.0,0.0,0.0,0,0,0,0,0,0.00,0.00,0.00,0.00,0,False
Nicolás,Domínguez,Dominguez,Nott'm Forest,MID,6,519,45,0,0,0,1,0,0,0,1,0,0,0,3,2.4,3.3,0.0,0.6,1,0,2,3,1,0.00,0.01,0.01,0.44,0,False
Lewis,O'Brien,O'Brien,Nott'm Forest,MID,6,520,0,0,0,0,0,0,0,0,0,0,0,0,0,0.0,0.0,0.0,0.0,0,0,0,0,0,0.00,0.00,0.00,0.00,0,False
Ibrahim,Sangaré,Sangaré,Nott'm Forest,MID,6,521,0,0,0,0,0,0,0,0,0,0,0,0,0,0.0,0.0,0.0,0.0,0,0,0,0,0,0.00,0.00,0.00,0.00,0,False
Ryan,Yates,Yates,Nott'm Forest,MID,6,522,0,0,0,0,0,0,0,0,0,0,0,0,0,0.0,0.0,0.0,0.0,0,0,0,0,0,0.00,0.00,0.00,0.00,0,False
Eric,da Silva Moreira,Da Silva Moreira,Nott'm Forest,MID,6,523,0,0,0,0,0,0,0,0,0,0,0,0,0,0.0,0.0,0.0,0.0,0,0,0,0,0,0.00,0.00,0.00,0.00,0,False
Marko,Stamenić,Stamenic,Nott'm Forest,MID,6,524,0,0,0,0,0,0,0,0,0,0,0,0,0,0.0,0.0,0.0,0.0,0,0,0,0,0,0.00,0.00,0.00,0.00,0,False
Chris,Wood,Wood,Nott'm Forest,FWD,6,525,89,0,0,0,1,0,0,0,0,0,0,0,0,0.0,2.0,44.0,4.2,2,1,0,3,1,0.78,0.00,0.78,0.92,2,False
Igor Jesus,Maciel da Cruz,Igor Jesus,Nott'm Forest,FWD,6,526,30,0,0,0,0,0,0,0,0,0,0,0,6,5.0,2.8,22.0,3.0,1,3,0,4,0,0.20,0.01,0.21,0.46,1,False
Taiwo,Awoniyi,Awoniyi,Nott'm Forest,FWD,6,527,0,0,0,0,0,0,0,0,0,0,0,0,0,0.0,0.0,0.0,0.0,0,0,0,0,0,0.00,0.00,0.00,0.00,0,False
Anthony,Patterson,Patterson,Sunderland,GKP,6,528,0,0,0,0,0,0,0,0,0,0,0,0,0,0.0,0.0,0.0,0.0,0,0,0,0,0,0.00,0.00,0.00,0.00,0,False
Simon,Moore,Moore,Sunderland,GKP,6,529,0,0,0,0,0,0,0,0,0,0,0,0,0,0.0,0.0,0.0,0.0,0,0,0,0,0,0.00,0.00,0.00,0.00,0,False
Blondy,Nna Noukeu,Nna Noukeu,Sunderland,GKP,6,530,0,0,0,0,0,0,0,0,0,0,0,0,0,0.0,0.0,0.0,0.0,0,0,0,0,0,0.00,0.00,0.00,0.00,0,False
Daniel,Ballard,Ballard,Sunderland,DEF,6,531,15,0,0,0,0,0,0,0,0,0,0,0,0,4.2,0.0,7.0,1.1,3,0,0,3,0,0.13,0.00,0.13,0.59,1,False
Trai,Hume,Hume,Sunderland,DEF,6,532,90,0,0,1,0,0,0,0,0,0,0,0,25,10.6,0.9,3.0,1.5,8,7,0,8,1,0.01,0.01,0.02,1.68,6,False
Aji,Alese,Alese,Sunderland,DEF,6,533,0,0,0,0,0,0,0,0,0,0,0,0,0,0.0,0.0,0.0,0.0,0,0,0,0,0,0.00,0.00,0.00,0.00,0,False
Joe,Anderson,Anderson,Sunderland,DEF,6,534,0,0,0,0,0,0,0,0,0,0,0,0,0,0.0,0.0,0.0,0.0,0,0,0,0,0,0.00,0.00,0.00,0.00,0,False
Dennis,Cirkin,Cirkin,Sunderland,DEF,6,535,0,0,0,0,0,0,0,0,0,0,0,0,0,0.0,0.0,0.0,0.0,0,0,0,0,0,0.00,0.00,0.00,0.00,0,False
Leo Fuhr,Hjelde,Hjelde,Sunderland,DEF,6,536,0,0,0,0,0,0,0,0,0,0,0,0,0,0.0,0.0,0.0,0.0,0,0,0,0,0,0.00,0.00,0.00,0.00,0,False
Niall,Huggins,Huggins,Sunderland,DEF,6,537,0,0,0,0,0,0,0,0,0,0,0,0,0,0.0,0.0,0.0,0.0,0,0,0,0,0,0.00,0.00,0.00,0.00,0,False
Zak,Johnson,Johnson,Sunderland,DEF,6,538,0,0,0,0,0,0,0,0,0,0,0,0,0,0.0,0.0,0.0,0.0,0,0,0,0,0,0.00,0.00,0.00,0.00,0,False
Luke,O'Nien,O'Nien,Sunderland,DEF,6,539,0,0,0,0,0,0,0,0,0,0,0,0,0,0.0,0.0,0.0,0.0,0,0,0,0,0,0.00,0.00,0.00,0.00,0,False
Timothée,Pembélé,Pembele,Sunderland,DEF,6,540,0,0,0,0,0,0,0,0,0,0,0,0,0,0.0,0.0,0.0,0.0,0,0,0,0,0,0.00,0.00,0.00,0.00,0,False
Reinildo,Mandava,Reinildo,Sunderland,DEF,6,541,0,0,0,0,0,0,0,0,0,0,0,0,0,0.0,0.0,0.0,0.0,0,0,0,0,0,0.00,0.00,0.00,0.00,0,False
Jenson,Seelt,Seelt,Sunderland,DEF,6,542,0,0,0,0,0,0,0,0,0,0,0,0,0,0.0,0.0,0.0,0.0,0,0,0,0,0,0.00,0.00,0.00,0.00,0,False
Simon,Adingra,Adingra,Sunderland,MID,6,543,5,0,0,0,0,0,0,0,0,0,0,0,2,0.0,0.0,2.0,0.2,0,0,0,0,0,0.00,0.00,0.00,0.07,1,False
Habib,Diarra,Diarra,Sunderland,MID,6,544,0,0,0,0,0,0,0,0,0,0,0,0,0,0.0,0.0,0.0,0.0,0,0,0,0,0,0.00,0.00,0.00,0.00,0,False
Patrick,Roberts,Roberts,Sunderland,MID,6,545,0,0,0,0,0,0,0,0,0,0,0,0,0,0.0,0.0,0.0,0.0,0,0,0,0,0,0.00,0.00,0.00,0.00,0,False
Milan,Aleksić,Aleksić,Sunderland,MID,6,546,0,0,0,0,0,0,0,0,0,0,0,0,0,0.0,0.0,0.0,0.0,0,0,0,0,0,0.00,0.00,0.00,0.00,0,False
Enzo,Le Fée,E.Le Fée,Sunderland,MID,6,547,74,0,0,1,0,0,0,0,0,0,0,0,9,7.4,11.8,4.0,2.3,1,2,1,4,1,0.00,0.15,0.15,1.09,3,False
Romaine,Mundle,Mundle,Sunderland,MID,6,548,0,0,0,0,0,0,0,0,0,0,0,0,0,0.0,0.0,0.0,0.0,0,0,0,0,0,0.00,0.00,0.00,0.00,0,False
Dan,Neil,Neil,Sunderland,MID,6,549,0,0,0,0,0,0,0,0,0,0,0,0,0,0.0,0.0,0.0,0.0,0,0,0,0,0,0.00,0.00,0.00,0.00,0,False
Ian,Poveda-Ocampo,Poveda,Sunderland,MID,6,550,0,0,0,0,0,0,0,0,0,0,0,0,0,0.0,0.0,0.0,0.0,0,0,0,0,0,0.00,0.00,0.00,0.00,0,False
Chris,Rigg,Rigg,Sunderland,MID,6,551,58,0,0,0,0,0,0,0,0,0,0,0,1,3.6,2.1,1.0,0.7,1,3,1,5,1,0.06,0.01,0.07,0.45,1,False
Noah,Sadiki,Sadiki,Sunderland,MID,6,552,90,0,0,1,0,0,0,0,1,0,0,0,16,5.0,6.1,2.0,1.3,2,4,0,6,1,0.03,0.02,0.05,1.68,2,False
Chemsdine,Talbi,Talbi,Sunderland,MID,6,553,84,0,0,1,0,0,0,0,0,0,0,0,8,3.4,1.9,6.0,1.1,1,4,2,7,1,0.05,0.03,0.07,1.61,3,False
Abdoullah,Ba,Ba,Sunderland,MID,6,554,0,0,0,0,0,0,0,0,0,0,0,0,0,0.0,0.0,0.0,0.0,0,0,0,0,0,0.00,0.00,0.00,0.00,0,False
Alan,Browne,Browne,Sunderland,MID,6,555,0,0,0,0,0,0,0,0,0,0,0,0,0,0.0,0.0,0.0,0.0,0,0,0,0,0,0.00,0.00,0.00,0.00,0,False
Pierre,Ekwah Elimby,Ekwah,Sunderland,MID,6,556,0,0,0,0,0,0,0,0,0,0,0,0,0,0.0,0.0,0.0,0.0,0,0,0,0,0,0.00,0.00,0.00,0.00,0,False
Harrison,Jones,H.Jones,Sunderland,MID,6,557,0,0,0,0,0,0,0,0,0,0,0,0,0,0.0,0.0,0.0,0.0,0,0,0,0,0,0.00,0.00,0.00,0.00,0,False
Jay,Matete,Matete,Sunderland,MID,6,558,0,0,0,0,0,0,0,0,0,0,0,0,0,0.0,0.0,0.0,0.0,0,0,0,0,0,0.00,0.00,0.00,0.00,0,False
Nectarios,Triantis,Triantis,Sunderland,MID,6,559,0,0,0,0,0,0,0,0,0,0,0,0,0,0.0,0.0,0.0,0.0,0,0,0,0,0,0.00,0.00,0.00,0.00,0,False
Wilson,Isidor,Isidor,Sunderland,FWD,6,560,84,0,0,1,0,0,0,0,0,0,0,0,4,1.0,2.8,19.0,2.3,2,1,0,3,1,0.22,0.03,0.25,1.61,2,False
Eliezer,Mayenda Dossou,Mayenda,Sunderland,FWD,6,561,0,0,0,0,0,0,0,0,0,0,0,0,0,0.0,0.0,0.0,0.0,0,0,0,0,0,0.00,0.00,0.00,0.00,0,False
Ahmed,Abdullahi,Abdullahi,Sunderland,FWD,6,562,0,0,0,0,0,0,0,0,0,0,0,0,0,0.0,0.0,0.0,0.0,0,0,0,0,0,0.00,0.00,0.00,0.00,0,False
Luís Hemir,Silva Semedo,Luís Hemir,Sunderland,FWD,6,563,0,0,0,0,0,0,0,0,0,0,0,0,0,0.0,0.0,0.0,0.0,0,0,0,0,0,0.00,0.00,0.00,0.00,0,False
Nazarii,Rusyn,Rusyn,Sunderland,FWD,6,564,0,0,0,0,0,0,0,0,0,0,0,0,0,0.0,0.0,0.0,0.0,0,0,0,0,0,0.00,0.00,0.00,0.00,0,False
Guglielmo,Vicario,Vicario,Spurs,GKP,6,565,90,0,0,0,1,0,0,0,0,0,2,0,10,19.0,0.0,0.0,1.9,0,6,0,0,1,0.00,0.00,0.00,1.15,2,False
Brandon,Austin,Austin,Spurs,GKP,6,566,0,0,0,0,0,0,0,0,0,0,0,0,0,0.0,0.0,0.0,0.0,0,0,0,0,0,0.00,0.00,0.00,0.00,0,False
Antonín,Kinský,Kinsky,Spurs,GKP,6,567,0,0,0,0,0,0,0,0,0,0,0,0,0,0.0,0.0,0.0,0.0,0,0,0,0,0,0.00,0.00,0.00,0.00,0,False
Pedro,Porro Sauceda,Pedro Porro,Spurs,DEF,6,568,27,0,0,0,0,0,0,0,0,0,0,0,6,8.8,15.7,0.0,2.5,2,1,0,2,0,0.00,0.03,0.03,0.15,1,False
Cristian,Romero,Romero,Spurs,DEF,6,569,90,0,0,0,1,0,0,0,0,0,0,0,5,9.2,1.9,5.0,1.6,2,0,2,4,1,0.03,0.05,0.08,1.15,2,False
Kevin,Danso,Danso,Spurs,DEF,6,570,0,0,0,0,0,0,0,0,0,0,0,0,0,0.0,0.0,0.0,0.0,0,0,0,0,0,0.00,0.00,0.00,0.00,0,False
Ben,Davies,Davies,Spurs,DEF,6,571,0,0,0,0,0,0,0,0,0,0,0,0,0,0.0,0.0,0.0,0.0,0,0,0,0,0,0.00,0.00,0.00,0.00,0,False
Radu,Drăgușin,Dragusin,Spurs,DEF,6,572,0,0,0,0,0,0,0,0,0,0,0,0,0,0.0,0.0,0.0,0.0,0,0,0,0,0,0.00,0.00,0.00,0.00,0,False
Djed,Spence,Spence,Spurs,DEF,6,573,62,0,0,0,1,0,0,0,0,0,0,0,7,8.4,16.7,0.0,2.5,2,1,0,2,1,0.00,0.05,0.05,1.00,2,False
Destiny,Udogie,Udogie,Spurs,DEF,6,574,83,0,0,0,1,0,0,0,0,0,0,0,9,12.6,4.3,4.0,2.1,3,4,1,4,1,0.00,0.02,0.02,1.15,2,False
Micky,van de Ven,Van de Ven,Spurs,DEF,6,575,90,0,0,0,1,0,0,0,0,0,0,0,14,16.6,12.2,11.0,4.0,5,5,1,6,1,0.01,0.13,0.14,1.15,2,False
Ashley,Phillips,Phillips,Spurs,DEF,6,576,0,0,0,0,0,0,0,0,0,0,0,0,0,0.0,0.0,0.0,0.0,0,0,0,0,0,0.00,0.00,0.00,0.00,0,False
Takai,Kōta,Takai,Spurs,DEF,6,577,0,0,0,0,0,0,0,0,0,0,0,0,0,0.0,0.0,0.0,0.0,0,0,0,0,0,0.00,0.00,0.00,0.00,0,False
Luka,Vušković,Vuskovic,Spurs,DEF,6,578,0,0,0,0,0,0,0,0,0,0,0,0,0,0.0,0.0,0.0,0.0,0,0,0,0,0,0.00,0.00,0.00,0.00,0,False
Son,Heung-min,Son,Spurs,MID,6,579,0,0,0,0,0,0,0,0,0,0,0,0,0,0.0,0.0,0.0,0.0,0,0,0,0,0,0.00,0.00,0.00,0.00,0,False
Brennan,Johnson,Johnson,Spurs,MID,6,580,28,0,0,0,0,0,0,0,0,0,0,0,3,2.0,0.1,0.0,0.2,1,0,0,1,0,0.00,0.00,0.00,0.15,1,False
James,Maddison,Maddison,Spurs,MID,6,581,0,0,0,0,0,0,0,0,0,0,0,0,0,0.0,0.0,0.0,0.0,0,0,0,0,0,0.00,0.00,0.00,0.00,0,False
Mohammed,Kudus,Kudus,Spurs,MID,6,582,90,0,0,0,1,0,0,0,0,0,0,0,7,22.2,23.4,52.0,9.8,0,6,3,9,1,0.38,0.08,0.46,1.15,2,False
Dejan,Kulusevski,Kulusevski,Spurs,MID,6,583,0,0,0,0,0,0,0,0,0,0,0,0,0,0.0,0.0,0.0,0.0,0,0,0,0,0,0.00,0.00,0.00,0.00,0,False
Mathys,Tel,Tel,Spurs,MID,6,584,6,0,0,0,0,0,0,0,0,0,0,0,6,5.2,4.3,0.0,1.0,0,0,1,1,0,0.00,0.03,0.03,0.00,1,False
Rodrigo,Bentancur,Bentancur,Spurs,MID,6,585,61,0,0,0,1,0,0,0,0,0,0,0,10,12.8,3.5,9.0,2.5,3,5,3,11,1,0.06,0.03,0.09,1.00,2,False
Lucas,Bergvall,Bergvall,Spurs,MID,6,586,77,0,0,0,1,0,0,0,1,0,0,0,3,0.2,5.8,12.0,1.8,3,3,1,7,1,0.29,0.09,0.38,1.15,1,False
Yves,Bissouma,Bissouma,Spurs,MID,6,587,0,0,0,0,0,0,0,0,0,0,0,0,0,0.0,0.0,0.0,0.0,0,0,0,0,0,0.00,0.00,0.00,0.00,0,False
Wilson,Odobert,Odobert,Spurs,MID,6,588,12,0,0,0,0,0,0,0,0,0,0,0,3,4.6,1.1,0.0,0.6,0,0,1,1,0,0.00,0.01,0.01,0.00,1,False
Manor,Solomon,Solomon,Spurs,MID,6,589,0,0,0,0,0,0,0,0,0,0,0,0,0,0.0,0.0,0.0,0.0,0,0,0,0,0,0.00,0.00,0.00,0.00,0,False
Bryan,Gil Salvatierra,Bryan,Spurs,MID,6,590,0,0,0,0,0,0,0,0,0,0,0,0,0,0.0,0.0,0.0,0.0,0,0,0,0,0,0.00,0.00,0.00,0.00,0,False
Archie,Gray,Gray,Spurs,MID,6,591,0,0,0,0,0,0,0,0,0,0,0,0,0,0.0,0.0,0.0,0.0,0,0,0,0,0,0.00,0.00,0.00,0.00,0,False
Mikey,Moore,Moore,Spurs,MID,6,592,0,0,0,0,0,0,0,0,0,0,0,0,0,0.0,0.0,0.0,0.0,0,0,0,0,0,0.00,0.00,0.00,0.00,0,False
Pape Matar,Sarr,P.M.Sarr,Spurs,MID,6,593,12,0,1,0,0,0,0,0,0,0,0,0,12,17.6,12.2,2.0,3.2,1,2,0,3,0,0.00,0.03,0.03,0.00,4,False
Yang,Min-hyeok,Min-hyeok,Spurs,MID,6,594,0,0,0,0,0,0,0,0,0,0,0,0,0,0.0,0.0,0.0,0.0,0,0,0,0,0,0.00,0.00,0.00,0.00,0,False
Callum,Olusesi,Olusesi,Spurs,MID,6,595,0,0,0,0,0,0,0,0,0,0,0,0,0,0.0,0.0,0.0,0.0,0,0,0,0,0,0.00,0.00,0.00,0.00,0,False
Dominic,Solanke-Mitchell,Solanke,Spurs,FWD,6,596,0,0,0,0,0,0,0,0,0,0,0,0,0,0.0,0.0,0.0,0.0,0,0,0,0,0,0.00,0.00,0.00,0.00,0,False
Richarlison,de Andrade,Richarlison,Spurs,FWD,6,597,90,0,0,0,1,0,0,0,0,0,0,0,5,2.4,0.8,6.0,0.9,2,2,0,4,1,0.02,0.01,0.03,1.15,2,False
Will,Lankshear,Lankshear,Spurs,FWD,6,598,0,0,0,0,0,0,0,0,0,0,0,0,0,0.0,0.0,0.0,0.0,0,0,0,0,0,0.00,0.00,0.00,0.00,0,False
Dane,Scarlett,Scarlett,Spurs,FWD,6,599,0,0,0,0,0,0,0,0,0,0,0,0,0,0.0,0.0,0.0,0.0,0,0,0,0,0,0.00,0.00,0.00,0.00,0,False
Alphonse,Areola,Areola,West Ham,GKP,6,600,90,0,0,0,1,0,0,0,0,0,5,0,20,40.0,0.0,0.0,4.0,2,9,0,0,1,0.00,0.00,0.00,0.73,3,False
Wes,Foderingham,Foderingham,West Ham,GKP,6,601,0,0,0,0,0,0,0,0,0,0,0,0,0,0.0,0.0,0.0,0.0,0,0,0,0,0,0.00,0.00,0.00,0.00,0,False
Krisztián,Hegyi,Hegyi,West Ham,GKP,6,602,0,0,0,0,0,0,0,0,0,0,0,0,0,0.0,0.0,0.0,0.0,0,0,0,0,0,0.00,0.00,0.00,0.00,0,False
El Hadji Malick,Diouf,Diouf,West Ham,DEF,6,603,90,0,1,0,1,0,0,0,0,0,0,0,10,5.6,5.9,3.0,1.5,4,4,1,5,1,0.01,0.07,0.08,0.73,5,False
Emerson,Palmieri dos Santos,Emerson,West Ham,DEF,6,604,0,0,0,0,0,0,0,0,0,0,0,0,0,0.0,0.0,0.0,0.0,0,0,0,0,0,0.00,0.00,0.00,0.00,0,False
Maximilian,Kilman,Kilman,West Ham,DEF,6,605,90,0,0,0,1,0,0,0,1,0,0,0,8,29.2,10.8,2.0,4.2,10,2,3,13,1,0.00,0.15,0.15,0.73,3,False
Konstantinos,Mavropanos,Mavropanos,West Ham,DEF,6,606,90,0,0,0,1,0,0,0,1,0,0,0,6,11.4,0.8,16.0,2.8,6,3,1,7,1,0.14,0.01,0.15,0.73,1,False
Nayef,Aguerd,N.Aguerd,West Ham,DEF,6,607,0,0,0,0,0,0,0,0,0,0,0,0,0,0.0,0.0,0.0,0.0,0,0,0,0,0,0.00,0.00,0.00,0.00,0,False
Ollie,Scarles,Scarles,West Ham,DEF,6,608,0,0,0,0,0,0,0,0,0,0,0,0,0,0.0,0.0,0.0,0.0,0,0,0,0,0,0.00,0.00,0.00,0.00,0,False
Jean-Clair,Todibo,Todibo,West Ham,DEF,6,609,0,0,0,0,0,0,0,0,0,0,0,0,0,0.0,0.0,0.0,0.0,0,0,0,0,0,0.00,0.00,0.00,0.00,0,False
Aaron,Wan-Bissaka,Wan-Bissaka,West Ham,DEF,6,610,0,0,0,0,0,0,0,0,0,0,0,0,0,0.0,0.0,0.0,0.0,0,0,0,0,0,0.00,0.00,0.00,0.00,0,False
Kaelan,Casey,Casey,West Ham,DEF,6,611,0,0,0,0,0,0,0,0,0,0,0,0,0,0.0,0.0,0.0,0.0,0,0,0,0,0,0.00,0.00,0.00,0.00,0,False
Lucas,Tolentino Coelho de Lima,L.Paquetá,West Ham,MID,6,612,90,0,0,0,1,0,0,0,0,0,0,0,17,19.6,48.4,6.0,7.4,3,7,3,13,1,0.09,0.21,0.30,0.73,4,False
Tomáš,Souček,Souček,West Ham,MID,6,613,0,0,0,0,0,0,0,0,0,0,0,0,0,0.0,0.0,0.0,0.0,0,0,0,0,0,0.00,0.00,0.00,0.00,0,False
James,Ward-Prowse,Ward-Prowse,West Ham,MID,6,614,0,0,0,0,0,0,0,0,0,0,0,0,0,0.0,0.0,0.0,0.0,0,0,0,0,0,0.00,0.00,0.00,0.00,0,False
Crysencio,Summerville,Summerville,West Ham,MID,6,615,76,0,0,0,1,0,0,0,0,0,0,0,13,17.4,21.6,34.0,7.3,4,5,0,9,1,0.42,0.12,0.54,0.64,2,False
Edson,Álvarez Velázquez,Álvarez,West Ham,MID,6,616,0,0,0,0,0,0,0,0,0,0,0,0,0,0.0,0.0,0.0,0.0,0,0,0,0,0,0.00,0.00,0.00,0.00,0,False
Maxwel,Cornet,Cornet,West Ham,MID,6,617,0,0,0,0,0,0,0,0,0,0,0,0,0,0.0,0.0,0.0,0.0,0,0,0,0,0,0.00,0.00,0.00,0.00,0,False
Guido,Rodríguez,G.Rodriguez,West Ham,MID,6,618,0,0,0,0,0,0,0,0,0,0,0,0,0,0.0,0.0,0.0,0.0,0,0,0,0,0,0.00,0.00,0.00,0.00,0,False
Luis Guilherme,Lira dos Santos,L.Guilherme,West Ham,MID,6,619,13,0,0,0,0,0,0,0,0,0,0,0,2,0.2,0.6,0.0,0.1,0,2,0,2,0,0.00,0.00,0.00,0.09,1,False
George,Earthy,Earthy,West Ham,MID,6,620,0,0,0,0,0,0,0,0,0,0,0,0,0,0.0,0.0,0.0,0.0,0,0,0,0,0,0.00,0.00,0.00,0.00,0,False
Andy,Irving,Irving,West Ham,MID,6,621,1,0,0,0,0,0,0,0,0,0,0,0,3,0.0,0.0,0.0,0.0,0,0,0,0,0,0.00,0.00,0.00,0.00,1,False
Lewis,Orford,Orford,West Ham,MID,6,622,0,0,0,0,0,0,0,0,0,0,0,0,0,0.0,0.0,0.0,0.0,0,0,0,0,0,0.00,0.00,0.00,0.00,0,False
Freddie,Potts,Potts,West Ham,MID,6,623,31,0,0,0,0,0,0,0,0,0,0,0,7,7.6,1.3,0.0,0.9,2,1,2,5,0,0.00,0.01,0.01,0.09,1,False
Jarrod,Bowen,Bowen,West Ham,FWD,6,624,90,1,0,0,1,0,0,0,0,0,0,3,33,35.2,3.3,35.0,7.4,2,3,0,5,1,0.16,0.05,0.21,0.73,9,False
Niclas,Füllkrug,Füllkrug,West Ham,FWD,6,625,90,0,0,0,1,0,0,0,0,0,0,0,13,16.8,35.0,47.0,9.9,5,4,1,10,1,0.24,0.05,0.29,0.73,2,False
Callum,Marshall,Marshall,West Ham,FWD,6,626,0,0,0,0,0,0,0,0,0,0,0,0,0,0.0,0.0,0.0,0.0,0,0,0,0,0,0.00,0.00,0.00,0.00,0,False
Sam,Johnstone,Johnstone,Wolves,GKP,6,627,90,0,0,0,1,0,0,0,0,0,2,0,11,19.6,0.0,0.0,2.0,2,6,0,0,1,0.00,0.00,0.00,0.87,2,False
José,Malheiro de Sá,José Sá,Wolves,GKP,6,628,0,0,0,0,0,0,0,0,0,0,0,0,0,0.0,0.0,0.0,0.0,0,0,0,0,0,0.00,0.00,0.00,0.00,0,False
Daniel,Bentley,Bentley,Wolves,GKP,6,629,0,0,0,0,0,0,0,0,0,0,0,0,0,0.0,0.0,0.0,0.0,0,0,0,0,0,0.00,0.00,0.00,0.00,0,False
Tom,King,King,Everton,GKP,6,630,0,0,0,0,0,0,0,0,0,0,0,0,0,0.0,0.0,0.0,0.0,0,0,0,0,0,0.00,0.00,0.00,0.00,0,False
Emmanuel,Agbadou,Agbadou,Wolves,DEF,6,631,45,0,0,0,1,0,0,0,0,0,0,0,0,5.2,0.0,0.0,0.5,3,1,0,3,0,0.00,0.00,0.00,0.19,1,False
Matt,Doherty,Doherty,Wolves,DEF,6,632,45,0,0,0,0,0,0,0,1,0,0,0,-2,1.2,1.4,4.0,0.7,2,1,1,3,1,0.07,0.01,0.08,0.68,0,False
Hugo,Bueno López,H.Bueno,Wolves,DEF,6,633,90,0,0,0,1,0,0,0,0,0,0,0,16,25.8,6.1,17.0,4.9,5,6,4,9,1,0.08,0.01,0.09,0.87,2,False
Yerson,Mosquera Valdelamar,Mosquera,Wolves,DEF,6,634,0,0,0,0,0,0,0,0,0,0,0,0,0,0.0,0.0,0.0,0.0,0,0,0,0,0,0.00,0.00,0.00,0.00,0,False
Rodrigo,Martins Gomes,R.Gomes,Wolves,DEF,6,635,0,0,0,0,0,0,0,0,0,0,0,0,0,0.0,0.0,0.0,0.0,0,0,0,0,0,0.00,0.00,0.00,0.00,0,False
Santiago,Ignacio Bueno,S.Bueno,Wolves,DEF,6,636,90,1,0,0,1,0,0,0,0,0,0,2,32,61.8,11.2,37.0,11.0,7,3,8,15,1,0.75,0.01,0.76,0.87,12,True
Toti,Gomes,Toti,Wolves,DEF,6,637,1,0,0,0,1,0,0,0,0,0,0,0,-1,0.0,0.0,0.0,0.0,0,0,0,0,0,0.00,0.00,0.00,0.06,1,False
Ki-Jana,Hoever,Hoever,Wolves,DEF,6,638,0,0,0,0,0,0,0,0,0,0,0,0,0,0.0,0.0,0.0,0.0,0,0,0,0,0,0.00,0.00,0.00,0.00,0,False
Bastien,Meupiyou Menadjou,Meupiyou,Wolves,DEF,6,639,0,0,0,0,0,0,0,0,0,0,0,0,0,0.0,0.0,0.0,0.0,0,0,0,0,0,0.00,0.00,0.00,0.00,0,False
Pedro,Cardoso de Lima,Pedro Lima,Wolves,DEF,6,640,0,0,0,0,0,0,0,0,0,0,0,0,0,0.0,0.0,0.0,0.0,0,0,0,0,0,0.00,0.00,0.00,0.00,0,False
Alfie,Pond,Pond,Wolves,DEF,6,641,0,0,0,0,0,0,0,0,0,0,0,0,0,0.0,0.0,0.0,0.0,0,0,0,0,0,0.00,0.00,0.00,0.00,0,False
Hwang,Hee-chan,Hee Chan,Wolves,MID,6,642,45,0,0,0,0,0,0,0,0,0,0,0,5,4.2,1.4,1.0,0.7,1,0,1,2,1,0.02,0.01,0.03,0.68,1,False
André,Trindade da Costa Neto,André,Wolves,MID,6,643,90,0,0,0,1,0,0,0,0,0,0,1,18,15.8,1.3,2.0,1.9,5,7,3,15,1,0.00,0.03,0.03,0.87,5,False
Jean-Ricner,Bellegarde,Bellegarde,Wolves,MID,6,644,26,0,0,0,1,0,0,0,0,0,0,0,8,4.6,2.3,6.0,1.3,1,1,2,4,0,0.07,0.04,0.11,0.13,1,False
Fer,López González,Fer López,Wolves,MID,6,645,0,0,0,0,0,0,0,0,0,0,0,0,0,0.0,0.0,0.0,0.0,0,0,0,0,0,0.00,0.00,0.00,0.00,0,False
João Victor,Gomes da Silva,Gomes,Wolves,MID,6,646,63,0,0,1,0,0,0,0,1,0,0,0,2,1.4,2.6,0.0,0.4,1,5,2,8,1,0.00,0.01,0.01,0.74,2,False
Gonçalo Manuel,Ganchinho Guedes,Guedes,Wolves,MID,6,647,0,0,0,0,0,0,0,0,0,0,0,0,0,0.0,0.0,0.0,0.0,0,0,0,0,0,0.00,0.00,0.00,0.00,0,False
Marshall,Munetsi,Munetsi,Wolves,MID,6,648,90,0,0,0,1,0,0,0,0,0,0,0,12,27.6,3.3,4.0,3.5,11,0,3,14,1,0.00,0.06,0.06,0.87,4,False
Boubacar,Traoré,B.Traore,Wolves,MID,6,649,0,0,0,0,0,0,0,0,0,0,0,0,0,0.0,0.0,0.0,0.0,0,0,0,0,0,0.00,0.00,0.00,0.00,0,False
Tawanda,Chirewa,Chirewa,Wolves,MID,6,650,0,0,0,0,0,0,0,0,0,0,0,0,0,0.0,0.0,0.0,0.0,0,0,0,0,0,0.00,0.00,0.00,0.00,0,False
Tom,Edozie,Edozie,Wolves,MID,6,651,0,0,0,0,0,0,0,0,0,0,0,0,0,0.0,0.0,0.0,0.0,0,0,0,0,0,0.00,0.00,0.00,0.00,0,False
Enso,González Medina,Gonzalez,Wolves,MID,6,652,0,0,0,0,0,0,0,0,0,0,0,0,0,0.0,0.0,0.0,0.0,0,0,0,0,0,0.00,0.00,0.00,0.00,0,False
Joe,Hodge,Hodge,Wolves,MID,6,653,0,0,0,0,0,0,0,0,0,0,0,0,0,0.0,0.0,0.0,0.0,0,0,0,0,0,0.00,0.00,0.00,0.00,0,False
Jørgen,Strand Larsen,Strand Larsen,Wolves,FWD,6,654,83,0,0,1,0,0,0,0,0,0,0,0,6,1.6,1.6,11.0,1.4,3,0,0,3,1,0.08,0.01,0.09,0.81,2,False
Fábio,Soares Silva,Fábio Silva,Wolves,FWD,6,655,0,0,0,0,0,0,0,0,0,0,0,0,0,0.0,0.0,0.0,0.0,0,0,0,0,0,0.00,0.00,0.00,0.00,0,False
Saša,Kalajdžić,Kalajdžić,Wolves,FWD,6,656,0,0,0,0,0,0,0,0,0,0,0,0,0,0.0,0.0,0.0,0.0,0,0,0,0,0,0.00,0.00,0.00,0.00,0,False
Leon,Chiwome,Chiwome,Wolves,FWD,6,657,0,0,0,0,0,0,0,0,0,0,0,0,0,0.0,0.0,0.0,0.0,0,0,0,0,0,0.00,0.00,0.00,0.00,0,False
Nathan,Fraser,Fraser,Wolves,FWD,6,658,0,0,0,0,0,0,0,0,0,0,0,0,0,0.0,0.0,0.0,0.0,0,0,0,0,0,0.00,0.00,0.00,0.00,0,False
Kyle,Walker-Peters,Walker-Peters,West Ham,DEF,6,659,90,0,0,0,1,0,0,0,1,0,0,0,5,11.8,23.9,0.0,3.6,3,3,2,5,1,0.00,0.02,0.02,0.73,1,False
Anton,Stach,Stach,Leeds,MID,6,660,90,0,0,0,2,0,0,0,0,0,0,0,10,7.0,15.6,0.0,2.3,0,5,2,7,1,0.00,0.01,0.01,0.82,2,False
Hugo,Ekitiké,Ekitiké,Liverpool,FWD,6,661,0,0,0,0,0,0,0,0,0,0,0,0,0,0.0,0.0,0.0,0.0,0,0,0,0,0,0.00,0.00,0.00,0.00,0,False
Cristhian,Mosquera,Mosquera,Arsenal,DEF,6,662,45,0,0,0,1,0,0,0,0,0,0,0,1,3.8,0.2,0.0,0.4,4,0,0,4,1,0.00,0.00,0.00,0.41,1,False
Jhon,Arias,J.Arias,Wolves,MID,6,663,90,0,0,1,0,0,0,0,0,0,0,0,17,21.0,48.3,9.0,7.8,3,6,5,14,1,0.06,0.13,0.19,0.81,5,False
Benjamin,Lecomte,Lecomte,Fulham,GKP,6,664,0,0,0,0,0,0,0,0,0,0,0,0,0,0.0,0.0,0.0,0.0,0,0,0,0,0,0.00,0.00,0.00,0.00,0,False
Lucas Estella,Perri,Perri,Leeds,GKP,6,665,0,0,0,0,0,0,0,0,0,0,0,0,0,0.0,0.0,0.0,0.0,0,0,0,0,0,0.00,0.00,0.00,0.00,0,False
Viktor,Gyökeres,Gyökeres,Arsenal,FWD,6,666,90,0,0,0,1,0,0,0,0,0,0,0,9,7.6,21.7,52.0,8.1,1,4,1,6,1,0.26,0.12,0.38,0.61,2,False
Adam,Aznou,Aznou,Everton,DEF,6,667,0,0,0,0,0,0,0,0,0,0,0,0,0,0.0,0.0,0.0,0.0,0,0,0,0,0,0.00,0.00,0.00,0.00,0,False
Granit,Xhaka,Xhaka,Sunderland,MID,6,668,90,0,1,1,0,0,0,0,0,0,0,1,33,47.8,16.3,0.0,6.4,11,7,2,20,1,0.00,0.23,0.23,1.68,9,False
Dan,Ndoye,Ndoye,Nott'm Forest,MID,6,669,59,0,0,0,1,0,0,0,0,0,0,0,5,2.4,3.1,13.0,1.9,0,1,1,2,1,0.05,0.01,0.06,0.74,1,False
Robin,Roefs,Roefs,Sunderland,GKP,6,670,90,0,0,1,0,0,0,0,0,0,6,2,39,48.6,20.0,0.0,6.9,1,11,0,0,1,0.00,0.01,0.01,1.68,10,True
Callum,Wilson,Wilson,West Ham,FWD,6,671,0,0,0,0,0,0,0,0,0,0,0,0,0,0.0,0.0,0.0,0.0,0,0,0,0,0,0.00,0.00,0.00,0.00,0,False
Jorrel,Hato,Hato,Chelsea,DEF,6,672,78,0,0,0,1,0,0,0,0,0,0,0,7,12.0,0.4,2.0,1.4,1,2,1,2,1,0.00,0.00,0.00,1.05,2,False
João Maria,Lobo Alves Palhares Costa Palhinha Gonçalves,J.Palhinha,Spurs,MID,6,673,90,1,0,0,1,0,0,0,1,0,0,3,33,45.6,11.0,12.0,6.9,3,4,4,11,1,0.08,0.01,0.09,1.15,9,False
Aaron,Ramsdale,Ramsdale,Newcastle,GKP,6,674,0,0,0,0,0,0,0,0,0,0,0,0,0,0.0,0.0,0.0,0.0,0,0,0,0,0,0.00,0.00,0.00,0.00,0,False
Angus,Gunn,Gunn,Nott'm Forest,GKP,6,675,0,0,0,0,0,0,0,0,0,0,0,0,0,0.0,0.0,0.0,0.0,0,0,0,0,0,0.00,0.00,0.00,0.00,0,False
Lesley,Ugochukwu,Ugochukwu,Burnley,MID,6,676,11,0,0,0,2,0,0,0,0,0,0,0,4,0.4,0.0,0.0,0.0,0,0,0,0,0,0.00,0.00,0.00,0.78,1,False
Evann,Guessand,Guessand,Aston Villa,MID,6,677,82,0,0,0,1,0,0,0,0,0,0,0,9,7.6,1.3,6.0,1.5,0,4,2,6,1,0.00,0.01,0.01,0.80,2,False
Arthur,Masuaku,Masuaku,Sunderland,DEF,6,678,58,0,0,0,0,0,0,0,1,0,0,0,3,8.8,4.8,7.0,2.1,2,1,2,4,1,0.07,0.01,0.08,0.45,0,False
Mads,Hermansen,Hermansen,West Ham,GKP,6,679,0,0,0,0,0,0,0,0,0,0,0,0,0,0.0,0.0,0.0,0.0,0,0,0,0,0,0.00,0.00,0.00,0.00,0,False
Armando,Broja,Broja,Burnley,FWD,6,680,10,0,0,0,2,0,0,0,0,0,0,0,3,0.0,0.5,2.0,0.3,0,0,0,0,0,0.00,0.00,0.00,0.78,1,False
Benjamin,Sesko,Šeško,Man Utd,FWD,6,681,90,1,0,0,3,0,0,0,0,0,0,2,33,48.0,12.7,120.0,18.1,2,1,0,3,1,0.89,0.01,0.90,2.02,8,False
David,Møller Wolfe,Møller Wolfe,Wolves,DEF,6,682,0,0,0,0,0,0,0,0,0,0,0,0,0,0.0,0.0,0.0,0.0,0,0,0,0,0,0.00,0.00,0.00,0.00,0,False
Omar,Alderete,Alderete,Sunderland,DEF,6,683,90,1,0,1,0,0,0,0,0,0,0,3,45,62.0,3.3,35.0,10.0,11,0,0,11,1,0.31,0.16,0.47,1.68,17,True
Malick,Thiaw,Thiaw,Newcastle,DEF,6,684,90,0,0,0,2,0,0,0,0,0,0,0,7,17.8,0.1,22.0,4.0,9,4,1,10,1,0.07,0.00,0.07,2.04,3,False
Bafodé,Diakité,Diakité,Bournemouth,DEF,6,685,90,0,0,0,2,0,0,0,0,0,0,0,11,31.4,2.1,0.0,3.4,13,3,1,14,1,0.00,0.02,0.02,1.84,3,False
Rio,Ngumoha,Ngumoha,Liverpool,MID,6,686,6,0,0,0,1,0,0,0,0,0,0,0,4,2.0,0.5,0.0,0.3,0,0,1,1,0,0.00,0.00,0.00,0.56,1,False
Remy,Rees-Dottin,Rees-Dottin,Bournemouth,MID,6,687,0,0,0,0,0,0,0,0,0,0,0,0,0,0.0,0.0,0.0,0.0,0,0,0,0,0,0.00,0.00,0.00,0.00,0,False
James,Wright,Wright,Aston Villa,GKP,6,688,0,0,0,0,0,0,0,0,0,0,0,0,0,0.0,0.0,0.0,0.0,0,0,0,0,0,0.00,0.00,0.00,0.00,0,False
Seung-Soo,Park,Seung soo,Newcastle,MID,6,689,0,0,0,0,0,0,0,0,0,0,0,0,0,0.0,0.0,0.0,0.0,0,0,0,0,0,0.00,0.00,0.00,0.00,0,False
Rio,Cardines,Cardines,Crystal Palace,MID,6,690,0,0,0,0,0,0,0,0,0,0,0,0,0,0.0,0.0,0.0,0.0,0,0,0,0,0,0.00,0.00,0.00,0.00,0,False
Dominic,Calvert-Lewin,Calvert-Lewin,Leeds,FWD,6,691,90,0,0,0,1,0,0,0,0,0,0,0,1,12.0,13.4,55.0,8.0,0,2,1,3,1,0.70,0.04,0.74,0.58,2,False
Giovanni,Leoni,Leoni,Liverpool,DEF,6,692,0,0,0,0,0,0,0,0,0,0,0,0,0,0.0,0.0,0.0,0.0,0,0,0,0,0,0.00,0.00,0.00,0.00,0,False
Omari,Hutchinson,Hutchinson,Nott'm Forest,MID,6,693,18,0,0,0,0,0,0,0,0,0,0,0,18,22.6,53.2,26.0,10.2,0,1,1,2,0,0.22,0.34,0.56,0.41,1,False
Nordi,Mukiele,Mukiele,Sunderland,DEF,6,694,90,0,0,1,0,0,0,0,0,0,0,0,26,19.6,1.1,0.0,2.1,8,2,1,9,1,0.00,0.00,0.00,1.68,6,False
Jackson,Tchatchoua,Tchatchoua,Wolves,DEF,6,695,45,0,0,0,1,0,0,0,0,0,0,0,0,9.8,0.8,0.0,1.1,3,3,2,5,0,0.00,0.00,0.00,0.19,1,False
Arnaud,Kalimuendo,Kalimuendo,Nott'm Forest,FWD,6,696,1,0,0,0,0,0,0,0,0,0,0,0,3,0.0,0.3,0.0,0.0,0,0,0,0,0,0.00,0.00,0.00,0.27,1,False
Amine,Adli,Adli,Bournemouth,MID,6,697,59,0,0,0,2,0,0,0,0,0,0,0,9,16.8,23.1,23.0,6.3,2,3,2,7,1,0.06,0.06,0.12,1.36,1,False
Noah,Okafor,Okafor,Leeds,MID,6,698,66,0,0,0,1,0,0,0,0,0,0,0,11,10.0,15.3,15.0,4.0,0,2,2,4,1,0.06,0.27,0.33,0.41,2,False
Douglas Luiz,Soares de Paulo,Douglas Luiz,Nott'm Forest,MID,6,699,0,0,0,0,0,0,0,0,0,0,0,0,0,0.0,0.0,0.0,0.0,0,0,0,0,0,0.00,0.00,0.00,0.00,0,False
Max,Dowman,Dowman,Arsenal,MID,6,700,0,0,0,0,0,0,0,0,0,0,0,0,0,0.0,0.0,0.0,0.0,0,0,0,0,0,0.00,0.00,0.00,0.00,0,False
Triston,Rowe,Rowe,Aston Villa,DEF,6,701,0,0,0,0,0,0,0,0,0,0,0,0,0,0.0,0.0,0.0,0.0,0,0,0,0,0,0.00,0.00,0.00,0.00,0,False
Bradley,Burrowes,Burrowes,Aston Villa,MID,6,702,0,0,0,0,0,0,0,0,0,0,0,0,0,0.0,0.0,0.0,0.0,0,0,0,0,0,0.00,0.00,0.00,0.00,0,False
Sam,Proctor,Proctor,Aston Villa,GKP,6,703,0,0,0,0,0,0,0,0,0,0,0,0,0,0.0,0.0,0.0,0.0,0,0,0,0,0,0.00,0.00,0.00,0.00,0,False
Tyler,Onyango,Onyango,Everton,MID,6,704,0,0,0,0,0,0,0,0,0,0,0,0,0,0.0,0.0,0.0,0.0,0,0,0,0,0,0.00,0.00,0.00,0.00,0,False
Elijah,Campbell,Campbell,Everton,DEF,6,705,0,0,0,0,0,0,0,0,0,0,0,0,0,0.0,0.0,0.0,0.0,0,0,0,0,0,0.00,0.00,0.00,0.00,0,False
James,Justin,Justin,Leeds,DEF,6,706,0,0,0,0,0,0,0,0,0,0,0,0,0,0.0,0.0,0.0,0.0,0,0,0,0,0,0.00,0.00,0.00,0.00,0,False
Tyler,Dibling,Dibling,Everton,MID,6,707,9,0,0,0,0,0,0,0,0,0,0,0,5,3.0,0.3,0.0,0.3,0,2,1,3,0,0.00,0.00,0.00,0.15,1,False
Mateus Gonçalo,Espanha Fernandes,M.Fernandes,West Ham,MID,6,708,90,0,0,0,1,0,0,0,0,0,0,0,8,3.8,4.4,3.0,1.1,1,1,2,4,1,0.11,0.01,0.12,0.73,2,False
Ladislav,Krejcí,Krejčí,Wolves,DEF,6,709,90,0,0,0,1,0,0,0,0,0,0,0,13,19.4,11.1,17.0,4.8,4,1,0,4,1,0.06,0.01,0.07,0.87,2,False
Travis,Patterson,Patterson,Aston Villa,DEF,6,710,0,0,0,0,0,0,0,0,0,0,0,0,0,0.0,0.0,0.0,0.0,0,0,0,0,0,0.00,0.00,0.00,0.00,0,False
Andre,Harriman-Annous,Harriman-Annous,Arsenal,MID,6,711,0,0,0,0,0,0,0,0,0,0,0,0,0,0.0,0.0,0.0,0.0,0,0,0,0,0,0.00,0.00,0.00,0.00,0,False
Yéremy,Pino Santos,Yeremy,Crystal Palace,MID,6,712,73,0,0,1,0,0,0,0,0,0,0,0,10,10.0,12.2,19.0,4.1,1,5,0,6,1,0.24,0.13,0.37,1.50,3,False
Álex,Jiménez Sánchez,A.Jimenez,Bournemouth,DEF,6,713,72,0,0,0,2,0,0,0,1,0,0,0,3,15.6,12.8,2.0,3.0,1,5,4,5,1,0.00,0.02,0.02,1.62,0,False
Nick,Woltemade,Woltemade,Newcastle,FWD,6,714,66,1,0,1,0,0,0,0,0,0,0,1,28,33.2,2.3,19.0,5.5,1,1,0,2,1,0.29,0.02,0.31,1.56,7,False
John Victor,Maciel Furtado,John,Nott'm Forest,GKP,6,715,0,0,0,0,0,0,0,0,0,0,0,0,0,0.0,0.0,0.0,0.0,0,0,0,0,0,0.00,0.00,0.00,0.00,0,False
Nicolò,Savona,Savona,Nott'm Forest,DEF,6,716,0,0,0,0,0,0,0,0,0,0,0,0,0,0.0,0.0,0.0,0.0,0,0,0,0,0,0.00,0.00,0.00,0.00,0,False
Xavi,Simons,Xavi,Spurs,MID,6,717,77,0,0,0,1,0,0,0,1,0,0,0,9,12.4,25.8,2.0,4.0,3,7,0,10,1,0.00,0.24,0.24,1.15,1,False
Soungoutou,Magassa,S.Magassa,West Ham,MID,6,718,58,0,0,0,1,0,0,0,1,0,0,0,4,9.2,3.5,0.0,1.3,1,5,2,8,1,0.00,0.01,0.01,0.64,0,False
Victor,Lindelöf,Lindelöf,Aston Villa,DEF,6,719,8,0,0,0,0,0,0,0,0,0,0,0,3,0.2,0.0,0.0,0.0,0,0,0,0,0,0.00,0.00,0.00,0.13,1,False
Tolu,Arokodare,Tolu,Wolves,FWD,6,720,6,0,0,0,1,0,0,0,0,0,0,0,0,3.0,0.1,0.0,0.3,2,0,0,2,0,0.00,0.00,0.00,0.06,1,False
Veljko,Milosavljevic,Milosavljević,Bournemouth,DEF,6,721,0,0,0,0,0,0,0,0,0,0,0,0,0,0.0,0.0,0.0,0.0,0,0,0,0,0,0.00,0.00,0.00,0.00,0,False
Florentino Ibrain,Morris Luís,Florentino,Burnley,MID,6,722,90,0,0,0,5,0,0,0,0,0,0,0,12,17.0,1.7,0.0,1.9,3,3,6,12,1,0.00,0.01,0.01,2.03,4,False
Jaydee,Canvot,Canvot,Crystal Palace,DEF,6,723,0,0,0,0,0,0,0,0,0,0,0,0,0,0.0,0.0,0.0,0.0,0,0,0,0,0,0.00,0.00,0.00,0.00,0,False
Lutsharel,Geertruida,Geertruida,Sunderland,DEF,6,724,31,0,0,0,0,0,0,0,0,0,0,0,3,4.0,0.6,19.0,2.4,0,3,0,0,0,0.27,0.05,0.32,1.23,1,False
Piero,Hincapié,Hincapie,Arsenal,DEF,6,725,0,0,0,0,0,0,0,0,0,0,0,0,0,0.0,0.0,0.0,0.0,0,0,0,0,0,0.00,0.00,0.00,0.00,0,False
Randal,Kolo Muani,Kolo Muani,Spurs,FWD,6,726,0,0,0,0,0,0,0,0,0,0,0,0,0,0.0,0.0,0.0,0.0,0,0,0,0,0,0.00,0.00,0.00,0.00,0,False
Samuel,Chukwueze,Chukwueze,Fulham,MID,6,727,10,0,0,0,0,0,0,0,0,0,0,0,3,0.4,0.5,12.0,1.3,0,0,1,1,0,0.18,0.00,0.18,0.00,1,False
Merlin,Röhl,Röhl,Everton,MID,6,728,0,0,0,0,0,0,0,0,0,0,0,0,0,0.0,0.0,0.0,0.0,0,0,0,0,0,0.00,0.00,0.00,0.00,0,False
Luis Eduardo,Soares da Silva,Cuiabano,Nott'm Forest,DEF,6,729,0,0,0,0,0,0,0,0,0,0,0,0,0,0.0,0.0,0.0,0.0,0,0,0,0,0,0.00,0.00,0.00,0.00,0,False
Brian,Brobbey,Brobbey,Sunderland,FWD,6,730,5,0,0,0,0,0,0,0,0,0,0,0,2,2.4,0.2,0.0,0.3,1,2,0,3,0,0.00,0.00,0.00,0.07,1,False
Kevin,Santos Lopes de Macedo,Kevin,Fulham,MID,6,731,25,0,0,0,0,0,0,0,0,0,0,0,2,3.8,2.8,2.0,0.9,0,2,1,3,0,0.00,0.01,0.01,0.00,1,False
Christantus,Uche,Uche,Crystal Palace,FWD,6,732,0,0,0,0,0,0,0,0,0,0,0,0,0,0.0,0.0,0.0,0.0,0,0,0,0,0,0.00,0.00,0.00,0.00,0,False
Senne,Lammens,Lammens,Man Utd,GKP,6,733,0,0,0,0,0,0,0,0,0,0,0,0,0,0.0,0.0,0.0,0.0,0,0,0,0,0,0.00,0.00,0.00,0.00,0,False
Dilane,Bakwa,Bakwa,Nott'm Forest,MID,6,734,71,0,0,0,1,0,0,0,0,0,0,0,12,14.0,45.3,17.0,7.6,1,4,0,5,1,0.07,0.23,0.30,0.79,2,False
Bertrand,Traoré,Traoré,Sunderland,MID,6,735,31,0,0,0,0,0,0,0,0,0,0,0,10,10.2,10.7,17.0,3.8,2,2,1,5,0,0.05,0.01,0.06,1.23,1,False
Gianluigi,Donnarumma,Donnarumma,Man City,GKP,6,736,90,0,0,0,1,0,0,0,0,0,1,0,5,6.8,0.0,0.0,0.7,0,3,0,0,1,0.00,0.00,0.00,0.41,2,False
Jonah,Kusi-Asare,Kusi-Asare,Fulham,FWD,6,737,0,0,0,0,0,0,0,0,0,0,0,0,0,0.0,0.0,0.0,0.0,0,0,0,0,0,0.00,0.00,0.00,0.00,0,False
Lukasz,Fabianski,Fabianski,West Ham,GKP,6,738,0,0,0,0,0,0,0,0,0,0,0,0,0,0.0,0.0,0.0,0.0,0,0,0,0,0,0.00,0.00,0.00,0.00,0,False
Divine,Mukasa,Mukasa,Man City,MID,6,739,0,0,0,0,0,0,0,0,0,0,0,0,0,0.0,0.0,0.0,0.0,0,0,0,0,0,0.00,0.00,0.00,0.00,0,False
Stephen,Mfuni,Mfuni,Man City,DEF,6,740,0,0,0,0,0,0,0,0,0,0,0,0,0,0.0,0.0,0.0,0.0,0,0,0,0,0,0.00,0.00,0.00,0.00,0,False
Harry,Gray,Gray,Leeds,FWD,6,741,0,0,0,0,0,0,0,0,0,0,0,0,0,0.0,0.0,0.0,0.0,0,0,0,0,0,0.00,0.00,0.00,0.00,0,False
Ryan,McAidoo,McAidoo,Man City,MID,6,742,0,0,0,0,0,0,0,0,0,0,0,0,0,0.0,0.0,0.0,0.0,0,0,0,0,0,0.00,0.00,0.00,0.00,0,False
David,Raya Martín,Raya,Arsenal,GKP,7,1,90,0,0,1,0,0,0,0,0,0,0,0,20,3.2,0.0,0.0,0.3,0,8,0,0,1,0.00,0.00,0.00,0.49,6,False
Kepa,Arrizabalaga Revuelta,Arrizabalaga,Arsenal,GKP,7,2,0,0,0,0,0,0,0,0,0,0,0,0,0,0.0,0.0,0.0,0.0,0,0,0,0,0,0.00,0.00,0.00,0.00,0,False
Karl,Hein,Hein,Arsenal,GKP,7,3,0,0,0,0,0,0,0,0,0,0,0,0,0,0.0,0.0,0.0,0.0,0,0,0,0,0,0.00,0.00,0.00,0.00,0,False
Tommy,Setford,Setford,Arsenal,GKP,7,4,0,0,0,0,0,0,0,0,0,0,0,0,0,0.0,0.0,0.0,0.0,0,0,0,0,0,0.00,0.00,0.00,0.00,0,False
Gabriel,dos Santos Magalhães,Gabriel,Arsenal,DEF,7,5,90,0,0,1,0,0,0,0,0,0,0,1,33,24.6,2.0,2.0,2.9,10,0,2,12,1,0.00,0.03,0.03,0.49,9,False
William,Saliba,Saliba,Arsenal,DEF,7,6,90,0,0,1,0,0,0,0,0,0,0,0,30,28.2,2.2,0.0,3.0,8,4,0,8,1,0.00,0.02,0.02,0.49,6,False
Riccardo,Calafiori,Calafiori,Arsenal,DEF,7,7,74,0,0,1,0,0,0,0,0,0,0,0,26,8.8,5.4,19.0,3.3,3,5,3,6,1,0.17,0.02,0.19,0.36,6,False
Jurriën,Timber,J.Timber,Arsenal,DEF,7,8,90,0,1,1,0,0,0,0,0,0,0,2,43,20.2,16.8,29.0,6.6,3,3,6,9,1,0.16,0.03,0.19,0.49,11,True
Jakub,Kiwior,Kiwior,Arsenal,DEF,7,9,0,0,0,0,0,0,0,0,0,0,0,0,0,0.0,0.0,0.0,0.0,0,0,0,0,0,0.00,0.00,0.00,0.00,0,False
Myles,Lewis-Skelly,Lewis-Skelly,Arsenal,DEF,7,10,15,0,0,0,0,0,0,0,0,0,0,0,2,3.2,0.3,2.0,0.6,2,1,0,2,0,0.00,0.00,0.00,0.13,1,False
Benjamin,White,White,Arsenal,DEF,7,11,0,0,0,0,0,0,0,0,0,0,0,0,0,0.0,0.0,0.0,0.0,0,0,0,0,0,0.00,0.00,0.00,0.00,0,False
Oleksandr,Zinchenko,Zinchenko,Nott'm Forest,DEF,7,12,0,0,0,0,0,0,0,0,0,0,0,0,0,0.0,0.0,0.0,0.0,0,0,0,0,0,0.00,0.00,0.00,0.00,0,False
Brayden,Clarke,Clarke,Arsenal,DEF,7,13,0,0,0,0,0,0,0,0,0,0,0,0,0,0.0,0.0,0.0,0.0,0,0,0,0,0,0.00,0.00,0.00,0.00,0,False
Maldini,Kacurri,Kacurri,Arsenal,DEF,7,14,0,0,0,0,0,0,0,0,0,0,0,0,0,0.0,0.0,0.0,0.0,0,0,0,0,0,0.00,0.00,0.00,0.00,0,False
Josh,Nichols,Nichols,Arsenal,DEF,7,15,0,0,0,0,0,0,0,0,0,0,0,0,0,0.0,0.0,0.0,0.0,0,0,0,0,0,0.00,0.00,0.00,0.00,0,False
Bukayo,Saka,Saka,Arsenal,MID,7,16,90,1,0,1,0,0,0,0,0,0,0,0,22,38.8,23.6,31.0,9.3,1,4,2,7,1,0.84,1.11,1.95,0.49,8,False
Martin,Ødegaard,Ødegaard,Arsenal,MID,7,17,29,0,0,0,0,0,0,0,0,0,0,0,4,3.2,16.5,0.0,2.0,0,0,1,1,1,0.00,0.21,0.21,0.34,1,False
Noni,Madueke,Madueke,Arsenal,MID,7,18,0,0,0,0,0,0,0,0,0,0,0,0,0,0.0,0.0,0.0,0.0,0,0,0,0,0,0.00,0.00,0.00,0.00,0,False
Gabriel,Martinelli Silva,Martinelli,Arsenal,MID,7,19,11,0,0,0,0,0,0,0,0,0,0,0,3,2.0,14.0,2.0,1.8,1,1,0,2,0,0.00,0.06,0.06,0.13,1,False
Leandro,Trossard,Trossard,Arsenal,MID,7,20,74,0,0,1,0,0,0,0,0,0,0,0,16,10.8,28.5,20.0,5.9,1,1,2,4,1,0.12,0.09,0.21,0.36,3,False
Declan,Rice,Rice,Arsenal,MID,7,21,78,1,0,1,0,0,0,0,0,0,0,3,45,45.6,40.4,23.0,10.9,2,3,0,5,1,0.32,0.12,0.44,0.36,11,True
Mikel,Merino Zazón,Merino,Arsenal,MID,7,22,11,0,0,0,0,0,0,0,0,0,0,0,0,0.0,3.7,12.0,1.2,0,0,0,0,0,0.16,0.00,0.16,0.13,1,False
Fábio,Ferreira Vieira,Fábio Vieira,Arsenal,MID,7,23,0,0,0,0,0,0,0,0,0,0,0,0,0,0.0,0.0,0.0,0.0,0,0,0,0,0,0.00,0.00,0.00,0.00,0,False
Christian,Nørgaard,Nørgaard,Arsenal,MID,7,24,0,0,0,0,0,0,0,0,0,0,0,0,0,0.0,0.0,0.0,0.0,0,0,0,0,0,0.00,0.00,0.00,0.00,0,False
Ethan,Nwaneri,Nwaneri,Arsenal,MID,7,25,15,0,0,0,0,0,0,0,0,0,0,0,1,0.0,1.1,1.0,0.1,0,0,0,0,0,0.02,0.04,0.06,0.13,1,False
Martín,Zubimendi Ibáñez,Zubimendi,Arsenal,MID,7,26,60,0,0,1,0,0,0,0,0,0,0,0,20,22.6,18.4,0.0,4.1,3,3,5,11,0,0.00,0.16,0.16,0.15,3,False
Reiss,Nelson,Nelson,Brentford,MID,7,27,0,0,0,0,0,0,0,0,0,0,0,0,0,0.0,0.0,0.0,0.0,0,0,0,0,0,0.00,0.00,0.00,0.00,0,False
Ismeal,Kabia,Kabia,Arsenal,MID,7,28,0,0,0,0,0,0,0,0,0,0,0,0,0,0.0,0.0,0.0,0.0,0,0,0,0,0,0.00,0.00,0.00,0.00,0,False
Albert,Sambi Lokonga,Sambi,Arsenal,MID,7,29,0,0,0,0,0,0,0,0,0,0,0,0,0,0.0,0.0,0.0,0.0,0,0,0,0,0,0.00,0.00,0.00,0.00,0,False
Kai,Havertz,Havertz,Arsenal,FWD,7,30,0,0,0,0,0,0,0,0,0,0,0,0,0,0.0,0.0,0.0,0.0,0,0,0,0,0,0.00,0.00,0.00,0.00,0,False
Gabriel,Fernando de Jesus,G.Jesus,Arsenal,FWD,7,31,0,0,0,0,0,0,0,0,0,0,0,0,0,0.0,0.0,0.0,0.0,0,0,0,0,0,0.00,0.00,0.00,0.00,0,False
Emiliano,Martínez Romero,Martinez,Aston Villa,GKP,7,32,90,0,0,0,1,0,0,0,1,0,1,0,9,11.4,0.0,0.0,1.1,1,8,0,0,1,0.00,0.00,0.00,0.42,1,False
Marco,Bizot,M.Bizot,Aston Villa,GKP,7,33,0,0,0,0,0,0,0,0,0,0,0,0,0,0.0,0.0,0.0,0.0,0,0,0,0,0,0.00,0.00,0.00,0.00,0,False
Joe,Gauci,Gauci,Aston Villa,GKP,7,34,0,0,0,0,0,0,0,0,0,0,0,0,0,0.0,0.0,0.0,0.0,0,0,0,0,0,0.00,0.00,0.00,0.00,0,False
Filip,Marschall,Marschall,Aston Villa,GKP,7,35,0,0,0,0,0,0,0,0,0,0,0,0,0,0.0,0.0,0.0,0.0,0,0,0,0,0,0.00,0.00,0.00,0.00,0,False
Matty,Cash,Cash,Aston Villa,DEF,7,36,83,0,0,0,1,0,0,0,0,0,0,0,9,10.6,16.4,9.0,3.6,2,2,1,3,1,0.01,0.03,0.04,0.39,2,False
Lucas,Digne,Digne,Aston Villa,DEF,7,37,90,0,0,0,1,0,0,0,1,0,0,0,20,27.6,81.8,17.0,12.6,4,4,2,6,1,0.08,0.58,0.66,0.42,1,False
Ezri,Konsa Ngoyo,Konsa,Aston Villa,DEF,7,38,90,0,0,0,1,0,0,0,0,0,0,0,15,15.8,1.1,19.0,3.6,3,4,0,3,1,0.04,0.01,0.05,0.42,2,False
Ian,Maatsen,Maatsen,Aston Villa,DEF,7,39,1,0,0,0,0,0,0,0,0,0,0,0,6,2.0,0.0,0.0,0.2,0,0,1,1,0,0.00,0.00,0.00,0.00,1,False
Tyrone,Mings,Mings,Aston Villa,DEF,7,40,0,0,0,0,0,0,0,0,0,0,0,0,0,0.0,0.0,0.0,0.0,0,0,0,0,0,0.00,0.00,0.00,0.00,0,False
Pau,Torres,Pau,Aston Villa,DEF,7,41,90,0,0,0,1,0,0,0,0,0,0,0,20,29.4,1.6,4.0,3.5,10,7,3,13,1,0.03,0.01,0.04,0.42,4,False
Andrés,García,A.García,Aston Villa,DEF,7,42,0,0,0,0,0,0,0,0,0,0,0,0,0,0.0,0.0,0.0,0.0,0,0,0,0,0,0.00,0.00,0.00,0.00,0,False
Álex,Moreno Lopera,Alex Moreno,Aston Villa,DEF,7,43,0,0,0,0,0,0,0,0,0,0,0,0,0,0.0,0.0,0.0,0.0,0,0,0,0,0,0.00,0.00,0.00,0.00,0,False
Lamare,Bogarde,Bogarde,Aston Villa,DEF,7,44,89,0,0,0,1,0,0,0,0,0,0,0,8,3.8,12.0,0.0,1.6,0,2,0,0,1,0.00,0.01,0.01,0.39,2,False
Lino,da Cruz Sousa,Sousa,Aston Villa,DEF,7,45,0,0,0,0,0,0,0,0,0,0,0,0,0,0.0,0.0,0.0,0.0,0,0,0,0,0,0.00,0.00,0.00,0.00,0,False
Yasin,Özcan,Yasin,Aston Villa,DEF,7,46,0,0,0,0,0,0,0,0,0,0,0,0,0,0.0,0.0,0.0,0.0,0,0,0,0,0,0.00,0.00,0.00,0.00,0,False
Morgan,Rogers,Rogers,Aston Villa,MID,7,47,90,0,1,0,1,0,0,0,0,0,0,0,21,30.6,13.3,33.0,7.7,2,5,2,9,1,0.24,0.08,0.32,0.42,5,False
Youri,Tielemans,Tielemans,Aston Villa,MID,7,48,0,0,0,0,0,0,0,0,0,0,0,0,0,0.0,0.0,0.0,0.0,0,0,0,0,0,0.00,0.00,0.00,0.00,0,False
Leon,Bailey,Bailey,Aston Villa,MID,7,49,0,0,0,0,0,0,0,0,0,0,0,0,0,0.0,0.0,0.0,0.0,0,0,0,0,0,0.00,0.00,0.00,0.00,0,False
Emiliano,Buendía Stati,Buendía,Aston Villa,MID,7,50,33,0,0,0,1,0,0,0,1,0,0,0,-1,1.4,0.3,2.0,0.4,2,1,1,4,0,0.00,0.07,0.07,0.33,0,False
Samuel,Iling-Junior,Iling Jr,Aston Villa,MID,7,51,0,0,0,0,0,0,0,0,0,0,0,0,0,0.0,0.0,0.0,0.0,0,0,0,0,0,0.00,0.00,0.00,0.00,0,False
Jacob,Ramsey,J.Ramsey,Newcastle,MID,7,52,0,0,0,0,0,0,0,0,0,0,0,0,0,0.0,0.0,0.0,0.0,0,0,0,0,0,0.00,0.00,0.00,0.00,0,False
Donyell,Malen,Malen,Aston Villa,MID,7,53,83,2,0,0,1,0,0,0,0,0,0,3,46,71.8,22.3,45.0,13.9,0,2,1,3,1,0.49,0.04,0.53,0.39,15,True
John,McGinn,McGinn,Aston Villa,MID,7,54,66,0,0,1,0,0,0,0,0,0,0,0,8,1.8,16.0,1.0,1.9,0,2,1,3,1,0.05,0.18,0.23,0.10,3,False
Ross,Barkley,Barkley,Aston Villa,MID,7,55,6,0,0,0,0,0,0,0,0,0,0,0,1,0.0,0.3,7.0,0.7,1,2,0,3,0,0.16,0.00,0.16,0.03,1,False
Enzo,Barrenechea,Barrenechea,Aston Villa,MID,7,56,0,0,0,0,0,0,0,0,0,0,0,0,0,0.0,0.0,0.0,0.0,0,0,0,0,0,0.00,0.00,0.00,0.00,0,False
Lewis,Dobbin,Dobbin,Aston Villa,MID,7,57,0,0,0,0,0,0,0,0,0,0,0,0,0,0.0,0.0,0.0,0.0,0,0,0,0,0,0.00,0.00,0.00,0.00,0,False
Boubacar,Kamara,Kamara,Aston Villa,MID,7,58,90,0,1,0,1,0,0,0,0,0,0,0,22,31.2,30.4,5.0,6.7,2,7,1,10,1,0.02,0.19,0.20,0.42,5,False
Amadou,Onana,Onana,Aston Villa,MID,7,59,1,0,0,0,0,0,0,0,0,0,0,0,3,0.2,0.1,0.0,0.0,0,0,0,0,0,0.00,0.00,0.00,0.03,1,False
Ben,Broggio,Broggio,Aston Villa,MID,7,60,0,0,0,0,0,0,0,0,0,0,0,0,0,0.0,0.0,0.0,0.0,0,0,0,0,0,0.00,0.00,0.00,0.00,0,False
Leander,Dendoncker,Dendoncker,Aston Villa,MID,7,61,0,0,0,0,0,0,0,0,0,0,0,0,0,0.0,0.0,0.0,0.0,0,0,0,0,0,0.00,0.00,0.00,0.00,0,False
Jamaldeen,Jimoh-Aloba,Jimoh-Aloba,Aston Villa,MID,7,62,0,0,0,0,0,0,0,0,0,0,0,0,0,0.0,0.0,0.0,0.0,0,0,0,0,0,0.00,0.00,0.00,0.00,0,False
Kadan,Young,Young,Aston Villa,MID,7,63,0,0,0,0,0,0,0,0,0,0,0,0,0,0.0,0.0,0.0,0.0,0,0,0,0,0,0.00,0.00,0.00,0.00,0,False
Ollie,Watkins,Watkins,Aston Villa,FWD,7,64,66,0,0,1,0,0,0,0,0,0,0,0,0,0.0,3.8,13.0,1.5,1,0,0,1,1,0.26,0.03,0.29,0.10,2,False
Zépiqueno,Redmond,Redmond,Aston Villa,FWD,7,65,0,0,0,0,0,0,0,0,0,0,0,0,0,0.0,0.0,0.0,0.0,0,0,0,0,0,0.00,0.00,0.00,0.00,0,False
Norberto,Murara Neto,Neto,Bournemouth,GKP,7,66,0,0,0,0,0,0,0,0,0,0,0,0,0,0.0,0.0,0.0,0.0,0,0,0,0,0,0.00,0.00,0.00,0.00,0,False
Đorđe,Petrović,Petrović,Bournemouth,GKP,7,67,90,0,0,0,1,0,0,0,0,0,3,0,13,19.4,0.0,0.0,1.9,2,9,0,0,1,0.00,0.00,0.00,0.88,3,False
Will,Dennis,Dennis,Bournemouth,GKP,7,68,0,0,0,0,0,0,0,0,0,0,0,0,0,0.0,0.0,0.0,0.0,0,0,0,0,0,0.00,0.00,0.00,0.00,0,False
Callan,McKenna,McKenna,Bournemouth,GKP,7,69,0,0,0,0,0,0,0,0,0,0,0,0,0,0.0,0.0,0.0,0.0,0,0,0,0,0,0.00,0.00,0.00,0.00,0,False
Alex,Paulsen,Paulsen,Bournemouth,GKP,7,70,0,0,0,0,0,0,0,0,0,0,0,0,0,0.0,0.0,0.0,0.0,0,0,0,0,0,0.00,0.00,0.00,0.00,0,False
Illia,Zabarnyi,Zabarnyi,Bournemouth,DEF,7,71,0,0,0,0,0,0,0,0,0,0,0,0,0,0.0,0.0,0.0,0.0,0,0,0,0,0,0.00,0.00,0.00,0.00,0,False
Marcos,Senesi Barón,Senesi,Bournemouth,DEF,7,72,77,0,0,0,1,0,0,0,0,0,0,0,9,23.2,8.1,2.0,3.3,7,2,0,7,1,0.00,0.72,0.72,0.60,2,False
Adam,Smith,Smith,Bournemouth,DEF,7,73,0,0,0,0,0,0,0,0,0,0,0,0,0,0.0,0.0,0.0,0.0,0,0,0,0,0,0.00,0.00,0.00,0.00,0,False
Adrien,Truffert,Truffert,Bournemouth,DEF,7,74,90,0,1,0,1,0,0,0,0,0,0,0,24,32.8,20.2,4.0,5.7,4,6,1,5,1,0.03,0.04,0.07,0.88,5,False
Matai,Akinmboni,Akinmboni,Bournemouth,DEF,7,75,0,0,0,0,0,0,0,0,0,0,0,0,0,0.0,0.0,0.0,0.0,0,0,0,0,0,0.00,0.00,0.00,0.00,0,False
Owen,Bevan,Bevan,Bournemouth,DEF,7,76,0,0,0,0,0,0,0,0,0,0,0,0,0,0.0,0.0,0.0,0.0,0,0,0,0,0,0.00,0.00,0.00,0.00,0,False
James,Hill,Hill,Bournemouth,DEF,7,77,60,0,0,1,0,0,0,0,0,0,0,0,27,9.6,2.3,0.0,1.2,1,3,2,3,1,0.00,0.16,0.16,0.20,6,False
Julián,Araujo Zúñiga,J.Araujo,Bournemouth,DEF,7,78,0,0,0,0,0,0,0,0,0,0,0,0,0,0.0,0.0,0.0,0.0,0,0,0,0,0,0.00,0.00,0.00,0.00,0,False
Chris,Mepham,Mepham,Bournemouth,DEF,7,79,0,0,0,0,0,0,0,0,0,0,0,0,0,0.0,0.0,0.0,0.0,0,0,0,0,0,0.00,0.00,0.00,0.00,0,False
Julio,Soler Barreto,Soler,Bournemouth,DEF,7,80,0,0,0,0,0,0,0,0,0,0,0,0,0,0.0,0.0,0.0,0.0,0,0,0,0,0,0.00,0.00,0.00,0.00,0,False
Justin,Kluivert,Kluivert,Bournemouth,MID,7,81,29,1,0,0,1,0,0,0,0,0,0,1,31,39.6,13.3,11.0,6.4,0,2,2,4,0,0.02,0.01,0.03,0.69,7,False
Antoine,Semenyo,Semenyo,Bournemouth,MID,7,82,90,2,1,0,1,0,0,0,0,0,0,3,63,92.4,16.5,63.0,17.2,1,7,1,9,1,0.66,0.06,0.72,0.88,18,True
Dango,Ouattara,O.Dango,Brentford,MID,7,83,22,0,0,0,0,0,0,0,1,0,0,0,-1,0.0,0.0,2.0,0.0,0,0,0,0,0,0.00,0.00,0.00,0.00,0,False
Marcus,Tavernier,Tavernier,Bournemouth,MID,7,84,60,0,0,1,0,0,0,0,0,0,0,0,1,5.0,31.1,8.0,4.4,1,4,0,5,1,0.00,0.05,0.05,0.20,3,False
Tyler,Adams,Adams,Bournemouth,MID,7,85,77,0,0,0,1,0,0,0,0,0,0,0,15,12.4,4.7,7.0,2.4,4,6,0,10,1,0.02,0.02,0.04,0.60,2,False
David,Brooks,Brooks,Bournemouth,MID,7,86,84,0,0,0,1,0,0,0,0,0,0,0,11,4.2,7.0,4.0,1.5,1,2,0,3,1,0.00,0.02,0.02,0.64,2,False
Ryan,Christie,Christie,Bournemouth,MID,7,87,12,0,0,0,0,0,0,0,0,0,0,0,3,4.2,4.6,0.0,0.9,0,1,1,2,0,0.00,0.00,0.00,0.28,1,False
Lewis,Cook,Cook,Bournemouth,MID,7,88,0,0,0,0,0,0,0,0,0,0,0,0,0,0.0,0.0,0.0,0.0,0,0,0,0,0,0.00,0.00,0.00,0.00,0,False
Philip,Billing,Philip,Bournemouth,MID,7,89,0,0,0,0,0,0,0,0,0,0,0,0,0,0.0,0.0,0.0,0.0,0,0,0,0,0,0.00,0.00,0.00,0.00,0,False
Alex,Scott,Scott,Bournemouth,MID,7,90,90,0,0,0,1,0,0,0,0,0,0,0,19,13.6,8.3,6.0,2.8,5,10,2,17,1,0.12,0.02,0.14,0.88,4,False
Luis,Sinisterra Lucumí,Sinisterra,Bournemouth,MID,7,91,0,0,0,0,0,0,0,0,0,0,0,0,0,0.0,0.0,0.0,0.0,0,0,0,0,0,0.00,0.00,0.00,0.00,0,False
Romain,Faivre,Faivre,Bournemouth,MID,7,92,0,0,0,0,0,0,0,0,0,0,0,0,0,0.0,0.0,0.0,0.0,0,0,0,0,0,0.00,0.00,0.00,0.00,0,False
Hamed,Traorè,H.Traorè,Bournemouth,MID,7,93,0,0,0,0,0,0,0,0,0,0,0,0,0,0.0,0.0,0.0,0.0,0,0,0,0,0,0.00,0.00,0.00,0.00,0,False
Dominic,Sadi,Sadi,Bournemouth,MID,7,94,0,0,0,0,0,0,0,0,0,0,0,0,0,0.0,0.0,0.0,0.0,0,0,0,0,0,0.00,0.00,0.00,0.00,0,False
Zain,Silcott-Duberry,Silcott-Duberry,Bournemouth,MID,7,95,0,0,0,0,0,0,0,0,0,0,0,0,0,0.0,0.0,0.0,0.0,0,0,0,0,0,0.00,0.00,0.00,0.00,0,False
Ben,Winterburn,Winterburn,Bournemouth,MID,7,96,0,0,0,0,0,0,0,0,0,0,0,0,0,0.0,0.0,0.0,0.0,0,0,0,0,0,0.00,0.00,0.00,0.00,0,False
Francisco Evanilson,de Lima Barbosa,Evanilson,Bournemouth,FWD,7,97,90,0,0,0,1,0,0,0,0,0,0,0,10,3.2,12.8,32.0,4.8,0,4,0,4,1,0.27,0.04,0.31,0.88,2,False
Enes,Ünal,Enes Ünal,Bournemouth,FWD,7,98,0,0,0,0,0,0,0,0,0,0,0,0,0,0.0,0.0,0.0,0.0,0,0,0,0,0,0.00,0.00,0.00,0.00,0,False
Daniel,Adu-Adjei,Adu-Adjei,Bournemouth,FWD,7,99,0,0,0,0,0,0,0,0,0,0,0,0,0,0.0,0.0,0.0,0.0,0,0,0,0,0,0.00,0.00,0.00,0.00,0,False
Eli Junior,Kroupi,Kroupi.Jr,Bournemouth,FWD,7,100,0,0,0,0,0,0,0,0,0,0,0,0,0,0.0,0.0,0.0,0.0,0,0,0,0,0,0.00,0.00,0.00,0.00,0,False
Caoimhín,Kelleher,Kelleher,Brentford,GKP,7,101,90,0,0,0,1,0,0,0,0,0,3,0,14,22.6,0.0,0.0,2.3,0,10,0,0,1,0.00,0.00,0.00,0.83,3,False
Ellery,Balcombe,Balcombe,Brentford,GKP,7,102,0,0,0,0,0,0,0,0,0,0,0,0,0,0.0,0.0,0.0,0.0,0,0,0,0,0,0.00,0.00,0.00,0.00,0,False
Matthew,Cox,Cox,Brentford,GKP,7,103,0,0,0,0,0,0,0,0,0,0,0,0,0,0.0,0.0,0.0,0.0,0,0,0,0,0,0.00,0.00,0.00,0.00,0,False
Julian,Eyestone,Eyestone,Brentford,GKP,7,104,0,0,0,0,0,0,0,0,0,0,0,0,0,0.0,0.0,0.0,0.0,0,0,0,0,0,0.00,0.00,0.00,0.00,0,False
Hákon Rafn,Valdimarsson,Valdimarsson,Brentford,GKP,7,105,0,0,0,0,0,0,0,0,0,0,0,0,0,0.0,0.0,0.0,0.0,0,0,0,0,0,0.00,0.00,0.00,0.00,0,False
Nathan,Collins,Collins,Brentford,DEF,7,106,90,0,0,0,1,0,0,0,0,0,0,0,11,15.0,0.4,0.0,1.5,5,4,0,5,1,0.00,0.01,0.01,0.83,2,False
Keane,Lewis-Potter,Lewis-Potter,Brentford,DEF,7,107,0,0,0,0,0,0,0,0,0,0,0,0,0,0.0,0.0,0.0,0.0,0,0,0,0,0,0.00,0.00,0.00,0.00,0,False
Kristoffer,Ajer,Ajer,Brentford,DEF,7,108,90,0,0,0,1,0,0,0,0,0,0,0,7,14.2,0.7,0.0,1.5,4,1,3,7,1,0.00,0.00,0.00,0.83,2,False
Rico,Henry,Henry,Brentford,DEF,7,109,0,0,0,0,0,0,0,0,0,0,0,0,0,0.0,0.0,0.0,0.0,0,0,0,0,0,0.00,0.00,0.00,0.00,0,False
Michael,Kayode,Kayode,Brentford,DEF,7,110,90,0,0,0,1,0,0,0,0,0,0,0,4,12.2,5.3,4.0,2.2,5,6,2,7,1,0.02,0.01,0.03,0.83,2,False
Ethan,Pinnock,Pinnock,Brentford,DEF,7,111,0,0,0,0,0,0,0,0,0,0,0,0,0,0.0,0.0,0.0,0.0,0,0,0,0,0,0.00,0.00,0.00,0.00,0,False
Mads,Roerslev Rasmussen,Roerslev,Brentford,DEF,7,112,0,0,0,0,0,0,0,0,0,0,0,0,0,0.0,0.0,0.0,0.0,0,0,0,0,0,0.00,0.00,0.00,0.00,0,False
Sepp,van den Berg,Van den Berg,Brentford,DEF,7,113,90,0,0,0,1,0,0,0,0,0,0,0,10,7.6,10.8,2.0,2.0,2,4,0,2,1,0.00,0.06,0.06,0.83,2,False
Benjamin,Arthur,Arthur,Brentford,DEF,7,114,0,0,0,0,0,0,0,0,0,0,0,0,0,0.0,0.0,0.0,0.0,0,0,0,0,0,0.00,0.00,0.00,0.00,0,False
Benjamin,Fredrick,Fredrick,Brentford,DEF,7,115,0,0,0,0,0,0,0,0,0,0,0,0,0,0.0,0.0,0.0,0.0,0,0,0,0,0,0.00,0.00,0.00,0.00,0,False
Aaron,Hickey,Hickey,Brentford,DEF,7,116,90,0,0,0,1,0,0,0,0,0,0,0,2,3.0,1.4,1.0,0.5,2,2,1,3,1,0.02,0.04,0.06,0.83,2,False
Kim,Ji-soo,Ji-soo,Brentford,DEF,7,117,0,0,0,0,0,0,0,0,0,0,0,0,0,0.0,0.0,0.0,0.0,0,0,0,0,0,0.00,0.00,0.00,0.00,0,False
Jayden,Meghoma,Meghoma,Brentford,DEF,7,118,0,0,0,0,0,0,0,0,0,0,0,0,0,0.0,0.0,0.0,0.0,0,0,0,0,0,0.00,0.00,0.00,0.00,0,False
Bryan,Mbeumo,Mbeumo,Man Utd,MID,7,119,76,0,1,1,0,0,0,0,0,0,0,0,18,21.4,26.8,19.0,6.7,0,3,0,3,1,0.10,0.14,0.24,0.42,6,False
Kevin,Schade,Schade,Brentford,MID,7,120,90,0,0,0,1,0,0,0,1,0,0,0,7,10.0,24.8,4.0,3.9,1,1,3,5,1,0.00,0.03,0.03,0.83,1,False
Mikkel,Damsgaard,Damsgaard,Brentford,MID,7,121,67,0,0,0,1,0,0,0,0,0,0,0,13,15.6,1.8,0.0,1.7,4,2,3,9,1,0.00,0.01,0.01,0.83,2,False
Antoni,Milambo,Milambo,Brentford,MID,7,122,0,0,0,0,0,0,0,0,0,0,0,0,0,0.0,0.0,0.0,0.0,0,0,0,0,0,0.00,0.00,0.00,0.00,0,False
Fábio,Freitas Gouveia Carvalho,Carvalho,Brentford,MID,7,123,1,0,0,0,0,0,0,0,0,0,0,0,3,0.0,0.0,0.0,0.0,0,0,0,0,0,0.00,0.00,0.00,0.00,1,False
Jordan,Henderson,Henderson,Brentford,MID,7,124,73,0,0,0,1,0,0,0,1,0,0,0,8,4.0,12.4,0.0,1.6,1,3,0,4,1,0.00,0.02,0.02,0.83,1,False
Vitaly,Janelt,Janelt,Brentford,MID,7,125,16,0,0,0,0,0,0,0,0,0,0,0,2,0.0,0.9,4.0,0.3,0,2,0,2,0,0.10,0.00,0.10,0.00,1,False
Mathias,Jensen,Jensen,Brentford,MID,7,126,22,0,0,0,0,0,0,0,0,0,0,0,3,0.4,0.3,0.0,0.1,0,1,0,1,0,0.00,0.00,0.00,0.00,1,False
Gustavo,Nunes Fernandes Gomes,Nunes,Brentford,MID,7,127,0,0,0,0,0,0,0,0,0,0,0,0,0,0.0,0.0,0.0,0.0,0,0,0,0,0,0.00,0.00,0.00,0.00,0,False
Frank,Onyeka,Onyeka,Brentford,MID,7,128,17,0,0,0,0,0,0,0,0,0,0,0,3,2.6,0.9,0.0,0.4,0,1,1,2,0,0.00,0.00,0.00,0.00,1,False
Yehor,Yarmoliuk,Yarmoliuk,Brentford,MID,7,129,72,0,0,0,1,0,0,0,0,0,0,0,7,3.6,0.8,5.0,0.9,1,6,2,9,1,0.02,0.01,0.03,0.83,2,False
Romelle,Donovan,Donovan,Brentford,MID,7,130,0,0,0,0,0,0,0,0,0,0,0,0,0,0.0,0.0,0.0,0.0,0,0,0,0,0,0.00,0.00,0.00,0.00,0,False
Yunus Emre,Konak,Konak,Brentford,MID,7,131,0,0,0,0,0,0,0,0,0,0,0,0,0,0.0,0.0,0.0,0.0,0,0,0,0,0,0.00,0.00,0.00,0.00,0,False
Paris,Maghoma,Maghoma,Brentford,MID,7,132,0,0,0,0,0,0,0,0,0,0,0,0,0,0.0,0.0,0.0,0.0,0,0,0,0,0,0.00,0.00,0.00,0.00,0,False
Myles,Peart-Harris,Peart-Harris,Brentford,MID,7,133,0,0,0,0,0,0,0,0,0,0,0,0,0,0.0,0.0,0.0,0.0,0,0,0,0,0,0.00,0.00,0.00,0.00,0,False
Ryan,Trevitt,Trevitt,Brentford,MID,7,134,0,0,0,0,0,0,0,0,0,0,0,0,0,0.0,0.0,0.0,0.0,0,0,0,0,0,0.00,0.00,0.00,0.00,0,False
Yoane,Wissa,Wissa,Newcastle,FWD,7,135,0,0,0,0,0,0,0,0,0,0,0,0,0,0.0,0.0,0.0,0.0,0,0,0,0,0,0.00,0.00,0.00,0.00,0,False
Igor Thiago,Nascimento Rodrigues,Thiago,Brentford,FWD,7,136,67,0,0,0,1,0,0,0,0,0,0,0,7,7.0,2.3,19.0,2.8,1,0,2,3,1,0.67,0.00,0.67,0.83,2,False
Iwan,Morgan,Morgan,Brentford,FWD,7,137,0,0,0,0,0,0,0,0,0,0,0,0,0,0.0,0.0,0.0,0.0,0,0,0,0,0,0.00,0.00,0.00,0.00,0,False
Jason,Steele,Steele,Brighton,GKP,7,138,0,0,0,0,0,0,0,0,0,0,0,0,0,0.0,0.0,0.0,0.0,0,0,0,0,0,0.00,0.00,0.00,0.00,0,False
Bart,Verbruggen,Verbruggen,Brighton,GKP,7,139,90,0,0,0,1,1,0,0,0,0,3,0,12,20.0,0.0,0.0,2.0,0,14,0,0,1,0.00,0.00,0.00,0.56,1,False
Tom,McGill,McGill,Brighton,GKP,7,140,0,0,0,0,0,0,0,0,0,0,0,0,0,0.0,0.0,0.0,0.0,0,0,0,0,0,0.00,0.00,0.00,0.00,0,False
Carl,Rushworth,Rushworth,Brighton,GKP,7,141,0,0,0,0,0,0,0,0,0,0,0,0,0,0.0,0.0,0.0,0.0,0,0,0,0,0,0.00,0.00,0.00,0.00,0,False
Kjell,Scherpen,Scherpen,Brighton,GKP,7,142,0,0,0,0,0,0,0,0,0,0,0,0,0,0.0,0.0,0.0,0.0,0,0,0,0,0,0.00,0.00,0.00,0.00,0,False
Olivier,Boscagli,Boscagli,Brighton,DEF,7,143,0,0,0,0,0,0,0,0,0,0,0,0,0,0.0,0.0,0.0,0.0,0,0,0,0,0,0.00,0.00,0.00,0.00,0,False
Diego,Coppola,Coppola,Brighton,DEF,7,144,0,0,0,0,0,0,0,0,0,0,0,0,0,0.0,0.0,0.0,0.0,0,0,0,0,0,0.00,0.00,0.00,0.00,0,False
Maxim,De Cuyper,De Cuyper,Brighton,DEF,7,145,20,0,0,0,0,0,0,0,0,0,0,0,10,7.6,15.1,7.0,3.0,0,0,0,0,0,0.04,0.07,0.11,0.05,1,False
Lewis,Dunk,Dunk,Brighton,DEF,7,146,90,0,0,0,1,0,0,0,1,0,0,0,8,10.2,2.5,1.0,1.4,2,3,2,4,1,0.06,0.01,0.07,0.56,1,False
Pervis,Estupiñán Tenorio,Estupiñan,Brighton,DEF,7,147,0,0,0,0,0,0,0,0,0,0,0,0,0,0.0,0.0,0.0,0.0,0,0,0,0,0,0.00,0.00,0.00,0.00,0,False
Ferdi,Kadıoğlu,F.Kadıoğlu,Brighton,DEF,7,148,90,0,0,0,1,0,0,0,0,0,0,0,13,14.0,8.9,17.0,4.0,2,4,1,3,1,0.11,0.06,0.17,0.56,2,False
Igor Julio,dos Santos de Paulo,Igor,West Ham,DEF,7,149,0,0,0,0,0,0,0,0,0,0,0,0,0,0.0,0.0,0.0,0.0,0,0,0,0,0,0.00,0.00,0.00,0.00,0,False
Tariq,Lamptey,Lamptey,Brighton,DEF,7,150,0,0,0,0,0,0,0,0,0,0,0,0,0,0.0,0.0,0.0,0.0,0,0,0,0,0,0.00,0.00,0.00,0.00,0,False
Jan Paul,van Hecke,Van Hecke,Brighton,DEF,7,151,90,1,0,0,1,0,0,0,0,0,0,3,25,48.2,3.0,21.0,7.2,3,2,1,4,1,0.13,0.02,0.14,0.56,11,True
Joël,Veltman,Veltman,Brighton,DEF,7,152,0,0,0,0,0,0,0,0,0,0,0,0,0,0.0,0.0,0.0,0.0,0,0,0,0,0,0.00,0.00,0.00,0.00,0,False
Adam,Webster,Webster,Brighton,DEF,7,153,0,0,0,0,0,0,0,0,0,0,0,0,0,0.0,0.0,0.0,0.0,0,0,0,0,0,0.00,0.00,0.00,0.00,0,False
Eiran,Cashin,Cashin,Brighton,DEF,7,154,0,0,0,0,0,0,0,0,0,0,0,0,0,0.0,0.0,0.0,0.0,0,0,0,0,0,0.00,0.00,0.00,0.00,0,False
Jacob,Slater,Slater,Brighton,DEF,7,155,0,0,0,0,0,0,0,0,0,0,0,0,0,0.0,0.0,0.0,0.0,0,0,0,0,0,0.00,0.00,0.00,0.00,0,False
Charlie,Tasker,Tasker,Brighton,DEF,7,156,0,0,0,0,0,0,0,0,0,0,0,0,0,0.0,0.0,0.0,0.0,0,0,0,0,0,0.00,0.00,0.00,0.00,0,False
Mitoma,Kaoru,Mitoma,Brighton,MID,7,157,0,0,0,0,0,0,0,0,0,0,0,0,0,0.0,0.0,0.0,0.0,0,0,0,0,0,0.00,0.00,0.00,0.00,0,False
Georginio,Rutter,Georginio,Brighton,MID,7,158,45,0,0,0,0,0,0,0,0,0,0,0,1,2.0,0.8,26.0,2.9,1,1,0,2,0,0.20,0.01,0.21,0.35,1,False
Solly,March,March,Brighton,MID,7,159,0,0,0,0,0,0,0,0,0,0,0,0,0,0.0,0.0,0.0,0.0,0,0,0,0,0,0.00,0.00,0.00,0.00,0,False
Yankuba,Minteh,Minteh,Brighton,MID,7,160,90,0,0,0,1,0,0,0,0,0,0,0,17,26.8,62.3,5.0,9.4,2,6,2,10,1,0.01,0.24,0.25,0.56,2,False
Julio,Enciso Espínola,Enciso,Brighton,MID,7,161,0,0,0,0,0,0,0,0,0,0,0,0,0,0.0,0.0,0.0,0.0,0,0,0,0,0,0.00,0.00,0.00,0.00,0,False
Brajan,Gruda,Gruda,Brighton,MID,7,162,69,0,0,0,1,0,0,0,0,0,0,0,6,11.6,18.3,44.0,7.4,0,5,2,7,1,0.33,0.05,0.38,0.51,2,False
Jack,Hinshelwood,Hinshelwood,Brighton,MID,7,163,0,0,0,0,0,0,0,0,0,0,0,0,0,0.0,0.0,0.0,0.0,0,0,0,0,0,0.00,0.00,0.00,0.00,0,False
Matt,O'Riley,O'Riley,Brighton,MID,7,164,0,0,0,0,0,0,0,0,0,0,0,0,0,0.0,0.0,0.0,0.0,0,0,0,0,0,0.00,0.00,0.00,0.00,0,False
Abdallah,Sima,Sima,Brighton,MID,7,165,0,0,0,0,0,0,0,0,0,0,0,0,0,0.0,0.0,0.0,0.0,0,0,0,0,0,0.00,0.00,0.00,0.00,0,False
Yasin,Ayari,Ayari,Brighton,MID,7,166,90,0,0,0,1,0,0,0,0,0,0,0,18,13.6,23.8,2.0,3.9,2,4,3,9,1,0.02,0.04,0.06,0.56,2,False
Carlos,Baleba,Baleba,Brighton,MID,7,167,45,0,0,0,1,0,0,0,1,0,0,0,7,5.6,0.9,0.0,0.7,2,2,3,7,1,0.00,0.00,0.00,0.20,0,False
Facundo,Buonanotte,Buonanotte,Chelsea,MID,7,168,0,0,0,0,0,0,0,0,0,0,0,0,0,0.0,0.0,0.0,0.0,0,0,0,0,0,0.00,0.00,0.00,0.00,0,False
Diego,Gómez Amarilla,Gomez,Brighton,MID,7,169,76,0,0,0,1,0,0,0,0,0,0,0,8,12.4,1.3,17.0,3.1,2,1,5,8,1,0.13,0.01,0.14,0.56,2,False
James,Milner,Milner,Brighton,MID,7,170,13,0,0,0,0,0,0,0,0,0,0,0,6,5.2,20.1,0.0,2.5,0,1,0,1,0,0.00,0.06,0.06,0.00,1,False
Jeremy,Sarmiento Morante,Sarmiento,Brighton,MID,7,171,0,0,0,0,0,0,0,0,0,0,0,0,0,0.0,0.0,0.0,0.0,0,0,0,0,0,0.00,0.00,0.00,0.00,0,False
Tom,Watson,Watson,Brighton,MID,7,172,0,0,0,0,0,0,0,0,0,0,0,0,0,0.0,0.0,0.0,0.0,0,0,0,0,0,0.00,0.00,0.00,0.00,0,False
Mats,Wieffer,Wieffer,Brighton,MID,7,173,69,0,0,0,1,0,0,0,1,0,0,0,8,7.4,26.6,10.0,4.4,4,3,0,7,1,0.10,0.11,0.21,0.51,1,False
Malick,Yalcouyé,Yalcouye,Brighton,MID,7,174,0,0,0,0,0,0,0,0,0,0,0,0,0,0.0,0.0,0.0,0.0,0,0,0,0,0,0.00,0.00,0.00,0.00,0,False
Joe,Knight,Knight,Brighton,MID,7,175,0,0,0,0,0,0,0,0,0,0,0,0,0,0.0,0.0,0.0,0.0,0,0,0,0,0,0.00,0.00,0.00,0.00,0,False
Adrian,Mazilu,Mazilu,Brighton,MID,7,176,0,0,0,0,0,0,0,0,0,0,0,0,0,0.0,0.0,0.0,0.0,0,0,0,0,0,0.00,0.00,0.00,0.00,0,False
Andrew,Moran,Moran,Brighton,MID,7,177,0,0,0,0,0,0,0,0,0,0,0,0,0,0.0,0.0,0.0,0.0,0,0,0,0,0,0.00,0.00,0.00,0.00,0,False
Danny,Welbeck,Welbeck,Brighton,FWD,7,178,90,0,0,0,1,0,0,0,1,0,0,0,-3,0.0,13.4,4.0,1.7,2,1,0,3,1,0.00,0.02,0.02,0.56,1,False
Evan,Ferguson,Ferguson,Brighton,FWD,7,179,0,0,0,0,0,0,0,0,0,0,0,0,0,0.0,0.0,0.0,0.0,0,0,0,0,0,0.00,0.00,0.00,0.00,0,False
Stefanos,Tzimas,Tzimas,Brighton,FWD,7,180,20,0,1,0,0,0,0,0,0,0,0,0,11,19.0,20.5,11.0,5.1,0,0,0,0,0,0.05,0.00,0.05,0.05,4,False
Charalampos,Kostoulas,Kostoulas,Brighton,FWD,7,181,0,0,0,0,0,0,0,0,0,0,0,0,0,0.0,0.0,0.0,0.0,0,0,0,0,0,0.00,0.00,0.00,0.00,0,False
James,Trafford,Trafford,Man City,GKP,7,182,0,0,0,0,0,0,0,0,0,0,0,0,0,0.0,0.0,0.0,0.0,0,0,0,0,0,0.00,0.00,0.00,0.00,0,False
Max,Weiß,Weiss,Burnley,GKP,7,183,0,0,0,0,0,0,0,0,0,0,0,0,0,0.0,0.0,0.0,0.0,0,0,0,0,0,0.00,0.00,0.00,0.00,0,False
Etienne,Green,Green,Burnley,GKP,7,184,0,0,0,0,0,0,0,0,0,0,0,0,0,0.0,0.0,0.0,0.0,0,0,0,0,0,0.00,0.00,0.00,0.00,0,False
Václav,Hladký,Hladký,Burnley,GKP,7,185,0,0,0,0,0,0,0,0,0,0,0,0,0,0.0,0.0,0.0,0.0,0,0,0,0,0,0.00,0.00,0.00,0.00,0,False
Connor,Roberts,Roberts,Burnley,DEF,7,186,0,0,0,0,0,0,0,0,0,0,0,0,0,0.0,0.0,0.0,0.0,0,0,0,0,0,0.00,0.00,0.00,0.00,0,False
Kyle,Walker,Walker,Burnley,DEF,7,187,90,0,0,0,2,0,0,0,0,0,0,0,-3,10.6,2.7,7.0,2.0,1,5,3,4,1,0.08,0.01,0.09,1.37,1,False
Hannes,Delcroix,Delcroix,Burnley,DEF,7,188,0,0,0,0,0,0,0,0,0,0,0,0,0,0.0,0.0,0.0,0.0,0,0,0,0,0,0.00,0.00,0.00,0.00,0,False
Owen,Dodgson,Dodgson,Burnley,DEF,7,189,0,0,0,0,0,0,0,0,0,0,0,0,0,0.0,0.0,0.0,0.0,0,0,0,0,0,0.00,0.00,0.00,0.00,0,False
Hjalmar,Ekdal,Ekdal,Burnley,DEF,7,190,0,0,0,0,0,0,0,0,0,0,0,0,0,0.0,0.0,0.0,0.0,0,0,0,0,0,0.00,0.00,0.00,0.00,0,False
Maxime,Estève,Estève,Burnley,DEF,7,191,90,0,0,0,2,0,0,0,0,0,0,0,7,13.2,1.4,2.0,1.7,6,3,0,6,1,0.00,0.01,0.01,1.37,1,False
Quilindschy,Hartman,Hartman,Burnley,DEF,7,192,90,0,1,0,2,0,0,0,0,0,0,0,12,21.6,32.8,2.0,5.6,0,4,0,0,1,0.00,0.17,0.17,1.37,4,False
Bashir,Humphreys,Humphreys,Burnley,DEF,7,193,0,0,0,0,0,0,0,0,0,0,0,0,0,0.0,0.0,0.0,0.0,0,0,0,0,0,0.00,0.00,0.00,0.00,0,False
Jordan,Beyer,Jordan,Burnley,DEF,7,194,0,0,0,0,0,0,0,0,0,0,0,0,0,0.0,0.0,0.0,0.0,0,0,0,0,0,0.00,0.00,0.00,0.00,0,False
Lucas,Pires Silva,Lucas Pires,Burnley,DEF,7,195,0,0,0,0,0,0,0,0,0,0,0,0,0,0.0,0.0,0.0,0.0,0,0,0,0,0,0.00,0.00,0.00,0.00,0,False
Shurandy,Sambo,Sambo,Burnley,DEF,7,196,0,0,0,0,0,0,0,0,0,0,0,0,0,0.0,0.0,0.0,0.0,0,0,0,0,0,0.00,0.00,0.00,0.00,0,False
Oliver,Sonne,Sonne,Burnley,DEF,7,197,0,0,0,0,0,0,0,0,0,0,0,0,0,0.0,0.0,0.0,0.0,0,0,0,0,0,0.00,0.00,0.00,0.00,0,False
Axel,Tuanzebe,Tuanzebe,Burnley,DEF,7,198,90,0,0,0,2,0,0,0,0,0,0,0,6,17.6,0.9,0.0,1.9,4,4,3,7,1,0.00,0.01,0.01,1.37,1,False
Joe,Worrall,Worrall,Burnley,DEF,7,199,1,0,0,0,0,0,0,0,0,0,0,0,3,0.2,0.3,0.0,0.1,0,0,0,0,0,0.00,0.00,0.00,0.00,1,False
Jaidon,Anthony,Anthony,Burnley,MID,7,200,58,0,0,0,1,0,0,0,0,0,0,0,2,5.6,2.1,4.0,1.2,0,3,4,7,1,0.00,0.01,0.01,0.99,1,False
Manuel,Benson Hedilazio,Benson,Burnley,MID,7,201,0,0,0,0,0,0,0,0,0,0,0,0,0,0.0,0.0,0.0,0.0,0,0,0,0,0,0.00,0.00,0.00,0.00,0,False
Jacob,Bruun Larsen,Bruun Larsen,Burnley,MID,7,202,31,0,0,0,1,0,0,0,0,0,0,0,0,0.4,0.5,0.0,0.1,0,1,0,1,0,0.00,0.00,0.00,0.39,1,False
Enock,Agyei,Boateng,Burnley,MID,7,203,0,0,0,0,0,0,0,0,0,0,0,0,0,0.0,0.0,0.0,0.0,0,0,0,0,0,0.00,0.00,0.00,0.00,0,False
Darko,Churlinov,Churlinov,Burnley,MID,7,204,0,0,0,0,0,0,0,0,0,0,0,0,0,0.0,0.0,0.0,0.0,0,0,0,0,0,0.00,0.00,0.00,0.00,0,False
Josh,Cullen,Cullen,Burnley,MID,7,205,90,0,0,0,2,0,0,0,0,0,0,2,29,21.6,6.7,7.0,3.5,1,11,8,20,1,0.10,0.02,0.12,1.37,6,False
Marcus,Edwards,Edwards,Burnley,MID,7,206,0,0,0,0,0,0,0,0,0,0,0,0,0,0.0,0.0,0.0,0.0,0,0,0,0,0,0.00,0.00,0.00,0.00,0,False
Hannibal,Mejbri,Hannibal,Burnley,MID,7,207,0,0,0,0,0,0,0,0,0,0,0,0,0,0.0,0.0,0.0,0.0,0,0,0,0,0,0.00,0.00,0.00,0.00,0,False
Luca,Koleosho,Koleosho,Burnley,MID,7,208,0,0,0,0,0,0,0,0,0,0,0,0,0,0.0,0.0,0.0,0.0,0,0,0,0,0,0.00,0.00,0.00,0.00,0,False
Josh,Laurent,Laurent,Burnley,MID,7,209,81,0,0,0,2,0,0,0,0,0,0,0,13,5.2,2.3,2.0,1.0,6,3,0,9,1,0.00,0.00,0.00,1.14,2,False
Loum,Tchaouna,Tchaouna,Burnley,MID,7,210,58,0,0,0,1,0,0,0,0,0,0,0,3,0.0,2.4,0.0,0.2,0,3,0,3,1,0.00,0.01,0.01,0.99,1,False
Aaron,Ramsey,A.Ramsey,Burnley,MID,7,211,0,0,0,0,0,0,0,0,0,0,0,0,0,0.0,0.0,0.0,0.0,0,0,0,0,0,0.00,0.00,0.00,0.00,0,False
Oluwaseun,Adewumi,Adewumi,Burnley,MID,7,212,0,0,0,0,0,0,0,0,0,0,0,0,0,0.0,0.0,0.0,0.0,0,0,0,0,0,0.00,0.00,0.00,0.00,0,False
Jaydon,Banel,Banel,Burnley,MID,7,213,0,0,0,0,0,0,0,0,0,0,0,0,0,0.0,0.0,0.0,0.0,0,0,0,0,0,0.00,0.00,0.00,0.00,0,False
Mike,Trésor Ndayishimiye,Trésor,Burnley,MID,7,214,0,0,0,0,0,0,0,0,0,0,0,0,0,0.0,0.0,0.0,0.0,0,0,0,0,0,0.00,0.00,0.00,0.00,0,False
Zian,Flemming,Flemming,Burnley,FWD,7,215,8,0,0,0,0,0,0,0,0,0,0,0,2,0.0,0.0,2.0,0.1,0,0,0,0,0,0.01,0.00,0.01,0.24,1,False
Zeki,Amdouni,Amdouni,Burnley,FWD,7,216,0,0,0,0,0,0,0,0,0,0,0,0,0,0.0,0.0,0.0,0.0,0,0,0,0,0,0.00,0.00,0.00,0.00,0,False
Lyle,Foster,Foster,Burnley,FWD,7,217,68,0,0,0,2,0,0,0,1,0,0,0,-2,0.0,1.3,4.0,0.1,0,0,0,0,1,0.00,0.02,0.02,1.12,1,False
Ashley,Barnes,Barnes,Burnley,FWD,7,218,0,0,0,0,0,0,0,0,0,0,0,0,0,0.0,0.0,0.0,0.0,0,0,0,0,0,0.00,0.00,0.00,0.00,0,False
Michael,Obafemi,Obafemi,Burnley,FWD,7,219,0,0,0,0,0,0,0,0,0,0,0,0,0,0.0,0.0,0.0,0.0,0,0,0,0,0,0.00,0.00,0.00,0.00,0,False
Robert,Lynch Sánchez,Sánchez,Chelsea,GKP,7,220,90,0,0,0,1,0,0,0,0,0,1,0,8,9.4,0.0,0.0,0.9,0,11,0,0,1,0.00,0.00,0.00,1.95,2,False
Filip,Jörgensen,Jörgensen,Chelsea,GKP,7,221,0,0,0,0,0,0,0,0,0,0,0,0,0,0.0,0.0,0.0,0.0,0,0,0,0,0,0.00,0.00,0.00,0.00,0,False
Mike,Penders,Penders,Chelsea,GKP,7,222,0,0,0,0,0,0,0,0,0,0,0,0,0,0.0,0.0,0.0,0.0,0,0,0,0,0,0.00,0.00,0.00,0.00,0,False
Gabriel,Słonina,Slonina,Chelsea,GKP,7,223,0,0,0,0,0,0,0,0,0,0,0,0,0,0.0,0.0,0.0,0.0,0,0,0,0,0,0.00,0.00,0.00,0.00,0,False
Marc,Cucurella Saseta,Cucurella,Chelsea,DEF,7,224,90,0,1,0,1,0,0,0,0,0,0,2,33,38.0,38.4,6.0,8.2,7,4,2,9,1,0.00,0.62,0.62,1.95,7,False
Reece,James,James,Chelsea,DEF,7,225,90,0,0,0,1,0,0,0,0,0,0,0,16,25.8,23.2,0.0,4.9,5,2,5,10,1,0.00,0.06,0.06,1.95,4,False
Trevoh,Chalobah,Chalobah,Chelsea,DEF,7,226,0,0,0,0,0,0,0,0,0,0,0,0,0,0.0,0.0,0.0,0.0,0,0,0,0,0,0.00,0.00,0.00,0.00,0,False
Levi,Samuels Colwill,Colwill,Chelsea,DEF,7,227,0,0,0,0,0,0,0,0,0,0,0,0,0,0.0,0.0,0.0,0.0,0,0,0,0,0,0.00,0.00,0.00,0.00,0,False
Malo,Gusto,Gusto,Chelsea,DEF,7,228,90,0,1,0,1,0,0,0,0,0,0,0,18,25.0,14.8,3.0,4.3,2,9,1,3,1,0.02,0.04,0.06,1.95,5,False
Benoît,Badiashile Mukinayi,B.Badiashile,Chelsea,DEF,7,229,54,0,0,0,0,0,0,0,0,0,0,0,11,14.6,1.4,0.0,1.6,4,1,1,5,1,0.00,0.02,0.02,0.93,1,False
Wesley,Fofana,Fofana,Chelsea,DEF,7,230,0,0,0,0,0,0,0,0,0,0,0,0,0,0.0,0.0,0.0,0.0,0,0,0,0,0,0.00,0.00,0.00,0.00,0,False
Mamadou,Sarr,M.Sarr,Chelsea,DEF,7,231,0,0,0,0,0,0,0,0,0,0,0,0,0,0.0,0.0,0.0,0.0,0,0,0,0,0,0.00,0.00,0.00,0.00,0,False
Tosin,Adarabioyo,Tosin,Chelsea,DEF,7,232,0,0,0,0,0,0,0,0,0,0,0,0,0,0.0,0.0,0.0,0.0,0,0,0,0,0,0.00,0.00,0.00,0.00,0,False
Josh,Acheampong,Acheampong,Chelsea,DEF,7,233,67,0,0,0,1,0,0,0,0,0,0,0,5,1.6,0.6,0.0,0.2,1,4,0,1,1,0.00,0.00,0.00,1.48,2,False
Aarón,Anselmino,Anselmino,Chelsea,DEF,7,234,0,0,0,0,0,0,0,0,0,0,0,0,0,0.0,0.0,0.0,0.0,0,0,0,0,0,0.00,0.00,0.00,0.00,0,False
Cole,Palmer,Palmer,Chelsea,MID,7,235,0,0,0,0,0,0,0,0,0,0,0,0,0,0.0,0.0,0.0,0.0,0,0,0,0,0,0.00,0.00,0.00,0.00,0,False
Pedro,Lomba Neto,Neto,Chelsea,MID,7,236,74,0,0,0,1,0,0,0,0,0,0,0,7,1.4,2.4,5.0,0.9,1,3,0,4,1,0.03,0.02,0.05,1.54,2,False
Enzo,Fernández,Enzo,Chelsea,MID,7,237,90,0,0,0,1,0,0,0,0,0,0,0,7,13.2,14.8,23.0,5.1,1,6,4,11,1,0.35,0.03,0.38,1.95,2,False
Estêvão,Almeida de Oliveira Gonçalves,Estêvão,Chelsea,MID,7,238,15,1,0,0,0,0,0,0,0,0,0,2,33,46.4,33.5,52.0,13.2,1,3,1,5,0,0.41,0.18,0.59,0.41,8,False
Jamie,Bynoe-Gittens,Gittens,Chelsea,MID,7,239,15,0,0,0,0,0,0,0,0,0,0,0,5,9.6,0.9,13.0,2.4,1,1,0,2,0,0.02,0.04,0.06,0.41,1,False
Christopher,Nkunku,Nkunku,Chelsea,MID,7,240,0,0,0,0,0,0,0,0,0,0,0,0,0,0.0,0.0,0.0,0.0,0,0,0,0,0,0.00,0.00,0.00,0.00,0,False
Moisés,Caicedo Corozo,Caicedo,Chelsea,MID,7,241,90,1,0,0,1,0,0,0,0,0,0,3,35,49.0,6.3,16.0,7.1,2,5,4,11,1,0.06,0.02,0.08,1.95,10,False
Kiernan,Dewsbury-Hall,Dewsbury-Hall,Everton,MID,7,242,0,0,0,0,0,0,0,0,0,0,0,0,0,0.0,0.0,0.0,0.0,0,0,0,0,0,0.00,0.00,0.00,0.00,0,False
Tyrique,George,George,Chelsea,MID,7,243,0,0,0,0,0,0,0,0,0,0,0,0,0,0.0,0.0,0.0,0.0,0,0,0,0,0,0.00,0.00,0.00,0.00,0,False
Roméo,Lavia,Lavia,Chelsea,MID,7,244,35,0,0,0,1,0,0,0,0,0,0,0,6,6.8,3.0,0.0,1.0,2,2,1,5,0,0.00,0.02,0.02,1.02,1,False
Mykhailo,Mudryk,Mudryk,Chelsea,MID,7,245,0,0,0,0,0,0,0,0,0,0,0,0,0,0.0,0.0,0.0,0.0,0,0,0,0,0,0.00,0.00,0.00,0.00,0,False
Andrey,Nascimento dos Santos,Andrey Santos,Chelsea,MID,7,246,0,0,0,0,0,0,0,0,0,0,0,0,0,0.0,0.0,0.0,0.0,0,0,0,0,0,0.00,0.00,0.00,0.00,0,False
Dário,Luís Essugo,D.Essugo,Chelsea,MID,7,247,0,0,0,0,0,0,0,0,0,0,0,0,0,0.0,0.0,0.0,0.0,0,0,0,0,0,0.00,0.00,0.00,0.00,0,False
Kendry,Páez Andrade,Paez,Chelsea,MID,7,248,0,0,0,0,0,0,0,0,0,0,0,0,0,0.0,0.0,0.0,0.0,0,0,0,0,0,0.00,0.00,0.00,0.00,0,False
João Pedro,Junqueira de Jesus,João Pedro,Chelsea,FWD,7,249,73,0,0,0,1,0,0,0,0,0,0,0,4,0.0,1.9,4.0,0.4,0,1,0,1,1,0.03,0.00,0.03,1.54,2,False
Liam,Delap,Delap,Chelsea,FWD,7,250,0,0,0,0,0,0,0,0,0,0,0,0,0,0.0,0.0,0.0,0.0,0,0,0,0,0,0.00,0.00,0.00,0.00,0,False
Nicolas,Jackson,N.Jackson,Chelsea,FWD,7,251,0,0,0,0,0,0,0,0,0,0,0,0,0,0.0,0.0,0.0,0.0,0,0,0,0,0,0.00,0.00,0.00,0.00,0,False
Marc,Guiu Paz,Marc Guiu,Chelsea,FWD,7,252,16,0,0,0,0,0,0,0,0,0,0,0,1,0.0,0.0,4.0,0.1,0,0,0,0,0,0.03,0.00,0.03,0.41,1,False
Dean,Henderson,Henderson,Crystal Palace,GKP,7,253,90,0,0,0,2,0,0,0,0,0,5,0,18,42.4,0.0,0.0,4.2,0,15,0,0,1,0.00,0.00,0.00,2.03,2,False
Walter,Benítez,Benitez,Crystal Palace,GKP,7,254,0,0,0,0,0,0,0,0,0,0,0,0,0,0.0,0.0,0.0,0.0,0,0,0,0,0,0.00,0.00,0.00,0.00,0,False
Remi,Matthews,Matthews,Crystal Palace,GKP,7,255,0,0,0,0,0,0,0,0,0,0,0,0,0,0.0,0.0,0.0,0.0,0,0,0,0,0,0.00,0.00,0.00,0.00,0,False
Daniel,Muñoz Mejía,Muñoz,Crystal Palace,DEF,7,256,90,1,0,0,2,0,0,0,1,0,0,0,20,56.0,1.3,21.0,7.8,9,7,7,16,1,0.11,0.02,0.13,2.03,8,False
Maxence,Lacroix,Lacroix,Crystal Palace,DEF,7,257,90,0,0,0,2,0,0,0,0,0,0,0,3,17.6,14.5,2.0,3.4,9,2,1,10,1,0.00,0.01,0.01,2.03,3,False
Tyrick,Mitchell,Mitchell,Crystal Palace,DEF,7,258,90,0,0,0,2,0,0,0,0,0,0,0,6,13.8,2.8,21.0,3.8,6,2,3,9,1,0.05,0.01,0.06,2.03,1,False
Borna,Sosa,Sosa,Crystal Palace,DEF,7,259,0,0,0,0,0,0,0,0,0,0,0,0,0,0.0,0.0,0.0,0.0,0,0,0,0,0,0.00,0.00,0.00,0.00,0,False
Marc,Guéhi,Guéhi,Crystal Palace,DEF,7,260,90,0,0,0,2,0,0,0,0,0,0,0,7,26.8,3.6,37.0,6.7,8,5,2,10,1,0.20,0.48,0.68,2.03,3,False
Chris,Richards,Richards,Crystal Palace,DEF,7,261,90,0,0,0,2,0,0,0,0,0,0,0,11,26.0,10.7,7.0,4.4,9,1,1,10,1,0.09,0.56,0.65,2.03,3,False
Chadi,Riad Dnanou,Chadi Riad,Crystal Palace,DEF,7,262,0,0,0,0,0,0,0,0,0,0,0,0,0,0.0,0.0,0.0,0.0,0,0,0,0,0,0.00,0.00,0.00,0.00,0,False
Nathaniel,Clyne,Clyne,Crystal Palace,DEF,7,263,0,0,0,0,0,0,0,0,0,0,0,0,0,0.0,0.0,0.0,0.0,0,0,0,0,0,0.00,0.00,0.00,0.00,0,False
Rob,Holding,Holding,Crystal Palace,DEF,7,264,0,0,0,0,0,0,0,0,0,0,0,0,0,0.0,0.0,0.0,0.0,0,0,0,0,0,0.00,0.00,0.00,0.00,0,False
Caleb,Kporha,Kporha,Crystal Palace,DEF,7,265,0,0,0,0,0,0,0,0,0,0,0,0,0,0.0,0.0,0.0,0.0,0,0,0,0,0,0.00,0.00,0.00,0.00,0,False
Eberechi,Eze,Eze,Arsenal,MID,7,266,78,0,1,1,0,0,0,0,0,0,0,0,22,5.6,6.8,35.0,4.7,1,2,2,5,1,0.49,0.05,0.54,0.36,6,False
Ismaïla,Sarr,Sarr,Crystal Palace,MID,7,267,88,0,1,0,1,0,0,0,0,0,0,2,26,35.6,32.1,8.0,7.6,2,1,3,6,1,0.18,0.08,0.26,1.29,7,False
Cheick,Doucouré,Doucouré,Crystal Palace,MID,7,268,0,0,0,0,0,0,0,0,0,0,0,0,0,0.0,0.0,0.0,0.0,0,0,0,0,0,0.00,0.00,0.00,0.00,0,False
Romain,Esse,Esse,Crystal Palace,MID,7,269,0,0,0,0,0,0,0,0,0,0,0,0,0,0.0,0.0,0.0,0.0,0,0,0,0,0,0.00,0.00,0.00,0.00,0,False
Will,Hughes,Hughes,Crystal Palace,MID,7,270,0,0,0,0,0,0,0,0,0,0,0,0,0,0.0,0.0,0.0,0.0,0,0,0,0,0,0.00,0.00,0.00,0.00,0,False
Daichi,Kamada,Kamada,Crystal Palace,MID,7,271,81,0,0,0,1,0,0,0,0,0,0,0,14,14.4,2.9,3.0,2.0,1,7,8,16,1,0.10,0.02,0.12,1.29,4,False
Jefferson,Lerma Solís,Lerma,Crystal Palace,MID,7,272,8,0,0,0,1,0,0,0,0,0,0,0,4,3.4,0.0,0.0,0.3,2,0,0,2,0,0.00,0.01,0.01,0.73,1,False
Adam,Wharton,Wharton,Crystal Palace,MID,7,273,90,0,0,0,2,0,0,0,1,0,0,0,14,11.6,28.8,2.0,4.2,4,5,3,12,1,0.03,0.24,0.27,2.03,3,False
Asher,Agbinone,Agbinone,Crystal Palace,MID,7,274,0,0,0,0,0,0,0,0,0,0,0,0,0,0.0,0.0,0.0,0.0,0,0,0,0,0,0.00,0.00,0.00,0.00,0,False
Naouirou,Ahamada,Ahamada,Crystal Palace,MID,7,275,0,0,0,0,0,0,0,0,0,0,0,0,0,0.0,0.0,0.0,0.0,0,0,0,0,0,0.00,0.00,0.00,0.00,0,False
Justin,Devenny,Devenny,Crystal Palace,MID,7,276,2,0,0,0,1,0,0,0,0,0,0,0,-1,0.0,0.0,37.0,3.7,0,0,0,0,0,0.30,0.00,0.30,0.73,1,False
Malcolm,Ebiowei,Ebiowei,Crystal Palace,MID,7,277,0,0,0,0,0,0,0,0,0,0,0,0,0,0.0,0.0,0.0,0.0,0,0,0,0,0,0.00,0.00,0.00,0.00,0,False
Jesurun,Rak-Sakyi,J.Rak-Sakyi,Crystal Palace,MID,7,278,0,0,0,0,0,0,0,0,0,0,0,0,0,0.0,0.0,0.0,0.0,0,0,0,0,0,0.00,0.00,0.00,0.00,0,False
Matheus,França de Oliveira,M.França,Crystal Palace,MID,7,279,0,0,0,0,0,0,0,0,0,0,0,0,0,0.0,0.0,0.0,0.0,0,0,0,0,0,0.00,0.00,0.00,0.00,0,False
David,Ozoh,Ozoh,Crystal Palace,MID,7,280,0,0,0,0,0,0,0,0,0,0,0,0,0,0.0,0.0,0.0,0.0,0,0,0,0,0,0.00,0.00,0.00,0.00,0,False
Kaden,Rodney,Rodney,Crystal Palace,MID,7,281,0,0,0,0,0,0,0,0,0,0,0,0,0,0.0,0.0,0.0,0.0,0,0,0,0,0,0.00,0.00,0.00,0.00,0,False
Franco,Umeh-Chibueze,Umeh,Crystal Palace,MID,7,282,0,0,0,0,0,0,0,0,0,0,0,0,0,0.0,0.0,0.0,0.0,0,0,0,0,0,0.00,0.00,0.00,0.00,0,False
Jean-Philippe,Mateta,Mateta,Crystal Palace,FWD,7,283,69,0,0,1,0,0,0,0,0,0,0,0,3,6.4,1.6,29.0,3.7,2,0,0,2,1,0.59,0.00,0.59,0.43,2,False
Eddie,Nketiah,Nketiah,Crystal Palace,FWD,7,284,20,0,0,0,2,0,0,0,0,0,0,0,2,0.0,0.1,0.0,0.0,0,1,0,1,0,0.00,0.00,0.00,1.60,1,False
Odsonne,Édouard,Édouard,Crystal Palace,FWD,7,285,0,0,0,0,0,0,0,0,0,0,0,0,0,0.0,0.0,0.0,0.0,0,0,0,0,0,0.00,0.00,0.00,0.00,0,False
Zach,Marsh,Marsh,Crystal Palace,FWD,7,286,0,0,0,0,0,0,0,0,0,0,0,0,0,0.0,0.0,0.0,0.0,0,0,0,0,0,0.00,0.00,0.00,0.00,0,False
Jordan,Pickford,Pickford,Everton,GKP,7,287,90,0,0,0,1,0,0,0,0,0,5,0,19,42.6,0.0,0.0,4.3,2,6,0,0,1,0.00,0.00,0.00,1.65,3,False
Mark,Travers,Travers,Everton,GKP,7,288,0,0,0,0,0,0,0,0,0,0,0,0,0,0.0,0.0,0.0,0.0,0,0,0,0,0,0.00,0.00,0.00,0.00,0,False
Harry,Tyrer,Tyrer,Everton,GKP,7,289,0,0,0,0,0,0,0,0,0,0,0,0,0,0.0,0.0,0.0,0.0,0,0,0,0,0,0.00,0.00,0.00,0.00,0,False
Jarrad,Branthwaite,Branthwaite,Everton,DEF,7,290,0,0,0,0,0,0,0,0,0,0,0,0,0,0.0,0.0,0.0,0.0,0,0,0,0,0,0.00,0.00,0.00,0.00,0,False
James,Tarkowski,Tarkowski,Everton,DEF,7,291,90,0,0,0,1,0,0,0,0,0,0,1,22,34.6,16.9,8.0,6.0,9,6,2,11,1,0.00,0.26,0.26,1.65,5,False
Vitalii,Mykolenko,Mykolenko,Everton,DEF,7,292,90,0,0,0,1,0,0,0,0,0,0,0,11,20.0,13.2,9.0,4.2,11,2,1,12,1,0.02,0.03,0.05,1.65,4,False
Jake,O'Brien,O'Brien,Everton,DEF,7,293,90,0,0,0,1,0,0,0,0,0,0,1,22,29.4,19.1,21.0,7.0,7,1,3,10,1,0.08,0.07,0.15,1.65,5,False
Séamus,Coleman,Coleman,Everton,DEF,7,294,1,0,0,0,0,0,0,0,0,0,0,0,4,0.0,0.0,0.0,0.0,0,0,0,0,0,0.00,0.00,0.00,0.24,1,False
Michael,Keane,Keane,Everton,DEF,7,295,64,0,0,0,1,0,0,0,0,0,0,0,9,20.6,0.4,11.0,3.2,10,4,1,11,1,0.23,0.00,0.23,1.32,4,False
Nathan,Patterson,Patterson,Everton,DEF,7,296,0,0,0,0,0,0,0,0,0,0,0,0,0,0.0,0.0,0.0,0.0,0,0,0,0,0,0.00,0.00,0.00,0.00,0,False
Roman,Dixon,Dixon,Everton,DEF,7,297,0,0,0,0,0,0,0,0,0,0,0,0,0,0.0,0.0,0.0,0.0,0,0,0,0,0,0.00,0.00,0.00,0.00,0,False
Reece,Welch,Welch,Everton,DEF,7,298,0,0,0,0,0,0,0,0,0,0,0,0,0,0.0,0.0,0.0,0.0,0,0,0,0,0,0.00,0.00,0.00,0.00,0,False
Iliman,Ndiaye,Ndiaye,Everton,MID,7,299,90,1,0,0,1,0,0,0,1,0,0,1,22,44.0,21.4,23.0,8.8,2,3,3,8,1,0.79,0.49,1.28,1.41,7,False
Dwight,McNeil,McNeil,Everton,MID,7,300,0,0,0,0,0,0,0,0,0,0,0,0,0,0.0,0.0,0.0,0.0,0,0,0,0,0,0.00,0.00,0.00,0.00,0,False
Carlos,Alcaraz Durán,Alcaraz,Everton,MID,7,301,45,0,0,0,0,0,0,0,0,0,0,0,6,8.6,15.9,20.0,4.5,0,5,2,7,0,0.12,0.02,0.14,1.02,1,False
Idrissa Gana,Gueye,Gana,Everton,MID,7,302,90,0,0,0,1,0,0,0,0,0,0,0,12,3.8,7.3,0.0,1.1,0,8,1,9,1,0.00,0.13,0.13,1.65,2,False
James,Garner,Garner,Everton,MID,7,303,90,0,0,0,1,0,0,0,1,0,0,0,20,22.6,34.8,4.0,6.1,6,2,1,9,1,0.12,0.52,0.64,1.65,1,False
Tim,Iroegbunam,Iroegbunam,Everton,MID,7,304,25,0,1,0,0,0,0,0,0,0,0,0,14,2.6,0.5,2.0,0.5,1,0,1,2,0,0.00,0.00,0.00,0.33,4,False
Harrison,Armstrong,Armstrong,Everton,MID,7,305,0,0,0,0,0,0,0,0,0,0,0,0,0,0.0,0.0,0.0,0.0,0,0,0,0,0,0.00,0.00,0.00,0.00,0,False
Callum,Bates,Bates,Everton,MID,7,306,0,0,0,0,0,0,0,0,0,0,0,0,0,0.0,0.0,0.0,0.0,0,0,0,0,0,0.00,0.00,0.00,0.00,0,False
Coby,Ebere,Ebere,Everton,MID,7,307,0,0,0,0,0,0,0,0,0,0,0,0,0,0.0,0.0,0.0,0.0,0,0,0,0,0,0.00,0.00,0.00,0.00,0,False
Isaac,Heath,Heath,Everton,MID,7,308,0,0,0,0,0,0,0,0,0,0,0,0,0,0.0,0.0,0.0,0.0,0,0,0,0,0,0.00,0.00,0.00,0.00,0,False
Jenson,Metcalfe,Metcalfe,Everton,MID,7,309,0,0,0,0,0,0,0,0,0,0,0,0,0,0.0,0.0,0.0,0.0,0,0,0,0,0,0.00,0.00,0.00,0.00,0,False
Thierno,Barry,Barry,Everton,FWD,7,310,45,0,0,0,1,0,0,0,0,0,0,0,-2,4.0,10.8,0.0,1.5,2,1,0,3,1,0.00,0.00,0.00,0.63,1,False
Norberto Bercique,Gomes Betuncal,Beto,Everton,FWD,7,311,45,0,0,0,0,0,0,0,0,0,0,0,-2,10.4,13.0,39.0,6.2,1,2,2,5,0,0.34,0.01,0.35,1.02,1,False
Youssef,Ramalho Chermiti,Y.Chermiti,Everton,FWD,7,312,0,0,0,0,0,0,0,0,0,0,0,0,0,0.0,0.0,0.0,0.0,0,0,0,0,0,0.00,0.00,0.00,0.00,0,False
Martin,Sherif,Sherif,Everton,FWD,7,313,0,0,0,0,0,0,0,0,0,0,0,0,0,0.0,0.0,0.0,0.0,0,0,0,0,0,0.00,0.00,0.00,0.00,0,False
Bernd,Leno,Leno,Fulham,GKP,7,314,90,0,0,0,3,0,0,0,0,0,3,0,4,22.8,0.0,0.0,2.3,2,5,0,0,1,0.00,0.00,0.00,1.12,2,False
Steven,Benda,Benda,Fulham,GKP,7,315,0,0,0,0,0,0,0,0,0,0,0,0,0,0.0,0.0,0.0,0.0,0,0,0,0,0,0.00,0.00,0.00,0.00,0,False
Antonee,Robinson,Robinson,Fulham,DEF,7,316,0,0,0,0,0,0,0,0,0,0,0,0,0,0.0,0.0,0.0,0.0,0,0,0,0,0,0.00,0.00,0.00,0.00,0,False
Joachim,Andersen,Andersen,Fulham,DEF,7,317,90,0,0,0,3,0,0,0,0,0,0,0,6,34.4,0.9,0.0,3.5,14,5,1,15,1,0.00,0.00,0.00,1.12,3,False
Calvin,Bassey,Bassey,Fulham,DEF,7,318,90,0,0,0,3,0,0,0,0,0,0,0,1,16.6,1.2,0.0,1.8,5,1,1,6,1,0.00,0.00,0.00,1.12,1,False
Timothy,Castagne,Castagne,Fulham,DEF,7,319,90,0,0,0,3,0,0,0,0,0,0,0,5,12.6,12.5,5.0,3.0,6,6,2,8,1,0.04,0.02,0.06,1.12,1,False
Issa,Diop,Diop,Fulham,DEF,7,320,85,0,0,0,2,0,0,0,1,0,0,0,5,18.2,0.8,0.0,1.9,10,4,2,12,1,0.00,0.01,0.01,0.60,2,False
Jorge,Cuenca Barreno,J.Cuenca,Fulham,DEF,7,321,0,0,0,0,0,0,0,0,0,0,0,0,0,0.0,0.0,0.0,0.0,0,0,0,0,0,0.00,0.00,0.00,0.00,0,False
Kenny,Tete,Tete,Fulham,DEF,7,322,0,0,0,0,0,0,0,0,0,0,0,0,0,0.0,0.0,0.0,0.0,0,0,0,0,0,0.00,0.00,0.00,0.00,0,False
Samuel,Amissah,Amissah,Fulham,DEF,7,323,0,0,0,0,0,0,0,0,0,0,0,0,0,0.0,0.0,0.0,0.0,0,0,0,0,0,0.00,0.00,0.00,0.00,0,False
Alex,Iwobi,Iwobi,Fulham,MID,7,324,85,0,0,0,2,0,0,0,0,0,0,0,15,13.8,38.4,11.0,6.3,0,7,0,7,1,0.11,0.12,0.23,0.60,2,False
Emile,Smith Rowe,Smith Rowe,Fulham,MID,7,325,4,0,0,0,1,0,0,0,0,0,0,0,3,0.6,2.3,0.0,0.3,0,0,0,0,0,0.00,0.01,0.01,0.52,1,False
Adama,Traoré Diarra,Adama,Fulham,MID,7,326,4,0,0,0,1,0,0,0,0,0,0,0,4,2.2,0.9,2.0,0.5,0,1,0,1,0,0.00,0.01,0.01,0.52,1,False
Andreas,Hoelgebaum Pereira,Andreas,Fulham,MID,7,327,0,0,0,0,0,0,0,0,0,0,0,0,0,0.0,0.0,0.0,0.0,0,0,0,0,0,0.00,0.00,0.00,0.00,0,False
Ryan,Sessegnon,Sessegnon,Fulham,MID,7,328,90,1,0,0,3,0,0,0,0,0,0,2,34,45.8,16.9,27.0,9.0,4,5,1,10,1,0.40,0.25,0.65,1.12,9,False
Harry,Wilson,Wilson,Fulham,MID,7,329,66,0,0,1,0,0,0,0,0,0,0,0,12,10.4,16.7,19.0,4.6,1,7,1,9,1,0.02,0.06,0.08,0.45,3,False
Sander,Berge,Berge,Fulham,MID,7,330,90,0,0,0,3,0,0,0,0,0,0,0,12,8.8,4.1,0.0,1.3,0,8,2,10,1,0.00,0.04,0.04,1.12,2,False
Tom,Cairney,Cairney,Fulham,MID,7,331,76,0,0,0,3,0,0,0,0,0,0,0,11,1.2,20.4,13.0,3.5,0,2,0,2,0,0.25,0.07,0.32,1.07,2,False
Saša,Lukić,Lukić,Fulham,MID,7,332,13,0,0,0,0,0,0,0,0,0,0,0,4,6.0,0.0,0.0,0.6,3,0,1,4,1,0.00,0.00,0.00,0.05,1,False
Martial,Godo,Godo,Fulham,MID,7,333,0,0,0,0,0,0,0,0,0,0,0,0,0,0.0,0.0,0.0,0.0,0,0,0,0,0,0.00,0.00,0.00,0.00,0,False
Luke,Harris,Harris,Fulham,MID,7,334,0,0,0,0,0,0,0,0,0,0,0,0,0,0.0,0.0,0.0,0.0,0,0,0,0,0,0.00,0.00,0.00,0.00,0,False
Josh,King,King,Fulham,MID,7,335,66,0,0,1,0,0,0,0,0,0,0,0,8,1.4,1.7,7.0,1.0,2,0,0,2,1,0.01,0.02,0.03,0.45,3,False
Harrison,Reed,Reed,Fulham,MID,7,336,0,0,0,0,0,0,0,0,0,0,0,0,0,0.0,0.0,0.0,0.0,0,0,0,0,0,0.00,0.00,0.00,0.00,0,False
Raúl,Jiménez Rodríguez,Raúl,Fulham,FWD,7,337,0,0,0,0,0,0,0,0,0,0,0,0,0,0.0,0.0,0.0,0.0,0,0,0,0,0,0.00,0.00,0.00,0.00,0,False
Rodrigo,Muniz Carvalho,Muniz,Fulham,FWD,7,338,0,0,0,0,0,0,0,0,0,0,0,0,0,0.0,0.0,0.0,0.0,0,0,0,0,0,0.00,0.00,0.00,0.00,0,False
Illan,Meslier,Meslier,Leeds,GKP,7,339,0,0,0,0,0,0,0,0,0,0,0,0,0,0.0,0.0,0.0,0.0,0,0,0,0,0,0.00,0.00,0.00,0.00,0,False
Alex,Cairns,Cairns,Leeds,GKP,7,340,0,0,0,0,0,0,0,0,0,0,0,0,0,0.0,0.0,0.0,0.0,0,0,0,0,0,0.00,0.00,0.00,0.00,0,False
Karl,Darlow,Darlow,Leeds,GKP,7,341,90,0,0,0,2,0,0,0,0,0,1,0,4,10.6,0.0,0.0,1.1,2,9,0,0,1,0.00,0.01,0.01,0.53,1,False
Jayden,Bogle,Bogle,Leeds,DEF,7,342,88,0,0,0,2,0,0,0,0,0,0,0,7,19.0,6.2,1.0,2.6,7,4,5,12,1,0.02,0.06,0.08,0.53,3,False
Pascal,Struijk,Struijk,Leeds,DEF,7,343,90,0,0,0,2,0,0,0,0,0,0,0,2,6.8,1.4,15.0,2.3,5,0,0,5,1,0.30,0.01,0.31,0.53,1,False
Jaka,Bijol,Bijol,Leeds,DEF,7,344,0,0,0,0,0,0,0,0,0,0,0,0,0,0.0,0.0,0.0,0.0,0,0,0,0,0,0.00,0.00,0.00,0.00,0,False
Sebastiaan,Bornauw,Bornauw,Leeds,DEF,7,345,0,0,0,0,0,0,0,0,0,0,0,0,0,0.0,0.0,0.0,0.0,0,0,0,0,0,0.00,0.00,0.00,0.00,0,False
Sam,Byram,Byram,Leeds,DEF,7,346,0,0,0,0,0,0,0,0,0,0,0,0,0,0.0,0.0,0.0,0.0,0,0,0,0,0,0.00,0.00,0.00,0.00,0,False
Gabriel,Gudmundsson,Gudmundsson,Leeds,DEF,7,347,78,0,0,0,2,0,0,0,0,0,0,0,5,12.2,5.2,0.0,1.7,5,7,3,8,1,0.00,0.01,0.01,0.50,1,False
Joe,Rodon,Rodon,Leeds,DEF,7,348,90,0,0,0,2,0,0,0,0,0,0,0,3,14.8,1.5,15.0,3.1,6,4,0,6,1,0.09,0.02,0.11,0.53,1,False
Isaac,Schmidt,Schmidt,Leeds,DEF,7,349,0,0,0,0,0,0,0,0,0,0,0,0,0,0.0,0.0,0.0,0.0,0,0,0,0,0,0.00,0.00,0.00,0.00,0,False
Brenden,Aaronson,Aaronson,Leeds,MID,7,350,66,0,1,0,2,0,0,0,0,0,0,0,20,6.6,13.8,17.0,3.7,0,2,1,3,1,0.09,0.02,0.11,0.50,5,False
Wilfried,Gnonto,Gnonto,Leeds,MID,7,351,0,0,0,0,0,0,0,0,0,0,0,0,0,0.0,0.0,0.0,0.0,0,0,0,0,0,0.00,0.00,0.00,0.00,0,False
Jack,Harrison,Harrison,Leeds,MID,7,352,23,0,0,0,0,0,0,0,0,0,0,0,4,2.2,6.8,2.0,1.1,0,2,0,2,0,0.00,0.08,0.08,0.03,1,False
Daniel,James,James,Leeds,MID,7,353,0,0,0,0,0,0,0,0,0,0,0,0,0,0.0,0.0,0.0,0.0,0,0,0,0,0,0.00,0.00,0.00,0.00,0,False
Ethan,Ampadu,Ampadu,Leeds,MID,7,354,90,0,0,0,2,0,0,0,1,0,0,0,16,20.0,23.1,2.0,4.5,6,5,2,13,1,0.00,0.06,0.06,0.53,3,False
Sam,Greenwood,Greenwood,Leeds,MID,7,355,0,0,0,0,0,0,0,0,0,0,0,0,0,0.0,0.0,0.0,0.0,0,0,0,0,0,0.00,0.00,0.00,0.00,0,False
Ilia,Gruev,Gruev,Leeds,MID,7,356,0,0,0,0,0,0,0,0,0,0,0,0,0,0.0,0.0,0.0,0.0,0,0,0,0,0,0.00,0.00,0.00,0.00,0,False
Largie,Ramazani,Ramazani,Leeds,MID,7,357,0,0,0,0,0,0,0,0,0,0,0,0,0,0.0,0.0,0.0,0.0,0,0,0,0,0,0.00,0.00,0.00,0.00,0,False
Tanaka,Ao,Tanaka,Leeds,MID,7,358,23,0,0,0,0,0,0,0,0,0,0,0,10,4.6,13.5,0.0,1.8,0,2,0,2,0,0.00,0.02,0.02,0.03,1,False
Charlie,Crew,Crew,Leeds,MID,7,359,0,0,0,0,0,0,0,0,0,0,0,0,0,0.0,0.0,0.0,0.0,0,0,0,0,0,0.00,0.00,0.00,0.00,0,False
Joe,Gelhardt,Gelhardt,Leeds,MID,7,360,0,0,0,0,0,0,0,0,0,0,0,0,0,0.0,0.0,0.0,0.0,0,0,0,0,0,0.00,0.00,0.00,0.00,0,False
Darko,Gyabi,Gyabi,Leeds,MID,7,361,0,0,0,0,0,0,0,0,0,0,0,0,0,0.0,0.0,0.0,0.0,0,0,0,0,0,0.00,0.00,0.00,0.00,0,False
Joël,Piroe,Piroe,Leeds,FWD,7,362,11,0,0,0,0,0,0,0,0,0,0,0,4,3.0,3.8,19.0,2.6,0,1,0,1,0,0.05,0.01,0.06,0.03,1,False
Patrick,Bamford,Bamford,Leeds,FWD,7,363,0,0,0,0,0,0,0,0,0,0,0,0,0,0.0,0.0,0.0,0.0,0,0,0,0,0,0.00,0.00,0.00,0.00,0,False
Mateo,Joseph Fernández-Regatillo,Mateo Joseph,Leeds,FWD,7,364,0,0,0,0,0,0,0,0,0,0,0,0,0,0.0,0.0,0.0,0.0,0,0,0,0,0,0.00,0.00,0.00,0.00,0,False
Lukas,Nmecha,Nmecha,Leeds,FWD,7,365,11,0,0,0,0,0,0,0,0,0,0,0,2,0.0,1.1,2.0,0.3,0,0,0,0,0,0.00,0.00,0.00,0.03,1,False
Alisson,Becker,A.Becker,Liverpool,GKP,7,366,0,0,0,0,0,0,0,0,0,0,0,0,0,0.0,0.0,0.0,0.0,0,0,0,0,0,0.00,0.00,0.00,0.00,0,False
Giorgi,Mamardashvili,Mamardashvili,Liverpool,GKP,7,367,90,0,0,0,2,0,0,0,0,0,4,0,16,31.2,0.0,0.0,3.1,3,13,0,0,1,0.00,0.00,0.00,1.00,2,False
Ármin,Pécsi,Pécsi,Liverpool,GKP,7,368,0,0,0,0,0,0,0,0,0,0,0,0,0,0.0,0.0,0.0,0.0,0,0,0,0,0,0.00,0.00,0.00,0.00,0,False
Freddie,Woodman,Woodman,Liverpool,GKP,7,369,0,0,0,0,0,0,0,0,0,0,0,0,0,0.0,0.0,0.0,0.0,0,0,0,0,0,0.00,0.00,0.00,0.00,0,False
Jeremie,Frimpong,Frimpong,Liverpool,DEF,7,370,0,0,0,0,0,0,0,0,0,0,0,0,0,0.0,0.0,0.0,0.0,0,0,0,0,0,0.00,0.00,0.00,0.00,0,False
Milos,Kerkez,Kerkez,Liverpool,DEF,7,371,54,0,0,0,1,0,0,0,0,0,0,0,4,7.6,5.7,2.0,1.5,4,4,1,5,1,0.00,0.01,0.01,0.14,1,False
Andrew,Robertson,Robertson,Liverpool,DEF,7,372,35,0,0,0,1,0,0,0,0,0,0,0,4,13.8,10.6,13.0,3.7,5,1,1,6,0,0.03,0.01,0.04,0.86,1,False
Virgil,van Dijk,Virgil,Liverpool,DEF,7,373,90,0,0,0,2,0,0,0,0,0,0,0,8,19.0,0.9,0.0,2.0,7,3,0,7,1,0.00,0.00,0.00,1.00,1,False
Ibrahima,Konaté,Konaté,Liverpool,DEF,7,374,55,0,0,0,1,0,0,0,0,0,0,0,10,8.0,0.5,0.0,0.9,2,0,2,4,1,0.00,0.00,0.00,0.14,1,False
Conor,Bradley,Bradley,Liverpool,DEF,7,375,45,0,0,0,1,0,0,0,1,0,0,0,-7,0.0,4.3,0.0,0.4,2,3,0,2,1,0.00,0.00,0.00,0.11,0,False
Joe,Gomez,Gomez,Liverpool,DEF,7,376,0,0,0,0,0,0,0,0,0,0,0,0,0,0.0,0.0,0.0,0.0,0,0,0,0,0,0.00,0.00,0.00,0.00,0,False
Konstantinos,Tsimikas,Tsimikas,Liverpool,DEF,7,377,0,0,0,0,0,0,0,0,0,0,0,0,0,0.0,0.0,0.0,0.0,0,0,0,0,0,0.00,0.00,0.00,0.00,0,False
Amara,Nallo,Nallo,Liverpool,DEF,7,378,0,0,0,0,0,0,0,0,0,0,0,0,0,0.0,0.0,0.0,0.0,0,0,0,0,0,0.00,0.00,0.00,0.00,0,False
Rhys,Williams,R.Williams,Liverpool,DEF,7,379,0,0,0,0,0,0,0,0,0,0,0,0,0,0.0,0.0,0.0,0.0,0,0,0,0,0,0.00,0.00,0.00,0.00,0,False
Calvin,Ramsay,Ramsay,Liverpool,DEF,7,380,0,0,0,0,0,0,0,0,0,0,0,0,0,0.0,0.0,0.0,0.0,0,0,0,0,0,0.00,0.00,0.00,0.00,0,False
Mohamed,Salah,M.Salah,Liverpool,MID,7,381,90,0,0,0,2,0,0,0,0,0,0,0,4,5.6,51.8,10.0,6.7,0,4,0,4,1,0.26,0.27,0.53,1.00,2,False
Florian,Wirtz,Wirtz,Liverpool,MID,7,382,45,0,0,0,1,0,0,0,0,0,0,0,7,8.2,12.3,4.0,2.5,1,2,2,5,0,0.00,0.10,0.10,0.89,1,False
Luis,Díaz Marulanda,Luis Díaz,Liverpool,MID,7,383,0,0,0,0,0,0,0,0,0,0,0,0,0,0.0,0.0,0.0,0.0,0,0,0,0,0,0.00,0.00,0.00,0.00,0,False
Cody,Gakpo,Gakpo,Liverpool,MID,7,384,90,1,0,0,2,0,0,0,0,0,0,0,32,43.2,38.4,47.0,12.9,2,8,0,10,1,0.55,0.38,0.93,1.00,7,False
Federico,Chiesa,Chiesa,Liverpool,MID,7,385,0,0,0,0,0,0,0,0,0,0,0,0,0,0.0,0.0,0.0,0.0,0,0,0,0,0,0.00,0.00,0.00,0.00,0,False
Alexis,Mac Allister,Mac Allister,Liverpool,MID,7,386,85,0,0,0,1,0,0,0,0,0,0,0,14,9.8,13.9,2.0,2.6,2,4,2,8,1,0.03,0.02,0.05,0.27,2,False
Dominik,Szoboszlai,Szoboszlai,Liverpool,MID,7,387,90,0,0,0,2,0,0,0,1,0,0,0,8,12.0,6.8,10.0,2.9,3,3,4,10,1,0.56,0.03,0.59,1.00,1,False
Curtis,Jones,C.Jones,Liverpool,MID,7,388,34,0,0,0,1,0,0,0,0,0,0,0,2,1.8,1.2,4.0,0.7,1,1,0,2,0,0.17,0.01,0.18,0.86,1,False
Harvey,Elliott,Elliott,Aston Villa,MID,7,389,0,0,0,0,0,0,0,0,0,0,0,0,0,0.0,0.0,0.0,0.0,0,0,0,0,0,0.00,0.00,0.00,0.00,0,False
Ryan,Gravenberch,Gravenberch,Liverpool,MID,7,390,90,0,0,0,2,0,0,0,0,0,0,0,16,12.8,1.3,7.0,2.1,3,4,1,8,1,0.03,0.01,0.04,1.00,2,False
Ben,Gannon-Doak,Gannon-Doak,Bournemouth,MID,7,391,12,0,1,0,0,0,0,0,0,0,0,0,16,19.0,11.0,4.0,3.4,0,0,1,1,0,0.00,0.06,0.06,0.28,4,False
Endo,Wataru,Endo,Liverpool,MID,7,392,4,0,0,0,1,0,0,0,0,0,0,0,4,4.2,0.2,0.0,0.4,1,0,1,2,0,0.00,0.00,0.00,0.73,1,False
Stefan,Bajčetić Maquieira,Bajcetic,Liverpool,MID,7,393,0,0,0,0,0,0,0,0,0,0,0,0,0,0.0,0.0,0.0,0.0,0,0,0,0,0,0.00,0.00,0.00,0.00,0,False
James,McConnell,McConnell,Liverpool,MID,7,394,0,0,0,0,0,0,0,0,0,0,0,0,0,0.0,0.0,0.0,0.0,0,0,0,0,0,0.00,0.00,0.00,0.00,0,False
Tyler,Morton,Morton,Liverpool,MID,7,395,0,0,0,0,0,0,0,0,0,0,0,0,0,0.0,0.0,0.0,0.0,0,0,0,0,0,0.00,0.00,0.00,0.00,0,False
Trey,Nyoni,Nyoni,Liverpool,MID,7,396,0,0,0,0,0,0,0,0,0,0,0,0,0,0.0,0.0,0.0,0.0,0,0,0,0,0,0.00,0.00,0.00,0.00,0,False
Darwin,Núñez Ribeiro,Darwin,Liverpool,FWD,7,397,0,0,0,0,0,0,0,0,0,0,0,0,0,0.0,0.0,0.0,0.0,0,0,0,0,0,0.00,0.00,0.00,0.00,0,False
Jayden,Danns,Danns,Liverpool,FWD,7,398,0,0,0,0,0,0,0,0,0,0,0,0,0,0.0,0.0,0.0,0.0,0,0,0,0,0,0.00,0.00,0.00,0.00,0,False
Ederson,Santana de Moraes,Ederson M.,Man City,GKP,7,399,0,0,0,0,0,0,0,0,0,0,0,0,0,0.0,0.0,0.0,0.0,0,0,0,0,0,0.00,0.00,0.00,0.00,0,False
Stefan,Ortega Moreno,Ortega Moreno,Man City,GKP,7,400,0,0,0,0,0,0,0,0,0,0,0,0,0,0.0,0.0,0.0,0.0,0,0,0,0,0,0.00,0.00,0.00,0.00,0,False
Marcus,Bettinelli,Bettinelli,Man City,GKP,7,401,0,0,0,0,0,0,0,0,0,0,0,0,0,0.0,0.0,0.0,0.0,0,0,0,0,0,0.00,0.00,0.00,0.00,0,False
Rayan,Aït-Nouri,Aït-Nouri,Man City,DEF,7,402,0,0,0,0,0,0,0,0,0,0,0,0,0,0.0,0.0,0.0,0.0,0,0,0,0,0,0.00,0.00,0.00,0.00,0,False
Joško,Gvardiol,Gvardiol,Man City,DEF,7,403,90,0,1,1,0,0,0,0,0,0,0,3,41,41.4,14.3,17.0,7.3,6,1,1,7,1,0.06,0.04,0.10,0.83,12,True
Manuel,Akanji,Akanji,Man City,DEF,7,404,0,0,0,0,0,0,0,0,0,0,0,0,0,0.0,0.0,0.0,0.0,0,0,0,0,0,0.00,0.00,0.00,0.00,0,False
Nathan,Aké,Aké,Man City,DEF,7,405,0,0,0,0,0,0,0,0,0,0,0,0,0,0.0,0.0,0.0,0.0,0,0,0,0,0,0.00,0.00,0.00,0.00,0,False
Abdukodir,Khusanov,Khusanov,Man City,DEF,7,406,0,0,0,0,0,0,0,0,0,0,0,0,0,0.0,0.0,0.0,0.0,0,0,0,0,0,0.00,0.00,0.00,0.00,0,False
Matheus,Nunes,Matheus N.,Man City,DEF,7,407,90,0,0,1,0,0,0,0,1,0,0,0,26,15.8,8.3,0.0,2.4,3,4,1,4,1,0.00,0.03,0.03,0.83,5,False
Rúben,dos Santos Gato Alves Dias,Rúben,Man City,DEF,7,408,90,0,0,1,0,0,0,0,0,0,0,1,32,27.2,7.2,0.0,3.4,10,4,1,11,1,0.00,0.03,0.03,0.83,9,False
John,Stones,Stones,Man City,DEF,7,409,0,0,0,0,0,0,0,0,0,0,0,0,0,0.0,0.0,0.0,0.0,0,0,0,0,0,0.00,0.00,0.00,0.00,0,False
Rico,Lewis,Lewis,Man City,DEF,7,410,0,0,0,0,0,0,0,0,0,0,0,0,0,0.0,0.0,0.0,0.0,0,0,0,0,0,0.00,0.00,0.00,0.00,0,False
Nico,O'Reilly,O’Reilly,Man City,DEF,7,411,90,0,0,1,0,0,0,0,1,0,0,0,31,21.6,32.4,4.0,5.8,1,7,4,5,1,0.00,0.05,0.05,0.83,5,False
Vitor,de Oliveira Nunes dos Reis,Vitor Reis,Man City,DEF,7,412,0,0,0,0,0,0,0,0,0,0,0,0,0,0.0,0.0,0.0,0.0,0,0,0,0,0,0.00,0.00,0.00,0.00,0,False
Omar,Marmoush,Marmoush,Man City,MID,7,413,0,0,0,0,0,0,0,0,0,0,0,0,0,0.0,0.0,0.0,0.0,0,0,0,0,0,0.00,0.00,0.00,0.00,0,False
Phil,Foden,Foden,Man City,MID,7,414,90,0,0,1,0,0,0,0,0,0,0,0,18,12.2,38.1,20.0,7.0,1,4,2,7,1,0.28,0.21,0.49,0.83,3,False
Sávio,Moreira de Oliveira,Savinho,Man City,MID,7,415,90,0,0,1,0,0,0,0,0,0,0,0,11,1.2,9.0,2.0,1.2,0,7,0,7,1,0.00,0.04,0.04,0.83,3,False
Bernardo,Mota Veiga de Carvalho e Silva,Bernardo,Man City,MID,7,416,14,0,0,0,0,0,0,0,0,0,0,0,4,1.8,2.0,0.0,0.4,2,2,0,4,0,0.00,0.01,0.01,0.12,1,False
Rayan,Cherki,Cherki,Man City,MID,7,417,0,0,0,0,0,0,0,0,0,0,0,0,0,0.0,0.0,0.0,0.0,0,0,0,0,0,0.00,0.00,0.00,0.00,0,False
Jérémy,Doku,Doku,Man City,MID,7,418,14,0,0,0,0,0,0,0,0,0,0,0,-1,0.0,0.2,0.0,0.0,0,1,0,1,0,0.00,0.00,0.00,0.12,1,False
Jack,Grealish,Grealish,Everton,MID,7,419,90,1,0,0,1,0,0,0,0,0,0,3,39,45.2,4.3,67.0,11.7,1,6,1,8,1,0.44,0.05,0.49,1.65,10,False
İlkay,Gündoğan,Gündoğan,Man City,MID,7,420,0,0,0,0,0,0,0,0,0,0,0,0,0,0.0,0.0,0.0,0.0,0,0,0,0,0,0.00,0.00,0.00,0.00,0,False
Rodrigo 'Rodri',Hernandez Cascante,Rodrigo,Man City,MID,7,421,21,0,0,0,0,0,0,0,0,0,0,0,4,2.6,12.6,0.0,1.5,0,2,0,2,1,0.00,0.01,0.01,0.00,1,False
Mateo,Kovačić,Kovačić,Man City,MID,7,422,0,0,0,0,0,0,0,0,0,0,0,0,0,0.0,0.0,0.0,0.0,0,0,0,0,0,0.00,0.00,0.00,0.00,0,False
Nico,González Iglesias,N.Gonzalez,Man City,MID,7,423,68,0,0,1,0,0,0,0,0,0,0,0,19,13.6,4.7,0.0,1.8,4,2,4,10,0,0.00,0.02,0.02,0.83,3,False
Oscar,Bobb,Bobb,Man City,MID,7,424,75,0,0,1,0,0,0,0,0,0,0,0,20,11.8,40.5,19.0,7.1,0,3,1,4,1,0.03,0.20,0.23,0.71,3,False
Claudio,Echeverri,Echeverri,Man City,MID,7,425,0,0,0,0,0,0,0,0,0,0,0,0,0,0.0,0.0,0.0,0.0,0,0,0,0,0,0.00,0.00,0.00,0.00,0,False
James,McAtee,McAtee,Nott'm Forest,MID,7,426,0,0,0,0,0,0,0,0,0,0,0,0,0,0.0,0.0,0.0,0.0,0,0,0,0,0,0.00,0.00,0.00,0.00,0,False
Tijjani,Reijnders,Reijnders,Man City,MID,7,427,75,0,0,1,0,0,0,0,0,0,0,0,14,10.8,18.3,26.0,5.5,1,2,0,3,1,0.18,0.06,0.24,0.71,3,False
Sverre,Nypan,Nypan,Man City,MID,7,428,0,0,0,0,0,0,0,0,0,0,0,0,0,0.0,0.0,0.0,0.0,0,0,0,0,0,0.00,0.00,0.00,0.00,0,False
Kalvin,Phillips,Phillips,Man City,MID,7,429,0,0,0,0,0,0,0,0,0,0,0,0,0,0.0,0.0,0.0,0.0,0,0,0,0,0,0.00,0.00,0.00,0.00,0,False
Erling,Haaland,Haaland,Man City,FWD,7,430,90,1,0,1,0,0,0,0,0,0,0,2,36,35.4,3.4,23.0,6.2,2,0,0,2,1,0.29,0.01,0.30,0.83,8,False
Altay,Bayındır,Bayindir,Man Utd,GKP,7,431,0,0,0,0,0,0,0,0,0,0,0,0,0,0.0,0.0,0.0,0.0,0,0,0,0,0,0.00,0.00,0.00,0.00,0,False
André,Onana,Onana,Man Utd,GKP,7,432,0,0,0,0,0,0,0,0,0,0,0,0,0,0.0,0.0,0.0,0.0,0,0,0,0,0,0.00,0.00,0.00,0.00,0,False
Elyh,Harrison,Harrison,Man Utd,GKP,7,433,0,0,0,0,0,0,0,0,0,0,0,0,0,0.0,0.0,0.0,0.0,0,0,0,0,0,0.00,0.00,0.00,0.00,0,False
Tom,Heaton,Heaton,Man Utd,GKP,7,434,0,0,0,0,0,0,0,0,0,0,0,0,0,0.0,0.0,0.0,0.0,0,0,0,0,0,0.00,0.00,0.00,0.00,0,False
Dermot,Mee,Mee,Man Utd,GKP,7,435,0,0,0,0,0,0,0,0,0,0,0,0,0,0.0,0.0,0.0,0.0,0,0,0,0,0,0.00,0.00,0.00,0.00,0,False
Matthijs,de Ligt,De Ligt,Man Utd,DEF,7,436,90,0,0,1,0,0,0,0,0,0,0,2,29,14.4,0.5,2.0,1.7,7,1,2,9,1,0.00,0.00,0.00,0.71,8,False
Lisandro,Martínez,Martinez,Man Utd,DEF,7,437,0,0,0,0,0,0,0,0,0,0,0,0,0,0.0,0.0,0.0,0.0,0,0,0,0,0,0.00,0.00,0.00,0.00,0,False
Noussair,Mazraoui,Mazraoui,Man Utd,DEF,7,438,0,0,0,0,0,0,0,0,0,0,0,0,0,0.0,0.0,0.0,0.0,0,0,0,0,0,0.00,0.00,0.00,0.00,0,False
Diego,León Blanco,D.Leon,Man Utd,DEF,7,439,0,0,0,0,0,0,0,0,0,0,0,0,0,0.0,0.0,0.0,0.0,0,0,0,0,0,0.00,0.00,0.00,0.00,0,False
Diogo,Dalot Teixeira,Dalot,Man Utd,DEF,7,440,63,0,1,1,0,0,0,0,0,0,0,0,27,4.2,6.4,8.0,1.9,3,2,1,4,1,0.05,0.03,0.08,0.37,9,False
Patrick,Dorgu,Dorgu,Man Utd,DEF,7,441,26,0,0,0,0,0,0,0,0,0,0,0,6,4.4,10.1,2.0,1.7,1,1,1,2,0,0.00,0.00,0.00,0.34,1,False
Harry,Maguire,Maguire,Man Utd,DEF,7,442,5,0,0,0,0,0,0,0,0,0,0,0,3,0.2,0.0,0.0,0.0,0,0,0,0,0,0.00,0.00,0.00,0.21,1,False
Luke,Shaw,Shaw,Man Utd,DEF,7,443,90,0,0,1,0,0,0,0,0,0,0,0,23,8.6,1.1,0.0,1.0,3,4,2,5,1,0.00,0.01,0.01,0.71,6,False
Leny,Yoro,Yoro,Man Utd,DEF,7,444,84,0,0,1,0,0,0,0,0,0,0,0,26,12.4,0.3,9.0,2.2,5,3,2,7,1,0.02,0.00,0.02,0.50,6,False
Harry,Amass,Amass,Man Utd,DEF,7,445,0,0,0,0,0,0,0,0,0,0,0,0,0,0.0,0.0,0.0,0.0,0,0,0,0,0,0.00,0.00,0.00,0.00,0,False
Tyler,Fredricson,Fredricson,Man Utd,DEF,7,446,0,0,0,0,0,0,0,0,0,0,0,0,0,0.0,0.0,0.0,0.0,0,0,0,0,0,0.00,0.00,0.00,0.00,0,False
Ayden,Heaven,Heaven,Man Utd,DEF,7,447,0,0,0,0,0,0,0,0,0,0,0,0,0,0.0,0.0,0.0,0.0,0,0,0,0,0,0.00,0.00,0.00,0.00,0,False
Tyrell,Malacia,Malacia,Man Utd,DEF,7,448,0,0,0,0,0,0,0,0,0,0,0,0,0,0.0,0.0,0.0,0.0,0,0,0,0,0,0.00,0.00,0.00,0.00,0,False
Bruno,Borges Fernandes,B.Fernandes,Man Utd,MID,7,449,90,0,0,1,0,0,0,0,0,0,0,0,17,18.2,37.9,13.0,6.9,5,4,0,9,1,0.17,0.30,0.47,0.71,3,False
Matheus,Santos Carneiro da Cunha,Cunha,Man Utd,MID,7,450,25,0,0,0,0,0,0,0,0,0,0,0,2,1.0,1.3,30.0,3.2,1,3,0,4,0,0.39,0.00,0.39,0.34,1,False
Marcus,Rashford,Rashford,Man Utd,MID,7,451,0,0,0,0,0,0,0,0,0,0,0,0,0,0.0,0.0,0.0,0.0,0,0,0,0,0,0.00,0.00,0.00,0.00,0,False
Amad,Diallo,Amad,Man Utd,MID,7,452,90,0,0,1,0,0,0,0,0,0,0,0,21,18.4,34.5,30.0,8.3,2,6,2,10,1,0.64,0.10,0.74,0.71,3,False
Alejandro,Garnacho Ferreyra,Garnacho,Chelsea,MID,7,453,74,0,0,0,1,0,0,0,0,0,0,0,8,1.8,5.0,9.0,1.6,0,1,1,2,1,0.05,0.04,0.09,1.54,2,False
Antony,dos Santos,Antony,Man Utd,MID,7,454,0,0,0,0,0,0,0,0,0,0,0,0,0,0.0,0.0,0.0,0.0,0,0,0,0,0,0.00,0.00,0.00,0.00,0,False
Mason,Mount,Mount,Man Utd,MID,7,455,64,1,0,1,0,0,0,0,0,0,0,2,29,36.8,13.7,23.0,7.4,1,3,0,4,1,0.16,0.06,0.22,0.37,10,False
Jadon,Sancho,Sancho,Aston Villa,MID,7,456,0,0,0,0,0,0,0,0,0,0,0,0,0,0.0,0.0,0.0,0.0,0,0,0,0,0,0.00,0.00,0.00,0.00,0,False
Carlos Henrique,Casimiro,Casemiro,Man Utd,MID,7,457,84,0,0,1,0,0,0,0,1,0,0,0,11,15.0,3.7,3.0,2.2,3,8,3,14,1,0.07,0.02,0.09,0.50,4,False
Kobbie,Mainoo,Mainoo,Man Utd,MID,7,458,13,0,0,0,0,0,0,0,0,0,0,0,3,2.4,0.2,0.0,0.3,0,0,1,1,0,0.00,0.00,0.00,0.29,1,False
Manuel,Ugarte Ribeiro,Ugarte,Man Utd,MID,7,459,5,0,0,0,0,0,0,0,0,0,0,0,3,0.2,0.0,0.0,0.0,0,1,0,1,0,0.00,0.00,0.00,0.21,1,False
Toby,Collyer,Collyer,Man Utd,MID,7,460,0,0,0,0,0,0,0,0,0,0,0,0,0,0.0,0.0,0.0,0.0,0,0,0,0,0,0.00,0.00,0.00,0.00,0,False
Jayce,Fitzgerald,Fitzgerald,Man Utd,MID,7,461,0,0,0,0,0,0,0,0,0,0,0,0,0,0.0,0.0,0.0,0.0,0,0,0,0,0,0.00,0.00,0.00,0.00,0,False
Jack,Fletcher,J.Fletcher,Man Utd,MID,7,462,0,0,0,0,0,0,0,0,0,0,0,0,0,0.0,0.0,0.0,0.0,0,0,0,0,0,0.00,0.00,0.00,0.00,0,False
Sékou,Koné,Kone,Man Utd,MID,7,463,0,0,0,0,0,0,0,0,0,0,0,0,0,0.0,0.0,0.0,0.0,0,0,0,0,0,0.00,0.00,0.00,0.00,0,False
Jack,Moorhouse,Moorhouse,Man Utd,MID,7,464,0,0,0,0,0,0,0,0,0,0,0,0,0,0.0,0.0,0.0,0.0,0,0,0,0,0,0.00,0.00,0.00,0.00,0,False
Rasmus,Højlund,Højlund,Man Utd,FWD,7,465,0,0,0,0,0,0,0,0,0,0,0,0,0,0.0,0.0,0.0,0.0,0,0,0,0,0,0.00,0.00,0.00,0.00,0,False
Joshua,Zirkzee,Zirkzee,Man Utd,FWD,7,466,0,0,0,0,0,0,0,0,0,0,0,0,0,0.0,0.0,0.0,0.0,0,0,0,0,0,0.00,0.00,0.00,0.00,0,False
Chido,Obi,Obi,Man Utd,FWD,7,467,0,0,0,0,0,0,0,0,0,0,0,0,0,0.0,0.0,0.0,0.0,0,0,0,0,0,0.00,0.00,0.00,0.00,0,False
Ethan,Wheatley,Wheatley,Man Utd,FWD,7,468,0,0,0,0,0,0,0,0,0,0,0,0,0,0.0,0.0,0.0,0.0,0,0,0,0,0,0.00,0.00,0.00,0.00,0,False
Nick,Pope,Pope,Newcastle,GKP,7,469,90,0,0,1,0,0,0,0,0,0,4,0,31,29.0,0.0,0.0,2.9,1,8,0,0,1,0.00,0.00,0.00,0.29,7,False
Martin,Dúbravka,Dúbravka,Burnley,GKP,7,470,90,0,0,0,2,0,0,0,0,0,5,0,12,34.6,0.0,0.0,3.5,0,4,0,0,1,0.00,0.00,0.00,1.37,2,False
Mark,Gillespie,Gillespie,Newcastle,GKP,7,471,0,0,0,0,0,0,0,0,0,0,0,0,0,0.0,0.0,0.0,0.0,0,0,0,0,0,0.00,0.00,0.00,0.00,0,False
Odysseas,Vlachodimos,Odysseas,Newcastle,GKP,7,472,0,0,0,0,0,0,0,0,0,0,0,0,0,0.0,0.0,0.0,0.0,0,0,0,0,0,0.00,0.00,0.00,0.00,0,False
Lewis,Hall,Hall,Newcastle,DEF,7,473,0,0,0,0,0,0,0,0,0,0,0,0,0,0.0,0.0,0.0,0.0,0,0,0,0,0,0.00,0.00,0.00,0.00,0,False
Fabian,Schär,Schär,Newcastle,DEF,7,474,0,0,0,0,0,0,0,0,0,0,0,0,0,0.0,0.0,0.0,0.0,0,0,0,0,0,0.00,0.00,0.00,0.00,0,False
Sven,Botman,Botman,Newcastle,DEF,7,475,90,0,0,1,0,0,0,0,0,0,0,0,31,20.6,10.8,19.0,5.0,6,7,0,6,1,0.08,0.23,0.31,0.29,6,False
Dan,Burn,Burn,Newcastle,DEF,7,476,90,0,1,1,0,0,0,0,0,0,0,2,32,24.0,11.3,2.0,3.7,3,4,1,4,1,0.00,0.01,0.01,0.29,11,True
Tino,Livramento,Livramento,Newcastle,DEF,7,477,0,0,0,0,0,0,0,0,0,0,0,0,0,0.0,0.0,0.0,0.0,0,0,0,0,0,0.00,0.00,0.00,0.00,0,False
Kieran,Trippier,Trippier,Newcastle,DEF,7,478,90,0,0,1,0,0,0,0,0,0,0,0,23,18.6,44.2,0.0,6.3,3,3,2,5,1,0.00,0.13,0.13,0.29,6,False
Emil,Krafth,Krafth,Newcastle,DEF,7,479,0,0,0,0,0,0,0,0,0,0,0,0,0,0.0,0.0,0.0,0.0,0,0,0,0,0,0.00,0.00,0.00,0.00,0,False
Jamaal,Lascelles,Lascelles,Newcastle,DEF,7,480,0,0,0,0,0,0,0,0,0,0,0,0,0,0.0,0.0,0.0,0.0,0,0,0,0,0,0.00,0.00,0.00,0.00,0,False
Alex,Murphy,A.Murphy,Newcastle,DEF,7,481,0,0,0,0,0,0,0,0,0,0,0,0,0,0.0,0.0,0.0,0.0,0,0,0,0,0,0.00,0.00,0.00,0.00,0,False
Harrison,Ashby,Ashby,Newcastle,DEF,7,482,0,0,0,0,0,0,0,0,0,0,0,0,0,0.0,0.0,0.0,0.0,0,0,0,0,0,0.00,0.00,0.00,0.00,0,False
Miodrag,Pivaš,Pivas,Newcastle,DEF,7,483,0,0,0,0,0,0,0,0,0,0,0,0,0,0.0,0.0,0.0,0.0,0,0,0,0,0,0.00,0.00,0.00,0.00,0,False
Matt,Targett,Targett,Newcastle,DEF,7,484,0,0,0,0,0,0,0,0,0,0,0,0,0,0.0,0.0,0.0,0.0,0,0,0,0,0,0.00,0.00,0.00,0.00,0,False
Anthony,Gordon,Gordon,Newcastle,MID,7,485,69,0,0,1,0,0,0,0,0,0,0,0,9,3.8,1.8,7.0,1.3,0,1,1,2,1,0.13,0.02,0.15,0.17,3,False
Anthony,Elanga,Elanga,Newcastle,MID,7,486,69,0,0,1,0,0,0,0,0,0,0,0,5,7.6,28.7,14.0,5.0,0,2,0,2,1,0.00,0.03,0.03,0.17,3,False
Harvey,Barnes,Barnes,Newcastle,MID,7,487,20,0,0,0,0,0,0,0,0,0,0,0,2,3.0,0.6,19.0,2.3,0,1,0,1,0,0.31,0.00,0.31,0.13,1,False
Bruno,Guimarães Rodriguez Moura,Bruno G.,Newcastle,MID,7,488,90,1,1,1,0,0,0,0,0,0,0,3,52,44.6,16.3,17.0,7.8,0,4,3,7,1,0.07,0.12,0.19,0.29,14,True
Jacob,Murphy,J.Murphy,Newcastle,MID,7,489,20,0,0,0,0,0,0,0,0,0,0,0,15,10.2,27.9,12.0,5.0,0,1,0,1,0,0.19,0.30,0.49,0.13,1,False
Joelinton Cássio,Apolinário de Lira,Joelinton,Newcastle,MID,7,490,90,0,0,1,0,0,0,0,0,0,0,0,13,11.8,14.7,61.0,8.8,4,3,1,8,1,0.49,0.02,0.51,0.29,3,False
Sandro,Tonali,Tonali,Newcastle,MID,7,491,90,0,0,1,0,0,0,0,0,0,0,0,19,19.0,32.3,18.0,6.9,2,6,3,11,1,0.05,0.06,0.11,0.29,3,False
Antoñito,Cordero Campillo,Antoñito C.,Newcastle,MID,7,492,0,0,0,0,0,0,0,0,0,0,0,0,0,0.0,0.0,0.0,0.0,0,0,0,0,0,0.00,0.00,0.00,0.00,0,False
Sean,Longstaff,Longstaff,Leeds,MID,7,493,90,0,0,0,2,0,0,0,0,0,0,0,21,13.8,71.2,5.0,9.0,0,5,4,9,1,0.22,0.20,0.42,0.53,2,False
Joe,Willock,Willock,Newcastle,MID,7,494,0,0,0,0,0,0,0,0,0,0,0,0,0,0.0,0.0,0.0,0.0,0,0,0,0,0,0.00,0.00,0.00,0.00,0,False
Isaac,Hayden,Hayden,Newcastle,MID,7,495,0,0,0,0,0,0,0,0,0,0,0,0,0,0.0,0.0,0.0,0.0,0,0,0,0,0,0.00,0.00,0.00,0.00,0,False
Garang,Kuol,Kuol,Newcastle,MID,7,496,0,0,0,0,0,0,0,0,0,0,0,0,0,0.0,0.0,0.0,0.0,0,0,0,0,0,0.00,0.00,0.00,0.00,0,False
Lewis,Miley,L.Miley,Newcastle,MID,7,497,1,0,0,0,0,0,0,0,0,0,0,0,3,1.0,0.0,0.0,0.1,1,1,0,2,0,0.00,0.00,0.00,0.00,1,False
Joe,White,White,Newcastle,MID,7,498,0,0,0,0,0,0,0,0,0,0,0,0,0,0.0,0.0,0.0,0.0,0,0,0,0,0,0.00,0.00,0.00,0.00,0,False
Alexander,Isak,Isak,Liverpool,FWD,7,499,73,0,1,0,1,0,0,0,0,0,0,0,15,16.8,17.9,6.0,4.1,0,1,1,2,1,0.18,0.01,0.19,0.18,5,False
William,Osula,Osula,Newcastle,FWD,7,500,1,0,0,0,0,0,0,0,0,0,0,0,3,0.2,0.1,0.0,0.0,0,0,0,0,0,0.00,0.00,0.00,0.00,1,False
Sean,Neave,Neave,Newcastle,FWD,7,501,0,0,0,0,0,0,0,0,0,0,0,0,0,0.0,0.0,0.0,0.0,0,0,0,0,0,0.00,0.00,0.00,0.00,0,False
Matz,Sels,Sels,Nott'm Forest,GKP,7,502,90,0,0,0,2,0,0,0,0,0,7,0,20,54.2,0.0,0.0,5.4,0,8,0,0,1,0.00,0.00,0.00,3.28,3,False
Carlos Miguel,dos Santos Pereira,C.Miguel,Nott'm Forest,GKP,7,503,0,0,0,0,0,0,0,0,0,0,0,0,0,0.0,0.0,0.0,0.0,0,0,0,0,0,0.00,0.00,0.00,0.00,0,False
Matt,Turner,Turner,Nott'm Forest,GKP,7,504,0,0,0,0,0,0,0,0,0,0,0,0,0,0.0,0.0,0.0,0.0,0,0,0,0,0,0.00,0.00,0.00,0.00,0,False
Nikola,Milenković,Milenković,Nott'm Forest,DEF,7,505,90,0,0,0,2,0,0,0,0,0,0,0,9,15.2,0.4,0.0,1.6,10,4,0,10,1,0.00,0.00,0.00,3.28,3,False
Murillo,Costa dos Santos,Murillo,Nott'm Forest,DEF,7,506,0,0,0,0,0,0,0,0,0,0,0,0,0,0.0,0.0,0.0,0.0,0,0,0,0,0,0.00,0.00,0.00,0.00,0,False
Ola,Aina,Aina,Nott'm Forest,DEF,7,507,0,0,0,0,0,0,0,0,0,0,0,0,0,0.0,0.0,0.0,0.0,0,0,0,0,0,0.00,0.00,0.00,0.00,0,False
Neco,Williams,N.Williams,Nott'm Forest,DEF,7,508,90,0,0,0,2,0,0,0,1,0,0,0,9,25.6,11.8,17.0,5.4,3,6,4,7,1,0.03,0.01,0.04,3.28,0,False
David,Mota Veiga Teixeira do Carmo,David Carmo,Nott'm Forest,DEF,7,509,0,0,0,0,0,0,0,0,0,0,0,0,0,0.0,0.0,0.0,0.0,0,0,0,0,0,0.00,0.00,0.00,0.00,0,False
Jair,Paula da Cunha Filho,Jair Cunha,Nott'm Forest,DEF,7,510,90,0,0,0,2,0,0,0,0,0,0,0,9,26.0,0.4,0.0,2.6,9,1,2,11,1,0.00,0.00,0.00,3.28,3,False
Felipe,Rodrigues da Silva,Morato,Nott'm Forest,DEF,7,511,76,0,0,0,1,0,0,0,1,0,0,0,9,24.4,0.4,0.0,2.5,13,4,1,14,1,0.00,0.01,0.01,1.43,3,False
Omar,Richards,O.Richards,Nott'm Forest,DEF,7,512,0,0,0,0,0,0,0,0,0,0,0,0,0,0.0,0.0,0.0,0.0,0,0,0,0,0,0.00,0.00,0.00,0.00,0,False
Zach,Abbott,Abbott,Nott'm Forest,DEF,7,513,0,0,0,0,0,0,0,0,0,0,0,0,0,0.0,0.0,0.0,0.0,0,0,0,0,0,0.00,0.00,0.00,0.00,0,False
Willy,Boly,Boly,Nott'm Forest,DEF,7,514,0,0,0,0,0,0,0,0,0,0,0,0,0,0.0,0.0,0.0,0.0,0,0,0,0,0,0.00,0.00,0.00,0.00,0,False
Morgan,Gibbs-White,Gibbs-White,Nott'm Forest,MID,7,515,90,0,0,0,2,0,0,0,0,0,0,0,19,14.2,7.9,21.0,4.3,5,8,0,13,1,0.12,0.08,0.20,3.28,4,False
Callum,Hudson-Odoi,Hudson-Odoi,Nott'm Forest,MID,7,516,26,0,0,0,1,0,0,0,0,0,0,0,7,7.2,1.4,17.0,2.6,1,1,0,2,0,0.07,0.01,0.08,2.25,1,False
Elliot,Anderson,Anderson,Nott'm Forest,MID,7,517,90,0,0,0,2,0,0,0,1,0,0,0,14,5.4,10.7,0.0,1.6,0,8,2,10,1,0.00,0.03,0.03,3.28,1,False
João Pedro,Ferreira da Silva,Jota,Nott'm Forest,MID,7,518,0,0,0,0,0,0,0,0,0,0,0,0,0,0.0,0.0,0.0,0.0,0,0,0,0,0,0.00,0.00,0.00,0.00,0,False
Nicolás,Domínguez,Dominguez,Nott'm Forest,MID,7,519,0,0,0,0,0,0,0,0,0,0,0,0,0,0.0,0.0,0.0,0.0,0,0,0,0,0,0.00,0.00,0.00,0.00,0,False
Lewis,O'Brien,O'Brien,Nott'm Forest,MID,7,520,0,0,0,0,0,0,0,0,0,0,0,0,0,0.0,0.0,0.0,0.0,0,0,0,0,0,0.00,0.00,0.00,0.00,0,False
Ibrahim,Sangaré,Sangaré,Nott'm Forest,MID,7,521,0,0,0,0,0,0,0,0,0,0,0,0,0,0.0,0.0,0.0,0.0,0,0,0,0,0,0.00,0.00,0.00,0.00,0,False
Ryan,Yates,Yates,Nott'm Forest,MID,7,522,63,0,0,0,1,0,0,0,1,0,0,0,3,12.6,1.3,17.0,3.1,5,2,0,7,1,0.07,0.00,0.07,1.03,1,False
Eric,da Silva Moreira,Da Silva Moreira,Nott'm Forest,MID,7,523,0,0,0,0,0,0,0,0,0,0,0,0,0,0.0,0.0,0.0,0.0,0,0,0,0,0,0.00,0.00,0.00,0.00,0,False
Marko,Stamenić,Stamenic,Nott'm Forest,MID,7,524,0,0,0,0,0,0,0,0,0,0,0,0,0,0.0,0.0,0.0,0.0,0,0,0,0,0,0.00,0.00,0.00,0.00,0,False
Chris,Wood,Wood,Nott'm Forest,FWD,7,525,63,0,0,0,1,0,0,0,0,0,0,0,4,0.0,1.3,2.0,0.3,1,1,0,2,1,0.00,0.00,0.00,1.03,2,False
Igor Jesus,Maciel da Cruz,Igor Jesus,Nott'm Forest,FWD,7,526,26,0,0,0,1,0,0,0,0,0,0,0,6,6.0,0.4,2.0,0.8,2,1,2,5,0,0.00,0.00,0.00,2.25,1,False
Taiwo,Awoniyi,Awoniyi,Nott'm Forest,FWD,7,527,0,0,0,0,0,0,0,0,0,0,0,0,0,0.0,0.0,0.0,0.0,0,0,0,0,0,0.00,0.00,0.00,0.00,0,False
Anthony,Patterson,Patterson,Sunderland,GKP,7,528,0,0,0,0,0,0,0,0,0,0,0,0,0,0.0,0.0,0.0,0.0,0,0,0,0,0,0.00,0.00,0.00,0.00,0,False
Simon,Moore,Moore,Sunderland,GKP,7,529,0,0,0,0,0,0,0,0,0,0,0,0,0,0.0,0.0,0.0,0.0,0,0,0,0,0,0.00,0.00,0.00,0.00,0,False
Blondy,Nna Noukeu,Nna Noukeu,Sunderland,GKP,7,530,0,0,0,0,0,0,0,0,0,0,0,0,0,0.0,0.0,0.0,0.0,0,0,0,0,0,0.00,0.00,0.00,0.00,0,False
Daniel,Ballard,Ballard,Sunderland,DEF,7,531,53,0,0,0,0,0,0,0,0,0,0,0,12,36.8,0.5,7.0,4.4,16,2,3,19,0,0.17,0.00,0.17,0.63,3,False
Trai,Hume,Hume,Sunderland,DEF,7,532,78,0,0,0,2,0,0,0,0,0,0,0,1,6.4,1.8,5.0,1.3,4,2,1,5,1,0.03,0.01,0.04,1.46,1,False
Aji,Alese,Alese,Sunderland,DEF,7,533,0,0,0,0,0,0,0,0,0,0,0,0,0,0.0,0.0,0.0,0.0,0,0,0,0,0,0.00,0.00,0.00,0.00,0,False
Joe,Anderson,Anderson,Sunderland,DEF,7,534,0,0,0,0,0,0,0,0,0,0,0,0,0,0.0,0.0,0.0,0.0,0,0,0,0,0,0.00,0.00,0.00,0.00,0,False
Dennis,Cirkin,Cirkin,Sunderland,DEF,7,535,0,0,0,0,0,0,0,0,0,0,0,0,0,0.0,0.0,0.0,0.0,0,0,0,0,0,0.00,0.00,0.00,0.00,0,False
Leo Fuhr,Hjelde,Hjelde,Sunderland,DEF,7,536,0,0,0,0,0,0,0,0,0,0,0,0,0,0.0,0.0,0.0,0.0,0,0,0,0,0,0.00,0.00,0.00,0.00,0,False
Niall,Huggins,Huggins,Sunderland,DEF,7,537,0,0,0,0,0,0,0,0,0,0,0,0,0,0.0,0.0,0.0,0.0,0,0,0,0,0,0.00,0.00,0.00,0.00,0,False
Zak,Johnson,Johnson,Sunderland,DEF,7,538,0,0,0,0,0,0,0,0,0,0,0,0,0,0.0,0.0,0.0,0.0,0,0,0,0,0,0.00,0.00,0.00,0.00,0,False
Luke,O'Nien,O'Nien,Sunderland,DEF,7,539,0,0,0,0,0,0,0,0,0,0,0,0,0,0.0,0.0,0.0,0.0,0,0,0,0,0,0.00,0.00,0.00,0.00,0,False
Timothée,Pembélé,Pembele,Sunderland,DEF,7,540,0,0,0,0,0,0,0,0,0,0,0,0,0,0.0,0.0,0.0,0.0,0,0,0,0,0,0.00,0.00,0.00,0.00,0,False
Reinildo,Mandava,Reinildo,Sunderland,DEF,7,541,0,0,0,0,0,0,0,0,0,0,0,0,0,0.0,0.0,0.0,0.0,0,0,0,0,0,0.00,0.00,0.00,0.00,0,False
Jenson,Seelt,Seelt,Sunderland,DEF,7,542,0,0,0,0,0,0,0,0,0,0,0,0,0,0.0,0.0,0.0,0.0,0,0,0,0,0,0.00,0.00,0.00,0.00,0,False
Simon,Adingra,Adingra,Sunderland,MID,7,543,36,0,0,0,2,0,0,0,0,0,0,0,4,8.0,18.1,0.0,2.6,1,0,1,2,1,0.00,0.05,0.05,1.21,1,False
Habib,Diarra,Diarra,Sunderland,MID,7,544,0,0,0,0,0,0,0,0,0,0,0,0,0,0.0,0.0,0.0,0.0,0,0,0,0,0,0.00,0.00,0.00,0.00,0,False
Patrick,Roberts,Roberts,Sunderland,MID,7,545,0,0,0,0,0,0,0,0,0,0,0,0,0,0.0,0.0,0.0,0.0,0,0,0,0,0,0.00,0.00,0.00,0.00,0,False
Milan,Aleksić,Aleksić,Sunderland,MID,7,546,0,0,0,0,0,0,0,0,0,0,0,0,0,0.0,0.0,0.0,0.0,0,0,0,0,0,0.00,0.00,0.00,0.00,0,False
Enzo,Le Fée,E.Le Fée,Sunderland,MID,7,547,90,0,0,0,2,0,0,0,0,0,0,0,6,2.4,9.0,4.0,1.5,0,7,1,8,1,0.00,0.01,0.01,1.84,2,False
Romaine,Mundle,Mundle,Sunderland,MID,7,548,0,0,0,0,0,0,0,0,0,0,0,0,0,0.0,0.0,0.0,0.0,0,0,0,0,0,0.00,0.00,0.00,0.00,0,False
Dan,Neil,Neil,Sunderland,MID,7,549,0,0,0,0,0,0,0,0,0,0,0,0,0,0.0,0.0,0.0,0.0,0,0,0,0,0,0.00,0.00,0.00,0.00,0,False
Ian,Poveda-Ocampo,Poveda,Sunderland,MID,7,550,0,0,0,0,0,0,0,0,0,0,0,0,0,0.0,0.0,0.0,0.0,0,0,0,0,0,0.00,0.00,0.00,0.00,0,False
Chris,Rigg,Rigg,Sunderland,MID,7,551,0,0,0,0,0,0,0,0,0,0,0,0,0,0.0,0.0,0.0,0.0,0,0,0,0,0,0.00,0.00,0.00,0.00,0,False
Noah,Sadiki,Sadiki,Sunderland,MID,7,552,90,0,0,0,2,0,0,0,1,0,0,0,10,10.0,5.9,0.0,1.6,4,3,3,10,1,0.00,0.02,0.02,1.84,1,False
Chemsdine,Talbi,Talbi,Sunderland,MID,7,553,32,0,0,0,0,0,0,0,0,0,0,0,3,6.4,12.8,22.0,4.1,1,0,0,1,0,0.26,0.01,0.27,0.45,1,False
Abdoullah,Ba,Ba,Sunderland,MID,7,554,0,0,0,0,0,0,0,0,0,0,0,0,0,0.0,0.0,0.0,0.0,0,0,0,0,0,0.00,0.00,0.00,0.00,0,False
Alan,Browne,Browne,Sunderland,MID,7,555,0,0,0,0,0,0,0,0,0,0,0,0,0,0.0,0.0,0.0,0.0,0,0,0,0,0,0.00,0.00,0.00,0.00,0,False
Pierre,Ekwah Elimby,Ekwah,Sunderland,MID,7,556,0,0,0,0,0,0,0,0,0,0,0,0,0,0.0,0.0,0.0,0.0,0,0,0,0,0,0.00,0.00,0.00,0.00,0,False
Harrison,Jones,H.Jones,Sunderland,MID,7,557,0,0,0,0,0,0,0,0,0,0,0,0,0,0.0,0.0,0.0,0.0,0,0,0,0,0,0.00,0.00,0.00,0.00,0,False
Jay,Matete,Matete,Sunderland,MID,7,558,0,0,0,0,0,0,0,0,0,0,0,0,0,0.0,0.0,0.0,0.0,0,0,0,0,0,0.00,0.00,0.00,0.00,0,False
Nectarios,Triantis,Triantis,Sunderland,MID,7,559,0,0,0,0,0,0,0,0,0,0,0,0,0,0.0,0.0,0.0,0.0,0,0,0,0,0,0.00,0.00,0.00,0.00,0,False
Wilson,Isidor,Isidor,Sunderland,FWD,7,560,58,0,0,0,2,0,0,0,0,0,0,0,1,0.2,0.3,2.0,0.3,0,0,0,0,1,0.00,0.00,0.00,1.39,1,False
Eliezer,Mayenda Dossou,Mayenda,Sunderland,FWD,7,561,32,0,0,0,0,0,0,0,0,0,0,0,5,1.6,11.5,5.0,1.8,0,0,0,0,0,0.08,0.06,0.14,0.45,1,False
Ahmed,Abdullahi,Abdullahi,Sunderland,FWD,7,562,0,0,0,0,0,0,0,0,0,0,0,0,0,0.0,0.0,0.0,0.0,0,0,0,0,0,0.00,0.00,0.00,0.00,0,False
Luís Hemir,Silva Semedo,Luís Hemir,Sunderland,FWD,7,563,0,0,0,0,0,0,0,0,0,0,0,0,0,0.0,0.0,0.0,0.0,0,0,0,0,0,0.00,0.00,0.00,0.00,0,False
Nazarii,Rusyn,Rusyn,Sunderland,FWD,7,564,0,0,0,0,0,0,0,0,0,0,0,0,0,0.0,0.0,0.0,0.0,0,0,0,0,0,0.00,0.00,0.00,0.00,0,False
Guglielmo,Vicario,Vicario,Spurs,GKP,7,565,90,0,0,0,1,0,0,0,0,0,3,0,13,26.8,0.0,0.0,2.7,0,5,0,0,1,0.00,0.00,0.00,1.68,3,False
Brandon,Austin,Austin,Spurs,GKP,7,566,0,0,0,0,0,0,0,0,0,0,0,0,0,0.0,0.0,0.0,0.0,0,0,0,0,0,0.00,0.00,0.00,0.00,0,False
Antonín,Kinský,Kinsky,Spurs,GKP,7,567,0,0,0,0,0,0,0,0,0,0,0,0,0,0.0,0.0,0.0,0.0,0,0,0,0,0,0.00,0.00,0.00,0.00,0,False
Pedro,Porro Sauceda,Pedro Porro,Spurs,DEF,7,568,90,0,1,0,1,0,0,0,0,0,0,0,15,15.2,2.9,4.0,2.2,8,4,2,10,1,0.00,0.02,0.02,1.68,7,False
Cristian,Romero,Romero,Spurs,DEF,7,569,90,0,0,0,1,0,0,0,1,0,0,0,10,15.6,0.8,2.0,1.8,7,3,1,8,1,0.00,0.01,0.01,1.68,1,False
Kevin,Danso,Danso,Spurs,DEF,7,570,5,0,0,0,0,0,0,0,0,0,0,0,3,2.2,0.0,0.0,0.2,1,0,0,1,0,0.00,0.00,0.00,0.24,1,False
Ben,Davies,Davies,Spurs,DEF,7,571,0,0,0,0,0,0,0,0,0,0,0,0,0,0.0,0.0,0.0,0.0,0,0,0,0,0,0.00,0.00,0.00,0.00,0,False
Radu,Drăgușin,Dragusin,Spurs,DEF,7,572,0,0,0,0,0,0,0,0,0,0,0,0,0,0.0,0.0,0.0,0.0,0,0,0,0,0,0.00,0.00,0.00,0.00,0,False
Djed,Spence,Spence,Spurs,DEF,7,573,0,0,0,0,0,0,0,0,0,0,0,0,0,0.0,0.0,0.0,0.0,0,0,0,0,0,0.00,0.00,0.00,0.00,0,False
Destiny,Udogie,Udogie,Spurs,DEF,7,574,90,0,0,0,1,0,0,0,0,0,0,0,12,16.0,13.0,8.0,3.7,3,5,1,4,1,0.00,0.07,0.07,1.68,2,False
Micky,van de Ven,Van de Ven,Spurs,DEF,7,575,90,0,0,0,1,0,0,0,0,0,0,0,14,14.8,0.3,0.0,1.5,4,4,2,6,1,0.00,0.00,0.00,1.68,2,False
Ashley,Phillips,Phillips,Spurs,DEF,7,576,0,0,0,0,0,0,0,0,0,0,0,0,0,0.0,0.0,0.0,0.0,0,0,0,0,0,0.00,0.00,0.00,0.00,0,False
Takai,Kōta,Takai,Spurs,DEF,7,577,0,0,0,0,0,0,0,0,0,0,0,0,0,0.0,0.0,0.0,0.0,0,0,0,0,0,0.00,0.00,0.00,0.00,0,False
Luka,Vušković,Vuskovic,Spurs,DEF,7,578,0,0,0,0,0,0,0,0,0,0,0,0,0,0.0,0.0,0.0,0.0,0,0,0,0,0,0.00,0.00,0.00,0.00,0,False
Son,Heung-min,Son,Spurs,MID,7,579,0,0,0,0,0,0,0,0,0,0,0,0,0,0.0,0.0,0.0,0.0,0,0,0,0,0,0.00,0.00,0.00,0.00,0,False
Brennan,Johnson,Johnson,Spurs,MID,7,580,1,0,0,0,0,0,0,0,0,0,0,0,3,2.0,0.0,0.0,0.2,1,0,0,1,0,0.00,0.00,0.00,0.24,1,False
James,Maddison,Maddison,Spurs,MID,7,581,0,0,0,0,0,0,0,0,0,0,0,0,0,0.0,0.0,0.0,0.0,0,0,0,0,0,0.00,0.00,0.00,0.00,0,False
Mohammed,Kudus,Kudus,Spurs,MID,7,582,89,1,1,0,1,0,0,0,1,0,0,3,36,58.0,12.8,24.0,9.5,0,4,2,6,1,0.27,0.04,0.31,1.43,12,True
Dejan,Kulusevski,Kulusevski,Spurs,MID,7,583,0,0,0,0,0,0,0,0,0,0,0,0,0,0.0,0.0,0.0,0.0,0,0,0,0,0,0.00,0.00,0.00,0.00,0,False
Mathys,Tel,Tel,Spurs,MID,7,584,72,1,0,0,1,0,0,0,0,0,0,2,28,33.2,1.3,21.0,5.6,2,3,0,5,1,0.12,0.01,0.13,1.41,9,False
Rodrigo,Bentancur,Bentancur,Spurs,MID,7,585,90,0,0,0,1,0,0,0,0,0,0,0,13,12.2,1.7,1.0,1.5,7,3,2,12,1,0.02,0.01,0.03,1.68,4,False
Lucas,Bergvall,Bergvall,Spurs,MID,7,586,0,0,0,0,0,0,0,0,0,0,0,0,0,0.0,0.0,0.0,0.0,0,0,0,0,0,0.00,0.00,0.00,0.00,0,False
Yves,Bissouma,Bissouma,Spurs,MID,7,587,0,0,0,0,0,0,0,0,0,0,0,0,0,0.0,0.0,0.0,0.0,0,0,0,0,0,0.00,0.00,0.00,0.00,0,False
Wilson,Odobert,Odobert,Spurs,MID,7,588,84,0,0,0,1,0,0,0,0,0,0,0,8,8.2,16.5,4.0,2.9,1,3,1,5,1,0.00,0.12,0.12,1.43,2,False
Manor,Solomon,Solomon,Spurs,MID,7,589,0,0,0,0,0,0,0,0,0,0,0,0,0,0.0,0.0,0.0,0.0,0,0,0,0,0,0.00,0.00,0.00,0.00,0,False
Bryan,Gil Salvatierra,Bryan,Spurs,MID,7,590,0,0,0,0,0,0,0,0,0,0,0,0,0,0.0,0.0,0.0,0.0,0,0,0,0,0,0.00,0.00,0.00,0.00,0,False
Archie,Gray,Gray,Spurs,MID,7,591,0,0,0,0,0,0,0,0,0,0,0,0,0,0.0,0.0,0.0,0.0,0,0,0,0,0,0.00,0.00,0.00,0.00,0,False
Mikey,Moore,Moore,Spurs,MID,7,592,0,0,0,0,0,0,0,0,0,0,0,0,0,0.0,0.0,0.0,0.0,0,0,0,0,0,0.00,0.00,0.00,0.00,0,False
Pape Matar,Sarr,P.M.Sarr,Spurs,MID,7,593,17,0,0,0,0,0,0,0,0,0,0,0,5,6.4,0.7,0.0,0.7,1,1,2,4,0,0.00,0.00,0.00,0.27,1,False
Yang,Min-hyeok,Min-hyeok,Spurs,MID,7,594,0,0,0,0,0,0,0,0,0,0,0,0,0,0.0,0.0,0.0,0.0,0,0,0,0,0,0.00,0.00,0.00,0.00,0,False
Callum,Olusesi,Olusesi,Spurs,MID,7,595,0,0,0,0,0,0,0,0,0,0,0,0,0,0.0,0.0,0.0,0.0,0,0,0,0,0,0.00,0.00,0.00,0.00,0,False
Dominic,Solanke-Mitchell,Solanke,Spurs,FWD,7,596,0,0,0,0,0,0,0,0,0,0,0,0,0,0.0,0.0,0.0,0.0,0,0,0,0,0,0.00,0.00,0.00,0.00,0,False
Richarlison,de Andrade,Richarlison,Spurs,FWD,7,597,16,0,0,0,0,0,0,0,0,0,0,0,3,0.2,0.1,5.0,0.5,3,3,0,6,0,0.03,0.00,0.03,0.27,1,False
Will,Lankshear,Lankshear,Spurs,FWD,7,598,0,0,0,0,0,0,0,0,0,0,0,0,0,0.0,0.0,0.0,0.0,0,0,0,0,0,0.00,0.00,0.00,0.00,0,False
Dane,Scarlett,Scarlett,Spurs,FWD,7,599,0,0,0,0,0,0,0,0,0,0,0,0,0,0.0,0.0,0.0,0.0,0,0,0,0,0,0.00,0.00,0.00,0.00,0,False
Alphonse,Areola,Areola,West Ham,GKP,7,600,90,0,0,0,2,0,0,0,0,0,3,0,9,25.8,0.0,0.0,2.6,2,3,0,0,1,0.00,0.00,0.00,2.77,2,False
Wes,Foderingham,Foderingham,West Ham,GKP,7,601,0,0,0,0,0,0,0,0,0,0,0,0,0,0.0,0.0,0.0,0.0,0,0,0,0,0,0.00,0.00,0.00,0.00,0,False
Krisztián,Hegyi,Hegyi,West Ham,GKP,7,602,0,0,0,0,0,0,0,0,0,0,0,0,0,0.0,0.0,0.0,0.0,0,0,0,0,0,0.00,0.00,0.00,0.00,0,False
El Hadji Malick,Diouf,Diouf,West Ham,DEF,7,603,90,0,0,0,2,0,0,0,0,0,0,0,0,21.8,11.5,0.0,3.3,13,2,0,13,1,0.00,0.03,0.03,2.77,3,False
Emerson,Palmieri dos Santos,Emerson,West Ham,DEF,7,604,0,0,0,0,0,0,0,0,0,0,0,0,0,0.0,0.0,0.0,0.0,0,0,0,0,0,0.00,0.00,0.00,0.00,0,False
Maximilian,Kilman,Kilman,West Ham,DEF,7,605,90,0,0,0,2,0,0,0,0,0,0,0,2,21.0,0.5,0.0,2.2,9,3,0,9,1,0.00,0.00,0.00,2.77,1,False
Konstantinos,Mavropanos,Mavropanos,West Ham,DEF,7,606,90,0,0,0,2,0,0,0,0,0,0,0,9,38.0,0.3,0.0,3.8,20,4,0,20,1,0.00,0.01,0.01,2.77,3,False
Nayef,Aguerd,N.Aguerd,West Ham,DEF,7,607,0,0,0,0,0,0,0,0,0,0,0,0,0,0.0,0.0,0.0,0.0,0,0,0,0,0,0.00,0.00,0.00,0.00,0,False
Ollie,Scarles,Scarles,West Ham,DEF,7,608,0,0,0,0,0,0,0,0,0,0,0,0,0,0.0,0.0,0.0,0.0,0,0,0,0,0,0.00,0.00,0.00,0.00,0,False
Jean-Clair,Todibo,Todibo,West Ham,DEF,7,609,0,0,0,0,0,0,0,0,0,0,0,0,0,0.0,0.0,0.0,0.0,0,0,0,0,0,0.00,0.00,0.00,0.00,0,False
Aaron,Wan-Bissaka,Wan-Bissaka,West Ham,DEF,7,610,78,0,0,0,2,0,0,0,0,0,0,0,-3,7.2,1.4,2.0,1.1,6,0,0,6,1,0.00,0.01,0.01,2.60,1,False
Kaelan,Casey,Casey,West Ham,DEF,7,611,0,0,0,0,0,0,0,0,0,0,0,0,0,0.0,0.0,0.0,0.0,0,0,0,0,0,0.00,0.00,0.00,0.00,0,False
Lucas,Tolentino Coelho de Lima,L.Paquetá,West Ham,MID,7,612,90,0,0,0,2,0,0,0,1,0,0,0,19,21.6,31.8,4.0,5.7,3,3,5,11,1,0.01,0.34,0.35,2.77,1,False
Tomáš,Souček,Souček,West Ham,MID,7,613,0,0,0,0,0,0,0,0,0,0,0,0,0,0.0,0.0,0.0,0.0,0,0,0,0,0,0.00,0.00,0.00,0.00,0,False
James,Ward-Prowse,Ward-Prowse,West Ham,MID,7,614,0,0,0,0,0,0,0,0,0,0,0,0,0,0.0,0.0,0.0,0.0,0,0,0,0,0,0.00,0.00,0.00,0.00,0,False
Crysencio,Summerville,Summerville,West Ham,MID,7,615,90,0,0,0,2,0,0,0,1,0,0,0,7,8.8,3.9,5.0,1.8,5,4,2,11,1,0.02,0.01,0.03,2.77,1,False
Edson,Álvarez Velázquez,Álvarez,West Ham,MID,7,616,0,0,0,0,0,0,0,0,0,0,0,0,0,0.0,0.0,0.0,0.0,0,0,0,0,0,0.00,0.00,0.00,0.00,0,False
Maxwel,Cornet,Cornet,West Ham,MID,7,617,0,0,0,0,0,0,0,0,0,0,0,0,0,0.0,0.0,0.0,0.0,0,0,0,0,0,0.00,0.00,0.00,0.00,0,False
Guido,Rodríguez,G.Rodriguez,West Ham,MID,7,618,0,0,0,0,0,0,0,0,0,0,0,0,0,0.0,0.0,0.0,0.0,0,0,0,0,0,0.00,0.00,0.00,0.00,0,False
Luis Guilherme,Lira dos Santos,L.Guilherme,West Ham,MID,7,619,0,0,0,0,0,0,0,0,0,0,0,0,0,0.0,0.0,0.0,0.0,0,0,0,0,0,0.00,0.00,0.00,0.00,0,False
George,Earthy,Earthy,West Ham,MID,7,620,0,0,0,0,0,0,0,0,0,0,0,0,0,0.0,0.0,0.0,0.0,0,0,0,0,0,0.00,0.00,0.00,0.00,0,False
Andy,Irving,Irving,West Ham,MID,7,621,0,0,0,0,0,0,0,0,0,0,0,0,0,0.0,0.0,0.0,0.0,0,0,0,0,0,0.00,0.00,0.00,0.00,0,False
Lewis,Orford,Orford,West Ham,MID,7,622,0,0,0,0,0,0,0,0,0,0,0,0,0,0.0,0.0,0.0,0.0,0,0,0,0,0,0.00,0.00,0.00,0.00,0,False
Freddie,Potts,Potts,West Ham,MID,7,623,29,0,0,0,1,0,0,0,0,0,0,0,3,1.6,0.2,0.0,0.2,1,0,0,1,0,0.00,0.00,0.00,0.96,1,False
Jarrod,Bowen,Bowen,West Ham,FWD,7,624,90,0,0,0,2,0,0,0,0,0,0,0,7,5.8,10.8,4.0,2.1,4,3,0,7,1,0.00,0.01,0.01,2.77,2,False
Niclas,Füllkrug,Füllkrug,West Ham,FWD,7,625,60,0,0,0,1,0,0,0,0,0,0,0,1,0.0,0.4,9.0,0.7,1,2,0,3,1,0.33,0.00,0.33,1.81,2,False
Callum,Marshall,Marshall,West Ham,FWD,7,626,29,0,0,0,1,0,0,0,0,0,0,0,-2,1.2,0.0,7.0,0.8,2,1,0,3,0,0.13,0.00,0.13,0.96,1,False
Sam,Johnstone,Johnstone,Wolves,GKP,7,627,90,0,0,0,1,0,0,0,0,0,5,0,19,36.4,0.0,0.0,3.6,0,14,0,0,1,0.00,0.00,0.00,1.15,3,False
José,Malheiro de Sá,José Sá,Wolves,GKP,7,628,0,0,0,0,0,0,0,0,0,0,0,0,0,0.0,0.0,0.0,0.0,0,0,0,0,0,0.00,0.00,0.00,0.00,0,False
Daniel,Bentley,Bentley,Wolves,GKP,7,629,0,0,0,0,0,0,0,0,0,0,0,0,0,0.0,0.0,0.0,0.0,0,0,0,0,0,0.00,0.00,0.00,0.00,0,False
Tom,King,King,Everton,GKP,7,630,0,0,0,0,0,0,0,0,0,0,0,0,0,0.0,0.0,0.0,0.0,0,0,0,0,0,0.00,0.00,0.00,0.00,0,False
Emmanuel,Agbadou,Agbadou,Wolves,DEF,7,631,30,0,0,0,1,0,0,0,0,0,0,0,4,15.4,1.1,0.0,1.7,6,3,1,7,0,0.00,0.00,0.00,0.45,1,False
Matt,Doherty,Doherty,Wolves,DEF,7,632,0,0,0,0,0,0,0,0,0,0,0,0,0,0.0,0.0,0.0,0.0,0,0,0,0,0,0.00,0.00,0.00,0.00,0,False
Hugo,Bueno López,H.Bueno,Wolves,DEF,7,633,76,0,0,1,0,0,0,0,0,0,0,2,23,16.6,25.2,0.0,4.2,2,1,2,4,1,0.00,0.20,0.20,0.94,8,False
Yerson,Mosquera Valdelamar,Mosquera,Wolves,DEF,7,634,1,0,0,0,0,0,0,0,0,0,0,0,4,1.0,0.0,0.0,0.1,1,0,0,1,0,0.00,0.00,0.00,0.00,1,False
Rodrigo,Martins Gomes,R.Gomes,Wolves,DEF,7,635,0,0,0,0,0,0,0,0,0,0,0,0,0,0.0,0.0,0.0,0.0,0,0,0,0,0,0.00,0.00,0.00,0.00,0,False
Santiago,Ignacio Bueno,S.Bueno,Wolves,DEF,7,636,90,0,0,0,1,0,0,0,1,0,0,0,4,9.2,0.7,0.0,1.0,4,2,2,6,1,0.00,0.01,0.01,1.15,1,False
Toti,Gomes,Toti,Wolves,DEF,7,637,0,0,0,0,0,0,0,0,0,0,0,0,0,0.0,0.0,0.0,0.0,0,0,0,0,0,0.00,0.00,0.00,0.00,0,False
Ki-Jana,Hoever,Hoever,Wolves,DEF,7,638,0,0,0,0,0,0,0,0,0,0,0,0,0,0.0,0.0,0.0,0.0,0,0,0,0,0,0.00,0.00,0.00,0.00,0,False
Bastien,Meupiyou Menadjou,Meupiyou,Wolves,DEF,7,639,0,0,0,0,0,0,0,0,0,0,0,0,0,0.0,0.0,0.0,0.0,0,0,0,0,0,0.00,0.00,0.00,0.00,0,False
Pedro,Cardoso de Lima,Pedro Lima,Wolves,DEF,7,640,0,0,0,0,0,0,0,0,0,0,0,0,0,0.0,0.0,0.0,0.0,0,0,0,0,0,0.00,0.00,0.00,0.00,0,False
Alfie,Pond,Pond,Wolves,DEF,7,641,0,0,0,0,0,0,0,0,0,0,0,0,0,0.0,0.0,0.0,0.0,0,0,0,0,0,0.00,0.00,0.00,0.00,0,False
Hwang,Hee-chan,Hee Chan,Wolves,MID,7,642,59,0,0,0,0,0,0,0,0,0,0,0,5,6.0,5.0,3.0,1.4,2,1,2,5,1,0.07,0.07,0.14,0.71,1,False
André,Trindade da Costa Neto,André,Wolves,MID,7,643,90,0,0,0,1,0,0,0,1,0,0,0,9,9.6,3.1,0.0,1.3,2,9,3,14,1,0.00,0.02,0.02,1.15,3,False
Jean-Ricner,Bellegarde,Bellegarde,Wolves,MID,7,644,14,0,0,0,1,0,0,0,0,0,0,0,4,1.0,0.3,0.0,0.1,0,0,0,0,0,0.00,0.01,0.01,0.21,1,False
Fer,López González,Fer López,Wolves,MID,7,645,0,0,0,0,0,0,0,0,0,0,0,0,0,0.0,0.0,0.0,0.0,0,0,0,0,0,0.00,0.00,0.00,0.00,0,False
João Victor,Gomes da Silva,Gomes,Wolves,MID,7,646,90,0,0,0,1,0,0,0,0,0,0,0,15,17.6,13.8,4.0,3.5,5,4,4,13,1,0.00,0.00,0.00,1.15,4,False
Gonçalo Manuel,Ganchinho Guedes,Guedes,Wolves,MID,7,647,0,0,0,0,0,0,0,0,0,0,0,0,0,0.0,0.0,0.0,0.0,0,0,0,0,0,0.00,0.00,0.00,0.00,0,False
Marshall,Munetsi,Munetsi,Wolves,MID,7,648,90,0,1,0,1,0,0,0,0,0,0,0,19,11.2,0.6,17.0,2.9,3,2,2,7,1,0.09,0.01,0.10,1.15,5,False
Boubacar,Traoré,B.Traore,Wolves,MID,7,649,0,0,0,0,0,0,0,0,0,0,0,0,0,0.0,0.0,0.0,0.0,0,0,0,0,0,0.00,0.00,0.00,0.00,0,False
Tawanda,Chirewa,Chirewa,Wolves,MID,7,650,0,0,0,0,0,0,0,0,0,0,0,0,0,0.0,0.0,0.0,0.0,0,0,0,0,0,0.00,0.00,0.00,0.00,0,False
Tom,Edozie,Edozie,Wolves,MID,7,651,0,0,0,0,0,0,0,0,0,0,0,0,0,0.0,0.0,0.0,0.0,0,0,0,0,0,0.00,0.00,0.00,0.00,0,False
Enso,González Medina,Gonzalez,Wolves,MID,7,652,0,0,0,0,0,0,0,0,0,0,0,0,0,0.0,0.0,0.0,0.0,0,0,0,0,0,0.00,0.00,0.00,0.00,0,False
Joe,Hodge,Hodge,Wolves,MID,7,653,0,0,0,0,0,0,0,0,0,0,0,0,0,0.0,0.0,0.0,0.0,0,0,0,0,0,0.00,0.00,0.00,0.00,0,False
Jørgen,Strand Larsen,Strand Larsen,Wolves,FWD,7,654,76,0,0,1,0,0,0,0,0,0,0,0,3,0.2,1.8,4.0,0.6,2,2,0,4,1,0.05,0.01,0.06,0.94,2,False
Fábio,Soares Silva,Fábio Silva,Wolves,FWD,7,655,0,0,0,0,0,0,0,0,0,0,0,0,0,0.0,0.0,0.0,0.0,0,0,0,0,0,0.00,0.00,0.00,0.00,0,False
Saša,Kalajdžić,Kalajdžić,Wolves,FWD,7,656,0,0,0,0,0,0,0,0,0,0,0,0,0,0.0,0.0,0.0,0.0,0,0,0,0,0,0.00,0.00,0.00,0.00,0,False
Leon,Chiwome,Chiwome,Wolves,FWD,7,657,0,0,0,0,0,0,0,0,0,0,0,0,0,0.0,0.0,0.0,0.0,0,0,0,0,0,0.00,0.00,0.00,0.00,0,False
Nathan,Fraser,Fraser,Wolves,FWD,7,658,0,0,0,0,0,0,0,0,0,0,0,0,0,0.0,0.0,0.0,0.0,0,0,0,0,0,0.00,0.00,0.00,0.00,0,False
Kyle,Walker-Peters,Walker-Peters,West Ham,DEF,7,659,11,0,0,0,0,0,0,0,0,0,0,0,2,5.2,0.3,0.0,0.6,0,1,2,2,0,0.00,0.00,0.00,0.18,1,False
Anton,Stach,Stach,Leeds,MID,7,660,66,0,0,0,2,0,0,0,0,0,0,0,13,11.2,17.3,4.0,3.3,1,5,2,8,1,0.04,0.03,0.07,0.50,2,False
Hugo,Ekitiké,Ekitiké,Liverpool,FWD,7,661,16,0,0,0,1,0,0,0,0,0,0,0,3,3.6,0.7,5.0,0.9,1,1,1,3,0,0.14,0.02,0.16,0.83,1,False
Cristhian,Mosquera,Mosquera,Arsenal,DEF,7,662,0,0,0,0,0,0,0,0,0,0,0,0,0,0.0,0.0,0.0,0.0,0,0,0,0,0,0.00,0.00,0.00,0.00,0,False
Jhon,Arias,J.Arias,Wolves,MID,7,663,90,0,0,0,1,0,0,0,0,0,0,1,22,15.6,18.8,13.0,4.7,2,4,4,10,1,0.33,0.02,0.35,1.15,3,False
Benjamin,Lecomte,Lecomte,Fulham,GKP,7,664,0,0,0,0,0,0,0,0,0,0,0,0,0,0.0,0.0,0.0,0.0,0,0,0,0,0,0.00,0.00,0.00,0.00,0,False
Lucas Estella,Perri,Perri,Leeds,GKP,7,665,0,0,0,0,0,0,0,0,0,0,0,0,0,0.0,0.0,0.0,0.0,0,0,0,0,0,0.00,0.00,0.00,0.00,0,False
Viktor,Gyökeres,Gyökeres,Arsenal,FWD,7,666,90,0,0,1,0,0,0,0,0,0,0,0,-1,1.4,1.3,52.0,5.5,0,1,0,1,1,0.63,0.05,0.68,0.49,2,False
Adam,Aznou,Aznou,Everton,DEF,7,667,0,0,0,0,0,0,0,0,0,0,0,0,0,0.0,0.0,0.0,0.0,0,0,0,0,0,0.00,0.00,0.00,0.00,0,False
Granit,Xhaka,Xhaka,Sunderland,MID,7,668,90,0,0,0,2,0,0,0,1,0,0,0,18,19.0,20.3,7.0,4.6,5,8,0,13,1,0.02,0.09,0.11,1.84,3,False
Dan,Ndoye,Ndoye,Nott'm Forest,MID,7,669,64,0,0,0,1,0,0,0,0,0,0,0,11,8.8,25.1,2.0,3.6,1,5,1,7,1,0.00,0.06,0.06,1.03,2,False
Robin,Roefs,Roefs,Sunderland,GKP,7,670,90,0,0,0,2,0,0,0,0,0,4,0,12,28.4,0.0,0.0,2.8,0,14,0,0,1,0.00,0.00,0.00,1.84,2,False
Callum,Wilson,Wilson,West Ham,FWD,7,671,0,0,0,0,0,0,0,0,0,0,0,0,0,0.0,0.0,0.0,0.0,0,0,0,0,0,0.00,0.00,0.00,0.00,0,False
Jorrel,Hato,Hato,Chelsea,DEF,7,672,22,0,0,0,0,0,0,0,0,0,0,0,6,10.8,0.4,2.0,1.3,3,0,1,4,0,0.00,0.00,0.00,0.47,1,False
João Maria,Lobo Alves Palhares Costa Palhinha Gonçalves,J.Palhinha,Spurs,MID,7,673,90,0,0,0,1,0,0,0,1,0,0,0,6,7.6,2.8,5.0,1.5,4,1,2,7,1,0.10,0.01,0.11,1.68,1,False
Aaron,Ramsdale,Ramsdale,Newcastle,GKP,7,674,0,0,0,0,0,0,0,0,0,0,0,0,0,0.0,0.0,0.0,0.0,0,0,0,0,0,0.00,0.00,0.00,0.00,0,False
Angus,Gunn,Gunn,Nott'm Forest,GKP,7,675,0,0,0,0,0,0,0,0,0,0,0,0,0,0.0,0.0,0.0,0.0,0,0,0,0,0,0.00,0.00,0.00,0.00,0,False
Lesley,Ugochukwu,Ugochukwu,Burnley,MID,7,676,21,1,0,0,0,0,0,0,0,0,0,1,26,38.2,1.9,21.0,6.1,0,0,3,3,0,0.23,0.00,0.23,0.26,7,False
Evann,Guessand,Guessand,Aston Villa,MID,7,677,23,0,0,0,1,0,0,0,0,0,0,0,3,5.0,0.8,6.0,1.2,0,2,2,4,0,0.00,0.17,0.17,0.33,1,False
Arthur,Masuaku,Masuaku,Sunderland,DEF,7,678,57,0,0,0,2,0,0,0,0,0,0,0,-2,11.0,15.2,0.0,2.6,2,2,2,4,1,0.00,0.07,0.07,1.39,0,False
Mads,Hermansen,Hermansen,West Ham,GKP,7,679,0,0,0,0,0,0,0,0,0,0,0,0,0,0.0,0.0,0.0,0.0,0,0,0,0,0,0.00,0.00,0.00,0.00,0,False
Armando,Broja,Broja,Burnley,FWD,7,680,31,0,0,0,1,0,0,0,0,0,0,0,1,4.2,0.3,0.0,0.5,0,0,2,2,0,0.00,0.00,0.00,0.39,1,False
Benjamin,Sesko,Šeško,Man Utd,FWD,7,681,90,1,0,1,0,0,0,0,0,0,0,3,33,46.6,20.9,39.0,10.7,3,3,3,9,1,0.29,0.01,0.30,0.71,9,True
David,Møller Wolfe,Møller Wolfe,Wolves,DEF,7,682,13,0,0,0,1,0,0,0,0,0,0,0,-1,2.2,0.3,0.0,0.3,1,0,0,1,0,0.00,0.00,0.00,0.21,1,False
Omar,Alderete,Alderete,Sunderland,DEF,7,683,90,0,0,0,2,0,0,0,1,0,0,0,2,15.0,2.3,0.0,1.7,4,2,1,5,1,0.00,0.01,0.01,1.84,0,False
Malick,Thiaw,Thiaw,Newcastle,DEF,7,684,90,0,0,1,0,0,0,0,0,0,0,2,32,14.8,10.9,25.0,5.1,5,7,1,6,1,0.58,0.01,0.59,0.29,8,False
Bafodé,Diakité,Diakité,Bournemouth,DEF,7,685,90,0,0,0,1,0,0,0,0,0,0,0,11,23.2,1.4,4.0,2.9,8,4,0,8,1,0.00,0.02,0.02,0.88,2,False
Rio,Ngumoha,Ngumoha,Liverpool,MID,7,686,0,0,0,0,0,0,0,0,0,0,0,0,0,0.0,0.0,0.0,0.0,0,0,0,0,0,0.00,0.00,0.00,0.00,0,False
Remy,Rees-Dottin,Rees-Dottin,Bournemouth,MID,7,687,0,0,0,0,0,0,0,0,0,0,0,0,0,0.0,0.0,0.0,0.0,0,0,0,0,0,0.00,0.00,0.00,0.00,0,False
James,Wright,Wright,Aston Villa,GKP,7,688,0,0,0,0,0,0,0,0,0,0,0,0,0,0.0,0.0,0.0,0.0,0,0,0,0,0,0.00,0.00,0.00,0.00,0,False
Seung-Soo,Park,Seung soo,Newcastle,MID,7,689,0,0,0,0,0,0,0,0,0,0,0,0,0,0.0,0.0,0.0,0.0,0,0,0,0,0,0.00,0.00,0.00,0.00,0,False
Rio,Cardines,Cardines,Crystal Palace,MID,7,690,0,0,0,0,0,0,0,0,0,0,0,0,0,0.0,0.0,0.0,0.0,0,0,0,0,0,0.00,0.00,0.00,0.00,0,False
Dominic,Calvert-Lewin,Calvert-Lewin,Leeds,FWD,7,691,90,0,0,0,2,0,0,0,0,0,0,0,1,6.8,38.3,27.0,7.2,1,2,0,3,1,0.15,0.32,0.47,0.53,2,False
Giovanni,Leoni,Leoni,Liverpool,DEF,7,692,0,0,0,0,0,0,0,0,0,0,0,0,0,0.0,0.0,0.0,0.0,0,0,0,0,0,0.00,0.00,0.00,0.00,0,False
Omari,Hutchinson,Hutchinson,Nott'm Forest,MID,7,693,25,0,0,0,1,0,0,0,0,0,0,0,0,0.4,3.5,4.0,0.8,0,1,0,1,0,0.00,0.01,0.01,2.25,1,False
Nordi,Mukiele,Mukiele,Sunderland,DEF,7,694,90,0,0,0,2,0,0,0,0,0,0,0,13,23.2,1.6,2.0,2.7,6,6,6,12,1,0.00,0.01,0.01,1.84,3,False
Jackson,Tchatchoua,Tchatchoua,Wolves,DEF,7,695,90,0,0,0,1,0,0,0,0,0,0,0,8,19.0,1.0,0.0,2.0,7,8,3,10,1,0.00,0.00,0.00,1.15,4,False
Arnaud,Kalimuendo,Kalimuendo,Nott'm Forest,FWD,7,696,0,0,0,0,0,0,0,0,0,0,0,0,0,0.0,0.0,0.0,0.0,0,0,0,0,0,0.00,0.00,0.00,0.00,0,False
Amine,Adli,Adli,Bournemouth,MID,7,697,0,0,0,0,0,0,0,0,0,0,0,0,0,0.0,0.0,0.0,0.0,0,0,0,0,0,0.00,0.00,0.00,0.00,0,False
Noah,Okafor,Okafor,Leeds,MID,7,698,78,1,0,0,2,0,0,0,1,0,0,2,28,39.8,21.8,33.0,9.5,0,2,2,4,1,0.77,0.04,0.81,0.50,8,False
Douglas Luiz,Soares de Paulo,Douglas Luiz,Nott'm Forest,MID,7,699,0,0,0,0,0,0,0,0,0,0,0,0,0,0.0,0.0,0.0,0.0,0,0,0,0,0,0.00,0.00,0.00,0.00,0,False
Max,Dowman,Dowman,Arsenal,MID,7,700,0,0,0,0,0,0,0,0,0,0,0,0,0,0.0,0.0,0.0,0.0,0,0,0,0,0,0.00,0.00,0.00,0.00,0,False
Triston,Rowe,Rowe,Aston Villa,DEF,7,701,0,0,0,0,0,0,0,0,0,0,0,0,0,0.0,0.0,0.0,0.0,0,0,0,0,0,0.00,0.00,0.00,0.00,0,False
Bradley,Burrowes,Burrowes,Aston Villa,MID,7,702,0,0,0,0,0,0,0,0,0,0,0,0,0,0.0,0.0,0.0,0.0,0,0,0,0,0,0.00,0.00,0.00,0.00,0,False
Sam,Proctor,Proctor,Aston Villa,GKP,7,703,0,0,0,0,0,0,0,0,0,0,0,0,0,0.0,0.0,0.0,0.0,0,0,0,0,0,0.00,0.00,0.00,0.00,0,False
Tyler,Onyango,Onyango,Everton,MID,7,704,0,0,0,0,0,0,0,0,0,0,0,0,0,0.0,0.0,0.0,0.0,0,0,0,0,0,0.00,0.00,0.00,0.00,0,False
Elijah,Campbell,Campbell,Everton,DEF,7,705,0,0,0,0,0,0,0,0,0,0,0,0,0,0.0,0.0,0.0,0.0,0,0,0,0,0,0.00,0.00,0.00,0.00,0,False
James,Justin,Justin,Leeds,DEF,7,706,1,0,0,0,0,0,0,0,0,0,0,0,4,0.2,0.0,2.0,0.2,0,3,0,0,0,0.00,0.00,0.00,0.00,1,False
Tyler,Dibling,Dibling,Everton,MID,7,707,45,0,0,0,1,0,0,0,0,0,0,0,1,0.0,0.3,2.0,0.2,0,2,1,3,1,0.00,0.00,0.00,0.63,1,False
Mateus Gonçalo,Espanha Fernandes,M.Fernandes,West Ham,MID,7,708,90,0,0,0,2,0,0,0,0,0,0,0,14,17.4,2.1,0.0,2.0,1,4,7,12,1,0.00,0.01,0.01,2.77,4,False
Ladislav,Krejcí,Krejčí,Wolves,DEF,7,709,90,0,0,0,1,0,0,0,0,0,0,0,15,21.0,1.2,19.0,4.1,5,2,3,8,1,0.01,0.01,0.02,1.15,2,False
Travis,Patterson,Patterson,Aston Villa,DEF,7,710,0,0,0,0,0,0,0,0,0,0,0,0,0,0.0,0.0,0.0,0.0,0,0,0,0,0,0.00,0.00,0.00,0.00,0,False
Andre,Harriman-Annous,Harriman-Annous,Arsenal,MID,7,711,0,0,0,0,0,0,0,0,0,0,0,0,0,0.0,0.0,0.0,0.0,0,0,0,0,0,0.00,0.00,0.00,0.00,0,False
Yéremy,Pino Santos,Yeremy,Crystal Palace,MID,7,712,87,0,0,0,1,0,0,0,1,0,0,0,14,17.4,26.6,11.0,5.5,1,3,4,8,1,0.06,0.20,0.26,1.29,1,False
Álex,Jiménez Sánchez,A.Jimenez,Bournemouth,DEF,7,713,29,0,0,0,1,0,0,0,0,0,0,0,0,3.6,0.9,2.0,0.7,1,0,0,1,0,0.00,0.00,0.00,0.69,1,False
Nick,Woltemade,Woltemade,Newcastle,FWD,7,714,90,1,0,1,0,0,0,0,0,0,0,0,18,36.2,16.3,31.0,8.4,0,4,2,6,1,1.37,0.08,1.45,0.29,6,False
John Victor,Maciel Furtado,John,Nott'm Forest,GKP,7,715,0,0,0,0,0,0,0,0,0,0,0,0,0,0.0,0.0,0.0,0.0,0,0,0,0,0,0.00,0.00,0.00,0.00,0,False
Nicolò,Savona,Savona,Nott'm Forest,DEF,7,716,90,0,0,0,2,0,0,0,0,0,0,0,1,9.4,2.3,0.0,1.2,3,6,0,3,1,0.00,0.04,0.04,3.28,1,False
Xavi,Simons,Xavi,Spurs,MID,7,717,73,0,0,0,1,0,0,0,0,0,0,0,6,5.0,25.3,2.0,3.2,0,3,0,3,1,0.00,0.17,0.17,1.41,2,False
Soungoutou,Magassa,S.Magassa,West Ham,MID,7,718,60,0,0,0,1,0,0,0,0,0,0,0,7,10.4,1.2,0.0,1.2,4,0,1,5,1,0.00,0.00,0.00,1.81,2,False
Victor,Lindelöf,Lindelöf,Aston Villa,DEF,7,719,6,0,0,0,0,0,0,0,0,0,0,0,3,2.4,0.1,0.0,0.3,1,0,0,1,0,0.00,0.00,0.00,0.03,1,False
Tolu,Arokodare,Tolu,Wolves,FWD,7,720,1,0,0,0,0,0,0,0,0,0,0,0,4,0.0,0.0,0.0,0.0,0,0,0,0,0,0.00,0.00,0.00,0.00,1,False
Veljko,Milosavljevic,Milosavljević,Bournemouth,DEF,7,721,5,0,0,0,0,0,0,0,0,0,0,0,3,0.4,0.0,0.0,0.0,0,0,0,0,0,0.00,0.00,0.00,0.24,1,False
Florentino Ibrain,Morris Luís,Florentino,Burnley,MID,7,722,90,0,0,0,2,0,0,0,0,0,0,0,19,20.2,12.6,0.0,3.3,3,4,5,12,1,0.00,0.02,0.02,1.37,4,False
Jaydee,Canvot,Canvot,Crystal Palace,DEF,7,723,0,0,0,0,0,0,0,0,0,0,0,0,0,0.0,0.0,0.0,0.0,0,0,0,0,0,0.00,0.00,0.00,0.00,0,False
Lutsharel,Geertruida,Geertruida,Sunderland,DEF,7,724,11,0,0,0,0,0,0,0,0,0,0,0,7,4.2,0.0,0.0,0.4,0,0,2,2,0,0.00,0.00,0.00,0.39,1,False
Piero,Hincapié,Hincapie,Arsenal,DEF,7,725,0,0,0,0,0,0,0,0,0,0,0,0,0,0.0,0.0,0.0,0.0,0,0,0,0,0,0.00,0.00,0.00,0.00,0,False
Randal,Kolo Muani,Kolo Muani,Spurs,FWD,7,726,0,0,0,0,0,0,0,0,0,0,0,0,0,0.0,0.0,0.0,0.0,0,0,0,0,0,0.00,0.00,0.00,0.00,0,False
Samuel,Chukwueze,Chukwueze,Fulham,MID,7,727,23,0,1,0,3,0,0,0,0,0,0,0,17,20.6,24.9,2.0,4.8,0,2,0,2,0,0.00,0.39,0.39,0.67,4,False
Merlin,Röhl,Röhl,Everton,MID,7,728,0,0,0,0,0,0,0,0,0,0,0,0,0,0.0,0.0,0.0,0.0,0,0,0,0,0,0.00,0.00,0.00,0.00,0,False
Luis Eduardo,Soares da Silva,Cuiabano,Nott'm Forest,DEF,7,729,0,0,0,0,0,0,0,0,0,0,0,0,0,0.0,0.0,0.0,0.0,0,0,0,0,0,0.00,0.00,0.00,0.00,0,False
Brian,Brobbey,Brobbey,Sunderland,FWD,7,730,31,0,0,0,0,0,0,0,0,0,0,0,4,0.0,0.0,0.0,0.0,0,1,0,1,0,0.00,0.00,0.00,0.45,1,False
Kevin,Santos Lopes de Macedo,Kevin,Fulham,MID,7,731,23,0,0,0,3,0,0,0,0,0,0,0,6,7.2,5.6,7.0,2.0,1,1,0,2,0,0.04,0.01,0.05,0.67,1,False
Christantus,Uche,Uche,Crystal Palace,FWD,7,732,1,0,0,0,1,0,0,0,0,0,0,0,3,0.0,0.0,0.0,0.0,0,0,0,0,0,0.00,0.00,0.00,0.73,1,False
Senne,Lammens,Lammens,Man Utd,GKP,7,733,90,0,0,1,0,0,0,0,0,0,3,2,29,24.2,0.0,0.0,2.4,1,11,0,0,1,0.00,0.00,0.00,0.71,9,True
Dilane,Bakwa,Bakwa,Nott'm Forest,MID,7,734,13,0,0,0,1,0,0,0,0,0,0,0,4,2.6,13.2,4.0,2.0,0,0,0,0,0,0.00,0.03,0.03,1.85,1,False
Bertrand,Traoré,Traoré,Sunderland,MID,7,735,57,0,0,0,2,0,0,0,1,0,0,0,5,4.8,16.8,23.0,4.5,0,0,1,1,1,0.16,0.02,0.18,1.39,0,False
Gianluigi,Donnarumma,Donnarumma,Man City,GKP,7,736,90,0,0,1,0,0,0,0,0,0,1,0,23,12.0,0.0,0.0,1.2,1,7,0,0,1,0.00,0.00,0.00,0.83,6,False
Jonah,Kusi-Asare,Kusi-Asare,Fulham,FWD,7,737,0,0,0,0,0,0,0,0,0,0,0,0,0,0.0,0.0,0.0,0.0,0,0,0,0,0,0.00,0.00,0.00,0.00,0,False
Lukasz,Fabianski,Fabianski,West Ham,GKP,7,738,0,0,0,0,0,0,0,0,0,0,0,0,0,0.0,0.0,0.0,0.0,0,0,0,0,0,0.00,0.00,0.00,0.00,0,False
Divine,Mukasa,Mukasa,Man City,MID,7,739,0,0,0,0,0,0,0,0,0,0,0,0,0,0.0,0.0,0.0,0.0,0,0,0,0,0,0.00,0.00,0.00,0.00,0,False
Stephen,Mfuni,Mfuni,Man City,DEF,7,740,0,0,0,0,0,0,0,0,0,0,0,0,0,0.0,0.0,0.0,0.0,0,0,0,0,0,0.00,0.00,0.00,0.00,0,False
Harry,Gray,Gray,Leeds,FWD,7,741,0,0,0,0,0,0,0,0,0,0,0,0,0,0.0,0.0,0.0,0.0,0,0,0,0,0,0.00,0.00,0.00,0.00,0,False
Ryan,McAidoo,McAidoo,Man City,MID,7,742,0,0,0,0,0,0,0,0,0,0,0,0,0,0.0,0.0,0.0,0.0,0,0,0,0,0,0.00,0.00,0.00,0.00,0,False
Landon,Emenalo,Emenalo,Chelsea,MID,7,743,0,0,0,0,0,0,0,0,0,0,0,0,0,0.0,0.0,0.0,0.0,0,0,0,0,0,0.00,0.00,0.00,0.00,0,False
David,Raya Martín,Raya,Arsenal,GKP,8,1,90,0,0,1,0,0,0,0,0,0,0,0,21,4.6,0.0,0.0,0.5,2,7,0,0,1,0.00,0.00,0.00,0.44,6,False
Kepa,Arrizabalaga Revuelta,Arrizabalaga,Arsenal,GKP,8,2,0,0,0,0,0,0,0,0,0,0,0,0,0,0.0,0.0,0.0,0.0,0,0,0,0,0,0.00,0.00,0.00,0.00,0,False
Karl,Hein,Hein,Arsenal,GKP,8,3,0,0,0,0,0,0,0,0,0,0,0,0,0,0.0,0.0,0.0,0.0,0,0,0,0,0,0.00,0.00,0.00,0.00,0,False
Tommy,Setford,Setford,Arsenal,GKP,8,4,0,0,0,0,0,0,0,0,0,0,0,0,0,0.0,0.0,0.0,0.0,0,0,0,0,0,0.00,0.00,0.00,0.00,0,False
Gabriel,dos Santos Magalhães,Gabriel,Arsenal,DEF,8,5,90,0,1,1,0,0,0,0,0,0,0,3,33,33.4,11.6,15.0,6.0,9,1,0,9,1,0.24,0.02,0.26,0.44,12,True
William,Saliba,Saliba,Arsenal,DEF,8,6,90,0,0,1,0,0,0,0,0,0,0,0,26,17.4,2.8,2.0,2.2,4,5,0,4,1,0.00,0.05,0.05,0.44,6,False
Riccardo,Calafiori,Calafiori,Arsenal,DEF,8,7,90,0,0,1,0,0,0,0,0,0,0,0,26,12.6,8.0,9.0,3.0,4,6,1,5,1,0.04,0.02,0.06,0.44,6,False
Jurriën,Timber,J.Timber,Arsenal,DEF,8,8,90,0,0,1,0,0,0,0,0,0,0,0,27,16.8,31.8,6.0,5.5,2,5,2,4,1,0.00,0.15,0.15,0.44,6,False
Jakub,Kiwior,Kiwior,Arsenal,DEF,8,9,0,0,0,0,0,0,0,0,0,0,0,0,0,0.0,0.0,0.0,0.0,0,0,0,0,0,0.00,0.00,0.00,0.00,0,False
Myles,Lewis-Skelly,Lewis-Skelly,Arsenal,DEF,8,10,0,0,0,0,0,0,0,0,0,0,0,0,0,0.0,0.0,0.0,0.0,0,0,0,0,0,0.00,0.00,0.00,0.00,0,False
Benjamin,White,White,Arsenal,DEF,8,11,0,0,0,0,0,0,0,0,0,0,0,0,0,0.0,0.0,0.0,0.0,0,0,0,0,0,0.00,0.00,0.00,0.00,0,False
Oleksandr,Zinchenko,Zinchenko,Nott'm Forest,DEF,8,12,73,0,0,0,2,0,0,0,0,0,0,0,14,18.2,15.1,0.0,3.3,4,3,4,8,1,0.00,0.13,0.13,1.41,1,False
Brayden,Clarke,Clarke,Arsenal,DEF,8,13,0,0,0,0,0,0,0,0,0,0,0,0,0,0.0,0.0,0.0,0.0,0,0,0,0,0,0.00,0.00,0.00,0.00,0,False
Maldini,Kacurri,Kacurri,Arsenal,DEF,8,14,0,0,0,0,0,0,0,0,0,0,0,0,0,0.0,0.0,0.0,0.0,0,0,0,0,0,0.00,0.00,0.00,0.00,0,False
Josh,Nichols,Nichols,Arsenal,DEF,8,15,0,0,0,0,0,0,0,0,0,0,0,0,0,0.0,0.0,0.0,0.0,0,0,0,0,0,0.00,0.00,0.00,0.00,0,False
Bukayo,Saka,Saka,Arsenal,MID,8,16,90,0,0,1,0,0,0,0,0,0,0,2,28,28.8,80.3,44.0,15.3,1,9,2,12,1,0.07,0.55,0.62,0.44,7,False
Martin,Ødegaard,Ødegaard,Arsenal,MID,8,17,0,0,0,0,0,0,0,0,0,0,0,0,0,0.0,0.0,0.0,0.0,0,0,0,0,0,0.00,0.00,0.00,0.00,0,False
Noni,Madueke,Madueke,Arsenal,MID,8,18,0,0,0,0,0,0,0,0,0,0,0,0,0,0.0,0.0,0.0,0.0,0,0,0,0,0,0.00,0.00,0.00,0.00,0,False
Gabriel,Martinelli Silva,Martinelli,Arsenal,MID,8,19,9,0,0,0,0,0,0,0,0,0,0,0,3,3.2,0.5,41.0,4.5,0,1,1,2,0,0.52,0.00,0.52,0.04,1,False
Leandro,Trossard,Trossard,Arsenal,MID,8,20,80,1,0,1,0,0,0,0,0,0,0,2,28,33.2,18.2,56.0,10.7,2,4,0,6,1,0.60,0.07,0.67,0.40,10,False
Declan,Rice,Rice,Arsenal,MID,8,21,90,0,0,1,0,0,0,0,0,0,0,0,10,15.6,19.5,1.0,3.6,3,2,0,5,1,0.03,0.08,0.11,0.44,3,False
Mikel,Merino Zazón,Merino,Arsenal,MID,8,22,28,0,0,0,0,0,0,0,0,0,0,0,5,5.4,1.1,4.0,1.1,1,2,2,5,0,0.00,0.01,0.01,0.04,1,False
Fábio,Ferreira Vieira,Fábio Vieira,Arsenal,MID,8,23,0,0,0,0,0,0,0,0,0,0,0,0,0,0.0,0.0,0.0,0.0,0,0,0,0,0,0.00,0.00,0.00,0.00,0,False
Christian,Nørgaard,Nørgaard,Arsenal,MID,8,24,1,0,0,0,0,0,0,0,0,0,0,0,3,1.0,0.0,0.0,0.1,1,1,0,2,0,0.00,0.00,0.00,0.00,1,False
Ethan,Nwaneri,Nwaneri,Arsenal,MID,8,25,0,0,0,0,0,0,0,0,0,0,0,0,0,0.0,0.0,0.0,0.0,0,0,0,0,0,0.00,0.00,0.00,0.00,0,False
Martín,Zubimendi Ibáñez,Zubimendi,Arsenal,MID,8,26,90,0,0,1,0,0,0,0,0,0,0,0,12,11.2,15.6,2.0,2.9,2,2,1,5,1,0.00,0.06,0.06,0.44,3,False
Reiss,Nelson,Nelson,Brentford,MID,8,27,0,0,0,0,0,0,0,0,0,0,0,0,0,0.0,0.0,0.0,0.0,0,0,0,0,0,0.00,0.00,0.00,0.00,0,False
Ismeal,Kabia,Kabia,Arsenal,MID,8,28,0,0,0,0,0,0,0,0,0,0,0,0,0,0.0,0.0,0.0,0.0,0,0,0,0,0,0.00,0.00,0.00,0.00,0,False
Albert,Sambi Lokonga,Sambi,Arsenal,MID,8,29,0,0,0,0,0,0,0,0,0,0,0,0,0,0.0,0.0,0.0,0.0,0,0,0,0,0,0.00,0.00,0.00,0.00,0,False
Kai,Havertz,Havertz,Arsenal,FWD,8,30,0,0,0,0,0,0,0,0,0,0,0,0,0,0.0,0.0,0.0,0.0,0,0,0,0,0,0.00,0.00,0.00,0.00,0,False
Gabriel,Fernando de Jesus,G.Jesus,Arsenal,FWD,8,31,0,0,0,0,0,0,0,0,0,0,0,0,0,0.0,0.0,0.0,0.0,0,0,0,0,0,0.00,0.00,0.00,0.00,0,False
Emiliano,Martínez Romero,Martinez,Aston Villa,GKP,8,32,90,0,0,0,1,0,0,0,0,0,2,0,10,16.4,0.0,0.0,1.6,2,7,0,0,1,0.00,0.00,0.00,0.75,2,False
Marco,Bizot,M.Bizot,Aston Villa,GKP,8,33,0,0,0,0,0,0,0,0,0,0,0,0,0,0.0,0.0,0.0,0.0,0,0,0,0,0,0.00,0.00,0.00,0.00,0,False
Joe,Gauci,Gauci,Aston Villa,GKP,8,34,0,0,0,0,0,0,0,0,0,0,0,0,0,0.0,0.0,0.0,0.0,0,0,0,0,0,0.00,0.00,0.00,0.00,0,False
Filip,Marschall,Marschall,Aston Villa,GKP,8,35,0,0,0,0,0,0,0,0,0,0,0,0,0,0.0,0.0,0.0,0.0,0,0,0,0,0,0.00,0.00,0.00,0.00,0,False
Matty,Cash,Cash,Aston Villa,DEF,8,36,90,0,0,0,1,0,0,0,0,0,0,0,13,6.4,12.0,3.0,2.1,4,1,1,5,1,0.04,0.02,0.06,0.75,2,False
Lucas,Digne,Digne,Aston Villa,DEF,8,37,81,0,1,0,1,0,0,0,0,0,0,0,12,26.6,10.6,2.0,3.9,2,2,3,5,1,0.00,0.01,0.01,0.55,5,False
Ezri,Konsa Ngoyo,Konsa,Aston Villa,DEF,8,38,90,0,0,0,1,0,0,0,0,0,0,0,9,17.8,4.1,2.0,2.4,5,2,1,6,1,0.00,0.01,0.01,0.75,2,False
Ian,Maatsen,Maatsen,Aston Villa,DEF,8,39,8,0,0,0,0,0,0,0,0,0,0,0,8,7.4,10.2,1.0,1.9,2,2,2,4,0,0.04,0.00,0.04,0.20,1,False
Tyrone,Mings,Mings,Aston Villa,DEF,8,40,0,0,0,0,0,0,0,0,0,0,0,0,0,0.0,0.0,0.0,0.0,0,0,0,0,0,0.00,0.00,0.00,0.00,0,False
Pau,Torres,Pau,Aston Villa,DEF,8,41,90,0,0,0,1,0,0,0,0,0,0,0,10,12.4,1.1,0.0,1.4,3,4,1,4,1,0.00,0.01,0.01,0.75,2,False
Andrés,García,A.García,Aston Villa,DEF,8,42,0,0,0,0,0,0,0,0,0,0,0,0,0,0.0,0.0,0.0,0.0,0,0,0,0,0,0.00,0.00,0.00,0.00,0,False
Álex,Moreno Lopera,Alex Moreno,Aston Villa,DEF,8,43,0,0,0,0,0,0,0,0,0,0,0,0,0,0.0,0.0,0.0,0.0,0,0,0,0,0,0.00,0.00,0.00,0.00,0,False
Lamare,Bogarde,Bogarde,Aston Villa,DEF,8,44,0,0,0,0,0,0,0,0,0,0,0,0,0,0.0,0.0,0.0,0.0,0,0,0,0,0,0.00,0.00,0.00,0.00,0,False
Lino,da Cruz Sousa,Sousa,Aston Villa,DEF,8,45,0,0,0,0,0,0,0,0,0,0,0,0,0,0.0,0.0,0.0,0.0,0,0,0,0,0,0.00,0.00,0.00,0.00,0,False
Yasin,Özcan,Yasin,Aston Villa,DEF,8,46,0,0,0,0,0,0,0,0,0,0,0,0,0,0.0,0.0,0.0,0.0,0,0,0,0,0,0.00,0.00,0.00,0.00,0,False
Morgan,Rogers,Rogers,Aston Villa,MID,8,47,90,1,0,0,1,0,0,0,0,0,0,0,22,35.6,4.0,9.0,4.9,0,4,0,4,1,0.03,0.01,0.04,0.75,7,False
Youri,Tielemans,Tielemans,Aston Villa,MID,8,48,0,0,0,0,0,0,0,0,0,0,0,0,0,0.0,0.0,0.0,0.0,0,0,0,0,0,0.00,0.00,0.00,0.00,0,False
Leon,Bailey,Bailey,Aston Villa,MID,8,49,0,0,0,0,0,0,0,0,0,0,0,0,0,0.0,0.0,0.0,0.0,0,0,0,0,0,0.00,0.00,0.00,0.00,0,False
Emiliano,Buendía Stati,Buendía,Aston Villa,MID,8,50,29,1,0,0,0,0,0,0,0,0,0,1,30,38.8,1.1,7.0,4.7,0,3,2,5,0,0.04,0.03,0.07,0.24,7,False
Samuel,Iling-Junior,Iling Jr,Aston Villa,MID,8,51,0,0,0,0,0,0,0,0,0,0,0,0,0,0.0,0.0,0.0,0.0,0,0,0,0,0,0.00,0.00,0.00,0.00,0,False
Jacob,Ramsey,J.Ramsey,Newcastle,MID,8,52,20,0,0,0,1,0,0,0,0,0,0,0,3,4.2,12.3,0.0,1.7,1,2,0,3,0,0.00,0.01,0.01,0.14,1,False
Donyell,Malen,Malen,Aston Villa,MID,8,53,60,0,0,0,1,0,0,0,0,0,0,0,3,0.0,0.2,6.0,0.2,0,0,0,0,1,0.05,0.00,0.05,0.51,2,False
John,McGinn,McGinn,Aston Villa,MID,8,54,90,0,0,0,1,0,0,0,0,0,0,0,10,10.8,14.8,1.0,2.7,2,1,4,7,1,0.03,0.03,0.06,0.75,2,False
Ross,Barkley,Barkley,Aston Villa,MID,8,55,8,0,0,0,0,0,0,0,0,0,0,0,4,2.4,1.3,0.0,0.4,0,0,1,1,0,0.00,0.00,0.00,0.20,1,False
Enzo,Barrenechea,Barrenechea,Aston Villa,MID,8,56,0,0,0,0,0,0,0,0,0,0,0,0,0,0.0,0.0,0.0,0.0,0,0,0,0,0,0.00,0.00,0.00,0.00,0,False
Lewis,Dobbin,Dobbin,Aston Villa,MID,8,57,0,0,0,0,0,0,0,0,0,0,0,0,0,0.0,0.0,0.0,0.0,0,0,0,0,0,0.00,0.00,0.00,0.00,0,False
Boubacar,Kamara,Kamara,Aston Villa,MID,8,58,90,0,0,0,1,0,0,0,0,0,0,0,23,17.0,4.9,0.0,2.2,2,5,4,11,1,0.00,0.02,0.02,0.75,2,False
Amadou,Onana,Onana,Aston Villa,MID,8,59,81,0,0,0,1,0,0,0,0,0,0,0,11,18.6,6.6,0.0,2.5,7,4,3,14,1,0.00,0.01,0.01,0.55,4,False
Ben,Broggio,Broggio,Aston Villa,MID,8,60,0,0,0,0,0,0,0,0,0,0,0,0,0,0.0,0.0,0.0,0.0,0,0,0,0,0,0.00,0.00,0.00,0.00,0,False
Leander,Dendoncker,Dendoncker,Aston Villa,MID,8,61,0,0,0,0,0,0,0,0,0,0,0,0,0,0.0,0.0,0.0,0.0,0,0,0,0,0,0.00,0.00,0.00,0.00,0,False
Jamaldeen,Jimoh-Aloba,Jimoh-Aloba,Aston Villa,MID,8,62,0,0,0,0,0,0,0,0,0,0,0,0,0,0.0,0.0,0.0,0.0,0,0,0,0,0,0.00,0.00,0.00,0.00,0,False
Kadan,Young,Young,Aston Villa,MID,8,63,0,0,0,0,0,0,0,0,0,0,0,0,0,0.0,0.0,0.0,0.0,0,0,0,0,0,0.00,0.00,0.00,0.00,0,False
Ollie,Watkins,Watkins,Aston Villa,FWD,8,64,29,0,0,0,0,0,0,0,0,0,0,0,1,2.6,1.3,7.0,1.1,1,4,0,5,0,0.08,0.00,0.08,0.24,1,False
Zépiqueno,Redmond,Redmond,Aston Villa,FWD,8,65,0,0,0,0,0,0,0,0,0,0,0,0,0,0.0,0.0,0.0,0.0,0,0,0,0,0,0.00,0.00,0.00,0.00,0,False
Norberto,Murara Neto,Neto,Bournemouth,GKP,8,66,0,0,0,0,0,0,0,0,0,0,0,0,0,0.0,0.0,0.0,0.0,0,0,0,0,0,0.00,0.00,0.00,0.00,0,False
Đorđe,Petrović,Petrović,Bournemouth,GKP,8,67,90,0,0,0,3,0,0,0,0,0,4,0,9,31.6,0.0,0.0,3.2,3,13,0,0,1,0.00,0.00,0.00,4.44,2,False
Will,Dennis,Dennis,Bournemouth,GKP,8,68,0,0,0,0,0,0,0,0,0,0,0,0,0,0.0,0.0,0.0,0.0,0,0,0,0,0,0.00,0.00,0.00,0.00,0,False
Callan,McKenna,McKenna,Bournemouth,GKP,8,69,0,0,0,0,0,0,0,0,0,0,0,0,0,0.0,0.0,0.0,0.0,0,0,0,0,0,0.00,0.00,0.00,0.00,0,False
Alex,Paulsen,Paulsen,Bournemouth,GKP,8,70,0,0,0,0,0,0,0,0,0,0,0,0,0,0.0,0.0,0.0,0.0,0,0,0,0,0,0.00,0.00,0.00,0.00,0,False
Illia,Zabarnyi,Zabarnyi,Bournemouth,DEF,8,71,0,0,0,0,0,0,0,0,0,0,0,0,0,0.0,0.0,0.0,0.0,0,0,0,0,0,0.00,0.00,0.00,0.00,0,False
Marcos,Senesi Barón,Senesi,Bournemouth,DEF,8,72,90,0,0,0,3,0,0,0,1,0,0,0,6,45.2,0.3,9.0,5.5,18,4,2,20,1,0.02,0.01,0.03,4.44,2,False
Adam,Smith,Smith,Bournemouth,DEF,8,73,0,0,0,0,0,0,0,0,0,0,0,0,0,0.0,0.0,0.0,0.0,0,0,0,0,0,0.00,0.00,0.00,0.00,0,False
Adrien,Truffert,Truffert,Bournemouth,DEF,8,74,90,0,0,0,3,0,0,0,0,0,0,0,-1,11.4,4.1,2.0,1.8,4,2,0,4,1,0.00,0.01,0.01,4.44,1,False
Matai,Akinmboni,Akinmboni,Bournemouth,DEF,8,75,0,0,0,0,0,0,0,0,0,0,0,0,0,0.0,0.0,0.0,0.0,0,0,0,0,0,0.00,0.00,0.00,0.00,0,False
Owen,Bevan,Bevan,Bournemouth,DEF,8,76,0,0,0,0,0,0,0,0,0,0,0,0,0,0.0,0.0,0.0,0.0,0,0,0,0,0,0.00,0.00,0.00,0.00,0,False
James,Hill,Hill,Bournemouth,DEF,8,77,15,0,0,0,1,0,0,0,0,0,0,0,3,10.2,0.0,0.0,1.0,6,1,1,7,0,0.00,0.00,0.00,1.95,1,False
Julián,Araujo Zúñiga,J.Araujo,Bournemouth,DEF,8,78,0,0,0,0,0,0,0,0,0,0,0,0,0,0.0,0.0,0.0,0.0,0,0,0,0,0,0.00,0.00,0.00,0.00,0,False
Chris,Mepham,Mepham,Bournemouth,DEF,8,79,0,0,0,0,0,0,0,0,0,0,0,0,0,0.0,0.0,0.0,0.0,0,0,0,0,0,0.00,0.00,0.00,0.00,0,False
Julio,Soler Barreto,Soler,Bournemouth,DEF,8,80,0,0,0,0,0,0,0,0,0,0,0,0,0,0.0,0.0,0.0,0.0,0,0,0,0,0,0.00,0.00,0.00,0.00,0,False
Justin,Kluivert,Kluivert,Bournemouth,MID,8,81,75,0,0,0,2,0,0,0,0,0,0,0,2,5.0,22.8,2.0,3.0,1,0,2,3,1,0.00,0.23,0.23,2.49,2,False
Antoine,Semenyo,Semenyo,Bournemouth,MID,8,82,90,0,1,0,3,0,0,0,1,0,0,0,7,6.6,3.0,27.0,3.7,1,3,1,5,1,0.13,0.03,0.16,4.44,4,False
Dango,Ouattara,O.Dango,Brentford,MID,8,83,75,0,0,1,0,0,0,0,0,0,0,0,8,8.0,32.7,33.0,7.4,1,6,0,7,1,0.46,0.07,0.53,0.29,3,False
Marcus,Tavernier,Tavernier,Bournemouth,MID,8,84,90,0,1,0,2,0,0,0,0,0,0,0,17,26.6,26.2,2.0,5.5,1,4,4,9,1,0.00,0.61,0.61,2.99,5,False
Tyler,Adams,Adams,Bournemouth,MID,8,85,90,0,0,0,3,0,0,0,1,0,0,0,13,18.8,3.4,1.0,2.3,6,6,5,17,1,0.01,0.01,0.02,4.44,3,False
David,Brooks,Brooks,Bournemouth,MID,8,86,0,0,0,0,0,0,0,0,0,0,0,0,0,0.0,0.0,0.0,0.0,0,0,0,0,0,0.00,0.00,0.00,0.00,0,False
Ryan,Christie,Christie,Bournemouth,MID,8,87,23,1,0,0,2,0,0,0,1,0,0,0,19,38.2,0.1,35.0,7.3,3,2,0,5,0,0.63,0.00,0.63,2.68,5,False
Lewis,Cook,Cook,Bournemouth,MID,8,88,1,0,0,0,1,0,0,0,0,0,0,0,5,3.2,0.3,0.0,0.4,1,0,1,2,0,0.00,0.00,0.00,1.46,1,False
Philip,Billing,Philip,Bournemouth,MID,8,89,0,0,0,0,0,0,0,0,0,0,0,0,0,0.0,0.0,0.0,0.0,0,0,0,0,0,0.00,0.00,0.00,0.00,0,False
Alex,Scott,Scott,Bournemouth,MID,8,90,66,0,0,0,1,0,0,0,0,0,0,0,8,6.6,11.3,3.0,2.1,2,1,1,4,1,0.05,0.03,0.08,1.76,2,False
Luis,Sinisterra Lucumí,Sinisterra,Bournemouth,MID,8,91,0,0,0,0,0,0,0,0,0,0,0,0,0,0.0,0.0,0.0,0.0,0,0,0,0,0,0.00,0.00,0.00,0.00,0,False
Romain,Faivre,Faivre,Bournemouth,MID,8,92,0,0,0,0,0,0,0,0,0,0,0,0,0,0.0,0.0,0.0,0.0,0,0,0,0,0,0.00,0.00,0.00,0.00,0,False
Hamed,Traorè,H.Traorè,Bournemouth,MID,8,93,0,0,0,0,0,0,0,0,0,0,0,0,0,0.0,0.0,0.0,0.0,0,0,0,0,0,0.00,0.00,0.00,0.00,0,False
Dominic,Sadi,Sadi,Bournemouth,MID,8,94,0,0,0,0,0,0,0,0,0,0,0,0,0,0.0,0.0,0.0,0.0,0,0,0,0,0,0.00,0.00,0.00,0.00,0,False
Zain,Silcott-Duberry,Silcott-Duberry,Bournemouth,MID,8,95,0,0,0,0,0,0,0,0,0,0,0,0,0,0.0,0.0,0.0,0.0,0,0,0,0,0,0.00,0.00,0.00,0.00,0,False
Ben,Winterburn,Winterburn,Bournemouth,MID,8,96,0,0,0,0,0,0,0,0,0,0,0,0,0,0.0,0.0,0.0,0.0,0,0,0,0,0,0.00,0.00,0.00,0.00,0,False
Francisco Evanilson,de Lima Barbosa,Evanilson,Bournemouth,FWD,8,97,0,0,0,0,0,0,0,0,0,0,0,0,0,0.0,0.0,0.0,0.0,0,0,0,0,0,0.00,0.00,0.00,0.00,0,False
Enes,Ünal,Enes Ünal,Bournemouth,FWD,8,98,0,0,0,0,0,0,0,0,0,0,0,0,0,0.0,0.0,0.0,0.0,0,0,0,0,0,0.00,0.00,0.00,0.00,0,False
Daniel,Adu-Adjei,Adu-Adjei,Bournemouth,FWD,8,99,0,0,0,0,0,0,0,0,0,0,0,0,0,0.0,0.0,0.0,0.0,0,0,0,0,0,0.00,0.00,0.00,0.00,0,False
Eli Junior,Kroupi,Kroupi.Jr,Bournemouth,FWD,8,100,74,2,0,0,2,0,0,0,0,0,0,2,59,70.6,2.6,54.0,12.7,4,3,0,7,1,1.18,0.01,1.19,2.49,12,False
Caoimhín,Kelleher,Kelleher,Brentford,GKP,8,101,90,0,0,1,0,0,0,0,0,0,1,0,25,8.4,0.0,0.0,0.8,0,5,0,0,1,0.00,0.00,0.00,0.33,6,False
Ellery,Balcombe,Balcombe,Brentford,GKP,8,102,0,0,0,0,0,0,0,0,0,0,0,0,0,0.0,0.0,0.0,0.0,0,0,0,0,0,0.00,0.00,0.00,0.00,0,False
Matthew,Cox,Cox,Brentford,GKP,8,103,0,0,0,0,0,0,0,0,0,0,0,0,0,0.0,0.0,0.0,0.0,0,0,0,0,0,0.00,0.00,0.00,0.00,0,False
Julian,Eyestone,Eyestone,Brentford,GKP,8,104,0,0,0,0,0,0,0,0,0,0,0,0,0,0.0,0.0,0.0,0.0,0,0,0,0,0,0.00,0.00,0.00,0.00,0,False
Hákon Rafn,Valdimarsson,Valdimarsson,Brentford,GKP,8,105,0,0,0,0,0,0,0,0,0,0,0,0,0,0.0,0.0,0.0,0.0,0,0,0,0,0,0.00,0.00,0.00,0.00,0,False
Nathan,Collins,Collins,Brentford,DEF,8,106,90,0,0,1,0,0,0,0,0,0,0,1,29,26.8,0.9,8.0,3.6,9,2,2,11,1,0.06,0.00,0.06,0.33,9,False
Keane,Lewis-Potter,Lewis-Potter,Brentford,DEF,8,107,14,0,1,0,0,0,0,0,0,0,0,0,12,17.0,10.3,1.0,2.8,1,0,0,1,0,0.04,0.08,0.12,0.04,4,False
Kristoffer,Ajer,Ajer,Brentford,DEF,8,108,90,0,0,1,0,0,0,0,0,0,0,0,26,16.2,1.2,17.0,3.4,4,4,4,8,1,0.16,0.02,0.18,0.33,6,False
Rico,Henry,Henry,Brentford,DEF,8,109,0,0,0,0,0,0,0,0,0,0,0,0,0,0.0,0.0,0.0,0.0,0,0,0,0,0,0.00,0.00,0.00,0.00,0,False
Michael,Kayode,Kayode,Brentford,DEF,8,110,90,0,0,1,0,0,0,0,0,0,0,3,36,28.8,92.1,4.0,12.5,2,4,0,2,1,0.00,0.81,0.81,0.33,9,False
Ethan,Pinnock,Pinnock,Brentford,DEF,8,111,0,0,0,0,0,0,0,0,0,0,0,0,0,0.0,0.0,0.0,0.0,0,0,0,0,0,0.00,0.00,0.00,0.00,0,False
Mads,Roerslev Rasmussen,Roerslev,Brentford,DEF,8,112,0,0,0,0,0,0,0,0,0,0,0,0,0,0.0,0.0,0.0,0.0,0,0,0,0,0,0.00,0.00,0.00,0.00,0,False
Sepp,van den Berg,Van den Berg,Brentford,DEF,8,113,90,0,0,1,0,0,0,0,0,0,0,0,26,18.8,0.8,4.0,2.4,9,2,0,9,1,0.09,0.00,0.09,0.33,6,False
Benjamin,Arthur,Arthur,Brentford,DEF,8,114,0,0,0,0,0,0,0,0,0,0,0,0,0,0.0,0.0,0.0,0.0,0,0,0,0,0,0.00,0.00,0.00,0.00,0,False
Benjamin,Fredrick,Fredrick,Brentford,DEF,8,115,0,0,0,0,0,0,0,0,0,0,0,0,0,0.0,0.0,0.0,0.0,0,0,0,0,0,0.00,0.00,0.00,0.00,0,False
Aaron,Hickey,Hickey,Brentford,DEF,8,116,0,0,0,0,0,0,0,0,0,0,0,0,0,0.0,0.0,0.0,0.0,0,0,0,0,0,0.00,0.00,0.00,0.00,0,False
Kim,Ji-soo,Ji-soo,Brentford,DEF,8,117,0,0,0,0,0,0,0,0,0,0,0,0,0,0.0,0.0,0.0,0.0,0,0,0,0,0,0.00,0.00,0.00,0.00,0,False
Jayden,Meghoma,Meghoma,Brentford,DEF,8,118,0,0,0,0,0,0,0,0,0,0,0,0,0,0.0,0.0,0.0,0.0,0,0,0,0,0,0.00,0.00,0.00,0.00,0,False
Bryan,Mbeumo,Mbeumo,Man Utd,MID,8,119,90,1,0,0,1,0,0,0,0,0,0,2,26,37.6,15.5,39.0,9.2,1,1,0,2,1,0.38,0.32,0.70,2.75,9,False
Kevin,Schade,Schade,Brentford,MID,8,120,90,0,1,1,0,0,0,0,0,0,0,0,19,23.2,13.3,49.0,8.6,3,4,1,8,1,0.32,0.14,0.46,0.33,6,False
Mikkel,Damsgaard,Damsgaard,Brentford,MID,8,121,74,0,0,1,0,0,0,0,0,0,0,0,17,13.8,68.0,23.0,10.5,0,4,0,4,1,0.04,0.25,0.29,0.29,3,False
Antoni,Milambo,Milambo,Brentford,MID,8,122,0,0,0,0,0,0,0,0,0,0,0,0,0,0.0,0.0,0.0,0.0,0,0,0,0,0,0.00,0.00,0.00,0.00,0,False
Fábio,Freitas Gouveia Carvalho,Carvalho,Brentford,MID,8,123,0,0,0,0,0,0,0,0,0,0,0,0,0,0.0,0.0,0.0,0.0,0,0,0,0,0,0.00,0.00,0.00,0.00,0,False
Jordan,Henderson,Henderson,Brentford,MID,8,124,89,0,0,1,0,0,0,0,1,0,0,0,14,6.8,25.6,2.0,3.4,3,6,0,9,1,0.00,0.24,0.24,0.29,2,False
Vitaly,Janelt,Janelt,Brentford,MID,8,125,15,0,0,0,0,0,0,0,0,0,0,0,1,0.4,0.3,0.0,0.1,2,0,0,2,0,0.00,0.00,0.00,0.04,1,False
Mathias,Jensen,Jensen,Brentford,MID,8,126,1,1,0,0,0,0,0,0,0,0,0,0,23,33.0,0.0,17.0,5.0,0,0,0,0,0,0.30,0.00,0.30,0.04,6,False
Gustavo,Nunes Fernandes Gomes,Nunes,Brentford,MID,8,127,0,0,0,0,0,0,0,0,0,0,0,0,0,0.0,0.0,0.0,0.0,0,0,0,0,0,0.00,0.00,0.00,0.00,0,False
Frank,Onyeka,Onyeka,Brentford,MID,8,128,0,0,0,0,0,0,0,0,0,0,0,0,0,0.0,0.0,0.0,0.0,0,0,0,0,0,0.00,0.00,0.00,0.00,0,False
Yehor,Yarmoliuk,Yarmoliuk,Brentford,MID,8,129,90,0,0,1,0,0,0,0,0,0,0,0,18,22.8,39.2,0.0,6.2,3,4,3,10,1,0.00,0.23,0.23,0.33,3,False
Romelle,Donovan,Donovan,Brentford,MID,8,130,0,0,0,0,0,0,0,0,0,0,0,0,0,0.0,0.0,0.0,0.0,0,0,0,0,0,0.00,0.00,0.00,0.00,0,False
Yunus Emre,Konak,Konak,Brentford,MID,8,131,0,0,0,0,0,0,0,0,0,0,0,0,0,0.0,0.0,0.0,0.0,0,0,0,0,0,0.00,0.00,0.00,0.00,0,False
Paris,Maghoma,Maghoma,Brentford,MID,8,132,0,0,0,0,0,0,0,0,0,0,0,0,0,0.0,0.0,0.0,0.0,0,0,0,0,0,0.00,0.00,0.00,0.00,0,False
Myles,Peart-Harris,Peart-Harris,Brentford,MID,8,133,0,0,0,0,0,0,0,0,0,0,0,0,0,0.0,0.0,0.0,0.0,0,0,0,0,0,0.00,0.00,0.00,0.00,0,False
Ryan,Trevitt,Trevitt,Brentford,MID,8,134,0,0,0,0,0,0,0,0,0,0,0,0,0,0.0,0.0,0.0,0.0,0,0,0,0,0,0.00,0.00,0.00,0.00,0,False
Yoane,Wissa,Wissa,Newcastle,FWD,8,135,0,0,0,0,0,0,0,0,0,0,0,0,0,0.0,0.0,0.0,0.0,0,0,0,0,0,0.00,0.00,0.00,0.00,0,False
Igor Thiago,Nascimento Rodrigues,Thiago,Brentford,FWD,8,136,90,1,0,1,0,0,0,0,0,0,0,2,33,43.2,8.9,92.0,14.4,1,3,1,5,1,0.84,0.02,0.86,0.33,8,False
Iwan,Morgan,Morgan,Brentford,FWD,8,137,0,0,0,0,0,0,0,0,0,0,0,0,0,0.0,0.0,0.0,0.0,0,0,0,0,0,0.00,0.00,0.00,0.00,0,False
Jason,Steele,Steele,Brighton,GKP,8,138,0,0,0,0,0,0,0,0,0,0,0,0,0,0.0,0.0,0.0,0.0,0,0,0,0,0,0.00,0.00,0.00,0.00,0,False
Bart,Verbruggen,Verbruggen,Brighton,GKP,8,139,90,0,0,0,1,0,0,0,0,0,2,0,12,19.6,0.0,0.0,2.0,1,10,0,0,1,0.00,0.00,0.00,1.45,2,False
Tom,McGill,McGill,Brighton,GKP,8,140,0,0,0,0,0,0,0,0,0,0,0,0,0,0.0,0.0,0.0,0.0,0,0,0,0,0,0.00,0.00,0.00,0.00,0,False
Carl,Rushworth,Rushworth,Brighton,GKP,8,141,0,0,0,0,0,0,0,0,0,0,0,0,0,0.0,0.0,0.0,0.0,0,0,0,0,0,0.00,0.00,0.00,0.00,0,False
Kjell,Scherpen,Scherpen,Brighton,GKP,8,142,0,0,0,0,0,0,0,0,0,0,0,0,0,0.0,0.0,0.0,0.0,0,0,0,0,0,0.00,0.00,0.00,0.00,0,False
Olivier,Boscagli,Boscagli,Brighton,DEF,8,143,0,0,0,0,0,0,0,0,0,0,0,0,0,0.0,0.0,0.0,0.0,0,0,0,0,0,0.00,0.00,0.00,0.00,0,False
Diego,Coppola,Coppola,Brighton,DEF,8,144,1,0,0,0,0,0,0,0,0,0,0,0,3,2.4,0.0,0.0,0.2,1,0,0,1,0,0.00,0.00,0.00,0.08,1,False
Maxim,De Cuyper,De Cuyper,Brighton,DEF,8,145,54,0,0,0,1,0,0,0,0,0,0,0,3,8.8,6.2,17.0,3.2,2,4,1,3,0,0.02,0.01,0.03,1.27,1,False
Lewis,Dunk,Dunk,Brighton,DEF,8,146,90,0,0,0,1,0,0,0,0,0,0,0,13,15.6,1.2,5.0,2.2,7,2,1,8,1,0.02,0.01,0.03,1.45,2,False
Pervis,Estupiñán Tenorio,Estupiñan,Brighton,DEF,8,147,0,0,0,0,0,0,0,0,0,0,0,0,0,0.0,0.0,0.0,0.0,0,0,0,0,0,0.00,0.00,0.00,0.00,0,False
Ferdi,Kadıoğlu,F.Kadıoğlu,Brighton,DEF,8,148,90,0,0,0,1,0,0,0,0,0,0,0,7,7.4,6.5,8.0,2.2,2,3,0,2,1,0.00,0.34,0.34,1.45,2,False
Igor Julio,dos Santos de Paulo,Igor,West Ham,DEF,8,149,0,0,0,0,0,0,0,0,0,0,0,0,0,0.0,0.0,0.0,0.0,0,0,0,0,0,0.00,0.00,0.00,0.00,0,False
Tariq,Lamptey,Lamptey,Brighton,DEF,8,150,0,0,0,0,0,0,0,0,0,0,0,0,0,0.0,0.0,0.0,0.0,0,0,0,0,0,0.00,0.00,0.00,0.00,0,False
Jan Paul,van Hecke,Van Hecke,Brighton,DEF,8,151,90,0,0,0,1,0,0,0,0,0,0,0,20,43.2,5.4,2.0,5.1,13,5,3,16,1,0.00,0.01,0.01,1.45,4,False
Joël,Veltman,Veltman,Brighton,DEF,8,152,0,0,0,0,0,0,0,0,0,0,0,0,0,0.0,0.0,0.0,0.0,0,0,0,0,0,0.00,0.00,0.00,0.00,0,False
Adam,Webster,Webster,Brighton,DEF,8,153,0,0,0,0,0,0,0,0,0,0,0,0,0,0.0,0.0,0.0,0.0,0,0,0,0,0,0.00,0.00,0.00,0.00,0,False
Eiran,Cashin,Cashin,Brighton,DEF,8,154,0,0,0,0,0,0,0,0,0,0,0,0,0,0.0,0.0,0.0,0.0,0,0,0,0,0,0.00,0.00,0.00,0.00,0,False
Jacob,Slater,Slater,Brighton,DEF,8,155,0,0,0,0,0,0,0,0,0,0,0,0,0,0.0,0.0,0.0,0.0,0,0,0,0,0,0.00,0.00,0.00,0.00,0,False
Charlie,Tasker,Tasker,Brighton,DEF,8,156,0,0,0,0,0,0,0,0,0,0,0,0,0,0.0,0.0,0.0,0.0,0,0,0,0,0,0.00,0.00,0.00,0.00,0,False
Mitoma,Kaoru,Mitoma,Brighton,MID,8,157,0,0,0,0,0,0,0,0,0,0,0,0,0,0.0,0.0,0.0,0.0,0,0,0,0,0,0.00,0.00,0.00,0.00,0,False
Georginio,Rutter,Georginio,Brighton,MID,8,158,70,0,1,1,0,0,0,0,0,0,0,1,25,32.4,25.3,14.0,7.2,2,4,2,8,1,0.05,0.28,0.33,0.70,7,False
Solly,March,March,Brighton,MID,8,159,0,0,0,0,0,0,0,0,0,0,0,0,0,0.0,0.0,0.0,0.0,0,0,0,0,0,0.00,0.00,0.00,0.00,0,False
Yankuba,Minteh,Minteh,Brighton,MID,8,160,89,0,0,0,1,0,0,0,0,0,0,0,12,11.6,19.0,24.0,5.5,1,5,5,11,1,0.11,0.27,0.38,1.37,2,False
Julio,Enciso Espínola,Enciso,Brighton,MID,8,161,0,0,0,0,0,0,0,0,0,0,0,0,0,0.0,0.0,0.0,0.0,0,0,0,0,0,0.00,0.00,0.00,0.00,0,False
Brajan,Gruda,Gruda,Brighton,MID,8,162,0,0,0,0,0,0,0,0,0,0,0,0,0,0.0,0.0,0.0,0.0,0,0,0,0,0,0.00,0.00,0.00,0.00,0,False
Jack,Hinshelwood,Hinshelwood,Brighton,MID,8,163,0,0,0,0,0,0,0,0,0,0,0,0,0,0.0,0.0,0.0,0.0,0,0,0,0,0,0.00,0.00,0.00,0.00,0,False
Matt,O'Riley,O'Riley,Brighton,MID,8,164,0,0,0,0,0,0,0,0,0,0,0,0,0,0.0,0.0,0.0,0.0,0,0,0,0,0,0.00,0.00,0.00,0.00,0,False
Abdallah,Sima,Sima,Brighton,MID,8,165,0,0,0,0,0,0,0,0,0,0,0,0,0,0.0,0.0,0.0,0.0,0,0,0,0,0,0.00,0.00,0.00,0.00,0,False
Yasin,Ayari,Ayari,Brighton,MID,8,166,90,0,0,0,1,0,0,0,0,0,0,0,15,13.6,34.3,11.0,5.9,1,2,2,5,1,0.08,0.02,0.10,1.45,2,False
Carlos,Baleba,Baleba,Brighton,MID,8,167,70,0,0,1,0,0,0,0,0,0,0,0,13,3.8,8.0,3.0,1.5,2,2,1,5,1,0.03,0.12,0.15,0.70,3,False
Facundo,Buonanotte,Buonanotte,Chelsea,MID,8,168,0,0,0,0,0,0,0,0,0,0,0,0,0,0.0,0.0,0.0,0.0,0,0,0,0,0,0.00,0.00,0.00,0.00,0,False
Diego,Gómez Amarilla,Gomez,Brighton,MID,8,169,35,0,0,0,0,0,0,0,0,0,0,0,5,3.6,11.1,8.0,2.3,0,3,1,4,1,0.00,0.01,0.01,0.18,1,False
James,Milner,Milner,Brighton,MID,8,170,19,0,0,0,1,0,0,0,0,0,0,0,1,1.2,0.1,0.0,0.1,2,1,0,3,0,0.00,0.00,0.00,0.75,1,False
Jeremy,Sarmiento Morante,Sarmiento,Brighton,MID,8,171,0,0,0,0,0,0,0,0,0,0,0,0,0,0.0,0.0,0.0,0.0,0,0,0,0,0,0.00,0.00,0.00,0.00,0,False
Tom,Watson,Watson,Brighton,MID,8,172,0,0,0,0,0,0,0,0,0,0,0,0,0,0.0,0.0,0.0,0.0,0,0,0,0,0,0.00,0.00,0.00,0.00,0,False
Mats,Wieffer,Wieffer,Brighton,MID,8,173,90,0,1,0,1,0,0,0,0,0,0,0,23,21.8,2.9,8.0,3.3,5,5,3,13,1,0.03,0.01,0.04,1.45,7,False
Malick,Yalcouyé,Yalcouye,Brighton,MID,8,174,0,0,0,0,0,0,0,0,0,0,0,0,0,0.0,0.0,0.0,0.0,0,0,0,0,0,0.00,0.00,0.00,0.00,0,False
Joe,Knight,Knight,Brighton,MID,8,175,0,0,0,0,0,0,0,0,0,0,0,0,0,0.0,0.0,0.0,0.0,0,0,0,0,0,0.00,0.00,0.00,0.00,0,False
Adrian,Mazilu,Mazilu,Brighton,MID,8,176,0,0,0,0,0,0,0,0,0,0,0,0,0,0.0,0.0,0.0,0.0,0,0,0,0,0,0.00,0.00,0.00,0.00,0,False
Andrew,Moran,Moran,Brighton,MID,8,177,0,0,0,0,0,0,0,0,0,0,0,0,0,0.0,0.0,0.0,0.0,0,0,0,0,0,0.00,0.00,0.00,0.00,0,False
Danny,Welbeck,Welbeck,Brighton,FWD,8,178,89,2,0,0,1,0,0,0,0,0,0,3,69,77.2,33.1,28.0,13.8,0,2,2,4,1,0.58,0.07,0.65,1.37,13,True
Evan,Ferguson,Ferguson,Brighton,FWD,8,179,0,0,0,0,0,0,0,0,0,0,0,0,0,0.0,0.0,0.0,0.0,0,0,0,0,0,0.00,0.00,0.00,0.00,0,False
Stefanos,Tzimas,Tzimas,Brighton,FWD,8,180,19,0,0,0,1,0,0,0,0,0,0,0,2,2.0,0.0,0.0,0.2,1,2,0,3,0,0.00,0.00,0.00,0.75,1,False
Charalampos,Kostoulas,Kostoulas,Brighton,FWD,8,181,1,0,0,0,0,0,0,0,0,0,0,0,3,1.0,0.1,0.0,0.1,0,0,0,0,0,0.00,0.00,0.00,0.08,1,False
James,Trafford,Trafford,Man City,GKP,8,182,0,0,0,0,0,0,0,0,0,0,0,0,0,0.0,0.0,0.0,0.0,0,0,0,0,0,0.00,0.00,0.00,0.00,0,False
Max,Weiß,Weiss,Burnley,GKP,8,183,0,0,0,0,0,0,0,0,0,0,0,0,0,0.0,0.0,0.0,0.0,0,0,0,0,0,0.00,0.00,0.00,0.00,0,False
Etienne,Green,Green,Burnley,GKP,8,184,0,0,0,0,0,0,0,0,0,0,0,0,0,0.0,0.0,0.0,0.0,0,0,0,0,0,0.00,0.00,0.00,0.00,0,False
Václav,Hladký,Hladký,Burnley,GKP,8,185,0,0,0,0,0,0,0,0,0,0,0,0,0,0.0,0.0,0.0,0.0,0,0,0,0,0,0.00,0.00,0.00,0.00,0,False
Connor,Roberts,Roberts,Burnley,DEF,8,186,0,0,0,0,0,0,0,0,0,0,0,0,0,0.0,0.0,0.0,0.0,0,0,0,0,0,0.00,0.00,0.00,0.00,0,False
Kyle,Walker,Walker,Burnley,DEF,8,187,90,0,1,1,0,0,0,0,0,0,0,3,42,37.4,15.0,0.0,5.2,11,8,1,12,1,0.00,0.16,0.16,2.63,14,True
Hannes,Delcroix,Delcroix,Burnley,DEF,8,188,0,0,0,0,0,0,0,0,0,0,0,0,0,0.0,0.0,0.0,0.0,0,0,0,0,0,0.00,0.00,0.00,0.00,0,False
Owen,Dodgson,Dodgson,Burnley,DEF,8,189,0,0,0,0,0,0,0,0,0,0,0,0,0,0.0,0.0,0.0,0.0,0,0,0,0,0,0.00,0.00,0.00,0.00,0,False
Hjalmar,Ekdal,Ekdal,Burnley,DEF,8,190,0,0,0,0,0,0,0,0,0,0,0,0,0,0.0,0.0,0.0,0.0,0,0,0,0,0,0.00,0.00,0.00,0.00,0,False
Maxime,Estève,Estève,Burnley,DEF,8,191,90,0,0,1,0,0,0,0,0,0,0,0,26,25.4,0.3,0.0,2.6,12,3,2,14,1,0.00,0.00,0.00,2.63,8,False
Quilindschy,Hartman,Hartman,Burnley,DEF,8,192,90,0,0,1,0,0,0,0,0,0,0,0,26,16.4,0.9,0.0,1.7,4,2,4,8,1,0.00,0.01,0.01,2.63,6,False
Bashir,Humphreys,Humphreys,Burnley,DEF,8,193,0,0,0,0,0,0,0,0,0,0,0,0,0,0.0,0.0,0.0,0.0,0,0,0,0,0,0.00,0.00,0.00,0.00,0,False
Jordan,Beyer,Jordan,Burnley,DEF,8,194,0,0,0,0,0,0,0,0,0,0,0,0,0,0.0,0.0,0.0,0.0,0,0,0,0,0,0.00,0.00,0.00,0.00,0,False
Lucas,Pires Silva,Lucas Pires,Burnley,DEF,8,195,0,0,0,0,0,0,0,0,0,0,0,0,0,0.0,0.0,0.0,0.0,0,0,0,0,0,0.00,0.00,0.00,0.00,0,False
Shurandy,Sambo,Sambo,Burnley,DEF,8,196,0,0,0,0,0,0,0,0,0,0,0,0,0,0.0,0.0,0.0,0.0,0,0,0,0,0,0.00,0.00,0.00,0.00,0,False
Oliver,Sonne,Sonne,Burnley,DEF,8,197,0,0,0,0,0,0,0,0,0,0,0,0,0,0.0,0.0,0.0,0.0,0,0,0,0,0,0.00,0.00,0.00,0.00,0,False
Axel,Tuanzebe,Tuanzebe,Burnley,DEF,8,198,90,0,0,1,0,0,0,0,0,0,0,0,23,18.4,0.3,0.0,1.9,11,2,0,11,1,0.00,0.00,0.00,2.63,8,False
Joe,Worrall,Worrall,Burnley,DEF,8,199,0,0,0,0,0,0,0,0,0,0,0,0,0,0.0,0.0,0.0,0.0,0,0,0,0,0,0.00,0.00,0.00,0.00,0,False
Jaidon,Anthony,Anthony,Burnley,MID,8,200,82,0,0,1,0,0,0,0,1,0,0,0,2,0.0,1.9,0.0,0.1,1,6,0,7,1,0.00,0.00,0.00,2.29,2,False
Manuel,Benson Hedilazio,Benson,Burnley,MID,8,201,0,0,0,0,0,0,0,0,0,0,0,0,0,0.0,0.0,0.0,0.0,0,0,0,0,0,0.00,0.00,0.00,0.00,0,False
Jacob,Bruun Larsen,Bruun Larsen,Burnley,MID,8,202,57,0,0,0,0,0,0,0,0,0,0,0,4,5.2,2.4,11.0,1.9,0,0,0,0,1,0.03,0.01,0.04,0.58,1,False
Enock,Agyei,Boateng,Burnley,MID,8,203,0,0,0,0,0,0,0,0,0,0,0,0,0,0.0,0.0,0.0,0.0,0,0,0,0,0,0.00,0.00,0.00,0.00,0,False
Darko,Churlinov,Churlinov,Burnley,MID,8,204,0,0,0,0,0,0,0,0,0,0,0,0,0,0.0,0.0,0.0,0.0,0,0,0,0,0,0.00,0.00,0.00,0.00,0,False
Josh,Cullen,Cullen,Burnley,MID,8,205,90,0,0,1,0,0,0,0,0,0,0,0,12,10.4,17.2,0.0,2.8,5,2,0,7,1,0.00,0.02,0.02,2.63,3,False
Marcus,Edwards,Edwards,Burnley,MID,8,206,0,0,0,0,0,0,0,0,0,0,0,0,0,0.0,0.0,0.0,0.0,0,0,0,0,0,0.00,0.00,0.00,0.00,0,False
Hannibal,Mejbri,Hannibal,Burnley,MID,8,207,7,0,0,0,0,0,0,0,1,0,0,0,4,5.0,0.0,0.0,0.5,0,0,3,3,0,0.00,0.00,0.00,0.34,0,False
Luca,Koleosho,Koleosho,Burnley,MID,8,208,0,0,0,0,0,0,0,0,0,0,0,0,0,0.0,0.0,0.0,0.0,0,0,0,0,0,0.00,0.00,0.00,0.00,0,False
Josh,Laurent,Laurent,Burnley,MID,8,209,13,0,0,0,0,0,0,0,0,0,0,0,4,2.0,0.0,0.0,0.2,2,0,0,2,0,0.00,0.00,0.00,1.22,1,False
Loum,Tchaouna,Tchaouna,Burnley,MID,8,210,32,1,0,0,0,0,0,0,0,0,0,0,22,36.2,0.3,7.0,4.4,3,0,0,3,0,0.03,0.00,0.03,2.04,6,False
Aaron,Ramsey,A.Ramsey,Burnley,MID,8,211,0,0,0,0,0,0,0,0,0,0,0,0,0,0.0,0.0,0.0,0.0,0,0,0,0,0,0.00,0.00,0.00,0.00,0,False
Oluwaseun,Adewumi,Adewumi,Burnley,MID,8,212,0,0,0,0,0,0,0,0,0,0,0,0,0,0.0,0.0,0.0,0.0,0,0,0,0,0,0.00,0.00,0.00,0.00,0,False
Jaydon,Banel,Banel,Burnley,MID,8,213,0,0,0,0,0,0,0,0,0,0,0,0,0,0.0,0.0,0.0,0.0,0,0,0,0,0,0.00,0.00,0.00,0.00,0,False
Mike,Trésor Ndayishimiye,Trésor,Burnley,MID,8,214,0,0,0,0,0,0,0,0,0,0,0,0,0,0.0,0.0,0.0,0.0,0,0,0,0,0,0.00,0.00,0.00,0.00,0,False
Zian,Flemming,Flemming,Burnley,FWD,8,215,76,0,0,1,0,0,0,0,0,0,0,0,5,9.4,0.5,0.0,1.0,5,0,1,6,1,0.00,0.00,0.00,1.40,2,False
Zeki,Amdouni,Amdouni,Burnley,FWD,8,216,0,0,0,0,0,0,0,0,0,0,0,0,0,0.0,0.0,0.0,0.0,0,0,0,0,0,0.00,0.00,0.00,0.00,0,False
Lyle,Foster,Foster,Burnley,FWD,8,217,0,0,0,0,0,0,0,0,0,0,0,0,0,0.0,0.0,0.0,0.0,0,0,0,0,0,0.00,0.00,0.00,0.00,0,False
Ashley,Barnes,Barnes,Burnley,FWD,8,218,7,0,0,0,0,0,0,0,0,0,0,0,3,0.2,0.3,0.0,0.1,0,1,0,1,0,0.00,0.00,0.00,0.34,1,False
Michael,Obafemi,Obafemi,Burnley,FWD,8,219,0,0,0,0,0,0,0,0,0,0,0,0,0,0.0,0.0,0.0,0.0,0,0,0,0,0,0.00,0.00,0.00,0.00,0,False
Robert,Lynch Sánchez,Sánchez,Chelsea,GKP,8,220,90,0,0,1,0,0,0,0,1,0,2,0,24,22.4,0.0,0.0,2.2,1,10,0,0,1,0.00,0.01,0.01,2.35,5,False
Filip,Jörgensen,Jörgensen,Chelsea,GKP,8,221,0,0,0,0,0,0,0,0,0,0,0,0,0,0.0,0.0,0.0,0.0,0,0,0,0,0,0.00,0.00,0.00,0.00,0,False
Mike,Penders,Penders,Chelsea,GKP,8,222,0,0,0,0,0,0,0,0,0,0,0,0,0,0.0,0.0,0.0,0.0,0,0,0,0,0,0.00,0.00,0.00,0.00,0,False
Gabriel,Słonina,Slonina,Chelsea,GKP,8,223,0,0,0,0,0,0,0,0,0,0,0,0,0,0.0,0.0,0.0,0.0,0,0,0,0,0,0.00,0.00,0.00,0.00,0,False
Marc,Cucurella Saseta,Cucurella,Chelsea,DEF,8,224,90,0,0,1,0,0,0,0,0,0,0,0,31,25.6,14.8,0.0,4.0,7,4,4,11,1,0.00,0.01,0.01,2.35,8,False
Reece,James,James,Chelsea,DEF,8,225,90,1,1,1,0,0,0,0,0,0,0,3,53,65.4,28.0,26.0,11.9,2,5,1,3,1,0.21,0.03,0.24,2.35,18,True
Trevoh,Chalobah,Chalobah,Chelsea,DEF,8,226,90,0,0,1,0,0,0,0,0,0,0,0,31,15.0,10.5,0.0,2.6,5,5,1,6,1,0.00,0.00,0.00,2.35,6,False
Levi,Samuels Colwill,Colwill,Chelsea,DEF,8,227,0,0,0,0,0,0,0,0,0,0,0,0,0,0.0,0.0,0.0,0.0,0,0,0,0,0,0.00,0.00,0.00,0.00,0,False
Malo,Gusto,Gusto,Chelsea,DEF,8,228,86,0,0,1,0,0,0,0,0,1,0,0,15,0.0,28.6,8.0,3.6,2,3,1,3,1,0.03,0.15,0.18,2.07,3,False
Benoît,Badiashile Mukinayi,B.Badiashile,Chelsea,DEF,8,229,0,0,0,0,0,0,0,0,0,0,0,0,0,0.0,0.0,0.0,0.0,0,0,0,0,0,0.00,0.00,0.00,0.00,0,False
Wesley,Fofana,Fofana,Chelsea,DEF,8,230,0,0,0,0,0,0,0,0,0,0,0,0,0,0.0,0.0,0.0,0.0,0,0,0,0,0,0.00,0.00,0.00,0.00,0,False
Mamadou,Sarr,M.Sarr,Chelsea,DEF,8,231,0,0,0,0,0,0,0,0,0,0,0,0,0,0.0,0.0,0.0,0.0,0,0,0,0,0,0.00,0.00,0.00,0.00,0,False
Tosin,Adarabioyo,Tosin,Chelsea,DEF,8,232,9,0,0,0,0,0,0,0,0,0,0,0,3,0.2,0.0,0.0,0.0,0,0,0,0,0,0.00,0.00,0.00,0.28,1,False
Josh,Acheampong,Acheampong,Chelsea,DEF,8,233,80,1,0,1,0,0,0,0,0,0,0,2,50,47.0,0.5,50.0,9.8,7,6,0,7,1,0.51,0.00,0.51,2.07,14,True
Aarón,Anselmino,Anselmino,Chelsea,DEF,8,234,0,0,0,0,0,0,0,0,0,0,0,0,0,0.0,0.0,0.0,0.0,0,0,0,0,0,0.00,0.00,0.00,0.00,0,False
Cole,Palmer,Palmer,Chelsea,MID,8,235,0,0,0,0,0,0,0,0,0,0,0,0,0,0.0,0.0,0.0,0.0,0,0,0,0,0,0.00,0.00,0.00,0.00,0,False
Pedro,Lomba Neto,Neto,Chelsea,MID,8,236,77,1,1,1,0,0,0,0,0,0,0,1,46,66.6,59.1,29.0,15.5,0,2,0,2,1,0.17,0.73,0.90,2.07,12,True
Enzo,Fernández,Enzo,Chelsea,MID,8,237,0,0,0,0,0,0,0,0,0,0,0,0,0,0.0,0.0,0.0,0.0,0,0,0,0,0,0.00,0.00,0.00,0.00,0,False
Estêvão,Almeida de Oliveira Gonçalves,Estêvão,Chelsea,MID,8,238,12,0,1,0,0,0,0,0,1,0,0,0,9,3.0,0.3,10.0,1.3,1,2,1,4,0,0.08,0.00,0.08,0.28,3,False
Jamie,Bynoe-Gittens,Gittens,Chelsea,MID,8,239,45,0,0,0,0,0,0,0,0,0,0,0,2,4.6,1.2,0.0,0.6,2,2,1,5,0,0.00,0.01,0.01,1.82,1,False
Christopher,Nkunku,Nkunku,Chelsea,MID,8,240,0,0,0,0,0,0,0,0,0,0,0,0,0,0.0,0.0,0.0,0.0,0,0,0,0,0,0.00,0.00,0.00,0.00,0,False
Moisés,Caicedo Corozo,Caicedo,Chelsea,MID,8,241,45,0,0,0,0,0,0,0,0,0,0,0,5,8.6,0.8,0.0,0.9,3,3,0,6,0,0.00,0.01,0.01,1.82,1,False
Kiernan,Dewsbury-Hall,Dewsbury-Hall,Everton,MID,8,242,85,0,0,0,2,0,0,0,0,0,0,0,8,4.0,4.1,0.0,0.8,0,2,1,3,1,0.00,0.03,0.03,1.52,2,False
Tyrique,George,George,Chelsea,MID,8,243,0,0,0,0,0,0,0,0,0,0,0,0,0,0.0,0.0,0.0,0.0,0,0,0,0,0,0.00,0.00,0.00,0.00,0,False
Roméo,Lavia,Lavia,Chelsea,MID,8,244,45,0,0,0,0,0,0,0,0,0,0,0,10,0.0,3.8,0.0,0.3,1,1,1,3,1,0.00,0.01,0.01,0.53,1,False
Mykhailo,Mudryk,Mudryk,Chelsea,MID,8,245,0,0,0,0,0,0,0,0,0,0,0,0,0,0.0,0.0,0.0,0.0,0,0,0,0,0,0.00,0.00,0.00,0.00,0,False
Andrey,Nascimento dos Santos,Andrey Santos,Chelsea,MID,8,246,45,0,0,0,0,0,0,0,0,0,0,0,-2,3.6,0.6,10.0,1.4,1,2,4,7,1,0.29,0.00,0.29,0.53,1,False
Dário,Luís Essugo,D.Essugo,Chelsea,MID,8,247,0,0,0,0,0,0,0,0,0,0,0,0,0,0.0,0.0,0.0,0.0,0,0,0,0,0,0.00,0.00,0.00,0.00,0,False
Kendry,Páez Andrade,Paez,Chelsea,MID,8,248,0,0,0,0,0,0,0,0,0,0,0,0,0,0.0,0.0,0.0,0.0,0,0,0,0,0,0.00,0.00,0.00,0.00,0,False
João Pedro,Junqueira de Jesus,João Pedro,Chelsea,FWD,8,249,90,0,0,1,0,0,0,0,0,0,0,0,11,5.2,27.2,6.0,3.8,0,3,0,3,1,0.04,0.21,0.25,2.35,2,False
Liam,Delap,Delap,Chelsea,FWD,8,250,0,0,0,0,0,0,0,0,0,0,0,0,0,0.0,0.0,0.0,0.0,0,0,0,0,0,0.00,0.00,0.00,0.00,0,False
Nicolas,Jackson,N.Jackson,Chelsea,FWD,8,251,0,0,0,0,0,0,0,0,0,0,0,0,0,0.0,0.0,0.0,0.0,0,0,0,0,0,0.00,0.00,0.00,0.00,0,False
Marc,Guiu Paz,Marc Guiu,Chelsea,FWD,8,252,45,0,0,0,0,0,0,0,0,0,0,0,-6,0.0,1.3,12.0,0.8,1,1,0,2,0,0.34,0.00,0.34,1.82,1,False
Dean,Henderson,Henderson,Crystal Palace,GKP,8,253,90,0,0,0,3,0,0,0,0,0,2,0,1,15.0,0.0,0.0,1.5,0,7,0,0,1,0.00,0.02,0.02,2.03,1,False
Walter,Benítez,Benitez,Crystal Palace,GKP,8,254,0,0,0,0,0,0,0,0,0,0,0,0,0,0.0,0.0,0.0,0.0,0,0,0,0,0,0.00,0.00,0.00,0.00,0,False
Remi,Matthews,Matthews,Crystal Palace,GKP,8,255,0,0,0,0,0,0,0,0,0,0,0,0,0,0.0,0.0,0.0,0.0,0,0,0,0,0,0.00,0.00,0.00,0.00,0,False
Daniel,Muñoz Mejía,Muñoz,Crystal Palace,DEF,8,256,90,0,2,0,3,0,0,0,0,0,0,1,28,39.4,22.4,21.0,8.3,6,3,5,11,1,0.04,0.57,0.61,2.03,10,False
Maxence,Lacroix,Lacroix,Crystal Palace,DEF,8,257,90,0,0,0,3,0,0,0,0,0,0,0,7,17.4,0.7,9.0,2.7,6,7,1,7,1,0.03,0.02,0.05,2.03,1,False
Tyrick,Mitchell,Mitchell,Crystal Palace,DEF,8,258,90,0,0,0,3,0,0,0,0,0,0,0,2,16.6,2.4,9.0,2.8,5,8,2,7,1,0.06,0.02,0.08,2.03,1,False
Borna,Sosa,Sosa,Crystal Palace,DEF,8,259,0,0,0,0,0,0,0,0,0,0,0,0,0,0.0,0.0,0.0,0.0,0,0,0,0,0,0.00,0.00,0.00,0.00,0,False
Marc,Guéhi,Guéhi,Crystal Palace,DEF,8,260,90,0,1,0,3,0,0,0,0,0,0,0,17,15.8,35.3,16.0,6.7,5,5,1,6,1,0.21,0.40,0.61,2.03,4,False
Chris,Richards,Richards,Crystal Palace,DEF,8,261,90,0,0,0,3,0,0,0,0,0,0,0,7,33.0,14.8,7.0,5.5,11,1,4,15,1,0.03,0.16,0.19,2.03,3,False
Chadi,Riad Dnanou,Chadi Riad,Crystal Palace,DEF,8,262,0,0,0,0,0,0,0,0,0,0,0,0,0,0.0,0.0,0.0,0.0,0,0,0,0,0,0.00,0.00,0.00,0.00,0,False
Nathaniel,Clyne,Clyne,Crystal Palace,DEF,8,263,0,0,0,0,0,0,0,0,0,0,0,0,0,0.0,0.0,0.0,0.0,0,0,0,0,0,0.00,0.00,0.00,0.00,0,False
Rob,Holding,Holding,Crystal Palace,DEF,8,264,0,0,0,0,0,0,0,0,0,0,0,0,0,0.0,0.0,0.0,0.0,0,0,0,0,0,0.00,0.00,0.00,0.00,0,False
Caleb,Kporha,Kporha,Crystal Palace,DEF,8,265,0,0,0,0,0,0,0,0,0,0,0,0,0,0.0,0.0,0.0,0.0,0,0,0,0,0,0.00,0.00,0.00,0.00,0,False
Eberechi,Eze,Eze,Arsenal,MID,8,266,61,0,0,1,0,0,0,0,0,0,0,0,9,6.2,21.0,4.0,3.1,1,1,0,2,1,0.01,0.03,0.04,0.40,3,False
Ismaïla,Sarr,Sarr,Crystal Palace,MID,8,267,90,0,0,0,3,0,0,0,0,0,0,0,7,7.0,12.1,17.0,3.6,2,4,1,7,1,0.30,0.01,0.31,2.03,2,False
Cheick,Doucouré,Doucouré,Crystal Palace,MID,8,268,0,0,0,0,0,0,0,0,0,0,0,0,0,0.0,0.0,0.0,0.0,0,0,0,0,0,0.00,0.00,0.00,0.00,0,False
Romain,Esse,Esse,Crystal Palace,MID,8,269,0,0,0,0,0,0,0,0,0,0,0,0,0,0.0,0.0,0.0,0.0,0,0,0,0,0,0.00,0.00,0.00,0.00,0,False
Will,Hughes,Hughes,Crystal Palace,MID,8,270,0,0,0,0,0,0,0,0,0,0,0,0,0,0.0,0.0,0.0,0.0,0,0,0,0,0,0.00,0.00,0.00,0.00,0,False
Daichi,Kamada,Kamada,Crystal Palace,MID,8,271,90,0,0,0,3,0,0,0,0,0,0,0,18,7.6,18.1,2.0,2.8,0,5,4,9,1,0.00,0.28,0.28,2.03,2,False
Jefferson,Lerma Solís,Lerma,Crystal Palace,MID,8,272,0,0,0,0,0,0,0,0,0,0,0,0,0,0.0,0.0,0.0,0.0,0,0,0,0,0,0.00,0.00,0.00,0.00,0,False
Adam,Wharton,Wharton,Crystal Palace,MID,8,273,90,0,0,0,3,0,0,0,0,0,0,0,10,13.6,32.5,4.0,5.0,1,5,2,8,1,0.09,0.34,0.43,2.03,2,False
Asher,Agbinone,Agbinone,Crystal Palace,MID,8,274,0,0,0,0,0,0,0,0,0,0,0,0,0,0.0,0.0,0.0,0.0,0,0,0,0,0,0.00,0.00,0.00,0.00,0,False
Naouirou,Ahamada,Ahamada,Crystal Palace,MID,8,275,0,0,0,0,0,0,0,0,0,0,0,0,0,0.0,0.0,0.0,0.0,0,0,0,0,0,0.00,0.00,0.00,0.00,0,False
Justin,Devenny,Devenny,Crystal Palace,MID,8,276,0,0,0,0,0,0,0,0,0,0,0,0,0,0.0,0.0,0.0,0.0,0,0,0,0,0,0.00,0.00,0.00,0.00,0,False
Malcolm,Ebiowei,Ebiowei,Crystal Palace,MID,8,277,0,0,0,0,0,0,0,0,0,0,0,0,0,0.0,0.0,0.0,0.0,0,0,0,0,0,0.00,0.00,0.00,0.00,0,False
Jesurun,Rak-Sakyi,J.Rak-Sakyi,Crystal Palace,MID,8,278,0,0,0,0,0,0,0,0,0,0,0,0,0,0.0,0.0,0.0,0.0,0,0,0,0,0,0.00,0.00,0.00,0.00,0,False
Matheus,França de Oliveira,M.França,Crystal Palace,MID,8,279,0,0,0,0,0,0,0,0,0,0,0,0,0,0.0,0.0,0.0,0.0,0,0,0,0,0,0.00,0.00,0.00,0.00,0,False
David,Ozoh,Ozoh,Crystal Palace,MID,8,280,0,0,0,0,0,0,0,0,0,0,0,0,0,0.0,0.0,0.0,0.0,0,0,0,0,0,0.00,0.00,0.00,0.00,0,False
Kaden,Rodney,Rodney,Crystal Palace,MID,8,281,0,0,0,0,0,0,0,0,0,0,0,0,0,0.0,0.0,0.0,0.0,0,0,0,0,0,0.00,0.00,0.00,0.00,0,False
Franco,Umeh-Chibueze,Umeh,Crystal Palace,MID,8,282,0,0,0,0,0,0,0,0,0,0,0,0,0,0.0,0.0,0.0,0.0,0,0,0,0,0,0.00,0.00,0.00,0.00,0,False
Jean-Philippe,Mateta,Mateta,Crystal Palace,FWD,8,283,90,3,0,0,3,0,0,0,0,0,0,3,66,103.8,9.1,138.0,25.1,0,2,2,4,1,3.67,0.03,3.70,2.03,17,True
Eddie,Nketiah,Nketiah,Crystal Palace,FWD,8,284,26,0,0,0,1,0,0,0,0,0,0,0,3,3.2,13.5,9.0,2.6,2,1,0,3,0,0.04,0.35,0.39,0.65,1,False
Odsonne,Édouard,Édouard,Crystal Palace,FWD,8,285,0,0,0,0,0,0,0,0,0,0,0,0,0,0.0,0.0,0.0,0.0,0,0,0,0,0,0.00,0.00,0.00,0.00,0,False
Zach,Marsh,Marsh,Crystal Palace,FWD,8,286,0,0,0,0,0,0,0,0,0,0,0,0,0,0.0,0.0,0.0,0.0,0,0,0,0,0,0.00,0.00,0.00,0.00,0,False
Jordan,Pickford,Pickford,Everton,GKP,8,287,90,0,0,0,2,0,0,0,0,0,5,0,14,44.0,0.0,0.0,4.4,1,4,0,0,1,0.00,0.02,0.02,2.39,2,False
Mark,Travers,Travers,Everton,GKP,8,288,0,0,0,0,0,0,0,0,0,0,0,0,0,0.0,0.0,0.0,0.0,0,0,0,0,0,0.00,0.00,0.00,0.00,0,False
Harry,Tyrer,Tyrer,Everton,GKP,8,289,0,0,0,0,0,0,0,0,0,0,0,0,0,0.0,0.0,0.0,0.0,0,0,0,0,0,0.00,0.00,0.00,0.00,0,False
Jarrad,Branthwaite,Branthwaite,Everton,DEF,8,290,0,0,0,0,0,0,0,0,0,0,0,0,0,0.0,0.0,0.0,0.0,0,0,0,0,0,0.00,0.00,0.00,0.00,0,False
James,Tarkowski,Tarkowski,Everton,DEF,8,291,90,0,0,0,2,0,0,0,0,0,0,0,8,27.2,0.0,2.0,2.9,11,1,2,13,1,0.00,0.00,0.00,2.39,3,False
Vitalii,Mykolenko,Mykolenko,Everton,DEF,8,292,90,0,0,0,2,0,0,0,0,0,0,0,-2,8.6,1.4,0.0,1.0,3,3,1,4,1,0.00,0.08,0.08,2.39,1,False
Jake,O'Brien,O'Brien,Everton,DEF,8,293,90,0,0,0,2,0,0,0,0,0,0,0,-1,8.4,11.3,0.0,2.0,4,3,0,4,1,0.00,0.00,0.00,2.39,1,False
Séamus,Coleman,Coleman,Everton,DEF,8,294,0,0,0,0,0,0,0,0,0,0,0,0,0,0.0,0.0,0.0,0.0,0,0,0,0,0,0.00,0.00,0.00,0.00,0,False
Michael,Keane,Keane,Everton,DEF,8,295,90,0,0,0,2,0,0,0,0,0,0,0,1,19.2,0.8,0.0,2.0,6,4,0,6,1,0.00,0.01,0.01,2.39,1,False
Nathan,Patterson,Patterson,Everton,DEF,8,296,0,0,0,0,0,0,0,0,0,0,0,0,0,0.0,0.0,0.0,0.0,0,0,0,0,0,0.00,0.00,0.00,0.00,0,False
Roman,Dixon,Dixon,Everton,DEF,8,297,0,0,0,0,0,0,0,0,0,0,0,0,0,0.0,0.0,0.0,0.0,0,0,0,0,0,0.00,0.00,0.00,0.00,0,False
Reece,Welch,Welch,Everton,DEF,8,298,0,0,0,0,0,0,0,0,0,0,0,0,0,0.0,0.0,0.0,0.0,0,0,0,0,0,0.00,0.00,0.00,0.00,0,False
Iliman,Ndiaye,Ndiaye,Everton,MID,8,299,85,0,0,0,2,0,0,0,0,0,0,0,20,20.4,26.7,23.0,7.0,2,11,4,17,1,0.04,0.56,0.60,1.52,4,False
Dwight,McNeil,McNeil,Everton,MID,8,300,4,0,0,0,0,0,0,0,0,0,0,0,2,0.0,0.2,0.0,0.0,0,0,0,0,0,0.00,0.00,0.00,0.86,1,False
Carlos,Alcaraz Durán,Alcaraz,Everton,MID,8,301,69,0,0,0,2,0,0,0,0,0,0,0,7,0.0,2.8,4.0,0.7,0,3,0,3,1,0.01,0.03,0.04,1.30,2,False
Idrissa Gana,Gueye,Gana,Everton,MID,8,302,69,0,0,0,2,0,0,0,0,0,0,0,11,8.8,3.3,2.0,1.4,2,1,3,6,1,0.00,0.02,0.02,1.30,2,False
James,Garner,Garner,Everton,MID,8,303,90,0,0,0,2,0,0,0,1,0,0,0,11,16.8,2.1,5.0,2.4,9,2,2,13,1,0.12,0.01,0.13,2.39,3,False
Tim,Iroegbunam,Iroegbunam,Everton,MID,8,304,20,0,0,0,0,0,0,0,0,0,0,0,6,11.4,3.4,0.0,1.5,1,1,3,5,0,0.00,0.01,0.01,1.09,1,False
Harrison,Armstrong,Armstrong,Everton,MID,8,305,0,0,0,0,0,0,0,0,0,0,0,0,0,0.0,0.0,0.0,0.0,0,0,0,0,0,0.00,0.00,0.00,0.00,0,False
Callum,Bates,Bates,Everton,MID,8,306,0,0,0,0,0,0,0,0,0,0,0,0,0,0.0,0.0,0.0,0.0,0,0,0,0,0,0.00,0.00,0.00,0.00,0,False
Coby,Ebere,Ebere,Everton,MID,8,307,0,0,0,0,0,0,0,0,0,0,0,0,0,0.0,0.0,0.0,0.0,0,0,0,0,0,0.00,0.00,0.00,0.00,0,False
Isaac,Heath,Heath,Everton,MID,8,308,0,0,0,0,0,0,0,0,0,0,0,0,0,0.0,0.0,0.0,0.0,0,0,0,0,0,0.00,0.00,0.00,0.00,0,False
Jenson,Metcalfe,Metcalfe,Everton,MID,8,309,0,0,0,0,0,0,0,0,0,0,0,0,0,0.0,0.0,0.0,0.0,0,0,0,0,0,0.00,0.00,0.00,0.00,0,False
Thierno,Barry,Barry,Everton,FWD,8,310,15,0,0,0,0,0,0,0,0,0,0,0,3,2.0,0.5,0.0,0.3,1,0,0,1,0,0.00,0.00,0.00,1.05,1,False
Norberto Bercique,Gomes Betuncal,Beto,Everton,FWD,8,311,74,0,0,0,2,0,0,0,0,0,0,0,0,0.2,2.3,15.0,1.8,1,2,1,4,1,0.60,0.01,0.61,1.33,2,False
Youssef,Ramalho Chermiti,Y.Chermiti,Everton,FWD,8,312,0,0,0,0,0,0,0,0,0,0,0,0,0,0.0,0.0,0.0,0.0,0,0,0,0,0,0.00,0.00,0.00,0.00,0,False
Martin,Sherif,Sherif,Everton,FWD,8,313,0,0,0,0,0,0,0,0,0,0,0,0,0,0.0,0.0,0.0,0.0,0,0,0,0,0,0.00,0.00,0.00,0.00,0,False
Bernd,Leno,Leno,Fulham,GKP,8,314,90,0,0,0,1,0,0,0,0,0,4,0,19,36.6,0.0,0.0,3.7,2,14,0,0,1,0.00,0.00,0.00,1.87,3,False
Steven,Benda,Benda,Fulham,GKP,8,315,0,0,0,0,0,0,0,0,0,0,0,0,0,0.0,0.0,0.0,0.0,0,0,0,0,0,0.00,0.00,0.00,0.00,0,False
Antonee,Robinson,Robinson,Fulham,DEF,8,316,0,0,0,0,0,0,0,0,0,0,0,0,0,0.0,0.0,0.0,0.0,0,0,0,0,0,0.00,0.00,0.00,0.00,0,False
Joachim,Andersen,Andersen,Fulham,DEF,8,317,41,0,0,0,0,0,0,0,0,0,0,0,6,11.4,0.2,0.0,1.2,4,3,0,4,1,0.00,0.00,0.00,0.55,1,False
Calvin,Bassey,Bassey,Fulham,DEF,8,318,8,0,0,0,0,0,0,0,0,0,0,0,4,5.6,0.3,2.0,0.8,4,2,0,4,0,0.00,0.00,0.00,0.57,1,False
Timothy,Castagne,Castagne,Fulham,DEF,8,319,90,0,0,0,1,0,0,0,0,0,0,0,10,17.2,0.7,0.0,1.8,5,0,4,9,1,0.00,0.00,0.00,1.87,2,False
Issa,Diop,Diop,Fulham,DEF,8,320,48,0,0,0,1,0,0,0,0,0,0,0,-1,3.2,0.4,4.0,0.8,2,0,0,2,0,0.00,0.00,0.00,1.32,1,False
Jorge,Cuenca Barreno,J.Cuenca,Fulham,DEF,8,321,81,0,0,0,1,0,0,0,0,0,0,0,9,26.0,3.4,2.0,3.1,13,2,0,13,1,0.00,0.00,0.00,1.30,4,False
Kenny,Tete,Tete,Fulham,DEF,8,322,0,0,0,0,0,0,0,0,0,0,0,0,0,0.0,0.0,0.0,0.0,0,0,0,0,0,0.00,0.00,0.00,0.00,0,False
Samuel,Amissah,Amissah,Fulham,DEF,8,323,0,0,0,0,0,0,0,0,0,0,0,0,0,0.0,0.0,0.0,0.0,0,0,0,0,0,0.00,0.00,0.00,0.00,0,False
Alex,Iwobi,Iwobi,Fulham,MID,8,324,90,0,0,0,1,0,0,0,0,0,0,0,22,25.2,47.0,6.0,7.8,5,3,4,12,1,0.00,0.11,0.11,1.87,4,False
Emile,Smith Rowe,Smith Rowe,Fulham,MID,8,325,26,0,0,0,0,0,0,0,0,0,0,0,2,1.0,2.5,0.0,0.4,0,1,0,1,0,0.00,0.00,0.00,0.73,1,False
Adama,Traoré Diarra,Adama,Fulham,MID,8,326,8,0,0,0,0,0,0,0,0,0,0,0,3,1.2,1.8,7.0,1.0,0,1,0,1,0,0.04,0.01,0.05,0.57,1,False
Andreas,Hoelgebaum Pereira,Andreas,Fulham,MID,8,327,0,0,0,0,0,0,0,0,0,0,0,0,0,0.0,0.0,0.0,0.0,0,0,0,0,0,0.00,0.00,0.00,0.00,0,False
Ryan,Sessegnon,Sessegnon,Fulham,MID,8,328,90,0,0,0,1,0,0,0,0,0,0,0,4,1.4,0.7,3.0,0.5,2,4,1,7,1,0.00,0.00,0.00,1.87,2,False
Harry,Wilson,Wilson,Fulham,MID,8,329,81,0,0,0,1,0,0,0,0,0,0,0,7,8.6,21.4,13.0,4.3,5,2,1,8,1,0.23,0.04,0.27,1.30,2,False
Sander,Berge,Berge,Fulham,MID,8,330,90,0,0,0,1,0,0,0,0,0,0,0,13,8.8,11.2,0.0,2.0,1,3,1,5,1,0.00,0.02,0.02,1.87,2,False
Tom,Cairney,Cairney,Fulham,MID,8,331,63,0,0,0,1,0,0,0,0,0,0,0,8,1.6,0.3,4.0,0.6,1,3,1,5,1,0.09,0.00,0.09,1.14,2,False
Saša,Lukić,Lukić,Fulham,MID,8,332,0,0,0,0,0,0,0,0,0,0,0,0,0,0.0,0.0,0.0,0.0,0,0,0,0,0,0.00,0.00,0.00,0.00,0,False
Martial,Godo,Godo,Fulham,MID,8,333,0,0,0,0,0,0,0,0,0,0,0,0,0,0.0,0.0,0.0,0.0,0,0,0,0,0,0.00,0.00,0.00,0.00,0,False
Luke,Harris,Harris,Fulham,MID,8,334,0,0,0,0,0,0,0,0,0,0,0,0,0,0.0,0.0,0.0,0.0,0,0,0,0,0,0.00,0.00,0.00,0.00,0,False
Josh,King,King,Fulham,MID,8,335,62,0,0,0,1,0,0,0,0,0,0,0,7,6.0,0.5,2.0,0.9,1,2,2,5,1,0.03,0.01,0.04,1.14,2,False
Harrison,Reed,Reed,Fulham,MID,8,336,0,0,0,0,0,0,0,0,0,0,0,0,0,0.0,0.0,0.0,0.0,0,0,0,0,0,0.00,0.00,0.00,0.00,0,False
Raúl,Jiménez Rodríguez,Raúl,Fulham,FWD,8,337,90,0,0,0,1,0,0,0,0,0,0,0,9,2.6,1.1,7.0,1.1,0,3,3,6,1,0.05,0.02,0.07,1.87,2,False
Rodrigo,Muniz Carvalho,Muniz,Fulham,FWD,8,338,0,0,0,0,0,0,0,0,0,0,0,0,0,0.0,0.0,0.0,0.0,0,0,0,0,0,0.00,0.00,0.00,0.00,0,False
Illan,Meslier,Meslier,Leeds,GKP,8,339,0,0,0,0,0,0,0,0,0,0,0,0,0,0.0,0.0,0.0,0.0,0,0,0,0,0,0.00,0.00,0.00,0.00,0,False
Alex,Cairns,Cairns,Leeds,GKP,8,340,0,0,0,0,0,0,0,0,0,0,0,0,0,0.0,0.0,0.0,0.0,0,0,0,0,0,0.00,0.00,0.00,0.00,0,False
Karl,Darlow,Darlow,Leeds,GKP,8,341,90,0,0,0,2,0,0,0,0,0,1,0,1,6.4,0.0,0.0,0.6,0,5,0,0,1,0.00,0.00,0.00,0.45,1,False
Jayden,Bogle,Bogle,Leeds,DEF,8,342,90,0,0,0,2,0,0,0,0,0,0,0,0,3.8,7.9,18.0,3.0,2,4,0,2,1,0.47,0.12,0.59,0.45,1,False
Pascal,Struijk,Struijk,Leeds,DEF,8,343,90,0,0,0,2,0,0,0,1,0,0,0,5,20.0,4.2,12.0,3.6,4,1,2,6,1,0.17,0.02,0.19,0.45,0,False
Jaka,Bijol,Bijol,Leeds,DEF,8,344,0,0,0,0,0,0,0,0,0,0,0,0,0,0.0,0.0,0.0,0.0,0,0,0,0,0,0.00,0.00,0.00,0.00,0,False
Sebastiaan,Bornauw,Bornauw,Leeds,DEF,8,345,0,0,0,0,0,0,0,0,0,0,0,0,0,0.0,0.0,0.0,0.0,0,0,0,0,0,0.00,0.00,0.00,0.00,0,False
Sam,Byram,Byram,Leeds,DEF,8,346,0,0,0,0,0,0,0,0,0,0,0,0,0,0.0,0.0,0.0,0.0,0,0,0,0,0,0.00,0.00,0.00,0.00,0,False
Gabriel,Gudmundsson,Gudmundsson,Leeds,DEF,8,347,90,0,0,0,2,0,0,0,0,0,0,0,23,32.0,68.7,6.0,10.7,2,4,2,4,1,0.00,0.56,0.56,0.45,1,False
Joe,Rodon,Rodon,Leeds,DEF,8,348,90,0,0,0,2,0,0,0,0,0,0,0,9,24.0,13.7,21.0,5.9,4,4,1,5,1,0.01,0.04,0.05,0.45,1,False
Isaac,Schmidt,Schmidt,Leeds,DEF,8,349,0,0,0,0,0,0,0,0,0,0,0,0,0,0.0,0.0,0.0,0.0,0,0,0,0,0,0.00,0.00,0.00,0.00,0,False
Brenden,Aaronson,Aaronson,Leeds,MID,8,350,65,0,0,0,1,0,0,0,0,0,0,0,9,16.6,31.3,27.0,7.5,3,3,1,7,1,0.31,0.19,0.50,0.43,2,False
Wilfried,Gnonto,Gnonto,Leeds,MID,8,351,0,0,0,0,0,0,0,0,0,0,0,0,0,0.0,0.0,0.0,0.0,0,0,0,0,0,0.00,0.00,0.00,0.00,0,False
Jack,Harrison,Harrison,Leeds,MID,8,352,65,0,0,0,1,0,0,0,0,0,0,0,12,3.2,17.3,7.0,2.8,2,4,1,7,1,0.13,0.09,0.22,0.43,2,False
Daniel,James,James,Leeds,MID,8,353,24,0,0,0,1,0,0,0,0,0,0,0,7,10.2,28.6,8.0,4.7,0,0,1,1,0,0.00,0.20,0.20,0.03,1,False
Ethan,Ampadu,Ampadu,Leeds,MID,8,354,80,0,0,0,2,0,0,0,0,0,0,0,19,17.6,11.0,4.0,3.3,2,4,5,11,1,0.12,0.05,0.17,0.45,2,False
Sam,Greenwood,Greenwood,Leeds,MID,8,355,0,0,0,0,0,0,0,0,0,0,0,0,0,0.0,0.0,0.0,0.0,0,0,0,0,0,0.00,0.00,0.00,0.00,0,False
Ilia,Gruev,Gruev,Leeds,MID,8,356,0,0,0,0,0,0,0,0,0,0,0,0,0,0.0,0.0,0.0,0.0,0,0,0,0,0,0.00,0.00,0.00,0.00,0,False
Largie,Ramazani,Ramazani,Leeds,MID,8,357,0,0,0,0,0,0,0,0,0,0,0,0,0,0.0,0.0,0.0,0.0,0,0,0,0,0,0.00,0.00,0.00,0.00,0,False
Tanaka,Ao,Tanaka,Leeds,MID,8,358,9,0,0,0,0,0,0,0,0,0,0,0,5,6.0,14.4,0.0,2.0,0,1,0,1,0,0.00,0.04,0.04,0.00,1,False
Charlie,Crew,Crew,Leeds,MID,8,359,0,0,0,0,0,0,0,0,0,0,0,0,0,0.0,0.0,0.0,0.0,0,0,0,0,0,0.00,0.00,0.00,0.00,0,False
Joe,Gelhardt,Gelhardt,Leeds,MID,8,360,0,0,0,0,0,0,0,0,0,0,0,0,0,0.0,0.0,0.0,0.0,0,0,0,0,0,0.00,0.00,0.00,0.00,0,False
Darko,Gyabi,Gyabi,Leeds,MID,8,361,0,0,0,0,0,0,0,0,0,0,0,0,0,0.0,0.0,0.0,0.0,0,0,0,0,0,0.00,0.00,0.00,0.00,0,False
Joël,Piroe,Piroe,Leeds,FWD,8,362,17,0,0,0,0,0,0,0,0,0,0,0,0,0.0,1.3,14.0,1.2,1,1,0,2,0,0.18,0.01,0.19,0.00,1,False
Patrick,Bamford,Bamford,Leeds,FWD,8,363,0,0,0,0,0,0,0,0,0,0,0,0,0,0.0,0.0,0.0,0.0,0,0,0,0,0,0.00,0.00,0.00,0.00,0,False
Mateo,Joseph Fernández-Regatillo,Mateo Joseph,Leeds,FWD,8,364,0,0,0,0,0,0,0,0,0,0,0,0,0,0.0,0.0,0.0,0.0,0,0,0,0,0,0.00,0.00,0.00,0.00,0,False
Lukas,Nmecha,Nmecha,Leeds,FWD,8,365,24,0,0,0,1,0,0,0,0,0,0,0,1,1.2,1.3,30.0,3.3,0,0,0,0,0,0.75,0.02,0.77,0.03,1,False
Alisson,Becker,A.Becker,Liverpool,GKP,8,366,0,0,0,0,0,0,0,0,0,0,0,0,0,0.0,0.0,0.0,0.0,0,0,0,0,0,0.00,0.00,0.00,0.00,0,False
Giorgi,Mamardashvili,Mamardashvili,Liverpool,GKP,8,367,90,0,0,0,2,0,0,0,0,0,2,0,9,14.8,0.0,0.0,1.5,1,9,0,0,1,0.00,0.00,0.00,1.34,1,False
Ármin,Pécsi,Pécsi,Liverpool,GKP,8,368,0,0,0,0,0,0,0,0,0,0,0,0,0,0.0,0.0,0.0,0.0,0,0,0,0,0,0.00,0.00,0.00,0.00,0,False
Freddie,Woodman,Woodman,Liverpool,GKP,8,369,0,0,0,0,0,0,0,0,0,0,0,0,0,0.0,0.0,0.0,0.0,0,0,0,0,0,0.00,0.00,0.00,0.00,0,False
Jeremie,Frimpong,Frimpong,Liverpool,DEF,8,370,5,0,0,0,0,0,0,0,0,0,0,0,8,5.0,14.1,4.0,2.3,0,0,0,0,0,0.00,0.31,0.31,0.43,1,False
Milos,Kerkez,Kerkez,Liverpool,DEF,8,371,90,0,0,0,2,0,0,0,0,0,0,0,11,11.0,18.4,6.0,3.5,4,2,1,5,1,0.00,0.03,0.03,1.34,1,False
Andrew,Robertson,Robertson,Liverpool,DEF,8,372,0,0,0,0,0,0,0,0,0,0,0,0,0,0.0,0.0,0.0,0.0,0,0,0,0,0,0.00,0.00,0.00,0.00,0,False
Virgil,van Dijk,Virgil,Liverpool,DEF,8,373,90,0,0,0,2,0,0,0,0,0,0,0,11,36.4,3.0,23.0,6.2,14,2,1,15,1,0.23,0.02,0.25,1.34,3,False
Ibrahima,Konaté,Konaté,Liverpool,DEF,8,374,90,0,0,0,2,0,0,0,0,0,0,0,11,32.8,14.5,7.0,5.4,9,4,2,11,1,0.01,0.19,0.20,1.34,3,False
Conor,Bradley,Bradley,Liverpool,DEF,8,375,61,0,0,0,1,0,0,0,0,0,0,0,7,8.2,16.1,4.0,2.8,1,1,1,2,1,0.00,0.03,0.03,0.70,2,False
Joe,Gomez,Gomez,Liverpool,DEF,8,376,0,0,0,0,0,0,0,0,0,0,0,0,0,0.0,0.0,0.0,0.0,0,0,0,0,0,0.00,0.00,0.00,0.00,0,False
Konstantinos,Tsimikas,Tsimikas,Liverpool,DEF,8,377,0,0,0,0,0,0,0,0,0,0,0,0,0,0.0,0.0,0.0,0.0,0,0,0,0,0,0.00,0.00,0.00,0.00,0,False
Amara,Nallo,Nallo,Liverpool,DEF,8,378,0,0,0,0,0,0,0,0,0,0,0,0,0,0.0,0.0,0.0,0.0,0,0,0,0,0,0.00,0.00,0.00,0.00,0,False
Rhys,Williams,R.Williams,Liverpool,DEF,8,379,0,0,0,0,0,0,0,0,0,0,0,0,0,0.0,0.0,0.0,0.0,0,0,0,0,0,0.00,0.00,0.00,0.00,0,False
Calvin,Ramsay,Ramsay,Liverpool,DEF,8,380,0,0,0,0,0,0,0,0,0,0,0,0,0,0.0,0.0,0.0,0.0,0,0,0,0,0,0.00,0.00,0.00,0.00,0,False
Mohamed,Salah,M.Salah,Liverpool,MID,8,381,84,0,0,0,2,0,0,0,0,0,0,0,10,9.4,50.3,42.0,10.2,0,1,0,1,1,0.41,0.14,0.55,0.91,2,False
Florian,Wirtz,Wirtz,Liverpool,MID,8,382,28,0,0,0,1,0,0,0,0,0,0,0,6,9.2,33.0,12.0,5.4,0,2,1,3,0,0.00,0.10,0.10,0.64,1,False
Luis,Díaz Marulanda,Luis Díaz,Liverpool,MID,8,383,0,0,0,0,0,0,0,0,0,0,0,0,0,0.0,0.0,0.0,0.0,0,0,0,0,0,0.00,0.00,0.00,0.00,0,False
Cody,Gakpo,Gakpo,Liverpool,MID,8,384,90,1,0,0,2,0,0,0,0,0,0,0,20,31.4,45.1,62.0,13.9,0,2,0,2,1,1.47,0.09,1.56,1.34,7,False
Federico,Chiesa,Chiesa,Liverpool,MID,8,385,18,0,1,0,1,0,0,0,0,0,0,0,17,24.6,11.1,8.0,4.4,1,0,2,3,0,0.07,0.03,0.10,0.59,4,False
Alexis,Mac Allister,Mac Allister,Liverpool,MID,8,386,61,0,0,0,1,0,0,0,0,0,0,0,5,2.4,2.0,11.0,1.5,0,1,0,1,1,0.09,0.02,0.11,0.70,2,False
Dominik,Szoboszlai,Szoboszlai,Liverpool,MID,8,387,90,0,0,0,2,0,0,0,0,0,0,0,20,23.6,45.1,0.0,6.9,3,7,2,12,1,0.00,0.11,0.11,1.34,4,False
Curtis,Jones,C.Jones,Liverpool,MID,8,388,28,0,0,0,1,0,0,0,0,0,0,0,7,6.4,6.2,19.0,3.2,1,4,0,5,0,0.07,0.51,0.58,0.64,1,False
Harvey,Elliott,Elliott,Aston Villa,MID,8,389,0,0,0,0,0,0,0,0,0,0,0,0,0,0.0,0.0,0.0,0.0,0,0,0,0,0,0.00,0.00,0.00,0.00,0,False
Ryan,Gravenberch,Gravenberch,Liverpool,MID,8,390,61,0,0,0,1,0,0,0,0,0,0,0,12,8.6,5.8,0.0,1.4,1,0,3,4,1,0.00,0.02,0.02,0.70,2,False
Ben,Gannon-Doak,Gannon-Doak,Bournemouth,MID,8,391,14,0,0,0,1,0,0,0,0,0,0,0,4,0.2,0.3,0.0,0.1,0,0,0,0,0,0.00,0.01,0.01,1.95,1,False
Endo,Wataru,Endo,Liverpool,MID,8,392,0,0,0,0,0,0,0,0,0,0,0,0,0,0.0,0.0,0.0,0.0,0,0,0,0,0,0.00,0.00,0.00,0.00,0,False
Stefan,Bajčetić Maquieira,Bajcetic,Liverpool,MID,8,393,0,0,0,0,0,0,0,0,0,0,0,0,0,0.0,0.0,0.0,0.0,0,0,0,0,0,0.00,0.00,0.00,0.00,0,False
James,McConnell,McConnell,Liverpool,MID,8,394,0,0,0,0,0,0,0,0,0,0,0,0,0,0.0,0.0,0.0,0.0,0,0,0,0,0,0.00,0.00,0.00,0.00,0,False
Tyler,Morton,Morton,Liverpool,MID,8,395,0,0,0,0,0,0,0,0,0,0,0,0,0,0.0,0.0,0.0,0.0,0,0,0,0,0,0.00,0.00,0.00,0.00,0,False
Trey,Nyoni,Nyoni,Liverpool,MID,8,396,0,0,0,0,0,0,0,0,0,0,0,0,0,0.0,0.0,0.0,0.0,0,0,0,0,0,0.00,0.00,0.00,0.00,0,False
Darwin,Núñez Ribeiro,Darwin,Liverpool,FWD,8,397,0,0,0,0,0,0,0,0,0,0,0,0,0,0.0,0.0,0.0,0.0,0,0,0,0,0,0.00,0.00,0.00,0.00,0,False
Jayden,Danns,Danns,Liverpool,FWD,8,398,0,0,0,0,0,0,0,0,0,0,0,0,0,0.0,0.0,0.0,0.0,0,0,0,0,0,0.00,0.00,0.00,0.00,0,False
Ederson,Santana de Moraes,Ederson M.,Man City,GKP,8,399,0,0,0,0,0,0,0,0,0,0,0,0,0,0.0,0.0,0.0,0.0,0,0,0,0,0,0.00,0.00,0.00,0.00,0,False
Stefan,Ortega Moreno,Ortega Moreno,Man City,GKP,8,400,0,0,0,0,0,0,0,0,0,0,0,0,0,0.0,0.0,0.0,0.0,0,0,0,0,0,0.00,0.00,0.00,0.00,0,False
Marcus,Bettinelli,Bettinelli,Man City,GKP,8,401,0,0,0,0,0,0,0,0,0,0,0,0,0,0.0,0.0,0.0,0.0,0,0,0,0,0,0.00,0.00,0.00,0.00,0,False
Rayan,Aït-Nouri,Aït-Nouri,Man City,DEF,8,402,0,0,0,0,0,0,0,0,0,0,0,0,0,0.0,0.0,0.0,0.0,0,0,0,0,0,0.00,0.00,0.00,0.00,0,False
Joško,Gvardiol,Gvardiol,Man City,DEF,8,403,0,0,0,0,0,0,0,0,0,0,0,0,0,0.0,0.0,0.0,0.0,0,0,0,0,0,0.00,0.00,0.00,0.00,0,False
Manuel,Akanji,Akanji,Man City,DEF,8,404,0,0,0,0,0,0,0,0,0,0,0,0,0,0.0,0.0,0.0,0.0,0,0,0,0,0,0.00,0.00,0.00,0.00,0,False
Nathan,Aké,Aké,Man City,DEF,8,405,90,0,0,1,0,0,0,0,0,0,0,0,26,17.8,3.8,4.0,2.6,4,1,2,6,1,0.09,0.02,0.11,0.81,6,False
Abdukodir,Khusanov,Khusanov,Man City,DEF,8,406,0,0,0,0,0,0,0,0,0,0,0,0,0,0.0,0.0,0.0,0.0,0,0,0,0,0,0.00,0.00,0.00,0.00,0,False
Matheus,Nunes,Matheus N.,Man City,DEF,8,407,90,0,0,1,0,0,0,0,0,0,0,1,32,21.0,35.6,1.0,5.8,3,8,3,6,1,0.02,0.19,0.21,0.81,7,False
Rúben,dos Santos Gato Alves Dias,Rúben,Man City,DEF,8,408,90,0,0,1,0,0,0,0,0,0,0,0,30,28.0,3.0,0.0,3.1,7,6,1,8,1,0.00,0.02,0.02,0.81,6,False
John,Stones,Stones,Man City,DEF,8,409,0,0,0,0,0,0,0,0,0,0,0,0,0,0.0,0.0,0.0,0.0,0,0,0,0,0,0.00,0.00,0.00,0.00,0,False
Rico,Lewis,Lewis,Man City,DEF,8,410,5,0,0,0,0,0,0,0,0,0,0,0,3,0.4,3.7,0.0,0.4,0,0,0,0,0,0.00,0.24,0.24,0.00,1,False
Nico,O'Reilly,O’Reilly,Man City,DEF,8,411,84,0,1,1,0,0,0,0,0,0,0,2,37,23.8,17.8,14.0,5.6,4,2,2,6,1,0.27,0.17,0.44,0.81,11,False
Vitor,de Oliveira Nunes dos Reis,Vitor Reis,Man City,DEF,8,412,0,0,0,0,0,0,0,0,0,0,0,0,0,0.0,0.0,0.0,0.0,0,0,0,0,0,0.00,0.00,0.00,0.00,0,False
Omar,Marmoush,Marmoush,Man City,MID,8,413,0,0,0,0,0,0,0,0,0,0,0,0,0,0.0,0.0,0.0,0.0,0,0,0,0,0,0.00,0.00,0.00,0.00,0,False
Phil,Foden,Foden,Man City,MID,8,414,90,0,0,1,0,0,0,0,0,0,0,0,24,13.0,65.5,7.0,8.6,1,4,2,7,1,0.05,0.59,0.64,0.81,3,False
Sávio,Moreira de Oliveira,Savinho,Man City,MID,8,415,84,0,1,1,0,0,0,0,0,0,0,0,25,34.8,32.8,46.0,11.4,2,2,1,5,1,0.13,0.33,0.46,0.81,6,False
Bernardo,Mota Veiga de Carvalho e Silva,Bernardo,Man City,MID,8,416,31,0,0,0,0,0,0,0,0,0,0,0,13,11.8,16.8,0.0,2.9,1,3,0,4,0,0.00,0.01,0.01,0.15,1,False
Rayan,Cherki,Cherki,Man City,MID,8,417,5,0,0,0,0,0,0,0,0,0,0,0,8,2.6,15.2,5.0,2.3,0,0,0,0,0,0.14,0.01,0.15,0.00,1,False
Jérémy,Doku,Doku,Man City,MID,8,418,58,0,0,0,0,0,0,0,0,0,0,0,9,9.8,36.2,33.0,7.9,0,2,0,2,1,0.36,0.19,0.55,0.66,1,False
Jack,Grealish,Grealish,Everton,MID,8,419,0,0,0,0,0,0,0,0,0,0,0,0,0,0.0,0.0,0.0,0.0,0,0,0,0,0,0.00,0.00,0.00,0.00,0,False
İlkay,Gündoğan,Gündoğan,Man City,MID,8,420,0,0,0,0,0,0,0,0,0,0,0,0,0,0.0,0.0,0.0,0.0,0,0,0,0,0,0.00,0.00,0.00,0.00,0,False
Rodrigo 'Rodri',Hernandez Cascante,Rodrigo,Man City,MID,8,421,0,0,0,0,0,0,0,0,0,0,0,0,0,0.0,0.0,0.0,0.0,0,0,0,0,0,0.00,0.00,0.00,0.00,0,False
Mateo,Kovačić,Kovačić,Man City,MID,8,422,4,0,0,0,0,0,0,0,0,0,0,0,3,2.6,0.8,0.0,0.3,0,0,0,0,0,0.00,0.00,0.00,0.00,1,False
Nico,González Iglesias,N.Gonzalez,Man City,MID,8,423,85,0,0,1,0,0,0,0,0,0,0,0,17,18.6,27.2,6.0,5.2,6,4,2,12,1,0.00,0.05,0.05,0.81,5,False
Oscar,Bobb,Bobb,Man City,MID,8,424,31,0,0,0,0,0,0,0,0,0,0,0,4,3.4,2.2,7.0,1.3,0,0,1,1,0,0.04,0.11,0.15,0.15,1,False
Claudio,Echeverri,Echeverri,Man City,MID,8,425,0,0,0,0,0,0,0,0,0,0,0,0,0,0.0,0.0,0.0,0.0,0,0,0,0,0,0.00,0.00,0.00,0.00,0,False
James,McAtee,McAtee,Nott'm Forest,MID,8,426,0,0,0,0,0,0,0,0,0,0,0,0,0,0.0,0.0,0.0,0.0,0,0,0,0,0,0.00,0.00,0.00,0.00,0,False
Tijjani,Reijnders,Reijnders,Man City,MID,8,427,58,0,0,0,0,0,0,0,0,0,0,0,17,7.8,26.7,17.0,5.2,1,1,1,3,1,0.30,0.08,0.38,0.66,1,False
Sverre,Nypan,Nypan,Man City,MID,8,428,0,0,0,0,0,0,0,0,0,0,0,0,0,0.0,0.0,0.0,0.0,0,0,0,0,0,0.00,0.00,0.00,0.00,0,False
Kalvin,Phillips,Phillips,Man City,MID,8,429,0,0,0,0,0,0,0,0,0,0,0,0,0,0.0,0.0,0.0,0.0,0,0,0,0,0,0.00,0.00,0.00,0.00,0,False
Erling,Haaland,Haaland,Man City,FWD,8,430,90,2,0,1,0,0,0,0,0,0,0,3,62,77.4,1.9,85.0,16.4,2,2,0,4,1,0.98,0.02,1.00,0.81,13,True
Altay,Bayındır,Bayindir,Man Utd,GKP,8,431,0,0,0,0,0,0,0,0,0,0,0,0,0,0.0,0.0,0.0,0.0,0,0,0,0,0,0.00,0.00,0.00,0.00,0,False
André,Onana,Onana,Man Utd,GKP,8,432,0,0,0,0,0,0,0,0,0,0,0,0,0,0.0,0.0,0.0,0.0,0,0,0,0,0,0.00,0.00,0.00,0.00,0,False
Elyh,Harrison,Harrison,Man Utd,GKP,8,433,0,0,0,0,0,0,0,0,0,0,0,0,0,0.0,0.0,0.0,0.0,0,0,0,0,0,0.00,0.00,0.00,0.00,0,False
Tom,Heaton,Heaton,Man Utd,GKP,8,434,0,0,0,0,0,0,0,0,0,0,0,0,0,0.0,0.0,0.0,0.0,0,0,0,0,0,0.00,0.00,0.00,0.00,0,False
Dermot,Mee,Mee,Man Utd,GKP,8,435,0,0,0,0,0,0,0,0,0,0,0,0,0,0.0,0.0,0.0,0.0,0,0,0,0,0,0.00,0.00,0.00,0.00,0,False
Matthijs,de Ligt,De Ligt,Man Utd,DEF,8,436,90,0,0,0,1,0,0,0,0,0,0,0,0,4.2,0.4,9.0,1.4,5,1,0,5,1,0.43,0.00,0.43,2.75,2,False
Lisandro,Martínez,Martinez,Man Utd,DEF,8,437,0,0,0,0,0,0,0,0,0,0,0,0,0,0.0,0.0,0.0,0.0,0,0,0,0,0,0.00,0.00,0.00,0.00,0,False
Noussair,Mazraoui,Mazraoui,Man Utd,DEF,8,438,0,0,0,0,0,0,0,0,0,0,0,0,0,0.0,0.0,0.0,0.0,0,0,0,0,0,0.00,0.00,0.00,0.00,0,False
Diego,León Blanco,D.Leon,Man Utd,DEF,8,439,0,0,0,0,0,0,0,0,0,0,0,0,0,0.0,0.0,0.0,0.0,0,0,0,0,0,0.00,0.00,0.00,0.00,0,False
Diogo,Dalot Teixeira,Dalot,Man Utd,DEF,8,440,90,0,0,0,1,0,0,0,0,0,0,0,12,21.4,15.2,0.0,3.7,8,4,4,12,1,0.00,0.01,0.01,2.75,4,False
Patrick,Dorgu,Dorgu,Man Utd,DEF,8,441,31,0,0,0,1,0,0,0,0,0,0,0,3,11.0,11.0,0.0,2.2,3,2,3,6,0,0.00,0.02,0.02,1.79,1,False
Harry,Maguire,Maguire,Man Utd,DEF,8,442,90,1,0,0,1,0,0,0,0,0,0,1,24,51.6,0.2,21.0,7.3,10,4,0,10,1,0.09,0.01,0.10,2.75,11,False
Luke,Shaw,Shaw,Man Utd,DEF,8,443,84,0,0,0,1,0,0,0,0,0,0,0,4,8.6,1.1,0.0,1.0,5,0,1,6,1,0.00,0.00,0.00,2.44,2,False
Leny,Yoro,Yoro,Man Utd,DEF,8,444,5,0,0,0,0,0,0,0,0,0,0,0,3,4.2,0.1,0.0,0.4,2,0,0,2,0,0.00,0.00,0.00,0.31,1,False
Harry,Amass,Amass,Man Utd,DEF,8,445,0,0,0,0,0,0,0,0,0,0,0,0,0,0.0,0.0,0.0,0.0,0,0,0,0,0,0.00,0.00,0.00,0.00,0,False
Tyler,Fredricson,Fredricson,Man Utd,DEF,8,446,0,0,0,0,0,0,0,0,0,0,0,0,0,0.0,0.0,0.0,0.0,0,0,0,0,0,0.00,0.00,0.00,0.00,0,False
Ayden,Heaven,Heaven,Man Utd,DEF,8,447,0,0,0,0,0,0,0,0,0,0,0,0,0,0.0,0.0,0.0,0.0,0,0,0,0,0,0.00,0.00,0.00,0.00,0,False
Tyrell,Malacia,Malacia,Man Utd,DEF,8,448,0,0,0,0,0,0,0,0,0,0,0,0,0,0.0,0.0,0.0,0.0,0,0,0,0,0,0.00,0.00,0.00,0.00,0,False
Bruno,Borges Fernandes,B.Fernandes,Man Utd,MID,8,449,84,0,1,0,1,0,0,0,0,0,0,3,27,29.2,44.8,9.0,8.3,2,5,1,8,1,0.20,0.12,0.32,2.44,8,False
Matheus,Santos Carneiro da Cunha,Cunha,Man Utd,MID,8,450,90,0,0,0,1,0,0,0,0,0,0,0,7,6.2,4.2,10.0,2.0,3,6,0,9,1,0.08,0.04,0.12,2.75,2,False
Marcus,Rashford,Rashford,Man Utd,MID,8,451,0,0,0,0,0,0,0,0,0,0,0,0,0,0.0,0.0,0.0,0.0,0,0,0,0,0,0.00,0.00,0.00,0.00,0,False
Amad,Diallo,Amad,Man Utd,MID,8,452,58,0,1,0,0,0,0,0,1,0,0,0,15,22.8,25.2,2.0,5.0,2,4,1,7,1,0.00,0.19,0.19,0.96,3,False
Alejandro,Garnacho Ferreyra,Garnacho,Chelsea,MID,8,453,45,0,0,0,0,0,0,0,0,0,0,0,8,2.2,1.9,2.0,0.6,1,3,1,5,1,0.00,0.01,0.01,0.53,1,False
Antony,dos Santos,Antony,Man Utd,MID,8,454,0,0,0,0,0,0,0,0,0,0,0,0,0,0.0,0.0,0.0,0.0,0,0,0,0,0,0.00,0.00,0.00,0.00,0,False
Mason,Mount,Mount,Man Utd,MID,8,455,60,0,0,1,0,0,0,0,0,0,0,0,5,2.4,1.2,11.0,1.5,1,0,1,2,1,0.16,0.00,0.16,1.01,3,False
Jadon,Sancho,Sancho,Aston Villa,MID,8,456,0,0,0,0,0,0,0,0,0,0,0,0,0,0.0,0.0,0.0,0.0,0,0,0,0,0,0.00,0.00,0.00,0.00,0,False
Carlos Henrique,Casimiro,Casemiro,Man Utd,MID,8,457,57,0,0,0,0,0,0,0,1,0,0,0,5,7.6,1.8,0.0,0.9,2,0,3,5,1,0.00,0.00,0.00,0.96,0,False
Kobbie,Mainoo,Mainoo,Man Utd,MID,8,458,5,0,0,0,0,0,0,0,0,0,0,0,3,3.0,0.0,0.0,0.3,1,0,0,1,0,0.00,0.00,0.00,0.31,1,False
Manuel,Ugarte Ribeiro,Ugarte,Man Utd,MID,8,459,32,0,0,0,1,0,0,0,0,0,0,0,5,8.6,1.1,0.0,1.0,5,0,1,6,0,0.00,0.00,0.00,1.79,1,False
Toby,Collyer,Collyer,Man Utd,MID,8,460,0,0,0,0,0,0,0,0,0,0,0,0,0,0.0,0.0,0.0,0.0,0,0,0,0,0,0.00,0.00,0.00,0.00,0,False
Jayce,Fitzgerald,Fitzgerald,Man Utd,MID,8,461,0,0,0,0,0,0,0,0,0,0,0,0,0,0.0,0.0,0.0,0.0,0,0,0,0,0,0.00,0.00,0.00,0.00,0,False
Jack,Fletcher,J.Fletcher,Man Utd,MID,8,462,0,0,0,0,0,0,0,0,0,0,0,0,0,0.0,0.0,0.0,0.0,0,0,0,0,0,0.00,0.00,0.00,0.00,0,False
Sékou,Koné,Kone,Man Utd,MID,8,463,0,0,0,0,0,0,0,0,0,0,0,0,0,0.0,0.0,0.0,0.0,0,0,0,0,0,0.00,0.00,0.00,0.00,0,False
Jack,Moorhouse,Moorhouse,Man Utd,MID,8,464,0,0,0,0,0,0,0,0,0,0,0,0,0,0.0,0.0,0.0,0.0,0,0,0,0,0,0.00,0.00,0.00,0.00,0,False
Rasmus,Højlund,Højlund,Man Utd,FWD,8,465,0,0,0,0,0,0,0,0,0,0,0,0,0,0.0,0.0,0.0,0.0,0,0,0,0,0,0.00,0.00,0.00,0.00,0,False
Joshua,Zirkzee,Zirkzee,Man Utd,FWD,8,466,0,0,0,0,0,0,0,0,0,0,0,0,0,0.0,0.0,0.0,0.0,0,0,0,0,0,0.00,0.00,0.00,0.00,0,False
Chido,Obi,Obi,Man Utd,FWD,8,467,0,0,0,0,0,0,0,0,0,0,0,0,0,0.0,0.0,0.0,0.0,0,0,0,0,0,0.00,0.00,0.00,0.00,0,False
Ethan,Wheatley,Wheatley,Man Utd,FWD,8,468,0,0,0,0,0,0,0,0,0,0,0,0,0,0.0,0.0,0.0,0.0,0,0,0,0,0,0.00,0.00,0.00,0.00,0,False
Nick,Pope,Pope,Newcastle,GKP,8,469,90,0,0,0,2,0,0,0,0,0,3,0,10,20.0,0.0,0.0,2.0,3,14,0,0,1,0.00,0.00,0.00,0.91,2,False
Martin,Dúbravka,Dúbravka,Burnley,GKP,8,470,90,0,0,1,0,0,0,0,0,0,4,2,32,32.6,0.0,0.0,3.3,3,7,0,0,1,0.00,0.00,0.00,2.63,9,True
Mark,Gillespie,Gillespie,Newcastle,GKP,8,471,0,0,0,0,0,0,0,0,0,0,0,0,0,0.0,0.0,0.0,0.0,0,0,0,0,0,0.00,0.00,0.00,0.00,0,False
Odysseas,Vlachodimos,Odysseas,Newcastle,GKP,8,472,0,0,0,0,0,0,0,0,0,0,0,0,0,0.0,0.0,0.0,0.0,0,0,0,0,0,0.00,0.00,0.00,0.00,0,False
Lewis,Hall,Hall,Newcastle,DEF,8,473,0,0,0,0,0,0,0,0,0,0,0,0,0,0.0,0.0,0.0,0.0,0,0,0,0,0,0.00,0.00,0.00,0.00,0,False
Fabian,Schär,Schär,Newcastle,DEF,8,474,0,0,0,0,0,0,0,0,0,0,0,0,0,0.0,0.0,0.0,0.0,0,0,0,0,0,0.00,0.00,0.00,0.00,0,False
Sven,Botman,Botman,Newcastle,DEF,8,475,90,0,0,0,2,0,0,0,0,0,0,0,4,15.6,1.3,12.0,2.9,5,3,1,6,1,0.05,0.01,0.06,0.91,1,False
Dan,Burn,Burn,Newcastle,DEF,8,476,90,0,0,0,2,0,0,0,1,0,0,0,0,23.6,13.6,4.0,4.1,7,5,3,10,1,0.00,0.05,0.05,0.91,2,False
Tino,Livramento,Livramento,Newcastle,DEF,8,477,0,0,0,0,0,0,0,0,0,0,0,0,0,0.0,0.0,0.0,0.0,0,0,0,0,0,0.00,0.00,0.00,0.00,0,False
Kieran,Trippier,Trippier,Newcastle,DEF,8,478,90,0,0,0,2,0,0,0,0,0,0,0,8,15.8,20.8,0.0,3.7,2,1,2,4,1,0.00,0.12,0.12,0.91,1,False
Emil,Krafth,Krafth,Newcastle,DEF,8,479,0,0,0,0,0,0,0,0,0,0,0,0,0,0.0,0.0,0.0,0.0,0,0,0,0,0,0.00,0.00,0.00,0.00,0,False
Jamaal,Lascelles,Lascelles,Newcastle,DEF,8,480,0,0,0,0,0,0,0,0,0,0,0,0,0,0.0,0.0,0.0,0.0,0,0,0,0,0,0.00,0.00,0.00,0.00,0,False
Alex,Murphy,A.Murphy,Newcastle,DEF,8,481,0,0,0,0,0,0,0,0,0,0,0,0,0,0.0,0.0,0.0,0.0,0,0,0,0,0,0.00,0.00,0.00,0.00,0,False
Harrison,Ashby,Ashby,Newcastle,DEF,8,482,0,0,0,0,0,0,0,0,0,0,0,0,0,0.0,0.0,0.0,0.0,0,0,0,0,0,0.00,0.00,0.00,0.00,0,False
Miodrag,Pivaš,Pivas,Newcastle,DEF,8,483,0,0,0,0,0,0,0,0,0,0,0,0,0,0.0,0.0,0.0,0.0,0,0,0,0,0,0.00,0.00,0.00,0.00,0,False
Matt,Targett,Targett,Newcastle,DEF,8,484,0,0,0,0,0,0,0,0,0,0,0,0,0,0.0,0.0,0.0,0.0,0,0,0,0,0,0.00,0.00,0.00,0.00,0,False
Anthony,Gordon,Gordon,Newcastle,MID,8,485,69,0,0,0,1,0,0,0,0,0,0,0,5,10.0,28.4,7.0,4.5,0,2,1,3,1,0.07,0.15,0.22,0.78,2,False
Anthony,Elanga,Elanga,Newcastle,MID,8,486,45,0,0,0,1,0,0,0,0,0,0,0,5,1.6,2.0,0.0,0.4,0,1,1,2,1,0.00,0.02,0.02,0.71,1,False
Harvey,Barnes,Barnes,Newcastle,MID,8,487,20,0,0,0,1,0,0,0,0,0,0,0,6,6.0,4.3,17.0,2.7,0,2,0,2,0,0.03,0.07,0.10,0.14,1,False
Bruno,Guimarães Rodriguez Moura,Bruno G.,Newcastle,MID,8,488,85,0,0,0,2,0,0,0,0,0,0,0,14,14.8,16.5,28.0,5.9,2,4,2,8,1,0.36,0.22,0.58,0.91,2,False
Jacob,Murphy,J.Murphy,Newcastle,MID,8,489,45,0,0,0,1,0,0,0,0,0,0,0,8,7.0,20.1,8.0,3.5,0,1,1,2,0,0.15,0.10,0.25,0.21,1,False
Joelinton Cássio,Apolinário de Lira,Joelinton,Newcastle,MID,8,490,45,0,0,0,1,0,0,0,0,0,0,0,13,10.8,3.8,2.0,1.7,5,3,3,11,1,0.00,0.01,0.01,0.71,1,False
Sandro,Tonali,Tonali,Newcastle,MID,8,491,69,0,0,0,1,0,0,0,0,0,0,0,16,11.0,27.5,2.0,4.1,2,2,1,5,1,0.03,0.28,0.31,0.78,2,False
Antoñito,Cordero Campillo,Antoñito C.,Newcastle,MID,8,492,0,0,0,0,0,0,0,0,0,0,0,0,0,0.0,0.0,0.0,0.0,0,0,0,0,0,0.00,0.00,0.00,0.00,0,False
Sean,Longstaff,Longstaff,Leeds,MID,8,493,90,0,0,0,2,0,0,0,0,0,0,0,21,19.0,67.8,2.0,8.9,2,2,0,4,1,0.00,0.15,0.15,0.45,2,False
Joe,Willock,Willock,Newcastle,MID,8,494,0,0,0,0,0,0,0,0,0,0,0,0,0,0.0,0.0,0.0,0.0,0,0,0,0,0,0.00,0.00,0.00,0.00,0,False
Isaac,Hayden,Hayden,Newcastle,MID,8,495,0,0,0,0,0,0,0,0,0,0,0,0,0,0.0,0.0,0.0,0.0,0,0,0,0,0,0.00,0.00,0.00,0.00,0,False
Garang,Kuol,Kuol,Newcastle,MID,8,496,0,0,0,0,0,0,0,0,0,0,0,0,0,0.0,0.0,0.0,0.0,0,0,0,0,0,0.00,0.00,0.00,0.00,0,False
Lewis,Miley,L.Miley,Newcastle,MID,8,497,45,0,1,0,1,0,0,0,0,0,0,0,22,23.0,22.6,2.0,4.8,0,3,0,3,0,0.00,0.27,0.27,0.21,4,False
Joe,White,White,Newcastle,MID,8,498,0,0,0,0,0,0,0,0,0,0,0,0,0,0.0,0.0,0.0,0.0,0,0,0,0,0,0.00,0.00,0.00,0.00,0,False
Alexander,Isak,Isak,Liverpool,FWD,8,499,71,0,0,0,1,0,0,0,0,0,0,0,4,2.6,2.1,25.0,3.0,1,1,0,2,1,0.33,0.01,0.34,0.74,2,False
William,Osula,Osula,Newcastle,FWD,8,500,4,0,0,0,0,0,0,0,0,0,0,0,2,0.0,0.0,0.0,0.0,0,0,0,0,0,0.00,0.00,0.00,0.00,1,False
Sean,Neave,Neave,Newcastle,FWD,8,501,0,0,0,0,0,0,0,0,0,0,0,0,0,0.0,0.0,0.0,0.0,0,0,0,0,0,0.00,0.00,0.00,0.00,0,False
Matz,Sels,Sels,Nott'm Forest,GKP,8,502,90,0,0,0,3,0,0,0,0,0,3,0,2,17.0,0.0,0.0,1.7,2,7,0,0,1,0.00,0.00,0.00,1.67,2,False
Carlos Miguel,dos Santos Pereira,C.Miguel,Nott'm Forest,GKP,8,503,0,0,0,0,0,0,0,0,0,0,0,0,0,0.0,0.0,0.0,0.0,0,0,0,0,0,0.00,0.00,0.00,0.00,0,False
Matt,Turner,Turner,Nott'm Forest,GKP,8,504,0,0,0,0,0,0,0,0,0,0,0,0,0,0.0,0.0,0.0,0.0,0,0,0,0,0,0.00,0.00,0.00,0.00,0,False
Nikola,Milenković,Milenković,Nott'm Forest,DEF,8,505,90,0,0,0,3,0,0,0,0,0,0,0,2,8.0,1.8,27.0,3.7,2,3,0,2,1,0.31,0.02,0.33,1.67,1,False
Murillo,Costa dos Santos,Murillo,Nott'm Forest,DEF,8,506,73,0,0,0,2,0,0,0,0,0,0,0,5,12.0,1.3,2.0,1.5,6,3,0,6,1,0.00,0.01,0.01,1.41,1,False
Ola,Aina,Aina,Nott'm Forest,DEF,8,507,0,0,0,0,0,0,0,0,0,0,0,0,0,0.0,0.0,0.0,0.0,0,0,0,0,0,0.00,0.00,0.00,0.00,0,False
Neco,Williams,N.Williams,Nott'm Forest,DEF,8,508,90,0,0,0,3,0,0,0,0,0,0,0,-7,9.8,2.8,10.0,2.3,3,3,2,5,1,0.53,0.01,0.54,1.67,1,False
David,Mota Veiga Teixeira do Carmo,David Carmo,Nott'm Forest,DEF,8,509,0,0,0,0,0,0,0,0,0,0,0,0,0,0.0,0.0,0.0,0.0,0,0,0,0,0,0.00,0.00,0.00,0.00,0,False
Jair,Paula da Cunha Filho,Jair Cunha,Nott'm Forest,DEF,8,510,0,0,0,0,0,0,0,0,0,0,0,0,0,0.0,0.0,0.0,0.0,0,0,0,0,0,0.00,0.00,0.00,0.00,0,False
Felipe,Rodrigues da Silva,Morato,Nott'm Forest,DEF,8,511,90,0,0,0,3,0,0,0,1,0,0,0,3,15.6,0.5,0.0,1.6,4,1,3,7,1,0.00,0.00,0.00,1.67,0,False
Omar,Richards,O.Richards,Nott'm Forest,DEF,8,512,0,0,0,0,0,0,0,0,0,0,0,0,0,0.0,0.0,0.0,0.0,0,0,0,0,0,0.00,0.00,0.00,0.00,0,False
Zach,Abbott,Abbott,Nott'm Forest,DEF,8,513,0,0,0,0,0,0,0,0,0,0,0,0,0,0.0,0.0,0.0,0.0,0,0,0,0,0,0.00,0.00,0.00,0.00,0,False
Willy,Boly,Boly,Nott'm Forest,DEF,8,514,0,0,0,0,0,0,0,0,0,0,0,0,0,0.0,0.0,0.0,0.0,0,0,0,0,0,0.00,0.00,0.00,0.00,0,False
Morgan,Gibbs-White,Gibbs-White,Nott'm Forest,MID,8,515,90,0,0,0,3,0,0,0,0,0,0,0,7,0.0,13.7,17.0,3.0,2,4,0,6,1,0.50,0.20,0.70,1.67,2,False
Callum,Hudson-Odoi,Hudson-Odoi,Nott'm Forest,MID,8,516,37,0,0,0,1,0,0,0,0,0,0,0,9,15.2,27.5,2.0,4.5,1,2,1,4,0,0.00,0.48,0.48,0.67,1,False
Elliot,Anderson,Anderson,Nott'm Forest,MID,8,517,90,0,0,0,3,0,0,0,0,0,0,0,17,12.4,37.2,6.0,5.6,2,9,1,12,1,0.00,0.23,0.23,1.67,4,False
João Pedro,Ferreira da Silva,Jota,Nott'm Forest,MID,8,518,0,0,0,0,0,0,0,0,0,0,0,0,0,0.0,0.0,0.0,0.0,0,0,0,0,0,0.00,0.00,0.00,0.00,0,False
Nicolás,Domínguez,Dominguez,Nott'm Forest,MID,8,519,0,0,0,0,0,0,0,0,0,0,0,0,0,0.0,0.0,0.0,0.0,0,0,0,0,0,0.00,0.00,0.00,0.00,0,False
Lewis,O'Brien,O'Brien,Nott'm Forest,MID,8,520,0,0,0,0,0,0,0,0,0,0,0,0,0,0.0,0.0,0.0,0.0,0,0,0,0,0,0.00,0.00,0.00,0.00,0,False
Ibrahim,Sangaré,Sangaré,Nott'm Forest,MID,8,521,90,0,0,0,3,0,0,0,1,0,0,0,13,26.4,16.0,34.0,7.6,3,2,4,9,1,0.25,0.03,0.28,1.67,1,False
Ryan,Yates,Yates,Nott'm Forest,MID,8,522,0,0,0,0,0,0,0,0,0,0,0,0,0,0.0,0.0,0.0,0.0,0,0,0,0,0,0.00,0.00,0.00,0.00,0,False
Eric,da Silva Moreira,Da Silva Moreira,Nott'm Forest,MID,8,523,0,0,0,0,0,0,0,0,0,0,0,0,0,0.0,0.0,0.0,0.0,0,0,0,0,0,0.00,0.00,0.00,0.00,0,False
Marko,Stamenić,Stamenic,Nott'm Forest,MID,8,524,0,0,0,0,0,0,0,0,0,0,0,0,0,0.0,0.0,0.0,0.0,0,0,0,0,0,0.00,0.00,0.00,0.00,0,False
Chris,Wood,Wood,Nott'm Forest,FWD,8,525,16,0,0,0,1,0,0,0,0,0,0,0,5,2.0,0.0,0.0,0.2,0,0,1,1,0,0.00,0.00,0.00,0.27,1,False
Igor Jesus,Maciel da Cruz,Igor Jesus,Nott'm Forest,FWD,8,526,45,0,0,0,3,0,0,0,0,0,0,0,-4,0.0,1.5,15.0,1.5,0,0,1,1,0,0.69,0.01,0.70,1.31,1,False
Taiwo,Awoniyi,Awoniyi,Nott'm Forest,FWD,8,527,45,0,0,0,0,0,0,0,0,0,0,0,5,0.0,10.7,1.0,1.1,0,3,1,4,1,0.08,0.02,0.10,0.37,1,False
Anthony,Patterson,Patterson,Sunderland,GKP,8,528,0,0,0,0,0,0,0,0,0,0,0,0,0,0.0,0.0,0.0,0.0,0,0,0,0,0,0.00,0.00,0.00,0.00,0,False
Simon,Moore,Moore,Sunderland,GKP,8,529,0,0,0,0,0,0,0,0,0,0,0,0,0,0.0,0.0,0.0,0.0,0,0,0,0,0,0.00,0.00,0.00,0.00,0,False
Blondy,Nna Noukeu,Nna Noukeu,Sunderland,GKP,8,530,0,0,0,0,0,0,0,0,0,0,0,0,0,0.0,0.0,0.0,0.0,0,0,0,0,0,0.00,0.00,0.00,0.00,0,False
Daniel,Ballard,Ballard,Sunderland,DEF,8,531,90,0,0,1,0,0,0,0,0,0,0,2,33,31.2,21.3,31.0,8.4,9,1,1,10,1,0.06,0.13,0.19,0.83,10,False
Trai,Hume,Hume,Sunderland,DEF,8,532,90,0,1,1,0,0,0,0,0,0,0,2,33,26.0,20.5,9.0,5.6,4,1,0,4,1,0.24,0.12,0.36,0.83,11,False
Aji,Alese,Alese,Sunderland,DEF,8,533,0,0,0,0,0,0,0,0,0,0,0,0,0,0.0,0.0,0.0,0.0,0,0,0,0,0,0.00,0.00,0.00,0.00,0,False
Joe,Anderson,Anderson,Sunderland,DEF,8,534,0,0,0,0,0,0,0,0,0,0,0,0,0,0.0,0.0,0.0,0.0,0,0,0,0,0,0.00,0.00,0.00,0.00,0,False
Dennis,Cirkin,Cirkin,Sunderland,DEF,8,535,0,0,0,0,0,0,0,0,0,0,0,0,0,0.0,0.0,0.0,0.0,0,0,0,0,0,0.00,0.00,0.00,0.00,0,False
Leo Fuhr,Hjelde,Hjelde,Sunderland,DEF,8,536,0,0,0,0,0,0,0,0,0,0,0,0,0,0.0,0.0,0.0,0.0,0,0,0,0,0,0.00,0.00,0.00,0.00,0,False
Niall,Huggins,Huggins,Sunderland,DEF,8,537,0,0,0,0,0,0,0,0,0,0,0,0,0,0.0,0.0,0.0,0.0,0,0,0,0,0,0.00,0.00,0.00,0.00,0,False
Zak,Johnson,Johnson,Sunderland,DEF,8,538,0,0,0,0,0,0,0,0,0,0,0,0,0,0.0,0.0,0.0,0.0,0,0,0,0,0,0.00,0.00,0.00,0.00,0,False
Luke,O'Nien,O'Nien,Sunderland,DEF,8,539,0,0,0,0,0,0,0,0,0,0,0,0,0,0.0,0.0,0.0,0.0,0,0,0,0,0,0.00,0.00,0.00,0.00,0,False
Timothée,Pembélé,Pembele,Sunderland,DEF,8,540,0,0,0,0,0,0,0,0,0,0,0,0,0,0.0,0.0,0.0,0.0,0,0,0,0,0,0.00,0.00,0.00,0.00,0,False
Reinildo,Mandava,Reinildo,Sunderland,DEF,8,541,0,0,0,0,0,0,0,0,0,0,0,0,0,0.0,0.0,0.0,0.0,0,0,0,0,0,0.00,0.00,0.00,0.00,0,False
Jenson,Seelt,Seelt,Sunderland,DEF,8,542,0,0,0,0,0,0,0,0,0,0,0,0,0,0.0,0.0,0.0,0.0,0,0,0,0,0,0.00,0.00,0.00,0.00,0,False
Simon,Adingra,Adingra,Sunderland,MID,8,543,0,0,0,0,0,0,0,0,0,0,0,0,0,0.0,0.0,0.0,0.0,0,0,0,0,0,0.00,0.00,0.00,0.00,0,False
Habib,Diarra,Diarra,Sunderland,MID,8,544,0,0,0,0,0,0,0,0,0,0,0,0,0,0.0,0.0,0.0,0.0,0,0,0,0,0,0.00,0.00,0.00,0.00,0,False
Patrick,Roberts,Roberts,Sunderland,MID,8,545,0,0,0,0,0,0,0,0,0,0,0,0,0,0.0,0.0,0.0,0.0,0,0,0,0,0,0.00,0.00,0.00,0.00,0,False
Milan,Aleksić,Aleksić,Sunderland,MID,8,546,0,0,0,0,0,0,0,0,0,0,0,0,0,0.0,0.0,0.0,0.0,0,0,0,0,0,0.00,0.00,0.00,0.00,0,False
Enzo,Le Fée,E.Le Fée,Sunderland,MID,8,547,90,0,0,1,0,0,0,0,0,0,0,0,13,26.6,12.8,0.0,3.9,6,4,4,14,1,0.00,0.02,0.02,0.83,5,False
Romaine,Mundle,Mundle,Sunderland,MID,8,548,0,0,0,0,0,0,0,0,0,0,0,0,0,0.0,0.0,0.0,0.0,0,0,0,0,0,0.00,0.00,0.00,0.00,0,False
Dan,Neil,Neil,Sunderland,MID,8,549,1,0,0,0,0,0,0,0,0,0,0,0,3,1.0,0.0,0.0,0.1,1,0,0,1,0,0.00,0.00,0.00,0.10,1,False
Ian,Poveda-Ocampo,Poveda,Sunderland,MID,8,550,0,0,0,0,0,0,0,0,0,0,0,0,0,0.0,0.0,0.0,0.0,0,0,0,0,0,0.00,0.00,0.00,0.00,0,False
Chris,Rigg,Rigg,Sunderland,MID,8,551,75,0,0,1,0,0,0,0,0,0,0,0,7,2.8,10.8,2.0,1.6,0,2,2,4,1,0.00,0.01,0.01,0.34,3,False
Noah,Sadiki,Sadiki,Sunderland,MID,8,552,90,0,0,1,0,0,0,0,0,0,0,0,15,5.8,1.6,5.0,1.2,3,5,0,8,1,0.03,0.01,0.04,0.73,3,False
Chemsdine,Talbi,Talbi,Sunderland,MID,8,553,27,0,1,0,0,0,0,0,0,0,0,0,13,1.2,0.1,0.0,0.1,0,1,0,1,0,0.00,0.00,0.00,0.59,4,False
Abdoullah,Ba,Ba,Sunderland,MID,8,554,0,0,0,0,0,0,0,0,0,0,0,0,0,0.0,0.0,0.0,0.0,0,0,0,0,0,0.00,0.00,0.00,0.00,0,False
Alan,Browne,Browne,Sunderland,MID,8,555,0,0,0,0,0,0,0,0,0,0,0,0,0,0.0,0.0,0.0,0.0,0,0,0,0,0,0.00,0.00,0.00,0.00,0,False
Pierre,Ekwah Elimby,Ekwah,Sunderland,MID,8,556,0,0,0,0,0,0,0,0,0,0,0,0,0,0.0,0.0,0.0,0.0,0,0,0,0,0,0.00,0.00,0.00,0.00,0,False
Harrison,Jones,H.Jones,Sunderland,MID,8,557,0,0,0,0,0,0,0,0,0,0,0,0,0,0.0,0.0,0.0,0.0,0,0,0,0,0,0.00,0.00,0.00,0.00,0,False
Jay,Matete,Matete,Sunderland,MID,8,558,0,0,0,0,0,0,0,0,0,0,0,0,0,0.0,0.0,0.0,0.0,0,0,0,0,0,0.00,0.00,0.00,0.00,0,False
Nectarios,Triantis,Triantis,Sunderland,MID,8,559,0,0,0,0,0,0,0,0,0,0,0,0,0,0.0,0.0,0.0,0.0,0,0,0,0,0,0.00,0.00,0.00,0.00,0,False
Wilson,Isidor,Isidor,Sunderland,FWD,8,560,75,0,0,1,0,0,0,0,0,0,0,0,5,0.0,1.2,6.0,0.6,0,1,1,2,1,0.04,0.00,0.04,0.34,2,False
Eliezer,Mayenda Dossou,Mayenda,Sunderland,FWD,8,561,14,0,0,0,0,0,0,0,0,0,0,0,2,0.2,0.0,2.0,0.2,0,1,0,1,0,0.00,0.00,0.00,0.48,1,False
Ahmed,Abdullahi,Abdullahi,Sunderland,FWD,8,562,0,0,0,0,0,0,0,0,0,0,0,0,0,0.0,0.0,0.0,0.0,0,0,0,0,0,0.00,0.00,0.00,0.00,0,False
Luís Hemir,Silva Semedo,Luís Hemir,Sunderland,FWD,8,563,0,0,0,0,0,0,0,0,0,0,0,0,0,0.0,0.0,0.0,0.0,0,0,0,0,0,0.00,0.00,0.00,0.00,0,False
Nazarii,Rusyn,Rusyn,Sunderland,FWD,8,564,0,0,0,0,0,0,0,0,0,0,0,0,0,0.0,0.0,0.0,0.0,0,0,0,0,0,0.00,0.00,0.00,0.00,0,False
Guglielmo,Vicario,Vicario,Spurs,GKP,8,565,90,0,0,0,2,0,0,0,0,0,0,0,1,5.0,0.0,0.0,0.5,2,7,0,0,1,0.00,0.00,0.00,0.32,1,False
Brandon,Austin,Austin,Spurs,GKP,8,566,0,0,0,0,0,0,0,0,0,0,0,0,0,0.0,0.0,0.0,0.0,0,0,0,0,0,0.00,0.00,0.00,0.00,0,False
Antonín,Kinský,Kinsky,Spurs,GKP,8,567,0,0,0,0,0,0,0,0,0,0,0,0,0,0.0,0.0,0.0,0.0,0,0,0,0,0,0.00,0.00,0.00,0.00,0,False
Pedro,Porro Sauceda,Pedro Porro,Spurs,DEF,8,568,90,0,0,0,2,0,0,0,0,0,0,0,10,14.6,24.1,2.0,4.1,2,6,1,3,1,0.00,0.02,0.02,0.32,1,False
Cristian,Romero,Romero,Spurs,DEF,8,569,0,0,0,0,0,0,0,0,0,0,0,0,0,0.0,0.0,0.0,0.0,0,0,0,0,0,0.00,0.00,0.00,0.00,0,False
Kevin,Danso,Danso,Spurs,DEF,8,570,90,0,0,0,2,0,0,0,1,0,0,0,7,18.8,1.8,0.0,2.1,9,3,0,9,1,0.00,0.02,0.02,0.32,0,False
Ben,Davies,Davies,Spurs,DEF,8,571,0,0,0,0,0,0,0,0,0,0,0,0,0,0.0,0.0,0.0,0.0,0,0,0,0,0,0.00,0.00,0.00,0.00,0,False
Radu,Drăgușin,Dragusin,Spurs,DEF,8,572,0,0,0,0,0,0,0,0,0,0,0,0,0,0.0,0.0,0.0,0.0,0,0,0,0,0,0.00,0.00,0.00,0.00,0,False
Djed,Spence,Spence,Spurs,DEF,8,573,85,0,0,0,2,0,0,0,0,0,0,0,-1,10.0,2.8,2.0,1.5,3,2,2,5,1,0.00,0.02,0.02,0.19,1,False
Destiny,Udogie,Udogie,Spurs,DEF,8,574,0,0,0,0,0,0,0,0,0,0,0,0,0,0.0,0.0,0.0,0.0,0,0,0,0,0,0.00,0.00,0.00,0.00,0,False
Micky,van de Ven,Van de Ven,Spurs,DEF,8,575,90,0,0,0,2,0,0,0,1,0,0,0,3,11.0,1.3,4.0,1.6,4,5,0,4,1,0.10,0.01,0.11,0.32,0,False
Ashley,Phillips,Phillips,Spurs,DEF,8,576,0,0,0,0,0,0,0,0,0,0,0,0,0,0.0,0.0,0.0,0.0,0,0,0,0,0,0.00,0.00,0.00,0.00,0,False
Takai,Kōta,Takai,Spurs,DEF,8,577,0,0,0,0,0,0,0,0,0,0,0,0,0,0.0,0.0,0.0,0.0,0,0,0,0,0,0.00,0.00,0.00,0.00,0,False
Luka,Vušković,Vuskovic,Spurs,DEF,8,578,0,0,0,0,0,0,0,0,0,0,0,0,0,0.0,0.0,0.0,0.0,0,0,0,0,0,0.00,0.00,0.00,0.00,0,False
Son,Heung-min,Son,Spurs,MID,8,579,0,0,0,0,0,0,0,0,0,0,0,0,0,0.0,0.0,0.0,0.0,0,0,0,0,0,0.00,0.00,0.00,0.00,0,False
Brennan,Johnson,Johnson,Spurs,MID,8,580,4,0,0,0,0,0,0,0,0,0,0,0,2,0.0,0.1,4.0,0.4,1,0,0,1,0,0.06,0.00,0.06,0.12,1,False
James,Maddison,Maddison,Spurs,MID,8,581,0,0,0,0,0,0,0,0,0,0,0,0,0,0.0,0.0,0.0,0.0,0,0,0,0,0,0.00,0.00,0.00,0.00,0,False
Mohammed,Kudus,Kudus,Spurs,MID,8,582,90,0,0,0,2,0,0,0,0,0,0,0,6,11.2,40.1,8.0,5.9,1,6,2,9,1,0.00,0.07,0.07,0.32,2,False
Dejan,Kulusevski,Kulusevski,Spurs,MID,8,583,0,0,0,0,0,0,0,0,0,0,0,0,0,0.0,0.0,0.0,0.0,0,0,0,0,0,0.00,0.00,0.00,0.00,0,False
Mathys,Tel,Tel,Spurs,MID,8,584,59,0,0,0,1,0,0,0,0,0,0,0,-2,0.0,0.8,8.0,0.8,0,4,1,5,1,0.00,0.01,0.01,0.12,1,False
Rodrigo,Bentancur,Bentancur,Spurs,MID,8,585,85,1,0,0,2,0,0,0,0,0,0,3,36,55.2,12.6,19.0,8.7,6,3,3,12,1,0.12,0.01,0.13,0.19,12,True
Lucas,Bergvall,Bergvall,Spurs,MID,8,586,11,0,0,0,0,0,0,0,0,0,0,0,3,4.2,1.4,0.0,0.6,1,0,2,3,0,0.00,0.00,0.00,0.12,1,False
Yves,Bissouma,Bissouma,Spurs,MID,8,587,0,0,0,0,0,0,0,0,0,0,0,0,0,0.0,0.0,0.0,0.0,0,0,0,0,0,0.00,0.00,0.00,0.00,0,False
Wilson,Odobert,Odobert,Spurs,MID,8,588,78,0,0,0,2,0,0,0,0,0,0,0,7,8.0,16.5,41.0,6.6,1,3,0,4,1,0.26,0.16,0.42,0.19,2,False
Manor,Solomon,Solomon,Spurs,MID,8,589,0,0,0,0,0,0,0,0,0,0,0,0,0,0.0,0.0,0.0,0.0,0,0,0,0,0,0.00,0.00,0.00,0.00,0,False
Bryan,Gil Salvatierra,Bryan,Spurs,MID,8,590,0,0,0,0,0,0,0,0,0,0,0,0,0,0.0,0.0,0.0,0.0,0,0,0,0,0,0.00,0.00,0.00,0.00,0,False
Archie,Gray,Gray,Spurs,MID,8,591,0,0,0,0,0,0,0,0,0,0,0,0,0,0.0,0.0,0.0,0.0,0,0,0,0,0,0.00,0.00,0.00,0.00,0,False
Mikey,Moore,Moore,Spurs,MID,8,592,0,0,0,0,0,0,0,0,0,0,0,0,0,0.0,0.0,0.0,0.0,0,0,0,0,0,0.00,0.00,0.00,0.00,0,False
Pape Matar,Sarr,P.M.Sarr,Spurs,MID,8,593,4,0,0,0,0,0,0,0,0,0,0,0,1,0.0,0.0,0.0,0.0,0,1,0,1,0,0.00,0.00,0.00,0.12,1,False
Yang,Min-hyeok,Min-hyeok,Spurs,MID,8,594,0,0,0,0,0,0,0,0,0,0,0,0,0,0.0,0.0,0.0,0.0,0,0,0,0,0,0.00,0.00,0.00,0.00,0,False
Callum,Olusesi,Olusesi,Spurs,MID,8,595,0,0,0,0,0,0,0,0,0,0,0,0,0,0.0,0.0,0.0,0.0,0,0,0,0,0,0.00,0.00,0.00,0.00,0,False
Dominic,Solanke-Mitchell,Solanke,Spurs,FWD,8,596,0,0,0,0,0,0,0,0,0,0,0,0,0,0.0,0.0,0.0,0.0,0,0,0,0,0,0.00,0.00,0.00,0.00,0,False
Richarlison,de Andrade,Richarlison,Spurs,FWD,8,597,30,0,0,0,1,0,0,0,0,0,0,0,4,4.2,10.6,4.0,1.9,1,1,0,2,0,0.00,0.11,0.11,0.19,1,False
Will,Lankshear,Lankshear,Spurs,FWD,8,598,0,0,0,0,0,0,0,0,0,0,0,0,0,0.0,0.0,0.0,0.0,0,0,0,0,0,0.00,0.00,0.00,0.00,0,False
Dane,Scarlett,Scarlett,Spurs,FWD,8,599,0,0,0,0,0,0,0,0,0,0,0,0,0,0.0,0.0,0.0,0.0,0,0,0,0,0,0.00,0.00,0.00,0.00,0,False
Alphonse,Areola,Areola,West Ham,GKP,8,600,90,0,0,0,2,0,0,0,0,0,4,0,14,34.6,0.0,0.0,3.5,0,12,0,0,1,0.00,0.00,0.00,2.31,2,False
Wes,Foderingham,Foderingham,West Ham,GKP,8,601,0,0,0,0,0,0,0,0,0,0,0,0,0,0.0,0.0,0.0,0.0,0,0,0,0,0,0.00,0.00,0.00,0.00,0,False
Krisztián,Hegyi,Hegyi,West Ham,GKP,8,602,0,0,0,0,0,0,0,0,0,0,0,0,0,0.0,0.0,0.0,0.0,0,0,0,0,0,0.00,0.00,0.00,0.00,0,False
El Hadji Malick,Diouf,Diouf,West Ham,DEF,8,603,45,0,0,0,1,0,0,0,0,0,0,0,1,6.6,1.8,0.0,0.8,2,0,2,4,0,0.00,0.01,0.01,0.84,1,False
Emerson,Palmieri dos Santos,Emerson,West Ham,DEF,8,604,0,0,0,0,0,0,0,0,0,0,0,0,0,0.0,0.0,0.0,0.0,0,0,0,0,0,0.00,0.00,0.00,0.00,0,False
Maximilian,Kilman,Kilman,West Ham,DEF,8,605,90,0,0,0,2,0,0,0,0,0,0,0,9,34.0,0.7,0.0,3.5,14,2,0,14,1,0.00,0.00,0.00,2.31,3,False
Konstantinos,Mavropanos,Mavropanos,West Ham,DEF,8,606,45,0,0,0,1,0,0,0,0,0,0,0,2,10.8,0.0,0.0,1.1,4,4,0,4,0,0.00,0.00,0.00,0.50,1,False
Nayef,Aguerd,N.Aguerd,West Ham,DEF,8,607,0,0,0,0,0,0,0,0,0,0,0,0,0,0.0,0.0,0.0,0.0,0,0,0,0,0,0.00,0.00,0.00,0.00,0,False
Ollie,Scarles,Scarles,West Ham,DEF,8,608,45,0,0,0,1,0,0,0,0,0,0,0,4,8.0,1.0,0.0,0.9,4,0,1,5,1,0.00,0.01,0.01,1.46,1,False
Jean-Clair,Todibo,Todibo,West Ham,DEF,8,609,90,0,0,0,2,0,0,0,0,0,0,0,11,18.4,0.7,2.0,2.1,5,4,3,8,1,0.00,0.00,0.00,2.31,1,False
Aaron,Wan-Bissaka,Wan-Bissaka,West Ham,DEF,8,610,45,0,0,0,1,0,0,0,0,0,0,0,3,7.6,5.6,2.0,1.5,2,2,2,4,0,0.00,0.01,0.01,0.84,1,False
Kaelan,Casey,Casey,West Ham,DEF,8,611,0,0,0,0,0,0,0,0,0,0,0,0,0,0.0,0.0,0.0,0.0,0,0,0,0,0,0.00,0.00,0.00,0.00,0,False
Lucas,Tolentino Coelho de Lima,L.Paquetá,West Ham,MID,8,612,90,0,0,0,2,0,0,0,0,0,0,0,6,8.0,6.6,3.0,1.8,3,4,2,9,1,0.04,0.08,0.12,2.31,2,False
Tomáš,Souček,Souček,West Ham,MID,8,613,70,0,0,0,1,0,0,0,0,0,0,0,11,15.2,10.9,5.0,3.1,7,2,1,10,1,0.11,0.01,0.12,1.93,2,False
James,Ward-Prowse,Ward-Prowse,West Ham,MID,8,614,0,0,0,0,0,0,0,0,0,0,0,0,0,0.0,0.0,0.0,0.0,0,0,0,0,0,0.00,0.00,0.00,0.00,0,False
Crysencio,Summerville,Summerville,West Ham,MID,8,615,90,0,0,0,2,0,0,0,1,0,0,0,6,2.4,13.3,11.0,2.7,0,3,1,4,1,0.06,0.04,0.10,2.31,1,False
Edson,Álvarez Velázquez,Álvarez,West Ham,MID,8,616,0,0,0,0,0,0,0,0,0,0,0,0,0,0.0,0.0,0.0,0.0,0,0,0,0,0,0.00,0.00,0.00,0.00,0,False
Maxwel,Cornet,Cornet,West Ham,MID,8,617,0,0,0,0,0,0,0,0,0,0,0,0,0,0.0,0.0,0.0,0.0,0,0,0,0,0,0.00,0.00,0.00,0.00,0,False
Guido,Rodríguez,G.Rodriguez,West Ham,MID,8,618,19,0,0,0,1,0,0,0,0,0,0,0,3,1.2,0.2,0.0,0.1,1,0,0,1,0,0.00,0.00,0.00,0.37,1,False
Luis Guilherme,Lira dos Santos,L.Guilherme,West Ham,MID,8,619,0,0,0,0,0,0,0,0,0,0,0,0,0,0.0,0.0,0.0,0.0,0,0,0,0,0,0.00,0.00,0.00,0.00,0,False
George,Earthy,Earthy,West Ham,MID,8,620,0,0,0,0,0,0,0,0,0,0,0,0,0,0.0,0.0,0.0,0.0,0,0,0,0,0,0.00,0.00,0.00,0.00,0,False
Andy,Irving,Irving,West Ham,MID,8,621,60,0,0,0,1,0,0,0,0,0,0,0,15,10.6,16.8,2.0,2.9,0,7,2,9,1,0.00,0.02,0.02,1.71,2,False
Lewis,Orford,Orford,West Ham,MID,8,622,0,0,0,0,0,0,0,0,0,0,0,0,0,0.0,0.0,0.0,0.0,0,0,0,0,0,0.00,0.00,0.00,0.00,0,False
Freddie,Potts,Potts,West Ham,MID,8,623,0,0,0,0,0,0,0,0,0,0,0,0,0,0.0,0.0,0.0,0.0,0,0,0,0,0,0.00,0.00,0.00,0.00,0,False
Jarrod,Bowen,Bowen,West Ham,FWD,8,624,90,0,0,0,2,0,0,0,0,0,0,0,19,14.0,15.3,19.0,4.8,3,3,1,7,1,0.08,0.01,0.09,2.31,2,False
Niclas,Füllkrug,Füllkrug,West Ham,FWD,8,625,0,0,0,0,0,0,0,0,0,0,0,0,0,0.0,0.0,0.0,0.0,0,0,0,0,0,0.00,0.00,0.00,0.00,0,False
Callum,Marshall,Marshall,West Ham,FWD,8,626,29,0,0,0,1,0,0,0,0,0,0,0,2,0.0,0.1,0.0,0.0,0,0,0,0,0,0.00,0.00,0.00,0.59,1,False
Sam,Johnstone,Johnstone,Wolves,GKP,8,627,90,0,0,0,2,0,0,0,0,0,1,0,3,12.8,0.1,0.0,1.3,1,7,0,0,1,0.00,0.01,0.01,0.65,1,False
José,Malheiro de Sá,José Sá,Wolves,GKP,8,628,0,0,0,0,0,0,0,0,0,0,0,0,0,0.0,0.0,0.0,0.0,0,0,0,0,0,0.00,0.00,0.00,0.00,0,False
Daniel,Bentley,Bentley,Wolves,GKP,8,629,0,0,0,0,0,0,0,0,0,0,0,0,0,0.0,0.0,0.0,0.0,0,0,0,0,0,0.00,0.00,0.00,0.00,0,False
Tom,King,King,Everton,GKP,8,630,0,0,0,0,0,0,0,0,0,0,0,0,0,0.0,0.0,0.0,0.0,0,0,0,0,0,0.00,0.00,0.00,0.00,0,False
Emmanuel,Agbadou,Agbadou,Wolves,DEF,8,631,0,0,0,0,0,0,0,0,0,0,0,0,0,0.0,0.0,0.0,0.0,0,0,0,0,0,0.00,0.00,0.00,0.00,0,False
Matt,Doherty,Doherty,Wolves,DEF,8,632,66,0,0,0,1,0,0,0,0,0,0,0,13,19.2,12.7,0.0,3.2,8,2,1,9,1,0.00,0.01,0.01,0.65,2,False
Hugo,Bueno López,H.Bueno,Wolves,DEF,8,633,90,0,0,0,2,0,0,0,0,0,0,0,9,20.8,38.0,4.0,6.3,3,3,1,4,1,0.00,0.30,0.30,0.65,1,False
Yerson,Mosquera Valdelamar,Mosquera,Wolves,DEF,8,634,0,0,0,0,0,0,0,0,0,0,0,0,0,0.0,0.0,0.0,0.0,0,0,0,0,0,0.00,0.00,0.00,0.00,0,False
Rodrigo,Martins Gomes,R.Gomes,Wolves,DEF,8,635,76,0,0,0,1,0,0,0,0,0,0,0,1,1.4,4.1,10.0,1.6,2,3,0,2,1,0.06,0.05,0.11,0.65,2,False
Santiago,Ignacio Bueno,S.Bueno,Wolves,DEF,8,636,90,0,0,0,2,0,0,0,0,0,0,0,9,21.4,12.3,8.0,4.2,4,0,4,8,1,0.00,0.36,0.36,0.65,1,False
Toti,Gomes,Toti,Wolves,DEF,8,637,0,0,0,0,0,0,0,0,0,0,0,0,0,0.0,0.0,0.0,0.0,0,0,0,0,0,0.00,0.00,0.00,0.00,0,False
Ki-Jana,Hoever,Hoever,Wolves,DEF,8,638,23,0,0,0,1,0,0,0,0,0,0,0,3,10.0,4.6,7.0,2.2,3,2,0,3,0,0.02,0.01,0.03,0.00,1,False
Bastien,Meupiyou Menadjou,Meupiyou,Wolves,DEF,8,639,0,0,0,0,0,0,0,0,0,0,0,0,0,0.0,0.0,0.0,0.0,0,0,0,0,0,0.00,0.00,0.00,0.00,0,False
Pedro,Cardoso de Lima,Pedro Lima,Wolves,DEF,8,640,0,0,0,0,0,0,0,0,0,0,0,0,0,0.0,0.0,0.0,0.0,0,0,0,0,0,0.00,0.00,0.00,0.00,0,False
Alfie,Pond,Pond,Wolves,DEF,8,641,0,0,0,0,0,0,0,0,0,0,0,0,0,0.0,0.0,0.0,0.0,0,0,0,0,0,0.00,0.00,0.00,0.00,0,False
Hwang,Hee-chan,Hee Chan,Wolves,MID,8,642,0,0,0,0,0,0,0,0,0,0,0,0,0,0.0,0.0,0.0,0.0,0,0,0,0,0,0.00,0.00,0.00,0.00,0,False
André,Trindade da Costa Neto,André,Wolves,MID,8,643,90,0,0,0,2,0,0,0,0,0,0,0,16,18.0,6.2,1.0,2.5,5,8,1,14,1,0.02,0.02,0.04,0.65,4,False
Jean-Ricner,Bellegarde,Bellegarde,Wolves,MID,8,644,0,0,0,0,0,0,0,0,0,0,0,0,0,0.0,0.0,0.0,0.0,0,0,0,0,0,0.00,0.00,0.00,0.00,0,False
Fer,López González,Fer López,Wolves,MID,8,645,14,0,0,0,1,0,0,0,0,0,0,0,1,0.0,1.3,7.0,0.8,0,0,0,0,0,0.03,0.02,0.05,0.00,1,False
João Victor,Gomes da Silva,Gomes,Wolves,MID,8,646,75,0,0,0,1,0,0,0,0,0,0,0,18,14.2,22.7,9.0,4.6,5,2,3,10,1,0.10,0.12,0.22,0.65,2,False
Gonçalo Manuel,Ganchinho Guedes,Guedes,Wolves,MID,8,647,0,0,0,0,0,0,0,0,0,0,0,0,0,0.0,0.0,0.0,0.0,0,0,0,0,0,0.00,0.00,0.00,0.00,0,False
Marshall,Munetsi,Munetsi,Wolves,MID,8,648,90,0,0,0,2,0,0,0,0,0,0,0,14,18.6,15.1,30.0,6.4,7,2,3,12,1,0.13,0.18,0.31,0.65,4,False
Boubacar,Traoré,B.Traore,Wolves,MID,8,649,0,0,0,0,0,0,0,0,0,0,0,0,0,0.0,0.0,0.0,0.0,0,0,0,0,0,0.00,0.00,0.00,0.00,0,False
Tawanda,Chirewa,Chirewa,Wolves,MID,8,650,0,0,0,0,0,0,0,0,0,0,0,0,0,0.0,0.0,0.0,0.0,0,0,0,0,0,0.00,0.00,0.00,0.00,0,False
Tom,Edozie,Edozie,Wolves,MID,8,651,0,0,0,0,0,0,0,0,0,0,0,0,0,0.0,0.0,0.0,0.0,0,0,0,0,0,0.00,0.00,0.00,0.00,0,False
Enso,González Medina,Gonzalez,Wolves,MID,8,652,0,0,0,0,0,0,0,0,0,0,0,0,0,0.0,0.0,0.0,0.0,0,0,0,0,0,0.00,0.00,0.00,0.00,0,False
Joe,Hodge,Hodge,Wolves,MID,8,653,0,0,0,0,0,0,0,0,0,0,0,0,0,0.0,0.0,0.0,0.0,0,0,0,0,0,0.00,0.00,0.00,0.00,0,False
Jørgen,Strand Larsen,Strand Larsen,Wolves,FWD,8,654,90,0,0,0,2,0,0,0,0,0,0,0,5,3.6,22.1,10.0,3.6,1,1,0,2,1,0.04,0.07,0.11,0.65,2,False
Fábio,Soares Silva,Fábio Silva,Wolves,FWD,8,655,0,0,0,0,0,0,0,0,0,0,0,0,0,0.0,0.0,0.0,0.0,0,0,0,0,0,0.00,0.00,0.00,0.00,0,False
Saša,Kalajdžić,Kalajdžić,Wolves,FWD,8,656,0,0,0,0,0,0,0,0,0,0,0,0,0,0.0,0.0,0.0,0.0,0,0,0,0,0,0.00,0.00,0.00,0.00,0,False
Leon,Chiwome,Chiwome,Wolves,FWD,8,657,0,0,0,0,0,0,0,0,0,0,0,0,0,0.0,0.0,0.0,0.0,0,0,0,0,0,0.00,0.00,0.00,0.00,0,False
Nathan,Fraser,Fraser,Wolves,FWD,8,658,0,0,0,0,0,0,0,0,0,0,0,0,0,0.0,0.0,0.0,0.0,0,0,0,0,0,0.00,0.00,0.00,0.00,0,False
Kyle,Walker-Peters,Walker-Peters,West Ham,DEF,8,659,45,0,0,0,1,0,0,0,0,0,0,0,0,4.0,0.8,0.0,0.5,4,1,0,4,1,0.00,0.00,0.00,1.46,1,False
Anton,Stach,Stach,Leeds,MID,8,660,72,0,0,0,2,0,0,0,0,0,0,0,9,2.6,5.8,11.0,1.9,1,2,0,3,1,0.15,0.04,0.19,0.45,2,False
Hugo,Ekitiké,Ekitiké,Liverpool,FWD,8,661,28,0,0,0,1,0,0,0,0,0,0,0,-1,0.0,1.9,11.0,0.9,0,0,0,0,0,0.07,0.00,0.07,0.64,1,False
Cristhian,Mosquera,Mosquera,Arsenal,DEF,8,662,0,0,0,0,0,0,0,0,0,0,0,0,0,0.0,0.0,0.0,0.0,0,0,0,0,0,0.00,0.00,0.00,0.00,0,False
Jhon,Arias,J.Arias,Wolves,MID,8,663,76,0,0,0,1,0,0,0,0,0,0,0,17,9.8,15.9,8.0,3.4,2,5,2,9,1,0.04,0.04,0.08,0.65,2,False
Benjamin,Lecomte,Lecomte,Fulham,GKP,8,664,0,0,0,0,0,0,0,0,0,0,0,0,0,0.0,0.0,0.0,0.0,0,0,0,0,0,0.00,0.00,0.00,0.00,0,False
Lucas Estella,Perri,Perri,Leeds,GKP,8,665,0,0,0,0,0,0,0,0,0,0,0,0,0,0.0,0.0,0.0,0.0,0,0,0,0,0,0.00,0.00,0.00,0.00,0,False
Viktor,Gyökeres,Gyökeres,Arsenal,FWD,8,666,90,0,0,1,0,0,0,0,0,0,0,0,11,3.4,0.9,48.0,5.2,0,2,0,2,1,0.40,0.02,0.42,0.44,2,False
Adam,Aznou,Aznou,Everton,DEF,8,667,0,0,0,0,0,0,0,0,0,0,0,0,0,0.0,0.0,0.0,0.0,0,0,0,0,0,0.00,0.00,0.00,0.00,0,False
Granit,Xhaka,Xhaka,Sunderland,MID,8,668,90,0,0,1,0,0,0,0,0,0,0,0,15,16.2,19.7,2.0,3.8,6,5,1,12,1,0.03,0.06,0.09,0.83,5,False
Dan,Ndoye,Ndoye,Nott'm Forest,MID,8,669,0,0,0,0,0,0,0,0,0,0,0,0,0,0.0,0.0,0.0,0.0,0,0,0,0,0,0.00,0.00,0.00,0.00,0,False
Robin,Roefs,Roefs,Sunderland,GKP,8,670,90,0,0,1,0,0,0,0,0,0,3,0,28,23.4,0.0,0.0,2.3,0,6,0,0,1,0.00,0.00,0.00,0.83,7,False
Callum,Wilson,Wilson,West Ham,FWD,8,671,0,0,0,0,0,0,0,0,0,0,0,0,0,0.0,0.0,0.0,0.0,0,0,0,0,0,0.00,0.00,0.00,0.00,0,False
Jorrel,Hato,Hato,Chelsea,DEF,8,672,0,0,0,0,0,0,0,0,0,0,0,0,0,0.0,0.0,0.0,0.0,0,0,0,0,0,0.00,0.00,0.00,0.00,0,False
João Maria,Lobo Alves Palhares Costa Palhinha Gonçalves,J.Palhinha,Spurs,MID,8,673,90,0,1,0,2,0,0,0,0,0,0,2,35,43.8,11.8,14.0,7.0,3,3,10,16,1,0.07,0.22,0.29,0.32,9,False
Aaron,Ramsdale,Ramsdale,Newcastle,GKP,8,674,0,0,0,0,0,0,0,0,0,0,0,0,0,0.0,0.0,0.0,0.0,0,0,0,0,0,0.00,0.00,0.00,0.00,0,False
Angus,Gunn,Gunn,Nott'm Forest,GKP,8,675,0,0,0,0,0,0,0,0,0,0,0,0,0,0.0,0.0,0.0,0.0,0,0,0,0,0,0.00,0.00,0.00,0.00,0,False
Lesley,Ugochukwu,Ugochukwu,Burnley,MID,8,676,82,1,0,1,0,0,0,0,0,0,0,2,32,43.2,2.2,17.0,6.2,5,1,0,6,1,0.38,0.02,0.40,2.29,10,False
Evann,Guessand,Guessand,Aston Villa,MID,8,677,60,0,0,0,1,0,0,0,0,0,0,0,10,7.4,12.3,0.0,2.0,2,2,2,6,1,0.00,0.01,0.01,0.51,2,False
Arthur,Masuaku,Masuaku,Sunderland,DEF,8,678,0,0,0,0,0,0,0,0,0,0,0,0,0,0.0,0.0,0.0,0.0,0,0,0,0,0,0.00,0.00,0.00,0.00,0,False
Mads,Hermansen,Hermansen,West Ham,GKP,8,679,0,0,0,0,0,0,0,0,0,0,0,0,0,0.0,0.0,0.0,0.0,0,0,0,0,0,0.00,0.00,0.00,0.00,0,False
Armando,Broja,Broja,Burnley,FWD,8,680,0,0,0,0,0,0,0,0,0,0,0,0,0,0.0,0.0,0.0,0.0,0,0,0,0,0,0.00,0.00,0.00,0.00,0,False
Benjamin,Sesko,Šeško,Man Utd,FWD,8,681,29,0,0,0,1,0,0,0,0,0,0,0,4,9.6,12.8,4.0,2.6,3,3,0,6,0,0.01,0.02,0.03,1.74,1,False
David,Møller Wolfe,Møller Wolfe,Wolves,DEF,8,682,0,0,0,0,0,0,0,0,0,0,0,0,0,0.0,0.0,0.0,0.0,0,0,0,0,0,0.00,0.00,0.00,0.00,0,False
Omar,Alderete,Alderete,Sunderland,DEF,8,683,90,0,0,1,0,0,0,0,0,0,0,0,20,17.6,11.0,0.0,2.9,7,1,1,8,1,0.00,0.01,0.01,0.83,6,False
Malick,Thiaw,Thiaw,Newcastle,DEF,8,684,90,0,0,0,2,0,0,0,0,0,0,0,6,14.2,1.5,4.0,2.0,5,5,1,6,1,0.05,0.01,0.06,0.91,1,False
Bafodé,Diakité,Diakité,Bournemouth,DEF,8,685,90,0,0,0,3,0,0,0,0,0,0,0,-1,17.2,10.5,2.0,3.0,10,4,0,10,1,0.00,0.00,0.00,4.44,3,False
Rio,Ngumoha,Ngumoha,Liverpool,MID,8,686,0,0,0,0,0,0,0,0,0,0,0,0,0,0.0,0.0,0.0,0.0,0,0,0,0,0,0.00,0.00,0.00,0.00,0,False
Remy,Rees-Dottin,Rees-Dottin,Bournemouth,MID,8,687,0,0,0,0,0,0,0,0,0,0,0,0,0,0.0,0.0,0.0,0.0,0,0,0,0,0,0.00,0.00,0.00,0.00,0,False
James,Wright,Wright,Aston Villa,GKP,8,688,0,0,0,0,0,0,0,0,0,0,0,0,0,0.0,0.0,0.0,0.0,0,0,0,0,0,0.00,0.00,0.00,0.00,0,False
Seung-Soo,Park,Seung soo,Newcastle,MID,8,689,0,0,0,0,0,0,0,0,0,0,0,0,0,0.0,0.0,0.0,0.0,0,0,0,0,0,0.00,0.00,0.00,0.00,0,False
Rio,Cardines,Cardines,Crystal Palace,MID,8,690,0,0,0,0,0,0,0,0,0,0,0,0,0,0.0,0.0,0.0,0.0,0,0,0,0,0,0.00,0.00,0.00,0.00,0,False
Dominic,Calvert-Lewin,Calvert-Lewin,Leeds,FWD,8,691,90,0,0,0,2,0,0,0,0,0,0,0,5,0.0,11.3,21.0,2.8,1,2,0,3,1,0.33,0.01,0.34,0.45,2,False
Giovanni,Leoni,Leoni,Liverpool,DEF,8,692,0,0,0,0,0,0,0,0,0,0,0,0,0,0.0,0.0,0.0,0.0,0,0,0,0,0,0.00,0.00,0.00,0.00,0,False
Omari,Hutchinson,Hutchinson,Nott'm Forest,MID,8,693,0,0,0,0,0,0,0,0,0,0,0,0,0,0.0,0.0,0.0,0.0,0,0,0,0,0,0.00,0.00,0.00,0.00,0,False
Nordi,Mukiele,Mukiele,Sunderland,DEF,8,694,90,1,0,1,0,0,0,0,0,0,0,3,47,56.2,2.2,22.0,8.0,9,7,3,12,1,0.24,0.06,0.30,0.83,17,True
Jackson,Tchatchoua,Tchatchoua,Wolves,DEF,8,695,13,0,0,0,1,0,0,0,0,0,0,0,-1,0.2,12.3,4.0,1.7,0,2,0,0,0,0.26,0.00,0.26,0.00,1,False
Arnaud,Kalimuendo,Kalimuendo,Nott'm Forest,FWD,8,696,0,0,0,0,0,0,0,0,0,0,0,0,0,0.0,0.0,0.0,0.0,0,0,0,0,0,0.00,0.00,0.00,0.00,0,False
Amine,Adli,Adli,Bournemouth,MID,8,697,15,0,0,0,1,0,0,0,0,0,0,0,2,4.0,0.1,2.0,0.6,1,1,1,3,0,0.00,0.00,0.00,1.95,1,False
Noah,Okafor,Okafor,Leeds,MID,8,698,0,0,0,0,0,0,0,0,0,0,0,0,0,0.0,0.0,0.0,0.0,0,0,0,0,0,0.00,0.00,0.00,0.00,0,False
Douglas Luiz,Soares de Paulo,Douglas Luiz,Nott'm Forest,MID,8,699,52,0,0,0,2,0,0,0,0,0,0,0,5,2.0,12.2,2.0,1.6,0,1,0,1,1,0.00,0.22,0.22,1.00,1,False
Max,Dowman,Dowman,Arsenal,MID,8,700,0,0,0,0,0,0,0,0,0,0,0,0,0,0.0,0.0,0.0,0.0,0,0,0,0,0,0.00,0.00,0.00,0.00,0,False
Triston,Rowe,Rowe,Aston Villa,DEF,8,701,0,0,0,0,0,0,0,0,0,0,0,0,0,0.0,0.0,0.0,0.0,0,0,0,0,0,0.00,0.00,0.00,0.00,0,False
Bradley,Burrowes,Burrowes,Aston Villa,MID,8,702,0,0,0,0,0,0,0,0,0,0,0,0,0,0.0,0.0,0.0,0.0,0,0,0,0,0,0.00,0.00,0.00,0.00,0,False
Sam,Proctor,Proctor,Aston Villa,GKP,8,703,0,0,0,0,0,0,0,0,0,0,0,0,0,0.0,0.0,0.0,0.0,0,0,0,0,0,0.00,0.00,0.00,0.00,0,False
Tyler,Onyango,Onyango,Everton,MID,8,704,0,0,0,0,0,0,0,0,0,0,0,0,0,0.0,0.0,0.0,0.0,0,0,0,0,0,0.00,0.00,0.00,0.00,0,False
Elijah,Campbell,Campbell,Everton,DEF,8,705,0,0,0,0,0,0,0,0,0,0,0,0,0,0.0,0.0,0.0,0.0,0,0,0,0,0,0.00,0.00,0.00,0.00,0,False
James,Justin,Justin,Leeds,DEF,8,706,0,0,0,0,0,0,0,0,0,0,0,0,0,0.0,0.0,0.0,0.0,0,0,0,0,0,0.00,0.00,0.00,0.00,0,False
Tyler,Dibling,Dibling,Everton,MID,8,707,4,0,0,0,0,0,0,0,1,0,0,0,-1,0.0,0.0,0.0,0.0,0,1,0,1,0,0.00,0.00,0.00,0.86,0,False
Mateus Gonçalo,Espanha Fernandes,M.Fernandes,West Ham,MID,8,708,45,0,0,0,1,0,0,0,0,0,0,0,5,9.0,2.3,2.0,1.3,2,2,1,5,1,0.05,0.01,0.06,1.46,1,False
Ladislav,Krejcí,Krejčí,Wolves,DEF,8,709,90,0,0,0,2,1,0,0,0,0,0,0,7,26.8,18.2,25.0,7.0,9,3,0,9,1,0.02,0.07,0.09,0.65,-1,False
Travis,Patterson,Patterson,Aston Villa,DEF,8,710,0,0,0,0,0,0,0,0,0,0,0,0,0,0.0,0.0,0.0,0.0,0,0,0,0,0,0.00,0.00,0.00,0.00,0,False
Andre,Harriman-Annous,Harriman-Annous,Arsenal,MID,8,711,0,0,0,0,0,0,0,0,0,0,0,0,0,0.0,0.0,0.0,0.0,0,0,0,0,0,0.00,0.00,0.00,0.00,0,False
Yéremy,Pino Santos,Yeremy,Crystal Palace,MID,8,712,63,0,0,0,2,0,0,0,1,0,0,0,8,1.8,16.0,7.0,2.5,0,2,1,3,1,0.01,0.19,0.20,1.38,1,False
Álex,Jiménez Sánchez,A.Jimenez,Bournemouth,DEF,8,713,74,0,0,0,2,0,0,0,0,0,0,0,3,10.0,4.8,2.0,1.7,4,1,0,4,1,0.00,0.05,0.05,2.49,1,False
Nick,Woltemade,Woltemade,Newcastle,FWD,8,714,90,1,0,0,2,0,0,0,0,0,0,2,29,35.0,2.5,37.0,7.5,2,2,1,5,1,0.71,0.07,0.78,0.91,8,False
John Victor,Maciel Furtado,John,Nott'm Forest,GKP,8,715,0,0,0,0,0,0,0,0,0,0,0,0,0,0.0,0.0,0.0,0.0,0,0,0,0,0,0.00,0.00,0.00,0.00,0,False
Nicolò,Savona,Savona,Nott'm Forest,DEF,8,716,16,0,0,0,1,0,0,0,0,0,0,0,0,4.2,1.2,0.0,0.5,0,1,1,1,0,0.00,0.01,0.01,0.27,1,False
Xavi,Simons,Xavi,Spurs,MID,8,717,78,0,0,0,2,0,0,0,0,0,0,0,10,11.8,14.3,0.0,2.6,3,3,4,10,1,0.00,0.03,0.03,0.19,2,False
Soungoutou,Magassa,S.Magassa,West Ham,MID,8,718,0,0,0,0,0,0,0,0,0,0,0,0,0,0.0,0.0,0.0,0.0,0,0,0,0,0,0.00,0.00,0.00,0.00,0,False
Victor,Lindelöf,Lindelöf,Aston Villa,DEF,8,719,0,0,0,0,0,0,0,0,0,0,0,0,0,0.0,0.0,0.0,0.0,0,0,0,0,0,0.00,0.00,0.00,0.00,0,False
Tolu,Arokodare,Tolu,Wolves,FWD,8,720,14,0,0,0,1,0,0,0,0,0,0,0,-1,0.0,1.2,14.0,1.3,1,0,0,1,0,0.12,0.00,0.12,0.00,1,False
Veljko,Milosavljevic,Milosavljević,Bournemouth,DEF,8,721,0,0,0,0,0,0,0,0,0,0,0,0,0,0.0,0.0,0.0,0.0,0,0,0,0,0,0.00,0.00,0.00,0.00,0,False
Florentino Ibrain,Morris Luís,Florentino,Burnley,MID,8,722,90,0,1,1,0,0,0,0,0,0,0,0,21,37.8,13.7,1.0,5.3,8,5,3,16,1,0.02,0.00,0.02,2.63,8,False
Jaydee,Canvot,Canvot,Crystal Palace,DEF,8,723,0,0,0,0,0,0,0,0,0,0,0,0,0,0.0,0.0,0.0,0.0,0,0,0,0,0,0.00,0.00,0.00,0.00,0,False
Lutsharel,Geertruida,Geertruida,Sunderland,DEF,8,724,14,0,0,0,0,0,0,0,0,0,0,0,5,3.2,0.3,0.0,0.4,1,1,1,2,0,0.00,0.00,0.00,0.48,1,False
Piero,Hincapié,Hincapie,Arsenal,DEF,8,725,0,0,0,0,0,0,0,0,0,0,0,0,0,0.0,0.0,0.0,0.0,0,0,0,0,0,0.00,0.00,0.00,0.00,0,False
Randal,Kolo Muani,Kolo Muani,Spurs,FWD,8,726,11,0,0,0,0,0,0,0,0,0,0,0,0,0.0,0.0,4.0,0.1,0,0,0,0,0,0.13,0.00,0.13,0.12,1,False
Samuel,Chukwueze,Chukwueze,Fulham,MID,8,727,0,0,0,0,0,0,0,0,0,0,0,0,0,0.0,0.0,0.0,0.0,0,0,0,0,0,0.00,0.00,0.00,0.00,0,False
Merlin,Röhl,Röhl,Everton,MID,8,728,20,0,0,0,0,0,0,0,0,0,0,0,4,2.4,1.7,6.0,1.0,1,3,1,5,0,0.03,0.00,0.03,1.09,1,False
Luis Eduardo,Soares da Silva,Cuiabano,Nott'm Forest,DEF,8,729,0,0,0,0,0,0,0,0,0,0,0,0,0,0.0,0.0,0.0,0.0,0,0,0,0,0,0.00,0.00,0.00,0.00,0,False
Brian,Brobbey,Brobbey,Sunderland,FWD,8,730,0,0,0,0,0,0,0,0,0,0,0,0,0,0.0,0.0,0.0,0.0,0,0,0,0,0,0.00,0.00,0.00,0.00,0,False
Kevin,Santos Lopes de Macedo,Kevin,Fulham,MID,8,731,27,0,0,0,0,0,0,0,0,0,0,0,9,11.4,14.7,0.0,2.6,1,1,3,5,0,0.00,0.02,0.02,0.73,1,False
Christantus,Uche,Uche,Crystal Palace,FWD,8,732,0,0,0,0,0,0,0,0,0,0,0,0,0,0.0,0.0,0.0,0.0,0,0,0,0,0,0.00,0.00,0.00,0.00,0,False
Senne,Lammens,Lammens,Man Utd,GKP,8,733,90,0,0,0,1,0,0,0,0,0,5,0,19,37.8,0.0,0.0,3.8,1,11,0,0,1,0.00,0.00,0.00,2.75,3,False
Dilane,Bakwa,Bakwa,Nott'm Forest,MID,8,734,0,0,0,0,0,0,0,0,0,0,0,0,0,0.0,0.0,0.0,0.0,0,0,0,0,0,0.00,0.00,0.00,0.00,0,False
Bertrand,Traoré,Traoré,Sunderland,MID,8,735,62,0,0,1,0,0,0,0,0,0,0,0,7,2.0,0.7,0.0,0.3,1,3,0,4,1,0.00,0.00,0.00,0.24,3,False
Gianluigi,Donnarumma,Donnarumma,Man City,GKP,8,736,90,0,0,1,0,0,0,0,0,0,1,0,27,12.6,0.0,0.0,1.3,2,4,0,0,1,0.00,0.00,0.00,0.81,6,False
Jonah,Kusi-Asare,Kusi-Asare,Fulham,FWD,8,737,0,0,0,0,0,0,0,0,0,0,0,0,0,0.0,0.0,0.0,0.0,0,0,0,0,0,0.00,0.00,0.00,0.00,0,False
Lukasz,Fabianski,Fabianski,West Ham,GKP,8,738,0,0,0,0,0,0,0,0,0,0,0,0,0,0.0,0.0,0.0,0.0,0,0,0,0,0,0.00,0.00,0.00,0.00,0,False
Divine,Mukasa,Mukasa,Man City,MID,8,739,0,0,0,0,0,0,0,0,0,0,0,0,0,0.0,0.0,0.0,0.0,0,0,0,0,0,0.00,0.00,0.00,0.00,0,False
Stephen,Mfuni,Mfuni,Man City,DEF,8,740,0,0,0,0,0,0,0,0,0,0,0,0,0,0.0,0.0,0.0,0.0,0,0,0,0,0,0.00,0.00,0.00,0.00,0,False
Harry,Gray,Gray,Leeds,FWD,8,741,0,0,0,0,0,0,0,0,0,0,0,0,0,0.0,0.0,0.0,0.0,0,0,0,0,0,0.00,0.00,0.00,0.00,0,False
Ryan,McAidoo,McAidoo,Man City,MID,8,742,0,0,0,0,0,0,0,0,0,0,0,0,0,0.0,0.0,0.0,0.0,0,0,0,0,0,0.00,0.00,0.00,0.00,0,False
Landon,Emenalo,Emenalo,Chelsea,MID,8,743,0,0,0,0,0,0,0,0,0,0,0,0,0,0.0,0.0,0.0,0.0,0,0,0,0,0,0.00,0.00,0.00,0.00,0,False
Nehemiah,Oriola,Oriola,Brighton,MID,8,744,0,0,0,0,0,0,0,0,0,0,0,0,0,0.0,0.0,0.0,0.0,0,0,0,0,0,0.00,0.00,0.00,0.00,0,False
Jun'ai,Byfield,Byfield,Spurs,DEF,8,745,0,0,0,0,0,0,0,0,0,0,0,0,0,0.0,0.0,0.0,0.0,0,0,0,0,0,0.00,0.00,0.00,0.00,0,False
David,Raya Martín,Raya,Arsenal,GKP,9,1,90,0,0,1,0,0,0,0,0,0,1,0,25,15.0,0.1,0.0,1.5,2,10,0,0,1,0.00,0.00,0.00,0.47,6,False
Kepa,Arrizabalaga Revuelta,Arrizabalaga,Arsenal,GKP,9,2,0,0,0,0,0,0,0,0,0,0,0,0,0,0.0,0.0,0.0,0.0,0,0,0,0,0,0.00,0.00,0.00,0.00,0,False
Karl,Hein,Hein,Arsenal,GKP,9,3,0,0,0,0,0,0,0,0,0,0,0,0,0,0.0,0.0,0.0,0.0,0,0,0,0,0,0.00,0.00,0.00,0.00,0,False
Tommy,Setford,Setford,Arsenal,GKP,9,4,0,0,0,0,0,0,0,0,0,0,0,0,0,0.0,0.0,0.0,0.0,0,0,0,0,0,0.00,0.00,0.00,0.00,0,False
Gabriel,dos Santos Magalhães,Gabriel,Arsenal,DEF,9,5,90,0,0,1,0,0,0,0,0,0,0,3,32,27.2,11.2,9.0,4.7,9,0,0,9,1,0.10,0.03,0.13,0.47,9,False
William,Saliba,Saliba,Arsenal,DEF,9,6,45,0,0,0,0,0,0,0,0,0,0,0,10,7.4,1.5,0.0,0.9,1,1,0,1,1,0.00,0.02,0.02,0.08,1,False
Riccardo,Calafiori,Calafiori,Arsenal,DEF,9,7,81,0,0,1,0,0,0,0,0,0,0,0,26,4.6,3.8,2.0,1.0,1,6,0,1,1,0.07,0.02,0.09,0.46,6,False
Jurriën,Timber,J.Timber,Arsenal,DEF,9,8,90,0,0,1,0,0,0,0,0,0,0,0,25,11.8,16.7,2.0,3.1,2,4,2,4,1,0.00,0.04,0.04,0.47,6,False
Jakub,Kiwior,Kiwior,Arsenal,DEF,9,9,0,0,0,0,0,0,0,0,0,0,0,0,0,0.0,0.0,0.0,0.0,0,0,0,0,0,0.00,0.00,0.00,0.00,0,False
Myles,Lewis-Skelly,Lewis-Skelly,Arsenal,DEF,9,10,2,0,0,0,0,0,0,0,0,0,0,0,3,0.2,0.3,0.0,0.1,0,1,0,0,0,0.00,0.00,0.00,0.01,1,False
Benjamin,White,White,Arsenal,DEF,9,11,0,0,0,0,0,0,0,0,0,0,0,0,0,0.0,0.0,0.0,0.0,0,0,0,0,0,0.00,0.00,0.00,0.00,0,False
Oleksandr,Zinchenko,Zinchenko,Nott'm Forest,DEF,9,12,0,0,0,0,0,0,0,0,0,0,0,0,0,0.0,0.0,0.0,0.0,0,0,0,0,0,0.00,0.00,0.00,0.00,0,False
Brayden,Clarke,Clarke,Arsenal,DEF,9,13,0,0,0,0,0,0,0,0,0,0,0,0,0,0.0,0.0,0.0,0.0,0,0,0,0,0,0.00,0.00,0.00,0.00,0,False
Maldini,Kacurri,Kacurri,Arsenal,DEF,9,14,0,0,0,0,0,0,0,0,0,0,0,0,0,0.0,0.0,0.0,0.0,0,0,0,0,0,0.00,0.00,0.00,0.00,0,False
Josh,Nichols,Nichols,Arsenal,DEF,9,15,0,0,0,0,0,0,0,0,0,0,0,0,0,0.0,0.0,0.0,0.0,0,0,0,0,0,0.00,0.00,0.00,0.00,0,False
Bukayo,Saka,Saka,Arsenal,MID,9,16,65,0,0,1,0,0,0,0,0,0,0,0,8,2.2,1.9,3.0,0.7,0,5,2,7,1,0.02,0.01,0.03,0.08,3,False
Martin,Ødegaard,Ødegaard,Arsenal,MID,9,17,0,0,0,0,0,0,0,0,0,0,0,0,0,0.0,0.0,0.0,0.0,0,0,0,0,0,0.00,0.00,0.00,0.00,0,False
Noni,Madueke,Madueke,Arsenal,MID,9,18,0,0,0,0,0,0,0,0,0,0,0,0,0,0.0,0.0,0.0,0.0,0,0,0,0,0,0.00,0.00,0.00,0.00,0,False
Gabriel,Martinelli Silva,Martinelli,Arsenal,MID,9,19,24,0,0,0,0,0,0,0,0,0,0,0,2,1.0,0.3,2.0,0.3,1,0,0,1,0,0.00,0.00,0.00,0.39,1,False
Leandro,Trossard,Trossard,Arsenal,MID,9,20,90,0,0,1,0,0,0,0,0,0,0,0,4,4.8,7.7,33.0,4.6,1,6,0,7,1,0.34,0.05,0.39,0.47,3,False
Declan,Rice,Rice,Arsenal,MID,9,21,81,0,1,1,0,0,0,0,0,0,0,1,27,21.2,40.8,29.0,9.1,3,3,3,9,1,0.37,0.61,0.98,0.46,7,False
Mikel,Merino Zazón,Merino,Arsenal,MID,9,22,8,0,0,0,0,0,0,0,0,0,0,0,4,4.0,0.3,0.0,0.4,2,0,0,2,0,0.00,0.00,0.00,0.01,1,False
Fábio,Ferreira Vieira,Fábio Vieira,Arsenal,MID,9,23,0,0,0,0,0,0,0,0,0,0,0,0,0,0.0,0.0,0.0,0.0,0,0,0,0,0,0.00,0.00,0.00,0.00,0,False
Christian,Nørgaard,Nørgaard,Arsenal,MID,9,24,0,0,0,0,0,0,0,0,0,0,0,0,0,0.0,0.0,0.0,0.0,0,0,0,0,0,0.00,0.00,0.00,0.00,0,False
Ethan,Nwaneri,Nwaneri,Arsenal,MID,9,25,0,0,0,0,0,0,0,0,0,0,0,0,0,0.0,0.0,0.0,0.0,0,0,0,0,0,0.00,0.00,0.00,0.00,0,False
Martín,Zubimendi Ibáñez,Zubimendi,Arsenal,MID,9,26,90,0,0,1,0,0,0,0,0,0,0,0,15,18.2,15.5,0.0,3.4,9,4,2,15,1,0.00,0.03,0.03,0.47,5,False
Reiss,Nelson,Nelson,Brentford,MID,9,27,0,0,0,0,0,0,0,0,0,0,0,0,0,0.0,0.0,0.0,0.0,0,0,0,0,0,0.00,0.00,0.00,0.00,0,False
Ismeal,Kabia,Kabia,Arsenal,MID,9,28,0,0,0,0,0,0,0,0,0,0,0,0,0,0.0,0.0,0.0,0.0,0,0,0,0,0,0.00,0.00,0.00,0.00,0,False
Albert,Sambi Lokonga,Sambi,Arsenal,MID,9,29,0,0,0,0,0,0,0,0,0,0,0,0,0,0.0,0.0,0.0,0.0,0,0,0,0,0,0.00,0.00,0.00,0.00,0,False
Kai,Havertz,Havertz,Arsenal,FWD,9,30,0,0,0,0,0,0,0,0,0,0,0,0,0,0.0,0.0,0.0,0.0,0,0,0,0,0,0.00,0.00,0.00,0.00,0,False
Gabriel,Fernando de Jesus,G.Jesus,Arsenal,FWD,9,31,0,0,0,0,0,0,0,0,0,0,0,0,0,0.0,0.0,0.0,0.0,0,0,0,0,0,0.00,0.00,0.00,0.00,0,False
Emiliano,Martínez Romero,Martinez,Aston Villa,GKP,9,32,90,0,0,1,0,0,0,0,0,0,3,1,32,27.2,0.0,0.0,2.7,0,16,0,0,1,0.00,0.00,0.00,1.18,8,True
Marco,Bizot,M.Bizot,Aston Villa,GKP,9,33,0,0,0,0,0,0,0,0,0,0,0,0,0,0.0,0.0,0.0,0.0,0,0,0,0,0,0.00,0.00,0.00,0.00,0,False
Joe,Gauci,Gauci,Aston Villa,GKP,9,34,0,0,0,0,0,0,0,0,0,0,0,0,0,0.0,0.0,0.0,0.0,0,0,0,0,0,0.00,0.00,0.00,0.00,0,False
Filip,Marschall,Marschall,Aston Villa,GKP,9,35,0,0,0,0,0,0,0,0,0,0,0,0,0,0.0,0.0,0.0,0.0,0,0,0,0,0,0.00,0.00,0.00,0.00,0,False
Matty,Cash,Cash,Aston Villa,DEF,9,36,90,1,0,1,0,0,0,0,0,0,0,3,44,48.0,19.8,7.0,7.5,5,2,2,7,1,0.06,0.07,0.13,1.18,15,True
Lucas,Digne,Digne,Aston Villa,DEF,9,37,85,0,0,1,0,0,0,0,0,0,0,0,28,11.2,16.7,11.0,3.9,1,0,3,4,1,0.06,0.06,0.12,0.98,6,False
Ezri,Konsa Ngoyo,Konsa,Aston Villa,DEF,9,38,90,0,0,1,0,0,0,0,0,0,0,0,31,30.8,0.5,2.0,3.3,11,4,1,12,1,0.00,0.00,0.00,1.18,8,False
Ian,Maatsen,Maatsen,Aston Villa,DEF,9,39,4,0,0,0,0,0,0,0,0,0,0,0,3,0.0,0.0,0.0,0.0,0,0,0,0,0,0.00,0.00,0.00,0.20,1,False
Tyrone,Mings,Mings,Aston Villa,DEF,9,40,0,0,0,0,0,0,0,0,0,0,0,0,0,0.0,0.0,0.0,0.0,0,0,0,0,0,0.00,0.00,0.00,0.00,0,False
Pau,Torres,Pau,Aston Villa,DEF,9,41,90,0,0,1,0,0,0,0,0,0,0,2,35,20.4,1.3,0.0,2.2,6,1,0,6,1,0.00,0.01,0.01,1.18,8,False
Andrés,García,A.García,Aston Villa,DEF,9,42,0,0,0,0,0,0,0,0,0,0,0,0,0,0.0,0.0,0.0,0.0,0,0,0,0,0,0.00,0.00,0.00,0.00,0,False
Álex,Moreno Lopera,Alex Moreno,Aston Villa,DEF,9,43,0,0,0,0,0,0,0,0,0,0,0,0,0,0.0,0.0,0.0,0.0,0,0,0,0,0,0.00,0.00,0.00,0.00,0,False
Lamare,Bogarde,Bogarde,Aston Villa,DEF,9,44,0,0,0,0,0,0,0,0,0,0,0,0,0,0.0,0.0,0.0,0.0,0,0,0,0,0,0.00,0.00,0.00,0.00,0,False
Lino,da Cruz Sousa,Sousa,Aston Villa,DEF,9,45,0,0,0,0,0,0,0,0,0,0,0,0,0,0.0,0.0,0.0,0.0,0,0,0,0,0,0.00,0.00,0.00,0.00,0,False
Yasin,Özcan,Yasin,Aston Villa,DEF,9,46,0,0,0,0,0,0,0,0,0,0,0,0,0,0.0,0.0,0.0,0.0,0,0,0,0,0,0.00,0.00,0.00,0.00,0,False
Morgan,Rogers,Rogers,Aston Villa,MID,9,47,90,0,0,1,0,0,0,0,0,0,0,0,17,11.2,12.3,6.0,3.0,0,6,3,9,1,0.00,0.07,0.07,1.18,3,False
Youri,Tielemans,Tielemans,Aston Villa,MID,9,48,0,0,0,0,0,0,0,0,0,0,0,0,0,0.0,0.0,0.0,0.0,0,0,0,0,0,0.00,0.00,0.00,0.00,0,False
Leon,Bailey,Bailey,Aston Villa,MID,9,49,0,0,0,0,0,0,0,0,0,0,0,0,0,0.0,0.0,0.0,0.0,0,0,0,0,0,0.00,0.00,0.00,0.00,0,False
Emiliano,Buendía Stati,Buendía,Aston Villa,MID,9,50,28,0,1,0,0,0,0,0,0,0,0,0,12,15.8,11.8,4.0,3.2,0,2,0,2,1,0.02,0.03,0.05,0.19,4,False
Samuel,Iling-Junior,Iling Jr,Aston Villa,MID,9,51,0,0,0,0,0,0,0,0,0,0,0,0,0,0.0,0.0,0.0,0.0,0,0,0,0,0,0.00,0.00,0.00,0.00,0,False
Jacob,Ramsey,J.Ramsey,Newcastle,MID,9,52,0,0,0,0,0,0,0,0,0,0,0,0,0,0.0,0.0,0.0,0.0,0,0,0,0,0,0.00,0.00,0.00,0.00,0,False
Donyell,Malen,Malen,Aston Villa,MID,9,53,4,0,0,0,0,0,0,0,0,0,0,0,4,2.0,0.0,0.0,0.2,0,0,1,1,0,0.00,0.00,0.00,0.20,1,False
John,McGinn,McGinn,Aston Villa,MID,9,54,73,0,0,1,0,0,0,0,0,0,0,0,8,2.6,11.4,10.0,2.4,1,3,0,4,1,0.27,0.15,0.42,0.64,3,False
Ross,Barkley,Barkley,Aston Villa,MID,9,55,16,0,0,0,0,0,0,0,0,0,0,0,3,6.0,3.1,0.0,0.9,1,1,0,2,0,0.00,0.00,0.00,0.54,1,False
Enzo,Barrenechea,Barrenechea,Aston Villa,MID,9,56,0,0,0,0,0,0,0,0,0,0,0,0,0,0.0,0.0,0.0,0.0,0,0,0,0,0,0.00,0.00,0.00,0.00,0,False
Lewis,Dobbin,Dobbin,Aston Villa,MID,9,57,0,0,0,0,0,0,0,0,0,0,0,0,0,0.0,0.0,0.0,0.0,0,0,0,0,0,0.00,0.00,0.00,0.00,0,False
Boubacar,Kamara,Kamara,Aston Villa,MID,9,58,90,0,0,1,0,0,0,0,1,0,0,0,8,13.0,14.3,0.0,2.7,2,5,2,9,1,0.00,0.04,0.04,1.18,2,False
Amadou,Onana,Onana,Aston Villa,MID,9,59,90,0,0,1,0,0,0,0,0,0,0,0,22,33.6,3.5,0.0,3.7,8,0,3,11,1,0.00,0.02,0.02,1.18,3,False
Ben,Broggio,Broggio,Aston Villa,MID,9,60,0,0,0,0,0,0,0,0,0,0,0,0,0,0.0,0.0,0.0,0.0,0,0,0,0,0,0.00,0.00,0.00,0.00,0,False
Leander,Dendoncker,Dendoncker,Aston Villa,MID,9,61,0,0,0,0,0,0,0,0,0,0,0,0,0,0.0,0.0,0.0,0.0,0,0,0,0,0,0.00,0.00,0.00,0.00,0,False
Jamaldeen,Jimoh-Aloba,Jimoh-Aloba,Aston Villa,MID,9,62,0,0,0,0,0,0,0,0,0,0,0,0,0,0.0,0.0,0.0,0.0,0,0,0,0,0,0.00,0.00,0.00,0.00,0,False
Kadan,Young,Young,Aston Villa,MID,9,63,0,0,0,0,0,0,0,0,0,0,0,0,0,0.0,0.0,0.0,0.0,0,0,0,0,0,0.00,0.00,0.00,0.00,0,False
Ollie,Watkins,Watkins,Aston Villa,FWD,9,64,85,0,0,1,0,0,0,0,0,0,0,0,6,4.2,13.0,26.0,4.3,0,1,1,2,1,0.13,0.07,0.20,0.98,2,False
Zépiqueno,Redmond,Redmond,Aston Villa,FWD,9,65,0,0,0,0,0,0,0,0,0,0,0,0,0,0.0,0.0,0.0,0.0,0,0,0,0,0,0.00,0.00,0.00,0.00,0,False
Norberto,Murara Neto,Neto,Bournemouth,GKP,9,66,0,0,0,0,0,0,0,0,0,0,0,0,0,0.0,0.0,0.0,0.0,0,0,0,0,0,0.00,0.00,0.00,0.00,0,False
Đorđe,Petrović,Petrović,Bournemouth,GKP,9,67,90,0,0,1,0,0,0,0,0,0,4,1,31,30.0,0.0,0.0,3.0,2,6,0,0,1,0.00,0.00,0.00,0.35,8,False
Will,Dennis,Dennis,Bournemouth,GKP,9,68,0,0,0,0,0,0,0,0,0,0,0,0,0,0.0,0.0,0.0,0.0,0,0,0,0,0,0.00,0.00,0.00,0.00,0,False
Callan,McKenna,McKenna,Bournemouth,GKP,9,69,0,0,0,0,0,0,0,0,0,0,0,0,0,0.0,0.0,0.0,0.0,0,0,0,0,0,0.00,0.00,0.00,0.00,0,False
Alex,Paulsen,Paulsen,Bournemouth,GKP,9,70,0,0,0,0,0,0,0,0,0,0,0,0,0,0.0,0.0,0.0,0.0,0,0,0,0,0,0.00,0.00,0.00,0.00,0,False
Illia,Zabarnyi,Zabarnyi,Bournemouth,DEF,9,71,0,0,0,0,0,0,0,0,0,0,0,0,0,0.0,0.0,0.0,0.0,0,0,0,0,0,0.00,0.00,0.00,0.00,0,False
Marcos,Senesi Barón,Senesi,Bournemouth,DEF,9,72,90,0,0,1,0,0,0,0,1,0,0,0,20,17.4,1.0,0.0,1.8,5,3,0,5,1,0.00,0.02,0.02,0.35,5,False
Adam,Smith,Smith,Bournemouth,DEF,9,73,0,0,0,0,0,0,0,0,0,0,0,0,0,0.0,0.0,0.0,0.0,0,0,0,0,0,0.00,0.00,0.00,0.00,0,False
Adrien,Truffert,Truffert,Bournemouth,DEF,9,74,90,0,0,1,0,0,0,0,0,0,0,2,33,18.8,10.3,3.0,3.2,8,8,3,11,1,0.02,0.05,0.07,0.35,10,False
Matai,Akinmboni,Akinmboni,Bournemouth,DEF,9,75,0,0,0,0,0,0,0,0,0,0,0,0,0,0.0,0.0,0.0,0.0,0,0,0,0,0,0.00,0.00,0.00,0.00,0,False
Owen,Bevan,Bevan,Bournemouth,DEF,9,76,0,0,0,0,0,0,0,0,0,0,0,0,0,0.0,0.0,0.0,0.0,0,0,0,0,0,0.00,0.00,0.00,0.00,0,False
James,Hill,Hill,Bournemouth,DEF,9,77,0,0,0,0,0,0,0,0,0,0,0,0,0,0.0,0.0,0.0,0.0,0,0,0,0,0,0.00,0.00,0.00,0.00,0,False
Julián,Araujo Zúñiga,J.Araujo,Bournemouth,DEF,9,78,0,0,0,0,0,0,0,0,0,0,0,0,0,0.0,0.0,0.0,0.0,0,0,0,0,0,0.00,0.00,0.00,0.00,0,False
Chris,Mepham,Mepham,Bournemouth,DEF,9,79,0,0,0,0,0,0,0,0,0,0,0,0,0,0.0,0.0,0.0,0.0,0,0,0,0,0,0.00,0.00,0.00,0.00,0,False
Julio,Soler Barreto,Soler,Bournemouth,DEF,9,80,0,0,0,0,0,0,0,0,0,0,0,0,0,0.0,0.0,0.0,0.0,0,0,0,0,0,0.00,0.00,0.00,0.00,0,False
Justin,Kluivert,Kluivert,Bournemouth,MID,9,81,68,0,0,1,0,0,0,0,1,0,0,0,3,2.4,13.1,7.0,2.3,1,6,0,7,1,0.09,0.06,0.15,0.14,2,False
Antoine,Semenyo,Semenyo,Bournemouth,MID,9,82,90,0,0,1,0,0,0,0,0,0,0,0,14,8.4,13.1,17.0,3.9,0,7,1,8,1,0.03,0.04,0.07,0.35,3,False
Dango,Ouattara,O.Dango,Brentford,MID,9,83,90,1,1,0,2,0,0,0,0,0,0,1,25,29.8,3.5,83.0,11.6,3,5,0,8,1,0.67,0.02,0.69,1.92,11,False
Marcus,Tavernier,Tavernier,Bournemouth,MID,9,84,90,1,0,1,0,0,0,0,0,0,0,3,35,39.6,35.9,26.0,10.2,0,1,0,1,1,0.09,0.08,0.17,0.35,11,True
Tyler,Adams,Adams,Bournemouth,MID,9,85,90,0,1,1,0,0,0,0,0,0,0,0,20,28.0,11.8,0.0,4.0,2,6,3,11,1,0.00,0.01,0.01,0.35,6,False
David,Brooks,Brooks,Bournemouth,MID,9,86,21,0,0,0,0,0,0,0,1,0,0,0,-3,0.0,0.8,7.0,0.6,1,1,0,2,0,0.08,0.09,0.17,0.21,0,False
Ryan,Christie,Christie,Bournemouth,MID,9,87,10,0,0,0,0,0,0,0,0,0,0,0,3,0.2,0.2,2.0,0.2,0,0,0,0,0,0.00,0.00,0.00,0.02,1,False
Lewis,Cook,Cook,Bournemouth,MID,9,88,1,0,0,0,0,0,0,0,0,0,0,0,3,0.0,0.0,0.0,0.0,0,1,0,1,0,0.00,0.00,0.00,0.00,1,False
Philip,Billing,Philip,Bournemouth,MID,9,89,0,0,0,0,0,0,0,0,0,0,0,0,0,0.0,0.0,0.0,0.0,0,0,0,0,0,0.00,0.00,0.00,0.00,0,False
Alex,Scott,Scott,Bournemouth,MID,9,90,79,0,0,1,0,0,0,0,0,0,0,0,15,14.4,3.3,12.0,3.0,5,4,2,11,1,0.12,0.04,0.16,0.33,3,False
Luis,Sinisterra Lucumí,Sinisterra,Bournemouth,MID,9,91,0,0,0,0,0,0,0,0,0,0,0,0,0,0.0,0.0,0.0,0.0,0,0,0,0,0,0.00,0.00,0.00,0.00,0,False
Romain,Faivre,Faivre,Bournemouth,MID,9,92,0,0,0,0,0,0,0,0,0,0,0,0,0,0.0,0.0,0.0,0.0,0,0,0,0,0,0.00,0.00,0.00,0.00,0,False
Hamed,Traorè,H.Traorè,Bournemouth,MID,9,93,0,0,0,0,0,0,0,0,0,0,0,0,0,0.0,0.0,0.0,0.0,0,0,0,0,0,0.00,0.00,0.00,0.00,0,False
Dominic,Sadi,Sadi,Bournemouth,MID,9,94,0,0,0,0,0,0,0,0,0,0,0,0,0,0.0,0.0,0.0,0.0,0,0,0,0,0,0.00,0.00,0.00,0.00,0,False
Zain,Silcott-Duberry,Silcott-Duberry,Bournemouth,MID,9,95,0,0,0,0,0,0,0,0,0,0,0,0,0,0.0,0.0,0.0,0.0,0,0,0,0,0,0.00,0.00,0.00,0.00,0,False
Ben,Winterburn,Winterburn,Bournemouth,MID,9,96,0,0,0,0,0,0,0,0,0,0,0,0,0,0.0,0.0,0.0,0.0,0,0,0,0,0,0.00,0.00,0.00,0.00,0,False
Francisco Evanilson,de Lima Barbosa,Evanilson,Bournemouth,FWD,9,97,0,0,0,0,0,0,0,0,0,0,0,0,0,0.0,0.0,0.0,0.0,0,0,0,0,0,0.00,0.00,0.00,0.00,0,False
Enes,Ünal,Enes Ünal,Bournemouth,FWD,9,98,1,0,0,0,0,0,0,0,0,0,0,0,3,0.0,0.0,0.0,0.0,0,0,0,0,0,0.00,0.00,0.00,0.00,1,False
Daniel,Adu-Adjei,Adu-Adjei,Bournemouth,FWD,9,99,0,0,0,0,0,0,0,0,0,0,0,0,0,0.0,0.0,0.0,0.0,0,0,0,0,0,0.00,0.00,0.00,0.00,0,False
Eli Junior,Kroupi,Kroupi.Jr,Bournemouth,FWD,9,100,68,1,0,1,0,0,0,0,0,0,0,0,30,32.4,13.9,17.0,6.3,0,2,0,2,1,0.15,0.06,0.21,0.14,6,False
Caoimhín,Kelleher,Kelleher,Brentford,GKP,9,101,90,0,0,0,2,0,0,0,0,0,3,0,10,19.6,0.0,0.0,2.0,0,10,0,0,1,0.00,0.00,0.00,2.30,2,False
Ellery,Balcombe,Balcombe,Brentford,GKP,9,102,0,0,0,0,0,0,0,0,0,0,0,0,0,0.0,0.0,0.0,0.0,0,0,0,0,0,0.00,0.00,0.00,0.00,0,False
Matthew,Cox,Cox,Brentford,GKP,9,103,0,0,0,0,0,0,0,0,0,0,0,0,0,0.0,0.0,0.0,0.0,0,0,0,0,0,0.00,0.00,0.00,0.00,0,False
Julian,Eyestone,Eyestone,Brentford,GKP,9,104,0,0,0,0,0,0,0,0,0,0,0,0,0,0.0,0.0,0.0,0.0,0,0,0,0,0,0.00,0.00,0.00,0.00,0,False
Hákon Rafn,Valdimarsson,Valdimarsson,Brentford,GKP,9,105,0,0,0,0,0,0,0,0,0,0,0,0,0,0.0,0.0,0.0,0.0,0,0,0,0,0,0.00,0.00,0.00,0.00,0,False
Nathan,Collins,Collins,Brentford,DEF,9,106,90,0,0,0,2,0,0,0,0,0,0,0,8,33.4,0.1,23.0,5.7,14,2,1,15,1,0.08,0.00,0.08,2.30,3,False
Keane,Lewis-Potter,Lewis-Potter,Brentford,DEF,9,107,11,0,0,0,1,0,0,0,1,0,0,0,3,9.2,28.0,6.0,4.3,2,0,0,2,0,0.00,0.20,0.20,0.53,0,False
Kristoffer,Ajer,Ajer,Brentford,DEF,9,108,90,0,1,0,2,0,0,0,0,0,0,0,12,8.0,0.8,14.0,2.3,5,1,2,7,1,0.06,0.05,0.11,1.92,4,False
Rico,Henry,Henry,Brentford,DEF,9,109,1,0,0,0,0,0,0,0,0,0,0,0,3,0.0,0.0,0.0,0.0,0,0,0,0,0,0.00,0.00,0.00,0.38,1,False
Michael,Kayode,Kayode,Brentford,DEF,9,110,90,0,0,0,2,0,0,0,0,0,0,0,15,20.8,29.6,7.0,5.7,5,7,1,6,1,0.07,0.19,0.26,2.30,1,False
Ethan,Pinnock,Pinnock,Brentford,DEF,9,111,0,0,0,0,0,0,0,0,0,0,0,0,0,0.0,0.0,0.0,0.0,0,0,0,0,0,0.00,0.00,0.00,0.00,0,False
Mads,Roerslev Rasmussen,Roerslev,Brentford,DEF,9,112,0,0,0,0,0,0,0,0,0,0,0,0,0,0.0,0.0,0.0,0.0,0,0,0,0,0,0.00,0.00,0.00,0.00,0,False
Sepp,van den Berg,Van den Berg,Brentford,DEF,9,113,90,0,0,0,2,0,0,0,0,0,0,0,4,29.0,0.6,0.0,3.0,11,3,1,12,1,0.00,0.01,0.01,2.30,3,False
Benjamin,Arthur,Arthur,Brentford,DEF,9,114,0,0,0,0,0,0,0,0,0,0,0,0,0,0.0,0.0,0.0,0.0,0,0,0,0,0,0.00,0.00,0.00,0.00,0,False
Benjamin,Fredrick,Fredrick,Brentford,DEF,9,115,0,0,0,0,0,0,0,0,0,0,0,0,0,0.0,0.0,0.0,0.0,0,0,0,0,0,0.00,0.00,0.00,0.00,0,False
Aaron,Hickey,Hickey,Brentford,DEF,9,116,0,0,0,0,0,0,0,0,0,0,0,0,0,0.0,0.0,0.0,0.0,0,0,0,0,0,0.00,0.00,0.00,0.00,0,False
Kim,Ji-soo,Ji-soo,Brentford,DEF,9,117,0,0,0,0,0,0,0,0,0,0,0,0,0,0.0,0.0,0.0,0.0,0,0,0,0,0,0.00,0.00,0.00,0.00,0,False
Jayden,Meghoma,Meghoma,Brentford,DEF,9,118,0,0,0,0,0,0,0,0,0,0,0,0,0,0.0,0.0,0.0,0.0,0,0,0,0,0,0.00,0.00,0.00,0.00,0,False
Bryan,Mbeumo,Mbeumo,Man Utd,MID,9,119,90,2,0,0,2,0,0,0,0,0,0,3,65,81.0,36.6,53.0,17.1,0,7,0,7,1,0.56,0.24,0.80,1.12,15,True
Kevin,Schade,Schade,Brentford,MID,9,120,78,1,0,0,1,0,0,0,1,0,0,1,25,42.0,51.3,21.0,11.4,0,5,1,6,1,0.67,0.18,0.85,1.77,7,False
Mikkel,Damsgaard,Damsgaard,Brentford,MID,9,121,78,0,1,0,1,0,0,0,0,0,0,2,29,32.8,15.5,18.0,6.6,2,6,3,11,1,0.07,0.20,0.27,1.77,7,False
Antoni,Milambo,Milambo,Brentford,MID,9,122,0,0,0,0,0,0,0,0,0,0,0,0,0,0.0,0.0,0.0,0.0,0,0,0,0,0,0.00,0.00,0.00,0.00,0,False
Fábio,Freitas Gouveia Carvalho,Carvalho,Brentford,MID,9,123,0,0,0,0,0,0,0,0,0,0,0,0,0,0.0,0.0,0.0,0.0,0,0,0,0,0,0.00,0.00,0.00,0.00,0,False
Jordan,Henderson,Henderson,Brentford,MID,9,124,90,0,0,0,2,0,0,0,0,0,0,0,14,13.4,14.8,3.0,3.1,4,6,1,11,1,0.02,0.02,0.04,2.30,2,False
Vitaly,Janelt,Janelt,Brentford,MID,9,125,61,0,0,0,2,0,0,0,0,0,0,0,11,13.2,18.8,6.0,3.8,4,5,3,12,0,0.00,0.20,0.20,1.55,4,False
Mathias,Jensen,Jensen,Brentford,MID,9,126,11,0,0,0,1,0,0,0,0,0,0,0,2,2.8,1.1,0.0,0.4,1,2,0,3,0,0.00,0.01,0.01,0.53,1,False
Gustavo,Nunes Fernandes Gomes,Nunes,Brentford,MID,9,127,0,0,0,0,0,0,0,0,0,0,0,0,0,0.0,0.0,0.0,0.0,0,0,0,0,0,0.00,0.00,0.00,0.00,0,False
Frank,Onyeka,Onyeka,Brentford,MID,9,128,1,0,0,0,0,0,0,0,0,0,0,0,3,1.0,0.0,0.0,0.1,1,0,0,1,0,0.00,0.00,0.00,0.38,1,False
Yehor,Yarmoliuk,Yarmoliuk,Brentford,MID,9,129,28,0,0,0,0,0,0,0,0,0,0,0,3,4.4,0.2,0.0,0.5,1,2,1,4,1,0.00,0.00,0.00,0.75,1,False
Romelle,Donovan,Donovan,Brentford,MID,9,130,0,0,0,0,0,0,0,0,0,0,0,0,0,0.0,0.0,0.0,0.0,0,0,0,0,0,0.00,0.00,0.00,0.00,0,False
Yunus Emre,Konak,Konak,Brentford,MID,9,131,0,0,0,0,0,0,0,0,0,0,0,0,0,0.0,0.0,0.0,0.0,0,0,0,0,0,0.00,0.00,0.00,0.00,0,False
Paris,Maghoma,Maghoma,Brentford,MID,9,132,0,0,0,0,0,0,0,0,0,0,0,0,0,0.0,0.0,0.0,0.0,0,0,0,0,0,0.00,0.00,0.00,0.00,0,False
Myles,Peart-Harris,Peart-Harris,Brentford,MID,9,133,0,0,0,0,0,0,0,0,0,0,0,0,0,0.0,0.0,0.0,0.0,0,0,0,0,0,0.00,0.00,0.00,0.00,0,False
Ryan,Trevitt,Trevitt,Brentford,MID,9,134,0,0,0,0,0,0,0,0,0,0,0,0,0,0.0,0.0,0.0,0.0,0,0,0,0,0,0.00,0.00,0.00,0.00,0,False
Yoane,Wissa,Wissa,Newcastle,FWD,9,135,0,0,0,0,0,0,0,0,0,0,0,0,0,0.0,0.0,0.0,0.0,0,0,0,0,0,0.00,0.00,0.00,0.00,0,False
Igor Thiago,Nascimento Rodrigues,Thiago,Brentford,FWD,9,136,90,1,0,0,2,0,0,0,1,0,0,0,16,41.0,2.4,75.0,11.8,2,4,1,7,1,1.10,0.01,1.11,2.30,5,False
Iwan,Morgan,Morgan,Brentford,FWD,9,137,0,0,0,0,0,0,0,0,0,0,0,0,0,0.0,0.0,0.0,0.0,0,0,0,0,0,0.00,0.00,0.00,0.00,0,False
Jason,Steele,Steele,Brighton,GKP,9,138,0,0,0,0,0,0,0,0,0,0,0,0,0,0.0,0.0,0.0,0.0,0,0,0,0,0,0.00,0.00,0.00,0.00,0,False
Bart,Verbruggen,Verbruggen,Brighton,GKP,9,139,90,0,0,0,4,0,0,0,0,0,5,0,10,38.0,0.0,0.0,3.8,0,9,0,0,1,0.00,0.00,0.00,1.29,1,False
Tom,McGill,McGill,Brighton,GKP,9,140,0,0,0,0,0,0,0,0,0,0,0,0,0,0.0,0.0,0.0,0.0,0,0,0,0,0,0.00,0.00,0.00,0.00,0,False
Carl,Rushworth,Rushworth,Brighton,GKP,9,141,0,0,0,0,0,0,0,0,0,0,0,0,0,0.0,0.0,0.0,0.0,0,0,0,0,0,0.00,0.00,0.00,0.00,0,False
Kjell,Scherpen,Scherpen,Brighton,GKP,9,142,0,0,0,0,0,0,0,0,0,0,0,0,0,0.0,0.0,0.0,0.0,0,0,0,0,0,0.00,0.00,0.00,0.00,0,False
Olivier,Boscagli,Boscagli,Brighton,DEF,9,143,0,0,0,0,0,0,0,0,0,0,0,0,0,0.0,0.0,0.0,0.0,0,0,0,0,0,0.00,0.00,0.00,0.00,0,False
Diego,Coppola,Coppola,Brighton,DEF,9,144,0,0,0,0,0,0,0,0,0,0,0,0,0,0.0,0.0,0.0,0.0,0,0,0,0,0,0.00,0.00,0.00,0.00,0,False
Maxim,De Cuyper,De Cuyper,Brighton,DEF,9,145,58,0,0,0,2,0,0,0,0,0,0,0,4,6.0,25.3,4.0,3.5,2,5,0,2,1,0.04,0.20,0.24,0.62,0,False
Lewis,Dunk,Dunk,Brighton,DEF,9,146,90,0,0,0,4,0,0,0,0,0,0,0,1,12.6,1.3,7.0,2.1,6,11,1,7,1,0.21,0.01,0.22,1.29,0,False
Pervis,Estupiñán Tenorio,Estupiñan,Brighton,DEF,9,147,0,0,0,0,0,0,0,0,0,0,0,0,0,0.0,0.0,0.0,0.0,0,0,0,0,0,0.00,0.00,0.00,0.00,0,False
Ferdi,Kadıoğlu,F.Kadıoğlu,Brighton,DEF,9,148,90,0,0,0,4,0,0,0,1,0,0,0,-4,12.6,7.0,12.0,3.2,2,5,2,4,1,0.13,0.05,0.18,1.29,-1,False
Igor Julio,dos Santos de Paulo,Igor,West Ham,DEF,9,149,0,0,0,0,0,0,0,0,0,0,0,0,0,0.0,0.0,0.0,0.0,0,0,0,0,0,0.00,0.00,0.00,0.00,0,False
Tariq,Lamptey,Lamptey,Brighton,DEF,9,150,0,0,0,0,0,0,0,0,0,0,0,0,0,0.0,0.0,0.0,0.0,0,0,0,0,0,0.00,0.00,0.00,0.00,0,False
Jan Paul,van Hecke,Van Hecke,Brighton,DEF,9,151,90,0,0,0,4,0,0,0,0,0,0,0,0,31.6,16.1,0.0,4.8,5,1,5,10,1,0.00,0.03,0.03,1.29,2,False
Joël,Veltman,Veltman,Brighton,DEF,9,152,0,0,0,0,0,0,0,0,0,0,0,0,0,0.0,0.0,0.0,0.0,0,0,0,0,0,0.00,0.00,0.00,0.00,0,False
Adam,Webster,Webster,Brighton,DEF,9,153,0,0,0,0,0,0,0,0,0,0,0,0,0,0.0,0.0,0.0,0.0,0,0,0,0,0,0.00,0.00,0.00,0.00,0,False
Eiran,Cashin,Cashin,Brighton,DEF,9,154,0,0,0,0,0,0,0,0,0,0,0,0,0,0.0,0.0,0.0,0.0,0,0,0,0,0,0.00,0.00,0.00,0.00,0,False
Jacob,Slater,Slater,Brighton,DEF,9,155,0,0,0,0,0,0,0,0,0,0,0,0,0,0.0,0.0,0.0,0.0,0,0,0,0,0,0.00,0.00,0.00,0.00,0,False
Charlie,Tasker,Tasker,Brighton,DEF,9,156,0,0,0,0,0,0,0,0,0,0,0,0,0,0.0,0.0,0.0,0.0,0,0,0,0,0,0.00,0.00,0.00,0.00,0,False
Mitoma,Kaoru,Mitoma,Brighton,MID,9,157,0,0,0,0,0,0,0,0,0,0,0,0,0,0.0,0.0,0.0,0.0,0,0,0,0,0,0.00,0.00,0.00,0.00,0,False
Georginio,Rutter,Georginio,Brighton,MID,9,158,78,0,0,0,3,0,0,0,0,0,0,0,8,4.6,13.7,4.0,2.2,0,1,0,1,1,0.00,0.07,0.07,0.86,2,False
Solly,March,March,Brighton,MID,9,159,0,0,0,0,0,0,0,0,0,0,0,0,0,0.0,0.0,0.0,0.0,0,0,0,0,0,0.00,0.00,0.00,0.00,0,False
Yankuba,Minteh,Minteh,Brighton,MID,9,160,90,0,1,0,4,0,0,0,0,0,0,0,16,4.4,12.3,10.0,2.7,0,3,2,5,1,0.03,0.02,0.05,1.29,5,False
Julio,Enciso Espínola,Enciso,Brighton,MID,9,161,0,0,0,0,0,0,0,0,0,0,0,0,0,0.0,0.0,0.0,0.0,0,0,0,0,0,0.00,0.00,0.00,0.00,0,False
Brajan,Gruda,Gruda,Brighton,MID,9,162,0,0,0,0,0,0,0,0,0,0,0,0,0,0.0,0.0,0.0,0.0,0,0,0,0,0,0.00,0.00,0.00,0.00,0,False
Jack,Hinshelwood,Hinshelwood,Brighton,MID,9,163,0,0,0,0,0,0,0,0,0,0,0,0,0,0.0,0.0,0.0,0.0,0,0,0,0,0,0.00,0.00,0.00,0.00,0,False
Matt,O'Riley,O'Riley,Brighton,MID,9,164,0,0,0,0,0,0,0,0,0,0,0,0,0,0.0,0.0,0.0,0.0,0,0,0,0,0,0.00,0.00,0.00,0.00,0,False
Abdallah,Sima,Sima,Brighton,MID,9,165,0,0,0,0,0,0,0,0,0,0,0,0,0,0.0,0.0,0.0,0.0,0,0,0,0,0,0.00,0.00,0.00,0.00,0,False
Yasin,Ayari,Ayari,Brighton,MID,9,166,59,0,0,0,2,0,0,0,0,0,0,0,10,1.0,3.4,8.0,1.2,5,6,0,11,1,0.08,0.01,0.09,0.62,1,False
Carlos,Baleba,Baleba,Brighton,MID,9,167,58,0,0,0,2,0,0,0,1,0,0,0,6,0.0,2.5,2.0,0.4,2,7,1,10,1,0.05,0.00,0.05,0.62,0,False
Facundo,Buonanotte,Buonanotte,Chelsea,MID,9,168,0,0,0,0,0,0,0,0,0,0,0,0,0,0.0,0.0,0.0,0.0,0,0,0,0,0,0.00,0.00,0.00,0.00,0,False
Diego,Gómez Amarilla,Gomez,Brighton,MID,9,169,30,0,0,0,2,0,0,0,0,0,0,0,3,7.8,2.0,6.0,1.6,2,3,2,7,0,0.04,0.00,0.04,0.67,1,False
James,Milner,Milner,Brighton,MID,9,170,31,0,1,0,2,0,0,0,0,0,0,0,24,24.4,34.2,0.0,5.9,1,2,0,3,0,0.00,0.28,0.28,0.67,4,False
Jeremy,Sarmiento Morante,Sarmiento,Brighton,MID,9,171,0,0,0,0,0,0,0,0,0,0,0,0,0,0.0,0.0,0.0,0.0,0,0,0,0,0,0.00,0.00,0.00,0.00,0,False
Tom,Watson,Watson,Brighton,MID,9,172,31,0,0,0,2,0,0,0,0,0,0,0,7,5.6,1.3,7.0,1.4,0,2,1,3,0,0.04,0.01,0.05,0.67,1,False
Mats,Wieffer,Wieffer,Brighton,MID,9,173,86,0,0,0,3,0,0,0,0,0,0,0,24,26.0,23.8,2.0,5.2,6,6,4,16,1,0.00,0.02,0.02,0.90,4,False
Malick,Yalcouyé,Yalcouye,Brighton,MID,9,174,0,0,0,0,0,0,0,0,0,0,0,0,0,0.0,0.0,0.0,0.0,0,0,0,0,0,0.00,0.00,0.00,0.00,0,False
Joe,Knight,Knight,Brighton,MID,9,175,0,0,0,0,0,0,0,0,0,0,0,0,0,0.0,0.0,0.0,0.0,0,0,0,0,0,0.00,0.00,0.00,0.00,0,False
Adrian,Mazilu,Mazilu,Brighton,MID,9,176,0,0,0,0,0,0,0,0,0,0,0,0,0,0.0,0.0,0.0,0.0,0,0,0,0,0,0.00,0.00,0.00,0.00,0,False
Andrew,Moran,Moran,Brighton,MID,9,177,0,0,0,0,0,0,0,0,0,0,0,0,0,0.0,0.0,0.0,0.0,0,0,0,0,0,0.00,0.00,0.00,0.00,0,False
Danny,Welbeck,Welbeck,Brighton,FWD,9,178,90,1,0,0,4,0,0,0,0,0,0,0,32,40.2,27.1,28.0,9.5,0,2,0,2,1,0.21,0.03,0.24,1.29,6,False
Evan,Ferguson,Ferguson,Brighton,FWD,9,179,0,0,0,0,0,0,0,0,0,0,0,0,0,0.0,0.0,0.0,0.0,0,0,0,0,0,0.00,0.00,0.00,0.00,0,False
Stefanos,Tzimas,Tzimas,Brighton,FWD,9,180,3,0,0,0,1,0,0,0,0,0,0,0,3,2.0,20.3,6.0,2.8,0,1,0,1,0,0.02,0.05,0.07,0.40,1,False
Charalampos,Kostoulas,Kostoulas,Brighton,FWD,9,181,11,1,0,0,1,0,0,0,0,0,0,0,29,34.2,0.5,40.0,7.5,0,2,0,2,0,0.27,0.01,0.28,0.43,5,False
James,Trafford,Trafford,Man City,GKP,9,182,0,0,0,0,0,0,0,0,0,0,0,0,0,0.0,0.0,0.0,0.0,0,0,0,0,0,0.00,0.00,0.00,0.00,0,False
Max,Weiß,Weiss,Burnley,GKP,9,183,0,0,0,0,0,0,0,0,0,0,0,0,0,0.0,0.0,0.0,0.0,0,0,0,0,0,0.00,0.00,0.00,0.00,0,False
Etienne,Green,Green,Burnley,GKP,9,184,0,0,0,0,0,0,0,0,0,0,0,0,0,0.0,0.0,0.0,0.0,0,0,0,0,0,0.00,0.00,0.00,0.00,0,False
Václav,Hladký,Hladký,Burnley,GKP,9,185,0,0,0,0,0,0,0,0,0,0,0,0,0,0.0,0.0,0.0,0.0,0,0,0,0,0,0.00,0.00,0.00,0.00,0,False
Connor,Roberts,Roberts,Burnley,DEF,9,186,0,0,0,0,0,0,0,0,0,0,0,0,0,0.0,0.0,0.0,0.0,0,0,0,0,0,0.00,0.00,0.00,0.00,0,False
Kyle,Walker,Walker,Burnley,DEF,9,187,90,0,0,0,2,0,0,0,0,0,0,0,12,26.8,2.3,0.0,2.9,13,6,3,16,1,0.00,0.01,0.01,2.52,3,False
Hannes,Delcroix,Delcroix,Burnley,DEF,9,188,0,0,0,0,0,0,0,0,0,0,0,0,0,0.0,0.0,0.0,0.0,0,0,0,0,0,0.00,0.00,0.00,0.00,0,False
Owen,Dodgson,Dodgson,Burnley,DEF,9,189,0,0,0,0,0,0,0,0,0,0,0,0,0,0.0,0.0,0.0,0.0,0,0,0,0,0,0.00,0.00,0.00,0.00,0,False
Hjalmar,Ekdal,Ekdal,Burnley,DEF,9,190,1,0,0,0,0,0,0,0,0,0,0,0,3,0.0,0.0,0.0,0.0,0,0,0,0,0,0.00,0.00,0.00,0.05,1,False
Maxime,Estève,Estève,Burnley,DEF,9,191,90,0,0,0,2,0,0,0,0,0,0,0,7,17.8,0.8,2.0,2.1,7,2,1,8,1,0.00,0.00,0.00,2.52,1,False
Quilindschy,Hartman,Hartman,Burnley,DEF,9,192,90,0,2,0,2,0,0,0,0,0,0,0,25,44.0,23.1,5.0,7.2,6,2,0,6,1,0.01,0.58,0.59,2.52,7,False
Bashir,Humphreys,Humphreys,Burnley,DEF,9,193,0,0,0,0,0,0,0,0,0,0,0,0,0,0.0,0.0,0.0,0.0,0,0,0,0,0,0.00,0.00,0.00,0.00,0,False
Jordan,Beyer,Jordan,Burnley,DEF,9,194,0,0,0,0,0,0,0,0,0,0,0,0,0,0.0,0.0,0.0,0.0,0,0,0,0,0,0.00,0.00,0.00,0.00,0,False
Lucas,Pires Silva,Lucas Pires,Burnley,DEF,9,195,0,0,0,0,0,0,0,0,0,0,0,0,0,0.0,0.0,0.0,0.0,0,0,0,0,0,0.00,0.00,0.00,0.00,0,False
Shurandy,Sambo,Sambo,Burnley,DEF,9,196,0,0,0,0,0,0,0,0,0,0,0,0,0,0.0,0.0,0.0,0.0,0,0,0,0,0,0.00,0.00,0.00,0.00,0,False
Oliver,Sonne,Sonne,Burnley,DEF,9,197,0,0,0,0,0,0,0,0,0,0,0,0,0,0.0,0.0,0.0,0.0,0,0,0,0,0,0.00,0.00,0.00,0.00,0,False
Axel,Tuanzebe,Tuanzebe,Burnley,DEF,9,198,90,0,0,0,2,0,0,0,0,0,0,0,4,16.0,0.6,0.0,1.7,9,1,0,9,1,0.00,0.00,0.00,2.52,1,False
Joe,Worrall,Worrall,Burnley,DEF,9,199,0,0,0,0,0,0,0,0,0,0,0,0,0,0.0,0.0,0.0,0.0,0,0,0,0,0,0.00,0.00,0.00,0.00,0,False
Jaidon,Anthony,Anthony,Burnley,MID,9,200,76,0,0,0,2,0,0,0,0,0,0,0,8,8.8,13.2,19.0,4.1,1,5,2,8,1,0.08,0.02,0.10,2.28,2,False
Manuel,Benson Hedilazio,Benson,Burnley,MID,9,201,0,0,0,0,0,0,0,0,0,0,0,0,0,0.0,0.0,0.0,0.0,0,0,0,0,0,0.00,0.00,0.00,0.00,0,False
Jacob,Bruun Larsen,Bruun Larsen,Burnley,MID,9,202,68,0,0,0,2,0,0,0,0,0,0,0,5,3.2,11.3,13.0,2.8,0,0,1,1,1,0.07,0.11,0.18,2.18,2,False
Enock,Agyei,Boateng,Burnley,MID,9,203,0,0,0,0,0,0,0,0,0,0,0,0,0,0.0,0.0,0.0,0.0,0,0,0,0,0,0.00,0.00,0.00,0.00,0,False
Darko,Churlinov,Churlinov,Burnley,MID,9,204,0,0,0,0,0,0,0,0,0,0,0,0,0,0.0,0.0,0.0,0.0,0,0,0,0,0,0.00,0.00,0.00,0.00,0,False
Josh,Cullen,Cullen,Burnley,MID,9,205,90,0,0,0,2,0,0,0,0,0,0,0,15,21.0,3.5,14.0,3.9,4,2,3,9,1,0.05,0.06,0.11,2.52,2,False
Marcus,Edwards,Edwards,Burnley,MID,9,206,0,0,0,0,0,0,0,0,0,0,0,0,0,0.0,0.0,0.0,0.0,0,0,0,0,0,0.00,0.00,0.00,0.00,0,False
Hannibal,Mejbri,Hannibal,Burnley,MID,9,207,1,0,1,0,0,0,0,0,0,0,0,0,16,17.2,13.3,0.0,3.1,0,1,0,1,0,0.00,0.28,0.28,0.05,4,False
Luca,Koleosho,Koleosho,Burnley,MID,9,208,0,0,0,0,0,0,0,0,0,0,0,0,0,0.0,0.0,0.0,0.0,0,0,0,0,0,0.00,0.00,0.00,0.00,0,False
Josh,Laurent,Laurent,Burnley,MID,9,209,21,0,0,0,0,0,0,0,0,0,0,0,7,5.6,0.4,0.0,0.6,1,0,2,3,0,0.00,0.00,0.00,0.34,1,False
Loum,Tchaouna,Tchaouna,Burnley,MID,9,210,0,0,0,0,0,0,0,0,0,0,0,0,0,0.0,0.0,0.0,0.0,0,0,0,0,0,0.00,0.00,0.00,0.00,0,False
Aaron,Ramsey,A.Ramsey,Burnley,MID,9,211,0,0,0,0,0,0,0,0,0,0,0,0,0,0.0,0.0,0.0,0.0,0,0,0,0,0,0.00,0.00,0.00,0.00,0,False
Oluwaseun,Adewumi,Adewumi,Burnley,MID,9,212,0,0,0,0,0,0,0,0,0,0,0,0,0,0.0,0.0,0.0,0.0,0,0,0,0,0,0.00,0.00,0.00,0.00,0,False
Jaydon,Banel,Banel,Burnley,MID,9,213,0,0,0,0,0,0,0,0,0,0,0,0,0,0.0,0.0,0.0,0.0,0,0,0,0,0,0.00,0.00,0.00,0.00,0,False
Mike,Trésor Ndayishimiye,Trésor,Burnley,MID,9,214,0,0,0,0,0,0,0,0,0,0,0,0,0,0.0,0.0,0.0,0.0,0,0,0,0,0,0.00,0.00,0.00,0.00,0,False
Zian,Flemming,Flemming,Burnley,FWD,9,215,90,2,0,0,2,0,0,0,0,0,0,3,68,78.8,12.0,65.0,15.6,2,2,1,5,1,0.71,0.02,0.73,2.52,13,True
Zeki,Amdouni,Amdouni,Burnley,FWD,9,216,0,0,0,0,0,0,0,0,0,0,0,0,0,0.0,0.0,0.0,0.0,0,0,0,0,0,0.00,0.00,0.00,0.00,0,False
Lyle,Foster,Foster,Burnley,FWD,9,217,13,1,0,0,0,0,0,0,0,0,0,2,32,35.0,10.0,17.0,6.2,0,0,0,0,0,0.37,0.00,0.37,0.24,7,False
Ashley,Barnes,Barnes,Burnley,FWD,9,218,0,0,0,0,0,0,0,0,0,0,0,0,0,0.0,0.0,0.0,0.0,0,0,0,0,0,0.00,0.00,0.00,0.00,0,False
Michael,Obafemi,Obafemi,Burnley,FWD,9,219,0,0,0,0,0,0,0,0,0,0,0,0,0,0.0,0.0,0.0,0.0,0,0,0,0,0,0.00,0.00,0.00,0.00,0,False
Robert,Lynch Sánchez,Sánchez,Chelsea,GKP,9,220,90,0,0,0,2,0,0,0,0,0,2,0,6,17.2,0.0,0.0,1.7,1,11,0,0,1,0.00,0.00,0.00,1.31,1,False
Filip,Jörgensen,Jörgensen,Chelsea,GKP,9,221,0,0,0,0,0,0,0,0,0,0,0,0,0,0.0,0.0,0.0,0.0,0,0,0,0,0,0.00,0.00,0.00,0.00,0,False
Mike,Penders,Penders,Chelsea,GKP,9,222,0,0,0,0,0,0,0,0,0,0,0,0,0,0.0,0.0,0.0,0.0,0,0,0,0,0,0.00,0.00,0.00,0.00,0,False
Gabriel,Słonina,Slonina,Chelsea,GKP,9,223,0,0,0,0,0,0,0,0,0,0,0,0,0,0.0,0.0,0.0,0.0,0,0,0,0,0,0.00,0.00,0.00,0.00,0,False
Marc,Cucurella Saseta,Cucurella,Chelsea,DEF,9,224,90,0,0,0,2,0,0,0,0,0,0,0,12,17.0,40.7,11.0,6.9,2,3,2,4,1,0.12,0.22,0.34,1.31,1,False
Reece,James,James,Chelsea,DEF,9,225,90,0,0,0,2,0,0,0,0,0,0,0,15,20.2,31.3,0.0,5.2,0,8,3,3,1,0.00,0.12,0.12,1.31,1,False
Trevoh,Chalobah,Chalobah,Chelsea,DEF,9,226,90,0,0,0,2,0,0,0,0,0,0,0,8,25.8,3.2,7.0,3.6,7,8,0,7,1,0.02,0.02,0.04,1.31,1,False
Levi,Samuels Colwill,Colwill,Chelsea,DEF,9,227,0,0,0,0,0,0,0,0,0,0,0,0,0,0.0,0.0,0.0,0.0,0,0,0,0,0,0.00,0.00,0.00,0.00,0,False
Malo,Gusto,Gusto,Chelsea,DEF,9,228,0,0,0,0,0,0,0,0,0,0,0,0,0,0.0,0.0,0.0,0.0,0,0,0,0,0,0.00,0.00,0.00,0.00,0,False
Benoît,Badiashile Mukinayi,B.Badiashile,Chelsea,DEF,9,229,0,0,0,0,0,0,0,0,0,0,0,0,0,0.0,0.0,0.0,0.0,0,0,0,0,0,0.00,0.00,0.00,0.00,0,False
Wesley,Fofana,Fofana,Chelsea,DEF,9,230,0,0,0,0,0,0,0,0,0,0,0,0,0,0.0,0.0,0.0,0.0,0,0,0,0,0,0.00,0.00,0.00,0.00,0,False
Mamadou,Sarr,M.Sarr,Chelsea,DEF,9,231,0,0,0,0,0,0,0,0,0,0,0,0,0,0.0,0.0,0.0,0.0,0,0,0,0,0,0.00,0.00,0.00,0.00,0,False
Tosin,Adarabioyo,Tosin,Chelsea,DEF,9,232,14,0,0,0,1,0,0,0,0,0,0,0,1,5.2,0.1,0.0,0.5,1,1,1,2,0,0.00,0.00,0.00,0.14,1,False
Josh,Acheampong,Acheampong,Chelsea,DEF,9,233,75,0,0,0,1,0,0,0,0,0,0,0,12,23.6,5.0,0.0,2.9,5,1,0,5,1,0.00,0.03,0.03,1.16,2,False
Aarón,Anselmino,Anselmino,Chelsea,DEF,9,234,0,0,0,0,0,0,0,0,0,0,0,0,0,0.0,0.0,0.0,0.0,0,0,0,0,0,0.00,0.00,0.00,0.00,0,False
Cole,Palmer,Palmer,Chelsea,MID,9,235,0,0,0,0,0,0,0,0,0,0,0,0,0,0.0,0.0,0.0,0.0,0,0,0,0,0,0.00,0.00,0.00,0.00,0,False
Pedro,Lomba Neto,Neto,Chelsea,MID,9,236,84,0,1,0,1,0,0,0,0,0,0,3,28,19.6,17.3,0.0,3.7,0,3,0,3,1,0.00,0.03,0.03,1.19,8,False
Enzo,Fernández,Enzo,Chelsea,MID,9,237,90,0,0,0,2,0,0,0,0,0,0,0,22,21.2,41.6,46.0,10.9,1,5,0,6,1,0.13,0.43,0.56,1.31,2,False
Estêvão,Almeida de Oliveira Gonçalves,Estêvão,Chelsea,MID,9,238,32,0,0,0,1,0,0,0,0,0,0,0,3,1.2,12.2,15.0,2.8,0,0,0,0,0,0.08,0.09,0.17,0.29,1,False
Jamie,Bynoe-Gittens,Gittens,Chelsea,MID,9,239,14,0,0,0,1,0,0,0,0,0,0,0,4,5.2,21.1,0.0,2.6,1,0,0,1,0,0.00,0.02,0.02,0.14,1,False
Christopher,Nkunku,Nkunku,Chelsea,MID,9,240,0,0,0,0,0,0,0,0,0,0,0,0,0,0.0,0.0,0.0,0.0,0,0,0,0,0,0.00,0.00,0.00,0.00,0,False
Moisés,Caicedo Corozo,Caicedo,Chelsea,MID,9,241,90,0,0,0,2,0,0,0,0,0,0,0,16,15.4,26.7,4.0,4.6,4,4,1,9,1,0.04,0.16,0.20,1.31,2,False
Kiernan,Dewsbury-Hall,Dewsbury-Hall,Everton,MID,9,242,90,0,0,0,3,0,0,0,0,0,0,0,9,0.2,11.6,12.0,2.4,0,1,0,1,1,0.21,0.54,0.75,2.08,2,False
Tyrique,George,George,Chelsea,MID,9,243,5,0,0,0,1,0,0,0,0,0,0,0,4,0.0,0.0,4.0,0.4,0,0,1,1,0,0.07,0.00,0.07,0.12,1,False
Roméo,Lavia,Lavia,Chelsea,MID,9,244,0,0,0,0,0,0,0,0,0,0,0,0,0,0.0,0.0,0.0,0.0,0,0,0,0,0,0.00,0.00,0.00,0.00,0,False
Mykhailo,Mudryk,Mudryk,Chelsea,MID,9,245,0,0,0,0,0,0,0,0,0,0,0,0,0,0.0,0.0,0.0,0.0,0,0,0,0,0,0.00,0.00,0.00,0.00,0,False
Andrey,Nascimento dos Santos,Andrey Santos,Chelsea,MID,9,246,5,0,0,0,1,0,0,0,1,0,0,0,-1,0.0,0.1,0.0,0.0,0,0,0,0,0,0.00,0.00,0.00,0.12,0,False
Dário,Luís Essugo,D.Essugo,Chelsea,MID,9,247,0,0,0,0,0,0,0,0,0,0,0,0,0,0.0,0.0,0.0,0.0,0,0,0,0,0,0.00,0.00,0.00,0.00,0,False
Kendry,Páez Andrade,Paez,Chelsea,MID,9,248,0,0,0,0,0,0,0,0,0,0,0,0,0,0.0,0.0,0.0,0.0,0,0,0,0,0,0.00,0.00,0.00,0.00,0,False
João Pedro,Junqueira de Jesus,João Pedro,Chelsea,FWD,9,249,84,0,0,0,1,0,0,0,0,0,0,0,5,10.4,13.6,6.0,3.0,2,2,0,4,1,0.00,0.02,0.02,1.19,2,False
Liam,Delap,Delap,Chelsea,FWD,9,250,0,0,0,0,0,0,0,0,0,0,0,0,0,0.0,0.0,0.0,0.0,0,0,0,0,0,0.00,0.00,0.00,0.00,0,False
Nicolas,Jackson,N.Jackson,Chelsea,FWD,9,251,0,0,0,0,0,0,0,0,0,0,0,0,0,0.0,0.0,0.0,0.0,0,0,0,0,0,0.00,0.00,0.00,0.00,0,False
Marc,Guiu Paz,Marc Guiu,Chelsea,FWD,9,252,75,0,0,0,1,0,0,0,0,0,0,0,4,0.0,1.1,24.0,2.3,0,0,0,0,1,0.22,0.00,0.22,1.16,2,False
Dean,Henderson,Henderson,Crystal Palace,GKP,9,253,90,0,0,0,1,0,0,0,0,0,2,0,9,17.4,0.0,0.0,1.7,0,4,0,0,1,0.00,0.01,0.01,1.08,2,False
Walter,Benítez,Benitez,Crystal Palace,GKP,9,254,0,0,0,0,0,0,0,0,0,0,0,0,0,0.0,0.0,0.0,0.0,0,0,0,0,0,0.00,0.00,0.00,0.00,0,False
Remi,Matthews,Matthews,Crystal Palace,GKP,9,255,0,0,0,0,0,0,0,0,0,0,0,0,0,0.0,0.0,0.0,0.0,0,0,0,0,0,0.00,0.00,0.00,0.00,0,False
Daniel,Muñoz Mejía,Muñoz,Crystal Palace,DEF,9,256,90,0,0,0,1,0,0,0,0,0,0,0,3,11.6,3.8,4.0,1.9,3,3,2,5,1,0.00,0.02,0.02,1.08,2,False
Maxence,Lacroix,Lacroix,Crystal Palace,DEF,9,257,90,0,0,0,1,0,0,0,0,0,0,0,21,29.8,0.6,3.0,3.3,19,1,2,21,1,0.01,0.00,0.01,1.08,4,False
Tyrick,Mitchell,Mitchell,Crystal Palace,DEF,9,258,90,0,0,0,1,0,0,0,0,0,0,0,10,14.4,5.7,2.0,2.2,5,6,2,7,1,0.00,0.03,0.03,1.08,2,False
Borna,Sosa,Sosa,Crystal Palace,DEF,9,259,1,0,0,0,0,0,0,0,0,0,0,0,3,0.0,0.0,0.0,0.0,0,1,0,0,0,0.00,0.00,0.00,0.00,1,False
Marc,Guéhi,Guéhi,Crystal Palace,DEF,9,260,90,0,0,0,1,0,0,0,0,0,0,0,9,23.2,0.8,9.0,3.3,9,2,1,10,1,0.09,0.01,0.10,1.08,4,False
Chris,Richards,Richards,Crystal Palace,DEF,9,261,90,0,0,0,1,0,0,0,0,0,0,0,9,18.2,0.9,0.0,1.9,8,1,1,9,1,0.00,0.01,0.01,1.08,2,False
Chadi,Riad Dnanou,Chadi Riad,Crystal Palace,DEF,9,262,0,0,0,0,0,0,0,0,0,0,0,0,0,0.0,0.0,0.0,0.0,0,0,0,0,0,0.00,0.00,0.00,0.00,0,False
Nathaniel,Clyne,Clyne,Crystal Palace,DEF,9,263,0,0,0,0,0,0,0,0,0,0,0,0,0,0.0,0.0,0.0,0.0,0,0,0,0,0,0.00,0.00,0.00,0.00,0,False
Rob,Holding,Holding,Crystal Palace,DEF,9,264,0,0,0,0,0,0,0,0,0,0,0,0,0,0.0,0.0,0.0,0.0,0,0,0,0,0,0.00,0.00,0.00,0.00,0,False
Caleb,Kporha,Kporha,Crystal Palace,DEF,9,265,0,0,0,0,0,0,0,0,0,0,0,0,0,0.0,0.0,0.0,0.0,0,0,0,0,0,0.00,0.00,0.00,0.00,0,False
Eberechi,Eze,Eze,Arsenal,MID,9,266,87,1,0,1,0,0,0,0,0,0,0,3,32,42.6,4.6,19.0,6.6,1,1,2,4,1,0.08,0.02,0.10,0.46,11,True
Ismaïla,Sarr,Sarr,Crystal Palace,MID,9,267,90,0,0,0,1,0,0,0,0,0,0,0,11,7.2,2.6,7.0,1.7,2,6,1,9,1,0.02,0.01,0.03,1.08,2,False
Cheick,Doucouré,Doucouré,Crystal Palace,MID,9,268,0,0,0,0,0,0,0,0,0,0,0,0,0,0.0,0.0,0.0,0.0,0,0,0,0,0,0.00,0.00,0.00,0.00,0,False
Romain,Esse,Esse,Crystal Palace,MID,9,269,0,0,0,0,0,0,0,0,0,0,0,0,0,0.0,0.0,0.0,0.0,0,0,0,0,0,0.00,0.00,0.00,0.00,0,False
Will,Hughes,Hughes,Crystal Palace,MID,9,270,16,0,0,0,0,0,0,0,0,0,0,0,4,3.0,15.2,4.0,2.2,0,1,0,1,0,0.00,0.03,0.03,0.00,1,False
Daichi,Kamada,Kamada,Crystal Palace,MID,9,271,73,0,0,0,1,0,0,0,0,0,0,0,8,5.6,1.4,2.0,0.9,3,7,1,11,1,0.00,0.02,0.02,1.08,2,False
Jefferson,Lerma Solís,Lerma,Crystal Palace,MID,9,272,1,0,0,0,0,0,0,0,0,0,0,0,3,0.2,0.3,0.0,0.1,0,1,0,1,0,0.00,0.01,0.01,0.00,1,False
Adam,Wharton,Wharton,Crystal Palace,MID,9,273,90,0,0,0,1,0,0,0,0,0,0,0,12,12.6,17.5,1.0,3.1,4,2,3,9,1,0.02,0.06,0.08,1.08,2,False
Asher,Agbinone,Agbinone,Crystal Palace,MID,9,274,0,0,0,0,0,0,0,0,0,0,0,0,0,0.0,0.0,0.0,0.0,0,0,0,0,0,0.00,0.00,0.00,0.00,0,False
Naouirou,Ahamada,Ahamada,Crystal Palace,MID,9,275,0,0,0,0,0,0,0,0,0,0,0,0,0,0.0,0.0,0.0,0.0,0,0,0,0,0,0.00,0.00,0.00,0.00,0,False
Justin,Devenny,Devenny,Crystal Palace,MID,9,276,0,0,0,0,0,0,0,0,0,0,0,0,0,0.0,0.0,0.0,0.0,0,0,0,0,0,0.00,0.00,0.00,0.00,0,False
Malcolm,Ebiowei,Ebiowei,Crystal Palace,MID,9,277,0,0,0,0,0,0,0,0,0,0,0,0,0,0.0,0.0,0.0,0.0,0,0,0,0,0,0.00,0.00,0.00,0.00,0,False
Jesurun,Rak-Sakyi,J.Rak-Sakyi,Crystal Palace,MID,9,278,0,0,0,0,0,0,0,0,0,0,0,0,0,0.0,0.0,0.0,0.0,0,0,0,0,0,0.00,0.00,0.00,0.00,0,False
Matheus,França de Oliveira,M.França,Crystal Palace,MID,9,279,0,0,0,0,0,0,0,0,0,0,0,0,0,0.0,0.0,0.0,0.0,0,0,0,0,0,0.00,0.00,0.00,0.00,0,False
David,Ozoh,Ozoh,Crystal Palace,MID,9,280,0,0,0,0,0,0,0,0,0,0,0,0,0,0.0,0.0,0.0,0.0,0,0,0,0,0,0.00,0.00,0.00,0.00,0,False
Kaden,Rodney,Rodney,Crystal Palace,MID,9,281,0,0,0,0,0,0,0,0,0,0,0,0,0,0.0,0.0,0.0,0.0,0,0,0,0,0,0.00,0.00,0.00,0.00,0,False
Franco,Umeh-Chibueze,Umeh,Crystal Palace,MID,9,282,0,0,0,0,0,0,0,0,0,0,0,0,0,0.0,0.0,0.0,0.0,0,0,0,0,0,0.00,0.00,0.00,0.00,0,False
Jean-Philippe,Mateta,Mateta,Crystal Palace,FWD,9,283,90,0,0,0,1,0,0,0,0,0,0,0,6,0.6,2.4,5.0,0.8,0,3,0,3,1,0.14,0.01,0.15,1.08,2,False
Eddie,Nketiah,Nketiah,Crystal Palace,FWD,9,284,31,0,0,0,0,0,0,0,0,0,0,0,6,6.0,11.8,19.0,3.7,1,1,0,2,0,0.19,0.08,0.27,0.24,1,False
Odsonne,Édouard,Édouard,Crystal Palace,FWD,9,285,0,0,0,0,0,0,0,0,0,0,0,0,0,0.0,0.0,0.0,0.0,0,0,0,0,0,0.00,0.00,0.00,0.00,0,False
Zach,Marsh,Marsh,Crystal Palace,FWD,9,286,0,0,0,0,0,0,0,0,0,0,0,0,0,0.0,0.0,0.0,0.0,0,0,0,0,0,0.00,0.00,0.00,0.00,0,False
Jordan,Pickford,Pickford,Everton,GKP,9,287,90,0,0,0,3,0,0,0,0,0,1,0,-2,6.4,0.0,0.0,0.6,2,11,0,0,1,0.00,0.00,0.00,2.08,1,False
Mark,Travers,Travers,Everton,GKP,9,288,0,0,0,0,0,0,0,0,0,0,0,0,0,0.0,0.0,0.0,0.0,0,0,0,0,0,0.00,0.00,0.00,0.00,0,False
Harry,Tyrer,Tyrer,Everton,GKP,9,289,0,0,0,0,0,0,0,0,0,0,0,0,0,0.0,0.0,0.0,0.0,0,0,0,0,0,0.00,0.00,0.00,0.00,0,False
Jarrad,Branthwaite,Branthwaite,Everton,DEF,9,290,0,0,0,0,0,0,0,0,0,0,0,0,0,0.0,0.0,0.0,0.0,0,0,0,0,0,0.00,0.00,0.00,0.00,0,False
James,Tarkowski,Tarkowski,Everton,DEF,9,291,90,0,0,0,3,0,0,0,0,0,0,0,6,16.0,14.5,2.0,3.3,6,0,1,7,1,0.00,0.06,0.06,2.08,1,False
Vitalii,Mykolenko,Mykolenko,Everton,DEF,9,292,90,0,0,0,3,0,0,0,0,0,0,0,-4,8.6,4.8,4.0,1.7,3,3,1,4,1,0.01,0.04,0.05,2.08,1,False
Jake,O'Brien,O'Brien,Everton,DEF,9,293,65,0,0,0,2,0,0,0,0,0,0,0,6,15.2,1.0,2.0,1.8,5,5,4,9,1,0.00,0.00,0.00,1.66,1,False
Séamus,Coleman,Coleman,Everton,DEF,9,294,0,0,0,0,0,0,0,0,0,0,0,0,0,0.0,0.0,0.0,0.0,0,0,0,0,0,0.00,0.00,0.00,0.00,0,False
Michael,Keane,Keane,Everton,DEF,9,295,90,0,0,0,3,0,0,0,0,0,0,0,2,16.0,4.3,0.0,2.0,6,4,1,7,1,0.00,0.01,0.01,2.08,1,False
Nathan,Patterson,Patterson,Everton,DEF,9,296,0,0,0,0,0,0,0,0,0,0,0,0,0,0.0,0.0,0.0,0.0,0,0,0,0,0,0.00,0.00,0.00,0.00,0,False
Roman,Dixon,Dixon,Everton,DEF,9,297,0,0,0,0,0,0,0,0,0,0,0,0,0,0.0,0.0,0.0,0.0,0,0,0,0,0,0.00,0.00,0.00,0.00,0,False
Reece,Welch,Welch,Everton,DEF,9,298,0,0,0,0,0,0,0,0,0,0,0,0,0,0.0,0.0,0.0,0.0,0,0,0,0,0,0.00,0.00,0.00,0.00,0,False
Iliman,Ndiaye,Ndiaye,Everton,MID,9,299,90,0,0,0,3,0,0,0,0,0,0,0,11,13.8,3.7,21.0,3.9,1,6,3,10,1,0.17,0.56,0.73,2.08,2,False
Dwight,McNeil,McNeil,Everton,MID,9,300,0,0,0,0,0,0,0,0,0,0,0,0,0,0.0,0.0,0.0,0.0,0,0,0,0,0,0.00,0.00,0.00,0.00,0,False
Carlos,Alcaraz Durán,Alcaraz,Everton,MID,9,301,4,0,0,0,1,0,0,0,0,0,0,0,3,0.0,0.0,0.0,0.0,0,0,0,0,0,0.00,0.00,0.00,0.42,1,False
Idrissa Gana,Gueye,Gana,Everton,MID,9,302,85,0,0,0,2,0,0,0,0,0,0,0,17,5.2,1.8,7.0,1.4,2,7,2,11,1,0.08,0.02,0.10,1.66,2,False
James,Garner,Garner,Everton,MID,9,303,90,0,0,0,3,0,0,0,1,0,0,0,19,15.2,20.0,5.0,4.0,2,2,6,10,1,0.11,0.13,0.24,2.08,1,False
Tim,Iroegbunam,Iroegbunam,Everton,MID,9,304,0,0,0,0,0,0,0,0,0,0,0,0,0,0.0,0.0,0.0,0.0,0,0,0,0,0,0.00,0.00,0.00,0.00,0,False
Harrison,Armstrong,Armstrong,Everton,MID,9,305,0,0,0,0,0,0,0,0,0,0,0,0,0,0.0,0.0,0.0,0.0,0,0,0,0,0,0.00,0.00,0.00,0.00,0,False
Callum,Bates,Bates,Everton,MID,9,306,0,0,0,0,0,0,0,0,0,0,0,0,0,0.0,0.0,0.0,0.0,0,0,0,0,0,0.00,0.00,0.00,0.00,0,False
Coby,Ebere,Ebere,Everton,MID,9,307,0,0,0,0,0,0,0,0,0,0,0,0,0,0.0,0.0,0.0,0.0,0,0,0,0,0,0.00,0.00,0.00,0.00,0,False
Isaac,Heath,Heath,Everton,MID,9,308,0,0,0,0,0,0,0,0,0,0,0,0,0,0.0,0.0,0.0,0.0,0,0,0,0,0,0.00,0.00,0.00,0.00,0,False
Jenson,Metcalfe,Metcalfe,Everton,MID,9,309,0,0,0,0,0,0,0,0,0,0,0,0,0,0.0,0.0,0.0,0.0,0,0,0,0,0,0.00,0.00,0.00,0.00,0,False
Thierno,Barry,Barry,Everton,FWD,9,310,24,0,0,0,1,0,0,0,0,0,0,0,1,0.0,1.3,0.0,0.1,0,0,0,0,0,0.03,0.01,0.04,0.42,1,False
Norberto Bercique,Gomes Betuncal,Beto,Everton,FWD,9,311,65,0,0,0,2,0,0,0,0,0,0,0,9,11.2,10.8,39.0,6.1,4,1,0,5,1,0.56,0.00,0.56,1.66,2,False
Youssef,Ramalho Chermiti,Y.Chermiti,Everton,FWD,9,312,0,0,0,0,0,0,0,0,0,0,0,0,0,0.0,0.0,0.0,0.0,0,0,0,0,0,0.00,0.00,0.00,0.00,0,False
Martin,Sherif,Sherif,Everton,FWD,9,313,0,0,0,0,0,0,0,0,0,0,0,0,0,0.0,0.0,0.0,0.0,0,0,0,0,0,0.00,0.00,0.00,0.00,0,False
Bernd,Leno,Leno,Fulham,GKP,9,314,90,0,0,0,2,0,0,0,0,0,5,0,13,36.2,0.0,0.0,3.6,1,6,0,0,1,0.00,0.00,0.00,2.14,2,False
Steven,Benda,Benda,Fulham,GKP,9,315,0,0,0,0,0,0,0,0,0,0,0,0,0,0.0,0.0,0.0,0.0,0,0,0,0,0,0.00,0.00,0.00,0.00,0,False
Antonee,Robinson,Robinson,Fulham,DEF,9,316,0,0,0,0,0,0,0,0,0,0,0,0,0,0.0,0.0,0.0,0.0,0,0,0,0,0,0.00,0.00,0.00,0.00,0,False
Joachim,Andersen,Andersen,Fulham,DEF,9,317,0,0,0,0,0,0,0,0,0,0,0,0,0,0.0,0.0,0.0,0.0,0,0,0,0,0,0.00,0.00,0.00,0.00,0,False
Calvin,Bassey,Bassey,Fulham,DEF,9,318,90,0,0,0,2,0,0,0,0,0,0,0,-1,8.2,1.4,0.0,1.0,6,4,2,8,1,0.00,0.00,0.00,2.14,1,False
Timothy,Castagne,Castagne,Fulham,DEF,9,319,1,0,0,0,0,0,0,0,0,0,0,0,3,1.0,0.0,0.0,0.1,1,0,0,1,0,0.00,0.00,0.00,0.02,1,False
Issa,Diop,Diop,Fulham,DEF,9,320,90,0,0,0,2,0,0,0,0,0,0,0,5,12.6,0.5,0.0,1.3,4,3,2,6,1,0.00,0.01,0.01,2.14,1,False
Jorge,Cuenca Barreno,J.Cuenca,Fulham,DEF,9,321,0,0,0,0,0,0,0,0,0,0,0,0,0,0.0,0.0,0.0,0.0,0,0,0,0,0,0.00,0.00,0.00,0.00,0,False
Kenny,Tete,Tete,Fulham,DEF,9,322,90,0,0,0,2,0,0,0,1,0,0,0,8,21.0,1.5,0.0,2.3,6,4,4,10,1,0.00,0.01,0.01,2.12,2,False
Samuel,Amissah,Amissah,Fulham,DEF,9,323,0,0,0,0,0,0,0,0,0,0,0,0,0,0.0,0.0,0.0,0.0,0,0,0,0,0,0.00,0.00,0.00,0.00,0,False
Alex,Iwobi,Iwobi,Fulham,MID,9,324,90,0,0,0,2,0,0,0,1,0,0,0,6,0.8,5.7,13.0,2.0,0,4,0,4,1,0.10,0.01,0.11,2.12,1,False
Emile,Smith Rowe,Smith Rowe,Fulham,MID,9,325,45,0,0,0,1,0,0,0,0,0,0,0,5,10.8,13.9,15.0,4.0,3,1,0,4,1,0.10,0.03,0.13,0.93,1,False
Adama,Traoré Diarra,Adama,Fulham,MID,9,326,75,0,0,0,1,0,0,0,0,0,0,0,13,1.4,4.2,6.0,1.2,1,3,1,5,1,0.06,0.02,0.08,1.32,2,False
Andreas,Hoelgebaum Pereira,Andreas,Fulham,MID,9,327,0,0,0,0,0,0,0,0,0,0,0,0,0,0.0,0.0,0.0,0.0,0,0,0,0,0,0.00,0.00,0.00,0.00,0,False
Ryan,Sessegnon,Sessegnon,Fulham,MID,9,328,90,0,0,0,2,0,0,0,0,0,0,0,14,16.0,13.3,0.0,2.9,6,7,1,14,1,0.00,0.05,0.05,2.14,4,False
Harry,Wilson,Wilson,Fulham,MID,9,329,0,0,0,0,0,0,0,0,0,0,0,0,0,0.0,0.0,0.0,0.0,0,0,0,0,0,0.00,0.00,0.00,0.00,0,False
Sander,Berge,Berge,Fulham,MID,9,330,90,0,0,0,2,0,0,0,0,0,0,0,15,14.0,12.7,9.0,3.6,4,3,0,7,1,0.04,0.02,0.06,2.14,2,False
Tom,Cairney,Cairney,Fulham,MID,9,331,5,0,0,0,1,0,0,0,0,0,0,0,3,0.2,0.3,0.0,0.1,0,1,0,1,0,0.00,0.00,0.00,0.51,1,False
Saša,Lukić,Lukić,Fulham,MID,9,332,84,1,0,0,1,0,0,0,0,0,0,2,34,41.8,27.5,35.0,10.4,2,3,3,8,1,0.53,0.07,0.60,1.63,9,False
Martial,Godo,Godo,Fulham,MID,9,333,0,0,0,0,0,0,0,0,0,0,0,0,0,0.0,0.0,0.0,0.0,0,0,0,0,0,0.00,0.00,0.00,0.00,0,False
Luke,Harris,Harris,Fulham,MID,9,334,0,0,0,0,0,0,0,0,0,0,0,0,0,0.0,0.0,0.0,0.0,0,0,0,0,0,0.00,0.00,0.00,0.00,0,False
Josh,King,King,Fulham,MID,9,335,14,0,0,0,1,0,0,0,0,0,0,0,3,4.4,0.0,0.0,0.4,0,1,2,3,0,0.00,0.00,0.00,0.82,1,False
Harrison,Reed,Reed,Fulham,MID,9,336,0,0,0,0,0,0,0,0,0,0,0,0,0,0.0,0.0,0.0,0.0,0,0,0,0,0,0.00,0.00,0.00,0.00,0,False
Raúl,Jiménez Rodríguez,Raúl,Fulham,FWD,9,337,90,0,1,0,2,0,0,0,0,0,0,0,15,10.2,4.1,72.0,8.6,0,3,2,5,1,0.71,0.03,0.74,2.14,5,False
Rodrigo,Muniz Carvalho,Muniz,Fulham,FWD,9,338,0,0,0,0,0,0,0,0,0,0,0,0,0,0.0,0.0,0.0,0.0,0,0,0,0,0,0.00,0.00,0.00,0.00,0,False
Illan,Meslier,Meslier,Leeds,GKP,9,339,0,0,0,0,0,0,0,0,0,0,0,0,0,0.0,0.0,0.0,0.0,0,0,0,0,0,0.00,0.00,0.00,0.00,0,False
Alex,Cairns,Cairns,Leeds,GKP,9,340,0,0,0,0,0,0,0,0,0,0,0,0,0,0.0,0.0,0.0,0.0,0,0,0,0,0,0.00,0.00,0.00,0.00,0,False
Karl,Darlow,Darlow,Leeds,GKP,9,341,0,0,0,0,0,0,0,0,0,0,0,0,0,0.0,0.0,0.0,0.0,0,0,0,0,0,0.00,0.00,0.00,0.00,0,False
Jayden,Bogle,Bogle,Leeds,DEF,9,342,90,0,0,0,1,0,0,0,0,0,0,0,16,23.2,14.5,17.0,5.5,4,3,5,9,1,0.03,0.17,0.20,0.65,2,False
Pascal,Struijk,Struijk,Leeds,DEF,9,343,0,0,0,0,0,0,0,0,0,0,0,0,0,0.0,0.0,0.0,0.0,0,0,0,0,0,0.00,0.00,0.00,0.00,0,False
Jaka,Bijol,Bijol,Leeds,DEF,9,344,90,0,0,0,1,0,0,0,0,0,0,0,18,24.8,10.2,0.0,3.5,12,5,2,14,1,0.00,0.00,0.00,0.65,4,False
Sebastiaan,Bornauw,Bornauw,Leeds,DEF,9,345,0,0,0,0,0,0,0,0,0,0,0,0,0,0.0,0.0,0.0,0.0,0,0,0,0,0,0.00,0.00,0.00,0.00,0,False
Sam,Byram,Byram,Leeds,DEF,9,346,0,0,0,0,0,0,0,0,0,0,0,0,0,0.0,0.0,0.0,0.0,0,0,0,0,0,0.00,0.00,0.00,0.00,0,False
Gabriel,Gudmundsson,Gudmundsson,Leeds,DEF,9,347,43,0,0,0,0,0,0,0,0,0,0,0,7,9.0,14.2,2.0,2.5,4,0,0,4,1,0.00,0.11,0.11,0.10,1,False
Joe,Rodon,Rodon,Leeds,DEF,9,348,90,1,0,0,1,0,0,0,0,0,0,3,35,61.6,10.1,33.0,10.5,10,4,1,11,1,0.25,0.00,0.25,0.65,13,True
Isaac,Schmidt,Schmidt,Leeds,DEF,9,349,0,0,0,0,0,0,0,0,0,0,0,0,0,0.0,0.0,0.0,0.0,0,0,0,0,0,0.00,0.00,0.00,0.00,0,False
Brenden,Aaronson,Aaronson,Leeds,MID,9,350,86,1,0,1,0,0,0,0,0,0,0,3,35,53.0,32.5,40.0,12.6,2,4,3,9,1,0.57,0.26,0.83,0.58,11,True
Wilfried,Gnonto,Gnonto,Leeds,MID,9,351,0,0,0,0,0,0,0,0,0,0,0,0,0,0.0,0.0,0.0,0.0,0,0,0,0,0,0.00,0.00,0.00,0.00,0,False
Jack,Harrison,Harrison,Leeds,MID,9,352,45,0,0,0,1,0,0,0,0,0,0,0,7,7.8,2.9,9.0,2.0,1,1,1,3,0,0.08,0.01,0.09,0.31,1,False
Daniel,James,James,Leeds,MID,9,353,3,0,0,0,1,0,0,0,0,0,0,0,3,0.0,0.0,0.0,0.0,0,0,0,0,0,0.00,0.00,0.00,0.07,1,False
Ethan,Ampadu,Ampadu,Leeds,MID,9,354,90,0,0,0,1,0,0,0,0,0,0,0,12,15.6,15.1,6.0,3.7,7,5,2,14,1,0.23,0.01,0.24,0.65,4,False
Sam,Greenwood,Greenwood,Leeds,MID,9,355,0,0,0,0,0,0,0,0,0,0,0,0,0,0.0,0.0,0.0,0.0,0,0,0,0,0,0.00,0.00,0.00,0.00,0,False
Ilia,Gruev,Gruev,Leeds,MID,9,356,18,0,0,0,1,0,0,0,1,0,0,0,2,0.4,0.3,0.0,0.1,0,2,1,3,0,0.00,0.00,0.00,0.22,0,False
Largie,Ramazani,Ramazani,Leeds,MID,9,357,0,0,0,0,0,0,0,0,0,0,0,0,0,0.0,0.0,0.0,0.0,0,0,0,0,0,0.00,0.00,0.00,0.00,0,False
Tanaka,Ao,Tanaka,Leeds,MID,9,358,71,0,0,1,0,0,0,0,0,0,0,0,3,0.0,0.9,1.0,0.0,1,2,0,3,1,0.07,0.01,0.08,0.43,3,False
Charlie,Crew,Crew,Leeds,MID,9,359,0,0,0,0,0,0,0,0,0,0,0,0,0,0.0,0.0,0.0,0.0,0,0,0,0,0,0.00,0.00,0.00,0.00,0,False
Joe,Gelhardt,Gelhardt,Leeds,MID,9,360,0,0,0,0,0,0,0,0,0,0,0,0,0,0.0,0.0,0.0,0.0,0,0,0,0,0,0.00,0.00,0.00,0.00,0,False
Darko,Gyabi,Gyabi,Leeds,MID,9,361,0,0,0,0,0,0,0,0,0,0,0,0,0,0.0,0.0,0.0,0.0,0,0,0,0,0,0.00,0.00,0.00,0.00,0,False
Joël,Piroe,Piroe,Leeds,FWD,9,362,0,0,0,0,0,0,0,0,0,0,0,0,0,0.0,0.0,0.0,0.0,0,0,0,0,0,0.00,0.00,0.00,0.00,0,False
Patrick,Bamford,Bamford,Leeds,FWD,9,363,0,0,0,0,0,0,0,0,0,0,0,0,0,0.0,0.0,0.0,0.0,0,0,0,0,0,0.00,0.00,0.00,0.00,0,False
Mateo,Joseph Fernández-Regatillo,Mateo Joseph,Leeds,FWD,9,364,0,0,0,0,0,0,0,0,0,0,0,0,0,0.0,0.0,0.0,0.0,0,0,0,0,0,0.00,0.00,0.00,0.00,0,False
Lukas,Nmecha,Nmecha,Leeds,FWD,9,365,3,0,0,0,1,0,0,0,0,0,0,0,4,0.0,0.3,0.0,0.0,0,0,0,0,0,0.00,0.00,0.00,0.07,1,False
Alisson,Becker,A.Becker,Liverpool,GKP,9,366,0,0,0,0,0,0,0,0,0,0,0,0,0,0.0,0.0,0.0,0.0,0,0,0,0,0,0.00,0.00,0.00,0.00,0,False
Giorgi,Mamardashvili,Mamardashvili,Liverpool,GKP,9,367,90,0,0,0,3,0,0,0,0,0,5,0,11,38.4,0.0,0.0,3.8,3,10,0,0,1,0.00,0.00,0.00,2.75,2,False
Ármin,Pécsi,Pécsi,Liverpool,GKP,9,368,0,0,0,0,0,0,0,0,0,0,0,0,0,0.0,0.0,0.0,0.0,0,0,0,0,0,0.00,0.00,0.00,0.00,0,False
Freddie,Woodman,Woodman,Liverpool,GKP,9,369,0,0,0,0,0,0,0,0,0,0,0,0,0,0.0,0.0,0.0,0.0,0,0,0,0,0,0.00,0.00,0.00,0.00,0,False
Jeremie,Frimpong,Frimpong,Liverpool,DEF,9,370,0,0,0,0,0,0,0,0,0,0,0,0,0,0.0,0.0,0.0,0.0,0,0,0,0,0,0.00,0.00,0.00,0.00,0,False
Milos,Kerkez,Kerkez,Liverpool,DEF,9,371,60,1,0,0,3,0,0,0,1,0,0,0,11,41.8,7.0,35.0,8.4,3,1,1,4,1,0.60,0.02,0.62,2.37,6,False
Andrew,Robertson,Robertson,Liverpool,DEF,9,372,29,0,0,0,0,0,0,0,0,0,0,0,7,6.4,1.0,2.0,0.9,2,3,1,3,0,0.00,0.01,0.01,0.39,1,False
Virgil,van Dijk,Virgil,Liverpool,DEF,9,373,90,0,0,0,3,0,0,0,0,0,0,0,7,29.4,13.6,8.0,5.1,14,3,2,16,1,0.00,0.03,0.03,2.75,3,False
Ibrahima,Konaté,Konaté,Liverpool,DEF,9,374,90,0,0,0,3,0,0,0,0,0,0,0,8,25.4,11.8,4.0,4.1,6,2,4,10,1,0.00,0.01,0.01,2.75,3,False
Conor,Bradley,Bradley,Liverpool,DEF,9,375,61,0,1,0,3,0,0,0,0,0,0,0,9,13.8,3.2,0.0,1.7,3,3,2,5,1,0.00,0.02,0.02,2.37,4,False
Joe,Gomez,Gomez,Liverpool,DEF,9,376,7,0,0,0,0,0,0,0,0,0,0,0,2,0.0,0.3,6.0,0.5,0,0,0,0,0,0.13,0.07,0.20,0.21,1,False
Konstantinos,Tsimikas,Tsimikas,Liverpool,DEF,9,377,0,0,0,0,0,0,0,0,0,0,0,0,0,0.0,0.0,0.0,0.0,0,0,0,0,0,0.00,0.00,0.00,0.00,0,False
Amara,Nallo,Nallo,Liverpool,DEF,9,378,0,0,0,0,0,0,0,0,0,0,0,0,0,0.0,0.0,0.0,0.0,0,0,0,0,0,0.00,0.00,0.00,0.00,0,False
Rhys,Williams,R.Williams,Liverpool,DEF,9,379,0,0,0,0,0,0,0,0,0,0,0,0,0,0.0,0.0,0.0,0.0,0,0,0,0,0,0.00,0.00,0.00,0.00,0,False
Calvin,Ramsay,Ramsay,Liverpool,DEF,9,380,0,0,0,0,0,0,0,0,0,0,0,0,0,0.0,0.0,0.0,0.0,0,0,0,0,0,0.00,0.00,0.00,0.00,0,False
Mohamed,Salah,M.Salah,Liverpool,MID,9,381,90,1,0,0,3,0,0,0,1,0,0,0,15,34.8,15.5,57.0,10.7,1,1,0,2,1,0.68,0.06,0.74,2.75,6,False
Florian,Wirtz,Wirtz,Liverpool,MID,9,382,82,0,0,0,3,0,0,0,0,0,0,0,11,6.2,18.1,8.0,3.2,1,4,1,6,1,0.18,0.13,0.31,2.54,2,False
Luis,Díaz Marulanda,Luis Díaz,Liverpool,MID,9,383,0,0,0,0,0,0,0,0,0,0,0,0,0,0.0,0.0,0.0,0.0,0,0,0,0,0,0.00,0.00,0.00,0.00,0,False
Cody,Gakpo,Gakpo,Liverpool,MID,9,384,60,0,0,0,3,0,0,0,0,0,0,0,14,3.6,33.1,3.0,4.0,0,1,0,1,1,0.04,0.48,0.52,2.37,2,False
Federico,Chiesa,Chiesa,Liverpool,MID,9,385,29,0,0,0,0,0,0,0,0,0,0,0,6,6.6,1.0,9.0,1.7,1,1,2,4,0,0.08,0.01,0.09,0.39,1,False
Alexis,Mac Allister,Mac Allister,Liverpool,MID,9,386,28,0,0,0,0,0,0,0,0,0,0,0,5,10.0,19.0,5.0,3.4,2,2,1,5,0,0.17,0.06,0.23,0.39,1,False
Dominik,Szoboszlai,Szoboszlai,Liverpool,MID,9,387,90,0,1,0,3,0,0,0,0,0,0,3,37,59.4,43.0,13.0,11.5,6,10,6,22,1,0.03,0.23,0.26,2.75,10,False
Curtis,Jones,C.Jones,Liverpool,MID,9,388,69,0,0,0,3,0,0,0,0,0,0,0,20,15.4,6.8,9.0,3.1,1,9,1,11,1,0.04,0.05,0.09,2.54,2,False
Harvey,Elliott,Elliott,Aston Villa,MID,9,389,0,0,0,0,0,0,0,0,0,0,0,0,0,0.0,0.0,0.0,0.0,0,0,0,0,0,0.00,0.00,0.00,0.00,0,False
Ryan,Gravenberch,Gravenberch,Liverpool,MID,9,390,0,0,0,0,0,0,0,0,0,0,0,0,0,0.0,0.0,0.0,0.0,0,0,0,0,0,0.00,0.00,0.00,0.00,0,False
Ben,Gannon-Doak,Gannon-Doak,Bournemouth,MID,9,391,0,0,0,0,0,0,0,0,0,0,0,0,0,0.0,0.0,0.0,0.0,0,0,0,0,0,0.00,0.00,0.00,0.00,0,False
Endo,Wataru,Endo,Liverpool,MID,9,392,0,0,0,0,0,0,0,0,0,0,0,0,0,0.0,0.0,0.0,0.0,0,0,0,0,0,0.00,0.00,0.00,0.00,0,False
Stefan,Bajčetić Maquieira,Bajcetic,Liverpool,MID,9,393,0,0,0,0,0,0,0,0,0,0,0,0,0,0.0,0.0,0.0,0.0,0,0,0,0,0,0.00,0.00,0.00,0.00,0,False
James,McConnell,McConnell,Liverpool,MID,9,394,0,0,0,0,0,0,0,0,0,0,0,0,0,0.0,0.0,0.0,0.0,0,0,0,0,0,0.00,0.00,0.00,0.00,0,False
Tyler,Morton,Morton,Liverpool,MID,9,395,0,0,0,0,0,0,0,0,0,0,0,0,0,0.0,0.0,0.0,0.0,0,0,0,0,0,0.00,0.00,0.00,0.00,0,False
Trey,Nyoni,Nyoni,Liverpool,MID,9,396,0,0,0,0,0,0,0,0,0,0,0,0,0,0.0,0.0,0.0,0.0,0,0,0,0,0,0.00,0.00,0.00,0.00,0,False
Darwin,Núñez Ribeiro,Darwin,Liverpool,FWD,9,397,0,0,0,0,0,0,0,0,0,0,0,0,0,0.0,0.0,0.0,0.0,0,0,0,0,0,0.00,0.00,0.00,0.00,0,False
Jayden,Danns,Danns,Liverpool,FWD,9,398,0,0,0,0,0,0,0,0,0,0,0,0,0,0.0,0.0,0.0,0.0,0,0,0,0,0,0.00,0.00,0.00,0.00,0,False
Ederson,Santana de Moraes,Ederson M.,Man City,GKP,9,399,0,0,0,0,0,0,0,0,0,0,0,0,0,0.0,0.0,0.0,0.0,0,0,0,0,0,0.00,0.00,0.00,0.00,0,False
Stefan,Ortega Moreno,Ortega Moreno,Man City,GKP,9,400,0,0,0,0,0,0,0,0,0,0,0,0,0,0.0,0.0,0.0,0.0,0,0,0,0,0,0.00,0.00,0.00,0.00,0,False
Marcus,Bettinelli,Bettinelli,Man City,GKP,9,401,0,0,0,0,0,0,0,0,0,0,0,0,0,0.0,0.0,0.0,0.0,0,0,0,0,0,0.00,0.00,0.00,0.00,0,False
Rayan,Aït-Nouri,Aït-Nouri,Man City,DEF,9,402,0,0,0,0,0,0,0,0,0,0,0,0,0,0.0,0.0,0.0,0.0,0,0,0,0,0,0.00,0.00,0.00,0.00,0,False
Joško,Gvardiol,Gvardiol,Man City,DEF,9,403,90,0,0,0,1,0,0,0,0,0,0,0,6,4.6,5.3,10.0,2.0,2,5,1,3,1,0.07,0.05,0.12,0.81,2,False
Manuel,Akanji,Akanji,Man City,DEF,9,404,0,0,0,0,0,0,0,0,0,0,0,0,0,0.0,0.0,0.0,0.0,0,0,0,0,0,0.00,0.00,0.00,0.00,0,False
Nathan,Aké,Aké,Man City,DEF,9,405,0,0,0,0,0,0,0,0,0,0,0,0,0,0.0,0.0,0.0,0.0,0,0,0,0,0,0.00,0.00,0.00,0.00,0,False
Abdukodir,Khusanov,Khusanov,Man City,DEF,9,406,0,0,0,0,0,0,0,0,0,0,0,0,0,0.0,0.0,0.0,0.0,0,0,0,0,0,0.00,0.00,0.00,0.00,0,False
Matheus,Nunes,Matheus N.,Man City,DEF,9,407,90,0,0,0,1,0,0,0,0,0,0,0,16,17.2,8.4,1.0,2.7,5,5,2,7,1,0.03,0.04,0.07,0.81,2,False
Rúben,dos Santos Gato Alves Dias,Rúben,Man City,DEF,9,408,90,0,0,0,1,0,0,0,0,0,0,0,14,39.6,13.3,10.0,6.3,12,2,0,12,1,0.13,0.02,0.15,0.81,4,False
John,Stones,Stones,Man City,DEF,9,409,60,0,0,0,1,0,0,0,0,0,0,0,3,15.8,13.5,0.0,2.9,3,2,0,3,1,0.00,0.02,0.02,0.54,2,False
Rico,Lewis,Lewis,Man City,DEF,9,410,0,0,0,0,0,0,0,0,0,0,0,0,0,0.0,0.0,0.0,0.0,0,0,0,0,0,0.00,0.00,0.00,0.00,0,False
Nico,O'Reilly,O’Reilly,Man City,DEF,9,411,29,0,0,0,0,0,0,0,0,0,0,0,1,8.6,11.1,17.0,3.7,1,1,3,4,0,0.13,0.07,0.20,0.27,1,False
Vitor,de Oliveira Nunes dos Reis,Vitor Reis,Man City,DEF,9,412,0,0,0,0,0,0,0,0,0,0,0,0,0,0.0,0.0,0.0,0.0,0,0,0,0,0,0.00,0.00,0.00,0.00,0,False
Omar,Marmoush,Marmoush,Man City,MID,9,413,6,0,0,0,0,0,0,0,0,0,0,0,2,0.0,0.3,0.0,0.0,0,0,0,0,0,0.00,0.00,0.00,0.00,1,False
Phil,Foden,Foden,Man City,MID,9,414,90,0,0,0,1,0,0,0,1,0,0,0,20,22.8,98.9,16.0,13.8,0,4,2,6,1,0.27,0.30,0.57,0.81,1,False
Sávio,Moreira de Oliveira,Savinho,Man City,MID,9,415,83,0,0,0,1,0,0,0,1,0,0,0,1,5.6,9.9,17.0,3.3,1,5,2,8,1,0.07,0.10,0.17,0.81,1,False
Bernardo,Mota Veiga de Carvalho e Silva,Bernardo,Man City,MID,9,416,60,0,0,0,1,0,0,0,0,0,0,0,12,3.4,14.8,4.0,2.2,2,4,0,6,1,0.00,0.13,0.13,0.54,2,False
Rayan,Cherki,Cherki,Man City,MID,9,417,14,0,0,0,0,0,0,0,0,0,0,0,6,4.8,15.3,2.0,2.2,0,0,0,0,0,0.07,0.05,0.12,0.00,1,False
Jérémy,Doku,Doku,Man City,MID,9,418,29,0,0,0,0,0,0,0,0,0,0,0,6,6.8,16.8,2.0,2.6,1,2,0,3,0,0.00,0.24,0.24,0.27,1,False
Jack,Grealish,Grealish,Everton,MID,9,419,90,0,0,0,3,0,0,0,1,0,0,0,13,14.6,34.9,20.0,7.0,3,6,1,10,1,0.15,0.09,0.24,2.08,1,False
İlkay,Gündoğan,Gündoğan,Man City,MID,9,420,0,0,0,0,0,0,0,0,0,0,0,0,0,0.0,0.0,0.0,0.0,0,0,0,0,0,0.00,0.00,0.00,0.00,0,False
Rodrigo 'Rodri',Hernandez Cascante,Rodrigo,Man City,MID,9,421,0,0,0,0,0,0,0,0,0,0,0,0,0,0.0,0.0,0.0,0.0,0,0,0,0,0,0.00,0.00,0.00,0.00,0,False
Mateo,Kovačić,Kovačić,Man City,MID,9,422,0,0,0,0,0,0,0,0,0,0,0,0,0,0.0,0.0,0.0,0.0,0,0,0,0,0,0.00,0.00,0.00,0.00,0,False
Nico,González Iglesias,N.Gonzalez,Man City,MID,9,423,29,0,0,0,0,0,0,0,1,0,0,0,3,4.4,3.3,7.0,1.5,1,3,2,6,0,0.12,0.02,0.14,0.27,0,False
Oscar,Bobb,Bobb,Man City,MID,9,424,60,0,0,0,1,0,0,0,0,0,0,0,8,7.6,12.3,2.0,2.2,2,2,2,6,1,0.00,0.02,0.02,0.54,2,False
Claudio,Echeverri,Echeverri,Man City,MID,9,425,0,0,0,0,0,0,0,0,0,0,0,0,0,0.0,0.0,0.0,0.0,0,0,0,0,0,0.00,0.00,0.00,0.00,0,False
James,McAtee,McAtee,Nott'm Forest,MID,9,426,0,0,0,0,0,0,0,0,0,0,0,0,0,0.0,0.0,0.0,0.0,0,0,0,0,0,0.00,0.00,0.00,0.00,0,False
Tijjani,Reijnders,Reijnders,Man City,MID,9,427,75,0,0,0,1,0,0,0,1,0,0,0,-1,0.0,4.3,5.0,0.4,1,2,0,3,1,0.07,0.03,0.10,0.81,1,False
Sverre,Nypan,Nypan,Man City,MID,9,428,0,0,0,0,0,0,0,0,0,0,0,0,0,0.0,0.0,0.0,0.0,0,0,0,0,0,0.00,0.00,0.00,0.00,0,False
Kalvin,Phillips,Phillips,Man City,MID,9,429,0,0,0,0,0,0,0,0,0,0,0,0,0,0.0,0.0,0.0,0.0,0,0,0,0,0,0.00,0.00,0.00,0.00,0,False
Erling,Haaland,Haaland,Man City,FWD,9,430,90,0,0,0,1,0,0,0,0,0,0,0,9,15.2,2.6,53.0,7.1,3,0,0,3,1,0.23,0.01,0.24,0.81,2,False
Altay,Bayındır,Bayindir,Man Utd,GKP,9,431,0,0,0,0,0,0,0,0,0,0,0,0,0,0.0,0.0,0.0,0.0,0,0,0,0,0,0.00,0.00,0.00,0.00,0,False
André,Onana,Onana,Man Utd,GKP,9,432,0,0,0,0,0,0,0,0,0,0,0,0,0,0.0,0.0,0.0,0.0,0,0,0,0,0,0.00,0.00,0.00,0.00,0,False
Elyh,Harrison,Harrison,Man Utd,GKP,9,433,0,0,0,0,0,0,0,0,0,0,0,0,0,0.0,0.0,0.0,0.0,0,0,0,0,0,0.00,0.00,0.00,0.00,0,False
Tom,Heaton,Heaton,Man Utd,GKP,9,434,0,0,0,0,0,0,0,0,0,0,0,0,0,0.0,0.0,0.0,0.0,0,0,0,0,0,0.00,0.00,0.00,0.00,0,False
Dermot,Mee,Mee,Man Utd,GKP,9,435,0,0,0,0,0,0,0,0,0,0,0,0,0,0.0,0.0,0.0,0.0,0,0,0,0,0,0.00,0.00,0.00,0.00,0,False
Matthijs,de Ligt,De Ligt,Man Utd,DEF,9,436,90,0,0,0,2,0,0,0,0,0,0,0,9,17.8,1.4,0.0,1.9,8,5,0,8,1,0.00,0.00,0.00,1.12,1,False
Lisandro,Martínez,Martinez,Man Utd,DEF,9,437,0,0,0,0,0,0,0,0,0,0,0,0,0,0.0,0.0,0.0,0.0,0,0,0,0,0,0.00,0.00,0.00,0.00,0,False
Noussair,Mazraoui,Mazraoui,Man Utd,DEF,9,438,0,0,0,0,0,0,0,0,0,0,0,0,0,0.0,0.0,0.0,0.0,0,0,0,0,0,0.00,0.00,0.00,0.00,0,False
Diego,León Blanco,D.Leon,Man Utd,DEF,9,439,0,0,0,0,0,0,0,0,0,0,0,0,0,0.0,0.0,0.0,0.0,0,0,0,0,0,0.00,0.00,0.00,0.00,0,False
Diogo,Dalot Teixeira,Dalot,Man Utd,DEF,9,440,90,0,0,0,2,0,0,0,0,0,0,0,4,9.6,15.2,1.0,2.6,2,4,2,4,1,0.03,0.08,0.11,1.12,1,False
Patrick,Dorgu,Dorgu,Man Utd,DEF,9,441,20,0,0,0,2,0,0,0,1,0,0,0,-7,3.4,0.8,0.0,0.4,0,1,2,2,0,0.00,0.00,0.00,0.56,-1,False
Harry,Maguire,Maguire,Man Utd,DEF,9,442,0,0,0,0,0,0,0,0,0,0,0,0,0,0.0,0.0,0.0,0.0,0,0,0,0,0,0.00,0.00,0.00,0.00,0,False
Luke,Shaw,Shaw,Man Utd,DEF,9,443,64,0,1,1,0,0,0,0,0,0,0,0,31,21.8,11.4,0.0,3.3,1,2,1,2,1,0.00,0.00,0.00,0.56,9,False
Leny,Yoro,Yoro,Man Utd,DEF,9,444,90,0,0,0,2,0,0,0,0,0,0,0,8,12.8,2.8,0.0,1.6,5,4,1,6,1,0.00,0.01,0.01,1.12,1,False
Harry,Amass,Amass,Man Utd,DEF,9,445,0,0,0,0,0,0,0,0,0,0,0,0,0,0.0,0.0,0.0,0.0,0,0,0,0,0,0.00,0.00,0.00,0.00,0,False
Tyler,Fredricson,Fredricson,Man Utd,DEF,9,446,0,0,0,0,0,0,0,0,0,0,0,0,0,0.0,0.0,0.0,0.0,0,0,0,0,0,0.00,0.00,0.00,0.00,0,False
Ayden,Heaven,Heaven,Man Utd,DEF,9,447,25,0,1,0,2,0,0,0,0,0,0,0,11,26.6,10.3,0.0,3.7,2,1,1,3,0,0.00,0.08,0.08,0.56,3,False
Tyrell,Malacia,Malacia,Man Utd,DEF,9,448,0,0,0,0,0,0,0,0,0,0,0,0,0,0.0,0.0,0.0,0.0,0,0,0,0,0,0.00,0.00,0.00,0.00,0,False
Bruno,Borges Fernandes,B.Fernandes,Man Utd,MID,9,449,90,0,0,0,2,0,0,0,0,0,0,0,27,30.8,30.7,48.0,11.0,5,7,3,15,1,0.38,0.19,0.57,1.12,4,False
Matheus,Santos Carneiro da Cunha,Cunha,Man Utd,MID,9,450,81,1,0,0,1,0,0,0,0,0,0,1,41,51.2,26.7,18.0,9.6,2,3,3,8,1,0.09,0.30,0.39,0.80,8,False
Marcus,Rashford,Rashford,Man Utd,MID,9,451,0,0,0,0,0,0,0,0,0,0,0,0,0,0.0,0.0,0.0,0.0,0,0,0,0,0,0.00,0.00,0.00,0.00,0,False
Amad,Diallo,Amad,Man Utd,MID,9,452,69,0,0,1,0,0,0,0,0,0,0,0,11,2.2,5.6,8.0,1.6,1,4,0,5,1,0.00,0.01,0.01,0.56,3,False
Alejandro,Garnacho Ferreyra,Garnacho,Chelsea,MID,9,453,57,1,0,0,1,0,0,0,0,0,0,0,18,31.0,4.3,61.0,9.6,1,1,0,2,1,0.22,0.04,0.26,1.02,6,False
Antony,dos Santos,Antony,Man Utd,MID,9,454,0,0,0,0,0,0,0,0,0,0,0,0,0,0.0,0.0,0.0,0.0,0,0,0,0,0,0.00,0.00,0.00,0.00,0,False
Mason,Mount,Mount,Man Utd,MID,9,455,0,0,0,0,0,0,0,0,0,0,0,0,0,0.0,0.0,0.0,0.0,0,0,0,0,0,0.00,0.00,0.00,0.00,0,False
Jadon,Sancho,Sancho,Aston Villa,MID,9,456,44,0,0,0,0,0,0,0,0,0,0,0,2,8.0,2.3,56.0,6.6,1,1,0,2,0,0.27,0.02,0.29,0.45,1,False
Carlos Henrique,Casimiro,Casemiro,Man Utd,MID,9,457,69,1,1,1,0,0,0,0,0,0,0,2,43,65.8,16.7,9.0,9.2,4,5,3,12,1,0.02,0.02,0.04,0.56,15,True
Kobbie,Mainoo,Mainoo,Man Utd,MID,9,458,20,0,0,0,2,0,0,0,0,0,0,0,3,5.6,12.1,2.0,2.0,1,2,1,4,0,0.00,0.01,0.01,0.56,1,False
Manuel,Ugarte Ribeiro,Ugarte,Man Utd,MID,9,459,9,0,0,0,1,0,0,0,0,0,0,0,6,5.6,0.8,0.0,0.6,1,2,2,5,0,0.00,0.00,0.00,0.32,1,False
Toby,Collyer,Collyer,Man Utd,MID,9,460,0,0,0,0,0,0,0,0,0,0,0,0,0,0.0,0.0,0.0,0.0,0,0,0,0,0,0.00,0.00,0.00,0.00,0,False
Jayce,Fitzgerald,Fitzgerald,Man Utd,MID,9,461,0,0,0,0,0,0,0,0,0,0,0,0,0,0.0,0.0,0.0,0.0,0,0,0,0,0,0.00,0.00,0.00,0.00,0,False
Jack,Fletcher,J.Fletcher,Man Utd,MID,9,462,0,0,0,0,0,0,0,0,0,0,0,0,0,0.0,0.0,0.0,0.0,0,0,0,0,0,0.00,0.00,0.00,0.00,0,False
Sékou,Koné,Kone,Man Utd,MID,9,463,0,0,0,0,0,0,0,0,0,0,0,0,0,0.0,0.0,0.0,0.0,0,0,0,0,0,0.00,0.00,0.00,0.00,0,False
Jack,Moorhouse,Moorhouse,Man Utd,MID,9,464,0,0,0,0,0,0,0,0,0,0,0,0,0,0.0,0.0,0.0,0.0,0,0,0,0,0,0.00,0.00,0.00,0.00,0,False
Rasmus,Højlund,Højlund,Man Utd,FWD,9,465,0,0,0,0,0,0,0,0,0,0,0,0,0,0.0,0.0,0.0,0.0,0,0,0,0,0,0.00,0.00,0.00,0.00,0,False
Joshua,Zirkzee,Zirkzee,Man Utd,FWD,9,466,8,0,0,0,1,0,0,0,0,0,0,0,3,5.2,1.1,2.0,0.8,0,0,2,2,0,0.00,0.00,0.00,0.32,1,False
Chido,Obi,Obi,Man Utd,FWD,9,467,0,0,0,0,0,0,0,0,0,0,0,0,0,0.0,0.0,0.0,0.0,0,0,0,0,0,0.00,0.00,0.00,0.00,0,False
Ethan,Wheatley,Wheatley,Man Utd,FWD,9,468,0,0,0,0,0,0,0,0,0,0,0,0,0,0.0,0.0,0.0,0.0,0,0,0,0,0,0.00,0.00,0.00,0.00,0,False
Nick,Pope,Pope,Newcastle,GKP,9,469,90,0,0,0,1,0,0,0,0,0,4,0,14,27.4,0.0,0.0,2.7,0,7,0,0,1,0.00,0.00,0.00,1.53,3,False
Martin,Dúbravka,Dúbravka,Burnley,GKP,9,470,90,0,0,0,2,0,0,0,0,0,5,0,16,40.0,0.0,0.0,4.0,1,12,0,0,1,0.00,0.00,0.00,2.52,2,False
Mark,Gillespie,Gillespie,Newcastle,GKP,9,471,0,0,0,0,0,0,0,0,0,0,0,0,0,0.0,0.0,0.0,0.0,0,0,0,0,0,0.00,0.00,0.00,0.00,0,False
Odysseas,Vlachodimos,Odysseas,Newcastle,GKP,9,472,0,0,0,0,0,0,0,0,0,0,0,0,0,0.0,0.0,0.0,0.0,0,0,0,0,0,0.00,0.00,0.00,0.00,0,False
Lewis,Hall,Hall,Newcastle,DEF,9,473,0,0,0,0,0,0,0,0,0,0,0,0,0,0.0,0.0,0.0,0.0,0,0,0,0,0,0.00,0.00,0.00,0.00,0,False
Fabian,Schär,Schär,Newcastle,DEF,9,474,29,0,0,0,0,0,0,0,0,0,0,0,8,19.4,0.3,0.0,2.0,7,2,1,8,0,0.00,0.01,0.01,0.18,1,False
Sven,Botman,Botman,Newcastle,DEF,9,475,60,0,0,0,1,0,0,0,0,0,0,0,3,8.2,0.0,6.0,1.4,4,1,0,4,1,0.00,0.00,0.00,1.35,2,False
Dan,Burn,Burn,Newcastle,DEF,9,476,90,0,0,0,1,0,0,0,0,0,0,0,1,3.0,1.1,4.0,0.8,1,3,1,2,1,0.00,0.01,0.01,1.53,2,False
Tino,Livramento,Livramento,Newcastle,DEF,9,477,0,0,0,0,0,0,0,0,0,0,0,0,0,0.0,0.0,0.0,0.0,0,0,0,0,0,0.00,0.00,0.00,0.00,0,False
Kieran,Trippier,Trippier,Newcastle,DEF,9,478,90,0,0,0,1,0,0,0,0,0,0,0,19,24.2,31.2,0.0,5.5,6,5,2,8,1,0.00,0.26,0.26,1.53,2,False
Emil,Krafth,Krafth,Newcastle,DEF,9,479,0,0,0,0,0,0,0,0,0,0,0,0,0,0.0,0.0,0.0,0.0,0,0,0,0,0,0.00,0.00,0.00,0.00,0,False
Jamaal,Lascelles,Lascelles,Newcastle,DEF,9,480,0,0,0,0,0,0,0,0,0,0,0,0,0,0.0,0.0,0.0,0.0,0,0,0,0,0,0.00,0.00,0.00,0.00,0,False
Alex,Murphy,A.Murphy,Newcastle,DEF,9,481,0,0,0,0,0,0,0,0,0,0,0,0,0,0.0,0.0,0.0,0.0,0,0,0,0,0,0.00,0.00,0.00,0.00,0,False
Harrison,Ashby,Ashby,Newcastle,DEF,9,482,0,0,0,0,0,0,0,0,0,0,0,0,0,0.0,0.0,0.0,0.0,0,0,0,0,0,0.00,0.00,0.00,0.00,0,False
Miodrag,Pivaš,Pivas,Newcastle,DEF,9,483,0,0,0,0,0,0,0,0,0,0,0,0,0,0.0,0.0,0.0,0.0,0,0,0,0,0,0.00,0.00,0.00,0.00,0,False
Matt,Targett,Targett,Newcastle,DEF,9,484,0,0,0,0,0,0,0,0,0,0,0,0,0,0.0,0.0,0.0,0.0,0,0,0,0,0,0.00,0.00,0.00,0.00,0,False
Anthony,Gordon,Gordon,Newcastle,MID,9,485,75,0,0,0,1,0,0,0,0,0,0,0,12,3.4,28.7,10.0,4.2,0,4,0,4,1,0.00,0.42,0.42,1.53,2,False
Anthony,Elanga,Elanga,Newcastle,MID,9,486,14,0,0,0,0,0,0,0,0,0,0,0,5,7.4,20.3,9.0,3.7,1,0,0,1,0,0.17,0.07,0.24,0.00,1,False
Harvey,Barnes,Barnes,Newcastle,MID,9,487,29,0,0,0,0,0,0,0,0,0,0,0,6,5.0,16.8,8.0,3.0,0,0,0,0,0,0.00,0.05,0.05,0.18,1,False
Bruno,Guimarães Rodriguez Moura,Bruno G.,Newcastle,MID,9,488,90,1,0,0,1,0,0,0,0,0,0,3,39,46.0,46.9,25.0,11.8,0,6,3,9,1,0.80,0.10,0.90,1.53,10,False
Jacob,Murphy,J.Murphy,Newcastle,MID,9,489,60,1,0,0,1,0,0,0,0,0,0,1,30,41.0,3.8,57.0,10.2,0,3,1,4,1,0.49,0.03,0.52,1.35,8,False
Joelinton Cássio,Apolinário de Lira,Joelinton,Newcastle,MID,9,490,90,0,0,0,1,0,0,0,0,0,0,0,18,22.2,27.0,11.0,6.0,3,6,4,13,1,0.07,0.03,0.10,1.53,4,False
Sandro,Tonali,Tonali,Newcastle,MID,9,491,29,0,0,0,0,0,0,0,0,0,0,0,7,8.6,1.8,24.0,3.4,1,2,0,3,0,0.08,0.01,0.09,0.18,1,False
Antoñito,Cordero Campillo,Antoñito C.,Newcastle,MID,9,492,0,0,0,0,0,0,0,0,0,0,0,0,0,0.0,0.0,0.0,0.0,0,0,0,0,0,0.00,0.00,0.00,0.00,0,False
Sean,Longstaff,Longstaff,Leeds,MID,9,493,90,0,1,0,1,0,0,0,0,0,0,1,27,32.4,15.8,0.0,4.8,2,4,4,10,1,0.00,0.18,0.18,0.65,6,False
Joe,Willock,Willock,Newcastle,MID,9,494,0,0,0,0,0,0,0,0,0,0,0,0,0,0.0,0.0,0.0,0.0,0,0,0,0,0,0.00,0.00,0.00,0.00,0,False
Isaac,Hayden,Hayden,Newcastle,MID,9,495,0,0,0,0,0,0,0,0,0,0,0,0,0,0.0,0.0,0.0,0.0,0,0,0,0,0,0.00,0.00,0.00,0.00,0,False
Garang,Kuol,Kuol,Newcastle,MID,9,496,0,0,0,0,0,0,0,0,0,0,0,0,0,0.0,0.0,0.0,0.0,0,0,0,0,0,0.00,0.00,0.00,0.00,0,False
Lewis,Miley,L.Miley,Newcastle,MID,9,497,60,0,0,0,1,0,0,0,0,0,0,0,5,0.2,2.5,2.0,0.5,2,2,0,4,1,0.00,0.01,0.01,1.35,2,False
Joe,White,White,Newcastle,MID,9,498,0,0,0,0,0,0,0,0,0,0,0,0,0,0.0,0.0,0.0,0.0,0,0,0,0,0,0.00,0.00,0.00,0.00,0,False
Alexander,Isak,Isak,Liverpool,FWD,9,499,0,0,0,0,0,0,0,0,0,0,0,0,0,0.0,0.0,0.0,0.0,0,0,0,0,0,0.00,0.00,0.00,0.00,0,False
William,Osula,Osula,Newcastle,FWD,9,500,4,0,1,0,0,0,0,0,0,0,0,0,13,3.0,0.0,12.0,1.5,0,2,0,2,0,0.13,0.00,0.13,0.00,4,False
Sean,Neave,Neave,Newcastle,FWD,9,501,0,0,0,0,0,0,0,0,0,0,0,0,0,0.0,0.0,0.0,0.0,0,0,0,0,0,0.00,0.00,0.00,0.00,0,False
Matz,Sels,Sels,Nott'm Forest,GKP,9,502,90,0,0,0,2,0,0,0,0,0,3,0,3,15.2,0.0,0.0,1.5,1,3,0,0,1,0.00,0.01,0.01,0.59,2,False
Carlos Miguel,dos Santos Pereira,C.Miguel,Nott'm Forest,GKP,9,503,0,0,0,0,0,0,0,0,0,0,0,0,0,0.0,0.0,0.0,0.0,0,0,0,0,0,0.00,0.00,0.00,0.00,0,False
Matt,Turner,Turner,Nott'm Forest,GKP,9,504,0,0,0,0,0,0,0,0,0,0,0,0,0,0.0,0.0,0.0,0.0,0,0,0,0,0,0.00,0.00,0.00,0.00,0,False
Nikola,Milenković,Milenković,Nott'm Forest,DEF,9,505,90,0,0,0,2,0,0,0,0,0,0,0,4,9.6,0.7,0.0,1.0,4,3,0,4,1,0.00,0.00,0.00,0.59,1,False
Murillo,Costa dos Santos,Murillo,Nott'm Forest,DEF,9,506,90,0,0,0,2,0,0,0,0,0,0,0,8,28.4,0.6,0.0,2.9,5,4,3,8,1,0.00,0.00,0.00,0.59,1,False
Ola,Aina,Aina,Nott'm Forest,DEF,9,507,0,0,0,0,0,0,0,0,0,0,0,0,0,0.0,0.0,0.0,0.0,0,0,0,0,0,0.00,0.00,0.00,0.00,0,False
Neco,Williams,N.Williams,Nott'm Forest,DEF,9,508,90,0,0,0,2,0,0,0,0,0,0,0,13,16.4,5.8,10.0,3.2,4,4,3,7,1,0.09,0.05,0.14,0.59,1,False
David,Mota Veiga Teixeira do Carmo,David Carmo,Nott'm Forest,DEF,9,509,0,0,0,0,0,0,0,0,0,0,0,0,0,0.0,0.0,0.0,0.0,0,0,0,0,0,0.00,0.00,0.00,0.00,0,False
Jair,Paula da Cunha Filho,Jair Cunha,Nott'm Forest,DEF,9,510,0,0,0,0,0,0,0,0,0,0,0,0,0,0.0,0.0,0.0,0.0,0,0,0,0,0,0.00,0.00,0.00,0.00,0,False
Felipe,Rodrigues da Silva,Morato,Nott'm Forest,DEF,9,511,0,0,0,0,0,0,0,0,0,0,0,0,0,0.0,0.0,0.0,0.0,0,0,0,0,0,0.00,0.00,0.00,0.00,0,False
Omar,Richards,O.Richards,Nott'm Forest,DEF,9,512,0,0,0,0,0,0,0,0,0,0,0,0,0,0.0,0.0,0.0,0.0,0,0,0,0,0,0.00,0.00,0.00,0.00,0,False
Zach,Abbott,Abbott,Nott'm Forest,DEF,9,513,0,0,0,0,0,0,0,0,0,0,0,0,0,0.0,0.0,0.0,0.0,0,0,0,0,0,0.00,0.00,0.00,0.00,0,False
Willy,Boly,Boly,Nott'm Forest,DEF,9,514,0,0,0,0,0,0,0,0,0,0,0,0,0,0.0,0.0,0.0,0.0,0,0,0,0,0,0.00,0.00,0.00,0.00,0,False
Morgan,Gibbs-White,Gibbs-White,Nott'm Forest,MID,9,515,88,0,0,0,2,0,0,0,0,0,0,0,9,4.2,18.0,12.0,3.4,2,2,0,4,1,0.10,0.05,0.15,0.59,2,False
Callum,Hudson-Odoi,Hudson-Odoi,Nott'm Forest,MID,9,516,45,0,0,0,2,0,0,0,0,0,0,0,2,1.8,12.4,0.0,1.4,1,3,0,4,1,0.00,0.02,0.02,0.48,1,False
Elliot,Anderson,Anderson,Nott'm Forest,MID,9,517,90,0,0,0,2,0,0,0,0,0,0,0,15,16.0,26.8,0.0,4.3,1,7,3,11,1,0.00,0.14,0.14,0.59,2,False
João Pedro,Ferreira da Silva,Jota,Nott'm Forest,MID,9,518,0,0,0,0,0,0,0,0,0,0,0,0,0,0.0,0.0,0.0,0.0,0,0,0,0,0,0.00,0.00,0.00,0.00,0,False
Nicolás,Domínguez,Dominguez,Nott'm Forest,MID,9,519,7,0,0,0,0,0,0,0,0,0,0,0,6,4.6,11.1,0.0,1.6,0,0,1,1,0,0.00,0.02,0.02,0.00,1,False
Lewis,O'Brien,O'Brien,Nott'm Forest,MID,9,520,0,0,0,0,0,0,0,0,0,0,0,0,0,0.0,0.0,0.0,0.0,0,0,0,0,0,0.00,0.00,0.00,0.00,0,False
Ibrahim,Sangaré,Sangaré,Nott'm Forest,MID,9,521,0,0,0,0,0,0,0,0,0,0,0,0,0,0.0,0.0,0.0,0.0,0,0,0,0,0,0.00,0.00,0.00,0.00,0,False
Ryan,Yates,Yates,Nott'm Forest,MID,9,522,45,0,0,0,0,0,0,0,0,0,0,0,5,3.0,2.7,0.0,0.6,2,0,0,2,0,0.00,0.00,0.00,0.10,1,False
Eric,da Silva Moreira,Da Silva Moreira,Nott'm Forest,MID,9,523,0,0,0,0,0,0,0,0,0,0,0,0,0,0.0,0.0,0.0,0.0,0,0,0,0,0,0.00,0.00,0.00,0.00,0,False
Marko,Stamenić,Stamenic,Nott'm Forest,MID,9,524,0,0,0,0,0,0,0,0,0,0,0,0,0,0.0,0.0,0.0,0.0,0,0,0,0,0,0.00,0.00,0.00,0.00,0,False
Chris,Wood,Wood,Nott'm Forest,FWD,9,525,0,0,0,0,0,0,0,0,0,0,0,0,0,0.0,0.0,0.0,0.0,0,0,0,0,0,0.00,0.00,0.00,0.00,0,False
Igor Jesus,Maciel da Cruz,Igor Jesus,Nott'm Forest,FWD,9,526,45,0,0,0,2,0,0,0,0,0,0,0,8,5.6,12.3,0.0,1.8,2,0,1,3,1,0.00,0.02,0.02,0.48,1,False
Taiwo,Awoniyi,Awoniyi,Nott'm Forest,FWD,9,527,45,0,0,0,0,0,0,0,0,0,0,0,8,6.6,3.2,36.0,4.6,0,1,0,1,0,0.11,0.00,0.11,0.10,1,False
Anthony,Patterson,Patterson,Sunderland,GKP,9,528,0,0,0,0,0,0,0,0,0,0,0,0,0,0.0,0.0,0.0,0.0,0,0,0,0,0,0.00,0.00,0.00,0.00,0,False
Simon,Moore,Moore,Sunderland,GKP,9,529,0,0,0,0,0,0,0,0,0,0,0,0,0,0.0,0.0,0.0,0.0,0,0,0,0,0,0.00,0.00,0.00,0.00,0,False
Blondy,Nna Noukeu,Nna Noukeu,Sunderland,GKP,9,530,0,0,0,0,0,0,0,0,0,0,0,0,0,0.0,0.0,0.0,0.0,0,0,0,0,0,0.00,0.00,0.00,0.00,0,False
Daniel,Ballard,Ballard,Sunderland,DEF,9,531,90,0,0,0,1,0,0,0,0,0,0,0,4,18.2,0.6,19.0,3.8,7,3,2,9,1,0.05,0.01,0.06,0.90,2,False
Trai,Hume,Hume,Sunderland,DEF,9,532,90,0,0,0,1,0,0,0,0,0,0,0,11,11.0,1.6,0.0,1.3,5,3,1,6,1,0.00,0.01,0.01,0.90,2,False
Aji,Alese,Alese,Sunderland,DEF,9,533,0,0,0,0,0,0,0,0,0,0,0,0,0,0.0,0.0,0.0,0.0,0,0,0,0,0,0.00,0.00,0.00,0.00,0,False
Joe,Anderson,Anderson,Sunderland,DEF,9,534,0,0,0,0,0,0,0,0,0,0,0,0,0,0.0,0.0,0.0,0.0,0,0,0,0,0,0.00,0.00,0.00,0.00,0,False
Dennis,Cirkin,Cirkin,Sunderland,DEF,9,535,0,0,0,0,0,0,0,0,0,0,0,0,0,0.0,0.0,0.0,0.0,0,0,0,0,0,0.00,0.00,0.00,0.00,0,False
Leo Fuhr,Hjelde,Hjelde,Sunderland,DEF,9,536,0,0,0,0,0,0,0,0,0,0,0,0,0,0.0,0.0,0.0,0.0,0,0,0,0,0,0.00,0.00,0.00,0.00,0,False
Niall,Huggins,Huggins,Sunderland,DEF,9,537,0,0,0,0,0,0,0,0,0,0,0,0,0,0.0,0.0,0.0,0.0,0,0,0,0,0,0.00,0.00,0.00,0.00,0,False
Zak,Johnson,Johnson,Sunderland,DEF,9,538,0,0,0,0,0,0,0,0,0,0,0,0,0,0.0,0.0,0.0,0.0,0,0,0,0,0,0.00,0.00,0.00,0.00,0,False
Luke,O'Nien,O'Nien,Sunderland,DEF,9,539,0,0,0,0,0,0,0,0,0,0,0,0,0,0.0,0.0,0.0,0.0,0,0,0,0,0,0.00,0.00,0.00,0.00,0,False
Timothée,Pembélé,Pembele,Sunderland,DEF,9,540,0,0,0,0,0,0,0,0,0,0,0,0,0,0.0,0.0,0.0,0.0,0,0,0,0,0,0.00,0.00,0.00,0.00,0,False
Reinildo,Mandava,Reinildo,Sunderland,DEF,9,541,90,0,0,0,1,0,0,0,0,0,0,0,7,11.0,0.6,0.0,1.2,5,2,1,6,1,0.00,0.00,0.00,0.90,2,False
Jenson,Seelt,Seelt,Sunderland,DEF,9,542,0,0,0,0,0,0,0,0,0,0,0,0,0,0.0,0.0,0.0,0.0,0,0,0,0,0,0.00,0.00,0.00,0.00,0,False
Simon,Adingra,Adingra,Sunderland,MID,9,543,0,0,0,0,0,0,0,0,0,0,0,0,0,0.0,0.0,0.0,0.0,0,0,0,0,0,0.00,0.00,0.00,0.00,0,False
Habib,Diarra,Diarra,Sunderland,MID,9,544,0,0,0,0,0,0,0,0,0,0,0,0,0,0.0,0.0,0.0,0.0,0,0,0,0,0,0.00,0.00,0.00,0.00,0,False
Patrick,Roberts,Roberts,Sunderland,MID,9,545,0,0,0,0,0,0,0,0,0,0,0,0,0,0.0,0.0,0.0,0.0,0,0,0,0,0,0.00,0.00,0.00,0.00,0,False
Milan,Aleksić,Aleksić,Sunderland,MID,9,546,0,0,0,0,0,0,0,0,0,0,0,0,0,0.0,0.0,0.0,0.0,0,0,0,0,0,0.00,0.00,0.00,0.00,0,False
Enzo,Le Fée,E.Le Fée,Sunderland,MID,9,547,74,0,0,0,1,0,0,0,1,0,0,0,7,10.0,24.4,3.0,3.7,2,5,2,9,1,0.04,0.02,0.06,0.78,1,False
Romaine,Mundle,Mundle,Sunderland,MID,9,548,0,0,0,0,0,0,0,0,0,0,0,0,0,0.0,0.0,0.0,0.0,0,0,0,0,0,0.00,0.00,0.00,0.00,0,False
Dan,Neil,Neil,Sunderland,MID,9,549,0,0,0,0,0,0,0,0,0,0,0,0,0,0.0,0.0,0.0,0.0,0,0,0,0,0,0.00,0.00,0.00,0.00,0,False
Ian,Poveda-Ocampo,Poveda,Sunderland,MID,9,550,0,0,0,0,0,0,0,0,0,0,0,0,0,0.0,0.0,0.0,0.0,0,0,0,0,0,0.00,0.00,0.00,0.00,0,False
Chris,Rigg,Rigg,Sunderland,MID,9,551,15,0,0,0,0,0,0,0,0,0,0,0,4,1.2,0.6,0.0,0.2,1,1,0,2,0,0.00,0.01,0.01,0.12,1,False
Noah,Sadiki,Sadiki,Sunderland,MID,9,552,90,0,0,0,1,0,0,0,0,0,0,0,17,15.6,11.3,0.0,2.7,5,4,2,11,1,0.00,0.01,0.01,0.90,2,False
Chemsdine,Talbi,Talbi,Sunderland,MID,9,553,25,1,0,0,0,0,0,0,0,0,0,2,26,33.4,0.3,17.0,5.1,0,1,0,1,0,0.12,0.00,0.12,0.23,8,False
Abdoullah,Ba,Ba,Sunderland,MID,9,554,0,0,0,0,0,0,0,0,0,0,0,0,0,0.0,0.0,0.0,0.0,0,0,0,0,0,0.00,0.00,0.00,0.00,0,False
Alan,Browne,Browne,Sunderland,MID,9,555,0,0,0,0,0,0,0,0,0,0,0,0,0,0.0,0.0,0.0,0.0,0,0,0,0,0,0.00,0.00,0.00,0.00,0,False
Pierre,Ekwah Elimby,Ekwah,Sunderland,MID,9,556,0,0,0,0,0,0,0,0,0,0,0,0,0,0.0,0.0,0.0,0.0,0,0,0,0,0,0.00,0.00,0.00,0.00,0,False
Harrison,Jones,H.Jones,Sunderland,MID,9,557,0,0,0,0,0,0,0,0,0,0,0,0,0,0.0,0.0,0.0,0.0,0,0,0,0,0,0.00,0.00,0.00,0.00,0,False
Jay,Matete,Matete,Sunderland,MID,9,558,0,0,0,0,0,0,0,0,0,0,0,0,0,0.0,0.0,0.0,0.0,0,0,0,0,0,0.00,0.00,0.00,0.00,0,False
Nectarios,Triantis,Triantis,Sunderland,MID,9,559,0,0,0,0,0,0,0,0,0,0,0,0,0,0.0,0.0,0.0,0.0,0,0,0,0,0,0.00,0.00,0.00,0.00,0,False
Wilson,Isidor,Isidor,Sunderland,FWD,9,560,74,1,0,0,1,0,0,0,0,0,0,1,25,28.0,1.6,44.0,7.4,1,0,0,1,1,0.80,0.00,0.80,0.78,7,False
Eliezer,Mayenda Dossou,Mayenda,Sunderland,FWD,9,561,0,0,0,0,0,0,0,0,0,0,0,0,0,0.0,0.0,0.0,0.0,0,0,0,0,0,0.00,0.00,0.00,0.00,0,False
Ahmed,Abdullahi,Abdullahi,Sunderland,FWD,9,562,0,0,0,0,0,0,0,0,0,0,0,0,0,0.0,0.0,0.0,0.0,0,0,0,0,0,0.00,0.00,0.00,0.00,0,False
Luís Hemir,Silva Semedo,Luís Hemir,Sunderland,FWD,9,563,0,0,0,0,0,0,0,0,0,0,0,0,0,0.0,0.0,0.0,0.0,0,0,0,0,0,0.00,0.00,0.00,0.00,0,False
Nazarii,Rusyn,Rusyn,Sunderland,FWD,9,564,0,0,0,0,0,0,0,0,0,0,0,0,0,0.0,0.0,0.0,0.0,0,0,0,0,0,0.00,0.00,0.00,0.00,0,False
Guglielmo,Vicario,Vicario,Spurs,GKP,9,565,90,0,0,1,0,0,0,0,0,0,2,0,29,16.0,0.0,0.0,1.6,2,10,0,0,1,0.00,0.00,0.00,1.53,6,False
Brandon,Austin,Austin,Spurs,GKP,9,566,0,0,0,0,0,0,0,0,0,0,0,0,0,0.0,0.0,0.0,0.0,0,0,0,0,0,0.00,0.00,0.00,0.00,0,False
Antonín,Kinský,Kinsky,Spurs,GKP,9,567,0,0,0,0,0,0,0,0,0,0,0,0,0,0.0,0.0,0.0,0.0,0,0,0,0,0,0.00,0.00,0.00,0.00,0,False
Pedro,Porro Sauceda,Pedro Porro,Spurs,DEF,9,568,90,0,1,1,0,0,0,0,0,0,0,2,41,32.8,15.8,0.0,4.9,6,3,2,8,1,0.00,0.29,0.29,1.53,11,True
Cristian,Romero,Romero,Spurs,DEF,9,569,0,0,0,0,0,0,0,0,0,0,0,0,0,0.0,0.0,0.0,0.0,0,0,0,0,0,0.00,0.00,0.00,0.00,0,False
Kevin,Danso,Danso,Spurs,DEF,9,570,90,0,0,1,0,0,0,0,0,0,0,1,36,30.6,0.4,0.0,3.1,20,3,1,21,1,0.00,0.00,0.00,1.53,9,False
Ben,Davies,Davies,Spurs,DEF,9,571,0,0,0,0,0,0,0,0,0,0,0,0,0,0.0,0.0,0.0,0.0,0,0,0,0,0,0.00,0.00,0.00,0.00,0,False
Radu,Drăgușin,Dragusin,Spurs,DEF,9,572,0,0,0,0,0,0,0,0,0,0,0,0,0,0.0,0.0,0.0,0.0,0,0,0,0,0,0.00,0.00,0.00,0.00,0,False
Djed,Spence,Spence,Spurs,DEF,9,573,90,0,0,1,0,0,0,0,0,0,0,0,17,8.4,1.0,0.0,0.9,5,3,1,6,1,0.00,0.00,0.00,1.53,6,False
Destiny,Udogie,Udogie,Spurs,DEF,9,574,0,0,0,0,0,0,0,0,0,0,0,0,0,0.0,0.0,0.0,0.0,0,0,0,0,0,0.00,0.00,0.00,0.00,0,False
Micky,van de Ven,Van de Ven,Spurs,DEF,9,575,90,2,0,1,0,0,0,0,0,0,0,3,59,82.0,1.6,66.0,15.0,10,2,0,10,1,1.07,0.07,1.14,1.53,23,True
Ashley,Phillips,Phillips,Spurs,DEF,9,576,0,0,0,0,0,0,0,0,0,0,0,0,0,0.0,0.0,0.0,0.0,0,0,0,0,0,0.00,0.00,0.00,0.00,0,False
Takai,Kōta,Takai,Spurs,DEF,9,577,0,0,0,0,0,0,0,0,0,0,0,0,0,0.0,0.0,0.0,0.0,0,0,0,0,0,0.00,0.00,0.00,0.00,0,False
Luka,Vušković,Vuskovic,Spurs,DEF,9,578,0,0,0,0,0,0,0,0,0,0,0,0,0,0.0,0.0,0.0,0.0,0,0,0,0,0,0.00,0.00,0.00,0.00,0,False
Son,Heung-min,Son,Spurs,MID,9,579,0,0,0,0,0,0,0,0,0,0,0,0,0,0.0,0.0,0.0,0.0,0,0,0,0,0,0.00,0.00,0.00,0.00,0,False
Brennan,Johnson,Johnson,Spurs,MID,9,580,90,0,0,1,0,0,0,0,0,0,0,0,13,12.4,6.9,8.0,2.7,5,1,3,9,1,0.00,0.01,0.01,1.53,3,False
James,Maddison,Maddison,Spurs,MID,9,581,0,0,0,0,0,0,0,0,0,0,0,0,0,0.0,0.0,0.0,0.0,0,0,0,0,0,0.00,0.00,0.00,0.00,0,False
Mohammed,Kudus,Kudus,Spurs,MID,9,582,77,0,0,1,0,0,0,0,0,0,0,0,3,1.8,5.6,2.0,0.9,0,6,0,6,1,0.09,0.06,0.15,1.31,3,False
Dejan,Kulusevski,Kulusevski,Spurs,MID,9,583,0,0,0,0,0,0,0,0,0,0,0,0,0,0.0,0.0,0.0,0.0,0,0,0,0,0,0.00,0.00,0.00,0.00,0,False
Mathys,Tel,Tel,Spurs,MID,9,584,1,0,0,0,0,0,0,0,0,0,0,0,3,0.0,0.0,0.0,0.0,0,0,0,0,0,0.00,0.00,0.00,0.00,1,False
Rodrigo,Bentancur,Bentancur,Spurs,MID,9,585,90,0,1,1,0,0,0,0,0,0,0,0,27,20.8,11.1,16.0,4.8,4,7,1,12,1,0.14,0.01,0.15,1.53,8,False
Lucas,Bergvall,Bergvall,Spurs,MID,9,586,29,0,0,0,0,0,0,0,0,0,0,0,4,1.4,0.2,0.0,0.2,0,1,2,3,0,0.00,0.00,0.00,0.45,1,False
Yves,Bissouma,Bissouma,Spurs,MID,9,587,0,0,0,0,0,0,0,0,0,0,0,0,0,0.0,0.0,0.0,0.0,0,0,0,0,0,0.00,0.00,0.00,0.00,0,False
Wilson,Odobert,Odobert,Spurs,MID,9,588,0,0,0,0,0,0,0,0,0,0,0,0,0,0.0,0.0,0.0,0.0,0,0,0,0,0,0.00,0.00,0.00,0.00,0,False
Manor,Solomon,Solomon,Spurs,MID,9,589,0,0,0,0,0,0,0,0,0,0,0,0,0,0.0,0.0,0.0,0.0,0,0,0,0,0,0.00,0.00,0.00,0.00,0,False
Bryan,Gil Salvatierra,Bryan,Spurs,MID,9,590,0,0,0,0,0,0,0,0,0,0,0,0,0,0.0,0.0,0.0,0.0,0,0,0,0,0,0.00,0.00,0.00,0.00,0,False
Archie,Gray,Gray,Spurs,MID,9,591,0,0,0,0,0,0,0,0,0,0,0,0,0,0.0,0.0,0.0,0.0,0,0,0,0,0,0.00,0.00,0.00,0.00,0,False
Mikey,Moore,Moore,Spurs,MID,9,592,0,0,0,0,0,0,0,0,0,0,0,0,0,0.0,0.0,0.0,0.0,0,0,0,0,0,0.00,0.00,0.00,0.00,0,False
Pape Matar,Sarr,P.M.Sarr,Spurs,MID,9,593,12,1,0,0,0,0,0,0,0,0,0,0,23,0.0,0.0,0.0,0.0,1,1,0,2,0,0.42,0.00,0.42,0.22,6,False
Yang,Min-hyeok,Min-hyeok,Spurs,MID,9,594,0,0,0,0,0,0,0,0,0,0,0,0,0,0.0,0.0,0.0,0.0,0,0,0,0,0,0.00,0.00,0.00,0.00,0,False
Callum,Olusesi,Olusesi,Spurs,MID,9,595,0,0,0,0,0,0,0,0,0,0,0,0,0,0.0,0.0,0.0,0.0,0,0,0,0,0,0.00,0.00,0.00,0.00,0,False
Dominic,Solanke-Mitchell,Solanke,Spurs,FWD,9,596,0,0,0,0,0,0,0,0,0,0,0,0,0,0.0,0.0,0.0,0.0,0,0,0,0,0,0.00,0.00,0.00,0.00,0,False
Richarlison,de Andrade,Richarlison,Spurs,FWD,9,597,28,0,1,0,0,0,0,0,0,0,0,0,14,7.2,0.3,17.0,2.5,4,1,1,6,0,0.36,0.27,0.63,0.45,4,False
Will,Lankshear,Lankshear,Spurs,FWD,9,598,0,0,0,0,0,0,0,0,0,0,0,0,0,0.0,0.0,0.0,0.0,0,0,0,0,0,0.00,0.00,0.00,0.00,0,False
Dane,Scarlett,Scarlett,Spurs,FWD,9,599,0,0,0,0,0,0,0,0,0,0,0,0,0,0.0,0.0,0.0,0.0,0,0,0,0,0,0.00,0.00,0.00,0.00,0,False
Alphonse,Areola,Areola,West Ham,GKP,9,600,90,0,0,0,2,0,0,0,0,0,3,0,8,22.0,0.0,0.0,2.2,0,8,0,0,1,0.00,0.00,0.00,1.49,2,False
Wes,Foderingham,Foderingham,West Ham,GKP,9,601,0,0,0,0,0,0,0,0,0,0,0,0,0,0.0,0.0,0.0,0.0,0,0,0,0,0,0.00,0.00,0.00,0.00,0,False
Krisztián,Hegyi,Hegyi,West Ham,GKP,9,602,0,0,0,0,0,0,0,0,0,0,0,0,0,0.0,0.0,0.0,0.0,0,0,0,0,0,0.00,0.00,0.00,0.00,0,False
El Hadji Malick,Diouf,Diouf,West Ham,DEF,9,603,90,0,0,0,2,0,0,0,0,0,0,0,3,9.6,3.2,3.0,1.6,2,2,1,3,1,0.04,0.01,0.05,1.49,1,False
Emerson,Palmieri dos Santos,Emerson,West Ham,DEF,9,604,0,0,0,0,0,0,0,0,0,0,0,0,0,0.0,0.0,0.0,0.0,0,0,0,0,0,0.00,0.00,0.00,0.00,0,False
Maximilian,Kilman,Kilman,West Ham,DEF,9,605,90,0,0,0,2,0,0,0,0,0,0,0,4,15.6,1.1,0.0,1.7,5,6,0,5,1,0.00,0.01,0.01,1.49,1,False
Konstantinos,Mavropanos,Mavropanos,West Ham,DEF,9,606,0,0,0,0,0,0,0,0,0,0,0,0,0,0.0,0.0,0.0,0.0,0,0,0,0,0,0.00,0.00,0.00,0.00,0,False
Nayef,Aguerd,N.Aguerd,West Ham,DEF,9,607,0,0,0,0,0,0,0,0,0,0,0,0,0,0.0,0.0,0.0,0.0,0,0,0,0,0,0.00,0.00,0.00,0.00,0,False
Ollie,Scarles,Scarles,West Ham,DEF,9,608,24,0,0,0,2,0,0,0,0,0,0,0,-6,0.0,0.2,0.0,0.0,0,1,0,0,1,0.00,0.00,0.00,0.68,0,False
Jean-Clair,Todibo,Todibo,West Ham,DEF,9,609,90,0,0,0,2,0,0,0,1,0,0,0,8,16.4,1.3,0.0,1.8,4,6,2,6,1,0.00,0.01,0.01,1.49,0,False
Aaron,Wan-Bissaka,Wan-Bissaka,West Ham,DEF,9,610,78,0,0,0,2,0,0,0,0,0,0,0,4,12.4,17.7,0.0,3.0,4,1,1,5,1,0.00,0.07,0.07,1.49,1,False
Kaelan,Casey,Casey,West Ham,DEF,9,611,0,0,0,0,0,0,0,0,0,0,0,0,0,0.0,0.0,0.0,0.0,0,0,0,0,0,0.00,0.00,0.00,0.00,0,False
Lucas,Tolentino Coelho de Lima,L.Paquetá,West Ham,MID,9,612,90,0,0,0,2,0,0,0,1,0,0,0,8,7.4,25.9,8.0,4.1,0,6,1,7,1,0.09,0.10,0.19,1.49,1,False
Tomáš,Souček,Souček,West Ham,MID,9,613,64,0,0,0,2,0,0,0,0,0,0,0,10,5.2,3.9,7.0,1.6,2,1,0,3,1,0.24,0.01,0.25,1.49,2,False
James,Ward-Prowse,Ward-Prowse,West Ham,MID,9,614,0,0,0,0,0,0,0,0,0,0,0,0,0,0.0,0.0,0.0,0.0,0,0,0,0,0,0.00,0.00,0.00,0.00,0,False
Crysencio,Summerville,Summerville,West Ham,MID,9,615,78,0,0,0,2,0,0,0,1,0,0,0,1,2.8,3.3,0.0,0.6,0,7,2,9,1,0.00,0.01,0.01,1.49,1,False
Edson,Álvarez Velázquez,Álvarez,West Ham,MID,9,616,0,0,0,0,0,0,0,0,0,0,0,0,0,0.0,0.0,0.0,0.0,0,0,0,0,0,0.00,0.00,0.00,0.00,0,False
Maxwel,Cornet,Cornet,West Ham,MID,9,617,0,0,0,0,0,0,0,0,0,0,0,0,0,0.0,0.0,0.0,0.0,0,0,0,0,0,0.00,0.00,0.00,0.00,0,False
Guido,Rodríguez,G.Rodriguez,West Ham,MID,9,618,0,0,0,0,0,0,0,0,0,0,0,0,0,0.0,0.0,0.0,0.0,0,0,0,0,0,0.00,0.00,0.00,0.00,0,False
Luis Guilherme,Lira dos Santos,L.Guilherme,West Ham,MID,9,619,0,0,0,0,0,0,0,0,0,0,0,0,0,0.0,0.0,0.0,0.0,0,0,0,0,0,0.00,0.00,0.00,0.00,0,False
George,Earthy,Earthy,West Ham,MID,9,620,0,0,0,0,0,0,0,0,0,0,0,0,0,0.0,0.0,0.0,0.0,0,0,0,0,0,0.00,0.00,0.00,0.00,0,False
Andy,Irving,Irving,West Ham,MID,9,621,64,0,0,0,2,0,0,0,0,0,0,0,13,4.2,4.3,0.0,0.9,1,4,1,6,1,0.00,0.01,0.01,1.49,2,False
Lewis,Orford,Orford,West Ham,MID,9,622,0,0,0,0,0,0,0,0,0,0,0,0,0,0.0,0.0,0.0,0.0,0,0,0,0,0,0.00,0.00,0.00,0.00,0,False
Freddie,Potts,Potts,West Ham,MID,9,623,26,0,0,0,0,0,0,0,0,0,0,0,10,3.2,2.9,0.0,0.6,0,4,0,4,0,0.00,0.03,0.03,0.00,1,False
Jarrod,Bowen,Bowen,West Ham,FWD,9,624,90,0,1,0,2,0,0,0,0,0,0,0,20,26.8,48.3,22.0,9.7,0,2,0,2,1,0.10,0.63,0.73,1.49,5,False
Niclas,Füllkrug,Füllkrug,West Ham,FWD,9,625,0,0,0,0,0,0,0,0,0,0,0,0,0,0.0,0.0,0.0,0.0,0,0,0,0,0,0.00,0.00,0.00,0.00,0,False
Callum,Marshall,Marshall,West Ham,FWD,9,626,0,0,0,0,0,0,0,0,0,0,0,0,0,0.0,0.0,0.0,0.0,0,0,0,0,0,0.00,0.00,0.00,0.00,0,False
Sam,Johnstone,Johnstone,Wolves,GKP,9,627,90,0,0,0,3,0,0,0,0,0,4,0,12,30.0,0.0,0.0,3.0,0,14,1,0,1,0.00,0.00,0.00,1.43,2,False
José,Malheiro de Sá,José Sá,Wolves,GKP,9,628,0,0,0,0,0,0,0,0,0,0,0,0,0,0.0,0.0,0.0,0.0,0,0,0,0,0,0.00,0.00,0.00,0.00,0,False
Daniel,Bentley,Bentley,Wolves,GKP,9,629,0,0,0,0,0,0,0,0,0,0,0,0,0,0.0,0.0,0.0,0.0,0,0,0,0,0,0.00,0.00,0.00,0.00,0,False
Tom,King,King,Everton,GKP,9,630,0,0,0,0,0,0,0,0,0,0,0,0,0,0.0,0.0,0.0,0.0,0,0,0,0,0,0.00,0.00,0.00,0.00,0,False
Emmanuel,Agbadou,Agbadou,Wolves,DEF,9,631,0,0,0,0,0,0,0,0,0,0,0,0,0,0.0,0.0,0.0,0.0,0,0,0,0,0,0.00,0.00,0.00,0.00,0,False
Matt,Doherty,Doherty,Wolves,DEF,9,632,0,0,0,0,0,0,0,0,0,0,0,0,0,0.0,0.0,0.0,0.0,0,0,0,0,0,0.00,0.00,0.00,0.00,0,False
Hugo,Bueno López,H.Bueno,Wolves,DEF,9,633,84,0,0,0,2,0,0,0,0,0,0,0,10,19.8,36.1,5.0,6.1,4,4,3,7,1,0.06,0.10,0.16,1.06,1,False
Yerson,Mosquera Valdelamar,Mosquera,Wolves,DEF,9,634,0,0,0,0,0,0,0,0,0,0,0,0,0,0.0,0.0,0.0,0.0,0,0,0,0,0,0.00,0.00,0.00,0.00,0,False
Rodrigo,Martins Gomes,R.Gomes,Wolves,DEF,9,635,90,0,0,0,3,0,0,0,0,0,0,0,-1,7.0,16.5,29.0,5.3,2,4,1,3,1,0.23,0.03,0.26,1.43,1,False
Santiago,Ignacio Bueno,S.Bueno,Wolves,DEF,9,636,90,0,1,0,3,0,0,0,0,0,0,0,15,29.2,3.6,19.0,5.2,8,2,1,9,1,0.05,0.02,0.07,1.43,4,False
Toti,Gomes,Toti,Wolves,DEF,9,637,0,0,0,0,0,0,0,0,0,0,0,0,0,0.0,0.0,0.0,0.0,0,0,0,0,0,0.00,0.00,0.00,0.00,0,False
Ki-Jana,Hoever,Hoever,Wolves,DEF,9,638,75,0,0,0,2,0,0,0,0,0,0,0,2,9.2,2.3,2.0,1.4,3,2,1,4,1,0.00,0.05,0.05,1.05,1,False
Bastien,Meupiyou Menadjou,Meupiyou,Wolves,DEF,9,639,0,0,0,0,0,0,0,0,0,0,0,0,0,0.0,0.0,0.0,0.0,0,0,0,0,0,0.00,0.00,0.00,0.00,0,False
Pedro,Cardoso de Lima,Pedro Lima,Wolves,DEF,9,640,0,0,0,0,0,0,0,0,0,0,0,0,0,0.0,0.0,0.0,0.0,0,0,0,0,0,0.00,0.00,0.00,0.00,0,False
Alfie,Pond,Pond,Wolves,DEF,9,641,0,0,0,0,0,0,0,0,0,0,0,0,0,0.0,0.0,0.0,0.0,0,0,0,0,0,0.00,0.00,0.00,0.00,0,False
Hwang,Hee-chan,Hee Chan,Wolves,MID,9,642,22,0,0,0,1,0,0,0,0,0,0,0,3,2.6,11.5,0.0,1.4,0,1,0,1,0,0.00,0.01,0.01,0.38,1,False
André,Trindade da Costa Neto,André,Wolves,MID,9,643,67,0,0,0,2,0,0,0,0,0,0,0,12,8.8,16.6,0.0,2.5,3,5,0,8,1,0.00,0.07,0.07,1.05,2,False
Jean-Ricner,Bellegarde,Bellegarde,Wolves,MID,9,644,90,0,0,0,3,0,0,0,1,0,0,0,10,14.0,14.1,15.0,4.3,1,2,3,6,1,0.10,0.12,0.22,1.43,1,False
Fer,López González,Fer López,Wolves,MID,9,645,0,0,0,0,0,0,0,0,0,0,0,0,0,0.0,0.0,0.0,0.0,0,0,0,0,0,0.00,0.00,0.00,0.00,0,False
João Victor,Gomes da Silva,Gomes,Wolves,MID,9,646,22,0,0,0,1,0,0,0,0,0,0,0,2,0.6,1.9,1.0,0.4,0,5,1,6,0,0.02,0.02,0.04,0.38,1,False
Gonçalo Manuel,Ganchinho Guedes,Guedes,Wolves,MID,9,647,0,0,0,0,0,0,0,0,0,0,0,0,0,0.0,0.0,0.0,0.0,0,0,0,0,0,0.00,0.00,0.00,0.00,0,False
Marshall,Munetsi,Munetsi,Wolves,MID,9,648,83,1,0,0,2,0,0,0,0,0,0,1,27,42.4,1.2,54.0,9.8,3,2,2,7,1,0.63,0.00,0.63,1.06,8,False
Boubacar,Traoré,B.Traore,Wolves,MID,9,649,0,0,0,0,0,0,0,0,0,0,0,0,0,0.0,0.0,0.0,0.0,0,0,0,0,0,0.00,0.00,0.00,0.00,0,False
Tawanda,Chirewa,Chirewa,Wolves,MID,9,650,0,0,0,0,0,0,0,0,0,0,0,0,0,0.0,0.0,0.0,0.0,0,0,0,0,0,0.00,0.00,0.00,0.00,0,False
Tom,Edozie,Edozie,Wolves,MID,9,651,0,0,0,0,0,0,0,0,0,0,0,0,0,0.0,0.0,0.0,0.0,0,0,0,0,0,0.00,0.00,0.00,0.00,0,False
Enso,González Medina,Gonzalez,Wolves,MID,9,652,0,0,0,0,0,0,0,0,0,0,0,0,0,0.0,0.0,0.0,0.0,0,0,0,0,0,0.00,0.00,0.00,0.00,0,False
Joe,Hodge,Hodge,Wolves,MID,9,653,0,0,0,0,0,0,0,0,0,0,0,0,0,0.0,0.0,0.0,0.0,0,0,0,0,0,0.00,0.00,0.00,0.00,0,False
Jørgen,Strand Larsen,Strand Larsen,Wolves,FWD,9,654,90,1,0,0,3,0,0,0,0,0,0,0,23,39.6,14.2,44.0,9.8,1,1,0,2,1,0.83,0.13,0.96,1.43,6,False
Fábio,Soares Silva,Fábio Silva,Wolves,FWD,9,655,0,0,0,0,0,0,0,0,0,0,0,0,0,0.0,0.0,0.0,0.0,0,0,0,0,0,0.00,0.00,0.00,0.00,0,False
Saša,Kalajdžić,Kalajdžić,Wolves,FWD,9,656,0,0,0,0,0,0,0,0,0,0,0,0,0,0.0,0.0,0.0,0.0,0,0,0,0,0,0.00,0.00,0.00,0.00,0,False
Leon,Chiwome,Chiwome,Wolves,FWD,9,657,0,0,0,0,0,0,0,0,0,0,0,0,0,0.0,0.0,0.0,0.0,0,0,0,0,0,0.00,0.00,0.00,0.00,0,False
Nathan,Fraser,Fraser,Wolves,FWD,9,658,0,0,0,0,0,0,0,0,0,0,0,0,0,0.0,0.0,0.0,0.0,0,0,0,0,0,0.00,0.00,0.00,0.00,0,False
Kyle,Walker-Peters,Walker-Peters,West Ham,DEF,9,659,11,0,0,0,0,0,0,0,0,0,0,0,4,3.0,1.3,0.0,0.4,1,2,0,1,0,0.00,0.01,0.01,0.00,1,False
Anton,Stach,Stach,Leeds,MID,9,660,0,0,0,0,0,0,0,0,0,0,0,0,0,0.0,0.0,0.0,0.0,0,0,0,0,0,0.00,0.00,0.00,0.00,0,False
Hugo,Ekitiké,Ekitiké,Liverpool,FWD,9,661,90,0,0,0,3,0,0,0,0,0,0,0,0,3.2,12.3,17.0,3.3,4,1,0,5,1,0.35,0.01,0.36,2.75,2,False
Cristhian,Mosquera,Mosquera,Arsenal,DEF,9,662,45,0,0,0,0,0,0,0,0,0,0,0,7,11.8,10.8,4.0,2.7,5,3,0,5,0,0.00,0.05,0.05,0.39,1,False
Jhon,Arias,J.Arias,Wolves,MID,9,663,67,0,0,0,2,0,0,0,0,0,0,0,3,3.2,20.3,14.0,3.8,2,2,1,5,1,0.53,0.04,0.57,1.05,2,False
Benjamin,Lecomte,Lecomte,Fulham,GKP,9,664,0,0,0,0,0,0,0,0,0,0,0,0,0,0.0,0.0,0.0,0.0,0,0,0,0,0,0.00,0.00,0.00,0.00,0,False
Lucas Estella,Perri,Perri,Leeds,GKP,9,665,90,0,0,0,1,0,0,0,1,0,2,0,8,22.4,0.0,0.0,2.2,3,8,0,0,1,0.00,0.00,0.00,0.65,1,False
Viktor,Gyökeres,Gyökeres,Arsenal,FWD,9,666,90,0,0,1,0,0,0,0,0,0,0,0,0,0.0,3.3,13.0,1.5,1,2,0,3,1,0.17,0.02,0.19,0.47,2,False
Adam,Aznou,Aznou,Everton,DEF,9,667,0,0,0,0,0,0,0,0,0,0,0,0,0,0.0,0.0,0.0,0.0,0,0,0,0,0,0.00,0.00,0.00,0.00,0,False
Granit,Xhaka,Xhaka,Sunderland,MID,9,668,90,0,0,0,1,0,0,0,0,0,0,0,13,17.8,12.5,7.0,3.7,3,2,4,9,1,0.15,0.02,0.17,0.90,2,False
Dan,Ndoye,Ndoye,Nott'm Forest,MID,9,669,82,0,0,0,2,0,0,0,0,0,0,0,9,0.0,2.4,3.0,0.5,2,8,1,11,1,0.05,0.01,0.06,0.59,2,False
Robin,Roefs,Roefs,Sunderland,GKP,9,670,90,0,0,0,1,0,0,0,0,0,6,0,22,43.8,0.0,0.0,4.4,2,11,0,0,1,0.00,0.00,0.00,0.90,4,False
Callum,Wilson,Wilson,West Ham,FWD,9,671,65,0,0,1,0,0,0,0,0,0,0,0,9,3.0,2.0,19.0,2.4,0,2,0,2,0,0.09,0.01,0.10,0.80,2,False
Jorrel,Hato,Hato,Chelsea,DEF,9,672,0,0,0,0,0,0,0,0,0,0,0,0,0,0.0,0.0,0.0,0.0,0,0,0,0,0,0.00,0.00,0.00,0.00,0,False
João Maria,Lobo Alves Palhares Costa Palhinha Gonçalves,J.Palhinha,Spurs,MID,9,673,90,0,0,1,0,0,0,0,0,0,0,0,21,21.0,3.6,0.0,2.5,6,4,4,14,1,0.00,0.01,0.01,1.53,5,False
Aaron,Ramsdale,Ramsdale,Newcastle,GKP,9,674,0,0,0,0,0,0,0,0,0,0,0,0,0,0.0,0.0,0.0,0.0,0,0,0,0,0,0.00,0.00,0.00,0.00,0,False
Angus,Gunn,Gunn,Nott'm Forest,GKP,9,675,0,0,0,0,0,0,0,0,0,0,0,0,0,0.0,0.0,0.0,0.0,0,0,0,0,0,0.00,0.00,0.00,0.00,0,False
Lesley,Ugochukwu,Ugochukwu,Burnley,MID,9,676,90,0,0,0,2,0,0,0,0,0,0,0,10,18.4,1.9,7.0,2.7,3,4,4,11,1,0.11,0.02,0.13,2.47,2,False
Evann,Guessand,Guessand,Aston Villa,MID,9,677,16,0,0,0,0,0,0,0,0,0,0,0,9,4.2,0.0,0.0,0.4,0,3,2,5,0,0.00,0.00,0.00,0.54,1,False
Arthur,Masuaku,Masuaku,Sunderland,DEF,9,678,0,0,0,0,0,0,0,0,0,0,0,0,0,0.0,0.0,0.0,0.0,0,0,0,0,0,0.00,0.00,0.00,0.00,0,False
Mads,Hermansen,Hermansen,West Ham,GKP,9,679,0,0,0,0,0,0,0,0,0,0,0,0,0,0.0,0.0,0.0,0.0,0,0,0,0,0,0.00,0.00,0.00,0.00,0,False
Armando,Broja,Broja,Burnley,FWD,9,680,0,0,0,0,0,0,0,0,0,0,0,0,0,0.0,0.0,0.0,0.0,0,0,0,0,0,0.00,0.00,0.00,0.00,0,False
Benjamin,Sesko,Šeško,Man Utd,FWD,9,681,81,0,1,0,1,0,0,0,1,0,0,0,10,16.8,13.9,11.0,4.2,1,3,0,4,1,0.21,0.01,0.22,0.80,4,False
David,Møller Wolfe,Møller Wolfe,Wolves,DEF,9,682,5,0,0,0,1,0,0,0,0,0,0,0,0,4.2,4.5,0.0,0.9,1,1,0,1,0,0.00,0.03,0.03,0.37,1,False
Omar,Alderete,Alderete,Sunderland,DEF,9,683,0,0,0,0,0,0,0,0,0,0,0,0,0,0.0,0.0,0.0,0.0,0,0,0,0,0,0.00,0.00,0.00,0.00,0,False
Malick,Thiaw,Thiaw,Newcastle,DEF,9,684,90,0,0,0,1,0,0,0,0,0,0,0,14,17.0,1.3,3.0,2.1,5,6,2,7,1,0.04,0.24,0.28,1.53,2,False
Bafodé,Diakité,Diakité,Bournemouth,DEF,9,685,0,0,0,0,0,0,0,0,0,0,0,0,0,0.0,0.0,0.0,0.0,0,0,0,0,0,0.00,0.00,0.00,0.00,0,False
Rio,Ngumoha,Ngumoha,Liverpool,MID,9,686,20,0,0,0,0,0,0,0,0,0,0,0,2,1.0,10.8,2.0,1.4,0,0,0,0,0,0.00,0.01,0.01,0.21,1,False
Remy,Rees-Dottin,Rees-Dottin,Bournemouth,MID,9,687,0,0,0,0,0,0,0,0,0,0,0,0,0,0.0,0.0,0.0,0.0,0,0,0,0,0,0.00,0.00,0.00,0.00,0,False
James,Wright,Wright,Aston Villa,GKP,9,688,0,0,0,0,0,0,0,0,0,0,0,0,0,0.0,0.0,0.0,0.0,0,0,0,0,0,0.00,0.00,0.00,0.00,0,False
Seung-Soo,Park,Seung soo,Newcastle,MID,9,689,0,0,0,0,0,0,0,0,0,0,0,0,0,0.0,0.0,0.0,0.0,0,0,0,0,0,0.00,0.00,0.00,0.00,0,False
Rio,Cardines,Cardines,Crystal Palace,MID,9,690,0,0,0,0,0,0,0,0,0,0,0,0,0,0.0,0.0,0.0,0.0,0,0,0,0,0,0.00,0.00,0.00,0.00,0,False
Dominic,Calvert-Lewin,Calvert-Lewin,Leeds,FWD,9,691,86,0,0,1,0,0,0,0,0,0,0,0,5,2.2,12.1,6.0,2.0,1,1,1,3,1,0.10,0.02,0.12,0.58,2,False
Giovanni,Leoni,Leoni,Liverpool,DEF,9,692,0,0,0,0,0,0,0,0,0,0,0,0,0,0.0,0.0,0.0,0.0,0,0,0,0,0,0.00,0.00,0.00,0.00,0,False
Omari,Hutchinson,Hutchinson,Nott'm Forest,MID,9,693,45,0,0,0,0,0,0,0,0,0,0,0,2,1.8,16.3,4.0,2.2,0,3,0,3,0,0.00,0.03,0.03,0.10,1,False
Nordi,Mukiele,Mukiele,Sunderland,DEF,9,694,90,0,0,0,1,0,0,0,0,0,0,0,8,12.4,0.8,2.0,1.5,5,5,1,6,1,0.00,0.01,0.01,0.90,2,False
Jackson,Tchatchoua,Tchatchoua,Wolves,DEF,9,695,14,0,0,0,1,0,0,0,0,0,0,0,3,8.8,23.3,0.0,3.2,0,0,0,0,0,0.00,0.06,0.06,0.38,1,False
Arnaud,Kalimuendo,Kalimuendo,Nott'm Forest,FWD,9,696,1,0,0,0,0,0,0,0,0,0,0,0,3,0.0,0.0,0.0,0.0,0,0,0,0,0,0.00,0.00,0.00,0.00,1,False
Amine,Adli,Adli,Bournemouth,MID,9,697,21,0,0,0,0,0,0,0,0,0,0,0,0,0.0,0.1,0.0,0.0,0,1,0,1,0,0.00,0.00,0.00,0.21,1,False
Noah,Okafor,Okafor,Leeds,MID,9,698,45,0,1,0,0,0,0,0,0,0,0,0,10,2.0,0.9,21.0,2.4,0,2,0,2,1,0.20,0.01,0.21,0.34,4,False
Douglas Luiz,Soares de Paulo,Douglas Luiz,Nott'm Forest,MID,9,699,45,0,0,0,2,0,0,0,1,0,0,0,8,13.2,2.1,0.0,1.5,3,4,3,10,1,0.00,0.00,0.00,0.48,0,False
Max,Dowman,Dowman,Arsenal,MID,9,700,0,0,0,0,0,0,0,0,0,0,0,0,0,0.0,0.0,0.0,0.0,0,0,0,0,0,0.00,0.00,0.00,0.00,0,False
Triston,Rowe,Rowe,Aston Villa,DEF,9,701,0,0,0,0,0,0,0,0,0,0,0,0,0,0.0,0.0,0.0,0.0,0,0,0,0,0,0.00,0.00,0.00,0.00,0,False
Bradley,Burrowes,Burrowes,Aston Villa,MID,9,702,0,0,0,0,0,0,0,0,0,0,0,0,0,0.0,0.0,0.0,0.0,0,0,0,0,0,0.00,0.00,0.00,0.00,0,False
Sam,Proctor,Proctor,Aston Villa,GKP,9,703,0,0,0,0,0,0,0,0,0,0,0,0,0,0.0,0.0,0.0,0.0,0,0,0,0,0,0.00,0.00,0.00,0.00,0,False
Tyler,Onyango,Onyango,Everton,MID,9,704,0,0,0,0,0,0,0,0,0,0,0,0,0,0.0,0.0,0.0,0.0,0,0,0,0,0,0.00,0.00,0.00,0.00,0,False
Elijah,Campbell,Campbell,Everton,DEF,9,705,0,0,0,0,0,0,0,0,0,0,0,0,0,0.0,0.0,0.0,0.0,0,0,0,0,0,0.00,0.00,0.00,0.00,0,False
James,Justin,Justin,Leeds,DEF,9,706,46,0,0,0,1,0,0,0,1,0,0,0,0,10.8,1.1,0.0,1.2,7,4,1,8,0,0.00,0.00,0.00,0.55,0,False
Tyler,Dibling,Dibling,Everton,MID,9,707,0,0,0,0,0,0,0,0,0,0,0,0,0,0.0,0.0,0.0,0.0,0,0,0,0,0,0.00,0.00,0.00,0.00,0,False
Mateus Gonçalo,Espanha Fernandes,M.Fernandes,West Ham,MID,9,708,25,1,0,0,0,0,0,0,0,0,0,0,22,38.0,16.8,19.0,7.4,0,0,1,1,0,0.09,0.02,0.11,0.00,6,False
Ladislav,Krejcí,Krejčí,Wolves,DEF,9,709,90,0,1,0,3,0,0,0,0,0,0,0,12,40.6,13.8,13.0,6.7,8,7,0,8,1,0.07,0.69,0.76,1.43,4,False
Travis,Patterson,Patterson,Aston Villa,DEF,9,710,0,0,0,0,0,0,0,0,0,0,0,0,0,0.0,0.0,0.0,0.0,0,0,0,0,0,0.00,0.00,0.00,0.00,0,False
Andre,Harriman-Annous,Harriman-Annous,Arsenal,MID,9,711,0,0,0,0,0,0,0,0,0,0,0,0,0,0.0,0.0,0.0,0.0,0,0,0,0,0,0.00,0.00,0.00,0.00,0,False
Yéremy,Pino Santos,Yeremy,Crystal Palace,MID,9,712,58,0,0,0,1,0,0,0,0,0,0,0,2,2.6,14.8,2.0,1.9,0,3,1,4,1,0.00,0.01,0.01,0.84,1,False
Álex,Jiménez Sánchez,A.Jimenez,Bournemouth,DEF,9,713,90,0,0,1,0,0,0,0,0,0,0,0,24,7.2,12.8,0.0,2.0,2,3,0,2,1,0.00,0.03,0.03,0.35,6,False
Nick,Woltemade,Woltemade,Newcastle,FWD,9,714,85,0,0,0,1,0,0,0,0,0,0,0,4,1.4,12.2,15.0,2.9,1,3,0,4,1,0.39,0.01,0.40,1.53,2,False
John Victor,Maciel Furtado,John,Nott'm Forest,GKP,9,715,0,0,0,0,0,0,0,0,0,0,0,0,0,0.0,0.0,0.0,0.0,0,0,0,0,0,0.00,0.00,0.00,0.00,0,False
Nicolò,Savona,Savona,Nott'm Forest,DEF,9,716,90,0,0,0,2,0,0,0,0,0,0,0,5,14.2,1.5,0.0,1.6,4,3,3,7,1,0.00,0.00,0.00,0.59,1,False
Xavi,Simons,Xavi,Spurs,MID,9,717,60,0,0,1,0,0,0,0,0,0,0,0,7,4.6,2.3,4.0,1.1,0,4,2,6,1,0.00,0.02,0.02,1.08,3,False
Soungoutou,Magassa,S.Magassa,West Ham,MID,9,718,11,0,0,0,0,0,0,0,0,0,0,0,5,6.6,0.8,0.0,0.7,0,1,3,4,0,0.00,0.00,0.00,0.00,1,False
Victor,Lindelöf,Lindelöf,Aston Villa,DEF,9,719,0,0,0,0,0,0,0,0,0,0,0,0,0,0.0,0.0,0.0,0.0,0,0,0,0,0,0.00,0.00,0.00,0.00,0,False
Tolu,Arokodare,Tolu,Wolves,FWD,9,720,6,0,0,0,1,0,0,0,0,0,0,0,3,0.0,0.0,2.0,0.2,0,0,0,0,0,0.00,0.00,0.00,0.37,1,False
Veljko,Milosavljevic,Milosavljević,Bournemouth,DEF,9,721,90,0,0,1,0,0,0,0,0,0,0,0,24,13.4,0.5,0.0,1.4,4,0,0,4,1,0.00,0.00,0.00,0.35,6,False
Florentino Ibrain,Morris Luís,Florentino,Burnley,MID,9,722,90,0,0,0,2,0,0,0,0,0,0,0,8,4.4,12.7,4.0,2.1,2,1,1,4,1,0.03,0.04,0.07,2.47,2,False
Jaydee,Canvot,Canvot,Crystal Palace,DEF,9,723,0,0,0,0,0,0,0,0,0,0,0,0,0,0.0,0.0,0.0,0.0,0,0,0,0,0,0.00,0.00,0.00,0.00,0,False
Lutsharel,Geertruida,Geertruida,Sunderland,DEF,9,724,90,0,0,0,1,0,0,0,0,0,0,0,9,15.6,3.8,2.0,2.1,5,4,0,5,1,0.03,0.18,0.21,0.90,2,False
Piero,Hincapié,Hincapie,Arsenal,DEF,9,725,8,0,0,0,0,0,0,0,0,0,0,0,4,0.0,0.3,0.0,0.0,0,0,0,0,0,0.00,0.00,0.00,0.01,1,False
Randal,Kolo Muani,Kolo Muani,Spurs,FWD,9,726,61,0,0,1,0,0,0,0,0,0,0,0,7,2.6,10.8,2.0,1.5,1,4,1,6,1,0.00,0.02,0.02,1.08,2,False
Samuel,Chukwueze,Chukwueze,Fulham,MID,9,727,0,0,0,0,0,0,0,0,0,0,0,0,0,0.0,0.0,0.0,0.0,0,0,0,0,0,0.00,0.00,0.00,0.00,0,False
Merlin,Röhl,Röhl,Everton,MID,9,728,24,0,0,0,1,0,0,0,0,0,0,0,-2,0.0,0.1,0.0,0.0,0,1,0,1,0,0.20,0.01,0.21,0.42,1,False
Luis Eduardo,Soares da Silva,Cuiabano,Nott'm Forest,DEF,9,729,0,0,0,0,0,0,0,0,0,0,0,0,0,0.0,0.0,0.0,0.0,0,0,0,0,0,0.00,0.00,0.00,0.00,0,False
Brian,Brobbey,Brobbey,Sunderland,FWD,9,730,15,0,1,0,0,0,0,0,0,0,0,0,12,23.2,10.3,6.0,4.0,1,1,1,3,0,0.00,0.04,0.04,0.12,4,False
Kevin,Santos Lopes de Macedo,Kevin,Fulham,MID,9,731,45,0,0,0,1,0,0,0,0,0,0,0,6,10.2,20.6,8.0,3.9,1,5,2,8,0,0.00,0.07,0.07,1.20,1,False
Christantus,Uche,Uche,Crystal Palace,FWD,9,732,1,0,0,0,0,0,0,0,0,0,0,0,3,0.0,0.0,0.0,0.0,0,1,0,1,0,0.00,0.00,0.00,0.00,1,False
Senne,Lammens,Lammens,Man Utd,GKP,9,733,90,0,0,0,2,0,0,0,0,0,3,0,9,20.4,0.0,0.0,2.0,0,13,0,0,1,0.00,0.00,0.00,1.12,2,False
Dilane,Bakwa,Bakwa,Nott'm Forest,MID,9,734,0,0,0,0,0,0,0,0,0,0,0,0,0,0.0,0.0,0.0,0.0,0,0,0,0,0,0.00,0.00,0.00,0.00,0,False
Bertrand,Traoré,Traoré,Sunderland,MID,9,735,64,0,1,0,1,0,0,0,0,0,0,0,23,13.2,15.7,16.0,4.5,3,1,0,4,1,0.12,0.09,0.21,0.66,5,False
Gianluigi,Donnarumma,Donnarumma,Man City,GKP,9,736,90,0,0,0,1,0,0,0,0,0,2,0,10,18.8,0.0,0.0,1.9,1,7,0,0,1,0.00,0.00,0.00,0.81,2,False
Jonah,Kusi-Asare,Kusi-Asare,Fulham,FWD,9,737,1,0,0,0,0,0,0,0,0,0,0,0,2,0.0,0.0,0.0,0.0,0,0,0,0,0,0.00,0.00,0.00,0.02,1,False
Lukasz,Fabianski,Fabianski,West Ham,GKP,9,738,0,0,0,0,0,0,0,0,0,0,0,0,0,0.0,0.0,0.0,0.0,0,0,0,0,0,0.00,0.00,0.00,0.00,0,False
Divine,Mukasa,Mukasa,Man City,MID,9,739,0,0,0,0,0,0,0,0,0,0,0,0,0,0.0,0.0,0.0,0.0,0,0,0,0,0,0.00,0.00,0.00,0.00,0,False
Stephen,Mfuni,Mfuni,Man City,DEF,9,740,0,0,0,0,0,0,0,0,0,0,0,0,0,0.0,0.0,0.0,0.0,0,0,0,0,0,0.00,0.00,0.00,0.00,0,False
Harry,Gray,Gray,Leeds,FWD,9,741,0,0,0,0,0,0,0,0,0,0,0,0,0,0.0,0.0,0.0,0.0,0,0,0,0,0,0.00,0.00,0.00,0.00,0,False
Ryan,McAidoo,McAidoo,Man City,MID,9,742,0,0,0,0,0,0,0,0,0,0,0,0,0,0.0,0.0,0.0,0.0,0,0,0,0,0,0.00,0.00,0.00,0.00,0,False
Landon,Emenalo,Emenalo,Chelsea,MID,9,743,0,0,0,0,0,0,0,0,0,0,0,0,0,0.0,0.0,0.0,0.0,0,0,0,0,0,0.00,0.00,0.00,0.00,0,False
Nehemiah,Oriola,Oriola,Brighton,MID,9,744,0,0,0,0,0,0,0,0,0,0,0,0,0,0.0,0.0,0.0,0.0,0,0,0,0,0,0.00,0.00,0.00,0.00,0,False
Jun'ai,Byfield,Byfield,Spurs,DEF,9,745,0,0,0,0,0,0,0,0,0,0,0,0,0,0.0,0.0,0.0,0.0,0,0,0,0,0,0.00,0.00,0.00,0.00,0,False
Kieran,Morrison,Morrison,Liverpool,MID,9,746,0,0,0,0,0,0,0,0,0,0,0,0,0,0.0,0.0,0.0,0.0,0,0,0,0,0,0.00,0.00,0.00,0.00,0,False
David,Raya Martín,Raya,Arsenal,GKP,10,1,90,0,0,1,0,0,0,0,0,0,0,0,20,2.8,0.1,0.0,0.3,1,7,0,0,1,0.00,0.00,0.00,0.42,6,False
Kepa,Arrizabalaga Revuelta,Arrizabalaga,Arsenal,GKP,10,2,0,0,0,0,0,0,0,0,0,0,0,0,0,0.0,0.0,0.0,0.0,0,0,0,0,0,0.00,0.00,0.00,0.00,0,False
Karl,Hein,Hein,Arsenal,GKP,10,3,0,0,0,0,0,0,0,0,0,0,0,0,0,0.0,0.0,0.0,0.0,0,0,0,0,0,0.00,0.00,0.00,0.00,0,False
Tommy,Setford,Setford,Arsenal,GKP,10,4,0,0,0,0,0,0,0,0,0,0,0,0,0,0.0,0.0,0.0,0.0,0,0,0,0,0,0.00,0.00,0.00,0.00,0,False
Gabriel,dos Santos Magalhães,Gabriel,Arsenal,DEF,10,5,90,0,1,1,0,0,0,0,1,0,0,2,39,36.0,11.3,4.0,5.1,10,1,1,11,1,0.00,0.52,0.52,0.42,12,True
William,Saliba,Saliba,Arsenal,DEF,10,6,90,0,0,1,0,0,0,0,0,0,0,0,29,19.2,6.1,0.0,2.5,4,5,2,6,1,0.00,0.01,0.01,0.42,6,False
Riccardo,Calafiori,Calafiori,Arsenal,DEF,10,7,71,0,0,1,0,0,0,0,0,0,0,0,33,16.0,3.3,17.0,3.6,6,3,1,7,1,0.06,0.01,0.07,0.02,6,False
Jurriën,Timber,J.Timber,Arsenal,DEF,10,8,90,0,0,1,0,0,0,0,0,0,0,0,20,5.4,1.2,17.0,2.4,2,3,2,4,1,0.19,0.01,0.20,0.42,6,False
Jakub,Kiwior,Kiwior,Arsenal,DEF,10,9,0,0,0,0,0,0,0,0,0,0,0,0,0,0.0,0.0,0.0,0.0,0,0,0,0,0,0.00,0.00,0.00,0.00,0,False
Myles,Lewis-Skelly,Lewis-Skelly,Arsenal,DEF,10,10,1,0,0,0,0,0,0,0,0,0,0,0,3,2.0,0.0,0.0,0.2,1,0,0,1,0,0.00,0.00,0.00,0.05,1,False
Benjamin,White,White,Arsenal,DEF,10,11,0,0,0,0,0,0,0,0,0,0,0,0,0,0.0,0.0,0.0,0.0,0,0,0,0,0,0.00,0.00,0.00,0.00,0,False
Oleksandr,Zinchenko,Zinchenko,Nott'm Forest,DEF,10,12,0,0,0,0,0,0,0,0,0,0,0,0,0,0.0,0.0,0.0,0.0,0,0,0,0,0,0.00,0.00,0.00,0.00,0,False
Brayden,Clarke,Clarke,Arsenal,DEF,10,13,0,0,0,0,0,0,0,0,0,0,0,0,0,0.0,0.0,0.0,0.0,0,0,0,0,0,0.00,0.00,0.00,0.00,0,False
Maldini,Kacurri,Kacurri,Arsenal,DEF,10,14,0,0,0,0,0,0,0,0,0,0,0,0,0,0.0,0.0,0.0,0.0,0,0,0,0,0,0.00,0.00,0.00,0.00,0,False
Josh,Nichols,Nichols,Arsenal,DEF,10,15,0,0,0,0,0,0,0,0,0,0,0,0,0,0.0,0.0,0.0,0.0,0,0,0,0,0,0.00,0.00,0.00,0.00,0,False
Bukayo,Saka,Saka,Arsenal,MID,10,16,90,0,0,1,0,0,0,0,0,0,0,0,3,12.4,24.3,40.0,7.7,0,1,1,2,1,0.58,0.06,0.64,0.42,3,False
Martin,Ødegaard,Ødegaard,Arsenal,MID,10,17,0,0,0,0,0,0,0,0,0,0,0,0,0,0.0,0.0,0.0,0.0,0,0,0,0,0,0.00,0.00,0.00,0.00,0,False
Noni,Madueke,Madueke,Arsenal,MID,10,18,0,0,0,0,0,0,0,0,0,0,0,0,0,0.0,0.0,0.0,0.0,0,0,0,0,0,0.00,0.00,0.00,0.00,0,False
Gabriel,Martinelli Silva,Martinelli,Arsenal,MID,10,19,0,0,0,0,0,0,0,0,0,0,0,0,0,0.0,0.0,0.0,0.0,0,0,0,0,0,0.00,0.00,0.00,0.00,0,False
Leandro,Trossard,Trossard,Arsenal,MID,10,20,90,0,1,1,0,0,0,0,0,0,0,0,23,30.2,29.0,17.0,7.6,0,2,1,3,1,0.27,0.15,0.42,0.37,6,False
Declan,Rice,Rice,Arsenal,MID,10,21,90,1,0,1,0,0,0,0,0,0,0,3,47,58.2,28.5,17.0,10.4,7,9,5,21,1,0.24,0.33,0.57,0.42,13,True
Mikel,Merino Zazón,Merino,Arsenal,MID,10,22,45,0,0,0,0,0,0,0,0,0,0,0,4,2.6,12.8,0.0,1.5,0,4,0,4,0,0.00,0.05,0.05,0.42,1,False
Fábio,Ferreira Vieira,Fábio Vieira,Arsenal,MID,10,23,0,0,0,0,0,0,0,0,0,0,0,0,0,0.0,0.0,0.0,0.0,0,0,0,0,0,0.00,0.00,0.00,0.00,0,False
Christian,Nørgaard,Nørgaard,Arsenal,MID,10,24,13,0,0,0,0,0,0,0,0,0,0,0,4,5.4,0.1,7.0,1.3,1,1,0,2,0,0.05,0.00,0.05,0.05,1,False
Ethan,Nwaneri,Nwaneri,Arsenal,MID,10,25,18,0,0,0,0,0,0,0,0,0,0,0,2,0.2,0.4,3.0,0.4,0,3,1,4,0,0.04,0.00,0.04,0.40,1,False
Martín,Zubimendi Ibáñez,Zubimendi,Arsenal,MID,10,26,76,0,0,1,0,0,0,0,0,0,0,0,10,7.6,14.8,0.0,2.2,2,0,1,3,1,0.00,0.02,0.02,0.37,3,False
Reiss,Nelson,Nelson,Brentford,MID,10,27,15,0,0,0,0,0,0,0,0,0,0,0,7,4.8,1.6,9.0,1.5,0,3,0,3,0,0.06,0.03,0.09,0.04,1,False
Ismeal,Kabia,Kabia,Arsenal,MID,10,28,0,0,0,0,0,0,0,0,0,0,0,0,0,0.0,0.0,0.0,0.0,0,0,0,0,0,0.00,0.00,0.00,0.00,0,False
Albert,Sambi Lokonga,Sambi,Arsenal,MID,10,29,0,0,0,0,0,0,0,0,0,0,0,0,0,0.0,0.0,0.0,0.0,0,0,0,0,0,0.00,0.00,0.00,0.00,0,False
Kai,Havertz,Havertz,Arsenal,FWD,10,30,0,0,0,0,0,0,0,0,0,0,0,0,0,0.0,0.0,0.0,0.0,0,0,0,0,0,0.00,0.00,0.00,0.00,0,False
Gabriel,Fernando de Jesus,G.Jesus,Arsenal,FWD,10,31,0,0,0,0,0,0,0,0,0,0,0,0,0,0.0,0.0,0.0,0.0,0,0,0,0,0,0.00,0.00,0.00,0.00,0,False
Emiliano,Martínez Romero,Martinez,Aston Villa,GKP,10,32,90,0,0,0,2,0,0,0,0,0,2,0,4,8.6,0.0,0.0,0.9,0,10,0,0,1,0.00,0.00,0.00,1.19,1,False
Marco,Bizot,M.Bizot,Aston Villa,GKP,10,33,0,0,0,0,0,0,0,0,0,0,0,0,0,0.0,0.0,0.0,0.0,0,0,0,0,0,0.00,0.00,0.00,0.00,0,False
Joe,Gauci,Gauci,Aston Villa,GKP,10,34,0,0,0,0,0,0,0,0,0,0,0,0,0,0.0,0.0,0.0,0.0,0,0,0,0,0,0.00,0.00,0.00,0.00,0,False
Filip,Marschall,Marschall,Aston Villa,GKP,10,35,0,0,0,0,0,0,0,0,0,0,0,0,0,0.0,0.0,0.0,0.0,0,0,0,0,0,0.00,0.00,0.00,0.00,0,False
Matty,Cash,Cash,Aston Villa,DEF,10,36,90,0,0,0,2,0,0,0,1,0,0,0,0,16.4,15.9,8.0,4.0,7,0,0,7,1,0.03,0.04,0.07,1.19,0,False
Lucas,Digne,Digne,Aston Villa,DEF,10,37,74,0,0,0,2,0,0,0,0,0,0,0,3,14.8,11.3,0.0,2.6,5,2,2,7,1,0.00,0.01,0.01,1.12,1,False
Ezri,Konsa Ngoyo,Konsa,Aston Villa,DEF,10,38,90,0,0,0,2,0,0,0,0,0,0,0,11,17.4,1.3,0.0,1.9,8,2,0,8,1,0.00,0.01,0.01,1.19,1,False
Ian,Maatsen,Maatsen,Aston Villa,DEF,10,39,15,0,0,0,0,0,0,0,0,0,0,0,2,5.0,11.5,8.0,2.5,1,0,0,1,0,0.00,0.01,0.01,0.06,1,False
Tyrone,Mings,Mings,Aston Villa,DEF,10,40,16,0,0,0,0,0,0,0,0,0,0,0,4,2.0,0.4,0.0,0.2,1,0,0,1,0,0.00,0.00,0.00,0.06,1,False
Pau,Torres,Pau,Aston Villa,DEF,10,41,73,0,0,0,2,0,0,0,0,0,0,0,8,25.2,0.3,0.0,2.6,8,1,0,8,1,0.00,0.00,0.00,1.12,1,False
Andrés,García,A.García,Aston Villa,DEF,10,42,0,0,0,0,0,0,0,0,0,0,0,0,0,0.0,0.0,0.0,0.0,0,0,0,0,0,0.00,0.00,0.00,0.00,0,False
Álex,Moreno Lopera,Alex Moreno,Aston Villa,DEF,10,43,0,0,0,0,0,0,0,0,0,0,0,0,0,0.0,0.0,0.0,0.0,0,0,0,0,0,0.00,0.00,0.00,0.00,0,False
Lamare,Bogarde,Bogarde,Aston Villa,DEF,10,44,0,0,0,0,0,0,0,0,0,0,0,0,0,0.0,0.0,0.0,0.0,0,0,0,0,0,0.00,0.00,0.00,0.00,0,False
Lino,da Cruz Sousa,Sousa,Aston Villa,DEF,10,45,0,0,0,0,0,0,0,0,0,0,0,0,0,0.0,0.0,0.0,0.0,0,0,0,0,0,0.00,0.00,0.00,0.00,0,False
Yasin,Özcan,Yasin,Aston Villa,DEF,10,46,0,0,0,0,0,0,0,0,0,0,0,0,0,0.0,0.0,0.0,0.0,0,0,0,0,0,0.00,0.00,0.00,0.00,0,False
Morgan,Rogers,Rogers,Aston Villa,MID,10,47,90,0,0,0,2,0,0,0,1,0,0,0,6,6.6,18.0,27.0,5.2,1,4,3,8,1,0.14,0.22,0.36,1.19,1,False
Youri,Tielemans,Tielemans,Aston Villa,MID,10,48,0,0,0,0,0,0,0,0,0,0,0,0,0,0.0,0.0,0.0,0.0,0,0,0,0,0,0.00,0.00,0.00,0.00,0,False
Leon,Bailey,Bailey,Aston Villa,MID,10,49,0,0,0,0,0,0,0,0,0,0,0,0,0,0.0,0.0,0.0,0.0,0,0,0,0,0,0.00,0.00,0.00,0.00,0,False
Emiliano,Buendía Stati,Buendía,Aston Villa,MID,10,50,0,0,0,0,0,0,0,0,0,0,0,0,0,0.0,0.0,0.0,0.0,0,0,0,0,0,0.00,0.00,0.00,0.00,0,False
Samuel,Iling-Junior,Iling Jr,Aston Villa,MID,10,51,0,0,0,0,0,0,0,0,0,0,0,0,0,0.0,0.0,0.0,0.0,0,0,0,0,0,0.00,0.00,0.00,0.00,0,False
Jacob,Ramsey,J.Ramsey,Newcastle,MID,10,52,45,0,0,0,1,0,0,0,1,0,0,0,2,5.8,3.2,2.0,1.1,1,3,2,6,0,0.00,0.01,0.01,1.50,0,False
Donyell,Malen,Malen,Aston Villa,MID,10,53,31,0,0,0,0,0,0,0,0,0,0,0,2,0.0,2.3,7.0,0.8,0,0,0,0,0,0.05,0.00,0.05,0.15,1,False
John,McGinn,McGinn,Aston Villa,MID,10,54,58,0,0,0,2,0,0,0,0,0,0,0,8,7.8,11.8,0.0,2.0,0,2,3,5,1,0.00,0.01,0.01,1.03,1,False
Ross,Barkley,Barkley,Aston Villa,MID,10,55,31,0,0,0,0,0,0,0,0,0,0,0,4,3.6,10.7,13.0,2.7,0,1,0,1,0,0.10,0.02,0.12,0.15,1,False
Enzo,Barrenechea,Barrenechea,Aston Villa,MID,10,56,0,0,0,0,0,0,0,0,0,0,0,0,0,0.0,0.0,0.0,0.0,0,0,0,0,0,0.00,0.00,0.00,0.00,0,False
Lewis,Dobbin,Dobbin,Aston Villa,MID,10,57,0,0,0,0,0,0,0,0,0,0,0,0,0,0.0,0.0,0.0,0.0,0,0,0,0,0,0.00,0.00,0.00,0.00,0,False
Boubacar,Kamara,Kamara,Aston Villa,MID,10,58,90,0,0,0,2,0,0,0,0,0,0,0,14,8.6,15.1,0.0,2.4,2,3,1,6,1,0.00,0.01,0.01,1.19,2,False
Amadou,Onana,Onana,Aston Villa,MID,10,59,90,0,0,0,2,0,0,0,1,0,0,0,13,14.6,16.6,0.0,3.1,2,3,2,7,1,0.00,0.03,0.03,1.19,1,False
Ben,Broggio,Broggio,Aston Villa,MID,10,60,0,0,0,0,0,0,0,0,0,0,0,0,0,0.0,0.0,0.0,0.0,0,0,0,0,0,0.00,0.00,0.00,0.00,0,False
Leander,Dendoncker,Dendoncker,Aston Villa,MID,10,61,0,0,0,0,0,0,0,0,0,0,0,0,0,0.0,0.0,0.0,0.0,0,0,0,0,0,0.00,0.00,0.00,0.00,0,False
Jamaldeen,Jimoh-Aloba,Jimoh-Aloba,Aston Villa,MID,10,62,0,0,0,0,0,0,0,0,0,0,0,0,0,0.0,0.0,0.0,0.0,0,0,0,0,0,0.00,0.00,0.00,0.00,0,False
Kadan,Young,Young,Aston Villa,MID,10,63,0,0,0,0,0,0,0,0,0,0,0,0,0,0.0,0.0,0.0,0.0,0,0,0,0,0,0.00,0.00,0.00,0.00,0,False
Ollie,Watkins,Watkins,Aston Villa,FWD,10,64,74,0,0,0,2,0,0,0,0,0,0,0,9,2.4,13.8,0.0,1.6,0,1,0,1,1,0.00,0.02,0.02,1.12,2,False
Zépiqueno,Redmond,Redmond,Aston Villa,FWD,10,65,0,0,0,0,0,0,0,0,0,0,0,0,0,0.0,0.0,0.0,0.0,0,0,0,0,0,0.00,0.00,0.00,0.00,0,False
Norberto,Murara Neto,Neto,Bournemouth,GKP,10,66,0,0,0,0,0,0,0,0,0,0,0,0,0,0.0,0.0,0.0,0.0,0,0,0,0,0,0.00,0.00,0.00,0.00,0,False
Đorđe,Petrović,Petrović,Bournemouth,GKP,10,67,90,0,0,0,3,0,0,0,0,0,4,0,8,33.0,0.0,0.0,3.3,3,7,0,0,1,0.00,0.00,0.00,2.22,2,False
Will,Dennis,Dennis,Bournemouth,GKP,10,68,0,0,0,0,0,0,0,0,0,0,0,0,0,0.0,0.0,0.0,0.0,0,0,0,0,0,0.00,0.00,0.00,0.00,0,False
Callan,McKenna,McKenna,Bournemouth,GKP,10,69,0,0,0,0,0,0,0,0,0,0,0,0,0,0.0,0.0,0.0,0.0,0,0,0,0,0,0.00,0.00,0.00,0.00,0,False
Alex,Paulsen,Paulsen,Bournemouth,GKP,10,70,0,0,0,0,0,0,0,0,0,0,0,0,0,0.0,0.0,0.0,0.0,0,0,0,0,0,0.00,0.00,0.00,0.00,0,False
Illia,Zabarnyi,Zabarnyi,Bournemouth,DEF,10,71,0,0,0,0,0,0,0,0,0,0,0,0,0,0.0,0.0,0.0,0.0,0,0,0,0,0,0.00,0.00,0.00,0.00,0,False
Marcos,Senesi Barón,Senesi,Bournemouth,DEF,10,72,90,0,0,0,3,0,0,0,0,0,0,0,7,37.4,18.3,2.0,5.8,12,10,2,14,1,0.00,0.18,0.18,2.22,3,False
Adam,Smith,Smith,Bournemouth,DEF,10,73,0,0,0,0,0,0,0,0,0,0,0,0,0,0.0,0.0,0.0,0.0,0,0,0,0,0,0.00,0.00,0.00,0.00,0,False
Adrien,Truffert,Truffert,Bournemouth,DEF,10,74,90,0,0,0,3,0,0,0,1,0,0,0,5,22.0,3.8,6.0,3.2,6,6,4,10,1,0.05,0.01,0.06,2.22,2,False
Matai,Akinmboni,Akinmboni,Bournemouth,DEF,10,75,0,0,0,0,0,0,0,0,0,0,0,0,0,0.0,0.0,0.0,0.0,0,0,0,0,0,0.00,0.00,0.00,0.00,0,False
Owen,Bevan,Bevan,Bournemouth,DEF,10,76,0,0,0,0,0,0,0,0,0,0,0,0,0,0.0,0.0,0.0,0.0,0,0,0,0,0,0.00,0.00,0.00,0.00,0,False
James,Hill,Hill,Bournemouth,DEF,10,77,0,0,0,0,0,0,0,0,0,0,0,0,0,0.0,0.0,0.0,0.0,0,0,0,0,0,0.00,0.00,0.00,0.00,0,False
Julián,Araujo Zúñiga,J.Araujo,Bournemouth,DEF,10,78,0,0,0,0,0,0,0,0,0,0,0,0,0,0.0,0.0,0.0,0.0,0,0,0,0,0,0.00,0.00,0.00,0.00,0,False
Chris,Mepham,Mepham,Bournemouth,DEF,10,79,0,0,0,0,0,0,0,0,0,0,0,0,0,0.0,0.0,0.0,0.0,0,0,0,0,0,0.00,0.00,0.00,0.00,0,False
Julio,Soler Barreto,Soler,Bournemouth,DEF,10,80,0,0,0,0,0,0,0,0,0,0,0,0,0,0.0,0.0,0.0,0.0,0,0,0,0,0,0.00,0.00,0.00,0.00,0,False
Justin,Kluivert,Kluivert,Bournemouth,MID,10,81,28,0,0,0,0,0,0,0,1,0,0,0,-2,0.0,1.5,0.0,0.0,0,0,0,0,0,0.00,0.01,0.01,0.31,0,False
Antoine,Semenyo,Semenyo,Bournemouth,MID,10,82,90,0,0,0,3,0,0,0,0,0,0,0,6,11.2,10.7,24.0,4.6,0,5,2,7,1,0.03,0.02,0.05,2.22,2,False
Dango,Ouattara,O.Dango,Brentford,MID,10,83,74,0,0,0,2,0,0,0,0,0,0,0,10,5.6,4.5,4.0,1.4,4,2,0,6,1,0.06,0.01,0.07,0.65,2,False
Marcus,Tavernier,Tavernier,Bournemouth,MID,10,84,90,0,0,0,3,0,0,0,0,0,0,0,11,5.4,7.1,6.0,1.9,3,3,0,6,1,0.02,0.03,0.05,2.22,2,False
Tyler,Adams,Adams,Bournemouth,MID,10,85,79,1,0,0,3,0,0,0,0,0,0,1,34,44.6,9.3,33.0,8.7,2,2,3,7,1,0.36,0.03,0.39,1.99,8,False
David,Brooks,Brooks,Bournemouth,MID,10,86,61,0,0,0,3,0,0,0,0,0,0,0,12,10.0,12.1,13.0,3.5,1,4,2,7,1,0.01,0.06,0.07,1.91,2,False
Ryan,Christie,Christie,Bournemouth,MID,10,87,17,0,0,0,0,0,0,0,0,0,0,0,4,4.2,3.5,0.0,0.8,0,0,1,1,0,0.00,0.00,0.00,0.26,1,False
Lewis,Cook,Cook,Bournemouth,MID,10,88,28,0,0,0,0,0,0,0,0,0,0,0,11,6.4,11.4,2.0,2.0,0,3,1,4,0,0.00,0.02,0.02,0.31,1,False
Philip,Billing,Philip,Bournemouth,MID,10,89,0,0,0,0,0,0,0,0,0,0,0,0,0,0.0,0.0,0.0,0.0,0,0,0,0,0,0.00,0.00,0.00,0.00,0,False
Alex,Scott,Scott,Bournemouth,MID,10,90,72,0,1,0,3,0,0,0,0,0,0,0,24,6.6,12.4,0.0,1.9,2,1,0,3,1,0.00,0.06,0.06,1.96,5,False
Luis,Sinisterra Lucumí,Sinisterra,Bournemouth,MID,10,91,0,0,0,0,0,0,0,0,0,0,0,0,0,0.0,0.0,0.0,0.0,0,0,0,0,0,0.00,0.00,0.00,0.00,0,False
Romain,Faivre,Faivre,Bournemouth,MID,10,92,0,0,0,0,0,0,0,0,0,0,0,0,0,0.0,0.0,0.0,0.0,0,0,0,0,0,0.00,0.00,0.00,0.00,0,False
Hamed,Traorè,H.Traorè,Bournemouth,MID,10,93,0,0,0,0,0,0,0,0,0,0,0,0,0,0.0,0.0,0.0,0.0,0,0,0,0,0,0.00,0.00,0.00,0.00,0,False
Dominic,Sadi,Sadi,Bournemouth,MID,10,94,0,0,0,0,0,0,0,0,0,0,0,0,0,0.0,0.0,0.0,0.0,0,0,0,0,0,0.00,0.00,0.00,0.00,0,False
Zain,Silcott-Duberry,Silcott-Duberry,Bournemouth,MID,10,95,0,0,0,0,0,0,0,0,0,0,0,0,0,0.0,0.0,0.0,0.0,0,0,0,0,0,0.00,0.00,0.00,0.00,0,False
Ben,Winterburn,Winterburn,Bournemouth,MID,10,96,0,0,0,0,0,0,0,0,0,0,0,0,0,0.0,0.0,0.0,0.0,0,0,0,0,0,0.00,0.00,0.00,0.00,0,False
Francisco Evanilson,de Lima Barbosa,Evanilson,Bournemouth,FWD,10,97,28,0,0,0,0,0,0,0,0,0,0,0,1,0.0,0.0,0.0,0.0,0,0,0,0,0,0.00,0.00,0.00,0.31,1,False
Enes,Ünal,Enes Ünal,Bournemouth,FWD,10,98,0,0,0,0,0,0,0,0,0,0,0,0,0,0.0,0.0,0.0,0.0,0,0,0,0,0,0.00,0.00,0.00,0.00,0,False
Daniel,Adu-Adjei,Adu-Adjei,Bournemouth,FWD,10,99,0,0,0,0,0,0,0,0,0,0,0,0,0,0.0,0.0,0.0,0.0,0,0,0,0,0,0.00,0.00,0.00,0.00,0,False
Eli Junior,Kroupi,Kroupi.Jr,Bournemouth,FWD,10,100,61,0,0,0,3,0,0,0,0,0,0,0,6,4.4,11.8,25.0,4.1,1,1,1,3,1,0.25,0.06,0.31,1.91,2,False
Caoimhín,Kelleher,Kelleher,Brentford,GKP,10,101,90,0,0,0,2,0,0,0,0,0,2,0,11,16.0,0.0,0.0,1.6,0,14,0,0,1,0.00,0.00,0.00,0.70,1,False
Ellery,Balcombe,Balcombe,Brentford,GKP,10,102,0,0,0,0,0,0,0,0,0,0,0,0,0,0.0,0.0,0.0,0.0,0,0,0,0,0,0.00,0.00,0.00,0.00,0,False
Matthew,Cox,Cox,Brentford,GKP,10,103,0,0,0,0,0,0,0,0,0,0,0,0,0,0.0,0.0,0.0,0.0,0,0,0,0,0,0.00,0.00,0.00,0.00,0,False
Julian,Eyestone,Eyestone,Brentford,GKP,10,104,0,0,0,0,0,0,0,0,0,0,0,0,0,0.0,0.0,0.0,0.0,0,0,0,0,0,0.00,0.00,0.00,0.00,0,False
Hákon Rafn,Valdimarsson,Valdimarsson,Brentford,GKP,10,105,0,0,0,0,0,0,0,0,0,0,0,0,0,0.0,0.0,0.0,0.0,0,0,0,0,0,0.00,0.00,0.00,0.00,0,False
Nathan,Collins,Collins,Brentford,DEF,10,106,90,0,0,0,2,1,0,0,1,0,0,0,-5,22.2,0.5,2.0,2.5,13,3,0,13,1,0.00,0.00,0.00,0.70,0,False
Keane,Lewis-Potter,Lewis-Potter,Brentford,DEF,10,107,23,0,0,0,0,0,0,0,0,0,0,0,5,3.2,11.8,2.0,1.7,0,3,0,0,0,0.00,0.03,0.03,0.04,1,False
Kristoffer,Ajer,Ajer,Brentford,DEF,10,108,90,0,0,0,2,0,0,0,0,0,0,0,2,19.6,1.4,37.0,5.8,6,0,3,9,1,0.12,0.02,0.14,0.70,1,False
Rico,Henry,Henry,Brentford,DEF,10,109,0,0,0,0,0,0,0,0,0,0,0,0,0,0.0,0.0,0.0,0.0,0,0,0,0,0,0.00,0.00,0.00,0.00,0,False
Michael,Kayode,Kayode,Brentford,DEF,10,110,66,0,0,0,2,0,0,0,0,0,0,0,9,12.0,1.4,0.0,1.3,4,6,2,6,1,0.00,0.04,0.04,0.65,1,False
Ethan,Pinnock,Pinnock,Brentford,DEF,10,111,0,0,0,0,0,0,0,0,0,0,0,0,0,0.0,0.0,0.0,0.0,0,0,0,0,0,0.00,0.00,0.00,0.00,0,False
Mads,Roerslev Rasmussen,Roerslev,Brentford,DEF,10,112,0,0,0,0,0,0,0,0,0,0,0,0,0,0.0,0.0,0.0,0.0,0,0,0,0,0,0.00,0.00,0.00,0.00,0,False
Sepp,van den Berg,Van den Berg,Brentford,DEF,10,113,90,0,0,0,2,0,0,0,0,0,0,0,7,22.8,0.8,2.0,2.6,9,4,2,11,1,0.00,0.05,0.05,0.70,3,False
Benjamin,Arthur,Arthur,Brentford,DEF,10,114,0,0,0,0,0,0,0,0,0,0,0,0,0,0.0,0.0,0.0,0.0,0,0,0,0,0,0.00,0.00,0.00,0.00,0,False
Benjamin,Fredrick,Fredrick,Brentford,DEF,10,115,0,0,0,0,0,0,0,0,0,0,0,0,0,0.0,0.0,0.0,0.0,0,0,0,0,0,0.00,0.00,0.00,0.00,0,False
Aaron,Hickey,Hickey,Brentford,DEF,10,116,0,0,0,0,0,0,0,0,0,0,0,0,0,0.0,0.0,0.0,0.0,0,0,0,0,0,0.00,0.00,0.00,0.00,0,False
Kim,Ji-soo,Ji-soo,Brentford,DEF,10,117,0,0,0,0,0,0,0,0,0,0,0,0,0,0.0,0.0,0.0,0.0,0,0,0,0,0,0.00,0.00,0.00,0.00,0,False
Jayden,Meghoma,Meghoma,Brentford,DEF,10,118,0,0,0,0,0,0,0,0,0,0,0,0,0,0.0,0.0,0.0,0.0,0,0,0,0,0,0.00,0.00,0.00,0.00,0,False
Bryan,Mbeumo,Mbeumo,Man Utd,MID,10,119,90,0,0,0,2,0,0,0,0,0,0,0,15,14.6,52.7,21.0,8.8,1,8,0,9,1,0.08,0.47,0.55,1.93,2,False
Kevin,Schade,Schade,Brentford,MID,10,120,90,0,0,0,2,0,0,0,1,0,0,0,3,3.6,2.3,4.0,1.0,2,2,1,5,1,0.00,0.02,0.02,0.70,1,False
Mikkel,Damsgaard,Damsgaard,Brentford,MID,10,121,67,0,0,0,2,0,0,0,0,0,0,0,10,4.4,6.4,3.0,1.4,0,5,3,8,1,0.17,0.04,0.21,0.65,2,False
Antoni,Milambo,Milambo,Brentford,MID,10,122,0,0,0,0,0,0,0,0,0,0,0,0,0,0.0,0.0,0.0,0.0,0,0,0,0,0,0.00,0.00,0.00,0.00,0,False
Fábio,Freitas Gouveia Carvalho,Carvalho,Brentford,MID,10,123,4,0,0,0,0,0,0,0,0,0,0,0,3,0.2,0.3,0.0,0.1,0,0,0,0,0,0.00,0.00,0.00,0.00,1,False
Jordan,Henderson,Henderson,Brentford,MID,10,124,85,0,0,0,2,0,0,0,1,0,0,0,15,22.4,12.4,2.0,3.7,5,4,0,9,1,0.01,0.16,0.17,0.70,1,False
Vitaly,Janelt,Janelt,Brentford,MID,10,125,22,0,0,0,0,0,0,0,0,0,0,0,6,3.2,0.8,6.0,1.0,0,2,2,4,0,0.12,0.01,0.13,0.04,1,False
Mathias,Jensen,Jensen,Brentford,MID,10,126,22,0,0,0,0,0,0,0,0,0,0,0,5,4.8,1.4,0.0,0.6,1,2,1,4,0,0.00,0.03,0.03,0.04,1,False
Gustavo,Nunes Fernandes Gomes,Nunes,Brentford,MID,10,127,0,0,0,0,0,0,0,0,0,0,0,0,0,0.0,0.0,0.0,0.0,0,0,0,0,0,0.00,0.00,0.00,0.00,0,False
Frank,Onyeka,Onyeka,Brentford,MID,10,128,0,0,0,0,0,0,0,0,0,0,0,0,0,0.0,0.0,0.0,0.0,0,0,0,0,0,0.00,0.00,0.00,0.00,0,False
Yehor,Yarmoliuk,Yarmoliuk,Brentford,MID,10,129,67,0,0,0,2,0,0,0,0,0,0,0,6,0.0,1.7,2.0,0.2,0,8,0,8,1,0.00,0.02,0.02,0.65,2,False
Romelle,Donovan,Donovan,Brentford,MID,10,130,0,0,0,0,0,0,0,0,0,0,0,0,0,0.0,0.0,0.0,0.0,0,0,0,0,0,0.00,0.00,0.00,0.00,0,False
Yunus Emre,Konak,Konak,Brentford,MID,10,131,0,0,0,0,0,0,0,0,0,0,0,0,0,0.0,0.0,0.0,0.0,0,0,0,0,0,0.00,0.00,0.00,0.00,0,False
Paris,Maghoma,Maghoma,Brentford,MID,10,132,0,0,0,0,0,0,0,0,0,0,0,0,0,0.0,0.0,0.0,0.0,0,0,0,0,0,0.00,0.00,0.00,0.00,0,False
Myles,Peart-Harris,Peart-Harris,Brentford,MID,10,133,0,0,0,0,0,0,0,0,0,0,0,0,0,0.0,0.0,0.0,0.0,0,0,0,0,0,0.00,0.00,0.00,0.00,0,False
Ryan,Trevitt,Trevitt,Brentford,MID,10,134,0,0,0,0,0,0,0,0,0,0,0,0,0,0.0,0.0,0.0,0.0,0,0,0,0,0,0.00,0.00,0.00,0.00,0,False
Yoane,Wissa,Wissa,Newcastle,FWD,10,135,0,0,0,0,0,0,0,0,0,0,0,0,0,0.0,0.0,0.0,0.0,0,0,0,0,0,0.00,0.00,0.00,0.00,0,False
Igor Thiago,Nascimento Rodrigues,Thiago,Brentford,FWD,10,136,90,0,0,0,2,0,0,0,0,0,0,0,7,7.2,13.0,4.0,2.4,2,2,2,6,1,0.00,0.01,0.01,0.70,2,False
Iwan,Morgan,Morgan,Brentford,FWD,10,137,0,0,0,0,0,0,0,0,0,0,0,0,0,0.0,0.0,0.0,0.0,0,0,0,0,0,0.00,0.00,0.00,0.00,0,False
Jason,Steele,Steele,Brighton,GKP,10,138,0,0,0,0,0,0,0,0,0,0,0,0,0,0.0,0.0,0.0,0.0,0,0,0,0,0,0.00,0.00,0.00,0.00,0,False
Bart,Verbruggen,Verbruggen,Brighton,GKP,10,139,90,0,0,1,0,0,0,0,0,0,2,0,30,22.0,0.0,0.0,2.2,0,6,0,0,1,0.00,0.00,0.00,0.50,6,False
Tom,McGill,McGill,Brighton,GKP,10,140,0,0,0,0,0,0,0,0,0,0,0,0,0,0.0,0.0,0.0,0.0,0,0,0,0,0,0.00,0.00,0.00,0.00,0,False
Carl,Rushworth,Rushworth,Brighton,GKP,10,141,0,0,0,0,0,0,0,0,0,0,0,0,0,0.0,0.0,0.0,0.0,0,0,0,0,0,0.00,0.00,0.00,0.00,0,False
Kjell,Scherpen,Scherpen,Brighton,GKP,10,142,0,0,0,0,0,0,0,0,0,0,0,0,0,0.0,0.0,0.0,0.0,0,0,0,0,0,0.00,0.00,0.00,0.00,0,False
Olivier,Boscagli,Boscagli,Brighton,DEF,10,143,0,0,0,0,0,0,0,0,0,0,0,0,0,0.0,0.0,0.0,0.0,0,0,0,0,0,0.00,0.00,0.00,0.00,0,False
Diego,Coppola,Coppola,Brighton,DEF,10,144,0,0,0,0,0,0,0,0,0,0,0,0,0,0.0,0.0,0.0,0.0,0,0,0,0,0,0.00,0.00,0.00,0.00,0,False
Maxim,De Cuyper,De Cuyper,Brighton,DEF,10,145,0,0,0,0,0,0,0,0,0,0,0,0,0,0.0,0.0,0.0,0.0,0,0,0,0,0,0.00,0.00,0.00,0.00,0,False
Lewis,Dunk,Dunk,Brighton,DEF,10,146,90,0,0,1,0,0,0,0,0,0,0,0,27,15.0,1.4,2.0,1.8,4,4,1,5,1,0.00,0.01,0.01,0.50,6,False
Pervis,Estupiñán Tenorio,Estupiñan,Brighton,DEF,10,147,0,0,0,0,0,0,0,0,0,0,0,0,0,0.0,0.0,0.0,0.0,0,0,0,0,0,0.00,0.00,0.00,0.00,0,False
Ferdi,Kadıoğlu,F.Kadıoğlu,Brighton,DEF,10,148,90,0,0,1,0,0,0,0,0,0,0,0,29,10.6,5.9,2.0,1.9,1,3,4,5,1,0.00,0.01,0.01,0.50,6,False
Igor Julio,dos Santos de Paulo,Igor,West Ham,DEF,10,149,5,0,0,0,0,0,0,0,0,0,0,0,3,0.0,0.0,0.0,0.0,0,0,0,0,0,0.00,0.00,0.00,0.08,1,False
Tariq,Lamptey,Lamptey,Brighton,DEF,10,150,0,0,0,0,0,0,0,0,0,0,0,0,0,0.0,0.0,0.0,0.0,0,0,0,0,0,0.00,0.00,0.00,0.00,0,False
Jan Paul,van Hecke,Van Hecke,Brighton,DEF,10,151,90,0,0,1,0,0,0,0,0,0,0,1,36,38.4,11.7,17.0,6.7,6,3,3,9,1,0.17,0.02,0.19,0.50,7,False
Joël,Veltman,Veltman,Brighton,DEF,10,152,0,0,0,0,0,0,0,0,0,0,0,0,0,0.0,0.0,0.0,0.0,0,0,0,0,0,0.00,0.00,0.00,0.00,0,False
Adam,Webster,Webster,Brighton,DEF,10,153,0,0,0,0,0,0,0,0,0,0,0,0,0,0.0,0.0,0.0,0.0,0,0,0,0,0,0.00,0.00,0.00,0.00,0,False
Eiran,Cashin,Cashin,Brighton,DEF,10,154,0,0,0,0,0,0,0,0,0,0,0,0,0,0.0,0.0,0.0,0.0,0,0,0,0,0,0.00,0.00,0.00,0.00,0,False
Jacob,Slater,Slater,Brighton,DEF,10,155,0,0,0,0,0,0,0,0,0,0,0,0,0,0.0,0.0,0.0,0.0,0,0,0,0,0,0.00,0.00,0.00,0.00,0,False
Charlie,Tasker,Tasker,Brighton,DEF,10,156,0,0,0,0,0,0,0,0,0,0,0,0,0,0.0,0.0,0.0,0.0,0,0,0,0,0,0.00,0.00,0.00,0.00,0,False
Mitoma,Kaoru,Mitoma,Brighton,MID,10,157,0,0,0,0,0,0,0,0,0,0,0,0,0,0.0,0.0,0.0,0.0,0,0,0,0,0,0.00,0.00,0.00,0.00,0,False
Georginio,Rutter,Georginio,Brighton,MID,10,158,90,0,0,1,0,0,0,0,0,0,0,0,2,0.6,5.3,7.0,1.3,0,2,1,3,1,0.03,0.47,0.50,0.50,3,False
Solly,March,March,Brighton,MID,10,159,0,0,0,0,0,0,0,0,0,0,0,0,0,0.0,0.0,0.0,0.0,0,0,0,0,0,0.00,0.00,0.00,0.00,0,False
Yankuba,Minteh,Minteh,Brighton,MID,10,160,87,0,2,1,0,0,0,0,0,0,0,0,29,24.8,27.8,14.0,6.7,0,2,3,5,1,0.25,0.11,0.36,0.50,9,False
Julio,Enciso Espínola,Enciso,Brighton,MID,10,161,0,0,0,0,0,0,0,0,0,0,0,0,0,0.0,0.0,0.0,0.0,0,0,0,0,0,0.00,0.00,0.00,0.00,0,False
Brajan,Gruda,Gruda,Brighton,MID,10,162,0,0,0,0,0,0,0,0,0,0,0,0,0,0.0,0.0,0.0,0.0,0,0,0,0,0,0.00,0.00,0.00,0.00,0,False
Jack,Hinshelwood,Hinshelwood,Brighton,MID,10,163,0,0,0,0,0,0,0,0,0,0,0,0,0,0.0,0.0,0.0,0.0,0,0,0,0,0,0.00,0.00,0.00,0.00,0,False
Matt,O'Riley,O'Riley,Brighton,MID,10,164,0,0,0,0,0,0,0,0,0,0,0,0,0,0.0,0.0,0.0,0.0,0,0,0,0,0,0.00,0.00,0.00,0.00,0,False
Abdallah,Sima,Sima,Brighton,MID,10,165,0,0,0,0,0,0,0,0,0,0,0,0,0,0.0,0.0,0.0,0.0,0,0,0,0,0,0.00,0.00,0.00,0.00,0,False
Yasin,Ayari,Ayari,Brighton,MID,10,166,90,0,0,1,0,0,0,0,0,0,0,0,13,8.4,4.2,37.0,5.0,1,7,1,9,1,0.34,0.02,0.36,0.50,3,False
Carlos,Baleba,Baleba,Brighton,MID,10,167,90,0,0,1,0,0,0,0,0,0,0,0,15,5.2,5.1,1.0,1.1,2,2,2,6,1,0.01,0.01,0.02,0.50,3,False
Facundo,Buonanotte,Buonanotte,Chelsea,MID,10,168,0,0,0,0,0,0,0,0,0,0,0,0,0,0.0,0.0,0.0,0.0,0,0,0,0,0,0.00,0.00,0.00,0.00,0,False
Diego,Gómez Amarilla,Gomez,Brighton,MID,10,169,80,2,0,1,0,0,0,0,0,0,0,3,56,85.8,22.1,75.0,18.3,2,2,4,8,1,1.35,0.01,1.36,0.28,16,True
James,Milner,Milner,Brighton,MID,10,170,0,0,0,0,0,0,0,0,0,0,0,0,0,0.0,0.0,0.0,0.0,0,0,0,0,0,0.00,0.00,0.00,0.00,0,False
Jeremy,Sarmiento Morante,Sarmiento,Brighton,MID,10,171,0,0,0,0,0,0,0,0,0,0,0,0,0,0.0,0.0,0.0,0.0,0,0,0,0,0,0.00,0.00,0.00,0.00,0,False
Tom,Watson,Watson,Brighton,MID,10,172,9,0,0,0,0,0,0,0,0,0,0,0,2,0.0,0.0,0.0,0.0,0,0,0,0,0,0.00,0.00,0.00,0.22,1,False
Mats,Wieffer,Wieffer,Brighton,MID,10,173,90,0,1,1,0,0,0,0,0,0,0,2,37,31.0,21.8,2.0,5.5,1,7,5,13,1,0.00,0.38,0.38,0.50,10,False
Malick,Yalcouyé,Yalcouye,Brighton,MID,10,174,0,0,0,0,0,0,0,0,0,0,0,0,0,0.0,0.0,0.0,0.0,0,0,0,0,0,0.00,0.00,0.00,0.00,0,False
Joe,Knight,Knight,Brighton,MID,10,175,1,0,0,0,0,0,0,0,0,0,0,0,3,0.0,0.0,0.0,0.0,0,0,0,0,0,0.00,0.00,0.00,0.00,1,False
Adrian,Mazilu,Mazilu,Brighton,MID,10,176,0,0,0,0,0,0,0,0,0,0,0,0,0,0.0,0.0,0.0,0.0,0,0,0,0,0,0.00,0.00,0.00,0.00,0,False
Andrew,Moran,Moran,Brighton,MID,10,177,0,0,0,0,0,0,0,0,0,0,0,0,0,0.0,0.0,0.0,0.0,0,0,0,0,0,0.00,0.00,0.00,0.00,0,False
Danny,Welbeck,Welbeck,Brighton,FWD,10,178,81,1,0,1,0,0,0,0,0,0,0,0,34,33.0,12.8,24.0,7.0,1,3,0,4,1,0.92,0.02,0.94,0.28,6,False
Evan,Ferguson,Ferguson,Brighton,FWD,10,179,0,0,0,0,0,0,0,0,0,0,0,0,0,0.0,0.0,0.0,0.0,0,0,0,0,0,0.00,0.00,0.00,0.00,0,False
Stefanos,Tzimas,Tzimas,Brighton,FWD,10,180,9,0,0,0,0,0,0,0,0,0,0,0,4,1.4,10.3,2.0,1.4,0,0,0,0,0,0.00,0.06,0.06,0.22,1,False
Charalampos,Kostoulas,Kostoulas,Brighton,FWD,10,181,2,0,0,0,0,0,0,0,0,0,0,0,3,0.0,0.0,0.0,0.0,0,0,0,0,0,0.00,0.00,0.00,0.00,1,False
James,Trafford,Trafford,Man City,GKP,10,182,0,0,0,0,0,0,0,0,0,0,0,0,0,0.0,0.0,0.0,0.0,0,0,0,0,0,0.00,0.00,0.00,0.00,0,False
Max,Weiß,Weiss,Burnley,GKP,10,183,0,0,0,0,0,0,0,0,0,0,0,0,0,0.0,0.0,0.0,0.0,0,0,0,0,0,0.00,0.00,0.00,0.00,0,False
Etienne,Green,Green,Burnley,GKP,10,184,0,0,0,0,0,0,0,0,0,0,0,0,0,0.0,0.0,0.0,0.0,0,0,0,0,0,0.00,0.00,0.00,0.00,0,False
Václav,Hladký,Hladký,Burnley,GKP,10,185,0,0,0,0,0,0,0,0,0,0,0,0,0,0.0,0.0,0.0,0.0,0,0,0,0,0,0.00,0.00,0.00,0.00,0,False
Connor,Roberts,Roberts,Burnley,DEF,10,186,0,0,0,0,0,0,0,0,0,0,0,0,0,0.0,0.0,0.0,0.0,0,0,0,0,0,0.00,0.00,0.00,0.00,0,False
Kyle,Walker,Walker,Burnley,DEF,10,187,90,0,0,0,2,0,0,0,0,0,0,0,4,9.6,2.2,0.0,1.2,1,6,4,5,1,0.00,0.01,0.01,2.42,1,False
Hannes,Delcroix,Delcroix,Burnley,DEF,10,188,0,0,0,0,0,0,0,0,0,0,0,0,0,0.0,0.0,0.0,0.0,0,0,0,0,0,0.00,0.00,0.00,0.00,0,False
Owen,Dodgson,Dodgson,Burnley,DEF,10,189,0,0,0,0,0,0,0,0,0,0,0,0,0,0.0,0.0,0.0,0.0,0,0,0,0,0,0.00,0.00,0.00,0.00,0,False
Hjalmar,Ekdal,Ekdal,Burnley,DEF,10,190,0,0,0,0,0,0,0,0,0,0,0,0,0,0.0,0.0,0.0,0.0,0,0,0,0,0,0.00,0.00,0.00,0.00,0,False
Maxime,Estève,Estève,Burnley,DEF,10,191,90,0,0,0,2,0,0,0,0,0,0,0,12,7.6,11.5,2.0,2.1,4,6,0,4,1,0.00,0.29,0.29,2.42,1,False
Quilindschy,Hartman,Hartman,Burnley,DEF,10,192,90,0,0,0,2,0,0,0,0,0,0,0,7,12.2,7.3,0.0,2.0,2,1,2,4,1,0.00,0.02,0.02,2.42,1,False
Bashir,Humphreys,Humphreys,Burnley,DEF,10,193,0,0,0,0,0,0,0,0,0,0,0,0,0,0.0,0.0,0.0,0.0,0,0,0,0,0,0.00,0.00,0.00,0.00,0,False
Jordan,Beyer,Jordan,Burnley,DEF,10,194,0,0,0,0,0,0,0,0,0,0,0,0,0,0.0,0.0,0.0,0.0,0,0,0,0,0,0.00,0.00,0.00,0.00,0,False
Lucas,Pires Silva,Lucas Pires,Burnley,DEF,10,195,0,0,0,0,0,0,0,0,0,0,0,0,0,0.0,0.0,0.0,0.0,0,0,0,0,0,0.00,0.00,0.00,0.00,0,False
Shurandy,Sambo,Sambo,Burnley,DEF,10,196,0,0,0,0,0,0,0,0,0,0,0,0,0,0.0,0.0,0.0,0.0,0,0,0,0,0,0.00,0.00,0.00,0.00,0,False
Oliver,Sonne,Sonne,Burnley,DEF,10,197,0,0,0,0,0,0,0,0,0,0,0,0,0,0.0,0.0,0.0,0.0,0,0,0,0,0,0.00,0.00,0.00,0.00,0,False
Axel,Tuanzebe,Tuanzebe,Burnley,DEF,10,198,90,0,0,0,2,0,0,0,0,0,0,0,20,36.2,1.3,0.0,3.8,19,2,0,19,1,0.00,0.01,0.01,2.42,3,False
Joe,Worrall,Worrall,Burnley,DEF,10,199,0,0,0,0,0,0,0,0,0,0,0,0,0,0.0,0.0,0.0,0.0,0,0,0,0,0,0.00,0.00,0.00,0.00,0,False
Jaidon,Anthony,Anthony,Burnley,MID,10,200,61,0,0,0,2,0,0,0,0,0,0,0,4,0.0,1.0,0.0,0.0,0,2,0,2,1,0.00,0.00,0.00,2.30,2,False
Manuel,Benson Hedilazio,Benson,Burnley,MID,10,201,0,0,0,0,0,0,0,0,0,0,0,0,0,0.0,0.0,0.0,0.0,0,0,0,0,0,0.00,0.00,0.00,0.00,0,False
Jacob,Bruun Larsen,Bruun Larsen,Burnley,MID,10,202,28,0,0,0,0,0,0,0,0,0,0,0,3,2.8,2.7,6.0,1.2,0,1,1,2,0,0.00,0.01,0.01,0.12,1,False
Enock,Agyei,Boateng,Burnley,MID,10,203,0,0,0,0,0,0,0,0,0,0,0,0,0,0.0,0.0,0.0,0.0,0,0,0,0,0,0.00,0.00,0.00,0.00,0,False
Darko,Churlinov,Churlinov,Burnley,MID,10,204,0,0,0,0,0,0,0,0,0,0,0,0,0,0.0,0.0,0.0,0.0,0,0,0,0,0,0.00,0.00,0.00,0.00,0,False
Josh,Cullen,Cullen,Burnley,MID,10,205,81,0,0,0,2,0,0,0,1,0,0,0,10,4.6,3.0,0.0,0.8,1,1,2,4,1,0.00,0.02,0.02,2.37,1,False
Marcus,Edwards,Edwards,Burnley,MID,10,206,8,0,0,0,0,0,0,0,0,0,0,0,0,0.0,0.8,5.0,0.3,0,0,0,0,0,0.05,0.00,0.05,0.05,1,False
Hannibal,Mejbri,Hannibal,Burnley,MID,10,207,14,0,0,0,0,0,0,0,0,0,0,0,7,1.4,4.8,0.0,0.6,0,2,0,2,0,0.00,0.01,0.01,0.09,1,False
Luca,Koleosho,Koleosho,Burnley,MID,10,208,0,0,0,0,0,0,0,0,0,0,0,0,0,0.0,0.0,0.0,0.0,0,0,0,0,0,0.00,0.00,0.00,0.00,0,False
Josh,Laurent,Laurent,Burnley,MID,10,209,75,0,0,0,2,0,0,0,0,0,0,0,10,10.8,2.5,0.0,1.3,6,0,0,6,1,0.00,0.01,0.01,2.33,2,False
Loum,Tchaouna,Tchaouna,Burnley,MID,10,210,28,0,0,0,0,0,0,0,0,0,0,0,7,3.6,1.7,0.0,0.5,0,1,1,2,0,0.00,0.01,0.01,0.12,1,False
Aaron,Ramsey,A.Ramsey,Burnley,MID,10,211,0,0,0,0,0,0,0,0,0,0,0,0,0,0.0,0.0,0.0,0.0,0,0,0,0,0,0.00,0.00,0.00,0.00,0,False
Oluwaseun,Adewumi,Adewumi,Burnley,MID,10,212,0,0,0,0,0,0,0,0,0,0,0,0,0,0.0,0.0,0.0,0.0,0,0,0,0,0,0.00,0.00,0.00,0.00,0,False
Jaydon,Banel,Banel,Burnley,MID,10,213,0,0,0,0,0,0,0,0,0,0,0,0,0,0.0,0.0,0.0,0.0,0,0,0,0,0,0.00,0.00,0.00,0.00,0,False
Mike,Trésor Ndayishimiye,Trésor,Burnley,MID,10,214,0,0,0,0,0,0,0,0,0,0,0,0,0,0.0,0.0,0.0,0.0,0,0,0,0,0,0.00,0.00,0.00,0.00,0,False
Zian,Flemming,Flemming,Burnley,FWD,10,215,75,0,0,0,2,0,0,0,1,0,0,0,1,0.0,6.0,8.0,1.0,0,2,0,2,1,0.02,0.02,0.04,2.33,1,False
Zeki,Amdouni,Amdouni,Burnley,FWD,10,216,0,0,0,0,0,0,0,0,0,0,0,0,0,0.0,0.0,0.0,0.0,0,0,0,0,0,0.00,0.00,0.00,0.00,0,False
Lyle,Foster,Foster,Burnley,FWD,10,217,0,0,0,0,0,0,0,0,0,0,0,0,0,0.0,0.0,0.0,0.0,0,0,0,0,0,0.00,0.00,0.00,0.00,0,False
Ashley,Barnes,Barnes,Burnley,FWD,10,218,0,0,0,0,0,0,0,0,0,0,0,0,0,0.0,0.0,0.0,0.0,0,0,0,0,0,0.00,0.00,0.00,0.00,0,False
Michael,Obafemi,Obafemi,Burnley,FWD,10,219,0,0,0,0,0,0,0,0,0,0,0,0,0,0.0,0.0,0.0,0.0,0,0,0,0,0,0.00,0.00,0.00,0.00,0,False
Robert,Lynch Sánchez,Sánchez,Chelsea,GKP,10,220,90,0,0,1,0,0,0,0,0,0,1,0,25,12.8,0.0,0.0,1.3,1,12,0,0,1,0.00,0.00,0.00,0.10,6,False
Filip,Jörgensen,Jörgensen,Chelsea,GKP,10,221,0,0,0,0,0,0,0,0,0,0,0,0,0,0.0,0.0,0.0,0.0,0,0,0,0,0,0.00,0.00,0.00,0.00,0,False
Mike,Penders,Penders,Chelsea,GKP,10,222,0,0,0,0,0,0,0,0,0,0,0,0,0,0.0,0.0,0.0,0.0,0,0,0,0,0,0.00,0.00,0.00,0.00,0,False
Gabriel,Słonina,Slonina,Chelsea,GKP,10,223,0,0,0,0,0,0,0,0,0,0,0,0,0,0.0,0.0,0.0,0.0,0,0,0,0,0,0.00,0.00,0.00,0.00,0,False
Marc,Cucurella Saseta,Cucurella,Chelsea,DEF,10,224,90,0,0,1,0,0,0,0,0,0,0,1,29,15.4,2.3,7.0,2.5,4,6,3,7,1,0.03,0.01,0.04,0.10,7,False
Reece,James,James,Chelsea,DEF,10,225,90,0,0,1,0,0,0,0,0,0,0,1,29,18.2,18.8,2.0,3.9,6,8,3,9,1,0.14,0.47,0.61,0.10,7,False
Trevoh,Chalobah,Chalobah,Chelsea,DEF,10,226,90,0,0,1,0,0,0,0,1,0,0,0,26,18.0,0.4,0.0,1.8,11,2,1,12,1,0.00,0.00,0.00,0.10,7,False
Levi,Samuels Colwill,Colwill,Chelsea,DEF,10,227,0,0,0,0,0,0,0,0,0,0,0,0,0,0.0,0.0,0.0,0.0,0,0,0,0,0,0.00,0.00,0.00,0.00,0,False
Malo,Gusto,Gusto,Chelsea,DEF,10,228,75,0,0,1,0,0,0,0,0,0,0,0,28,18.0,30.8,0.0,4.9,3,5,3,6,1,0.00,0.10,0.10,0.10,6,False
Benoît,Badiashile Mukinayi,B.Badiashile,Chelsea,DEF,10,229,0,0,0,0,0,0,0,0,0,0,0,0,0,0.0,0.0,0.0,0.0,0,0,0,0,0,0.00,0.00,0.00,0.00,0,False
Wesley,Fofana,Fofana,Chelsea,DEF,10,230,88,0,0,1,0,0,0,0,0,0,0,0,25,9.0,0.6,0.0,1.0,5,6,0,5,1,0.00,0.00,0.00,0.10,6,False
Mamadou,Sarr,M.Sarr,Chelsea,DEF,10,231,0,0,0,0,0,0,0,0,0,0,0,0,0,0.0,0.0,0.0,0.0,0,0,0,0,0,0.00,0.00,0.00,0.00,0,False
Tosin,Adarabioyo,Tosin,Chelsea,DEF,10,232,1,0,0,0,0,0,0,0,0,0,0,0,3,0.2,0.0,0.0,0.0,0,0,0,0,0,0.00,0.00,0.00,0.00,1,False
Josh,Acheampong,Acheampong,Chelsea,DEF,10,233,0,0,0,0,0,0,0,0,0,0,0,0,0,0.0,0.0,0.0,0.0,0,0,0,0,0,0.00,0.00,0.00,0.00,0,False
Aarón,Anselmino,Anselmino,Chelsea,DEF,10,234,0,0,0,0,0,0,0,0,0,0,0,0,0,0.0,0.0,0.0,0.0,0,0,0,0,0,0.00,0.00,0.00,0.00,0,False
Cole,Palmer,Palmer,Chelsea,MID,10,235,0,0,0,0,0,0,0,0,0,0,0,0,0,0.0,0.0,0.0,0.0,0,0,0,0,0,0.00,0.00,0.00,0.00,0,False
Pedro,Lomba Neto,Neto,Chelsea,MID,10,236,84,0,0,1,0,0,0,0,0,0,0,0,3,9.8,18.8,41.0,7.0,0,5,1,6,1,0.62,0.02,0.64,0.10,3,False
Enzo,Fernández,Enzo,Chelsea,MID,10,237,90,0,0,1,0,0,0,0,1,0,0,0,10,14.4,45.7,26.0,8.6,0,2,2,4,1,0.48,0.17,0.65,0.10,2,False
Estêvão,Almeida de Oliveira Gonçalves,Estêvão,Chelsea,MID,10,238,5,0,0,0,0,0,0,0,0,0,0,0,-1,0.6,0.7,2.0,0.3,0,1,0,1,0,0.00,0.01,0.01,0.00,1,False
Jamie,Bynoe-Gittens,Gittens,Chelsea,MID,10,239,24,0,0,0,0,0,0,0,0,0,0,0,0,0.0,2.6,6.0,0.8,0,1,0,1,0,0.51,0.01,0.52,0.04,1,False
Christopher,Nkunku,Nkunku,Chelsea,MID,10,240,0,0,0,0,0,0,0,0,0,0,0,0,0,0.0,0.0,0.0,0.0,0,0,0,0,0,0.00,0.00,0.00,0.00,0,False
Moisés,Caicedo Corozo,Caicedo,Chelsea,MID,10,241,90,0,1,1,0,0,0,0,0,0,0,2,33,27.4,25.6,4.0,5.7,6,7,2,15,1,0.00,0.28,0.28,0.10,10,False
Kiernan,Dewsbury-Hall,Dewsbury-Hall,Everton,MID,10,242,82,0,0,0,1,0,0,0,0,0,0,0,9,11.6,20.7,9.0,4.1,3,2,1,6,1,0.06,0.09,0.15,1.09,2,False
Tyrique,George,George,Chelsea,MID,10,243,0,0,0,0,0,0,0,0,0,0,0,0,0,0.0,0.0,0.0,0.0,0,0,0,0,0,0.00,0.00,0.00,0.00,0,False
Roméo,Lavia,Lavia,Chelsea,MID,10,244,14,0,0,0,0,0,0,0,0,0,0,0,2,0.0,0.4,2.0,0.2,0,0,0,0,0,0.00,0.01,0.01,0.00,1,False
Mykhailo,Mudryk,Mudryk,Chelsea,MID,10,245,0,0,0,0,0,0,0,0,0,0,0,0,0,0.0,0.0,0.0,0.0,0,0,0,0,0,0.00,0.00,0.00,0.00,0,False
Andrey,Nascimento dos Santos,Andrey Santos,Chelsea,MID,10,246,0,0,0,0,0,0,0,0,0,0,0,0,0,0.0,0.0,0.0,0.0,0,0,0,0,0,0.00,0.00,0.00,0.00,0,False
Dário,Luís Essugo,D.Essugo,Chelsea,MID,10,247,0,0,0,0,0,0,0,0,0,0,0,0,0,0.0,0.0,0.0,0.0,0,0,0,0,0,0.00,0.00,0.00,0.00,0,False
Kendry,Páez Andrade,Paez,Chelsea,MID,10,248,0,0,0,0,0,0,0,0,0,0,0,0,0,0.0,0.0,0.0,0.0,0,0,0,0,0,0.00,0.00,0.00,0.00,0,False
João Pedro,Junqueira de Jesus,João Pedro,Chelsea,FWD,10,249,90,1,0,1,0,0,0,0,0,0,0,3,44,57.6,23.1,93.0,17.4,1,5,3,9,1,1.86,0.13,1.99,0.10,9,True
Liam,Delap,Delap,Chelsea,FWD,10,250,0,0,0,0,0,0,0,0,0,0,0,0,0,0.0,0.0,0.0,0.0,0,0,0,0,0,0.00,0.00,0.00,0.00,0,False
Nicolas,Jackson,N.Jackson,Chelsea,FWD,10,251,0,0,0,0,0,0,0,0,0,0,0,0,0,0.0,0.0,0.0,0.0,0,0,0,0,0,0.00,0.00,0.00,0.00,0,False
Marc,Guiu Paz,Marc Guiu,Chelsea,FWD,10,252,0,0,0,0,0,0,0,0,0,0,0,0,0,0.0,0.0,0.0,0.0,0,0,0,0,0,0.00,0.00,0.00,0.00,0,False
Dean,Henderson,Henderson,Crystal Palace,GKP,10,253,90,0,0,1,0,0,0,0,0,0,2,0,25,13.0,0.0,0.0,1.3,1,7,0,0,1,0.00,0.00,0.00,0.54,6,False
Walter,Benítez,Benitez,Crystal Palace,GKP,10,254,0,0,0,0,0,0,0,0,0,0,0,0,0,0.0,0.0,0.0,0.0,0,0,0,0,0,0.00,0.00,0.00,0.00,0,False
Remi,Matthews,Matthews,Crystal Palace,GKP,10,255,0,0,0,0,0,0,0,0,0,0,0,0,0,0.0,0.0,0.0,0.0,0,0,0,0,0,0.00,0.00,0.00,0.00,0,False
Daniel,Muñoz Mejía,Muñoz,Crystal Palace,DEF,10,256,90,0,0,1,0,0,0,0,0,0,0,0,23,12.2,2.2,7.0,2.1,5,4,1,6,1,0.02,0.02,0.04,0.54,6,False
Maxence,Lacroix,Lacroix,Crystal Palace,DEF,10,257,90,0,0,1,0,0,0,0,0,0,0,0,24,16.4,0.0,2.0,1.8,10,1,0,10,1,0.00,0.00,0.00,0.54,8,False
Tyrick,Mitchell,Mitchell,Crystal Palace,DEF,10,258,90,0,0,1,0,0,0,0,0,0,0,0,19,8.8,11.2,2.0,2.2,4,5,0,4,1,0.00,0.04,0.04,0.54,6,False
Borna,Sosa,Sosa,Crystal Palace,DEF,10,259,0,0,0,0,0,0,0,0,0,0,0,0,0,0.0,0.0,0.0,0.0,0,0,0,0,0,0.00,0.00,0.00,0.00,0,False
Marc,Guéhi,Guéhi,Crystal Palace,DEF,10,260,90,0,0,1,0,0,0,0,0,0,0,2,34,24.6,10.8,2.0,3.7,7,4,5,12,1,0.00,0.02,0.02,0.54,10,True
Chris,Richards,Richards,Crystal Palace,DEF,10,261,90,0,0,1,0,0,0,0,0,0,0,0,22,20.0,0.3,2.0,2.2,6,2,2,8,1,0.00,0.00,0.00,0.54,6,False
Chadi,Riad Dnanou,Chadi Riad,Crystal Palace,DEF,10,262,0,0,0,0,0,0,0,0,0,0,0,0,0,0.0,0.0,0.0,0.0,0,0,0,0,0,0.00,0.00,0.00,0.00,0,False
Nathaniel,Clyne,Clyne,Crystal Palace,DEF,10,263,0,0,0,0,0,0,0,0,0,0,0,0,0,0.0,0.0,0.0,0.0,0,0,0,0,0,0.00,0.00,0.00,0.00,0,False
Rob,Holding,Holding,Crystal Palace,DEF,10,264,0,0,0,0,0,0,0,0,0,0,0,0,0,0.0,0.0,0.0,0.0,0,0,0,0,0,0.00,0.00,0.00,0.00,0,False
Caleb,Kporha,Kporha,Crystal Palace,DEF,10,265,0,0,0,0,0,0,0,0,0,0,0,0,0,0.0,0.0,0.0,0.0,0,0,0,0,0,0.00,0.00,0.00,0.00,0,False
Eberechi,Eze,Eze,Arsenal,MID,10,266,71,0,0,1,0,0,0,0,0,0,0,0,9,3.2,2.9,5.0,1.1,0,4,1,5,1,0.12,0.01,0.13,0.02,3,False
Ismaïla,Sarr,Sarr,Crystal Palace,MID,10,267,90,0,0,1,0,0,0,0,0,0,0,0,6,5.8,2.6,16.0,2.4,5,4,1,10,1,0.34,0.01,0.35,0.54,3,False
Cheick,Doucouré,Doucouré,Crystal Palace,MID,10,268,0,0,0,0,0,0,0,0,0,0,0,0,0,0.0,0.0,0.0,0.0,0,0,0,0,0,0.00,0.00,0.00,0.00,0,False
Romain,Esse,Esse,Crystal Palace,MID,10,269,0,0,0,0,0,0,0,0,0,0,0,0,0,0.0,0.0,0.0,0.0,0,0,0,0,0,0.00,0.00,0.00,0.00,0,False
Will,Hughes,Hughes,Crystal Palace,MID,10,270,12,0,0,0,0,0,0,0,0,0,0,0,3,2.4,10.1,2.0,1.5,0,1,0,1,0,0.00,0.00,0.00,0.01,1,False
Daichi,Kamada,Kamada,Crystal Palace,MID,10,271,77,0,0,1,0,0,0,0,0,0,0,0,9,4.2,7.0,8.0,1.9,2,9,1,12,1,0.08,0.03,0.11,0.53,5,False
Jefferson,Lerma Solís,Lerma,Crystal Palace,MID,10,272,90,0,2,1,0,0,0,0,0,0,0,1,28,26.4,15.8,11.0,5.3,2,4,1,7,1,0.05,0.05,0.10,0.54,10,False
Adam,Wharton,Wharton,Crystal Palace,MID,10,273,0,0,0,0,0,0,0,0,0,0,0,0,0,0.0,0.0,0.0,0.0,0,0,0,0,0,0.00,0.00,0.00,0.00,0,False
Asher,Agbinone,Agbinone,Crystal Palace,MID,10,274,0,0,0,0,0,0,0,0,0,0,0,0,0,0.0,0.0,0.0,0.0,0,0,0,0,0,0.00,0.00,0.00,0.00,0,False
Naouirou,Ahamada,Ahamada,Crystal Palace,MID,10,275,0,0,0,0,0,0,0,0,0,0,0,0,0,0.0,0.0,0.0,0.0,0,0,0,0,0,0.00,0.00,0.00,0.00,0,False
Justin,Devenny,Devenny,Crystal Palace,MID,10,276,12,0,0,0,0,0,0,0,0,0,0,0,3,0.0,0.0,0.0,0.0,0,0,0,0,0,0.00,0.00,0.00,0.01,1,False
Malcolm,Ebiowei,Ebiowei,Crystal Palace,MID,10,277,0,0,0,0,0,0,0,0,0,0,0,0,0,0.0,0.0,0.0,0.0,0,0,0,0,0,0.00,0.00,0.00,0.00,0,False
Jesurun,Rak-Sakyi,J.Rak-Sakyi,Crystal Palace,MID,10,278,0,0,0,0,0,0,0,0,0,0,0,0,0,0.0,0.0,0.0,0.0,0,0,0,0,0,0.00,0.00,0.00,0.00,0,False
Matheus,França de Oliveira,M.França,Crystal Palace,MID,10,279,0,0,0,0,0,0,0,0,0,0,0,0,0,0.0,0.0,0.0,0.0,0,0,0,0,0,0.00,0.00,0.00,0.00,0,False
David,Ozoh,Ozoh,Crystal Palace,MID,10,280,0,0,0,0,0,0,0,0,0,0,0,0,0,0.0,0.0,0.0,0.0,0,0,0,0,0,0.00,0.00,0.00,0.00,0,False
Kaden,Rodney,Rodney,Crystal Palace,MID,10,281,0,0,0,0,0,0,0,0,0,0,0,0,0,0.0,0.0,0.0,0.0,0,0,0,0,0,0.00,0.00,0.00,0.00,0,False
Franco,Umeh-Chibueze,Umeh,Crystal Palace,MID,10,282,0,0,0,0,0,0,0,0,0,0,0,0,0,0.0,0.0,0.0,0.0,0,0,0,0,0,0.00,0.00,0.00,0.00,0,False
Jean-Philippe,Mateta,Mateta,Crystal Palace,FWD,10,283,89,1,0,1,0,0,0,0,0,0,0,3,37,40.4,1.8,42.0,8.4,2,2,1,5,1,0.11,0.01,0.12,0.54,9,False
Eddie,Nketiah,Nketiah,Crystal Palace,FWD,10,284,0,0,0,0,0,0,0,0,0,0,0,0,0,0.0,0.0,0.0,0.0,0,0,0,0,0,0.00,0.00,0.00,0.00,0,False
Odsonne,Édouard,Édouard,Crystal Palace,FWD,10,285,0,0,0,0,0,0,0,0,0,0,0,0,0,0.0,0.0,0.0,0.0,0,0,0,0,0,0.00,0.00,0.00,0.00,0,False
Zach,Marsh,Marsh,Crystal Palace,FWD,10,286,0,0,0,0,0,0,0,0,0,0,0,0,0,0.0,0.0,0.0,0.0,0,0,0,0,0,0.00,0.00,0.00,0.00,0,False
Jordan,Pickford,Pickford,Everton,GKP,10,287,90,0,0,0,1,0,0,0,0,0,2,0,11,20.6,0.1,0.0,2.1,2,7,0,0,1,0.00,0.01,0.01,1.09,2,False
Mark,Travers,Travers,Everton,GKP,10,288,0,0,0,0,0,0,0,0,0,0,0,0,0,0.0,0.0,0.0,0.0,0,0,0,0,0,0.00,0.00,0.00,0.00,0,False
Harry,Tyrer,Tyrer,Everton,GKP,10,289,0,0,0,0,0,0,0,0,0,0,0,0,0,0.0,0.0,0.0,0.0,0,0,0,0,0,0.00,0.00,0.00,0.00,0,False
Jarrad,Branthwaite,Branthwaite,Everton,DEF,10,290,0,0,0,0,0,0,0,0,0,0,0,0,0,0.0,0.0,0.0,0.0,0,0,0,0,0,0.00,0.00,0.00,0.00,0,False
James,Tarkowski,Tarkowski,Everton,DEF,10,291,90,0,0,0,1,0,0,0,0,0,0,0,10,16.4,5.6,4.0,2.6,8,1,0,8,1,0.00,0.02,0.02,1.09,2,False
Vitalii,Mykolenko,Mykolenko,Everton,DEF,10,292,90,0,0,0,1,0,0,0,0,0,0,0,10,20.4,1.8,7.0,2.9,6,4,1,7,1,0.02,0.01,0.03,1.09,2,False
Jake,O'Brien,O'Brien,Everton,DEF,10,293,82,0,0,0,1,0,0,0,0,0,0,0,7,22.0,1.5,0.0,2.4,8,3,1,9,1,0.00,0.01,0.01,1.09,2,False
Séamus,Coleman,Coleman,Everton,DEF,10,294,0,0,0,0,0,0,0,0,0,0,0,0,0,0.0,0.0,0.0,0.0,0,0,0,0,0,0.00,0.00,0.00,0.00,0,False
Michael,Keane,Keane,Everton,DEF,10,295,90,0,0,0,1,0,0,0,0,0,0,0,12,40.6,0.7,2.0,4.3,17,1,1,18,1,0.00,0.01,0.01,1.09,4,False
Nathan,Patterson,Patterson,Everton,DEF,10,296,0,0,0,0,0,0,0,0,0,0,0,0,0,0.0,0.0,0.0,0.0,0,0,0,0,0,0.00,0.00,0.00,0.00,0,False
Roman,Dixon,Dixon,Everton,DEF,10,297,0,0,0,0,0,0,0,0,0,0,0,0,0,0.0,0.0,0.0,0.0,0,0,0,0,0,0.00,0.00,0.00,0.00,0,False
Reece,Welch,Welch,Everton,DEF,10,298,0,0,0,0,0,0,0,0,0,0,0,0,0,0.0,0.0,0.0,0.0,0,0,0,0,0,0.00,0.00,0.00,0.00,0,False
Iliman,Ndiaye,Ndiaye,Everton,MID,10,299,61,1,0,0,1,0,0,0,0,0,0,2,28,35.8,1.4,26.0,6.3,0,4,1,5,1,0.21,0.04,0.25,0.42,9,False
Dwight,McNeil,McNeil,Everton,MID,10,300,28,0,0,0,0,0,0,0,0,0,0,0,3,1.6,0.2,0.0,0.2,0,1,1,2,0,0.00,0.00,0.00,0.67,1,False
Carlos,Alcaraz Durán,Alcaraz,Everton,MID,10,301,7,0,0,0,0,0,0,0,1,0,0,0,-1,0.0,0.8,6.0,0.6,0,1,0,1,0,0.00,0.01,0.01,0.00,0,False
Idrissa Gana,Gueye,Gana,Everton,MID,10,302,90,0,0,0,1,0,0,0,0,0,0,0,19,19.4,22.3,0.0,4.2,5,5,4,14,1,0.00,0.09,0.09,1.09,4,False
James,Garner,Garner,Everton,MID,10,303,90,0,0,0,1,0,0,0,0,0,0,0,12,5.8,3.0,3.0,1.2,1,5,2,8,1,0.03,0.02,0.05,1.09,2,False
Tim,Iroegbunam,Iroegbunam,Everton,MID,10,304,7,0,0,0,0,0,0,0,0,0,0,0,3,1.2,0.1,0.0,0.1,1,1,0,2,0,0.00,0.00,0.00,0.00,1,False
Harrison,Armstrong,Armstrong,Everton,MID,10,305,0,0,0,0,0,0,0,0,0,0,0,0,0,0.0,0.0,0.0,0.0,0,0,0,0,0,0.00,0.00,0.00,0.00,0,False
Callum,Bates,Bates,Everton,MID,10,306,0,0,0,0,0,0,0,0,0,0,0,0,0,0.0,0.0,0.0,0.0,0,0,0,0,0,0.00,0.00,0.00,0.00,0,False
Coby,Ebere,Ebere,Everton,MID,10,307,0,0,0,0,0,0,0,0,0,0,0,0,0,0.0,0.0,0.0,0.0,0,0,0,0,0,0.00,0.00,0.00,0.00,0,False
Isaac,Heath,Heath,Everton,MID,10,308,0,0,0,0,0,0,0,0,0,0,0,0,0,0.0,0.0,0.0,0.0,0,0,0,0,0,0.00,0.00,0.00,0.00,0,False
Jenson,Metcalfe,Metcalfe,Everton,MID,10,309,0,0,0,0,0,0,0,0,0,0,0,0,0,0.0,0.0,0.0,0.0,0,0,0,0,0,0.00,0.00,0.00,0.00,0,False
Thierno,Barry,Barry,Everton,FWD,10,310,56,0,0,0,1,0,0,0,1,0,0,0,-8,0.0,5.8,14.0,1.5,1,1,0,2,1,0.51,0.00,0.51,0.42,0,False
Norberto Bercique,Gomes Betuncal,Beto,Everton,FWD,10,311,33,0,0,0,0,0,0,0,0,0,0,0,2,7.4,0.0,0.0,0.7,5,0,0,5,0,0.00,0.00,0.00,0.67,1,False
Youssef,Ramalho Chermiti,Y.Chermiti,Everton,FWD,10,312,0,0,0,0,0,0,0,0,0,0,0,0,0,0.0,0.0,0.0,0.0,0,0,0,0,0,0.00,0.00,0.00,0.00,0,False
Martin,Sherif,Sherif,Everton,FWD,10,313,0,0,0,0,0,0,0,0,0,0,0,0,0,0.0,0.0,0.0,0.0,0,0,0,0,0,0.00,0.00,0.00,0.00,0,False
Bernd,Leno,Leno,Fulham,GKP,10,314,90,0,0,1,0,0,0,0,0,0,2,1,28,19.8,0.0,0.0,2.0,1,14,0,0,1,0.00,0.00,0.00,0.24,7,True
Steven,Benda,Benda,Fulham,GKP,10,315,0,0,0,0,0,0,0,0,0,0,0,0,0,0.0,0.0,0.0,0.0,0,0,0,0,0,0.00,0.00,0.00,0.00,0,False
Antonee,Robinson,Robinson,Fulham,DEF,10,316,0,0,0,0,0,0,0,0,0,0,0,0,0,0.0,0.0,0.0,0.0,0,0,0,0,0,0.00,0.00,0.00,0.00,0,False
Joachim,Andersen,Andersen,Fulham,DEF,10,317,90,0,0,1,0,0,0,0,0,0,0,0,25,12.2,1.5,14.0,2.8,4,9,0,4,1,0.05,0.22,0.27,0.24,6,False
Calvin,Bassey,Bassey,Fulham,DEF,10,318,90,0,0,1,0,0,0,0,0,0,0,0,24,12.2,1.2,2.0,1.5,1,2,2,3,1,0.00,0.01,0.01,0.24,6,False
Timothy,Castagne,Castagne,Fulham,DEF,10,319,0,0,0,0,0,0,0,0,0,0,0,0,0,0.0,0.0,0.0,0.0,0,0,0,0,0,0.00,0.00,0.00,0.00,0,False
Issa,Diop,Diop,Fulham,DEF,10,320,0,0,0,0,0,0,0,0,0,0,0,0,0,0.0,0.0,0.0,0.0,0,0,0,0,0,0.00,0.00,0.00,0.00,0,False
Jorge,Cuenca Barreno,J.Cuenca,Fulham,DEF,10,321,0,0,0,0,0,0,0,0,0,0,0,0,0,0.0,0.0,0.0,0.0,0,0,0,0,0,0.00,0.00,0.00,0.00,0,False
Kenny,Tete,Tete,Fulham,DEF,10,322,90,0,0,1,0,0,0,0,0,0,0,0,25,15.4,13.0,29.0,5.7,2,3,1,3,1,0.10,0.02,0.12,0.24,6,False
Samuel,Amissah,Amissah,Fulham,DEF,10,323,0,0,0,0,0,0,0,0,0,0,0,0,0,0.0,0.0,0.0,0.0,0,0,0,0,0,0.00,0.00,0.00,0.00,0,False
Alex,Iwobi,Iwobi,Fulham,MID,10,324,88,0,0,1,0,0,0,0,0,0,0,0,17,18.2,66.0,9.0,9.3,3,4,0,7,1,0.02,0.30,0.32,0.17,3,False
Emile,Smith Rowe,Smith Rowe,Fulham,MID,10,325,18,0,0,0,0,0,0,0,0,0,0,0,5,3.6,13.3,9.0,2.6,0,1,0,1,0,0.13,0.03,0.16,0.07,1,False
Adama,Traoré Diarra,Adama,Fulham,MID,10,326,1,0,0,0,0,0,0,0,0,0,0,0,2,0.0,1.8,5.0,0.6,0,0,0,0,0,0.02,0.01,0.03,0.07,1,False
Andreas,Hoelgebaum Pereira,Andreas,Fulham,MID,10,327,0,0,0,0,0,0,0,0,0,0,0,0,0,0.0,0.0,0.0,0.0,0,0,0,0,0,0.00,0.00,0.00,0.00,0,False
Ryan,Sessegnon,Sessegnon,Fulham,MID,10,328,90,1,1,1,0,0,0,0,0,0,0,3,40,45.6,8.1,21.0,7.5,5,2,0,7,1,0.22,0.02,0.24,0.24,14,True
Harry,Wilson,Wilson,Fulham,MID,10,329,76,1,0,1,0,0,0,0,0,0,0,2,32,42.2,34.8,25.0,10.2,4,4,0,8,1,0.18,0.10,0.28,0.17,10,False
Sander,Berge,Berge,Fulham,MID,10,330,90,0,1,1,0,0,0,0,1,0,0,0,19,11.4,29.8,7.0,4.8,1,3,1,5,1,0.11,0.04,0.15,0.24,5,False
Tom,Cairney,Cairney,Fulham,MID,10,331,18,0,0,0,0,0,0,0,0,0,0,0,5,11.2,12.8,5.0,2.9,2,0,0,2,0,0.10,0.02,0.12,0.07,1,False
Saša,Lukić,Lukić,Fulham,MID,10,332,0,0,0,0,0,0,0,0,0,0,0,0,0,0.0,0.0,0.0,0.0,0,0,0,0,0,0.00,0.00,0.00,0.00,0,False
Martial,Godo,Godo,Fulham,MID,10,333,0,0,0,0,0,0,0,0,0,0,0,0,0,0.0,0.0,0.0,0.0,0,0,0,0,0,0.00,0.00,0.00,0.00,0,False
Luke,Harris,Harris,Fulham,MID,10,334,0,0,0,0,0,0,0,0,0,0,0,0,0,0.0,0.0,0.0,0.0,0,0,0,0,0,0.00,0.00,0.00,0.00,0,False
Josh,King,King,Fulham,MID,10,335,71,0,0,1,0,0,0,0,0,0,0,0,10,1.8,12.5,5.0,1.9,0,2,1,3,1,0.03,0.04,0.07,0.17,3,False
Harrison,Reed,Reed,Fulham,MID,10,336,0,0,0,0,0,0,0,0,0,0,0,0,0,0.0,0.0,0.0,0.0,0,0,0,0,0,0.00,0.00,0.00,0.00,0,False
Raúl,Jiménez Rodríguez,Raúl,Fulham,FWD,10,337,71,0,1,1,0,0,0,0,0,0,0,0,22,23.2,36.0,6.0,6.5,2,3,0,5,1,0.00,0.22,0.22,0.17,5,False
Rodrigo,Muniz Carvalho,Muniz,Fulham,FWD,10,338,18,0,0,0,0,0,0,0,0,0,0,0,4,1.0,0.0,2.0,0.3,1,1,0,2,0,0.03,0.00,0.03,0.07,1,False
Illan,Meslier,Meslier,Leeds,GKP,10,339,0,0,0,0,0,0,0,0,0,0,0,0,0,0.0,0.0,0.0,0.0,0,0,0,0,0,0.00,0.00,0.00,0.00,0,False
Alex,Cairns,Cairns,Leeds,GKP,10,340,0,0,0,0,0,0,0,0,0,0,0,0,0,0.0,0.0,0.0,0.0,0,0,0,0,0,0.00,0.00,0.00,0.00,0,False
Karl,Darlow,Darlow,Leeds,GKP,10,341,0,0,0,0,0,0,0,0,0,0,0,0,0,0.0,0.0,0.0,0.0,0,0,0,0,0,0.00,0.00,0.00,0.00,0,False
Jayden,Bogle,Bogle,Leeds,DEF,10,342,76,0,0,0,3,0,0,0,0,0,0,0,-9,0.0,5.3,4.0,0.9,1,1,0,1,1,0.00,0.01,0.01,2.94,1,False
Pascal,Struijk,Struijk,Leeds,DEF,10,343,0,0,0,0,0,0,0,0,0,0,0,0,0,0.0,0.0,0.0,0.0,0,0,0,0,0,0.00,0.00,0.00,0.00,0,False
Jaka,Bijol,Bijol,Leeds,DEF,10,344,90,0,0,0,3,0,0,0,0,0,0,0,2,12.4,1.1,2.0,1.6,3,6,0,3,1,0.00,0.01,0.01,3.07,1,False
Sebastiaan,Bornauw,Bornauw,Leeds,DEF,10,345,0,0,0,0,0,0,0,0,0,0,0,0,0,0.0,0.0,0.0,0.0,0,0,0,0,0,0.00,0.00,0.00,0.00,0,False
Sam,Byram,Byram,Leeds,DEF,10,346,0,0,0,0,0,0,0,0,0,0,0,0,0,0.0,0.0,0.0,0.0,0,0,0,0,0,0.00,0.00,0.00,0.00,0,False
Gabriel,Gudmundsson,Gudmundsson,Leeds,DEF,10,347,90,0,0,0,3,0,0,0,0,0,0,0,6,21.0,12.2,4.0,3.7,6,4,2,8,1,0.00,0.01,0.01,3.07,1,False
Joe,Rodon,Rodon,Leeds,DEF,10,348,90,0,0,0,3,0,0,0,0,0,0,0,5,20.0,1.4,2.0,2.3,7,3,1,8,1,0.00,0.01,0.01,3.07,1,False
Isaac,Schmidt,Schmidt,Leeds,DEF,10,349,0,0,0,0,0,0,0,0,0,0,0,0,0,0.0,0.0,0.0,0.0,0,0,0,0,0,0.00,0.00,0.00,0.00,0,False
Brenden,Aaronson,Aaronson,Leeds,MID,10,350,90,0,0,0,3,0,0,0,0,0,0,0,4,2.6,13.5,2.0,1.8,0,1,0,1,1,0.00,0.15,0.15,3.07,2,False
Wilfried,Gnonto,Gnonto,Leeds,MID,10,351,0,0,0,0,0,0,0,0,0,0,0,0,0,0.0,0.0,0.0,0.0,0,0,0,0,0,0.00,0.00,0.00,0.00,0,False
Jack,Harrison,Harrison,Leeds,MID,10,352,13,0,0,0,0,0,0,0,0,0,0,0,2,2.2,13.6,2.0,1.8,0,0,0,0,0,0.00,0.02,0.02,0.13,1,False
Daniel,James,James,Leeds,MID,10,353,29,0,0,0,2,0,0,0,0,0,0,0,5,2.4,13.1,0.0,1.6,0,1,0,1,0,0.00,0.15,0.15,1.38,1,False
Ethan,Ampadu,Ampadu,Leeds,MID,10,354,90,0,0,0,3,0,0,0,1,0,0,0,14,13.6,2.8,0.0,1.6,3,4,2,9,1,0.00,0.01,0.01,3.07,1,False
Sam,Greenwood,Greenwood,Leeds,MID,10,355,0,0,0,0,0,0,0,0,0,0,0,0,0,0.0,0.0,0.0,0.0,0,0,0,0,0,0.00,0.00,0.00,0.00,0,False
Ilia,Gruev,Gruev,Leeds,MID,10,356,0,0,0,0,0,0,0,0,0,0,0,0,0,0.0,0.0,0.0,0.0,0,0,0,0,0,0.00,0.00,0.00,0.00,0,False
Largie,Ramazani,Ramazani,Leeds,MID,10,357,0,0,0,0,0,0,0,0,0,0,0,0,0,0.0,0.0,0.0,0.0,0,0,0,0,0,0.00,0.00,0.00,0.00,0,False
Tanaka,Ao,Tanaka,Leeds,MID,10,358,60,0,0,0,1,0,0,0,0,0,0,0,11,4.0,6.0,0.0,1.0,3,5,1,9,1,0.00,0.01,0.01,1.69,2,False
Charlie,Crew,Crew,Leeds,MID,10,359,0,0,0,0,0,0,0,0,0,0,0,0,0,0.0,0.0,0.0,0.0,0,0,0,0,0,0.00,0.00,0.00,0.00,0,False
Joe,Gelhardt,Gelhardt,Leeds,MID,10,360,0,0,0,0,0,0,0,0,0,0,0,0,0,0.0,0.0,0.0,0.0,0,0,0,0,0,0.00,0.00,0.00,0.00,0,False
Darko,Gyabi,Gyabi,Leeds,MID,10,361,0,0,0,0,0,0,0,0,0,0,0,0,0,0.0,0.0,0.0,0.0,0,0,0,0,0,0.00,0.00,0.00,0.00,0,False
Joël,Piroe,Piroe,Leeds,FWD,10,362,0,0,0,0,0,0,0,0,0,0,0,0,0,0.0,0.0,0.0,0.0,0,0,0,0,0,0.00,0.00,0.00,0.00,0,False
Patrick,Bamford,Bamford,Leeds,FWD,10,363,0,0,0,0,0,0,0,0,0,0,0,0,0,0.0,0.0,0.0,0.0,0,0,0,0,0,0.00,0.00,0.00,0.00,0,False
Mateo,Joseph Fernández-Regatillo,Mateo Joseph,Leeds,FWD,10,364,0,0,0,0,0,0,0,0,0,0,0,0,0,0.0,0.0,0.0,0.0,0,0,0,0,0,0.00,0.00,0.00,0.00,0,False
Lukas,Nmecha,Nmecha,Leeds,FWD,10,365,25,0,0,0,1,0,0,0,0,0,0,0,0,3.0,0.3,17.0,2.0,0,1,0,1,0,0.13,0.00,0.13,0.50,1,False
Alisson,Becker,A.Becker,Liverpool,GKP,10,366,0,0,0,0,0,0,0,0,0,0,0,0,0,0.0,0.0,0.0,0.0,0,0,0,0,0,0.00,0.00,0.00,0.00,0,False
Giorgi,Mamardashvili,Mamardashvili,Liverpool,GKP,10,367,90,0,0,1,0,0,0,0,0,0,3,0,26,14.4,0.0,0.0,1.4,0,6,0,0,1,0.00,0.00,0.00,0.41,7,False
Ármin,Pécsi,Pécsi,Liverpool,GKP,10,368,0,0,0,0,0,0,0,0,0,0,0,0,0,0.0,0.0,0.0,0.0,0,0,0,0,0,0.00,0.00,0.00,0.00,0,False
Freddie,Woodman,Woodman,Liverpool,GKP,10,369,0,0,0,0,0,0,0,0,0,0,0,0,0,0.0,0.0,0.0,0.0,0,0,0,0,0,0.00,0.00,0.00,0.00,0,False
Jeremie,Frimpong,Frimpong,Liverpool,DEF,10,370,0,0,0,0,0,0,0,0,0,0,0,0,0,0.0,0.0,0.0,0.0,0,0,0,0,0,0.00,0.00,0.00,0.00,0,False
Milos,Kerkez,Kerkez,Liverpool,DEF,10,371,0,0,0,0,0,0,0,0,0,0,0,0,0,0.0,0.0,0.0,0.0,0,0,0,0,0,0.00,0.00,0.00,0.00,0,False
Andrew,Robertson,Robertson,Liverpool,DEF,10,372,90,0,0,1,0,0,0,0,0,0,0,2,31,12.4,17.1,7.0,3.7,4,4,1,5,1,0.08,0.10,0.17,0.41,8,True
Virgil,van Dijk,Virgil,Liverpool,DEF,10,373,90,0,0,1,0,0,0,0,1,0,0,0,23,22.6,1.8,0.0,2.4,5,4,1,6,1,0.00,0.02,0.02,0.41,5,False
Ibrahima,Konaté,Konaté,Liverpool,DEF,10,374,90,0,0,1,0,0,0,0,0,0,0,0,21,15.0,1.8,4.0,2.1,12,3,0,12,1,0.13,0.01,0.14,0.41,8,False
Conor,Bradley,Bradley,Liverpool,DEF,10,375,90,0,0,1,0,0,0,0,0,0,0,0,22,6.8,2.0,7.0,1.6,2,5,1,3,1,0.01,0.08,0.09,0.41,6,False
Joe,Gomez,Gomez,Liverpool,DEF,10,376,0,0,0,0,0,0,0,0,0,0,0,0,0,0.0,0.0,0.0,0.0,0,0,0,0,0,0.00,0.00,0.00,0.00,0,False
Konstantinos,Tsimikas,Tsimikas,Liverpool,DEF,10,377,0,0,0,0,0,0,0,0,0,0,0,0,0,0.0,0.0,0.0,0.0,0,0,0,0,0,0.00,0.00,0.00,0.00,0,False
Amara,Nallo,Nallo,Liverpool,DEF,10,378,0,0,0,0,0,0,0,0,0,0,0,0,0,0.0,0.0,0.0,0.0,0,0,0,0,0,0.00,0.00,0.00,0.00,0,False
Rhys,Williams,R.Williams,Liverpool,DEF,10,379,0,0,0,0,0,0,0,0,0,0,0,0,0,0.0,0.0,0.0,0.0,0,0,0,0,0,0.00,0.00,0.00,0.00,0,False
Calvin,Ramsay,Ramsay,Liverpool,DEF,10,380,0,0,0,0,0,0,0,0,0,0,0,0,0,0.0,0.0,0.0,0.0,0,0,0,0,0,0.00,0.00,0.00,0.00,0,False
Mohamed,Salah,M.Salah,Liverpool,MID,10,381,90,1,0,1,0,0,0,0,0,0,0,2,31,40.0,19.6,28.0,8.8,0,4,0,4,1,0.22,0.13,0.35,0.41,10,False
Florian,Wirtz,Wirtz,Liverpool,MID,10,382,13,0,0,0,0,0,0,0,0,0,0,0,4,3.2,10.3,0.0,1.4,0,1,1,2,0,0.00,0.00,0.00,0.11,1,False
Luis,Díaz Marulanda,Luis Díaz,Liverpool,MID,10,383,0,0,0,0,0,0,0,0,0,0,0,0,0,0.0,0.0,0.0,0.0,0,0,0,0,0,0.00,0.00,0.00,0.00,0,False
Cody,Gakpo,Gakpo,Liverpool,MID,10,384,90,0,0,1,0,0,0,0,0,0,0,0,11,5.2,25.0,18.0,4.8,2,3,1,6,1,0.17,0.14,0.31,0.41,3,False
Federico,Chiesa,Chiesa,Liverpool,MID,10,385,0,0,0,0,0,0,0,0,0,0,0,0,0,0.0,0.0,0.0,0.0,0,0,0,0,0,0.00,0.00,0.00,0.00,0,False
Alexis,Mac Allister,Mac Allister,Liverpool,MID,10,386,90,0,1,1,0,0,0,0,0,0,0,0,23,29.8,35.8,5.0,7.1,2,1,2,5,1,0.14,0.07,0.21,0.41,6,False
Dominik,Szoboszlai,Szoboszlai,Liverpool,MID,10,387,90,0,0,1,0,0,0,0,1,0,0,0,15,17.2,40.8,17.0,7.5,0,5,2,7,1,0.28,0.10,0.38,0.41,2,False
Curtis,Jones,C.Jones,Liverpool,MID,10,388,0,0,0,0,0,0,0,0,0,0,0,0,0,0.0,0.0,0.0,0.0,0,0,0,0,0,0.00,0.00,0.00,0.00,0,False
Harvey,Elliott,Elliott,Aston Villa,MID,10,389,0,0,0,0,0,0,0,0,0,0,0,0,0,0.0,0.0,0.0,0.0,0,0,0,0,0,0.00,0.00,0.00,0.00,0,False
Ryan,Gravenberch,Gravenberch,Liverpool,MID,10,390,90,1,0,1,0,0,0,0,0,0,0,3,40,47.4,16.3,11.0,7.5,4,1,3,8,1,0.16,0.18,0.34,0.41,11,True
Ben,Gannon-Doak,Gannon-Doak,Bournemouth,MID,10,391,10,0,0,0,0,0,0,0,0,0,0,0,2,1.0,1.5,2.0,0.5,0,0,1,1,0,0.00,0.01,0.01,0.22,1,False
Endo,Wataru,Endo,Liverpool,MID,10,392,0,0,0,0,0,0,0,0,0,0,0,0,0,0.0,0.0,0.0,0.0,0,0,0,0,0,0.00,0.00,0.00,0.00,0,False
Stefan,Bajčetić Maquieira,Bajcetic,Liverpool,MID,10,393,0,0,0,0,0,0,0,0,0,0,0,0,0,0.0,0.0,0.0,0.0,0,0,0,0,0,0.00,0.00,0.00,0.00,0,False
James,McConnell,McConnell,Liverpool,MID,10,394,0,0,0,0,0,0,0,0,0,0,0,0,0,0.0,0.0,0.0,0.0,0,0,0,0,0,0.00,0.00,0.00,0.00,0,False
Tyler,Morton,Morton,Liverpool,MID,10,395,0,0,0,0,0,0,0,0,0,0,0,0,0,0.0,0.0,0.0,0.0,0,0,0,0,0,0.00,0.00,0.00,0.00,0,False
Trey,Nyoni,Nyoni,Liverpool,MID,10,396,0,0,0,0,0,0,0,0,0,0,0,0,0,0.0,0.0,0.0,0.0,0,0,0,0,0,0.00,0.00,0.00,0.00,0,False
Darwin,Núñez Ribeiro,Darwin,Liverpool,FWD,10,397,0,0,0,0,0,0,0,0,0,0,0,0,0,0.0,0.0,0.0,0.0,0,0,0,0,0,0.00,0.00,0.00,0.00,0,False
Jayden,Danns,Danns,Liverpool,FWD,10,398,0,0,0,0,0,0,0,0,0,0,0,0,0,0.0,0.0,0.0,0.0,0,0,0,0,0,0.00,0.00,0.00,0.00,0,False
Ederson,Santana de Moraes,Ederson M.,Man City,GKP,10,399,0,0,0,0,0,0,0,0,0,0,0,0,0,0.0,0.0,0.0,0.0,0,0,0,0,0,0.00,0.00,0.00,0.00,0,False
Stefan,Ortega Moreno,Ortega Moreno,Man City,GKP,10,400,0,0,0,0,0,0,0,0,0,0,0,0,0,0.0,0.0,0.0,0.0,0,0,0,0,0,0.00,0.00,0.00,0.00,0,False
Marcus,Bettinelli,Bettinelli,Man City,GKP,10,401,0,0,0,0,0,0,0,0,0,0,0,0,0,0.0,0.0,0.0,0.0,0,0,0,0,0,0.00,0.00,0.00,0.00,0,False
Rayan,Aït-Nouri,Aït-Nouri,Man City,DEF,10,402,1,0,0,0,0,0,0,0,0,0,0,0,4,1.0,0.8,0.0,0.2,0,0,0,0,0,0.00,0.00,0.00,0.02,1,False
Joško,Gvardiol,Gvardiol,Man City,DEF,10,403,90,0,0,0,1,0,0,0,0,0,0,0,10,14.0,1.0,0.0,1.5,4,1,1,5,1,0.00,0.00,0.00,0.72,2,False
Manuel,Akanji,Akanji,Man City,DEF,10,404,0,0,0,0,0,0,0,0,0,0,0,0,0,0.0,0.0,0.0,0.0,0,0,0,0,0,0.00,0.00,0.00,0.00,0,False
Nathan,Aké,Aké,Man City,DEF,10,405,0,0,0,0,0,0,0,0,0,0,0,0,0,0.0,0.0,0.0,0.0,0,0,0,0,0,0.00,0.00,0.00,0.00,0,False
Abdukodir,Khusanov,Khusanov,Man City,DEF,10,406,0,0,0,0,0,0,0,0,0,0,0,0,0,0.0,0.0,0.0,0.0,0,0,0,0,0,0.00,0.00,0.00,0.00,0,False
Matheus,Nunes,Matheus N.,Man City,DEF,10,407,90,0,0,0,1,0,0,0,0,0,0,0,14,11.4,3.2,2.0,1.7,3,9,1,4,1,0.00,0.01,0.01,0.72,2,False
Rúben,dos Santos Gato Alves Dias,Rúben,Man City,DEF,10,408,90,0,0,0,1,0,0,0,0,0,0,0,12,15.8,0.8,2.0,1.9,8,0,0,8,1,0.00,0.01,0.01,0.72,2,False
John,Stones,Stones,Man City,DEF,10,409,0,0,0,0,0,0,0,0,0,0,0,0,0,0.0,0.0,0.0,0.0,0,0,0,0,0,0.00,0.00,0.00,0.00,0,False
Rico,Lewis,Lewis,Man City,DEF,10,410,0,0,0,0,0,0,0,0,0,0,0,0,0,0.0,0.0,0.0,0.0,0,0,0,0,0,0.00,0.00,0.00,0.00,0,False
Nico,O'Reilly,O’Reilly,Man City,DEF,10,411,90,1,0,0,1,0,0,0,0,0,0,0,25,52.2,16.8,27.0,9.6,6,0,0,6,1,0.33,0.12,0.45,0.72,8,False
Vitor,de Oliveira Nunes dos Reis,Vitor Reis,Man City,DEF,10,412,0,0,0,0,0,0,0,0,0,0,0,0,0,0.0,0.0,0.0,0.0,0,0,0,0,0,0.00,0.00,0.00,0.00,0,False
Omar,Marmoush,Marmoush,Man City,MID,10,413,8,0,0,0,0,0,0,0,0,0,0,0,2,0.0,0.0,7.0,0.6,1,0,0,1,0,0.15,0.00,0.15,0.02,1,False
Phil,Foden,Foden,Man City,MID,10,414,89,0,1,0,1,0,0,0,1,0,0,0,23,22.2,48.1,13.0,8.3,0,3,1,4,1,0.06,0.15,0.21,0.71,4,False
Sávio,Moreira de Oliveira,Savinho,Man City,MID,10,415,17,0,0,0,0,0,0,0,0,0,0,0,3,7.4,22.6,16.0,4.6,1,0,0,1,0,0.00,0.15,0.15,0.02,1,False
Bernardo,Mota Veiga de Carvalho e Silva,Bernardo,Man City,MID,10,416,89,0,0,0,1,0,0,0,0,0,0,0,9,6.6,4.3,0.0,1.1,1,4,2,7,1,0.00,0.02,0.02,0.71,2,False
Rayan,Cherki,Cherki,Man City,MID,10,417,72,0,2,0,1,0,0,0,0,0,0,2,38,42.6,30.0,19.0,9.2,0,3,3,6,1,0.24,0.24,0.48,0.71,10,False
Jérémy,Doku,Doku,Man City,MID,10,418,72,0,0,0,1,0,0,0,0,0,0,0,12,15.8,45.4,12.0,7.3,1,2,1,4,1,0.00,0.17,0.17,0.71,2,False
Jack,Grealish,Grealish,Everton,MID,10,419,90,0,0,0,1,0,0,0,0,0,0,0,15,8.8,18.4,5.0,3.2,2,8,0,10,1,0.03,0.24,0.27,1.09,2,False
İlkay,Gündoğan,Gündoğan,Man City,MID,10,420,0,0,0,0,0,0,0,0,0,0,0,0,0,0.0,0.0,0.0,0.0,0,0,0,0,0,0.00,0.00,0.00,0.00,0,False
Rodrigo 'Rodri',Hernandez Cascante,Rodrigo,Man City,MID,10,421,1,0,0,0,0,0,0,0,0,0,0,0,3,0.6,0.5,0.0,0.1,0,0,0,0,0,0.00,0.00,0.00,0.02,1,False
Mateo,Kovačić,Kovačić,Man City,MID,10,422,0,0,0,0,0,0,0,0,0,0,0,0,0,0.0,0.0,0.0,0.0,0,0,0,0,0,0.00,0.00,0.00,0.00,0,False
Nico,González Iglesias,N.Gonzalez,Man City,MID,10,423,90,0,0,0,1,0,0,0,0,0,0,0,18,13.4,14.2,2.0,3.0,4,9,1,14,1,0.00,0.03,0.03,0.72,4,False
Oscar,Bobb,Bobb,Man City,MID,10,424,0,0,0,0,0,0,0,0,0,0,0,0,0,0.0,0.0,0.0,0.0,0,0,0,0,0,0.00,0.00,0.00,0.00,0,False
Claudio,Echeverri,Echeverri,Man City,MID,10,425,0,0,0,0,0,0,0,0,0,0,0,0,0,0.0,0.0,0.0,0.0,0,0,0,0,0,0.00,0.00,0.00,0.00,0,False
James,McAtee,McAtee,Nott'm Forest,MID,10,426,0,0,0,0,0,0,0,0,0,0,0,0,0,0.0,0.0,0.0,0.0,0,0,0,0,0,0.00,0.00,0.00,0.00,0,False
Tijjani,Reijnders,Reijnders,Man City,MID,10,427,17,0,0,0,0,0,0,0,0,0,0,0,4,4.0,1.7,22.0,2.8,0,1,0,1,0,0.11,0.02,0.13,0.02,1,False
Sverre,Nypan,Nypan,Man City,MID,10,428,0,0,0,0,0,0,0,0,0,0,0,0,0,0.0,0.0,0.0,0.0,0,0,0,0,0,0.00,0.00,0.00,0.00,0,False
Kalvin,Phillips,Phillips,Man City,MID,10,429,0,0,0,0,0,0,0,0,0,0,0,0,0,0.0,0.0,0.0,0.0,0,0,0,0,0,0.00,0.00,0.00,0.00,0,False
Erling,Haaland,Haaland,Man City,FWD,10,430,81,2,0,0,1,0,0,0,0,0,0,3,62,71.6,3.8,82.0,15.7,1,0,0,1,1,1.33,0.01,1.34,0.71,13,True
Altay,Bayındır,Bayindir,Man Utd,GKP,10,431,0,0,0,0,0,0,0,0,0,0,0,0,0,0.0,0.0,0.0,0.0,0,0,0,0,0,0.00,0.00,0.00,0.00,0,False
André,Onana,Onana,Man Utd,GKP,10,432,0,0,0,0,0,0,0,0,0,0,0,0,0,0.0,0.0,0.0,0.0,0,0,0,0,0,0.00,0.00,0.00,0.00,0,False
Elyh,Harrison,Harrison,Man Utd,GKP,10,433,0,0,0,0,0,0,0,0,0,0,0,0,0,0.0,0.0,0.0,0.0,0,0,0,0,0,0.00,0.00,0.00,0.00,0,False
Tom,Heaton,Heaton,Man Utd,GKP,10,434,0,0,0,0,0,0,0,0,0,0,0,0,0,0.0,0.0,0.0,0.0,0,0,0,0,0,0.00,0.00,0.00,0.00,0,False
Dermot,Mee,Mee,Man Utd,GKP,10,435,0,0,0,0,0,0,0,0,0,0,0,0,0,0.0,0.0,0.0,0.0,0,0,0,0,0,0.00,0.00,0.00,0.00,0,False
Matthijs,de Ligt,De Ligt,Man Utd,DEF,10,436,90,0,0,0,2,0,0,0,0,0,0,0,8,17.4,0.0,2.0,1.9,7,3,1,8,1,0.00,0.01,0.01,1.93,1,False
Lisandro,Martínez,Martinez,Man Utd,DEF,10,437,0,0,0,0,0,0,0,0,0,0,0,0,0,0.0,0.0,0.0,0.0,0,0,0,0,0,0.00,0.00,0.00,0.00,0,False
Noussair,Mazraoui,Mazraoui,Man Utd,DEF,10,438,13,0,0,0,0,0,0,0,1,0,0,0,-1,0.0,0.4,0.0,0.0,1,1,0,1,0,0.00,0.00,0.00,0.26,0,False
Diego,León Blanco,D.Leon,Man Utd,DEF,10,439,0,0,0,0,0,0,0,0,0,0,0,0,0,0.0,0.0,0.0,0.0,0,0,0,0,0,0.00,0.00,0.00,0.00,0,False
Diogo,Dalot Teixeira,Dalot,Man Utd,DEF,10,440,67,0,0,0,2,0,0,0,0,0,0,0,1,8.6,2.2,0.0,1.1,5,4,1,6,1,0.00,0.01,0.01,1.67,1,False
Patrick,Dorgu,Dorgu,Man Utd,DEF,10,441,22,0,0,0,0,0,0,0,0,0,0,0,4,1.2,0.3,24.0,2.6,0,3,0,0,0,0.33,0.00,0.33,0.26,1,False
Harry,Maguire,Maguire,Man Utd,DEF,10,442,0,0,0,0,0,0,0,0,0,0,0,0,0,0.0,0.0,0.0,0.0,0,0,0,0,0,0.00,0.00,0.00,0.00,0,False
Luke,Shaw,Shaw,Man Utd,DEF,10,443,90,0,0,0,2,0,0,0,0,0,0,0,9,29.0,4.9,0.0,3.4,4,1,2,6,1,0.00,0.04,0.04,1.93,1,False
Leny,Yoro,Yoro,Man Utd,DEF,10,444,76,0,0,0,2,0,0,0,0,0,0,0,6,21.0,0.8,0.0,2.2,4,1,3,7,1,0.00,0.01,0.01,1.67,1,False
Harry,Amass,Amass,Man Utd,DEF,10,445,0,0,0,0,0,0,0,0,0,0,0,0,0,0.0,0.0,0.0,0.0,0,0,0,0,0,0.00,0.00,0.00,0.00,0,False
Tyler,Fredricson,Fredricson,Man Utd,DEF,10,446,0,0,0,0,0,0,0,0,0,0,0,0,0,0.0,0.0,0.0,0.0,0,0,0,0,0,0.00,0.00,0.00,0.00,0,False
Ayden,Heaven,Heaven,Man Utd,DEF,10,447,0,0,0,0,0,0,0,0,0,0,0,0,0,0.0,0.0,0.0,0.0,0,0,0,0,0,0.00,0.00,0.00,0.00,0,False
Tyrell,Malacia,Malacia,Man Utd,DEF,10,448,0,0,0,0,0,0,0,0,0,0,0,0,0,0.0,0.0,0.0,0.0,0,0,0,0,0,0.00,0.00,0.00,0.00,0,False
Bruno,Borges Fernandes,B.Fernandes,Man Utd,MID,10,449,90,0,1,0,2,0,0,0,0,0,0,0,26,30.4,51.7,5.0,8.7,3,6,0,9,1,0.09,0.13,0.22,1.93,5,False
Matheus,Santos Carneiro da Cunha,Cunha,Man Utd,MID,10,450,90,0,0,0,2,0,0,0,0,0,0,0,27,24.6,45.5,13.0,8.3,5,7,1,13,1,0.06,0.05,0.11,1.93,4,False
Marcus,Rashford,Rashford,Man Utd,MID,10,451,0,0,0,0,0,0,0,0,0,0,0,0,0,0.0,0.0,0.0,0.0,0,0,0,0,0,0.00,0.00,0.00,0.00,0,False
Amad,Diallo,Amad,Man Utd,MID,10,452,90,1,0,0,2,0,0,0,0,0,0,2,37,56.0,21.8,19.0,9.7,3,6,1,10,1,0.18,0.13,0.31,1.93,9,False
Alejandro,Garnacho Ferreyra,Garnacho,Chelsea,MID,10,453,65,0,0,1,0,0,0,0,0,0,0,0,20,11.4,22.9,33.0,6.7,0,4,2,6,1,0.05,0.56,0.61,0.07,3,False
Antony,dos Santos,Antony,Man Utd,MID,10,454,0,0,0,0,0,0,0,0,0,0,0,0,0,0.0,0.0,0.0,0.0,0,0,0,0,0,0.00,0.00,0.00,0.00,0,False
Mason,Mount,Mount,Man Utd,MID,10,455,0,0,0,0,0,0,0,0,0,0,0,0,0,0.0,0.0,0.0,0.0,0,0,0,0,0,0.00,0.00,0.00,0.00,0,False
Jadon,Sancho,Sancho,Aston Villa,MID,10,456,16,0,0,0,0,0,0,0,0,0,0,0,3,2.6,13.4,3.0,1.9,1,2,0,3,0,0.03,0.04,0.07,0.06,1,False
Carlos Henrique,Casimiro,Casemiro,Man Utd,MID,10,457,90,1,0,0,2,0,0,0,0,0,0,3,39,52.8,34.8,31.0,11.9,3,8,3,14,1,0.22,0.27,0.49,1.93,12,True
Kobbie,Mainoo,Mainoo,Man Utd,MID,10,458,0,0,0,0,0,0,0,0,0,0,0,0,0,0.0,0.0,0.0,0.0,0,0,0,0,0,0.00,0.00,0.00,0.00,0,False
Manuel,Ugarte Ribeiro,Ugarte,Man Utd,MID,10,459,0,0,0,0,0,0,0,0,0,0,0,0,0,0.0,0.0,0.0,0.0,0,0,0,0,0,0.00,0.00,0.00,0.00,0,False
Toby,Collyer,Collyer,Man Utd,MID,10,460,0,0,0,0,0,0,0,0,0,0,0,0,0,0.0,0.0,0.0,0.0,0,0,0,0,0,0.00,0.00,0.00,0.00,0,False
Jayce,Fitzgerald,Fitzgerald,Man Utd,MID,10,461,0,0,0,0,0,0,0,0,0,0,0,0,0,0.0,0.0,0.0,0.0,0,0,0,0,0,0.00,0.00,0.00,0.00,0,False
Jack,Fletcher,J.Fletcher,Man Utd,MID,10,462,0,0,0,0,0,0,0,0,0,0,0,0,0,0.0,0.0,0.0,0.0,0,0,0,0,0,0.00,0.00,0.00,0.00,0,False
Sékou,Koné,Kone,Man Utd,MID,10,463,0,0,0,0,0,0,0,0,0,0,0,0,0,0.0,0.0,0.0,0.0,0,0,0,0,0,0.00,0.00,0.00,0.00,0,False
Jack,Moorhouse,Moorhouse,Man Utd,MID,10,464,0,0,0,0,0,0,0,0,0,0,0,0,0,0.0,0.0,0.0,0.0,0,0,0,0,0,0.00,0.00,0.00,0.00,0,False
Rasmus,Højlund,Højlund,Man Utd,FWD,10,465,0,0,0,0,0,0,0,0,0,0,0,0,0,0.0,0.0,0.0,0.0,0,0,0,0,0,0.00,0.00,0.00,0.00,0,False
Joshua,Zirkzee,Zirkzee,Man Utd,FWD,10,466,0,0,0,0,0,0,0,0,0,0,0,0,0,0.0,0.0,0.0,0.0,0,0,0,0,0,0.00,0.00,0.00,0.00,0,False
Chido,Obi,Obi,Man Utd,FWD,10,467,0,0,0,0,0,0,0,0,0,0,0,0,0,0.0,0.0,0.0,0.0,0,0,0,0,0,0.00,0.00,0.00,0.00,0,False
Ethan,Wheatley,Wheatley,Man Utd,FWD,10,468,0,0,0,0,0,0,0,0,0,0,0,0,0,0.0,0.0,0.0,0.0,0,0,0,0,0,0.00,0.00,0.00,0.00,0,False
Nick,Pope,Pope,Newcastle,GKP,10,469,90,0,0,0,3,0,0,0,0,0,7,0,15,46.4,0.0,0.0,4.6,7,10,0,0,1,0.00,0.00,0.00,1.75,3,False
Martin,Dúbravka,Dúbravka,Burnley,GKP,10,470,90,0,0,0,2,0,0,0,0,0,5,0,14,35.6,0.0,0.0,3.6,1,6,0,0,1,0.00,0.00,0.00,2.42,2,False
Mark,Gillespie,Gillespie,Newcastle,GKP,10,471,0,0,0,0,0,0,0,0,0,0,0,0,0,0.0,0.0,0.0,0.0,0,0,0,0,0,0.00,0.00,0.00,0.00,0,False
Odysseas,Vlachodimos,Odysseas,Newcastle,GKP,10,472,0,0,0,0,0,0,0,0,0,0,0,0,0,0.0,0.0,0.0,0.0,0,0,0,0,0,0.00,0.00,0.00,0.00,0,False
Lewis,Hall,Hall,Newcastle,DEF,10,473,0,0,0,0,0,0,0,0,0,0,0,0,0,0.0,0.0,0.0,0.0,0,0,0,0,0,0.00,0.00,0.00,0.00,0,False
Fabian,Schär,Schär,Newcastle,DEF,10,474,45,0,0,0,1,0,0,0,0,0,0,0,5,12.6,1.7,2.0,1.6,5,3,0,5,0,0.02,0.01,0.03,1.50,1,False
Sven,Botman,Botman,Newcastle,DEF,10,475,64,0,0,0,2,1,0,0,0,0,0,0,0,5.6,11.3,2.0,1.9,1,4,2,3,1,0.00,0.01,0.01,0.41,-1,False
Dan,Burn,Burn,Newcastle,DEF,10,476,90,0,0,0,3,0,0,0,0,0,0,0,-4,6.6,3.8,2.0,1.2,3,4,0,3,1,0.00,0.03,0.03,1.75,1,False
Tino,Livramento,Livramento,Newcastle,DEF,10,477,0,0,0,0,0,0,0,0,0,0,0,0,0,0.0,0.0,0.0,0.0,0,0,0,0,0,0.00,0.00,0.00,0.00,0,False
Kieran,Trippier,Trippier,Newcastle,DEF,10,478,0,0,0,0,0,0,0,0,0,0,0,0,0,0.0,0.0,0.0,0.0,0,0,0,0,0,0.00,0.00,0.00,0.00,0,False
Emil,Krafth,Krafth,Newcastle,DEF,10,479,45,0,0,0,2,0,0,0,0,0,0,0,-8,1.4,1.2,0.0,0.3,1,0,0,1,1,0.00,0.00,0.00,0.25,0,False
Jamaal,Lascelles,Lascelles,Newcastle,DEF,10,480,0,0,0,0,0,0,0,0,0,0,0,0,0,0.0,0.0,0.0,0.0,0,0,0,0,0,0.00,0.00,0.00,0.00,0,False
Alex,Murphy,A.Murphy,Newcastle,DEF,10,481,0,0,0,0,0,0,0,0,0,0,0,0,0,0.0,0.0,0.0,0.0,0,0,0,0,0,0.00,0.00,0.00,0.00,0,False
Harrison,Ashby,Ashby,Newcastle,DEF,10,482,0,0,0,0,0,0,0,0,0,0,0,0,0,0.0,0.0,0.0,0.0,0,0,0,0,0,0.00,0.00,0.00,0.00,0,False
Miodrag,Pivaš,Pivas,Newcastle,DEF,10,483,0,0,0,0,0,0,0,0,0,0,0,0,0,0.0,0.0,0.0,0.0,0,0,0,0,0,0.00,0.00,0.00,0.00,0,False
Matt,Targett,Targett,Newcastle,DEF,10,484,0,0,0,0,0,0,0,0,0,0,0,0,0,0.0,0.0,0.0,0.0,0,0,0,0,0,0.00,0.00,0.00,0.00,0,False
Anthony,Gordon,Gordon,Newcastle,MID,10,485,45,0,0,0,2,0,0,0,0,0,0,0,4,5.2,1.3,11.0,1.8,1,1,0,2,1,0.06,0.02,0.08,0.25,1,False
Anthony,Elanga,Elanga,Newcastle,MID,10,486,13,0,0,0,1,0,0,0,0,0,0,0,5,4.2,15.2,2.0,2.1,0,0,0,0,0,0.00,0.12,0.12,1.27,1,False
Harvey,Barnes,Barnes,Newcastle,MID,10,487,25,0,0,0,1,0,0,0,0,0,0,0,-1,0.0,1.3,8.0,0.8,0,0,0,0,0,0.03,0.01,0.04,1.34,1,False
Bruno,Guimarães Rodriguez Moura,Bruno G.,Newcastle,MID,10,488,90,0,1,0,3,0,0,0,1,0,0,0,23,30.6,49.5,3.0,8.3,1,7,2,10,1,0.03,0.07,0.10,1.75,4,False
Jacob,Murphy,J.Murphy,Newcastle,MID,10,489,76,1,0,0,2,0,0,0,0,0,0,1,25,37.8,13.3,33.0,8.4,2,0,0,2,1,0.24,0.05,0.29,0.48,8,False
Joelinton Cássio,Apolinário de Lira,Joelinton,Newcastle,MID,10,490,90,0,0,0,3,0,0,0,0,0,0,0,10,3.0,4.1,8.0,1.5,2,1,0,3,1,0.03,0.03,0.06,1.75,2,False
Sandro,Tonali,Tonali,Newcastle,MID,10,491,90,0,0,0,3,0,0,0,0,0,0,0,13,12.4,10.1,0.0,2.3,2,5,0,7,1,0.00,0.05,0.05,1.75,2,False
Antoñito,Cordero Campillo,Antoñito C.,Newcastle,MID,10,492,0,0,0,0,0,0,0,0,0,0,0,0,0,0.0,0.0,0.0,0.0,0,0,0,0,0,0.00,0.00,0.00,0.00,0,False
Sean,Longstaff,Longstaff,Leeds,MID,10,493,59,0,0,0,1,0,0,0,0,0,0,0,6,10.0,19.3,10.0,3.9,1,3,3,7,1,0.25,0.11,0.36,1.69,1,False
Joe,Willock,Willock,Newcastle,MID,10,494,0,0,0,0,0,0,0,0,0,0,0,0,0,0.0,0.0,0.0,0.0,0,0,0,0,0,0.00,0.00,0.00,0.00,0,False
Isaac,Hayden,Hayden,Newcastle,MID,10,495,0,0,0,0,0,0,0,0,0,0,0,0,0,0.0,0.0,0.0,0.0,0,0,0,0,0,0.00,0.00,0.00,0.00,0,False
Garang,Kuol,Kuol,Newcastle,MID,10,496,0,0,0,0,0,0,0,0,0,0,0,0,0,0.0,0.0,0.0,0.0,0,0,0,0,0,0.00,0.00,0.00,0.00,0,False
Lewis,Miley,L.Miley,Newcastle,MID,10,497,0,0,0,0,0,0,0,0,0,0,0,0,0,0.0,0.0,0.0,0.0,0,0,0,0,0,0.00,0.00,0.00,0.00,0,False
Joe,White,White,Newcastle,MID,10,498,0,0,0,0,0,0,0,0,0,0,0,0,0,0.0,0.0,0.0,0.0,0,0,0,0,0,0.00,0.00,0.00,0.00,0,False
Alexander,Isak,Isak,Liverpool,FWD,10,499,0,0,0,0,0,0,0,0,0,0,0,0,0,0.0,0.0,0.0,0.0,0,0,0,0,0,0.00,0.00,0.00,0.00,0,False
William,Osula,Osula,Newcastle,FWD,10,500,45,0,0,0,1,0,0,0,0,0,0,0,4,1.0,0.5,25.0,2.7,0,0,0,0,0,0.11,0.01,0.12,1.50,1,False
Sean,Neave,Neave,Newcastle,FWD,10,501,0,0,0,0,0,0,0,0,0,0,0,0,0,0.0,0.0,0.0,0.0,0,0,0,0,0,0.00,0.00,0.00,0.00,0,False
Matz,Sels,Sels,Nott'm Forest,GKP,10,502,90,0,0,0,2,0,0,0,0,0,4,0,11,25.8,0.0,0.0,2.6,1,11,0,0,1,0.00,0.03,0.03,1.12,2,False
Carlos Miguel,dos Santos Pereira,C.Miguel,Nott'm Forest,GKP,10,503,0,0,0,0,0,0,0,0,0,0,0,0,0,0.0,0.0,0.0,0.0,0,0,0,0,0,0.00,0.00,0.00,0.00,0,False
Matt,Turner,Turner,Nott'm Forest,GKP,10,504,0,0,0,0,0,0,0,0,0,0,0,0,0,0.0,0.0,0.0,0.0,0,0,0,0,0,0.00,0.00,0.00,0.00,0,False
Nikola,Milenković,Milenković,Nott'm Forest,DEF,10,505,90,0,0,0,2,0,0,0,0,0,0,0,5,22.6,1.5,13.0,3.7,8,3,0,8,1,0.18,0.01,0.19,1.12,1,False
Murillo,Costa dos Santos,Murillo,Nott'm Forest,DEF,10,506,90,0,0,0,2,0,0,0,0,0,0,0,15,28.2,1.0,4.0,3.3,13,4,2,15,1,0.06,0.01,0.07,1.12,3,False
Ola,Aina,Aina,Nott'm Forest,DEF,10,507,0,0,0,0,0,0,0,0,0,0,0,0,0,0.0,0.0,0.0,0.0,0,0,0,0,0,0.00,0.00,0.00,0.00,0,False
Neco,Williams,N.Williams,Nott'm Forest,DEF,10,508,90,0,0,0,2,0,0,0,0,0,0,0,5,16.6,1.8,4.0,2.2,4,6,4,8,1,0.04,0.02,0.06,1.12,1,False
David,Mota Veiga Teixeira do Carmo,David Carmo,Nott'm Forest,DEF,10,509,0,0,0,0,0,0,0,0,0,0,0,0,0,0.0,0.0,0.0,0.0,0,0,0,0,0,0.00,0.00,0.00,0.00,0,False
Jair,Paula da Cunha Filho,Jair Cunha,Nott'm Forest,DEF,10,510,0,0,0,0,0,0,0,0,0,0,0,0,0,0.0,0.0,0.0,0.0,0,0,0,0,0,0.00,0.00,0.00,0.00,0,False
Felipe,Rodrigues da Silva,Morato,Nott'm Forest,DEF,10,511,0,0,0,0,0,0,0,0,0,0,0,0,0,0.0,0.0,0.0,0.0,0,0,0,0,0,0.00,0.00,0.00,0.00,0,False
Omar,Richards,O.Richards,Nott'm Forest,DEF,10,512,0,0,0,0,0,0,0,0,0,0,0,0,0,0.0,0.0,0.0,0.0,0,0,0,0,0,0.00,0.00,0.00,0.00,0,False
Zach,Abbott,Abbott,Nott'm Forest,DEF,10,513,0,0,0,0,0,0,0,0,0,0,0,0,0,0.0,0.0,0.0,0.0,0,0,0,0,0,0.00,0.00,0.00,0.00,0,False
Willy,Boly,Boly,Nott'm Forest,DEF,10,514,0,0,0,0,0,0,0,0,0,0,0,0,0,0.0,0.0,0.0,0.0,0,0,0,0,0,0.00,0.00,0.00,0.00,0,False
Morgan,Gibbs-White,Gibbs-White,Nott'm Forest,MID,10,515,90,1,0,0,2,0,0,0,0,0,0,1,30,40.0,23.3,24.0,8.7,1,3,0,4,1,0.27,0.04,0.31,1.12,8,False
Callum,Hudson-Odoi,Hudson-Odoi,Nott'm Forest,MID,10,516,90,0,0,0,2,0,0,0,0,0,0,0,9,12.2,42.8,16.0,7.1,1,4,2,7,1,0.15,0.14,0.29,1.01,2,False
Elliot,Anderson,Anderson,Nott'm Forest,MID,10,517,90,0,0,0,2,0,0,0,0,0,0,0,18,13.2,40.5,10.0,6.4,1,14,1,16,1,0.16,0.13,0.29,1.12,4,False
João Pedro,Ferreira da Silva,Jota,Nott'm Forest,MID,10,518,0,0,0,0,0,0,0,0,0,0,0,0,0,0.0,0.0,0.0,0.0,0,0,0,0,0,0.00,0.00,0.00,0.00,0,False
Nicolás,Domínguez,Dominguez,Nott'm Forest,MID,10,519,0,0,0,0,0,0,0,0,0,0,0,0,0,0.0,0.0,0.0,0.0,0,0,0,0,0,0.00,0.00,0.00,0.00,0,False
Lewis,O'Brien,O'Brien,Nott'm Forest,MID,10,520,0,0,0,0,0,0,0,0,0,0,0,0,0,0.0,0.0,0.0,0.0,0,0,0,0,0,0.00,0.00,0.00,0.00,0,False
Ibrahim,Sangaré,Sangaré,Nott'm Forest,MID,10,521,1,0,0,0,0,0,0,0,0,0,0,0,3,0.0,0.0,0.0,0.0,0,0,0,0,0,0.00,0.00,0.00,0.10,1,False
Ryan,Yates,Yates,Nott'm Forest,MID,10,522,76,0,1,0,2,0,0,0,0,0,0,0,21,23.4,16.8,2.0,4.2,1,4,1,6,0,0.00,0.15,0.15,1.02,5,False
Eric,da Silva Moreira,Da Silva Moreira,Nott'm Forest,MID,10,523,0,0,0,0,0,0,0,0,0,0,0,0,0,0.0,0.0,0.0,0.0,0,0,0,0,0,0.00,0.00,0.00,0.00,0,False
Marko,Stamenić,Stamenic,Nott'm Forest,MID,10,524,0,0,0,0,0,0,0,0,0,0,0,0,0,0.0,0.0,0.0,0.0,0,0,0,0,0,0.00,0.00,0.00,0.00,0,False
Chris,Wood,Wood,Nott'm Forest,FWD,10,525,0,0,0,0,0,0,0,0,0,0,0,0,0,0.0,0.0,0.0,0.0,0,0,0,0,0,0.00,0.00,0.00,0.00,0,False
Igor Jesus,Maciel da Cruz,Igor Jesus,Nott'm Forest,FWD,10,526,77,0,1,0,1,0,0,0,0,0,0,0,11,0.0,5.3,17.0,2.1,0,0,0,0,1,0.26,0.03,0.29,0.61,5,False
Taiwo,Awoniyi,Awoniyi,Nott'm Forest,FWD,10,527,12,0,0,0,1,0,0,0,0,0,0,0,4,2.0,11.5,0.0,1.4,0,2,0,2,0,0.00,0.00,0.00,0.51,1,False
Anthony,Patterson,Patterson,Sunderland,GKP,10,528,0,0,0,0,0,0,0,0,0,0,0,0,0,0.0,0.0,0.0,0.0,0,0,0,0,0,0.00,0.00,0.00,0.00,0,False
Simon,Moore,Moore,Sunderland,GKP,10,529,0,0,0,0,0,0,0,0,0,0,0,0,0,0.0,0.0,0.0,0.0,0,0,0,0,0,0.00,0.00,0.00,0.00,0,False
Blondy,Nna Noukeu,Nna Noukeu,Sunderland,GKP,10,530,0,0,0,0,0,0,0,0,0,0,0,0,0,0.0,0.0,0.0,0.0,0,0,0,0,0,0.00,0.00,0.00,0.00,0,False
Daniel,Ballard,Ballard,Sunderland,DEF,10,531,90,0,0,0,1,0,0,0,0,0,0,0,13,25.2,11.5,21.0,5.8,9,2,1,10,1,0.28,0.03,0.31,0.86,4,False
Trai,Hume,Hume,Sunderland,DEF,10,532,90,0,0,0,1,0,0,0,1,0,0,0,4,5.2,28.2,21.0,5.4,0,2,0,0,1,0.13,0.11,0.24,0.86,1,False
Aji,Alese,Alese,Sunderland,DEF,10,533,0,0,0,0,0,0,0,0,0,0,0,0,0,0.0,0.0,0.0,0.0,0,0,0,0,0,0.00,0.00,0.00,0.00,0,False
Joe,Anderson,Anderson,Sunderland,DEF,10,534,0,0,0,0,0,0,0,0,0,0,0,0,0,0.0,0.0,0.0,0.0,0,0,0,0,0,0.00,0.00,0.00,0.00,0,False
Dennis,Cirkin,Cirkin,Sunderland,DEF,10,535,0,0,0,0,0,0,0,0,0,0,0,0,0,0.0,0.0,0.0,0.0,0,0,0,0,0,0.00,0.00,0.00,0.00,0,False
Leo Fuhr,Hjelde,Hjelde,Sunderland,DEF,10,536,0,0,0,0,0,0,0,0,0,0,0,0,0,0.0,0.0,0.0,0.0,0,0,0,0,0,0.00,0.00,0.00,0.00,0,False
Niall,Huggins,Huggins,Sunderland,DEF,10,537,0,0,0,0,0,0,0,0,0,0,0,0,0,0.0,0.0,0.0,0.0,0,0,0,0,0,0.00,0.00,0.00,0.00,0,False
Zak,Johnson,Johnson,Sunderland,DEF,10,538,0,0,0,0,0,0,0,0,0,0,0,0,0,0.0,0.0,0.0,0.0,0,0,0,0,0,0.00,0.00,0.00,0.00,0,False
Luke,O'Nien,O'Nien,Sunderland,DEF,10,539,0,0,0,0,0,0,0,0,0,0,0,0,0,0.0,0.0,0.0,0.0,0,0,0,0,0,0.00,0.00,0.00,0.00,0,False
Timothée,Pembélé,Pembele,Sunderland,DEF,10,540,0,0,0,0,0,0,0,0,0,0,0,0,0,0.0,0.0,0.0,0.0,0,0,0,0,0,0.00,0.00,0.00,0.00,0,False
Reinildo,Mandava,Reinildo,Sunderland,DEF,10,541,90,0,0,0,1,0,0,0,0,0,0,0,10,15.0,5.3,11.0,3.1,4,4,2,6,1,0.05,0.01,0.06,0.86,2,False
Jenson,Seelt,Seelt,Sunderland,DEF,10,542,0,0,0,0,0,0,0,0,0,0,0,0,0,0.0,0.0,0.0,0.0,0,0,0,0,0,0.00,0.00,0.00,0.00,0,False
Simon,Adingra,Adingra,Sunderland,MID,10,543,0,0,0,0,0,0,0,0,0,0,0,0,0,0.0,0.0,0.0,0.0,0,0,0,0,0,0.00,0.00,0.00,0.00,0,False
Habib,Diarra,Diarra,Sunderland,MID,10,544,0,0,0,0,0,0,0,0,0,0,0,0,0,0.0,0.0,0.0,0.0,0,0,0,0,0,0.00,0.00,0.00,0.00,0,False
Patrick,Roberts,Roberts,Sunderland,MID,10,545,0,0,0,0,0,0,0,0,0,0,0,0,0,0.0,0.0,0.0,0.0,0,0,0,0,0,0.00,0.00,0.00,0.00,0,False
Milan,Aleksić,Aleksić,Sunderland,MID,10,546,0,0,0,0,0,0,0,0,0,0,0,0,0,0.0,0.0,0.0,0.0,0,0,0,0,0,0.00,0.00,0.00,0.00,0,False
Enzo,Le Fée,E.Le Fée,Sunderland,MID,10,547,90,0,1,0,1,0,0,0,0,0,0,1,23,28.8,32.7,10.0,7.2,2,4,3,9,1,0.04,0.15,0.19,0.86,6,False
Romaine,Mundle,Mundle,Sunderland,MID,10,548,0,0,0,0,0,0,0,0,0,0,0,0,0,0.0,0.0,0.0,0.0,0,0,0,0,0,0.00,0.00,0.00,0.00,0,False
Dan,Neil,Neil,Sunderland,MID,10,549,0,0,0,0,0,0,0,0,0,0,0,0,0,0.0,0.0,0.0,0.0,0,0,0,0,0,0.00,0.00,0.00,0.00,0,False
Ian,Poveda-Ocampo,Poveda,Sunderland,MID,10,550,0,0,0,0,0,0,0,0,0,0,0,0,0,0.0,0.0,0.0,0.0,0,0,0,0,0,0.00,0.00,0.00,0.00,0,False
Chris,Rigg,Rigg,Sunderland,MID,10,551,0,0,0,0,0,0,0,0,0,0,0,0,0,0.0,0.0,0.0,0.0,0,0,0,0,0,0.00,0.00,0.00,0.00,0,False
Noah,Sadiki,Sadiki,Sunderland,MID,10,552,90,0,0,0,1,0,0,0,1,0,0,0,14,10.0,18.9,6.0,3.5,2,8,2,12,1,0.04,0.21,0.25,0.86,3,False
Chemsdine,Talbi,Talbi,Sunderland,MID,10,553,8,0,0,0,0,0,0,0,0,0,0,0,3,0.2,0.3,0.0,0.1,0,1,0,1,0,0.00,0.00,0.00,0.02,1,False
Abdoullah,Ba,Ba,Sunderland,MID,10,554,0,0,0,0,0,0,0,0,0,0,0,0,0,0.0,0.0,0.0,0.0,0,0,0,0,0,0.00,0.00,0.00,0.00,0,False
Alan,Browne,Browne,Sunderland,MID,10,555,0,0,0,0,0,0,0,0,0,0,0,0,0,0.0,0.0,0.0,0.0,0,0,0,0,0,0.00,0.00,0.00,0.00,0,False
Pierre,Ekwah Elimby,Ekwah,Sunderland,MID,10,556,0,0,0,0,0,0,0,0,0,0,0,0,0,0.0,0.0,0.0,0.0,0,0,0,0,0,0.00,0.00,0.00,0.00,0,False
Harrison,Jones,H.Jones,Sunderland,MID,10,557,0,0,0,0,0,0,0,0,0,0,0,0,0,0.0,0.0,0.0,0.0,0,0,0,0,0,0.00,0.00,0.00,0.00,0,False
Jay,Matete,Matete,Sunderland,MID,10,558,0,0,0,0,0,0,0,0,0,0,0,0,0,0.0,0.0,0.0,0.0,0,0,0,0,0,0.00,0.00,0.00,0.00,0,False
Nectarios,Triantis,Triantis,Sunderland,MID,10,559,0,0,0,0,0,0,0,0,0,0,0,0,0,0.0,0.0,0.0,0.0,0,0,0,0,0,0.00,0.00,0.00,0.00,0,False
Wilson,Isidor,Isidor,Sunderland,FWD,10,560,82,0,0,0,1,0,0,0,0,0,0,0,7,1.0,2.0,30.0,3.3,0,3,0,3,1,0.28,0.00,0.28,0.84,2,False
Eliezer,Mayenda Dossou,Mayenda,Sunderland,FWD,10,561,0,0,0,0,0,0,0,0,0,0,0,0,0,0.0,0.0,0.0,0.0,0,0,0,0,0,0.00,0.00,0.00,0.00,0,False
Ahmed,Abdullahi,Abdullahi,Sunderland,FWD,10,562,0,0,0,0,0,0,0,0,0,0,0,0,0,0.0,0.0,0.0,0.0,0,0,0,0,0,0.00,0.00,0.00,0.00,0,False
Luís Hemir,Silva Semedo,Luís Hemir,Sunderland,FWD,10,563,0,0,0,0,0,0,0,0,0,0,0,0,0,0.0,0.0,0.0,0.0,0,0,0,0,0,0.00,0.00,0.00,0.00,0,False
Nazarii,Rusyn,Rusyn,Sunderland,FWD,10,564,0,0,0,0,0,0,0,0,0,0,0,0,0,0.0,0.0,0.0,0.0,0,0,0,0,0,0.00,0.00,0.00,0.00,0,False
Guglielmo,Vicario,Vicario,Spurs,GKP,10,565,90,0,0,0,1,0,0,0,0,0,8,0,28,66.8,0.0,0.0,6.7,3,7,0,0,1,0.00,0.00,0.00,3.68,4,False
Brandon,Austin,Austin,Spurs,GKP,10,566,0,0,0,0,0,0,0,0,0,0,0,0,0,0.0,0.0,0.0,0.0,0,0,0,0,0,0.00,0.00,0.00,0.00,0,False
Antonín,Kinský,Kinsky,Spurs,GKP,10,567,0,0,0,0,0,0,0,0,0,0,0,0,0,0.0,0.0,0.0,0.0,0,0,0,0,0,0.00,0.00,0.00,0.00,0,False
Pedro,Porro Sauceda,Pedro Porro,Spurs,DEF,10,568,72,0,0,0,1,0,0,0,0,0,0,0,1,0.0,1.9,0.0,0.0,1,2,0,1,1,0.00,0.03,0.03,2.26,2,False
Cristian,Romero,Romero,Spurs,DEF,10,569,30,0,0,0,0,0,0,0,0,0,0,0,9,9.2,0.2,6.0,1.5,0,2,3,3,0,0.00,0.00,0.00,1.42,1,False
Kevin,Danso,Danso,Spurs,DEF,10,570,59,0,0,0,1,0,0,0,1,0,0,0,1,6.6,0.2,0.0,0.7,2,1,2,4,1,0.00,0.04,0.04,2.26,0,False
Ben,Davies,Davies,Spurs,DEF,10,571,0,0,0,0,0,0,0,0,0,0,0,0,0,0.0,0.0,0.0,0.0,0,0,0,0,0,0.00,0.00,0.00,0.00,0,False
Radu,Drăgușin,Dragusin,Spurs,DEF,10,572,0,0,0,0,0,0,0,0,0,0,0,0,0,0.0,0.0,0.0,0.0,0,0,0,0,0,0.00,0.00,0.00,0.00,0,False
Djed,Spence,Spence,Spurs,DEF,10,573,90,0,0,0,1,0,0,0,0,0,0,0,4,11.6,1.7,4.0,1.7,2,4,4,6,1,0.00,0.02,0.02,3.68,2,False
Destiny,Udogie,Udogie,Spurs,DEF,10,574,17,0,0,0,0,0,0,0,0,0,0,0,5,4.0,0.3,0.0,0.4,1,1,1,2,0,0.00,0.00,0.00,1.42,1,False
Micky,van de Ven,Van de Ven,Spurs,DEF,10,575,90,0,0,0,1,0,0,0,0,0,0,0,8,7.6,0.9,0.0,0.9,2,2,2,4,1,0.00,0.01,0.01,3.68,2,False
Ashley,Phillips,Phillips,Spurs,DEF,10,576,0,0,0,0,0,0,0,0,0,0,0,0,0,0.0,0.0,0.0,0.0,0,0,0,0,0,0.00,0.00,0.00,0.00,0,False
Takai,Kōta,Takai,Spurs,DEF,10,577,0,0,0,0,0,0,0,0,0,0,0,0,0,0.0,0.0,0.0,0.0,0,0,0,0,0,0.00,0.00,0.00,0.00,0,False
Luka,Vušković,Vuskovic,Spurs,DEF,10,578,0,0,0,0,0,0,0,0,0,0,0,0,0,0.0,0.0,0.0,0.0,0,0,0,0,0,0.00,0.00,0.00,0.00,0,False
Son,Heung-min,Son,Spurs,MID,10,579,0,0,0,0,0,0,0,0,0,0,0,0,0,0.0,0.0,0.0,0.0,0,0,0,0,0,0.00,0.00,0.00,0.00,0,False
Brennan,Johnson,Johnson,Spurs,MID,10,580,17,0,0,0,0,0,0,0,0,0,0,0,2,0.0,0.1,2.0,0.2,0,1,0,1,0,0.00,0.00,0.00,1.42,1,False
James,Maddison,Maddison,Spurs,MID,10,581,0,0,0,0,0,0,0,0,0,0,0,0,0,0.0,0.0,0.0,0.0,0,0,0,0,0,0.00,0.00,0.00,0.00,0,False
Mohammed,Kudus,Kudus,Spurs,MID,10,582,90,0,0,0,1,0,0,0,1,0,0,0,7,6.4,3.3,29.0,3.9,0,6,2,8,1,0.10,0.07,0.17,3.68,1,False
Dejan,Kulusevski,Kulusevski,Spurs,MID,10,583,0,0,0,0,0,0,0,0,0,0,0,0,0,0.0,0.0,0.0,0.0,0,0,0,0,0,0.00,0.00,0.00,0.00,0,False
Mathys,Tel,Tel,Spurs,MID,10,584,0,0,0,0,0,0,0,0,0,0,0,0,0,0.0,0.0,0.0,0.0,0,0,0,0,0,0.00,0.00,0.00,0.00,0,False
Rodrigo,Bentancur,Bentancur,Spurs,MID,10,585,59,0,0,0,1,0,0,0,1,0,0,0,5,3.4,3.6,2.0,0.9,1,6,2,9,1,0.00,0.01,0.01,2.26,0,False
Lucas,Bergvall,Bergvall,Spurs,MID,10,586,6,0,0,0,0,0,0,0,0,0,0,0,3,0.0,0.0,0.0,0.0,0,0,0,0,1,0.00,0.00,0.00,0.00,1,False
Yves,Bissouma,Bissouma,Spurs,MID,10,587,0,0,0,0,0,0,0,0,0,0,0,0,0,0.0,0.0,0.0,0.0,0,0,0,0,0,0.00,0.00,0.00,0.00,0,False
Wilson,Odobert,Odobert,Spurs,MID,10,588,17,0,0,0,0,0,0,0,0,0,0,0,4,3.0,0.0,0.0,0.3,2,0,0,2,0,0.00,0.00,0.00,1.42,1,False
Manor,Solomon,Solomon,Spurs,MID,10,589,0,0,0,0,0,0,0,0,0,0,0,0,0,0.0,0.0,0.0,0.0,0,0,0,0,0,0.00,0.00,0.00,0.00,0,False
Bryan,Gil Salvatierra,Bryan,Spurs,MID,10,590,0,0,0,0,0,0,0,0,0,0,0,0,0,0.0,0.0,0.0,0.0,0,0,0,0,0,0.00,0.00,0.00,0.00,0,False
Archie,Gray,Gray,Spurs,MID,10,591,0,0,0,0,0,0,0,0,0,0,0,0,0,0.0,0.0,0.0,0.0,0,0,0,0,0,0.00,0.00,0.00,0.00,0,False
Mikey,Moore,Moore,Spurs,MID,10,592,0,0,0,0,0,0,0,0,0,0,0,0,0,0.0,0.0,0.0,0.0,0,0,0,0,0,0.00,0.00,0.00,0.00,0,False
Pape Matar,Sarr,P.M.Sarr,Spurs,MID,10,593,90,0,0,0,1,0,0,0,0,0,0,0,15,23.0,23.3,4.0,5.0,7,5,3,15,1,0.00,0.03,0.03,3.68,4,False
Yang,Min-hyeok,Min-hyeok,Spurs,MID,10,594,0,0,0,0,0,0,0,0,0,0,0,0,0,0.0,0.0,0.0,0.0,0,0,0,0,0,0.00,0.00,0.00,0.00,0,False
Callum,Olusesi,Olusesi,Spurs,MID,10,595,0,0,0,0,0,0,0,0,0,0,0,0,0,0.0,0.0,0.0,0.0,0,0,0,0,0,0.00,0.00,0.00,0.00,0,False
Dominic,Solanke-Mitchell,Solanke,Spurs,FWD,10,596,0,0,0,0,0,0,0,0,0,0,0,0,0,0.0,0.0,0.0,0.0,0,0,0,0,0,0.00,0.00,0.00,0.00,0,False
Richarlison,de Andrade,Richarlison,Spurs,FWD,10,597,30,0,0,0,0,0,0,0,0,0,0,0,4,0.0,0.3,2.0,0.2,0,1,0,1,0,0.00,0.00,0.00,1.42,1,False
Will,Lankshear,Lankshear,Spurs,FWD,10,598,0,0,0,0,0,0,0,0,0,0,0,0,0,0.0,0.0,0.0,0.0,0,0,0,0,0,0.00,0.00,0.00,0.00,0,False
Dane,Scarlett,Scarlett,Spurs,FWD,10,599,0,0,0,0,0,0,0,0,0,0,0,0,0,0.0,0.0,0.0,0.0,0,0,0,0,0,0.00,0.00,0.00,0.00,0,False
Alphonse,Areola,Areola,West Ham,GKP,10,600,90,0,0,0,1,0,0,0,0,0,3,0,13,21.6,0.0,0.0,2.2,2,8,0,0,1,0.00,0.00,0.00,0.52,3,False
Wes,Foderingham,Foderingham,West Ham,GKP,10,601,0,0,0,0,0,0,0,0,0,0,0,0,0,0.0,0.0,0.0,0.0,0,0,0,0,0,0.00,0.00,0.00,0.00,0,False
Krisztián,Hegyi,Hegyi,West Ham,GKP,10,602,0,0,0,0,0,0,0,0,0,0,0,0,0,0.0,0.0,0.0,0.0,0,0,0,0,0,0.00,0.00,0.00,0.00,0,False
El Hadji Malick,Diouf,Diouf,West Ham,DEF,10,603,90,0,0,0,1,0,0,0,0,0,0,0,17,22.6,6.0,0.0,2.9,2,8,6,8,1,0.00,0.01,0.01,0.52,2,False
Emerson,Palmieri dos Santos,Emerson,West Ham,DEF,10,604,0,0,0,0,0,0,0,0,0,0,0,0,0,0.0,0.0,0.0,0.0,0,0,0,0,0,0.00,0.00,0.00,0.00,0,False
Maximilian,Kilman,Kilman,West Ham,DEF,10,605,90,0,0,0,1,0,0,0,0,0,0,0,10,24.2,10.8,24.0,5.9,7,1,1,8,1,0.09,0.01,0.10,0.52,2,False
Konstantinos,Mavropanos,Mavropanos,West Ham,DEF,10,606,0,0,0,0,0,0,0,0,0,0,0,0,0,0.0,0.0,0.0,0.0,0,0,0,0,0,0.00,0.00,0.00,0.00,0,False
Nayef,Aguerd,N.Aguerd,West Ham,DEF,10,607,0,0,0,0,0,0,0,0,0,0,0,0,0,0.0,0.0,0.0,0.0,0,0,0,0,0,0.00,0.00,0.00,0.00,0,False
Ollie,Scarles,Scarles,West Ham,DEF,10,608,0,0,0,0,0,0,0,0,0,0,0,0,0,0.0,0.0,0.0,0.0,0,0,0,0,0,0.00,0.00,0.00,0.00,0,False
Jean-Clair,Todibo,Todibo,West Ham,DEF,10,609,90,0,0,0,1,0,0,0,0,0,0,0,9,26.0,0.6,0.0,2.7,10,2,3,13,1,0.00,0.01,0.01,0.52,4,False
Aaron,Wan-Bissaka,Wan-Bissaka,West Ham,DEF,10,610,90,0,1,0,1,0,0,0,0,0,0,0,17,21.0,5.1,0.0,2.6,10,3,1,11,1,0.00,0.02,0.02,0.52,7,False
Kaelan,Casey,Casey,West Ham,DEF,10,611,0,0,0,0,0,0,0,0,0,0,0,0,0,0.0,0.0,0.0,0.0,0,0,0,0,0,0.00,0.00,0.00,0.00,0,False
Lucas,Tolentino Coelho de Lima,L.Paquetá,West Ham,MID,10,612,90,1,0,0,1,0,0,0,1,0,0,3,42,57.2,22.0,16.0,9.5,3,4,3,10,1,0.08,0.06,0.14,0.52,9,False
Tomáš,Souček,Souček,West Ham,MID,10,613,29,1,0,0,0,0,0,0,0,0,0,0,21,35.0,0.0,66.0,10.1,0,1,0,1,0,0.99,0.00,0.99,0.22,6,False
James,Ward-Prowse,Ward-Prowse,West Ham,MID,10,614,0,0,0,0,0,0,0,0,0,0,0,0,0,0.0,0.0,0.0,0.0,0,0,0,0,0,0.00,0.00,0.00,0.00,0,False
Crysencio,Summerville,Summerville,West Ham,MID,10,615,78,0,0,0,1,0,0,0,0,0,0,0,15,12.0,13.6,19.0,4.5,5,3,2,10,1,0.21,0.02,0.23,0.44,2,False
Edson,Álvarez Velázquez,Álvarez,West Ham,MID,10,616,0,0,0,0,0,0,0,0,0,0,0,0,0,0.0,0.0,0.0,0.0,0,0,0,0,0,0.00,0.00,0.00,0.00,0,False
Maxwel,Cornet,Cornet,West Ham,MID,10,617,0,0,0,0,0,0,0,0,0,0,0,0,0,0.0,0.0,0.0,0.0,0,0,0,0,0,0.00,0.00,0.00,0.00,0,False
Guido,Rodríguez,G.Rodriguez,West Ham,MID,10,618,0,0,0,0,0,0,0,0,0,0,0,0,0,0.0,0.0,0.0,0.0,0,0,0,0,0,0.00,0.00,0.00,0.00,0,False
Luis Guilherme,Lira dos Santos,L.Guilherme,West Ham,MID,10,619,0,0,0,0,0,0,0,0,0,0,0,0,0,0.0,0.0,0.0,0.0,0,0,0,0,0,0.00,0.00,0.00,0.00,0,False
George,Earthy,Earthy,West Ham,MID,10,620,0,0,0,0,0,0,0,0,0,0,0,0,0,0.0,0.0,0.0,0.0,0,0,0,0,0,0.00,0.00,0.00,0.00,0,False
Andy,Irving,Irving,West Ham,MID,10,621,0,0,0,0,0,0,0,0,0,0,0,0,0,0.0,0.0,0.0,0.0,0,0,0,0,0,0.00,0.00,0.00,0.00,0,False
Lewis,Orford,Orford,West Ham,MID,10,622,0,0,0,0,0,0,0,0,0,0,0,0,0,0.0,0.0,0.0,0.0,0,0,0,0,0,0.00,0.00,0.00,0.00,0,False
Freddie,Potts,Potts,West Ham,MID,10,623,90,0,0,0,1,0,0,0,0,0,0,0,18,21.4,31.0,0.0,5.2,7,1,3,11,1,0.00,0.04,0.04,0.52,2,False
Jarrod,Bowen,Bowen,West Ham,FWD,10,624,90,0,0,0,1,0,0,0,0,0,0,0,10,11.0,27.8,42.0,8.1,1,7,0,8,1,0.28,0.09,0.37,0.52,2,False
Niclas,Füllkrug,Füllkrug,West Ham,FWD,10,625,0,0,0,0,0,0,0,0,0,0,0,0,0,0.0,0.0,0.0,0.0,0,0,0,0,0,0.00,0.00,0.00,0.00,0,False
Callum,Marshall,Marshall,West Ham,FWD,10,626,0,0,0,0,0,0,0,0,0,0,0,0,0,0.0,0.0,0.0,0.0,0,0,0,0,0,0.00,0.00,0.00,0.00,0,False
Sam,Johnstone,Johnstone,Wolves,GKP,10,627,90,0,0,0,3,0,0,0,0,0,4,0,6,28.2,0.0,0.0,2.8,0,8,0,0,1,0.00,0.00,0.00,1.39,2,False
José,Malheiro de Sá,José Sá,Wolves,GKP,10,628,0,0,0,0,0,0,0,0,0,0,0,0,0,0.0,0.0,0.0,0.0,0,0,0,0,0,0.00,0.00,0.00,0.00,0,False
Daniel,Bentley,Bentley,Wolves,GKP,10,629,0,0,0,0,0,0,0,0,0,0,0,0,0,0.0,0.0,0.0,0.0,0,0,0,0,0,0.00,0.00,0.00,0.00,0,False
Tom,King,King,Everton,GKP,10,630,0,0,0,0,0,0,0,0,0,0,0,0,0,0.0,0.0,0.0,0.0,0,0,0,0,0,0.00,0.00,0.00,0.00,0,False
Emmanuel,Agbadou,Agbadou,Wolves,DEF,10,631,35,0,0,0,3,0,0,0,0,1,0,0,-17,0.6,0.2,0.0,0.1,3,2,1,4,1,0.00,0.00,0.00,0.30,-3,False
Matt,Doherty,Doherty,Wolves,DEF,10,632,0,0,0,0,0,0,0,0,0,0,0,0,0,0.0,0.0,0.0,0.0,0,0,0,0,0,0.00,0.00,0.00,0.00,0,False
Hugo,Bueno López,H.Bueno,Wolves,DEF,10,633,90,0,0,0,3,0,0,0,0,0,0,0,-4,7.4,2.3,6.0,1.6,6,4,0,6,1,0.00,0.01,0.01,1.39,1,False
Yerson,Mosquera Valdelamar,Mosquera,Wolves,DEF,10,634,45,0,0,0,2,1,0,0,1,0,0,0,-11,0.0,0.2,0.0,0.0,1,3,1,2,0,0.00,0.00,0.00,1.09,-3,False
Rodrigo,Martins Gomes,R.Gomes,Wolves,DEF,10,635,0,0,0,0,0,0,0,0,0,0,0,0,0,0.0,0.0,0.0,0.0,0,0,0,0,0,0.00,0.00,0.00,0.00,0,False
Santiago,Ignacio Bueno,S.Bueno,Wolves,DEF,10,636,90,0,0,0,3,0,0,0,1,0,0,0,4,24.4,0.7,0.0,2.5,8,5,3,11,1,0.00,0.01,0.01,1.39,2,False
Toti,Gomes,Toti,Wolves,DEF,10,637,45,0,0,0,1,0,0,0,1,0,0,0,2,11.2,29.0,0.0,4.0,3,0,1,4,1,0.00,0.14,0.14,0.30,0,False
Ki-Jana,Hoever,Hoever,Wolves,DEF,10,638,45,0,0,0,1,0,0,0,0,0,0,0,10,14.4,19.1,2.0,3.6,3,0,2,5,1,0.00,0.01,0.01,0.30,1,False
Bastien,Meupiyou Menadjou,Meupiyou,Wolves,DEF,10,639,0,0,0,0,0,0,0,0,0,0,0,0,0,0.0,0.0,0.0,0.0,0,0,0,0,0,0.00,0.00,0.00,0.00,0,False
Pedro,Cardoso de Lima,Pedro Lima,Wolves,DEF,10,640,0,0,0,0,0,0,0,0,0,0,0,0,0,0.0,0.0,0.0,0.0,0,0,0,0,0,0.00,0.00,0.00,0.00,0,False
Alfie,Pond,Pond,Wolves,DEF,10,641,0,0,0,0,0,0,0,0,0,0,0,0,0,0.0,0.0,0.0,0.0,0,0,0,0,0,0.00,0.00,0.00,0.00,0,False
Hwang,Hee-chan,Hee Chan,Wolves,MID,10,642,0,0,0,0,0,0,0,0,0,0,0,0,0,0.0,0.0,0.0,0.0,0,0,0,0,0,0.00,0.00,0.00,0.00,0,False
André,Trindade da Costa Neto,André,Wolves,MID,10,643,14,0,0,0,0,0,0,0,0,0,0,0,6,2.6,1.3,0.0,0.4,0,1,1,2,0,0.00,0.00,0.00,0.66,1,False
Jean-Ricner,Bellegarde,Bellegarde,Wolves,MID,10,644,63,0,0,0,2,0,0,0,0,0,0,0,11,10.0,1.9,20.0,3.2,4,1,1,6,1,0.08,0.08,0.16,0.64,2,False
Fer,López González,Fer López,Wolves,MID,10,645,0,0,0,0,0,0,0,0,0,0,0,0,0,0.0,0.0,0.0,0.0,0,0,0,0,0,0.00,0.00,0.00,0.00,0,False
João Victor,Gomes da Silva,Gomes,Wolves,MID,10,646,45,0,0,0,2,0,0,0,0,0,0,0,4,10.6,0.9,0.0,1.2,3,2,1,6,0,0.00,0.01,0.01,1.09,1,False
Gonçalo Manuel,Ganchinho Guedes,Guedes,Wolves,MID,10,647,0,0,0,0,0,0,0,0,0,0,0,0,0,0.0,0.0,0.0,0.0,0,0,0,0,0,0.00,0.00,0.00,0.00,0,False
Marshall,Munetsi,Munetsi,Wolves,MID,10,648,90,0,0,0,3,0,0,0,0,0,0,0,17,16.4,2.4,10.0,2.9,7,3,3,13,1,0.02,0.02,0.04,1.39,4,False
Boubacar,Traoré,B.Traore,Wolves,MID,10,649,0,0,0,0,0,0,0,0,0,0,0,0,0,0.0,0.0,0.0,0.0,0,0,0,0,0,0.00,0.00,0.00,0.00,0,False
Tawanda,Chirewa,Chirewa,Wolves,MID,10,650,0,0,0,0,0,0,0,0,0,0,0,0,0,0.0,0.0,0.0,0.0,0,0,0,0,0,0.00,0.00,0.00,0.00,0,False
Tom,Edozie,Edozie,Wolves,MID,10,651,0,0,0,0,0,0,0,0,0,0,0,0,0,0.0,0.0,0.0,0.0,0,0,0,0,0,0.00,0.00,0.00,0.00,0,False
Enso,González Medina,Gonzalez,Wolves,MID,10,652,0,0,0,0,0,0,0,0,0,0,0,0,0,0.0,0.0,0.0,0.0,0,0,0,0,0,0.00,0.00,0.00,0.00,0,False
Joe,Hodge,Hodge,Wolves,MID,10,653,0,0,0,0,0,0,0,0,0,0,0,0,0,0.0,0.0,0.0,0.0,0,0,0,0,0,0.00,0.00,0.00,0.00,0,False
Jørgen,Strand Larsen,Strand Larsen,Wolves,FWD,10,654,75,0,0,0,3,0,0,0,0,0,0,0,3,0.6,10.9,8.0,2.0,0,2,0,2,1,0.00,0.01,0.01,0.72,2,False
Fábio,Soares Silva,Fábio Silva,Wolves,FWD,10,655,0,0,0,0,0,0,0,0,0,0,0,0,0,0.0,0.0,0.0,0.0,0,0,0,0,0,0.00,0.00,0.00,0.00,0,False
Saša,Kalajdžić,Kalajdžić,Wolves,FWD,10,656,0,0,0,0,0,0,0,0,0,0,0,0,0,0.0,0.0,0.0,0.0,0,0,0,0,0,0.00,0.00,0.00,0.00,0,False
Leon,Chiwome,Chiwome,Wolves,FWD,10,657,0,0,0,0,0,0,0,0,0,0,0,0,0,0.0,0.0,0.0,0.0,0,0,0,0,0,0.00,0.00,0.00,0.00,0,False
Nathan,Fraser,Fraser,Wolves,FWD,10,658,0,0,0,0,0,0,0,0,0,0,0,0,0,0.0,0.0,0.0,0.0,0,0,0,0,0,0.00,0.00,0.00,0.00,0,False
Kyle,Walker-Peters,Walker-Peters,West Ham,DEF,10,659,11,0,0,0,0,0,0,0,0,0,0,0,3,1.0,0.5,2.0,0.4,1,1,0,1,0,0.00,0.00,0.00,0.08,1,False
Anton,Stach,Stach,Leeds,MID,10,660,30,0,0,0,2,0,0,0,0,0,0,0,8,9.2,3.7,19.0,3.2,2,1,0,3,0,0.09,0.01,0.10,1.38,1,False
Hugo,Ekitiké,Ekitiké,Liverpool,FWD,10,661,76,0,0,1,0,0,0,0,0,0,0,0,2,0.0,4.8,4.0,0.5,1,0,0,1,1,0.00,0.05,0.05,0.30,2,False
Cristhian,Mosquera,Mosquera,Arsenal,DEF,10,662,0,0,0,0,0,0,0,0,0,0,0,0,0,0.0,0.0,0.0,0.0,0,0,0,0,0,0.00,0.00,0.00,0.00,0,False
Jhon,Arias,J.Arias,Wolves,MID,10,663,45,0,0,0,1,0,0,0,0,0,0,0,6,3.6,2.1,0.0,0.6,0,3,2,5,1,0.00,0.01,0.01,0.30,1,False
Benjamin,Lecomte,Lecomte,Fulham,GKP,10,664,0,0,0,0,0,0,0,0,0,0,0,0,0,0.0,0.0,0.0,0.0,0,0,0,0,0,0.00,0.00,0.00,0.00,0,False
Lucas Estella,Perri,Perri,Leeds,GKP,10,665,90,0,0,0,3,0,0,0,0,0,4,0,9,35.8,0.0,0.0,3.6,0,5,0,0,1,0.00,0.00,0.00,3.07,2,False
Viktor,Gyökeres,Gyökeres,Arsenal,FWD,10,666,45,1,0,0,0,0,0,0,0,0,0,2,39,37.0,33.5,37.0,10.8,0,2,0,2,1,0.87,0.17,1.04,0.00,7,False
Adam,Aznou,Aznou,Everton,DEF,10,667,0,0,0,0,0,0,0,0,0,0,0,0,0,0.0,0.0,0.0,0.0,0,0,0,0,0,0.00,0.00,0.00,0.00,0,False
Granit,Xhaka,Xhaka,Sunderland,MID,10,668,90,1,0,0,1,0,0,0,0,0,0,3,48,57.0,64.2,7.0,12.8,1,6,3,10,1,0.04,0.32,0.36,0.86,10,False
Dan,Ndoye,Ndoye,Nott'm Forest,MID,10,669,90,0,0,0,2,0,0,0,1,0,0,0,2,7.2,3.7,9.0,2.0,1,1,3,5,1,0.02,0.05,0.07,1.12,1,False
Robin,Roefs,Roefs,Sunderland,GKP,10,670,90,0,0,0,1,0,0,0,0,0,1,0,9,9.0,0.0,0.0,0.9,0,12,0,0,1,0.00,0.00,0.00,0.86,2,False
Callum,Wilson,Wilson,West Ham,FWD,10,671,60,0,0,0,1,0,0,0,0,0,0,0,6,2.2,1.3,17.0,2.1,0,2,0,2,1,0.03,0.00,0.03,0.30,2,False
Jorrel,Hato,Hato,Chelsea,DEF,10,672,0,0,0,0,0,0,0,0,0,0,0,0,0,0.0,0.0,0.0,0.0,0,0,0,0,0,0.00,0.00,0.00,0.00,0,False
João Maria,Lobo Alves Palhares Costa Palhinha Gonçalves,J.Palhinha,Spurs,MID,10,673,90,0,0,0,1,0,0,0,0,0,0,0,16,14.2,2.1,0.0,1.6,3,8,5,16,1,0.00,0.00,0.00,3.68,4,False
Aaron,Ramsdale,Ramsdale,Newcastle,GKP,10,674,0,0,0,0,0,0,0,0,0,0,0,0,0,0.0,0.0,0.0,0.0,0,0,0,0,0,0.00,0.00,0.00,0.00,0,False
Angus,Gunn,Gunn,Nott'm Forest,GKP,10,675,0,0,0,0,0,0,0,0,0,0,0,0,0,0.0,0.0,0.0,0.0,0,0,0,0,0,0.00,0.00,0.00,0.00,0,False
Lesley,Ugochukwu,Ugochukwu,Burnley,MID,10,676,61,0,0,0,2,0,0,0,0,0,0,0,5,0.8,3.0,2.0,0.6,0,2,1,3,1,0.00,0.01,0.01,2.30,2,False
Evann,Guessand,Guessand,Aston Villa,MID,10,677,58,0,0,0,2,0,0,0,0,0,0,0,-1,0.0,0.1,11.0,0.9,1,3,0,4,1,0.06,0.00,0.06,1.03,1,False
Arthur,Masuaku,Masuaku,Sunderland,DEF,10,678,0,0,0,0,0,0,0,0,0,0,0,0,0,0.0,0.0,0.0,0.0,0,0,0,0,0,0.00,0.00,0.00,0.00,0,False
Mads,Hermansen,Hermansen,West Ham,GKP,10,679,0,0,0,0,0,0,0,0,0,0,0,0,0,0.0,0.0,0.0,0.0,0,0,0,0,0,0.00,0.00,0.00,0.00,0,False
Armando,Broja,Broja,Burnley,FWD,10,680,14,0,0,0,0,0,0,0,0,0,0,0,3,0.0,0.0,2.0,0.2,0,0,0,0,0,0.00,0.00,0.00,0.09,1,False
Benjamin,Sesko,Šeško,Man Utd,FWD,10,681,90,0,0,0,2,0,0,0,0,0,0,0,4,0.0,4.1,10.0,1.3,1,0,0,1,1,0.16,0.00,0.16,1.93,2,False
David,Møller Wolfe,Møller Wolfe,Wolves,DEF,10,682,0,0,0,0,0,0,0,0,0,0,0,0,0,0.0,0.0,0.0,0.0,0,0,0,0,0,0.00,0.00,0.00,0.00,0,False
Omar,Alderete,Alderete,Sunderland,DEF,10,683,0,0,0,0,0,0,0,0,0,0,0,0,0,0.0,0.0,0.0,0.0,0,0,0,0,0,0.00,0.00,0.00,0.00,0,False
Malick,Thiaw,Thiaw,Newcastle,DEF,10,684,90,0,0,0,3,0,0,0,0,0,0,0,5,26.2,4.6,2.0,3.3,5,4,2,7,1,0.00,0.04,0.04,1.75,1,False
Bafodé,Diakité,Diakité,Bournemouth,DEF,10,685,90,0,0,0,3,0,0,0,0,0,0,0,5,18.6,0.5,0.0,1.9,4,2,3,7,1,0.00,0.01,0.01,2.22,1,False
Rio,Ngumoha,Ngumoha,Liverpool,MID,10,686,0,0,0,0,0,0,0,0,0,0,0,0,0,0.0,0.0,0.0,0.0,0,0,0,0,0,0.00,0.00,0.00,0.00,0,False
Remy,Rees-Dottin,Rees-Dottin,Bournemouth,MID,10,687,0,0,0,0,0,0,0,0,0,0,0,0,0,0.0,0.0,0.0,0.0,0,0,0,0,0,0.00,0.00,0.00,0.00,0,False
James,Wright,Wright,Aston Villa,GKP,10,688,0,0,0,0,0,0,0,0,0,0,0,0,0,0.0,0.0,0.0,0.0,0,0,0,0,0,0.00,0.00,0.00,0.00,0,False
Seung-Soo,Park,Seung soo,Newcastle,MID,10,689,0,0,0,0,0,0,0,0,0,0,0,0,0,0.0,0.0,0.0,0.0,0,0,0,0,0,0.00,0.00,0.00,0.00,0,False
Rio,Cardines,Cardines,Crystal Palace,MID,10,690,0,0,0,0,0,0,0,0,0,0,0,0,0,0.0,0.0,0.0,0.0,0,0,0,0,0,0.00,0.00,0.00,0.00,0,False
Dominic,Calvert-Lewin,Calvert-Lewin,Leeds,FWD,10,691,64,0,0,0,2,0,0,0,0,0,0,0,4,0.0,1.8,3.0,0.3,0,1,0,1,1,0.03,0.00,0.03,2.57,2,False
Giovanni,Leoni,Leoni,Liverpool,DEF,10,692,0,0,0,0,0,0,0,0,0,0,0,0,0,0.0,0.0,0.0,0.0,0,0,0,0,0,0.00,0.00,0.00,0.00,0,False
Omari,Hutchinson,Hutchinson,Nott'm Forest,MID,10,693,0,0,0,0,0,0,0,0,0,0,0,0,0,0.0,0.0,0.0,0.0,0,0,0,0,0,0.00,0.00,0.00,0.00,0,False
Nordi,Mukiele,Mukiele,Sunderland,DEF,10,694,90,0,0,0,1,0,0,0,1,0,0,0,2,10.4,16.3,9.0,3.6,4,2,0,4,1,0.14,0.33,0.47,0.86,1,False
Jackson,Tchatchoua,Tchatchoua,Wolves,DEF,10,695,45,0,0,0,2,0,0,0,0,0,0,0,-5,14.4,0.0,0.0,1.4,5,0,0,5,0,0.00,0.00,0.00,1.09,0,False
Arnaud,Kalimuendo,Kalimuendo,Nott'm Forest,FWD,10,696,0,0,0,0,0,0,0,0,0,0,0,0,0,0.0,0.0,0.0,0.0,0,0,0,0,0,0.00,0.00,0.00,0.00,0,False
Amine,Adli,Adli,Bournemouth,MID,10,697,0,0,0,0,0,0,0,0,0,0,0,0,0,0.0,0.0,0.0,0.0,0,0,0,0,0,0.00,0.00,0.00,0.00,0,False
Noah,Okafor,Okafor,Leeds,MID,10,698,76,0,0,0,3,0,0,0,0,0,0,0,10,9.8,1.2,6.0,1.7,1,1,3,5,1,0.00,0.01,0.01,2.94,2,False
Douglas Luiz,Soares de Paulo,Douglas Luiz,Nott'm Forest,MID,10,699,13,0,0,0,0,0,0,0,0,0,0,0,4,3.6,14.1,0.0,1.8,0,2,0,2,1,0.00,0.24,0.24,0.10,1,False
Max,Dowman,Dowman,Arsenal,MID,10,700,0,0,0,0,0,0,0,0,0,0,0,0,0,0.0,0.0,0.0,0.0,0,0,0,0,0,0.00,0.00,0.00,0.00,0,False
Triston,Rowe,Rowe,Aston Villa,DEF,10,701,0,0,0,0,0,0,0,0,0,0,0,0,0,0.0,0.0,0.0,0.0,0,0,0,0,0,0.00,0.00,0.00,0.00,0,False
Bradley,Burrowes,Burrowes,Aston Villa,MID,10,702,0,0,0,0,0,0,0,0,0,0,0,0,0,0.0,0.0,0.0,0.0,0,0,0,0,0,0.00,0.00,0.00,0.00,0,False
Sam,Proctor,Proctor,Aston Villa,GKP,10,703,0,0,0,0,0,0,0,0,0,0,0,0,0,0.0,0.0,0.0,0.0,0,0,0,0,0,0.00,0.00,0.00,0.00,0,False
Tyler,Onyango,Onyango,Everton,MID,10,704,0,0,0,0,0,0,0,0,0,0,0,0,0,0.0,0.0,0.0,0.0,0,0,0,0,0,0.00,0.00,0.00,0.00,0,False
Elijah,Campbell,Campbell,Everton,DEF,10,705,0,0,0,0,0,0,0,0,0,0,0,0,0,0.0,0.0,0.0,0.0,0,0,0,0,0,0.00,0.00,0.00,0.00,0,False
James,Justin,Justin,Leeds,DEF,10,706,13,0,0,0,0,0,0,0,0,0,0,0,4,0.4,0.0,0.0,0.0,0,0,0,0,0,0.00,0.00,0.00,0.13,1,False
Tyler,Dibling,Dibling,Everton,MID,10,707,0,0,0,0,0,0,0,0,0,0,0,0,0,0.0,0.0,0.0,0.0,0,0,0,0,0,0.00,0.00,0.00,0.00,0,False
Mateus Gonçalo,Espanha Fernandes,M.Fernandes,West Ham,MID,10,708,84,0,1,0,1,0,0,0,0,0,0,2,26,30.8,40.7,5.0,7.7,2,4,2,8,1,0.24,0.07,0.31,0.44,7,False
Ladislav,Krejcí,Krejčí,Wolves,DEF,10,709,90,0,0,0,3,0,0,0,0,0,0,0,1,21.8,1.7,19.0,4.3,6,3,1,7,1,0.07,0.02,0.09,1.39,1,False
Travis,Patterson,Patterson,Aston Villa,DEF,10,710,0,0,0,0,0,0,0,0,0,0,0,0,0,0.0,0.0,0.0,0.0,0,0,0,0,0,0.00,0.00,0.00,0.00,0,False
Andre,Harriman-Annous,Harriman-Annous,Arsenal,MID,10,711,0,0,0,0,0,0,0,0,0,0,0,0,0,0.0,0.0,0.0,0.0,0,0,0,0,0,0.00,0.00,0.00,0.00,0,False
Yéremy,Pino Santos,Yeremy,Crystal Palace,MID,10,712,77,0,0,1,0,0,0,0,0,0,0,0,7,6.2,3.6,6.0,1.6,1,5,1,7,1,0.10,0.02,0.12,0.53,3,False
Álex,Jiménez Sánchez,A.Jimenez,Bournemouth,DEF,10,713,61,0,0,0,3,0,0,0,0,0,0,0,16,15.2,1.5,0.0,1.7,2,4,3,5,1,0.00,0.01,0.01,1.91,1,False
Nick,Woltemade,Woltemade,Newcastle,FWD,10,714,45,0,0,0,2,0,0,0,0,0,0,0,1,1.2,11.3,2.0,1.5,0,0,0,0,1,0.00,0.04,0.04,0.25,1,False
John Victor,Maciel Furtado,John,Nott'm Forest,GKP,10,715,0,0,0,0,0,0,0,0,0,0,0,0,0,0.0,0.0,0.0,0.0,0,0,0,0,0,0.00,0.00,0.00,0.00,0,False
Nicolò,Savona,Savona,Nott'm Forest,DEF,10,716,90,1,0,0,2,0,0,0,0,0,0,0,18,45.4,2.3,37.0,8.5,3,2,4,7,1,0.78,0.01,0.79,1.12,7,False
Xavi,Simons,Xavi,Spurs,MID,10,717,65,0,0,0,1,0,0,0,1,0,0,0,8,11.0,5.3,2.0,1.8,1,8,4,13,0,0.00,0.01,0.01,2.26,3,False
Soungoutou,Magassa,S.Magassa,West Ham,MID,10,718,0,0,0,0,0,0,0,0,0,0,0,0,0,0.0,0.0,0.0,0.0,0,0,0,0,0,0.00,0.00,0.00,0.00,0,False
Victor,Lindelöf,Lindelöf,Aston Villa,DEF,10,719,0,0,0,0,0,0,0,0,0,0,0,0,0,0.0,0.0,0.0,0.0,0,0,0,0,0,0.00,0.00,0.00,0.00,0,False
Tolu,Arokodare,Tolu,Wolves,FWD,10,720,26,0,0,0,1,0,0,0,0,0,0,0,4,1.0,0.3,4.0,0.5,0,1,0,1,0,0.07,0.00,0.07,0.74,1,False
Veljko,Milosavljevic,Milosavljević,Bournemouth,DEF,10,721,0,0,0,0,0,0,0,0,0,0,0,0,0,0.0,0.0,0.0,0.0,0,0,0,0,0,0.00,0.00,0.00,0.00,0,False
Florentino Ibrain,Morris Luís,Florentino,Burnley,MID,10,722,90,0,0,0,2,0,0,0,0,0,0,0,12,12.2,6.3,7.0,2.6,3,2,3,8,1,0.34,0.01,0.35,2.42,2,False
Jaydee,Canvot,Canvot,Crystal Palace,DEF,10,723,1,0,0,0,0,0,0,0,0,0,0,0,3,0.4,0.1,0.0,0.1,0,0,0,0,0,0.00,0.00,0.00,0.00,1,False
Lutsharel,Geertruida,Geertruida,Sunderland,DEF,10,724,90,0,0,0,1,0,0,0,0,0,0,0,16,22.0,2.5,1.0,2.6,5,7,2,7,1,0.03,0.02,0.05,0.86,2,False
Piero,Hincapié,Hincapie,Arsenal,DEF,10,725,18,0,0,0,0,0,0,0,0,0,0,0,3,0.8,0.3,0.0,0.1,0,0,0,0,0,0.00,0.00,0.00,0.40,1,False
Randal,Kolo Muani,Kolo Muani,Spurs,FWD,10,726,72,0,0,0,1,0,0,0,0,0,0,0,10,5.2,10.8,0.0,1.6,0,1,2,3,1,0.00,0.02,0.02,2.26,2,False
Samuel,Chukwueze,Chukwueze,Fulham,MID,10,727,13,0,0,0,0,0,0,0,0,0,0,0,-1,0.2,0.5,23.0,2.4,0,0,0,0,0,0.42,0.05,0.47,0.07,1,False
Merlin,Röhl,Röhl,Everton,MID,10,728,0,0,0,0,0,0,0,0,0,0,0,0,0,0.0,0.0,0.0,0.0,0,0,0,0,0,0.00,0.00,0.00,0.00,0,False
Luis Eduardo,Soares da Silva,Cuiabano,Nott'm Forest,DEF,10,729,0,0,0,0,0,0,0,0,0,0,0,0,0,0.0,0.0,0.0,0.0,0,0,0,0,0,0.00,0.00,0.00,0.00,0,False
Brian,Brobbey,Brobbey,Sunderland,FWD,10,730,7,0,0,0,0,0,0,0,0,0,0,0,2,0.0,0.0,0.0,0.0,0,0,0,0,0,0.00,0.00,0.00,0.02,1,False
Kevin,Santos Lopes de Macedo,Kevin,Fulham,MID,10,731,71,0,0,1,0,0,0,0,0,0,0,0,6,9.4,3.2,10.0,2.3,1,0,1,2,1,0.00,0.01,0.01,0.17,3,False
Christantus,Uche,Uche,Crystal Palace,FWD,10,732,0,0,0,0,0,0,0,0,0,0,0,0,0,0.0,0.0,0.0,0.0,0,0,0,0,0,0.00,0.00,0.00,0.00,0,False
Senne,Lammens,Lammens,Man Utd,GKP,10,733,90,0,0,0,2,0,0,0,0,0,1,0,1,8.6,0.0,0.0,0.9,1,5,0,0,1,0.00,0.00,0.00,1.93,1,False
Dilane,Bakwa,Bakwa,Nott'm Forest,MID,10,734,0,0,0,0,0,0,0,0,0,0,0,0,0,0.0,0.0,0.0,0.0,0,0,0,0,0,0.00,0.00,0.00,0.00,0,False
Bertrand,Traoré,Traoré,Sunderland,MID,10,735,81,0,0,0,1,0,0,0,0,0,0,0,9,10.4,13.4,19.0,4.3,1,3,1,5,1,0.06,0.02,0.08,0.84,2,False
Gianluigi,Donnarumma,Donnarumma,Man City,GKP,10,736,90,0,0,0,1,0,0,0,1,0,4,0,10,18.6,0.0,0.0,1.9,3,10,0,0,1,0.00,0.00,0.00,0.72,2,False
Jonah,Kusi-Asare,Kusi-Asare,Fulham,FWD,10,737,0,0,0,0,0,0,0,0,0,0,0,0,0,0.0,0.0,0.0,0.0,0,0,0,0,0,0.00,0.00,0.00,0.00,0,False
Lukasz,Fabianski,Fabianski,West Ham,GKP,10,738,0,0,0,0,0,0,0,0,0,0,0,0,0,0.0,0.0,0.0,0.0,0,0,0,0,0,0.00,0.00,0.00,0.00,0,False
Divine,Mukasa,Mukasa,Man City,MID,10,739,0,0,0,0,0,0,0,0,0,0,0,0,0,0.0,0.0,0.0,0.0,0,0,0,0,0,0.00,0.00,0.00,0.00,0,False
Stephen,Mfuni,Mfuni,Man City,DEF,10,740,0,0,0,0,0,0,0,0,0,0,0,0,0,0.0,0.0,0.0,0.0,0,0,0,0,0,0.00,0.00,0.00,0.00,0,False
Harry,Gray,Gray,Leeds,FWD,10,741,0,0,0,0,0,0,0,0,0,0,0,0,0,0.0,0.0,0.0,0.0,0,0,0,0,0,0.00,0.00,0.00,0.00,0,False
Ryan,McAidoo,McAidoo,Man City,MID,10,742,0,0,0,0,0,0,0,0,0,0,0,0,0,0.0,0.0,0.0,0.0,0,0,0,0,0,0.00,0.00,0.00,0.00,0,False
Landon,Emenalo,Emenalo,Chelsea,MID,10,743,0,0,0,0,0,0,0,0,0,0,0,0,0,0.0,0.0,0.0,0.0,0,0,0,0,0,0.00,0.00,0.00,0.00,0,False
Nehemiah,Oriola,Oriola,Brighton,MID,10,744,1,0,0,0,0,0,0,0,0,0,0,0,3,0.0,0.0,0.0,0.0,0,0,0,0,0,0.00,0.00,0.00,0.00,1,False
Jun'ai,Byfield,Byfield,Spurs,DEF,10,745,0,0,0,0,0,0,0,0,0,0,0,0,0,0.0,0.0,0.0,0.0,0,0,0,0,0,0.00,0.00,0.00,0.00,0,False
Kieran,Morrison,Morrison,Liverpool,MID,10,746,0,0,0,0,0,0,0,0,0,0,0,0,0,0.0,0.0,0.0,0.0,0,0,0,0,0,0.00,0.00,0.00,0.00,0,False
Ezra,Mayers,Mayers,West Ham,DEF,10,747,0,0,0,0,0,0,0,0,0,0,0,0,0,0.0,0.0,0.0,0.0,0,0,0,0,0,0.00,0.00,0.00,0.00,0,False
