minutes,goals_scored,assists,clean_sheets,goals_conceded,own_goals,penalties_saved,penalties_missed,yellow_cards,red_cards,saves,bonus,bps,influence,creativity,threat,ict_index,clearances_blocks_interceptions,recoveries,tackles,defensive_contribution,starts,expected_goals,expected_assists,expected_goal_involvements,expected_goals_conceded,total_points,in_dreamteam,element,Gameweek,season,name,team,opponent_team,was_home
90,0,0,1,0,0,0,0,0,0,2,1,30,21.6,10.1,0.0,3.2,1,12,0,0,1,0.00,0.00,0.00,0.19,7,False,1,25,2025-26,David Raya Martín,1,17,True
0,0,0,0,0,0,0,0,0,0,0,0,0,0.0,0.0,0.0,0.0,0,0,0,0,0,0.00,0.00,0.00,0.00,0,False,2,25,2025-26,Kepa Arrizabalaga Revuelta,1,17,True
0,0,0,0,0,0,0,0,0,0,0,0,0,0.0,0.0,0.0,0.0,0,0,0,0,0,0.00,0.00,0.00,0.00,0,False,3,25,2025-26,Karl Hein,1,17,True
0,0,0,0,0,0,0,0,0,0,0,0,0,0.0,0.0,0.0,0.0,0,0,0,0,0,0.00,0.00,0.00,0.00,0,False,4,25,2025-26,Tommy Setford,1,17,True
90,0,0,1,0,0,0,0,0,0,0,0,28,17.2,1.7,0.0,1.9,6,1,1,7,1,0.00,0.01,0.01,0.19,6,False,5,25,2025-26,Gabriel dos Santos Magalhães,1,17,True
90,0,0,1,0,0,0,0,1,0,0,0,28,20.4,6.4,0.0,2.7,10,4,1,11,1,0.00,0.02,0.02,0.19,7,False,6,25,2025-26,William Saliba,1,17,True
66,0,0,1,0,0,0,0,0,0,0,0,18,4.8,2.3,4.0,1.1,2,1,2,4,1,0.03,0.02,0.05,0.17,6,False,7,25,2025-26,Riccardo Calafiori,1,17,True
90,0,0,1,0,0,0,0,0,0,0,0,24,11.6,3.2,2.0,1.7,3,6,4,7,1,0.00,0.02,0.02,0.19,6,False,8,25,2025-26,Jurriën Timber,1,17,True
0,0,0,0,0,0,0,0,0,0,0,0,0,0.0,0.0,0.0,0.0,0,0,0,0,0,0.00,0.00,0.00,0.00,0,False,9,25,2025-26,Jakub Kiwior,1,17,True
0,0,0,0,0,0,0,0,0,0,0,0,0,0.0,0.0,0.0,0.0,0,0,0,0,0,0.00,0.00,0.00,0.00,0,False,10,25,2025-26,Myles Lewis-Skelly,1,17,True
0,0,0,0,0,0,0,0,0,0,0,0,0,0.0,0.0,0.0,0.0,0,0,0,0,0,0.00,0.00,0.00,0.00,0,False,11,25,2025-26,Benjamin White,1,17,True
0,0,0,0,0,0,0,0,0,0,0,0,0,0.0,0.0,0.0,0.0,0,0,0,0,0,0.00,0.00,0.00,0.00,0,False,12,25,2025-26,Oleksandr Zinchenko,16,11,False
0,0,0,0,0,0,0,0,0,0,0,0,0,0.0,0.0,0.0,0.0,0,0,0,0,0,0.00,0.00,0.00,0.00,0,False,13,25,2025-26,Brayden Clarke,1,17,True
0,0,0,0,0,0,0,0,0,0,0,0,0,0.0,0.0,0.0,0.0,0,0,0,0,0,0.00,0.00,0.00,0.00,0,False,14,25,2025-26,Maldini Kacurri,1,17,True
0,0,0,0,0,0,0,0,0,0,0,0,0,0.0,0.0,0.0,0.0,0,0,0,0,0,0.00,0.00,0.00,0.00,0,False,15,25,2025-26,Josh Nichols,1,17,True
0,0,0,0,0,0,0,0,0,0,0,0,0,0.0,0.0,0.0,0.0,0,0,0,0,0,0.00,0.00,0.00,0.00,0,False,16,25,2025-26,Bukayo Saka,1,17,True
0,0,0,0,0,0,0,0,0,0,0,0,0,0.0,0.0,0.0,0.0,0,0,0,0,0,0.00,0.00,0.00,0.00,0,False,17,25,2025-26,Martin Ødegaard,1,17,True
59,0,0,0,0,0,0,0,0,0,0,0,3,3.8,1.6,13.0,1.8,0,3,3,6,1,0.02,0.02,0.04,0.17,1,False,18,25,2025-26,Noni Madueke,1,17,True
30,0,1,0,0,0,0,0,0,0,0,0,20,26.2,13.5,25.0,6.5,1,1,1,3,0,0.04,0.26,0.30,0.02,4,False,19,25,2025-26,Gabriel Martinelli Silva,1,17,True
88,0,1,1,0,0,0,0,0,0,0,0,23,34.8,49.7,20.0,10.5,1,5,1,7,1,0.14,0.19,0.33,0.17,6,False,20,25,2025-26,Leandro Trossard,1,17,True
90,0,0,1,0,0,0,0,0,0,0,0,16,16.4,36.2,3.0,5.6,5,8,0,13,1,0.03,0.16,0.19,0.19,5,False,21,25,2025-26,Declan Rice,1,17,True
0,0,0,0,0,0,0,0,0,0,0,0,0,0.0,0.0,0.0,0.0,0,0,0,0,0,0.00,0.00,0.00,0.00,0,False,22,25,2025-26,Mikel Merino Zazón,1,17,True
0,0,0,0,0,0,0,0,0,0,0,0,0,0.0,0.0,0.0,0.0,0,0,0,0,0,0.00,0.00,0.00,0.00,0,False,23,25,2025-26,Fábio Ferreira Vieira,1,17,True
1,0,0,0,0,0,0,0,0,0,0,0,3,1.0,0.0,0.0,0.1,1,0,0,1,0,0.00,0.00,0.00,0.02,1,False,24,25,2025-26,Christian Nørgaard,1,17,True
0,0,0,0,0,0,0,0,0,0,0,0,0,0.0,0.0,0.0,0.0,0,0,0,0,0,0.00,0.00,0.00,0.00,0,False,25,25,2025-26,Ethan Nwaneri,1,17,True
90,1,0,1,0,0,0,0,0,0,0,2,39,41.4,5.7,9.0,5.6,4,5,0,9,1,0.03,0.04,0.07,0.19,10,False,26,25,2025-26,Martín Zubimendi Ibáñez,1,17,True
0,0,0,0,0,0,0,0,0,0,0,0,0,0.0,0.0,0.0,0.0,0,0,0,0,0,0.00,0.00,0.00,0.00,0,False,27,25,2025-26,Reiss Nelson,5,15,False
0,0,0,0,0,0,0,0,0,0,0,0,0,0.0,0.0,0.0,0.0,0,0,0,0,0,0.00,0.00,0.00,0.00,0,False,28,25,2025-26,Ismeal Kabia,1,17,True
0,0,0,0,0,0,0,0,0,0,0,0,0,0.0,0.0,0.0,0.0,0,0,0,0,0,0.00,0.00,0.00,0.00,0,False,29,25,2025-26,Albert Sambi Lokonga,1,17,True
66,0,1,1,0,0,0,0,0,0,0,0,25,21.6,21.1,18.0,6.1,2,0,1,3,1,0.21,0.04,0.25,0.17,5,False,30,25,2025-26,Kai Havertz,1,17,True
59,0,0,0,0,0,0,0,0,0,0,0,1,2.2,1.0,19.0,2.2,0,2,0,2,1,0.01,0.03,0.04,0.17,1,False,31,25,2025-26,Gabriel Fernando de Jesus,1,17,True
90,0,0,0,1,0,0,0,0,0,7,2,26,49.4,0.0,0.0,4.9,2,9,0,0,1,0.00,0.00,0.00,2.06,6,False,32,25,2025-26,Emiliano Martínez Romero,2,4,False
0,0,0,0,0,0,0,0,0,0,0,0,0,0.0,0.0,0.0,0.0,0,0,0,0,0,0.00,0.00,0.00,0.00,0,False,33,25,2025-26,Marco Bizot,2,4,False
0,0,0,0,0,0,0,0,0,0,0,0,0,0.0,0.0,0.0,0.0,0,0,0,0,0,0.00,0.00,0.00,0.00,0,False,34,25,2025-26,Joe Gauci,2,4,False
0,0,0,0,0,0,0,0,0,0,0,0,0,0.0,0.0,0.0,0.0,0,0,0,0,0,0.00,0.00,0.00,0.00,0,False,35,25,2025-26,Filip Marschall,2,4,False
90,0,0,0,1,0,0,0,0,0,0,0,5,13.0,0.9,21.0,3.5,2,1,2,4,1,0.04,0.00,0.04,2.06,2,False,36,25,2025-26,Matty Cash,2,4,False
85,0,0,0,1,0,0,0,0,0,0,0,14,17.6,6.1,0.0,2.4,6,9,5,11,1,0.00,0.02,0.02,1.71,4,False,37,25,2025-26,Lucas Digne,2,4,False
90,0,0,0,1,0,0,0,0,0,0,0,14,18.2,0.4,0.0,1.9,6,3,0,6,1,0.00,0.00,0.00,2.06,2,False,38,25,2025-26,Ezri Konsa Ngoyo,2,4,False
13,0,0,0,0,0,0,0,0,0,0,0,2,0.0,0.3,4.0,0.4,0,0,0,0,0,0.00,0.01,0.01,0.43,1,False,39,25,2025-26,Ian Maatsen,2,4,False
90,0,0,0,1,0,0,0,0,0,0,0,12,19.2,1.0,10.0,3.0,8,1,0,8,1,0.09,0.01,0.10,2.06,2,False,40,25,2025-26,Tyrone Mings,2,4,False
0,0,0,0,0,0,0,0,0,0,0,0,0,0.0,0.0,0.0,0.0,0,0,0,0,0,0.00,0.00,0.00,0.00,0,False,41,25,2025-26,Pau Torres,2,4,False
0,0,0,0,0,0,0,0,0,0,0,0,0,0.0,0.0,0.0,0.0,0,0,0,0,0,0.00,0.00,0.00,0.00,0,False,42,25,2025-26,Andrés García,2,4,False
0,0,0,0,0,0,0,0,0,0,0,0,0,0.0,0.0,0.0,0.0,0,0,0,0,0,0.00,0.00,0.00,0.00,0,False,43,25,2025-26,Álex Moreno Lopera,2,4,False
4,0,0,0,0,0,0,0,0,0,0,0,5,2.2,0.8,0.0,0.3,0,0,1,1,0,0.00,0.01,0.01,0.35,1,False,44,25,2025-26,Lamare Bogarde,2,4,False
0,0,0,0,0,0,0,0,0,0,0,0,0,0.0,0.0,0.0,0.0,0,0,0,0,0,0.00,0.00,0.00,0.00,0,False,45,25,2025-26,Lino da Cruz Sousa,2,4,False
0,0,0,0,0,0,0,0,0,0,0,0,0,0.0,0.0,0.0,0.0,0,0,0,0,0,0.00,0.00,0.00,0.00,0,False,46,25,2025-26,Yasin Özcan,2,4,False
90,1,0,0,1,0,0,0,0,0,0,3,36,46.8,27.1,25.0,9.9,5,4,2,11,1,0.12,0.08,0.20,2.06,10,False,47,25,2025-26,Morgan Rogers,2,4,False
0,0,0,0,0,0,0,0,0,0,0,0,0,0.0,0.0,0.0,0.0,0,0,0,0,0,0.00,0.00,0.00,0.00,0,False,48,25,2025-26,Youri Tielemans,2,4,False
24,0,0,0,0,0,0,0,0,0,0,0,5,5.2,0.3,0.0,0.6,1,0,1,2,0,0.00,0.00,0.00,0.43,1,False,49,25,2025-26,Leon Bailey,2,4,False
65,0,0,0,1,0,0,0,1,0,0,0,4,5.8,13.6,11.0,3.0,0,5,1,6,1,0.04,0.08,0.12,1.63,1,False,50,25,2025-26,Emiliano Buendía Stati,2,4,False
0,0,0,0,0,0,0,0,0,0,0,0,0,0.0,0.0,0.0,0.0,0,0,0,0,0,0.00,0.00,0.00,0.00,0,False,51,25,2025-26,Samuel Iling-Junior,2,4,False
3,0,0,0,0,0,0,0,0,0,0,0,4,2.4,0.6,0.0,0.3,0,0,1,1,0,0.00,0.00,0.00,0.14,1,False,52,25,2025-26,Jacob Ramsey,15,5,True
0,0,0,0,0,0,0,0,0,0,0,0,0,0.0,0.0,0.0,0.0,0,0,0,0,0,0.00,0.00,0.00,0.00,0,False,53,25,2025-26,Donyell Malen,2,4,False
0,0,0,0,0,0,0,0,0,0,0,0,0,0.0,0.0,0.0,0.0,0,0,0,0,0,0.00,0.00,0.00,0.00,0,False,54,25,2025-26,John McGinn,2,4,False
13,0,0,0,0,0,0,0,0,0,0,0,8,9.6,10.6,2.0,2.2,3,0,1,4,0,0.00,0.00,0.00,0.43,1,False,55,25,2025-26,Ross Barkley,2,4,False
0,0,0,0,0,0,0,0,0,0,0,0,0,0.0,0.0,0.0,0.0,0,0,0,0,0,0.00,0.00,0.00,0.00,0,False,56,25,2025-26,Enzo Barrenechea,2,4,False
0,0,0,0,0,0,0,0,0,0,0,0,0,0.0,0.0,0.0,0.0,0,0,0,0,0,0.00,0.00,0.00,0.00,0,False,57,25,2025-26,Lewis Dobbin,2,4,False
0,0,0,0,0,0,0,0,0,0,0,0,0,0.0,0.0,0.0,0.0,0,0,0,0,0,0.00,0.00,0.00,0.00,0,False,58,25,2025-26,Boubacar Kamara,2,4,False
90,0,0,0,1,0,0,0,0,0,0,0,17,34.2,3.8,2.0,4.0,12,4,1,17,1,0.00,0.02,0.02,2.06,4,False,59,25,2025-26,Amadou Onana,2,4,False
0,0,0,0,0,0,0,0,0,0,0,0,0,0.0,0.0,0.0,0.0,0,0,0,0,0,0.00,0.00,0.00,0.00,0,False,60,25,2025-26,Ben Broggio,2,4,False
0,0,0,0,0,0,0,0,0,0,0,0,0,0.0,0.0,0.0,0.0,0,0,0,0,0,0.00,0.00,0.00,0.00,0,False,61,25,2025-26,Leander Dendoncker,2,4,False
0,0,0,0,0,0,0,0,0,0,0,0,0,0.0,0.0,0.0,0.0,0,0,0,0,0,0.00,0.00,0.00,0.00,0,False,62,25,2025-26,Jamaldeen Jimoh-Aloba,2,4,False
0,0,0,0,0,0,0,0,0,0,0,0,0,0.0,0.0,0.0,0.0,0,0,0,0,0,0.00,0.00,0.00,0.00,0,False,63,25,2025-26,Kadan Young,2,4,False
85,0,0,0,1,0,0,0,0,0,0,0,0,0.0,3.2,17.0,2.0,0,2,0,2,1,0.05,0.03,0.08,1.71,2,False,64,25,2025-26,Ollie Watkins,2,4,False
0,0,0,0,0,0,0,0,0,0,0,0,0,0.0,0.0,0.0,0.0,0,0,0,0,0,0.00,0.00,0.00,0.00,0,False,65,25,2025-26,Zépiqueno Redmond,2,4,False
0,0,0,0,0,0,0,0,0,0,0,0,0,0.0,0.0,0.0,0.0,0,0,0,0,0,0.00,0.00,0.00,0.00,0,False,66,25,2025-26,Norberto Murara Neto,4,2,True
90,0,0,0,1,0,0,0,0,0,3,0,12,24.0,0.0,0.0,2.4,1,6,0,0,1,0.00,0.00,0.00,0.44,3,False,67,25,2025-26,Đorđe Petrović,4,2,True
0,0,0,0,0,0,0,0,0,0,0,0,0,0.0,0.0,0.0,0.0,0,0,0,0,0,0.00,0.00,0.00,0.00,0,False,68,25,2025-26,Will Dennis,4,2,True
0,0,0,0,0,0,0,0,0,0,0,0,0,0.0,0.0,0.0,0.0,0,0,0,0,0,0.00,0.00,0.00,0.00,0,False,69,25,2025-26,Callan McKenna,4,2,True
0,0,0,0,0,0,0,0,0,0,0,0,0,0.0,0.0,0.0,0.0,0,0,0,0,0,0.00,0.00,0.00,0.00,0,False,70,25,2025-26,Alex Paulsen,4,2,True
0,0,0,0,0,0,0,0,0,0,0,0,0,0.0,0.0,0.0,0.0,0,0,0,0,0,0.00,0.00,0.00,0.00,0,False,71,25,2025-26,Illia Zabarnyi,4,2,True
90,0,0,0,1,0,0,0,0,0,0,0,14,18.2,14.8,24.0,5.7,5,6,1,6,1,0.24,0.25,0.49,0.44,2,False,72,25,2025-26,Marcos Senesi Barón,4,2,True
4,0,0,0,0,0,0,0,0,0,0,0,3,0.0,0.0,0.0,0.0,0,0,0,0,0,0.00,0.00,0.00,0.00,1,False,73,25,2025-26,Adam Smith,4,2,True
90,0,0,0,1,0,0,0,0,0,0,0,7,11.0,3.1,2.0,1.6,6,6,0,6,1,0.00,0.01,0.01,0.44,2,False,74,25,2025-26,Adrien Truffert,4,2,True
0,0,0,0,0,0,0,0,0,0,0,0,0,0.0,0.0,0.0,0.0,0,0,0,0,0,0.00,0.00,0.00,0.00,0,False,75,25,2025-26,Matai Akinmboni,4,2,True
0,0,0,0,0,0,0,0,0,0,0,0,0,0.0,0.0,0.0,0.0,0,0,0,0,0,0.00,0.00,0.00,0.00,0,False,76,25,2025-26,Owen Bevan,4,2,True
90,0,1,0,1,0,0,0,0,0,0,0,24,41.4,13.3,0.0,5.5,12,6,1,13,1,0.00,0.06,0.06,0.44,7,False,77,25,2025-26,James Hill,4,2,True
0,0,0,0,0,0,0,0,0,0,0,0,0,0.0,0.0,0.0,0.0,0,0,0,0,0,0.00,0.00,0.00,0.00,0,False,78,25,2025-26,Julián Araujo Zúñiga,4,2,True
0,0,0,0,0,0,0,0,0,0,0,0,0,0.0,0.0,0.0,0.0,0,0,0,0,0,0.00,0.00,0.00,0.00,0,False,79,25,2025-26,Chris Mepham,4,2,True
0,0,0,0,0,0,0,0,0,0,0,0,0,0.0,0.0,0.0,0.0,0,0,0,0,0,0.00,0.00,0.00,0.00,0,False,80,25,2025-26,Julio Soler Barreto,4,2,True
0,0,0,0,0,0,0,0,0,0,0,0,0,0.0,0.0,0.0,0.0,0,0,0,0,0,0.00,0.00,0.00,0.00,0,False,81,25,2025-26,Justin Kluivert,4,2,True
90,0,0,0,1,0,0,0,0,0,0,0,4,1.2,19.3,17.0,3.8,0,2,1,3,1,0.17,0.01,0.18,1.18,2,False,82,25,2025-26,Antoine Semenyo,13,12,False
90,1,1,0,2,0,0,0,0,0,0,2,40,54.8,27.3,33.0,11.5,2,3,0,5,1,0.22,0.31,0.53,2.24,12,True,83,25,2025-26,Dango Ouattara,5,15,False
0,0,0,0,0,0,0,0,0,0,0,0,0,0.0,0.0,0.0,0.0,0,0,0,0,0,0.00,0.00,0.00,0.00,0,False,84,25,2025-26,Marcus Tavernier,4,2,True
0,0,0,0,0,0,0,0,0,0,0,0,0,0.0,0.0,0.0,0.0,0,0,0,0,0,0.00,0.00,0.00,0.00,0,False,85,25,2025-26,Tyler Adams,4,2,True
3,0,0,0,0,0,0,0,0,0,0,0,3,0.0,0.3,2.0,0.2,0,0,0,0,0,0.00,0.01,0.01,0.00,1,False,86,25,2025-26,David Brooks,4,2,True
25,0,0,0,0,0,0,0,0,0,0,0,7,8.8,2.2,26.0,3.7,2,2,0,4,0,0.26,0.00,0.26,0.02,1,False,87,25,2025-26,Ryan Christie,4,2,True
90,0,0,0,1,0,0,0,0,0,0,0,21,18.4,34.5,0.0,5.3,4,9,2,15,1,0.00,0.20,0.20,0.44,4,False,88,25,2025-26,Lewis Cook,4,2,True
0,0,0,0,0,0,0,0,0,0,0,0,0,0.0,0.0,0.0,0.0,0,0,0,0,0,0.00,0.00,0.00,0.00,0,False,89,25,2025-26,Philip Billing,4,2,True
90,0,0,0,1,0,0,0,0,0,0,0,16,16.0,19.0,15.0,5.0,4,7,0,11,1,0.15,0.01,0.16,0.44,2,False,90,25,2025-26,Alex Scott,4,2,True
0,0,0,0,0,0,0,0,0,0,0,0,0,0.0,0.0,0.0,0.0,0,0,0,0,0,0.00,0.00,0.00,0.00,0,False,91,25,2025-26,Luis Sinisterra Lucumí,4,2,True
0,0,0,0,0,0,0,0,0,0,0,0,0,0.0,0.0,0.0,0.0,0,0,0,0,0,0.00,0.00,0.00,0.00,0,False,92,25,2025-26,Romain Faivre,4,2,True
0,0,0,0,0,0,0,0,0,0,0,0,0,0.0,0.0,0.0,0.0,0,0,0,0,0,0.00,0.00,0.00,0.00,0,False,93,25,2025-26,Hamed Traorè,4,2,True
0,0,0,0,0,0,0,0,0,0,0,0,0,0.0,0.0,0.0,0.0,0,0,0,0,0,0.00,0.00,0.00,0.00,0,False,94,25,2025-26,Dominic Sadi,4,2,True
0,0,0,0,0,0,0,0,0,0,0,0,0,0.0,0.0,0.0,0.0,0,0,0,0,0,0.00,0.00,0.00,0.00,0,False,95,25,2025-26,Zain Silcott-Duberry,4,2,True
0,0,0,0,0,0,0,0,0,0,0,0,0,0.0,0.0,0.0,0.0,0,0,0,0,0,0.00,0.00,0.00,0.00,0,False,96,25,2025-26,Ben Winterburn,4,2,True
89,0,0,0,1,0,0,0,0,0,0,0,4,7.2,35.9,64.0,10.7,1,2,0,3,1,0.57,0.11,0.68,0.44,2,False,97,25,2025-26,Francisco Evanilson de Lima Barbosa,4,2,True
1,0,0,0,0,0,0,0,0,0,0,0,3,0.2,0.3,0.0,0.1,0,0,0,0,0,0.00,0.00,0.00,0.00,1,False,98,25,2025-26,Enes Ünal,4,2,True
0,0,0,0,0,0,0,0,0,0,0,0,0,0.0,0.0,0.0,0.0,0,0,0,0,0,0.00,0.00,0.00,0.00,0,False,99,25,2025-26,Daniel Adu-Adjei,4,2,True
64,0,0,0,1,0,0,0,0,0,0,0,7,7.2,12.3,19.0,3.9,1,4,0,5,1,0.64,0.02,0.66,0.42,2,False,100,25,2025-26,Junior Kroupi,4,2,True
90,0,0,0,2,0,0,0,0,0,1,0,3,8.2,0.0,0.0,0.8,2,6,0,0,1,0.00,0.00,0.00,2.24,1,False,101,25,2025-26,Caoimhín Kelleher,5,15,False
0,0,0,0,0,0,0,0,0,0,0,0,0,0.0,0.0,0.0,0.0,0,0,0,0,0,0.00,0.00,0.00,0.00,0,False,102,25,2025-26,Ellery Balcombe,5,15,False
0,0,0,0,0,0,0,0,0,0,0,0,0,0.0,0.0,0.0,0.0,0,0,0,0,0,0.00,0.00,0.00,0.00,0,False,103,25,2025-26,Matthew Cox,5,15,False
0,0,0,0,0,0,0,0,0,0,0,0,0,0.0,0.0,0.0,0.0,0,0,0,0,0,0.00,0.00,0.00,0.00,0,False,104,25,2025-26,Julian Eyestone,5,15,False
0,0,0,0,0,0,0,0,0,0,0,0,0,0.0,0.0,0.0,0.0,0,0,0,0,0,0.00,0.00,0.00,0.00,0,False,105,25,2025-26,Hákon Rafn Valdimarsson,5,15,False
0,0,0,0,0,0,0,0,0,0,0,0,0,0.0,0.0,0.0,0.0,0,0,0,0,0,0.00,0.00,0.00,0.00,0,False,106,25,2025-26,Nathan Collins,5,15,False
79,0,0,0,2,0,0,0,0,0,0,0,3,2.2,1.1,15.0,1.8,2,4,1,3,1,0.10,0.02,0.12,2.01,1,False,107,25,2025-26,Keane Lewis-Potter,5,15,False
90,0,0,0,2,0,0,0,0,0,0,0,9,23.4,0.8,4.0,2.8,9,5,3,12,1,0.00,0.01,0.01,2.24,3,False,108,25,2025-26,Kristoffer Ajer,5,15,False
90,0,0,0,2,0,0,0,0,0,0,0,-1,4.8,11.8,0.0,1.7,1,2,1,2,1,0.00,0.01,0.01,2.24,1,False,109,25,2025-26,Rico Henry,5,15,False
90,0,0,0,2,0,0,0,0,0,0,0,3,6.0,5.5,0.0,1.2,3,4,1,4,1,0.00,0.03,0.03,2.24,1,False,110,25,2025-26,Michael Kayode,5,15,False
0,0,0,0,0,0,0,0,0,0,0,0,0,0.0,0.0,0.0,0.0,0,0,0,0,0,0.00,0.00,0.00,0.00,0,False,111,25,2025-26,Ethan Pinnock,5,15,False
0,0,0,0,0,0,0,0,0,0,0,0,0,0.0,0.0,0.0,0.0,0,0,0,0,0,0.00,0.00,0.00,0.00,0,False,112,25,2025-26,Mads Roerslev Rasmussen,5,15,False
90,0,0,0,2,0,0,0,0,0,0,0,4,12.8,0.8,0.0,1.4,3,5,1,4,1,0.00,0.00,0.00,2.24,1,False,113,25,2025-26,Sepp van den Berg,5,15,False
0,0,0,0,0,0,0,0,0,0,0,0,0,0.0,0.0,0.0,0.0,0,0,0,0,0,0.00,0.00,0.00,0.00,0,False,114,25,2025-26,Benjamin Arthur,5,15,False
0,0,0,0,0,0,0,0,0,0,0,0,0,0.0,0.0,0.0,0.0,0,0,0,0,0,0.00,0.00,0.00,0.00,0,False,115,25,2025-26,Benjamin Fredrick,5,15,False
0,0,0,0,0,0,0,0,0,0,0,0,0,0.0,0.0,0.0,0.0,0,0,0,0,0,0.00,0.00,0.00,0.00,0,False,116,25,2025-26,Aaron Hickey,5,15,False
0,0,0,0,0,0,0,0,0,0,0,0,0,0.0,0.0,0.0,0.0,0,0,0,0,0,0.00,0.00,0.00,0.00,0,False,117,25,2025-26,Kim Ji-soo,5,15,False
0,0,0,0,0,0,0,0,0,0,0,0,0,0.0,0.0,0.0,0.0,0,0,0,0,0,0.00,0.00,0.00,0.00,0,False,118,25,2025-26,Jayden Meghoma,5,15,False
86,1,0,1,0,0,0,0,0,0,0,0,29,31.0,10.5,31.0,7.3,1,3,1,5,1,0.26,0.04,0.30,0.47,8,False,119,25,2025-26,Bryan Mbeumo,14,18,True
0,0,0,0,0,0,0,0,0,0,0,0,0,0.0,0.0,0.0,0.0,0,0,0,0,0,0.00,0.00,0.00,0.00,0,False,120,25,2025-26,Kevin Schade,5,15,False
3,0,0,0,0,0,0,0,0,0,0,0,7,3.0,11.3,0.0,1.4,0,3,0,3,0,0.00,0.03,0.03,0.18,1,False,121,25,2025-26,Mikkel Damsgaard,5,15,False
0,0,0,0,0,0,0,0,0,0,0,0,0,0.0,0.0,0.0,0.0,0,0,0,0,0,0.00,0.00,0.00,0.00,0,False,122,25,2025-26,Antoni Milambo,5,15,False
0,0,0,0,0,0,0,0,0,0,0,0,0,0.0,0.0,0.0,0.0,0,0,0,0,0,0.00,0.00,0.00,0.00,0,False,123,25,2025-26,Fábio Freitas Gouveia Carvalho,5,15,False
55,0,0,0,1,0,0,0,0,0,0,0,8,4.8,1.3,0.0,0.6,1,1,2,4,1,0.00,0.01,0.01,1.08,1,False,124,25,2025-26,Jordan Henderson,5,15,False
90,1,0,0,2,0,0,0,1,0,0,3,44,48.2,24.4,19.0,9.2,2,7,2,11,1,0.18,0.03,0.21,2.24,9,False,125,25,2025-26,Vitaly Janelt,5,15,False
86,0,2,0,2,0,0,0,0,0,0,0,29,22.0,13.3,17.0,5.2,0,6,1,7,1,0.48,0.22,0.70,2.07,8,False,126,25,2025-26,Mathias Jensen,5,15,False
0,0,0,0,0,0,0,0,0,0,0,0,0,0.0,0.0,0.0,0.0,0,0,0,0,0,0.00,0.00,0.00,0.00,0,False,127,25,2025-26,Gustavo Nunes Fernandes Gomes,5,15,False
0,0,0,0,0,0,0,0,0,0,0,0,0,0.0,0.0,0.0,0.0,0,0,0,0,0,0.00,0.00,0.00,0.00,0,False,128,25,2025-26,Frank Onyeka,5,15,False
34,0,0,0,1,0,0,0,0,0,0,0,6,14.0,0.4,0.0,1.4,2,4,3,9,0,0.00,0.00,0.00,1.17,1,False,129,25,2025-26,Yehor Yarmoliuk,5,15,False
10,0,0,0,0,0,0,0,0,0,0,0,6,2.0,0.4,9.0,1.1,0,1,0,1,0,0.02,0.00,0.02,0.24,1,False,130,25,2025-26,Romelle Donovan,5,15,False
0,0,0,0,0,0,0,0,0,0,0,0,0,0.0,0.0,0.0,0.0,0,0,0,0,0,0.00,0.00,0.00,0.00,0,False,131,25,2025-26,Yunus Emre Konak,5,15,False
0,0,0,0,0,0,0,0,0,0,0,0,0,0.0,0.0,0.0,0.0,0,0,0,0,0,0.00,0.00,0.00,0.00,0,False,132,25,2025-26,Paris Maghoma,5,15,False
0,0,0,0,0,0,0,0,0,0,0,0,0,0.0,0.0,0.0,0.0,0,0,0,0,0,0.00,0.00,0.00,0.00,0,False,133,25,2025-26,Myles Peart-Harris,5,15,False
0,0,0,0,0,0,0,0,0,0,0,0,0,0.0,0.0,0.0,0.0,0,0,0,0,0,0.00,0.00,0.00,0.00,0,False,134,25,2025-26,Ryan Trevitt,5,15,False
64,0,0,0,2,0,0,0,0,0,0,0,3,7.4,0.8,9.0,1.7,1,1,0,2,1,0.32,0.13,0.45,1.54,2,False,135,25,2025-26,Yoane Wissa,15,5,True
90,1,0,0,2,0,0,0,1,0,0,0,18,35.4,14.8,17.0,6.7,2,2,0,4,1,0.79,0.04,0.83,2.24,5,False,136,25,2025-26,Igor Thiago Nascimento Rodrigues,5,15,False
0,0,0,0,0,0,0,0,0,0,0,0,0,0.0,0.0,0.0,0.0,0,0,0,0,0,0.00,0.00,0.00,0.00,0,False,137,25,2025-26,Iwan Morgan,5,15,False
0,0,0,0,0,0,0,0,0,0,0,0,0,0.0,0.0,0.0,0.0,0,0,0,0,0,0.00,0.00,0.00,0.00,0,False,138,25,2025-26,Jason Steele,6,8,True
90,0,0,0,1,0,0,0,0,0,3,0,15,29.8,0.0,0.0,3.0,1,8,0,0,1,0.00,0.00,0.00,1.16,3,False,139,25,2025-26,Bart Verbruggen,6,8,True
0,0,0,0,0,0,0,0,0,0,0,0,0,0.0,0.0,0.0,0.0,0,0,0,0,0,0.00,0.00,0.00,0.00,0,False,140,25,2025-26,Tom McGill,6,8,True
0,0,0,0,0,0,0,0,0,0,0,0,0,0.0,0.0,0.0,0.0,0,0,0,0,0,0.00,0.00,0.00,0.00,0,False,141,25,2025-26,Carl Rushworth,6,8,True
0,0,0,0,0,0,0,0,0,0,0,0,0,0.0,0.0,0.0,0.0,0,0,0,0,0,0.00,0.00,0.00,0.00,0,False,142,25,2025-26,Kjell Scherpen,6,8,True
90,0,0,0,1,0,0,0,0,0,0,0,16,28.2,1.0,0.0,2.9,8,10,3,11,1,0.00,0.05,0.05,1.16,4,False,143,25,2025-26,Olivier Boscagli,6,8,True
0,0,0,0,0,0,0,0,0,0,0,0,0,0.0,0.0,0.0,0.0,0,0,0,0,0,0.00,0.00,0.00,0.00,0,False,144,25,2025-26,Diego Coppola,6,8,True
70,0,0,0,1,0,0,0,0,0,0,0,6,7.0,2.3,12.0,2.1,1,6,0,1,1,0.21,0.01,0.22,0.79,2,False,145,25,2025-26,Maxim De Cuyper,6,8,True
90,0,0,0,1,0,0,0,0,0,0,0,11,27.0,0.8,13.0,4.1,9,6,3,12,1,0.29,0.02,0.31,1.16,4,False,146,25,2025-26,Lewis Dunk,6,8,True
0,0,0,0,0,0,0,0,0,0,0,0,0,0.0,0.0,0.0,0.0,0,0,0,0,0,0.00,0.00,0.00,0.00,0,False,147,25,2025-26,Pervis Estupiñán Tenorio,6,8,True
90,0,0,0,1,0,0,0,0,0,0,0,8,10.4,4.5,4.0,1.9,4,6,0,4,1,0.00,0.02,0.02,1.16,2,False,148,25,2025-26,Ferdi Kadıoğlu,6,8,True
0,0,0,0,0,0,0,0,0,0,0,0,0,0.0,0.0,0.0,0.0,0,0,0,0,0,0.00,0.00,0.00,0.00,0,False,149,25,2025-26,Igor Julio dos Santos de Paulo,6,8,True
0,0,0,0,0,0,0,0,0,0,0,0,0,0.0,0.0,0.0,0.0,0,0,0,0,0,0.00,0.00,0.00,0.00,0,False,150,25,2025-26,Tariq Lamptey,6,8,True
0,0,0,0,0,0,0,0,0,0,0,0,0,0.0,0.0,0.0,0.0,0,0,0,0,0,0.00,0.00,0.00,0.00,0,False,151,25,2025-26,Jan Paul van Hecke,6,8,True
0,0,0,0,0,0,0,0,0,0,0,0,0,0.0,0.0,0.0,0.0,0,0,0,0,0,0.00,0.00,0.00,0.00,0,False,152,25,2025-26,Joël Veltman,6,8,True
0,0,0,0,0,0,0,0,0,0,0,0,0,0.0,0.0,0.0,0.0,0,0,0,0,0,0.00,0.00,0.00,0.00,0,False,153,25,2025-26,Adam Webster,6,8,True
0,0,0,0,0,0,0,0,0,0,0,0,0,0.0,0.0,0.0,0.0,0,0,0,0,0,0.00,0.00,0.00,0.00,0,False,154,25,2025-26,Eiran Cashin,6,8,True
0,0,0,0,0,0,0,0,0,0,0,0,0,0.0,0.0,0.0,0.0,0,0,0,0,0,0.00,0.00,0.00,0.00,0,False,155,25,2025-26,Jacob Slater,6,8,True
0,0,0,0,0,0,0,0,0,0,0,0,0,0.0,0.0,0.0,0.0,0,0,0,0,0,0.00,0.00,0.00,0.00,0,False,156,25,2025-26,Charlie Tasker,6,8,True
90,0,0,0,1,0,0,0,0,0,0,0,4,7.6,17.5,4.0,2.9,1,4,1,6,1,0.00,0.14,0.14,1.16,2,False,157,25,2025-26,Mitoma Kaoru,6,8,True
81,0,0,0,1,0,0,0,0,0,0,0,0,0.0,2.3,8.0,1.0,0,1,2,3,1,0.03,0.00,0.03,0.95,2,False,158,25,2025-26,Georginio Rutter,6,8,True
0,0,0,0,0,0,0,0,0,0,0,0,0,0.0,0.0,0.0,0.0,0,0,0,0,0,0.00,0.00,0.00,0.00,0,False,159,25,2025-26,Solly March,6,8,True
19,0,0,0,0,0,0,0,0,0,0,0,2,0.2,0.2,0.0,0.0,0,2,0,2,0,0.00,0.00,0.00,0.37,1,False,160,25,2025-26,Yankuba Minteh,6,8,True
0,0,0,0,0,0,0,0,0,0,0,0,0,0.0,0.0,0.0,0.0,0,0,0,0,0,0.00,0.00,0.00,0.00,0,False,161,25,2025-26,Julio Enciso Espínola,6,8,True
0,0,0,0,0,0,0,0,0,0,0,0,0,0.0,0.0,0.0,0.0,0,0,0,0,0,0.00,0.00,0.00,0.00,0,False,162,25,2025-26,Brajan Gruda,6,8,True
8,0,0,0,0,0,0,0,0,0,0,0,3,1.6,1.6,0.0,0.3,1,1,0,2,0,0.00,0.00,0.00,0.21,1,False,163,25,2025-26,Jack Hinshelwood,6,8,True
8,0,0,0,0,0,0,0,0,0,0,0,4,0.8,0.8,0.0,0.2,0,0,0,0,0,0.00,0.01,0.01,0.21,1,False,164,25,2025-26,Matt O'Riley,6,8,True
0,0,0,0,0,0,0,0,0,0,0,0,0,0.0,0.0,0.0,0.0,0,0,0,0,0,0.00,0.00,0.00,0.00,0,False,165,25,2025-26,Abdallah Sima,6,8,True
0,0,0,0,0,0,0,0,0,0,0,0,0,0.0,0.0,0.0,0.0,0,0,0,0,0,0.00,0.00,0.00,0.00,0,False,166,25,2025-26,Yasin Ayari,6,8,True
70,0,0,0,1,0,0,0,0,0,0,0,11,6.4,11.7,0.0,1.8,2,1,2,5,1,0.00,0.01,0.01,0.79,2,False,167,25,2025-26,Carlos Baleba,6,8,True
0,0,0,0,0,0,0,0,0,0,0,0,0,0.0,0.0,0.0,0.0,0,0,0,0,0,0.00,0.00,0.00,0.00,0,False,168,25,2025-26,Facundo Buonanotte,11,16,True
19,0,0,0,0,0,0,0,1,0,0,0,0,1.4,0.2,0.0,0.2,1,1,1,3,0,0.00,0.00,0.00,0.37,0,False,169,25,2025-26,Diego Gómez Amarilla,6,8,True
0,0,0,0,0,0,0,0,0,0,0,0,0,0.0,0.0,0.0,0.0,0,0,0,0,0,0.00,0.00,0.00,0.00,0,False,170,25,2025-26,James Milner,6,8,True
0,0,0,0,0,0,0,0,0,0,0,0,0,0.0,0.0,0.0,0.0,0,0,0,0,0,0.00,0.00,0.00,0.00,0,False,171,25,2025-26,Jeremy Sarmiento Morante,6,8,True
0,0,0,0,0,0,0,0,0,0,0,0,0,0.0,0.0,0.0,0.0,0,0,0,0,0,0.00,0.00,0.00,0.00,0,False,172,25,2025-26,Tom Watson,6,8,True
0,0,0,0,0,0,0,0,0,0,0,0,0,0.0,0.0,0.0,0.0,0,0,0,0,0,0.00,0.00,0.00,0.00,0,False,173,25,2025-26,Mats Wieffer,6,8,True
0,0,0,0,0,0,0,0,0,0,0,0,0,0.0,0.0,0.0,0.0,0,0,0,0,0,0.00,0.00,0.00,0.00,0,False,174,25,2025-26,Malick Yalcouyé,6,8,True
0,0,0,0,0,0,0,0,0,0,0,0,0,0.0,0.0,0.0,0.0,0,0,0,0,0,0.00,0.00,0.00,0.00,0,False,175,25,2025-26,Joe Knight,6,8,True
0,0,0,0,0,0,0,0,0,0,0,0,0,0.0,0.0,0.0,0.0,0,0,0,0,0,0.00,0.00,0.00,0.00,0,False,176,25,2025-26,Adrian Mazilu,6,8,True
0,0,0,0,0,0,0,0,0,0,0,0,0,0.0,0.0,0.0,0.0,0,0,0,0,0,0.00,0.00,0.00,0.00,0,False,177,25,2025-26,Andrew Moran,6,8,True
19,0,0,0,0,0,0,0,0,0,0,0,5,4.0,1.0,0.0,0.5,1,1,1,3,0,0.00,0.00,0.00,0.37,1,False,178,25,2025-26,Danny Welbeck,6,8,True
0,0,0,0,0,0,0,0,0,0,0,0,0,0.0,0.0,0.0,0.0,0,0,0,0,0,0.00,0.00,0.00,0.00,0,False,179,25,2025-26,Evan Ferguson,6,8,True
0,0,0,0,0,0,0,0,0,0,0,0,0,0.0,0.0,0.0,0.0,0,0,0,0,0,0.00,0.00,0.00,0.00,0,False,180,25,2025-26,Stefanos Tzimas,6,8,True
81,0,0,0,1,0,0,0,0,0,0,0,5,11.2,6.6,25.0,4.3,3,4,2,9,1,0.33,0.01,0.34,0.95,2,False,181,25,2025-26,Charalampos Kostoulas,6,8,True
0,0,0,0,0,0,0,0,0,0,0,0,0,0.0,0.0,0.0,0.0,0,0,0,0,0,0.00,0.00,0.00,0.00,0,False,182,25,2025-26,James Trafford,13,12,False
0,0,0,0,0,0,0,0,0,0,0,0,0,0.0,0.0,0.0,0.0,0,0,0,0,0,0.00,0.00,0.00,0.00,0,False,183,25,2025-26,Max Weiß,3,19,True
0,0,0,0,0,0,0,0,0,0,0,0,0,0.0,0.0,0.0,0.0,0,0,0,0,0,0.00,0.00,0.00,0.00,0,False,184,25,2025-26,Etienne Green,3,19,True
0,0,0,0,0,0,0,0,0,0,0,0,0,0.0,0.0,0.0,0.0,0,0,0,0,0,0.00,0.00,0.00,0.00,0,False,185,25,2025-26,Václav Hladký,3,19,True
0,0,0,0,0,0,0,0,0,0,0,0,0,0.0,0.0,0.0,0.0,0,0,0,0,0,0.00,0.00,0.00,0.00,0,False,186,25,2025-26,Connor Roberts,3,19,True
90,0,0,0,2,0,0,0,0,0,0,0,6,10.8,3.3,0.0,1.4,3,2,0,3,1,0.00,0.02,0.02,1.02,1,False,187,25,2025-26,Kyle Walker,3,19,True
0,0,0,0,0,0,0,0,0,0,0,0,0,0.0,0.0,0.0,0.0,0,0,0,0,0,0.00,0.00,0.00,0.00,0,False,188,25,2025-26,Hannes Delcroix,3,19,True
0,0,0,0,0,0,0,0,0,0,0,0,0,0.0,0.0,0.0,0.0,0,0,0,0,0,0.00,0.00,0.00,0.00,0,False,189,25,2025-26,Owen Dodgson,3,19,True
0,0,0,0,0,0,0,0,0,0,0,0,0,0.0,0.0,0.0,0.0,0,0,0,0,0,0.00,0.00,0.00,0.00,0,False,190,25,2025-26,Hjalmar Ekdal,3,19,True
90,0,0,0,2,0,0,0,0,0,0,0,8,24.2,12.0,2.0,3.8,6,4,3,9,1,0.00,0.01,0.01,1.02,1,False,191,25,2025-26,Maxime Estève,3,19,True
0,0,0,0,0,0,0,0,0,0,0,0,0,0.0,0.0,0.0,0.0,0,0,0,0,0,0.00,0.00,0.00,0.00,0,False,192,25,2025-26,Quilindschy Hartman,3,19,True
90,0,0,0,2,0,0,0,1,0,0,0,11,18.8,41.3,3.0,6.3,3,2,2,5,1,0.02,0.35,0.37,1.02,0,False,193,25,2025-26,Bashir Humphreys,3,19,True
0,0,0,0,0,0,0,0,0,0,0,0,0,0.0,0.0,0.0,0.0,0,0,0,0,0,0.00,0.00,0.00,0.00,0,False,194,25,2025-26,Jordan Beyer,3,19,True
90,0,0,0,2,0,0,0,0,0,0,0,15,26.0,65.9,0.0,9.2,2,9,4,6,1,0.00,0.22,0.22,1.02,1,False,195,25,2025-26,Lucas Pires Silva,3,19,True
0,0,0,0,0,0,0,0,0,0,0,0,0,0.0,0.0,0.0,0.0,0,0,0,0,0,0.00,0.00,0.00,0.00,0,False,196,25,2025-26,Shurandy Sambo,3,19,True
0,0,0,0,0,0,0,0,0,0,0,0,0,0.0,0.0,0.0,0.0,0,0,0,0,0,0.00,0.00,0.00,0.00,0,False,197,25,2025-26,Oliver Sonne,3,19,True
0,0,0,0,0,0,0,0,0,0,0,0,0,0.0,0.0,0.0,0.0,0,0,0,0,0,0.00,0.00,0.00,0.00,0,False,198,25,2025-26,Axel Tuanzebe,3,19,True
0,0,0,0,0,0,0,0,0,0,0,0,0,0.0,0.0,0.0,0.0,0,0,0,0,0,0.00,0.00,0.00,0.00,0,False,199,25,2025-26,Joe Worrall,3,19,True
65,0,0,0,2,0,0,0,0,0,0,0,11,10.0,17.4,19.0,4.6,2,7,1,10,1,0.11,0.03,0.14,0.99,2,False,200,25,2025-26,Jaidon Anthony,3,19,True
0,0,0,0,0,0,0,0,0,0,0,0,0,0.0,0.0,0.0,0.0,0,0,0,0,0,0.00,0.00,0.00,0.00,0,False,201,25,2025-26,Manuel Benson Hedilazio,3,19,True
24,0,0,0,0,0,0,0,0,0,0,0,2,1.4,2.2,0.0,0.4,0,0,0,0,0,0.00,0.01,0.01,0.03,1,False,202,25,2025-26,Jacob Bruun Larsen,3,19,True
0,0,0,0,0,0,0,0,0,0,0,0,0,0.0,0.0,0.0,0.0,0,0,0,0,0,0.00,0.00,0.00,0.00,0,False,203,25,2025-26,Enock Agyei,3,19,True
0,0,0,0,0,0,0,0,0,0,0,0,0,0.0,0.0,0.0,0.0,0,0,0,0,0,0.00,0.00,0.00,0.00,0,False,204,25,2025-26,Darko Churlinov,3,19,True
0,0,0,0,0,0,0,0,0,0,0,0,0,0.0,0.0,0.0,0.0,0,0,0,0,0,0.00,0.00,0.00,0.00,0,False,205,25,2025-26,Josh Cullen,3,19,True
66,0,0,0,2,0,0,0,0,0,0,0,3,3.0,3.8,35.0,4.2,0,1,0,1,1,0.42,0.04,0.46,0.99,2,False,206,25,2025-26,Marcus Edwards,3,19,True
90,0,0,0,2,0,0,0,0,0,0,0,18,13.2,34.7,2.0,5.0,0,6,1,7,1,0.02,0.24,0.26,1.02,2,False,207,25,2025-26,Hannibal Mejbri,3,19,True
0,0,0,0,0,0,0,0,0,0,0,0,0,0.0,0.0,0.0,0.0,0,0,0,0,0,0.00,0.00,0.00,0.00,0,False,208,25,2025-26,Luca Koleosho,3,19,True
45,0,0,0,0,0,0,0,1,0,0,0,2,5.6,7.8,4.0,1.7,4,1,0,5,0,0.02,0.03,0.05,0.12,0,False,209,25,2025-26,Josh Laurent,3,19,True
23,0,0,0,0,0,0,0,0,0,0,0,0,2.4,1.2,0.0,0.4,0,1,1,2,0,0.00,0.01,0.01,0.03,1,False,210,25,2025-26,Loum Tchaouna,3,19,True
0,0,0,0,0,0,0,0,0,0,0,0,0,0.0,0.0,0.0,0.0,0,0,0,0,0,0.00,0.00,0.00,0.00,0,False,211,25,2025-26,Aaron Ramsey,3,19,True
0,0,0,0,0,0,0,0,0,0,0,0,0,0.0,0.0,0.0,0.0,0,0,0,0,0,0.00,0.00,0.00,0.00,0,False,212,25,2025-26,Oluwaseun Adewumi,3,19,True
0,0,0,0,0,0,0,0,0,0,0,0,0,0.0,0.0,0.0,0.0,0,0,0,0,0,0.00,0.00,0.00,0.00,0,False,213,25,2025-26,Jaydon Banel,3,19,True
0,0,0,0,0,0,0,0,0,0,0,0,0,0.0,0.0,0.0,0.0,0,0,0,0,0,0.00,0.00,0.00,0.00,0,False,214,25,2025-26,Mike Trésor Ndayishimiye,3,19,True
66,0,0,0,2,0,0,0,0,0,0,0,7,3.2,5.5,72.0,8.1,1,3,0,4,1,0.62,0.02,0.64,0.99,2,False,215,25,2025-26,Zian Flemming,3,19,True
0,0,0,0,0,0,0,0,0,0,0,0,0,0.0,0.0,0.0,0.0,0,0,0,0,0,0.00,0.00,0.00,0.00,0,False,216,25,2025-26,Zeki Amdouni,3,19,True
23,0,0,0,0,0,0,0,0,0,0,0,3,3.4,1.2,0.0,0.5,0,0,1,1,0,0.00,0.01,0.01,0.03,1,False,217,25,2025-26,Lyle Foster,3,19,True
0,0,0,0,0,0,0,0,0,0,0,0,0,0.0,0.0,0.0,0.0,0,0,0,0,0,0.00,0.00,0.00,0.00,0,False,218,25,2025-26,Ashley Barnes,3,19,True
0,0,0,0,0,0,0,0,0,0,0,0,0,0.0,0.0,0.0,0.0,0,0,0,0,0,0.00,0.00,0.00,0.00,0,False,219,25,2025-26,Michael Obafemi,3,19,True
90,0,0,0,1,0,0,0,0,0,2,0,16,22.2,0.0,0.0,2.2,0,11,0,0,1,0.00,0.00,0.00,1.06,2,False,220,25,2025-26,Robert Lynch Sánchez,7,20,False
0,0,0,0,0,0,0,0,0,0,0,0,0,0.0,0.0,0.0,0.0,0,0,0,0,0,0.00,0.00,0.00,0.00,0,False,221,25,2025-26,Filip Jörgensen,7,20,False
0,0,0,0,0,0,0,0,0,0,0,0,0,0.0,0.0,0.0,0.0,0,0,0,0,0,0.00,0.00,0.00,0.00,0,False,222,25,2025-26,Mike Penders,7,20,False
0,0,0,0,0,0,0,0,0,0,0,0,0,0.0,0.0,0.0,0.0,0,0,0,0,0,0.00,0.00,0.00,0.00,0,False,223,25,2025-26,Gabriel Słonina,7,20,False
90,0,1,0,1,0,0,0,1,0,0,0,23,35.0,28.7,15.0,7.9,8,2,1,9,1,0.11,0.34,0.45,1.06,4,False,224,25,2025-26,Marc Cucurella Saseta,7,20,False
0,0,0,0,0,0,0,0,0,0,0,0,0,0.0,0.0,0.0,0.0,0,0,0,0,0,0.00,0.00,0.00,0.00,0,False,225,25,2025-26,Reece James,7,20,False
90,0,0,0,1,0,0,0,0,0,0,0,13,27.8,0.8,0.0,2.9,10,3,1,11,1,0.00,0.01,0.01,1.06,4,False,226,25,2025-26,Trevoh Chalobah,7,20,False
0,0,0,0,0,0,0,0,0,0,0,0,0,0.0,0.0,0.0,0.0,0,0,0,0,0,0.00,0.00,0.00,0.00,0,False,227,25,2025-26,Levi Samuels Colwill,7,20,False
74,0,0,0,1,0,0,0,0,0,0,0,8,23.4,30.7,19.0,7.3,0,1,6,6,1,0.18,0.21,0.39,0.78,2,False,228,25,2025-26,Malo Gusto,7,20,False
0,0,0,0,0,0,0,0,0,0,0,0,0,0.0,0.0,0.0,0.0,0,0,0,0,0,0.00,0.00,0.00,0.00,0,False,229,25,2025-26,Benoît Badiashile Mukinayi,7,20,False
90,0,0,0,1,0,0,0,0,0,0,0,13,24.0,1.3,0.0,2.5,7,4,0,7,1,0.00,0.01,0.01,1.06,2,False,230,25,2025-26,Wesley Fofana,7,20,False
0,0,0,0,0,0,0,0,0,0,0,0,0,0.0,0.0,0.0,0.0,0,0,0,0,0,0.00,0.00,0.00,0.00,0,False,231,25,2025-26,Mamadou Sarr,7,20,False
0,0,0,0,0,0,0,0,0,0,0,0,0,0.0,0.0,0.0,0.0,0,0,0,0,0,0.00,0.00,0.00,0.00,0,False,232,25,2025-26,Tosin Adarabioyo,7,20,False
15,0,0,0,0,0,0,0,0,0,0,0,4,8.6,1.7,0.0,1.0,3,1,1,4,0,0.00,0.01,0.01,0.28,1,False,233,25,2025-26,Josh Acheampong,7,20,False
0,0,0,0,0,0,0,0,0,0,0,0,0,0.0,0.0,0.0,0.0,0,0,0,0,0,0.00,0.00,0.00,0.00,0,False,234,25,2025-26,Aarón Anselmino,7,20,False
60,3,0,0,1,0,0,0,0,0,0,3,59,101.4,3.4,53.0,15.8,1,0,0,1,1,1.79,0.01,1.80,0.71,20,True,235,25,2025-26,Cole Palmer,7,20,False
90,0,0,0,1,0,0,0,0,0,0,0,10,1.2,6.6,16.0,2.4,1,6,1,8,1,0.54,0.03,0.57,1.06,2,False,236,25,2025-26,Pedro Lomba Neto,7,20,False
90,0,0,0,1,0,0,0,0,0,0,0,13,15.2,55.7,27.0,9.8,1,5,0,6,1,0.59,0.43,1.02,1.06,2,False,237,25,2025-26,Enzo Fernández,7,20,False
0,0,0,0,0,0,0,0,0,0,0,0,0,0.0,0.0,0.0,0.0,0,0,0,0,0,0.00,0.00,0.00,0.00,0,False,238,25,2025-26,Estêvão Almeida de Oliveira Gonçalves,7,20,False
0,0,0,0,0,0,0,0,0,0,0,0,0,0.0,0.0,0.0,0.0,0,0,0,0,0,0.00,0.00,0.00,0.00,0,False,239,25,2025-26,Jamie Bynoe-Gittens,7,20,False
0,0,0,0,0,0,0,0,0,0,0,0,0,0.0,0.0,0.0,0.0,0,0,0,0,0,0.00,0.00,0.00,0.00,0,False,240,25,2025-26,Christopher Nkunku,7,20,False
90,0,0,0,1,0,0,0,0,0,0,1,30,29.2,33.1,1.0,6.3,5,9,7,21,1,0.08,0.05,0.13,1.06,5,False,241,25,2025-26,Moisés Caicedo Corozo,7,20,False
90,1,1,0,1,0,0,0,0,0,0,3,43,38.0,34.3,24.0,9.6,1,4,0,5,1,0.22,0.36,0.58,1.97,13,True,242,25,2025-26,Kiernan Dewsbury-Hall,9,10,False
21,0,0,0,0,0,0,0,0,0,0,0,2,0.0,1.2,6.0,0.7,0,2,0,2,0,0.08,0.02,0.10,0.15,1,False,243,25,2025-26,Tyrique George,9,10,False
0,0,0,0,0,0,0,0,0,0,0,0,0,0.0,0.0,0.0,0.0,0,0,0,0,0,0.00,0.00,0.00,0.00,0,False,244,25,2025-26,Roméo Lavia,7,20,False
0,0,0,0,0,0,0,0,0,0,0,0,0,0.0,0.0,0.0,0.0,0,0,0,0,0,0.00,0.00,0.00,0.00,0,False,245,25,2025-26,Mykhailo Mudryk,7,20,False
83,0,0,0,1,0,0,0,0,0,0,0,20,11.6,19.8,0.0,3.1,1,1,2,4,1,0.00,0.15,0.15,0.78,2,False,246,25,2025-26,Andrey Nascimento dos Santos,7,20,False
0,0,0,0,0,0,0,0,0,0,0,0,0,0.0,0.0,0.0,0.0,0,0,0,0,0,0.00,0.00,0.00,0.00,0,False,247,25,2025-26,Dário Luís Essugo,7,20,False
0,0,0,0,0,0,0,0,0,0,0,0,0,0.0,0.0,0.0,0.0,0,0,0,0,0,0.00,0.00,0.00,0.00,0,False,248,25,2025-26,Kendry Páez Andrade,7,20,False
74,0,2,0,1,0,0,0,0,0,0,0,28,12.2,2.9,16.0,3.1,3,2,1,6,1,0.06,0.00,0.06,0.78,8,False,249,25,2025-26,João Pedro Junqueira de Jesus,7,20,False
15,0,0,0,0,0,0,0,0,0,0,0,6,4.4,0.7,17.0,2.2,0,0,0,0,0,0.08,0.00,0.07,0.28,1,False,250,25,2025-26,Liam Delap,7,20,False
0,0,0,0,0,0,0,0,0,0,0,0,0,0.0,0.0,0.0,0.0,0,0,0,0,0,0.00,0.00,0.00,0.00,0,False,251,25,2025-26,Nicolas Jackson,7,20,False
0,0,0,0,0,0,0,0,0,0,0,0,0,0.0,0.0,0.0,0.0,0,0,0,0,0,0.00,0.00,0.00,0.00,0,False,252,25,2025-26,Marc Guiu Paz,7,20,False
90,0,0,1,0,0,0,0,0,0,2,2,27,16.0,0.0,0.0,1.6,1,12,0,0,1,0.00,0.01,0.01,0.85,8,False,253,25,2025-26,Dean Henderson,8,6,False
0,0,0,0,0,0,0,0,0,0,0,0,0,0.0,0.0,0.0,0.0,0,0,0,0,0,0.00,0.00,0.00,0.00,0,False,254,25,2025-26,Walter Benítez,8,6,False
0,0,0,0,0,0,0,0,0,0,0,0,0,0.0,0.0,0.0,0.0,0,0,0,0,0,0.00,0.00,0.00,0.00,0,False,255,25,2025-26,Remi Matthews,8,6,False
90,0,0,1,0,0,0,0,1,0,0,0,23,16.8,21.9,4.0,4.3,6,3,3,9,1,0.00,0.11,0.11,0.85,5,False,256,25,2025-26,Daniel Muñoz Mejía,8,6,False
90,0,0,1,0,0,0,0,0,0,0,3,33,31.0,0.7,41.0,7.3,11,6,4,15,1,0.27,0.06,0.33,0.85,11,True,257,25,2025-26,Maxence Lacroix,8,6,False
90,0,0,1,0,0,0,0,0,0,0,0,22,10.4,0.8,0.0,1.1,3,6,2,5,1,0.00,0.01,0.01,0.85,6,False,258,25,2025-26,Tyrick Mitchell,8,6,False
0,0,0,0,0,0,0,0,0,0,0,0,0,0.0,0.0,0.0,0.0,0,0,0,0,0,0.00,0.00,0.00,0.00,0,False,259,25,2025-26,Borna Sosa,8,6,False
90,0,0,0,1,0,0,0,1,0,0,0,11,35.4,1.8,19.0,5.6,11,3,1,12,1,0.04,0.01,0.05,1.21,3,False,260,25,2025-26,Marc Guéhi,13,12,False
90,0,0,1,0,0,0,0,0,0,0,2,27,15.8,0.2,2.0,1.8,7,1,2,9,1,0.00,0.03,0.03,0.85,8,False,261,25,2025-26,Chris Richards,8,6,False
0,0,0,0,0,0,0,0,0,0,0,0,0,0.0,0.0,0.0,0.0,0,0,0,0,0,0.00,0.00,0.00,0.00,0,False,262,25,2025-26,Chadi Riad Dnanou,8,6,False
0,0,0,0,0,0,0,0,0,0,0,0,0,0.0,0.0,0.0,0.0,0,0,0,0,0,0.00,0.00,0.00,0.00,0,False,263,25,2025-26,Nathaniel Clyne,8,6,False
0,0,0,0,0,0,0,0,0,0,0,0,0,0.0,0.0,0.0,0.0,0,0,0,0,0,0.00,0.00,0.00,0.00,0,False,264,25,2025-26,Rob Holding,8,6,False
0,0,0,0,0,0,0,0,0,0,0,0,0,0.0,0.0,0.0,0.0,0,0,0,0,0,0.00,0.00,0.00,0.00,0,False,265,25,2025-26,Caleb Kporha,8,6,False
23,0,0,0,0,0,0,0,0,0,0,0,4,0.0,1.2,10.0,1.1,0,2,1,3,0,0.06,0.01,0.07,0.02,1,False,266,25,2025-26,Eberechi Eze,1,17,True
87,1,0,1,0,0,0,0,0,0,0,0,25,29.0,2.5,21.0,5.3,0,4,0,4,1,0.51,0.01,0.52,0.85,8,False,267,25,2025-26,Ismaïla Sarr,8,6,False
0,0,0,0,0,0,0,0,0,0,0,0,0,0.0,0.0,0.0,0.0,0,0,0,0,0,0.00,0.00,0.00,0.00,0,False,268,25,2025-26,Cheick Doucouré,8,6,False
0,0,0,0,0,0,0,0,0,0,0,0,0,0.0,0.0,0.0,0.0,0,0,0,0,0,0.00,0.00,0.00,0.00,0,False,269,25,2025-26,Romain Esse,8,6,False
76,0,0,1,0,0,0,0,1,0,0,0,9,10.0,35.7,0.0,4.6,5,4,1,10,1,0.00,0.36,0.36,0.85,2,False,270,25,2025-26,Will Hughes,8,6,False
13,0,0,0,0,0,0,0,0,0,0,0,5,2.6,0.0,0.0,0.3,0,3,1,4,0,0.00,0.00,0.00,0.00,1,False,271,25,2025-26,Daichi Kamada,8,6,False
90,0,0,1,0,0,0,0,0,0,0,0,17,25.0,0.8,10.0,3.6,10,5,4,19,1,0.00,0.03,0.03,0.85,5,False,272,25,2025-26,Jefferson Lerma Solís,8,6,False
90,0,0,1,0,0,0,0,0,0,0,0,10,3.2,2.3,5.0,1.1,1,4,1,6,1,0.02,0.02,0.04,0.85,3,False,273,25,2025-26,Adam Wharton,8,6,False
0,0,0,0,0,0,0,0,0,0,0,0,0,0.0,0.0,0.0,0.0,0,0,0,0,0,0.00,0.00,0.00,0.00,0,False,274,25,2025-26,Asher Agbinone,8,6,False
0,0,0,0,0,0,0,0,0,0,0,0,0,0.0,0.0,0.0,0.0,0,0,0,0,0,0.00,0.00,0.00,0.00,0,False,275,25,2025-26,Naouirou Ahamada,8,6,False
0,0,0,0,0,0,0,0,0,0,0,0,0,0.0,0.0,0.0,0.0,0,0,0,0,0,0.00,0.00,0.00,0.00,0,False,276,25,2025-26,Justin Devenny,8,6,False
0,0,0,0,0,0,0,0,0,0,0,0,0,0.0,0.0,0.0,0.0,0,0,0,0,0,0.00,0.00,0.00,0.00,0,False,277,25,2025-26,Malcolm Ebiowei,8,6,False
0,0,0,0,0,0,0,0,0,0,0,0,0,0.0,0.0,0.0,0.0,0,0,0,0,0,0.00,0.00,0.00,0.00,0,False,278,25,2025-26,Jesurun Rak-Sakyi,8,6,False
0,0,0,0,0,0,0,0,0,0,0,0,0,0.0,0.0,0.0,0.0,0,0,0,0,0,0.00,0.00,0.00,0.00,0,False,279,25,2025-26,Matheus França de Oliveira,8,6,False
0,0,0,0,0,0,0,0,0,0,0,0,0,0.0,0.0,0.0,0.0,0,0,0,0,0,0.00,0.00,0.00,0.00,0,False,280,25,2025-26,David Ozoh,8,6,False
0,0,0,0,0,0,0,0,0,0,0,0,0,0.0,0.0,0.0,0.0,0,0,0,0,0,0.00,0.00,0.00,0.00,0,False,281,25,2025-26,Kaden Rodney,8,6,False
0,0,0,0,0,0,0,0,0,0,0,0,0,0.0,0.0,0.0,0.0,0,0,0,0,0,0.00,0.00,0.00,0.00,0,False,282,25,2025-26,Franco Umeh-Chibueze,8,6,False
0,0,0,0,0,0,0,0,0,0,0,0,0,0.0,0.0,0.0,0.0,0,0,0,0,0,0.00,0.00,0.00,0.00,0,False,283,25,2025-26,Jean-Philippe Mateta,8,6,False
0,0,0,0,0,0,0,0,0,0,0,0,0,0.0,0.0,0.0,0.0,0,0,0,0,0,0.00,0.00,0.00,0.00,0,False,284,25,2025-26,Eddie Nketiah,8,6,False
0,0,0,0,0,0,0,0,0,0,0,0,0,0.0,0.0,0.0,0.0,0,0,0,0,0,0.00,0.00,0.00,0.00,0,False,285,25,2025-26,Odsonne Édouard,8,6,False
0,0,0,0,0,0,0,0,0,0,0,0,0,0.0,0.0,0.0,0.0,0,0,0,0,0,0.00,0.00,0.00,0.00,0,False,286,25,2025-26,Zach Marsh,8,6,False
90,0,0,0,1,0,0,0,1,0,3,0,10,28.2,0.0,0.0,2.8,2,3,0,0,1,0.00,0.00,0.00,1.97,2,False,287,25,2025-26,Jordan Pickford,9,10,False
0,0,0,0,0,0,0,0,0,0,0,0,0,0.0,0.0,0.0,0.0,0,0,0,0,0,0.00,0.00,0.00,0.00,0,False,288,25,2025-26,Mark Travers,9,10,False
0,0,0,0,0,0,0,0,0,0,0,0,0,0.0,0.0,0.0,0.0,0,0,0,0,0,0.00,0.00,0.00,0.00,0,False,289,25,2025-26,Harry Tyrer,9,10,False
5,0,0,0,0,0,0,0,0,0,0,0,5,7.2,0.0,0.0,0.7,5,1,0,5,0,0.00,0.00,0.00,0.08,1,False,290,25,2025-26,Jarrad Branthwaite,9,10,False
90,0,0,0,1,0,0,0,0,0,0,0,1,1.2,0.3,7.0,0.9,3,3,0,3,1,0.24,0.00,0.24,1.97,2,False,291,25,2025-26,James Tarkowski,9,10,False
84,0,1,0,1,1,0,0,1,0,0,0,10,15.4,16.5,4.0,3.6,3,4,0,3,1,0.00,0.19,0.19,1.89,2,False,292,25,2025-26,Vitalii Mykolenko,9,10,False
90,0,0,0,1,0,0,0,1,0,0,0,12,23.2,15.2,11.0,4.9,7,5,3,10,1,0.15,0.06,0.21,1.97,3,False,293,25,2025-26,Jake O'Brien,9,10,False
0,0,0,0,0,0,0,0,0,0,0,0,0,0.0,0.0,0.0,0.0,0,0,0,0,0,0.00,0.00,0.00,0.00,0,False,294,25,2025-26,Séamus Coleman,9,10,False
90,0,0,0,1,0,0,0,0,0,0,0,15,20.0,0.8,6.0,2.7,8,3,2,10,1,0.11,0.00,0.11,1.97,4,False,295,25,2025-26,Michael Keane,9,10,False
0,0,0,0,0,0,0,0,0,0,0,0,0,0.0,0.0,0.0,0.0,0,0,0,0,0,0.00,0.00,0.00,0.00,0,False,296,25,2025-26,Nathan Patterson,9,10,False
0,0,0,0,0,0,0,0,0,0,0,0,0,0.0,0.0,0.0,0.0,0,0,0,0,0,0.00,0.00,0.00,0.00,0,False,297,25,2025-26,Roman Dixon,9,10,False
0,0,0,0,0,0,0,0,0,0,0,0,0,0.0,0.0,0.0,0.0,0,0,0,0,0,0.00,0.00,0.00,0.00,0,False,298,25,2025-26,Reece Welch,9,10,False
90,0,0,0,1,0,0,0,0,0,0,0,15,8.6,16.3,5.0,3.0,0,7,3,10,1,0.07,0.03,0.10,1.97,2,False,299,25,2025-26,Iliman Ndiaye,9,10,False
0,0,0,0,0,0,0,0,0,0,0,0,0,0.0,0.0,0.0,0.0,0,0,0,0,0,0.00,0.00,0.00,0.00,0,False,300,25,2025-26,Dwight McNeil,9,10,False
0,0,0,0,0,0,0,0,0,0,0,0,0,0.0,0.0,0.0,0.0,0,0,0,0,0,0.00,0.00,0.00,0.00,0,False,301,25,2025-26,Carlos Alcaraz Durán,9,10,False
90,0,0,0,1,0,0,0,1,0,0,0,14,12.6,14.8,11.0,3.8,2,6,1,9,1,0.05,0.04,0.09,1.97,1,False,302,25,2025-26,Idrissa Gana Gueye,9,10,False
90,0,0,0,1,0,0,0,1,0,0,1,19,25.4,59.3,7.0,9.2,6,4,4,14,1,0.03,0.56,0.59,1.97,4,False,303,25,2025-26,James Garner,9,10,False
1,0,0,0,0,0,0,0,0,0,0,0,3,0.0,0.0,0.0,0.0,0,0,0,0,0,0.00,0.00,0.00,0.00,1,False,304,25,2025-26,Tim Iroegbunam,9,10,False
68,0,0,0,1,0,0,0,0,0,0,0,10,4.2,12.5,8.0,2.5,1,3,2,6,1,0.37,0.01,0.38,1.82,2,False,305,25,2025-26,Harrison Armstrong,9,10,False
0,0,0,0,0,0,0,0,0,0,0,0,0,0.0,0.0,0.0,0.0,0,0,0,0,0,0.00,0.00,0.00,0.00,0,False,306,25,2025-26,Callum Bates,9,10,False
0,0,0,0,0,0,0,0,0,0,0,0,0,0.0,0.0,0.0,0.0,0,0,0,0,0,0.00,0.00,0.00,0.00,0,False,307,25,2025-26,Coby Ebere,9,10,False
0,0,0,0,0,0,0,0,0,0,0,0,0,0.0,0.0,0.0,0.0,0,0,0,0,0,0.00,0.00,0.00,0.00,0,False,308,25,2025-26,Isaac Heath,9,10,False
0,0,0,0,0,0,0,0,0,0,0,0,0,0.0,0.0,0.0,0.0,0,0,0,0,0,0.00,0.00,0.00,0.00,0,False,309,25,2025-26,Jenson Metcalfe,9,10,False
68,0,0,0,1,0,0,0,0,0,0,0,-1,0.0,13.8,25.0,3.3,0,1,0,1,1,0.56,0.00,0.56,1.82,2,False,310,25,2025-26,Thierno Barry,9,10,False
21,0,0,0,0,0,0,0,0,0,0,0,0,3.0,0.3,4.0,0.7,1,0,0,1,0,0.00,0.00,0.00,0.15,1,False,311,25,2025-26,Norberto Bercique Gomes Betuncal,9,10,False
0,0,0,0,0,0,0,0,0,0,0,0,0,0.0,0.0,0.0,0.0,0,0,0,0,0,0.00,0.00,0.00,0.00,0,False,312,25,2025-26,Youssef Ramalho Chermiti,9,10,False
0,0,0,0,0,0,0,0,0,0,0,0,0,0.0,0.0,0.0,0.0,0,0,0,0,0,0.00,0.00,0.00,0.00,0,False,313,25,2025-26,Martin Sherif,9,10,False
90,0,0,0,2,1,0,0,0,0,2,0,5,9.8,0.0,0.0,1.0,2,14,1,0,1,0.00,0.00,0.00,1.88,-1,False,314,25,2025-26,Bernd Leno,10,9,True
0,0,0,0,0,0,0,0,0,0,0,0,0,0.0,0.0,0.0,0.0,0,0,0,0,0,0.00,0.00,0.00,0.00,0,False,315,25,2025-26,Steven Benda,10,9,True
0,0,0,0,0,0,0,0,0,0,0,0,0,0.0,0.0,0.0,0.0,0,0,0,0,0,0.00,0.00,0.00,0.00,0,False,316,25,2025-26,Antonee Robinson,10,9,True
90,0,0,0,2,0,0,0,0,0,0,0,5,23.8,11.7,4.0,4.0,4,3,5,9,1,0.09,0.01,0.10,1.88,1,False,317,25,2025-26,Joachim Andersen,10,9,True
0,0,0,0,0,0,0,0,0,0,0,0,0,0.0,0.0,0.0,0.0,0,0,0,0,0,0.00,0.00,0.00,0.00,0,False,318,25,2025-26,Calvin Bassey,10,9,True
82,0,0,0,1,0,0,0,0,0,0,0,6,13.2,1.3,2.0,1.7,5,3,0,5,1,0.00,0.02,0.02,1.88,2,False,319,25,2025-26,Timothy Castagne,10,9,True
0,0,0,0,0,0,0,0,0,0,0,0,0,0.0,0.0,0.0,0.0,0,0,0,0,0,0.00,0.00,0.00,0.00,0,False,320,25,2025-26,Issa Diop,10,9,True
90,0,0,0,2,0,0,0,1,0,0,0,3,19.2,1.1,0.0,2.0,10,3,1,11,1,0.00,0.01,0.01,1.88,2,False,321,25,2025-26,Jorge Cuenca Barreno,10,9,True
7,0,0,0,1,0,0,0,0,0,0,0,2,6.4,19.8,0.0,2.6,0,1,0,0,0,0.00,0.11,0.11,0.00,1,False,322,25,2025-26,Kenny Tete,10,9,True
0,0,0,0,0,0,0,0,0,0,0,0,0,0.0,0.0,0.0,0.0,0,0,0,0,0,0.00,0.00,0.00,0.00,0,False,323,25,2025-26,Samuel Amissah,10,9,True
90,0,0,0,2,0,0,0,0,0,0,2,20,15.0,39.0,4.0,5.8,1,5,2,8,1,0.00,0.53,0.53,1.88,4,False,324,25,2025-26,Alex Iwobi,10,9,True
82,0,0,0,1,0,0,0,0,0,0,0,12,9.6,14.8,25.0,4.9,1,1,2,4,1,0.46,0.17,0.63,1.88,2,False,325,25,2025-26,Emile Smith Rowe,10,9,True
1,0,0,0,0,0,0,0,0,0,0,0,3,0.2,0.1,0.0,0.0,0,0,0,0,0,0.00,0.00,0.00,0.00,1,False,326,25,2025-26,Adama Traoré Diarra,19,3,False
0,0,0,0,0,0,0,0,0,0,0,0,0,0.0,0.0,0.0,0.0,0,0,0,0,0,0.00,0.00,0.00,0.00,0,False,327,25,2025-26,Andreas Hoelgebaum Pereira,10,9,True
90,0,0,0,2,0,0,0,0,0,0,0,16,18.4,26.7,4.0,4.9,5,3,2,10,1,0.00,0.36,0.36,1.88,2,False,328,25,2025-26,Ryan Sessegnon,10,9,True
90,0,0,0,2,0,0,0,0,0,0,0,13,2.8,16.8,10.0,3.0,1,2,0,3,1,0.19,0.53,0.72,1.88,2,False,329,25,2025-26,Harry Wilson,10,9,True
90,0,0,0,2,0,0,0,0,0,0,0,16,10.8,4.8,14.0,3.0,2,3,2,7,1,0.32,0.04,0.36,1.88,2,False,330,25,2025-26,Sander Berge,10,9,True
0,0,0,0,0,0,0,0,0,0,0,0,0,0.0,0.0,0.0,0.0,0,0,0,0,0,0.00,0.00,0.00,0.00,0,False,331,25,2025-26,Tom Cairney,10,9,True
0,0,0,0,0,0,0,0,0,0,0,0,0,0.0,0.0,0.0,0.0,0,0,0,0,0,0.00,0.00,0.00,0.00,0,False,332,25,2025-26,Saša Lukić,10,9,True
0,0,0,0,0,0,0,0,0,0,0,0,0,0.0,0.0,0.0,0.0,0,0,0,0,0,0.00,0.00,0.00,0.00,0,False,333,25,2025-26,Martial Godo,10,9,True
0,0,0,0,0,0,0,0,0,0,0,0,0,0.0,0.0,0.0,0.0,0,0,0,0,0,0.00,0.00,0.00,0.00,0,False,334,25,2025-26,Luke Harris,10,9,True
0,0,0,0,0,0,0,0,0,0,0,0,0,0.0,0.0,0.0,0.0,0,0,0,0,0,0.00,0.00,0.00,0.00,0,False,335,25,2025-26,Josh King,10,9,True
0,0,0,0,0,0,0,0,0,0,0,0,0,0.0,0.0,0.0,0.0,0,0,0,0,0,0.00,0.00,0.00,0.00,0,False,336,25,2025-26,Harrison Reed,10,9,True
74,0,1,1,0,0,0,0,0,0,0,0,16,13.8,16.6,25.0,5.5,1,1,4,6,1,0.55,0.01,0.56,1.60,5,False,337,25,2025-26,Raúl Jiménez Rodríguez,10,9,True
15,0,0,0,2,0,0,0,0,0,0,0,0,0.0,0.0,10.0,0.5,0,0,0,0,0,0.13,0.00,0.13,0.28,1,False,338,25,2025-26,Rodrigo Muniz Carvalho,10,9,True
0,0,0,0,0,0,0,0,0,0,0,0,0,0.0,0.0,0.0,0.0,0,0,0,0,0,0.00,0.00,0.00,0.00,0,False,339,25,2025-26,Illan Meslier,11,16,True
0,0,0,0,0,0,0,0,0,0,0,0,0,0.0,0.0,0.0,0.0,0,0,0,0,0,0.00,0.00,0.00,0.00,0,False,340,25,2025-26,Alex Cairns,11,16,True
90,0,0,0,1,0,0,0,0,0,5,0,20,42.8,0.0,0.0,4.3,1,8,0,0,1,0.00,0.00,0.00,1.33,3,False,341,25,2025-26,Karl Darlow,11,16,True
90,1,0,0,1,0,0,0,0,0,0,0,28,51.6,7.8,21.0,8.0,2,1,5,7,1,0.64,0.03,0.67,1.24,8,False,342,25,2025-26,Jayden Bogle,11,16,True
90,0,0,0,1,0,0,0,0,0,0,0,14,37.8,0.4,8.0,4.6,14,3,1,15,1,0.11,0.01,0.12,1.33,4,False,343,25,2025-26,Pascal Struijk,11,16,True
0,0,0,0,0,0,0,0,0,0,0,0,0,0.0,0.0,0.0,0.0,0,0,0,0,0,0.00,0.00,0.00,0.00,0,False,344,25,2025-26,Jaka Bijol,11,16,True
1,0,0,0,0,0,0,0,0,0,0,0,3,0.0,0.0,0.0,0.0,0,0,0,0,0,0.00,0.00,0.00,0.09,1,False,345,25,2025-26,Sebastiaan Bornauw,11,16,True
0,0,0,0,0,0,0,0,0,0,0,0,0,0.0,0.0,0.0,0.0,0,0,0,0,0,0.00,0.00,0.00,0.00,0,False,346,25,2025-26,Sam Byram,11,16,True
90,0,0,0,1,0,0,0,0,0,0,0,17,27.2,20.3,6.0,5.4,3,2,5,8,1,0.00,0.10,0.10,1.33,2,False,347,25,2025-26,Gabriel Gudmundsson,11,16,True
90,0,0,0,1,0,0,0,0,0,0,0,14,24.0,0.5,7.0,3.2,8,3,2,10,1,0.03,0.08,0.11,1.33,4,False,348,25,2025-26,Joe Rodon,11,16,True
0,0,0,0,0,0,0,0,0,0,0,0,0,0.0,0.0,0.0,0.0,0,0,0,0,0,0.00,0.00,0.00,0.00,0,False,349,25,2025-26,Isaac Schmidt,11,16,True
77,0,0,1,0,0,0,0,0,0,0,0,13,7.4,12.2,11.0,3.1,0,7,2,9,1,0.21,0.04,0.25,1.06,3,False,350,25,2025-26,Brenden Aaronson,11,16,True
0,0,0,0,0,0,0,0,0,0,0,0,0,0.0,0.0,0.0,0.0,0,0,0,0,0,0.00,0.00,0.00,0.00,0,False,351,25,2025-26,Wilfried Gnonto,11,16,True
0,0,0,0,0,0,0,0,0,0,0,0,0,0.0,0.0,0.0,0.0,0,0,0,0,0,0.00,0.00,0.00,0.00,0,False,352,25,2025-26,Jack Harrison,11,16,True
12,0,0,0,1,0,0,0,0,0,0,0,3,0.2,0.8,6.0,0.7,0,1,0,1,0,0.00,0.01,0.01,0.28,1,False,353,25,2025-26,Daniel James,11,16,True
90,0,0,0,1,0,0,0,0,0,0,0,12,14.4,13.6,0.0,2.8,4,1,2,7,1,0.00,0.03,0.03,1.33,2,False,354,25,2025-26,Ethan Ampadu,11,16,True
0,0,0,0,0,0,0,0,0,0,0,0,0,0.0,0.0,0.0,0.0,0,0,0,0,0,0.00,0.00,0.00,0.00,0,False,355,25,2025-26,Sam Greenwood,11,16,True
90,0,2,0,1,0,0,0,0,0,0,3,45,55.8,50.3,40.0,14.6,4,4,0,8,1,0.29,0.43,0.72,1.33,11,True,356,25,2025-26,Ilia Gruev,11,16,True
0,0,0,0,0,0,0,0,0,0,0,0,0,0.0,0.0,0.0,0.0,0,0,0,0,0,0.00,0.00,0.00,0.00,0,False,357,25,2025-26,Largie Ramazani,11,16,True
0,0,0,0,0,0,0,0,0,0,0,0,0,0.0,0.0,0.0,0.0,0,0,0,0,0,0.00,0.00,0.00,0.00,0,False,358,25,2025-26,Tanaka Ao,11,16,True
0,0,0,0,0,0,0,0,0,0,0,0,0,0.0,0.0,0.0,0.0,0,0,0,0,0,0.00,0.00,0.00,0.00,0,False,359,25,2025-26,Charlie Crew,11,16,True
0,0,0,0,0,0,0,0,0,0,0,0,0,0.0,0.0,0.0,0.0,0,0,0,0,0,0.00,0.00,0.00,0.00,0,False,360,25,2025-26,Joe Gelhardt,11,16,True
0,0,0,0,0,0,0,0,0,0,0,0,0,0.0,0.0,0.0,0.0,0,0,0,0,0,0.00,0.00,0.00,0.00,0,False,361,25,2025-26,Darko Gyabi,11,16,True
0,0,0,0,0,0,0,0,0,0,0,0,0,0.0,0.0,0.0,0.0,0,0,0,0,0,0.00,0.00,0.00,0.00,0,False,362,25,2025-26,Joël Piroe,11,16,True
0,0,0,0,0,0,0,0,0,0,0,0,0,0.0,0.0,0.0,0.0,0,0,0,0,0,0.00,0.00,0.00,0.00,0,False,363,25,2025-26,Patrick Bamford,11,16,True
0,0,0,0,0,0,0,0,0,0,0,0,0,0.0,0.0,0.0,0.0,0,0,0,0,0,0.00,0.00,0.00,0.00,0,False,364,25,2025-26,Mateo Joseph Fernández-Regatillo,11,16,True
0,0,0,0,0,0,0,0,0,0,0,0,0,0.0,0.0,0.0,0.0,0,0,0,0,0,0.00,0.00,0.00,0.00,0,False,365,25,2025-26,Lukas Nmecha,11,16,True
90,0,0,0,2,0,0,0,1,0,5,0,10,33.8,0.0,0.0,3.4,0,11,0,0,1,0.00,0.00,0.00,2.91,1,False,366,25,2025-26,Alisson Becker,12,13,True
0,0,0,0,0,0,0,0,0,0,0,0,0,0.0,0.0,0.0,0.0,0,0,0,0,0,0.00,0.00,0.00,0.00,0,False,367,25,2025-26,Giorgi Mamardashvili,12,13,True
0,0,0,0,0,0,0,0,0,0,0,0,0,0.0,0.0,0.0,0.0,0,0,0,0,0,0.00,0.00,0.00,0.00,0,False,368,25,2025-26,Ármin Pécsi,12,13,True
0,0,0,0,0,0,0,0,0,0,0,0,0,0.0,0.0,0.0,0.0,0,0,0,0,0,0.00,0.00,0.00,0.00,0,False,369,25,2025-26,Freddie Woodman,12,13,True
0,0,0,0,0,0,0,0,0,0,0,0,0,0.0,0.0,0.0,0.0,0,0,0,0,0,0.00,0.00,0.00,0.00,0,False,370,25,2025-26,Jeremie Frimpong,12,13,True
90,0,0,0,2,0,0,0,0,0,0,0,5,16.8,9.9,0.0,2.7,4,3,2,6,1,0.00,0.02,0.02,2.60,1,False,371,25,2025-26,Milos Kerkez,12,13,True
0,0,0,0,0,0,0,0,0,0,0,0,0,0.0,0.0,0.0,0.0,0,0,0,0,0,0.00,0.00,0.00,0.00,0,False,372,25,2025-26,Andrew Robertson,12,13,True
90,0,0,0,2,0,0,0,1,0,0,0,0,16.6,11.4,4.0,3.2,7,2,1,8,1,0.00,0.02,0.02,2.91,0,False,373,25,2025-26,Virgil van Dijk,12,13,True
90,0,0,0,2,0,0,0,0,0,0,0,9,18.4,1.2,0.0,2.0,5,8,4,9,1,0.00,0.02,0.02,2.91,1,False,374,25,2025-26,Ibrahima Konaté,12,13,True
0,0,0,0,0,0,0,0,0,0,0,0,0,0.0,0.0,0.0,0.0,0,0,0,0,0,0.00,0.00,0.00,0.00,0,False,375,25,2025-26,Conor Bradley,12,13,True
0,0,0,0,0,0,0,0,0,0,0,0,0,0.0,0.0,0.0,0.0,0,0,0,0,0,0.00,0.00,0.00,0.00,0,False,376,25,2025-26,Joe Gomez,12,13,True
0,0,0,0,0,0,0,0,0,0,0,0,0,0.0,0.0,0.0,0.0,0,0,0,0,0,0.00,0.00,0.00,0.00,0,False,377,25,2025-26,Konstantinos Tsimikas,12,13,True
0,0,0,0,0,0,0,0,0,0,0,0,0,0.0,0.0,0.0,0.0,0,0,0,0,0,0.00,0.00,0.00,0.00,0,False,378,25,2025-26,Amara Nallo,12,13,True
0,0,0,0,0,0,0,0,0,0,0,0,0,0.0,0.0,0.0,0.0,0,0,0,0,0,0.00,0.00,0.00,0.00,0,False,379,25,2025-26,Rhys Williams,12,13,True
0,0,0,0,0,0,0,0,0,0,0,0,0,0.0,0.0,0.0,0.0,0,0,0,0,0,0.00,0.00,0.00,0.00,0,False,380,25,2025-26,Calvin Ramsay,12,13,True
90,0,0,0,2,0,0,0,0,0,0,0,4,0.0,23.5,28.0,5.1,1,2,1,4,1,0.33,0.40,0.73,2.91,2,False,381,25,2025-26,Mohamed Salah,12,13,True
90,0,0,0,2,0,0,0,0,0,0,0,8,8.6,17.7,9.0,3.5,1,2,2,5,1,0.16,0.03,0.19,2.91,2,False,382,25,2025-26,Florian Wirtz,12,13,True
0,0,0,0,0,0,0,0,0,0,0,0,0,0.0,0.0,0.0,0.0,0,0,0,0,0,0.00,0.00,0.00,0.00,0,False,383,25,2025-26,Luis Díaz Marulanda,12,13,True
84,0,0,0,1,0,0,0,0,0,0,0,9,13.0,32.4,6.0,5.1,1,4,2,7,1,0.00,0.30,0.30,1.81,2,False,384,25,2025-26,Cody Gakpo,12,13,True
1,0,0,0,0,0,0,0,0,0,0,0,5,4.4,0.3,19.0,2.4,0,0,0,0,0,0.01,0.01,0.02,0.31,1,False,385,25,2025-26,Federico Chiesa,12,13,True
90,0,0,0,2,0,0,0,0,0,0,0,12,9.4,21.5,9.0,4.0,0,3,0,3,1,0.03,0.02,0.05,2.91,2,False,386,25,2025-26,Alexis Mac Allister,12,13,True
90,1,0,0,2,0,0,0,0,1,0,2,32,45.8,33.3,19.0,9.8,5,7,2,14,1,0.06,0.19,0.25,2.83,8,False,387,25,2025-26,Dominik Szoboszlai,12,13,True
5,0,0,0,1,0,0,0,0,0,0,0,3,0.8,0.8,0.0,0.2,0,2,0,2,0,0.00,0.01,0.01,1.10,1,False,388,25,2025-26,Curtis Jones,12,13,True
0,0,0,0,0,0,0,0,0,0,0,0,0,0.0,0.0,0.0,0.0,0,0,0,0,0,0.00,0.00,0.00,0.00,0,False,389,25,2025-26,Harvey Elliott,2,4,False
90,0,1,0,2,0,0,0,0,0,0,0,24,11.6,13.4,1.0,2.6,3,6,2,11,1,0.02,0.03,0.05,2.91,5,False,390,25,2025-26,Ryan Gravenberch,12,13,True
0,0,0,0,0,0,0,0,0,0,0,0,0,0.0,0.0,0.0,0.0,0,0,0,0,0,0.00,0.00,0.00,0.00,0,False,391,25,2025-26,Ben Gannon-Doak,4,2,True
0,0,0,0,0,0,0,0,0,0,0,0,0,0.0,0.0,0.0,0.0,0,0,0,0,0,0.00,0.00,0.00,0.00,0,False,392,25,2025-26,Endo Wataru,12,13,True
0,0,0,0,0,0,0,0,0,0,0,0,0,0.0,0.0,0.0,0.0,0,0,0,0,0,0.00,0.00,0.00,0.00,0,False,393,25,2025-26,Stefan Bajčetić Maquieira,12,13,True
0,0,0,0,0,0,0,0,0,0,0,0,0,0.0,0.0,0.0,0.0,0,0,0,0,0,0.00,0.00,0.00,0.00,0,False,394,25,2025-26,James McConnell,12,13,True
0,0,0,0,0,0,0,0,0,0,0,0,0,0.0,0.0,0.0,0.0,0,0,0,0,0,0.00,0.00,0.00,0.00,0,False,395,25,2025-26,Tyler Morton,12,13,True
0,0,0,0,0,0,0,0,0,0,0,0,0,0.0,0.0,0.0,0.0,0,0,0,0,0,0.00,0.00,0.00,0.00,0,False,396,25,2025-26,Trey Nyoni,12,13,True
0,0,0,0,0,0,0,0,0,0,0,0,0,0.0,0.0,0.0,0.0,0,0,0,0,0,0.00,0.00,0.00,0.00,0,False,397,25,2025-26,Darwin Núñez Ribeiro,12,13,True
0,0,0,0,0,0,0,0,0,0,0,0,0,0.0,0.0,0.0,0.0,0,0,0,0,0,0.00,0.00,0.00,0.00,0,False,398,25,2025-26,Jayden Danns,12,13,True
0,0,0,0,0,0,0,0,0,0,0,0,0,0.0,0.0,0.0,0.0,0,0,0,0,0,0.00,0.00,0.00,0.00,0,False,399,25,2025-26,Ederson Santana de Moraes,13,12,False
90,0,0,0,3,0,0,0,0,0,2,0,1,18.6,0.0,0.0,1.9,0,4,0,0,1,0.00,0.01,0.01,2.50,1,False,400,25,2025-26,Stefan Ortega Moreno,16,11,False
0,0,0,0,0,0,0,0,0,0,0,0,0,0.0,0.0,0.0,0.0,0,0,0,0,0,0.00,0.00,0.00,0.00,0,False,401,25,2025-26,Marcus Bettinelli,13,12,False
90,0,0,0,1,0,0,0,0,0,0,0,15,11.2,14.7,23.0,4.9,4,7,1,5,1,0.23,0.17,0.40,1.21,2,False,402,25,2025-26,Rayan Aït-Nouri,13,12,False
0,0,0,0,0,0,0,0,0,0,0,0,0,0.0,0.0,0.0,0.0,0,0,0,0,0,0.00,0.00,0.00,0.00,0,False,403,25,2025-26,Joško Gvardiol,13,12,False
0,0,0,0,0,0,0,0,0,0,0,0,0,0.0,0.0,0.0,0.0,0,0,0,0,0,0.00,0.00,0.00,0.00,0,False,404,25,2025-26,Manuel Akanji,13,12,False
1,0,0,0,0,0,0,0,0,0,0,0,5,5.0,10.0,0.0,1.5,2,0,0,2,0,0.00,0.00,0.00,0.03,1,False,405,25,2025-26,Nathan Aké,13,12,False
60,0,0,1,0,0,0,0,0,0,0,0,19,2.2,0.4,4.0,0.7,3,3,0,3,1,0.30,0.00,0.30,0.84,6,False,406,25,2025-26,Abdukodir Khusanov,13,12,False
90,0,1,0,1,0,0,0,0,0,0,0,27,19.2,20.8,2.0,4.2,6,6,1,7,1,0.00,0.06,0.06,1.21,5,False,407,25,2025-26,Matheus Nunes,13,12,False
29,0,0,0,1,0,0,0,0,0,0,0,-2,5.2,0.8,1.0,0.7,3,2,0,3,0,0.03,0.01,0.04,0.37,1,False,408,25,2025-26,Rúben dos Santos Gato Alves Dias,13,12,False
0,0,0,0,0,0,0,0,0,0,0,0,0,0.0,0.0,0.0,0.0,0,0,0,0,0,0.00,0.00,0.00,0.00,0,False,409,25,2025-26,John Stones,13,12,False
0,0,0,0,0,0,0,0,0,0,0,0,0,0.0,0.0,0.0,0.0,0,0,0,0,0,0.00,0.00,0.00,0.00,0,False,410,25,2025-26,Rico Lewis,13,12,False
90,0,0,0,1,0,0,0,0,0,0,0,9,8.2,4.1,0.0,1.2,0,2,5,5,1,0.00,0.01,0.01,1.21,2,False,411,25,2025-26,Nico O'Reilly,13,12,False
0,0,0,0,0,0,0,0,0,0,0,0,0,0.0,0.0,0.0,0.0,0,0,0,0,0,0.00,0.00,0.00,0.00,0,False,412,25,2025-26,Vitor de Oliveira Nunes dos Reis,13,12,False
60,0,0,1,0,0,0,0,1,0,0,0,2,0.0,36.4,10.0,4.5,0,1,0,1,1,0.08,0.04,0.12,0.84,2,False,413,25,2025-26,Omar Marmoush,13,12,False
0,0,0,0,0,0,0,0,0,0,0,0,0,0.0,0.0,0.0,0.0,0,0,0,0,0,0.00,0.00,0.00,0.00,0,False,414,25,2025-26,Phil Foden,13,12,False
0,0,0,0,0,0,0,0,0,0,0,0,0,0.0,0.0,0.0,0.0,0,0,0,0,0,0.00,0.00,0.00,0.00,0,False,415,25,2025-26,Sávio Moreira de Oliveira,13,12,False
90,1,0,0,1,0,0,0,1,0,0,1,30,43.2,32.3,21.0,9.7,2,5,0,7,1,0.55,0.58,1.13,1.21,7,False,416,25,2025-26,Bernardo Mota Veiga de Carvalho e Silva,13,12,False
29,0,0,0,1,0,0,0,0,0,0,0,0,2.2,2.9,1.0,0.6,0,1,2,3,0,0.08,0.02,0.10,0.37,1,False,417,25,2025-26,Rayan Cherki,13,12,False
0,0,0,0,0,0,0,0,0,0,0,0,0,0.0,0.0,0.0,0.0,0,0,0,0,0,0.00,0.00,0.00,0.00,0,False,418,25,2025-26,Jérémy Doku,13,12,False
0,0,0,0,0,0,0,0,0,0,0,0,0,0.0,0.0,0.0,0.0,0,0,0,0,0,0.00,0.00,0.00,0.00,0,False,419,25,2025-26,Jack Grealish,9,10,False
0,0,0,0,0,0,0,0,0,0,0,0,0,0.0,0.0,0.0,0.0,0,0,0,0,0,0.00,0.00,0.00,0.00,0,False,420,25,2025-26,İlkay Gündoğan,13,12,False
90,0,0,0,1,0,0,0,0,0,0,0,21,23.6,45.0,4.0,7.3,5,4,4,13,1,0.09,0.06,0.15,1.21,4,False,421,25,2025-26,Rodrigo 'Rodri' Hernandez Cascante,13,12,False
0,0,0,0,0,0,0,0,0,0,0,0,0,0.0,0.0,0.0,0.0,0,0,0,0,0,0.00,0.00,0.00,0.00,0,False,422,25,2025-26,Mateo Kovačić,13,12,False
0,0,0,0,0,0,0,0,0,0,0,0,0,0.0,0.0,0.0,0.0,0,0,0,0,0,0.00,0.00,0.00,0.00,0,False,423,25,2025-26,Nico González Iglesias,13,12,False
7,0,0,0,1,0,0,0,0,0,0,0,3,0.2,0.6,0.0,0.1,0,1,0,1,0,0.00,0.00,0.00,0.00,1,False,424,25,2025-26,Oscar Bobb,10,9,True
0,0,0,0,0,0,0,0,0,0,0,0,0,0.0,0.0,0.0,0.0,0,0,0,0,0,0.00,0.00,0.00,0.00,0,False,425,25,2025-26,Claudio Echeverri,13,12,False
0,0,0,0,0,0,0,0,0,0,0,0,0,0.0,0.0,0.0,0.0,0,0,0,0,0,0.00,0.00,0.00,0.00,0,False,426,25,2025-26,James McAtee,16,11,False
0,0,0,0,0,0,0,0,0,0,0,0,0,0.0,0.0,0.0,0.0,0,0,0,0,0,0.00,0.00,0.00,0.00,0,False,427,25,2025-26,Tijjani Reijnders,13,12,False
0,0,0,0,0,0,0,0,0,0,0,0,0,0.0,0.0,0.0,0.0,0,0,0,0,0,0.00,0.00,0.00,0.00,0,False,428,25,2025-26,Sverre Nypan,13,12,False
0,0,0,0,0,0,0,0,0,0,0,0,0,0.0,0.0,0.0,0.0,0,0,0,0,0,0.00,0.00,0.00,0.00,0,False,429,25,2025-26,Kalvin Phillips,13,12,False
90,1,1,0,1,0,0,0,1,0,0,3,35,60.8,35.3,63.0,15.9,1,0,0,1,1,1.35,0.31,1.66,1.21,11,True,430,25,2025-26,Erling Haaland,13,12,False
0,0,0,0,0,0,0,0,0,0,0,0,0,0.0,0.0,0.0,0.0,0,0,0,0,0,0.00,0.00,0.00,0.00,0,False,431,25,2025-26,Altay Bayındır,14,18,True
0,0,0,0,0,0,0,0,0,0,0,0,0,0.0,0.0,0.0,0.0,0,0,0,0,0,0.00,0.00,0.00,0.00,0,False,432,25,2025-26,André Onana,14,18,True
0,0,0,0,0,0,0,0,0,0,0,0,0,0.0,0.0,0.0,0.0,0,0,0,0,0,0.00,0.00,0.00,0.00,0,False,433,25,2025-26,Elyh Harrison,14,18,True
0,0,0,0,0,0,0,0,0,0,0,0,0,0.0,0.0,0.0,0.0,0,0,0,0,0,0.00,0.00,0.00,0.00,0,False,434,25,2025-26,Tom Heaton,14,18,True
0,0,0,0,0,0,0,0,0,0,0,0,0,0.0,0.0,0.0,0.0,0,0,0,0,0,0.00,0.00,0.00,0.00,0,False,435,25,2025-26,Dermot Mee,14,18,True
0,0,0,0,0,0,0,0,0,0,0,0,0,0.0,0.0,0.0,0.0,0,0,0,0,0,0.00,0.00,0.00,0.00,0,False,436,25,2025-26,Matthijs de Ligt,14,18,True
90,0,0,1,0,0,0,0,0,0,0,1,32,23.2,11.3,0.0,3.5,6,7,2,8,1,0.00,0.06,0.06,0.49,7,False,437,25,2025-26,Lisandro Martínez,14,18,True
3,0,0,0,0,0,0,0,0,0,0,0,2,0.0,0.3,8.0,0.7,0,2,0,0,0,0.04,0.00,0.04,0.02,1,False,438,25,2025-26,Noussair Mazraoui,14,18,True
0,0,0,0,0,0,0,0,0,0,0,0,0,0.0,0.0,0.0,0.0,0,0,0,0,0,0.00,0.00,0.00,0.00,0,False,439,25,2025-26,Diego León Blanco,14,18,True
90,0,1,1,0,0,0,0,0,0,0,3,48,42.2,29.6,8.0,8.0,2,3,4,6,1,0.04,0.10,0.14,0.49,12,True,440,25,2025-26,Diogo Dalot Teixeira,14,18,True
0,0,0,0,0,0,0,0,0,0,0,0,0,0.0,0.0,0.0,0.0,0,0,0,0,0,0.00,0.00,0.00,0.00,0,False,441,25,2025-26,Patrick Dorgu,14,18,True
90,0,0,1,0,0,0,0,0,0,0,0,28,20.6,1.9,0.0,2.3,6,2,0,6,1,0.00,0.02,0.02,0.49,6,False,442,25,2025-26,Harry Maguire,14,18,True
86,0,0,1,0,0,0,0,0,0,0,0,24,5.4,7.7,14.0,2.7,0,4,3,3,1,0.22,0.05,0.26,0.47,6,False,443,25,2025-26,Luke Shaw,14,18,True
0,0,0,0,0,0,0,0,0,0,0,0,0,0.0,0.0,0.0,0.0,0,0,0,0,0,0.00,0.00,0.00,0.00,0,False,444,25,2025-26,Leny Yoro,14,18,True
0,0,0,0,0,0,0,0,0,0,0,0,0,0.0,0.0,0.0,0.0,0,0,0,0,0,0.00,0.00,0.00,0.00,0,False,445,25,2025-26,Harry Amass,14,18,True
0,0,0,0,0,0,0,0,0,0,0,0,0,0.0,0.0,0.0,0.0,0,0,0,0,0,0.00,0.00,0.00,0.00,0,False,446,25,2025-26,Tyler Fredricson,14,18,True
0,0,0,0,0,0,0,0,0,0,0,0,0,0.0,0.0,0.0,0.0,0,0,0,0,0,0.00,0.00,0.00,0.00,0,False,447,25,2025-26,Ayden Heaven,14,18,True
0,0,0,0,0,0,0,0,0,0,0,0,0,0.0,0.0,0.0,0.0,0,0,0,0,0,0.00,0.00,0.00,0.00,0,False,448,25,2025-26,Tyrell Malacia,14,18,True
90,1,0,1,0,0,0,0,0,0,0,2,41,53.2,79.2,41.0,17.3,0,3,0,3,1,0.72,0.51,1.23,0.49,10,False,449,25,2025-26,Bruno Borges Fernandes,14,18,True
74,0,0,1,0,0,0,0,0,0,0,0,12,6.2,17.3,7.0,3.1,0,1,3,4,1,0.03,0.06,0.09,0.47,3,False,450,25,2025-26,Matheus Santos Carneiro da Cunha,14,18,True
0,0,0,0,0,0,0,0,0,0,0,0,0,0.0,0.0,0.0,0.0,0,0,0,0,0,0.00,0.00,0.00,0.00,0,False,451,25,2025-26,Marcus Rashford,14,18,True
90,0,0,1,0,0,0,0,1,0,0,0,14,16.2,37.2,31.0,8.4,0,2,2,4,1,0.02,0.17,0.19,0.49,2,False,452,25,2025-26,Amad Diallo,14,18,True
29,0,0,0,0,0,0,0,0,0,0,0,3,1.6,1.5,2.0,0.5,1,0,0,1,0,0.00,0.02,0.02,0.35,1,False,453,25,2025-26,Alejandro Garnacho Ferreyra,7,20,False
0,0,0,0,0,0,0,0,0,0,0,0,0,0.0,0.0,0.0,0.0,0,0,0,0,0,0.00,0.00,0.00,0.00,0,False,454,25,2025-26,Antony dos Santos,14,18,True
0,0,0,0,0,0,0,0,0,0,0,0,0,0.0,0.0,0.0,0.0,0,0,0,0,0,0.00,0.00,0.00,0.00,0,False,455,25,2025-26,Mason Mount,14,18,True
76,0,1,0,1,0,0,0,0,0,0,0,25,28.0,23.8,11.0,6.3,2,2,2,6,1,0.09,0.05,0.14,1.63,5,False,456,25,2025-26,Jadon Sancho,2,4,False
86,0,0,1,0,0,0,0,0,0,0,0,16,26.2,34.6,39.0,10.0,3,3,1,7,1,0.25,0.42,0.67,0.47,3,False,457,25,2025-26,Carlos Henrique Casimiro,14,18,True
90,0,1,1,0,0,0,0,0,0,0,0,28,36.8,56.6,6.0,9.9,1,4,2,7,1,0.00,0.22,0.22,0.47,6,False,458,25,2025-26,Kobbie Mainoo,14,18,True
3,0,0,0,0,0,0,0,0,0,0,0,3,5.2,1.6,0.0,0.7,1,1,0,2,0,0.00,0.00,0.00,0.02,1,False,459,25,2025-26,Manuel Ugarte Ribeiro,14,18,True
0,0,0,0,0,0,0,0,0,0,0,0,0,0.0,0.0,0.0,0.0,0,0,0,0,0,0.00,0.00,0.00,0.00,0,False,460,25,2025-26,Toby Collyer,14,18,True
0,0,0,0,0,0,0,0,0,0,0,0,0,0.0,0.0,0.0,0.0,0,0,0,0,0,0.00,0.00,0.00,0.00,0,False,461,25,2025-26,Jayce Fitzgerald,14,18,True
0,0,0,0,0,0,0,0,0,0,0,0,0,0.0,0.0,0.0,0.0,0,0,0,0,0,0.00,0.00,0.00,0.00,0,False,462,25,2025-26,Jack Fletcher,14,18,True
0,0,0,0,0,0,0,0,0,0,0,0,0,0.0,0.0,0.0,0.0,0,0,0,0,0,0.00,0.00,0.00,0.00,0,False,463,25,2025-26,Sékou Koné,14,18,True
0,0,0,0,0,0,0,0,0,0,0,0,0,0.0,0.0,0.0,0.0,0,0,0,0,0,0.00,0.00,0.00,0.00,0,False,464,25,2025-26,Jack Moorhouse,14,18,True
0,0,0,0,0,0,0,0,0,0,0,0,0,0.0,0.0,0.0,0.0,0,0,0,0,0,0.00,0.00,0.00,0.00,0,False,465,25,2025-26,Rasmus Højlund,14,18,True
3,0,0,0,0,0,0,0,0,0,0,0,2,0.2,0.7,2.0,0.3,0,0,0,0,0,0.00,0.00,0.00,0.02,1,False,466,25,2025-26,Joshua Zirkzee,14,18,True
0,0,0,0,0,0,0,0,0,0,0,0,0,0.0,0.0,0.0,0.0,0,0,0,0,0,0.00,0.00,0.00,0.00,0,False,467,25,2025-26,Chido Obi,14,18,True
0,0,0,0,0,0,0,0,0,0,0,0,0,0.0,0.0,0.0,0.0,0,0,0,0,0,0.00,0.00,0.00,0.00,0,False,468,25,2025-26,Ethan Wheatley,14,18,True
90,0,0,0,3,0,0,0,0,0,3,0,1,16.4,0.0,0.0,1.6,1,11,0,0,1,0.00,0.00,0.00,1.79,2,False,469,25,2025-26,Nick Pope,15,5,True
90,0,0,0,2,0,0,0,0,0,2,0,9,16.8,0.0,0.0,1.7,1,10,1,0,1,0.00,0.00,0.00,1.02,1,False,470,25,2025-26,Martin Dúbravka,3,19,True
0,0,0,0,0,0,0,0,0,0,0,0,0,0.0,0.0,0.0,0.0,0,0,0,0,0,0.00,0.00,0.00,0.00,0,False,471,25,2025-26,Mark Gillespie,15,5,True
0,0,0,0,0,0,0,0,0,0,0,0,0,0.0,0.0,0.0,0.0,0,0,0,0,0,0.00,0.00,0.00,0.00,0,False,472,25,2025-26,Odysseas Vlachodimos,15,5,True
90,0,0,0,3,0,0,0,1,0,0,0,1,16.8,13.1,6.0,3.6,6,6,0,6,1,0.02,0.02,0.04,1.79,0,False,473,25,2025-26,Lewis Hall,15,5,True
0,0,0,0,0,0,0,0,0,0,0,0,0,0.0,0.0,0.0,0.0,0,0,0,0,0,0.00,0.00,0.00,0.00,0,False,474,25,2025-26,Fabian Schär,15,5,True
90,1,0,0,3,0,0,0,0,0,0,0,18,54.0,1.6,40.0,9.6,9,5,0,9,1,0.29,0.01,0.30,1.79,7,False,475,25,2025-26,Sven Botman,15,5,True
3,0,0,0,0,0,0,0,0,0,0,0,5,5.6,1.1,0.0,0.7,1,0,1,2,0,0.00,0.00,0.00,0.14,1,False,476,25,2025-26,Dan Burn,15,5,True
0,0,0,0,0,0,0,0,0,0,0,0,0,0.0,0.0,0.0,0.0,0,0,0,0,0,0.00,0.00,0.00,0.00,0,False,477,25,2025-26,Tino Livramento,15,5,True
86,0,0,0,3,0,0,0,0,0,0,0,5,14.2,27.4,0.0,4.2,4,3,0,4,1,0.00,0.08,0.08,1.65,1,False,478,25,2025-26,Kieran Trippier,15,5,True
0,0,0,0,0,0,0,0,0,0,0,0,0,0.0,0.0,0.0,0.0,0,0,0,0,0,0.00,0.00,0.00,0.00,0,False,479,25,2025-26,Emil Krafth,15,5,True
0,0,0,0,0,0,0,0,0,0,0,0,0,0.0,0.0,0.0,0.0,0,0,0,0,0,0.00,0.00,0.00,0.00,0,False,480,25,2025-26,Jamaal Lascelles,15,5,True
0,0,0,0,0,0,0,0,0,0,0,0,0,0.0,0.0,0.0,0.0,0,0,0,0,0,0.00,0.00,0.00,0.00,0,False,481,25,2025-26,Alex Murphy,15,5,True
0,0,0,0,0,0,0,0,0,0,0,0,0,0.0,0.0,0.0,0.0,0,0,0,0,0,0.00,0.00,0.00,0.00,0,False,482,25,2025-26,Harrison Ashby,15,5,True
0,0,0,0,0,0,0,0,0,0,0,0,0,0.0,0.0,0.0,0.0,0,0,0,0,0,0.00,0.00,0.00,0.00,0,False,483,25,2025-26,Miodrag Pivaš,15,5,True
0,0,0,0,0,0,0,0,0,0,0,0,0,0.0,0.0,0.0,0.0,0,0,0,0,0,0.00,0.00,0.00,0.00,0,False,484,25,2025-26,Matt Targett,15,5,True
0,0,0,0,0,0,0,0,0,0,0,0,0,0.0,0.0,0.0,0.0,0,0,0,0,0,0.00,0.00,0.00,0.00,0,False,485,25,2025-26,Anthony Gordon,15,5,True
45,0,0,0,1,0,0,0,0,0,0,0,8,8.4,37.5,10.0,5.6,0,1,0,1,0,0.04,0.56,0.60,0.40,1,False,486,25,2025-26,Anthony Elanga,15,5,True
90,0,0,0,3,0,0,0,0,0,0,0,-3,0.0,3.3,11.0,1.1,1,5,1,7,1,0.34,0.04,0.38,1.79,2,False,487,25,2025-26,Harvey Barnes,15,5,True
90,1,1,0,3,0,0,0,0,0,0,1,37,57.2,42.3,21.0,12.1,1,8,1,10,1,0.79,0.27,1.06,1.79,11,True,488,25,2025-26,Bruno Guimarães Rodriguez Moura,15,5,True
45,0,0,0,2,0,0,0,1,0,0,0,-2,0.0,11.1,8.0,1.1,1,1,0,2,1,0.03,0.00,0.03,1.39,0,False,489,25,2025-26,Jacob Murphy,15,5,True
0,0,0,0,0,0,0,0,0,0,0,0,0,0.0,0.0,0.0,0.0,0,0,0,0,0,0.00,0.00,0.00,0.00,0,False,490,25,2025-26,Joelinton Cássio Apolinário de Lira,15,5,True
86,0,0,0,3,0,0,0,0,0,0,0,14,6.8,13.4,9.0,2.9,3,4,2,9,1,0.16,0.03,0.19,1.65,2,False,491,25,2025-26,Sandro Tonali,15,5,True
0,0,0,0,0,0,0,0,0,0,0,0,0,0.0,0.0,0.0,0.0,0,0,0,0,0,0.00,0.00,0.00,0.00,0,False,492,25,2025-26,Antoñito Cordero Campillo,15,5,True
8,0,0,0,1,0,0,0,0,0,0,0,1,0.0,0.1,0.0,0.0,0,0,0,0,0,0.00,0.00,0.00,0.28,1,False,493,25,2025-26,Sean Longstaff,11,16,True
45,0,0,0,2,0,0,0,0,0,0,0,9,6.6,0.9,0.0,0.8,1,4,3,8,1,0.00,0.00,0.00,1.39,1,False,494,25,2025-26,Joe Willock,15,5,True
0,0,0,0,0,0,0,0,0,0,0,0,0,0.0,0.0,0.0,0.0,0,0,0,0,0,0.00,0.00,0.00,0.00,0,False,495,25,2025-26,Isaac Hayden,15,5,True
0,0,0,0,0,0,0,0,0,0,0,0,0,0.0,0.0,0.0,0.0,0,0,0,0,0,0.00,0.00,0.00,0.00,0,False,496,25,2025-26,Garang Kuol,15,5,True
0,0,0,0,0,0,0,0,0,0,0,0,0,0.0,0.0,0.0,0.0,0,0,0,0,0,0.00,0.00,0.00,0.00,0,False,497,25,2025-26,Lewis Miley,15,5,True
0,0,0,0,0,0,0,0,0,0,0,0,0,0.0,0.0,0.0,0.0,0,0,0,0,0,0.00,0.00,0.00,0.00,0,False,498,25,2025-26,Joe White,15,5,True
0,0,0,0,0,0,0,0,0,0,0,0,0,0.0,0.0,0.0,0.0,0,0,0,0,0,0.00,0.00,0.00,0.00,0,False,499,25,2025-26,Alexander Isak,12,13,True
25,0,0,0,1,0,0,0,0,0,0,0,2,1.2,1.6,2.0,0.5,0,1,0,1,0,0.00,0.01,0.01,0.25,1,False,500,25,2025-26,William Osula,15,5,True
0,0,0,0,0,0,0,0,0,0,0,0,0,0.0,0.0,0.0,0.0,0,0,0,0,0,0.00,0.00,0.00,0.00,0,False,501,25,2025-26,Sean Neave,15,5,True
0,0,0,0,0,0,0,0,0,0,0,0,0,0.0,0.0,0.0,0.0,0,0,0,0,0,0.00,0.00,0.00,0.00,0,False,502,25,2025-26,Matz Sels,16,11,False
0,0,0,0,0,0,0,0,0,0,0,0,0,0.0,0.0,0.0,0.0,0,0,0,0,0,0.00,0.00,0.00,0.00,0,False,503,25,2025-26,Carlos Miguel dos Santos Pereira,16,11,False
0,0,0,0,0,0,0,0,0,0,0,0,0,0.0,0.0,0.0,0.0,0,0,0,0,0,0.00,0.00,0.00,0.00,0,False,504,25,2025-26,Matt Turner,16,11,False
90,0,0,0,3,0,0,0,0,0,0,0,-3,13.0,0.3,4.0,1.7,7,2,0,7,1,0.00,0.00,0.00,2.50,1,False,505,25,2025-26,Nikola Milenković,16,11,False
0,0,0,0,0,0,0,0,0,0,0,0,0,0.0,0.0,0.0,0.0,0,0,0,0,0,0.00,0.00,0.00,0.00,0,False,506,25,2025-26,Murillo Costa dos Santos,16,11,False
90,0,0,0,3,0,0,0,0,0,0,0,-2,8.6,3.3,2.0,1.4,5,4,1,6,1,0.07,0.00,0.07,2.50,1,False,507,25,2025-26,Ola Aina,16,11,False
0,0,0,0,0,0,0,0,0,0,0,0,0,0.0,0.0,0.0,0.0,0,0,0,0,0,0.00,0.00,0.00,0.00,0,False,508,25,2025-26,Neco Williams,16,11,False
0,0,0,0,0,0,0,0,0,0,0,0,0,0.0,0.0,0.0,0.0,0,0,0,0,0,0.00,0.00,0.00,0.00,0,False,509,25,2025-26,David Mota Veiga Teixeira do Carmo,16,11,False
0,0,0,0,0,0,0,0,0,0,0,0,0,0.0,0.0,0.0,0.0,0,0,0,0,0,0.00,0.00,0.00,0.00,0,False,510,25,2025-26,Jair Paula da Cunha Filho,16,11,False
90,0,0,0,3,0,0,0,0,0,0,0,5,25.6,0.2,9.0,3.5,9,8,2,11,1,0.43,0.01,0.44,2.50,3,False,511,25,2025-26,Felipe Rodrigues da Silva,16,11,False
0,0,0,0,0,0,0,0,0,0,0,0,0,0.0,0.0,0.0,0.0,0,0,0,0,0,0.00,0.00,0.00,0.00,0,False,512,25,2025-26,Omar Richards,16,11,False
75,0,0,0,3,0,0,0,0,0,0,0,-4,9.8,5.7,0.0,1.6,2,7,1,3,1,0.00,0.01,0.01,2.50,1,False,513,25,2025-26,Zach Abbott,16,11,False
0,0,0,0,0,0,0,0,0,0,0,0,0,0.0,0.0,0.0,0.0,0,0,0,0,0,0.00,0.00,0.00,0.00,0,False,514,25,2025-26,Willy Boly,16,11,False
66,0,0,0,3,0,0,0,0,0,0,0,12,11.2,33.0,13.0,5.7,0,2,0,2,1,0.08,0.03,0.11,2.50,2,False,515,25,2025-26,Morgan Gibbs-White,16,11,False
66,0,0,0,3,0,0,0,0,0,0,0,6,6.8,11.0,17.0,3.5,1,0,0,1,1,0.11,0.06,0.17,2.50,2,False,516,25,2025-26,Callum Hudson-Odoi,16,11,False
90,0,0,0,3,0,0,0,0,0,0,0,16,27.4,47.8,6.0,8.1,2,7,4,13,1,0.00,0.21,0.21,2.50,4,False,517,25,2025-26,Elliot Anderson,16,11,False
0,0,0,0,0,0,0,0,0,0,0,0,0,0.0,0.0,0.0,0.0,0,0,0,0,0,0.00,0.00,0.00,0.00,0,False,518,25,2025-26,João Pedro Ferreira da Silva,16,11,False
53,0,0,0,3,0,0,0,0,0,0,0,8,14.8,1.1,35.0,5.1,2,2,1,5,1,0.19,0.01,0.20,2.05,1,False,519,25,2025-26,Nicolás Domínguez,16,11,False
0,0,0,0,0,0,0,0,0,0,0,0,0,0.0,0.0,0.0,0.0,0,0,0,0,0,0.00,0.00,0.00,0.00,0,False,520,25,2025-26,Lewis O'Brien,16,11,False
90,0,0,0,3,0,0,0,1,0,0,0,10,10.4,13.4,24.0,4.8,3,4,3,10,1,0.13,0.08,0.21,2.50,1,False,521,25,2025-26,Ibrahim Sangaré,16,11,False
23,0,0,0,0,0,0,0,0,0,0,0,5,2.0,10.8,4.0,1.7,0,0,0,0,0,0.02,0.01,0.03,0.00,1,False,522,25,2025-26,Ryan Yates,16,11,False
0,0,0,0,0,0,0,0,0,0,0,0,0,0.0,0.0,0.0,0.0,0,0,0,0,0,0.00,0.00,0.00,0.00,0,False,523,25,2025-26,Eric da Silva Moreira,16,11,False
0,0,0,0,0,0,0,0,0,0,0,0,0,0.0,0.0,0.0,0.0,0,0,0,0,0,0.00,0.00,0.00,0.00,0,False,524,25,2025-26,Marko Stamenić,16,11,False
0,0,0,0,0,0,0,0,0,0,0,0,0,0.0,0.0,0.0,0.0,0,0,0,0,0,0.00,0.00,0.00,0.00,0,False,525,25,2025-26,Chris Wood,16,11,False
53,0,0,0,3,0,0,0,0,0,0,0,5,2.0,3.0,25.0,3.0,0,0,1,1,1,0.09,0.01,0.10,2.05,1,False,526,25,2025-26,Igor Jesus Maciel da Cruz,16,11,False
0,0,0,0,0,0,0,0,0,0,0,0,0,0.0,0.0,0.0,0.0,0,0,0,0,0,0.00,0.00,0.00,0.00,0,False,527,25,2025-26,Taiwo Awoniyi,16,11,False
0,0,0,0,0,0,0,0,0,0,0,0,0,0.0,0.0,0.0,0.0,0,0,0,0,0,0.00,0.00,0.00,0.00,0,False,528,25,2025-26,Anthony Patterson,17,1,False
0,0,0,0,0,0,0,0,0,0,0,0,0,0.0,0.0,0.0,0.0,0,0,0,0,0,0.00,0.00,0.00,0.00,0,False,529,25,2025-26,Simon Moore,17,1,False
0,0,0,0,0,0,0,0,0,0,0,0,0,0.0,0.0,0.0,0.0,0,0,0,0,0,0.00,0.00,0.00,0.00,0,False,530,25,2025-26,Blondy Nna Noukeu,17,1,False
90,0,0,0,3,0,0,0,0,0,0,0,7,22.4,10.8,6.0,3.9,6,5,2,8,1,0.00,0.01,0.01,1.49,1,False,531,25,2025-26,Daniel Ballard,17,1,False
84,0,0,0,2,0,0,0,0,0,0,0,3,11.6,3.8,2.0,1.7,4,2,1,5,1,0.00,0.01,0.01,0.85,1,False,532,25,2025-26,Trai Hume,17,1,False
0,0,0,0,0,0,0,0,0,0,0,0,0,0.0,0.0,0.0,0.0,0,0,0,0,0,0.00,0.00,0.00,0.00,0,False,533,25,2025-26,Aji Alese,17,1,False
0,0,0,0,0,0,0,0,0,0,0,0,0,0.0,0.0,0.0,0.0,0,0,0,0,0,0.00,0.00,0.00,0.00,0,False,534,25,2025-26,Joe Anderson,17,1,False
0,0,0,0,0,0,0,0,0,0,0,0,0,0.0,0.0,0.0,0.0,0,0,0,0,0,0.00,0.00,0.00,0.00,0,False,535,25,2025-26,Dennis Cirkin,17,1,False
0,0,0,0,0,0,0,0,0,0,0,0,0,0.0,0.0,0.0,0.0,0,0,0,0,0,0.00,0.00,0.00,0.00,0,False,536,25,2025-26,Leo Fuhr Hjelde,17,1,False
0,0,0,0,0,0,0,0,0,0,0,0,0,0.0,0.0,0.0,0.0,0,0,0,0,0,0.00,0.00,0.00,0.00,0,False,537,25,2025-26,Niall Huggins,17,1,False
0,0,0,0,0,0,0,0,0,0,0,0,0,0.0,0.0,0.0,0.0,0,0,0,0,0,0.00,0.00,0.00,0.00,0,False,538,25,2025-26,Zak Johnson,17,1,False
0,0,0,0,0,0,0,0,0,0,0,0,0,0.0,0.0,0.0,0.0,0,0,0,0,0,0.00,0.00,0.00,0.00,0,False,539,25,2025-26,Luke O'Nien,17,1,False
0,0,0,0,0,0,0,0,0,0,0,0,0,0.0,0.0,0.0,0.0,0,0,0,0,0,0.00,0.00,0.00,0.00,0,False,540,25,2025-26,Timothée Pembélé,17,1,False
90,0,0,0,3,0,0,0,0,0,0,0,-1,16.4,2.4,0.0,1.9,6,3,0,6,1,0.00,0.00,0.00,1.49,1,False,541,25,2025-26,Reinildo Mandava,17,1,False
0,0,0,0,0,0,0,0,0,0,0,0,0,0.0,0.0,0.0,0.0,0,0,0,0,0,0.00,0.00,0.00,0.00,0,False,542,25,2025-26,Jenson Seelt,17,1,False
0,0,0,0,0,0,0,0,0,0,0,0,0,0.0,0.0,0.0,0.0,0,0,0,0,0,0.00,0.00,0.00,0.00,0,False,543,25,2025-26,Simon Adingra,17,1,False
90,0,0,0,3,0,0,0,1,0,0,0,13,7.0,7.1,19.0,3.3,2,2,0,4,1,0.04,0.02,0.06,1.49,1,False,544,25,2025-26,Habib Diarra,17,1,False
0,0,0,0,0,0,0,0,0,0,0,0,0,0.0,0.0,0.0,0.0,0,0,0,0,0,0.00,0.00,0.00,0.00,0,False,545,25,2025-26,Patrick Roberts,17,1,False
0,0,0,0,0,0,0,0,0,0,0,0,0,0.0,0.0,0.0,0.0,0,0,0,0,0,0.00,0.00,0.00,0.00,0,False,546,25,2025-26,Milan Aleksić,17,1,False
90,0,0,0,3,0,0,0,0,0,0,0,11,10.6,3.7,0.0,1.4,4,3,1,8,1,0.00,0.06,0.06,1.49,2,False,547,25,2025-26,Enzo Le Fée,17,1,False
26,0,0,0,2,0,0,0,0,0,0,0,6,4.0,0.3,2.0,0.6,1,0,1,2,0,0.00,0.00,0.00,1.01,1,False,548,25,2025-26,Romaine Mundle,17,1,False
0,0,0,0,0,0,0,0,0,0,0,0,0,0.0,0.0,0.0,0.0,0,0,0,0,0,0.00,0.00,0.00,0.00,0,False,549,25,2025-26,Dan Neil,17,1,False
0,0,0,0,0,0,0,0,0,0,0,0,0,0.0,0.0,0.0,0.0,0,0,0,0,0,0.00,0.00,0.00,0.00,0,False,550,25,2025-26,Ian Poveda-Ocampo,17,1,False
0,0,0,0,0,0,0,0,0,0,0,0,0,0.0,0.0,0.0,0.0,0,0,0,0,0,0.00,0.00,0.00,0.00,0,False,551,25,2025-26,Chris Rigg,17,1,False
70,0,0,0,2,0,0,0,0,0,0,0,13,9.0,12.1,2.0,2.3,2,2,2,6,1,0.00,0.01,0.01,0.79,2,False,552,25,2025-26,Noah Sadiki,17,1,False
63,0,0,0,1,0,0,0,0,0,0,0,6,4.2,2.0,19.0,2.5,1,3,0,4,1,0.04,0.00,0.04,0.48,2,False,553,25,2025-26,Chemsdine Talbi,17,1,False
0,0,0,0,0,0,0,0,0,0,0,0,0,0.0,0.0,0.0,0.0,0,0,0,0,0,0.00,0.00,0.00,0.00,0,False,554,25,2025-26,Abdoullah Ba,17,1,False
0,0,0,0,0,0,0,0,0,0,0,0,0,0.0,0.0,0.0,0.0,0,0,0,0,0,0.00,0.00,0.00,0.00,0,False,555,25,2025-26,Alan Browne,17,1,False
0,0,0,0,0,0,0,0,0,0,0,0,0,0.0,0.0,0.0,0.0,0,0,0,0,0,0.00,0.00,0.00,0.00,0,False,556,25,2025-26,Pierre Ekwah Elimby,17,1,False
0,0,0,0,0,0,0,0,0,0,0,0,0,0.0,0.0,0.0,0.0,0,0,0,0,0,0.00,0.00,0.00,0.00,0,False,557,25,2025-26,Harrison Jones,17,1,False
0,0,0,0,0,0,0,0,0,0,0,0,0,0.0,0.0,0.0,0.0,0,0,0,0,0,0.00,0.00,0.00,0.00,0,False,558,25,2025-26,Jay Matete,17,1,False
0,0,0,0,0,0,0,0,0,0,0,0,0,0.0,0.0,0.0,0.0,0,0,0,0,0,0.00,0.00,0.00,0.00,0,False,559,25,2025-26,Nectarios Triantis,17,1,False
5,0,0,0,1,0,0,0,0,0,0,0,3,0.0,0.1,0.0,0.0,0,0,0,0,0,0.00,0.00,0.00,0.65,1,False,560,25,2025-26,Wilson Isidor,17,1,False
0,0,0,0,0,0,0,0,0,0,0,0,0,0.0,0.0,0.0,0.0,0,0,0,0,0,0.00,0.00,0.00,0.00,0,False,561,25,2025-26,Eliezer Mayenda Dossou,17,1,False
0,0,0,0,0,0,0,0,0,0,0,0,0,0.0,0.0,0.0,0.0,0,0,0,0,0,0.00,0.00,0.00,0.00,0,False,562,25,2025-26,Ahmed Abdullahi,17,1,False
0,0,0,0,0,0,0,0,0,0,0,0,0,0.0,0.0,0.0,0.0,0,0,0,0,0,0.00,0.00,0.00,0.00,0,False,563,25,2025-26,Luís Hemir Silva Semedo,17,1,False
0,0,0,0,0,0,0,0,0,0,0,0,0,0.0,0.0,0.0,0.0,0,0,0,0,0,0.00,0.00,0.00,0.00,0,False,564,25,2025-26,Nazarii Rusyn,17,1,False
90,0,0,0,2,0,0,0,0,0,8,0,24,49.6,0.0,0.0,5.0,0,13,1,0,1,0.00,0.00,0.00,1.78,3,False,565,25,2025-26,Guglielmo Vicario,18,14,False
0,0,0,0,0,0,0,0,0,0,0,0,0,0.0,0.0,0.0,0.0,0,0,0,0,0,0.00,0.00,0.00,0.00,0,False,566,25,2025-26,Brandon Austin,18,14,False
0,0,0,0,0,0,0,0,0,0,0,0,0,0.0,0.0,0.0,0.0,0,0,0,0,0,0.00,0.00,0.00,0.00,0,False,567,25,2025-26,Antonín Kinský,18,14,False
0,0,0,0,0,0,0,0,0,0,0,0,0,0.0,0.0,0.0,0.0,0,0,0,0,0,0.00,0.00,0.00,0.00,0,False,568,25,2025-26,Pedro Porro Sauceda,18,14,False
28,0,0,0,2,0,0,0,0,1,0,0,-15,3.0,0.4,2.0,0.5,3,2,1,4,1,0.00,0.02,0.02,0.40,-3,False,569,25,2025-26,Cristian Romero,18,14,False
0,0,0,0,0,0,0,0,0,0,0,0,0,0.0,0.0,0.0,0.0,0,0,0,0,0,0.00,0.00,0.00,0.00,0,False,570,25,2025-26,Kevin Danso,18,14,False
0,0,0,0,0,0,0,0,0,0,0,0,0,0.0,0.0,0.0,0.0,0,0,0,0,0,0.00,0.00,0.00,0.00,0,False,571,25,2025-26,Ben Davies,18,14,False
58,0,0,0,2,0,0,0,0,0,0,0,-1,9.4,0.1,0.0,1.0,4,2,1,5,0,0.00,0.00,0.00,1.38,0,False,572,25,2025-26,Radu Drăgușin,18,14,False
0,0,0,0,0,0,0,0,0,0,0,0,0,0.0,0.0,0.0,0.0,0,0,0,0,0,0.00,0.00,0.00,0.00,0,False,573,25,2025-26,Djed Spence,18,14,False
54,0,0,0,1,0,0,0,1,0,0,0,-1,6.8,15.0,0.0,2.2,1,2,3,4,1,0.00,0.12,0.12,0.74,0,False,574,25,2025-26,Destiny Udogie,18,14,False
90,0,0,0,2,0,0,0,0,0,0,0,6,21.6,0.5,7.0,2.9,7,2,1,8,1,0.14,0.00,0.14,1.78,1,False,575,25,2025-26,Micky van de Ven,18,14,False
0,0,0,0,0,0,0,0,0,0,0,0,0,0.0,0.0,0.0,0.0,0,0,0,0,0,0.00,0.00,0.00,0.00,0,False,576,25,2025-26,Ashley Phillips,18,14,False
0,0,0,0,0,0,0,0,0,0,0,0,0,0.0,0.0,0.0,0.0,0,0,0,0,0,0.00,0.00,0.00,0.00,0,False,577,25,2025-26,Takai Kōta,18,14,False
0,0,0,0,0,0,0,0,0,0,0,0,0,0.0,0.0,0.0,0.0,0,0,0,0,0,0.00,0.00,0.00,0.00,0,False,578,25,2025-26,Luka Vušković,18,14,False
0,0,0,0,0,0,0,0,0,0,0,0,0,0.0,0.0,0.0,0.0,0,0,0,0,0,0.00,0.00,0.00,0.00,0,False,579,25,2025-26,Son Heung-min,18,14,False
2,0,0,0,0,0,0,0,0,0,0,0,2,0.0,0.3,0.0,0.0,0,0,0,0,0,0.00,0.00,0.00,0.00,1,False,580,25,2025-26,Brennan Johnson,8,6,False
0,0,0,0,0,0,0,0,0,0,0,0,0,0.0,0.0,0.0,0.0,0,0,0,0,0,0.00,0.00,0.00,0.00,0,False,581,25,2025-26,James Maddison,18,14,False
0,0,0,0,0,0,0,0,0,0,0,0,0,0.0,0.0,0.0,0.0,0,0,0,0,0,0.00,0.00,0.00,0.00,0,False,582,25,2025-26,Mohammed Kudus,18,14,False
0,0,0,0,0,0,0,0,0,0,0,0,0,0.0,0.0,0.0,0.0,0,0,0,0,0,0.00,0.00,0.00,0.00,0,False,583,25,2025-26,Dejan Kulusevski,18,14,False
10,0,0,0,1,0,0,0,0,0,0,0,2,1.2,0.3,5.0,0.7,0,2,0,2,0,0.02,0.00,0.02,0.69,1,False,584,25,2025-26,Mathys Tel,18,14,False
0,0,0,0,0,0,0,0,0,0,0,0,0,0.0,0.0,0.0,0.0,0,0,0,0,0,0.00,0.00,0.00,0.00,0,False,585,25,2025-26,Rodrigo Bentancur,18,14,False
0,0,0,0,0,0,0,0,0,0,0,0,0,0.0,0.0,0.0,0.0,0,0,0,0,0,0.00,0.00,0.00,0.00,0,False,586,25,2025-26,Lucas Bergvall,18,14,False
10,0,0,0,1,0,0,0,0,0,0,0,3,3.4,0.1,0.0,0.4,1,0,1,2,0,0.00,0.00,0.00,0.69,1,False,587,25,2025-26,Yves Bissouma,18,14,False
31,0,0,0,0,0,0,0,0,0,0,0,4,2.6,11.6,0.0,1.4,1,3,0,4,1,0.00,0.01,0.01,0.40,1,False,588,25,2025-26,Wilson Odobert,18,14,False
0,0,0,0,0,0,0,0,0,0,0,0,0,0.0,0.0,0.0,0.0,0,0,0,0,0,0.00,0.00,0.00,0.00,0,False,589,25,2025-26,Manor Solomon,18,14,False
0,0,0,0,0,0,0,0,0,0,0,0,0,0.0,0.0,0.0,0.0,0,0,0,0,0,0.00,0.00,0.00,0.00,0,False,590,25,2025-26,Bryan Gil Salvatierra,18,14,False
90,0,0,0,2,0,0,0,0,0,0,0,12,14.0,1.3,0.0,1.5,6,2,0,8,1,0.00,0.02,0.02,1.78,2,False,591,25,2025-26,Archie Gray,18,14,False
0,0,0,0,0,0,0,0,0,0,0,0,0,0.0,0.0,0.0,0.0,0,0,0,0,0,0.00,0.00,0.00,0.00,0,False,592,25,2025-26,Mikey Moore,18,14,False
90,0,0,0,2,0,0,0,0,0,0,0,13,7.6,3.3,6.0,1.7,6,4,0,10,1,0.04,0.08,0.12,1.78,2,False,593,25,2025-26,Pape Matar Sarr,18,14,False
0,0,0,0,0,0,0,0,0,0,0,0,0,0.0,0.0,0.0,0.0,0,0,0,0,0,0.00,0.00,0.00,0.00,0,False,594,25,2025-26,Yang Min-hyeok,18,14,False
0,0,0,0,0,0,0,0,0,0,0,0,0,0.0,0.0,0.0,0.0,0,0,0,0,0,0.00,0.00,0.00,0.00,0,False,595,25,2025-26,Callum Olusesi,18,14,False
79,0,0,0,1,0,0,0,0,0,0,0,3,1.6,1.2,12.0,1.5,2,1,1,4,1,0.00,0.03,0.03,1.09,2,False,596,25,2025-26,Dominic Solanke-Mitchell,18,14,False
0,0,0,0,0,0,0,0,0,0,0,0,0,0.0,0.0,0.0,0.0,0,0,0,0,0,0.00,0.00,0.00,0.00,0,False,597,25,2025-26,Richarlison de Andrade,18,14,False
0,0,0,0,0,0,0,0,0,0,0,0,0,0.0,0.0,0.0,0.0,0,0,0,0,0,0.00,0.00,0.00,0.00,0,False,598,25,2025-26,Will Lankshear,18,14,False
0,0,0,0,0,0,0,0,0,0,0,0,0,0.0,0.0,0.0,0.0,0,0,0,0,0,0.00,0.00,0.00,0.00,0,False,599,25,2025-26,Dane Scarlett,18,14,False
0,0,0,0,0,0,0,0,0,0,0,0,0,0.0,0.0,0.0,0.0,0,0,0,0,0,0.00,0.00,0.00,0.00,0,False,600,25,2025-26,Alphonse Areola,19,3,False
0,0,0,0,0,0,0,0,0,0,0,0,0,0.0,0.0,0.0,0.0,0,0,0,0,0,0.00,0.00,0.00,0.00,0,False,601,25,2025-26,Wes Foderingham,19,3,False
0,0,0,0,0,0,0,0,0,0,0,0,0,0.0,0.0,0.0,0.0,0,0,0,0,0,0.00,0.00,0.00,0.00,0,False,602,25,2025-26,Krisztián Hegyi,19,3,False
78,0,1,1,0,0,0,0,1,0,0,1,35,29.4,25.6,0.0,5.5,7,1,1,8,1,0.00,0.14,0.14,1.23,9,True,603,25,2025-26,El Hadji Malick Diouf,19,3,False
0,0,0,0,0,0,0,0,0,0,0,0,0,0.0,0.0,0.0,0.0,0,0,0,0,0,0.00,0.00,0.00,0.00,0,False,604,25,2025-26,Emerson Palmieri dos Santos,19,3,False
0,0,0,0,0,0,0,0,0,0,0,0,0,0.0,0.0,0.0,0.0,0,0,0,0,0,0.00,0.00,0.00,0.00,0,False,605,25,2025-26,Maximilian Kilman,19,3,False
90,0,0,1,0,0,0,0,0,0,0,0,30,32.0,0.4,0.0,3.2,13,3,2,15,1,0.00,0.03,0.03,1.34,8,False,606,25,2025-26,Konstantinos Mavropanos,19,3,False
0,0,0,0,0,0,0,0,0,0,0,0,0,0.0,0.0,0.0,0.0,0,0,0,0,0,0.00,0.00,0.00,0.00,0,False,607,25,2025-26,Nayef Aguerd,19,3,False
11,0,0,0,0,0,0,0,0,0,0,0,4,3.4,0.0,0.0,0.3,2,1,0,2,0,0.00,0.00,0.00,0.11,1,False,608,25,2025-26,Ollie Scarles,19,3,False
0,0,0,0,0,0,0,0,0,0,0,0,0,0.0,0.0,0.0,0.0,0,0,0,0,0,0.00,0.00,0.00,0.00,0,False,609,25,2025-26,Jean-Clair Todibo,19,3,False
90,0,0,1,0,0,0,0,0,0,0,0,27,23.4,2.3,0.0,2.6,8,3,3,11,1,0.00,0.01,0.01,1.34,8,False,610,25,2025-26,Aaron Wan-Bissaka,19,3,False
0,0,0,0,0,0,0,0,0,0,0,0,0,0.0,0.0,0.0,0.0,0,0,0,0,0,0.00,0.00,0.00,0.00,0,False,611,25,2025-26,Kaelan Casey,19,3,False
0,0,0,0,0,0,0,0,0,0,0,0,0,0.0,0.0,0.0,0.0,0,0,0,0,0,0.00,0.00,0.00,0.00,0,False,612,25,2025-26,Lucas Tolentino Coelho de Lima,19,3,False
90,0,0,1,0,0,0,0,0,0,0,0,14,11.4,12.3,2.0,2.6,3,3,1,7,1,0.00,0.01,0.01,1.34,3,False,613,25,2025-26,Tomáš Souček,19,3,False
0,0,0,0,0,0,0,0,0,0,0,0,0,0.0,0.0,0.0,0.0,0,0,0,0,0,0.00,0.00,0.00,0.00,0,False,614,25,2025-26,James Ward-Prowse,3,19,True
90,1,0,1,0,0,0,0,0,0,0,3,36,44.0,7.2,44.0,9.5,4,6,1,11,1,0.74,0.02,0.76,1.34,11,False,615,25,2025-26,Crysencio Summerville,19,3,False
0,0,0,0,0,0,0,0,0,0,0,0,0,0.0,0.0,0.0,0.0,0,0,0,0,0,0.00,0.00,0.00,0.00,0,False,616,25,2025-26,Edson Álvarez Velázquez,19,3,False
0,0,0,0,0,0,0,0,0,0,0,0,0,0.0,0.0,0.0,0.0,0,0,0,0,0,0.00,0.00,0.00,0.00,0,False,617,25,2025-26,Maxwel Cornet,19,3,False
0,0,0,0,0,0,0,0,0,0,0,0,0,0.0,0.0,0.0,0.0,0,0,0,0,0,0.00,0.00,0.00,0.00,0,False,618,25,2025-26,Guido Rodríguez,19,3,False
0,0,0,0,0,0,0,0,0,0,0,0,0,0.0,0.0,0.0,0.0,0,0,0,0,0,0.00,0.00,0.00,0.00,0,False,619,25,2025-26,Luis Guilherme Lira dos Santos,19,3,False
0,0,0,0,0,0,0,0,0,0,0,0,0,0.0,0.0,0.0,0.0,0,0,0,0,0,0.00,0.00,0.00,0.00,0,False,620,25,2025-26,George Earthy,19,3,False
0,0,0,0,0,0,0,0,0,0,0,0,0,0.0,0.0,0.0,0.0,0,0,0,0,0,0.00,0.00,0.00,0.00,0,False,621,25,2025-26,Andy Irving,19,3,False
0,0,0,0,0,0,0,0,0,0,0,0,0,0.0,0.0,0.0,0.0,0,0,0,0,0,0.00,0.00,0.00,0.00,0,False,622,25,2025-26,Lewis Orford,19,3,False
33,0,0,0,0,0,0,0,0,0,0,0,4,5.6,1.4,0.0,0.7,3,1,0,4,0,0.00,0.00,0.00,0.14,1,False,623,25,2025-26,Freddie Potts,19,3,False
90,0,0,1,0,0,0,0,0,0,0,0,9,7.6,2.8,5.0,1.5,3,4,1,8,1,0.03,0.01,0.04,1.34,2,False,624,25,2025-26,Jarrod Bowen,19,3,False
0,0,0,0,0,0,0,0,0,0,0,0,0,0.0,0.0,0.0,0.0,0,0,0,0,0,0.00,0.00,0.00,0.00,0,False,625,25,2025-26,Niclas Füllkrug,19,3,False
0,0,0,0,0,0,0,0,0,0,0,0,0,0.0,0.0,0.0,0.0,0,0,0,0,0,0.00,0.00,0.00,0.00,0,False,626,25,2025-26,Callum Marshall,19,3,False
0,0,0,0,0,0,0,0,0,0,0,0,0,0.0,0.0,0.0,0.0,0,0,0,0,0,0.00,0.00,0.00,0.00,0,False,627,25,2025-26,Sam Johnstone,20,7,True
90,0,0,0,3,0,0,0,0,0,3,0,10,28.0,0.0,0.0,2.8,2,9,0,0,1,0.00,0.00,0.00,3.44,2,False,628,25,2025-26,José Malheiro de Sá,20,7,True
0,0,0,0,0,0,0,0,0,0,0,0,0,0.0,0.0,0.0,0.0,0,0,0,0,0,0.00,0.00,0.00,0.00,0,False,629,25,2025-26,Daniel Bentley,20,7,True
0,0,0,0,0,0,0,0,0,0,0,0,0,0.0,0.0,0.0,0.0,0,0,0,0,0,0.00,0.00,0.00,0.00,0,False,630,25,2025-26,Tom King,9,10,False
0,0,0,0,0,0,0,0,0,0,0,0,0,0.0,0.0,0.0,0.0,0,0,0,0,0,0.00,0.00,0.00,0.00,0,False,631,25,2025-26,Emmanuel Agbadou,20,7,True
45,0,0,0,3,0,0,0,0,0,0,0,-10,6.2,0.3,0.0,0.7,5,2,0,5,1,0.00,0.00,0.00,2.81,0,False,632,25,2025-26,Matt Doherty,20,7,True
90,0,0,0,3,0,0,0,0,0,0,0,1,19.2,29.4,7.0,5.6,5,4,2,7,1,0.04,0.21,0.25,3.44,1,False,633,25,2025-26,Hugo Bueno López,20,7,True
90,0,0,0,3,0,0,0,0,0,0,0,-2,25.0,11.3,15.0,5.1,7,5,2,9,1,0.18,0.01,0.19,3.44,1,False,634,25,2025-26,Yerson Mosquera Valdelamar,20,7,True
45,0,0,0,0,0,0,0,0,0,0,0,7,10.6,11.5,25.0,4.7,3,0,0,3,0,0.15,0.03,0.18,0.63,1,False,635,25,2025-26,Rodrigo Martins Gomes,20,7,True
90,0,0,0,3,0,0,0,0,0,0,0,1,10.2,0.5,4.0,1.5,5,4,1,6,1,0.00,0.36,0.36,3.44,1,False,636,25,2025-26,Santiago Ignacio Bueno,20,7,True
0,0,0,0,0,0,0,0,0,0,0,0,0,0.0,0.0,0.0,0.0,0,0,0,0,0,0.00,0.00,0.00,0.00,0,False,637,25,2025-26,Toti Gomes,20,7,True
0,0,0,0,0,0,0,0,0,0,0,0,0,0.0,0.0,0.0,0.0,0,0,0,0,0,0.00,0.00,0.00,0.00,0,False,638,25,2025-26,Ki-Jana Hoever,20,7,True
0,0,0,0,0,0,0,0,0,0,0,0,0,0.0,0.0,0.0,0.0,0,0,0,0,0,0.00,0.00,0.00,0.00,0,False,639,25,2025-26,Bastien Meupiyou Menadjou,20,7,True
1,0,0,0,0,0,0,0,0,0,0,0,3,0.0,0.1,0.0,0.0,0,1,0,0,0,0.00,0.00,0.00,0.00,1,False,640,25,2025-26,Pedro Cardoso de Lima,20,7,True
0,0,0,0,0,0,0,0,0,0,0,0,0,0.0,0.0,0.0,0.0,0,0,0,0,0,0.00,0.00,0.00,0.00,0,False,641,25,2025-26,Alfie Pond,20,7,True
42,0,0,0,3,0,0,0,0,0,0,0,5,2.4,1.5,0.0,0.4,3,2,0,5,1,0.00,0.00,0.00,2.81,1,False,642,25,2025-26,Hwang Hee-chan,20,7,True
0,0,0,0,0,0,0,0,0,0,0,0,0,0.0,0.0,0.0,0.0,0,0,0,0,0,0.00,0.00,0.00,0.00,0,False,643,25,2025-26,André Trindade da Costa Neto,20,7,True
11,0,0,0,0,0,0,0,0,0,0,0,2,2.4,10.7,0.0,1.3,0,0,0,0,0,0.00,0.02,0.02,0.58,1,False,644,25,2025-26,Jean-Ricner Bellegarde,20,7,True
0,0,0,0,0,0,0,0,0,0,0,0,0,0.0,0.0,0.0,0.0,0,0,0,0,0,0.00,0.00,0.00,0.00,0,False,645,25,2025-26,Fer López González,20,7,True
90,0,0,0,3,0,0,0,0,0,0,0,12,11.4,9.8,0.0,2.1,0,4,4,8,1,0.00,0.10,0.10,3.44,2,False,646,25,2025-26,João Victor Gomes da Silva,20,7,True
0,0,0,0,0,0,0,0,0,0,0,0,0,0.0,0.0,0.0,0.0,0,0,0,0,0,0.00,0.00,0.00,0.00,0,False,647,25,2025-26,Gonçalo Manuel Ganchinho Guedes,20,7,True
0,0,0,0,0,0,0,0,0,0,0,0,0,0.0,0.0,0.0,0.0,0,0,0,0,0,0.00,0.00,0.00,0.00,0,False,648,25,2025-26,Marshall Munetsi,20,7,True
0,0,0,0,0,0,0,0,0,0,0,0,0,0.0,0.0,0.0,0.0,0,0,0,0,0,0.00,0.00,0.00,0.00,0,False,649,25,2025-26,Boubacar Traoré,20,7,True
0,0,0,0,0,0,0,0,0,0,0,0,0,0.0,0.0,0.0,0.0,0,0,0,0,0,0.00,0.00,0.00,0.00,0,False,650,25,2025-26,Tawanda Chirewa,20,7,True
0,0,0,0,0,0,0,0,0,0,0,0,0,0.0,0.0,0.0,0.0,0,0,0,0,0,0.00,0.00,0.00,0.00,0,False,651,25,2025-26,Tom Edozie,20,7,True
0,0,0,0,0,0,0,0,0,0,0,0,0,0.0,0.0,0.0,0.0,0,0,0,0,0,0.00,0.00,0.00,0.00,0,False,652,25,2025-26,Enso González Medina,20,7,True
0,0,0,0,0,0,0,0,0,0,0,0,0,0.0,0.0,0.0,0.0,0,0,0,0,0,0.00,0.00,0.00,0.00,0,False,653,25,2025-26,Joe Hodge,20,7,True
90,0,0,1,0,0,0,0,1,0,0,0,1,2.8,2.1,42.0,4.7,1,3,0,4,1,0.37,0.05,0.42,0.85,1,False,654,25,2025-26,Jørgen Strand Larsen,8,6,False
0,0,0,0,0,0,0,0,0,0,0,0,0,0.0,0.0,0.0,0.0,0,0,0,0,0,0.00,0.00,0.00,0.00,0,False,655,25,2025-26,Fábio Soares Silva,20,7,True
0,0,0,0,0,0,0,0,0,0,0,0,0,0.0,0.0,0.0,0.0,0,0,0,0,0,0.00,0.00,0.00,0.00,0,False,656,25,2025-26,Saša Kalajdžić,20,7,True
0,0,0,0,0,0,0,0,0,0,0,0,0,0.0,0.0,0.0,0.0,0,0,0,0,0,0.00,0.00,0.00,0.00,0,False,657,25,2025-26,Leon Chiwome,20,7,True
0,0,0,0,0,0,0,0,0,0,0,0,0,0.0,0.0,0.0,0.0,0,0,0,0,0,0.00,0.00,0.00,0.00,0,False,658,25,2025-26,Nathan Fraser,20,7,True
1,0,0,0,0,0,0,0,0,0,0,0,2,1.0,0.0,0.0,0.1,1,1,0,1,0,0.00,0.00,0.00,0.00,1,False,659,25,2025-26,Kyle Walker-Peters,19,3,False
0,0,0,0,0,0,0,0,0,0,0,0,0,0.0,0.0,0.0,0.0,0,0,0,0,0,0.00,0.00,0.00,0.00,0,False,660,25,2025-26,Anton Stach,11,16,True
90,0,0,0,2,0,0,0,0,0,0,0,2,2.8,11.6,25.0,3.9,2,1,1,4,1,0.59,0.03,0.62,2.91,2,False,661,25,2025-26,Hugo Ekitiké,12,13,True
0,0,0,0,0,0,0,0,0,0,0,0,0,0.0,0.0,0.0,0.0,0,0,0,0,0,0.00,0.00,0.00,0.00,0,False,662,25,2025-26,Cristhian Mosquera,1,17,True
0,0,0,0,0,0,0,0,0,0,0,0,0,0.0,0.0,0.0,0.0,0,0,0,0,0,0.00,0.00,0.00,0.00,0,False,663,25,2025-26,Jhon Arias,20,7,True
0,0,0,0,0,0,0,0,0,0,0,0,0,0.0,0.0,0.0,0.0,0,0,0,0,0,0.00,0.00,0.00,0.00,0,False,664,25,2025-26,Benjamin Lecomte,10,9,True
0,0,0,0,0,0,0,0,0,0,0,0,0,0.0,0.0,0.0,0.0,0,0,0,0,0,0.00,0.00,0.00,0.00,0,False,665,25,2025-26,Lucas Estella Perri,11,16,True
30,2,0,0,0,0,0,0,0,0,0,3,54,66.0,0.3,50.0,11.6,0,1,0,1,0,0.92,0.00,0.92,0.02,12,True,666,25,2025-26,Viktor Gyökeres,1,17,True
0,0,0,0,0,0,0,0,0,0,0,0,0,0.0,0.0,0.0,0.0,0,0,0,0,0,0.00,0.00,0.00,0.00,0,False,667,25,2025-26,Adam Aznou,9,10,False
0,0,0,0,0,0,0,0,0,0,0,0,0,0.0,0.0,0.0,0.0,0,0,0,0,0,0.00,0.00,0.00,0.00,0,False,668,25,2025-26,Granit Xhaka,17,1,False
23,0,0,0,0,0,0,0,0,0,0,0,7,6.0,25.0,6.0,3.7,0,2,1,3,0,0.07,0.26,0.33,0.00,1,False,669,25,2025-26,Dan Ndoye,16,11,False
90,0,0,0,3,0,0,0,0,0,2,0,5,23.4,0.0,0.0,2.3,3,12,0,0,1,0.00,0.01,0.01,1.49,1,False,670,25,2025-26,Robin Roefs,17,1,False
56,0,0,0,0,0,0,0,0,0,0,0,2,7.2,0.9,6.0,1.4,1,1,1,3,1,0.00,0.00,0.00,1.20,1,False,671,25,2025-26,Callum Wilson,19,3,False
6,0,0,0,0,0,0,0,0,0,0,0,4,2.4,0.6,0.0,0.3,1,2,1,2,0,0.00,0.03,0.03,0.28,1,False,672,25,2025-26,Jorrel Hato,7,20,False
79,0,0,0,1,0,0,0,1,0,0,0,3,11.0,0.8,4.0,1.6,4,1,3,8,1,0.03,0.02,0.05,1.09,1,False,673,25,2025-26,João Maria Lobo Alves Palhares Costa Palhinha Gonçalves,18,14,False
0,0,0,0,0,0,0,0,0,0,0,0,0,0.0,0.0,0.0,0.0,0,0,0,0,0,0.00,0.00,0.00,0.00,0,False,674,25,2025-26,Aaron Ramsdale,15,5,True
0,0,0,0,0,0,0,0,0,0,0,0,0,0.0,0.0,0.0,0.0,0,0,0,0,0,0.00,0.00,0.00,0.00,0,False,675,25,2025-26,Angus Gunn,16,11,False
78,0,0,0,2,0,0,0,0,0,0,0,11,6.6,12.8,7.0,2.6,0,3,1,4,1,0.04,0.01,0.05,0.99,2,False,676,25,2025-26,Lesley Ugochukwu,3,19,True
34,0,1,0,0,0,0,0,0,0,0,0,16,22.8,10.8,2.0,3.6,0,1,2,3,0,0.00,0.07,0.07,0.20,4,False,677,25,2025-26,Evann Guessand,8,6,False
0,0,0,0,0,0,0,0,0,0,0,0,0,0.0,0.0,0.0,0.0,0,0,0,0,0,0.00,0.00,0.00,0.00,0,False,678,25,2025-26,Arthur Masuaku,17,1,False
90,0,0,1,0,0,0,0,0,0,5,3,36,32.2,0.0,0.0,3.2,3,15,0,0,1,0.00,0.00,0.00,1.34,10,True,679,25,2025-26,Mads Hermansen,19,3,False
11,0,0,0,0,0,0,0,0,0,0,0,3,0.0,2.3,7.0,0.9,0,0,0,0,0,0.11,0.00,0.11,0.03,1,False,680,25,2025-26,Armando Broja,3,19,True
15,0,0,0,0,0,0,0,0,0,0,0,2,3.0,0.0,21.0,2.4,0,0,0,0,0,0.20,0.00,0.20,0.02,1,False,681,25,2025-26,Benjamin Sesko,14,18,True
0,0,0,0,0,0,0,0,0,0,0,0,0,0.0,0.0,0.0,0.0,0,0,0,0,0,0.00,0.00,0.00,0.00,0,False,682,25,2025-26,David Møller Wolfe,20,7,True
90,0,0,0,3,0,0,0,0,0,0,0,6,18.2,0.6,2.0,2.1,8,6,0,8,1,0.00,0.00,0.00,1.49,1,False,683,25,2025-26,Omar Alderete,17,1,False
90,0,0,0,3,0,0,0,0,0,0,0,3,24.0,1.4,11.0,3.6,9,6,0,9,1,0.19,0.07,0.26,1.79,1,False,684,25,2025-26,Malick Thiaw,15,5,True
0,0,0,0,0,0,0,0,0,0,0,0,0,0.0,0.0,0.0,0.0,0,0,0,0,0,0.00,0.00,0.00,0.00,0,False,685,25,2025-26,Bafodé Diakité,4,2,True
0,0,0,0,0,0,0,0,0,0,0,0,0,0.0,0.0,0.0,0.0,0,0,0,0,0,0.00,0.00,0.00,0.00,0,False,686,25,2025-26,Rio Ngumoha,12,13,True
0,0,0,0,0,0,0,0,0,0,0,0,0,0.0,0.0,0.0,0.0,0,0,0,0,0,0.00,0.00,0.00,0.00,0,False,687,25,2025-26,Remy Rees-Dottin,4,2,True
0,0,0,0,0,0,0,0,0,0,0,0,0,0.0,0.0,0.0,0.0,0,0,0,0,0,0.00,0.00,0.00,0.00,0,False,688,25,2025-26,James Wright,2,4,False
0,0,0,0,0,0,0,0,0,0,0,0,0,0.0,0.0,0.0,0.0,0,0,0,0,0,0.00,0.00,0.00,0.00,0,False,689,25,2025-26,Seung-Soo Park,15,5,True
0,0,0,0,0,0,0,0,0,0,0,0,0,0.0,0.0,0.0,0.0,0,0,0,0,0,0.00,0.00,0.00,0.00,0,False,690,25,2025-26,Rio Cardines,8,6,False
90,1,0,0,1,0,0,0,0,0,0,1,29,37.4,5.7,29.0,7.2,4,0,0,4,1,0.33,0.01,0.34,1.33,7,False,691,25,2025-26,Dominic Calvert-Lewin,11,16,True
0,0,0,0,0,0,0,0,0,0,0,0,0,0.0,0.0,0.0,0.0,0,0,0,0,0,0.00,0.00,0.00,0.00,0,False,692,25,2025-26,Giovanni Leoni,12,13,True
36,0,1,0,0,0,0,0,0,0,0,0,20,25.4,33.0,0.0,5.8,0,1,0,1,0,0.00,0.22,0.22,0.45,4,False,693,25,2025-26,Omari Hutchinson,16,11,False
90,0,0,0,3,0,0,0,0,0,0,0,3,13.6,3.7,4.0,2.1,2,3,5,7,1,0.02,0.01,0.03,1.49,1,False,694,25,2025-26,Nordi Mukiele,17,1,False
0,0,0,0,0,0,0,0,0,0,0,0,0,0.0,0.0,0.0,0.0,0,0,0,0,0,0.00,0.00,0.00,0.00,0,False,695,25,2025-26,Jackson Tchatchoua,20,7,True
0,0,0,0,0,0,0,0,0,0,0,0,0,0.0,0.0,0.0,0.0,0,0,0,0,0,0.00,0.00,0.00,0.00,0,False,696,25,2025-26,Arnaud Kalimuendo,16,11,False
90,0,0,0,1,0,0,0,0,0,0,0,14,9.8,45.8,9.0,6.5,1,3,1,5,1,0.06,0.86,0.92,0.44,2,False,697,25,2025-26,Amine Adli,4,2,True
81,1,0,1,0,0,0,0,1,0,0,0,28,38.8,4.5,29.0,7.2,1,3,3,7,1,0.77,0.07,0.84,1.06,7,False,698,25,2025-26,Noah Okafor,11,16,True
76,0,0,0,1,0,0,0,0,0,0,0,16,20.0,23.8,0.0,4.4,5,3,2,10,1,0.00,0.14,0.14,1.63,2,False,699,25,2025-26,Douglas Luiz Soares de Paulo,2,4,False
0,0,0,0,0,0,0,0,0,0,0,0,0,0.0,0.0,0.0,0.0,0,0,0,0,0,0.00,0.00,0.00,0.00,0,False,700,25,2025-26,Max Dowman,1,17,True
0,0,0,0,0,0,0,0,0,0,0,0,0,0.0,0.0,0.0,0.0,0,0,0,0,0,0.00,0.00,0.00,0.00,0,False,701,25,2025-26,Triston Rowe,2,4,False
0,0,0,0,0,0,0,0,0,0,0,0,0,0.0,0.0,0.0,0.0,0,0,0,0,0,0.00,0.00,0.00,0.00,0,False,702,25,2025-26,Bradley Burrowes,2,4,False
0,0,0,0,0,0,0,0,0,0,0,0,0,0.0,0.0,0.0,0.0,0,0,0,0,0,0.00,0.00,0.00,0.00,0,False,703,25,2025-26,Sam Proctor,2,4,False
0,0,0,0,0,0,0,0,0,0,0,0,0,0.0,0.0,0.0,0.0,0,0,0,0,0,0.00,0.00,0.00,0.00,0,False,704,25,2025-26,Tyler Onyango,9,10,False
0,0,0,0,0,0,0,0,0,0,0,0,0,0.0,0.0,0.0,0.0,0,0,0,0,0,0.00,0.00,0.00,0.00,0,False,705,25,2025-26,Elijah Campbell,9,10,False
90,0,1,0,1,0,0,0,0,0,0,2,34,38.6,54.1,23.0,11.6,4,0,2,6,1,0.14,0.59,0.73,1.33,7,False,706,25,2025-26,James Justin,11,16,True
0,0,0,0,0,0,0,0,0,0,0,0,0,0.0,0.0,0.0,0.0,0,0,0,0,0,0.00,0.00,0.00,0.00,0,False,707,25,2025-26,Tyler Dibling,9,10,False
90,0,1,1,0,0,0,0,0,0,0,0,34,34.8,16.3,1.0,5.2,4,10,3,17,1,0.02,0.28,0.30,1.34,8,False,708,25,2025-26,Mateus Gonçalo Espanha Fernandes,19,3,False
47,0,0,0,0,0,0,0,0,0,0,0,2,0.0,0.1,0.0,0.0,1,5,0,1,0,0.00,0.00,0.00,0.63,1,False,709,25,2025-26,Ladislav Krejcí,20,7,True
0,0,0,0,0,0,0,0,0,0,0,0,0,0.0,0.0,0.0,0.0,0,0,0,0,0,0.00,0.00,0.00,0.00,0,False,710,25,2025-26,Travis Patterson,2,4,False
0,0,0,0,0,0,0,0,0,0,0,0,0,0.0,0.0,0.0,0.0,0,0,0,0,0,0.00,0.00,0.00,0.00,0,False,711,25,2025-26,Andre Harriman-Annous,1,17,True
55,0,0,0,0,0,0,0,0,0,0,0,3,1.8,5.0,2.0,0.9,0,1,1,2,1,0.00,0.01,0.01,0.65,1,False,712,25,2025-26,Yéremy Pino Santos,8,6,False
85,0,0,0,1,0,0,0,1,0,0,0,10,17.8,18.1,0.0,3.6,1,4,5,6,1,0.00,0.02,0.02,0.44,1,False,713,25,2025-26,Álex Jiménez Sánchez,4,2,True
45,0,0,0,1,0,0,0,0,0,0,0,5,1.8,3.6,5.0,1.0,0,2,0,2,0,0.06,0.02,0.08,0.40,1,False,714,25,2025-26,Nick Woltemade,15,5,True
0,0,0,0,0,0,0,0,0,0,0,0,0,0.0,0.0,0.0,0.0,0,0,0,0,0,0.00,0.00,0.00,0.00,0,False,715,25,2025-26,John Victor Maciel Furtado,16,11,False
0,0,0,0,0,0,0,0,0,0,0,0,0,0.0,0.0,0.0,0.0,0,0,0,0,0,0.00,0.00,0.00,0.00,0,False,716,25,2025-26,Nicolò Savona,16,11,False
90,0,0,0,2,0,0,0,0,0,0,0,20,16.8,24.8,8.0,5.0,3,2,2,7,1,0.10,0.17,0.27,1.78,2,False,717,25,2025-26,Xavi Simons,18,14,False
0,0,0,0,0,0,0,0,0,0,0,0,0,0.0,0.0,0.0,0.0,0,0,0,0,0,0.00,0.00,0.00,0.00,0,False,718,25,2025-26,Soungoutou Magassa,19,3,False
0,0,0,0,0,0,0,0,0,0,0,0,0,0.0,0.0,0.0,0.0,0,0,0,0,0,0.00,0.00,0.00,0.00,0,False,719,25,2025-26,Victor Lindelöf,2,4,False
90,1,0,0,3,0,0,0,0,0,0,2,31,37.2,2.1,63.0,10.2,0,0,0,0,1,0.54,0.00,0.54,3.44,8,False,720,25,2025-26,Tolu Arokodare,20,7,True
0,0,0,0,0,0,0,0,0,0,0,0,0,0.0,0.0,0.0,0.0,0,0,0,0,0,0.00,0.00,0.00,0.00,0,False,721,25,2025-26,Veljko Milosavljevic,4,2,True
45,0,0,0,2,0,0,0,1,0,0,0,-2,3.6,2.4,0.0,0.6,3,1,1,5,1,0.00,0.02,0.02,0.90,0,False,722,25,2025-26,Florentino Ibrain Morris Luís,3,19,True
0,0,0,0,0,0,0,0,0,0,0,0,0,0.0,0.0,0.0,0.0,0,0,0,0,0,0.00,0.00,0.00,0.00,0,False,723,25,2025-26,Jaydee Canvot,8,6,False
19,0,0,0,1,0,0,0,0,0,0,0,-1,1.8,1.5,0.0,0.3,0,1,0,0,0,0.00,0.00,0.00,0.70,1,False,724,25,2025-26,Lutsharel Geertruida,17,1,False
23,0,0,0,0,0,0,0,0,0,0,0,3,0.0,1.9,0.0,0.2,0,1,0,0,0,0.00,0.00,0.00,0.02,1,False,725,25,2025-26,Piero Hincapié,1,17,True
10,0,0,0,1,0,0,0,0,0,0,0,4,2.0,0.0,0.0,0.2,0,1,1,2,0,0.00,0.00,0.00,0.69,1,False,726,25,2025-26,Randal Kolo Muani,18,14,False
74,0,0,1,0,0,0,0,0,0,0,0,12,8.4,20.5,22.0,5.1,2,5,1,8,1,0.23,0.24,0.47,1.60,3,False,727,25,2025-26,Samuel Chukwueze,10,9,True
0,0,0,0,0,0,0,0,0,0,0,0,0,0.0,0.0,0.0,0.0,0,0,0,0,0,0.00,0.00,0.00,0.00,0,False,728,25,2025-26,Merlin Röhl,9,10,False
0,0,0,0,0,0,0,0,0,0,0,0,0,0.0,0.0,0.0,0.0,0,0,0,0,0,0.00,0.00,0.00,0.00,0,False,729,25,2025-26,Luis Eduardo Soares da Silva,16,11,False
84,0,0,0,2,0,0,0,1,0,0,0,2,7.8,11.3,6.0,2.5,1,4,1,6,1,0.08,0.02,0.10,0.85,1,False,730,25,2025-26,Brian Brobbey,17,1,False
15,0,0,0,2,0,0,0,0,0,0,0,1,0.4,1.1,0.0,0.2,0,1,0,1,0,0.00,0.00,0.00,0.28,1,False,731,25,2025-26,Kevin Santos Lopes de Macedo,10,9,True
0,0,0,0,0,0,0,0,0,0,0,0,0,0.0,0.0,0.0,0.0,0,0,0,0,0,0.00,0.00,0.00,0.00,0,False,732,25,2025-26,Christantus Uche,8,6,False
90,0,0,1,0,0,0,0,0,0,1,0,23,11.6,0.0,0.0,1.2,1,7,0,0,1,0.00,0.00,0.00,0.49,6,False,733,25,2025-26,Senne Lammens,14,18,True
0,0,0,0,0,0,0,0,0,0,0,0,0,0.0,0.0,0.0,0.0,0,0,0,0,0,0.00,0.00,0.00,0.00,0,False,734,25,2025-26,Dilane Bakwa,16,11,False
0,0,0,0,0,0,0,0,0,0,0,0,0,0.0,0.0,0.0,0.0,0,0,0,0,0,0.00,0.00,0.00,0.00,0,False,735,25,2025-26,Bertrand Traoré,17,1,False
90,0,0,0,1,0,0,0,0,0,3,0,13,17.8,0.0,0.0,1.8,5,9,0,0,1,0.00,0.00,0.00,1.21,3,False,736,25,2025-26,Gianluigi Donnarumma,13,12,False
0,0,0,0,0,0,0,0,0,0,0,0,0,0.0,0.0,0.0,0.0,0,0,0,0,0,0.00,0.00,0.00,0.00,0,False,737,25,2025-26,Jonah Kusi-Asare,10,9,True
0,0,0,0,0,0,0,0,0,0,0,0,0,0.0,0.0,0.0,0.0,0,0,0,0,0,0.00,0.00,0.00,0.00,0,False,738,25,2025-26,Lukasz Fabianski,19,3,False
0,0,0,0,0,0,0,0,0,0,0,0,0,0.0,0.0,0.0,0.0,0,0,0,0,0,0.00,0.00,0.00,0.00,0,False,739,25,2025-26,Divine Mukasa,13,12,False
0,0,0,0,0,0,0,0,0,0,0,0,0,0.0,0.0,0.0,0.0,0,0,0,0,0,0.00,0.00,0.00,0.00,0,False,740,25,2025-26,Stephen Mfuni,13,12,False
0,0,0,0,0,0,0,0,0,0,0,0,0,0.0,0.0,0.0,0.0,0,0,0,0,0,0.00,0.00,0.00,0.00,0,False,741,25,2025-26,Harry Gray,11,16,True
0,0,0,0,0,0,0,0,0,0,0,0,0,0.0,0.0,0.0,0.0,0,0,0,0,0,0.00,0.00,0.00,0.00,0,False,742,25,2025-26,Ryan McAidoo,13,12,False
0,0,0,0,0,0,0,0,0,0,0,0,0,0.0,0.0,0.0,0.0,0,0,0,0,0,0.00,0.00,0.00,0.00,0,False,743,25,2025-26,Landon Emenalo,7,20,False
0,0,0,0,0,0,0,0,0,0,0,0,0,0.0,0.0,0.0,0.0,0,0,0,0,0,0.00,0.00,0.00,0.00,0,False,744,25,2025-26,Nehemiah Oriola,6,8,True
0,0,0,0,0,0,0,0,0,0,0,0,0,0.0,0.0,0.0,0.0,0,0,0,0,0,0.00,0.00,0.00,0.00,0,False,745,25,2025-26,Jun'ai Byfield,18,14,False
0,0,0,0,0,0,0,0,0,0,0,0,0,0.0,0.0,0.0,0.0,0,0,0,0,0,0.00,0.00,0.00,0.00,0,False,746,25,2025-26,Kieran Morrison,12,13,True
0,0,0,0,0,0,0,0,0,0,0,0,0,0.0,0.0,0.0,0.0,0,0,0,0,0,0.00,0.00,0.00,0.00,0,False,747,25,2025-26,Ezra Mayers,19,3,False
0,0,0,0,0,0,0,0,0,0,0,0,0,0.0,0.0,0.0,0.0,0,0,0,0,0,0.00,0.00,0.00,0.00,0,False,748,25,2025-26,Josh Dasilva,5,15,False
90,0,0,0,3,0,0,0,0,0,0,0,11,9.0,23.8,9.0,4.2,2,4,1,7,1,0.14,0.08,0.22,3.44,2,False,749,25,2025-26,Mateus Mané,20,7,True
0,0,0,0,0,0,0,0,0,0,0,0,0,0.0,0.0,0.0,0.0,0,0,0,0,0,0.00,0.00,0.00,0.00,0,False,750,25,2025-26,James Rowswell,18,14,False
0,0,0,0,0,0,0,0,0,0,0,0,0,0.0,0.0,0.0,0.0,0,0,0,0,0,0.00,0.00,0.00,0.00,0,False,751,25,2025-26,Yusuf Akhamrich,18,14,False
0,0,0,0,0,0,0,0,0,0,0,0,0,0.0,0.0,0.0,0.0,0,0,0,0,0,0.00,0.00,0.00,0.00,0,False,752,25,2025-26,Airidas Golambeckis,19,3,False
0,0,0,0,0,0,0,0,0,0,0,0,0,0.0,0.0,0.0,0.0,0,0,0,0,0,0.00,0.00,0.00,0.00,0,False,753,25,2025-26,John Ruddy,15,5,True
0,0,0,0,0,0,0,0,0,0,0,0,0,0.0,0.0,0.0,0.0,0,0,0,0,0,0.00,0.00,0.00,0.00,0,False,754,25,2025-26,George Hemmings,2,4,False
0,0,0,0,0,0,0,0,0,0,0,0,0,0.0,0.0,0.0,0.0,0,0,0,0,0,0.00,0.00,0.00,0.00,0,False,755,25,2025-26,Shea Lacey,14,18,True
0,0,0,0,0,0,0,0,0,0,0,0,0,0.0,0.0,0.0,0.0,0,0,0,0,0,0.00,0.00,0.00,0.00,0,False,756,25,2025-26,Malcom DaCosta,4,2,True
0,0,0,0,0,0,0,0,0,0,0,0,0,0.0,0.0,0.0,0.0,0,0,0,0,0,0.00,0.00,0.00,0.00,0,False,757,25,2025-26,Ronnie Hollingshead,2,4,False
0,0,0,0,0,0,0,0,0,0,0,0,0,0.0,0.0,0.0,0.0,0,0,0,0,0,0.00,0.00,0.00,0.00,0,False,758,25,2025-26,Mohamadou Kanté,19,3,False
0,0,0,0,0,0,0,0,0,0,0,0,0,0.0,0.0,0.0,0.0,0,0,0,0,0,0.00,0.00,0.00,0.00,0,False,759,25,2025-26,Marli Salmon,1,17,True
0,0,0,0,0,0,0,0,0,0,0,0,0,0.0,0.0,0.0,0.0,0,0,0,0,0,0.00,0.00,0.00,0.00,0,False,760,25,2025-26,Wellity Lucky,12,13,True
0,0,0,0,0,0,0,0,0,0,0,0,0,0.0,0.0,0.0,0.0,0,0,0,0,0,0.00,0.00,0.00,0.00,0,False,761,25,2025-26,Freddie Simmonds,6,8,True
0,0,0,0,0,0,0,0,0,0,0,0,0,0.0,0.0,0.0,0.0,0,0,0,0,0,0.00,0.00,0.00,0.00,0,False,762,25,2025-26,Joél Drakes-Thomas,8,6,False
0,0,0,0,0,0,0,0,0,0,0,0,0,0.0,0.0,0.0,0.0,0,0,0,0,0,0.00,0.00,0.00,0.00,0,False,763,25,2025-26,Charlie Gray,13,12,False
0,0,0,0,0,0,0,0,0,0,0,0,0,0.0,0.0,0.0,0.0,0,0,0,0,0,0.00,0.00,0.00,0.00,0,False,764,25,2025-26,Reigan Heskey,13,12,False
0,0,0,0,0,0,0,0,0,0,0,0,0,0.0,0.0,0.0,0.0,0,0,0,0,0,0.00,0.00,0.00,0.00,0,False,765,25,2025-26,Leo Shahar,15,5,True
0,0,0,0,0,0,0,0,0,0,0,0,0,0.0,0.0,0.0,0.0,0,0,0,0,0,0.00,0.00,0.00,0.00,0,False,766,25,2025-26,Saheed Olagunju,20,7,True
0,0,0,0,0,0,0,0,0,0,0,0,0,0.0,0.0,0.0,0.0,0,0,0,0,0,0.00,0.00,0.00,0.00,0,False,767,25,2025-26,Luke Rawlings,20,7,True
0,0,0,0,0,0,0,0,0,0,0,0,0,0.0,0.0,0.0,0.0,0,0,0,0,0,0.00,0.00,0.00,0.00,0,False,768,25,2025-26,Leon Routh,2,4,False
0,0,0,0,0,0,0,0,0,0,0,0,0,0.0,0.0,0.0,0.0,0,0,0,0,0,0.00,0.00,0.00,0.00,0,False,769,25,2025-26,Bendito Mantato,14,18,True
0,0,0,0,0,0,0,0,0,0,0,0,0,0.0,0.0,0.0,0.0,0,0,0,0,0,0.00,0.00,0.00,0.00,0,False,770,25,2025-26,Seth Ridgeon,10,9,True
1,0,0,0,0,0,0,0,0,0,0,0,3,0.4,1.0,0.0,0.1,0,0,0,0,0,0.00,0.01,0.01,0.02,1,False,771,25,2025-26,Tyler Fletcher,14,18,True
0,0,0,0,0,0,0,0,0,0,0,0,0,0.0,0.0,0.0,0.0,0,0,0,0,0,0.00,0.00,0.00,0.00,0,False,772,25,2025-26,Sam Alabi,15,5,True
0,0,0,0,0,0,0,0,0,0,0,0,0,0.0,0.0,0.0,0.0,0,0,0,0,0,0.00,0.00,0.00,0.00,0,False,773,25,2025-26,Dean Benamar,8,6,False
0,0,0,0,0,0,0,0,0,0,0,0,0,0.0,0.0,0.0,0.0,0,0,0,0,0,0.00,0.00,0.00,0.00,0,False,774,25,2025-26,Jenson Jones,17,1,False
0,0,0,0,0,0,0,0,0,0,0,0,0,0.0,0.0,0.0,0.0,0,0,0,0,0,0.00,0.00,0.00,0.00,0,False,775,25,2025-26,Tymur Tutierov,17,1,False
0,0,0,0,0,0,0,0,0,0,0,0,0,0.0,0.0,0.0,0.0,0,0,0,0,0,0.00,0.00,0.00,0.00,0,False,776,25,2025-26,Oliver Pimlott,3,19,True
0,0,0,0,0,0,0,0,0,0,0,0,0,0.0,0.0,0.0,0.0,0,0,0,0,0,0.00,0.00,0.00,0.00,0,False,777,25,2025-26,Temple Ojinnaka,20,7,True
0,0,0,0,0,0,0,0,0,0,0,0,0,0.0,0.0,0.0,0.0,0,0,0,0,0,0.00,0.00,0.00,0.00,0,False,778,25,2025-26,Ethan Sutherland,20,7,True
0,0,0,0,0,0,0,0,0,0,0,0,0,0.0,0.0,0.0,0.0,0,0,0,0,0,0.00,0.00,0.00,0.00,0,False,779,25,2025-26,Braiden Graham,9,10,False
0,0,0,0,0,0,0,0,0,0,0,0,0,0.0,0.0,0.0,0.0,0,0,0,0,0,0.00,0.00,0.00,0.00,0,False,780,25,2025-26,Ben Casey,8,6,False
0,0,0,0,0,0,0,0,0,0,0,0,0,0.0,0.0,0.0,0.0,0,0,0,0,0,0.00,0.00,0.00,0.00,0,False,781,25,2025-26,TJ Carroll,2,4,False
0,0,0,0,0,0,0,0,0,0,0,0,0,0.0,0.0,0.0,0.0,0,0,0,0,0,0.00,0.00,0.00,0.00,0,False,782,25,2025-26,Fraser Forster,4,2,True
90,0,0,0,1,0,0,0,0,0,0,0,19,17.6,32.2,0.0,5.0,2,6,2,10,1,0.00,0.32,0.32,1.16,2,False,783,25,2025-26,Pascal Groß,6,8,True
0,0,0,0,0,0,0,0,0,0,0,0,0,0.0,0.0,0.0,0.0,0,0,0,0,0,0.00,0.00,0.00,0.00,0,False,784,25,2025-26,George Brierley,3,19,True
11,0,0,0,0,0,0,0,0,0,0,0,7,4.0,13.1,0.0,1.7,0,1,1,2,0,0.00,0.00,0.00,0.11,1,False,785,25,2025-26,Pablo Felipe Pereira de Jesus,19,3,False
0,0,0,0,0,0,0,0,0,0,0,0,0,0.0,0.0,0.0,0.0,0,0,0,0,0,0.00,0.00,0.00,0.00,0,False,786,25,2025-26,Alfie McNally,10,9,True
0,0,0,0,0,0,0,0,0,0,0,0,0,0.0,0.0,0.0,0.0,0,0,0,0,0,0.00,0.00,0.00,0.00,0,False,787,25,2025-26,Sam Chambers,11,16,True
0,0,0,0,0,0,0,0,0,0,0,0,0,0.0,0.0,0.0,0.0,0,0,0,0,0,0.00,0.00,0.00,0.00,0,False,788,25,2025-26,Godwill Kukonki,14,18,True
0,0,0,0,0,0,0,0,0,0,0,0,0,0.0,0.0,0.0,0.0,0,0,0,0,0,0.00,0.00,0.00,0.00,0,False,789,25,2025-26,Max Merrick,7,20,False
0,0,0,0,0,0,0,0,0,0,0,0,0,0.0,0.0,0.0,0.0,0,0,0,0,0,0.00,0.00,0.00,0.00,0,False,790,25,2025-26,Lucá Williams-Barnett,18,14,False
78,1,0,1,0,0,0,0,0,0,0,0,28,35.8,2.4,19.0,5.7,2,2,0,4,1,0.22,0.16,0.38,1.23,6,False,791,25,2025-26,Valentín Castellanos,19,3,False
0,0,0,0,0,0,0,0,0,0,0,0,0,0.0,0.0,0.0,0.0,0,0,0,0,0,0.00,0.00,0.00,0.00,0,False,792,25,2025-26,Alysson Edward Franco da Rocha dos Santos,2,4,False
0,0,0,0,0,0,0,0,0,0,0,0,0,0.0,0.0,0.0,0.0,0,0,0,0,0,0.00,0.00,0.00,0.00,0,False,793,25,2025-26,George King,8,6,False
0,0,0,0,0,0,0,0,0,0,0,0,0,0.0,0.0,0.0,0.0,0,0,0,0,0,0.00,0.00,0.00,0.00,0,False,794,25,2025-26,Max Alleyne,13,12,False
70,0,0,0,1,0,0,0,0,0,0,0,6,6.0,3.8,0.0,1.0,2,1,0,3,1,0.00,0.02,0.02,0.79,2,False,795,25,2025-26,Harry Howell,6,8,True
79,0,0,0,1,0,0,0,0,0,0,0,10,15.2,18.3,19.0,5.3,5,2,1,8,1,0.16,0.07,0.23,1.09,2,False,796,25,2025-26,Conor Gallagher,18,14,False
0,0,0,0,0,0,0,0,0,0,0,0,0,0.0,0.0,0.0,0.0,0,0,0,0,0,0.00,0.00,0.00,0.00,0,False,797,25,2025-26,Kaye Furo,5,15,False
0,0,0,0,0,0,0,0,0,0,0,0,0,0.0,0.0,0.0,0.0,0,0,0,0,0,0.00,0.00,0.00,0.00,0,False,798,25,2025-26,Danny Imray,8,6,False
0,0,0,0,0,0,0,0,0,0,0,0,0,0.0,0.0,0.0,0.0,0,0,0,0,0,0.00,0.00,0.00,0.00,0,False,799,25,2025-26,Charlie Stevens,4,2,True
0,0,0,0,0,0,0,0,0,0,0,0,0,0.0,0.0,0.0,0.0,0,0,0,0,0,0.00,0.00,0.00,0.00,0,False,800,25,2025-26,Djiamgone Jocelin Ta Bi,17,1,False
0,0,0,0,0,0,0,0,0,0,0,0,0,0.0,0.0,0.0,0.0,0,0,0,0,0,0.00,0.00,0.00,0.00,0,False,801,25,2025-26,Alex Tóth,4,2,True
0,0,0,0,0,0,0,0,0,0,0,0,0,0.0,0.0,0.0,0.0,0,0,0,0,0,0.00,0.00,0.00,0.00,0,False,802,25,2025-26,Keiber Lamadrid,19,3,False
0,0,0,0,0,0,0,0,0,0,0,0,0,0.0,0.0,0.0,0.0,0,0,0,0,0,0.00,0.00,0.00,0.00,0,False,803,25,2025-26,Teddy Sharman-Lowe,7,20,False
35,0,0,0,1,0,0,0,0,0,0,0,1,6.0,10.3,0.0,1.6,2,2,0,2,0,0.00,0.00,0.00,1.04,1,False,804,25,2025-26,João Victor de Souza Menezes,18,14,False
36,1,0,0,0,0,0,0,0,0,0,0,27,32.0,1.1,19.0,5.2,0,0,0,0,0,0.16,0.00,0.16,0.45,5,False,805,25,2025-26,Lorenzo Lucca,16,11,False
0,0,0,0,0,0,0,0,0,0,0,0,0,0.0,0.0,0.0,0.0,0,0,0,0,0,0.00,0.00,0.00,0.00,0,False,806,25,2025-26,Christos Mandas,4,2,True
86,1,0,0,1,0,0,0,0,0,0,2,26,33.8,12.5,29.0,7.5,0,2,0,2,1,0.16,0.02,0.18,0.44,9,False,807,25,2025-26,Rayan Vitor Simplício Rocha,4,2,True
4,0,0,0,0,0,0,0,0,0,0,0,3,0.2,0.1,0.0,0.0,0,0,0,0,0,0.00,0.00,0.00,0.35,1,False,808,25,2025-26,Tammy Abraham,2,4,False
0,0,0,0,0,0,0,0,0,0,0,0,0,0.0,0.0,0.0,0.0,0,0,0,0,0,0.00,0.00,0.00,0.00,0,False,809,25,2025-26,Jerome Abbey,20,7,True
0,0,0,0,0,0,0,0,0,0,0,0,0,0.0,0.0,0.0,0.0,0,0,0,0,0,0.00,0.00,0.00,0.00,0,False,810,25,2025-26,Luka Bentt,5,15,False
0,0,0,0,0,0,0,0,0,0,0,0,0,0.0,0.0,0.0,0.0,0,0,0,0,0,0.00,0.00,0.00,0.00,0,False,811,25,2025-26,Rio Kyerematen,18,14,False
0,0,0,0,0,0,0,0,0,0,0,0,0,0.0,0.0,0.0,0.0,0,0,0,0,0,0.00,0.00,0.00,0.00,0,False,812,25,2025-26,Melker Ellborg,17,1,False
5,0,0,0,1,0,0,0,0,0,0,0,5,2.0,14.5,0.0,1.7,0,0,0,0,0,0.00,0.02,0.02,0.65,1,False,813,25,2025-26,Nilson Angulo,17,1,False
14,0,0,0,0,0,0,0,0,0,0,0,3,1.0,1.1,2.0,0.4,0,0,0,0,0,0.00,0.36,0.36,0.00,1,False,814,25,2025-26,Luca Netz,16,11,False
90,0,0,1,0,0,0,0,0,0,0,0,29,16.8,0.2,9.0,2.6,5,3,0,5,1,0.02,0.00,0.02,1.34,6,False,815,25,2025-26,Axel Disasi,19,3,False
78,0,0,0,3,0,0,0,0,0,0,0,25,16.0,26.3,0.0,4.2,2,6,2,10,1,0.00,0.06,0.06,2.86,2,False,816,25,2025-26,Angel Gomes,20,7,True
90,0,1,0,3,0,0,0,1,0,0,0,14,16.6,11.3,4.0,3.2,0,0,0,0,1,0.00,0.35,0.35,3.44,4,False,817,25,2025-26,Adam Armstrong,20,7,True
