minutes,goals_scored,assists,clean_sheets,goals_conceded,own_goals,penalties_saved,penalties_missed,yellow_cards,red_cards,saves,bonus,bps,influence,creativity,threat,ict_index,clearances_blocks_interceptions,recoveries,tackles,defensive_contribution,starts,expected_goals,expected_assists,expected_goal_involvements,expected_goals_conceded,total_points,in_dreamteam,element,Gameweek,season,name,team,opponent_team,was_home
180,0,0,0,3,0,0,0,0,0,2,0,10,20.0,0.0,0.0,2.0,3,17,0,0,2,0.00,0.00,0.00,1.80,3,False,1,26,2025-26,David Raya Martín,1,5,False
180,0,0,0,3,0,0,0,0,0,2,0,10,20.0,0.0,0.0,2.0,3,17,0,0,2,0.00,0.00,0.00,1.80,3,False,1,26,2025-26,David Raya Martín,1,20,False
0,0,0,0,0,0,0,0,0,0,0,0,0,0.0,0.0,0.0,0.0,0,0,0,0,0,0.00,0.00,0.00,0.00,0,False,2,26,2025-26,Kepa Arrizabalaga Revuelta,1,5,False
0,0,0,0,0,0,0,0,0,0,0,0,0,0.0,0.0,0.0,0.0,0,0,0,0,0,0.00,0.00,0.00,0.00,0,False,2,26,2025-26,Kepa Arrizabalaga Revuelta,1,20,False
0,0,0,0,0,0,0,0,0,0,0,0,0,0.0,0.0,0.0,0.0,0,0,0,0,0,0.00,0.00,0.00,0.00,0,False,3,26,2025-26,Karl Hein,1,5,False
0,0,0,0,0,0,0,0,0,0,0,0,0,0.0,0.0,0.0,0.0,0,0,0,0,0,0.00,0.00,0.00,0.00,0,False,3,26,2025-26,Karl Hein,1,20,False
0,0,0,0,0,0,0,0,0,0,0,0,0,0.0,0.0,0.0,0.0,0,0,0,0,0,0.00,0.00,0.00,0.00,0,False,4,26,2025-26,Tommy Setford,1,5,False
0,0,0,0,0,0,0,0,0,0,0,0,0,0.0,0.0,0.0,0.0,0,0,0,0,0,0.00,0.00,0.00,0.00,0,False,4,26,2025-26,Tommy Setford,1,20,False
180,0,1,0,3,0,0,0,1,0,0,0,35,75.8,21.4,8.0,10.5,20,9,4,24,2,0.12,0.17,0.29,1.80,7,False,5,26,2025-26,Gabriel dos Santos Magalhães,1,5,False
180,0,1,0,3,0,0,0,1,0,0,0,35,75.8,21.4,8.0,10.5,20,9,4,24,2,0.12,0.17,0.29,1.80,7,False,5,26,2025-26,Gabriel dos Santos Magalhães,1,20,False
90,0,0,0,2,0,0,0,0,0,0,0,7,18.0,2.7,0.0,2.1,5,5,3,8,1,0.00,0.01,0.01,0.29,1,False,6,26,2025-26,William Saliba,1,5,False
90,0,0,0,2,0,0,0,0,0,0,0,7,18.0,2.7,0.0,2.1,5,5,3,8,1,0.00,0.01,0.01,0.29,1,False,6,26,2025-26,William Saliba,1,20,False
10,0,0,0,1,0,0,0,0,0,0,0,1,1.6,1.6,0.0,0.4,1,0,0,1,0,0.00,0.01,0.01,0.50,2,False,7,26,2025-26,Riccardo Calafiori,1,5,False
10,0,0,0,1,0,0,0,0,0,0,0,1,1.6,1.6,0.0,0.4,1,0,0,1,0,0.00,0.01,0.01,0.50,2,False,7,26,2025-26,Riccardo Calafiori,1,20,False
180,0,0,0,3,0,0,0,0,0,0,0,24,26.2,29.9,10.0,6.6,4,10,3,7,2,0.00,0.13,0.13,1.80,3,False,8,26,2025-26,Jurriën Timber,1,5,False
180,0,0,0,3,0,0,0,0,0,0,0,24,26.2,29.9,10.0,6.6,4,10,3,7,2,0.00,0.13,0.13,1.80,3,False,8,26,2025-26,Jurriën Timber,1,20,False
0,0,0,0,0,0,0,0,0,0,0,0,0,0.0,0.0,0.0,0.0,0,0,0,0,0,0.00,0.00,0.00,0.00,0,False,9,26,2025-26,Jakub Kiwior,1,5,False
0,0,0,0,0,0,0,0,0,0,0,0,0,0.0,0.0,0.0,0.0,0,0,0,0,0,0.00,0.00,0.00,0.00,0,False,9,26,2025-26,Jakub Kiwior,1,20,False
0,0,0,0,0,0,0,0,0,0,0,0,0,0.0,0.0,0.0,0.0,0,0,0,0,0,0.00,0.00,0.00,0.00,0,False,10,26,2025-26,Myles Lewis-Skelly,1,5,False
0,0,0,0,0,0,0,0,0,0,0,0,0,0.0,0.0,0.0,0.0,0,0,0,0,0,0.00,0.00,0.00,0.00,0,False,10,26,2025-26,Myles Lewis-Skelly,1,20,False
0,0,0,0,0,0,0,0,0,0,0,0,0,0.0,0.0,0.0,0.0,0,0,0,0,0,0.00,0.00,0.00,0.00,0,False,11,26,2025-26,Benjamin White,1,5,False
0,0,0,0,0,0,0,0,0,0,0,0,0,0.0,0.0,0.0,0.0,0,0,0,0,0,0.00,0.00,0.00,0.00,0,False,11,26,2025-26,Benjamin White,1,20,False
0,0,0,0,0,0,0,0,0,0,0,0,0,0.0,0.0,0.0,0.0,0,0,0,0,0,0.00,0.00,0.00,0.00,0,False,12,26,2025-26,Oleksandr Zinchenko,16,20,True
0,0,0,0,0,0,0,0,0,0,0,0,0,0.0,0.0,0.0,0.0,0,0,0,0,0,0.00,0.00,0.00,0.00,0,False,13,26,2025-26,Brayden Clarke,1,5,False
0,0,0,0,0,0,0,0,0,0,0,0,0,0.0,0.0,0.0,0.0,0,0,0,0,0,0.00,0.00,0.00,0.00,0,False,13,26,2025-26,Brayden Clarke,1,20,False
0,0,0,0,0,0,0,0,0,0,0,0,0,0.0,0.0,0.0,0.0,0,0,0,0,0,0.00,0.00,0.00,0.00,0,False,14,26,2025-26,Maldini Kacurri,1,5,False
0,0,0,0,0,0,0,0,0,0,0,0,0,0.0,0.0,0.0,0.0,0,0,0,0,0,0.00,0.00,0.00,0.00,0,False,14,26,2025-26,Maldini Kacurri,1,20,False
0,0,0,0,0,0,0,0,0,0,0,0,0,0.0,0.0,0.0,0.0,0,0,0,0,0,0.00,0.00,0.00,0.00,0,False,15,26,2025-26,Josh Nichols,1,5,False
0,0,0,0,0,0,0,0,0,0,0,0,0,0.0,0.0,0.0,0.0,0,0,0,0,0,0.00,0.00,0.00,0.00,0,False,15,26,2025-26,Josh Nichols,1,20,False
92,1,0,0,2,0,0,0,0,0,0,3,39,51.8,21.2,45.0,11.9,7,9,3,19,1,0.55,0.13,0.68,0.86,13,True,16,26,2025-26,Bukayo Saka,1,5,False
92,1,0,0,2,0,0,0,0,0,0,3,39,51.8,21.2,45.0,11.9,7,9,3,19,1,0.55,0.13,0.68,0.86,13,True,16,26,2025-26,Bukayo Saka,1,20,False
45,0,0,0,1,0,0,0,0,0,0,0,3,1.0,3.6,10.0,1.5,0,3,1,4,0,0.04,0.07,0.11,1.09,1,False,17,26,2025-26,Martin Ødegaard,1,5,False
45,0,0,0,1,0,0,0,0,0,0,0,3,1.0,3.6,10.0,1.5,0,3,1,4,0,0.04,0.07,0.11,1.09,1,False,17,26,2025-26,Martin Ødegaard,1,20,False
133,1,0,1,1,0,0,0,0,0,0,3,37,44.6,14.5,61.0,12.0,0,2,5,7,2,0.33,0.08,0.41,0.88,13,True,18,26,2025-26,Noni Madueke,1,5,False
133,1,0,1,1,0,0,0,0,0,0,3,37,44.6,14.5,61.0,12.0,0,2,5,7,2,0.33,0.08,0.41,0.88,13,True,18,26,2025-26,Noni Madueke,1,20,False
99,0,0,0,2,0,0,0,0,0,0,0,10,19.0,28.8,65.0,11.3,2,7,2,11,1,0.70,0.12,0.82,0.62,3,False,19,26,2025-26,Gabriel Martinelli Silva,1,5,False
99,0,0,0,2,0,0,0,0,0,0,0,10,19.0,28.8,65.0,11.3,2,7,2,11,1,0.70,0.12,0.82,0.62,3,False,19,26,2025-26,Gabriel Martinelli Silva,1,20,False
100,0,0,0,1,0,0,0,0,0,0,0,15,11.0,21.5,20.0,5.3,1,3,3,7,1,0.18,0.11,0.29,1.18,3,False,20,26,2025-26,Leandro Trossard,1,5,False
100,0,0,0,1,0,0,0,0,0,0,0,15,11.0,21.5,20.0,5.3,1,3,3,7,1,0.18,0.11,0.29,1.18,3,False,20,26,2025-26,Leandro Trossard,1,20,False
180,0,1,0,3,0,0,0,0,0,0,3,54,56.4,65.6,13.0,13.5,6,16,6,28,2,0.03,0.69,0.72,1.80,14,True,21,26,2025-26,Declan Rice,1,5,False
180,0,1,0,3,0,0,0,0,0,0,3,54,56.4,65.6,13.0,13.5,6,16,6,28,2,0.03,0.69,0.72,1.80,14,True,21,26,2025-26,Declan Rice,1,20,False
0,0,0,0,0,0,0,0,0,0,0,0,0,0.0,0.0,0.0,0.0,0,0,0,0,0,0.00,0.00,0.00,0.00,0,False,22,26,2025-26,Mikel Merino Zazón,1,5,False
0,0,0,0,0,0,0,0,0,0,0,0,0,0.0,0.0,0.0,0.0,0,0,0,0,0,0.00,0.00,0.00,0.00,0,False,22,26,2025-26,Mikel Merino Zazón,1,20,False
0,0,0,0,0,0,0,0,0,0,0,0,0,0.0,0.0,0.0,0.0,0,0,0,0,0,0.00,0.00,0.00,0.00,0,False,23,26,2025-26,Fábio Ferreira Vieira,1,5,False
0,0,0,0,0,0,0,0,0,0,0,0,0,0.0,0.0,0.0,0.0,0,0,0,0,0,0.00,0.00,0.00,0.00,0,False,23,26,2025-26,Fábio Ferreira Vieira,1,20,False
0,0,0,0,0,0,0,0,0,0,0,0,0,0.0,0.0,0.0,0.0,0,0,0,0,0,0.00,0.00,0.00,0.00,0,False,24,26,2025-26,Christian Nørgaard,1,5,False
0,0,0,0,0,0,0,0,0,0,0,0,0,0.0,0.0,0.0,0.0,0,0,0,0,0,0.00,0.00,0.00,0.00,0,False,24,26,2025-26,Christian Nørgaard,1,20,False
0,0,0,0,0,0,0,0,0,0,0,0,0,0.0,0.0,0.0,0.0,0,0,0,0,0,0.00,0.00,0.00,0.00,0,False,25,26,2025-26,Ethan Nwaneri,1,5,False
0,0,0,0,0,0,0,0,0,0,0,0,0,0.0,0.0,0.0,0.0,0,0,0,0,0,0.00,0.00,0.00,0.00,0,False,25,26,2025-26,Ethan Nwaneri,1,20,False
180,0,0,0,3,0,0,0,0,0,0,0,30,26.0,11.1,2.0,3.9,9,5,4,18,2,0.00,0.32,0.32,1.80,6,False,26,26,2025-26,Martín Zubimendi Ibáñez,1,5,False
180,0,0,0,3,0,0,0,0,0,0,0,30,26.0,11.1,2.0,3.9,9,5,4,18,2,0.00,0.32,0.32,1.80,6,False,26,26,2025-26,Martín Zubimendi Ibáñez,1,20,False
0,0,0,0,0,0,0,0,0,0,0,0,0,0.0,0.0,0.0,0.0,0,0,0,0,0,0.00,0.00,0.00,0.00,0,False,27,26,2025-26,Reiss Nelson,5,1,True
0,0,0,0,0,0,0,0,0,0,0,0,0,0.0,0.0,0.0,0.0,0,0,0,0,0,0.00,0.00,0.00,0.00,0,False,28,26,2025-26,Ismeal Kabia,1,5,False
0,0,0,0,0,0,0,0,0,0,0,0,0,0.0,0.0,0.0,0.0,0,0,0,0,0,0.00,0.00,0.00,0.00,0,False,28,26,2025-26,Ismeal Kabia,1,20,False
0,0,0,0,0,0,0,0,0,0,0,0,0,0.0,0.0,0.0,0.0,0,0,0,0,0,0.00,0.00,0.00,0.00,0,False,29,26,2025-26,Albert Sambi Lokonga,1,5,False
0,0,0,0,0,0,0,0,0,0,0,0,0,0.0,0.0,0.0,0.0,0,0,0,0,0,0.00,0.00,0.00,0.00,0,False,29,26,2025-26,Albert Sambi Lokonga,1,20,False
0,0,0,0,0,0,0,0,0,0,0,0,0,0.0,0.0,0.0,0.0,0,0,0,0,0,0.00,0.00,0.00,0.00,0,False,30,26,2025-26,Kai Havertz,1,5,False
0,0,0,0,0,0,0,0,0,0,0,0,0,0.0,0.0,0.0,0.0,0,0,0,0,0,0.00,0.00,0.00,0.00,0,False,30,26,2025-26,Kai Havertz,1,20,False
25,0,0,0,1,0,0,0,1,0,0,0,-1,0.0,1.7,4.0,0.5,0,3,0,3,0,0.00,0.01,0.01,0.17,0,False,31,26,2025-26,Gabriel Fernando de Jesus,1,5,False
25,0,0,0,1,0,0,0,1,0,0,0,-1,0.0,1.7,4.0,0.5,0,3,0,3,0,0.00,0.01,0.01,0.17,0,False,31,26,2025-26,Gabriel Fernando de Jesus,1,20,False
90,0,0,1,0,0,0,0,1,0,3,2,29,21.2,0.0,0.0,2.1,1,17,0,0,1,0.00,0.01,0.01,0.50,8,False,32,26,2025-26,Emiliano Martínez Romero,2,6,True
0,0,0,0,0,0,0,0,0,0,0,0,0,0.0,0.0,0.0,0.0,0,0,0,0,0,0.00,0.00,0.00,0.00,0,False,33,26,2025-26,Marco Bizot,2,6,True
0,0,0,0,0,0,0,0,0,0,0,0,0,0.0,0.0,0.0,0.0,0,0,0,0,0,0.00,0.00,0.00,0.00,0,False,34,26,2025-26,Joe Gauci,2,6,True
0,0,0,0,0,0,0,0,0,0,0,0,0,0.0,0.0,0.0,0.0,0,0,0,0,0,0.00,0.00,0.00,0.00,0,False,35,26,2025-26,Filip Marschall,2,6,True
0,0,0,0,0,0,0,0,0,0,0,0,0,0.0,0.0,0.0,0.0,0,0,0,0,0,0.00,0.00,0.00,0.00,0,False,36,26,2025-26,Matty Cash,2,6,True
0,0,0,0,0,0,0,0,0,0,0,0,0,0.0,0.0,0.0,0.0,0,0,0,0,0,0.00,0.00,0.00,0.00,0,False,37,26,2025-26,Lucas Digne,2,6,True
90,0,0,1,0,0,0,0,0,0,0,0,25,7.0,1.1,11.0,1.9,4,4,0,4,1,0.15,0.02,0.17,0.50,6,False,38,26,2025-26,Ezri Konsa Ngoyo,2,6,True
90,0,0,1,0,0,0,0,0,0,0,0,24,24.6,29.7,12.0,6.6,9,3,2,11,1,0.02,0.08,0.10,0.50,8,False,39,26,2025-26,Ian Maatsen,2,6,True
90,0,1,1,0,0,0,0,0,0,0,3,33,13.4,0.7,9.0,2.3,4,4,1,5,1,0.14,0.00,0.14,0.50,12,True,40,26,2025-26,Tyrone Mings,2,6,True
0,0,0,0,0,0,0,0,0,0,0,0,0,0.0,0.0,0.0,0.0,0,0,0,0,0,0.00,0.00,0.00,0.00,0,False,41,26,2025-26,Pau Torres,2,6,True
0,0,0,0,0,0,0,0,0,0,0,0,0,0.0,0.0,0.0,0.0,0,0,0,0,0,0.00,0.00,0.00,0.00,0,False,42,26,2025-26,Andrés García,2,6,True
0,0,0,0,0,0,0,0,0,0,0,0,0,0.0,0.0,0.0,0.0,0,0,0,0,0,0.00,0.00,0.00,0.00,0,False,43,26,2025-26,Álex Moreno Lopera,2,6,True
90,0,0,1,0,0,0,0,0,0,0,1,28,17.0,2.3,2.0,2.1,5,3,2,7,1,0.00,0.01,0.01,0.50,7,False,44,26,2025-26,Lamare Bogarde,2,6,True
0,0,0,0,0,0,0,0,0,0,0,0,0,0.0,0.0,0.0,0.0,0,0,0,0,0,0.00,0.00,0.00,0.00,0,False,45,26,2025-26,Lino da Cruz Sousa,2,6,True
0,0,0,0,0,0,0,0,0,0,0,0,0,0.0,0.0,0.0,0.0,0,0,0,0,0,0.00,0.00,0.00,0.00,0,False,46,26,2025-26,Yasin Özcan,2,6,True
90,0,0,1,0,0,0,0,1,0,0,0,4,4.4,22.2,52.0,7.9,0,2,1,3,1,0.20,0.03,0.23,0.50,2,False,47,26,2025-26,Morgan Rogers,2,6,True
0,0,0,0,0,0,0,0,0,0,0,0,0,0.0,0.0,0.0,0.0,0,0,0,0,0,0.00,0.00,0.00,0.00,0,False,48,26,2025-26,Youri Tielemans,2,6,True
30,0,0,0,0,0,0,0,0,0,0,0,3,6.2,39.0,4.0,4.9,0,1,0,1,0,0.00,0.23,0.23,0.33,1,False,49,26,2025-26,Leon Bailey,2,6,True
59,0,0,0,0,0,0,0,0,0,0,0,8,5.8,10.4,4.0,2.0,2,4,0,6,1,0.02,0.01,0.03,0.17,1,False,50,26,2025-26,Emiliano Buendía Stati,2,6,True
0,0,0,0,0,0,0,0,0,0,0,0,0,0.0,0.0,0.0,0.0,0,0,0,0,0,0.00,0.00,0.00,0.00,0,False,51,26,2025-26,Samuel Iling-Junior,2,6,True
74,1,0,0,1,0,0,0,0,0,0,0,30,41.8,1.6,40.0,8.3,2,2,1,5,1,0.40,0.02,0.42,1.47,7,False,52,26,2025-26,Jacob Ramsey,15,18,False
0,0,0,0,0,0,0,0,0,0,0,0,0,0.0,0.0,0.0,0.0,0,0,0,0,0,0.00,0.00,0.00,0.00,0,False,53,26,2025-26,Donyell Malen,2,6,True
0,0,0,0,0,0,0,0,0,0,0,0,0,0.0,0.0,0.0,0.0,0,0,0,0,0,0.00,0.00,0.00,0.00,0,False,54,26,2025-26,John McGinn,2,6,True
30,0,0,0,0,0,0,0,0,0,0,0,2,1.0,0.8,1.0,0.3,1,1,0,2,0,0.04,0.02,0.06,0.33,1,False,55,26,2025-26,Ross Barkley,2,6,True
0,0,0,0,0,0,0,0,0,0,0,0,0,0.0,0.0,0.0,0.0,0,0,0,0,0,0.00,0.00,0.00,0.00,0,False,56,26,2025-26,Enzo Barrenechea,2,6,True
0,0,0,0,0,0,0,0,0,0,0,0,0,0.0,0.0,0.0,0.0,0,0,0,0,0,0.00,0.00,0.00,0.00,0,False,57,26,2025-26,Lewis Dobbin,2,6,True
0,0,0,0,0,0,0,0,0,0,0,0,0,0.0,0.0,0.0,0.0,0,0,0,0,0,0.00,0.00,0.00,0.00,0,False,58,26,2025-26,Boubacar Kamara,2,6,True
74,0,0,1,0,0,0,0,0,0,0,0,10,6.2,3.1,4.0,1.3,3,2,2,7,1,0.06,0.02,0.08,0.39,3,False,59,26,2025-26,Amadou Onana,2,6,True
0,0,0,0,0,0,0,0,0,0,0,0,0,0.0,0.0,0.0,0.0,0,0,0,0,0,0.00,0.00,0.00,0.00,0,False,60,26,2025-26,Ben Broggio,2,6,True
0,0,0,0,0,0,0,0,0,0,0,0,0,0.0,0.0,0.0,0.0,0,0,0,0,0,0.00,0.00,0.00,0.00,0,False,61,26,2025-26,Leander Dendoncker,2,6,True
0,0,0,0,0,0,0,0,0,0,0,0,0,0.0,0.0,0.0,0.0,0,0,0,0,0,0.00,0.00,0.00,0.00,0,False,62,26,2025-26,Jamaldeen Jimoh-Aloba,2,6,True
0,0,0,0,0,0,0,0,0,0,0,0,0,0.0,0.0,0.0,0.0,0,0,0,0,0,0.00,0.00,0.00,0.00,0,False,63,26,2025-26,Kadan Young,2,6,True
73,0,0,1,0,0,0,0,0,0,0,0,2,0.0,1.9,6.0,0.3,0,0,0,0,1,0.02,0.02,0.04,0.39,2,False,64,26,2025-26,Ollie Watkins,2,6,True
0,0,0,0,0,0,0,0,0,0,0,0,0,0.0,0.0,0.0,0.0,0,0,0,0,0,0.00,0.00,0.00,0.00,0,False,65,26,2025-26,Zépiqueno Redmond,2,6,True
0,0,0,0,0,0,0,0,0,0,0,0,0,0.0,0.0,0.0,0.0,0,0,0,0,0,0.00,0.00,0.00,0.00,0,False,66,26,2025-26,Norberto Murara Neto,4,9,False
90,0,0,0,1,0,0,0,0,0,5,0,17,36.0,0.0,0.0,3.6,1,7,0,0,1,0.00,0.00,0.00,2.94,3,False,67,26,2025-26,Đorđe Petrović,4,9,False
0,0,0,0,0,0,0,0,0,0,0,0,0,0.0,0.0,0.0,0.0,0,0,0,0,0,0.00,0.00,0.00,0.00,0,False,68,26,2025-26,Will Dennis,4,9,False
0,0,0,0,0,0,0,0,0,0,0,0,0,0.0,0.0,0.0,0.0,0,0,0,0,0,0.00,0.00,0.00,0.00,0,False,69,26,2025-26,Callan McKenna,4,9,False
0,0,0,0,0,0,0,0,0,0,0,0,0,0.0,0.0,0.0,0.0,0,0,0,0,0,0.00,0.00,0.00,0.00,0,False,70,26,2025-26,Alex Paulsen,4,9,False
0,0,0,0,0,0,0,0,0,0,0,0,0,0.0,0.0,0.0,0.0,0,0,0,0,0,0.00,0.00,0.00,0.00,0,False,71,26,2025-26,Illia Zabarnyi,4,9,False
90,0,0,0,1,0,0,0,0,0,0,0,8,25.8,0.7,2.0,2.9,6,4,1,7,1,0.00,0.00,0.00,2.94,2,False,72,26,2025-26,Marcos Senesi Barón,4,9,False
1,0,0,0,0,0,0,0,0,0,0,0,4,0.0,0.0,0.0,0.0,0,0,0,0,0,0.00,0.00,0.00,0.00,1,False,73,26,2025-26,Adam Smith,4,9,False
90,0,1,0,1,0,0,0,0,0,0,0,18,32.6,15.8,1.0,4.9,7,5,4,11,1,0.02,0.49,0.51,2.94,7,False,74,26,2025-26,Adrien Truffert,4,9,False
0,0,0,0,0,0,0,0,0,0,0,0,0,0.0,0.0,0.0,0.0,0,0,0,0,0,0.00,0.00,0.00,0.00,0,False,75,26,2025-26,Matai Akinmboni,4,9,False
0,0,0,0,0,0,0,0,0,0,0,0,0,0.0,0.0,0.0,0.0,0,0,0,0,0,0.00,0.00,0.00,0.00,0,False,76,26,2025-26,Owen Bevan,4,9,False
90,0,1,0,1,0,0,0,0,0,0,2,31,55.0,10.6,2.0,6.8,17,2,3,20,1,0.00,0.22,0.22,2.94,9,False,77,26,2025-26,James Hill,4,9,False
0,0,0,0,0,0,0,0,0,0,0,0,0,0.0,0.0,0.0,0.0,0,0,0,0,0,0.00,0.00,0.00,0.00,0,False,78,26,2025-26,Julián Araujo Zúñiga,4,9,False
0,0,0,0,0,0,0,0,0,0,0,0,0,0.0,0.0,0.0,0.0,0,0,0,0,0,0.00,0.00,0.00,0.00,0,False,79,26,2025-26,Chris Mepham,4,9,False
0,0,0,0,0,0,0,0,0,0,0,0,0,0.0,0.0,0.0,0.0,0,0,0,0,0,0.00,0.00,0.00,0.00,0,False,80,26,2025-26,Julio Soler Barreto,4,9,False
0,0,0,0,0,0,0,0,0,0,0,0,0,0.0,0.0,0.0,0.0,0,0,0,0,0,0.00,0.00,0.00,0.00,0,False,81,26,2025-26,Justin Kluivert,4,9,False
90,1,1,1,0,0,0,0,0,0,0,3,36,53.6,17.8,39.0,11.0,0,2,2,4,1,0.55,0.17,0.72,1.42,14,True,82,26,2025-26,Antoine Semenyo,13,10,True
90,0,0,0,1,0,0,0,1,0,0,0,5,9.6,17.7,4.0,3.1,4,3,0,7,1,0.04,0.03,0.07,0.60,1,False,83,26,2025-26,Dango Ouattara,5,1,True
0,0,0,0,0,0,0,0,0,0,0,0,0,0.0,0.0,0.0,0.0,0,0,0,0,0,0.00,0.00,0.00,0.00,0,False,84,26,2025-26,Marcus Tavernier,4,9,False
0,0,0,0,0,0,0,0,0,0,0,0,0,0.0,0.0,0.0,0.0,0,0,0,0,0,0.00,0.00,0.00,0.00,0,False,85,26,2025-26,Tyler Adams,4,9,False
10,0,0,0,0,0,0,0,1,0,0,0,0,1.2,1.0,0.0,0.2,1,1,0,2,0,0.00,0.00,0.00,0.81,0,False,86,26,2025-26,David Brooks,4,9,False
79,0,0,0,1,0,0,0,0,0,0,0,12,1.0,18.4,4.0,2.3,0,3,0,3,1,0.03,0.05,0.08,2.13,2,False,87,26,2025-26,Ryan Christie,4,9,False
10,0,0,0,0,0,0,0,0,0,0,0,2,0.0,0.1,0.0,0.0,1,0,0,1,0,0.00,0.00,0.00,0.81,1,False,88,26,2025-26,Lewis Cook,4,9,False
0,0,0,0,0,0,0,0,0,0,0,0,0,0.0,0.0,0.0,0.0,0,0,0,0,0,0.00,0.00,0.00,0.00,0,False,89,26,2025-26,Philip Billing,4,9,False
90,0,0,0,1,0,0,0,0,0,0,0,17,16.0,6.5,0.0,2.3,6,7,3,16,1,0.00,0.04,0.04,2.94,4,False,90,26,2025-26,Alex Scott,4,9,False
0,0,0,0,0,0,0,0,0,0,0,0,0,0.0,0.0,0.0,0.0,0,0,0,0,0,0.00,0.00,0.00,0.00,0,False,91,26,2025-26,Luis Sinisterra Lucumí,4,9,False
0,0,0,0,0,0,0,0,0,0,0,0,0,0.0,0.0,0.0,0.0,0,0,0,0,0,0.00,0.00,0.00,0.00,0,False,92,26,2025-26,Romain Faivre,4,9,False
0,0,0,0,0,0,0,0,0,0,0,0,0,0.0,0.0,0.0,0.0,0,0,0,0,0,0.00,0.00,0.00,0.00,0,False,93,26,2025-26,Hamed Traorè,4,9,False
0,0,0,0,0,0,0,0,0,0,0,0,0,0.0,0.0,0.0,0.0,0,0,0,0,0,0.00,0.00,0.00,0.00,0,False,94,26,2025-26,Dominic Sadi,4,9,False
0,0,0,0,0,0,0,0,0,0,0,0,0,0.0,0.0,0.0,0.0,0,0,0,0,0,0.00,0.00,0.00,0.00,0,False,95,26,2025-26,Zain Silcott-Duberry,4,9,False
0,0,0,0,0,0,0,0,0,0,0,0,0,0.0,0.0,0.0,0.0,0,0,0,0,0,0.00,0.00,0.00,0.00,0,False,96,26,2025-26,Ben Winterburn,4,9,False
57,0,0,0,1,0,0,0,0,0,0,0,7,7.2,1.3,24.0,3.3,1,1,0,2,1,0.12,0.01,0.13,1.95,1,False,97,26,2025-26,Francisco Evanilson de Lima Barbosa,4,9,False
32,0,0,0,0,0,0,0,0,0,0,0,0,0.0,4.0,6.0,0.7,1,1,0,2,0,0.09,0.00,0.09,1.00,1,False,98,26,2025-26,Enes Ünal,4,9,False
0,0,0,0,0,0,0,0,0,0,0,0,0,0.0,0.0,0.0,0.0,0,0,0,0,0,0.00,0.00,0.00,0.00,0,False,99,26,2025-26,Daniel Adu-Adjei,4,9,False
32,0,0,0,0,0,0,0,0,0,0,0,3,3.6,14.5,0.0,1.8,2,1,0,3,0,0.00,0.16,0.16,1.00,1,False,100,26,2025-26,Junior Kroupi,4,9,False
90,0,0,0,1,0,0,0,0,0,1,0,6,13.4,0.0,0.0,1.3,1,4,0,0,1,0.00,0.00,0.00,0.60,2,False,101,26,2025-26,Caoimhín Kelleher,5,1,True
0,0,0,0,0,0,0,0,0,0,0,0,0,0.0,0.0,0.0,0.0,0,0,0,0,0,0.00,0.00,0.00,0.00,0,False,102,26,2025-26,Ellery Balcombe,5,1,True
0,0,0,0,0,0,0,0,0,0,0,0,0,0.0,0.0,0.0,0.0,0,0,0,0,0,0.00,0.00,0.00,0.00,0,False,103,26,2025-26,Matthew Cox,5,1,True
0,0,0,0,0,0,0,0,0,0,0,0,0,0.0,0.0,0.0,0.0,0,0,0,0,0,0.00,0.00,0.00,0.00,0,False,104,26,2025-26,Julian Eyestone,5,1,True
0,0,0,0,0,0,0,0,0,0,0,0,0,0.0,0.0,0.0,0.0,0,0,0,0,0,0.00,0.00,0.00,0.00,0,False,105,26,2025-26,Hákon Rafn Valdimarsson,5,1,True
0,0,0,0,0,0,0,0,0,0,0,0,0,0.0,0.0,0.0,0.0,0,0,0,0,0,0.00,0.00,0.00,0.00,0,False,106,26,2025-26,Nathan Collins,5,1,True
72,1,0,0,1,0,0,0,0,0,0,0,14,32.4,3.3,46.0,8.2,1,5,1,2,1,0.56,0.02,0.58,0.53,8,False,107,26,2025-26,Keane Lewis-Potter,5,1,True
90,0,0,0,1,0,0,0,0,0,0,0,11,21.2,0.9,8.0,3.0,8,3,2,10,1,0.00,0.04,0.04,0.60,4,False,108,26,2025-26,Kristoffer Ajer,5,1,True
90,0,0,0,1,0,0,0,0,0,0,0,6,9.2,0.8,0.0,1.0,5,4,0,5,1,0.00,0.01,0.01,0.60,2,False,109,26,2025-26,Rico Henry,5,1,True
90,0,0,0,1,0,0,0,0,0,0,0,9,13.0,1.1,2.0,1.6,7,3,2,9,1,0.08,0.06,0.14,0.60,2,False,110,26,2025-26,Michael Kayode,5,1,True
0,0,0,0,0,0,0,0,0,0,0,0,0,0.0,0.0,0.0,0.0,0,0,0,0,0,0.00,0.00,0.00,0.00,0,False,111,26,2025-26,Ethan Pinnock,5,1,True
0,0,0,0,0,0,0,0,0,0,0,0,0,0.0,0.0,0.0,0.0,0,0,0,0,0,0.00,0.00,0.00,0.00,0,False,112,26,2025-26,Mads Roerslev Rasmussen,5,1,True
90,0,1,0,1,0,0,0,0,0,0,1,23,36.4,10.7,6.0,5.3,8,2,1,9,1,0.05,0.27,0.32,0.60,6,False,113,26,2025-26,Sepp van den Berg,5,1,True
0,0,0,0,0,0,0,0,0,0,0,0,0,0.0,0.0,0.0,0.0,0,0,0,0,0,0.00,0.00,0.00,0.00,0,False,114,26,2025-26,Benjamin Arthur,5,1,True
0,0,0,0,0,0,0,0,0,0,0,0,0,0.0,0.0,0.0,0.0,0,0,0,0,0,0.00,0.00,0.00,0.00,0,False,115,26,2025-26,Benjamin Fredrick,5,1,True
1,0,0,0,0,0,0,0,0,0,0,0,3,0.0,0.1,0.0,0.0,0,0,0,0,0,0.00,0.00,0.00,0.00,1,False,116,26,2025-26,Aaron Hickey,5,1,True
0,0,0,0,0,0,0,0,0,0,0,0,0,0.0,0.0,0.0,0.0,0,0,0,0,0,0.00,0.00,0.00,0.00,0,False,117,26,2025-26,Kim Ji-soo,5,1,True
0,0,0,0,0,0,0,0,0,0,0,0,0,0.0,0.0,0.0,0.0,0,0,0,0,0,0.00,0.00,0.00,0.00,0,False,118,26,2025-26,Jayden Meghoma,5,1,True
90,0,1,0,1,0,0,0,0,0,0,1,23,23.2,35.5,13.0,7.2,1,6,1,8,1,0.13,0.09,0.22,1.11,6,False,119,26,2025-26,Bryan Mbeumo,14,19,False
0,0,0,0,0,0,0,0,0,0,0,0,0,0.0,0.0,0.0,0.0,0,0,0,0,0,0.00,0.00,0.00,0.00,0,False,120,26,2025-26,Kevin Schade,5,1,True
17,0,0,0,0,0,0,0,0,0,0,0,5,7.0,11.1,4.0,2.2,2,2,1,5,0,0.00,0.01,0.01,0.07,1,False,121,26,2025-26,Mikkel Damsgaard,5,1,True
0,0,0,0,0,0,0,0,0,0,0,0,0,0.0,0.0,0.0,0.0,0,0,0,0,0,0.00,0.00,0.00,0.00,0,False,122,26,2025-26,Antoni Milambo,5,1,True
0,0,0,0,0,0,0,0,0,0,0,0,0,0.0,0.0,0.0,0.0,0,0,0,0,0,0.00,0.00,0.00,0.00,0,False,123,26,2025-26,Fábio Freitas Gouveia Carvalho,5,1,True
17,0,0,0,0,0,0,0,0,0,0,0,4,3.8,4.5,2.0,1.0,1,2,0,3,0,0.00,0.01,0.01,0.07,1,False,124,26,2025-26,Jordan Henderson,5,1,True
90,0,0,0,1,0,0,0,1,0,0,0,10,9.4,15.0,2.0,2.6,5,3,1,9,1,0.00,0.04,0.04,0.60,1,False,125,26,2025-26,Vitaly Janelt,5,1,True
90,0,0,0,1,0,0,0,1,0,0,0,18,12.8,52.7,2.0,6.8,0,5,2,7,1,0.00,0.35,0.35,0.60,1,False,126,26,2025-26,Mathias Jensen,5,1,True
0,0,0,0,0,0,0,0,0,0,0,0,0,0.0,0.0,0.0,0.0,0,0,0,0,0,0.00,0.00,0.00,0.00,0,False,127,26,2025-26,Gustavo Nunes Fernandes Gomes,5,1,True
0,0,0,0,0,0,0,0,0,0,0,0,0,0.0,0.0,0.0,0.0,0,0,0,0,0,0.00,0.00,0.00,0.00,0,False,128,26,2025-26,Frank Onyeka,5,1,True
72,0,0,0,1,0,0,0,0,0,0,0,3,0.0,0.9,0.0,0.0,1,2,0,3,1,0.00,0.00,0.00,0.53,2,False,129,26,2025-26,Yehor Yarmoliuk,5,1,True
0,0,0,0,0,0,0,0,0,0,0,0,0,0.0,0.0,0.0,0.0,0,0,0,0,0,0.00,0.00,0.00,0.00,0,False,130,26,2025-26,Romelle Donovan,5,1,True
0,0,0,0,0,0,0,0,0,0,0,0,0,0.0,0.0,0.0,0.0,0,0,0,0,0,0.00,0.00,0.00,0.00,0,False,131,26,2025-26,Yunus Emre Konak,5,1,True
0,0,0,0,0,0,0,0,0,0,0,0,0,0.0,0.0,0.0,0.0,0,0,0,0,0,0.00,0.00,0.00,0.00,0,False,132,26,2025-26,Paris Maghoma,5,1,True
0,0,0,0,0,0,0,0,0,0,0,0,0,0.0,0.0,0.0,0.0,0,0,0,0,0,0.00,0.00,0.00,0.00,0,False,133,26,2025-26,Myles Peart-Harris,5,1,True
0,0,0,0,0,0,0,0,0,0,0,0,0,0.0,0.0,0.0,0.0,0,0,0,0,0,0.00,0.00,0.00,0.00,0,False,134,26,2025-26,Ryan Trevitt,5,1,True
0,0,0,0,0,0,0,0,0,0,0,0,0,0.0,0.0,0.0,0.0,0,0,0,0,0,0.00,0.00,0.00,0.00,0,False,135,26,2025-26,Yoane Wissa,15,18,False
90,0,0,0,1,0,0,0,0,0,0,0,3,7.2,13.6,57.0,7.8,0,4,1,5,1,0.77,0.22,0.99,0.60,2,False,136,26,2025-26,Igor Thiago Nascimento Rodrigues,5,1,True
0,0,0,0,0,0,0,0,0,0,0,0,0,0.0,0.0,0.0,0.0,0,0,0,0,0,0.00,0.00,0.00,0.00,0,False,137,26,2025-26,Iwan Morgan,5,1,True
0,0,0,0,0,0,0,0,0,0,0,0,0,0.0,0.0,0.0,0.0,0,0,0,0,0,0.00,0.00,0.00,0.00,0,False,138,26,2025-26,Jason Steele,6,2,False
90,0,0,0,1,0,0,0,0,0,2,0,10,17.6,0.0,0.0,1.8,0,9,0,0,1,0.00,0.00,0.00,0.72,2,False,139,26,2025-26,Bart Verbruggen,6,2,False
0,0,0,0,0,0,0,0,0,0,0,0,0,0.0,0.0,0.0,0.0,0,0,0,0,0,0.00,0.00,0.00,0.00,0,False,140,26,2025-26,Tom McGill,6,2,False
0,0,0,0,0,0,0,0,0,0,0,0,0,0.0,0.0,0.0,0.0,0,0,0,0,0,0.00,0.00,0.00,0.00,0,False,141,26,2025-26,Carl Rushworth,6,2,False
0,0,0,0,0,0,0,0,0,0,0,0,0,0.0,0.0,0.0,0.0,0,0,0,0,0,0.00,0.00,0.00,0.00,0,False,142,26,2025-26,Kjell Scherpen,6,2,False
29,0,0,0,1,0,0,0,0,0,0,0,1,5.4,0.5,0.0,0.6,2,2,1,3,0,0.00,0.00,0.00,0.25,1,False,143,26,2025-26,Olivier Boscagli,6,2,False
0,0,0,0,0,0,0,0,0,0,0,0,0,0.0,0.0,0.0,0.0,0,0,0,0,0,0.00,0.00,0.00,0.00,0,False,144,26,2025-26,Diego Coppola,6,2,False
0,0,0,0,0,0,0,0,0,0,0,0,0,0.0,0.0,0.0,0.0,0,0,0,0,0,0.00,0.00,0.00,0.00,0,False,145,26,2025-26,Maxim De Cuyper,6,2,False
90,0,0,0,1,0,0,0,0,0,0,0,8,12.4,1.3,0.0,1.4,3,4,0,3,1,0.00,0.02,0.02,0.72,2,False,146,26,2025-26,Lewis Dunk,6,2,False
0,0,0,0,0,0,0,0,0,0,0,0,0,0.0,0.0,0.0,0.0,0,0,0,0,0,0.00,0.00,0.00,0.00,0,False,147,26,2025-26,Pervis Estupiñán Tenorio,6,2,False
90,0,0,0,1,0,0,0,0,0,0,0,17,10.0,2.3,7.0,1.9,1,5,2,3,1,0.03,0.01,0.04,0.72,2,False,148,26,2025-26,Ferdi Kadıoğlu,6,2,False
0,0,0,0,0,0,0,0,0,0,0,0,0,0.0,0.0,0.0,0.0,0,0,0,0,0,0.00,0.00,0.00,0.00,0,False,149,26,2025-26,Igor Julio dos Santos de Paulo,6,2,False
0,0,0,0,0,0,0,0,0,0,0,0,0,0.0,0.0,0.0,0.0,0,0,0,0,0,0.00,0.00,0.00,0.00,0,False,150,26,2025-26,Tariq Lamptey,6,2,False
60,0,0,1,0,0,0,0,1,0,0,0,21,7.4,0.4,0.0,0.8,5,1,1,6,1,0.00,0.01,0.01,0.47,5,False,151,26,2025-26,Jan Paul van Hecke,6,2,False
90,0,0,0,1,0,0,0,1,0,0,0,4,12.8,1.8,4.0,1.9,5,2,0,5,1,0.00,0.01,0.01,0.72,1,False,152,26,2025-26,Joël Veltman,6,2,False
0,0,0,0,0,0,0,0,0,0,0,0,0,0.0,0.0,0.0,0.0,0,0,0,0,0,0.00,0.00,0.00,0.00,0,False,153,26,2025-26,Adam Webster,6,2,False
0,0,0,0,0,0,0,0,0,0,0,0,0,0.0,0.0,0.0,0.0,0,0,0,0,0,0.00,0.00,0.00,0.00,0,False,154,26,2025-26,Eiran Cashin,6,2,False
0,0,0,0,0,0,0,0,0,0,0,0,0,0.0,0.0,0.0,0.0,0,0,0,0,0,0.00,0.00,0.00,0.00,0,False,155,26,2025-26,Jacob Slater,6,2,False
0,0,0,0,0,0,0,0,0,0,0,0,0,0.0,0.0,0.0,0.0,0,0,0,0,0,0.00,0.00,0.00,0.00,0,False,156,26,2025-26,Charlie Tasker,6,2,False
80,0,0,1,0,0,0,0,0,0,0,0,10,7.8,18.3,8.0,3.4,2,3,1,6,1,0.07,0.10,0.17,0.51,3,False,157,26,2025-26,Mitoma Kaoru,6,2,False
0,0,0,0,0,0,0,0,0,0,0,0,0,0.0,0.0,0.0,0.0,0,0,0,0,0,0.00,0.00,0.00,0.00,0,False,158,26,2025-26,Georginio Rutter,6,2,False
0,0,0,0,0,0,0,0,0,0,0,0,0,0.0,0.0,0.0,0.0,0,0,0,0,0,0.00,0.00,0.00,0.00,0,False,159,26,2025-26,Solly March,6,2,False
9,0,0,0,1,0,0,0,0,0,0,0,2,0.0,0.1,2.0,0.1,0,1,0,1,0,0.00,0.00,0.00,0.21,1,False,160,26,2025-26,Yankuba Minteh,6,2,False
0,0,0,0,0,0,0,0,0,0,0,0,0,0.0,0.0,0.0,0.0,0,0,0,0,0,0.00,0.00,0.00,0.00,0,False,161,26,2025-26,Julio Enciso Espínola,6,2,False
0,0,0,0,0,0,0,0,0,0,0,0,0,0.0,0.0,0.0,0.0,0,0,0,0,0,0.00,0.00,0.00,0.00,0,False,162,26,2025-26,Brajan Gruda,6,2,False
90,0,0,0,1,1,0,0,0,0,0,0,4,0.0,16.9,13.0,2.7,2,3,1,6,1,0.16,0.12,0.28,0.72,0,False,163,26,2025-26,Jack Hinshelwood,6,2,False
0,0,0,0,0,0,0,0,0,0,0,0,0,0.0,0.0,0.0,0.0,0,0,0,0,0,0.00,0.00,0.00,0.00,0,False,164,26,2025-26,Matt O'Riley,6,2,False
0,0,0,0,0,0,0,0,0,0,0,0,0,0.0,0.0,0.0,0.0,0,0,0,0,0,0.00,0.00,0.00,0.00,0,False,165,26,2025-26,Abdallah Sima,6,2,False
0,0,0,0,0,0,0,0,0,0,0,0,0,0.0,0.0,0.0,0.0,0,0,0,0,0,0.00,0.00,0.00,0.00,0,False,166,26,2025-26,Yasin Ayari,6,2,False
21,0,0,0,0,0,0,0,1,0,0,0,0,0.0,0.0,0.0,0.0,1,1,0,2,1,0.00,0.00,0.00,0.29,0,False,167,26,2025-26,Carlos Baleba,6,2,False
0,0,0,0,0,0,0,0,0,0,0,0,0,0.0,0.0,0.0,0.0,0,0,0,0,0,0.00,0.00,0.00,0.00,0,False,168,26,2025-26,Facundo Buonanotte,11,7,False
80,0,0,1,0,0,0,0,0,0,0,0,10,12.6,2.0,0.0,1.5,1,4,5,10,1,0.00,0.03,0.03,0.51,3,False,169,26,2025-26,Diego Gómez Amarilla,6,2,False
68,0,0,0,1,0,0,0,0,0,0,0,7,11.8,12.6,25.0,4.9,4,1,2,7,0,0.08,0.05,0.13,0.43,2,False,170,26,2025-26,James Milner,6,2,False
0,0,0,0,0,0,0,0,0,0,0,0,0,0.0,0.0,0.0,0.0,0,0,0,0,0,0.00,0.00,0.00,0.00,0,False,171,26,2025-26,Jeremy Sarmiento Morante,6,2,False
0,0,0,0,0,0,0,0,0,0,0,0,0,0.0,0.0,0.0,0.0,0,0,0,0,0,0.00,0.00,0.00,0.00,0,False,172,26,2025-26,Tom Watson,6,2,False
0,0,0,0,0,0,0,0,0,0,0,0,0,0.0,0.0,0.0,0.0,0,0,0,0,0,0.00,0.00,0.00,0.00,0,False,173,26,2025-26,Mats Wieffer,6,2,False
0,0,0,0,0,0,0,0,0,0,0,0,0,0.0,0.0,0.0,0.0,0,0,0,0,0,0.00,0.00,0.00,0.00,0,False,174,26,2025-26,Malick Yalcouyé,6,2,False
0,0,0,0,0,0,0,0,0,0,0,0,0,0.0,0.0,0.0,0.0,0,0,0,0,0,0.00,0.00,0.00,0.00,0,False,175,26,2025-26,Joe Knight,6,2,False
0,0,0,0,0,0,0,0,0,0,0,0,0,0.0,0.0,0.0,0.0,0,0,0,0,0,0.00,0.00,0.00,0.00,0,False,176,26,2025-26,Adrian Mazilu,6,2,False
0,0,0,0,0,0,0,0,0,0,0,0,0,0.0,0.0,0.0,0.0,0,0,0,0,0,0.00,0.00,0.00,0.00,0,False,177,26,2025-26,Andrew Moran,6,2,False
80,0,0,1,0,0,0,0,0,0,0,0,10,11.2,12.9,13.0,3.7,2,0,2,4,1,0.05,0.01,0.06,0.51,2,False,178,26,2025-26,Danny Welbeck,6,2,False
0,0,0,0,0,0,0,0,0,0,0,0,0,0.0,0.0,0.0,0.0,0,0,0,0,0,0.00,0.00,0.00,0.00,0,False,179,26,2025-26,Evan Ferguson,6,2,False
0,0,0,0,0,0,0,0,0,0,0,0,0,0.0,0.0,0.0,0.0,0,0,0,0,0,0.00,0.00,0.00,0.00,0,False,180,26,2025-26,Stefanos Tzimas,6,2,False
9,0,0,0,1,0,0,0,0,0,0,0,2,0.0,1.8,4.0,0.6,0,0,0,0,0,0.00,0.01,0.01,0.21,1,False,181,26,2025-26,Charalampos Kostoulas,6,2,False
0,0,0,0,0,0,0,0,0,0,0,0,0,0.0,0.0,0.0,0.0,0,0,0,0,0,0.00,0.00,0.00,0.00,0,False,182,26,2025-26,James Trafford,13,10,True
0,0,0,0,0,0,0,0,0,0,0,0,0,0.0,0.0,0.0,0.0,0,0,0,0,0,0.00,0.00,0.00,0.00,0,False,183,26,2025-26,Max Weiß,3,8,False
0,0,0,0,0,0,0,0,0,0,0,0,0,0.0,0.0,0.0,0.0,0,0,0,0,0,0.00,0.00,0.00,0.00,0,False,184,26,2025-26,Etienne Green,3,8,False
0,0,0,0,0,0,0,0,0,0,0,0,0,0.0,0.0,0.0,0.0,0,0,0,0,0,0.00,0.00,0.00,0.00,0,False,185,26,2025-26,Václav Hladký,3,8,False
0,0,0,0,0,0,0,0,0,0,0,0,0,0.0,0.0,0.0,0.0,0,0,0,0,0,0.00,0.00,0.00,0.00,0,False,186,26,2025-26,Connor Roberts,3,8,False
90,0,0,0,2,0,0,0,0,0,0,0,0,4.2,1.8,0.0,0.6,3,6,0,3,1,0.00,0.00,0.00,1.80,1,False,187,26,2025-26,Kyle Walker,3,8,False
0,0,0,0,0,0,0,0,0,0,0,0,0,0.0,0.0,0.0,0.0,0,0,0,0,0,0.00,0.00,0.00,0.00,0,False,188,26,2025-26,Hannes Delcroix,3,8,False
0,0,0,0,0,0,0,0,0,0,0,0,0,0.0,0.0,0.0,0.0,0,0,0,0,0,0.00,0.00,0.00,0.00,0,False,189,26,2025-26,Owen Dodgson,3,8,False
0,0,0,0,0,0,0,0,0,0,0,0,0,0.0,0.0,0.0,0.0,0,0,0,0,0,0.00,0.00,0.00,0.00,0,False,190,26,2025-26,Hjalmar Ekdal,3,8,False
90,0,0,0,2,0,0,0,0,0,0,0,9,22.4,0.7,6.0,2.9,8,6,2,10,1,0.00,0.02,0.02,1.80,3,False,191,26,2025-26,Maxime Estève,3,8,False
0,0,0,0,0,0,0,0,0,0,0,0,0,0.0,0.0,0.0,0.0,0,0,0,0,0,0.00,0.00,0.00,0.00,0,False,192,26,2025-26,Quilindschy Hartman,3,8,False
90,0,1,0,2,0,0,0,0,0,0,0,14,19.6,1.7,19.0,4.0,5,8,1,6,1,0.04,0.01,0.05,1.80,4,False,193,26,2025-26,Bashir Humphreys,3,8,False
0,0,0,0,0,0,0,0,0,0,0,0,0,0.0,0.0,0.0,0.0,0,0,0,0,0,0.00,0.00,0.00,0.00,0,False,194,26,2025-26,Jordan Beyer,3,8,False
0,0,0,0,0,0,0,0,0,0,0,0,0,0.0,0.0,0.0,0.0,0,0,0,0,0,0.00,0.00,0.00,0.00,0,False,195,26,2025-26,Lucas Pires Silva,3,8,False
0,0,0,0,0,0,0,0,0,0,0,0,0,0.0,0.0,0.0,0.0,0,0,0,0,0,0.00,0.00,0.00,0.00,0,False,196,26,2025-26,Shurandy Sambo,3,8,False
0,0,0,0,0,0,0,0,0,0,0,0,0,0.0,0.0,0.0,0.0,0,0,0,0,0,0.00,0.00,0.00,0.00,0,False,197,26,2025-26,Oliver Sonne,3,8,False
0,0,0,0,0,0,0,0,0,0,0,0,0,0.0,0.0,0.0,0.0,0,0,0,0,0,0.00,0.00,0.00,0.00,0,False,198,26,2025-26,Axel Tuanzebe,3,8,False
90,0,0,0,2,0,0,0,0,0,0,0,3,25.0,0.2,2.0,2.7,13,2,0,13,1,0.00,0.00,0.00,1.80,3,False,199,26,2025-26,Joe Worrall,3,8,False
90,1,0,0,2,0,0,0,0,0,0,1,32,43.6,27.3,28.0,9.9,2,4,2,8,1,0.09,0.13,0.22,1.80,8,False,200,26,2025-26,Jaidon Anthony,3,8,False
0,0,0,0,0,0,0,0,0,0,0,0,0,0.0,0.0,0.0,0.0,0,0,0,0,0,0.00,0.00,0.00,0.00,0,False,201,26,2025-26,Manuel Benson Hedilazio,3,8,False
17,0,0,0,0,0,0,0,0,0,0,0,3,7.2,0.0,1.0,0.8,3,1,1,5,0,0.07,0.00,0.07,0.34,1,False,202,26,2025-26,Jacob Bruun Larsen,3,8,False
0,0,0,0,0,0,0,0,0,0,0,0,0,0.0,0.0,0.0,0.0,0,0,0,0,0,0.00,0.00,0.00,0.00,0,False,203,26,2025-26,Enock Agyei,3,8,False
0,0,0,0,0,0,0,0,0,0,0,0,0,0.0,0.0,0.0,0.0,0,0,0,0,0,0.00,0.00,0.00,0.00,0,False,204,26,2025-26,Darko Churlinov,3,8,False
0,0,0,0,0,0,0,0,0,0,0,0,0,0.0,0.0,0.0,0.0,0,0,0,0,0,0.00,0.00,0.00,0.00,0,False,205,26,2025-26,Josh Cullen,3,8,False
72,0,1,0,2,0,0,0,0,0,0,0,18,21.8,22.7,6.0,5.1,0,3,1,4,1,0.00,0.10,0.10,1.46,5,False,206,26,2025-26,Marcus Edwards,3,8,False
82,1,0,0,2,0,0,0,1,0,0,2,36,50.4,6.8,19.0,7.6,2,8,3,13,1,0.09,0.03,0.12,1.49,10,False,207,26,2025-26,Hannibal Mejbri,3,8,False
0,0,0,0,0,0,0,0,0,0,0,0,0,0.0,0.0,0.0,0.0,0,0,0,0,0,0.00,0.00,0.00,0.00,0,False,208,26,2025-26,Luca Koleosho,3,8,False
90,0,0,0,2,0,0,0,0,0,0,0,5,7.6,2.0,3.0,1.3,1,3,2,6,1,0.08,0.02,0.10,1.80,2,False,209,26,2025-26,Josh Laurent,3,8,False
0,0,0,0,0,0,0,0,0,0,0,0,0,0.0,0.0,0.0,0.0,0,0,0,0,0,0.00,0.00,0.00,0.00,0,False,210,26,2025-26,Loum Tchaouna,3,8,False
0,0,0,0,0,0,0,0,0,0,0,0,0,0.0,0.0,0.0,0.0,0,0,0,0,0,0.00,0.00,0.00,0.00,0,False,211,26,2025-26,Aaron Ramsey,3,8,False
0,0,0,0,0,0,0,0,0,0,0,0,0,0.0,0.0,0.0,0.0,0,0,0,0,0,0.00,0.00,0.00,0.00,0,False,212,26,2025-26,Oluwaseun Adewumi,3,8,False
0,0,0,0,0,0,0,0,0,0,0,0,0,0.0,0.0,0.0,0.0,0,0,0,0,0,0.00,0.00,0.00,0.00,0,False,213,26,2025-26,Jaydon Banel,3,8,False
0,0,0,0,0,0,0,0,0,0,0,0,0,0.0,0.0,0.0,0.0,0,0,0,0,0,0.00,0.00,0.00,0.00,0,False,214,26,2025-26,Mike Trésor Ndayishimiye,3,8,False
72,0,0,0,2,0,0,0,0,0,0,0,2,1.6,1.5,4.0,0.7,3,3,0,6,1,0.17,0.00,0.17,1.46,2,False,215,26,2025-26,Zian Flemming,3,8,False
0,0,0,0,0,0,0,0,0,0,0,0,0,0.0,0.0,0.0,0.0,0,0,0,0,0,0.00,0.00,0.00,0.00,0,False,216,26,2025-26,Zeki Amdouni,3,8,False
17,0,0,0,0,0,0,0,0,0,0,0,3,0.0,0.0,0.0,0.0,1,1,0,2,0,0.00,0.00,0.00,0.34,1,False,217,26,2025-26,Lyle Foster,3,8,False
0,0,0,0,0,0,0,0,0,0,0,0,0,0.0,0.0,0.0,0.0,0,0,0,0,0,0.00,0.00,0.00,0.00,0,False,218,26,2025-26,Ashley Barnes,3,8,False
0,0,0,0,0,0,0,0,0,0,0,0,0,0.0,0.0,0.0,0.0,0,0,0,0,0,0.00,0.00,0.00,0.00,0,False,219,26,2025-26,Michael Obafemi,3,8,False
90,0,0,0,2,0,0,0,0,0,0,0,4,5.4,0.0,0.0,0.5,0,7,0,0,1,0.00,0.01,0.01,1.44,1,False,220,26,2025-26,Robert Lynch Sánchez,7,11,True
0,0,0,0,0,0,0,0,0,0,0,0,0,0.0,0.0,0.0,0.0,0,0,0,0,0,0.00,0.00,0.00,0.00,0,False,221,26,2025-26,Filip Jörgensen,7,11,True
0,0,0,0,0,0,0,0,0,0,0,0,0,0.0,0.0,0.0,0.0,0,0,0,0,0,0.00,0.00,0.00,0.00,0,False,222,26,2025-26,Mike Penders,7,11,True
0,0,0,0,0,0,0,0,0,0,0,0,0,0.0,0.0,0.0,0.0,0,0,0,0,0,0.00,0.00,0.00,0.00,0,False,223,26,2025-26,Gabriel Słonina,7,11,True
45,0,0,0,0,0,0,0,0,0,0,0,5,5.4,15.8,0.0,2.1,1,2,0,1,1,0.00,0.02,0.02,0.01,1,False,224,26,2025-26,Marc Cucurella Saseta,7,11,True
0,0,0,0,0,0,0,0,0,0,0,0,0,0.0,0.0,0.0,0.0,0,0,0,0,0,0.00,0.00,0.00,0.00,0,False,225,26,2025-26,Reece James,7,11,True
90,0,0,0,2,0,0,0,0,0,0,0,8,26.6,2.8,0.0,2.9,11,2,0,11,1,0.00,0.03,0.03,1.44,3,False,226,26,2025-26,Trevoh Chalobah,7,11,True
0,0,0,0,0,0,0,0,0,0,0,0,0,0.0,0.0,0.0,0.0,0,0,0,0,0,0.00,0.00,0.00,0.00,0,False,227,26,2025-26,Levi Samuels Colwill,7,11,True
90,0,0,0,2,0,0,0,1,0,0,0,3,9.8,19.1,7.0,3.6,2,5,3,5,1,0.05,0.12,0.17,1.44,0,False,228,26,2025-26,Malo Gusto,7,11,True
0,0,0,0,0,0,0,0,0,0,0,0,0,0.0,0.0,0.0,0.0,0,0,0,0,0,0.00,0.00,0.00,0.00,0,False,229,26,2025-26,Benoît Badiashile Mukinayi,7,11,True
11,0,0,0,0,0,0,0,0,0,0,0,5,7.2,0.4,0.0,0.8,2,1,1,3,0,0.00,0.00,0.00,0.03,1,False,230,26,2025-26,Wesley Fofana,7,11,True
0,0,0,0,0,0,0,0,0,0,0,0,0,0.0,0.0,0.0,0.0,0,0,0,0,0,0.00,0.00,0.00,0.00,0,False,231,26,2025-26,Mamadou Sarr,7,11,True
0,0,0,0,0,0,0,0,0,0,0,0,0,0.0,0.0,0.0,0.0,0,0,0,0,0,0.00,0.00,0.00,0.00,0,False,232,26,2025-26,Tosin Adarabioyo,7,11,True
78,0,0,0,2,0,0,0,1,0,0,0,1,4.8,1.6,0.0,0.6,3,3,1,4,1,0.00,0.01,0.01,1.41,0,False,233,26,2025-26,Josh Acheampong,7,11,True
0,0,0,0,0,0,0,0,0,0,0,0,0,0.0,0.0,0.0,0.0,0,0,0,0,0,0.00,0.00,0.00,0.00,0,False,234,26,2025-26,Aarón Anselmino,7,11,True
90,1,1,0,2,0,0,0,1,0,0,3,43,64.8,53.8,52.0,17.1,1,1,1,3,1,1.69,0.52,2.21,1.44,12,True,235,26,2025-26,Cole Palmer,7,11,True
26,0,0,0,2,0,0,0,0,0,0,0,3,6.2,16.2,2.0,2.4,1,1,0,2,0,0.00,0.22,0.22,1.43,1,False,236,26,2025-26,Pedro Lomba Neto,7,11,True
90,0,0,0,2,0,0,0,0,0,0,0,21,19.8,83.0,15.0,11.8,1,3,2,6,1,0.13,0.69,0.82,1.44,2,False,237,26,2025-26,Enzo Fernández,7,11,True
63,0,0,1,0,0,0,0,0,0,0,0,6,4.8,16.1,9.0,3.0,3,3,1,7,1,0.06,0.02,0.08,0.01,3,False,238,26,2025-26,Estêvão Almeida de Oliveira Gonçalves,7,11,True
0,0,0,0,0,0,0,0,0,0,0,0,0,0.0,0.0,0.0,0.0,0,0,0,0,0,0.00,0.00,0.00,0.00,0,False,239,26,2025-26,Jamie Bynoe-Gittens,7,11,True
0,0,0,0,0,0,0,0,0,0,0,0,0,0.0,0.0,0.0,0.0,0,0,0,0,0,0.00,0.00,0.00,0.00,0,False,240,26,2025-26,Christopher Nkunku,7,11,True
90,0,0,0,2,0,0,0,1,0,0,0,13,13.0,22.0,2.0,3.7,2,3,3,8,1,0.00,0.61,0.61,1.44,1,False,241,26,2025-26,Moisés Caicedo Corozo,7,11,True
90,0,0,0,2,0,0,0,0,0,0,0,13,8.6,11.9,13.0,3.4,1,4,1,6,1,0.16,0.09,0.25,1.34,2,False,242,26,2025-26,Kiernan Dewsbury-Hall,9,4,True
61,0,0,0,1,0,0,0,0,0,0,0,0,0.0,3.6,4.0,0.4,1,4,0,5,1,0.00,0.02,0.02,0.54,2,False,243,26,2025-26,Tyrique George,9,4,True
0,0,0,0,0,0,0,0,0,0,0,0,0,0.0,0.0,0.0,0.0,0,0,0,0,0,0.00,0.00,0.00,0.00,0,False,244,26,2025-26,Roméo Lavia,7,11,True
0,0,0,0,0,0,0,0,0,0,0,0,0,0.0,0.0,0.0,0.0,0,0,0,0,0,0.00,0.00,0.00,0.00,0,False,245,26,2025-26,Mykhailo Mudryk,7,11,True
78,0,0,0,2,0,0,0,0,0,0,0,20,11.4,4.1,2.0,1.8,2,1,2,5,1,0.00,0.04,0.04,1.41,2,False,246,26,2025-26,Andrey Nascimento dos Santos,7,11,True
0,0,0,0,0,0,0,0,0,0,0,0,0,0.0,0.0,0.0,0.0,0,0,0,0,0,0.00,0.00,0.00,0.00,0,False,247,26,2025-26,Dário Luís Essugo,7,11,True
0,0,0,0,0,0,0,0,0,0,0,0,0,0.0,0.0,0.0,0.0,0,0,0,0,0,0.00,0.00,0.00,0.00,0,False,248,26,2025-26,Kendry Páez Andrade,7,11,True
90,1,1,0,2,0,0,0,0,0,0,1,29,29.6,18.1,57.0,10.5,0,1,0,1,1,1.03,0.15,1.18,1.44,10,False,249,26,2025-26,João Pedro Junqueira de Jesus,7,11,True
11,0,0,0,0,0,0,0,0,0,0,0,2,0.0,0.7,7.0,0.6,0,2,0,2,0,0.17,0.00,0.17,0.03,1,False,250,26,2025-26,Liam Delap,7,11,True
0,0,0,0,0,0,0,0,0,0,0,0,0,0.0,0.0,0.0,0.0,0,0,0,0,0,0.00,0.00,0.00,0.00,0,False,251,26,2025-26,Nicolas Jackson,7,11,True
0,0,0,0,0,0,0,0,0,0,0,0,0,0.0,0.0,0.0,0.0,0,0,0,0,0,0.00,0.00,0.00,0.00,0,False,252,26,2025-26,Marc Guiu Paz,7,11,True
90,0,0,0,3,0,0,0,0,0,1,0,0,11.0,0.0,0.0,1.1,0,9,0,0,1,0.00,0.01,0.01,0.53,1,False,253,26,2025-26,Dean Henderson,8,3,True
0,0,0,0,0,0,0,0,0,0,0,0,0,0.0,0.0,0.0,0.0,0,0,0,0,0,0.00,0.00,0.00,0.00,0,False,254,26,2025-26,Walter Benítez,8,3,True
0,0,0,0,0,0,0,0,0,0,0,0,0,0.0,0.0,0.0,0.0,0,0,0,0,0,0.00,0.00,0.00,0.00,0,False,255,26,2025-26,Remi Matthews,8,3,True
71,0,0,0,3,0,0,0,0,0,0,0,10,16.8,67.3,21.0,10.5,0,5,1,1,1,0.11,0.89,1.00,0.40,1,False,256,26,2025-26,Daniel Muñoz Mejía,8,3,True
90,0,0,0,3,0,0,0,0,0,0,0,2,23.0,2.1,13.0,3.8,11,2,0,11,1,0.21,0.01,0.22,0.53,3,False,257,26,2025-26,Maxence Lacroix,8,3,True
90,0,0,0,3,0,0,0,0,0,0,0,0,10.2,19.2,11.0,4.0,2,3,2,4,1,0.14,0.07,0.21,0.53,1,False,258,26,2025-26,Tyrick Mitchell,8,3,True
0,0,0,0,0,0,0,0,0,0,0,0,0,0.0,0.0,0.0,0.0,0,0,0,0,0,0.00,0.00,0.00,0.00,0,False,259,26,2025-26,Borna Sosa,8,3,True
90,0,0,1,0,0,0,0,0,0,0,1,33,31.2,12.9,2.0,4.6,7,4,2,9,1,0.00,0.07,0.07,1.42,7,False,260,26,2025-26,Marc Guéhi,13,10,True
90,0,0,0,3,0,0,0,1,0,0,0,-1,15.0,12.2,24.0,5.1,4,6,2,6,1,0.16,0.01,0.17,0.53,0,False,261,26,2025-26,Chris Richards,8,3,True
45,0,0,0,0,0,0,0,0,0,0,0,7,8.6,2.6,0.0,1.1,4,1,0,4,0,0.00,0.01,0.01,0.16,1,False,262,26,2025-26,Chadi Riad Dnanou,8,3,True
0,0,0,0,0,0,0,0,0,0,0,0,0,0.0,0.0,0.0,0.0,0,0,0,0,0,0.00,0.00,0.00,0.00,0,False,263,26,2025-26,Nathaniel Clyne,8,3,True
0,0,0,0,0,0,0,0,0,0,0,0,0,0.0,0.0,0.0,0.0,0,0,0,0,0,0.00,0.00,0.00,0.00,0,False,264,26,2025-26,Rob Holding,8,3,True
0,0,0,0,0,0,0,0,0,0,0,0,0,0.0,0.0,0.0,0.0,0,0,0,0,0,0.00,0.00,0.00,0.00,0,False,265,26,2025-26,Caleb Kporha,8,3,True
70,0,0,0,1,0,0,0,0,0,0,0,7,1.2,4.3,6.0,1.2,2,1,0,3,1,0.20,0.03,0.23,0.58,2,False,266,26,2025-26,Eberechi Eze,1,5,False
70,0,0,0,1,0,0,0,0,0,0,0,7,1.2,4.3,6.0,1.2,2,1,0,3,1,0.20,0.03,0.23,0.58,2,False,266,26,2025-26,Eberechi Eze,1,20,False
90,0,0,0,3,0,0,0,0,0,0,0,7,5.6,7.3,25.0,3.8,0,3,1,4,1,0.15,0.02,0.17,0.53,2,False,267,26,2025-26,Ismaïla Sarr,8,3,True
0,0,0,0,0,0,0,0,0,0,0,0,0,0.0,0.0,0.0,0.0,0,0,0,0,0,0.00,0.00,0.00,0.00,0,False,268,26,2025-26,Cheick Doucouré,8,3,True
0,0,0,0,0,0,0,0,0,0,0,0,0,0.0,0.0,0.0,0.0,0,0,0,0,0,0.00,0.00,0.00,0.00,0,False,269,26,2025-26,Romain Esse,8,3,True
18,0,0,0,0,0,0,0,0,0,0,0,4,6.0,15.3,4.0,2.5,0,1,1,2,0,0.04,0.04,0.08,0.12,1,False,270,26,2025-26,Will Hughes,8,3,True
71,0,0,0,3,0,0,0,0,0,0,0,14,11.4,34.4,16.0,6.2,1,7,2,10,1,0.46,0.42,0.88,0.40,2,False,271,26,2025-26,Daichi Kamada,8,3,True
45,0,1,0,3,1,0,0,1,0,0,0,14,19.6,14.3,0.0,3.4,3,0,1,4,1,0.00,0.08,0.08,0.37,1,False,272,26,2025-26,Jefferson Lerma Solís,8,3,True
82,0,1,0,3,0,0,0,0,0,0,0,22,29.8,29.8,6.0,6.6,5,7,2,14,1,0.06,0.31,0.37,0.40,7,False,273,26,2025-26,Adam Wharton,8,3,True
0,0,0,0,0,0,0,0,0,0,0,0,0,0.0,0.0,0.0,0.0,0,0,0,0,0,0.00,0.00,0.00,0.00,0,False,274,26,2025-26,Asher Agbinone,8,3,True
0,0,0,0,0,0,0,0,0,0,0,0,0,0.0,0.0,0.0,0.0,0,0,0,0,0,0.00,0.00,0.00,0.00,0,False,275,26,2025-26,Naouirou Ahamada,8,3,True
0,0,0,0,0,0,0,0,0,0,0,0,0,0.0,0.0,0.0,0.0,0,0,0,0,0,0.00,0.00,0.00,0.00,0,False,276,26,2025-26,Justin Devenny,8,3,True
0,0,0,0,0,0,0,0,0,0,0,0,0,0.0,0.0,0.0,0.0,0,0,0,0,0,0.00,0.00,0.00,0.00,0,False,277,26,2025-26,Malcolm Ebiowei,8,3,True
0,0,0,0,0,0,0,0,0,0,0,0,0,0.0,0.0,0.0,0.0,0,0,0,0,0,0.00,0.00,0.00,0.00,0,False,278,26,2025-26,Jesurun Rak-Sakyi,8,3,True
0,0,0,0,0,0,0,0,0,0,0,0,0,0.0,0.0,0.0,0.0,0,0,0,0,0,0.00,0.00,0.00,0.00,0,False,279,26,2025-26,Matheus França de Oliveira,8,3,True
0,0,0,0,0,0,0,0,0,0,0,0,0,0.0,0.0,0.0,0.0,0,0,0,0,0,0.00,0.00,0.00,0.00,0,False,280,26,2025-26,David Ozoh,8,3,True
0,0,0,0,0,0,0,0,0,0,0,0,0,0.0,0.0,0.0,0.0,0,0,0,0,0,0.00,0.00,0.00,0.00,0,False,281,26,2025-26,Kaden Rodney,8,3,True
0,0,0,0,0,0,0,0,0,0,0,0,0,0.0,0.0,0.0,0.0,0,0,0,0,0,0.00,0.00,0.00,0.00,0,False,282,26,2025-26,Franco Umeh-Chibueze,8,3,True
0,0,0,0,0,0,0,0,0,0,0,0,0,0.0,0.0,0.0,0.0,0,0,0,0,0,0.00,0.00,0.00,0.00,0,False,283,26,2025-26,Jean-Philippe Mateta,8,3,True
0,0,0,0,0,0,0,0,0,0,0,0,0,0.0,0.0,0.0,0.0,0,0,0,0,0,0.00,0.00,0.00,0.00,0,False,284,26,2025-26,Eddie Nketiah,8,3,True
0,0,0,0,0,0,0,0,0,0,0,0,0,0.0,0.0,0.0,0.0,0,0,0,0,0,0.00,0.00,0.00,0.00,0,False,285,26,2025-26,Odsonne Édouard,8,3,True
0,0,0,0,0,0,0,0,0,0,0,0,0,0.0,0.0,0.0,0.0,0,0,0,0,0,0.00,0.00,0.00,0.00,0,False,286,26,2025-26,Zach Marsh,8,3,True
90,0,0,0,2,0,0,0,0,0,2,0,6,18.0,0.1,2.0,2.0,0,11,0,0,1,0.00,0.01,0.01,1.34,1,False,287,26,2025-26,Jordan Pickford,9,4,True
0,0,0,0,0,0,0,0,0,0,0,0,0,0.0,0.0,0.0,0.0,0,0,0,0,0,0.00,0.00,0.00,0.00,0,False,288,26,2025-26,Mark Travers,9,4,True
0,0,0,0,0,0,0,0,0,0,0,0,0,0.0,0.0,0.0,0.0,0,0,0,0,0,0.00,0.00,0.00,0.00,0,False,289,26,2025-26,Harry Tyrer,9,4,True
90,0,1,0,2,0,0,0,0,0,0,0,14,12.4,0.8,16.0,2.9,8,1,1,9,1,0.16,0.01,0.17,1.34,4,False,290,26,2025-26,Jarrad Branthwaite,9,4,True
90,0,0,0,2,0,0,0,0,0,0,0,5,21.8,0.4,35.0,5.7,9,2,0,9,1,0.24,0.02,0.26,1.34,1,False,291,26,2025-26,James Tarkowski,9,4,True
90,0,0,0,2,0,0,0,0,0,0,0,10,22.0,38.4,4.0,6.4,2,1,2,4,1,0.00,0.60,0.60,1.34,1,False,292,26,2025-26,Vitalii Mykolenko,9,4,True
68,0,0,0,2,0,0,0,0,1,0,0,-12,4.2,1.0,0.0,0.5,1,3,2,3,1,0.00,0.01,0.01,1.25,-2,False,293,26,2025-26,Jake O'Brien,9,4,True
0,0,0,0,0,0,0,0,0,0,0,0,0,0.0,0.0,0.0,0.0,0,0,0,0,0,0.00,0.00,0.00,0.00,0,False,294,26,2025-26,Séamus Coleman,9,4,True
1,0,0,0,0,0,0,0,0,0,0,0,3,0.0,0.3,8.0,0.8,0,0,0,0,0,0.00,0.01,0.01,0.00,1,False,295,26,2025-26,Michael Keane,9,4,True
0,0,0,0,0,0,0,0,0,0,0,0,0,0.0,0.0,0.0,0.0,0,0,0,0,0,0.00,0.00,0.00,0.00,0,False,296,26,2025-26,Nathan Patterson,9,4,True
0,0,0,0,0,0,0,0,0,0,0,0,0,0.0,0.0,0.0,0.0,0,0,0,0,0,0.00,0.00,0.00,0.00,0,False,297,26,2025-26,Roman Dixon,9,4,True
0,0,0,0,0,0,0,0,0,0,0,0,0,0.0,0.0,0.0,0.0,0,0,0,0,0,0.00,0.00,0.00,0.00,0,False,298,26,2025-26,Reece Welch,9,4,True
90,1,0,0,2,0,0,0,0,0,0,2,31,45.0,29.6,64.0,13.9,2,8,1,11,1,0.97,0.56,1.53,1.34,9,False,299,26,2025-26,Iliman Ndiaye,9,4,True
0,0,0,0,0,0,0,0,0,0,0,0,0,0.0,0.0,0.0,0.0,0,0,0,0,0,0.00,0.00,0.00,0.00,0,False,300,26,2025-26,Dwight McNeil,9,4,True
0,0,0,0,0,0,0,0,0,0,0,0,0,0.0,0.0,0.0,0.0,0,0,0,0,0,0.00,0.00,0.00,0.00,0,False,301,26,2025-26,Carlos Alcaraz Durán,9,4,True
90,0,0,0,2,0,0,0,0,0,0,0,16,21.4,14.4,7.0,4.3,4,6,1,11,1,0.04,0.03,0.07,1.34,2,False,302,26,2025-26,Idrissa Gana Gueye,9,4,True
90,0,0,0,2,0,0,0,0,0,0,0,23,22.8,44.8,12.0,8.0,4,4,2,10,1,0.10,0.48,0.58,1.34,2,False,303,26,2025-26,James Garner,9,4,True
0,0,0,0,0,0,0,0,0,0,0,0,0,0.0,0.0,0.0,0.0,0,0,0,0,0,0.00,0.00,0.00,0.00,0,False,304,26,2025-26,Tim Iroegbunam,9,4,True
28,0,0,0,1,0,0,0,0,0,0,0,7,5.0,2.9,41.0,4.9,0,2,1,3,0,0.33,0.03,0.36,0.79,1,False,305,26,2025-26,Harrison Armstrong,9,4,True
0,0,0,0,0,0,0,0,0,0,0,0,0,0.0,0.0,0.0,0.0,0,0,0,0,0,0.00,0.00,0.00,0.00,0,False,306,26,2025-26,Callum Bates,9,4,True
0,0,0,0,0,0,0,0,0,0,0,0,0,0.0,0.0,0.0,0.0,0,0,0,0,0,0.00,0.00,0.00,0.00,0,False,307,26,2025-26,Coby Ebere,9,4,True
0,0,0,0,0,0,0,0,0,0,0,0,0,0.0,0.0,0.0,0.0,0,0,0,0,0,0.00,0.00,0.00,0.00,0,False,308,26,2025-26,Isaac Heath,9,4,True
0,0,0,0,0,0,0,0,0,0,0,0,0,0.0,0.0,0.0,0.0,0,0,0,0,0,0.00,0.00,0.00,0.00,0,False,309,26,2025-26,Jenson Metcalfe,9,4,True
61,0,0,0,1,0,0,0,0,0,0,0,-3,0.0,6.3,9.0,1.2,1,1,0,2,1,0.86,0.00,0.86,0.54,2,False,310,26,2025-26,Thierno Barry,9,4,True
28,0,0,0,1,0,0,0,1,0,0,0,-1,0.0,1.3,19.0,2.0,0,1,0,1,0,0.10,0.01,0.11,0.79,0,False,311,26,2025-26,Norberto Bercique Gomes Betuncal,9,4,True
0,0,0,0,0,0,0,0,0,0,0,0,0,0.0,0.0,0.0,0.0,0,0,0,0,0,0.00,0.00,0.00,0.00,0,False,312,26,2025-26,Youssef Ramalho Chermiti,9,4,True
0,0,0,0,0,0,0,0,0,0,0,0,0,0.0,0.0,0.0,0.0,0,0,0,0,0,0.00,0.00,0.00,0.00,0,False,313,26,2025-26,Martin Sherif,9,4,True
90,0,0,0,3,0,0,0,0,0,2,0,4,14.4,0.0,0.0,1.4,0,6,0,0,1,0.00,0.00,0.00,1.37,1,False,314,26,2025-26,Bernd Leno,10,13,False
0,0,0,0,0,0,0,0,0,0,0,0,0,0.0,0.0,0.0,0.0,0,0,0,0,0,0.00,0.00,0.00,0.00,0,False,315,26,2025-26,Steven Benda,10,13,False
0,0,0,0,0,0,0,0,0,0,0,0,0,0.0,0.0,0.0,0.0,0,0,0,0,0,0.00,0.00,0.00,0.00,0,False,316,26,2025-26,Antonee Robinson,10,13,False
90,0,0,0,3,0,0,0,1,0,0,0,5,31.2,1.3,0.0,3.3,8,2,2,10,1,0.00,0.01,0.01,1.37,2,False,317,26,2025-26,Joachim Andersen,10,13,False
90,0,0,0,3,0,0,0,0,0,0,0,3,16.2,0.7,5.0,2.2,5,5,1,6,1,0.03,0.00,0.03,1.37,1,False,318,26,2025-26,Calvin Bassey,10,13,False
0,0,0,0,0,0,0,0,0,0,0,0,0,0.0,0.0,0.0,0.0,0,0,0,0,0,0.00,0.00,0.00,0.00,0,False,319,26,2025-26,Timothy Castagne,10,13,False
0,0,0,0,0,0,0,0,0,0,0,0,0,0.0,0.0,0.0,0.0,0,0,0,0,0,0.00,0.00,0.00,0.00,0,False,320,26,2025-26,Issa Diop,10,13,False
0,0,0,0,0,0,0,0,0,0,0,0,0,0.0,0.0,0.0,0.0,0,0,0,0,0,0.00,0.00,0.00,0.00,0,False,321,26,2025-26,Jorge Cuenca Barreno,10,13,False
90,0,0,0,3,0,0,0,0,0,0,0,3,24.8,21.0,8.0,5.4,3,9,4,7,1,0.27,0.07,0.34,1.37,1,False,322,26,2025-26,Kenny Tete,10,13,False
0,0,0,0,0,0,0,0,0,0,0,0,0,0.0,0.0,0.0,0.0,0,0,0,0,0,0.00,0.00,0.00,0.00,0,False,323,26,2025-26,Samuel Amissah,10,13,False
90,0,0,0,3,0,0,0,0,0,0,0,9,2.2,3.0,5.0,1.0,0,4,0,4,1,0.05,0.02,0.07,1.37,2,False,324,26,2025-26,Alex Iwobi,10,13,False
59,0,0,0,3,0,0,0,0,0,0,0,4,2.2,1.8,4.0,0.8,1,1,1,3,1,0.05,0.02,0.07,1.37,1,False,325,26,2025-26,Emile Smith Rowe,10,13,False
1,0,0,0,1,0,0,0,0,0,0,0,3,1.2,0.3,5.0,0.7,0,0,0,0,0,0.15,0.00,0.15,0.18,1,False,326,26,2025-26,Adama Traoré Diarra,19,14,True
0,0,0,0,0,0,0,0,0,0,0,0,0,0.0,0.0,0.0,0.0,0,0,0,0,0,0.00,0.00,0.00,0.00,0,False,327,26,2025-26,Andreas Hoelgebaum Pereira,10,13,False
90,0,0,0,3,0,0,0,0,0,0,0,12,14.4,2.7,4.0,2.1,3,8,5,16,1,0.00,0.01,0.01,1.37,4,False,328,26,2025-26,Ryan Sessegnon,10,13,False
71,0,0,0,3,0,0,0,0,0,0,0,9,7.4,25.6,17.0,5.0,0,1,0,1,1,0.08,0.23,0.31,1.37,2,False,329,26,2025-26,Harry Wilson,10,13,False
80,0,0,0,3,0,0,0,0,0,0,0,9,3.8,1.9,0.0,0.6,1,1,4,6,1,0.00,0.01,0.01,1.37,2,False,330,26,2025-26,Sander Berge,10,13,False
0,0,0,0,0,0,0,0,0,0,0,0,0,0.0,0.0,0.0,0.0,0,0,0,0,0,0.00,0.00,0.00,0.00,0,False,331,26,2025-26,Tom Cairney,10,13,False
0,0,0,0,0,0,0,0,0,0,0,0,0,0.0,0.0,0.0,0.0,0,0,0,0,0,0.00,0.00,0.00,0.00,0,False,332,26,2025-26,Saša Lukić,10,13,False
0,0,0,0,0,0,0,0,0,0,0,0,0,0.0,0.0,0.0,0.0,0,0,0,0,0,0.00,0.00,0.00,0.00,0,False,333,26,2025-26,Martial Godo,10,13,False
0,0,0,0,0,0,0,0,0,0,0,0,0,0.0,0.0,0.0,0.0,0,0,0,0,0,0.00,0.00,0.00,0.00,0,False,334,26,2025-26,Luke Harris,10,13,False
30,0,0,0,0,0,0,0,0,0,0,0,5,2.4,0.6,23.0,2.6,0,2,1,3,0,0.21,0.00,0.21,0.00,1,False,335,26,2025-26,Josh King,10,13,False
9,0,0,0,0,0,0,0,0,0,0,0,3,1.0,0.3,0.0,0.1,0,1,0,1,0,0.00,0.00,0.00,0.00,1,False,336,26,2025-26,Harrison Reed,10,13,False
59,0,0,0,3,0,0,0,0,0,0,0,2,1.8,0.4,25.0,2.7,1,1,1,3,1,0.56,0.00,0.56,1.37,1,False,337,26,2025-26,Raúl Jiménez Rodríguez,10,13,False
30,0,0,0,0,0,0,0,0,0,0,0,3,2.2,10.3,4.0,1.7,0,1,1,2,0,0.04,0.00,0.04,0.00,1,False,338,26,2025-26,Rodrigo Muniz Carvalho,10,13,False
0,0,0,0,0,0,0,0,0,0,0,0,0,0.0,0.0,0.0,0.0,0,0,0,0,0,0.00,0.00,0.00,0.00,0,False,339,26,2025-26,Illan Meslier,11,7,False
0,0,0,0,0,0,0,0,0,0,0,0,0,0.0,0.0,0.0,0.0,0,0,0,0,0,0.00,0.00,0.00,0.00,0,False,340,26,2025-26,Alex Cairns,11,7,False
90,0,0,0,2,0,0,0,0,0,2,0,6,13.4,0.0,0.0,1.3,2,10,0,0,1,0.00,0.01,0.01,3.13,1,False,341,26,2025-26,Karl Darlow,11,7,False
90,0,1,0,2,0,0,0,0,0,0,0,7,10.4,3.2,10.0,2.4,4,2,0,4,1,0.00,0.01,0.01,3.13,4,False,342,26,2025-26,Jayden Bogle,11,7,False
0,0,0,0,0,0,0,0,0,0,0,0,0,0.0,0.0,0.0,0.0,0,0,0,0,0,0.00,0.00,0.00,0.00,0,False,343,26,2025-26,Pascal Struijk,11,7,False
90,0,0,0,2,0,0,0,0,0,0,0,2,15.0,0.3,2.0,1.7,11,1,1,12,1,0.00,0.00,0.00,3.13,3,False,344,26,2025-26,Jaka Bijol,11,7,False
54,0,0,0,1,0,0,0,1,0,0,0,-3,18.0,0.5,4.0,2.3,5,1,1,6,1,0.00,0.00,0.00,0.60,0,False,345,26,2025-26,Sebastiaan Bornauw,11,7,False
0,0,0,0,0,0,0,0,0,0,0,0,0,0.0,0.0,0.0,0.0,0,0,0,0,0,0.00,0.00,0.00,0.00,0,False,346,26,2025-26,Sam Byram,11,7,False
90,0,0,0,2,0,0,0,1,0,0,0,-8,0.0,0.5,0.0,0.0,1,4,0,1,1,0.00,0.00,0.00,3.13,0,False,347,26,2025-26,Gabriel Gudmundsson,11,7,False
90,0,0,0,2,0,0,0,0,0,0,0,12,23.8,0.5,0.0,2.4,11,2,1,12,1,0.00,0.00,0.00,3.13,3,False,348,26,2025-26,Joe Rodon,11,7,False
0,0,0,0,0,0,0,0,0,0,0,0,0,0.0,0.0,0.0,0.0,0,0,0,0,0,0.00,0.00,0.00,0.00,0,False,349,26,2025-26,Isaac Schmidt,11,7,False
90,0,0,0,2,0,0,0,0,0,0,0,7,0.6,2.5,4.0,0.7,0,3,1,4,1,0.03,0.01,0.04,3.13,2,False,350,26,2025-26,Brenden Aaronson,11,7,False
0,0,0,0,0,0,0,0,0,0,0,0,0,0.0,0.0,0.0,0.0,0,0,0,0,0,0.00,0.00,0.00,0.00,0,False,351,26,2025-26,Wilfried Gnonto,11,7,False
0,0,0,0,0,0,0,0,0,0,0,0,0,0.0,0.0,0.0,0.0,0,0,0,0,0,0.00,0.00,0.00,0.00,0,False,352,26,2025-26,Jack Harrison,11,7,False
8,0,0,0,0,0,0,0,0,0,0,0,3,2.0,0.8,0.0,0.3,1,0,0,1,0,0.00,0.00,0.00,1.36,1,False,353,26,2025-26,Daniel James,11,7,False
90,0,0,0,2,0,0,0,0,0,0,0,11,9.6,3.7,0.0,1.3,4,2,0,6,1,0.00,0.01,0.01,3.13,2,False,354,26,2025-26,Ethan Ampadu,11,7,False
0,0,0,0,0,0,0,0,0,0,0,0,0,0.0,0.0,0.0,0.0,0,0,0,0,0,0.00,0.00,0.00,0.00,0,False,355,26,2025-26,Sam Greenwood,11,7,False
90,0,0,0,2,0,0,0,0,0,0,0,15,13.0,16.3,6.0,3.5,3,1,3,7,1,0.00,0.03,0.03,3.13,2,False,356,26,2025-26,Ilia Gruev,11,7,False
0,0,0,0,0,0,0,0,0,0,0,0,0,0.0,0.0,0.0,0.0,0,0,0,0,0,0.00,0.00,0.00,0.00,0,False,357,26,2025-26,Largie Ramazani,11,7,False
0,0,0,0,0,0,0,0,0,0,0,0,0,0.0,0.0,0.0,0.0,0,0,0,0,0,0.00,0.00,0.00,0.00,0,False,358,26,2025-26,Tanaka Ao,11,7,False
0,0,0,0,0,0,0,0,0,0,0,0,0,0.0,0.0,0.0,0.0,0,0,0,0,0,0.00,0.00,0.00,0.00,0,False,359,26,2025-26,Charlie Crew,11,7,False
0,0,0,0,0,0,0,0,0,0,0,0,0,0.0,0.0,0.0,0.0,0,0,0,0,0,0.00,0.00,0.00,0.00,0,False,360,26,2025-26,Joe Gelhardt,11,7,False
0,0,0,0,0,0,0,0,0,0,0,0,0,0.0,0.0,0.0,0.0,0,0,0,0,0,0.00,0.00,0.00,0.00,0,False,361,26,2025-26,Darko Gyabi,11,7,False
0,0,0,0,0,0,0,0,0,0,0,0,0,0.0,0.0,0.0,0.0,0,0,0,0,0,0.00,0.00,0.00,0.00,0,False,362,26,2025-26,Joël Piroe,11,7,False
0,0,0,0,0,0,0,0,0,0,0,0,0,0.0,0.0,0.0,0.0,0,0,0,0,0,0.00,0.00,0.00,0.00,0,False,363,26,2025-26,Patrick Bamford,11,7,False
0,0,0,0,0,0,0,0,0,0,0,0,0,0.0,0.0,0.0,0.0,0,0,0,0,0,0.00,0.00,0.00,0.00,0,False,364,26,2025-26,Mateo Joseph Fernández-Regatillo,11,7,False
81,1,1,0,2,0,0,0,0,0,0,2,33,50.2,13.9,21.0,8.5,1,1,1,3,1,0.79,0.46,1.25,1.77,11,False,365,26,2025-26,Lukas Nmecha,11,7,False
90,0,0,1,0,0,0,0,0,0,2,1,28,15.2,0.0,0.0,1.5,2,12,0,0,1,0.00,0.00,0.00,0.63,7,False,366,26,2025-26,Alisson Becker,12,17,False
0,0,0,0,0,0,0,0,0,0,0,0,0,0.0,0.0,0.0,0.0,0,0,0,0,0,0.00,0.00,0.00,0.00,0,False,367,26,2025-26,Giorgi Mamardashvili,12,17,False
0,0,0,0,0,0,0,0,0,0,0,0,0,0.0,0.0,0.0,0.0,0,0,0,0,0,0.00,0.00,0.00,0.00,0,False,368,26,2025-26,Ármin Pécsi,12,17,False
0,0,0,0,0,0,0,0,0,0,0,0,0,0.0,0.0,0.0,0.0,0,0,0,0,0,0.00,0.00,0.00,0.00,0,False,369,26,2025-26,Freddie Woodman,12,17,False
0,0,0,0,0,0,0,0,0,0,0,0,0,0.0,0.0,0.0,0.0,0,0,0,0,0,0.00,0.00,0.00,0.00,0,False,370,26,2025-26,Jeremie Frimpong,12,17,False
0,0,0,0,0,0,0,0,0,0,0,0,0,0.0,0.0,0.0,0.0,0,0,0,0,0,0.00,0.00,0.00,0.00,0,False,371,26,2025-26,Milos Kerkez,12,17,False
90,0,0,1,0,0,0,0,0,0,0,2,30,14.4,40.3,4.0,5.9,2,6,0,2,1,0.01,0.13,0.14,0.63,8,False,372,26,2025-26,Andrew Robertson,12,17,False
90,1,0,1,0,0,0,0,0,0,0,3,45,61.0,1.6,47.0,11.0,13,1,0,13,1,0.79,0.01,0.80,0.63,17,True,373,26,2025-26,Virgil van Dijk,12,17,False
90,0,0,1,0,0,0,0,0,0,0,0,26,19.2,12.1,1.0,3.2,6,1,2,8,1,0.02,0.02,0.04,0.63,6,False,374,26,2025-26,Ibrahima Konaté,12,17,False
0,0,0,0,0,0,0,0,0,0,0,0,0,0.0,0.0,0.0,0.0,0,0,0,0,0,0.00,0.00,0.00,0.00,0,False,375,26,2025-26,Conor Bradley,12,17,False
21,0,0,0,0,0,0,0,0,0,0,0,3,4.2,0.9,0.0,0.5,1,0,1,2,0,0.00,0.00,0.00,0.20,1,False,376,26,2025-26,Joe Gomez,12,17,False
0,0,0,0,0,0,0,0,0,0,0,0,0,0.0,0.0,0.0,0.0,0,0,0,0,0,0.00,0.00,0.00,0.00,0,False,377,26,2025-26,Konstantinos Tsimikas,12,17,False
0,0,0,0,0,0,0,0,0,0,0,0,0,0.0,0.0,0.0,0.0,0,0,0,0,0,0.00,0.00,0.00,0.00,0,False,378,26,2025-26,Amara Nallo,12,17,False
0,0,0,0,0,0,0,0,0,0,0,0,0,0.0,0.0,0.0,0.0,0,0,0,0,0,0.00,0.00,0.00,0.00,0,False,379,26,2025-26,Rhys Williams,12,17,False
0,0,0,0,0,0,0,0,0,0,0,0,0,0.0,0.0,0.0,0.0,0,0,0,0,0,0.00,0.00,0.00,0.00,0,False,380,26,2025-26,Calvin Ramsay,12,17,False
90,0,1,1,0,0,0,0,0,0,0,0,21,19.4,19.6,35.0,7.4,1,6,1,8,1,0.42,0.25,0.67,0.63,6,False,381,26,2025-26,Mohamed Salah,12,17,False
90,0,0,1,0,0,0,0,0,0,0,0,13,13.6,30.2,46.0,9.0,0,6,1,7,1,0.62,0.10,0.72,0.63,3,False,382,26,2025-26,Florian Wirtz,12,17,False
0,0,0,0,0,0,0,0,0,0,0,0,0,0.0,0.0,0.0,0.0,0,0,0,0,0,0.00,0.00,0.00,0.00,0,False,383,26,2025-26,Luis Díaz Marulanda,12,17,False
74,0,0,1,0,0,0,0,0,0,0,0,12,10.2,38.8,20.0,6.9,0,3,1,4,1,0.13,0.29,0.42,0.53,3,False,384,26,2025-26,Cody Gakpo,12,17,False
2,0,0,0,0,0,0,0,0,0,0,0,1,0.0,0.3,2.0,0.2,1,0,0,1,0,0.00,0.00,0.00,0.05,1,False,385,26,2025-26,Federico Chiesa,12,17,False
90,0,0,1,0,0,0,0,0,0,0,0,23,19.8,26.5,2.0,4.8,2,3,5,10,1,0.02,0.04,0.06,0.63,3,False,386,26,2025-26,Alexis Mac Allister,12,17,False
0,0,0,0,0,0,0,0,0,0,0,0,0,0.0,0.0,0.0,0.0,0,0,0,0,0,0.00,0.00,0.00,0.00,0,False,387,26,2025-26,Dominik Szoboszlai,12,17,False
15,0,0,0,0,0,0,0,0,0,0,0,7,4.6,12.5,6.0,2.3,0,0,1,1,0,0.03,0.07,0.10,0.10,1,False,388,26,2025-26,Curtis Jones,12,17,False
0,0,0,0,0,0,0,0,0,0,0,0,0,0.0,0.0,0.0,0.0,0,0,0,0,0,0.00,0.00,0.00,0.00,0,False,389,26,2025-26,Harvey Elliott,2,6,True
90,0,0,1,0,0,0,0,0,0,0,0,15,22.0,15.5,4.0,4.2,8,3,1,12,1,0.02,0.08,0.10,0.63,5,False,390,26,2025-26,Ryan Gravenberch,12,17,False
0,0,0,0,0,0,0,0,0,0,0,0,0,0.0,0.0,0.0,0.0,0,0,0,0,0,0.00,0.00,0.00,0.00,0,False,391,26,2025-26,Ben Gannon-Doak,4,9,False
68,0,0,1,0,0,0,0,0,0,0,0,14,14.2,1.8,6.0,2.2,6,3,2,11,1,0.04,0.01,0.05,0.42,3,False,392,26,2025-26,Endo Wataru,12,17,False
0,0,0,0,0,0,0,0,0,0,0,0,0,0.0,0.0,0.0,0.0,0,0,0,0,0,0.00,0.00,0.00,0.00,0,False,393,26,2025-26,Stefan Bajčetić Maquieira,12,17,False
0,0,0,0,0,0,0,0,0,0,0,0,0,0.0,0.0,0.0,0.0,0,0,0,0,0,0.00,0.00,0.00,0.00,0,False,394,26,2025-26,James McConnell,12,17,False
0,0,0,0,0,0,0,0,0,0,0,0,0,0.0,0.0,0.0,0.0,0,0,0,0,0,0.00,0.00,0.00,0.00,0,False,395,26,2025-26,Tyler Morton,12,17,False
0,0,0,0,0,0,0,0,0,0,0,0,0,0.0,0.0,0.0,0.0,0,0,0,0,0,0.00,0.00,0.00,0.00,0,False,396,26,2025-26,Trey Nyoni,12,17,False
0,0,0,0,0,0,0,0,0,0,0,0,0,0.0,0.0,0.0,0.0,0,0,0,0,0,0.00,0.00,0.00,0.00,0,False,397,26,2025-26,Darwin Núñez Ribeiro,12,17,False
0,0,0,0,0,0,0,0,0,0,0,0,0,0.0,0.0,0.0,0.0,0,0,0,0,0,0.00,0.00,0.00,0.00,0,False,398,26,2025-26,Jayden Danns,12,17,False
0,0,0,0,0,0,0,0,0,0,0,0,0,0.0,0.0,0.0,0.0,0,0,0,0,0,0.00,0.00,0.00,0.00,0,False,399,26,2025-26,Ederson Santana de Moraes,13,10,True
90,0,0,1,0,0,0,0,0,0,3,0,26,22.6,0.0,0.0,2.3,0,2,0,0,1,0.00,0.00,0.00,0.42,7,False,400,26,2025-26,Stefan Ortega Moreno,16,20,True
0,0,0,0,0,0,0,0,0,0,0,0,0,0.0,0.0,0.0,0.0,0,0,0,0,0,0.00,0.00,0.00,0.00,0,False,401,26,2025-26,Marcus Bettinelli,13,10,True
90,0,0,1,0,0,0,0,0,0,0,3,36,16.0,5.3,2.0,2.3,3,2,5,8,1,0.00,0.02,0.02,1.42,9,False,402,26,2025-26,Rayan Aït-Nouri,13,10,True
0,0,0,0,0,0,0,0,0,0,0,0,0,0.0,0.0,0.0,0.0,0,0,0,0,0,0.00,0.00,0.00,0.00,0,False,403,26,2025-26,Joško Gvardiol,13,10,True
0,0,0,0,0,0,0,0,0,0,0,0,0,0.0,0.0,0.0,0.0,0,0,0,0,0,0.00,0.00,0.00,0.00,0,False,404,26,2025-26,Manuel Akanji,13,10,True
0,0,0,0,0,0,0,0,0,0,0,0,0,0.0,0.0,0.0,0.0,0,0,0,0,0,0.00,0.00,0.00,0.00,0,False,405,26,2025-26,Nathan Aké,13,10,True
30,0,0,0,0,0,0,0,0,0,0,0,6,6.6,0.8,0.0,0.7,2,1,2,4,0,0.00,0.00,0.00,0.61,1,False,406,26,2025-26,Abdukodir Khusanov,13,10,True
59,0,1,0,0,0,0,0,0,0,0,0,14,5.4,15.6,2.0,2.3,1,6,0,1,1,0.00,0.01,0.01,0.81,4,False,407,26,2025-26,Matheus Nunes,13,10,True
90,0,0,1,0,0,0,0,0,0,0,0,29,29.2,2.6,0.0,3.2,6,5,2,8,1,0.00,0.01,0.01,1.42,6,False,408,26,2025-26,Rúben dos Santos Gato Alves Dias,13,10,True
0,0,0,0,0,0,0,0,0,0,0,0,0,0.0,0.0,0.0,0.0,0,0,0,0,0,0.00,0.00,0.00,0.00,0,False,409,26,2025-26,John Stones,13,10,True
0,0,0,0,0,0,0,0,0,0,0,0,0,0.0,0.0,0.0,0.0,0,0,0,0,0,0.00,0.00,0.00,0.00,0,False,410,26,2025-26,Rico Lewis,13,10,True
90,1,0,1,0,0,0,0,0,0,0,1,33,30.4,5.8,36.0,7.2,0,2,0,0,1,0.48,0.01,0.49,1.42,13,True,411,26,2025-26,Nico O'Reilly,13,10,True
0,0,0,0,0,0,0,0,0,0,0,0,0,0.0,0.0,0.0,0.0,0,0,0,0,0,0.00,0.00,0.00,0.00,0,False,412,26,2025-26,Vitor de Oliveira Nunes dos Reis,13,10,True
45,0,0,0,0,0,0,0,0,0,0,0,5,6.2,11.8,2.0,2.0,0,1,2,3,0,0.00,0.00,0.00,0.80,1,False,413,26,2025-26,Omar Marmoush,13,10,True
70,0,1,1,0,0,0,0,1,0,0,0,22,31.2,31.8,32.0,9.5,1,5,2,8,1,0.20,0.06,0.26,0.84,5,False,414,26,2025-26,Phil Foden,13,10,True
0,0,0,0,0,0,0,0,0,0,0,0,0,0.0,0.0,0.0,0.0,0,0,0,0,0,0.00,0.00,0.00,0.00,0,False,415,26,2025-26,Sávio Moreira de Oliveira,13,10,True
59,0,0,0,0,0,0,0,1,0,0,0,10,8.2,26.3,2.0,3.7,1,8,2,11,1,0.00,0.03,0.03,0.81,0,False,416,26,2025-26,Bernardo Mota Veiga de Carvalho e Silva,13,10,True
19,0,0,0,0,0,0,0,0,0,0,0,5,0.0,1.3,0.0,0.1,0,3,1,4,0,0.00,0.00,0.00,0.58,1,False,417,26,2025-26,Rayan Cherki,13,10,True
0,0,0,0,0,0,0,0,0,0,0,0,0,0.0,0.0,0.0,0.0,0,0,0,0,0,0.00,0.00,0.00,0.00,0,False,418,26,2025-26,Jérémy Doku,13,10,True
0,0,0,0,0,0,0,0,0,0,0,0,0,0.0,0.0,0.0,0.0,0,0,0,0,0,0.00,0.00,0.00,0.00,0,False,419,26,2025-26,Jack Grealish,9,4,True
0,0,0,0,0,0,0,0,0,0,0,0,0,0.0,0.0,0.0,0.0,0,0,0,0,0,0.00,0.00,0.00,0.00,0,False,420,26,2025-26,İlkay Gündoğan,13,10,True
70,0,0,1,0,0,0,0,0,0,0,0,9,2.6,6.5,1.0,1.0,0,3,0,3,1,0.03,0.03,0.06,0.84,3,False,421,26,2025-26,Rodrigo 'Rodri' Hernandez Cascante,13,10,True
0,0,0,0,0,0,0,0,0,0,0,0,0,0.0,0.0,0.0,0.0,0,0,0,0,0,0.00,0.00,0.00,0.00,0,False,422,26,2025-26,Mateo Kovačić,13,10,True
19,0,0,0,0,0,0,0,1,0,0,0,0,2.8,0.3,0.0,0.3,3,0,0,3,0,0.00,0.00,0.00,0.58,0,False,423,26,2025-26,Nico González Iglesias,13,10,True
18,0,0,0,0,0,0,0,0,0,0,0,5,4.2,11.7,10.0,2.6,2,4,1,7,0,0.07,0.00,0.07,0.00,1,False,424,26,2025-26,Oscar Bobb,10,13,False
0,0,0,0,0,0,0,0,0,0,0,0,0,0.0,0.0,0.0,0.0,0,0,0,0,0,0.00,0.00,0.00,0.00,0,False,425,26,2025-26,Claudio Echeverri,13,10,True
0,0,0,0,0,0,0,0,0,0,0,0,0,0.0,0.0,0.0,0.0,0,0,0,0,0,0.00,0.00,0.00,0.00,0,False,426,26,2025-26,James McAtee,16,20,True
30,0,0,0,0,0,0,0,0,0,0,0,3,5.0,1.7,0.0,0.7,1,1,2,4,0,0.00,0.01,0.01,0.61,1,False,427,26,2025-26,Tijjani Reijnders,13,10,True
0,0,0,0,0,0,0,0,0,0,0,0,0,0.0,0.0,0.0,0.0,0,0,0,0,0,0.00,0.00,0.00,0.00,0,False,428,26,2025-26,Sverre Nypan,13,10,True
0,0,0,0,0,0,0,0,0,0,0,0,0,0.0,0.0,0.0,0.0,0,0,0,0,0,0.00,0.00,0.00,0.00,0,False,429,26,2025-26,Kalvin Phillips,13,10,True
45,1,0,0,0,0,0,0,0,0,0,0,29,32.0,0.6,11.0,4.4,0,1,0,1,1,0.12,0.00,0.12,0.62,5,False,430,26,2025-26,Erling Haaland,13,10,True
0,0,0,0,0,0,0,0,0,0,0,0,0,0.0,0.0,0.0,0.0,0,0,0,0,0,0.00,0.00,0.00,0.00,0,False,431,26,2025-26,Altay Bayındır,14,19,False
0,0,0,0,0,0,0,0,0,0,0,0,0,0.0,0.0,0.0,0.0,0,0,0,0,0,0.00,0.00,0.00,0.00,0,False,432,26,2025-26,André Onana,14,19,False
0,0,0,0,0,0,0,0,0,0,0,0,0,0.0,0.0,0.0,0.0,0,0,0,0,0,0.00,0.00,0.00,0.00,0,False,433,26,2025-26,Elyh Harrison,14,19,False
0,0,0,0,0,0,0,0,0,0,0,0,0,0.0,0.0,0.0,0.0,0,0,0,0,0,0.00,0.00,0.00,0.00,0,False,434,26,2025-26,Tom Heaton,14,19,False
0,0,0,0,0,0,0,0,0,0,0,0,0,0.0,0.0,0.0,0.0,0,0,0,0,0,0.00,0.00,0.00,0.00,0,False,435,26,2025-26,Dermot Mee,14,19,False
0,0,0,0,0,0,0,0,0,0,0,0,0,0.0,0.0,0.0,0.0,0,0,0,0,0,0.00,0.00,0.00,0.00,0,False,436,26,2025-26,Matthijs de Ligt,14,19,False
90,0,0,0,1,0,0,0,0,0,0,0,13,21.8,4.6,0.0,2.6,2,9,3,5,1,0.00,0.03,0.03,1.11,2,False,437,26,2025-26,Lisandro Martínez,14,19,False
0,0,0,0,0,0,0,0,0,0,0,0,0,0.0,0.0,0.0,0.0,0,0,0,0,0,0.00,0.00,0.00,0.00,0,False,438,26,2025-26,Noussair Mazraoui,14,19,False
0,0,0,0,0,0,0,0,0,0,0,0,0,0.0,0.0,0.0,0.0,0,0,0,0,0,0.00,0.00,0.00,0.00,0,False,439,26,2025-26,Diego León Blanco,14,19,False
81,0,0,0,1,0,0,0,1,0,0,0,8,10.0,5.7,5.0,2.1,3,3,0,3,1,0.03,0.01,0.04,0.55,1,False,440,26,2025-26,Diogo Dalot Teixeira,14,19,False
0,0,0,0,0,0,0,0,0,0,0,0,0,0.0,0.0,0.0,0.0,0,0,0,0,0,0.00,0.00,0.00,0.00,0,False,441,26,2025-26,Patrick Dorgu,14,19,False
67,0,0,0,1,0,0,0,0,0,0,0,15,9.6,1.1,6.0,1.7,4,1,2,6,1,0.01,0.02,0.03,0.55,2,False,442,26,2025-26,Harry Maguire,14,19,False
90,0,0,0,1,0,0,0,0,0,0,0,17,19.8,31.1,4.0,5.5,2,3,2,4,1,0.17,0.15,0.32,1.11,2,False,443,26,2025-26,Luke Shaw,14,19,False
22,0,0,0,0,0,0,0,0,0,0,0,6,14.2,0.9,0.0,1.5,3,1,1,4,0,0.00,0.01,0.01,0.56,1,False,444,26,2025-26,Leny Yoro,14,19,False
0,0,0,0,0,0,0,0,0,0,0,0,0,0.0,0.0,0.0,0.0,0,0,0,0,0,0.00,0.00,0.00,0.00,0,False,445,26,2025-26,Harry Amass,14,19,False
0,0,0,0,0,0,0,0,0,0,0,0,0,0.0,0.0,0.0,0.0,0,0,0,0,0,0.00,0.00,0.00,0.00,0,False,446,26,2025-26,Tyler Fredricson,14,19,False
0,0,0,0,0,0,0,0,0,0,0,0,0,0.0,0.0,0.0,0.0,0,0,0,0,0,0.00,0.00,0.00,0.00,0,False,447,26,2025-26,Ayden Heaven,14,19,False
0,0,0,0,0,0,0,0,0,0,0,0,0,0.0,0.0,0.0,0.0,0,0,0,0,0,0.00,0.00,0.00,0.00,0,False,448,26,2025-26,Tyrell Malacia,14,19,False
90,0,0,0,1,0,0,0,0,0,0,0,19,19.6,58.8,0.0,7.8,0,2,1,3,1,0.00,0.26,0.26,1.11,2,False,449,26,2025-26,Bruno Borges Fernandes,14,19,False
68,0,0,0,1,0,0,0,0,0,0,0,6,5.4,4.8,2.0,1.2,1,2,1,4,1,0.00,0.01,0.01,0.55,2,False,450,26,2025-26,Matheus Santos Carneiro da Cunha,14,19,False
0,0,0,0,0,0,0,0,0,0,0,0,0,0.0,0.0,0.0,0.0,0,0,0,0,0,0.00,0.00,0.00,0.00,0,False,451,26,2025-26,Marcus Rashford,14,19,False
90,0,0,0,1,0,0,0,0,0,0,0,19,9.0,7.1,12.0,2.8,2,5,2,9,1,0.02,0.05,0.07,1.11,2,False,452,26,2025-26,Amad Diallo,14,19,False
0,0,0,0,0,0,0,0,0,0,0,0,0,0.0,0.0,0.0,0.0,0,0,0,0,0,0.00,0.00,0.00,0.00,0,False,453,26,2025-26,Alejandro Garnacho Ferreyra,7,11,True
0,0,0,0,0,0,0,0,0,0,0,0,0,0.0,0.0,0.0,0.0,0,0,0,0,0,0.00,0.00,0.00,0.00,0,False,454,26,2025-26,Antony dos Santos,14,19,False
0,0,0,0,0,0,0,0,0,0,0,0,0,0.0,0.0,0.0,0.0,0,0,0,0,0,0.00,0.00,0.00,0.00,0,False,455,26,2025-26,Mason Mount,14,19,False
59,0,0,0,0,0,0,0,0,0,0,0,2,2.2,33.7,11.0,4.7,0,0,0,0,1,0.09,0.40,0.49,0.17,1,False,456,26,2025-26,Jadon Sancho,2,6,True
90,0,0,0,1,0,0,0,0,0,0,0,11,20.0,10.2,6.0,3.6,3,3,4,10,1,0.00,0.03,0.03,1.11,2,False,457,26,2025-26,Carlos Henrique Casimiro,14,19,False
90,0,0,0,1,0,0,0,0,0,0,0,14,7.2,10.5,2.0,2.0,1,8,1,10,1,0.00,0.03,0.03,1.11,2,False,458,26,2025-26,Kobbie Mainoo,14,19,False
0,0,0,0,0,0,0,0,0,0,0,0,0,0.0,0.0,0.0,0.0,0,0,0,0,0,0.00,0.00,0.00,0.00,0,False,459,26,2025-26,Manuel Ugarte Ribeiro,14,19,False
0,0,0,0,0,0,0,0,0,0,0,0,0,0.0,0.0,0.0,0.0,0,0,0,0,0,0.00,0.00,0.00,0.00,0,False,460,26,2025-26,Toby Collyer,14,19,False
0,0,0,0,0,0,0,0,0,0,0,0,0,0.0,0.0,0.0,0.0,0,0,0,0,0,0.00,0.00,0.00,0.00,0,False,461,26,2025-26,Jayce Fitzgerald,14,19,False
0,0,0,0,0,0,0,0,0,0,0,0,0,0.0,0.0,0.0,0.0,0,0,0,0,0,0.00,0.00,0.00,0.00,0,False,462,26,2025-26,Jack Fletcher,14,19,False
0,0,0,0,0,0,0,0,0,0,0,0,0,0.0,0.0,0.0,0.0,0,0,0,0,0,0.00,0.00,0.00,0.00,0,False,463,26,2025-26,Sékou Koné,14,19,False
0,0,0,0,0,0,0,0,0,0,0,0,0,0.0,0.0,0.0,0.0,0,0,0,0,0,0.00,0.00,0.00,0.00,0,False,464,26,2025-26,Jack Moorhouse,14,19,False
0,0,0,0,0,0,0,0,0,0,0,0,0,0.0,0.0,0.0,0.0,0,0,0,0,0,0.00,0.00,0.00,0.00,0,False,465,26,2025-26,Rasmus Højlund,14,19,False
8,0,0,0,0,0,0,0,0,0,0,0,-1,0.0,1.3,4.0,0.5,0,1,1,2,0,0.09,0.00,0.09,0.56,1,False,466,26,2025-26,Joshua Zirkzee,14,19,False
0,0,0,0,0,0,0,0,0,0,0,0,0,0.0,0.0,0.0,0.0,0,0,0,0,0,0.00,0.00,0.00,0.00,0,False,467,26,2025-26,Chido Obi,14,19,False
0,0,0,0,0,0,0,0,0,0,0,0,0,0.0,0.0,0.0,0.0,0,0,0,0,0,0.00,0.00,0.00,0.00,0,False,468,26,2025-26,Ethan Wheatley,14,19,False
90,0,0,0,1,0,0,0,0,0,1,0,7,5.6,0.0,0.0,0.6,1,9,0,0,1,0.00,0.00,0.00,1.85,2,False,469,26,2025-26,Nick Pope,15,18,False
90,0,0,0,2,0,0,0,0,0,1,0,4,11.4,0.0,0.0,1.1,1,9,0,0,1,0.00,0.00,0.00,1.80,1,False,470,26,2025-26,Martin Dúbravka,3,8,False
0,0,0,0,0,0,0,0,0,0,0,0,0,0.0,0.0,0.0,0.0,0,0,0,0,0,0.00,0.00,0.00,0.00,0,False,471,26,2025-26,Mark Gillespie,15,18,False
0,0,0,0,0,0,0,0,0,0,0,0,0,0.0,0.0,0.0,0.0,0,0,0,0,0,0.00,0.00,0.00,0.00,0,False,472,26,2025-26,Odysseas Vlachodimos,15,18,False
1,0,0,0,0,0,0,0,0,0,0,0,3,4.0,0.0,0.0,0.4,1,1,1,2,0,0.00,0.00,0.00,0.32,1,False,473,26,2025-26,Lewis Hall,15,18,False
0,0,0,0,0,0,0,0,0,0,0,0,0,0.0,0.0,0.0,0.0,0,0,0,0,0,0.00,0.00,0.00,0.00,0,False,474,26,2025-26,Fabian Schär,15,18,False
90,0,0,0,1,0,0,0,0,0,0,0,10,27.2,0.5,19.0,4.7,8,3,1,9,1,0.69,0.00,0.69,1.85,2,False,475,26,2025-26,Sven Botman,15,18,False
90,0,0,0,1,0,0,0,1,0,0,0,9,22.2,11.8,8.0,4.2,4,3,5,9,1,0.07,0.01,0.08,1.85,1,False,476,26,2025-26,Dan Burn,15,18,False
0,0,0,0,0,0,0,0,0,0,0,0,0,0.0,0.0,0.0,0.0,0,0,0,0,0,0.00,0.00,0.00,0.00,0,False,477,26,2025-26,Tino Livramento,15,18,False
90,0,0,0,1,0,0,0,0,0,0,0,6,14.6,3.0,4.0,2.2,3,2,3,6,1,0.00,0.02,0.02,1.85,2,False,478,26,2025-26,Kieran Trippier,15,18,False
0,0,0,0,0,0,0,0,0,0,0,0,0,0.0,0.0,0.0,0.0,0,0,0,0,0,0.00,0.00,0.00,0.00,0,False,479,26,2025-26,Emil Krafth,15,18,False
0,0,0,0,0,0,0,0,0,0,0,0,0,0.0,0.0,0.0,0.0,0,0,0,0,0,0.00,0.00,0.00,0.00,0,False,480,26,2025-26,Jamaal Lascelles,15,18,False
0,0,0,0,0,0,0,0,0,0,0,0,0,0.0,0.0,0.0,0.0,0,0,0,0,0,0.00,0.00,0.00,0.00,0,False,481,26,2025-26,Alex Murphy,15,18,False
0,0,0,0,0,0,0,0,0,0,0,0,0,0.0,0.0,0.0,0.0,0,0,0,0,0,0.00,0.00,0.00,0.00,0,False,482,26,2025-26,Harrison Ashby,15,18,False
0,0,0,0,0,0,0,0,0,0,0,0,0,0.0,0.0,0.0,0.0,0,0,0,0,0,0.00,0.00,0.00,0.00,0,False,483,26,2025-26,Miodrag Pivaš,15,18,False
0,0,0,0,0,0,0,0,0,0,0,0,0,0.0,0.0,0.0,0.0,0,0,0,0,0,0.00,0.00,0.00,0.00,0,False,484,26,2025-26,Matt Targett,15,18,False
87,0,1,0,1,0,0,0,0,0,0,0,15,16.6,13.1,25.0,5.5,0,2,1,3,1,0.49,0.11,0.60,1.54,5,False,485,26,2025-26,Anthony Gordon,15,18,False
74,0,0,0,1,0,0,0,0,0,0,0,8,10.8,31.2,12.0,5.4,1,3,1,5,1,0.00,0.24,0.24,1.47,2,False,486,26,2025-26,Anthony Elanga,15,18,False
90,0,0,0,1,0,0,0,0,0,0,0,13,8.0,8.5,36.0,5.3,1,3,1,5,1,0.25,0.05,0.30,1.85,2,False,487,26,2025-26,Harvey Barnes,15,18,False
90,0,0,0,1,0,0,0,1,0,0,0,21,19.0,49.6,2.0,7.1,3,5,4,12,1,0.00,0.40,0.40,1.54,3,False,488,26,2025-26,Bruno Guimarães Rodriguez Moura,15,18,False
15,0,0,0,0,0,0,0,0,0,0,0,6,5.2,0.3,0.0,0.6,1,0,2,3,0,0.00,0.01,0.01,0.38,1,False,489,26,2025-26,Jacob Murphy,15,18,False
0,0,0,0,0,0,0,0,0,0,0,0,0,0.0,0.0,0.0,0.0,0,0,0,0,0,0.00,0.00,0.00,0.00,0,False,490,26,2025-26,Joelinton Cássio Apolinário de Lira,15,18,False
15,0,0,0,0,0,0,0,0,0,0,0,4,3.4,0.3,0.0,0.4,2,2,0,4,0,0.00,0.00,0.00,0.38,1,False,491,26,2025-26,Sandro Tonali,15,18,False
0,0,0,0,0,0,0,0,0,0,0,0,0,0.0,0.0,0.0,0.0,0,0,0,0,0,0.00,0.00,0.00,0.00,0,False,492,26,2025-26,Antoñito Cordero Campillo,15,18,False
1,0,0,0,0,0,0,0,1,0,0,0,-1,0.0,0.0,0.0,0.0,0,0,0,0,0,0.00,0.00,0.00,0.00,0,False,493,26,2025-26,Sean Longstaff,11,7,False
87,0,0,0,1,0,0,0,0,0,0,0,6,9.0,27.2,29.0,6.5,0,6,2,8,1,0.11,0.17,0.28,1.54,2,False,494,26,2025-26,Joe Willock,15,18,False
0,0,0,0,0,0,0,0,0,0,0,0,0,0.0,0.0,0.0,0.0,0,0,0,0,0,0.00,0.00,0.00,0.00,0,False,495,26,2025-26,Isaac Hayden,15,18,False
0,0,0,0,0,0,0,0,0,0,0,0,0,0.0,0.0,0.0,0.0,0,0,0,0,0,0.00,0.00,0.00,0.00,0,False,496,26,2025-26,Garang Kuol,15,18,False
0,0,0,0,0,0,0,0,0,0,0,0,0,0.0,0.0,0.0,0.0,0,0,0,0,0,0.00,0.00,0.00,0.00,0,False,497,26,2025-26,Lewis Miley,15,18,False
0,0,0,0,0,0,0,0,0,0,0,0,0,0.0,0.0,0.0,0.0,0,0,0,0,0,0.00,0.00,0.00,0.00,0,False,498,26,2025-26,Joe White,15,18,False
0,0,0,0,0,0,0,0,0,0,0,0,0,0.0,0.0,0.0,0.0,0,0,0,0,0,0.00,0.00,0.00,0.00,0,False,499,26,2025-26,Alexander Isak,12,17,False
2,0,0,0,0,0,0,0,0,0,0,0,2,0.0,0.0,0.0,0.0,0,1,0,1,0,0.00,0.00,0.00,0.32,1,False,500,26,2025-26,William Osula,15,18,False
0,0,0,0,0,0,0,0,0,0,0,0,0,0.0,0.0,0.0,0.0,0,0,0,0,0,0.00,0.00,0.00,0.00,0,False,501,26,2025-26,Sean Neave,15,18,False
0,0,0,0,0,0,0,0,0,0,0,0,0,0.0,0.0,0.0,0.0,0,0,0,0,0,0.00,0.00,0.00,0.00,0,False,502,26,2025-26,Matz Sels,16,20,True
0,0,0,0,0,0,0,0,0,0,0,0,0,0.0,0.0,0.0,0.0,0,0,0,0,0,0.00,0.00,0.00,0.00,0,False,503,26,2025-26,Carlos Miguel dos Santos Pereira,16,20,True
0,0,0,0,0,0,0,0,0,0,0,0,0,0.0,0.0,0.0,0.0,0,0,0,0,0,0.00,0.00,0.00,0.00,0,False,504,26,2025-26,Matt Turner,16,20,True
90,0,0,1,0,0,0,0,0,0,0,0,24,12.4,1.3,1.0,1.5,6,3,0,6,1,0.01,0.00,0.01,0.42,6,False,505,26,2025-26,Nikola Milenković,16,20,True
0,0,0,0,0,0,0,0,0,0,0,0,0,0.0,0.0,0.0,0.0,0,0,0,0,0,0.00,0.00,0.00,0.00,0,False,506,26,2025-26,Murillo Costa dos Santos,16,20,True
90,0,0,1,0,0,0,0,0,0,0,1,32,20.0,32.8,7.0,6.0,6,5,0,6,1,0.08,0.17,0.25,0.42,7,False,507,26,2025-26,Ola Aina,16,20,True
90,0,0,1,0,0,0,0,0,0,0,2,40,27.0,49.3,39.0,11.5,2,6,3,5,1,0.18,0.68,0.86,0.42,8,False,508,26,2025-26,Neco Williams,16,20,True
0,0,0,0,0,0,0,0,0,0,0,0,0,0.0,0.0,0.0,0.0,0,0,0,0,0,0.00,0.00,0.00,0.00,0,False,509,26,2025-26,David Mota Veiga Teixeira do Carmo,16,20,True
0,0,0,0,0,0,0,0,0,0,0,0,0,0.0,0.0,0.0,0.0,0,0,0,0,0,0.00,0.00,0.00,0.00,0,False,510,26,2025-26,Jair Paula da Cunha Filho,16,20,True
90,0,0,1,0,0,0,0,0,0,0,0,30,23.6,11.4,43.0,7.8,8,7,2,10,1,0.37,0.01,0.38,0.42,8,False,511,26,2025-26,Felipe Rodrigues da Silva,16,20,True
0,0,0,0,0,0,0,0,0,0,0,0,0,0.0,0.0,0.0,0.0,0,0,0,0,0,0.00,0.00,0.00,0.00,0,False,512,26,2025-26,Omar Richards,16,20,True
0,0,0,0,0,0,0,0,0,0,0,0,0,0.0,0.0,0.0,0.0,0,0,0,0,0,0.00,0.00,0.00,0.00,0,False,513,26,2025-26,Zach Abbott,16,20,True
0,0,0,0,0,0,0,0,0,0,0,0,0,0.0,0.0,0.0,0.0,0,0,0,0,0,0.00,0.00,0.00,0.00,0,False,514,26,2025-26,Willy Boly,16,20,True
90,0,0,1,0,0,0,0,0,0,0,0,15,15.6,61.8,28.0,10.5,1,6,1,8,1,0.40,0.11,0.51,0.42,3,False,515,26,2025-26,Morgan Gibbs-White,16,20,True
64,0,0,1,0,0,0,0,0,0,0,0,26,20.4,60.6,47.0,12.8,2,4,0,6,1,0.25,0.28,0.53,0.21,3,False,516,26,2025-26,Callum Hudson-Odoi,16,20,True
90,0,0,1,0,0,0,0,0,0,0,0,24,32.8,30.8,40.0,10.4,2,9,5,16,1,0.27,0.52,0.79,0.42,5,False,517,26,2025-26,Elliot Anderson,16,20,True
0,0,0,0,0,0,0,0,0,0,0,0,0,0.0,0.0,0.0,0.0,0,0,0,0,0,0.00,0.00,0.00,0.00,0,False,518,26,2025-26,João Pedro Ferreira da Silva,16,20,True
0,0,0,0,0,0,0,0,0,0,0,0,0,0.0,0.0,0.0,0.0,0,0,0,0,0,0.00,0.00,0.00,0.00,0,False,519,26,2025-26,Nicolás Domínguez,16,20,True
0,0,0,0,0,0,0,0,0,0,0,0,0,0.0,0.0,0.0,0.0,0,0,0,0,0,0.00,0.00,0.00,0.00,0,False,520,26,2025-26,Lewis O'Brien,16,20,True
90,0,0,1,0,0,0,0,0,0,0,0,13,9.0,14.2,2.0,2.5,0,4,4,8,1,0.00,0.10,0.10,0.42,3,False,521,26,2025-26,Ibrahim Sangaré,16,20,True
0,0,0,0,0,0,0,0,0,0,0,0,0,0.0,0.0,0.0,0.0,0,0,0,0,0,0.00,0.00,0.00,0.00,0,False,522,26,2025-26,Ryan Yates,16,20,True
0,0,0,0,0,0,0,0,0,0,0,0,0,0.0,0.0,0.0,0.0,0,0,0,0,0,0.00,0.00,0.00,0.00,0,False,523,26,2025-26,Eric da Silva Moreira,16,20,True
0,0,0,0,0,0,0,0,0,0,0,0,0,0.0,0.0,0.0,0.0,0,0,0,0,0,0.00,0.00,0.00,0.00,0,False,524,26,2025-26,Marko Stamenić,16,20,True
0,0,0,0,0,0,0,0,0,0,0,0,0,0.0,0.0,0.0,0.0,0,0,0,0,0,0.00,0.00,0.00,0.00,0,False,525,26,2025-26,Chris Wood,16,20,True
19,0,0,0,0,0,0,0,0,0,0,0,3,5.0,0.0,33.0,3.8,1,0,0,1,0,0.33,0.00,0.33,0.20,1,False,526,26,2025-26,Igor Jesus Maciel da Cruz,16,20,True
0,0,0,0,0,0,0,0,0,0,0,0,0,0.0,0.0,0.0,0.0,0,0,0,0,0,0.00,0.00,0.00,0.00,0,False,527,26,2025-26,Taiwo Awoniyi,16,20,True
0,0,0,0,0,0,0,0,0,0,0,0,0,0.0,0.0,0.0,0.0,0,0,0,0,0,0.00,0.00,0.00,0.00,0,False,528,26,2025-26,Anthony Patterson,17,12,True
0,0,0,0,0,0,0,0,0,0,0,0,0,0.0,0.0,0.0,0.0,0,0,0,0,0,0.00,0.00,0.00,0.00,0,False,529,26,2025-26,Simon Moore,17,12,True
0,0,0,0,0,0,0,0,0,0,0,0,0,0.0,0.0,0.0,0.0,0,0,0,0,0,0.00,0.00,0.00,0.00,0,False,530,26,2025-26,Blondy Nna Noukeu,17,12,True
90,0,0,0,1,0,0,0,0,0,0,0,12,21.6,11.3,6.0,3.9,13,2,0,13,1,0.05,0.00,0.05,2.53,4,False,531,26,2025-26,Daniel Ballard,17,12,True
79,0,0,0,1,0,0,0,0,0,0,0,4,16.0,15.0,10.0,4.1,5,1,2,7,1,0.14,0.03,0.17,2.38,2,False,532,26,2025-26,Trai Hume,17,12,True
0,0,0,0,0,0,0,0,0,0,0,0,0,0.0,0.0,0.0,0.0,0,0,0,0,0,0.00,0.00,0.00,0.00,0,False,533,26,2025-26,Aji Alese,17,12,True
0,0,0,0,0,0,0,0,0,0,0,0,0,0.0,0.0,0.0,0.0,0,0,0,0,0,0.00,0.00,0.00,0.00,0,False,534,26,2025-26,Joe Anderson,17,12,True
0,0,0,0,0,0,0,0,0,0,0,0,0,0.0,0.0,0.0,0.0,0,0,0,0,0,0.00,0.00,0.00,0.00,0,False,535,26,2025-26,Dennis Cirkin,17,12,True
0,0,0,0,0,0,0,0,0,0,0,0,0,0.0,0.0,0.0,0.0,0,0,0,0,0,0.00,0.00,0.00,0.00,0,False,536,26,2025-26,Leo Fuhr Hjelde,17,12,True
0,0,0,0,0,0,0,0,0,0,0,0,0,0.0,0.0,0.0,0.0,0,0,0,0,0,0.00,0.00,0.00,0.00,0,False,537,26,2025-26,Niall Huggins,17,12,True
0,0,0,0,0,0,0,0,0,0,0,0,0,0.0,0.0,0.0,0.0,0,0,0,0,0,0.00,0.00,0.00,0.00,0,False,538,26,2025-26,Zak Johnson,17,12,True
0,0,0,0,0,0,0,0,0,0,0,0,0,0.0,0.0,0.0,0.0,0,0,0,0,0,0.00,0.00,0.00,0.00,0,False,539,26,2025-26,Luke O'Nien,17,12,True
0,0,0,0,0,0,0,0,0,0,0,0,0,0.0,0.0,0.0,0.0,0,0,0,0,0,0.00,0.00,0.00,0.00,0,False,540,26,2025-26,Timothée Pembélé,17,12,True
90,0,0,0,1,0,0,0,1,0,0,0,13,30.8,16.8,2.0,5.0,8,7,0,8,1,0.00,0.14,0.14,2.53,1,False,541,26,2025-26,Reinildo Mandava,17,12,True
0,0,0,0,0,0,0,0,0,0,0,0,0,0.0,0.0,0.0,0.0,0,0,0,0,0,0.00,0.00,0.00,0.00,0,False,542,26,2025-26,Jenson Seelt,17,12,True
0,0,0,0,0,0,0,0,0,0,0,0,0,0.0,0.0,0.0,0.0,0,0,0,0,0,0.00,0.00,0.00,0.00,0,False,543,26,2025-26,Simon Adingra,17,12,True
90,0,0,0,1,0,0,0,0,0,0,0,8,6.0,7.6,6.0,2.0,0,3,2,5,1,0.00,0.15,0.15,2.41,2,False,544,26,2025-26,Habib Diarra,17,12,True
0,0,0,0,0,0,0,0,0,0,0,0,0,0.0,0.0,0.0,0.0,0,0,0,0,0,0.00,0.00,0.00,0.00,0,False,545,26,2025-26,Patrick Roberts,17,12,True
0,0,0,0,0,0,0,0,0,0,0,0,0,0.0,0.0,0.0,0.0,0,0,0,0,0,0.00,0.00,0.00,0.00,0,False,546,26,2025-26,Milan Aleksić,17,12,True
90,0,0,0,1,0,0,0,0,0,0,0,14,19.2,9.9,0.0,2.9,4,3,3,10,1,0.00,0.24,0.24,2.53,2,False,547,26,2025-26,Enzo Le Fée,17,12,True
10,0,0,0,0,0,0,0,0,0,0,0,1,0.4,1.0,6.0,0.7,0,1,0,1,0,0.00,0.01,0.01,0.15,1,False,548,26,2025-26,Romaine Mundle,17,12,True
0,0,0,0,0,0,0,0,0,0,0,0,0,0.0,0.0,0.0,0.0,0,0,0,0,0,0.00,0.00,0.00,0.00,0,False,549,26,2025-26,Dan Neil,17,12,True
0,0,0,0,0,0,0,0,0,0,0,0,0,0.0,0.0,0.0,0.0,0,0,0,0,0,0.00,0.00,0.00,0.00,0,False,550,26,2025-26,Ian Poveda-Ocampo,17,12,True
0,0,0,0,0,0,0,0,0,0,0,0,0,0.0,0.0,0.0,0.0,0,0,0,0,0,0.00,0.00,0.00,0.00,0,False,551,26,2025-26,Chris Rigg,17,12,True
90,0,0,0,1,0,0,0,0,0,0,0,15,22.0,14.1,0.0,3.6,5,2,1,8,1,0.00,0.06,0.06,2.53,2,False,552,26,2025-26,Noah Sadiki,17,12,True
10,0,0,0,0,0,0,0,0,0,0,0,3,0.0,0.3,0.0,0.0,0,0,0,0,0,0.00,0.00,0.00,0.15,1,False,553,26,2025-26,Chemsdine Talbi,17,12,True
0,0,0,0,0,0,0,0,0,0,0,0,0,0.0,0.0,0.0,0.0,0,0,0,0,0,0.00,0.00,0.00,0.00,0,False,554,26,2025-26,Abdoullah Ba,17,12,True
0,0,0,0,0,0,0,0,0,0,0,0,0,0.0,0.0,0.0,0.0,0,0,0,0,0,0.00,0.00,0.00,0.00,0,False,555,26,2025-26,Alan Browne,17,12,True
0,0,0,0,0,0,0,0,0,0,0,0,0,0.0,0.0,0.0,0.0,0,0,0,0,0,0.00,0.00,0.00,0.00,0,False,556,26,2025-26,Pierre Ekwah Elimby,17,12,True
0,0,0,0,0,0,0,0,0,0,0,0,0,0.0,0.0,0.0,0.0,0,0,0,0,0,0.00,0.00,0.00,0.00,0,False,557,26,2025-26,Harrison Jones,17,12,True
0,0,0,0,0,0,0,0,0,0,0,0,0,0.0,0.0,0.0,0.0,0,0,0,0,0,0.00,0.00,0.00,0.00,0,False,558,26,2025-26,Jay Matete,17,12,True
0,0,0,0,0,0,0,0,0,0,0,0,0,0.0,0.0,0.0,0.0,0,0,0,0,0,0.00,0.00,0.00,0.00,0,False,559,26,2025-26,Nectarios Triantis,17,12,True
1,0,0,0,0,0,0,0,0,0,0,0,2,0.0,0.0,0.0,0.0,0,0,0,0,0,0.00,0.00,0.00,0.12,1,False,560,26,2025-26,Wilson Isidor,17,12,True
0,0,0,0,0,0,0,0,0,0,0,0,0,0.0,0.0,0.0,0.0,0,0,0,0,0,0.00,0.00,0.00,0.00,0,False,561,26,2025-26,Eliezer Mayenda Dossou,17,12,True
0,0,0,0,0,0,0,0,0,0,0,0,0,0.0,0.0,0.0,0.0,0,0,0,0,0,0.00,0.00,0.00,0.00,0,False,562,26,2025-26,Ahmed Abdullahi,17,12,True
0,0,0,0,0,0,0,0,0,0,0,0,0,0.0,0.0,0.0,0.0,0,0,0,0,0,0.00,0.00,0.00,0.00,0,False,563,26,2025-26,Luís Hemir Silva Semedo,17,12,True
0,0,0,0,0,0,0,0,0,0,0,0,0,0.0,0.0,0.0,0.0,0,0,0,0,0,0.00,0.00,0.00,0.00,0,False,564,26,2025-26,Nazarii Rusyn,17,12,True
90,0,0,0,2,0,0,0,0,0,3,0,10,25.8,0.0,0.0,2.6,2,5,0,0,1,0.00,0.00,0.00,2.48,2,False,565,26,2025-26,Guglielmo Vicario,18,15,True
0,0,0,0,0,0,0,0,0,0,0,0,0,0.0,0.0,0.0,0.0,0,0,0,0,0,0.00,0.00,0.00,0.00,0,False,566,26,2025-26,Brandon Austin,18,15,True
0,0,0,0,0,0,0,0,0,0,0,0,0,0.0,0.0,0.0,0.0,0,0,0,0,0,0.00,0.00,0.00,0.00,0,False,567,26,2025-26,Antonín Kinský,18,15,True
0,0,0,0,0,0,0,0,0,0,0,0,0,0.0,0.0,0.0,0.0,0,0,0,0,0,0.00,0.00,0.00,0.00,0,False,568,26,2025-26,Pedro Porro Sauceda,18,15,True
0,0,0,0,0,0,0,0,0,0,0,0,0,0.0,0.0,0.0,0.0,0,0,0,0,0,0.00,0.00,0.00,0.00,0,False,569,26,2025-26,Cristian Romero,18,15,True
0,0,0,0,0,0,0,0,0,0,0,0,0,0.0,0.0,0.0,0.0,0,0,0,0,0,0.00,0.00,0.00,0.00,0,False,570,26,2025-26,Kevin Danso,18,15,True
0,0,0,0,0,0,0,0,0,0,0,0,0,0.0,0.0,0.0,0.0,0,0,0,0,0,0.00,0.00,0.00,0.00,0,False,571,26,2025-26,Ben Davies,18,15,True
90,0,0,0,2,0,0,0,0,0,0,0,3,29.8,1.3,9.0,4.0,13,2,0,13,1,0.12,0.00,0.12,2.48,3,False,572,26,2025-26,Radu Drăgușin,18,15,True
90,0,0,0,2,0,0,0,1,0,0,0,5,13.6,1.6,0.0,1.5,4,5,2,6,1,0.00,0.01,0.01,2.48,0,False,573,26,2025-26,Djed Spence,18,15,True
0,0,0,0,0,0,0,0,0,0,0,0,0,0.0,0.0,0.0,0.0,0,0,0,0,0,0.00,0.00,0.00,0.00,0,False,574,26,2025-26,Destiny Udogie,18,15,True
90,0,0,0,2,0,0,0,0,0,0,0,10,31.2,1.2,4.0,3.6,11,6,1,12,1,0.17,0.01,0.18,2.48,3,False,575,26,2025-26,Micky van de Ven,18,15,True
0,0,0,0,0,0,0,0,0,0,0,0,0,0.0,0.0,0.0,0.0,0,0,0,0,0,0.00,0.00,0.00,0.00,0,False,576,26,2025-26,Ashley Phillips,18,15,True
0,0,0,0,0,0,0,0,0,0,0,0,0,0.0,0.0,0.0,0.0,0,0,0,0,0,0.00,0.00,0.00,0.00,0,False,577,26,2025-26,Takai Kōta,18,15,True
0,0,0,0,0,0,0,0,0,0,0,0,0,0.0,0.0,0.0,0.0,0,0,0,0,0,0.00,0.00,0.00,0.00,0,False,578,26,2025-26,Luka Vušković,18,15,True
0,0,0,0,0,0,0,0,0,0,0,0,0,0.0,0.0,0.0,0.0,0,0,0,0,0,0.00,0.00,0.00,0.00,0,False,579,26,2025-26,Son Heung-min,18,15,True
32,0,0,0,0,0,0,0,0,0,0,0,3,2.8,11.5,5.0,1.9,1,1,0,2,0,0.03,0.10,0.13,0.16,1,False,580,26,2025-26,Brennan Johnson,8,3,True
0,0,0,0,0,0,0,0,0,0,0,0,0,0.0,0.0,0.0,0.0,0,0,0,0,0,0.00,0.00,0.00,0.00,0,False,581,26,2025-26,James Maddison,18,15,True
0,0,0,0,0,0,0,0,0,0,0,0,0,0.0,0.0,0.0,0.0,0,0,0,0,0,0.00,0.00,0.00,0.00,0,False,582,26,2025-26,Mohammed Kudus,18,15,True
0,0,0,0,0,0,0,0,0,0,0,0,0,0.0,0.0,0.0,0.0,0,0,0,0,0,0.00,0.00,0.00,0.00,0,False,583,26,2025-26,Dejan Kulusevski,18,15,True
55,0,0,0,2,0,0,0,0,0,0,0,0,1.8,25.7,22.0,5.0,0,5,1,6,0,0.55,0.07,0.62,1.06,1,False,584,26,2025-26,Mathys Tel,18,15,True
0,0,0,0,0,0,0,0,0,0,0,0,0,0.0,0.0,0.0,0.0,0,0,0,0,0,0.00,0.00,0.00,0.00,0,False,585,26,2025-26,Rodrigo Bentancur,18,15,True
0,0,0,0,0,0,0,0,0,0,0,0,0,0.0,0.0,0.0,0.0,0,0,0,0,0,0.00,0.00,0.00,0.00,0,False,586,26,2025-26,Lucas Bergvall,18,15,True
45,0,0,0,1,0,0,0,0,0,0,0,4,7.0,2.5,0.0,1.0,2,0,1,3,1,0.00,0.00,0.00,1.81,1,False,587,26,2025-26,Yves Bissouma,18,15,True
34,0,0,0,0,0,0,0,0,0,0,0,4,1.6,10.8,2.0,1.4,0,1,0,1,1,0.00,0.04,0.04,1.42,1,False,588,26,2025-26,Wilson Odobert,18,15,True
0,0,0,0,0,0,0,0,0,0,0,0,0,0.0,0.0,0.0,0.0,0,0,0,0,0,0.00,0.00,0.00,0.00,0,False,589,26,2025-26,Manor Solomon,18,15,True
0,0,0,0,0,0,0,0,0,0,0,0,0,0.0,0.0,0.0,0.0,0,0,0,0,0,0.00,0.00,0.00,0.00,0,False,590,26,2025-26,Bryan Gil Salvatierra,18,15,True
90,1,0,0,2,0,0,0,0,0,0,3,36,47.0,16.3,37.0,10.0,3,1,1,5,1,0.57,0.29,0.86,2.48,10,False,591,26,2025-26,Archie Gray,18,15,True
0,0,0,0,0,0,0,0,0,0,0,0,0,0.0,0.0,0.0,0.0,0,0,0,0,0,0.00,0.00,0.00,0.00,0,False,592,26,2025-26,Mikey Moore,18,15,True
90,0,1,0,2,0,0,0,1,0,0,2,33,43.2,14.8,11.0,6.9,9,6,4,19,1,0.01,0.41,0.42,2.48,8,False,593,26,2025-26,Pape Matar Sarr,18,15,True
0,0,0,0,0,0,0,0,0,0,0,0,0,0.0,0.0,0.0,0.0,0,0,0,0,0,0.00,0.00,0.00,0.00,0,False,594,26,2025-26,Yang Min-hyeok,18,15,True
0,0,0,0,0,0,0,0,0,0,0,0,0,0.0,0.0,0.0,0.0,0,0,0,0,0,0.00,0.00,0.00,0.00,0,False,595,26,2025-26,Callum Olusesi,18,15,True
90,0,0,0,2,0,0,0,0,0,0,0,8,11.6,0.8,23.0,3.5,4,2,2,8,1,0.27,0.00,0.27,2.48,2,False,596,26,2025-26,Dominic Solanke-Mitchell,18,15,True
0,0,0,0,0,0,0,0,0,0,0,0,0,0.0,0.0,0.0,0.0,0,0,0,0,0,0.00,0.00,0.00,0.00,0,False,597,26,2025-26,Richarlison de Andrade,18,15,True
0,0,0,0,0,0,0,0,0,0,0,0,0,0.0,0.0,0.0,0.0,0,0,0,0,0,0.00,0.00,0.00,0.00,0,False,598,26,2025-26,Will Lankshear,18,15,True
0,0,0,0,0,0,0,0,0,0,0,0,0,0.0,0.0,0.0,0.0,0,0,0,0,0,0.00,0.00,0.00,0.00,0,False,599,26,2025-26,Dane Scarlett,18,15,True
0,0,0,0,0,0,0,0,0,0,0,0,0,0.0,0.0,0.0,0.0,0,0,0,0,0,0.00,0.00,0.00,0.00,0,False,600,26,2025-26,Alphonse Areola,19,14,True
0,0,0,0,0,0,0,0,0,0,0,0,0,0.0,0.0,0.0,0.0,0,0,0,0,0,0.00,0.00,0.00,0.00,0,False,601,26,2025-26,Wes Foderingham,19,14,True
0,0,0,0,0,0,0,0,0,0,0,0,0,0.0,0.0,0.0,0.0,0,0,0,0,0,0.00,0.00,0.00,0.00,0,False,602,26,2025-26,Krisztián Hegyi,19,14,True
79,0,0,1,0,0,0,0,0,0,0,0,22,8.4,1.9,0.0,1.0,3,3,1,4,1,0.00,0.01,0.01,0.33,6,False,603,26,2025-26,El Hadji Malick Diouf,19,14,True
0,0,0,0,0,0,0,0,0,0,0,0,0,0.0,0.0,0.0,0.0,0,0,0,0,0,0.00,0.00,0.00,0.00,0,False,604,26,2025-26,Emerson Palmieri dos Santos,19,14,True
0,0,0,0,0,0,0,0,0,0,0,0,0,0.0,0.0,0.0,0.0,0,0,0,0,0,0.00,0.00,0.00,0.00,0,False,605,26,2025-26,Maximilian Kilman,19,14,True
90,0,0,0,1,0,0,0,0,0,0,0,7,11.0,0.9,0.0,1.2,3,1,2,5,1,0.00,0.01,0.01,0.57,2,False,606,26,2025-26,Konstantinos Mavropanos,19,14,True
0,0,0,0,0,0,0,0,0,0,0,0,0,0.0,0.0,0.0,0.0,0,0,0,0,0,0.00,0.00,0.00,0.00,0,False,607,26,2025-26,Nayef Aguerd,19,14,True
10,0,0,0,1,0,0,0,0,0,0,0,3,3.6,11.1,0.0,1.5,1,1,0,1,0,0.00,0.01,0.01,0.24,1,False,608,26,2025-26,Ollie Scarles,19,14,True
0,0,0,0,0,0,0,0,0,0,0,0,0,0.0,0.0,0.0,0.0,0,0,0,0,0,0.00,0.00,0.00,0.00,0,False,609,26,2025-26,Jean-Clair Todibo,19,14,True
90,0,0,0,1,0,0,0,0,0,0,0,14,16.0,5.7,0.0,2.2,7,4,0,7,1,0.00,0.01,0.01,0.57,2,False,610,26,2025-26,Aaron Wan-Bissaka,19,14,True
0,0,0,0,0,0,0,0,0,0,0,0,0,0.0,0.0,0.0,0.0,0,0,0,0,0,0.00,0.00,0.00,0.00,0,False,611,26,2025-26,Kaelan Casey,19,14,True
0,0,0,0,0,0,0,0,0,0,0,0,0,0.0,0.0,0.0,0.0,0,0,0,0,0,0.00,0.00,0.00,0.00,0,False,612,26,2025-26,Lucas Tolentino Coelho de Lima,19,14,True
90,1,0,0,1,0,0,0,0,0,0,2,28,43.8,2.4,35.0,8.1,5,4,1,10,1,0.48,0.01,0.49,0.57,9,False,613,26,2025-26,Tomáš Souček,19,14,True
7,0,0,0,0,0,0,0,0,0,0,0,5,2.2,4.0,0.0,0.6,0,0,1,1,0,0.00,0.01,0.01,0.31,1,False,614,26,2025-26,James Ward-Prowse,3,8,False
89,0,0,1,0,0,0,0,0,0,0,0,13,17.4,20.3,9.0,4.7,3,3,1,7,1,0.02,0.16,0.18,0.40,3,False,615,26,2025-26,Crysencio Summerville,19,14,True
0,0,0,0,0,0,0,0,0,0,0,0,0,0.0,0.0,0.0,0.0,0,0,0,0,0,0.00,0.00,0.00,0.00,0,False,616,26,2025-26,Edson Álvarez Velázquez,19,14,True
0,0,0,0,0,0,0,0,0,0,0,0,0,0.0,0.0,0.0,0.0,0,0,0,0,0,0.00,0.00,0.00,0.00,0,False,617,26,2025-26,Maxwel Cornet,19,14,True
0,0,0,0,0,0,0,0,0,0,0,0,0,0.0,0.0,0.0,0.0,0,0,0,0,0,0.00,0.00,0.00,0.00,0,False,618,26,2025-26,Guido Rodríguez,19,14,True
0,0,0,0,0,0,0,0,0,0,0,0,0,0.0,0.0,0.0,0.0,0,0,0,0,0,0.00,0.00,0.00,0.00,0,False,619,26,2025-26,Luis Guilherme Lira dos Santos,19,14,True
0,0,0,0,0,0,0,0,0,0,0,0,0,0.0,0.0,0.0,0.0,0,0,0,0,0,0.00,0.00,0.00,0.00,0,False,620,26,2025-26,George Earthy,19,14,True
0,0,0,0,0,0,0,0,0,0,0,0,0,0.0,0.0,0.0,0.0,0,0,0,0,0,0.00,0.00,0.00,0.00,0,False,621,26,2025-26,Andy Irving,19,14,True
0,0,0,0,0,0,0,0,0,0,0,0,0,0.0,0.0,0.0,0.0,0,0,0,0,0,0.00,0.00,0.00,0.00,0,False,622,26,2025-26,Lewis Orford,19,14,True
79,0,0,1,0,0,0,0,0,0,0,0,10,9.8,2.9,0.0,1.3,6,1,2,9,1,0.00,0.01,0.01,0.33,3,False,623,26,2025-26,Freddie Potts,19,14,True
89,0,1,1,0,0,0,0,0,0,0,0,16,18.2,12.5,10.0,4.1,2,7,0,9,1,0.04,0.51,0.55,0.40,5,False,624,26,2025-26,Jarrod Bowen,19,14,True
0,0,0,0,0,0,0,0,0,0,0,0,0,0.0,0.0,0.0,0.0,0,0,0,0,0,0.00,0.00,0.00,0.00,0,False,625,26,2025-26,Niclas Füllkrug,19,14,True
0,0,0,0,0,0,0,0,0,0,0,0,0,0.0,0.0,0.0,0.0,0,0,0,0,0,0.00,0.00,0.00,0.00,0,False,626,26,2025-26,Callum Marshall,19,14,True
0,0,0,0,0,0,0,0,0,0,0,0,0,0.0,0.0,0.0,0.0,0,0,0,0,0,0.00,0.00,0.00,0.00,0,False,627,26,2025-26,Sam Johnstone,20,16,False
0,0,0,0,0,0,0,0,0,0,0,0,0,0.0,0.0,0.0,0.0,0,0,0,0,0,0.00,0.00,0.00,0.00,0,False,627,26,2025-26,Sam Johnstone,20,1,True
180,0,0,1,2,0,0,0,0,0,12,3,57,94.2,0.0,0.0,9.5,5,18,0,0,2,0.00,0.00,0.00,4.41,13,True,628,26,2025-26,José Malheiro de Sá,20,16,False
180,0,0,1,2,0,0,0,0,0,12,3,57,94.2,0.0,0.0,9.5,5,18,0,0,2,0.00,0.00,0.00,4.41,13,True,628,26,2025-26,José Malheiro de Sá,20,1,True
0,0,0,0,0,0,0,0,0,0,0,0,0,0.0,0.0,0.0,0.0,0,0,0,0,0,0.00,0.00,0.00,0.00,0,False,629,26,2025-26,Daniel Bentley,20,16,False
0,0,0,0,0,0,0,0,0,0,0,0,0,0.0,0.0,0.0,0.0,0,0,0,0,0,0.00,0.00,0.00,0.00,0,False,629,26,2025-26,Daniel Bentley,20,1,True
0,0,0,0,0,0,0,0,0,0,0,0,0,0.0,0.0,0.0,0.0,0,0,0,0,0,0.00,0.00,0.00,0.00,0,False,630,26,2025-26,Tom King,9,4,True
0,0,0,0,0,0,0,0,0,0,0,0,0,0.0,0.0,0.0,0.0,0,0,0,0,0,0.00,0.00,0.00,0.00,0,False,631,26,2025-26,Emmanuel Agbadou,20,16,False
0,0,0,0,0,0,0,0,0,0,0,0,0,0.0,0.0,0.0,0.0,0,0,0,0,0,0.00,0.00,0.00,0.00,0,False,631,26,2025-26,Emmanuel Agbadou,20,1,True
0,0,0,0,0,0,0,0,0,0,0,0,0,0.0,0.0,0.0,0.0,0,0,0,0,0,0.00,0.00,0.00,0.00,0,False,632,26,2025-26,Matt Doherty,20,16,False
0,0,0,0,0,0,0,0,0,0,0,0,0,0.0,0.0,0.0,0.0,0,0,0,0,0,0.00,0.00,0.00,0.00,0,False,632,26,2025-26,Matt Doherty,20,1,True
149,1,0,0,2,0,0,0,0,0,0,0,37,56.6,11.5,15.0,8.3,3,15,5,8,2,0.04,0.07,0.11,3.36,8,False,633,26,2025-26,Hugo Bueno López,20,16,False
149,1,0,0,2,0,0,0,0,0,0,0,37,56.6,11.5,15.0,8.3,3,15,5,8,2,0.04,0.07,0.11,3.36,8,False,633,26,2025-26,Hugo Bueno López,20,1,True
180,0,0,1,2,0,0,0,0,0,0,0,35,35.8,2.2,2.0,4.0,12,4,7,19,2,0.00,0.03,0.03,4.41,9,False,634,26,2025-26,Yerson Mosquera Valdelamar,20,16,False
180,0,0,1,2,0,0,0,0,0,0,0,35,35.8,2.2,2.0,4.0,12,4,7,19,2,0.00,0.03,0.03,4.41,9,False,634,26,2025-26,Yerson Mosquera Valdelamar,20,1,True
79,0,0,0,0,0,0,0,0,0,0,0,14,22.8,1.0,6.0,3.0,4,3,6,10,1,0.00,0.00,0.00,1.71,2,False,635,26,2025-26,Rodrigo Martins Gomes,20,16,False
79,0,0,0,0,0,0,0,0,0,0,0,14,22.8,1.0,6.0,3.0,4,3,6,10,1,0.00,0.00,0.00,1.71,2,False,635,26,2025-26,Rodrigo Martins Gomes,20,1,True
180,0,1,1,2,0,0,0,1,0,0,0,36,46.6,35.6,4.0,8.6,7,3,3,10,2,0.00,0.17,0.17,4.41,9,False,636,26,2025-26,Santiago Ignacio Bueno,20,16,False
180,0,1,1,2,0,0,0,1,0,0,0,36,46.6,35.6,4.0,8.6,7,3,3,10,2,0.00,0.17,0.17,4.41,9,False,636,26,2025-26,Santiago Ignacio Bueno,20,1,True
0,0,0,0,0,0,0,0,0,0,0,0,0,0.0,0.0,0.0,0.0,0,0,0,0,0,0.00,0.00,0.00,0.00,0,False,637,26,2025-26,Toti Gomes,20,16,False
0,0,0,0,0,0,0,0,0,0,0,0,0,0.0,0.0,0.0,0.0,0,0,0,0,0,0.00,0.00,0.00,0.00,0,False,637,26,2025-26,Toti Gomes,20,1,True
0,0,0,0,0,0,0,0,0,0,0,0,0,0.0,0.0,0.0,0.0,0,0,0,0,0,0.00,0.00,0.00,0.00,0,False,638,26,2025-26,Ki-Jana Hoever,20,16,False
0,0,0,0,0,0,0,0,0,0,0,0,0,0.0,0.0,0.0,0.0,0,0,0,0,0,0.00,0.00,0.00,0.00,0,False,638,26,2025-26,Ki-Jana Hoever,20,1,True
0,0,0,0,0,0,0,0,0,0,0,0,0,0.0,0.0,0.0,0.0,0,0,0,0,0,0.00,0.00,0.00,0.00,0,False,639,26,2025-26,Bastien Meupiyou Menadjou,20,16,False
0,0,0,0,0,0,0,0,0,0,0,0,0,0.0,0.0,0.0,0.0,0,0,0,0,0,0.00,0.00,0.00,0.00,0,False,639,26,2025-26,Bastien Meupiyou Menadjou,20,1,True
0,0,0,0,0,0,0,0,0,0,0,0,0,0.0,0.0,0.0,0.0,0,0,0,0,0,0.00,0.00,0.00,0.00,0,False,640,26,2025-26,Pedro Cardoso de Lima,20,16,False
0,0,0,0,0,0,0,0,0,0,0,0,0,0.0,0.0,0.0,0.0,0,0,0,0,0,0.00,0.00,0.00,0.00,0,False,640,26,2025-26,Pedro Cardoso de Lima,20,1,True
0,0,0,0,0,0,0,0,0,0,0,0,0,0.0,0.0,0.0,0.0,0,0,0,0,0,0.00,0.00,0.00,0.00,0,False,641,26,2025-26,Alfie Pond,20,16,False
0,0,0,0,0,0,0,0,0,0,0,0,0,0.0,0.0,0.0,0.0,0,0,0,0,0,0.00,0.00,0.00,0.00,0,False,641,26,2025-26,Alfie Pond,20,1,True
0,0,0,0,0,0,0,0,0,0,0,0,0,0.0,0.0,0.0,0.0,0,0,0,0,0,0.00,0.00,0.00,0.00,0,False,642,26,2025-26,Hwang Hee-chan,20,16,False
0,0,0,0,0,0,0,0,0,0,0,0,0,0.0,0.0,0.0,0.0,0,0,0,0,0,0.00,0.00,0.00,0.00,0,False,642,26,2025-26,Hwang Hee-chan,20,1,True
90,0,0,0,2,0,0,0,0,0,0,0,8,5.0,1.4,3.0,0.9,0,7,2,9,1,0.04,0.01,0.05,1.86,2,False,643,26,2025-26,André Trindade da Costa Neto,20,16,False
90,0,0,0,2,0,0,0,0,0,0,0,8,5.0,1.4,3.0,0.9,0,7,2,9,1,0.04,0.01,0.05,1.86,2,False,643,26,2025-26,André Trindade da Costa Neto,20,1,True
95,0,0,0,2,0,0,0,2,0,0,0,5,6.0,12.7,4.0,2.0,1,5,2,8,1,0.07,0.01,0.08,1.84,1,False,644,26,2025-26,Jean-Ricner Bellegarde,20,16,False
95,0,0,0,2,0,0,0,2,0,0,0,5,6.0,12.7,4.0,2.0,1,5,2,8,1,0.07,0.01,0.08,1.84,1,False,644,26,2025-26,Jean-Ricner Bellegarde,20,1,True
0,0,0,0,0,0,0,0,0,0,0,0,0,0.0,0.0,0.0,0.0,0,0,0,0,0,0.00,0.00,0.00,0.00,0,False,645,26,2025-26,Fer López González,20,16,False
0,0,0,0,0,0,0,0,0,0,0,0,0,0.0,0.0,0.0,0.0,0,0,0,0,0,0.00,0.00,0.00,0.00,0,False,645,26,2025-26,Fer López González,20,1,True
90,0,0,1,0,0,0,0,0,0,0,0,19,18.4,2.2,0.0,2.1,4,10,6,20,1,0.00,0.01,0.01,2.55,5,False,646,26,2025-26,João Victor Gomes da Silva,20,16,False
90,0,0,1,0,0,0,0,0,0,0,0,19,18.4,2.2,0.0,2.1,4,10,6,20,1,0.00,0.01,0.01,2.55,5,False,646,26,2025-26,João Victor Gomes da Silva,20,1,True
0,0,0,0,0,0,0,0,0,0,0,0,0,0.0,0.0,0.0,0.0,0,0,0,0,0,0.00,0.00,0.00,0.00,0,False,647,26,2025-26,Gonçalo Manuel Ganchinho Guedes,20,16,False
0,0,0,0,0,0,0,0,0,0,0,0,0,0.0,0.0,0.0,0.0,0,0,0,0,0,0.00,0.00,0.00,0.00,0,False,647,26,2025-26,Gonçalo Manuel Ganchinho Guedes,20,1,True
0,0,0,0,0,0,0,0,0,0,0,0,0,0.0,0.0,0.0,0.0,0,0,0,0,0,0.00,0.00,0.00,0.00,0,False,648,26,2025-26,Marshall Munetsi,20,16,False
0,0,0,0,0,0,0,0,0,0,0,0,0,0.0,0.0,0.0,0.0,0,0,0,0,0,0.00,0.00,0.00,0.00,0,False,648,26,2025-26,Marshall Munetsi,20,1,True
0,0,0,0,0,0,0,0,0,0,0,0,0,0.0,0.0,0.0,0.0,0,0,0,0,0,0.00,0.00,0.00,0.00,0,False,649,26,2025-26,Boubacar Traoré,20,16,False
0,0,0,0,0,0,0,0,0,0,0,0,0,0.0,0.0,0.0,0.0,0,0,0,0,0,0.00,0.00,0.00,0.00,0,False,649,26,2025-26,Boubacar Traoré,20,1,True
0,0,0,0,0,0,0,0,0,0,0,0,0,0.0,0.0,0.0,0.0,0,0,0,0,0,0.00,0.00,0.00,0.00,0,False,650,26,2025-26,Tawanda Chirewa,20,16,False
0,0,0,0,0,0,0,0,0,0,0,0,0,0.0,0.0,0.0,0.0,0,0,0,0,0,0.00,0.00,0.00,0.00,0,False,650,26,2025-26,Tawanda Chirewa,20,1,True
6,1,0,0,0,0,0,0,0,0,0,0,22,34.4,0.1,17.0,5.2,0,0,0,0,0,0.17,0.00,0.17,0.20,6,False,651,26,2025-26,Tom Edozie,20,16,False
6,1,0,0,0,0,0,0,0,0,0,0,22,34.4,0.1,17.0,5.2,0,0,0,0,0,0.17,0.00,0.17,0.20,6,False,651,26,2025-26,Tom Edozie,20,1,True
0,0,0,0,0,0,0,0,0,0,0,0,0,0.0,0.0,0.0,0.0,0,0,0,0,0,0.00,0.00,0.00,0.00,0,False,652,26,2025-26,Enso González Medina,20,16,False
0,0,0,0,0,0,0,0,0,0,0,0,0,0.0,0.0,0.0,0.0,0,0,0,0,0,0.00,0.00,0.00,0.00,0,False,652,26,2025-26,Enso González Medina,20,1,True
0,0,0,0,0,0,0,0,0,0,0,0,0,0.0,0.0,0.0,0.0,0,0,0,0,0,0.00,0.00,0.00,0.00,0,False,653,26,2025-26,Joe Hodge,20,16,False
0,0,0,0,0,0,0,0,0,0,0,0,0,0.0,0.0,0.0,0.0,0,0,0,0,0,0.00,0.00,0.00,0.00,0,False,653,26,2025-26,Joe Hodge,20,1,True
90,2,0,0,3,0,0,0,0,0,0,3,57,66.2,7.8,41.0,11.5,1,1,0,2,1,0.34,0.03,0.37,0.53,13,True,654,26,2025-26,Jørgen Strand Larsen,8,3,True
0,0,0,0,0,0,0,0,0,0,0,0,0,0.0,0.0,0.0,0.0,0,0,0,0,0,0.00,0.00,0.00,0.00,0,False,655,26,2025-26,Fábio Soares Silva,20,16,False
0,0,0,0,0,0,0,0,0,0,0,0,0,0.0,0.0,0.0,0.0,0,0,0,0,0,0.00,0.00,0.00,0.00,0,False,655,26,2025-26,Fábio Soares Silva,20,1,True
0,0,0,0,0,0,0,0,0,0,0,0,0,0.0,0.0,0.0,0.0,0,0,0,0,0,0.00,0.00,0.00,0.00,0,False,656,26,2025-26,Saša Kalajdžić,20,16,False
0,0,0,0,0,0,0,0,0,0,0,0,0,0.0,0.0,0.0,0.0,0,0,0,0,0,0.00,0.00,0.00,0.00,0,False,656,26,2025-26,Saša Kalajdžić,20,1,True
0,0,0,0,0,0,0,0,0,0,0,0,0,0.0,0.0,0.0,0.0,0,0,0,0,0,0.00,0.00,0.00,0.00,0,False,657,26,2025-26,Leon Chiwome,20,16,False
0,0,0,0,0,0,0,0,0,0,0,0,0,0.0,0.0,0.0,0.0,0,0,0,0,0,0.00,0.00,0.00,0.00,0,False,657,26,2025-26,Leon Chiwome,20,1,True
0,0,0,0,0,0,0,0,0,0,0,0,0,0.0,0.0,0.0,0.0,0,0,0,0,0,0.00,0.00,0.00,0.00,0,False,658,26,2025-26,Nathan Fraser,20,16,False
0,0,0,0,0,0,0,0,0,0,0,0,0,0.0,0.0,0.0,0.0,0,0,0,0,0,0.00,0.00,0.00,0.00,0,False,658,26,2025-26,Nathan Fraser,20,1,True
1,0,0,0,1,0,0,0,0,0,0,0,-1,0.0,0.3,0.0,0.0,0,0,0,0,0,0.00,0.00,0.00,0.18,1,False,659,26,2025-26,Kyle Walker-Peters,19,14,True
0,0,0,0,0,0,0,0,0,0,0,0,0,0.0,0.0,0.0,0.0,0,0,0,0,0,0.00,0.00,0.00,0.00,0,False,660,26,2025-26,Anton Stach,11,7,False
87,0,0,1,0,0,0,0,0,0,0,0,-2,1.0,16.9,17.0,3.5,1,3,0,4,1,0.42,0.13,0.55,0.57,2,False,661,26,2025-26,Hugo Ekitiké,12,17,False
90,0,0,0,1,0,0,0,0,0,0,0,13,29.4,2.8,0.0,3.2,10,5,3,13,1,0.00,0.01,0.01,1.51,4,False,662,26,2025-26,Cristhian Mosquera,1,5,False
90,0,0,0,1,0,0,0,0,0,0,0,13,29.4,2.8,0.0,3.2,10,5,3,13,1,0.00,0.01,0.01,1.51,4,False,662,26,2025-26,Cristhian Mosquera,1,20,False
0,0,0,0,0,0,0,0,0,0,0,0,0,0.0,0.0,0.0,0.0,0,0,0,0,0,0.00,0.00,0.00,0.00,0,False,663,26,2025-26,Jhon Arias,20,16,False
0,0,0,0,0,0,0,0,0,0,0,0,0,0.0,0.0,0.0,0.0,0,0,0,0,0,0.00,0.00,0.00,0.00,0,False,663,26,2025-26,Jhon Arias,20,1,True
0,0,0,0,0,0,0,0,0,0,0,0,0,0.0,0.0,0.0,0.0,0,0,0,0,0,0.00,0.00,0.00,0.00,0,False,664,26,2025-26,Benjamin Lecomte,10,13,False
0,0,0,0,0,0,0,0,0,0,0,0,0,0.0,0.0,0.0,0.0,0,0,0,0,0,0.00,0.00,0.00,0.00,0,False,665,26,2025-26,Lucas Estella Perri,11,7,False
154,0,0,0,2,0,0,0,1,0,0,0,9,4.6,26.0,8.0,3.9,2,1,0,3,2,0.00,0.42,0.42,1.63,3,False,666,26,2025-26,Viktor Gyökeres,1,5,False
154,0,0,0,2,0,0,0,1,0,0,0,9,4.6,26.0,8.0,3.9,2,1,0,3,2,0.00,0.42,0.42,1.63,3,False,666,26,2025-26,Viktor Gyökeres,1,20,False
0,0,0,0,0,0,0,0,0,0,0,0,0,0.0,0.0,0.0,0.0,0,0,0,0,0,0.00,0.00,0.00,0.00,0,False,667,26,2025-26,Adam Aznou,9,4,True
0,0,0,0,0,0,0,0,0,0,0,0,0,0.0,0.0,0.0,0.0,0,0,0,0,0,0.00,0.00,0.00,0.00,0,False,668,26,2025-26,Granit Xhaka,17,12,True
25,0,0,0,0,0,0,0,0,0,0,0,5,5.0,21.8,23.0,5.0,0,0,1,1,0,0.13,0.02,0.15,0.22,1,False,669,26,2025-26,Dan Ndoye,16,20,True
90,0,0,0,1,0,0,0,0,0,2,0,14,19.4,0.0,0.0,1.9,5,10,0,0,1,0.00,0.00,0.00,2.53,2,False,670,26,2025-26,Robin Roefs,17,12,True
21,0,0,0,1,0,0,0,0,0,0,0,1,3.2,1.0,12.0,1.6,0,2,0,2,0,0.40,0.01,0.41,0.34,1,False,671,26,2025-26,Callum Wilson,19,14,True
45,0,0,0,2,0,0,0,0,0,0,0,-1,10.8,20.8,2.0,3.4,2,1,0,2,0,0.00,0.21,0.21,1.43,0,False,672,26,2025-26,Jorrel Hato,7,11,True
45,0,0,0,1,0,0,0,0,0,0,0,9,23.8,13.0,6.0,4.3,6,1,0,7,0,0.00,0.05,0.05,0.67,1,False,673,26,2025-26,João Maria Lobo Alves Palhares Costa Palhinha Gonçalves,18,15,True
0,0,0,0,0,0,0,0,0,0,0,0,0,0.0,0.0,0.0,0.0,0,0,0,0,0,0.00,0.00,0.00,0.00,0,False,674,26,2025-26,Aaron Ramsdale,15,18,False
0,0,0,0,0,0,0,0,0,0,0,0,0,0.0,0.0,0.0,0.0,0,0,0,0,0,0.00,0.00,0.00,0.00,0,False,675,26,2025-26,Angus Gunn,16,20,True
86,0,1,0,2,0,0,0,0,0,0,0,20,34.4,11.6,2.0,4.8,6,3,3,12,1,0.00,0.00,0.00,1.49,7,False,676,26,2025-26,Lesley Ugochukwu,3,8,False
57,0,0,0,3,0,0,0,0,0,0,0,0,0.0,2.4,8.0,1.0,1,4,2,7,1,0.08,0.02,0.10,0.37,1,False,677,26,2025-26,Evann Guessand,8,3,True
0,0,0,0,0,0,0,0,0,0,0,0,0,0.0,0.0,0.0,0.0,0,0,0,0,0,0.00,0.00,0.00,0.00,0,False,678,26,2025-26,Arthur Masuaku,17,12,True
90,0,0,0,1,0,0,0,0,0,2,0,7,12.4,0.0,0.0,1.2,1,11,0,0,1,0.00,0.00,0.00,0.57,2,False,679,26,2025-26,Mads Hermansen,19,14,True
0,0,0,0,0,0,0,0,0,0,0,0,0,0.0,0.0,0.0,0.0,0,0,0,0,0,0.00,0.00,0.00,0.00,0,False,680,26,2025-26,Armando Broja,3,8,False
21,1,0,0,0,0,0,0,0,0,0,3,29,35.0,0.0,28.0,6.3,0,0,0,0,0,0.12,0.00,0.12,0.56,8,False,681,26,2025-26,Benjamin Sesko,14,19,False
30,0,0,0,0,0,0,0,0,0,0,0,5,4.6,0.1,0.0,0.5,1,1,1,2,0,0.00,0.00,0.00,1.05,1,False,682,26,2025-26,David Møller Wolfe,20,16,False
30,0,0,0,0,0,0,0,0,0,0,0,5,4.6,0.1,0.0,0.5,1,1,1,2,0,0.00,0.00,0.00,1.05,1,False,682,26,2025-26,David Møller Wolfe,20,1,True
79,0,0,0,1,0,0,0,0,0,0,0,7,18.0,10.7,4.0,3.3,9,2,0,9,1,0.00,0.01,0.01,2.38,2,False,683,26,2025-26,Omar Alderete,17,12,True
90,1,0,0,1,0,0,0,0,0,0,1,31,64.6,11.8,64.0,14.0,10,4,0,10,1,0.49,0.19,0.68,1.85,11,False,684,26,2025-26,Malick Thiaw,15,18,False
0,0,0,0,0,0,0,0,0,0,0,0,0,0.0,0.0,0.0,0.0,0,0,0,0,0,0.00,0.00,0.00,0.00,0,False,685,26,2025-26,Bafodé Diakité,4,9,False
0,0,0,0,0,0,0,0,0,0,0,0,0,0.0,0.0,0.0,0.0,0,0,0,0,0,0.00,0.00,0.00,0.00,0,False,686,26,2025-26,Rio Ngumoha,12,17,False
0,0,0,0,0,0,0,0,0,0,0,0,0,0.0,0.0,0.0,0.0,0,0,0,0,0,0.00,0.00,0.00,0.00,0,False,687,26,2025-26,Remy Rees-Dottin,4,9,False
0,0,0,0,0,0,0,0,0,0,0,0,0,0.0,0.0,0.0,0.0,0,0,0,0,0,0.00,0.00,0.00,0.00,0,False,688,26,2025-26,James Wright,2,6,True
0,0,0,0,0,0,0,0,0,0,0,0,0,0.0,0.0,0.0,0.0,0,0,0,0,0,0.00,0.00,0.00,0.00,0,False,689,26,2025-26,Seung-Soo Park,15,18,False
0,0,0,0,0,0,0,0,0,0,0,0,0,0.0,0.0,0.0,0.0,0,0,0,0,0,0.00,0.00,0.00,0.00,0,False,690,26,2025-26,Rio Cardines,8,3,True
0,0,0,0,0,0,0,0,0,0,0,0,0,0.0,0.0,0.0,0.0,0,0,0,0,0,0.00,0.00,0.00,0.00,0,False,691,26,2025-26,Dominic Calvert-Lewin,11,7,False
0,0,0,0,0,0,0,0,0,0,0,0,0,0.0,0.0,0.0,0.0,0,0,0,0,0,0.00,0.00,0.00,0.00,0,False,692,26,2025-26,Giovanni Leoni,12,17,False
90,0,0,1,0,0,0,0,0,0,0,0,12,21.0,61.7,13.0,9.6,2,1,2,5,1,0.09,0.25,0.34,0.42,3,False,693,26,2025-26,Omari Hutchinson,16,20,True
90,0,0,0,1,0,0,0,0,0,0,0,16,21.4,26.5,19.0,6.7,6,7,2,8,1,0.11,0.13,0.24,2.53,2,False,694,26,2025-26,Nordi Mukiele,17,12,True
99,0,0,0,2,0,0,0,1,0,0,0,-1,14.4,15.4,2.0,3.2,6,2,1,7,1,0.00,0.02,0.02,2.69,1,False,695,26,2025-26,Jackson Tchatchoua,20,16,False
99,0,0,0,2,0,0,0,1,0,0,0,-1,14.4,15.4,2.0,3.2,6,2,1,7,1,0.00,0.02,0.02,2.69,1,False,695,26,2025-26,Jackson Tchatchoua,20,1,True
0,0,0,0,0,0,0,0,0,0,0,0,0,0.0,0.0,0.0,0.0,0,0,0,0,0,0.00,0.00,0.00,0.00,0,False,696,26,2025-26,Arnaud Kalimuendo,16,20,True
79,1,0,0,1,0,0,0,0,0,0,3,36,41.6,6.1,40.0,8.8,1,3,4,8,1,0.75,0.02,0.77,2.13,10,False,697,26,2025-26,Amine Adli,4,9,False
35,1,0,0,1,0,0,0,0,0,0,0,21,34.2,0.3,19.0,5.4,0,0,0,0,0,0.61,0.00,0.61,2.53,6,False,698,26,2025-26,Noah Okafor,11,7,False
83,0,0,1,0,0,0,0,0,0,0,0,19,10.4,30.0,0.0,4.0,1,8,2,11,1,0.00,0.07,0.07,0.50,3,False,699,26,2025-26,Douglas Luiz Soares de Paulo,2,6,True
0,0,0,0,0,0,0,0,0,0,0,0,0,0.0,0.0,0.0,0.0,0,0,0,0,0,0.00,0.00,0.00,0.00,0,False,700,26,2025-26,Max Dowman,1,5,False
0,0,0,0,0,0,0,0,0,0,0,0,0,0.0,0.0,0.0,0.0,0,0,0,0,0,0.00,0.00,0.00,0.00,0,False,700,26,2025-26,Max Dowman,1,20,False
0,0,0,0,0,0,0,0,0,0,0,0,0,0.0,0.0,0.0,0.0,0,0,0,0,0,0.00,0.00,0.00,0.00,0,False,701,26,2025-26,Triston Rowe,2,6,True
0,0,0,0,0,0,0,0,0,0,0,0,0,0.0,0.0,0.0,0.0,0,0,0,0,0,0.00,0.00,0.00,0.00,0,False,702,26,2025-26,Bradley Burrowes,2,6,True
0,0,0,0,0,0,0,0,0,0,0,0,0,0.0,0.0,0.0,0.0,0,0,0,0,0,0.00,0.00,0.00,0.00,0,False,703,26,2025-26,Sam Proctor,2,6,True
0,0,0,0,0,0,0,0,0,0,0,0,0,0.0,0.0,0.0,0.0,0,0,0,0,0,0.00,0.00,0.00,0.00,0,False,704,26,2025-26,Tyler Onyango,9,4,True
0,0,0,0,0,0,0,0,0,0,0,0,0,0.0,0.0,0.0,0.0,0,0,0,0,0,0.00,0.00,0.00,0.00,0,False,705,26,2025-26,Elijah Campbell,9,4,True
90,0,0,0,2,0,0,0,1,0,0,0,3,19.8,1.8,2.0,2.4,6,3,3,9,1,0.01,0.01,0.02,3.13,0,False,706,26,2025-26,James Justin,11,7,False
0,0,0,0,0,0,0,0,0,0,0,0,0,0.0,0.0,0.0,0.0,0,0,0,0,0,0.00,0.00,0.00,0.00,0,False,707,26,2025-26,Tyler Dibling,9,4,True
90,0,0,0,1,0,0,0,1,0,0,0,16,13.0,3.2,0.0,1.6,2,8,5,15,1,0.00,0.02,0.02,0.57,3,False,708,26,2025-26,Mateus Gonçalo Espanha Fernandes,19,14,True
180,0,0,1,2,0,0,0,0,0,0,0,30,39.0,1.5,8.0,4.9,20,5,2,22,2,0.00,0.07,0.07,4.41,9,False,709,26,2025-26,Ladislav Krejcí,20,16,False
180,0,0,1,2,0,0,0,0,0,0,0,30,39.0,1.5,8.0,4.9,20,5,2,22,2,0.00,0.07,0.07,4.41,9,False,709,26,2025-26,Ladislav Krejcí,20,1,True
0,0,0,0,0,0,0,0,0,0,0,0,0,0.0,0.0,0.0,0.0,0,0,0,0,0,0.00,0.00,0.00,0.00,0,False,710,26,2025-26,Travis Patterson,2,6,True
0,0,0,0,0,0,0,0,0,0,0,0,0,0.0,0.0,0.0,0.0,0,0,0,0,0,0.00,0.00,0.00,0.00,0,False,711,26,2025-26,Andre Harriman-Annous,1,5,False
0,0,0,0,0,0,0,0,0,0,0,0,0,0.0,0.0,0.0,0.0,0,0,0,0,0,0.00,0.00,0.00,0.00,0,False,711,26,2025-26,Andre Harriman-Annous,1,20,False
18,0,0,0,0,0,0,0,0,0,0,0,6,6.0,32.9,0.0,3.9,0,1,0,1,0,0.00,0.04,0.04,0.12,1,False,712,26,2025-26,Yéremy Pino Santos,8,3,True
90,0,0,0,1,0,0,0,1,0,0,0,12,23.4,18.3,4.0,4.6,3,9,6,9,1,0.00,0.06,0.06,2.94,1,False,713,26,2025-26,Álex Jiménez Sánchez,4,9,False
2,0,0,0,0,0,0,0,0,0,0,0,5,2.0,0.0,0.0,0.2,0,0,1,1,0,0.00,0.00,0.00,0.32,1,False,714,26,2025-26,Nick Woltemade,15,18,False
0,0,0,0,0,0,0,0,0,0,0,0,0,0.0,0.0,0.0,0.0,0,0,0,0,0,0.00,0.00,0.00,0.00,0,False,715,26,2025-26,John Victor Maciel Furtado,16,20,True
0,0,0,0,0,0,0,0,0,0,0,0,0,0.0,0.0,0.0,0.0,0,0,0,0,0,0.00,0.00,0.00,0.00,0,False,716,26,2025-26,Nicolò Savona,16,20,True
90,0,0,0,2,0,0,0,1,0,0,0,19,19.0,74.2,12.0,10.5,3,4,2,9,1,0.16,0.27,0.43,2.48,1,False,717,26,2025-26,Xavi Simons,18,15,True
11,0,0,0,1,0,0,0,0,0,0,0,5,7.4,10.4,0.0,1.8,0,0,2,2,0,0.00,0.02,0.02,0.24,1,False,718,26,2025-26,Soungoutou Magassa,19,14,True
6,0,0,0,0,0,0,0,0,0,0,0,3,0.0,0.3,0.0,0.0,0,0,0,0,0,0.00,0.00,0.00,0.00,1,False,719,26,2025-26,Victor Lindelöf,2,6,True
158,0,0,1,1,0,0,0,0,0,0,0,12,10.8,16.6,8.0,3.6,4,1,1,6,1,0.14,0.01,0.15,3.24,4,False,720,26,2025-26,Tolu Arokodare,20,16,False
158,0,0,1,1,0,0,0,0,0,0,0,12,10.8,16.6,8.0,3.6,4,1,1,6,1,0.14,0.01,0.15,3.24,4,False,720,26,2025-26,Tolu Arokodare,20,1,True
0,0,0,0,0,0,0,0,0,0,0,0,0,0.0,0.0,0.0,0.0,0,0,0,0,0,0.00,0.00,0.00,0.00,0,False,721,26,2025-26,Veljko Milosavljevic,4,9,False
3,0,0,0,0,0,0,0,0,0,0,0,5,9.2,0.1,0.0,0.9,5,0,0,5,0,0.00,0.00,0.00,0.31,1,False,722,26,2025-26,Florentino Ibrain Morris Luís,3,8,False
0,0,0,0,0,0,0,0,0,0,0,0,0,0.0,0.0,0.0,0.0,0,0,0,0,0,0.00,0.00,0.00,0.00,0,False,723,26,2025-26,Jaydee Canvot,8,3,True
10,0,0,0,0,0,0,0,0,0,0,0,9,9.6,14.4,0.0,2.4,0,0,2,2,0,0.00,0.08,0.08,0.15,1,False,724,26,2025-26,Lutsharel Geertruida,17,12,True
170,1,1,0,3,0,0,0,0,0,0,3,56,96.4,56.7,27.0,18.0,12,6,4,16,2,0.31,0.32,0.63,1.47,15,True,725,26,2025-26,Piero Hincapié,1,5,False
170,1,1,0,3,0,0,0,0,0,0,3,56,96.4,56.7,27.0,18.0,12,6,4,16,2,0.31,0.32,0.63,1.47,15,True,725,26,2025-26,Piero Hincapié,1,20,False
20,0,0,0,0,0,0,0,0,0,0,0,5,7.8,15.4,2.0,2.5,1,3,1,5,0,0.00,0.16,0.16,0.02,1,False,726,26,2025-26,Randal Kolo Muani,18,15,True
59,0,0,0,3,0,0,0,0,0,0,0,4,3.2,27.3,3.0,3.4,0,1,1,2,1,0.04,0.11,0.15,1.37,1,False,727,26,2025-26,Samuel Chukwueze,10,13,False
0,0,0,0,0,0,0,0,0,0,0,0,0,0.0,0.0,0.0,0.0,0,0,0,0,0,0.00,0.00,0.00,0.00,0,False,728,26,2025-26,Merlin Röhl,9,4,True
0,0,0,0,0,0,0,0,0,0,0,0,0,0.0,0.0,0.0,0.0,0,0,0,0,0,0.00,0.00,0.00,0.00,0,False,729,26,2025-26,Luis Eduardo Soares da Silva,16,20,True
90,0,0,0,1,0,0,0,0,0,0,0,3,8.2,1.0,15.0,2.4,2,2,1,5,1,0.10,0.08,0.18,2.53,2,False,730,26,2025-26,Brian Brobbey,17,12,True
30,0,0,0,0,0,0,0,0,0,0,0,4,6.0,25.4,5.0,3.6,0,0,1,1,0,0.03,0.07,0.10,0.00,1,False,731,26,2025-26,Kevin Santos Lopes de Macedo,10,13,False
7,0,0,0,0,0,0,0,0,0,0,0,1,0.0,0.6,2.0,0.2,0,0,0,0,0,0.00,0.00,0.00,0.12,1,False,732,26,2025-26,Christantus Uche,8,3,True
90,0,0,0,1,0,0,0,0,0,2,0,7,11.8,0.0,0.0,1.2,1,3,0,0,1,0.00,0.00,0.00,1.11,2,False,733,26,2025-26,Senne Lammens,14,19,False
0,0,0,0,0,0,0,0,0,0,0,0,0,0.0,0.0,0.0,0.0,0,0,0,0,0,0.00,0.00,0.00,0.00,0,False,734,26,2025-26,Dilane Bakwa,16,20,True
0,0,0,0,0,0,0,0,0,0,0,0,0,0.0,0.0,0.0,0.0,0,0,0,0,0,0.00,0.00,0.00,0.00,0,False,735,26,2025-26,Bertrand Traoré,17,12,True
90,0,0,1,0,0,0,0,0,0,3,0,28,26.6,0.0,0.0,2.7,1,5,0,0,1,0.00,0.00,0.00,1.42,7,False,736,26,2025-26,Gianluigi Donnarumma,13,10,True
0,0,0,0,0,0,0,0,0,0,0,0,0,0.0,0.0,0.0,0.0,0,0,0,0,0,0.00,0.00,0.00,0.00,0,False,737,26,2025-26,Jonah Kusi-Asare,10,13,False
0,0,0,0,0,0,0,0,0,0,0,0,0,0.0,0.0,0.0,0.0,0,0,0,0,0,0.00,0.00,0.00,0.00,0,False,738,26,2025-26,Lukasz Fabianski,19,14,True
0,0,0,0,0,0,0,0,0,0,0,0,0,0.0,0.0,0.0,0.0,0,0,0,0,0,0.00,0.00,0.00,0.00,0,False,739,26,2025-26,Divine Mukasa,13,10,True
0,0,0,0,0,0,0,0,0,0,0,0,0,0.0,0.0,0.0,0.0,0,0,0,0,0,0.00,0.00,0.00,0.00,0,False,740,26,2025-26,Stephen Mfuni,13,10,True
0,0,0,0,0,0,0,0,0,0,0,0,0,0.0,0.0,0.0,0.0,0,0,0,0,0,0.00,0.00,0.00,0.00,0,False,741,26,2025-26,Harry Gray,11,7,False
0,0,0,0,0,0,0,0,0,0,0,0,0,0.0,0.0,0.0,0.0,0,0,0,0,0,0.00,0.00,0.00,0.00,0,False,742,26,2025-26,Ryan McAidoo,13,10,True
0,0,0,0,0,0,0,0,0,0,0,0,0,0.0,0.0,0.0,0.0,0,0,0,0,0,0.00,0.00,0.00,0.00,0,False,743,26,2025-26,Landon Emenalo,7,11,True
0,0,0,0,0,0,0,0,0,0,0,0,0,0.0,0.0,0.0,0.0,0,0,0,0,0,0.00,0.00,0.00,0.00,0,False,744,26,2025-26,Nehemiah Oriola,6,2,False
0,0,0,0,0,0,0,0,0,0,0,0,0,0.0,0.0,0.0,0.0,0,0,0,0,0,0.00,0.00,0.00,0.00,0,False,745,26,2025-26,Jun'ai Byfield,18,15,True
0,0,0,0,0,0,0,0,0,0,0,0,0,0.0,0.0,0.0,0.0,0,0,0,0,0,0.00,0.00,0.00,0.00,0,False,746,26,2025-26,Kieran Morrison,12,17,False
0,0,0,0,0,0,0,0,0,0,0,0,0,0.0,0.0,0.0,0.0,0,0,0,0,0,0.00,0.00,0.00,0.00,0,False,747,26,2025-26,Ezra Mayers,19,14,True
0,0,0,0,0,0,0,0,0,0,0,0,0,0.0,0.0,0.0,0.0,0,0,0,0,0,0.00,0.00,0.00,0.00,0,False,748,26,2025-26,Josh Dasilva,5,1,True
180,0,0,1,2,0,0,0,0,0,0,0,19,26.8,8.2,37.0,7.2,6,11,4,21,2,0.19,0.04,0.23,4.41,4,False,749,26,2025-26,Mateus Mané,20,16,False
180,0,0,1,2,0,0,0,0,0,0,0,19,26.8,8.2,37.0,7.2,6,11,4,21,2,0.19,0.04,0.23,4.41,4,False,749,26,2025-26,Mateus Mané,20,1,True
0,0,0,0,0,0,0,0,0,0,0,0,0,0.0,0.0,0.0,0.0,0,0,0,0,0,0.00,0.00,0.00,0.00,0,False,750,26,2025-26,James Rowswell,18,15,True
0,0,0,0,0,0,0,0,0,0,0,0,0,0.0,0.0,0.0,0.0,0,0,0,0,0,0.00,0.00,0.00,0.00,0,False,751,26,2025-26,Yusuf Akhamrich,18,15,True
0,0,0,0,0,0,0,0,0,0,0,0,0,0.0,0.0,0.0,0.0,0,0,0,0,0,0.00,0.00,0.00,0.00,0,False,752,26,2025-26,Airidas Golambeckis,19,14,True
0,0,0,0,0,0,0,0,0,0,0,0,0,0.0,0.0,0.0,0.0,0,0,0,0,0,0.00,0.00,0.00,0.00,0,False,753,26,2025-26,John Ruddy,15,18,False
0,0,0,0,0,0,0,0,0,0,0,0,0,0.0,0.0,0.0,0.0,0,0,0,0,0,0.00,0.00,0.00,0.00,0,False,754,26,2025-26,George Hemmings,2,6,True
0,0,0,0,0,0,0,0,0,0,0,0,0,0.0,0.0,0.0,0.0,0,0,0,0,0,0.00,0.00,0.00,0.00,0,False,755,26,2025-26,Shea Lacey,14,19,False
0,0,0,0,0,0,0,0,0,0,0,0,0,0.0,0.0,0.0,0.0,0,0,0,0,0,0.00,0.00,0.00,0.00,0,False,756,26,2025-26,Malcom DaCosta,4,9,False
0,0,0,0,0,0,0,0,0,0,0,0,0,0.0,0.0,0.0,0.0,0,0,0,0,0,0.00,0.00,0.00,0.00,0,False,757,26,2025-26,Ronnie Hollingshead,2,6,True
0,0,0,0,0,0,0,0,0,0,0,0,0,0.0,0.0,0.0,0.0,0,0,0,0,0,0.00,0.00,0.00,0.00,0,False,758,26,2025-26,Mohamadou Kanté,19,14,True
0,0,0,0,0,0,0,0,0,0,0,0,0,0.0,0.0,0.0,0.0,0,0,0,0,0,0.00,0.00,0.00,0.00,0,False,759,26,2025-26,Marli Salmon,1,5,False
0,0,0,0,0,0,0,0,0,0,0,0,0,0.0,0.0,0.0,0.0,0,0,0,0,0,0.00,0.00,0.00,0.00,0,False,759,26,2025-26,Marli Salmon,1,20,False
0,0,0,0,0,0,0,0,0,0,0,0,0,0.0,0.0,0.0,0.0,0,0,0,0,0,0.00,0.00,0.00,0.00,0,False,760,26,2025-26,Wellity Lucky,12,17,False
0,0,0,0,0,0,0,0,0,0,0,0,0,0.0,0.0,0.0,0.0,0,0,0,0,0,0.00,0.00,0.00,0.00,0,False,761,26,2025-26,Freddie Simmonds,6,2,False
0,0,0,0,0,0,0,0,0,0,0,0,0,0.0,0.0,0.0,0.0,0,0,0,0,0,0.00,0.00,0.00,0.00,0,False,762,26,2025-26,Joél Drakes-Thomas,8,3,True
0,0,0,0,0,0,0,0,0,0,0,0,0,0.0,0.0,0.0,0.0,0,0,0,0,0,0.00,0.00,0.00,0.00,0,False,763,26,2025-26,Charlie Gray,13,10,True
0,0,0,0,0,0,0,0,0,0,0,0,0,0.0,0.0,0.0,0.0,0,0,0,0,0,0.00,0.00,0.00,0.00,0,False,764,26,2025-26,Reigan Heskey,13,10,True
0,0,0,0,0,0,0,0,0,0,0,0,0,0.0,0.0,0.0,0.0,0,0,0,0,0,0.00,0.00,0.00,0.00,0,False,765,26,2025-26,Leo Shahar,15,18,False
0,0,0,0,0,0,0,0,0,0,0,0,0,0.0,0.0,0.0,0.0,0,0,0,0,0,0.00,0.00,0.00,0.00,0,False,766,26,2025-26,Saheed Olagunju,20,16,False
0,0,0,0,0,0,0,0,0,0,0,0,0,0.0,0.0,0.0,0.0,0,0,0,0,0,0.00,0.00,0.00,0.00,0,False,766,26,2025-26,Saheed Olagunju,20,1,True
0,0,0,0,0,0,0,0,0,0,0,0,0,0.0,0.0,0.0,0.0,0,0,0,0,0,0.00,0.00,0.00,0.00,0,False,767,26,2025-26,Luke Rawlings,20,16,False
0,0,0,0,0,0,0,0,0,0,0,0,0,0.0,0.0,0.0,0.0,0,0,0,0,0,0.00,0.00,0.00,0.00,0,False,767,26,2025-26,Luke Rawlings,20,1,True
0,0,0,0,0,0,0,0,0,0,0,0,0,0.0,0.0,0.0,0.0,0,0,0,0,0,0.00,0.00,0.00,0.00,0,False,768,26,2025-26,Leon Routh,2,6,True
0,0,0,0,0,0,0,0,0,0,0,0,0,0.0,0.0,0.0,0.0,0,0,0,0,0,0.00,0.00,0.00,0.00,0,False,769,26,2025-26,Bendito Mantato,14,19,False
0,0,0,0,0,0,0,0,0,0,0,0,0,0.0,0.0,0.0,0.0,0,0,0,0,0,0.00,0.00,0.00,0.00,0,False,770,26,2025-26,Seth Ridgeon,10,13,False
0,0,0,0,0,0,0,0,0,0,0,0,0,0.0,0.0,0.0,0.0,0,0,0,0,0,0.00,0.00,0.00,0.00,0,False,771,26,2025-26,Tyler Fletcher,14,19,False
0,0,0,0,0,0,0,0,0,0,0,0,0,0.0,0.0,0.0,0.0,0,0,0,0,0,0.00,0.00,0.00,0.00,0,False,772,26,2025-26,Sam Alabi,15,18,False
0,0,0,0,0,0,0,0,0,0,0,0,0,0.0,0.0,0.0,0.0,0,0,0,0,0,0.00,0.00,0.00,0.00,0,False,773,26,2025-26,Dean Benamar,8,3,True
0,0,0,0,0,0,0,0,0,0,0,0,0,0.0,0.0,0.0,0.0,0,0,0,0,0,0.00,0.00,0.00,0.00,0,False,774,26,2025-26,Jenson Jones,17,12,True
0,0,0,0,0,0,0,0,0,0,0,0,0,0.0,0.0,0.0,0.0,0,0,0,0,0,0.00,0.00,0.00,0.00,0,False,775,26,2025-26,Tymur Tutierov,17,12,True
0,0,0,0,0,0,0,0,0,0,0,0,0,0.0,0.0,0.0,0.0,0,0,0,0,0,0.00,0.00,0.00,0.00,0,False,776,26,2025-26,Oliver Pimlott,3,8,False
0,0,0,0,0,0,0,0,0,0,0,0,0,0.0,0.0,0.0,0.0,0,0,0,0,0,0.00,0.00,0.00,0.00,0,False,777,26,2025-26,Temple Ojinnaka,20,16,False
0,0,0,0,0,0,0,0,0,0,0,0,0,0.0,0.0,0.0,0.0,0,0,0,0,0,0.00,0.00,0.00,0.00,0,False,777,26,2025-26,Temple Ojinnaka,20,1,True
0,0,0,0,0,0,0,0,0,0,0,0,0,0.0,0.0,0.0,0.0,0,0,0,0,0,0.00,0.00,0.00,0.00,0,False,778,26,2025-26,Ethan Sutherland,20,16,False
0,0,0,0,0,0,0,0,0,0,0,0,0,0.0,0.0,0.0,0.0,0,0,0,0,0,0.00,0.00,0.00,0.00,0,False,778,26,2025-26,Ethan Sutherland,20,1,True
0,0,0,0,0,0,0,0,0,0,0,0,0,0.0,0.0,0.0,0.0,0,0,0,0,0,0.00,0.00,0.00,0.00,0,False,779,26,2025-26,Braiden Graham,9,4,True
0,0,0,0,0,0,0,0,0,0,0,0,0,0.0,0.0,0.0,0.0,0,0,0,0,0,0.00,0.00,0.00,0.00,0,False,780,26,2025-26,Ben Casey,8,3,True
0,0,0,0,0,0,0,0,0,0,0,0,0,0.0,0.0,0.0,0.0,0,0,0,0,0,0.00,0.00,0.00,0.00,0,False,781,26,2025-26,TJ Carroll,2,6,True
0,0,0,0,0,0,0,0,0,0,0,0,0,0.0,0.0,0.0,0.0,0,0,0,0,0,0.00,0.00,0.00,0.00,0,False,782,26,2025-26,Fraser Forster,4,9,False
90,0,0,0,1,0,0,0,0,0,0,0,17,23.6,51.2,15.0,9.0,2,4,1,7,1,0.12,0.23,0.35,0.72,2,False,783,26,2025-26,Pascal Groß,6,2,False
0,0,0,0,0,0,0,0,0,0,0,0,0,0.0,0.0,0.0,0.0,0,0,0,0,0,0.00,0.00,0.00,0.00,0,False,784,26,2025-26,George Brierley,3,8,False
0,0,0,0,0,0,0,0,0,0,0,0,0,0.0,0.0,0.0,0.0,0,0,0,0,0,0.00,0.00,0.00,0.00,0,False,785,26,2025-26,Pablo Felipe Pereira de Jesus,19,14,True
0,0,0,0,0,0,0,0,0,0,0,0,0,0.0,0.0,0.0,0.0,0,0,0,0,0,0.00,0.00,0.00,0.00,0,False,786,26,2025-26,Alfie McNally,10,13,False
0,0,0,0,0,0,0,0,0,0,0,0,0,0.0,0.0,0.0,0.0,0,0,0,0,0,0.00,0.00,0.00,0.00,0,False,787,26,2025-26,Sam Chambers,11,7,False
0,0,0,0,0,0,0,0,0,0,0,0,0,0.0,0.0,0.0,0.0,0,0,0,0,0,0.00,0.00,0.00,0.00,0,False,788,26,2025-26,Godwill Kukonki,14,19,False
0,0,0,0,0,0,0,0,0,0,0,0,0,0.0,0.0,0.0,0.0,0,0,0,0,0,0.00,0.00,0.00,0.00,0,False,789,26,2025-26,Max Merrick,7,11,True
0,0,0,0,0,0,0,0,0,0,0,0,0,0.0,0.0,0.0,0.0,0,0,0,0,0,0.00,0.00,0.00,0.00,0,False,790,26,2025-26,Lucá Williams-Barnett,18,15,True
68,0,0,1,0,0,0,0,0,0,0,0,2,2.0,0.5,2.0,0.5,2,0,1,3,1,0.00,0.00,0.00,0.24,2,False,791,26,2025-26,Valentín Castellanos,19,14,True
16,0,0,0,0,0,0,0,0,0,0,0,4,0.0,0.5,4.0,0.5,0,1,0,1,0,0.00,0.01,0.01,0.11,1,False,792,26,2025-26,Alysson Edward Franco da Rocha dos Santos,2,6,True
0,0,0,0,0,0,0,0,0,0,0,0,0,0.0,0.0,0.0,0.0,0,0,0,0,0,0.00,0.00,0.00,0.00,0,False,793,26,2025-26,George King,8,3,True
0,0,0,0,0,0,0,0,0,0,0,0,0,0.0,0.0,0.0,0.0,0,0,0,0,0,0.00,0.00,0.00,0.00,0,False,794,26,2025-26,Max Alleyne,13,10,True
9,0,0,0,1,0,0,0,0,0,0,0,3,1.2,0.6,2.0,0.4,0,1,0,1,0,0.00,0.01,0.01,0.21,1,False,795,26,2025-26,Harry Howell,6,2,False
69,0,0,0,2,0,0,0,0,0,0,0,10,7.6,31.8,2.0,4.1,0,3,1,4,1,0.00,0.03,0.03,2.46,2,False,796,26,2025-26,Conor Gallagher,18,15,True
0,0,0,0,0,0,0,0,0,0,0,0,0,0.0,0.0,0.0,0.0,0,0,0,0,0,0.00,0.00,0.00,0.00,0,False,797,26,2025-26,Kaye Furo,5,1,True
0,0,0,0,0,0,0,0,0,0,0,0,0,0.0,0.0,0.0,0.0,0,0,0,0,0,0.00,0.00,0.00,0.00,0,False,798,26,2025-26,Danny Imray,8,3,True
0,0,0,0,0,0,0,0,0,0,0,0,0,0.0,0.0,0.0,0.0,0,0,0,0,0,0.00,0.00,0.00,0.00,0,False,799,26,2025-26,Charlie Stevens,4,9,False
0,0,0,0,0,0,0,0,0,0,0,0,0,0.0,0.0,0.0,0.0,0,0,0,0,0,0.00,0.00,0.00,0.00,0,False,800,26,2025-26,Djiamgone Jocelin Ta Bi,17,12,True
57,0,0,0,1,0,0,0,0,0,0,0,3,4.8,22.8,4.0,3.2,1,2,0,3,1,0.00,0.08,0.08,1.95,1,False,801,26,2025-26,Alex Tóth,4,9,False
0,0,0,0,0,0,0,0,0,0,0,0,0,0.0,0.0,0.0,0.0,0,0,0,0,0,0.00,0.00,0.00,0.00,0,False,802,26,2025-26,Keiber Lamadrid,19,14,True
0,0,0,0,0,0,0,0,0,0,0,0,0,0.0,0.0,0.0,0.0,0,0,0,0,0,0.00,0.00,0.00,0.00,0,False,803,26,2025-26,Teddy Sharman-Lowe,7,11,True
0,0,0,0,0,0,0,0,0,0,0,0,0,0.0,0.0,0.0,0.0,0,0,0,0,0,0.00,0.00,0.00,0.00,0,False,804,26,2025-26,João Victor de Souza Menezes,18,15,True
70,0,0,1,0,0,0,0,0,0,0,0,2,0.0,1.0,8.0,0.7,2,1,0,3,1,0.56,0.00,0.56,0.22,2,False,805,26,2025-26,Lorenzo Lucca,16,20,True
0,0,0,0,0,0,0,0,0,0,0,0,0,0.0,0.0,0.0,0.0,0,0,0,0,0,0.00,0.00,0.00,0.00,0,False,806,26,2025-26,Christos Mandas,4,9,False
90,1,0,0,1,0,0,0,1,0,0,0,23,33.4,27.4,39.0,10.0,0,5,0,5,1,0.34,0.10,0.44,2.94,6,False,807,26,2025-26,Rayan Vitor Simplício Rocha,4,9,False
15,0,0,0,0,0,0,0,0,0,0,0,3,2.0,2.1,6.0,1.0,0,0,1,1,0,0.00,0.00,0.00,0.11,1,False,808,26,2025-26,Tammy Abraham,2,6,True
0,0,0,0,0,0,0,0,0,0,0,0,0,0.0,0.0,0.0,0.0,0,0,0,0,0,0.00,0.00,0.00,0.00,0,False,809,26,2025-26,Jerome Abbey,20,16,False
0,0,0,0,0,0,0,0,0,0,0,0,0,0.0,0.0,0.0,0.0,0,0,0,0,0,0.00,0.00,0.00,0.00,0,False,809,26,2025-26,Jerome Abbey,20,1,True
0,0,0,0,0,0,0,0,0,0,0,0,0,0.0,0.0,0.0,0.0,0,0,0,0,0,0.00,0.00,0.00,0.00,0,False,810,26,2025-26,Luka Bentt,5,1,True
0,0,0,0,0,0,0,0,0,0,0,0,0,0.0,0.0,0.0,0.0,0,0,0,0,0,0.00,0.00,0.00,0.00,0,False,811,26,2025-26,Rio Kyerematen,18,15,True
0,0,0,0,0,0,0,0,0,0,0,0,0,0.0,0.0,0.0,0.0,0,0,0,0,0,0.00,0.00,0.00,0.00,0,False,812,26,2025-26,Melker Ellborg,17,12,True
79,0,0,0,1,0,0,0,0,0,0,0,8,14.6,11.8,44.0,7.0,3,1,1,5,1,0.21,0.02,0.23,2.38,2,False,813,26,2025-26,Nilson Angulo,17,12,True
0,0,0,0,0,0,0,0,0,0,0,0,0,0.0,0.0,0.0,0.0,0,0,0,0,0,0.00,0.00,0.00,0.00,0,False,814,26,2025-26,Luca Netz,16,20,True
90,0,0,0,1,0,0,0,0,0,0,0,11,14.0,10.9,0.0,2.5,8,0,0,8,1,0.00,0.00,0.00,0.57,2,False,815,26,2025-26,Axel Disasi,19,14,True
98,0,0,1,1,0,0,0,0,0,0,0,17,16.4,11.4,10.0,3.8,2,1,2,5,2,0.05,0.01,0.06,3.54,4,False,816,26,2025-26,Angel Gomes,20,16,False
98,0,0,1,1,0,0,0,0,0,0,0,17,16.4,11.4,10.0,3.8,2,1,2,5,2,0.05,0.01,0.06,3.54,4,False,816,26,2025-26,Angel Gomes,20,1,True
180,0,0,1,2,0,0,0,0,0,0,0,12,13.6,22.2,3.0,3.9,4,2,0,6,2,0.03,0.02,0.05,4.41,4,False,817,26,2025-26,Adam Armstrong,20,16,False
180,0,0,1,2,0,0,0,0,0,0,0,12,13.6,22.2,3.0,3.9,4,2,0,6,2,0.03,0.02,0.05,4.41,4,False,817,26,2025-26,Adam Armstrong,20,1,True
