minutes,goals_scored,assists,clean_sheets,goals_conceded,own_goals,penalties_saved,penalties_missed,yellow_cards,red_cards,saves,bonus,bps,influence,creativity,threat,ict_index,clearances_blocks_interceptions,recoveries,tackles,defensive_contribution,starts,expected_goals,expected_assists,expected_goal_involvements,expected_goals_conceded,total_points,in_dreamteam,element,Gameweek,season,name,team,opponent_team,was_home
90,0,0,0,1,0,0,0,0,0,4,0,12,1.2,0.0,0.0,0.1,1,4,0,0,1,0.00,0.01,0.01,1.05,3,False,1,28,2025-26,David Raya Martín,1,7,True
0,0,0,0,0,0,0,0,0,0,0,0,0,0.0,0.0,0.0,0.0,0,0,0,0,0,0.00,0.00,0.00,0.00,0,False,2,28,2025-26,Kepa Arrizabalaga Revuelta,1,7,True
0,0,0,0,0,0,0,0,0,0,0,0,0,0.0,0.0,0.0,0.0,0,0,0,0,0,0.00,0.00,0.00,0.00,0,False,3,28,2025-26,Karl Hein,1,7,True
0,0,0,0,0,0,0,0,0,0,0,0,0,0.0,0.0,0.0,0.0,0,0,0,0,0,0.00,0.00,0.00,0.00,0,False,4,28,2025-26,Tommy Setford,1,7,True
90,0,1,0,1,0,0,0,1,0,0,3,27,6.6,0.6,2.0,0.9,7,4,4,11,1,0.03,0.57,0.60,1.05,9,False,5,28,2025-26,Gabriel dos Santos Magalhães,1,7,True
90,1,0,0,1,0,0,0,0,0,0,2,26,33.6,0.1,33.0,6.7,5,3,1,6,1,0.26,0.00,0.26,1.05,10,True,6,28,2025-26,William Saliba,1,7,True
0,0,0,0,0,0,0,0,0,0,0,0,0,0.0,0.0,0.0,0.0,0,0,0,0,0,0.00,0.00,0.00,0.00,0,False,7,28,2025-26,Riccardo Calafiori,1,7,True
90,1,0,0,1,0,0,0,0,0,0,0,25,2.6,10.7,0.0,1.3,3,4,1,4,1,0.41,0.01,0.42,1.05,8,False,8,28,2025-26,Jurriën Timber,1,7,True
0,0,0,0,0,0,0,0,0,0,0,0,0,0.0,0.0,0.0,0.0,0,0,0,0,0,0.00,0.00,0.00,0.00,0,False,9,28,2025-26,Jakub Kiwior,1,7,True
0,0,0,0,0,0,0,0,0,0,0,0,0,0.0,0.0,0.0,0.0,0,0,0,0,0,0.00,0.00,0.00,0.00,0,False,10,28,2025-26,Myles Lewis-Skelly,1,7,True
0,0,0,0,0,0,0,0,0,0,0,0,0,0.0,0.0,0.0,0.0,0,0,0,0,0,0.00,0.00,0.00,0.00,0,False,11,28,2025-26,Benjamin White,1,7,True
0,0,0,0,0,0,0,0,0,0,0,0,0,0.0,0.0,0.0,0.0,0,0,0,0,0,0.00,0.00,0.00,0.00,0,False,12,28,2025-26,Oleksandr Zinchenko,16,6,False
0,0,0,0,0,0,0,0,0,0,0,0,0,0.0,0.0,0.0,0.0,0,0,0,0,0,0.00,0.00,0.00,0.00,0,False,13,28,2025-26,Brayden Clarke,1,7,True
0,0,0,0,0,0,0,0,0,0,0,0,0,0.0,0.0,0.0,0.0,0,0,0,0,0,0.00,0.00,0.00,0.00,0,False,14,28,2025-26,Maldini Kacurri,1,7,True
0,0,0,0,0,0,0,0,0,0,0,0,0,0.0,0.0,0.0,0.0,0,0,0,0,0,0.00,0.00,0.00,0.00,0,False,15,28,2025-26,Josh Nichols,1,7,True
90,0,0,0,1,0,0,0,0,0,0,0,9,4.2,14.4,2.0,2.1,1,5,1,7,1,0.01,0.29,0.30,1.05,2,False,16,28,2025-26,Bukayo Saka,1,7,True
0,0,0,0,0,0,0,0,0,0,0,0,0,0.0,0.0,0.0,0.0,0,0,0,0,0,0.00,0.00,0.00,0.00,0,False,17,28,2025-26,Martin Ødegaard,1,7,True
0,0,0,0,0,0,0,0,0,0,0,0,0,0.0,0.0,0.0,0.0,0,0,0,0,0,0.00,0.00,0.00,0.00,0,False,18,28,2025-26,Noni Madueke,1,7,True
34,0,0,0,0,0,0,0,0,0,0,0,3,0.0,0.0,0.0,0.0,0,2,0,2,0,0.00,0.01,0.01,0.22,1,False,19,28,2025-26,Gabriel Martinelli Silva,1,7,True
55,0,0,0,1,0,0,0,0,0,0,0,4,0.4,0.3,5.0,0.6,0,4,0,4,1,0.02,0.06,0.08,0.83,1,False,20,28,2025-26,Leandro Trossard,1,7,True
75,0,1,0,1,0,0,0,0,0,0,0,25,1.8,1.2,0.0,0.3,2,2,3,7,1,0.04,0.24,0.28,1.00,5,False,21,28,2025-26,Declan Rice,1,7,True
0,0,0,0,0,0,0,0,0,0,0,0,0,0.0,0.0,0.0,0.0,0,0,0,0,0,0.00,0.00,0.00,0.00,0,False,22,28,2025-26,Mikel Merino Zazón,1,7,True
0,0,0,0,0,0,0,0,0,0,0,0,0,0.0,0.0,0.0,0.0,0,0,0,0,0,0.00,0.00,0.00,0.00,0,False,23,28,2025-26,Fábio Ferreira Vieira,1,7,True
14,0,0,0,0,0,0,0,0,0,0,0,2,0.0,0.0,0.0,0.0,1,0,0,1,0,0.00,0.00,0.00,0.05,1,False,24,28,2025-26,Christian Nørgaard,1,7,True
0,0,0,0,0,0,0,0,0,0,0,0,0,0.0,0.0,0.0,0.0,0,0,0,0,0,0.00,0.00,0.00,0.00,0,False,25,28,2025-26,Ethan Nwaneri,1,7,True
90,0,0,0,1,0,0,0,0,0,0,0,11,0.0,0.3,1.0,0.1,2,2,3,7,1,0.08,0.21,0.29,1.05,2,False,26,28,2025-26,Martín Zubimendi Ibáñez,1,7,True
0,0,0,0,0,0,0,0,0,0,0,0,0,0.0,0.0,0.0,0.0,0,0,0,0,0,0.00,0.00,0.00,0.00,0,False,27,28,2025-26,Reiss Nelson,5,3,False
0,0,0,0,0,0,0,0,0,0,0,0,0,0.0,0.0,0.0,0.0,0,0,0,0,0,0.00,0.00,0.00,0.00,0,False,28,28,2025-26,Ismeal Kabia,1,7,True
0,0,0,0,0,0,0,0,0,0,0,0,0,0.0,0.0,0.0,0.0,0,0,0,0,0,0.00,0.00,0.00,0.00,0,False,29,28,2025-26,Albert Sambi Lokonga,1,7,True
14,0,0,0,0,0,0,0,0,0,0,0,4,0.0,0.0,0.0,0.0,0,1,1,2,0,0.00,0.00,0.00,0.05,1,False,30,28,2025-26,Kai Havertz,1,7,True
0,0,0,0,0,0,0,0,0,0,0,0,0,0.0,0.0,0.0,0.0,0,0,0,0,0,0.00,0.00,0.00,0.00,0,False,31,28,2025-26,Gabriel Fernando de Jesus,1,7,True
90,0,0,0,2,0,0,0,0,0,0,0,6,6.0,0.1,0.0,0.6,0,6,0,0,1,0.00,0.00,0.00,0.86,1,False,32,28,2025-26,Emiliano Martínez Romero,2,20,False
0,0,0,0,0,0,0,0,0,0,0,0,0,0.0,0.0,0.0,0.0,0,0,0,0,0,0.00,0.00,0.00,0.00,0,False,33,28,2025-26,Marco Bizot,2,20,False
0,0,0,0,0,0,0,0,0,0,0,0,0,0.0,0.0,0.0,0.0,0,0,0,0,0,0.00,0.00,0.00,0.00,0,False,34,28,2025-26,Joe Gauci,2,20,False
0,0,0,0,0,0,0,0,0,0,0,0,0,0.0,0.0,0.0,0.0,0,0,0,0,0,0.00,0.00,0.00,0.00,0,False,35,28,2025-26,Filip Marschall,2,20,False
90,0,0,0,2,0,0,0,1,0,0,0,11,23.0,33.9,0.0,5.7,2,6,5,7,1,0.00,0.07,0.07,0.86,0,False,36,28,2025-26,Matty Cash,2,20,False
69,0,0,0,1,0,0,0,0,0,0,0,7,1.4,6.3,0.0,0.8,1,1,0,1,1,0.00,0.09,0.09,0.39,2,False,37,28,2025-26,Lucas Digne,2,20,False
90,0,0,0,2,0,0,0,0,0,0,0,11,17.8,0.8,0.0,1.9,6,5,2,8,1,0.00,0.01,0.01,0.86,1,False,38,28,2025-26,Ezri Konsa Ngoyo,2,20,False
20,0,0,0,1,0,0,0,0,0,0,0,3,13.0,25.2,23.0,6.1,2,2,0,2,0,0.20,0.08,0.28,0.47,1,False,39,28,2025-26,Ian Maatsen,2,20,False
0,0,0,0,0,0,0,0,0,0,0,0,0,0.0,0.0,0.0,0.0,0,0,0,0,0,0.00,0.00,0.00,0.00,0,False,40,28,2025-26,Tyrone Mings,2,20,False
90,0,0,0,2,0,0,0,0,0,0,0,9,16.0,1.5,4.0,2.2,6,3,1,7,1,0.04,0.01,0.05,0.86,1,False,41,28,2025-26,Pau Torres,2,20,False
0,0,0,0,0,0,0,0,0,0,0,0,0,0.0,0.0,0.0,0.0,0,0,0,0,0,0.00,0.00,0.00,0.00,0,False,42,28,2025-26,Andrés García,2,20,False
0,0,0,0,0,0,0,0,0,0,0,0,0,0.0,0.0,0.0,0.0,0,0,0,0,0,0.00,0.00,0.00,0.00,0,False,43,28,2025-26,Álex Moreno Lopera,2,20,False
0,0,0,0,0,0,0,0,0,0,0,0,0,0.0,0.0,0.0,0.0,0,0,0,0,0,0.00,0.00,0.00,0.00,0,False,44,28,2025-26,Lamare Bogarde,2,20,False
0,0,0,0,0,0,0,0,0,0,0,0,0,0.0,0.0,0.0,0.0,0,0,0,0,0,0.00,0.00,0.00,0.00,0,False,45,28,2025-26,Lino da Cruz Sousa,2,20,False
0,0,0,0,0,0,0,0,0,0,0,0,0,0.0,0.0,0.0,0.0,0,0,0,0,0,0.00,0.00,0.00,0.00,0,False,46,28,2025-26,Yasin Özcan,2,20,False
90,0,0,0,2,0,0,0,0,0,0,0,11,15.0,12.2,27.0,5.4,1,5,0,6,1,0.21,0.03,0.24,0.86,2,False,47,28,2025-26,Morgan Rogers,2,20,False
0,0,0,0,0,0,0,0,0,0,0,0,0,0.0,0.0,0.0,0.0,0,0,0,0,0,0.00,0.00,0.00,0.00,0,False,48,28,2025-26,Youri Tielemans,2,20,False
30,0,0,0,2,0,0,0,1,0,0,0,-1,0.4,0.8,7.0,0.8,0,1,1,2,0,0.06,0.00,0.06,0.64,0,False,49,28,2025-26,Leon Bailey,2,20,False
69,0,0,0,1,0,0,0,1,0,0,0,4,0.0,6.0,4.0,0.5,0,4,0,4,1,0.00,0.03,0.03,0.39,1,False,50,28,2025-26,Emiliano Buendía Stati,2,20,False
0,0,0,0,0,0,0,0,0,0,0,0,0,0.0,0.0,0.0,0.0,0,0,0,0,0,0.00,0.00,0.00,0.00,0,False,51,28,2025-26,Samuel Iling-Junior,2,20,False
45,1,0,0,2,0,0,0,0,0,0,0,22,34.6,5.6,9.0,4.9,0,2,1,3,1,0.09,0.02,0.11,1.00,6,False,52,28,2025-26,Jacob Ramsey,15,9,True
0,0,0,0,0,0,0,0,0,0,0,0,0,0.0,0.0,0.0,0.0,0,0,0,0,0,0.00,0.00,0.00,0.00,0,False,53,28,2025-26,Donyell Malen,2,20,False
0,0,0,0,0,0,0,0,0,0,0,0,0,0.0,0.0,0.0,0.0,0,0,0,0,0,0.00,0.00,0.00,0.00,0,False,54,28,2025-26,John McGinn,2,20,False
30,0,0,0,2,0,0,0,0,0,0,0,4,9.0,12.3,2.0,2.3,1,1,0,2,0,0.00,0.07,0.07,0.64,1,False,55,28,2025-26,Ross Barkley,2,20,False
0,0,0,0,0,0,0,0,0,0,0,0,0,0.0,0.0,0.0,0.0,0,0,0,0,0,0.00,0.00,0.00,0.00,0,False,56,28,2025-26,Enzo Barrenechea,2,20,False
0,0,0,0,0,0,0,0,0,0,0,0,0,0.0,0.0,0.0,0.0,0,0,0,0,0,0.00,0.00,0.00,0.00,0,False,57,28,2025-26,Lewis Dobbin,2,20,False
0,0,0,0,0,0,0,0,0,0,0,0,0,0.0,0.0,0.0,0.0,0,0,0,0,0,0.00,0.00,0.00,0.00,0,False,58,28,2025-26,Boubacar Kamara,2,20,False
90,0,0,0,2,0,0,0,0,0,0,0,9,9.8,2.3,15.0,2.7,5,4,0,9,1,0.22,0.01,0.23,0.86,2,False,59,28,2025-26,Amadou Onana,2,20,False
0,0,0,0,0,0,0,0,0,0,0,0,0,0.0,0.0,0.0,0.0,0,0,0,0,0,0.00,0.00,0.00,0.00,0,False,60,28,2025-26,Ben Broggio,2,20,False
0,0,0,0,0,0,0,0,0,0,0,0,0,0.0,0.0,0.0,0.0,0,0,0,0,0,0.00,0.00,0.00,0.00,0,False,61,28,2025-26,Leander Dendoncker,2,20,False
0,0,0,0,0,0,0,0,0,0,0,0,0,0.0,0.0,0.0,0.0,0,0,0,0,0,0.00,0.00,0.00,0.00,0,False,62,28,2025-26,Jamaldeen Jimoh-Aloba,2,20,False
0,0,0,0,0,0,0,0,0,0,0,0,0,0.0,0.0,0.0,0.0,0,0,0,0,0,0.00,0.00,0.00,0.00,0,False,63,28,2025-26,Kadan Young,2,20,False
85,0,0,0,1,0,0,0,0,0,0,0,4,0.0,3.0,5.0,0.8,1,1,0,2,1,0.08,0.01,0.09,0.44,2,False,64,28,2025-26,Ollie Watkins,2,20,False
0,0,0,0,0,0,0,0,0,0,0,0,0,0.0,0.0,0.0,0.0,0,0,0,0,0,0.00,0.00,0.00,0.00,0,False,65,28,2025-26,Zépiqueno Redmond,2,20,False
0,0,0,0,0,0,0,0,0,0,0,0,0,0.0,0.0,0.0,0.0,0,0,0,0,0,0.00,0.00,0.00,0.00,0,False,66,28,2025-26,Norberto Murara Neto,4,17,True
90,0,0,0,1,0,0,0,0,0,3,0,13,22.8,0.0,0.0,2.3,1,11,0,0,1,0.00,0.00,0.00,1.42,3,False,67,28,2025-26,Đorđe Petrović,4,17,True
0,0,0,0,0,0,0,0,0,0,0,0,0,0.0,0.0,0.0,0.0,0,0,0,0,0,0.00,0.00,0.00,0.00,0,False,68,28,2025-26,Will Dennis,4,17,True
0,0,0,0,0,0,0,0,0,0,0,0,0,0.0,0.0,0.0,0.0,0,0,0,0,0,0.00,0.00,0.00,0.00,0,False,69,28,2025-26,Callan McKenna,4,17,True
0,0,0,0,0,0,0,0,0,0,0,0,0,0.0,0.0,0.0,0.0,0,0,0,0,0,0.00,0.00,0.00,0.00,0,False,70,28,2025-26,Alex Paulsen,4,17,True
0,0,0,0,0,0,0,0,0,0,0,0,0,0.0,0.0,0.0,0.0,0,0,0,0,0,0.00,0.00,0.00,0.00,0,False,71,28,2025-26,Illia Zabarnyi,4,17,True
90,0,0,0,1,0,0,0,0,0,0,0,9,22.4,2.4,2.0,2.7,8,2,3,11,1,0.01,0.02,0.03,1.42,4,False,72,28,2025-26,Marcos Senesi Barón,4,17,True
0,0,0,0,0,0,0,0,0,0,0,0,0,0.0,0.0,0.0,0.0,0,0,0,0,0,0.00,0.00,0.00,0.00,0,False,73,28,2025-26,Adam Smith,4,17,True
90,0,0,0,1,0,0,0,0,0,0,0,16,18.6,7.4,0.0,2.6,7,9,3,10,1,0.00,0.03,0.03,1.42,4,False,74,28,2025-26,Adrien Truffert,4,17,True
0,0,0,0,0,0,0,0,0,0,0,0,0,0.0,0.0,0.0,0.0,0,0,0,0,0,0.00,0.00,0.00,0.00,0,False,75,28,2025-26,Matai Akinmboni,4,17,True
0,0,0,0,0,0,0,0,0,0,0,0,0,0.0,0.0,0.0,0.0,0,0,0,0,0,0.00,0.00,0.00,0.00,0,False,76,28,2025-26,Owen Bevan,4,17,True
90,0,0,0,1,0,0,0,0,0,0,0,6,15.6,10.3,6.0,3.2,7,3,0,7,1,0.00,0.00,0.00,1.42,2,False,77,28,2025-26,James Hill,4,17,True
0,0,0,0,0,0,0,0,0,0,0,0,0,0.0,0.0,0.0,0.0,0,0,0,0,0,0.00,0.00,0.00,0.00,0,False,78,28,2025-26,Julián Araujo Zúñiga,4,17,True
0,0,0,0,0,0,0,0,0,0,0,0,0,0.0,0.0,0.0,0.0,0,0,0,0,0,0.00,0.00,0.00,0.00,0,False,79,28,2025-26,Chris Mepham,4,17,True
0,0,0,0,0,0,0,0,0,0,0,0,0,0.0,0.0,0.0,0.0,0,0,0,0,0,0.00,0.00,0.00,0.00,0,False,80,28,2025-26,Julio Soler Barreto,4,17,True
0,0,0,0,0,0,0,0,0,0,0,0,0,0.0,0.0,0.0,0.0,0,0,0,0,0,0.00,0.00,0.00,0.00,0,False,81,28,2025-26,Justin Kluivert,4,17,True
90,1,0,1,0,0,0,0,0,0,0,0,31,40.4,17.6,40.0,9.8,1,3,1,5,1,0.86,0.02,0.88,1.49,8,False,82,28,2025-26,Antoine Semenyo,13,11,False
71,0,1,0,3,0,0,0,0,0,0,0,26,24.6,25.0,7.0,5.7,4,2,0,6,1,0.03,0.20,0.23,0.82,5,False,83,28,2025-26,Dango Ouattara,5,3,False
80,0,1,0,1,0,0,0,0,0,0,2,29,30.2,17.7,49.0,9.7,0,4,2,6,1,0.26,0.21,0.47,1.34,7,False,84,28,2025-26,Marcus Tavernier,4,17,True
61,0,0,0,1,0,0,0,1,0,0,0,6,8.6,1.9,0.0,1.1,4,3,3,10,1,0.00,0.01,0.01,1.21,1,False,85,28,2025-26,Tyler Adams,4,17,True
45,0,0,0,1,0,0,0,0,0,0,0,3,2.0,13.5,0.0,1.6,0,1,0,1,1,0.00,0.03,0.03,0.96,1,False,86,28,2025-26,David Brooks,4,17,True
28,0,0,0,0,0,0,0,1,0,0,0,1,6.0,1.7,4.0,1.2,2,2,1,5,0,0.05,0.02,0.07,0.21,0,False,87,28,2025-26,Ryan Christie,4,17,True
0,0,0,0,0,0,0,0,0,0,0,0,0,0.0,0.0,0.0,0.0,0,0,0,0,0,0.00,0.00,0.00,0.00,0,False,88,28,2025-26,Lewis Cook,4,17,True
0,0,0,0,0,0,0,0,0,0,0,0,0,0.0,0.0,0.0,0.0,0,0,0,0,0,0.00,0.00,0.00,0.00,0,False,89,28,2025-26,Philip Billing,4,17,True
90,0,0,0,1,0,0,0,1,0,0,0,12,11.0,13.7,19.0,4.4,6,6,1,13,1,0.51,0.03,0.54,1.42,3,False,90,28,2025-26,Alex Scott,4,17,True
0,0,0,0,0,0,0,0,0,0,0,0,0,0.0,0.0,0.0,0.0,0,0,0,0,0,0.00,0.00,0.00,0.00,0,False,91,28,2025-26,Luis Sinisterra Lucumí,4,17,True
0,0,0,0,0,0,0,0,0,0,0,0,0,0.0,0.0,0.0,0.0,0,0,0,0,0,0.00,0.00,0.00,0.00,0,False,92,28,2025-26,Romain Faivre,4,17,True
0,0,0,0,0,0,0,0,0,0,0,0,0,0.0,0.0,0.0,0.0,0,0,0,0,0,0.00,0.00,0.00,0.00,0,False,93,28,2025-26,Hamed Traorè,4,17,True
0,0,0,0,0,0,0,0,0,0,0,0,0,0.0,0.0,0.0,0.0,0,0,0,0,0,0.00,0.00,0.00,0.00,0,False,94,28,2025-26,Dominic Sadi,4,17,True
0,0,0,0,0,0,0,0,0,0,0,0,0,0.0,0.0,0.0,0.0,0,0,0,0,0,0.00,0.00,0.00,0.00,0,False,95,28,2025-26,Zain Silcott-Duberry,4,17,True
0,0,0,0,0,0,0,0,0,0,0,0,0,0.0,0.0,0.0,0.0,0,0,0,0,0,0.00,0.00,0.00,0.00,0,False,96,28,2025-26,Ben Winterburn,4,17,True
39,1,0,0,0,0,0,0,0,0,0,1,27,32.4,0.8,33.0,6.6,0,0,0,0,0,0.15,0.00,0.15,0.47,6,False,97,28,2025-26,Francisco Evanilson de Lima Barbosa,4,17,True
9,0,0,0,0,0,0,0,0,0,0,0,1,0.0,2.1,19.0,2.0,1,0,0,1,0,0.30,0.00,0.30,0.08,1,False,98,28,2025-26,Enes Ünal,4,17,True
0,0,0,0,0,0,0,0,0,0,0,0,0,0.0,0.0,0.0,0.0,0,0,0,0,0,0.00,0.00,0.00,0.00,0,False,99,28,2025-26,Daniel Adu-Adjei,4,17,True
80,0,0,0,1,0,0,0,0,0,0,0,1,0.0,23.8,13.0,3.6,0,3,0,3,1,0.26,0.04,0.30,1.34,2,False,100,28,2025-26,Junior Kroupi,4,17,True
0,0,0,0,0,0,0,0,0,0,0,0,0,0.0,0.0,0.0,0.0,0,0,0,0,0,0.00,0.00,0.00,0.00,0,False,101,28,2025-26,Caoimhín Kelleher,5,3,False
0,0,0,0,0,0,0,0,0,0,0,0,0,0.0,0.0,0.0,0.0,0,0,0,0,0,0.00,0.00,0.00,0.00,0,False,102,28,2025-26,Ellery Balcombe,5,3,False
0,0,0,0,0,0,0,0,0,0,0,0,0,0.0,0.0,0.0,0.0,0,0,0,0,0,0.00,0.00,0.00,0.00,0,False,103,28,2025-26,Matthew Cox,5,3,False
0,0,0,0,0,0,0,0,0,0,0,0,0,0.0,0.0,0.0,0.0,0,0,0,0,0,0.00,0.00,0.00,0.00,0,False,104,28,2025-26,Julian Eyestone,5,3,False
90,0,0,0,3,0,0,0,0,0,1,0,1,13.0,0.0,0.0,1.3,0,7,0,0,1,0.00,0.00,0.00,0.97,1,False,105,28,2025-26,Hákon Rafn Valdimarsson,5,3,False
0,0,0,0,0,0,0,0,0,0,0,0,0,0.0,0.0,0.0,0.0,0,0,0,0,0,0.00,0.00,0.00,0.00,0,False,106,28,2025-26,Nathan Collins,5,3,False
18,0,0,0,0,0,0,0,0,0,0,0,5,3.6,10.8,8.0,2.2,0,0,0,0,0,0.00,0.04,0.04,0.15,1,False,107,28,2025-26,Keane Lewis-Potter,5,3,False
90,0,0,0,3,0,0,0,0,0,0,0,6,19.2,24.8,4.0,4.8,3,5,1,4,1,0.00,0.08,0.08,0.97,1,False,108,28,2025-26,Kristoffer Ajer,5,3,False
90,0,1,0,3,0,0,0,0,0,0,0,18,33.2,26.9,8.0,6.8,2,4,2,4,1,0.00,0.08,0.08,0.97,4,False,109,28,2025-26,Rico Henry,5,3,False
90,0,0,0,3,1,0,0,0,0,0,0,4,15.2,20.8,4.0,4.0,4,3,4,8,1,0.00,0.14,0.14,0.97,-1,False,110,28,2025-26,Michael Kayode,5,3,False
0,0,0,0,0,0,0,0,0,0,0,0,0,0.0,0.0,0.0,0.0,0,0,0,0,0,0.00,0.00,0.00,0.00,0,False,111,28,2025-26,Ethan Pinnock,5,3,False
0,0,0,0,0,0,0,0,0,0,0,0,0,0.0,0.0,0.0,0.0,0,0,0,0,0,0.00,0.00,0.00,0.00,0,False,112,28,2025-26,Mads Roerslev Rasmussen,5,3,False
90,0,1,0,3,0,0,0,0,0,0,0,16,25.2,1.3,19.0,4.6,12,9,0,12,1,0.28,0.01,0.29,0.97,6,False,113,28,2025-26,Sepp van den Berg,5,3,False
0,0,0,0,0,0,0,0,0,0,0,0,0,0.0,0.0,0.0,0.0,0,0,0,0,0,0.00,0.00,0.00,0.00,0,False,114,28,2025-26,Benjamin Arthur,5,3,False
0,0,0,0,0,0,0,0,0,0,0,0,0,0.0,0.0,0.0,0.0,0,0,0,0,0,0.00,0.00,0.00,0.00,0,False,115,28,2025-26,Benjamin Fredrick,5,3,False
0,0,0,0,0,0,0,0,0,0,0,0,0,0.0,0.0,0.0,0.0,0,0,0,0,0,0.00,0.00,0.00,0.00,0,False,116,28,2025-26,Aaron Hickey,5,3,False
0,0,0,0,0,0,0,0,0,0,0,0,0,0.0,0.0,0.0,0.0,0,0,0,0,0,0.00,0.00,0.00,0.00,0,False,117,28,2025-26,Kim Ji-soo,5,3,False
0,0,0,0,0,0,0,0,0,0,0,0,0,0.0,0.0,0.0,0.0,0,0,0,0,0,0.00,0.00,0.00,0.00,0,False,118,28,2025-26,Jayden Meghoma,5,3,False
85,0,0,0,1,0,0,0,0,0,0,0,18,9.8,49.2,6.0,6.5,0,3,1,4,1,0.00,0.23,0.23,0.38,2,False,119,28,2025-26,Bryan Mbeumo,14,8,True
71,1,0,0,3,0,0,0,0,0,0,0,22,35.0,3.3,41.0,7.9,1,4,1,6,1,0.99,0.02,1.01,0.82,7,False,120,28,2025-26,Kevin Schade,5,3,False
90,2,1,0,3,0,0,0,0,0,0,3,63,88.4,29.4,50.0,16.8,2,3,1,6,1,0.39,0.24,0.63,0.97,18,True,121,28,2025-26,Mikkel Damsgaard,5,3,False
0,0,0,0,0,0,0,0,0,0,0,0,0,0.0,0.0,0.0,0.0,0,0,0,0,0,0.00,0.00,0.00,0.00,0,False,122,28,2025-26,Antoni Milambo,5,3,False
0,0,0,0,0,0,0,0,0,0,0,0,0,0.0,0.0,0.0,0.0,0,0,0,0,0,0.00,0.00,0.00,0.00,0,False,123,28,2025-26,Fábio Freitas Gouveia Carvalho,5,3,False
18,0,0,0,0,0,0,0,0,0,0,0,5,4.4,13.5,0.0,1.8,2,1,0,3,0,0.00,0.02,0.02,0.15,1,False,124,28,2025-26,Jordan Henderson,5,3,False
0,0,0,0,0,0,0,0,0,0,0,0,0,0.0,0.0,0.0,0.0,0,0,0,0,0,0.00,0.00,0.00,0.00,0,False,125,28,2025-26,Vitaly Janelt,5,3,False
90,0,0,0,3,0,0,0,0,0,0,0,17,17.2,14.7,7.0,3.9,3,2,1,6,1,0.05,0.04,0.09,0.97,2,False,126,28,2025-26,Mathias Jensen,5,3,False
0,0,0,0,0,0,0,0,0,0,0,0,0,0.0,0.0,0.0,0.0,0,0,0,0,0,0.00,0.00,0.00,0.00,0,False,127,28,2025-26,Gustavo Nunes Fernandes Gomes,5,3,False
0,0,0,0,0,0,0,0,0,0,0,0,0,0.0,0.0,0.0,0.0,0,0,0,0,0,0.00,0.00,0.00,0.00,0,False,128,28,2025-26,Frank Onyeka,5,3,False
71,0,0,0,3,0,0,0,1,0,0,0,11,12.0,1.9,2.0,1.6,4,5,2,11,1,0.00,0.00,0.00,0.82,1,False,129,28,2025-26,Yehor Yarmoliuk,5,3,False
18,0,0,0,0,0,0,0,0,0,0,0,6,2.2,0.3,4.0,0.7,0,3,0,3,0,0.02,0.00,0.02,0.15,1,False,130,28,2025-26,Romelle Donovan,5,3,False
0,0,0,0,0,0,0,0,0,0,0,0,0,0.0,0.0,0.0,0.0,0,0,0,0,0,0.00,0.00,0.00,0.00,0,False,131,28,2025-26,Yunus Emre Konak,5,3,False
0,0,0,0,0,0,0,0,0,0,0,0,0,0.0,0.0,0.0,0.0,0,0,0,0,0,0.00,0.00,0.00,0.00,0,False,132,28,2025-26,Paris Maghoma,5,3,False
0,0,0,0,0,0,0,0,0,0,0,0,0,0.0,0.0,0.0,0.0,0,0,0,0,0,0.00,0.00,0.00,0.00,0,False,133,28,2025-26,Myles Peart-Harris,5,3,False
0,0,0,0,0,0,0,0,0,0,0,0,0,0.0,0.0,0.0,0.0,0,0,0,0,0,0.00,0.00,0.00,0.00,0,False,134,28,2025-26,Ryan Trevitt,5,3,False
15,0,0,0,1,0,0,0,0,0,0,0,1,0.0,1.4,4.0,0.3,0,0,0,0,0,0.07,0.00,0.07,0.91,1,False,135,28,2025-26,Yoane Wissa,15,9,True
90,1,0,0,3,0,0,0,1,0,0,1,35,39.4,15.5,58.0,11.3,1,3,2,6,1,0.58,0.03,0.61,0.97,6,False,136,28,2025-26,Igor Thiago Nascimento Rodrigues,5,3,False
0,0,0,0,0,0,0,0,0,0,0,0,0,0.0,0.0,0.0,0.0,0,0,0,0,0,0.00,0.00,0.00,0.00,0,False,137,28,2025-26,Iwan Morgan,5,3,False
0,0,0,0,0,0,0,0,0,0,0,0,0,0.0,0.0,0.0,0.0,0,0,0,0,0,0.00,0.00,0.00,0.00,0,False,138,28,2025-26,Jason Steele,6,16,True
90,0,0,0,1,0,0,0,0,0,3,0,14,25.6,0.0,0.0,2.6,0,7,0,0,1,0.00,0.00,0.00,0.93,3,False,139,28,2025-26,Bart Verbruggen,6,16,True
0,0,0,0,0,0,0,0,0,0,0,0,0,0.0,0.0,0.0,0.0,0,0,0,0,0,0.00,0.00,0.00,0.00,0,False,140,28,2025-26,Tom McGill,6,16,True
0,0,0,0,0,0,0,0,0,0,0,0,0,0.0,0.0,0.0,0.0,0,0,0,0,0,0.00,0.00,0.00,0.00,0,False,141,28,2025-26,Carl Rushworth,6,16,True
0,0,0,0,0,0,0,0,0,0,0,0,0,0.0,0.0,0.0,0.0,0,0,0,0,0,0.00,0.00,0.00,0.00,0,False,142,28,2025-26,Kjell Scherpen,6,16,True
0,0,0,0,0,0,0,0,0,0,0,0,0,0.0,0.0,0.0,0.0,0,0,0,0,0,0.00,0.00,0.00,0.00,0,False,143,28,2025-26,Olivier Boscagli,6,16,True
0,0,0,0,0,0,0,0,0,0,0,0,0,0.0,0.0,0.0,0.0,0,0,0,0,0,0.00,0.00,0.00,0.00,0,False,144,28,2025-26,Diego Coppola,6,16,True
1,0,0,0,0,0,0,0,0,0,0,0,4,1.0,0.0,0.0,0.1,1,1,0,1,0,0.00,0.00,0.00,0.25,1,False,145,28,2025-26,Maxim De Cuyper,6,16,True
90,0,0,0,1,0,0,0,1,0,0,0,10,28.2,0.9,2.0,3.1,7,2,1,8,1,0.00,0.01,0.01,0.93,1,False,146,28,2025-26,Lewis Dunk,6,16,True
0,0,0,0,0,0,0,0,0,0,0,0,0,0.0,0.0,0.0,0.0,0,0,0,0,0,0.00,0.00,0.00,0.00,0,False,147,28,2025-26,Pervis Estupiñán Tenorio,6,16,True
90,0,0,0,1,0,0,0,0,0,0,0,7,6.0,2.9,6.0,1.5,1,1,2,3,1,0.03,0.06,0.09,0.93,2,False,148,28,2025-26,Ferdi Kadıoğlu,6,16,True
0,0,0,0,0,0,0,0,0,0,0,0,0,0.0,0.0,0.0,0.0,0,0,0,0,0,0.00,0.00,0.00,0.00,0,False,149,28,2025-26,Igor Julio dos Santos de Paulo,6,16,True
0,0,0,0,0,0,0,0,0,0,0,0,0,0.0,0.0,0.0,0.0,0,0,0,0,0,0.00,0.00,0.00,0.00,0,False,150,28,2025-26,Tariq Lamptey,6,16,True
90,0,0,0,1,0,0,0,0,0,0,0,17,38.2,14.8,0.0,5.3,9,2,2,11,1,0.00,0.05,0.05,0.93,4,False,151,28,2025-26,Jan Paul van Hecke,6,16,True
19,0,0,0,0,0,0,0,0,0,0,0,5,1.4,0.6,0.0,0.2,0,3,0,0,0,0.00,0.01,0.01,0.56,1,False,152,28,2025-26,Joël Veltman,6,16,True
0,0,0,0,0,0,0,0,0,0,0,0,0,0.0,0.0,0.0,0.0,0,0,0,0,0,0.00,0.00,0.00,0.00,0,False,153,28,2025-26,Adam Webster,6,16,True
0,0,0,0,0,0,0,0,0,0,0,0,0,0.0,0.0,0.0,0.0,0,0,0,0,0,0.00,0.00,0.00,0.00,0,False,154,28,2025-26,Eiran Cashin,6,16,True
0,0,0,0,0,0,0,0,0,0,0,0,0,0.0,0.0,0.0,0.0,0,0,0,0,0,0.00,0.00,0.00,0.00,0,False,155,28,2025-26,Jacob Slater,6,16,True
0,0,0,0,0,0,0,0,0,0,0,0,0,0.0,0.0,0.0,0.0,0,0,0,0,0,0.00,0.00,0.00,0.00,0,False,156,28,2025-26,Charlie Tasker,6,16,True
90,0,0,0,1,0,0,0,1,0,0,0,11,12.2,28.6,34.0,7.5,3,3,0,6,1,0.62,0.10,0.72,0.68,1,False,157,28,2025-26,Mitoma Kaoru,6,16,True
0,0,0,0,0,0,0,0,0,0,0,0,0,0.0,0.0,0.0,0.0,0,0,0,0,0,0.00,0.00,0.00,0.00,0,False,158,28,2025-26,Georginio Rutter,6,16,True
4,0,0,0,0,0,0,0,0,0,0,0,4,0.0,0.0,0.0,0.0,0,0,0,0,0,0.00,0.00,0.00,0.25,1,False,159,28,2025-26,Solly March,6,16,True
0,0,0,0,0,0,0,0,0,0,0,0,0,0.0,0.0,0.0,0.0,0,0,0,0,0,0.00,0.00,0.00,0.00,0,False,160,28,2025-26,Yankuba Minteh,6,16,True
0,0,0,0,0,0,0,0,0,0,0,0,0,0.0,0.0,0.0,0.0,0,0,0,0,0,0.00,0.00,0.00,0.00,0,False,161,28,2025-26,Julio Enciso Espínola,6,16,True
0,0,0,0,0,0,0,0,0,0,0,0,0,0.0,0.0,0.0,0.0,0,0,0,0,0,0.00,0.00,0.00,0.00,0,False,162,28,2025-26,Brajan Gruda,6,16,True
90,0,1,0,1,0,0,0,0,0,0,0,10,19.0,13.6,29.0,6.2,1,4,1,6,1,0.11,0.13,0.24,0.93,5,False,163,28,2025-26,Jack Hinshelwood,6,16,True
0,0,0,0,0,0,0,0,0,0,0,0,0,0.0,0.0,0.0,0.0,0,0,0,0,0,0.00,0.00,0.00,0.00,0,False,164,28,2025-26,Matt O'Riley,6,16,True
0,0,0,0,0,0,0,0,0,0,0,0,0,0.0,0.0,0.0,0.0,0,0,0,0,0,0.00,0.00,0.00,0.00,0,False,165,28,2025-26,Abdallah Sima,6,16,True
0,0,0,0,0,0,0,0,0,0,0,0,0,0.0,0.0,0.0,0.0,0,0,0,0,0,0.00,0.00,0.00,0.00,0,False,166,28,2025-26,Yasin Ayari,6,16,True
4,0,0,0,0,0,0,0,0,0,0,0,3,2.0,1.1,0.0,0.3,1,0,0,1,0,0.00,0.00,0.00,0.25,1,False,167,28,2025-26,Carlos Baleba,6,16,True
0,0,0,0,0,0,0,0,0,0,0,0,0,0.0,0.0,0.0,0.0,0,0,0,0,0,0.00,0.00,0.00,0.00,0,False,168,28,2025-26,Facundo Buonanotte,11,13,True
85,1,0,0,1,0,0,0,0,0,0,2,37,49.4,28.1,25.0,10.3,1,5,3,9,1,0.06,0.05,0.11,0.68,9,False,169,28,2025-26,Diego Gómez Amarilla,6,16,True
85,0,0,0,1,0,0,0,0,0,0,0,13,6.4,15.9,0.0,2.2,1,5,1,7,1,0.00,0.03,0.03,0.68,2,False,170,28,2025-26,James Milner,6,16,True
0,0,0,0,0,0,0,0,0,0,0,0,0,0.0,0.0,0.0,0.0,0,0,0,0,0,0.00,0.00,0.00,0.00,0,False,171,28,2025-26,Jeremy Sarmiento Morante,6,16,True
0,0,0,0,0,0,0,0,0,0,0,0,0,0.0,0.0,0.0,0.0,0,0,0,0,0,0.00,0.00,0.00,0.00,0,False,172,28,2025-26,Tom Watson,6,16,True
70,0,0,0,1,0,0,0,1,0,0,0,9,8.6,12.3,7.0,2.8,2,3,2,7,1,0.10,0.02,0.12,0.38,1,False,173,28,2025-26,Mats Wieffer,6,16,True
0,0,0,0,0,0,0,0,0,0,0,0,0,0.0,0.0,0.0,0.0,0,0,0,0,0,0.00,0.00,0.00,0.00,0,False,174,28,2025-26,Malick Yalcouyé,6,16,True
0,0,0,0,0,0,0,0,0,0,0,0,0,0.0,0.0,0.0,0.0,0,0,0,0,0,0.00,0.00,0.00,0.00,0,False,175,28,2025-26,Joe Knight,6,16,True
0,0,0,0,0,0,0,0,0,0,0,0,0,0.0,0.0,0.0,0.0,0,0,0,0,0,0.00,0.00,0.00,0.00,0,False,176,28,2025-26,Adrian Mazilu,6,16,True
0,0,0,0,0,0,0,0,0,0,0,0,0,0.0,0.0,0.0,0.0,0,0,0,0,0,0.00,0.00,0.00,0.00,0,False,177,28,2025-26,Andrew Moran,6,16,True
90,1,0,0,1,0,0,0,0,0,0,3,41,40.2,20.8,29.0,9.0,2,3,2,7,1,0.38,0.28,0.66,0.93,9,False,178,28,2025-26,Danny Welbeck,6,16,True
0,0,0,0,0,0,0,0,0,0,0,0,0,0.0,0.0,0.0,0.0,0,0,0,0,0,0.00,0.00,0.00,0.00,0,False,179,28,2025-26,Evan Ferguson,6,16,True
0,0,0,0,0,0,0,0,0,0,0,0,0,0.0,0.0,0.0,0.0,0,0,0,0,0,0.00,0.00,0.00,0.00,0,False,180,28,2025-26,Stefanos Tzimas,6,16,True
0,0,0,0,0,0,0,0,0,0,0,0,0,0.0,0.0,0.0,0.0,0,0,0,0,0,0.00,0.00,0.00,0.00,0,False,181,28,2025-26,Charalampos Kostoulas,6,16,True
0,0,0,0,0,0,0,0,0,0,0,0,0,0.0,0.0,0.0,0.0,0,0,0,0,0,0.00,0.00,0.00,0.00,0,False,182,28,2025-26,James Trafford,13,11,False
0,0,0,0,0,0,0,0,0,0,0,0,0,0.0,0.0,0.0,0.0,0,0,0,0,0,0.00,0.00,0.00,0.00,0,False,183,28,2025-26,Max Weiß,3,5,True
0,0,0,0,0,0,0,0,0,0,0,0,0,0.0,0.0,0.0,0.0,0,0,0,0,0,0.00,0.00,0.00,0.00,0,False,184,28,2025-26,Etienne Green,3,5,True
0,0,0,0,0,0,0,0,0,0,0,0,0,0.0,0.0,0.0,0.0,0,0,0,0,0,0.00,0.00,0.00,0.00,0,False,185,28,2025-26,Václav Hladký,3,5,True
0,0,0,0,0,0,0,0,0,0,0,0,0,0.0,0.0,0.0,0.0,0,0,0,0,0,0.00,0.00,0.00,0.00,0,False,186,28,2025-26,Connor Roberts,3,5,True
0,0,0,0,0,0,0,0,0,0,0,0,0,0.0,0.0,0.0,0.0,0,0,0,0,0,0.00,0.00,0.00,0.00,0,False,187,28,2025-26,Kyle Walker,3,5,True
0,0,0,0,0,0,0,0,0,0,0,0,0,0.0,0.0,0.0,0.0,0,0,0,0,0,0.00,0.00,0.00,0.00,0,False,188,28,2025-26,Hannes Delcroix,3,5,True
0,0,0,0,0,0,0,0,0,0,0,0,0,0.0,0.0,0.0,0.0,0,0,0,0,0,0.00,0.00,0.00,0.00,0,False,189,28,2025-26,Owen Dodgson,3,5,True
0,0,0,0,0,0,0,0,0,0,0,0,0,0.0,0.0,0.0,0.0,0,0,0,0,0,0.00,0.00,0.00,0.00,0,False,190,28,2025-26,Hjalmar Ekdal,3,5,True
90,0,0,0,4,0,0,0,0,0,0,0,-2,17.8,0.5,4.0,2.2,8,4,0,8,1,0.09,0.05,0.14,2.25,0,False,191,28,2025-26,Maxime Estève,3,5,True
0,0,0,0,0,0,0,0,0,0,0,0,0,0.0,0.0,0.0,0.0,0,0,0,0,0,0.00,0.00,0.00,0.00,0,False,192,28,2025-26,Quilindschy Hartman,3,5,True
90,0,0,0,4,0,0,0,1,0,0,0,-1,24.4,15.8,0.0,4.0,8,3,2,10,1,0.00,0.11,0.11,2.25,1,False,193,28,2025-26,Bashir Humphreys,3,5,True
0,0,0,0,0,0,0,0,0,0,0,0,0,0.0,0.0,0.0,0.0,0,0,0,0,0,0.00,0.00,0.00,0.00,0,False,194,28,2025-26,Jordan Beyer,3,5,True
90,0,0,0,4,0,0,0,0,0,0,0,7,15.4,15.6,0.0,3.1,3,6,2,5,1,0.00,0.22,0.22,2.25,0,False,195,28,2025-26,Lucas Pires Silva,3,5,True
0,0,0,0,0,0,0,0,0,0,0,0,0,0.0,0.0,0.0,0.0,0,0,0,0,0,0.00,0.00,0.00,0.00,0,False,196,28,2025-26,Shurandy Sambo,3,5,True
0,0,0,0,0,0,0,0,0,0,0,0,0,0.0,0.0,0.0,0.0,0,0,0,0,0,0.00,0.00,0.00,0.00,0,False,197,28,2025-26,Oliver Sonne,3,5,True
0,0,0,0,0,0,0,0,0,0,0,0,0,0.0,0.0,0.0,0.0,0,0,0,0,0,0.00,0.00,0.00,0.00,0,False,198,28,2025-26,Axel Tuanzebe,3,5,True
90,0,0,0,4,0,0,0,0,0,0,0,-5,19.8,0.0,9.0,2.9,13,1,0,13,1,0.08,0.00,0.08,2.25,2,False,199,28,2025-26,Joe Worrall,3,5,True
90,1,1,0,4,0,0,0,0,0,0,0,33,40.4,2.4,43.0,8.6,2,4,2,8,1,0.34,0.02,0.36,2.25,10,False,200,28,2025-26,Jaidon Anthony,3,5,True
0,0,0,0,0,0,0,0,0,0,0,0,0,0.0,0.0,0.0,0.0,0,0,0,0,0,0.00,0.00,0.00,0.00,0,False,201,28,2025-26,Manuel Benson Hedilazio,3,5,True
45,0,0,0,3,0,0,0,0,0,0,0,3,0.2,0.8,0.0,0.1,0,1,0,1,1,0.00,0.00,0.00,1.80,1,False,202,28,2025-26,Jacob Bruun Larsen,3,5,True
0,0,0,0,0,0,0,0,0,0,0,0,0,0.0,0.0,0.0,0.0,0,0,0,0,0,0.00,0.00,0.00,0.00,0,False,203,28,2025-26,Enock Agyei,3,5,True
0,0,0,0,0,0,0,0,0,0,0,0,0,0.0,0.0,0.0,0.0,0,0,0,0,0,0.00,0.00,0.00,0.00,0,False,204,28,2025-26,Darko Churlinov,3,5,True
0,0,0,0,0,0,0,0,0,0,0,0,0,0.0,0.0,0.0,0.0,0,0,0,0,0,0.00,0.00,0.00,0.00,0,False,205,28,2025-26,Josh Cullen,3,5,True
0,0,0,0,0,0,0,0,0,0,0,0,0,0.0,0.0,0.0,0.0,0,0,0,0,0,0.00,0.00,0.00,0.00,0,False,206,28,2025-26,Marcus Edwards,3,5,True
83,0,2,0,3,0,0,0,0,0,0,2,43,48.4,32.3,1.0,8.2,2,4,3,9,1,0.04,0.15,0.19,1.93,10,False,207,28,2025-26,Hannibal Mejbri,3,5,True
0,0,0,0,0,0,0,0,0,0,0,0,0,0.0,0.0,0.0,0.0,0,0,0,0,0,0.00,0.00,0.00,0.00,0,False,208,28,2025-26,Luca Koleosho,3,5,True
45,0,0,0,3,0,0,0,0,0,0,0,9,16.8,41.6,0.0,5.8,1,2,1,4,1,0.00,0.04,0.04,1.80,1,False,209,28,2025-26,Josh Laurent,3,5,True
6,0,0,0,1,0,0,0,0,0,0,0,5,6.0,14.5,0.0,2.1,0,0,0,0,0,0.00,0.09,0.09,0.31,1,False,210,28,2025-26,Loum Tchaouna,3,5,True
0,0,0,0,0,0,0,0,0,0,0,0,0,0.0,0.0,0.0,0.0,0,0,0,0,0,0.00,0.00,0.00,0.00,0,False,211,28,2025-26,Aaron Ramsey,3,5,True
0,0,0,0,0,0,0,0,0,0,0,0,0,0.0,0.0,0.0,0.0,0,0,0,0,0,0.00,0.00,0.00,0.00,0,False,212,28,2025-26,Oluwaseun Adewumi,3,5,True
0,0,0,0,0,0,0,0,0,0,0,0,0,0.0,0.0,0.0,0.0,0,0,0,0,0,0.00,0.00,0.00,0.00,0,False,213,28,2025-26,Jaydon Banel,3,5,True
0,0,0,0,0,0,0,0,0,0,0,0,0,0.0,0.0,0.0,0.0,0,0,0,0,0,0.00,0.00,0.00,0.00,0,False,214,28,2025-26,Mike Trésor Ndayishimiye,3,5,True
90,1,0,0,3,0,0,0,0,0,0,0,34,35.2,3.3,27.0,6.6,2,3,1,6,1,0.32,0.01,0.33,1.96,6,False,215,28,2025-26,Zian Flemming,3,5,True
0,0,0,0,0,0,0,0,0,0,0,0,0,0.0,0.0,0.0,0.0,0,0,0,0,0,0.00,0.00,0.00,0.00,0,False,216,28,2025-26,Zeki Amdouni,3,5,True
45,0,0,0,1,0,0,0,1,0,0,0,3,7.2,13.3,0.0,2.1,1,1,1,3,0,0.00,0.02,0.02,0.45,0,False,217,28,2025-26,Lyle Foster,3,5,True
1,0,0,0,1,0,0,0,0,0,0,0,2,0.0,0.0,0.0,0.0,0,0,0,0,0,0.00,0.00,0.00,0.29,1,False,218,28,2025-26,Ashley Barnes,3,5,True
0,0,0,0,0,0,0,0,0,0,0,0,0,0.0,0.0,0.0,0.0,0,0,0,0,0,0.00,0.00,0.00,0.00,0,False,219,28,2025-26,Michael Obafemi,3,5,True
90,0,0,0,2,0,0,0,0,0,3,0,10,7.2,0.0,0.0,0.7,2,10,2,0,1,0.00,0.00,0.00,1.13,2,False,220,28,2025-26,Robert Lynch Sánchez,7,1,False
0,0,0,0,0,0,0,0,0,0,0,0,0,0.0,0.0,0.0,0.0,0,0,0,0,0,0.00,0.00,0.00,0.00,0,False,221,28,2025-26,Filip Jörgensen,7,1,False
0,0,0,0,0,0,0,0,0,0,0,0,0,0.0,0.0,0.0,0.0,0,0,0,0,0,0.00,0.00,0.00,0.00,0,False,222,28,2025-26,Mike Penders,7,1,False
0,0,0,0,0,0,0,0,0,0,0,0,0,0.0,0.0,0.0,0.0,0,0,0,0,0,0.00,0.00,0.00,0.00,0,False,223,28,2025-26,Gabriel Słonina,7,1,False
0,0,0,0,0,0,0,0,0,0,0,0,0,0.0,0.0,0.0,0.0,0,0,0,0,0,0.00,0.00,0.00,0.00,0,False,224,28,2025-26,Marc Cucurella Saseta,7,1,False
90,0,1,0,2,0,0,0,0,0,0,2,26,0.8,0.2,0.0,0.1,3,6,3,6,1,0.00,0.35,0.35,1.13,6,False,225,28,2025-26,Reece James,7,1,False
90,0,0,0,2,0,0,0,0,0,0,0,11,3.2,0.1,0.0,0.3,5,5,1,6,1,0.00,0.24,0.24,1.13,1,False,226,28,2025-26,Trevoh Chalobah,7,1,False
0,0,0,0,0,0,0,0,0,0,0,0,0,0.0,0.0,0.0,0.0,0,0,0,0,0,0.00,0.00,0.00,0.00,0,False,227,28,2025-26,Levi Samuels Colwill,7,1,False
15,0,0,0,0,0,0,0,0,0,0,0,4,0.0,0.0,0.0,0.0,0,1,0,0,0,0.00,0.00,0.00,0.10,1,False,228,28,2025-26,Malo Gusto,7,1,False
0,0,0,0,0,0,0,0,0,0,0,0,0,0.0,0.0,0.0,0.0,0,0,0,0,0,0.00,0.00,0.00,0.00,0,False,229,28,2025-26,Benoît Badiashile Mukinayi,7,1,False
0,0,0,0,0,0,0,0,0,0,0,0,0,0.0,0.0,0.0,0.0,0,0,0,0,0,0.00,0.00,0.00,0.00,0,False,230,28,2025-26,Wesley Fofana,7,1,False
89,0,0,0,2,0,0,0,0,0,0,0,2,6.2,0.1,7.0,1.3,7,1,1,8,1,0.35,0.00,0.35,1.13,1,False,231,28,2025-26,Mamadou Sarr,7,1,False
1,0,0,0,0,0,0,0,0,0,0,0,4,0.0,0.0,0.0,0.0,2,0,0,2,0,0.00,0.00,0.00,0.00,1,False,232,28,2025-26,Tosin Adarabioyo,7,1,False
0,0,0,0,0,0,0,0,0,0,0,0,0,0.0,0.0,0.0,0.0,0,0,0,0,0,0.00,0.00,0.00,0.00,0,False,233,28,2025-26,Josh Acheampong,7,1,False
0,0,0,0,0,0,0,0,0,0,0,0,0,0.0,0.0,0.0,0.0,0,0,0,0,0,0.00,0.00,0.00,0.00,0,False,234,28,2025-26,Aarón Anselmino,7,1,False
85,0,0,0,2,0,0,0,1,0,0,0,-4,0.0,1.5,3.0,0.3,1,1,1,3,1,0.03,0.02,0.05,1.13,1,False,235,28,2025-26,Cole Palmer,7,1,False
69,0,0,0,2,0,0,0,0,1,0,0,-3,2.2,10.8,2.0,1.5,0,1,0,1,1,0.03,0.04,0.07,1.03,-1,False,236,28,2025-26,Pedro Lomba Neto,7,1,False
85,0,0,0,2,0,0,0,1,0,0,0,11,2.6,1.7,0.0,0.4,3,5,1,9,1,0.02,0.01,0.03,1.13,1,False,237,28,2025-26,Enzo Fernández,7,1,False
0,0,0,0,0,0,0,0,0,0,0,0,0,0.0,0.0,0.0,0.0,0,0,0,0,0,0.00,0.00,0.00,0.00,0,False,238,28,2025-26,Estêvão Almeida de Oliveira Gonçalves,7,1,False
0,0,0,0,0,0,0,0,0,0,0,0,0,0.0,0.0,0.0,0.0,0,0,0,0,0,0.00,0.00,0.00,0.00,0,False,239,28,2025-26,Jamie Bynoe-Gittens,7,1,False
0,0,0,0,0,0,0,0,0,0,0,0,0,0.0,0.0,0.0,0.0,0,0,0,0,0,0.00,0.00,0.00,0.00,0,False,240,28,2025-26,Christopher Nkunku,7,1,False
90,0,0,0,2,0,0,0,0,0,0,0,16,4.6,0.3,0.0,0.5,6,5,5,16,1,0.05,0.02,0.07,1.13,4,False,241,28,2025-26,Moisés Caicedo Corozo,7,1,False
88,0,1,0,2,0,0,0,1,0,0,0,25,30.8,33.0,2.0,6.6,1,8,3,12,1,0.00,0.62,0.62,1.00,6,False,242,28,2025-26,Kiernan Dewsbury-Hall,9,15,False
0,0,0,0,0,0,0,0,0,0,0,0,0,0.0,0.0,0.0,0.0,0,0,0,0,0,0.00,0.00,0.00,0.00,0,False,243,28,2025-26,Tyrique George,9,15,False
15,0,0,0,0,0,0,0,0,0,0,0,3,0.0,0.0,0.0,0.0,0,1,0,1,0,0.00,0.01,0.01,0.10,1,False,244,28,2025-26,Roméo Lavia,7,1,False
0,0,0,0,0,0,0,0,0,0,0,0,0,0.0,0.0,0.0,0.0,0,0,0,0,0,0.00,0.00,0.00,0.00,0,False,245,28,2025-26,Mykhailo Mudryk,7,1,False
74,0,0,0,2,0,0,0,0,0,0,0,10,2.0,0.1,0.0,0.2,2,2,2,6,1,0.00,0.00,0.00,1.03,2,False,246,28,2025-26,Andrey Nascimento dos Santos,7,1,False
0,0,0,0,0,0,0,0,0,0,0,0,0,0.0,0.0,0.0,0.0,0,0,0,0,0,0.00,0.00,0.00,0.00,0,False,247,28,2025-26,Dário Luís Essugo,7,1,False
0,0,0,0,0,0,0,0,0,0,0,0,0,0.0,0.0,0.0,0.0,0,0,0,0,0,0.00,0.00,0.00,0.00,0,False,248,28,2025-26,Kendry Páez Andrade,7,1,False
90,0,0,0,2,0,0,0,0,0,0,0,0,0.0,2.4,0.0,0.2,0,2,1,3,1,0.57,0.01,0.58,1.13,2,False,249,28,2025-26,João Pedro Junqueira de Jesus,7,1,False
4,0,0,0,0,0,0,0,0,0,0,0,2,0.0,0.0,0.0,0.0,0,0,0,0,0,0.00,0.00,0.00,0.00,1,False,250,28,2025-26,Liam Delap,7,1,False
0,0,0,0,0,0,0,0,0,0,0,0,0,0.0,0.0,0.0,0.0,0,0,0,0,0,0.00,0.00,0.00,0.00,0,False,251,28,2025-26,Nicolas Jackson,7,1,False
0,0,0,0,0,0,0,0,0,0,0,0,0,0.0,0.0,0.0,0.0,0,0,0,0,0,0.00,0.00,0.00,0.00,0,False,252,28,2025-26,Marc Guiu Paz,7,1,False
90,0,0,0,2,0,0,0,1,0,9,0,20,48.8,0.0,0.0,4.9,2,12,0,0,1,0.00,0.00,0.00,2.05,3,False,253,28,2025-26,Dean Henderson,8,14,False
0,0,0,0,0,0,0,0,0,0,0,0,0,0.0,0.0,0.0,0.0,0,0,0,0,0,0.00,0.00,0.00,0.00,0,False,254,28,2025-26,Walter Benítez,8,14,False
0,0,0,0,0,0,0,0,0,0,0,0,0,0.0,0.0,0.0,0.0,0,0,0,0,0,0.00,0.00,0.00,0.00,0,False,255,28,2025-26,Remi Matthews,8,14,False
90,0,0,0,2,0,0,0,0,0,0,0,8,13.4,22.4,2.0,3.8,1,9,4,5,1,0.00,0.04,0.04,2.05,1,False,256,28,2025-26,Daniel Muñoz Mejía,8,14,False
55,1,0,0,2,0,0,0,0,1,0,0,-3,29.4,0.2,17.0,4.7,4,1,0,4,1,0.02,0.01,0.03,0.44,3,False,257,28,2025-26,Maxence Lacroix,8,14,False
90,0,0,0,2,0,0,0,0,0,0,0,3,13.0,21.8,7.0,4.2,5,5,1,6,1,0.01,0.07,0.08,2.05,1,False,258,28,2025-26,Tyrick Mitchell,8,14,False
0,0,0,0,0,0,0,0,0,0,0,0,0,0.0,0.0,0.0,0.0,0,0,0,0,0,0.00,0.00,0.00,0.00,0,False,259,28,2025-26,Borna Sosa,8,14,False
90,0,0,1,0,0,0,0,0,0,0,0,29,29.8,2.8,33.0,6.6,6,2,2,8,1,0.21,0.03,0.24,1.49,6,False,260,28,2025-26,Marc Guéhi,13,11,False
90,0,0,0,2,0,0,0,0,0,0,0,6,23.6,10.7,2.0,3.6,8,1,1,9,1,0.00,0.01,0.01,2.05,1,False,261,28,2025-26,Chris Richards,8,14,False
32,0,0,0,1,0,0,0,0,0,0,0,-3,4.2,0.8,0.0,0.5,1,0,1,2,0,0.00,0.00,0.00,0.83,1,False,262,28,2025-26,Chadi Riad Dnanou,8,14,False
0,0,0,0,0,0,0,0,0,0,0,0,0,0.0,0.0,0.0,0.0,0,0,0,0,0,0.00,0.00,0.00,0.00,0,False,263,28,2025-26,Nathaniel Clyne,8,14,False
0,0,0,0,0,0,0,0,0,0,0,0,0,0.0,0.0,0.0,0.0,0,0,0,0,0,0.00,0.00,0.00,0.00,0,False,264,28,2025-26,Rob Holding,8,14,False
0,0,0,0,0,0,0,0,0,0,0,0,0,0.0,0.0,0.0,0.0,0,0,0,0,0,0.00,0.00,0.00,0.00,0,False,265,28,2025-26,Caleb Kporha,8,14,False
90,0,0,0,1,0,0,0,0,0,0,0,11,0.0,0.6,2.0,0.1,0,3,1,4,1,0.25,0.07,0.32,1.05,2,False,266,28,2025-26,Eberechi Eze,1,7,True
90,0,0,0,2,0,0,0,0,0,0,0,13,13.8,2.6,28.0,4.4,2,1,1,4,1,0.11,0.03,0.14,2.05,2,False,267,28,2025-26,Ismaïla Sarr,8,14,False
0,0,0,0,0,0,0,0,0,0,0,0,0,0.0,0.0,0.0,0.0,0,0,0,0,0,0.00,0.00,0.00,0.00,0,False,268,28,2025-26,Cheick Doucouré,8,14,False
0,0,0,0,0,0,0,0,0,0,0,0,0,0.0,0.0,0.0,0.0,0,0,0,0,0,0.00,0.00,0.00,0.00,0,False,269,28,2025-26,Romain Esse,8,14,False
22,0,0,0,0,0,0,0,0,0,0,0,3,3.6,0.3,5.0,0.9,0,1,1,2,0,0.05,0.00,0.05,0.62,1,False,270,28,2025-26,Will Hughes,8,14,False
84,0,0,0,2,0,0,0,1,0,0,0,11,9.0,21.8,0.0,3.1,2,6,2,10,1,0.00,0.03,0.03,1.69,1,False,271,28,2025-26,Daichi Kamada,8,14,False
0,0,0,0,0,0,0,0,0,0,0,0,0,0.0,0.0,0.0,0.0,0,0,0,0,0,0.00,0.00,0.00,0.00,0,False,272,28,2025-26,Jefferson Lerma Solís,8,14,False
67,0,0,0,2,0,0,0,0,0,0,0,7,4.4,2.4,0.0,0.7,0,4,2,6,1,0.00,0.01,0.01,1.43,2,False,273,28,2025-26,Adam Wharton,8,14,False
0,0,0,0,0,0,0,0,0,0,0,0,0,0.0,0.0,0.0,0.0,0,0,0,0,0,0.00,0.00,0.00,0.00,0,False,274,28,2025-26,Asher Agbinone,8,14,False
0,0,0,0,0,0,0,0,0,0,0,0,0,0.0,0.0,0.0,0.0,0,0,0,0,0,0.00,0.00,0.00,0.00,0,False,275,28,2025-26,Naouirou Ahamada,8,14,False
0,0,0,0,0,0,0,0,0,0,0,0,0,0.0,0.0,0.0,0.0,0,0,0,0,0,0.00,0.00,0.00,0.00,0,False,276,28,2025-26,Justin Devenny,8,14,False
0,0,0,0,0,0,0,0,0,0,0,0,0,0.0,0.0,0.0,0.0,0,0,0,0,0,0.00,0.00,0.00,0.00,0,False,277,28,2025-26,Malcolm Ebiowei,8,14,False
0,0,0,0,0,0,0,0,0,0,0,0,0,0.0,0.0,0.0,0.0,0,0,0,0,0,0.00,0.00,0.00,0.00,0,False,278,28,2025-26,Jesurun Rak-Sakyi,8,14,False
0,0,0,0,0,0,0,0,0,0,0,0,0,0.0,0.0,0.0,0.0,0,0,0,0,0,0.00,0.00,0.00,0.00,0,False,279,28,2025-26,Matheus França de Oliveira,8,14,False
0,0,0,0,0,0,0,0,0,0,0,0,0,0.0,0.0,0.0,0.0,0,0,0,0,0,0.00,0.00,0.00,0.00,0,False,280,28,2025-26,David Ozoh,8,14,False
0,0,0,0,0,0,0,0,0,0,0,0,0,0.0,0.0,0.0,0.0,0,0,0,0,0,0.00,0.00,0.00,0.00,0,False,281,28,2025-26,Kaden Rodney,8,14,False
0,0,0,0,0,0,0,0,0,0,0,0,0,0.0,0.0,0.0,0.0,0,0,0,0,0,0.00,0.00,0.00,0.00,0,False,282,28,2025-26,Franco Umeh-Chibueze,8,14,False
0,0,0,0,0,0,0,0,0,0,0,0,0,0.0,0.0,0.0,0.0,0,0,0,0,0,0.00,0.00,0.00,0.00,0,False,283,28,2025-26,Jean-Philippe Mateta,8,14,False
0,0,0,0,0,0,0,0,0,0,0,0,0,0.0,0.0,0.0,0.0,0,0,0,0,0,0.00,0.00,0.00,0.00,0,False,284,28,2025-26,Eddie Nketiah,8,14,False
0,0,0,0,0,0,0,0,0,0,0,0,0,0.0,0.0,0.0,0.0,0,0,0,0,0,0.00,0.00,0.00,0.00,0,False,285,28,2025-26,Odsonne Édouard,8,14,False
0,0,0,0,0,0,0,0,0,0,0,0,0,0.0,0.0,0.0,0.0,0,0,0,0,0,0.00,0.00,0.00,0.00,0,False,286,28,2025-26,Zach Marsh,8,14,False
90,0,0,0,2,0,0,0,0,0,4,0,9,28.6,0.0,0.0,2.9,1,5,0,0,1,0.00,0.01,0.01,1.03,2,False,287,28,2025-26,Jordan Pickford,9,15,False
0,0,0,0,0,0,0,0,0,0,0,0,0,0.0,0.0,0.0,0.0,0,0,0,0,0,0.00,0.00,0.00,0.00,0,False,288,28,2025-26,Mark Travers,9,15,False
0,0,0,0,0,0,0,0,0,0,0,0,0,0.0,0.0,0.0,0.0,0,0,0,0,0,0.00,0.00,0.00,0.00,0,False,289,28,2025-26,Harry Tyrer,9,15,False
90,1,0,0,2,0,0,0,0,0,0,0,19,52.4,0.3,33.0,8.6,9,3,2,11,1,0.04,0.00,0.04,1.03,9,False,290,28,2025-26,Jarrad Branthwaite,9,15,False
90,0,0,0,2,0,0,0,0,0,0,0,6,29.4,0.0,0.0,2.9,13,1,0,13,1,0.00,0.00,0.00,1.03,3,False,291,28,2025-26,James Tarkowski,9,15,False
90,0,0,0,2,0,0,0,0,0,0,0,8,22.2,5.2,0.0,2.7,10,5,0,10,1,0.00,0.03,0.03,1.03,3,False,292,28,2025-26,Vitalii Mykolenko,9,15,False
90,0,0,0,2,0,0,0,0,0,0,0,3,19.0,11.1,2.0,3.2,2,3,6,8,1,0.00,0.14,0.14,1.03,1,False,293,28,2025-26,Jake O'Brien,9,15,False
0,0,0,0,0,0,0,0,0,0,0,0,0,0.0,0.0,0.0,0.0,0,0,0,0,0,0.00,0.00,0.00,0.00,0,False,294,28,2025-26,Séamus Coleman,9,15,False
1,0,0,0,0,0,0,0,0,0,0,0,4,4.0,0.0,0.0,0.4,2,0,0,2,0,0.00,0.00,0.00,0.02,1,False,295,28,2025-26,Michael Keane,9,15,False
0,0,0,0,0,0,0,0,0,0,0,0,0,0.0,0.0,0.0,0.0,0,0,0,0,0,0.00,0.00,0.00,0.00,0,False,296,28,2025-26,Nathan Patterson,9,15,False
0,0,0,0,0,0,0,0,0,0,0,0,0,0.0,0.0,0.0,0.0,0,0,0,0,0,0.00,0.00,0.00,0.00,0,False,297,28,2025-26,Roman Dixon,9,15,False
0,0,0,0,0,0,0,0,0,0,0,0,0,0.0,0.0,0.0,0.0,0,0,0,0,0,0.00,0.00,0.00,0.00,0,False,298,28,2025-26,Reece Welch,9,15,False
90,0,0,0,2,0,0,0,0,0,0,0,14,14.8,8.1,3.0,2.6,1,7,5,13,1,0.02,0.02,0.04,1.03,4,False,299,28,2025-26,Iliman Ndiaye,9,15,False
80,0,1,0,1,0,0,0,0,0,0,1,27,18.0,3.5,27.0,4.9,3,4,4,11,1,0.16,0.01,0.17,0.95,6,False,300,28,2025-26,Dwight McNeil,9,15,False
0,0,0,0,0,0,0,0,0,0,0,0,0,0.0,0.0,0.0,0.0,0,0,0,0,0,0.00,0.00,0.00,0.00,0,False,301,28,2025-26,Carlos Alcaraz Durán,9,15,False
90,0,0,0,2,0,0,0,0,0,0,0,20,15.0,23.9,0.0,3.9,2,7,2,11,1,0.00,0.02,0.02,1.03,2,False,302,28,2025-26,Idrissa Gana Gueye,9,15,False
90,0,1,0,2,0,0,0,1,0,0,0,20,24.8,19.1,0.0,4.4,8,4,0,12,1,0.00,0.05,0.05,1.03,6,False,303,28,2025-26,James Garner,9,15,False
0,0,0,0,0,0,0,0,0,0,0,0,0,0.0,0.0,0.0,0.0,0,0,0,0,0,0.00,0.00,0.00,0.00,0,False,304,28,2025-26,Tim Iroegbunam,9,15,False
9,0,0,0,1,0,0,0,0,0,0,0,5,4.0,0.3,0.0,0.4,0,1,2,3,0,0.00,0.00,0.00,0.08,1,False,305,28,2025-26,Harrison Armstrong,9,15,False
0,0,0,0,0,0,0,0,0,0,0,0,0,0.0,0.0,0.0,0.0,0,0,0,0,0,0.00,0.00,0.00,0.00,0,False,306,28,2025-26,Callum Bates,9,15,False
0,0,0,0,0,0,0,0,0,0,0,0,0,0.0,0.0,0.0,0.0,0,0,0,0,0,0.00,0.00,0.00,0.00,0,False,307,28,2025-26,Coby Ebere,9,15,False
0,0,0,0,0,0,0,0,0,0,0,0,0,0.0,0.0,0.0,0.0,0,0,0,0,0,0.00,0.00,0.00,0.00,0,False,308,28,2025-26,Isaac Heath,9,15,False
0,0,0,0,0,0,0,0,0,0,0,0,0,0.0,0.0,0.0,0.0,0,0,0,0,0,0.00,0.00,0.00,0.00,0,False,309,28,2025-26,Jenson Metcalfe,9,15,False
16,1,0,0,1,0,0,0,1,0,0,2,29,31.4,1.4,39.0,7.2,0,3,0,3,0,0.91,0.00,0.91,0.21,6,False,310,28,2025-26,Thierno Barry,9,15,False
73,1,0,0,1,0,0,0,0,0,0,3,44,48.2,12.8,37.0,9.8,3,3,3,9,1,1.02,0.01,1.03,0.82,9,True,311,28,2025-26,Norberto Bercique Gomes Betuncal,9,15,False
0,0,0,0,0,0,0,0,0,0,0,0,0,0.0,0.0,0.0,0.0,0,0,0,0,0,0.00,0.00,0.00,0.00,0,False,312,28,2025-26,Youssef Ramalho Chermiti,9,15,False
0,0,0,0,0,0,0,0,0,0,0,0,0,0.0,0.0,0.0,0.0,0,0,0,0,0,0.00,0.00,0.00,0.00,0,False,313,28,2025-26,Martin Sherif,9,15,False
90,0,0,0,1,0,0,0,0,0,0,0,4,4.6,0.0,0.0,0.5,3,5,0,0,1,0.00,0.00,0.00,0.88,2,False,314,28,2025-26,Bernd Leno,10,18,True
0,0,0,0,0,0,0,0,0,0,0,0,0,0.0,0.0,0.0,0.0,0,0,0,0,0,0.00,0.00,0.00,0.00,0,False,315,28,2025-26,Steven Benda,10,18,True
0,0,0,0,0,0,0,0,0,0,0,0,0,0.0,0.0,0.0,0.0,0,0,0,0,0,0.00,0.00,0.00,0.00,0,False,316,28,2025-26,Antonee Robinson,10,18,True
0,0,0,0,0,0,0,0,0,0,0,0,0,0.0,0.0,0.0,0.0,0,0,0,0,0,0.00,0.00,0.00,0.00,0,False,317,28,2025-26,Joachim Andersen,10,18,True
90,0,0,0,1,0,0,0,1,0,0,0,5,20.6,0.9,11.0,3.3,8,6,0,8,1,0.29,0.05,0.34,0.88,1,False,318,28,2025-26,Calvin Bassey,10,18,True
0,0,0,0,0,0,0,0,0,0,0,0,0,0.0,0.0,0.0,0.0,0,0,0,0,0,0.00,0.00,0.00,0.00,0,False,319,28,2025-26,Timothy Castagne,10,18,True
90,0,0,0,1,0,0,0,1,0,0,0,10,24.4,0.7,2.0,2.7,8,1,1,9,1,0.00,0.00,0.00,0.88,1,False,320,28,2025-26,Issa Diop,10,18,True
1,0,0,0,0,0,0,0,0,0,0,0,4,9.2,0.0,0.0,0.9,3,0,0,3,0,0.00,0.00,0.00,0.08,1,False,321,28,2025-26,Jorge Cuenca Barreno,10,18,True
90,0,0,0,1,0,0,0,0,0,0,0,11,13.8,11.9,11.0,3.7,6,5,2,8,1,0.16,0.29,0.45,0.88,2,False,322,28,2025-26,Kenny Tete,10,18,True
0,0,0,0,0,0,0,0,0,0,0,0,0,0.0,0.0,0.0,0.0,0,0,0,0,0,0.00,0.00,0.00,0.00,0,False,323,28,2025-26,Samuel Amissah,10,18,True
89,1,0,0,1,0,0,0,0,0,0,3,50,56.6,52.7,15.0,12.4,2,6,2,10,1,0.06,0.14,0.20,0.80,10,True,324,28,2025-26,Alex Iwobi,10,18,True
71,0,0,0,1,0,0,0,0,0,0,0,3,7.2,3.0,25.0,3.5,2,1,1,4,1,0.49,0.02,0.51,0.65,2,False,325,28,2025-26,Emile Smith Rowe,10,18,True
14,0,0,0,1,0,0,0,0,0,0,0,1,0.0,1.3,0.0,0.1,0,0,0,0,0,0.00,0.00,0.00,0.62,1,False,326,28,2025-26,Adama Traoré Diarra,19,12,False
0,0,0,0,0,0,0,0,0,0,0,0,0,0.0,0.0,0.0,0.0,0,0,0,0,0,0.00,0.00,0.00,0.00,0,False,327,28,2025-26,Andreas Hoelgebaum Pereira,10,18,True
90,0,0,0,1,0,0,0,0,0,0,0,11,19.6,15.7,16.0,5.1,7,3,3,13,1,0.10,0.01,0.11,0.88,4,False,328,28,2025-26,Ryan Sessegnon,10,18,True
71,1,1,0,1,0,0,0,0,0,0,2,35,50.4,12.5,28.0,9.1,0,1,0,1,1,0.34,0.02,0.36,0.65,12,True,329,28,2025-26,Harry Wilson,10,18,True
90,0,0,0,1,0,0,0,0,0,0,0,13,5.8,2.8,0.0,0.9,2,6,0,8,1,0.00,0.01,0.01,0.88,2,False,330,28,2025-26,Sander Berge,10,18,True
18,0,0,0,0,0,0,0,1,0,0,0,0,0.0,0.8,1.0,0.1,0,2,1,3,0,0.10,0.01,0.11,0.23,0,False,331,28,2025-26,Tom Cairney,10,18,True
0,0,0,0,0,0,0,0,0,0,0,0,0,0.0,0.0,0.0,0.0,0,0,0,0,0,0.00,0.00,0.00,0.00,0,False,332,28,2025-26,Saša Lukić,10,18,True
0,0,0,0,0,0,0,0,0,0,0,0,0,0.0,0.0,0.0,0.0,0,0,0,0,0,0.00,0.00,0.00,0.00,0,False,333,28,2025-26,Martial Godo,10,18,True
0,0,0,0,0,0,0,0,0,0,0,0,0,0.0,0.0,0.0,0.0,0,0,0,0,0,0.00,0.00,0.00,0.00,0,False,334,28,2025-26,Luke Harris,10,18,True
16,0,0,0,0,0,0,0,0,0,0,0,1,0.0,0.3,0.0,0.0,1,2,0,3,0,0.00,0.00,0.00,0.23,1,False,335,28,2025-26,Josh King,10,18,True
0,0,0,0,0,0,0,0,0,0,0,0,0,0.0,0.0,0.0,0.0,0,0,0,0,0,0.00,0.00,0.00,0.00,0,False,336,28,2025-26,Harrison Reed,10,18,True
72,0,0,0,1,0,0,0,0,0,0,0,10,6.2,15.2,11.0,3.2,2,1,2,5,1,0.43,0.02,0.45,0.65,2,False,337,28,2025-26,Raúl Jiménez Rodríguez,10,18,True
17,0,0,0,0,0,0,0,0,0,0,0,6,9.0,1.2,19.0,2.9,3,0,0,3,0,0.10,0.00,0.10,0.23,1,False,338,28,2025-26,Rodrigo Muniz Carvalho,10,18,True
0,0,0,0,0,0,0,0,0,0,0,0,0,0.0,0.0,0.0,0.0,0,0,0,0,0,0.00,0.00,0.00,0.00,0,False,339,28,2025-26,Illan Meslier,11,13,True
0,0,0,0,0,0,0,0,0,0,0,0,0,0.0,0.0,0.0,0.0,0,0,0,0,0,0.00,0.00,0.00,0.00,0,False,340,28,2025-26,Alex Cairns,11,13,True
90,0,0,0,1,0,0,0,0,0,4,0,16,36.6,0.0,0.0,3.7,1,6,0,0,1,0.00,0.00,0.00,2.00,3,False,341,28,2025-26,Karl Darlow,11,13,True
75,0,0,0,1,0,0,0,0,0,0,0,6,9.8,14.4,2.0,2.6,4,3,1,5,1,0.00,0.37,0.37,2.00,2,False,342,28,2025-26,Jayden Bogle,11,13,True
90,0,0,0,1,0,0,0,0,0,0,0,9,20.0,10.8,2.0,3.3,7,4,0,7,1,0.00,0.00,0.00,2.00,2,False,343,28,2025-26,Pascal Struijk,11,13,True
3,0,0,0,0,0,0,0,0,0,0,0,-1,0.0,0.0,4.0,0.3,0,1,0,0,0,0.05,0.00,0.05,0.00,1,False,344,28,2025-26,Jaka Bijol,11,13,True
0,0,0,0,0,0,0,0,0,0,0,0,0,0.0,0.0,0.0,0.0,0,0,0,0,0,0.00,0.00,0.00,0.00,0,False,345,28,2025-26,Sebastiaan Bornauw,11,13,True
0,0,0,0,0,0,0,0,0,0,0,0,0,0.0,0.0,0.0,0.0,0,0,0,0,0,0.00,0.00,0.00,0.00,0,False,346,28,2025-26,Sam Byram,11,13,True
90,0,0,0,1,0,0,0,0,0,0,0,5,8.6,1.3,4.0,1.4,5,2,2,7,1,0.02,0.01,0.03,2.00,2,False,347,28,2025-26,Gabriel Gudmundsson,11,13,True
86,0,0,0,1,0,0,0,0,0,0,0,10,6.0,0.5,0.0,0.7,4,1,0,4,1,0.00,0.02,0.02,2.00,2,False,348,28,2025-26,Joe Rodon,11,13,True
0,0,0,0,0,0,0,0,0,0,0,0,0,0.0,0.0,0.0,0.0,0,0,0,0,0,0.00,0.00,0.00,0.00,0,False,349,28,2025-26,Isaac Schmidt,11,13,True
64,0,0,0,1,0,0,0,0,0,0,0,4,10.4,14.8,34.0,5.9,0,3,3,6,1,0.54,0.10,0.64,1.40,2,False,350,28,2025-26,Brenden Aaronson,11,13,True
15,0,0,0,0,0,0,0,0,0,0,0,2,0.0,0.5,4.0,0.4,0,1,0,1,0,0.00,0.01,0.01,0.00,1,False,351,28,2025-26,Wilfried Gnonto,11,13,True
0,0,0,0,0,0,0,0,0,0,0,0,0,0.0,0.0,0.0,0.0,0,0,0,0,0,0.00,0.00,0.00,0.00,0,False,352,28,2025-26,Jack Harrison,11,13,True
14,0,0,0,0,0,0,0,0,0,0,0,3,0.2,0.7,0.0,0.1,0,0,0,0,0,0.00,0.00,0.00,0.00,1,False,353,28,2025-26,Daniel James,11,13,True
90,0,0,0,1,0,0,0,0,0,0,0,15,18.6,29.3,4.0,5.2,4,11,4,19,1,0.05,0.11,0.16,2.00,4,False,354,28,2025-26,Ethan Ampadu,11,13,True
0,0,0,0,0,0,0,0,0,0,0,0,0,0.0,0.0,0.0,0.0,0,0,0,0,0,0.00,0.00,0.00,0.00,0,False,355,28,2025-26,Sam Greenwood,11,13,True
74,0,0,0,1,0,0,0,0,0,0,0,6,8.0,0.9,2.0,1.1,5,0,0,5,1,0.00,0.05,0.05,2.00,2,False,356,28,2025-26,Ilia Gruev,11,13,True
0,0,0,0,0,0,0,0,0,0,0,0,0,0.0,0.0,0.0,0.0,0,0,0,0,0,0.00,0.00,0.00,0.00,0,False,357,28,2025-26,Largie Ramazani,11,13,True
0,0,0,0,0,0,0,0,0,0,0,0,0,0.0,0.0,0.0,0.0,0,0,0,0,0,0.00,0.00,0.00,0.00,0,False,358,28,2025-26,Tanaka Ao,11,13,True
0,0,0,0,0,0,0,0,0,0,0,0,0,0.0,0.0,0.0,0.0,0,0,0,0,0,0.00,0.00,0.00,0.00,0,False,359,28,2025-26,Charlie Crew,11,13,True
0,0,0,0,0,0,0,0,0,0,0,0,0,0.0,0.0,0.0,0.0,0,0,0,0,0,0.00,0.00,0.00,0.00,0,False,360,28,2025-26,Joe Gelhardt,11,13,True
0,0,0,0,0,0,0,0,0,0,0,0,0,0.0,0.0,0.0,0.0,0,0,0,0,0,0.00,0.00,0.00,0.00,0,False,361,28,2025-26,Darko Gyabi,11,13,True
3,0,0,0,0,0,0,0,0,0,0,0,3,0.2,0.1,0.0,0.0,0,0,0,0,0,0.00,0.00,0.00,0.00,1,False,362,28,2025-26,Joël Piroe,11,13,True
0,0,0,0,0,0,0,0,0,0,0,0,0,0.0,0.0,0.0,0.0,0,0,0,0,0,0.00,0.00,0.00,0.00,0,False,363,28,2025-26,Patrick Bamford,11,13,True
0,0,0,0,0,0,0,0,0,0,0,0,0,0.0,0.0,0.0,0.0,0,0,0,0,0,0.00,0.00,0.00,0.00,0,False,364,28,2025-26,Mateo Joseph Fernández-Regatillo,11,13,True
25,0,0,0,0,0,0,0,0,0,0,0,3,0.2,0.8,2.0,0.3,0,1,0,1,0,0.00,0.01,0.01,0.60,1,False,365,28,2025-26,Lukas Nmecha,11,13,True
90,0,0,0,2,0,0,0,0,0,3,0,8,22.0,0.0,0.0,2.2,1,9,0,0,1,0.00,0.00,0.00,1.86,2,False,366,28,2025-26,Alisson Becker,12,19,True
0,0,0,0,0,0,0,0,0,0,0,0,0,0.0,0.0,0.0,0.0,0,0,0,0,0,0.00,0.00,0.00,0.00,0,False,367,28,2025-26,Giorgi Mamardashvili,12,19,True
0,0,0,0,0,0,0,0,0,0,0,0,0,0.0,0.0,0.0,0.0,0,0,0,0,0,0.00,0.00,0.00,0.00,0,False,368,28,2025-26,Ármin Pécsi,12,19,True
0,0,0,0,0,0,0,0,0,0,0,0,0,0.0,0.0,0.0,0.0,0,0,0,0,0,0.00,0.00,0.00,0.00,0,False,369,28,2025-26,Freddie Woodman,12,19,True
13,0,1,0,0,0,0,0,0,0,0,0,20,7.0,10.3,2.0,1.9,1,0,1,2,0,0.00,0.13,0.13,0.16,4,False,370,28,2025-26,Jeremie Frimpong,12,19,True
90,0,0,0,2,0,0,0,0,0,0,0,5,9.4,2.5,4.0,1.6,2,6,3,5,1,0.00,0.01,0.01,1.86,1,False,371,28,2025-26,Milos Kerkez,12,19,True
0,0,0,0,0,0,0,0,0,0,0,0,0,0.0,0.0,0.0,0.0,0,0,0,0,0,0.00,0.00,0.00,0.00,0,False,372,28,2025-26,Andrew Robertson,12,19,True
90,1,0,0,2,0,0,0,0,0,0,0,22,57.6,11.7,35.0,10.4,7,3,1,8,1,0.20,0.14,0.34,1.86,7,False,373,28,2025-26,Virgil van Dijk,12,19,True
90,0,0,0,2,0,0,0,0,0,0,0,12,22.0,0.8,0.0,2.3,6,7,3,9,1,0.00,0.01,0.01,1.86,1,False,374,28,2025-26,Ibrahima Konaté,12,19,True
0,0,0,0,0,0,0,0,0,0,0,0,0,0.0,0.0,0.0,0.0,0,0,0,0,0,0.00,0.00,0.00,0.00,0,False,375,28,2025-26,Conor Bradley,12,19,True
76,0,0,0,2,0,0,0,0,0,0,0,6,13.2,11.7,4.0,2.9,3,3,2,5,1,0.05,0.05,0.10,1.69,1,False,376,28,2025-26,Joe Gomez,12,19,True
0,0,0,0,0,0,0,0,0,0,0,0,0,0.0,0.0,0.0,0.0,0,0,0,0,0,0.00,0.00,0.00,0.00,0,False,377,28,2025-26,Konstantinos Tsimikas,12,19,True
0,0,0,0,0,0,0,0,0,0,0,0,0,0.0,0.0,0.0,0.0,0,0,0,0,0,0.00,0.00,0.00,0.00,0,False,378,28,2025-26,Amara Nallo,12,19,True
0,0,0,0,0,0,0,0,0,0,0,0,0,0.0,0.0,0.0,0.0,0,0,0,0,0,0.00,0.00,0.00,0.00,0,False,379,28,2025-26,Rhys Williams,12,19,True
0,0,0,0,0,0,0,0,0,0,0,0,0,0.0,0.0,0.0,0.0,0,0,0,0,0,0.00,0.00,0.00,0.00,0,False,380,28,2025-26,Calvin Ramsay,12,19,True
90,0,0,0,2,0,0,0,0,0,0,0,7,3.4,7.6,14.0,2.5,0,4,2,6,1,0.19,0.30,0.49,1.86,2,False,381,28,2025-26,Mohamed Salah,12,19,True
0,0,0,0,0,0,0,0,0,0,0,0,0,0.0,0.0,0.0,0.0,0,0,0,0,0,0.00,0.00,0.00,0.00,0,False,382,28,2025-26,Florian Wirtz,12,19,True
0,0,0,0,0,0,0,0,0,0,0,0,0,0.0,0.0,0.0,0.0,0,0,0,0,0,0.00,0.00,0.00,0.00,0,False,383,28,2025-26,Luis Díaz Marulanda,12,19,True
90,1,0,0,2,0,0,0,1,0,0,0,17,39.8,34.1,39.0,11.3,2,1,1,4,1,0.34,0.06,0.40,1.86,6,False,384,28,2025-26,Cody Gakpo,12,19,True
0,0,0,0,0,0,0,0,0,0,0,0,0,0.0,0.0,0.0,0.0,0,0,0,0,0,0.00,0.00,0.00,0.00,0,False,385,28,2025-26,Federico Chiesa,12,19,True
90,1,0,0,2,0,0,0,0,0,0,2,38,47.6,3.7,29.0,8.0,2,4,5,11,1,0.29,0.02,0.31,1.86,9,False,386,28,2025-26,Alexis Mac Allister,12,19,True
90,0,1,0,2,0,0,0,1,0,0,0,19,24.0,38.5,2.0,6.5,2,5,1,8,1,0.00,0.32,0.32,1.86,4,False,387,28,2025-26,Dominik Szoboszlai,12,19,True
0,0,0,0,0,0,0,0,0,0,0,0,0,0.0,0.0,0.0,0.0,0,0,0,0,0,0.00,0.00,0.00,0.00,0,False,388,28,2025-26,Curtis Jones,12,19,True
0,0,0,0,0,0,0,0,0,0,0,0,0,0.0,0.0,0.0,0.0,0,0,0,0,0,0.00,0.00,0.00,0.00,0,False,389,28,2025-26,Harvey Elliott,2,20,False
85,0,1,0,2,0,0,0,0,0,0,0,26,25.4,35.3,12.0,7.3,1,2,1,4,1,0.07,0.12,0.19,1.86,5,False,390,28,2025-26,Ryan Gravenberch,12,19,True
0,0,0,0,0,0,0,0,0,0,0,0,0,0.0,0.0,0.0,0.0,0,0,0,0,0,0.00,0.00,0.00,0.00,0,False,391,28,2025-26,Ben Gannon-Doak,4,17,True
0,0,0,0,0,0,0,0,0,0,0,0,0,0.0,0.0,0.0,0.0,0,0,0,0,0,0.00,0.00,0.00,0.00,0,False,392,28,2025-26,Endo Wataru,12,19,True
0,0,0,0,0,0,0,0,0,0,0,0,0,0.0,0.0,0.0,0.0,0,0,0,0,0,0.00,0.00,0.00,0.00,0,False,393,28,2025-26,Stefan Bajčetić Maquieira,12,19,True
0,0,0,0,0,0,0,0,0,0,0,0,0,0.0,0.0,0.0,0.0,0,0,0,0,0,0.00,0.00,0.00,0.00,0,False,394,28,2025-26,James McConnell,12,19,True
0,0,0,0,0,0,0,0,0,0,0,0,0,0.0,0.0,0.0,0.0,0,0,0,0,0,0.00,0.00,0.00,0.00,0,False,395,28,2025-26,Tyler Morton,12,19,True
4,0,0,0,0,0,0,0,0,0,0,0,-2,0.0,0.0,4.0,0.2,0,2,0,2,0,0.37,0.00,0.37,0.00,1,False,396,28,2025-26,Trey Nyoni,12,19,True
0,0,0,0,0,0,0,0,0,0,0,0,0,0.0,0.0,0.0,0.0,0,0,0,0,0,0.00,0.00,0.00,0.00,0,False,397,28,2025-26,Darwin Núñez Ribeiro,12,19,True
0,0,0,0,0,0,0,0,0,0,0,0,0,0.0,0.0,0.0,0.0,0,0,0,0,0,0.00,0.00,0.00,0.00,0,False,398,28,2025-26,Jayden Danns,12,19,True
0,0,0,0,0,0,0,0,0,0,0,0,0,0.0,0.0,0.0,0.0,0,0,0,0,0,0.00,0.00,0.00,0.00,0,False,399,28,2025-26,Ederson Santana de Moraes,13,11,False
0,0,0,0,0,0,0,0,0,0,0,0,0,0.0,0.0,0.0,0.0,0,0,0,0,0,0.00,0.00,0.00,0.00,0,False,400,28,2025-26,Stefan Ortega Moreno,16,6,False
0,0,0,0,0,0,0,0,0,0,0,0,0,0.0,0.0,0.0,0.0,0,0,0,0,0,0.00,0.00,0.00,0.00,0,False,401,28,2025-26,Marcus Bettinelli,13,11,False
90,0,1,1,0,0,0,0,1,0,0,3,39,27.2,20.1,7.0,5.4,2,5,2,4,1,0.06,0.51,0.57,1.49,11,True,402,28,2025-26,Rayan Aït-Nouri,13,11,False
0,0,0,0,0,0,0,0,0,0,0,0,0,0.0,0.0,0.0,0.0,0,0,0,0,0,0.00,0.00,0.00,0.00,0,False,403,28,2025-26,Joško Gvardiol,13,11,False
0,0,0,0,0,0,0,0,0,0,0,0,0,0.0,0.0,0.0,0.0,0,0,0,0,0,0.00,0.00,0.00,0.00,0,False,404,28,2025-26,Manuel Akanji,13,11,False
2,0,0,0,0,0,0,0,0,0,0,0,3,3.4,0.0,0.0,0.3,1,0,0,1,0,0.00,0.00,0.00,0.05,1,False,405,28,2025-26,Nathan Aké,13,11,False
0,0,0,0,0,0,0,0,0,0,0,0,0,0.0,0.0,0.0,0.0,0,0,0,0,0,0.00,0.00,0.00,0.00,0,False,406,28,2025-26,Abdukodir Khusanov,13,11,False
90,0,0,1,0,0,0,0,0,0,0,2,38,37.4,60.0,4.0,10.1,6,5,2,8,1,0.00,0.26,0.26,1.49,8,False,407,28,2025-26,Matheus Nunes,13,11,False
90,0,0,1,0,0,0,0,0,0,0,1,33,32.4,23.6,1.0,5.7,11,0,3,14,1,0.04,0.02,0.06,1.49,9,False,408,28,2025-26,Rúben dos Santos Gato Alves Dias,13,11,False
0,0,0,0,0,0,0,0,0,0,0,0,0,0.0,0.0,0.0,0.0,0,0,0,0,0,0.00,0.00,0.00,0.00,0,False,409,28,2025-26,John Stones,13,11,False
0,0,0,0,0,0,0,0,0,0,0,0,0,0.0,0.0,0.0,0.0,0,0,0,0,0,0.00,0.00,0.00,0.00,0,False,410,28,2025-26,Rico Lewis,13,11,False
69,0,0,1,0,0,0,0,0,0,0,0,25,23.2,7.8,54.0,8.5,3,1,2,5,1,0.41,0.02,0.43,1.39,6,False,411,28,2025-26,Nico O'Reilly,13,11,False
0,0,0,0,0,0,0,0,0,0,0,0,0,0.0,0.0,0.0,0.0,0,0,0,0,0,0.00,0.00,0.00,0.00,0,False,412,28,2025-26,Vitor de Oliveira Nunes dos Reis,13,11,False
67,0,0,1,0,0,0,0,0,0,0,0,5,6.8,1.4,37.0,4.5,2,0,1,3,1,0.28,0.01,0.29,1.39,3,False,413,28,2025-26,Omar Marmoush,13,11,False
0,0,0,0,0,0,0,0,0,0,0,0,0,0.0,0.0,0.0,0.0,0,0,0,0,0,0.00,0.00,0.00,0.00,0,False,414,28,2025-26,Phil Foden,13,11,False
22,0,0,0,0,0,0,0,1,0,0,0,1,0.2,0.0,0.0,0.0,0,1,1,2,0,0.00,0.00,0.00,0.10,0,False,415,28,2025-26,Sávio Moreira de Oliveira,13,11,False
90,0,0,1,0,0,0,0,0,0,0,0,13,8.0,8.6,2.0,1.9,1,4,1,6,1,0.00,0.05,0.05,1.49,3,False,416,28,2025-26,Bernardo Mota Veiga de Carvalho e Silva,13,11,False
87,0,0,1,0,0,0,0,0,0,0,0,10,5.2,35.1,7.0,4.7,1,3,1,5,1,0.02,0.24,0.26,1.44,3,False,417,28,2025-26,Rayan Cherki,13,11,False
0,0,0,0,0,0,0,0,0,0,0,0,0,0.0,0.0,0.0,0.0,0,0,0,0,0,0.00,0.00,0.00,0.00,0,False,418,28,2025-26,Jérémy Doku,13,11,False
0,0,0,0,0,0,0,0,0,0,0,0,0,0.0,0.0,0.0,0.0,0,0,0,0,0,0.00,0.00,0.00,0.00,0,False,419,28,2025-26,Jack Grealish,9,15,False
0,0,0,0,0,0,0,0,0,0,0,0,0,0.0,0.0,0.0,0.0,0,0,0,0,0,0.00,0.00,0.00,0.00,0,False,420,28,2025-26,İlkay Gündoğan,13,11,False
90,0,0,1,0,0,0,0,0,0,0,0,22,20.8,23.3,8.0,5.2,6,2,1,9,1,0.12,0.07,0.19,1.49,3,False,421,28,2025-26,Rodrigo 'Rodri' Hernandez Cascante,13,11,False
0,0,0,0,0,0,0,0,0,0,0,0,0,0.0,0.0,0.0,0.0,0,0,0,0,0,0.00,0.00,0.00,0.00,0,False,422,28,2025-26,Mateo Kovačić,13,11,False
0,0,0,0,0,0,0,0,0,0,0,0,0,0.0,0.0,0.0,0.0,0,0,0,0,0,0.00,0.00,0.00,0.00,0,False,423,28,2025-26,Nico González Iglesias,13,11,False
74,0,1,0,1,0,0,0,0,0,0,0,20,7.4,32.6,8.0,4.8,2,3,0,5,1,0.03,0.20,0.23,0.65,5,False,424,28,2025-26,Oscar Bobb,10,18,True
0,0,0,0,0,0,0,0,0,0,0,0,0,0.0,0.0,0.0,0.0,0,0,0,0,0,0.00,0.00,0.00,0.00,0,False,425,28,2025-26,Claudio Echeverri,13,11,False
0,0,0,0,0,0,0,0,0,0,0,0,0,0.0,0.0,0.0,0.0,0,0,0,0,0,0.00,0.00,0.00,0.00,0,False,426,28,2025-26,James McAtee,16,6,False
20,0,0,0,0,0,0,0,0,0,0,0,6,4.4,1.1,2.0,0.8,2,2,0,4,0,0.00,0.13,0.13,0.10,1,False,427,28,2025-26,Tijjani Reijnders,13,11,False
0,0,0,0,0,0,0,0,0,0,0,0,0,0.0,0.0,0.0,0.0,0,0,0,0,0,0.00,0.00,0.00,0.00,0,False,428,28,2025-26,Sverre Nypan,13,11,False
0,0,0,0,0,0,0,0,0,0,0,0,0,0.0,0.0,0.0,0.0,0,0,0,0,0,0.00,0.00,0.00,0.00,0,False,429,28,2025-26,Kalvin Phillips,13,11,False
0,0,0,0,0,0,0,0,0,0,0,0,0,0.0,0.0,0.0,0.0,0,0,0,0,0,0.00,0.00,0.00,0.00,0,False,430,28,2025-26,Erling Haaland,13,11,False
0,0,0,0,0,0,0,0,0,0,0,0,0,0.0,0.0,0.0,0.0,0,0,0,0,0,0.00,0.00,0.00,0.00,0,False,431,28,2025-26,Altay Bayındır,14,8,True
0,0,0,0,0,0,0,0,0,0,0,0,0,0.0,0.0,0.0,0.0,0,0,0,0,0,0.00,0.00,0.00,0.00,0,False,432,28,2025-26,André Onana,14,8,True
0,0,0,0,0,0,0,0,0,0,0,0,0,0.0,0.0,0.0,0.0,0,0,0,0,0,0.00,0.00,0.00,0.00,0,False,433,28,2025-26,Elyh Harrison,14,8,True
0,0,0,0,0,0,0,0,0,0,0,0,0,0.0,0.0,0.0,0.0,0,0,0,0,0,0.00,0.00,0.00,0.00,0,False,434,28,2025-26,Tom Heaton,14,8,True
0,0,0,0,0,0,0,0,0,0,0,0,0,0.0,0.0,0.0,0.0,0,0,0,0,0,0.00,0.00,0.00,0.00,0,False,435,28,2025-26,Dermot Mee,14,8,True
0,0,0,0,0,0,0,0,0,0,0,0,0,0.0,0.0,0.0,0.0,0,0,0,0,0,0.00,0.00,0.00,0.00,0,False,436,28,2025-26,Matthijs de Ligt,14,8,True
0,0,0,0,0,0,0,0,0,0,0,0,0,0.0,0.0,0.0,0.0,0,0,0,0,0,0.00,0.00,0.00,0.00,0,False,437,28,2025-26,Lisandro Martínez,14,8,True
66,0,0,1,0,0,0,0,0,0,0,1,26,9.6,8.3,6.0,2.4,2,2,0,2,0,0.05,0.03,0.08,0.20,7,False,438,28,2025-26,Noussair Mazraoui,14,8,True
0,0,0,0,0,0,0,0,0,0,0,0,0,0.0,0.0,0.0,0.0,0,0,0,0,0,0.00,0.00,0.00,0.00,0,False,439,28,2025-26,Diego León Blanco,14,8,True
90,0,0,0,1,0,0,0,1,0,0,0,9,12.0,24.2,2.0,3.8,1,7,1,2,1,0.00,0.12,0.12,0.38,1,False,440,28,2025-26,Diogo Dalot Teixeira,14,8,True
0,0,0,0,0,0,0,0,0,0,0,0,0,0.0,0.0,0.0,0.0,0,0,0,0,0,0.00,0.00,0.00,0.00,0,False,441,28,2025-26,Patrick Dorgu,14,8,True
84,0,0,0,1,0,0,0,0,0,0,0,13,19.0,2.7,5.0,2.7,6,4,0,6,1,0.05,0.01,0.06,0.38,2,False,442,28,2025-26,Harry Maguire,14,8,True
23,0,0,0,1,0,0,0,0,0,0,0,-2,1.6,0.5,0.0,0.2,1,1,0,1,1,0.00,0.00,0.00,0.19,1,False,443,28,2025-26,Luke Shaw,14,8,True
90,0,0,0,1,0,0,0,0,0,0,0,9,17.4,2.3,0.0,2.0,5,4,0,5,1,0.00,0.01,0.01,0.38,2,False,444,28,2025-26,Leny Yoro,14,8,True
0,0,0,0,0,0,0,0,0,0,0,0,0,0.0,0.0,0.0,0.0,0,0,0,0,0,0.00,0.00,0.00,0.00,0,False,445,28,2025-26,Harry Amass,14,8,True
0,0,0,0,0,0,0,0,0,0,0,0,0,0.0,0.0,0.0,0.0,0,0,0,0,0,0.00,0.00,0.00,0.00,0,False,446,28,2025-26,Tyler Fredricson,14,8,True
5,0,0,0,0,0,0,0,1,0,0,0,-1,0.0,0.0,0.0,0.0,1,2,0,1,0,0.00,0.00,0.00,0.00,0,False,447,28,2025-26,Ayden Heaven,14,8,True
0,0,0,0,0,0,0,0,0,0,0,0,0,0.0,0.0,0.0,0.0,0,0,0,0,0,0.00,0.00,0.00,0.00,0,False,448,28,2025-26,Tyrell Malacia,14,8,True
90,1,1,0,1,0,0,0,0,0,0,3,47,74.0,96.3,38.0,20.8,1,1,0,2,1,0.86,0.41,1.27,0.38,13,True,449,28,2025-26,Bruno Borges Fernandes,14,8,True
90,0,1,0,1,0,0,0,0,0,0,0,18,13.2,8.6,26.0,4.8,0,3,3,6,1,0.05,0.06,0.11,0.38,5,False,450,28,2025-26,Matheus Santos Carneiro da Cunha,14,8,True
0,0,0,0,0,0,0,0,0,0,0,0,0,0.0,0.0,0.0,0.0,0,0,0,0,0,0.00,0.00,0.00,0.00,0,False,451,28,2025-26,Marcus Rashford,14,8,True
15,0,0,0,0,0,0,0,0,0,0,0,7,11.2,22.9,16.0,5.0,0,2,0,2,0,0.05,0.12,0.17,0.06,1,False,452,28,2025-26,Amad Diallo,14,8,True
4,0,0,0,0,0,0,0,0,0,0,0,3,0.0,0.0,0.0,0.0,0,0,0,0,0,0.00,0.00,0.00,0.00,1,False,453,28,2025-26,Alejandro Garnacho Ferreyra,7,1,False
0,0,0,0,0,0,0,0,0,0,0,0,0,0.0,0.0,0.0,0.0,0,0,0,0,0,0.00,0.00,0.00,0.00,0,False,454,28,2025-26,Antony dos Santos,14,8,True
0,0,0,0,0,0,0,0,0,0,0,0,0,0.0,0.0,0.0,0.0,0,0,0,0,0,0.00,0.00,0.00,0.00,0,False,455,28,2025-26,Mason Mount,14,8,True
59,0,0,0,0,0,0,0,0,0,0,0,3,4.8,12.4,8.0,2.5,0,3,1,4,1,0.00,0.02,0.02,0.22,1,False,456,28,2025-26,Jadon Sancho,2,20,False
90,0,0,0,1,0,0,0,0,0,0,0,14,18.4,18.1,43.0,8.0,1,9,4,14,1,0.36,0.10,0.46,0.38,4,False,457,28,2025-26,Carlos Henrique Casimiro,14,8,True
90,0,0,0,1,0,0,0,0,0,0,0,13,16.2,37.6,5.0,5.9,0,6,4,10,1,0.04,0.09,0.13,0.38,2,False,458,28,2025-26,Kobbie Mainoo,14,8,True
0,0,0,0,0,0,0,0,0,0,0,0,0,0.0,0.0,0.0,0.0,0,0,0,0,0,0.00,0.00,0.00,0.00,0,False,459,28,2025-26,Manuel Ugarte Ribeiro,14,8,True
0,0,0,0,0,0,0,0,0,0,0,0,0,0.0,0.0,0.0,0.0,0,0,0,0,0,0.00,0.00,0.00,0.00,0,False,460,28,2025-26,Toby Collyer,14,8,True
0,0,0,0,0,0,0,0,0,0,0,0,0,0.0,0.0,0.0,0.0,0,0,0,0,0,0.00,0.00,0.00,0.00,0,False,461,28,2025-26,Jayce Fitzgerald,14,8,True
0,0,0,0,0,0,0,0,0,0,0,0,0,0.0,0.0,0.0,0.0,0,0,0,0,0,0.00,0.00,0.00,0.00,0,False,462,28,2025-26,Jack Fletcher,14,8,True
0,0,0,0,0,0,0,0,0,0,0,0,0,0.0,0.0,0.0,0.0,0,0,0,0,0,0.00,0.00,0.00,0.00,0,False,463,28,2025-26,Sékou Koné,14,8,True
0,0,0,0,0,0,0,0,0,0,0,0,0,0.0,0.0,0.0,0.0,0,0,0,0,0,0.00,0.00,0.00,0.00,0,False,464,28,2025-26,Jack Moorhouse,14,8,True
0,0,0,0,0,0,0,0,0,0,0,0,0,0.0,0.0,0.0,0.0,0,0,0,0,0,0.00,0.00,0.00,0.00,0,False,465,28,2025-26,Rasmus Højlund,14,8,True
4,0,0,0,0,0,0,0,0,0,0,0,5,3.0,11.8,10.0,2.5,0,0,0,0,0,0.30,0.01,0.31,0.00,1,False,466,28,2025-26,Joshua Zirkzee,14,8,True
0,0,0,0,0,0,0,0,0,0,0,0,0,0.0,0.0,0.0,0.0,0,0,0,0,0,0.00,0.00,0.00,0.00,0,False,467,28,2025-26,Chido Obi,14,8,True
0,0,0,0,0,0,0,0,0,0,0,0,0,0.0,0.0,0.0,0.0,0,0,0,0,0,0.00,0.00,0.00,0.00,0,False,468,28,2025-26,Ethan Wheatley,14,8,True
90,0,0,0,3,0,0,0,0,0,2,0,-2,9.2,0.0,0.0,0.9,1,5,0,0,1,0.00,0.00,0.00,2.13,1,False,469,28,2025-26,Nick Pope,15,9,True
90,0,0,0,4,0,0,0,0,0,2,0,-2,15.6,0.0,0.0,1.6,3,8,0,0,1,0.00,0.01,0.01,2.25,0,False,470,28,2025-26,Martin Dúbravka,3,5,True
0,0,0,0,0,0,0,0,0,0,0,0,0,0.0,0.0,0.0,0.0,0,0,0,0,0,0.00,0.00,0.00,0.00,0,False,471,28,2025-26,Mark Gillespie,15,9,True
0,0,0,0,0,0,0,0,0,0,0,0,0,0.0,0.0,0.0,0.0,0,0,0,0,0,0.00,0.00,0.00,0.00,0,False,472,28,2025-26,Odysseas Vlachodimos,15,9,True
90,0,0,0,3,0,0,0,0,0,0,0,3,21.2,10.7,11.0,4.3,3,9,5,8,1,0.01,0.07,0.08,2.13,1,False,473,28,2025-26,Lewis Hall,15,9,True
0,0,0,0,0,0,0,0,0,0,0,0,0,0.0,0.0,0.0,0.0,0,0,0,0,0,0.00,0.00,0.00,0.00,0,False,474,28,2025-26,Fabian Schär,15,9,True
0,0,0,0,0,0,0,0,0,0,0,0,0,0.0,0.0,0.0,0.0,0,0,0,0,0,0.00,0.00,0.00,0.00,0,False,475,28,2025-26,Sven Botman,15,9,True
90,0,0,0,3,0,0,0,1,0,0,0,-6,13.2,1.4,0.0,1.5,3,0,1,4,1,0.00,0.01,0.01,2.13,0,False,476,28,2025-26,Dan Burn,15,9,True
0,0,0,0,0,0,0,0,0,0,0,0,0,0.0,0.0,0.0,0.0,0,0,0,0,0,0.00,0.00,0.00,0.00,0,False,477,28,2025-26,Tino Livramento,15,9,True
74,0,0,0,2,0,0,0,0,0,0,0,2,5.6,15.7,1.0,2.2,2,6,0,2,1,0.03,0.02,0.05,1.22,1,False,478,28,2025-26,Kieran Trippier,15,9,True
0,0,0,0,0,0,0,0,0,0,0,0,0,0.0,0.0,0.0,0.0,0,0,0,0,0,0.00,0.00,0.00,0.00,0,False,479,28,2025-26,Emil Krafth,15,9,True
0,0,0,0,0,0,0,0,0,0,0,0,0,0.0,0.0,0.0,0.0,0,0,0,0,0,0.00,0.00,0.00,0.00,0,False,480,28,2025-26,Jamaal Lascelles,15,9,True
0,0,0,0,0,0,0,0,0,0,0,0,0,0.0,0.0,0.0,0.0,0,0,0,0,0,0.00,0.00,0.00,0.00,0,False,481,28,2025-26,Alex Murphy,15,9,True
0,0,0,0,0,0,0,0,0,0,0,0,0,0.0,0.0,0.0,0.0,0,0,0,0,0,0.00,0.00,0.00,0.00,0,False,482,28,2025-26,Harrison Ashby,15,9,True
0,0,0,0,0,0,0,0,0,0,0,0,0,0.0,0.0,0.0,0.0,0,0,0,0,0,0.00,0.00,0.00,0.00,0,False,483,28,2025-26,Miodrag Pivaš,15,9,True
0,0,0,0,0,0,0,0,0,0,0,0,0,0.0,0.0,0.0,0.0,0,0,0,0,0,0.00,0.00,0.00,0.00,0,False,484,28,2025-26,Matt Targett,15,9,True
85,0,0,0,3,0,0,0,0,0,0,0,11,6.4,15.3,25.0,4.7,2,1,0,3,1,0.08,0.05,0.13,2.13,2,False,485,28,2025-26,Anthony Gordon,15,9,True
55,0,0,0,2,0,0,0,0,0,0,0,9,7.0,3.0,7.0,1.7,1,1,1,3,1,0.03,0.01,0.04,1.08,1,False,486,28,2025-26,Anthony Elanga,15,9,True
34,0,0,0,1,0,0,0,0,0,0,0,3,3.2,15.0,22.0,4.0,0,2,1,3,0,0.11,0.10,0.21,1.05,1,False,487,28,2025-26,Harvey Barnes,15,9,True
0,0,0,0,0,0,0,0,0,0,0,0,0,0.0,0.0,0.0,0.0,0,0,0,0,0,0.00,0.00,0.00,0.00,0,False,488,28,2025-26,Bruno Guimarães Rodriguez Moura,15,9,True
34,1,0,0,1,0,0,0,0,0,0,0,23,35.8,6.3,23.0,6.5,0,4,0,4,0,0.08,0.04,0.12,1.05,6,False,489,28,2025-26,Jacob Murphy,15,9,True
90,0,1,0,3,0,0,0,0,0,0,0,23,28.2,31.8,27.0,8.7,0,5,2,7,1,0.14,0.11,0.25,2.13,5,False,490,28,2025-26,Joelinton Cássio Apolinário de Lira,15,9,True
90,0,1,0,3,0,0,0,0,0,0,1,27,38.4,44.8,9.0,9.2,0,3,2,5,1,0.04,0.08,0.12,2.13,6,False,491,28,2025-26,Sandro Tonali,15,9,True
0,0,0,0,0,0,0,0,0,0,0,0,0,0.0,0.0,0.0,0.0,0,0,0,0,0,0.00,0.00,0.00,0.00,0,False,492,28,2025-26,Antoñito Cordero Campillo,15,9,True
0,0,0,0,0,0,0,0,0,0,0,0,0,0.0,0.0,0.0,0.0,0,0,0,0,0,0.00,0.00,0.00,0.00,0,False,493,28,2025-26,Sean Longstaff,11,13,True
45,0,0,0,1,0,0,0,1,0,0,0,0,3.8,17.9,1.0,2.3,1,2,0,3,0,0.02,0.02,0.04,1.13,0,False,494,28,2025-26,Joe Willock,15,9,True
0,0,0,0,0,0,0,0,0,0,0,0,0,0.0,0.0,0.0,0.0,0,0,0,0,0,0.00,0.00,0.00,0.00,0,False,495,28,2025-26,Isaac Hayden,15,9,True
0,0,0,0,0,0,0,0,0,0,0,0,0,0.0,0.0,0.0,0.0,0,0,0,0,0,0.00,0.00,0.00,0.00,0,False,496,28,2025-26,Garang Kuol,15,9,True
0,0,0,0,0,0,0,0,0,0,0,0,0,0.0,0.0,0.0,0.0,0,0,0,0,0,0.00,0.00,0.00,0.00,0,False,497,28,2025-26,Lewis Miley,15,9,True
0,0,0,0,0,0,0,0,0,0,0,0,0,0.0,0.0,0.0,0.0,0,0,0,0,0,0.00,0.00,0.00,0.00,0,False,498,28,2025-26,Joe White,15,9,True
0,0,0,0,0,0,0,0,0,0,0,0,0,0.0,0.0,0.0,0.0,0,0,0,0,0,0.00,0.00,0.00,0.00,0,False,499,28,2025-26,Alexander Isak,12,19,True
4,0,0,0,0,0,0,0,0,0,0,0,3,0.0,0.0,0.0,0.0,0,0,0,0,0,0.00,0.00,0.00,0.00,1,False,500,28,2025-26,William Osula,15,9,True
0,0,0,0,0,0,0,0,0,0,0,0,0,0.0,0.0,0.0,0.0,0,0,0,0,0,0.00,0.00,0.00,0.00,0,False,501,28,2025-26,Sean Neave,15,9,True
90,0,0,0,2,0,0,0,0,0,5,0,16,31.8,0.0,0.0,3.2,0,9,0,0,1,0.00,0.00,0.00,1.31,2,False,502,28,2025-26,Matz Sels,16,6,False
0,0,0,0,0,0,0,0,0,0,0,0,0,0.0,0.0,0.0,0.0,0,0,0,0,0,0.00,0.00,0.00,0.00,0,False,503,28,2025-26,Carlos Miguel dos Santos Pereira,16,6,False
0,0,0,0,0,0,0,0,0,0,0,0,0,0.0,0.0,0.0,0.0,0,0,0,0,0,0.00,0.00,0.00,0.00,0,False,504,28,2025-26,Matt Turner,16,6,False
90,0,0,0,2,0,0,0,0,0,0,0,7,10.2,0.3,2.0,1.3,2,3,2,4,1,0.00,0.03,0.03,1.31,1,False,505,28,2025-26,Nikola Milenković,16,6,False
90,0,0,0,2,0,0,0,0,0,0,0,4,14.2,1.0,0.0,1.5,4,6,2,6,1,0.00,0.00,0.00,1.31,1,False,506,28,2025-26,Murillo Costa dos Santos,16,6,False
81,0,0,0,2,0,0,0,0,0,0,0,-1,10.4,11.8,0.0,2.2,4,2,0,4,1,0.00,0.03,0.03,1.31,1,False,507,28,2025-26,Ola Aina,16,6,False
55,0,0,0,2,0,0,0,0,0,0,0,-5,6.4,0.9,0.0,0.7,2,4,2,4,1,0.00,0.01,0.01,1.26,0,False,508,28,2025-26,Neco Williams,16,6,False
0,0,0,0,0,0,0,0,0,0,0,0,0,0.0,0.0,0.0,0.0,0,0,0,0,0,0.00,0.00,0.00,0.00,0,False,509,28,2025-26,David Mota Veiga Teixeira do Carmo,16,6,False
34,0,0,0,0,0,0,0,0,0,0,0,4,6.0,0.3,10.0,1.6,2,1,1,3,0,0.14,0.00,0.14,0.05,1,False,510,28,2025-26,Jair Paula da Cunha Filho,16,6,False
0,0,0,0,0,0,0,0,0,0,0,0,0,0.0,0.0,0.0,0.0,0,0,0,0,0,0.00,0.00,0.00,0.00,0,False,511,28,2025-26,Felipe Rodrigues da Silva,16,6,False
0,0,0,0,0,0,0,0,0,0,0,0,0,0.0,0.0,0.0,0.0,0,0,0,0,0,0.00,0.00,0.00,0.00,0,False,512,28,2025-26,Omar Richards,16,6,False
0,0,0,0,0,0,0,0,0,0,0,0,0,0.0,0.0,0.0,0.0,0,0,0,0,0,0.00,0.00,0.00,0.00,0,False,513,28,2025-26,Zach Abbott,16,6,False
0,0,0,0,0,0,0,0,0,0,0,0,0,0.0,0.0,0.0,0.0,0,0,0,0,0,0.00,0.00,0.00,0.00,0,False,514,28,2025-26,Willy Boly,16,6,False
90,1,0,0,2,0,0,0,0,0,0,2,37,48.0,38.5,29.0,11.6,1,2,0,3,1,0.18,0.05,0.23,1.31,9,False,515,28,2025-26,Morgan Gibbs-White,16,6,False
73,0,0,0,2,0,0,0,0,0,0,0,13,9.0,27.3,9.0,4.5,0,3,0,3,1,0.05,0.20,0.25,1.29,2,False,516,28,2025-26,Callum Hudson-Odoi,16,6,False
90,0,0,0,2,0,0,0,1,0,0,0,13,7.6,22.8,1.0,3.1,4,5,1,10,1,0.08,0.16,0.24,1.31,1,False,517,28,2025-26,Elliot Anderson,16,6,False
0,0,0,0,0,0,0,0,0,0,0,0,0,0.0,0.0,0.0,0.0,0,0,0,0,0,0.00,0.00,0.00,0.00,0,False,518,28,2025-26,João Pedro Ferreira da Silva,16,6,False
0,0,0,0,0,0,0,0,0,0,0,0,0,0.0,0.0,0.0,0.0,0,0,0,0,0,0.00,0.00,0.00,0.00,0,False,519,28,2025-26,Nicolás Domínguez,16,6,False
0,0,0,0,0,0,0,0,0,0,0,0,0,0.0,0.0,0.0,0.0,0,0,0,0,0,0.00,0.00,0.00,0.00,0,False,520,28,2025-26,Lewis O'Brien,16,6,False
90,0,0,0,2,0,0,0,0,0,0,0,16,8.2,1.6,7.0,1.7,2,5,0,7,1,0.08,0.01,0.09,1.31,2,False,521,28,2025-26,Ibrahim Sangaré,16,6,False
0,0,0,0,0,0,0,0,0,0,0,0,0,0.0,0.0,0.0,0.0,0,0,0,0,0,0.00,0.00,0.00,0.00,0,False,522,28,2025-26,Ryan Yates,16,6,False
0,0,0,0,0,0,0,0,0,0,0,0,0,0.0,0.0,0.0,0.0,0,0,0,0,0,0.00,0.00,0.00,0.00,0,False,523,28,2025-26,Eric da Silva Moreira,16,6,False
0,0,0,0,0,0,0,0,0,0,0,0,0,0.0,0.0,0.0,0.0,0,0,0,0,0,0.00,0.00,0.00,0.00,0,False,524,28,2025-26,Marko Stamenić,16,6,False
0,0,0,0,0,0,0,0,0,0,0,0,0,0.0,0.0,0.0,0.0,0,0,0,0,0,0.00,0.00,0.00,0.00,0,False,525,28,2025-26,Chris Wood,16,6,False
82,0,1,0,2,0,0,0,0,0,0,0,18,21.0,25.2,11.0,5.7,2,3,0,5,1,0.12,0.04,0.16,1.31,5,False,526,28,2025-26,Igor Jesus Maciel da Cruz,16,6,False
7,0,0,0,0,0,0,0,0,0,0,0,-2,0.0,0.0,4.0,0.2,0,1,0,1,0,0.20,0.00,0.20,0.00,1,False,527,28,2025-26,Taiwo Awoniyi,16,6,False
0,0,0,0,0,0,0,0,0,0,0,0,0,0.0,0.0,0.0,0.0,0,0,0,0,0,0.00,0.00,0.00,0.00,0,False,528,28,2025-26,Anthony Patterson,17,4,False
0,0,0,0,0,0,0,0,0,0,0,0,0,0.0,0.0,0.0,0.0,0,0,0,0,0,0.00,0.00,0.00,0.00,0,False,529,28,2025-26,Simon Moore,17,4,False
0,0,0,0,0,0,0,0,0,0,0,0,0,0.0,0.0,0.0,0.0,0,0,0,0,0,0.00,0.00,0.00,0.00,0,False,530,28,2025-26,Blondy Nna Noukeu,17,4,False
90,0,0,0,1,0,0,0,0,0,0,0,16,33.2,10.5,4.0,4.8,14,11,1,15,1,0.13,0.01,0.14,1.71,4,False,531,28,2025-26,Daniel Ballard,17,4,False
90,0,0,0,1,0,0,0,0,0,0,0,12,17.4,0.5,0.0,1.8,3,1,4,7,1,0.00,0.00,0.00,1.71,2,False,532,28,2025-26,Trai Hume,17,4,False
0,0,0,0,0,0,0,0,0,0,0,0,0,0.0,0.0,0.0,0.0,0,0,0,0,0,0.00,0.00,0.00,0.00,0,False,533,28,2025-26,Aji Alese,17,4,False
0,0,0,0,0,0,0,0,0,0,0,0,0,0.0,0.0,0.0,0.0,0,0,0,0,0,0.00,0.00,0.00,0.00,0,False,534,28,2025-26,Joe Anderson,17,4,False
0,0,0,0,0,0,0,0,0,0,0,0,0,0.0,0.0,0.0,0.0,0,0,0,0,0,0.00,0.00,0.00,0.00,0,False,535,28,2025-26,Dennis Cirkin,17,4,False
0,0,0,0,0,0,0,0,0,0,0,0,0,0.0,0.0,0.0,0.0,0,0,0,0,0,0.00,0.00,0.00,0.00,0,False,536,28,2025-26,Leo Fuhr Hjelde,17,4,False
0,0,0,0,0,0,0,0,0,0,0,0,0,0.0,0.0,0.0,0.0,0,0,0,0,0,0.00,0.00,0.00,0.00,0,False,537,28,2025-26,Niall Huggins,17,4,False
0,0,0,0,0,0,0,0,0,0,0,0,0,0.0,0.0,0.0,0.0,0,0,0,0,0,0.00,0.00,0.00,0.00,0,False,538,28,2025-26,Zak Johnson,17,4,False
0,0,0,0,0,0,0,0,0,0,0,0,0,0.0,0.0,0.0,0.0,0,0,0,0,0,0.00,0.00,0.00,0.00,0,False,539,28,2025-26,Luke O'Nien,17,4,False
0,0,0,0,0,0,0,0,0,0,0,0,0,0.0,0.0,0.0,0.0,0,0,0,0,0,0.00,0.00,0.00,0.00,0,False,540,28,2025-26,Timothée Pembélé,17,4,False
0,0,0,0,0,0,0,0,0,0,0,0,0,0.0,0.0,0.0,0.0,0,0,0,0,0,0.00,0.00,0.00,0.00,0,False,541,28,2025-26,Reinildo Mandava,17,4,False
0,0,0,0,0,0,0,0,0,0,0,0,0,0.0,0.0,0.0,0.0,0,0,0,0,0,0.00,0.00,0.00,0.00,0,False,542,28,2025-26,Jenson Seelt,17,4,False
0,0,0,0,0,0,0,0,0,0,0,0,0,0.0,0.0,0.0,0.0,0,0,0,0,0,0.00,0.00,0.00,0.00,0,False,543,28,2025-26,Simon Adingra,17,4,False
90,0,1,0,1,0,0,0,0,0,0,0,18,6.6,1.3,38.0,4.6,1,2,2,5,1,0.28,0.01,0.29,1.71,5,False,544,28,2025-26,Habib Diarra,17,4,False
0,0,0,0,0,0,0,0,0,0,0,0,0,0.0,0.0,0.0,0.0,0,0,0,0,0,0.00,0.00,0.00,0.00,0,False,545,28,2025-26,Patrick Roberts,17,4,False
0,0,0,0,0,0,0,0,0,0,0,0,0,0.0,0.0,0.0,0.0,0,0,0,0,0,0.00,0.00,0.00,0.00,0,False,546,28,2025-26,Milan Aleksić,17,4,False
90,0,0,0,1,0,0,0,0,0,0,0,13,12.8,30.1,6.0,4.9,2,5,3,10,1,0.02,0.09,0.11,1.71,2,False,547,28,2025-26,Enzo Le Fée,17,4,False
0,0,0,0,0,0,0,0,0,0,0,0,0,0.0,0.0,0.0,0.0,0,0,0,0,0,0.00,0.00,0.00,0.00,0,False,548,28,2025-26,Romaine Mundle,17,4,False
0,0,0,0,0,0,0,0,0,0,0,0,0,0.0,0.0,0.0,0.0,0,0,0,0,0,0.00,0.00,0.00,0.00,0,False,549,28,2025-26,Dan Neil,17,4,False
0,0,0,0,0,0,0,0,0,0,0,0,0,0.0,0.0,0.0,0.0,0,0,0,0,0,0.00,0.00,0.00,0.00,0,False,550,28,2025-26,Ian Poveda-Ocampo,17,4,False
0,0,0,0,0,0,0,0,0,0,0,0,0,0.0,0.0,0.0,0.0,0,0,0,0,0,0.00,0.00,0.00,0.00,0,False,551,28,2025-26,Chris Rigg,17,4,False
90,0,0,0,1,0,0,0,1,0,0,0,4,10.8,1.3,9.0,2.1,3,1,2,6,1,0.03,0.02,0.05,1.71,1,False,552,28,2025-26,Noah Sadiki,17,4,False
68,0,0,0,1,0,0,0,0,0,0,0,3,1.8,2.0,0.0,0.4,1,5,1,7,1,0.00,0.03,0.03,1.10,2,False,553,28,2025-26,Chemsdine Talbi,17,4,False
0,0,0,0,0,0,0,0,0,0,0,0,0,0.0,0.0,0.0,0.0,0,0,0,0,0,0.00,0.00,0.00,0.00,0,False,554,28,2025-26,Abdoullah Ba,17,4,False
0,0,0,0,0,0,0,0,0,0,0,0,0,0.0,0.0,0.0,0.0,0,0,0,0,0,0.00,0.00,0.00,0.00,0,False,555,28,2025-26,Alan Browne,17,4,False
0,0,0,0,0,0,0,0,0,0,0,0,0,0.0,0.0,0.0,0.0,0,0,0,0,0,0.00,0.00,0.00,0.00,0,False,556,28,2025-26,Pierre Ekwah Elimby,17,4,False
0,0,0,0,0,0,0,0,0,0,0,0,0,0.0,0.0,0.0,0.0,0,0,0,0,0,0.00,0.00,0.00,0.00,0,False,557,28,2025-26,Harrison Jones,17,4,False
0,0,0,0,0,0,0,0,0,0,0,0,0,0.0,0.0,0.0,0.0,0,0,0,0,0,0.00,0.00,0.00,0.00,0,False,558,28,2025-26,Jay Matete,17,4,False
0,0,0,0,0,0,0,0,0,0,0,0,0,0.0,0.0,0.0,0.0,0,0,0,0,0,0.00,0.00,0.00,0.00,0,False,559,28,2025-26,Nectarios Triantis,17,4,False
1,0,0,0,0,0,0,0,0,0,0,0,3,0.0,0.0,0.0,0.0,0,1,0,1,0,0.00,0.00,0.00,0.27,1,False,560,28,2025-26,Wilson Isidor,17,4,False
90,1,0,0,1,0,0,0,0,0,0,3,33,36.2,1.1,42.0,7.9,1,2,1,4,1,0.99,0.02,1.01,1.45,9,False,561,28,2025-26,Eliezer Mayenda Dossou,17,4,False
0,0,0,0,0,0,0,0,0,0,0,0,0,0.0,0.0,0.0,0.0,0,0,0,0,0,0.00,0.00,0.00,0.00,0,False,562,28,2025-26,Ahmed Abdullahi,17,4,False
0,0,0,0,0,0,0,0,0,0,0,0,0,0.0,0.0,0.0,0.0,0,0,0,0,0,0.00,0.00,0.00,0.00,0,False,563,28,2025-26,Luís Hemir Silva Semedo,17,4,False
0,0,0,0,0,0,0,0,0,0,0,0,0,0.0,0.0,0.0,0.0,0,0,0,0,0,0.00,0.00,0.00,0.00,0,False,564,28,2025-26,Nazarii Rusyn,17,4,False
90,0,0,0,2,0,0,0,0,0,2,0,7,19.4,0.0,0.0,1.9,0,9,0,0,1,0.00,0.00,0.00,2.14,1,False,565,28,2025-26,Guglielmo Vicario,18,10,False
0,0,0,0,0,0,0,0,0,0,0,0,0,0.0,0.0,0.0,0.0,0,0,0,0,0,0.00,0.00,0.00,0.00,0,False,566,28,2025-26,Brandon Austin,18,10,False
0,0,0,0,0,0,0,0,0,0,0,0,0,0.0,0.0,0.0,0.0,0,0,0,0,0,0.00,0.00,0.00,0.00,0,False,567,28,2025-26,Antonín Kinský,18,10,False
90,0,0,0,2,0,0,0,1,0,0,0,4,19.0,24.1,5.0,4.8,4,3,4,8,1,0.08,0.08,0.16,2.14,0,False,568,28,2025-26,Pedro Porro Sauceda,18,10,False
0,0,0,0,0,0,0,0,0,0,0,0,0,0.0,0.0,0.0,0.0,0,0,0,0,0,0.00,0.00,0.00,0.00,0,False,569,28,2025-26,Cristian Romero,18,10,False
1,0,0,0,0,0,0,0,0,0,0,0,4,0.6,0.1,0.0,0.1,0,1,0,0,0,0.00,0.00,0.00,0.00,1,False,570,28,2025-26,Kevin Danso,18,10,False
0,0,0,0,0,0,0,0,0,0,0,0,0,0.0,0.0,0.0,0.0,0,0,0,0,0,0.00,0.00,0.00,0.00,0,False,571,28,2025-26,Ben Davies,18,10,False
89,0,0,0,2,0,0,0,0,0,0,0,1,18.2,0.4,10.0,2.9,12,0,1,13,1,0.13,0.00,0.13,2.14,3,False,572,28,2025-26,Radu Drăgușin,18,10,False
0,0,0,0,0,0,0,0,0,0,0,0,0,0.0,0.0,0.0,0.0,0,0,0,0,0,0.00,0.00,0.00,0.00,0,False,573,28,2025-26,Djed Spence,18,10,False
0,0,0,0,0,0,0,0,0,0,0,0,0,0.0,0.0,0.0,0.0,0,0,0,0,0,0.00,0.00,0.00,0.00,0,False,574,28,2025-26,Destiny Udogie,18,10,False
90,0,0,0,2,0,0,0,1,0,0,0,1,11.8,0.5,2.0,1.4,2,5,1,3,1,0.00,0.00,0.00,2.14,0,False,575,28,2025-26,Micky van de Ven,18,10,False
0,0,0,0,0,0,0,0,0,0,0,0,0,0.0,0.0,0.0,0.0,0,0,0,0,0,0.00,0.00,0.00,0.00,0,False,576,28,2025-26,Ashley Phillips,18,10,False
0,0,0,0,0,0,0,0,0,0,0,0,0,0.0,0.0,0.0,0.0,0,0,0,0,0,0.00,0.00,0.00,0.00,0,False,577,28,2025-26,Takai Kōta,18,10,False
0,0,0,0,0,0,0,0,0,0,0,0,0,0.0,0.0,0.0,0.0,0,0,0,0,0,0.00,0.00,0.00,0.00,0,False,578,28,2025-26,Luka Vušković,18,10,False
0,0,0,0,0,0,0,0,0,0,0,0,0,0.0,0.0,0.0,0.0,0,0,0,0,0,0.00,0.00,0.00,0.00,0,False,579,28,2025-26,Son Heung-min,18,10,False
57,0,1,0,1,0,0,0,0,0,0,0,14,15.0,14.4,0.0,2.9,0,1,0,1,1,0.00,0.02,0.02,1.22,4,False,580,28,2025-26,Brennan Johnson,8,14,False
0,0,0,0,0,0,0,0,0,0,0,0,0,0.0,0.0,0.0,0.0,0,0,0,0,0,0.00,0.00,0.00,0.00,0,False,581,28,2025-26,James Maddison,18,10,False
0,0,0,0,0,0,0,0,0,0,0,0,0,0.0,0.0,0.0,0.0,0,0,0,0,0,0.00,0.00,0.00,0.00,0,False,582,28,2025-26,Mohammed Kudus,18,10,False
0,0,0,0,0,0,0,0,0,0,0,0,0,0.0,0.0,0.0,0.0,0,0,0,0,0,0.00,0.00,0.00,0.00,0,False,583,28,2025-26,Dejan Kulusevski,18,10,False
32,0,0,0,0,0,0,0,0,0,0,0,7,9.4,14.6,4.0,2.8,1,3,0,4,0,0.00,0.05,0.05,0.77,1,False,584,28,2025-26,Mathys Tel,18,10,False
0,0,0,0,0,0,0,0,0,0,0,0,0,0.0,0.0,0.0,0.0,0,0,0,0,0,0.00,0.00,0.00,0.00,0,False,585,28,2025-26,Rodrigo Bentancur,18,10,False
0,0,0,0,0,0,0,0,0,0,0,0,0,0.0,0.0,0.0,0.0,0,0,0,0,0,0.00,0.00,0.00,0.00,0,False,586,28,2025-26,Lucas Bergvall,18,10,False
79,0,0,0,2,0,0,0,0,0,0,0,13,6.8,3.8,2.0,1.3,3,3,1,7,1,0.08,0.01,0.09,2.02,2,False,587,28,2025-26,Yves Bissouma,18,10,False
0,0,0,0,0,0,0,0,0,0,0,0,0,0.0,0.0,0.0,0.0,0,0,0,0,0,0.00,0.00,0.00,0.00,0,False,588,28,2025-26,Wilson Odobert,18,10,False
0,0,0,0,0,0,0,0,0,0,0,0,0,0.0,0.0,0.0,0.0,0,0,0,0,0,0.00,0.00,0.00,0.00,0,False,589,28,2025-26,Manor Solomon,18,10,False
0,0,0,0,0,0,0,0,0,0,0,0,0,0.0,0.0,0.0,0.0,0,0,0,0,0,0.00,0.00,0.00,0.00,0,False,590,28,2025-26,Bryan Gil Salvatierra,18,10,False
90,0,1,0,2,0,0,0,0,0,0,0,19,25.0,14.8,4.0,4.4,3,4,0,7,1,0.00,0.24,0.24,2.14,5,False,591,28,2025-26,Archie Gray,18,10,False
0,0,0,0,0,0,0,0,0,0,0,0,0,0.0,0.0,0.0,0.0,0,0,0,0,0,0.00,0.00,0.00,0.00,0,False,592,28,2025-26,Mikey Moore,18,10,False
32,0,0,0,0,0,0,0,0,0,0,0,6,6.6,0.0,7.0,1.4,2,3,1,6,0,0.15,0.00,0.15,0.77,1,False,593,28,2025-26,Pape Matar Sarr,18,10,False
0,0,0,0,0,0,0,0,0,0,0,0,0,0.0,0.0,0.0,0.0,0,0,0,0,0,0.00,0.00,0.00,0.00,0,False,594,28,2025-26,Yang Min-hyeok,18,10,False
0,0,0,0,0,0,0,0,0,0,0,0,0,0.0,0.0,0.0,0.0,0,0,0,0,0,0.00,0.00,0.00,0.00,0,False,595,28,2025-26,Callum Olusesi,18,10,False
90,0,0,0,2,0,0,0,0,0,0,0,13,8.8,11.9,13.0,3.4,0,4,2,6,1,0.02,0.02,0.04,2.14,2,False,596,28,2025-26,Dominic Solanke-Mitchell,18,10,False
32,1,0,0,0,0,0,0,1,0,0,1,28,36.4,11.5,19.0,6.7,1,0,0,1,0,0.13,0.02,0.15,0.77,5,False,597,28,2025-26,Richarlison de Andrade,18,10,False
0,0,0,0,0,0,0,0,0,0,0,0,0,0.0,0.0,0.0,0.0,0,0,0,0,0,0.00,0.00,0.00,0.00,0,False,598,28,2025-26,Will Lankshear,18,10,False
0,0,0,0,0,0,0,0,0,0,0,0,0,0.0,0.0,0.0,0.0,0,0,0,0,0,0.00,0.00,0.00,0.00,0,False,599,28,2025-26,Dane Scarlett,18,10,False
0,0,0,0,0,0,0,0,0,0,0,0,0,0.0,0.0,0.0,0.0,0,0,0,0,0,0.00,0.00,0.00,0.00,0,False,600,28,2025-26,Alphonse Areola,19,12,False
0,0,0,0,0,0,0,0,0,0,0,0,0,0.0,0.0,0.0,0.0,0,0,0,0,0,0.00,0.00,0.00,0.00,0,False,601,28,2025-26,Wes Foderingham,19,12,False
0,0,0,0,0,0,0,0,0,0,0,0,0,0.0,0.0,0.0,0.0,0,0,0,0,0,0.00,0.00,0.00,0.00,0,False,602,28,2025-26,Krisztián Hegyi,19,12,False
89,0,1,0,5,0,0,0,0,0,0,0,15,41.2,29.4,13.0,8.4,8,6,1,9,1,0.07,0.33,0.40,1.42,3,False,603,28,2025-26,El Hadji Malick Diouf,19,12,False
0,0,0,0,0,0,0,0,0,0,0,0,0,0.0,0.0,0.0,0.0,0,0,0,0,0,0.00,0.00,0.00,0.00,0,False,604,28,2025-26,Emerson Palmieri dos Santos,19,12,False
0,0,0,0,0,0,0,0,0,0,0,0,0,0.0,0.0,0.0,0.0,0,0,0,0,0,0.00,0.00,0.00,0.00,0,False,605,28,2025-26,Maximilian Kilman,19,12,False
90,0,0,0,5,0,0,0,0,0,0,0,-2,26.0,1.2,14.0,4.1,8,4,3,11,1,0.36,0.00,0.36,1.84,2,False,606,28,2025-26,Konstantinos Mavropanos,19,12,False
0,0,0,0,0,0,0,0,0,0,0,0,0,0.0,0.0,0.0,0.0,0,0,0,0,0,0.00,0.00,0.00,0.00,0,False,607,28,2025-26,Nayef Aguerd,19,12,False
0,0,0,0,0,0,0,0,0,0,0,0,0,0.0,0.0,0.0,0.0,0,0,0,0,0,0.00,0.00,0.00,0.00,0,False,608,28,2025-26,Ollie Scarles,19,12,False
0,0,0,0,0,0,0,0,0,0,0,0,0,0.0,0.0,0.0,0.0,0,0,0,0,0,0.00,0.00,0.00,0.00,0,False,609,28,2025-26,Jean-Clair Todibo,19,12,False
90,0,0,0,5,0,0,0,0,0,0,0,-11,10.0,4.6,2.0,1.7,3,1,0,3,1,0.00,0.02,0.02,1.84,0,False,610,28,2025-26,Aaron Wan-Bissaka,19,12,False
0,0,0,0,0,0,0,0,0,0,0,0,0,0.0,0.0,0.0,0.0,0,0,0,0,0,0.00,0.00,0.00,0.00,0,False,611,28,2025-26,Kaelan Casey,19,12,False
0,0,0,0,0,0,0,0,0,0,0,0,0,0.0,0.0,0.0,0.0,0,0,0,0,0,0.00,0.00,0.00,0.00,0,False,612,28,2025-26,Lucas Tolentino Coelho de Lima,19,12,False
89,1,0,0,5,0,0,0,0,0,0,0,30,38.2,11.8,36.0,8.6,2,2,1,5,1,0.85,0.01,0.86,1.42,7,False,613,28,2025-26,Tomáš Souček,19,12,False
74,0,0,0,3,0,0,0,0,0,0,0,16,14.8,15.6,0.0,3.0,4,3,0,7,1,0.00,0.05,0.05,1.89,2,False,614,28,2025-26,James Ward-Prowse,3,5,True
90,0,0,0,5,0,0,0,1,0,0,0,4,9.2,14.7,40.0,6.4,3,6,2,11,1,0.27,0.05,0.32,1.84,1,False,615,28,2025-26,Crysencio Summerville,19,12,False
0,0,0,0,0,0,0,0,0,0,0,0,0,0.0,0.0,0.0,0.0,0,0,0,0,0,0.00,0.00,0.00,0.00,0,False,616,28,2025-26,Edson Álvarez Velázquez,19,12,False
0,0,0,0,0,0,0,0,0,0,0,0,0,0.0,0.0,0.0,0.0,0,0,0,0,0,0.00,0.00,0.00,0.00,0,False,617,28,2025-26,Maxwel Cornet,19,12,False
0,0,0,0,0,0,0,0,0,0,0,0,0,0.0,0.0,0.0,0.0,0,0,0,0,0,0.00,0.00,0.00,0.00,0,False,618,28,2025-26,Guido Rodríguez,19,12,False
0,0,0,0,0,0,0,0,0,0,0,0,0,0.0,0.0,0.0,0.0,0,0,0,0,0,0.00,0.00,0.00,0.00,0,False,619,28,2025-26,Luis Guilherme Lira dos Santos,19,12,False
0,0,0,0,0,0,0,0,0,0,0,0,0,0.0,0.0,0.0,0.0,0,0,0,0,0,0.00,0.00,0.00,0.00,0,False,620,28,2025-26,George Earthy,19,12,False
0,0,0,0,0,0,0,0,0,0,0,0,0,0.0,0.0,0.0,0.0,0,0,0,0,0,0.00,0.00,0.00,0.00,0,False,621,28,2025-26,Andy Irving,19,12,False
0,0,0,0,0,0,0,0,0,0,0,0,0,0.0,0.0,0.0,0.0,0,0,0,0,0,0.00,0.00,0.00,0.00,0,False,622,28,2025-26,Lewis Orford,19,12,False
0,0,0,0,0,0,0,0,0,0,0,0,0,0.0,0.0,0.0,0.0,0,0,0,0,0,0.00,0.00,0.00,0.00,0,False,623,28,2025-26,Freddie Potts,19,12,False
90,0,1,0,5,0,0,0,0,0,0,0,26,32.8,41.7,16.0,9.1,4,7,2,13,1,0.00,0.26,0.26,1.84,7,False,624,28,2025-26,Jarrod Bowen,19,12,False
0,0,0,0,0,0,0,0,0,0,0,0,0,0.0,0.0,0.0,0.0,0,0,0,0,0,0.00,0.00,0.00,0.00,0,False,625,28,2025-26,Niclas Füllkrug,19,12,False
0,0,0,0,0,0,0,0,0,0,0,0,0,0.0,0.0,0.0,0.0,0,0,0,0,0,0.00,0.00,0.00,0.00,0,False,626,28,2025-26,Callum Marshall,19,12,False
0,0,0,0,0,0,0,0,0,0,0,0,0,0.0,0.0,0.0,0.0,0,0,0,0,0,0.00,0.00,0.00,0.00,0,False,627,28,2025-26,Sam Johnstone,20,2,True
90,0,0,1,0,0,0,0,0,0,4,1,31,27.6,0.0,0.0,2.8,1,9,0,0,1,0.00,0.00,0.00,1.03,8,True,628,28,2025-26,José Malheiro de Sá,20,2,True
0,0,0,0,0,0,0,0,0,0,0,0,0,0.0,0.0,0.0,0.0,0,0,0,0,0,0.00,0.00,0.00,0.00,0,False,629,28,2025-26,Daniel Bentley,20,2,True
0,0,0,0,0,0,0,0,0,0,0,0,0,0.0,0.0,0.0,0.0,0,0,0,0,0,0.00,0.00,0.00,0.00,0,False,630,28,2025-26,Tom King,9,15,False
0,0,0,0,0,0,0,0,0,0,0,0,0,0.0,0.0,0.0,0.0,0,0,0,0,0,0.00,0.00,0.00,0.00,0,False,631,28,2025-26,Emmanuel Agbadou,20,2,True
0,0,0,0,0,0,0,0,0,0,0,0,0,0.0,0.0,0.0,0.0,0,0,0,0,0,0.00,0.00,0.00,0.00,0,False,632,28,2025-26,Matt Doherty,20,2,True
90,0,0,1,0,0,0,0,0,0,0,0,26,14.8,1.4,0.0,1.6,5,5,2,7,1,0.00,0.01,0.01,1.03,6,False,633,28,2025-26,Hugo Bueno López,20,2,True
90,0,0,1,0,0,0,0,1,0,0,2,33,22.6,10.4,7.0,4.0,6,1,4,10,1,0.02,0.06,0.08,1.03,9,True,634,28,2025-26,Yerson Mosquera Valdelamar,20,2,True
1,1,0,0,0,0,0,0,0,0,0,0,17,33.0,0.0,17.0,5.0,0,0,0,0,0,0.28,0.00,0.28,0.21,7,False,635,28,2025-26,Rodrigo Martins Gomes,20,2,True
90,0,0,1,0,0,0,0,0,0,0,0,24,22.6,0.4,0.0,2.3,8,1,1,9,1,0.00,0.00,0.00,1.03,6,False,636,28,2025-26,Santiago Ignacio Bueno,20,2,True
90,0,0,1,0,0,0,0,0,0,0,0,28,28.2,0.8,5.0,3.4,10,3,2,12,1,0.18,0.00,0.18,1.03,8,False,637,28,2025-26,Toti Gomes,20,2,True
0,0,0,0,0,0,0,0,0,0,0,0,0,0.0,0.0,0.0,0.0,0,0,0,0,0,0.00,0.00,0.00,0.00,0,False,638,28,2025-26,Ki-Jana Hoever,20,2,True
0,0,0,0,0,0,0,0,0,0,0,0,0,0.0,0.0,0.0,0.0,0,0,0,0,0,0.00,0.00,0.00,0.00,0,False,639,28,2025-26,Bastien Meupiyou Menadjou,20,2,True
0,0,0,0,0,0,0,0,0,0,0,0,0,0.0,0.0,0.0,0.0,0,0,0,0,0,0.00,0.00,0.00,0.00,0,False,640,28,2025-26,Pedro Cardoso de Lima,20,2,True
0,0,0,0,0,0,0,0,0,0,0,0,0,0.0,0.0,0.0,0.0,0,0,0,0,0,0.00,0.00,0.00,0.00,0,False,641,28,2025-26,Alfie Pond,20,2,True
0,0,0,0,0,0,0,0,0,0,0,0,0,0.0,0.0,0.0,0.0,0,0,0,0,0,0.00,0.00,0.00,0.00,0,False,642,28,2025-26,Hwang Hee-chan,20,2,True
88,0,0,1,0,0,0,0,0,0,0,0,17,9.2,2.1,0.0,1.1,3,8,2,13,1,0.00,0.01,0.01,0.76,5,False,643,28,2025-26,André Trindade da Costa Neto,20,2,True
80,0,0,1,0,0,0,0,1,0,0,0,8,5.4,14.8,6.0,2.6,1,1,1,3,1,0.00,0.03,0.03,0.63,2,False,644,28,2025-26,Jean-Ricner Bellegarde,20,2,True
0,0,0,0,0,0,0,0,0,0,0,0,0,0.0,0.0,0.0,0.0,0,0,0,0,0,0.00,0.00,0.00,0.00,0,False,645,28,2025-26,Fer López González,20,2,True
90,1,1,1,0,0,0,0,0,0,0,3,53,40.6,2.3,24.0,6.7,2,7,1,10,1,0.29,0.01,0.30,1.03,14,True,646,28,2025-26,João Victor Gomes da Silva,20,2,True
0,0,0,0,0,0,0,0,0,0,0,0,0,0.0,0.0,0.0,0.0,0,0,0,0,0,0.00,0.00,0.00,0.00,0,False,647,28,2025-26,Gonçalo Manuel Ganchinho Guedes,20,2,True
0,0,0,0,0,0,0,0,0,0,0,0,0,0.0,0.0,0.0,0.0,0,0,0,0,0,0.00,0.00,0.00,0.00,0,False,648,28,2025-26,Marshall Munetsi,20,2,True
0,0,0,0,0,0,0,0,0,0,0,0,0,0.0,0.0,0.0,0.0,0,0,0,0,0,0.00,0.00,0.00,0.00,0,False,649,28,2025-26,Boubacar Traoré,20,2,True
0,0,0,0,0,0,0,0,0,0,0,0,0,0.0,0.0,0.0,0.0,0,0,0,0,0,0.00,0.00,0.00,0.00,0,False,650,28,2025-26,Tawanda Chirewa,20,2,True
0,0,0,0,0,0,0,0,0,0,0,0,0,0.0,0.0,0.0,0.0,0,0,0,0,0,0.00,0.00,0.00,0.00,0,False,651,28,2025-26,Tom Edozie,20,2,True
0,0,0,0,0,0,0,0,0,0,0,0,0,0.0,0.0,0.0,0.0,0,0,0,0,0,0.00,0.00,0.00,0.00,0,False,652,28,2025-26,Enso González Medina,20,2,True
0,0,0,0,0,0,0,0,0,0,0,0,0,0.0,0.0,0.0,0.0,0,0,0,0,0,0.00,0.00,0.00,0.00,0,False,653,28,2025-26,Joe Hodge,20,2,True
57,0,0,0,1,0,0,0,0,0,0,0,0,0.0,5.5,8.0,0.9,1,1,0,2,1,0.19,0.01,0.20,1.22,1,False,654,28,2025-26,Jørgen Strand Larsen,8,14,False
0,0,0,0,0,0,0,0,0,0,0,0,0,0.0,0.0,0.0,0.0,0,0,0,0,0,0.00,0.00,0.00,0.00,0,False,655,28,2025-26,Fábio Soares Silva,20,2,True
0,0,0,0,0,0,0,0,0,0,0,0,0,0.0,0.0,0.0,0.0,0,0,0,0,0,0.00,0.00,0.00,0.00,0,False,656,28,2025-26,Saša Kalajdžić,20,2,True
0,0,0,0,0,0,0,0,0,0,0,0,0,0.0,0.0,0.0,0.0,0,0,0,0,0,0.00,0.00,0.00,0.00,0,False,657,28,2025-26,Leon Chiwome,20,2,True
0,0,0,0,0,0,0,0,0,0,0,0,0,0.0,0.0,0.0,0.0,0,0,0,0,0,0.00,0.00,0.00,0.00,0,False,658,28,2025-26,Nathan Fraser,20,2,True
0,0,0,0,0,0,0,0,0,0,0,0,0,0.0,0.0,0.0,0.0,0,0,0,0,0,0.00,0.00,0.00,0.00,0,False,659,28,2025-26,Kyle Walker-Peters,19,12,False
90,0,0,0,1,0,0,0,0,0,0,0,21,16.8,51.8,8.0,7.7,1,6,3,10,1,0.02,0.16,0.18,2.00,2,False,660,28,2025-26,Anton Stach,11,13,True
75,1,2,0,2,0,0,0,0,0,0,3,49,68.6,23.9,34.0,12.7,2,1,0,3,1,0.21,0.14,0.35,1.69,15,True,661,28,2025-26,Hugo Ekitiké,12,19,True
0,0,0,0,0,0,0,0,0,0,0,0,0,0.0,0.0,0.0,0.0,0,0,0,0,0,0.00,0.00,0.00,0.00,0,False,662,28,2025-26,Cristhian Mosquera,1,7,True
0,0,0,0,0,0,0,0,0,0,0,0,0,0.0,0.0,0.0,0.0,0,0,0,0,0,0.00,0.00,0.00,0.00,0,False,663,28,2025-26,Jhon Arias,20,2,True
0,0,0,0,0,0,0,0,0,0,0,0,0,0.0,0.0,0.0,0.0,0,0,0,0,0,0.00,0.00,0.00,0.00,0,False,664,28,2025-26,Benjamin Lecomte,10,18,True
0,0,0,0,0,0,0,0,0,0,0,0,0,0.0,0.0,0.0,0.0,0,0,0,0,0,0.00,0.00,0.00,0.00,0,False,665,28,2025-26,Lucas Estella Perri,11,13,True
75,0,0,0,1,0,0,0,0,0,0,0,3,0.2,3.6,2.0,0.6,0,4,0,4,1,0.03,0.05,0.08,1.00,2,False,666,28,2025-26,Viktor Gyökeres,1,7,True
0,0,0,0,0,0,0,0,0,0,0,0,0,0.0,0.0,0.0,0.0,0,0,0,0,0,0.00,0.00,0.00,0.00,0,False,667,28,2025-26,Adam Aznou,9,15,False
75,0,0,0,1,0,0,0,0,0,0,0,15,9.2,11.3,0.0,2.1,3,7,1,11,1,0.00,0.01,0.01,1.27,2,False,668,28,2025-26,Granit Xhaka,17,4,False
8,0,0,0,0,0,0,0,0,0,0,0,5,2.0,10.3,0.0,1.2,0,0,0,0,0,0.00,0.01,0.01,0.00,1,False,669,28,2025-26,Dan Ndoye,16,6,False
90,0,0,0,1,0,0,0,1,0,4,0,9,22.2,0.0,0.0,2.2,2,5,0,0,1,0.00,0.00,0.00,1.71,2,False,670,28,2025-26,Robin Roefs,17,4,False
0,0,0,0,0,0,0,0,0,0,0,0,0,0.0,0.0,0.0,0.0,0,0,0,0,0,0.00,0.00,0.00,0.00,0,False,671,28,2025-26,Callum Wilson,19,12,False
74,0,0,0,2,0,0,0,1,0,0,0,0,4.2,0.3,0.0,0.5,6,4,3,9,1,0.00,0.09,0.09,1.03,0,False,672,28,2025-26,Jorrel Hato,7,1,False
90,0,0,0,2,0,0,0,0,0,0,0,12,6.8,1.4,12.0,2.0,2,4,5,11,1,0.19,0.00,0.19,2.14,2,False,673,28,2025-26,João Maria Lobo Alves Palhares Costa Palhinha Gonçalves,18,10,False
0,0,0,0,0,0,0,0,0,0,0,0,0,0.0,0.0,0.0,0.0,0,0,0,0,0,0.00,0.00,0.00,0.00,0,False,674,28,2025-26,Aaron Ramsdale,15,9,True
0,0,0,0,0,0,0,0,0,0,0,0,0,0.0,0.0,0.0,0.0,0,0,0,0,0,0.00,0.00,0.00,0.00,0,False,675,28,2025-26,Angus Gunn,16,6,False
45,0,0,0,1,0,0,0,0,0,0,0,2,2.8,1.3,7.0,1.1,0,1,1,2,0,0.10,0.01,0.11,0.45,1,False,676,28,2025-26,Lesley Ugochukwu,3,5,True
32,0,0,0,1,0,0,0,0,0,0,0,3,4.4,0.8,2.0,0.7,0,3,2,5,0,0.00,0.01,0.01,0.83,1,False,677,28,2025-26,Evann Guessand,8,14,False
0,0,0,0,0,0,0,0,0,0,0,0,0,0.0,0.0,0.0,0.0,0,0,0,0,0,0.00,0.00,0.00,0.00,0,False,678,28,2025-26,Arthur Masuaku,17,4,False
90,0,0,0,5,0,0,0,0,0,2,0,-4,15.8,0.0,0.0,1.6,1,11,0,0,1,0.00,0.00,0.00,1.84,0,False,679,28,2025-26,Mads Hermansen,19,12,False
0,0,0,0,0,0,0,0,0,0,0,0,0,0.0,0.0,0.0,0.0,0,0,0,0,0,0.00,0.00,0.00,0.00,0,False,680,28,2025-26,Armando Broja,3,5,True
74,1,0,0,1,0,0,0,0,0,0,2,38,38.4,3.4,60.0,10.2,0,1,0,1,1,0.29,0.01,0.30,0.32,8,False,681,28,2025-26,Benjamin Sesko,14,8,True
0,0,0,0,0,0,0,0,0,0,0,0,0,0.0,0.0,0.0,0.0,0,0,0,0,0,0.00,0.00,0.00,0.00,0,False,682,28,2025-26,David Møller Wolfe,20,2,True
90,0,0,0,1,0,0,0,0,0,0,0,16,41.8,0.4,0.0,4.2,17,2,4,21,1,0.00,0.00,0.00,1.71,4,False,683,28,2025-26,Omar Alderete,17,4,False
90,0,0,0,3,0,0,0,0,0,0,0,2,14.0,13.5,13.0,4.1,4,4,0,4,1,0.33,0.13,0.46,2.13,1,False,684,28,2025-26,Malick Thiaw,15,9,True
0,0,0,0,0,0,0,0,0,0,0,0,0,0.0,0.0,0.0,0.0,0,0,0,0,0,0.00,0.00,0.00,0.00,0,False,685,28,2025-26,Bafodé Diakité,4,17,True
14,0,0,0,0,0,0,0,0,0,0,0,6,9.0,10.3,17.0,3.6,1,0,1,2,0,0.12,0.00,0.12,0.16,1,False,686,28,2025-26,Rio Ngumoha,12,19,True
0,0,0,0,0,0,0,0,0,0,0,0,0,0.0,0.0,0.0,0.0,0,0,0,0,0,0.00,0.00,0.00,0.00,0,False,687,28,2025-26,Remy Rees-Dottin,4,17,True
0,0,0,0,0,0,0,0,0,0,0,0,0,0.0,0.0,0.0,0.0,0,0,0,0,0,0.00,0.00,0.00,0.00,0,False,688,28,2025-26,James Wright,2,20,False
0,0,0,0,0,0,0,0,0,0,0,0,0,0.0,0.0,0.0,0.0,0,0,0,0,0,0.00,0.00,0.00,0.00,0,False,689,28,2025-26,Seung-Soo Park,15,9,True
0,0,0,0,0,0,0,0,0,0,0,0,0,0.0,0.0,0.0,0.0,0,0,0,0,0,0.00,0.00,0.00,0.00,0,False,690,28,2025-26,Rio Cardines,8,14,False
90,0,0,0,1,0,0,0,0,0,0,0,-1,0.0,12.5,24.0,3.5,1,0,0,1,1,0.78,0.02,0.80,2.00,2,False,691,28,2025-26,Dominic Calvert-Lewin,11,13,True
0,0,0,0,0,0,0,0,0,0,0,0,0,0.0,0.0,0.0,0.0,0,0,0,0,0,0.00,0.00,0.00,0.00,0,False,692,28,2025-26,Giovanni Leoni,12,19,True
55,0,0,0,2,0,0,0,0,0,0,0,4,2.8,1.8,19.0,2.4,1,3,0,4,1,0.02,0.01,0.03,1.26,1,False,693,28,2025-26,Omari Hutchinson,16,6,False
0,0,0,0,0,0,0,0,0,0,0,0,0,0.0,0.0,0.0,0.0,0,0,0,0,0,0.00,0.00,0.00,0.00,0,False,694,28,2025-26,Nordi Mukiele,17,4,False
90,0,0,1,0,0,0,0,0,0,0,0,24,13.2,8.7,0.0,2.2,3,4,1,4,1,0.00,0.01,0.01,1.03,6,False,695,28,2025-26,Jackson Tchatchoua,20,2,True
0,0,0,0,0,0,0,0,0,0,0,0,0,0.0,0.0,0.0,0.0,0,0,0,0,0,0.00,0.00,0.00,0.00,0,False,696,28,2025-26,Arnaud Kalimuendo,16,6,False
9,0,0,0,0,0,0,0,0,0,0,0,6,2.0,4.8,4.0,1.1,0,1,0,1,0,0.00,0.02,0.02,0.08,1,False,697,28,2025-26,Amine Adli,4,17,True
0,0,0,0,0,0,0,0,0,0,0,0,0,0.0,0.0,0.0,0.0,0,0,0,0,0,0.00,0.00,0.00,0.00,0,False,698,28,2025-26,Noah Okafor,11,13,True
59,0,0,0,0,0,0,0,0,0,0,0,5,13.2,29.8,17.0,6.0,2,3,1,6,1,0.13,0.11,0.24,0.22,1,False,699,28,2025-26,Douglas Luiz Soares de Paulo,2,20,False
0,0,0,0,0,0,0,0,0,0,0,0,0,0.0,0.0,0.0,0.0,0,0,0,0,0,0.00,0.00,0.00,0.00,0,False,700,28,2025-26,Max Dowman,1,7,True
0,0,0,0,0,0,0,0,0,0,0,0,0,0.0,0.0,0.0,0.0,0,0,0,0,0,0.00,0.00,0.00,0.00,0,False,701,28,2025-26,Triston Rowe,2,20,False
0,0,0,0,0,0,0,0,0,0,0,0,0,0.0,0.0,0.0,0.0,0,0,0,0,0,0.00,0.00,0.00,0.00,0,False,702,28,2025-26,Bradley Burrowes,2,20,False
0,0,0,0,0,0,0,0,0,0,0,0,0,0.0,0.0,0.0,0.0,0,0,0,0,0,0.00,0.00,0.00,0.00,0,False,703,28,2025-26,Sam Proctor,2,20,False
0,0,0,0,0,0,0,0,0,0,0,0,0,0.0,0.0,0.0,0.0,0,0,0,0,0,0.00,0.00,0.00,0.00,0,False,704,28,2025-26,Tyler Onyango,9,15,False
0,0,0,0,0,0,0,0,0,0,0,0,0,0.0,0.0,0.0,0.0,0,0,0,0,0,0.00,0.00,0.00,0.00,0,False,705,28,2025-26,Elijah Campbell,9,15,False
86,0,0,0,1,0,0,0,0,0,0,0,8,23.8,0.5,11.0,3.5,7,2,1,8,1,0.03,0.01,0.04,2.00,2,False,706,28,2025-26,James Justin,11,13,True
0,0,0,0,0,0,0,0,0,0,0,0,0,0.0,0.0,0.0,0.0,0,0,0,0,0,0.00,0.00,0.00,0.00,0,False,707,28,2025-26,Tyler Dibling,9,15,False
90,0,0,0,5,0,0,0,0,0,0,0,18,11.0,5.8,7.0,2.4,0,6,2,8,1,0.02,0.06,0.08,1.84,2,False,708,28,2025-26,Mateus Gonçalo Espanha Fernandes,19,12,False
0,0,0,0,0,0,0,0,0,0,0,0,0,0.0,0.0,0.0,0.0,0,0,0,0,0,0.00,0.00,0.00,0.00,0,False,709,28,2025-26,Ladislav Krejcí,20,2,True
0,0,0,0,0,0,0,0,0,0,0,0,0,0.0,0.0,0.0,0.0,0,0,0,0,0,0.00,0.00,0.00,0.00,0,False,710,28,2025-26,Travis Patterson,2,20,False
0,0,0,0,0,0,0,0,0,0,0,0,0,0.0,0.0,0.0,0.0,0,0,0,0,0,0.00,0.00,0.00,0.00,0,False,711,28,2025-26,Andre Harriman-Annous,1,7,True
5,0,0,0,0,0,0,0,0,0,0,0,4,0.6,3.7,0.0,0.4,0,3,0,3,0,0.00,0.04,0.04,0.36,1,False,712,28,2025-26,Yéremy Pino Santos,8,14,False
90,0,0,0,1,0,0,0,0,0,0,0,12,18.4,27.8,4.0,5.0,5,3,2,7,1,0.08,0.23,0.31,1.42,2,False,713,28,2025-26,Álex Jiménez Sánchez,4,17,True
55,0,0,0,2,0,0,0,0,0,0,0,1,0.0,1.9,0.0,0.2,0,2,0,2,1,0.00,0.01,0.01,1.08,1,False,714,28,2025-26,Nick Woltemade,15,9,True
0,0,0,0,0,0,0,0,0,0,0,0,0,0.0,0.0,0.0,0.0,0,0,0,0,0,0.00,0.00,0.00,0.00,0,False,715,28,2025-26,John Victor Maciel Furtado,16,6,False
0,0,0,0,0,0,0,0,0,0,0,0,0,0.0,0.0,0.0,0.0,0,0,0,0,0,0.00,0.00,0.00,0.00,0,False,716,28,2025-26,Nicolò Savona,16,6,False
57,0,0,0,2,0,0,0,0,0,0,0,4,1.6,16.2,0.0,1.8,0,4,0,4,1,0.00,0.04,0.04,1.37,1,False,717,28,2025-26,Xavi Simons,18,10,False
75,0,0,0,4,0,0,0,1,0,0,0,2,2.2,3.4,0.0,0.6,2,4,0,6,1,0.00,0.01,0.01,1.22,1,False,718,28,2025-26,Soungoutou Magassa,19,12,False
0,0,0,0,0,0,0,0,0,0,0,0,0,0.0,0.0,0.0,0.0,0,0,0,0,0,0.00,0.00,0.00,0.00,0,False,719,28,2025-26,Victor Lindelöf,2,20,False
9,0,0,0,0,0,0,0,0,0,0,0,4,4.0,10.3,0.0,1.4,1,0,0,1,0,0.00,0.01,0.01,0.40,1,False,720,28,2025-26,Tolu Arokodare,20,2,True
0,0,0,0,0,0,0,0,0,0,0,0,0,0.0,0.0,0.0,0.0,0,0,0,0,0,0.00,0.00,0.00,0.00,0,False,721,28,2025-26,Veljko Milosavljevic,4,17,True
15,0,0,0,1,0,0,0,0,0,0,0,5,12.2,0.2,0.0,1.2,2,1,0,3,0,0.00,0.00,0.00,0.36,1,False,722,28,2025-26,Florentino Ibrain Morris Luís,3,5,True
90,0,0,0,2,0,0,0,0,0,0,0,7,29.6,0.9,2.0,3.3,12,2,2,14,1,0.00,0.01,0.01,2.05,3,False,723,28,2025-26,Jaydee Canvot,8,14,False
90,0,0,0,1,0,0,0,0,0,0,0,6,21.4,2.3,2.0,2.6,9,1,4,13,1,0.00,0.01,0.01,1.71,4,False,724,28,2025-26,Lutsharel Geertruida,17,4,False
90,0,0,0,1,1,0,0,0,0,0,0,-3,1.6,0.2,0.0,0.2,3,2,2,5,1,0.00,0.00,0.00,1.05,0,False,725,28,2025-26,Piero Hincapié,1,7,True
57,0,0,0,2,0,0,0,0,0,0,0,3,0.0,10.5,18.0,2.8,0,2,1,3,1,0.09,0.03,0.12,1.37,1,False,726,28,2025-26,Randal Kolo Muani,18,10,False
18,0,0,0,0,0,0,0,0,0,0,0,6,8.6,22.6,9.0,4.0,3,1,0,4,0,0.04,0.21,0.25,0.23,1,False,727,28,2025-26,Samuel Chukwueze,10,18,True
0,0,0,0,0,0,0,0,0,0,0,0,0,0.0,0.0,0.0,0.0,0,0,0,0,0,0.00,0.00,0.00,0.00,0,False,728,28,2025-26,Merlin Röhl,9,15,False
0,0,0,0,0,0,0,0,0,0,0,0,0,0.0,0.0,0.0,0.0,0,0,0,0,0,0.00,0.00,0.00,0.00,0,False,729,28,2025-26,Luis Eduardo Soares da Silva,16,6,False
0,0,0,0,0,0,0,0,0,0,0,0,0,0.0,0.0,0.0,0.0,0,0,0,0,0,0.00,0.00,0.00,0.00,0,False,730,28,2025-26,Brian Brobbey,17,4,False
0,0,0,0,0,0,0,0,0,0,0,0,0,0.0,0.0,0.0,0.0,0,0,0,0,0,0.00,0.00,0.00,0.00,0,False,731,28,2025-26,Kevin Santos Lopes de Macedo,10,18,True
0,0,0,0,0,0,0,0,0,0,0,0,0,0.0,0.0,0.0,0.0,0,0,0,0,0,0.00,0.00,0.00,0.00,0,False,732,28,2025-26,Christantus Uche,8,14,False
90,0,0,0,1,0,0,0,0,0,2,0,8,15.2,0.0,0.0,1.5,0,5,0,0,1,0.00,0.00,0.00,0.38,2,False,733,28,2025-26,Senne Lammens,14,8,True
16,0,0,0,0,0,0,0,0,0,0,0,0,0.0,0.8,6.0,0.5,0,0,0,0,0,0.06,0.00,0.06,0.02,1,False,734,28,2025-26,Dilane Bakwa,16,6,False
21,0,0,0,0,0,0,0,0,0,0,0,1,0.0,0.1,0.0,0.0,0,0,0,0,0,0.00,0.00,0.00,0.62,1,False,735,28,2025-26,Bertrand Traoré,17,4,False
90,0,0,1,0,0,0,0,1,0,2,0,23,14.2,0.0,0.0,1.4,1,9,0,0,1,0.00,0.00,0.00,1.49,5,False,736,28,2025-26,Gianluigi Donnarumma,13,11,False
0,0,0,0,0,0,0,0,0,0,0,0,0,0.0,0.0,0.0,0.0,0,0,0,0,0,0.00,0.00,0.00,0.00,0,False,737,28,2025-26,Jonah Kusi-Asare,10,18,True
0,0,0,0,0,0,0,0,0,0,0,0,0,0.0,0.0,0.0,0.0,0,0,0,0,0,0.00,0.00,0.00,0.00,0,False,738,28,2025-26,Lukasz Fabianski,19,12,False
0,0,0,0,0,0,0,0,0,0,0,0,0,0.0,0.0,0.0,0.0,0,0,0,0,0,0.00,0.00,0.00,0.00,0,False,739,28,2025-26,Divine Mukasa,13,11,False
0,0,0,0,0,0,0,0,0,0,0,0,0,0.0,0.0,0.0,0.0,0,0,0,0,0,0.00,0.00,0.00,0.00,0,False,740,28,2025-26,Stephen Mfuni,13,11,False
0,0,0,0,0,0,0,0,0,0,0,0,0,0.0,0.0,0.0,0.0,0,0,0,0,0,0.00,0.00,0.00,0.00,0,False,741,28,2025-26,Harry Gray,11,13,True
0,0,0,0,0,0,0,0,0,0,0,0,0,0.0,0.0,0.0,0.0,0,0,0,0,0,0.00,0.00,0.00,0.00,0,False,742,28,2025-26,Ryan McAidoo,13,11,False
0,0,0,0,0,0,0,0,0,0,0,0,0,0.0,0.0,0.0,0.0,0,0,0,0,0,0.00,0.00,0.00,0.00,0,False,743,28,2025-26,Landon Emenalo,7,1,False
0,0,0,0,0,0,0,0,0,0,0,0,0,0.0,0.0,0.0,0.0,0,0,0,0,0,0.00,0.00,0.00,0.00,0,False,744,28,2025-26,Nehemiah Oriola,6,16,True
0,0,0,0,0,0,0,0,0,0,0,0,0,0.0,0.0,0.0,0.0,0,0,0,0,0,0.00,0.00,0.00,0.00,0,False,745,28,2025-26,Jun'ai Byfield,18,10,False
0,0,0,0,0,0,0,0,0,0,0,0,0,0.0,0.0,0.0,0.0,0,0,0,0,0,0.00,0.00,0.00,0.00,0,False,746,28,2025-26,Kieran Morrison,12,19,True
1,0,0,0,0,0,0,0,0,0,0,0,3,0.6,1.1,0.0,0.2,0,0,0,0,0,0.00,0.05,0.05,0.41,1,False,747,28,2025-26,Ezra Mayers,19,12,False
0,0,0,0,0,0,0,0,0,0,0,0,0,0.0,0.0,0.0,0.0,0,0,0,0,0,0.00,0.00,0.00,0.00,0,False,748,28,2025-26,Josh Dasilva,5,3,False
90,0,0,1,0,0,0,0,0,0,0,0,6,1.6,11.5,7.0,2.0,2,3,0,5,1,0.09,0.01,0.10,1.03,2,False,749,28,2025-26,Mateus Mané,20,2,True
0,0,0,0,0,0,0,0,0,0,0,0,0,0.0,0.0,0.0,0.0,0,0,0,0,0,0.00,0.00,0.00,0.00,0,False,750,28,2025-26,James Rowswell,18,10,False
0,0,0,0,0,0,0,0,0,0,0,0,0,0.0,0.0,0.0,0.0,0,0,0,0,0,0.00,0.00,0.00,0.00,0,False,751,28,2025-26,Yusuf Akhamrich,18,10,False
0,0,0,0,0,0,0,0,0,0,0,0,0,0.0,0.0,0.0,0.0,0,0,0,0,0,0.00,0.00,0.00,0.00,0,False,752,28,2025-26,Airidas Golambeckis,19,12,False
0,0,0,0,0,0,0,0,0,0,0,0,0,0.0,0.0,0.0,0.0,0,0,0,0,0,0.00,0.00,0.00,0.00,0,False,753,28,2025-26,John Ruddy,15,9,True
0,0,0,0,0,0,0,0,0,0,0,0,0,0.0,0.0,0.0,0.0,0,0,0,0,0,0.00,0.00,0.00,0.00,0,False,754,28,2025-26,George Hemmings,2,20,False
0,0,0,0,0,0,0,0,0,0,0,0,0,0.0,0.0,0.0,0.0,0,0,0,0,0,0.00,0.00,0.00,0.00,0,False,755,28,2025-26,Shea Lacey,14,8,True
0,0,0,0,0,0,0,0,0,0,0,0,0,0.0,0.0,0.0,0.0,0,0,0,0,0,0.00,0.00,0.00,0.00,0,False,756,28,2025-26,Malcom DaCosta,4,17,True
0,0,0,0,0,0,0,0,0,0,0,0,0,0.0,0.0,0.0,0.0,0,0,0,0,0,0.00,0.00,0.00,0.00,0,False,757,28,2025-26,Ronnie Hollingshead,2,20,False
1,0,0,0,0,0,0,0,0,0,0,0,3,0.0,0.7,0.0,0.1,0,1,0,1,0,0.00,0.00,0.00,0.41,1,False,758,28,2025-26,Mohamadou Kanté,19,12,False
0,0,0,0,0,0,0,0,0,0,0,0,0,0.0,0.0,0.0,0.0,0,0,0,0,0,0.00,0.00,0.00,0.00,0,False,759,28,2025-26,Marli Salmon,1,7,True
0,0,0,0,0,0,0,0,0,0,0,0,0,0.0,0.0,0.0,0.0,0,0,0,0,0,0.00,0.00,0.00,0.00,0,False,760,28,2025-26,Wellity Lucky,12,19,True
0,0,0,0,0,0,0,0,0,0,0,0,0,0.0,0.0,0.0,0.0,0,0,0,0,0,0.00,0.00,0.00,0.00,0,False,761,28,2025-26,Freddie Simmonds,6,16,True
0,0,0,0,0,0,0,0,0,0,0,0,0,0.0,0.0,0.0,0.0,0,0,0,0,0,0.00,0.00,0.00,0.00,0,False,762,28,2025-26,Joél Drakes-Thomas,8,14,False
0,0,0,0,0,0,0,0,0,0,0,0,0,0.0,0.0,0.0,0.0,0,0,0,0,0,0.00,0.00,0.00,0.00,0,False,763,28,2025-26,Charlie Gray,13,11,False
0,0,0,0,0,0,0,0,0,0,0,0,0,0.0,0.0,0.0,0.0,0,0,0,0,0,0.00,0.00,0.00,0.00,0,False,764,28,2025-26,Reigan Heskey,13,11,False
0,0,0,0,0,0,0,0,0,0,0,0,0,0.0,0.0,0.0,0.0,0,0,0,0,0,0.00,0.00,0.00,0.00,0,False,765,28,2025-26,Leo Shahar,15,9,True
0,0,0,0,0,0,0,0,0,0,0,0,0,0.0,0.0,0.0,0.0,0,0,0,0,0,0.00,0.00,0.00,0.00,0,False,766,28,2025-26,Saheed Olagunju,20,2,True
0,0,0,0,0,0,0,0,0,0,0,0,0,0.0,0.0,0.0,0.0,0,0,0,0,0,0.00,0.00,0.00,0.00,0,False,767,28,2025-26,Luke Rawlings,20,2,True
0,0,0,0,0,0,0,0,0,0,0,0,0,0.0,0.0,0.0,0.0,0,0,0,0,0,0.00,0.00,0.00,0.00,0,False,768,28,2025-26,Leon Routh,2,20,False
0,0,0,0,0,0,0,0,0,0,0,0,0,0.0,0.0,0.0,0.0,0,0,0,0,0,0.00,0.00,0.00,0.00,0,False,769,28,2025-26,Bendito Mantato,14,8,True
0,0,0,0,0,0,0,0,0,0,0,0,0,0.0,0.0,0.0,0.0,0,0,0,0,0,0.00,0.00,0.00,0.00,0,False,770,28,2025-26,Seth Ridgeon,10,18,True
0,0,0,0,0,0,0,0,0,0,0,0,0,0.0,0.0,0.0,0.0,0,0,0,0,0,0.00,0.00,0.00,0.00,0,False,771,28,2025-26,Tyler Fletcher,14,8,True
0,0,0,0,0,0,0,0,0,0,0,0,0,0.0,0.0,0.0,0.0,0,0,0,0,0,0.00,0.00,0.00,0.00,0,False,772,28,2025-26,Sam Alabi,15,9,True
0,0,0,0,0,0,0,0,0,0,0,0,0,0.0,0.0,0.0,0.0,0,0,0,0,0,0.00,0.00,0.00,0.00,0,False,773,28,2025-26,Dean Benamar,8,14,False
0,0,0,0,0,0,0,0,0,0,0,0,0,0.0,0.0,0.0,0.0,0,0,0,0,0,0.00,0.00,0.00,0.00,0,False,774,28,2025-26,Jenson Jones,17,4,False
0,0,0,0,0,0,0,0,0,0,0,0,0,0.0,0.0,0.0,0.0,0,0,0,0,0,0.00,0.00,0.00,0.00,0,False,775,28,2025-26,Tymur Tutierov,17,4,False
0,0,0,0,0,0,0,0,0,0,0,0,0,0.0,0.0,0.0,0.0,0,0,0,0,0,0.00,0.00,0.00,0.00,0,False,776,28,2025-26,Oliver Pimlott,3,5,True
0,0,0,0,0,0,0,0,0,0,0,0,0,0.0,0.0,0.0,0.0,0,0,0,0,0,0.00,0.00,0.00,0.00,0,False,777,28,2025-26,Temple Ojinnaka,20,2,True
0,0,0,0,0,0,0,0,0,0,0,0,0,0.0,0.0,0.0,0.0,0,0,0,0,0,0.00,0.00,0.00,0.00,0,False,778,28,2025-26,Ethan Sutherland,20,2,True
0,0,0,0,0,0,0,0,0,0,0,0,0,0.0,0.0,0.0,0.0,0,0,0,0,0,0.00,0.00,0.00,0.00,0,False,779,28,2025-26,Braiden Graham,9,15,False
0,0,0,0,0,0,0,0,0,0,0,0,0,0.0,0.0,0.0,0.0,0,0,0,0,0,0.00,0.00,0.00,0.00,0,False,780,28,2025-26,Ben Casey,8,14,False
0,0,0,0,0,0,0,0,0,0,0,0,0,0.0,0.0,0.0,0.0,0,0,0,0,0,0.00,0.00,0.00,0.00,0,False,781,28,2025-26,TJ Carroll,2,20,False
0,0,0,0,0,0,0,0,0,0,0,0,0,0.0,0.0,0.0,0.0,0,0,0,0,0,0.00,0.00,0.00,0.00,0,False,782,28,2025-26,Fraser Forster,4,17,True
90,0,1,0,1,0,0,0,0,0,0,0,31,36.4,50.1,17.0,10.4,3,5,2,10,1,0.01,0.57,0.58,0.93,5,False,783,28,2025-26,Pascal Groß,6,16,True
0,0,0,0,0,0,0,0,0,0,0,0,0,0.0,0.0,0.0,0.0,0,0,0,0,0,0.00,0.00,0.00,0.00,0,False,784,28,2025-26,George Brierley,3,5,True
0,0,0,0,0,0,0,0,0,0,0,0,0,0.0,0.0,0.0,0.0,0,0,0,0,0,0.00,0.00,0.00,0.00,0,False,785,28,2025-26,Pablo Felipe Pereira de Jesus,19,12,False
0,0,0,0,0,0,0,0,0,0,0,0,0,0.0,0.0,0.0,0.0,0,0,0,0,0,0.00,0.00,0.00,0.00,0,False,786,28,2025-26,Alfie McNally,10,18,True
0,0,0,0,0,0,0,0,0,0,0,0,0,0.0,0.0,0.0,0.0,0,0,0,0,0,0.00,0.00,0.00,0.00,0,False,787,28,2025-26,Sam Chambers,11,13,True
0,0,0,0,0,0,0,0,0,0,0,0,0,0.0,0.0,0.0,0.0,0,0,0,0,0,0.00,0.00,0.00,0.00,0,False,788,28,2025-26,Godwill Kukonki,14,8,True
0,0,0,0,0,0,0,0,0,0,0,0,0,0.0,0.0,0.0,0.0,0,0,0,0,0,0.00,0.00,0.00,0.00,0,False,789,28,2025-26,Max Merrick,7,1,False
0,0,0,0,0,0,0,0,0,0,0,0,0,0.0,0.0,0.0,0.0,0,0,0,0,0,0.00,0.00,0.00,0.00,0,False,790,28,2025-26,Lucá Williams-Barnett,18,10,False
90,1,0,0,5,0,0,0,0,0,0,1,31,36.6,18.5,37.0,9.2,1,0,1,2,1,0.29,0.03,0.32,1.84,7,False,791,28,2025-26,Valentín Castellanos,19,12,False
4,0,0,0,1,0,0,0,0,0,0,0,5,3.2,1.0,2.0,0.6,1,0,0,1,0,0.00,0.03,0.03,0.42,1,False,792,28,2025-26,Alysson Edward Franco da Rocha dos Santos,2,20,False
0,0,0,0,0,0,0,0,0,0,0,0,0,0.0,0.0,0.0,0.0,0,0,0,0,0,0.00,0.00,0.00,0.00,0,False,793,28,2025-26,George King,8,14,False
0,0,0,0,0,0,0,0,0,0,0,0,0,0.0,0.0,0.0,0.0,0,0,0,0,0,0.00,0.00,0.00,0.00,0,False,794,28,2025-26,Max Alleyne,13,11,False
0,0,0,0,0,0,0,0,0,0,0,0,0,0.0,0.0,0.0,0.0,0,0,0,0,0,0.00,0.00,0.00,0.00,0,False,795,28,2025-26,Harry Howell,6,16,True
57,0,0,0,2,0,0,0,0,0,0,0,3,2.2,2.7,4.0,0.9,2,3,0,5,1,0.00,0.02,0.02,1.37,1,False,796,28,2025-26,Conor Gallagher,18,10,False
0,0,0,0,0,0,0,0,0,0,0,0,0,0.0,0.0,0.0,0.0,0,0,0,0,0,0.00,0.00,0.00,0.00,0,False,797,28,2025-26,Kaye Furo,5,3,False
0,0,0,0,0,0,0,0,0,0,0,0,0,0.0,0.0,0.0,0.0,0,0,0,0,0,0.00,0.00,0.00,0.00,0,False,798,28,2025-26,Danny Imray,8,14,False
0,0,0,0,0,0,0,0,0,0,0,0,0,0.0,0.0,0.0,0.0,0,0,0,0,0,0.00,0.00,0.00,0.00,0,False,799,28,2025-26,Charlie Stevens,4,17,True
0,0,0,0,0,0,0,0,0,0,0,0,0,0.0,0.0,0.0,0.0,0,0,0,0,0,0.00,0.00,0.00,0.00,0,False,800,28,2025-26,Djiamgone Jocelin Ta Bi,17,4,False
5,0,0,0,0,0,0,0,1,0,0,0,0,0.0,10.3,6.0,1.6,0,0,0,0,0,0.00,0.17,0.17,0.00,0,False,801,28,2025-26,Alex Tóth,4,17,True
0,0,0,0,0,0,0,0,0,0,0,0,0,0.0,0.0,0.0,0.0,0,0,0,0,0,0.00,0.00,0.00,0.00,0,False,802,28,2025-26,Keiber Lamadrid,19,12,False
0,0,0,0,0,0,0,0,0,0,0,0,0,0.0,0.0,0.0,0.0,0,0,0,0,0,0.00,0.00,0.00,0.00,0,False,803,28,2025-26,Teddy Sharman-Lowe,7,1,False
10,0,0,0,0,0,0,0,0,0,0,0,4,2.2,10.5,4.0,1.7,0,0,0,0,0,0.00,0.03,0.03,0.12,1,False,804,28,2025-26,João Victor de Souza Menezes,18,10,False
0,0,0,0,0,0,0,0,0,0,0,0,0,0.0,0.0,0.0,0.0,0,0,0,0,0,0.00,0.00,0.00,0.00,0,False,805,28,2025-26,Lorenzo Lucca,16,6,False
0,0,0,0,0,0,0,0,0,0,0,0,0,0.0,0.0,0.0,0.0,0,0,0,0,0,0.00,0.00,0.00,0.00,0,False,806,28,2025-26,Christos Mandas,4,17,True
90,0,0,0,1,0,0,0,0,0,0,0,13,13.0,34.3,12.0,5.9,1,3,1,5,1,0.07,0.18,0.25,1.42,2,False,807,28,2025-26,Rayan Vitor Simplício Rocha,4,17,True
20,0,0,0,1,0,0,0,0,0,0,0,4,3.2,20.5,7.0,3.1,0,0,0,0,0,0.10,0.02,0.12,0.47,1,False,808,28,2025-26,Tammy Abraham,2,20,False
0,0,0,0,0,0,0,0,0,0,0,0,0,0.0,0.0,0.0,0.0,0,0,0,0,0,0.00,0.00,0.00,0.00,0,False,809,28,2025-26,Jerome Abbey,20,2,True
0,0,0,0,0,0,0,0,0,0,0,0,0,0.0,0.0,0.0,0.0,0,0,0,0,0,0.00,0.00,0.00,0.00,0,False,810,28,2025-26,Luka Bentt,5,3,False
0,0,0,0,0,0,0,0,0,0,0,0,0,0.0,0.0,0.0,0.0,0,0,0,0,0,0.00,0.00,0.00,0.00,0,False,811,28,2025-26,Rio Kyerematen,18,10,False
0,0,0,0,0,0,0,0,0,0,0,0,0,0.0,0.0,0.0,0.0,0,0,0,0,0,0.00,0.00,0.00,0.00,0,False,812,28,2025-26,Melker Ellborg,17,4,False
14,0,0,0,0,0,0,0,0,0,0,0,6,8.4,0.3,4.0,1.3,2,2,3,7,0,0.00,0.02,0.02,0.44,1,False,813,28,2025-26,Nilson Angulo,17,4,False
34,0,0,0,0,0,0,0,0,0,0,0,5,6.8,0.6,0.0,0.7,1,3,0,1,0,0.00,0.00,0.00,0.05,1,False,814,28,2025-26,Luca Netz,16,6,False
90,0,0,0,5,1,0,0,0,0,0,0,-5,24.6,1.3,2.0,2.8,7,4,1,8,1,0.00,0.01,0.01,1.84,-2,False,815,28,2025-26,Axel Disasi,19,12,False
1,0,0,0,0,0,0,0,0,0,0,0,3,2.0,0.0,0.0,0.2,0,0,1,1,0,0.00,0.00,0.00,0.27,1,False,816,28,2025-26,Angel Gomes,20,2,True
90,0,1,1,0,0,0,0,1,0,0,0,19,16.0,10.8,2.0,2.9,0,5,1,6,1,0.00,0.01,0.01,0.82,4,False,817,28,2025-26,Adam Armstrong,20,2,True
0,0,0,0,0,0,0,0,0,0,0,0,0,0.0,0.0,0.0,0.0,0,0,0,0,0,0.00,0.00,0.00,0.00,0,False,818,28,2025-26,James Wilson,18,10,False
0,0,0,0,0,0,0,0,0,0,0,0,0,0.0,0.0,0.0,0.0,0,0,0,0,0,0.00,0.00,0.00,0.00,0,False,819,28,2025-26,Ollie Shield,5,3,False
