gameweek,Name,Team,Cost,App,Starts,Mins,On,Off,M/App,M/Strt,G,A,CS,GC,OG,PS,Svs,YC,RC,sBln,ARtn,Rtn,DC,B,DD,Tot,M/Pt,Pts/Strt
1,Adingra,BHA,5.1,1,0,48,1,0,48.0,0.0,1,0,0,0,0,0,0,0,0,0,1,1,0,0,0,6,8.0,0.0
1,Aina,NFO,4.7,1,1,52,0,1,52.0,52.0,0,0,0,0,0,0,0,0,0,1,0,0,0,0,0,1,52.0,1.0
1,Ait Nouri,WOL,5.8,1,1,83,0,1,83.0,83.0,0,0,0,2,0,0,0,0,0,1,0,0,0,0,0,1,83.0,1.0
1,Ajer,BRE,4.4,1,1,90,0,0,90.0,90.0,0,0,0,1,0,0,0,0,0,1,0,0,0,0,0,2,45.0,2.0
1,Akanji,MCI,5.4,1,1,90,0,0,90.0,90.0,0,0,1,0,0,0,0,0,0,0,0,1,0,0,0,6,15.0,6.0
1,Ali Al Hamadi,IPS,4.7,1,0,23,1,0,23.0,0.0,0,0,0,0,0,0,0,0,0,0,0,0,0,0,0,1,23.0,0.0
1,Alcaraz,EVE,5.2,1,0,16,1,0,16.0,0.0,0,0,0,0,0,0,0,0,0,0,0,0,0,0,0,1,16.0,0.0
1,Alexander-Arnold,LIV,7.2,1,1,75,0,1,75.0,75.0,0,0,1,0,0,0,0,0,0,0,0,1,0,2,0,8,9.4,8.0
1,Amo-Ameyaw,SOU,4.4,1,0,15,1,0,15.0,0.0,0,0,0,0,0,0,0,0,0,0,0,0,0,0,0,1,15.0,0.0
1,Andersen,FUL,4.5,1,1,90,0,0,90.0,90.0,0,0,0,2,0,0,0,1,0,1,0,0,0,0,0,0,0.0,0.0
1,Anderson,NFO,5.3,1,0,25,1,0,25.0,0.0,0,0,0,1,0,0,0,0,0,0,0,0,0,0,0,1,25.0,0.0
1,Antonio,WHU,5.2,1,1,72,0,1,72.0,72.0,0,0,0,1,0,0,0,0,0,1,0,0,0,0,0,2,36.0,2.0
1,Joelinton,NEW,5.9,1,1,90,0,0,90.0,90.0,1,0,1,0,0,0,0,0,0,0,1,1,0,3,1,11,8.2,11.0
1,Araujo,BOU,3.9,1,0,33,1,0,33.0,0.0,0,0,0,0,0,0,0,0,0,0,0,0,0,0,0,1,33.0,0.0
1,Archer,SOU,4.8,1,0,25,1,0,25.0,0.0,0,0,0,0,0,0,0,0,0,0,0,0,0,0,0,1,25.0,0.0
1,Areola,WHU,4.3,1,1,90,0,0,90.0,90.0,0,0,0,2,0,0,1,0,0,1,0,0,0,0,0,1,90.0,1.0
1,Aribo,SOU,4.9,1,1,70,0,1,70.0,70.0,0,0,0,1,0,0,0,0,0,1,0,0,0,0,0,2,35.0,2.0
1,Armstrong (Adam),SOU,5.1,1,1,90,0,0,90.0,90.0,0,0,0,1,0,0,0,0,0,1,0,0,0,0,0,2,45.0,2.0
1,Awoniyi,NFO,5.2,1,0,25,1,0,25.0,0.0,0,0,0,1,0,0,0,0,0,0,0,0,0,0,0,1,25.0,0.0
1,Ayari,BHA,4.9,1,0,10,1,0,10.0,0.0,0,0,0,0,0,0,0,0,0,0,0,0,0,0,0,1,10.0,0.0
1,Ayew,LEI,5.1,1,0,25,1,0,25.0,0.0,0,0,0,1,0,0,0,1,0,0,0,0,0,0,0,0,0.0,0.0
1,Bailey,AVL,5.5,1,1,73,0,1,73.0,73.0,0,0,0,1,0,0,0,1,0,1,0,0,0,0,0,1,73.0,1.0
1,Barnes,NEW,6.4,1,0,26,1,0,26.0,0.0,0,0,0,0,0,0,0,0,0,0,0,0,0,0,0,1,26.0,0.0
1,Bassey,FUL,4.5,1,1,90,0,0,90.0,90.0,0,0,0,1,0,0,0,1,0,1,0,0,0,0,0,1,90.0,1.0
1,Bednarek,SOU,4.0,1,1,80,0,1,80.0,80.0,0,0,0,1,0,0,0,0,0,1,0,0,0,0,0,2,40.0,2.0
1,Bellegarde,WOL,5.2,1,1,56,0,1,56.0,56.0,0,0,0,1,0,0,0,0,0,1,0,0,0,0,0,1,56.0,1.0
1,Bentancur,TOT,5.3,1,1,71,0,1,71.0,71.0,0,0,0,1,0,0,0,1,0,1,0,0,0,0,0,1,71.0,1.0
1,Bergvall,TOT,5.4,1,0,22,1,0,22.0,0.0,0,0,0,0,0,0,0,0,0,0,0,0,0,0,0,1,22.0,0.0
1,Billing,BOU,4.9,1,0,12,1,0,12.0,0.0,0,0,0,0,0,0,0,0,0,0,0,0,0,0,0,1,12.0,0.0
1,Boly,NFO,3.9,1,1,90,0,0,90.0,90.0,0,0,0,1,0,0,0,0,0,1,0,0,0,0,0,2,45.0,2.0
1,Bruno Fernandes,MUN,8.9,1,1,90,0,0,90.0,90.0,0,0,1,0,0,0,0,0,0,1,0,0,0,0,0,3,30.0,3.0
1,Bowen,WHU,7.8,1,1,72,0,1,72.0,72.0,0,0,0,1,0,0,0,0,0,1,0,0,0,0,0,2,36.0,2.0
1,Bradley,LIV,5.0,1,0,20,1,0,20.0,0.0,0,0,0,0,0,0,0,0,0,0,0,0,0,0,0,1,20.0,0.0
1,Brereton,SOU,4.8,1,1,70,0,1,70.0,70.0,0,0,0,1,0,0,0,1,0,1,0,0,0,0,0,1,70.0,1.0
1,Buonanotte,LEI,4.8,1,1,72,0,1,72.0,72.0,0,0,0,1,0,0,0,0,0,1,0,0,0,0,0,2,36.0,2.0
1,Burn,NEW,5.1,1,1,90,0,0,90.0,90.0,0,0,1,0,0,0,0,1,0,0,0,1,0,0,0,5,18.0,5.0
1,Burns,IPS,4.7,1,1,55,0,1,55.0,55.0,0,0,0,0,0,0,0,1,0,1,0,0,0,0,0,0,0.0,0.0
1,Moises Caicedo,CHE,5.9,1,1,90,0,0,90.0,90.0,0,0,0,2,0,0,0,1,0,1,0,0,0,0,0,1,90.0,1.0
1,Cairney,FUL,4.9,1,0,31,1,0,31.0,0.0,0,0,0,1,0,0,0,1,0,0,0,0,0,0,0,0,0.0,0.0
1,Calvert-Lewin,EVE,5.5,1,1,71,0,1,71.0,71.0,0,0,0,2,0,0,0,0,0,1,0,0,0,0,0,2,35.5,2.0
1,Carvalho,BRE,4.9,1,0,11,1,0,11.0,0.0,0,0,0,0,0,0,0,0,0,0,0,0,0,0,0,1,11.0,0.0
1,Cash,AVL,4.6,1,1,79,0,1,79.0,79.0,0,0,0,1,0,0,0,0,0,1,0,0,0,0,0,2,39.5,2.0
1,Chaplin,IPS,5.1,1,1,63,0,1,63.0,63.0,0,0,0,1,0,0,0,0,0,1,0,0,0,0,0,2,31.5,2.0
1,Christie,BOU,5.0,1,0,33,1,0,33.0,0.0,0,0,0,0,0,0,0,0,0,0,0,0,0,0,0,1,33.0,0.0
1,Collins,BRE,4.9,1,1,90,0,0,90.0,90.0,0,1,0,1,0,0,0,0,0,0,1,1,0,1,0,6,15.0,6.0
1,Colwill,CHE,4.8,1,1,90,0,0,90.0,90.0,0,0,0,2,0,0,0,0,0,1,0,0,0,0,0,1,90.0,1.0
1,Cook,BOU,4.9,1,1,82,0,1,82.0,82.0,0,0,0,1,0,0,0,1,0,1,0,0,0,0,0,1,82.0,1.0
1,Coufal,WHU,4.1,1,1,82,0,1,82.0,82.0,0,0,0,2,0,0,0,0,0,1,0,0,0,0,0,1,82.0,1.0
1,Cucurella,CHE,6.1,1,1,78,0,1,78.0,78.0,0,0,0,1,0,0,0,0,0,1,0,0,0,0,0,2,39.0,2.0
1,Renato Veiga,CHE,4.4,1,0,15,1,0,15.0,0.0,0,0,0,1,0,0,0,0,0,0,0,0,0,0,0,1,15.0,0.0
1,Dalot,MUN,4.4,1,1,90,0,0,90.0,90.0,0,0,1,0,0,0,0,0,0,0,0,1,0,1,0,7,12.9,7.0
1,Damsgaard,BRE,5.8,1,0,21,1,0,21.0,0.0,0,0,0,0,0,0,0,0,0,0,0,0,0,0,0,1,21.0,0.0
1,Davis,IPS,4.2,1,1,90,0,0,90.0,90.0,0,0,0,2,0,0,0,0,0,1,0,0,0,0,0,1,90.0,1.0
1,Dawson,WOL,4.2,1,0,12,1,0,12.0,0.0,0,0,0,0,0,0,0,0,0,0,0,0,0,0,0,1,12.0,0.0
1,Richarlison,TOT,6.5,1,0,8,1,0,8.0,0.0,0,0,0,0,0,0,0,0,0,0,0,0,0,0,0,1,8.0,0.0
1,De Bruyne,MCI,9.5,1,1,90,0,0,90.0,90.0,0,0,1,0,0,0,0,0,0,1,0,0,0,0,0,3,30.0,3.0
1,Jesus,ARS,6.4,1,0,11,1,0,11.0,0.0,0,0,0,0,0,0,0,1,0,0,0,0,0,0,0,0,0.0,0.0
1,de Ligt,MUN,5.0,1,0,14,1,0,14.0,0.0,0,0,0,0,0,0,0,0,0,0,0,0,0,0,0,1,14.0,0.0
1,DeCordova-Reid,LEI,5.2,1,1,78,0,1,78.0,78.0,0,0,0,1,0,0,0,0,0,1,0,0,0,0,0,2,39.0,2.0
1,Delap,IPS,6.2,1,1,72,0,1,72.0,72.0,0,0,0,2,0,0,0,0,0,1,0,0,0,0,0,2,36.0,2.0
1,Dewsbury-Hall,CHE,4.9,1,0,29,1,0,29.0,0.0,0,0,0,1,0,0,0,0,0,0,0,0,0,0,0,1,29.0,0.0
1,Díaz,LIV,8.0,1,1,90,0,0,90.0,90.0,0,0,1,0,0,0,0,0,0,1,0,0,0,0,0,3,30.0,3.0
1,Dibling,SOU,5.4,1,0,26,1,0,26.0,0.0,0,0,0,0,0,0,0,0,0,0,0,0,0,0,0,1,26.0,0.0
1,Digne,AVL,4.5,1,1,73,0,1,73.0,73.0,0,0,0,1,0,0,0,0,0,1,0,0,0,0,0,2,36.5,2.0
1,Diop,FUL,4.4,1,1,90,0,0,90.0,90.0,0,0,0,1,0,0,0,0,0,1,0,0,0,0,0,2,45.0,2.0
1,Doherty,WOL,4.4,1,1,90,0,0,90.0,90.0,0,0,0,2,0,0,0,0,0,1,0,0,0,0,0,1,90.0,1.0
1,Doku,MCI,6.5,1,1,90,0,0,90.0,90.0,0,0,1,0,0,0,0,0,0,1,0,0,0,0,0,3,30.0,3.0
1,Nicolás Domínguez,NFO,5.0,1,0,43,1,0,43.0,0.0,0,0,0,1,0,0,0,0,0,0,0,0,0,0,0,1,43.0,0.0
1,Danilo,NFO,4.7,1,1,7,0,1,7.0,7.0,0,0,0,0,0,0,0,0,0,1,0,0,0,0,0,1,7.0,1.0
1,Gabriel Magalhães,ARS,6.5,1,1,90,0,0,90.0,90.0,0,0,1,0,0,0,0,0,0,0,0,1,0,0,0,6,15.0,6.0
1,Doucouré,EVE,5.1,1,1,58,0,1,58.0,58.0,0,0,0,2,0,0,0,0,0,1,0,0,0,0,0,2,29.0,2.0
1,Doucoure,CRY,4.9,1,0,11,1,0,11.0,0.0,0,0,0,0,0,0,0,0,0,0,0,0,0,0,0,1,11.0,0.0
1,Downes,SOU,4.7,1,1,90,0,0,90.0,90.0,0,0,0,1,0,0,0,0,0,1,0,0,0,0,0,2,45.0,2.0
1,Dunk,BHA,4.5,1,1,71,0,1,71.0,71.0,0,0,1,0,0,0,0,0,0,0,0,1,0,0,0,6,11.8,6.0
1,Durán,AVL,5.7,1,0,35,1,0,35.0,0.0,1,0,0,0,0,0,0,0,0,0,1,1,0,1,0,6,5.8,0.0
1,Edouard,LEI,5.0,1,0,45,1,0,45.0,0.0,0,0,0,1,0,0,0,0,0,0,0,0,0,0,0,1,45.0,0.0
1,Edozie (Samuel),SOU,4.9,1,0,45,1,0,45.0,0.0,0,0,0,0,0,0,0,1,0,0,0,0,0,0,0,0,0.0,0.0
1,Elanga,NFO,6.7,1,1,52,0,1,52.0,52.0,0,0,0,0,0,0,0,0,0,1,0,0,0,0,0,1,52.0,1.0
1,Evans (Jonny),MUN,4.4,1,0,14,1,0,14.0,0.0,0,0,0,0,0,0,0,0,0,0,0,0,0,0,0,1,14.0,0.0
1,Eze,CRY,7.6,1,1,90,0,0,90.0,90.0,0,0,0,2,0,0,0,0,0,1,0,0,0,0,0,2,45.0,2.0
1,Faes,LEI,3.8,1,1,90,0,0,90.0,90.0,0,0,0,1,0,0,0,1,0,1,0,0,0,0,0,1,90.0,1.0
1,Fatawu,LEI,5.1,1,1,90,0,0,90.0,90.0,0,1,0,1,0,0,0,0,0,0,1,1,0,3,0,8,11.3,8.0
1,Fernández,CHE,6.7,1,1,90,0,0,90.0,90.0,0,0,0,2,0,0,0,0,0,1,0,0,0,0,0,2,45.0,2.0
1,Flekken,BRE,4.5,1,1,90,0,0,90.0,90.0,0,0,0,1,0,0,6,0,0,0,0,0,0,0,0,4,22.5,4.0
1,Foden,MCI,8.0,1,0,45,1,0,45.0,0.0,0,0,0,0,0,0,0,0,0,0,0,0,0,0,0,1,45.0,0.0
1,Fofana (Wesley),CHE,4.4,1,1,90,0,0,90.0,90.0,0,0,0,2,0,0,0,0,0,1,0,0,0,0,0,1,90.0,1.0
1,Casemiro,MUN,5.5,1,1,90,0,0,90.0,90.0,0,0,1,0,0,0,0,0,0,1,0,0,0,0,0,3,30.0,3.0
1,Füllkrug,WHU,5.6,1,0,23,1,0,23.0,0.0,0,0,0,1,0,0,0,0,0,0,0,0,0,0,0,1,23.0,0.0
1,Gakpo,LIV,7.6,1,0,18,1,0,18.0,0.0,0,0,0,0,0,0,0,1,0,0,0,0,0,0,0,0,0.0,0.0
1,Garnacho,MUN,6.4,1,0,34,1,0,34.0,0.0,0,1,0,0,0,0,0,0,0,0,1,1,0,0,0,4,8.5,0.0
1,Rúben Dias,MCI,5.5,1,1,90,0,0,90.0,90.0,0,0,1,0,0,0,0,0,0,0,0,1,0,0,0,6,15.0,6.0
1,Gibbs-White,NFO,7.3,1,1,90,0,0,90.0,90.0,0,0,0,1,0,0,0,0,0,1,0,0,0,0,0,2,45.0,2.0
1,Gilmour,BHA,5.0,1,0,17,1,0,17.0,0.0,0,0,0,0,0,0,0,0,0,0,0,0,0,0,0,1,17.0,0.0
1,Rodrigo Gomes,WOL,4.5,1,1,74,0,1,74.0,74.0,0,0,0,2,0,0,0,0,0,1,0,0,0,0,0,2,37.0,2.0
1,Toti,WOL,4.3,1,1,90,0,0,90.0,90.0,0,0,0,2,0,0,0,1,0,1,0,0,0,0,0,0,0.0,0.0
1,Beto,EVE,5.2,1,0,23,1,0,23.0,0.0,0,0,0,1,0,0,0,0,0,0,0,0,0,0,0,1,23.0,0.0
1,João Gomes,WOL,5.4,1,1,83,0,1,83.0,83.0,0,0,0,2,0,0,0,1,0,1,0,0,0,0,0,1,83.0,1.0
1,Gordon (Anthony),NEW,7.5,1,1,69,0,1,69.0,69.0,0,0,1,0,0,0,0,0,0,1,0,0,0,0,0,3,23.0,3.0
1,Gravenberch,LIV,5.6,1,1,90,0,0,90.0,90.0,0,0,1,0,0,0,0,0,0,1,0,0,0,0,0,3,30.0,3.0
1,Gray (Archie),TOT,4.8,1,0,22,1,0,22.0,0.0,0,0,0,0,0,0,0,0,0,0,0,0,0,0,0,1,22.0,0.0
1,Greaves,IPS,3.8,1,1,90,0,0,90.0,90.0,0,0,0,2,0,0,0,0,0,1,0,0,0,0,0,1,90.0,1.0
1,Marc Guehi,CRY,4.9,1,1,90,0,0,90.0,90.0,0,0,0,2,0,0,0,1,0,1,0,0,0,0,0,0,0.0,0.0
1,Gueye,EVE,5.4,1,1,90,0,0,90.0,90.0,0,0,0,3,0,0,0,0,0,1,0,0,0,0,0,2,45.0,2.0
1,Bruno Guimarães,NEW,6.5,1,1,90,0,0,90.0,90.0,0,0,1,0,0,0,0,0,0,1,0,0,0,0,0,3,30.0,3.0
1,Guiu,CHE,4.2,1,0,29,1,0,29.0,0.0,0,0,0,1,0,0,0,0,0,0,0,0,0,0,0,1,29.0,0.0
1,Gusto,CHE,4.9,1,1,90,0,0,90.0,90.0,0,0,0,2,0,0,0,0,0,1,0,0,0,0,0,1,90.0,1.0
1,Gvardiol,MCI,5.9,1,1,90,0,0,90.0,90.0,0,0,1,0,0,0,0,0,0,0,0,1,0,1,0,7,12.9,7.0
1,Haaland,MCI,14.8,1,1,90,0,0,90.0,90.0,1,0,1,0,0,0,0,1,0,0,1,1,0,2,0,7,12.9,7.0
1,Lewis Hall,NEW,5.2,1,1,69,0,1,69.0,69.0,0,0,1,0,0,0,0,1,0,0,0,1,0,0,0,5,13.8,5.0
1,Harness,IPS,4.9,1,0,32,1,0,32.0,0.0,0,0,0,1,0,0,0,0,0,0,0,0,0,0,0,1,32.0,0.0
1,Harrison (Jack),EVE,5.2,1,1,80,0,1,80.0,80.0,0,0,0,2,0,0,0,0,0,1,0,0,0,0,0,2,40.0,2.0
1,Harwood-Bellis,SOU,3.9,1,1,90,0,0,90.0,90.0,0,0,0,1,0,0,0,1,0,1,0,0,0,0,0,1,90.0,1.0
1,Havertz,ARS,7.3,1,1,90,0,0,90.0,90.0,1,1,1,0,0,0,0,0,0,0,2,2,0,3,1,12,7.5,12.0
1,Henderson,CRY,5.0,1,1,90,0,0,90.0,90.0,0,0,0,2,0,0,3,0,0,1,0,0,0,0,0,2,45.0,2.0
1,Hermansen,LEI,4.4,1,1,90,0,0,90.0,90.0,0,0,0,1,0,0,5,0,0,1,0,0,0,0,0,3,30.0,3.0
1,Hinshelwood,BHA,5.1,1,1,90,0,0,90.0,90.0,0,0,1,0,0,0,0,0,0,1,0,0,0,0,0,3,30.0,3.0
1,Holgate,EVE,4.0,1,0,15,1,0,15.0,0.0,0,0,0,1,0,0,0,0,0,0,0,0,0,0,0,1,15.0,0.0
1,Hudson-Odoi,NFO,5.8,1,1,70,0,1,70.0,70.0,0,0,1,0,0,0,0,0,0,1,0,0,0,0,0,3,23.3,3.0
1,Hughes,CRY,4.8,1,1,84,0,1,84.0,84.0,0,0,0,2,0,0,0,0,0,1,0,0,0,0,0,2,42.0,2.0
1,Huijsen,BOU,4.5,1,1,90,0,0,90.0,90.0,0,0,0,1,0,0,0,0,0,1,0,0,0,0,0,2,45.0,2.0
1,Hutchinson,IPS,5.4,1,1,90,0,0,90.0,90.0,0,0,0,2,0,0,0,1,0,1,0,0,0,0,0,1,90.0,1.0
1,Hwang Hee-Chan,WOL,5.8,1,1,90,0,0,90.0,90.0,0,0,0,2,0,0,0,0,0,1,0,0,0,0,0,2,45.0,2.0
1,Ings,WHU,4.8,1,0,13,1,0,13.0,0.0,0,0,0,0,0,0,0,0,0,0,0,0,0,0,0,1,13.0,0.0
1,Iroegbunam,EVE,4.9,1,1,90,0,0,90.0,90.0,0,0,0,3,0,0,0,0,0,1,0,0,0,0,0,2,45.0,2.0
1,Isak,NEW,10.4,1,1,90,0,0,90.0,90.0,0,1,1,0,0,0,0,0,0,0,1,1,0,0,0,5,18.0,5.0
1,Iwobi,FUL,6.5,1,1,90,0,0,90.0,90.0,0,0,0,1,0,0,0,0,0,1,0,0,0,0,0,2,45.0,2.0
1,Jackson (Nicolas),CHE,6.5,1,1,65,0,1,65.0,65.0,0,0,0,1,0,0,0,0,0,1,0,0,0,0,0,2,32.5,2.0
1,Janelt,BRE,4.9,1,1,73,0,1,73.0,73.0,0,0,0,1,0,0,0,0,0,1,0,0,0,0,0,2,36.5,2.0
1,Jebbison,BOU,4.5,1,0,28,1,0,28.0,0.0,0,0,0,0,0,0,0,0,0,0,0,0,0,0,0,1,28.0,0.0
1,Jensen,BRE,4.9,1,1,83,0,1,83.0,83.0,0,0,0,1,0,0,0,0,0,1,0,0,0,0,0,2,41.5,2.0
1,Raúl Jiménez,FUL,6.2,1,0,17,1,0,17.0,0.0,0,0,0,1,0,0,0,0,0,0,0,0,0,0,0,1,17.0,0.0
1,Johnson (Ben),IPS,3.8,1,0,40,1,0,40.0,0.0,0,0,0,2,0,0,0,0,0,0,0,0,0,0,0,0,0.0,0.0
1,Johnson (Brennan),TOT,6.7,1,1,71,0,1,71.0,71.0,0,0,0,1,0,0,0,0,0,1,0,0,0,0,0,2,35.5,2.0
1,João Pedro,BHA,7.4,1,1,77,0,1,77.0,77.0,0,0,1,0,0,0,0,0,0,1,0,0,0,0,0,2,38.5,2.0
1,Justin,LEI,4.0,1,1,90,0,0,90.0,90.0,0,0,0,1,0,0,0,0,0,1,0,0,0,0,0,2,45.0,2.0
1,Kamada,CRY,5.0,1,1,70,0,1,70.0,70.0,0,0,0,1,0,0,0,1,0,1,0,0,0,0,0,1,70.0,1.0
1,Keane,EVE,4.5,1,1,90,0,0,90.0,90.0,0,0,0,3,0,0,0,0,0,1,0,0,0,0,0,1,90.0,1.0
1,Kelly,NEW,4.2,1,0,26,1,0,26.0,0.0,0,0,0,0,0,0,0,0,0,0,0,0,0,0,0,1,26.0,0.0
1,Kerkez,BOU,5.8,1,1,90,0,0,90.0,90.0,0,0,0,1,0,0,0,1,0,1,0,0,0,0,0,1,90.0,1.0
1,Kilman,WHU,4.3,1,1,90,0,0,90.0,90.0,0,0,0,2,0,0,0,0,0,1,0,0,0,0,0,1,90.0,1.0
1,Kluivert,BOU,7.0,1,0,33,1,0,33.0,0.0,0,0,0,0,0,0,0,1,0,0,0,0,0,0,0,0,0.0,0.0
1,Konaté,LIV,5.4,1,0,45,1,0,45.0,0.0,0,0,0,0,0,0,0,0,0,0,0,0,0,0,0,1,45.0,0.0
1,Konsa Ngoyo,AVL,4.4,1,1,90,0,0,90.0,90.0,0,0,0,1,0,0,0,0,0,1,0,0,0,0,0,2,45.0,2.0
1,Kovacic,MCI,5.9,1,1,90,0,0,90.0,90.0,1,0,1,0,0,0,0,0,0,0,1,1,0,3,1,11,8.2,11.0
1,Krafth,NEW,4.4,1,0,64,1,0,64.0,0.0,0,0,1,0,0,0,0,0,0,0,0,1,0,0,0,6,10.7,0.0
1,Kristiansen,LEI,4.4,1,1,90,0,0,90.0,90.0,0,0,0,1,0,0,0,0,0,1,0,0,0,0,0,2,45.0,2.0
1,Kudus,WHU,6.8,1,1,90,0,0,90.0,90.0,0,0,0,2,0,0,0,0,0,1,0,0,0,0,0,2,45.0,2.0
1,Kulusevski,TOT,6.4,1,0,21,1,0,21.0,0.0,0,0,0,0,0,0,0,0,0,0,0,0,0,0,0,1,21.0,0.0
1,Lavia,CHE,4.9,1,1,65,0,1,65.0,65.0,0,0,0,1,0,0,0,0,0,1,0,0,0,0,0,2,32.5,2.0
1,Lemina (Mario),WOL,4.8,1,1,90,0,0,90.0,90.0,0,0,0,2,0,0,0,0,0,1,0,0,0,0,0,2,45.0,2.0
1,Leno,FUL,5.0,1,1,90,0,0,90.0,90.0,0,0,0,1,0,0,4,0,0,1,0,0,0,0,0,3,30.0,3.0
1,Lerma,CRY,4.9,1,0,21,1,0,21.0,0.0,0,0,0,1,0,0,0,0,0,0,0,0,0,0,0,1,21.0,0.0
1,Lewis (Rico),MCI,4.9,1,1,90,0,0,90.0,90.0,0,0,1,0,0,0,0,0,0,0,0,1,0,0,0,6,15.0,6.0
1,Lewis-Potter,BRE,4.9,1,0,21,1,0,21.0,0.0,0,0,0,0,0,0,0,0,0,0,0,0,0,0,0,1,21.0,0.0
1,Livramento,NEW,4.9,1,1,90,0,0,90.0,90.0,0,0,1,0,0,0,0,0,0,0,0,1,0,1,0,7,12.9,7.0
1,Longstaff (Sean),NEW,4.9,1,1,90,0,0,90.0,90.0,0,0,1,0,0,0,0,0,0,1,0,0,0,0,0,3,30.0,3.0
1,Lukic,FUL,5.0,1,1,90,0,1,90.0,90.0,0,0,0,1,0,0,0,0,0,1,0,0,0,0,0,2,45.0,2.0
1,Luongo,IPS,4.3,1,1,63,0,1,63.0,63.0,0,0,0,1,0,0,0,0,0,1,0,0,0,0,0,2,31.5,2.0
1,Maatsen,AVL,4.3,1,0,22,1,0,22.0,0.0,0,0,0,0,0,0,0,0,0,0,0,0,0,0,0,1,22.0,0.0
1,Mac Allister,LIV,6.3,1,1,90,0,0,90.0,90.0,0,0,1,0,0,0,0,0,0,1,0,0,0,0,0,3,30.0,3.0
1,Maddison,TOT,6.9,1,1,71,0,1,71.0,71.0,0,1,0,1,0,0,0,0,0,0,1,1,0,0,0,5,14.2,5.0
1,Maguire,MUN,4.4,1,1,80,0,1,80.0,80.0,0,0,1,0,0,0,0,1,0,0,0,1,0,0,0,5,16.0,5.0
1,Mainoo,MUN,4.8,1,1,84,0,1,84.0,84.0,0,0,1,0,0,0,0,0,0,1,0,0,0,0,0,3,28.0,3.0
1,José Sá,WOL,4.4,1,1,90,0,0,90.0,90.0,0,0,0,2,0,0,4,0,0,1,0,0,0,0,0,2,45.0,2.0
1,Martinelli,ARS,6.9,1,1,90,0,0,90.0,90.0,0,0,1,0,0,0,0,0,0,1,0,0,0,0,0,3,30.0,3.0
1,Martinez,AVL,5.0,1,1,90,0,0,90.0,90.0,0,0,0,1,0,0,3,0,0,1,0,0,0,0,0,3,30.0,3.0
1,Martínez,MUN,4.8,1,1,90,0,0,90.0,90.0,0,0,1,0,0,0,0,0,0,0,0,1,0,1,0,7,12.9,7.0
1,Mateta,CRY,7.7,1,1,45,0,1,45.0,45.0,0,0,0,1,0,0,0,0,0,1,0,0,0,0,0,1,45.0,1.0
1,Mavididi,LEI,5.0,1,0,21,1,0,21.0,0.0,0,0,0,0,0,0,0,0,0,0,0,0,0,0,0,1,21.0,0.0
1,Mavropanos,WHU,4.4,1,1,90,0,0,90.0,90.0,0,0,0,2,0,0,0,0,0,1,0,0,0,0,0,1,90.0,1.0
1,Mazraoui,MUN,4.9,1,1,81,0,1,81.0,81.0,0,0,1,0,0,0,0,0,0,0,0,1,0,2,0,8,10.1,8.0
1,Mbeumo,BRE,8.2,1,1,89,0,1,89.0,89.0,1,0,0,1,0,0,0,0,0,0,1,1,0,2,0,9,9.9,9.0
1,McAteer,LEI,4.7,1,0,14,1,0,14.0,0.0,0,0,0,0,0,0,0,0,0,0,0,0,0,0,0,1,14.0,0.0
1,McCarthy,SOU,4.2,1,1,90,0,0,90.0,90.0,0,0,0,1,0,0,0,0,0,1,0,0,0,0,0,2,45.0,2.0
1,McGinn,AVL,5.4,1,1,60,0,1,60.0,60.0,0,0,0,1,0,0,0,0,0,1,0,0,0,0,0,2,30.0,2.0
1,McNeil,EVE,5.6,1,1,90,0,0,90.0,90.0,0,0,0,3,0,0,0,0,0,1,0,0,0,0,0,2,45.0,2.0
1,McTominay,MUN,4.9,1,0,11,1,0,11.0,0.0,0,0,0,0,0,0,0,0,0,0,0,0,0,0,0,1,11.0,0.0
1,Mee (Ben),BRE,4.2,1,0,5,1,0,5.0,0.0,0,0,0,0,0,0,0,0,0,0,0,0,0,0,0,1,5.0,0.0
1,Milner,BHA,5.0,1,1,77,0,1,77.0,77.0,0,0,1,0,0,0,0,1,0,1,0,0,0,0,0,2,38.5,2.0
1,Minteh,BHA,6.0,1,1,43,0,1,43.0,43.0,0,1,0,0,0,0,0,0,0,0,1,1,0,0,0,4,10.8,4.0
1,Mitchell,CRY,5.0,1,1,90,0,0,90.0,90.0,0,0,0,2,0,0,0,0,0,1,0,0,0,0,0,1,90.0,1.0
1,Mitoma,BHA,6.2,1,1,84,0,1,84.0,84.0,1,0,1,0,0,0,0,0,0,0,1,1,0,0,0,8,10.5,8.0
1,Savinho,MCI,6.9,1,1,45,0,1,45.0,45.0,0,0,0,0,0,0,0,0,0,1,0,0,0,0,0,1,45.0,1.0
1,Morsy,IPS,4.8,1,1,90,0,0,90.0,90.0,0,0,0,2,0,0,0,0,0,1,0,0,0,0,0,2,45.0,2.0
1,Mosquera,WOL,4.4,1,1,90,0,0,90.0,90.0,0,0,0,2,0,0,0,0,0,1,0,0,0,0,0,1,90.0,1.0
1,Mount,MUN,5.9,1,1,60,0,1,60.0,60.0,0,0,1,0,0,0,0,1,0,1,0,0,0,0,0,2,30.0,2.0
1,Rodrigo Muniz,FUL,5.4,1,1,78,0,1,78.0,78.0,0,0,1,0,0,0,0,0,0,1,0,0,0,0,0,2,39.0,2.0
1,Muñoz,CRY,5.7,1,1,90,0,0,90.0,90.0,0,1,0,2,0,0,0,0,0,0,1,1,0,0,0,4,22.5,4.0
1,Neto,ARS,4.5,1,1,90,0,0,90.0,90.0,0,0,0,1,0,0,7,0,0,0,0,0,0,0,0,4,22.5,4.0
1,Murphy (Jacob),NEW,6.1,1,1,30,0,1,30.0,30.0,0,0,0,0,0,0,0,0,0,1,0,0,0,0,0,1,30.0,1.0
1,Mvom Onana,AVL,4.8,1,1,90,0,0,90.0,90.0,1,0,0,1,0,0,0,0,0,0,1,1,0,3,1,10,9.0,10.0
1,Mykolenko,EVE,4.9,1,1,90,0,0,90.0,90.0,0,0,0,3,0,0,0,0,0,1,0,0,0,0,0,1,90.0,1.0
1,Ndiaye,EVE,6.5,1,0,37,1,0,37.0,0.0,0,0,0,1,0,0,0,0,0,0,0,0,0,0,0,1,37.0,0.0
1,Ndidi,LEI,4.9,1,1,90,0,0,90.0,90.0,0,0,0,1,0,0,0,0,0,1,0,0,0,0,0,2,45.0,2.0
1,Nedeljkovic,AVL,3.9,1,0,16,1,0,16.0,0.0,0,0,0,0,0,0,0,0,0,0,0,0,0,0,0,1,16.0,0.0
1,Neto,CHE,7.0,1,0,35,1,0,35.0,0.0,0,0,0,1,0,0,0,0,0,0,0,0,0,0,0,1,35.0,0.0
1,Nkunku,CHE,5.9,1,1,58,0,1,58.0,58.0,0,0,0,1,0,0,0,0,0,1,0,0,0,0,0,1,58.0,1.0
1,Norgaard,BRE,5.2,1,1,90,0,0,90.0,90.0,0,0,0,1,0,0,0,0,0,1,0,0,0,0,0,2,45.0,2.0
1,Odegaard,ARS,7.9,1,1,90,0,0,90.0,90.0,0,0,1,0,0,0,0,0,0,1,0,0,0,0,0,3,30.0,3.0
1,Onana,MUN,4.9,1,1,90,0,0,90.0,90.0,0,0,1,0,0,0,2,0,0,0,0,1,0,0,0,6,15.0,6.0
1,Onyeka,BRE,4.9,1,0,11,1,0,11.0,0.0,0,0,0,0,0,0,0,0,0,0,0,0,0,0,0,1,11.0,0.0
1,Dango Ouattara,BOU,6.0,1,1,67,0,1,67.0,67.0,0,0,0,1,0,0,0,0,0,1,0,0,0,0,0,2,33.5,2.0
1,Palmer (Cole),CHE,10.3,1,1,90,0,0,90.0,90.0,0,0,0,2,0,0,0,0,0,1,0,0,0,0,0,2,45.0,2.0
1,Emerson,WHU,4.4,1,1,90,0,0,90.0,90.0,0,0,0,2,0,0,0,0,0,1,0,0,0,0,0,1,90.0,1.0
1,Partey,ARS,4.9,1,1,90,0,0,90.0,90.0,0,0,1,0,0,0,0,0,0,1,0,0,0,0,0,3,30.0,3.0
1,Pereira,FUL,5.3,1,1,90,0,1,90.0,90.0,0,0,0,1,0,0,0,1,0,1,0,0,0,0,0,1,90.0,1.0
1,Philogene-Bidace,IPS,5.3,1,0,22,1,0,22.0,0.0,0,0,0,0,0,0,0,1,0,0,0,0,0,0,0,0,0.0,0.0
1,Pickford,EVE,5.5,1,1,90,0,0,90.0,90.0,0,0,0,3,0,0,2,0,0,1,0,0,0,0,0,1,90.0,1.0
1,Pinnock,BRE,4.3,1,1,90,0,0,90.0,90.0,0,0,0,1,1,0,0,0,0,1,0,0,0,0,0,0,0.0,0.0
1,Podence,WOL,5.5,1,0,19,1,0,19.0,0.0,0,0,0,0,0,0,0,0,0,0,0,0,0,0,0,1,19.0,0.0
1,Pope,NEW,5.2,1,1,90,0,0,90.0,90.0,0,0,1,0,0,0,3,0,0,0,0,1,0,2,0,9,10.0,9.0
1,Porro,TOT,5.5,1,1,84,0,1,84.0,84.0,1,0,0,1,0,0,0,0,0,0,1,1,0,1,0,9,9.3,9.0
1,Quansah,LIV,3.9,1,1,45,0,1,45.0,45.0,0,0,0,0,0,0,0,0,0,1,0,0,0,0,0,1,45.0,1.0
1,Alisson,LIV,5.4,1,1,90,0,0,90.0,90.0,0,0,1,0,0,0,2,0,0,0,0,1,0,1,0,7,12.9,7.0
1,Ramsey (Jacob),AVL,5.3,1,0,35,1,0,35.0,0.0,0,1,0,0,0,0,0,0,0,0,1,1,0,0,0,4,8.8,0.0
1,Rashford,AVL,7.0,1,1,90,0,0,90.0,90.0,0,0,1,0,0,0,0,0,0,1,0,0,0,0,0,3,30.0,3.0
1,Raya Martin,ARS,5.8,1,1,90,0,0,90.0,90.0,0,0,1,0,0,0,3,0,0,0,0,1,0,1,0,8,11.3,8.0
1,Reed,FUL,4.4,1,0,4,1,0,4.0,0.0,0,0,0,0,0,0,0,0,0,0,0,0,0,0,0,1,4.0,0.0
1,Rice,ARS,6.7,1,1,83,0,1,83.0,83.0,0,0,1,0,0,0,0,0,0,1,0,0,0,0,0,3,27.7,3.0
1,Richards (Chris),CRY,4.5,1,1,84,0,1,84.0,84.0,0,0,0,2,0,0,0,1,0,1,0,0,0,0,0,0,0.0,0.0
1,Robertson,LIV,5.8,1,1,78,0,1,78.0,78.0,0,0,1,0,0,0,0,0,0,0,0,1,0,0,0,6,13.0,6.0
1,Robinson (Antonee),FUL,4.9,1,1,90,0,0,90.0,90.0,0,0,0,1,0,0,0,0,0,1,0,0,0,0,0,2,45.0,2.0
1,Rodríguez,WHU,4.8,1,1,82,0,1,82.0,82.0,0,0,0,2,0,0,0,0,0,1,0,0,0,0,0,2,41.0,2.0
1,Roerslev,BRE,4.5,1,1,90,0,0,90.0,90.0,0,0,0,1,0,0,0,0,0,1,0,0,0,0,0,2,45.0,2.0
1,Rogers,AVL,6.8,1,1,90,0,0,90.0,90.0,0,0,0,1,0,0,0,0,0,1,0,0,0,0,0,2,45.0,2.0
1,Romero,TOT,5.0,1,1,90,0,0,90.0,90.0,0,0,0,1,0,0,0,0,0,1,0,0,0,0,0,2,45.0,2.0
1,Saka,ARS,10.0,1,1,80,0,1,80.0,80.0,1,1,1,0,0,0,0,1,0,0,2,2,0,2,1,12,6.7,12.0
1,Salah,LIV,14.3,1,1,90,0,0,90.0,90.0,1,1,1,0,0,0,0,0,0,0,2,2,0,3,1,14,6.4,14.0
1,Saliba,ARS,6.0,1,1,90,0,0,90.0,90.0,0,0,1,0,0,0,0,0,0,0,0,1,0,0,0,6,15.0,6.0
1,Sanchez,CHE,4.9,1,1,90,0,0,90.0,90.0,0,0,0,2,0,0,3,0,0,1,0,0,0,0,0,2,45.0,2.0
1,Sangaré,NFO,4.9,1,1,90,0,0,90.0,90.0,0,0,0,1,0,0,0,0,0,1,0,0,0,0,0,2,45.0,2.0
1,Ederson,MCI,5.3,1,1,90,0,0,90.0,90.0,0,0,1,0,0,0,3,0,0,0,0,1,0,1,0,8,11.3,8.0
1,Murillo,NFO,5.3,1,1,90,0,0,90.0,90.0,0,0,0,1,0,0,0,0,0,1,0,0,0,0,0,2,45.0,2.0
1,Matheus Cunha,WOL,7.9,1,0,37,1,0,37.0,0.0,0,0,0,1,0,0,0,0,0,0,0,0,0,0,0,1,37.0,0.0
1,Sarabia,WOL,5.0,1,0,12,1,0,12.0,0.0,0,0,0,0,0,0,0,0,0,0,0,0,0,0,0,1,12.0,0.0
1,Sarmiento,BHA,4.9,1,0,17,1,0,17.0,0.0,0,0,0,0,0,0,0,0,0,0,0,0,0,0,0,1,17.0,0.0
1,Ismaila Sarr,CRY,6.6,1,0,10,1,0,10.0,0.0,0,0,0,0,0,0,0,0,0,0,0,0,0,0,0,1,10.0,0.0
1,Sarr (Pape),TOT,4.9,1,1,71,0,1,71.0,71.0,0,0,0,1,0,0,0,0,0,1,0,0,0,0,0,2,35.5,2.0
1,Schade,BRE,7.0,1,1,73,0,1,73.0,73.0,0,0,0,1,0,0,0,0,0,1,0,0,0,0,0,2,36.5,2.0
1,Schär,NEW,5.4,1,1,27,0,0,27.0,27.0,0,0,0,0,0,0,0,0,1,1,0,0,0,0,0,0,0.0,0.0
1,Scott,BOU,5.0,1,1,62,0,1,62.0,62.0,0,0,0,1,0,0,0,0,0,1,0,0,0,0,0,2,31.0,2.0
1,Sels,NFO,4.8,1,1,90,0,0,90.0,90.0,0,0,0,1,0,0,3,0,0,1,0,0,0,0,0,3,30.0,3.0
1,Semenyo,BOU,8.1,1,1,90,0,0,90.0,90.0,1,0,0,1,0,0,0,0,0,0,1,1,0,1,0,8,11.3,8.0
1,Sinisterra,BOU,5.0,1,1,62,0,1,62.0,62.0,0,0,0,1,0,0,0,0,0,1,0,0,0,0,0,2,31.0,2.0
1,Smallbone,SOU,5.0,1,1,90,0,0,90.0,90.0,0,0,0,1,0,0,0,0,0,1,0,0,0,0,0,2,45.0,2.0
1,Smith,BOU,4.4,1,1,62,0,1,62.0,62.0,0,0,0,1,0,0,0,0,0,1,0,0,0,0,0,2,31.0,2.0
1,Smith-Rowe,FUL,5.7,1,1,63,0,1,63.0,63.0,0,0,1,0,0,0,0,0,0,1,0,0,0,0,0,3,21.0,3.0
1,Solanke,TOT,7.2,1,1,90,0,0,90.0,90.0,0,0,0,1,0,0,0,0,0,1,0,0,0,0,0,2,45.0,2.0
1,Son,TOT,8.5,1,1,84,0,1,84.0,84.0,0,0,0,1,0,0,0,0,0,1,0,0,0,0,0,2,42.0,2.0
1,Soucek,WHU,5.7,1,1,90,0,0,90.0,90.0,0,1,0,2,0,0,0,0,0,0,1,1,0,0,0,5,18.0,5.0
1,Soumaré,LEI,4.4,1,0,21,1,0,21.0,0.0,0,0,0,0,0,0,0,0,0,0,0,0,0,0,0,1,21.0,0.0
1,Spence,TOT,4.5,1,0,8,1,0,8.0,0.0,0,0,0,0,0,0,0,0,0,0,0,0,0,0,0,1,8.0,0.0
1,Stansfield,FUL,5.0,1,0,4,1,0,4.0,0.0,0,0,0,0,0,0,0,0,0,0,0,0,0,0,0,1,4.0,0.0
1,Steele,BHA,4.3,1,1,90,0,0,90.0,90.0,0,0,1,0,0,0,1,0,0,0,0,1,0,1,0,7,12.9,7.0
1,Stephens,SOU,4.0,1,1,90,0,0,90.0,90.0,0,0,0,1,0,0,0,1,0,1,0,0,0,0,0,1,90.0,1.0
1,Strand Larsen,WOL,6.4,1,1,83,0,1,83.0,83.0,0,0,0,2,0,0,0,0,0,1,0,0,0,0,0,2,41.5,2.0
1,Sugawara,SOU,4.2,1,1,45,0,1,45.0,45.0,0,0,0,1,0,0,0,0,0,1,0,0,0,0,0,1,45.0,1.0
1,Summerville,WHU,5.5,1,0,23,1,0,23.0,0.0,0,0,0,1,0,0,0,0,0,0,0,0,0,0,0,1,23.0,0.0
1,Szmodics,IPS,5.7,1,0,23,1,0,23.0,0.0,0,0,0,0,0,0,0,0,0,0,0,0,0,0,0,1,23.0,0.0
1,Szoboszlai,LIV,6.5,1,1,90,0,0,90.0,90.0,0,1,1,0,0,0,0,0,0,0,1,1,0,1,0,7,12.9,7.0
1,Tarkowski,EVE,5.5,1,1,90,0,0,90.0,90.0,0,0,0,3,0,0,0,1,0,1,0,0,0,0,0,0,0.0,0.0
1,Tavernier,BOU,5.5,1,1,90,0,0,90.0,90.0,0,0,0,1,0,0,0,0,0,1,0,0,0,0,0,2,45.0,2.0
1,Taylor (Jack),IPS,4.8,1,0,33,1,0,33.0,0.0,0,0,0,1,0,0,0,0,0,0,0,0,0,0,0,1,33.0,0.0
1,Diogo Jota,LIV,7.2,1,1,77,0,1,77.0,77.0,1,0,1,0,0,0,0,0,0,0,1,1,0,0,0,8,9.6,8.0
1,Tete,FUL,4.5,1,1,90,0,0,90.0,90.0,0,0,0,1,0,0,0,0,0,1,0,0,0,0,0,2,45.0,2.0
1,Tielemans,AVL,5.9,1,1,90,0,0,90.0,90.0,0,1,0,1,0,0,0,0,0,0,1,1,0,2,0,7,12.9,7.0
1,Jurriën Timber,ARS,6.1,1,0,26,1,0,26.0,0.0,0,0,0,0,0,0,0,0,0,0,0,0,0,0,0,1,26.0,0.0
1,Todibo,WHU,4.3,1,0,13,1,0,13.0,0.0,0,0,0,0,0,0,0,0,0,0,0,0,0,0,0,1,13.0,0.0
1,Toffolo,NFO,4.2,1,0,43,1,0,43.0,0.0,0,0,0,1,0,0,0,0,0,0,0,0,0,0,0,1,43.0,0.0
1,Lucas Paquetá,WHU,5.9,1,1,72,0,1,72.0,72.0,1,0,0,1,0,0,0,1,0,0,1,1,0,0,0,6,12.0,6.0
1,Chiquinho,WOL,4.5,1,0,12,1,0,12.0,0.0,0,0,0,0,0,0,0,0,0,0,0,0,0,0,0,1,12.0,0.0
1,Torres,AVL,4.3,1,1,90,0,0,90.0,90.0,0,0,0,1,0,0,0,0,0,1,0,0,0,0,0,2,45.0,2.0
1,Traoré (Adama),FUL,5.2,1,1,78,0,1,78.0,78.0,0,0,1,0,0,0,0,0,0,1,0,0,0,0,0,3,26.0,3.0
1,Amad Diallo,MUN,6.3,1,1,60,0,1,60.0,60.0,0,0,1,0,0,0,0,0,0,1,0,0,0,0,0,3,20.0,3.0
1,Trossard,ARS,6.9,1,0,14,1,0,14.0,0.0,0,0,0,0,0,0,0,0,0,0,0,0,0,0,0,1,14.0,0.0
1,Tsimikas,LIV,4.8,1,0,18,1,0,18.0,0.0,0,0,0,0,0,0,0,0,0,0,0,0,0,0,0,1,18.0,0.0
1,Tuanzebe,IPS,3.9,1,1,73,0,1,73.0,73.0,0,0,0,2,0,0,0,0,0,1,0,0,0,0,0,1,73.0,1.0
1,Destiny Udogie,TOT,4.4,1,1,90,0,0,90.0,90.0,0,0,0,1,0,0,0,0,0,1,0,0,0,0,0,2,45.0,2.0
1,van de Ven,TOT,4.7,1,1,90,0,0,90.0,90.0,0,0,0,1,0,0,0,0,0,1,0,0,0,0,0,2,45.0,2.0
1,van Dijk,LIV,6.0,1,1,90,0,0,90.0,90.0,0,0,1,0,0,0,0,0,0,0,0,1,0,0,0,6,15.0,6.0
1,van Hecke,BHA,4.4,1,1,90,0,0,90.0,90.0,0,0,1,0,0,0,0,0,0,0,0,1,0,0,0,6,15.0,6.0
1,Vardy,LEI,5.4,1,1,72,0,1,72.0,72.0,1,0,0,1,0,0,0,0,0,0,1,1,0,2,0,8,9.0,8.0
1,Bernardo Silva,MCI,6.3,1,1,90,0,0,90.0,90.0,0,1,1,0,0,0,0,0,0,0,1,1,0,0,0,6,15.0,6.0
1,Veltman,BHA,4.4,1,1,90,0,0,90.0,90.0,0,0,1,0,0,0,0,0,0,0,0,1,0,2,0,8,11.3,8.0
1,Vestergaard,LEI,3.9,1,1,90,0,0,90.0,90.0,0,0,0,1,0,0,0,0,0,1,0,0,0,0,0,2,45.0,2.0
1,Vicario,TOT,5.1,1,1,90,0,0,90.0,90.0,0,0,0,1,0,0,2,0,0,1,0,0,0,0,0,2,45.0,2.0
1,Walker-Peters,SOU,4.4,1,1,80,0,1,80.0,80.0,0,0,0,1,0,0,0,0,0,1,0,0,0,0,0,2,40.0,2.0
1,Walton,IPS,4.3,1,1,90,0,0,90.0,90.0,0,0,0,2,0,0,3,0,0,1,0,0,0,0,0,2,45.0,2.0
1,Ward-Prowse,WHU,5.7,1,0,23,1,0,23.0,0.0,0,0,0,1,0,0,0,0,0,0,0,0,0,0,0,1,23.0,0.0
1,Watkins,AVL,8.5,1,1,60,0,1,60.0,60.0,0,0,0,1,0,0,0,0,0,1,0,0,0,0,0,2,30.0,2.0
1,Webster,BHA,4.4,1,0,24,1,0,24.0,0.0,0,0,0,0,0,0,0,0,0,0,0,0,0,0,0,1,24.0,0.0
1,Welbeck,BHA,6.4,1,1,90,0,0,90.0,90.0,1,1,1,0,0,0,0,0,0,0,2,2,0,3,1,12,7.5,12.0
1,Werner,TOT,6.2,1,0,22,1,0,22.0,0.0,0,0,0,0,0,0,0,0,0,0,0,0,0,0,0,1,22.0,0.0
1,Wharton,CRY,5.0,1,1,74,0,1,74.0,74.0,0,0,0,1,0,0,0,0,0,1,0,0,0,0,0,2,37.0,2.0
1,White (Ben),ARS,5.4,1,1,90,0,0,90.0,90.0,0,0,1,0,0,0,0,0,0,0,0,1,0,0,0,6,15.0,6.0
1,Wieffer,BHA,4.9,1,1,90,0,0,90.0,90.0,0,1,1,0,0,0,0,0,0,0,1,1,0,0,0,6,15.0,6.0
1,Williams (Neco),NFO,4.7,1,1,90,0,0,90.0,90.0,0,0,0,1,0,0,0,1,0,1,0,0,0,0,0,1,90.0,1.0
1,Wilson (Harry),FUL,5.3,1,0,17,1,0,17.0,0.0,0,0,0,1,0,0,0,0,0,0,0,0,0,0,0,1,17.0,0.0
1,Winks,LEI,4.3,1,1,90,0,0,90.0,90.0,0,0,0,1,0,0,0,0,0,1,0,0,0,0,0,2,45.0,2.0
1,Wissa,BRE,7.4,1,1,83,0,1,83.0,83.0,1,1,0,1,0,0,0,1,0,0,2,2,0,3,1,11,7.5,11.0
1,Wood (Chris),NFO,7.2,1,1,70,0,1,70.0,70.0,1,0,1,0,0,0,0,0,0,0,1,1,0,3,0,9,7.8,9.0
1,Woolfenden,IPS,3.9,1,1,90,0,0,90.0,90.0,0,0,0,2,0,0,0,1,0,1,0,0,0,0,0,0,0.0,0.0
1,Yates,NFO,4.8,1,0,86,1,0,86.0,0.0,0,1,0,1,0,0,0,0,0,0,1,1,0,2,0,7,12.3,0.0
1,Young (Ashley),EVE,4.2,1,1,61,0,0,61.0,61.0,0,0,0,2,0,0,0,0,1,1,0,0,0,0,0,0,0.0,0.0
1,Zabarnyi,BOU,5.0,1,1,90,0,0,90.0,90.0,0,0,0,1,0,0,0,0,0,1,0,0,0,0,0,2,45.0,2.0
1,Zinchenko,ARS,4.9,1,1,68,0,1,68.0,68.0,0,0,1,0,0,0,0,0,0,0,0,1,0,0,0,6,11.3,6.0
1,Zirkzee,MUN,5.8,1,0,34,1,0,34.0,0.0,1,0,0,0,0,0,0,0,0,0,1,1,0,3,0,8,4.3,0.0
2,Adingra,BHA,5.1,1,0,8,1,0,8.0,0.0,0,1,0,0,0,0,0,0,0,0,1,1,0,0,0,4,2.0,0.0
2,Aina,NFO,4.7,1,1,90,0,0,90.0,90.0,0,0,1,0,0,0,0,0,0,0,0,1,0,3,0,9,10.0,9.0
2,Ait Nouri,WOL,5.8,1,1,66,0,1,66.0,66.0,0,1,0,5,0,0,0,1,0,1,1,1,0,0,0,2,33.0,2.0
2,Ajer,BRE,4.4,1,1,90,0,0,90.0,90.0,0,0,0,2,0,0,0,0,0,1,0,0,0,0,0,1,90.0,1.0
2,Akanji,MCI,5.4,1,1,90,0,0,90.0,90.0,0,0,0,1,0,0,0,0,0,1,0,0,0,0,0,2,45.0,2.0
2,Ali Al Hamadi,IPS,4.7,1,0,13,1,0,13.0,0.0,0,0,0,1,0,0,0,1,0,0,0,0,0,0,0,0,0.0,0.0
2,Alexander-Arnold,LIV,7.2,1,1,72,0,1,72.0,72.0,0,0,1,0,0,0,0,0,0,0,0,1,0,0,0,6,12.0,6.0
2,Almirón,NEW,5.4,1,0,8,1,0,8.0,0.0,0,0,0,0,0,0,0,0,0,0,0,0,0,0,0,1,8.0,0.0
2,Álvarez (Edson),WHU,4.9,1,0,18,1,0,18.0,0.0,0,0,0,0,0,0,0,0,0,0,0,0,0,0,0,1,18.0,0.0
2,Anderson,NFO,5.3,1,1,75,0,1,75.0,75.0,0,0,1,0,0,0,0,0,0,1,0,0,0,0,0,3,25.0,3.0
2,Antonio,WHU,5.2,1,1,61,0,1,61.0,61.0,0,0,1,0,0,0,0,0,0,1,0,0,0,0,0,2,30.5,2.0
2,Joelinton,NEW,5.9,1,1,90,0,0,90.0,90.0,0,0,0,1,0,0,0,1,0,1,0,0,0,0,0,1,90.0,1.0
2,Araujo,BOU,3.9,1,1,85,0,1,85.0,85.0,0,0,0,1,0,0,0,0,0,1,0,0,0,0,0,2,42.5,2.0
2,Archer,SOU,4.8,1,0,25,1,0,25.0,0.0,0,0,0,0,0,0,0,0,0,0,0,0,0,0,0,1,25.0,0.0
2,Areola,WHU,4.3,1,1,90,0,0,90.0,90.0,0,0,1,0,0,0,2,0,0,0,0,1,0,0,0,6,15.0,6.0
2,Aribo,SOU,4.9,1,1,75,0,1,75.0,75.0,0,0,0,1,0,0,0,0,0,1,0,0,0,0,0,2,37.5,2.0
2,Armstrong (Adam),SOU,5.1,1,1,71,0,1,71.0,71.0,0,0,0,1,0,0,0,1,0,1,0,0,0,0,0,1,71.0,1.0
2,Armstrong (Harrison),EVE,4.5,1,0,5,1,0,5.0,0.0,0,0,0,0,0,0,0,0,0,0,0,0,0,0,0,1,5.0,0.0
2,Awoniyi,NFO,5.2,1,0,22,1,0,22.0,0.0,0,0,0,0,0,0,0,0,0,0,0,0,0,0,0,1,22.0,0.0
2,Ayari,BHA,4.9,1,0,9,1,0,9.0,0.0,0,0,0,0,0,0,0,0,0,0,0,0,0,0,0,1,9.0,0.0
2,Ayew,LEI,5.1,1,0,33,1,0,33.0,0.0,0,0,0,1,0,0,0,0,0,0,0,0,0,0,0,1,33.0,0.0
2,Bailey,AVL,5.5,1,1,90,0,0,90.0,90.0,0,0,0,2,0,0,0,0,0,1,0,0,0,0,0,2,45.0,2.0
2,Baleba,BHA,4.7,1,0,26,1,0,26.0,0.0,0,0,0,0,0,0,0,0,0,0,0,0,0,0,0,1,26.0,0.0
2,Barkley,AVL,4.8,1,0,18,1,0,18.0,0.0,0,0,0,1,0,0,0,0,0,0,0,0,0,0,0,1,18.0,0.0
2,Barnes,NEW,6.4,1,0,40,1,0,40.0,0.0,0,1,0,0,0,0,0,0,0,0,1,1,0,1,0,5,8.0,0.0
2,Bassey,FUL,4.5,1,1,90,0,0,90.0,90.0,0,0,0,1,0,0,0,0,0,1,0,0,0,0,0,2,45.0,2.0
2,Bednarek,SOU,4.0,1,1,90,0,0,90.0,90.0,0,0,0,1,0,0,0,1,0,1,0,0,0,0,0,1,90.0,1.0
2,Bellegarde,WOL,5.2,1,1,66,0,1,66.0,66.0,0,0,0,5,0,0,0,0,0,1,0,0,0,0,0,2,33.0,2.0
2,Bergvall,TOT,5.4,1,0,15,1,0,15.0,0.0,0,0,0,0,0,0,0,0,0,0,0,0,0,0,0,1,15.0,0.0
2,Bissouma,TOT,5.2,1,1,71,0,1,71.0,71.0,1,0,1,0,0,0,0,0,0,0,1,1,0,1,0,9,7.9,9.0
2,Boly,NFO,3.9,1,0,7,1,0,7.0,0.0,0,0,0,0,0,0,0,0,0,0,0,0,0,0,0,1,7.0,0.0
2,Bruno Fernandes,MUN,8.9,1,1,78,0,1,78.0,78.0,0,0,0,1,0,0,0,0,0,1,0,0,0,0,0,2,39.0,2.0
2,Bowen,WHU,7.8,1,1,90,0,0,90.0,90.0,1,0,1,0,0,0,0,0,0,0,1,1,0,0,0,8,11.3,8.0
2,Bradley,LIV,5.0,1,0,23,1,0,23.0,0.0,0,0,0,0,0,0,0,0,0,0,0,0,0,0,0,1,23.0,0.0
2,Brereton,SOU,4.8,1,1,90,0,0,90.0,90.0,0,0,0,1,0,0,0,0,0,1,0,0,0,0,0,2,45.0,2.0
2,Buonanotte,LEI,4.8,1,1,71,0,1,71.0,71.0,0,1,0,2,0,0,0,0,0,0,1,1,0,0,0,5,14.2,5.0
2,Burn,NEW,5.1,1,1,90,0,0,90.0,90.0,0,0,0,1,0,0,0,1,0,1,0,0,0,0,0,1,90.0,1.0
2,Moises Caicedo,CHE,5.9,1,1,71,0,1,71.0,71.0,0,0,0,2,0,0,0,0,0,1,0,0,0,0,0,2,35.5,2.0
2,Cairney,FUL,4.9,1,0,26,1,0,26.0,0.0,0,0,0,0,0,0,0,1,0,0,0,0,0,0,0,0,0.0,0.0
2,Calafiori,ARS,5.8,1,0,15,1,0,15.0,0.0,0,0,0,0,0,0,0,0,0,0,0,0,0,0,0,1,15.0,0.0
2,Calvert-Lewin,EVE,5.5,1,1,71,0,1,71.0,71.0,0,0,0,3,0,0,0,0,0,1,0,0,0,0,0,2,35.5,2.0
2,Carvalho,BRE,4.9,1,0,30,1,0,30.0,0.0,0,0,0,1,0,0,0,0,0,0,0,0,0,0,0,1,30.0,0.0
2,Cash,AVL,4.6,1,1,12,0,1,12.0,12.0,0,0,0,0,0,0,0,0,0,1,0,0,0,0,0,1,12.0,1.0
2,Chaplin,IPS,5.1,1,0,7,1,0,7.0,0.0,0,0,0,0,0,0,0,0,0,0,0,0,0,0,0,1,7.0,0.0
2,Christie,BOU,5.0,1,1,63,0,1,63.0,63.0,0,0,1,0,0,0,0,1,0,1,0,0,0,0,0,2,31.5,2.0
2,Collins,BRE,4.9,1,1,90,0,0,90.0,90.0,0,0,0,2,0,0,0,0,0,1,0,0,0,0,0,1,90.0,1.0
2,Colwill,CHE,4.8,1,1,90,0,0,90.0,90.0,0,0,0,2,0,0,0,0,0,1,0,0,0,0,0,1,90.0,1.0
2,Cook,BOU,4.9,1,1,90,0,0,90.0,90.0,0,0,0,1,0,0,0,0,0,1,0,0,0,0,0,2,45.0,2.0
2,Coufal,WHU,4.1,1,1,61,0,1,61.0,61.0,0,0,1,0,0,0,0,0,0,0,0,1,0,0,0,6,10.2,6.0
2,Cresswell,WHU,3.9,1,0,7,1,0,7.0,0.0,0,0,0,0,0,0,0,0,0,0,0,0,0,0,0,1,7.0,0.0
2,Cucurella,CHE,6.1,1,1,77,0,1,77.0,77.0,0,0,0,2,0,0,0,1,0,1,0,0,0,0,0,0,0.0,0.0
2,Renato Veiga,CHE,4.4,1,0,17,1,0,17.0,0.0,0,0,0,0,0,0,0,0,0,0,0,0,0,0,0,1,17.0,0.0
2,Dalot,MUN,4.4,1,1,90,0,0,90.0,90.0,0,0,0,2,0,0,0,0,0,1,0,0,0,0,0,1,90.0,1.0
2,Damsgaard,BRE,5.8,1,0,30,1,0,30.0,0.0,0,0,0,1,0,0,0,0,0,0,0,0,0,0,0,1,30.0,0.0
2,Davis,IPS,4.2,1,1,90,0,0,90.0,90.0,0,0,0,4,0,0,0,0,0,1,0,0,0,0,0,0,0.0,0.0
2,Dawson,WOL,4.2,1,0,28,1,0,28.0,0.0,0,0,0,1,0,0,0,0,0,0,0,0,0,0,0,1,28.0,0.0
2,Richarlison,TOT,6.5,1,0,26,1,0,26.0,0.0,0,0,0,0,0,0,0,0,0,0,0,0,0,0,0,1,26.0,0.0
2,De Bruyne,MCI,9.5,1,1,87,0,1,87.0,87.0,1,1,0,1,0,0,0,0,0,0,2,2,0,2,1,12,7.3,12.0
2,de Ligt,MUN,5.0,1,0,19,1,0,19.0,0.0,0,0,0,1,0,0,0,0,0,0,0,0,0,0,0,1,19.0,0.0
2,Evanilson,BOU,7.0,1,1,71,0,1,71.0,71.0,0,0,1,0,0,0,0,0,0,1,0,0,0,0,0,2,35.5,2.0
2,DeCordova-Reid,LEI,5.2,1,1,62,0,1,62.0,62.0,0,0,0,1,0,0,0,0,0,1,0,0,0,0,0,2,31.0,2.0
2,Delap,IPS,6.2,1,1,80,0,1,80.0,80.0,0,0,0,3,0,0,0,0,0,1,0,0,0,0,0,2,40.0,2.0
2,Dewsbury-Hall,CHE,4.9,1,0,23,1,0,23.0,0.0,0,0,0,0,0,0,0,0,0,0,0,0,0,0,0,1,23.0,0.0
2,Díaz,LIV,8.0,1,1,71,0,1,71.0,71.0,1,1,1,0,0,0,0,0,0,0,2,2,0,3,1,14,5.1,14.0
2,Dibling,SOU,5.4,1,0,13,1,0,13.0,0.0,0,0,0,0,0,0,0,0,0,0,0,0,0,0,0,1,13.0,0.0
2,Digne,AVL,4.5,1,1,75,0,1,75.0,75.0,0,0,0,1,0,0,0,0,0,1,0,0,0,0,0,2,37.5,2.0
2,Diop,FUL,4.4,1,1,90,0,0,90.0,90.0,0,0,0,1,0,0,0,0,0,1,0,0,0,0,0,2,45.0,2.0
2,Dixon,EVE,3.9,1,1,90,0,0,90.0,90.0,0,0,0,4,0,0,0,0,0,1,0,0,0,0,0,0,0.0,0.0
2,Doherty,WOL,4.4,1,1,90,0,0,90.0,90.0,0,0,0,6,0,0,0,0,0,1,0,0,0,0,0,0,0.0,0.0
2,Doku,MCI,6.5,1,1,69,0,1,69.0,69.0,0,0,0,1,0,0,0,0,0,1,0,0,0,0,0,2,34.5,2.0
2,Nicolás Domínguez,NFO,5.0,1,0,22,1,0,22.0,0.0,0,0,0,0,0,0,0,1,0,0,0,0,0,0,0,0,0.0,0.0
2,Antony,MUN,5.9,1,0,8,1,0,8.0,0.0,0,0,0,1,0,0,0,0,0,0,0,0,0,0,0,1,8.0,0.0
2,Gabriel Magalhães,ARS,6.5,1,1,90,0,0,90.0,90.0,0,0,1,0,0,0,0,1,0,0,0,1,0,1,0,6,15.0,6.0
2,Doucouré,EVE,5.1,1,1,57,0,1,57.0,57.0,0,0,0,2,0,0,0,0,0,1,0,0,0,0,0,1,57.0,1.0
2,Downes,SOU,4.7,1,1,90,0,0,90.0,90.0,0,0,0,1,0,0,0,1,0,1,0,0,0,0,0,1,90.0,1.0
2,Doyle (Tommy),WOL,4.7,1,0,8,1,0,8.0,0.0,0,0,0,0,0,0,0,0,0,0,0,0,0,0,0,1,8.0,0.0
2,Dunk,BHA,4.5,1,1,90,0,0,90.0,90.0,0,0,0,1,0,0,0,0,0,1,0,0,0,0,0,2,45.0,2.0
2,Durán,AVL,5.7,1,0,29,1,0,29.0,0.0,0,0,0,2,0,0,0,0,0,0,0,0,0,0,0,1,29.0,0.0
2,Edmundson,IPS,4.0,1,0,7,1,0,7.0,0.0,0,0,0,0,0,0,0,0,0,0,0,0,0,0,0,1,7.0,0.0
2,Edouard,LEI,5.0,1,1,70,0,1,70.0,70.0,0,0,0,1,0,0,0,0,0,1,0,0,0,0,0,2,35.0,2.0
2,Edozie (Samuel),SOU,4.9,1,0,26,1,0,26.0,0.0,0,0,0,0,0,0,0,0,0,0,0,0,0,0,0,1,26.0,0.0
2,Elanga,NFO,6.7,1,1,90,0,0,90.0,90.0,0,0,1,0,0,0,0,0,0,1,0,0,0,0,0,3,30.0,3.0
2,Elliott,LIV,5.4,1,0,12,1,0,12.0,0.0,0,0,0,0,0,0,0,0,0,0,0,0,0,0,0,1,12.0,0.0
2,Enciso,IPS,5.4,1,0,20,1,0,20.0,0.0,0,0,0,0,0,0,0,0,0,0,0,0,0,0,0,1,20.0,0.0
2,Endo,LIV,4.9,1,0,5,1,0,5.0,0.0,0,0,0,0,0,0,0,0,0,0,0,0,0,0,0,1,5.0,0.0
2,Mateus Fernandes,SOU,5.5,1,0,21,1,0,21.0,0.0,0,0,0,0,0,0,0,0,0,0,0,0,0,0,0,1,21.0,0.0
2,Eze,CRY,7.6,1,1,90,0,0,90.0,90.0,0,0,0,2,0,0,0,0,0,1,0,0,0,0,0,2,45.0,2.0
2,Faes,LEI,3.8,1,1,90,0,0,90.0,90.0,1,0,0,2,0,0,0,0,0,0,1,1,0,0,0,7,12.9,7.0
2,Fatawu,LEI,5.1,1,1,90,0,0,90.0,90.0,0,0,0,2,0,0,0,0,0,1,0,0,0,0,0,2,45.0,2.0
2,Fernández,CHE,6.7,1,1,90,0,0,90.0,90.0,0,0,0,2,0,0,0,0,0,1,0,0,0,0,0,2,45.0,2.0
2,Jota Silva,NFO,5.4,1,0,7,1,0,7.0,0.0,0,0,0,0,0,0,0,0,0,0,0,0,0,0,0,1,7.0,0.0
2,Flekken,BRE,4.5,1,1,90,0,0,90.0,90.0,0,0,0,2,0,0,6,0,0,1,0,0,0,0,0,3,30.0,3.0
2,Fofana (Wesley),CHE,4.4,1,1,90,0,0,90.0,90.0,0,0,0,2,0,0,0,0,0,1,0,0,0,0,0,1,90.0,1.0
2,Casemiro,MUN,5.5,1,1,90,0,0,90.0,90.0,0,0,0,2,0,0,0,0,0,1,0,0,0,0,0,2,45.0,2.0
2,Füllkrug,WHU,5.6,1,0,33,1,0,33.0,0.0,0,0,0,0,0,0,0,0,0,0,0,0,0,0,0,1,33.0,0.0
2,Gakpo,LIV,7.6,1,0,23,1,0,23.0,0.0,0,0,0,0,0,0,0,0,0,0,0,0,0,0,0,1,23.0,0.0
2,Garnacho,MUN,6.4,1,0,34,1,0,34.0,0.0,0,0,0,1,0,0,0,0,0,0,0,0,0,0,0,1,34.0,0.0
2,Rúben Dias,MCI,5.5,1,1,90,0,0,90.0,90.0,0,0,0,1,0,0,0,1,0,1,0,0,0,0,0,1,90.0,1.0
2,Gibbs-White,NFO,7.3,1,1,90,0,1,90.0,90.0,1,0,1,0,0,0,0,0,0,0,1,1,0,2,1,10,9.0,10.0
2,Gilmour,BHA,5.0,1,1,89,0,1,89.0,89.0,0,0,0,1,0,0,0,0,0,1,0,0,0,0,0,2,44.5,2.0
2,Rodrigo Gomes,WOL,4.5,1,0,28,1,0,28.0,0.0,0,0,0,1,0,0,0,0,0,0,0,0,0,0,0,1,28.0,0.0
2,Toti,WOL,4.3,1,1,90,0,0,90.0,90.0,0,1,0,6,0,0,0,0,0,1,1,1,0,0,0,2,45.0,2.0
2,Beto,EVE,5.2,1,0,22,1,0,22.0,0.0,0,0,0,1,0,0,0,0,0,0,0,0,0,0,0,1,22.0,0.0
2,João Gomes,WOL,5.4,1,1,90,0,0,90.0,90.0,0,0,0,6,0,0,0,0,0,1,0,0,0,0,0,2,45.0,2.0
2,Gordon (Anthony),NEW,7.5,1,1,89,0,1,89.0,89.0,1,0,0,1,0,0,0,0,0,0,1,1,0,3,1,10,8.9,10.0
2,Gravenberch,LIV,5.6,1,1,90,0,1,90.0,90.0,0,0,1,0,0,0,0,1,0,1,0,0,0,0,0,2,45.0,2.0
2,Gray (Archie),TOT,4.8,1,0,22,1,0,22.0,0.0,0,0,0,0,0,0,0,0,0,0,0,0,0,0,0,1,22.0,0.0
2,Grealish,MCI,6.9,1,0,25,1,0,25.0,0.0,0,0,0,0,0,0,0,1,0,0,0,0,0,0,0,0,0.0,0.0
2,Greaves,IPS,3.8,1,1,90,0,0,90.0,90.0,0,0,0,4,0,0,0,0,0,1,0,0,0,0,0,0,0.0,0.0
2,Marc Guehi,CRY,4.9,1,1,90,0,0,90.0,90.0,0,0,0,2,0,0,0,0,0,1,0,0,0,0,0,1,90.0,1.0
2,Gueye,EVE,5.4,1,1,87,0,1,87.0,87.0,0,0,0,4,0,0,0,0,0,1,0,0,0,0,0,2,43.5,2.0
2,Bruno Guimarães,NEW,6.5,1,1,90,0,0,90.0,90.0,0,0,0,1,0,0,0,0,0,1,0,0,0,0,0,2,45.0,2.0
2,Gundogan,MCI,6.3,1,0,25,1,0,25.0,0.0,0,0,0,0,0,0,0,0,0,0,0,0,0,0,0,1,25.0,0.0
2,Gusto,CHE,4.9,1,1,90,0,0,90.0,90.0,0,0,0,2,0,0,0,1,0,1,0,0,0,0,0,0,0.0,0.0
2,Gvardiol,MCI,5.9,1,1,90,0,0,90.0,90.0,0,0,0,1,0,0,0,0,0,1,0,0,0,0,0,2,45.0,2.0
2,Haaland,MCI,14.8,1,1,87,0,1,87.0,87.0,3,0,0,1,0,0,0,0,0,0,3,3,0,3,1,17,5.1,17.0
2,Lewis Hall,NEW,5.2,1,0,28,1,0,28.0,0.0,0,0,0,0,0,0,0,0,0,0,0,0,0,0,0,1,28.0,0.0
2,Harness,IPS,4.9,1,0,24,1,0,24.0,0.0,0,0,0,1,0,0,0,0,0,0,0,0,0,0,0,1,24.0,0.0
2,Harrison (Jack),EVE,5.2,1,1,57,0,1,57.0,57.0,0,0,0,2,0,0,0,0,0,1,0,0,0,0,0,1,57.0,1.0
2,Harwood-Bellis,SOU,3.9,1,1,76,0,1,76.0,76.0,0,0,0,1,0,0,0,0,0,1,0,0,0,0,0,2,38.0,2.0
2,Havertz,ARS,7.3,1,1,90,0,0,90.0,90.0,0,0,1,0,0,0,0,0,0,1,0,0,0,0,0,2,45.0,2.0
2,Henderson,CRY,5.0,1,1,90,0,0,90.0,90.0,0,0,0,2,0,0,1,0,0,1,0,0,0,0,0,1,90.0,1.0
2,Hermansen,LEI,4.4,1,1,90,0,0,90.0,90.0,0,0,0,2,0,0,4,0,0,1,0,0,0,0,0,2,45.0,2.0
2,Hinshelwood,BHA,5.1,1,1,90,0,0,90.0,90.0,0,0,0,1,0,0,0,0,0,1,0,0,0,0,0,2,45.0,2.0
2,Hudson-Odoi,NFO,5.8,1,1,90,0,1,90.0,90.0,0,0,1,0,0,0,0,0,0,1,0,0,0,0,0,3,30.0,3.0
2,Hutchinson,IPS,5.4,1,1,86,0,1,86.0,86.0,0,0,0,4,0,0,0,0,0,1,0,0,0,0,0,2,43.0,2.0
2,Hwang Hee-Chan,WOL,5.8,1,1,58,0,1,58.0,58.0,0,0,0,4,0,0,0,0,0,1,0,0,0,0,0,1,58.0,1.0
2,Iroegbunam,EVE,4.9,1,1,90,0,0,90.0,90.0,0,0,0,4,0,0,0,0,0,1,0,0,0,0,0,2,45.0,2.0
2,Isak,NEW,10.4,1,1,90,0,0,90.0,90.0,0,0,0,1,0,0,0,0,0,1,0,0,0,0,0,2,45.0,2.0
2,Iwobi,FUL,6.5,1,1,90,0,0,90.0,90.0,1,0,0,1,0,0,0,0,0,0,1,1,0,1,0,8,11.3,8.0
2,Jackson (Nicolas),CHE,6.5,1,1,66,0,1,66.0,66.0,1,1,0,2,0,0,0,0,0,0,2,2,0,1,1,10,6.6,10.0
2,Janelt,BRE,4.9,1,1,72,0,1,72.0,72.0,0,0,0,2,0,0,0,0,0,1,0,0,0,0,0,2,36.0,2.0
2,Jebbison,BOU,4.5,1,0,12,1,0,12.0,0.0,0,0,0,0,0,0,0,0,0,0,0,0,0,0,0,1,12.0,0.0
2,Jensen,BRE,4.9,1,1,65,0,1,65.0,65.0,0,0,0,1,0,0,0,1,0,1,0,0,0,0,0,1,65.0,1.0
2,Raúl Jiménez,FUL,6.2,1,0,16,1,0,16.0,0.0,0,0,0,0,0,0,0,0,0,0,0,0,0,0,0,1,16.0,0.0
2,Johnson (Ben),IPS,3.8,1,1,90,0,0,90.0,90.0,0,1,0,4,0,0,0,0,0,1,1,1,0,0,0,3,30.0,3.0
2,Johnson (Brennan),TOT,6.7,1,1,90,0,0,90.0,90.0,0,0,1,0,0,0,0,0,0,1,0,0,0,0,0,3,30.0,3.0
2,João Pedro,BHA,7.4,1,1,90,0,0,90.0,90.0,1,0,0,1,0,0,0,0,0,0,1,1,0,2,0,8,11.3,8.0
2,Justin,LEI,4.0,1,1,90,0,0,90.0,90.0,0,0,0,2,0,0,0,0,0,1,0,0,0,0,0,1,90.0,1.0
2,Kamada,CRY,5.0,1,0,33,1,0,33.0,0.0,0,0,0,2,0,0,0,0,0,0,0,0,0,0,0,1,33.0,0.0
2,Keane,EVE,4.5,1,1,90,0,0,90.0,90.0,0,0,0,4,0,0,0,0,0,1,0,0,0,0,0,0,0.0,0.0
2,Kelly,NEW,4.2,1,1,69,0,1,69.0,69.0,0,0,0,1,0,0,0,0,0,1,0,0,0,0,0,2,34.5,2.0
2,Kerkez,BOU,5.8,1,1,90,0,0,90.0,90.0,0,0,0,1,0,0,0,0,0,1,0,0,0,0,0,2,45.0,2.0
2,Kilman,WHU,4.3,1,1,90,0,0,90.0,90.0,0,1,1,0,0,0,0,0,0,0,1,2,0,3,1,12,7.5,12.0
2,Kluivert,BOU,7.0,1,1,71,0,1,71.0,71.0,0,0,1,0,0,0,0,0,0,1,0,0,0,0,0,3,23.7,3.0
2,Konaté,LIV,5.4,1,1,90,0,0,90.0,90.0,0,0,1,0,0,0,0,0,0,0,0,1,0,1,0,7,12.9,7.0
2,Konsa Ngoyo,AVL,4.4,1,1,90,0,0,90.0,90.0,0,0,0,2,0,0,0,0,0,1,0,0,0,0,0,1,90.0,1.0
2,Kovacic,MCI,5.9,1,1,48,0,1,48.0,48.0,0,0,0,1,0,0,0,0,0,1,0,0,0,0,0,1,48.0,1.0
2,Krafth,NEW,4.4,1,1,90,0,0,90.0,90.0,0,0,0,1,0,0,0,0,0,1,0,0,0,0,0,2,45.0,2.0
2,Kristiansen,LEI,4.4,1,1,84,0,1,84.0,84.0,0,0,0,2,0,0,0,1,0,1,0,0,0,0,0,0,0.0,0.0
2,Kudus,WHU,6.8,1,1,87,0,1,87.0,87.0,0,0,1,0,0,0,0,0,0,1,0,0,0,0,0,3,29.0,3.0
2,Kulusevski,TOT,6.4,1,1,67,0,1,67.0,67.0,0,1,1,0,0,0,0,0,0,0,1,1,0,0,0,6,11.2,6.0
2,Lemina (Mario),WOL,4.8,1,1,86,0,1,86.0,86.0,0,0,0,6,0,0,0,0,0,1,0,0,0,0,0,2,43.0,2.0
2,Leno,FUL,5.0,1,1,90,0,0,90.0,90.0,0,0,0,1,0,0,3,0,0,1,0,0,0,0,0,3,30.0,3.0
2,Lerma,CRY,4.9,1,1,62,0,1,62.0,62.0,0,0,1,0,0,0,0,1,0,1,0,0,0,0,0,2,31.0,2.0
2,Lewis (Rico),MCI,4.9,1,1,90,0,0,90.0,90.0,0,0,0,1,0,0,0,0,0,1,0,0,0,0,0,2,45.0,2.0
2,Lewis-Potter,BRE,4.9,1,1,65,0,1,65.0,65.0,0,0,0,1,0,0,0,0,0,1,0,0,0,0,0,2,32.5,2.0
2,Lindstrom,EVE,5.0,1,0,36,1,0,36.0,0.0,0,0,0,2,0,0,0,0,0,0,0,0,0,0,0,1,36.0,0.0
2,Livramento,NEW,4.9,1,1,57,0,1,57.0,57.0,0,0,0,1,0,0,0,0,0,1,0,0,0,0,0,1,57.0,1.0
2,Longstaff (Sean),NEW,4.9,1,1,69,0,1,69.0,69.0,0,0,0,1,0,0,0,0,0,1,0,0,0,0,0,2,34.5,2.0
2,Lukic,FUL,5.0,1,1,90,0,0,90.0,90.0,0,0,0,1,0,0,0,0,0,1,0,0,0,0,0,2,45.0,2.0
2,Luongo,IPS,4.3,1,1,69,0,1,69.0,69.0,0,0,0,3,0,0,0,0,0,1,0,0,0,0,0,2,34.5,2.0
2,Maatsen,AVL,4.3,1,0,18,1,0,18.0,0.0,0,0,0,1,0,0,0,0,0,0,0,0,0,0,0,1,18.0,0.0
2,Mac Allister,LIV,6.3,1,1,90,0,0,90.0,90.0,0,0,1,0,0,0,0,0,0,1,0,0,0,0,0,3,30.0,3.0
2,Maddison,TOT,6.9,1,1,77,0,1,77.0,77.0,0,1,1,0,0,0,0,0,0,0,1,1,0,0,0,6,12.8,6.0
2,Madueke,CHE,6.8,1,1,90,0,0,90.0,90.0,3,0,0,2,0,0,0,0,0,0,3,3,0,3,1,20,4.5,20.0
2,Maguire,MUN,4.4,1,1,79,0,1,79.0,79.0,0,0,0,1,0,0,0,0,0,1,0,0,0,0,0,2,39.5,2.0
2,Mainoo,MUN,4.8,1,1,90,0,0,90.0,90.0,0,0,0,2,0,0,0,1,0,1,0,0,0,0,0,1,90.0,1.0
2,José Sá,WOL,4.4,1,1,90,0,0,90.0,90.0,0,0,0,6,0,0,2,0,0,1,0,0,0,0,0,0,0.0,0.0
2,Martinelli,ARS,6.9,1,1,64,0,1,64.0,64.0,0,0,1,0,0,0,0,0,0,1,0,0,0,0,0,3,21.3,3.0
2,Martinez,AVL,5.0,1,1,90,0,0,90.0,90.0,0,0,0,2,0,0,2,0,0,1,0,0,0,0,0,1,90.0,1.0
2,Martínez,MUN,4.8,1,1,90,0,0,90.0,90.0,0,0,0,2,0,0,0,0,0,1,0,0,0,0,0,1,90.0,1.0
2,Mateta,CRY,7.7,1,1,90,0,0,90.0,90.0,0,0,0,2,0,0,0,0,0,1,0,0,0,0,0,2,45.0,2.0
2,Mavididi,LEI,5.0,1,0,25,1,0,25.0,0.0,0,0,0,0,0,0,0,0,0,0,0,0,0,0,0,1,25.0,0.0
2,Mavropanos,WHU,4.4,1,1,90,0,0,90.0,90.0,0,0,1,0,0,0,0,0,0,0,0,1,0,2,0,8,11.3,8.0
2,Mazraoui,MUN,4.9,1,1,90,0,0,90.0,90.0,0,1,0,2,0,0,0,0,0,0,1,1,0,0,0,4,22.5,4.0
2,Mbeumo,BRE,8.2,1,1,90,0,0,90.0,90.0,0,0,0,2,0,0,0,1,0,1,0,0,0,0,0,1,90.0,1.0
2,Mcatee,MCI,5.2,1,0,6,1,0,6.0,0.0,0,0,0,0,0,0,0,0,0,0,0,0,0,0,0,1,6.0,0.0
2,McAteer,LEI,4.7,1,0,11,1,0,11.0,0.0,0,0,0,0,0,0,0,0,0,0,0,0,0,0,0,1,11.0,0.0
2,McCarthy,SOU,4.2,1,1,90,0,0,90.0,90.0,0,0,0,1,0,0,7,0,0,0,0,0,0,0,0,4,22.5,4.0
2,McGinn,AVL,5.4,1,1,64,0,1,64.0,64.0,0,0,1,0,0,0,0,0,0,1,0,0,0,0,0,3,21.3,3.0
2,McNeil,EVE,5.6,1,1,90,0,0,90.0,90.0,0,0,0,4,0,0,0,0,0,1,0,0,0,0,0,2,45.0,2.0
2,McTominay,MUN,4.9,1,0,19,1,0,19.0,0.0,0,0,0,1,0,0,0,0,0,0,0,0,0,0,0,1,19.0,0.0
2,Milenkovic,NFO,5.2,1,1,90,0,0,90.0,90.0,0,0,1,0,0,0,0,0,0,0,0,1,0,0,0,6,15.0,6.0
2,Milner,BHA,5.0,1,1,72,0,1,72.0,72.0,0,0,0,1,0,0,0,0,0,1,0,0,0,0,0,2,36.0,2.0
2,Minteh,BHA,6.0,1,1,89,0,1,89.0,89.0,0,0,0,1,0,0,0,0,0,1,0,0,0,0,0,2,44.5,2.0
2,Mitchell,CRY,5.0,1,1,90,0,0,90.0,90.0,0,0,0,2,0,0,0,0,0,1,0,0,0,0,0,1,90.0,1.0
2,Mitoma,BHA,6.2,1,1,89,0,1,89.0,89.0,0,1,0,1,0,0,0,0,0,0,1,1,0,1,0,6,14.8,6.0
2,Savinho,MCI,6.9,1,1,69,0,1,69.0,69.0,0,2,0,1,0,0,0,0,0,0,2,2,0,1,0,9,7.7,9.0
2,Morsy,IPS,4.8,1,1,90,0,0,90.0,90.0,0,0,0,4,0,0,0,1,0,1,0,0,0,0,0,1,90.0,1.0
2,Mosquera,WOL,4.4,1,1,90,0,0,90.0,90.0,0,0,0,6,0,0,0,1,0,1,0,0,0,0,0,0,0.0,0.0
2,Mount,MUN,5.9,1,1,45,0,1,45.0,45.0,0,0,0,1,0,0,0,0,0,1,0,0,0,0,0,1,45.0,1.0
2,Mudryk,CHE,5.0,1,1,45,0,1,45.0,45.0,0,0,0,2,0,0,0,0,0,1,0,0,0,0,0,1,45.0,1.0
2,Rodrigo Muniz,FUL,5.4,1,1,79,0,1,79.0,79.0,0,0,0,1,0,0,0,0,0,1,0,0,0,0,0,2,39.5,2.0
2,Muñoz,CRY,5.7,1,1,90,0,0,90.0,90.0,0,0,0,2,0,0,0,0,0,1,0,0,0,0,0,1,90.0,1.0
2,Neto,ARS,4.5,1,1,90,0,0,90.0,90.0,0,0,0,1,0,0,4,0,0,1,0,0,0,0,0,3,30.0,3.0
2,Muric,IPS,4.4,1,1,90,0,0,90.0,90.0,0,0,0,4,0,0,1,0,0,1,0,0,0,0,0,0,0.0,0.0
2,Murphy (Jacob),NEW,6.1,1,1,57,0,1,57.0,57.0,0,0,0,1,0,0,0,0,0,1,0,0,0,0,0,1,57.0,1.0
2,Mvom Onana,AVL,4.8,1,1,75,0,1,75.0,75.0,0,0,0,1,0,0,0,1,0,1,0,0,0,0,0,1,75.0,1.0
2,Mykolenko,EVE,4.9,1,1,90,0,0,90.0,90.0,0,0,0,4,0,0,0,0,0,1,0,0,0,0,0,0,0.0,0.0
2,Ndiaye,EVE,6.5,1,0,35,1,0,35.0,0.0,0,0,0,2,0,0,0,0,0,0,0,0,0,0,0,1,35.0,0.0
2,Ndidi,LEI,4.9,1,1,90,0,0,90.0,90.0,0,0,0,2,0,0,0,0,0,1,0,0,0,0,0,2,45.0,2.0
2,Nedeljkovic,AVL,3.9,1,0,79,1,0,79.0,0.0,0,0,0,2,0,0,0,0,0,0,0,0,0,0,0,1,79.0,0.0
2,Nelson (Reiss),FUL,4.8,1,0,7,1,0,7.0,0.0,0,0,0,0,0,0,0,0,0,0,0,0,0,0,0,1,7.0,0.0
2,Neto,CHE,7.0,1,0,45,1,0,45.0,0.0,0,1,0,0,0,0,0,0,0,0,1,1,0,0,0,4,11.3,0.0
2,Nkunku,CHE,5.9,1,0,16,1,0,16.0,0.0,0,0,0,0,0,0,0,0,0,0,0,0,0,0,0,1,16.0,0.0
2,Norgaard,BRE,5.2,1,1,90,0,0,90.0,90.0,0,0,0,2,0,0,0,1,0,1,0,0,0,0,0,1,90.0,1.0
2,Matheus Nunes,MCI,5.3,1,0,6,1,0,6.0,0.0,0,0,0,0,0,0,0,0,0,0,0,0,0,0,0,1,6.0,0.0
2,Núñez,LIV,6.5,1,0,23,1,0,23.0,0.0,0,0,0,0,0,0,0,0,0,0,0,0,0,0,0,1,23.0,0.0
2,Odegaard,ARS,7.9,1,1,90,0,0,90.0,90.0,0,0,1,0,0,0,0,1,0,1,0,0,0,0,0,2,45.0,2.0
2,Odobert,TOT,5.3,1,1,66,0,1,66.0,66.0,0,0,1,0,0,0,0,0,0,1,0,0,0,0,0,3,22.0,3.0
2,Onana,MUN,4.9,1,1,90,0,0,90.0,90.0,0,0,0,2,0,0,2,0,0,1,0,0,0,0,0,1,90.0,1.0
2,Onyeka,BRE,4.9,1,0,23,1,0,23.0,0.0,0,0,0,0,0,0,0,0,0,0,0,0,0,0,0,1,23.0,0.0
2,Dango Ouattara,BOU,6.0,1,0,26,1,0,26.0,0.0,0,0,0,1,0,0,0,0,0,0,0,0,0,0,0,1,26.0,0.0
2,Palmer (Cole),CHE,10.3,1,1,78,0,1,78.0,78.0,1,3,0,2,0,0,0,1,0,0,4,4,0,2,1,17,4.6,17.0
2,Emerson,WHU,4.4,1,1,88,0,1,88.0,88.0,0,0,1,0,0,0,0,0,0,0,0,1,0,0,0,6,14.7,6.0
2,Partey,ARS,4.9,1,1,90,0,0,90.0,90.0,1,0,1,0,0,0,0,0,0,0,1,1,0,3,1,11,8.2,11.0
2,Pereira,FUL,5.3,1,1,86,0,1,86.0,86.0,0,0,0,1,0,0,0,0,0,1,0,0,0,0,0,2,43.0,2.0
2,Pickford,EVE,5.5,1,1,90,0,0,90.0,90.0,0,0,0,4,0,0,3,0,0,1,0,0,0,0,0,1,90.0,1.0
2,Pinnock,BRE,4.3,1,1,90,0,0,90.0,90.0,0,0,0,2,0,0,0,0,0,1,0,0,0,0,0,1,90.0,1.0
2,Podence,WOL,5.5,1,0,36,1,0,36.0,0.0,0,0,0,2,0,0,0,0,0,0,0,0,0,0,0,1,36.0,0.0
2,Pope,NEW,5.2,1,1,90,0,0,90.0,90.0,0,0,0,1,0,0,3,0,0,1,0,0,0,0,0,3,30.0,3.0
2,Porro,TOT,5.5,1,1,90,0,0,90.0,90.0,0,0,1,0,0,0,0,0,0,0,0,1,0,0,0,6,15.0,6.0
2,Alisson,LIV,5.4,1,1,90,0,0,90.0,90.0,0,0,1,0,0,0,2,0,0,0,0,1,0,0,0,6,15.0,6.0
2,Ramsey (Jacob),AVL,5.3,1,0,29,1,0,29.0,0.0,0,0,0,2,0,0,0,0,0,0,0,0,0,0,0,1,29.0,0.0
2,Rashford,AVL,7.0,1,1,64,0,1,64.0,64.0,0,0,0,1,0,0,0,0,0,1,0,0,0,0,0,2,32.0,2.0
2,Raya Martin,ARS,5.8,1,1,90,0,0,90.0,90.0,0,0,1,0,0,0,3,0,0,0,0,1,0,3,1,10,9.0,10.0
2,Reed,FUL,4.4,1,0,10,1,0,10.0,0.0,0,0,0,0,0,0,0,0,0,0,0,0,0,0,0,1,10.0,0.0
2,Riad,CRY,4.0,1,1,90,0,0,90.0,90.0,0,0,0,2,0,0,0,0,0,1,0,0,0,0,0,1,90.0,1.0
2,Rice,ARS,6.7,1,1,90,0,0,90.0,90.0,0,0,1,0,0,0,0,1,0,1,0,0,0,0,0,2,45.0,2.0
2,Richards (Chris),CRY,4.5,1,1,80,0,1,80.0,80.0,0,0,0,2,0,0,0,0,0,1,0,0,0,0,0,1,80.0,1.0
2,Robertson,LIV,5.8,1,1,90,0,0,90.0,90.0,0,0,1,0,0,0,0,0,0,0,0,1,0,0,0,6,15.0,6.0
2,Robinson (Antonee),FUL,4.9,1,1,90,0,0,90.0,90.0,0,1,0,1,0,0,0,0,0,0,1,1,0,2,0,7,12.9,7.0
2,Rodríguez,WHU,4.8,1,1,90,0,0,90.0,90.0,0,0,1,0,0,0,0,0,0,1,0,0,0,0,0,3,30.0,3.0
2,Roerslev,BRE,4.5,1,1,90,0,0,90.0,90.0,0,0,0,2,0,0,0,0,0,1,0,0,0,0,0,1,90.0,1.0
2,Rogers,AVL,6.8,1,1,90,0,0,90.0,90.0,0,0,0,2,0,0,0,0,0,1,0,0,0,0,0,2,45.0,2.0
2,Romero,TOT,5.0,1,1,90,0,0,90.0,90.0,1,0,1,0,0,0,0,0,0,0,1,2,0,2,1,14,6.4,14.0
2,Rutter,BHA,5.7,1,0,9,1,0,9.0,0.0,0,0,0,0,0,0,0,0,0,0,0,0,0,0,0,1,9.0,0.0
2,Saka,ARS,10.0,1,1,87,0,1,87.0,87.0,0,1,1,0,0,0,0,0,0,0,1,1,0,0,0,6,14.5,6.0
2,Salah,LIV,14.3,1,1,82,0,1,82.0,82.0,1,0,1,0,0,0,0,0,0,0,1,1,0,2,1,10,8.2,10.0
2,Saliba,ARS,6.0,1,1,90,0,0,90.0,90.0,0,0,1,0,0,0,0,0,0,0,0,1,0,0,0,6,15.0,6.0
2,Sanchez,CHE,4.9,1,1,90,0,0,90.0,90.0,0,0,0,2,0,0,2,0,0,1,0,0,0,0,0,1,90.0,1.0
2,Sangaré,NFO,4.9,1,1,66,0,1,66.0,66.0,0,0,1,0,0,0,0,1,0,1,0,0,0,0,0,2,33.0,2.0
2,Ederson,MCI,5.3,1,1,90,0,0,90.0,90.0,0,0,0,1,0,0,0,0,0,1,0,0,0,0,0,2,45.0,2.0
2,Murillo,NFO,5.3,1,1,90,0,0,90.0,90.0,0,0,1,0,0,0,0,0,0,0,0,1,0,1,0,7,12.9,7.0
2,Matheus Cunha,WOL,7.9,1,1,66,0,1,66.0,66.0,1,0,0,5,0,0,0,0,0,0,1,1,0,0,0,6,11.0,6.0
2,Sarabia,WOL,5.0,1,0,28,1,0,28.0,0.0,0,0,0,1,0,0,0,0,0,0,0,0,0,0,0,1,28.0,0.0
2,Ismaila Sarr,CRY,6.6,1,0,24,1,0,24.0,0.0,0,0,0,1,0,0,0,0,0,0,0,0,0,0,0,1,24.0,0.0
2,Sarr (Pape),TOT,4.9,1,0,26,1,0,26.0,0.0,0,0,0,0,0,0,0,0,0,0,0,0,0,0,0,1,26.0,0.0
2,Schade,BRE,7.0,1,0,22,1,0,22.0,0.0,0,0,0,0,0,0,0,0,0,0,0,0,0,0,0,1,22.0,0.0
2,Schlupp,CRY,4.6,1,0,14,1,0,14.0,0.0,0,0,0,0,0,0,0,0,0,0,0,0,0,0,0,1,14.0,0.0
2,Scott,BOU,5.0,1,0,34,1,0,34.0,0.0,0,0,0,1,0,0,0,0,0,0,0,0,0,0,0,1,34.0,0.0
2,Sels,NFO,4.8,1,1,90,0,0,90.0,90.0,0,0,1,0,0,0,1,0,0,0,0,1,0,0,0,6,15.0,6.0
2,Semenyo,BOU,8.1,1,1,90,0,0,90.0,90.0,0,1,0,1,0,0,0,0,0,0,1,1,0,0,0,5,18.0,5.0
2,Senesi,BOU,5.0,1,1,90,0,0,90.0,90.0,0,0,0,1,0,0,0,1,0,1,0,0,0,0,0,1,90.0,1.0
2,João Félix,CHE,5.9,1,0,28,1,0,28.0,0.0,1,0,0,0,0,0,0,0,0,0,1,1,0,0,0,6,4.7,0.0
2,Sinisterra,BOU,5.0,1,0,26,1,0,26.0,0.0,0,0,0,1,0,0,0,0,0,0,0,0,0,0,0,1,26.0,0.0
2,Skipp,LEI,4.7,1,0,25,1,0,25.0,0.0,0,0,0,0,0,0,0,0,0,0,0,0,0,0,0,1,25.0,0.0
2,Smallbone,SOU,5.0,1,1,83,0,1,83.0,83.0,0,0,0,1,0,0,0,0,0,1,0,0,0,0,0,2,41.5,2.0
2,Smith,BOU,4.4,1,0,12,1,0,12.0,0.0,0,0,0,0,0,0,0,0,0,0,0,0,0,0,0,1,12.0,0.0
2,Smith-Rowe,FUL,5.7,1,1,69,0,1,69.0,69.0,1,0,0,1,0,0,0,0,0,0,1,1,0,3,1,10,6.9,10.0
2,Son,TOT,8.5,1,1,90,0,0,90.0,90.0,2,0,1,0,0,0,0,0,0,0,2,2,0,3,1,16,5.6,16.0
2,Soucek,WHU,5.7,1,1,77,0,1,77.0,77.0,1,0,1,0,0,0,0,1,0,0,1,1,0,1,0,8,9.6,8.0
2,Spence,TOT,4.5,1,0,21,1,0,21.0,0.0,0,0,0,0,0,0,0,0,0,0,0,0,0,0,0,1,21.0,0.0
2,Steele,BHA,4.3,1,1,90,0,0,90.0,90.0,0,0,0,1,0,0,2,0,0,1,0,0,0,0,0,2,45.0,2.0
2,Stephens,SOU,4.0,1,1,90,0,0,90.0,90.0,0,0,0,1,0,0,0,0,0,1,0,0,0,0,0,2,45.0,2.0
2,Stones,MCI,5.5,1,0,45,1,0,45.0,0.0,0,0,0,0,0,0,0,0,0,0,0,0,0,0,0,1,45.0,0.0
2,Strand Larsen,WOL,6.4,1,1,90,0,0,90.0,90.0,1,0,0,6,0,0,0,0,0,0,1,1,0,0,0,6,15.0,6.0
2,Sugawara,SOU,4.2,1,1,71,0,1,71.0,71.0,0,0,0,1,0,0,0,0,0,1,0,0,0,0,0,2,35.5,2.0
2,Szmodics,IPS,5.7,1,1,70,0,1,70.0,70.0,1,0,0,3,0,0,0,1,0,0,1,1,0,0,0,6,11.7,6.0
2,Szoboszlai,LIV,6.5,1,1,90,0,0,90.0,90.0,0,0,1,0,0,0,0,1,0,1,0,0,0,0,0,2,45.0,2.0
2,Tarkowski,EVE,5.5,1,1,90,0,0,90.0,90.0,0,0,0,4,0,0,0,0,0,1,0,0,0,0,0,0,0.0,0.0
2,Tavernier,BOU,5.5,1,1,85,0,1,85.0,85.0,1,0,0,1,0,0,0,0,0,0,1,1,0,2,0,9,9.4,9.0
2,Taylor (Charlie),SOU,3.9,1,0,21,1,0,21.0,0.0,0,0,0,0,0,0,0,0,0,0,0,0,0,0,0,1,21.0,0.0
2,Taylor (Jack),IPS,4.8,1,0,24,1,0,24.0,0.0,0,0,0,1,0,0,0,0,0,0,0,0,0,0,0,1,24.0,0.0
2,Diogo Jota,LIV,7.2,1,1,71,0,1,71.0,71.0,0,1,1,0,0,0,0,0,0,0,1,1,0,0,0,6,11.8,6.0
2,Tete,FUL,4.5,1,1,90,0,0,90.0,90.0,0,0,0,1,0,0,0,0,0,1,0,0,0,0,0,2,45.0,2.0
2,Tielemans,AVL,5.9,1,1,90,0,0,90.0,90.0,0,0,0,2,0,0,0,0,0,1,0,0,0,0,0,2,45.0,2.0
2,Jurriën Timber,ARS,6.1,1,1,78,0,1,78.0,78.0,0,0,1,0,0,0,0,0,0,0,0,1,0,0,0,6,13.0,6.0
2,Todibo,WHU,4.3,1,0,7,1,0,7.0,0.0,0,0,0,0,0,0,0,0,0,0,0,0,0,0,0,1,7.0,0.0
2,Lucas Paquetá,WHU,5.9,1,1,90,0,0,90.0,90.0,0,0,1,0,0,0,0,0,0,1,0,0,0,0,0,3,30.0,3.0
2,Torres,AVL,4.3,1,1,90,0,0,90.0,90.0,0,0,0,2,0,0,0,0,0,1,0,0,0,0,0,1,90.0,1.0
2,Traoré (Adama),FUL,5.2,1,1,69,0,1,69.0,69.0,0,1,0,1,0,0,0,0,0,0,1,1,0,0,0,5,13.8,5.0
2,Amad Diallo,MUN,6.3,1,1,90,0,1,90.0,90.0,1,0,0,1,0,0,0,1,0,0,1,1,0,0,0,6,15.0,6.0
2,Trippier,NEW,5.0,1,0,40,1,0,40.0,0.0,0,0,0,0,0,0,0,0,0,0,0,0,0,0,0,1,40.0,0.0
2,Trossard,ARS,6.9,1,0,29,1,0,29.0,0.0,1,0,0,0,0,0,0,0,0,0,1,1,0,1,0,7,4.1,0.0
2,Tuanzebe,IPS,3.9,1,1,87,0,1,87.0,87.0,0,0,0,4,0,0,0,0,0,1,0,0,0,0,0,0,0.0,0.0
2,Destiny Udogie,TOT,4.4,1,1,71,0,1,71.0,71.0,0,0,1,0,0,0,0,0,0,0,0,1,0,0,0,6,11.8,6.0
2,van de Ven,TOT,4.7,1,1,90,0,0,90.0,90.0,0,1,1,0,0,0,0,0,0,0,1,2,0,0,0,9,10.0,9.0
2,van Dijk,LIV,6.0,1,1,90,0,0,90.0,90.0,0,0,1,0,0,0,0,0,0,0,0,1,0,1,0,7,12.9,7.0
2,van Hecke,BHA,4.4,1,1,90,0,0,90.0,90.0,0,0,0,1,0,0,0,1,0,1,0,0,0,0,0,1,90.0,1.0
2,Vardy,LEI,5.4,1,1,70,0,1,70.0,70.0,0,0,0,2,0,0,0,0,0,1,0,0,0,0,0,2,35.0,2.0
2,Bernardo Silva,MCI,6.3,1,1,90,0,0,90.0,90.0,0,0,0,1,0,0,0,0,0,1,0,0,0,0,0,2,45.0,2.0
2,Veltman,BHA,4.4,1,1,90,0,0,90.0,90.0,0,0,0,1,0,0,0,0,0,1,0,0,0,0,0,2,45.0,2.0
2,Vestergaard,LEI,3.9,1,1,90,0,0,90.0,90.0,0,0,0,2,0,0,0,1,0,1,0,0,0,0,0,0,0.0,0.0
2,Vicario,TOT,5.1,1,1,90,0,0,90.0,90.0,0,0,1,0,0,0,1,0,0,0,0,1,0,0,0,6,15.0,6.0
2,Walker-Peters,SOU,4.4,1,1,90,0,0,90.0,90.0,0,0,0,1,0,0,0,0,0,1,0,0,0,0,0,2,45.0,2.0
2,Wan-Bissaka,WHU,4.3,1,0,33,1,0,33.0,0.0,0,0,0,0,0,0,0,0,0,0,0,0,0,0,0,1,33.0,0.0
2,Watkins,AVL,8.5,1,1,64,0,1,64.0,64.0,0,0,1,0,0,0,0,0,0,1,0,0,0,0,0,2,32.0,2.0
2,Welbeck,BHA,6.4,1,1,78,0,1,78.0,78.0,1,0,0,1,0,0,0,0,0,0,1,1,0,3,0,9,8.7,9.0
2,Wharton,CRY,5.0,1,1,90,0,0,90.0,90.0,0,0,0,2,0,0,0,0,0,1,0,0,0,0,0,2,45.0,2.0
2,White (Ben),ARS,5.4,1,1,90,0,0,90.0,90.0,0,0,1,0,0,0,0,0,0,0,0,1,0,0,0,6,15.0,6.0
2,Williams (Neco),NFO,4.7,1,1,90,0,0,90.0,90.0,0,0,1,0,0,0,0,0,0,0,0,1,0,0,0,6,15.0,6.0
2,Willock,NEW,5.0,1,0,28,1,0,28.0,0.0,0,0,0,0,0,0,0,0,0,0,0,0,0,0,0,1,28.0,0.0
2,Wilson (Harry),FUL,5.3,1,0,27,1,0,27.0,0.0,0,0,0,0,0,0,0,1,0,0,0,0,0,0,0,0,0.0,0.0
2,Winks,LEI,4.3,1,1,90,0,0,90.0,90.0,0,0,0,2,0,0,0,0,0,1,0,0,0,0,0,2,45.0,2.0
2,Wissa,BRE,7.4,1,1,72,0,1,72.0,72.0,0,0,0,2,0,0,0,0,0,1,0,0,0,0,0,2,36.0,2.0
2,Wood (Chris),NFO,7.2,1,1,75,0,1,75.0,75.0,0,0,1,0,0,0,0,1,0,1,0,0,0,0,0,1,75.0,1.0
2,Woolfenden,IPS,3.9,1,1,90,0,0,90.0,90.0,0,0,0,4,0,0,0,0,0,1,0,0,0,0,0,0,0.0,0.0
2,Yates,NFO,4.8,1,0,31,1,0,31.0,0.0,0,0,0,0,0,0,0,0,0,0,0,0,0,0,0,1,31.0,0.0
2,Zabarnyi,BOU,5.0,1,1,90,0,0,90.0,90.0,0,0,0,1,0,0,0,0,0,1,0,0,0,0,0,2,45.0,2.0
2,Zirkzee,MUN,5.8,1,0,45,1,0,45.0,0.0,0,0,0,1,0,0,0,0,0,0,0,0,0,0,0,1,45.0,0.0
3,Adingra,BHA,5.1,1,0,11,1,0,11.0,0.0,0,0,0,0,0,0,0,0,0,0,0,0,0,0,0,1,11.0,0.0
3,Aina,NFO,4.7,1,1,90,0,0,90.0,90.0,0,0,0,1,0,0,0,0,0,1,0,0,0,0,0,2,45.0,2.0
3,Ait Nouri,WOL,5.8,1,1,59,0,1,59.0,59.0,0,0,0,1,0,0,0,0,0,1,0,0,0,0,0,1,59.0,1.0
3,Ajer,BRE,4.4,1,1,38,0,1,38.0,38.0,0,0,0,0,0,0,0,0,0,1,0,0,0,0,0,1,38.0,1.0
3,Akanji,MCI,5.4,1,1,90,0,0,90.0,90.0,0,0,0,1,0,0,0,1,0,1,0,0,0,0,0,1,90.0,1.0
3,Aké,MCI,5.4,1,0,8,1,0,8.0,0.0,0,0,0,0,0,0,0,0,0,0,0,0,0,0,0,1,8.0,0.0
3,Ali Al Hamadi,IPS,4.7,1,0,15,1,0,15.0,0.0,0,0,0,0,0,0,0,1,0,0,0,0,0,0,0,0,0.0,0.0
3,Alexander-Arnold,LIV,7.2,1,1,72,0,1,72.0,72.0,0,0,1,0,0,0,0,0,0,0,0,1,0,0,0,6,12.0,6.0
3,Almirón,NEW,5.4,1,0,2,1,0,2.0,0.0,0,0,0,0,0,0,0,0,0,0,0,0,0,0,0,1,2.0,0.0
3,Álvarez (Edson),WHU,4.9,1,1,77,0,1,77.0,77.0,0,0,0,2,0,0,0,0,0,1,0,0,0,0,0,2,38.5,2.0
3,Anderson,NFO,5.3,1,1,84,0,1,84.0,84.0,0,1,0,1,0,0,0,1,0,0,1,1,0,2,0,6,14.0,6.0
3,Antonio,WHU,5.2,1,1,70,0,1,70.0,70.0,0,0,0,2,0,0,0,0,0,1,0,0,0,0,0,2,35.0,2.0
3,Joelinton,NEW,5.9,1,1,90,0,0,90.0,90.0,0,0,0,1,0,0,0,1,0,1,0,0,0,0,0,1,90.0,1.0
3,Araujo,BOU,3.9,1,1,76,0,1,76.0,76.0,0,0,0,2,0,0,0,0,0,1,0,0,0,0,0,1,76.0,1.0
3,Archer,SOU,4.8,1,0,45,1,0,45.0,0.0,0,0,0,2,0,0,0,0,0,0,0,0,0,0,0,1,45.0,0.0
3,Areola,WHU,4.3,1,1,45,0,1,45.0,45.0,0,0,0,2,0,0,3,0,0,1,0,0,0,0,0,1,45.0,1.0
3,Aribo,SOU,4.9,1,1,80,0,1,80.0,80.0,0,0,0,3,0,0,0,0,0,1,0,0,0,0,0,2,40.0,2.0
3,Armstrong (Adam),SOU,5.1,1,1,45,0,1,45.0,45.0,0,0,0,1,0,0,0,0,0,1,0,0,0,0,0,1,45.0,1.0
3,Kepa,BOU,4.2,1,1,90,0,0,90.0,90.0,0,0,0,2,0,0,6,0,0,1,0,0,0,0,0,3,30.0,3.0
3,Awoniyi,NFO,5.2,1,0,10,1,0,10.0,0.0,0,0,0,0,0,0,0,0,0,0,0,0,0,0,0,1,10.0,0.0
3,Ayari,BHA,4.9,1,0,75,1,0,75.0,0.0,0,0,0,1,0,0,0,0,0,0,0,0,0,0,0,2,37.5,0.0
3,Ayew,LEI,5.1,1,1,63,0,1,63.0,63.0,0,0,0,2,0,0,0,0,0,1,0,0,0,0,0,2,31.5,2.0
3,Bailey,AVL,5.5,1,1,14,0,1,14.0,14.0,0,0,0,0,0,0,0,0,0,1,0,0,0,0,0,1,14.0,1.0
3,Baleba,BHA,4.7,1,1,90,0,0,90.0,90.0,0,0,0,1,0,0,0,0,0,1,0,0,0,0,0,2,45.0,2.0
3,Barkley,AVL,4.8,1,0,36,1,0,36.0,0.0,0,0,0,1,0,0,0,0,0,0,0,0,0,0,0,1,36.0,0.0
3,Barnes,NEW,6.4,1,1,60,0,1,60.0,60.0,1,0,0,1,0,0,0,0,0,0,1,1,0,2,0,9,6.7,9.0
3,Bassey,FUL,4.5,1,1,90,0,0,90.0,90.0,0,0,0,1,0,0,0,0,0,1,0,0,0,0,0,2,45.0,2.0
3,Bednarek,SOU,4.0,1,1,90,0,0,90.0,90.0,0,0,0,3,0,0,0,0,0,1,0,0,0,0,0,1,90.0,1.0
3,Bellegarde,WOL,5.2,1,1,70,0,1,70.0,70.0,1,0,0,1,0,0,0,1,0,0,1,1,0,0,0,6,11.7,6.0
3,Bentancur,TOT,5.3,1,0,14,1,0,14.0,0.0,0,0,0,0,0,0,0,1,0,0,0,0,0,0,0,0,0.0,0.0
3,Berge,FUL,4.9,1,0,24,1,0,24.0,0.0,0,0,0,0,0,0,0,0,0,0,0,0,0,0,0,1,24.0,0.0
3,Bergvall,TOT,5.4,1,0,14,1,0,14.0,0.0,0,0,0,0,0,0,0,0,0,0,0,0,0,0,0,1,14.0,0.0
3,Bissouma,TOT,5.2,1,1,81,0,1,81.0,81.0,0,0,0,2,0,0,0,1,0,1,0,0,0,0,0,1,81.0,1.0
3,Bogarde,AVL,4.0,1,1,75,0,1,75.0,75.0,0,0,0,1,0,0,0,1,0,1,0,0,0,0,0,1,75.0,1.0
3,Bruno Fernandes,MUN,8.9,1,1,90,0,0,90.0,90.0,0,0,0,3,0,0,0,0,0,1,0,0,0,0,0,2,45.0,2.0
3,Bowen,WHU,7.8,1,1,85,0,1,85.0,85.0,0,1,0,3,0,0,0,0,0,0,1,1,0,0,0,5,17.0,5.0
3,Bradley,LIV,5.0,1,0,19,1,0,19.0,0.0,0,0,0,0,0,0,0,0,0,0,0,0,0,0,0,1,19.0,0.0
3,Brereton,SOU,4.8,1,1,90,0,0,90.0,90.0,0,0,0,3,0,0,0,0,0,1,0,0,0,0,0,2,45.0,2.0
3,Buonanotte,LEI,4.8,1,0,30,1,0,30.0,0.0,1,0,0,0,0,0,0,0,0,0,1,1,0,0,0,6,5.0,0.0
3,Burn,NEW,5.1,1,1,90,0,0,90.0,90.0,0,0,0,1,1,0,0,0,0,1,0,0,0,0,0,0,0.0,0.0
3,Moises Caicedo,CHE,5.9,1,1,90,0,0,90.0,90.0,0,0,0,1,0,0,0,0,0,1,0,0,0,0,0,2,45.0,2.0
3,Cairney,FUL,4.9,1,0,8,1,0,8.0,0.0,0,0,0,0,0,0,0,0,0,0,0,0,0,0,0,1,8.0,0.0
3,Cajuste,IPS,4.5,1,0,25,1,0,25.0,0.0,0,0,0,0,0,0,0,0,0,0,0,0,0,0,0,1,25.0,0.0
3,Calafiori,ARS,5.8,1,0,35,1,0,35.0,0.0,0,0,0,0,0,0,0,0,0,0,0,0,0,0,0,1,35.0,0.0
3,Calvert-Lewin,EVE,5.5,1,1,88,0,1,88.0,88.0,1,1,0,1,0,0,0,0,0,0,2,2,0,3,1,12,7.3,12.0
3,Carvalho,BRE,4.9,1,0,15,1,0,15.0,0.0,0,0,0,1,0,0,0,0,0,0,0,0,0,0,0,1,15.0,0.0
3,Chaplin,IPS,5.1,1,0,8,1,0,8.0,0.0,0,0,0,0,0,0,0,0,0,0,0,0,0,0,0,1,8.0,0.0
3,Christie,BOU,5.0,1,1,65,0,1,65.0,65.0,0,0,0,2,0,0,0,0,0,1,0,0,0,0,0,2,32.5,2.0
3,Clarke (Jack),IPS,5.4,1,0,15,1,0,15.0,0.0,0,0,0,0,0,0,0,0,0,0,0,0,0,0,0,1,15.0,0.0
3,Clyne,CRY,3.9,1,1,90,0,0,90.0,90.0,0,0,0,1,0,0,0,0,0,1,0,0,0,0,0,2,45.0,2.0
3,Coleman,EVE,4.3,1,1,90,0,0,90.0,90.0,0,0,0,3,0,0,0,0,0,1,0,0,0,0,0,1,90.0,1.0
3,Collins,BRE,4.9,1,1,90,0,0,90.0,90.0,0,1,0,1,0,0,0,0,0,0,1,1,0,0,0,5,18.0,5.0
3,Collyer,MUN,4.5,1,0,45,1,0,45.0,0.0,0,0,0,1,0,0,0,0,0,0,0,0,0,0,0,1,45.0,0.0
3,Colwill,CHE,4.8,1,1,90,0,0,90.0,90.0,0,0,0,1,0,0,0,0,0,1,0,0,0,0,0,2,45.0,2.0
3,Cook,BOU,4.9,1,1,90,0,0,90.0,90.0,1,0,0,2,0,0,0,0,0,0,1,1,0,0,0,7,12.9,7.0
3,Coufal,WHU,4.1,1,0,25,1,0,25.0,0.0,0,0,0,1,0,0,0,0,0,0,0,0,0,0,0,1,25.0,0.0
3,Cucurella,CHE,6.1,1,1,90,0,0,90.0,90.0,0,0,0,1,0,0,0,0,0,1,0,0,0,0,0,2,45.0,2.0
3,André,WOL,5.4,1,0,14,1,0,14.0,0.0,0,0,0,0,0,0,0,0,0,0,0,0,0,0,0,1,14.0,0.0
3,Dalot,MUN,4.4,1,1,90,0,0,90.0,90.0,0,0,0,3,0,0,0,0,0,1,0,0,0,0,0,1,90.0,1.0
3,Damsgaard,BRE,5.8,1,1,80,0,1,80.0,80.0,0,0,1,0,0,0,0,0,0,1,0,0,0,0,0,3,26.7,3.0
3,Davis,IPS,4.2,1,1,90,0,0,90.0,90.0,0,1,0,1,0,0,0,0,0,0,1,1,0,2,0,7,12.9,7.0
3,Dawson,WOL,4.2,1,1,90,0,0,90.0,90.0,0,0,0,1,0,0,0,0,0,1,0,0,0,0,0,2,45.0,2.0
3,De Bruyne,MCI,9.5,1,1,87,0,1,87.0,87.0,0,0,0,1,0,0,0,1,0,1,0,0,0,0,0,1,87.0,1.0
3,de Ligt,MUN,5.0,1,1,65,0,1,65.0,65.0,0,0,0,3,0,0,0,1,0,1,0,0,0,0,0,0,0.0,0.0
3,Evanilson,BOU,7.0,1,1,65,0,1,65.0,65.0,0,0,0,2,0,0,0,0,0,1,0,0,0,0,0,2,32.5,2.0
3,DeCordova-Reid,LEI,5.2,1,0,10,1,0,10.0,0.0,0,0,0,0,0,0,0,0,0,0,0,0,0,0,0,1,10.0,0.0
3,Delap,IPS,6.2,1,1,80,0,1,80.0,80.0,1,0,0,1,0,0,0,0,0,0,1,1,0,1,0,7,11.4,7.0
3,Díaz,LIV,8.0,1,1,62,0,1,62.0,62.0,2,0,1,0,0,0,0,0,0,0,2,2,0,2,1,15,4.1,15.0
3,Dibling,SOU,5.4,1,0,38,1,0,38.0,0.0,0,0,0,2,0,0,0,0,0,0,0,0,0,0,0,1,38.0,0.0
3,Digne,AVL,4.5,1,1,90,0,0,90.0,90.0,0,1,0,1,0,0,0,0,0,0,1,1,0,2,0,7,12.9,7.0
3,Diop,FUL,4.4,1,1,90,0,0,90.0,90.0,0,0,0,1,0,0,0,0,0,1,0,0,0,0,0,2,45.0,2.0
3,Doherty,WOL,4.4,1,0,24,1,0,24.0,0.0,0,0,0,0,0,0,0,0,0,0,0,0,0,0,0,1,24.0,0.0
3,Doku,MCI,6.5,1,1,68,0,1,68.0,68.0,0,0,0,1,0,0,0,0,0,1,0,0,0,0,0,2,34.0,2.0
3,Gabriel Magalhães,ARS,6.5,1,1,90,0,0,90.0,90.0,0,0,0,1,0,0,0,0,0,1,0,0,0,0,0,2,45.0,2.0
3,Doucouré,EVE,5.1,1,0,15,1,0,15.0,0.0,0,0,0,3,0,0,0,0,0,0,0,0,0,0,0,1,15.0,0.0
3,Doucoure,CRY,4.9,1,0,43,1,0,43.0,0.0,0,1,0,0,0,0,0,0,0,0,1,1,0,0,0,4,10.8,0.0
3,Downes,SOU,4.7,1,1,90,0,0,90.0,90.0,0,0,0,3,0,0,0,0,0,1,0,0,0,0,0,2,45.0,2.0
3,Doyle (Tommy),WOL,4.7,1,0,36,1,0,36.0,0.0,0,0,0,0,0,0,0,0,0,0,0,0,0,0,0,1,36.0,0.0
3,Dragusin,TOT,4.5,1,1,90,0,0,90.0,90.0,0,0,0,2,0,0,0,0,0,1,0,0,0,0,0,1,90.0,1.0
3,Dunk,BHA,4.5,1,1,90,0,0,90.0,90.0,0,0,0,1,0,0,0,0,0,1,0,0,0,0,0,2,45.0,2.0
3,Durán,AVL,5.7,1,0,37,1,0,37.0,0.0,1,0,0,1,0,0,0,1,0,0,1,1,0,3,0,7,5.3,0.0
3,El Khannouss,LEI,4.8,1,0,30,1,0,30.0,0.0,0,0,0,0,0,0,0,0,0,0,0,0,0,0,0,1,30.0,0.0
3,Elanga,NFO,6.7,1,1,84,0,1,84.0,84.0,0,0,0,1,0,0,0,0,0,1,0,0,0,0,0,2,42.0,2.0
3,Enciso,IPS,5.4,1,0,11,1,0,11.0,0.0,0,0,0,0,0,0,0,0,0,0,0,0,0,0,0,1,11.0,0.0
3,Eriksen,MUN,5.2,1,0,9,1,0,9.0,0.0,0,0,0,0,0,0,0,0,0,0,0,0,0,0,0,1,9.0,0.0
3,Mateus Fernandes,SOU,5.5,1,0,45,1,0,45.0,0.0,0,0,0,2,0,0,0,0,0,0,0,0,0,0,0,1,45.0,0.0
3,Estupiñán,BHA,4.5,1,0,22,1,0,22.0,0.0,0,0,0,0,0,0,0,0,0,0,0,0,0,0,0,1,22.0,0.0
3,Eze,CRY,7.6,1,1,90,0,0,90.0,90.0,1,0,0,1,0,0,0,0,0,0,1,1,0,3,1,10,9.0,10.0
3,Fabianski,WHU,4.5,1,0,45,1,0,45.0,0.0,0,0,0,1,0,0,2,0,0,0,0,0,0,0,0,1,45.0,0.0
3,Faes,LEI,3.8,1,1,90,0,0,90.0,90.0,0,0,0,2,0,0,0,0,0,1,0,0,0,0,0,1,90.0,1.0
3,Fatawu,LEI,5.1,1,1,64,0,1,64.0,64.0,0,0,0,2,0,0,0,0,0,1,0,0,0,0,0,2,32.0,2.0
3,Fernández,CHE,6.7,1,1,90,0,0,90.0,90.0,0,0,0,1,0,0,0,0,0,1,0,0,0,0,0,2,45.0,2.0
3,Jota Silva,NFO,5.4,1,0,10,1,0,10.0,0.0,0,0,0,0,0,0,0,0,0,0,0,0,0,0,0,1,10.0,0.0
3,Flekken,BRE,4.5,1,1,90,0,0,90.0,90.0,0,0,0,1,0,0,5,0,0,1,0,0,0,0,0,3,30.0,3.0
3,Fofana (Wesley),CHE,4.4,1,1,90,0,0,90.0,90.0,0,0,0,1,0,0,0,1,0,1,0,0,0,0,0,1,90.0,1.0
3,Casemiro,MUN,5.5,1,1,45,0,1,45.0,45.0,0,0,0,2,0,0,0,0,0,1,0,0,0,0,0,1,45.0,1.0
3,Füllkrug,WHU,5.6,1,0,25,1,0,25.0,0.0,0,0,0,1,0,0,0,0,0,0,0,0,0,0,0,1,25.0,0.0
3,Gakpo,LIV,7.6,1,0,29,1,0,29.0,0.0,0,0,0,0,0,0,0,0,0,0,0,0,0,0,0,1,29.0,0.0
3,Gonçalo Guedes,WOL,5.5,1,0,24,1,0,24.0,0.0,0,0,0,0,0,0,0,0,0,0,0,0,0,0,0,1,24.0,0.0
3,Garnacho,MUN,6.4,1,1,65,0,1,65.0,65.0,0,0,0,3,0,0,0,0,0,1,0,0,0,0,0,2,32.5,2.0
3,Rúben Dias,MCI,5.5,1,1,90,0,0,90.0,90.0,0,0,0,1,1,0,0,0,0,1,0,0,0,0,0,0,0.0,0.0
3,Gibbs-White,NFO,7.3,1,1,90,0,0,90.0,90.0,0,0,0,1,0,0,0,1,0,1,0,0,0,0,0,1,90.0,1.0
3,Toti,WOL,4.3,1,1,90,0,0,90.0,90.0,0,0,0,1,0,0,0,1,0,1,0,0,0,0,0,1,90.0,1.0
3,Beto,EVE,5.2,1,0,10,1,0,10.0,0.0,0,0,0,2,0,0,0,0,0,0,0,0,0,0,0,1,10.0,0.0
3,João Gomes,WOL,5.4,1,1,58,0,1,58.0,58.0,0,0,0,1,0,0,0,1,0,1,0,0,0,0,0,0,0.0,0.0
3,Gordon (Anthony),NEW,7.5,1,1,90,0,1,90.0,90.0,0,0,0,1,0,0,0,0,0,1,0,0,0,0,0,2,45.0,2.0
3,Gravenberch,LIV,5.6,1,1,90,0,0,90.0,90.0,0,0,1,0,0,0,0,0,0,1,0,0,0,0,0,3,30.0,3.0
3,Grealish,MCI,6.9,1,1,72,0,1,72.0,72.0,0,0,0,1,0,0,0,0,0,1,0,0,0,0,0,2,36.0,2.0
3,Greaves,IPS,3.8,1,1,90,0,0,90.0,90.0,0,0,0,1,0,0,0,0,0,1,0,0,0,0,0,2,45.0,2.0
3,Marc Guehi,CRY,4.9,1,1,90,0,0,90.0,90.0,0,0,0,1,0,0,0,0,0,1,0,0,0,0,0,2,45.0,2.0
3,Gueye,EVE,5.4,1,1,90,0,0,90.0,90.0,0,0,0,3,0,0,0,0,0,1,0,0,0,0,0,2,45.0,2.0
3,Bruno Guimarães,NEW,6.5,1,1,90,0,0,90.0,90.0,0,0,0,1,0,0,0,1,0,1,0,0,0,0,0,1,90.0,1.0
3,Gundogan,MCI,6.3,1,0,28,1,0,28.0,0.0,0,0,0,0,0,0,0,0,0,0,0,0,0,0,0,1,28.0,0.0
3,Gusto,CHE,4.9,1,1,70,0,1,70.0,70.0,0,0,0,1,0,0,0,0,0,1,0,0,0,0,0,2,35.0,2.0
3,Gvardiol,MCI,5.9,1,1,87,0,1,87.0,87.0,0,0,0,1,0,0,0,0,0,1,0,0,0,0,0,2,43.5,2.0
3,Haaland,MCI,14.8,1,1,90,0,0,90.0,90.0,3,0,0,1,0,0,0,0,0,0,3,3,0,3,1,17,5.3,17.0
3,Lewis Hall,NEW,5.2,1,0,28,1,0,28.0,0.0,0,0,0,0,0,0,0,0,0,0,0,0,0,0,0,1,28.0,0.0
3,Harrison (Jack),EVE,5.2,1,1,90,0,0,90.0,90.0,0,0,0,3,0,0,0,0,0,1,0,0,0,0,0,2,45.0,2.0
3,Harwood-Bellis,SOU,3.9,1,1,56,0,1,56.0,56.0,0,0,0,1,0,0,0,1,0,1,0,0,0,0,0,0,0.0,0.0
3,Havertz,ARS,7.3,1,1,90,0,0,90.0,90.0,1,0,0,1,0,0,0,0,0,0,1,1,0,2,0,8,11.3,8.0
3,Henderson,CRY,5.0,1,1,90,0,0,90.0,90.0,0,0,0,1,0,0,6,0,0,0,0,0,0,0,0,4,22.5,4.0
3,Hermansen,LEI,4.4,1,1,90,0,0,90.0,90.0,0,0,0,2,0,0,3,0,0,1,0,0,0,0,0,2,45.0,2.0
3,Hinshelwood,BHA,5.1,1,1,90,0,0,90.0,90.0,0,0,0,1,0,0,0,0,0,1,0,0,0,0,0,2,45.0,2.0
3,Hudson-Odoi,NFO,5.8,1,1,75,0,1,75.0,75.0,0,0,0,1,0,0,0,0,0,1,0,0,0,0,0,2,37.5,2.0
3,Hughes,CRY,4.8,1,1,50,0,1,50.0,50.0,0,0,0,1,0,0,0,1,0,1,0,0,0,0,0,0,0.0,0.0
3,Huijsen,BOU,4.5,1,0,21,1,0,21.0,0.0,0,0,0,0,0,0,0,0,0,0,0,0,0,0,0,1,21.0,0.0
3,Hutchinson,IPS,5.4,1,1,90,0,0,90.0,90.0,0,0,0,1,0,0,0,0,0,1,0,0,0,0,0,2,45.0,2.0
3,Hwang Hee-Chan,WOL,5.8,1,0,35,1,0,35.0,0.0,0,0,0,0,0,0,0,0,0,0,0,0,0,0,0,1,35.0,0.0
3,Iroegbunam,EVE,4.9,1,1,90,0,0,90.0,90.0,0,0,0,3,0,0,0,1,0,1,0,0,0,0,0,1,90.0,1.0
3,Isak,NEW,10.4,1,1,90,0,0,90.0,90.0,1,0,0,1,0,0,0,0,0,0,1,1,0,3,0,9,10.0,9.0
3,Iwobi,FUL,6.5,1,1,87,0,1,87.0,87.0,0,0,0,1,0,0,0,0,0,1,0,0,0,0,0,2,43.5,2.0
3,Jackson (Nicolas),CHE,6.5,1,1,90,0,0,90.0,90.0,1,0,0,1,0,0,0,1,0,0,1,1,0,1,0,6,15.0,6.0
3,Janelt,BRE,4.9,1,1,73,0,1,73.0,73.0,0,0,1,0,0,0,0,0,0,1,0,0,0,0,0,3,24.3,3.0
3,Jensen,BRE,4.9,1,1,90,0,0,90.0,90.0,0,1,0,1,0,0,0,0,0,0,1,1,0,1,0,6,15.0,6.0
3,Raúl Jiménez,FUL,6.2,1,0,16,1,0,16.0,0.0,0,0,0,0,0,0,0,0,0,0,0,0,0,0,0,1,16.0,0.0
3,Johnson (Brennan),TOT,6.7,1,0,45,1,0,45.0,0.0,0,1,0,1,0,0,0,0,0,0,1,1,0,0,0,4,11.3,0.0
3,Johnstone,WOL,4.5,1,1,90,0,0,90.0,90.0,0,0,0,1,0,0,4,0,0,1,0,0,0,0,0,3,30.0,3.0
3,João Pedro,BHA,7.4,1,1,90,0,0,90.0,90.0,1,0,0,1,0,0,0,1,0,0,1,1,0,3,0,8,11.3,8.0
3,Justin,LEI,4.0,1,1,90,0,0,90.0,90.0,0,0,0,2,0,0,0,0,0,1,0,0,0,0,0,1,90.0,1.0
3,Kamada,CRY,5.0,1,1,83,0,1,83.0,83.0,0,0,0,1,0,0,0,0,0,1,0,0,0,0,0,2,41.5,2.0
3,Keane,EVE,4.5,1,1,90,0,0,90.0,90.0,1,0,0,3,0,0,0,1,0,0,1,1,0,0,0,6,15.0,6.0
3,Kelly,NEW,4.2,1,1,67,0,1,67.0,67.0,0,1,0,1,0,0,0,1,0,0,1,1,0,0,0,4,16.8,4.0
3,Kerkez,BOU,5.8,1,1,65,0,1,65.0,65.0,0,0,0,2,0,0,0,0,0,1,0,0,0,0,0,1,65.0,1.0
3,Kilman,WHU,4.3,1,1,90,0,0,90.0,90.0,0,0,0,3,0,0,0,1,0,1,0,0,0,0,0,0,0.0,0.0
3,Kluivert,BOU,7.0,1,1,90,0,0,90.0,90.0,0,1,0,2,0,0,0,0,0,0,1,1,0,0,0,5,18.0,5.0
3,Konaté,LIV,5.4,1,1,90,0,0,90.0,90.0,0,0,1,0,0,0,0,0,0,0,0,1,0,0,0,6,15.0,6.0
3,Konsa Ngoyo,AVL,4.4,1,1,90,0,0,90.0,90.0,0,0,0,1,0,0,0,0,0,1,0,0,0,0,0,2,45.0,2.0
3,Kovacic,MCI,5.9,1,1,90,0,0,90.0,90.0,0,0,0,1,0,0,0,0,0,1,0,0,0,0,0,2,45.0,2.0
3,Krafth,NEW,4.4,1,1,90,0,0,90.0,90.0,0,0,0,1,0,0,0,0,0,1,0,0,0,0,0,2,45.0,2.0
3,Kristiansen,LEI,4.4,1,1,90,0,0,90.0,90.0,0,0,0,2,0,0,0,0,0,1,0,0,0,0,0,1,90.0,1.0
3,Kudus,WHU,6.8,1,1,90,0,0,90.0,90.0,0,0,0,3,0,0,0,0,0,1,0,0,0,0,0,2,45.0,2.0
3,Kulusevski,TOT,6.4,1,1,90,0,0,90.0,90.0,0,0,0,2,0,0,0,0,0,1,0,0,0,0,0,2,45.0,2.0
3,Lallana,SOU,5.0,1,0,14,1,0,14.0,0.0,0,1,0,0,0,0,0,0,0,0,1,1,0,0,0,4,3.5,0.0
3,Lemina (Mario),WOL,4.8,1,1,90,0,0,90.0,90.0,0,1,0,1,0,0,0,1,0,0,1,1,0,1,0,5,18.0,5.0
3,Leno,FUL,5.0,1,1,90,0,0,90.0,90.0,0,0,0,1,0,0,3,0,0,1,0,0,0,0,0,3,30.0,3.0
3,Lewis (Rico),MCI,4.9,1,1,90,0,0,90.0,90.0,0,1,0,1,0,0,0,0,0,0,1,1,0,1,0,6,15.0,6.0
3,Lewis-Potter,BRE,4.9,1,0,21,1,0,21.0,0.0,0,0,0,1,0,0,0,0,0,0,0,0,0,0,0,1,21.0,0.0
3,Livramento,NEW,4.9,1,1,90,0,0,90.0,90.0,0,0,0,1,0,0,0,0,0,1,0,0,0,0,0,2,45.0,2.0
3,Longstaff (Sean),NEW,4.9,1,1,66,0,1,66.0,66.0,0,0,0,1,0,0,0,1,0,1,0,0,0,0,0,1,66.0,1.0
3,Lukic,FUL,5.0,1,1,87,0,1,87.0,87.0,0,0,0,1,0,0,0,1,0,1,0,0,0,0,0,1,87.0,1.0
3,Maatsen,AVL,4.3,1,0,19,1,0,19.0,0.0,0,0,0,0,0,0,0,0,0,0,0,0,0,0,0,1,19.0,0.0
3,Mac Allister,LIV,6.3,1,1,90,0,0,90.0,90.0,0,0,1,0,0,0,0,0,0,1,0,0,0,0,0,3,30.0,3.0
3,Maddison,TOT,6.9,1,1,81,0,1,81.0,81.0,0,0,0,2,0,0,0,1,0,1,0,0,0,0,0,1,81.0,1.0
3,Madueke,CHE,6.8,1,1,80,0,1,80.0,80.0,0,0,0,1,0,0,0,0,0,1,0,0,0,0,0,2,40.0,2.0
3,Maguire,MUN,4.4,1,0,26,1,0,26.0,0.0,0,0,0,0,0,0,0,0,0,0,0,0,0,0,0,1,26.0,0.0
3,Mainoo,MUN,4.8,1,1,90,0,0,90.0,90.0,0,0,0,3,0,0,0,1,0,1,0,0,0,0,0,1,90.0,1.0
3,Martinelli,ARS,6.9,1,0,22,1,0,22.0,0.0,0,0,0,0,0,0,0,0,0,0,0,0,0,0,0,1,22.0,0.0
3,Martinez,AVL,5.0,1,1,90,0,0,90.0,90.0,0,0,0,1,0,0,2,0,0,1,0,0,0,0,0,2,45.0,2.0
3,Martínez,MUN,4.8,1,1,90,0,0,90.0,90.0,0,0,0,3,0,0,0,1,0,1,0,0,0,0,0,0,0.0,0.0
3,Mateta,CRY,7.7,1,1,67,0,1,67.0,67.0,0,0,0,1,0,0,0,0,0,1,0,0,0,0,0,2,33.5,2.0
3,Mavididi,LEI,5.0,1,0,31,1,0,31.0,0.0,0,0,0,0,0,0,0,0,0,0,0,0,0,0,0,1,31.0,0.0
3,Mavropanos,WHU,4.4,1,1,90,0,0,90.0,90.0,0,0,0,3,0,0,0,0,0,1,0,0,0,0,0,1,90.0,1.0
3,Mazraoui,MUN,4.9,1,1,90,0,0,90.0,90.0,0,0,0,3,0,0,0,0,0,1,0,0,0,0,0,1,90.0,1.0
3,Mbeumo,BRE,8.2,1,1,90,0,0,90.0,90.0,2,0,0,1,0,0,0,1,0,0,2,2,0,3,1,14,6.4,14.0
3,McAteer,LEI,4.7,1,0,6,1,0,6.0,0.0,0,0,0,0,0,0,0,0,0,0,0,0,0,0,0,1,6.0,0.0
3,McGinn,AVL,5.4,1,1,90,0,0,90.0,90.0,0,0,0,1,0,0,0,1,0,1,0,0,0,0,0,1,90.0,1.0
3,McNeil,EVE,5.6,1,1,90,0,0,90.0,90.0,0,1,0,3,0,0,0,0,0,0,1,1,0,1,0,6,15.0,6.0
3,Milenkovic,NFO,5.2,1,1,90,0,0,90.0,90.0,0,0,0,1,0,0,0,0,0,1,0,0,0,0,0,2,45.0,2.0
3,Milner,BHA,5.0,1,1,15,0,1,15.0,15.0,0,0,0,0,0,0,0,0,0,1,0,0,0,0,0,1,15.0,1.0
3,Minteh,BHA,6.0,1,1,70,0,1,70.0,70.0,0,1,0,1,0,0,0,1,0,0,1,1,0,0,0,4,17.5,4.0
3,Mitchell,CRY,5.0,1,1,90,0,0,90.0,90.0,0,0,0,1,0,0,0,0,0,1,0,0,0,0,0,2,45.0,2.0
3,Mitoma,BHA,6.2,1,1,81,0,1,81.0,81.0,0,0,0,1,0,0,0,0,0,1,0,0,0,0,0,2,40.5,2.0
3,Morsy,IPS,4.8,1,1,90,0,0,90.0,90.0,0,0,0,1,0,0,0,1,0,1,0,0,0,0,0,1,90.0,1.0
3,Mosquera,WOL,4.4,1,1,90,0,0,90.0,90.0,0,0,0,1,0,0,0,0,0,1,0,0,0,0,0,2,45.0,2.0
3,Mudryk,CHE,5.0,1,0,23,1,0,23.0,0.0,0,0,0,0,0,0,0,0,0,0,0,0,0,0,0,1,23.0,0.0
3,Rodrigo Muniz,FUL,5.4,1,1,79,0,1,79.0,79.0,0,0,0,1,0,0,0,0,0,1,0,0,0,0,0,2,39.5,2.0
3,Muñoz,CRY,5.7,1,1,90,0,0,90.0,90.0,0,0,0,1,0,0,0,1,0,1,0,0,0,0,0,1,90.0,1.0
3,Muric,IPS,4.4,1,1,90,0,0,90.0,90.0,0,0,0,1,0,0,3,0,0,1,0,0,0,0,0,3,30.0,3.0
3,Murphy (Jacob),NEW,6.1,1,0,35,1,0,35.0,0.0,0,1,0,0,0,0,0,0,0,0,1,1,0,0,0,4,8.8,0.0
3,Mvom Onana,AVL,4.8,1,1,58,0,1,58.0,58.0,1,0,1,0,0,0,0,1,0,0,1,1,0,2,0,9,6.4,9.0
3,Mykolenko,EVE,4.9,1,1,90,0,0,90.0,90.0,0,0,0,3,0,0,0,0,0,1,0,0,0,0,0,1,90.0,1.0
3,Ndiaye,EVE,6.5,1,1,83,0,1,83.0,83.0,0,0,1,0,0,0,0,0,0,1,0,0,0,0,0,2,41.5,2.0
3,Ndidi,LEI,4.9,1,1,84,0,1,84.0,84.0,0,1,0,2,0,0,0,0,0,0,1,1,0,0,0,5,16.8,5.0
3,Nedeljkovic,AVL,3.9,1,0,19,1,0,19.0,0.0,0,0,0,0,0,0,0,0,0,0,0,0,0,0,0,1,19.0,0.0
3,Neto,CHE,7.0,1,1,57,0,1,57.0,57.0,0,0,0,1,0,0,0,1,0,1,0,0,0,0,0,0,0.0,0.0
3,Nkunku,CHE,5.9,1,0,13,1,0,13.0,0.0,0,0,0,0,0,0,0,0,0,0,0,0,0,0,0,1,13.0,0.0
3,Norgaard,BRE,5.2,1,1,90,0,0,90.0,90.0,0,0,0,1,0,0,0,0,0,1,0,0,0,0,0,2,45.0,2.0
3,Matheus Nunes,MCI,5.3,1,0,24,1,0,24.0,0.0,0,1,0,0,0,0,0,0,0,0,1,1,0,0,0,4,6.0,0.0
3,Núñez,LIV,6.5,1,0,20,1,0,20.0,0.0,0,0,0,0,0,0,0,0,0,0,0,0,0,0,0,1,20.0,0.0
3,Odegaard,ARS,7.9,1,1,70,0,1,70.0,70.0,0,0,0,1,0,0,0,0,0,1,0,0,0,0,0,2,35.0,2.0
3,Odobert,TOT,5.3,1,1,72,0,1,72.0,72.0,0,0,0,1,0,0,0,0,0,1,0,0,0,0,0,2,36.0,2.0
3,Ogbene,IPS,4.8,1,1,87,0,1,87.0,87.0,0,0,0,1,0,0,0,0,0,1,0,0,0,0,0,2,43.5,2.0
3,Okoli,LEI,4.0,1,1,88,0,1,88.0,88.0,0,0,0,2,0,0,0,1,0,1,0,0,0,0,0,0,0.0,0.0
3,Onana,MUN,4.9,1,1,90,0,0,90.0,90.0,0,0,0,3,0,0,0,0,0,1,0,0,0,0,0,1,90.0,1.0
3,Dango Ouattara,BOU,6.0,1,0,33,1,0,33.0,0.0,0,1,0,0,0,0,0,0,0,0,1,1,0,0,0,4,8.3,0.0
3,Palmer (Cole),CHE,10.3,1,1,90,0,0,90.0,90.0,0,1,0,1,0,0,0,1,0,0,1,1,0,2,0,6,15.0,6.0
3,Emerson,WHU,4.4,1,1,70,0,1,70.0,70.0,0,0,0,2,0,0,0,1,0,1,0,0,0,0,0,0,0.0,0.0
3,Partey,ARS,4.9,1,1,90,0,0,90.0,90.0,0,0,0,1,0,0,0,1,0,1,0,0,0,0,0,1,90.0,1.0
3,Pereira,FUL,5.3,1,1,87,0,1,87.0,87.0,0,0,0,1,0,0,0,0,0,1,0,0,0,0,0,2,43.5,2.0
3,Phillips (Kalvin),IPS,4.8,1,1,70,0,1,70.0,70.0,0,0,0,1,0,0,0,0,0,1,0,0,0,0,0,2,35.0,2.0
3,Pickford,EVE,5.5,1,1,90,0,0,90.0,90.0,0,0,0,3,0,0,4,0,0,1,0,0,0,0,0,2,45.0,2.0
3,Pinnock,BRE,4.3,1,1,90,0,0,90.0,90.0,0,0,0,1,0,0,0,1,0,1,0,0,0,0,0,1,90.0,1.0
3,Pope,NEW,5.2,1,1,90,0,0,90.0,90.0,0,0,0,1,0,0,6,0,0,0,0,0,0,0,0,4,22.5,4.0
3,Porro,TOT,5.5,1,1,90,0,0,90.0,90.0,0,0,0,2,0,0,0,0,0,1,0,0,0,0,0,1,90.0,1.0
3,Ramsdale,SOU,4.8,1,1,90,0,0,90.0,90.0,0,0,0,3,0,0,4,0,0,1,0,0,0,0,0,2,45.0,2.0
3,Alisson,LIV,5.4,1,1,90,0,0,90.0,90.0,0,0,1,0,0,0,3,0,0,0,0,1,0,1,0,8,11.3,8.0
3,Ramsey (Jacob),AVL,5.3,1,0,62,1,1,62.0,0.0,0,0,0,1,0,0,0,0,0,0,0,0,0,0,0,2,31.0,0.0
3,Rashford,AVL,7.0,1,1,90,0,0,90.0,90.0,0,0,0,3,0,0,0,0,0,1,0,0,0,0,0,2,45.0,2.0
3,Raya Martin,ARS,5.8,1,1,90,0,0,90.0,90.0,0,0,0,1,0,0,3,1,0,1,0,0,0,0,0,2,45.0,2.0
3,Reed,FUL,4.4,1,0,8,1,0,8.0,0.0,0,0,0,0,0,0,0,0,0,0,0,0,0,0,0,1,8.0,0.0
3,Rice,ARS,6.7,1,1,48,0,0,48.0,48.0,0,0,0,0,0,0,0,0,1,1,0,0,0,0,0,0,0.0,0.0
3,Richards (Chris),CRY,4.5,1,1,90,0,0,90.0,90.0,0,0,0,1,0,0,0,0,0,1,0,0,0,0,0,2,45.0,2.0
3,Robertson,LIV,5.8,1,1,79,0,1,79.0,79.0,0,0,1,0,0,0,0,0,0,0,0,1,0,0,0,6,13.2,6.0
3,Robinson (Antonee),FUL,4.9,1,1,90,0,0,90.0,90.0,0,1,0,1,0,0,0,1,0,0,1,1,0,0,0,4,22.5,4.0
3,Rodríguez,WHU,4.8,1,1,90,0,0,90.0,90.0,0,0,0,3,0,0,0,1,0,1,0,0,0,0,0,1,90.0,1.0
3,Roerslev,BRE,4.5,1,0,54,1,0,54.0,0.0,0,0,0,1,0,0,0,0,0,0,0,0,0,0,0,1,54.0,0.0
3,Rogers,AVL,6.8,1,1,90,0,0,90.0,90.0,0,0,0,1,0,0,0,0,0,1,0,0,0,0,0,2,45.0,2.0
3,Romero,TOT,5.0,1,1,90,0,0,90.0,90.0,0,0,0,2,0,0,0,0,0,1,0,0,0,0,0,1,90.0,1.0
3,Rutter,BHA,5.7,1,0,23,1,0,23.0,0.0,0,0,0,0,0,0,0,0,0,0,0,0,0,0,0,1,23.0,0.0
3,Saka,ARS,10.0,1,1,90,0,0,90.0,90.0,0,1,0,1,0,0,0,0,0,0,1,1,0,1,0,6,15.0,6.0
3,Salah,LIV,14.3,1,1,90,0,0,90.0,90.0,1,2,1,0,0,0,0,0,0,0,3,3,0,3,1,17,5.3,17.0
3,Saliba,ARS,6.0,1,1,90,0,0,90.0,90.0,0,0,0,1,0,0,0,0,0,1,0,0,0,0,0,2,45.0,2.0
3,Sanchez,CHE,4.9,1,1,90,0,0,90.0,90.0,0,0,0,1,0,0,2,0,0,1,0,0,0,0,0,2,45.0,2.0
3,Sangaré,NFO,4.9,1,1,56,0,1,56.0,56.0,0,0,0,1,0,0,0,1,0,1,0,0,0,0,0,0,0.0,0.0
3,Ederson,MCI,5.3,1,1,90,0,0,90.0,90.0,0,0,0,1,0,0,2,0,0,1,0,0,0,0,0,2,45.0,2.0
3,Murillo,NFO,5.3,1,1,90,0,0,90.0,90.0,0,0,0,1,0,0,0,0,0,1,0,0,0,0,0,2,45.0,2.0
3,Matheus Cunha,WOL,7.9,1,1,90,0,0,90.0,90.0,0,0,0,1,0,0,0,0,0,1,0,0,0,0,0,2,45.0,2.0
3,Ismaila Sarr,CRY,6.6,1,0,26,1,0,26.0,0.0,0,0,0,0,0,0,0,0,0,0,0,0,0,0,0,1,26.0,0.0
3,Sarr (Pape),TOT,4.9,1,1,45,0,1,45.0,45.0,0,0,0,1,0,0,0,1,0,1,0,0,0,0,0,0,0.0,0.0
3,Schade,BRE,7.0,1,1,73,0,1,73.0,73.0,0,1,1,0,0,0,0,0,0,0,1,1,0,0,0,6,12.2,6.0
3,Schlupp,CRY,4.6,1,0,10,1,0,10.0,0.0,0,0,0,0,0,0,0,0,0,0,0,0,0,0,0,1,10.0,0.0
3,Scott,BOU,5.0,1,0,33,1,0,33.0,0.0,0,0,0,0,0,0,0,0,0,0,0,0,0,0,0,1,33.0,0.0
3,Sels,NFO,4.8,1,1,90,0,0,90.0,90.0,0,0,0,1,0,0,1,0,0,1,0,0,0,0,0,2,45.0,2.0
3,Semedo,WOL,4.5,1,1,70,0,1,70.0,70.0,0,0,0,1,0,0,0,0,0,1,0,0,0,0,0,2,35.0,2.0
3,Semenyo,BOU,8.1,1,1,90,0,0,90.0,90.0,1,0,0,2,0,0,0,1,0,0,1,1,0,0,0,6,15.0,6.0
3,Senesi,BOU,5.0,1,1,76,0,1,76.0,76.0,0,0,0,2,0,0,0,0,0,1,0,0,0,0,0,1,76.0,1.0
3,João Félix,CHE,5.9,1,0,36,1,0,36.0,0.0,0,0,0,0,0,0,0,0,0,0,0,0,0,0,0,1,36.0,0.0
3,Sinisterra,BOU,5.0,1,0,33,1,0,33.0,0.0,1,1,0,0,0,0,0,0,0,0,2,2,0,2,1,11,3.0,0.0
3,Skipp,LEI,4.7,1,1,64,0,1,64.0,64.0,0,0,0,2,0,0,0,1,0,1,0,0,0,0,0,1,64.0,1.0
3,Smallbone,SOU,5.0,1,1,45,0,1,45.0,45.0,0,0,0,1,0,0,0,0,0,1,0,0,0,0,0,1,45.0,1.0
3,Smith,BOU,4.4,1,0,21,1,0,21.0,0.0,0,0,0,0,0,0,0,0,0,0,0,0,0,0,0,1,21.0,0.0
3,Smith-Rowe,FUL,5.7,1,1,71,0,1,71.0,71.0,0,0,0,1,0,0,0,0,0,1,0,0,0,0,0,2,35.5,2.0
3,Son,TOT,8.5,1,1,90,0,0,90.0,90.0,0,0,0,2,0,0,0,0,0,1,0,0,0,1,0,3,30.0,3.0
3,Sosa,NFO,5.5,1,0,19,1,0,19.0,0.0,0,0,0,0,0,0,0,0,0,0,0,0,0,0,0,1,19.0,0.0
3,Soucek,WHU,5.7,1,0,19,1,0,19.0,0.0,0,0,0,1,0,0,0,0,0,0,0,0,0,0,0,1,19.0,0.0
3,Stephens,SOU,4.0,1,1,90,0,0,90.0,90.0,0,0,0,3,0,0,0,0,0,1,0,0,0,0,0,1,90.0,1.0
3,Strand Larsen,WOL,6.4,1,1,80,0,1,80.0,80.0,0,0,0,1,0,0,0,0,0,1,0,0,0,0,0,2,40.0,2.0
3,Sugawara,SOU,4.2,1,1,90,0,0,90.0,90.0,1,0,0,3,0,0,0,0,0,0,1,1,0,0,0,7,12.9,7.0
3,Summerville,WHU,5.5,1,0,10,1,0,10.0,0.0,0,0,0,0,0,0,0,0,0,0,0,0,0,0,0,1,10.0,0.0
3,Szmodics,IPS,5.7,1,1,80,0,1,80.0,80.0,0,0,0,1,0,0,0,0,0,1,0,0,0,0,0,2,40.0,2.0
3,Szoboszlai,LIV,6.5,1,1,90,0,0,90.0,90.0,0,1,1,0,0,0,0,0,0,0,1,1,0,0,0,6,15.0,6.0
3,Tarkowski,EVE,5.5,1,1,90,0,0,90.0,90.0,0,0,0,3,0,0,0,0,0,1,0,0,0,0,0,1,90.0,1.0
3,Tavernier,BOU,5.5,1,1,90,0,0,90.0,90.0,0,0,0,2,0,0,0,0,0,1,0,0,0,0,0,2,45.0,2.0
3,Diogo Jota,LIV,7.2,1,1,72,0,1,72.0,72.0,0,0,1,0,0,0,0,0,0,1,0,0,0,0,0,3,24.0,3.0
3,Tete,FUL,4.5,1,1,90,0,0,90.0,90.0,0,0,0,1,0,0,0,0,0,1,0,0,0,0,0,2,45.0,2.0
3,Tielemans,AVL,5.9,1,1,90,0,0,90.0,90.0,0,0,0,1,0,0,0,1,0,1,0,0,0,0,0,1,90.0,1.0
3,Jurriën Timber,ARS,6.1,1,1,76,0,1,76.0,76.0,0,0,0,1,0,0,0,1,0,1,0,0,0,0,0,1,76.0,1.0
3,Lucas Paquetá,WHU,5.9,1,1,90,0,0,90.0,90.0,0,0,0,3,0,0,0,0,0,1,0,0,0,0,0,2,45.0,2.0
3,Tonali,NEW,5.4,1,0,28,1,0,28.0,0.0,0,0,0,0,0,0,0,0,0,0,0,0,0,0,0,1,28.0,0.0
3,Torres,AVL,4.3,1,1,90,0,0,90.0,90.0,0,0,0,1,0,0,0,0,0,1,0,0,0,0,0,2,45.0,2.0
3,Traoré (Adama),FUL,5.2,1,1,90,0,0,90.0,90.0,1,0,0,1,0,0,0,1,0,0,1,1,0,3,0,9,10.0,9.0
3,Amad Diallo,MUN,6.3,1,0,26,1,0,26.0,0.0,0,0,0,0,0,0,0,0,0,0,0,0,0,0,0,1,26.0,0.0
3,Trossard,ARS,6.9,1,1,57,0,1,57.0,57.0,0,0,0,1,0,0,0,0,0,1,0,0,0,0,0,1,57.0,1.0
3,Tsimikas,LIV,4.8,1,0,12,1,0,12.0,0.0,0,0,0,0,0,0,0,0,0,0,0,0,0,0,0,1,12.0,0.0
3,Tuanzebe,IPS,3.9,1,1,90,0,0,90.0,90.0,0,0,0,1,0,0,0,0,0,1,0,0,0,0,0,2,45.0,2.0
3,Destiny Udogie,TOT,4.4,1,1,90,0,0,90.0,90.0,0,0,0,2,0,0,0,0,0,1,0,0,0,0,0,1,90.0,1.0
3,van den Berg,BRE,4.5,1,0,21,1,0,21.0,0.0,0,0,0,1,0,0,0,0,0,0,0,0,0,0,0,1,21.0,0.0
3,van Dijk,LIV,6.0,1,1,90,0,0,90.0,90.0,0,0,1,0,0,0,0,1,0,0,0,1,0,0,0,5,18.0,5.0
3,van Hecke,BHA,4.4,1,1,90,0,0,90.0,90.0,0,0,0,1,0,0,0,0,0,1,0,0,0,0,0,2,45.0,2.0
3,Vardy,LEI,5.4,1,1,90,0,0,90.0,90.0,0,0,0,2,0,0,0,1,0,1,0,0,0,0,0,1,90.0,1.0
3,Bernardo Silva,MCI,6.3,1,1,90,0,0,90.0,90.0,0,1,0,1,0,0,0,0,0,0,1,1,0,2,0,7,12.9,7.0
3,Veltman,BHA,4.4,1,1,70,0,1,70.0,70.0,0,0,0,1,0,0,0,0,0,1,0,0,0,0,0,2,35.0,2.0
3,Verbruggen,BHA,4.4,1,1,90,0,0,90.0,90.0,0,0,0,1,0,0,6,0,0,0,0,0,0,0,0,4,22.5,4.0
3,Vicario,TOT,5.1,1,1,90,0,0,90.0,90.0,0,0,0,2,0,0,1,0,0,1,0,0,0,0,0,1,90.0,1.0
3,Walker,MCI,4.4,1,0,8,1,0,8.0,0.0,0,0,0,0,0,0,0,0,0,0,0,0,0,0,0,1,8.0,0.0
3,Walker-Peters,SOU,4.4,1,1,90,0,0,90.0,90.0,0,0,0,3,0,0,0,0,0,1,0,0,0,0,0,1,90.0,1.0
3,Wan-Bissaka,WHU,4.3,1,1,90,0,0,90.0,90.0,0,0,0,3,0,0,0,0,0,1,0,0,0,0,0,1,90.0,1.0
3,Watkins,AVL,8.5,1,1,57,0,1,57.0,57.0,0,1,1,0,0,0,0,0,0,0,1,1,0,0,0,5,11.4,5.0
3,Welbeck,BHA,6.4,1,1,81,0,1,81.0,81.0,0,0,0,1,0,0,0,0,0,1,0,0,0,0,0,2,40.5,2.0
3,Werner,TOT,6.2,1,0,23,1,0,23.0,0.0,0,0,0,1,0,0,0,0,0,0,0,0,0,0,0,1,23.0,0.0
3,Wharton,CRY,5.0,1,1,90,0,0,90.0,90.0,0,0,0,1,0,0,0,0,0,1,0,0,0,0,0,2,45.0,2.0
3,White (Ben),ARS,5.4,1,1,90,0,0,90.0,90.0,0,0,0,1,0,0,0,0,0,1,0,0,0,0,0,2,45.0,2.0
3,Williams (Neco),NFO,4.7,1,1,90,0,0,90.0,90.0,0,0,0,1,0,0,0,0,0,1,0,0,0,0,0,2,45.0,2.0
3,Wilson (Harry),FUL,5.3,1,0,8,1,0,8.0,0.0,0,0,0,0,0,0,0,0,0,0,0,0,0,0,0,1,8.0,0.0
3,Winks,LEI,4.3,1,1,90,0,0,90.0,90.0,0,0,0,2,0,0,0,1,0,1,0,0,0,0,0,1,90.0,1.0
3,Wissa,BRE,7.4,1,1,90,0,0,90.0,90.0,1,0,0,1,0,0,0,0,0,0,1,1,0,2,0,8,11.3,8.0
3,Wood (Chris),NFO,7.2,1,1,90,0,0,90.0,90.0,1,0,0,1,0,0,0,0,0,0,1,1,0,3,0,9,10.0,9.0
3,Woolfenden,IPS,3.9,1,1,90,0,0,90.0,90.0,0,0,0,1,0,0,0,0,0,1,0,0,0,0,0,2,45.0,2.0
3,Yates,NFO,4.8,1,0,38,1,0,38.0,0.0,0,0,0,0,0,0,0,0,0,0,0,0,0,0,0,1,38.0,0.0
3,Zabarnyi,BOU,5.0,1,1,90,0,0,90.0,90.0,0,0,0,2,0,0,0,0,0,1,0,0,0,0,0,1,90.0,1.0
3,Zinchenko,ARS,4.9,1,0,17,1,0,17.0,0.0,0,0,0,0,0,0,0,0,0,0,0,0,0,0,0,1,17.0,0.0
3,Zirkzee,MUN,5.8,1,1,82,0,1,82.0,82.0,0,0,0,3,0,0,0,1,0,1,0,0,0,0,0,1,82.0,1.0
4,Tosin,CHE,4.4,1,0,36,1,0,36.0,0.0,0,0,0,0,0,0,0,0,0,0,0,0,0,0,0,1,36.0,0.0
4,Adingra,BHA,5.1,1,0,26,1,0,26.0,0.0,0,0,0,0,0,0,0,0,0,0,0,0,0,0,0,1,26.0,0.0
4,Aina,NFO,4.7,1,1,90,0,0,90.0,90.0,0,0,1,0,0,0,0,0,0,0,0,1,0,2,0,8,11.3,8.0
4,Ait Nouri,WOL,5.8,1,1,82,0,1,82.0,82.0,0,0,0,2,0,0,0,1,0,1,0,0,0,0,0,0,0.0,0.0
4,Ajer,BRE,4.4,1,1,72,0,1,72.0,72.0,0,0,0,2,0,0,0,0,0,1,0,0,0,0,0,1,72.0,1.0
4,Akanji,MCI,5.4,1,1,90,0,0,90.0,90.0,0,0,0,1,0,0,0,0,0,1,0,0,0,0,0,2,45.0,2.0
4,Alexander-Arnold,LIV,7.2,1,1,90,0,0,90.0,90.0,0,0,0,1,0,0,0,1,0,1,0,0,0,0,0,1,90.0,1.0
4,Álvarez (Edson),WHU,4.9,1,1,80,0,1,80.0,80.0,0,0,0,1,0,0,0,1,0,1,0,0,0,0,0,1,80.0,1.0
4,Andersen,FUL,4.5,1,1,90,0,0,90.0,90.0,0,0,0,1,0,0,0,0,0,1,0,0,0,0,0,2,45.0,2.0
4,Anderson,NFO,5.3,1,1,60,0,1,60.0,60.0,0,0,1,0,0,0,0,0,0,1,0,0,0,0,0,3,20.0,3.0
4,Antonio,WHU,5.2,1,1,45,0,1,45.0,45.0,0,0,0,1,0,0,0,0,0,1,0,0,0,0,0,1,45.0,1.0
4,Joelinton,NEW,5.9,1,1,45,0,1,45.0,45.0,0,0,0,1,0,0,0,1,0,1,0,0,0,0,0,0,0.0,0.0
4,Araujo,BOU,3.9,1,0,22,1,0,22.0,0.0,0,0,0,1,0,0,0,0,0,0,0,0,0,0,0,1,22.0,0.0
4,Archer,SOU,4.8,1,1,61,0,1,61.0,61.0,0,0,0,2,0,0,0,0,0,1,0,0,0,0,0,0,0.0,0.0
4,Areola,WHU,4.3,1,1,90,0,0,90.0,90.0,0,0,0,1,0,0,4,0,0,1,0,0,0,0,0,3,30.0,3.0
4,Ayari,BHA,4.9,1,1,90,0,0,90.0,90.0,0,0,1,0,0,0,0,0,0,1,0,0,0,0,0,3,30.0,3.0
4,Ayew,LEI,5.1,1,1,80,0,1,80.0,80.0,0,0,0,1,0,0,0,1,0,1,0,0,0,0,0,1,80.0,1.0
4,Baleba,BHA,4.7,1,1,90,0,0,90.0,90.0,0,0,1,0,0,0,0,0,0,1,0,0,0,0,0,3,30.0,3.0
4,Barkley,AVL,4.8,1,0,45,1,0,45.0,0.0,0,1,0,0,0,0,0,0,0,0,1,1,0,0,0,4,11.3,0.0
4,Barnes,NEW,6.4,1,0,45,1,0,45.0,0.0,1,0,0,0,0,0,0,0,0,0,1,1,0,2,0,8,5.6,0.0
4,Bassey,FUL,4.5,1,1,90,0,0,90.0,90.0,0,0,0,1,0,0,0,0,0,1,0,0,0,0,0,2,45.0,2.0
4,Bednarek,SOU,4.0,1,1,90,0,0,90.0,90.0,0,0,0,3,0,0,0,0,0,1,0,0,0,0,0,1,90.0,1.0
4,Bellegarde,WOL,5.2,1,1,69,0,1,69.0,69.0,0,0,1,0,0,0,0,0,0,1,0,0,0,0,0,3,23.0,3.0
4,Bentancur,TOT,5.3,1,1,67,0,1,67.0,67.0,0,0,0,1,0,0,0,1,0,1,0,0,0,0,0,1,67.0,1.0
4,Berge,FUL,4.9,1,0,29,1,0,29.0,0.0,0,0,0,1,0,0,0,0,0,0,0,0,0,0,0,1,29.0,0.0
4,Billing,BOU,4.9,1,0,22,1,0,22.0,0.0,0,0,0,1,0,0,0,0,0,0,0,0,0,0,0,1,22.0,0.0
4,Bogarde,AVL,4.0,1,1,90,0,0,90.0,90.0,0,0,0,2,0,0,0,0,0,1,0,0,0,0,0,1,90.0,1.0
4,Carlos Borges,WOL,5.4,1,0,13,1,0,13.0,0.0,0,0,0,0,0,0,0,0,0,0,0,0,0,0,0,1,13.0,0.0
4,Bruno Fernandes,MUN,8.9,1,1,90,0,0,90.0,90.0,0,1,1,0,0,0,0,1,0,0,1,1,0,0,0,5,18.0,5.0
4,Bowen,WHU,7.8,1,1,90,0,0,90.0,90.0,0,1,0,1,0,0,0,0,0,0,1,1,0,0,0,5,18.0,5.0
4,Bradley,LIV,5.0,1,0,35,1,0,35.0,0.0,0,0,0,1,0,0,0,0,0,0,0,0,0,0,0,1,35.0,0.0
4,Brereton,SOU,4.8,1,1,63,0,1,63.0,63.0,0,0,0,2,0,0,0,0,0,1,0,0,0,0,0,2,31.5,2.0
4,Buendía,AVL,5.3,1,0,13,1,0,13.0,0.0,0,0,0,0,0,0,0,0,0,0,0,0,0,0,0,1,13.0,0.0
4,Burn,NEW,5.1,1,1,90,0,0,90.0,90.0,0,0,0,1,0,0,0,1,0,1,0,0,0,0,0,1,90.0,1.0
4,Burns,IPS,4.7,1,1,58,0,1,58.0,58.0,0,0,0,0,0,0,0,0,0,1,0,0,0,0,0,1,58.0,1.0
4,Moises Caicedo,CHE,5.9,1,1,90,0,0,90.0,90.0,0,0,1,0,0,0,0,0,0,1,0,0,0,0,0,3,30.0,3.0
4,Cairney,FUL,4.9,1,0,23,1,0,23.0,0.0,0,0,0,1,0,0,0,0,0,0,0,0,0,0,0,1,23.0,0.0
4,Calvert-Lewin,EVE,5.5,1,1,90,0,0,90.0,90.0,1,0,0,3,0,0,0,0,0,0,1,1,0,0,0,6,15.0,6.0
4,Carvalho,BRE,4.9,1,0,22,1,0,22.0,0.0,0,0,0,0,0,0,0,0,0,0,0,0,0,0,0,1,22.0,0.0
4,Chaplin,IPS,5.1,1,0,9,1,0,9.0,0.0,0,0,0,0,0,0,0,0,0,0,0,0,0,0,0,1,9.0,0.0
4,Choudhury,LEI,4.4,1,0,19,1,0,19.0,0.0,0,0,0,1,0,0,0,0,0,0,0,0,0,0,0,1,19.0,0.0
4,Christie,BOU,5.0,1,1,67,0,1,67.0,67.0,0,0,1,0,0,0,0,1,0,1,0,0,0,0,0,2,33.5,2.0
4,Clarke (Jack),IPS,5.4,1,0,35,1,0,35.0,0.0,0,0,0,0,0,0,0,0,0,0,0,0,0,0,0,1,35.0,0.0
4,Clyne,CRY,3.9,1,1,63,0,1,63.0,63.0,0,0,0,2,0,0,0,0,0,1,0,0,0,0,0,1,63.0,1.0
4,Coady,LEI,4.0,1,0,14,1,0,14.0,0.0,0,0,0,1,0,0,0,1,0,0,0,0,0,0,0,0,0.0,0.0
4,Collins,BRE,4.9,1,1,90,0,0,90.0,90.0,0,0,0,2,0,0,0,1,0,1,0,0,0,0,0,0,0.0,0.0
4,Colwill,CHE,4.8,1,1,90,0,0,90.0,90.0,0,0,1,0,0,0,0,1,0,0,0,1,0,0,0,5,18.0,5.0
4,Cook,BOU,4.9,1,1,90,0,0,90.0,90.0,0,0,0,1,0,0,0,1,0,1,0,0,0,0,0,1,90.0,1.0
4,Cornet,SOU,4.9,1,0,34,1,0,34.0,0.0,0,0,0,1,0,0,0,1,0,0,0,0,0,0,0,0,0.0,0.0
4,Coufal,WHU,4.1,1,0,38,1,0,38.0,0.0,0,0,0,0,0,0,0,0,0,0,0,0,0,0,0,1,38.0,0.0
4,Cucurella,CHE,6.1,1,1,90,0,0,90.0,90.0,0,0,1,0,0,0,0,1,0,0,0,1,0,0,0,5,18.0,5.0
4,André,WOL,5.4,1,1,75,0,1,75.0,75.0,0,0,0,1,0,0,0,1,0,1,0,0,0,0,0,1,75.0,1.0
4,Renato Veiga,CHE,4.4,1,1,90,0,0,90.0,90.0,0,0,1,0,0,0,0,1,0,1,0,0,0,0,0,2,45.0,2.0
4,Dalot,MUN,4.4,1,1,90,0,0,90.0,90.0,0,1,1,0,0,0,0,0,0,0,1,2,0,2,1,11,8.2,11.0
4,Damsgaard,BRE,5.8,1,1,83,0,1,83.0,83.0,0,0,0,2,0,0,0,0,0,1,0,0,0,0,0,2,41.5,2.0
4,Davis,IPS,4.2,1,1,90,0,0,90.0,90.0,0,0,1,0,0,0,0,0,0,0,0,1,0,0,0,6,15.0,6.0
4,Dawson,WOL,4.2,1,1,90,0,0,90.0,90.0,0,0,0,2,0,0,0,0,0,1,0,0,0,0,0,1,90.0,1.0
4,De Bruyne,MCI,9.5,1,1,90,0,0,90.0,90.0,0,0,0,1,0,0,0,0,0,1,0,0,0,0,0,2,45.0,2.0
4,Jesus,ARS,6.4,1,0,15,1,0,15.0,0.0,0,0,0,0,0,0,0,0,0,0,0,0,0,0,0,1,15.0,0.0
4,de Ligt,MUN,5.0,1,1,86,0,1,86.0,86.0,1,0,1,0,0,0,0,0,0,0,1,2,0,3,1,15,5.7,15.0
4,Evanilson,BOU,7.0,1,1,67,0,1,67.0,67.0,0,0,1,0,0,0,0,0,0,1,0,0,0,0,0,0,0.0,0.0
4,Delap,IPS,6.2,1,1,58,0,1,58.0,58.0,0,0,0,0,0,0,0,0,0,1,0,0,0,0,0,1,58.0,1.0
4,Díaz,LIV,8.0,1,1,60,0,1,60.0,60.0,0,0,1,0,0,0,0,0,0,1,0,0,0,0,0,3,20.0,3.0
4,Dibling,SOU,5.4,1,1,63,0,1,63.0,63.0,0,0,0,2,0,0,0,0,0,1,0,0,0,0,0,2,31.5,2.0
4,Digne,AVL,4.5,1,1,68,0,1,68.0,68.0,0,1,0,2,0,0,0,0,0,0,1,1,0,0,0,4,17.0,4.0
4,Disasi,AVL,4.2,1,1,61,0,1,61.0,61.0,0,0,1,0,0,0,0,0,0,0,0,1,0,0,0,6,10.2,6.0
4,Doherty,WOL,4.4,1,0,20,1,0,20.0,0.0,0,0,0,1,0,0,0,0,0,0,0,0,0,0,0,1,20.0,0.0
4,Nicolás Domínguez,NFO,5.0,1,1,52,0,1,52.0,52.0,0,0,0,0,0,0,0,0,0,1,0,0,0,0,0,1,52.0,1.0
4,Gabriel Magalhães,ARS,6.5,1,1,90,0,0,90.0,90.0,1,0,1,0,0,0,0,0,0,0,1,2,0,3,1,15,6.0,15.0
4,Doucoure,CRY,4.9,1,1,45,0,1,45.0,45.0,0,0,0,1,0,0,0,0,0,1,0,0,0,0,0,1,45.0,1.0
4,Downes,SOU,4.7,1,1,90,0,0,90.0,90.0,0,0,0,3,0,0,0,0,0,1,0,0,0,0,0,2,45.0,2.0
4,Doyle (Tommy),WOL,4.7,1,0,20,1,0,20.0,0.0,0,0,0,1,0,0,0,0,0,0,0,0,0,0,0,1,20.0,0.0
4,Dunk,BHA,4.5,1,1,90,0,0,90.0,90.0,0,0,1,0,0,0,0,0,0,0,0,1,0,0,0,6,15.0,6.0
4,Durán,AVL,5.7,1,0,27,1,0,27.0,0.0,1,0,0,0,0,0,0,0,0,0,1,1,0,1,0,6,4.5,0.0
4,Elanga,NFO,6.7,1,0,35,1,0,35.0,0.0,0,1,0,0,0,0,0,1,0,0,1,1,0,0,0,3,11.7,0.0
4,Enciso,IPS,5.4,1,0,27,1,0,27.0,0.0,0,0,0,0,0,0,0,0,0,0,0,0,0,0,0,1,27.0,0.0
4,Eriksen,MUN,5.2,1,1,73,0,1,73.0,73.0,0,0,1,0,0,0,0,1,0,1,0,0,0,0,0,2,36.5,2.0
4,Mateus Fernandes,SOU,5.5,1,1,80,0,1,80.0,80.0,0,0,0,2,0,0,0,0,0,1,0,0,0,0,0,2,40.0,2.0
4,Evans (Jonny),MUN,4.4,1,0,20,1,0,20.0,0.0,0,0,0,0,0,0,0,0,0,0,0,0,0,0,0,1,20.0,0.0
4,Eze,CRY,7.6,1,1,90,0,0,90.0,90.0,0,0,0,2,0,0,0,0,0,1,0,0,0,0,0,2,45.0,2.0
4,Faes,LEI,3.8,1,1,90,0,0,90.0,90.0,0,0,0,2,0,0,0,0,0,1,0,0,0,0,0,1,90.0,1.0
4,Fatawu,LEI,5.1,1,0,23,1,0,23.0,0.0,0,0,0,1,0,0,0,0,0,0,0,0,0,0,0,1,23.0,0.0
4,Ferguson,WHU,5.5,1,0,10,1,0,10.0,0.0,0,0,0,0,0,0,0,0,0,0,0,0,0,0,0,1,10.0,0.0
4,Jota Silva,NFO,5.4,1,0,15,1,0,15.0,0.0,0,0,0,0,0,0,0,0,0,0,0,0,0,0,0,1,15.0,0.0
4,Flekken,BRE,4.5,1,1,90,0,0,90.0,90.0,0,0,0,2,0,0,5,0,0,1,0,0,0,0,0,2,45.0,2.0
4,Fofana (Wesley),CHE,4.4,1,1,90,0,0,90.0,90.0,0,0,1,0,0,0,0,1,0,0,0,1,0,2,0,7,12.9,7.0
4,Casemiro,MUN,5.5,1,0,11,1,0,11.0,0.0,0,0,0,0,0,0,0,0,0,0,0,0,0,0,0,1,11.0,0.0
4,Fraser (Ryan),SOU,4.8,1,0,34,1,0,34.0,0.0,0,0,0,1,0,0,0,0,0,0,0,0,0,0,0,1,34.0,0.0
4,Jorginho,ARS,4.6,1,1,90,0,0,90.0,90.0,0,0,1,0,0,0,0,1,0,1,0,0,0,0,0,2,45.0,2.0
4,Gakpo,LIV,7.6,1,0,35,1,0,35.0,0.0,0,0,0,1,0,0,0,0,0,0,0,0,0,0,0,1,35.0,0.0
4,Gonçalo Guedes,WOL,5.5,1,0,13,1,0,13.0,0.0,0,0,0,0,0,0,0,0,0,0,0,0,0,0,0,1,13.0,0.0
4,Garnacho,MUN,6.4,1,0,25,1,0,25.0,0.0,1,0,0,0,0,0,0,0,0,0,1,1,0,0,0,6,4.2,0.0
4,Garner,EVE,5.0,1,0,70,1,0,70.0,0.0,0,0,0,3,0,0,0,0,0,0,0,0,0,0,0,2,35.0,0.0
4,Rúben Dias,MCI,5.5,1,0,10,1,0,10.0,0.0,0,0,0,0,0,0,0,0,0,0,0,0,0,0,0,1,10.0,0.0
4,Gibbs-White,NFO,7.3,1,1,79,0,1,79.0,79.0,0,0,1,0,0,0,0,0,0,1,0,0,0,0,0,3,26.3,3.0
4,Beto,EVE,5.2,1,0,15,1,0,15.0,0.0,0,0,0,0,0,0,0,0,0,0,0,0,0,0,0,1,15.0,0.0
4,João Gomes,WOL,5.4,1,1,90,0,0,90.0,90.0,0,0,0,2,0,0,0,0,0,1,0,0,0,0,0,2,45.0,2.0
4,Gordon (Anthony),NEW,7.5,1,1,90,0,0,90.0,90.0,0,0,0,1,0,0,0,0,0,1,0,0,0,0,0,2,45.0,2.0
4,Gravenberch,LIV,5.6,1,1,90,0,0,90.0,90.0,0,0,0,1,0,0,0,1,0,1,0,0,0,0,0,1,90.0,1.0
4,Grealish,MCI,6.9,1,1,83,0,1,83.0,83.0,0,0,0,1,0,0,0,0,0,1,0,0,0,0,0,2,41.5,2.0
4,Greaves,IPS,3.8,1,1,90,0,0,90.0,90.0,0,0,1,0,0,0,0,0,0,0,0,1,0,0,0,6,15.0,6.0
4,Marc Guehi,CRY,4.9,1,1,90,0,0,90.0,90.0,0,0,0,2,0,0,0,0,0,1,0,0,0,0,0,1,90.0,1.0
4,Gueye,EVE,5.4,1,1,63,0,1,63.0,63.0,0,0,0,2,0,0,0,0,0,1,0,0,0,0,0,2,31.5,2.0
4,Bruno Guimarães,NEW,6.5,1,1,83,0,1,83.0,83.0,0,1,0,1,0,0,0,0,0,0,1,1,0,2,0,7,11.9,7.0
4,Gundogan,MCI,6.3,1,1,90,0,0,90.0,90.0,0,0,0,1,0,0,0,0,0,1,0,0,0,0,0,2,45.0,2.0
4,Gvardiol,MCI,5.9,1,0,45,1,0,45.0,0.0,0,0,0,0,0,0,0,0,0,0,0,0,0,0,0,1,45.0,0.0
4,Haaland,MCI,14.8,1,1,90,0,0,90.0,90.0,2,0,0,1,0,0,0,0,0,0,2,2,0,3,1,13,6.9,13.0
4,Lewis Hall,NEW,5.2,1,1,90,0,0,90.0,90.0,0,0,0,1,0,0,0,0,0,1,0,0,0,0,0,2,45.0,2.0
4,Harrison (Jack),EVE,5.2,1,1,63,0,1,63.0,63.0,0,0,0,2,0,0,0,0,0,1,0,0,0,0,0,2,31.5,2.0
4,Harwood-Bellis,SOU,3.9,1,0,17,1,0,17.0,0.0,0,0,0,1,0,0,0,0,0,0,0,0,0,0,0,1,17.0,0.0
4,Havertz,ARS,7.3,1,1,90,0,0,90.0,90.0,0,0,1,0,0,0,0,0,0,1,0,0,0,0,0,2,45.0,2.0
4,Henderson,CRY,5.0,1,1,90,0,0,90.0,90.0,0,0,0,2,0,0,2,0,0,1,0,0,0,0,0,1,90.0,1.0
4,Hermansen,LEI,4.4,1,1,90,0,0,90.0,90.0,0,0,0,2,0,0,2,0,0,1,0,0,0,0,0,1,90.0,1.0
4,Rodri,MCI,6.3,1,0,45,1,0,45.0,0.0,0,0,0,0,0,0,0,0,0,0,0,0,0,0,0,1,45.0,0.0
4,Hinshelwood,BHA,5.1,1,1,67,0,1,67.0,67.0,0,0,1,0,0,0,0,1,0,1,0,0,0,0,0,2,33.5,2.0
4,Hirst,IPS,5.4,1,0,35,1,0,35.0,0.0,0,0,0,0,0,0,0,0,0,0,0,0,0,0,0,1,35.0,0.0
4,Hudson-Odoi,NFO,5.8,1,0,42,1,0,42.0,0.0,1,0,0,0,0,0,0,0,0,0,1,1,0,1,0,7,6.0,0.0
4,Hughes,CRY,4.8,1,0,45,1,0,45.0,0.0,0,0,0,1,0,0,0,0,0,0,0,0,0,0,0,1,45.0,0.0
4,Hutchinson,IPS,5.4,1,1,84,0,1,84.0,84.0,0,0,1,0,0,0,0,1,0,1,0,0,0,0,0,2,42.0,2.0
4,Hwang Hee-Chan,WOL,5.8,1,0,25,1,0,25.0,0.0,0,0,0,2,0,0,0,0,0,0,0,0,0,0,0,1,25.0,0.0
4,Ings,WHU,4.8,1,0,13,1,0,13.0,0.0,1,0,0,0,0,0,0,0,0,0,1,1,0,3,0,8,1.6,0.0
4,Iroegbunam,EVE,4.9,1,1,79,0,1,79.0,79.0,0,0,0,3,0,0,0,1,0,1,0,0,0,0,0,1,79.0,1.0
4,Isak,NEW,10.4,1,1,45,0,1,45.0,45.0,0,0,0,1,0,0,0,0,0,1,0,0,0,0,0,1,45.0,1.0
4,Iwobi,FUL,6.5,1,1,64,0,1,64.0,64.0,0,0,1,0,0,0,0,0,0,1,0,0,0,0,0,3,21.3,3.0
4,Jackson (Nicolas),CHE,6.5,1,1,79,0,1,79.0,79.0,0,0,1,0,0,0,0,1,0,1,0,0,0,0,0,1,79.0,1.0
4,Janelt,BRE,4.9,1,1,72,0,1,72.0,72.0,0,0,0,2,0,0,0,0,0,1,0,0,0,0,0,2,36.0,2.0
4,Raúl Jiménez,FUL,6.2,1,1,70,0,1,70.0,70.0,1,0,1,0,0,0,0,0,0,0,1,1,0,3,0,9,7.8,9.0
4,Johnson (Brennan),TOT,6.7,1,1,67,0,1,67.0,67.0,0,0,0,1,0,0,0,0,0,1,0,0,0,0,0,2,33.5,2.0
4,Johnstone,WOL,4.5,1,1,90,0,0,90.0,90.0,0,0,0,2,0,0,4,0,0,1,0,0,0,0,0,2,45.0,2.0
4,Jones,LIV,5.4,1,0,21,1,0,21.0,0.0,0,0,0,0,0,0,0,0,0,0,0,0,0,0,0,1,21.0,0.0
4,Justin,LEI,4.0,1,1,90,0,0,90.0,90.0,0,0,0,2,0,0,0,0,0,1,0,0,0,0,0,1,90.0,1.0
4,Kadioglu,BHA,4.4,1,0,27,1,0,27.0,0.0,0,0,0,0,0,0,0,0,0,0,0,0,0,0,0,1,27.0,0.0
4,Kamada,CRY,5.0,1,0,31,1,0,31.0,0.0,0,0,0,0,0,0,0,0,0,0,0,0,0,0,0,1,31.0,0.0
4,Keane,EVE,4.5,1,1,90,0,0,90.0,90.0,0,0,0,3,0,0,0,0,0,1,0,0,0,0,0,1,90.0,1.0
4,Kelly,NEW,4.2,1,0,12,1,0,12.0,0.0,0,0,0,0,0,0,0,0,0,0,0,0,0,0,0,1,12.0,0.0
4,Kerkez,BOU,5.8,1,1,90,0,0,90.0,90.0,0,0,0,1,0,0,0,0,0,1,0,0,0,0,0,2,45.0,2.0
4,Kilman,WHU,4.3,1,1,90,0,0,90.0,90.0,0,0,0,1,0,0,0,0,0,1,0,0,0,0,0,2,45.0,2.0
4,Kluivert,BOU,7.0,1,1,75,0,1,75.0,75.0,0,0,1,0,0,0,0,1,0,1,0,0,0,0,0,2,37.5,2.0
4,Konaté,LIV,5.4,1,1,74,0,1,74.0,74.0,0,0,0,1,0,0,0,0,0,1,0,0,0,0,0,2,37.0,2.0
4,Konsa Ngoyo,AVL,4.4,1,1,90,0,0,90.0,90.0,0,0,0,2,0,0,0,0,0,1,0,0,0,0,0,1,90.0,1.0
4,Kovacic,MCI,5.9,1,1,45,0,1,45.0,45.0,0,0,0,1,0,0,0,1,0,1,0,0,0,0,0,0,0.0,0.0
4,Kristiansen,LEI,4.4,1,1,90,0,0,90.0,90.0,0,0,0,2,0,0,0,0,0,1,0,0,0,0,0,1,90.0,1.0
4,Kudus,WHU,6.8,1,1,90,0,0,90.0,90.0,0,0,0,1,0,0,0,0,0,1,0,0,0,0,0,2,45.0,2.0
4,Kulusevski,TOT,6.4,1,1,90,0,0,90.0,90.0,0,0,0,1,0,0,0,1,0,1,0,0,0,0,0,1,90.0,1.0
4,Lacroix,CRY,5.0,1,1,90,0,0,90.0,90.0,0,0,0,2,0,0,0,0,0,1,0,0,0,0,0,1,90.0,1.0
4,Lallana,SOU,5.0,1,0,34,1,0,34.0,0.0,0,0,0,1,0,0,0,0,0,0,0,0,0,0,0,1,34.0,0.0
4,Lemina (Mario),WOL,4.8,1,1,90,0,0,90.0,90.0,1,0,0,2,0,0,0,0,0,0,1,1,0,3,1,10,9.0,10.0
4,Leno,FUL,5.0,1,1,90,0,0,90.0,90.0,0,0,0,1,0,0,2,0,0,1,0,0,0,0,0,2,45.0,2.0
4,Lewis (Rico),MCI,4.9,1,1,45,0,1,45.0,45.0,0,0,0,1,0,0,0,0,0,1,0,0,0,0,0,1,45.0,1.0
4,Lewis-Potter,BRE,4.9,1,1,90,0,0,90.0,90.0,0,0,0,2,0,0,0,0,0,1,0,0,0,0,0,2,45.0,2.0
4,Lindstrom,EVE,5.0,1,0,15,1,0,15.0,0.0,0,0,0,0,0,0,0,0,0,0,0,0,0,0,0,1,15.0,0.0
4,Livramento,NEW,4.9,1,1,63,0,1,63.0,63.0,0,0,0,1,0,0,0,0,0,1,0,0,0,0,0,2,31.5,2.0
4,Longstaff (Sean),NEW,4.9,1,1,45,0,1,45.0,45.0,0,0,0,1,0,0,0,0,0,1,0,0,0,0,0,1,45.0,1.0
4,Lukic,FUL,5.0,1,1,64,0,1,64.0,64.0,0,0,1,0,0,0,0,1,0,1,0,0,0,0,0,2,32.0,2.0
4,Luongo,IPS,4.3,1,0,10,1,0,10.0,0.0,0,0,0,0,0,0,0,0,0,0,0,0,0,0,0,1,10.0,0.0
4,Maatsen,AVL,4.3,1,0,27,1,0,27.0,0.0,0,0,0,0,0,0,0,0,0,0,0,0,0,0,0,1,27.0,0.0
4,Mac Allister,LIV,6.3,1,1,59,0,1,59.0,59.0,0,0,0,0,0,0,0,0,0,1,0,0,0,0,0,1,59.0,1.0
4,Maddison,TOT,6.9,1,1,79,0,1,79.0,79.0,0,0,0,1,0,0,0,0,0,1,0,0,0,0,0,2,39.5,2.0
4,Madueke,CHE,6.8,1,1,61,0,1,61.0,61.0,0,0,1,0,0,0,0,0,0,1,0,0,0,0,0,3,20.3,3.0
4,Maguire,MUN,4.4,1,0,24,1,0,24.0,0.0,0,0,0,0,0,0,0,1,0,0,0,0,0,0,0,0,0.0,0.0
4,Mainoo,MUN,4.8,1,1,90,0,0,90.0,90.0,0,0,1,0,0,0,0,1,0,1,0,0,0,0,0,2,45.0,2.0
4,Mangala,EVE,5.0,1,0,31,1,0,31.0,0.0,0,0,0,1,0,0,0,0,0,0,0,0,0,0,0,1,31.0,0.0
4,Martinelli,ARS,6.9,1,1,80,0,1,80.0,80.0,0,0,1,0,0,0,0,0,0,1,0,0,0,0,0,3,26.7,3.0
4,Martinez,AVL,5.0,1,1,90,0,0,90.0,90.0,0,0,0,2,0,0,0,1,0,1,0,0,0,0,0,0,0.0,0.0
4,Martínez,MUN,4.8,1,1,76,0,1,76.0,76.0,0,0,1,0,0,0,0,0,0,0,0,1,0,0,0,6,12.7,6.0
4,Mateta,CRY,7.7,1,1,90,0,0,90.0,90.0,2,0,0,2,0,0,0,0,0,0,2,2,0,3,1,13,6.9,13.0
4,Mavididi,LEI,5.0,1,1,70,0,1,70.0,70.0,1,0,0,1,0,0,0,0,0,0,1,1,0,0,0,7,10.0,7.0
4,Mavropanos,WHU,4.4,1,1,90,0,0,90.0,90.0,0,0,0,1,0,0,0,0,0,1,0,0,0,0,0,2,45.0,2.0
4,Mazraoui,MUN,4.9,1,1,73,0,1,73.0,73.0,0,0,1,0,0,0,0,0,0,0,0,1,0,0,0,6,12.2,6.0
4,Mbeumo,BRE,8.2,1,1,90,0,0,90.0,90.0,0,0,0,2,0,0,0,0,0,1,0,0,0,0,0,2,45.0,2.0
4,McGinn,AVL,5.4,1,1,87,0,1,87.0,87.0,0,0,0,2,0,0,0,0,0,1,0,0,0,0,0,2,43.5,2.0
4,McNeil,EVE,5.6,1,1,90,0,0,90.0,90.0,1,1,0,3,0,0,0,0,0,0,2,2,0,2,1,12,7.5,12.0
4,Milenkovic,NFO,5.2,1,1,90,0,0,90.0,90.0,0,0,1,0,0,0,0,0,0,0,0,1,0,0,0,6,15.0,6.0
4,Minteh,BHA,6.0,1,1,67,0,1,67.0,67.0,0,0,1,0,0,0,0,1,0,1,0,0,0,0,0,2,33.5,2.0
4,Mitchell,CRY,5.0,1,1,86,0,1,86.0,86.0,0,1,0,2,0,0,0,0,0,0,1,1,0,0,0,4,21.5,4.0
4,Mitoma,BHA,6.2,1,1,90,0,0,90.0,90.0,0,0,1,0,0,0,0,0,0,1,0,0,0,0,0,3,30.0,3.0
4,Savinho,MCI,6.9,1,1,90,0,1,90.0,90.0,0,0,0,1,0,0,0,1,0,1,0,0,0,0,0,1,90.0,1.0
4,Álex Moreno,NFO,4.0,1,1,79,0,1,79.0,79.0,0,0,1,0,0,0,0,1,0,0,0,1,0,1,0,6,13.2,6.0
4,Morsy,IPS,4.8,1,1,84,0,1,84.0,84.0,0,0,1,0,0,0,0,1,0,1,0,0,0,0,0,2,42.0,2.0
4,Mosquera,WOL,4.4,1,1,90,0,0,90.0,90.0,0,0,0,2,0,0,0,0,0,1,0,0,0,0,0,1,90.0,1.0
4,Rodrigo Muniz,FUL,5.4,1,0,23,1,0,23.0,0.0,0,0,0,1,0,0,0,0,0,0,0,0,0,0,0,1,23.0,0.0
4,Muñoz,CRY,5.7,1,1,78,0,1,78.0,78.0,0,0,0,2,0,0,0,0,0,1,0,0,0,0,0,1,78.0,1.0
4,Muric,IPS,4.4,1,1,90,0,0,90.0,90.0,0,0,1,0,0,0,6,0,0,0,0,1,0,3,1,11,8.2,11.0
4,Murphy (Jacob),NEW,6.1,1,1,90,0,0,90.0,90.0,0,0,0,1,0,0,0,1,0,1,0,0,0,0,0,1,90.0,1.0
4,Mvom Onana,AVL,4.8,1,1,45,0,1,45.0,45.0,0,0,0,2,0,0,0,0,0,1,0,0,0,0,0,1,45.0,1.0
4,Mykolenko,EVE,4.9,1,1,24,0,1,24.0,24.0,0,0,0,0,0,0,0,0,0,1,0,0,0,0,0,1,24.0,1.0
4,Ndiaye,EVE,6.5,1,1,79,0,1,79.0,79.0,0,0,0,3,0,0,0,1,0,1,0,0,0,0,0,1,79.0,1.0
4,Ndidi,LEI,4.9,1,1,75,0,1,75.0,75.0,0,2,0,1,0,0,0,1,0,0,2,2,0,1,0,8,9.4,8.0
4,Nelson (Reiss),FUL,4.8,1,0,29,1,0,29.0,0.0,0,0,0,1,0,0,0,1,0,0,0,0,0,0,0,0,0.0,0.0
4,Neto,CHE,7.0,1,1,45,0,1,45.0,45.0,0,0,0,0,0,0,0,0,0,1,0,0,0,0,0,1,45.0,1.0
4,Eddie Nketiah,CRY,5.4,1,1,90,0,0,90.0,90.0,0,0,0,2,0,0,0,0,0,1,0,0,0,0,0,2,45.0,2.0
4,Nkunku,CHE,5.9,1,0,18,1,0,18.0,0.0,1,0,0,0,0,0,0,0,0,0,1,1,0,1,0,7,2.6,0.0
4,Norgaard,BRE,5.2,1,1,90,0,0,90.0,90.0,0,0,0,2,0,0,0,0,0,1,0,0,0,0,0,2,45.0,2.0
4,Matheus Nunes,MCI,5.3,1,0,1,1,0,1.0,0.0,0,0,0,0,0,0,0,0,0,0,0,0,0,0,0,1,1.0,0.0
4,Núñez,LIV,6.5,1,0,35,1,0,35.0,0.0,0,0,0,1,0,0,0,0,0,0,0,0,0,0,0,1,35.0,0.0
4,Nwaneri,ARS,5.2,1,0,10,1,0,10.0,0.0,0,0,0,0,0,0,0,0,0,0,0,0,0,0,0,1,10.0,0.0
4,O'Brien,EVE,5.0,1,0,31,1,0,31.0,0.0,0,0,0,1,0,0,0,1,0,0,0,0,0,0,0,0,0.0,0.0
4,O'Shea,IPS,3.8,1,1,90,0,0,90.0,90.0,0,0,1,0,0,0,0,0,0,0,0,1,0,1,0,7,12.9,7.0
4,Odobert,TOT,5.3,1,0,27,1,0,27.0,0.0,0,0,0,0,0,0,0,0,0,0,0,0,0,0,0,1,27.0,0.0
4,Ogbene,IPS,4.8,1,0,35,1,0,35.0,0.0,0,0,0,0,0,0,0,0,0,0,0,0,0,0,0,1,35.0,0.0
4,Okoli,LEI,4.0,1,1,90,0,0,90.0,90.0,0,0,0,2,0,0,0,0,0,1,0,0,0,0,0,1,90.0,1.0
4,Onana,MUN,4.9,1,1,90,0,0,90.0,90.0,0,0,1,0,0,1,3,0,0,0,0,2,0,1,1,13,6.9,13.0
4,Palmer (Cole),CHE,10.3,1,1,90,0,0,90.0,90.0,0,0,1,0,0,0,0,0,0,1,0,0,0,0,0,3,30.0,3.0
4,Emerson,WHU,4.4,1,1,55,0,1,55.0,55.0,0,0,0,1,0,0,0,0,0,1,0,0,0,0,0,1,55.0,1.0
4,Partey,ARS,4.9,1,1,90,0,0,90.0,90.0,0,0,1,0,0,0,0,0,0,1,0,0,0,0,0,3,30.0,3.0
4,Pereira,FUL,5.3,1,1,83,0,1,83.0,83.0,0,0,1,0,0,0,0,0,0,1,0,0,0,0,0,3,27.7,3.0
4,Phillips (Kalvin),IPS,4.8,1,1,90,0,0,90.0,90.0,0,0,1,0,0,0,0,1,0,1,0,0,0,0,0,2,45.0,2.0
4,Philogene-Bidace,IPS,5.3,1,0,7,1,0,7.0,0.0,0,0,0,0,0,0,0,0,0,0,0,0,0,0,0,1,7.0,0.0
4,Pickford,EVE,5.5,1,1,90,0,0,90.0,90.0,0,0,0,3,0,0,4,0,0,1,0,0,0,0,0,2,45.0,2.0
4,Pinnock,BRE,4.3,1,1,90,0,0,90.0,90.0,0,0,0,2,0,0,0,0,0,1,0,0,0,0,0,1,90.0,1.0
4,Pope,NEW,5.2,1,1,90,0,0,90.0,90.0,0,0,0,1,0,0,4,0,0,1,0,0,0,0,0,3,30.0,3.0
4,Porro,TOT,5.5,1,1,90,0,0,90.0,90.0,0,0,0,1,0,0,0,0,0,1,0,0,0,0,0,2,45.0,2.0
4,Ramsdale,SOU,4.8,1,1,90,0,0,90.0,90.0,0,0,0,3,0,0,7,0,0,1,0,0,0,0,0,3,30.0,3.0
4,Alisson,LIV,5.4,1,1,90,0,0,90.0,90.0,0,0,0,1,0,0,2,0,0,1,0,0,0,0,0,2,45.0,2.0
4,Ramsey (Jacob),AVL,5.3,1,1,68,0,1,68.0,68.0,0,0,0,2,0,0,0,0,0,1,0,0,0,0,0,2,34.0,2.0
4,Rashford,AVL,7.0,1,1,72,0,1,72.0,72.0,1,0,1,0,0,0,0,0,0,0,1,1,0,0,0,8,9.0,8.0
4,Raya Martin,ARS,5.8,1,1,90,0,0,90.0,90.0,0,0,1,0,0,0,5,0,0,0,0,1,0,2,0,9,10.0,9.0
4,Reed,FUL,4.4,1,0,10,1,0,10.0,0.0,0,0,0,1,0,0,0,0,0,0,0,0,0,0,0,1,10.0,0.0
4,Robertson,LIV,5.8,1,1,74,0,1,74.0,74.0,0,0,0,1,0,0,0,1,0,1,0,0,0,0,0,1,74.0,1.0
4,Robinson (Antonee),FUL,4.9,1,1,90,0,0,90.0,90.0,0,0,0,1,0,0,0,0,0,1,0,0,0,0,0,2,45.0,2.0
4,Morato,NFO,4.4,1,0,15,1,0,15.0,0.0,0,0,0,0,0,0,0,0,0,0,0,0,0,0,0,1,15.0,0.0
4,Rodríguez,WHU,4.8,1,1,68,0,1,68.0,68.0,0,0,0,1,0,0,0,1,0,1,0,0,0,0,0,1,68.0,1.0
4,Roerslev,BRE,4.5,1,0,22,1,0,22.0,0.0,0,0,0,0,0,0,0,0,0,0,0,0,0,0,0,1,22.0,0.0
4,Rogers,AVL,6.8,1,1,90,0,0,90.0,90.0,0,0,0,2,0,0,0,0,0,1,0,0,0,0,0,2,45.0,2.0
4,Romero,TOT,5.0,1,1,90,0,0,90.0,90.0,0,0,0,1,0,0,0,0,0,1,0,0,0,0,0,2,45.0,2.0
4,Rutter,BHA,5.7,1,1,67,0,1,67.0,67.0,0,0,1,0,0,0,0,0,0,1,0,0,0,0,0,3,22.3,3.0
4,Saka,ARS,10.0,1,1,84,0,1,84.0,84.0,0,1,1,0,0,0,0,0,0,0,1,1,0,1,0,7,12.0,7.0
4,Salah,LIV,14.3,1,1,90,0,0,90.0,90.0,0,0,0,1,0,0,0,0,0,1,0,0,0,0,0,2,45.0,2.0
4,Saliba,ARS,6.0,1,1,90,0,0,90.0,90.0,0,0,1,0,0,0,0,1,0,0,0,1,0,0,0,5,18.0,5.0
4,Sanchez,CHE,4.9,1,1,90,0,0,90.0,90.0,0,0,1,0,0,1,7,1,0,0,0,2,0,3,1,15,6.0,15.0
4,Sancho,MUN,5.8,1,0,45,1,0,45.0,0.0,0,1,0,0,0,0,0,1,0,0,1,1,0,0,0,3,15.0,0.0
4,Ederson,MCI,5.3,1,1,90,0,0,90.0,90.0,0,1,0,1,0,0,5,0,0,0,1,1,0,1,0,7,12.9,7.0
4,Murillo,NFO,5.3,1,1,90,0,0,90.0,90.0,0,0,1,0,0,0,0,0,0,0,0,1,0,0,0,6,15.0,6.0
4,Matheus Cunha,WOL,7.9,1,1,90,0,0,90.0,90.0,0,0,0,2,0,0,0,0,0,1,0,0,0,0,0,2,45.0,2.0
4,Ismaila Sarr,CRY,6.6,1,0,15,1,0,15.0,0.0,0,1,0,0,0,0,0,0,0,0,1,1,0,0,0,4,3.8,0.0
4,Sarr (Pape),TOT,4.9,1,0,27,1,0,27.0,0.0,0,0,0,0,0,0,0,0,0,0,0,0,0,0,0,1,27.0,0.0
4,Schade,BRE,7.0,1,0,50,1,0,50.0,0.0,0,0,0,0,0,0,0,0,0,0,0,0,0,0,0,1,50.0,0.0
4,Schär,NEW,5.4,1,1,90,0,0,90.0,90.0,1,0,0,1,0,0,0,0,0,0,1,1,0,0,0,8,11.3,8.0
4,Schlupp,CRY,4.6,1,0,7,1,0,7.0,0.0,0,0,0,0,0,0,0,0,0,0,0,0,0,0,0,1,7.0,0.0
4,Scott,BOU,5.0,1,0,29,1,0,29.0,0.0,0,0,0,1,0,0,0,0,0,0,0,0,0,0,0,1,29.0,0.0
4,Sels,NFO,4.8,1,1,90,0,0,90.0,90.0,0,0,1,0,0,0,5,1,0,0,0,1,0,3,0,9,10.0,9.0
4,Semedo,WOL,4.5,1,1,75,0,1,75.0,75.0,0,0,0,1,0,0,0,1,0,1,0,0,0,0,0,1,75.0,1.0
4,Semenyo,BOU,8.1,1,1,90,0,0,90.0,90.0,0,0,0,1,0,0,0,1,0,1,0,0,0,0,0,1,90.0,1.0
4,Senesi,BOU,5.0,1,1,90,0,0,90.0,90.0,0,0,0,1,0,0,0,1,0,1,0,0,0,0,0,1,90.0,1.0
4,João Félix,CHE,5.9,1,0,36,1,0,36.0,0.0,0,0,0,0,0,0,0,1,0,0,0,0,0,0,0,0,0.0,0.0
4,Sinisterra,BOU,5.0,1,0,29,1,0,29.0,0.0,0,0,0,1,0,0,0,0,0,0,0,0,0,0,0,1,29.0,0.0
4,Skipp,LEI,4.7,1,1,90,0,0,90.0,90.0,0,0,0,2,0,0,0,0,0,1,0,0,0,0,0,2,45.0,2.0
4,Smith,BOU,4.4,1,1,75,0,1,75.0,75.0,0,0,1,0,0,0,0,1,0,0,0,1,0,0,0,5,15.0,5.0
4,Smith-Rowe,FUL,5.7,1,1,70,0,1,70.0,70.0,0,1,1,0,0,0,0,0,0,0,1,1,0,1,0,7,10.0,7.0
4,Solanke,TOT,7.2,1,1,90,0,0,90.0,90.0,0,0,0,1,0,0,0,0,0,1,0,0,0,0,0,2,45.0,2.0
4,Soler (Carlos),WHU,5.0,1,0,25,1,0,25.0,0.0,0,0,0,0,0,0,0,1,0,0,0,0,0,0,0,0,0.0,0.0
4,Son,TOT,8.5,1,1,90,0,0,90.0,90.0,0,0,0,1,0,0,0,0,0,1,0,0,0,0,0,2,45.0,2.0
4,Soucek,WHU,5.7,1,1,45,0,1,45.0,45.0,0,0,0,1,0,0,0,0,0,1,0,0,0,0,0,1,45.0,1.0
4,Stephens,SOU,4.0,1,1,78,0,0,78.0,78.0,0,0,0,2,0,0,0,0,1,1,0,0,0,0,0,0,0.0,0.0
4,Sterling,ARS,6.7,1,0,15,1,0,15.0,0.0,0,0,0,0,0,0,0,0,0,0,0,0,0,0,0,1,15.0,0.0
4,Stewart,SOU,4.4,1,0,35,1,0,35.0,0.0,0,0,0,1,0,0,0,0,0,0,0,0,0,0,0,1,35.0,0.0
4,Stones,MCI,5.5,1,1,83,0,1,83.0,83.0,0,0,0,1,0,0,0,1,0,1,0,0,0,0,0,1,83.0,1.0
4,Strand Larsen,WOL,6.4,1,1,82,0,1,82.0,82.0,0,1,0,2,0,0,0,0,0,0,1,1,0,0,0,5,16.4,5.0
4,Sugawara,SOU,4.2,1,1,90,0,0,90.0,90.0,0,0,0,3,0,0,0,0,0,1,0,0,0,0,0,1,90.0,1.0
4,Summerville,WHU,5.5,1,0,45,1,0,45.0,0.0,0,0,0,0,0,0,0,0,0,0,0,0,0,0,0,1,45.0,0.0
4,Szmodics,IPS,5.7,1,1,58,0,1,58.0,58.0,0,0,0,0,0,0,0,0,0,1,0,0,0,0,0,1,58.0,1.0
4,Szoboszlai,LIV,6.5,1,1,90,0,0,90.0,90.0,0,0,0,1,0,0,0,1,0,1,0,0,0,0,0,1,90.0,1.0
4,Tarkowski,EVE,5.5,1,1,90,0,0,90.0,90.0,0,0,0,3,0,0,0,0,0,1,0,0,0,0,0,1,90.0,1.0
4,Tavernier,BOU,5.5,1,1,82,0,1,82.0,82.0,0,0,1,0,0,0,0,0,0,1,0,0,0,0,0,3,27.3,3.0
4,Diogo Jota,LIV,7.2,1,1,59,0,1,59.0,59.0,0,0,0,0,0,0,0,0,0,1,0,0,0,0,0,1,59.0,1.0
4,Tete,FUL,4.5,1,1,90,0,0,90.0,90.0,0,0,0,1,0,0,0,0,0,1,0,0,0,0,0,2,45.0,2.0
4,Tielemans,AVL,5.9,1,1,90,0,0,90.0,90.0,0,0,0,2,0,0,0,0,0,1,0,0,0,0,0,2,45.0,2.0
4,Jurriën Timber,ARS,6.1,1,1,90,0,0,90.0,90.0,0,0,1,0,0,0,0,1,0,0,0,1,0,0,0,5,18.0,5.0
4,Lucas Paquetá,WHU,5.9,1,0,45,1,0,45.0,0.0,0,0,0,0,0,0,0,0,0,0,0,0,0,0,0,1,45.0,0.0
4,Tonali,NEW,5.4,1,0,45,1,0,45.0,0.0,0,0,0,0,0,0,0,0,0,0,0,0,0,0,0,1,45.0,0.0
4,Torres,AVL,4.3,1,1,90,0,0,90.0,90.0,0,0,0,2,0,0,0,0,0,1,0,0,0,0,0,1,90.0,1.0
4,Traoré (Adama),FUL,5.2,1,1,90,0,0,90.0,90.0,0,0,0,1,0,0,0,0,0,1,0,0,0,0,0,2,45.0,2.0
4,Amad Diallo,MUN,6.3,1,1,90,0,0,90.0,90.0,0,1,1,0,0,0,0,0,0,0,1,1,0,0,0,6,15.0,6.0
4,Travers,BOU,4.4,1,1,90,0,0,90.0,90.0,0,0,0,1,0,0,2,0,0,1,0,0,0,0,0,2,45.0,2.0
4,Trippier,NEW,5.0,1,0,32,1,0,32.0,0.0,0,0,0,0,0,0,0,0,0,0,0,0,0,0,0,1,32.0,0.0
4,Trossard,ARS,6.9,1,1,80,0,1,80.0,80.0,0,0,1,0,0,0,0,0,0,1,0,0,0,0,0,3,26.7,3.0
4,Tsimikas,LIV,4.8,1,0,21,1,0,21.0,0.0,0,0,0,0,0,0,0,0,0,0,0,0,0,0,0,1,21.0,0.0
4,Tuanzebe,IPS,3.9,1,1,90,0,0,90.0,90.0,0,0,1,0,0,0,0,0,0,0,0,1,0,0,0,6,15.0,6.0
4,Destiny Udogie,TOT,4.4,1,1,90,0,0,90.0,90.0,0,0,0,1,0,0,0,1,0,1,0,0,0,0,0,1,90.0,1.0
4,Ugarte,MUN,4.8,1,0,24,1,0,24.0,0.0,0,0,0,0,0,0,0,0,0,0,0,0,0,0,0,1,24.0,0.0
4,Ugochukwu,SOU,5.0,1,1,63,0,1,63.0,63.0,0,0,0,2,0,0,0,0,0,1,0,0,0,0,0,2,31.5,2.0
4,Unal,BOU,5.4,1,0,14,1,0,14.0,0.0,0,0,0,1,0,0,0,0,0,0,0,0,0,0,0,1,14.0,0.0
4,van de Ven,TOT,4.7,1,1,90,0,0,90.0,90.0,0,0,0,1,0,0,0,1,0,1,0,0,0,0,0,1,90.0,1.0
4,van den Berg,BRE,4.5,1,1,90,0,0,90.0,90.0,0,0,0,2,0,0,0,0,0,1,0,0,0,0,0,1,90.0,1.0
4,van Dijk,LIV,6.0,1,1,90,0,0,90.0,90.0,0,0,0,1,0,0,0,0,0,1,0,0,0,0,0,2,45.0,2.0
4,van Hecke,BHA,4.4,1,1,90,0,0,90.0,90.0,0,0,1,0,0,0,0,0,0,0,0,1,0,0,0,6,15.0,6.0
4,Vardy,LEI,5.4,1,1,90,0,0,90.0,90.0,1,0,0,2,0,0,0,0,0,0,1,1,0,2,0,8,11.3,8.0
4,Bernardo Silva,MCI,6.3,1,0,10,1,0,10.0,0.0,0,0,0,0,0,0,0,0,0,0,0,0,0,0,0,1,10.0,0.0
4,Veltman,BHA,4.4,1,1,90,0,0,90.0,90.0,0,0,1,0,0,0,0,1,0,0,0,1,0,2,0,7,12.9,7.0
4,Verbruggen,BHA,4.4,1,1,90,0,0,90.0,90.0,0,0,1,0,0,0,1,1,0,0,0,1,0,0,0,5,18.0,5.0
4,Vicario,TOT,5.1,1,1,90,0,0,90.0,90.0,0,0,0,1,0,0,3,1,0,1,0,0,0,0,0,2,45.0,2.0
4,Walker,MCI,4.4,1,1,90,0,0,90.0,90.0,0,0,0,1,0,0,0,0,0,1,0,0,0,0,0,2,45.0,2.0
4,Walker-Peters,SOU,4.4,1,1,90,0,0,90.0,90.0,0,0,0,3,0,0,0,0,0,1,0,0,0,0,0,1,90.0,1.0
4,Wan-Bissaka,WHU,4.3,1,1,90,0,0,90.0,90.0,0,0,0,1,0,0,0,0,0,1,0,0,0,0,0,2,45.0,2.0
4,Ward-Prowse,WHU,5.7,1,1,90,0,0,90.0,90.0,0,0,1,0,0,0,0,0,0,1,0,0,0,0,0,3,30.0,3.0
4,Watkins,AVL,8.5,1,1,82,0,1,82.0,82.0,2,0,0,2,0,0,0,0,0,0,2,2,0,3,1,13,6.3,13.0
4,Welbeck,BHA,6.4,1,1,84,0,1,84.0,84.0,0,0,1,0,0,0,0,0,0,1,0,0,0,0,0,2,42.0,2.0
4,Werner,TOT,6.2,1,0,15,1,0,15.0,0.0,0,0,0,0,0,0,0,0,0,0,0,0,0,0,0,1,15.0,0.0
4,Wharton,CRY,5.0,1,1,90,0,0,90.0,90.0,0,0,0,2,0,0,0,0,0,1,0,0,0,0,0,2,45.0,2.0
4,White (Ben),ARS,5.4,1,1,90,0,0,90.0,90.0,0,0,1,0,0,0,0,0,0,0,0,1,0,0,0,6,15.0,6.0
4,Williams (Neco),NFO,4.7,1,0,16,1,0,16.0,0.0,0,0,0,0,0,0,0,0,0,0,0,0,0,0,0,1,16.0,0.0
4,Willock,NEW,5.0,1,0,45,1,0,45.0,0.0,0,1,0,0,0,0,0,0,0,0,1,1,0,0,0,4,11.3,0.0
4,Winks,LEI,4.3,1,1,90,0,0,90.0,90.0,0,0,0,2,0,0,0,0,0,1,0,0,0,0,0,2,45.0,2.0
4,Wissa,BRE,7.4,1,1,41,0,1,41.0,41.0,1,0,0,2,0,0,0,0,0,0,1,1,0,2,0,7,5.9,7.0
4,Wood (Chris),NFO,7.2,1,1,79,0,1,79.0,79.0,0,0,1,0,0,0,0,0,0,1,0,0,0,0,0,2,39.5,2.0
4,Yarmolyuk,BRE,5.0,1,0,10,1,0,10.0,0.0,0,0,0,0,0,0,0,0,0,0,0,0,0,0,0,1,10.0,0.0
4,Yates,NFO,4.8,1,1,90,0,0,90.0,90.0,0,0,1,0,0,0,0,1,0,1,0,0,0,0,0,2,45.0,2.0
4,Young (Ashley),EVE,4.2,1,1,90,0,0,90.0,90.0,0,0,0,3,0,0,0,1,0,1,0,0,0,0,0,0,0.0,0.0
4,Zabarnyi,BOU,5.0,1,1,90,0,0,90.0,90.0,0,0,0,1,0,0,0,0,0,1,0,0,0,0,0,2,45.0,2.0
4,Zirkzee,MUN,5.8,1,1,90,0,0,90.0,90.0,0,0,1,0,0,0,0,0,0,1,0,0,0,0,0,2,45.0,2.0
5,Tosin,CHE,4.4,1,1,90,0,0,90.0,90.0,0,0,1,0,0,0,0,0,0,0,0,1,0,0,0,6,15.0,6.0
5,Adingra,BHA,5.1,1,1,62,0,1,62.0,62.0,0,0,0,1,0,0,0,0,0,1,0,0,0,0,0,2,31.0,2.0
5,Aina,NFO,4.7,1,1,90,0,0,90.0,90.0,0,0,0,2,0,0,0,1,0,1,0,0,0,0,0,0,0.0,0.0
5,Ait Nouri,WOL,5.8,1,1,90,0,0,90.0,90.0,0,0,0,3,0,0,0,1,0,1,0,0,0,0,0,0,0.0,0.0
5,Ajer,BRE,4.4,1,1,79,0,1,79.0,79.0,0,0,0,2,0,0,0,1,0,1,0,0,0,0,0,0,0.0,0.0
5,Akanji,MCI,5.4,1,1,90,0,0,90.0,90.0,0,0,0,2,0,0,0,0,0,1,0,0,0,0,0,1,90.0,1.0
5,Alexander-Arnold,LIV,7.2,1,1,90,0,0,90.0,90.0,0,1,1,0,0,0,0,0,0,0,1,2,0,2,1,11,8.2,11.0
5,Álvarez (Edson),WHU,4.9,1,1,53,0,1,53.0,53.0,0,0,0,3,0,0,0,1,0,1,0,0,0,0,0,0,0.0,0.0
5,Andersen,FUL,4.5,1,1,90,0,0,90.0,90.0,0,0,0,1,0,0,0,0,0,1,0,0,0,0,0,2,45.0,2.0
5,Anderson,NFO,5.3,1,1,59,0,1,59.0,59.0,0,0,0,2,0,0,0,0,0,1,0,0,0,0,0,1,59.0,1.0
5,Antonio,WHU,5.2,1,0,41,1,0,41.0,0.0,0,0,0,0,0,0,0,1,0,0,0,0,0,0,0,0,0.0,0.0
5,Joelinton,NEW,5.9,1,1,74,0,1,74.0,74.0,0,0,0,2,0,0,0,0,0,1,0,0,0,0,0,2,37.0,2.0
5,Araujo,BOU,3.9,1,1,67,0,1,67.0,67.0,0,0,0,3,0,0,0,0,0,1,0,0,0,0,0,1,67.0,1.0
5,Archer,SOU,4.8,1,1,59,0,1,59.0,59.0,0,0,0,0,0,0,0,0,0,1,0,0,0,0,0,1,59.0,1.0
5,Areola,WHU,4.3,1,1,90,0,0,90.0,90.0,0,0,0,3,0,0,2,0,0,1,0,0,0,0,0,1,90.0,1.0
5,Aribo,SOU,4.9,1,0,8,1,0,8.0,0.0,0,0,0,1,0,0,0,0,0,0,0,0,0,0,0,1,8.0,0.0
5,Armstrong (Adam),SOU,5.1,1,0,17,1,0,17.0,0.0,0,0,0,1,0,0,0,0,0,0,0,0,0,0,0,1,17.0,0.0
5,Kepa,BOU,4.2,1,1,90,0,0,90.0,90.0,0,0,0,3,0,0,9,0,0,0,0,0,0,0,0,4,22.5,4.0
5,Ayew,LEI,5.1,1,1,90,0,0,90.0,90.0,0,0,0,1,0,0,0,0,0,1,0,0,0,0,0,2,45.0,2.0
5,Bailey,AVL,5.5,1,0,45,1,0,45.0,0.0,0,0,0,0,0,0,0,0,0,0,0,0,0,0,0,1,45.0,0.0
5,Baleba,BHA,4.7,1,1,62,0,1,62.0,62.0,0,0,0,1,0,0,0,1,0,1,0,0,0,0,0,1,62.0,1.0
5,Barkley,AVL,4.8,1,0,34,1,0,34.0,0.0,0,0,0,0,0,0,0,1,0,0,0,0,0,0,0,0,0.0,0.0
5,Barnes,NEW,6.4,1,1,90,0,0,90.0,90.0,1,0,0,3,0,0,0,0,0,0,1,1,0,3,1,10,9.0,10.0
5,Bassey,FUL,4.5,1,1,90,0,0,90.0,90.0,0,0,0,1,0,0,0,0,0,1,0,0,0,0,0,2,45.0,2.0
5,Bednarek,SOU,4.0,1,1,90,0,0,90.0,90.0,0,0,0,1,0,0,0,0,0,1,0,0,0,0,0,2,45.0,2.0
5,Bellegarde,WOL,5.2,1,1,68,0,1,68.0,68.0,0,0,1,0,0,0,0,0,0,1,0,0,0,0,0,3,22.7,3.0
5,Bentancur,TOT,5.3,1,1,63,0,1,63.0,63.0,0,0,0,1,0,0,0,0,0,1,0,0,0,0,0,2,31.5,2.0
5,Berge,FUL,4.9,1,0,45,1,0,45.0,0.0,0,0,0,1,0,0,0,0,0,0,0,0,0,0,0,1,45.0,0.0
5,Bergvall,TOT,5.4,1,0,7,1,0,7.0,0.0,0,0,0,0,0,0,0,0,0,0,0,0,0,0,0,1,7.0,0.0
5,Bissouma,TOT,5.2,1,0,32,1,0,32.0,0.0,0,0,0,0,0,0,0,1,0,0,0,0,0,0,0,0,0.0,0.0
5,Bruno Fernandes,MUN,8.9,1,1,90,0,0,90.0,90.0,0,0,1,0,0,0,0,0,0,1,0,0,0,0,0,3,30.0,3.0
5,Bowen,WHU,7.8,1,1,90,0,0,90.0,90.0,0,0,0,3,0,0,0,0,0,1,0,0,0,0,0,2,45.0,2.0
5,Brereton,SOU,4.8,1,0,38,1,0,38.0,0.0,0,0,0,1,0,0,0,0,0,0,0,0,0,0,0,1,38.0,0.0
5,Buendía,AVL,5.3,1,0,5,1,0,5.0,0.0,0,0,0,0,0,0,0,0,0,0,0,0,0,0,0,1,5.0,0.0
5,Bueno (Santiago),WOL,4.4,1,0,22,1,0,22.0,0.0,0,0,0,2,0,0,0,0,0,0,0,0,0,0,0,0,0.0,0.0
5,Buonanotte,LEI,4.8,1,0,39,1,0,39.0,0.0,0,0,0,0,0,0,0,1,0,0,0,0,0,0,0,0,0.0,0.0
5,Burn,NEW,5.1,1,1,90,0,0,90.0,90.0,0,0,0,3,0,0,0,0,0,1,0,0,0,0,0,1,90.0,1.0
5,Burns,IPS,4.7,1,1,73,0,1,73.0,73.0,0,0,0,1,0,0,0,0,0,1,0,0,0,0,0,2,36.5,2.0
5,Moises Caicedo,CHE,5.9,1,1,90,0,0,90.0,90.0,0,1,1,0,0,0,0,0,0,0,1,1,0,0,0,6,15.0,6.0
5,Cajuste,IPS,4.5,1,1,61,0,1,61.0,61.0,0,0,0,1,0,0,0,0,0,1,0,0,0,0,0,2,30.5,2.0
5,Calafiori,ARS,5.8,1,1,72,0,1,72.0,72.0,1,0,0,1,0,0,0,0,0,0,1,1,0,1,0,9,8.0,9.0
5,Calvert-Lewin,EVE,5.5,1,1,90,0,0,90.0,90.0,0,0,0,1,0,0,0,0,0,1,0,0,0,0,0,2,45.0,2.0
5,Carvalho,BRE,4.9,1,1,87,0,1,87.0,87.0,0,0,0,3,0,0,0,0,0,1,0,0,0,0,0,2,43.5,2.0
5,Chaplin,IPS,5.1,1,0,23,1,0,23.0,0.0,0,0,0,0,0,0,0,0,0,0,0,0,0,0,0,1,23.0,0.0
5,Chiesa,LIV,6.4,1,0,23,1,0,23.0,0.0,0,0,0,0,0,0,0,0,0,0,0,0,0,0,0,1,23.0,0.0
5,Christie,BOU,5.0,1,1,67,0,1,67.0,67.0,0,0,0,3,0,0,0,1,0,1,0,0,0,0,0,1,67.0,1.0
5,Clarke (Jack),IPS,5.4,1,0,36,1,0,36.0,0.0,0,0,0,0,0,0,0,0,0,0,0,0,0,0,0,1,36.0,0.0
5,Collins,BRE,4.9,1,1,90,0,0,90.0,90.0,0,0,0,3,0,0,0,0,0,1,0,0,0,0,0,1,90.0,1.0
5,Colwill,CHE,4.8,1,1,90,0,0,90.0,90.0,0,0,1,0,0,0,0,0,0,0,0,1,0,1,0,7,12.9,7.0
5,Cook,BOU,4.9,1,1,90,0,0,90.0,90.0,0,0,0,3,0,0,0,1,0,1,0,0,0,0,0,1,90.0,1.0
5,Cresswell,WHU,3.9,1,0,22,1,0,22.0,0.0,0,0,0,0,0,0,0,0,0,0,0,0,0,0,0,1,22.0,0.0
5,Cucurella,CHE,6.1,1,1,90,0,0,90.0,90.0,0,0,1,0,0,0,0,1,0,0,0,1,0,0,0,5,18.0,5.0
5,André,WOL,5.4,1,1,90,0,0,90.0,90.0,0,0,0,3,0,0,0,0,0,1,0,0,0,0,0,2,45.0,2.0
5,Dalot,MUN,4.4,1,1,90,0,0,90.0,90.0,0,0,1,0,0,0,0,0,0,0,0,1,0,3,0,9,10.0,9.0
5,Damsgaard,BRE,5.8,1,1,78,0,1,78.0,78.0,0,0,0,2,0,0,0,0,0,1,0,0,0,0,0,2,39.0,2.0
5,Davis,IPS,4.2,1,1,90,0,0,90.0,90.0,0,0,0,1,0,0,0,0,0,1,0,0,0,0,0,2,45.0,2.0
5,Dawson,WOL,4.2,1,1,90,0,0,90.0,90.0,0,0,0,3,0,0,0,0,0,1,0,0,0,0,0,1,90.0,1.0
5,Jesus,ARS,6.4,1,0,11,1,0,11.0,0.0,0,0,0,1,0,0,0,1,0,0,0,0,0,0,0,0,0.0,0.0
5,de Ligt,MUN,5.0,1,1,90,0,0,90.0,90.0,0,0,1,0,0,0,0,0,0,0,0,1,0,0,0,6,15.0,6.0
5,Evanilson,BOU,7.0,1,1,73,0,1,73.0,73.0,0,0,0,3,0,0,0,0,0,1,0,0,0,0,0,2,36.5,2.0
5,Delap,IPS,6.2,1,1,73,0,1,73.0,73.0,0,0,0,1,0,0,0,1,0,1,0,0,0,0,0,1,73.0,1.0
5,Dewsbury-Hall,CHE,4.9,1,0,11,1,0,11.0,0.0,0,0,0,0,0,0,0,0,0,0,0,0,0,0,0,1,11.0,0.0
5,Díaz,LIV,8.0,1,1,70,0,1,70.0,70.0,2,0,1,0,0,0,0,0,0,0,2,2,0,3,1,16,4.4,16.0
5,Dibling,SOU,5.4,1,1,80,0,1,80.0,80.0,1,0,1,0,0,0,0,0,0,0,1,1,0,3,1,11,7.3,11.0
5,Digne,AVL,4.5,1,1,45,0,1,45.0,45.0,0,0,0,1,0,0,0,0,0,1,0,0,0,0,0,1,45.0,1.0
5,Diop,FUL,4.4,1,0,13,1,0,13.0,0.0,0,0,0,0,0,0,0,0,0,0,0,0,0,0,0,1,13.0,0.0
5,Disasi,AVL,4.2,1,0,38,1,0,38.0,0.0,0,0,0,0,0,0,0,0,0,0,0,0,0,0,0,1,38.0,0.0
5,Doku,MCI,6.5,1,1,68,0,1,68.0,68.0,0,0,0,2,0,0,0,0,0,1,0,0,0,0,0,2,34.0,2.0
5,Gabriel Magalhães,ARS,6.5,1,1,90,0,0,90.0,90.0,1,0,0,2,0,0,0,0,0,0,1,1,0,0,0,7,12.9,7.0
5,Doucouré,EVE,5.1,1,1,90,0,0,90.0,90.0,0,0,0,1,0,0,0,0,0,1,0,0,0,0,0,2,45.0,2.0
5,Downes,SOU,4.7,1,1,90,0,0,90.0,90.0,0,0,0,1,0,0,0,1,0,1,0,0,0,0,0,1,90.0,1.0
5,Doyle (Tommy),WOL,4.7,1,0,21,1,0,21.0,0.0,0,0,0,2,0,0,0,0,0,0,0,0,0,0,0,1,21.0,0.0
5,Dunk,BHA,4.5,1,1,90,0,0,90.0,90.0,0,0,0,2,0,0,0,1,0,1,0,0,0,0,0,0,0.0,0.0
5,Durán,AVL,5.7,1,0,34,1,0,34.0,0.0,1,0,0,0,0,0,0,0,0,0,1,1,0,0,0,5,6.8,0.0
5,Edouard,LEI,5.0,1,0,12,1,0,12.0,0.0,0,0,0,0,0,0,0,0,0,0,0,0,0,0,0,1,12.0,0.0
5,El Khannouss,LEI,4.8,1,1,56,0,1,56.0,56.0,0,0,0,1,0,0,0,0,0,1,0,0,0,0,0,1,56.0,1.0
5,Elanga,NFO,6.7,1,1,45,0,1,45.0,45.0,0,0,0,2,0,0,0,0,0,1,0,0,0,0,0,1,45.0,1.0
5,Eriksen,MUN,5.2,1,1,76,0,1,76.0,76.0,0,0,1,0,0,0,0,0,0,1,0,0,0,0,0,3,25.3,3.0
5,Mateus Fernandes,SOU,5.5,1,1,89,0,1,89.0,89.0,0,0,1,0,0,0,0,0,0,1,0,0,0,0,0,3,29.7,3.0
5,Estupiñán,BHA,4.5,1,1,81,0,1,81.0,81.0,0,0,0,2,0,0,0,0,0,1,0,0,0,0,0,1,81.0,1.0
5,Eze,CRY,7.6,1,1,90,0,1,90.0,90.0,0,0,1,0,0,0,0,0,0,1,0,0,0,0,0,3,30.0,3.0
5,Faes,LEI,3.8,1,1,90,0,0,90.0,90.0,0,0,0,1,0,0,0,0,0,1,0,0,0,0,0,2,45.0,2.0
5,Fatawu,LEI,5.1,1,0,4,1,0,4.0,0.0,0,0,0,0,0,0,0,0,0,0,0,0,0,0,0,1,4.0,0.0
5,Ferguson,WHU,5.5,1,0,13,1,0,13.0,0.0,0,0,0,0,0,0,0,0,0,0,0,0,0,0,0,1,13.0,0.0
5,Fernández,CHE,6.7,1,1,83,0,1,83.0,83.0,0,0,1,0,0,0,0,0,0,1,0,0,0,0,0,3,27.7,3.0
5,Jota Silva,NFO,5.4,1,0,45,1,0,45.0,0.0,0,1,0,0,0,0,0,1,0,0,1,1,0,0,0,3,15.0,0.0
5,Flekken,BRE,4.5,1,1,90,0,0,90.0,90.0,0,0,0,3,0,0,6,0,0,1,0,0,0,0,0,3,30.0,3.0
5,Foden,MCI,8.0,1,0,28,1,0,28.0,0.0,0,0,0,0,0,0,0,0,0,0,0,0,0,0,0,1,28.0,0.0
5,Fofana (Wesley),CHE,4.4,1,1,56,0,1,56.0,56.0,0,0,0,0,0,0,0,1,0,1,0,0,0,0,0,0,0.0,0.0
5,Fraser (Ryan),SOU,4.8,1,1,59,0,1,59.0,59.0,0,0,0,0,0,0,0,0,0,1,0,0,0,0,0,1,59.0,1.0
5,Gakpo,LIV,7.6,1,0,22,1,0,22.0,0.0,0,0,0,0,0,0,0,0,0,0,0,0,0,0,0,1,22.0,0.0
5,Gonçalo Guedes,WOL,5.5,1,0,31,1,0,31.0,0.0,0,0,0,3,0,0,0,0,0,0,0,0,0,0,0,1,31.0,0.0
5,Garnacho,MUN,6.4,1,1,90,0,0,90.0,90.0,0,0,1,0,0,0,0,1,0,1,0,0,0,0,0,2,45.0,2.0
5,Garner,EVE,5.0,1,1,90,0,0,90.0,90.0,0,0,0,1,0,0,0,1,0,1,0,0,0,0,0,1,90.0,1.0
5,Rúben Dias,MCI,5.5,1,1,90,0,0,90.0,90.0,0,0,0,2,0,0,0,1,0,1,0,0,0,0,0,0,0.0,0.0
5,Gibbs-White,NFO,7.3,1,1,82,0,0,82.0,82.0,0,0,0,2,0,0,0,0,1,1,0,0,0,0,0,0,0.0,0.0
5,Rodrigo Gomes,WOL,4.5,1,0,25,1,0,25.0,0.0,0,0,0,3,0,0,0,0,0,0,0,0,0,0,0,1,25.0,0.0
5,João Gomes,WOL,5.4,1,1,72,0,1,72.0,72.0,0,0,0,1,0,0,0,1,0,1,0,0,0,0,0,1,72.0,1.0
5,Gordon (Anthony),NEW,7.5,1,1,82,0,1,82.0,82.0,0,0,0,2,0,0,0,0,0,1,0,0,0,0,0,2,41.0,2.0
5,Gravenberch,LIV,5.6,1,1,90,0,0,90.0,90.0,0,0,1,0,0,0,0,0,0,1,0,0,0,0,0,3,30.0,3.0
5,Gray (Archie),TOT,4.8,1,0,7,1,0,7.0,0.0,0,0,0,0,0,0,0,0,0,0,0,0,0,0,0,1,7.0,0.0
5,Grealish,MCI,6.9,1,0,20,1,0,20.0,0.0,0,0,0,0,0,0,0,0,0,0,0,0,0,0,0,1,20.0,0.0
5,Greaves,IPS,3.8,1,1,90,0,0,90.0,90.0,0,0,0,1,0,0,0,0,0,1,0,0,0,0,0,2,45.0,2.0
5,Marc Guehi,CRY,4.9,1,1,90,0,0,90.0,90.0,0,0,1,0,0,0,0,0,0,0,0,1,0,0,0,6,15.0,6.0
5,Bruno Guimarães,NEW,6.5,1,1,90,0,0,90.0,90.0,0,0,0,3,0,0,0,0,0,1,0,0,0,0,0,2,45.0,2.0
5,Gundogan,MCI,6.3,1,1,90,0,0,90.0,90.0,0,0,0,2,0,0,0,0,0,1,0,0,0,0,0,2,45.0,2.0
5,Gvardiol,MCI,5.9,1,1,90,0,0,90.0,90.0,0,0,0,2,0,0,0,0,0,1,0,0,0,0,0,1,90.0,1.0
5,Haaland,MCI,14.8,1,1,90,0,0,90.0,90.0,1,0,0,2,0,0,0,0,0,0,1,1,0,3,0,9,10.0,9.0
5,Lewis Hall,NEW,5.2,1,0,45,1,0,45.0,0.0,0,0,0,1,0,0,0,0,0,0,0,0,0,0,0,1,45.0,0.0
5,Harrison (Jack),EVE,5.2,1,0,33,1,0,33.0,0.0,0,0,0,1,0,0,0,0,0,0,0,0,0,0,0,1,33.0,0.0
5,Harwood-Bellis,SOU,3.9,1,1,90,0,0,90.0,90.0,0,0,0,1,0,0,0,0,0,1,0,0,0,0,0,2,45.0,2.0
5,Havertz,ARS,7.3,1,1,90,0,0,90.0,90.0,0,0,0,2,0,0,0,0,0,1,0,0,0,0,0,2,45.0,2.0
5,Henderson,CRY,5.0,1,1,90,0,0,90.0,90.0,0,0,1,0,0,0,7,1,0,0,0,1,0,2,0,9,10.0,9.0
5,Hermansen,LEI,4.4,1,1,90,0,0,90.0,90.0,0,0,0,1,0,0,4,0,0,1,0,0,0,0,0,3,30.0,3.0
5,Rodri,MCI,6.3,1,1,15,0,1,15.0,15.0,0,0,0,0,0,0,0,0,0,1,0,0,0,0,0,1,15.0,1.0
5,Hinshelwood,BHA,5.1,1,1,90,0,0,90.0,90.0,1,0,0,2,0,0,0,0,0,0,1,1,0,3,1,10,9.0,10.0
5,Hirst,IPS,5.4,1,0,24,1,0,24.0,0.0,0,0,0,0,0,0,0,0,0,0,0,0,0,0,0,1,24.0,0.0
5,Hudson-Odoi,NFO,5.8,1,1,90,0,0,90.0,90.0,0,1,0,2,0,0,0,1,0,0,1,1,0,0,0,4,22.5,4.0
5,Hughes,CRY,4.8,1,0,29,1,0,29.0,0.0,0,0,0,0,0,0,0,1,0,0,0,0,0,0,0,0,0.0,0.0
5,Huijsen,BOU,4.5,1,1,90,0,0,90.0,90.0,0,0,0,3,0,0,0,1,0,1,0,0,0,0,0,0,0.0,0.0
5,Hutchinson,IPS,5.4,1,1,90,0,0,90.0,90.0,0,0,0,1,0,0,0,1,0,1,0,0,0,0,0,1,90.0,1.0
5,Højlund,MUN,6.3,1,0,19,1,0,19.0,0.0,0,0,0,0,0,0,0,0,0,0,0,0,0,0,0,1,19.0,0.0
5,Iroegbunam,EVE,4.9,1,0,14,1,0,14.0,0.0,0,0,0,0,0,0,0,0,0,0,0,0,0,0,0,1,14.0,0.0
5,Irving,WHU,4.4,1,0,22,1,0,22.0,0.0,0,0,0,0,0,0,0,0,0,0,0,0,0,0,0,1,22.0,0.0
5,Isak,NEW,10.4,1,1,90,0,0,90.0,90.0,0,0,0,3,0,0,0,0,0,1,0,0,0,0,0,2,45.0,2.0
5,Iwobi,FUL,6.5,1,1,90,0,0,90.0,90.0,0,1,0,1,0,0,0,0,0,0,1,1,0,2,0,7,12.9,7.0
5,Jackson (Nicolas),CHE,6.5,1,1,63,0,1,63.0,63.0,2,1,1,0,0,0,0,0,0,0,3,3,0,3,1,16,3.9,16.0
5,Janelt,BRE,4.9,1,1,90,0,0,90.0,90.0,0,0,0,3,0,0,0,0,0,1,0,0,0,0,0,2,45.0,2.0
5,Raúl Jiménez,FUL,6.2,1,1,74,0,1,74.0,74.0,1,0,0,1,0,0,0,0,0,0,1,1,0,0,0,6,12.3,6.0
5,Johnson (Ben),IPS,3.8,1,0,16,1,0,16.0,0.0,0,0,0,0,0,0,0,0,0,0,0,0,0,0,0,1,16.0,0.0
5,Johnson (Brennan),TOT,6.7,1,1,69,0,1,69.0,69.0,1,0,0,1,0,0,0,0,0,0,1,1,0,0,0,7,9.9,7.0
5,Johnstone,WOL,4.5,1,1,90,0,0,90.0,90.0,0,0,0,3,0,0,0,0,0,1,0,0,0,0,0,1,90.0,1.0
5,Jones,LIV,5.4,1,0,33,1,0,33.0,0.0,0,0,0,0,0,0,0,0,0,0,0,0,0,0,0,1,33.0,0.0
5,João Pedro,BHA,7.4,1,0,24,1,0,24.0,0.0,0,0,0,0,0,0,0,0,0,0,0,0,0,0,0,1,24.0,0.0
5,Justin,LEI,4.0,1,1,90,0,0,90.0,90.0,0,0,0,1,0,0,0,0,0,1,0,0,0,0,0,2,45.0,2.0
5,Kamada,CRY,5.0,1,1,90,0,0,90.0,90.0,0,0,1,0,0,0,0,0,0,1,0,0,0,0,0,3,30.0,3.0
5,Keane,EVE,4.5,1,1,90,0,0,90.0,90.0,0,0,0,1,0,0,0,1,0,1,0,0,0,0,0,1,90.0,1.0
5,Kelleher,LIV,4.5,1,1,90,0,0,90.0,90.0,0,0,1,0,0,0,7,0,0,0,0,1,0,1,0,9,10.0,9.0
5,Kelly,NEW,4.2,1,1,45,0,1,45.0,45.0,0,0,0,2,0,0,0,0,0,1,0,0,0,0,0,0,0.0,0.0
5,Kerkez,BOU,5.8,1,1,90,0,0,90.0,90.0,0,0,0,3,0,0,0,0,0,1,0,0,0,0,0,1,90.0,1.0
5,Kilman,WHU,4.3,1,1,90,0,0,90.0,90.0,0,0,0,3,0,0,0,1,0,1,0,0,0,0,0,0,0.0,0.0
5,Kiwior,ARS,5.4,1,0,25,1,0,25.0,0.0,0,0,0,1,0,0,0,0,0,0,0,0,0,0,0,1,25.0,0.0
5,Kluivert,BOU,7.0,1,1,45,0,1,45.0,45.0,0,0,0,3,0,0,0,1,0,1,0,0,0,0,0,0,0.0,0.0
5,Konak,BRE,4.4,1,0,17,1,0,17.0,0.0,0,0,0,1,0,0,0,0,0,0,0,0,0,0,0,1,17.0,0.0
5,Konaté,LIV,5.4,1,1,90,0,0,90.0,90.0,0,1,1,0,0,0,0,1,0,0,1,2,0,0,0,8,11.3,8.0
5,Konsa Ngoyo,AVL,4.4,1,1,90,0,0,90.0,90.0,1,0,0,1,0,0,0,0,0,0,1,1,0,1,0,9,10.0,9.0
5,Kovacic,MCI,5.9,1,0,79,1,0,79.0,0.0,0,1,0,2,0,0,0,0,0,0,1,1,0,1,0,6,13.2,0.0
5,Kristiansen,LEI,4.4,1,1,90,0,0,90.0,90.0,0,0,0,1,0,0,0,0,0,1,0,0,0,0,0,2,45.0,2.0
5,Kudus,WHU,6.8,1,1,90,0,0,90.0,90.0,0,0,0,3,0,0,0,0,0,1,0,0,0,0,0,2,45.0,2.0
5,Kulusevski,TOT,6.4,1,1,90,0,0,90.0,90.0,0,0,0,1,0,0,0,0,0,1,0,0,0,0,0,2,45.0,2.0
5,Lacroix,CRY,5.0,1,1,90,0,0,90.0,90.0,0,0,1,0,0,0,0,1,0,0,0,1,0,0,0,5,18.0,5.0
5,Lallana,SOU,5.0,1,1,58,0,1,58.0,58.0,0,1,0,0,0,0,0,1,0,1,1,1,0,1,0,4,14.5,4.0
5,Lemina (Mario),WOL,4.8,1,1,90,0,0,90.0,90.0,0,0,0,3,0,0,0,1,0,1,0,0,0,0,0,1,90.0,1.0
5,Leno,FUL,5.0,1,1,90,0,0,90.0,90.0,0,0,0,1,0,0,4,1,0,1,0,0,0,0,0,2,45.0,2.0
5,Lerma,CRY,4.9,1,0,45,1,0,45.0,0.0,0,0,0,0,0,0,0,0,0,0,0,0,0,0,0,1,45.0,0.0
5,Lewis-Potter,BRE,4.9,1,1,90,0,0,90.0,90.0,0,1,0,3,0,0,0,0,0,0,1,1,0,0,0,5,18.0,5.0
5,Lewis-Skelly,ARS,5.2,1,0,9,1,0,9.0,0.0,0,0,0,1,0,0,0,1,0,0,0,0,0,0,0,0,0.0,0.0
5,Lindstrom,EVE,5.0,1,1,61,0,1,61.0,61.0,0,0,1,0,0,0,0,0,0,1,0,0,0,0,0,3,20.3,3.0
5,Livramento,NEW,4.9,1,0,23,1,0,23.0,0.0,0,0,0,1,0,0,0,0,0,0,0,0,0,0,0,1,23.0,0.0
5,Lukic,FUL,5.0,1,1,45,0,1,45.0,45.0,0,0,0,0,0,0,0,1,0,1,0,0,0,0,0,0,0.0,0.0
5,Maatsen,AVL,4.3,1,0,45,1,0,45.0,0.0,0,0,0,0,0,0,0,0,0,0,0,0,0,0,0,1,45.0,0.0
5,Mac Allister,LIV,6.3,1,1,90,0,0,90.0,90.0,0,0,1,0,0,0,0,0,0,1,0,0,0,0,0,3,30.0,3.0
5,Maddison,TOT,6.9,1,1,88,0,1,88.0,88.0,1,1,0,1,0,0,0,1,0,0,2,2,0,3,1,12,7.3,12.0
5,Madueke,CHE,6.8,1,1,90,0,0,90.0,90.0,0,0,1,0,0,0,0,0,0,1,0,0,0,0,0,3,30.0,3.0
5,Mainoo,MUN,4.8,1,1,90,0,0,90.0,90.0,0,0,1,0,0,0,0,0,0,1,0,0,0,0,0,3,30.0,3.0
5,Mangala,EVE,5.0,1,1,90,0,0,90.0,90.0,0,0,0,1,0,0,0,0,0,1,0,0,0,0,0,2,45.0,2.0
5,Martinelli,ARS,6.9,1,1,85,0,1,85.0,85.0,0,1,0,1,0,0,0,0,0,0,1,1,0,0,0,5,17.0,5.0
5,Martinez,AVL,5.0,1,1,90,0,0,90.0,90.0,0,0,0,1,0,0,3,0,0,1,0,0,0,0,0,3,30.0,3.0
5,Martínez,MUN,4.8,1,1,90,0,0,90.0,90.0,0,0,1,0,0,0,0,1,0,0,0,1,0,0,0,5,18.0,5.0
5,Mateta,CRY,7.7,1,1,45,0,1,45.0,45.0,0,0,0,0,0,0,0,0,0,1,0,0,0,0,0,1,45.0,1.0
5,Mavididi,LEI,5.0,1,1,90,0,1,90.0,90.0,1,0,0,1,0,0,0,0,0,0,1,1,0,3,1,10,9.0,10.0
5,Mavropanos,WHU,4.4,1,1,90,0,0,90.0,90.0,0,0,0,3,0,0,0,0,0,1,0,0,0,0,0,1,90.0,1.0
5,Mazraoui,MUN,4.9,1,1,90,0,0,90.0,90.0,0,0,1,0,0,0,0,0,0,0,0,1,0,0,0,6,15.0,6.0
5,Mbeumo,BRE,8.2,1,1,90,0,0,90.0,90.0,1,0,0,3,0,0,0,0,0,0,1,1,0,1,0,8,11.3,8.0
5,McGinn,AVL,5.4,1,1,45,0,1,45.0,45.0,0,0,0,1,0,0,0,0,0,1,0,0,0,0,0,1,45.0,1.0
5,McNeil,EVE,5.6,1,1,90,0,0,90.0,90.0,0,0,0,1,0,0,0,0,0,1,0,0,0,0,0,2,45.0,2.0
5,Milenkovic,NFO,5.2,1,1,90,0,0,90.0,90.0,0,0,0,2,0,0,0,0,0,1,0,0,0,0,0,1,90.0,1.0
5,Minteh,BHA,6.0,1,0,32,1,0,32.0,0.0,0,0,0,1,0,0,0,0,0,0,0,0,0,0,0,1,32.0,0.0
5,Mitchell,CRY,5.0,1,1,90,0,0,90.0,90.0,0,0,1,0,0,0,0,0,0,0,0,1,0,0,0,6,15.0,6.0
5,Mitoma,BHA,6.2,1,1,90,0,0,90.0,90.0,0,1,0,2,0,0,0,0,0,0,1,1,0,0,0,5,18.0,5.0
5,Moore (Mikey),TOT,5.0,1,0,8,1,0,8.0,0.0,0,0,0,0,0,0,0,0,0,0,0,0,0,0,0,1,8.0,0.0
5,Savinho,MCI,6.9,1,1,76,0,1,76.0,76.0,0,1,0,2,0,0,0,0,0,0,1,1,0,2,0,7,10.9,7.0
5,Álex Moreno,NFO,4.0,1,1,45,0,1,45.0,45.0,0,0,0,2,0,0,0,0,0,1,0,0,0,0,0,0,0.0,0.0
5,Morsy,IPS,4.8,1,1,90,0,0,90.0,90.0,1,0,0,1,0,0,0,0,0,0,1,1,0,2,0,9,10.0,9.0
5,Mosquera,WOL,4.4,1,1,71,0,1,71.0,71.0,0,0,0,1,0,0,0,1,0,1,0,0,0,0,0,1,71.0,1.0
5,Rodrigo Muniz,FUL,5.4,1,0,23,1,0,23.0,0.0,0,1,0,0,0,0,0,0,0,0,1,1,0,0,0,4,5.8,0.0
5,Muñoz,CRY,5.7,1,1,90,0,0,90.0,90.0,0,0,1,0,0,0,0,0,0,0,0,1,0,0,0,6,15.0,6.0
5,Muric,IPS,4.4,1,1,90,0,0,90.0,90.0,0,0,0,1,0,0,2,0,0,1,0,0,0,0,0,2,45.0,2.0
5,Murphy (Jacob),NEW,6.1,1,0,45,1,0,45.0,0.0,0,1,0,1,0,0,0,0,0,0,1,1,0,0,0,4,11.3,0.0
5,Mvom Onana,AVL,4.8,1,1,59,0,1,59.0,59.0,0,0,0,1,0,0,0,0,0,1,0,0,0,0,0,2,29.5,2.0
5,Ndiaye,EVE,6.5,1,1,80,0,1,80.0,80.0,1,0,0,1,0,0,0,0,0,0,1,1,0,2,0,8,10.0,8.0
5,Ndidi,LEI,4.9,1,1,90,0,0,90.0,90.0,0,0,0,1,0,0,0,0,0,1,0,0,0,0,0,2,45.0,2.0
5,Nelson (Reiss),FUL,4.8,1,0,23,1,0,23.0,0.0,1,0,0,0,0,0,0,0,0,0,1,1,0,1,0,7,3.3,0.0
5,Neto,CHE,7.0,1,0,38,1,0,38.0,0.0,0,0,0,0,0,0,0,0,0,0,0,0,0,0,0,1,38.0,0.0
5,Eddie Nketiah,CRY,5.4,1,1,66,0,1,66.0,66.0,0,0,1,0,0,0,0,0,0,1,0,0,0,0,0,2,33.0,2.0
5,Nkunku,CHE,5.9,1,0,31,1,0,31.0,0.0,0,0,0,0,0,0,0,0,0,0,0,0,0,0,0,1,31.0,0.0
5,Núñez,LIV,6.5,1,1,70,0,1,70.0,70.0,1,0,1,0,0,0,0,0,0,0,1,1,0,0,0,6,11.7,6.0
5,O'Shea,IPS,3.8,1,1,90,0,0,90.0,90.0,0,0,0,1,0,0,0,1,0,1,0,0,0,0,0,1,90.0,1.0
5,Okoli,LEI,4.0,1,1,90,0,0,90.0,90.0,0,0,0,1,0,0,0,0,0,1,0,0,0,0,0,2,45.0,2.0
5,Onana,MUN,4.9,1,1,90,0,0,90.0,90.0,0,0,1,0,0,0,4,0,0,0,0,1,0,2,0,9,10.0,9.0
5,Osula,NEW,5.5,1,0,14,1,0,14.0,0.0,0,0,0,1,0,0,0,0,0,0,0,0,0,0,0,1,14.0,0.0
5,Dango Ouattara,BOU,6.0,1,0,45,1,0,45.0,0.0,0,0,0,0,0,0,0,0,0,0,0,0,0,0,0,1,45.0,0.0
5,Palmer (Cole),CHE,10.3,1,1,64,0,1,64.0,64.0,1,0,1,0,0,0,0,0,0,0,1,1,0,0,0,8,8.0,8.0
5,Emerson,WHU,4.4,1,1,72,0,1,72.0,72.0,0,0,0,3,0,0,0,0,0,1,0,0,0,0,0,1,72.0,1.0
5,Partey,ARS,4.9,1,1,90,0,0,90.0,90.0,0,0,0,2,0,0,0,1,0,1,0,0,0,0,0,1,90.0,1.0
5,Pereira,FUL,5.3,1,1,67,0,1,67.0,67.0,0,0,0,1,0,0,0,1,0,1,0,0,0,0,0,1,67.0,1.0
5,Pickford,EVE,5.5,1,1,90,0,0,90.0,90.0,0,0,0,1,0,0,1,0,0,1,0,0,0,0,0,2,45.0,2.0
5,Pinnock,BRE,4.3,1,1,90,0,0,90.0,90.0,0,0,0,3,0,0,0,0,0,1,0,0,0,0,0,1,90.0,1.0
5,Pope,NEW,5.2,1,1,90,0,0,90.0,90.0,0,0,0,3,0,0,8,0,0,1,0,0,0,0,0,3,30.0,3.0
5,Porro,TOT,5.5,1,1,88,0,1,88.0,88.0,0,0,0,1,0,0,0,0,0,1,0,0,0,0,0,2,44.0,2.0
5,Ramsdale,SOU,4.8,1,1,90,0,0,90.0,90.0,0,0,0,1,0,0,5,0,0,1,0,0,0,0,0,3,30.0,3.0
5,Ramsey (Jacob),AVL,5.3,1,1,59,0,1,59.0,59.0,0,0,0,1,0,0,0,0,0,1,0,0,0,0,0,2,29.5,2.0
5,Rashford,AVL,7.0,1,0,34,1,0,34.0,0.0,0,0,0,0,0,0,0,0,0,0,0,0,0,0,0,1,34.0,0.0
5,Raya Martin,ARS,5.8,1,1,90,0,0,90.0,90.0,0,0,0,2,0,0,9,0,0,0,0,0,0,0,0,4,22.5,4.0
5,Reed,FUL,4.4,1,0,29,1,0,29.0,0.0,0,0,0,0,0,0,0,1,0,0,0,0,0,0,0,0,0.0,0.0
5,Rice,ARS,6.7,1,1,90,0,0,90.0,90.0,0,0,0,2,0,0,0,1,0,1,0,0,0,0,0,1,90.0,1.0
5,Richards (Chris),CRY,4.5,1,1,90,0,0,90.0,90.0,0,0,1,0,0,0,0,0,0,0,0,1,0,0,0,6,15.0,6.0
5,Robertson,LIV,5.8,1,1,90,0,0,90.0,90.0,0,0,1,0,0,0,0,0,0,0,0,1,0,0,0,6,15.0,6.0
5,Robinson (Antonee),FUL,4.9,1,1,90,0,0,90.0,90.0,0,0,0,1,0,0,0,0,0,1,0,0,0,0,0,2,45.0,2.0
5,Morato,NFO,4.4,1,0,22,1,0,22.0,0.0,0,0,0,0,0,0,0,0,0,0,0,0,0,0,0,1,22.0,0.0
5,Rodríguez,WHU,4.8,1,1,37,0,1,37.0,37.0,0,0,0,2,0,0,0,0,0,1,0,0,0,0,0,1,37.0,1.0
5,Roerslev,BRE,4.5,1,0,16,1,0,16.0,0.0,0,0,0,1,0,0,0,0,0,0,0,0,0,0,0,1,16.0,0.0
5,Rogers,AVL,6.8,1,1,90,0,0,90.0,90.0,0,2,0,1,0,0,0,1,0,0,2,2,0,3,1,10,9.0,10.0
5,Romero,TOT,5.0,1,1,90,0,0,90.0,90.0,0,0,0,1,0,0,0,0,0,1,0,0,0,0,0,2,45.0,2.0
5,Rutter,BHA,5.7,1,1,70,0,1,70.0,70.0,0,0,0,2,0,0,0,0,0,1,0,0,0,0,0,2,35.0,2.0
5,Saka,ARS,10.0,1,1,45,0,1,45.0,45.0,0,1,0,1,0,0,0,0,0,0,1,1,0,0,0,4,11.3,4.0
5,Salah,LIV,14.3,1,1,90,0,0,90.0,90.0,0,1,1,0,0,0,0,0,0,0,1,1,0,0,0,6,15.0,6.0
5,Saliba,ARS,6.0,1,1,90,0,0,90.0,90.0,0,0,0,2,0,0,0,0,0,1,0,0,0,0,0,1,90.0,1.0
5,Sanchez,CHE,4.9,1,1,90,0,0,90.0,90.0,0,0,1,0,0,0,7,0,0,0,0,1,0,2,1,10,9.0,10.0
5,Sancho,MUN,5.8,1,1,56,0,1,56.0,56.0,0,1,0,0,0,0,0,0,0,0,1,1,0,0,0,4,14.0,4.0
5,Ederson,MCI,5.3,1,1,90,0,0,90.0,90.0,0,0,0,2,0,0,1,1,0,1,0,0,0,0,0,0,0.0,0.0
5,Murillo,NFO,5.3,1,1,90,0,0,90.0,90.0,0,0,0,2,0,0,0,0,0,1,0,0,0,0,0,1,90.0,1.0
5,Matheus Cunha,WOL,7.9,1,1,90,0,0,90.0,90.0,1,0,0,3,0,0,0,1,0,0,1,1,0,3,0,8,11.3,8.0
5,Diego Carlos,AVL,4.5,1,1,90,0,0,90.0,90.0,0,0,0,1,0,0,0,0,0,1,0,0,0,0,0,2,45.0,2.0
5,Ismaila Sarr,CRY,6.6,1,0,45,1,0,45.0,0.0,0,0,0,0,0,0,0,0,0,0,0,0,0,0,0,1,45.0,0.0
5,Sarr (Pape),TOT,4.9,1,0,26,1,0,26.0,0.0,0,0,0,0,0,0,0,0,0,0,0,0,0,0,0,1,26.0,0.0
5,Schade,BRE,7.0,1,0,32,1,0,32.0,0.0,0,0,0,1,0,0,0,0,0,0,0,0,0,0,0,1,32.0,0.0
5,Schär,NEW,5.4,1,1,90,0,0,90.0,90.0,0,0,0,3,0,0,0,0,0,1,0,0,0,0,0,1,90.0,1.0
5,Schlupp,CRY,4.6,1,0,4,1,0,4.0,0.0,0,0,0,0,0,0,0,0,0,0,0,0,0,0,0,1,4.0,0.0
5,Scott,BOU,5.0,1,0,25,1,0,25.0,0.0,0,0,0,0,0,0,0,0,0,0,0,0,0,0,0,1,25.0,0.0
5,Sels,NFO,4.8,1,1,90,0,0,90.0,90.0,0,0,0,2,0,0,1,0,0,1,0,0,0,0,0,1,90.0,1.0
5,Semedo,WOL,4.5,1,1,90,0,0,90.0,90.0,0,0,0,3,0,0,0,1,0,1,0,0,0,0,0,0,0.0,0.0
5,Semenyo,BOU,8.1,1,1,67,0,1,67.0,67.0,0,0,0,3,0,0,0,0,0,1,0,0,0,0,0,2,33.5,2.0
5,João Félix,CHE,5.9,1,0,30,1,0,30.0,0.0,0,0,0,0,0,0,0,0,0,0,0,0,0,0,0,1,30.0,0.0
5,Sinisterra,BOU,5.0,1,0,25,1,0,25.0,0.0,0,0,0,0,0,0,0,0,0,0,0,0,0,0,0,1,25.0,0.0
5,Smith,BOU,4.4,1,0,25,1,0,25.0,0.0,0,0,0,0,0,0,0,0,0,0,0,0,0,0,0,1,25.0,0.0
5,Smith-Rowe,FUL,5.7,1,1,83,0,1,83.0,83.0,1,0,0,1,0,0,0,0,0,0,1,1,0,1,0,8,10.4,8.0
5,Solanke,TOT,7.2,1,1,87,0,1,87.0,87.0,1,0,0,1,0,0,0,0,0,0,1,1,0,0,0,6,14.5,6.0
5,Soler (Carlos),WHU,5.0,1,0,41,1,0,41.0,0.0,0,0,0,0,0,0,0,1,0,0,0,0,0,0,0,0,0.0,0.0
5,Son,TOT,8.5,1,1,90,0,0,90.0,90.0,0,2,0,1,0,0,0,0,0,0,2,2,0,2,1,10,9.0,10.0
5,Sosa,NFO,5.5,1,0,35,1,0,35.0,0.0,1,0,0,0,0,0,0,0,0,0,1,1,0,0,0,6,5.8,0.0
5,Soucek,WHU,5.7,1,0,55,1,0,55.0,0.0,0,0,0,1,0,0,0,1,0,0,0,0,0,0,0,0,0.0,0.0
5,Stewart,SOU,4.4,1,0,38,1,0,38.0,0.0,0,0,0,1,0,0,0,1,0,0,0,0,0,0,0,0,0.0,0.0
5,Stones,MCI,5.5,1,0,20,1,0,20.0,0.0,1,0,0,0,0,0,0,0,0,0,1,1,0,0,0,7,2.9,0.0
5,Strand Larsen,WOL,6.4,1,1,62,0,1,62.0,62.0,0,0,1,0,0,0,0,0,0,1,0,0,0,0,0,2,31.0,2.0
5,Sugawara,SOU,4.2,1,1,90,0,0,90.0,90.0,0,0,0,1,0,0,0,0,0,1,0,0,0,0,0,2,45.0,2.0
5,Summerville,WHU,5.5,1,1,53,0,1,53.0,53.0,0,0,0,3,0,0,0,0,0,1,0,0,0,0,0,1,53.0,1.0
5,Szmodics,IPS,5.7,1,1,61,0,1,61.0,61.0,0,0,0,1,0,0,0,0,0,1,0,0,0,0,0,2,30.5,2.0
5,Szoboszlai,LIV,6.5,1,1,59,0,1,59.0,59.0,0,0,1,0,0,0,0,0,0,1,0,0,0,0,0,3,19.7,3.0
5,Tarkowski,EVE,5.5,1,1,90,0,0,90.0,90.0,0,0,0,1,0,0,0,0,0,1,0,0,0,0,0,2,45.0,2.0
5,Tavernier,BOU,5.5,1,1,90,0,0,90.0,90.0,0,0,0,3,0,0,0,0,0,1,0,0,0,0,0,2,45.0,2.0
5,Taylor (Charlie),SOU,3.9,1,1,90,0,0,90.0,90.0,0,0,0,1,0,0,0,1,0,1,0,0,0,0,0,1,90.0,1.0
5,Taylor (Jack),IPS,4.8,1,0,36,1,0,36.0,0.0,0,0,0,0,0,0,0,1,0,0,0,0,0,0,0,0,0.0,0.0
5,Tete,FUL,4.5,1,1,90,0,0,90.0,90.0,0,0,0,1,0,0,0,1,0,1,0,0,0,0,0,1,90.0,1.0
5,Tielemans,AVL,5.9,1,1,90,0,0,90.0,90.0,0,1,0,1,0,0,0,0,0,0,1,1,0,0,0,5,18.0,5.0
5,Jurriën Timber,ARS,6.1,1,1,88,0,1,88.0,88.0,0,0,0,1,0,0,0,0,0,1,0,0,0,0,0,2,44.0,2.0
5,Lucas Paquetá,WHU,5.9,1,1,72,0,1,72.0,72.0,0,0,0,3,0,0,0,0,0,1,0,0,0,0,0,2,36.0,2.0
5,Tonali,NEW,5.4,1,0,22,1,0,22.0,0.0,0,0,0,1,0,0,0,0,0,0,0,0,0,0,0,1,22.0,0.0
5,Torres,AVL,4.3,1,1,90,0,0,90.0,90.0,0,0,0,1,0,0,0,1,0,1,0,0,0,0,0,1,90.0,1.0
5,Traoré (Adama),FUL,5.2,1,1,73,0,1,73.0,73.0,0,1,0,1,0,0,0,1,0,0,1,1,0,0,0,4,18.3,4.0
5,Amad Diallo,MUN,6.3,1,1,76,0,1,76.0,76.0,0,0,1,0,0,0,0,0,0,1,0,0,0,0,0,3,25.3,3.0
5,Trevitt,BRE,4.5,1,0,8,1,0,8.0,0.0,0,0,0,0,0,0,0,0,0,0,0,0,0,0,0,1,8.0,0.0
5,Trippier,NEW,5.0,1,1,74,0,1,74.0,74.0,0,0,0,2,0,0,0,0,0,1,0,0,0,0,0,1,74.0,1.0
5,Trossard,ARS,6.9,1,1,45,0,0,45.0,45.0,0,0,0,1,0,0,0,0,1,1,0,0,0,0,0,0,0.0,0.0
5,Tuanzebe,IPS,3.9,1,1,80,0,1,80.0,80.0,0,0,0,1,0,0,0,0,0,1,0,0,0,0,0,2,40.0,2.0
5,Destiny Udogie,TOT,4.4,1,1,90,0,0,90.0,90.0,0,0,0,1,0,0,0,0,0,1,0,0,0,0,0,2,45.0,2.0
5,Ugarte,MUN,4.8,1,0,19,1,0,19.0,0.0,0,0,0,0,0,0,0,0,0,0,0,0,0,0,0,1,19.0,0.0
5,Ugochukwu,SOU,5.0,1,0,38,1,0,38.0,0.0,0,0,0,1,0,0,0,0,0,0,0,0,0,0,0,1,38.0,0.0
5,Unal,BOU,5.4,1,0,19,1,0,19.0,0.0,0,0,0,0,0,0,0,0,0,0,0,0,0,0,0,1,19.0,0.0
5,van de Ven,TOT,4.7,1,1,90,0,0,90.0,90.0,0,0,0,1,0,0,0,1,0,1,0,0,0,0,0,1,90.0,1.0
5,van den Berg,BRE,4.5,1,1,90,0,0,90.0,90.0,0,0,0,3,0,0,0,0,0,1,0,0,0,0,0,1,90.0,1.0
5,van Dijk,LIV,6.0,1,1,90,0,0,90.0,90.0,0,0,1,0,0,0,0,0,0,0,0,1,0,0,0,6,15.0,6.0
5,van Hecke,BHA,4.4,1,1,90,0,0,90.0,90.0,0,1,0,2,0,0,0,0,0,0,1,1,0,0,0,4,22.5,4.0
5,Vardy,LEI,5.4,1,1,82,0,1,82.0,82.0,0,0,0,1,0,0,0,0,0,1,0,0,0,0,0,2,41.0,2.0
5,Bernardo Silva,MCI,6.3,1,1,90,0,0,90.0,90.0,0,0,0,2,0,0,0,1,0,1,0,0,0,0,0,1,90.0,1.0
5,Veltman,BHA,4.4,1,1,90,0,0,90.0,90.0,0,0,0,2,0,0,0,0,0,1,0,0,0,0,0,1,90.0,1.0
5,Verbruggen,BHA,4.4,1,1,90,0,0,90.0,90.0,0,0,0,2,0,0,2,0,0,1,0,0,0,0,0,1,90.0,1.0
5,Vicario,TOT,5.1,1,1,90,0,0,90.0,90.0,0,0,0,1,0,0,5,0,0,1,0,0,0,0,0,3,30.0,3.0
5,Walker,MCI,4.4,1,1,76,0,1,76.0,76.0,0,0,0,2,0,0,0,0,0,1,0,0,0,0,0,1,76.0,1.0
5,Wan-Bissaka,WHU,4.3,1,1,90,0,0,90.0,90.0,0,0,0,3,0,0,0,0,0,1,0,0,0,0,0,1,90.0,1.0
5,Ward-Prowse,WHU,5.7,1,1,45,0,1,45.0,45.0,0,0,0,2,0,0,0,0,0,1,0,0,0,0,0,1,45.0,1.0
5,Watkins,AVL,8.5,1,1,88,0,1,88.0,88.0,1,0,0,1,0,0,0,0,0,0,1,1,0,0,0,6,14.7,6.0
5,Welbeck,BHA,6.4,1,1,90,0,0,90.0,90.0,1,0,0,2,0,0,0,1,0,0,1,1,0,1,0,6,15.0,6.0
5,Wharton,CRY,5.0,1,1,45,0,1,45.0,45.0,0,0,0,0,0,0,0,0,0,1,0,0,0,0,0,1,45.0,1.0
5,White (Ben),ARS,5.4,1,0,45,1,0,45.0,0.0,0,0,0,1,0,0,0,0,0,0,0,0,0,0,0,1,45.0,0.0
5,Wieffer,BHA,4.9,1,0,32,1,0,32.0,0.0,0,0,0,1,0,0,0,0,0,0,0,0,0,0,0,1,32.0,0.0
5,Williams (Neco),NFO,4.7,1,0,45,1,0,45.0,0.0,0,0,0,0,0,0,0,1,0,0,0,0,0,0,0,0,0.0,0.0
5,Willock,NEW,5.0,1,1,45,0,1,45.0,45.0,0,0,0,2,0,0,0,0,0,1,0,0,0,0,0,1,45.0,1.0
5,Winks,LEI,4.3,1,1,90,0,0,90.0,90.0,0,0,0,1,0,0,0,0,0,1,0,0,0,0,0,2,45.0,2.0
5,Wood (Chris),NFO,7.2,1,1,72,0,1,72.0,72.0,1,0,0,2,0,0,0,0,0,0,1,1,0,2,0,8,9.0,8.0
5,Yarmolyuk,BRE,5.0,1,1,63,0,1,63.0,63.0,0,0,0,2,0,0,0,0,0,1,0,0,0,0,0,2,31.5,2.0
5,Yates,NFO,4.8,1,0,45,1,0,45.0,0.0,0,0,0,0,0,0,0,0,0,0,0,0,0,0,0,1,45.0,0.0
5,Young (Ashley),EVE,4.2,1,1,90,0,0,90.0,90.0,0,1,0,1,0,0,0,0,0,0,1,1,0,1,0,6,15.0,6.0
5,Zabarnyi,BOU,5.0,1,1,90,0,0,90.0,90.0,0,0,0,3,0,0,0,0,0,1,0,0,0,0,0,1,90.0,1.0
5,Zirkzee,MUN,5.8,1,1,61,0,1,61.0,61.0,0,0,1,0,0,0,0,0,0,1,0,0,0,0,0,2,30.5,2.0
6,Aina,NFO,4.7,1,1,90,0,0,90.0,90.0,0,0,0,1,0,0,0,0,0,1,0,0,0,0,0,2,45.0,2.0
6,Ait Nouri,WOL,5.8,1,1,90,0,0,90.0,90.0,1,0,0,2,0,0,0,0,0,0,1,1,0,2,0,9,10.0,9.0
6,Ajer,BRE,4.4,1,1,90,0,0,90.0,90.0,0,0,0,1,0,0,0,0,0,1,0,0,0,0,0,2,45.0,2.0
6,Akanji,MCI,5.4,1,1,90,0,0,90.0,90.0,0,0,0,1,0,0,0,0,0,1,0,0,0,0,0,2,45.0,2.0
6,Alexander-Arnold,LIV,7.2,1,1,90,0,0,90.0,90.0,0,0,0,1,0,0,0,1,0,1,0,0,0,0,0,1,90.0,1.0
6,Andersen,FUL,4.5,1,1,90,0,0,90.0,90.0,0,0,1,0,0,0,0,0,0,0,0,1,0,2,0,8,11.3,8.0
6,Anderson,NFO,5.3,1,1,55,0,1,55.0,55.0,0,0,0,1,0,0,0,0,0,1,0,0,0,0,0,1,55.0,1.0
6,Antonio,WHU,5.2,1,1,73,0,1,73.0,73.0,0,1,0,1,0,0,0,0,0,0,1,1,0,0,0,5,14.6,5.0
6,Joelinton,NEW,5.9,1,1,90,0,0,90.0,90.0,0,0,0,1,0,0,0,1,0,1,0,0,0,0,0,1,90.0,1.0
6,Archer,SOU,4.8,1,0,18,1,0,18.0,0.0,0,0,0,0,0,0,0,0,0,0,0,0,0,0,0,1,18.0,0.0
6,Areola,WHU,4.3,1,1,90,0,0,90.0,90.0,0,0,0,1,0,0,2,0,0,1,0,0,0,0,0,2,45.0,2.0
6,Aribo,SOU,4.9,1,0,45,1,0,45.0,0.0,0,0,0,0,0,0,0,0,0,0,0,0,0,0,0,1,45.0,0.0
6,Kepa,BOU,4.2,1,1,90,0,0,90.0,90.0,0,0,0,1,0,0,2,0,0,1,0,0,0,0,0,2,45.0,2.0
6,Awoniyi,NFO,5.2,1,1,45,0,1,45.0,45.0,0,0,0,0,0,0,0,0,0,1,0,0,0,0,0,1,45.0,1.0
6,Ayari,BHA,4.9,1,0,38,1,0,38.0,0.0,0,0,0,0,0,0,0,0,0,0,0,0,0,0,0,1,38.0,0.0
6,Ayew,LEI,5.1,1,0,15,1,0,15.0,0.0,0,0,0,2,0,0,0,0,0,0,0,0,0,0,0,1,15.0,0.0
6,Bailey,AVL,5.5,1,1,64,0,1,64.0,64.0,0,1,0,1,0,0,0,0,0,0,1,1,0,0,0,5,12.8,5.0
6,Baleba,BHA,4.7,1,1,90,0,0,90.0,90.0,1,1,0,4,0,0,0,0,0,0,2,2,0,2,1,12,7.5,12.0
6,Barkley,AVL,4.8,1,0,13,1,0,13.0,0.0,0,0,0,0,0,0,0,0,0,0,0,0,0,0,0,1,13.0,0.0
6,Barnes,NEW,6.4,1,1,76,0,1,76.0,76.0,0,0,0,1,0,0,0,0,0,1,0,0,0,0,0,2,38.0,2.0
6,Bassey,FUL,4.5,1,1,90,0,0,90.0,90.0,0,0,1,0,0,0,0,0,0,0,0,1,0,0,0,6,15.0,6.0
6,Bednarek,SOU,4.0,1,1,90,0,0,90.0,90.0,0,0,0,3,0,0,0,0,0,1,0,0,0,0,0,1,90.0,1.0
6,Bellegarde,WOL,5.2,1,1,52,0,1,52.0,52.0,0,0,0,1,0,0,0,0,0,1,0,0,0,0,0,1,52.0,1.0
6,Bentancur,TOT,5.3,1,1,90,0,0,90.0,90.0,0,0,1,0,0,0,0,0,0,1,0,0,0,0,0,3,30.0,3.0
6,Berge,FUL,4.9,1,0,29,1,0,29.0,0.0,0,0,0,0,0,0,0,0,0,0,0,0,0,0,0,1,29.0,0.0
6,Bergvall,TOT,5.4,1,0,18,1,0,18.0,0.0,0,0,0,0,0,0,0,0,0,0,0,0,0,0,0,1,18.0,0.0
6,Carlos Borges,WOL,5.4,1,0,43,1,0,43.0,0.0,0,0,0,1,0,0,0,1,0,0,0,0,0,0,0,0,0.0,0.0
6,Bruno Fernandes,MUN,8.9,1,1,40,0,0,40.0,40.0,0,0,0,1,0,0,0,0,1,1,0,0,0,0,0,0,0.0,0.0
6,Bowen,WHU,7.8,1,1,90,0,1,90.0,90.0,0,0,0,1,0,0,0,0,0,1,0,0,0,0,0,2,45.0,2.0
6,Branthwaite,EVE,5.3,1,1,90,0,0,90.0,90.0,0,0,0,1,0,0,0,0,0,1,0,0,0,0,0,2,45.0,2.0
6,Brereton,SOU,4.8,1,0,45,1,0,45.0,0.0,0,0,0,0,0,0,0,0,0,0,0,0,0,0,0,1,45.0,0.0
6,Buendía,AVL,5.3,1,0,13,1,0,13.0,0.0,0,0,0,0,0,0,0,0,0,0,0,0,0,0,0,1,13.0,0.0
6,Bueno (Santiago),WOL,4.4,1,1,77,0,1,77.0,77.0,0,0,0,2,0,0,0,0,0,1,0,0,0,0,0,1,77.0,1.0
6,Buonanotte,LEI,4.8,1,1,82,0,1,82.0,82.0,0,1,0,2,0,0,0,1,0,0,1,1,0,0,0,4,20.5,4.0
6,Burn,NEW,5.1,1,1,90,0,0,90.0,90.0,0,0,0,1,0,0,0,0,0,1,0,0,0,0,0,2,45.0,2.0
6,Burns,IPS,4.7,1,0,27,1,0,27.0,0.0,0,0,0,0,0,0,0,0,0,0,0,0,0,0,0,1,27.0,0.0
6,Moises Caicedo,CHE,5.9,1,1,90,0,0,90.0,90.0,0,0,0,2,0,0,0,0,0,1,0,0,0,0,0,2,45.0,2.0
6,Calafiori,ARS,5.8,1,1,90,0,0,90.0,90.0,0,0,0,2,0,0,0,1,0,1,0,0,0,0,0,0,0.0,0.0
6,Calvert-Lewin,EVE,5.5,1,1,90,0,0,90.0,90.0,0,0,0,1,0,0,0,1,0,1,0,0,0,0,0,1,90.0,1.0
6,Carvalho,BRE,4.9,1,1,83,0,1,83.0,83.0,0,1,0,1,0,0,0,0,0,0,1,1,0,1,0,6,13.8,6.0
6,Christie,BOU,5.0,1,1,90,0,0,90.0,90.0,0,0,0,1,0,0,0,0,0,1,0,0,0,0,0,2,45.0,2.0
6,Clarke (Jack),IPS,5.4,1,1,90,0,1,90.0,90.0,0,1,0,2,0,0,0,0,0,0,1,1,0,0,0,5,18.0,5.0
6,Collins,BRE,4.9,1,1,90,0,0,90.0,90.0,0,0,0,1,0,0,0,0,0,1,0,0,0,0,0,2,45.0,2.0
6,Colwill,CHE,4.8,1,1,90,0,0,90.0,90.0,0,0,0,2,0,0,0,0,0,1,0,0,0,0,0,1,90.0,1.0
6,Cook,BOU,4.9,1,1,90,0,0,90.0,90.0,0,2,0,1,0,0,0,0,0,0,2,2,0,2,1,10,9.0,10.0
6,Cornet,SOU,4.9,1,1,45,0,1,45.0,45.0,0,0,0,3,0,0,0,0,0,1,0,0,0,0,0,1,45.0,1.0
6,Cucurella,CHE,6.1,1,1,69,0,1,69.0,69.0,0,0,0,2,0,0,0,1,0,1,0,0,0,0,0,0,0.0,0.0
6,André,WOL,5.4,1,1,90,0,0,90.0,90.0,0,0,0,2,0,0,0,1,0,1,0,0,0,0,0,1,90.0,1.0
6,Renato Veiga,CHE,4.4,1,0,25,1,0,25.0,0.0,0,0,0,0,0,0,0,0,0,0,0,0,0,0,0,1,25.0,0.0
6,Dalot,MUN,4.4,1,1,90,0,0,90.0,90.0,0,0,0,3,0,0,0,1,0,1,0,0,0,0,0,0,0.0,0.0
6,Damsgaard,BRE,5.8,1,1,90,0,0,90.0,90.0,0,0,0,1,0,0,0,0,0,1,0,0,0,1,0,3,30.0,3.0
6,Davis,IPS,4.2,1,1,90,0,0,90.0,90.0,0,0,0,2,0,0,0,0,0,1,0,0,0,1,0,2,45.0,2.0
6,Jesus,ARS,6.4,1,0,4,1,0,4.0,0.0,0,0,0,0,0,0,0,0,0,0,0,0,0,0,0,1,4.0,0.0
6,de Ligt,MUN,5.0,1,1,90,0,0,90.0,90.0,0,0,0,3,0,0,0,0,0,1,0,0,0,0,0,1,90.0,1.0
6,Evanilson,BOU,7.0,1,1,75,0,1,75.0,75.0,1,0,0,1,0,0,0,0,0,0,1,1,0,3,0,9,8.3,9.0
6,DeCordova-Reid,LEI,5.2,1,0,10,1,0,10.0,0.0,0,0,0,2,0,0,0,0,0,0,0,0,0,0,0,1,10.0,0.0
6,Delap,IPS,6.2,1,1,90,0,1,90.0,90.0,2,0,0,2,0,0,0,1,0,0,2,2,0,3,1,12,7.5,12.0
6,Díaz,LIV,8.0,1,1,73,0,1,73.0,73.0,0,0,0,1,0,0,0,0,0,1,0,0,0,0,0,2,36.5,2.0
6,Dibling,SOU,5.4,1,1,76,0,1,76.0,76.0,0,0,0,3,0,0,0,1,0,1,0,0,0,0,0,1,76.0,1.0
6,Digne,AVL,4.5,1,1,83,0,1,83.0,83.0,0,0,0,2,0,0,0,1,0,1,0,0,0,0,0,0,0.0,0.0
6,Diop,FUL,4.4,1,0,11,1,0,11.0,0.0,0,0,0,0,0,0,0,0,0,0,0,0,0,0,0,1,11.0,0.0
6,Doku,MCI,6.5,1,0,16,1,0,16.0,0.0,0,0,0,0,0,0,0,0,0,0,0,0,0,0,0,1,16.0,0.0
6,Nicolás Domínguez,NFO,5.0,1,1,55,0,1,55.0,55.0,0,0,0,1,0,0,0,0,0,1,0,0,0,0,0,1,55.0,1.0
6,Igor Julio,BHA,4.5,1,0,38,1,0,38.0,0.0,0,0,0,0,0,0,0,0,0,0,0,0,0,0,0,1,38.0,0.0
6,Gabriel Magalhães,ARS,6.5,1,1,90,0,0,90.0,90.0,0,0,0,2,0,0,0,0,0,1,0,0,0,0,0,1,90.0,1.0
6,Doucouré,EVE,5.1,1,1,90,0,0,90.0,90.0,0,0,0,1,0,0,0,0,0,1,0,0,0,0,0,2,45.0,2.0
6,Downes,SOU,4.7,1,1,90,0,0,90.0,90.0,0,0,0,3,0,0,0,1,0,1,0,0,0,0,0,1,90.0,1.0
6,Doyle (Tommy),WOL,4.7,1,0,18,1,0,18.0,0.0,0,0,0,0,0,0,0,0,0,0,0,0,0,0,0,1,18.0,0.0
6,Dragusin,TOT,4.5,1,0,14,1,0,14.0,0.0,0,0,0,0,0,0,0,0,0,0,0,0,0,0,0,1,14.0,0.0
6,Dunk,BHA,4.5,1,1,90,0,0,90.0,90.0,0,0,0,4,0,0,0,1,0,1,0,0,0,0,0,0,0.0,0.0
6,Durán,AVL,5.7,1,0,32,1,0,32.0,0.0,0,0,0,1,0,0,0,0,0,0,0,0,0,0,0,1,32.0,0.0
6,Edouard,LEI,5.0,1,0,3,1,0,3.0,0.0,0,0,0,1,0,0,0,0,0,0,0,0,0,0,0,1,3.0,0.0
6,El Khannouss,LEI,4.8,1,0,11,1,0,11.0,0.0,0,0,0,2,0,0,0,0,0,0,0,0,0,0,0,1,11.0,0.0
6,Elanga,NFO,6.7,1,0,45,1,0,45.0,0.0,0,0,0,1,0,0,0,0,0,0,0,0,0,0,0,1,45.0,0.0
6,Enciso,IPS,5.4,1,0,25,1,0,25.0,0.0,0,0,0,0,0,0,0,0,0,0,0,0,0,0,0,1,25.0,0.0
6,Eriksen,MUN,5.2,1,0,22,1,0,22.0,0.0,0,0,0,1,0,0,0,0,0,0,0,0,0,0,0,1,22.0,0.0
6,Mateus Fernandes,SOU,5.5,1,1,69,0,1,69.0,69.0,0,0,0,3,0,0,0,1,0,1,0,0,0,0,0,1,69.0,1.0
6,Estupiñán,BHA,4.5,1,1,90,0,0,90.0,90.0,0,0,0,4,0,0,0,1,0,1,0,0,0,0,0,0,0.0,0.0
6,Eze,CRY,7.6,1,1,90,0,0,90.0,90.0,0,0,0,2,0,0,0,0,0,1,0,0,0,0,0,2,45.0,2.0
6,Faes,LEI,3.8,1,1,90,0,0,90.0,90.0,0,0,0,4,0,0,0,0,0,1,0,0,0,0,0,0,0.0,0.0
6,Fatawu,LEI,5.1,1,0,3,1,0,3.0,0.0,0,0,0,1,0,0,0,0,0,0,0,0,0,0,0,1,3.0,0.0
6,Ferguson,WHU,5.5,1,0,15,1,0,15.0,0.0,0,0,0,0,0,0,0,0,0,0,0,0,0,0,0,1,15.0,0.0
6,Fernández,CHE,6.7,1,1,78,0,1,78.0,78.0,0,0,0,2,0,0,0,1,0,1,0,0,0,0,0,1,78.0,1.0
6,Jota Silva,NFO,5.4,1,0,41,1,0,41.0,0.0,0,0,0,0,0,0,0,0,0,0,0,0,0,0,0,1,41.0,0.0
6,Flekken,BRE,4.5,1,1,90,0,0,90.0,90.0,0,0,0,1,0,0,2,0,0,1,0,0,0,0,0,2,45.0,2.0
6,Foden,MCI,8.0,1,0,31,1,0,31.0,0.0,0,0,0,0,0,0,0,0,0,0,0,0,0,0,0,1,31.0,0.0
6,Fofana (Wesley),CHE,4.4,1,1,90,0,0,90.0,90.0,0,0,0,2,0,0,0,1,0,1,0,0,0,0,0,0,0.0,0.0
6,Casemiro,MUN,5.5,1,0,45,1,0,45.0,0.0,0,0,0,2,0,0,0,0,0,0,0,0,0,0,0,1,45.0,0.0
6,Fraser (Ryan),SOU,4.8,1,1,45,0,1,45.0,45.0,0,0,0,3,0,0,0,0,0,1,0,0,0,0,0,1,45.0,1.0
6,Gakpo,LIV,7.6,1,0,22,1,0,22.0,0.0,0,0,0,0,0,0,0,0,0,0,0,0,0,0,0,1,22.0,0.0
6,Garnacho,MUN,6.4,1,1,90,0,0,90.0,90.0,0,0,0,3,0,0,0,0,0,1,0,0,0,0,0,2,45.0,2.0
6,Garner,EVE,5.0,1,0,12,1,0,12.0,0.0,0,0,0,0,0,0,0,0,0,0,0,0,0,0,0,1,12.0,0.0
6,Rúben Dias,MCI,5.5,1,1,90,0,0,90.0,90.0,0,0,0,1,0,0,0,1,0,1,0,0,0,0,0,1,90.0,1.0
6,Toti,WOL,4.3,1,1,90,0,0,90.0,90.0,0,0,0,2,0,0,0,0,0,1,0,0,0,0,0,1,90.0,1.0
6,João Gomes,WOL,5.4,1,1,90,0,0,90.0,90.0,0,0,0,2,0,0,0,0,0,1,0,0,0,0,0,2,45.0,2.0
6,Gomez,LIV,4.9,1,0,8,1,0,8.0,0.0,0,0,0,0,0,0,0,0,0,0,0,0,0,0,0,1,8.0,0.0
6,Gordon (Anthony),NEW,7.5,1,1,90,0,0,90.0,90.0,1,0,0,1,0,0,0,0,0,0,1,1,0,2,0,9,10.0,9.0
6,Gravenberch,LIV,5.6,1,1,90,0,0,90.0,90.0,0,0,0,1,0,0,0,0,0,1,0,0,0,1,0,3,30.0,3.0
6,Grealish,MCI,6.9,1,1,81,0,1,81.0,81.0,0,1,0,1,0,0,0,1,0,0,1,1,0,3,0,7,11.6,7.0
6,Greaves,IPS,3.8,1,1,90,0,0,90.0,90.0,0,0,0,2,0,0,0,1,0,1,0,0,0,0,0,0,0.0,0.0
6,Marc Guehi,CRY,4.9,1,1,90,0,0,90.0,90.0,1,0,0,2,0,0,0,0,0,0,1,1,0,2,0,9,10.0,9.0
6,Gueye,EVE,5.4,1,0,12,1,0,12.0,0.0,0,0,0,0,0,0,0,0,0,0,0,0,0,0,0,1,12.0,0.0
6,Bruno Guimarães,NEW,6.5,1,1,90,0,0,90.0,90.0,0,0,0,1,0,0,0,1,0,1,0,0,0,0,0,1,90.0,1.0
6,Gundogan,MCI,6.3,1,1,66,0,1,66.0,66.0,0,0,0,1,0,0,0,0,0,1,0,0,0,0,0,2,33.0,2.0
6,Gusto,CHE,4.9,1,1,90,0,0,90.0,90.0,0,0,0,2,0,0,0,0,0,1,0,0,0,0,0,1,90.0,1.0
6,Gvardiol,MCI,5.9,1,1,90,0,0,90.0,90.0,1,0,0,1,0,0,0,0,0,0,1,1,0,1,0,9,10.0,9.0
6,Haaland,MCI,14.8,1,1,90,0,0,90.0,90.0,0,0,0,1,0,0,0,0,0,1,0,0,0,0,0,2,45.0,2.0
6,Lewis Hall,NEW,5.2,1,1,90,0,0,90.0,90.0,0,0,0,1,0,0,0,0,0,1,0,0,0,0,0,2,45.0,2.0
6,Harrison (Jack),EVE,5.2,1,0,45,1,0,45.0,0.0,0,1,0,0,0,0,0,0,0,0,1,1,0,0,0,4,11.3,0.0
6,Harwood-Bellis,SOU,3.9,1,1,90,0,0,90.0,90.0,1,0,0,3,0,0,0,0,0,0,1,1,0,0,0,7,12.9,7.0
6,Havertz,ARS,7.3,1,1,90,0,0,90.0,90.0,1,0,0,2,0,0,0,0,0,0,1,1,0,0,0,6,15.0,6.0
6,Henderson,CRY,5.0,1,1,90,0,0,90.0,90.0,0,0,0,2,0,0,0,0,0,1,0,0,0,0,0,1,90.0,1.0
6,Hermansen,LEI,4.4,1,1,90,0,0,90.0,90.0,0,0,0,4,0,0,13,0,0,0,0,0,0,0,0,4,22.5,4.0
6,Hinshelwood,BHA,5.1,1,1,90,0,0,90.0,90.0,0,0,0,4,0,0,0,0,0,1,0,0,0,0,0,2,45.0,2.0
6,Hirst,IPS,5.4,1,0,6,1,0,6.0,0.0,0,0,0,0,0,0,0,0,0,0,0,0,0,0,0,1,6.0,0.0
6,Hudson-Odoi,NFO,5.8,1,0,41,1,0,41.0,0.0,0,0,0,0,0,0,0,0,0,0,0,0,0,0,0,1,41.0,0.0
6,Hughes,CRY,4.8,1,0,7,1,0,7.0,0.0,0,0,0,0,0,0,0,0,0,0,0,0,0,0,0,1,7.0,0.0
6,Hutchinson,IPS,5.4,1,1,90,0,0,90.0,90.0,0,1,0,2,0,0,0,0,0,0,1,1,0,1,0,6,15.0,6.0
6,Hwang Hee-Chan,WOL,5.8,1,0,27,1,0,27.0,0.0,0,0,0,0,0,0,0,0,0,0,0,0,0,0,0,1,27.0,0.0
6,Højlund,MUN,6.3,1,0,22,1,0,22.0,0.0,0,0,0,1,0,0,0,0,0,0,0,0,0,0,0,1,22.0,0.0
6,Ings,WHU,4.8,1,0,23,1,0,23.0,0.0,0,0,0,0,0,0,0,0,0,0,0,0,0,0,0,1,23.0,0.0
6,Irving,WHU,4.4,1,0,5,1,0,5.0,0.0,0,0,0,0,0,0,0,1,0,0,0,0,0,0,0,0,0.0,0.0
6,Iwobi,FUL,6.5,1,1,90,0,0,90.0,90.0,0,0,1,0,0,0,0,0,0,1,0,0,0,0,0,3,30.0,3.0
6,Jackson (Nicolas),CHE,6.5,1,1,78,0,1,78.0,78.0,0,1,0,2,0,0,0,0,0,0,1,1,0,0,0,5,15.6,5.0
6,Janelt,BRE,4.9,1,1,90,0,0,90.0,90.0,0,0,0,1,0,0,0,0,0,1,0,0,0,0,0,2,45.0,2.0
6,Raúl Jiménez,FUL,6.2,1,1,80,0,1,80.0,80.0,1,0,1,0,0,0,0,0,0,0,1,1,0,3,0,9,8.9,9.0
6,Johnson (Brennan),TOT,6.7,1,1,76,0,1,76.0,76.0,1,1,1,0,0,0,0,1,0,0,2,2,0,1,1,11,6.9,11.0
6,Johnstone,WOL,4.5,1,1,90,0,0,90.0,90.0,0,0,0,2,0,0,4,0,0,1,0,0,0,0,0,2,45.0,2.0
6,Jones,LIV,5.4,1,0,22,1,0,22.0,0.0,0,0,0,0,0,0,0,0,0,0,0,0,0,0,0,1,22.0,0.0
6,Justin,LEI,4.0,1,1,90,0,0,90.0,90.0,2,0,0,4,0,0,0,0,0,0,2,2,0,0,1,12,7.5,12.0
6,Kadioglu,BHA,4.4,1,1,70,0,1,70.0,70.0,0,0,0,4,0,0,0,0,0,1,0,0,0,0,0,0,0.0,0.0
6,Kamada,CRY,5.0,1,1,62,0,1,62.0,62.0,0,0,0,2,0,0,0,0,0,1,0,0,0,0,0,2,31.0,2.0
6,Kerkez,BOU,5.8,1,1,90,0,0,90.0,90.0,0,0,0,1,0,0,0,1,0,1,0,0,0,0,0,1,90.0,1.0
6,Kilman,WHU,4.3,1,1,90,0,0,90.0,90.0,0,0,0,1,0,0,0,1,0,1,0,0,0,0,0,1,90.0,1.0
6,Kluivert,BOU,7.0,1,0,33,1,0,33.0,0.0,0,0,0,0,0,0,0,0,0,0,0,0,0,0,0,1,33.0,0.0
6,Konak,BRE,4.4,1,0,13,1,0,13.0,0.0,0,0,0,0,0,0,0,0,0,0,0,0,0,0,0,1,13.0,0.0
6,Konaté,LIV,5.4,1,1,90,0,0,90.0,90.0,1,0,0,1,0,0,0,1,0,0,1,1,0,0,0,7,12.9,7.0
6,Konsa Ngoyo,AVL,4.4,1,1,90,0,0,90.0,90.0,0,0,0,2,0,0,0,0,0,1,0,0,0,0,0,1,90.0,1.0
6,Kovacic,MCI,5.9,1,1,90,0,0,90.0,90.0,0,0,0,1,0,0,0,1,0,1,0,0,0,0,0,1,90.0,1.0
6,Kristiansen,LEI,4.4,1,1,90,0,0,90.0,90.0,0,0,0,4,0,0,0,0,0,1,0,0,0,0,0,0,0.0,0.0
6,Kudus,WHU,6.8,1,1,45,0,1,45.0,45.0,0,0,0,1,0,0,0,0,0,1,0,0,0,0,0,1,45.0,1.0
6,Kulusevski,TOT,6.4,1,1,90,0,0,90.0,90.0,1,0,1,0,0,0,0,0,0,0,1,1,0,3,1,11,8.2,11.0
6,Lacroix,CRY,5.0,1,1,90,0,0,90.0,90.0,0,1,0,2,0,0,0,0,0,0,1,1,0,0,0,4,22.5,4.0
6,Lallana,SOU,5.0,1,0,25,1,0,25.0,0.0,0,0,0,0,0,0,0,1,0,0,0,0,0,0,0,0,0.0,0.0
6,Lavia,CHE,4.9,1,0,16,1,0,16.0,0.0,0,0,0,0,0,0,0,0,0,0,0,0,0,0,0,1,16.0,0.0
6,Lemina (Mario),WOL,4.8,1,1,90,0,0,90.0,90.0,0,0,0,2,0,0,0,0,0,1,0,0,0,0,0,2,45.0,2.0
6,Leno,FUL,5.0,1,1,90,0,0,90.0,90.0,0,0,1,0,0,0,1,1,0,0,0,1,0,0,0,5,18.0,5.0
6,Lerma,CRY,4.9,1,1,90,0,0,90.0,90.0,0,0,0,2,0,0,0,0,0,1,0,0,0,0,0,2,45.0,2.0
6,Lewis (Rico),MCI,4.9,1,1,80,0,1,80.0,80.0,0,0,0,1,0,0,0,0,0,1,0,0,0,0,0,2,40.0,2.0
6,Lewis-Potter,BRE,4.9,1,1,90,0,0,90.0,90.0,0,0,0,1,0,0,0,1,0,1,0,0,0,0,0,1,90.0,1.0
6,Lindstrom,EVE,5.0,1,1,45,0,1,45.0,45.0,0,0,0,1,0,0,0,0,0,1,0,0,0,0,0,1,45.0,1.0
6,Livramento,NEW,4.9,1,0,19,1,0,19.0,0.0,0,0,0,0,0,0,0,0,0,0,0,0,0,0,0,1,19.0,0.0
6,Longstaff (Sean),NEW,4.9,1,0,20,1,0,20.0,0.0,0,0,0,0,0,0,0,0,0,0,0,0,0,0,0,1,20.0,0.0
6,Lukic,FUL,5.0,1,1,80,0,1,80.0,80.0,0,0,1,0,0,0,0,1,0,1,0,0,0,0,0,2,40.0,2.0
6,Luongo,IPS,4.3,1,0,5,1,0,5.0,0.0,0,0,0,0,0,0,0,0,0,0,0,0,0,0,0,1,5.0,0.0
6,Maatsen,AVL,4.3,1,0,13,1,0,13.0,0.0,0,0,0,0,0,0,0,0,0,0,0,0,0,0,0,1,13.0,0.0
6,Mac Allister,LIV,6.3,1,1,90,0,0,90.0,90.0,0,0,0,1,0,0,0,0,0,1,0,0,0,0,0,2,45.0,2.0
6,Maddison,TOT,6.9,1,1,76,0,1,76.0,76.0,0,0,1,0,0,0,0,0,0,1,0,0,0,0,0,3,25.3,3.0
6,Madueke,CHE,6.8,1,1,62,0,1,62.0,62.0,0,1,0,2,0,0,0,0,0,0,1,1,0,0,0,5,12.4,5.0
6,Mainoo,MUN,4.8,1,1,41,0,1,41.0,41.0,0,0,0,1,0,0,0,0,0,1,0,0,0,0,0,1,41.0,1.0
6,Mangala,EVE,5.0,1,1,83,0,1,83.0,83.0,0,0,0,1,0,0,0,0,0,1,0,0,0,0,0,2,41.5,2.0
6,Martinelli,ARS,6.9,1,1,74,0,1,74.0,74.0,1,1,0,2,0,0,0,0,0,0,2,2,0,3,1,13,5.7,13.0
6,Martinez,AVL,5.0,1,1,90,0,0,90.0,90.0,0,0,0,2,0,0,3,0,0,1,0,0,0,0,0,2,45.0,2.0
6,Martínez,MUN,4.8,1,1,90,0,0,90.0,90.0,0,0,0,3,0,0,0,1,0,1,0,0,0,0,0,0,0.0,0.0
6,Mateta,CRY,7.7,1,1,90,0,0,90.0,90.0,0,0,0,2,0,0,0,0,0,1,0,0,0,0,0,2,45.0,2.0
6,Mavididi,LEI,5.0,1,1,87,0,1,87.0,87.0,0,0,0,2,0,0,0,0,0,1,0,0,0,0,0,2,43.5,2.0
6,Mavropanos,WHU,4.4,1,0,45,1,0,45.0,0.0,0,0,0,0,0,0,0,0,0,0,0,0,0,0,0,1,45.0,0.0
6,Mazraoui,MUN,4.9,1,1,90,0,0,90.0,90.0,0,0,0,3,0,0,0,1,0,1,0,0,0,0,0,0,0.0,0.0
6,Mbeumo,BRE,8.2,1,1,90,0,0,90.0,90.0,1,0,0,1,0,0,0,0,0,0,1,1,0,2,0,9,10.0,9.0
6,McNeil,EVE,5.6,1,1,82,0,1,82.0,82.0,2,0,0,1,0,0,0,0,0,0,2,2,0,3,1,15,5.5,15.0
6,Milenkovic,NFO,5.2,1,1,90,0,0,90.0,90.0,0,0,0,1,0,0,0,0,0,1,0,0,0,0,0,2,45.0,2.0
6,Minteh,BHA,6.0,1,0,25,1,0,25.0,0.0,0,0,0,0,0,0,0,0,0,0,0,0,0,0,0,1,25.0,0.0
6,Mitchell,CRY,5.0,1,1,90,0,0,90.0,90.0,0,0,0,2,0,0,0,0,0,1,0,0,0,0,0,1,90.0,1.0
6,Mitoma,BHA,6.2,1,1,90,0,0,90.0,90.0,0,0,0,4,0,0,0,0,0,1,0,0,0,0,0,2,45.0,2.0
6,Moore (Mikey),TOT,5.0,1,0,18,1,0,18.0,0.0,0,0,0,0,0,0,0,0,0,0,0,0,0,0,0,1,18.0,0.0
6,Savinho,MCI,6.9,1,0,16,1,0,16.0,0.0,0,0,0,0,0,0,0,0,0,0,0,0,0,0,0,1,16.0,0.0
6,Álex Moreno,NFO,4.0,1,1,81,0,1,81.0,81.0,0,0,0,1,0,0,0,0,0,1,0,0,0,0,0,2,40.5,2.0
6,Morsy,IPS,4.8,1,1,90,0,1,90.0,90.0,0,0,0,2,0,0,0,1,0,1,0,0,0,0,0,1,90.0,1.0
6,Mount,MUN,5.9,1,0,43,1,1,43.0,0.0,0,0,0,2,0,0,0,1,0,0,0,0,0,0,0,0,0.0,0.0
6,Mudryk,CHE,5.0,1,0,25,1,0,25.0,0.0,0,0,0,0,0,0,0,0,0,0,0,0,0,0,0,1,25.0,0.0
6,Rodrigo Muniz,FUL,5.4,1,0,16,1,0,16.0,0.0,0,0,0,0,0,0,0,0,0,0,0,0,0,0,0,1,16.0,0.0
6,Muñoz,CRY,5.7,1,1,90,0,0,90.0,90.0,0,0,0,2,0,0,0,0,0,1,0,0,0,0,0,1,90.0,1.0
6,Muric,IPS,4.4,1,1,90,0,0,90.0,90.0,0,0,0,2,0,0,1,0,0,1,0,0,0,0,0,1,90.0,1.0
6,Murphy (Jacob),NEW,6.1,1,1,90,0,0,90.0,90.0,0,0,0,1,0,0,0,0,0,1,0,0,0,0,0,2,45.0,2.0
6,Mvom Onana,AVL,4.8,1,1,90,0,0,90.0,90.0,0,0,0,2,0,0,0,0,0,1,0,0,0,0,0,2,45.0,2.0
6,Mykolenko,EVE,4.9,1,1,90,0,0,90.0,90.0,0,0,0,1,0,0,0,0,0,1,0,0,0,0,0,2,45.0,2.0
6,Ndiaye,EVE,6.5,1,1,90,0,0,90.0,90.0,0,0,0,1,0,0,0,0,0,1,0,0,0,1,0,3,30.0,3.0
6,Ndidi,LEI,4.9,1,1,90,0,1,90.0,90.0,0,1,0,3,1,0,0,1,0,1,1,1,0,0,0,2,45.0,2.0
6,Nelson (Reiss),FUL,4.8,1,0,30,1,0,30.0,0.0,0,0,0,0,0,0,0,0,0,0,0,0,0,0,0,1,30.0,0.0
6,Neto,CHE,7.0,1,0,32,1,0,32.0,0.0,0,0,0,0,0,0,0,0,0,0,0,0,0,0,0,1,32.0,0.0
6,Eddie Nketiah,CRY,5.4,1,1,73,0,1,73.0,73.0,0,0,0,2,0,0,0,0,0,1,0,0,0,0,0,2,36.5,2.0
6,Nkunku,CHE,5.9,1,0,17,1,0,17.0,0.0,0,0,0,0,0,0,0,0,0,0,0,0,0,0,0,1,17.0,0.0
6,Nwaneri,ARS,5.2,1,0,15,1,0,15.0,0.0,0,0,0,0,0,0,0,0,0,0,0,0,0,0,0,1,15.0,0.0
6,O'Shea,IPS,3.8,1,1,90,0,0,90.0,90.0,0,0,0,2,0,0,0,0,0,1,0,0,0,0,0,1,90.0,1.0
6,Ogbene,IPS,4.8,1,1,69,0,1,69.0,69.0,0,0,0,2,0,0,0,0,0,1,0,0,0,0,0,2,34.5,2.0
6,Okoli,LEI,4.0,1,1,90,0,1,90.0,90.0,0,0,0,3,0,0,0,0,0,1,0,0,0,0,0,1,90.0,1.0
6,Onana,MUN,4.9,1,1,90,0,0,90.0,90.0,0,0,0,3,0,0,7,0,0,1,0,0,0,0,0,3,30.0,3.0
6,Dango Ouattara,BOU,6.0,1,1,61,0,1,61.0,61.0,1,0,0,1,0,0,0,0,0,0,1,1,0,1,0,8,7.6,8.0
6,Palmer (Cole),CHE,10.3,1,1,90,0,0,90.0,90.0,4,0,0,2,0,0,0,0,0,0,4,4,0,3,1,25,3.6,25.0
6,Emerson,WHU,4.4,1,1,45,0,1,45.0,45.0,0,0,0,1,0,0,0,1,0,1,0,0,0,0,0,0,0.0,0.0
6,Partey,ARS,4.9,1,1,82,0,1,82.0,82.0,0,0,0,2,0,0,0,0,0,1,0,0,0,0,0,2,41.0,2.0
6,Pereira,FUL,5.3,1,1,67,0,1,67.0,67.0,0,1,1,0,0,0,0,0,0,0,1,1,0,0,0,6,11.2,6.0
6,Phillips (Kalvin),IPS,4.8,1,1,69,0,1,69.0,69.0,0,0,0,2,0,0,0,0,0,1,0,0,0,0,0,2,34.5,2.0
6,Philogene-Bidace,IPS,5.3,1,0,32,1,0,32.0,0.0,0,0,0,1,0,0,0,0,0,0,0,0,0,0,0,1,32.0,0.0
6,Pickford,EVE,5.5,1,1,90,0,0,90.0,90.0,0,0,0,1,0,0,3,1,0,1,0,0,0,0,0,2,45.0,2.0
6,Pinnock,BRE,4.3,1,1,90,0,0,90.0,90.0,0,0,0,1,0,0,0,0,0,1,0,0,0,0,0,2,45.0,2.0
6,Pope,NEW,5.2,1,1,90,0,0,90.0,90.0,0,0,0,1,0,0,5,0,0,1,0,0,0,0,0,3,30.0,3.0
6,Porro,TOT,5.5,1,1,90,0,0,90.0,90.0,0,0,1,0,0,0,0,1,0,0,0,1,0,0,0,5,18.0,5.0
6,Ramsdale,SOU,4.8,1,1,90,0,0,90.0,90.0,0,0,0,3,0,0,3,0,0,1,0,0,0,0,0,2,45.0,2.0
6,Alisson,LIV,5.4,1,1,90,0,0,90.0,90.0,0,0,0,1,0,0,2,0,0,1,0,0,0,0,0,2,45.0,2.0
6,Ramsey (Jacob),AVL,5.3,1,1,90,0,0,90.0,90.0,0,0,0,2,0,0,0,0,0,1,0,0,0,0,0,2,45.0,2.0
6,Rashford,AVL,7.0,1,1,72,0,1,72.0,72.0,0,0,0,2,0,0,0,0,0,1,0,0,0,0,0,2,36.0,2.0
6,Raya Martin,ARS,5.8,1,1,90,0,0,90.0,90.0,0,0,0,2,0,0,1,0,0,1,0,0,0,0,0,1,90.0,1.0
6,Reed,FUL,4.4,1,0,16,1,0,16.0,0.0,0,0,0,0,0,0,0,1,0,0,0,0,0,0,0,0,0.0,0.0
6,Rice,ARS,6.7,1,1,90,0,0,90.0,90.0,0,0,0,2,0,0,0,0,0,1,0,0,0,0,0,2,45.0,2.0
6,Robertson,LIV,5.8,1,1,87,0,1,87.0,87.0,0,0,0,1,0,0,0,0,0,1,0,0,0,0,0,2,43.5,2.0
6,Robinson (Antonee),FUL,4.9,1,1,90,0,0,90.0,90.0,0,0,1,0,0,0,0,0,0,0,0,1,0,1,0,7,12.9,7.0
6,Rodríguez,WHU,4.8,1,1,90,0,0,90.0,90.0,0,0,0,1,0,0,0,0,0,1,0,0,0,0,0,2,45.0,2.0
6,Rogers,AVL,6.8,1,1,64,0,1,64.0,64.0,1,0,0,1,0,0,0,0,0,0,1,1,0,0,0,7,9.1,7.0
6,Romero,TOT,5.0,1,1,90,0,0,90.0,90.0,0,0,1,0,0,0,0,0,0,0,0,1,0,0,0,6,15.0,6.0
6,Rutter,BHA,5.7,1,1,70,0,1,70.0,70.0,1,0,0,4,0,0,0,0,0,0,1,1,0,0,0,7,10.0,7.0
6,Saka,ARS,10.0,1,1,90,0,0,90.0,90.0,0,0,0,2,0,0,0,0,0,1,0,0,0,1,0,3,30.0,3.0
6,Salah,LIV,14.3,1,1,90,0,0,90.0,90.0,1,0,0,1,0,0,0,0,0,0,1,1,0,3,1,10,9.0,10.0
6,Saliba,ARS,6.0,1,1,90,0,0,90.0,90.0,0,0,0,2,0,0,0,1,0,1,0,0,0,0,0,0,0.0,0.0
6,Sanchez,CHE,4.9,1,1,90,0,0,90.0,90.0,0,0,0,2,0,0,4,0,0,1,0,0,0,0,0,2,45.0,2.0
6,Sancho,MUN,5.8,1,1,70,0,1,70.0,70.0,0,2,0,2,0,0,0,0,0,0,2,2,0,1,0,9,7.8,9.0
6,Ederson,MCI,5.3,1,1,90,0,0,90.0,90.0,0,0,0,1,0,0,3,1,0,1,0,0,0,0,0,2,45.0,2.0
6,Murillo,NFO,5.3,1,1,90,0,0,90.0,90.0,0,0,0,1,0,0,0,1,0,1,0,0,0,0,0,1,90.0,1.0
6,Matheus Cunha,WOL,7.9,1,1,90,0,0,90.0,90.0,0,0,0,2,0,0,0,0,0,1,0,0,0,0,0,2,45.0,2.0
6,Diego Carlos,AVL,4.5,1,1,90,0,0,90.0,90.0,0,0,0,2,0,0,0,0,0,1,0,0,0,0,0,1,90.0,1.0
6,Ismaila Sarr,CRY,6.6,1,0,32,1,0,32.0,0.0,0,0,0,0,0,0,0,0,0,0,0,0,0,0,0,1,32.0,0.0
6,Sarr (Pape),TOT,4.9,1,0,18,1,0,18.0,0.0,0,1,0,0,0,0,0,0,0,0,1,1,0,0,0,4,4.5,0.0
6,Schade,BRE,7.0,1,1,58,0,1,58.0,58.0,0,0,0,1,0,0,0,0,0,1,0,0,0,0,0,1,58.0,1.0
6,Schär,NEW,5.4,1,1,90,0,0,90.0,90.0,0,0,0,1,0,0,0,1,0,1,0,0,0,0,0,1,90.0,1.0
6,Schlupp,CRY,4.6,1,0,22,1,0,22.0,0.0,0,0,0,0,0,0,0,0,0,0,0,0,0,0,0,1,22.0,0.0
6,Scott,BOU,5.0,1,0,18,1,0,18.0,0.0,0,0,0,0,0,0,0,0,0,0,0,0,0,0,0,1,18.0,0.0
6,Sels,NFO,4.8,1,1,90,0,0,90.0,90.0,0,0,0,1,0,0,1,0,0,1,0,0,0,0,0,2,45.0,2.0
6,Semedo,WOL,4.5,1,1,90,0,0,90.0,90.0,0,0,0,2,0,0,0,0,0,1,0,0,0,0,0,1,90.0,1.0
6,Semenyo,BOU,8.1,1,1,88,0,1,88.0,88.0,1,0,0,1,0,0,0,0,0,0,1,1,0,0,0,7,12.6,7.0
6,Senesi,BOU,5.0,1,1,90,0,0,90.0,90.0,0,0,0,1,0,0,0,0,0,1,0,0,0,0,0,2,45.0,2.0
6,Sinisterra,BOU,5.0,1,0,5,1,0,5.0,0.0,0,0,0,0,0,0,0,0,0,0,0,0,0,0,0,1,5.0,0.0
6,Skipp,LEI,4.7,1,1,87,0,1,87.0,87.0,0,0,0,2,0,0,0,1,0,1,0,0,0,0,0,1,87.0,1.0
6,Smith,BOU,4.4,1,1,90,0,0,90.0,90.0,0,0,0,1,0,0,0,0,0,1,0,0,0,0,0,2,45.0,2.0
6,Smith-Rowe,FUL,5.7,1,1,85,0,1,85.0,85.0,0,0,1,0,0,0,0,0,0,1,0,0,0,0,0,3,28.3,3.0
6,Solanke,TOT,7.2,1,1,90,0,0,90.0,90.0,1,0,1,0,0,0,0,0,0,0,1,1,0,0,0,6,15.0,6.0
6,Soler (Carlos),WHU,5.0,1,0,45,1,0,45.0,0.0,0,0,0,0,0,0,0,0,0,0,0,0,0,0,0,1,45.0,0.0
6,Sosa,NFO,5.5,1,0,24,1,0,24.0,0.0,0,0,0,0,0,0,0,0,0,0,0,0,0,0,0,1,24.0,0.0
6,Soucek,WHU,5.7,1,1,90,0,0,90.0,90.0,1,0,0,1,0,0,0,0,0,0,1,1,0,3,1,10,9.0,10.0
6,Spence,TOT,4.5,1,0,45,1,0,45.0,0.0,0,0,0,0,0,0,0,1,0,0,0,0,0,0,0,0,0.0,0.0
6,Sterling,ARS,6.7,1,0,24,1,0,24.0,0.0,0,0,0,0,0,0,0,0,0,0,0,0,0,0,0,1,24.0,0.0
6,Stewart,SOU,4.4,1,0,45,1,0,45.0,0.0,0,0,0,0,0,0,0,0,0,0,0,0,0,0,0,1,45.0,0.0
6,Strand Larsen,WOL,6.4,1,1,68,0,1,68.0,68.0,0,0,0,2,0,0,0,0,0,1,0,0,0,0,0,2,34.0,2.0
6,Sugawara,SOU,4.2,1,1,90,0,0,90.0,90.0,0,0,0,3,0,0,0,1,0,1,0,0,0,0,0,0,0.0,0.0
6,Summerville,WHU,5.5,1,0,22,1,0,22.0,0.0,0,0,0,0,0,0,0,0,0,0,0,0,0,0,0,1,22.0,0.0
6,Szmodics,IPS,5.7,1,0,6,1,0,6.0,0.0,0,0,0,0,0,0,0,0,0,0,0,0,0,0,0,1,6.0,0.0
6,Szoboszlai,LIV,6.5,1,1,73,0,1,73.0,73.0,0,0,0,1,0,0,0,0,0,1,0,0,0,0,0,2,36.5,2.0
6,Tarkowski,EVE,5.5,1,1,90,0,0,90.0,90.0,0,0,0,1,0,0,0,0,0,1,0,0,0,0,0,2,45.0,2.0
6,Tavernier,BOU,5.5,1,1,75,0,1,75.0,75.0,0,1,0,1,0,0,0,1,0,0,1,1,0,0,0,4,18.8,4.0
6,Taylor (Charlie),SOU,3.9,1,1,90,0,0,90.0,90.0,0,0,0,3,0,0,0,0,0,1,0,0,0,0,0,1,90.0,1.0
6,Taylor (Jack),IPS,4.8,1,0,27,1,0,27.0,0.0,0,0,0,0,0,0,0,0,0,0,0,0,0,0,0,1,27.0,0.0
6,Diogo Jota,LIV,7.2,1,1,90,0,0,90.0,90.0,0,2,0,1,0,0,0,1,0,0,2,2,0,1,0,8,11.3,8.0
6,Tete,FUL,4.5,1,1,90,0,0,90.0,90.0,0,0,1,0,0,0,0,1,0,0,0,1,0,0,0,5,18.0,5.0
6,Tielemans,AVL,5.9,1,1,83,0,1,83.0,83.0,0,0,0,2,0,0,0,0,0,1,0,0,0,0,0,2,41.5,2.0
6,Jurriën Timber,ARS,6.1,1,1,90,0,0,90.0,90.0,0,1,0,2,0,0,0,0,0,0,1,1,0,0,0,4,22.5,4.0
6,Todibo,WHU,4.3,1,1,90,0,0,90.0,90.0,0,0,0,1,0,0,0,0,0,1,0,0,0,0,0,2,45.0,2.0
6,Lucas Paquetá,WHU,5.9,1,1,73,0,1,73.0,73.0,0,0,0,1,0,0,0,0,0,1,0,0,0,0,0,2,36.5,2.0
6,Tonali,NEW,5.4,1,1,77,0,1,77.0,77.0,0,0,0,1,0,0,0,1,0,1,0,0,0,0,0,1,77.0,1.0
6,Torres,AVL,4.3,1,1,90,0,0,90.0,90.0,0,0,0,2,0,0,0,0,0,1,0,0,0,0,0,1,90.0,1.0
6,Traoré (Adama),FUL,5.2,1,1,66,0,1,66.0,66.0,0,0,1,0,0,0,0,0,0,1,0,0,0,0,0,3,22.0,3.0
6,Amad Diallo,MUN,6.3,1,0,12,1,0,12.0,0.0,0,0,0,0,0,0,0,0,0,0,0,0,0,0,0,1,12.0,0.0
6,Trippier,NEW,5.0,1,1,77,0,1,77.0,77.0,0,0,0,1,0,0,0,0,0,1,0,0,0,0,0,2,38.5,2.0
6,Trossard,ARS,6.9,1,1,90,0,1,90.0,90.0,1,1,0,2,0,0,0,0,0,0,2,2,0,2,1,12,7.5,12.0
6,Tuanzebe,IPS,3.9,1,1,90,0,0,90.0,90.0,0,0,0,2,0,0,0,1,0,1,0,0,0,0,0,0,0.0,0.0
6,Destiny Udogie,TOT,4.4,1,1,45,0,1,45.0,45.0,0,0,0,0,0,0,0,0,0,1,0,0,0,0,0,1,45.0,1.0
6,Ugarte,MUN,4.8,1,1,72,0,1,72.0,72.0,0,0,0,2,0,0,0,1,0,1,0,0,0,0,0,1,72.0,1.0
6,Ugochukwu,SOU,5.0,1,1,45,0,1,45.0,45.0,0,0,0,3,0,0,0,0,0,1,0,0,0,0,0,1,45.0,1.0
6,Unal,BOU,5.4,1,0,19,1,0,19.0,0.0,0,0,0,0,0,0,0,0,0,0,0,0,0,0,0,1,19.0,0.0
6,van de Ven,TOT,4.7,1,1,80,0,1,80.0,80.0,0,1,1,0,0,0,0,0,0,0,1,2,0,2,1,11,7.3,11.0
6,van den Berg,BRE,4.5,1,1,90,0,0,90.0,90.0,0,0,0,1,0,0,0,0,0,1,0,0,0,0,0,2,45.0,2.0
6,van Dijk,LIV,6.0,1,1,90,0,0,90.0,90.0,0,0,0,1,0,0,0,0,0,1,0,0,0,0,0,2,45.0,2.0
6,Vardy,LEI,5.4,1,1,90,0,0,90.0,90.0,0,0,0,4,0,0,0,1,0,1,0,0,0,0,0,1,90.0,1.0
6,Bernardo Silva,MCI,6.3,1,1,90,0,0,90.0,90.0,0,0,0,1,0,0,0,0,0,1,0,0,0,0,0,2,45.0,2.0
6,Verbruggen,BHA,4.4,1,1,90,0,0,90.0,90.0,0,0,0,4,0,0,2,0,0,1,0,0,0,0,0,0,0.0,0.0
6,Vicario,TOT,5.1,1,1,90,0,0,90.0,90.0,0,0,1,0,0,0,2,0,0,0,0,1,0,0,0,6,15.0,6.0
6,Walker,MCI,4.4,1,1,90,0,0,90.0,90.0,0,0,0,1,0,0,0,0,0,1,0,0,0,0,0,2,45.0,2.0
6,Wan-Bissaka,WHU,4.3,1,1,90,0,0,90.0,90.0,0,0,0,1,0,0,0,0,0,1,0,0,0,0,0,2,45.0,2.0
6,Ward-Prowse,WHU,5.7,1,1,72,0,1,72.0,72.0,0,0,0,1,0,0,0,0,0,1,0,0,0,0,0,2,36.0,2.0
6,Watkins,AVL,8.5,1,1,83,0,1,83.0,83.0,1,1,0,2,0,0,0,0,0,0,2,2,0,2,1,11,7.5,11.0
6,Webster,BHA,4.4,1,1,57,0,1,57.0,57.0,0,0,0,4,0,0,0,0,0,1,0,0,0,0,0,0,0.0,0.0
6,Welbeck,BHA,6.4,1,1,80,0,1,80.0,80.0,0,0,0,4,0,0,0,0,0,1,0,0,0,0,0,2,40.0,2.0
6,Werner,TOT,6.2,1,1,76,0,1,76.0,76.0,0,0,1,0,0,0,0,0,0,1,0,0,0,0,0,3,25.3,3.0
6,Wharton,CRY,5.0,1,1,88,0,1,88.0,88.0,0,0,0,2,0,0,0,0,0,1,0,0,0,0,0,2,44.0,2.0
6,Wieffer,BHA,4.9,1,1,56,0,1,56.0,56.0,0,0,0,4,0,0,0,0,0,1,0,0,0,0,0,1,56.0,1.0
6,Williams (Neco),NFO,4.7,1,0,15,1,0,15.0,0.0,0,0,0,0,0,0,0,0,0,0,0,0,0,0,0,1,15.0,0.0
6,Willock,NEW,5.0,1,0,21,1,0,21.0,0.0,0,0,0,0,0,0,0,0,0,0,0,0,0,0,0,1,21.0,0.0
6,Winks,LEI,4.3,1,1,90,0,0,90.0,90.0,0,0,0,4,0,0,0,0,0,1,0,0,0,0,0,2,45.0,2.0
6,Wood (Chris),NFO,7.2,1,1,90,0,0,90.0,90.0,0,0,0,1,0,0,0,0,0,1,0,0,0,0,0,2,45.0,2.0
6,Yarmolyuk,BRE,5.0,1,0,38,1,0,38.0,0.0,0,0,0,0,0,0,0,1,0,0,0,0,0,0,0,0,0.0,0.0
6,Yates,NFO,4.8,1,1,90,0,0,90.0,90.0,0,0,0,1,0,0,0,1,0,1,0,0,0,0,0,1,90.0,1.0
6,Young (Ashley),EVE,4.2,1,1,90,0,0,90.0,90.0,0,1,0,1,0,0,0,0,0,0,1,1,0,0,0,5,18.0,5.0
6,Zabarnyi,BOU,5.0,1,1,90,0,0,90.0,90.0,0,0,0,1,0,0,0,0,0,1,0,0,0,0,0,2,45.0,2.0
6,Zirkzee,MUN,5.8,1,1,45,0,1,45.0,45.0,0,0,0,1,0,0,0,0,0,1,0,0,0,0,0,1,45.0,1.0
7,Tosin,CHE,4.4,1,0,12,1,0,12.0,0.0,0,0,0,0,0,0,0,0,0,0,0,0,0,0,0,1,12.0,0.0
7,Aina,NFO,4.7,1,1,90,0,0,90.0,90.0,0,0,0,1,0,0,0,0,0,1,0,0,0,0,0,2,45.0,2.0
7,Ait Nouri,WOL,5.8,1,1,90,0,0,90.0,90.0,1,1,0,5,0,0,0,0,0,0,2,2,0,0,0,9,10.0,9.0
7,Ajer,BRE,4.4,1,1,90,0,1,90.0,90.0,0,0,0,2,0,0,0,1,0,1,0,0,0,0,0,0,0.0,0.0
7,Akanji,MCI,5.4,1,1,61,0,1,61.0,61.0,0,0,0,1,0,0,0,0,0,1,0,0,0,0,0,2,30.5,2.0
7,Alexander-Arnold,LIV,7.2,1,1,90,0,0,90.0,90.0,0,0,1,0,0,0,0,0,0,0,0,1,0,2,0,8,11.3,8.0
7,Almirón,NEW,5.4,1,0,33,1,0,33.0,0.0,0,0,0,0,0,0,0,0,0,0,0,0,0,0,0,1,33.0,0.0
7,Álvarez (Edson),WHU,4.9,1,0,24,1,0,24.0,0.0,0,0,0,0,0,0,0,0,0,0,0,0,0,0,0,1,24.0,0.0
7,Andersen,FUL,4.5,1,1,90,0,0,90.0,90.0,0,0,0,3,0,0,0,0,0,1,0,0,0,0,0,1,90.0,1.0
7,Anderson,NFO,5.3,1,1,66,0,1,66.0,66.0,0,0,0,1,0,0,0,0,0,1,0,0,0,0,0,2,33.0,2.0
7,Antonio,WHU,5.2,1,1,69,0,1,69.0,69.0,1,3,0,1,0,0,0,0,0,0,4,4,0,3,1,18,3.8,18.0
7,Joelinton,NEW,5.9,1,1,90,0,0,90.0,90.0,0,0,1,0,0,0,0,0,0,1,0,0,0,0,0,3,30.0,3.0
7,Archer,SOU,4.8,1,0,66,1,0,66.0,0.0,1,0,0,3,0,0,0,0,0,0,1,1,0,1,0,7,9.4,0.0
7,Areola,WHU,4.3,1,1,90,0,0,90.0,90.0,0,0,0,1,0,0,2,0,0,1,0,0,0,0,0,2,45.0,2.0
7,Aribo,SOU,4.9,1,1,90,0,0,90.0,90.0,0,0,0,3,0,0,0,0,0,1,0,0,0,0,0,2,45.0,2.0
7,Armstrong (Adam),SOU,5.1,1,0,24,1,0,24.0,0.0,0,0,0,1,0,0,0,0,0,0,0,0,0,0,0,1,24.0,0.0
7,Kepa,BOU,4.2,1,1,90,0,0,90.0,90.0,0,0,0,1,0,0,1,0,0,1,0,0,0,0,0,2,45.0,2.0
7,Ayew,LEI,5.1,1,1,87,0,1,87.0,87.0,0,0,1,0,0,0,0,1,0,1,0,0,0,0,0,2,43.5,2.0
7,Bailey,AVL,5.5,1,1,62,0,1,62.0,62.0,0,0,1,0,0,0,0,0,0,1,0,0,0,0,0,3,20.7,3.0
7,Baleba,BHA,4.7,1,1,73,0,1,73.0,73.0,0,0,0,2,0,0,0,0,0,1,0,0,0,0,0,2,36.5,2.0
7,Barkley,AVL,4.8,1,1,90,0,0,90.0,90.0,0,0,1,0,0,0,0,1,0,1,0,0,0,0,0,2,45.0,2.0
7,Barnes,NEW,6.4,1,1,62,0,1,62.0,62.0,0,0,1,0,0,0,0,0,0,1,0,0,0,0,0,3,20.7,3.0
7,Bassey,FUL,4.5,1,1,90,0,0,90.0,90.0,0,0,0,3,0,0,0,1,0,1,0,0,0,0,0,0,0.0,0.0
7,Bednarek,SOU,4.0,1,1,90,0,0,90.0,90.0,0,0,0,3,0,0,0,1,0,1,0,0,0,0,0,0,0.0,0.0
7,Bellegarde,WOL,5.2,1,0,18,1,0,18.0,0.0,0,1,0,1,0,0,0,0,0,0,1,1,0,0,0,4,4.5,0.0
7,Bentancur,TOT,5.3,1,1,79,0,1,79.0,79.0,0,0,0,3,0,0,0,0,0,1,0,0,0,0,0,2,39.5,2.0
7,Berge,FUL,4.9,1,1,65,0,1,65.0,65.0,0,0,0,2,0,0,0,0,0,1,0,0,0,0,0,2,32.5,2.0
7,Bissouma,TOT,5.2,1,0,16,1,0,16.0,0.0,0,0,0,0,0,0,0,0,0,0,0,0,0,0,0,1,16.0,0.0
7,Carlos Borges,WOL,5.4,1,1,67,0,1,67.0,67.0,0,0,0,4,0,0,0,1,0,1,0,0,0,0,0,1,67.0,1.0
7,Bruno Fernandes,MUN,8.9,1,1,90,0,0,90.0,90.0,0,0,1,0,0,0,0,0,0,1,0,0,0,0,0,3,30.0,3.0
7,Bowen,WHU,7.8,1,1,90,0,0,90.0,90.0,1,1,0,1,0,0,0,0,0,0,2,2,0,2,1,12,7.5,12.0
7,Brooks,BOU,5.0,1,0,15,1,0,15.0,0.0,0,0,0,0,0,0,0,0,0,0,0,0,0,0,0,1,15.0,0.0
7,Buonanotte,LEI,4.8,1,1,81,0,1,81.0,81.0,1,0,1,0,0,0,0,0,0,0,1,1,0,3,1,11,7.4,11.0
7,Burn,NEW,5.1,1,1,90,0,0,90.0,90.0,0,0,1,0,0,0,0,0,0,0,0,1,0,2,0,8,11.3,8.0
7,Burns,IPS,4.7,1,1,72,0,1,72.0,72.0,0,0,0,4,0,0,0,0,0,1,0,0,0,0,0,2,36.0,2.0
7,Moises Caicedo,CHE,5.9,1,1,90,0,0,90.0,90.0,0,0,0,1,0,0,0,1,0,1,0,0,0,0,0,1,90.0,1.0
7,Cairney,FUL,4.9,1,0,31,1,0,31.0,0.0,0,0,0,1,0,0,0,0,0,0,0,0,0,0,0,1,31.0,0.0
7,Calafiori,ARS,5.8,1,1,88,0,1,88.0,88.0,0,0,0,1,0,0,0,0,0,1,0,0,0,0,0,2,44.0,2.0
7,Calvert-Lewin,EVE,5.5,1,1,90,0,0,90.0,90.0,0,0,1,0,0,0,0,0,0,1,0,0,0,0,0,2,45.0,2.0
7,Carvalho,BRE,4.9,1,0,18,1,0,18.0,0.0,1,0,0,1,0,0,0,0,0,0,1,1,0,0,0,6,3.0,0.0
7,Cash,AVL,4.6,1,1,90,0,0,90.0,90.0,0,0,1,0,0,0,0,0,0,0,0,1,0,0,0,6,15.0,6.0
7,Castagne,FUL,4.4,1,0,19,1,0,19.0,0.0,0,0,0,1,0,0,0,0,0,0,0,0,0,0,0,1,19.0,0.0
7,Chalobah,CHE,5.1,1,1,86,0,1,86.0,86.0,0,0,0,1,0,0,0,0,0,1,0,0,0,0,0,2,43.0,2.0
7,Chaplin,IPS,5.1,1,0,11,1,0,11.0,0.0,0,0,0,0,0,0,0,0,0,0,0,0,0,0,0,1,11.0,0.0
7,Christie,BOU,5.0,1,1,73,0,1,73.0,73.0,0,0,0,1,0,0,0,0,0,1,0,0,0,0,0,2,36.5,2.0
7,Clarke (Jack),IPS,5.4,1,1,72,0,1,72.0,72.0,0,0,0,4,0,0,0,1,0,1,0,0,0,0,0,1,72.0,1.0
7,Clyne,CRY,3.9,1,0,76,1,0,76.0,0.0,0,0,1,0,0,0,0,0,0,0,0,1,0,0,0,6,12.7,0.0
7,Collins,BRE,4.9,1,1,90,0,0,90.0,90.0,1,1,0,3,0,0,0,0,0,0,2,2,0,0,1,10,9.0,10.0
7,Colwill,CHE,4.8,1,1,88,0,1,88.0,88.0,0,0,0,1,0,0,0,1,0,1,0,0,0,0,0,1,88.0,1.0
7,Cook,BOU,4.9,1,1,90,0,0,90.0,90.0,0,0,0,1,0,0,0,0,0,1,0,0,0,0,0,2,45.0,2.0
7,Cresswell,WHU,3.9,1,0,11,1,0,11.0,0.0,0,0,0,0,0,0,0,0,0,0,0,0,0,0,0,1,11.0,0.0
7,Cucurella,CHE,6.1,1,1,90,0,0,90.0,90.0,0,0,0,1,0,0,0,1,0,1,0,0,0,0,0,1,90.0,1.0
7,André,WOL,5.4,1,1,56,0,1,56.0,56.0,0,0,0,4,0,0,0,0,0,1,0,0,0,0,0,1,56.0,1.0
7,Dalot,MUN,4.4,1,1,90,0,0,90.0,90.0,0,0,1,0,0,0,0,0,0,0,0,1,0,0,0,6,15.0,6.0
7,Damsgaard,BRE,5.8,1,1,90,0,1,90.0,90.0,0,2,0,2,0,0,0,0,0,0,2,2,0,2,1,10,9.0,10.0
7,Davis,IPS,4.2,1,1,90,0,0,90.0,90.0,0,0,0,4,0,0,0,0,0,1,0,0,0,0,0,0,0.0,0.0
7,Dawson,WOL,4.2,1,1,90,0,0,90.0,90.0,0,0,0,5,0,0,0,1,0,1,0,0,0,0,0,0,0.0,0.0
7,Jesus,ARS,6.4,1,1,60,0,1,60.0,60.0,0,0,0,1,0,0,0,0,0,1,0,0,0,0,0,1,60.0,1.0
7,de Ligt,MUN,5.0,1,0,45,1,0,45.0,0.0,0,0,0,0,0,0,0,0,0,0,0,0,0,0,0,1,45.0,0.0
7,Evanilson,BOU,7.0,1,1,81,0,1,81.0,81.0,0,0,0,1,0,0,0,0,0,1,0,0,0,0,0,2,40.5,2.0
7,DeCordova-Reid,LEI,5.2,1,0,15,1,0,15.0,0.0,0,0,0,0,0,0,0,0,0,0,0,0,0,0,0,1,15.0,0.0
7,Delap,IPS,6.2,1,1,82,0,1,82.0,82.0,1,0,0,4,0,0,0,0,0,0,1,1,0,0,0,6,13.7,6.0
7,Díaz,LIV,8.0,1,0,22,1,0,22.0,0.0,0,0,0,0,0,0,0,0,0,0,0,0,0,0,0,1,22.0,0.0
7,Dibling,SOU,5.4,1,1,90,0,0,90.0,90.0,0,0,0,3,0,0,0,1,0,1,0,0,0,0,0,1,90.0,1.0
7,Digne,AVL,4.5,1,1,84,0,1,84.0,84.0,0,0,1,0,0,0,0,0,0,0,0,1,0,2,0,8,10.5,8.0
7,Doku,MCI,6.5,1,0,34,1,0,34.0,0.0,1,0,0,1,0,0,0,0,0,0,1,1,0,0,0,6,5.7,0.0
7,Nicolás Domínguez,NFO,5.0,1,0,29,1,0,29.0,0.0,0,0,0,0,0,0,0,0,0,0,0,0,0,0,0,1,29.0,0.0
7,Antony,MUN,5.9,1,0,30,1,0,30.0,0.0,0,0,0,0,0,0,0,0,0,0,0,0,0,0,0,1,30.0,0.0
7,Igor Julio,BHA,4.5,1,0,84,1,0,84.0,0.0,0,0,0,2,0,0,0,1,0,0,0,0,0,0,0,0,0.0,0.0
7,Gabriel Magalhães,ARS,6.5,1,1,90,0,0,90.0,90.0,0,0,0,1,0,0,0,0,0,1,0,0,0,0,0,2,45.0,2.0
7,Doucouré,EVE,5.1,1,1,90,0,0,90.0,90.0,0,0,1,0,0,0,0,0,0,1,0,0,0,0,0,3,30.0,3.0
7,Downes,SOU,4.7,1,1,90,0,0,90.0,90.0,0,0,0,3,0,0,0,0,0,1,0,0,0,0,0,2,45.0,2.0
7,Dunk,BHA,4.5,1,1,90,0,0,90.0,90.0,0,0,0,2,0,0,0,0,0,1,0,0,0,0,0,1,90.0,1.0
7,Durán,AVL,5.7,1,0,31,1,0,31.0,0.0,0,0,0,0,0,0,0,0,0,0,0,0,0,0,0,1,31.0,0.0
7,Edouard,LEI,5.0,1,0,22,1,0,22.0,0.0,0,0,0,0,0,0,0,0,0,0,0,0,0,0,0,1,22.0,0.0
7,Elanga,NFO,6.7,1,0,22,1,0,22.0,0.0,0,0,0,0,0,0,0,0,0,0,0,0,0,0,0,1,22.0,0.0
7,Enciso,IPS,5.4,1,0,21,1,0,21.0,0.0,0,0,0,0,0,0,0,0,0,0,0,0,0,0,0,1,21.0,0.0
7,Endo,LIV,4.9,1,0,8,1,0,8.0,0.0,0,0,0,0,0,0,0,0,0,0,0,0,0,0,0,1,8.0,0.0
7,Eriksen,MUN,5.2,1,1,90,0,0,90.0,90.0,0,0,1,0,0,0,0,1,0,1,0,0,0,0,0,2,45.0,2.0
7,Mateus Fernandes,SOU,5.5,1,1,73,0,1,73.0,73.0,0,1,0,2,0,0,0,0,0,0,1,1,0,0,0,5,14.6,5.0
7,Estupiñán,BHA,4.5,1,0,45,1,0,45.0,0.0,0,0,0,0,0,0,0,0,0,0,0,0,0,0,0,1,45.0,0.0
7,Evans (Jonny),MUN,4.4,1,1,90,0,0,90.0,90.0,0,0,1,0,0,0,0,0,0,0,0,1,0,3,0,9,10.0,9.0
7,Eze,CRY,7.6,1,1,90,0,0,90.0,90.0,0,0,0,1,0,0,0,0,0,1,0,0,0,0,0,2,45.0,2.0
7,Faes,LEI,3.8,1,1,90,0,0,90.0,90.0,0,0,1,0,0,0,0,0,0,0,0,1,0,0,0,6,15.0,6.0
7,Fatawu,LEI,5.1,1,0,14,1,0,14.0,0.0,0,0,0,0,0,0,0,0,0,0,0,0,0,0,0,1,14.0,0.0
7,Fernández,CHE,6.7,1,1,77,0,1,77.0,77.0,0,0,0,1,0,0,0,0,0,1,0,0,0,0,0,2,38.5,2.0
7,Jota Silva,NFO,5.4,1,0,34,1,0,34.0,0.0,0,0,0,0,0,0,0,0,0,0,0,0,0,0,0,1,34.0,0.0
7,Flekken,BRE,4.5,1,1,90,0,0,90.0,90.0,0,0,0,3,0,0,3,0,0,1,0,0,0,0,0,2,45.0,2.0
7,Foden,MCI,8.0,1,1,78,0,1,78.0,78.0,0,0,0,1,0,0,0,0,0,1,0,0,0,0,0,2,39.0,2.0
7,Fofana (Wesley),CHE,4.4,1,1,90,0,0,90.0,90.0,0,0,0,1,0,0,0,1,0,1,0,0,0,0,0,1,90.0,1.0
7,Casemiro,MUN,5.5,1,0,9,1,0,9.0,0.0,0,0,0,0,0,0,0,0,0,0,0,0,0,0,0,1,9.0,0.0
7,Jorginho,ARS,4.6,1,1,60,0,1,60.0,60.0,0,0,0,1,0,0,0,0,0,1,0,0,0,0,0,2,30.0,2.0
7,Gakpo,LIV,7.6,1,1,90,0,0,90.0,90.0,0,1,1,0,0,0,0,1,0,0,1,1,0,0,0,4,22.5,4.0
7,Gonçalo Guedes,WOL,5.5,1,0,28,1,0,28.0,0.0,0,0,0,1,0,0,0,0,0,0,0,0,0,0,0,1,28.0,0.0
7,Garnacho,MUN,6.4,1,1,90,0,0,90.0,90.0,0,0,1,0,0,0,0,0,0,1,0,0,0,0,0,3,30.0,3.0
7,Garner,EVE,5.0,1,1,90,0,0,90.0,90.0,0,0,1,0,0,0,0,0,0,1,0,0,0,0,0,3,30.0,3.0
7,Rúben Dias,MCI,5.5,1,1,90,0,0,90.0,90.0,0,0,0,2,0,0,0,0,0,1,0,0,0,0,0,1,90.0,1.0
7,Gibbs-White,NFO,7.3,1,1,71,0,1,71.0,71.0,0,0,0,1,0,0,0,0,0,1,0,0,0,0,0,2,35.5,2.0
7,Toti,WOL,4.3,1,1,90,0,0,90.0,90.0,0,0,0,5,0,0,0,0,0,1,0,0,0,0,0,0,0.0,0.0
7,João Gomes,WOL,5.4,1,1,77,0,1,77.0,77.0,0,0,0,4,0,0,0,0,0,1,0,0,0,0,0,2,38.5,2.0
7,Gordon (Anthony),NEW,7.5,1,1,90,0,0,90.0,90.0,0,0,1,0,0,0,0,0,0,1,0,0,0,0,0,1,90.0,1.0
7,Gravenberch,LIV,5.6,1,1,90,0,0,90.0,90.0,0,0,1,0,0,0,0,0,0,1,0,0,0,0,0,3,30.0,3.0
7,Grealish,MCI,6.9,1,1,62,0,1,62.0,62.0,0,0,0,1,0,0,0,0,0,1,0,0,0,0,0,2,31.0,2.0
7,Greaves,IPS,3.8,1,1,90,0,0,90.0,90.0,0,0,0,4,0,0,0,0,0,1,0,0,0,0,0,0,0.0,0.0
7,Gruda,BHA,5.4,1,0,8,1,0,8.0,0.0,0,0,0,0,0,0,0,0,0,0,0,0,0,0,0,1,8.0,0.0
7,Marc Guehi,CRY,4.9,1,1,90,0,0,90.0,90.0,0,0,0,1,0,0,0,0,0,1,0,0,0,0,0,2,45.0,2.0
7,Gueye,EVE,5.4,1,0,39,1,0,39.0,0.0,0,0,0,0,0,0,0,0,0,0,0,0,0,0,0,1,39.0,0.0
7,Bruno Guimarães,NEW,6.5,1,1,90,0,0,90.0,90.0,0,0,1,0,0,0,0,0,0,1,0,0,0,0,0,3,30.0,3.0
7,Gundogan,MCI,6.3,1,1,89,0,1,89.0,89.0,0,0,0,2,0,0,0,0,0,1,0,0,0,0,0,2,44.5,2.0
7,Gusto,CHE,4.9,1,1,90,0,0,90.0,90.0,0,0,0,1,0,0,0,0,0,1,0,0,0,0,0,2,45.0,2.0
7,Gvardiol,MCI,5.9,1,1,90,0,0,90.0,90.0,0,0,0,2,0,0,0,0,0,1,0,0,0,0,0,1,90.0,1.0
7,Haaland,MCI,14.8,1,1,90,0,0,90.0,90.0,0,0,0,2,0,0,0,0,0,1,0,0,0,0,0,2,45.0,2.0
7,Lewis Hall,NEW,5.2,1,1,90,0,0,90.0,90.0,0,0,1,0,0,0,0,1,0,0,0,1,0,0,0,5,18.0,5.0
7,Harrison (Jack),EVE,5.2,1,1,68,0,1,68.0,68.0,0,0,1,0,0,0,0,0,0,1,0,0,0,0,0,3,22.7,3.0
7,Harwood-Bellis,SOU,3.9,1,1,90,0,0,90.0,90.0,0,0,0,3,0,0,0,0,0,1,0,0,0,0,0,1,90.0,1.0
7,Havertz,ARS,7.3,1,1,90,0,0,90.0,90.0,1,0,0,1,0,0,0,0,0,0,1,1,0,2,0,8,11.3,8.0
7,Henderson,CRY,5.0,1,1,90,0,0,90.0,90.0,0,0,0,1,0,0,3,0,0,1,0,0,0,0,0,3,30.0,3.0
7,Hermansen,LEI,4.4,1,1,90,0,0,90.0,90.0,0,0,1,0,0,0,2,0,0,0,0,1,0,0,0,6,15.0,6.0
7,Hinshelwood,BHA,5.1,1,1,90,0,0,90.0,90.0,0,0,0,2,0,0,0,0,0,1,0,0,0,0,0,2,45.0,2.0
7,Hirst,IPS,5.4,1,0,11,1,0,11.0,0.0,0,0,0,0,0,0,0,0,0,0,0,0,0,0,0,1,11.0,0.0
7,Hudson-Odoi,NFO,5.8,1,1,78,0,1,78.0,78.0,0,0,0,1,0,0,0,0,0,1,0,0,0,0,0,2,39.0,2.0
7,Hughes,CRY,4.8,1,0,35,1,0,35.0,0.0,0,0,0,0,0,0,0,1,0,0,0,0,0,0,0,0,0.0,0.0
7,Hutchinson,IPS,5.4,1,1,82,0,1,82.0,82.0,0,0,0,4,0,0,0,0,0,1,0,0,0,0,0,2,41.0,2.0
7,Hwang Hee-Chan,WOL,5.8,1,0,39,1,0,39.0,0.0,0,0,0,1,0,0,0,0,0,0,0,0,0,0,0,1,39.0,0.0
7,Højlund,MUN,6.3,1,1,63,0,1,63.0,63.0,0,0,1,0,0,0,0,0,0,1,0,0,0,0,0,2,31.5,2.0
7,Iroegbunam,EVE,4.9,1,0,27,1,0,27.0,0.0,0,0,0,0,0,0,0,0,0,0,0,0,0,0,0,1,27.0,0.0
7,Iwobi,FUL,6.5,1,1,77,0,1,77.0,77.0,0,0,0,2,0,0,0,0,0,1,0,0,0,0,0,2,38.5,2.0
7,Jackson (Nicolas),CHE,6.5,1,1,76,0,1,76.0,76.0,0,0,0,1,0,0,0,0,0,1,0,0,0,0,0,2,38.0,2.0
7,Janelt,BRE,4.9,1,1,90,0,0,90.0,90.0,0,1,0,3,0,0,0,1,0,0,1,1,0,0,0,4,22.5,4.0
7,Jaros,LIV,4.0,1,0,18,1,0,18.0,0.0,0,0,0,0,0,0,1,0,0,0,0,0,0,0,0,1,18.0,0.0
7,Raúl Jiménez,FUL,6.2,1,1,77,0,1,77.0,77.0,0,1,0,2,0,0,0,0,0,0,1,1,0,0,0,5,15.4,5.0
7,Johnson (Ben),IPS,3.8,1,1,90,0,0,90.0,90.0,0,0,0,4,0,0,0,0,0,1,0,0,0,0,0,0,0.0,0.0
7,Johnson (Brennan),TOT,6.7,1,1,90,0,0,90.0,90.0,1,0,0,3,0,0,0,0,0,0,1,1,0,0,0,7,12.9,7.0
7,Johnstone,WOL,4.5,1,1,90,0,0,90.0,90.0,0,0,0,5,0,0,7,0,0,1,0,0,0,0,0,2,45.0,2.0
7,Jones,LIV,5.4,1,1,86,0,1,86.0,86.0,0,0,1,0,0,0,0,0,0,1,0,0,0,0,0,3,28.7,3.0
7,Justin,LEI,4.0,1,1,90,0,0,90.0,90.0,0,1,1,0,0,0,0,1,0,0,1,2,0,2,1,10,9.0,10.0
7,Kadioglu,BHA,4.4,1,1,45,0,1,45.0,45.0,0,0,0,2,0,0,0,0,0,1,0,0,0,0,0,0,0.0,0.0
7,Kamada,CRY,5.0,1,0,8,1,0,8.0,0.0,0,0,0,0,0,0,0,0,0,0,0,0,0,0,0,1,8.0,0.0
7,Keane,EVE,4.5,1,1,90,0,0,90.0,90.0,0,0,1,0,0,0,0,0,0,0,0,1,0,0,0,6,15.0,6.0
7,Kerkez,BOU,5.8,1,1,63,0,1,63.0,63.0,0,0,0,1,0,0,0,0,0,1,0,0,0,0,0,2,31.5,2.0
7,Kilman,WHU,4.3,1,1,90,0,0,90.0,90.0,0,0,0,1,0,0,0,0,0,1,0,0,0,0,0,2,45.0,2.0
7,Kiwior,ARS,5.4,1,0,9,1,0,9.0,0.0,0,0,0,0,0,0,0,0,0,0,0,0,0,0,0,1,9.0,0.0
7,Kluivert,BOU,7.0,1,1,45,0,1,45.0,45.0,0,0,0,1,0,0,0,0,0,1,0,0,0,0,0,1,45.0,1.0
7,Konak,BRE,4.4,1,0,3,1,0,3.0,0.0,0,0,0,1,0,0,0,0,0,0,0,0,0,0,0,1,3.0,0.0
7,Konaté,LIV,5.4,1,1,90,0,0,90.0,90.0,0,0,1,0,0,0,0,0,0,0,0,1,0,0,0,6,15.0,6.0
7,Konsa Ngoyo,AVL,4.4,1,1,9,0,1,9.0,9.0,0,0,0,0,0,0,0,0,0,1,0,0,0,0,0,1,9.0,1.0
7,Kovacic,MCI,5.9,1,1,90,0,0,90.0,90.0,2,0,0,2,0,0,0,0,0,0,2,2,0,3,1,15,6.0,15.0
7,Kristiansen,LEI,4.4,1,1,90,0,0,90.0,90.0,0,0,1,0,0,0,0,0,0,0,0,1,0,0,0,6,15.0,6.0
7,Kudus,WHU,6.8,1,1,84,0,1,84.0,84.0,1,0,0,1,0,0,0,0,0,0,1,1,0,0,0,7,12.0,7.0
7,Kulusevski,TOT,6.4,1,1,90,0,0,90.0,90.0,0,0,0,3,0,0,0,1,0,1,0,0,0,0,0,1,90.0,1.0
7,Lacroix,CRY,5.0,1,1,90,0,0,90.0,90.0,0,0,0,1,0,0,0,0,0,1,0,0,0,0,0,2,45.0,2.0
7,Lemina (Mario),WOL,4.8,1,1,90,0,0,90.0,90.0,0,0,0,5,0,0,0,0,0,1,0,0,0,0,0,2,45.0,2.0
7,Leno,FUL,5.0,1,1,90,0,0,90.0,90.0,0,0,0,3,0,0,4,0,0,1,0,0,0,0,0,2,45.0,2.0
7,Lerma,CRY,4.9,1,1,90,0,0,90.0,90.0,0,0,0,1,0,0,0,1,0,1,0,0,0,0,0,1,90.0,1.0
7,Lewis (Rico),MCI,4.9,1,1,90,0,0,90.0,90.0,0,1,0,2,0,0,0,0,0,0,1,1,0,0,0,4,22.5,4.0
7,Lewis-Potter,BRE,4.9,1,1,90,0,0,90.0,90.0,0,1,0,3,0,0,0,0,0,0,1,1,0,0,0,5,18.0,5.0
7,Luis Guilherme,WHU,4.9,1,0,9,1,0,9.0,0.0,0,0,0,0,0,0,0,0,0,0,0,0,0,0,0,1,9.0,0.0
7,Livramento,NEW,4.9,1,0,24,1,0,24.0,0.0,0,0,0,0,0,0,0,0,0,0,0,0,0,0,0,1,24.0,0.0
7,Longstaff (Sean),NEW,4.9,1,0,24,1,0,24.0,0.0,0,0,0,0,0,0,0,0,0,0,0,0,0,0,0,1,24.0,0.0
7,Lukic,FUL,5.0,1,1,90,0,0,90.0,90.0,0,0,0,3,0,0,0,0,0,1,0,0,0,0,0,2,45.0,2.0
7,Maatsen,AVL,4.3,1,0,10,1,0,10.0,0.0,0,0,0,0,0,0,0,0,0,0,0,0,0,0,0,1,10.0,0.0
7,Mac Allister,LIV,6.3,1,1,45,0,1,45.0,45.0,0,0,0,0,0,0,0,1,0,1,0,0,0,0,0,0,0.0,0.0
7,Maddison,TOT,6.9,1,1,85,0,1,85.0,85.0,1,0,0,3,0,0,0,0,0,0,1,1,0,3,1,10,8.5,10.0
7,Madueke,CHE,6.8,1,1,86,0,1,86.0,86.0,1,0,0,1,0,0,0,0,0,0,1,1,0,3,1,10,8.6,10.0
7,Maguire,MUN,4.4,1,1,45,0,1,45.0,45.0,0,0,0,0,0,0,0,1,0,1,0,0,0,0,0,0,0.0,0.0
7,Mainoo,MUN,4.8,1,1,84,0,1,84.0,84.0,0,0,1,0,0,0,0,1,0,1,0,0,0,0,0,2,42.0,2.0
7,Mangala,EVE,5.0,1,1,56,0,1,56.0,56.0,0,0,0,0,0,0,0,0,0,1,0,0,0,0,0,1,56.0,1.0
7,Manning,SOU,4.3,1,1,73,0,1,73.0,73.0,0,0,0,2,0,0,0,0,0,1,0,0,0,0,0,1,73.0,1.0
7,Martinelli,ARS,6.9,1,0,38,1,0,38.0,0.0,1,0,0,0,0,0,0,0,0,0,1,1,0,0,0,6,6.3,0.0
7,Martinez,AVL,5.0,1,1,90,0,0,90.0,90.0,0,0,1,0,0,0,4,0,0,0,0,1,0,2,0,9,10.0,9.0
7,Mateta,CRY,7.7,1,0,35,1,0,35.0,0.0,0,0,0,0,0,0,0,0,0,0,0,0,0,0,0,1,35.0,0.0
7,Mavididi,LEI,5.0,1,1,81,0,1,81.0,81.0,0,0,1,0,0,0,0,0,0,1,0,0,0,0,0,3,27.0,3.0
7,Mazraoui,MUN,4.9,1,1,45,0,1,45.0,45.0,0,0,0,0,0,0,0,0,0,1,0,0,0,0,0,1,45.0,1.0
7,Mbeumo,BRE,8.2,1,1,90,0,0,90.0,90.0,1,0,0,3,0,0,0,0,0,0,1,1,0,1,0,8,11.3,8.0
7,McNeil,EVE,5.6,1,1,90,0,0,90.0,90.0,0,0,1,0,0,0,0,1,0,1,0,0,0,0,0,2,45.0,2.0
7,Merino,ARS,5.9,1,0,38,1,0,38.0,0.0,0,0,0,0,0,0,0,0,0,0,0,0,0,0,0,1,38.0,0.0
7,Milenkovic,NFO,5.2,1,1,90,0,0,90.0,90.0,0,1,0,1,0,0,0,0,0,0,1,1,0,0,0,5,18.0,5.0
7,Minteh,BHA,6.0,1,1,86,0,1,86.0,86.0,1,0,0,2,0,0,0,0,0,0,1,1,0,0,0,7,12.3,7.0
7,Mitchell,CRY,5.0,1,1,59,0,1,59.0,59.0,0,0,0,1,0,0,0,0,0,1,0,0,0,0,0,1,59.0,1.0
7,Mitoma,BHA,6.2,1,1,90,0,0,90.0,90.0,0,1,0,2,0,0,0,0,0,0,1,1,0,0,0,5,18.0,5.0
7,Moore (Mikey),TOT,5.0,1,0,9,1,0,9.0,0.0,0,0,0,0,0,0,0,0,0,0,0,0,0,0,0,1,9.0,0.0
7,Álex Moreno,NFO,4.0,1,1,77,0,1,77.0,77.0,0,0,0,1,0,0,0,0,0,1,0,0,0,0,0,2,38.5,2.0
7,Morsy,IPS,4.8,1,1,90,0,0,90.0,90.0,0,0,0,4,0,0,0,0,0,1,0,0,0,0,0,2,45.0,2.0
7,Mudryk,CHE,5.0,1,0,14,1,0,14.0,0.0,0,0,0,0,0,0,0,0,0,0,0,0,0,0,0,1,14.0,0.0
7,Rodrigo Muniz,FUL,5.4,1,0,19,1,0,19.0,0.0,1,0,0,1,0,0,0,0,0,0,1,1,0,1,0,6,3.2,0.0
7,Muñoz,CRY,5.7,1,1,15,0,1,15.0,15.0,0,0,0,1,0,0,0,0,0,1,0,0,0,0,0,1,15.0,1.0
7,Muric,IPS,4.4,1,1,90,0,0,90.0,90.0,0,0,0,4,0,0,8,0,0,1,0,0,0,0,0,2,45.0,2.0
7,Murphy (Jacob),NEW,6.1,1,1,68,0,1,68.0,68.0,0,0,1,0,0,0,0,0,0,1,0,0,0,0,0,3,22.7,3.0
7,Ndiaye,EVE,6.5,1,1,90,0,0,90.0,90.0,0,0,1,0,0,0,0,0,0,1,0,0,0,0,0,2,45.0,2.0
7,Ndidi,LEI,4.9,1,1,90,0,0,90.0,90.0,0,0,1,0,0,0,0,1,0,1,0,0,0,0,0,2,45.0,2.0
7,Nelson (Reiss),FUL,4.8,1,0,19,1,0,19.0,0.0,0,1,0,1,0,0,0,0,0,0,1,1,0,0,0,4,4.8,0.0
7,Neto,CHE,7.0,1,0,14,1,0,14.0,0.0,0,0,0,0,0,0,0,1,0,0,0,0,0,0,0,0,0.0,0.0
7,Lindelof,MUN,4.5,1,0,45,1,0,45.0,0.0,0,0,0,0,0,0,0,1,0,0,0,0,0,0,0,0,0.0,0.0
7,Eddie Nketiah,CRY,5.4,1,1,90,0,0,90.0,90.0,0,0,0,1,0,0,0,1,0,1,0,0,0,0,0,1,90.0,1.0
7,Nkunku,CHE,5.9,1,0,24,1,0,24.0,0.0,0,0,0,0,0,0,0,0,0,0,0,0,0,0,0,1,24.0,0.0
7,Norgaard,BRE,5.2,1,1,77,0,1,77.0,77.0,1,0,0,2,0,0,0,0,0,0,1,1,0,0,0,7,11.0,7.0
7,Matheus Nunes,MCI,5.3,1,0,7,1,0,7.0,0.0,0,0,0,0,0,0,0,0,0,0,0,0,0,0,0,1,7.0,0.0
7,O'Shea,IPS,3.8,1,1,90,0,0,90.0,90.0,0,0,0,4,0,0,0,0,0,1,0,0,0,0,0,0,0.0,0.0
7,Ogbene,IPS,4.8,1,0,21,1,0,21.0,0.0,0,0,0,0,0,0,0,0,0,0,0,0,0,0,0,1,21.0,0.0
7,Okoli,LEI,4.0,1,1,90,0,0,90.0,90.0,0,0,1,0,0,0,0,0,0,0,0,1,0,1,0,7,12.9,7.0
7,Onana,MUN,4.9,1,1,90,0,0,90.0,90.0,0,0,1,0,0,0,1,0,0,0,0,1,0,0,0,6,15.0,6.0
7,Paul Onuachu,SOU,4.9,1,0,24,1,0,24.0,0.0,0,0,0,1,0,0,0,0,0,0,0,0,0,0,0,1,24.0,0.0
7,Dango Ouattara,BOU,6.0,1,0,45,1,0,45.0,0.0,0,0,0,0,0,0,0,0,0,0,0,0,0,0,0,1,45.0,0.0
7,Palmer (Cole),CHE,10.3,1,1,90,0,0,90.0,90.0,0,1,0,1,0,0,0,1,0,0,1,1,0,2,0,6,15.0,6.0
7,Emerson,WHU,4.4,1,1,82,0,1,82.0,82.0,0,0,0,1,0,0,0,0,0,1,0,0,0,0,0,2,41.0,2.0
7,Partey,ARS,4.9,1,1,84,0,1,84.0,84.0,0,0,0,1,0,0,0,0,0,1,0,0,0,0,0,2,42.0,2.0
7,Pereira,FUL,5.3,1,1,64,0,1,64.0,64.0,1,0,0,2,0,0,0,0,0,0,1,1,0,1,0,8,8.0,8.0
7,Phillips (Kalvin),IPS,4.8,1,1,72,0,1,72.0,72.0,0,0,0,4,0,0,0,0,0,1,0,0,0,0,0,2,36.0,2.0
7,Philogene-Bidace,IPS,5.3,1,1,90,0,0,90.0,90.0,0,0,1,0,0,0,0,0,0,1,0,0,0,0,0,3,30.0,3.0
7,Pickford,EVE,5.5,1,1,90,0,0,90.0,90.0,0,0,1,0,0,1,3,0,0,0,0,2,0,3,1,15,6.0,15.0
7,Pinnock,BRE,4.3,1,1,90,0,0,90.0,90.0,1,0,0,3,0,0,0,0,0,0,1,1,0,0,0,7,12.9,7.0
7,Pope,NEW,5.2,1,1,90,0,0,90.0,90.0,0,0,1,0,0,0,2,0,0,0,0,1,0,0,0,6,15.0,6.0
7,Porro,TOT,5.5,1,1,90,0,0,90.0,90.0,0,0,0,3,0,0,0,0,0,1,0,0,0,0,0,1,90.0,1.0
7,Ramsdale,SOU,4.8,1,1,90,0,0,90.0,90.0,0,0,0,3,0,0,3,0,0,1,0,0,0,0,0,2,45.0,2.0
7,Alisson,LIV,5.4,1,1,76,0,1,76.0,76.0,0,0,1,0,0,0,4,0,0,0,0,1,0,3,1,10,7.6,10.0
7,Rashford,AVL,7.0,1,1,64,0,1,64.0,64.0,0,0,1,0,0,0,0,1,0,1,0,0,0,0,0,2,32.0,2.0
7,Raya Martin,ARS,5.8,1,1,90,0,0,90.0,90.0,0,0,0,1,0,0,1,0,0,1,0,0,0,0,0,2,45.0,2.0
7,Rice,ARS,6.7,1,1,90,0,0,90.0,90.0,0,0,0,1,0,0,0,0,0,1,0,0,0,0,0,2,45.0,2.0
7,Robertson,LIV,5.8,1,0,17,1,0,17.0,0.0,0,0,0,0,0,0,0,0,0,0,0,0,0,0,0,1,17.0,0.0
7,Robinson (Antonee),FUL,4.9,1,1,90,0,0,90.0,90.0,0,0,0,3,0,0,0,0,0,1,0,0,0,0,0,1,90.0,1.0
7,Morato,NFO,4.4,1,0,22,1,0,22.0,0.0,0,0,0,0,0,0,0,0,0,0,0,0,0,0,0,1,22.0,0.0
7,Rodríguez,WHU,4.8,1,1,69,0,1,69.0,69.0,0,0,0,1,0,0,0,0,0,1,0,0,0,0,0,2,34.5,2.0
7,Roerslev,BRE,4.5,1,0,3,1,0,3.0,0.0,0,0,0,1,0,0,0,0,0,0,0,0,0,0,0,1,3.0,0.0
7,Rogers,AVL,6.8,1,1,90,0,0,90.0,90.0,0,0,1,0,0,0,0,0,0,1,0,0,0,0,0,3,30.0,3.0
7,Romero,TOT,5.0,1,1,90,0,0,90.0,90.0,0,0,0,3,0,0,0,0,0,1,0,0,0,0,0,1,90.0,1.0
7,Rutter,BHA,5.7,1,1,73,0,1,73.0,73.0,1,1,0,2,0,0,0,0,0,0,2,2,0,1,1,11,6.6,11.0
7,Saka,ARS,10.0,1,1,90,0,0,90.0,90.0,1,2,0,1,0,0,0,0,0,0,3,3,0,3,1,16,5.6,16.0
7,Salah,LIV,14.3,1,1,72,0,1,72.0,72.0,0,0,1,0,0,0,0,0,0,1,0,0,0,0,0,3,24.0,3.0
7,Saliba,ARS,6.0,1,1,90,0,0,90.0,90.0,0,0,0,1,0,0,0,0,0,1,0,0,0,0,0,2,45.0,2.0
7,Sanchez,CHE,4.9,1,1,90,0,0,90.0,90.0,0,0,0,1,0,0,8,0,0,0,0,0,0,0,0,4,22.5,4.0
7,Sancho,MUN,5.8,1,1,85,0,1,85.0,85.0,0,0,0,1,0,0,0,0,0,1,0,0,0,0,0,2,42.5,2.0
7,Ederson,MCI,5.3,1,1,90,0,0,90.0,90.0,0,0,0,2,0,0,2,1,0,1,0,0,0,0,0,0,0.0,0.0
7,Murillo,NFO,5.3,1,1,90,0,0,90.0,90.0,0,0,0,1,0,0,0,0,0,1,0,0,0,0,0,2,45.0,2.0
7,Matheus Cunha,WOL,7.9,1,1,90,0,0,90.0,90.0,1,0,0,5,0,0,0,0,0,0,1,1,0,3,0,9,10.0,9.0
7,Diego Carlos,AVL,4.5,1,0,82,1,0,82.0,0.0,0,0,1,0,0,0,0,0,0,0,0,1,0,0,0,6,13.7,0.0
7,Ismaila Sarr,CRY,6.6,1,1,90,0,0,90.0,90.0,0,0,0,1,0,0,0,1,0,1,0,0,0,0,0,1,90.0,1.0
7,Sarr (Pape),TOT,4.9,1,0,16,1,0,16.0,0.0,0,0,0,0,0,0,0,0,0,0,0,0,0,0,0,1,16.0,0.0
7,Schade,BRE,7.0,1,1,77,0,1,77.0,77.0,0,0,0,2,0,0,0,0,0,1,0,0,0,0,0,2,38.5,2.0
7,Schär,NEW,5.4,1,1,90,0,0,90.0,90.0,0,0,1,0,0,0,0,1,0,0,0,1,0,0,0,5,18.0,5.0
7,Scott,BOU,5.0,1,0,32,1,0,32.0,0.0,0,0,0,0,0,0,0,0,0,0,0,0,0,0,0,1,32.0,0.0
7,Sels,NFO,4.8,1,1,90,0,0,90.0,90.0,0,0,0,1,0,0,7,1,0,1,0,0,0,0,0,3,30.0,3.0
7,Semedo,WOL,4.5,1,1,90,0,0,90.0,90.0,0,1,0,5,0,0,0,1,0,1,1,1,0,0,0,2,45.0,2.0
7,Semenyo,BOU,8.1,1,1,90,0,0,90.0,90.0,0,0,0,1,0,0,0,0,0,1,0,0,0,0,0,2,45.0,2.0
7,Senesi,BOU,5.0,1,1,90,0,0,90.0,90.0,0,0,0,1,0,0,0,1,0,1,0,0,0,0,0,1,90.0,1.0
7,João Félix,CHE,5.9,1,0,23,1,0,23.0,0.0,0,0,0,0,0,0,0,0,0,0,0,0,0,0,0,1,23.0,0.0
7,Sinisterra,BOU,5.0,1,0,32,1,0,32.0,0.0,0,0,0,0,0,0,0,0,0,0,0,0,0,0,0,1,32.0,0.0
7,Skipp,LEI,4.7,1,1,90,0,0,90.0,90.0,0,0,1,0,0,0,0,0,0,1,0,0,0,0,0,3,30.0,3.0
7,Smith,BOU,4.4,1,1,62,0,1,62.0,62.0,0,0,0,1,0,0,0,0,0,1,0,0,0,0,0,2,31.0,2.0
7,Smith-Rowe,FUL,5.7,1,0,31,1,0,31.0,0.0,0,0,0,1,0,0,0,0,0,0,0,0,0,0,0,1,31.0,0.0
7,Solanke,TOT,7.2,1,1,90,0,0,90.0,90.0,0,1,0,3,0,0,0,0,0,0,1,1,0,0,0,5,18.0,5.0
7,Soler (Carlos),WHU,5.0,1,0,24,1,0,24.0,0.0,0,0,0,0,0,0,0,0,0,0,0,0,0,0,0,1,24.0,0.0
7,Soucek,WHU,5.7,1,1,90,0,0,90.0,90.0,0,0,0,1,0,0,0,0,0,1,0,0,0,0,0,2,45.0,2.0
7,Soumaré,LEI,4.4,1,0,8,1,0,8.0,0.0,0,0,0,0,0,0,0,1,0,0,0,0,0,0,0,0,0.0,0.0
7,Sterling,ARS,6.7,1,1,60,0,1,60.0,60.0,0,0,0,1,0,0,0,0,0,1,0,0,0,0,0,1,60.0,1.0
7,Stewart,SOU,4.4,1,1,25,0,1,25.0,25.0,0,0,0,0,0,0,0,0,0,1,0,0,0,0,0,1,25.0,1.0
7,Stones,MCI,5.5,1,0,18,1,0,18.0,0.0,0,0,0,1,0,0,0,0,0,0,0,0,0,0,0,1,18.0,0.0
7,Strand Larsen,WOL,6.4,1,1,90,0,0,90.0,90.0,1,0,0,5,0,0,0,0,0,0,1,1,0,0,0,6,15.0,6.0
7,Sugawara,SOU,4.2,1,1,88,0,1,88.0,88.0,0,0,0,3,0,0,0,0,0,1,0,0,0,0,0,1,88.0,1.0
7,Summerville,WHU,5.5,1,0,11,1,0,11.0,0.0,0,0,0,0,0,0,0,0,0,0,0,0,0,0,0,1,11.0,0.0
7,Szmodics,IPS,5.7,1,0,21,1,0,21.0,0.0,0,0,0,0,0,0,0,0,0,0,0,0,0,0,0,1,21.0,0.0
7,Szoboszlai,LIV,6.5,1,0,45,1,0,45.0,0.0,0,0,0,0,0,0,0,0,0,0,0,0,0,0,0,1,45.0,0.0
7,Tarkowski,EVE,5.5,1,1,90,0,0,90.0,90.0,0,0,1,0,0,0,0,0,0,0,0,1,0,2,0,8,11.3,8.0
7,Tavernier,BOU,5.5,1,1,90,0,0,90.0,90.0,0,0,0,1,0,0,0,0,0,1,0,0,0,0,0,2,45.0,2.0
7,Taylor (Charlie),SOU,3.9,1,0,10,1,0,10.0,0.0,0,0,0,0,0,0,0,0,0,0,0,0,0,0,0,1,10.0,0.0
7,Taylor (Jack),IPS,4.8,1,0,21,1,0,21.0,0.0,0,0,0,0,0,0,0,0,0,0,0,0,0,0,0,1,21.0,0.0
7,Diogo Jota,LIV,7.2,1,1,90,0,0,90.0,90.0,1,0,1,0,0,0,0,0,0,0,1,1,0,0,0,8,11.3,8.0
7,Tete,FUL,4.5,1,1,77,0,1,77.0,77.0,0,0,0,2,0,0,0,0,0,1,0,0,0,0,0,1,77.0,1.0
7,Tielemans,AVL,5.9,1,1,90,0,0,90.0,90.0,0,0,1,0,0,0,0,0,0,1,0,0,0,0,0,3,30.0,3.0
7,Todibo,WHU,4.3,1,1,90,0,0,90.0,90.0,0,0,0,1,0,0,0,0,0,1,0,0,0,0,0,2,45.0,2.0
7,Lucas Paquetá,WHU,5.9,1,1,82,0,1,82.0,82.0,1,0,0,1,0,0,0,0,0,0,1,1,0,1,0,8,10.3,8.0
7,Tomiyasu,ARS,4.8,1,0,14,1,0,14.0,0.0,0,0,0,0,0,0,0,0,0,0,0,0,0,0,0,1,14.0,0.0
7,Tonali,NEW,5.4,1,1,71,0,1,71.0,71.0,0,0,1,0,0,0,0,0,0,1,0,0,0,0,0,3,23.7,3.0
7,Torres,AVL,4.3,1,1,90,0,0,90.0,90.0,0,0,1,0,0,0,0,0,0,0,0,1,0,0,0,6,15.0,6.0
7,Traoré (Adama),FUL,5.2,1,1,90,0,0,90.0,90.0,0,0,0,3,0,0,0,0,0,1,0,0,0,0,0,2,45.0,2.0
7,Trippier,NEW,5.0,1,1,71,0,1,71.0,71.0,0,0,1,0,0,0,0,0,0,0,0,1,0,2,0,8,8.9,8.0
7,Trossard,ARS,6.9,1,0,38,1,0,38.0,0.0,0,0,0,0,0,0,0,0,0,0,0,0,0,0,0,1,38.0,0.0
7,Tsimikas,LIV,4.8,1,1,77,0,1,77.0,77.0,0,0,1,0,0,0,0,0,0,0,0,1,0,0,0,6,12.8,6.0
7,Destiny Udogie,TOT,4.4,1,1,90,0,0,90.0,90.0,0,0,0,3,0,0,0,1,0,1,0,0,0,0,0,0,0.0,0.0
7,Unal,BOU,5.4,1,0,22,1,0,22.0,0.0,0,0,0,0,0,0,0,0,0,0,0,0,0,0,0,1,22.0,0.0
7,van de Ven,TOT,4.7,1,1,90,0,0,90.0,90.0,0,0,0,3,0,0,0,0,0,1,0,0,0,0,0,1,90.0,1.0
7,van den Berg,BRE,4.5,1,1,90,0,0,90.0,90.0,0,0,0,3,0,0,0,0,0,1,0,0,0,0,0,1,90.0,1.0
7,van Dijk,LIV,6.0,1,1,90,0,0,90.0,90.0,0,0,1,0,0,0,0,0,0,0,0,1,0,2,0,8,11.3,8.0
7,Vardy,LEI,5.4,1,1,73,0,1,73.0,73.0,0,0,1,0,0,0,0,0,0,1,0,0,0,0,0,2,36.5,2.0
7,Bernardo Silva,MCI,6.3,1,1,90,0,0,90.0,90.0,0,1,0,2,0,0,0,1,0,0,1,1,0,2,0,6,15.0,6.0
7,Veltman,BHA,4.4,1,1,90,0,0,90.0,90.0,0,0,0,2,0,0,0,0,0,1,0,0,0,0,0,1,90.0,1.0
7,Verbruggen,BHA,4.4,1,1,90,0,0,90.0,90.0,0,0,0,2,0,0,1,1,0,1,0,0,0,0,0,0,0.0,0.0
7,Vicario,TOT,5.1,1,1,90,0,0,90.0,90.0,0,0,0,3,0,0,1,0,0,1,0,0,0,0,0,1,90.0,1.0
7,Walker,MCI,4.4,1,0,34,1,0,34.0,0.0,0,0,0,1,0,0,0,0,0,0,0,0,0,0,0,1,34.0,0.0
7,Walker-Peters,SOU,4.4,1,1,90,0,0,90.0,90.0,0,0,0,3,0,0,0,1,0,1,0,0,0,0,0,0,0.0,0.0
7,Wan-Bissaka,WHU,4.3,1,1,90,0,0,90.0,90.0,0,0,0,1,0,0,0,0,0,1,0,0,0,0,0,2,45.0,2.0
7,Ward-Prowse,WHU,5.7,1,1,74,0,0,74.0,74.0,0,0,0,1,0,0,0,0,1,1,0,0,0,0,0,0,0.0,0.0
7,Watkins,AVL,8.5,1,1,90,0,0,90.0,90.0,0,0,1,0,0,0,0,0,0,1,0,0,0,0,0,2,45.0,2.0
7,Webster,BHA,4.4,1,1,6,0,1,6.0,6.0,0,0,0,0,0,0,0,0,0,1,0,0,0,0,0,1,6.0,1.0
7,Welbeck,BHA,6.4,1,1,90,0,0,90.0,90.0,1,0,0,2,0,0,0,0,0,0,1,1,0,2,0,8,11.3,8.0
7,Werner,TOT,6.2,1,1,79,0,1,79.0,79.0,0,1,0,3,0,0,0,0,0,0,1,1,0,0,0,5,15.8,5.0
7,Wharton,CRY,5.0,1,1,59,0,1,59.0,59.0,0,0,0,1,0,0,0,0,0,1,0,0,0,0,0,1,59.0,1.0
7,Wieffer,BHA,4.9,1,0,21,1,0,21.0,0.0,0,0,0,0,0,0,0,0,0,0,0,0,0,0,0,1,21.0,0.0
7,Williams (Neco),NFO,4.7,1,0,22,1,0,22.0,0.0,0,0,0,0,0,0,0,1,0,0,0,0,0,0,0,0,0.0,0.0
7,Willock,NEW,5.0,1,0,27,1,0,27.0,0.0,0,0,0,0,0,0,0,0,0,0,0,0,0,0,0,1,27.0,0.0
7,Wood (Chris),NFO,7.2,1,1,78,0,1,78.0,78.0,1,0,0,1,0,0,0,0,0,0,1,1,0,2,0,8,9.8,8.0
7,Yarmolyuk,BRE,5.0,1,0,18,1,0,18.0,0.0,0,0,0,1,0,0,0,0,0,0,0,0,0,0,0,1,18.0,0.0
7,Yates,NFO,4.8,1,1,90,0,0,90.0,90.0,0,0,0,1,0,0,0,0,0,1,0,0,0,0,0,2,45.0,2.0
7,Young (Ashley),EVE,4.2,1,1,90,0,0,90.0,90.0,0,0,1,0,0,0,0,0,0,0,0,1,0,0,0,6,15.0,6.0
7,Zabarnyi,BOU,5.0,1,1,90,0,0,90.0,90.0,0,0,0,1,0,0,0,0,0,1,0,0,0,0,0,2,45.0,2.0
7,Zirkzee,MUN,5.8,1,0,30,1,0,30.0,0.0,0,0,0,0,0,0,0,0,0,0,0,0,0,0,0,1,30.0,0.0
8,Tosin,CHE,4.4,1,1,52,0,1,52.0,52.0,0,0,0,2,0,0,0,1,0,1,0,0,0,0,0,0,0.0,0.0
8,Agbinone,CRY,4.4,1,0,9,1,0,9.0,0.0,0,0,0,0,0,0,0,0,0,0,0,0,0,0,0,1,9.0,0.0
8,Aina,NFO,4.7,1,1,90,0,0,90.0,90.0,0,0,1,0,0,0,0,0,0,0,0,1,0,0,0,6,15.0,6.0
8,Ait Nouri,WOL,5.8,1,1,90,0,0,90.0,90.0,0,0,0,2,0,0,0,0,0,1,0,0,0,0,0,1,90.0,1.0
8,Ajer,BRE,4.4,1,1,90,0,0,90.0,90.0,0,0,0,2,0,0,0,1,0,1,0,0,0,0,0,0,0.0,0.0
8,Alexander-Arnold,LIV,7.2,1,1,79,0,1,79.0,79.0,0,0,0,1,0,0,0,0,0,1,0,0,0,0,0,2,39.5,2.0
8,Almirón,NEW,5.4,1,0,16,1,0,16.0,0.0,0,0,0,0,0,0,0,0,0,0,0,0,0,0,0,1,16.0,0.0
8,Álvarez (Edson),WHU,4.9,1,0,36,1,0,36.0,0.0,0,0,0,0,0,0,0,0,0,0,0,0,0,0,0,1,36.0,0.0
8,Andersen,FUL,4.5,1,1,63,0,0,63.0,63.0,0,0,0,2,0,0,0,0,1,1,0,0,0,0,0,0,0.0,0.0
8,Anderson,NFO,5.3,1,1,78,0,1,78.0,78.0,0,0,1,0,0,0,0,1,0,1,0,0,0,0,0,2,39.0,2.0
8,Antonio,WHU,5.2,1,1,60,0,1,60.0,60.0,0,0,0,4,0,0,0,0,0,1,0,0,0,0,0,2,30.0,2.0
8,Joelinton,NEW,5.9,1,1,90,0,0,90.0,90.0,0,0,0,1,0,0,0,0,0,1,0,0,0,0,0,2,45.0,2.0
8,Araujo,BOU,3.9,1,1,45,0,1,45.0,45.0,0,0,0,0,0,0,0,0,0,1,0,0,0,0,0,1,45.0,1.0
8,Archer,SOU,4.8,1,1,66,0,1,66.0,66.0,1,0,0,1,0,0,0,0,0,0,1,1,0,3,0,9,7.3,9.0
8,Areola,WHU,4.3,1,1,90,0,0,90.0,90.0,0,0,0,4,1,0,4,0,0,1,0,0,0,0,0,0,0.0,0.0
8,Aribo,SOU,4.9,1,1,90,0,0,90.0,90.0,1,0,0,3,0,0,0,0,0,0,1,1,0,2,0,9,10.0,9.0
8,Kepa,BOU,4.2,1,1,90,0,0,90.0,90.0,0,0,1,0,0,0,1,0,0,0,0,1,0,0,0,6,15.0,6.0
8,Awoniyi,NFO,5.2,1,0,13,1,0,13.0,0.0,0,0,0,0,0,0,0,0,0,0,0,0,0,0,0,1,13.0,0.0
8,Ayari,BHA,4.9,1,1,75,0,1,75.0,75.0,0,0,1,0,0,0,0,1,0,1,0,0,0,0,0,2,37.5,2.0
8,Ayew,LEI,5.1,1,0,30,1,0,30.0,0.0,1,0,0,0,0,0,0,0,0,0,1,1,0,0,0,6,5.0,0.0
8,Badiashile,CHE,4.4,1,0,43,1,0,43.0,0.0,0,0,0,0,0,0,0,0,0,0,0,0,0,0,0,1,43.0,0.0
8,Bailey,AVL,5.5,1,1,60,0,1,60.0,60.0,0,0,0,1,0,0,0,1,0,1,0,0,0,0,0,1,60.0,1.0
8,Baleba,BHA,4.7,1,1,71,0,1,71.0,71.0,0,0,1,0,0,0,0,0,0,1,0,0,0,0,0,3,23.7,3.0
8,Barkley,AVL,4.8,1,0,24,1,0,24.0,0.0,0,0,0,0,0,0,0,0,0,0,0,0,0,0,0,1,24.0,0.0
8,Barnes,NEW,6.4,1,0,29,1,0,29.0,0.0,0,0,0,0,0,0,0,0,0,0,0,0,0,0,0,1,29.0,0.0
8,Bassey,FUL,4.5,1,1,90,0,0,90.0,90.0,0,0,0,3,0,0,0,1,0,1,0,0,0,0,0,0,0.0,0.0
8,Bednarek,SOU,4.0,1,1,90,0,0,90.0,90.0,0,0,0,3,0,0,0,0,0,1,0,0,0,0,0,1,90.0,1.0
8,Bellegarde,WOL,5.2,1,0,8,1,0,8.0,0.0,0,0,0,1,0,0,0,0,0,0,0,0,0,0,0,1,8.0,0.0
8,Bentancur,TOT,5.3,1,0,15,1,0,15.0,0.0,0,0,0,0,0,0,0,0,0,0,0,0,0,0,0,1,15.0,0.0
8,Berge,FUL,4.9,1,1,79,0,1,79.0,79.0,0,0,0,3,0,0,0,0,0,1,0,0,0,0,0,2,39.5,2.0
8,Bissouma,TOT,5.2,1,1,81,0,1,81.0,81.0,1,0,0,1,0,0,0,0,0,0,1,1,0,3,1,10,8.1,10.0
8,Carlos Borges,WOL,5.4,1,0,30,1,0,30.0,0.0,0,0,0,1,0,0,0,0,0,0,0,0,0,0,0,1,30.0,0.0
8,Bruno Fernandes,MUN,8.9,1,1,90,0,0,90.0,90.0,0,1,0,1,0,0,0,0,0,0,1,1,0,0,0,5,18.0,5.0
8,Bowen,WHU,7.8,1,1,90,0,0,90.0,90.0,0,0,0,4,0,0,0,0,0,1,0,0,0,0,0,2,45.0,2.0
8,Buendía,AVL,5.3,1,0,16,1,0,16.0,0.0,0,0,0,0,0,0,0,0,0,0,0,0,0,0,0,1,16.0,0.0
8,Bueno (Santiago),WOL,4.4,1,1,90,0,0,90.0,90.0,0,0,0,2,0,0,0,0,0,1,0,0,0,0,0,1,90.0,1.0
8,Buonanotte,LEI,4.8,1,1,90,0,0,90.0,90.0,1,0,0,2,0,0,0,1,0,0,1,1,0,0,0,6,15.0,6.0
8,Burgess,IPS,3.8,1,1,90,0,0,90.0,90.0,0,0,0,2,0,0,0,0,0,1,0,0,0,0,0,1,90.0,1.0
8,Burn,NEW,5.1,1,1,90,0,0,90.0,90.0,0,0,0,1,0,0,0,1,0,1,0,0,0,0,0,1,90.0,1.0
8,Burns,IPS,4.7,1,1,63,0,1,63.0,63.0,0,0,0,2,0,0,0,0,0,1,0,0,0,0,0,2,31.5,2.0
8,Moises Caicedo,CHE,5.9,1,1,90,0,0,90.0,90.0,0,1,0,2,0,0,0,0,0,0,1,1,0,0,0,5,18.0,5.0
8,Cairney,FUL,4.9,1,0,19,1,0,19.0,0.0,0,0,0,0,0,0,0,0,0,0,0,0,0,0,0,1,19.0,0.0
8,Calafiori,ARS,5.8,1,1,90,0,0,90.0,90.0,0,0,0,2,0,0,0,0,0,1,0,0,0,0,0,1,90.0,1.0
8,Calvert-Lewin,EVE,5.5,1,1,90,0,0,90.0,90.0,0,0,1,0,0,0,0,0,0,1,0,0,0,0,0,2,45.0,2.0
8,Carvalho,BRE,4.9,1,0,21,1,0,21.0,0.0,0,0,0,0,0,0,0,0,0,0,0,0,0,0,0,1,21.0,0.0
8,Cash,AVL,4.6,1,1,90,0,0,90.0,90.0,0,0,0,1,0,0,0,0,0,1,0,0,0,0,0,2,45.0,2.0
8,Chalobah,CHE,5.1,1,1,90,0,0,90.0,90.0,0,0,0,1,0,0,0,0,0,1,0,0,0,0,0,2,45.0,2.0
8,Chaplin,IPS,5.1,1,0,31,1,0,31.0,0.0,0,0,0,0,0,0,0,0,0,0,0,0,0,0,0,1,31.0,0.0
8,Christie,BOU,5.0,1,0,32,1,0,32.0,0.0,1,0,0,0,0,0,0,0,0,0,1,1,0,0,0,6,5.3,0.0
8,Harry Clarke,IPS,4.0,1,0,31,1,0,31.0,0.0,0,0,0,0,0,0,0,0,0,0,0,0,0,0,0,1,31.0,0.0
8,Clarke (Jack),IPS,5.4,1,1,70,0,1,70.0,70.0,0,0,0,2,0,0,0,0,0,1,0,0,0,0,0,2,35.0,2.0
8,Collins,BRE,4.9,1,1,90,0,0,90.0,90.0,0,0,0,2,0,0,0,0,0,1,0,0,0,0,0,1,90.0,1.0
8,Colwill,CHE,4.8,1,1,90,0,0,90.0,90.0,0,0,0,2,0,0,0,0,0,1,0,0,0,0,0,1,90.0,1.0
8,Cook,BOU,4.9,1,1,90,0,0,90.0,90.0,0,0,1,0,0,0,0,0,0,1,0,0,0,0,0,3,30.0,3.0
8,André,WOL,5.4,1,1,45,0,1,45.0,45.0,0,0,0,1,0,0,0,0,0,1,0,0,0,0,0,1,45.0,1.0
8,Renato Veiga,CHE,4.4,1,0,43,1,0,43.0,0.0,0,0,0,0,0,0,0,1,0,0,0,0,0,0,0,0,0.0,0.0
8,Dalot,MUN,4.4,1,1,90,0,0,90.0,90.0,0,0,0,1,0,0,0,1,0,1,0,0,0,0,0,1,90.0,1.0
8,Damsgaard,BRE,5.8,1,1,90,0,0,90.0,90.0,0,1,0,2,0,0,0,0,0,0,1,1,0,0,0,5,18.0,5.0
8,Davis,IPS,4.2,1,1,90,0,0,90.0,90.0,0,0,0,2,0,0,0,0,0,1,0,0,0,0,0,1,90.0,1.0
8,Dawson,WOL,4.2,1,1,90,0,0,90.0,90.0,0,0,0,2,0,0,0,0,0,1,0,0,0,0,0,1,90.0,1.0
8,Richarlison,TOT,6.5,1,0,16,1,0,16.0,0.0,0,0,0,0,0,0,0,0,0,0,0,0,0,0,0,1,16.0,0.0
8,Jesus,ARS,6.4,1,0,15,1,0,15.0,0.0,0,0,0,0,0,0,0,0,0,0,0,0,0,0,0,1,15.0,0.0
8,de Ligt,MUN,5.0,1,1,90,0,0,90.0,90.0,0,0,0,1,0,0,0,0,0,1,0,0,0,0,0,2,45.0,2.0
8,Evanilson,BOU,7.0,1,1,82,0,1,82.0,82.0,0,1,1,0,0,0,0,0,0,0,1,1,0,0,0,5,16.4,5.0
8,DeCordova-Reid,LEI,5.2,1,0,12,1,0,12.0,0.0,0,0,0,0,0,0,0,0,0,0,0,0,0,0,0,1,12.0,0.0
8,Delap,IPS,6.2,1,1,78,0,1,78.0,78.0,0,0,0,2,0,0,0,0,0,1,0,0,0,0,0,2,39.0,2.0
8,Díaz,LIV,8.0,1,0,31,1,0,31.0,0.0,0,0,0,0,0,0,0,0,0,0,0,0,0,0,0,1,31.0,0.0
8,Dibling,SOU,5.4,1,1,75,0,1,75.0,75.0,0,0,0,2,0,0,0,1,0,1,0,0,0,0,0,1,75.0,1.0
8,Digne,AVL,4.5,1,1,90,0,0,90.0,90.0,0,1,0,1,0,0,0,1,0,0,1,1,0,0,0,4,22.5,4.0
8,Diop,FUL,4.4,1,0,31,1,0,31.0,0.0,0,0,0,1,1,0,0,1,0,0,0,0,0,0,0,0,0.0,0.0
8,Doku,MCI,6.5,1,1,66,0,1,66.0,66.0,0,1,0,1,0,0,0,0,0,0,1,1,0,0,0,5,13.2,5.0
8,Nicolás Domínguez,NFO,5.0,1,1,90,0,0,90.0,90.0,0,0,1,0,0,0,0,1,0,1,0,0,0,0,0,2,45.0,2.0
8,Igor Julio,BHA,4.5,1,1,90,0,0,90.0,90.0,0,0,1,0,0,0,0,0,0,0,0,1,0,0,0,6,15.0,6.0
8,Gabriel Magalhães,ARS,6.5,1,1,90,0,0,90.0,90.0,0,0,0,2,0,0,0,0,0,1,0,0,0,0,0,1,90.0,1.0
8,Doucouré,EVE,5.1,1,1,90,0,0,90.0,90.0,0,0,1,0,0,0,0,0,0,1,0,0,0,0,0,3,30.0,3.0
8,Downes,SOU,4.7,1,1,90,0,0,90.0,90.0,0,0,0,3,0,0,0,0,0,1,0,0,0,0,0,2,45.0,2.0
8,Doyle (Tommy),WOL,4.7,1,0,45,1,0,45.0,0.0,0,0,0,1,0,0,0,0,0,0,0,0,0,0,0,1,45.0,0.0
8,Dunk,BHA,4.5,1,1,90,0,0,90.0,90.0,0,0,1,0,0,0,0,0,0,0,0,1,0,0,0,6,15.0,6.0
8,Durán,AVL,5.7,1,0,24,1,0,24.0,0.0,0,0,0,0,0,0,0,0,0,0,0,0,0,0,0,1,24.0,0.0
8,El Khannouss,LEI,4.8,1,1,67,0,1,67.0,67.0,0,0,0,2,0,0,0,0,0,1,0,0,0,0,0,2,33.5,2.0
8,Elanga,NFO,6.7,1,1,62,0,1,62.0,62.0,0,0,1,0,0,0,0,0,0,1,0,0,0,0,0,3,20.7,3.0
8,Enciso,IPS,5.4,1,0,20,1,0,20.0,0.0,0,0,0,0,0,0,0,0,0,0,0,0,0,0,0,1,20.0,0.0
8,Eriksen,MUN,5.2,1,1,90,0,0,90.0,90.0,0,0,0,1,0,0,0,0,0,1,0,0,0,0,0,2,45.0,2.0
8,Mateus Fernandes,SOU,5.5,1,1,67,0,1,67.0,67.0,0,0,0,1,0,0,0,1,0,1,0,0,0,0,0,1,67.0,1.0
8,Estupiñán,BHA,4.5,1,0,23,1,0,23.0,0.0,0,0,0,0,0,0,0,0,0,0,0,0,0,0,0,1,23.0,0.0
8,Evans (Jonny),MUN,4.4,1,1,87,0,1,87.0,87.0,0,0,0,1,0,0,0,1,0,1,0,0,0,0,0,1,87.0,1.0
8,Eze,CRY,7.6,1,1,90,0,0,90.0,90.0,0,0,0,1,0,0,0,0,0,1,0,0,0,0,0,2,45.0,2.0
8,Faes,LEI,3.8,1,1,90,0,0,90.0,90.0,0,0,0,2,0,0,0,0,0,1,0,0,0,0,0,1,90.0,1.0
8,Fatawu,LEI,5.1,1,0,38,1,0,38.0,0.0,0,1,0,0,0,0,0,0,0,0,1,1,0,0,0,4,9.5,0.0
8,Ferguson,WHU,5.5,1,1,59,0,1,59.0,59.0,0,0,0,0,0,0,0,0,0,1,0,0,0,0,0,1,59.0,1.0
8,Fernández,CHE,6.7,1,0,43,1,0,43.0,0.0,0,0,0,0,0,0,0,0,0,0,0,0,0,0,0,1,43.0,0.0
8,Jota Silva,NFO,5.4,1,0,33,1,0,33.0,0.0,0,0,0,0,0,0,0,0,0,0,0,0,0,0,0,1,33.0,0.0
8,Flekken,BRE,4.5,1,1,90,0,0,90.0,90.0,0,0,0,2,0,0,9,0,0,0,0,0,0,0,0,4,22.5,4.0
8,Foden,MCI,8.0,1,0,31,1,0,31.0,0.0,0,1,0,0,0,0,0,0,0,0,1,1,0,0,0,4,7.8,0.0
8,Casemiro,MUN,5.5,1,1,86,0,1,86.0,86.0,0,0,0,1,0,0,0,0,0,1,0,0,0,0,0,2,43.0,2.0
8,Fraser (Ryan),SOU,4.8,1,0,11,1,0,11.0,0.0,0,0,0,1,0,0,0,0,1,0,0,0,0,0,0,0,0.0,0.0
8,Gakpo,LIV,7.6,1,1,64,0,1,64.0,64.0,0,0,0,1,0,0,0,0,0,1,0,0,0,0,0,2,32.0,2.0
8,Gonçalo Guedes,WOL,5.5,1,0,19,1,0,19.0,0.0,0,0,0,1,0,0,0,0,0,0,0,0,0,0,0,1,19.0,0.0
8,Garnacho,MUN,6.4,1,1,89,0,1,89.0,89.0,1,0,0,1,0,0,0,0,0,0,1,1,0,3,1,10,8.9,10.0
8,Rúben Dias,MCI,5.5,1,1,90,0,0,90.0,90.0,0,0,0,1,0,0,0,0,0,1,0,0,0,0,0,2,45.0,2.0
8,Toti,WOL,4.3,1,1,90,0,0,90.0,90.0,0,0,0,2,0,0,0,1,0,1,0,0,0,0,0,0,0.0,0.0
8,João Gomes,WOL,5.4,1,1,88,0,1,88.0,88.0,0,0,0,1,0,0,0,1,0,1,0,0,0,0,0,1,88.0,1.0
8,Gomez,LIV,4.9,1,0,15,1,0,15.0,0.0,0,0,0,0,0,0,0,0,0,0,0,0,0,0,0,1,15.0,0.0
8,Gordon (Anthony),NEW,7.5,1,1,78,0,1,78.0,78.0,0,0,0,1,0,0,0,0,0,1,0,0,0,0,0,2,39.0,2.0
8,Gravenberch,LIV,5.6,1,1,90,0,0,90.0,90.0,0,0,0,1,0,0,0,0,0,1,0,0,0,0,0,2,45.0,2.0
8,Gray (Archie),TOT,4.8,1,0,10,1,0,10.0,0.0,0,0,0,0,0,0,0,0,0,0,0,0,0,0,0,1,10.0,0.0
8,Grealish,MCI,6.9,1,0,24,1,0,24.0,0.0,0,0,0,0,0,0,0,0,0,0,0,0,0,0,0,1,24.0,0.0
8,Marc Guehi,CRY,4.9,1,1,90,0,0,90.0,90.0,0,0,0,1,0,0,0,0,0,1,0,0,0,0,0,2,45.0,2.0
8,Gueye,EVE,5.4,1,1,90,0,0,90.0,90.0,0,0,1,0,0,0,0,0,0,1,0,0,0,0,0,3,30.0,3.0
8,Bruno Guimarães,NEW,6.5,1,1,78,0,1,78.0,78.0,0,0,0,1,0,0,0,0,0,1,0,0,0,0,0,2,39.0,2.0
8,Gundogan,MCI,6.3,1,1,90,0,0,90.0,90.0,0,0,0,1,0,0,0,0,0,1,0,0,0,0,0,2,45.0,2.0
8,Gusto,CHE,4.9,1,1,90,0,0,90.0,90.0,0,0,0,2,0,0,0,0,0,1,0,0,0,0,0,1,90.0,1.0
8,Gvardiol,MCI,5.9,1,1,90,0,0,90.0,90.0,1,0,0,1,0,0,0,0,0,0,1,1,0,2,1,10,9.0,10.0
8,Haaland,MCI,14.8,1,1,90,0,0,90.0,90.0,0,0,0,1,0,0,0,0,0,1,0,0,0,0,0,2,45.0,2.0
8,Lewis Hall,NEW,5.2,1,1,85,0,1,85.0,85.0,0,0,0,1,0,0,0,1,0,1,0,0,0,0,0,1,85.0,1.0
8,Harrison (Jack),EVE,5.2,1,1,90,0,0,90.0,90.0,0,0,1,0,0,0,0,0,0,1,0,0,0,0,0,3,30.0,3.0
8,Harwood-Bellis,SOU,3.9,1,1,90,0,0,90.0,90.0,0,0,0,3,0,0,0,1,0,1,0,0,0,0,0,0,0.0,0.0
8,Havertz,ARS,7.3,1,1,90,0,0,90.0,90.0,0,0,0,2,0,0,0,0,0,1,0,0,0,0,0,2,45.0,2.0
8,Henderson,CRY,5.0,1,1,90,0,0,90.0,90.0,0,0,0,1,0,0,5,0,0,1,0,0,0,0,0,3,30.0,3.0
8,Hermansen,LEI,4.4,1,1,90,0,0,90.0,90.0,0,0,0,2,0,0,6,0,0,1,0,0,0,0,0,3,30.0,3.0
8,Hinshelwood,BHA,5.1,1,1,90,0,0,90.0,90.0,0,0,1,0,0,0,0,1,0,1,0,0,0,0,0,2,45.0,2.0
8,Hirst,IPS,5.4,1,0,15,1,0,15.0,0.0,0,0,0,0,0,0,0,0,0,0,0,0,0,0,0,1,15.0,0.0
8,Hudson-Odoi,NFO,5.8,1,1,81,0,1,81.0,81.0,0,0,1,0,0,0,0,0,0,1,0,0,0,0,0,3,27.0,3.0
8,Hughes,CRY,4.8,1,1,74,0,1,74.0,74.0,0,0,0,1,0,0,0,0,0,1,0,0,0,0,0,2,37.0,2.0
8,Hutchinson,IPS,5.4,1,1,90,0,0,90.0,90.0,0,0,0,2,0,0,0,0,0,1,0,0,0,0,0,2,45.0,2.0
8,Højlund,MUN,6.3,1,1,73,0,1,73.0,73.0,1,0,0,1,0,0,0,0,0,0,1,1,0,2,0,8,9.1,8.0
8,Isak,NEW,10.4,1,1,90,0,0,90.0,90.0,0,0,0,1,0,0,0,0,0,1,0,0,0,0,0,2,45.0,2.0
8,Iwobi,FUL,6.5,1,1,90,0,0,90.0,90.0,0,0,0,3,0,0,0,0,0,1,0,0,0,0,0,2,45.0,2.0
8,Jackson (Nicolas),CHE,6.5,1,1,90,0,0,90.0,90.0,1,0,0,2,0,0,0,1,0,0,1,1,0,1,0,6,15.0,6.0
8,James,CHE,5.5,1,1,52,0,1,52.0,52.0,0,0,0,2,0,0,0,0,0,1,0,0,0,0,0,0,0.0,0.0
8,Janelt,BRE,4.9,1,1,74,0,1,74.0,74.0,0,0,0,2,0,0,0,0,0,1,0,0,0,0,0,2,37.0,2.0
8,Raúl Jiménez,FUL,6.2,1,1,90,0,0,90.0,90.0,1,0,0,3,0,0,0,0,0,0,1,1,0,1,0,7,12.9,7.0
8,Johnson (Brennan),TOT,6.7,1,1,90,0,0,90.0,90.0,0,0,0,1,0,0,0,0,0,1,0,0,0,0,0,2,45.0,2.0
8,Jones,LIV,5.4,1,1,79,0,1,79.0,79.0,1,1,0,1,0,0,0,0,0,0,2,2,0,3,1,13,6.1,13.0
8,Justin,LEI,4.0,1,1,90,0,0,90.0,90.0,0,0,0,2,0,0,0,0,0,1,0,0,0,0,0,1,90.0,1.0
8,Kadioglu,BHA,4.4,1,1,90,0,0,90.0,90.0,0,0,1,0,0,0,0,0,0,0,0,1,0,0,0,6,15.0,6.0
8,Kamada,CRY,5.0,1,1,86,0,1,86.0,86.0,0,0,0,1,0,0,0,1,0,1,0,0,0,0,0,1,86.0,1.0
8,Keane,EVE,4.5,1,1,90,0,0,90.0,90.0,1,0,1,0,0,0,0,1,0,0,1,2,0,3,1,14,6.4,14.0
8,Kelleher,LIV,4.5,1,1,90,0,0,90.0,90.0,0,0,0,1,0,0,1,0,0,1,0,0,0,0,0,2,45.0,2.0
8,Kerkez,BOU,5.8,1,1,90,0,0,90.0,90.0,0,0,1,0,0,0,0,0,0,0,0,1,0,1,0,7,12.9,7.0
8,Kilman,WHU,4.3,1,1,90,0,0,90.0,90.0,0,0,0,4,0,0,0,0,0,1,0,0,0,0,0,0,0.0,0.0
8,Kiwior,ARS,5.4,1,0,47,1,1,47.0,0.0,0,0,0,2,0,0,0,0,0,0,0,0,0,0,0,0,0.0,0.0
8,Kluivert,BOU,7.0,1,0,32,1,0,32.0,0.0,1,1,0,0,0,0,0,0,0,0,2,2,0,2,1,11,2.9,0.0
8,Konaté,LIV,5.4,1,1,90,0,0,90.0,90.0,0,0,0,1,0,0,0,1,0,1,0,0,0,0,0,1,90.0,1.0
8,Kovacic,MCI,5.9,1,1,84,0,1,84.0,84.0,0,0,0,1,0,0,0,0,0,1,0,0,0,0,0,2,42.0,2.0
8,Kristiansen,LEI,4.4,1,1,58,0,1,58.0,58.0,0,0,0,2,0,0,0,0,0,1,0,0,0,0,0,0,0.0,0.0
8,Kudus,WHU,6.8,1,1,85,0,0,85.0,85.0,1,0,0,4,0,0,0,0,1,0,1,1,0,0,0,4,21.3,4.0
8,Kulusevski,TOT,6.4,1,1,90,0,0,90.0,90.0,1,0,0,1,0,0,0,0,0,0,1,1,0,2,0,9,10.0,9.0
8,Lacroix,CRY,5.0,1,1,90,0,0,90.0,90.0,0,0,0,1,0,0,0,0,0,1,0,0,0,0,0,2,45.0,2.0
8,Lavia,CHE,4.9,1,1,52,0,1,52.0,52.0,0,0,0,2,0,0,0,0,0,1,0,0,0,0,0,1,52.0,1.0
8,Lemina (Mario),WOL,4.8,1,1,90,0,0,90.0,90.0,0,0,0,2,0,0,0,0,0,1,0,0,0,0,0,2,45.0,2.0
8,Leno,FUL,5.0,1,1,90,0,0,90.0,90.0,0,1,0,3,0,0,4,0,0,0,1,1,0,0,0,5,18.0,5.0
8,Lerma,CRY,4.9,1,1,90,0,0,90.0,90.0,0,0,0,1,0,0,0,1,0,1,0,0,0,0,0,1,90.0,1.0
8,Lewis (Rico),MCI,4.9,1,1,90,0,0,90.0,90.0,0,0,0,1,0,0,0,0,0,1,0,0,0,0,0,2,45.0,2.0
8,Lewis-Potter,BRE,4.9,1,1,65,0,1,65.0,65.0,0,0,0,2,0,0,0,0,0,1,0,0,0,0,0,2,32.5,2.0
8,Livramento,NEW,4.9,1,1,90,0,0,90.0,90.0,0,0,0,1,0,0,0,0,0,1,0,0,0,0,0,2,45.0,2.0
8,Longstaff (Sean),NEW,4.9,1,0,16,1,0,16.0,0.0,0,0,0,0,0,0,0,0,0,0,0,0,0,0,0,1,16.0,0.0
8,Mac Allister,LIV,6.3,1,0,15,1,0,15.0,0.0,0,0,0,0,0,0,0,1,0,0,0,0,0,0,0,0,0.0,0.0
8,Maddison,TOT,6.9,1,1,45,0,1,45.0,45.0,0,1,0,1,0,0,0,0,0,0,1,1,0,0,0,4,11.3,4.0
8,Madueke,CHE,6.8,1,1,74,0,1,74.0,74.0,0,0,0,2,0,0,0,0,0,1,0,0,0,0,0,2,37.0,2.0
8,José Sá,WOL,4.4,1,1,90,0,0,90.0,90.0,0,0,0,2,0,0,5,0,0,1,0,0,0,0,0,2,45.0,2.0
8,Mangala,EVE,5.0,1,0,13,1,0,13.0,0.0,0,0,0,0,0,0,0,0,0,0,0,0,0,0,0,1,13.0,0.0
8,Manning,SOU,4.3,1,1,75,0,1,75.0,75.0,0,1,0,2,0,0,0,1,0,1,1,1,0,0,0,3,25.0,3.0
8,Martinelli,ARS,6.9,1,0,31,1,0,31.0,0.0,0,0,0,2,0,0,0,0,0,0,0,0,0,0,0,1,31.0,0.0
8,Martinez,AVL,5.0,1,1,90,0,0,90.0,90.0,0,0,0,1,0,1,3,0,0,0,0,1,0,0,0,8,11.3,8.0
8,Martínez,MUN,4.8,1,1,90,0,0,90.0,90.0,0,0,0,1,0,0,0,0,0,1,0,0,0,0,0,2,45.0,2.0
8,Mateta,CRY,7.7,1,0,29,1,0,29.0,0.0,0,0,0,0,0,0,0,0,0,0,0,0,0,0,0,1,29.0,0.0
8,Mavididi,LEI,5.0,1,1,84,0,1,84.0,84.0,0,0,0,2,0,0,0,0,0,1,0,0,0,0,0,2,42.0,2.0
8,Mavropanos,WHU,4.4,1,0,26,1,0,26.0,0.0,0,0,0,0,0,0,0,0,0,0,0,0,0,0,0,1,26.0,0.0
8,Mazraoui,MUN,4.9,1,0,5,1,0,5.0,0.0,0,0,0,0,0,0,0,0,0,0,0,0,0,0,0,1,5.0,0.0
8,Mbeumo,BRE,8.2,1,1,90,0,0,90.0,90.0,0,0,0,2,0,0,0,0,0,1,0,0,0,0,0,2,45.0,2.0
8,McGinn,AVL,5.4,1,0,16,1,0,16.0,0.0,0,0,0,0,0,0,0,0,0,0,0,0,0,0,0,1,16.0,0.0
8,McNeil,EVE,5.6,1,1,90,0,0,90.0,90.0,0,1,1,0,0,0,0,0,0,0,1,1,0,0,0,6,15.0,6.0
8,Merino,ARS,5.9,1,1,80,0,1,80.0,80.0,0,0,0,2,0,0,0,0,0,1,0,0,0,0,0,2,40.0,2.0
8,Milenkovic,NFO,5.2,1,1,90,0,0,90.0,90.0,0,0,1,0,0,0,0,0,0,0,0,1,0,0,0,6,15.0,6.0
8,Mitchell,CRY,5.0,1,1,74,0,1,74.0,74.0,0,0,0,1,0,0,0,0,0,1,0,0,0,0,0,2,37.0,2.0
8,Mitoma,BHA,6.2,1,0,35,1,0,35.0,0.0,0,0,0,0,0,0,0,0,0,0,0,0,0,0,0,1,35.0,0.0
8,Savinho,MCI,6.9,1,1,73,0,1,73.0,73.0,0,0,0,1,0,0,0,1,0,1,0,0,0,0,0,1,73.0,1.0
8,Álex Moreno,NFO,4.0,1,1,78,0,1,78.0,78.0,0,0,1,0,0,0,0,0,0,0,0,1,0,0,0,6,13.0,6.0
8,Morsy,IPS,4.8,1,1,90,0,0,90.0,90.0,0,0,0,2,0,0,0,0,0,1,0,0,0,0,0,2,45.0,2.0
8,Muñoz,CRY,5.7,1,1,90,0,0,90.0,90.0,0,0,0,1,0,0,0,1,0,1,0,0,0,0,0,1,90.0,1.0
8,Muric,IPS,4.4,1,1,90,0,0,90.0,90.0,0,0,0,2,0,0,6,0,0,1,0,0,0,0,0,3,30.0,3.0
8,Murphy (Jacob),NEW,6.1,1,1,65,0,1,65.0,65.0,0,0,0,1,0,0,0,0,0,1,0,0,0,0,0,2,32.5,2.0
8,Mvom Onana,AVL,4.8,1,1,74,0,1,74.0,74.0,0,0,0,1,0,0,0,0,0,1,0,0,0,0,0,2,37.0,2.0
8,Mykolenko,EVE,4.9,1,1,90,0,0,90.0,90.0,0,0,1,0,0,0,0,0,0,0,0,1,0,1,0,7,12.9,7.0
8,Ndiaye,EVE,6.5,1,1,81,0,1,81.0,81.0,1,0,1,0,0,0,0,0,0,0,1,1,0,3,0,9,9.0,9.0
8,Ndidi,LEI,4.9,1,1,90,0,0,90.0,90.0,0,0,0,2,0,0,0,0,0,1,0,0,0,0,0,2,45.0,2.0
8,Nelson (Reiss),FUL,4.8,1,0,31,1,0,31.0,0.0,0,0,0,1,0,0,0,0,0,0,0,0,0,0,0,1,31.0,0.0
8,Neto,CHE,7.0,1,0,45,1,0,45.0,0.0,0,0,0,1,0,0,0,0,0,0,0,0,0,0,0,1,45.0,0.0
8,Lindelof,MUN,4.5,1,0,8,1,0,8.0,0.0,0,0,0,0,0,0,0,0,0,0,0,0,0,0,0,1,8.0,0.0
8,Eddie Nketiah,CRY,5.4,1,1,66,0,1,66.0,66.0,0,0,0,1,0,0,0,0,0,1,0,0,0,0,0,2,33.0,2.0
8,Nkunku,CHE,5.9,1,0,20,1,0,20.0,0.0,0,0,0,0,0,0,0,0,0,0,0,0,0,0,0,1,20.0,0.0
8,Norgaard,BRE,5.2,1,1,90,0,0,90.0,90.0,0,0,0,2,0,0,0,1,0,1,0,0,0,0,0,1,90.0,1.0
8,Matheus Nunes,MCI,5.3,1,0,13,1,0,13.0,0.0,0,0,0,0,0,0,0,0,0,0,0,0,0,0,0,1,13.0,0.0
8,Núñez,LIV,6.5,1,0,66,1,0,66.0,0.0,0,0,0,1,0,0,0,1,0,0,0,0,0,0,0,1,66.0,0.0
8,Nwaneri,ARS,5.2,1,0,15,1,0,15.0,0.0,0,0,0,0,0,0,0,0,0,0,0,0,0,0,0,1,15.0,0.0
8,O'Shea,IPS,3.8,1,1,63,0,1,63.0,63.0,0,0,0,2,0,0,0,0,0,1,0,0,0,0,0,1,63.0,1.0
8,Okoli,LEI,4.0,1,1,90,0,0,90.0,90.0,0,0,0,2,0,0,0,0,0,1,0,0,0,0,0,1,90.0,1.0
8,Onana,MUN,4.9,1,1,90,0,0,90.0,90.0,0,0,0,1,0,0,1,0,0,1,0,0,0,0,0,2,45.0,2.0
8,Paul Onuachu,SOU,4.9,1,0,30,1,0,30.0,0.0,0,0,0,2,0,0,0,0,0,0,0,0,0,0,0,1,30.0,0.0
8,Osula,NEW,5.5,1,0,9,1,0,9.0,0.0,0,0,0,0,0,0,0,0,0,0,0,0,0,0,0,1,9.0,0.0
8,Dango Ouattara,BOU,6.0,1,1,63,0,1,63.0,63.0,0,0,1,0,0,0,0,0,0,1,0,0,0,0,0,3,21.0,3.0
8,Palmer (Cole),CHE,10.3,1,1,90,0,0,90.0,90.0,0,0,0,2,0,0,0,0,0,1,0,0,0,0,0,2,45.0,2.0
8,Emerson,WHU,4.4,1,1,90,0,0,90.0,90.0,0,0,0,4,0,0,0,0,0,1,0,0,0,0,0,0,0.0,0.0
8,Partey,ARS,4.9,1,1,90,0,0,90.0,90.0,0,0,0,2,0,0,0,0,0,1,0,0,0,0,0,2,45.0,2.0
8,Pereira,FUL,5.3,1,1,66,0,1,66.0,66.0,0,0,0,2,0,0,0,0,0,1,0,0,0,0,0,0,0.0,0.0
8,Phillips (Kalvin),IPS,4.8,1,1,70,0,1,70.0,70.0,0,0,0,2,0,0,0,0,0,1,0,0,0,0,0,2,35.0,2.0
8,Philogene-Bidace,IPS,5.3,1,0,31,1,0,31.0,0.0,0,0,0,0,0,0,0,0,1,0,0,0,0,0,0,0,0.0,0.0
8,Pickford,EVE,5.5,1,1,90,0,0,90.0,90.0,0,0,1,0,0,0,2,0,0,0,0,1,0,0,0,6,15.0,6.0
8,Pinnock,BRE,4.3,1,1,90,0,0,90.0,90.0,1,0,0,2,0,0,0,0,0,0,1,1,0,0,0,7,12.9,7.0
8,Pope,NEW,5.2,1,1,90,0,0,90.0,90.0,0,0,0,1,0,0,4,0,0,1,0,0,0,0,0,3,30.0,3.0
8,Porro,TOT,5.5,1,1,90,0,0,90.0,90.0,0,0,0,1,0,0,0,0,0,1,0,0,0,0,0,2,45.0,2.0
8,Ramsdale,SOU,4.8,1,1,90,0,0,90.0,90.0,0,0,0,3,0,0,1,0,0,1,0,0,0,0,0,1,90.0,1.0
8,Ramsey (Jacob),AVL,5.3,1,1,81,0,1,81.0,81.0,0,1,0,1,0,0,0,0,0,0,1,1,0,0,0,5,16.2,5.0
8,Rashford,AVL,7.0,1,1,90,0,0,90.0,90.0,0,1,0,1,0,0,0,0,0,0,1,1,0,1,0,6,15.0,6.0
8,Raya Martin,ARS,5.8,1,1,90,0,0,90.0,90.0,0,0,0,2,0,0,2,0,0,1,0,0,0,0,0,1,90.0,1.0
8,Rice,ARS,6.7,1,1,90,0,0,90.0,90.0,0,0,0,2,0,0,0,0,0,1,0,0,0,0,0,2,45.0,2.0
8,Robertson,LIV,5.8,1,1,90,0,0,90.0,90.0,0,0,0,1,0,0,0,0,0,1,0,0,0,0,0,2,45.0,2.0
8,Robinson (Antonee),FUL,4.9,1,1,90,0,0,90.0,90.0,0,0,0,3,0,0,0,0,0,1,0,0,0,0,0,1,90.0,1.0
8,Morato,NFO,4.4,1,0,17,1,0,17.0,0.0,0,0,0,0,0,0,0,0,0,0,0,0,0,0,0,1,17.0,0.0
8,Rodríguez,WHU,4.8,1,1,70,0,1,70.0,70.0,0,0,0,4,0,0,0,0,0,1,0,0,0,0,0,2,35.0,2.0
8,Roerslev,BRE,4.5,1,0,9,1,0,9.0,0.0,0,0,0,0,0,0,0,0,0,0,0,0,0,0,0,1,9.0,0.0
8,Rogers,AVL,6.8,1,1,81,0,1,81.0,81.0,1,0,0,1,0,0,0,1,0,0,1,1,0,0,0,6,13.5,6.0
8,Romero,TOT,5.0,1,1,90,0,0,90.0,90.0,0,0,0,1,0,0,0,0,0,1,0,0,0,0,0,2,45.0,2.0
8,Rutter,BHA,5.7,1,1,71,0,1,71.0,71.0,0,1,1,0,0,0,0,0,0,0,1,1,0,0,0,6,11.8,6.0
8,Salah,LIV,14.3,1,1,90,0,0,90.0,90.0,1,1,0,1,0,0,0,0,0,0,2,2,0,2,1,12,7.5,12.0
8,Saliba,ARS,6.0,1,1,28,0,0,28.0,28.0,0,0,0,0,0,0,0,0,1,1,0,0,0,0,0,0,0.0,0.0
8,Sanchez,CHE,4.9,1,1,90,0,0,90.0,90.0,0,0,0,2,0,0,3,0,0,1,0,0,0,0,0,2,45.0,2.0
8,Sancho,MUN,5.8,1,1,45,0,1,45.0,45.0,0,0,0,1,0,0,0,0,0,1,0,0,0,0,0,1,45.0,1.0
8,Ederson,MCI,5.3,1,1,90,0,0,90.0,90.0,0,0,0,1,0,0,1,0,0,1,0,0,0,0,0,2,45.0,2.0
8,Murillo,NFO,5.3,1,1,90,0,0,90.0,90.0,0,0,1,0,0,0,0,0,0,0,0,1,0,2,0,8,11.3,8.0
8,Matheus Cunha,WOL,7.9,1,1,66,0,1,66.0,66.0,0,0,0,1,0,0,0,0,0,1,0,0,0,0,0,2,33.0,2.0
8,Diego Carlos,AVL,4.5,1,1,90,0,0,90.0,90.0,0,0,0,1,0,0,0,0,0,1,0,0,0,0,0,2,45.0,2.0
8,Ismaila Sarr,CRY,6.6,1,0,21,1,0,21.0,0.0,0,0,0,0,0,0,0,0,0,0,0,0,0,0,0,1,21.0,0.0
8,Sarr (Pape),TOT,4.9,1,0,45,1,0,45.0,0.0,0,1,0,0,0,0,0,0,0,0,1,1,0,0,0,4,11.3,0.0
8,Schade,BRE,7.0,1,1,74,0,1,74.0,74.0,0,0,0,2,0,0,0,0,0,1,0,0,0,0,0,2,37.0,2.0
8,Schär,NEW,5.4,1,1,90,0,0,90.0,90.0,0,0,0,1,0,0,0,0,0,1,0,0,0,0,0,2,45.0,2.0
8,Schlupp,CRY,4.6,1,0,21,1,0,21.0,0.0,0,0,0,0,0,0,0,0,0,0,0,0,0,0,0,1,21.0,0.0
8,Scott,BOU,5.0,1,1,63,0,1,63.0,63.0,0,0,1,0,0,0,0,0,0,1,0,0,0,0,0,3,21.0,3.0
8,Sels,NFO,4.8,1,1,90,0,0,90.0,90.0,0,0,1,0,0,0,7,0,0,0,0,1,0,3,1,11,8.2,11.0
8,Semedo,WOL,4.5,1,1,90,0,0,90.0,90.0,0,1,0,2,0,0,0,1,0,1,1,1,0,0,0,3,30.0,3.0
8,Semenyo,BOU,8.1,1,1,90,0,0,90.0,90.0,0,0,1,0,0,0,0,1,0,1,0,0,0,0,0,2,45.0,2.0
8,Senesi,BOU,5.0,1,1,90,0,0,90.0,90.0,0,0,1,0,0,0,0,0,0,0,0,1,0,3,0,9,10.0,9.0
8,Sinisterra,BOU,5.0,1,0,33,1,0,33.0,0.0,0,0,0,0,0,0,0,0,0,0,0,0,0,0,0,1,33.0,0.0
8,Skipp,LEI,4.7,1,1,45,0,1,45.0,45.0,0,0,0,2,0,0,0,0,0,1,0,0,0,0,0,1,45.0,1.0
8,Smallbone,SOU,5.0,1,0,30,1,0,30.0,0.0,0,0,0,2,0,0,0,0,0,0,0,0,0,0,0,1,30.0,0.0
8,Smith,BOU,4.4,1,0,45,1,0,45.0,0.0,0,0,0,0,0,0,0,0,0,0,0,0,0,0,0,1,45.0,0.0
8,Smith-Rowe,FUL,5.7,1,1,79,0,1,79.0,79.0,0,0,0,3,0,0,0,1,0,1,0,0,0,0,0,1,79.0,1.0
8,Solanke,TOT,7.2,1,1,80,0,1,80.0,80.0,0,0,0,1,0,0,0,0,0,1,0,0,0,0,0,2,40.0,2.0
8,Soler (Carlos),WHU,5.0,1,0,36,1,0,36.0,0.0,0,0,0,0,0,0,0,1,0,0,0,0,0,0,0,0,0.0,0.0
8,Son,TOT,8.5,1,1,70,0,1,70.0,70.0,1,0,0,1,0,0,0,0,0,0,1,1,0,1,0,8,8.8,8.0
8,Sosa,NFO,5.5,1,0,14,1,0,14.0,0.0,0,0,0,0,0,0,0,0,0,0,0,0,0,0,0,1,14.0,0.0
8,Soucek,WHU,5.7,1,1,60,0,1,60.0,60.0,0,0,0,4,0,0,0,1,0,1,0,0,0,0,0,1,60.0,1.0
8,Sterling,ARS,6.7,1,1,35,0,1,35.0,35.0,0,0,0,0,0,0,0,0,0,1,0,0,0,0,0,1,35.0,1.0
8,Stones,MCI,5.5,1,1,90,0,0,90.0,90.0,1,0,0,1,0,0,0,0,0,0,1,1,0,1,0,9,10.0,9.0
8,Strand Larsen,WOL,6.4,1,1,78,0,1,78.0,78.0,1,0,0,1,0,0,0,0,0,0,1,1,0,3,0,9,8.7,9.0
8,Sugawara,SOU,4.2,1,1,60,0,1,60.0,60.0,0,0,1,0,0,0,0,1,0,0,0,1,0,0,0,5,12.0,5.0
8,Sulemana,SOU,5.0,1,0,21,1,0,21.0,0.0,0,0,0,1,0,0,0,0,0,0,0,0,0,0,0,1,21.0,0.0
8,Summerville,WHU,5.5,1,0,36,1,0,36.0,0.0,0,0,0,0,0,0,0,0,0,0,0,0,0,0,0,1,36.0,0.0
8,Szmodics,IPS,5.7,1,0,24,1,0,24.0,0.0,0,0,0,0,0,0,0,0,0,0,0,0,0,0,0,1,24.0,0.0
8,Szoboszlai,LIV,6.5,1,1,90,0,0,90.0,90.0,0,0,0,1,0,0,0,1,0,1,0,0,0,0,0,1,90.0,1.0
8,Tarkowski,EVE,5.5,1,1,90,0,0,90.0,90.0,0,0,1,0,0,0,0,0,0,0,0,1,0,0,0,6,15.0,6.0
8,Tavernier,BOU,5.5,1,1,63,0,1,63.0,63.0,0,0,1,0,0,0,0,0,0,1,0,0,0,0,0,3,21.0,3.0
8,Taylor (Charlie),SOU,3.9,1,0,21,1,0,21.0,0.0,0,0,0,1,0,0,0,0,0,0,0,0,0,0,0,1,21.0,0.0
8,Taylor (Jack),IPS,4.8,1,0,24,1,0,24.0,0.0,0,0,0,0,0,0,0,1,0,0,0,0,0,0,0,0,0.0,0.0
8,Diogo Jota,LIV,7.2,1,1,28,0,1,28.0,28.0,0,0,0,0,0,0,0,0,0,1,0,0,0,0,0,1,28.0,1.0
8,Tete,FUL,4.5,1,1,90,0,0,90.0,90.0,0,0,0,3,0,0,0,0,0,1,0,0,0,0,0,1,90.0,1.0
8,Tielemans,AVL,5.9,1,1,90,0,0,90.0,90.0,0,1,0,1,0,0,0,0,0,0,1,1,0,3,0,8,11.3,8.0
8,Todibo,WHU,4.3,1,1,90,0,0,90.0,90.0,0,0,0,4,0,0,0,0,0,1,0,0,0,0,0,0,0.0,0.0
8,Lucas Paquetá,WHU,5.9,1,1,60,0,1,60.0,60.0,0,0,0,4,0,0,0,1,0,1,0,0,0,0,0,1,60.0,1.0
8,Tonali,NEW,5.4,1,1,65,0,1,65.0,65.0,0,0,0,1,0,0,0,0,0,1,0,0,0,0,0,2,32.5,2.0
8,Torres,AVL,4.3,1,1,90,0,0,90.0,90.0,0,0,0,1,0,0,0,0,0,1,0,0,0,0,0,2,45.0,2.0
8,Traoré (Adama),FUL,5.2,1,1,66,0,1,66.0,66.0,0,0,0,2,0,0,0,0,0,1,0,0,0,0,0,2,33.0,2.0
8,Trossard,ARS,6.9,1,1,64,0,1,64.0,64.0,0,0,1,0,0,0,0,0,0,1,0,0,0,0,0,3,21.3,3.0
8,Destiny Udogie,TOT,4.4,1,1,86,0,1,86.0,86.0,0,1,0,1,0,0,0,0,0,0,1,1,0,0,0,5,17.2,5.0
8,Ugarte,MUN,4.8,1,0,8,1,0,8.0,0.0,0,0,0,0,0,0,0,0,0,0,0,0,0,0,0,1,8.0,0.0
8,Unal,BOU,5.4,1,0,13,1,0,13.0,0.0,0,0,0,0,0,0,0,0,0,0,0,0,0,0,0,1,13.0,0.0
8,van de Ven,TOT,4.7,1,1,90,0,0,90.0,90.0,0,0,0,1,0,0,0,1,0,1,0,0,0,0,0,1,90.0,1.0
8,van den Berg,BRE,4.5,1,1,86,0,1,86.0,86.0,0,0,0,2,0,0,0,0,0,1,0,0,0,0,0,1,86.0,1.0
8,van Dijk,LIV,6.0,1,1,90,0,0,90.0,90.0,0,0,0,1,0,0,0,0,0,1,0,0,0,0,0,2,45.0,2.0
8,van Hecke,BHA,4.4,1,0,20,1,0,20.0,0.0,0,0,0,0,0,0,0,0,0,0,0,0,0,0,0,1,20.0,0.0
8,Vardy,LEI,5.4,1,1,90,0,0,90.0,90.0,1,0,0,2,0,0,0,1,0,0,1,1,0,1,0,6,15.0,6.0
8,Bernardo Silva,MCI,6.3,1,1,90,0,0,90.0,90.0,0,0,0,1,0,0,0,0,0,1,0,0,0,0,0,2,45.0,2.0
8,Veltman,BHA,4.4,1,1,90,0,0,90.0,90.0,0,0,1,0,0,0,0,0,0,0,0,1,0,1,0,7,12.9,7.0
8,Verbruggen,BHA,4.4,1,1,90,0,0,90.0,90.0,0,0,1,0,0,0,6,0,0,0,0,1,0,2,1,10,9.0,10.0
8,Vicario,TOT,5.1,1,1,90,0,0,90.0,90.0,0,0,0,1,0,0,2,0,0,1,0,0,0,0,0,2,45.0,2.0
8,Walker-Peters,SOU,4.4,1,1,90,0,0,90.0,90.0,0,1,0,3,0,0,0,0,0,0,1,1,0,0,0,4,22.5,4.0
8,Wan-Bissaka,WHU,4.3,1,1,90,0,0,90.0,90.0,0,0,0,4,0,0,0,0,0,1,0,0,0,0,0,0,0.0,0.0
8,Watkins,AVL,8.5,1,1,74,0,1,74.0,74.0,1,0,0,1,0,0,0,0,0,0,1,1,0,2,0,8,9.3,8.0
8,Welbeck,BHA,6.4,1,1,75,0,1,75.0,75.0,1,0,1,0,0,0,0,0,0,0,1,1,0,3,0,9,8.3,9.0
8,Werner,TOT,6.2,1,0,26,1,0,26.0,0.0,0,0,0,0,0,0,0,0,0,0,0,0,0,0,0,1,26.0,0.0
8,White (Ben),ARS,5.4,1,1,90,0,0,90.0,90.0,0,0,0,2,0,0,0,1,0,1,0,0,0,0,0,0,0.0,0.0
8,Wieffer,BHA,4.9,1,0,23,1,0,23.0,0.0,0,0,0,0,0,0,0,0,0,0,0,0,0,0,0,1,23.0,0.0
8,Williams (Neco),NFO,4.7,1,0,17,1,0,17.0,0.0,0,0,0,0,0,0,0,0,0,0,0,0,0,0,0,1,17.0,0.0
8,Willock,NEW,5.0,1,0,29,1,0,29.0,0.0,0,0,0,0,0,0,0,0,0,0,0,0,0,0,0,1,29.0,0.0
8,Wilson (Harry),FUL,5.3,1,0,19,1,0,19.0,0.0,0,0,0,0,0,0,0,0,0,0,0,0,0,0,0,1,19.0,0.0
8,Winks,LEI,4.3,1,0,45,1,0,45.0,0.0,0,1,0,0,0,0,0,1,0,0,1,1,0,0,0,3,15.0,0.0
8,Wissa,BRE,7.4,1,0,29,1,0,29.0,0.0,0,0,0,0,0,0,0,0,0,0,0,0,0,0,0,1,29.0,0.0
8,Wood (Chris),NFO,7.2,1,1,82,0,1,82.0,82.0,1,0,1,0,0,0,0,0,0,0,1,1,0,1,0,7,11.7,7.0
8,Woolfenden,IPS,3.9,1,1,90,0,0,90.0,90.0,0,0,0,2,0,0,0,0,0,1,0,0,0,0,0,1,90.0,1.0
8,Yarmolyuk,BRE,5.0,1,0,21,1,0,21.0,0.0,0,0,0,0,0,0,0,0,0,0,0,0,0,0,0,1,21.0,0.0
8,Yates,NFO,4.8,1,1,90,0,0,90.0,90.0,0,0,1,0,0,0,0,0,0,1,0,0,0,0,0,3,30.0,3.0
8,Young (Ashley),EVE,4.2,1,1,90,0,0,90.0,90.0,0,0,1,0,0,0,0,0,0,0,0,1,0,0,0,6,15.0,6.0
8,Zabarnyi,BOU,5.0,1,1,90,0,0,90.0,90.0,0,0,1,0,0,0,0,0,0,0,0,1,0,0,0,6,15.0,6.0
8,Zirkzee,MUN,5.8,1,0,21,1,0,21.0,0.0,0,0,0,0,0,0,0,0,0,0,0,0,0,0,0,1,21.0,0.0
9,Adams (Tyler),BOU,5.0,1,0,16,1,0,16.0,0.0,0,0,0,0,0,0,0,0,0,0,0,0,0,0,0,1,16.0,0.0
9,Aina,NFO,4.7,1,1,90,0,0,90.0,90.0,0,0,0,1,0,0,0,0,0,1,0,0,0,0,0,2,45.0,2.0
9,Ait Nouri,WOL,5.8,1,1,90,0,0,90.0,90.0,1,0,0,2,0,0,0,1,0,0,1,1,0,0,0,6,15.0,6.0
9,Akanji,MCI,5.4,1,1,90,0,0,90.0,90.0,0,0,1,0,0,0,0,0,0,0,0,1,0,0,0,6,15.0,6.0
9,Alexander-Arnold,LIV,7.2,1,1,90,0,0,90.0,90.0,0,0,0,2,0,0,0,0,0,1,0,0,0,0,0,1,90.0,1.0
9,Almirón,NEW,5.4,1,1,67,0,1,67.0,67.0,0,0,0,2,0,0,0,0,0,1,0,0,0,0,0,2,33.5,2.0
9,Álvarez (Edson),WHU,4.9,1,1,90,0,0,90.0,90.0,0,0,0,1,0,0,0,0,0,1,0,0,0,0,0,2,45.0,2.0
9,Anderson,NFO,5.3,1,1,70,0,1,70.0,70.0,0,1,0,1,0,0,0,0,0,0,1,1,0,0,0,5,14.0,5.0
9,Antonio,WHU,5.2,1,1,68,0,1,68.0,68.0,0,0,1,0,0,0,0,0,0,1,0,0,0,0,0,2,34.0,2.0
9,Joelinton,NEW,5.9,1,1,88,0,1,88.0,88.0,0,0,0,2,0,0,0,0,0,1,0,0,0,0,0,2,44.0,2.0
9,Araujo,BOU,3.9,1,1,29,0,1,29.0,29.0,0,0,0,0,0,0,0,1,0,1,0,0,0,0,0,0,0.0,0.0
9,Archer,SOU,4.8,1,1,84,0,1,84.0,84.0,0,0,0,1,0,0,0,0,0,1,0,0,0,0,0,2,42.0,2.0
9,Aribo,SOU,4.9,1,0,34,1,0,34.0,0.0,0,0,0,0,0,0,0,0,0,0,0,0,0,0,0,1,34.0,0.0
9,Armstrong (Adam),SOU,5.1,1,0,45,1,0,45.0,0.0,0,0,0,0,0,0,0,1,0,0,0,0,0,0,0,0,0.0,0.0
9,Awoniyi,NFO,5.2,1,0,16,1,0,16.0,0.0,0,0,0,0,0,0,0,0,0,0,0,0,0,0,0,1,16.0,0.0
9,Ayari,BHA,4.9,1,1,90,0,0,90.0,90.0,0,0,0,2,0,0,0,0,0,1,0,0,0,0,0,2,45.0,2.0
9,Ayew,LEI,5.1,1,0,28,1,0,28.0,0.0,0,0,0,0,0,0,0,1,0,0,0,0,0,0,0,0,0.0,0.0
9,Bailey,AVL,5.5,1,0,26,1,0,26.0,0.0,0,1,0,1,0,0,0,0,0,0,1,1,0,0,0,4,6.5,0.0
9,Baleba,BHA,4.7,1,1,80,0,1,80.0,80.0,0,0,1,0,0,0,0,0,0,1,0,0,0,0,0,3,26.7,3.0
9,Ricardo Pereira,LEI,4.1,1,1,66,0,1,66.0,66.0,0,0,0,3,0,0,0,1,0,1,0,0,0,0,0,0,0.0,0.0
9,Barkley,AVL,4.8,1,0,45,1,0,45.0,0.0,1,0,0,1,0,0,0,1,0,0,1,1,0,0,0,5,9.0,0.0
9,Barnes,NEW,6.4,1,1,67,0,1,67.0,67.0,0,0,0,2,0,0,0,0,0,1,0,0,0,0,0,2,33.5,2.0
9,Bassey,FUL,4.5,1,1,90,0,0,90.0,90.0,0,0,0,1,0,0,0,0,0,1,0,0,0,0,0,2,45.0,2.0
9,Bednarek,SOU,4.0,1,1,90,0,0,90.0,90.0,0,0,0,1,0,0,0,0,0,1,0,0,0,0,0,2,45.0,2.0
9,Bentancur,TOT,5.3,1,0,11,1,0,11.0,0.0,0,0,0,0,0,0,0,0,0,0,0,0,0,0,0,1,11.0,0.0
9,Berge,FUL,4.9,1,1,90,0,0,90.0,90.0,0,0,0,1,0,0,0,0,0,1,0,0,0,0,0,2,45.0,2.0
9,Bissouma,TOT,5.2,1,1,83,0,1,83.0,83.0,0,0,0,1,0,0,0,0,0,1,0,0,0,0,0,2,41.5,2.0
9,Carlos Borges,WOL,5.4,1,0,45,1,1,45.0,0.0,0,0,0,1,0,0,0,0,0,0,0,0,0,0,0,1,45.0,0.0
9,Bruno Fernandes,MUN,8.9,1,1,90,0,0,90.0,90.0,0,0,0,2,0,0,0,0,0,1,0,0,0,0,0,2,45.0,2.0
9,Bowen,WHU,7.8,1,1,90,0,0,90.0,90.0,1,0,0,1,0,0,0,0,0,0,1,1,0,0,0,7,12.9,7.0
9,Branthwaite,EVE,5.3,1,0,11,1,0,11.0,0.0,0,0,0,0,0,0,0,0,0,0,0,0,0,0,0,1,11.0,0.0
9,Bree,SOU,3.9,1,0,18,1,0,18.0,0.0,0,0,0,0,0,0,0,0,0,0,0,0,0,0,0,1,18.0,0.0
9,Brooks,BOU,5.0,1,0,16,1,0,16.0,0.0,0,0,0,0,0,0,0,0,0,0,0,0,0,0,0,1,16.0,0.0
9,Bueno (Santiago),WOL,4.4,1,1,90,0,0,90.0,90.0,0,0,0,2,0,0,0,0,0,1,0,0,0,0,0,1,90.0,1.0
9,Buonanotte,LEI,4.8,1,1,90,0,0,90.0,90.0,0,0,0,3,0,0,0,0,0,1,0,0,0,0,0,2,45.0,2.0
9,Burgess,IPS,3.8,1,1,90,0,0,90.0,90.0,0,0,0,4,0,0,0,0,0,1,0,0,0,0,0,0,0.0,0.0
9,Burn,NEW,5.1,1,1,90,0,0,90.0,90.0,0,0,0,2,0,0,0,0,0,1,0,0,0,0,0,1,90.0,1.0
9,Burns,IPS,4.7,1,0,63,1,0,63.0,0.0,0,0,0,4,0,0,0,0,0,0,0,0,0,0,0,1,63.0,0.0
9,Moises Caicedo,CHE,5.9,1,1,90,0,0,90.0,90.0,0,0,0,1,0,0,0,0,0,1,0,0,0,0,0,2,45.0,2.0
9,Cajuste,IPS,4.5,1,1,89,0,1,89.0,89.0,0,0,0,3,0,0,0,0,0,1,0,0,0,0,0,2,44.5,2.0
9,Calvert-Lewin,EVE,5.5,1,1,80,0,1,80.0,80.0,0,0,0,1,0,0,0,0,0,1,0,0,0,0,0,2,40.0,2.0
9,Carvalho,BRE,4.9,1,0,18,1,0,18.0,0.0,0,0,0,1,0,0,0,0,0,0,0,0,0,0,0,1,18.0,0.0
9,Cash,AVL,4.6,1,1,90,0,0,90.0,90.0,0,0,0,1,0,0,0,1,0,1,0,0,0,0,0,1,90.0,1.0
9,Chalobah,CHE,5.1,1,1,90,0,0,90.0,90.0,0,0,1,0,0,0,0,0,0,0,0,1,0,2,0,8,11.3,8.0
9,Chaplin,IPS,5.1,1,1,72,0,1,72.0,72.0,0,1,0,3,0,0,0,0,0,0,1,1,0,0,0,5,14.4,5.0
9,Christie,BOU,5.0,1,1,81,0,1,81.0,81.0,0,0,0,1,0,0,0,0,0,1,0,0,0,0,0,2,40.5,2.0
9,Harry Clarke,IPS,4.0,1,1,68,0,0,68.0,68.0,0,0,0,3,0,0,0,0,1,1,0,0,0,0,0,0,0.0,0.0
9,Clarke (Jack),IPS,5.4,1,0,26,1,0,26.0,0.0,0,0,0,1,0,0,0,0,0,0,0,0,0,0,0,1,26.0,0.0
9,Collins,BRE,4.9,1,1,90,0,0,90.0,90.0,0,0,0,3,0,0,0,0,0,1,0,0,0,0,0,1,90.0,1.0
9,Colwill,CHE,4.8,1,1,90,0,0,90.0,90.0,0,0,0,1,0,0,0,0,0,1,0,0,0,0,0,2,45.0,2.0
9,Cook,BOU,4.9,1,1,90,0,0,90.0,90.0,0,0,0,1,0,0,0,0,0,1,0,0,0,0,0,2,45.0,2.0
9,Cresswell,WHU,3.9,1,0,11,1,0,11.0,0.0,0,0,0,0,0,0,0,1,0,0,0,0,0,0,0,0,0.0,0.0
9,Cucurella,CHE,6.1,1,0,18,1,0,18.0,0.0,0,0,0,0,0,0,0,0,0,0,0,0,0,0,0,1,18.0,0.0
9,Cuenca,FUL,4.4,1,0,5,1,0,5.0,0.0,0,0,0,1,0,0,0,0,0,0,0,0,0,0,0,1,5.0,0.0
9,André,WOL,5.4,1,0,3,1,0,3.0,0.0,0,0,0,0,0,0,0,0,0,0,0,0,0,0,0,1,3.0,0.0
9,Dalot,MUN,4.4,1,1,90,0,0,90.0,90.0,0,0,0,2,0,0,0,0,0,1,0,0,0,0,0,1,90.0,1.0
9,Damsgaard,BRE,5.8,1,1,76,0,1,76.0,76.0,0,1,0,2,0,0,0,0,0,1,1,1,0,0,0,2,38.0,2.0
9,Davis,IPS,4.2,1,1,90,0,0,90.0,90.0,0,1,0,4,0,0,0,1,0,1,1,1,0,0,0,2,45.0,2.0
9,Dawson,WOL,4.2,1,1,90,0,0,90.0,90.0,0,1,0,2,0,0,0,0,0,0,1,1,0,0,0,4,22.5,4.0
9,Richarlison,TOT,6.5,1,0,32,1,0,32.0,0.0,0,0,0,0,0,0,0,1,0,0,0,0,0,0,0,0,0.0,0.0
9,Jesus,ARS,6.4,1,0,13,1,0,13.0,0.0,0,0,0,0,0,0,0,1,0,0,0,0,0,0,0,0,0.0,0.0
9,de Ligt,MUN,5.0,1,1,90,0,0,90.0,90.0,0,0,0,2,0,0,0,1,0,1,0,0,0,0,0,0,0.0,0.0
9,Evanilson,BOU,7.0,1,0,33,1,0,33.0,0.0,1,0,0,1,0,0,0,0,0,0,1,1,0,3,0,8,4.1,0.0
9,Delap,IPS,6.2,1,0,26,1,0,26.0,0.0,1,0,0,1,0,0,0,0,0,0,1,1,0,0,0,5,5.2,0.0
9,Díaz,LIV,8.0,1,1,60,0,1,60.0,60.0,0,1,0,2,0,0,0,0,0,0,1,1,0,0,0,5,12.0,5.0
9,Dibling,SOU,5.4,1,1,45,0,1,45.0,45.0,0,0,0,1,0,0,0,0,0,1,0,0,0,0,0,1,45.0,1.0
9,Digne,AVL,4.5,1,1,71,0,1,71.0,71.0,0,0,1,0,0,0,0,1,0,0,0,1,0,2,0,7,10.1,7.0
9,Diop,FUL,4.4,1,1,90,0,0,90.0,90.0,0,0,0,1,0,0,0,0,0,1,0,0,0,0,0,2,45.0,2.0
9,Nicolás Domínguez,NFO,5.0,1,1,90,0,0,90.0,90.0,0,0,0,1,0,0,0,1,0,1,0,0,0,0,0,1,90.0,1.0
9,Igor Julio,BHA,4.5,1,1,90,0,0,90.0,90.0,0,0,0,2,0,0,0,1,0,1,0,0,0,0,0,0,0.0,0.0
9,Gabriel Magalhães,ARS,6.5,1,1,50,0,1,50.0,50.0,0,0,0,1,0,0,0,0,0,1,0,0,0,0,0,1,50.0,1.0
9,Doucouré,EVE,5.1,1,1,80,0,1,80.0,80.0,0,0,0,1,0,0,0,0,0,1,0,0,0,0,0,2,40.0,2.0
9,Downes,SOU,4.7,1,1,83,0,1,83.0,83.0,0,0,0,1,0,0,0,1,0,1,0,0,0,0,0,1,83.0,1.0
9,Doyle (Tommy),WOL,4.7,1,1,90,0,0,90.0,90.0,0,1,0,2,0,0,0,0,0,0,1,1,0,0,0,5,18.0,5.0
9,Durán,AVL,5.7,1,0,40,1,0,40.0,0.0,0,0,0,1,0,0,0,0,0,0,0,0,0,0,0,1,40.0,0.0
9,El Khannouss,LEI,4.8,1,0,29,1,0,29.0,0.0,0,0,0,0,0,0,0,0,0,0,0,0,0,0,0,1,29.0,0.0
9,Elanga,NFO,6.7,1,1,74,0,1,74.0,74.0,0,0,0,1,0,0,0,0,0,1,0,0,0,0,0,2,37.0,2.0
9,Enciso,IPS,5.4,1,0,9,1,0,9.0,0.0,0,0,0,1,0,0,0,0,0,0,0,0,0,0,0,1,9.0,0.0
9,Endo,LIV,4.9,1,0,6,1,0,6.0,0.0,0,0,0,0,0,0,0,0,0,0,0,0,0,0,0,1,6.0,0.0
9,Eriksen,MUN,5.2,1,1,74,0,1,74.0,74.0,0,0,0,1,0,0,0,0,0,1,0,0,0,0,0,2,37.0,2.0
9,Mateus Fernandes,SOU,5.5,1,1,90,0,0,90.0,90.0,0,0,0,1,0,0,0,0,0,1,0,0,0,0,0,2,45.0,2.0
9,Estupiñán,BHA,4.5,1,1,90,0,0,90.0,90.0,0,0,0,2,0,0,0,1,0,1,0,0,0,0,0,0,0.0,0.0
9,Eze,CRY,7.6,1,1,90,0,0,90.0,90.0,0,1,1,0,0,0,0,0,0,0,1,1,0,0,0,6,15.0,6.0
9,Fabianski,WHU,4.5,1,1,90,0,0,90.0,90.0,0,0,0,1,0,0,4,0,0,1,0,0,0,0,0,3,30.0,3.0
9,Faes,LEI,3.8,1,1,90,0,0,90.0,90.0,0,0,0,3,0,0,0,0,0,1,0,0,0,0,0,1,90.0,1.0
9,Fatawu,LEI,5.1,1,1,90,0,0,90.0,90.0,0,0,0,3,0,0,0,0,0,1,0,0,0,0,0,2,45.0,2.0
9,Ferguson,WHU,5.5,1,0,25,1,0,25.0,0.0,1,0,0,2,0,0,0,0,0,0,1,1,0,2,0,7,3.6,0.0
9,Fernández,CHE,6.7,1,0,24,1,0,24.0,0.0,0,0,0,0,0,0,0,0,0,0,0,0,0,0,0,1,24.0,0.0
9,Jota Silva,NFO,5.4,1,0,21,1,0,21.0,0.0,0,0,0,0,0,0,0,0,0,0,0,0,0,0,0,1,21.0,0.0
9,Flekken,BRE,4.5,1,1,90,0,0,90.0,90.0,0,0,0,3,0,0,2,0,0,1,0,0,0,0,0,1,90.0,1.0
9,Foden,MCI,8.0,1,1,90,0,0,90.0,90.0,0,0,1,0,0,0,0,0,0,1,0,0,0,0,0,3,30.0,3.0
9,Fofana (Wesley),CHE,4.4,1,1,90,0,0,90.0,90.0,0,0,0,1,0,0,0,1,0,1,0,0,0,0,0,1,90.0,1.0
9,Casemiro,MUN,5.5,1,1,90,0,0,90.0,90.0,1,0,0,2,0,0,0,0,0,0,1,1,0,3,1,10,9.0,10.0
9,Gakpo,LIV,7.6,1,0,34,1,0,34.0,0.0,0,0,0,0,0,0,0,0,0,0,0,0,0,0,0,1,34.0,0.0
9,Gonçalo Guedes,WOL,5.5,1,0,7,1,0,7.0,0.0,0,0,0,0,0,0,0,0,0,0,0,0,0,0,0,1,7.0,0.0
9,Garnacho,MUN,6.4,1,1,90,0,0,90.0,90.0,0,0,0,2,0,0,0,0,0,1,0,0,0,0,0,2,45.0,2.0
9,Rúben Dias,MCI,5.5,1,1,90,0,0,90.0,90.0,0,0,1,0,0,0,0,0,0,0,0,1,0,1,0,7,12.9,7.0
9,Rodrigo Gomes,WOL,4.5,1,0,2,1,0,2.0,0.0,0,0,0,0,0,0,0,0,0,0,0,0,0,0,0,1,2.0,0.0
9,Toti,WOL,4.3,1,1,45,0,1,45.0,45.0,0,0,0,1,0,0,0,1,0,1,0,0,0,0,0,0,0.0,0.0
9,Beto,EVE,5.2,1,0,14,1,0,14.0,0.0,1,0,0,0,0,0,0,0,0,0,1,1,0,2,0,7,2.0,0.0
9,João Gomes,WOL,5.4,1,1,90,0,1,90.0,90.0,0,0,0,2,0,0,0,0,0,1,0,0,0,0,0,2,45.0,2.0
9,Gravenberch,LIV,5.6,1,1,90,0,0,90.0,90.0,0,0,0,2,0,0,0,0,0,1,0,0,0,0,0,2,45.0,2.0
9,Gruda,BHA,5.4,1,0,25,1,0,25.0,0.0,0,0,0,2,0,0,0,0,0,0,0,0,0,0,0,1,25.0,0.0
9,Marc Guehi,CRY,4.9,1,1,90,0,0,90.0,90.0,0,0,1,0,0,0,0,0,0,0,0,1,0,0,0,6,15.0,6.0
9,Gueye,EVE,5.4,1,1,90,0,0,90.0,90.0,0,0,0,1,0,0,0,0,0,1,0,0,0,0,0,2,45.0,2.0
9,Bruno Guimarães,NEW,6.5,1,1,90,0,0,90.0,90.0,0,0,0,2,0,0,0,0,0,1,0,0,0,0,0,2,45.0,2.0
9,Gundogan,MCI,6.3,1,0,11,1,0,11.0,0.0,0,0,0,0,0,0,0,0,0,0,0,0,0,0,0,1,11.0,0.0
9,Gusto,CHE,4.9,1,1,78,0,1,78.0,78.0,0,0,0,1,0,0,0,0,0,1,0,0,0,0,0,2,39.0,2.0
9,Gvardiol,MCI,5.9,1,1,90,0,0,90.0,90.0,0,0,1,0,0,0,0,0,0,0,0,1,0,3,0,9,10.0,9.0
9,Haaland,MCI,14.8,1,1,90,0,0,90.0,90.0,1,0,1,0,0,0,0,0,0,0,1,1,0,0,0,6,15.0,6.0
9,Lewis Hall,NEW,5.2,1,1,88,0,1,88.0,88.0,0,1,0,2,0,0,0,0,0,0,1,1,0,0,0,4,22.0,4.0
9,Harrison (Jack),EVE,5.2,1,1,67,0,1,67.0,67.0,0,0,0,1,0,0,0,0,0,1,0,0,0,0,0,2,33.5,2.0
9,Harwood-Bellis,SOU,3.9,1,1,90,0,0,90.0,90.0,0,0,0,1,0,0,0,0,0,1,0,0,0,0,0,2,45.0,2.0
9,Havertz,ARS,7.3,1,1,90,0,0,90.0,90.0,0,0,0,2,0,0,0,0,0,1,0,0,0,0,0,2,45.0,2.0
9,Henderson,CRY,5.0,1,1,90,0,0,90.0,90.0,0,0,1,0,0,0,3,0,0,0,0,1,0,1,0,8,11.3,8.0
9,Hermansen,LEI,4.4,1,1,90,0,0,90.0,90.0,0,0,0,3,0,0,2,0,0,1,0,0,0,0,0,1,90.0,1.0
9,Hirst,IPS,5.4,1,1,72,0,1,72.0,72.0,1,1,0,3,0,0,0,0,0,0,2,2,0,2,1,11,6.5,11.0
9,Hudson-Odoi,NFO,5.8,1,1,73,0,1,73.0,73.0,0,0,0,1,0,0,0,0,0,1,0,0,0,0,0,2,36.5,2.0
9,Hughes,CRY,4.8,1,0,71,1,0,71.0,0.0,0,0,1,0,0,0,0,1,0,0,0,0,0,0,0,2,35.5,0.0
9,Højlund,MUN,6.3,1,1,90,0,0,90.0,90.0,0,0,0,2,0,0,0,0,0,1,0,0,0,0,0,2,45.0,2.0
9,Ings,WHU,4.8,1,0,28,1,0,28.0,0.0,0,2,0,1,0,0,0,0,0,0,2,2,0,1,0,8,3.5,0.0
9,Isak,NEW,10.4,1,1,90,0,0,90.0,90.0,1,0,0,2,0,0,0,0,0,0,1,1,0,0,0,6,15.0,6.0
9,Iwobi,FUL,6.5,1,1,89,0,1,89.0,89.0,1,0,1,0,0,0,0,0,0,0,1,1,0,3,1,11,8.1,11.0
9,Jackson (Nicolas),CHE,6.5,1,1,78,0,1,78.0,78.0,1,0,0,1,0,0,0,0,0,0,1,1,0,3,0,9,8.7,9.0
9,James,CHE,5.5,1,1,90,0,0,90.0,90.0,0,0,0,1,0,0,0,0,0,1,0,0,0,0,0,2,45.0,2.0
9,Janelt,BRE,4.9,1,1,90,0,0,90.0,90.0,0,1,0,3,0,0,0,0,0,0,1,1,0,0,0,5,18.0,5.0
9,Jensen,BRE,4.9,1,0,21,1,0,21.0,0.0,0,0,0,1,0,0,0,0,0,0,0,0,0,0,0,1,21.0,0.0
9,Raúl Jiménez,FUL,6.2,1,1,89,0,1,89.0,89.0,0,0,1,0,0,0,0,0,0,1,0,0,0,0,0,2,44.5,2.0
9,Johnson (Brennan),TOT,6.7,1,1,90,0,0,90.0,90.0,0,0,0,1,0,0,0,1,0,1,0,0,0,0,0,1,90.0,1.0
9,Jones,LIV,5.4,1,1,87,0,1,87.0,87.0,0,0,0,2,0,0,0,0,0,1,0,0,0,0,0,2,43.5,2.0
9,Justin,LEI,4.0,1,1,90,0,0,90.0,90.0,0,0,0,3,0,0,0,0,0,1,0,0,0,0,0,1,90.0,1.0
9,Kadioglu,BHA,4.4,1,1,72,0,1,72.0,72.0,0,0,1,0,0,0,0,0,0,0,0,1,0,0,0,6,12.0,6.0
9,Kamada,CRY,5.0,1,0,10,1,0,10.0,0.0,0,0,0,0,0,0,0,0,0,0,0,0,0,0,0,1,10.0,0.0
9,Kamara,AVL,4.9,1,0,15,1,0,15.0,0.0,0,0,0,1,0,0,0,0,0,0,0,0,0,0,0,1,15.0,0.0
9,Keane,EVE,4.5,1,1,90,0,0,90.0,90.0,0,0,0,1,0,0,0,0,0,1,0,0,0,0,0,2,45.0,2.0
9,Kelleher,LIV,4.5,1,1,90,0,0,90.0,90.0,0,0,0,2,0,0,1,0,0,1,0,0,0,0,0,1,90.0,1.0
9,Kelly,NEW,4.2,1,0,7,1,0,7.0,0.0,0,0,0,0,0,0,0,0,0,0,0,0,0,0,0,1,7.0,0.0
9,Kerkez,BOU,5.8,1,1,81,0,1,81.0,81.0,0,0,0,1,0,0,0,0,0,1,0,0,0,0,0,2,40.5,2.0
9,Kilman,WHU,4.3,1,1,90,0,0,90.0,90.0,0,0,0,1,0,0,0,0,0,1,0,0,0,0,0,2,45.0,2.0
9,Kiwior,ARS,5.4,1,0,43,1,0,43.0,0.0,0,0,0,1,0,0,0,0,0,0,0,0,0,0,0,1,43.0,0.0
9,Kluivert,BOU,7.0,1,1,64,0,1,64.0,64.0,0,0,1,0,0,0,0,1,0,1,0,0,0,0,0,2,32.0,2.0
9,Konaté,LIV,5.4,1,1,90,0,0,90.0,90.0,0,0,0,2,0,0,0,0,0,1,0,0,0,0,0,1,90.0,1.0
9,Konsa Ngoyo,AVL,4.4,1,1,90,0,0,90.0,90.0,0,0,0,1,0,0,0,0,0,1,0,0,0,0,0,2,45.0,2.0
9,Kovacic,MCI,5.9,1,1,90,0,0,90.0,90.0,0,0,1,0,0,0,0,1,0,1,0,0,0,0,0,2,45.0,2.0
9,Kulusevski,TOT,6.4,1,1,62,0,1,62.0,62.0,0,0,0,1,0,0,0,1,0,1,0,0,0,0,0,1,62.0,1.0
9,Lacroix,CRY,5.0,1,1,90,0,0,90.0,90.0,0,0,1,0,0,0,0,1,0,0,0,1,0,0,0,5,18.0,5.0
9,Lallana,SOU,5.0,1,1,59,0,1,59.0,59.0,0,0,0,1,0,0,0,1,0,1,0,0,0,0,0,0,0.0,0.0
9,Lamptey,BHA,4.4,1,0,17,1,0,17.0,0.0,0,1,0,2,0,0,0,0,0,0,1,1,0,0,0,3,5.7,0.0
9,Lavia,CHE,4.9,1,1,72,0,1,72.0,72.0,0,1,0,1,0,0,0,1,0,0,1,1,0,0,0,4,18.0,4.0
9,Lemina (Mario),WOL,4.8,1,1,45,0,1,45.0,45.0,0,0,0,1,0,0,0,0,0,1,0,0,0,0,0,1,45.0,1.0
9,Leno,FUL,5.0,1,1,90,0,0,90.0,90.0,0,0,0,1,0,0,4,0,0,1,0,0,0,0,0,3,30.0,3.0
9,Lerma,CRY,4.9,1,1,20,0,1,20.0,20.0,0,0,0,0,0,0,0,0,0,1,0,0,0,0,0,1,20.0,1.0
9,Lewis (Rico),MCI,4.9,1,1,90,0,1,90.0,90.0,0,0,1,0,0,0,0,0,0,0,0,1,0,0,0,6,15.0,6.0
9,Lewis-Potter,BRE,4.9,1,1,80,0,1,80.0,80.0,0,1,0,2,0,0,0,0,0,0,1,1,0,0,0,5,16.0,5.0
9,Lewis-Skelly,ARS,5.2,1,0,22,1,0,22.0,0.0,0,0,0,1,0,0,0,0,0,0,0,0,0,0,0,1,22.0,0.0
9,Lindstrom,EVE,5.0,1,0,27,1,0,27.0,0.0,0,0,0,0,0,0,0,0,0,0,0,0,0,0,0,1,27.0,0.0
9,Livramento,NEW,4.9,1,1,90,0,0,90.0,90.0,0,0,0,2,0,0,0,0,0,1,0,0,0,0,0,1,90.0,1.0
9,Longstaff (Sean),NEW,4.9,1,0,29,1,0,29.0,0.0,0,0,0,0,0,0,0,1,0,0,0,0,0,0,0,0,0.0,0.0
9,Maatsen,AVL,4.3,1,0,26,1,0,26.0,0.0,0,0,0,1,0,0,0,0,0,0,0,0,0,0,0,1,26.0,0.0
9,Mac Allister,LIV,6.3,1,1,59,0,1,59.0,59.0,0,0,0,2,0,0,0,1,0,1,0,0,0,0,0,1,59.0,1.0
9,Maddison,TOT,6.9,1,1,61,0,1,61.0,61.0,0,0,0,1,0,0,0,0,0,1,0,0,0,0,0,2,30.5,2.0
9,Madueke,CHE,6.8,1,1,67,0,1,67.0,67.0,0,0,0,1,0,0,0,1,0,1,0,0,0,0,0,1,67.0,1.0
9,José Sá,WOL,4.4,1,1,90,0,0,90.0,90.0,0,0,0,2,0,0,4,0,0,1,0,0,0,0,0,2,45.0,2.0
9,Mangala,EVE,5.0,1,0,15,1,0,15.0,0.0,0,0,0,0,0,0,0,0,0,0,0,0,0,0,0,1,15.0,0.0
9,Manning,SOU,4.3,1,1,76,0,1,76.0,76.0,0,0,0,1,0,0,0,0,0,1,0,0,0,0,0,2,38.0,2.0
9,Martinelli,ARS,6.9,1,1,81,0,1,81.0,81.0,0,0,0,2,0,0,0,0,0,1,0,0,0,0,0,2,40.5,2.0
9,Martinez,AVL,5.0,1,1,90,0,0,90.0,90.0,0,0,0,1,0,0,2,0,0,1,0,0,0,0,0,2,45.0,2.0
9,Martínez,MUN,4.8,1,1,90,0,0,90.0,90.0,0,0,0,2,0,0,0,0,0,1,0,0,0,0,0,1,90.0,1.0
9,Mateta,CRY,7.7,1,1,90,0,0,90.0,90.0,1,0,1,0,0,0,0,1,0,0,1,1,0,3,0,8,11.3,8.0
9,Mavididi,LEI,5.0,1,1,67,0,1,67.0,67.0,0,0,0,3,0,0,0,1,0,1,0,0,0,0,0,1,67.0,1.0
9,Mavropanos,WHU,4.4,1,1,45,0,1,45.0,45.0,0,0,0,0,0,0,0,1,0,1,0,0,0,0,0,0,0.0,0.0
9,Mazraoui,MUN,4.9,1,1,77,0,1,77.0,77.0,0,0,0,1,0,0,0,0,0,1,0,0,0,0,0,2,38.5,2.0
9,Mbeumo,BRE,8.2,1,1,90,0,0,90.0,90.0,2,0,0,3,0,0,0,0,0,0,2,2,0,3,1,15,6.0,15.0
9,McGinn,AVL,5.4,1,1,71,0,1,71.0,71.0,0,0,1,0,0,0,0,1,0,1,0,0,0,0,0,2,35.5,2.0
9,McNeil,EVE,5.6,1,1,83,0,1,83.0,83.0,0,0,0,1,0,0,0,0,0,1,0,0,0,0,0,2,41.5,2.0
9,Merino,ARS,5.9,1,1,90,0,0,90.0,90.0,1,0,0,2,0,0,0,0,0,0,1,1,0,1,0,8,11.3,8.0
9,Milenkovic,NFO,5.2,1,1,90,0,0,90.0,90.0,0,0,0,1,0,0,0,1,0,1,0,0,0,0,0,1,90.0,1.0
9,Mitchell,CRY,5.0,1,1,90,0,0,90.0,90.0,0,0,1,0,0,0,0,0,0,0,0,1,0,0,0,6,15.0,6.0
9,Mitoma,BHA,6.2,1,1,88,0,1,88.0,88.0,0,0,0,1,0,0,0,0,0,1,0,0,0,0,0,2,44.0,2.0
9,Moore (Mikey),TOT,5.0,1,1,62,0,1,62.0,62.0,0,0,0,1,0,0,0,0,0,1,0,0,0,0,0,2,31.0,2.0
9,Savinho,MCI,6.9,1,1,90,0,0,90.0,90.0,0,0,1,0,0,0,0,0,0,0,0,0,0,3,0,6,15.0,6.0
9,Álex Moreno,NFO,4.0,1,1,70,0,1,70.0,70.0,0,0,0,1,0,0,0,1,0,1,0,0,0,0,0,1,70.0,1.0
9,Mudryk,CHE,5.0,1,0,29,1,0,29.0,0.0,0,0,0,0,0,0,0,0,0,0,0,0,0,0,0,1,29.0,0.0
9,Rodrigo Muniz,FUL,5.4,1,0,5,1,0,5.0,0.0,0,0,0,1,0,0,0,0,0,0,0,0,0,0,0,1,5.0,0.0
9,Muñoz,CRY,5.7,1,1,90,0,0,90.0,90.0,0,0,1,0,0,0,0,1,0,0,0,1,0,0,0,5,18.0,5.0
9,Muric,IPS,4.4,1,1,90,0,0,90.0,90.0,0,0,0,4,0,0,6,0,0,1,0,0,0,0,0,2,45.0,2.0
9,Murphy (Jacob),NEW,6.1,1,0,29,1,0,29.0,0.0,0,0,0,0,0,0,0,0,0,0,0,0,0,0,0,1,29.0,0.0
9,Mvom Onana,AVL,4.8,1,1,45,0,1,45.0,45.0,0,0,0,0,0,0,0,1,0,1,0,0,0,0,0,0,0.0,0.0
9,Mykolenko,EVE,4.9,1,1,90,0,0,90.0,90.0,0,0,0,1,0,0,0,0,0,1,0,0,0,0,0,2,45.0,2.0
9,Ndiaye,EVE,6.5,1,1,90,0,0,90.0,90.0,0,0,0,1,0,0,0,0,0,1,0,0,0,0,0,2,45.0,2.0
9,Ndidi,LEI,4.9,1,1,73,0,1,73.0,73.0,0,0,0,3,0,0,0,0,0,1,0,0,0,0,0,2,36.5,2.0
9,Nelson (Reiss),FUL,4.8,1,0,27,1,0,27.0,0.0,0,0,0,1,0,0,0,0,0,0,0,0,0,0,0,1,27.0,0.0
9,Neto,CHE,7.0,1,1,90,0,0,90.0,90.0,0,1,0,1,0,0,0,1,0,0,1,1,0,1,0,5,18.0,5.0
9,Lindelof,MUN,4.5,1,0,19,1,0,19.0,0.0,0,0,0,1,0,0,0,0,0,0,0,0,0,0,0,1,19.0,0.0
9,Eddie Nketiah,CRY,5.4,1,0,29,1,0,29.0,0.0,0,0,0,0,0,0,0,0,0,0,0,0,0,0,0,1,29.0,0.0
9,Nkunku,CHE,5.9,1,0,18,1,0,18.0,0.0,0,0,0,0,0,0,0,1,0,0,0,0,0,0,0,0,0.0,0.0
9,Norgaard,BRE,5.2,1,1,76,0,1,76.0,76.0,0,0,0,2,0,0,0,0,0,1,0,0,0,0,0,2,38.0,2.0
9,Matheus Nunes,MCI,5.3,1,1,83,0,1,83.0,83.0,0,1,1,0,0,0,0,0,0,0,1,1,0,0,0,6,13.8,6.0
9,Núñez,LIV,6.5,1,1,90,0,0,90.0,90.0,0,1,0,2,0,0,0,1,0,0,1,1,0,0,0,4,22.5,4.0
9,Nwaneri,ARS,5.2,1,0,13,1,0,13.0,0.0,0,0,0,0,0,0,0,0,0,0,0,0,0,0,0,1,13.0,0.0
9,O'Shea,IPS,3.8,1,1,90,0,0,90.0,90.0,0,0,0,4,0,0,0,0,0,1,0,0,0,0,0,0,0.0,0.0
9,Ogbene,IPS,4.8,1,1,31,0,1,31.0,31.0,0,0,0,0,0,0,0,0,0,1,0,0,0,0,0,1,31.0,1.0
9,Okoli,LEI,4.0,1,1,90,0,0,90.0,90.0,0,0,0,3,0,0,0,0,0,1,0,0,0,0,0,1,90.0,1.0
9,Onana,MUN,4.9,1,1,90,0,0,90.0,90.0,0,0,0,2,0,0,1,0,0,1,0,0,0,0,0,1,90.0,1.0
9,Paul Onuachu,SOU,4.9,1,0,10,1,0,10.0,0.0,0,0,0,0,0,0,0,0,0,0,0,0,0,0,0,1,10.0,0.0
9,Osula,NEW,5.5,1,0,7,1,0,7.0,0.0,0,0,0,0,0,0,0,0,0,0,0,0,0,0,0,1,7.0,0.0
9,Dango Ouattara,BOU,6.0,1,1,90,0,0,90.0,90.0,0,0,0,1,0,0,0,0,0,1,0,0,0,0,0,2,45.0,2.0
9,Palmer (Cole),CHE,10.3,1,1,90,0,0,90.0,90.0,1,0,0,1,0,0,0,0,0,0,1,1,0,3,1,10,9.0,10.0
9,Emerson,WHU,4.4,1,1,90,0,0,90.0,90.0,0,0,0,1,0,0,0,1,0,1,0,0,0,0,0,1,90.0,1.0
9,Partey,ARS,4.9,1,1,90,0,0,90.0,90.0,0,0,0,2,0,0,0,0,0,1,0,0,0,0,0,2,45.0,2.0
9,Pereira,FUL,5.3,1,1,79,0,1,79.0,79.0,0,0,1,0,0,0,0,0,0,1,0,0,0,0,0,3,26.3,3.0
9,Phillips (Kalvin),IPS,4.8,1,1,90,0,0,90.0,90.0,0,0,0,4,0,0,0,0,0,1,0,0,0,0,0,2,45.0,2.0
9,Pickford,EVE,5.5,1,1,90,0,0,90.0,90.0,0,0,0,1,0,0,2,0,0,1,0,0,0,0,0,2,45.0,2.0
9,Pinnock,BRE,4.3,1,1,90,0,0,90.0,90.0,0,0,0,3,0,0,0,0,0,1,0,0,0,0,0,1,90.0,1.0
9,Pope,NEW,5.2,1,1,90,0,0,90.0,90.0,0,0,0,2,0,0,5,0,0,1,0,0,0,0,0,2,45.0,2.0
9,Porro,TOT,5.5,1,1,90,0,0,90.0,90.0,0,0,0,1,0,0,0,0,0,1,0,0,0,0,0,2,45.0,2.0
9,Ramsdale,SOU,4.8,1,1,90,0,0,90.0,90.0,0,0,0,1,0,0,6,0,0,0,0,0,0,0,0,4,22.5,4.0
9,Ramsey (Jacob),AVL,5.3,1,1,90,0,0,90.0,90.0,0,0,0,1,0,0,0,1,0,1,0,0,0,0,0,1,90.0,1.0
9,Rashford,AVL,7.0,1,1,56,0,1,56.0,56.0,0,0,0,0,0,0,0,0,0,1,0,0,0,0,0,1,56.0,1.0
9,Raya Martin,ARS,5.8,1,1,90,0,0,90.0,90.0,0,0,0,2,0,0,2,1,0,1,0,0,0,0,0,0,0.0,0.0
9,Reed,FUL,4.4,1,0,16,1,0,16.0,0.0,0,0,0,1,0,0,0,0,0,0,0,0,0,0,0,1,16.0,0.0
9,Rice,ARS,6.7,1,1,90,0,0,90.0,90.0,0,1,0,2,0,0,0,0,0,0,1,1,0,0,0,5,18.0,5.0
9,Robertson,LIV,5.8,1,1,59,0,1,59.0,59.0,0,0,0,2,0,0,0,0,0,1,0,0,0,0,0,1,59.0,1.0
9,Robinson (Antonee),FUL,4.9,1,1,90,0,0,90.0,90.0,0,0,0,1,0,0,0,0,0,1,0,0,0,0,0,2,45.0,2.0
9,Morato,NFO,4.4,1,0,25,1,0,25.0,0.0,0,0,0,0,0,0,0,0,0,0,0,0,0,0,0,1,25.0,0.0
9,Rodríguez,WHU,4.8,1,1,85,0,1,85.0,85.0,0,0,0,1,0,0,0,0,0,1,0,0,0,0,0,2,42.5,2.0
9,Roerslev,BRE,4.5,1,1,90,0,0,90.0,90.0,0,1,0,3,0,0,0,0,0,0,1,1,0,0,0,4,22.5,4.0
9,Rogers,AVL,6.8,1,1,57,0,1,57.0,57.0,0,0,0,0,0,0,0,0,0,1,0,0,0,0,0,1,57.0,1.0
9,Romero,TOT,5.0,1,1,90,0,0,90.0,90.0,0,0,0,1,0,0,0,0,0,1,0,0,0,0,0,2,45.0,2.0
9,Rutter,BHA,5.7,1,1,80,0,1,80.0,80.0,0,1,1,0,0,0,0,1,0,0,1,1,0,0,0,5,16.0,5.0
9,Saka,ARS,10.0,1,1,81,0,1,81.0,81.0,1,0,0,2,0,0,0,0,0,0,1,1,0,2,0,9,9.0,9.0
9,Salah,LIV,14.3,1,1,90,0,0,90.0,90.0,1,0,0,2,0,0,0,0,0,0,1,1,0,3,1,10,9.0,10.0
9,Sanchez,CHE,4.9,1,1,90,0,0,90.0,90.0,0,0,0,1,0,0,1,1,0,1,0,0,0,0,0,1,90.0,1.0
9,Ederson,MCI,5.3,1,1,90,0,0,90.0,90.0,0,0,1,0,0,0,2,0,0,0,0,1,0,0,0,6,15.0,6.0
9,Murillo,NFO,5.3,1,1,90,0,0,90.0,90.0,0,0,0,1,0,0,0,0,0,1,0,0,0,0,0,2,45.0,2.0
9,Matheus Cunha,WOL,7.9,1,1,90,0,0,90.0,90.0,1,0,0,2,0,0,0,0,0,0,1,1,0,3,0,9,10.0,9.0
9,Sarabia,WOL,5.0,1,0,45,1,0,45.0,0.0,0,0,0,1,0,0,0,0,0,0,0,0,0,0,0,1,45.0,0.0
9,Ismaila Sarr,CRY,6.6,1,1,65,0,1,65.0,65.0,0,0,1,0,0,0,0,0,0,1,0,0,0,0,0,3,21.7,3.0
9,Sarr (Pape),TOT,4.9,1,0,32,1,0,32.0,0.0,0,0,0,0,0,0,0,0,0,0,0,0,0,0,0,1,32.0,0.0
9,Schade,BRE,7.0,1,0,21,1,0,21.0,0.0,0,0,0,1,0,0,0,0,0,0,0,0,0,0,0,1,21.0,0.0
9,Schär,NEW,5.4,1,1,90,0,0,90.0,90.0,0,0,0,2,0,0,0,1,0,1,0,0,0,0,0,0,0.0,0.0
9,Sels,NFO,4.8,1,1,90,0,0,90.0,90.0,0,1,0,1,0,0,0,0,0,0,1,1,0,0,0,5,18.0,5.0
9,Semedo,WOL,4.5,1,1,90,0,0,90.0,90.0,0,0,0,2,0,0,0,0,0,1,0,0,0,0,0,1,90.0,1.0
9,Semenyo,BOU,8.1,1,1,90,0,0,90.0,90.0,0,0,0,1,0,0,0,1,0,1,0,0,0,0,0,1,90.0,1.0
9,Senesi,BOU,5.0,1,1,90,0,0,90.0,90.0,0,0,0,1,0,0,0,0,0,1,0,0,0,0,0,2,45.0,2.0
9,Smith,BOU,4.4,1,0,65,1,0,65.0,0.0,0,0,0,1,0,0,0,1,0,0,0,0,0,0,0,1,65.0,0.0
9,Smith-Rowe,FUL,5.7,1,1,79,0,1,79.0,79.0,0,1,1,0,0,0,0,0,0,0,1,1,0,0,0,6,13.2,6.0
9,Solanke,TOT,7.2,1,1,90,0,0,90.0,90.0,0,0,0,1,0,0,0,0,0,1,0,0,0,0,0,2,45.0,2.0
9,Soler (Carlos),WHU,5.0,1,1,45,0,1,45.0,45.0,0,0,0,0,0,0,0,0,0,1,0,0,0,0,0,1,45.0,1.0
9,Sosa,NFO,5.5,1,0,21,1,0,21.0,0.0,0,0,0,0,0,0,0,0,0,0,0,0,0,0,0,1,21.0,0.0
9,Soucek,WHU,5.7,1,0,45,1,0,45.0,0.0,0,0,0,1,0,0,0,0,0,0,0,0,0,0,0,1,45.0,0.0
9,Soumaré,LEI,4.4,1,0,22,1,0,22.0,0.0,0,0,0,0,0,0,0,1,0,0,0,0,0,0,0,0,0.0,0.0
9,Stephens,SOU,4.0,1,1,90,0,0,90.0,90.0,0,0,0,1,0,0,0,0,0,1,0,0,0,0,0,2,45.0,2.0
9,Stones,MCI,5.5,1,0,0,1,0,0.0,0.0,0,0,0,0,0,0,0,0,0,0,0,0,0,0,0,1,0.0,0.0
9,Strand Larsen,WOL,6.4,1,1,90,0,1,90.0,90.0,0,0,0,2,0,0,0,1,0,1,0,0,0,0,0,1,90.0,1.0
9,Sulemana,SOU,5.0,1,0,11,1,0,11.0,0.0,0,0,0,0,0,0,0,0,0,0,0,0,0,0,0,1,11.0,0.0
9,Summerville,WHU,5.5,1,0,45,1,0,45.0,0.0,1,0,0,1,0,0,0,1,0,0,1,1,0,2,0,7,6.4,0.0
9,Szmodics,IPS,5.7,1,1,72,0,1,72.0,72.0,1,0,0,3,0,0,0,0,0,0,1,1,0,0,0,7,10.3,7.0
9,Szoboszlai,LIV,6.5,1,0,34,1,0,34.0,0.0,0,0,0,0,0,0,0,0,0,0,0,0,0,0,0,1,34.0,0.0
9,Tarkowski,EVE,5.5,1,1,90,0,0,90.0,90.0,0,0,0,1,0,0,0,1,0,1,0,0,0,0,0,1,90.0,1.0
9,Tavernier,BOU,5.5,1,0,33,1,0,33.0,0.0,0,1,0,1,0,0,0,1,0,0,1,1,0,0,0,3,11.0,0.0
9,Tete,FUL,4.5,1,1,90,0,0,90.0,90.0,0,0,0,1,0,0,0,0,0,1,0,0,0,0,0,2,45.0,2.0
9,Tielemans,AVL,5.9,1,1,90,0,0,90.0,90.0,0,0,0,1,0,0,0,1,0,1,0,0,0,0,0,1,90.0,1.0
9,Jurriën Timber,ARS,6.1,1,1,72,0,1,72.0,72.0,0,0,0,1,0,0,0,0,0,1,0,0,0,0,0,2,36.0,2.0
9,Todibo,WHU,4.3,1,0,45,1,0,45.0,0.0,0,0,0,1,0,0,0,0,0,0,0,0,0,0,0,1,45.0,0.0
9,Lucas Paquetá,WHU,5.9,1,1,45,0,1,45.0,45.0,0,0,0,0,0,0,0,1,0,1,0,0,0,0,0,0,0.0,0.0
9,Tonali,NEW,5.4,1,1,67,0,1,67.0,67.0,0,0,0,2,0,0,0,1,0,1,0,0,0,0,0,1,67.0,1.0
9,Torres,AVL,4.3,1,1,90,0,0,90.0,90.0,0,0,0,1,0,0,0,0,0,1,0,0,0,0,0,2,45.0,2.0
9,Townsend,IPS,3.9,1,0,8,1,0,8.0,0.0,0,0,0,1,0,0,0,0,0,0,0,0,0,0,0,1,8.0,0.0
9,Traoré (Adama),FUL,5.2,1,1,67,0,1,67.0,67.0,0,0,1,0,0,0,0,0,0,1,0,0,0,0,0,3,22.3,3.0
9,Amad Diallo,MUN,6.3,1,0,40,1,0,40.0,0.0,0,0,0,2,0,0,0,0,0,0,0,0,0,0,0,1,40.0,0.0
9,Travers,BOU,4.4,1,1,90,0,0,90.0,90.0,0,0,0,1,0,0,7,0,0,0,0,0,0,1,0,5,18.0,5.0
9,Trossard,ARS,6.9,1,1,90,0,0,90.0,90.0,0,0,0,2,0,0,0,0,0,1,0,0,0,0,0,2,45.0,2.0
9,Tsimikas,LIV,4.8,1,0,34,1,0,34.0,0.0,0,0,0,0,0,0,0,0,0,0,0,0,0,0,0,1,34.0,0.0
9,Destiny Udogie,TOT,4.4,1,1,90,0,0,90.0,90.0,0,0,0,1,0,0,0,0,0,1,0,0,0,0,0,2,45.0,2.0
9,Unal,BOU,5.4,1,1,64,0,1,64.0,64.0,0,0,1,0,0,0,0,1,0,1,0,0,0,0,0,1,64.0,1.0
9,van de Ven,TOT,4.7,1,1,90,0,0,90.0,90.0,0,0,0,1,0,0,0,1,0,1,0,0,0,0,0,1,90.0,1.0
9,van den Berg,BRE,4.5,1,1,90,0,0,90.0,90.0,0,0,0,3,0,0,0,0,0,1,0,0,0,0,0,1,90.0,1.0
9,van Dijk,LIV,6.0,1,1,90,0,0,90.0,90.0,1,0,0,2,0,0,0,0,0,0,1,1,0,0,0,7,12.9,7.0
9,van Hecke,BHA,4.4,1,1,90,0,0,90.0,90.0,0,0,0,2,0,0,0,0,0,1,0,0,0,0,0,1,90.0,1.0
9,Vardy,LEI,5.4,1,1,90,0,0,90.0,90.0,1,0,0,3,0,0,0,0,0,0,1,1,0,2,0,8,11.3,8.0
9,Bernardo Silva,MCI,6.3,1,1,90,0,0,90.0,90.0,0,0,1,0,0,0,0,0,0,1,0,0,0,0,0,3,30.0,3.0
9,Veltman,BHA,4.4,1,1,90,0,0,90.0,90.0,0,0,0,2,0,0,0,0,0,1,0,0,0,0,0,1,90.0,1.0
9,Verbruggen,BHA,4.4,1,1,90,0,0,90.0,90.0,0,0,0,2,0,0,5,0,0,1,0,0,0,0,0,2,45.0,2.0
9,Vicario,TOT,5.1,1,1,90,0,0,90.0,90.0,0,0,0,1,0,0,5,0,0,1,0,0,0,0,0,3,30.0,3.0
9,Walker-Peters,SOU,4.4,1,1,90,0,0,90.0,90.0,0,0,0,1,0,0,0,0,0,1,0,0,0,0,0,2,45.0,2.0
9,Wan-Bissaka,WHU,4.3,1,1,90,0,0,90.0,90.0,0,0,0,1,0,0,0,0,0,1,0,0,0,0,0,2,45.0,2.0
9,Watkins,AVL,8.5,1,1,82,0,1,82.0,82.0,0,0,1,0,0,0,0,0,0,1,0,0,0,0,0,2,41.0,2.0
9,Welbeck,BHA,6.4,1,1,72,0,1,72.0,72.0,1,0,1,0,0,0,0,0,0,0,1,1,0,1,0,7,10.3,7.0
9,Werner,TOT,6.2,1,0,32,1,0,32.0,0.0,0,0,0,0,0,0,0,0,0,0,0,0,0,0,0,1,32.0,0.0
9,Wharton,CRY,5.0,1,1,84,0,1,84.0,84.0,0,0,1,0,0,0,0,0,0,1,0,0,0,0,0,3,28.0,3.0
9,White (Ben),ARS,5.4,1,1,90,0,0,90.0,90.0,0,1,0,2,0,0,0,0,0,0,1,1,0,0,0,4,22.5,4.0
9,Wieffer,BHA,4.9,1,0,17,1,0,17.0,0.0,0,0,0,2,0,0,0,0,0,0,0,0,0,0,0,1,17.0,0.0
9,Williams (Neco),NFO,4.7,1,0,25,1,0,25.0,0.0,0,0,0,0,0,0,0,0,0,0,0,0,0,0,0,1,25.0,0.0
9,Willock,NEW,5.0,1,0,29,1,0,29.0,0.0,0,0,0,0,0,0,0,0,0,0,0,0,0,0,0,1,29.0,0.0
9,Wilson (Harry),FUL,5.3,1,0,16,1,0,16.0,0.0,0,0,0,1,0,0,0,0,0,0,0,0,0,0,0,1,16.0,0.0
9,Winks,LEI,4.3,1,1,90,0,0,90.0,90.0,0,1,0,3,0,0,0,1,0,0,1,1,0,0,0,4,22.5,4.0
9,Wissa,BRE,7.4,1,1,90,0,0,90.0,90.0,2,0,0,3,0,0,0,0,0,0,2,2,0,1,1,10,9.0,10.0
9,Wood (Chris),NFO,7.2,1,1,79,0,1,79.0,79.0,2,0,0,1,0,0,0,0,0,0,2,2,0,3,1,13,6.1,13.0
9,Woolfenden,IPS,3.9,1,0,26,1,0,26.0,0.0,0,0,0,1,0,0,0,0,0,0,0,0,0,0,0,1,26.0,0.0
9,Yates,NFO,4.8,1,1,90,0,0,90.0,90.0,1,0,0,1,0,0,0,0,0,0,1,1,0,1,0,8,11.3,8.0
9,Young (Ashley),EVE,4.2,1,1,90,0,0,90.0,90.0,0,1,0,1,0,0,0,0,0,0,1,1,0,1,0,6,15.0,6.0
9,Zabarnyi,BOU,5.0,1,1,90,0,0,90.0,90.0,0,0,0,1,0,0,0,0,0,1,0,0,0,0,0,2,45.0,2.0
9,Zirkzee,MUN,5.8,1,0,23,1,0,23.0,0.0,0,1,0,1,0,0,0,0,0,0,1,1,0,0,0,4,5.8,0.0
10,Adams (Tyler),BOU,5.0,1,0,30,1,0,30.0,0.0,0,0,0,1,0,0,0,1,0,0,0,0,0,0,0,0,0.0,0.0
10,Adingra,BHA,5.1,1,0,8,1,0,8.0,0.0,0,0,0,0,0,0,0,0,0,0,0,0,0,0,0,1,8.0,0.0
10,Aina,NFO,4.7,1,1,88,0,1,88.0,88.0,1,0,1,0,0,0,0,0,0,0,1,2,0,3,1,15,5.9,15.0
10,Ait Nouri,WOL,5.8,1,1,90,0,0,90.0,90.0,0,0,0,2,0,0,0,0,0,1,0,0,0,0,0,1,90.0,1.0
10,Akanji,MCI,5.4,1,1,90,0,0,90.0,90.0,0,0,0,2,0,0,0,0,0,1,0,0,0,0,0,1,90.0,1.0
10,Aké,MCI,5.4,1,1,70,0,1,70.0,70.0,0,0,0,2,0,0,0,0,0,1,0,0,0,0,0,1,70.0,1.0
10,Alexander-Arnold,LIV,7.2,1,1,90,0,0,90.0,90.0,0,0,0,1,0,0,0,0,0,1,0,0,0,0,0,2,45.0,2.0
10,Álvarez (Edson),WHU,4.9,1,1,45,0,0,45.0,45.0,0,0,0,1,0,0,0,0,1,1,0,0,0,0,0,0,0.0,0.0
10,Andersen,FUL,4.5,1,1,90,0,0,90.0,90.0,0,0,0,1,0,0,0,0,0,1,0,0,0,0,0,2,45.0,2.0
10,Anderson,NFO,5.3,1,0,33,1,0,33.0,0.0,0,1,0,0,0,0,0,1,0,0,1,1,0,0,0,3,11.0,0.0
10,Antonio,WHU,5.2,1,0,45,1,0,45.0,0.0,0,0,0,2,0,0,0,0,0,0,0,0,0,0,0,1,45.0,0.0
10,Joelinton,NEW,5.9,1,1,90,0,0,90.0,90.0,0,0,1,0,0,0,0,0,0,1,0,0,0,0,0,3,30.0,3.0
10,Archer,SOU,4.8,1,1,90,0,1,90.0,90.0,0,0,1,0,0,0,0,0,0,1,0,0,0,0,0,2,45.0,2.0
10,Aribo,SOU,4.9,1,0,45,1,0,45.0,0.0,0,0,0,0,0,0,0,0,0,0,0,0,0,0,0,1,45.0,0.0
10,Armstrong (Adam),SOU,5.1,1,1,90,0,0,90.0,90.0,1,0,1,0,0,0,0,0,0,0,1,1,0,1,0,7,12.9,7.0
10,Awoniyi,NFO,5.2,1,0,16,1,0,16.0,0.0,0,0,0,0,0,0,0,0,0,0,0,0,0,0,0,1,16.0,0.0
10,Ayari,BHA,4.9,1,1,74,0,1,74.0,74.0,0,0,0,2,0,0,0,0,0,1,0,0,0,0,0,2,37.0,2.0
10,Ayew,LEI,5.1,1,0,14,1,0,14.0,0.0,1,0,0,0,0,0,0,0,0,0,1,1,0,1,0,7,2.0,0.0
10,Bailey,AVL,5.5,1,0,20,1,0,20.0,0.0,0,0,0,1,0,0,0,0,0,0,0,0,0,0,0,1,20.0,0.0
10,Ricardo Pereira,LEI,4.1,1,1,77,0,1,77.0,77.0,0,0,0,1,0,0,0,0,0,1,0,0,0,0,0,2,38.5,2.0
10,Barnes,NEW,6.4,1,0,12,1,0,12.0,0.0,0,0,0,0,0,0,0,0,0,0,0,0,0,0,0,1,12.0,0.0
10,Bassey,FUL,4.5,1,1,90,0,0,90.0,90.0,0,0,0,1,0,0,0,0,0,1,0,0,0,0,0,2,45.0,2.0
10,Bednarek,SOU,4.0,1,1,90,0,0,90.0,90.0,0,0,1,0,0,0,0,1,0,0,0,1,0,0,0,5,18.0,5.0
10,Bellegarde,WOL,5.2,1,0,35,1,0,35.0,0.0,0,0,0,1,0,0,0,0,0,0,0,0,0,0,0,1,35.0,0.0
10,Bentancur,TOT,5.3,1,1,55,0,1,55.0,55.0,0,0,0,1,0,0,0,0,0,1,0,0,0,0,0,1,55.0,1.0
10,Berge,FUL,4.9,1,1,90,0,0,90.0,90.0,0,0,0,1,0,0,0,0,0,1,0,0,0,0,0,2,45.0,2.0
10,Bissouma,TOT,5.2,1,0,38,1,0,38.0,0.0,0,0,0,0,0,0,0,0,0,0,0,0,0,0,0,1,38.0,0.0
10,Bruno Fernandes,MUN,8.9,1,1,90,0,0,90.0,90.0,1,0,0,1,0,0,0,0,0,0,1,1,0,3,1,10,9.0,10.0
10,Bowen,WHU,7.8,1,1,90,0,0,90.0,90.0,0,0,0,3,0,0,0,0,0,1,0,0,0,0,0,2,45.0,2.0
10,Bradley,LIV,5.0,1,0,5,1,0,5.0,0.0,0,0,0,0,0,0,0,0,0,0,0,0,0,0,0,1,5.0,0.0
10,Branthwaite,EVE,5.3,1,0,10,1,0,10.0,0.0,0,0,0,0,0,0,0,0,0,0,0,0,0,0,0,1,10.0,0.0
10,Brooks,BOU,5.0,1,0,19,1,0,19.0,0.0,0,0,0,1,0,0,0,0,0,0,0,0,0,0,0,1,19.0,0.0
10,Bueno (Santiago),WOL,4.4,1,1,90,0,0,90.0,90.0,0,0,0,2,0,0,0,0,0,1,0,0,0,0,0,1,90.0,1.0
10,Buonanotte,LEI,4.8,1,1,90,0,0,90.0,90.0,0,0,0,1,0,0,0,1,0,1,0,0,0,0,0,1,90.0,1.0
10,Burgess,IPS,3.8,1,1,90,0,0,90.0,90.0,0,0,0,1,0,0,0,0,0,1,0,0,0,0,0,2,45.0,2.0
10,Burn,NEW,5.1,1,1,90,0,0,90.0,90.0,0,0,1,0,0,0,0,0,0,0,0,1,0,0,0,6,15.0,6.0
10,Burns,IPS,4.7,1,0,19,1,0,19.0,0.0,0,0,0,1,0,0,0,0,0,0,0,0,0,0,0,1,19.0,0.0
10,Moises Caicedo,CHE,5.9,1,1,90,0,0,90.0,90.0,1,0,0,1,0,0,0,0,0,0,1,1,0,2,0,9,10.0,9.0
10,Cairney,FUL,4.9,1,0,18,1,0,18.0,0.0,0,0,0,0,0,0,0,0,0,0,0,0,0,0,0,1,18.0,0.0
10,Cajuste,IPS,4.5,1,0,19,1,0,19.0,0.0,0,0,0,1,0,0,0,1,0,0,0,0,0,0,0,0,0.0,0.0
10,Calvert-Lewin,EVE,5.5,1,1,62,0,1,62.0,62.0,0,0,1,0,0,0,0,0,0,1,0,0,0,0,0,2,31.0,2.0
10,Carvalho,BRE,4.9,1,0,24,1,0,24.0,0.0,0,0,0,2,0,0,0,0,0,0,0,0,0,0,0,1,24.0,0.0
10,Cash,AVL,4.6,1,1,57,0,1,57.0,57.0,0,0,0,1,0,0,0,0,0,1,0,0,0,0,0,1,57.0,1.0
10,Castagne,FUL,4.4,1,0,24,1,0,24.0,0.0,0,0,0,0,0,0,0,0,0,0,0,0,0,0,0,1,24.0,0.0
10,Chalobah,CHE,5.1,1,1,90,0,0,90.0,90.0,1,0,0,2,0,0,0,0,0,0,1,1,0,0,0,7,12.9,7.0
10,Chaplin,IPS,5.1,1,1,78,0,1,78.0,78.0,0,0,1,0,0,0,0,1,0,1,0,0,0,0,0,2,39.0,2.0
10,Christie,BOU,5.0,1,1,64,0,1,64.0,64.0,0,0,1,0,0,0,0,1,0,1,0,0,0,0,0,2,32.0,2.0
10,Clarke (Jack),IPS,5.4,1,0,26,1,0,26.0,0.0,0,0,0,1,0,0,0,0,0,0,0,0,0,0,0,1,26.0,0.0
10,Clyne,CRY,3.9,1,0,14,1,0,14.0,0.0,0,0,0,0,0,0,0,0,0,0,0,0,0,0,0,1,14.0,0.0
10,Collins,BRE,4.9,1,1,90,0,0,90.0,90.0,0,0,0,2,0,0,0,0,0,1,0,0,0,0,0,1,90.0,1.0
10,Colwill,CHE,4.8,1,1,90,0,0,90.0,90.0,0,0,0,1,0,0,0,0,0,1,0,0,0,0,0,2,45.0,2.0
10,Cook,BOU,4.9,1,1,90,0,0,90.0,90.0,0,0,0,1,0,0,0,0,0,1,0,0,0,0,0,2,45.0,2.0
10,Cucurella,CHE,6.1,1,0,45,1,0,45.0,0.0,0,0,0,1,0,0,0,0,0,0,0,0,0,0,0,1,45.0,0.0
10,da Silva Moreira (Eric),NFO,4.5,1,0,7,1,0,7.0,0.0,0,0,0,0,0,0,0,0,0,0,0,0,0,0,0,1,7.0,0.0
10,Dalot,MUN,4.4,1,1,90,0,0,90.0,90.0,0,0,0,1,0,0,0,1,0,1,0,0,0,0,0,1,90.0,1.0
10,Damsgaard,BRE,5.8,1,1,71,0,1,71.0,71.0,0,0,1,0,0,0,0,0,0,1,0,0,0,0,0,3,23.7,3.0
10,Davies (Ben),TOT,4.3,1,0,35,1,0,35.0,0.0,0,0,0,0,0,0,0,0,0,0,0,0,0,0,0,1,35.0,0.0
10,Davis,IPS,4.2,1,1,90,0,0,90.0,90.0,1,0,0,1,0,0,0,0,0,0,1,1,0,2,1,10,9.0,10.0
10,Dawson,WOL,4.2,1,1,90,0,0,90.0,90.0,0,0,0,2,0,0,0,0,0,1,0,0,0,0,0,1,90.0,1.0
10,Richarlison,TOT,6.5,1,0,19,1,1,19.0,0.0,0,1,0,0,0,0,0,0,0,0,1,1,0,0,0,4,4.8,0.0
10,Jesus,ARS,6.4,1,0,25,1,0,25.0,0.0,0,0,0,0,0,0,0,0,0,0,0,0,0,0,0,1,25.0,0.0
10,de Ligt,MUN,5.0,1,1,90,0,0,90.0,90.0,0,0,0,1,0,0,0,0,0,1,0,0,0,0,0,2,45.0,2.0
10,Evanilson,BOU,7.0,1,1,74,0,1,74.0,74.0,1,0,1,0,0,0,0,0,0,0,1,1,0,1,0,7,10.6,7.0
10,Delap,IPS,6.2,1,1,72,0,1,72.0,72.0,0,0,1,0,0,0,0,0,0,1,0,0,0,0,0,2,36.0,2.0
10,Díaz,LIV,8.0,1,0,29,1,0,29.0,0.0,0,0,0,0,0,0,0,0,0,0,0,0,0,0,0,1,29.0,0.0
10,Dibling,SOU,5.4,1,0,38,1,0,38.0,0.0,0,0,0,0,0,0,0,1,0,0,0,0,0,0,0,0,0.0,0.0
10,Digne,AVL,4.5,1,1,90,0,0,90.0,90.0,0,0,0,4,0,0,0,0,0,1,0,0,0,0,0,0,0.0,0.0
10,Doku,MCI,6.5,1,0,12,1,0,12.0,0.0,0,0,0,0,0,0,0,0,0,0,0,0,0,0,0,1,12.0,0.0
10,Nicolás Domínguez,NFO,5.0,1,1,90,0,0,90.0,90.0,0,0,1,0,0,0,0,0,0,1,0,0,0,0,0,3,30.0,3.0
10,Igor Julio,BHA,4.5,1,1,90,0,0,90.0,90.0,0,0,0,2,0,0,0,0,0,1,0,0,0,0,0,1,90.0,1.0
10,Gabriel Magalhães,ARS,6.5,1,1,90,0,0,90.0,90.0,0,0,0,1,0,0,0,0,0,1,0,0,0,0,0,2,45.0,2.0
10,Doucoure,CRY,4.9,1,0,18,1,0,18.0,0.0,0,0,0,0,0,0,0,0,0,0,0,0,0,0,0,1,18.0,0.0
10,Downes,SOU,4.7,1,1,90,0,0,90.0,90.0,0,0,1,0,0,0,0,0,0,1,0,0,0,0,0,3,30.0,3.0
10,Doyle (Tommy),WOL,4.7,1,1,60,0,1,60.0,60.0,0,0,0,1,0,0,0,0,0,1,0,0,0,0,0,2,30.0,2.0
10,Dragusin,TOT,4.5,1,1,90,0,0,90.0,90.0,0,0,0,1,0,0,0,0,0,1,0,0,0,0,0,2,45.0,2.0
10,Durán,AVL,5.7,1,0,29,1,0,29.0,0.0,0,0,0,3,0,0,0,0,0,0,0,0,0,0,0,1,29.0,0.0
10,El Khannouss,LEI,4.8,1,0,20,1,0,20.0,0.0,0,0,0,0,0,0,0,0,0,0,0,0,0,0,0,1,20.0,0.0
10,Elanga,NFO,6.7,1,1,62,0,1,62.0,62.0,0,0,1,0,0,0,0,0,0,1,0,0,0,0,0,3,20.7,3.0
10,Endo,LIV,4.9,1,0,19,1,0,19.0,0.0,0,0,0,0,0,0,0,0,0,0,0,0,0,0,0,1,19.0,0.0
10,Mateus Fernandes,SOU,5.5,1,1,90,0,1,90.0,90.0,0,0,1,0,0,0,0,1,0,1,0,0,0,0,0,2,45.0,2.0
10,Estupiñán,BHA,4.5,1,1,90,0,0,90.0,90.0,0,0,0,2,0,0,0,0,0,1,0,0,0,0,0,1,90.0,1.0
10,Fabianski,WHU,4.5,1,1,90,0,0,90.0,90.0,0,0,0,3,0,0,3,0,0,1,0,0,0,0,0,2,45.0,2.0
10,Faes,LEI,3.8,1,1,90,0,0,90.0,90.0,0,0,0,1,0,0,0,0,0,1,0,0,0,0,0,2,45.0,2.0
10,Fatawu,LEI,5.1,1,1,90,0,0,90.0,90.0,0,0,0,1,0,0,0,0,0,1,0,0,0,0,0,2,45.0,2.0
10,Ferguson,WHU,5.5,1,0,8,1,0,8.0,0.0,0,0,0,0,0,0,0,0,0,0,0,0,0,0,0,1,8.0,0.0
10,Fernández,CHE,6.7,1,0,27,1,0,27.0,0.0,0,0,0,0,0,0,0,0,0,0,0,0,0,0,0,1,27.0,0.0
10,Jota Silva,NFO,5.4,1,0,33,1,0,33.0,0.0,0,0,0,0,0,0,0,0,0,0,0,0,0,0,0,1,33.0,0.0
10,Flekken,BRE,4.5,1,1,90,0,0,90.0,90.0,0,0,0,2,0,0,10,0,0,0,0,0,0,0,0,4,22.5,4.0
10,Foden,MCI,8.0,1,1,90,0,0,90.0,90.0,0,0,0,2,0,0,0,0,0,1,0,0,0,0,0,2,45.0,2.0
10,Fofana (Wesley),CHE,4.4,1,1,90,0,0,90.0,90.0,0,0,0,1,0,0,0,0,0,1,0,0,0,0,0,2,45.0,2.0
10,Casemiro,MUN,5.5,1,1,90,0,0,90.0,90.0,0,0,0,1,0,0,0,1,0,1,0,0,0,0,0,1,90.0,1.0
10,Jorginho,ARS,4.6,1,0,11,1,0,11.0,0.0,0,0,0,0,0,0,0,1,0,0,0,0,0,0,0,0,0.0,0.0
10,Gakpo,LIV,7.6,1,1,90,0,0,90.0,90.0,1,0,0,1,0,0,0,0,0,0,1,1,0,3,0,9,10.0,9.0
10,Gonçalo Guedes,WOL,5.5,1,0,36,1,0,36.0,0.0,0,1,0,1,0,0,0,1,0,0,1,1,0,0,0,3,12.0,0.0
10,Garnacho,MUN,6.4,1,1,90,0,0,90.0,90.0,0,0,0,1,0,0,0,0,0,1,0,0,0,0,0,2,45.0,2.0
10,Gibbs-White,NFO,7.3,1,1,63,0,1,63.0,63.0,0,0,1,0,0,0,0,0,0,1,0,0,0,0,0,3,21.0,3.0
10,Toti,WOL,4.3,1,1,60,0,1,60.0,60.0,0,0,0,1,0,0,0,0,0,1,0,0,0,0,0,2,30.0,2.0
10,Beto,EVE,5.2,1,0,35,1,0,35.0,0.0,0,0,0,1,0,0,0,0,0,0,0,0,0,0,0,1,35.0,0.0
10,João Gomes,WOL,5.4,1,1,90,0,0,90.0,90.0,1,0,0,2,0,0,0,0,0,0,1,1,0,3,1,10,9.0,10.0
10,Gomez,LIV,4.9,1,0,45,1,0,45.0,0.0,0,0,0,0,0,0,0,0,0,0,0,0,0,0,0,1,45.0,0.0
10,Gordon (Anthony),NEW,7.5,1,1,84,0,1,84.0,84.0,0,1,1,0,0,0,0,0,0,0,1,1,0,0,0,6,14.0,6.0
10,Gravenberch,LIV,5.6,1,1,90,0,0,90.0,90.0,0,0,0,1,0,0,0,0,0,1,0,0,0,0,0,2,45.0,2.0
10,Gray (Archie),TOT,4.8,1,0,18,1,0,18.0,0.0,0,0,0,0,0,0,0,0,0,0,0,0,0,0,0,1,18.0,0.0
10,Gruda,BHA,5.4,1,0,20,1,0,20.0,0.0,0,0,0,0,0,0,0,0,0,0,0,0,0,0,0,1,20.0,0.0
10,Marc Guehi,CRY,4.9,1,1,90,0,0,90.0,90.0,1,0,0,2,0,0,0,0,0,0,1,1,0,0,0,7,12.9,7.0
10,Gueye,EVE,5.4,1,1,90,0,0,90.0,90.0,0,0,0,1,0,0,0,0,0,1,0,0,0,0,0,2,45.0,2.0
10,Bruno Guimarães,NEW,6.5,1,1,90,0,1,90.0,90.0,0,0,1,0,0,0,0,0,0,1,0,0,0,0,0,3,30.0,3.0
10,Gundogan,MCI,6.3,1,1,82,0,1,82.0,82.0,0,1,0,2,0,0,0,0,0,0,1,1,0,0,0,5,16.4,5.0
10,Gusto,CHE,4.9,1,1,45,0,1,45.0,45.0,0,0,0,0,0,0,0,1,0,1,0,0,0,0,0,0,0.0,0.0
10,Gvardiol,MCI,5.9,1,1,90,0,0,90.0,90.0,1,0,0,2,0,0,0,0,0,0,1,1,0,0,0,7,12.9,7.0
10,Haaland,MCI,14.8,1,1,90,0,0,90.0,90.0,0,0,0,2,0,0,0,0,0,1,0,0,0,0,0,2,45.0,2.0
10,Lewis Hall,NEW,5.2,1,1,90,0,0,90.0,90.0,0,0,1,0,0,0,0,0,0,0,0,1,0,2,0,8,11.3,8.0
10,Harrison (Jack),EVE,5.2,1,0,36,1,0,36.0,0.0,0,0,0,1,0,0,0,0,0,0,0,0,0,0,0,1,36.0,0.0
10,Harwood-Bellis,SOU,3.9,1,1,90,0,0,90.0,90.0,0,0,1,0,0,0,0,0,0,0,0,1,0,0,0,6,15.0,6.0
10,Havertz,ARS,7.3,1,1,90,0,0,90.0,90.0,0,0,0,1,0,0,0,1,0,1,0,0,0,0,0,1,90.0,1.0
10,Henderson,CRY,5.0,1,1,90,0,0,90.0,90.0,0,0,0,2,0,0,4,0,0,1,0,0,0,0,0,2,45.0,2.0
10,Hermansen,LEI,4.4,1,1,90,0,0,90.0,90.0,0,0,0,1,0,0,1,0,0,1,0,0,0,0,0,2,45.0,2.0
10,Hinshelwood,BHA,5.1,1,1,86,0,1,86.0,86.0,0,0,0,2,0,0,0,0,0,1,0,0,0,0,0,2,43.0,2.0
10,Hirst,IPS,5.4,1,0,26,1,0,26.0,0.0,0,0,0,1,0,0,0,1,0,0,0,0,0,0,0,0,0.0,0.0
10,Hudson-Odoi,NFO,5.8,1,1,88,0,1,88.0,88.0,1,0,1,0,0,0,0,0,0,0,1,1,0,2,1,10,8.8,10.0
10,Hughes,CRY,4.8,1,1,77,0,1,77.0,77.0,0,0,0,2,0,0,0,1,0,1,0,0,0,0,0,1,77.0,1.0
10,Huijsen,BOU,4.5,1,0,7,1,0,7.0,0.0,0,0,0,0,0,0,0,0,0,0,0,0,0,0,0,1,7.0,0.0
10,Hutchinson,IPS,5.4,1,1,78,0,1,78.0,78.0,0,0,1,0,0,0,0,0,0,1,0,0,0,0,0,3,26.0,3.0
10,Højlund,MUN,6.3,1,1,83,0,1,83.0,83.0,0,1,0,1,0,0,0,0,0,0,1,1,0,0,0,5,16.6,5.0
10,Irving,WHU,4.4,1,0,17,1,0,17.0,0.0,0,0,0,0,0,0,0,0,0,0,0,0,0,0,0,1,17.0,0.0
10,Isak,NEW,10.4,1,1,90,0,0,90.0,90.0,1,0,1,0,0,0,0,0,0,0,1,1,0,3,0,9,10.0,9.0
10,Iwobi,FUL,6.5,1,1,90,0,0,90.0,90.0,0,0,0,1,0,0,0,0,0,1,0,0,0,0,0,2,45.0,2.0
10,Jackson (Nicolas),CHE,6.5,1,1,90,0,0,90.0,90.0,0,0,0,1,0,0,0,1,0,1,0,0,0,0,0,1,90.0,1.0
10,James,CHE,5.5,1,1,90,0,0,90.0,90.0,0,0,0,1,0,0,0,0,0,1,0,0,0,0,0,2,45.0,2.0
10,Janelt,BRE,4.9,1,1,89,0,1,89.0,89.0,1,0,0,1,0,0,0,0,0,0,1,1,0,2,0,9,9.9,9.0
10,Jensen,BRE,4.9,1,0,25,1,0,25.0,0.0,0,0,0,2,0,0,0,0,0,0,0,0,0,0,0,1,25.0,0.0
10,Raúl Jiménez,FUL,6.2,1,1,72,0,1,72.0,72.0,0,0,0,1,0,0,0,0,0,1,0,0,0,0,0,2,36.0,2.0
10,Johnson (Ben),IPS,3.8,1,1,90,0,0,90.0,90.0,0,0,0,1,0,0,0,0,0,1,0,0,0,0,0,2,45.0,2.0
10,Johnson (Brennan),TOT,6.7,1,1,90,0,0,90.0,90.0,1,0,0,1,0,0,0,0,0,0,1,1,0,1,0,8,11.3,8.0
10,Jones,LIV,5.4,1,0,30,1,0,30.0,0.0,0,1,0,0,0,0,0,0,0,0,1,1,0,0,0,4,7.5,0.0
10,Kadioglu,BHA,4.4,1,1,86,0,1,86.0,86.0,1,0,0,2,0,0,0,1,0,0,1,1,0,0,0,6,14.3,6.0
10,Kamada,CRY,5.0,1,1,90,0,0,90.0,90.0,0,0,0,2,0,0,0,0,0,1,0,0,0,0,0,2,45.0,2.0
10,Kamara,AVL,4.9,1,0,20,1,0,20.0,0.0,0,0,0,1,0,0,0,0,0,0,0,0,0,0,0,1,20.0,0.0
10,Keane,EVE,4.5,1,1,90,0,0,90.0,90.0,0,0,0,1,0,0,0,1,0,1,0,0,0,0,0,1,90.0,1.0
10,Kelleher,LIV,4.5,1,1,90,0,0,90.0,90.0,0,0,0,1,0,0,4,0,0,1,0,0,0,0,0,3,30.0,3.0
10,Kelly,NEW,4.2,1,0,2,1,0,2.0,0.0,0,0,0,0,0,0,0,0,0,0,0,0,0,0,0,1,2.0,0.0
10,Kerkez,BOU,5.8,1,1,90,0,0,90.0,90.0,0,2,0,1,0,0,0,0,0,0,2,2,0,2,1,10,9.0,10.0
10,Kilman,WHU,4.3,1,1,90,0,0,90.0,90.0,0,0,0,3,0,0,0,0,0,1,0,0,0,0,0,1,90.0,1.0
10,Kluivert,BOU,7.0,1,1,74,0,1,74.0,74.0,0,0,1,0,0,0,0,0,0,1,0,0,0,0,0,3,24.7,3.0
10,Konaté,LIV,5.4,1,1,45,0,1,45.0,45.0,0,0,0,1,0,0,0,0,0,1,0,0,0,0,0,1,45.0,1.0
10,Konsa Ngoyo,AVL,4.4,1,1,90,0,0,90.0,90.0,0,0,0,4,0,0,0,0,0,1,0,0,0,0,0,0,0.0,0.0
10,Kovacic,MCI,5.9,1,1,90,0,0,90.0,90.0,0,0,0,2,0,0,0,0,0,1,0,0,0,0,0,2,45.0,2.0
10,Kristiansen,LEI,4.4,1,1,83,0,1,83.0,83.0,0,0,0,1,0,0,0,0,0,1,0,0,0,0,0,2,41.5,2.0
10,Kulusevski,TOT,6.4,1,1,90,0,0,90.0,90.0,0,1,0,1,0,0,0,0,0,0,1,1,0,0,0,5,18.0,5.0
10,Lacroix,CRY,5.0,1,1,90,0,0,90.0,90.0,0,0,0,2,0,0,0,0,0,1,0,0,0,0,0,1,90.0,1.0
10,Lallana,SOU,5.0,1,1,45,0,1,45.0,45.0,0,0,0,0,0,0,0,0,0,1,0,0,0,0,0,1,45.0,1.0
10,Lavia,CHE,4.9,1,1,70,0,1,70.0,70.0,0,0,0,1,0,0,0,0,0,1,0,0,0,0,0,2,35.0,2.0
10,Lemina (Mario),WOL,4.8,1,0,36,1,0,36.0,0.0,0,0,0,1,0,0,0,0,0,0,0,0,0,0,0,1,36.0,0.0
10,Leno,FUL,5.0,1,1,90,0,0,90.0,90.0,0,0,0,1,0,0,1,0,0,1,0,0,0,0,0,2,45.0,2.0
10,Lewis (Rico),MCI,4.9,1,0,23,1,0,23.0,0.0,0,0,0,0,0,0,0,0,0,0,0,0,0,0,0,1,23.0,0.0
10,Lewis-Potter,BRE,4.9,1,1,72,0,1,72.0,72.0,0,0,1,0,0,0,0,0,0,1,0,0,0,0,0,3,24.0,3.0
10,Lindstrom,EVE,5.0,1,1,87,0,1,87.0,87.0,0,0,0,1,0,0,0,0,0,1,0,0,0,0,0,2,43.5,2.0
10,Livramento,NEW,4.9,1,1,90,0,0,90.0,90.0,0,0,1,0,0,0,0,0,0,0,0,1,0,1,0,7,12.9,7.0
10,Longstaff (Sean),NEW,4.9,1,1,90,0,0,90.0,90.0,0,0,1,0,0,0,0,0,0,1,0,0,0,0,0,3,30.0,3.0
10,Mac Allister,LIV,6.3,1,1,64,0,1,64.0,64.0,0,0,0,1,0,0,0,1,0,1,0,0,0,0,0,1,64.0,1.0
10,Maddison,TOT,6.9,1,0,19,1,0,19.0,0.0,1,0,0,0,0,0,0,0,0,0,1,1,0,0,0,6,3.2,0.0
10,Madueke,CHE,6.8,1,1,70,0,1,70.0,70.0,0,0,0,1,0,0,0,0,0,1,0,0,0,0,0,2,35.0,2.0
10,José Sá,WOL,4.4,1,1,90,0,0,90.0,90.0,0,0,0,2,0,0,4,0,0,1,0,0,0,0,0,2,45.0,2.0
10,Mangala,EVE,5.0,1,1,90,0,0,90.0,90.0,0,0,0,1,0,0,0,0,0,1,0,0,0,0,0,2,45.0,2.0
10,Manning,SOU,4.3,1,1,59,0,1,59.0,59.0,0,0,0,0,0,0,0,0,0,1,0,0,0,0,0,1,59.0,1.0
10,Martinelli,ARS,6.9,1,1,60,0,1,60.0,60.0,0,0,0,1,0,0,0,0,0,1,0,0,0,0,0,2,30.0,2.0
10,Martinez,AVL,5.0,1,1,90,0,0,90.0,90.0,0,0,0,4,0,0,2,0,0,1,0,0,0,0,0,0,0.0,0.0
10,Martínez,MUN,4.8,1,1,90,0,0,90.0,90.0,0,0,0,1,0,0,0,1,0,1,0,0,0,0,0,1,90.0,1.0
10,Mateta,CRY,7.7,1,1,90,0,0,90.0,90.0,0,0,0,2,0,0,0,0,0,1,0,0,0,0,0,2,45.0,2.0
10,Mavididi,LEI,5.0,1,1,68,0,1,68.0,68.0,0,0,0,1,0,0,0,1,0,1,0,0,0,0,0,1,68.0,1.0
10,Mavropanos,WHU,4.4,1,1,90,0,0,90.0,90.0,0,0,0,3,0,0,0,0,0,1,0,0,0,0,0,1,90.0,1.0
10,Mazraoui,MUN,4.9,1,1,90,0,0,90.0,90.0,0,0,0,1,0,0,0,0,0,1,0,0,0,0,0,2,45.0,2.0
10,Mbeumo,BRE,8.2,1,1,83,0,1,83.0,83.0,0,0,1,0,0,0,0,0,0,1,0,0,0,0,0,3,27.7,3.0
10,McAteer,LEI,4.7,1,0,29,1,0,29.0,0.0,0,0,0,0,0,0,0,0,0,0,0,0,0,0,0,1,29.0,0.0
10,McGinn,AVL,5.4,1,1,74,0,1,74.0,74.0,0,0,0,3,0,0,0,0,0,1,0,0,0,0,0,2,37.0,2.0
10,McNeil,EVE,5.6,1,1,90,0,0,90.0,90.0,0,0,0,1,0,0,0,0,0,1,0,0,0,0,0,2,45.0,2.0
10,Mee (Ben),BRE,4.2,1,0,13,1,0,13.0,0.0,0,0,0,2,0,0,0,0,0,0,0,0,0,0,0,0,0.0,0.0
10,Merino,ARS,5.9,1,1,60,0,1,60.0,60.0,0,0,0,1,0,0,0,1,0,1,0,0,0,0,0,1,60.0,1.0
10,Milenkovic,NFO,5.2,1,1,90,0,0,90.0,90.0,0,0,1,0,0,0,0,0,0,0,0,1,0,0,0,6,15.0,6.0
10,Mitchell,CRY,5.0,1,1,90,0,0,90.0,90.0,0,0,0,2,0,0,0,0,0,1,0,0,0,0,0,1,90.0,1.0
10,Mitoma,BHA,6.2,1,1,85,0,1,85.0,85.0,0,0,0,2,0,0,0,0,0,1,0,0,0,0,0,2,42.5,2.0
10,Moder,BHA,4.4,1,0,8,1,0,8.0,0.0,0,0,0,0,0,0,0,0,0,0,0,0,0,0,0,1,8.0,0.0
10,Álex Moreno,NFO,4.0,1,1,90,0,0,90.0,90.0,0,1,1,0,0,0,0,0,0,0,1,2,0,0,0,9,10.0,9.0
10,Morsy,IPS,4.8,1,1,90,0,0,90.0,90.0,0,1,0,1,0,0,0,0,0,0,1,1,0,3,0,8,11.3,8.0
10,Mudryk,CHE,5.0,1,0,27,1,0,27.0,0.0,0,0,0,0,0,0,0,0,0,0,0,0,0,0,0,1,27.0,0.0
10,Rodrigo Muniz,FUL,5.4,1,0,24,1,0,24.0,0.0,0,0,0,0,0,0,0,1,0,0,0,0,0,0,0,0,0.0,0.0
10,Muñoz,CRY,5.7,1,1,90,0,0,90.0,90.0,0,1,0,2,0,0,0,1,0,1,1,1,0,0,0,3,30.0,3.0
10,Muric,IPS,4.4,1,1,90,0,0,90.0,90.0,0,0,0,1,0,0,4,1,0,1,0,0,0,0,0,2,45.0,2.0
10,Mvom Onana,AVL,4.8,1,1,90,0,0,90.0,90.0,0,0,0,4,0,0,0,0,0,1,0,0,0,0,0,2,45.0,2.0
10,Mykolenko,EVE,4.9,1,1,90,0,0,90.0,90.0,0,0,0,1,0,0,0,0,0,1,0,0,0,0,0,2,45.0,2.0
10,Ndiaye,EVE,6.5,1,1,61,0,1,61.0,61.0,0,0,1,0,0,0,0,0,0,1,0,0,0,0,0,2,30.5,2.0
10,Ndidi,LEI,4.9,1,1,68,0,1,68.0,68.0,0,0,0,1,0,0,0,0,0,1,0,0,0,0,0,2,34.0,2.0
10,Nelson (Reiss),FUL,4.8,1,1,78,0,1,78.0,78.0,0,0,0,1,0,0,0,0,0,1,0,0,0,0,0,2,39.0,2.0
10,Neto,CHE,7.0,1,1,90,0,0,90.0,90.0,0,0,0,1,0,0,0,0,0,1,0,0,0,0,0,2,45.0,2.0
10,Lindelof,MUN,4.5,1,0,13,1,0,13.0,0.0,0,0,0,0,0,0,0,0,0,0,0,0,0,0,0,1,13.0,0.0
10,Eddie Nketiah,CRY,5.4,1,1,82,0,1,82.0,82.0,0,0,0,2,0,0,0,0,0,1,0,0,0,0,0,2,41.0,2.0
10,Norgaard,BRE,5.2,1,1,90,0,0,90.0,90.0,0,1,0,2,0,0,0,0,0,0,1,1,0,0,0,5,18.0,5.0
10,Matheus Nunes,MCI,5.3,1,1,90,0,0,90.0,90.0,0,0,0,2,0,0,0,0,0,1,0,0,0,0,0,2,45.0,2.0
10,Núñez,LIV,6.5,1,1,75,0,1,75.0,75.0,0,0,0,1,0,0,0,0,0,1,0,0,0,0,0,2,37.5,2.0
10,Nwaneri,ARS,5.2,1,0,35,1,0,35.0,0.0,0,0,0,0,0,0,0,0,0,0,0,0,0,0,0,1,35.0,0.0
10,O'Shea,IPS,3.8,1,1,90,0,0,90.0,90.0,0,0,0,1,0,0,0,0,0,1,0,0,0,0,0,2,45.0,2.0
10,Onana,MUN,4.9,1,1,90,0,0,90.0,90.0,0,0,0,1,0,0,2,0,0,1,0,0,0,0,0,2,45.0,2.0
10,Paul Onuachu,SOU,4.9,1,0,5,1,0,5.0,0.0,0,0,0,0,0,0,0,1,0,0,0,0,0,0,0,0,0.0,0.0
10,Palmer (Cole),CHE,10.3,1,1,90,0,0,90.0,90.0,0,0,0,1,0,0,0,0,0,1,0,0,0,1,0,3,30.0,3.0
10,Emerson,WHU,4.4,1,1,79,0,1,79.0,79.0,0,0,0,3,0,0,0,0,0,1,0,0,0,0,0,1,79.0,1.0
10,Partey,ARS,4.9,1,1,84,0,1,84.0,84.0,0,0,0,1,0,0,0,0,0,1,0,0,0,0,0,2,42.0,2.0
10,Pereira,FUL,5.3,1,1,64,0,1,64.0,64.0,0,0,0,1,0,0,0,0,0,1,0,0,0,0,0,2,32.0,2.0
10,Phillips (Kalvin),IPS,4.8,1,1,74,0,0,74.0,74.0,0,0,1,0,0,0,0,0,1,1,0,0,0,0,0,0,0.0,0.0
10,Philogene-Bidace,IPS,5.3,1,0,20,1,0,20.0,0.0,0,0,0,1,0,0,0,0,0,0,0,0,0,0,0,1,20.0,0.0
10,Pickford,EVE,5.5,1,1,90,0,0,90.0,90.0,0,0,0,1,0,0,1,0,0,1,0,0,0,0,0,2,45.0,2.0
10,Pinnock,BRE,4.3,1,1,90,0,0,90.0,90.0,0,0,0,2,0,0,0,0,0,1,0,0,0,0,0,1,90.0,1.0
10,Pope,NEW,5.2,1,1,90,0,0,90.0,90.0,0,0,1,0,0,0,0,1,0,0,0,1,0,0,0,5,18.0,5.0
10,Porro,TOT,5.5,1,1,90,0,0,90.0,90.0,0,0,0,1,0,0,0,1,0,1,0,0,0,0,0,1,90.0,1.0
10,Ramsdale,SOU,4.8,1,1,90,0,0,90.0,90.0,0,0,1,0,0,0,5,0,0,0,0,1,0,2,0,9,10.0,9.0
10,Ramsey (Jacob),AVL,5.3,1,1,74,0,1,74.0,74.0,0,0,0,3,0,0,0,0,0,1,0,0,0,0,0,2,37.0,2.0
10,Rashford,AVL,7.0,1,1,72,0,1,72.0,72.0,0,0,1,0,0,0,0,1,0,1,0,0,0,0,0,2,36.0,2.0
10,Raya Martin,ARS,5.8,1,1,90,0,0,90.0,90.0,0,0,0,1,0,0,3,0,0,1,0,0,0,0,0,3,30.0,3.0
10,Rice,ARS,6.7,1,1,90,0,0,90.0,90.0,0,0,0,1,0,0,0,0,0,1,0,0,0,0,0,2,45.0,2.0
10,Robinson (Antonee),FUL,4.9,1,1,90,0,0,90.0,90.0,0,1,0,1,0,0,0,0,0,0,1,1,0,1,0,6,15.0,6.0
10,Rodríguez,WHU,4.8,1,1,45,0,1,45.0,45.0,0,0,0,1,0,0,0,1,0,1,0,0,0,0,0,0,0.0,0.0
10,Roerslev,BRE,4.5,1,1,90,0,0,90.0,90.0,0,0,0,2,0,0,0,1,0,1,0,0,0,0,0,0,0.0,0.0
10,Rogers,AVL,6.8,1,1,63,0,1,63.0,63.0,1,0,0,1,0,0,0,0,0,0,1,1,0,2,0,9,7.0,9.0
10,Romero,TOT,5.0,1,1,57,0,1,57.0,57.0,0,0,0,1,0,0,0,1,0,1,0,0,0,0,0,1,57.0,1.0
10,Rutter,BHA,5.7,1,1,90,0,0,90.0,90.0,0,0,0,2,0,0,0,0,0,1,0,0,0,0,0,2,45.0,2.0
10,Saka,ARS,10.0,1,1,90,0,0,90.0,90.0,0,0,0,1,0,0,0,0,0,1,0,0,0,0,0,2,45.0,2.0
10,Salah,LIV,14.3,1,1,89,0,1,89.0,89.0,1,0,0,1,0,0,0,0,0,0,1,1,0,2,0,9,9.9,9.0
10,Saliba,ARS,6.0,1,1,90,0,0,90.0,90.0,0,0,0,1,0,0,0,0,0,1,0,0,0,0,0,2,45.0,2.0
10,Sanchez,CHE,4.9,1,1,90,0,0,90.0,90.0,0,0,0,1,0,0,3,0,0,1,0,0,0,0,0,3,30.0,3.0
10,Ederson,MCI,5.3,1,1,90,0,0,90.0,90.0,0,0,0,2,0,0,4,0,0,1,0,0,0,0,0,2,45.0,2.0
10,Murillo,NFO,5.3,1,1,90,0,0,90.0,90.0,0,0,1,0,0,0,0,0,0,0,0,1,0,0,0,6,15.0,6.0
10,Matheus Cunha,WOL,7.9,1,1,90,0,0,90.0,90.0,0,1,0,2,0,0,0,0,0,0,1,1,0,1,0,6,15.0,6.0
10,Diego Carlos,AVL,4.5,1,0,36,1,0,36.0,0.0,0,0,0,3,0,0,0,0,0,0,0,0,0,0,0,0,0.0,0.0
10,Sarabia,WOL,5.0,1,1,60,0,1,60.0,60.0,0,0,0,1,0,0,0,0,0,1,0,0,0,0,0,2,30.0,2.0
10,Ismaila Sarr,CRY,6.6,1,1,87,0,1,87.0,87.0,0,0,0,2,0,0,0,0,0,1,0,0,0,0,0,2,43.5,2.0
10,Sarr (Pape),TOT,4.9,1,1,90,0,0,90.0,90.0,0,0,0,1,0,0,0,0,0,1,0,0,0,0,0,2,45.0,2.0
10,Schade,BRE,7.0,1,0,24,1,0,24.0,0.0,0,0,0,2,0,0,0,0,0,0,0,0,0,0,0,1,24.0,0.0
10,Schär,NEW,5.4,1,1,90,0,0,90.0,90.0,0,0,1,0,0,0,0,1,0,0,0,1,0,0,0,5,18.0,5.0
10,Schlupp,CRY,4.6,1,0,9,1,0,9.0,0.0,0,0,0,0,0,0,0,0,0,0,0,0,0,0,0,1,9.0,0.0
10,Sels,NFO,4.8,1,1,90,0,0,90.0,90.0,0,0,1,0,0,0,1,0,0,0,0,1,0,0,0,6,15.0,6.0
10,Semedo,WOL,4.5,1,1,90,0,0,90.0,90.0,0,0,0,2,0,0,0,0,0,1,0,0,0,0,0,1,90.0,1.0
10,Semenyo,BOU,8.1,1,1,90,0,0,90.0,90.0,1,0,0,1,0,0,0,0,0,0,1,1,0,3,1,10,9.0,10.0
10,Senesi,BOU,5.0,1,1,90,0,0,90.0,90.0,0,0,0,1,0,0,0,0,0,1,0,0,0,0,0,2,45.0,2.0
10,Smith,BOU,4.4,1,1,90,0,0,90.0,90.0,0,0,0,1,0,0,0,0,0,1,0,0,0,0,0,2,45.0,2.0
10,Smith-Rowe,FUL,5.7,1,1,78,0,1,78.0,78.0,0,0,0,1,0,0,0,0,0,1,0,0,0,0,0,2,39.0,2.0
10,Solanke,TOT,7.2,1,1,90,0,0,90.0,90.0,2,1,0,1,0,0,0,0,0,0,3,3,0,3,1,16,5.6,16.0
10,Soler (Carlos),WHU,5.0,1,0,45,1,0,45.0,0.0,0,0,0,2,0,0,0,0,0,0,0,0,0,0,0,1,45.0,0.0
10,Son,TOT,8.5,1,1,55,0,1,55.0,55.0,0,1,0,1,0,0,0,0,0,0,1,1,0,0,0,4,13.8,4.0
10,Sosa,NFO,5.5,1,0,7,1,0,7.0,0.0,0,0,0,0,0,0,0,0,0,0,0,0,0,0,0,1,7.0,0.0
10,Soumaré,LEI,4.4,1,0,30,1,0,30.0,0.0,0,0,0,0,0,0,0,0,0,0,0,0,0,0,0,1,30.0,0.0
10,Stephens,SOU,4.0,1,1,78,0,1,78.0,78.0,0,0,1,0,0,0,0,0,0,0,0,1,0,0,0,6,13.0,6.0
10,Strand Larsen,WOL,6.4,1,1,90,0,0,90.0,90.0,1,0,0,2,0,0,0,0,0,0,1,1,0,2,0,8,11.3,8.0
10,Sugawara,SOU,4.2,1,0,18,1,0,18.0,0.0,0,1,0,0,0,0,0,0,0,0,1,1,0,0,0,4,4.5,0.0
10,Summerville,WHU,5.5,1,1,45,0,1,45.0,45.0,0,0,0,1,0,0,0,0,0,1,0,0,0,0,0,1,45.0,1.0
10,Szmodics,IPS,5.7,1,1,71,0,1,71.0,71.0,0,0,1,0,0,0,0,0,0,1,0,0,0,0,0,3,23.7,3.0
10,Szoboszlai,LIV,6.5,1,1,64,0,1,64.0,64.0,0,0,0,1,0,0,0,0,0,1,0,0,0,0,0,2,32.0,2.0
10,Tarkowski,EVE,5.5,1,1,90,0,0,90.0,90.0,0,0,0,1,0,0,0,1,0,1,0,0,0,0,0,1,90.0,1.0
10,Tavernier,BOU,5.5,1,1,86,0,1,86.0,86.0,0,0,0,1,0,0,0,0,0,1,0,0,0,0,0,2,43.0,2.0
10,Tete,FUL,4.5,1,1,72,0,1,72.0,72.0,0,0,0,1,0,0,0,0,0,1,0,0,0,0,0,2,36.0,2.0
10,Tielemans,AVL,5.9,1,1,74,0,1,74.0,74.0,0,0,0,3,0,0,0,0,0,1,0,0,0,0,0,2,37.0,2.0
10,Jurriën Timber,ARS,6.1,1,1,71,0,1,71.0,71.0,0,0,0,1,0,0,0,1,0,1,0,0,0,0,0,1,71.0,1.0
10,Todibo,WHU,4.3,1,1,90,0,0,90.0,90.0,0,0,0,3,0,0,0,0,0,1,0,0,0,0,0,1,90.0,1.0
10,Lucas Paquetá,WHU,5.9,1,1,90,0,0,90.0,90.0,0,0,0,3,0,0,0,1,0,1,0,0,0,0,0,1,90.0,1.0
10,Tonali,NEW,5.4,1,0,31,1,0,31.0,0.0,0,0,0,0,0,0,0,1,0,0,0,0,0,0,0,0,0.0,0.0
10,Torres,AVL,4.3,1,1,90,0,0,90.0,90.0,0,0,0,4,0,0,0,0,0,1,0,0,0,0,0,0,0.0,0.0
10,Traoré (Adama),FUL,5.2,1,0,32,1,0,32.0,0.0,0,1,0,0,0,0,0,0,0,0,1,1,0,0,0,4,8.0,0.0
10,Amad Diallo,MUN,6.3,1,0,25,1,0,25.0,0.0,0,0,0,1,0,0,0,1,0,0,0,0,0,0,0,0,0.0,0.0
10,Travers,BOU,4.4,1,1,90,0,0,90.0,90.0,0,0,0,1,0,0,3,0,0,1,0,0,0,0,0,3,30.0,3.0
10,Trossard,ARS,6.9,1,1,71,0,1,71.0,71.0,0,0,0,1,0,0,0,0,0,1,0,0,0,0,0,2,35.5,2.0
10,Tsimikas,LIV,4.8,1,1,90,0,0,90.0,90.0,0,0,0,1,0,0,0,0,0,1,0,0,0,1,0,3,30.0,3.0
10,Destiny Udogie,TOT,4.4,1,1,74,0,1,74.0,74.0,0,0,0,1,0,0,0,0,0,1,0,0,0,0,0,2,37.0,2.0
10,Ugarte,MUN,4.8,1,1,83,0,1,83.0,83.0,0,0,0,1,0,0,0,1,0,1,0,0,0,0,0,1,83.0,1.0
10,Ugochukwu,SOU,5.0,1,0,5,1,0,5.0,0.0,0,0,0,0,0,0,0,0,0,0,0,0,0,0,0,1,5.0,0.0
10,Unal,BOU,5.4,1,0,19,1,0,19.0,0.0,0,0,0,1,0,0,0,0,0,0,0,0,0,0,0,1,19.0,0.0
10,van den Berg,BRE,4.5,1,1,90,0,0,90.0,90.0,0,0,0,2,0,0,0,0,0,1,0,0,0,0,0,1,90.0,1.0
10,van Dijk,LIV,6.0,1,1,90,0,0,90.0,90.0,0,1,0,1,0,0,0,0,0,0,1,1,0,0,0,5,18.0,5.0
10,van Hecke,BHA,4.4,1,1,90,0,0,90.0,90.0,0,0,0,2,0,0,0,0,0,1,0,0,0,0,0,1,90.0,1.0
10,Vardy,LEI,5.4,1,1,90,0,0,90.0,90.0,0,1,0,1,0,0,0,0,0,0,1,1,0,0,0,5,18.0,5.0
10,Bernardo Silva,MCI,6.3,1,1,90,0,0,90.0,90.0,0,0,0,2,0,0,0,0,0,1,0,0,0,0,0,2,45.0,2.0
10,Veltman,BHA,4.4,1,1,74,0,1,74.0,74.0,0,0,0,2,0,0,0,0,0,1,0,0,0,0,0,1,74.0,1.0
10,Verbruggen,BHA,4.4,1,1,90,0,0,90.0,90.0,0,0,0,2,0,0,6,1,0,1,0,0,0,0,0,3,30.0,3.0
10,Vestergaard,LEI,3.9,1,1,90,0,0,90.0,90.0,0,0,0,1,0,0,0,0,0,1,0,0,0,0,0,2,45.0,2.0
10,Vicario,TOT,5.1,1,1,90,0,0,90.0,90.0,0,0,0,1,0,0,1,0,0,1,0,0,0,0,0,2,45.0,2.0
10,Walker,MCI,4.4,1,1,90,0,0,90.0,90.0,0,0,0,2,0,0,0,1,0,1,0,0,0,0,0,0,0.0,0.0
10,Walker-Peters,SOU,4.4,1,1,90,0,0,90.0,90.0,0,0,1,0,0,0,0,0,0,0,0,1,0,3,0,9,10.0,9.0
10,Wan-Bissaka,WHU,4.3,1,1,90,0,0,90.0,90.0,0,0,0,3,0,0,0,0,0,1,0,0,0,0,0,1,90.0,1.0
10,Watkins,AVL,8.5,1,1,90,0,0,90.0,90.0,0,0,0,4,0,0,0,0,0,1,0,0,0,0,0,2,45.0,2.0
10,Welbeck,BHA,6.4,1,1,90,0,0,90.0,90.0,0,1,0,2,0,0,0,0,0,0,1,1,0,0,0,5,18.0,5.0
10,White (Ben),ARS,5.4,1,0,25,1,0,25.0,0.0,0,0,0,0,0,0,0,0,0,0,0,0,0,0,0,1,25.0,0.0
10,Wieffer,BHA,4.9,1,0,20,1,0,20.0,0.0,0,0,0,0,0,0,0,0,0,0,0,0,0,0,0,1,20.0,0.0
10,Willock,NEW,5.0,1,1,64,0,1,64.0,64.0,0,0,1,0,0,0,0,1,0,1,0,0,0,0,0,2,32.0,2.0
10,Wilson (Harry),FUL,5.3,1,0,18,1,0,18.0,0.0,2,0,0,0,0,0,0,1,0,0,2,2,0,3,1,13,1.4,0.0
10,Winks,LEI,4.3,1,1,90,0,0,90.0,90.0,0,0,0,1,0,0,0,0,0,1,0,0,0,0,0,2,45.0,2.0
10,Wissa,BRE,7.4,1,1,71,0,1,71.0,71.0,0,0,1,0,0,0,0,0,0,1,0,0,0,0,0,2,35.5,2.0
10,Wood (Chris),NFO,7.2,1,1,79,0,1,79.0,79.0,1,0,1,0,0,0,0,0,0,0,1,1,0,1,0,7,11.3,7.0
10,Yarmolyuk,BRE,5.0,1,0,6,1,0,6.0,0.0,0,0,0,1,0,0,0,0,0,0,0,0,0,0,0,1,6.0,0.0
10,Yates,NFO,4.8,1,1,90,0,0,90.0,90.0,0,0,1,0,0,0,0,0,0,1,0,0,0,0,0,3,30.0,3.0
10,Young (Ashley),EVE,4.2,1,1,90,0,0,90.0,90.0,0,0,0,1,0,0,0,0,0,1,0,0,0,0,0,2,45.0,2.0
10,Zabarnyi,BOU,5.0,1,1,90,0,0,90.0,90.0,0,0,0,1,0,0,0,0,0,1,0,0,0,0,0,2,45.0,2.0
10,Zinchenko,ARS,4.9,1,0,35,1,0,35.0,0.0,0,0,0,0,0,0,0,0,0,0,0,0,0,0,0,1,35.0,0.0
10,Zirkzee,MUN,5.8,1,0,14,1,0,14.0,0.0,0,0,0,0,0,0,0,0,0,0,0,0,0,0,0,1,14.0,0.0
11,Adams (Tyler),BOU,5.0,1,1,67,0,1,67.0,67.0,0,0,0,3,0,0,0,0,0,1,0,0,0,0,0,2,33.5,2.0
11,Adingra,BHA,5.1,1,1,63,0,1,63.0,63.0,0,0,0,1,0,0,0,0,0,1,0,0,0,0,0,2,31.5,2.0
11,Agbinone,CRY,4.4,1,0,9,1,0,9.0,0.0,0,0,0,0,0,0,0,0,0,0,0,0,0,0,0,1,9.0,0.0
11,Aina,NFO,4.7,1,1,90,0,0,90.0,90.0,0,0,0,3,0,0,0,0,0,1,0,0,0,0,0,1,90.0,1.0
11,Ait Nouri,WOL,5.8,1,1,90,0,1,90.0,90.0,0,0,1,0,0,0,0,0,0,0,0,1,0,0,0,6,15.0,6.0
11,Alexander-Arnold,LIV,7.2,1,1,23,0,1,23.0,23.0,0,0,0,0,0,0,0,0,0,1,0,0,0,0,0,1,23.0,1.0
11,Andersen,FUL,4.5,1,1,90,0,0,90.0,90.0,0,0,1,0,0,0,0,0,0,0,0,1,0,1,0,7,12.9,7.0
11,Anderson,NFO,5.3,1,0,38,1,0,38.0,0.0,0,0,0,2,0,0,0,0,0,0,0,0,0,0,0,1,38.0,0.0
11,Antonio,WHU,5.2,1,1,66,0,1,66.0,66.0,0,0,1,0,0,0,0,0,0,1,0,0,0,0,0,2,33.0,2.0
11,Joelinton,NEW,5.9,1,1,90,0,0,90.0,90.0,1,0,0,1,0,0,0,0,0,0,1,1,0,3,1,10,9.0,10.0
11,Araujo,BOU,3.9,1,0,14,1,0,14.0,0.0,0,0,0,0,0,0,0,0,0,0,0,0,0,0,0,1,14.0,0.0
11,Archer,SOU,4.8,1,1,70,0,1,70.0,70.0,0,0,0,2,0,0,0,0,0,1,0,0,0,0,0,2,35.0,2.0
11,Aribo,SOU,4.9,1,1,70,0,1,70.0,70.0,0,0,0,2,0,0,0,0,0,1,0,0,0,0,0,2,35.0,2.0
11,Armstrong (Adam),SOU,5.1,1,1,90,0,0,90.0,90.0,0,0,0,2,0,0,0,0,0,1,0,0,0,0,0,2,45.0,2.0
11,Kepa,BOU,4.2,1,1,90,0,0,90.0,90.0,0,0,0,3,0,0,3,0,0,1,0,0,0,0,0,2,45.0,2.0
11,Awoniyi,NFO,5.2,1,0,10,1,0,10.0,0.0,0,0,0,0,0,0,0,0,0,0,0,0,0,0,0,1,10.0,0.0
11,Ayari,BHA,4.9,1,1,45,0,1,45.0,45.0,0,0,0,1,0,0,0,1,0,1,0,0,0,0,0,0,0.0,0.0
11,Ayew,LEI,5.1,1,1,83,0,1,83.0,83.0,0,0,0,3,0,0,0,0,0,1,0,0,0,0,0,2,41.5,2.0
11,Bailey,AVL,5.5,1,1,65,0,1,65.0,65.0,0,0,0,1,0,0,0,0,0,1,0,0,0,0,0,2,32.5,2.0
11,Baleba,BHA,4.7,1,0,45,1,0,45.0,0.0,0,0,0,0,0,0,0,0,0,0,0,0,0,0,0,1,45.0,0.0
11,Barnes,NEW,6.4,1,0,18,1,0,18.0,0.0,1,0,0,0,0,0,0,0,0,0,1,1,0,1,0,7,2.6,0.0
11,Bassey,FUL,4.5,1,1,90,0,0,90.0,90.0,0,0,1,0,0,0,0,0,0,0,0,1,0,0,0,6,15.0,6.0
11,Bednarek,SOU,4.0,1,1,90,0,0,90.0,90.0,0,0,0,2,0,0,0,0,0,1,0,0,0,0,0,1,90.0,1.0
11,Bellegarde,WOL,5.2,1,0,45,1,0,45.0,0.0,0,0,0,0,0,0,0,1,0,0,0,0,0,0,0,0,0.0,0.0
11,Bentancur,TOT,5.3,1,1,79,0,1,79.0,79.0,1,0,0,2,0,0,0,1,0,0,1,1,0,1,0,7,11.3,7.0
11,Berge,FUL,4.9,1,1,90,0,0,90.0,90.0,0,0,1,0,0,0,0,0,0,1,0,0,0,0,0,3,30.0,3.0
11,Bissouma,TOT,5.2,1,0,15,1,0,15.0,0.0,0,0,0,0,0,0,0,0,0,0,0,0,0,0,0,1,15.0,0.0
11,Bruno Fernandes,MUN,8.9,1,1,90,0,0,90.0,90.0,1,2,1,0,0,0,0,0,0,0,3,3,0,3,1,17,5.3,17.0
11,Bowen,WHU,7.8,1,1,90,0,0,90.0,90.0,0,0,1,0,0,0,0,0,0,1,0,0,0,0,0,3,30.0,3.0
11,Bradley,LIV,5.0,1,0,67,1,0,67.0,0.0,0,0,1,0,0,0,0,0,0,0,0,1,0,0,0,6,11.2,0.0
11,Branthwaite,EVE,5.3,1,1,90,0,0,90.0,90.0,0,0,1,0,0,0,0,0,0,0,0,1,0,0,0,6,15.0,6.0
11,Brereton,SOU,4.8,1,0,23,1,0,23.0,0.0,0,0,0,0,0,0,0,0,0,0,0,0,0,0,0,1,23.0,0.0
11,Brooks,BOU,5.0,1,0,23,1,0,23.0,0.0,0,0,0,0,0,0,0,0,0,0,0,0,0,0,0,1,23.0,0.0
11,Bueno (Santiago),WOL,4.4,1,1,90,0,0,90.0,90.0,0,0,1,0,0,0,0,0,0,0,0,1,0,0,0,6,15.0,6.0
11,Buonanotte,LEI,4.8,1,1,90,0,0,90.0,90.0,0,0,0,3,0,0,0,1,0,1,0,0,0,0,0,1,90.0,1.0
11,Burgess,IPS,3.8,1,1,90,0,0,90.0,90.0,0,0,0,1,0,0,0,0,0,1,0,0,0,0,0,2,45.0,2.0
11,Burn,NEW,5.1,1,1,90,0,0,90.0,90.0,0,0,0,1,0,0,0,1,0,1,0,0,0,0,0,1,90.0,1.0
11,Moises Caicedo,CHE,5.9,1,1,90,0,0,90.0,90.0,0,0,0,1,0,0,0,0,0,1,0,0,0,0,0,2,45.0,2.0
11,Cairney,FUL,4.9,1,0,14,1,0,14.0,0.0,0,0,0,0,0,0,0,0,0,0,0,0,0,0,0,1,14.0,0.0
11,Cajuste,IPS,4.5,1,1,87,0,1,87.0,87.0,0,0,0,1,0,0,0,0,0,1,0,0,0,0,0,2,43.5,2.0
11,Calvert-Lewin,EVE,5.5,1,1,73,0,1,73.0,73.0,0,0,1,0,0,0,0,0,0,1,0,0,0,0,0,2,36.5,2.0
11,Carvalho,BRE,4.9,1,0,6,1,0,6.0,0.0,0,0,0,0,0,0,0,1,0,0,0,0,0,0,0,0,0.0,0.0
11,Chalobah,CHE,5.1,1,1,90,0,0,90.0,90.0,0,0,0,2,0,0,0,0,0,1,0,0,0,0,0,1,90.0,1.0
11,Christie,BOU,5.0,1,1,73,0,1,73.0,73.0,0,0,0,3,0,0,0,1,0,1,0,0,0,0,0,1,73.0,1.0
11,Clarke (Jack),IPS,5.4,1,0,27,1,0,27.0,0.0,0,0,0,0,0,0,0,0,0,0,0,0,0,0,0,1,27.0,0.0
11,Clyne,CRY,3.9,1,1,59,0,1,59.0,59.0,0,0,0,1,0,0,0,0,0,1,0,0,0,0,0,2,29.5,2.0
11,Collins,BRE,4.9,1,1,90,0,0,90.0,90.0,0,0,0,2,0,0,0,0,0,1,0,0,0,0,0,1,90.0,1.0
11,Colwill,CHE,4.8,1,1,90,0,0,90.0,90.0,0,0,0,1,0,0,0,1,0,1,0,0,0,0,0,1,90.0,1.0
11,Cook,BOU,4.9,1,1,90,0,0,90.0,90.0,0,1,0,3,0,0,0,0,0,0,1,1,0,0,0,5,18.0,5.0
11,Coufal,WHU,4.1,1,0,28,1,0,28.0,0.0,0,0,0,0,0,0,0,1,0,0,0,0,0,0,0,0,0.0,0.0
11,Cucurella,CHE,6.1,1,1,90,0,0,90.0,90.0,0,0,0,1,0,0,0,1,0,1,0,0,0,0,0,1,90.0,1.0
11,Dalot,MUN,4.4,1,1,57,0,1,57.0,57.0,0,0,0,0,0,0,0,0,0,1,0,0,0,0,0,1,57.0,1.0
11,Damsgaard,BRE,5.8,1,1,90,0,1,90.0,90.0,1,0,0,2,0,0,0,0,0,0,1,1,0,1,0,8,11.3,8.0
11,Davis,IPS,4.2,1,1,90,0,0,90.0,90.0,0,0,0,1,0,0,0,1,0,1,0,0,0,0,0,1,90.0,1.0
11,Dawson,WOL,4.2,1,1,90,0,0,90.0,90.0,0,0,1,0,0,0,0,0,0,0,0,1,0,1,0,7,12.9,7.0
11,De Bruyne,MCI,9.5,1,0,27,1,0,27.0,0.0,0,0,0,2,0,0,0,0,0,0,0,0,0,0,0,1,27.0,0.0
11,Jesus,ARS,6.4,1,0,15,1,0,15.0,0.0,0,0,0,0,0,0,0,0,0,0,0,0,0,0,0,1,15.0,0.0
11,de Ligt,MUN,5.0,1,1,90,0,0,90.0,90.0,0,0,1,0,0,0,0,0,0,0,0,1,0,0,0,6,15.0,6.0
11,Evanilson,BOU,7.0,1,1,90,0,0,90.0,90.0,1,0,0,3,0,0,0,0,0,0,1,1,0,2,0,8,11.3,8.0
11,Delap,IPS,6.2,1,1,68,0,1,68.0,68.0,1,1,0,1,0,0,0,1,0,0,2,2,0,3,1,11,6.2,11.0
11,Devenny,CRY,4.4,1,1,71,0,1,71.0,71.0,0,0,0,1,0,0,0,0,0,1,0,0,0,0,0,2,35.5,2.0
11,Díaz,LIV,8.0,1,1,90,0,0,90.0,90.0,0,0,1,0,0,0,0,0,0,1,0,0,0,0,0,3,30.0,3.0
11,Dibling,SOU,5.4,1,0,45,1,0,45.0,0.0,0,0,0,1,0,0,0,0,0,0,0,0,0,0,0,1,45.0,0.0
11,Digne,AVL,4.5,1,1,74,0,1,74.0,74.0,0,0,0,1,0,0,0,0,0,1,0,0,0,0,0,2,37.0,2.0
11,Doherty,WOL,4.4,1,0,1,1,0,1.0,0.0,0,0,0,0,0,0,0,0,0,0,0,0,0,0,0,1,1.0,0.0
11,Nicolás Domínguez,NFO,5.0,1,1,72,0,1,72.0,72.0,0,0,0,2,0,0,0,0,0,1,0,0,0,0,0,2,36.0,2.0
11,Igor Julio,BHA,4.5,1,1,90,0,0,90.0,90.0,0,0,0,1,0,0,0,1,0,1,0,0,0,0,0,1,90.0,1.0
11,Gabriel Magalhães,ARS,6.5,1,1,90,0,0,90.0,90.0,0,0,0,1,0,0,0,0,0,1,0,0,0,0,0,2,45.0,2.0
11,Doucouré,EVE,5.1,1,1,85,0,1,85.0,85.0,0,0,1,0,0,0,0,0,0,1,0,0,0,0,0,3,28.3,3.0
11,Doucoure,CRY,4.9,1,0,35,1,0,35.0,0.0,0,0,0,1,0,0,0,0,0,0,0,0,0,0,0,1,35.0,0.0
11,Dragusin,TOT,4.5,1,1,90,0,0,90.0,90.0,0,0,0,2,0,0,0,0,0,1,0,0,0,0,0,1,90.0,1.0
11,Durán,AVL,5.7,1,0,29,1,0,29.0,0.0,0,0,0,1,0,0,0,0,0,0,0,0,0,0,0,1,29.0,0.0
11,Edouard,LEI,5.0,1,0,9,1,0,9.0,0.0,0,0,0,0,0,0,0,0,0,0,0,0,0,0,0,1,9.0,0.0
11,El Khannouss,LEI,4.8,1,0,24,1,0,24.0,0.0,0,0,0,1,0,0,0,0,0,0,0,0,0,0,0,1,24.0,0.0
11,Elanga,NFO,6.7,1,1,85,0,1,85.0,85.0,0,1,0,3,0,0,0,0,0,0,1,1,0,0,0,5,17.0,5.0
11,Endo,LIV,4.9,1,0,8,1,0,8.0,0.0,0,0,0,0,0,0,0,0,0,0,0,0,0,0,0,1,8.0,0.0
11,Eriksen,MUN,5.2,1,0,16,1,0,16.0,0.0,0,0,0,0,0,0,0,0,0,0,0,0,0,0,0,1,16.0,0.0
11,Mateus Fernandes,SOU,5.5,1,1,90,0,0,90.0,90.0,0,0,0,2,0,0,0,0,0,1,0,0,0,0,0,2,45.0,2.0
11,Estupiñán,BHA,4.5,1,1,90,0,0,90.0,90.0,0,0,0,1,0,0,0,0,0,1,0,0,0,0,0,2,45.0,2.0
11,Evans (Jonny),MUN,4.4,1,0,35,1,0,35.0,0.0,0,0,0,0,0,0,0,0,0,0,0,0,0,0,0,1,35.0,0.0
11,Fabianski,WHU,4.5,1,1,90,0,0,90.0,90.0,0,0,1,0,0,0,4,0,0,0,0,1,0,2,0,9,10.0,9.0
11,Faes,LEI,3.8,1,1,90,0,0,90.0,90.0,0,0,0,3,0,0,0,0,0,1,0,0,0,0,0,1,90.0,1.0
11,Fatawu,LEI,5.1,1,1,90,0,0,90.0,90.0,0,0,0,3,0,0,0,0,0,1,0,0,0,0,0,2,45.0,2.0
11,Fernández,CHE,6.7,1,0,27,1,0,27.0,0.0,0,1,0,0,0,0,0,0,0,0,1,1,0,0,0,4,6.8,0.0
11,Jota Silva,NFO,5.4,1,0,38,1,0,38.0,0.0,0,0,0,2,0,0,0,0,0,0,0,0,0,0,0,1,38.0,0.0
11,Flekken,BRE,4.5,1,1,90,0,0,90.0,90.0,0,0,0,2,0,0,1,0,0,1,0,0,0,0,0,1,90.0,1.0
11,Foden,MCI,8.0,1,1,90,0,0,90.0,90.0,0,0,0,2,0,0,0,0,0,1,0,0,0,0,0,2,45.0,2.0
11,Fofana (Wesley),CHE,4.4,1,1,90,0,0,90.0,90.0,0,0,0,1,0,0,0,0,0,1,0,0,0,0,0,2,45.0,2.0
11,Casemiro,MUN,5.5,1,1,76,0,1,76.0,76.0,0,0,1,0,0,0,0,0,0,1,0,0,0,0,0,3,25.3,3.0
11,Gakpo,LIV,7.6,1,0,28,1,0,28.0,0.0,0,0,0,0,0,0,0,0,0,0,0,0,0,0,0,1,28.0,0.0
11,Gonçalo Guedes,WOL,5.5,1,0,24,1,0,24.0,0.0,0,0,0,0,0,0,0,0,0,0,0,0,0,0,0,1,24.0,0.0
11,Garnacho,MUN,6.4,1,0,35,1,0,35.0,0.0,1,0,0,0,0,0,0,0,0,0,1,1,0,0,0,6,5.8,0.0
11,Gibbs-White,NFO,7.3,1,1,58,0,1,58.0,58.0,0,0,0,1,0,0,0,0,0,1,0,0,0,0,0,1,58.0,1.0
11,Rodrigo Gomes,WOL,4.5,1,0,7,1,0,7.0,0.0,0,0,0,0,0,0,0,0,0,0,0,0,0,0,0,1,7.0,0.0
11,Toti,WOL,4.3,1,1,90,0,0,90.0,90.0,0,0,1,0,0,0,0,0,0,0,0,1,0,2,0,8,11.3,8.0
11,Beto,EVE,5.2,1,0,20,1,0,20.0,0.0,0,0,0,0,0,0,0,0,0,0,0,0,0,0,0,1,20.0,0.0
11,João Gomes,WOL,5.4,1,1,90,0,0,90.0,90.0,0,0,1,0,0,0,0,0,0,1,0,0,0,0,0,3,30.0,3.0
11,Gordon (Anthony),NEW,7.5,1,1,78,0,1,78.0,78.0,0,0,0,1,0,0,0,0,0,1,0,0,0,0,0,2,39.0,2.0
11,Gravenberch,LIV,5.6,1,1,90,0,0,90.0,90.0,0,0,1,0,0,0,0,0,0,1,0,0,0,0,0,3,30.0,3.0
11,Gruda,BHA,5.4,1,0,31,1,0,31.0,0.0,0,0,0,0,0,0,0,0,0,0,0,0,0,0,0,1,31.0,0.0
11,Marc Guehi,CRY,4.9,1,1,90,0,0,90.0,90.0,0,0,0,2,0,0,0,0,0,1,0,0,0,0,0,1,90.0,1.0
11,Gueye,EVE,5.4,1,1,90,0,0,90.0,90.0,0,0,1,0,0,0,0,1,0,1,0,0,0,0,0,2,45.0,2.0
11,Bruno Guimarães,NEW,6.5,1,1,90,0,0,90.0,90.0,0,0,0,1,0,0,0,0,0,1,0,0,0,0,0,2,45.0,2.0
11,Gundogan,MCI,6.3,1,1,67,0,1,67.0,67.0,0,0,1,0,0,0,0,0,0,1,0,0,0,0,0,3,22.3,3.0
11,Gusto,CHE,4.9,1,1,79,0,1,79.0,79.0,0,0,0,1,0,0,0,0,0,1,0,0,0,0,0,2,39.5,2.0
11,Gvardiol,MCI,5.9,1,1,90,0,0,90.0,90.0,0,0,0,2,0,0,0,0,0,1,0,0,0,0,0,1,90.0,1.0
11,Haaland,MCI,14.8,1,1,90,0,0,90.0,90.0,1,0,0,2,0,0,0,1,0,0,1,1,0,0,0,5,18.0,5.0
11,Lewis Hall,NEW,5.2,1,1,90,0,0,90.0,90.0,0,0,0,1,0,0,0,0,0,1,0,0,0,0,0,2,45.0,2.0
11,Harrison (Jack),EVE,5.2,1,0,8,1,0,8.0,0.0,0,0,0,0,0,0,0,0,0,0,0,0,0,0,0,1,8.0,0.0
11,Harwood-Bellis,SOU,3.9,1,1,90,0,0,90.0,90.0,0,0,0,2,0,0,0,1,0,1,0,0,0,0,0,0,0.0,0.0
11,Havertz,ARS,7.3,1,1,90,0,0,90.0,90.0,0,0,0,1,0,0,0,1,0,1,0,0,0,0,0,1,90.0,1.0
11,Henderson,CRY,5.0,1,1,90,0,0,90.0,90.0,0,0,0,2,0,0,5,0,0,1,0,0,0,0,0,2,45.0,2.0
11,Hermansen,LEI,4.4,1,1,90,0,0,90.0,90.0,0,0,0,3,0,0,1,0,0,1,0,0,0,0,0,1,90.0,1.0
11,Hinshelwood,BHA,5.1,1,1,55,0,1,55.0,55.0,0,0,0,1,0,0,0,0,0,1,0,0,0,0,0,1,55.0,1.0
11,Hirst,IPS,5.4,1,0,27,1,0,27.0,0.0,0,0,0,0,0,0,0,0,0,0,0,0,0,0,0,1,27.0,0.0
11,Hudson-Odoi,NFO,5.8,1,1,58,0,1,58.0,58.0,0,0,0,1,0,0,0,0,0,1,0,0,0,0,0,1,58.0,1.0
11,Huijsen,BOU,4.5,1,0,29,1,0,29.0,0.0,0,0,0,0,0,0,0,0,0,0,0,0,0,0,0,1,29.0,0.0
11,Hutchinson,IPS,5.4,1,1,90,0,0,90.0,90.0,0,0,0,1,0,0,0,1,0,1,0,0,0,0,0,1,90.0,1.0
11,Højlund,MUN,6.3,1,1,73,0,1,73.0,73.0,0,0,1,0,0,0,0,0,0,1,0,0,0,0,0,2,36.5,2.0
11,Ings,WHU,4.8,1,0,27,1,0,27.0,0.0,0,0,0,0,0,0,0,0,0,0,0,0,0,0,0,1,27.0,0.0
11,Isak,NEW,10.4,1,1,90,0,1,90.0,90.0,1,1,0,1,0,0,0,0,0,0,2,2,0,2,1,11,8.2,11.0
11,Iwobi,FUL,6.5,1,1,87,0,1,87.0,87.0,0,1,1,0,0,0,0,1,0,0,1,1,0,0,0,5,17.4,5.0
11,Jackson (Nicolas),CHE,6.5,1,1,85,0,1,85.0,85.0,0,0,0,1,0,0,0,0,0,1,0,0,0,0,0,2,42.5,2.0
11,James,CHE,5.5,1,0,14,1,0,14.0,0.0,0,0,0,0,0,0,0,0,0,0,0,0,0,0,0,1,14.0,0.0
11,Janelt,BRE,4.9,1,1,90,0,0,90.0,90.0,0,1,0,2,0,0,0,0,0,0,1,1,0,0,0,5,18.0,5.0
11,Jensen,BRE,4.9,1,1,76,0,1,76.0,76.0,0,0,0,2,0,0,0,0,0,1,0,0,0,0,0,2,38.0,2.0
11,Raúl Jiménez,FUL,6.2,1,1,72,0,1,72.0,72.0,0,1,1,0,0,0,0,0,0,0,1,1,0,0,0,5,14.4,5.0
11,Johnson (Ben),IPS,3.8,1,1,90,0,0,90.0,90.0,0,0,0,1,0,0,0,1,0,1,0,0,0,0,0,1,90.0,1.0
11,Johnson (Brennan),TOT,6.7,1,1,79,0,1,79.0,79.0,0,0,0,2,0,0,0,0,0,1,0,0,0,0,0,2,39.5,2.0
11,Jones,LIV,5.4,1,1,65,0,1,65.0,65.0,0,0,1,0,0,0,0,0,0,1,0,0,0,0,0,3,21.7,3.0
11,João Pedro,BHA,7.4,1,0,32,1,0,32.0,0.0,1,1,0,0,0,0,0,0,0,0,2,2,0,3,1,11,2.9,0.0
11,Justin,LEI,4.0,1,1,80,0,1,80.0,80.0,0,0,0,3,0,0,0,0,0,1,0,0,0,0,0,1,80.0,1.0
11,Kamada,CRY,5.0,1,1,73,0,0,73.0,73.0,0,0,0,1,0,0,0,0,1,1,0,0,0,0,0,0,0.0,0.0
11,Kamara,AVL,4.9,1,0,20,1,0,20.0,0.0,0,0,0,1,0,0,0,1,0,0,0,0,0,0,0,0,0.0,0.0
11,Kelleher,LIV,4.5,1,1,90,0,0,90.0,90.0,0,0,1,0,0,0,2,0,0,0,0,1,0,0,0,6,15.0,6.0
11,Kerkez,BOU,5.8,1,1,90,0,0,90.0,90.0,0,0,0,3,0,0,0,0,0,1,0,0,0,0,0,1,90.0,1.0
11,Kilman,WHU,4.3,1,1,90,0,0,90.0,90.0,0,0,1,0,0,0,0,0,0,0,0,1,0,0,0,6,15.0,6.0
11,Kluivert,BOU,7.0,1,1,73,0,1,73.0,73.0,1,0,0,3,0,0,0,0,0,0,1,1,0,0,0,7,10.4,7.0
11,Konak,BRE,4.4,1,0,6,1,0,6.0,0.0,0,0,0,0,0,0,0,0,0,0,0,0,0,0,0,1,6.0,0.0
11,Konaté,LIV,5.4,1,1,90,0,0,90.0,90.0,0,0,1,0,0,0,0,0,0,0,0,1,0,0,0,6,15.0,6.0
11,Konsa Ngoyo,AVL,4.4,1,1,90,0,0,90.0,90.0,0,0,0,2,0,0,0,0,0,1,0,0,0,0,0,1,90.0,1.0
11,Kovacic,MCI,5.9,1,1,90,0,0,90.0,90.0,0,0,0,2,0,0,0,0,0,1,0,0,0,1,0,3,30.0,3.0
11,Kporha,CRY,4.0,1,0,8,1,0,8.0,0.0,0,0,0,0,0,0,0,0,0,0,0,0,0,0,0,1,8.0,0.0
11,Kristiansen,LEI,4.4,1,1,90,0,0,90.0,90.0,0,0,0,3,1,0,0,0,0,1,0,0,0,0,0,0,0.0,0.0
11,Kulusevski,TOT,6.4,1,1,90,0,0,90.0,90.0,0,0,0,2,0,0,0,0,0,1,0,0,0,0,0,2,45.0,2.0
11,Lacroix,CRY,5.0,1,1,90,0,0,90.0,90.0,0,0,0,2,0,0,0,1,0,1,0,0,0,0,0,0,0.0,0.0
11,Lallana,SOU,5.0,1,1,60,0,1,60.0,60.0,0,0,0,2,0,0,0,0,0,1,0,0,0,0,0,1,60.0,1.0
11,Lavia,CHE,4.9,1,1,66,0,1,66.0,66.0,0,0,0,1,0,0,0,0,0,1,0,0,0,0,0,2,33.0,2.0
11,Lemina (Mario),WOL,4.8,1,1,90,0,0,90.0,90.0,0,1,1,0,0,0,0,0,0,0,1,1,0,0,0,6,15.0,6.0
11,Leno,FUL,5.0,1,1,90,0,0,90.0,90.0,0,0,1,0,0,0,4,0,0,0,0,1,0,2,0,9,10.0,9.0
11,Lewis (Rico),MCI,4.9,1,1,90,0,0,90.0,90.0,0,0,0,2,0,0,0,1,0,1,0,0,0,0,0,0,0.0,0.0
11,Lewis-Potter,BRE,4.9,1,1,90,0,0,90.0,90.0,0,0,0,2,0,0,0,0,0,1,0,0,0,0,0,2,45.0,2.0
11,Lindstrom,EVE,5.0,1,1,90,0,0,90.0,90.0,0,0,1,0,0,0,0,0,0,1,0,0,0,0,0,3,30.0,3.0
11,Luis Guilherme,WHU,4.9,1,0,12,1,0,12.0,0.0,0,0,0,0,0,0,0,0,0,0,0,0,0,0,0,1,12.0,0.0
11,Livramento,NEW,4.9,1,1,90,0,0,90.0,90.0,0,0,0,1,0,0,0,0,0,1,0,0,0,0,0,2,45.0,2.0
11,Longstaff (Sean),NEW,4.9,1,1,90,0,0,90.0,90.0,0,1,0,1,0,0,0,0,0,0,1,1,0,0,0,5,18.0,5.0
11,Luongo,IPS,4.3,1,0,7,1,0,7.0,0.0,0,0,0,0,0,0,0,0,0,0,0,0,0,0,0,1,7.0,0.0
11,Maatsen,AVL,4.3,1,0,20,1,0,20.0,0.0,0,0,0,1,0,0,0,0,0,0,0,0,0,0,0,1,20.0,0.0
11,Mac Allister,LIV,6.3,1,1,85,0,1,85.0,85.0,0,0,1,0,0,0,0,0,0,1,0,0,0,0,0,3,28.3,3.0
11,Maddison,TOT,6.9,1,0,15,1,0,15.0,0.0,0,0,0,0,0,0,0,0,0,0,0,0,0,0,0,1,15.0,0.0
11,Madueke,CHE,6.8,1,1,66,0,1,66.0,66.0,0,0,0,1,0,0,0,1,0,1,0,0,0,0,0,1,66.0,1.0
11,José Sá,WOL,4.4,1,1,90,0,0,90.0,90.0,0,0,1,0,0,0,0,0,0,0,0,1,0,0,0,6,15.0,6.0
11,Mangala,EVE,5.0,1,1,90,0,0,90.0,90.0,0,0,1,0,0,0,0,0,0,1,0,0,0,0,0,3,30.0,3.0
11,Manning,SOU,4.3,1,1,45,0,1,45.0,45.0,0,0,0,1,0,0,0,0,0,1,0,0,0,0,0,1,45.0,1.0
11,Martinelli,ARS,6.9,1,1,69,0,1,69.0,69.0,1,0,0,1,0,0,0,0,0,0,1,1,0,1,0,8,8.6,8.0
11,Martinez,AVL,5.0,1,1,90,0,0,90.0,90.0,0,0,0,2,0,0,3,0,0,1,0,0,0,0,0,2,45.0,2.0
11,Martínez,MUN,4.8,1,1,90,0,0,90.0,90.0,0,0,1,0,0,0,0,0,0,0,0,1,0,0,0,6,15.0,6.0
11,Mateta,CRY,7.7,1,1,90,0,0,90.0,90.0,0,0,0,2,0,0,0,0,0,1,0,0,0,0,0,2,45.0,2.0
11,Mazraoui,MUN,4.9,1,1,90,0,0,90.0,90.0,0,0,1,0,0,0,0,0,0,0,0,1,0,2,0,8,11.3,8.0
11,Mbeumo,BRE,8.2,1,1,90,0,1,90.0,90.0,0,1,0,2,0,0,0,0,0,0,1,1,0,0,0,5,18.0,5.0
11,McAteer,LEI,4.7,1,0,13,1,0,13.0,0.0,0,0,0,0,0,0,0,0,0,0,0,0,0,0,0,1,13.0,0.0
11,McGinn,AVL,5.4,1,0,47,1,0,47.0,0.0,0,0,0,1,0,0,0,0,0,0,0,0,0,0,0,1,47.0,0.0
11,Merino,ARS,5.9,1,0,23,1,0,23.0,0.0,0,0,0,0,0,0,0,0,0,0,0,0,0,0,0,1,23.0,0.0
11,Milenkovic,NFO,5.2,1,1,90,0,0,90.0,90.0,0,0,0,3,0,0,0,0,0,1,0,0,0,0,0,1,90.0,1.0
11,Mitchell,CRY,5.0,1,1,90,0,0,90.0,90.0,0,0,0,2,0,0,0,0,0,1,0,0,0,0,0,1,90.0,1.0
11,Mitoma,BHA,6.2,1,1,84,0,1,84.0,84.0,0,0,0,1,0,0,0,0,0,1,0,0,0,0,0,2,42.0,2.0
11,Moder,BHA,4.4,1,0,11,1,0,11.0,0.0,0,0,0,0,0,0,0,0,0,0,0,0,0,0,0,1,11.0,0.0
11,Savinho,MCI,6.9,1,1,68,0,1,68.0,68.0,0,0,1,0,0,0,0,0,0,1,0,0,0,0,0,3,22.7,3.0
11,Álex Moreno,NFO,4.0,1,1,85,0,1,85.0,85.0,0,0,0,3,0,0,0,0,0,1,0,0,0,0,0,1,85.0,1.0
11,Morsy,IPS,4.8,1,1,90,0,0,90.0,90.0,0,0,0,1,0,0,0,0,0,1,0,0,0,0,0,2,45.0,2.0
11,Mudryk,CHE,5.0,1,0,27,1,0,27.0,0.0,0,0,0,0,0,0,0,0,0,0,0,0,0,0,0,1,27.0,0.0
11,Rodrigo Muniz,FUL,5.4,1,0,22,1,0,22.0,0.0,0,0,0,0,0,0,0,0,0,0,0,0,0,0,0,1,22.0,0.0
11,Muñoz,CRY,5.7,1,1,86,0,1,86.0,86.0,0,0,0,2,0,0,0,0,0,1,0,0,0,0,0,1,86.0,1.0
11,Muric,IPS,4.4,1,1,90,0,0,90.0,90.0,0,0,0,1,0,0,5,0,0,1,0,0,0,0,0,3,30.0,3.0
11,Mvom Onana,AVL,4.8,1,1,74,0,1,74.0,74.0,0,0,0,1,0,0,0,0,0,1,0,0,0,0,0,2,37.0,2.0
11,Mykolenko,EVE,4.9,1,1,90,0,0,90.0,90.0,0,0,1,0,0,0,0,0,0,0,0,1,0,0,0,6,15.0,6.0
11,Ndiaye,EVE,6.5,1,1,90,0,0,90.0,90.0,0,0,1,0,0,0,0,0,0,1,0,0,0,0,0,2,45.0,2.0
11,Ndidi,LEI,4.9,1,1,68,0,1,68.0,68.0,0,0,0,2,0,0,0,0,0,1,0,0,0,0,0,2,34.0,2.0
11,Nelson (Reiss),FUL,4.8,1,1,79,0,1,79.0,79.0,0,0,1,0,0,0,0,0,0,1,0,0,0,0,0,3,26.3,3.0
11,Neto,CHE,7.0,1,1,90,0,0,90.0,90.0,1,0,0,1,0,0,0,1,0,0,1,1,0,3,0,9,10.0,9.0
11,Nkunku,CHE,5.9,1,0,8,1,0,8.0,0.0,0,0,0,0,0,0,0,0,0,0,0,0,0,0,0,1,8.0,0.0
11,Norgaard,BRE,5.2,1,1,80,0,1,80.0,80.0,0,0,0,2,0,0,0,0,0,1,0,0,0,0,0,2,40.0,2.0
11,Matheus Nunes,MCI,5.3,1,1,90,0,0,90.0,90.0,0,0,0,2,0,0,0,0,0,1,0,0,0,0,0,2,45.0,2.0
11,Núñez,LIV,6.5,1,1,65,0,1,65.0,65.0,1,0,1,0,0,0,0,0,0,0,1,1,0,1,0,7,9.3,7.0
11,O'Shea,IPS,3.8,1,1,90,0,0,90.0,90.0,0,0,0,1,0,0,0,0,0,1,0,0,0,0,0,2,45.0,2.0
11,Odegaard,ARS,7.9,1,1,90,0,0,90.0,90.0,0,1,0,1,0,0,0,0,0,0,1,1,0,2,0,7,12.9,7.0
11,Onana,MUN,4.9,1,1,90,0,0,90.0,90.0,0,0,1,0,0,0,5,0,0,0,0,1,0,2,0,9,10.0,9.0
11,Paul Onuachu,SOU,4.9,1,0,23,1,0,23.0,0.0,0,0,0,0,0,0,0,0,0,0,0,0,0,0,0,1,23.0,0.0
11,Osula,NEW,5.5,1,0,0,1,0,0.0,0.0,0,0,0,0,0,0,0,0,0,0,0,0,0,0,0,1,0.0,0.0
11,O’Riley,BHA,5.5,1,0,40,1,0,40.0,0.0,1,0,0,0,0,0,0,0,0,0,1,1,0,2,0,8,5.0,0.0
11,Palmer (Cole),CHE,10.3,1,1,90,0,0,90.0,90.0,0,0,0,1,0,0,0,0,0,1,0,0,0,0,0,2,45.0,2.0
11,Emerson,WHU,4.4,1,1,90,0,0,90.0,90.0,0,0,1,0,0,0,0,0,0,0,0,1,0,0,0,6,15.0,6.0
11,Partey,ARS,4.9,1,1,90,0,0,90.0,90.0,0,0,0,1,0,0,0,0,0,1,0,0,0,0,0,2,45.0,2.0
11,Pereira,FUL,5.3,1,1,80,0,1,80.0,80.0,0,0,1,0,0,0,0,0,0,1,0,0,0,0,0,3,26.7,3.0
11,Philogene-Bidace,IPS,5.3,1,0,29,1,0,29.0,0.0,0,0,0,1,0,0,0,0,0,0,0,0,0,0,0,1,29.0,0.0
11,Pickford,EVE,5.5,1,1,90,0,0,90.0,90.0,0,0,1,0,0,0,6,0,0,0,0,1,0,3,1,11,8.2,11.0
11,Pinnock,BRE,4.3,1,1,90,0,0,90.0,90.0,0,0,0,2,0,0,0,0,0,1,0,0,0,0,0,1,90.0,1.0
11,Pope,NEW,5.2,1,1,90,0,0,90.0,90.0,0,0,0,1,0,0,2,0,0,1,0,0,0,0,0,2,45.0,2.0
11,Porro,TOT,5.5,1,1,90,0,0,90.0,90.0,0,1,0,2,0,0,0,0,0,0,1,1,0,0,0,4,22.5,4.0
11,Ramsdale,SOU,4.8,1,1,90,0,0,90.0,90.0,0,0,0,2,0,0,2,1,0,1,0,0,0,0,0,0,0.0,0.0
11,Ramsey (Jacob),AVL,5.3,1,1,43,0,1,43.0,43.0,0,0,0,1,0,0,0,0,0,1,0,0,0,0,0,1,43.0,1.0
11,Rashford,AVL,7.0,1,1,57,0,1,57.0,57.0,0,0,0,0,0,0,0,0,0,1,0,0,0,0,0,1,57.0,1.0
11,Raya Martin,ARS,5.8,1,1,90,0,0,90.0,90.0,0,0,0,1,0,0,2,0,0,1,0,0,0,0,0,2,45.0,2.0
11,Reed,FUL,4.4,1,0,8,1,0,8.0,0.0,0,0,0,0,0,0,0,0,0,0,0,0,0,0,0,1,8.0,0.0
11,Rice,ARS,6.7,1,1,69,0,1,69.0,69.0,0,0,0,1,0,0,0,0,0,1,0,0,0,0,0,2,34.5,2.0
11,Robertson,LIV,5.8,1,1,90,0,0,90.0,90.0,0,0,1,0,0,0,0,0,0,0,0,1,0,2,0,8,11.3,8.0
11,Robinson (Antonee),FUL,4.9,1,1,90,0,0,90.0,90.0,0,0,1,0,0,0,0,0,0,0,0,1,0,0,0,6,15.0,6.0
11,Rodríguez,WHU,4.8,1,1,65,0,1,65.0,65.0,0,0,1,0,0,0,0,0,0,1,0,0,0,0,0,3,21.7,3.0
11,Rogers,AVL,6.8,1,1,90,0,0,90.0,90.0,0,0,0,2,0,0,0,1,0,1,0,0,0,0,0,1,90.0,1.0
11,Romero,TOT,5.0,1,1,90,0,0,90.0,90.0,0,0,0,2,0,0,0,0,0,1,0,0,0,0,0,1,90.0,1.0
11,Rutter,BHA,5.7,1,1,63,0,1,63.0,63.0,0,0,0,1,0,0,0,0,0,1,0,0,0,0,0,2,31.5,2.0
11,Saka,ARS,10.0,1,1,77,0,1,77.0,77.0,0,0,0,1,0,0,0,0,0,1,0,0,0,0,0,2,38.5,2.0
11,Salah,LIV,14.3,1,1,90,0,0,90.0,90.0,1,1,1,0,0,0,0,0,0,0,2,2,0,3,1,14,6.4,14.0
11,Saliba,ARS,6.0,1,1,90,0,0,90.0,90.0,0,0,0,1,0,0,0,0,0,1,0,0,0,0,0,2,45.0,2.0
11,Sanchez,CHE,4.9,1,1,90,0,0,90.0,90.0,0,0,0,1,0,0,2,0,0,1,0,0,0,0,0,2,45.0,2.0
11,Ederson,MCI,5.3,1,1,90,0,0,90.0,90.0,0,0,0,2,0,0,2,0,0,1,0,0,0,0,0,1,90.0,1.0
11,Murillo,NFO,5.3,1,1,90,0,0,90.0,90.0,1,0,0,3,0,0,0,0,0,0,1,1,0,0,0,7,12.9,7.0
11,Matheus Cunha,WOL,7.9,1,1,87,0,1,87.0,87.0,1,1,1,0,0,0,0,0,0,0,2,2,0,3,1,12,7.3,12.0
11,Diego Carlos,AVL,4.5,1,1,90,0,0,90.0,90.0,0,0,0,2,0,0,0,0,0,1,0,0,0,0,0,1,90.0,1.0
11,Sarabia,WOL,5.0,1,1,45,0,1,45.0,45.0,1,0,0,0,0,0,0,0,0,0,1,1,0,0,0,6,7.5,6.0
11,Ismaila Sarr,CRY,6.6,1,1,85,0,1,85.0,85.0,0,0,0,2,0,0,0,0,0,1,0,0,0,0,0,2,42.5,2.0
11,Sarr (Pape),TOT,4.9,1,1,63,0,1,63.0,63.0,0,0,0,2,0,0,0,0,0,1,0,0,0,0,0,2,31.5,2.0
11,Schade,BRE,7.0,1,0,16,1,0,16.0,0.0,0,0,0,0,0,0,0,1,0,0,0,0,0,0,0,0,0.0,0.0
11,Schär,NEW,5.4,1,1,90,0,0,90.0,90.0,0,0,0,1,0,0,0,0,0,1,0,0,0,0,0,2,45.0,2.0
11,Schlupp,CRY,4.6,1,0,23,1,0,23.0,0.0,0,0,0,1,0,0,0,0,0,0,0,0,0,0,0,1,23.0,0.0
11,Sels,NFO,4.8,1,1,90,0,0,90.0,90.0,0,0,0,3,0,0,3,0,0,1,0,0,0,0,0,2,45.0,2.0
11,Semedo,WOL,4.5,1,1,90,0,0,90.0,90.0,0,0,1,0,0,0,0,0,0,0,0,1,0,0,0,6,15.0,6.0
11,Semenyo,BOU,8.1,1,1,90,0,0,90.0,90.0,0,0,0,3,0,0,0,0,0,1,0,0,0,0,0,2,45.0,2.0
11,Senesi,BOU,5.0,1,1,66,0,1,66.0,66.0,0,0,0,3,0,0,0,1,0,1,0,0,0,0,0,0,0.0,0.0
11,Simpson-Pusey,MCI,4.0,1,1,90,0,0,90.0,90.0,0,0,0,2,0,0,0,1,0,1,0,0,0,0,0,0,0.0,0.0
11,Smith,BOU,4.4,1,1,81,0,1,81.0,81.0,0,0,0,3,0,0,0,1,0,1,0,0,0,0,0,0,0.0,0.0
11,Smith-Rowe,FUL,5.7,1,1,86,0,1,86.0,86.0,1,0,1,0,0,0,0,0,0,0,1,1,0,3,1,11,7.8,11.0
11,Solanke,TOT,7.2,1,1,90,0,0,90.0,90.0,0,0,0,2,0,0,0,0,0,1,0,0,0,0,0,2,45.0,2.0
11,Soler (Carlos),WHU,5.0,1,0,27,1,0,27.0,0.0,0,0,0,0,0,0,0,0,0,0,0,0,0,0,0,1,27.0,0.0
11,Son,TOT,8.5,1,1,90,0,0,90.0,90.0,0,0,0,2,0,0,0,0,0,1,0,0,0,0,0,2,45.0,2.0
11,Sosa,NFO,5.5,1,0,23,1,0,23.0,0.0,0,0,0,1,0,0,0,0,0,0,0,0,0,0,0,1,23.0,0.0
11,Soucek,WHU,5.7,1,1,90,0,0,90.0,90.0,0,0,1,0,0,0,0,0,0,1,0,0,0,0,0,3,30.0,3.0
11,Soumaré,LEI,4.4,1,1,90,0,0,90.0,90.0,0,0,0,3,0,0,0,0,0,1,0,0,0,0,0,2,45.0,2.0
11,Stephens,SOU,4.0,1,1,60,0,1,60.0,60.0,0,0,0,2,0,0,0,0,0,1,0,0,0,0,0,0,0.0,0.0
11,Strand Larsen,WOL,6.4,1,1,70,0,1,70.0,70.0,0,0,1,0,0,0,0,0,0,1,0,0,0,0,0,2,35.0,2.0
11,Sugawara,SOU,4.2,1,0,34,1,0,34.0,0.0,0,0,0,0,0,0,0,0,0,0,0,0,0,0,0,1,34.0,0.0
11,Summerville,WHU,5.5,1,1,81,0,1,81.0,81.0,0,0,1,0,0,0,0,0,0,1,0,0,0,0,0,3,27.0,3.0
11,Szmodics,IPS,5.7,1,1,68,0,1,68.0,68.0,1,0,0,1,0,0,0,0,0,0,1,1,0,2,0,9,7.6,9.0
11,Szoboszlai,LIV,6.5,1,0,28,1,0,28.0,0.0,0,0,0,0,0,0,0,0,0,0,0,0,0,0,0,1,28.0,0.0
11,Tarkowski,EVE,5.5,1,1,90,0,0,90.0,90.0,0,0,1,0,0,0,0,0,0,0,0,1,0,2,0,8,11.3,8.0
11,Tavernier,BOU,5.5,1,0,29,1,0,29.0,0.0,0,0,0,0,0,0,0,0,0,0,0,0,0,0,0,1,29.0,0.0
11,Tete,FUL,4.5,1,1,90,0,0,90.0,90.0,0,0,1,0,0,0,0,0,0,0,0,1,0,0,0,6,15.0,6.0
11,Tielemans,AVL,5.9,1,1,90,0,0,90.0,90.0,0,0,0,2,0,0,0,1,0,1,0,0,0,0,0,1,90.0,1.0
11,Jurriën Timber,ARS,6.1,1,1,90,0,0,90.0,90.0,0,0,0,1,0,0,0,0,0,1,0,0,0,0,0,2,45.0,2.0
11,Todibo,WHU,4.3,1,1,90,0,0,90.0,90.0,0,0,1,0,0,0,0,0,0,0,0,1,0,0,0,6,15.0,6.0
11,Lucas Paquetá,WHU,5.9,1,1,90,0,0,90.0,90.0,0,0,1,0,0,0,0,0,0,1,0,0,0,0,0,3,30.0,3.0
11,Tonali,NEW,5.4,1,0,28,1,0,28.0,0.0,0,1,0,0,0,0,0,0,0,0,1,1,0,0,0,4,7.0,0.0
11,Torres,AVL,4.3,1,1,90,0,0,90.0,90.0,0,0,0,2,0,0,0,0,0,1,0,0,0,0,0,1,90.0,1.0
11,Traoré (Adama),FUL,5.2,1,0,7,1,0,7.0,0.0,0,0,0,0,0,0,0,0,0,0,0,0,0,0,0,1,7.0,0.0
11,Amad Diallo,MUN,6.3,1,1,90,0,0,90.0,90.0,0,1,1,0,0,0,0,0,0,0,1,1,0,0,0,6,15.0,6.0
11,Trossard,ARS,6.9,1,0,24,1,0,24.0,0.0,0,0,0,0,0,0,0,0,0,0,0,0,0,0,0,1,24.0,0.0
11,Tuanzebe,IPS,3.9,1,1,90,0,0,90.0,90.0,0,0,0,1,0,0,0,1,0,1,0,0,0,0,0,1,90.0,1.0
11,Destiny Udogie,TOT,4.4,1,1,90,0,0,90.0,90.0,0,0,0,2,0,0,0,0,0,1,0,0,0,0,0,1,90.0,1.0
11,Ugarte,MUN,4.8,1,1,90,0,0,90.0,90.0,0,0,1,0,0,0,0,0,0,1,0,0,0,0,0,3,30.0,3.0
11,Ugochukwu,SOU,5.0,1,0,34,1,0,34.0,0.0,0,0,0,0,0,0,0,1,0,0,0,0,0,0,0,0,0.0,0.0
11,Unal,BOU,5.4,1,0,23,1,0,23.0,0.0,0,0,0,0,0,0,0,0,0,0,0,0,0,0,0,1,23.0,0.0
11,van den Berg,BRE,4.5,1,1,90,0,0,90.0,90.0,0,0,0,2,0,0,0,0,0,1,0,0,0,0,0,1,90.0,1.0
11,van Dijk,LIV,6.0,1,1,90,0,0,90.0,90.0,0,0,1,0,0,0,0,0,0,0,0,1,0,0,0,6,15.0,6.0
11,van Hecke,BHA,4.4,1,1,90,0,0,90.0,90.0,0,0,0,1,0,0,0,1,0,1,0,0,0,0,0,1,90.0,1.0
11,Bernardo Silva,MCI,6.3,1,0,28,1,0,28.0,0.0,0,0,0,2,0,0,0,0,0,0,0,0,0,0,0,1,28.0,0.0
11,Veltman,BHA,4.4,1,1,90,0,0,90.0,90.0,0,0,0,1,0,0,0,0,0,1,0,0,0,0,0,2,45.0,2.0
11,Verbruggen,BHA,4.4,1,1,90,0,0,90.0,90.0,0,0,0,1,0,0,5,0,0,1,0,0,0,0,0,3,30.0,3.0
11,Vestergaard,LEI,3.9,1,1,90,0,0,90.0,90.0,0,0,0,3,0,0,0,0,0,1,0,0,0,0,0,1,90.0,1.0
11,Vicario,TOT,5.1,1,1,90,0,0,90.0,90.0,0,0,0,2,0,0,1,0,0,1,0,0,0,0,0,1,90.0,1.0
11,Walker,MCI,4.4,1,1,90,0,0,90.0,90.0,0,0,0,2,0,0,0,0,0,1,0,0,0,0,0,1,90.0,1.0
11,Walker-Peters,SOU,4.4,1,1,90,0,0,90.0,90.0,0,0,0,2,0,0,0,1,0,1,0,0,0,0,0,0,0.0,0.0
11,Wan-Bissaka,WHU,4.3,1,1,65,0,1,65.0,65.0,0,0,1,0,0,0,0,0,0,0,0,1,0,0,0,6,10.8,6.0
11,Ward-Prowse,WHU,5.7,1,0,10,1,0,10.0,0.0,0,0,0,0,0,0,0,0,0,0,0,0,0,0,0,1,10.0,0.0
11,Watkins,AVL,8.5,1,1,65,0,1,65.0,65.0,0,0,0,1,0,0,0,0,0,1,0,0,0,0,0,2,32.5,2.0
11,Welbeck,BHA,6.4,1,1,90,0,0,90.0,90.0,0,0,0,1,0,0,0,0,0,1,0,0,0,0,0,2,45.0,2.0
11,Werner,TOT,6.2,1,0,31,1,0,31.0,0.0,0,0,0,0,0,0,0,0,0,0,0,0,0,0,0,1,31.0,0.0
11,White (Ben),ARS,5.4,1,1,90,0,0,90.0,90.0,0,0,0,1,0,0,0,1,0,1,0,0,0,0,0,1,90.0,1.0
11,Willock,NEW,5.0,1,1,67,0,1,67.0,67.0,0,0,0,1,0,0,0,0,0,1,0,0,0,0,0,2,33.5,2.0
11,Wilson (Harry),FUL,5.3,1,0,15,1,0,15.0,0.0,1,0,0,0,0,0,0,0,0,0,1,1,0,0,0,6,2.5,0.0
11,Winks,LEI,4.3,1,1,90,0,0,90.0,90.0,0,0,0,3,0,0,0,0,0,1,0,0,0,0,0,2,45.0,2.0
11,Wissa,BRE,7.4,1,1,90,0,0,90.0,90.0,2,0,0,2,0,0,0,0,0,0,2,2,0,3,1,13,6.9,13.0
11,Wood (Chris),NFO,7.2,1,1,90,0,0,90.0,90.0,0,0,0,3,0,0,0,0,0,1,0,0,0,0,0,2,45.0,2.0
11,Yarmolyuk,BRE,5.0,1,0,19,1,0,19.0,0.0,0,0,0,0,0,0,0,0,0,0,0,0,0,0,0,1,19.0,0.0
11,Yates,NFO,4.8,1,1,90,0,0,90.0,90.0,0,0,0,3,0,0,0,1,0,1,0,0,0,0,0,1,90.0,1.0
11,Young (Ashley),EVE,4.2,1,1,90,0,0,90.0,90.0,0,0,1,0,0,0,0,1,0,0,0,1,0,0,0,5,18.0,5.0
11,Zabarnyi,BOU,5.0,1,1,90,0,0,90.0,90.0,0,0,0,3,0,0,0,1,0,1,0,0,0,0,0,0,0.0,0.0
11,Zirkzee,MUN,5.8,1,0,19,1,0,19.0,0.0,0,0,0,0,0,0,0,0,0,0,0,0,0,0,0,1,19.0,0.0
12,Aarons,BOU,4.3,1,0,23,1,0,23.0,0.0,0,0,0,0,0,0,0,0,0,0,0,0,0,0,0,1,23.0,0.0
12,Adams (Tyler),BOU,5.0,1,1,64,0,1,64.0,64.0,0,0,0,2,0,0,0,0,0,1,0,0,0,0,0,2,32.0,2.0
12,Adingra,BHA,5.1,1,0,34,1,0,34.0,0.0,0,0,0,1,0,0,0,0,0,0,0,0,0,0,0,1,34.0,0.0
12,Aina,NFO,4.7,1,1,90,0,0,90.0,90.0,0,0,0,3,0,0,0,1,0,1,0,0,0,0,0,0,0.0,0.0
12,Ait Nouri,WOL,5.8,1,1,90,0,0,90.0,90.0,0,0,0,1,0,0,0,0,0,1,0,0,0,0,0,2,45.0,2.0
12,Akanji,MCI,5.4,1,1,90,0,0,90.0,90.0,0,0,0,4,0,0,0,1,0,1,0,0,0,0,0,0,0.0,0.0
12,Aké,MCI,5.4,1,0,45,1,0,45.0,0.0,0,0,0,2,0,0,0,0,0,0,0,0,0,0,0,0,0.0,0.0
12,Ali Al Hamadi,IPS,4.7,1,0,13,1,0,13.0,0.0,0,0,0,0,0,0,0,0,0,0,0,0,0,0,0,1,13.0,0.0
12,Andersen,FUL,4.5,1,1,77,0,0,77.0,77.0,0,0,0,2,0,0,0,0,0,1,0,0,0,0,0,0,0.0,0.0
12,Antonio,WHU,5.2,1,1,75,0,1,75.0,75.0,0,0,1,0,0,0,0,0,0,1,0,0,0,0,0,2,37.5,2.0
12,Joelinton,NEW,5.9,1,1,68,0,1,68.0,68.0,0,0,0,2,0,0,0,0,0,1,0,0,0,0,0,2,34.0,2.0
12,Archer,SOU,4.8,1,0,22,1,0,22.0,0.0,0,0,0,1,0,0,0,0,0,0,0,0,0,0,0,1,22.0,0.0
12,Aribo,SOU,4.9,1,0,59,1,0,59.0,0.0,0,0,0,2,0,0,0,0,0,0,0,0,0,0,0,1,59.0,0.0
12,Armstrong (Adam),SOU,5.1,1,1,73,0,1,73.0,73.0,1,1,0,2,0,0,0,1,0,0,2,2,0,1,0,7,10.4,7.0
12,Kepa,BOU,4.2,1,1,90,0,0,90.0,90.0,0,0,0,2,0,0,2,0,0,1,0,0,0,0,0,1,90.0,1.0
12,Awoniyi,NFO,5.2,1,1,62,0,1,62.0,62.0,0,0,0,2,0,0,0,0,0,1,0,0,0,0,0,2,31.0,2.0
12,Ayari,BHA,4.9,1,1,76,0,1,76.0,76.0,0,0,1,0,0,0,0,0,0,1,0,0,0,0,0,3,25.3,3.0
12,Ayew,LEI,5.1,1,0,26,1,0,26.0,0.0,1,0,0,1,0,0,0,0,0,0,1,1,0,1,0,7,3.7,0.0
12,Badiashile,CHE,4.4,1,1,90,0,0,90.0,90.0,0,0,0,1,0,0,0,0,0,1,0,0,0,0,0,2,45.0,2.0
12,Bailey,AVL,5.5,1,1,80,0,1,80.0,80.0,0,0,0,2,0,0,0,0,0,1,0,0,0,0,0,2,40.0,2.0
12,Baleba,BHA,4.7,1,1,59,0,0,59.0,59.0,0,0,0,0,0,0,0,0,1,1,0,0,0,0,0,0,0.0,0.0
12,Barkley,AVL,4.8,1,1,90,0,0,90.0,90.0,1,0,0,2,0,0,0,0,0,0,1,1,0,2,0,9,10.0,9.0
12,Barnes,NEW,6.4,1,0,45,1,0,45.0,0.0,0,0,0,1,0,0,0,0,0,0,0,0,0,0,0,1,45.0,0.0
12,Bassey,FUL,4.5,1,1,90,0,0,90.0,90.0,0,0,0,4,0,0,0,1,0,1,0,0,0,0,0,0,0.0,0.0
12,Bellegarde,WOL,5.2,1,1,84,0,1,84.0,84.0,0,0,0,1,0,0,0,0,0,1,0,0,0,0,0,2,42.0,2.0
12,Bergvall,TOT,5.4,1,0,5,1,0,5.0,0.0,0,0,0,0,0,0,0,0,0,0,0,0,0,0,0,1,5.0,0.0
12,Bissouma,TOT,5.2,1,1,90,0,0,90.0,90.0,0,0,1,0,0,0,0,1,0,1,0,0,0,0,0,2,45.0,2.0
12,Bogarde,AVL,4.0,1,1,45,0,1,45.0,45.0,0,0,0,2,0,0,0,0,0,1,0,0,0,0,0,0,0.0,0.0
12,Bruno Fernandes,MUN,8.9,1,1,90,0,0,90.0,90.0,0,0,0,1,0,0,0,0,0,1,0,0,0,0,0,2,45.0,2.0
12,Bowen,WHU,7.8,1,1,90,0,0,90.0,90.0,0,1,1,0,0,0,0,0,0,0,1,1,0,1,0,7,12.9,7.0
12,Bradley,LIV,5.0,1,1,90,0,0,90.0,90.0,0,0,0,2,0,0,0,1,0,1,0,0,0,0,0,0,0.0,0.0
12,Branthwaite,EVE,5.3,1,1,90,0,0,90.0,90.0,0,0,1,0,0,0,0,0,0,0,0,1,0,0,0,6,15.0,6.0
12,Brooks,BOU,5.0,1,0,23,1,0,23.0,0.0,1,0,0,0,0,0,0,0,0,0,1,1,0,1,0,7,3.3,0.0
12,Buendía,AVL,5.3,1,0,15,1,0,15.0,0.0,0,0,0,0,0,0,0,1,0,0,0,0,0,0,0,0,0.0,0.0
12,Burgess,IPS,3.8,1,1,90,0,0,90.0,90.0,0,0,0,1,0,0,0,0,0,1,0,0,0,0,0,2,45.0,2.0
12,Burns,IPS,4.7,1,1,79,0,1,79.0,79.0,0,1,0,1,0,0,0,0,0,0,1,1,0,0,0,5,15.8,5.0
12,Moises Caicedo,CHE,5.9,1,1,80,0,1,80.0,80.0,0,0,1,0,0,0,0,1,0,1,0,0,0,0,0,2,40.0,2.0
12,Cairney,FUL,4.9,1,0,36,1,0,36.0,0.0,0,0,0,2,0,0,0,0,0,0,0,0,0,0,0,1,36.0,0.0
12,Cajuste,IPS,4.5,1,1,65,0,1,65.0,65.0,0,0,0,1,0,0,0,0,0,1,0,0,0,0,0,2,32.5,2.0
12,Calafiori,ARS,5.8,1,1,66,0,1,66.0,66.0,0,0,1,0,0,0,0,0,0,0,0,1,0,0,0,6,11.0,6.0
12,Calvert-Lewin,EVE,5.5,1,1,90,0,0,90.0,90.0,0,0,1,0,0,0,0,0,0,1,0,0,0,0,0,2,45.0,2.0
12,Cash,AVL,4.6,1,0,45,1,0,45.0,0.0,0,0,0,0,0,0,0,0,0,0,0,0,0,0,0,1,45.0,0.0
12,Castagne,FUL,4.4,1,0,24,1,0,24.0,0.0,0,0,0,2,0,0,0,0,0,0,0,0,0,0,0,0,0.0,0.0
12,Chalobah,CHE,5.1,1,1,90,0,0,90.0,90.0,0,0,0,2,0,0,0,1,0,1,0,0,0,0,0,0,0.0,0.0
12,Chaplin,IPS,5.1,1,0,13,1,0,13.0,0.0,0,0,0,0,0,0,0,0,0,0,0,0,0,0,0,1,13.0,0.0
12,Clarke (Jack),IPS,5.4,1,0,27,1,0,27.0,0.0,0,0,0,0,0,0,0,0,0,0,0,0,0,0,0,1,27.0,0.0
12,Clyne,CRY,3.9,1,0,6,1,0,6.0,0.0,0,0,0,0,0,0,0,0,0,0,0,0,0,0,0,1,6.0,0.0
12,Collins,BRE,4.9,1,1,90,0,0,90.0,90.0,0,0,1,0,0,0,0,0,0,0,0,1,0,0,0,6,15.0,6.0
12,Colwill,CHE,4.8,1,1,90,0,0,90.0,90.0,0,0,0,1,0,0,0,0,0,1,0,0,0,0,0,2,45.0,2.0
12,Cook,BOU,4.9,1,1,90,0,0,90.0,90.0,0,0,0,2,0,0,0,1,0,1,0,0,0,0,0,1,90.0,1.0
12,Coufal,WHU,4.1,1,0,22,1,0,22.0,0.0,0,0,0,0,0,0,0,0,0,0,0,0,0,0,0,1,22.0,0.0
12,Cucurella,CHE,6.1,1,1,90,0,0,90.0,90.0,0,0,0,1,0,0,0,0,0,1,0,0,0,0,0,2,45.0,2.0
12,André,WOL,5.4,1,1,90,0,0,90.0,90.0,0,0,0,1,0,0,0,0,0,1,0,0,0,0,0,2,45.0,2.0
12,Daka,LEI,4.8,1,0,18,1,0,18.0,0.0,0,0,0,0,0,0,0,0,0,0,0,0,0,0,0,1,18.0,0.0
12,Dalot,MUN,4.4,1,1,90,0,0,90.0,90.0,0,0,0,1,0,0,0,0,0,1,0,0,0,0,0,2,45.0,2.0
12,Damsgaard,BRE,5.8,1,1,69,0,1,69.0,69.0,0,0,1,0,0,0,0,0,0,1,0,0,0,0,0,3,23.0,3.0
12,Davies (Ben),TOT,4.3,1,1,90,0,0,90.0,90.0,0,0,1,0,0,0,0,0,0,0,0,1,0,0,0,6,15.0,6.0
12,Davis,IPS,4.2,1,1,90,0,0,90.0,90.0,0,0,0,1,0,0,0,0,0,1,0,0,0,0,0,2,45.0,2.0
12,De Bruyne,MCI,9.5,1,0,21,1,0,21.0,0.0,0,0,0,1,0,0,0,1,0,0,0,0,0,0,0,0,0.0,0.0
12,Jesus,ARS,6.4,1,1,90,0,0,90.0,90.0,0,0,1,0,0,0,0,1,0,1,0,0,0,0,0,1,90.0,1.0
12,de Ligt,MUN,5.0,1,1,90,0,0,90.0,90.0,0,0,0,1,0,0,0,0,0,1,0,0,0,0,0,2,45.0,2.0
12,Evanilson,BOU,7.0,1,1,90,0,0,90.0,90.0,0,0,0,2,0,0,0,0,0,1,0,0,0,0,0,2,45.0,2.0
12,DeCordova-Reid,LEI,5.2,1,0,19,1,0,19.0,0.0,0,1,0,0,0,0,0,0,0,0,1,1,0,0,0,4,4.8,0.0
12,Delap,IPS,6.2,1,1,79,0,1,79.0,79.0,0,0,0,1,0,0,0,0,0,1,0,0,0,0,0,2,39.5,2.0
12,Devenny,CRY,4.4,1,1,72,0,1,72.0,72.0,1,0,0,1,0,0,0,0,0,0,1,1,0,1,0,8,9.0,8.0
12,Dewsbury-Hall,CHE,4.9,1,0,6,1,0,6.0,0.0,0,0,0,1,0,0,0,0,0,0,0,0,0,0,0,1,6.0,0.0
12,Díaz,LIV,8.0,1,0,36,1,0,36.0,0.0,0,0,0,0,0,0,0,0,0,0,0,0,0,0,0,1,36.0,0.0
12,Dibling,SOU,5.4,1,1,90,0,0,90.0,90.0,0,0,0,3,0,0,0,0,0,1,0,0,0,0,0,2,45.0,2.0
12,Digne,AVL,4.5,1,0,28,1,0,28.0,0.0,0,0,0,0,0,0,0,0,0,0,0,0,0,0,0,1,28.0,0.0
12,Doherty,WOL,4.4,1,0,10,1,0,10.0,0.0,0,0,0,0,0,0,0,0,0,0,0,0,0,0,0,1,10.0,0.0
12,Nicolás Domínguez,NFO,5.0,1,1,62,0,1,62.0,62.0,0,0,0,2,0,0,0,0,0,1,0,0,0,0,0,2,31.0,2.0
12,Igor Julio,BHA,4.5,1,1,90,0,0,90.0,90.0,0,0,0,1,0,0,0,0,0,1,0,0,0,0,0,2,45.0,2.0
12,Gabriel Magalhães,ARS,6.5,1,1,90,0,0,90.0,90.0,0,0,1,0,0,0,0,0,0,0,0,1,0,0,0,6,15.0,6.0
12,Doucouré,EVE,5.1,1,1,70,0,1,70.0,70.0,0,0,1,0,0,0,0,0,0,1,0,0,0,0,0,3,23.3,3.0
12,Doucoure,CRY,4.9,1,1,62,0,1,62.0,62.0,0,0,0,1,0,0,0,0,0,1,0,0,0,0,0,2,31.0,2.0
12,Downes,SOU,4.7,1,1,90,0,0,90.0,90.0,0,0,0,3,0,0,0,0,0,1,0,0,0,0,0,2,45.0,2.0
12,Doyle (Tommy),WOL,4.7,1,0,6,1,0,6.0,0.0,0,0,0,0,0,0,0,0,0,0,0,0,0,0,0,1,6.0,0.0
12,Dragusin,TOT,4.5,1,1,90,0,0,90.0,90.0,0,0,1,0,0,0,0,0,0,0,0,1,0,0,0,6,15.0,6.0
12,Durán,AVL,5.7,1,0,28,1,0,28.0,0.0,0,0,0,0,0,0,0,0,0,0,0,0,0,0,0,1,28.0,0.0
12,El Khannouss,LEI,4.8,1,1,78,0,1,78.0,78.0,0,0,0,2,0,0,0,0,0,1,0,0,0,0,0,2,39.0,2.0
12,Elanga,NFO,6.7,1,1,45,0,1,45.0,45.0,0,0,0,1,0,0,0,0,0,1,0,0,0,0,0,1,45.0,1.0
12,Endo,LIV,4.9,1,0,9,1,0,9.0,0.0,0,0,0,0,0,0,0,0,0,0,0,0,0,0,0,1,9.0,0.0
12,Eriksen,MUN,5.2,1,1,67,0,1,67.0,67.0,0,0,0,1,0,0,0,0,0,1,0,0,0,0,0,2,33.5,2.0
12,Mateus Fernandes,SOU,5.5,1,1,90,0,0,90.0,90.0,1,0,0,3,0,0,0,0,0,0,1,1,0,0,0,7,12.9,7.0
12,Estupiñán,BHA,4.5,1,1,90,0,0,90.0,90.0,0,0,0,1,0,0,0,0,0,1,0,0,0,0,0,2,45.0,2.0
12,Evans (Jonny),MUN,4.4,1,1,55,0,1,55.0,55.0,0,0,0,1,0,0,0,0,0,1,0,0,0,0,0,1,55.0,1.0
12,Fabianski,WHU,4.5,1,1,90,0,0,90.0,90.0,0,0,1,0,0,0,2,0,0,0,0,1,0,0,0,6,15.0,6.0
12,Faes,LEI,3.8,1,1,90,0,0,90.0,90.0,0,0,0,2,0,0,0,1,0,1,0,0,0,0,0,0,0.0,0.0
12,Ferguson,WHU,5.5,1,0,12,1,0,12.0,0.0,0,0,0,1,0,0,0,0,0,0,0,0,0,0,0,1,12.0,0.0
12,Fernández,CHE,6.7,1,1,90,0,0,90.0,90.0,1,1,0,1,0,0,0,0,0,0,2,2,0,2,1,12,7.5,12.0
12,Jota Silva,NFO,5.4,1,0,45,1,0,45.0,0.0,0,0,0,2,0,0,0,0,0,0,0,0,0,0,0,1,45.0,0.0
12,Flekken,BRE,4.5,1,1,90,0,0,90.0,90.0,0,0,1,0,0,0,5,0,0,0,0,1,0,2,0,9,10.0,9.0
12,Foden,MCI,8.0,1,1,90,0,0,90.0,90.0,0,0,0,4,0,0,0,0,0,1,0,0,0,0,0,2,45.0,2.0
12,Fofana (Wesley),CHE,4.4,1,1,90,0,0,90.0,90.0,0,0,0,1,0,0,0,0,0,1,0,0,0,0,0,2,45.0,2.0
12,Casemiro,MUN,5.5,1,1,55,0,1,55.0,55.0,0,0,0,1,0,0,0,0,0,1,0,0,0,0,0,1,55.0,1.0
12,Fraser (Ryan),SOU,4.8,1,1,73,0,1,73.0,73.0,0,0,0,2,0,0,0,0,0,1,0,0,0,0,0,2,36.5,2.0
12,Jorginho,ARS,4.6,1,1,45,0,1,45.0,45.0,0,0,0,0,0,0,0,1,0,1,0,0,0,0,0,0,0.0,0.0
12,Gakpo,LIV,7.6,1,1,59,0,1,59.0,59.0,0,0,0,2,0,0,0,1,0,1,0,0,0,0,0,1,59.0,1.0
12,Gonçalo Guedes,WOL,5.5,1,0,5,1,0,5.0,0.0,1,0,0,0,0,0,0,0,0,0,1,1,0,0,0,6,0.8,0.0
12,Garnacho,MUN,6.4,1,1,83,0,1,83.0,83.0,0,0,0,1,0,0,0,0,0,1,0,0,0,0,0,2,41.5,2.0
12,Rodrigo Gomes,WOL,4.5,1,1,89,0,1,89.0,89.0,0,0,0,1,0,0,0,0,0,1,0,0,0,0,0,2,44.5,2.0
12,Toti,WOL,4.3,1,1,90,0,0,90.0,90.0,0,0,0,1,0,0,0,0,0,1,0,0,0,0,0,2,45.0,2.0
12,Beto,EVE,5.2,1,0,22,1,0,22.0,0.0,0,0,0,0,0,0,0,0,0,0,0,0,0,0,0,1,22.0,0.0
12,João Gomes,WOL,5.4,1,1,89,0,1,89.0,89.0,1,1,0,1,0,0,0,0,0,0,2,2,0,2,1,12,7.4,12.0
12,Gordon (Anthony),NEW,7.5,1,1,68,0,1,68.0,68.0,0,0,0,2,0,0,0,0,0,1,0,0,0,0,0,2,34.0,2.0
12,Gravenberch,LIV,5.6,1,1,90,0,0,90.0,90.0,0,1,0,2,0,0,0,0,0,0,1,1,0,0,0,5,18.0,5.0
12,Grealish,MCI,6.9,1,0,21,1,0,21.0,0.0,0,0,0,1,0,0,0,0,0,0,0,0,0,0,0,1,21.0,0.0
12,Marc Guehi,CRY,4.9,1,1,90,0,0,90.0,90.0,0,0,0,2,0,0,0,0,0,1,0,0,0,0,0,1,90.0,1.0
12,Gueye,EVE,5.4,1,1,90,0,0,90.0,90.0,0,0,1,0,0,0,0,0,0,1,0,0,0,0,0,3,30.0,3.0
12,Bruno Guimarães,NEW,6.5,1,1,83,0,1,83.0,83.0,0,0,0,2,0,0,0,0,0,1,0,0,0,0,0,2,41.5,2.0
12,Gundogan,MCI,6.3,1,1,90,0,0,90.0,90.0,0,0,0,4,0,0,0,0,0,1,0,0,0,0,0,2,45.0,2.0
12,Gvardiol,MCI,5.9,1,1,90,0,0,90.0,90.0,0,0,0,4,0,0,0,0,0,1,0,0,0,0,0,0,0.0,0.0
12,Haaland,MCI,14.8,1,1,90,0,0,90.0,90.0,0,0,0,4,0,0,0,0,0,1,0,0,0,0,0,2,45.0,2.0
12,Lewis Hall,NEW,5.2,1,1,90,0,0,90.0,90.0,0,0,0,2,0,0,0,0,0,1,0,0,0,0,0,1,90.0,1.0
12,Harwood-Bellis,SOU,3.9,1,1,90,0,0,90.0,90.0,0,0,0,3,0,0,0,0,0,1,0,0,0,0,0,1,90.0,1.0
12,Henderson,CRY,5.0,1,1,90,0,0,90.0,90.0,0,0,0,2,0,1,3,0,0,0,0,1,0,0,0,7,12.9,7.0
12,Hermansen,LEI,4.4,1,1,90,0,0,90.0,90.0,0,0,0,2,0,0,4,0,0,1,0,0,0,0,0,2,45.0,2.0
12,Hudson-Odoi,NFO,5.8,1,1,90,0,0,90.0,90.0,0,0,0,3,0,0,0,0,0,1,0,0,0,0,0,2,45.0,2.0
12,Hughes,CRY,4.8,1,1,88,0,1,88.0,88.0,0,0,0,2,0,0,0,0,0,1,0,0,0,0,0,2,44.0,2.0
12,Huijsen,BOU,4.5,1,0,33,1,0,33.0,0.0,0,0,0,0,0,0,0,0,0,0,0,0,0,0,0,1,33.0,0.0
12,Hutchinson,IPS,5.4,1,1,90,0,0,90.0,90.0,1,0,0,1,0,0,0,0,0,0,1,1,0,2,0,9,10.0,9.0
12,Hwang Hee-Chan,WOL,5.8,1,0,6,1,0,6.0,0.0,0,0,0,0,0,0,0,0,0,0,0,0,0,0,0,1,6.0,0.0
12,Højlund,MUN,6.3,1,0,24,1,0,24.0,0.0,0,0,0,0,0,0,0,0,0,0,0,0,0,0,0,1,24.0,0.0
12,Ings,WHU,4.8,1,0,22,1,0,22.0,0.0,0,0,0,0,0,0,0,0,0,0,0,0,0,0,0,1,22.0,0.0
12,Irving,WHU,4.4,1,0,13,1,0,13.0,0.0,0,0,0,0,0,0,0,0,0,0,0,0,0,0,0,1,13.0,0.0
12,Isak,NEW,10.4,1,1,90,0,0,90.0,90.0,0,0,0,2,0,0,0,0,0,1,0,0,0,0,0,2,45.0,2.0
12,Iwobi,FUL,6.5,1,1,90,0,0,90.0,90.0,1,0,0,4,0,0,0,0,0,0,1,1,0,0,0,7,12.9,7.0
12,Jackson (Nicolas),CHE,6.5,1,1,90,0,1,90.0,90.0,1,1,1,0,0,0,0,0,0,0,2,2,0,3,1,12,7.5,12.0
12,Janelt,BRE,4.9,1,1,84,0,1,84.0,84.0,0,0,1,0,0,0,0,0,0,1,0,0,0,0,0,3,28.0,3.0
12,Jensen,BRE,4.9,1,1,90,0,0,90.0,90.0,0,0,1,0,0,0,0,0,0,1,0,0,0,0,0,3,30.0,3.0
12,Raúl Jiménez,FUL,6.2,1,1,70,0,1,70.0,70.0,0,0,0,2,0,0,0,0,0,1,0,0,0,0,0,2,35.0,2.0
12,Johnson (Brennan),TOT,6.7,1,0,32,1,0,32.0,0.0,1,0,0,0,0,0,0,0,0,0,1,1,0,0,0,6,5.3,0.0
12,Jones,LIV,5.4,1,1,59,0,1,59.0,59.0,0,0,0,2,0,0,0,0,0,1,0,0,0,0,0,2,29.5,2.0
12,João Pedro,BHA,7.4,1,1,64,0,1,64.0,64.0,1,1,1,0,0,0,0,0,0,0,2,2,0,3,1,12,5.3,12.0
12,Justin,LEI,4.0,1,1,90,0,0,90.0,90.0,0,0,0,2,0,0,0,0,0,1,0,0,0,0,0,1,90.0,1.0
12,Kelleher,LIV,4.5,1,1,90,0,0,90.0,90.0,0,0,0,2,0,1,3,0,0,0,0,1,0,0,0,7,12.9,7.0
12,Kelly,NEW,4.2,1,1,90,0,0,90.0,90.0,0,0,0,2,0,0,0,1,0,1,0,0,0,0,0,0,0.0,0.0
12,Kerkez,BOU,5.8,1,1,80,0,1,80.0,80.0,0,0,0,2,0,0,0,0,0,1,0,0,0,0,0,1,80.0,1.0
12,Kilman,WHU,4.3,1,1,90,0,0,90.0,90.0,0,0,1,0,0,0,0,0,0,0,0,1,0,0,0,6,15.0,6.0
12,Kiwior,ARS,5.4,1,0,7,1,0,7.0,0.0,0,0,0,0,0,0,0,0,0,0,0,0,0,0,0,1,7.0,0.0
12,Kluivert,BOU,7.0,1,1,74,0,1,74.0,74.0,0,0,0,2,0,0,0,0,0,1,0,0,0,0,0,2,37.0,2.0
12,Konaté,LIV,5.4,1,1,90,0,0,90.0,90.0,0,0,0,2,0,0,0,1,0,1,0,0,0,0,0,0,0.0,0.0
12,Kristiansen,LEI,4.4,1,1,90,0,0,90.0,90.0,0,0,0,2,0,0,0,0,0,1,0,0,0,0,0,1,90.0,1.0
12,Kulusevski,TOT,6.4,1,1,90,0,0,90.0,90.0,0,1,1,0,0,0,0,0,0,0,1,1,0,0,0,6,15.0,6.0
12,Lacroix,CRY,5.0,1,1,90,0,0,90.0,90.0,0,0,0,2,0,0,0,0,0,1,0,0,0,0,0,1,90.0,1.0
12,Lallana,SOU,5.0,1,1,35,0,1,35.0,35.0,0,0,0,1,0,0,0,1,0,1,0,0,0,0,0,0,0.0,0.0
12,Lavia,CHE,4.9,1,0,17,1,0,17.0,0.0,0,0,0,1,0,0,0,1,0,0,0,0,0,0,0,0,0.0,0.0
12,Lemina (Mario),WOL,4.8,1,1,90,0,0,90.0,90.0,0,1,0,1,0,0,0,0,0,0,1,1,0,1,0,6,15.0,6.0
12,Leno,FUL,5.0,1,1,90,0,0,90.0,90.0,0,0,0,4,0,0,1,0,0,1,0,0,0,0,0,0,0.0,0.0
12,Lerma,CRY,4.9,1,0,33,1,0,33.0,0.0,0,0,0,1,0,0,0,0,0,0,0,0,0,0,0,1,33.0,0.0
12,Lewis (Rico),MCI,4.9,1,1,73,0,1,73.0,73.0,0,0,0,3,0,0,0,1,0,1,0,0,0,0,0,0,0.0,0.0
12,Lewis-Potter,BRE,4.9,1,1,90,0,0,90.0,90.0,0,0,1,0,0,0,0,0,0,1,0,0,0,0,0,3,30.0,3.0
12,Lindstrom,EVE,5.0,1,1,70,0,1,70.0,70.0,0,0,1,0,0,0,0,0,0,1,0,0,0,0,0,3,23.3,3.0
12,Livramento,NEW,4.9,1,1,90,0,0,90.0,90.0,0,0,0,2,0,0,0,0,0,1,0,0,0,0,0,1,90.0,1.0
12,Longstaff (Sean),NEW,4.9,1,1,57,0,1,57.0,57.0,0,0,0,2,0,0,0,0,0,1,0,0,0,0,0,1,57.0,1.0
12,Lukic,FUL,5.0,1,1,90,0,0,90.0,90.0,0,0,0,4,0,0,0,0,0,1,0,0,0,0,0,2,45.0,2.0
12,Maatsen,AVL,4.3,1,1,67,0,1,67.0,67.0,0,0,0,2,0,0,0,1,0,1,0,0,0,0,0,0,0.0,0.0
12,Mac Allister,LIV,6.3,1,0,36,1,0,36.0,0.0,0,0,0,0,0,0,0,0,0,0,0,0,0,0,0,1,36.0,0.0
12,Maddison,TOT,6.9,1,1,89,0,1,89.0,89.0,2,0,1,0,0,0,0,0,0,0,2,2,0,3,1,16,5.6,16.0
12,Madueke,CHE,6.8,1,1,85,0,1,85.0,85.0,0,0,1,0,0,0,0,0,0,1,0,0,0,0,0,3,28.3,3.0
12,José Sá,WOL,4.4,1,1,90,0,0,90.0,90.0,0,0,0,1,0,0,2,0,0,1,0,0,0,0,0,2,45.0,2.0
12,Mangala,EVE,5.0,1,0,22,1,0,22.0,0.0,0,0,0,0,0,0,0,0,0,0,0,0,0,0,0,1,22.0,0.0
12,Martinez,AVL,5.0,1,1,90,0,0,90.0,90.0,0,0,0,2,0,0,4,0,0,1,0,0,0,0,0,2,45.0,2.0
12,Mateta,CRY,7.7,1,1,90,0,0,90.0,90.0,0,1,0,2,0,0,0,0,0,0,1,1,0,0,0,5,18.0,5.0
12,Mavididi,LEI,5.0,1,0,26,1,0,26.0,0.0,0,0,0,1,0,0,0,0,0,0,0,0,0,0,0,1,26.0,0.0
12,Mavropanos,WHU,4.4,1,0,40,1,0,40.0,0.0,0,0,0,0,0,0,0,0,0,0,0,0,0,0,0,1,40.0,0.0
12,Mazraoui,MUN,4.9,1,1,90,0,0,90.0,90.0,0,0,0,1,0,0,0,0,0,1,0,0,0,0,0,2,45.0,2.0
12,Mbeumo,BRE,8.2,1,1,90,0,0,90.0,90.0,0,0,1,0,0,0,0,0,0,1,0,0,0,0,0,3,30.0,3.0
12,McAteer,LEI,4.7,1,1,71,0,1,71.0,71.0,0,0,0,1,0,0,0,0,0,1,0,0,0,0,0,2,35.5,2.0
12,McCarthy,SOU,4.2,1,1,90,0,0,90.0,90.0,0,0,0,3,0,0,8,0,0,1,0,0,0,0,0,3,30.0,3.0
12,McGinn,AVL,5.4,1,1,67,0,1,67.0,67.0,0,1,0,2,0,0,0,0,0,0,1,1,0,0,0,5,13.4,5.0
12,McNeil,EVE,5.6,1,1,90,0,0,90.0,90.0,0,0,1,0,0,0,0,0,0,1,0,0,0,0,0,3,30.0,3.0
12,Merino,ARS,5.9,1,1,90,0,0,90.0,90.0,0,0,1,0,0,0,0,0,0,1,0,0,0,0,0,3,30.0,3.0
12,Milenkovic,NFO,5.2,1,1,90,0,0,90.0,90.0,0,0,0,3,0,0,0,0,0,1,0,0,0,0,0,1,90.0,1.0
12,Mitchell,CRY,5.0,1,1,90,0,0,90.0,90.0,0,0,0,2,0,0,0,1,0,1,0,0,0,0,0,0,0.0,0.0
12,Mitoma,BHA,6.2,1,1,90,0,0,90.0,90.0,1,0,0,1,0,0,0,0,0,0,1,1,0,2,0,9,10.0,9.0
12,Savinho,MCI,6.9,1,1,73,0,1,73.0,73.0,0,0,0,3,0,0,0,0,0,1,0,0,0,0,0,2,36.5,2.0
12,Álex Moreno,NFO,4.0,1,1,72,0,1,72.0,72.0,0,0,0,2,0,0,0,0,0,1,0,0,0,0,0,1,72.0,1.0
12,Morsy,IPS,4.8,1,1,90,0,0,90.0,90.0,0,0,0,1,0,0,0,0,0,1,0,0,0,0,0,2,45.0,2.0
12,Mount,MUN,5.9,1,0,8,1,0,8.0,0.0,0,0,0,0,0,0,0,0,0,0,0,0,0,0,0,1,8.0,0.0
12,Rodrigo Muniz,FUL,5.4,1,0,25,1,0,25.0,0.0,0,0,0,2,0,0,0,0,0,0,0,0,0,0,0,1,25.0,0.0
12,Muñoz,CRY,5.7,1,1,90,0,0,90.0,90.0,0,0,0,2,0,0,0,0,0,1,0,0,0,0,0,1,90.0,1.0
12,Muric,IPS,4.4,1,1,90,0,0,90.0,90.0,0,0,0,1,0,0,3,0,0,1,0,0,0,0,0,3,30.0,3.0
12,Murphy (Jacob),NEW,6.1,1,0,28,1,0,28.0,0.0,0,0,0,0,0,0,0,0,0,0,0,0,0,0,0,1,28.0,0.0
12,Mykolenko,EVE,4.9,1,1,90,0,0,90.0,90.0,0,0,1,0,0,0,0,0,0,0,0,1,0,0,0,6,15.0,6.0
12,Thiago,BRE,6.2,1,0,23,1,0,23.0,0.0,0,0,0,0,0,0,0,0,0,0,0,0,0,0,0,1,23.0,0.0
12,Ndiaye,EVE,6.5,1,1,90,0,0,90.0,90.0,0,0,1,0,0,0,0,0,0,1,0,0,0,0,0,2,45.0,2.0
12,Ndidi,LEI,4.9,1,1,71,0,1,71.0,71.0,0,0,0,1,0,0,0,1,0,1,0,0,0,0,0,1,71.0,1.0
12,Nelson (Reiss),FUL,4.8,1,1,70,0,1,70.0,70.0,0,0,0,2,0,0,0,0,0,1,0,0,0,0,0,2,35.0,2.0
12,Nkunku,CHE,5.9,1,0,17,1,0,17.0,0.0,0,0,0,1,0,0,0,0,0,0,0,0,0,0,0,1,17.0,0.0
12,Norgaard,BRE,5.2,1,1,40,0,0,40.0,40.0,0,0,0,0,0,0,0,0,1,1,0,0,0,0,0,0,0.0,0.0
12,Núñez,LIV,6.5,1,1,86,0,1,86.0,86.0,0,0,0,2,0,0,0,0,0,1,0,0,0,0,0,2,43.0,2.0
12,Nwaneri,ARS,5.2,1,0,13,1,0,13.0,0.0,1,0,0,0,0,0,0,0,0,0,1,1,0,0,0,6,2.2,0.0
12,O'Shea,IPS,3.8,1,1,90,0,0,90.0,90.0,0,0,0,1,0,0,0,0,0,1,0,0,0,0,0,2,45.0,2.0
12,Odegaard,ARS,7.9,1,1,82,0,1,82.0,82.0,0,1,1,0,0,0,0,0,0,0,1,1,0,0,0,6,13.7,6.0
12,Okoli,LEI,4.0,1,1,90,0,0,90.0,90.0,0,0,0,2,0,0,0,0,0,1,0,0,0,0,0,1,90.0,1.0
12,Onana,MUN,4.9,1,1,90,0,0,90.0,90.0,0,0,0,1,0,0,5,0,0,1,0,0,0,0,0,3,30.0,3.0
12,Paul Onuachu,SOU,4.9,1,1,49,0,1,49.0,49.0,0,0,0,1,0,0,0,0,0,1,0,0,0,0,0,1,49.0,1.0
12,Dango Ouattara,BOU,6.0,1,0,33,1,0,33.0,0.0,0,0,0,0,0,0,0,0,0,0,0,0,0,0,0,1,33.0,0.0
12,O’Riley,BHA,5.5,1,0,22,1,0,22.0,0.0,0,0,0,1,0,0,0,0,0,0,0,0,0,0,0,1,22.0,0.0
12,Palmer (Cole),CHE,10.3,1,1,90,0,0,90.0,90.0,0,0,0,1,0,0,0,0,0,1,0,0,0,0,0,2,45.0,2.0
12,Emerson,WHU,4.4,1,1,75,0,1,75.0,75.0,0,1,1,0,0,0,0,0,0,0,1,2,0,0,0,9,8.3,9.0
12,Partey,ARS,4.9,1,0,45,1,0,45.0,0.0,1,0,0,0,0,0,0,0,0,0,1,1,0,2,0,8,5.6,0.0
12,Pereira,FUL,5.3,1,1,59,0,1,59.0,59.0,0,0,0,2,0,0,0,1,0,1,0,0,0,0,0,0,0.0,0.0
12,Philogene-Bidace,IPS,5.3,1,0,15,1,0,15.0,0.0,0,0,0,0,0,0,0,0,0,0,0,0,0,0,0,1,15.0,0.0
12,Pickford,EVE,5.5,1,1,90,0,0,90.0,90.0,0,0,1,0,0,0,2,0,0,0,0,1,0,0,0,6,15.0,6.0
12,Pinnock,BRE,4.3,1,1,90,0,0,90.0,90.0,0,0,1,0,0,0,0,0,0,0,0,1,0,0,0,6,15.0,6.0
12,Pond,WOL,3.9,1,0,1,1,0,1.0,0.0,0,0,0,0,0,0,0,0,0,0,0,0,0,0,0,1,1.0,0.0
12,Pope,NEW,5.2,1,1,90,0,0,90.0,90.0,0,0,0,2,0,0,4,0,0,1,0,0,0,0,0,2,45.0,2.0
12,Porro,TOT,5.5,1,1,90,0,0,90.0,90.0,1,0,1,0,0,0,0,0,0,0,1,2,0,2,1,14,6.4,14.0
12,Rashford,AVL,7.0,1,1,67,0,1,67.0,67.0,1,0,0,1,0,0,0,0,0,0,1,1,0,1,0,8,8.4,8.0
12,Raya Martin,ARS,5.8,1,1,90,0,0,90.0,90.0,0,0,1,0,0,0,0,0,0,0,0,1,0,0,0,6,15.0,6.0
12,Richards (Chris),CRY,4.5,1,0,6,1,0,6.0,0.0,0,0,0,0,0,0,0,0,0,0,0,0,0,0,0,1,6.0,0.0
12,Robertson,LIV,5.8,1,1,90,0,0,90.0,90.0,0,0,0,2,0,0,0,0,0,1,0,0,0,0,0,1,90.0,1.0
12,Robinson (Antonee),FUL,4.9,1,1,90,0,0,90.0,90.0,0,0,0,4,0,0,0,0,0,1,0,0,0,0,0,0,0.0,0.0
12,Rodríguez,WHU,4.8,1,0,13,1,0,13.0,0.0,0,0,0,0,0,0,0,0,0,0,0,0,0,0,0,1,13.0,0.0
12,Rogers,AVL,6.8,1,1,80,0,1,80.0,80.0,0,0,0,2,0,0,0,0,0,1,0,0,0,0,0,2,40.0,2.0
12,Rutter,BHA,5.7,1,1,64,0,1,64.0,64.0,0,1,1,0,0,0,0,1,0,0,1,1,0,0,0,5,12.8,5.0
12,Saka,ARS,10.0,1,1,82,0,1,82.0,82.0,1,1,1,0,0,0,0,1,0,0,2,2,0,3,1,13,6.3,13.0
12,Salah,LIV,14.3,1,1,90,0,0,90.0,90.0,2,0,0,2,0,0,0,1,0,0,2,2,0,2,1,13,6.9,13.0
12,Saliba,ARS,6.0,1,1,90,0,0,90.0,90.0,0,0,1,0,0,0,0,0,0,0,0,1,0,1,0,7,12.9,7.0
12,Sanchez,CHE,4.9,1,1,90,0,0,90.0,90.0,0,0,0,1,0,0,0,1,0,1,0,0,0,0,0,1,90.0,1.0
12,Sancho,MUN,5.8,1,0,12,1,0,12.0,0.0,0,0,0,1,0,0,0,0,0,0,0,0,0,0,0,1,12.0,0.0
12,Ederson,MCI,5.3,1,1,90,0,0,90.0,90.0,0,0,0,4,0,0,3,0,0,1,0,0,0,0,0,1,90.0,1.0
12,Murillo,NFO,5.3,1,1,90,0,0,90.0,90.0,0,0,0,3,0,0,0,0,0,1,0,0,0,0,0,1,90.0,1.0
12,Matheus Cunha,WOL,7.9,1,1,90,0,1,90.0,90.0,2,1,0,1,0,0,0,0,0,0,3,3,0,3,1,16,5.6,16.0
12,Diego Carlos,AVL,4.5,1,1,90,0,0,90.0,90.0,0,0,0,2,0,0,0,1,0,1,0,0,0,0,0,0,0.0,0.0
12,Ismaila Sarr,CRY,6.6,1,1,89,0,1,89.0,89.0,1,1,0,2,0,0,0,0,0,0,2,2,0,3,1,13,6.8,13.0
12,Sarr (Pape),TOT,4.9,1,1,89,0,1,89.0,89.0,0,0,1,0,0,0,0,1,0,1,0,0,0,0,0,2,44.5,2.0
12,Schade,BRE,7.0,1,0,23,1,0,23.0,0.0,0,0,0,0,0,0,0,0,0,0,0,0,0,0,0,1,23.0,0.0
12,Schär,NEW,5.4,1,1,90,0,0,90.0,90.0,0,0,0,2,0,0,0,0,0,1,0,0,0,0,0,1,90.0,1.0
12,Schlupp,CRY,4.6,1,0,23,1,0,23.0,0.0,0,0,0,1,0,0,0,0,0,0,0,0,0,0,0,1,23.0,0.0
12,Sels,NFO,4.8,1,1,90,0,0,90.0,90.0,0,0,0,3,0,0,3,0,0,1,0,0,0,0,0,2,45.0,2.0
12,Semedo,WOL,4.5,1,1,90,0,1,90.0,90.0,0,0,0,1,0,0,0,0,0,1,0,0,0,0,0,2,45.0,2.0
12,Semenyo,BOU,8.1,1,1,90,0,0,90.0,90.0,0,0,0,2,0,0,0,1,0,1,0,0,0,0,0,1,90.0,1.0
12,Senesi,BOU,5.0,1,1,64,0,1,64.0,64.0,0,0,0,2,0,0,0,0,0,1,0,0,0,0,0,1,64.0,1.0
12,João Félix,CHE,5.9,1,1,80,0,1,80.0,80.0,0,0,1,0,0,0,0,0,0,1,0,0,0,0,0,3,26.7,3.0
12,Shaw,MUN,4.5,1,0,36,1,0,36.0,0.0,0,0,0,0,0,0,0,0,0,0,0,0,0,0,0,1,36.0,0.0
12,Skipp,LEI,4.7,1,0,83,1,0,83.0,0.0,0,0,0,2,0,0,0,1,0,0,0,0,0,0,0,1,83.0,0.0
12,Smith,BOU,4.4,1,1,75,0,1,75.0,75.0,0,0,0,2,0,0,0,0,0,1,0,0,0,0,0,1,75.0,1.0
12,Smith-Rowe,FUL,5.7,1,1,58,0,1,58.0,58.0,0,0,0,2,0,0,0,0,0,1,0,0,0,0,0,1,58.0,1.0
12,Solanke,TOT,7.2,1,1,90,0,0,90.0,90.0,0,1,1,0,0,0,0,0,0,0,1,1,0,0,0,5,18.0,5.0
12,Soler (Carlos),WHU,5.0,1,1,83,0,1,83.0,83.0,0,0,1,0,0,0,0,0,0,1,0,0,0,0,0,3,27.7,3.0
12,Son,TOT,8.5,1,1,63,0,1,63.0,63.0,0,1,1,0,0,0,0,0,0,0,1,1,0,0,0,6,10.5,6.0
12,Sosa,NFO,5.5,1,0,33,1,0,33.0,0.0,0,0,0,1,0,0,0,0,0,0,0,0,0,0,0,1,33.0,0.0
12,Soucek,WHU,5.7,1,1,90,0,0,90.0,90.0,1,0,1,0,0,0,0,0,0,0,1,1,0,2,1,10,9.0,10.0
12,Soumaré,LEI,4.4,1,1,90,0,0,90.0,90.0,0,0,0,2,0,0,0,1,0,1,0,0,0,0,0,1,90.0,1.0
12,Spence,TOT,4.5,1,0,5,1,0,5.0,0.0,0,0,0,0,0,0,0,0,0,0,0,0,0,0,0,1,5.0,0.0
12,Stephens,SOU,4.0,1,1,90,0,0,90.0,90.0,0,0,0,3,0,0,0,1,0,1,0,0,0,0,0,0,0.0,0.0
12,Sterling,ARS,6.7,1,0,13,1,0,13.0,0.0,0,1,0,0,0,0,0,0,0,0,1,1,0,0,0,4,3.3,0.0
12,Stones,MCI,5.5,1,1,45,0,1,45.0,45.0,0,0,0,2,0,0,0,0,0,1,0,0,0,0,0,0,0.0,0.0
12,Strand Larsen,WOL,6.4,1,1,90,0,0,90.0,90.0,0,1,0,1,0,0,0,0,0,0,1,1,0,0,0,5,18.0,5.0
12,Sugawara,SOU,4.2,1,0,22,1,0,22.0,0.0,0,0,0,1,0,0,0,0,0,0,0,0,0,0,0,1,22.0,0.0
12,Summerville,WHU,5.5,1,1,84,0,1,84.0,84.0,0,0,1,0,0,0,0,0,0,1,0,0,0,0,0,3,28.0,3.0
12,Szmodics,IPS,5.7,1,1,64,0,1,64.0,64.0,0,0,0,1,0,0,0,0,0,1,0,0,0,0,0,2,32.0,2.0
12,Szoboszlai,LIV,6.5,1,1,90,0,0,90.0,90.0,1,0,0,2,0,0,0,0,0,0,1,1,0,3,1,10,9.0,10.0
12,Tarkowski,EVE,5.5,1,1,90,0,0,90.0,90.0,0,0,1,0,0,0,0,0,0,0,0,1,0,1,0,7,12.9,7.0
12,Tavernier,BOU,5.5,1,1,90,0,0,90.0,90.0,0,0,0,2,0,0,0,0,0,1,0,0,0,0,0,2,45.0,2.0
12,Taylor (Jack),IPS,4.8,1,0,27,1,0,27.0,0.0,0,0,0,0,0,0,0,0,0,0,0,0,0,0,0,1,27.0,0.0
12,Tete,FUL,4.5,1,1,71,0,1,71.0,71.0,0,1,0,2,0,0,0,1,0,1,1,1,0,0,0,3,23.7,3.0
12,Tielemans,AVL,5.9,1,1,90,0,0,90.0,90.0,0,1,0,2,0,0,0,0,0,1,1,1,0,0,0,3,30.0,3.0
12,Jurriën Timber,ARS,6.1,1,1,88,0,1,88.0,88.0,0,0,1,0,0,0,0,0,0,0,0,1,0,0,0,6,14.7,6.0
12,Todibo,WHU,4.3,1,1,56,0,1,56.0,56.0,0,0,0,0,0,0,0,0,0,1,0,0,0,0,0,1,56.0,1.0
12,Lucas Paquetá,WHU,5.9,1,1,90,0,0,90.0,90.0,0,0,1,0,0,0,0,0,0,1,0,0,0,0,0,3,30.0,3.0
12,Tonali,NEW,5.4,1,0,40,1,0,40.0,0.0,0,0,0,0,0,0,0,0,0,0,0,0,0,0,0,1,40.0,0.0
12,Torres,AVL,4.3,1,1,90,0,0,90.0,90.0,0,0,0,2,0,0,0,0,0,1,0,0,0,0,0,1,90.0,1.0
12,Traoré (Adama),FUL,5.2,1,0,24,1,0,24.0,0.0,0,0,0,2,0,0,0,0,0,0,0,0,0,0,0,1,24.0,0.0
12,Amad Diallo,MUN,6.3,1,1,90,0,0,90.0,90.0,0,1,0,1,0,0,0,0,0,0,1,1,0,3,0,8,11.3,8.0
12,Trippier,NEW,5.0,1,0,13,1,0,13.0,0.0,0,0,0,0,0,0,0,0,0,0,0,0,0,0,0,1,13.0,0.0
12,Trossard,ARS,6.9,1,1,90,0,0,90.0,90.0,0,0,1,0,0,0,0,0,0,1,0,0,0,0,0,3,30.0,3.0
12,Tuanzebe,IPS,3.9,1,1,90,0,0,90.0,90.0,0,0,0,1,0,0,0,0,0,1,0,0,0,0,0,2,45.0,2.0
12,Destiny Udogie,TOT,4.4,1,1,89,0,1,89.0,89.0,0,0,1,0,0,0,0,0,0,0,0,1,0,0,0,6,14.8,6.0
12,Ugarte,MUN,4.8,1,0,36,1,0,36.0,0.0,0,0,0,0,0,0,0,0,0,0,0,0,0,0,0,1,36.0,0.0
12,Ugochukwu,SOU,5.0,1,0,45,1,0,45.0,0.0,0,0,0,2,0,0,0,0,0,0,0,0,0,0,0,1,45.0,0.0
12,Unal,BOU,5.4,1,0,18,1,0,18.0,0.0,0,1,0,0,0,0,0,0,0,0,1,1,0,0,0,4,4.5,0.0
12,van den Berg,BRE,4.5,1,1,90,0,0,90.0,90.0,0,0,1,0,0,0,0,0,0,0,0,1,0,0,0,6,15.0,6.0
12,van Dijk,LIV,6.0,1,1,90,0,0,90.0,90.0,0,0,0,2,0,0,0,0,0,1,0,0,0,0,0,1,90.0,1.0
12,van Hecke,BHA,4.4,1,1,90,0,0,90.0,90.0,0,0,0,1,0,0,0,1,0,1,0,0,0,0,0,1,90.0,1.0
12,Vardy,LEI,5.4,1,1,79,0,1,79.0,79.0,0,0,0,2,0,0,0,0,0,1,0,0,0,0,0,2,39.5,2.0
12,Bernardo Silva,MCI,6.3,1,1,90,0,0,90.0,90.0,0,0,0,4,0,0,0,1,0,1,0,0,0,0,0,1,90.0,1.0
12,Veltman,BHA,4.4,1,1,90,0,0,90.0,90.0,0,0,0,1,0,0,0,0,0,1,0,0,0,0,0,2,45.0,2.0
12,Verbruggen,BHA,4.4,1,1,90,0,0,90.0,90.0,0,0,0,1,0,0,4,0,0,1,0,0,0,0,0,3,30.0,3.0
12,Vicario,TOT,5.1,1,1,90,0,0,90.0,90.0,0,0,1,0,0,0,5,0,0,0,0,1,0,1,0,8,11.3,8.0
12,Walker,MCI,4.4,1,1,90,0,0,90.0,90.0,0,0,0,4,0,0,0,0,0,1,0,0,0,0,0,0,0.0,0.0
12,Walker-Peters,SOU,4.4,1,1,90,0,0,90.0,90.0,0,0,0,3,0,0,0,0,0,1,0,0,0,0,0,1,90.0,1.0
12,Wan-Bissaka,WHU,4.3,1,1,90,0,0,90.0,90.0,1,0,1,0,0,0,0,0,0,0,1,2,0,3,1,15,6.0,15.0
12,Ward-Prowse,WHU,5.7,1,1,90,0,0,90.0,90.0,0,0,0,3,0,0,0,0,0,1,0,0,0,0,0,2,45.0,2.0
12,Watkins,AVL,8.5,1,1,90,0,0,90.0,90.0,1,0,0,2,0,0,0,0,0,0,1,1,0,1,0,7,12.9,7.0
12,Welbeck,BHA,6.4,1,1,86,0,1,86.0,86.0,0,0,1,0,0,0,0,0,0,1,0,0,0,0,0,2,43.0,2.0
12,Werner,TOT,6.2,1,0,6,1,0,6.0,0.0,0,1,0,0,0,0,0,0,0,0,1,1,0,0,0,4,1.5,0.0
12,Wieffer,BHA,4.9,1,0,34,1,0,34.0,0.0,0,0,0,1,0,0,0,0,0,0,0,0,0,0,0,1,34.0,0.0
12,Williams (Neco),NFO,4.7,1,0,23,1,0,23.0,0.0,0,0,0,1,0,0,0,0,0,0,0,0,0,0,0,1,23.0,0.0
12,Willock,NEW,5.0,1,1,45,0,1,45.0,45.0,0,0,0,1,0,0,0,0,0,1,0,0,0,0,0,1,45.0,1.0
12,Wilson (Callum),NEW,5.9,1,0,29,1,0,29.0,0.0,0,0,0,0,0,0,0,0,0,0,0,0,0,0,0,1,29.0,0.0
12,Wilson (Harry),FUL,5.3,1,0,36,1,0,36.0,0.0,0,0,0,2,0,0,0,0,0,0,0,0,0,0,0,1,36.0,0.0
12,Winks,LEI,4.3,1,1,9,0,1,9.0,9.0,0,0,0,0,0,0,0,0,0,1,0,0,0,0,0,1,9.0,1.0
12,Wissa,BRE,7.4,1,1,69,0,1,69.0,69.0,0,0,1,0,0,0,0,0,0,1,0,0,0,0,0,2,34.5,2.0
12,Wood (Chris),NFO,7.2,1,0,33,1,0,33.0,0.0,0,0,0,1,0,0,0,0,0,0,0,0,0,0,0,1,33.0,0.0
12,Yarmolyuk,BRE,5.0,1,0,9,1,0,9.0,0.0,0,0,0,0,0,0,0,0,0,0,0,0,0,0,0,1,9.0,0.0
12,Yates,NFO,4.8,1,1,90,0,0,90.0,90.0,0,0,0,3,0,0,0,1,0,1,0,0,0,0,0,1,90.0,1.0
12,Young (Ashley),EVE,4.2,1,1,90,0,0,90.0,90.0,0,0,1,0,0,0,0,0,0,0,0,1,0,3,0,9,10.0,9.0
12,Zabarnyi,BOU,5.0,1,1,90,0,0,90.0,90.0,0,0,0,2,0,0,0,0,0,1,0,0,0,0,0,1,90.0,1.0
12,Zinchenko,ARS,4.9,1,0,29,1,0,29.0,0.0,0,0,0,0,0,0,0,0,0,0,0,0,0,0,0,1,29.0,0.0
12,Zirkzee,MUN,5.8,1,0,24,1,0,24.0,0.0,0,0,0,0,0,0,0,0,0,0,0,0,0,0,0,1,24.0,0.0
13,Adams (Tyler),BOU,5.0,1,1,90,0,0,90.0,90.0,0,0,0,2,0,0,0,0,0,1,0,0,0,0,0,2,45.0,2.0
13,Adingra,BHA,5.1,1,0,30,1,0,30.0,0.0,0,0,0,0,0,0,0,0,0,0,0,0,0,0,0,1,30.0,0.0
13,Aina,NFO,4.7,1,1,90,0,0,90.0,90.0,0,0,1,0,0,0,0,0,0,0,0,1,0,2,0,8,11.3,8.0
13,Ait Nouri,WOL,5.8,1,1,90,0,0,90.0,90.0,0,0,0,4,0,0,0,0,0,1,0,0,0,0,0,0,0.0,0.0
13,Akanji,MCI,5.4,1,1,90,0,0,90.0,90.0,0,0,0,2,0,0,0,1,0,1,0,0,0,0,0,0,0.0,0.0
13,Aké,MCI,5.4,1,1,90,0,0,90.0,90.0,0,0,0,2,0,0,0,0,0,1,0,0,0,0,0,1,90.0,1.0
13,Alexander-Arnold,LIV,7.2,1,1,72,0,1,72.0,72.0,0,0,1,0,0,0,0,0,0,0,0,1,0,2,0,8,9.0,8.0
13,Álvarez (Edson),WHU,4.9,1,0,45,1,0,45.0,0.0,0,0,0,0,0,0,0,0,0,0,0,0,0,0,0,1,45.0,0.0
13,Anderson,NFO,5.3,1,1,71,0,1,71.0,71.0,0,0,1,0,0,0,0,0,0,1,0,0,0,0,0,3,23.7,3.0
13,Antonio,WHU,5.2,1,1,62,0,1,62.0,62.0,0,0,0,5,0,0,0,0,0,1,0,0,0,0,0,2,31.0,2.0
13,Joelinton,NEW,5.9,1,1,90,0,0,90.0,90.0,0,0,0,1,0,0,0,0,0,1,0,0,0,0,0,2,45.0,2.0
13,Archer,SOU,4.8,1,1,83,0,1,83.0,83.0,0,0,0,1,0,0,0,0,0,1,0,0,0,0,0,2,41.5,2.0
13,Aribo,SOU,4.9,1,0,33,1,0,33.0,0.0,0,0,0,0,0,0,0,0,0,0,0,0,0,0,0,1,33.0,0.0
13,Armstrong (Adam),SOU,5.1,1,1,86,0,1,86.0,86.0,0,1,0,1,0,0,0,0,0,0,1,1,0,0,0,5,17.2,5.0
13,Kepa,BOU,4.2,1,1,90,0,0,90.0,90.0,0,0,0,2,0,0,1,0,0,1,0,0,0,0,0,1,90.0,1.0
13,Ayari,BHA,4.9,1,1,90,0,0,90.0,90.0,0,0,0,1,0,0,0,0,0,1,0,0,0,0,0,2,45.0,2.0
13,Ayew,LEI,5.1,1,1,79,0,1,79.0,79.0,0,0,0,4,0,0,0,0,0,1,0,0,0,0,0,2,39.5,2.0
13,Badiashile,CHE,4.4,1,0,36,1,0,36.0,0.0,0,0,0,0,0,0,0,0,0,0,0,0,0,0,0,1,36.0,0.0
13,Bailey,AVL,5.5,1,0,29,1,0,29.0,0.0,0,0,0,1,0,0,0,0,0,0,0,0,0,0,0,1,29.0,0.0
13,Barkley,AVL,4.8,1,0,34,1,0,34.0,0.0,0,0,0,1,0,0,0,0,0,0,0,0,0,0,0,1,34.0,0.0
13,Barnes,NEW,6.4,1,0,73,1,0,73.0,0.0,0,0,0,1,0,0,0,0,0,0,0,0,0,0,0,2,36.5,0.0
13,Bassey,FUL,4.5,1,1,90,0,0,90.0,90.0,0,0,0,1,0,0,0,0,0,1,0,0,0,0,0,2,45.0,2.0
13,Bellegarde,WOL,5.2,1,1,64,0,1,64.0,64.0,0,1,0,3,0,0,0,0,0,0,1,1,0,0,0,5,12.8,5.0
13,Berge,FUL,4.9,1,1,90,0,0,90.0,90.0,0,0,0,1,0,0,0,0,0,1,0,0,0,0,0,2,45.0,2.0
13,Bergvall,TOT,5.4,1,0,13,1,0,13.0,0.0,0,0,0,0,0,0,0,0,0,0,0,0,0,0,0,1,13.0,0.0
13,Billing,BOU,4.9,1,0,21,1,0,21.0,0.0,0,0,0,0,0,0,0,0,0,0,0,0,0,0,0,1,21.0,0.0
13,Bissouma,TOT,5.2,1,1,90,0,0,90.0,90.0,0,0,0,1,0,0,0,0,0,1,0,0,0,0,0,2,45.0,2.0
13,Carlos Borges,WOL,5.4,1,0,30,1,0,30.0,0.0,0,0,0,1,0,0,0,0,0,0,0,0,0,0,0,1,30.0,0.0
13,Bruno Fernandes,MUN,8.9,1,1,65,0,1,65.0,65.0,0,2,1,0,0,0,0,0,0,0,2,2,0,0,0,9,7.2,9.0
13,Bowen,WHU,7.8,1,1,90,0,0,90.0,90.0,0,0,0,5,0,0,0,0,0,1,0,0,0,0,0,2,45.0,2.0
13,Branthwaite,EVE,5.3,1,1,90,0,0,90.0,90.0,0,0,0,4,0,0,0,0,0,1,0,0,0,0,0,0,0.0,0.0
13,Brereton,SOU,4.8,1,0,12,1,0,12.0,0.0,0,0,0,0,0,0,0,0,0,0,0,0,0,0,0,1,12.0,0.0
13,Broadhead,IPS,4.9,1,0,19,1,0,19.0,0.0,0,0,0,0,0,0,0,0,0,0,0,0,0,0,0,1,19.0,0.0
13,Brooks,BOU,5.0,1,1,63,0,1,63.0,63.0,0,0,0,1,0,0,0,0,0,1,0,0,0,0,0,2,31.5,2.0
13,Buendía,AVL,5.3,1,0,12,1,0,12.0,0.0,0,0,0,0,0,0,0,0,0,0,0,0,0,0,0,1,12.0,0.0
13,Buonanotte,LEI,4.8,1,1,64,0,1,64.0,64.0,1,0,0,4,0,0,0,0,0,0,1,1,0,1,0,8,8.0,8.0
13,Burgess,IPS,3.8,1,1,90,0,0,90.0,90.0,0,0,0,1,0,0,0,0,0,1,0,0,0,0,0,2,45.0,2.0
13,Burn,NEW,5.1,1,1,90,0,0,90.0,90.0,0,0,0,1,0,0,0,0,0,0,0,0,0,2,0,4,22.5,4.0
13,Burns,IPS,4.7,1,0,22,1,0,22.0,0.0,0,0,0,0,0,0,0,0,0,0,0,0,0,0,0,1,22.0,0.0
13,Moises Caicedo,CHE,5.9,1,1,90,0,0,90.0,90.0,0,0,1,0,0,0,0,0,0,1,0,0,0,0,0,3,30.0,3.0
13,Cairney,FUL,4.9,1,0,20,1,0,20.0,0.0,1,0,0,0,0,0,0,0,1,0,1,1,0,0,0,3,6.7,0.0
13,Cajuste,IPS,4.5,1,1,74,0,1,74.0,74.0,0,0,0,1,0,0,0,1,0,1,0,0,0,0,0,1,74.0,1.0
13,Calafiori,ARS,5.8,1,1,56,0,1,56.0,56.0,0,0,0,2,0,0,0,0,0,1,0,0,0,0,0,0,0.0,0.0
13,Calvert-Lewin,EVE,5.5,1,0,26,1,0,26.0,0.0,0,0,0,0,0,0,0,0,0,0,0,0,0,0,0,1,26.0,0.0
13,Carvalho,BRE,4.9,1,0,25,1,0,25.0,0.0,0,0,0,0,0,0,0,0,0,0,0,0,0,0,0,1,25.0,0.0
13,Cash,AVL,4.6,1,1,90,0,0,90.0,90.0,0,0,0,3,0,0,0,1,0,1,0,0,0,0,0,0,0.0,0.0
13,Castagne,FUL,4.4,1,0,12,1,0,12.0,0.0,0,0,0,0,0,0,0,0,0,0,0,0,0,0,0,1,12.0,0.0
13,Chalobah,CHE,5.1,1,1,83,0,1,83.0,83.0,0,0,0,1,0,0,0,0,0,1,0,0,0,0,0,2,41.5,2.0
13,Chaplin,IPS,5.1,1,1,74,0,1,74.0,74.0,0,0,0,1,0,0,0,0,0,1,0,0,0,0,0,2,37.0,2.0
13,Christie,BOU,5.0,1,1,90,0,0,90.0,90.0,0,0,0,2,0,0,0,0,0,1,0,0,0,0,0,2,45.0,2.0
13,Harry Clarke,IPS,4.0,1,0,19,1,0,19.0,0.0,0,0,0,0,0,0,0,0,0,0,0,0,0,0,0,1,19.0,0.0
13,Clarke (Jack),IPS,5.4,1,0,32,1,0,32.0,0.0,0,0,0,0,0,0,0,0,0,0,0,0,0,0,0,1,32.0,0.0
13,Coady,LEI,4.0,1,1,90,0,0,90.0,90.0,0,0,0,4,0,0,0,0,0,1,0,0,0,0,0,0,0.0,0.0
13,Collins,BRE,4.9,1,1,90,0,0,90.0,90.0,0,1,0,1,0,0,0,0,0,0,1,1,0,0,0,5,18.0,5.0
13,Colwill,CHE,4.8,1,1,90,0,0,90.0,90.0,0,0,1,0,0,0,0,0,0,0,0,1,0,0,0,6,15.0,6.0
13,Coufal,WHU,4.1,1,0,31,1,0,31.0,0.0,0,0,0,0,0,0,0,0,0,0,0,0,0,0,0,1,31.0,0.0
13,Cucurella,CHE,6.1,1,1,90,0,0,90.0,90.0,0,1,1,0,0,0,0,0,0,0,1,2,0,2,1,11,8.2,11.0
13,André,WOL,5.4,1,1,78,0,1,78.0,78.0,0,0,0,4,0,0,0,0,0,1,0,0,0,0,0,2,39.0,2.0
13,Daka,LEI,4.8,1,0,30,1,0,30.0,0.0,0,0,0,0,0,0,0,0,0,0,0,0,0,0,0,1,30.0,0.0
13,Dalot,MUN,4.4,1,1,90,0,0,90.0,90.0,0,0,1,0,0,0,0,0,0,0,0,1,0,0,0,6,15.0,6.0
13,Damsgaard,BRE,5.8,1,1,69,0,1,69.0,69.0,0,1,0,1,0,0,0,0,0,0,1,1,0,0,0,5,13.8,5.0
13,Davies (Ben),TOT,4.3,1,1,90,0,0,90.0,90.0,0,0,0,1,0,0,0,0,0,1,0,0,0,0,0,2,45.0,2.0
13,Davis,IPS,4.2,1,1,90,0,0,90.0,90.0,0,0,0,1,0,0,0,0,0,1,0,0,0,0,0,2,45.0,2.0
13,Dawson,WOL,4.2,1,0,45,1,0,45.0,0.0,0,0,0,1,0,0,0,1,0,0,0,0,0,0,0,0,0.0,0.0
13,De Bruyne,MCI,9.5,1,0,16,1,0,16.0,0.0,0,0,0,0,0,0,0,0,0,0,0,0,0,0,0,1,16.0,0.0
13,Jesus,ARS,6.4,1,0,22,1,0,22.0,0.0,0,0,0,0,0,0,0,0,0,0,0,0,0,0,0,1,22.0,0.0
13,de Ligt,MUN,5.0,1,1,55,0,1,55.0,55.0,0,0,0,0,0,0,0,0,0,1,0,0,0,0,0,1,55.0,1.0
13,Evanilson,BOU,7.0,1,1,74,0,1,74.0,74.0,0,3,0,2,0,0,0,0,0,0,3,3,0,1,1,12,6.2,12.0
13,DeCordova-Reid,LEI,5.2,1,0,15,1,0,15.0,0.0,0,0,0,0,0,0,0,0,0,0,0,0,0,0,0,1,15.0,0.0
13,Delap,IPS,6.2,1,1,90,0,0,90.0,90.0,0,0,0,1,0,0,0,0,0,1,0,0,0,0,0,2,45.0,2.0
13,Devenny,CRY,4.4,1,0,32,1,0,32.0,0.0,0,0,0,0,0,0,0,0,0,0,0,0,0,0,0,1,32.0,0.0
13,Díaz,LIV,8.0,1,1,90,0,1,90.0,90.0,0,1,1,0,0,0,0,0,0,0,1,1,0,0,0,6,15.0,6.0
13,Dibling,SOU,5.4,1,1,90,0,0,90.0,90.0,0,0,0,1,0,0,0,1,0,1,0,0,0,0,0,1,90.0,1.0
13,Digne,AVL,4.5,1,1,90,0,0,90.0,90.0,0,0,0,3,0,0,0,0,0,1,0,0,0,0,0,1,90.0,1.0
13,Diop,FUL,4.4,1,1,90,0,0,90.0,90.0,0,0,0,1,0,0,0,0,0,1,0,0,0,0,0,2,45.0,2.0
13,Doku,MCI,6.5,1,0,37,1,0,37.0,0.0,0,0,0,1,0,0,0,0,0,0,0,0,0,0,0,1,37.0,0.0
13,Nicolás Domínguez,NFO,5.0,1,0,25,1,0,25.0,0.0,0,0,0,0,0,0,0,0,0,0,0,0,0,0,0,1,25.0,0.0
13,Igor Julio,BHA,4.5,1,1,90,0,0,90.0,90.0,0,0,0,1,0,0,0,0,0,1,0,0,0,0,0,2,45.0,2.0
13,Gabriel Magalhães,ARS,6.5,1,1,45,0,1,45.0,45.0,1,1,0,2,0,0,0,0,0,0,2,2,0,0,0,9,5.0,9.0
13,Doucouré,EVE,5.1,1,1,90,0,0,90.0,90.0,0,0,0,4,0,0,0,0,0,1,0,0,0,0,0,2,45.0,2.0
13,Downes,SOU,4.7,1,1,65,0,1,65.0,65.0,1,0,0,1,0,0,0,1,0,0,1,1,0,0,0,6,10.8,6.0
13,Dragusin,TOT,4.5,1,1,90,0,0,90.0,90.0,0,0,0,1,0,0,0,0,0,1,0,0,0,0,0,2,45.0,2.0
13,Dunk,BHA,4.5,1,0,30,1,0,30.0,0.0,0,0,0,0,0,0,0,0,0,0,0,0,0,0,0,1,30.0,0.0
13,Durán,AVL,5.7,1,0,29,1,0,29.0,0.0,0,0,0,1,0,0,0,0,0,0,0,0,0,0,0,1,29.0,0.0
13,Elanga,NFO,6.7,1,0,20,1,0,20.0,0.0,0,0,0,0,0,0,0,0,0,0,0,0,0,0,0,1,20.0,0.0
13,Elliott,LIV,5.4,1,0,4,1,0,4.0,0.0,0,0,0,0,0,0,0,0,0,0,0,0,0,0,0,1,4.0,0.0
13,Mateus Fernandes,SOU,5.5,1,1,90,0,0,90.0,90.0,0,0,0,1,0,0,0,0,0,1,0,0,0,0,0,2,45.0,2.0
13,Estupiñán,BHA,4.5,1,1,90,0,0,90.0,90.0,0,0,0,1,0,0,0,0,0,0,0,0,0,2,0,4,22.5,4.0
13,Eze,CRY,7.6,1,1,65,0,1,65.0,65.0,0,0,0,1,0,0,0,0,0,1,0,0,0,0,0,2,32.5,2.0
13,Fabianski,WHU,4.5,1,1,90,0,0,90.0,90.0,0,0,0,5,0,0,2,1,0,1,0,0,0,0,0,0,0.0,0.0
13,Faes,LEI,3.8,1,1,90,0,0,90.0,90.0,0,0,0,4,0,0,0,0,0,1,0,0,0,0,0,0,0.0,0.0
13,Ferguson,WHU,5.5,1,0,25,1,0,25.0,0.0,0,0,0,0,0,0,0,0,0,0,0,0,0,0,0,1,25.0,0.0
13,Fernández,CHE,6.7,1,1,90,0,0,90.0,90.0,1,0,1,0,0,0,0,0,0,0,1,1,0,1,0,9,10.0,9.0
13,Jota Silva,NFO,5.4,1,1,76,0,1,76.0,76.0,0,1,1,0,0,0,0,0,0,0,1,1,0,0,0,6,12.7,6.0
13,Flekken,BRE,4.5,1,1,90,0,0,90.0,90.0,0,0,0,1,0,0,2,0,0,1,0,0,0,0,0,2,45.0,2.0
13,Foden,MCI,8.0,1,1,78,0,1,78.0,78.0,0,0,0,2,0,0,0,1,0,1,0,0,0,0,0,1,78.0,1.0
13,Fofana (Wesley),CHE,4.4,1,1,58,0,1,58.0,58.0,0,0,0,0,0,0,0,0,0,1,0,0,0,0,0,1,58.0,1.0
13,Forster,TOT,4.3,1,1,90,0,0,90.0,90.0,0,0,0,1,0,0,5,0,0,1,0,0,0,0,0,3,30.0,3.0
13,Casemiro,MUN,5.5,1,1,65,0,1,65.0,65.0,0,0,1,0,0,0,0,0,0,1,0,0,0,0,0,3,21.7,3.0
13,Fraser (Ryan),SOU,4.8,1,0,33,1,0,33.0,0.0,0,0,0,0,0,0,0,0,0,0,0,0,0,0,0,1,33.0,0.0
13,Jorginho,ARS,4.6,1,1,90,0,0,90.0,90.0,0,0,0,2,0,0,0,0,0,1,0,0,0,0,0,2,45.0,2.0
13,Gakpo,LIV,7.6,1,1,72,0,1,72.0,72.0,1,0,1,0,0,0,0,0,0,0,1,1,0,3,0,9,8.0,9.0
13,Gonçalo Guedes,WOL,5.5,1,0,30,1,0,30.0,0.0,0,1,0,1,0,0,0,0,0,0,1,1,0,0,0,4,7.5,0.0
13,Garnacho,MUN,6.4,1,0,27,1,0,27.0,0.0,0,0,0,0,0,0,0,0,0,0,0,0,0,0,0,1,27.0,0.0
13,Rúben Dias,MCI,5.5,1,1,90,0,0,90.0,90.0,0,0,0,2,0,0,0,0,0,1,0,0,0,0,0,1,90.0,1.0
13,Gibbs-White,NFO,7.3,1,1,76,0,1,76.0,76.0,0,0,1,0,0,0,0,1,0,1,0,0,0,0,0,2,38.0,2.0
13,Rodrigo Gomes,WOL,4.5,1,1,45,0,1,45.0,45.0,0,0,0,3,0,0,0,0,0,1,0,0,0,0,0,1,45.0,1.0
13,Toti,WOL,4.3,1,1,64,0,1,64.0,64.0,0,0,0,3,0,0,0,0,0,1,0,0,0,0,0,1,64.0,1.0
13,Beto,EVE,5.2,1,1,66,0,1,66.0,66.0,0,0,0,4,0,0,0,0,0,1,0,0,0,0,0,2,33.0,2.0
13,João Gomes,WOL,5.4,1,1,90,0,0,90.0,90.0,0,0,0,4,0,0,0,0,0,1,0,0,0,0,0,2,45.0,2.0
13,Gomez,LIV,4.9,1,1,90,0,0,90.0,90.0,0,0,1,0,0,0,0,0,0,0,0,1,0,0,0,6,15.0,6.0
13,Gordon (Anthony),NEW,7.5,1,1,74,0,1,74.0,74.0,0,1,1,0,0,0,0,1,0,0,1,1,0,0,0,5,14.8,5.0
13,Gravenberch,LIV,5.6,1,1,90,0,0,90.0,90.0,0,0,1,0,0,0,0,1,0,1,0,0,0,0,0,2,45.0,2.0
13,Gray (Archie),TOT,4.8,1,0,11,1,1,11.0,0.0,0,0,0,0,0,0,0,0,0,0,0,0,0,0,0,1,11.0,0.0
13,Grealish,MCI,6.9,1,0,16,1,0,16.0,0.0,0,0,0,0,0,0,0,0,0,0,0,0,0,0,0,1,16.0,0.0
13,Marc Guehi,CRY,4.9,1,1,90,0,0,90.0,90.0,0,1,0,1,1,0,0,1,0,1,1,1,0,1,0,3,30.0,3.0
13,Gueye,EVE,5.4,1,1,66,0,1,66.0,66.0,0,0,0,4,0,0,0,1,0,1,0,0,0,0,0,1,66.0,1.0
13,Bruno Guimarães,NEW,6.5,1,1,90,0,0,90.0,90.0,0,0,0,1,0,0,0,0,0,1,0,0,0,0,0,2,45.0,2.0
13,Gundogan,MCI,6.3,1,1,57,0,1,57.0,57.0,0,0,0,1,0,0,0,0,0,1,0,0,0,0,0,1,57.0,1.0
13,Gusto,CHE,4.9,1,0,10,1,0,10.0,0.0,0,0,0,0,0,0,0,0,0,0,0,0,0,0,0,1,10.0,0.0
13,Haaland,MCI,14.8,1,1,90,0,0,90.0,90.0,0,0,0,2,0,0,0,0,0,1,0,0,0,0,0,2,45.0,2.0
13,Lewis Hall,NEW,5.2,1,1,90,0,0,90.0,90.0,0,0,0,1,0,0,0,0,0,1,0,0,0,0,0,2,45.0,2.0
13,Harrison (Jack),EVE,5.2,1,0,26,1,0,26.0,0.0,0,0,0,0,0,0,0,0,0,0,0,0,0,0,0,1,26.0,0.0
13,Harwood-Bellis,SOU,3.9,1,1,90,0,0,90.0,90.0,0,0,0,1,0,0,0,1,0,1,0,0,0,0,0,1,90.0,1.0
13,Havertz,ARS,7.3,1,1,90,0,0,90.0,90.0,1,0,0,2,0,0,0,0,0,0,1,1,0,0,0,6,15.0,6.0
13,Henderson,CRY,5.0,1,1,90,0,0,90.0,90.0,0,0,0,1,0,0,0,0,0,1,0,0,0,0,0,2,45.0,2.0
13,Hermansen,LEI,4.4,1,1,90,0,0,90.0,90.0,0,0,0,4,0,0,2,0,0,1,0,0,0,0,0,0,0.0,0.0
13,Hudson-Odoi,NFO,5.8,1,1,86,0,1,86.0,86.0,0,0,1,0,0,0,0,0,0,1,0,0,0,0,0,3,28.7,3.0
13,Hughes,CRY,4.8,1,1,76,0,1,76.0,76.0,0,0,0,1,0,0,0,0,0,1,0,0,0,0,0,2,38.0,2.0
13,Huijsen,BOU,4.5,1,0,17,1,0,17.0,0.0,0,0,0,0,0,0,0,0,0,0,0,0,0,0,0,1,17.0,0.0
13,Hutchinson,IPS,5.4,1,1,77,0,1,77.0,77.0,0,0,0,1,0,0,0,0,0,1,0,0,0,0,0,2,38.5,2.0
13,Hwang Hee-Chan,WOL,5.8,1,0,16,1,0,16.0,0.0,0,0,0,0,0,0,0,0,0,0,0,0,0,0,0,1,16.0,0.0
13,Ings,WHU,4.8,1,0,31,1,0,31.0,0.0,0,0,0,0,0,0,0,0,0,0,0,0,0,0,0,1,31.0,0.0
13,Irving,WHU,4.4,1,0,18,1,0,18.0,0.0,0,0,0,0,0,0,0,0,0,0,0,0,0,0,0,1,18.0,0.0
13,Isak,NEW,10.4,1,1,17,0,1,17.0,17.0,0,0,0,0,0,0,0,0,0,1,0,0,0,0,0,1,17.0,1.0
13,Iwobi,FUL,6.5,1,1,84,0,1,84.0,84.0,0,1,0,1,0,0,0,0,0,0,1,1,0,0,0,5,16.8,5.0
13,Jackson (Nicolas),CHE,6.5,1,1,68,0,1,68.0,68.0,1,0,1,0,0,0,0,0,0,0,1,1,0,0,0,6,11.3,6.0
13,Janelt,BRE,4.9,1,0,57,1,0,57.0,0.0,0,0,0,0,0,0,0,0,0,0,0,0,0,0,0,1,57.0,0.0
13,Jensen,BRE,4.9,1,1,37,0,1,37.0,37.0,0,0,0,1,0,0,0,0,0,1,0,0,0,0,0,1,37.0,1.0
13,Raúl Jiménez,FUL,6.2,1,1,78,0,1,78.0,78.0,0,0,0,1,0,0,0,0,0,1,0,0,0,0,0,2,39.0,2.0
13,Johnson (Brennan),TOT,6.7,1,1,90,0,0,90.0,90.0,1,0,0,1,0,0,0,0,0,0,1,1,0,3,1,10,9.0,10.0
13,Jones,LIV,5.4,1,0,10,1,0,10.0,0.0,0,0,0,0,0,0,0,0,0,0,0,0,0,0,0,1,10.0,0.0
13,João Pedro,BHA,7.4,1,1,68,0,1,68.0,68.0,0,0,0,1,0,0,0,0,0,1,0,0,0,0,0,2,34.0,2.0
13,Justin,LEI,4.0,1,1,90,0,0,90.0,90.0,0,0,0,4,0,0,0,1,0,1,0,0,0,0,0,0,0.0,0.0
13,Kamara,AVL,4.9,1,1,60,0,1,60.0,60.0,0,0,0,2,0,0,0,0,0,1,0,0,0,0,0,2,30.0,2.0
13,Kelleher,LIV,4.5,1,1,90,0,0,90.0,90.0,0,0,1,0,0,0,3,0,0,0,0,1,0,0,0,7,12.9,7.0
13,Kerkez,BOU,5.8,1,1,90,0,0,90.0,90.0,1,0,0,2,0,0,0,0,0,0,1,1,0,0,0,7,12.9,7.0
13,Kilman,WHU,4.3,1,1,90,0,0,90.0,90.0,0,0,0,5,0,0,0,0,0,1,0,0,0,0,0,0,0.0,0.0
13,Kiwior,ARS,5.4,1,0,45,1,0,45.0,0.0,0,0,0,0,0,0,0,0,0,0,0,0,0,0,0,1,45.0,0.0
13,Kluivert,BOU,7.0,1,1,73,0,1,73.0,73.0,3,0,0,2,0,0,0,0,0,0,3,3,0,3,1,20,3.7,20.0
13,Konsa Ngoyo,AVL,4.4,1,1,90,0,0,90.0,90.0,0,0,0,3,0,0,0,0,0,1,0,0,0,0,0,1,90.0,1.0
13,Kulusevski,TOT,6.4,1,0,29,1,0,29.0,0.0,0,0,0,0,0,0,0,0,0,0,0,0,0,0,0,1,29.0,0.0
13,Lacroix,CRY,5.0,1,1,90,0,0,90.0,90.0,0,0,0,1,0,0,0,0,0,1,0,0,0,0,0,2,45.0,2.0
13,Lamptey,BHA,4.4,1,1,68,0,1,68.0,68.0,0,1,0,1,0,0,0,0,0,0,1,1,0,0,0,5,13.6,5.0
13,Lankshear,TOT,4.5,1,0,2,1,0,2.0,0.0,0,0,0,0,0,0,0,0,0,0,0,0,0,0,0,1,2.0,0.0
13,Lavia,CHE,4.9,1,1,84,0,1,84.0,84.0,0,0,1,0,0,0,0,0,0,1,0,0,0,0,0,3,28.0,3.0
13,Lemina (Mario),WOL,4.8,1,1,90,0,0,90.0,90.0,0,0,0,4,0,0,0,1,0,1,0,0,0,0,0,1,90.0,1.0
13,Leno,FUL,5.0,1,1,90,0,0,90.0,90.0,0,0,0,1,0,0,2,0,0,1,0,0,0,0,0,2,45.0,2.0
13,Lerma,CRY,4.9,1,1,90,0,0,90.0,90.0,0,0,0,1,0,0,0,1,0,1,0,0,0,0,0,1,90.0,1.0
13,Lewis (Rico),MCI,4.9,1,1,78,0,1,78.0,78.0,0,0,0,2,0,0,0,0,0,1,0,0,0,0,0,1,78.0,1.0
13,Lewis-Potter,BRE,4.9,1,1,90,0,0,90.0,90.0,0,0,0,1,0,0,0,1,0,1,0,0,0,0,0,1,90.0,1.0
13,Lindstrom,EVE,5.0,1,1,66,0,1,66.0,66.0,0,0,0,4,0,0,0,0,0,1,0,0,0,0,0,2,33.0,2.0
13,Livramento,NEW,4.9,1,1,90,0,0,90.0,90.0,0,0,0,1,0,0,0,0,0,1,0,0,0,0,0,2,45.0,2.0
13,Longstaff (Sean),NEW,4.9,1,0,22,1,0,22.0,0.0,0,0,0,1,0,0,0,0,0,0,0,0,0,0,0,1,22.0,0.0
13,Lukic,FUL,5.0,1,1,61,0,1,61.0,61.0,0,0,0,1,0,0,0,1,0,1,0,0,0,0,0,1,61.0,1.0
13,Lumley,SOU,4.0,1,1,90,0,0,90.0,90.0,0,0,0,1,0,0,4,0,0,1,0,0,0,0,0,3,30.0,3.0
13,Mac Allister,LIV,6.3,1,1,90,0,0,90.0,90.0,0,0,1,0,0,0,0,0,0,1,0,0,0,0,0,3,30.0,3.0
13,Maddison,TOT,6.9,1,1,83,0,1,83.0,83.0,0,0,0,1,0,0,0,0,0,1,0,0,0,0,0,2,41.5,2.0
13,Madueke,CHE,6.8,1,0,25,1,0,25.0,0.0,0,1,0,0,0,0,0,1,0,0,1,1,0,0,0,3,8.3,0.0
13,Maguire,MUN,4.4,1,0,37,1,0,37.0,0.0,0,0,0,0,0,0,0,0,0,0,0,0,0,0,0,1,37.0,0.0
13,Mainoo,MUN,4.8,1,1,79,0,1,79.0,79.0,0,0,1,0,0,0,0,1,0,1,0,0,0,0,0,2,39.5,2.0
13,José Sá,WOL,4.4,1,1,90,0,0,90.0,90.0,0,0,0,4,0,0,4,1,0,1,0,0,0,0,0,0,0.0,0.0
13,Mangala,EVE,5.0,1,0,26,1,0,26.0,0.0,0,0,0,0,0,0,0,0,0,0,0,0,0,0,0,1,26.0,0.0
13,Manning,SOU,4.3,1,1,90,0,0,90.0,90.0,0,0,0,1,0,0,0,0,0,1,0,0,0,0,0,2,45.0,2.0
13,Martinez,AVL,5.0,1,1,45,0,1,45.0,45.0,0,0,0,2,0,0,3,0,0,1,0,0,0,0,0,1,45.0,1.0
13,Martínez,MUN,4.8,1,1,90,0,0,90.0,90.0,0,0,1,0,0,0,0,1,0,0,0,1,0,0,0,5,18.0,5.0
13,Mateta,CRY,7.7,1,1,90,0,0,90.0,90.0,0,0,0,1,0,0,0,0,0,1,0,0,0,0,0,2,45.0,2.0
13,Mavididi,LEI,5.0,1,0,30,1,0,30.0,0.0,0,0,0,0,0,0,0,0,0,0,0,0,0,0,0,1,30.0,0.0
13,Mazraoui,MUN,4.9,1,1,55,0,1,55.0,55.0,0,0,0,0,0,0,0,0,0,1,0,0,0,0,0,1,55.0,1.0
13,Mbeumo,BRE,8.2,1,1,90,0,0,90.0,90.0,0,0,0,1,0,0,0,0,0,1,0,0,0,0,0,2,45.0,2.0
13,McGinn,AVL,5.4,1,1,90,0,0,90.0,90.0,0,0,0,3,0,0,0,0,0,1,0,0,0,0,0,2,45.0,2.0
13,McNeil,EVE,5.6,1,1,90,0,0,90.0,90.0,0,0,0,4,0,0,0,0,0,1,0,0,0,0,0,2,45.0,2.0
13,Milenkovic,NFO,5.2,1,1,90,0,0,90.0,90.0,0,0,1,0,0,0,0,0,0,0,0,1,0,0,0,6,15.0,6.0
13,Minteh,BHA,6.0,1,0,16,1,0,16.0,0.0,0,0,0,0,0,0,0,0,0,0,0,0,0,0,0,1,16.0,0.0
13,Mitchell,CRY,5.0,1,1,90,0,0,90.0,90.0,0,0,0,1,0,0,0,1,0,1,0,0,0,0,0,1,90.0,1.0
13,Mitoma,BHA,6.2,1,1,90,0,0,90.0,90.0,1,0,0,1,0,0,0,0,0,0,1,1,0,3,1,10,9.0,10.0
13,Savinho,MCI,6.9,1,0,37,1,0,37.0,0.0,0,0,0,1,0,0,0,0,0,0,0,0,0,0,0,1,37.0,0.0
13,Álex Moreno,NFO,4.0,1,0,21,1,0,21.0,0.0,0,0,0,0,0,0,0,0,0,0,0,0,0,0,0,1,21.0,0.0
13,Morsy,IPS,4.8,1,1,90,0,0,90.0,90.0,0,0,0,1,0,0,0,0,0,1,0,0,0,0,0,2,45.0,2.0
13,Mount,MUN,5.9,1,0,13,1,0,13.0,0.0,0,0,0,0,0,0,0,0,0,0,0,0,0,0,0,1,13.0,0.0
13,Rodrigo Muniz,FUL,5.4,1,0,18,1,0,18.0,0.0,0,0,0,0,0,0,0,0,0,0,0,0,0,0,0,1,18.0,0.0
13,Muñoz,CRY,5.7,1,1,90,0,0,90.0,90.0,1,0,0,1,0,0,0,0,0,0,1,1,0,3,1,11,8.2,11.0
13,Muric,IPS,4.4,1,1,90,0,0,90.0,90.0,0,0,0,1,0,0,4,0,0,1,0,0,0,0,0,3,30.0,3.0
13,Mykolenko,EVE,4.9,1,1,90,0,0,90.0,90.0,0,0,0,4,0,0,0,1,0,1,0,0,0,0,0,0,0.0,0.0
13,Thiago,BRE,6.2,1,0,24,1,0,24.0,0.0,0,0,0,0,0,0,0,0,0,0,0,0,0,0,0,1,24.0,0.0
13,Ndiaye,EVE,6.5,1,1,90,0,0,90.0,90.0,0,0,0,4,0,0,0,0,0,1,0,0,0,0,0,2,45.0,2.0
13,Ndidi,LEI,4.9,1,1,90,0,0,90.0,90.0,0,0,0,4,0,0,0,0,0,1,0,0,0,0,0,2,45.0,2.0
13,Nelson (Reiss),FUL,4.8,1,1,61,0,1,61.0,61.0,0,0,0,1,0,0,0,0,0,1,0,0,0,1,0,3,20.3,3.0
13,Neto,CHE,7.0,1,1,90,0,0,90.0,90.0,0,0,1,0,0,0,0,0,0,1,0,0,0,0,0,3,30.0,3.0
13,Eddie Nketiah,CRY,5.4,1,0,20,1,0,20.0,0.0,0,0,0,0,0,0,0,0,0,0,0,0,0,0,0,1,20.0,0.0
13,Nkunku,CHE,5.9,1,0,25,1,0,25.0,0.0,0,0,0,0,0,0,0,0,0,0,0,0,0,0,0,1,25.0,0.0
13,Norgaard,BRE,5.2,1,1,69,0,1,69.0,69.0,0,0,0,1,0,0,0,0,0,1,0,0,0,0,0,2,34.5,2.0
13,Matheus Nunes,MCI,5.3,1,1,57,0,1,57.0,57.0,0,0,0,1,0,0,0,1,0,1,0,0,0,0,0,0,0.0,0.0
13,Núñez,LIV,6.5,1,0,22,1,0,22.0,0.0,0,0,0,0,0,0,0,0,0,0,0,0,0,0,0,1,22.0,0.0
13,Nwaneri,ARS,5.2,1,0,11,1,0,11.0,0.0,0,0,0,0,0,0,0,0,0,0,0,0,0,0,0,1,11.0,0.0
13,O'Brien,EVE,5.0,1,0,11,1,0,11.0,0.0,0,0,0,0,0,0,0,0,0,0,0,0,0,0,0,1,11.0,0.0
13,O'Shea,IPS,3.8,1,1,90,0,0,90.0,90.0,0,0,0,1,0,0,0,1,0,1,0,0,0,0,0,1,90.0,1.0
13,Odegaard,ARS,7.9,1,1,72,0,1,72.0,72.0,1,0,0,2,0,0,0,0,0,0,1,1,0,1,0,8,9.0,8.0
13,Okoli,LEI,4.0,1,1,31,0,1,31.0,31.0,0,0,0,2,0,0,0,0,0,1,0,0,0,0,0,0,0.0,0.0
13,Olsen,AVL,4.5,1,0,45,1,0,45.0,0.0,0,0,0,1,0,0,2,0,0,0,0,0,0,0,0,1,45.0,0.0
13,Onana,MUN,4.9,1,1,90,0,0,90.0,90.0,0,0,1,0,0,0,2,0,0,0,0,1,0,0,0,6,15.0,6.0
13,Ortega Moreno,MCI,4.8,1,1,90,0,0,90.0,90.0,0,0,0,2,0,0,5,0,0,1,0,0,0,0,0,2,45.0,2.0
13,Dango Ouattara,BOU,6.0,1,0,31,1,0,31.0,0.0,0,0,0,1,0,0,0,0,0,0,0,0,0,0,0,1,31.0,0.0
13,O’Riley,BHA,5.5,1,1,68,0,1,68.0,68.0,0,0,0,1,0,0,0,1,0,1,0,0,0,0,0,1,68.0,1.0
13,Palmer (Cole),CHE,10.3,1,1,84,0,1,84.0,84.0,1,1,1,0,0,0,0,0,0,0,2,2,0,3,1,14,6.0,14.0
13,Emerson,WHU,4.4,1,1,62,0,1,62.0,62.0,1,0,0,5,0,0,0,1,0,0,1,1,0,0,0,5,12.4,5.0
13,Patterson (Nathan),EVE,4.4,1,0,20,1,0,20.0,0.0,0,0,0,0,0,0,0,0,0,0,0,0,0,0,0,1,20.0,0.0
13,Philogene-Bidace,IPS,5.3,1,1,64,0,1,64.0,64.0,0,0,0,2,0,0,0,1,0,1,0,0,0,0,0,1,64.0,1.0
13,Pickford,EVE,5.5,1,1,90,0,0,90.0,90.0,0,0,0,4,0,0,1,0,0,1,0,0,0,0,0,0,0.0,0.0
13,Pinnock,BRE,4.3,1,1,90,0,0,90.0,90.0,0,0,0,1,0,0,0,0,0,1,0,0,0,0,0,2,45.0,2.0
13,Pope,NEW,5.2,1,1,90,0,0,90.0,90.0,0,0,0,1,0,0,2,0,0,1,0,0,0,0,0,2,45.0,2.0
13,Porro,TOT,5.5,1,1,90,0,0,90.0,90.0,0,0,0,1,0,0,0,0,0,1,0,0,0,0,0,2,45.0,2.0
13,Quansah,LIV,3.9,1,0,22,1,0,22.0,0.0,0,0,0,0,0,0,0,0,0,0,0,0,0,0,0,1,22.0,0.0
13,Rashford,AVL,7.0,1,1,90,0,0,90.0,90.0,2,0,1,0,0,0,0,0,0,0,2,2,0,1,1,14,6.4,14.0
13,Raya Martin,ARS,5.8,1,1,90,0,0,90.0,90.0,0,0,0,2,0,0,3,0,0,1,0,0,0,0,0,2,45.0,2.0
13,Rice,ARS,6.7,1,1,90,0,0,90.0,90.0,0,0,0,2,0,0,0,0,0,1,0,0,0,0,0,2,45.0,2.0
13,Robertson,LIV,5.8,1,1,90,0,0,90.0,90.0,0,0,1,0,0,0,0,0,0,0,0,1,0,0,0,6,15.0,6.0
13,Robinson (Antonee),FUL,4.9,1,1,90,0,0,90.0,90.0,0,0,0,1,0,0,0,0,0,1,0,0,0,0,0,2,45.0,2.0
13,Morato,NFO,4.4,1,0,20,1,0,20.0,0.0,0,0,0,0,0,0,0,0,0,0,0,0,0,0,0,1,20.0,0.0
13,Rodríguez,WHU,4.8,1,0,18,1,0,18.0,0.0,0,0,0,0,0,0,0,0,0,0,0,0,0,0,0,1,18.0,0.0
13,Roerslev,BRE,4.5,1,0,11,1,0,11.0,0.0,0,0,0,0,0,0,0,0,0,0,0,0,0,0,0,1,11.0,0.0
13,Rogers,AVL,6.8,1,1,64,0,1,64.0,64.0,0,0,0,2,0,0,0,0,0,1,0,0,0,0,0,2,32.0,2.0
13,Rutter,BHA,5.7,1,1,82,0,1,82.0,82.0,0,0,0,1,0,0,0,0,0,1,0,0,0,0,0,2,41.0,2.0
13,Saka,ARS,10.0,1,1,72,0,1,72.0,72.0,1,3,0,2,0,0,0,1,0,0,4,4,0,3,1,18,4.0,18.0
13,Salah,LIV,14.3,1,1,84,0,1,84.0,84.0,1,1,1,0,0,0,0,0,0,0,2,2,0,2,1,13,6.5,13.0
13,Saliba,ARS,6.0,1,1,90,0,0,90.0,90.0,0,0,0,2,0,0,0,0,0,1,0,0,0,0,0,1,90.0,1.0
13,Sanchez,CHE,4.9,1,1,90,0,0,90.0,90.0,0,0,1,0,0,0,3,0,0,0,0,1,0,0,0,7,12.9,7.0
13,Sancho,MUN,5.8,1,1,68,0,1,68.0,68.0,0,0,1,0,0,0,0,0,0,1,0,0,0,0,0,3,22.7,3.0
13,Murillo,NFO,5.3,1,1,90,0,0,90.0,90.0,0,0,1,0,0,0,0,0,0,0,0,1,0,1,0,7,12.9,7.0
13,Matheus Cunha,WOL,7.9,1,1,90,0,0,90.0,90.0,0,0,0,4,0,0,0,0,0,1,0,0,0,0,0,2,45.0,2.0
13,Ismaila Sarr,CRY,6.6,1,1,90,0,0,90.0,90.0,0,0,0,1,0,0,0,0,0,1,0,0,0,0,0,2,45.0,2.0
13,Sarr (Pape),TOT,4.9,1,1,83,0,1,83.0,83.0,0,0,0,1,0,0,0,0,0,1,0,0,0,0,0,2,41.5,2.0
13,Schade,BRE,7.0,1,1,70,0,1,70.0,70.0,3,1,0,1,0,0,0,0,0,0,4,4,0,3,1,23,3.0,23.0
13,Schär,NEW,5.4,1,1,90,0,0,90.0,90.0,0,0,0,1,0,0,0,0,0,1,0,0,0,0,0,2,45.0,2.0
13,Schlupp,CRY,4.6,1,0,13,1,0,13.0,0.0,0,0,0,0,0,0,0,0,0,0,0,0,0,0,0,1,13.0,0.0
13,Sels,NFO,4.8,1,1,90,0,0,90.0,90.0,0,0,1,0,0,0,2,0,0,0,0,1,0,0,0,6,15.0,6.0
13,Semedo,WOL,4.5,1,1,90,0,0,90.0,90.0,0,0,0,4,0,0,0,1,0,1,0,0,0,0,0,0,0.0,0.0
13,Senesi,BOU,5.0,1,1,77,0,1,77.0,77.0,0,0,0,2,0,0,0,0,0,1,0,0,0,0,0,1,77.0,1.0
13,João Félix,CHE,5.9,1,0,10,1,0,10.0,0.0,0,0,0,0,0,0,0,1,0,0,0,0,0,0,0,0,0.0,0.0
13,Sessegnon (Ryan),FUL,5.4,1,0,12,1,0,12.0,0.0,0,0,0,0,0,0,0,0,0,0,0,0,0,0,0,1,12.0,0.0
13,Shaw,MUN,4.5,1,0,37,1,0,37.0,0.0,0,0,0,0,0,0,0,0,0,0,0,0,0,0,0,1,37.0,0.0
13,Skipp,LEI,4.7,1,0,30,1,0,30.0,0.0,0,0,0,0,0,0,0,0,0,0,0,0,0,0,0,1,30.0,0.0
13,Smith,BOU,4.4,1,1,90,0,0,90.0,90.0,0,0,0,2,0,0,0,0,0,1,0,0,0,0,0,1,90.0,1.0
13,Smith-Rowe,FUL,5.7,1,1,84,0,1,84.0,84.0,0,0,0,1,0,0,0,0,0,1,0,0,0,0,0,2,42.0,2.0
13,Soler (Carlos),WHU,5.0,1,1,75,0,1,75.0,75.0,0,1,0,5,0,0,0,0,0,0,1,1,0,0,0,5,15.0,5.0
13,Son,TOT,8.5,1,1,90,0,0,90.0,90.0,0,0,0,1,0,0,0,0,0,1,0,0,0,0,0,2,45.0,2.0
13,Sosa,NFO,5.5,1,0,10,1,0,10.0,0.0,0,0,0,0,0,0,0,0,0,0,0,0,0,0,0,1,10.0,0.0
13,Soucek,WHU,5.7,1,1,90,0,0,90.0,90.0,0,0,0,5,0,0,0,1,0,1,0,0,0,0,0,1,90.0,1.0
13,Soumaré,LEI,4.4,1,1,64,0,1,64.0,64.0,0,0,0,4,0,0,0,0,0,1,0,0,0,0,0,2,32.0,2.0
13,Stephens,SOU,4.0,1,1,90,0,0,90.0,90.0,0,0,0,1,0,0,0,0,0,0,0,0,0,2,0,4,22.5,4.0
13,Sterling,ARS,6.7,1,0,22,1,0,22.0,0.0,0,0,0,0,0,0,0,0,0,0,0,0,0,0,0,1,22.0,0.0
13,Strand Larsen,WOL,6.4,1,1,90,0,0,90.0,90.0,2,0,0,4,0,0,0,1,0,0,2,2,0,2,1,11,8.2,11.0
13,Sugawara,SOU,4.2,1,1,65,0,1,65.0,65.0,0,0,0,1,0,0,0,0,0,1,0,0,0,0,0,2,32.5,2.0
13,Sulemana,SOU,5.0,1,0,15,1,0,15.0,0.0,0,0,0,0,0,0,0,0,0,0,0,0,0,0,0,1,15.0,0.0
13,Summerville,WHU,5.5,1,1,45,0,1,45.0,45.0,0,0,0,5,0,0,0,1,0,1,0,0,0,0,0,0,0.0,0.0
13,Szmodics,IPS,5.7,1,1,64,0,1,64.0,64.0,0,0,0,1,0,0,0,0,0,1,0,0,0,0,0,2,32.0,2.0
13,Szoboszlai,LIV,6.5,1,1,90,0,0,90.0,90.0,0,0,1,0,0,0,0,0,0,1,0,0,0,0,0,3,30.0,3.0
13,Tarkowski,EVE,5.5,1,1,81,0,1,81.0,81.0,0,0,0,4,0,0,0,0,0,1,0,0,0,0,0,0,0.0,0.0
13,Tavernier,BOU,5.5,1,1,90,0,0,90.0,90.0,0,1,0,2,0,0,0,0,0,0,1,1,0,0,0,5,18.0,5.0
13,Taylor (Jack),IPS,4.8,1,0,22,1,0,22.0,0.0,0,0,0,0,0,0,0,0,0,0,0,0,0,0,0,1,22.0,0.0
13,Tete,FUL,4.5,1,1,90,0,0,90.0,90.0,0,0,0,1,0,0,0,0,0,1,0,0,0,0,0,2,45.0,2.0
13,Thomas,LEI,3.9,1,1,90,0,0,90.0,90.0,0,0,0,4,0,0,0,0,0,1,0,0,0,0,0,0,0.0,0.0
13,Tielemans,AVL,5.9,1,1,90,0,0,90.0,90.0,0,0,0,3,0,0,0,0,0,1,0,0,0,0,0,2,45.0,2.0
13,Jurriën Timber,ARS,6.1,1,1,90,0,0,90.0,90.0,0,0,0,2,0,0,0,0,0,1,0,0,0,0,0,1,90.0,1.0
13,Todibo,WHU,4.3,1,1,90,0,0,90.0,90.0,0,0,0,5,0,0,0,0,0,1,0,0,0,0,0,0,0.0,0.0
13,Lucas Paquetá,WHU,5.9,1,1,75,0,1,75.0,75.0,0,1,0,5,0,0,0,0,0,0,1,1,0,0,0,5,15.0,5.0
13,Tonali,NEW,5.4,1,1,90,0,0,90.0,90.0,0,0,0,1,0,0,0,0,0,1,0,0,0,0,0,2,45.0,2.0
13,Torres,AVL,4.3,1,1,90,0,0,90.0,90.0,0,0,0,3,0,0,0,0,0,1,0,0,0,0,0,1,90.0,1.0
13,Amad Diallo,MUN,6.3,1,1,90,0,0,90.0,90.0,0,2,1,0,0,0,0,0,0,0,2,2,0,2,1,11,8.2,11.0
13,Trossard,ARS,6.9,1,1,82,0,1,82.0,82.0,1,1,0,2,0,0,0,0,0,0,2,2,0,2,1,12,6.8,12.0
13,Tuanzebe,IPS,3.9,1,1,77,0,1,77.0,77.0,0,0,0,1,0,0,0,1,0,1,0,0,0,0,0,1,77.0,1.0
13,Destiny Udogie,TOT,4.4,1,1,90,0,0,90.0,90.0,0,0,0,1,0,0,0,0,0,1,0,0,0,0,0,2,45.0,2.0
13,Ugarte,MUN,4.8,1,0,27,1,0,27.0,0.0,0,0,0,0,0,0,0,0,0,0,0,0,0,0,0,1,27.0,0.0
13,Unal,BOU,5.4,1,0,20,1,0,20.0,0.0,0,0,0,0,0,0,0,0,0,0,0,0,0,0,0,1,20.0,0.0
13,van den Berg,BRE,4.5,1,1,83,0,1,83.0,83.0,0,0,0,1,0,0,0,0,0,1,0,0,0,0,0,2,41.5,2.0
13,van Dijk,LIV,6.0,1,1,90,0,0,90.0,90.0,0,0,1,0,0,0,0,0,0,0,0,1,0,0,0,6,15.0,6.0
13,van Hecke,BHA,4.4,1,1,90,0,0,90.0,90.0,0,0,0,1,0,0,0,0,0,1,0,0,0,0,0,2,45.0,2.0
13,Vardy,LEI,5.4,1,1,64,0,1,64.0,64.0,0,1,0,4,0,0,0,0,0,0,1,1,0,0,0,5,12.8,5.0
13,Bernardo Silva,MCI,6.3,1,1,90,0,0,90.0,90.0,0,0,0,2,0,0,0,0,0,1,0,0,0,0,0,2,45.0,2.0
13,Verbruggen,BHA,4.4,1,1,90,0,0,90.0,90.0,0,0,0,1,0,0,1,0,0,1,0,0,0,0,0,2,45.0,2.0
13,Vestergaard,LEI,3.9,1,0,63,1,0,63.0,0.0,0,0,0,2,0,0,0,0,0,0,0,0,0,0,0,0,0.0,0.0
13,Walker,MCI,4.4,1,1,90,0,0,90.0,90.0,0,0,0,2,0,0,0,0,0,1,0,0,0,0,0,1,90.0,1.0
13,Walker-Peters,SOU,4.4,1,1,90,0,0,90.0,90.0,0,0,0,1,0,0,0,1,0,1,0,0,0,0,0,1,90.0,1.0
13,Wan-Bissaka,WHU,4.3,1,1,90,0,0,90.0,90.0,1,0,0,5,0,0,0,0,0,0,1,1,0,0,0,6,15.0,6.0
13,Watkins,AVL,8.5,1,1,82,0,1,82.0,82.0,0,0,0,3,0,0,0,0,0,1,0,0,0,0,0,2,41.0,2.0
13,Welbeck,BHA,6.4,1,1,74,0,1,74.0,74.0,0,0,0,1,0,0,0,0,0,1,0,0,0,0,0,2,37.0,2.0
13,Werner,TOT,6.2,1,1,67,0,1,67.0,67.0,0,1,0,1,0,0,0,0,0,0,1,1,0,2,0,7,9.6,7.0
13,Wieffer,BHA,4.9,1,0,30,1,0,30.0,0.0,0,0,0,0,0,0,0,1,0,0,0,0,0,0,0,0,0.0,0.0
13,Williams (Neco),NFO,4.7,1,1,76,0,1,76.0,76.0,0,0,1,0,0,0,0,0,0,0,0,1,0,0,0,6,12.7,6.0
13,Willock,NEW,5.0,1,1,74,0,1,74.0,74.0,0,0,1,0,0,0,0,1,0,1,0,0,0,0,0,2,37.0,2.0
13,Wilson (Callum),NEW,5.9,1,0,22,1,0,22.0,0.0,0,0,0,1,0,0,0,1,0,0,0,0,0,0,0,0,0.0,0.0
13,Wilson (Harry),FUL,5.3,1,0,35,1,0,35.0,0.0,0,0,0,0,0,0,0,0,0,0,0,0,0,0,0,1,35.0,0.0
13,Wissa,BRE,7.4,1,1,90,0,0,90.0,90.0,1,0,0,1,0,0,0,0,0,0,1,1,0,2,0,8,11.3,8.0
13,Wood (Chris),NFO,7.2,1,1,90,0,0,90.0,90.0,1,0,1,0,0,0,0,0,0,0,1,1,0,3,0,9,10.0,9.0
13,Yarmolyuk,BRE,5.0,1,0,25,1,0,25.0,0.0,0,0,0,0,0,0,0,0,0,0,0,0,0,0,0,1,25.0,0.0
13,Yates,NFO,4.8,1,1,90,0,0,90.0,90.0,0,0,1,0,0,0,0,0,0,1,0,0,0,0,0,3,30.0,3.0
13,Young (Ashley),EVE,4.2,1,1,72,0,1,72.0,72.0,0,0,0,4,0,0,0,1,0,1,0,0,0,0,0,0,0.0,0.0
13,Zabarnyi,BOU,5.0,1,1,90,0,0,90.0,90.0,0,0,0,2,0,0,0,1,0,1,0,0,0,0,0,0,0.0,0.0
13,Zinchenko,ARS,4.9,1,0,38,1,0,38.0,0.0,0,0,0,0,0,0,0,0,0,0,0,0,0,0,0,1,38.0,0.0
13,Zirkzee,MUN,5.8,1,1,90,0,0,90.0,90.0,2,0,1,0,0,0,0,0,0,0,2,2,0,3,1,13,6.9,13.0
15,Aina,NFO,4.7,1,1,90,0,0,90.0,90.0,0,0,0,2,0,0,0,0,0,1,0,0,0,0,0,1,90.0,1.0
15,Ait Nouri,WOL,5.8,1,1,84,0,1,84.0,84.0,0,1,0,2,0,0,0,0,0,0,1,1,0,0,0,4,21.0,4.0
15,Ali Al Hamadi,IPS,4.7,1,0,18,1,0,18.0,0.0,0,0,0,2,0,0,0,0,0,0,0,0,0,0,0,1,18.0,0.0
15,Almirón,NEW,5.4,1,0,22,1,0,22.0,0.0,0,0,0,1,0,0,0,0,0,0,0,0,0,0,0,1,22.0,0.0
15,Álvarez (Edson),WHU,4.9,1,1,86,0,1,86.0,86.0,0,0,0,1,0,0,0,0,0,1,0,0,0,0,0,2,43.0,2.0
15,Amo-Ameyaw,SOU,4.4,1,0,23,1,0,23.0,0.0,0,0,0,0,0,0,0,1,0,0,0,0,0,0,0,0,0.0,0.0
15,Anderson,NFO,5.3,1,1,90,0,0,90.0,90.0,0,1,0,2,0,0,0,0,0,0,1,1,0,0,0,5,18.0,5.0
15,Joelinton,NEW,5.9,1,1,59,0,1,59.0,59.0,0,0,0,3,0,0,0,0,0,1,0,0,0,0,0,1,59.0,1.0
15,Archer,SOU,4.8,1,1,71,0,1,71.0,71.0,0,0,0,1,0,0,0,0,0,1,0,0,0,0,0,2,35.5,2.0
15,Aribo,SOU,4.9,1,0,45,1,0,45.0,0.0,0,0,0,0,0,0,0,0,0,0,0,0,0,0,0,1,45.0,0.0
15,Armstrong (Adam),SOU,5.1,1,1,90,0,0,90.0,90.0,0,0,0,1,0,0,0,0,0,1,0,0,0,0,0,2,45.0,2.0
15,Kepa,BOU,4.2,1,1,90,0,0,90.0,90.0,0,0,0,1,0,0,4,0,0,1,0,0,0,0,0,3,30.0,3.0
15,Awoniyi,NFO,5.2,1,0,8,1,0,8.0,0.0,0,0,0,0,0,0,0,0,0,0,0,0,0,0,0,1,8.0,0.0
15,Ayari,BHA,4.9,1,1,68,0,1,68.0,68.0,0,0,1,0,0,0,0,0,0,1,0,0,0,0,0,3,22.7,3.0
15,Ayew,LEI,5.1,1,1,59,0,1,59.0,59.0,0,0,0,1,0,0,0,0,0,1,0,0,0,0,0,2,29.5,2.0
15,Badiashile,CHE,4.4,1,1,90,0,0,90.0,90.0,0,0,0,3,0,0,0,0,0,1,0,0,0,0,0,1,90.0,1.0
15,Bailey,AVL,5.5,1,1,57,0,1,57.0,57.0,0,0,0,0,0,0,0,0,0,1,0,0,0,0,0,1,57.0,1.0
15,Baleba,BHA,4.7,1,1,45,0,1,45.0,45.0,0,0,0,0,0,0,0,1,0,1,0,0,0,0,0,0,0.0,0.0
15,Barkley,AVL,4.8,1,0,37,1,0,37.0,0.0,0,0,0,0,0,0,0,0,0,0,0,0,0,0,0,1,37.0,0.0
15,Barnes,NEW,6.4,1,1,72,0,1,72.0,72.0,1,0,0,3,0,0,0,0,0,0,1,1,0,0,0,7,10.3,7.0
15,Bassey,FUL,4.5,1,1,90,0,0,90.0,90.0,0,0,0,1,0,0,0,1,0,1,0,0,0,0,0,1,90.0,1.0
15,Bellegarde,WOL,5.2,1,0,37,1,0,37.0,0.0,0,0,0,1,0,0,0,0,0,0,0,0,0,0,0,1,37.0,0.0
15,Berge,FUL,4.9,1,1,90,0,0,90.0,90.0,0,0,0,1,0,0,0,0,0,1,0,0,0,2,0,4,22.5,4.0
15,Bergvall,TOT,5.4,1,0,20,1,0,20.0,0.0,0,0,0,1,0,0,0,0,0,0,0,0,0,0,0,1,20.0,0.0
15,Billing,BOU,4.9,1,0,23,1,0,23.0,0.0,0,0,0,0,0,0,0,0,0,0,0,0,0,0,0,1,23.0,0.0
15,Bissouma,TOT,5.2,1,1,75,0,1,75.0,75.0,0,0,0,3,0,0,0,1,0,1,0,0,0,0,0,1,75.0,1.0
15,Bruno Fernandes,MUN,8.9,1,1,74,0,1,74.0,74.0,1,0,0,3,0,0,0,0,0,0,1,1,0,2,0,9,8.2,9.0
15,Bowen,WHU,7.8,1,1,90,0,0,90.0,90.0,1,1,0,1,0,0,0,1,0,0,2,2,0,3,1,12,7.5,12.0
15,Bree,SOU,3.9,1,1,45,0,1,45.0,45.0,0,0,0,1,0,0,0,0,0,1,0,0,0,0,0,1,45.0,1.0
15,Brereton,SOU,4.8,1,0,17,1,0,17.0,0.0,0,0,0,0,0,0,0,0,0,0,0,0,0,0,0,1,17.0,0.0
15,Brooks,BOU,5.0,1,0,23,1,0,23.0,0.0,0,1,0,0,0,0,0,1,0,0,1,1,0,0,0,3,7.7,0.0
15,Bueno (Santiago),WOL,4.4,1,1,90,0,0,90.0,90.0,0,0,0,2,0,0,0,0,0,1,0,0,0,0,0,1,90.0,1.0
15,Burgess,IPS,3.8,1,1,90,0,0,90.0,90.0,0,1,0,2,0,0,0,0,0,0,1,1,0,0,0,4,22.5,4.0
15,Burn,NEW,5.1,1,1,90,0,0,90.0,90.0,0,0,0,4,0,0,0,0,0,1,0,0,0,0,0,0,0.0,0.0
15,Burns,IPS,4.7,1,0,7,1,0,7.0,0.0,0,0,0,1,0,0,0,0,0,0,0,0,0,0,0,1,7.0,0.0
15,Moises Caicedo,CHE,5.9,1,1,90,0,0,90.0,90.0,0,1,0,3,0,0,0,0,0,0,1,1,0,0,0,5,18.0,5.0
15,Cajuste,IPS,4.5,1,0,7,1,0,7.0,0.0,0,0,0,1,0,0,0,0,0,0,0,0,0,0,0,1,7.0,0.0
15,Carvalho,BRE,4.9,1,1,72,0,1,72.0,72.0,0,0,0,2,0,0,0,0,0,1,0,0,0,0,0,2,36.0,2.0
15,Chalobah,CHE,5.1,1,1,90,0,0,90.0,90.0,0,0,0,2,0,0,0,0,0,1,0,0,0,0,0,1,90.0,1.0
15,Chaplin,IPS,5.1,1,1,90,0,0,90.0,90.0,1,0,0,2,0,0,0,0,0,0,1,1,0,0,0,7,12.9,7.0
15,Christie,BOU,5.0,1,1,82,0,1,82.0,82.0,0,0,0,1,0,0,0,0,0,1,0,0,0,0,0,2,41.0,2.0
15,Clarke (Jack),IPS,5.4,1,0,18,1,0,18.0,0.0,0,0,0,2,0,0,0,0,0,0,0,0,0,0,0,1,18.0,0.0
15,Coady,LEI,4.0,1,1,90,0,0,90.0,90.0,0,0,0,2,0,0,0,0,0,1,0,0,0,0,0,1,90.0,1.0
15,Collins,BRE,4.9,1,1,90,0,0,90.0,90.0,1,0,0,2,0,0,0,0,0,0,1,1,0,0,0,7,12.9,7.0
15,Colwill,CHE,4.8,1,1,90,0,0,90.0,90.0,0,0,0,3,0,0,0,0,0,1,0,0,0,0,0,1,90.0,1.0
15,Cook,BOU,4.9,1,1,90,0,0,90.0,90.0,0,0,0,1,0,0,0,0,0,1,0,0,0,0,0,2,45.0,2.0
15,Cresswell,WHU,3.9,1,0,12,1,0,12.0,0.0,0,0,0,0,0,0,0,0,0,0,0,0,0,0,0,1,12.0,0.0
15,Cucurella,CHE,6.1,1,1,87,0,1,87.0,87.0,0,1,0,2,0,0,0,0,0,0,1,1,0,0,0,4,21.8,4.0
15,Cuenca,FUL,4.4,1,0,6,1,0,6.0,0.0,0,0,0,0,0,0,0,0,0,0,0,0,0,0,0,1,6.0,0.0
15,André,WOL,5.4,1,1,61,0,1,61.0,61.0,0,0,0,1,0,0,0,0,0,1,0,0,0,0,0,2,30.5,2.0
15,Renato Veiga,CHE,4.4,1,0,8,1,0,8.0,0.0,0,0,0,1,0,0,0,0,0,0,0,0,0,0,0,1,8.0,0.0
15,Daka,LEI,4.8,1,0,16,1,0,16.0,0.0,0,0,0,0,0,0,0,0,0,0,0,0,0,0,0,1,16.0,0.0
15,Dalot,MUN,4.4,1,1,90,0,0,90.0,90.0,0,0,0,3,0,0,0,0,0,1,0,0,0,0,0,1,90.0,1.0
15,Damsgaard,BRE,5.8,1,0,22,1,0,22.0,0.0,0,0,0,0,0,0,0,0,0,0,0,0,0,0,0,1,22.0,0.0
15,Davis,IPS,4.2,1,1,90,0,0,90.0,90.0,0,0,0,2,0,0,0,0,0,1,0,0,0,0,0,1,90.0,1.0
15,De Bruyne,MCI,9.5,1,1,85,0,1,85.0,85.0,0,0,0,2,0,0,0,0,0,1,0,0,0,0,0,2,42.5,2.0
15,Jesus,ARS,6.4,1,0,24,1,0,24.0,0.0,0,0,0,0,0,0,0,0,0,0,0,0,0,0,0,1,24.0,0.0
15,de Ligt,MUN,5.0,1,1,65,0,1,65.0,65.0,0,0,0,3,0,0,0,0,0,1,0,0,0,0,0,1,65.0,1.0
15,Evanilson,BOU,7.0,1,1,72,0,1,72.0,72.0,0,0,0,1,0,0,0,0,0,1,0,0,0,0,0,2,36.0,2.0
15,DeCordova-Reid,LEI,5.2,1,0,35,1,0,35.0,0.0,1,1,0,1,0,0,0,0,0,0,2,2,0,2,1,11,3.2,0.0
15,Delap,IPS,6.2,1,1,77,0,1,77.0,77.0,0,0,1,0,0,0,0,1,0,1,0,0,0,0,0,1,77.0,1.0
15,Devenny,CRY,4.4,1,0,22,1,0,22.0,0.0,0,0,0,0,0,0,0,0,0,0,0,0,0,0,0,1,22.0,0.0
15,Dibling,SOU,5.4,1,1,90,0,0,90.0,90.0,0,0,0,1,0,0,0,0,0,1,0,0,0,0,0,2,45.0,2.0
15,Digne,AVL,4.5,1,0,37,1,0,37.0,0.0,0,0,0,0,0,0,0,0,0,0,0,0,0,0,0,1,37.0,0.0
15,Diop,FUL,4.4,1,1,90,0,0,90.0,90.0,0,0,0,1,0,0,0,0,0,1,0,0,0,0,0,2,45.0,2.0
15,Doherty,WOL,4.4,1,1,90,0,0,90.0,90.0,1,0,0,2,0,0,0,1,0,0,1,1,0,0,0,6,15.0,6.0
15,Doku,MCI,6.5,1,0,16,1,0,16.0,0.0,0,0,0,0,0,0,0,0,0,0,0,0,0,0,0,1,16.0,0.0
15,Nicolás Domínguez,NFO,5.0,1,0,17,1,0,17.0,0.0,0,0,0,0,0,0,0,0,0,0,0,0,0,0,0,1,17.0,0.0
15,Igor Julio,BHA,4.5,1,0,8,1,0,8.0,0.0,0,0,0,1,0,0,0,0,0,0,0,0,0,0,0,1,8.0,0.0
15,Downes,SOU,4.7,1,1,77,0,1,77.0,77.0,0,0,0,1,0,0,0,1,0,1,0,0,0,0,0,1,77.0,1.0
15,Doyle (Tommy),WOL,4.7,1,0,22,1,0,22.0,0.0,0,0,0,0,0,0,0,0,0,0,0,0,0,0,0,1,22.0,0.0
15,Dragusin,TOT,4.5,1,0,77,1,0,77.0,0.0,0,0,0,4,0,0,0,0,0,0,0,0,0,0,0,0,0.0,0.0
15,Dunk,BHA,4.5,1,1,90,0,0,90.0,90.0,0,0,0,2,0,0,0,0,0,1,0,0,0,0,0,1,90.0,1.0
15,Durán,AVL,5.7,1,1,57,0,1,57.0,57.0,1,0,0,0,0,0,0,0,0,0,1,1,0,3,0,8,7.1,8.0
15,El Khannouss,LEI,4.8,1,1,78,0,1,78.0,78.0,0,0,0,2,0,0,0,0,0,1,0,0,0,0,0,2,39.0,2.0
15,Elanga,NFO,6.7,1,0,17,1,0,17.0,0.0,0,0,0,0,0,0,0,0,0,0,0,0,0,0,0,1,17.0,0.0
15,Mateus Fernandes,SOU,5.5,1,1,90,0,0,90.0,90.0,0,0,0,1,0,0,0,0,0,1,0,0,0,0,0,2,45.0,2.0
15,Estupiñán,BHA,4.5,1,1,90,0,0,90.0,90.0,0,1,0,2,0,0,0,0,0,0,1,1,0,1,0,5,18.0,5.0
15,Eze,CRY,7.6,1,1,72,0,1,72.0,72.0,0,0,0,2,0,0,0,0,0,1,0,0,0,0,0,2,36.0,2.0
15,Fabianski,WHU,4.5,1,1,90,0,0,90.0,90.0,0,0,0,1,0,0,4,1,0,1,0,0,0,0,0,2,45.0,2.0
15,Faes,LEI,3.8,1,0,16,1,0,16.0,0.0,0,0,0,0,0,0,0,0,0,0,0,0,0,0,0,1,16.0,0.0
15,Ferguson,WHU,5.5,1,1,68,0,1,68.0,68.0,0,0,1,0,0,0,0,0,0,1,0,0,0,0,0,2,34.0,2.0
15,Fernández,CHE,6.7,1,1,90,0,0,90.0,90.0,1,0,0,3,0,0,0,0,0,0,1,1,0,2,0,9,10.0,9.0
15,Jota Silva,NFO,5.4,1,1,66,0,1,66.0,66.0,0,0,0,2,0,0,0,1,0,1,0,0,0,0,0,1,66.0,1.0
15,Flekken,BRE,4.5,1,1,90,0,0,90.0,90.0,0,1,0,2,0,0,2,1,0,1,1,1,0,0,0,3,30.0,3.0
15,Forster,TOT,4.3,1,1,90,0,0,90.0,90.0,0,0,0,4,0,0,4,0,0,1,0,0,0,0,0,1,90.0,1.0
15,Jorginho,ARS,4.6,1,1,73,0,1,73.0,73.0,0,0,0,1,0,0,0,0,0,1,0,0,0,0,0,2,36.5,2.0
15,Gonçalo Guedes,WOL,5.5,1,0,38,1,0,38.0,0.0,0,0,0,1,0,0,0,0,0,0,0,0,0,0,0,1,38.0,0.0
15,Garnacho,MUN,6.4,1,1,58,0,1,58.0,58.0,0,1,0,3,0,0,0,0,0,0,1,1,0,0,0,4,14.5,4.0
15,Rúben Dias,MCI,5.5,1,1,90,0,0,90.0,90.0,0,0,0,2,0,0,0,0,0,1,0,0,0,0,0,1,90.0,1.0
15,Gibbs-White,NFO,7.3,1,1,78,0,1,78.0,78.0,1,1,0,2,0,0,0,0,0,0,2,2,0,3,1,13,6.0,13.0
15,Rodrigo Gomes,WOL,4.5,1,0,14,1,0,14.0,0.0,0,0,0,0,0,0,0,0,0,0,0,0,0,0,0,1,14.0,0.0
15,Toti,WOL,4.3,1,1,90,0,0,90.0,90.0,0,0,0,2,0,0,0,0,0,1,0,0,0,0,0,1,90.0,1.0
15,João Gomes,WOL,5.4,1,1,76,0,1,76.0,76.0,0,0,0,2,0,0,0,1,0,1,0,0,0,0,0,1,76.0,1.0
15,Gordon (Anthony),NEW,7.5,1,0,35,1,0,35.0,0.0,0,0,0,1,0,0,0,0,0,0,0,0,0,0,0,1,35.0,0.0
15,Gray (Archie),TOT,4.8,1,0,20,1,0,20.0,0.0,0,0,0,1,0,0,0,0,0,0,0,0,0,0,0,1,20.0,0.0
15,Grealish,MCI,6.9,1,0,9,1,0,9.0,0.0,0,0,0,0,0,0,0,0,0,0,0,0,0,0,0,1,9.0,0.0
15,Marc Guehi,CRY,4.9,1,1,90,0,0,90.0,90.0,0,0,0,2,0,0,0,0,0,1,0,0,0,0,0,1,90.0,1.0
15,Bruno Guimarães,NEW,6.5,1,1,90,0,0,90.0,90.0,0,0,0,4,0,0,0,0,0,1,0,0,0,0,0,2,45.0,2.0
15,Gundogan,MCI,6.3,1,1,90,0,0,90.0,90.0,0,0,0,2,0,0,0,0,0,1,0,0,0,0,0,2,45.0,2.0
15,Gusto,CHE,4.9,1,0,45,1,0,45.0,0.0,0,0,0,1,0,0,0,0,0,0,0,0,0,0,0,1,45.0,0.0
15,Gvardiol,MCI,5.9,1,1,90,0,0,90.0,90.0,0,0,0,2,0,0,0,0,0,1,0,0,0,0,0,1,90.0,1.0
15,Haaland,MCI,14.8,1,1,90,0,0,90.0,90.0,1,0,0,2,0,0,0,0,0,0,1,1,0,1,0,7,12.9,7.0
15,Lewis Hall,NEW,5.2,1,1,82,0,1,82.0,82.0,0,0,0,3,0,0,0,0,0,1,0,0,0,0,0,1,82.0,1.0
15,Harwood-Bellis,SOU,3.9,1,1,90,0,0,90.0,90.0,0,0,0,1,0,0,0,0,0,1,0,0,0,0,0,2,45.0,2.0
15,Havertz,ARS,7.3,1,1,73,0,1,73.0,73.0,0,1,0,1,0,0,0,0,0,0,1,1,0,0,0,5,14.6,5.0
15,Henderson,CRY,5.0,1,1,90,0,0,90.0,90.0,0,0,0,2,0,0,2,0,0,1,0,0,0,0,0,1,90.0,1.0
15,Hermansen,LEI,4.4,1,1,90,0,0,90.0,90.0,0,0,0,2,0,0,5,0,0,1,0,0,0,0,0,2,45.0,2.0
15,Hill (James),BOU,4.0,1,0,13,1,0,13.0,0.0,0,0,0,0,0,0,0,0,0,0,0,0,0,0,0,1,13.0,0.0
15,Hudson-Odoi,NFO,5.8,1,1,87,0,1,87.0,87.0,0,1,0,2,0,0,0,0,0,0,1,1,0,0,0,5,17.4,5.0
15,Hughes,CRY,4.8,1,1,90,0,0,90.0,90.0,0,2,0,2,0,0,0,0,0,0,2,2,0,3,1,11,8.2,11.0
15,Huijsen,BOU,4.5,1,1,90,0,0,90.0,90.0,0,0,0,1,0,0,0,0,0,1,0,0,0,0,0,2,45.0,2.0
15,Hutchinson,IPS,5.4,1,1,88,0,1,88.0,88.0,0,0,0,1,0,0,0,0,0,1,0,0,0,0,0,2,44.0,2.0
15,Højlund,MUN,6.3,1,1,90,0,0,90.0,90.0,1,0,0,3,0,0,0,0,0,0,1,1,0,2,0,8,11.3,8.0
15,Ings,WHU,4.8,1,0,27,1,0,27.0,0.0,0,0,0,0,0,0,0,0,0,0,0,0,0,0,0,1,27.0,0.0
15,Isak,NEW,10.4,1,1,90,0,0,90.0,90.0,1,0,0,4,0,0,0,0,0,0,1,1,0,2,0,8,11.3,8.0
15,Iwobi,FUL,6.5,1,1,90,0,0,90.0,90.0,0,0,0,1,0,0,0,0,0,1,0,0,0,0,0,2,45.0,2.0
15,Jackson (Nicolas),CHE,6.5,1,1,74,0,1,74.0,74.0,0,0,0,2,0,0,0,0,0,1,0,0,0,0,0,2,37.0,2.0
15,Raúl Jiménez,FUL,6.2,1,1,79,0,1,79.0,79.0,1,0,0,1,0,0,0,1,0,0,1,1,0,3,0,8,9.9,8.0
15,Johnson (Ben),IPS,3.8,1,1,90,0,0,90.0,90.0,0,0,0,2,0,0,0,0,0,1,0,0,0,0,0,1,90.0,1.0
15,Johnson (Brennan),TOT,6.7,1,1,52,0,1,52.0,52.0,0,1,0,1,0,0,0,0,0,0,1,1,0,0,0,4,13.0,4.0
15,Johnstone,WOL,4.5,1,1,90,0,0,90.0,90.0,0,0,0,2,0,0,2,0,0,1,0,0,0,0,0,1,90.0,1.0
15,João Pedro,BHA,7.4,1,1,68,0,1,68.0,68.0,0,0,1,0,0,0,0,0,0,1,0,0,0,0,0,2,34.0,2.0
15,Justin,LEI,4.0,1,1,90,0,0,90.0,90.0,0,0,0,2,0,0,0,0,0,1,0,0,0,0,0,1,90.0,1.0
15,Kamara,AVL,4.9,1,1,90,0,0,90.0,90.0,0,0,1,0,0,0,0,0,0,1,0,0,0,0,0,3,30.0,3.0
15,Kerkez,BOU,5.8,1,1,90,0,0,90.0,90.0,0,0,0,1,0,0,0,0,0,1,0,0,0,0,0,2,45.0,2.0
15,Kilman,WHU,4.3,1,1,90,0,0,90.0,90.0,0,0,0,1,0,0,0,0,0,1,0,0,0,0,0,2,45.0,2.0
15,Kiwior,ARS,5.4,1,1,90,0,0,90.0,90.0,0,0,0,1,0,0,0,0,0,1,0,0,0,0,0,2,45.0,2.0
15,Kluivert,BOU,7.0,1,1,61,0,1,61.0,61.0,0,0,0,1,0,0,0,0,0,1,0,0,0,0,0,2,30.5,2.0
15,Konsa Ngoyo,AVL,4.4,1,1,90,0,0,90.0,90.0,0,0,1,0,0,0,0,0,0,0,0,1,0,2,0,8,11.3,8.0
15,Kristiansen,LEI,4.4,1,1,90,0,0,90.0,90.0,0,0,0,2,0,0,0,0,0,1,0,0,0,0,0,1,90.0,1.0
15,Kudus,WHU,6.8,1,1,86,0,1,86.0,86.0,0,1,0,1,0,0,0,0,0,0,1,1,0,2,0,7,12.3,7.0
15,Kulusevski,TOT,6.4,1,1,75,0,1,75.0,75.0,1,0,0,3,0,0,0,0,0,0,1,1,0,0,0,7,10.7,7.0
15,Lacroix,CRY,5.0,1,1,90,0,0,90.0,90.0,1,0,0,2,0,0,0,0,0,0,1,1,0,0,0,7,12.9,7.0
15,Lamptey,BHA,4.4,1,1,90,0,0,90.0,90.0,1,0,0,2,0,0,0,0,0,0,1,1,0,1,0,8,11.3,8.0
15,Lavia,CHE,4.9,1,1,45,0,1,45.0,45.0,0,0,0,2,0,0,0,1,0,1,0,0,0,0,0,0,0.0,0.0
15,Lemina (Mario),WOL,4.8,1,1,90,0,0,90.0,90.0,0,0,0,2,0,0,0,1,0,1,0,0,0,0,0,1,90.0,1.0
15,Leno,FUL,5.0,1,1,90,0,0,90.0,90.0,0,0,0,1,0,0,3,0,0,1,0,0,0,0,0,3,30.0,3.0
15,Lerma,CRY,4.9,1,1,90,0,0,90.0,90.0,0,0,0,2,0,0,0,0,0,1,0,0,0,0,0,2,45.0,2.0
15,Lewis (Rico),MCI,4.9,1,1,83,0,0,83.0,83.0,1,0,0,2,0,0,0,0,1,0,1,1,0,0,0,4,20.8,4.0
15,Lewis-Potter,BRE,4.9,1,1,90,0,0,90.0,90.0,0,0,0,2,0,0,0,1,0,1,0,0,0,0,0,1,90.0,1.0
15,Livramento,NEW,4.9,1,1,90,0,0,90.0,90.0,0,0,0,4,0,0,0,0,0,1,0,0,0,0,0,0,0.0,0.0
15,Longstaff (Sean),NEW,4.9,1,1,72,0,1,72.0,72.0,0,0,0,3,0,0,0,0,0,1,0,0,0,0,0,2,36.0,2.0
15,Lukic,FUL,5.0,1,1,90,0,1,90.0,90.0,0,0,0,1,0,0,0,1,0,1,0,0,0,0,0,1,90.0,1.0
15,Lumley,SOU,4.0,1,1,90,0,0,90.0,90.0,0,0,0,1,0,0,3,0,0,1,0,0,0,0,0,3,30.0,3.0
15,Maatsen,AVL,4.3,1,1,57,0,1,57.0,57.0,0,0,0,0,0,0,0,0,0,1,0,0,0,0,0,1,57.0,1.0
15,Maddison,TOT,6.9,1,0,20,1,0,20.0,0.0,0,1,0,1,0,0,0,0,0,0,1,1,0,0,0,4,5.0,0.0
15,Madueke,CHE,6.8,1,0,13,1,0,13.0,0.0,0,0,0,1,0,0,0,0,0,0,0,0,0,0,0,1,13.0,0.0
15,Maghoma,BRE,4.5,1,0,1,1,0,1.0,0.0,0,0,0,0,0,0,0,0,0,0,0,0,0,0,0,1,1.0,0.0
15,Maguire,MUN,4.4,1,0,29,1,0,29.0,0.0,0,0,0,0,0,0,0,0,0,0,0,0,0,0,0,1,29.0,0.0
15,Mainoo,MUN,4.8,1,1,90,0,0,90.0,90.0,0,0,0,3,0,0,0,0,0,1,0,0,0,0,0,2,45.0,2.0
15,Manning,SOU,4.3,1,1,90,0,1,90.0,90.0,0,0,0,1,0,0,0,0,0,1,0,0,0,0,0,2,45.0,2.0
15,Martinelli,ARS,6.9,1,0,38,1,0,38.0,0.0,0,0,0,0,0,0,0,1,0,0,0,0,0,0,0,0,0.0,0.0
15,Martinez,AVL,5.0,1,1,90,0,0,90.0,90.0,0,0,1,0,0,0,0,0,0,0,0,1,0,0,0,6,15.0,6.0
15,Martínez,MUN,4.8,1,1,90,0,0,90.0,90.0,0,0,0,3,0,0,0,0,0,1,0,0,0,0,0,1,90.0,1.0
15,Mateta,CRY,7.7,1,1,90,0,0,90.0,90.0,0,0,0,2,0,0,0,0,0,1,0,0,0,0,0,2,45.0,2.0
15,Mavididi,LEI,5.0,1,0,35,1,0,35.0,0.0,0,0,0,1,0,0,0,0,0,0,0,0,0,0,0,1,35.0,0.0
15,Mavropanos,WHU,4.4,1,1,90,0,0,90.0,90.0,0,0,0,1,0,0,0,0,0,1,0,0,0,0,0,2,45.0,2.0
15,Mazraoui,MUN,4.9,1,0,29,1,0,29.0,0.0,0,0,0,0,0,0,0,0,0,0,0,0,0,0,0,1,29.0,0.0
15,Mbeumo,BRE,8.2,1,1,90,0,0,90.0,90.0,1,1,0,2,0,0,0,0,0,0,2,2,0,3,1,13,6.9,13.0
15,McAteer,LEI,4.7,1,1,59,0,1,59.0,59.0,0,0,0,1,0,0,0,0,0,1,0,0,0,0,0,2,29.5,2.0
15,McGinn,AVL,5.4,1,1,90,0,0,90.0,90.0,0,0,1,0,0,0,0,0,0,1,0,0,0,0,0,3,30.0,3.0
15,Mee (Ben),BRE,4.2,1,0,9,1,0,9.0,0.0,0,0,0,0,0,0,0,0,0,0,0,0,0,0,0,1,9.0,0.0
15,Merino,ARS,5.9,1,0,24,1,0,24.0,0.0,0,0,0,0,0,0,0,0,0,0,0,0,0,0,0,1,24.0,0.0
15,Milenkovic,NFO,5.2,1,1,90,0,0,90.0,90.0,1,0,0,2,0,0,0,0,0,0,1,1,0,0,0,7,12.9,7.0
15,Minteh,BHA,6.0,1,0,26,1,0,26.0,0.0,1,0,0,2,0,0,0,0,0,0,1,1,0,0,0,6,4.3,0.0
15,Mitchell,CRY,5.0,1,1,90,0,0,90.0,90.0,0,0,0,2,0,0,0,0,0,1,0,0,0,0,0,1,90.0,1.0
15,Mitoma,BHA,6.2,1,1,86,0,1,86.0,86.0,0,0,0,1,0,0,0,0,0,1,0,0,0,0,0,2,43.0,2.0
15,Savinho,MCI,6.9,1,1,77,0,1,77.0,77.0,0,0,0,2,0,0,0,0,0,1,0,0,0,0,0,2,38.5,2.0
15,Morsy,IPS,4.8,1,1,90,0,0,90.0,90.0,0,0,0,2,0,0,0,0,0,1,0,0,0,0,0,2,45.0,2.0
15,Mount,MUN,5.9,1,0,20,1,0,20.0,0.0,0,0,0,0,0,0,0,0,0,0,0,0,0,0,0,1,20.0,0.0
15,Rodrigo Muniz,FUL,5.4,1,0,18,1,0,18.0,0.0,0,0,0,0,0,0,0,0,0,0,0,0,0,0,0,1,18.0,0.0
15,Muñoz,CRY,5.7,1,1,90,0,0,90.0,90.0,1,0,0,2,0,0,0,0,0,0,1,1,0,0,0,7,12.9,7.0
15,Muric,IPS,4.4,1,1,90,0,0,90.0,90.0,0,0,0,2,0,0,4,0,0,1,0,0,0,0,0,2,45.0,2.0
15,Murphy (Jacob),NEW,6.1,1,1,59,0,1,59.0,59.0,0,2,0,3,0,0,0,0,0,0,2,2,0,0,0,7,8.4,7.0
15,Thiago,BRE,6.2,1,1,72,0,1,72.0,72.0,0,0,0,2,0,0,0,0,0,1,0,0,0,0,0,2,36.0,2.0
15,Ndidi,LEI,4.9,1,1,50,0,1,50.0,50.0,0,0,0,1,0,0,0,0,0,1,0,0,0,0,0,1,50.0,1.0
15,Neto,CHE,7.0,1,1,82,0,1,82.0,82.0,0,0,0,2,0,0,0,1,0,1,0,0,0,0,0,1,82.0,1.0
15,Eddie Nketiah,CRY,5.4,1,0,18,1,0,18.0,0.0,0,0,0,0,0,0,0,1,0,0,0,0,0,0,0,0,0.0,0.0
15,Nkunku,CHE,5.9,1,0,21,1,0,21.0,0.0,0,0,0,1,0,0,0,0,0,0,0,0,0,0,0,1,21.0,0.0
15,Norgaard,BRE,5.2,1,1,90,0,0,90.0,90.0,0,1,0,2,0,0,0,0,0,0,1,1,0,0,0,5,18.0,5.0
15,Matheus Nunes,MCI,5.3,1,1,90,0,0,90.0,90.0,0,1,0,2,0,0,0,0,0,0,1,1,0,2,0,7,12.9,7.0
15,Nwaneri,ARS,5.2,1,0,19,1,0,19.0,0.0,0,0,0,0,0,0,0,0,0,0,0,0,0,0,0,1,19.0,0.0
15,O'Shea,IPS,3.8,1,1,90,0,0,90.0,90.0,0,0,0,2,0,0,0,0,0,1,0,0,0,0,0,1,90.0,1.0
15,Odegaard,ARS,7.9,1,1,78,0,1,78.0,78.0,0,0,0,1,0,0,0,0,0,1,0,0,0,0,0,2,39.0,2.0
15,Onana,MUN,4.9,1,1,90,0,0,90.0,90.0,0,0,0,3,0,0,0,0,0,1,0,0,0,0,0,1,90.0,1.0
15,Ortega Moreno,MCI,4.8,1,1,90,0,0,90.0,90.0,0,0,0,2,0,0,1,0,0,1,0,0,0,0,0,1,90.0,1.0
15,Dango Ouattara,BOU,6.0,1,0,34,1,0,34.0,0.0,1,1,0,0,0,0,0,0,0,0,2,2,0,3,1,12,2.8,0.0
15,O’Riley,BHA,5.5,1,0,26,1,0,26.0,0.0,0,0,0,2,0,0,0,0,0,0,0,0,0,0,0,1,26.0,0.0
15,Palmer (Cole),CHE,10.3,1,1,87,0,1,87.0,87.0,2,1,0,2,0,0,0,0,0,0,3,3,0,3,1,18,4.8,18.0
15,Emerson,WHU,4.4,1,1,86,0,1,86.0,86.0,0,0,0,1,0,0,0,1,0,1,0,0,0,0,0,1,86.0,1.0
15,Partey,ARS,4.9,1,1,90,0,0,90.0,90.0,0,0,0,1,0,0,0,0,0,1,0,0,0,0,0,2,45.0,2.0
15,Pereira,FUL,5.3,1,0,37,1,0,37.0,0.0,0,0,0,0,0,0,0,0,0,0,0,0,0,0,0,1,37.0,0.0
15,Philogene-Bidace,IPS,5.3,1,0,37,1,0,37.0,0.0,0,0,0,0,0,0,0,0,0,0,0,0,0,0,0,1,37.0,0.0
15,Pinnock,BRE,4.3,1,1,90,0,0,90.0,90.0,0,0,0,2,0,0,0,0,0,1,0,0,0,0,0,1,90.0,1.0
15,Pope,NEW,5.2,1,1,90,0,0,90.0,90.0,0,0,0,4,0,0,4,0,0,1,0,0,0,0,0,1,90.0,1.0
15,Porro,TOT,5.5,1,1,90,0,0,90.0,90.0,0,1,0,4,0,0,0,0,0,1,1,1,0,0,0,3,30.0,3.0
15,Rashford,AVL,7.0,1,0,36,1,0,36.0,0.0,0,0,0,0,0,0,0,0,0,0,0,0,0,0,0,1,36.0,0.0
15,Raya Martin,ARS,5.8,1,1,90,0,0,90.0,90.0,0,0,0,1,0,0,1,0,0,1,0,0,0,0,0,2,45.0,2.0
15,Rice,ARS,6.7,1,1,90,0,0,90.0,90.0,0,0,0,1,0,0,0,1,0,1,0,0,0,1,0,2,45.0,2.0
15,Robinson (Antonee),FUL,4.9,1,1,90,0,0,90.0,90.0,0,0,0,1,0,0,0,1,0,1,0,0,0,0,0,1,90.0,1.0
15,Morato,NFO,4.4,1,0,28,1,0,28.0,0.0,0,0,0,0,0,0,0,0,0,0,0,0,0,0,0,1,28.0,0.0
15,Rodríguez,WHU,4.8,1,0,12,1,0,12.0,0.0,0,0,0,0,0,0,0,1,0,0,0,0,0,0,0,0,0.0,0.0
15,Rogers,AVL,6.8,1,1,90,0,0,90.0,90.0,0,0,1,0,0,0,0,1,0,1,0,0,0,0,0,2,45.0,2.0
15,Romero,TOT,5.0,1,1,14,0,1,14.0,14.0,0,0,0,0,0,0,0,0,0,1,0,0,0,0,0,1,14.0,1.0
15,Rutter,BHA,5.7,1,1,90,0,0,90.0,90.0,0,0,0,2,0,0,0,0,0,1,0,0,0,0,0,2,45.0,2.0
15,Saka,ARS,10.0,1,1,90,0,0,90.0,90.0,0,0,0,1,0,0,0,0,0,1,0,0,0,0,0,2,45.0,2.0
15,Saliba,ARS,6.0,1,1,90,0,0,90.0,90.0,1,0,0,1,0,0,0,0,0,0,1,1,0,1,0,9,10.0,9.0
15,Sanchez,CHE,4.9,1,1,90,0,0,90.0,90.0,0,0,0,3,0,0,2,1,0,1,0,0,0,0,0,0,0.0,0.0
15,Sancho,MUN,5.8,1,1,90,0,0,90.0,90.0,1,0,0,3,0,0,0,0,0,0,1,1,0,1,0,8,11.3,8.0
15,Murillo,NFO,5.3,1,1,90,0,0,90.0,90.0,0,0,0,2,0,0,0,0,0,1,0,0,0,0,0,1,90.0,1.0
15,Matheus Cunha,WOL,7.9,1,1,90,0,0,90.0,90.0,0,0,0,2,0,0,0,1,0,1,0,0,0,0,0,1,90.0,1.0
15,Diego Carlos,AVL,4.5,1,1,90,0,0,90.0,90.0,0,0,1,0,0,0,0,0,0,0,0,1,0,1,0,7,12.9,7.0
15,Ismaila Sarr,CRY,6.6,1,1,76,0,1,76.0,76.0,0,0,0,2,0,0,0,0,0,1,0,0,0,0,0,2,38.0,2.0
15,Sarr (Pape),TOT,4.9,1,1,90,0,0,90.0,90.0,0,0,0,4,0,0,0,1,0,1,0,0,0,0,0,1,90.0,1.0
15,Schade,BRE,7.0,1,0,22,1,0,22.0,0.0,1,0,0,0,0,0,0,0,0,0,1,1,0,0,0,6,3.7,0.0
15,Schär,NEW,5.4,1,1,90,0,0,90.0,90.0,0,0,0,4,0,0,0,0,0,1,0,0,0,0,0,0,0.0,0.0
15,Sels,NFO,4.8,1,1,90,0,0,90.0,90.0,0,0,0,2,0,0,5,0,0,1,0,0,0,0,0,2,45.0,2.0
15,Semedo,WOL,4.5,1,1,90,0,0,90.0,90.0,0,0,0,2,0,0,0,0,0,1,0,0,0,0,0,1,90.0,1.0
15,Semenyo,BOU,8.1,1,1,90,0,0,90.0,90.0,0,0,0,1,0,0,0,0,0,1,0,0,0,0,0,2,45.0,2.0
15,João Félix,CHE,5.9,1,0,8,1,0,8.0,0.0,0,0,0,1,0,0,0,0,0,0,0,0,0,0,0,1,8.0,0.0
15,Skipp,LEI,4.7,1,0,44,1,0,44.0,0.0,0,0,0,1,0,0,0,0,0,0,0,0,0,0,0,1,44.0,0.0
15,Smith,BOU,4.4,1,1,61,0,1,61.0,61.0,0,0,0,1,0,0,0,0,0,1,0,0,0,0,0,2,30.5,2.0
15,Smith-Rowe,FUL,5.7,1,1,60,0,1,60.0,60.0,0,0,0,1,0,0,0,0,0,1,0,0,0,0,0,1,60.0,1.0
15,Solanke,TOT,7.2,1,1,90,0,0,90.0,90.0,1,0,0,4,0,0,0,0,0,0,1,1,0,0,0,6,15.0,6.0
15,Soler (Carlos),WHU,5.0,1,1,62,0,1,62.0,62.0,0,0,1,0,0,0,0,1,0,1,0,0,0,0,0,2,31.0,2.0
15,Son,TOT,8.5,1,1,90,0,0,90.0,90.0,1,0,0,4,0,0,0,0,0,0,1,1,0,0,0,7,12.9,7.0
15,Soucek,WHU,5.7,1,1,90,0,0,90.0,90.0,1,0,0,1,0,0,0,0,0,0,1,1,0,2,0,9,10.0,9.0
15,Soumaré,LEI,4.4,1,1,90,0,0,90.0,90.0,0,0,0,2,0,0,0,1,0,1,0,0,0,0,0,1,90.0,1.0
15,Strand Larsen,WOL,6.4,1,1,60,0,1,60.0,60.0,0,0,0,1,0,0,0,0,0,1,0,0,0,0,0,2,30.0,2.0
15,Sulemana,SOU,5.0,1,0,4,1,0,4.0,0.0,0,0,0,0,0,0,0,0,0,0,0,0,0,0,0,1,4.0,0.0
15,Summerville,WHU,5.5,1,1,72,0,1,72.0,72.0,0,0,0,1,0,0,0,0,0,1,0,0,0,0,0,2,36.0,2.0
15,Szmodics,IPS,5.7,1,1,77,0,1,77.0,77.0,0,0,1,0,0,0,0,1,0,1,0,0,0,0,0,2,38.5,2.0
15,Tavernier,BOU,5.5,1,1,72,0,1,72.0,72.0,0,0,0,1,0,0,0,0,0,1,0,0,0,0,0,2,36.0,2.0
15,Taylor (Jack),IPS,4.8,1,1,88,0,1,88.0,88.0,0,0,0,1,0,0,0,0,0,1,0,0,0,0,0,2,44.0,2.0
15,Tete,FUL,4.5,1,1,90,0,0,90.0,90.0,0,1,0,1,0,0,0,0,0,0,1,1,0,0,0,5,18.0,5.0
15,Tielemans,AVL,5.9,1,1,57,0,1,57.0,57.0,0,0,0,0,0,0,0,0,0,1,0,0,0,0,0,1,57.0,1.0
15,Jurriën Timber,ARS,6.1,1,1,90,0,0,90.0,90.0,0,0,0,1,0,0,0,0,0,1,0,0,0,0,0,2,45.0,2.0
15,Todibo,WHU,4.3,1,0,12,1,0,12.0,0.0,0,0,0,0,0,0,0,0,0,0,0,0,0,0,0,1,12.0,0.0
15,Lucas Paquetá,WHU,5.9,1,0,36,1,0,36.0,0.0,0,0,0,1,0,0,0,0,0,0,0,0,0,0,0,1,36.0,0.0
15,Tonali,NEW,5.4,1,0,35,1,0,35.0,0.0,0,0,0,1,0,0,0,0,0,0,0,0,0,0,0,1,35.0,0.0
15,Torres,AVL,4.3,1,1,90,0,0,90.0,90.0,0,0,1,0,0,0,0,0,0,0,0,1,0,0,0,6,15.0,6.0
15,Traoré (Adama),FUL,5.2,1,1,60,0,1,60.0,60.0,0,0,0,1,0,0,0,0,0,1,0,0,0,0,0,1,60.0,1.0
15,Amad Diallo,MUN,6.3,1,1,90,0,0,90.0,90.0,0,1,0,3,0,0,0,0,0,0,1,1,0,0,0,5,18.0,5.0
15,Trippier,NEW,5.0,1,0,12,1,0,12.0,0.0,0,0,0,1,0,0,0,0,0,0,0,0,0,0,0,1,12.0,0.0
15,Trossard,ARS,6.9,1,1,60,0,1,60.0,60.0,0,0,0,1,0,0,0,0,0,1,0,0,0,0,0,1,60.0,1.0
15,Destiny Udogie,TOT,4.4,1,1,90,0,0,90.0,90.0,0,0,0,4,0,0,0,0,0,1,0,0,0,0,0,0,0.0,0.0
15,Ugarte,MUN,4.8,1,1,74,0,1,74.0,74.0,0,0,0,3,0,0,0,0,0,1,0,0,0,0,0,2,37.0,2.0
15,Unal,BOU,5.4,1,0,34,1,0,34.0,0.0,1,0,0,0,0,0,0,0,0,0,1,1,0,1,0,6,5.7,0.0
15,van de Ven,TOT,4.7,1,1,75,0,1,75.0,75.0,0,0,0,3,0,0,0,0,0,1,0,0,0,0,0,1,75.0,1.0
15,van den Berg,BRE,4.5,1,1,90,0,0,90.0,90.0,0,0,0,2,0,0,0,1,0,1,0,0,0,0,0,0,0.0,0.0
15,van Hecke,BHA,4.4,1,1,90,0,0,90.0,90.0,0,0,0,2,0,0,0,0,0,1,0,0,0,0,0,1,90.0,1.0
15,Vardy,LEI,5.4,1,1,90,0,0,90.0,90.0,1,1,0,2,0,0,0,0,0,0,2,2,0,3,1,12,7.5,12.0
15,Bernardo Silva,MCI,6.3,1,1,90,0,0,90.0,90.0,0,1,0,2,0,0,0,0,0,0,1,1,0,0,0,5,18.0,5.0
15,Verbruggen,BHA,4.4,1,1,90,0,0,90.0,90.0,0,0,0,2,0,0,1,0,0,1,0,0,0,0,0,1,90.0,1.0
15,Vestergaard,LEI,3.9,1,1,78,0,1,78.0,78.0,0,0,0,2,0,0,0,0,0,1,0,0,0,0,0,1,78.0,1.0
15,Walker,MCI,4.4,1,1,90,0,0,90.0,90.0,0,0,0,2,0,0,0,0,0,1,0,0,0,0,0,1,90.0,1.0
15,Walker-Peters,SOU,4.4,1,1,90,0,0,90.0,90.0,0,0,0,1,0,0,0,0,0,1,0,0,0,0,0,2,45.0,2.0
15,Wan-Bissaka,WHU,4.3,1,1,90,0,0,90.0,90.0,0,0,0,1,0,0,0,0,0,1,0,0,0,0,0,2,45.0,2.0
15,Watkins,AVL,8.5,1,0,38,1,0,38.0,0.0,0,0,0,0,0,0,0,0,0,0,0,0,0,0,0,1,38.0,0.0
15,Welbeck,BHA,6.4,1,0,26,1,0,26.0,0.0,0,0,0,2,0,0,0,0,0,0,0,0,0,0,0,1,26.0,0.0
15,Werner,TOT,6.2,1,0,44,1,0,44.0,0.0,0,0,0,3,0,0,0,0,0,0,0,0,0,0,0,1,44.0,0.0
15,Wieffer,BHA,4.9,1,0,45,1,0,45.0,0.0,0,1,0,2,0,0,0,1,0,0,1,1,0,0,0,3,15.0,0.0
15,Williams (Neco),NFO,4.7,1,1,90,0,0,90.0,90.0,0,0,0,2,0,0,0,1,0,1,0,0,0,0,0,0,0.0,0.0
15,Wilson (Callum),NEW,5.9,1,0,22,1,0,22.0,0.0,0,0,0,1,0,0,0,0,0,0,0,0,0,0,0,1,22.0,0.0
15,Wilson (Harry),FUL,5.3,1,0,37,1,0,37.0,0.0,0,0,0,0,0,0,0,0,0,0,0,0,0,0,0,1,37.0,0.0
15,Wissa,BRE,7.4,1,1,86,0,1,86.0,86.0,1,0,0,2,0,0,0,0,0,0,1,1,0,1,0,7,12.3,7.0
15,Wood (Chris),NFO,7.2,1,1,77,0,1,77.0,77.0,1,0,0,2,0,0,0,0,0,0,1,1,0,2,0,8,9.6,8.0
15,Wood (Nathan),SOU,3.9,1,1,90,0,0,90.0,90.0,0,0,0,1,0,0,0,1,0,1,0,0,0,0,0,1,90.0,1.0
15,Yarmolyuk,BRE,5.0,1,1,90,0,1,90.0,90.0,0,0,0,2,0,0,0,0,0,1,0,0,0,0,0,2,45.0,2.0
15,Yates,NFO,4.8,1,1,90,0,0,90.0,90.0,0,0,0,2,0,0,0,0,0,1,0,0,0,0,0,2,45.0,2.0
15,Yoro,MUN,4.4,1,1,65,0,1,65.0,65.0,0,0,0,3,0,0,0,0,0,1,0,0,0,0,0,1,65.0,1.0
15,Zabarnyi,BOU,5.0,1,1,90,0,0,90.0,90.0,0,0,0,1,0,0,0,0,0,1,0,0,0,2,0,4,22.5,4.0
15,Zirkzee,MUN,5.8,1,0,20,1,0,20.0,0.0,0,0,0,0,0,0,0,0,0,0,0,0,0,0,0,1,20.0,0.0
16,Adams (Tyler),BOU,5.0,1,0,29,1,0,29.0,0.0,0,0,0,1,0,0,0,0,0,0,0,0,0,0,0,1,29.0,0.0
16,Tosin,CHE,4.4,1,1,90,0,0,90.0,90.0,0,0,0,1,0,0,0,0,0,1,0,0,0,0,0,2,45.0,2.0
16,Adingra,BHA,5.1,1,0,24,1,0,24.0,0.0,0,0,0,1,0,0,0,0,0,0,0,0,0,0,0,1,24.0,0.0
16,Aina,NFO,4.7,1,1,90,0,0,90.0,90.0,0,0,0,1,0,0,0,0,0,1,0,0,0,0,0,2,45.0,2.0
16,Ait Nouri,WOL,5.8,1,1,90,0,0,90.0,90.0,0,0,0,2,0,0,0,0,1,1,0,0,0,0,0,0,0.0,0.0
16,Ajer,BRE,4.4,1,0,23,1,0,23.0,0.0,0,0,0,1,0,0,0,0,0,0,0,0,0,0,0,1,23.0,0.0
16,Ali Al Hamadi,IPS,4.7,1,0,11,1,0,11.0,0.0,0,0,0,0,0,0,0,0,0,0,0,0,0,0,0,1,11.0,0.0
16,Alexander-Arnold,LIV,7.2,1,1,72,0,1,72.0,72.0,0,0,0,2,0,0,0,0,0,1,0,0,0,0,0,1,72.0,1.0
16,Álvarez (Edson),WHU,4.9,1,1,74,0,1,74.0,74.0,0,0,1,0,0,0,0,1,0,1,0,0,0,0,0,2,37.0,2.0
16,Anderson,NFO,5.3,1,1,90,0,0,90.0,90.0,0,1,0,1,0,0,0,0,0,0,1,1,0,2,0,7,12.9,7.0
16,Joelinton,NEW,5.9,1,1,90,0,0,90.0,90.0,0,0,1,0,0,0,0,1,0,1,0,0,0,0,0,2,45.0,2.0
16,Archer,SOU,4.8,1,0,11,1,0,11.0,0.0,0,0,0,0,0,0,0,0,0,0,0,0,0,0,0,1,11.0,0.0
16,Aribo,SOU,4.9,1,1,90,0,0,90.0,90.0,0,0,0,5,0,0,0,0,0,1,0,0,0,0,0,2,45.0,2.0
16,Armstrong (Adam),SOU,5.1,1,1,81,0,1,81.0,81.0,0,0,0,5,0,0,0,0,0,1,0,0,0,0,0,2,40.5,2.0
16,Kepa,BOU,4.2,1,1,90,0,0,90.0,90.0,0,0,0,1,0,0,2,0,0,1,0,0,0,0,0,2,45.0,2.0
16,Ayari,BHA,4.9,1,1,71,0,1,71.0,71.0,0,0,0,2,0,0,0,0,0,1,0,0,0,0,0,2,35.5,2.0
16,Baleba,BHA,4.7,1,1,87,0,1,87.0,87.0,0,0,0,3,0,0,0,0,0,1,0,0,0,0,0,2,43.5,2.0
16,Barkley,AVL,4.8,1,0,9,1,0,9.0,0.0,0,0,0,1,0,0,0,0,0,0,0,0,0,0,0,1,9.0,0.0
16,Barnes,NEW,6.4,1,0,32,1,0,32.0,0.0,0,0,0,0,0,0,0,0,0,0,0,0,0,0,0,1,32.0,0.0
16,Bednarek,SOU,4.0,1,1,90,0,0,90.0,90.0,0,0,0,5,0,0,0,0,0,1,0,0,0,0,0,0,0.0,0.0
16,Bellegarde,WOL,5.2,1,1,71,0,1,71.0,71.0,0,0,0,1,0,0,0,0,0,1,0,0,0,0,0,2,35.5,2.0
16,Berge,FUL,4.9,1,1,90,0,0,90.0,90.0,0,0,0,2,0,0,0,1,0,1,0,0,0,0,0,1,90.0,1.0
16,Bergvall,TOT,5.4,1,1,90,0,0,90.0,90.0,0,0,1,0,0,0,0,1,0,1,0,0,0,0,0,2,45.0,2.0
16,Billing,BOU,4.9,1,0,18,1,0,18.0,0.0,0,0,0,1,0,0,0,0,0,0,0,0,0,0,0,1,18.0,0.0
16,Boly,NFO,3.9,1,0,5,1,0,5.0,0.0,0,0,0,0,0,0,0,0,0,0,0,0,0,0,0,1,5.0,0.0
16,Bruno Fernandes,MUN,8.9,1,1,90,0,0,90.0,90.0,1,0,0,1,0,0,0,0,0,0,1,1,0,2,0,9,10.0,9.0
16,Bowen,WHU,7.8,1,1,90,0,0,90.0,90.0,0,0,0,1,0,0,0,0,0,1,0,0,0,0,0,2,45.0,2.0
16,Branthwaite,EVE,5.3,1,1,90,0,0,90.0,90.0,0,0,1,0,0,0,0,0,0,0,0,1,0,0,0,6,15.0,6.0
16,Broja,EVE,5.3,1,0,30,1,0,30.0,0.0,0,0,0,0,0,0,0,1,0,0,0,0,0,0,0,0,0.0,0.0
16,Brooks,BOU,5.0,1,0,30,1,0,30.0,0.0,0,0,0,1,0,0,0,0,0,0,0,0,0,0,0,1,30.0,0.0
16,Bueno (Santiago),WOL,4.4,1,1,90,0,0,90.0,90.0,0,0,0,2,0,0,0,0,0,1,0,0,0,0,0,1,90.0,1.0
16,Buonanotte,LEI,4.8,1,0,37,1,0,37.0,0.0,0,0,0,1,0,0,0,0,0,0,0,0,0,0,0,1,37.0,0.0
16,Burgess,IPS,3.8,1,1,90,0,0,90.0,90.0,0,0,0,1,0,0,0,0,0,1,0,0,0,0,0,2,45.0,2.0
16,Burn,NEW,5.1,1,1,90,0,0,90.0,90.0,0,0,1,0,0,0,0,0,0,0,0,1,0,0,0,6,15.0,6.0
16,Burns,IPS,4.7,1,1,83,0,1,83.0,83.0,0,0,0,1,0,0,0,0,0,1,0,0,0,0,0,2,41.5,2.0
16,Moises Caicedo,CHE,5.9,1,1,90,0,0,90.0,90.0,0,0,0,1,0,0,0,0,0,1,0,0,0,0,0,2,45.0,2.0
16,Cajuste,IPS,4.5,1,1,73,0,1,73.0,73.0,0,0,0,1,0,0,0,0,0,1,0,0,0,0,0,2,36.5,2.0
16,Calvert-Lewin,EVE,5.5,1,1,65,0,1,65.0,65.0,0,0,1,0,0,0,0,0,0,1,0,0,0,0,0,2,32.5,2.0
16,Carvalho,BRE,4.9,1,0,23,1,0,23.0,0.0,0,0,0,1,0,0,0,0,0,0,0,0,0,0,0,1,23.0,0.0
16,Casey,WHU,4.0,1,0,4,1,0,4.0,0.0,0,0,0,0,0,0,0,0,0,0,0,0,0,0,0,1,4.0,0.0
16,Cash,AVL,4.6,1,1,90,0,0,90.0,90.0,0,0,0,2,0,0,0,0,0,1,0,0,0,0,0,1,90.0,1.0
16,Castagne,FUL,4.4,1,0,43,1,0,43.0,0.0,0,0,0,1,0,0,0,0,0,0,0,0,0,0,0,1,43.0,0.0
16,Chalobah,CHE,5.1,1,1,90,0,0,90.0,90.0,1,0,0,1,0,0,0,0,0,0,1,1,0,1,0,9,10.0,9.0
16,Chaplin,IPS,5.1,1,1,74,0,1,74.0,74.0,0,1,0,1,0,0,0,0,0,0,1,1,0,0,0,5,14.8,5.0
16,Choudhury,LEI,4.4,1,1,58,0,1,58.0,58.0,0,0,0,3,0,0,0,0,0,1,0,0,0,0,0,1,58.0,1.0
16,Christie,BOU,5.0,1,1,90,0,0,90.0,90.0,0,0,0,1,0,0,0,0,0,1,0,0,0,1,0,3,30.0,3.0
16,Harry Clarke,IPS,4.0,1,1,90,0,0,90.0,90.0,0,0,0,1,0,0,0,1,0,1,0,0,0,0,0,1,90.0,1.0
16,Clarke (Jack),IPS,5.4,1,0,21,1,0,21.0,0.0,0,1,0,0,0,0,0,0,0,0,1,1,0,0,0,4,5.3,0.0
16,Clyne,CRY,3.9,1,0,10,1,0,10.0,0.0,0,0,0,1,0,0,0,0,0,0,0,0,0,0,0,1,10.0,0.0
16,Coady,LEI,4.0,1,1,90,0,0,90.0,90.0,0,0,0,4,0,0,0,0,0,1,0,0,0,0,0,0,0.0,0.0
16,Collins,BRE,4.9,1,1,90,0,0,90.0,90.0,0,0,0,2,0,0,0,0,0,1,0,0,0,0,0,1,90.0,1.0
16,Colwill,CHE,4.8,1,1,90,0,0,90.0,90.0,0,0,0,1,0,0,0,0,0,1,0,0,0,0,0,2,45.0,2.0
16,Cook,BOU,4.9,1,1,90,0,0,90.0,90.0,0,0,0,1,0,0,0,0,0,1,0,0,0,0,0,2,45.0,2.0
16,Coufal,WHU,4.1,1,1,90,0,0,90.0,90.0,0,0,0,1,0,0,0,0,0,1,0,0,0,0,0,2,45.0,2.0
16,Cucurella,CHE,6.1,1,1,90,0,0,90.0,90.0,1,0,0,1,0,0,0,0,1,0,1,1,0,0,0,5,18.0,5.0
16,Cuenca,FUL,4.4,1,1,90,0,0,90.0,90.0,0,0,0,2,0,0,0,0,0,1,0,0,0,0,0,1,90.0,1.0
16,André,WOL,5.4,1,1,45,0,1,45.0,45.0,0,0,0,1,0,0,0,0,0,1,0,0,0,0,0,1,45.0,1.0
16,Daka,LEI,4.8,1,0,37,1,0,37.0,0.0,0,0,0,1,0,0,0,0,0,0,0,0,0,0,0,1,37.0,0.0
16,Dalot,MUN,4.4,1,1,90,0,0,90.0,90.0,0,0,0,1,0,0,0,0,0,1,0,0,0,0,0,2,45.0,2.0
16,Damsgaard,BRE,5.8,1,1,61,0,1,61.0,61.0,0,0,0,1,0,0,0,0,0,1,0,0,0,0,0,2,30.5,2.0
16,Davis,IPS,4.2,1,1,90,0,0,90.0,90.0,0,0,0,1,0,0,0,0,0,1,0,0,0,0,0,2,45.0,2.0
16,De Bruyne,MCI,9.5,1,1,67,0,1,67.0,67.0,0,1,1,0,0,0,0,0,0,0,1,1,0,0,0,6,11.2,6.0
16,Jesus,ARS,6.4,1,0,27,1,0,27.0,0.0,0,0,0,0,0,0,0,0,0,0,0,0,0,0,0,1,27.0,0.0
16,de Ligt,MUN,5.0,1,1,78,0,1,78.0,78.0,0,0,0,1,0,0,0,0,0,1,0,0,0,0,0,2,39.0,2.0
16,Evanilson,BOU,7.0,1,1,79,0,1,79.0,79.0,0,0,1,0,0,0,0,0,0,1,0,0,0,0,0,2,39.5,2.0
16,DeCordova-Reid,LEI,5.2,1,0,13,1,0,13.0,0.0,0,0,0,0,0,0,0,0,0,0,0,0,0,0,0,1,13.0,0.0
16,Delap,IPS,6.2,1,1,83,0,1,83.0,83.0,0,0,0,1,0,0,0,1,0,1,0,0,0,0,0,1,83.0,1.0
16,Devenny,CRY,4.4,1,0,4,1,0,4.0,0.0,0,0,0,0,0,0,0,0,0,0,0,0,0,0,0,1,4.0,0.0
16,Díaz,LIV,8.0,1,1,90,0,0,90.0,90.0,0,0,0,2,0,0,0,1,0,1,0,0,0,0,0,1,90.0,1.0
16,Dibling,SOU,5.4,1,1,90,0,0,90.0,90.0,0,0,0,5,0,0,0,0,0,1,0,0,0,0,0,2,45.0,2.0
16,Digne,AVL,4.5,1,1,86,0,1,86.0,86.0,0,0,0,1,0,0,0,0,0,1,0,0,0,0,0,2,43.0,2.0
16,Diop,FUL,4.4,1,1,90,0,0,90.0,90.0,0,0,0,2,0,0,0,1,0,1,0,0,0,0,0,0,0.0,0.0
16,Doherty,WOL,4.4,1,1,63,0,1,63.0,63.0,0,0,0,1,1,0,0,0,0,1,0,0,0,0,0,0,0.0,0.0
16,Doku,MCI,6.5,1,1,77,0,1,77.0,77.0,0,0,1,0,0,0,0,0,0,1,0,0,0,0,0,3,25.7,3.0
16,Nicolás Domínguez,NFO,5.0,1,1,77,0,1,77.0,77.0,0,0,0,1,0,0,0,0,0,1,0,0,0,0,0,2,38.5,2.0
16,Dorrington,TOT,4.0,1,0,16,1,0,16.0,0.0,0,0,0,0,0,0,0,0,0,0,0,0,0,0,0,1,16.0,0.0
16,Antony,MUN,5.9,1,0,17,1,0,17.0,0.0,0,0,0,0,0,0,0,0,0,0,0,0,0,0,0,1,17.0,0.0
16,Gabriel Magalhães,ARS,6.5,1,1,90,0,0,90.0,90.0,0,0,1,0,0,0,0,0,0,0,0,1,0,3,0,9,10.0,9.0
16,Doucouré,EVE,5.1,1,1,90,0,0,90.0,90.0,0,0,1,0,0,0,0,0,0,1,0,0,0,0,0,3,30.0,3.0
16,Doucoure,CRY,4.9,1,0,10,1,0,10.0,0.0,0,0,0,1,0,0,0,0,0,0,0,0,0,0,0,1,10.0,0.0
16,Downes,SOU,4.7,1,1,90,0,0,90.0,90.0,0,0,0,5,0,0,0,0,0,1,0,0,0,0,0,2,45.0,2.0
16,Doyle (Tommy),WOL,4.7,1,0,45,1,0,45.0,0.0,0,0,0,1,0,0,0,0,0,0,0,0,0,0,0,1,45.0,0.0
16,Dragusin,TOT,4.5,1,1,90,0,0,90.0,90.0,0,0,1,0,0,0,0,0,0,0,0,1,0,0,0,6,15.0,6.0
16,Dubravka,NEW,4.0,1,1,90,0,0,90.0,90.0,0,0,1,0,0,0,1,0,0,0,0,1,0,0,0,6,15.0,6.0
16,Dunk,BHA,4.5,1,1,90,0,0,90.0,90.0,0,0,0,3,0,0,0,1,0,1,0,0,0,0,0,0,0.0,0.0
16,Durán,AVL,5.7,1,1,73,0,1,73.0,73.0,1,0,1,0,0,0,0,1,0,0,1,1,0,0,0,5,14.6,5.0
16,El Khannouss,LEI,4.8,1,1,82,0,1,82.0,82.0,0,0,0,4,0,0,0,0,0,1,0,0,0,0,0,2,41.0,2.0
16,Elanga,NFO,6.7,1,0,18,1,0,18.0,0.0,1,0,0,0,0,0,0,0,0,0,1,1,0,0,0,6,3.0,0.0
16,Elliott,LIV,5.4,1,0,21,1,0,21.0,0.0,0,0,0,0,0,0,0,0,0,0,0,0,0,0,0,1,21.0,0.0
16,Enciso,IPS,5.4,1,0,45,1,0,45.0,0.0,0,0,0,1,0,0,0,0,0,0,0,0,0,0,0,1,45.0,0.0
16,Mateus Fernandes,SOU,5.5,1,1,90,0,0,90.0,90.0,0,0,0,5,0,0,0,1,0,1,0,0,0,0,0,1,90.0,1.0
16,Estupiñán,BHA,4.5,1,1,90,0,0,90.0,90.0,0,0,0,3,0,0,0,0,0,1,0,0,0,0,0,1,90.0,1.0
16,Eze,CRY,7.6,1,1,59,0,1,59.0,59.0,0,0,0,0,0,0,0,0,0,1,0,0,0,0,0,1,59.0,1.0
16,Fabianski,WHU,4.5,1,1,90,0,0,90.0,90.0,0,0,0,1,0,0,8,0,0,0,0,0,0,0,0,4,22.5,4.0
16,Ferguson,WHU,5.5,1,0,24,1,0,24.0,0.0,0,0,0,1,0,0,0,0,0,0,0,0,0,0,0,1,24.0,0.0
16,Fernández,CHE,6.7,1,1,90,0,0,90.0,90.0,0,1,0,1,0,0,0,0,0,0,1,1,0,0,0,5,18.0,5.0
16,Jota Silva,NFO,5.4,1,0,28,1,0,28.0,0.0,0,0,0,0,0,0,0,0,0,0,0,0,0,0,0,1,28.0,0.0
16,Flekken,BRE,4.5,1,1,90,0,0,90.0,90.0,0,0,0,2,0,0,6,0,0,1,0,0,0,0,0,3,30.0,3.0
16,Foden,MCI,8.0,1,1,90,0,0,90.0,90.0,0,0,0,2,0,0,0,0,0,1,0,0,0,0,0,2,45.0,2.0
16,Forster,TOT,4.3,1,1,90,0,0,90.0,90.0,0,0,1,0,0,0,4,0,0,0,0,1,0,0,0,7,12.9,7.0
16,Jorginho,ARS,4.6,1,0,34,1,0,34.0,0.0,0,0,0,0,0,0,0,0,0,0,0,0,0,0,0,1,34.0,0.0
16,Füllkrug,WHU,5.6,1,0,41,1,0,41.0,0.0,0,0,0,1,0,0,0,0,0,0,0,0,0,0,0,1,41.0,0.0
16,Gakpo,LIV,7.6,1,1,66,0,1,66.0,66.0,1,0,0,1,0,0,0,0,0,0,1,1,0,3,0,9,7.3,9.0
16,Gonçalo Guedes,WOL,5.5,1,0,32,1,0,32.0,0.0,0,1,0,1,0,0,0,0,0,0,1,1,0,0,0,4,8.0,0.0
16,Rúben Dias,MCI,5.5,1,1,90,0,0,90.0,90.0,0,0,0,2,0,0,0,0,0,1,0,0,0,0,0,1,90.0,1.0
16,Gibbs-White,NFO,7.3,1,1,90,0,0,90.0,90.0,0,1,0,1,0,0,0,0,0,0,1,1,0,3,0,8,11.3,8.0
16,Toti,WOL,4.3,1,1,90,0,0,90.0,90.0,0,0,0,2,0,0,0,0,0,1,0,0,0,0,0,1,90.0,1.0
16,Gomez,LIV,4.9,1,1,90,0,0,90.0,90.0,0,0,0,2,0,0,0,0,0,1,0,0,0,0,0,1,90.0,1.0
16,Gordon (Anthony),NEW,7.5,1,1,80,0,1,80.0,80.0,0,1,1,0,0,0,0,0,0,0,1,1,0,0,0,6,13.3,6.0
16,Gravenberch,LIV,5.6,1,1,90,0,0,90.0,90.0,0,0,0,2,0,0,0,0,0,1,0,0,0,0,0,2,45.0,2.0
16,Gray (Archie),TOT,4.8,1,1,90,0,0,90.0,90.0,0,0,1,0,0,0,0,0,0,1,0,0,0,0,0,3,30.0,3.0
16,Grealish,MCI,6.9,1,0,18,1,0,18.0,0.0,0,0,0,2,0,0,0,0,0,0,0,0,0,0,0,1,18.0,0.0
16,Gruda,BHA,5.4,1,0,23,1,0,23.0,0.0,0,0,0,1,0,0,0,0,0,0,0,0,0,0,0,1,23.0,0.0
16,Marc Guehi,CRY,4.9,1,1,90,0,0,90.0,90.0,0,0,0,1,1,0,0,1,0,1,0,0,0,0,0,0,0.0,0.0
16,Gueye,EVE,5.4,1,1,90,0,0,90.0,90.0,0,0,1,0,0,0,0,0,0,1,0,0,0,0,0,3,30.0,3.0
16,Bruno Guimarães,NEW,6.5,1,1,64,0,1,64.0,64.0,1,0,1,0,0,0,0,1,0,0,1,1,0,0,0,7,9.1,7.0
16,Gundogan,MCI,6.3,1,1,87,0,1,87.0,87.0,0,0,0,1,0,0,0,0,0,1,0,0,0,0,0,2,43.5,2.0
16,Gusto,CHE,4.9,1,1,90,0,0,90.0,90.0,0,0,0,1,0,0,0,0,0,1,0,0,0,0,0,2,45.0,2.0
16,Gvardiol,MCI,5.9,1,1,90,0,0,90.0,90.0,1,0,0,2,0,0,0,0,0,0,1,1,0,0,0,7,12.9,7.0
16,Haaland,MCI,14.8,1,1,90,0,0,90.0,90.0,0,0,0,2,0,0,0,0,0,1,0,0,0,0,0,2,45.0,2.0
16,Lewis Hall,NEW,5.2,1,1,90,0,0,90.0,90.0,0,2,1,0,0,0,0,0,0,0,2,3,0,3,1,15,6.0,15.0
16,Harrison (Jack),EVE,5.2,1,1,65,0,1,65.0,65.0,0,0,1,0,0,0,0,0,0,1,0,0,0,0,0,3,21.7,3.0
16,Harwood-Bellis,SOU,3.9,1,1,90,0,0,90.0,90.0,0,0,0,5,0,0,0,0,0,1,0,0,0,0,0,0,0.0,0.0
16,Havertz,ARS,7.3,1,1,90,0,0,90.0,90.0,0,0,1,0,0,0,0,0,0,1,0,0,0,0,0,2,45.0,2.0
16,Henderson,CRY,5.0,1,1,90,0,0,90.0,90.0,0,0,0,1,0,0,5,1,0,1,0,0,0,0,0,2,45.0,2.0
16,Hermansen,LEI,4.4,1,1,45,0,1,45.0,45.0,0,0,0,1,0,0,4,0,0,1,0,0,0,0,0,2,22.5,2.0
16,Hudson-Odoi,NFO,5.8,1,1,90,0,1,90.0,90.0,0,0,0,1,0,0,0,0,0,1,0,0,0,0,0,2,45.0,2.0
16,Hughes,CRY,4.8,1,1,85,0,1,85.0,85.0,0,0,1,0,0,0,0,0,0,1,0,0,0,0,0,3,28.3,3.0
16,Huijsen,BOU,4.5,1,1,90,0,0,90.0,90.0,0,0,0,1,0,0,0,0,0,1,0,0,0,0,0,2,45.0,2.0
16,Hutchinson,IPS,5.4,1,1,90,0,0,90.0,90.0,0,0,0,1,0,0,0,0,0,1,0,0,0,0,0,2,45.0,2.0
16,Hwang Hee-Chan,WOL,5.8,1,0,23,1,0,23.0,0.0,0,0,0,1,0,0,0,0,0,0,0,0,0,0,0,1,23.0,0.0
16,Højlund,MUN,6.3,1,1,78,0,1,78.0,78.0,0,0,0,1,0,0,0,1,0,1,0,0,0,0,0,1,78.0,1.0
16,Isak,NEW,10.4,1,1,73,0,1,73.0,73.0,1,1,1,0,0,0,0,0,0,0,2,2,0,2,1,11,6.6,11.0
16,Iwobi,FUL,6.5,1,1,90,0,0,90.0,90.0,0,0,0,2,0,0,0,0,0,1,0,0,0,0,0,2,45.0,2.0
16,Jackson (Nicolas),CHE,6.5,1,1,80,0,1,80.0,80.0,1,0,1,0,0,0,0,0,0,0,1,1,0,3,0,9,8.9,9.0
16,Janelt,BRE,4.9,1,0,34,1,0,34.0,0.0,0,0,0,1,0,0,0,1,0,0,0,0,0,0,0,0,0.0,0.0
16,Raúl Jiménez,FUL,6.2,1,1,64,0,1,64.0,64.0,0,0,0,1,0,0,0,0,0,1,0,0,0,0,0,2,32.0,2.0
16,Johnson (Ben),IPS,3.8,1,0,11,1,0,11.0,0.0,0,0,0,0,0,0,0,0,0,0,0,0,0,0,0,1,11.0,0.0
16,Johnson (Brennan),TOT,6.7,1,0,45,1,0,45.0,0.0,0,0,0,0,0,0,0,1,0,0,0,0,0,0,0,0,0.0,0.0
16,Johnstone,WOL,4.5,1,1,90,0,0,90.0,90.0,0,0,0,2,0,0,2,0,0,1,0,0,0,0,0,1,90.0,1.0
16,Jones,LIV,5.4,1,1,66,0,1,66.0,66.0,0,0,0,1,0,0,0,1,0,1,0,0,0,0,0,1,66.0,1.0
16,João Pedro,BHA,7.4,1,1,90,0,0,90.0,90.0,0,0,0,3,0,0,0,0,0,1,0,0,0,0,0,2,45.0,2.0
16,Justin,LEI,4.0,1,1,90,0,0,90.0,90.0,0,0,0,4,0,0,0,0,0,1,0,0,0,0,0,0,0.0,0.0
16,Kamada,CRY,5.0,1,0,36,1,0,36.0,0.0,0,0,0,1,0,0,0,0,0,0,0,0,0,0,0,1,36.0,0.0
16,Kamara,AVL,4.9,1,1,86,0,1,86.0,86.0,0,0,0,1,0,0,0,0,0,1,0,0,0,0,0,2,43.0,2.0
16,Kerkez,BOU,5.8,1,1,90,0,0,90.0,90.0,0,0,0,1,0,0,0,0,0,1,0,0,0,0,0,2,45.0,2.0
16,Kilman,WHU,4.3,1,1,90,0,0,90.0,90.0,0,0,0,1,0,0,0,0,0,1,0,0,0,0,0,2,45.0,2.0
16,Kluivert,BOU,7.0,1,1,79,0,1,79.0,79.0,0,0,1,0,0,0,0,0,0,1,0,0,0,0,0,3,26.3,3.0
16,Konsa Ngoyo,AVL,4.4,1,1,90,0,0,90.0,90.0,0,0,0,2,0,0,0,0,0,1,0,0,0,0,0,1,90.0,1.0
16,Kovacic,MCI,5.9,1,0,28,1,0,28.0,0.0,0,0,0,2,0,0,0,0,0,0,0,0,0,0,0,1,28.0,0.0
16,Kristiansen,LEI,4.4,1,1,90,0,0,90.0,90.0,0,0,0,4,0,0,0,0,0,1,0,0,0,0,0,0,0.0,0.0
16,Kudus,WHU,6.8,1,1,75,0,1,75.0,75.0,0,0,1,0,0,0,0,0,0,1,0,0,0,0,0,3,25.0,3.0
16,Kulusevski,TOT,6.4,1,1,90,0,0,90.0,90.0,1,0,1,0,0,0,0,0,0,0,1,1,0,0,0,8,11.3,8.0
16,Lacroix,CRY,5.0,1,1,90,0,0,90.0,90.0,0,0,0,1,0,0,0,0,0,1,0,0,0,0,0,2,45.0,2.0
16,Lamptey,BHA,4.4,1,1,45,0,1,45.0,45.0,0,0,0,2,0,0,0,0,0,1,0,0,0,0,0,0,0.0,0.0
16,Lankshear,TOT,4.5,1,0,11,1,0,11.0,0.0,0,0,0,0,0,0,0,0,0,0,0,0,0,0,0,1,11.0,0.0
16,Lemina (Mario),WOL,4.8,1,1,90,0,0,90.0,90.0,0,0,0,2,0,0,0,0,0,1,0,0,0,0,0,2,45.0,2.0
16,Leno,FUL,5.0,1,1,90,0,0,90.0,90.0,0,0,0,2,0,0,2,0,0,1,0,0,0,0,0,1,90.0,1.0
16,Lerma,CRY,4.9,1,1,90,0,0,90.0,90.0,0,0,0,1,0,0,0,0,0,1,0,0,0,0,0,2,45.0,2.0
16,Lewis-Potter,BRE,4.9,1,1,82,0,1,82.0,82.0,0,0,0,2,0,0,0,0,0,1,0,0,0,0,0,2,41.0,2.0
16,Lewis-Skelly,ARS,5.2,1,1,68,0,1,68.0,68.0,0,0,1,0,0,0,0,0,0,1,0,0,0,0,0,3,22.7,3.0
16,Lindstrom,EVE,5.0,1,0,30,1,0,30.0,0.0,0,0,0,0,0,0,0,0,0,0,0,0,0,0,0,1,30.0,0.0
16,Livramento,NEW,4.9,1,1,63,0,1,63.0,63.0,0,0,1,0,0,0,0,0,0,0,0,1,0,0,0,6,10.5,6.0
16,Longstaff (Sean),NEW,4.9,1,0,31,1,0,31.0,0.0,0,0,0,0,0,0,0,0,0,0,0,0,0,0,0,1,31.0,0.0
16,Lukic,FUL,5.0,1,1,90,0,0,90.0,90.0,0,0,0,2,0,0,0,0,0,1,0,0,0,0,0,2,45.0,2.0
16,Maatsen,AVL,4.3,1,0,9,1,0,9.0,0.0,0,0,0,1,0,0,0,0,0,0,0,0,0,0,0,1,9.0,0.0
16,Maddison,TOT,6.9,1,1,76,0,1,76.0,76.0,2,0,1,0,0,0,0,1,0,0,2,2,0,3,1,15,5.1,15.0
16,Madueke,CHE,6.8,1,1,90,0,0,90.0,90.0,0,1,0,1,0,0,0,0,0,0,1,1,0,1,0,6,15.0,6.0
16,Maguire,MUN,4.4,1,1,90,0,0,90.0,90.0,0,0,0,1,0,0,0,0,0,1,0,0,0,0,0,2,45.0,2.0
16,Mainoo,MUN,4.8,1,0,81,1,0,81.0,0.0,0,0,0,1,0,0,0,0,0,0,0,0,0,0,0,2,40.5,0.0
16,Mangala,EVE,5.0,1,1,90,0,0,90.0,90.0,0,0,1,0,0,0,0,0,0,1,0,0,0,0,0,3,30.0,3.0
16,Manning,SOU,4.3,1,1,61,0,1,61.0,61.0,0,0,0,5,0,0,0,0,0,1,0,0,0,0,0,0,0.0,0.0
16,Martinelli,ARS,6.9,1,1,74,0,1,74.0,74.0,0,0,1,0,0,0,0,0,0,1,0,0,0,0,0,3,24.7,3.0
16,Martinez,AVL,5.0,1,1,90,0,0,90.0,90.0,0,0,0,2,0,0,4,0,0,1,0,0,0,0,0,2,45.0,2.0
16,Martínez,MUN,4.8,1,1,90,0,0,90.0,90.0,0,1,0,1,0,0,0,0,0,0,1,1,0,1,0,6,15.0,6.0
16,Mateta,CRY,7.7,1,1,59,0,1,59.0,59.0,0,0,0,0,0,0,0,0,0,1,0,0,0,0,0,1,59.0,1.0
16,Mavididi,LEI,5.0,1,1,59,0,1,59.0,59.0,0,0,0,3,0,0,0,0,0,1,0,0,0,0,0,1,59.0,1.0
16,Mavropanos,WHU,4.4,1,1,90,0,0,90.0,90.0,0,0,0,1,0,0,0,0,0,1,0,0,0,0,0,2,45.0,2.0
16,Mazraoui,MUN,4.9,1,1,78,0,1,78.0,78.0,0,0,0,1,0,0,0,0,0,1,0,0,0,0,0,2,39.0,2.0
16,Mbeumo,BRE,8.2,1,1,90,0,0,90.0,90.0,1,0,0,2,0,0,0,0,0,0,1,1,0,2,0,9,10.0,9.0
16,McAteer,LEI,4.7,1,1,90,0,0,90.0,90.0,0,0,0,4,0,0,0,0,0,1,0,0,0,0,0,2,45.0,2.0
16,McCarthy,SOU,4.2,1,1,90,0,0,90.0,90.0,0,0,0,5,0,0,4,0,0,1,0,0,0,0,0,1,90.0,1.0
16,McGinn,AVL,5.4,1,1,90,0,0,90.0,90.0,0,1,0,2,0,0,0,0,0,0,1,1,0,1,0,6,15.0,6.0
16,Meghoma,BRE,4.0,1,0,13,1,0,13.0,0.0,0,0,0,0,0,0,0,0,0,0,0,0,0,0,0,1,13.0,0.0
16,Merino,ARS,5.9,1,1,68,0,1,68.0,68.0,0,0,1,0,0,0,0,0,0,1,0,0,0,0,0,3,22.7,3.0
16,Milenkovic,NFO,5.2,1,1,90,0,0,90.0,90.0,1,0,0,1,0,0,0,0,0,0,1,1,0,1,0,9,10.0,9.0
16,Minteh,BHA,6.0,1,1,71,0,1,71.0,71.0,0,0,0,2,0,0,0,0,0,1,0,0,0,0,0,2,35.5,2.0
16,Mitchell,CRY,5.0,1,1,85,0,1,85.0,85.0,0,1,1,0,0,0,0,0,0,0,1,2,0,2,1,11,7.7,11.0
16,Mitoma,BHA,6.2,1,1,90,0,0,90.0,90.0,0,0,0,3,0,0,0,0,0,1,0,0,0,0,0,2,45.0,2.0
16,Savinho,MCI,6.9,1,0,8,1,0,8.0,0.0,0,0,0,1,0,0,0,0,0,0,0,0,0,0,0,1,8.0,0.0
16,Morsy,IPS,4.8,1,1,90,0,0,90.0,90.0,0,0,0,1,0,0,0,0,0,1,0,0,0,0,0,2,45.0,2.0
16,Mount,MUN,5.9,1,1,12,0,1,12.0,12.0,0,0,0,0,0,0,0,0,0,1,0,0,0,0,0,1,12.0,1.0
16,Rodrigo Muniz,FUL,5.4,1,0,29,1,0,29.0,0.0,1,0,0,1,0,0,0,0,0,0,1,1,0,2,0,7,4.1,0.0
16,Muñoz,CRY,5.7,1,1,90,0,0,90.0,90.0,0,0,0,1,0,0,0,1,0,1,0,0,0,0,0,1,90.0,1.0
16,Muric,IPS,4.4,1,1,90,0,0,90.0,90.0,0,0,0,1,0,0,5,0,0,0,0,0,0,2,0,5,18.0,5.0
16,Murphy (Jacob),NEW,6.1,1,1,64,0,1,64.0,64.0,2,0,1,0,0,0,0,1,0,0,2,2,0,1,1,13,4.9,13.0
16,Mvom Onana,AVL,4.8,1,0,22,1,0,22.0,0.0,0,0,0,2,0,0,0,0,0,0,0,0,0,0,0,1,22.0,0.0
16,Mykolenko,EVE,4.9,1,1,90,0,0,90.0,90.0,0,0,1,0,0,0,0,0,0,0,0,1,0,1,0,7,12.9,7.0
16,Ndiaye,EVE,6.5,1,1,90,0,0,90.0,90.0,0,0,1,0,0,0,0,0,0,1,0,0,0,0,0,2,45.0,2.0
16,Lindelof,MUN,4.5,1,0,5,1,0,5.0,0.0,0,0,0,0,0,0,0,0,0,0,0,0,0,0,0,1,5.0,0.0
16,Eddie Nketiah,CRY,5.4,1,0,36,1,0,36.0,0.0,0,1,0,1,0,0,0,0,0,0,1,1,0,0,0,4,9.0,0.0
16,Nkunku,CHE,5.9,1,0,15,1,0,15.0,0.0,0,0,0,1,0,0,0,0,0,0,0,0,0,0,0,1,15.0,0.0
16,Norgaard,BRE,5.2,1,1,90,0,0,90.0,90.0,0,0,0,2,0,0,0,0,0,1,0,0,0,0,0,2,45.0,2.0
16,Matheus Nunes,MCI,5.3,1,1,90,0,0,90.0,90.0,0,0,0,2,0,0,0,0,0,1,0,0,0,0,0,2,45.0,2.0
16,Núñez,LIV,6.5,1,0,27,1,0,27.0,0.0,0,1,0,1,0,0,0,1,0,0,1,1,0,0,0,3,9.0,0.0
16,Nwaneri,ARS,5.2,1,0,34,1,0,34.0,0.0,0,0,0,0,0,0,0,0,0,0,0,0,0,0,0,1,34.0,0.0
16,O'Shea,IPS,3.8,1,1,90,0,0,90.0,90.0,0,0,0,1,0,0,0,0,0,1,0,0,0,0,0,2,45.0,2.0
16,Odegaard,ARS,7.9,1,1,62,0,1,62.0,62.0,0,0,1,0,0,0,0,0,0,1,0,0,0,0,0,3,20.7,3.0
16,Okoli,LEI,4.0,1,0,37,1,0,37.0,0.0,0,0,0,1,0,0,0,1,0,0,0,0,0,0,0,0,0.0,0.0
16,Onana,MUN,4.9,1,1,90,0,0,90.0,90.0,0,0,0,1,0,0,2,0,0,1,0,0,0,0,0,2,45.0,2.0
16,Osula,NEW,5.5,1,0,22,1,0,22.0,0.0,0,0,0,0,0,0,0,0,0,0,0,0,0,0,0,1,22.0,0.0
16,Dango Ouattara,BOU,6.0,1,1,90,0,0,90.0,90.0,0,0,0,1,0,0,0,0,0,1,0,0,0,0,0,2,45.0,2.0
16,Palmer (Cole),CHE,10.3,1,1,90,0,0,90.0,90.0,0,0,0,1,0,0,0,0,0,1,0,0,0,1,0,3,30.0,3.0
16,Partey,ARS,4.9,1,0,27,1,0,27.0,0.0,0,0,0,0,0,0,0,0,0,0,0,0,0,0,0,1,27.0,0.0
16,Pereira,FUL,5.3,1,1,64,0,1,64.0,64.0,1,0,0,1,0,0,0,1,0,0,1,1,0,0,0,6,10.7,6.0
16,Pickford,EVE,5.5,1,1,90,0,0,90.0,90.0,0,0,1,0,0,0,5,1,0,0,0,1,0,2,0,8,11.3,8.0
16,Pinnock,BRE,4.3,1,1,90,0,0,90.0,90.0,0,0,0,2,0,0,0,0,0,1,0,0,0,0,0,1,90.0,1.0
16,Porro,TOT,5.5,1,0,67,1,0,67.0,0.0,0,0,1,0,0,0,0,0,0,0,0,1,0,0,0,6,11.2,0.0
16,Quansah,LIV,3.9,1,0,27,1,0,27.0,0.0,0,0,0,1,0,0,0,0,0,0,0,0,0,0,0,1,27.0,0.0
16,Alisson,LIV,5.4,1,1,90,0,0,90.0,90.0,0,0,0,2,0,0,1,0,0,1,0,0,0,0,0,1,90.0,1.0
16,Raya Martin,ARS,5.8,1,1,90,0,0,90.0,90.0,0,0,1,0,0,0,0,0,0,0,0,1,0,0,0,6,15.0,6.0
16,Rice,ARS,6.7,1,1,61,0,1,61.0,61.0,0,0,1,0,0,0,0,0,0,1,0,0,0,0,0,3,20.3,3.0
16,Robertson,LIV,5.8,1,1,14,0,0,14.0,14.0,0,0,0,1,0,0,0,0,1,1,0,0,0,0,0,0,0.0,0.0
16,Robinson (Antonee),FUL,4.9,1,1,90,0,0,90.0,90.0,0,2,0,2,0,0,0,1,0,0,2,2,0,0,0,6,15.0,6.0
16,Morato,NFO,4.4,1,0,28,1,0,28.0,0.0,0,0,0,0,0,0,0,0,0,0,0,0,0,0,0,1,28.0,0.0
16,Roerslev,BRE,4.5,1,1,72,0,1,72.0,72.0,0,0,0,1,0,0,0,0,0,1,0,0,0,0,0,2,36.0,2.0
16,Rogers,AVL,6.8,1,1,90,0,0,90.0,90.0,0,0,0,2,0,0,0,0,0,1,0,0,0,0,0,2,45.0,2.0
16,Rutter,BHA,5.7,1,1,71,0,1,71.0,71.0,0,0,0,2,0,0,0,0,0,1,0,0,0,0,0,2,35.5,2.0
16,Saka,ARS,10.0,1,1,90,0,0,90.0,90.0,0,0,1,0,0,0,0,0,0,1,0,0,0,0,0,3,30.0,3.0
16,Salah,LIV,14.3,1,1,90,0,0,90.0,90.0,0,1,0,2,0,0,0,0,0,0,1,1,0,0,0,5,18.0,5.0
16,Saliba,ARS,6.0,1,1,90,0,0,90.0,90.0,0,0,1,0,0,0,0,0,0,0,0,1,0,0,0,6,15.0,6.0
16,Sanchez,CHE,4.9,1,1,90,0,0,90.0,90.0,0,0,0,1,0,0,3,0,0,1,0,0,0,0,0,3,30.0,3.0
16,Sancho,MUN,5.8,1,1,90,0,0,90.0,90.0,0,0,0,1,0,0,0,0,0,1,0,0,0,0,0,2,45.0,2.0
16,Ederson,MCI,5.3,1,1,90,0,0,90.0,90.0,0,0,0,2,0,0,1,0,0,1,0,0,0,0,0,1,90.0,1.0
16,Murillo,NFO,5.3,1,1,67,0,1,67.0,67.0,0,0,0,1,0,0,0,0,0,1,0,0,0,0,0,2,33.5,2.0
16,Matheus Cunha,WOL,7.9,1,1,90,0,0,90.0,90.0,1,0,0,2,0,0,0,0,0,0,1,1,0,3,0,9,10.0,9.0
16,Diego Carlos,AVL,4.5,1,1,90,0,0,90.0,90.0,0,0,0,2,0,0,0,0,0,1,0,0,0,0,0,1,90.0,1.0
16,Ismaila Sarr,CRY,6.6,1,1,90,0,1,90.0,90.0,2,1,0,1,0,0,0,1,0,0,3,3,0,3,1,17,5.3,17.0
16,Sarr (Pape),TOT,4.9,1,1,90,0,0,90.0,90.0,1,0,1,0,0,0,0,0,0,0,1,1,0,1,0,9,10.0,9.0
16,Scarles,WHU,4.4,1,0,23,1,0,23.0,0.0,0,0,0,1,0,0,0,0,0,0,0,0,0,0,0,1,23.0,0.0
16,Schade,BRE,7.0,1,0,23,1,0,23.0,0.0,0,1,0,1,0,0,0,1,0,0,1,1,0,0,0,3,7.7,0.0
16,Schär,NEW,5.4,1,1,90,0,0,90.0,90.0,0,0,1,0,0,0,0,0,0,0,0,1,0,0,0,6,15.0,6.0
16,Sels,NFO,4.8,1,1,90,0,0,90.0,90.0,0,0,0,1,0,0,1,0,0,1,0,0,0,0,0,2,45.0,2.0
16,Semedo,WOL,4.5,1,1,90,0,0,90.0,90.0,0,0,0,2,0,0,0,0,0,1,0,0,0,0,0,1,90.0,1.0
16,Semenyo,BOU,8.1,1,1,67,0,1,67.0,67.0,0,0,1,0,0,0,0,0,0,1,0,0,0,0,0,3,22.3,3.0
16,Skipp,LEI,4.7,1,1,90,0,0,90.0,90.0,0,0,0,4,0,0,0,1,0,1,0,0,0,0,0,1,90.0,1.0
16,Smith,BOU,4.4,1,1,68,0,1,68.0,68.0,0,0,1,0,0,0,0,0,0,0,0,1,0,0,0,6,11.3,6.0
16,Smith-Rowe,FUL,5.7,1,0,29,1,0,29.0,0.0,0,0,0,1,0,0,0,0,0,0,0,0,0,0,0,1,29.0,0.0
16,Solanke,TOT,7.2,1,1,81,0,1,81.0,81.0,0,1,1,0,0,0,0,0,0,0,1,1,0,0,0,5,16.2,5.0
16,Soler (Carlos),WHU,5.0,1,1,56,0,1,56.0,56.0,0,0,0,0,0,0,0,1,0,1,0,0,0,0,0,0,0.0,0.0
16,Son,TOT,8.5,1,1,45,0,1,45.0,45.0,1,2,0,0,0,0,0,0,0,0,3,3,0,2,1,14,3.2,14.0
16,Soucek,WHU,5.7,1,1,90,0,0,90.0,90.0,0,0,0,1,0,0,0,0,0,1,0,0,0,0,0,2,45.0,2.0
16,Spence,TOT,4.5,1,1,76,0,1,76.0,76.0,0,1,1,0,0,0,0,0,0,0,1,2,0,0,0,9,8.4,9.0
16,Strand Larsen,WOL,6.4,1,1,90,0,0,90.0,90.0,0,0,0,2,0,0,0,0,0,1,0,0,0,0,0,2,45.0,2.0
16,Sugawara,SOU,4.2,1,0,32,1,0,32.0,0.0,0,0,0,0,0,0,0,0,0,0,0,0,0,0,0,1,32.0,0.0
16,Sulemana,SOU,5.0,1,1,15,0,1,15.0,15.0,0,0,0,3,0,0,0,0,0,1,0,0,0,0,0,1,15.0,1.0
16,Summerville,WHU,5.5,1,0,23,1,0,23.0,0.0,0,0,0,1,0,0,0,0,0,0,0,0,0,0,0,1,23.0,0.0
16,Szoboszlai,LIV,6.5,1,1,72,0,1,72.0,72.0,0,0,0,2,0,0,0,0,0,1,0,0,0,0,0,2,36.0,2.0
16,Tarkowski,EVE,5.5,1,1,90,0,0,90.0,90.0,0,0,1,0,0,0,0,0,0,0,0,1,0,0,0,6,15.0,6.0
16,Taylor (Jack),IPS,4.8,1,0,21,1,0,21.0,0.0,1,0,0,0,0,0,0,1,0,0,1,1,0,1,0,6,3.5,0.0
16,Diogo Jota,LIV,7.2,1,0,21,1,0,21.0,0.0,1,0,0,0,0,0,0,0,0,0,1,1,0,2,0,8,2.6,0.0
16,Tete,FUL,4.5,1,1,50,0,1,50.0,50.0,0,0,0,1,0,0,0,0,0,1,0,0,0,0,0,1,50.0,1.0
16,Tielemans,AVL,5.9,1,1,73,0,1,73.0,73.0,0,0,1,0,0,0,0,0,0,1,0,0,0,0,0,3,24.3,3.0
16,Jurriën Timber,ARS,6.1,1,1,90,0,0,90.0,90.0,0,0,1,0,0,0,0,0,0,0,0,1,0,0,0,6,15.0,6.0
16,Lucas Paquetá,WHU,5.9,1,1,90,0,0,90.0,90.0,1,0,0,1,0,0,0,0,0,0,1,1,0,3,1,10,9.0,10.0
16,Tonali,NEW,5.4,1,1,90,0,0,90.0,90.0,0,0,1,0,0,0,0,0,0,1,0,0,0,0,0,3,30.0,3.0
16,Torres,AVL,4.3,1,1,90,0,0,90.0,90.0,0,0,0,2,0,0,0,0,0,1,0,0,0,0,0,1,90.0,1.0
16,Traoré (Adama),FUL,5.2,1,0,13,1,0,13.0,0.0,0,0,0,0,0,0,0,0,0,0,0,0,0,0,0,1,13.0,0.0
16,Amad Diallo,MUN,6.3,1,1,90,0,1,90.0,90.0,1,1,0,1,0,0,0,0,0,0,2,2,0,3,1,13,6.9,13.0
16,Trippier,NEW,5.0,1,0,32,1,0,32.0,0.0,0,0,0,0,0,0,0,0,0,0,0,0,0,0,0,1,32.0,0.0
16,Trossard,ARS,6.9,1,0,22,1,0,22.0,0.0,0,0,0,0,0,0,0,0,0,0,0,0,0,0,0,1,22.0,0.0
16,Destiny Udogie,TOT,4.4,1,1,26,0,1,26.0,26.0,0,0,0,0,0,0,0,0,0,1,0,0,0,0,0,1,26.0,1.0
16,Ugarte,MUN,4.8,1,1,90,0,0,90.0,90.0,0,0,0,1,0,0,0,0,0,1,0,0,0,0,0,2,45.0,2.0
16,Unal,BOU,5.4,1,0,18,1,0,18.0,0.0,1,0,0,1,0,0,0,0,0,0,1,1,0,3,0,8,2.3,0.0
16,van den Berg,BRE,4.5,1,1,90,0,0,90.0,90.0,0,0,0,2,0,0,0,0,0,1,0,0,0,0,0,1,90.0,1.0
16,van Dijk,LIV,6.0,1,1,90,0,0,90.0,90.0,0,0,0,2,0,0,0,0,0,1,0,0,0,0,0,1,90.0,1.0
16,van Hecke,BHA,4.4,1,1,90,0,0,90.0,90.0,0,0,0,3,0,0,0,0,0,1,0,0,0,0,0,1,90.0,1.0
16,Vardy,LEI,5.4,1,1,59,0,1,59.0,59.0,0,0,0,3,0,0,0,0,0,1,0,0,0,0,0,1,59.0,1.0
16,Bernardo Silva,MCI,6.3,1,1,90,0,0,90.0,90.0,0,0,0,2,0,0,0,0,0,1,0,0,0,0,0,2,45.0,2.0
16,Verbruggen,BHA,4.4,1,1,90,0,0,90.0,90.0,0,0,0,3,0,0,2,0,0,1,0,0,0,0,0,1,90.0,1.0
16,Vestergaard,LEI,3.9,1,1,90,0,0,90.0,90.0,0,0,0,4,0,0,0,1,0,1,0,0,0,0,0,0,0.0,0.0
16,Walker,MCI,4.4,1,1,90,0,0,90.0,90.0,0,0,0,2,0,0,0,1,0,1,0,0,0,0,0,0,0.0,0.0
16,Walker-Peters,SOU,4.4,1,1,90,0,0,90.0,90.0,0,0,0,5,0,0,0,0,0,1,0,0,0,0,0,0,0.0,0.0
16,Wan-Bissaka,WHU,4.3,1,1,90,0,1,90.0,90.0,0,1,0,1,0,0,0,0,0,0,1,1,0,0,0,5,18.0,5.0
16,Ward (Danny),LEI,3.9,1,0,45,1,0,45.0,0.0,0,0,0,3,0,0,3,0,0,0,0,0,0,0,0,1,45.0,0.0
16,Watkins,AVL,8.5,1,0,22,1,0,22.0,0.0,0,0,0,2,0,0,0,0,0,0,0,0,0,0,0,1,22.0,0.0
16,Werner,TOT,6.2,1,0,16,1,0,16.0,0.0,0,0,0,0,0,0,0,0,0,0,0,0,0,0,0,1,16.0,0.0
16,Wieffer,BHA,4.9,1,0,7,1,0,7.0,0.0,0,0,0,0,0,0,0,0,0,0,0,0,0,0,0,1,7.0,0.0
16,Williams (Neco),NFO,4.7,1,1,90,0,0,90.0,90.0,0,0,0,1,0,0,0,0,0,1,0,0,0,0,0,2,45.0,2.0
16,Willock,NEW,5.0,1,0,15,1,0,15.0,0.0,0,0,0,0,0,0,0,0,0,0,0,0,0,0,0,1,15.0,0.0
16,Wilson (Harry),FUL,5.3,1,1,80,0,1,80.0,80.0,0,0,0,2,0,0,0,0,0,1,0,0,0,0,0,2,40.0,2.0
16,Wissa,BRE,7.4,1,1,72,0,1,72.0,72.0,0,0,0,1,0,0,0,0,0,1,0,0,0,0,0,2,36.0,2.0
16,Wood (Chris),NFO,7.2,1,1,90,0,0,90.0,90.0,0,0,0,1,0,0,0,0,0,1,0,0,0,0,0,2,45.0,2.0
16,Wood (Nathan),SOU,3.9,1,0,79,1,0,79.0,0.0,0,0,0,2,0,0,0,0,0,0,0,0,0,0,0,1,79.0,0.0
16,Yarmolyuk,BRE,5.0,1,1,72,0,1,72.0,72.0,0,0,0,1,0,0,0,0,0,1,0,0,0,0,0,2,36.0,2.0
16,Yates,NFO,4.8,1,1,68,0,1,68.0,68.0,0,0,0,1,0,0,0,0,0,1,0,0,0,0,0,2,34.0,2.0
16,Yoro,MUN,4.4,1,0,17,1,0,17.0,0.0,0,0,0,0,0,0,0,0,0,0,0,0,0,0,0,1,17.0,0.0
16,Young (Ashley),EVE,4.2,1,1,90,0,0,90.0,90.0,0,0,1,0,0,0,0,1,0,0,0,1,0,0,0,5,18.0,5.0
16,Zabarnyi,BOU,5.0,1,1,90,0,0,90.0,90.0,0,0,0,1,0,0,0,0,0,1,0,0,0,0,0,2,45.0,2.0
16,Zirkzee,MUN,5.8,1,0,17,1,0,17.0,0.0,0,0,0,0,0,0,0,0,0,0,0,0,0,0,0,1,17.0,0.0
17,Adams (Tyler),BOU,5.0,1,1,88,0,1,88.0,88.0,0,0,1,0,0,0,0,0,0,1,0,0,0,0,0,3,29.3,3.0
17,Tosin,CHE,4.4,1,1,90,0,0,90.0,90.0,0,0,1,0,0,0,0,0,0,0,0,1,0,3,0,9,10.0,9.0
17,Aina,NFO,4.7,1,1,90,0,0,90.0,90.0,1,0,1,0,0,0,0,0,0,0,1,2,0,3,1,15,6.0,15.0
17,Ajer,BRE,4.4,1,1,67,0,1,67.0,67.0,0,0,0,2,0,0,0,0,0,1,0,0,0,0,0,1,67.0,1.0
17,Akanji,MCI,5.4,1,1,90,0,0,90.0,90.0,0,0,0,2,0,0,0,0,0,1,0,0,0,0,0,1,90.0,1.0
17,Ali Al Hamadi,IPS,4.7,1,0,45,1,0,45.0,0.0,0,0,0,1,0,0,0,1,0,0,0,0,0,0,0,0,0.0,0.0
17,Alexander-Arnold,LIV,7.2,1,1,90,0,0,90.0,90.0,0,1,0,3,0,0,0,0,0,0,1,1,0,0,0,4,22.5,4.0
17,Almirón,NEW,5.4,1,0,22,1,0,22.0,0.0,0,0,0,0,0,0,0,0,0,0,0,0,0,0,0,1,22.0,0.0
17,Álvarez (Edson),WHU,4.9,1,1,88,0,1,88.0,88.0,0,0,0,1,0,0,0,0,0,1,0,0,0,0,0,2,44.0,2.0
17,Carlos Vinicius,FUL,5.0,1,0,10,1,0,10.0,0.0,0,0,0,0,0,0,0,0,0,0,0,0,0,0,0,1,10.0,0.0
17,Anderson,NFO,5.3,1,1,64,0,1,64.0,64.0,0,0,1,0,0,0,0,0,0,1,0,0,0,0,0,3,21.3,3.0
17,Archer,SOU,4.8,1,0,45,1,0,45.0,0.0,0,0,0,0,0,0,0,0,0,0,0,0,0,0,0,1,45.0,0.0
17,Aribo,SOU,4.9,1,1,57,0,1,57.0,57.0,0,0,0,0,0,0,0,0,0,1,0,0,0,0,0,1,57.0,1.0
17,Armstrong (Adam),SOU,5.1,1,1,87,0,1,87.0,87.0,0,0,1,0,0,0,0,0,0,1,0,0,0,0,0,2,43.5,2.0
17,Kepa,BOU,4.2,1,1,90,0,0,90.0,90.0,0,0,1,0,0,0,7,1,0,0,0,1,0,2,0,9,10.0,9.0
17,Awoniyi,NFO,5.2,1,0,4,1,0,4.0,0.0,0,0,0,0,0,0,0,0,0,0,0,0,0,0,0,1,4.0,0.0
17,Ayari,BHA,4.9,1,0,41,1,0,41.0,0.0,0,0,0,1,0,0,0,0,0,0,0,0,0,0,0,1,41.0,0.0
17,Ayew,LEI,5.1,1,1,81,0,1,81.0,81.0,0,0,0,3,0,0,0,0,0,1,0,0,0,0,0,2,40.5,2.0
17,Baleba,BHA,4.7,1,1,90,0,0,90.0,90.0,0,0,0,1,0,0,0,0,0,1,0,0,0,0,0,2,45.0,2.0
17,Barnes,NEW,6.4,1,0,31,1,0,31.0,0.0,0,0,0,0,0,0,0,0,0,0,0,0,0,0,0,1,31.0,0.0
17,Bassey,FUL,4.5,1,1,90,0,0,90.0,90.0,0,0,1,0,0,0,0,0,0,0,0,1,0,0,0,6,15.0,6.0
17,Bednarek,SOU,4.0,1,1,90,0,0,90.0,90.0,0,0,1,0,0,0,0,0,0,0,0,1,0,2,0,8,11.3,8.0
17,Bellegarde,WOL,5.2,1,0,5,1,0,5.0,0.0,0,0,0,0,0,0,0,0,0,0,0,0,0,0,0,1,5.0,0.0
17,Berge,FUL,4.9,1,1,73,0,1,73.0,73.0,0,0,1,0,0,0,0,0,0,1,0,0,0,0,0,3,24.3,3.0
17,Bergvall,TOT,5.4,1,0,38,1,0,38.0,0.0,0,0,0,2,0,0,0,1,0,0,0,0,0,0,0,0,0.0,0.0
17,Billing,BOU,4.9,1,0,18,1,0,18.0,0.0,0,0,0,0,0,0,0,0,0,0,0,0,0,0,0,1,18.0,0.0
17,Bissouma,TOT,5.2,1,1,90,0,0,90.0,90.0,0,0,0,6,0,0,0,0,0,1,0,0,0,0,0,2,45.0,2.0
17,Carlos Borges,WOL,5.4,1,0,5,1,0,5.0,0.0,0,0,0,0,0,0,0,0,0,0,0,0,0,0,0,1,5.0,0.0
17,Bruno Fernandes,MUN,8.9,1,1,90,0,0,90.0,90.0,0,0,0,3,0,0,0,0,0,1,0,0,0,0,0,2,45.0,2.0
17,Bowen,WHU,7.8,1,1,90,0,0,90.0,90.0,0,1,0,1,0,0,0,0,0,0,1,1,0,1,0,6,15.0,6.0
17,Branthwaite,EVE,5.3,1,1,90,0,0,90.0,90.0,0,0,1,0,0,0,0,0,0,0,0,1,0,0,0,6,15.0,6.0
17,Bree,SOU,3.9,1,0,16,1,0,16.0,0.0,0,0,0,0,0,0,0,0,0,0,0,0,0,0,0,1,16.0,0.0
17,Broadhead,IPS,4.9,1,0,18,1,0,18.0,0.0,0,0,0,0,0,0,0,0,0,0,0,0,0,0,0,1,18.0,0.0
17,Brooks,BOU,5.0,1,0,7,1,0,7.0,0.0,0,0,0,0,0,0,0,0,0,0,0,0,0,0,0,1,7.0,0.0
17,Buendía,AVL,5.3,1,0,4,1,0,4.0,0.0,0,0,0,1,0,0,0,0,0,0,0,0,0,0,0,1,4.0,0.0
17,Bueno (Santiago),WOL,4.4,1,1,90,0,0,90.0,90.0,0,0,1,0,0,0,0,0,0,0,0,1,0,0,0,6,15.0,6.0
17,Buonanotte,LEI,4.8,1,0,10,1,0,10.0,0.0,0,0,0,0,0,0,0,0,0,0,0,0,0,0,0,1,10.0,0.0
17,Burgess,IPS,3.8,1,1,90,0,0,90.0,90.0,0,0,0,4,0,0,0,0,0,1,0,0,0,0,0,0,0.0,0.0
17,Burn,NEW,5.1,1,1,90,0,0,90.0,90.0,0,0,1,0,0,0,0,0,0,0,0,1,0,0,0,6,15.0,6.0
17,Burns,IPS,4.7,1,1,76,0,1,76.0,76.0,0,0,0,4,0,0,0,0,0,1,0,0,0,0,0,2,38.0,2.0
17,Moises Caicedo,CHE,5.9,1,1,90,0,0,90.0,90.0,0,0,1,0,0,0,0,0,0,1,0,0,0,0,0,3,30.0,3.0
17,Cairney,FUL,4.9,1,1,73,0,1,73.0,73.0,0,0,1,0,0,0,0,0,0,1,0,0,0,0,0,3,24.3,3.0
17,Cajuste,IPS,4.5,1,1,60,0,1,60.0,60.0,0,0,0,4,0,0,0,0,0,1,0,0,0,0,0,2,30.0,2.0
17,Calafiori,ARS,5.8,1,0,36,1,0,36.0,0.0,0,1,0,0,0,0,0,0,0,0,1,1,0,0,0,4,9.0,0.0
17,Calvert-Lewin,EVE,5.5,1,1,73,0,1,73.0,73.0,0,0,1,0,0,0,0,0,0,1,0,0,0,0,0,2,36.5,2.0
17,Carvalho,BRE,4.9,1,0,14,1,0,14.0,0.0,0,0,0,0,0,0,0,0,0,0,0,0,0,0,0,1,14.0,0.0
17,Cash,AVL,4.6,1,1,90,0,0,90.0,90.0,0,0,0,1,0,0,0,1,0,1,0,0,0,0,0,1,90.0,1.0
17,Castagne,FUL,4.4,1,1,90,0,0,90.0,90.0,0,0,1,0,0,0,0,0,0,0,0,1,0,0,0,6,15.0,6.0
17,Chaplin,IPS,5.1,1,1,60,0,1,60.0,60.0,0,0,0,4,0,0,0,0,0,1,0,0,0,0,0,2,30.0,2.0
17,Choudhury,LEI,4.4,1,0,41,1,0,41.0,0.0,0,0,0,0,0,0,0,0,0,0,0,0,0,0,0,1,41.0,0.0
17,Christie,BOU,5.0,1,1,90,0,0,90.0,90.0,0,1,1,0,0,0,0,0,0,0,1,1,0,1,0,7,12.9,7.0
17,Harry Clarke,IPS,4.0,1,1,90,0,0,90.0,90.0,0,0,0,4,0,0,0,0,0,1,0,0,0,0,0,0,0.0,0.0
17,Clyne,CRY,3.9,1,1,78,0,1,78.0,78.0,0,0,0,4,0,0,0,1,0,1,0,0,0,0,0,0,0.0,0.0
17,Coady,LEI,4.0,1,1,90,0,0,90.0,90.0,0,0,0,3,0,0,0,0,0,1,0,0,0,0,0,1,90.0,1.0
17,Coleman,EVE,4.3,1,0,19,1,0,19.0,0.0,0,0,0,0,0,0,0,0,0,0,0,0,0,0,0,1,19.0,0.0
17,Collins,BRE,4.9,1,1,90,0,0,90.0,90.0,0,0,0,2,0,0,0,0,0,1,0,0,0,0,0,1,90.0,1.0
17,Colwill,CHE,4.8,1,1,90,0,0,90.0,90.0,0,0,1,0,0,0,0,0,0,0,0,1,0,0,0,6,15.0,6.0
17,Cook,BOU,4.9,1,0,45,1,0,45.0,0.0,0,0,0,0,0,0,0,0,0,0,0,0,0,0,0,1,45.0,0.0
17,Coufal,WHU,4.1,1,0,26,1,0,26.0,0.0,0,0,0,0,0,0,0,0,0,0,0,0,0,0,0,1,26.0,0.0
17,André,WOL,5.4,1,1,90,0,0,90.0,90.0,0,0,1,0,0,0,0,0,0,1,0,0,0,0,0,3,30.0,3.0
17,Dalot,MUN,4.4,1,1,90,0,0,90.0,90.0,0,0,0,3,0,0,0,0,0,1,0,0,0,0,0,1,90.0,1.0
17,Damsgaard,BRE,5.8,1,1,90,0,0,90.0,90.0,0,0,0,2,0,0,0,1,0,1,0,0,0,0,0,1,90.0,1.0
17,Davis,IPS,4.2,1,1,90,0,0,90.0,90.0,0,0,0,4,0,0,0,0,0,1,0,0,0,0,0,0,0.0,0.0
17,Dawson,WOL,4.2,1,0,11,1,0,11.0,0.0,0,0,0,0,0,0,0,0,0,0,0,0,0,0,0,1,11.0,0.0
17,Jesus,ARS,6.4,1,1,83,0,1,83.0,83.0,2,1,0,1,0,0,0,0,0,0,3,3,0,3,1,16,5.2,16.0
17,Evanilson,BOU,7.0,1,1,70,0,1,70.0,70.0,0,0,1,0,0,0,0,0,0,1,0,0,0,0,0,2,35.0,2.0
17,DeCordova-Reid,LEI,5.2,1,0,40,1,0,40.0,0.0,0,0,0,0,0,0,0,0,0,0,0,0,0,0,0,1,40.0,0.0
17,Devenny,CRY,4.4,1,0,25,1,0,25.0,0.0,0,0,0,1,0,0,0,0,0,0,0,0,0,0,0,1,25.0,0.0
17,Díaz,LIV,8.0,1,1,86,0,1,86.0,86.0,2,0,0,3,0,0,0,0,0,0,2,2,0,1,1,13,6.6,13.0
17,Dibling,SOU,5.4,1,1,45,0,1,45.0,45.0,0,0,0,0,0,0,0,0,0,1,0,0,0,0,0,1,45.0,1.0
17,Digne,AVL,4.5,1,1,90,0,0,90.0,90.0,0,0,0,1,0,0,0,0,0,1,0,0,0,0,0,2,45.0,2.0
17,Diop,FUL,4.4,1,1,90,0,0,90.0,90.0,0,0,1,0,0,0,0,0,0,0,0,1,0,0,0,6,15.0,6.0
17,Disasi,AVL,4.2,1,1,90,0,0,90.0,90.0,0,0,1,0,0,0,0,1,0,0,0,1,0,0,0,5,18.0,5.0
17,Doherty,WOL,4.4,1,1,90,0,0,90.0,90.0,0,1,1,0,0,0,0,0,0,0,1,2,0,1,1,10,9.0,10.0
17,Doku,MCI,6.5,1,0,11,1,0,11.0,0.0,0,0,0,0,0,0,0,0,0,0,0,0,0,0,0,1,11.0,0.0
17,Nicolás Domínguez,NFO,5.0,1,0,30,1,0,30.0,0.0,0,0,0,0,0,0,0,1,0,0,0,0,0,0,0,0,0.0,0.0
17,Gabriel Magalhães,ARS,6.5,1,1,90,0,0,90.0,90.0,0,1,0,1,0,0,0,1,0,0,1,1,0,0,0,4,22.5,4.0
17,Doucouré,EVE,5.1,1,1,90,0,0,90.0,90.0,0,0,1,0,0,0,0,0,0,1,0,0,0,0,0,3,30.0,3.0
17,Doucoure,CRY,4.9,1,0,25,1,0,25.0,0.0,0,0,0,1,0,0,0,0,0,0,0,0,0,0,0,1,25.0,0.0
17,Downes,SOU,4.7,1,1,90,0,0,90.0,90.0,0,0,1,0,0,0,0,1,0,1,0,0,0,0,0,2,45.0,2.0
17,Doyle (Tommy),WOL,4.7,1,0,10,1,0,10.0,0.0,0,0,0,0,0,0,0,0,0,0,0,0,0,0,0,1,10.0,0.0
17,Dragusin,TOT,4.5,1,1,90,0,0,90.0,90.0,0,0,0,6,0,0,0,0,0,1,0,0,0,0,0,0,0.0,0.0
17,Dubravka,NEW,4.0,1,1,90,0,0,90.0,90.0,0,0,1,0,0,0,2,0,0,0,0,1,0,0,0,6,15.0,6.0
17,Dunk,BHA,4.5,1,1,90,0,0,90.0,90.0,0,1,0,1,0,0,0,0,0,0,1,1,0,0,0,5,18.0,5.0
17,Durán,AVL,5.7,1,1,79,0,1,79.0,79.0,1,0,1,0,0,0,0,0,0,0,1,1,0,1,0,7,11.3,7.0
17,El Khannouss,LEI,4.8,1,1,51,0,1,51.0,51.0,0,0,0,3,0,0,0,0,0,1,0,0,0,0,0,1,51.0,1.0
17,Elanga,NFO,6.7,1,1,64,0,1,64.0,64.0,1,0,1,0,0,0,0,0,0,0,1,1,0,1,0,9,7.1,9.0
17,Elliott,LIV,5.4,1,0,9,1,0,9.0,0.0,0,0,0,0,0,0,0,0,0,0,0,0,0,0,0,1,9.0,0.0
17,Enciso,IPS,5.4,1,0,30,1,0,30.0,0.0,0,0,0,0,0,0,0,0,0,0,0,0,0,0,0,1,30.0,0.0
17,Mateus Fernandes,SOU,5.5,1,1,90,0,0,90.0,90.0,0,0,1,0,0,0,0,0,0,1,0,0,0,0,0,3,30.0,3.0
17,Estupiñán,BHA,4.5,1,1,90,0,0,90.0,90.0,0,0,0,1,0,0,0,1,0,1,0,0,0,0,0,1,90.0,1.0
17,Fabianski,WHU,4.5,1,1,90,0,0,90.0,90.0,0,0,0,1,0,0,5,0,0,1,0,0,0,0,0,3,30.0,3.0
17,Faes,LEI,3.8,1,0,45,1,0,45.0,0.0,0,0,0,0,0,0,0,0,0,0,0,0,0,0,0,1,45.0,0.0
17,Ferguson,WHU,5.5,1,0,13,1,0,13.0,0.0,0,0,0,0,0,0,0,0,0,0,0,0,0,0,0,1,13.0,0.0
17,Fernández,CHE,6.7,1,1,90,0,0,90.0,90.0,0,0,1,0,0,0,0,0,0,1,0,0,0,0,0,3,30.0,3.0
17,Jota Silva,NFO,5.4,1,0,20,1,0,20.0,0.0,0,0,0,0,0,0,0,1,0,0,0,0,0,0,0,0,0.0,0.0
17,Flekken,BRE,4.5,1,1,90,0,0,90.0,90.0,0,0,0,2,0,0,4,0,0,1,0,0,0,0,0,2,45.0,2.0
17,Foden,MCI,8.0,1,1,90,0,0,90.0,90.0,1,0,0,2,0,0,0,0,0,0,1,1,0,2,0,9,10.0,9.0
17,Forster,TOT,4.3,1,1,90,0,0,90.0,90.0,0,0,0,6,0,0,6,0,0,1,0,0,0,0,0,1,90.0,1.0
17,Füllkrug,WHU,5.6,1,1,55,0,1,55.0,55.0,0,0,0,1,0,0,0,0,0,1,0,0,0,0,0,1,55.0,1.0
17,Gakpo,LIV,7.6,1,1,67,0,1,67.0,67.0,0,0,0,1,0,0,0,1,0,1,0,0,0,0,0,1,67.0,1.0
17,Gonçalo Guedes,WOL,5.5,1,1,71,0,1,71.0,71.0,1,1,1,0,0,0,0,0,0,0,2,2,0,2,1,13,5.5,13.0
17,Garnacho,MUN,6.4,1,0,40,1,0,40.0,0.0,0,0,0,2,0,0,0,0,0,0,0,0,0,0,0,1,40.0,0.0
17,Gibbs-White,NFO,7.3,1,1,74,0,1,74.0,74.0,0,0,1,0,0,0,0,1,0,1,0,0,0,0,0,2,37.0,2.0
17,Godo,FUL,4.5,1,0,20,1,0,20.0,0.0,0,0,0,0,0,0,0,0,0,0,0,0,0,0,0,1,20.0,0.0
17,Rodrigo Gomes,WOL,4.5,1,1,81,0,1,81.0,81.0,1,0,1,0,0,0,0,0,0,0,1,1,0,0,0,8,10.1,8.0
17,Toti,WOL,4.3,1,1,90,0,0,90.0,90.0,0,0,1,0,0,0,0,0,0,0,0,1,0,0,0,6,15.0,6.0
17,Beto,EVE,5.2,1,0,19,1,0,19.0,0.0,0,0,0,0,0,0,0,1,0,0,0,0,0,0,0,0,0.0,0.0
17,João Gomes,WOL,5.4,1,1,87,0,1,87.0,87.0,0,0,1,0,0,0,0,0,0,1,0,0,0,0,0,3,29.0,3.0
17,Gomez,LIV,4.9,1,1,90,0,0,90.0,90.0,0,0,0,3,0,0,0,0,0,1,0,0,0,0,0,1,90.0,1.0
17,Gordon (Anthony),NEW,7.5,1,1,90,0,0,90.0,90.0,0,1,1,0,0,0,0,0,0,0,1,1,0,0,0,6,15.0,6.0
17,Gravenberch,LIV,5.6,1,1,90,0,0,90.0,90.0,0,0,0,3,0,0,0,0,0,1,0,0,0,0,0,2,45.0,2.0
17,Gray (Archie),TOT,4.8,1,1,90,0,0,90.0,90.0,0,0,0,6,0,0,0,0,0,1,0,0,0,0,0,2,45.0,2.0
17,Grealish,MCI,6.9,1,1,90,0,0,90.0,90.0,0,0,0,2,0,0,0,1,0,1,0,0,0,0,0,1,90.0,1.0
17,Gruda,BHA,5.4,1,1,65,0,1,65.0,65.0,0,0,0,1,0,0,0,0,0,1,0,0,0,0,0,2,32.5,2.0
17,Marc Guehi,CRY,4.9,1,1,90,0,0,90.0,90.0,0,0,0,5,0,0,0,1,0,1,0,0,0,0,0,0,0.0,0.0
17,Gueye,EVE,5.4,1,1,90,0,0,90.0,90.0,0,0,1,0,0,0,0,0,0,1,0,0,0,0,0,3,30.0,3.0
17,Bruno Guimarães,NEW,6.5,1,1,78,0,1,78.0,78.0,0,1,1,0,0,0,0,0,0,0,1,1,0,1,0,7,11.1,7.0
17,Gundogan,MCI,6.3,1,1,71,0,1,71.0,71.0,0,0,0,2,0,0,0,0,0,1,0,0,0,0,0,2,35.5,2.0
17,Gusto,CHE,4.9,1,1,90,0,0,90.0,90.0,0,0,1,0,0,0,0,0,0,0,0,1,0,0,0,6,15.0,6.0
17,Gvardiol,MCI,5.9,1,1,90,0,0,90.0,90.0,0,0,0,2,0,0,0,1,0,1,0,0,0,0,0,0,0.0,0.0
17,Haaland,MCI,14.8,1,1,90,0,0,90.0,90.0,0,0,0,2,0,0,0,0,0,1,0,0,0,0,0,2,45.0,2.0
17,Lewis Hall,NEW,5.2,1,1,90,0,0,90.0,90.0,0,0,1,0,0,0,0,0,0,0,0,1,0,1,0,7,12.9,7.0
17,Harrison (Jack),EVE,5.2,1,1,73,0,1,73.0,73.0,0,0,1,0,0,0,0,0,0,1,0,0,0,0,0,3,24.3,3.0
17,Harwood-Bellis,SOU,3.9,1,1,90,0,0,90.0,90.0,0,0,1,0,0,0,0,0,0,0,0,1,0,2,0,8,11.3,8.0
17,Havertz,ARS,7.3,1,1,58,0,1,58.0,58.0,1,0,0,1,0,0,0,0,0,0,1,1,0,1,0,6,9.7,6.0
17,Henderson,CRY,5.0,1,1,90,0,0,90.0,90.0,0,0,0,5,0,0,1,0,0,1,0,0,0,0,0,0,0.0,0.0
17,Hill (James),BOU,4.0,1,0,7,1,0,7.0,0.0,0,0,0,0,0,0,0,0,0,0,0,0,0,0,0,1,7.0,0.0
17,Hudson-Odoi,NFO,5.8,1,1,90,0,0,90.0,90.0,0,0,1,0,0,0,0,0,0,1,0,0,0,0,0,3,30.0,3.0
17,Hughes,CRY,4.8,1,1,68,0,1,68.0,68.0,0,0,0,4,0,0,0,0,0,1,0,0,0,0,0,2,34.0,2.0
17,Huijsen,BOU,4.5,1,1,90,0,0,90.0,90.0,1,0,1,0,0,0,0,1,0,0,1,2,0,3,1,14,6.4,14.0
17,Hutchinson,IPS,5.4,1,1,45,0,1,45.0,45.0,0,0,0,3,0,0,0,0,0,1,0,0,0,0,0,1,45.0,1.0
17,Hwang Hee-Chan,WOL,5.8,1,0,20,1,0,20.0,0.0,0,0,0,0,0,0,0,0,0,0,0,0,0,0,0,1,20.0,0.0
17,Højlund,MUN,6.3,1,0,40,1,0,40.0,0.0,0,0,0,2,0,0,0,0,0,0,0,0,0,0,0,1,40.0,0.0
17,Isak,NEW,10.4,1,1,71,0,1,71.0,71.0,3,0,1,0,0,0,0,0,0,0,3,3,0,3,1,17,4.2,17.0
17,Iwobi,FUL,6.5,1,1,90,0,0,90.0,90.0,0,0,1,0,0,0,0,0,0,1,0,0,0,0,0,3,30.0,3.0
17,Jackson (Nicolas),CHE,6.5,1,1,75,0,1,75.0,75.0,0,0,1,0,0,0,0,0,0,1,0,0,0,0,0,2,37.5,2.0
17,Janelt,BRE,4.9,1,1,67,0,1,67.0,67.0,0,0,0,2,0,0,0,0,0,1,0,0,0,0,0,2,33.5,2.0
17,Raúl Jiménez,FUL,6.2,1,0,32,1,0,32.0,0.0,0,0,0,0,0,0,0,1,0,0,0,0,0,0,0,0,0.0,0.0
17,Johnson (Ben),IPS,3.8,1,0,17,1,0,17.0,0.0,0,0,0,0,0,0,0,0,0,0,0,0,0,0,0,1,17.0,0.0
17,Johnson (Brennan),TOT,6.7,1,0,38,1,0,38.0,0.0,0,1,0,2,0,0,0,0,0,0,1,1,0,0,0,4,9.5,0.0
17,Jones,LIV,5.4,1,0,27,1,0,27.0,0.0,0,0,0,2,0,0,0,0,0,0,0,0,0,0,0,1,27.0,0.0
17,João Pedro,BHA,7.4,1,1,90,0,0,90.0,90.0,0,0,0,1,0,0,0,0,0,1,0,0,0,0,0,2,45.0,2.0
17,Justin,LEI,4.0,1,1,51,0,1,51.0,51.0,0,0,0,3,0,0,0,0,0,1,0,0,0,0,0,0,0.0,0.0
17,Kamada,CRY,5.0,1,1,60,0,1,60.0,60.0,0,0,0,4,0,0,0,0,0,1,0,0,0,0,0,2,30.0,2.0
17,Kamara,AVL,4.9,1,1,90,0,0,90.0,90.0,0,0,0,1,0,0,0,0,0,1,0,0,0,0,0,2,45.0,2.0
17,Kerkez,BOU,5.8,1,1,90,0,0,90.0,90.0,0,0,1,0,0,0,0,0,0,0,0,1,0,0,0,6,15.0,6.0
17,Kilman,WHU,4.3,1,1,90,0,0,90.0,90.0,0,0,0,1,0,0,0,0,0,1,0,0,0,0,0,2,45.0,2.0
17,King (Joshua),FUL,4.5,1,1,61,0,1,61.0,61.0,0,0,1,0,0,0,0,0,0,1,0,0,0,0,0,3,20.3,3.0
17,Kluivert,BOU,7.0,1,1,76,0,1,76.0,76.0,1,0,1,0,0,0,0,0,0,0,1,1,0,0,0,8,9.5,8.0
17,Konak,BRE,4.4,1,0,1,1,0,1.0,0.0,0,0,0,0,0,0,0,0,0,0,0,0,0,0,0,1,1.0,0.0
17,Konsa Ngoyo,AVL,4.4,1,1,90,0,0,90.0,90.0,0,0,0,1,0,0,0,0,0,1,0,0,0,0,0,2,45.0,2.0
17,Kovacic,MCI,5.9,1,1,82,0,1,82.0,82.0,0,0,0,2,0,0,0,0,0,1,0,0,0,0,0,2,41.0,2.0
17,Kporha,CRY,4.0,1,0,15,1,0,15.0,0.0,0,0,0,1,0,0,0,0,0,0,0,0,0,0,0,1,15.0,0.0
17,Kristiansen,LEI,4.4,1,1,90,0,0,90.0,90.0,0,0,0,3,0,0,0,0,0,1,0,0,0,0,0,1,90.0,1.0
17,Kudus,WHU,6.8,1,1,90,0,0,90.0,90.0,1,0,0,1,0,0,0,0,0,0,1,1,0,2,0,9,10.0,9.0
17,Kulusevski,TOT,6.4,1,1,90,0,0,90.0,90.0,1,0,0,6,0,0,0,0,0,0,1,1,0,0,0,7,12.9,7.0
17,Lacroix,CRY,5.0,1,1,90,0,0,90.0,90.0,0,0,0,5,0,0,0,0,0,1,0,0,0,0,0,0,0.0,0.0
17,Lamptey,BHA,4.4,1,0,30,1,0,30.0,0.0,0,0,0,0,0,0,0,0,0,0,0,0,0,0,0,1,30.0,0.0
17,Leno,FUL,5.0,1,1,90,0,0,90.0,90.0,0,0,1,0,0,0,1,0,0,0,0,1,0,0,0,6,15.0,6.0
17,Lerma,CRY,4.9,1,1,68,0,1,68.0,68.0,0,0,0,4,0,0,0,0,0,1,0,0,0,0,0,2,34.0,2.0
17,Lewis (Rico),MCI,4.9,1,1,90,0,0,90.0,90.0,0,0,0,2,0,0,0,1,0,1,0,0,0,0,0,0,0.0,0.0
17,Lewis-Potter,BRE,4.9,1,1,90,0,0,90.0,90.0,0,0,0,2,0,0,0,0,0,1,0,0,0,0,0,2,45.0,2.0
17,Lewis-Skelly,ARS,5.2,1,1,57,0,1,57.0,57.0,0,0,0,1,0,0,0,0,0,1,0,0,0,0,0,1,57.0,1.0
17,Lindstrom,EVE,5.0,1,0,19,1,0,19.0,0.0,0,0,0,0,0,0,0,0,0,0,0,0,0,0,0,1,19.0,0.0
17,Livramento,NEW,4.9,1,1,62,0,1,62.0,62.0,0,0,1,0,0,0,0,0,0,0,0,1,0,0,0,6,10.3,6.0
17,Longstaff (Sean),NEW,4.9,1,0,31,1,0,31.0,0.0,0,0,0,0,0,0,0,0,0,0,0,0,0,0,0,1,31.0,0.0
17,Lukic,FUL,5.0,1,0,21,1,0,21.0,0.0,0,0,0,0,0,0,0,0,0,0,0,0,0,0,0,1,21.0,0.0
17,Mac Allister,LIV,6.3,1,1,68,0,1,68.0,68.0,1,0,0,1,0,0,0,0,0,0,1,1,0,0,0,7,9.7,7.0
17,Maddison,TOT,6.9,1,1,57,0,1,57.0,57.0,1,0,0,4,0,0,0,0,0,0,1,1,0,0,0,6,9.5,6.0
17,Madueke,CHE,6.8,1,0,17,1,0,17.0,0.0,0,0,0,0,0,0,0,0,0,0,0,0,0,0,0,1,17.0,0.0
17,Maghoma,BRE,4.5,1,0,27,1,0,27.0,0.0,0,0,0,0,0,0,0,0,0,0,0,0,0,0,0,1,27.0,0.0
17,Maguire,MUN,4.4,1,1,90,0,0,90.0,90.0,0,0,0,3,0,0,0,0,0,1,0,0,0,0,0,1,90.0,1.0
17,Mainoo,MUN,4.8,1,1,90,0,0,90.0,90.0,0,0,0,3,0,0,0,0,0,1,0,0,0,0,0,2,45.0,2.0
17,Malacia,MUN,3.9,1,1,45,0,1,45.0,45.0,0,0,0,1,0,0,0,0,0,1,0,0,0,0,0,1,45.0,1.0
17,José Sá,WOL,4.4,1,1,90,0,0,90.0,90.0,0,0,1,0,0,0,4,0,0,0,0,1,0,0,0,7,12.9,7.0
17,Mangala,EVE,5.0,1,1,90,0,0,90.0,90.0,0,0,1,0,0,0,0,0,0,1,0,0,0,0,0,3,30.0,3.0
17,Martinelli,ARS,6.9,1,1,90,0,0,90.0,90.0,1,0,0,1,0,0,0,0,0,0,1,1,0,0,0,7,12.9,7.0
17,Martinez,AVL,5.0,1,1,90,0,0,90.0,90.0,0,0,0,1,0,0,5,1,0,1,0,0,0,0,0,2,45.0,2.0
17,Martínez,MUN,4.8,1,1,90,0,0,90.0,90.0,0,0,0,3,0,0,0,0,0,1,0,0,0,0,0,1,90.0,1.0
17,Mateta,CRY,7.7,1,1,78,0,1,78.0,78.0,0,0,0,4,0,0,0,0,0,1,0,0,0,0,0,2,39.0,2.0
17,Mavididi,LEI,5.0,1,1,90,0,0,90.0,90.0,0,0,0,3,0,0,0,0,0,1,0,0,0,0,0,2,45.0,2.0
17,Mavropanos,WHU,4.4,1,1,45,0,1,45.0,45.0,0,0,0,0,0,0,0,1,0,1,0,0,0,0,0,0,0.0,0.0
17,Mazraoui,MUN,4.9,1,1,90,0,0,90.0,90.0,0,0,0,3,0,0,0,0,0,1,0,0,0,0,0,1,90.0,1.0
17,Mbeumo,BRE,8.2,1,1,90,0,0,90.0,90.0,0,0,0,2,0,0,0,0,0,1,0,0,0,0,0,2,45.0,2.0
17,McGinn,AVL,5.4,1,1,90,0,0,90.0,90.0,0,1,0,1,0,0,0,1,0,0,1,1,0,0,0,4,22.5,4.0
17,Mee (Ben),BRE,4.2,1,1,90,0,0,90.0,90.0,0,0,0,2,0,0,0,1,0,1,0,0,0,0,0,0,0.0,0.0
17,Merino,ARS,5.9,1,0,10,1,0,10.0,0.0,0,0,0,0,0,0,0,0,0,0,0,0,0,0,0,1,10.0,0.0
17,Milenkovic,NFO,5.2,1,1,90,0,0,90.0,90.0,0,0,1,0,0,0,0,0,0,0,0,1,0,0,0,6,15.0,6.0
17,Miley (Lewis),NEW,4.4,1,0,15,1,0,15.0,0.0,0,0,0,0,0,0,0,0,0,0,0,0,0,0,0,1,15.0,0.0
17,Minteh,BHA,6.0,1,0,30,1,0,30.0,0.0,0,0,0,0,0,0,0,0,0,0,0,0,0,0,0,1,30.0,0.0
17,Mitchell,CRY,5.0,1,1,90,0,0,90.0,90.0,0,1,0,5,0,0,0,0,0,1,1,1,0,0,0,3,30.0,3.0
17,Mitoma,BHA,6.2,1,1,83,0,1,83.0,83.0,0,0,0,1,0,0,0,0,0,1,0,0,0,0,0,2,41.5,2.0
17,Savinho,MCI,6.9,1,0,23,1,0,23.0,0.0,0,0,0,0,0,0,0,0,0,0,0,0,0,0,0,1,23.0,0.0
17,Morsy,IPS,4.8,1,1,90,0,0,90.0,90.0,0,0,0,4,0,0,0,1,0,1,0,0,0,0,0,1,90.0,1.0
17,Rodrigo Muniz,FUL,5.4,1,1,61,0,1,61.0,61.0,0,0,1,0,0,0,0,0,0,1,0,0,0,0,0,2,30.5,2.0
17,Muric,IPS,4.4,1,1,90,0,0,90.0,90.0,0,0,0,4,0,0,3,0,0,1,0,0,0,0,0,1,90.0,1.0
17,Murphy (Jacob),NEW,6.1,1,1,62,0,1,62.0,62.0,1,1,1,0,0,0,0,0,0,0,2,2,0,2,1,13,4.8,13.0
17,Mvom Onana,AVL,4.8,1,1,90,0,0,90.0,90.0,0,0,0,1,0,0,0,0,0,1,0,0,0,0,0,2,45.0,2.0
17,Mykolenko,EVE,4.9,1,1,90,0,0,90.0,90.0,0,0,1,0,0,0,0,0,0,0,0,1,0,1,0,7,12.9,7.0
17,Ndiaye,EVE,6.5,1,1,90,0,0,90.0,90.0,0,0,1,0,0,0,0,1,0,1,0,0,0,0,0,1,90.0,1.0
17,Neto,CHE,7.0,1,1,75,0,1,75.0,75.0,0,0,1,0,0,0,0,0,0,1,0,0,0,0,0,3,25.0,3.0
17,Eddie Nketiah,CRY,5.4,1,0,33,1,0,33.0,0.0,0,0,0,1,0,0,0,0,0,0,0,0,0,0,0,1,33.0,0.0
17,Nkunku,CHE,5.9,1,0,17,1,0,17.0,0.0,0,0,0,0,0,0,0,0,0,0,0,0,0,0,0,1,17.0,0.0
17,Norgaard,BRE,5.2,1,1,90,0,0,90.0,90.0,0,0,0,2,0,0,0,0,0,1,0,0,0,0,0,2,45.0,2.0
17,Núñez,LIV,6.5,1,0,9,1,0,9.0,0.0,0,0,0,0,0,0,0,0,0,0,0,0,0,0,0,1,9.0,0.0
17,Nwaneri,ARS,5.2,1,0,10,1,0,10.0,0.0,0,0,0,0,0,0,0,0,0,0,0,0,0,0,0,1,10.0,0.0
17,O'Shea,IPS,3.8,1,1,90,0,0,90.0,90.0,0,0,0,4,0,0,0,0,0,1,0,0,0,0,0,0,0.0,0.0
17,Odegaard,ARS,7.9,1,1,90,0,0,90.0,90.0,0,0,0,1,0,0,0,0,0,1,0,0,0,0,0,2,45.0,2.0
17,Onana,MUN,4.9,1,1,90,0,0,90.0,90.0,0,0,0,3,0,0,2,0,0,1,0,0,0,0,0,1,90.0,1.0
17,Paul Onuachu,SOU,4.9,1,0,6,1,0,6.0,0.0,0,0,0,0,0,0,0,0,0,0,0,0,0,0,0,1,6.0,0.0
17,Ortega Moreno,MCI,4.8,1,1,90,0,0,90.0,90.0,0,0,0,2,0,0,4,0,0,1,0,0,0,0,0,2,45.0,2.0
17,Dango Ouattara,BOU,6.0,1,1,90,0,0,90.0,90.0,0,1,1,0,0,0,0,0,0,0,1,1,0,0,0,6,15.0,6.0
17,Palmer (Cole),CHE,10.3,1,1,90,0,0,90.0,90.0,0,0,1,0,0,0,0,0,0,1,0,0,0,0,0,3,30.0,3.0
17,Emerson,WHU,4.4,1,1,69,0,1,69.0,69.0,0,0,0,1,0,0,0,0,0,1,0,0,0,0,0,2,34.5,2.0
17,Partey,ARS,4.9,1,1,90,0,0,90.0,90.0,0,1,0,1,0,0,0,0,0,0,1,1,0,0,0,5,18.0,5.0
17,Phillips (Kalvin),IPS,4.8,1,0,33,1,0,33.0,0.0,0,0,0,0,0,0,0,0,0,0,0,0,0,0,0,1,33.0,0.0
17,Pickford,EVE,5.5,1,1,90,0,0,90.0,90.0,0,0,1,0,0,0,4,1,0,0,0,1,0,1,0,7,12.9,7.0
17,Porro,TOT,5.5,1,1,90,0,0,90.0,90.0,0,0,0,6,0,0,0,0,0,1,0,0,0,0,0,0,0.0,0.0
17,Ramsdale,SOU,4.8,1,1,90,0,0,90.0,90.0,0,0,1,0,0,0,5,0,0,0,0,1,0,3,1,10,9.0,10.0
17,Alisson,LIV,5.4,1,1,90,0,0,90.0,90.0,0,0,0,3,0,0,2,0,0,1,0,0,0,0,0,1,90.0,1.0
17,Raya Martin,ARS,5.8,1,1,90,0,0,90.0,90.0,0,0,0,1,0,0,5,0,0,1,0,0,0,0,0,3,30.0,3.0
17,Rice,ARS,6.7,1,0,35,1,0,35.0,0.0,1,1,0,0,0,0,0,0,0,0,2,2,0,2,1,11,3.2,0.0
17,Richards (Chris),CRY,4.5,1,1,90,0,0,90.0,90.0,0,0,0,5,0,0,0,0,0,1,0,0,0,0,0,0,0.0,0.0
17,Robertson,LIV,5.8,1,1,90,0,0,90.0,90.0,0,0,0,3,0,0,0,0,0,1,0,0,0,0,0,1,90.0,1.0
17,Robinson (Antonee),FUL,4.9,1,1,90,0,0,90.0,90.0,0,0,1,0,0,0,0,0,0,0,0,1,0,0,0,6,15.0,6.0
17,Morato,NFO,4.4,1,1,90,0,0,90.0,90.0,0,0,1,0,0,0,0,0,0,0,0,1,0,0,0,6,15.0,6.0
17,Rodríguez,WHU,4.8,1,0,8,1,0,8.0,0.0,0,0,0,0,0,0,0,0,0,0,0,0,0,0,0,1,8.0,0.0
17,Roerslev,BRE,4.5,1,0,27,1,1,27.0,0.0,0,0,0,0,0,0,0,0,0,0,0,0,0,0,0,1,27.0,0.0
17,Rogers,AVL,6.8,1,1,89,0,1,89.0,89.0,1,1,1,0,0,0,0,0,0,0,2,2,0,3,1,14,6.4,14.0
17,Rutter,BHA,5.7,1,1,66,0,1,66.0,66.0,0,0,0,1,0,0,0,0,0,1,0,0,0,0,0,2,33.0,2.0
17,Saka,ARS,10.0,1,1,22,0,1,22.0,22.0,0,0,0,1,0,0,0,0,0,1,0,0,0,0,0,1,22.0,1.0
17,Salah,LIV,14.3,1,1,86,0,1,86.0,86.0,2,2,0,3,0,0,0,0,0,0,4,4,0,3,1,21,4.1,21.0
17,Saliba,ARS,6.0,1,1,90,0,0,90.0,90.0,0,0,0,1,0,0,0,0,0,1,0,0,0,0,0,2,45.0,2.0
17,Sanchez,CHE,4.9,1,1,90,0,0,90.0,90.0,0,0,1,0,0,0,4,0,0,0,0,1,0,2,0,9,10.0,9.0
17,Sancho,MUN,5.8,1,1,90,0,0,90.0,90.0,0,0,1,0,0,0,0,0,0,1,0,0,0,0,0,3,30.0,3.0
17,Murillo,NFO,5.3,1,1,90,0,0,90.0,90.0,0,0,1,0,0,0,0,1,0,0,0,1,0,0,0,5,18.0,5.0
17,Matheus Cunha,WOL,7.9,1,1,90,0,0,90.0,90.0,1,0,1,0,0,0,0,0,0,0,1,1,0,3,0,9,10.0,9.0
17,Ismaila Sarr,CRY,6.6,1,1,90,0,0,90.0,90.0,1,0,0,5,0,0,0,0,0,0,1,1,0,0,0,7,12.9,7.0
17,Sarr (Pape),TOT,4.9,1,1,57,0,1,57.0,57.0,0,0,0,4,0,0,0,0,0,1,0,0,0,0,0,1,57.0,1.0
17,Scarles,WHU,4.4,1,0,26,1,0,26.0,0.0,0,0,0,0,0,0,0,0,0,0,0,0,0,0,0,1,26.0,0.0
17,Schade,BRE,7.0,1,1,80,0,1,80.0,80.0,0,0,0,2,0,0,0,0,0,1,0,0,0,0,0,2,40.0,2.0
17,Schär,NEW,5.4,1,1,90,0,0,90.0,90.0,0,0,1,0,0,0,0,0,0,0,0,1,0,0,0,6,15.0,6.0
17,Schlupp,CRY,4.6,1,0,15,1,0,15.0,0.0,0,0,0,1,0,0,0,0,0,0,0,0,0,0,0,1,15.0,0.0
17,Sels,NFO,4.8,1,1,90,0,0,90.0,90.0,0,0,1,0,0,0,3,0,0,0,0,1,0,0,0,7,12.9,7.0
17,Semedo,WOL,4.5,1,1,87,0,1,87.0,87.0,0,1,1,0,0,0,0,0,0,0,1,2,0,0,0,9,9.7,9.0
17,Semenyo,BOU,8.1,1,1,87,0,1,87.0,87.0,1,0,1,0,0,0,0,0,0,0,1,1,0,0,0,8,10.9,8.0
17,Skipp,LEI,4.7,1,1,45,0,1,45.0,45.0,0,0,0,3,0,0,0,0,0,1,0,0,0,0,0,1,45.0,1.0
17,Smith,BOU,4.4,1,1,45,0,1,45.0,45.0,0,0,0,0,0,0,0,1,0,1,0,0,0,0,0,0,0.0,0.0
17,Solanke,TOT,7.2,1,1,90,0,0,90.0,90.0,1,1,0,6,0,0,0,0,0,0,2,2,0,0,0,9,10.0,9.0
17,Son,TOT,8.5,1,1,81,0,1,81.0,81.0,0,0,0,5,0,0,0,0,0,1,0,0,0,0,0,2,40.5,2.0
17,Soucek,WHU,5.7,1,1,90,0,0,90.0,90.0,0,0,0,1,0,0,0,0,0,1,0,0,0,0,0,2,45.0,2.0
17,Soumaré,LEI,4.4,1,1,90,0,0,90.0,90.0,0,0,0,3,0,0,0,1,0,1,0,0,0,0,0,1,90.0,1.0
17,Spence,TOT,4.5,1,1,90,0,0,90.0,90.0,0,0,0,6,0,0,0,0,0,1,0,0,0,0,0,0,0.0,0.0
17,Stones,MCI,5.5,1,1,45,0,1,45.0,45.0,0,0,0,1,0,0,0,0,0,1,0,0,0,0,0,1,45.0,1.0
17,Strand Larsen,WOL,6.4,1,1,81,0,1,81.0,81.0,0,0,1,0,0,0,0,0,0,1,0,0,0,0,0,2,40.5,2.0
17,Sugawara,SOU,4.2,1,1,77,0,1,77.0,77.0,0,0,1,0,0,0,0,1,0,0,0,1,0,0,0,5,15.4,5.0
17,Summerville,WHU,5.5,1,0,41,1,0,41.0,0.0,0,0,0,0,0,0,0,0,0,0,0,0,0,0,0,1,41.0,0.0
17,Szmodics,IPS,5.7,1,1,75,0,1,75.0,75.0,0,0,0,4,0,0,0,0,0,1,0,0,0,0,0,2,37.5,2.0
17,Szoboszlai,LIV,6.5,1,1,90,0,0,90.0,90.0,1,3,0,3,0,0,0,1,0,0,4,4,0,2,1,17,5.3,17.0
17,Tarkowski,EVE,5.5,1,1,90,0,0,90.0,90.0,0,0,1,0,0,0,0,0,0,0,0,1,0,0,0,6,15.0,6.0
17,Taylor (Jack),IPS,4.8,1,0,33,1,0,33.0,0.0,0,0,0,0,0,0,0,0,0,0,0,0,0,0,0,1,33.0,0.0
17,Diogo Jota,LIV,7.2,1,0,28,1,0,28.0,0.0,0,0,0,2,0,0,0,0,0,0,0,0,0,0,0,1,28.0,0.0
17,Tielemans,AVL,5.9,1,1,90,0,0,90.0,90.0,0,0,0,1,0,0,0,0,0,1,0,0,0,0,0,2,45.0,2.0
17,Jurriën Timber,ARS,6.1,1,1,83,0,1,83.0,83.0,0,0,0,1,0,0,0,1,0,1,0,0,0,0,0,1,83.0,1.0
17,Todibo,WHU,4.3,1,0,45,1,0,45.0,0.0,0,0,0,1,0,0,0,0,0,0,0,0,0,0,0,1,45.0,0.0
17,Toffolo,NFO,4.2,1,0,4,1,0,4.0,0.0,0,0,0,0,0,0,0,0,0,0,0,0,0,0,0,1,4.0,0.0
17,Lucas Paquetá,WHU,5.9,1,1,69,0,1,69.0,69.0,0,0,0,1,0,0,0,1,0,1,0,0,0,0,0,1,69.0,1.0
17,Tonali,NEW,5.4,1,1,90,0,0,90.0,90.0,0,0,1,0,0,0,0,0,0,1,0,0,0,0,0,3,30.0,3.0
17,Torres,AVL,4.3,1,1,90,0,0,90.0,90.0,0,0,0,1,0,0,0,0,0,1,0,0,0,0,0,2,45.0,2.0
17,Traoré (Adama),FUL,5.2,1,0,32,1,0,32.0,0.0,0,0,0,0,0,0,0,0,0,0,0,0,0,0,0,1,32.0,0.0
17,Amad Diallo,MUN,6.3,1,1,90,0,0,90.0,90.0,0,0,0,3,0,0,0,0,0,1,0,0,0,0,0,2,45.0,2.0
17,Trippier,NEW,5.0,1,0,31,1,0,31.0,0.0,0,0,0,0,0,0,0,0,0,0,0,0,0,0,0,1,31.0,0.0
17,Trossard,ARS,6.9,1,0,70,1,0,70.0,0.0,0,0,1,0,0,0,0,0,0,0,0,0,0,0,0,3,23.3,0.0
17,Ugarte,MUN,4.8,1,1,54,0,1,54.0,54.0,0,0,0,1,0,0,0,1,0,1,0,0,0,0,0,0,0.0,0.0
17,Ugochukwu,SOU,5.0,1,0,37,1,0,37.0,0.0,0,0,0,0,0,0,0,1,0,0,0,0,0,0,0,0,0.0,0.0
17,Unal,BOU,5.4,1,0,25,1,0,25.0,0.0,0,0,0,0,0,0,0,0,0,0,0,0,0,0,0,1,25.0,0.0
17,van Dijk,LIV,6.0,1,1,90,0,0,90.0,90.0,0,0,0,3,0,0,0,0,0,1,0,0,0,0,0,1,90.0,1.0
17,van Hecke,BHA,4.4,1,1,90,0,0,90.0,90.0,0,0,0,1,0,0,0,0,0,1,0,0,0,0,0,2,45.0,2.0
17,Vardy,LEI,5.4,1,1,90,0,0,90.0,90.0,0,0,0,3,0,0,0,0,0,1,0,0,0,0,0,2,45.0,2.0
17,Bernardo Silva,MCI,6.3,1,1,90,0,0,90.0,90.0,0,0,0,2,0,0,0,0,0,1,0,0,0,0,0,2,45.0,2.0
17,Veltman,BHA,4.4,1,1,65,0,1,65.0,65.0,0,0,0,1,0,0,0,1,0,1,0,0,0,0,0,1,65.0,1.0
17,Verbruggen,BHA,4.4,1,1,90,0,0,90.0,90.0,0,0,0,1,0,0,3,0,0,1,0,0,0,0,0,3,30.0,3.0
17,Vestergaard,LEI,3.9,1,1,45,0,1,45.0,45.0,0,0,0,3,0,0,0,1,0,1,0,0,0,0,0,0,0.0,0.0
17,Walker,MCI,4.4,1,0,45,1,0,45.0,0.0,0,0,0,1,0,0,0,0,0,0,0,0,0,0,0,1,45.0,0.0
17,Walker-Peters,SOU,4.4,1,1,90,0,0,90.0,90.0,0,0,1,0,0,0,0,0,0,0,0,1,0,0,0,6,15.0,6.0
17,Wan-Bissaka,WHU,4.3,1,1,90,0,0,90.0,90.0,0,0,0,1,0,0,0,0,0,1,0,0,0,0,0,2,45.0,2.0
17,Ward (Danny),LEI,3.9,1,1,90,0,0,90.0,90.0,0,0,0,3,0,0,1,0,0,1,0,0,0,0,0,1,90.0,1.0
17,Watkins,AVL,8.5,1,0,15,1,0,15.0,0.0,0,0,0,1,0,0,0,0,0,0,0,0,0,0,0,1,15.0,0.0
17,Werner,TOT,6.2,1,0,14,1,0,14.0,0.0,0,0,0,1,0,0,0,0,0,0,0,0,0,0,0,1,14.0,0.0
17,Wieffer,BHA,4.9,1,1,54,0,1,54.0,54.0,1,0,0,0,0,0,0,0,0,0,1,1,0,3,0,9,6.0,9.0
17,Williams (Neco),NFO,4.7,1,1,90,0,1,90.0,90.0,0,1,1,0,0,0,0,0,0,0,1,2,0,2,1,11,8.2,11.0
17,Willock,NEW,5.0,1,1,62,0,1,62.0,62.0,0,0,1,0,0,0,0,0,0,1,0,0,0,0,0,3,20.7,3.0
17,Wilson (Harry),FUL,5.3,1,1,84,0,1,84.0,84.0,0,0,1,0,0,0,0,0,0,1,0,0,0,0,0,3,28.0,3.0
17,Winks,LEI,4.3,1,0,45,1,0,45.0,0.0,0,0,0,0,0,0,0,0,0,0,0,0,0,0,0,1,45.0,0.0
17,Wissa,BRE,7.4,1,1,90,0,0,90.0,90.0,0,0,0,2,0,0,0,1,0,1,0,0,0,0,0,1,90.0,1.0
17,Wood (Chris),NFO,7.2,1,1,90,0,1,90.0,90.0,0,0,1,0,0,0,0,0,0,1,0,0,0,0,0,2,45.0,2.0
17,Wood (Nathan),SOU,3.9,1,1,90,0,0,90.0,90.0,0,0,1,0,0,0,0,0,0,0,0,1,0,2,0,8,11.3,8.0
17,Yates,NFO,4.8,1,0,31,1,0,31.0,0.0,0,0,0,0,0,0,0,0,0,0,0,0,0,0,0,1,31.0,0.0
17,Yoro,MUN,4.4,1,0,45,1,0,45.0,0.0,0,0,0,2,0,0,0,0,0,0,0,0,0,0,0,0,0.0,0.0
17,Young (Ashley),EVE,4.2,1,1,73,0,1,73.0,73.0,0,0,1,0,0,0,0,1,0,0,0,1,0,0,0,5,14.6,5.0
17,Zabarnyi,BOU,5.0,1,1,90,0,0,90.0,90.0,0,0,1,0,0,0,0,0,0,0,0,1,0,0,0,6,15.0,6.0
17,Zirkzee,MUN,5.8,1,1,54,0,1,54.0,54.0,0,0,0,1,0,0,0,0,0,1,0,0,0,0,0,1,54.0,1.0
18,Aarons,BOU,4.3,1,1,60,0,1,60.0,60.0,0,0,1,0,0,0,0,0,0,0,0,1,0,0,0,6,10.0,6.0
18,Adams (Tyler),BOU,5.0,1,0,32,1,0,32.0,0.0,0,0,0,0,0,0,0,0,0,0,0,0,0,0,0,1,32.0,0.0
18,Tosin,CHE,4.4,1,1,90,0,0,90.0,90.0,0,0,0,2,0,0,0,0,0,1,0,0,0,0,0,1,90.0,1.0
18,Adingra,BHA,5.1,1,0,26,1,0,26.0,0.0,0,0,0,0,0,0,0,0,0,0,0,0,0,0,0,1,26.0,0.0
18,Aina,NFO,4.7,1,1,90,0,0,90.0,90.0,0,0,1,0,0,0,0,0,0,0,0,1,0,0,0,6,15.0,6.0
18,Ait Nouri,WOL,5.8,1,1,86,0,1,86.0,86.0,0,0,1,0,0,0,0,0,0,0,0,1,0,0,0,6,14.3,6.0
18,Akanji,MCI,5.4,1,1,90,0,0,90.0,90.0,0,0,0,1,0,0,0,0,0,1,0,0,0,0,0,2,45.0,2.0
18,Aké,MCI,5.4,1,1,83,0,1,83.0,83.0,0,0,0,1,0,0,0,0,0,1,0,0,0,0,0,2,41.5,2.0
18,Ali Al Hamadi,IPS,4.7,1,0,15,1,0,15.0,0.0,0,0,0,0,0,0,0,0,0,0,0,0,0,0,0,1,15.0,0.0
18,Alexander-Arnold,LIV,7.2,1,1,90,0,0,90.0,90.0,0,0,0,1,0,0,0,0,0,1,0,0,0,0,0,2,45.0,2.0
18,Álvarez (Edson),WHU,4.9,1,0,45,1,0,45.0,0.0,0,0,0,0,0,0,0,0,0,0,0,0,0,0,0,1,45.0,0.0
18,Andersen,FUL,4.5,1,1,90,0,0,90.0,90.0,0,0,0,1,0,0,0,1,0,1,0,0,0,0,0,1,90.0,1.0
18,Anderson,NFO,5.3,1,1,81,0,1,81.0,81.0,0,0,1,0,0,0,0,1,0,1,0,0,0,0,0,2,40.5,2.0
18,Joelinton,NEW,5.9,1,1,90,0,0,90.0,90.0,1,1,1,0,0,0,0,1,0,0,2,2,0,3,1,13,6.9,13.0
18,Areola,WHU,4.3,1,0,64,1,0,64.0,0.0,0,0,0,0,0,0,2,0,0,0,0,0,0,0,0,1,64.0,0.0
18,Aribo,SOU,4.9,1,0,36,1,0,36.0,0.0,0,0,0,0,0,0,0,0,0,0,0,0,0,0,0,1,36.0,0.0
18,Armstrong (Adam),SOU,5.1,1,1,72,0,1,72.0,72.0,0,0,0,1,0,0,0,0,0,1,0,0,0,0,0,2,36.0,2.0
18,Kepa,BOU,4.2,1,1,90,0,0,90.0,90.0,0,0,1,0,0,0,4,0,0,0,0,1,0,1,0,8,11.3,8.0
18,Awoniyi,NFO,5.2,1,0,10,1,0,10.0,0.0,0,0,0,0,0,0,0,0,0,0,0,0,0,0,0,1,10.0,0.0
18,Ayari,BHA,4.9,1,0,26,1,0,26.0,0.0,0,0,0,0,0,0,0,0,0,0,0,0,0,0,0,1,26.0,0.0
18,Ayew,LEI,5.1,1,1,90,0,0,90.0,90.0,1,0,0,3,0,0,0,1,0,0,1,1,0,1,0,7,12.9,7.0
18,Bailey,AVL,5.5,1,0,25,1,0,25.0,0.0,0,0,0,1,0,0,0,0,0,0,0,0,0,0,0,1,25.0,0.0
18,Baleba,BHA,4.7,1,1,90,0,0,90.0,90.0,0,0,1,0,0,0,0,0,0,1,0,0,0,0,0,3,30.0,3.0
18,Barkley,AVL,4.8,1,0,26,1,0,26.0,0.0,0,0,0,1,0,0,0,0,0,0,0,0,0,0,0,1,26.0,0.0
18,Barnes,NEW,6.4,1,0,17,1,0,17.0,0.0,0,0,0,0,0,0,0,0,0,0,0,0,0,0,0,1,17.0,0.0
18,Bassey,FUL,4.5,1,1,90,0,0,90.0,90.0,0,0,0,1,0,0,0,0,0,1,0,0,0,0,0,2,45.0,2.0
18,Bednarek,SOU,4.0,1,1,90,0,0,90.0,90.0,0,0,0,1,0,0,0,0,0,1,0,0,0,0,0,2,45.0,2.0
18,Bellegarde,WOL,5.2,1,0,8,1,0,8.0,0.0,0,0,0,0,0,0,0,0,0,0,0,0,0,0,0,1,8.0,0.0
18,Bentancur,TOT,5.3,1,1,63,0,1,63.0,63.0,0,0,0,1,0,0,0,0,0,1,0,0,0,0,0,2,31.5,2.0
18,Bergvall,TOT,5.4,1,0,33,1,0,33.0,0.0,0,0,0,0,0,0,0,0,0,0,0,0,0,0,0,1,33.0,0.0
18,Billing,BOU,4.9,1,0,23,1,0,23.0,0.0,0,0,0,0,0,0,0,0,0,0,0,0,0,0,0,1,23.0,0.0
18,Bissouma,TOT,5.2,1,0,9,1,0,9.0,0.0,0,0,0,0,0,0,0,0,0,0,0,0,0,0,0,1,9.0,0.0
18,Bruno Fernandes,MUN,8.9,1,1,46,0,0,46.0,46.0,0,0,0,0,0,0,0,0,1,1,0,0,0,0,0,0,0.0,0.0
18,Bowen,WHU,7.8,1,1,90,0,0,90.0,90.0,1,0,1,0,0,0,0,0,0,0,1,1,0,0,0,8,11.3,8.0
18,Branthwaite,EVE,5.3,1,1,90,0,0,90.0,90.0,0,0,0,1,0,0,0,1,0,1,0,0,0,0,0,1,90.0,1.0
18,Bree,SOU,3.9,1,0,36,1,0,36.0,0.0,0,0,0,0,0,0,0,0,0,0,0,0,0,0,0,1,36.0,0.0
18,Broadhead,IPS,4.9,1,0,15,1,0,15.0,0.0,0,0,0,0,0,0,0,0,0,0,0,0,0,0,0,1,15.0,0.0
18,Broja,EVE,5.3,1,0,25,1,0,25.0,0.0,0,0,0,0,0,0,0,0,0,0,0,0,0,0,0,1,25.0,0.0
18,Brooks,BOU,5.0,1,0,9,1,0,9.0,0.0,0,0,0,0,0,0,0,0,0,0,0,0,0,0,0,1,9.0,0.0
18,Buendía,AVL,5.3,1,0,16,1,0,16.0,0.0,0,0,0,1,0,0,0,0,0,0,0,0,0,0,0,1,16.0,0.0
18,Bueno (Santiago),WOL,4.4,1,1,90,0,0,90.0,90.0,0,0,1,0,0,0,0,0,0,0,0,1,0,0,0,6,15.0,6.0
18,Buonanotte,LEI,4.8,1,0,35,1,0,35.0,0.0,0,0,0,1,0,0,0,0,0,0,0,0,0,0,0,1,35.0,0.0
18,Burn,NEW,5.1,1,1,90,0,0,90.0,90.0,0,0,1,0,0,0,0,0,0,0,0,1,0,0,0,6,15.0,6.0
18,Moises Caicedo,CHE,5.9,1,1,90,0,0,90.0,90.0,0,0,0,2,0,0,0,0,0,1,0,0,0,0,0,2,45.0,2.0
18,Cairney,FUL,4.9,1,0,24,1,0,24.0,0.0,0,0,0,0,0,0,0,0,0,0,0,0,0,0,0,1,24.0,0.0
18,Cajuste,IPS,4.5,1,1,77,0,1,77.0,77.0,0,0,0,1,0,0,0,0,0,1,0,0,0,0,0,2,38.5,2.0
18,Calvert-Lewin,EVE,5.5,1,1,70,0,1,70.0,70.0,0,0,0,1,0,0,0,0,0,1,0,0,0,0,0,2,35.0,2.0
18,Cash,AVL,4.6,1,1,68,0,1,68.0,68.0,0,0,0,2,0,0,0,1,0,1,0,0,0,0,0,0,0.0,0.0
18,Castagne,FUL,4.4,1,1,90,0,0,90.0,90.0,0,1,0,1,0,0,0,0,0,0,1,1,0,0,0,5,18.0,5.0
18,Chalobah,CHE,5.1,1,1,90,0,0,90.0,90.0,0,0,1,0,0,0,0,0,0,0,0,1,0,0,0,6,15.0,6.0
18,Christie,BOU,5.0,1,1,90,0,0,90.0,90.0,0,0,1,0,0,0,0,0,0,1,0,0,0,0,0,3,30.0,3.0
18,Harry Clarke,IPS,4.0,1,0,4,1,0,4.0,0.0,0,0,0,0,0,0,0,0,0,0,0,0,0,0,0,1,4.0,0.0
18,Clarke (Jack),IPS,5.4,1,0,22,1,0,22.0,0.0,0,0,0,0,0,0,0,0,0,0,0,0,0,0,0,1,22.0,0.0
18,Coady,LEI,4.0,1,1,90,0,1,90.0,90.0,0,0,0,3,0,0,0,0,0,1,0,0,0,0,0,1,90.0,1.0
18,Coleman,EVE,4.3,1,1,88,0,1,88.0,88.0,0,0,0,1,0,0,0,1,0,1,0,0,0,0,0,1,88.0,1.0
18,Collins,BRE,4.9,1,1,90,0,0,90.0,90.0,0,0,1,0,0,0,0,0,0,0,0,1,0,0,0,6,15.0,6.0
18,Colwill,CHE,4.8,1,1,90,0,0,90.0,90.0,0,1,0,2,0,0,0,0,0,0,1,1,0,0,0,4,22.5,4.0
18,Cook,BOU,4.9,1,1,90,0,0,90.0,90.0,0,0,1,0,0,0,0,0,0,1,0,0,0,0,0,3,30.0,3.0
18,Coufal,WHU,4.1,1,0,10,1,0,10.0,0.0,0,0,0,0,0,0,0,0,0,0,0,0,0,0,0,1,10.0,0.0
18,Cresswell,WHU,3.9,1,0,30,1,0,30.0,0.0,0,0,0,0,0,0,0,0,0,0,0,0,0,0,0,1,30.0,0.0
18,Cucurella,CHE,6.1,1,1,90,0,0,90.0,90.0,0,0,0,2,0,0,0,0,0,1,0,0,0,0,0,1,90.0,1.0
18,André,WOL,5.4,1,1,90,0,0,90.0,90.0,0,0,1,0,0,0,0,0,0,1,0,0,0,0,0,3,30.0,3.0
18,Daka,LEI,4.8,1,1,90,0,0,90.0,90.0,0,0,0,3,0,0,0,0,0,1,0,0,0,0,0,2,45.0,2.0
18,Dalot,MUN,4.4,1,1,90,0,0,90.0,90.0,0,0,0,2,0,0,0,0,0,1,0,0,0,0,0,1,90.0,1.0
18,Damsgaard,BRE,5.8,1,1,90,0,0,90.0,90.0,0,0,1,0,0,0,0,0,0,1,0,0,0,0,0,3,30.0,3.0
18,Davis,IPS,4.2,1,1,90,0,0,90.0,90.0,0,0,0,1,0,0,0,1,0,1,0,0,0,0,0,1,90.0,1.0
18,Dawson,WOL,4.2,1,0,8,1,0,8.0,0.0,0,0,0,0,0,0,0,0,0,0,0,0,0,0,0,1,8.0,0.0
18,De Bruyne,MCI,9.5,1,0,20,1,0,20.0,0.0,0,0,0,0,0,0,0,0,0,0,0,0,0,0,0,1,20.0,0.0
18,Jesus,ARS,6.4,1,1,70,0,1,70.0,70.0,0,0,1,0,0,0,0,0,0,1,0,0,0,0,0,2,35.0,2.0
18,Evanilson,BOU,7.0,1,0,32,1,0,32.0,0.0,0,0,0,0,0,0,0,0,0,0,0,0,0,0,0,1,32.0,0.0
18,DeCordova-Reid,LEI,5.2,1,0,13,1,0,13.0,0.0,0,0,0,0,0,0,0,0,0,0,0,0,0,0,0,1,13.0,0.0
18,Delap,IPS,6.2,1,1,77,0,1,77.0,77.0,0,0,0,1,0,0,0,0,0,1,0,0,0,0,0,2,38.5,2.0
18,Devenny,CRY,4.4,1,0,6,1,0,6.0,0.0,0,0,0,0,0,0,0,0,0,0,0,0,0,0,0,1,6.0,0.0
18,Dibling,SOU,5.4,1,0,24,1,0,24.0,0.0,0,0,0,0,0,0,0,0,0,0,0,0,0,0,0,1,24.0,0.0
18,Digne,AVL,4.5,1,1,90,0,0,90.0,90.0,0,0,0,3,0,0,0,0,0,1,0,0,0,0,0,1,90.0,1.0
18,Diop,FUL,4.4,1,1,90,0,0,90.0,90.0,0,0,0,1,0,0,0,0,0,1,0,0,0,0,0,2,45.0,2.0
18,Doherty,WOL,4.4,1,1,90,0,0,90.0,90.0,0,0,1,0,0,0,0,1,0,0,0,1,0,1,0,6,15.0,6.0
18,Doku,MCI,6.5,1,1,75,0,1,75.0,75.0,0,1,0,1,0,0,0,0,0,0,1,1,0,0,0,5,15.0,5.0
18,Antony,MUN,5.9,1,0,36,1,0,36.0,0.0,0,0,0,1,0,0,0,0,0,0,0,0,0,0,0,1,36.0,0.0
18,Gabriel Magalhães,ARS,6.5,1,1,90,0,0,90.0,90.0,0,0,1,0,0,0,0,0,0,0,0,1,0,0,0,6,15.0,6.0
18,Doucouré,EVE,5.1,1,1,90,0,0,90.0,90.0,0,0,0,1,0,0,0,0,0,1,0,0,0,0,0,2,45.0,2.0
18,Doucoure,CRY,4.9,1,0,41,1,0,41.0,0.0,0,0,0,0,0,0,0,0,0,0,0,0,0,0,0,1,41.0,0.0
18,Downes,SOU,4.7,1,1,60,0,1,60.0,60.0,0,0,0,1,0,0,0,0,0,1,0,0,0,0,0,2,30.0,2.0
18,Doyle (Tommy),WOL,4.7,1,0,26,1,0,26.0,0.0,0,0,0,0,0,0,0,0,0,0,0,0,0,0,0,1,26.0,0.0
18,Dragusin,TOT,4.5,1,1,87,0,1,87.0,87.0,0,0,0,1,0,0,0,1,0,1,0,0,0,0,0,1,87.0,1.0
18,Dubravka,NEW,4.0,1,1,90,0,0,90.0,90.0,0,0,1,0,0,0,1,0,0,0,0,1,0,0,0,6,15.0,6.0
18,Dunk,BHA,4.5,1,1,90,0,0,90.0,90.0,0,0,1,0,0,0,0,0,0,0,0,1,0,0,0,6,15.0,6.0
18,Durán,AVL,5.7,1,1,31,0,0,31.0,31.0,0,0,0,1,0,0,0,0,1,1,0,0,0,0,0,0,0.0,0.0
18,El Khannouss,LEI,4.8,1,1,64,0,1,64.0,64.0,0,0,0,2,0,0,0,0,0,1,0,0,0,0,0,2,32.0,2.0
18,Elanga,NFO,6.7,1,1,73,0,1,73.0,73.0,1,0,1,0,0,0,0,0,0,0,1,1,0,3,1,11,6.6,11.0
18,Elliott,LIV,5.4,1,0,8,1,0,8.0,0.0,0,0,0,0,0,0,0,0,0,0,0,0,0,0,0,1,8.0,0.0
18,Enciso,IPS,5.4,1,1,75,0,1,75.0,75.0,0,0,1,0,0,0,0,0,0,1,0,0,0,0,0,3,25.0,3.0
18,Endo,LIV,4.9,1,0,13,1,0,13.0,0.0,0,0,0,0,0,0,0,0,0,0,0,0,0,0,0,1,13.0,0.0
18,Eriksen,MUN,5.2,1,0,36,1,0,36.0,0.0,0,0,0,1,0,0,0,0,0,0,0,0,0,0,0,1,36.0,0.0
18,Mateus Fernandes,SOU,5.5,1,1,72,0,1,72.0,72.0,0,0,0,1,0,0,0,0,0,1,0,0,0,0,0,2,36.0,2.0
18,Estupiñán,BHA,4.5,1,1,90,0,0,90.0,90.0,0,0,1,0,0,0,0,0,0,0,0,1,0,0,0,6,15.0,6.0
18,Eze,CRY,7.6,1,1,86,0,1,86.0,86.0,0,0,1,0,0,0,0,1,0,1,0,0,0,0,0,2,43.0,2.0
18,Fabianski,WHU,4.5,1,1,27,0,1,27.0,27.0,0,0,0,0,0,0,3,0,0,1,0,0,0,0,0,2,13.5,2.0
18,Fernández,CHE,6.7,1,1,90,0,0,90.0,90.0,0,0,0,2,0,0,0,0,0,1,0,0,0,0,0,2,45.0,2.0
18,Jota Silva,NFO,5.4,1,0,14,1,0,14.0,0.0,0,0,0,0,0,0,0,0,0,0,0,0,0,0,0,1,14.0,0.0
18,Flekken,BRE,4.5,1,1,32,0,1,32.0,32.0,0,0,0,0,0,0,6,0,0,1,0,0,0,0,0,3,10.7,3.0
18,Foden,MCI,8.0,1,1,90,0,0,90.0,90.0,0,0,0,1,0,0,0,1,0,1,0,0,0,1,0,2,45.0,2.0
18,Forster,TOT,4.3,1,1,90,0,0,90.0,90.0,0,0,0,1,0,0,2,0,0,1,0,0,0,0,0,2,45.0,2.0
18,Casemiro,MUN,5.5,1,0,36,1,0,36.0,0.0,0,0,0,1,0,0,0,0,0,0,0,0,0,0,0,1,36.0,0.0
18,Füllkrug,WHU,5.6,1,1,66,0,1,66.0,66.0,0,1,1,0,0,0,0,0,0,0,1,1,0,0,0,5,13.2,5.0
18,Gakpo,LIV,7.6,1,1,90,0,0,90.0,90.0,1,1,0,1,0,0,0,0,0,0,2,2,0,3,1,12,7.5,12.0
18,Gonçalo Guedes,WOL,5.5,1,1,73,0,1,73.0,73.0,0,0,1,0,0,0,0,0,0,1,0,0,0,0,0,3,24.3,3.0
18,Garnacho,MUN,6.4,1,0,20,1,0,20.0,0.0,0,0,0,1,0,0,0,0,0,0,0,0,0,0,0,1,20.0,0.0
18,Gibbs-White,NFO,7.3,1,1,81,0,1,81.0,81.0,0,1,1,0,0,0,0,0,0,0,1,1,0,0,0,6,13.5,6.0
18,Rodrigo Gomes,WOL,4.5,1,0,13,1,0,13.0,0.0,0,0,0,0,0,0,0,0,0,0,0,0,0,0,0,1,13.0,0.0
18,Toti,WOL,4.3,1,1,90,0,0,90.0,90.0,0,0,1,0,0,0,0,0,0,0,0,1,0,2,0,8,11.3,8.0
18,João Gomes,WOL,5.4,1,1,73,0,1,73.0,73.0,0,0,1,0,0,0,0,1,0,1,0,0,0,0,0,2,36.5,2.0
18,Gomez,LIV,4.9,1,1,90,0,0,90.0,90.0,0,0,0,1,0,0,0,1,0,1,0,0,0,0,0,1,90.0,1.0
18,Gordon (Anthony),NEW,7.5,1,1,77,0,1,77.0,77.0,1,0,1,0,0,0,0,0,0,0,1,1,0,2,1,10,7.7,10.0
18,Gravenberch,LIV,5.6,1,1,86,0,1,86.0,86.0,0,0,0,1,0,0,0,0,0,1,0,0,0,0,0,2,43.0,2.0
18,Gray (Archie),TOT,4.8,1,1,90,0,0,90.0,90.0,0,0,0,1,0,0,0,0,0,1,0,0,0,0,0,2,45.0,2.0
18,Greaves,IPS,3.8,1,1,90,0,0,90.0,90.0,0,0,0,1,0,0,0,0,0,1,0,0,0,0,0,2,45.0,2.0
18,Gruda,BHA,5.4,1,1,67,0,1,67.0,67.0,0,0,1,0,0,0,0,0,0,1,0,0,0,0,0,3,22.3,3.0
18,Marc Guehi,CRY,4.9,1,1,90,0,0,90.0,90.0,0,0,1,0,0,0,0,1,0,0,0,1,0,2,0,7,12.9,7.0
18,Gueye,EVE,5.4,1,1,90,0,0,90.0,90.0,0,0,0,1,0,0,0,0,0,1,0,0,0,0,0,2,45.0,2.0
18,Bruno Guimarães,NEW,6.5,1,1,90,0,1,90.0,90.0,0,0,1,0,0,0,0,0,0,1,0,0,0,0,0,3,30.0,3.0
18,Gundogan,MCI,6.3,1,0,12,1,0,12.0,0.0,0,0,0,0,0,0,0,0,0,0,0,0,0,0,0,1,12.0,0.0
18,Gusto,CHE,4.9,1,1,90,0,0,90.0,90.0,0,0,0,2,0,0,0,0,0,1,0,0,0,0,0,1,90.0,1.0
18,Gvardiol,MCI,5.9,1,1,90,0,0,90.0,90.0,0,0,0,1,0,0,0,0,0,1,0,0,0,0,0,2,45.0,2.0
18,Haaland,MCI,14.8,1,1,90,0,0,90.0,90.0,0,0,0,1,0,0,0,0,0,1,0,0,0,0,0,0,0.0,0.0
18,Lewis Hall,NEW,5.2,1,1,90,0,0,90.0,90.0,0,0,1,0,0,0,0,0,0,0,0,1,0,0,0,6,15.0,6.0
18,Harrison (Jack),EVE,5.2,1,1,90,0,0,90.0,90.0,0,0,0,1,0,0,0,0,0,1,0,0,0,0,0,2,45.0,2.0
18,Harwood-Bellis,SOU,3.9,1,1,90,0,0,90.0,90.0,0,0,0,1,0,0,0,0,0,1,0,0,0,0,0,2,45.0,2.0
18,Havertz,ARS,7.3,1,1,90,0,0,90.0,90.0,1,0,1,0,0,0,0,1,0,0,1,1,0,2,0,7,12.9,7.0
18,Henderson,CRY,5.0,1,1,90,0,0,90.0,90.0,0,0,1,0,0,0,3,0,0,0,0,1,0,0,0,7,12.9,7.0
18,Hudson-Odoi,NFO,5.8,1,1,86,0,1,86.0,86.0,0,0,1,0,0,0,0,0,0,1,0,0,0,0,0,3,28.7,3.0
18,Hughes,CRY,4.8,1,1,51,0,1,51.0,51.0,0,0,0,0,0,0,0,0,0,1,0,0,0,0,0,1,51.0,1.0
18,Huijsen,BOU,4.5,1,1,90,0,0,90.0,90.0,0,0,1,0,0,0,0,1,0,0,0,1,0,3,0,8,11.3,8.0
18,Hutchinson,IPS,5.4,1,1,90,0,0,90.0,90.0,0,0,0,1,0,0,0,0,0,1,0,0,0,0,0,2,45.0,2.0
18,Hwang Hee-Chan,WOL,5.8,1,0,26,1,0,26.0,0.0,1,0,0,0,0,0,0,0,0,0,1,1,0,0,0,6,4.3,0.0
18,Højlund,MUN,6.3,1,1,79,0,1,79.0,79.0,0,0,0,1,0,0,0,0,0,1,0,0,0,0,0,2,39.5,2.0
18,Isak,NEW,10.4,1,1,90,0,1,90.0,90.0,1,0,1,0,0,0,0,0,0,0,1,1,0,2,0,8,11.3,8.0
18,Iwobi,FUL,6.5,1,1,89,0,1,89.0,89.0,0,0,0,1,0,0,0,0,0,1,0,0,0,0,0,2,44.5,2.0
18,Jackson (Nicolas),CHE,6.5,1,1,70,0,1,70.0,70.0,0,0,1,0,0,0,0,0,0,1,0,0,0,0,0,2,35.0,2.0
18,Janelt,BRE,4.9,1,1,90,0,0,90.0,90.0,0,0,1,0,0,0,0,0,0,1,0,0,0,0,0,3,30.0,3.0
18,Raúl Jiménez,FUL,6.2,1,1,71,0,1,71.0,71.0,0,0,0,1,0,0,0,0,0,1,0,0,0,0,0,2,35.5,2.0
18,Johnson (Ben),IPS,3.8,1,1,77,0,1,77.0,77.0,0,0,0,1,0,0,0,0,0,1,0,0,0,0,0,2,38.5,2.0
18,Johnson (Brennan),TOT,6.7,1,1,90,0,0,90.0,90.0,0,0,0,1,0,0,0,0,0,1,0,0,0,0,0,2,45.0,2.0
18,Jones,LIV,5.4,1,1,77,0,1,77.0,77.0,1,0,0,1,0,0,0,0,0,0,1,1,0,1,0,8,9.6,8.0
18,João Pedro,BHA,7.4,1,1,90,0,0,90.0,90.0,0,0,1,0,0,0,0,0,0,1,0,0,0,0,0,2,45.0,2.0
18,Justin,LEI,4.0,1,1,90,0,0,90.0,90.0,0,0,0,3,0,0,0,0,0,1,0,0,0,0,0,1,90.0,1.0
18,Kamada,CRY,5.0,1,0,12,1,0,12.0,0.0,0,0,0,0,0,0,0,0,0,0,0,0,0,0,0,1,12.0,0.0
18,Kamara,AVL,4.9,1,1,68,0,1,68.0,68.0,0,0,0,2,0,0,0,0,0,1,0,0,0,0,0,2,34.0,2.0
18,Kerkez,BOU,5.8,1,1,90,0,0,90.0,90.0,0,0,1,0,0,0,0,0,0,0,0,1,0,0,0,6,15.0,6.0
18,Kilman,WHU,4.3,1,1,17,0,1,17.0,17.0,0,0,0,0,0,0,0,0,0,1,0,0,0,0,0,1,17.0,1.0
18,Kim Ji-Soo,BRE,3.9,1,0,18,1,0,18.0,0.0,0,0,0,0,0,0,0,0,0,0,0,0,0,0,0,1,18.0,0.0
18,Kluivert,BOU,7.0,1,1,70,0,1,70.0,70.0,0,0,1,0,0,0,0,1,0,1,0,0,0,0,0,2,35.0,2.0
18,Konsa Ngoyo,AVL,4.4,1,1,90,0,0,90.0,90.0,0,0,0,3,0,0,0,0,0,1,0,0,0,0,0,1,90.0,1.0
18,Kovacic,MCI,5.9,1,1,83,0,1,83.0,83.0,0,0,0,1,0,0,0,0,0,1,0,0,0,0,0,2,41.5,2.0
18,Kristiansen,LEI,4.4,1,1,90,0,0,90.0,90.0,0,0,0,3,0,0,0,0,0,1,0,0,0,0,0,1,90.0,1.0
18,Kudus,WHU,6.8,1,1,90,0,0,90.0,90.0,0,0,1,0,0,0,0,0,0,1,0,0,0,0,0,3,30.0,3.0
18,Kulusevski,TOT,6.4,1,1,90,0,0,90.0,90.0,0,0,0,1,0,0,0,0,0,1,0,0,0,0,0,2,45.0,2.0
18,Lacroix,CRY,5.0,1,1,90,0,0,90.0,90.0,0,0,1,0,0,0,0,0,0,0,0,1,0,0,0,6,15.0,6.0
18,Lallana,SOU,5.0,1,0,11,1,0,11.0,0.0,0,0,0,0,0,0,0,0,0,0,0,0,0,0,0,1,11.0,0.0
18,Leno,FUL,5.0,1,1,90,0,0,90.0,90.0,0,0,0,1,0,0,7,0,0,0,0,0,0,0,0,4,22.5,4.0
18,Lerma,CRY,4.9,1,1,90,0,0,90.0,90.0,0,0,1,0,0,0,0,0,0,1,0,0,0,0,0,3,30.0,3.0
18,Lewis (Rico),MCI,4.9,1,1,90,0,0,90.0,90.0,0,0,0,1,0,0,0,0,0,1,0,0,0,0,0,2,45.0,2.0
18,Lewis-Potter,BRE,4.9,1,1,90,0,0,90.0,90.0,0,0,1,0,0,0,0,0,0,1,0,0,0,0,0,3,30.0,3.0
18,Lewis-Skelly,ARS,5.2,1,1,90,0,0,90.0,90.0,0,0,1,0,0,0,0,0,0,1,0,0,0,0,0,3,30.0,3.0
18,Lindstrom,EVE,5.0,1,0,16,1,0,16.0,0.0,0,0,0,0,0,0,0,0,0,0,0,0,0,0,0,1,16.0,0.0
18,Lukic,FUL,5.0,1,1,90,0,0,90.0,90.0,0,1,0,1,0,0,0,1,0,0,1,1,0,1,0,5,18.0,5.0
18,Mac Allister,LIV,6.3,1,1,90,0,1,90.0,90.0,0,2,0,1,0,0,0,0,0,0,2,2,0,0,0,8,11.3,8.0
18,Maddison,TOT,6.9,1,0,32,1,0,32.0,0.0,0,0,0,0,0,0,0,1,0,0,0,0,0,0,0,0,0.0,0.0
18,Maguire,MUN,4.4,1,1,90,0,0,90.0,90.0,0,0,0,2,0,0,0,0,0,1,0,0,0,0,0,1,90.0,1.0
18,Mainoo,MUN,4.8,1,1,63,0,1,63.0,63.0,0,0,0,1,0,0,0,0,0,1,0,0,0,0,0,2,31.5,2.0
18,José Sá,WOL,4.4,1,1,90,0,0,90.0,90.0,0,0,1,0,0,0,4,0,0,0,0,1,0,1,0,8,11.3,8.0
18,Mangala,EVE,5.0,1,1,90,0,0,90.0,90.0,0,0,0,1,0,0,0,1,0,1,0,0,0,0,0,1,90.0,1.0
18,Manning,SOU,4.3,1,0,11,1,0,11.0,0.0,0,0,0,0,0,0,0,0,0,0,0,0,0,0,0,1,11.0,0.0
18,March,BHA,5.8,1,0,8,1,0,8.0,0.0,0,0,0,0,0,0,0,0,0,0,0,0,0,0,0,1,8.0,0.0
18,Martinelli,ARS,6.9,1,1,90,0,0,90.0,90.0,0,0,1,0,0,0,0,0,0,1,0,0,0,0,0,3,30.0,3.0
18,Martinez,AVL,5.0,1,1,90,0,0,90.0,90.0,0,0,0,3,0,0,4,0,0,1,0,0,0,0,0,2,45.0,2.0
18,Martínez,MUN,4.8,1,1,90,0,0,90.0,90.0,0,0,0,2,0,0,0,0,0,1,0,0,0,0,0,1,90.0,1.0
18,Mateta,CRY,7.7,1,1,80,0,1,80.0,80.0,0,0,1,0,0,0,0,0,0,1,0,0,0,0,0,2,40.0,2.0
18,Mavididi,LEI,5.0,1,1,86,0,1,86.0,86.0,0,1,0,3,0,0,0,0,0,0,1,1,0,0,0,5,17.2,5.0
18,Mavropanos,WHU,4.4,1,1,90,0,0,90.0,90.0,0,0,1,0,0,0,0,0,0,0,0,1,0,2,0,8,11.3,8.0
18,Mazraoui,MUN,4.9,1,1,90,0,0,90.0,90.0,0,0,0,2,0,0,0,0,0,1,0,0,0,0,0,1,90.0,1.0
18,Mbeumo,BRE,8.2,1,1,90,0,0,90.0,90.0,0,0,1,0,0,0,0,0,0,1,0,0,0,0,0,3,30.0,3.0
18,McGinn,AVL,5.4,1,1,78,0,1,78.0,78.0,0,0,0,2,0,0,0,0,0,1,0,0,0,0,0,2,39.0,2.0
18,Mee (Ben),BRE,4.2,1,1,75,0,1,75.0,75.0,0,0,1,0,0,0,0,1,0,0,0,1,0,0,0,5,15.0,5.0
18,Merino,ARS,5.9,1,0,22,1,0,22.0,0.0,0,0,0,0,0,0,0,0,0,0,0,0,0,0,0,1,22.0,0.0
18,Milenkovic,NFO,5.2,1,1,90,0,0,90.0,90.0,0,0,1,0,0,0,0,0,0,0,0,1,0,0,0,6,15.0,6.0
18,Miley (Lewis),NEW,4.4,1,0,3,1,0,3.0,0.0,0,0,0,0,0,0,0,0,0,0,0,0,0,0,0,1,3.0,0.0
18,Minteh,BHA,6.0,1,0,26,1,0,26.0,0.0,0,0,0,0,0,0,0,0,0,0,0,0,0,0,0,1,26.0,0.0
18,Mitchell,CRY,5.0,1,1,90,0,0,90.0,90.0,0,0,1,0,0,0,0,0,0,0,0,1,0,1,0,7,12.9,7.0
18,Mitoma,BHA,6.2,1,1,67,0,1,67.0,67.0,0,0,1,0,0,0,0,0,0,1,0,0,0,0,0,3,22.3,3.0
18,Savinho,MCI,6.9,1,1,90,0,0,90.0,90.0,0,0,0,1,0,0,0,0,0,1,0,0,0,1,0,3,30.0,3.0
18,Rodrigo Muniz,FUL,5.4,1,0,24,1,0,24.0,0.0,1,0,0,0,0,0,0,0,0,0,1,1,0,2,0,7,3.4,0.0
18,Muñoz,CRY,5.7,1,1,90,0,0,90.0,90.0,0,0,1,0,0,0,0,0,0,0,0,1,0,0,0,6,15.0,6.0
18,Muric,IPS,4.4,1,1,90,0,0,90.0,90.0,0,0,0,1,0,0,4,0,0,1,0,0,0,0,0,3,30.0,3.0
18,Murphy (Jacob),NEW,6.1,1,1,77,0,1,77.0,77.0,0,1,1,0,0,0,0,0,0,0,1,1,0,0,0,6,12.8,6.0
18,Mvom Onana,AVL,4.8,1,1,90,0,0,90.0,90.0,0,0,0,3,0,0,0,0,0,1,0,0,0,0,0,2,45.0,2.0
18,Mykolenko,EVE,4.9,1,1,90,0,0,90.0,90.0,0,0,0,1,0,0,0,1,0,1,0,0,0,0,0,1,90.0,1.0
18,Ndiaye,EVE,6.5,1,1,79,0,1,79.0,79.0,1,0,0,1,0,0,0,0,0,0,1,1,0,3,0,9,8.8,9.0
18,Nedeljkovic,AVL,3.9,1,0,25,1,0,25.0,0.0,0,0,0,1,0,0,0,0,0,0,0,0,0,0,0,1,25.0,0.0
18,Neto,CHE,7.0,1,1,90,0,0,90.0,90.0,0,0,0,2,0,0,0,1,0,1,0,0,0,0,0,1,90.0,1.0
18,Nkunku,CHE,5.9,1,0,25,1,0,25.0,0.0,0,0,0,2,0,0,0,0,0,0,0,0,0,0,0,1,25.0,0.0
18,Norgaard,BRE,5.2,1,1,71,0,1,71.0,71.0,0,0,1,0,0,0,0,0,0,1,0,0,0,0,0,3,23.7,3.0
18,Núñez,LIV,6.5,1,1,77,0,1,77.0,77.0,0,0,0,1,0,0,0,0,0,1,0,0,0,0,0,2,38.5,2.0
18,O'Shea,IPS,3.8,1,1,90,0,0,90.0,90.0,0,0,0,1,0,0,0,0,0,1,0,0,0,0,0,2,45.0,2.0
18,Odegaard,ARS,7.9,1,1,90,0,0,90.0,90.0,0,0,1,0,0,0,0,0,0,1,0,0,0,0,0,3,30.0,3.0
18,Okoli,LEI,4.0,1,0,5,1,0,5.0,0.0,0,0,0,0,0,0,0,0,0,0,0,0,0,0,0,1,5.0,0.0
18,Onana,MUN,4.9,1,1,90,0,0,90.0,90.0,0,0,0,2,0,0,2,0,0,1,0,0,0,0,0,1,90.0,1.0
18,Paul Onuachu,SOU,4.9,1,1,90,0,0,90.0,90.0,0,0,0,1,0,0,0,0,0,1,0,0,0,0,0,2,45.0,2.0
18,Ortega Moreno,MCI,4.8,1,1,90,0,0,90.0,90.0,0,0,0,1,0,0,2,0,0,1,0,0,0,0,0,2,45.0,2.0
18,Osula,NEW,5.5,1,0,3,1,0,3.0,0.0,0,0,0,0,0,0,0,0,0,0,0,0,0,0,0,1,3.0,0.0
18,Dango Ouattara,BOU,6.0,1,1,83,0,1,83.0,83.0,0,0,1,0,0,0,0,0,0,1,0,0,0,0,0,3,27.7,3.0
18,O’Riley,BHA,5.5,1,1,67,0,1,67.0,67.0,0,0,1,0,0,0,0,0,0,1,0,0,0,0,0,3,22.3,3.0
18,Palmer (Cole),CHE,10.3,1,1,90,0,0,90.0,90.0,1,0,0,2,0,0,0,0,0,0,1,1,0,3,1,10,9.0,10.0
18,Emerson,WHU,4.4,1,1,87,0,1,87.0,87.0,0,0,1,0,0,0,0,0,0,0,0,1,0,0,0,6,14.5,6.0
18,Partey,ARS,4.9,1,0,8,1,0,8.0,0.0,0,0,0,0,0,0,0,0,0,0,0,0,0,0,0,1,8.0,0.0
18,Patterson (Nathan),EVE,4.4,1,0,7,1,0,7.0,0.0,0,0,0,0,0,0,0,0,0,0,0,0,0,0,0,1,7.0,0.0
18,Pereira,FUL,5.3,1,1,71,0,1,71.0,71.0,0,0,0,1,0,0,0,0,0,1,0,0,0,0,0,2,35.5,2.0
18,Phillips (Kalvin),IPS,4.8,1,1,90,0,0,90.0,90.0,0,0,0,1,0,0,0,0,0,1,0,0,0,0,0,2,45.0,2.0
18,Pickford,EVE,5.5,1,1,90,0,0,90.0,90.0,0,0,0,1,0,1,4,0,0,0,0,1,0,1,0,9,10.0,9.0
18,Porro,TOT,5.5,1,0,15,1,0,15.0,0.0,0,0,0,0,0,0,0,0,0,0,0,0,0,0,0,1,15.0,0.0
18,Ramsdale,SOU,4.8,1,1,90,0,0,90.0,90.0,0,0,0,1,0,0,1,0,0,1,0,0,0,0,0,2,45.0,2.0
18,Alisson,LIV,5.4,1,1,90,0,0,90.0,90.0,0,0,0,1,0,0,0,0,0,1,0,0,0,0,0,2,45.0,2.0
18,Raya Martin,ARS,5.8,1,1,90,0,0,90.0,90.0,0,0,1,0,0,0,0,0,0,0,0,1,0,0,0,6,15.0,6.0
18,Rice,ARS,6.7,1,1,84,0,1,84.0,84.0,0,0,1,0,0,0,0,0,0,1,0,0,0,0,0,3,28.0,3.0
18,Robertson,LIV,5.8,1,1,86,0,1,86.0,86.0,0,0,0,1,0,0,0,1,0,1,0,0,0,0,0,1,86.0,1.0
18,Robinson (Antonee),FUL,4.9,1,1,90,0,0,90.0,90.0,0,0,0,1,0,0,0,1,0,1,0,0,0,0,0,1,90.0,1.0
18,Morato,NFO,4.4,1,0,22,1,0,22.0,0.0,0,0,0,0,0,0,0,0,0,0,0,0,0,0,0,1,22.0,0.0
18,Rodríguez,WHU,4.8,1,1,66,0,1,66.0,66.0,0,0,1,0,0,0,0,1,0,1,0,0,0,0,0,2,33.0,2.0
18,Roerslev,BRE,4.5,1,1,90,0,0,90.0,90.0,0,0,1,0,0,0,0,0,0,0,0,1,0,0,0,6,15.0,6.0
18,Rogers,AVL,6.8,1,1,68,0,1,68.0,68.0,0,0,0,2,0,0,0,0,0,1,0,0,0,0,0,2,34.0,2.0
18,Rutter,BHA,5.7,1,0,18,1,0,18.0,0.0,0,0,0,0,0,0,0,0,0,0,0,0,0,0,0,1,18.0,0.0
18,Salah,LIV,14.3,1,1,90,0,0,90.0,90.0,1,0,0,1,0,0,0,0,0,0,1,1,0,2,0,9,10.0,9.0
18,Saliba,ARS,6.0,1,1,90,0,0,90.0,90.0,0,0,1,0,0,0,0,0,0,0,0,1,0,1,0,7,12.9,7.0
18,Sanchez,CHE,4.9,1,1,90,0,0,90.0,90.0,0,0,0,2,0,0,5,0,0,1,0,0,0,0,0,2,45.0,2.0
18,Sancho,MUN,5.8,1,1,90,0,0,90.0,90.0,0,0,0,2,0,0,0,0,0,1,0,0,0,0,0,2,45.0,2.0
18,Murillo,NFO,5.3,1,1,90,0,0,90.0,90.0,0,0,1,0,0,0,0,1,0,0,0,1,0,3,0,8,11.3,8.0
18,Matheus Cunha,WOL,7.9,1,1,90,0,0,90.0,90.0,1,1,1,0,0,0,0,0,0,0,2,2,0,3,1,12,7.5,12.0
18,Ismaila Sarr,CRY,6.6,1,1,90,0,0,90.0,90.0,0,0,1,0,0,0,0,0,0,1,0,0,0,0,0,3,30.0,3.0
18,Sarr (Pape),TOT,4.9,1,1,63,0,1,63.0,63.0,0,0,0,1,0,0,0,0,0,1,0,0,0,0,0,2,31.5,2.0
18,Schade,BRE,7.0,1,1,90,0,0,90.0,90.0,0,0,1,0,0,0,0,0,0,1,0,0,0,0,0,3,30.0,3.0
18,Schär,NEW,5.4,1,1,90,0,0,90.0,90.0,0,0,1,0,0,0,0,0,0,0,0,1,0,0,0,6,15.0,6.0
18,Sels,NFO,4.8,1,1,90,0,0,90.0,90.0,0,0,1,0,0,0,4,0,0,0,0,1,0,1,0,8,11.3,8.0
18,Semedo,WOL,4.5,1,1,90,0,1,90.0,90.0,0,0,1,0,0,0,0,0,0,0,0,1,0,0,0,6,15.0,6.0
18,Semenyo,BOU,8.1,1,1,90,0,0,90.0,90.0,0,0,1,0,0,0,0,0,0,1,0,0,0,0,0,3,30.0,3.0
18,Sessegnon (Ryan),FUL,5.4,1,0,6,1,0,6.0,0.0,0,0,0,0,0,0,0,0,0,0,0,0,0,0,0,1,6.0,0.0
18,Simpson-Pusey,MCI,4.0,1,0,12,1,0,12.0,0.0,0,0,0,0,0,0,0,0,0,0,0,0,0,0,0,1,12.0,0.0
18,Skipp,LEI,4.7,1,0,35,1,0,35.0,0.0,0,0,0,1,0,0,0,0,0,0,0,0,0,0,0,1,35.0,0.0
18,Solanke,TOT,7.2,1,1,90,0,0,90.0,90.0,0,0,0,1,0,0,0,0,0,1,0,0,0,0,0,2,45.0,2.0
18,Soler (Carlos),WHU,5.0,1,1,45,0,1,45.0,45.0,0,0,0,0,0,0,0,0,0,1,0,0,0,0,0,1,45.0,1.0
18,Son,TOT,8.5,1,1,81,0,1,81.0,81.0,0,0,0,1,0,0,0,0,0,1,0,0,0,0,0,2,40.5,2.0
18,Sosa,NFO,5.5,1,0,9,1,0,9.0,0.0,0,0,0,0,0,0,0,0,0,0,0,0,0,0,0,1,9.0,0.0
18,Soucek,WHU,5.7,1,1,90,0,0,90.0,90.0,0,0,1,0,0,0,0,1,0,1,0,0,0,0,0,2,45.0,2.0
18,Soumaré,LEI,4.4,1,1,90,0,0,90.0,90.0,0,0,0,3,0,0,0,0,0,1,0,0,0,0,0,2,45.0,2.0
18,Spence,TOT,4.5,1,1,90,0,0,90.0,90.0,0,0,0,1,0,0,0,0,1,1,0,0,0,0,0,0,0.0,0.0
18,Stolarczyk,LEI,4.0,1,1,90,0,0,90.0,90.0,0,0,0,3,0,0,4,0,0,1,0,0,0,0,0,2,45.0,2.0
18,Strand Larsen,WOL,6.4,1,1,90,0,1,90.0,90.0,0,0,1,0,0,0,0,0,0,1,0,0,0,0,0,2,45.0,2.0
18,Sugawara,SOU,4.2,1,1,60,0,1,60.0,60.0,0,0,0,1,0,0,0,0,0,1,0,0,0,0,0,2,30.0,2.0
18,Sulemana,SOU,5.0,1,0,25,1,0,25.0,0.0,0,0,0,0,0,0,0,0,0,0,0,0,0,0,0,1,25.0,0.0
18,Summerville,WHU,5.5,1,0,30,1,0,30.0,0.0,0,0,0,0,0,0,0,0,0,0,0,0,0,0,0,1,30.0,0.0
18,Szmodics,IPS,5.7,1,1,69,0,1,69.0,69.0,0,0,0,1,0,0,0,0,0,1,0,0,0,0,0,2,34.5,2.0
18,Szoboszlai,LIV,6.5,1,0,22,1,0,22.0,0.0,0,0,0,0,0,0,0,1,0,0,0,0,0,0,0,0,0.0,0.0
18,Targett,NEW,4.0,1,0,17,1,0,17.0,0.0,0,0,0,0,0,0,0,0,0,0,0,0,0,0,0,1,17.0,0.0
18,Tarkowski,EVE,5.5,1,1,90,0,0,90.0,90.0,0,0,0,1,0,0,0,0,0,1,0,0,0,0,0,2,45.0,2.0
18,Taylor (Jack),IPS,4.8,1,0,15,1,0,15.0,0.0,0,0,0,0,0,0,0,0,0,0,0,0,0,0,0,1,15.0,0.0
18,Diogo Jota,LIV,7.2,1,0,22,1,0,22.0,0.0,0,0,0,0,0,0,0,0,0,0,0,0,0,0,0,1,22.0,0.0
18,Tielemans,AVL,5.9,1,1,45,0,1,45.0,45.0,0,0,0,1,0,0,0,0,0,1,0,0,0,0,0,1,45.0,1.0
18,Jurriën Timber,ARS,6.1,1,1,90,0,0,90.0,90.0,0,0,1,0,0,0,0,0,0,0,0,1,0,3,0,9,10.0,9.0
18,Todibo,WHU,4.3,1,0,75,1,0,75.0,0.0,0,0,1,0,0,0,0,0,0,0,0,1,0,1,0,7,10.7,0.0
18,Tonali,NEW,5.4,1,1,90,0,0,90.0,90.0,0,0,1,0,0,0,0,0,0,1,0,0,0,0,0,3,30.0,3.0
18,Torres,AVL,4.3,1,1,90,0,0,90.0,90.0,0,0,0,3,0,0,0,0,0,1,0,0,0,0,0,1,90.0,1.0
18,Traoré (Adama),FUL,5.2,1,1,66,0,1,66.0,66.0,0,0,0,1,0,0,0,0,0,1,0,0,0,0,0,2,33.0,2.0
18,Amad Diallo,MUN,6.3,1,1,79,0,1,79.0,79.0,0,0,0,1,0,0,0,0,0,1,0,0,0,0,0,2,39.5,2.0
18,Trippier,NEW,5.0,1,1,77,0,1,77.0,77.0,0,0,1,0,0,0,0,1,0,0,0,1,0,0,0,5,15.4,5.0
18,Trossard,ARS,6.9,1,1,90,0,0,90.0,90.0,0,1,1,0,0,0,0,0,0,0,1,1,0,0,0,6,15.0,6.0
18,Tsimikas,LIV,4.8,1,0,13,1,0,13.0,0.0,0,0,0,0,0,0,0,0,0,0,0,0,0,0,0,1,13.0,0.0
18,Destiny Udogie,TOT,4.4,1,1,81,0,1,81.0,81.0,0,0,0,1,0,0,0,0,0,1,0,0,0,0,0,2,40.5,2.0
18,Ugarte,MUN,4.8,1,1,63,0,1,63.0,63.0,0,0,0,1,0,0,0,1,0,1,0,0,0,0,0,1,63.0,1.0
18,Ugochukwu,SOU,5.0,1,1,85,0,1,85.0,85.0,0,0,0,1,0,0,0,0,0,1,0,0,0,0,0,2,42.5,2.0
18,Unal,BOU,5.4,1,1,60,0,1,60.0,60.0,0,0,1,0,0,0,0,0,0,1,0,0,0,0,0,2,30.0,2.0
18,Valdimarsson,BRE,3.9,1,0,60,1,0,60.0,0.0,0,0,0,0,0,0,2,0,0,0,0,0,0,0,0,1,60.0,0.0
18,van Dijk,LIV,6.0,1,1,90,0,0,90.0,90.0,0,0,0,1,0,0,0,0,0,1,0,0,0,0,0,2,45.0,2.0
18,van Hecke,BHA,4.4,1,1,90,0,0,90.0,90.0,0,0,1,0,0,0,0,0,0,0,0,1,0,3,0,9,10.0,9.0
18,Bernardo Silva,MCI,6.3,1,1,90,0,0,90.0,90.0,1,0,0,1,0,0,0,0,0,0,1,1,0,2,0,9,10.0,9.0
18,Veltman,BHA,4.4,1,1,85,0,1,85.0,85.0,0,0,1,0,0,0,0,0,0,0,0,1,0,2,0,8,10.6,8.0
18,Verbruggen,BHA,4.4,1,1,90,0,0,90.0,90.0,0,0,1,0,0,0,3,0,0,0,0,1,0,2,0,9,10.0,9.0
18,Vestergaard,LEI,3.9,1,1,90,0,0,90.0,90.0,0,0,0,3,0,0,0,1,0,1,0,0,0,0,0,0,0.0,0.0
18,Walker-Peters,SOU,4.4,1,1,85,0,1,85.0,85.0,0,0,0,1,0,0,0,0,0,1,0,0,0,0,0,2,42.5,2.0
18,Wan-Bissaka,WHU,4.3,1,1,90,0,0,90.0,90.0,0,0,1,0,0,0,0,0,0,0,0,1,0,3,0,9,10.0,9.0
18,Ward-Prowse,WHU,5.7,1,0,14,1,0,14.0,0.0,0,0,0,0,0,0,0,0,0,0,0,0,0,0,0,1,14.0,0.0
18,Watkins,AVL,8.5,1,0,45,1,0,45.0,0.0,0,0,0,2,0,0,0,0,0,0,0,0,0,0,0,1,45.0,0.0
18,Werner,TOT,6.2,1,0,15,1,0,15.0,0.0,0,0,0,0,0,0,0,0,0,0,0,0,0,0,0,1,15.0,0.0
18,Williams (Neco),NFO,4.7,1,1,90,0,0,90.0,90.0,0,0,1,0,0,0,0,0,0,0,0,1,0,0,0,6,15.0,6.0
18,Willock,NEW,5.0,1,0,17,1,0,17.0,0.0,0,0,0,0,0,0,0,0,0,0,0,0,0,0,0,1,17.0,0.0
18,Wilson (Harry),FUL,5.3,1,0,29,1,0,29.0,0.0,1,0,0,0,0,0,0,0,0,0,1,1,0,0,0,6,4.8,0.0
18,Winks,LEI,4.3,1,1,64,0,1,64.0,64.0,0,0,0,2,0,0,0,0,0,1,0,0,0,0,0,2,32.0,2.0
18,Wissa,BRE,7.4,1,1,90,0,0,90.0,90.0,0,0,1,0,0,0,0,0,0,1,0,0,0,0,0,2,45.0,2.0
18,Wood (Chris),NFO,7.2,1,1,86,0,1,86.0,86.0,0,0,1,0,0,0,0,0,0,1,0,0,0,0,0,2,43.0,2.0
18,Wood (Nathan),SOU,3.9,1,1,90,0,0,90.0,90.0,0,0,0,1,0,0,0,1,0,1,0,0,0,0,0,1,90.0,1.0
18,Woolfenden,IPS,3.9,1,1,88,0,1,88.0,88.0,0,0,0,1,0,0,0,0,0,1,0,0,0,0,0,2,44.0,2.0
18,Yarmolyuk,BRE,5.0,1,0,22,1,0,22.0,0.0,0,0,0,0,0,0,0,1,0,0,0,0,0,0,0,0,0.0,0.0
18,Yates,NFO,4.8,1,1,90,0,0,90.0,90.0,0,0,1,0,0,0,0,1,0,1,0,0,0,0,0,2,45.0,2.0
18,Yoro,MUN,4.4,1,1,63,0,1,63.0,63.0,0,0,0,1,0,0,0,1,0,1,0,0,0,0,0,1,63.0,1.0
18,Zabarnyi,BOU,5.0,1,1,90,0,0,90.0,90.0,0,0,1,0,0,0,0,0,0,0,0,1,0,0,0,6,15.0,6.0
18,Zirkzee,MUN,5.8,1,0,20,1,0,20.0,0.0,0,0,0,1,0,0,0,0,0,0,0,0,0,0,0,1,20.0,0.0
19,Aarons,BOU,4.3,1,0,15,1,0,15.0,0.0,0,0,0,0,0,0,0,0,0,0,0,0,0,0,0,1,15.0,0.0
19,Tosin,CHE,4.4,1,1,90,0,0,90.0,90.0,0,0,0,2,0,0,0,0,0,1,0,0,0,0,0,1,90.0,1.0
19,Adingra,BHA,5.1,1,1,58,0,1,58.0,58.0,1,0,0,2,0,0,0,0,0,0,1,1,0,0,0,6,9.7,6.0
19,Aina,NFO,4.7,1,1,90,0,0,90.0,90.0,0,0,1,0,0,0,0,0,0,0,0,1,0,2,0,8,11.3,8.0
19,Ait Nouri,WOL,5.8,1,1,90,0,0,90.0,90.0,0,2,0,2,0,0,0,0,0,0,2,2,0,3,1,10,9.0,10.0
19,Akanji,MCI,5.4,1,1,90,0,0,90.0,90.0,0,0,1,0,0,0,0,0,0,0,0,1,0,1,0,7,12.9,7.0
19,Aké,MCI,5.4,1,1,68,0,1,68.0,68.0,0,0,1,0,0,0,0,0,0,0,0,1,0,0,0,6,11.3,6.0
19,Ali Al Hamadi,IPS,4.7,1,0,3,1,0,3.0,0.0,0,0,0,0,0,0,0,0,0,0,0,0,0,0,0,1,3.0,0.0
19,Alexander-Arnold,LIV,7.2,1,1,90,0,0,90.0,90.0,1,0,1,0,0,0,0,0,0,0,1,2,0,3,1,15,6.0,15.0
19,Álvarez (Edson),WHU,4.9,1,1,45,0,1,45.0,45.0,0,0,0,3,0,0,0,0,0,1,0,0,0,0,0,1,45.0,1.0
19,Alves,LEI,4.4,1,0,6,1,0,6.0,0.0,0,0,0,0,0,0,0,0,0,0,0,0,0,0,0,1,6.0,0.0
19,Andersen,FUL,4.5,1,1,90,0,0,90.0,90.0,0,0,0,2,0,0,0,1,0,1,0,0,0,0,0,0,0.0,0.0
19,Anderson,NFO,5.3,1,1,80,0,1,80.0,80.0,0,0,1,0,0,0,0,0,0,1,0,0,0,0,0,3,26.7,3.0
19,Joelinton,NEW,5.9,1,1,90,0,0,90.0,90.0,1,0,1,0,0,0,0,0,0,0,1,1,0,2,1,10,9.0,10.0
19,Archer,SOU,4.8,1,0,31,1,0,31.0,0.0,0,0,0,0,0,0,0,0,0,0,0,0,0,0,0,1,31.0,0.0
19,Areola,WHU,4.3,1,1,90,0,0,90.0,90.0,0,0,0,5,0,0,8,0,0,1,0,0,0,0,0,2,45.0,2.0
19,Aribo,SOU,4.9,1,1,50,0,1,50.0,50.0,0,0,0,1,0,0,0,0,0,1,0,0,0,0,0,1,50.0,1.0
19,Armstrong (Adam),SOU,5.1,1,1,65,0,1,65.0,65.0,0,1,0,2,0,0,0,0,0,0,1,1,0,0,0,5,13.0,5.0
19,Kepa,BOU,4.2,1,1,90,0,0,90.0,90.0,0,0,0,2,0,0,4,0,0,1,0,0,0,0,0,2,45.0,2.0
19,Awoniyi,NFO,5.2,1,0,20,1,0,20.0,0.0,0,0,0,0,0,0,0,0,0,0,0,0,0,0,0,1,20.0,0.0
19,Ayari,BHA,4.9,1,1,67,0,1,67.0,67.0,0,0,0,2,0,0,0,1,0,1,0,0,0,0,0,1,67.0,1.0
19,Bailey,AVL,5.5,1,1,75,0,1,75.0,75.0,0,0,0,1,0,0,0,0,0,1,0,0,0,0,0,2,37.5,2.0
19,Baleba,BHA,4.7,1,1,84,0,1,84.0,84.0,0,0,0,2,0,0,0,1,0,1,0,0,0,0,0,1,84.0,1.0
19,Barkley,AVL,4.8,1,0,14,1,0,14.0,0.0,0,0,0,0,0,0,0,0,0,0,0,0,0,0,0,1,14.0,0.0
19,Barnes,NEW,6.4,1,0,8,1,0,8.0,0.0,0,0,0,0,0,0,0,0,0,0,0,0,0,0,0,1,8.0,0.0
19,Bassey,FUL,4.5,1,1,90,0,0,90.0,90.0,0,0,0,2,0,0,0,0,0,1,0,0,0,0,0,1,90.0,1.0
19,Bednarek,SOU,4.0,1,1,90,0,0,90.0,90.0,0,0,0,2,0,0,0,1,0,1,0,0,0,0,0,0,0.0,0.0
19,Bellegarde,WOL,5.2,1,1,45,0,1,45.0,45.0,0,0,0,2,0,0,0,1,0,1,0,0,0,0,0,0,0.0,0.0
19,Bentancur,TOT,5.3,1,1,90,0,0,90.0,90.0,1,0,0,2,0,0,0,1,0,0,1,1,0,0,0,6,15.0,6.0
19,Billing,BOU,4.9,1,1,72,0,1,72.0,72.0,0,0,0,2,0,0,0,1,0,1,0,0,0,0,0,1,72.0,1.0
19,Bissouma,TOT,5.2,1,1,58,0,1,58.0,58.0,0,0,0,1,0,0,0,0,0,1,0,0,0,0,0,2,29.0,2.0
19,Boly,NFO,3.9,1,0,27,1,0,27.0,0.0,0,0,0,0,0,0,0,1,0,0,0,0,0,0,0,0,0.0,0.0
19,Carlos Borges,WOL,5.4,1,0,22,1,0,22.0,0.0,0,0,0,0,0,0,0,0,0,0,0,0,0,0,0,1,22.0,0.0
19,Bowen,WHU,7.8,1,1,58,0,1,58.0,58.0,0,0,0,4,0,0,0,0,0,1,0,0,0,0,0,1,58.0,1.0
19,Branthwaite,EVE,5.3,1,1,90,0,0,90.0,90.0,0,0,0,2,0,0,0,1,0,1,0,0,0,0,0,0,0.0,0.0
19,Bree,SOU,3.9,1,1,90,0,0,90.0,90.0,0,0,0,2,0,0,0,0,0,1,0,0,0,0,0,1,90.0,1.0
19,Broadhead,IPS,4.9,1,1,76,0,1,76.0,76.0,0,0,1,0,0,0,0,0,0,1,0,0,0,0,0,3,25.3,3.0
19,Broja,EVE,5.3,1,1,73,0,1,73.0,73.0,0,0,0,2,0,0,0,0,0,1,0,0,0,0,0,2,36.5,2.0
19,Brooks,BOU,5.0,1,1,63,0,1,63.0,63.0,0,0,0,1,0,0,0,0,0,1,0,0,0,0,0,2,31.5,2.0
19,Bueno (Santiago),WOL,4.4,1,1,90,0,0,90.0,90.0,0,0,0,2,0,0,0,0,0,1,0,0,0,0,0,1,90.0,1.0
19,Buonanotte,LEI,4.8,1,1,90,0,0,90.0,90.0,0,0,0,2,0,0,0,0,0,1,0,0,0,0,0,2,45.0,2.0
19,Burn,NEW,5.1,1,1,90,0,0,90.0,90.0,0,0,1,0,0,0,0,0,0,0,0,1,0,1,0,7,12.9,7.0
19,Burns,IPS,4.7,1,1,84,0,1,84.0,84.0,0,0,1,0,0,0,0,0,0,1,0,0,0,0,0,3,28.0,3.0
19,Moises Caicedo,CHE,5.9,1,1,90,0,0,90.0,90.0,0,0,0,2,0,0,0,1,0,1,0,0,0,0,0,1,90.0,1.0
19,Cairney,FUL,4.9,1,0,29,1,0,29.0,0.0,0,0,0,1,0,0,0,0,0,0,0,0,0,0,0,1,29.0,0.0
19,Cajuste,IPS,4.5,1,1,76,0,1,76.0,76.0,0,0,1,0,0,0,0,0,0,1,0,0,0,0,0,3,25.3,3.0
19,Calafiori,ARS,5.8,1,1,77,0,1,77.0,77.0,0,0,0,1,0,0,0,1,0,1,0,0,0,0,0,1,77.0,1.0
19,Calvert-Lewin,EVE,5.5,1,0,28,1,0,28.0,0.0,0,0,0,0,0,0,0,0,0,0,0,0,0,0,0,1,28.0,0.0
19,Castagne,FUL,4.4,1,1,90,0,0,90.0,90.0,0,0,0,2,0,0,0,0,0,1,0,0,0,0,0,1,90.0,1.0
19,Chalobah,CHE,5.1,1,1,90,0,0,90.0,90.0,1,0,0,1,0,0,0,0,0,0,1,1,0,2,1,10,9.0,10.0
19,Choudhury,LEI,4.4,1,0,26,1,0,26.0,0.0,0,0,0,1,0,0,0,0,0,0,0,0,0,0,0,1,26.0,0.0
19,Christie,BOU,5.0,1,1,90,0,0,90.0,90.0,0,0,0,2,0,0,0,1,0,1,0,0,0,0,0,1,90.0,1.0
19,Coady,LEI,4.0,1,1,83,0,1,83.0,83.0,0,0,0,2,0,0,0,0,0,1,0,0,0,0,0,1,83.0,1.0
19,Collins,BRE,4.9,1,1,90,0,0,90.0,90.0,0,0,0,3,0,0,0,0,0,1,0,0,0,0,0,1,90.0,1.0
19,Colwill,CHE,4.8,1,1,90,0,0,90.0,90.0,0,0,0,2,0,0,0,1,0,1,0,0,0,0,0,0,0.0,0.0
19,Cook,BOU,4.9,1,1,90,0,0,90.0,90.0,0,0,0,2,0,0,0,0,0,1,0,0,0,0,0,2,45.0,2.0
19,Coufal,WHU,4.1,1,1,45,0,1,45.0,45.0,0,0,0,3,0,0,0,0,0,1,0,0,0,0,0,0,0.0,0.0
19,Cucurella,CHE,6.1,1,1,90,0,0,90.0,90.0,0,0,0,2,0,0,0,0,0,1,0,0,0,0,0,1,90.0,1.0
19,André,WOL,5.4,1,1,61,0,1,61.0,61.0,0,0,0,2,0,0,0,0,0,1,0,0,0,0,0,2,30.5,2.0
19,Daka,LEI,4.8,1,0,11,1,0,11.0,0.0,0,0,0,0,0,0,0,0,0,0,0,0,0,0,0,1,11.0,0.0
19,Dalot,MUN,4.4,1,1,90,0,0,90.0,90.0,0,0,0,2,0,0,0,0,0,1,0,0,0,0,0,1,90.0,1.0
19,Damsgaard,BRE,5.8,1,1,74,0,1,74.0,74.0,0,1,0,3,0,0,0,0,0,0,1,1,0,0,0,5,14.8,5.0
19,Davis,IPS,4.2,1,1,90,0,0,90.0,90.0,0,0,1,0,0,0,0,1,0,0,0,1,0,0,0,5,18.0,5.0
19,Dawson,WOL,4.2,1,1,71,0,1,71.0,71.0,0,0,0,2,0,0,0,0,0,1,0,0,0,0,0,1,71.0,1.0
19,De Bruyne,MCI,9.5,1,1,90,0,0,90.0,90.0,0,0,1,0,0,0,0,0,0,1,0,0,0,0,0,3,30.0,3.0
19,Jesus,ARS,6.4,1,1,90,0,1,90.0,90.0,1,1,0,1,0,0,0,0,0,0,2,2,0,3,1,12,7.5,12.0
19,de Ligt,MUN,5.0,1,1,82,0,1,82.0,82.0,0,0,0,2,0,0,0,0,0,1,0,0,0,0,0,1,82.0,1.0
19,Evanilson,BOU,7.0,1,1,82,0,1,82.0,82.0,1,0,0,2,0,0,0,0,0,0,1,1,0,2,0,8,10.3,8.0
19,Delap,IPS,6.2,1,1,90,0,1,90.0,90.0,1,1,1,0,0,0,0,1,0,0,2,2,0,3,1,11,8.2,11.0
19,Díaz,LIV,8.0,1,1,90,0,0,90.0,90.0,1,0,1,0,0,0,0,0,0,0,1,1,0,1,0,9,10.0,9.0
19,Dibling,SOU,5.4,1,1,86,0,1,86.0,86.0,1,0,0,2,0,0,0,0,0,0,1,1,0,1,0,8,10.8,8.0
19,Digne,AVL,4.5,1,1,80,0,1,80.0,80.0,0,0,0,2,0,0,0,0,0,1,0,0,0,0,0,1,80.0,1.0
19,Diop,FUL,4.4,1,1,90,0,0,90.0,90.0,0,0,0,2,0,0,0,0,0,1,0,0,0,0,0,1,90.0,1.0
19,Disasi,AVL,4.2,1,1,76,0,1,76.0,76.0,0,0,0,2,0,0,0,0,0,1,0,0,0,0,0,1,76.0,1.0
19,Doherty,WOL,4.4,1,1,90,0,0,90.0,90.0,0,0,0,2,0,0,0,0,0,1,0,0,0,0,0,1,90.0,1.0
19,Nicolás Domínguez,NFO,5.0,1,1,90,0,0,90.0,90.0,0,0,1,0,0,0,0,0,0,1,0,0,0,0,0,3,30.0,3.0
19,Antony,MUN,5.9,1,0,11,1,0,11.0,0.0,0,0,0,0,0,0,0,0,0,0,0,0,0,0,0,1,11.0,0.0
19,Igor Julio,BHA,4.5,1,1,90,0,0,90.0,90.0,0,0,0,2,0,0,0,1,0,1,0,0,0,0,0,0,0.0,0.0
19,Gabriel Magalhães,ARS,6.5,1,1,90,0,0,90.0,90.0,0,0,0,1,0,0,0,0,0,1,0,0,0,0,0,2,45.0,2.0
19,Doucouré,EVE,5.1,1,1,90,0,0,90.0,90.0,0,0,0,2,0,0,0,0,0,1,0,0,0,0,0,2,45.0,2.0
19,Doucoure,CRY,4.9,1,0,10,1,0,10.0,0.0,0,0,0,0,0,0,0,0,0,0,0,0,0,0,0,1,10.0,0.0
19,Doyle (Tommy),WOL,4.7,1,0,31,1,0,31.0,0.0,0,0,0,0,0,0,0,0,0,0,0,0,0,0,0,1,31.0,0.0
19,Dragusin,TOT,4.5,1,1,90,0,0,90.0,90.0,0,0,0,2,0,0,0,0,0,1,0,0,0,0,0,1,90.0,1.0
19,Dubravka,NEW,4.0,1,1,90,0,0,90.0,90.0,0,0,1,0,0,0,0,0,0,0,0,1,0,0,0,6,15.0,6.0
19,Dunk,BHA,4.5,1,1,90,0,0,90.0,90.0,0,0,0,2,0,0,0,0,0,1,0,0,0,0,0,1,90.0,1.0
19,El Khannouss,LEI,4.8,1,1,90,0,0,90.0,90.0,0,0,0,2,0,0,0,1,0,1,0,0,0,0,0,1,90.0,1.0
19,Elanga,NFO,6.7,1,1,90,0,0,90.0,90.0,0,1,1,0,0,0,0,0,0,0,1,1,0,0,0,6,15.0,6.0
19,Elliott,LIV,5.4,1,0,19,1,0,19.0,0.0,0,0,0,0,0,0,0,0,0,0,0,0,0,0,0,1,19.0,0.0
19,Enciso,IPS,5.4,1,1,58,0,1,58.0,58.0,0,0,0,2,0,0,0,0,0,1,0,0,0,0,0,1,58.0,1.0
19,Endo,LIV,4.9,1,0,35,1,0,35.0,0.0,0,0,0,0,0,0,0,0,0,0,0,0,0,0,0,1,35.0,0.0
19,Eriksen,MUN,5.2,1,1,90,0,0,90.0,90.0,0,0,0,2,0,0,0,0,0,1,0,0,0,0,0,2,45.0,2.0
19,Mateus Fernandes,SOU,5.5,1,1,90,0,0,90.0,90.0,0,0,0,2,0,0,0,1,0,1,0,0,0,0,0,1,90.0,1.0
19,Eze,CRY,7.6,1,1,86,0,1,86.0,86.0,1,0,0,1,0,0,0,0,0,0,1,1,0,3,1,10,8.6,10.0
19,Fernández,CHE,6.7,1,1,90,0,0,90.0,90.0,0,0,0,2,0,0,0,1,0,1,0,0,0,0,0,1,90.0,1.0
19,Jota Silva,NFO,5.4,1,0,20,1,0,20.0,0.0,0,0,0,0,0,0,0,0,0,0,0,0,0,0,0,1,20.0,0.0
19,Flekken,BRE,4.5,1,1,90,0,0,90.0,90.0,0,0,0,3,0,0,1,0,0,1,0,0,0,0,0,1,90.0,1.0
19,Foden,MCI,8.0,1,1,65,0,1,65.0,65.0,0,1,1,0,0,0,0,0,0,0,1,1,0,0,0,6,10.8,6.0
19,Forster,TOT,4.3,1,1,90,0,0,90.0,90.0,0,0,0,2,0,0,1,0,0,1,0,0,0,0,0,1,90.0,1.0
19,Casemiro,MUN,5.5,1,1,63,0,1,63.0,63.0,0,0,0,2,0,0,0,0,0,1,0,0,0,0,0,2,31.5,2.0
19,Jorginho,ARS,4.6,1,0,7,1,0,7.0,0.0,0,0,0,0,0,0,0,0,0,0,0,0,0,0,0,1,7.0,0.0
19,Füllkrug,WHU,5.6,1,0,45,1,0,45.0,0.0,0,0,0,2,0,0,0,0,0,0,0,0,0,0,0,1,45.0,0.0
19,Gakpo,LIV,7.6,1,1,56,0,1,56.0,56.0,1,0,0,0,0,0,0,0,0,0,1,1,0,0,0,5,11.2,5.0
19,Gonçalo Guedes,WOL,5.5,1,0,45,1,0,45.0,0.0,0,0,0,0,0,0,0,0,0,0,0,0,0,0,0,1,45.0,0.0
19,Garnacho,MUN,6.4,1,0,29,1,0,29.0,0.0,0,0,0,0,0,0,0,0,0,0,0,0,0,0,0,1,29.0,0.0
19,Gibbs-White,NFO,7.3,1,1,74,0,1,74.0,74.0,1,0,1,0,0,0,0,0,0,0,1,1,0,2,1,10,7.4,10.0
19,Rodrigo Gomes,WOL,4.5,1,0,22,1,0,22.0,0.0,0,0,0,0,0,0,0,0,0,0,0,0,0,0,0,1,22.0,0.0
19,Beto,EVE,5.2,1,0,21,1,0,21.0,0.0,0,0,0,0,0,0,0,0,0,0,0,0,0,0,0,1,21.0,0.0
19,João Gomes,WOL,5.4,1,1,90,0,0,90.0,90.0,0,0,0,2,0,0,0,0,0,1,0,0,0,0,0,2,45.0,2.0
19,Gomez,LIV,4.9,1,1,35,0,1,35.0,35.0,0,0,0,0,0,0,0,0,0,1,0,0,0,0,0,1,35.0,1.0
19,Gordon (Anthony),NEW,7.5,1,1,84,0,1,84.0,84.0,0,1,1,0,0,0,0,0,0,0,1,1,0,0,0,6,14.0,6.0
19,Gravenberch,LIV,5.6,1,1,56,0,1,56.0,56.0,0,1,0,0,0,0,0,0,0,0,1,1,0,0,0,4,14.0,4.0
19,Gray (Archie),TOT,4.8,1,1,90,0,0,90.0,90.0,0,0,0,2,0,0,0,0,0,1,0,0,0,0,0,2,45.0,2.0
19,Greaves,IPS,3.8,1,1,90,0,0,90.0,90.0,0,0,1,0,0,0,0,0,0,0,0,1,0,0,0,6,15.0,6.0
19,Gruda,BHA,5.4,1,1,58,0,1,58.0,58.0,0,0,0,2,0,0,0,0,0,1,0,0,0,0,0,1,58.0,1.0
19,Gueye,EVE,5.4,1,1,67,0,1,67.0,67.0,0,0,0,2,0,0,0,1,0,1,0,0,0,0,0,1,67.0,1.0
19,Bruno Guimarães,NEW,6.5,1,1,90,0,0,90.0,90.0,0,0,1,0,0,0,0,0,0,1,0,0,0,0,0,3,30.0,3.0
19,Gusto,CHE,4.9,1,0,18,1,0,18.0,0.0,0,0,0,0,0,0,0,1,0,0,0,0,0,0,0,0,0.0,0.0
19,Gvardiol,MCI,5.9,1,1,90,0,0,90.0,90.0,0,0,1,0,0,0,0,0,0,0,0,1,0,0,0,6,15.0,6.0
19,Haaland,MCI,14.8,1,1,90,0,0,90.0,90.0,1,0,1,0,0,0,0,0,0,0,1,1,0,2,0,8,11.3,8.0
19,Lewis Hall,NEW,5.2,1,1,90,0,0,90.0,90.0,0,1,1,0,0,0,0,0,0,0,1,2,0,3,1,12,7.5,12.0
19,Harrison (Jack),EVE,5.2,1,1,45,0,1,45.0,45.0,0,0,0,1,0,0,0,0,0,1,0,0,0,0,0,1,45.0,1.0
19,Harwood-Bellis,SOU,3.9,1,1,90,0,0,90.0,90.0,0,0,0,2,0,0,0,1,0,1,0,0,0,0,0,0,0.0,0.0
19,Henderson,CRY,5.0,1,1,90,0,0,90.0,90.0,0,0,0,1,0,0,2,0,0,1,0,0,0,0,0,2,45.0,2.0
19,Hill (James),BOU,4.0,1,1,82,0,1,82.0,82.0,0,1,0,2,0,0,0,0,0,0,1,1,0,0,0,4,20.5,4.0
19,Hughes,CRY,4.8,1,1,86,0,1,86.0,86.0,0,1,0,1,0,0,0,1,0,0,1,1,0,0,0,4,21.5,4.0
19,Huijsen,BOU,4.5,1,1,90,0,0,90.0,90.0,0,0,0,2,0,0,0,0,0,1,0,0,0,0,0,1,90.0,1.0
19,Hutchinson,IPS,5.4,1,1,90,0,1,90.0,90.0,1,0,1,0,0,0,0,0,0,0,1,1,0,1,0,9,10.0,9.0
19,Hwang Hee-Chan,WOL,5.8,1,1,71,0,1,71.0,71.0,1,0,0,2,0,0,0,0,0,0,1,1,0,0,0,7,10.1,7.0
19,Højlund,MUN,6.3,1,1,90,0,0,90.0,90.0,0,0,0,2,0,0,0,0,0,1,0,0,0,0,0,2,45.0,2.0
19,Irving,WHU,4.4,1,0,19,1,0,19.0,0.0,0,0,0,1,0,0,0,0,0,0,0,0,0,0,0,1,19.0,0.0
19,Isak,NEW,10.4,1,1,90,0,0,90.0,90.0,1,0,1,0,0,0,0,0,0,0,1,1,0,1,0,7,12.9,7.0
19,Iwobi,FUL,6.5,1,1,90,0,1,90.0,90.0,0,0,0,2,0,0,0,0,0,1,0,0,0,0,0,2,45.0,2.0
19,Jackson (Nicolas),CHE,6.5,1,0,40,1,0,40.0,0.0,0,0,0,0,0,0,0,0,0,0,0,0,0,0,0,1,40.0,0.0
19,Janelt,BRE,4.9,1,1,90,0,0,90.0,90.0,0,0,0,3,0,0,0,0,0,1,0,0,0,0,0,2,45.0,2.0
19,Jensen,BRE,4.9,1,0,20,1,0,20.0,0.0,0,0,0,0,0,0,0,0,0,0,0,0,0,0,0,1,20.0,0.0
19,Raúl Jiménez,FUL,6.2,1,1,68,0,1,68.0,68.0,1,0,0,1,0,0,0,0,0,0,1,1,0,3,0,9,7.6,9.0
19,Johnson (Ben),IPS,3.8,1,0,9,1,0,9.0,0.0,0,0,0,0,0,0,0,0,0,0,0,0,0,0,0,1,9.0,0.0
19,Johnson (Brennan),TOT,6.7,1,1,59,0,1,59.0,59.0,1,0,0,1,0,0,0,0,0,0,1,1,0,2,0,9,6.6,9.0
19,Jones,LIV,5.4,1,1,71,0,1,71.0,71.0,0,1,1,0,0,0,0,0,0,0,1,1,0,0,0,6,11.8,6.0
19,João Pedro,BHA,7.4,1,1,90,0,0,90.0,90.0,0,2,0,2,0,0,0,0,0,0,2,2,0,1,0,9,10.0,9.0
19,Justin,LEI,4.0,1,1,68,0,1,68.0,68.0,0,0,0,1,0,0,0,0,0,1,0,0,0,0,0,2,34.0,2.0
19,Jørgensen,CHE,4.4,1,1,90,0,0,90.0,90.0,0,0,0,2,0,0,4,0,0,1,0,0,0,0,0,2,45.0,2.0
19,Kamada,CRY,5.0,1,0,11,1,0,11.0,0.0,0,0,0,0,0,0,0,0,0,0,0,0,0,0,0,1,11.0,0.0
19,Kamara,AVL,4.9,1,1,80,0,1,80.0,80.0,0,0,0,2,0,0,0,0,0,1,0,0,0,0,0,2,40.0,2.0
19,Kerkez,BOU,5.8,1,1,90,0,0,90.0,90.0,0,0,0,2,0,0,0,0,0,1,0,0,0,0,0,1,90.0,1.0
19,Kilman,WHU,4.3,1,1,90,0,0,90.0,90.0,0,0,0,5,0,0,0,0,0,1,0,0,0,0,0,0,0.0,0.0
19,Kim Ji-Soo,BRE,3.9,1,0,20,1,0,20.0,0.0,0,0,0,0,0,0,0,0,0,0,0,0,0,0,0,1,20.0,0.0
19,King (Joshua),FUL,4.5,1,0,7,1,0,7.0,0.0,0,0,0,0,0,0,0,0,0,0,0,0,0,0,0,1,7.0,0.0
19,Konsa Ngoyo,AVL,4.4,1,1,90,0,0,90.0,90.0,0,0,0,2,0,0,0,0,0,1,0,0,0,0,0,1,90.0,1.0
19,Kovacic,MCI,5.9,1,1,90,0,0,90.0,90.0,0,0,1,0,0,0,0,0,0,1,0,0,0,0,0,3,30.0,3.0
19,Kristiansen,LEI,4.4,1,1,90,0,0,90.0,90.0,0,0,0,2,0,0,0,0,0,1,0,0,0,0,0,1,90.0,1.0
19,Kudus,WHU,6.8,1,1,79,0,1,79.0,79.0,0,0,0,4,0,0,0,0,0,1,0,0,0,0,0,2,39.5,2.0
19,Kulusevski,TOT,6.4,1,1,90,0,0,90.0,90.0,0,1,0,2,0,0,0,0,0,0,1,1,0,0,0,5,18.0,5.0
19,Lacroix,CRY,5.0,1,1,90,0,0,90.0,90.0,0,0,0,1,0,0,0,0,0,1,0,0,0,0,0,2,45.0,2.0
19,Lallana,SOU,5.0,1,0,10,1,0,10.0,0.0,0,0,0,0,0,0,0,0,0,0,0,0,0,0,0,1,10.0,0.0
19,Lamptey,BHA,4.4,1,1,90,0,0,90.0,90.0,1,0,0,2,0,0,0,0,0,0,1,1,0,0,0,7,12.9,7.0
19,Leno,FUL,5.0,1,1,90,0,0,90.0,90.0,0,0,0,2,0,0,6,0,0,1,0,0,0,0,0,3,30.0,3.0
19,Lerma,CRY,4.9,1,1,90,0,0,90.0,90.0,0,0,0,1,0,0,0,0,0,1,0,0,0,0,0,2,45.0,2.0
19,Lewis (Rico),MCI,4.9,1,1,90,0,0,90.0,90.0,0,0,1,0,0,0,0,0,0,0,0,1,0,0,0,6,15.0,6.0
19,Lewis-Potter,BRE,4.9,1,1,90,0,0,90.0,90.0,0,0,0,3,0,0,0,0,0,1,0,0,0,0,0,2,45.0,2.0
19,Lewis-Skelly,ARS,5.2,1,0,17,1,0,17.0,0.0,0,0,0,0,0,0,0,0,0,0,0,0,0,0,0,1,17.0,0.0
19,Lindstrom,EVE,5.0,1,0,45,1,0,45.0,0.0,0,0,0,1,0,0,0,0,0,0,0,0,0,0,0,1,45.0,0.0
19,Luis Guilherme,WHU,4.9,1,0,12,1,0,12.0,0.0,0,0,0,1,0,0,0,0,0,0,0,0,0,0,0,1,12.0,0.0
19,Livramento,NEW,4.9,1,0,36,1,0,36.0,0.0,0,0,0,0,0,0,0,0,0,0,0,0,0,0,0,1,36.0,0.0
19,Lukic,FUL,5.0,1,1,90,0,1,90.0,90.0,0,0,0,2,0,0,0,0,0,1,0,0,0,0,0,2,45.0,2.0
19,Maatsen,AVL,4.3,1,0,14,1,0,14.0,0.0,0,0,0,0,0,0,0,0,0,0,0,0,0,0,0,1,14.0,0.0
19,Mac Allister,LIV,6.3,1,1,90,0,0,90.0,90.0,0,0,1,0,0,0,0,0,0,1,0,0,0,0,0,3,30.0,3.0
19,Maddison,TOT,6.9,1,0,34,1,0,34.0,0.0,0,0,0,1,0,0,0,0,0,0,0,0,0,0,0,1,34.0,0.0
19,Madueke,CHE,6.8,1,1,76,0,1,76.0,76.0,0,0,0,2,0,0,0,0,0,1,0,0,0,0,0,2,38.0,2.0
19,Maghoma,BRE,4.5,1,0,20,1,0,20.0,0.0,0,0,0,0,0,0,0,0,0,0,0,0,0,0,0,1,20.0,0.0
19,Maguire,MUN,4.4,1,1,90,0,0,90.0,90.0,0,0,0,2,0,0,0,0,0,1,0,0,0,0,0,1,90.0,1.0
19,Mainoo,MUN,4.8,1,0,61,1,0,61.0,0.0,0,0,0,0,0,0,0,0,0,0,0,0,0,0,0,1,61.0,0.0
19,José Sá,WOL,4.4,1,1,90,0,0,90.0,90.0,0,0,0,2,0,1,1,0,0,0,0,1,0,0,0,6,15.0,6.0
19,Mangala,EVE,5.0,1,1,90,0,0,90.0,90.0,0,0,0,2,0,0,0,0,0,1,0,0,0,0,0,2,45.0,2.0
19,Manning,SOU,4.3,1,0,10,1,0,10.0,0.0,0,0,0,0,0,0,0,0,0,0,0,0,0,0,0,1,10.0,0.0
19,Martinelli,ARS,6.9,1,1,90,0,0,90.0,90.0,1,0,0,1,0,0,0,0,0,0,1,1,0,2,0,9,10.0,9.0
19,Martinez,AVL,5.0,1,1,90,0,0,90.0,90.0,0,0,0,2,0,0,3,0,0,1,0,0,0,0,0,2,45.0,2.0
19,Martínez,MUN,4.8,1,1,63,0,1,63.0,63.0,0,0,0,2,0,0,0,1,0,1,0,0,0,0,0,0,0.0,0.0
19,Mateta,CRY,7.7,1,1,90,0,0,90.0,90.0,0,0,0,1,0,0,0,0,0,1,0,0,0,0,0,2,45.0,2.0
19,Mavididi,LEI,5.0,1,1,88,0,1,88.0,88.0,0,0,0,2,0,0,0,0,0,1,0,0,0,0,0,2,44.0,2.0
19,Mavropanos,WHU,4.4,1,1,90,0,0,90.0,90.0,0,0,0,5,0,0,0,0,0,1,0,0,0,0,0,0,0.0,0.0
19,Mazraoui,MUN,4.9,1,1,90,0,0,90.0,90.0,0,0,0,2,0,0,0,0,0,1,0,0,0,0,0,1,90.0,1.0
19,Mbeumo,BRE,8.2,1,1,90,0,0,90.0,90.0,1,0,0,3,0,0,0,0,0,0,1,1,0,0,0,7,12.9,7.0
19,Mcatee,MCI,5.2,1,0,28,1,0,28.0,0.0,0,0,0,0,0,0,0,0,0,0,0,0,0,0,0,1,28.0,0.0
19,McGinn,AVL,5.4,1,1,90,0,0,90.0,90.0,0,0,0,2,0,0,0,0,0,1,0,0,0,0,0,2,45.0,2.0
19,Merino,ARS,5.9,1,1,78,0,1,78.0,78.0,1,0,0,1,0,0,0,0,0,0,1,1,0,1,0,8,9.8,8.0
19,Milenkovic,NFO,5.2,1,1,90,0,0,90.0,90.0,0,0,1,0,0,0,0,0,0,0,0,1,0,0,0,6,15.0,6.0
19,Mings,AVL,4.4,1,0,80,1,0,80.0,0.0,0,0,0,1,0,0,0,1,0,0,0,0,0,0,0,1,80.0,0.0
19,Minteh,BHA,6.0,1,0,36,1,0,36.0,0.0,0,0,0,0,0,0,0,0,0,0,0,0,0,0,0,1,36.0,0.0
19,Mitchell,CRY,5.0,1,1,90,0,0,90.0,90.0,0,0,0,1,0,0,0,0,0,1,0,0,0,0,0,2,45.0,2.0
19,Mitoma,BHA,6.2,1,0,37,1,0,37.0,0.0,0,0,0,0,0,0,0,0,0,0,0,0,0,0,0,1,37.0,0.0
19,Moder,BHA,4.4,1,0,11,1,0,11.0,0.0,0,0,0,0,0,0,0,0,0,0,0,0,0,0,0,1,11.0,0.0
19,Savinho,MCI,6.9,1,1,90,0,0,90.0,90.0,1,1,1,0,0,0,0,0,0,0,2,2,0,3,1,14,6.4,14.0
19,Morsy,IPS,4.8,1,1,90,0,0,90.0,90.0,0,0,1,0,0,0,0,1,0,1,0,0,0,0,0,2,45.0,2.0
19,Rodrigo Muniz,FUL,5.4,1,0,29,1,0,29.0,0.0,0,0,0,1,0,0,0,0,0,0,0,0,0,0,0,1,29.0,0.0
19,Muñoz,CRY,5.7,1,1,90,0,0,90.0,90.0,0,0,0,1,0,0,0,0,0,1,0,0,0,0,0,2,45.0,2.0
19,Murphy (Jacob),NEW,6.1,1,1,84,0,1,84.0,84.0,0,0,1,0,0,0,0,0,0,1,0,0,0,0,0,3,28.0,3.0
19,Mvom Onana,AVL,4.8,1,0,14,1,0,14.0,0.0,0,0,0,0,0,0,0,0,0,0,0,0,0,0,0,1,14.0,0.0
19,Mykolenko,EVE,4.9,1,1,90,0,0,90.0,90.0,0,0,0,2,0,0,0,0,0,1,0,0,0,0,0,1,90.0,1.0
19,Ndiaye,EVE,6.5,1,1,90,0,0,90.0,90.0,0,0,0,2,0,0,0,0,0,1,0,0,0,0,0,2,45.0,2.0
19,Neto,CHE,7.0,1,0,18,1,0,18.0,0.0,0,0,0,0,0,0,0,0,0,0,0,0,0,0,0,1,18.0,0.0
19,Eddie Nketiah,CRY,5.4,1,0,2,1,0,2.0,0.0,0,0,0,0,0,0,0,1,0,0,0,0,0,0,0,0,0.0,0.0
19,Nkunku,CHE,5.9,1,1,64,0,1,64.0,64.0,0,0,0,2,0,0,0,0,0,1,0,0,0,0,0,2,32.0,2.0
19,Norgaard,BRE,5.2,1,1,75,0,1,75.0,75.0,0,0,0,3,0,0,0,1,0,1,0,0,0,0,0,1,75.0,1.0
19,Nwaneri,ARS,5.2,1,1,77,0,1,77.0,77.0,0,0,0,1,0,0,0,0,0,1,0,0,0,0,0,2,38.5,2.0
19,O'Shea,IPS,3.8,1,1,90,0,0,90.0,90.0,0,0,1,0,0,0,0,1,0,0,0,1,0,0,0,5,18.0,5.0
19,Odegaard,ARS,7.9,1,1,87,0,1,87.0,87.0,0,0,0,1,0,0,0,0,0,1,0,0,0,0,0,2,43.5,2.0
19,Okoli,LEI,4.0,1,0,10,1,0,10.0,0.0,0,0,0,0,0,0,0,0,0,0,0,0,0,0,0,1,10.0,0.0
19,Onana,MUN,4.9,1,1,90,0,0,90.0,90.0,0,0,0,2,0,0,2,0,0,1,0,0,0,0,0,1,90.0,1.0
19,Paul Onuachu,SOU,4.9,1,1,65,0,1,65.0,65.0,0,0,0,2,0,0,0,0,0,1,0,0,0,0,0,2,32.5,2.0
19,Ortega Moreno,MCI,4.8,1,1,90,0,0,90.0,90.0,0,0,1,0,0,0,3,1,0,0,0,1,0,0,0,6,15.0,6.0
19,Dango Ouattara,BOU,6.0,1,0,34,1,0,34.0,0.0,1,0,0,1,0,0,0,0,0,0,1,1,0,0,0,6,5.7,0.0
19,O’Riley,BHA,5.5,1,0,28,1,0,28.0,0.0,0,0,0,0,0,0,0,0,0,0,0,0,0,0,0,1,28.0,0.0
19,Palmer (Cole),CHE,10.3,1,1,90,0,0,90.0,90.0,0,0,0,2,0,0,0,0,0,1,0,0,0,0,0,2,45.0,2.0
19,Emerson,WHU,4.4,1,1,90,0,0,90.0,90.0,0,0,0,5,0,0,0,0,0,1,0,0,0,0,0,0,0.0,0.0
19,Partey,ARS,4.9,1,1,90,0,0,90.0,90.0,0,1,0,1,0,0,0,0,0,0,1,1,0,0,0,5,18.0,5.0
19,Patterson (Nathan),EVE,4.4,1,0,28,1,0,28.0,0.0,0,0,0,0,0,0,0,0,0,0,0,0,0,0,0,1,28.0,0.0
19,Pereira,FUL,5.3,1,1,67,0,1,67.0,67.0,0,1,0,1,0,0,0,0,0,0,1,1,0,0,0,5,13.4,5.0
19,Phillips (Kalvin),IPS,4.8,1,0,17,1,0,17.0,0.0,0,0,0,0,0,0,0,0,0,0,0,0,0,0,0,1,17.0,0.0
19,Pickford,EVE,5.5,1,1,90,0,0,90.0,90.0,0,0,0,2,0,0,5,1,0,1,0,0,0,0,0,1,90.0,1.0
19,Porro,TOT,5.5,1,1,90,0,0,90.0,90.0,0,1,0,2,0,0,0,0,0,0,1,1,0,0,0,4,22.5,4.0
19,Quansah,LIV,3.9,1,0,57,1,0,57.0,0.0,0,0,0,0,0,0,0,0,0,0,0,0,0,0,0,1,57.0,0.0
19,Ramsdale,SOU,4.8,1,1,90,0,0,90.0,90.0,0,0,0,2,0,0,8,0,0,1,0,0,0,0,0,3,30.0,3.0
19,Alisson,LIV,5.4,1,1,90,0,0,90.0,90.0,0,0,1,0,0,0,1,0,0,0,0,1,0,0,0,6,15.0,6.0
19,Ramsey (Jacob),AVL,5.3,1,0,19,1,0,19.0,0.0,0,0,0,1,0,0,0,0,0,0,0,0,0,0,0,1,19.0,0.0
19,Raya Martin,ARS,5.8,1,1,90,0,0,90.0,90.0,0,0,0,1,0,0,1,0,0,1,0,0,0,0,0,2,45.0,2.0
19,Reguilón,TOT,4.1,1,0,45,1,0,45.0,0.0,0,0,0,1,0,0,0,0,0,0,0,0,0,0,0,1,45.0,0.0
19,Rice,ARS,6.7,1,0,17,1,0,17.0,0.0,0,0,0,0,0,0,0,0,0,0,0,0,0,0,0,1,17.0,0.0
19,Richards (Chris),CRY,4.5,1,1,90,0,0,90.0,90.0,0,0,0,1,0,0,0,0,0,1,0,0,0,0,0,2,45.0,2.0
19,Robertson,LIV,5.8,1,1,71,0,1,71.0,71.0,0,0,1,0,0,0,0,0,0,0,0,1,0,0,0,6,11.8,6.0
19,Robinson (Antonee),FUL,4.9,1,1,90,0,0,90.0,90.0,0,1,0,2,0,0,0,0,0,0,1,1,0,0,0,4,22.5,4.0
19,Morato,NFO,4.4,1,1,90,0,0,90.0,90.0,0,0,1,0,0,0,0,0,0,0,0,1,0,2,0,8,11.3,8.0
19,Roerslev,BRE,4.5,1,1,90,0,0,90.0,90.0,0,0,0,3,0,0,0,0,0,1,0,0,0,0,0,1,90.0,1.0
19,Rogers,AVL,6.8,1,1,90,0,0,90.0,90.0,1,1,0,2,0,0,0,1,0,0,2,2,0,2,1,11,8.2,11.0
19,Rutter,BHA,5.7,1,0,37,1,0,37.0,0.0,0,0,0,0,0,0,0,0,0,0,0,0,0,0,0,1,37.0,0.0
19,Salah,LIV,14.3,1,1,90,0,0,90.0,90.0,1,2,1,0,0,0,0,0,0,0,3,3,0,2,1,16,5.6,16.0
19,Saliba,ARS,6.0,1,1,90,0,0,90.0,90.0,0,0,0,1,0,0,0,0,0,1,0,0,0,0,0,2,45.0,2.0
19,Sancho,MUN,5.8,1,0,30,1,0,30.0,0.0,0,0,0,0,0,0,0,0,0,0,0,0,0,0,0,1,30.0,0.0
19,Matheus Cunha,WOL,7.9,1,1,45,0,1,45.0,45.0,0,0,0,2,0,0,0,0,0,1,0,0,0,0,0,1,45.0,1.0
19,Diego Carlos,AVL,4.5,1,1,90,0,0,90.0,90.0,0,0,0,2,0,0,0,0,0,1,0,0,0,0,0,1,90.0,1.0
19,Ismaila Sarr,CRY,6.6,1,1,90,0,1,90.0,90.0,0,0,0,1,0,0,0,0,0,1,0,0,0,0,0,2,45.0,2.0
19,Sarr (Pape),TOT,4.9,1,0,34,1,0,34.0,0.0,0,0,0,1,0,0,0,0,0,0,0,0,0,0,0,1,34.0,0.0
19,Schade,BRE,7.0,1,0,20,1,0,20.0,0.0,0,0,0,0,0,0,0,0,0,0,0,0,0,0,0,1,20.0,0.0
19,Schär,NEW,5.4,1,1,90,0,0,90.0,90.0,0,0,1,0,0,0,0,1,0,0,0,1,0,0,0,5,18.0,5.0
19,Sels,NFO,4.8,1,1,90,0,0,90.0,90.0,0,0,1,0,0,0,2,0,0,0,0,1,0,0,0,6,15.0,6.0
19,Semedo,WOL,4.5,1,1,90,0,0,90.0,90.0,0,0,0,2,0,0,0,1,0,1,0,0,0,0,0,0,0.0,0.0
19,Semenyo,BOU,8.1,1,1,90,0,0,90.0,90.0,0,1,0,2,0,0,0,0,0,0,1,1,0,0,0,5,18.0,5.0
19,João Félix,CHE,5.9,1,1,54,0,1,54.0,54.0,0,0,0,2,0,0,0,0,0,1,0,0,0,0,0,1,54.0,1.0
19,Smith-Rowe,FUL,5.7,1,0,7,1,0,7.0,0.0,0,0,0,0,0,0,0,0,0,0,0,0,0,0,0,1,7.0,0.0
19,Solanke,TOT,7.2,1,1,90,0,0,90.0,90.0,0,0,0,2,0,0,0,0,0,1,0,0,0,0,0,2,45.0,2.0
19,Soler (Carlos),WHU,5.0,1,1,71,0,1,71.0,71.0,0,0,0,4,0,0,0,0,0,1,0,0,0,0,0,2,35.5,2.0
19,Son,TOT,8.5,1,1,58,0,1,58.0,58.0,0,0,0,1,0,0,0,0,0,1,0,0,0,0,0,0,0.0,0.0
19,Sosa,NFO,5.5,1,1,67,0,1,67.0,67.0,0,0,1,0,0,0,0,0,0,1,0,0,0,0,0,3,22.3,3.0
19,Soumaré,LEI,4.4,1,1,90,0,0,90.0,90.0,0,0,0,2,0,0,0,1,0,1,0,0,0,0,0,1,90.0,1.0
19,Stolarczyk,LEI,4.0,1,1,90,0,0,90.0,90.0,0,0,0,2,0,0,3,0,0,1,0,0,0,0,0,2,45.0,2.0
19,Strand Larsen,WOL,6.4,1,0,45,1,0,45.0,0.0,1,0,0,0,0,0,0,0,0,0,1,1,0,1,0,6,7.5,0.0
19,Sulemana,SOU,5.0,1,0,31,1,0,31.0,0.0,0,0,0,0,0,0,0,0,0,0,0,0,0,0,0,1,31.0,0.0
19,Summerville,WHU,5.5,1,0,33,1,0,33.0,0.0,0,0,0,1,0,0,0,0,0,0,0,0,0,0,0,1,33.0,0.0
19,Szmodics,IPS,5.7,1,0,18,1,0,18.0,0.0,0,0,0,0,0,0,0,0,0,0,0,0,0,0,0,1,18.0,0.0
19,Tarkowski,EVE,5.5,1,1,90,0,0,90.0,90.0,0,0,0,2,0,0,0,1,0,1,0,0,0,0,0,0,0.0,0.0
19,Taylor (Jack),IPS,4.8,1,0,3,1,0,3.0,0.0,0,0,0,0,0,0,0,0,0,0,0,0,0,0,0,1,3.0,0.0
19,Diogo Jota,LIV,7.2,1,0,35,1,0,35.0,0.0,1,0,0,0,0,0,0,0,0,0,1,1,0,0,0,6,5.8,0.0
19,Tielemans,AVL,5.9,1,1,80,0,1,80.0,80.0,0,0,0,2,0,0,0,0,0,1,0,0,0,0,0,2,40.0,2.0
19,Jurriën Timber,ARS,6.1,1,1,90,0,0,90.0,90.0,0,0,0,1,0,0,0,1,0,1,0,0,0,0,0,1,90.0,1.0
19,Todibo,WHU,4.3,1,0,45,1,0,45.0,0.0,0,0,0,2,0,0,0,0,0,0,0,0,0,0,0,0,0.0,0.0
19,Toffolo,NFO,4.2,1,0,14,1,0,14.0,0.0,0,0,0,0,0,0,0,0,0,0,0,0,0,0,0,1,14.0,0.0
19,Lucas Paquetá,WHU,5.9,1,1,90,0,0,90.0,90.0,0,0,0,5,0,0,0,0,0,1,0,0,0,0,0,2,45.0,2.0
19,Tonali,NEW,5.4,1,1,90,0,0,90.0,90.0,0,0,1,0,0,0,0,0,0,1,0,0,0,0,0,3,30.0,3.0
19,Torres,AVL,4.3,1,1,16,0,1,16.0,16.0,0,0,0,1,0,0,0,0,0,1,0,0,0,0,0,1,16.0,1.0
19,Traoré (Adama),FUL,5.2,1,0,19,1,0,19.0,0.0,0,0,0,1,0,0,0,0,0,0,0,0,0,0,0,1,19.0,0.0
19,Amad Diallo,MUN,6.3,1,1,90,0,0,90.0,90.0,0,0,0,2,0,0,0,0,0,1,0,0,0,0,0,2,45.0,2.0
19,Trippier,NEW,5.0,1,1,57,0,1,57.0,57.0,0,0,0,0,0,0,0,0,0,1,0,0,0,0,0,1,57.0,1.0
19,Trossard,ARS,6.9,1,0,17,1,0,17.0,0.0,0,0,0,0,0,0,0,0,0,0,0,0,0,0,0,1,17.0,0.0
19,Tsimikas,LIV,4.8,1,0,19,1,0,19.0,0.0,0,0,0,0,0,0,0,0,0,0,0,0,0,0,0,1,19.0,0.0
19,Destiny Udogie,TOT,4.4,1,1,48,0,1,48.0,48.0,0,0,0,1,0,0,0,0,0,1,0,0,0,0,0,1,48.0,1.0
19,Ugochukwu,SOU,5.0,1,0,45,1,0,45.0,0.0,0,0,0,1,0,0,0,0,0,0,0,0,0,0,0,1,45.0,0.0
19,Unal,BOU,5.4,1,0,24,1,0,24.0,0.0,0,0,0,0,0,0,0,1,0,0,0,0,0,0,0,0,0.0,0.0
19,van den Berg,BRE,4.5,1,1,75,0,1,75.0,75.0,0,0,0,3,0,0,0,0,0,1,0,0,0,0,0,1,75.0,1.0
19,van Dijk,LIV,6.0,1,1,90,0,0,90.0,90.0,0,0,1,0,0,0,0,0,0,0,0,1,0,0,0,6,15.0,6.0
19,van Hecke,BHA,4.4,1,1,90,0,0,90.0,90.0,0,0,0,2,0,0,0,0,0,1,0,0,0,0,0,1,90.0,1.0
19,Vardy,LEI,5.4,1,1,90,0,0,90.0,90.0,0,0,0,2,0,0,0,0,0,1,0,0,0,0,0,2,45.0,2.0
19,Bernardo Silva,MCI,6.3,1,1,90,0,0,90.0,90.0,0,0,1,0,0,0,0,0,0,1,0,0,0,0,0,3,30.0,3.0
19,Verbruggen,BHA,4.4,1,1,90,0,0,90.0,90.0,0,0,0,2,0,0,3,0,0,1,0,0,0,0,0,2,45.0,2.0
19,Vestergaard,LEI,3.9,1,1,90,0,0,90.0,90.0,0,0,0,2,0,0,0,0,0,1,0,0,0,0,0,1,90.0,1.0
19,Walker,MCI,4.4,1,0,26,1,0,26.0,0.0,0,0,0,0,0,0,0,0,0,0,0,0,0,0,0,1,26.0,0.0
19,Walker-Peters,SOU,4.4,1,1,86,0,1,86.0,86.0,0,0,0,2,0,0,0,0,0,1,0,0,0,0,0,1,86.0,1.0
19,Walton,IPS,4.3,1,1,90,0,0,90.0,90.0,0,0,1,0,0,0,4,0,0,0,0,1,0,2,0,9,10.0,9.0
19,Wan-Bissaka,WHU,4.3,1,1,90,0,0,90.0,90.0,0,0,0,5,0,0,0,0,0,1,0,0,0,0,0,0,0.0,0.0
19,Ward-Prowse,WHU,5.7,1,0,14,1,0,14.0,0.0,0,0,0,0,0,0,0,0,0,0,0,0,0,0,0,1,14.0,0.0
19,Watkins,AVL,8.5,1,1,90,0,0,90.0,90.0,1,1,0,2,0,0,0,0,0,0,2,2,0,3,1,12,7.5,12.0
19,Werner,TOT,6.2,1,0,34,1,0,34.0,0.0,0,0,0,1,0,0,0,0,0,0,0,0,0,0,0,1,34.0,0.0
19,Williams (Neco),NFO,4.7,1,1,80,0,1,80.0,80.0,0,0,1,0,0,0,0,0,0,0,0,1,0,0,0,6,13.3,6.0
19,Willock,NEW,5.0,1,0,8,1,0,8.0,0.0,0,0,0,0,0,0,0,0,0,0,0,0,0,0,0,1,8.0,0.0
19,Wilson (Harry),FUL,5.3,1,1,78,0,1,78.0,78.0,1,0,0,1,0,0,0,0,0,0,1,1,0,1,0,8,9.8,8.0
19,Winks,LEI,4.3,1,1,83,0,1,83.0,83.0,0,0,0,2,0,0,0,0,0,1,0,0,0,0,0,2,41.5,2.0
19,Winterburn,BOU,4.5,1,0,15,1,0,15.0,0.0,0,0,0,0,0,0,0,0,0,0,0,0,0,0,0,1,15.0,0.0
19,Wissa,BRE,7.4,1,1,75,0,1,75.0,75.0,0,0,0,3,0,0,0,0,0,1,0,0,0,0,0,2,37.5,2.0
19,Wood (Chris),NFO,7.2,1,1,74,0,1,74.0,74.0,1,1,1,0,0,0,0,0,0,0,2,2,0,3,1,12,6.2,12.0
19,Wood (Nathan),SOU,3.9,1,1,90,0,0,90.0,90.0,0,0,0,2,0,0,0,0,0,1,0,0,0,0,0,1,90.0,1.0
19,Woolfenden,IPS,3.9,1,1,90,0,0,90.0,90.0,0,0,1,0,0,0,0,0,0,0,0,1,0,0,0,6,15.0,6.0
19,Yarmolyuk,BRE,5.0,1,1,90,0,0,90.0,90.0,0,0,0,3,0,0,0,0,0,1,0,0,0,0,0,2,45.0,2.0
19,Yoro,MUN,4.4,1,0,29,1,0,29.0,0.0,0,0,0,0,0,0,0,0,0,0,0,0,0,0,0,1,29.0,0.0
19,Young (Ashley),EVE,4.2,1,1,67,0,1,67.0,67.0,0,0,0,2,0,0,0,0,0,1,0,0,0,0,0,1,67.0,1.0
19,Zabarnyi,BOU,5.0,1,1,90,0,0,90.0,90.0,0,0,0,2,0,0,0,0,0,1,0,0,0,0,0,1,90.0,1.0
19,Zinchenko,ARS,4.9,1,0,3,1,0,3.0,0.0,0,0,0,0,0,0,0,0,0,0,0,0,0,0,0,1,3.0,0.0
19,Zirkzee,MUN,5.8,1,1,32,0,1,32.0,32.0,0,0,0,2,0,0,0,0,0,1,0,0,0,0,0,1,32.0,1.0
20,Acheampong,CHE,3.9,1,1,90,0,0,90.0,90.0,0,0,0,1,0,0,0,0,0,1,0,0,0,0,0,2,45.0,2.0
20,Adams (Tyler),BOU,5.0,1,0,24,1,0,24.0,0.0,0,0,0,0,0,0,0,1,0,0,0,0,0,0,0,0,0.0,0.0
20,Adingra,BHA,5.1,1,1,62,0,1,62.0,62.0,0,0,0,1,0,0,0,0,0,1,0,0,0,0,0,2,31.0,2.0
20,Aina,NFO,4.7,1,1,90,0,0,90.0,90.0,0,0,1,0,0,0,0,0,0,0,0,1,0,0,0,6,15.0,6.0
20,Ait Nouri,WOL,5.8,1,1,90,0,0,90.0,90.0,0,0,0,3,0,0,0,0,0,1,0,0,0,0,0,1,90.0,1.0
20,Akanji,MCI,5.4,1,1,90,0,0,90.0,90.0,0,0,0,1,0,0,0,0,0,1,0,0,0,0,0,2,45.0,2.0
20,Aké,MCI,5.4,1,1,59,0,1,59.0,59.0,0,0,1,0,0,0,0,0,0,0,0,1,0,0,0,6,9.8,6.0
20,Ali Al Hamadi,IPS,4.7,1,0,11,1,0,11.0,0.0,0,0,0,1,0,0,0,0,0,0,0,0,0,0,0,1,11.0,0.0
20,Alexander-Arnold,LIV,7.2,1,1,85,0,1,85.0,85.0,0,0,0,2,0,0,0,1,0,1,0,0,0,0,0,0,0.0,0.0
20,Álvarez (Edson),WHU,4.9,1,1,81,0,1,81.0,81.0,0,0,0,4,0,0,0,0,0,1,0,0,0,0,0,2,40.5,2.0
20,Andersen,FUL,4.5,1,1,90,0,0,90.0,90.0,0,0,0,2,0,0,0,0,0,1,0,0,0,0,0,1,90.0,1.0
20,Anderson,NFO,5.3,1,1,69,0,1,69.0,69.0,0,0,1,0,0,0,0,1,0,1,0,0,0,0,0,2,34.5,2.0
20,Joelinton,NEW,5.9,1,1,90,0,0,90.0,90.0,0,0,0,1,0,0,0,1,0,1,0,0,0,0,0,1,90.0,1.0
20,Archer,SOU,4.8,1,0,38,1,0,38.0,0.0,0,0,0,4,0,0,0,0,0,0,0,0,0,0,0,1,38.0,0.0
20,Areola,WHU,4.3,1,1,90,0,0,90.0,90.0,0,0,0,4,0,0,4,0,0,1,0,0,0,0,0,1,90.0,1.0
20,Aribo,SOU,4.9,1,1,84,0,1,84.0,84.0,0,0,0,3,0,0,0,0,0,1,0,0,0,0,0,2,42.0,2.0
20,Armstrong (Adam),SOU,5.1,1,0,38,1,0,38.0,0.0,0,0,0,4,0,0,0,0,0,0,0,0,0,0,0,1,38.0,0.0
20,Armstrong (Harrison),EVE,4.5,1,0,45,1,0,45.0,0.0,0,0,0,1,0,0,0,0,0,0,0,0,0,0,0,1,45.0,0.0
20,Austin,TOT,3.9,1,1,90,0,0,90.0,90.0,0,0,0,2,0,0,2,0,0,1,0,0,0,0,0,1,90.0,1.0
20,Awoniyi,NFO,5.2,1,0,8,1,0,8.0,0.0,1,0,0,0,0,0,0,0,0,0,1,1,0,0,0,5,1.6,0.0
20,Ayari,BHA,4.9,1,1,90,0,0,90.0,90.0,0,0,0,1,0,0,0,0,0,1,0,0,0,0,0,2,45.0,2.0
20,Ayew,LEI,5.1,1,1,81,0,1,81.0,81.0,0,0,0,2,0,0,0,0,0,1,0,0,0,0,0,2,40.5,2.0
20,Bailey,AVL,5.5,1,1,90,0,0,90.0,90.0,1,0,0,1,0,0,0,0,0,0,1,1,0,2,0,9,10.0,9.0
20,Baleba,BHA,4.7,1,1,90,0,0,90.0,90.0,0,0,0,1,0,0,0,0,0,1,0,0,0,0,0,2,45.0,2.0
20,Barkley,AVL,4.8,1,1,74,0,1,74.0,74.0,1,0,0,1,0,0,0,0,0,0,1,1,0,3,1,10,7.4,10.0
20,Barnes,NEW,6.4,1,0,21,1,0,21.0,0.0,0,0,0,0,0,0,0,0,0,0,0,0,0,0,0,1,21.0,0.0
20,Bassey,FUL,4.5,1,1,90,0,0,90.0,90.0,0,0,0,2,0,0,0,0,0,1,0,0,0,0,0,1,90.0,1.0
20,Bednarek,SOU,4.0,1,1,90,0,0,90.0,90.0,0,0,0,5,0,0,0,0,0,1,0,0,0,0,0,0,0.0,0.0
20,Bellegarde,WOL,5.2,1,0,36,1,0,36.0,0.0,0,0,0,1,0,0,0,0,0,0,0,0,0,0,0,1,36.0,0.0
20,Bergvall,TOT,5.4,1,1,57,0,1,57.0,57.0,0,0,0,2,0,0,0,0,0,1,0,0,0,0,0,2,28.5,2.0
20,Billing,BOU,4.9,1,0,12,1,0,12.0,0.0,0,0,0,0,0,0,0,0,0,0,0,0,0,0,0,1,12.0,0.0
20,Bissouma,TOT,5.2,1,0,36,1,0,36.0,0.0,0,0,0,0,0,0,0,0,0,0,0,0,0,0,0,1,36.0,0.0
20,Carlos Borges,WOL,5.4,1,0,21,1,0,21.0,0.0,0,0,0,1,0,0,0,0,0,0,0,0,0,0,0,1,21.0,0.0
20,Bruno Fernandes,MUN,8.9,1,1,90,0,0,90.0,90.0,0,1,0,2,0,0,0,0,0,0,1,1,0,2,0,7,12.9,7.0
20,Botman,NEW,4.9,1,1,82,0,1,82.0,82.0,0,0,0,1,0,0,0,1,0,1,0,0,0,0,0,1,82.0,1.0
20,Bradley,LIV,5.0,1,0,11,1,0,11.0,0.0,0,0,0,0,0,0,0,0,0,0,0,0,0,0,0,1,11.0,0.0
20,Branthwaite,EVE,5.3,1,1,90,0,0,90.0,90.0,0,0,0,1,0,0,0,1,0,1,0,0,0,0,0,1,90.0,1.0
20,Bree,SOU,3.9,1,1,45,0,1,45.0,45.0,0,0,0,1,0,0,0,0,0,1,0,0,0,0,0,1,45.0,1.0
20,Broadhead,IPS,4.9,1,1,78,0,1,78.0,78.0,0,0,0,1,0,0,0,1,0,1,0,0,0,0,0,1,78.0,1.0
20,Broja,EVE,5.3,1,1,29,0,1,29.0,29.0,0,0,0,0,0,0,0,0,0,1,0,0,0,0,0,1,29.0,1.0
20,Brooks,BOU,5.0,1,0,23,1,0,23.0,0.0,1,0,0,0,0,0,0,1,0,0,1,1,0,0,0,5,4.6,0.0
20,Buendía,AVL,5.3,1,0,20,1,0,20.0,0.0,0,0,0,0,0,0,0,0,0,0,0,0,0,0,0,1,20.0,0.0
20,Bueno (Santiago),WOL,4.4,1,1,90,0,0,90.0,90.0,0,0,0,3,0,0,0,0,0,1,0,0,0,0,0,1,90.0,1.0
20,Buonanotte,LEI,4.8,1,0,14,1,0,14.0,0.0,0,0,0,0,0,0,0,0,0,0,0,0,0,0,0,1,14.0,0.0
20,Burn,NEW,5.1,1,1,90,0,0,90.0,90.0,0,0,0,1,0,0,0,1,0,1,0,0,0,0,0,1,90.0,1.0
20,Burns,IPS,4.7,1,0,19,1,0,19.0,0.0,0,0,0,1,0,0,0,0,0,0,0,0,0,0,0,1,19.0,0.0
20,Moises Caicedo,CHE,5.9,1,1,90,0,0,90.0,90.0,0,0,0,1,0,0,0,0,0,1,0,0,0,0,0,2,45.0,2.0
20,Cairney,FUL,4.9,1,1,63,0,1,63.0,63.0,0,0,0,1,0,0,0,0,0,1,0,0,0,0,0,2,31.5,2.0
20,Cajuste,IPS,4.5,1,1,71,0,1,71.0,71.0,0,0,0,1,0,0,0,0,0,1,0,0,0,0,0,2,35.5,2.0
20,Calafiori,ARS,5.8,1,1,90,0,0,90.0,90.0,0,0,0,1,0,0,0,1,0,1,0,0,0,0,0,1,90.0,1.0
20,Calvert-Lewin,EVE,5.5,1,0,63,1,0,63.0,0.0,0,0,0,1,0,0,0,0,0,0,0,0,0,0,0,1,63.0,0.0
20,Pedro Lima,WOL,4.0,1,1,59,0,1,59.0,59.0,0,0,0,2,0,0,0,0,0,1,0,0,0,0,0,0,0.0,0.0
20,Cash,AVL,4.6,1,1,90,0,0,90.0,90.0,0,0,0,1,0,0,0,0,0,1,0,0,0,1,0,3,30.0,3.0
20,Castagne,FUL,4.4,1,1,90,0,0,90.0,90.0,0,0,0,2,0,0,0,0,0,1,0,0,0,0,0,1,90.0,1.0
20,Christie,BOU,5.0,1,1,90,0,0,90.0,90.0,0,0,1,0,0,0,0,0,0,1,0,0,0,0,0,3,30.0,3.0
20,Clarke (Jack),IPS,5.4,1,0,19,1,0,19.0,0.0,0,0,0,1,0,0,0,0,0,0,0,0,0,0,0,1,19.0,0.0
20,Coady,LEI,4.0,1,1,81,0,1,81.0,81.0,0,0,0,2,0,0,0,0,0,1,0,0,0,0,0,1,81.0,1.0
20,Collins,BRE,4.9,1,1,90,0,0,90.0,90.0,0,0,1,0,0,0,0,0,0,0,0,1,0,0,0,6,15.0,6.0
20,Colwill,CHE,4.8,1,1,90,0,0,90.0,90.0,0,0,0,1,0,0,0,1,0,1,0,0,0,0,0,1,90.0,1.0
20,Cook,BOU,4.9,1,1,90,0,0,90.0,90.0,0,0,1,0,0,0,0,0,0,1,0,0,0,0,0,3,30.0,3.0
20,Coufal,WHU,4.1,1,1,90,0,0,90.0,90.0,0,0,0,4,1,0,0,0,0,1,0,0,0,0,0,0,0.0,0.0
20,Cucurella,CHE,6.1,1,1,90,0,0,90.0,90.0,0,0,0,1,0,0,0,0,0,1,0,0,0,0,0,2,45.0,2.0
20,Daka,LEI,4.8,1,0,14,1,0,14.0,0.0,0,0,0,0,0,0,0,0,0,0,0,0,0,0,0,1,14.0,0.0
20,Dalot,MUN,4.4,1,1,90,0,0,90.0,90.0,0,0,0,2,0,0,0,1,0,1,0,0,0,0,0,0,0.0,0.0
20,Damsgaard,BRE,5.8,1,1,90,0,0,90.0,90.0,0,1,1,0,0,0,0,0,0,0,1,1,0,0,0,6,15.0,6.0
20,Davis,IPS,4.2,1,1,90,0,0,90.0,90.0,0,0,0,2,0,0,0,1,0,1,0,0,0,0,0,0,0.0,0.0
20,De Bruyne,MCI,9.5,1,1,90,0,0,90.0,90.0,0,1,0,1,0,0,0,0,0,0,1,1,0,0,0,5,18.0,5.0
20,Jesus,ARS,6.4,1,1,90,0,0,90.0,90.0,0,0,0,1,0,0,0,0,0,1,0,0,0,0,0,2,45.0,2.0
20,de Ligt,MUN,5.0,1,1,82,0,1,82.0,82.0,0,0,0,2,0,0,0,1,0,1,0,0,0,0,0,0,0.0,0.0
20,Evanilson,BOU,7.0,1,1,81,0,1,81.0,81.0,0,0,1,0,0,0,0,0,0,1,0,0,0,0,0,2,40.5,2.0
20,DeCordova-Reid,LEI,5.2,1,0,7,1,0,7.0,0.0,0,0,0,0,0,0,0,0,0,0,0,0,0,0,0,1,7.0,0.0
20,Delap,IPS,6.2,1,1,86,0,1,86.0,86.0,1,0,0,1,0,0,0,0,0,0,1,1,0,2,0,8,10.8,8.0
20,Díaz,LIV,8.0,1,1,59,0,1,59.0,59.0,0,0,0,1,0,0,0,0,0,1,0,0,0,0,0,1,59.0,1.0
20,Dibling,SOU,5.4,1,1,90,0,0,90.0,90.0,0,0,0,5,0,0,0,0,0,1,0,0,0,0,0,2,45.0,2.0
20,Digne,AVL,4.5,1,1,74,0,1,74.0,74.0,0,0,0,1,0,0,0,0,0,1,0,0,0,0,0,2,37.0,2.0
20,Diop,FUL,4.4,1,1,45,0,1,45.0,45.0,0,0,0,1,0,0,0,0,0,1,0,0,0,0,0,1,45.0,1.0
20,Doherty,WOL,4.4,1,1,90,0,0,90.0,90.0,0,0,0,3,0,0,0,0,0,1,0,0,0,0,0,1,90.0,1.0
20,Nicolás Domínguez,NFO,5.0,1,1,60,0,1,60.0,60.0,0,0,0,0,0,0,0,1,0,1,0,0,0,0,0,0,0.0,0.0
20,Igor Julio,BHA,4.5,1,1,64,0,1,64.0,64.0,0,0,0,1,0,0,0,0,0,1,0,0,0,0,0,2,32.0,2.0
20,Gabriel Magalhães,ARS,6.5,1,1,90,0,0,90.0,90.0,0,0,0,1,0,0,0,0,0,1,0,0,0,0,0,2,45.0,2.0
20,Doucouré,EVE,5.1,1,1,90,0,0,90.0,90.0,0,0,0,1,0,0,0,1,0,1,0,0,0,0,0,1,90.0,1.0
20,Doucoure,CRY,4.9,1,1,68,0,1,68.0,68.0,0,0,0,1,0,0,0,0,0,1,0,0,0,0,0,2,34.0,2.0
20,Doyle (Tommy),WOL,4.7,1,1,58,0,1,58.0,58.0,0,0,0,2,0,0,0,1,0,1,0,0,0,0,0,0,0.0,0.0
20,Dragusin,TOT,4.5,1,1,45,0,1,45.0,45.0,0,0,0,2,0,0,0,0,0,1,0,0,0,0,0,0,0.0,0.0
20,Dubravka,NEW,4.0,1,1,90,0,0,90.0,90.0,0,0,0,1,0,0,3,0,0,1,0,0,0,0,0,3,30.0,3.0
20,El Khannouss,LEI,4.8,1,1,80,0,1,80.0,80.0,0,0,0,2,0,0,0,0,0,1,0,0,0,0,0,2,40.0,2.0
20,Elanga,NFO,6.7,1,1,69,0,1,69.0,69.0,0,1,1,0,0,0,0,0,0,0,1,1,0,0,0,6,11.5,6.0
20,Elliott,LIV,5.4,1,0,11,1,0,11.0,0.0,0,0,0,0,0,0,0,0,0,0,0,0,0,0,0,1,11.0,0.0
20,Estupiñán,BHA,4.5,1,1,90,0,0,90.0,90.0,0,0,0,1,0,0,0,0,0,1,0,0,0,0,0,2,45.0,2.0
20,Eze,CRY,7.6,1,1,86,0,1,86.0,86.0,0,1,0,1,0,0,0,0,0,0,1,1,0,0,0,5,17.2,5.0
20,Faes,LEI,3.8,1,0,34,1,0,34.0,0.0,0,0,0,1,0,0,0,0,0,0,0,0,0,0,0,1,34.0,0.0
20,Fernández,CHE,6.7,1,1,90,0,0,90.0,90.0,0,0,0,1,0,0,0,1,0,1,0,0,0,0,0,1,90.0,1.0
20,Jota Silva,NFO,5.4,1,0,26,1,0,26.0,0.0,0,0,0,0,0,0,0,0,0,0,0,0,0,0,0,1,26.0,0.0
20,Flekken,BRE,4.5,1,1,90,0,0,90.0,90.0,0,0,1,0,0,0,1,0,0,0,0,1,0,0,0,6,15.0,6.0
20,Foden,MCI,8.0,1,1,90,0,0,90.0,90.0,1,0,0,1,0,0,0,0,0,0,1,1,0,1,0,8,11.3,8.0
20,Jorginho,ARS,4.6,1,1,64,0,1,64.0,64.0,0,0,0,1,0,0,0,0,0,1,0,0,0,0,0,2,32.0,2.0
20,Füllkrug,WHU,5.6,1,1,90,0,0,90.0,90.0,1,0,0,4,0,0,0,1,0,0,1,1,0,0,0,5,18.0,5.0
20,Gakpo,LIV,7.6,1,1,84,0,1,84.0,84.0,1,0,0,2,0,0,0,0,0,0,1,1,0,0,0,6,14.0,6.0
20,Gonçalo Guedes,WOL,5.5,1,1,74,0,1,74.0,74.0,0,0,0,2,0,0,0,0,0,1,0,0,0,0,0,2,37.0,2.0
20,Garnacho,MUN,6.4,1,0,26,1,0,26.0,0.0,0,0,0,0,0,0,0,0,0,0,0,0,0,0,0,1,26.0,0.0
20,Gibbs-White,NFO,7.3,1,1,87,0,1,87.0,87.0,1,0,1,0,0,0,0,0,0,0,1,1,0,0,0,8,10.9,8.0
20,Rodrigo Gomes,WOL,4.5,1,1,90,0,0,90.0,90.0,0,0,0,3,0,0,0,0,0,1,0,0,0,0,0,2,45.0,2.0
20,Beto,EVE,5.2,1,0,13,1,0,13.0,0.0,0,0,0,0,0,0,0,0,0,0,0,0,0,0,0,1,13.0,0.0
20,João Gomes,WOL,5.4,1,1,90,0,0,90.0,90.0,0,0,0,3,0,0,0,0,0,1,0,0,0,0,0,2,45.0,2.0
20,Gordon (Anthony),NEW,7.5,1,1,71,0,1,71.0,71.0,1,0,0,1,0,0,0,0,0,0,1,1,0,0,0,7,10.1,7.0
20,Gravenberch,LIV,5.6,1,1,90,0,0,90.0,90.0,0,0,0,2,0,0,0,0,0,1,0,0,0,0,0,2,45.0,2.0
20,Gray (Archie),TOT,4.8,1,1,90,0,0,90.0,90.0,0,0,0,2,0,0,0,0,0,1,0,0,0,0,0,2,45.0,2.0
20,Grealish,MCI,6.9,1,0,12,1,0,12.0,0.0,0,0,0,0,0,0,0,0,0,0,0,0,0,0,0,1,12.0,0.0
20,Greaves,IPS,3.8,1,1,90,0,0,90.0,90.0,0,0,0,2,0,0,0,0,0,1,0,0,0,0,0,1,90.0,1.0
20,Gruda,BHA,5.4,1,1,45,0,1,45.0,45.0,0,0,0,1,0,0,0,0,0,1,0,0,0,0,0,1,45.0,1.0
20,Marc Guehi,CRY,4.9,1,1,90,0,0,90.0,90.0,0,0,0,1,0,0,0,0,0,1,0,0,0,0,0,2,45.0,2.0
20,Gueye,EVE,5.4,1,1,80,0,1,80.0,80.0,0,0,0,1,0,0,0,0,0,1,0,0,0,0,0,2,40.0,2.0
20,Bruno Guimarães,NEW,6.5,1,1,90,0,0,90.0,90.0,0,1,0,1,0,0,0,0,0,0,1,1,0,1,0,6,15.0,6.0
20,Guiu,CHE,4.2,1,0,14,1,0,14.0,0.0,0,0,0,1,0,0,0,0,0,0,0,0,0,0,0,1,14.0,0.0
20,Gundogan,MCI,6.3,1,0,32,1,0,32.0,0.0,0,0,0,1,0,0,0,0,0,0,0,0,0,0,0,1,32.0,0.0
20,Gusto,CHE,4.9,1,1,90,0,0,90.0,90.0,0,0,0,1,0,0,0,0,0,1,0,0,0,0,0,2,45.0,2.0
20,Gvardiol,MCI,5.9,1,1,90,0,0,90.0,90.0,0,0,0,1,0,0,0,0,0,1,0,0,0,0,0,2,45.0,2.0
20,Haaland,MCI,14.8,1,1,79,0,1,79.0,79.0,2,0,0,1,0,0,0,0,0,0,2,2,0,3,1,13,6.1,13.0
20,Lewis Hall,NEW,5.2,1,1,90,0,0,90.0,90.0,0,0,0,1,0,0,0,0,0,1,0,0,0,0,0,2,45.0,2.0
20,Harwood-Bellis,SOU,3.9,1,1,90,0,0,90.0,90.0,0,0,0,5,0,0,0,1,0,1,0,0,0,0,0,0,0.0,0.0
20,Henderson,CRY,5.0,1,1,90,0,0,90.0,90.0,0,0,0,1,0,0,0,0,0,1,0,0,0,0,0,2,45.0,2.0
20,Hill (James),BOU,4.0,1,1,69,0,1,69.0,69.0,0,0,1,0,0,0,0,0,0,0,0,1,0,0,0,6,11.5,6.0
20,Hudson-Odoi,NFO,5.8,1,1,90,0,0,90.0,90.0,0,1,1,0,0,0,0,0,0,0,1,1,0,0,0,6,15.0,6.0
20,Huijsen,BOU,4.5,1,1,90,0,0,90.0,90.0,0,0,1,0,0,0,0,0,0,0,0,1,0,2,0,8,11.3,8.0
20,Hwang Hee-Chan,WOL,5.8,1,1,74,0,1,74.0,74.0,0,0,0,2,0,0,0,0,0,1,0,0,0,0,0,2,37.0,2.0
20,Højlund,MUN,6.3,1,1,85,0,1,85.0,85.0,0,0,0,2,0,0,0,0,0,1,0,0,0,0,0,2,42.5,2.0
20,Ings,WHU,4.8,1,0,10,1,0,10.0,0.0,0,0,0,0,0,0,0,0,0,0,0,0,0,0,0,1,10.0,0.0
20,Isak,NEW,10.4,1,1,77,0,1,77.0,77.0,1,0,0,1,0,0,0,1,0,0,1,1,0,2,0,7,11.0,7.0
20,Iwobi,FUL,6.5,1,1,63,0,1,63.0,63.0,0,0,0,1,0,0,0,0,0,1,0,0,0,0,0,2,31.5,2.0
20,Jackson (Nicolas),CHE,6.5,1,1,80,0,1,80.0,80.0,0,0,1,0,0,0,0,0,0,1,0,0,0,0,0,2,40.0,2.0
20,Janelt,BRE,4.9,1,0,23,1,0,23.0,0.0,0,0,0,0,0,0,0,0,0,0,0,0,0,0,0,1,23.0,0.0
20,Jensen,BRE,4.9,1,1,70,0,1,70.0,70.0,0,0,1,0,0,0,0,0,0,1,0,0,0,0,0,3,23.3,3.0
20,Raúl Jiménez,FUL,6.2,1,1,90,0,0,90.0,90.0,2,0,0,2,0,0,0,0,0,0,2,2,0,3,1,13,6.9,13.0
20,Johnson (Ben),IPS,3.8,1,1,78,0,1,78.0,78.0,0,0,0,1,0,0,0,1,0,1,0,0,0,0,0,1,78.0,1.0
20,Johnson (Brennan),TOT,6.7,1,1,90,0,0,90.0,90.0,0,0,0,2,0,0,0,0,0,1,0,0,0,0,0,2,45.0,2.0
20,Jones,LIV,5.4,1,1,60,0,1,60.0,60.0,0,0,0,1,0,0,0,0,0,1,0,0,0,0,0,2,30.0,2.0
20,João Pedro,BHA,7.4,1,1,90,0,0,90.0,90.0,1,0,0,1,0,0,0,0,0,0,1,1,0,3,0,9,10.0,9.0
20,Justin,LEI,4.0,1,1,90,0,0,90.0,90.0,0,0,0,2,0,0,0,0,0,1,0,0,0,0,0,1,90.0,1.0
20,Kamada,CRY,5.0,1,0,26,1,0,26.0,0.0,0,0,0,0,0,0,0,0,0,0,0,0,0,0,0,1,26.0,0.0
20,Kamara,AVL,4.9,1,1,90,0,0,90.0,90.0,0,0,0,1,0,0,0,0,0,1,0,0,0,0,0,2,45.0,2.0
20,Kelly,NEW,4.2,1,0,11,1,0,11.0,0.0,0,0,0,0,0,0,0,0,0,0,0,0,0,0,0,1,11.0,0.0
20,Kerkez,BOU,5.8,1,1,90,0,0,90.0,90.0,0,1,1,0,0,0,0,0,0,0,1,2,0,3,1,12,7.5,12.0
20,Kilman,WHU,4.3,1,1,90,0,0,90.0,90.0,0,0,0,4,0,0,0,0,0,1,0,0,0,0,0,0,0.0,0.0
20,Kluivert,BOU,7.0,1,1,69,0,1,69.0,69.0,0,0,1,0,0,0,0,0,0,1,0,0,0,0,0,3,23.0,3.0
20,Konaté,LIV,5.4,1,1,90,0,0,90.0,90.0,0,0,0,2,0,0,0,0,0,1,0,0,0,0,0,1,90.0,1.0
20,Konsa Ngoyo,AVL,4.4,1,1,90,0,0,90.0,90.0,0,0,0,1,0,0,0,0,0,1,0,0,0,0,0,2,45.0,2.0
20,Kovacic,MCI,5.9,1,1,59,0,1,59.0,59.0,0,0,1,0,0,0,0,1,0,1,0,0,0,0,0,2,29.5,2.0
20,Kudus,WHU,6.8,1,1,70,0,1,70.0,70.0,0,0,0,4,0,0,0,0,0,1,0,0,0,0,0,2,35.0,2.0
20,Kulusevski,TOT,6.4,1,1,90,0,0,90.0,90.0,0,0,0,2,0,0,0,0,0,1,0,0,0,0,0,2,45.0,2.0
20,Lacroix,CRY,5.0,1,1,90,0,0,90.0,90.0,0,0,0,1,0,0,0,0,0,1,0,0,0,0,0,2,45.0,2.0
20,Lallana,SOU,5.0,1,0,9,1,0,9.0,0.0,0,0,0,2,0,0,0,0,0,0,0,0,0,0,0,1,9.0,0.0
20,Lemina (Mario),WOL,4.8,1,0,37,1,0,37.0,0.0,0,0,0,1,0,0,0,0,0,0,0,0,0,0,0,1,37.0,0.0
20,Leno,FUL,5.0,1,1,90,0,0,90.0,90.0,0,0,0,2,0,0,1,0,0,1,0,0,0,0,0,1,90.0,1.0
20,Lerma,CRY,4.9,1,1,90,0,0,90.0,90.0,0,0,0,1,0,0,0,0,0,1,0,0,0,0,0,2,45.0,2.0
20,Lewis (Rico),MCI,4.9,1,1,90,0,0,90.0,90.0,0,0,0,1,0,0,0,0,0,1,0,0,0,0,0,2,45.0,2.0
20,Lewis-Potter,BRE,4.9,1,1,90,0,0,90.0,90.0,1,0,1,0,0,0,0,0,0,0,1,1,0,0,0,8,11.3,8.0
20,Lindstrom,EVE,5.0,1,1,45,0,1,45.0,45.0,0,0,0,0,0,0,0,0,0,1,0,0,0,0,0,1,45.0,1.0
20,Luis Guilherme,WHU,4.9,1,0,21,1,0,21.0,0.0,0,0,0,0,0,0,0,0,0,0,0,0,0,0,0,1,21.0,0.0
20,Livramento,NEW,4.9,1,1,90,0,0,90.0,90.0,0,0,0,1,0,0,0,0,0,1,0,0,0,0,0,2,45.0,2.0
20,Longstaff (Sean),NEW,4.9,1,0,15,1,0,15.0,0.0,0,0,0,0,0,0,0,0,0,0,0,0,0,0,0,1,15.0,0.0
20,Lukic,FUL,5.0,1,1,78,0,1,78.0,78.0,0,0,0,2,0,0,0,0,0,1,0,0,0,0,0,2,39.0,2.0
20,Maatsen,AVL,4.3,1,0,20,1,0,20.0,0.0,0,1,0,0,0,0,0,0,0,0,1,1,0,0,0,4,5.0,0.0
20,Mac Allister,LIV,6.3,1,1,90,0,0,90.0,90.0,0,2,0,2,0,0,0,0,0,0,2,2,0,2,1,10,9.0,10.0
20,Maddison,TOT,6.9,1,0,35,1,0,35.0,0.0,0,0,0,0,0,0,0,0,0,0,0,0,0,0,0,1,35.0,0.0
20,Madueke,CHE,6.8,1,0,9,1,0,9.0,0.0,0,0,0,0,0,0,0,0,0,0,0,0,0,0,0,1,9.0,0.0
20,Maghoma,BRE,4.5,1,0,12,1,0,12.0,0.0,0,0,0,0,0,0,0,0,0,0,0,0,0,0,0,1,12.0,0.0
20,Maguire,MUN,4.4,1,1,90,0,0,90.0,90.0,0,0,0,2,0,0,0,1,0,1,0,0,0,0,0,0,0.0,0.0
20,Mainoo,MUN,4.8,1,1,70,0,1,70.0,70.0,0,0,0,2,0,0,0,0,0,1,0,0,0,0,0,2,35.0,2.0
20,José Sá,WOL,4.4,1,1,90,0,0,90.0,90.0,0,0,0,3,0,0,0,0,0,1,0,0,0,0,0,1,90.0,1.0
20,Mangala,EVE,5.0,1,1,45,0,1,45.0,45.0,0,0,0,0,0,0,0,0,0,1,0,0,0,0,0,1,45.0,1.0
20,Martinelli,ARS,6.9,1,0,45,1,0,45.0,0.0,0,0,0,1,0,0,0,0,0,0,0,0,0,0,0,1,45.0,0.0
20,Martinez,AVL,5.0,1,1,90,0,0,90.0,90.0,0,0,0,1,0,0,1,0,0,1,0,0,0,0,0,2,45.0,2.0
20,Martínez,MUN,4.8,1,1,90,0,0,90.0,90.0,1,0,0,2,0,0,0,0,0,0,1,1,0,0,0,7,12.9,7.0
20,Mateta,CRY,7.7,1,1,90,0,0,90.0,90.0,1,0,0,1,0,0,0,0,0,0,1,1,0,2,0,8,11.3,8.0
20,Mavididi,LEI,5.0,1,1,90,0,0,90.0,90.0,1,0,0,2,0,0,0,0,0,0,1,1,0,0,0,7,12.9,7.0
20,Mavropanos,WHU,4.4,1,0,39,1,0,39.0,0.0,0,0,0,2,0,0,0,0,0,0,0,0,0,0,0,0,0.0,0.0
20,Mazraoui,MUN,4.9,1,1,90,0,0,90.0,90.0,0,0,0,2,0,0,0,0,0,1,0,0,0,0,0,1,90.0,1.0
20,Mbeumo,BRE,8.2,1,1,90,0,0,90.0,90.0,2,1,1,0,0,0,0,0,0,0,3,3,0,3,1,19,4.7,19.0
20,Mcatee,MCI,5.2,1,0,16,1,0,16.0,0.0,0,0,0,0,0,0,0,0,0,0,0,0,0,0,0,1,16.0,0.0
20,McGinn,AVL,5.4,1,1,17,0,1,17.0,17.0,0,0,0,0,0,0,0,0,0,1,0,0,0,0,0,1,17.0,1.0
20,Merino,ARS,5.9,1,1,90,0,0,90.0,90.0,0,1,0,1,0,0,0,1,0,0,1,1,0,0,0,4,22.5,4.0
20,Milenkovic,NFO,5.2,1,1,90,0,0,90.0,90.0,0,0,1,0,0,0,0,0,0,0,0,1,0,0,0,6,15.0,6.0
20,Mings,AVL,4.4,1,1,90,0,0,90.0,90.0,0,0,0,1,0,0,0,0,0,1,0,0,0,0,0,2,45.0,2.0
20,Minteh,BHA,6.0,1,0,45,1,0,45.0,0.0,0,0,0,0,0,0,0,1,0,0,0,0,0,0,0,0,0.0,0.0
20,Mitchell,CRY,5.0,1,1,90,0,0,90.0,90.0,0,0,0,1,0,0,0,0,0,1,0,0,0,0,0,2,45.0,2.0
20,Mitoma,BHA,6.2,1,0,32,1,0,32.0,0.0,0,0,0,0,0,0,0,0,0,0,0,0,0,0,0,1,32.0,0.0
20,Savinho,MCI,6.9,1,1,75,0,1,75.0,75.0,0,3,0,1,0,0,0,0,0,0,3,3,0,2,1,13,5.8,13.0
20,Morsy,IPS,4.8,1,1,90,0,0,90.0,90.0,0,0,0,2,0,0,0,1,0,1,0,0,0,0,0,1,90.0,1.0
20,Rodrigo Muniz,FUL,5.4,1,0,34,1,0,34.0,0.0,0,0,0,1,0,0,0,0,0,0,0,0,0,0,0,1,34.0,0.0
20,Muñoz,CRY,5.7,1,1,90,0,0,90.0,90.0,0,0,0,1,0,0,0,0,0,1,0,0,0,0,0,2,45.0,2.0
20,Murphy (Jacob),NEW,6.1,1,1,77,0,1,77.0,77.0,0,1,0,1,0,0,0,0,0,0,1,1,0,0,0,5,15.4,5.0
20,Mykolenko,EVE,4.9,1,1,90,0,0,90.0,90.0,0,0,0,1,0,0,0,0,0,1,0,0,0,0,0,2,45.0,2.0
20,Ndiaye,EVE,6.5,1,1,90,0,0,90.0,90.0,0,0,0,1,0,0,0,0,0,1,0,0,0,0,0,2,45.0,2.0
20,Neto,CHE,7.0,1,1,90,0,0,90.0,90.0,0,0,0,1,0,0,0,0,0,1,0,0,0,0,0,2,45.0,2.0
20,Eddie Nketiah,CRY,5.4,1,0,8,1,0,8.0,0.0,0,0,0,0,0,0,0,0,0,0,0,0,0,0,0,1,8.0,0.0
20,Norgaard,BRE,5.2,1,1,80,0,1,80.0,80.0,0,0,1,0,0,0,0,0,0,1,0,0,0,0,0,3,26.7,3.0
20,Núñez,LIV,6.5,1,0,36,1,0,36.0,0.0,0,0,0,1,0,0,0,1,0,0,0,0,0,0,0,0,0.0,0.0
20,Nwaneri,ARS,5.2,1,1,45,0,1,45.0,45.0,1,0,0,0,0,0,0,1,0,0,1,1,0,1,0,6,7.5,6.0
20,O'Shea,IPS,3.8,1,1,90,0,0,90.0,90.0,0,0,0,2,0,0,0,1,0,1,0,0,0,0,0,0,0.0,0.0
20,Odegaard,ARS,7.9,1,0,32,1,0,32.0,0.0,0,0,0,0,0,0,0,0,0,0,0,0,0,0,0,1,32.0,0.0
20,Okoli,LEI,4.0,1,0,14,1,0,14.0,0.0,0,0,0,0,0,0,0,0,0,0,0,0,0,0,0,1,14.0,0.0
20,Onana,MUN,4.9,1,1,90,0,0,90.0,90.0,0,0,0,2,0,0,4,0,0,1,0,0,0,0,0,2,45.0,2.0
20,Paul Onuachu,SOU,4.9,1,1,54,0,1,54.0,54.0,0,0,0,1,0,0,0,0,0,1,0,0,0,0,0,1,54.0,1.0
20,Ortega Moreno,MCI,4.8,1,1,90,0,0,90.0,90.0,0,0,0,1,0,0,3,0,0,1,0,0,0,0,0,3,30.0,3.0
20,Dango Ouattara,BOU,6.0,1,1,70,0,1,70.0,70.0,0,0,1,0,0,0,0,0,0,1,0,0,0,0,0,3,23.3,3.0
20,O’Riley,BHA,5.5,1,1,45,0,1,45.0,45.0,0,0,0,1,0,0,0,0,0,1,0,0,0,0,0,1,45.0,1.0
20,Palmer (Cole),CHE,10.3,1,1,90,0,0,90.0,90.0,1,0,0,1,0,0,0,0,0,0,1,1,0,3,1,10,9.0,10.0
20,Partey,ARS,4.9,1,1,90,0,0,90.0,90.0,0,0,0,1,0,0,0,0,0,1,0,0,0,0,0,2,45.0,2.0
20,Patterson (Nathan),EVE,4.4,1,0,45,1,0,45.0,0.0,0,0,0,1,0,0,0,0,0,0,0,0,0,0,0,1,45.0,0.0
20,Pereira,FUL,5.3,1,0,34,1,0,34.0,0.0,0,0,0,1,0,0,0,1,0,0,0,0,0,0,0,0,0.0,0.0
20,Phillips (Kalvin),IPS,4.8,1,0,26,1,0,26.0,0.0,0,0,0,1,0,0,0,0,0,0,0,0,0,0,0,1,26.0,0.0
20,Pickford,EVE,5.5,1,1,90,0,0,90.0,90.0,0,0,0,1,0,0,7,0,0,0,0,0,0,0,0,4,22.5,4.0
20,Porro,TOT,5.5,1,1,90,0,0,90.0,90.0,0,1,0,2,0,0,0,0,0,0,1,1,0,0,0,4,22.5,4.0
20,Ramsdale,SOU,4.8,1,1,90,0,0,90.0,90.0,0,0,0,5,0,0,5,0,0,1,0,0,0,0,0,1,90.0,1.0
20,Alisson,LIV,5.4,1,1,90,0,0,90.0,90.0,0,0,0,2,0,0,2,0,0,1,0,0,0,0,0,1,90.0,1.0
20,Ramsey (Jacob),AVL,5.3,1,0,74,1,0,74.0,0.0,0,0,0,1,0,0,0,0,0,0,0,0,0,0,0,2,37.0,0.0
20,Raya Martin,ARS,5.8,1,1,90,0,0,90.0,90.0,0,0,0,1,0,0,3,0,0,1,0,0,0,0,0,3,30.0,3.0
20,Reguilón,TOT,4.1,1,0,45,1,0,45.0,0.0,0,0,0,0,0,0,0,1,0,0,0,0,0,0,0,0,0.0,0.0
20,Rice,ARS,6.7,1,1,90,0,0,90.0,90.0,0,0,0,1,0,0,0,0,0,0,0,0,0,2,0,4,22.5,4.0
20,Richards (Chris),CRY,4.5,1,1,90,0,0,90.0,90.0,0,0,0,1,0,0,0,0,0,1,0,0,0,0,0,2,45.0,2.0
20,Robertson,LIV,5.8,1,1,90,0,0,90.0,90.0,0,0,0,2,0,0,0,0,0,1,0,0,0,0,0,1,90.0,1.0
20,Robinson (Antonee),FUL,4.9,1,1,90,0,0,90.0,90.0,0,0,0,2,0,0,0,0,0,1,0,0,0,0,0,1,90.0,1.0
20,Morato,NFO,4.4,1,0,36,1,0,36.0,0.0,0,0,0,0,0,0,0,0,0,0,0,0,0,0,0,1,36.0,0.0
20,Roerslev,BRE,4.5,1,1,90,0,0,90.0,90.0,0,0,1,0,0,0,0,0,0,0,0,1,0,0,0,6,15.0,6.0
20,Rutter,BHA,5.7,1,0,45,1,0,45.0,0.0,0,0,0,0,0,0,0,0,0,0,0,0,0,0,0,1,45.0,0.0
20,Salah,LIV,14.3,1,1,90,0,0,90.0,90.0,1,0,0,2,0,0,0,0,0,0,1,1,0,0,0,7,12.9,7.0
20,Saliba,ARS,6.0,1,1,90,0,0,90.0,90.0,0,0,0,1,0,0,0,0,0,1,0,0,0,0,0,2,45.0,2.0
20,Sanchez,CHE,4.9,1,1,90,0,0,90.0,90.0,0,0,0,1,0,0,5,0,0,1,0,0,0,0,0,3,30.0,3.0
20,Sancho,MUN,5.8,1,1,86,0,1,86.0,86.0,0,1,0,1,0,0,0,0,0,0,1,1,0,1,0,6,14.3,6.0
20,Murillo,NFO,5.3,1,1,90,0,0,90.0,90.0,0,0,1,0,0,0,0,0,0,0,0,1,0,3,0,9,10.0,9.0
20,Sarabia,WOL,5.0,1,0,21,1,0,21.0,0.0,0,0,0,1,0,0,0,0,0,0,0,0,0,0,0,1,21.0,0.0
20,Ismaila Sarr,CRY,6.6,1,1,90,0,0,90.0,90.0,0,0,0,1,0,0,0,0,0,1,0,0,0,0,0,2,45.0,2.0
20,Sarr (Pape),TOT,4.9,1,1,57,0,1,57.0,57.0,0,0,0,2,0,0,0,0,0,1,0,0,0,0,0,2,28.5,2.0
20,Schade,BRE,7.0,1,1,80,0,1,80.0,80.0,1,0,1,0,0,0,0,0,0,0,1,1,0,0,0,8,10.0,8.0
20,Sels,NFO,4.8,1,1,90,0,0,90.0,90.0,0,0,1,0,0,0,5,0,0,0,0,1,0,2,0,9,10.0,9.0
20,Semenyo,BOU,8.1,1,1,90,0,0,90.0,90.0,0,0,1,0,0,0,0,0,0,1,0,0,0,0,0,3,30.0,3.0
20,Smith-Rowe,FUL,5.7,1,0,45,1,0,45.0,0.0,0,0,0,1,0,0,0,0,0,0,0,0,0,0,0,1,45.0,0.0
20,Solanke,TOT,7.2,1,1,90,0,0,90.0,90.0,1,0,0,2,0,0,0,0,0,0,1,1,0,3,0,9,10.0,9.0
20,Son,TOT,8.5,1,0,36,1,0,36.0,0.0,0,0,0,0,0,0,0,0,0,0,0,0,0,0,0,1,36.0,0.0
20,Soucek,WHU,5.7,1,1,90,0,0,90.0,90.0,0,1,0,4,0,0,0,0,0,0,1,1,0,0,0,5,18.0,5.0
20,Soumaré,LEI,4.4,1,1,90,0,0,90.0,90.0,0,0,0,2,0,0,0,1,0,1,0,0,0,0,0,1,90.0,1.0
20,Spence,TOT,4.5,1,1,90,0,0,90.0,90.0,0,0,0,2,0,0,0,0,0,1,0,0,0,0,0,1,90.0,1.0
20,Stolarczyk,LEI,4.0,1,1,90,0,0,90.0,90.0,0,0,0,2,0,0,3,0,0,1,0,0,0,0,0,2,45.0,2.0
20,Strand Larsen,WOL,6.4,1,1,90,0,0,90.0,90.0,0,0,0,3,0,0,0,0,0,1,0,0,0,0,0,2,45.0,2.0
20,Sugawara,SOU,4.2,1,0,45,1,0,45.0,0.0,0,0,0,4,0,0,0,0,0,0,0,0,0,0,0,0,0.0,0.0
20,Sulemana,SOU,5.0,1,1,54,0,1,54.0,54.0,0,0,0,1,0,0,0,0,0,1,0,0,0,0,0,1,54.0,1.0
20,Summerville,WHU,5.5,1,1,90,0,0,90.0,90.0,0,0,0,4,0,0,0,0,0,1,0,0,0,0,0,2,45.0,2.0
20,Szmodics,IPS,5.7,1,1,71,0,1,71.0,71.0,1,0,0,1,0,0,0,0,0,0,1,1,0,0,0,7,10.1,7.0
20,Tarkowski,EVE,5.5,1,1,90,0,0,90.0,90.0,0,0,0,1,0,0,0,0,0,1,0,0,0,0,0,2,45.0,2.0
20,Taylor (Charlie),SOU,3.9,1,0,45,1,0,45.0,0.0,0,0,0,4,0,0,0,0,0,0,0,0,0,0,0,0,0.0,0.0
20,Taylor (Jack),IPS,4.8,1,0,26,1,0,26.0,0.0,0,0,0,1,0,0,0,0,0,0,0,0,0,0,0,1,26.0,0.0
20,Diogo Jota,LIV,7.2,1,0,36,1,0,36.0,0.0,0,0,0,1,0,0,0,0,0,0,0,0,0,0,0,1,36.0,0.0
20,Thomas,LEI,3.9,1,1,88,0,1,88.0,88.0,0,0,0,2,0,0,0,0,0,1,0,0,0,0,0,1,88.0,1.0
20,Tielemans,AVL,5.9,1,1,90,0,0,90.0,90.0,0,0,0,1,0,0,0,0,0,1,0,0,0,0,0,2,45.0,2.0
20,Todibo,WHU,4.3,1,1,51,0,1,51.0,51.0,0,0,0,2,0,0,0,0,0,1,0,0,0,0,0,0,0.0,0.0
20,Lucas Paquetá,WHU,5.9,1,1,90,0,0,90.0,90.0,0,0,0,4,0,0,0,0,0,1,0,0,0,0,0,2,45.0,2.0
20,Tonali,NEW,5.4,1,1,90,0,0,90.0,90.0,0,0,0,1,0,0,0,0,0,1,0,0,0,0,0,2,45.0,2.0
20,Traoré (Adama),FUL,5.2,1,0,19,1,0,19.0,0.0,0,0,0,0,0,0,0,0,0,0,0,0,0,0,0,1,19.0,0.0
20,Amad Diallo,MUN,6.3,1,1,90,0,0,90.0,90.0,1,0,0,2,0,0,0,1,0,0,1,1,0,3,0,9,10.0,9.0
20,Travers,BOU,4.4,1,1,90,0,0,90.0,90.0,0,0,1,0,0,0,0,0,0,0,0,1,0,0,0,6,15.0,6.0
20,Trossard,ARS,6.9,1,1,90,0,0,90.0,90.0,0,0,0,1,0,0,0,0,0,1,0,0,0,0,0,2,45.0,2.0
20,Ugarte,MUN,4.8,1,1,90,0,0,90.0,90.0,0,0,0,2,0,0,0,0,0,1,0,0,0,0,0,2,45.0,2.0
20,Ugochukwu,SOU,5.0,1,1,90,0,0,90.0,90.0,0,0,0,5,0,0,0,0,0,1,0,0,0,0,0,2,45.0,2.0
20,Unal,BOU,5.4,1,0,24,1,0,24.0,0.0,0,0,0,0,0,0,0,0,0,0,0,0,0,0,0,1,24.0,0.0
20,van den Berg,BRE,4.5,1,1,90,0,0,90.0,90.0,0,1,1,0,0,0,0,0,0,0,1,2,0,1,1,10,9.0,10.0
20,van Dijk,LIV,6.0,1,1,90,0,0,90.0,90.0,0,0,0,2,0,0,0,0,0,1,0,0,0,0,0,1,90.0,1.0
20,van Hecke,BHA,4.4,1,1,90,0,0,90.0,90.0,0,0,0,1,0,0,0,0,0,1,0,0,0,0,0,2,45.0,2.0
20,Vardy,LEI,5.4,1,1,90,0,0,90.0,90.0,0,1,0,2,0,0,0,0,0,0,1,1,0,0,0,5,18.0,5.0
20,Bernardo Silva,MCI,6.3,1,1,90,0,0,90.0,90.0,0,0,0,1,0,0,0,0,0,1,0,0,0,0,0,2,45.0,2.0
20,Veltman,BHA,4.4,1,1,90,0,0,90.0,90.0,0,0,0,1,0,0,0,1,0,1,0,0,0,0,0,1,90.0,1.0
20,Verbruggen,BHA,4.4,1,1,90,0,0,90.0,90.0,0,0,0,1,0,0,2,0,0,1,0,0,0,0,0,2,45.0,2.0
20,Vestergaard,LEI,3.9,1,1,61,0,1,61.0,61.0,0,0,0,1,0,0,0,0,0,1,0,0,0,0,0,2,30.5,2.0
20,Walker,MCI,4.4,1,0,32,1,0,32.0,0.0,0,0,0,1,0,0,0,1,0,0,0,0,0,0,0,0,0.0,0.0
20,Walker-Peters,SOU,4.4,1,1,90,0,0,90.0,90.0,0,0,0,5,0,0,0,1,0,1,0,0,0,0,0,0,0.0,0.0
20,Walton,IPS,4.3,1,1,90,0,0,90.0,90.0,0,0,0,2,0,0,2,0,0,1,0,0,0,0,0,1,90.0,1.0
20,Wan-Bissaka,WHU,4.3,1,1,90,0,0,90.0,90.0,0,0,0,4,0,0,0,0,0,1,0,0,0,0,0,0,0.0,0.0
20,Ward-Prowse,WHU,5.7,1,0,8,1,0,8.0,0.0,0,1,0,0,0,0,0,0,0,0,1,1,0,0,0,4,2.0,0.0
20,Watkins,AVL,8.5,1,1,90,0,0,90.0,90.0,0,0,0,1,0,0,0,0,0,1,0,0,0,0,0,2,45.0,2.0
20,Webster,BHA,4.4,1,0,30,1,0,30.0,0.0,0,0,0,0,0,0,0,0,0,0,0,0,0,0,0,1,30.0,0.0
20,Werner,TOT,6.2,1,1,57,0,1,57.0,57.0,0,0,0,2,0,0,0,0,0,1,0,0,0,0,0,2,28.5,2.0
20,Williams (Neco),NFO,4.7,1,1,90,0,0,90.0,90.0,0,0,1,0,0,0,0,0,0,0,0,1,0,0,0,6,15.0,6.0
20,Willock,NEW,5.0,1,0,16,1,0,16.0,0.0,0,0,0,0,0,0,0,0,0,0,0,0,0,0,0,1,16.0,0.0
20,Wilson (Harry),FUL,5.3,1,1,90,0,0,90.0,90.0,0,1,0,2,0,0,0,0,0,0,1,1,0,1,0,6,15.0,6.0
20,Winks,LEI,4.3,1,1,90,0,0,90.0,90.0,0,0,0,2,0,0,0,0,0,1,0,0,0,0,0,2,45.0,2.0
20,Wissa,BRE,7.4,1,1,90,0,0,90.0,90.0,1,1,1,0,0,0,0,0,0,0,2,2,0,2,1,11,8.2,11.0
20,Wood (Chris),NFO,7.2,1,1,87,0,1,87.0,87.0,1,0,1,0,0,0,0,0,0,0,1,1,0,2,0,8,10.9,8.0
20,Wood (Nathan),SOU,3.9,1,1,45,0,1,45.0,45.0,0,0,0,1,0,0,0,0,0,1,0,0,0,0,0,1,45.0,1.0
20,Woolfenden,IPS,3.9,1,1,90,0,0,90.0,90.0,0,0,0,2,0,0,0,0,0,1,0,0,0,0,0,1,90.0,1.0
20,Yarmolyuk,BRE,5.0,1,0,12,1,0,12.0,0.0,0,0,0,0,0,0,0,0,0,0,0,0,0,0,0,1,12.0,0.0
20,Yates,NFO,4.8,1,0,26,1,0,26.0,0.0,0,0,0,0,0,0,0,0,0,0,0,0,0,0,0,1,26.0,0.0
20,Yoro,MUN,4.4,1,0,14,1,0,14.0,0.0,0,0,0,0,0,0,0,0,0,0,0,0,0,0,0,1,14.0,0.0
20,Young (Ashley),EVE,4.2,1,1,90,0,0,90.0,90.0,0,0,0,1,0,0,0,0,0,1,0,0,0,0,0,2,45.0,2.0
20,Zabarnyi,BOU,5.0,1,1,90,0,0,90.0,90.0,0,0,1,0,0,0,0,0,0,0,0,1,0,1,0,7,12.9,7.0
20,Zirkzee,MUN,5.8,1,0,11,1,0,11.0,0.0,0,0,0,0,0,0,0,0,0,0,0,0,0,0,0,1,11.0,0.0
21,Acheampong,CHE,3.9,1,1,67,0,1,67.0,67.0,0,0,0,2,0,0,0,0,0,1,0,0,0,0,0,1,67.0,1.0
21,Adams (Tyler),BOU,5.0,1,1,90,0,0,90.0,90.0,0,0,0,2,0,0,0,0,0,1,0,0,0,0,0,2,45.0,2.0
21,Tosin,CHE,4.4,1,0,29,1,0,29.0,0.0,0,0,0,0,0,0,0,0,0,0,0,0,0,0,0,1,29.0,0.0
21,Adingra,BHA,5.1,1,1,61,0,1,61.0,61.0,0,0,1,0,0,0,0,0,0,1,0,0,0,0,0,3,20.3,3.0
21,Agbadou,WOL,4.4,1,1,90,0,0,90.0,90.0,0,0,0,3,0,0,0,1,0,1,0,0,0,0,0,0,0.0,0.0
21,Aina,NFO,4.7,1,1,90,0,0,90.0,90.0,0,0,0,1,0,0,0,0,0,1,0,0,0,0,0,2,45.0,2.0
21,Ait Nouri,WOL,5.8,1,1,90,0,0,90.0,90.0,0,0,0,3,0,0,0,0,0,1,0,0,0,0,0,1,90.0,1.0
21,Akanji,MCI,5.4,1,1,90,0,0,90.0,90.0,0,0,0,2,0,0,0,0,0,1,0,0,0,0,0,1,90.0,1.0
21,Aké,MCI,5.4,1,1,90,0,0,90.0,90.0,0,0,0,2,0,0,0,0,0,1,0,0,0,0,0,1,90.0,1.0
21,Alexander-Arnold,LIV,7.2,1,1,90,0,0,90.0,90.0,0,0,0,1,0,0,0,0,0,1,0,0,0,0,0,2,45.0,2.0
21,Almirón,NEW,5.4,1,0,20,1,0,20.0,0.0,0,0,0,0,0,0,0,0,0,0,0,0,0,0,0,1,20.0,0.0
21,Álvarez (Edson),WHU,4.9,1,1,90,0,0,90.0,90.0,0,0,0,2,0,0,0,0,0,1,0,0,0,0,0,2,45.0,2.0
21,Andersen,FUL,4.5,1,1,90,0,0,90.0,90.0,0,0,0,3,0,0,0,0,0,1,0,0,0,0,0,1,90.0,1.0
21,Anderson,NFO,5.3,1,1,90,0,0,90.0,90.0,0,0,0,1,0,0,0,0,0,1,0,0,0,0,0,2,45.0,2.0
21,Joelinton,NEW,5.9,1,1,81,0,1,81.0,81.0,0,0,1,0,0,0,0,0,0,1,0,0,0,0,0,3,27.0,3.0
21,Aribo,SOU,4.9,1,1,71,0,1,71.0,71.0,0,0,1,0,0,0,0,0,0,1,0,0,0,0,0,3,23.7,3.0
21,Armstrong (Adam),SOU,5.1,1,0,23,1,0,23.0,0.0,0,0,0,3,0,0,0,0,0,0,0,0,0,0,0,1,23.0,0.0
21,Awoniyi,NFO,5.2,1,0,8,1,0,8.0,0.0,0,0,0,0,0,0,0,0,0,0,0,0,0,0,0,1,8.0,0.0
21,Ayari,BHA,4.9,1,1,90,0,1,90.0,90.0,0,0,1,0,0,0,0,0,0,1,0,0,0,0,0,3,30.0,3.0
21,Ayew,LEI,5.1,1,0,15,1,0,15.0,0.0,0,0,0,0,0,0,0,0,0,0,0,0,0,0,0,1,15.0,0.0
21,Baleba,BHA,4.7,1,1,90,0,0,90.0,90.0,0,0,1,0,0,0,0,0,0,1,0,0,0,0,0,3,30.0,3.0
21,Bassey,FUL,4.5,1,1,90,0,0,90.0,90.0,0,0,0,3,0,0,0,0,0,1,0,0,0,0,0,1,90.0,1.0
21,Bednarek,SOU,4.0,1,1,81,0,1,81.0,81.0,0,0,0,1,0,0,0,0,0,1,0,0,0,0,0,2,40.5,2.0
21,Bellegarde,WOL,5.2,1,0,29,1,0,29.0,0.0,0,0,0,1,0,0,0,0,0,0,0,0,0,0,0,1,29.0,0.0
21,Bergvall,TOT,5.4,1,1,90,0,0,90.0,90.0,0,0,0,2,0,0,0,0,0,1,0,0,0,0,0,2,45.0,2.0
21,Bissouma,TOT,5.2,1,1,45,0,1,45.0,45.0,0,0,0,2,0,0,0,0,0,1,0,0,0,0,0,1,45.0,1.0
21,Bruno Fernandes,MUN,8.9,1,1,90,0,0,90.0,90.0,0,0,0,1,0,0,0,0,0,0,0,0,0,2,0,4,22.5,4.0
21,Botman,NEW,4.9,1,1,90,0,0,90.0,90.0,0,0,1,0,0,0,0,0,0,0,0,1,0,0,0,6,15.0,6.0
21,Branthwaite,EVE,5.3,1,1,90,0,0,90.0,90.0,0,0,0,1,0,0,0,0,0,1,0,0,0,0,0,2,45.0,2.0
21,Bree,SOU,3.9,1,1,90,0,0,90.0,90.0,0,0,0,3,0,0,0,0,0,1,0,0,0,0,0,1,90.0,1.0
21,Broadhead,IPS,4.9,1,1,90,0,0,90.0,90.0,0,0,0,2,0,0,0,0,0,1,0,0,0,0,0,2,45.0,2.0
21,Brooks,BOU,5.0,1,1,79,0,1,79.0,79.0,0,0,0,1,0,0,0,1,0,1,0,0,0,0,0,1,79.0,1.0
21,Buendía,AVL,5.3,1,0,14,1,0,14.0,0.0,0,0,0,0,0,0,0,0,0,0,0,0,0,0,0,1,14.0,0.0
21,Bueno (Santiago),WOL,4.4,1,1,90,0,0,90.0,90.0,0,0,0,3,0,0,0,0,0,1,0,0,0,0,0,1,90.0,1.0
21,Buonanotte,LEI,4.8,1,1,66,0,1,66.0,66.0,0,0,0,1,0,0,0,0,0,1,0,0,0,0,0,2,33.0,2.0
21,Burn,NEW,5.1,1,1,90,0,0,90.0,90.0,0,0,1,0,0,0,0,0,0,0,0,1,0,0,0,6,15.0,6.0
21,Burns,IPS,4.7,1,1,69,0,1,69.0,69.0,0,0,0,1,0,0,0,0,0,1,0,0,0,0,0,2,34.5,2.0
21,Moises Caicedo,CHE,5.9,1,1,78,0,1,78.0,78.0,0,0,0,2,0,0,0,0,0,1,0,0,0,0,0,2,39.0,2.0
21,Cairney,FUL,4.9,1,0,28,1,0,28.0,0.0,0,0,0,0,0,0,0,0,0,0,0,0,0,0,0,1,28.0,0.0
21,Cajuste,IPS,4.5,1,1,69,0,1,69.0,69.0,0,0,0,1,0,0,0,0,0,1,0,0,0,0,0,2,34.5,2.0
21,Calvert-Lewin,EVE,5.5,1,1,90,0,0,90.0,90.0,0,0,0,1,0,0,0,0,0,1,0,0,0,0,0,2,45.0,2.0
21,Cash,AVL,4.6,1,1,90,0,0,90.0,90.0,0,0,1,0,0,0,0,0,0,0,0,1,0,0,0,6,15.0,6.0
21,Castagne,FUL,4.4,1,1,90,0,0,90.0,90.0,0,0,0,3,0,0,0,1,0,1,0,0,0,0,0,0,0.0,0.0
21,Christie,BOU,5.0,1,1,90,0,0,90.0,90.0,0,1,0,2,0,0,0,1,0,0,1,1,0,0,0,4,22.5,4.0
21,Clarke (Jack),IPS,5.4,1,0,12,1,0,12.0,0.0,0,0,0,0,0,0,0,0,0,0,0,0,0,0,0,1,12.0,0.0
21,Clyne,CRY,3.9,1,0,16,1,0,16.0,0.0,0,0,0,0,0,0,0,0,0,0,0,0,0,0,0,1,16.0,0.0
21,Collins,BRE,4.9,1,1,90,0,0,90.0,90.0,0,0,0,2,0,0,0,0,0,1,0,0,0,0,0,1,90.0,1.0
21,Collyer,MUN,4.5,1,0,42,1,0,42.0,0.0,0,0,0,0,0,0,0,0,0,0,0,0,0,0,0,1,42.0,0.0
21,Colwill,CHE,4.8,1,1,90,0,0,90.0,90.0,0,0,0,2,0,0,0,0,0,1,0,0,0,0,0,1,90.0,1.0
21,Cook,BOU,4.9,1,1,90,0,0,90.0,90.0,0,0,0,2,0,0,0,0,0,1,0,0,0,0,0,2,45.0,2.0
21,Cresswell,WHU,3.9,1,0,15,1,0,15.0,0.0,0,0,0,0,0,0,0,0,0,0,0,0,0,0,0,1,15.0,0.0
21,Cucurella,CHE,6.1,1,1,90,0,0,90.0,90.0,0,0,0,2,0,0,0,0,0,1,0,0,0,0,0,1,90.0,1.0
21,André,WOL,5.4,1,1,84,0,1,84.0,84.0,0,0,0,3,0,0,0,0,0,1,0,0,0,0,0,2,42.0,2.0
21,Daka,LEI,4.8,1,0,29,1,0,29.0,0.0,0,0,0,1,0,0,0,0,0,0,0,0,0,0,0,1,29.0,0.0
21,Damsgaard,BRE,5.8,1,1,90,0,0,90.0,90.0,0,0,0,2,0,0,0,0,0,1,0,0,0,0,0,2,45.0,2.0
21,Davis,IPS,4.2,1,1,90,0,0,90.0,90.0,0,0,0,2,0,0,0,0,0,1,0,0,0,0,0,1,90.0,1.0
21,Richarlison,TOT,6.5,1,0,18,1,0,18.0,0.0,0,0,0,0,0,0,0,0,0,0,0,0,0,0,0,1,18.0,0.0
21,De Bruyne,MCI,9.5,1,1,90,0,0,90.0,90.0,0,1,0,2,0,0,0,0,0,0,1,1,0,2,0,7,12.9,7.0
21,de Ligt,MUN,5.0,1,1,90,0,0,90.0,90.0,0,0,0,1,0,0,0,0,0,1,0,0,0,0,0,2,45.0,2.0
21,Delap,IPS,6.2,1,1,83,0,1,83.0,83.0,0,0,0,2,0,0,0,1,0,1,0,0,0,0,0,1,83.0,1.0
21,Devenny,CRY,4.4,1,0,16,1,0,16.0,0.0,0,0,0,0,0,0,0,0,0,0,0,0,0,0,0,1,16.0,0.0
21,Díaz,LIV,8.0,1,1,74,0,1,74.0,74.0,0,0,0,1,0,0,0,1,0,1,0,0,0,0,0,1,74.0,1.0
21,Dibling,SOU,5.4,1,1,61,0,1,61.0,61.0,0,1,1,0,0,0,0,1,0,0,1,1,0,0,0,5,12.2,5.0
21,Digne,AVL,4.5,1,1,90,0,0,90.0,90.0,0,0,1,0,0,0,0,0,0,0,0,1,0,0,0,6,15.0,6.0
21,Doherty,WOL,4.4,1,1,90,0,0,90.0,90.0,0,0,0,3,0,0,0,1,0,1,0,0,0,0,0,0,0.0,0.0
21,Nicolás Domínguez,NFO,5.0,1,0,21,1,0,21.0,0.0,0,0,0,0,0,0,0,0,0,0,0,0,0,0,0,1,21.0,0.0
21,Antony,MUN,5.9,1,0,45,1,0,45.0,0.0,0,0,0,0,0,0,0,0,0,0,0,0,0,0,0,1,45.0,0.0
21,Gabriel Magalhães,ARS,6.5,1,1,90,0,0,90.0,90.0,0,0,0,1,0,0,0,1,0,1,0,0,0,0,0,1,90.0,1.0
21,Doucouré,EVE,5.1,1,1,82,0,1,82.0,82.0,0,0,0,1,0,0,0,0,0,1,0,0,0,0,0,2,41.0,2.0
21,Doucoure,CRY,4.9,1,0,74,1,0,74.0,0.0,0,0,1,0,0,0,0,0,0,0,0,0,0,0,0,3,24.7,0.0
21,Downes,SOU,4.7,1,0,23,1,0,23.0,0.0,0,0,0,3,0,0,0,1,0,0,0,0,0,0,0,0,0.0,0.0
21,Doyle (Tommy),WOL,4.7,1,0,12,1,0,12.0,0.0,0,0,0,0,0,0,0,0,0,0,0,0,0,0,0,1,12.0,0.0
21,Dragusin,TOT,4.5,1,1,90,0,0,90.0,90.0,0,0,0,2,0,0,0,0,0,1,0,0,0,0,0,1,90.0,1.0
21,Dubravka,NEW,4.0,1,1,90,0,0,90.0,90.0,0,0,1,0,0,0,7,0,0,0,0,1,0,2,1,10,9.0,10.0
21,Dunk,BHA,4.5,1,0,34,1,0,34.0,0.0,0,0,0,0,0,0,0,0,0,0,0,0,0,0,0,1,34.0,0.0
21,El Khannouss,LEI,4.8,1,1,66,0,1,66.0,66.0,0,0,0,1,0,0,0,0,0,1,0,0,0,0,0,2,33.0,2.0
21,Elanga,NFO,6.7,1,1,90,0,0,90.0,90.0,0,1,0,1,0,0,0,0,0,0,1,1,0,2,0,7,12.9,7.0
21,Eriksen,MUN,5.2,1,0,14,1,0,14.0,0.0,0,1,0,0,0,0,0,0,0,0,1,1,0,0,0,4,3.5,0.0
21,Mateus Fernandes,SOU,5.5,1,1,71,0,1,71.0,71.0,0,0,1,0,0,0,0,1,0,1,0,0,0,0,0,2,35.5,2.0
21,Estupiñán,BHA,4.5,1,1,90,0,0,90.0,90.0,0,0,1,0,0,0,0,0,0,0,0,1,0,3,0,9,10.0,9.0
21,Eze,CRY,7.6,1,1,78,0,1,78.0,78.0,0,1,1,0,0,0,0,0,0,0,1,1,0,0,0,6,13.0,6.0
21,Fabianski,WHU,4.5,1,1,90,0,0,90.0,90.0,0,0,0,2,0,0,2,0,0,1,0,0,0,0,0,1,90.0,1.0
21,Faes,LEI,3.8,1,1,90,0,0,90.0,90.0,0,0,0,2,0,0,0,0,0,1,0,0,0,0,0,1,90.0,1.0
21,Fernández,CHE,6.7,1,1,90,0,0,90.0,90.0,0,0,0,2,0,0,0,0,0,1,0,0,0,0,0,2,45.0,2.0
21,Jota Silva,NFO,5.4,1,0,14,1,0,14.0,0.0,0,0,0,0,0,0,0,0,0,0,0,0,0,0,0,1,14.0,0.0
21,Flekken,BRE,4.5,1,1,90,0,0,90.0,90.0,0,0,0,2,0,0,6,0,0,1,0,0,0,0,0,3,30.0,3.0
21,Foden,MCI,8.0,1,1,87,0,1,87.0,87.0,2,0,0,1,0,0,0,0,0,0,2,2,0,3,1,15,5.8,15.0
21,Gakpo,LIV,7.6,1,1,90,0,0,90.0,90.0,0,0,0,1,0,0,0,0,0,1,0,0,0,0,0,2,45.0,2.0
21,Gonçalo Guedes,WOL,5.5,1,1,67,0,1,67.0,67.0,0,0,0,2,0,0,0,0,0,1,0,0,0,0,0,2,33.5,2.0
21,Garnacho,MUN,6.4,1,1,90,0,0,90.0,90.0,0,0,0,1,0,0,0,0,0,1,0,0,0,1,0,3,30.0,3.0
21,Gibbs-White,NFO,7.3,1,1,89,0,1,89.0,89.0,0,0,0,1,0,0,0,1,0,1,0,0,0,0,0,1,89.0,1.0
21,Rodrigo Gomes,WOL,4.5,1,1,67,0,1,67.0,67.0,0,0,0,2,0,0,0,0,0,1,0,0,0,0,0,2,33.5,2.0
21,Beto,EVE,5.2,1,0,12,1,0,12.0,0.0,0,0,0,0,0,0,0,0,0,0,0,0,0,0,0,1,12.0,0.0
21,João Gomes,WOL,5.4,1,1,84,0,1,84.0,84.0,0,0,0,3,0,0,0,0,0,1,0,0,0,0,0,2,42.0,2.0
21,Gordon (Anthony),NEW,7.5,1,1,76,0,1,76.0,76.0,1,0,1,0,0,0,0,0,0,0,1,1,0,1,0,9,8.4,9.0
21,Gravenberch,LIV,5.6,1,1,90,0,0,90.0,90.0,0,0,0,1,0,0,0,0,0,1,0,0,0,0,0,2,45.0,2.0
21,Gray (Archie),TOT,4.8,1,1,90,0,0,90.0,90.0,0,0,0,2,0,0,0,0,0,1,0,0,0,0,0,2,45.0,2.0
21,Greaves,IPS,3.8,1,1,90,0,0,90.0,90.0,0,0,0,2,0,0,0,0,0,1,0,0,0,0,0,1,90.0,1.0
21,Marc Guehi,CRY,4.9,1,1,90,0,0,90.0,90.0,1,0,1,0,0,0,0,0,0,0,1,2,0,3,1,15,6.0,15.0
21,Gueye,EVE,5.4,1,1,90,0,0,90.0,90.0,0,0,0,1,0,0,0,1,0,1,0,0,0,0,0,1,90.0,1.0
21,Bruno Guimarães,NEW,6.5,1,1,90,0,0,90.0,90.0,0,1,1,0,0,0,0,0,0,0,1,1,0,0,0,6,15.0,6.0
21,Gundogan,MCI,6.3,1,0,19,1,0,19.0,0.0,0,0,0,2,0,0,0,0,0,0,0,0,0,0,0,1,19.0,0.0
21,Gvardiol,MCI,5.9,1,1,90,0,0,90.0,90.0,0,0,0,2,0,0,0,0,0,1,0,0,0,0,0,1,90.0,1.0
21,Haaland,MCI,14.8,1,1,90,0,0,90.0,90.0,0,0,0,2,0,0,0,0,0,1,0,0,0,0,0,2,45.0,2.0
21,Lewis Hall,NEW,5.2,1,1,90,0,0,90.0,90.0,0,0,1,0,0,0,0,0,0,0,0,1,0,0,0,6,15.0,6.0
21,Harrison (Jack),EVE,5.2,1,1,58,0,1,58.0,58.0,0,0,0,1,0,0,0,0,0,1,0,0,0,0,0,1,58.0,1.0
21,Harwood-Bellis,SOU,3.9,1,1,90,0,0,90.0,90.0,0,0,0,3,0,0,0,0,0,1,0,0,0,0,0,1,90.0,1.0
21,Havertz,ARS,7.3,1,1,90,0,0,90.0,90.0,0,0,0,1,0,0,0,1,0,1,0,0,0,0,0,1,90.0,1.0
21,Henderson,CRY,5.0,1,1,90,0,0,90.0,90.0,0,0,1,0,0,0,4,0,0,0,0,1,0,0,0,7,12.9,7.0
21,Henry,BRE,4.4,1,0,8,1,0,8.0,0.0,0,0,0,0,0,0,0,0,0,0,0,0,0,0,0,1,8.0,0.0
21,Hill (James),BOU,4.0,1,1,21,0,1,21.0,21.0,0,0,0,1,0,0,0,0,0,1,0,0,0,0,0,1,21.0,1.0
21,Hirst,IPS,5.4,1,0,12,1,0,12.0,0.0,0,0,0,0,0,0,0,0,0,0,0,0,0,0,0,1,12.0,0.0
21,Hudson-Odoi,NFO,5.8,1,1,82,0,1,82.0,82.0,0,0,0,1,0,0,0,0,0,1,0,0,0,0,0,2,41.0,2.0
21,Hughes,CRY,4.8,1,1,61,0,1,61.0,61.0,0,0,1,0,0,0,0,0,0,1,0,0,0,0,0,3,20.3,3.0
21,Huijsen,BOU,4.5,1,1,90,0,0,90.0,90.0,0,0,0,2,0,0,0,1,0,1,0,0,0,0,0,0,0.0,0.0
21,Hutchinson,IPS,5.4,1,1,90,0,0,90.0,90.0,0,0,0,2,0,0,0,0,0,1,0,0,0,0,0,2,45.0,2.0
21,Hwang Hee-Chan,WOL,5.8,1,1,45,0,1,45.0,45.0,0,0,0,1,0,0,0,0,0,1,0,0,0,0,0,1,45.0,1.0
21,Højlund,MUN,6.3,1,1,53,0,1,53.0,53.0,0,0,0,1,0,0,0,0,0,1,0,0,0,0,0,1,53.0,1.0
21,Ings,WHU,4.8,1,0,34,1,0,34.0,0.0,0,1,0,1,0,0,0,0,0,0,1,1,0,0,0,4,8.5,0.0
21,Irving,WHU,4.4,1,0,24,1,0,24.0,0.0,0,0,0,1,0,0,0,0,0,0,0,0,0,0,0,1,24.0,0.0
21,Isak,NEW,10.4,1,1,76,0,1,76.0,76.0,2,1,1,0,0,0,0,0,0,0,3,3,0,3,1,16,4.8,16.0
21,Iwobi,FUL,6.5,1,1,85,0,1,85.0,85.0,2,0,0,3,0,0,0,0,0,0,2,2,0,3,1,15,5.7,15.0
21,Jackson (Nicolas),CHE,6.5,1,1,90,0,0,90.0,90.0,0,1,0,2,0,0,0,1,0,0,1,1,0,0,0,4,22.5,4.0
21,James,CHE,5.5,1,0,43,1,0,43.0,0.0,1,0,0,1,0,0,0,0,0,0,1,1,0,0,0,7,6.1,0.0
21,Janelt,BRE,4.9,1,1,78,0,1,78.0,78.0,0,0,0,2,0,0,0,0,0,1,0,0,0,0,0,2,39.0,2.0
21,Jebbison,BOU,4.5,1,0,17,1,0,17.0,0.0,0,0,0,1,0,0,0,0,0,0,0,0,0,0,0,1,17.0,0.0
21,Jensen,BRE,4.9,1,1,67,0,1,67.0,67.0,0,0,0,1,0,0,0,0,0,1,0,0,0,0,0,2,33.5,2.0
21,Raúl Jiménez,FUL,6.2,1,1,90,0,0,90.0,90.0,0,0,0,3,0,0,0,1,0,1,0,0,0,0,0,1,90.0,1.0
21,Johnson (Brennan),TOT,6.7,1,0,45,1,0,45.0,0.0,0,0,0,0,0,0,0,0,0,0,0,0,0,0,0,1,45.0,0.0
21,Jones,LIV,5.4,1,0,22,1,0,22.0,0.0,0,0,0,0,0,0,0,0,0,0,0,0,0,0,0,1,22.0,0.0
21,João Pedro,BHA,7.4,1,1,76,0,1,76.0,76.0,0,0,1,0,0,0,0,1,0,1,0,0,0,0,0,1,76.0,1.0
21,Justin,LEI,4.0,1,1,79,0,1,79.0,79.0,0,0,0,2,0,0,0,0,0,1,0,0,0,0,0,1,79.0,1.0
21,Kamada,CRY,5.0,1,0,33,1,0,33.0,0.0,0,0,0,0,0,0,0,0,0,0,0,0,0,0,0,1,33.0,0.0
21,Kamara,AVL,4.9,1,1,90,0,0,90.0,90.0,0,0,1,0,0,0,0,0,0,1,0,0,0,0,0,3,30.0,3.0
21,Kerkez,BOU,5.8,1,1,90,0,0,90.0,90.0,0,0,0,2,0,0,0,0,0,1,0,0,0,0,0,1,90.0,1.0
21,Kilman,WHU,4.3,1,1,90,0,0,90.0,90.0,0,0,0,2,0,0,0,0,0,1,0,0,0,0,0,1,90.0,1.0
21,King (Joshua),FUL,4.5,1,0,11,1,0,11.0,0.0,0,0,0,0,0,0,0,0,0,0,0,0,0,0,0,1,11.0,0.0
21,Kinsky,TOT,3.9,1,1,90,0,0,90.0,90.0,0,0,0,2,0,0,3,0,0,1,0,0,0,0,0,2,45.0,2.0
21,Kluivert,BOU,7.0,1,0,72,1,0,72.0,0.0,1,0,0,1,0,0,0,0,0,0,1,1,0,1,0,8,9.0,0.0
21,Konaté,LIV,5.4,1,1,65,0,1,65.0,65.0,0,0,0,1,0,0,0,0,0,1,0,0,0,0,0,2,32.5,2.0
21,Konsa Ngoyo,AVL,4.4,1,1,90,0,0,90.0,90.0,0,0,1,0,0,0,0,0,0,0,0,1,0,2,0,8,11.3,8.0
21,Kovacic,MCI,5.9,1,1,76,0,1,76.0,76.0,0,0,1,0,0,0,0,0,0,1,0,0,0,0,0,3,25.3,3.0
21,Kristiansen,LEI,4.4,1,1,90,0,0,90.0,90.0,0,0,0,2,0,0,0,0,0,1,0,0,0,0,0,1,90.0,1.0
21,Kudus,WHU,6.8,1,1,63,0,1,63.0,63.0,0,0,0,1,0,0,0,0,0,1,0,0,0,0,0,2,31.5,2.0
21,Kulusevski,TOT,6.4,1,1,90,0,0,90.0,90.0,0,0,0,2,0,0,0,0,0,1,0,0,0,0,0,2,45.0,2.0
21,Lacroix,CRY,5.0,1,1,90,0,0,90.0,90.0,0,0,1,0,0,0,0,0,0,0,0,1,0,2,0,8,11.3,8.0
21,Lavia,CHE,4.9,1,1,53,0,1,53.0,53.0,0,0,0,1,0,0,0,1,0,1,0,0,0,0,0,0,0.0,0.0
21,Leno,FUL,5.0,1,1,90,0,0,90.0,90.0,0,0,0,3,0,0,0,0,0,1,0,0,0,0,0,1,90.0,1.0
21,Lerma,CRY,4.9,1,1,17,0,1,17.0,17.0,0,0,0,0,0,0,0,0,0,1,0,0,0,0,0,1,17.0,1.0
21,Lewis-Potter,BRE,4.9,1,1,90,0,0,90.0,90.0,0,1,0,2,0,0,0,0,0,0,1,1,0,0,0,5,18.0,5.0
21,Lewis-Skelly,ARS,5.2,1,1,86,0,1,86.0,86.0,0,0,0,1,0,0,0,1,0,1,0,0,0,0,0,1,86.0,1.0
21,Lindstrom,EVE,5.0,1,0,36,1,0,36.0,0.0,0,0,0,0,0,0,0,0,0,0,0,0,0,0,0,1,36.0,0.0
21,Livramento,NEW,4.9,1,1,84,0,1,84.0,84.0,0,0,1,0,0,0,0,0,0,0,0,1,0,0,0,6,14.0,6.0
21,Lukic,FUL,5.0,1,1,90,0,0,90.0,90.0,0,0,0,3,0,0,0,1,0,1,0,0,0,0,0,1,90.0,1.0
21,Mac Allister,LIV,6.3,1,1,90,0,0,90.0,90.0,0,0,0,1,0,0,0,0,0,1,0,0,0,0,0,2,45.0,2.0
21,Maddison,TOT,6.9,1,0,45,1,0,45.0,0.0,0,0,0,0,0,0,0,0,0,0,0,0,0,0,0,1,45.0,0.0
21,Madueke,CHE,6.8,1,1,78,0,1,78.0,78.0,0,0,0,2,0,0,0,0,0,1,0,0,0,0,0,2,39.0,2.0
21,Maguire,MUN,4.4,1,0,14,1,0,14.0,0.0,0,0,0,0,0,0,0,0,0,0,0,0,0,0,0,1,14.0,0.0
21,Mainoo,MUN,4.8,1,1,45,0,1,45.0,45.0,0,0,0,1,0,0,0,0,0,1,0,0,0,0,0,1,45.0,1.0
21,José Sá,WOL,4.4,1,1,90,0,0,90.0,90.0,0,0,0,3,0,0,2,0,0,1,0,0,0,0,0,1,90.0,1.0
21,Mangala,EVE,5.0,1,1,90,0,0,90.0,90.0,0,0,0,1,0,0,0,0,0,1,0,0,0,0,0,2,45.0,2.0
21,Martinelli,ARS,6.9,1,0,35,1,0,35.0,0.0,0,0,0,0,0,0,0,0,0,0,0,0,0,0,0,1,35.0,0.0
21,Martinez,AVL,5.0,1,1,90,0,0,90.0,90.0,0,0,1,0,0,0,2,0,0,0,0,1,0,0,0,6,15.0,6.0
21,Martínez,MUN,4.8,1,1,90,0,0,90.0,90.0,0,0,0,1,0,0,0,1,0,1,0,0,0,0,0,1,90.0,1.0
21,Mateta,CRY,7.7,1,1,78,0,1,78.0,78.0,1,0,1,0,0,0,0,0,0,0,1,1,0,2,0,8,9.8,8.0
21,Mavididi,LEI,5.0,1,1,90,0,0,90.0,90.0,0,0,0,2,0,0,0,0,0,1,0,0,0,0,0,2,45.0,2.0
21,Mavropanos,WHU,4.4,1,1,90,0,0,90.0,90.0,0,0,0,2,0,0,0,0,0,1,0,0,0,0,0,1,90.0,1.0
21,Mazraoui,MUN,4.9,1,1,80,0,1,80.0,80.0,0,0,0,1,0,0,0,0,0,1,0,0,0,0,0,2,40.0,2.0
21,Mbeumo,BRE,8.2,1,1,90,0,0,90.0,90.0,0,0,0,2,0,0,0,0,0,1,0,0,0,0,0,2,45.0,2.0
21,Mcatee,MCI,5.2,1,0,8,1,0,8.0,0.0,0,0,0,1,0,0,0,0,0,0,0,0,0,0,0,1,8.0,0.0
21,McAteer,LEI,4.7,1,0,29,1,0,29.0,0.0,0,0,0,1,0,0,0,0,0,0,0,0,0,0,0,1,29.0,0.0
21,Merino,ARS,5.9,1,0,9,1,0,9.0,0.0,0,0,0,0,0,0,0,0,0,0,0,0,0,0,0,1,9.0,0.0
21,Milenkovic,NFO,5.2,1,1,90,0,0,90.0,90.0,0,0,0,1,0,0,0,0,0,1,0,0,0,0,0,2,45.0,2.0
21,Miley (Lewis),NEW,4.4,1,0,15,1,0,15.0,0.0,0,0,0,0,0,0,0,0,0,0,0,0,0,0,0,1,15.0,0.0
21,Mings,AVL,4.4,1,1,90,0,0,90.0,90.0,0,0,1,0,0,0,0,0,0,0,0,1,0,3,0,9,10.0,9.0
21,Minteh,BHA,6.0,1,0,34,1,0,34.0,0.0,0,0,0,0,0,0,0,0,0,0,0,0,0,0,0,1,34.0,0.0
21,Mitchell,CRY,5.0,1,1,78,0,1,78.0,78.0,0,0,1,0,0,0,0,0,0,0,0,1,0,0,0,6,13.0,6.0
21,Mitoma,BHA,6.2,1,1,90,0,0,90.0,90.0,1,0,1,0,0,0,0,0,0,0,1,1,0,2,1,10,9.0,10.0
21,Moder,BHA,4.4,1,0,2,1,0,2.0,0.0,0,0,0,0,0,0,0,0,0,0,0,0,0,0,0,1,2.0,0.0
21,Savinho,MCI,6.9,1,1,90,0,0,90.0,90.0,0,1,0,2,0,0,0,0,0,0,1,1,0,0,0,5,18.0,5.0
21,Álex Moreno,NFO,4.0,1,0,8,1,0,8.0,0.0,0,0,0,0,0,0,0,0,0,0,0,0,0,0,0,1,8.0,0.0
21,Morsy,IPS,4.8,1,0,26,1,0,26.0,0.0,0,0,0,1,0,0,0,0,0,0,0,0,0,0,0,1,26.0,0.0
21,Rodrigo Muniz,FUL,5.4,1,0,11,1,0,11.0,0.0,0,0,0,0,0,0,0,0,0,0,0,0,0,0,0,1,11.0,0.0
21,Muñoz,CRY,5.7,1,1,90,0,0,90.0,90.0,0,0,1,0,0,0,0,0,0,0,0,1,0,0,0,6,15.0,6.0
21,Murphy (Jacob),NEW,6.1,1,1,76,0,1,76.0,76.0,0,0,1,0,0,0,0,0,0,1,0,0,0,0,0,3,25.3,3.0
21,Mvom Onana,AVL,4.8,1,1,90,0,0,90.0,90.0,0,0,1,0,0,0,0,1,0,1,0,0,0,0,0,2,45.0,2.0
21,Mykolenko,EVE,4.9,1,1,90,0,0,90.0,90.0,0,0,0,1,0,0,0,0,0,1,0,0,0,0,0,2,45.0,2.0
21,Ndiaye,EVE,6.5,1,1,90,0,0,90.0,90.0,0,0,0,1,0,0,0,0,0,1,0,0,0,0,0,2,45.0,2.0
21,Neto,CHE,7.0,1,0,19,1,0,19.0,0.0,0,0,0,0,0,0,0,0,0,0,0,0,0,0,0,1,19.0,0.0
21,Eddie Nketiah,CRY,5.4,1,0,16,1,0,16.0,0.0,0,0,0,0,0,0,0,0,0,0,0,0,0,0,0,1,16.0,0.0
21,Norgaard,BRE,5.2,1,1,90,0,0,90.0,90.0,1,0,0,2,0,0,0,0,0,0,1,1,0,1,0,8,11.3,8.0
21,Matheus Nunes,MCI,5.3,1,1,90,0,0,90.0,90.0,0,0,0,2,0,0,0,0,0,1,0,0,0,0,0,2,45.0,2.0
21,O'Brien,EVE,5.0,1,0,12,1,0,12.0,0.0,0,0,0,0,0,0,0,0,0,0,0,0,0,0,0,1,12.0,0.0
21,O'Shea,IPS,3.8,1,1,90,0,0,90.0,90.0,0,0,0,2,0,0,0,0,0,1,0,0,0,0,0,1,90.0,1.0
21,Odegaard,ARS,7.9,1,1,90,0,0,90.0,90.0,0,1,0,1,0,0,0,0,0,0,1,1,0,3,0,8,11.3,8.0
21,Onana,MUN,4.9,1,1,90,0,0,90.0,90.0,0,0,0,1,0,0,5,0,0,1,0,0,0,0,0,3,30.0,3.0
21,Paul Onuachu,SOU,4.9,1,0,14,1,0,14.0,0.0,0,0,0,2,0,0,0,0,0,0,0,0,0,0,0,1,14.0,0.0
21,Ortega Moreno,MCI,4.8,1,1,90,0,0,90.0,90.0,0,0,0,2,0,0,3,0,0,1,0,0,0,0,0,2,45.0,2.0
21,Osula,NEW,5.5,1,0,20,1,0,20.0,0.0,0,0,0,0,0,0,0,0,0,0,0,0,0,0,0,1,20.0,0.0
21,Dango Ouattara,BOU,6.0,1,1,90,0,0,90.0,90.0,0,0,0,2,0,0,0,0,0,1,0,0,0,0,0,2,45.0,2.0
21,O’Riley,BHA,5.5,1,1,61,0,1,61.0,61.0,0,1,1,0,0,0,0,0,0,0,1,1,0,0,0,6,10.2,6.0
21,Palmer (Cole),CHE,10.3,1,1,90,0,0,90.0,90.0,1,0,0,2,0,0,0,0,0,0,1,1,0,3,1,10,9.0,10.0
21,Emerson,WHU,4.4,1,1,81,0,1,81.0,81.0,0,0,0,2,0,0,0,0,0,1,0,0,0,0,0,1,81.0,1.0
21,Partey,ARS,4.9,1,1,90,0,0,90.0,90.0,0,0,0,1,0,0,0,0,0,1,0,0,0,0,0,2,45.0,2.0
21,Pereira,FUL,5.3,1,1,68,0,1,68.0,68.0,0,0,0,3,0,0,0,0,0,1,0,0,0,0,0,2,34.0,2.0
21,Phillips (Kalvin),IPS,4.8,1,1,83,0,1,83.0,83.0,0,0,0,2,0,0,0,0,0,1,0,0,0,0,0,2,41.5,2.0
21,Pickford,EVE,5.5,1,1,90,0,0,90.0,90.0,0,0,0,1,0,0,2,1,0,1,0,0,0,0,0,1,90.0,1.0
21,Porro,TOT,5.5,1,1,90,0,0,90.0,90.0,0,0,0,2,0,0,0,0,0,1,0,0,0,0,0,1,90.0,1.0
21,Ramsdale,SOU,4.8,1,1,90,0,0,90.0,90.0,0,0,0,3,0,0,6,0,0,1,0,0,0,0,0,3,30.0,3.0
21,Alisson,LIV,5.4,1,1,90,0,0,90.0,90.0,0,0,0,1,0,0,2,0,0,1,0,0,0,0,0,2,45.0,2.0
21,Ramsey (Jacob),AVL,5.3,1,1,81,0,1,81.0,81.0,0,0,1,0,0,0,0,0,0,1,0,0,0,0,0,3,27.0,3.0
21,Raya Martin,ARS,5.8,1,1,90,0,0,90.0,90.0,0,0,0,1,0,0,1,0,0,1,0,0,0,0,0,2,45.0,2.0
21,Rice,ARS,6.7,1,1,86,0,1,86.0,86.0,0,0,0,1,0,0,0,0,0,1,0,0,0,0,0,2,43.0,2.0
21,Richards (Chris),CRY,4.5,1,1,90,0,0,90.0,90.0,0,0,1,0,0,0,0,0,0,0,0,1,0,0,0,6,15.0,6.0
21,Robertson,LIV,5.8,1,1,65,0,1,65.0,65.0,0,0,0,1,0,0,0,0,0,1,0,0,0,0,0,2,32.5,2.0
21,Robinson (Antonee),FUL,4.9,1,1,90,0,0,90.0,90.0,0,2,0,3,0,0,0,0,0,0,2,2,0,0,0,7,12.9,7.0
21,Morato,NFO,4.4,1,0,7,1,0,7.0,0.0,0,0,0,0,0,0,0,0,0,0,0,0,0,0,0,1,7.0,0.0
21,Rodríguez,WHU,4.8,1,1,81,0,1,81.0,81.0,0,0,0,2,0,0,0,0,0,1,0,0,0,0,0,2,40.5,2.0
21,Roerslev,BRE,4.5,1,1,87,0,1,87.0,87.0,0,1,0,2,0,0,0,0,0,0,1,1,0,0,0,4,21.8,4.0
21,Rogers,AVL,6.8,1,1,90,0,0,90.0,90.0,0,1,1,0,0,0,0,0,0,0,1,1,0,0,0,6,15.0,6.0
21,Rutter,BHA,5.7,1,0,34,1,0,34.0,0.0,1,0,0,0,0,0,0,0,0,0,1,1,0,0,0,6,5.7,0.0
21,Salah,LIV,14.3,1,1,90,0,0,90.0,90.0,0,0,0,1,0,0,0,0,0,1,0,0,0,0,0,2,45.0,2.0
21,Saliba,ARS,6.0,1,1,90,0,0,90.0,90.0,0,0,0,1,0,0,0,0,0,1,0,0,0,0,0,2,45.0,2.0
21,Sanchez,CHE,4.9,1,1,90,0,0,90.0,90.0,0,0,0,2,0,0,1,0,0,1,0,0,0,0,0,1,90.0,1.0
21,Sancho,MUN,5.8,1,1,90,0,0,90.0,90.0,0,0,0,2,0,0,0,0,0,1,0,0,0,0,0,2,45.0,2.0
21,Murillo,NFO,5.3,1,1,90,0,0,90.0,90.0,0,0,0,1,0,0,0,0,0,1,0,0,0,1,0,3,30.0,3.0
21,Matheus Cunha,WOL,7.9,1,0,45,1,0,45.0,0.0,0,0,0,2,0,0,0,0,0,0,0,0,0,0,0,1,45.0,0.0
21,Sarabia,WOL,5.0,1,0,12,1,0,12.0,0.0,0,0,0,0,0,0,0,0,0,0,0,0,0,0,0,1,12.0,0.0
21,Ismaila Sarr,CRY,6.6,1,1,90,0,0,90.0,90.0,0,1,1,0,0,0,0,0,0,0,1,1,0,0,0,6,15.0,6.0
21,Sarr (Pape),TOT,4.9,1,1,45,0,1,45.0,45.0,0,0,0,2,0,0,0,1,0,1,0,0,0,0,0,0,0.0,0.0
21,Scarles,WHU,4.4,1,0,15,1,0,15.0,0.0,0,0,0,0,0,0,0,0,0,0,0,0,0,0,0,1,15.0,0.0
21,Schade,BRE,7.0,1,0,28,1,0,28.0,0.0,0,0,0,1,0,0,0,0,0,0,0,0,0,0,0,1,28.0,0.0
21,Sels,NFO,4.8,1,1,90,0,0,90.0,90.0,0,0,0,1,0,0,5,0,0,1,0,0,0,0,0,3,30.0,3.0
21,Semedo,WOL,4.5,1,0,29,1,0,29.0,0.0,0,0,0,1,0,0,0,0,0,0,0,0,0,0,0,1,29.0,0.0
21,Semenyo,BOU,8.1,1,1,90,0,0,90.0,90.0,1,1,0,2,0,0,0,0,0,0,2,2,0,2,1,12,7.5,12.0
21,João Félix,CHE,5.9,1,0,19,1,0,19.0,0.0,0,1,0,0,0,0,0,0,0,0,1,1,0,0,0,4,4.8,0.0
21,Skipp,LEI,4.7,1,0,29,1,0,29.0,0.0,0,0,0,1,0,0,0,0,0,0,0,0,0,0,0,1,29.0,0.0
21,Smallbone,SOU,5.0,1,0,33,1,0,33.0,0.0,0,0,0,3,0,0,0,0,0,0,0,0,0,0,0,1,33.0,0.0
21,Smith-Rowe,FUL,5.7,1,1,68,0,1,68.0,68.0,0,0,0,3,0,0,0,0,0,1,0,0,0,0,0,2,34.0,2.0
21,Solanke,TOT,7.2,1,1,90,0,0,90.0,90.0,0,0,0,2,1,0,0,0,0,1,0,0,0,0,0,0,0.0,0.0
21,Soler (Carlos),WHU,5.0,1,1,72,0,1,72.0,72.0,1,0,0,1,0,0,0,0,0,0,1,1,0,2,0,9,8.0,9.0
21,Son,TOT,8.5,1,1,77,0,1,77.0,77.0,1,0,0,2,0,0,0,0,0,0,1,1,0,1,0,8,9.6,8.0
21,Soucek,WHU,5.7,1,1,90,0,0,90.0,90.0,1,0,0,2,0,0,0,1,0,0,1,1,0,0,0,6,15.0,6.0
21,Soumaré,LEI,4.4,1,1,90,0,0,90.0,90.0,0,0,0,2,0,0,0,0,0,1,0,0,0,0,0,2,45.0,2.0
21,Spence,TOT,4.5,1,1,90,0,0,90.0,90.0,0,0,0,2,0,0,0,0,0,1,0,0,0,0,0,1,90.0,1.0
21,Sterling,ARS,6.7,1,1,60,0,1,60.0,60.0,0,0,0,1,0,0,0,0,0,1,0,0,0,0,0,2,30.0,2.0
21,Stolarczyk,LEI,4.0,1,1,90,0,0,90.0,90.0,0,0,0,2,0,0,2,0,0,1,0,0,0,0,0,1,90.0,1.0
21,Strand Larsen,WOL,6.4,1,1,90,0,0,90.0,90.0,0,0,0,3,0,0,0,0,0,1,0,0,0,0,0,2,45.0,2.0
21,Sugawara,SOU,4.2,1,1,90,0,0,90.0,90.0,0,0,0,3,0,0,0,0,0,1,0,0,0,0,0,1,90.0,1.0
21,Sulemana,SOU,5.0,1,1,90,0,0,90.0,90.0,0,0,0,3,0,0,0,0,0,1,0,0,0,0,0,2,45.0,2.0
21,Szoboszlai,LIV,6.5,1,1,90,0,0,90.0,90.0,0,0,0,1,0,0,0,0,0,1,0,0,0,0,0,2,45.0,2.0
21,Tarkowski,EVE,5.5,1,1,90,0,0,90.0,90.0,0,0,0,1,0,0,0,0,0,1,0,0,0,0,0,2,45.0,2.0
21,Taylor (Jack),IPS,4.8,1,0,26,1,0,26.0,0.0,0,0,0,1,0,0,0,0,0,0,0,0,0,0,0,1,26.0,0.0
21,Diogo Jota,LIV,7.2,1,0,31,1,0,31.0,0.0,1,0,0,0,0,0,0,0,0,0,1,1,0,1,0,7,4.4,0.0
21,Tielemans,AVL,5.9,1,1,90,0,0,90.0,90.0,0,0,1,0,0,0,0,0,0,1,0,0,0,0,0,3,30.0,3.0
21,Tierney,ARS,4.3,1,0,20,1,0,20.0,0.0,0,0,0,0,0,0,0,0,0,0,0,0,0,0,0,1,20.0,0.0
21,Jurriën Timber,ARS,6.1,1,1,90,0,0,90.0,90.0,0,0,0,1,0,0,0,0,0,1,0,0,0,0,0,2,45.0,2.0
21,Lucas Paquetá,WHU,5.9,1,1,90,0,0,90.0,90.0,1,0,0,2,0,0,0,1,0,0,1,1,0,1,0,7,12.9,7.0
21,Tonali,NEW,5.4,1,1,90,0,0,90.0,90.0,0,0,1,0,0,0,0,0,0,1,0,0,0,0,0,3,30.0,3.0
21,Traoré (Adama),FUL,5.2,1,0,28,1,0,28.0,0.0,0,0,0,0,0,0,0,0,0,0,0,0,0,0,0,1,28.0,0.0
21,Amad Diallo,MUN,6.3,1,1,90,0,0,90.0,90.0,3,0,0,1,0,0,0,0,0,0,3,3,0,3,1,20,4.5,20.0
21,Travers,BOU,4.4,1,1,90,0,0,90.0,90.0,0,0,0,2,0,0,8,0,0,1,0,0,0,0,0,3,30.0,3.0
21,Trippier,NEW,5.0,1,0,12,1,0,12.0,0.0,0,0,0,0,0,0,0,0,0,0,0,0,0,0,0,1,12.0,0.0
21,Trossard,ARS,6.9,1,1,76,0,1,76.0,76.0,1,0,0,1,0,0,0,0,0,0,1,1,0,2,0,9,8.4,9.0
21,Tsimikas,LIV,4.8,1,0,31,1,0,31.0,0.0,0,1,0,0,0,0,0,0,0,0,1,1,0,0,0,4,7.8,0.0
21,Ugarte,MUN,4.8,1,1,53,0,1,53.0,53.0,0,0,0,1,1,0,0,0,0,1,0,0,0,0,0,0,0.0,0.0
21,Ugochukwu,SOU,5.0,1,1,81,0,1,81.0,81.0,0,0,0,1,0,0,0,0,0,1,0,0,0,0,0,2,40.5,2.0
21,van den Berg,BRE,4.5,1,1,90,0,0,90.0,90.0,0,0,0,2,0,0,0,0,0,1,0,0,0,0,0,1,90.0,1.0
21,van Dijk,LIV,6.0,1,1,90,0,0,90.0,90.0,0,0,0,1,0,0,0,0,0,1,0,0,0,0,0,2,45.0,2.0
21,van Hecke,BHA,4.4,1,1,90,0,0,90.0,90.0,0,0,1,0,0,0,0,0,0,0,0,1,0,1,0,7,12.9,7.0
21,Vardy,LEI,5.4,1,1,90,0,0,90.0,90.0,0,0,0,2,0,0,0,0,0,1,0,0,0,0,0,2,45.0,2.0
21,Bernardo Silva,MCI,6.3,1,1,90,0,0,90.0,90.0,0,0,0,2,0,0,0,0,0,1,0,0,0,0,0,2,45.0,2.0
21,Veltman,BHA,4.4,1,1,90,0,0,90.0,90.0,0,0,1,0,0,0,0,1,0,0,0,1,0,0,0,5,18.0,5.0
21,Verbruggen,BHA,4.4,1,1,90,0,0,90.0,90.0,0,0,1,0,0,0,3,0,0,0,0,1,0,0,0,7,12.9,7.0
21,Vestergaard,LEI,3.9,1,1,90,0,0,90.0,90.0,0,0,0,2,0,0,0,0,0,1,0,0,0,0,0,1,90.0,1.0
21,Walker-Peters,SOU,4.4,1,1,90,0,0,90.0,90.0,0,0,0,3,0,0,0,0,0,1,0,0,0,0,0,1,90.0,1.0
21,Walton,IPS,4.3,1,1,90,0,0,90.0,90.0,0,0,0,2,0,0,3,0,0,1,0,0,0,0,0,2,45.0,2.0
21,Wan-Bissaka,WHU,4.3,1,1,90,0,0,90.0,90.0,0,1,0,2,0,0,0,1,0,1,1,1,0,0,0,3,30.0,3.0
21,Watkins,AVL,8.5,1,1,90,0,0,90.0,90.0,1,0,1,0,0,0,0,0,0,0,1,1,0,2,0,8,11.3,8.0
21,Webster,BHA,4.4,1,1,61,0,1,61.0,61.0,0,0,1,0,0,0,0,0,0,0,0,1,0,0,0,6,10.2,6.0
21,Welbeck,BHA,6.4,1,0,19,1,0,19.0,0.0,0,0,0,0,0,0,0,0,0,0,0,0,0,0,0,1,19.0,0.0
21,Williams (Neco),NFO,4.7,1,1,88,0,1,88.0,88.0,0,0,0,1,0,0,0,0,0,1,0,0,0,0,0,2,44.0,2.0
21,Willock,NEW,5.0,1,0,20,1,0,20.0,0.0,0,0,0,0,0,0,0,0,0,0,0,0,0,0,0,1,20.0,0.0
21,Wilson (Harry),FUL,5.3,1,1,85,0,1,85.0,85.0,0,0,0,3,0,0,0,0,0,1,0,0,0,0,0,2,42.5,2.0
21,Winks,LEI,4.3,1,1,66,0,1,66.0,66.0,0,0,0,1,0,0,0,0,0,1,0,0,0,0,0,2,33.0,2.0
21,Wissa,BRE,7.4,1,1,90,0,0,90.0,90.0,1,0,0,2,0,0,0,0,0,0,1,1,0,0,0,6,15.0,6.0
21,Wood (Chris),NFO,7.2,1,1,88,0,1,88.0,88.0,1,0,0,1,0,0,0,0,0,0,1,1,0,3,0,9,9.8,9.0
21,Wood (Nathan),SOU,3.9,1,0,14,1,0,14.0,0.0,0,0,0,2,0,0,0,0,0,0,0,0,0,0,0,0,0.0,0.0
21,Woolfenden,IPS,3.9,1,1,90,0,0,90.0,90.0,0,0,0,2,0,0,0,1,0,1,0,0,0,0,0,0,0.0,0.0
21,Yarmolyuk,BRE,5.0,1,0,17,1,0,17.0,0.0,0,0,0,0,0,0,0,0,0,0,0,0,0,0,0,1,17.0,0.0
21,Yates,NFO,4.8,1,1,75,0,1,75.0,75.0,0,0,0,1,0,0,0,1,0,1,0,0,0,0,0,1,75.0,1.0
21,Yoro,MUN,4.4,1,1,80,0,1,80.0,80.0,0,0,0,1,0,0,0,0,0,1,0,0,0,0,0,2,40.0,2.0
21,Young (Ashley),EVE,4.2,1,1,82,0,1,82.0,82.0,0,0,0,1,0,0,0,0,0,1,0,0,0,0,0,2,41.0,2.0
21,Zabarnyi,BOU,5.0,1,1,90,0,0,90.0,90.0,0,0,0,2,0,0,0,0,0,1,0,0,0,0,0,1,90.0,1.0
21,Zinchenko,ARS,4.9,1,0,9,1,0,9.0,0.0,0,0,0,0,0,0,0,0,0,0,0,0,0,0,0,1,9.0,0.0
21,Zirkzee,MUN,5.8,1,0,42,1,0,42.0,0.0,0,0,0,0,0,0,0,0,0,0,0,0,0,0,0,1,42.0,0.0
22,Adams (Tyler),BOU,5.0,1,1,90,0,0,90.0,90.0,0,1,0,1,0,0,0,1,0,0,1,1,0,1,0,5,18.0,5.0
22,Tosin,CHE,4.4,1,1,90,0,0,90.0,90.0,1,0,0,1,0,0,0,1,0,0,1,1,0,0,0,7,12.9,7.0
22,Agbadou,WOL,4.4,1,1,90,0,0,90.0,90.0,0,0,0,3,0,0,0,0,0,1,0,0,0,0,0,1,90.0,1.0
22,Aina,NFO,4.7,1,1,90,0,0,90.0,90.0,0,1,0,2,0,0,0,0,0,0,1,1,0,0,0,4,22.5,4.0
22,Ait Nouri,WOL,5.8,1,1,74,0,1,74.0,74.0,0,0,0,3,0,0,0,0,0,1,0,0,0,0,0,1,74.0,1.0
22,Akanji,MCI,5.4,1,1,72,0,1,72.0,72.0,0,0,1,0,0,0,0,0,0,0,0,1,0,0,0,6,12.0,6.0
22,Alexander-Arnold,LIV,7.2,1,1,90,0,0,90.0,90.0,0,1,1,0,0,0,0,0,0,0,1,2,0,2,1,11,8.2,11.0
22,Álvarez (Edson),WHU,4.9,1,1,82,0,1,82.0,82.0,0,0,0,1,0,0,0,1,0,1,0,0,0,0,0,1,82.0,1.0
22,Andersen,FUL,4.5,1,1,90,0,0,90.0,90.0,0,0,1,0,0,0,0,0,0,0,0,1,0,0,0,6,15.0,6.0
22,Anderson,NFO,5.3,1,1,90,0,0,90.0,90.0,1,0,0,2,0,0,0,0,0,0,1,1,0,1,0,8,11.3,8.0
22,Joelinton,NEW,5.9,1,1,90,0,0,90.0,90.0,0,0,0,4,0,0,0,1,0,1,0,0,0,0,0,1,90.0,1.0
22,Archer,SOU,4.8,1,1,57,0,1,57.0,57.0,0,0,0,3,0,0,0,0,0,1,0,0,0,0,0,1,57.0,1.0
22,Aribo,SOU,4.9,1,1,90,0,0,90.0,90.0,0,0,0,3,0,0,0,1,0,1,0,0,0,0,0,1,90.0,1.0
22,Armstrong (Adam),SOU,5.1,1,1,57,0,1,57.0,57.0,0,0,0,3,0,0,0,0,0,1,0,0,0,0,0,1,57.0,1.0
22,Kepa,BOU,4.2,1,1,90,0,0,90.0,90.0,0,0,0,1,0,0,3,0,0,1,0,0,0,0,0,3,30.0,3.0
22,Awoniyi,NFO,5.2,1,0,20,1,0,20.0,0.0,0,0,0,1,0,0,0,0,0,0,0,0,0,0,0,1,20.0,0.0
22,Ayari,BHA,4.9,1,1,90,0,0,90.0,90.0,0,0,0,1,0,0,0,0,0,1,0,0,0,0,0,2,45.0,2.0
22,Ayew,LEI,5.1,1,1,71,0,1,71.0,71.0,0,0,0,2,0,0,0,0,0,1,0,0,0,0,0,2,35.5,2.0
22,Bailey,AVL,5.5,1,0,13,1,0,13.0,0.0,0,0,0,0,0,0,0,0,0,0,0,0,0,0,0,1,13.0,0.0
22,Baleba,BHA,4.7,1,1,90,0,1,90.0,90.0,0,0,0,1,0,0,0,1,0,1,0,0,0,0,0,1,90.0,1.0
22,Bassey,FUL,4.5,1,1,90,0,0,90.0,90.0,0,0,1,0,0,0,0,0,0,0,0,1,0,0,0,6,15.0,6.0
22,Bednarek,SOU,4.0,1,1,90,0,0,90.0,90.0,1,0,0,3,0,0,0,0,0,0,1,1,0,0,0,7,12.9,7.0
22,Bellegarde,WOL,5.2,1,0,22,1,0,22.0,0.0,0,0,0,0,0,0,0,0,0,0,0,0,0,0,0,1,22.0,0.0
22,Berge,FUL,4.9,1,1,90,0,0,90.0,90.0,0,0,1,0,0,0,0,0,0,1,0,0,0,0,0,3,30.0,3.0
22,Bergvall,TOT,5.4,1,1,90,0,0,90.0,90.0,0,0,0,3,0,0,0,1,0,1,0,0,0,0,0,1,90.0,1.0
22,Bogarde,AVL,4.0,1,0,56,1,0,56.0,0.0,0,0,0,1,0,0,0,0,0,0,0,0,0,0,0,1,56.0,0.0
22,Bruno Fernandes,MUN,8.9,1,1,90,0,0,90.0,90.0,1,0,0,3,0,0,0,0,0,0,1,1,0,1,0,8,11.3,8.0
22,Botman,NEW,4.9,1,1,45,0,1,45.0,45.0,0,0,0,2,0,0,0,0,0,1,0,0,0,0,0,0,0.0,0.0
22,Branthwaite,EVE,5.3,1,1,90,0,0,90.0,90.0,0,0,0,2,0,0,0,0,0,1,0,0,0,0,0,1,90.0,1.0
22,Bree,SOU,3.9,1,1,79,0,1,79.0,79.0,0,0,0,3,0,0,0,0,0,1,0,0,0,0,0,1,79.0,1.0
22,Brooks,BOU,5.0,1,1,78,0,1,78.0,78.0,0,0,0,1,0,0,0,0,0,1,0,0,0,1,0,3,26.0,3.0
22,Bueno (Santiago),WOL,4.4,1,1,90,0,0,90.0,90.0,0,0,0,3,0,0,0,0,0,1,0,0,0,0,0,1,90.0,1.0
22,Buonanotte,LEI,4.8,1,0,23,1,0,23.0,0.0,0,0,0,0,0,0,0,0,0,0,0,0,0,0,0,1,23.0,0.0
22,Burgess,IPS,3.8,1,1,90,0,0,90.0,90.0,0,0,0,6,0,0,0,0,0,1,0,0,0,0,0,0,0.0,0.0
22,Burn,NEW,5.1,1,1,90,0,0,90.0,90.0,0,0,0,4,0,0,0,0,0,1,0,0,0,0,0,0,0.0,0.0
22,Moises Caicedo,CHE,5.9,1,1,90,0,0,90.0,90.0,0,0,0,1,0,0,0,1,0,1,0,0,0,0,0,1,90.0,1.0
22,Cairney,FUL,4.9,1,0,15,1,0,15.0,0.0,0,0,0,0,0,0,0,0,0,0,0,0,0,0,0,1,15.0,0.0
22,Cajuste,IPS,4.5,1,1,63,0,1,63.0,63.0,0,0,0,5,0,0,0,0,0,1,0,0,0,0,0,2,31.5,2.0
22,Calvert-Lewin,EVE,5.5,1,1,90,0,0,90.0,90.0,1,0,0,2,0,0,0,1,0,0,1,1,0,0,0,5,18.0,5.0
22,Cash,AVL,4.6,1,1,90,0,0,90.0,90.0,0,1,0,2,0,0,0,0,0,0,1,1,0,0,0,4,22.5,4.0
22,Castagne,FUL,4.4,1,1,90,0,0,90.0,90.0,0,0,1,0,0,0,0,0,0,0,0,1,0,0,0,6,15.0,6.0
22,Chalobah,CHE,5.1,1,1,90,0,0,90.0,90.0,0,1,0,1,0,0,0,0,0,0,1,1,0,3,0,8,11.3,8.0
22,Chiesa,LIV,6.4,1,0,9,1,0,9.0,0.0,0,0,0,0,0,0,0,0,0,0,0,0,0,0,0,1,9.0,0.0
22,Christie,BOU,5.0,1,1,90,0,0,90.0,90.0,0,0,0,1,0,0,0,1,0,1,0,0,0,0,0,1,90.0,1.0
22,Clarke (Jack),IPS,5.4,1,1,63,0,1,63.0,63.0,0,0,0,5,0,0,0,0,0,1,0,0,0,0,0,2,31.5,2.0
22,Clyne,CRY,3.9,1,0,6,1,0,6.0,0.0,0,0,0,0,0,0,0,0,0,0,0,0,0,0,0,1,6.0,0.0
22,Collins,BRE,4.9,1,1,90,0,0,90.0,90.0,0,0,0,2,0,0,0,0,0,1,0,0,0,0,0,1,90.0,1.0
22,Collyer,MUN,4.5,1,0,34,1,0,34.0,0.0,0,0,0,1,0,0,0,0,0,0,0,0,0,0,0,1,34.0,0.0
22,Cook,BOU,4.9,1,1,90,0,0,90.0,90.0,0,0,0,1,0,0,0,0,0,1,0,0,0,0,0,2,45.0,2.0
22,Cresswell,WHU,3.9,1,1,56,0,1,56.0,56.0,0,0,0,1,0,0,0,0,0,1,0,0,0,0,0,1,56.0,1.0
22,Cucurella,CHE,6.1,1,1,90,0,0,90.0,90.0,1,0,0,1,0,0,0,0,0,0,1,1,0,1,0,9,10.0,9.0
22,André,WOL,5.4,1,1,74,0,1,74.0,74.0,0,0,0,3,0,0,0,1,0,1,0,0,0,0,0,1,74.0,1.0
22,Daka,LEI,4.8,1,0,23,1,0,23.0,0.0,0,0,0,0,0,0,0,0,0,0,0,0,0,0,0,1,23.0,0.0
22,Dalot,MUN,4.4,1,1,90,0,0,90.0,90.0,0,0,0,3,0,0,0,0,0,1,0,0,0,0,0,1,90.0,1.0
22,Damsgaard,BRE,5.8,1,1,80,0,1,80.0,80.0,0,0,1,0,0,0,0,0,0,1,0,0,0,0,0,3,26.7,3.0
22,Davies (Ben),TOT,4.3,1,1,90,0,0,90.0,90.0,0,0,0,3,0,0,0,0,0,1,0,0,0,0,0,1,90.0,1.0
22,Davis,IPS,4.2,1,1,90,0,0,90.0,90.0,0,0,0,6,0,0,0,0,0,1,0,0,0,0,0,0,0.0,0.0
22,Richarlison,TOT,6.5,1,0,45,1,0,45.0,0.0,1,0,0,0,0,0,0,0,0,0,1,1,0,0,0,5,9.0,0.0
22,De Bruyne,MCI,9.5,1,1,63,0,1,63.0,63.0,0,3,1,0,0,0,0,0,0,0,3,3,0,0,1,12,5.3,12.0
22,de Ligt,MUN,5.0,1,1,90,0,0,90.0,90.0,0,0,0,3,0,0,0,0,0,1,0,0,0,0,0,1,90.0,1.0
22,Delap,IPS,6.2,1,1,72,0,1,72.0,72.0,0,0,0,6,0,0,0,0,0,1,0,0,0,0,0,2,36.0,2.0
22,Devenny,CRY,4.4,1,0,27,1,0,27.0,0.0,0,0,0,0,0,0,0,0,0,0,0,0,0,0,0,1,27.0,0.0
22,Dewsbury-Hall,CHE,4.9,1,1,76,0,1,76.0,76.0,0,1,0,1,0,0,0,0,0,0,1,1,0,1,0,6,12.7,6.0
22,Díaz,LIV,8.0,1,1,65,0,1,65.0,65.0,0,0,1,0,0,0,0,0,0,1,0,0,0,0,0,3,21.7,3.0
22,Digne,AVL,4.5,1,0,45,1,0,45.0,0.0,0,1,0,1,0,0,0,0,0,0,1,1,0,0,0,4,11.3,0.0
22,Diop,FUL,4.4,1,0,4,1,0,4.0,0.0,0,0,0,0,0,0,0,0,0,0,0,0,0,0,0,1,4.0,0.0
22,Disasi,AVL,4.2,1,0,19,1,0,19.0,0.0,0,0,0,0,0,0,0,0,0,0,0,0,0,0,0,1,19.0,0.0
22,Doherty,WOL,4.4,1,1,90,0,0,90.0,90.0,1,0,0,3,0,0,0,0,0,0,1,1,0,0,0,7,12.9,7.0
22,Doku,MCI,6.5,1,1,90,0,0,90.0,90.0,1,1,1,0,0,0,0,0,0,0,2,2,0,1,1,12,7.5,12.0
22,Nicolás Domínguez,NFO,5.0,1,1,75,0,1,75.0,75.0,0,0,0,1,0,0,0,0,0,1,0,0,0,0,0,2,37.5,2.0
22,Antony,MUN,5.9,1,0,15,1,0,15.0,0.0,0,0,0,0,0,0,0,0,0,0,0,0,0,0,0,1,15.0,0.0
22,Gabriel Magalhães,ARS,6.5,1,1,90,0,0,90.0,90.0,0,0,0,2,0,0,0,0,0,1,0,0,0,0,0,1,90.0,1.0
22,Doucouré,EVE,5.1,1,1,90,0,0,90.0,90.0,0,0,0,2,0,0,0,1,0,1,0,0,0,0,0,1,90.0,1.0
22,Downes,SOU,4.7,1,1,45,0,1,45.0,45.0,0,0,0,3,0,0,0,1,0,1,0,0,0,0,0,0,0.0,0.0
22,Dragusin,TOT,4.5,1,1,45,0,1,45.0,45.0,0,0,0,3,0,0,0,0,0,1,0,0,0,0,0,0,0.0,0.0
22,Dubravka,NEW,4.0,1,1,90,0,0,90.0,90.0,0,0,0,4,0,0,6,0,0,1,0,0,0,0,0,2,45.0,2.0
22,Dunk,BHA,4.5,1,1,90,0,0,90.0,90.0,0,0,0,1,0,0,0,0,0,1,0,0,0,0,0,2,45.0,2.0
22,Durán,AVL,5.7,1,0,18,1,0,18.0,0.0,0,0,0,0,0,0,0,0,0,0,0,0,0,0,0,1,18.0,0.0
22,El Khannouss,LEI,4.8,1,1,64,0,1,64.0,64.0,0,0,0,1,0,0,0,0,0,1,0,0,0,0,0,2,32.0,2.0
22,Elanga,NFO,6.7,1,1,69,0,1,69.0,69.0,0,0,0,1,0,0,0,0,0,1,0,0,0,0,0,2,34.5,2.0
22,Elliott,LIV,5.4,1,0,16,1,0,16.0,0.0,0,1,0,0,0,0,0,0,0,0,1,1,0,0,0,4,4.0,0.0
22,Enciso,IPS,5.4,1,0,5,1,0,5.0,0.0,0,0,0,0,0,0,0,0,0,0,0,0,0,0,0,1,5.0,0.0
22,Mateus Fernandes,SOU,5.5,1,1,90,0,0,90.0,90.0,0,1,0,3,0,0,0,0,0,0,1,1,0,2,0,7,12.9,7.0
22,Estupiñán,BHA,4.5,1,1,82,0,1,82.0,82.0,0,0,0,1,0,0,0,0,0,1,0,0,0,0,0,2,41.0,2.0
22,Eze,CRY,7.6,1,1,78,0,1,78.0,78.0,0,1,1,0,0,0,0,0,0,0,1,1,0,0,0,6,13.0,6.0
22,Fabianski,WHU,4.5,1,1,90,0,0,90.0,90.0,0,0,0,2,0,0,5,0,0,1,0,0,0,0,0,2,45.0,2.0
22,Faes,LEI,3.8,1,1,90,0,0,90.0,90.0,0,0,0,2,0,0,0,1,0,1,0,0,0,0,0,0,0.0,0.0
22,Jota Silva,NFO,5.4,1,0,55,1,0,55.0,0.0,0,0,0,2,0,0,0,0,0,0,0,0,0,0,0,1,55.0,0.0
22,Flekken,BRE,4.5,1,1,90,0,0,90.0,90.0,0,0,0,2,0,0,6,0,0,1,0,0,0,0,0,3,30.0,3.0
22,Foden,MCI,8.0,1,1,62,0,1,62.0,62.0,2,1,1,0,0,0,0,0,0,0,3,3,0,3,1,19,3.3,19.0
22,Gakpo,LIV,7.6,1,1,87,0,1,87.0,87.0,0,0,1,0,0,0,0,0,0,1,0,0,0,0,0,2,43.5,2.0
22,Gonçalo Guedes,WOL,5.5,1,0,21,1,0,21.0,0.0,0,0,0,0,0,0,0,0,0,0,0,0,0,0,0,1,21.0,0.0
22,Garnacho,MUN,6.4,1,0,34,1,0,34.0,0.0,0,0,0,1,0,0,0,0,0,0,0,0,0,0,0,1,34.0,0.0
22,Rúben Dias,MCI,5.5,1,1,90,0,0,90.0,90.0,0,0,1,0,0,0,0,0,0,0,0,1,0,0,0,6,15.0,6.0
22,George,CHE,4.9,1,0,11,1,0,11.0,0.0,0,0,0,0,0,0,0,1,0,0,0,0,0,0,0,0,0.0,0.0
22,Gibbs-White,NFO,7.3,1,1,76,0,1,76.0,76.0,0,1,0,1,0,0,0,0,0,0,1,1,0,0,0,5,15.2,5.0
22,Godfrey,IPS,4.0,1,1,64,0,1,64.0,64.0,0,0,0,5,0,0,0,0,0,1,0,0,0,0,0,0,0.0,0.0
22,Rodrigo Gomes,WOL,4.5,1,0,21,1,0,21.0,0.0,0,0,0,0,0,0,0,0,0,0,0,0,0,0,0,1,21.0,0.0
22,João Gomes,WOL,5.4,1,1,90,0,0,90.0,90.0,0,0,0,3,0,0,0,0,0,0,0,0,0,2,0,4,22.5,4.0
22,Gómez (Diego),BHA,4.9,1,0,5,1,0,5.0,0.0,0,0,0,0,0,0,0,0,0,0,0,0,0,0,0,1,5.0,0.0
22,Gordon (Anthony),NEW,7.5,1,1,90,0,0,90.0,90.0,0,0,0,4,0,0,0,0,0,1,0,0,0,0,0,2,45.0,2.0
22,Gravenberch,LIV,5.6,1,1,90,0,0,90.0,90.0,0,0,1,0,0,0,0,0,0,1,0,0,0,0,0,3,30.0,3.0
22,Gray (Archie),TOT,4.8,1,1,90,0,0,90.0,90.0,0,0,0,3,1,0,0,0,0,1,0,0,0,0,0,0,0.0,0.0
22,Grealish,MCI,6.9,1,0,31,1,0,31.0,0.0,0,0,0,0,0,0,0,0,0,0,0,0,0,0,0,1,31.0,0.0
22,Marc Guehi,CRY,4.9,1,1,90,0,0,90.0,90.0,0,0,1,0,0,0,0,0,0,0,0,1,0,2,0,8,11.3,8.0
22,Gueye,EVE,5.4,1,1,90,0,0,90.0,90.0,0,2,0,2,0,0,0,0,0,0,2,2,0,3,1,11,8.2,11.0
22,Bruno Guimarães,NEW,6.5,1,1,88,0,1,88.0,88.0,1,0,0,2,0,0,0,0,0,0,1,1,0,2,0,9,9.8,9.0
22,Gundogan,MCI,6.3,1,1,90,0,0,90.0,90.0,0,0,1,0,0,0,0,0,0,1,0,0,0,0,0,3,30.0,3.0
22,Gusto,CHE,4.9,1,0,19,1,0,19.0,0.0,0,0,0,0,0,0,0,0,0,0,0,0,0,0,0,1,19.0,0.0
22,Gvardiol,MCI,5.9,1,1,90,0,0,90.0,90.0,0,0,1,0,0,0,0,0,0,0,0,1,0,0,0,6,15.0,6.0
22,Haaland,MCI,14.8,1,1,63,0,1,63.0,63.0,1,0,1,0,0,0,0,0,0,0,1,1,0,0,0,6,10.5,6.0
22,Lewis Hall,NEW,5.2,1,1,63,0,1,63.0,63.0,0,1,0,2,0,0,0,0,0,0,1,1,0,0,0,4,15.8,4.0
22,Harwood-Bellis,SOU,3.9,1,1,90,0,0,90.0,90.0,0,0,0,3,0,0,0,0,0,1,0,0,0,0,0,1,90.0,1.0
22,Havertz,ARS,7.3,1,1,90,0,0,90.0,90.0,1,0,0,2,0,0,0,0,0,0,1,1,0,1,0,7,12.9,7.0
22,Henderson,CRY,5.0,1,1,90,0,0,90.0,90.0,0,0,1,0,0,0,0,0,0,0,0,1,0,0,0,6,15.0,6.0
22,Hirst,IPS,5.4,1,0,21,1,0,21.0,0.0,0,0,0,0,0,0,0,0,0,0,0,0,0,0,0,1,21.0,0.0
22,Hudson-Odoi,NFO,5.8,1,1,36,0,1,36.0,36.0,1,0,0,0,0,0,0,0,0,0,1,1,0,0,0,6,6.0,6.0
22,Hughes,CRY,4.8,1,1,89,0,1,89.0,89.0,0,0,1,0,0,0,0,0,0,1,0,0,0,0,0,3,29.7,3.0
22,Huijsen,BOU,4.5,1,1,90,0,0,90.0,90.0,0,0,0,1,0,0,0,0,0,1,0,0,0,0,0,2,45.0,2.0
22,Hutchinson,IPS,5.4,1,1,72,0,1,72.0,72.0,0,0,0,6,0,0,0,0,0,1,0,0,0,0,0,2,36.0,2.0
22,Højlund,MUN,6.3,1,0,15,1,0,15.0,0.0,0,0,0,0,0,0,0,0,0,0,0,0,0,0,0,1,15.0,0.0
22,Ings,WHU,4.8,1,0,40,1,0,40.0,0.0,0,0,0,1,0,0,0,0,0,0,0,0,0,0,0,1,40.0,0.0
22,Isak,NEW,10.4,1,1,90,0,0,90.0,90.0,0,0,0,4,0,0,0,0,0,1,0,0,0,0,0,2,45.0,2.0
22,Iwobi,FUL,6.5,1,1,45,0,1,45.0,45.0,0,0,0,0,0,0,0,0,0,1,0,0,0,0,0,1,45.0,1.0
22,Jackson (Nicolas),CHE,6.5,1,1,90,0,0,90.0,90.0,0,0,0,1,0,0,0,0,0,1,0,0,0,0,0,2,45.0,2.0
22,James,CHE,5.5,1,1,76,0,1,76.0,76.0,0,1,0,1,0,0,0,0,0,0,1,1,0,1,0,6,12.7,6.0
22,Janelt,BRE,4.9,1,1,65,0,1,65.0,65.0,0,0,1,0,0,0,0,0,0,1,0,0,0,0,0,3,21.7,3.0
22,Jebbison,BOU,4.5,1,0,17,1,0,17.0,0.0,0,0,0,0,0,0,0,1,0,0,0,0,0,0,0,0,0.0,0.0
22,Jensen,BRE,4.9,1,0,16,1,0,16.0,0.0,0,0,0,2,0,0,0,0,0,0,0,0,0,0,0,1,16.0,0.0
22,Raúl Jiménez,FUL,6.2,1,1,70,0,1,70.0,70.0,0,0,1,0,0,0,0,0,0,1,0,0,0,0,0,2,35.0,2.0
22,Johnson (Ben),IPS,3.8,1,1,90,0,0,90.0,90.0,0,0,0,6,0,0,0,0,0,1,0,0,0,0,0,0,0.0,0.0
22,Jones,LIV,5.4,1,0,16,1,0,16.0,0.0,0,0,0,0,0,0,0,0,0,0,0,0,0,0,0,1,16.0,0.0
22,João Pedro,BHA,7.4,1,1,90,0,1,90.0,90.0,0,0,0,1,0,0,0,0,0,1,0,0,0,0,0,2,45.0,2.0
22,Justin,LEI,4.0,1,1,90,0,0,90.0,90.0,0,0,0,2,0,0,0,0,0,1,0,0,0,0,0,1,90.0,1.0
22,Kamada,CRY,5.0,1,1,90,0,0,90.0,90.0,0,0,1,0,0,0,0,0,0,1,0,0,0,0,0,3,30.0,3.0
22,Kamara,AVL,4.9,1,1,90,0,0,90.0,90.0,0,0,0,2,0,0,0,1,0,1,0,0,0,0,0,1,90.0,1.0
22,Keane,EVE,4.5,1,0,8,1,0,8.0,0.0,0,0,0,1,0,0,0,0,0,0,0,0,0,0,0,1,8.0,0.0
22,Kerkez,BOU,5.8,1,1,90,0,0,90.0,90.0,1,0,0,1,0,0,0,1,0,0,1,1,0,0,0,7,12.9,7.0
22,Kilman,WHU,4.3,1,1,90,0,0,90.0,90.0,0,0,0,2,0,0,0,0,0,1,0,0,0,0,0,1,90.0,1.0
22,King (Joshua),FUL,4.5,1,0,4,1,0,4.0,0.0,0,0,0,0,0,0,0,0,0,0,0,0,0,0,0,1,4.0,0.0
22,Kinsky,TOT,3.9,1,1,90,0,0,90.0,90.0,0,0,0,3,0,0,4,0,0,1,0,0,0,0,0,2,45.0,2.0
22,Kluivert,BOU,7.0,1,1,90,0,1,90.0,90.0,3,1,0,1,0,0,0,1,0,0,4,4,0,3,1,22,4.1,22.0
22,Konaté,LIV,5.4,1,1,90,0,0,90.0,90.0,0,0,1,0,0,0,0,0,0,0,0,1,0,0,0,6,15.0,6.0
22,Konsa Ngoyo,AVL,4.4,1,1,90,0,0,90.0,90.0,0,0,0,2,0,0,0,0,0,1,0,0,0,0,0,1,90.0,1.0
22,Kovacic,MCI,5.9,1,1,72,0,1,72.0,72.0,1,1,1,0,0,0,0,0,0,0,2,2,0,2,1,13,5.5,13.0
22,Kristiansen,LEI,4.4,1,1,90,0,0,90.0,90.0,0,0,0,2,0,0,0,0,0,1,0,0,0,0,0,1,90.0,1.0
22,Kudus,WHU,6.8,1,1,90,0,0,90.0,90.0,0,0,0,2,0,0,0,0,0,1,0,0,0,0,0,2,45.0,2.0
22,Kulusevski,TOT,6.4,1,1,90,0,0,90.0,90.0,1,0,0,3,0,0,0,0,0,0,1,1,0,2,0,9,10.0,9.0
22,Lacroix,CRY,5.0,1,1,90,0,0,90.0,90.0,0,0,1,0,0,0,0,0,0,0,0,1,0,1,0,7,12.9,7.0
22,Lamptey,BHA,4.4,1,0,14,1,0,14.0,0.0,0,0,0,0,0,0,0,0,0,0,0,0,0,0,0,1,14.0,0.0
22,Leno,FUL,5.0,1,1,90,0,0,90.0,90.0,0,0,1,0,0,0,5,0,0,0,0,1,0,0,0,7,12.9,7.0
22,Lewis (Rico),MCI,4.9,1,0,21,1,0,21.0,0.0,0,0,0,0,0,0,0,0,0,0,0,0,0,0,0,1,21.0,0.0
22,Lewis-Potter,BRE,4.9,1,1,90,0,0,90.0,90.0,0,0,0,2,0,0,0,0,0,1,0,0,0,0,0,2,45.0,2.0
22,Lewis-Skelly,ARS,5.2,1,1,90,0,0,90.0,90.0,0,0,0,2,0,0,0,0,0,1,0,0,0,0,0,2,45.0,2.0
22,Lindstrom,EVE,5.0,1,1,69,0,1,69.0,69.0,0,0,1,0,0,0,0,0,0,1,0,0,0,0,0,3,23.0,3.0
22,Luis Guilherme,WHU,4.9,1,0,13,1,0,13.0,0.0,0,0,0,1,0,0,0,0,0,0,0,0,0,0,0,1,13.0,0.0
22,Livramento,NEW,4.9,1,1,90,0,0,90.0,90.0,0,0,0,4,0,0,0,0,0,1,0,0,0,0,0,0,0.0,0.0
22,Lukic,FUL,5.0,1,1,89,0,1,89.0,89.0,0,1,1,0,0,0,0,1,0,0,1,1,0,0,0,5,17.8,5.0
22,Luongo,IPS,4.3,1,0,30,1,0,30.0,0.0,0,0,0,1,0,0,0,0,0,0,0,0,0,0,0,1,30.0,0.0
22,Maatsen,AVL,4.3,1,1,45,0,1,45.0,45.0,0,0,0,1,0,0,0,1,0,1,0,0,0,0,0,0,0.0,0.0
22,Mac Allister,LIV,6.3,1,1,79,0,1,79.0,79.0,0,0,1,0,0,0,0,0,0,1,0,0,0,0,0,3,26.3,3.0
22,Maddison,TOT,6.9,1,1,90,0,0,90.0,90.0,0,0,0,3,0,0,0,0,0,1,0,0,0,0,0,2,45.0,2.0
22,Madueke,CHE,6.8,1,1,84,0,1,84.0,84.0,1,0,0,1,0,0,0,0,0,0,1,1,0,0,0,7,12.0,7.0
22,Maguire,MUN,4.4,1,1,90,0,0,90.0,90.0,0,0,0,3,0,0,0,1,0,1,0,0,0,0,0,0,0.0,0.0
22,Mainoo,MUN,4.8,1,1,62,0,1,62.0,62.0,0,0,0,2,0,0,0,0,0,1,0,0,0,0,0,2,31.0,2.0
22,José Sá,WOL,4.4,1,1,90,0,0,90.0,90.0,0,0,0,3,0,0,3,0,0,1,0,0,0,0,0,2,45.0,2.0
22,Mangala,EVE,5.0,1,1,90,0,0,90.0,90.0,0,0,0,2,0,0,0,0,0,1,0,0,0,0,0,2,45.0,2.0
22,Manning,SOU,4.3,1,0,38,1,0,38.0,0.0,0,0,0,0,0,0,0,0,0,0,0,0,0,0,0,1,38.0,0.0
22,March,BHA,5.8,1,0,29,1,0,29.0,0.0,0,0,0,0,0,0,0,1,0,0,0,0,0,0,0,0,0.0,0.0
22,Martinelli,ARS,6.9,1,1,80,0,1,80.0,80.0,1,0,0,2,0,0,0,0,0,0,1,1,0,0,0,7,11.4,7.0
22,Martinez,AVL,5.0,1,1,90,0,0,90.0,90.0,0,0,0,2,0,0,4,0,0,1,0,0,0,0,0,2,45.0,2.0
22,Mateta,CRY,7.7,1,1,90,0,1,90.0,90.0,2,0,1,0,0,0,0,0,0,0,2,2,0,3,1,13,6.9,13.0
22,Mavididi,LEI,5.0,1,1,71,0,1,71.0,71.0,0,0,0,2,0,0,0,0,0,1,0,0,0,0,0,2,35.5,2.0
22,Mavropanos,WHU,4.4,1,1,79,0,0,79.0,79.0,0,0,0,1,0,0,0,0,1,1,0,0,0,0,0,0,0.0,0.0
22,Mazraoui,MUN,4.9,1,1,81,0,1,81.0,81.0,0,0,0,3,0,0,0,0,0,1,0,0,0,0,0,1,81.0,1.0
22,Mbeumo,BRE,8.2,1,1,90,0,0,90.0,90.0,0,0,0,2,0,0,0,0,0,1,0,0,0,0,0,2,45.0,2.0
22,Mcatee,MCI,5.2,1,0,30,1,0,30.0,0.0,1,0,0,0,0,0,0,0,0,0,1,1,0,0,0,6,5.0,0.0
22,McAteer,LEI,4.7,1,0,30,1,0,30.0,0.0,0,0,0,1,0,0,0,1,0,0,0,0,0,0,0,0,0.0,0.0
22,Merino,ARS,5.9,1,1,90,0,0,90.0,90.0,0,0,0,2,0,0,0,0,0,1,0,0,0,0,0,2,45.0,2.0
22,Milenkovic,NFO,5.2,1,1,90,0,0,90.0,90.0,0,0,0,2,0,0,0,0,0,1,0,0,0,0,0,1,90.0,1.0
22,Mings,AVL,4.4,1,1,90,0,0,90.0,90.0,0,0,0,2,0,0,0,0,0,1,0,0,0,0,0,1,90.0,1.0
22,Minteh,BHA,6.0,1,1,67,0,1,67.0,67.0,1,1,0,1,0,0,0,1,0,0,2,2,0,3,1,12,5.6,12.0
22,Mitchell,CRY,5.0,1,1,90,0,0,90.0,90.0,0,0,1,0,0,0,0,0,0,0,0,1,0,0,0,6,15.0,6.0
22,Mitoma,BHA,6.2,1,1,90,0,0,90.0,90.0,1,1,0,1,0,0,0,0,0,0,2,2,0,2,1,12,7.5,12.0
22,Moore (Mikey),TOT,5.0,1,0,22,1,0,22.0,0.0,0,2,0,0,0,0,0,0,0,0,2,2,0,0,0,7,3.1,0.0
22,Morsy,IPS,4.8,1,1,90,0,0,90.0,90.0,0,0,0,6,0,0,0,0,0,1,0,0,0,0,0,2,45.0,2.0
22,Mubama,MCI,4.5,1,0,30,1,0,30.0,0.0,0,0,0,0,0,0,0,0,0,0,0,0,0,0,0,1,30.0,0.0
22,Rodrigo Muniz,FUL,5.4,1,0,23,1,0,23.0,0.0,0,0,0,0,0,0,0,0,0,0,0,0,0,0,0,1,23.0,0.0
22,Muñoz,CRY,5.7,1,1,90,0,0,90.0,90.0,0,0,1,0,0,0,0,0,0,0,0,1,0,0,0,6,15.0,6.0
22,Murphy (Jacob),NEW,6.1,1,1,63,0,1,63.0,63.0,0,0,0,2,0,0,0,0,0,1,0,0,0,0,0,2,31.5,2.0
22,Mvom Onana,AVL,4.8,1,1,35,0,1,35.0,35.0,0,0,0,1,0,0,0,0,0,1,0,0,0,0,0,1,35.0,1.0
22,Mykolenko,EVE,4.9,1,1,90,0,0,90.0,90.0,0,0,0,2,0,0,0,0,0,1,0,0,0,0,0,1,90.0,1.0
22,Ndiaye,EVE,6.5,1,1,80,0,1,80.0,80.0,1,0,0,1,0,0,0,0,0,0,1,1,0,1,0,7,11.4,7.0
22,Neto,CHE,7.0,1,1,61,0,1,61.0,61.0,0,0,0,1,0,0,0,0,0,1,0,0,0,0,0,2,30.5,2.0
22,Eddie Nketiah,CRY,5.4,1,0,17,1,0,17.0,0.0,0,1,0,0,0,0,0,0,0,0,1,1,0,0,0,4,4.3,0.0
22,Norgaard,BRE,5.2,1,1,90,0,0,90.0,90.0,0,0,0,2,0,0,0,1,0,1,0,0,0,0,0,1,90.0,1.0
22,Matheus Nunes,MCI,5.3,1,1,90,0,0,90.0,90.0,0,0,1,0,0,0,0,1,0,1,0,0,0,0,0,2,45.0,2.0
22,Núñez,LIV,6.5,1,0,31,1,0,31.0,0.0,2,0,0,0,0,0,0,1,0,0,2,2,0,3,1,11,2.8,0.0
22,O'Brien,EVE,5.0,1,1,87,0,1,87.0,87.0,0,0,0,1,0,0,0,0,0,1,0,0,0,0,0,2,43.5,2.0
22,O'Shea,IPS,3.8,1,1,90,0,0,90.0,90.0,0,0,0,6,0,0,0,0,0,1,0,0,0,0,0,0,0.0,0.0
22,Odegaard,ARS,7.9,1,1,90,0,0,90.0,90.0,0,0,0,2,0,0,0,0,0,1,0,0,0,0,0,2,45.0,2.0
22,Onana,MUN,4.9,1,1,90,0,0,90.0,90.0,0,0,0,3,0,0,0,0,0,1,0,0,0,0,0,1,90.0,1.0
22,Paul Onuachu,SOU,4.9,1,0,38,1,0,38.0,0.0,1,0,0,0,0,0,0,0,0,0,1,1,0,0,0,5,7.6,0.0
22,Orford,WHU,4.4,1,0,39,1,0,39.0,0.0,0,0,0,1,0,0,0,0,0,0,0,0,0,0,0,1,39.0,0.0
22,Osula,NEW,5.5,1,0,7,1,0,7.0,0.0,0,0,0,2,0,0,0,0,0,0,0,0,0,0,0,1,7.0,0.0
22,Dango Ouattara,BOU,6.0,1,1,90,0,1,90.0,90.0,0,1,0,1,0,0,0,1,0,0,1,1,0,0,0,4,22.5,4.0
22,O’Reilly,MCI,4.9,1,0,21,1,0,21.0,0.0,0,0,0,0,0,0,0,0,0,0,0,0,0,0,0,1,21.0,0.0
22,Palmer (Cole),CHE,10.3,1,1,84,0,1,84.0,84.0,0,0,0,1,0,0,0,0,0,1,0,0,0,0,0,2,42.0,2.0
22,Emerson,WHU,4.4,1,1,56,0,1,56.0,56.0,0,0,0,1,0,0,0,0,0,1,0,0,0,0,0,1,56.0,1.0
22,Partey,ARS,4.9,1,1,90,0,0,90.0,90.0,0,0,0,2,0,0,0,0,0,1,0,0,0,0,0,2,45.0,2.0
22,Patterson (Nathan),EVE,4.4,1,0,14,1,0,14.0,0.0,0,0,0,1,0,0,0,0,0,0,0,0,0,0,0,1,14.0,0.0
22,Philogene-Bidace,IPS,5.3,1,0,30,1,0,30.0,0.0,0,0,0,1,0,0,0,0,0,0,0,0,0,0,0,1,30.0,0.0
22,Pickford,EVE,5.5,1,1,90,0,0,90.0,90.0,0,0,0,2,0,0,3,0,0,1,0,0,0,0,0,2,45.0,2.0
22,Porro,TOT,5.5,1,1,90,0,0,90.0,90.0,0,0,0,3,0,0,0,0,0,1,0,0,0,0,0,1,90.0,1.0
22,Ramsdale,SOU,4.8,1,1,90,0,0,90.0,90.0,0,0,0,3,0,0,1,0,0,1,0,0,0,0,0,1,90.0,1.0
22,Alisson,LIV,5.4,1,1,90,0,0,90.0,90.0,0,0,1,0,0,0,7,0,0,0,0,1,0,1,0,9,10.0,9.0
22,Ramsey (Jacob),AVL,5.3,1,1,83,0,1,83.0,83.0,0,0,0,2,0,0,0,0,0,1,0,0,0,0,0,2,41.5,2.0
22,Raya Martin,ARS,5.8,1,1,90,0,0,90.0,90.0,0,0,0,2,0,0,2,0,0,1,0,0,0,0,0,1,90.0,1.0
22,Rees-Dottin,BOU,4.4,1,0,1,1,0,1.0,0.0,0,0,0,0,0,0,0,0,0,0,0,0,0,0,0,1,1.0,0.0
22,Rice,ARS,6.7,1,1,90,0,0,90.0,90.0,0,0,0,2,0,0,0,0,0,1,0,0,0,0,0,2,45.0,2.0
22,Richards (Chris),CRY,4.5,1,1,90,0,0,90.0,90.0,0,0,1,0,0,0,0,0,0,0,0,1,0,0,0,6,15.0,6.0
22,Robertson,LIV,5.8,1,0,31,1,0,31.0,0.0,0,0,0,0,0,0,0,0,0,0,0,0,0,0,0,1,31.0,0.0
22,Robinson (Antonee),FUL,4.9,1,1,90,0,0,90.0,90.0,0,0,1,0,0,0,0,0,0,0,0,1,0,2,0,8,11.3,8.0
22,Morato,NFO,4.4,1,0,27,1,0,27.0,0.0,0,0,0,1,0,0,0,0,0,0,0,0,0,0,0,1,27.0,0.0
22,Rodríguez,WHU,4.8,1,1,45,0,1,45.0,45.0,0,0,0,0,0,0,0,0,0,1,0,0,0,0,0,1,45.0,1.0
22,Roerslev,BRE,4.5,1,1,90,0,0,90.0,90.0,0,0,0,2,0,0,0,1,0,1,0,0,0,0,0,0,0.0,0.0
22,Rogers,AVL,6.8,1,1,90,0,0,90.0,90.0,0,0,0,2,0,0,0,1,0,1,0,0,0,0,0,1,90.0,1.0
22,Rutter,BHA,5.7,1,0,29,1,0,29.0,0.0,1,0,0,0,0,0,0,0,0,0,1,1,0,0,0,6,4.8,0.0
22,Salah,LIV,14.3,1,1,90,0,0,90.0,90.0,0,0,1,0,0,0,0,0,0,1,0,0,0,0,0,3,30.0,3.0
22,Sanchez,CHE,4.9,1,1,90,0,0,90.0,90.0,0,0,0,1,0,0,3,1,0,1,0,0,0,0,0,2,45.0,2.0
22,Sancho,MUN,5.8,1,0,34,1,0,34.0,0.0,0,0,0,0,0,0,0,0,0,0,0,0,0,0,0,1,34.0,0.0
22,Ederson,MCI,5.3,1,1,90,0,0,90.0,90.0,0,0,1,0,0,0,4,0,0,0,0,1,0,0,0,7,12.9,7.0
22,Murillo,NFO,5.3,1,1,90,0,0,90.0,90.0,0,0,0,2,0,0,0,0,0,1,0,0,0,0,0,1,90.0,1.0
22,Matheus Cunha,WOL,7.9,1,1,90,0,0,90.0,90.0,0,0,0,3,0,0,0,0,0,1,0,0,0,0,0,2,45.0,2.0
22,Sarabia,WOL,5.0,1,1,74,0,1,74.0,74.0,0,0,0,3,0,0,0,0,0,1,0,0,0,0,0,2,37.0,2.0
22,Ismaila Sarr,CRY,6.6,1,1,68,0,1,68.0,68.0,0,0,1,0,0,0,0,0,0,1,0,0,0,0,0,3,22.7,3.0
22,Sarr (Pape),TOT,4.9,1,1,73,0,1,73.0,73.0,0,0,0,3,0,0,0,0,0,1,0,0,0,0,0,2,36.5,2.0
22,Scarles,WHU,4.4,1,0,40,1,0,40.0,0.0,0,0,0,1,0,0,0,0,0,0,0,0,0,0,0,1,40.0,0.0
22,Schade,BRE,7.0,1,0,30,1,0,30.0,0.0,0,0,0,2,0,0,0,0,0,0,0,0,0,0,0,1,30.0,0.0
22,Schär,NEW,5.4,1,0,45,1,0,45.0,0.0,0,0,0,2,0,0,0,0,0,0,0,0,0,0,0,0,0.0,0.0
22,Schlupp,CRY,4.6,1,0,6,1,0,6.0,0.0,0,0,0,0,0,0,0,0,0,0,0,0,0,0,0,1,6.0,0.0
22,Sels,NFO,4.8,1,1,90,0,0,90.0,90.0,0,0,0,2,0,0,1,0,0,1,0,0,0,0,0,1,90.0,1.0
22,Semedo,WOL,4.5,1,1,90,0,0,90.0,90.0,0,0,0,3,0,0,0,1,0,1,0,0,0,0,0,0,0.0,0.0
22,Semenyo,BOU,8.1,1,1,90,0,0,90.0,90.0,0,1,0,1,0,0,0,0,0,0,1,1,0,0,0,5,18.0,5.0
22,João Félix,CHE,5.9,1,0,12,1,0,12.0,0.0,0,0,0,0,0,0,0,0,0,0,0,0,0,0,0,1,12.0,0.0
22,Skipp,LEI,4.7,1,0,29,1,0,29.0,0.0,0,0,0,1,0,0,0,0,0,0,0,0,0,0,0,1,29.0,0.0
22,Smallbone,SOU,5.0,1,0,16,1,0,16.0,0.0,0,0,0,0,0,0,0,0,0,0,0,0,0,0,0,1,16.0,0.0
22,Smith-Rowe,FUL,5.7,1,1,78,0,1,78.0,78.0,1,0,1,0,0,0,0,0,0,0,1,1,0,3,1,11,7.1,11.0
22,Soler (Carlos),WHU,5.0,1,0,45,1,0,45.0,0.0,0,0,0,2,0,0,0,0,0,0,0,0,0,0,0,1,45.0,0.0
22,Son,TOT,8.5,1,1,90,0,0,90.0,90.0,0,0,0,3,0,0,0,0,0,1,0,0,0,0,0,2,45.0,2.0
22,Sosa,NFO,5.5,1,0,20,1,0,20.0,0.0,0,0,0,1,0,0,0,0,0,0,0,0,0,0,0,1,20.0,0.0
22,Soucek,WHU,5.7,1,1,90,0,0,90.0,90.0,0,0,0,2,0,0,0,0,0,1,0,0,0,0,0,2,45.0,2.0
22,Soumaré,LEI,4.4,1,1,90,0,0,90.0,90.0,0,0,0,2,0,0,0,0,0,1,0,0,0,0,0,2,45.0,2.0
22,Spence,TOT,4.5,1,1,90,0,0,90.0,90.0,0,0,0,3,0,0,0,0,0,1,0,0,0,0,0,1,90.0,1.0
22,Sterling,ARS,6.7,1,0,16,1,0,16.0,0.0,0,0,0,0,0,0,0,1,0,0,0,0,0,0,0,0,0.0,0.0
22,Stolarczyk,LEI,4.0,1,1,90,0,0,90.0,90.0,0,0,0,2,0,0,0,0,0,1,0,0,0,0,0,1,90.0,1.0
22,Strand Larsen,WOL,6.4,1,1,90,0,0,90.0,90.0,0,0,0,3,0,0,0,0,0,1,0,0,0,0,0,2,45.0,2.0
22,Sugawara,SOU,4.2,1,1,57,0,1,57.0,57.0,0,0,0,3,0,0,0,0,0,1,0,0,0,0,0,0,0.0,0.0
22,Sulemana,SOU,5.0,1,0,38,1,0,38.0,0.0,0,0,0,0,0,0,0,0,0,0,0,0,0,0,0,1,38.0,0.0
22,Szoboszlai,LIV,6.5,1,1,79,0,1,79.0,79.0,0,0,1,0,0,0,0,1,0,1,0,0,0,0,0,2,39.5,2.0
22,Tarkowski,EVE,5.5,1,1,90,0,0,90.0,90.0,0,0,0,2,0,0,0,0,0,1,0,0,0,0,0,1,90.0,1.0
22,Taylor (Jack),IPS,4.8,1,0,21,1,0,21.0,0.0,0,0,0,0,0,0,0,0,0,0,0,0,0,0,0,1,21.0,0.0
22,Tielemans,AVL,5.9,1,1,90,0,0,90.0,90.0,1,0,0,2,0,0,0,0,0,0,1,1,0,1,0,8,11.3,8.0
22,Jurriën Timber,ARS,6.1,1,1,90,0,0,90.0,90.0,0,0,0,2,0,0,0,0,0,1,0,0,0,0,0,1,90.0,1.0
22,Lucas Paquetá,WHU,5.9,1,1,55,0,1,55.0,55.0,0,0,0,1,0,0,0,0,0,1,0,0,0,0,0,1,55.0,1.0
22,Tonali,NEW,5.4,1,1,90,0,0,90.0,90.0,0,0,0,4,0,0,0,0,0,1,0,0,0,0,0,2,45.0,2.0
22,Traoré (Adama),FUL,5.2,1,0,45,1,0,45.0,0.0,1,0,0,0,0,0,0,0,0,0,1,1,0,0,0,6,7.5,0.0
22,Amad Diallo,MUN,6.3,1,1,90,0,0,90.0,90.0,0,0,0,3,0,0,0,0,0,1,0,0,0,0,0,2,45.0,2.0
22,Trippier,NEW,5.0,1,0,32,1,0,32.0,0.0,0,0,0,2,0,0,0,0,0,0,0,0,0,0,0,0,0.0,0.0
22,Trossard,ARS,6.9,1,1,90,0,0,90.0,90.0,0,2,0,2,0,0,0,1,0,0,2,2,0,3,1,10,9.0,10.0
22,Tsimikas,LIV,4.8,1,1,64,0,1,64.0,64.0,0,0,1,0,0,0,0,1,0,0,0,1,0,0,0,5,12.8,5.0
22,Tuanzebe,IPS,3.9,1,0,29,1,0,29.0,0.0,0,0,0,1,0,0,0,0,0,0,0,0,0,0,0,1,29.0,0.0
22,Ugarte,MUN,4.8,1,1,62,0,1,62.0,62.0,0,0,0,2,0,0,0,1,0,1,0,0,0,0,0,1,62.0,1.0
22,Ugochukwu,SOU,5.0,1,0,45,1,0,45.0,0.0,0,1,0,0,0,0,0,1,0,0,1,1,0,0,0,3,15.0,0.0
22,van den Berg,BRE,4.5,1,1,90,0,0,90.0,90.0,0,0,0,2,0,0,0,0,0,1,0,0,0,0,0,1,90.0,1.0
22,van Dijk,LIV,6.0,1,1,90,0,0,90.0,90.0,0,0,1,0,0,0,0,0,0,0,0,1,0,0,0,6,15.0,6.0
22,van Hecke,BHA,4.4,1,1,90,0,0,90.0,90.0,0,0,0,1,0,0,0,0,0,1,0,0,0,0,0,2,45.0,2.0
22,Vardy,LEI,5.4,1,1,90,0,0,90.0,90.0,0,0,0,2,0,0,0,0,0,1,0,0,0,0,0,2,45.0,2.0
22,Veltman,BHA,4.4,1,1,90,0,0,90.0,90.0,0,0,0,1,0,0,0,0,0,1,0,0,0,0,0,2,45.0,2.0
22,Verbruggen,BHA,4.4,1,1,90,0,0,90.0,90.0,0,0,0,1,0,0,0,0,0,1,0,0,0,0,0,2,45.0,2.0
22,Vestergaard,LEI,3.9,1,1,90,0,0,90.0,90.0,0,0,0,2,0,0,0,1,0,1,0,0,0,0,0,0,0.0,0.0
22,Walker-Peters,SOU,4.4,1,1,90,0,0,90.0,90.0,0,0,0,3,0,0,0,1,0,1,0,0,0,0,0,0,0.0,0.0
22,Walton,IPS,4.3,1,1,90,0,0,90.0,90.0,0,0,0,6,0,0,3,0,0,1,0,0,0,0,0,0,0.0,0.0
22,Wan-Bissaka,WHU,4.3,1,1,90,0,0,90.0,90.0,0,0,0,2,0,0,0,0,0,1,0,0,0,0,0,1,90.0,1.0
22,Watkins,AVL,8.5,1,1,78,0,1,78.0,78.0,1,0,0,2,0,0,0,0,0,0,1,1,0,2,0,8,9.8,8.0
22,Welbeck,BHA,6.4,1,1,67,0,1,67.0,67.0,0,0,0,1,0,0,0,0,0,1,0,0,0,0,0,2,33.5,2.0
22,Williams (Neco),NFO,4.7,1,1,90,0,0,90.0,90.0,0,0,0,2,0,0,0,0,0,1,0,0,0,0,0,1,90.0,1.0
22,Willock,NEW,5.0,1,0,32,1,0,32.0,0.0,0,0,0,2,0,0,0,0,0,0,0,0,0,0,0,1,32.0,0.0
22,Wilson (Harry),FUL,5.3,1,1,89,0,1,89.0,89.0,0,1,1,0,0,0,0,0,0,0,1,1,0,1,0,7,12.7,7.0
22,Winks,LEI,4.3,1,1,64,0,1,64.0,64.0,0,0,0,1,0,0,0,0,0,1,0,0,0,0,0,2,32.0,2.0
22,Winterburn,BOU,4.5,1,0,1,1,0,1.0,0.0,0,0,0,0,0,0,0,0,0,0,0,0,0,0,0,1,1.0,0.0
22,Wissa,BRE,7.4,1,1,90,0,0,90.0,90.0,0,0,0,2,0,0,0,0,0,1,0,0,0,0,0,2,45.0,2.0
22,Wood (Chris),NFO,7.2,1,1,76,0,1,76.0,76.0,1,1,0,1,0,0,0,0,0,0,2,2,0,3,1,12,6.3,12.0
22,Yarmolyuk,BRE,5.0,1,1,90,0,0,90.0,90.0,0,0,0,2,0,0,0,0,0,1,0,0,0,0,0,2,45.0,2.0
22,Yates,NFO,4.8,1,0,20,1,0,20.0,0.0,0,0,0,1,0,0,0,0,0,0,0,0,0,0,0,1,20.0,0.0
22,Yoro,MUN,4.4,1,1,90,0,0,90.0,90.0,0,0,0,3,0,0,0,1,0,1,0,0,0,0,0,0,0.0,0.0
22,Young (Ashley),EVE,4.2,1,0,26,1,0,26.0,0.0,0,0,0,2,0,0,0,0,0,0,0,0,0,0,0,0,0.0,0.0
22,Zabarnyi,BOU,5.0,1,1,90,0,0,90.0,90.0,0,0,0,1,0,0,0,0,0,1,0,0,0,0,0,2,45.0,2.0
22,Zirkzee,MUN,5.8,1,1,81,0,1,81.0,81.0,0,1,0,3,0,0,0,0,0,0,1,1,0,0,0,5,16.2,5.0
26,Adams (Tyler),BOU,5.0,1,0,35,1,0,35.0,0.0,0,0,0,0,0,0,0,0,0,0,0,0,0,0,0,1,35.0,0.0
26,Tosin,CHE,4.4,1,0,87,1,0,87.0,0.0,0,0,0,2,0,0,0,0,0,0,0,0,0,0,0,1,87.0,0.0
26,Adingra,BHA,5.1,1,0,15,1,0,15.0,0.0,0,0,0,0,0,0,0,0,0,0,0,0,0,0,0,1,15.0,0.0
26,Aina,NFO,4.7,1,1,90,0,0,90.0,90.0,0,0,0,4,0,0,0,0,0,1,0,0,0,0,0,0,0.0,0.0
26,Ait Nouri,WOL,5.8,1,1,78,0,1,78.0,78.0,0,0,1,0,0,0,0,0,0,0,0,1,0,0,0,6,13.0,6.0
26,Ajer,BRE,4.4,1,1,83,0,1,83.0,83.0,0,0,1,0,0,0,0,0,0,0,0,1,0,0,0,6,13.8,6.0
26,Aké,MCI,5.4,1,1,76,0,1,76.0,76.0,0,0,0,2,0,0,0,0,0,1,0,0,0,0,0,1,76.0,1.0
26,Alcaraz,EVE,5.2,1,0,15,1,0,15.0,0.0,0,0,0,0,0,0,0,0,0,0,0,0,0,0,0,1,15.0,0.0
26,Alexander-Arnold,LIV,7.2,1,1,90,0,1,90.0,90.0,0,0,1,0,0,0,0,0,0,0,0,1,0,0,0,6,15.0,6.0
26,Álvarez (Edson),WHU,4.9,1,1,87,0,1,87.0,87.0,0,0,1,0,0,0,0,0,0,1,0,0,0,0,0,3,29.0,3.0
26,Andersen,FUL,4.5,1,1,90,0,0,90.0,90.0,0,0,0,2,1,0,0,0,0,1,0,0,0,0,0,0,0.0,0.0
26,Anderson,NFO,5.3,1,1,76,0,1,76.0,76.0,0,0,0,4,0,0,0,1,0,1,0,0,0,0,0,1,76.0,1.0
26,Archer,SOU,4.8,1,1,70,0,1,70.0,70.0,0,0,0,3,0,0,0,0,0,1,0,0,0,0,0,2,35.0,2.0
26,Areola,WHU,4.3,1,1,90,0,0,90.0,90.0,0,0,1,0,0,0,2,0,0,0,0,1,0,0,0,6,15.0,6.0
26,Aribo,SOU,4.9,1,1,90,0,0,90.0,90.0,0,0,0,4,0,0,0,0,0,1,0,0,0,0,0,2,45.0,2.0
26,Kepa,BOU,4.2,1,1,90,0,0,90.0,90.0,0,0,0,1,0,0,5,1,0,1,0,0,0,0,0,2,45.0,2.0
26,Asensio,AVL,6.0,1,1,90,0,0,90.0,90.0,2,0,0,1,0,0,0,0,0,0,2,2,0,3,1,15,6.0,15.0
26,Ayari,BHA,4.9,1,1,65,0,1,65.0,65.0,0,0,1,0,0,0,0,0,0,1,0,0,0,0,0,3,21.7,3.0
26,Ayew,LEI,5.1,1,1,54,0,1,54.0,54.0,0,0,0,3,0,0,0,0,0,1,0,0,0,0,0,1,54.0,1.0
26,Bailey,AVL,5.5,1,0,21,1,0,21.0,0.0,0,0,0,0,0,0,0,0,0,0,0,0,0,0,0,1,21.0,0.0
26,Baleba,BHA,4.7,1,1,90,0,0,90.0,90.0,0,0,1,0,0,0,0,0,0,1,0,0,0,0,0,3,30.0,3.0
26,Barnes,NEW,6.4,1,0,25,1,0,25.0,0.0,0,0,0,1,0,0,0,0,0,0,0,0,0,0,0,1,25.0,0.0
26,Bassey,FUL,4.5,1,1,90,0,0,90.0,90.0,0,0,0,2,0,0,0,0,0,1,0,0,0,0,0,1,90.0,1.0
26,Bednarek,SOU,4.0,1,1,10,0,1,10.0,10.0,0,0,0,0,0,0,0,0,0,1,0,0,0,0,0,1,10.0,1.0
26,Bella Kotchap,SOU,3.9,1,0,81,1,0,81.0,0.0,0,0,0,4,0,0,0,0,0,0,0,0,0,0,0,0,0.0,0.0
26,Bellegarde,WOL,5.2,1,1,78,0,1,78.0,78.0,0,0,1,0,0,0,0,0,0,1,0,0,0,0,0,3,26.0,3.0
26,Bentancur,TOT,5.3,1,1,90,0,0,90.0,90.0,0,0,0,1,0,0,0,0,0,1,0,0,0,0,0,2,45.0,2.0
26,Berge,FUL,4.9,1,1,53,0,1,53.0,53.0,0,0,0,1,0,0,0,1,0,1,0,0,0,0,0,0,0.0,0.0
26,Bergvall,TOT,5.4,1,1,80,0,1,80.0,80.0,0,0,0,1,0,0,0,0,0,1,0,0,0,0,0,2,40.0,2.0
26,Bissouma,TOT,5.2,1,0,13,1,0,13.0,0.0,0,0,0,0,0,0,0,0,0,0,0,0,0,0,0,1,13.0,0.0
26,Bogarde,AVL,4.0,1,0,38,1,0,38.0,0.0,0,0,0,0,0,0,0,0,0,0,0,0,0,0,0,1,38.0,0.0
26,Willian,FUL,5.0,1,0,19,1,0,19.0,0.0,0,0,0,0,0,0,0,0,0,0,0,0,0,0,0,1,19.0,0.0
26,Bruno Fernandes,MUN,8.9,1,1,90,0,0,90.0,90.0,1,0,0,2,0,0,0,0,0,0,1,1,0,3,1,10,9.0,10.0
26,Bowen,WHU,7.8,1,1,81,0,1,81.0,81.0,1,0,1,0,0,0,0,0,0,0,1,1,0,2,1,10,8.1,10.0
26,Branthwaite,EVE,5.3,1,1,90,0,0,90.0,90.0,0,0,0,2,0,0,0,0,0,1,0,0,0,0,0,1,90.0,1.0
26,Bree,SOU,3.9,1,1,90,0,0,90.0,90.0,0,0,0,4,0,0,0,0,0,1,0,0,0,0,0,0,0.0,0.0
26,Broadhead,IPS,4.9,1,0,28,1,0,28.0,0.0,0,0,0,2,0,0,0,0,0,0,0,0,0,0,0,1,28.0,0.0
26,Brooks,BOU,5.0,1,0,35,1,0,35.0,0.0,0,0,0,0,0,0,0,0,0,0,0,0,0,0,0,1,35.0,0.0
26,Bueno (Santiago),WOL,4.4,1,1,72,0,1,72.0,72.0,0,0,1,0,0,0,0,1,0,0,0,1,0,2,0,7,10.3,7.0
26,Buonanotte,LEI,4.8,1,0,39,1,0,39.0,0.0,0,0,0,1,0,0,0,1,0,0,0,0,0,0,0,0,0.0,0.0
26,Burn,NEW,5.1,1,1,90,0,0,90.0,90.0,0,0,0,3,0,0,0,0,0,1,0,0,0,0,0,1,90.0,1.0
26,Moises Caicedo,CHE,5.9,1,1,90,0,0,90.0,90.0,0,0,0,2,0,0,0,1,0,1,0,0,0,0,0,1,90.0,1.0
26,Cairney,FUL,4.9,1,0,22,1,1,22.0,0.0,0,0,0,1,0,0,0,0,0,0,0,0,0,0,0,1,22.0,0.0
26,Cajuste,IPS,4.5,1,1,50,0,1,50.0,50.0,0,0,0,2,0,0,0,0,0,1,0,0,0,0,0,1,50.0,1.0
26,Calafiori,ARS,5.8,1,1,56,0,1,56.0,56.0,0,0,0,1,0,0,0,0,0,1,0,0,0,0,0,1,56.0,1.0
26,Pedro Lima,WOL,4.0,1,0,17,1,0,17.0,0.0,0,0,0,0,0,0,0,0,0,0,0,0,0,0,0,1,17.0,0.0
26,Carvalho,BRE,4.9,1,0,21,1,0,21.0,0.0,1,0,0,0,0,0,0,0,0,0,1,1,0,0,0,6,3.5,0.0
26,Cash,AVL,4.6,1,1,67,0,1,67.0,67.0,0,0,0,1,0,0,0,0,0,1,0,0,0,0,0,2,33.5,2.0
26,Castagne,FUL,4.4,1,1,75,0,1,75.0,75.0,0,0,0,2,0,0,0,0,0,1,0,0,0,0,0,1,75.0,1.0
26,Chalobah,CHE,5.1,1,1,5,0,1,5.0,5.0,0,0,0,0,0,0,0,0,0,1,0,0,0,0,0,1,5.0,1.0
26,Chilwell,CRY,4.6,1,0,9,1,0,9.0,0.0,0,0,0,0,0,0,0,0,0,0,0,0,0,0,0,1,9.0,0.0
26,Christie,BOU,5.0,1,1,60,0,1,60.0,60.0,0,0,0,1,0,0,0,0,0,1,0,0,0,0,0,1,60.0,1.0
26,Clarke (Jack),IPS,5.4,1,1,66,0,1,66.0,66.0,0,1,0,2,0,0,0,1,0,0,1,1,0,0,0,4,16.5,4.0
26,Coady,LEI,4.0,1,0,10,1,0,10.0,0.0,0,0,0,1,0,0,0,0,0,0,0,0,0,0,0,1,10.0,0.0
26,Collins,BRE,4.9,1,1,90,0,0,90.0,90.0,0,0,1,0,0,0,0,0,0,0,0,1,0,0,0,6,15.0,6.0
26,Colwill,CHE,4.8,1,1,90,0,0,90.0,90.0,0,0,0,2,0,0,0,0,0,1,0,0,0,0,0,1,90.0,1.0
26,Cook,BOU,4.9,1,1,90,0,0,90.0,90.0,0,0,0,1,0,0,0,0,0,1,0,0,0,0,0,2,45.0,2.0
26,Coulibaly,LEI,4.0,1,1,45,0,1,45.0,45.0,0,0,0,3,0,0,0,1,0,1,0,0,0,0,0,0,0.0,0.0
26,Cresswell,WHU,3.9,1,1,90,0,0,90.0,90.0,0,0,1,0,0,0,0,0,0,0,0,1,0,0,0,6,15.0,6.0
26,Cucurella,CHE,6.1,1,1,90,0,0,90.0,90.0,0,0,0,2,0,0,0,0,0,1,0,0,0,0,0,1,90.0,1.0
26,André,WOL,5.4,1,1,90,0,0,90.0,90.0,0,0,1,0,0,0,0,0,0,1,0,0,0,0,0,3,30.0,3.0
26,Dalot,MUN,4.4,1,1,90,0,0,90.0,90.0,0,0,0,2,0,0,0,0,0,1,0,0,0,0,0,1,90.0,1.0
26,Damsgaard,BRE,5.8,1,1,72,0,1,72.0,72.0,0,2,1,0,0,0,0,0,0,0,2,2,0,1,1,10,7.2,10.0
26,Danso,TOT,4.3,1,1,90,0,0,90.0,90.0,0,0,0,1,0,0,0,0,0,1,0,0,0,0,0,2,45.0,2.0
26,Davis,IPS,4.2,1,1,90,0,0,90.0,90.0,0,0,0,4,0,0,0,0,0,1,0,0,0,0,0,0,0.0,0.0
26,De Bruyne,MCI,9.5,1,1,65,0,1,65.0,65.0,0,0,0,2,0,0,0,0,0,1,0,0,0,0,0,2,32.5,2.0
26,de Ligt,MUN,5.0,1,1,90,0,0,90.0,90.0,0,0,0,2,0,0,0,0,0,1,0,0,0,0,0,1,90.0,1.0
26,DeCordova-Reid,LEI,5.2,1,1,45,0,1,45.0,45.0,0,0,0,3,0,0,0,1,0,1,0,0,0,0,0,0,0.0,0.0
26,Delap,IPS,6.2,1,1,75,0,1,75.0,75.0,0,0,0,3,0,0,0,0,0,1,0,0,0,0,0,2,37.5,2.0
26,Devenny,CRY,4.4,1,0,9,1,0,9.0,0.0,0,0,0,0,0,0,0,0,0,0,0,0,0,0,0,1,9.0,0.0
26,Díaz,LIV,8.0,1,1,77,0,1,77.0,77.0,0,0,1,0,0,0,0,0,0,1,0,0,0,0,0,3,25.7,3.0
26,Dibling,SOU,5.4,1,1,90,0,0,90.0,90.0,0,0,0,4,0,0,0,0,0,1,0,0,0,0,0,2,45.0,2.0
26,Diop,FUL,4.4,1,0,19,1,0,19.0,0.0,0,0,0,0,0,0,0,0,0,0,0,0,0,0,0,1,19.0,0.0
26,Djiga,WOL,4.5,1,0,23,1,0,23.0,0.0,0,0,0,0,0,0,0,0,0,0,0,0,0,0,0,1,23.0,0.0
26,Doherty,WOL,4.4,1,1,90,0,0,90.0,90.0,0,0,1,0,0,0,0,1,0,0,0,1,0,0,0,5,18.0,5.0
26,Doku,MCI,6.5,1,1,90,0,0,90.0,90.0,0,0,0,2,0,0,0,0,0,1,0,0,0,0,0,2,45.0,2.0
26,Nicolás Domínguez,NFO,5.0,1,1,76,0,1,76.0,76.0,0,0,0,4,0,0,0,1,0,1,0,0,0,0,0,1,76.0,1.0
26,Dorgu,MUN,4.3,1,1,90,0,0,90.0,90.0,0,0,0,2,0,0,0,0,0,1,0,0,0,0,0,1,90.0,1.0
26,Gabriel Magalhães,ARS,6.5,1,1,90,0,0,90.0,90.0,0,0,0,1,0,0,0,0,0,1,0,0,0,0,0,2,45.0,2.0
26,Doucouré,EVE,5.1,1,1,81,0,1,81.0,81.0,1,1,0,2,0,0,0,0,0,0,2,2,0,2,1,12,6.8,12.0
26,Doyle (Tommy),WOL,4.7,1,0,8,1,0,8.0,0.0,0,0,0,0,0,0,0,0,0,0,0,0,0,0,0,1,8.0,0.0
26,El Khannouss,LEI,4.8,1,1,90,0,0,90.0,90.0,0,0,0,4,0,0,0,0,0,1,0,0,0,0,0,2,45.0,2.0
26,Elanga,NFO,6.7,1,1,90,0,0,90.0,90.0,0,0,0,4,0,0,0,0,0,1,0,0,0,0,0,2,45.0,2.0
26,Elliott,LIV,5.4,1,0,4,1,0,4.0,0.0,0,0,0,0,0,0,0,0,0,0,0,0,0,0,0,1,4.0,0.0
26,Endo,LIV,4.9,1,0,22,1,0,22.0,0.0,0,0,0,0,0,0,0,0,0,0,0,0,0,0,0,1,22.0,0.0
26,Mateus Fernandes,SOU,5.5,1,1,86,0,1,86.0,86.0,0,0,0,4,0,0,0,0,0,1,0,0,0,0,0,2,43.0,2.0
26,Estupiñán,BHA,4.5,1,0,27,1,0,27.0,0.0,0,0,0,0,0,0,0,0,0,0,0,0,0,0,0,1,27.0,0.0
26,Eze,CRY,7.6,1,1,85,0,1,85.0,85.0,0,0,1,0,0,0,0,0,0,1,0,0,0,0,0,3,28.3,3.0
26,Faes,LEI,3.8,1,1,90,0,0,90.0,90.0,0,0,0,4,0,0,0,0,0,1,0,0,0,0,0,0,0.0,0.0
26,Ferguson,WHU,5.5,1,0,18,1,0,18.0,0.0,0,0,0,0,0,0,0,0,0,0,0,0,0,0,0,1,18.0,0.0
26,Fernández,CHE,6.7,1,1,90,0,0,90.0,90.0,1,0,0,2,0,0,0,1,0,0,1,1,0,1,0,7,12.9,7.0
26,Flekken,BRE,4.5,1,1,90,0,0,90.0,90.0,0,0,1,0,0,0,3,0,0,0,0,1,0,0,0,7,12.9,7.0
26,Foden,MCI,8.0,1,1,90,0,0,90.0,90.0,0,0,0,2,0,0,0,0,0,1,0,0,0,0,0,2,45.0,2.0
26,Casemiro,MUN,5.5,1,1,62,0,1,62.0,62.0,0,0,0,2,0,0,0,0,0,1,0,0,0,0,0,2,31.0,2.0
26,Gakpo,LIV,7.6,1,0,16,1,0,16.0,0.0,0,0,0,0,0,0,0,0,0,0,0,0,0,0,0,1,16.0,0.0
26,García,AVL,3.9,1,0,28,1,0,28.0,0.0,0,0,0,0,0,0,0,0,0,0,0,0,0,0,0,1,28.0,0.0
26,Garnacho,MUN,6.4,1,0,34,1,0,34.0,0.0,0,0,0,0,0,0,0,0,0,0,0,0,0,0,0,1,34.0,0.0
26,Garner,EVE,5.0,1,1,81,0,1,81.0,81.0,0,0,0,2,0,0,0,1,0,1,0,0,0,0,0,1,81.0,1.0
26,Rúben Dias,MCI,5.5,1,0,18,1,0,18.0,0.0,0,0,0,0,0,0,0,0,0,0,0,0,0,0,0,1,18.0,0.0
26,Gibbs-White,NFO,7.3,1,1,90,0,0,90.0,90.0,0,1,0,4,0,0,0,0,0,0,1,1,0,0,0,5,18.0,5.0
26,Godfrey,IPS,4.0,1,1,45,0,1,45.0,45.0,0,0,0,2,0,0,0,1,0,1,0,0,0,0,0,0,0.0,0.0
26,Toti,WOL,4.3,1,1,90,0,0,90.0,90.0,0,0,1,0,0,0,0,0,0,0,0,1,0,0,0,6,15.0,6.0
26,Beto,EVE,5.2,1,1,90,0,0,90.0,90.0,1,0,0,2,0,0,0,0,0,0,1,1,0,0,0,6,15.0,6.0
26,João Gomes,WOL,5.4,1,1,45,0,1,45.0,45.0,0,0,0,0,0,0,0,1,0,1,0,0,0,0,0,0,0.0,0.0
26,Gómez (Diego),BHA,4.9,1,0,27,1,0,27.0,0.0,0,0,0,0,0,0,0,0,0,0,0,0,0,0,0,1,27.0,0.0
26,González (Nico),MCI,5.9,1,1,76,0,1,76.0,76.0,0,0,0,2,0,0,0,0,0,1,0,0,0,0,0,2,38.0,2.0
26,Gordon (Anthony),NEW,7.5,1,1,90,0,0,90.0,90.0,0,0,0,3,0,0,0,0,0,1,0,0,0,0,0,2,45.0,2.0
26,Gravenberch,LIV,5.6,1,1,90,0,0,90.0,90.0,0,0,1,0,0,0,0,0,0,1,0,0,0,0,0,3,30.0,3.0
26,Gray (Archie),TOT,4.8,1,1,90,0,0,90.0,90.0,0,0,0,1,0,0,0,0,0,1,0,0,0,0,0,2,45.0,2.0
26,Greaves,IPS,3.8,1,1,90,0,0,90.0,90.0,0,0,0,4,0,0,0,0,0,1,0,0,0,0,0,0,0.0,0.0
26,Gruda,BHA,5.4,1,0,15,1,0,15.0,0.0,0,1,0,0,0,0,0,0,0,0,1,1,0,0,0,4,3.8,0.0
26,Grønbæk,SOU,4.9,1,0,6,1,0,6.0,0.0,0,0,0,0,0,0,0,0,0,0,0,0,0,0,0,1,6.0,0.0
26,Marc Guehi,CRY,4.9,1,1,90,0,0,90.0,90.0,0,0,1,0,0,0,0,1,0,0,0,1,0,0,0,5,18.0,5.0
26,Gueye,EVE,5.4,1,1,90,0,0,90.0,90.0,0,0,0,2,0,0,0,1,0,1,0,0,0,0,0,1,90.0,1.0
26,Bruno Guimarães,NEW,6.5,1,1,90,0,0,90.0,90.0,0,0,0,3,0,0,0,0,0,1,0,0,0,0,0,2,45.0,2.0
26,Gundogan,MCI,6.3,1,0,18,1,0,18.0,0.0,0,0,0,0,0,0,0,0,0,0,0,0,0,0,0,1,18.0,0.0
26,Gusto,CHE,4.9,1,1,90,0,0,90.0,90.0,0,0,0,2,0,0,0,0,0,1,0,0,0,0,0,1,90.0,1.0
26,Gvardiol,MCI,5.9,1,1,90,0,0,90.0,90.0,0,0,0,2,0,0,0,0,0,1,0,0,0,0,0,1,90.0,1.0
26,Lewis Hall,NEW,5.2,1,1,90,0,0,90.0,90.0,0,2,0,3,0,0,0,0,0,0,2,2,0,2,0,9,10.0,9.0
26,Harrison (Jack),EVE,5.2,1,1,90,0,0,90.0,90.0,0,1,0,2,0,0,0,0,0,0,1,1,0,0,0,5,18.0,5.0
26,Henderson,CRY,5.0,1,1,90,0,0,90.0,90.0,0,0,1,0,0,0,0,0,0,0,0,1,0,0,0,6,15.0,6.0
26,Hermansen,LEI,4.4,1,1,90,0,0,90.0,90.0,0,0,0,4,0,0,3,0,0,1,0,0,0,0,0,1,90.0,1.0
26,Hill (James),BOU,4.0,1,1,60,0,1,60.0,60.0,0,0,0,1,0,0,0,0,0,1,0,0,0,0,0,1,60.0,1.0
26,Hinshelwood,BHA,5.1,1,1,81,0,1,81.0,81.0,1,0,1,0,0,0,0,0,0,0,1,1,0,2,1,10,8.1,10.0
26,Hirst,IPS,5.4,1,0,19,1,0,19.0,0.0,0,0,0,1,0,0,0,0,0,0,0,0,0,0,0,1,19.0,0.0
26,Hudson-Odoi,NFO,5.8,1,1,90,0,0,90.0,90.0,1,0,0,4,0,0,0,0,0,0,1,1,0,1,0,8,11.3,8.0
26,Hughes,CRY,4.8,1,1,85,0,1,85.0,85.0,0,1,1,0,0,0,0,1,0,0,1,1,0,0,0,5,17.0,5.0
26,Huijsen,BOU,4.5,1,1,90,0,0,90.0,90.0,0,0,0,1,0,0,0,0,0,1,0,0,0,0,0,2,45.0,2.0
26,Hutchinson,IPS,5.4,1,1,90,0,0,90.0,90.0,1,0,0,4,0,0,0,0,0,0,1,1,0,2,0,9,10.0,9.0
26,Højlund,MUN,6.3,1,1,70,0,1,70.0,70.0,0,0,0,2,0,0,0,0,0,1,0,0,0,0,0,2,35.0,2.0
26,Iroegbunam,EVE,4.9,1,0,15,1,0,15.0,0.0,0,0,0,0,0,0,0,0,0,0,0,0,0,0,0,1,15.0,0.0
26,Isak,NEW,10.4,1,1,86,0,1,86.0,86.0,2,0,0,2,0,0,0,0,0,0,2,2,0,3,1,13,6.6,13.0
26,Iwobi,FUL,6.5,1,1,75,0,1,75.0,75.0,0,0,0,2,0,0,0,0,0,1,0,0,0,0,0,2,37.5,2.0
26,James,CHE,5.5,1,1,90,0,0,90.0,90.0,0,0,0,2,0,0,0,0,0,1,0,0,0,0,0,1,90.0,1.0
26,Janelt,BRE,4.9,1,1,72,0,1,72.0,72.0,0,0,1,0,0,0,0,0,0,1,0,0,0,0,0,3,24.0,3.0
26,Jebbison,BOU,4.5,1,0,9,1,0,9.0,0.0,0,0,0,0,0,0,0,0,0,0,0,0,0,0,0,1,9.0,0.0
26,Raúl Jiménez,FUL,6.2,1,1,90,0,0,90.0,90.0,0,0,0,2,0,0,0,0,0,1,0,0,0,0,0,2,45.0,2.0
26,Johnson (Brennan),TOT,6.7,1,1,62,0,1,62.0,62.0,2,0,0,1,0,0,0,1,0,0,2,2,0,3,1,14,4.4,14.0
26,Jones,LIV,5.4,1,1,72,0,1,72.0,72.0,0,0,1,0,0,0,0,0,0,1,0,0,0,0,0,3,24.0,3.0
26,João Pedro,BHA,7.4,1,1,90,0,0,90.0,90.0,1,1,1,0,0,0,0,0,0,0,2,2,0,3,1,12,7.5,12.0
26,Jørgensen,CHE,4.4,1,1,90,0,0,90.0,90.0,0,0,0,2,0,0,4,0,0,1,0,0,0,0,0,2,45.0,2.0
26,Kamada,CRY,5.0,1,0,24,1,0,24.0,0.0,0,0,0,0,0,0,0,0,0,0,0,0,0,0,0,1,24.0,0.0
26,Kayode,BRE,4.5,1,0,10,1,0,10.0,0.0,0,0,0,0,0,0,0,0,0,0,0,0,0,0,0,1,10.0,0.0
26,Kerkez,BOU,5.8,1,1,90,0,0,90.0,90.0,0,0,0,1,0,0,0,1,0,1,0,0,0,0,0,1,90.0,1.0
26,Khusanov,MCI,5.4,1,1,90,0,0,90.0,90.0,0,0,0,2,0,0,0,0,0,1,0,0,0,0,0,1,90.0,1.0
26,Kilman,WHU,4.3,1,1,90,0,0,90.0,90.0,0,0,1,0,0,0,0,0,0,0,0,1,0,2,0,8,11.3,8.0
26,Kluivert,BOU,7.0,1,1,72,0,1,72.0,72.0,0,0,0,1,0,0,0,0,0,1,0,0,0,0,0,2,36.0,2.0
26,Konak,BRE,4.4,1,0,6,1,0,6.0,0.0,0,0,0,0,0,0,0,0,0,0,0,0,0,0,0,1,6.0,0.0
26,Konaté,LIV,5.4,1,1,90,0,0,90.0,90.0,0,0,1,0,0,0,0,0,0,0,0,1,0,0,0,6,15.0,6.0
26,Konsa Ngoyo,AVL,4.4,1,1,90,0,0,90.0,90.0,0,0,0,1,0,0,0,0,0,1,0,0,0,0,0,2,45.0,2.0
26,Kovacic,MCI,5.9,1,0,18,1,0,18.0,0.0,0,0,0,0,0,0,0,0,0,0,0,0,0,0,0,1,18.0,0.0
26,Kristiansen,LEI,4.4,1,1,90,0,0,90.0,90.0,0,0,0,4,0,0,0,0,0,1,0,0,0,0,0,0,0.0,0.0
26,Kudus,WHU,6.8,1,1,90,0,0,90.0,90.0,0,0,1,0,0,0,0,0,0,1,0,0,0,0,0,3,30.0,3.0
26,Kulusevski,TOT,6.4,1,1,90,0,0,90.0,90.0,1,0,0,1,0,0,0,0,0,0,1,1,0,2,0,9,10.0,9.0
26,Lacroix,CRY,5.0,1,1,90,0,0,90.0,90.0,0,0,1,0,0,0,0,0,0,0,0,1,0,3,0,9,10.0,9.0
26,Lamptey,BHA,4.4,1,1,65,0,1,65.0,65.0,0,0,1,0,0,0,0,0,0,0,0,1,0,0,0,6,10.8,6.0
26,Leno,FUL,5.0,1,1,90,0,0,90.0,90.0,0,0,0,2,0,0,4,0,0,1,0,0,0,0,0,2,45.0,2.0
26,Lerma,CRY,4.9,1,1,76,0,1,76.0,76.0,0,0,1,0,0,0,0,0,0,1,0,0,0,0,0,3,25.3,3.0
26,Lewis (Rico),MCI,4.9,1,1,90,0,0,90.0,90.0,0,0,0,2,0,0,0,0,0,1,0,0,0,0,0,1,90.0,1.0
26,Lewis-Potter,BRE,4.9,1,1,90,0,0,90.0,90.0,0,0,1,0,0,0,0,0,0,1,0,0,0,0,0,3,30.0,3.0
26,Lewis-Skelly,ARS,5.2,1,0,16,1,0,16.0,0.0,0,0,0,0,0,0,0,0,1,0,0,0,0,0,0,0,0.0,0.0
26,Lindstrom,EVE,5.0,1,1,53,0,1,53.0,53.0,0,0,0,0,0,0,0,0,0,1,0,0,0,0,0,1,53.0,1.0
26,Livramento,NEW,4.9,1,1,90,0,0,90.0,90.0,0,0,0,3,0,0,0,1,0,1,0,0,0,0,0,0,0.0,0.0
26,Lukic,FUL,5.0,1,1,90,0,0,90.0,90.0,0,0,0,2,0,0,0,0,0,1,0,0,0,0,0,2,45.0,2.0
26,Maatsen,AVL,4.3,1,1,90,0,0,90.0,90.0,0,0,0,1,0,0,0,0,0,1,0,0,0,0,0,2,45.0,2.0
26,Mac Allister,LIV,6.3,1,1,90,0,0,90.0,90.0,0,0,1,0,0,0,0,0,0,1,0,0,0,0,0,3,30.0,3.0
26,Maddison,TOT,6.9,1,0,31,1,0,31.0,0.0,0,1,0,0,0,0,0,0,0,0,1,1,0,0,0,4,7.8,0.0
26,Maghoma,BRE,4.5,1,0,21,1,0,21.0,0.0,0,0,0,0,0,0,0,0,0,0,0,0,0,0,0,1,21.0,0.0
26,Maguire,MUN,4.4,1,1,90,0,0,90.0,90.0,0,0,0,2,0,0,0,0,0,1,0,0,0,0,0,1,90.0,1.0
26,Malen,AVL,5.1,1,0,20,1,0,20.0,0.0,0,0,0,0,0,0,0,0,0,0,0,0,0,0,0,1,20.0,0.0
26,José Sá,WOL,4.4,1,1,90,0,0,90.0,90.0,0,0,1,0,0,0,3,0,0,0,0,1,0,2,0,9,10.0,9.0
26,Omar Marmoush,MCI,8.3,1,1,76,0,1,76.0,76.0,0,0,0,2,0,0,0,0,0,1,0,0,0,0,0,2,38.0,2.0
26,Martinez,AVL,5.0,1,1,90,0,0,90.0,90.0,0,0,0,1,0,0,5,0,0,1,0,0,0,0,0,3,30.0,3.0
26,Mateta,CRY,7.7,1,1,90,0,0,90.0,90.0,0,1,1,0,0,0,0,0,0,0,1,1,0,0,0,5,18.0,5.0
26,Mavididi,LEI,5.0,1,0,45,1,0,45.0,0.0,0,0,0,1,0,0,0,0,0,0,0,0,0,0,0,1,45.0,0.0
26,Mavropanos,WHU,4.4,1,0,38,1,0,38.0,0.0,0,0,0,0,0,0,0,0,0,0,0,0,0,0,0,1,38.0,0.0
26,Mazraoui,MUN,4.9,1,1,70,0,1,70.0,70.0,0,0,0,2,0,0,0,0,0,1,0,0,0,0,0,1,70.0,1.0
26,Mbeumo,BRE,8.2,1,1,90,0,0,90.0,90.0,1,1,1,0,0,0,0,0,0,0,2,2,0,3,1,14,6.4,14.0
26,Mcatee,MCI,5.2,1,0,29,1,0,29.0,0.0,0,0,0,0,0,0,0,0,0,0,0,0,0,0,0,1,29.0,0.0
26,McGinn,AVL,5.4,1,1,90,0,0,90.0,90.0,0,0,0,1,0,0,0,1,0,1,0,0,0,0,0,1,90.0,1.0
26,Merino,ARS,5.9,1,1,90,0,0,90.0,90.0,0,0,0,1,0,0,0,0,0,1,0,0,0,0,0,2,45.0,2.0
26,Milenkovic,NFO,5.2,1,1,90,0,0,90.0,90.0,1,0,0,4,0,0,0,1,0,0,1,1,0,0,0,5,18.0,5.0
26,Miley (Lewis),NEW,4.4,1,1,90,0,0,90.0,90.0,1,0,0,3,0,0,0,0,0,0,1,1,0,1,0,8,11.3,8.0
26,Mings,AVL,4.4,1,1,56,0,1,56.0,56.0,0,0,0,1,0,0,0,0,0,1,0,0,0,0,0,1,56.0,1.0
26,Minteh,BHA,6.0,1,1,90,0,0,90.0,90.0,0,1,1,0,0,0,0,0,0,0,1,1,0,0,0,6,15.0,6.0
26,Mitchell,CRY,5.0,1,1,90,0,0,90.0,90.0,0,0,1,0,0,0,0,0,0,0,0,1,0,1,0,7,12.9,7.0
26,Mitoma,BHA,6.2,1,1,77,0,1,77.0,77.0,1,0,1,0,0,0,0,0,0,0,1,1,0,0,0,8,9.6,8.0
26,Savinho,MCI,6.9,1,1,90,0,0,90.0,90.0,0,0,0,2,0,0,0,0,0,1,0,0,0,0,0,2,45.0,2.0
26,Morsy,IPS,4.8,1,0,19,1,0,19.0,0.0,0,0,0,1,0,0,0,0,0,0,0,0,0,0,0,1,19.0,0.0
26,Munetsi,WOL,5.4,1,1,90,0,0,90.0,90.0,0,1,1,0,0,0,0,0,0,0,1,1,0,0,0,6,15.0,6.0
26,Rodrigo Muniz,FUL,5.4,1,0,19,1,0,19.0,0.0,0,0,0,0,0,0,0,0,0,0,0,0,0,0,0,1,19.0,0.0
26,Muñoz,CRY,5.7,1,1,90,0,0,90.0,90.0,1,0,1,0,0,0,0,1,0,0,1,2,0,2,1,13,6.9,13.0
26,Murphy (Jacob),NEW,6.1,1,1,69,0,1,69.0,69.0,1,0,0,2,0,0,0,0,0,0,1,1,0,0,0,7,9.9,7.0
26,Mykolenko,EVE,4.9,1,1,90,0,0,90.0,90.0,0,0,0,2,0,0,0,0,0,1,0,0,0,0,0,1,90.0,1.0
26,Ndidi,LEI,4.9,1,1,77,0,1,77.0,77.0,0,0,0,3,0,0,0,0,0,1,0,0,0,0,0,2,38.5,2.0
26,Neto,CHE,7.0,1,1,90,0,0,90.0,90.0,0,1,0,2,0,0,0,0,0,0,1,1,0,0,0,5,18.0,5.0
26,Nkunku,CHE,5.9,1,1,73,0,1,73.0,73.0,0,0,0,1,0,0,0,1,0,1,0,0,0,0,0,1,73.0,1.0
26,Norgaard,BRE,5.2,1,1,45,0,1,45.0,45.0,1,0,0,0,0,0,0,0,0,0,1,1,0,0,0,6,7.5,6.0
26,Nwaneri,ARS,5.2,1,1,80,0,1,80.0,80.0,0,0,0,1,0,0,0,0,0,1,0,0,0,0,0,2,40.0,2.0
26,O'Brien,EVE,5.0,1,1,90,0,0,90.0,90.0,0,0,0,2,0,0,0,1,0,1,0,0,0,0,0,0,0.0,0.0
26,O'Shea,IPS,3.8,1,1,90,0,0,90.0,90.0,0,0,0,4,0,0,0,0,0,1,0,0,0,0,0,0,0.0,0.0
26,Obi-Martin,MUN,4.3,1,0,26,1,0,26.0,0.0,0,0,0,0,0,0,0,1,0,0,0,0,0,0,0,0,0.0,0.0
26,Odegaard,ARS,7.9,1,1,90,0,0,90.0,90.0,0,0,0,1,0,0,0,0,0,1,0,0,0,0,0,2,45.0,2.0
26,Odobert,TOT,5.3,1,0,22,1,0,22.0,0.0,0,0,0,0,0,0,0,0,0,0,0,0,0,0,0,1,22.0,0.0
26,Okoli,LEI,4.0,1,1,83,0,1,83.0,83.0,0,0,0,3,0,0,0,1,0,1,0,0,0,0,0,0,0.0,0.0
26,Onana,MUN,4.9,1,1,90,0,0,90.0,90.0,0,0,0,2,0,0,6,0,0,1,0,0,0,0,0,3,30.0,3.0
26,Paul Onuachu,SOU,4.9,1,0,22,1,0,22.0,0.0,0,0,0,1,0,0,0,0,0,0,0,0,0,0,0,1,22.0,0.0
26,Dango Ouattara,BOU,6.0,1,1,86,0,1,86.0,86.0,0,0,0,1,0,0,0,0,0,1,0,0,0,0,0,2,43.0,2.0
26,Palmer (Alex),IPS,4.5,1,1,90,0,0,90.0,90.0,0,0,0,4,0,0,2,0,0,1,0,0,0,0,0,0,0.0,0.0
26,Palmer (Cole),CHE,10.3,1,1,90,0,0,90.0,90.0,0,0,0,2,0,0,0,0,0,1,0,0,0,0,0,2,45.0,2.0
26,Partey,ARS,4.9,1,1,90,0,0,90.0,90.0,0,0,0,1,0,0,0,1,0,1,0,0,0,0,0,1,90.0,1.0
26,Pereira,FUL,5.3,1,0,41,1,0,41.0,0.0,0,0,0,1,0,0,0,0,0,0,0,0,0,0,0,1,41.0,0.0
26,Phillips (Kalvin),IPS,4.8,1,1,75,0,1,75.0,75.0,0,0,0,3,0,0,0,0,0,1,0,0,0,0,0,2,37.5,2.0
26,Philogene-Bidace,IPS,5.3,1,1,90,0,0,90.0,90.0,0,0,0,4,0,0,0,0,0,1,0,0,0,0,0,2,45.0,2.0
26,Pickford,EVE,5.5,1,1,90,0,0,90.0,90.0,0,0,0,2,0,0,1,0,0,1,0,0,0,0,0,1,90.0,1.0
26,Pinnock,BRE,4.3,1,1,90,0,0,90.0,90.0,0,0,1,0,0,0,0,0,0,0,0,1,0,0,0,6,15.0,6.0
26,Pope,NEW,5.2,1,1,90,0,0,90.0,90.0,0,0,0,3,0,0,2,0,0,1,0,0,0,0,0,1,90.0,1.0
26,Porro,TOT,5.5,1,0,31,1,0,31.0,0.0,0,0,0,0,0,0,0,0,0,0,0,0,0,0,0,1,31.0,0.0
26,Quansah,LIV,3.9,1,0,4,1,0,4.0,0.0,0,0,0,0,0,0,0,0,0,0,0,0,0,0,0,1,4.0,0.0
26,Ramsdale,SOU,4.8,1,1,90,0,0,90.0,90.0,0,0,0,4,0,0,8,1,0,1,0,0,0,0,0,1,90.0,1.0
26,Alisson,LIV,5.4,1,1,90,0,0,90.0,90.0,0,0,1,0,0,0,5,0,0,0,0,1,0,1,0,8,11.3,8.0
26,Ramsey (Jacob),AVL,5.3,1,1,45,0,1,45.0,45.0,0,0,0,1,0,0,0,0,0,1,0,0,0,0,0,1,45.0,1.0
26,Rashford,AVL,7.0,1,0,45,1,0,45.0,0.0,0,2,0,0,0,0,0,0,0,0,2,2,0,2,0,9,5.0,0.0
26,Raya Martin,ARS,5.8,1,1,90,0,0,90.0,90.0,0,0,0,1,0,0,1,0,0,1,0,0,0,0,0,2,45.0,2.0
26,Rice,ARS,6.7,1,1,56,0,1,56.0,56.0,0,0,0,1,0,0,0,0,0,1,0,0,0,0,0,1,56.0,1.0
26,Richards (Chris),CRY,4.5,1,1,90,0,0,90.0,90.0,0,0,1,0,0,0,0,0,0,0,0,1,0,1,0,7,12.9,7.0
26,Robertson,LIV,5.8,1,1,72,0,1,72.0,72.0,0,0,1,0,0,0,0,0,0,0,0,1,0,0,0,6,12.0,6.0
26,Robinson (Antonee),FUL,4.9,1,1,90,0,0,90.0,90.0,0,0,0,2,0,0,0,0,0,1,0,0,0,0,0,1,90.0,1.0
26,Rogers,AVL,6.8,1,1,74,0,1,74.0,74.0,0,0,0,1,0,0,0,0,0,1,0,0,0,0,0,2,37.0,2.0
26,Rutter,BHA,5.7,1,1,77,0,1,77.0,77.0,1,0,1,0,0,0,0,0,0,0,1,1,0,0,0,8,9.6,8.0
26,Salah,LIV,14.3,1,1,90,0,1,90.0,90.0,1,1,1,0,0,0,0,0,0,0,2,2,0,3,1,14,6.4,14.0
26,Saliba,ARS,6.0,1,1,85,0,1,85.0,85.0,0,0,0,1,0,0,0,0,0,1,0,0,0,0,0,2,42.5,2.0
26,Sancho,MUN,5.8,1,0,21,1,0,21.0,0.0,0,0,0,1,0,0,0,0,0,0,0,0,0,0,0,1,21.0,0.0
26,Sangaré,NFO,4.9,1,0,18,1,0,18.0,0.0,0,0,0,0,0,0,0,0,0,0,0,0,0,0,0,1,18.0,0.0
26,Ederson,MCI,5.3,1,1,90,0,0,90.0,90.0,0,0,0,2,0,0,2,0,0,1,0,0,0,0,0,1,90.0,1.0
26,Murillo,NFO,5.3,1,1,90,0,0,90.0,90.0,0,0,0,4,0,0,0,0,0,1,0,0,0,0,0,0,0.0,0.0
26,Welington,SOU,4.0,1,1,45,0,1,45.0,45.0,0,0,0,1,0,0,0,0,0,1,0,0,0,0,0,1,45.0,1.0
26,Matheus Cunha,WOL,7.9,1,1,86,0,1,86.0,86.0,1,0,1,0,0,0,0,0,0,0,1,1,0,3,0,9,9.6,9.0
26,Sarabia,WOL,5.0,1,0,17,1,0,17.0,0.0,0,0,0,0,0,0,0,0,0,0,0,0,0,0,0,1,17.0,0.0
26,Ismaila Sarr,CRY,6.6,1,1,70,0,1,70.0,70.0,0,0,1,0,0,0,0,0,0,1,0,0,0,0,0,3,23.3,3.0
26,Scarles,WHU,4.4,1,1,90,0,0,90.0,90.0,0,0,1,0,0,0,0,1,0,0,0,1,0,2,0,7,12.9,7.0
26,Scarlett,TOT,4.3,1,0,22,1,0,22.0,0.0,0,1,0,0,0,0,0,0,0,0,1,1,0,0,0,4,5.5,0.0
26,Schade,BRE,7.0,1,1,86,0,1,86.0,86.0,0,0,1,0,0,0,0,0,0,1,0,0,0,0,0,3,28.7,3.0
26,Schär,NEW,5.4,1,1,90,0,0,90.0,90.0,0,0,0,3,0,0,0,0,0,1,0,0,0,0,0,1,90.0,1.0
26,Scott,BOU,5.0,1,0,23,1,0,23.0,0.0,0,0,0,0,0,0,0,1,0,0,0,0,0,0,0,0,0.0,0.0
26,Sels,NFO,4.8,1,1,90,0,0,90.0,90.0,0,0,0,4,0,0,1,0,0,1,0,0,0,0,0,0,0.0,0.0
26,Semedo,WOL,4.5,1,1,90,0,0,90.0,90.0,0,0,1,0,0,0,0,0,0,0,0,1,0,0,0,6,15.0,6.0
26,Semenyo,BOU,8.1,1,1,90,0,0,90.0,90.0,0,0,0,1,0,0,0,0,0,1,0,0,0,0,0,2,45.0,2.0
26,Skipp,LEI,4.7,1,0,16,1,0,16.0,0.0,0,0,0,1,0,0,0,0,0,0,0,0,0,0,0,1,16.0,0.0
26,Smallbone,SOU,5.0,1,0,22,1,0,22.0,0.0,0,0,0,1,0,0,0,0,0,0,0,0,0,0,0,1,22.0,0.0
26,Smith-Rowe,FUL,5.7,1,1,53,0,1,53.0,53.0,0,0,0,1,0,0,0,0,0,1,0,0,0,0,0,1,53.0,1.0
26,Soler (Carlos),WHU,5.0,1,0,12,1,0,12.0,0.0,0,0,0,0,0,0,0,0,0,0,0,0,0,0,0,1,12.0,0.0
26,Son,TOT,8.5,1,1,72,0,1,72.0,72.0,0,2,0,1,0,0,0,0,0,0,2,2,0,0,0,8,9.0,8.0
26,Soucek,WHU,5.7,1,1,90,0,0,90.0,90.0,0,0,1,0,0,0,0,0,0,1,0,0,0,0,0,3,30.0,3.0
26,Soumaré,LEI,4.4,1,1,90,0,0,90.0,90.0,0,0,0,4,0,0,0,0,0,1,0,0,0,0,0,2,45.0,2.0
26,Spence,TOT,4.5,1,1,90,0,0,90.0,90.0,1,0,0,1,0,0,0,0,0,0,1,1,0,0,0,8,11.3,8.0
26,Sterling,ARS,6.7,1,0,19,1,0,19.0,0.0,0,0,0,0,0,0,0,0,0,0,0,0,0,0,0,1,19.0,0.0
26,Strand Larsen,WOL,6.4,1,0,45,1,0,45.0,0.0,0,0,0,0,0,0,0,0,0,0,0,0,0,0,0,1,45.0,0.0
26,Sugawara,SOU,4.2,1,0,45,1,0,45.0,0.0,0,0,0,3,0,0,0,0,0,0,0,0,0,0,0,0,0.0,0.0
26,Sulemana,SOU,5.0,1,1,90,0,0,90.0,90.0,0,0,0,4,0,0,0,0,0,1,0,0,0,0,0,2,45.0,2.0
26,Szoboszlai,LIV,6.5,1,1,90,0,0,90.0,90.0,1,1,1,0,0,0,0,0,0,0,2,2,0,2,1,13,6.9,13.0
26,Tarkowski,EVE,5.5,1,1,90,0,0,90.0,90.0,0,0,0,2,0,0,0,0,0,1,0,0,0,0,0,1,90.0,1.0
26,Tavernier,BOU,5.5,1,1,90,0,0,90.0,90.0,0,0,0,1,0,0,0,0,0,1,0,0,0,0,0,2,45.0,2.0
26,Taylor (Jack),IPS,4.8,1,0,43,1,0,43.0,0.0,0,0,0,2,0,0,0,0,0,0,0,0,0,0,0,1,43.0,0.0
26,Tel,TOT,6.3,1,1,71,0,1,71.0,71.0,0,0,0,1,0,0,0,0,0,1,0,0,0,0,0,2,35.5,2.0
26,Tielemans,AVL,5.9,1,1,90,0,0,90.0,90.0,0,0,0,1,0,0,0,0,0,1,0,0,0,0,0,2,45.0,2.0
26,Jurriën Timber,ARS,6.1,1,1,90,0,0,90.0,90.0,0,0,0,1,0,0,0,0,0,1,0,0,0,0,0,2,45.0,2.0
26,Todibo,WHU,4.3,1,1,61,0,1,61.0,61.0,0,0,1,0,0,0,0,1,0,0,0,1,0,0,0,5,12.2,5.0
26,Tonali,NEW,5.4,1,0,25,1,0,25.0,0.0,0,0,0,1,0,0,0,0,0,0,0,0,0,0,0,1,25.0,0.0
26,Traoré (Adama),FUL,5.2,1,1,90,0,0,90.0,90.0,0,0,0,2,0,0,0,0,0,1,0,0,0,0,0,2,45.0,2.0
26,Trossard,ARS,6.9,1,1,90,0,0,90.0,90.0,0,0,0,1,0,0,0,0,0,1,0,0,0,0,0,2,45.0,2.0
26,Tsimikas,LIV,4.8,1,0,21,1,0,21.0,0.0,0,0,0,0,0,0,0,0,0,0,0,0,0,0,0,1,21.0,0.0
26,Destiny Udogie,TOT,4.4,1,1,62,0,1,62.0,62.0,0,0,0,1,0,0,0,0,0,1,0,0,0,0,0,2,31.0,2.0
26,Ugarte,MUN,4.8,1,1,90,0,0,90.0,90.0,1,0,0,2,0,0,0,0,0,0,1,1,0,1,0,8,11.3,8.0
26,Ugochukwu,SOU,5.0,1,1,70,0,1,70.0,70.0,0,0,0,3,0,0,0,1,0,1,0,0,0,0,0,1,70.0,1.0
26,van Dijk,LIV,6.0,1,1,90,0,0,90.0,90.0,0,0,1,0,0,0,0,0,0,0,0,1,0,0,0,6,15.0,6.0
26,van Hecke,BHA,4.4,1,1,90,0,0,90.0,90.0,0,0,1,0,0,0,0,0,0,0,0,1,0,1,0,7,12.9,7.0
26,Vardy,LEI,5.4,1,1,90,0,0,90.0,90.0,0,0,0,4,0,0,0,0,0,1,0,0,0,0,0,2,45.0,2.0
26,Verbruggen,BHA,4.4,1,1,90,0,0,90.0,90.0,0,0,1,0,0,0,1,0,0,0,0,1,0,0,0,6,15.0,6.0
26,Vestergaard,LEI,3.9,1,0,45,1,0,45.0,0.0,0,0,0,1,0,0,0,0,0,0,0,0,0,0,0,1,45.0,0.0
26,Vicario,TOT,5.1,1,1,90,0,0,90.0,90.0,0,0,0,1,0,0,4,0,0,1,0,0,0,0,0,3,30.0,3.0
26,Walker-Peters,SOU,4.4,1,1,90,0,0,90.0,90.0,0,0,0,4,0,0,0,0,0,1,0,0,0,0,0,0,0.0,0.0
26,Wan-Bissaka,WHU,4.3,1,1,90,0,0,90.0,90.0,0,1,1,0,0,0,0,0,0,0,1,2,0,3,1,12,7.5,12.0
26,Ward-Prowse,WHU,5.7,1,1,90,0,0,90.0,90.0,0,0,1,0,0,0,0,1,0,1,0,0,0,0,0,2,45.0,2.0
26,Watkins,AVL,8.5,1,1,73,0,1,73.0,73.0,0,0,0,1,0,0,0,0,0,1,0,0,0,0,0,2,36.5,2.0
26,Webster,BHA,4.4,1,1,90,0,0,90.0,90.0,0,0,1,0,0,0,0,0,0,0,0,1,0,0,0,6,15.0,6.0
26,Wharton,CRY,5.0,1,0,18,1,0,18.0,0.0,0,0,0,0,0,0,0,0,0,0,0,0,0,0,0,1,18.0,0.0
26,White (Ben),ARS,5.4,1,0,14,1,0,14.0,0.0,0,0,0,0,0,0,0,0,0,0,0,0,0,0,0,1,14.0,0.0
26,Wieffer,BHA,4.9,1,0,11,1,0,11.0,0.0,0,0,0,0,0,0,0,0,0,0,0,0,0,0,0,1,11.0,0.0
26,Williams (Neco),NFO,4.7,1,1,90,0,0,90.0,90.0,0,0,0,4,0,0,0,0,0,1,0,0,0,0,0,0,0.0,0.0
26,Willock,NEW,5.0,1,1,69,0,1,69.0,69.0,0,1,0,2,0,0,0,0,0,0,1,1,0,0,0,5,13.8,5.0
26,Wilson (Callum),NEW,5.9,1,0,8,1,0,8.0,0.0,0,0,0,1,0,0,0,0,0,0,0,0,0,0,0,1,8.0,0.0
26,Wissa,BRE,7.4,1,1,90,0,0,90.0,90.0,1,0,1,0,0,0,0,0,0,0,1,1,0,2,0,8,11.3,8.0
26,Wood (Chris),NFO,7.2,1,1,90,0,0,90.0,90.0,0,1,0,4,0,0,0,0,0,0,1,1,0,0,0,5,18.0,5.0
26,Woolfenden,IPS,3.9,1,0,45,1,0,45.0,0.0,0,0,0,2,0,0,0,0,0,0,0,0,0,0,0,0,0.0,0.0
26,Yarmolyuk,BRE,5.0,1,0,45,1,0,45.0,0.0,0,0,0,0,0,0,0,0,0,0,0,0,0,0,0,1,45.0,0.0
26,Yates,NFO,4.8,1,0,18,1,0,18.0,0.0,1,0,0,0,0,0,0,1,0,0,1,1,0,0,0,5,3.6,0.0
26,Yoro,MUN,4.4,1,0,26,1,0,26.0,0.0,0,0,0,0,0,0,0,0,0,0,0,0,0,0,0,1,26.0,0.0
26,Young (Ashley),EVE,4.2,1,0,42,1,0,42.0,0.0,0,0,0,2,0,0,0,1,0,0,0,0,0,0,0,0,0.0,0.0
26,Zabarnyi,BOU,5.0,1,1,30,0,0,30.0,30.0,0,0,0,0,0,0,0,0,1,1,0,0,0,0,0,0,0.0,0.0
26,Zinchenko,ARS,4.9,1,0,43,1,0,43.0,0.0,0,0,0,0,0,0,0,0,0,0,0,0,0,0,0,1,43.0,0.0
26,Zirkzee,MUN,5.8,1,1,90,0,0,90.0,90.0,0,0,0,2,0,0,0,0,0,1,0,0,0,0,0,2,45.0,2.0
27,Acheampong,CHE,3.9,1,0,11,1,0,11.0,0.0,0,0,0,0,0,0,0,0,0,0,0,0,0,0,0,1,11.0,0.0
27,Adams (Tyler),BOU,5.0,1,1,90,0,0,90.0,90.0,0,0,0,2,0,0,0,0,0,1,0,0,0,0,0,2,45.0,2.0
27,Tosin,CHE,4.4,1,1,90,0,0,90.0,90.0,0,1,1,0,0,0,0,0,0,0,1,2,0,0,0,9,10.0,9.0
27,Aina,NFO,4.7,1,1,90,0,0,90.0,90.0,0,0,1,0,0,0,0,0,0,0,0,1,0,0,0,6,15.0,6.0
27,Ait Nouri,WOL,5.8,1,1,90,0,0,90.0,90.0,0,0,0,2,0,0,0,0,0,1,0,0,0,0,0,1,90.0,1.0
27,Ajer,BRE,4.4,1,1,80,0,1,80.0,80.0,0,0,0,1,0,0,0,0,0,1,0,0,0,0,0,2,40.0,2.0
27,Alcaraz,EVE,5.2,1,1,90,0,0,90.0,90.0,0,0,0,1,0,0,0,1,0,1,0,0,0,0,0,1,90.0,1.0
27,Alexander-Arnold,LIV,7.2,1,1,74,0,1,74.0,74.0,0,0,1,0,0,0,0,0,0,0,0,1,0,0,0,6,12.3,6.0
27,Álvarez (Edson),WHU,4.9,1,1,65,0,1,65.0,65.0,0,0,1,0,0,0,0,0,0,1,0,0,0,0,0,3,21.7,3.0
27,Amougou,CHE,4.5,1,0,11,1,0,11.0,0.0,0,0,0,0,0,0,0,0,0,0,0,0,0,0,0,1,11.0,0.0
27,Andersen,FUL,4.5,1,1,90,0,0,90.0,90.0,0,0,0,1,0,0,0,0,0,1,0,0,0,0,0,2,45.0,2.0
27,Anderson,NFO,5.3,1,1,90,0,0,90.0,90.0,0,0,1,0,0,0,0,0,0,1,0,0,0,0,0,3,30.0,3.0
27,Archer,SOU,4.8,1,0,11,1,0,11.0,0.0,0,0,0,0,0,0,0,0,0,0,0,0,0,0,0,1,11.0,0.0
27,Areola,WHU,4.3,1,1,90,0,0,90.0,90.0,0,0,1,0,0,0,2,0,0,0,0,1,0,0,0,6,15.0,6.0
27,Aribo,SOU,4.9,1,1,90,0,0,90.0,90.0,0,0,0,4,0,0,0,0,0,1,0,0,0,0,0,2,45.0,2.0
27,Kepa,BOU,4.2,1,1,90,0,0,90.0,90.0,0,0,0,2,0,0,2,0,0,1,0,0,0,0,0,1,90.0,1.0
27,Asensio,AVL,6.0,1,0,29,1,0,29.0,0.0,0,0,0,2,0,0,0,0,0,0,0,0,0,0,0,1,29.0,0.0
27,Awoniyi,NFO,5.2,1,0,10,1,0,10.0,0.0,0,0,0,0,0,0,0,0,0,0,0,0,0,0,0,1,10.0,0.0
27,Ayari,BHA,4.9,1,0,25,1,0,25.0,0.0,0,0,0,0,0,0,0,0,0,0,0,0,0,0,0,1,25.0,0.0
27,Bailey,AVL,5.5,1,0,45,1,0,45.0,0.0,0,0,0,3,0,0,0,1,0,0,0,0,0,0,0,0,0.0,0.0
27,Baleba,BHA,4.7,1,1,84,0,1,84.0,84.0,0,0,0,1,0,0,0,0,0,1,0,0,0,0,0,2,42.0,2.0
27,Barnes,NEW,6.4,1,0,29,1,0,29.0,0.0,0,0,0,0,0,0,0,0,0,0,0,0,0,0,0,1,29.0,0.0
27,Bassey,FUL,4.5,1,0,21,1,0,21.0,0.0,0,0,0,0,0,0,0,0,0,0,0,0,0,0,0,1,21.0,0.0
27,Bella Kotchap,SOU,3.9,1,1,90,0,0,90.0,90.0,0,0,0,4,0,0,0,0,0,1,0,0,0,0,0,0,0.0,0.0
27,Bellegarde,WOL,5.2,1,1,61,0,1,61.0,61.0,0,0,0,2,0,0,0,0,0,1,0,0,0,0,0,2,30.5,2.0
27,Bentancur,TOT,5.3,1,1,66,0,1,66.0,66.0,0,0,0,1,0,0,0,1,0,1,0,0,0,0,0,1,66.0,1.0
27,Berge,FUL,4.9,1,1,90,0,0,90.0,90.0,0,0,0,1,0,0,0,1,0,1,0,0,0,0,0,1,90.0,1.0
27,Bergvall,TOT,5.4,1,1,90,0,0,90.0,90.0,0,0,0,1,0,0,0,0,0,1,0,0,0,0,0,2,45.0,2.0
27,Bogarde,AVL,4.0,1,1,90,0,0,90.0,90.0,0,0,0,4,0,0,0,0,0,1,0,0,0,0,0,0,0.0,0.0
27,Willian,FUL,5.0,1,0,31,1,0,31.0,0.0,0,0,0,0,0,0,0,0,0,0,0,0,0,0,0,1,31.0,0.0
27,Bruno Fernandes,MUN,8.9,1,1,90,0,0,90.0,90.0,0,2,0,2,0,0,0,0,0,0,2,2,0,2,1,10,9.0,10.0
27,Bowen,WHU,7.8,1,1,90,0,0,90.0,90.0,0,1,1,0,0,0,0,0,0,0,1,1,0,0,0,6,15.0,6.0
27,Branthwaite,EVE,5.3,1,1,90,0,0,90.0,90.0,0,0,0,1,0,0,0,0,0,1,0,0,0,0,0,2,45.0,2.0
27,Bree,SOU,3.9,1,1,45,0,1,45.0,45.0,0,0,0,3,0,0,0,0,0,1,0,0,0,0,0,0,0.0,0.0
27,Broadhead,IPS,4.9,1,0,30,1,0,30.0,0.0,0,0,0,0,0,0,0,0,0,0,0,0,0,0,0,1,30.0,0.0
27,Brooks,BOU,5.0,1,1,45,0,1,45.0,45.0,0,0,0,1,0,0,0,0,0,1,0,0,0,0,0,1,45.0,1.0
27,Bueno (Santiago),WOL,4.4,1,1,74,0,1,74.0,74.0,0,0,0,2,0,0,0,1,0,1,0,0,0,0,0,0,0.0,0.0
27,Buonanotte,LEI,4.8,1,1,90,0,0,90.0,90.0,0,0,0,2,0,0,0,0,0,1,0,0,0,0,0,2,45.0,2.0
27,Burn,NEW,5.1,1,1,90,0,0,90.0,90.0,0,0,0,2,0,0,0,0,0,1,0,0,0,0,0,1,90.0,1.0
27,Moises Caicedo,CHE,5.9,1,1,81,0,1,81.0,81.0,0,0,1,0,0,0,0,1,0,1,0,0,0,0,0,2,40.5,2.0
27,Cajuste,IPS,4.5,1,1,90,0,1,90.0,90.0,0,0,0,3,0,0,0,0,0,1,0,0,0,0,0,2,45.0,2.0
27,Calafiori,ARS,5.8,1,1,45,0,1,45.0,45.0,0,0,0,0,0,0,0,1,0,1,0,0,0,0,0,0,0.0,0.0
27,Castagne,FUL,4.4,1,1,90,0,0,90.0,90.0,0,0,0,1,0,0,0,0,0,1,0,0,0,0,0,2,45.0,2.0
27,Christie,BOU,5.0,1,1,24,0,1,24.0,24.0,0,0,0,1,0,0,0,0,0,1,0,0,0,0,0,1,24.0,1.0
27,Clarke (Jack),IPS,5.4,1,1,90,0,0,90.0,90.0,0,0,0,3,0,0,0,0,0,1,0,0,0,0,0,2,45.0,2.0
27,Collins,BRE,4.9,1,1,90,0,0,90.0,90.0,0,0,0,1,0,0,0,1,0,1,0,0,0,0,0,1,90.0,1.0
27,Colwill,CHE,4.8,1,1,90,0,0,90.0,90.0,1,0,1,0,0,0,0,0,0,0,1,2,0,2,1,14,6.4,14.0
27,Cook,BOU,4.9,1,1,90,0,0,90.0,90.0,0,0,0,2,0,0,0,0,0,1,0,0,0,0,0,2,45.0,2.0
27,Cresswell,WHU,3.9,1,1,90,0,0,90.0,90.0,0,0,1,0,0,0,0,0,0,0,0,1,0,3,0,9,10.0,9.0
27,Cucurella,CHE,6.1,1,1,90,0,0,90.0,90.0,1,0,1,0,0,0,0,0,0,0,1,2,0,3,1,15,6.0,15.0
27,Cuenca,FUL,4.4,1,1,73,0,1,73.0,73.0,0,0,0,1,0,0,0,0,0,1,0,0,0,0,0,2,36.5,2.0
27,André,WOL,5.4,1,1,74,0,1,74.0,74.0,0,0,0,2,0,0,0,0,0,1,0,0,0,0,0,2,37.0,2.0
27,Daka,LEI,4.8,1,0,7,1,0,7.0,0.0,0,0,0,0,0,0,0,0,0,0,0,0,0,0,0,1,7.0,0.0
27,Dalot,MUN,4.4,1,1,90,0,0,90.0,90.0,0,1,0,2,0,0,0,0,0,0,1,1,0,0,0,4,22.5,4.0
27,Damsgaard,BRE,5.8,1,1,90,0,0,90.0,90.0,0,0,0,1,0,0,0,0,0,1,0,0,0,0,0,2,45.0,2.0
27,Danso,TOT,4.3,1,1,90,0,0,90.0,90.0,0,0,0,1,0,0,0,0,0,1,0,0,0,0,0,2,45.0,2.0
27,Davis,IPS,4.2,1,1,79,0,1,79.0,79.0,0,0,0,3,0,0,0,0,0,1,0,0,0,0,0,1,79.0,1.0
27,de Ligt,MUN,5.0,1,1,90,0,0,90.0,90.0,1,0,0,2,0,0,0,0,0,0,1,1,0,0,0,7,12.9,7.0
27,Evanilson,BOU,7.0,1,0,20,1,0,20.0,0.0,0,0,0,0,0,0,0,0,0,0,0,0,0,0,0,1,20.0,0.0
27,DeCordova-Reid,LEI,5.2,1,1,60,0,1,60.0,60.0,0,0,0,2,0,0,0,0,0,1,0,0,0,0,0,2,30.0,2.0
27,Delap,IPS,6.2,1,1,90,0,0,90.0,90.0,0,0,0,3,0,0,0,1,0,1,0,0,0,0,0,1,90.0,1.0
27,Dewsbury-Hall,CHE,4.9,1,0,27,1,0,27.0,0.0,0,0,0,0,0,0,0,0,0,0,0,0,0,0,0,1,27.0,0.0
27,Díaz,LIV,8.0,1,1,83,0,1,83.0,83.0,0,1,1,0,0,0,0,0,0,0,1,1,0,2,0,8,10.4,8.0
27,Dibling,SOU,5.4,1,0,36,1,0,36.0,0.0,0,0,0,1,0,0,0,0,0,0,0,0,0,0,0,1,36.0,0.0
27,Digne,AVL,4.5,1,1,76,0,1,76.0,76.0,0,0,0,3,0,0,0,0,0,1,0,0,0,0,0,1,76.0,1.0
27,Diop,FUL,4.4,1,1,90,0,0,90.0,90.0,0,0,0,1,0,0,0,0,0,1,0,0,0,0,0,2,45.0,2.0
27,Disasi,AVL,4.2,1,1,90,0,0,90.0,90.0,0,0,0,4,0,0,0,0,0,1,0,0,0,0,0,0,0.0,0.0
27,Doherty,WOL,4.4,1,1,90,0,0,90.0,90.0,0,0,0,2,0,0,0,0,0,1,0,0,0,0,0,1,90.0,1.0
27,Doku,MCI,6.5,1,1,90,0,1,90.0,90.0,0,0,1,0,0,0,0,0,0,1,0,0,0,0,0,3,30.0,3.0
27,Nicolás Domínguez,NFO,5.0,1,1,62,0,1,62.0,62.0,0,0,1,0,0,0,0,0,0,1,0,0,0,0,0,3,20.7,3.0
27,Dorgu,MUN,4.3,1,1,40,0,0,40.0,40.0,0,0,0,1,0,0,0,0,1,1,0,0,0,0,0,0,0.0,0.0
27,Danilo,NFO,4.7,1,0,32,1,0,32.0,0.0,0,0,0,0,0,0,0,0,0,0,0,0,0,0,0,1,32.0,0.0
27,Gabriel Magalhães,ARS,6.5,1,1,90,0,0,90.0,90.0,0,0,1,0,0,0,0,0,0,0,0,1,0,1,0,7,12.9,7.0
27,Downes,SOU,4.7,1,1,81,0,1,81.0,81.0,0,0,0,4,0,0,0,0,0,1,0,0,0,0,0,2,40.5,2.0
27,Doyle (Tommy),WOL,4.7,1,0,20,1,0,20.0,0.0,0,0,0,0,0,0,0,0,0,0,0,0,0,0,0,1,20.0,0.0
27,El Khannouss,LEI,4.8,1,1,90,0,0,90.0,90.0,0,0,0,2,0,0,0,0,0,1,0,0,0,0,0,2,45.0,2.0
27,Elanga,NFO,6.7,1,1,62,0,1,62.0,62.0,0,0,1,0,0,0,0,0,0,1,0,0,0,0,0,3,20.7,3.0
27,Endo,LIV,4.9,1,0,20,1,0,20.0,0.0,0,0,0,0,0,0,0,0,0,0,0,0,0,0,0,1,20.0,0.0
27,Eriksen,MUN,5.2,1,0,5,1,0,5.0,0.0,0,0,0,0,0,0,0,0,0,0,0,0,0,0,0,1,5.0,0.0
27,Mateus Fernandes,SOU,5.5,1,1,90,0,0,90.0,90.0,0,0,0,4,0,0,0,0,0,1,0,0,0,0,0,2,45.0,2.0
27,Estupiñán,BHA,4.5,1,1,71,0,1,71.0,71.0,0,0,0,1,0,0,0,0,0,1,0,0,0,0,0,2,35.5,2.0
27,Eze,CRY,7.6,1,1,90,0,0,90.0,90.0,0,1,0,1,0,0,0,0,0,0,1,1,0,0,0,5,18.0,5.0
27,Faes,LEI,3.8,1,1,90,0,0,90.0,90.0,0,0,0,2,0,0,0,0,0,1,0,0,0,0,0,1,90.0,1.0
27,Ferguson,WHU,5.5,1,0,20,1,0,20.0,0.0,0,0,0,0,0,0,0,0,0,0,0,0,0,0,0,1,20.0,0.0
27,Fernández,CHE,6.7,1,1,87,0,1,87.0,87.0,0,0,1,0,0,0,0,0,0,1,0,0,0,0,0,3,29.0,3.0
27,Flekken,BRE,4.5,1,1,90,0,0,90.0,90.0,0,0,0,1,0,0,3,0,0,1,0,0,0,0,0,3,30.0,3.0
27,Foden,MCI,8.0,1,0,25,1,0,25.0,0.0,0,0,0,0,0,0,0,0,0,0,0,0,0,0,0,1,25.0,0.0
27,Casemiro,MUN,5.5,1,0,29,1,0,29.0,0.0,0,0,0,0,0,0,0,0,0,0,0,0,0,0,0,1,29.0,0.0
27,Jorginho,ARS,4.6,1,1,70,0,1,70.0,70.0,0,0,1,0,0,0,0,0,0,1,0,0,0,0,0,3,23.3,3.0
27,Gakpo,LIV,7.6,1,0,35,1,0,35.0,0.0,0,0,0,0,0,0,0,0,0,0,0,0,0,0,0,1,35.0,0.0
27,García,AVL,3.9,1,1,45,0,1,45.0,45.0,0,0,0,1,0,0,0,0,0,1,0,0,0,0,0,1,45.0,1.0
27,Garnacho,MUN,6.4,1,1,42,0,1,42.0,42.0,0,0,0,1,0,0,0,0,0,1,0,0,0,0,0,1,42.0,1.0
27,Garner,EVE,5.0,1,1,90,0,0,90.0,90.0,0,0,0,1,0,0,0,0,0,1,0,0,0,0,0,2,45.0,2.0
27,Rúben Dias,MCI,5.5,1,1,90,0,0,90.0,90.0,0,0,1,0,0,0,0,0,0,0,0,1,0,0,0,6,15.0,6.0
27,George,CHE,4.9,1,0,26,1,0,26.0,0.0,0,1,0,0,0,0,0,0,0,0,1,1,0,0,0,4,6.5,0.0
27,Gibbs-White,NFO,7.3,1,1,90,0,0,90.0,90.0,0,0,1,0,0,0,0,0,0,1,0,0,0,0,0,3,30.0,3.0
27,Toti,WOL,4.3,1,1,90,0,0,90.0,90.0,0,0,0,2,0,0,0,0,0,1,0,0,0,0,0,1,90.0,1.0
27,Beto,EVE,5.2,1,1,90,0,0,90.0,90.0,0,0,0,1,0,0,0,0,0,1,0,0,0,0,0,2,45.0,2.0
27,João Gomes,WOL,5.4,1,1,90,0,0,90.0,90.0,1,0,0,2,0,0,0,0,0,0,1,1,0,0,0,7,12.9,7.0
27,Gómez (Diego),BHA,4.9,1,1,71,0,1,71.0,71.0,0,0,0,1,0,0,0,0,0,1,0,0,0,0,0,2,35.5,2.0
27,González (Nico),MCI,5.9,1,1,73,0,1,73.0,73.0,0,0,1,0,0,0,0,0,0,1,0,0,0,0,0,3,24.3,3.0
27,Gordon (Anthony),NEW,7.5,1,1,90,0,0,90.0,90.0,0,0,0,2,0,0,0,0,0,1,0,0,0,0,0,2,45.0,2.0
27,Gravenberch,LIV,5.6,1,1,74,0,1,74.0,74.0,0,0,1,0,0,0,0,0,0,1,0,0,0,0,0,3,24.7,3.0
27,Gray (Archie),TOT,4.8,1,1,90,0,0,90.0,90.0,0,0,0,1,0,0,0,0,0,1,0,0,0,0,0,2,45.0,2.0
27,Grealish,MCI,6.9,1,0,7,1,0,7.0,0.0,0,0,0,0,0,0,0,0,0,0,0,0,0,0,0,1,7.0,0.0
27,Greaves,IPS,3.8,1,1,90,0,0,90.0,90.0,0,0,0,3,0,0,0,0,0,1,0,0,0,0,0,1,90.0,1.0
27,Marc Guehi,CRY,4.9,1,1,90,0,0,90.0,90.0,0,0,0,1,0,0,0,0,0,1,0,0,0,0,0,2,45.0,2.0
27,Gueye,EVE,5.4,1,1,74,0,1,74.0,74.0,0,0,0,1,0,0,0,0,0,1,0,0,0,0,0,2,37.0,2.0
27,Bruno Guimarães,NEW,6.5,1,1,84,0,1,84.0,84.0,0,0,0,2,0,0,0,0,0,1,0,0,0,0,0,2,42.0,2.0
27,Gundogan,MCI,6.3,1,0,6,1,0,6.0,0.0,0,0,0,0,0,0,0,0,0,0,0,0,0,0,0,1,6.0,0.0
27,Gusto,CHE,4.9,1,1,90,0,0,90.0,90.0,0,0,1,0,0,0,0,0,0,0,0,1,0,0,0,6,15.0,6.0
27,Gvardiol,MCI,5.9,1,1,90,0,0,90.0,90.0,0,0,1,0,0,0,0,0,0,0,0,1,0,1,0,7,12.9,7.0
27,Haaland,MCI,14.8,1,1,90,0,0,90.0,90.0,1,0,1,0,0,0,0,0,0,0,1,1,0,2,0,8,11.3,8.0
27,Lewis Hall,NEW,5.2,1,1,90,0,0,90.0,90.0,0,0,0,2,0,0,0,0,0,1,0,0,0,0,0,1,90.0,1.0
27,Harrison (Jack),EVE,5.2,1,1,90,0,0,90.0,90.0,0,0,0,1,0,0,0,0,0,1,0,0,0,0,0,2,45.0,2.0
27,Harwood-Bellis,SOU,3.9,1,0,45,1,0,45.0,0.0,0,0,0,1,0,0,0,0,0,0,0,0,0,0,0,1,45.0,0.0
27,Henderson,CRY,5.0,1,1,90,0,0,90.0,90.0,0,0,0,1,0,0,1,0,0,1,0,0,0,0,0,2,45.0,2.0
27,Hermansen,LEI,4.4,1,1,90,0,0,90.0,90.0,0,0,0,2,0,0,1,0,0,1,0,0,0,0,0,1,90.0,1.0
27,Hill (James),BOU,4.0,1,1,84,0,1,84.0,84.0,0,0,0,2,0,0,0,0,0,1,0,0,0,0,0,1,84.0,1.0
27,Hinshelwood,BHA,5.1,1,0,25,1,0,25.0,0.0,0,0,0,0,0,0,0,0,0,0,0,0,0,0,0,1,25.0,0.0
27,Hirst,IPS,5.4,1,0,16,1,0,16.0,0.0,0,0,0,0,0,0,0,0,0,0,0,0,0,0,0,1,16.0,0.0
27,Hudson-Odoi,NFO,5.8,1,1,90,0,0,90.0,90.0,0,0,1,0,0,0,0,0,0,1,0,0,0,0,0,3,30.0,3.0
27,Hughes,CRY,4.8,1,1,58,0,1,58.0,58.0,0,0,0,1,0,0,0,1,0,1,0,0,0,0,0,0,0.0,0.0
27,Huijsen,BOU,4.5,1,1,90,0,0,90.0,90.0,0,0,0,2,0,0,0,0,0,1,0,0,0,0,0,1,90.0,1.0
27,Hutchinson,IPS,5.4,1,1,65,0,1,65.0,65.0,0,0,0,3,0,0,0,0,0,1,0,0,0,0,0,2,32.5,2.0
27,Højlund,MUN,6.3,1,1,65,0,1,65.0,65.0,0,0,0,2,0,0,0,1,0,1,0,0,0,0,0,1,65.0,1.0
27,Iroegbunam,EVE,4.9,1,0,21,1,0,21.0,0.0,0,0,0,0,0,0,0,0,0,0,0,0,0,0,0,1,21.0,0.0
27,Irving,WHU,4.4,1,0,4,1,0,4.0,0.0,0,0,0,0,0,0,0,0,0,0,0,0,0,0,0,1,4.0,0.0
27,Iwobi,FUL,6.5,1,0,30,1,0,30.0,0.0,0,0,0,0,0,0,0,0,0,0,0,0,0,0,0,1,30.0,0.0
27,Janelt,BRE,4.9,1,1,90,0,0,90.0,90.0,0,0,0,1,0,0,0,0,0,1,0,0,0,0,0,2,45.0,2.0
27,Raúl Jiménez,FUL,6.2,1,0,26,1,0,26.0,0.0,0,0,0,0,0,0,0,0,0,0,0,0,0,0,0,1,26.0,0.0
27,Johnson (Ben),IPS,3.8,1,0,16,1,0,16.0,0.0,0,0,0,0,0,0,0,1,0,0,0,0,0,0,0,0,0.0,0.0
27,Johnson (Brennan),TOT,6.7,1,1,90,0,0,90.0,90.0,0,0,0,1,0,0,0,0,0,1,0,0,0,0,0,2,45.0,2.0
27,Jones,LIV,5.4,1,0,11,1,0,11.0,0.0,0,0,0,0,0,0,0,0,0,0,0,0,0,0,0,1,11.0,0.0
27,João Pedro,BHA,7.4,1,1,71,0,1,71.0,71.0,1,0,0,1,0,0,0,0,0,0,1,1,0,2,0,8,8.9,8.0
27,Justin,LEI,4.0,1,1,90,0,0,90.0,90.0,0,0,0,2,0,0,0,0,0,1,0,0,0,0,0,1,90.0,1.0
27,Jørgensen,CHE,4.4,1,1,90,0,0,90.0,90.0,0,0,1,0,0,0,2,0,0,0,0,1,0,0,0,6,15.0,6.0
27,Kamada,CRY,5.0,1,0,19,1,0,19.0,0.0,0,0,0,0,0,0,0,0,0,0,0,0,0,0,0,1,19.0,0.0
27,Kayode,BRE,4.5,1,0,15,1,0,15.0,0.0,0,0,0,0,0,0,0,0,0,0,0,0,0,0,0,1,15.0,0.0
27,Kerkez,BOU,5.8,1,1,90,0,0,90.0,90.0,0,1,0,2,0,0,0,0,0,0,1,1,0,0,0,4,22.5,4.0
27,Khusanov,MCI,5.4,1,1,90,0,0,90.0,90.0,0,0,1,0,0,0,0,0,0,0,0,1,0,0,0,6,15.0,6.0
27,Kilman,WHU,4.3,1,1,90,0,0,90.0,90.0,0,0,1,0,0,0,0,0,0,0,0,1,0,0,0,6,15.0,6.0
27,Kluivert,BOU,7.0,1,1,90,0,0,90.0,90.0,1,0,0,2,0,0,0,0,0,0,1,1,0,3,1,10,9.0,10.0
27,Konaté,LIV,5.4,1,1,90,0,0,90.0,90.0,0,0,1,0,0,0,0,0,0,0,0,1,0,0,0,6,15.0,6.0
27,Konsa Ngoyo,AVL,4.4,1,1,90,0,0,90.0,90.0,0,0,0,4,0,0,0,0,0,1,0,0,0,0,0,0,0.0,0.0
27,Kovacic,MCI,5.9,1,1,90,0,1,90.0,90.0,0,0,1,0,0,0,0,0,0,1,0,0,0,0,0,3,30.0,3.0
27,Kristiansen,LEI,4.4,1,1,87,0,1,87.0,87.0,0,0,0,2,0,0,0,0,0,1,0,0,0,0,0,1,87.0,1.0
27,Kudus,WHU,6.8,1,1,73,0,1,73.0,73.0,0,1,1,0,0,0,0,0,0,0,1,1,0,0,0,6,12.2,6.0
27,Kulusevski,TOT,6.4,1,0,33,1,0,33.0,0.0,0,0,0,0,0,0,0,0,0,0,0,0,0,0,0,1,33.0,0.0
27,Lacroix,CRY,5.0,1,1,90,0,0,90.0,90.0,0,0,0,1,0,0,0,0,0,1,0,0,0,0,0,2,45.0,2.0
27,Lamptey,BHA,4.4,1,1,90,0,0,90.0,90.0,0,0,0,1,0,0,0,0,0,1,0,0,0,0,0,2,45.0,2.0
27,Leno,FUL,5.0,1,1,90,0,0,90.0,90.0,0,0,0,1,0,0,4,0,0,1,0,0,0,0,0,3,30.0,3.0
27,Lerma,CRY,4.9,1,0,37,1,0,37.0,0.0,0,0,0,0,0,0,0,1,0,0,0,0,0,0,0,0,0.0,0.0
27,Lewis-Potter,BRE,4.9,1,1,90,0,0,90.0,90.0,0,0,0,1,0,0,0,0,0,1,0,0,0,0,0,2,45.0,2.0
27,Lindstrom,EVE,5.0,1,1,73,0,1,73.0,73.0,0,0,0,1,0,0,0,0,0,1,0,0,0,0,0,2,36.5,2.0
27,Livramento,NEW,4.9,1,1,66,0,1,66.0,66.0,0,0,0,2,0,0,0,0,0,1,0,0,0,0,0,1,66.0,1.0
27,Longstaff (Sean),NEW,4.9,1,0,10,1,0,10.0,0.0,0,0,0,0,0,0,0,0,0,0,0,0,0,0,0,1,10.0,0.0
27,Lukic,FUL,5.0,1,1,64,0,1,64.0,64.0,0,0,0,1,0,0,0,1,0,1,0,0,0,0,0,1,64.0,1.0
27,Maatsen,AVL,4.3,1,0,19,1,0,19.0,0.0,0,0,0,1,0,0,0,0,0,0,0,0,0,0,0,1,19.0,0.0
27,Mac Allister,LIV,6.3,1,1,83,0,1,83.0,83.0,1,0,1,0,0,0,0,0,0,0,1,1,0,0,0,8,10.4,8.0
27,Maddison,TOT,6.9,1,1,82,0,1,82.0,82.0,0,0,0,1,0,0,0,1,0,1,0,0,0,0,0,1,82.0,1.0
27,Maghoma,BRE,4.5,1,0,19,1,0,19.0,0.0,0,0,0,1,0,0,0,0,0,0,0,0,0,0,0,1,19.0,0.0
27,Maguire,MUN,4.4,1,1,90,0,0,90.0,90.0,1,0,0,2,0,0,0,0,0,0,1,1,0,1,0,8,11.3,8.0
27,José Sá,WOL,4.4,1,1,90,0,0,90.0,90.0,0,0,0,2,0,0,3,0,0,1,0,0,0,0,0,2,45.0,2.0
27,Manning,SOU,4.3,1,0,36,1,0,36.0,0.0,0,0,0,1,0,0,0,1,0,0,0,0,0,0,0,0,0.0,0.0
27,March,BHA,5.8,1,0,6,1,0,6.0,0.0,0,0,0,0,0,0,0,0,0,0,0,0,0,0,0,1,6.0,0.0
27,Omar Marmoush,MCI,8.3,1,1,73,0,1,73.0,73.0,0,0,1,0,0,0,0,0,0,1,0,0,0,0,0,2,36.5,2.0
27,Martinez,AVL,5.0,1,1,45,0,1,45.0,45.0,0,0,0,1,0,0,2,0,0,1,0,0,0,0,0,1,45.0,1.0
27,Mateta,CRY,7.7,1,1,90,0,0,90.0,90.0,1,0,0,1,0,0,0,0,0,0,1,1,0,2,0,8,11.3,8.0
27,Mavididi,LEI,5.0,1,0,33,1,0,33.0,0.0,0,0,0,0,0,0,0,0,0,0,0,0,0,0,0,1,33.0,0.0
27,Mavropanos,WHU,4.4,1,0,28,1,0,28.0,0.0,0,0,0,0,0,0,0,0,0,0,0,0,0,0,0,1,28.0,0.0
27,Mazraoui,MUN,4.9,1,0,50,1,0,50.0,0.0,0,0,0,1,0,0,0,1,0,0,0,0,0,0,0,0,0.0,0.0
27,Mbeumo,BRE,8.2,1,1,90,0,0,90.0,90.0,0,1,0,1,0,0,0,0,0,0,1,1,0,0,0,5,18.0,5.0
27,Mcatee,MCI,5.2,1,0,9,1,0,9.0,0.0,0,0,0,0,0,0,0,0,0,0,0,0,0,0,0,1,9.0,0.0
27,McGinn,AVL,5.4,1,1,90,0,0,90.0,90.0,0,0,0,4,0,0,0,0,0,1,0,0,0,0,0,2,45.0,2.0
27,Merino,ARS,5.9,1,1,90,0,0,90.0,90.0,0,0,1,0,0,0,0,0,0,1,0,0,0,0,0,3,30.0,3.0
27,Mheuka,CHE,4.5,1,0,5,1,0,5.0,0.0,0,0,0,0,0,0,0,0,0,0,0,0,0,0,0,1,5.0,0.0
27,Milenkovic,NFO,5.2,1,1,90,0,0,90.0,90.0,0,0,1,0,0,0,0,1,0,0,0,1,0,0,0,5,18.0,5.0
27,Miley (Lewis),NEW,4.4,1,0,28,1,0,28.0,0.0,0,0,0,0,0,0,0,0,0,0,0,0,0,0,0,1,28.0,0.0
27,Minteh,BHA,6.0,1,1,90,0,0,90.0,90.0,0,0,0,1,0,0,0,0,0,1,0,0,0,0,0,2,45.0,2.0
27,Mitchell,CRY,5.0,1,1,90,0,0,90.0,90.0,0,1,0,1,0,0,0,0,0,0,1,1,0,0,0,5,18.0,5.0
27,Mitoma,BHA,6.2,1,1,90,0,0,90.0,90.0,0,0,0,1,0,0,0,0,0,1,0,0,0,0,0,2,45.0,2.0
27,Savinho,MCI,6.9,1,1,90,0,1,90.0,90.0,0,0,1,0,0,0,0,0,0,1,0,0,0,0,0,3,30.0,3.0
27,Morsy,IPS,4.8,1,1,65,0,1,65.0,65.0,0,0,0,3,1,0,0,1,0,1,0,0,0,0,0,0,0.0,0.0
27,Munetsi,WOL,5.4,1,1,90,0,0,90.0,90.0,0,0,0,2,0,0,0,0,0,1,0,0,0,0,0,2,45.0,2.0
27,Rodrigo Muniz,FUL,5.4,1,1,68,0,1,68.0,68.0,1,0,0,1,0,0,0,0,0,0,1,1,0,3,0,9,7.6,9.0
27,Muñoz,CRY,5.7,1,1,90,0,0,90.0,90.0,0,1,0,1,0,0,0,1,0,0,1,1,0,0,0,4,22.5,4.0
27,Murphy (Jacob),NEW,6.1,1,1,90,0,0,90.0,90.0,0,0,0,2,0,0,0,1,0,1,0,0,0,0,0,1,90.0,1.0
27,Mykolenko,EVE,4.9,1,1,90,0,0,90.0,90.0,0,1,0,1,0,0,0,0,0,0,1,1,0,1,0,6,15.0,6.0
27,Ndidi,LEI,4.9,1,1,90,0,0,90.0,90.0,0,0,0,2,0,0,0,0,0,1,0,0,0,0,0,2,45.0,2.0
27,Neto,CHE,7.0,1,1,66,0,1,66.0,66.0,1,1,1,0,0,0,0,0,0,0,2,2,0,0,1,11,6.0,11.0
27,Lindelof,MUN,4.5,1,0,4,1,0,4.0,0.0,0,0,0,0,0,0,0,0,0,0,0,0,0,0,0,1,4.0,0.0
27,Eddie Nketiah,CRY,5.4,1,0,10,1,0,10.0,0.0,1,0,0,0,0,0,0,0,0,0,1,1,0,1,0,6,1.7,0.0
27,Nkunku,CHE,5.9,1,1,81,0,1,81.0,81.0,1,1,1,0,0,0,0,0,0,0,2,2,0,1,1,12,6.8,12.0
27,Matheus Nunes,MCI,5.3,1,1,90,0,0,90.0,90.0,0,0,1,0,0,0,0,0,0,1,0,0,0,0,0,3,30.0,3.0
27,Núñez,LIV,6.5,1,0,11,1,0,11.0,0.0,0,0,0,0,0,0,0,0,0,0,0,0,0,0,0,1,11.0,0.0
27,Nwaneri,ARS,5.2,1,1,76,0,1,76.0,76.0,0,0,1,0,0,0,0,0,0,1,0,0,0,0,0,3,25.3,3.0
27,O'Brien,EVE,5.0,1,1,90,0,0,90.0,90.0,1,0,0,1,0,0,0,0,0,0,1,1,0,2,1,10,9.0,10.0
27,O'Shea,IPS,3.8,1,1,90,0,0,90.0,90.0,0,0,0,3,0,0,0,1,0,1,0,0,0,0,0,0,0.0,0.0
27,Odegaard,ARS,7.9,1,1,85,0,1,85.0,85.0,0,0,1,0,0,0,0,0,0,1,0,0,0,0,0,3,28.3,3.0
27,Odobert,TOT,5.3,1,1,66,0,1,66.0,66.0,0,0,0,1,0,0,0,0,0,1,0,0,0,0,0,2,33.0,2.0
27,Olsen,AVL,4.5,1,0,45,1,0,45.0,0.0,0,0,0,3,0,0,0,0,0,0,0,0,0,0,0,0,0.0,0.0
27,Onana,MUN,4.9,1,1,90,0,0,90.0,90.0,0,0,0,2,0,0,1,0,0,1,0,0,0,0,0,1,90.0,1.0
27,Paul Onuachu,SOU,4.9,1,1,56,0,1,56.0,56.0,0,0,0,3,0,0,0,1,0,1,0,0,0,0,0,0,0.0,0.0
27,Osula,NEW,5.5,1,0,28,1,0,28.0,0.0,0,0,0,0,0,0,0,0,0,0,0,0,0,0,0,1,28.0,0.0
27,Dango Ouattara,BOU,6.0,1,1,76,0,1,76.0,76.0,0,0,0,2,0,0,0,0,0,1,0,0,0,0,0,2,38.0,2.0
27,Palmer (Alex),IPS,4.5,1,1,90,0,0,90.0,90.0,0,0,0,3,0,0,4,0,0,1,0,0,0,0,0,2,45.0,2.0
27,Palmer (Cole),CHE,10.3,1,1,90,0,0,90.0,90.0,0,0,1,0,0,0,0,0,0,1,0,0,0,0,0,3,30.0,3.0
27,Emerson,WHU,4.4,1,0,28,1,0,28.0,0.0,0,0,0,0,0,0,0,0,0,0,0,0,0,0,0,1,28.0,0.0
27,Partey,ARS,4.9,1,0,9,1,0,9.0,0.0,0,0,0,0,0,0,0,0,0,0,0,0,0,0,0,1,9.0,0.0
27,Pereira,FUL,5.3,1,1,90,0,0,90.0,90.0,0,1,0,1,0,0,0,0,0,0,1,1,0,1,0,6,15.0,6.0
27,Philogene-Bidace,IPS,5.3,1,1,90,0,0,90.0,90.0,2,0,0,3,0,0,0,0,0,0,2,2,0,3,1,15,6.0,15.0
27,Pickford,EVE,5.5,1,1,90,0,0,90.0,90.0,0,0,0,1,0,0,2,0,0,1,0,0,0,0,0,2,45.0,2.0
27,Pinnock,BRE,4.3,1,1,90,0,0,90.0,90.0,0,0,0,1,0,0,0,0,0,1,0,0,0,0,0,2,45.0,2.0
27,Pope,NEW,5.2,1,1,90,0,0,90.0,90.0,0,0,0,2,0,0,1,0,0,1,0,0,0,0,0,1,90.0,1.0
27,Porro,TOT,5.5,1,1,90,0,0,90.0,90.0,0,0,0,1,0,0,0,0,0,1,0,0,0,0,0,2,45.0,2.0
27,Quansah,LIV,3.9,1,0,20,1,0,20.0,0.0,0,0,0,0,0,0,0,0,0,0,0,0,0,0,0,1,20.0,0.0
27,Ramsdale,SOU,4.8,1,1,90,0,0,90.0,90.0,0,0,0,4,0,0,6,0,0,1,0,0,0,0,0,2,45.0,2.0
27,Alisson,LIV,5.4,1,1,90,0,0,90.0,90.0,0,0,1,0,0,0,1,0,0,0,0,1,0,0,0,6,15.0,6.0
27,Ramsey (Jacob),AVL,5.3,1,1,66,0,1,66.0,66.0,0,0,0,2,0,0,0,0,0,1,0,0,0,0,0,2,33.0,2.0
27,Rashford,AVL,7.0,1,0,28,1,0,28.0,0.0,0,0,0,2,0,0,0,0,0,0,0,0,0,0,0,1,28.0,0.0
27,Raya Martin,ARS,5.8,1,1,90,0,0,90.0,90.0,0,0,1,0,0,0,2,0,0,0,0,1,0,0,0,6,15.0,6.0
27,Rice,ARS,6.7,1,1,90,0,0,90.0,90.0,0,0,1,0,0,0,0,0,0,1,0,0,0,0,0,3,30.0,3.0
27,Richards (Chris),CRY,4.5,1,1,90,0,0,90.0,90.0,0,1,0,1,0,0,0,0,0,0,1,1,0,0,0,5,18.0,5.0
27,Robinson (Antonee),FUL,4.9,1,0,26,1,0,26.0,0.0,0,0,0,0,0,0,0,1,0,0,0,0,0,0,0,0,0.0,0.0
27,Rogers,AVL,6.8,1,1,90,0,0,90.0,90.0,1,0,0,4,0,0,0,0,0,0,1,1,0,0,0,7,12.9,7.0
27,Rutter,BHA,5.7,1,1,90,0,1,90.0,90.0,0,1,0,1,0,0,0,0,0,0,1,1,0,0,0,5,18.0,5.0
27,Salah,LIV,14.3,1,1,90,0,0,90.0,90.0,0,1,1,0,0,0,0,0,0,0,1,1,0,0,0,6,15.0,6.0
27,Saliba,ARS,6.0,1,1,90,0,0,90.0,90.0,0,0,1,0,0,0,0,0,0,0,0,1,0,2,0,8,11.3,8.0
27,Sancho,MUN,5.8,1,1,65,0,1,65.0,65.0,0,0,1,0,0,0,0,0,0,1,0,0,0,0,0,3,21.7,3.0
27,Ederson,MCI,5.3,1,1,90,0,0,90.0,90.0,0,0,1,0,0,0,6,0,0,0,0,1,0,3,1,11,8.2,11.0
27,Murillo,NFO,5.3,1,1,90,0,0,90.0,90.0,0,0,1,0,0,0,0,0,0,0,0,1,0,0,0,6,15.0,6.0
27,Welington,SOU,4.0,1,0,5,1,0,5.0,0.0,0,0,0,0,0,0,0,0,0,0,0,0,0,0,0,1,5.0,0.0
27,Matheus Cunha,WOL,7.9,1,1,90,0,0,90.0,90.0,0,0,0,2,0,0,0,0,0,1,0,0,0,0,0,2,45.0,2.0
27,Sarabia,WOL,5.0,1,0,20,1,0,20.0,0.0,0,0,0,0,0,0,0,0,0,0,0,0,0,0,0,1,20.0,0.0
27,Ismaila Sarr,CRY,6.6,1,1,84,0,1,84.0,84.0,2,0,0,1,0,0,0,0,0,0,2,2,0,3,1,15,5.6,15.0
27,Sarr (Pape),TOT,4.9,1,0,33,1,0,33.0,0.0,0,0,0,0,0,0,0,1,0,0,0,0,0,0,0,0,0.0,0.0
27,Scarles,WHU,4.4,1,1,65,0,1,65.0,65.0,0,0,1,0,0,0,0,0,0,0,0,1,0,0,0,6,10.8,6.0
27,Schade,BRE,7.0,1,1,75,0,1,75.0,75.0,0,0,1,0,0,0,0,0,0,1,0,0,0,0,0,3,25.0,3.0
27,Schär,NEW,5.4,1,1,90,0,0,90.0,90.0,0,0,0,2,0,0,0,0,0,1,0,0,0,0,0,1,90.0,1.0
27,Scott,BOU,5.0,1,0,69,1,0,69.0,0.0,0,0,0,1,0,0,0,0,0,0,0,0,0,0,0,2,34.5,0.0
27,Sels,NFO,4.8,1,1,90,0,0,90.0,90.0,0,0,1,0,0,0,1,0,0,0,0,1,0,0,0,6,15.0,6.0
27,Semedo,WOL,4.5,1,1,90,0,0,90.0,90.0,0,1,0,2,0,0,0,0,0,0,1,1,0,0,0,4,22.5,4.0
27,Semenyo,BOU,8.1,1,1,90,0,0,90.0,90.0,0,0,0,2,0,0,0,1,0,1,0,0,0,0,0,1,90.0,1.0
27,Sessegnon (Ryan),FUL,5.4,1,1,68,0,1,68.0,68.0,1,0,0,1,0,0,0,0,0,0,1,1,0,0,0,8,8.5,8.0
27,Sinisterra,BOU,5.0,1,0,12,1,0,12.0,0.0,0,0,0,0,0,0,0,0,0,0,0,0,0,0,0,1,12.0,0.0
27,Smallbone,SOU,5.0,1,1,90,0,0,90.0,90.0,0,0,0,4,0,0,0,0,0,1,0,0,0,0,0,2,45.0,2.0
27,Soler (Carlos),WHU,5.0,1,0,28,1,0,28.0,0.0,0,0,0,0,0,0,0,0,0,0,0,0,0,0,0,1,28.0,0.0
27,Son,TOT,8.5,1,0,32,1,0,32.0,0.0,0,0,0,0,0,0,0,0,0,0,0,0,0,0,0,1,32.0,0.0
27,Soucek,WHU,5.7,1,1,89,0,1,89.0,89.0,1,0,1,0,0,0,0,0,0,0,1,1,0,2,1,10,8.9,10.0
27,Soumaré,LEI,4.4,1,1,60,0,1,60.0,60.0,0,0,0,2,0,0,0,0,0,1,0,0,0,0,0,2,30.0,2.0
27,Spence,TOT,4.5,1,0,32,1,0,32.0,0.0,0,0,0,0,0,0,0,0,0,0,0,0,0,0,0,1,32.0,0.0
27,Sterling,ARS,6.7,1,0,18,1,0,18.0,0.0,0,0,0,0,0,0,0,0,0,0,0,0,0,0,0,1,18.0,0.0
27,Strand Larsen,WOL,6.4,1,0,33,1,0,33.0,0.0,0,0,0,0,0,0,0,0,0,0,0,0,0,0,0,1,33.0,0.0
27,Sugawara,SOU,4.2,1,1,87,0,1,87.0,87.0,0,0,0,4,0,0,0,0,0,1,0,0,0,0,0,0,0.0,0.0
27,Sulemana,SOU,5.0,1,1,90,0,0,90.0,90.0,0,0,0,4,0,0,0,0,0,1,0,0,0,0,0,2,45.0,2.0
27,Szmodics,IPS,5.7,1,0,5,1,0,5.0,0.0,0,0,0,0,0,0,0,0,0,0,0,0,0,0,0,1,5.0,0.0
27,Szoboszlai,LIV,6.5,1,1,90,0,0,90.0,90.0,1,0,1,0,0,0,0,0,0,0,1,1,0,3,1,11,8.2,11.0
27,Tarkowski,EVE,5.5,1,1,90,0,0,90.0,90.0,0,0,0,1,0,0,0,0,0,1,0,0,0,0,0,2,45.0,2.0
27,Tavernier,BOU,5.5,1,0,45,1,0,45.0,0.0,0,0,0,1,0,0,0,0,0,0,0,0,0,0,0,1,45.0,0.0
27,Taylor (Jack),IPS,4.8,1,0,30,1,0,30.0,0.0,0,0,0,0,0,0,0,0,0,0,0,0,0,0,0,1,30.0,0.0
27,Diogo Jota,LIV,7.2,1,1,59,0,1,59.0,59.0,0,0,1,0,0,0,0,0,0,1,0,0,0,0,0,3,19.7,3.0
27,Tel,TOT,6.3,1,1,66,0,1,66.0,66.0,0,0,0,1,0,0,0,0,0,1,0,0,0,0,0,2,33.0,2.0
27,Thomas,LEI,3.9,1,0,6,1,0,6.0,0.0,0,0,0,0,0,0,0,0,0,0,0,0,0,0,0,1,6.0,0.0
27,Tielemans,AVL,5.9,1,1,90,0,0,90.0,90.0,0,0,0,4,0,0,0,0,0,1,0,0,0,0,0,2,45.0,2.0
27,Tierney,ARS,4.3,1,0,45,1,0,45.0,0.0,0,0,0,0,0,0,0,0,0,0,0,0,0,0,0,1,45.0,0.0
27,Jurriën Timber,ARS,6.1,1,1,85,0,1,85.0,85.0,0,0,1,0,0,0,0,0,0,0,0,1,0,0,0,6,14.2,6.0
27,Todibo,WHU,4.3,1,1,65,0,1,65.0,65.0,0,0,1,0,0,0,0,0,0,0,0,1,0,0,0,6,10.8,6.0
27,Tonali,NEW,5.4,1,1,66,0,1,66.0,66.0,0,0,0,2,0,0,0,0,0,1,0,0,0,0,0,2,33.0,2.0
27,Traoré (Adama),FUL,5.2,1,1,64,0,1,64.0,64.0,0,1,0,1,0,0,0,0,0,0,1,1,0,2,0,7,9.1,7.0
27,Trippier,NEW,5.0,1,0,28,1,0,28.0,0.0,0,0,0,0,0,0,0,0,0,0,0,0,0,0,0,1,28.0,0.0
27,Trossard,ARS,6.9,1,1,90,0,0,90.0,90.0,0,0,1,0,0,0,0,0,0,1,0,0,0,0,0,3,30.0,3.0
27,Tsimikas,LIV,4.8,1,1,90,0,0,90.0,90.0,0,0,1,0,0,0,0,0,0,0,0,1,0,0,0,6,15.0,6.0
27,Tuanzebe,IPS,3.9,1,1,79,0,1,79.0,79.0,0,1,0,3,0,0,0,0,0,0,1,1,0,0,0,4,19.8,4.0
27,Destiny Udogie,TOT,4.4,1,1,66,0,1,66.0,66.0,0,0,0,1,0,0,0,0,0,1,0,0,0,0,0,2,33.0,2.0
27,Ugarte,MUN,4.8,1,1,90,0,0,90.0,90.0,0,0,0,2,0,0,0,0,0,1,0,0,0,0,0,2,45.0,2.0
27,van Dijk,LIV,6.0,1,1,90,0,0,90.0,90.0,0,0,1,0,0,0,0,0,0,0,0,1,0,1,0,7,12.9,7.0
27,van Hecke,BHA,4.4,1,1,90,0,0,90.0,90.0,0,0,0,1,0,0,0,1,0,1,0,0,0,0,0,1,90.0,1.0
27,Vardy,LEI,5.4,1,1,90,0,0,90.0,90.0,0,0,0,2,0,0,0,0,0,1,0,0,0,0,0,2,45.0,2.0
27,Bernardo Silva,MCI,6.3,1,0,25,1,0,25.0,0.0,0,0,0,0,0,0,0,0,0,0,0,0,0,0,0,1,25.0,0.0
27,Verbruggen,BHA,4.4,1,1,90,0,0,90.0,90.0,0,0,0,1,0,0,4,0,0,1,0,0,0,0,0,3,30.0,3.0
27,Vestergaard,LEI,3.9,1,1,86,0,1,86.0,86.0,0,0,0,2,1,0,0,0,0,1,0,0,0,0,0,0,0.0,0.0
27,Vicario,TOT,5.1,1,1,90,0,0,90.0,90.0,0,0,0,1,0,0,4,0,0,1,0,0,0,0,0,3,30.0,3.0
27,Walker-Peters,SOU,4.4,1,1,56,0,1,56.0,56.0,0,0,0,3,0,0,0,0,0,1,0,0,0,0,0,0,0.0,0.0
27,Wan-Bissaka,WHU,4.3,1,1,90,0,0,90.0,90.0,0,0,1,0,0,0,0,0,0,0,0,1,0,1,0,7,12.9,7.0
27,Ward-Prowse,WHU,5.7,1,1,90,0,0,90.0,90.0,0,0,1,0,0,0,0,0,0,1,0,0,0,0,0,3,30.0,3.0
27,Watkins,AVL,8.5,1,1,66,0,1,66.0,66.0,0,1,0,2,0,0,0,0,0,0,1,1,0,0,0,5,13.2,5.0
27,Webster,BHA,4.4,1,1,90,0,0,90.0,90.0,0,0,0,1,0,0,0,0,0,1,0,0,0,0,0,2,45.0,2.0
27,Welbeck,BHA,6.4,1,0,25,1,0,25.0,0.0,1,0,0,0,0,0,0,0,0,0,1,1,0,2,0,7,3.6,0.0
27,Werner,TOT,6.2,1,0,17,1,0,17.0,0.0,0,0,0,0,0,0,0,0,0,0,0,0,0,0,0,1,17.0,0.0
27,Wharton,CRY,5.0,1,1,75,0,1,75.0,75.0,0,0,0,1,0,0,0,0,0,1,0,0,0,0,0,2,37.5,2.0
27,White (Ben),ARS,5.4,1,0,9,1,0,9.0,0.0,0,0,0,0,0,0,0,0,0,0,0,0,0,0,0,1,9.0,0.0
27,Wieffer,BHA,4.9,1,0,12,1,0,12.0,0.0,0,0,0,0,0,0,0,1,0,0,0,0,0,0,0,0,0.0,0.0
27,Williams (Neco),NFO,4.7,1,1,90,0,0,90.0,90.0,0,0,1,0,0,0,0,0,0,0,0,1,0,3,0,9,10.0,9.0
27,Willock,NEW,5.0,1,1,65,0,1,65.0,65.0,0,0,0,2,0,0,0,0,0,1,0,0,0,0,0,2,32.5,2.0
27,Wilson (Callum),NEW,5.9,1,1,66,0,1,66.0,66.0,0,0,0,2,0,0,0,0,0,1,0,0,0,0,0,2,33.0,2.0
27,Winks,LEI,4.3,1,0,33,1,0,33.0,0.0,0,0,0,0,0,0,0,0,0,0,0,0,0,0,0,1,33.0,0.0
27,Wissa,BRE,7.4,1,1,90,0,0,90.0,90.0,1,0,0,1,0,0,0,0,0,0,1,1,0,3,0,9,10.0,9.0
27,Wood (Chris),NFO,7.2,1,1,85,0,1,85.0,85.0,0,0,1,0,0,0,0,0,0,1,0,0,0,0,0,2,42.5,2.0
27,Yarmolyuk,BRE,5.0,1,1,90,0,0,90.0,90.0,0,0,0,1,0,0,0,1,0,1,0,0,0,0,0,1,90.0,1.0
27,Yates,NFO,4.8,1,0,32,1,0,32.0,0.0,0,0,0,0,0,0,0,0,0,0,0,0,0,0,0,1,32.0,0.0
27,Yoro,MUN,4.4,1,1,90,0,1,90.0,90.0,0,0,0,2,0,0,0,1,0,1,0,0,0,0,0,0,0.0,0.0
27,Young (Ashley),EVE,4.2,1,0,21,1,0,21.0,0.0,0,0,0,0,0,0,0,0,0,0,0,0,0,0,0,1,21.0,0.0
27,Zinchenko,ARS,4.9,1,0,24,1,0,24.0,0.0,0,0,0,0,0,0,0,0,0,0,0,0,0,0,0,1,24.0,0.0
27,Zirkzee,MUN,5.8,1,1,90,0,1,90.0,90.0,0,0,0,2,0,0,0,1,0,1,0,0,0,0,0,1,90.0,1.0
28,Acheampong,CHE,3.9,1,0,7,1,0,7.0,0.0,0,0,0,0,0,0,0,1,0,0,0,0,0,0,0,0,0.0,0.0
28,Adams (Tyler),BOU,5.0,1,1,90,0,0,90.0,90.0,0,0,0,2,0,0,0,0,0,1,0,0,0,0,0,2,45.0,2.0
28,Tosin,CHE,4.4,1,1,90,0,0,90.0,90.0,0,0,1,0,0,0,0,0,0,0,0,1,0,1,0,7,12.9,7.0
28,Adingra,BHA,5.1,1,0,14,1,0,14.0,0.0,0,0,0,0,0,0,0,0,0,0,0,0,0,0,0,1,14.0,0.0
28,Agbadou,WOL,4.4,1,1,90,0,0,90.0,90.0,0,0,0,1,0,0,0,0,0,1,0,0,0,0,0,2,45.0,2.0
28,Aina,NFO,4.7,1,1,90,0,0,90.0,90.0,0,0,1,0,0,0,0,0,0,0,0,1,0,0,0,6,15.0,6.0
28,Ait Nouri,WOL,5.8,1,1,90,0,0,90.0,90.0,0,0,0,1,0,0,0,0,0,1,0,0,0,0,0,2,45.0,2.0
28,Ajer,BRE,4.4,1,1,90,0,1,90.0,90.0,0,0,0,1,0,0,0,1,0,1,0,0,0,0,0,1,90.0,1.0
28,Alcaraz,EVE,5.2,1,0,31,1,0,31.0,0.0,0,0,0,0,0,0,0,1,0,0,0,0,0,0,0,0,0.0,0.0
28,Alexander-Arnold,LIV,7.2,1,1,86,0,1,86.0,86.0,0,0,0,1,0,0,0,0,0,1,0,0,0,0,0,2,43.0,2.0
28,Álvarez (Edson),WHU,4.9,1,1,65,0,1,65.0,65.0,0,0,0,1,0,0,0,0,0,1,0,0,0,0,0,2,32.5,2.0
28,Andersen,FUL,4.5,1,1,90,0,0,90.0,90.0,0,0,0,2,0,0,0,1,0,1,0,0,0,0,0,0,0.0,0.0
28,Anderson,NFO,5.3,1,1,90,0,0,90.0,90.0,0,0,1,0,0,0,0,0,0,1,0,0,0,0,0,3,30.0,3.0
28,Joelinton,NEW,5.9,1,1,90,0,0,90.0,90.0,0,0,1,0,0,0,0,0,0,1,0,0,0,0,0,3,30.0,3.0
28,Archer,SOU,4.8,1,0,32,1,0,32.0,0.0,0,0,0,1,0,0,0,0,0,0,0,0,0,0,0,1,32.0,0.0
28,Areola,WHU,4.3,1,1,90,0,0,90.0,90.0,0,0,0,1,0,0,3,0,0,1,0,0,0,0,0,3,30.0,3.0
28,Aribo,SOU,4.9,1,0,12,1,0,12.0,0.0,0,0,0,1,0,0,0,0,0,0,0,0,0,0,0,1,12.0,0.0
28,Kepa,BOU,4.2,1,1,90,0,0,90.0,90.0,0,0,0,2,0,0,2,0,0,1,0,0,0,0,0,1,90.0,1.0
28,Awoniyi,NFO,5.2,1,0,8,1,0,8.0,0.0,0,0,0,0,0,0,0,0,0,0,0,0,0,0,0,1,8.0,0.0
28,Ayari,BHA,4.9,1,1,68,0,1,68.0,68.0,0,1,0,1,0,0,0,0,0,0,1,1,0,0,0,5,13.6,5.0
28,Bailey,AVL,5.5,1,1,45,0,1,45.0,45.0,0,0,0,0,0,0,0,0,0,1,0,0,0,0,0,1,45.0,1.0
28,Baleba,BHA,4.7,1,1,86,0,1,86.0,86.0,0,0,0,1,0,0,0,0,0,1,0,0,0,0,0,2,43.0,2.0
28,Ricardo Pereira,LEI,4.1,1,0,13,1,0,13.0,0.0,0,0,0,0,0,0,0,0,0,0,0,0,0,0,0,1,13.0,0.0
28,Barnes,NEW,6.4,1,1,77,0,1,77.0,77.0,0,1,1,0,0,0,0,0,0,0,1,1,0,0,0,6,12.8,6.0
28,Bassey,FUL,4.5,1,1,90,0,0,90.0,90.0,0,0,0,2,0,0,0,0,0,1,0,0,0,0,0,1,90.0,1.0
28,Bednarek,SOU,4.0,1,1,14,0,1,14.0,14.0,0,0,0,0,0,0,0,0,0,1,0,0,0,0,0,1,14.0,1.0
28,Bella Kotchap,SOU,3.9,1,0,78,1,0,78.0,0.0,0,0,0,3,0,0,0,0,0,0,0,0,0,0,0,1,78.0,0.0
28,Bellegarde,WOL,5.2,1,1,82,0,1,82.0,82.0,0,1,0,1,0,0,0,0,0,0,1,1,0,0,0,5,16.4,5.0
28,Bentancur,TOT,5.3,1,1,60,0,1,60.0,60.0,0,0,0,1,0,0,0,1,0,1,0,0,0,0,0,1,60.0,1.0
28,Berge,FUL,4.9,1,1,90,0,0,90.0,90.0,0,0,0,2,0,0,0,0,0,1,0,0,0,0,0,2,45.0,2.0
28,Bergvall,TOT,5.4,1,0,45,1,0,45.0,0.0,0,1,0,1,0,0,0,0,0,0,1,1,0,0,0,4,11.3,0.0
28,Bissouma,TOT,5.2,1,1,45,0,1,45.0,45.0,0,0,0,1,0,0,0,1,0,1,0,0,0,0,0,0,0.0,0.0
28,Willian,FUL,5.0,1,0,18,1,0,18.0,0.0,0,0,0,1,0,0,0,0,0,0,0,0,0,0,0,1,18.0,0.0
28,Bruno Fernandes,MUN,8.9,1,1,90,0,0,90.0,90.0,1,0,0,1,0,0,0,0,0,0,1,1,0,2,0,9,10.0,9.0
28,Bowen,WHU,7.8,1,1,90,0,0,90.0,90.0,0,0,0,1,0,0,0,0,0,1,0,0,0,0,0,2,45.0,2.0
28,Branthwaite,EVE,5.3,1,1,90,0,0,90.0,90.0,0,0,0,1,0,0,0,0,0,1,0,0,0,0,0,2,45.0,2.0
28,Broadhead,IPS,4.9,1,0,20,1,0,20.0,0.0,0,0,0,1,0,0,0,0,0,0,0,0,0,0,0,1,20.0,0.0
28,Brooks,BOU,5.0,1,0,14,1,0,14.0,0.0,0,0,0,1,0,0,0,0,0,0,0,0,0,0,0,1,14.0,0.0
28,Bueno (Santiago),WOL,4.4,1,0,2,1,0,2.0,0.0,0,0,0,0,0,0,0,0,0,0,0,0,0,0,0,1,2.0,0.0
28,Buonanotte,LEI,4.8,1,0,23,1,0,23.0,0.0,0,0,0,0,0,0,0,0,0,0,0,0,0,0,0,1,23.0,0.0
28,Burn,NEW,5.1,1,1,90,0,0,90.0,90.0,0,0,1,0,0,0,0,1,0,0,0,1,0,0,0,5,18.0,5.0
28,Moises Caicedo,CHE,5.9,1,1,90,0,0,90.0,90.0,0,0,1,0,0,0,0,0,0,1,0,0,0,1,0,4,22.5,4.0
28,Cajuste,IPS,4.5,1,1,83,0,1,83.0,83.0,0,0,0,1,0,0,0,0,0,1,0,0,0,0,0,2,41.5,2.0
28,Calafiori,ARS,5.8,1,1,58,0,1,58.0,58.0,0,0,0,1,0,0,0,0,0,1,0,0,0,0,0,1,58.0,1.0
28,Cash,AVL,4.6,1,0,45,1,0,45.0,0.0,0,0,0,0,0,0,0,1,0,0,0,0,0,0,0,0,0.0,0.0
28,Castagne,FUL,4.4,1,1,90,0,0,90.0,90.0,0,0,0,2,0,0,0,0,0,1,0,0,0,0,0,1,90.0,1.0
28,Chalobah,CHE,5.1,1,0,23,1,0,23.0,0.0,0,0,0,0,0,0,0,0,0,0,0,0,0,0,0,1,23.0,0.0
28,Chilwell,CRY,4.6,1,0,22,1,0,22.0,0.0,0,0,0,0,0,0,0,1,0,0,0,0,0,0,0,0,0.0,0.0
28,Christie,BOU,5.0,1,1,71,0,1,71.0,71.0,0,0,0,1,0,0,0,0,0,1,0,0,0,0,0,2,35.5,2.0
28,Clarke (Jack),IPS,5.4,1,1,66,0,1,66.0,66.0,0,0,1,0,0,0,0,0,0,1,0,0,0,0,0,3,22.0,3.0
28,Coady,LEI,4.0,1,1,90,0,0,90.0,90.0,0,0,0,1,0,0,0,0,0,1,0,0,0,0,0,2,45.0,2.0
28,Collins,BRE,4.9,1,1,90,0,0,90.0,90.0,0,0,0,1,0,0,0,1,0,1,0,0,0,0,0,1,90.0,1.0
28,Collyer,MUN,4.5,1,0,19,1,0,19.0,0.0,0,0,0,0,0,0,0,0,0,0,0,0,0,0,0,1,19.0,0.0
28,Colwill,CHE,4.8,1,1,90,0,0,90.0,90.0,0,0,1,0,0,0,0,0,0,0,0,1,0,0,0,6,15.0,6.0
28,Cook,BOU,4.9,1,1,90,0,0,90.0,90.0,0,0,0,2,0,0,0,0,0,1,0,0,0,0,0,2,45.0,2.0
28,Cresswell,WHU,3.9,1,1,69,0,1,69.0,69.0,0,0,0,1,0,0,0,0,0,1,0,0,0,0,0,2,34.5,2.0
28,Cucurella,CHE,6.1,1,1,90,0,0,90.0,90.0,1,0,1,0,0,0,0,0,0,0,1,2,0,3,1,15,6.0,15.0
28,André,WOL,5.4,1,1,90,0,1,90.0,90.0,0,0,0,1,0,0,0,1,0,1,0,0,0,1,0,2,45.0,2.0
28,Daka,LEI,4.8,1,1,82,0,1,82.0,82.0,0,0,0,1,0,0,0,0,0,1,0,0,0,0,0,2,41.0,2.0
28,Dalot,MUN,4.4,1,1,90,0,0,90.0,90.0,0,0,0,1,0,0,0,0,0,1,0,0,0,0,0,2,45.0,2.0
28,Damsgaard,BRE,5.8,1,1,90,0,0,90.0,90.0,0,0,0,1,0,0,0,0,0,1,0,0,0,0,0,2,45.0,2.0
28,Danso,TOT,4.3,1,1,90,0,0,90.0,90.0,0,0,0,2,0,0,0,0,0,1,0,0,0,0,0,1,90.0,1.0
28,Davis,IPS,4.2,1,1,90,0,0,90.0,90.0,0,0,0,1,0,0,0,0,0,1,0,0,0,0,0,2,45.0,2.0
28,De Bruyne,MCI,9.5,1,0,25,1,0,25.0,0.0,0,0,0,1,0,0,0,0,0,0,0,0,0,0,0,1,25.0,0.0
28,de Ligt,MUN,5.0,1,1,90,0,0,90.0,90.0,0,0,0,1,0,0,0,0,0,1,0,0,0,0,0,2,45.0,2.0
28,Evanilson,BOU,7.0,1,1,71,0,1,71.0,71.0,1,0,0,1,0,0,0,0,0,0,1,1,0,2,0,8,8.9,8.0
28,DeCordova-Reid,LEI,5.2,1,0,13,1,0,13.0,0.0,0,0,0,0,0,0,0,0,0,0,0,0,0,0,0,1,13.0,0.0
28,Delap,IPS,6.2,1,1,83,0,1,83.0,83.0,0,0,0,1,0,0,0,0,0,1,0,0,0,0,0,2,41.5,2.0
28,Devenny,CRY,4.4,1,0,7,1,0,7.0,0.0,0,0,0,0,0,0,0,0,0,0,0,0,0,0,0,1,7.0,0.0
28,Díaz,LIV,8.0,1,1,90,0,0,90.0,90.0,0,1,0,1,0,0,0,0,0,0,1,1,0,1,0,6,15.0,6.0
28,Dibling,SOU,5.4,1,1,62,0,1,62.0,62.0,0,0,0,2,0,0,0,0,0,1,0,0,0,0,0,2,31.0,2.0
28,Digne,AVL,4.5,1,1,90,0,0,90.0,90.0,0,0,1,0,0,0,0,0,0,0,0,1,0,0,0,6,15.0,6.0
28,Diop,FUL,4.4,1,1,90,0,0,90.0,90.0,0,0,0,2,0,0,0,0,0,1,0,0,0,0,0,1,90.0,1.0
28,Disasi,AVL,4.2,1,1,90,0,0,90.0,90.0,0,0,1,0,0,0,0,0,0,0,0,1,0,0,0,6,15.0,6.0
28,Doherty,WOL,4.4,1,1,90,0,0,90.0,90.0,0,0,0,1,0,0,0,0,0,1,0,0,0,0,0,2,45.0,2.0
28,Doku,MCI,6.5,1,1,90,0,0,90.0,90.0,0,0,0,1,0,0,0,0,0,1,0,0,0,0,0,2,45.0,2.0
28,Nicolás Domínguez,NFO,5.0,1,1,68,0,1,68.0,68.0,0,0,1,0,0,0,0,0,0,1,0,0,0,0,0,3,22.7,3.0
28,Gabriel Magalhães,ARS,6.5,1,1,90,0,0,90.0,90.0,0,0,0,1,0,0,0,0,0,1,0,0,0,0,0,2,45.0,2.0
28,Doucouré,EVE,5.1,1,1,62,0,1,62.0,62.0,0,0,0,1,0,0,0,0,0,1,0,0,0,0,0,2,31.0,2.0
28,Doyle (Tommy),WOL,4.7,1,0,2,1,0,2.0,0.0,0,0,0,0,0,0,0,0,0,0,0,0,0,0,0,1,2.0,0.0
28,El Khannouss,LEI,4.8,1,1,73,0,1,73.0,73.0,0,0,0,1,0,0,0,0,0,1,0,0,0,0,0,2,36.5,2.0
28,Elanga,NFO,6.7,1,1,79,0,1,79.0,79.0,0,0,1,0,0,0,0,0,0,1,0,0,0,0,0,3,26.3,3.0
28,Elliott,LIV,5.4,1,0,45,1,0,45.0,0.0,0,0,0,0,0,0,0,0,0,0,0,0,0,0,0,1,45.0,0.0
28,Enciso,IPS,5.4,1,1,74,0,1,74.0,74.0,0,0,1,0,0,0,0,1,0,1,0,0,0,0,0,2,37.0,2.0
28,Endo,LIV,4.9,1,0,14,1,0,14.0,0.0,0,0,0,0,0,0,0,0,0,0,0,0,0,0,0,1,14.0,0.0
28,Eriksen,MUN,5.2,1,1,75,0,1,75.0,75.0,0,0,0,1,0,0,0,0,0,1,0,0,0,0,0,2,37.5,2.0
28,Mateus Fernandes,SOU,5.5,1,1,90,0,0,90.0,90.0,0,0,0,3,0,0,0,0,0,1,0,0,0,0,0,2,45.0,2.0
28,Esse,CRY,4.8,1,0,3,1,0,3.0,0.0,0,0,0,0,0,0,0,0,0,0,0,0,0,0,0,1,3.0,0.0
28,Estupiñán,BHA,4.5,1,1,90,0,0,90.0,90.0,0,0,0,1,0,0,0,0,0,1,0,0,0,0,0,2,45.0,2.0
28,Eze,CRY,7.6,1,1,90,0,1,90.0,90.0,0,0,1,0,0,0,0,0,0,1,0,0,0,0,0,3,30.0,3.0
28,Faes,LEI,3.8,1,1,90,0,0,90.0,90.0,0,0,0,1,0,0,0,0,0,1,0,0,0,0,0,2,45.0,2.0
28,Ferguson,WHU,5.5,1,0,26,1,0,26.0,0.0,0,0,0,0,0,0,0,0,0,0,0,0,0,0,0,1,26.0,0.0
28,Fernández,CHE,6.7,1,1,90,0,0,90.0,90.0,0,1,1,0,0,0,0,0,0,0,1,1,0,0,0,6,15.0,6.0
28,Flekken,BRE,4.5,1,1,90,0,0,90.0,90.0,0,0,0,1,0,0,3,0,0,1,0,0,0,0,0,3,30.0,3.0
28,Foden,MCI,8.0,1,1,68,0,1,68.0,68.0,0,0,1,0,0,0,0,0,0,1,0,0,0,0,0,3,22.7,3.0
28,Fofana (Wesley),CHE,4.4,1,1,72,0,1,72.0,72.0,0,0,1,0,0,0,0,0,0,0,0,1,0,0,0,6,12.0,6.0
28,Casemiro,MUN,5.5,1,1,90,0,0,90.0,90.0,0,0,0,1,0,0,0,0,0,1,0,0,0,0,0,2,45.0,2.0
28,Gonçalo Guedes,WOL,5.5,1,0,11,1,0,11.0,0.0,0,0,0,0,0,0,0,0,0,0,0,0,0,0,0,1,11.0,0.0
28,Garnacho,MUN,6.4,1,1,90,0,0,90.0,90.0,0,1,0,1,0,0,0,0,0,0,1,1,0,0,0,5,18.0,5.0
28,Garner,EVE,5.0,1,1,90,0,1,90.0,90.0,0,0,0,1,0,0,0,0,0,1,0,0,0,0,0,2,45.0,2.0
28,Rúben Dias,MCI,5.5,1,1,90,0,0,90.0,90.0,0,0,0,1,0,0,0,0,0,1,0,0,0,0,0,2,45.0,2.0
28,George,CHE,4.9,1,0,23,1,0,23.0,0.0,0,0,0,0,0,0,0,0,0,0,0,0,0,0,0,1,23.0,0.0
28,Gibbs-White,NFO,7.3,1,1,90,0,0,90.0,90.0,0,1,1,0,0,0,0,1,0,0,1,1,0,0,0,5,18.0,5.0
28,Toti,WOL,4.3,1,1,90,0,0,90.0,90.0,0,0,0,1,0,0,0,0,0,1,0,0,0,0,0,2,45.0,2.0
28,Beto,EVE,5.2,1,1,90,0,0,90.0,90.0,0,0,0,1,0,0,0,0,0,1,0,0,0,0,0,2,45.0,2.0
28,João Gomes,WOL,5.4,1,1,90,0,0,90.0,90.0,0,0,0,1,0,0,0,0,0,1,0,0,0,0,0,2,45.0,2.0
28,Gómez (Diego),BHA,4.9,1,0,31,1,0,31.0,0.0,0,0,0,0,0,0,0,0,0,0,0,0,0,0,0,1,31.0,0.0
28,González (Nico),MCI,5.9,1,1,61,0,1,61.0,61.0,0,0,1,0,0,0,0,1,0,1,0,0,0,0,0,2,30.5,2.0
28,Gravenberch,LIV,5.6,1,1,79,0,1,79.0,79.0,0,0,0,1,0,0,0,0,0,1,0,0,0,0,0,2,39.5,2.0
28,Greaves,IPS,3.8,1,1,90,0,0,90.0,90.0,0,0,0,1,0,0,0,1,0,1,0,0,0,0,0,1,90.0,1.0
28,Grønbæk,SOU,4.9,1,1,62,0,1,62.0,62.0,0,0,0,2,0,0,0,0,0,1,0,0,0,0,0,2,31.0,2.0
28,Marc Guehi,CRY,4.9,1,1,90,0,0,90.0,90.0,0,0,1,0,0,0,0,1,0,0,0,1,0,0,0,5,18.0,5.0
28,Gueye,EVE,5.4,1,1,90,0,0,90.0,90.0,0,0,0,1,0,0,0,0,0,1,0,0,0,1,0,3,30.0,3.0
28,Bruno Guimarães,NEW,6.5,1,1,86,0,1,86.0,86.0,1,0,1,0,0,0,0,0,0,0,1,1,0,3,1,11,7.8,11.0
28,Gvardiol,MCI,5.9,1,1,90,0,0,90.0,90.0,0,0,0,1,0,0,0,0,0,1,0,0,0,0,0,2,45.0,2.0
28,Haaland,MCI,14.8,1,1,90,0,0,90.0,90.0,0,0,0,1,0,0,0,0,0,1,0,0,0,0,0,2,45.0,2.0
28,Harrison (Jack),EVE,5.2,1,1,90,0,0,90.0,90.0,1,0,0,1,0,0,0,0,0,0,1,1,0,3,1,10,9.0,10.0
28,Harwood-Bellis,SOU,3.9,1,1,90,0,0,90.0,90.0,0,0,0,3,0,0,0,0,0,1,0,0,0,0,0,1,90.0,1.0
28,Heaven,MUN,3.9,1,0,45,1,0,45.0,0.0,0,0,0,1,0,0,0,0,0,0,0,0,0,0,0,1,45.0,0.0
28,Henderson,CRY,5.0,1,1,90,0,0,90.0,90.0,0,0,1,0,0,0,7,0,0,0,0,1,0,2,1,10,9.0,10.0
28,Hermansen,LEI,4.4,1,1,90,0,0,90.0,90.0,0,0,0,1,0,1,7,0,0,0,0,1,0,1,1,10,9.0,10.0
28,Hill (James),BOU,4.0,1,1,90,0,0,90.0,90.0,0,0,0,2,0,0,0,0,0,1,0,0,0,0,0,1,90.0,1.0
28,Hinshelwood,BHA,5.1,1,1,90,0,0,90.0,90.0,0,0,0,1,0,0,0,0,0,1,0,0,0,0,0,2,45.0,2.0
28,Hirst,IPS,5.4,1,0,11,1,0,11.0,0.0,0,0,0,0,0,0,0,0,0,0,0,0,0,0,0,1,11.0,0.0
28,Hudson-Odoi,NFO,5.8,1,1,86,0,1,86.0,86.0,1,0,1,0,0,0,0,1,0,0,1,1,0,3,1,10,8.6,10.0
28,Huijsen,BOU,4.5,1,1,90,0,0,90.0,90.0,0,0,0,2,0,0,0,1,0,1,0,0,0,0,0,0,0.0,0.0
28,Hutchinson,IPS,5.4,1,0,27,1,0,27.0,0.0,0,0,0,1,0,0,0,0,0,0,0,0,0,0,0,1,27.0,0.0
28,Hwang Hee-Chan,WOL,5.8,1,0,20,1,0,20.0,0.0,0,0,0,0,0,0,0,0,0,0,0,0,0,0,0,1,20.0,0.0
28,Højlund,MUN,6.3,1,0,19,1,0,19.0,0.0,0,0,0,0,0,0,0,0,0,0,0,0,0,0,0,1,19.0,0.0
28,Ings,WHU,4.8,1,0,13,1,0,13.0,0.0,0,0,0,0,0,0,0,0,0,0,0,0,0,0,0,1,13.0,0.0
28,Iroegbunam,EVE,4.9,1,0,31,1,0,31.0,0.0,0,0,0,0,0,0,0,1,0,0,0,0,0,0,0,0,0.0,0.0
28,Isak,NEW,10.4,1,1,77,0,1,77.0,77.0,0,0,1,0,0,0,0,0,0,1,0,0,0,0,0,2,38.5,2.0
28,Iwobi,FUL,6.5,1,1,88,0,1,88.0,88.0,0,1,0,1,0,0,0,0,0,0,1,1,0,0,0,5,17.6,5.0
28,Janelt,BRE,4.9,1,1,74,0,1,74.0,74.0,0,0,0,1,0,0,0,0,0,1,0,0,0,0,0,2,37.0,2.0
28,Jensen,BRE,4.9,1,0,22,1,0,22.0,0.0,0,0,0,0,0,0,0,0,0,0,0,0,0,0,0,1,22.0,0.0
28,Raúl Jiménez,FUL,6.2,1,1,69,0,1,69.0,69.0,1,0,0,1,0,0,0,0,0,0,1,1,0,2,0,8,8.6,8.0
28,Johnson (Ben),IPS,3.8,1,0,27,1,0,27.0,0.0,0,0,0,1,0,0,0,0,0,0,0,0,0,0,0,1,27.0,0.0
28,Johnson (Brennan),TOT,6.7,1,1,45,0,1,45.0,45.0,0,0,0,1,0,0,0,0,0,1,0,0,0,0,0,1,45.0,1.0
28,Jones,LIV,5.4,1,1,45,0,1,45.0,45.0,0,0,0,1,0,0,0,0,0,1,0,0,0,0,0,1,45.0,1.0
28,João Pedro,BHA,7.4,1,1,90,0,0,90.0,90.0,1,0,0,1,0,0,0,0,0,0,1,1,0,3,0,9,10.0,9.0
28,Justin,LEI,4.0,1,1,82,0,1,82.0,82.0,0,0,0,1,0,0,0,0,0,1,0,0,0,0,0,2,41.0,2.0
28,Kamada,CRY,5.0,1,0,22,1,0,22.0,0.0,0,0,0,0,0,0,0,0,0,0,0,0,0,0,0,1,22.0,0.0
28,Kamara,AVL,4.9,1,0,36,1,0,36.0,0.0,0,0,0,0,0,0,0,0,0,0,0,0,0,0,0,1,36.0,0.0
28,Kerkez,BOU,5.8,1,1,90,0,0,90.0,90.0,0,1,0,2,0,0,0,0,0,0,1,1,0,0,0,4,22.5,4.0
28,Khusanov,MCI,5.4,1,1,90,0,0,90.0,90.0,0,0,0,1,0,0,0,0,0,1,0,0,0,0,0,2,45.0,2.0
28,Kilman,WHU,4.3,1,1,90,0,0,90.0,90.0,0,0,0,1,0,0,0,0,0,1,0,0,0,0,0,2,45.0,2.0
28,Kim Ji-Soo,BRE,3.9,1,0,4,1,0,4.0,0.0,0,0,0,0,0,0,0,0,0,0,0,0,0,0,0,1,4.0,0.0
28,Kluivert,BOU,7.0,1,1,90,0,0,90.0,90.0,0,1,0,2,0,0,0,0,0,0,1,1,0,0,0,5,18.0,5.0
28,Konaté,LIV,5.4,1,1,90,0,0,90.0,90.0,0,0,0,1,0,0,0,0,0,1,0,0,0,0,0,2,45.0,2.0
28,Konsa Ngoyo,AVL,4.4,1,1,90,0,0,90.0,90.0,0,0,1,0,0,0,0,0,0,0,0,1,0,1,0,7,12.9,7.0
28,Kovacic,MCI,5.9,1,0,33,1,0,33.0,0.0,0,0,0,1,0,0,0,0,0,0,0,0,0,0,0,1,33.0,0.0
28,Kristiansen,LEI,4.4,1,1,82,0,1,82.0,82.0,0,0,0,1,0,0,0,0,0,1,0,0,0,0,0,2,41.0,2.0
28,Kudus,WHU,6.8,1,1,90,0,0,90.0,90.0,0,0,0,1,0,0,0,0,0,1,0,0,0,0,0,2,45.0,2.0
28,Lacroix,CRY,5.0,1,1,90,0,0,90.0,90.0,0,0,1,0,0,0,0,0,0,0,0,1,0,0,0,6,15.0,6.0
28,Lallana,SOU,5.0,1,0,24,1,0,24.0,0.0,0,0,0,1,0,0,0,0,0,0,0,0,0,0,0,1,24.0,0.0
28,Leno,FUL,5.0,1,1,90,0,0,90.0,90.0,0,0,0,2,0,0,2,0,0,1,0,0,0,0,0,1,90.0,1.0
28,Lerma,CRY,4.9,1,1,90,0,0,90.0,90.0,0,0,1,0,0,0,0,0,0,1,0,0,0,0,0,3,30.0,3.0
28,Lewis (Rico),MCI,4.9,1,0,33,1,0,33.0,0.0,0,0,0,1,0,0,0,0,0,0,0,0,0,0,0,1,33.0,0.0
28,Lewis-Potter,BRE,4.9,1,1,90,0,0,90.0,90.0,0,0,0,1,0,0,0,0,0,1,0,0,0,0,0,2,45.0,2.0
28,Lewis-Skelly,ARS,5.2,1,0,36,1,0,36.0,0.0,0,0,0,0,0,0,0,0,0,0,0,0,0,0,0,1,36.0,0.0
28,Lindstrom,EVE,5.0,1,1,63,0,1,63.0,63.0,0,1,0,1,0,0,0,0,0,0,1,1,0,0,0,5,12.6,5.0
28,Livramento,NEW,4.9,1,1,90,0,0,90.0,90.0,0,0,1,0,0,0,0,0,0,0,0,1,0,1,0,7,12.9,7.0
28,Longstaff (Sean),NEW,4.9,1,0,9,1,0,9.0,0.0,0,0,0,0,0,0,0,0,0,0,0,0,0,0,0,1,9.0,0.0
28,Mac Allister,LIV,6.3,1,0,45,1,0,45.0,0.0,0,0,0,0,0,0,0,0,0,0,0,0,0,0,0,1,45.0,0.0
28,Maddison,TOT,6.9,1,0,35,1,0,35.0,0.0,0,0,0,1,0,0,0,1,0,0,0,0,0,0,0,0,0.0,0.0
28,Malen,AVL,5.1,1,0,3,1,0,3.0,0.0,0,0,0,0,0,0,0,0,0,0,0,0,0,0,0,1,3.0,0.0
28,José Sá,WOL,4.4,1,1,90,0,0,90.0,90.0,0,0,0,1,0,0,3,0,0,1,0,0,0,0,0,3,30.0,3.0
28,Manning,SOU,4.3,1,1,81,0,1,81.0,81.0,0,0,0,2,0,0,0,0,0,1,0,0,0,0,0,1,81.0,1.0
28,March,BHA,5.8,1,0,23,1,0,23.0,0.0,0,0,0,0,0,0,0,0,0,0,0,0,0,0,0,1,23.0,0.0
28,Omar Marmoush,MCI,8.3,1,0,26,1,0,26.0,0.0,0,0,0,1,0,0,0,0,0,0,0,0,0,0,0,1,26.0,0.0
28,Martinelli,ARS,6.9,1,0,36,1,0,36.0,0.0,0,0,0,0,0,0,0,0,0,0,0,0,0,0,0,1,36.0,0.0
28,Mavididi,LEI,5.0,1,0,13,1,0,13.0,0.0,0,0,0,0,0,0,0,0,0,0,0,0,0,0,0,1,13.0,0.0
28,Mavropanos,WHU,4.4,1,0,29,1,0,29.0,0.0,0,0,0,0,0,0,0,0,0,0,0,0,0,0,0,1,29.0,0.0
28,Mazraoui,MUN,4.9,1,1,90,0,0,90.0,90.0,0,0,0,1,0,0,0,0,0,1,0,0,0,0,0,2,45.0,2.0
28,Mbeumo,BRE,8.2,1,1,90,0,0,90.0,90.0,0,0,0,1,0,0,0,0,0,1,0,0,0,0,0,2,45.0,2.0
28,McGinn,AVL,5.4,1,1,60,0,1,60.0,60.0,0,0,1,0,0,0,0,1,0,1,0,0,0,0,0,2,30.0,2.0
28,Merino,ARS,5.9,1,1,90,0,0,90.0,90.0,0,0,0,1,0,0,0,0,0,1,0,0,0,0,0,2,45.0,2.0
28,Milenkovic,NFO,5.2,1,1,90,0,0,90.0,90.0,0,0,1,0,0,0,0,0,0,0,0,1,0,0,0,6,15.0,6.0
28,Mings,AVL,4.4,1,1,90,0,0,90.0,90.0,0,0,1,0,0,0,0,0,0,0,0,1,0,2,0,8,11.3,8.0
28,Minteh,BHA,6.0,1,1,76,0,1,76.0,76.0,0,0,0,1,0,0,0,0,0,1,0,0,0,0,0,2,38.0,2.0
28,Mitchell,CRY,5.0,1,1,71,0,1,71.0,71.0,0,0,1,0,0,0,0,0,0,0,0,1,0,0,0,6,11.8,6.0
28,Mitoma,BHA,6.2,1,1,85,0,1,85.0,85.0,0,0,0,1,0,0,0,0,0,1,0,0,0,0,0,2,42.5,2.0
28,Savinho,MCI,6.9,1,1,68,0,1,68.0,68.0,0,0,1,0,0,0,0,0,0,1,0,0,0,0,0,3,22.7,3.0
28,Munetsi,WOL,5.4,1,1,45,0,1,45.0,45.0,1,0,0,1,0,0,0,0,0,0,1,1,0,2,0,8,5.6,8.0
28,Rodrigo Muniz,FUL,5.4,1,0,30,1,0,30.0,0.0,0,0,0,1,0,0,0,0,0,0,0,0,0,0,0,1,30.0,0.0
28,Muñoz,CRY,5.7,1,1,90,0,0,90.0,90.0,0,0,1,0,0,0,0,0,0,0,0,1,0,0,0,6,15.0,6.0
28,Murphy (Jacob),NEW,6.1,1,1,90,0,0,90.0,90.0,0,0,1,0,0,0,0,0,0,1,0,0,0,0,0,3,30.0,3.0
28,Mykolenko,EVE,4.9,1,1,90,0,0,90.0,90.0,0,0,0,1,0,0,0,0,0,1,0,0,0,0,0,2,45.0,2.0
28,Ndidi,LEI,4.9,1,1,90,0,0,90.0,90.0,0,0,0,1,0,0,0,0,0,1,0,0,0,0,0,2,45.0,2.0
28,Neto,CHE,7.0,1,1,90,0,0,90.0,90.0,0,0,1,0,0,0,0,0,0,1,0,0,0,0,0,3,30.0,3.0
28,Lindelof,MUN,4.5,1,1,90,0,0,90.0,90.0,0,0,0,1,0,0,0,0,0,1,0,0,0,0,0,2,45.0,2.0
28,Eddie Nketiah,CRY,5.4,1,1,72,0,1,72.0,72.0,0,0,1,0,0,0,0,0,0,1,0,0,0,0,0,2,36.0,2.0
28,Nkunku,CHE,5.9,1,1,88,0,1,88.0,88.0,0,0,1,0,0,0,0,0,0,1,0,0,0,0,0,3,29.3,3.0
28,Norgaard,BRE,5.2,1,1,90,0,0,90.0,90.0,0,0,0,1,0,0,0,0,0,1,0,0,0,0,0,2,45.0,2.0
28,Matheus Nunes,MCI,5.3,1,1,60,0,1,60.0,60.0,0,0,1,0,0,0,0,1,0,1,0,0,0,0,0,2,30.0,2.0
28,Núñez,LIV,6.5,1,1,66,0,1,66.0,66.0,1,1,0,1,0,0,0,1,0,0,2,2,0,2,1,10,6.6,10.0
28,Nwaneri,ARS,5.2,1,1,58,0,1,58.0,58.0,0,0,0,1,0,0,0,0,0,1,0,0,0,0,0,1,58.0,1.0
28,O'Brien,EVE,5.0,1,1,90,0,0,90.0,90.0,0,0,0,1,0,0,0,0,0,1,0,0,0,0,0,2,45.0,2.0
28,O'Shea,IPS,3.8,1,1,90,0,0,90.0,90.0,0,0,0,1,0,0,0,0,0,1,0,0,0,0,0,2,45.0,2.0
28,Odegaard,ARS,7.9,1,1,90,0,0,90.0,90.0,0,0,0,1,0,0,0,0,0,1,0,0,0,1,0,3,30.0,3.0
28,Odobert,TOT,5.3,1,1,90,0,0,90.0,90.0,0,0,0,2,0,0,0,0,0,1,0,0,0,0,0,2,45.0,2.0
28,Olsen,AVL,4.5,1,1,90,0,0,90.0,90.0,0,0,1,0,0,0,3,0,0,0,0,1,0,0,0,7,12.9,7.0
28,Onana,MUN,4.9,1,1,90,0,0,90.0,90.0,0,0,0,1,0,0,5,0,0,1,0,0,0,0,0,3,30.0,3.0
28,Paul Onuachu,SOU,4.9,1,0,12,1,0,12.0,0.0,0,0,0,1,0,0,0,1,0,0,0,0,0,0,0,0,0.0,0.0
28,Dango Ouattara,BOU,6.0,1,0,24,1,0,24.0,0.0,0,0,0,1,0,0,0,0,0,0,0,0,0,0,0,1,24.0,0.0
28,Palmer (Alex),IPS,4.5,1,1,90,0,0,90.0,90.0,0,0,0,1,0,0,3,0,0,1,0,0,0,0,0,3,30.0,3.0
28,Palmer (Cole),CHE,10.3,1,1,72,0,1,72.0,72.0,0,0,1,0,0,0,0,0,0,1,0,0,0,0,0,1,72.0,1.0
28,Partey,ARS,4.9,1,1,75,0,1,75.0,75.0,0,0,0,1,0,0,0,0,0,1,0,0,0,0,0,2,37.5,2.0
28,Pereira,FUL,5.3,1,1,81,0,1,81.0,81.0,0,0,0,1,0,0,0,0,0,1,0,0,0,0,0,2,40.5,2.0
28,Phillips (Kalvin),IPS,4.8,1,1,90,0,0,90.0,90.0,0,0,0,1,0,0,0,1,0,1,0,0,0,0,0,1,90.0,1.0
28,Philogene-Bidace,IPS,5.3,1,1,66,0,1,66.0,66.0,0,0,1,0,0,0,0,0,0,1,0,0,0,0,0,3,22.0,3.0
28,Pickford,EVE,5.5,1,1,90,0,0,90.0,90.0,0,0,0,1,0,0,2,0,0,1,0,0,0,0,0,2,45.0,2.0
28,Pinnock,BRE,4.3,1,1,90,0,0,90.0,90.0,0,0,0,1,0,0,0,0,0,1,0,0,0,0,0,2,45.0,2.0
28,Pope,NEW,5.2,1,1,90,0,0,90.0,90.0,0,0,1,0,0,0,2,0,0,0,0,1,0,0,0,6,15.0,6.0
28,Porro,TOT,5.5,1,1,86,0,1,86.0,86.0,0,0,0,2,0,0,0,0,0,1,0,0,0,0,0,1,86.0,1.0
28,Quansah,LIV,3.9,1,0,8,1,0,8.0,0.0,0,0,0,0,0,0,0,0,0,0,0,0,0,0,0,1,8.0,0.0
28,Ramsdale,SOU,4.8,1,1,90,0,0,90.0,90.0,0,0,0,3,0,0,4,0,0,1,0,0,0,0,0,2,45.0,2.0
28,Alisson,LIV,5.4,1,1,90,0,0,90.0,90.0,0,0,0,1,0,0,3,0,0,1,0,0,0,0,0,3,30.0,3.0
28,Ramsey (Jacob),AVL,5.3,1,1,67,0,1,67.0,67.0,0,1,1,0,0,0,0,0,0,0,1,1,0,0,0,6,11.2,6.0
28,Rashford,AVL,7.0,1,0,29,1,0,29.0,0.0,0,0,0,0,0,0,0,0,0,0,0,0,0,0,0,1,29.0,0.0
28,Raya Martin,ARS,5.8,1,1,90,0,0,90.0,90.0,0,0,0,1,0,0,5,0,0,1,0,0,0,0,0,3,30.0,3.0
28,Reed,FUL,4.4,1,0,18,1,0,18.0,0.0,0,0,0,1,0,0,0,0,0,0,0,0,0,0,0,1,18.0,0.0
28,Rice,ARS,6.7,1,1,90,0,0,90.0,90.0,1,0,0,1,0,0,0,0,0,0,1,1,0,3,1,10,9.0,10.0
28,Richards (Chris),CRY,4.5,1,1,90,0,0,90.0,90.0,0,0,1,0,0,0,0,1,0,0,0,1,0,1,0,6,15.0,6.0
28,Robertson,LIV,5.8,1,0,45,1,0,45.0,0.0,0,0,0,0,0,0,0,0,0,0,0,0,0,0,0,1,45.0,0.0
28,Robinson (Antonee),FUL,4.9,1,1,90,0,0,90.0,90.0,0,0,0,2,0,0,0,1,0,1,0,0,0,0,0,0,0.0,0.0
28,Morato,NFO,4.4,1,0,7,1,0,7.0,0.0,0,0,0,0,0,0,0,0,0,0,0,0,0,0,0,1,7.0,0.0
28,Rogers,AVL,6.8,1,1,90,0,1,90.0,90.0,0,0,1,0,0,0,0,0,0,1,0,0,0,0,0,3,30.0,3.0
28,Romero,TOT,5.0,1,1,60,0,1,60.0,60.0,0,0,0,1,0,0,0,0,0,1,0,0,0,0,0,2,30.0,2.0
28,Rutter,BHA,5.7,1,1,76,0,1,76.0,76.0,0,0,0,1,0,0,0,0,0,1,0,0,0,0,0,2,38.0,2.0
28,Salah,LIV,14.3,1,1,90,0,0,90.0,90.0,2,0,0,1,0,0,0,0,0,0,2,2,0,3,1,15,6.0,15.0
28,Saliba,ARS,6.0,1,1,90,0,0,90.0,90.0,0,0,0,1,0,0,0,0,0,1,0,0,0,0,0,2,45.0,2.0
28,Sanchez,CHE,4.9,1,1,90,0,0,90.0,90.0,0,0,1,0,0,0,3,0,0,0,0,1,0,2,0,9,10.0,9.0
28,Sancho,MUN,5.8,1,1,90,0,0,90.0,90.0,0,0,1,0,0,0,0,0,0,1,0,0,0,0,0,3,30.0,3.0
28,Sangaré,NFO,4.9,1,0,15,1,0,15.0,0.0,0,0,0,0,0,0,0,0,0,0,0,0,0,0,0,1,15.0,0.0
28,Ederson,MCI,5.3,1,1,90,0,0,90.0,90.0,0,0,0,1,0,0,3,0,0,1,0,0,0,0,0,3,30.0,3.0
28,Murillo,NFO,5.3,1,1,90,0,0,90.0,90.0,0,0,1,0,0,0,0,0,0,0,0,1,0,2,0,8,11.3,8.0
28,Sarabia,WOL,5.0,1,0,45,1,0,45.0,0.0,0,0,0,0,0,0,0,0,0,0,0,0,0,0,0,1,45.0,0.0
28,Ismaila Sarr,CRY,6.6,1,1,90,0,0,90.0,90.0,1,0,1,0,0,0,0,0,0,0,1,1,0,3,1,11,8.2,11.0
28,Sarr (Pape),TOT,4.9,1,1,90,0,0,90.0,90.0,1,0,0,2,0,0,0,0,0,0,1,1,0,3,1,10,9.0,10.0
28,Scarles,WHU,4.4,1,1,90,0,0,90.0,90.0,0,0,0,1,0,0,0,0,0,1,0,0,0,0,0,2,45.0,2.0
28,Schade,BRE,7.0,1,1,90,0,0,90.0,90.0,0,0,0,1,0,0,0,0,0,1,0,0,0,0,0,2,45.0,2.0
28,Schär,NEW,5.4,1,1,90,0,0,90.0,90.0,0,0,1,0,0,0,0,0,0,0,0,1,0,0,0,6,15.0,6.0
28,Scott,BOU,5.0,1,0,24,1,0,24.0,0.0,0,0,0,1,0,0,0,0,0,0,0,0,0,0,0,1,24.0,0.0
28,Sels,NFO,4.8,1,1,90,0,0,90.0,90.0,0,0,1,0,0,0,3,0,0,0,0,1,0,1,0,8,11.3,8.0
28,Semedo,WOL,4.5,1,1,90,0,1,90.0,90.0,0,0,0,1,0,0,0,0,0,1,0,0,0,0,0,2,45.0,2.0
28,Semenyo,BOU,8.1,1,1,88,0,1,88.0,88.0,0,0,0,2,0,0,0,1,0,1,0,0,0,0,0,1,88.0,1.0
28,Sessegnon (Ryan),FUL,5.4,1,0,11,1,0,11.0,0.0,0,0,0,1,0,0,0,0,0,0,0,0,0,0,0,1,11.0,0.0
28,Sinisterra,BOU,5.0,1,0,7,1,0,7.0,0.0,0,0,0,0,0,0,0,0,0,0,0,0,0,0,0,1,7.0,0.0
28,Smallbone,SOU,5.0,1,1,70,0,1,70.0,70.0,1,0,0,2,0,0,0,0,0,0,1,1,0,0,0,7,10.0,7.0
28,Smith-Rowe,FUL,5.7,1,1,81,0,1,81.0,81.0,0,0,0,1,0,0,0,0,0,1,0,0,0,0,0,2,40.5,2.0
28,Solanke,TOT,7.2,1,1,90,0,0,90.0,90.0,0,0,0,2,0,0,0,0,0,1,0,0,0,0,0,2,45.0,2.0
28,Soler (Carlos),WHU,5.0,1,0,30,1,0,30.0,0.0,0,0,0,0,0,0,0,0,0,0,0,0,0,0,0,1,30.0,0.0
28,Son,TOT,8.5,1,0,45,1,0,45.0,0.0,1,0,0,1,0,0,0,0,0,0,1,1,0,0,0,6,7.5,0.0
28,Soucek,WHU,5.7,1,1,65,0,1,65.0,65.0,0,0,0,1,0,0,0,0,0,1,0,0,0,0,0,2,32.5,2.0
28,Soumaré,LEI,4.4,1,1,65,0,1,65.0,65.0,0,0,0,1,0,0,0,0,0,1,0,0,0,0,0,2,32.5,2.0
28,Spence,TOT,4.5,1,1,90,0,0,90.0,90.0,0,0,0,2,0,0,0,0,0,1,0,0,0,0,0,1,90.0,1.0
28,Strand Larsen,WOL,6.4,1,1,73,0,1,73.0,73.0,0,0,0,1,0,0,0,1,0,1,0,0,0,0,0,1,73.0,1.0
28,Sugawara,SOU,4.2,1,0,32,1,0,32.0,0.0,0,0,0,1,0,0,0,0,0,0,0,0,0,0,0,1,32.0,0.0
28,Sulemana,SOU,5.0,1,1,90,0,0,90.0,90.0,0,0,0,3,0,0,0,0,0,1,0,0,0,0,0,2,45.0,2.0
28,Szoboszlai,LIV,6.5,1,1,45,0,1,45.0,45.0,0,0,0,1,0,0,0,0,0,1,0,0,0,0,0,1,45.0,1.0
28,Tarkowski,EVE,5.5,1,1,90,0,0,90.0,90.0,0,0,0,1,0,0,0,0,0,1,0,0,0,0,0,2,45.0,2.0
28,Tavernier,BOU,5.5,1,1,81,0,1,81.0,81.0,1,0,0,1,0,0,0,1,0,0,1,1,0,1,0,7,11.6,7.0
28,Taylor (Jack),IPS,4.8,1,0,11,1,0,11.0,0.0,0,0,0,0,0,0,0,0,0,0,0,0,0,0,0,1,11.0,0.0
28,Diogo Jota,LIV,7.2,1,0,28,1,0,28.0,0.0,0,0,0,0,0,0,0,0,0,0,0,0,0,0,0,1,28.0,0.0
28,Thomas,LEI,3.9,1,1,90,0,0,90.0,90.0,0,0,0,1,0,0,0,0,0,1,0,0,0,0,0,2,45.0,2.0
28,Tielemans,AVL,5.9,1,1,90,0,0,90.0,90.0,0,0,1,0,0,0,0,0,0,1,0,0,0,0,0,3,30.0,3.0
28,Tierney,ARS,4.3,1,0,19,1,0,19.0,0.0,0,0,0,0,0,0,0,0,0,0,0,0,0,0,0,1,19.0,0.0
28,Jurriën Timber,ARS,6.1,1,1,90,0,0,90.0,90.0,0,1,0,1,0,0,0,0,0,0,1,1,0,0,0,5,18.0,5.0
28,Todibo,WHU,4.3,1,1,65,0,1,65.0,65.0,0,0,0,1,0,0,0,0,0,1,0,0,0,0,0,2,32.5,2.0
28,Lucas Paquetá,WHU,5.9,1,0,29,1,0,29.0,0.0,0,0,0,0,0,0,0,0,0,0,0,0,0,0,0,1,29.0,0.0
28,Tonali,NEW,5.4,1,1,90,0,0,90.0,90.0,0,0,1,0,0,0,0,0,0,1,0,0,0,0,0,3,30.0,3.0
28,Trippier,NEW,5.0,1,1,90,0,0,90.0,90.0,0,0,1,0,0,0,0,0,0,0,0,1,0,2,0,8,11.3,8.0
28,Trossard,ARS,6.9,1,1,90,0,0,90.0,90.0,0,0,0,1,0,0,0,1,0,1,0,0,0,0,0,1,90.0,1.0
28,Tsimikas,LIV,4.8,1,1,45,0,1,45.0,45.0,0,0,0,1,0,0,0,1,0,1,0,0,0,0,0,0,0.0,0.0
28,Destiny Udogie,TOT,4.4,1,0,9,1,0,9.0,0.0,0,0,0,0,0,0,0,0,0,0,0,0,0,0,0,1,9.0,0.0
28,Ugochukwu,SOU,5.0,1,1,82,0,1,82.0,82.0,0,0,0,2,0,0,0,0,0,1,0,0,0,0,0,2,41.0,2.0
28,van de Ven,TOT,4.7,1,0,35,1,0,35.0,0.0,0,0,0,1,0,0,0,0,0,0,0,0,0,0,0,1,35.0,0.0
28,van Dijk,LIV,6.0,1,1,90,0,0,90.0,90.0,0,0,0,1,0,0,0,0,0,1,0,0,0,0,0,2,45.0,2.0
28,van Hecke,BHA,4.4,1,1,90,0,0,90.0,90.0,1,0,0,1,0,0,0,0,0,0,1,1,0,1,0,9,10.0,9.0
28,Vardy,LEI,5.4,1,1,90,0,0,90.0,90.0,0,0,0,1,0,0,0,0,0,1,0,0,0,0,0,2,45.0,2.0
28,Bernardo Silva,MCI,6.3,1,1,90,0,0,90.0,90.0,0,0,0,1,0,0,0,0,0,1,0,0,0,0,0,2,45.0,2.0
28,Verbruggen,BHA,4.4,1,1,90,0,0,90.0,90.0,0,0,0,1,0,0,0,0,0,1,0,0,0,0,0,2,45.0,2.0
28,Vicario,TOT,5.1,1,1,90,0,0,90.0,90.0,0,0,0,2,0,0,6,0,0,1,0,0,0,0,0,3,30.0,3.0
28,Walker-Peters,SOU,4.4,1,1,90,0,0,90.0,90.0,0,0,0,3,0,0,0,0,0,1,0,0,0,0,0,1,90.0,1.0
28,Wan-Bissaka,WHU,4.3,1,1,90,0,0,90.0,90.0,0,0,0,1,0,0,0,0,0,1,0,0,0,0,0,2,45.0,2.0
28,Ward-Prowse,WHU,5.7,1,1,81,0,1,81.0,81.0,0,0,0,1,0,0,0,0,0,1,0,0,0,0,0,2,40.5,2.0
28,Watkins,AVL,8.5,1,1,90,0,0,90.0,90.0,1,0,1,0,0,0,0,0,0,0,1,1,0,3,0,9,10.0,9.0
28,Webster,BHA,4.4,1,1,90,0,0,90.0,90.0,0,0,0,1,0,0,0,0,0,1,0,0,0,0,0,2,45.0,2.0
28,Welbeck,BHA,6.4,1,0,23,1,0,23.0,0.0,0,0,0,0,0,0,0,0,0,0,0,0,0,0,0,1,23.0,0.0
28,Wharton,CRY,5.0,1,1,87,0,1,87.0,87.0,0,0,1,0,0,0,0,1,0,1,0,0,0,0,0,2,43.5,2.0
28,Wieffer,BHA,4.9,1,0,14,1,0,14.0,0.0,0,0,0,0,0,0,0,0,0,0,0,0,0,0,0,1,14.0,0.0
28,Williams (Neco),NFO,4.7,1,1,90,0,0,90.0,90.0,0,0,1,0,0,0,0,0,0,0,0,1,0,0,0,6,15.0,6.0
28,Willock,NEW,5.0,1,0,18,1,0,18.0,0.0,0,0,0,0,0,0,0,0,0,0,0,0,0,0,0,1,18.0,0.0
28,Wilson (Callum),NEW,5.9,1,0,18,1,0,18.0,0.0,0,0,0,0,0,0,0,0,0,0,0,0,0,0,0,1,18.0,0.0
28,Winks,LEI,4.3,1,0,30,1,0,30.0,0.0,0,0,0,0,0,0,0,0,0,0,0,0,0,0,0,1,30.0,0.0
28,Wissa,BRE,7.4,1,1,90,0,0,90.0,90.0,0,0,0,1,0,0,0,0,0,1,0,0,0,0,0,2,45.0,2.0
28,Wood (Chris),NFO,7.2,1,1,86,0,1,86.0,86.0,0,0,1,0,0,0,0,0,0,1,0,0,0,0,0,2,43.0,2.0
28,Woolfenden,IPS,3.9,1,1,90,0,0,90.0,90.0,0,0,0,1,0,0,0,0,0,1,0,0,0,0,0,2,45.0,2.0
28,Yates,NFO,4.8,1,0,25,1,0,25.0,0.0,0,0,0,0,0,0,0,1,0,0,0,0,0,0,0,0,0.0,0.0
28,Yoro,MUN,4.4,1,1,45,0,1,45.0,45.0,0,0,0,0,0,0,0,0,0,1,0,0,0,0,0,1,45.0,1.0
28,Young (Ashley),EVE,4.2,1,0,2,1,0,2.0,0.0,0,0,0,0,0,0,0,0,0,0,0,0,0,0,0,1,2.0,0.0
28,Zirkzee,MUN,5.8,1,1,75,0,1,75.0,75.0,0,0,0,1,0,0,0,0,0,1,0,0,0,0,0,2,37.5,2.0
29,Adams (Tyler),BOU,5.0,1,1,78,0,1,78.0,78.0,0,0,0,2,0,0,0,0,0,1,0,0,0,0,0,2,39.0,2.0
29,Tosin,CHE,4.4,1,0,9,1,0,9.0,0.0,0,0,0,0,0,0,0,0,0,0,0,0,0,0,0,1,9.0,0.0
29,Adingra,BHA,5.1,1,0,11,1,0,11.0,0.0,0,0,0,0,0,0,0,0,0,0,0,0,0,0,0,1,11.0,0.0
29,Agbadou,WOL,4.4,1,1,90,0,0,90.0,90.0,0,0,0,1,0,0,0,0,0,1,0,0,0,0,0,2,45.0,2.0
29,Aina,NFO,4.7,1,1,90,0,0,90.0,90.0,0,0,0,2,0,0,0,0,0,1,0,0,0,0,0,1,90.0,1.0
29,Ait Nouri,WOL,5.8,1,1,78,0,1,78.0,78.0,0,0,0,1,0,0,0,0,0,1,0,0,0,0,0,2,39.0,2.0
29,Ajer,BRE,4.4,1,1,71,0,1,71.0,71.0,0,0,0,1,0,0,0,0,0,1,0,0,0,0,0,2,35.5,2.0
29,Alcaraz,EVE,5.2,1,1,90,0,0,90.0,90.0,0,0,0,1,0,0,0,0,0,1,0,0,0,0,0,2,45.0,2.0
29,Amass,MUN,4.0,1,0,30,1,0,30.0,0.0,0,0,0,0,0,0,0,0,0,0,0,0,0,0,0,1,30.0,0.0
29,Andersen,FUL,4.5,1,1,90,0,0,90.0,90.0,0,0,1,0,0,0,0,0,0,0,0,1,0,0,0,6,15.0,6.0
29,Anderson,NFO,5.3,1,1,90,0,0,90.0,90.0,0,1,0,2,0,0,0,0,0,0,1,1,0,0,0,5,18.0,5.0
29,Archer,SOU,4.8,1,0,27,1,0,27.0,0.0,0,0,0,0,0,0,0,0,0,0,0,0,0,0,0,1,27.0,0.0
29,Areola,WHU,4.3,1,1,90,0,0,90.0,90.0,0,0,0,1,0,0,4,0,0,1,0,0,0,0,0,3,30.0,3.0
29,Aribo,SOU,4.9,1,1,90,0,1,90.0,90.0,0,0,0,2,0,0,0,0,0,1,0,0,0,0,0,2,45.0,2.0
29,Kepa,BOU,4.2,1,1,90,0,0,90.0,90.0,0,0,0,2,0,0,2,0,0,1,0,0,0,0,0,1,90.0,1.0
29,Awoniyi,NFO,5.2,1,0,15,1,0,15.0,0.0,0,0,0,2,0,0,0,0,0,0,0,0,0,0,0,1,15.0,0.0
29,Ayari,BHA,4.9,1,0,19,1,0,19.0,0.0,0,0,0,0,0,0,0,0,0,0,0,0,0,0,0,1,19.0,0.0
29,Ayew,LEI,5.1,1,0,9,1,0,9.0,0.0,0,0,0,0,0,0,0,0,0,0,0,0,0,0,0,1,9.0,0.0
29,Badiashile,CHE,4.4,1,1,86,0,1,86.0,86.0,0,0,0,1,0,0,0,0,0,1,0,0,0,0,0,2,43.0,2.0
29,Baleba,BHA,4.7,1,1,86,0,1,86.0,86.0,0,0,0,2,0,0,0,1,0,1,0,0,0,0,0,1,86.0,1.0
29,Bassey,FUL,4.5,1,1,90,0,0,90.0,90.0,0,0,1,0,0,0,0,0,0,0,0,1,0,0,0,6,15.0,6.0
29,Bella Kotchap,SOU,3.9,1,1,90,0,0,90.0,90.0,0,0,0,2,0,0,0,0,0,1,0,0,0,0,0,1,90.0,1.0
29,Bellegarde,WOL,5.2,1,1,67,0,1,67.0,67.0,0,2,1,0,0,0,0,0,0,0,2,2,0,2,1,11,6.1,11.0
29,Bentancur,TOT,5.3,1,1,86,0,1,86.0,86.0,0,0,0,1,0,0,0,0,0,1,0,0,0,0,0,2,43.0,2.0
29,Berge,FUL,4.9,1,1,90,0,0,90.0,90.0,0,0,1,0,0,0,0,0,0,1,0,0,0,0,0,3,30.0,3.0
29,Bergvall,TOT,5.4,1,0,45,1,0,45.0,0.0,0,0,0,2,0,0,0,0,0,0,0,0,0,0,0,1,45.0,0.0
29,Bissouma,TOT,5.2,1,1,45,0,1,45.0,45.0,0,0,0,0,0,0,0,0,0,1,0,0,0,0,0,1,45.0,1.0
29,Willian,FUL,5.0,1,1,86,0,1,86.0,86.0,0,0,1,0,0,0,0,0,0,1,0,0,0,0,0,3,28.7,3.0
29,Bruno Fernandes,MUN,8.9,1,1,90,0,0,90.0,90.0,1,2,1,0,0,0,0,0,0,0,3,3,0,3,1,17,5.3,17.0
29,Bowen,WHU,7.8,1,1,90,0,0,90.0,90.0,0,1,0,1,0,0,0,0,0,0,1,1,0,0,0,5,18.0,5.0
29,Branthwaite,EVE,5.3,1,1,90,0,0,90.0,90.0,0,0,0,1,0,0,0,0,0,1,0,0,0,0,0,2,45.0,2.0
29,Broadhead,IPS,4.9,1,0,15,1,0,15.0,0.0,0,0,0,1,0,0,0,0,0,0,0,0,0,0,0,1,15.0,0.0
29,Broja,EVE,5.3,1,0,16,1,0,16.0,0.0,0,0,0,0,0,0,0,0,0,0,0,0,0,0,0,1,16.0,0.0
29,Brooks,BOU,5.0,1,0,17,1,0,17.0,0.0,0,0,0,0,0,0,0,0,0,0,0,0,0,0,0,1,17.0,0.0
29,Bueno (Santiago),WOL,4.4,1,0,17,1,0,17.0,0.0,0,0,0,0,0,0,0,0,0,0,0,0,0,0,0,1,17.0,0.0
29,Buonanotte,LEI,4.8,1,0,34,1,0,34.0,0.0,0,0,0,2,0,0,0,0,0,0,0,0,0,0,0,1,34.0,0.0
29,Burgess,IPS,3.8,1,0,45,1,0,45.0,0.0,0,0,0,1,0,0,0,0,0,0,0,0,0,0,0,1,45.0,0.0
29,Moises Caicedo,CHE,5.9,1,1,90,0,0,90.0,90.0,0,0,0,1,0,0,0,0,0,1,0,0,0,0,0,2,45.0,2.0
29,Cairney,FUL,4.9,1,0,24,1,0,24.0,0.0,0,0,0,0,0,0,0,0,0,0,0,0,0,0,0,1,24.0,0.0
29,Cajuste,IPS,4.5,1,1,90,0,0,90.0,90.0,1,0,0,4,0,0,0,0,0,0,1,1,0,2,0,9,10.0,9.0
29,Castagne,FUL,4.4,1,1,90,0,0,90.0,90.0,0,0,1,0,0,0,0,0,0,0,0,1,0,0,0,6,15.0,6.0
29,Christie,BOU,5.0,1,1,66,0,1,66.0,66.0,0,0,0,1,0,0,0,0,0,1,0,0,0,0,0,2,33.0,2.0
29,Clarke (Jack),IPS,5.4,1,0,15,1,0,15.0,0.0,0,1,0,1,0,0,0,0,0,0,1,1,0,0,0,4,3.8,0.0
29,Coady,LEI,4.0,1,1,90,0,0,90.0,90.0,0,0,0,3,0,0,0,0,0,1,0,0,0,0,0,1,90.0,1.0
29,Collins,BRE,4.9,1,1,90,0,0,90.0,90.0,0,0,0,1,0,0,0,0,0,1,0,0,0,0,0,2,45.0,2.0
29,Collyer,MUN,4.5,1,0,45,1,0,45.0,0.0,0,0,0,0,0,0,0,0,0,0,0,0,0,0,0,1,45.0,0.0
29,Colwill,CHE,4.8,1,1,90,0,0,90.0,90.0,0,0,0,1,0,0,0,1,0,1,0,0,0,0,0,1,90.0,1.0
29,Cook,BOU,4.9,1,1,90,0,0,90.0,90.0,0,0,0,2,0,0,0,0,0,1,0,0,0,0,0,2,45.0,2.0
29,Cucurella,CHE,6.1,1,1,90,0,0,90.0,90.0,0,0,0,1,0,0,0,0,0,1,0,0,0,0,0,2,45.0,2.0
29,André,WOL,5.4,1,1,90,0,0,90.0,90.0,0,0,0,1,0,0,0,0,0,1,0,0,0,0,0,2,45.0,2.0
29,Daka,LEI,4.8,1,1,59,0,1,59.0,59.0,0,0,0,1,0,0,0,0,0,1,0,0,0,0,0,2,29.5,2.0
29,Dalot,MUN,4.4,1,1,90,0,0,90.0,90.0,0,1,1,0,0,0,0,0,0,0,1,2,0,2,1,11,8.2,11.0
29,Damsgaard,BRE,5.8,1,1,85,0,1,85.0,85.0,0,0,0,1,0,0,0,0,0,1,0,0,0,0,0,2,42.5,2.0
29,Davies (Ben),TOT,4.3,1,1,90,0,0,90.0,90.0,0,0,0,2,0,0,0,0,0,1,0,0,0,0,0,1,90.0,1.0
29,Davis,IPS,4.2,1,1,90,0,0,90.0,90.0,0,0,0,4,0,0,0,0,0,1,0,0,0,0,0,0,0.0,0.0
29,De Bruyne,MCI,9.5,1,0,9,1,0,9.0,0.0,0,0,0,0,0,0,0,0,0,0,0,0,0,0,0,1,9.0,0.0
29,de Ligt,MUN,5.0,1,1,90,0,0,90.0,90.0,0,0,1,0,0,0,0,0,0,0,0,1,0,0,0,6,15.0,6.0
29,Evanilson,BOU,7.0,1,1,90,0,0,90.0,90.0,0,0,0,2,0,0,0,0,0,1,0,0,0,0,0,2,45.0,2.0
29,Delap,IPS,6.2,1,1,77,0,1,77.0,77.0,0,0,0,3,0,0,0,0,0,1,0,0,0,0,0,2,38.5,2.0
29,Dewsbury-Hall,CHE,4.9,1,0,19,1,0,19.0,0.0,0,0,0,0,0,0,0,0,0,0,0,0,0,0,0,1,19.0,0.0
29,Dibling,SOU,5.4,1,1,90,0,0,90.0,90.0,0,1,0,2,0,0,0,0,0,0,1,1,0,0,0,5,18.0,5.0
29,Djiga,WOL,4.5,1,0,7,1,0,7.0,0.0,0,0,0,0,0,0,0,0,0,0,0,0,0,0,0,1,7.0,0.0
29,Doherty,WOL,4.4,1,1,90,0,0,90.0,90.0,0,0,0,1,0,0,0,0,0,1,0,0,0,0,0,2,45.0,2.0
29,Doku,MCI,6.5,1,1,90,0,0,90.0,90.0,0,0,0,2,0,0,0,1,0,1,0,0,0,0,0,1,90.0,1.0
29,Nicolás Domínguez,NFO,5.0,1,1,66,0,1,66.0,66.0,0,0,1,0,0,0,0,1,0,1,0,0,0,0,0,2,33.0,2.0
29,Danilo,NFO,4.7,1,0,6,1,0,6.0,0.0,0,0,0,1,0,0,0,0,0,0,0,0,0,0,0,1,6.0,0.0
29,Gabriel Magalhães,ARS,6.5,1,1,90,0,0,90.0,90.0,0,0,1,0,0,0,0,1,0,0,0,1,0,0,0,5,18.0,5.0
29,Doucouré,EVE,5.1,1,1,67,0,1,67.0,67.0,0,0,0,1,0,0,0,0,0,1,0,0,0,0,0,2,33.5,2.0
29,Downes,SOU,4.7,1,0,13,1,0,13.0,0.0,0,0,0,0,0,0,0,0,0,0,0,0,0,0,0,1,13.0,0.0
29,Doyle (Tommy),WOL,4.7,1,0,7,1,0,7.0,0.0,0,0,0,0,0,0,0,0,0,0,0,0,0,0,0,1,7.0,0.0
29,El Khannouss,LEI,4.8,1,1,84,0,1,84.0,84.0,0,0,0,3,0,0,0,1,0,1,0,0,0,0,0,1,84.0,1.0
29,Elanga,NFO,6.7,1,1,67,0,1,67.0,67.0,2,0,1,0,0,0,0,0,0,0,2,2,0,3,1,16,4.2,16.0
29,Enciso,IPS,5.4,1,1,78,0,1,78.0,78.0,0,0,0,3,0,0,0,0,0,1,0,0,0,0,0,2,39.0,2.0
29,Eriksen,MUN,5.2,1,1,63,0,1,63.0,63.0,0,0,1,0,0,0,0,0,0,1,0,0,0,0,0,3,21.0,3.0
29,Mateus Fernandes,SOU,5.5,1,1,45,0,1,45.0,45.0,0,0,0,1,0,0,0,0,0,1,0,0,0,0,0,1,45.0,1.0
29,Estupiñán,BHA,4.5,1,1,90,0,0,90.0,90.0,1,0,0,2,0,0,0,0,0,0,1,1,0,0,0,7,12.9,7.0
29,Faes,LEI,3.8,1,1,90,0,0,90.0,90.0,0,0,0,3,0,0,0,0,0,1,0,0,0,0,0,1,90.0,1.0
29,Ferguson,WHU,5.5,1,0,3,1,0,3.0,0.0,0,0,0,0,0,0,0,0,0,0,0,0,0,0,0,1,3.0,0.0
29,Fernández,CHE,6.7,1,1,90,0,0,90.0,90.0,0,0,0,1,0,0,0,0,0,1,0,0,0,0,0,2,45.0,2.0
29,Jota Silva,NFO,5.4,1,0,14,1,0,14.0,0.0,1,0,0,2,0,0,0,0,0,0,1,1,0,0,0,6,2.3,0.0
29,Flekken,BRE,4.5,1,1,90,0,0,90.0,90.0,0,0,0,1,0,0,5,0,0,1,0,0,0,0,0,3,30.0,3.0
29,Foden,MCI,8.0,1,0,19,1,0,19.0,0.0,0,0,0,0,0,0,0,0,0,0,0,0,0,0,0,1,19.0,0.0
29,Fofana (Wesley),CHE,4.4,1,1,86,0,1,86.0,86.0,0,0,0,1,0,0,0,1,0,1,0,0,0,0,0,1,86.0,1.0
29,Casemiro,MUN,5.5,1,0,30,1,0,30.0,0.0,0,0,0,0,0,0,0,0,0,0,0,0,0,0,0,1,30.0,0.0
29,Gonçalo Guedes,WOL,5.5,1,0,28,1,0,28.0,0.0,0,0,0,1,0,0,0,0,0,0,0,0,0,0,0,1,28.0,0.0
29,Garnacho,MUN,6.4,1,1,64,0,1,64.0,64.0,1,0,1,0,0,0,0,0,0,0,1,1,0,0,0,8,8.0,8.0
29,Garner,EVE,5.0,1,1,78,0,1,78.0,78.0,0,0,0,1,0,0,0,0,0,1,0,0,0,0,0,2,39.0,2.0
29,Rúben Dias,MCI,5.5,1,1,90,0,0,90.0,90.0,0,0,0,2,0,0,0,0,0,1,0,0,0,0,0,1,90.0,1.0
29,George,CHE,4.9,1,0,19,1,0,19.0,0.0,0,0,0,0,0,0,0,0,0,0,0,0,0,0,0,1,19.0,0.0
29,Gibbs-White,NFO,7.3,1,1,87,0,1,87.0,87.0,0,1,0,1,0,0,0,0,0,0,1,1,0,0,0,5,17.4,5.0
29,Toti,WOL,4.3,1,1,90,0,0,90.0,90.0,0,0,0,1,0,0,0,0,0,1,0,0,0,0,0,2,45.0,2.0
29,Beto,EVE,5.2,1,1,78,0,1,78.0,78.0,0,0,0,1,0,0,0,0,0,1,0,0,0,0,0,2,39.0,2.0
29,João Gomes,WOL,5.4,1,1,90,0,0,90.0,90.0,0,0,0,1,0,0,0,0,0,1,0,0,0,0,0,2,45.0,2.0
29,Gómez (Diego),BHA,4.9,1,1,75,0,1,75.0,75.0,0,0,0,2,0,0,0,0,0,1,0,0,0,0,0,2,37.5,2.0
29,González (Nico),MCI,5.9,1,1,90,0,0,90.0,90.0,0,0,0,2,0,0,0,0,0,1,0,0,0,0,0,2,45.0,2.0
29,Gray (Archie),TOT,4.8,1,1,90,0,0,90.0,90.0,0,0,0,2,0,0,0,0,0,1,0,0,0,0,0,2,45.0,2.0
29,Greaves,IPS,3.8,1,1,45,0,1,45.0,45.0,0,0,0,3,0,0,0,0,0,1,0,0,0,0,0,0,0.0,0.0
29,Gruda,BHA,5.4,1,0,11,1,0,11.0,0.0,0,0,0,0,0,0,0,0,0,0,0,0,0,0,0,1,11.0,0.0
29,Grønbæk,SOU,4.9,1,0,14,1,0,14.0,0.0,0,0,0,0,0,0,0,0,0,0,0,0,0,0,0,1,14.0,0.0
29,Gueye,EVE,5.4,1,1,90,0,0,90.0,90.0,0,1,0,1,0,0,0,0,0,0,1,1,0,1,0,6,15.0,6.0
29,Gundogan,MCI,6.3,1,1,90,0,0,90.0,90.0,0,1,0,2,0,0,0,0,0,0,1,1,0,2,0,7,12.9,7.0
29,Gusto,CHE,4.9,1,0,9,1,0,9.0,0.0,0,0,0,0,0,0,0,0,0,0,0,0,0,0,0,1,9.0,0.0
29,Gvardiol,MCI,5.9,1,1,90,0,0,90.0,90.0,0,0,0,2,0,0,0,0,0,1,0,0,0,0,0,1,90.0,1.0
29,Haaland,MCI,14.8,1,1,90,0,0,90.0,90.0,1,0,0,2,0,0,0,0,0,0,1,1,0,1,0,7,12.9,7.0
29,Harrison (Jack),EVE,5.2,1,1,78,0,1,78.0,78.0,0,0,0,1,0,0,0,0,0,1,0,0,0,0,0,2,39.0,2.0
29,Harwood-Bellis,SOU,3.9,1,1,90,0,0,90.0,90.0,0,0,0,2,0,0,0,0,0,1,0,0,0,0,0,1,90.0,1.0
29,Heaven,MUN,3.9,1,1,47,0,1,47.0,47.0,0,0,0,0,0,0,0,0,0,1,0,0,0,0,0,1,47.0,1.0
29,Hermansen,LEI,4.4,1,1,90,0,0,90.0,90.0,0,0,0,3,0,0,2,0,0,1,0,0,0,0,0,1,90.0,1.0
29,Hill (James),BOU,4.0,1,0,17,1,0,17.0,0.0,0,0,0,0,0,0,0,1,0,0,0,0,0,0,0,0,0.0,0.0
29,Hinshelwood,BHA,5.1,1,1,90,0,0,90.0,90.0,0,1,0,2,0,0,0,0,0,0,1,1,0,0,0,5,18.0,5.0
29,Hirst,IPS,5.4,1,0,15,1,0,15.0,0.0,1,0,0,1,0,0,0,0,0,0,1,1,0,0,0,5,3.0,0.0
29,Hudson-Odoi,NFO,5.8,1,1,79,0,1,79.0,79.0,0,0,1,0,0,0,0,0,0,1,0,0,0,0,0,3,26.3,3.0
29,Huijsen,BOU,4.5,1,1,90,0,0,90.0,90.0,0,0,0,2,0,0,0,0,0,1,0,0,0,0,0,1,90.0,1.0
29,Hutchinson,IPS,5.4,1,1,90,0,0,90.0,90.0,0,0,0,4,0,0,0,0,0,1,0,0,0,0,0,2,45.0,2.0
29,Højlund,MUN,6.3,1,1,79,0,1,79.0,79.0,1,0,1,0,0,0,0,0,0,0,1,1,0,1,0,7,11.3,7.0
29,Iroegbunam,EVE,4.9,1,0,16,1,0,16.0,0.0,0,0,0,0,0,0,0,0,0,0,0,0,0,0,0,1,16.0,0.0
29,Iwobi,FUL,6.5,1,1,63,0,1,63.0,63.0,0,0,1,0,0,0,0,0,0,1,0,0,0,0,0,3,21.0,3.0
29,James,CHE,5.5,1,1,81,0,1,81.0,81.0,0,0,0,1,0,0,0,0,0,1,0,0,0,0,0,2,40.5,2.0
29,Janelt,BRE,4.9,1,1,71,0,1,71.0,71.0,0,0,0,1,1,0,0,0,0,1,0,0,0,0,0,0,0.0,0.0
29,Jebbison,BOU,4.5,1,0,10,1,0,10.0,0.0,0,0,0,0,0,0,0,0,0,0,0,0,0,0,0,1,10.0,0.0
29,Raúl Jiménez,FUL,6.2,1,1,63,0,1,63.0,63.0,0,0,1,0,0,0,0,0,0,1,0,0,0,0,0,2,31.5,2.0
29,Johnson (Brennan),TOT,6.7,1,1,45,0,1,45.0,45.0,0,0,0,0,0,0,0,0,0,1,0,0,0,0,0,1,45.0,1.0
29,João Pedro,BHA,7.4,1,1,90,0,0,90.0,90.0,0,0,0,2,0,0,0,1,0,1,0,0,0,0,0,1,90.0,1.0
29,Justin,LEI,4.0,1,1,77,0,1,77.0,77.0,0,0,0,2,0,0,0,0,0,1,0,0,0,0,0,1,77.0,1.0
29,Kerkez,BOU,5.8,1,1,90,0,0,90.0,90.0,0,1,0,2,0,0,0,0,0,0,1,1,0,0,0,4,22.5,4.0
29,Khusanov,MCI,5.4,1,1,90,0,0,90.0,90.0,0,0,0,2,1,0,0,0,0,1,0,0,0,0,0,0,0.0,0.0
29,Kilman,WHU,4.3,1,1,90,0,0,90.0,90.0,0,0,0,1,0,0,0,0,0,1,0,0,0,0,0,2,45.0,2.0
29,Kluivert,BOU,7.0,1,1,78,0,1,78.0,78.0,0,0,0,2,0,0,0,0,0,1,0,0,0,0,0,2,39.0,2.0
29,Konak,BRE,4.4,1,0,11,1,0,11.0,0.0,0,0,0,0,0,0,0,0,0,0,0,0,0,0,0,1,11.0,0.0
29,Kristiansen,LEI,4.4,1,1,77,0,1,77.0,77.0,0,0,0,2,0,0,0,0,0,1,0,0,0,0,0,1,77.0,1.0
29,Kudus,WHU,6.8,1,1,90,0,1,90.0,90.0,0,0,0,1,0,0,0,0,0,1,0,0,0,0,0,2,45.0,2.0
29,Lavia,CHE,4.9,1,0,13,1,0,13.0,0.0,0,0,0,0,0,0,0,0,0,0,0,0,0,0,0,1,13.0,0.0
29,Leno,FUL,5.0,1,1,90,0,0,90.0,90.0,0,1,1,0,0,0,4,0,0,0,1,2,0,3,1,13,6.9,13.0
29,Lewis (Rico),MCI,4.9,1,1,90,0,0,90.0,90.0,0,0,0,2,0,0,0,0,0,1,0,0,0,0,0,1,90.0,1.0
29,Lewis-Potter,BRE,4.9,1,1,90,0,0,90.0,90.0,0,0,0,1,0,0,0,0,0,1,0,0,0,0,0,2,45.0,2.0
29,Lewis-Skelly,ARS,5.2,1,1,90,0,0,90.0,90.0,0,0,1,0,0,0,0,0,0,1,0,0,0,0,0,3,30.0,3.0
29,Lindstrom,EVE,5.0,1,0,27,1,0,27.0,0.0,0,0,0,0,0,0,0,0,0,0,0,0,0,0,0,1,27.0,0.0
29,Maddison,TOT,6.9,1,0,28,1,0,28.0,0.0,0,0,0,2,0,0,0,0,0,0,0,0,0,0,0,1,28.0,0.0
29,José Sá,WOL,4.4,1,1,90,0,0,90.0,90.0,0,0,0,1,0,0,2,0,0,1,0,0,0,0,0,2,45.0,2.0
29,Manning,SOU,4.3,1,1,90,0,0,90.0,90.0,0,0,0,2,0,0,0,0,0,1,0,0,0,0,0,1,90.0,1.0
29,Omar Marmoush,MCI,8.3,1,1,85,0,1,85.0,85.0,1,1,0,2,0,0,0,0,0,0,2,2,0,3,1,12,7.1,12.0
29,Martinelli,ARS,6.9,1,1,78,0,1,78.0,78.0,0,0,1,0,0,0,0,0,0,1,0,0,0,0,0,3,26.0,3.0
29,Mavididi,LEI,5.0,1,0,17,1,0,17.0,0.0,0,0,0,1,0,0,0,0,0,0,0,0,0,0,0,1,17.0,0.0
29,Mavropanos,WHU,4.4,1,1,90,0,0,90.0,90.0,0,0,0,1,0,0,0,0,0,1,0,0,0,0,0,2,45.0,2.0
29,Mazraoui,MUN,4.9,1,1,90,0,0,90.0,90.0,0,0,1,0,0,0,0,0,0,0,0,1,0,0,0,6,15.0,6.0
29,Mbeumo,BRE,8.2,1,1,90,0,0,90.0,90.0,0,1,0,1,0,0,0,0,0,0,1,1,0,1,0,6,15.0,6.0
29,McAteer,LEI,4.7,1,0,17,1,0,17.0,0.0,0,0,0,1,0,0,0,0,0,0,0,0,0,0,0,1,17.0,0.0
29,Mee (Ben),BRE,4.2,1,0,11,1,0,11.0,0.0,0,0,0,0,0,0,0,0,0,0,0,0,0,0,0,1,11.0,0.0
29,Merino,ARS,5.9,1,1,90,0,0,90.0,90.0,1,0,1,0,0,0,0,0,0,0,1,1,0,1,0,9,10.0,9.0
29,Milenkovic,NFO,5.2,1,1,90,0,0,90.0,90.0,1,1,0,2,0,0,0,0,0,0,2,2,0,1,1,11,8.2,11.0
29,Minteh,BHA,6.0,1,1,83,0,1,83.0,83.0,0,0,0,2,0,0,0,0,0,1,0,0,0,0,0,2,41.5,2.0
29,Mitoma,BHA,6.2,1,1,83,0,1,83.0,83.0,0,0,0,2,0,0,0,1,0,1,0,0,0,0,0,1,83.0,1.0
29,Savinho,MCI,6.9,1,1,57,0,1,57.0,57.0,0,0,0,2,0,0,0,1,0,1,0,0,0,0,0,0,0.0,0.0
29,Munetsi,WOL,5.4,1,1,67,0,1,67.0,67.0,0,0,1,0,0,0,0,0,0,1,0,0,0,0,0,3,22.3,3.0
29,Rodrigo Muniz,FUL,5.4,1,0,32,1,0,32.0,0.0,1,0,0,0,0,0,0,0,0,0,1,1,0,2,0,7,4.6,0.0
29,Mykolenko,EVE,4.9,1,1,90,0,0,90.0,90.0,0,0,0,1,0,0,0,0,0,1,0,0,0,0,0,2,45.0,2.0
29,Ndidi,LEI,4.9,1,1,90,0,0,90.0,90.0,0,0,0,3,0,0,0,1,0,1,0,0,0,0,0,1,90.0,1.0
29,Neto,CHE,7.0,1,1,90,0,0,90.0,90.0,0,0,0,1,0,0,0,1,0,1,0,0,0,0,0,1,90.0,1.0
29,Lindelof,MUN,4.5,1,1,90,0,0,90.0,90.0,0,0,1,0,0,0,0,0,0,0,0,1,0,0,0,6,15.0,6.0
29,Nkunku,CHE,5.9,1,1,76,0,1,76.0,76.0,0,0,0,1,0,0,0,0,0,1,0,0,0,0,0,2,38.0,2.0
29,Norgaard,BRE,5.2,1,1,90,0,0,90.0,90.0,1,0,0,1,0,0,0,0,0,0,1,1,0,3,1,10,9.0,10.0
29,Nwaneri,ARS,5.2,1,0,16,1,0,16.0,0.0,0,0,0,0,0,0,0,0,0,0,0,0,0,0,0,1,16.0,0.0
29,O'Brien,EVE,5.0,1,1,90,0,0,90.0,90.0,1,0,0,1,0,0,0,0,0,0,1,1,0,2,1,10,9.0,10.0
29,O'Shea,IPS,3.8,1,1,90,0,0,90.0,90.0,0,1,0,4,0,0,0,0,0,1,1,1,0,0,0,3,30.0,3.0
29,Obi-Martin,MUN,4.3,1,0,14,1,0,14.0,0.0,0,0,0,0,0,0,0,0,0,0,0,0,0,0,0,1,14.0,0.0
29,Odegaard,ARS,7.9,1,1,90,0,1,90.0,90.0,0,1,1,0,0,0,0,1,0,0,1,1,0,0,0,5,18.0,5.0
29,Odobert,TOT,5.3,1,0,19,1,0,19.0,0.0,0,0,0,2,0,0,0,0,0,0,0,0,0,0,0,1,19.0,0.0
29,Onana,MUN,4.9,1,1,90,0,0,90.0,90.0,0,0,1,0,0,0,3,0,0,0,0,1,0,0,0,7,12.9,7.0
29,Paul Onuachu,SOU,4.9,1,0,45,1,0,45.0,0.0,1,0,0,1,0,0,0,0,0,0,1,1,0,2,0,7,6.4,0.0
29,Ortega Moreno,MCI,4.8,1,1,90,0,0,90.0,90.0,0,0,0,2,0,0,2,0,0,1,0,0,0,0,0,1,90.0,1.0
29,Dango Ouattara,BOU,6.0,1,0,10,1,0,10.0,0.0,0,0,0,0,0,0,0,0,0,0,0,0,0,0,0,1,10.0,0.0
29,Palmer (Alex),IPS,4.5,1,1,90,0,0,90.0,90.0,0,0,0,4,0,0,2,0,0,1,0,0,0,0,0,0,0.0,0.0
29,Emerson,WHU,4.4,1,1,90,0,0,90.0,90.0,0,0,0,1,0,0,0,0,0,1,0,0,0,0,0,2,45.0,2.0
29,Partey,ARS,4.9,1,1,90,0,0,90.0,90.0,0,0,1,0,0,0,0,1,0,1,0,0,0,0,0,2,45.0,2.0
29,Pereira,FUL,5.3,1,1,90,0,0,90.0,90.0,0,1,1,0,0,0,0,0,0,0,1,1,0,0,0,6,15.0,6.0
29,Phillips (Kalvin),IPS,4.8,1,1,84,0,1,84.0,84.0,0,0,0,3,0,0,0,1,0,1,0,0,0,0,0,1,84.0,1.0
29,Philogene-Bidace,IPS,5.3,1,1,78,0,1,78.0,78.0,0,0,0,3,0,0,0,0,0,1,0,0,0,0,0,2,39.0,2.0
29,Pickford,EVE,5.5,1,1,90,0,0,90.0,90.0,0,0,0,1,0,0,5,0,0,1,0,0,0,0,0,3,30.0,3.0
29,Pinnock,BRE,4.3,1,1,90,0,0,90.0,90.0,0,0,0,1,0,0,0,0,0,1,0,0,0,0,0,2,45.0,2.0
29,Youssef Chermiti,EVE,4.9,1,0,16,1,0,16.0,0.0,0,0,0,0,0,0,0,1,0,0,0,0,0,0,0,0,0.0,0.0
29,Ramsdale,SOU,4.8,1,1,90,0,0,90.0,90.0,0,0,0,2,0,0,1,0,0,1,0,0,0,0,0,1,90.0,1.0
29,Raya Martin,ARS,5.8,1,1,90,0,0,90.0,90.0,0,0,1,0,0,0,2,0,0,0,0,1,0,0,0,6,15.0,6.0
29,Rice,ARS,6.7,1,1,90,0,0,90.0,90.0,0,0,1,0,0,0,0,0,0,1,0,0,0,0,0,3,30.0,3.0
29,Robinson (Antonee),FUL,4.9,1,1,90,0,0,90.0,90.0,0,0,1,0,0,0,0,0,0,0,0,1,0,1,0,7,12.9,7.0
29,Morato,NFO,4.4,1,0,26,1,0,26.0,0.0,0,0,0,2,0,0,0,0,0,0,0,0,0,0,0,0,0.0,0.0
29,Rodríguez,WHU,4.8,1,0,3,1,0,3.0,0.0,0,0,0,0,0,0,0,0,0,0,0,0,0,0,0,1,3.0,0.0
29,Romero,TOT,5.0,1,1,67,0,1,67.0,67.0,0,0,1,0,0,0,0,0,0,0,0,1,0,1,0,7,9.6,7.0
29,Rutter,BHA,5.7,1,1,75,0,1,75.0,75.0,0,1,0,2,0,0,0,0,0,0,1,1,0,0,0,5,15.0,5.0
29,Saliba,ARS,6.0,1,1,90,0,0,90.0,90.0,0,0,1,0,0,0,0,0,0,0,0,1,0,3,0,9,10.0,9.0
29,Sanchez,CHE,4.9,1,1,90,0,0,90.0,90.0,0,0,0,1,0,0,4,0,0,1,0,0,0,0,0,3,30.0,3.0
29,Sancho,MUN,5.8,1,1,75,0,1,75.0,75.0,0,0,0,1,0,0,0,0,0,1,0,0,0,0,0,2,37.5,2.0
29,Murillo,NFO,5.3,1,1,90,0,0,90.0,90.0,0,0,0,2,0,0,0,0,0,1,0,0,0,0,0,1,90.0,1.0
29,Sarabia,WOL,5.0,1,0,28,1,0,28.0,0.0,0,0,0,1,0,0,0,0,0,0,0,0,0,0,0,1,28.0,0.0
29,Scarlett,TOT,4.3,1,0,9,1,0,9.0,0.0,0,0,0,1,0,0,0,0,0,0,0,0,0,0,0,1,9.0,0.0
29,Schade,BRE,7.0,1,1,85,0,1,85.0,85.0,0,0,0,1,0,0,0,0,0,1,0,0,0,0,0,2,42.5,2.0
29,Sels,NFO,4.8,1,1,90,0,0,90.0,90.0,0,0,0,2,0,0,1,0,0,1,0,0,0,0,0,1,90.0,1.0
29,Semedo,WOL,4.5,1,1,88,0,1,88.0,88.0,0,0,0,1,0,0,0,0,0,1,0,0,0,0,0,2,44.0,2.0
29,Semenyo,BOU,8.1,1,1,90,0,0,90.0,90.0,0,0,0,2,0,0,0,1,0,1,0,0,0,0,0,1,90.0,1.0
29,Sessegnon (Ryan),FUL,5.4,1,0,9,1,0,9.0,0.0,1,0,0,0,0,0,0,0,0,0,1,1,0,0,0,7,1.3,0.0
29,Sinisterra,BOU,5.0,1,0,18,1,1,18.0,0.0,0,0,0,1,0,0,0,0,0,0,0,0,0,0,0,1,18.0,0.0
29,Smith-Rowe,FUL,5.7,1,1,71,0,1,71.0,71.0,0,0,1,0,0,0,0,0,0,1,0,0,0,0,0,3,23.7,3.0
29,Solanke,TOT,7.2,1,1,90,0,0,90.0,90.0,0,0,0,2,0,0,0,0,0,1,0,0,0,0,0,2,45.0,2.0
29,Soler (Carlos),WHU,5.0,1,0,12,1,0,12.0,0.0,0,0,0,1,0,0,0,0,0,0,0,0,0,0,0,1,12.0,0.0
29,Son,TOT,8.5,1,0,45,1,0,45.0,0.0,0,0,0,2,0,0,0,0,0,0,0,0,0,0,0,1,45.0,0.0
29,Soucek,WHU,5.7,1,1,90,0,0,90.0,90.0,1,0,0,1,0,0,0,0,0,0,1,1,0,3,1,10,9.0,10.0
29,Soumaré,LEI,4.4,1,1,59,0,1,59.0,59.0,0,0,0,1,0,0,0,0,0,1,0,0,0,0,0,2,29.5,2.0
29,Spence,TOT,4.5,1,1,90,0,0,90.0,90.0,0,0,0,2,0,0,0,0,0,1,0,0,0,0,0,1,90.0,1.0
29,Stephens,SOU,4.0,1,0,5,1,0,5.0,0.0,0,0,0,0,0,0,0,0,0,0,0,0,0,0,0,1,5.0,0.0
29,Strand Larsen,WOL,6.4,1,1,88,0,1,88.0,88.0,2,0,0,1,0,0,0,0,0,0,2,2,0,3,1,13,6.8,13.0
29,Sugawara,SOU,4.2,1,1,68,0,1,68.0,68.0,0,0,0,2,0,0,0,0,0,1,0,0,0,0,0,1,68.0,1.0
29,Sulemana,SOU,5.0,1,1,81,0,1,81.0,81.0,0,0,0,2,0,0,0,0,0,1,0,0,0,0,0,2,40.5,2.0
29,Tarkowski,EVE,5.5,1,1,90,0,0,90.0,90.0,0,0,0,1,0,0,0,0,0,1,0,0,0,0,0,2,45.0,2.0
29,Tavernier,BOU,5.5,1,1,90,0,0,90.0,90.0,0,0,0,2,0,0,0,1,0,1,0,0,0,0,0,1,90.0,1.0
29,Taylor (Jack),IPS,4.8,1,0,9,1,0,9.0,0.0,0,0,0,1,0,0,0,0,0,0,0,0,0,0,0,1,9.0,0.0
29,Tel,TOT,6.3,1,1,76,0,1,76.0,76.0,0,0,1,0,0,0,0,0,0,1,0,0,0,0,0,3,25.3,3.0
29,Thomas,LEI,3.9,1,1,90,0,0,90.0,90.0,0,0,0,3,0,0,0,0,0,1,0,0,0,0,0,1,90.0,1.0
29,Tierney,ARS,4.3,1,0,4,1,0,4.0,0.0,0,0,0,0,0,0,0,0,0,0,0,0,0,0,0,1,4.0,0.0
29,Jurriën Timber,ARS,6.1,1,1,90,0,0,90.0,90.0,0,0,1,0,0,0,0,0,0,0,0,1,0,3,0,9,10.0,9.0
29,Todibo,WHU,4.3,1,1,90,0,1,90.0,90.0,0,0,0,1,0,0,0,1,0,1,0,0,0,0,0,1,90.0,1.0
29,Lucas Paquetá,WHU,5.9,1,1,82,0,1,82.0,82.0,0,0,1,0,0,0,0,1,0,1,0,0,0,0,0,2,41.0,2.0
29,Traoré (Adama),FUL,5.2,1,0,32,1,0,32.0,0.0,0,0,0,0,0,0,0,0,0,0,0,0,0,0,0,1,32.0,0.0
29,Trossard,ARS,6.9,1,1,90,0,0,90.0,90.0,0,0,1,0,0,0,0,0,0,1,0,0,0,0,0,3,30.0,3.0
29,Destiny Udogie,TOT,4.4,1,1,90,0,0,90.0,90.0,0,0,0,2,0,0,0,0,0,1,0,0,0,0,0,1,90.0,1.0
29,Ugarte,MUN,4.8,1,1,63,0,1,63.0,63.0,0,0,1,0,0,0,0,0,0,1,0,0,0,0,0,3,21.0,3.0
29,Ugochukwu,SOU,5.0,1,1,81,0,1,81.0,81.0,0,0,0,2,0,0,0,0,0,1,0,0,0,0,0,2,40.5,2.0
29,van den Berg,BRE,4.5,1,0,24,1,0,24.0,0.0,0,0,0,0,0,0,0,0,0,0,0,0,0,0,0,1,24.0,0.0
29,van Hecke,BHA,4.4,1,1,90,0,0,90.0,90.0,0,0,0,2,0,0,0,0,0,1,0,0,0,0,0,1,90.0,1.0
29,Vardy,LEI,5.4,1,1,90,0,0,90.0,90.0,0,0,0,3,0,0,0,0,0,1,0,0,0,0,0,2,45.0,2.0
29,Bernardo Silva,MCI,6.3,1,0,18,1,1,18.0,0.0,0,0,0,0,0,0,0,0,0,0,0,0,0,0,0,1,18.0,0.0
29,Verbruggen,BHA,4.4,1,1,90,0,0,90.0,90.0,0,0,0,2,0,0,1,1,0,1,0,0,0,0,0,0,0.0,0.0
29,Vicario,TOT,5.1,1,1,90,0,0,90.0,90.0,0,0,0,2,0,0,2,0,0,1,0,0,0,0,0,1,90.0,1.0
29,Walker-Peters,SOU,4.4,1,1,90,0,0,90.0,90.0,0,0,0,2,0,0,0,0,0,1,0,0,0,0,0,1,90.0,1.0
29,Wan-Bissaka,WHU,4.3,1,1,90,0,0,90.0,90.0,0,0,0,1,0,0,0,0,0,1,0,0,0,0,0,2,45.0,2.0
29,Ward-Prowse,WHU,5.7,1,1,90,0,0,90.0,90.0,0,0,0,1,0,0,0,0,0,1,0,0,0,0,0,2,45.0,2.0
29,Webster,BHA,4.4,1,1,90,0,0,90.0,90.0,0,0,0,2,0,0,0,0,0,1,0,0,0,0,0,1,90.0,1.0
29,Welbeck,BHA,6.4,1,0,19,1,0,19.0,0.0,0,0,0,0,0,0,0,0,0,0,0,0,0,0,0,1,19.0,0.0
29,Wieffer,BHA,4.9,1,0,8,1,0,8.0,0.0,0,0,0,0,0,0,0,1,0,0,0,0,0,0,0,0,0.0,0.0
29,Williams (Neco),NFO,4.7,1,1,90,0,0,90.0,90.0,0,0,0,2,0,0,0,0,0,1,0,0,0,0,0,1,90.0,1.0
29,Winks,LEI,4.3,1,0,34,1,0,34.0,0.0,0,0,0,2,0,0,0,0,0,0,0,0,0,0,0,1,34.0,0.0
29,Wissa,BRE,7.4,1,1,90,0,0,90.0,90.0,1,0,0,1,0,0,0,0,0,0,1,1,0,2,0,8,11.3,8.0
29,Wood (Chris),NFO,7.2,1,1,78,0,1,78.0,78.0,0,0,1,0,0,0,0,0,0,1,0,0,0,0,0,2,39.0,2.0
29,Woolfenden,IPS,3.9,1,1,90,0,0,90.0,90.0,0,0,0,4,0,0,0,0,0,1,0,0,0,0,0,0,0.0,0.0
29,Yarmolyuk,BRE,5.0,1,0,24,1,0,24.0,0.0,0,0,0,0,0,0,0,0,0,0,0,0,0,0,0,1,24.0,0.0
29,Yates,NFO,4.8,1,0,27,1,0,27.0,0.0,0,0,0,2,0,0,0,0,0,0,0,0,0,0,0,1,27.0,0.0
29,Zabarnyi,BOU,5.0,1,1,85,0,1,85.0,85.0,0,0,0,2,0,0,0,0,0,1,0,0,0,0,0,1,85.0,1.0
29,Zirkzee,MUN,5.8,1,0,30,1,0,30.0,0.0,0,0,0,0,0,0,0,0,0,0,0,0,0,0,0,1,30.0,0.0
30,Adams (Tyler),BOU,5.0,1,0,45,1,0,45.0,0.0,0,0,0,1,0,0,0,0,0,0,0,0,0,0,0,1,45.0,0.0
30,Tosin,CHE,4.4,1,0,12,1,0,12.0,0.0,0,0,0,0,0,0,0,0,0,0,0,0,0,0,0,1,12.0,0.0
30,Adingra,BHA,5.1,1,1,90,0,0,90.0,90.0,0,0,0,3,0,0,0,0,0,1,0,0,0,0,0,2,45.0,2.0
30,Agbadou,WOL,4.4,1,1,90,0,0,90.0,90.0,0,0,1,0,0,0,0,0,0,0,0,1,0,0,0,6,15.0,6.0
30,Aina,NFO,4.7,1,1,37,0,1,37.0,37.0,0,0,0,0,0,0,0,0,0,1,0,0,0,0,0,1,37.0,1.0
30,Ait Nouri,WOL,5.8,1,1,81,0,1,81.0,81.0,0,0,1,0,0,0,0,0,0,0,0,1,0,2,0,8,10.1,8.0
30,Ajer,BRE,4.4,1,0,17,1,0,17.0,0.0,0,0,0,0,0,0,0,0,0,0,0,0,0,0,0,1,17.0,0.0
30,Alcaraz,EVE,5.2,1,1,78,0,1,78.0,78.0,0,0,0,1,0,0,0,0,0,1,0,0,0,0,0,2,39.0,2.0
30,Álvarez (Edson),WHU,4.9,1,0,45,1,0,45.0,0.0,0,0,0,0,0,0,0,0,0,0,0,0,0,0,0,1,45.0,0.0
30,Andersen,FUL,4.5,1,1,90,0,0,90.0,90.0,0,0,0,2,0,0,0,1,0,1,0,0,0,0,0,0,0.0,0.0
30,Anderson,NFO,5.3,1,1,66,0,1,66.0,66.0,0,0,1,0,0,0,0,0,0,1,0,0,0,0,0,3,22.0,3.0
30,Joelinton,NEW,5.9,1,1,90,0,0,90.0,90.0,0,0,0,1,0,0,0,0,0,1,0,0,0,0,0,2,45.0,2.0
30,Archer,SOU,4.8,1,0,9,1,0,9.0,0.0,0,0,0,1,0,0,0,0,0,0,0,0,0,0,0,1,9.0,0.0
30,Areola,WHU,4.3,1,1,90,0,0,90.0,90.0,0,0,0,1,0,0,1,0,0,1,0,0,0,0,0,2,45.0,2.0
30,Aribo,SOU,4.9,1,0,26,1,0,26.0,0.0,0,0,0,1,0,0,0,0,0,0,0,0,0,0,0,1,26.0,0.0
30,Kepa,BOU,4.2,1,1,90,0,0,90.0,90.0,0,0,0,2,0,0,0,0,0,1,0,0,0,0,0,1,90.0,1.0
30,Asensio,AVL,6.0,1,0,36,1,0,36.0,0.0,1,1,0,0,0,0,0,0,0,0,2,2,0,3,1,12,3.0,0.0
30,Awoniyi,NFO,5.2,1,1,85,0,1,85.0,85.0,0,0,1,0,0,0,0,0,0,1,0,0,0,0,0,2,42.5,2.0
30,Ayari,BHA,4.9,1,1,90,0,0,90.0,90.0,0,0,0,3,0,0,0,0,0,1,0,0,0,0,0,2,45.0,2.0
30,Ayew,LEI,5.1,1,0,13,1,0,13.0,0.0,0,0,0,0,0,0,0,0,0,0,0,0,0,0,0,1,13.0,0.0
30,Baleba,BHA,4.7,1,0,29,1,0,29.0,0.0,0,0,0,2,0,0,0,0,0,0,0,0,0,0,0,1,29.0,0.0
30,Ricardo Pereira,LEI,4.1,1,0,18,1,0,18.0,0.0,0,0,0,0,0,0,0,0,0,0,0,0,0,0,0,1,18.0,0.0
30,Barnes,NEW,6.4,1,1,90,0,1,90.0,90.0,0,1,0,1,0,0,0,0,0,0,1,1,0,0,0,5,18.0,5.0
30,Bednarek,SOU,4.0,1,1,90,0,0,90.0,90.0,0,0,0,1,0,0,0,1,0,1,0,0,0,0,0,1,90.0,1.0
30,Bellegarde,WOL,5.2,1,1,88,0,1,88.0,88.0,0,0,1,0,0,0,0,0,0,1,0,0,0,0,0,3,29.3,3.0
30,Bentancur,TOT,5.3,1,1,90,0,0,90.0,90.0,0,0,0,1,0,0,0,0,0,1,0,0,0,0,0,2,45.0,2.0
30,Berge,FUL,4.9,1,1,90,0,0,90.0,90.0,0,0,0,2,0,0,0,0,0,1,0,0,0,0,0,2,45.0,2.0
30,Bergvall,TOT,5.4,1,1,61,0,1,61.0,61.0,0,0,0,1,0,0,0,0,0,1,0,0,0,0,0,2,30.5,2.0
30,Bobb,MCI,5.4,1,0,9,1,0,9.0,0.0,0,0,0,0,0,0,0,0,0,0,0,0,0,0,0,1,9.0,0.0
30,Willian,FUL,5.0,1,0,29,1,0,29.0,0.0,0,0,0,1,0,0,0,0,0,0,0,0,0,0,0,1,29.0,0.0
30,Bruno Fernandes,MUN,8.9,1,1,90,0,0,90.0,90.0,0,0,0,1,0,0,0,0,0,1,0,0,0,0,0,2,45.0,2.0
30,Bowen,WHU,7.8,1,1,90,0,0,90.0,90.0,0,0,0,1,0,0,0,0,0,1,0,0,0,0,0,2,45.0,2.0
30,Branthwaite,EVE,5.3,1,1,90,0,0,90.0,90.0,0,0,0,1,0,0,0,0,0,1,0,0,0,0,0,2,45.0,2.0
30,Broadhead,IPS,4.9,1,1,71,0,1,71.0,71.0,1,0,0,1,0,0,0,0,0,0,1,1,0,0,0,7,10.1,7.0
30,Broja,EVE,5.3,1,0,17,1,0,17.0,0.0,0,0,0,0,0,0,0,0,0,0,0,0,0,0,0,1,17.0,0.0
30,Brooks,BOU,5.0,1,0,40,1,0,40.0,0.0,0,0,0,1,0,0,0,0,0,0,0,0,0,0,0,1,40.0,0.0
30,Bueno (Santiago),WOL,4.4,1,0,13,1,0,13.0,0.0,0,0,0,0,0,0,0,0,0,0,0,0,0,0,0,1,13.0,0.0
30,Buonanotte,LEI,4.8,1,0,34,1,0,34.0,0.0,0,0,0,0,0,0,0,0,0,0,0,0,0,0,0,1,34.0,0.0
30,Burgess,IPS,3.8,1,1,90,0,0,90.0,90.0,0,0,0,1,0,0,0,0,0,1,0,0,0,0,0,2,45.0,2.0
30,Burn,NEW,5.1,1,1,90,0,0,90.0,90.0,0,0,0,1,0,0,0,0,0,1,0,0,0,0,0,2,45.0,2.0
30,Moises Caicedo,CHE,5.9,1,1,90,0,0,90.0,90.0,0,0,1,0,0,0,0,0,0,1,0,0,0,0,0,3,30.0,3.0
30,Cajuste,IPS,4.5,1,1,90,0,0,90.0,90.0,0,0,0,1,0,0,0,0,0,1,0,0,0,0,0,2,45.0,2.0
30,Cash,AVL,4.6,1,1,75,0,1,75.0,75.0,0,0,1,0,0,0,0,0,0,0,0,1,0,0,0,6,12.5,6.0
30,Cashin,BHA,4.0,1,0,29,1,0,29.0,0.0,0,0,0,2,0,0,0,0,0,0,0,0,0,0,0,0,0.0,0.0
30,Castagne,FUL,4.4,1,1,90,0,0,90.0,90.0,0,0,0,2,0,0,0,0,0,1,0,0,0,0,0,1,90.0,1.0
30,Chalobah,CHE,5.1,1,1,90,0,0,90.0,90.0,0,0,1,0,0,0,0,1,0,0,0,1,0,0,0,5,18.0,5.0
30,Chilwell,CRY,4.6,1,0,37,1,0,37.0,0.0,0,0,0,0,0,0,0,0,0,0,0,0,0,0,0,1,37.0,0.0
30,Christie,BOU,5.0,1,1,57,0,1,57.0,57.0,0,0,0,1,0,0,0,0,0,1,0,0,0,0,0,1,57.0,1.0
30,Clarke (Jack),IPS,5.4,1,0,25,1,0,25.0,0.0,0,0,0,0,0,0,0,0,0,0,0,0,0,0,0,1,25.0,0.0
30,Clyne,CRY,3.9,1,1,58,0,1,58.0,58.0,0,0,0,1,0,0,0,0,0,1,0,0,0,0,0,1,58.0,1.0
30,Coady,LEI,4.0,1,1,90,0,0,90.0,90.0,0,0,0,2,0,0,0,0,0,1,0,0,0,0,0,1,90.0,1.0
30,Collins,BRE,4.9,1,1,90,0,0,90.0,90.0,0,0,0,2,0,0,0,0,0,1,0,0,0,0,0,1,90.0,1.0
30,Colwill,CHE,4.8,1,1,90,0,0,90.0,90.0,0,0,1,0,0,0,0,0,0,0,0,1,0,0,0,6,15.0,6.0
30,Cook,BOU,4.9,1,1,90,0,0,90.0,90.0,0,1,0,2,0,0,0,0,0,0,1,1,0,1,0,6,15.0,6.0
30,Cresswell,WHU,3.9,1,1,45,0,1,45.0,45.0,0,0,0,1,0,0,0,0,0,1,0,0,0,0,0,1,45.0,1.0
30,Cucurella,CHE,6.1,1,1,90,0,0,90.0,90.0,0,0,1,0,0,0,0,1,0,0,0,1,0,0,0,5,18.0,5.0
30,Cuenca,FUL,4.4,1,1,90,0,0,90.0,90.0,0,0,0,2,0,0,0,0,0,1,0,0,0,0,0,1,90.0,1.0
30,André,WOL,5.4,1,1,69,0,1,69.0,69.0,0,0,1,0,0,0,0,1,0,1,0,0,0,0,0,2,34.5,2.0
30,Daka,LEI,4.8,1,1,80,0,1,80.0,80.0,0,0,0,2,0,0,0,0,0,1,0,0,0,0,0,2,40.0,2.0
30,Dalot,MUN,4.4,1,1,90,0,0,90.0,90.0,0,0,0,1,0,0,0,0,0,1,0,0,0,0,0,2,45.0,2.0
30,Damsgaard,BRE,5.8,1,0,38,1,0,38.0,0.0,0,0,0,1,0,0,0,0,0,0,0,0,0,0,0,1,38.0,0.0
30,de Ligt,MUN,5.0,1,1,90,0,0,90.0,90.0,0,0,0,1,0,0,0,0,0,1,0,0,0,0,0,2,45.0,2.0
30,Evanilson,BOU,7.0,1,1,90,0,0,90.0,90.0,1,0,0,2,0,0,0,0,0,0,1,1,0,2,0,8,11.3,8.0
30,Vitor Reis,MCI,5.0,1,0,2,1,0,2.0,0.0,0,0,0,0,0,0,0,0,0,0,0,0,0,0,0,1,2.0,0.0
30,Delap,IPS,6.2,1,1,71,0,1,71.0,71.0,1,0,0,1,0,0,0,0,0,0,1,1,0,3,0,9,7.9,9.0
30,Devenny,CRY,4.4,1,0,13,1,0,13.0,0.0,0,0,0,0,0,0,0,0,0,0,0,0,0,0,0,1,13.0,0.0
30,Dewsbury-Hall,CHE,4.9,1,0,12,1,0,12.0,0.0,0,0,0,0,0,0,0,0,0,0,0,0,0,0,0,1,12.0,0.0
30,Díaz,LIV,8.0,1,1,85,0,1,85.0,85.0,0,1,1,0,0,0,0,0,0,0,1,1,0,3,0,9,9.4,9.0
30,Dibling,SOU,5.4,1,0,18,1,0,18.0,0.0,0,0,0,1,0,0,0,0,0,0,0,0,0,0,0,1,18.0,0.0
30,Digne,AVL,4.5,1,1,90,0,0,90.0,90.0,0,0,1,0,0,0,0,0,0,0,0,1,0,0,0,6,15.0,6.0
30,Diop,FUL,4.4,1,1,73,0,1,73.0,73.0,0,0,0,2,0,0,0,0,0,1,0,0,0,0,0,1,73.0,1.0
30,Disasi,AVL,4.2,1,0,21,1,0,21.0,0.0,0,0,0,0,0,0,0,1,0,0,0,0,0,0,0,0,0.0,0.0
30,Doherty,WOL,4.4,1,1,90,0,0,90.0,90.0,0,0,1,0,0,0,0,1,0,0,0,1,0,2,0,7,12.9,7.0
30,Doku,MCI,6.5,1,1,78,0,1,78.0,78.0,0,0,1,0,0,0,0,0,0,1,0,0,0,0,0,3,26.0,3.0
30,Nicolás Domínguez,NFO,5.0,1,0,31,1,0,31.0,0.0,0,0,0,0,0,0,0,0,0,0,0,0,0,0,0,1,31.0,0.0
30,Dorgu,MUN,4.3,1,1,90,0,0,90.0,90.0,0,0,0,1,0,0,0,0,0,1,0,0,0,0,0,2,45.0,2.0
30,Danilo,NFO,4.7,1,1,37,0,1,37.0,37.0,0,0,0,0,0,0,0,0,0,1,0,0,0,0,0,1,37.0,1.0
30,Gabriel Magalhães,ARS,6.5,1,1,15,0,1,15.0,15.0,0,0,0,0,0,0,0,0,0,1,0,0,0,0,0,1,15.0,1.0
30,Doucouré,EVE,5.1,1,1,85,0,1,85.0,85.0,0,0,0,1,0,0,0,0,0,1,0,0,0,0,0,2,42.5,2.0
30,Downes,SOU,4.7,1,1,86,0,1,86.0,86.0,0,0,1,0,0,0,0,1,0,1,0,0,0,0,0,2,43.0,2.0
30,Dunk,BHA,4.5,1,1,67,0,1,67.0,67.0,0,0,0,1,0,0,0,0,0,1,0,0,0,0,0,2,33.5,2.0
30,El Khannouss,LEI,4.8,1,1,60,0,1,60.0,60.0,0,0,0,2,0,0,0,0,0,1,0,0,0,0,0,1,60.0,1.0
30,Elanga,NFO,6.7,1,1,85,0,1,85.0,85.0,1,0,1,0,0,0,0,0,0,0,1,1,0,3,1,11,7.7,11.0
30,Enciso,IPS,5.4,1,1,71,0,1,71.0,71.0,0,1,0,1,0,0,0,0,0,0,1,1,0,0,0,5,14.2,5.0
30,Endo,LIV,4.9,1,0,5,1,0,5.0,0.0,0,0,0,0,0,0,0,0,0,0,0,0,0,0,0,1,5.0,0.0
30,Eriksen,MUN,5.2,1,0,38,1,0,38.0,0.0,0,0,0,0,0,0,0,1,0,0,0,0,0,0,0,0,0.0,0.0
30,Mateus Fernandes,SOU,5.5,1,1,90,0,0,90.0,90.0,0,1,0,1,0,0,0,0,0,0,1,1,0,3,0,8,11.3,8.0
30,Estupiñán,BHA,4.5,1,1,90,0,0,90.0,90.0,0,0,0,3,0,0,0,0,0,1,0,0,0,0,0,1,90.0,1.0
30,Eze,CRY,7.6,1,1,90,0,0,90.0,90.0,0,0,0,1,0,0,0,0,0,1,0,0,0,0,0,2,45.0,2.0
30,Faes,LEI,3.8,1,1,90,0,0,90.0,90.0,0,0,0,2,0,0,0,0,0,1,0,0,0,0,0,1,90.0,1.0
30,Ferguson,WHU,5.5,1,1,45,0,1,45.0,45.0,0,0,0,1,0,0,0,0,0,1,0,0,0,0,0,1,45.0,1.0
30,Fernández,CHE,6.7,1,1,85,0,1,85.0,85.0,1,0,1,0,0,0,0,0,0,0,1,1,0,3,1,11,7.7,11.0
30,Flekken,BRE,4.5,1,1,90,0,0,90.0,90.0,0,0,0,2,0,0,2,0,0,1,0,0,0,0,0,1,90.0,1.0
30,Matheus França,CRY,4.5,1,0,23,1,0,23.0,0.0,1,0,0,0,0,0,0,0,0,0,1,1,0,0,0,6,3.8,0.0
30,Casemiro,MUN,5.5,1,1,58,0,1,58.0,58.0,0,0,0,1,0,0,0,1,0,1,0,0,0,0,0,0,0.0,0.0
30,Füllkrug,WHU,5.6,1,0,45,1,0,45.0,0.0,0,0,0,0,0,0,0,1,0,0,0,0,0,0,0,0,0.0,0.0
30,Gakpo,LIV,7.6,1,0,10,1,0,10.0,0.0,0,0,0,0,0,0,0,0,0,0,0,0,0,0,0,1,10.0,0.0
30,Garnacho,MUN,6.4,1,1,90,0,0,90.0,90.0,0,0,0,1,0,0,0,1,0,1,0,0,0,0,0,1,90.0,1.0
30,Garner,EVE,5.0,1,1,77,0,1,77.0,77.0,0,0,0,1,0,0,0,0,0,1,0,0,0,0,0,2,38.5,2.0
30,Rúben Dias,MCI,5.5,1,1,90,0,0,90.0,90.0,0,0,1,0,0,0,0,0,0,0,0,1,0,0,0,6,15.0,6.0
30,Gibbs-White,NFO,7.3,1,1,90,0,0,90.0,90.0,0,0,1,0,0,0,0,0,0,1,0,0,0,0,0,3,30.0,3.0
30,Toti,WOL,4.3,1,1,90,0,0,90.0,90.0,0,0,1,0,0,0,0,0,0,0,0,1,0,0,0,6,15.0,6.0
30,Beto,EVE,5.2,1,1,78,0,1,78.0,78.0,0,0,0,1,0,0,0,1,0,1,0,0,0,0,0,1,78.0,1.0
30,João Gomes,WOL,5.4,1,1,90,0,0,90.0,90.0,0,0,1,0,0,0,0,1,0,1,0,0,0,0,0,2,45.0,2.0
30,Gómez (Diego),BHA,4.9,1,1,67,0,1,67.0,67.0,0,0,0,1,0,0,0,0,0,1,0,0,0,0,0,2,33.5,2.0
30,González (Nico),MCI,5.9,1,1,90,0,0,90.0,90.0,0,0,1,0,0,0,0,1,0,1,0,0,0,0,0,2,45.0,2.0
30,Gravenberch,LIV,5.6,1,1,90,0,0,90.0,90.0,0,0,1,0,0,0,0,0,0,1,0,0,0,0,0,3,30.0,3.0
30,Grealish,MCI,6.9,1,1,90,0,0,90.0,90.0,1,0,1,0,0,0,0,0,0,0,1,1,0,1,0,9,10.0,9.0
30,Gruda,BHA,5.4,1,1,78,0,1,78.0,78.0,0,0,0,2,0,0,0,0,0,1,0,0,0,0,0,2,39.0,2.0
30,Marc Guehi,CRY,4.9,1,1,90,0,0,90.0,90.0,0,0,0,1,0,0,0,0,0,1,0,0,0,0,0,2,45.0,2.0
30,Gueye,EVE,5.4,1,1,90,0,0,90.0,90.0,0,0,0,1,0,0,0,0,0,1,0,0,0,0,0,2,45.0,2.0
30,Bruno Guimarães,NEW,6.5,1,1,90,0,0,90.0,90.0,0,0,0,1,0,0,0,0,0,1,0,0,0,0,0,2,45.0,2.0
30,Gundogan,MCI,6.3,1,1,90,0,1,90.0,90.0,0,0,1,0,0,0,0,0,0,1,0,0,0,0,0,3,30.0,3.0
30,Gusto,CHE,4.9,1,1,90,0,0,90.0,90.0,0,0,1,0,0,0,0,0,0,0,0,1,0,2,0,8,11.3,8.0
30,Gvardiol,MCI,5.9,1,1,90,0,1,90.0,90.0,0,0,1,0,0,0,0,0,0,0,0,1,0,0,0,6,15.0,6.0
30,Harrison (Jack),EVE,5.2,1,1,69,0,1,69.0,69.0,0,0,0,1,0,0,0,0,0,1,0,0,0,0,0,2,34.5,2.0
30,Harwood-Bellis,SOU,3.9,1,1,90,0,0,90.0,90.0,0,0,0,1,0,0,0,0,0,1,0,0,0,0,0,2,45.0,2.0
30,Henderson,CRY,5.0,1,1,90,0,0,90.0,90.0,0,0,0,1,0,0,1,0,0,1,0,0,0,0,0,2,45.0,2.0
30,Hermansen,LEI,4.4,1,1,90,0,0,90.0,90.0,0,0,0,2,0,0,3,0,0,1,0,0,0,0,0,2,45.0,2.0
30,Hinshelwood,BHA,5.1,1,1,66,0,1,66.0,66.0,0,0,0,1,0,0,0,1,0,1,0,0,0,0,0,1,66.0,1.0
30,Hirst,IPS,5.4,1,0,25,1,0,25.0,0.0,0,0,0,0,0,0,0,0,0,0,0,0,0,0,0,1,25.0,0.0
30,Huijsen,BOU,4.5,1,1,90,0,0,90.0,90.0,0,0,0,2,0,0,0,1,0,1,0,0,0,0,0,0,0.0,0.0
30,Højlund,MUN,6.3,1,0,45,1,0,45.0,0.0,0,0,0,0,0,0,0,0,0,0,0,0,0,0,0,1,45.0,0.0
30,Iroegbunam,EVE,4.9,1,0,18,1,0,18.0,0.0,0,0,0,0,0,0,0,0,0,0,0,0,0,0,0,1,18.0,0.0
30,Isak,NEW,10.4,1,1,65,0,1,65.0,65.0,1,0,0,1,0,0,0,0,0,0,1,1,0,2,0,8,8.1,8.0
30,Iwobi,FUL,6.5,1,0,29,1,0,29.0,0.0,0,0,0,1,0,0,0,0,0,0,0,0,0,0,0,1,29.0,0.0
30,Jackson (Nicolas),CHE,6.5,1,1,76,0,1,76.0,76.0,0,0,1,0,0,0,0,1,0,1,0,0,0,0,0,1,76.0,1.0
30,James,CHE,5.5,1,0,22,1,0,22.0,0.0,0,0,0,0,0,0,0,0,0,0,0,0,0,0,0,1,22.0,0.0
30,Janelt,BRE,4.9,1,1,57,0,1,57.0,57.0,0,0,0,1,0,0,0,0,0,1,0,0,0,0,0,1,57.0,1.0
30,Jebbison,BOU,4.5,1,0,11,1,0,11.0,0.0,0,0,0,0,0,0,0,0,0,0,0,0,0,0,0,1,11.0,0.0
30,Raúl Jiménez,FUL,6.2,1,1,73,0,1,73.0,73.0,0,0,0,2,0,0,0,0,0,1,0,0,0,0,0,2,36.5,2.0
30,Johnson (Ben),IPS,3.8,1,1,90,0,1,90.0,90.0,0,0,0,1,0,0,0,0,0,1,0,0,0,0,0,2,45.0,2.0
30,Johnson (Brennan),TOT,6.7,1,0,37,1,0,37.0,0.0,0,0,0,0,0,0,0,1,0,0,0,0,0,0,0,0,0.0,0.0
30,Jones,LIV,5.4,1,1,90,0,0,90.0,90.0,0,0,1,0,0,0,0,0,0,1,0,0,0,0,0,3,30.0,3.0
30,João Pedro,BHA,7.4,1,1,67,0,1,67.0,67.0,0,0,0,1,0,0,0,0,0,1,0,0,0,0,0,2,33.5,2.0
30,Justin,LEI,4.0,1,1,90,0,0,90.0,90.0,0,0,0,2,0,0,0,1,0,1,0,0,0,0,0,0,0.0,0.0
30,Kamada,CRY,5.0,1,0,37,1,0,37.0,0.0,0,0,0,0,0,0,0,0,0,0,0,0,0,0,0,1,37.0,0.0
30,Kamara,AVL,4.9,1,1,90,0,0,90.0,90.0,0,0,1,0,0,0,0,0,0,1,0,0,0,0,0,3,30.0,3.0
30,Kelleher,LIV,4.5,1,1,90,0,0,90.0,90.0,0,0,1,0,0,0,0,0,0,0,0,1,0,0,0,6,15.0,6.0
30,Kerkez,BOU,5.8,1,1,90,0,0,90.0,90.0,0,0,0,2,0,0,0,0,0,1,0,0,0,0,0,1,90.0,1.0
30,Kilman,WHU,4.3,1,1,90,0,0,90.0,90.0,0,0,0,1,0,0,0,0,0,1,0,0,0,0,0,2,45.0,2.0
30,Kiwior,ARS,5.4,1,0,76,1,0,76.0,0.0,0,0,0,1,0,0,0,0,0,0,0,0,0,0,0,2,38.0,0.0
30,Konaté,LIV,5.4,1,1,90,0,0,90.0,90.0,0,0,1,0,0,0,0,0,0,0,0,1,0,0,0,6,15.0,6.0
30,Konsa Ngoyo,AVL,4.4,1,1,90,0,0,90.0,90.0,0,0,1,0,0,0,0,0,0,0,0,1,0,0,0,6,15.0,6.0
30,Krafth,NEW,4.4,1,0,10,1,0,10.0,0.0,0,0,0,0,0,0,0,0,0,0,0,0,0,0,0,1,10.0,0.0
30,Kristiansen,LEI,4.4,1,1,60,0,1,60.0,60.0,0,0,0,2,0,0,0,0,0,1,0,0,0,0,0,0,0.0,0.0
30,Lacroix,CRY,5.0,1,1,90,0,0,90.0,90.0,0,0,0,1,0,0,0,0,0,1,0,0,0,0,0,2,45.0,2.0
30,Leno,FUL,5.0,1,1,90,0,0,90.0,90.0,0,0,0,2,0,0,3,0,0,1,0,0,0,0,0,2,45.0,2.0
30,Lerma,CRY,4.9,1,1,90,0,0,90.0,90.0,0,1,0,1,0,0,0,0,0,0,1,1,0,2,0,7,12.9,7.0
30,Lewis (Rico),MCI,4.9,1,0,2,1,0,2.0,0.0,0,0,0,0,0,0,0,0,0,0,0,0,0,0,0,1,2.0,0.0
30,Lewis-Potter,BRE,4.9,1,1,90,0,0,90.0,90.0,0,0,0,2,0,0,0,1,0,1,0,0,0,0,0,1,90.0,1.0
30,Lewis-Skelly,ARS,5.2,1,1,90,0,0,90.0,90.0,0,0,0,1,0,0,0,0,0,1,0,0,0,0,0,2,45.0,2.0
30,Luis Guilherme,WHU,4.9,1,1,45,0,1,45.0,45.0,0,0,0,1,0,0,0,0,0,1,0,0,0,0,0,1,45.0,1.0
30,Livramento,NEW,4.9,1,1,90,0,0,90.0,90.0,0,0,0,1,0,0,0,0,0,1,0,0,0,0,0,2,45.0,2.0
30,Lukic,FUL,5.0,1,1,64,0,1,64.0,64.0,0,0,0,1,0,0,0,1,0,1,0,0,0,0,0,1,64.0,1.0
30,Mac Allister,LIV,6.3,1,1,90,0,0,90.0,90.0,0,0,1,0,0,0,0,0,0,1,0,0,0,0,0,3,30.0,3.0
30,Maddison,TOT,6.9,1,1,82,0,1,82.0,82.0,0,0,0,1,0,0,0,0,0,1,0,0,0,0,0,2,41.0,2.0
30,Madueke,CHE,6.8,1,0,33,1,0,33.0,0.0,0,0,0,0,0,0,0,0,0,0,0,0,0,0,0,1,33.0,0.0
30,Maghoma,BRE,4.5,1,0,17,1,0,17.0,0.0,0,0,0,0,0,0,0,0,0,0,0,0,0,0,0,1,17.0,0.0
30,Maguire,MUN,4.4,1,0,9,1,0,9.0,0.0,0,0,0,0,0,0,0,0,0,0,0,0,0,0,0,1,9.0,0.0
30,Malen,AVL,5.1,1,0,13,1,0,13.0,0.0,1,0,0,0,0,0,0,0,0,0,1,1,0,0,0,6,2.2,0.0
30,José Sá,WOL,4.4,1,1,90,0,0,90.0,90.0,0,0,1,0,0,0,1,1,0,0,0,1,0,0,0,5,18.0,5.0
30,Manning,SOU,4.3,1,1,77,0,1,77.0,77.0,0,0,1,0,0,0,0,0,0,0,0,1,0,0,0,6,12.8,6.0
30,Omar Marmoush,MCI,8.3,1,1,90,0,0,90.0,90.0,1,0,1,0,0,0,0,0,0,0,1,1,0,3,0,9,10.0,9.0
30,Martinelli,ARS,6.9,1,1,90,0,0,90.0,90.0,0,1,0,1,0,0,0,0,0,0,1,1,0,0,0,5,18.0,5.0
30,Martinez,AVL,5.0,1,1,90,0,0,90.0,90.0,0,0,1,0,0,0,4,1,0,0,0,1,0,0,0,6,15.0,6.0
30,Mateta,CRY,7.7,1,1,58,0,1,58.0,58.0,0,0,0,1,0,0,0,0,0,1,0,0,0,0,0,1,58.0,1.0
30,Mavropanos,WHU,4.4,1,1,90,0,0,90.0,90.0,0,0,0,1,0,0,0,1,0,1,0,0,0,0,0,1,90.0,1.0
30,Mazraoui,MUN,4.9,1,1,90,0,0,90.0,90.0,0,0,0,1,0,0,0,0,0,1,0,0,0,0,0,2,45.0,2.0
30,Mbeumo,BRE,8.2,1,1,90,0,0,90.0,90.0,1,0,0,2,0,0,0,0,0,0,1,1,0,1,0,8,11.3,8.0
30,Mcatee,MCI,5.2,1,0,16,1,0,16.0,0.0,0,0,0,0,0,0,0,0,0,0,0,0,0,0,0,1,16.0,0.0
30,McGinn,AVL,5.4,1,1,90,0,0,90.0,90.0,0,0,1,0,0,0,0,0,0,1,0,0,0,0,0,3,30.0,3.0
30,Merino,ARS,5.9,1,1,90,0,0,90.0,90.0,1,0,0,1,0,0,0,0,0,0,1,1,0,3,1,10,9.0,10.0
30,Milenkovic,NFO,5.2,1,1,90,0,0,90.0,90.0,0,0,1,0,0,0,0,0,0,0,0,1,0,0,0,6,15.0,6.0
30,Miley (Lewis),NEW,4.4,1,0,2,1,0,2.0,0.0,0,0,0,0,0,0,0,0,0,0,0,0,0,0,0,1,2.0,0.0
30,Mitchell,CRY,5.0,1,1,58,0,1,58.0,58.0,0,0,0,1,0,0,0,0,0,1,0,0,0,0,0,1,58.0,1.0
30,Mitoma,BHA,6.2,1,1,90,0,0,90.0,90.0,0,0,0,3,0,0,0,0,0,1,0,0,0,0,0,2,45.0,2.0
30,Savinho,MCI,6.9,1,1,84,0,1,84.0,84.0,0,1,1,0,0,0,0,0,0,0,1,1,0,3,0,9,9.3,9.0
30,Álex Moreno,NFO,4.0,1,0,57,1,0,57.0,0.0,0,0,0,0,0,0,0,0,0,0,0,0,0,0,0,1,57.0,0.0
30,Morsy,IPS,4.8,1,1,80,0,1,80.0,80.0,0,0,0,1,0,0,0,0,0,1,0,0,0,0,0,2,40.0,2.0
30,Mount,MUN,5.9,1,0,19,1,0,19.0,0.0,0,0,0,0,0,0,0,0,0,0,0,0,0,0,0,1,19.0,0.0
30,Munetsi,WOL,5.4,1,1,90,0,0,90.0,90.0,0,0,1,0,0,0,0,0,0,1,0,0,0,0,0,3,30.0,3.0
30,Rodrigo Muniz,FUL,5.4,1,0,20,1,0,20.0,0.0,1,0,0,0,0,0,0,0,0,0,1,1,0,0,0,5,4.0,0.0
30,Muñoz,CRY,5.7,1,1,72,0,1,72.0,72.0,0,0,0,1,0,0,0,0,0,1,0,0,0,0,0,2,36.0,2.0
30,Murphy (Jacob),NEW,6.1,1,1,65,0,1,65.0,65.0,0,1,0,1,0,0,0,0,0,0,1,1,0,0,0,5,13.0,5.0
30,Mvom Onana,AVL,4.8,1,0,36,1,0,36.0,0.0,0,0,0,0,0,0,0,0,0,0,0,0,0,0,0,1,36.0,0.0
30,Mykolenko,EVE,4.9,1,1,90,0,0,90.0,90.0,0,0,0,1,0,0,0,0,0,1,0,0,0,0,0,2,45.0,2.0
30,Ndiaye,EVE,6.5,1,0,27,1,0,27.0,0.0,0,0,0,0,0,0,0,0,0,0,0,0,0,0,0,1,27.0,0.0
30,Ndidi,LEI,4.9,1,1,90,0,0,90.0,90.0,0,0,0,2,0,0,0,0,0,1,0,0,0,0,0,2,45.0,2.0
30,Neto,CHE,7.0,1,1,90,0,0,90.0,90.0,0,0,1,0,0,0,0,1,0,1,0,0,0,0,0,2,45.0,2.0
30,Eddie Nketiah,CRY,5.4,1,0,37,1,0,37.0,0.0,0,0,0,0,0,0,0,0,0,0,0,0,0,0,0,1,37.0,0.0
30,Norgaard,BRE,5.2,1,1,90,0,0,90.0,90.0,0,0,0,2,0,0,0,0,0,1,0,0,0,0,0,2,45.0,2.0
30,Matheus Nunes,MCI,5.3,1,1,90,0,0,90.0,90.0,0,0,1,0,0,0,0,0,0,1,0,0,0,0,0,3,30.0,3.0
30,Núñez,LIV,6.5,1,0,21,1,0,21.0,0.0,0,0,0,0,0,0,0,1,0,0,0,0,0,0,0,0,0.0,0.0
30,Nwaneri,ARS,5.2,1,1,63,0,1,63.0,63.0,0,1,1,0,0,0,0,0,0,0,1,1,0,0,0,6,10.5,6.0
30,O'Brien,EVE,5.0,1,1,90,0,0,90.0,90.0,0,0,0,1,0,0,0,0,0,1,0,0,0,0,0,2,45.0,2.0
30,O'Shea,IPS,3.8,1,1,90,0,0,90.0,90.0,0,0,0,1,0,0,0,0,0,1,0,0,0,0,0,2,45.0,2.0
30,Odegaard,ARS,7.9,1,1,90,0,0,90.0,90.0,0,0,0,1,0,0,0,0,0,1,0,0,0,0,0,2,45.0,2.0
30,Odobert,TOT,5.3,1,1,61,0,1,61.0,61.0,0,0,0,1,0,0,0,0,0,1,0,0,0,0,0,2,30.5,2.0
30,Okoli,LEI,4.0,1,0,34,1,0,34.0,0.0,0,0,0,0,0,0,0,0,0,0,0,0,0,0,0,1,34.0,0.0
30,Onana,MUN,4.9,1,1,90,0,0,90.0,90.0,0,0,0,1,0,0,1,0,0,1,0,0,0,0,0,2,45.0,2.0
30,Paul Onuachu,SOU,4.9,1,1,86,0,1,86.0,86.0,1,0,1,0,0,0,0,0,0,0,1,1,0,1,0,7,12.3,7.0
30,Dango Ouattara,BOU,6.0,1,1,90,0,0,90.0,90.0,0,0,0,2,0,0,0,0,0,1,0,0,0,0,0,2,45.0,2.0
30,O’Reilly,MCI,4.9,1,1,90,0,0,90.0,90.0,0,0,1,0,0,0,0,0,0,1,0,0,0,0,0,3,30.0,3.0
30,O’Riley,BHA,5.5,1,0,18,1,0,18.0,0.0,0,0,0,1,0,0,0,0,0,0,0,0,0,0,0,1,18.0,0.0
30,Palmer (Alex),IPS,4.5,1,1,90,0,0,90.0,90.0,0,0,0,1,0,0,5,0,0,1,0,0,0,0,0,3,30.0,3.0
30,Palmer (Cole),CHE,10.3,1,1,85,0,1,85.0,85.0,0,1,1,0,0,0,0,1,0,0,1,1,0,1,0,6,14.2,6.0
30,Emerson,WHU,4.4,1,0,19,1,0,19.0,0.0,0,0,0,0,0,0,0,0,0,0,0,0,0,0,0,1,19.0,0.0
30,Partey,ARS,4.9,1,1,90,0,0,90.0,90.0,0,0,0,1,0,0,0,0,0,1,0,0,0,0,0,2,45.0,2.0
30,Pereira,FUL,5.3,1,0,29,1,0,29.0,0.0,0,0,0,1,0,0,0,1,0,0,0,0,0,0,0,0,0.0,0.0
30,Phillips (Kalvin),IPS,4.8,1,0,16,1,0,16.0,0.0,0,0,0,0,0,0,0,0,0,0,0,0,0,0,0,1,16.0,0.0
30,Philogene-Bidace,IPS,5.3,1,0,3,1,0,3.0,0.0,0,0,0,0,0,0,0,1,0,0,0,0,0,0,0,0,0.0,0.0
30,Pickford,EVE,5.5,1,1,90,0,0,90.0,90.0,0,0,0,1,0,0,3,0,0,1,0,0,0,0,0,3,30.0,3.0
30,Pinnock,BRE,4.3,1,1,79,0,1,79.0,79.0,0,0,0,2,0,0,0,0,0,1,0,0,0,0,0,1,79.0,1.0
30,Pope,NEW,5.2,1,1,90,0,0,90.0,90.0,0,0,0,1,0,0,2,0,0,1,0,0,0,0,0,2,45.0,2.0
30,Porro,TOT,5.5,1,0,16,1,0,16.0,0.0,0,0,0,0,0,0,0,1,0,0,0,0,0,0,0,0,0.0,0.0
30,Youssef Chermiti,EVE,4.9,1,0,10,1,0,10.0,0.0,0,0,0,0,0,0,0,0,0,0,0,0,0,0,0,1,10.0,0.0
30,Ramsdale,SOU,4.8,1,1,90,0,0,90.0,90.0,0,0,0,1,0,0,2,0,0,1,0,0,0,0,0,2,45.0,2.0
30,Ramsey (Jacob),AVL,5.3,1,1,60,0,1,60.0,60.0,0,0,1,0,0,0,0,0,0,1,0,0,0,0,0,3,20.0,3.0
30,Rashford,AVL,7.0,1,1,60,0,1,60.0,60.0,1,0,1,0,0,0,0,0,0,0,1,1,0,0,0,8,7.5,8.0
30,Raya Martin,ARS,5.8,1,1,90,0,0,90.0,90.0,0,0,0,1,0,0,2,0,0,1,0,0,0,0,0,2,45.0,2.0
30,Rice,ARS,6.7,1,1,90,0,0,90.0,90.0,0,0,0,1,0,0,0,1,0,1,0,0,0,0,0,1,90.0,1.0
30,Robertson,LIV,5.8,1,1,90,0,0,90.0,90.0,0,0,1,0,0,0,0,0,0,0,0,1,0,1,0,7,12.9,7.0
30,Robinson (Antonee),FUL,4.9,1,1,90,0,0,90.0,90.0,0,0,0,2,0,0,0,0,0,1,0,0,0,0,0,1,90.0,1.0
30,Morato,NFO,4.4,1,0,57,1,0,57.0,0.0,0,0,0,0,0,0,0,0,0,0,0,0,0,0,0,1,57.0,0.0
30,Rogers,AVL,6.8,1,1,83,0,1,83.0,83.0,0,2,1,0,0,0,0,0,0,0,2,2,0,1,1,10,8.3,10.0
30,Romero,TOT,5.0,1,1,90,0,0,90.0,90.0,0,0,0,1,0,0,0,1,0,1,0,0,0,0,0,1,90.0,1.0
30,Saka,ARS,10.0,1,0,30,1,0,30.0,0.0,1,0,0,1,0,0,0,0,0,0,1,1,0,2,0,8,3.8,0.0
30,Salah,LIV,14.3,1,1,90,0,1,90.0,90.0,0,0,1,0,0,0,0,0,0,1,0,0,0,0,0,3,30.0,3.0
30,Saliba,ARS,6.0,1,1,90,0,0,90.0,90.0,0,0,0,1,0,0,0,0,0,1,0,0,0,0,0,2,45.0,2.0
30,Sanchez,CHE,4.9,1,1,90,0,0,90.0,90.0,0,0,1,0,0,0,2,0,0,0,0,1,0,0,0,6,15.0,6.0
30,Sancho,MUN,5.8,1,1,64,0,1,64.0,64.0,0,0,1,0,0,0,0,0,0,1,0,0,0,0,0,3,21.3,3.0
30,Sangaré,NFO,4.9,1,0,11,1,0,11.0,0.0,0,0,0,0,0,0,0,0,0,0,0,0,0,0,0,1,11.0,0.0
30,Ederson,MCI,5.3,1,1,90,0,0,90.0,90.0,0,0,1,0,0,0,0,0,0,0,0,1,0,0,0,6,15.0,6.0
30,Murillo,NFO,5.3,1,1,90,0,0,90.0,90.0,0,0,1,0,0,0,0,0,0,0,0,1,0,3,0,9,10.0,9.0
30,Welington,SOU,4.0,1,0,18,1,0,18.0,0.0,0,0,0,1,0,0,0,0,0,0,0,0,0,0,0,1,18.0,0.0
30,Sarabia,WOL,5.0,1,0,25,1,0,25.0,0.0,0,0,0,0,0,0,0,0,0,0,0,0,0,0,0,1,25.0,0.0
30,Ismaila Sarr,CRY,6.6,1,1,90,0,0,90.0,90.0,0,0,0,1,0,0,0,0,0,1,0,0,0,0,0,2,45.0,2.0
30,Sarr (Pape),TOT,4.9,1,0,37,1,0,37.0,0.0,0,0,0,0,0,0,0,1,0,0,0,0,0,0,0,0,0.0,0.0
30,Scarles,WHU,4.4,1,1,75,0,1,75.0,75.0,0,0,0,1,0,0,0,0,0,1,0,0,0,0,0,2,37.5,2.0
30,Schade,BRE,7.0,1,1,90,0,0,90.0,90.0,0,0,0,2,0,0,0,0,0,1,0,0,0,0,0,2,45.0,2.0
30,Schär,NEW,5.4,1,1,90,0,0,90.0,90.0,0,0,0,1,0,0,0,1,0,1,0,0,0,0,0,1,90.0,1.0
30,Scott,BOU,5.0,1,1,56,0,1,56.0,56.0,0,0,0,1,0,0,0,0,0,1,0,0,0,0,0,1,56.0,1.0
30,Sels,NFO,4.8,1,1,90,0,0,90.0,90.0,0,0,1,0,0,0,5,0,0,0,0,1,0,1,0,8,11.3,8.0
30,Semedo,WOL,4.5,1,1,90,0,0,90.0,90.0,0,0,1,0,0,0,0,0,0,0,0,1,0,0,0,6,15.0,6.0
30,Semenyo,BOU,8.1,1,1,90,0,0,90.0,90.0,0,0,0,2,0,0,0,0,0,1,0,0,0,0,0,2,45.0,2.0
30,Senesi,BOU,5.0,1,0,40,1,0,40.0,0.0,0,0,0,1,0,0,0,0,0,0,0,0,0,0,0,1,40.0,0.0
30,Sessegnon (Ryan),FUL,5.4,1,0,20,1,0,20.0,0.0,0,1,0,0,0,0,0,0,0,0,1,1,0,0,0,4,5.0,0.0
30,Skipp,LEI,4.7,1,0,45,1,0,45.0,0.0,0,0,0,0,0,0,0,1,0,0,0,0,0,0,0,0,0.0,0.0
30,Smith,BOU,4.4,1,1,45,0,1,45.0,45.0,0,0,0,1,0,0,0,0,0,1,0,0,0,0,0,1,45.0,1.0
30,Smith-Rowe,FUL,5.7,1,1,64,0,1,64.0,64.0,0,0,0,1,0,0,0,0,0,1,0,0,0,0,0,2,32.0,2.0
30,Solanke,TOT,7.2,1,1,90,0,0,90.0,90.0,0,0,0,1,0,0,0,0,0,1,0,0,0,0,0,2,45.0,2.0
30,Soler (Carlos),WHU,5.0,1,0,45,1,0,45.0,0.0,0,0,0,0,0,0,0,0,0,0,0,0,0,0,0,1,45.0,0.0
30,Son,TOT,8.5,1,1,90,0,0,90.0,90.0,0,0,0,1,0,0,0,0,0,1,0,0,0,0,0,2,45.0,2.0
30,Sosa,NFO,5.5,1,0,12,1,0,12.0,0.0,0,0,0,0,0,0,0,0,0,0,0,0,0,0,0,1,12.0,0.0
30,Soucek,WHU,5.7,1,0,19,1,0,19.0,0.0,0,0,0,0,0,0,0,0,0,0,0,0,0,0,0,1,19.0,0.0
30,Soumaré,LEI,4.4,1,1,75,0,1,75.0,75.0,0,0,0,2,0,0,0,0,0,1,0,0,0,0,0,2,37.5,2.0
30,Spence,TOT,4.5,1,1,90,0,0,90.0,90.0,0,0,0,1,0,0,0,1,0,1,0,0,0,0,0,1,90.0,1.0
30,Stephens,SOU,4.0,1,1,90,0,0,90.0,90.0,0,0,0,1,0,0,0,0,0,1,0,0,0,0,0,2,45.0,2.0
30,Strand Larsen,WOL,6.4,1,1,90,0,0,90.0,90.0,1,0,1,0,0,0,0,0,0,0,1,1,0,3,0,9,10.0,9.0
30,Sugawara,SOU,4.2,1,0,10,1,0,10.0,0.0,0,0,0,1,0,0,0,0,0,0,0,0,0,0,0,1,10.0,0.0
30,Sulemana,SOU,5.0,1,1,77,0,1,77.0,77.0,0,0,1,0,0,0,0,0,0,1,0,0,0,0,0,3,25.7,3.0
30,Szoboszlai,LIV,6.5,1,1,90,0,0,90.0,90.0,0,0,1,0,0,0,0,0,0,1,0,0,0,0,0,3,30.0,3.0
30,Tarkowski,EVE,5.5,1,1,90,0,0,90.0,90.0,0,0,0,1,0,0,0,1,0,1,0,0,0,0,0,1,90.0,1.0
30,Taylor (Jack),IPS,4.8,1,0,25,1,0,25.0,0.0,0,0,0,0,0,0,0,0,0,0,0,0,0,0,0,1,25.0,0.0
30,Diogo Jota,LIV,7.2,1,1,75,0,1,75.0,75.0,1,0,1,0,0,0,0,1,0,0,1,1,0,0,0,7,10.7,7.0
30,Tel,TOT,6.3,1,0,16,1,0,16.0,0.0,0,0,0,0,0,0,0,0,0,0,0,0,0,0,0,1,16.0,0.0
30,Thomas,LEI,3.9,1,1,90,0,0,90.0,90.0,0,0,0,2,0,0,0,1,0,1,0,0,0,0,0,0,0.0,0.0
30,Tielemans,AVL,5.9,1,1,60,0,1,60.0,60.0,0,0,1,0,0,0,0,0,0,1,0,0,0,0,0,3,20.0,3.0
30,Jurriën Timber,ARS,6.1,1,1,73,0,1,73.0,73.0,0,0,1,0,0,0,0,0,0,0,0,1,0,1,0,7,10.4,7.0
30,Lucas Paquetá,WHU,5.9,1,1,90,0,0,90.0,90.0,0,0,0,1,0,0,0,0,0,1,0,0,0,0,0,2,45.0,2.0
30,Tonali,NEW,5.4,1,1,90,0,0,90.0,90.0,1,0,0,1,0,0,0,0,0,0,1,1,0,3,1,10,9.0,10.0
30,Torres,AVL,4.3,1,1,90,0,0,90.0,90.0,0,0,1,0,0,0,0,0,0,0,0,1,0,2,0,8,11.3,8.0
30,Townsend,IPS,3.9,1,1,90,0,0,90.0,90.0,0,1,0,1,0,0,0,1,0,0,1,1,0,0,0,4,22.5,4.0
30,Traoré (Adama),FUL,5.2,1,1,64,0,1,64.0,64.0,0,0,0,1,0,0,0,0,0,1,0,0,0,0,0,2,32.0,2.0
30,Traoré (Boubacar),WOL,5.0,1,0,6,1,0,6.0,0.0,0,0,0,0,0,0,0,0,0,0,0,0,0,0,0,1,6.0,0.0
30,Trippier,NEW,5.0,1,1,85,0,1,85.0,85.0,0,0,0,1,0,0,0,0,0,1,0,0,0,0,0,2,42.5,2.0
30,Trossard,ARS,6.9,1,0,20,1,0,20.0,0.0,0,0,0,1,0,0,0,0,0,0,0,0,0,0,0,1,20.0,0.0
30,Tuanzebe,IPS,3.9,1,1,90,0,0,90.0,90.0,0,0,0,1,0,0,0,0,0,1,0,0,0,0,0,2,45.0,2.0
30,Destiny Udogie,TOT,4.4,1,1,90,0,0,90.0,90.0,0,0,0,1,0,0,0,0,0,1,0,0,0,0,0,2,45.0,2.0
30,Ugarte,MUN,4.8,1,1,45,0,1,45.0,45.0,0,0,0,1,0,0,0,0,0,1,0,0,0,0,0,1,45.0,1.0
30,Ugochukwu,SOU,5.0,1,1,69,0,1,69.0,69.0,0,0,1,0,0,0,0,0,0,1,0,0,0,0,0,3,23.0,3.0
30,van de Ven,TOT,4.7,1,1,82,0,1,82.0,82.0,0,0,0,1,0,0,0,0,0,1,0,0,0,0,0,2,41.0,2.0
30,van den Berg,BRE,4.5,1,1,90,0,0,90.0,90.0,0,0,0,2,0,0,0,0,0,1,0,0,0,0,0,1,90.0,1.0
30,van Dijk,LIV,6.0,1,1,90,0,0,90.0,90.0,0,0,1,0,0,0,0,0,0,0,0,1,0,2,0,8,11.3,8.0
30,van Hecke,BHA,4.4,1,1,90,0,0,90.0,90.0,0,0,0,3,0,0,0,0,0,1,0,0,0,0,0,1,90.0,1.0
30,Vardy,LEI,5.4,1,1,45,0,1,45.0,45.0,0,0,0,2,0,0,0,1,0,1,0,0,0,0,0,0,0.0,0.0
30,Verbruggen,BHA,4.4,1,1,90,0,0,90.0,90.0,0,0,0,3,0,0,2,0,0,1,0,0,0,0,0,1,90.0,1.0
30,Vicario,TOT,5.1,1,1,90,0,0,90.0,90.0,0,0,0,1,0,0,4,0,0,1,0,0,0,0,0,3,30.0,3.0
30,Walker-Peters,SOU,4.4,1,1,90,0,0,90.0,90.0,0,0,0,1,0,0,0,0,0,1,0,0,0,0,0,2,45.0,2.0
30,Wan-Bissaka,WHU,4.3,1,1,90,0,0,90.0,90.0,0,0,0,1,0,0,0,0,0,1,0,0,0,0,0,2,45.0,2.0
30,Ward-Prowse,WHU,5.7,1,1,75,0,1,75.0,75.0,0,0,0,1,0,0,0,0,0,1,0,0,0,0,0,2,37.5,2.0
30,Watkins,AVL,8.5,1,0,36,1,0,36.0,0.0,0,0,0,0,0,0,0,1,0,0,0,0,0,0,0,0,0.0,0.0
30,Welbeck,BHA,6.4,1,0,29,1,0,29.0,0.0,0,0,0,2,0,0,0,1,0,0,0,0,0,0,0,0,0.0,0.0
30,Wharton,CRY,5.0,1,1,82,0,1,82.0,82.0,0,0,0,1,0,0,0,1,0,1,0,0,0,0,0,1,82.0,1.0
30,Wieffer,BHA,4.9,1,0,30,1,0,30.0,0.0,0,0,0,2,0,0,0,0,0,0,0,0,0,0,0,1,30.0,0.0
30,Williams (Neco),NFO,4.7,1,1,90,0,0,90.0,90.0,0,0,1,0,0,0,0,1,0,0,0,1,0,0,0,5,18.0,5.0
30,Willock,NEW,5.0,1,0,31,1,0,31.0,0.0,0,0,0,0,0,0,0,0,0,0,0,0,0,0,0,1,31.0,0.0
30,Wilson (Callum),NEW,5.9,1,0,31,1,0,31.0,0.0,0,0,0,0,0,0,0,0,0,0,0,0,0,0,0,1,31.0,0.0
30,Wissa,BRE,7.4,1,1,90,0,0,90.0,90.0,0,1,0,2,0,0,0,0,0,0,1,1,0,0,0,5,18.0,5.0
30,Yarmolyuk,BRE,5.0,1,1,79,0,1,79.0,79.0,0,0,0,2,0,0,0,0,0,1,0,0,0,0,0,2,39.5,2.0
30,Yates,NFO,4.8,1,1,90,0,0,90.0,90.0,0,1,1,0,0,0,0,0,0,0,1,1,0,0,0,6,15.0,6.0
30,Yoro,MUN,4.4,1,1,87,0,1,87.0,87.0,0,0,0,1,0,0,0,0,0,1,0,0,0,0,0,2,43.5,2.0
30,Young (Ashley),EVE,4.2,1,0,18,1,0,18.0,0.0,0,0,0,0,0,0,0,0,0,0,0,0,0,0,0,1,18.0,0.0
30,Zabarnyi,BOU,5.0,1,1,86,0,1,86.0,86.0,0,0,0,2,0,0,0,0,0,1,0,0,0,0,0,1,86.0,1.0
30,Zirkzee,MUN,5.8,1,1,78,0,1,78.0,78.0,0,0,0,1,0,0,0,0,0,1,0,0,0,0,0,2,39.0,2.0
31,Adams (Tyler),BOU,5.0,1,1,90,0,0,90.0,90.0,0,0,0,2,0,0,0,0,0,1,0,0,0,0,0,2,45.0,2.0
31,Tosin,CHE,4.4,1,1,90,0,0,90.0,90.0,0,0,1,0,0,0,0,1,0,0,0,1,0,0,0,5,18.0,5.0
31,Adingra,BHA,5.1,1,0,34,1,0,34.0,0.0,0,0,0,0,0,0,0,0,0,0,0,0,0,0,0,1,34.0,0.0
31,Agbadou,WOL,4.4,1,1,90,0,0,90.0,90.0,0,0,0,1,0,0,0,0,0,1,0,0,0,0,0,2,45.0,2.0
31,Ait Nouri,WOL,5.8,1,1,88,0,1,88.0,88.0,0,0,0,1,0,0,0,0,0,1,0,0,0,0,0,2,44.0,2.0
31,Ajer,BRE,4.4,1,1,81,0,1,81.0,81.0,0,0,1,0,0,0,0,0,0,0,0,1,0,0,0,6,13.5,6.0
31,Alcaraz,EVE,5.2,1,0,20,1,0,20.0,0.0,0,0,0,0,0,0,0,1,0,0,0,0,0,0,0,0,0.0,0.0
31,Álvarez (Edson),WHU,4.9,1,1,53,0,1,53.0,53.0,0,0,0,1,0,0,0,0,0,1,0,0,0,0,0,1,53.0,1.0
31,Andersen,FUL,4.5,1,1,90,0,0,90.0,90.0,0,0,0,2,0,0,0,0,0,1,0,0,0,0,0,1,90.0,1.0
31,Anderson,NFO,5.3,1,1,90,0,0,90.0,90.0,0,0,0,2,0,0,0,0,0,1,0,0,0,0,0,2,45.0,2.0
31,Joelinton,NEW,5.9,1,1,63,0,1,63.0,63.0,0,1,1,0,0,0,0,0,0,0,1,1,0,0,0,6,10.5,6.0
31,Archer,SOU,4.8,1,1,73,0,1,73.0,73.0,0,0,0,2,0,0,0,0,0,1,0,0,0,0,0,2,36.5,2.0
31,Areola,WHU,4.3,1,1,90,0,0,90.0,90.0,0,0,0,2,0,0,4,0,0,1,0,0,0,0,0,2,45.0,2.0
31,Aribo,SOU,4.9,1,1,64,0,1,64.0,64.0,0,0,0,2,0,0,0,0,0,1,0,0,0,0,0,2,32.0,2.0
31,Kepa,BOU,4.2,1,1,90,0,0,90.0,90.0,0,0,0,2,0,0,2,0,0,1,0,0,0,0,0,1,90.0,1.0
31,Asensio,AVL,6.0,1,1,73,0,1,73.0,73.0,0,0,0,1,0,0,0,1,0,1,0,0,0,0,0,1,73.0,1.0
31,Ayari,BHA,4.9,1,0,19,1,0,19.0,0.0,0,0,0,0,0,0,0,0,0,0,0,0,0,0,0,1,19.0,0.0
31,Baleba,BHA,4.7,1,1,90,0,0,90.0,90.0,0,0,0,2,0,0,0,0,0,1,0,0,0,0,0,2,45.0,2.0
31,Ricardo Pereira,LEI,4.1,1,0,19,1,0,19.0,0.0,0,0,0,0,0,0,0,0,0,0,0,0,0,0,0,1,19.0,0.0
31,Barnes,NEW,6.4,1,1,90,0,0,90.0,90.0,1,0,1,0,0,0,0,0,0,0,1,1,0,0,0,8,11.3,8.0
31,Bassey,FUL,4.5,1,1,90,0,0,90.0,90.0,0,0,0,2,0,0,0,0,0,1,0,0,0,0,0,1,90.0,1.0
31,Bednarek,SOU,4.0,1,1,90,0,0,90.0,90.0,0,0,0,3,0,0,0,0,0,1,0,0,0,0,0,1,90.0,1.0
31,Bellegarde,WOL,5.2,1,1,64,0,1,64.0,64.0,0,0,0,1,0,0,0,0,0,1,0,0,0,0,0,2,32.0,2.0
31,Bentancur,TOT,5.3,1,1,57,0,1,57.0,57.0,0,0,0,0,0,0,0,0,0,1,0,0,0,0,0,1,57.0,1.0
31,Berge,FUL,4.9,1,1,90,0,0,90.0,90.0,0,0,0,2,0,0,0,0,0,1,0,0,0,0,0,2,45.0,2.0
31,Bergvall,TOT,5.4,1,1,79,0,1,79.0,79.0,0,0,1,0,0,0,0,0,0,1,0,0,0,0,0,3,26.3,3.0
31,Bissouma,TOT,5.2,1,0,17,1,0,17.0,0.0,0,0,0,1,0,0,0,0,0,0,0,0,0,0,0,1,17.0,0.0
31,Boly,NFO,3.9,1,0,20,1,0,20.0,0.0,0,0,0,0,0,0,0,0,0,0,0,0,0,0,0,1,20.0,0.0
31,Bruno Fernandes,MUN,8.9,1,1,90,0,0,90.0,90.0,0,0,1,0,0,0,0,0,0,1,0,0,0,0,0,3,30.0,3.0
31,Bowen,WHU,7.8,1,1,90,0,0,90.0,90.0,1,0,0,2,0,0,0,0,0,0,1,1,0,0,0,7,12.9,7.0
31,Bradley,LIV,5.0,1,0,30,1,0,30.0,0.0,0,1,0,0,0,0,0,0,0,0,1,1,0,0,0,4,7.5,0.0
31,Branthwaite,EVE,5.3,1,1,90,0,0,90.0,90.0,0,0,0,1,0,0,0,0,0,1,0,0,0,0,0,2,45.0,2.0
31,Broadhead,IPS,4.9,1,1,64,0,1,64.0,64.0,0,0,1,0,0,0,0,0,0,1,0,0,0,0,0,3,21.3,3.0
31,Broja,EVE,5.3,1,0,30,1,0,30.0,0.0,0,0,0,0,0,0,0,0,0,0,0,0,0,0,0,1,30.0,0.0
31,Brooks,BOU,5.0,1,0,29,1,0,29.0,0.0,0,0,0,1,0,0,0,0,0,0,0,0,0,0,0,1,29.0,0.0
31,Bueno (Santiago),WOL,4.4,1,0,11,1,0,11.0,0.0,0,0,0,0,0,0,0,0,0,0,0,0,0,0,0,1,11.0,0.0
31,Buonanotte,LEI,4.8,1,0,45,1,0,45.0,0.0,0,0,0,0,0,0,0,0,0,0,0,0,0,0,0,1,45.0,0.0
31,Burgess,IPS,3.8,1,1,90,0,0,90.0,90.0,0,0,0,2,0,0,0,0,0,1,0,0,0,0,0,1,90.0,1.0
31,Burn,NEW,5.1,1,1,90,0,0,90.0,90.0,0,0,1,0,0,0,0,0,0,0,0,1,0,0,0,6,15.0,6.0
31,Moises Caicedo,CHE,5.9,1,1,90,0,0,90.0,90.0,0,0,1,0,0,0,0,0,0,1,0,0,0,0,0,3,30.0,3.0
31,Cajuste,IPS,4.5,1,1,81,0,1,81.0,81.0,0,0,0,1,0,0,0,0,0,1,0,0,0,0,0,2,40.5,2.0
31,Castagne,FUL,4.4,1,1,90,0,0,90.0,90.0,0,0,0,2,0,0,0,0,0,1,0,0,0,0,0,1,90.0,1.0
31,Chalobah,CHE,5.1,1,1,90,0,0,90.0,90.0,0,0,1,0,0,0,0,0,0,0,0,1,0,0,0,6,15.0,6.0
31,Chaplin,IPS,5.1,1,0,18,1,0,18.0,0.0,0,0,0,1,0,0,0,0,0,0,0,0,0,0,0,1,18.0,0.0
31,Chiesa,LIV,6.4,1,0,14,1,0,14.0,0.0,0,0,0,0,0,0,0,0,0,0,0,0,0,0,0,1,14.0,0.0
31,Chilwell,CRY,4.6,1,0,34,1,0,34.0,0.0,0,0,0,0,0,0,0,0,0,0,0,0,0,0,0,1,34.0,0.0
31,Coady,LEI,4.0,1,1,90,0,0,90.0,90.0,0,0,0,3,0,0,0,0,0,1,0,0,0,0,0,1,90.0,1.0
31,Collins,BRE,4.9,1,1,90,0,0,90.0,90.0,0,0,1,0,0,0,0,0,0,0,0,1,0,1,0,7,12.9,7.0
31,Cook,BOU,4.9,1,1,90,0,0,90.0,90.0,0,0,0,2,0,0,0,1,0,1,0,0,0,0,0,1,90.0,1.0
31,Cucurella,CHE,6.1,1,0,18,1,0,18.0,0.0,0,0,0,0,0,0,0,0,0,0,0,0,0,0,0,1,18.0,0.0
31,André,WOL,5.4,1,1,90,0,0,90.0,90.0,0,0,0,1,0,0,0,1,0,1,0,0,0,0,0,1,90.0,1.0
31,Daka,LEI,4.8,1,1,45,0,1,45.0,45.0,0,0,0,3,0,0,0,0,0,1,0,0,0,0,0,1,45.0,1.0
31,Dalot,MUN,4.4,1,1,90,0,0,90.0,90.0,0,0,1,0,0,0,0,1,0,0,0,1,0,0,0,5,18.0,5.0
31,Damsgaard,BRE,5.8,1,1,81,0,1,81.0,81.0,0,0,1,0,0,0,0,0,0,1,0,0,0,0,0,3,27.0,3.0
31,Davies (Ben),TOT,4.3,1,1,90,0,0,90.0,90.0,0,0,0,1,0,0,0,0,0,1,0,0,0,0,0,2,45.0,2.0
31,Davis,IPS,4.2,1,0,18,1,0,18.0,0.0,0,0,0,1,0,0,0,0,0,0,0,0,0,0,0,1,18.0,0.0
31,De Bruyne,MCI,9.5,1,1,90,0,0,90.0,90.0,0,0,1,0,0,0,0,0,0,1,0,0,0,0,0,3,30.0,3.0
31,Evanilson,BOU,7.0,1,1,90,0,1,90.0,90.0,2,0,0,2,0,0,0,0,0,0,2,2,0,3,1,13,6.9,13.0
31,Delap,IPS,6.2,1,1,80,0,1,80.0,80.0,1,0,0,1,0,0,0,0,0,0,1,1,0,2,0,8,10.0,8.0
31,Devenny,CRY,4.4,1,0,19,1,0,19.0,0.0,0,0,0,0,0,0,0,0,0,0,0,0,0,0,0,1,19.0,0.0
31,Dewsbury-Hall,CHE,4.9,1,1,58,0,1,58.0,58.0,0,0,0,0,0,0,0,0,0,1,0,0,0,0,0,1,58.0,1.0
31,Díaz,LIV,8.0,1,0,42,1,0,42.0,0.0,1,0,0,0,0,0,0,0,0,0,1,1,0,0,0,6,7.0,0.0
31,Dibling,SOU,5.4,1,1,72,0,1,72.0,72.0,0,0,0,2,0,0,0,0,0,1,0,0,0,0,0,2,36.0,2.0
31,Disasi,AVL,4.2,1,1,90,0,0,90.0,90.0,0,0,0,1,0,0,0,0,0,1,0,0,0,0,0,2,45.0,2.0
31,Djiga,WOL,4.5,1,0,2,1,0,2.0,0.0,0,0,0,0,0,0,0,0,0,0,0,0,0,0,0,1,2.0,0.0
31,Doherty,WOL,4.4,1,1,64,0,1,64.0,64.0,0,0,0,1,0,0,0,0,0,1,0,0,0,0,0,2,32.0,2.0
31,Doku,MCI,6.5,1,0,36,1,0,36.0,0.0,0,0,0,0,0,0,0,0,0,0,0,0,0,0,0,1,36.0,0.0
31,Nicolás Domínguez,NFO,5.0,1,1,74,0,1,74.0,74.0,0,0,0,2,0,0,0,0,0,1,0,0,0,0,0,2,37.0,2.0
31,Dorgu,MUN,4.3,1,1,90,0,0,90.0,90.0,0,0,1,0,0,0,0,0,0,0,0,1,0,0,0,6,15.0,6.0
31,Doucouré,EVE,5.1,1,1,90,0,0,90.0,90.0,0,0,0,1,0,0,0,0,0,1,0,0,0,0,0,2,45.0,2.0
31,Dunk,BHA,4.5,1,1,90,0,0,90.0,90.0,0,0,0,2,0,0,0,0,0,1,0,0,0,0,0,1,90.0,1.0
31,El Khannouss,LEI,4.8,1,1,72,0,1,72.0,72.0,0,0,0,3,0,0,0,0,0,1,0,0,0,0,0,2,36.0,2.0
31,Elanga,NFO,6.7,1,1,45,0,1,45.0,45.0,0,0,0,2,0,0,0,0,0,1,0,0,0,0,0,1,45.0,1.0
31,Elliott,LIV,5.4,1,0,42,1,0,42.0,0.0,0,0,0,0,0,0,0,0,0,0,0,0,0,0,0,1,42.0,0.0
31,Enciso,IPS,5.4,1,1,90,0,0,90.0,90.0,0,0,0,2,0,0,0,1,0,1,0,0,0,0,0,1,90.0,1.0
31,Mateus Fernandes,SOU,5.5,1,1,90,0,0,90.0,90.0,1,0,0,3,0,0,0,0,0,0,1,1,0,2,0,9,10.0,9.0
31,Estupiñán,BHA,4.5,1,1,76,0,1,76.0,76.0,0,0,0,2,0,0,0,0,0,1,0,0,0,0,0,1,76.0,1.0
31,Eze,CRY,7.6,1,1,76,0,1,76.0,76.0,0,2,0,1,0,0,0,0,0,0,2,2,0,1,0,9,8.4,9.0
31,Faes,LEI,3.8,1,1,90,0,0,90.0,90.0,0,0,0,3,0,0,0,0,0,1,0,0,0,0,0,1,90.0,1.0
31,Fernández,CHE,6.7,1,1,90,0,0,90.0,90.0,0,0,1,0,0,0,0,1,0,1,0,0,0,0,0,2,45.0,2.0
31,Jota Silva,NFO,5.4,1,0,45,1,0,45.0,0.0,1,0,0,0,0,0,0,1,0,0,1,1,0,0,0,5,9.0,0.0
31,Flekken,BRE,4.5,1,1,90,0,0,90.0,90.0,0,0,1,0,0,0,6,0,0,0,0,1,0,2,1,10,9.0,10.0
31,Foden,MCI,8.0,1,1,57,0,1,57.0,57.0,0,0,0,0,0,0,0,0,0,1,0,0,0,0,0,1,57.0,1.0
31,Casemiro,MUN,5.5,1,1,90,0,0,90.0,90.0,0,0,1,0,0,0,0,0,0,1,0,0,0,0,0,3,30.0,3.0
31,Jorginho,ARS,4.6,1,1,70,0,1,70.0,70.0,0,0,0,1,0,0,0,1,0,1,0,0,0,0,0,1,70.0,1.0
31,Füllkrug,WHU,5.6,1,0,43,1,0,43.0,0.0,1,0,0,1,0,0,0,0,0,0,1,1,0,2,0,7,6.1,0.0
31,Gakpo,LIV,7.6,1,1,53,0,1,53.0,53.0,0,0,0,3,0,0,0,0,0,1,0,0,0,0,0,1,53.0,1.0
31,García,AVL,3.9,1,1,45,0,1,45.0,45.0,0,0,0,0,0,0,0,0,0,1,0,0,0,0,0,1,45.0,1.0
31,Garnacho,MUN,6.4,1,1,90,0,0,90.0,90.0,0,0,1,0,0,0,0,0,0,1,0,0,0,0,0,3,30.0,3.0
31,Garner,EVE,5.0,1,0,30,1,0,30.0,0.0,0,0,0,0,0,0,0,0,0,0,0,0,0,0,0,1,30.0,0.0
31,Rúben Dias,MCI,5.5,1,1,90,0,0,90.0,90.0,0,0,1,0,0,0,0,1,0,0,0,1,0,0,0,5,18.0,5.0
31,Gibbs-White,NFO,7.3,1,1,90,0,0,90.0,90.0,0,0,0,2,0,0,0,0,0,1,0,0,0,0,0,2,45.0,2.0
31,Rodrigo Gomes,WOL,4.5,1,0,34,1,0,34.0,0.0,0,0,0,0,0,0,0,0,0,0,0,0,0,0,0,1,34.0,0.0
31,Toti,WOL,4.3,1,1,90,0,0,90.0,90.0,0,0,0,1,0,0,0,0,0,1,0,0,0,0,0,2,45.0,2.0
31,Beto,EVE,5.2,1,1,65,0,1,65.0,65.0,0,0,0,1,0,0,0,0,0,1,0,0,0,0,0,2,32.5,2.0
31,João Gomes,WOL,5.4,1,1,90,0,0,90.0,90.0,0,0,0,1,0,0,0,0,0,1,0,0,0,0,0,2,45.0,2.0
31,Gómez (Diego),BHA,4.9,1,1,68,0,1,68.0,68.0,0,0,0,2,0,0,0,0,0,1,0,0,0,0,0,2,34.0,2.0
31,Gravenberch,LIV,5.6,1,1,90,0,0,90.0,90.0,0,1,0,3,0,0,0,0,0,0,1,1,0,0,0,5,18.0,5.0
31,Gray (Archie),TOT,4.8,1,0,17,1,0,17.0,0.0,0,0,0,1,0,0,0,0,0,0,0,0,0,0,0,1,17.0,0.0
31,Grealish,MCI,6.9,1,0,20,1,0,20.0,0.0,0,0,0,0,0,0,0,0,0,0,0,0,0,0,0,1,20.0,0.0
31,Gruda,BHA,5.4,1,0,27,1,0,27.0,0.0,0,0,0,0,0,0,0,0,0,0,0,0,0,0,0,1,27.0,0.0
31,Marc Guehi,CRY,4.9,1,1,81,0,0,81.0,81.0,0,0,0,1,0,0,0,0,1,1,0,0,0,0,0,0,0.0,0.0
31,Gueye,EVE,5.4,1,1,90,0,0,90.0,90.0,0,0,0,1,0,0,0,0,0,1,0,0,0,0,0,2,45.0,2.0
31,Bruno Guimarães,NEW,6.5,1,1,63,0,1,63.0,63.0,0,0,1,0,0,0,0,0,0,1,0,0,0,0,0,3,21.0,3.0
31,Gundogan,MCI,6.3,1,1,73,0,1,73.0,73.0,0,0,1,0,0,0,0,0,0,1,0,0,0,0,0,3,24.3,3.0
31,Gusto,CHE,4.9,1,1,90,0,0,90.0,90.0,0,0,1,0,0,0,0,1,0,0,0,1,0,0,0,5,18.0,5.0
31,Gvardiol,MCI,5.9,1,1,90,0,0,90.0,90.0,0,0,1,0,0,0,0,0,0,0,0,1,0,3,0,9,10.0,9.0
31,Harrison (Jack),EVE,5.2,1,1,86,0,1,86.0,86.0,0,1,0,1,0,0,0,0,0,0,1,1,0,1,0,6,14.3,6.0
31,Harwood-Bellis,SOU,3.9,1,1,90,0,0,90.0,90.0,0,0,0,3,0,0,0,0,0,1,0,0,0,0,0,1,90.0,1.0
31,Henderson,CRY,5.0,1,1,90,0,0,90.0,90.0,0,0,0,1,0,0,4,0,0,1,0,0,0,0,0,3,30.0,3.0
31,Hermansen,LEI,4.4,1,1,90,0,0,90.0,90.0,0,0,0,3,0,0,2,0,0,1,0,0,0,0,0,1,90.0,1.0
31,Hill (James),BOU,4.0,1,0,30,1,0,30.0,0.0,0,0,0,1,0,0,0,0,0,0,0,0,0,0,0,1,30.0,0.0
31,Hinshelwood,BHA,5.1,1,1,83,0,1,83.0,83.0,0,0,0,2,0,0,0,0,0,1,0,0,0,0,0,2,41.5,2.0
31,Hirst,IPS,5.4,1,0,18,1,0,18.0,0.0,0,0,0,1,0,0,0,0,0,0,0,0,0,0,0,1,18.0,0.0
31,Hudson-Odoi,NFO,5.8,1,1,90,0,0,90.0,90.0,0,0,0,2,0,0,0,0,0,1,0,0,0,0,0,2,45.0,2.0
31,Hughes,CRY,4.8,1,0,19,1,0,19.0,0.0,0,0,0,0,0,0,0,0,0,0,0,0,0,0,0,1,19.0,0.0
31,Huijsen,BOU,4.5,1,1,90,0,0,90.0,90.0,0,1,0,2,0,0,0,0,0,0,1,1,0,0,0,4,22.5,4.0
31,Højlund,MUN,6.3,1,1,70,0,1,70.0,70.0,0,0,1,0,0,0,0,0,0,1,0,0,0,0,0,2,35.0,2.0
31,Iroegbunam,EVE,4.9,1,1,65,0,1,65.0,65.0,0,0,0,1,0,0,0,0,0,1,0,0,0,0,0,2,32.5,2.0
31,Isak,NEW,10.4,1,1,70,0,1,70.0,70.0,0,0,1,0,0,0,0,0,0,1,0,0,0,0,0,2,35.0,2.0
31,Iwobi,FUL,6.5,1,1,80,0,1,80.0,80.0,1,1,0,2,0,0,0,0,0,0,2,2,0,3,1,13,6.2,13.0
31,Jackson (Nicolas),CHE,6.5,1,0,45,1,0,45.0,0.0,0,0,0,0,0,0,0,0,0,0,0,0,0,0,0,1,45.0,0.0
31,James,CHE,5.5,1,1,75,0,1,75.0,75.0,0,0,1,0,0,0,0,0,0,0,0,1,0,3,0,9,8.3,9.0
31,Janelt,BRE,4.9,1,0,28,1,0,28.0,0.0,0,0,0,0,0,0,0,0,0,0,0,0,0,0,0,1,28.0,0.0
31,Jebbison,BOU,4.5,1,0,6,1,0,6.0,0.0,0,0,0,0,0,0,0,0,0,0,0,0,0,0,0,1,6.0,0.0
31,Jensen,BRE,4.9,1,0,11,1,0,11.0,0.0,0,0,0,0,0,0,0,0,0,0,0,0,0,0,0,1,11.0,0.0
31,Raúl Jiménez,FUL,6.2,1,0,20,1,0,20.0,0.0,0,0,0,0,0,0,0,0,0,0,0,0,0,0,0,1,20.0,0.0
31,Johnson (Ben),IPS,3.8,1,1,90,0,0,90.0,90.0,0,0,0,2,0,0,0,0,0,1,0,0,0,0,0,1,90.0,1.0
31,Johnson (Brennan),TOT,6.7,1,1,90,0,0,90.0,90.0,2,1,0,1,0,0,0,0,0,0,3,3,0,3,1,18,5.0,18.0
31,Jones,LIV,5.4,1,1,90,0,0,90.0,90.0,0,0,0,3,0,0,0,0,0,1,0,0,0,0,0,2,45.0,2.0
31,João Pedro,BHA,7.4,1,0,35,1,0,35.0,0.0,0,0,0,0,0,0,0,0,0,0,0,0,0,0,0,1,35.0,0.0
31,Justin,LEI,4.0,1,1,72,0,1,72.0,72.0,0,0,0,3,0,0,0,1,0,1,0,0,0,0,0,0,0.0,0.0
31,Kamada,CRY,5.0,1,1,90,0,0,90.0,90.0,0,0,0,1,0,0,0,0,0,1,0,0,0,0,0,2,45.0,2.0
31,Kamara,AVL,4.9,1,0,32,1,0,32.0,0.0,0,0,0,0,0,0,0,0,0,0,0,0,0,0,0,1,32.0,0.0
31,Kayode,BRE,4.5,1,0,11,1,0,11.0,0.0,0,0,0,0,0,0,0,0,0,0,0,0,0,0,0,1,11.0,0.0
31,Kelleher,LIV,4.5,1,1,90,0,0,90.0,90.0,0,0,0,3,0,0,3,0,0,1,0,0,0,0,0,2,45.0,2.0
31,Kerkez,BOU,5.8,1,1,90,0,0,90.0,90.0,0,0,0,2,0,0,0,0,0,1,0,0,0,0,0,1,90.0,1.0
31,Kilman,WHU,4.3,1,1,90,0,0,90.0,90.0,0,0,0,2,0,0,0,0,0,1,0,0,0,0,0,1,90.0,1.0
31,Kiwior,ARS,5.4,1,1,90,0,0,90.0,90.0,0,0,0,1,0,0,0,0,0,1,0,0,0,0,0,2,45.0,2.0
31,Konaté,LIV,5.4,1,1,65,0,1,65.0,65.0,0,0,0,3,0,0,0,0,0,1,0,0,0,0,0,1,65.0,1.0
31,Konsa Ngoyo,AVL,4.4,1,0,45,1,0,45.0,0.0,0,0,0,1,0,0,0,0,0,0,0,0,0,0,0,1,45.0,0.0
31,Kovacic,MCI,5.9,1,1,90,0,0,90.0,90.0,0,0,1,0,0,0,0,0,0,1,0,0,0,0,0,3,30.0,3.0
31,Krafth,NEW,4.4,1,0,9,1,0,9.0,0.0,0,0,0,0,0,0,0,0,0,0,0,0,0,0,0,1,9.0,0.0
31,Kristiansen,LEI,4.4,1,1,45,0,1,45.0,45.0,0,0,0,3,0,0,0,0,0,1,0,0,0,0,0,0,0.0,0.0
31,Kudus,WHU,6.8,1,1,84,0,1,84.0,84.0,0,1,0,2,0,0,0,1,0,0,1,1,0,0,0,4,21.0,4.0
31,Lacroix,CRY,5.0,1,1,80,0,1,80.0,80.0,0,0,0,1,0,0,0,0,0,1,0,0,0,0,0,2,40.0,2.0
31,Leno,FUL,5.0,1,1,90,0,0,90.0,90.0,0,0,0,2,0,0,4,1,0,1,0,0,0,0,0,1,90.0,1.0
31,Lerma,CRY,4.9,1,1,90,0,0,90.0,90.0,0,0,0,1,0,0,0,0,0,1,0,0,0,0,0,2,45.0,2.0
31,Lewis (Rico),MCI,4.9,1,0,20,1,0,20.0,0.0,0,0,0,0,0,0,0,0,0,0,0,0,0,0,0,1,20.0,0.0
31,Lewis-Potter,BRE,4.9,1,1,90,0,0,90.0,90.0,0,0,1,0,0,0,0,0,0,1,0,0,0,0,0,3,30.0,3.0
31,Lewis-Skelly,ARS,5.2,1,1,75,0,1,75.0,75.0,0,0,0,1,0,0,0,0,0,1,0,0,0,0,0,2,37.5,2.0
31,Luis Guilherme,WHU,4.9,1,0,13,1,0,13.0,0.0,0,0,0,0,0,0,0,0,0,0,0,0,0,0,0,1,13.0,0.0
31,Livramento,NEW,4.9,1,1,90,0,0,90.0,90.0,0,1,1,0,0,0,0,0,0,0,1,2,0,2,1,11,8.2,11.0
31,Longstaff (Sean),NEW,4.9,1,0,29,1,0,29.0,0.0,0,0,0,0,0,0,0,0,0,0,0,0,0,0,0,1,29.0,0.0
31,Lukic,FUL,5.0,1,1,74,0,1,74.0,74.0,0,0,0,2,0,0,0,1,0,1,0,0,0,0,0,1,74.0,1.0
31,Maatsen,AVL,4.3,1,1,90,0,0,90.0,90.0,0,1,0,1,0,0,0,0,0,0,1,1,0,0,0,5,18.0,5.0
31,Mac Allister,LIV,6.3,1,1,90,0,0,90.0,90.0,1,0,0,3,0,0,0,0,0,0,1,1,0,2,0,9,10.0,9.0
31,Maddison,TOT,6.9,1,1,79,0,1,79.0,79.0,0,1,1,0,0,0,0,0,0,0,1,1,0,1,0,7,11.3,7.0
31,Madueke,CHE,6.8,1,1,58,0,1,58.0,58.0,0,0,0,0,0,0,0,0,0,1,0,0,0,0,0,1,58.0,1.0
31,Maguire,MUN,4.4,1,1,57,0,1,57.0,57.0,0,0,0,0,0,0,0,0,0,1,0,0,0,0,0,1,57.0,1.0
31,Malen,AVL,5.1,1,1,62,0,1,62.0,62.0,1,0,0,1,0,0,0,0,0,0,1,1,0,3,1,10,6.2,10.0
31,José Sá,WOL,4.4,1,1,90,0,0,90.0,90.0,0,0,0,1,0,0,1,0,0,1,0,0,0,0,0,2,45.0,2.0
31,Manning,SOU,4.3,1,1,64,0,1,64.0,64.0,0,0,0,2,0,0,0,0,0,1,0,0,0,0,0,1,64.0,1.0
31,March,BHA,5.8,1,0,27,1,0,27.0,0.0,0,0,0,0,0,0,0,1,0,0,0,0,0,0,0,0,0.0,0.0
31,Omar Marmoush,MCI,8.3,1,1,90,0,0,90.0,90.0,0,0,1,0,0,0,0,0,0,1,0,0,0,0,0,2,45.0,2.0
31,Martinelli,ARS,6.9,1,0,45,1,0,45.0,0.0,0,0,0,1,0,0,0,0,0,0,0,0,0,0,0,1,45.0,0.0
31,Martinez,AVL,5.0,1,1,90,0,0,90.0,90.0,0,0,0,1,0,0,2,1,0,1,0,0,0,0,0,1,90.0,1.0
31,Mateta,CRY,7.7,1,1,66,0,1,66.0,66.0,1,0,0,1,0,0,0,0,0,0,1,1,0,2,0,8,8.3,8.0
31,Mavididi,LEI,5.0,1,0,45,1,0,45.0,0.0,0,0,0,0,0,0,0,0,0,0,0,0,0,0,0,1,45.0,0.0
31,Mavropanos,WHU,4.4,1,0,13,1,0,13.0,0.0,0,0,0,0,0,0,0,0,0,0,0,0,0,0,0,1,13.0,0.0
31,Mazraoui,MUN,4.9,1,1,90,0,0,90.0,90.0,0,0,1,0,0,0,0,0,0,0,0,1,0,1,0,7,12.9,7.0
31,Mbeumo,BRE,8.2,1,1,90,0,0,90.0,90.0,0,0,1,0,0,0,0,0,0,1,0,0,0,0,0,3,30.0,3.0
31,McGinn,AVL,5.4,1,0,21,1,0,21.0,0.0,0,0,0,0,0,0,0,0,0,0,0,0,0,0,0,1,21.0,0.0
31,McNeil,EVE,5.6,1,0,8,1,0,8.0,0.0,0,0,0,0,0,0,0,0,0,0,0,0,0,0,0,1,8.0,0.0
31,Merino,ARS,5.9,1,1,90,0,0,90.0,90.0,0,0,0,1,0,0,0,0,0,1,0,0,0,0,0,2,45.0,2.0
31,Milenkovic,NFO,5.2,1,1,90,0,0,90.0,90.0,0,0,0,2,0,0,0,0,0,1,0,0,0,0,0,1,90.0,1.0
31,Miley (Lewis),NEW,4.4,1,0,29,1,0,29.0,0.0,0,0,0,0,0,0,0,0,0,0,0,0,0,0,0,1,29.0,0.0
31,Mings,AVL,4.4,1,1,90,0,0,90.0,90.0,0,0,0,1,0,0,0,0,0,1,0,0,0,0,0,2,45.0,2.0
31,Minteh,BHA,6.0,1,1,68,0,1,68.0,68.0,0,1,0,2,0,0,0,0,0,0,1,1,0,0,0,5,13.6,5.0
31,Mitchell,CRY,5.0,1,1,61,0,1,61.0,61.0,0,0,0,1,0,0,0,0,0,1,0,0,0,0,0,2,30.5,2.0
31,Mitoma,BHA,6.2,1,1,60,0,1,60.0,60.0,0,0,0,2,0,0,0,0,0,1,0,0,0,0,0,2,30.0,2.0
31,Monga,LEI,4.5,1,0,19,1,0,19.0,0.0,0,0,0,0,0,0,0,0,0,0,0,0,0,0,0,1,19.0,0.0
31,Morsy,IPS,4.8,1,1,90,0,0,90.0,90.0,0,0,0,2,0,0,0,0,0,1,0,0,0,0,0,2,45.0,2.0
31,Mount,MUN,5.9,1,0,23,1,0,23.0,0.0,0,0,0,0,0,0,0,1,0,0,0,0,0,0,0,0,0.0,0.0
31,Munetsi,WOL,5.4,1,1,90,0,0,90.0,90.0,0,0,0,1,0,0,0,0,0,1,0,0,0,0,0,2,45.0,2.0
31,Rodrigo Muniz,FUL,5.4,1,1,75,0,1,75.0,75.0,1,0,0,2,0,0,0,0,0,0,1,1,0,1,0,7,10.7,7.0
31,Muñoz,CRY,5.7,1,1,90,0,0,90.0,90.0,1,0,0,1,0,0,0,0,0,0,1,1,0,0,0,8,11.3,8.0
31,Murphy (Jacob),NEW,6.1,1,1,70,0,1,70.0,70.0,2,0,1,0,0,0,0,0,0,0,2,2,0,3,1,16,4.4,16.0
31,Mvom Onana,AVL,4.8,1,1,62,0,1,62.0,62.0,0,0,0,1,0,0,0,0,0,1,0,0,0,0,0,2,31.0,2.0
31,Ndiaye,EVE,6.5,1,1,74,0,1,74.0,74.0,1,0,0,1,0,0,0,0,0,0,1,1,0,3,0,9,8.2,9.0
31,Ndidi,LEI,4.9,1,1,90,0,0,90.0,90.0,0,0,0,3,0,0,0,1,0,1,0,0,0,0,0,1,90.0,1.0
31,Neto,CHE,7.0,1,0,34,1,0,34.0,0.0,0,0,0,0,0,0,0,0,0,0,0,0,0,0,0,1,34.0,0.0
31,Lindelof,MUN,4.5,1,0,36,1,0,36.0,0.0,0,0,0,0,0,0,0,0,0,0,0,0,0,0,0,1,36.0,0.0
31,Eddie Nketiah,CRY,5.4,1,0,9,1,0,9.0,0.0,0,0,0,0,0,0,0,0,1,0,0,0,0,0,0,0,0.0,0.0
31,Nkunku,CHE,5.9,1,1,45,0,1,45.0,45.0,0,0,0,0,0,0,0,0,0,1,0,0,0,0,0,1,45.0,1.0
31,Norgaard,BRE,5.2,1,1,90,0,0,90.0,90.0,0,0,1,0,0,0,0,0,0,1,0,0,0,0,0,3,30.0,3.0
31,Matheus Nunes,MCI,5.3,1,1,90,0,0,90.0,90.0,0,0,1,0,0,0,0,0,0,1,0,0,0,0,0,3,30.0,3.0
31,Núñez,LIV,6.5,1,0,30,1,0,30.0,0.0,0,0,0,0,0,0,0,0,0,0,0,0,0,0,0,1,30.0,0.0
31,Nwaneri,ARS,5.2,1,1,45,0,1,45.0,45.0,0,0,0,0,0,0,0,0,0,1,0,0,0,0,0,1,45.0,1.0
31,O'Brien,EVE,5.0,1,1,90,0,0,90.0,90.0,0,0,0,1,0,0,0,1,0,1,0,0,0,0,0,1,90.0,1.0
31,O'Shea,IPS,3.8,1,1,90,0,0,90.0,90.0,0,1,0,2,0,0,0,0,0,0,1,1,0,0,0,4,22.5,4.0
31,Odegaard,ARS,7.9,1,0,25,1,0,25.0,0.0,0,0,0,0,0,0,0,0,0,0,0,0,0,0,0,1,25.0,0.0
31,Odobert,TOT,5.3,1,0,39,1,0,39.0,0.0,0,0,0,1,0,0,0,0,0,0,0,0,0,0,0,1,39.0,0.0
31,Onana,MUN,4.9,1,1,90,0,0,90.0,90.0,0,0,1,0,0,0,6,0,0,0,0,1,0,3,1,11,8.2,11.0
31,Paul Onuachu,SOU,4.9,1,0,24,1,0,24.0,0.0,0,0,0,1,0,0,0,0,0,0,0,0,0,0,0,1,24.0,0.0
31,Osula,NEW,5.5,1,0,21,1,0,21.0,0.0,0,0,0,0,0,0,0,0,0,0,0,0,0,0,0,1,21.0,0.0
31,Dango Ouattara,BOU,6.0,1,1,77,0,1,77.0,77.0,0,0,0,2,0,0,0,0,0,1,0,0,0,0,0,2,38.5,2.0
31,O’Reilly,MCI,4.9,1,1,73,0,1,73.0,73.0,0,0,1,0,0,0,0,0,0,1,0,0,0,0,0,3,24.3,3.0
31,O’Riley,BHA,5.5,1,1,60,0,1,60.0,60.0,0,0,0,2,0,0,0,0,0,1,0,0,0,0,0,2,30.0,2.0
31,Palmer (Alex),IPS,4.5,1,1,90,0,0,90.0,90.0,0,0,0,2,0,0,4,1,0,1,0,0,0,0,0,1,90.0,1.0
31,Palmer (Cole),CHE,10.3,1,0,34,1,0,34.0,0.0,0,0,0,0,0,0,0,0,0,0,0,0,0,0,0,1,34.0,0.0
31,Emerson,WHU,4.4,1,0,45,1,0,45.0,0.0,0,0,0,1,0,0,0,0,0,0,0,0,0,0,0,1,45.0,0.0
31,Patterson (Nathan),EVE,4.4,1,1,74,0,1,74.0,74.0,0,0,0,1,0,0,0,0,0,1,0,0,0,0,0,2,37.0,2.0
31,Pereira,FUL,5.3,1,1,74,0,1,74.0,74.0,0,0,0,2,0,0,0,0,0,1,0,0,0,0,0,2,37.0,2.0
31,Philogene-Bidace,IPS,5.3,1,0,18,1,0,18.0,0.0,0,0,0,1,0,0,0,0,0,0,0,0,0,0,0,1,18.0,0.0
31,Pickford,EVE,5.5,1,1,90,0,0,90.0,90.0,0,0,0,1,0,0,3,0,0,1,0,0,0,0,0,3,30.0,3.0
31,Pope,NEW,5.2,1,1,90,0,0,90.0,90.0,0,0,1,0,0,0,2,0,0,0,0,1,0,0,0,6,15.0,6.0
31,Porro,TOT,5.5,1,1,90,0,0,90.0,90.0,0,0,0,1,0,0,0,1,0,1,0,0,0,0,0,1,90.0,1.0
31,Ramsdale,SOU,4.8,1,1,90,0,0,90.0,90.0,0,0,0,3,0,0,5,0,0,1,0,0,0,0,0,2,45.0,2.0
31,Ramsey (Jacob),AVL,5.3,1,0,33,1,0,33.0,0.0,0,0,0,0,0,0,0,0,0,0,0,0,0,0,0,1,33.0,0.0
31,Rashford,AVL,7.0,1,0,33,1,0,33.0,0.0,0,0,0,0,0,0,0,0,0,0,0,0,0,0,0,1,33.0,0.0
31,Raya Martin,ARS,5.8,1,1,90,0,0,90.0,90.0,0,0,0,1,0,0,1,0,0,1,0,0,0,0,0,2,45.0,2.0
31,Reed,FUL,4.4,1,0,21,1,0,21.0,0.0,0,0,0,0,0,0,0,0,0,0,0,0,0,0,0,1,21.0,0.0
31,Rice,ARS,6.7,1,1,90,0,0,90.0,90.0,0,0,0,1,0,0,0,0,0,1,0,0,0,0,0,2,45.0,2.0
31,Robertson,LIV,5.8,1,1,81,0,1,81.0,81.0,0,0,0,3,0,0,0,0,0,1,0,0,0,0,0,1,81.0,1.0
31,Robinson (Antonee),FUL,4.9,1,1,90,0,0,90.0,90.0,0,0,0,2,0,0,0,0,0,1,0,0,0,0,0,1,90.0,1.0
31,Morato,NFO,4.4,1,1,74,0,1,74.0,74.0,0,0,0,2,0,0,0,1,0,1,0,0,0,0,0,0,0.0,0.0
31,Rogers,AVL,6.8,1,1,90,0,0,90.0,90.0,1,0,0,1,0,0,0,0,0,0,1,1,0,2,0,9,10.0,9.0
31,Romero,TOT,5.0,1,1,90,0,0,90.0,90.0,0,0,0,1,0,0,0,0,0,1,0,0,0,0,0,2,45.0,2.0
31,Saka,ARS,10.0,1,0,45,1,0,45.0,0.0,0,0,0,1,0,0,0,0,0,0,0,0,0,0,0,1,45.0,0.0
31,Salah,LIV,14.3,1,1,90,0,0,90.0,90.0,0,0,0,3,0,0,0,0,0,1,0,0,0,0,0,2,45.0,2.0
31,Saliba,ARS,6.0,1,1,90,0,0,90.0,90.0,0,0,0,1,0,0,0,0,0,1,0,0,0,0,0,2,45.0,2.0
31,Sanchez,CHE,4.9,1,1,90,0,0,90.0,90.0,0,0,1,0,0,0,2,0,0,0,0,1,0,0,0,6,15.0,6.0
31,Sancho,MUN,5.8,1,1,90,0,0,90.0,90.0,0,0,1,0,0,0,0,0,0,1,0,0,0,0,0,3,30.0,3.0
31,Ederson,MCI,5.3,1,1,90,0,0,90.0,90.0,0,0,1,0,0,0,2,0,0,0,0,1,0,0,0,6,15.0,6.0
31,Murillo,NFO,5.3,1,1,90,0,0,90.0,90.0,0,0,0,2,0,0,0,0,0,1,0,0,0,0,0,1,90.0,1.0
31,Welington,SOU,4.0,1,0,33,1,0,33.0,0.0,0,0,0,1,0,0,0,0,0,0,0,0,0,0,0,1,33.0,0.0
31,Sarabia,WOL,5.0,1,0,34,1,0,34.0,0.0,1,1,0,0,0,0,0,0,0,0,2,2,0,3,1,12,2.8,0.0
31,Ismaila Sarr,CRY,6.6,1,1,90,0,0,90.0,90.0,0,0,0,1,0,0,0,0,0,1,0,0,0,0,0,2,45.0,2.0
31,Sarr (Pape),TOT,4.9,1,0,40,1,0,40.0,0.0,0,0,0,1,0,0,0,0,0,0,0,0,0,0,0,1,40.0,0.0
31,Scarles,WHU,4.4,1,1,45,0,1,45.0,45.0,0,0,0,1,0,0,0,0,0,1,0,0,0,0,0,1,45.0,1.0
31,Schade,BRE,7.0,1,1,90,0,0,90.0,90.0,0,0,1,0,0,0,0,0,0,1,0,0,0,0,0,3,30.0,3.0
31,Schär,NEW,5.4,1,1,90,0,0,90.0,90.0,0,1,1,0,0,0,0,0,0,0,1,2,0,1,1,10,9.0,10.0
31,Scott,BOU,5.0,1,1,67,0,1,67.0,67.0,0,0,0,1,0,0,0,0,0,1,0,0,0,0,0,2,33.5,2.0
31,Sels,NFO,4.8,1,1,90,0,0,90.0,90.0,0,0,0,2,0,0,6,0,0,1,0,0,0,0,0,3,30.0,3.0
31,Semedo,WOL,4.5,1,1,90,0,0,90.0,90.0,0,0,0,1,0,0,0,0,0,1,0,0,0,0,0,2,45.0,2.0
31,Semenyo,BOU,8.1,1,1,90,0,0,90.0,90.0,0,1,0,2,0,0,0,0,0,0,1,1,0,1,0,6,15.0,6.0
31,Senesi,BOU,5.0,1,0,19,1,0,19.0,0.0,0,0,0,0,0,0,0,0,0,0,0,0,0,0,0,1,19.0,0.0
31,Sessegnon (Ryan),FUL,5.4,1,1,80,0,1,80.0,80.0,1,0,0,2,0,0,0,0,0,0,1,1,0,0,0,7,11.4,7.0
31,Smallbone,SOU,5.0,1,0,33,1,0,33.0,0.0,0,0,0,1,0,0,0,0,0,0,0,0,0,0,0,1,33.0,0.0
31,Smith,BOU,4.4,1,1,67,0,1,67.0,67.0,0,0,0,1,0,0,0,1,0,1,0,0,0,0,0,1,67.0,1.0
31,Smith-Rowe,FUL,5.7,1,0,21,1,0,21.0,0.0,0,0,0,0,0,0,0,1,0,0,0,0,0,0,0,0,0.0,0.0
31,Solanke,TOT,7.2,1,1,87,0,1,87.0,87.0,0,0,1,0,0,0,0,0,0,1,0,0,0,0,0,2,43.5,2.0
31,Soler (Carlos),WHU,5.0,1,0,43,1,0,43.0,0.0,0,0,0,1,0,0,0,0,0,0,0,0,0,0,0,1,43.0,0.0
31,Son,TOT,8.5,1,1,57,0,1,57.0,57.0,0,0,0,0,0,0,0,0,0,1,0,0,0,0,0,1,57.0,1.0
31,Sosa,NFO,5.5,1,0,20,1,0,20.0,0.0,0,0,0,0,0,0,0,0,0,0,0,0,0,0,0,1,20.0,0.0
31,Soucek,WHU,5.7,1,1,53,0,1,53.0,53.0,0,0,0,1,0,0,0,0,0,1,0,0,0,0,0,1,53.0,1.0
31,Soumaré,LEI,4.4,1,1,90,0,0,90.0,90.0,0,0,0,3,0,0,0,0,0,1,0,0,0,0,0,2,45.0,2.0
31,Spence,TOT,4.5,1,1,90,0,0,90.0,90.0,0,1,0,1,0,0,0,0,0,0,1,1,0,0,0,5,18.0,5.0
31,Sterling,ARS,6.7,1,1,45,0,1,45.0,45.0,0,1,0,0,0,0,0,0,0,0,1,1,0,0,0,4,11.3,4.0
31,Stewart,SOU,4.4,1,0,13,1,0,13.0,0.0,0,0,0,1,0,0,0,0,0,0,0,0,0,0,0,1,13.0,0.0
31,Strand Larsen,WOL,6.4,1,1,90,0,1,90.0,90.0,1,0,0,1,0,0,0,1,0,0,1,1,0,1,0,6,15.0,6.0
31,Sugawara,SOU,4.2,1,0,24,1,0,24.0,0.0,0,0,0,1,0,0,0,0,0,0,0,0,0,0,0,1,24.0,0.0
31,Sulemana,SOU,5.0,1,1,90,0,0,90.0,90.0,0,1,0,3,0,0,0,0,0,0,1,1,0,0,0,5,18.0,5.0
31,Szoboszlai,LIV,6.5,1,1,53,0,1,53.0,53.0,0,0,0,3,0,0,0,0,0,1,0,0,0,0,0,1,53.0,1.0
31,Tarkowski,EVE,5.5,1,1,90,0,0,90.0,90.0,0,0,0,1,0,0,0,1,0,1,0,0,0,0,0,1,90.0,1.0
31,Taylor (Jack),IPS,4.8,1,0,34,1,0,34.0,0.0,0,0,0,2,0,0,0,0,0,0,0,0,0,0,0,1,34.0,0.0
31,Diogo Jota,LIV,7.2,1,1,65,0,1,65.0,65.0,0,0,0,3,0,0,0,0,0,1,0,0,0,0,0,2,32.5,2.0
31,Tel,TOT,6.3,1,0,10,1,0,10.0,0.0,1,0,0,1,0,0,0,0,0,0,1,1,0,0,0,6,1.7,0.0
31,Tete,FUL,4.5,1,0,15,1,0,15.0,0.0,0,0,0,0,0,0,0,0,0,0,0,0,0,0,0,1,15.0,0.0
31,Thomas,LEI,3.9,1,1,90,0,0,90.0,90.0,0,0,0,3,0,0,0,0,0,1,0,0,0,0,0,1,90.0,1.0
31,Tielemans,AVL,5.9,1,1,90,0,0,90.0,90.0,0,1,0,1,0,0,0,0,0,0,1,1,0,1,0,6,15.0,6.0
31,Tierney,ARS,4.3,1,0,20,1,0,20.0,0.0,0,0,0,0,0,0,0,0,0,0,0,0,0,0,0,1,20.0,0.0
31,Jurriën Timber,ARS,6.1,1,0,34,1,0,34.0,0.0,0,0,0,0,0,0,0,0,0,0,0,0,0,0,0,1,34.0,0.0
31,Todibo,WHU,4.3,1,1,84,0,1,84.0,84.0,0,0,0,2,0,0,0,0,0,1,0,0,0,0,0,1,84.0,1.0
31,Lucas Paquetá,WHU,5.9,1,1,90,0,0,90.0,90.0,0,0,0,2,0,0,0,0,0,1,0,0,0,0,0,2,45.0,2.0
31,Tonali,NEW,5.4,1,1,90,0,0,90.0,90.0,0,0,1,0,0,0,0,0,0,1,0,0,0,0,0,3,30.0,3.0
31,Townsend,IPS,3.9,1,1,80,0,1,80.0,80.0,0,0,0,1,0,0,0,0,0,1,0,0,0,0,0,2,40.0,2.0
31,Traoré (Adama),FUL,5.2,1,0,15,1,0,15.0,0.0,0,0,0,0,0,0,0,0,0,0,0,0,0,0,0,1,15.0,0.0
31,Trippier,NEW,5.0,1,1,83,0,1,83.0,83.0,0,0,1,0,0,0,0,0,0,0,0,1,0,0,0,6,13.8,6.0
31,Trossard,ARS,6.9,1,1,90,0,0,90.0,90.0,1,0,0,1,0,0,0,0,0,0,1,1,0,2,0,9,10.0,9.0
31,Tuanzebe,IPS,3.9,1,1,80,0,1,80.0,80.0,0,0,0,1,0,0,0,0,0,1,0,0,0,0,0,2,40.0,2.0
31,Ugarte,MUN,4.8,1,1,70,0,1,70.0,70.0,0,0,1,0,0,0,0,0,0,1,0,0,0,0,0,3,23.3,3.0
31,Ugochukwu,SOU,5.0,1,1,83,0,1,83.0,83.0,0,0,0,2,0,0,0,1,0,1,0,0,0,0,0,1,83.0,1.0
31,van den Berg,BRE,4.5,1,1,90,0,0,90.0,90.0,0,0,1,0,0,0,0,1,0,0,0,1,0,0,0,5,18.0,5.0
31,van Dijk,LIV,6.0,1,1,90,0,0,90.0,90.0,0,0,0,3,0,0,0,0,0,1,0,0,0,0,0,1,90.0,1.0
31,van Hecke,BHA,4.4,1,1,86,0,0,86.0,86.0,0,0,0,2,0,0,0,0,1,1,0,0,0,0,0,0,0.0,0.0
31,Vardy,LEI,5.4,1,1,90,0,0,90.0,90.0,0,0,0,3,0,0,0,0,0,1,0,0,0,0,0,2,45.0,2.0
31,Bernardo Silva,MCI,6.3,1,1,90,0,0,90.0,90.0,0,0,1,0,0,0,0,1,0,1,0,0,0,0,0,2,45.0,2.0
31,Verbruggen,BHA,4.4,1,1,90,0,0,90.0,90.0,0,0,0,2,0,0,1,0,0,1,0,0,0,0,0,1,90.0,1.0
31,Vicario,TOT,5.1,1,1,90,0,0,90.0,90.0,0,0,0,1,0,0,3,0,0,1,0,0,0,0,0,3,30.0,3.0
31,Walker-Peters,SOU,4.4,1,1,90,0,0,90.0,90.0,0,0,0,3,0,0,0,0,0,1,0,0,0,0,0,1,90.0,1.0
31,Wan-Bissaka,WHU,4.3,1,1,90,0,0,90.0,90.0,0,0,0,2,0,0,0,0,0,1,0,0,0,0,0,1,90.0,1.0
31,Ward (Joel),CRY,4.3,1,0,15,1,0,15.0,0.0,0,0,0,0,0,0,0,0,0,0,0,0,0,0,0,1,15.0,0.0
31,Ward-Prowse,WHU,5.7,1,1,90,0,0,90.0,90.0,0,1,0,2,0,0,0,1,0,0,1,1,0,0,0,4,22.5,4.0
31,Watkins,AVL,8.5,1,1,61,0,1,61.0,61.0,0,0,0,1,0,0,0,0,0,1,0,0,0,0,0,2,30.5,2.0
31,Welbeck,BHA,6.4,1,1,90,0,0,90.0,90.0,1,0,0,2,0,0,0,0,0,0,1,1,0,3,0,9,10.0,9.0
31,Wharton,CRY,5.0,1,1,76,0,1,76.0,76.0,0,0,0,1,0,0,0,0,0,1,0,0,0,0,0,2,38.0,2.0
31,White (Ben),ARS,5.4,1,1,61,0,1,61.0,61.0,0,0,0,1,0,0,0,0,0,1,0,0,0,0,0,2,30.5,2.0
31,Wieffer,BHA,4.9,1,0,12,1,0,12.0,0.0,0,0,0,0,0,0,0,0,0,0,0,0,0,0,0,1,12.0,0.0
31,Williams (Neco),NFO,4.7,1,1,90,0,0,90.0,90.0,0,1,0,2,0,0,0,0,0,0,1,1,0,0,0,4,22.5,4.0
31,Wilson (Callum),NEW,5.9,1,0,21,1,0,21.0,0.0,0,0,0,0,0,0,0,0,0,0,0,0,0,0,0,1,21.0,0.0
31,Winterburn,BOU,4.5,1,0,19,1,0,19.0,0.0,0,0,0,0,0,0,0,0,0,0,0,0,0,0,0,1,19.0,0.0
31,Wissa,BRE,7.4,1,1,90,0,0,90.0,90.0,0,0,1,0,0,0,0,0,0,1,0,0,0,0,0,2,45.0,2.0
31,Yarmolyuk,BRE,5.0,1,1,64,0,1,64.0,64.0,0,0,1,0,0,0,0,0,0,1,0,0,0,0,0,3,21.3,3.0
31,Yates,NFO,4.8,1,1,90,0,0,90.0,90.0,0,0,0,2,0,0,0,0,0,1,0,0,0,0,0,2,45.0,2.0
31,Yoro,MUN,4.4,1,1,90,0,0,90.0,90.0,0,0,1,0,0,0,0,1,0,0,0,1,0,0,0,5,18.0,5.0
31,Young (Ashley),EVE,4.2,1,0,20,1,0,20.0,0.0,0,0,0,0,0,0,0,0,0,0,0,0,0,0,0,1,20.0,0.0
31,Zabarnyi,BOU,5.0,1,1,77,0,1,77.0,77.0,0,0,0,2,0,0,0,0,0,1,0,0,0,0,0,1,77.0,1.0
31,Zirkzee,MUN,5.8,1,0,23,1,0,23.0,0.0,0,0,0,0,0,0,0,0,0,0,0,0,0,0,0,1,23.0,0.0
33,Adams (Tyler),BOU,5.0,1,1,60,0,1,60.0,60.0,0,0,1,0,0,0,0,1,0,1,0,0,0,0,0,2,30.0,2.0
33,Tosin,CHE,4.4,1,0,8,1,0,8.0,0.0,0,0,0,0,0,0,0,0,0,0,0,0,0,0,0,1,8.0,0.0
33,Adingra,BHA,5.1,1,0,13,1,0,13.0,0.0,0,0,0,1,0,0,0,0,0,0,0,0,0,0,0,1,13.0,0.0
33,Agbadou,WOL,4.4,1,1,90,0,0,90.0,90.0,0,0,1,0,0,0,0,0,0,0,0,1,0,1,0,7,12.9,7.0
33,Ait Nouri,WOL,5.8,1,1,81,0,1,81.0,81.0,0,0,1,0,0,0,0,1,0,0,0,1,0,0,0,5,16.2,5.0
33,Ajer,BRE,4.4,1,0,37,1,0,37.0,0.0,0,0,0,1,0,0,0,0,0,0,0,0,0,0,0,1,37.0,0.0
33,Akanji,MCI,5.4,2,0,9,2,0,4.5,0.0,0,0,0,0,0,0,0,0,0,0,0,0,0,0,0,2,4.5,0.0
33,Alcaraz,EVE,5.2,1,0,16,1,0,16.0,0.0,0,0,0,2,0,0,0,0,0,0,0,0,0,0,0,1,16.0,0.0
33,Alexander-Arnold,LIV,7.2,1,0,23,1,0,23.0,0.0,1,0,0,0,0,0,0,1,0,0,1,1,0,0,0,6,3.8,0.0
33,Carlos Vinicius,FUL,5.0,1,0,12,1,0,12.0,0.0,0,0,0,1,0,0,0,0,0,0,0,0,0,0,0,1,12.0,0.0
33,Amass,MUN,4.0,1,1,90,0,0,90.0,90.0,0,0,0,1,0,0,0,0,0,1,0,0,0,0,0,2,45.0,2.0
33,Andersen,FUL,4.5,1,1,90,0,0,90.0,90.0,0,0,0,2,0,0,0,0,0,1,0,0,0,0,0,1,90.0,1.0
33,Anderson,NFO,5.3,1,1,90,0,0,90.0,90.0,1,0,0,1,0,0,0,0,0,0,1,1,0,3,1,10,9.0,10.0
33,Joelinton,NEW,5.9,1,1,90,0,0,90.0,90.0,0,0,0,4,0,0,0,1,0,1,0,0,0,0,0,1,90.0,1.0
33,Araujo,BOU,3.9,1,0,11,1,0,11.0,0.0,0,0,0,0,0,0,0,0,0,0,0,0,0,0,0,1,11.0,0.0
33,Archer,SOU,4.8,1,0,28,1,0,28.0,0.0,0,0,0,0,0,0,0,0,0,0,0,0,0,0,0,1,28.0,0.0
33,Areola,WHU,4.3,1,1,90,0,0,90.0,90.0,0,0,0,1,0,0,3,0,0,1,0,0,0,0,0,3,30.0,3.0
33,Kepa,BOU,4.2,1,1,90,0,0,90.0,90.0,0,0,1,0,0,0,0,0,0,0,0,1,0,0,0,6,15.0,6.0
33,Asensio,AVL,6.0,2,1,92,1,1,46.0,71.0,0,0,0,2,0,0,0,0,0,1,0,0,0,0,0,3,30.7,2.0
33,Awoniyi,NFO,5.2,1,0,22,1,0,22.0,0.0,0,0,0,1,0,0,0,0,0,0,0,0,0,0,0,1,22.0,0.0
33,Ayari,BHA,4.9,1,0,26,1,0,26.0,0.0,0,0,0,1,0,0,0,0,0,0,0,0,0,0,0,1,26.0,0.0
33,Baleba,BHA,4.7,1,1,76,0,1,76.0,76.0,0,0,0,3,0,0,0,0,0,1,0,0,0,0,0,2,38.0,2.0
33,Ricardo Pereira,LEI,4.1,1,1,81,0,1,81.0,81.0,0,0,0,1,0,0,0,0,0,1,0,0,0,0,0,2,40.5,2.0
33,Barkley,AVL,4.8,1,0,14,1,0,14.0,0.0,0,0,0,0,0,0,0,0,0,0,0,0,0,0,0,1,14.0,0.0
33,Barnes,NEW,6.4,1,1,76,0,1,76.0,76.0,0,1,0,4,0,0,0,0,0,0,1,1,0,0,0,5,15.2,5.0
33,Bassey,FUL,4.5,1,1,90,0,0,90.0,90.0,0,0,0,2,0,0,0,1,0,1,0,0,0,0,0,0,0.0,0.0
33,Bednarek,SOU,4.0,1,1,90,0,0,90.0,90.0,0,0,0,1,0,0,0,0,0,1,0,0,0,0,0,2,45.0,2.0
33,Bentancur,TOT,5.3,1,1,90,0,0,90.0,90.0,0,0,0,2,0,0,0,0,0,1,0,0,0,0,0,2,45.0,2.0
33,Bentley,WOL,4.0,1,1,90,0,0,90.0,90.0,0,0,1,0,0,0,2,0,0,0,0,1,0,1,0,7,12.9,7.0
33,Berge,FUL,4.9,1,1,90,0,0,90.0,90.0,0,0,0,2,0,0,0,0,0,1,0,0,0,0,0,2,45.0,2.0
33,Bergvall,TOT,5.4,1,0,17,1,0,17.0,0.0,0,0,0,0,0,0,0,0,0,0,0,0,0,0,0,1,17.0,0.0
33,Bruno Fernandes,MUN,8.9,1,0,38,1,0,38.0,0.0,0,0,0,1,0,0,0,0,0,0,0,0,0,0,0,1,38.0,0.0
33,Bowen,WHU,7.8,1,1,86,0,1,86.0,86.0,1,0,1,0,0,0,0,0,0,0,1,1,0,1,0,9,9.6,9.0
33,Bradley,LIV,5.0,1,1,70,0,1,70.0,70.0,0,0,1,0,0,0,0,1,0,0,0,1,0,0,0,5,14.0,5.0
33,Branthwaite,EVE,5.3,1,1,90,0,0,90.0,90.0,0,0,0,2,0,0,0,0,0,1,0,0,0,0,0,1,90.0,1.0
33,Broja,EVE,5.3,1,1,61,0,1,61.0,61.0,0,0,1,0,0,0,0,0,0,1,0,0,0,0,0,2,30.5,2.0
33,Brooks,BOU,5.0,1,0,25,1,0,25.0,0.0,0,0,0,0,0,0,0,0,0,0,0,0,0,0,0,1,25.0,0.0
33,Bueno (Santiago),WOL,4.4,1,1,90,0,0,90.0,90.0,0,0,1,0,0,0,0,0,0,0,0,1,0,0,0,6,15.0,6.0
33,Buonanotte,LEI,4.8,1,0,33,1,0,33.0,0.0,0,0,0,1,0,0,0,0,0,0,0,0,0,0,0,1,33.0,0.0
33,Burgess,IPS,3.8,1,0,61,1,0,61.0,0.0,0,0,0,2,0,0,0,0,0,0,0,0,0,0,0,0,0.0,0.0
33,Burn,NEW,5.1,1,1,90,0,0,90.0,90.0,0,0,0,4,1,0,0,0,0,1,0,0,0,0,0,0,0.0,0.0
33,Butler-Oyedeji,ARS,4.5,1,0,11,1,0,11.0,0.0,0,0,0,0,0,0,0,0,0,0,0,0,0,0,0,1,11.0,0.0
33,Moises Caicedo,CHE,5.9,1,1,90,0,0,90.0,90.0,0,0,0,1,0,0,0,1,0,1,0,0,0,0,0,1,90.0,1.0
33,Cairney,FUL,4.9,1,0,23,1,0,23.0,0.0,0,0,0,2,0,0,0,0,0,0,0,0,0,0,0,1,23.0,0.0
33,Cajuste,IPS,4.5,1,1,81,0,1,81.0,81.0,0,0,0,3,0,0,0,0,0,1,0,0,0,0,0,2,40.5,2.0
33,Cash,AVL,4.6,2,2,150,0,1,75.0,75.0,0,0,0,2,0,0,0,0,0,2,0,0,0,0,0,4,37.5,2.0
33,Cashin,BHA,4.0,1,0,1,1,0,1.0,0.0,0,0,0,0,0,0,0,0,0,0,0,0,0,0,0,1,1.0,0.0
33,Castagne,FUL,4.4,1,0,18,1,0,18.0,0.0,0,0,0,2,0,0,0,0,0,0,0,0,0,0,0,0,0.0,0.0
33,Chalobah,CHE,5.1,1,1,90,0,0,90.0,90.0,0,0,0,1,0,0,0,0,0,1,0,0,0,0,0,2,45.0,2.0
33,Chaplin,IPS,5.1,1,0,4,1,0,4.0,0.0,0,0,0,0,0,0,0,0,0,0,0,0,0,0,0,1,4.0,0.0
33,Clarke (Jack),IPS,5.4,1,1,32,0,1,32.0,32.0,0,0,0,2,0,0,0,0,0,1,0,0,0,0,0,1,32.0,1.0
33,Coady,LEI,4.0,1,1,90,0,0,90.0,90.0,0,0,0,1,0,0,0,0,0,1,0,0,0,0,0,2,45.0,2.0
33,Collins,BRE,4.9,1,1,90,0,0,90.0,90.0,0,0,0,2,0,0,0,1,0,1,0,0,0,0,0,0,0.0,0.0
33,Colwill,CHE,4.8,1,1,90,0,0,90.0,90.0,0,0,0,1,0,0,0,1,0,1,0,0,0,0,0,1,90.0,1.0
33,Cook,BOU,4.9,1,0,45,1,0,45.0,0.0,0,0,0,0,0,0,0,0,0,0,0,0,0,0,0,1,45.0,0.0
33,Coufal,WHU,4.1,1,1,90,0,0,90.0,90.0,0,0,0,1,0,0,0,1,0,1,0,0,0,0,0,1,90.0,1.0
33,Cucurella,CHE,6.1,1,1,90,0,0,90.0,90.0,0,0,0,1,0,0,0,1,0,1,0,0,0,0,0,1,90.0,1.0
33,André,WOL,5.4,1,1,90,0,0,90.0,90.0,0,0,1,0,0,0,0,1,0,1,0,0,0,0,0,2,45.0,2.0
33,Daka,LEI,4.8,1,0,32,1,0,32.0,0.0,0,0,0,1,0,0,0,0,0,0,0,0,0,0,0,1,32.0,0.0
33,Dalot,MUN,4.4,1,0,38,1,0,38.0,0.0,0,0,0,1,0,0,0,0,0,0,0,0,0,0,0,1,38.0,0.0
33,Damsgaard,BRE,5.8,1,1,87,0,1,87.0,87.0,0,0,0,2,0,0,0,0,0,1,0,0,0,0,0,2,43.5,2.0
33,Danso,TOT,4.3,1,0,45,1,0,45.0,0.0,0,0,0,0,0,0,0,0,0,0,0,0,0,0,0,1,45.0,0.0
33,Davies (Ben),TOT,4.3,1,0,45,1,0,45.0,0.0,0,0,0,0,0,0,0,0,0,0,0,0,0,0,0,1,45.0,0.0
33,Davis,IPS,4.2,1,1,32,0,0,32.0,32.0,0,0,0,2,0,0,0,0,1,1,0,0,0,0,0,0,0.0,0.0
33,Richarlison,TOT,6.5,1,1,90,0,0,90.0,90.0,1,0,0,2,0,0,0,0,0,0,1,1,0,0,0,6,15.0,6.0
33,De Bruyne,MCI,9.5,2,2,175,0,2,87.5,87.5,0,0,1,1,0,0,0,0,0,2,0,0,0,0,0,5,35.0,2.5
33,Evanilson,BOU,7.0,1,1,90,0,0,90.0,90.0,0,0,1,0,0,0,0,0,0,1,0,0,0,0,0,2,45.0,2.0
33,DeCordova-Reid,LEI,5.2,1,1,61,0,1,61.0,61.0,0,0,1,0,0,0,0,0,0,1,0,0,0,0,0,3,20.3,3.0
33,Delap,IPS,6.2,1,0,13,1,0,13.0,0.0,0,0,0,1,0,0,0,0,0,0,0,0,0,0,0,1,13.0,0.0
33,Devenny,CRY,4.4,2,1,79,1,1,39.5,75.0,0,0,0,2,0,0,0,1,0,1,0,0,0,0,0,2,39.5,1.0
33,Díaz,LIV,8.0,1,1,89,0,1,89.0,89.0,0,0,1,0,0,0,0,0,0,1,0,0,0,0,0,3,29.7,3.0
33,Dibling,SOU,5.4,1,0,22,1,0,22.0,0.0,0,0,0,0,0,0,0,0,0,0,0,0,0,0,0,1,22.0,0.0
33,Digne,AVL,4.5,1,1,90,0,0,90.0,90.0,0,0,0,2,0,0,0,1,0,1,0,0,0,0,0,0,0.0,0.0
33,Disasi,AVL,4.2,1,0,36,1,0,36.0,0.0,0,0,0,1,0,0,0,0,0,0,0,0,0,0,0,1,36.0,0.0
33,Djiga,WOL,4.5,1,0,4,1,0,4.0,0.0,0,0,0,0,0,0,0,0,0,0,0,0,0,0,0,1,4.0,0.0
33,Doherty,WOL,4.4,1,0,16,1,0,16.0,0.0,0,0,0,0,0,0,0,0,0,0,0,0,0,0,0,1,16.0,0.0
33,Doku,MCI,6.5,2,0,41,2,0,20.5,0.0,0,1,0,0,0,0,0,0,0,0,1,1,0,0,0,5,8.2,0.0
33,Nicolás Domínguez,NFO,5.0,1,1,58,0,1,58.0,58.0,0,1,0,0,0,0,0,0,0,0,1,1,0,0,0,4,14.5,4.0
33,Dorgu,MUN,4.3,1,1,58,0,1,58.0,58.0,0,0,0,0,0,0,0,1,0,1,0,0,0,0,0,0,0.0,0.0
33,Danilo,NFO,4.7,1,1,58,0,1,58.0,58.0,0,0,0,0,0,0,0,0,0,1,0,0,0,0,0,1,58.0,1.0
33,Doucouré,EVE,5.1,1,1,90,0,0,90.0,90.0,0,0,0,2,0,0,0,0,0,1,0,0,0,0,0,2,45.0,2.0
33,Downes,SOU,4.7,1,1,90,0,0,90.0,90.0,0,0,0,1,0,0,0,0,0,1,0,0,0,0,0,2,45.0,2.0
33,Dunk,BHA,4.5,1,1,90,0,0,90.0,90.0,0,0,0,4,0,0,0,0,0,1,0,0,0,0,0,0,0.0,0.0
33,El Khannouss,LEI,4.8,1,1,90,0,0,90.0,90.0,0,0,0,1,0,0,0,0,0,1,0,0,0,0,0,2,45.0,2.0
33,Elanga,NFO,6.7,1,1,45,0,1,45.0,45.0,0,1,0,0,0,0,0,0,0,0,1,1,0,0,0,4,11.3,4.0
33,Elliott,LIV,5.4,1,0,23,1,0,23.0,0.0,0,0,0,0,0,0,0,0,0,0,0,0,0,0,0,1,23.0,0.0
33,Enciso,IPS,5.4,1,1,45,0,1,45.0,45.0,0,0,0,2,0,0,0,0,0,1,0,0,0,0,0,1,45.0,1.0
33,Eriksen,MUN,5.2,1,1,90,0,0,90.0,90.0,0,0,0,1,0,0,0,1,0,1,0,0,0,0,0,1,90.0,1.0
33,Mateus Fernandes,SOU,5.5,1,1,90,0,0,90.0,90.0,0,0,0,1,0,0,0,0,0,1,0,0,0,0,0,2,45.0,2.0
33,Esse,CRY,4.8,1,0,18,1,0,18.0,0.0,0,0,0,0,0,0,0,0,0,0,0,0,0,0,0,1,18.0,0.0
33,Estupiñán,BHA,4.5,1,1,90,0,0,90.0,90.0,0,0,0,4,0,0,0,1,0,1,0,0,0,0,0,0,0.0,0.0
33,Eze,CRY,7.6,2,2,106,0,2,53.0,53.0,1,0,0,2,0,0,0,0,0,1,1,1,0,2,0,10,10.6,5.0
33,Faes,LEI,3.8,1,1,90,0,0,90.0,90.0,0,0,0,1,0,0,0,0,0,1,0,0,0,0,0,2,45.0,2.0
33,Ferguson,WHU,5.5,1,0,10,1,0,10.0,0.0,0,0,0,1,0,0,0,0,0,0,0,0,0,0,0,1,10.0,0.0
33,Fernández,CHE,6.7,1,1,90,0,0,90.0,90.0,0,1,0,1,0,0,0,0,0,0,1,1,0,0,0,5,18.0,5.0
33,Flekken,BRE,4.5,1,1,90,0,0,90.0,90.0,0,0,0,2,0,0,1,0,0,1,0,0,0,0,0,1,90.0,1.0
33,Fredricson,MUN,3.9,1,1,90,0,0,90.0,90.0,0,0,0,1,0,0,0,0,0,1,0,0,0,0,0,2,45.0,2.0
33,Füllkrug,WHU,5.6,1,1,80,0,1,80.0,80.0,0,1,1,0,0,0,0,0,0,0,1,1,0,0,0,5,16.0,5.0
33,Gakpo,LIV,7.6,1,1,60,0,1,60.0,60.0,0,0,0,0,0,0,0,0,0,1,0,0,0,0,0,1,60.0,1.0
33,Garnacho,MUN,6.4,1,1,90,0,0,90.0,90.0,0,0,0,1,0,0,0,0,0,1,0,0,0,0,0,2,45.0,2.0
33,Garner,EVE,5.0,1,1,90,0,0,90.0,90.0,0,0,0,2,0,0,0,0,0,1,0,0,0,0,0,2,45.0,2.0
33,Rúben Dias,MCI,5.5,2,2,180,0,0,90.0,90.0,0,0,1,1,0,0,0,0,0,1,0,1,0,1,0,9,20.0,4.5
33,George,CHE,4.9,1,0,19,1,0,19.0,0.0,1,0,0,0,0,0,0,0,0,0,1,1,0,0,0,6,3.2,0.0
33,Gibbs-White,NFO,7.3,1,1,90,0,1,90.0,90.0,0,0,0,1,0,0,0,1,0,1,0,0,0,0,0,1,90.0,1.0
33,Rodrigo Gomes,WOL,4.5,1,0,24,1,0,24.0,0.0,0,0,0,0,0,0,0,0,0,0,0,0,0,0,0,1,24.0,0.0
33,Toti,WOL,4.3,1,1,90,0,0,90.0,90.0,0,0,1,0,0,0,0,0,0,0,0,1,0,3,0,9,10.0,9.0
33,Beto,EVE,5.2,1,0,32,1,0,32.0,0.0,0,0,0,2,0,0,0,0,0,0,0,0,0,0,0,1,32.0,0.0
33,João Gomes,WOL,5.4,1,1,90,0,0,90.0,90.0,0,0,1,0,0,0,0,0,0,1,0,0,0,0,0,3,30.0,3.0
33,Gómez (Diego),BHA,4.9,1,0,26,1,0,26.0,0.0,0,0,0,1,0,0,0,0,0,0,0,0,0,0,0,1,26.0,0.0
33,González (Nico),MCI,5.9,1,1,75,0,1,75.0,75.0,0,0,1,0,0,0,0,0,0,1,0,0,0,0,0,3,25.0,3.0
33,Gordon (Anthony),NEW,7.5,1,0,31,1,0,31.0,0.0,0,0,0,2,0,0,0,0,0,0,0,0,0,0,0,1,31.0,0.0
33,Gravenberch,LIV,5.6,1,1,90,0,0,90.0,90.0,0,0,1,0,0,0,0,0,0,1,0,0,0,0,0,3,30.0,3.0
33,Greaves,IPS,3.8,1,1,90,0,0,90.0,90.0,0,0,0,4,0,0,0,0,0,1,0,0,0,0,0,0,0.0,0.0
33,Marc Guehi,CRY,4.9,2,2,180,0,0,90.0,90.0,0,0,1,2,0,0,0,0,0,1,0,1,0,0,0,7,25.7,3.5
33,Gueye,EVE,5.4,1,1,76,0,1,76.0,76.0,0,0,1,0,0,0,0,1,0,1,0,0,0,0,0,2,38.0,2.0
33,Bruno Guimarães,NEW,6.5,1,1,90,0,0,90.0,90.0,0,0,0,4,0,0,0,1,0,1,0,0,0,0,0,1,90.0,1.0
33,Gundogan,MCI,6.3,2,2,180,0,0,90.0,90.0,0,1,1,1,0,0,0,0,0,1,1,1,0,0,0,8,22.5,4.0
33,Gusto,CHE,4.9,1,0,39,1,1,39.0,0.0,0,0,0,0,0,0,0,0,0,0,0,0,0,0,0,1,39.0,0.0
33,Gvardiol,MCI,5.9,2,2,180,0,0,90.0,90.0,0,0,1,1,0,0,0,1,0,1,0,1,0,0,0,7,25.7,3.5
33,Harrison (Jack),EVE,5.2,1,1,76,0,1,76.0,76.0,0,0,1,0,0,0,0,0,0,1,0,0,0,0,0,3,25.3,3.0
33,Harwood-Bellis,SOU,3.9,1,1,85,0,1,85.0,85.0,0,0,0,1,0,0,0,0,0,1,0,0,0,0,0,2,42.5,2.0
33,Henderson,CRY,5.0,2,2,180,0,0,90.0,90.0,0,0,1,2,0,0,6,0,0,1,0,1,0,2,0,10,18.0,5.0
33,Henry,BRE,4.4,1,0,26,1,0,26.0,0.0,0,0,0,1,0,0,0,0,0,0,0,0,0,0,0,1,26.0,0.0
33,Hermansen,LEI,4.4,1,1,90,0,0,90.0,90.0,0,0,0,1,0,0,7,0,0,0,0,0,0,0,0,4,22.5,4.0
33,Hinshelwood,BHA,5.1,1,1,90,0,0,90.0,90.0,0,1,0,4,0,0,0,0,0,0,1,1,0,0,0,5,18.0,5.0
33,Hirst,IPS,5.4,1,1,81,0,1,81.0,81.0,0,0,0,3,0,0,0,0,0,1,0,0,0,0,0,2,40.5,2.0
33,Hudson-Odoi,NFO,5.8,1,0,38,1,0,38.0,0.0,0,0,0,1,0,0,0,0,0,0,0,0,0,0,0,1,38.0,0.0
33,Hughes,CRY,4.8,2,1,123,1,0,61.5,90.0,0,0,1,0,0,0,0,0,0,1,0,0,0,0,0,4,30.8,3.0
33,Huijsen,BOU,4.5,1,1,90,0,0,90.0,90.0,0,0,1,0,0,0,0,0,0,0,0,1,0,2,0,8,11.3,8.0
33,Højlund,MUN,6.3,1,1,68,0,1,68.0,68.0,0,0,1,0,0,0,0,0,0,1,0,0,0,0,0,2,34.0,2.0
33,Iroegbunam,EVE,4.9,1,0,16,1,0,16.0,0.0,0,0,0,2,0,0,0,1,0,0,0,0,0,0,0,0,0.0,0.0
33,Isak,NEW,10.4,1,1,76,0,1,76.0,76.0,0,0,0,4,0,0,0,0,0,1,0,0,0,0,0,2,38.0,2.0
33,Iwobi,FUL,6.5,1,1,79,0,1,79.0,79.0,1,0,0,1,0,0,0,0,0,0,1,1,0,1,0,8,9.9,8.0
33,Jackson (Nicolas),CHE,6.5,1,1,74,0,1,74.0,74.0,0,0,0,1,0,0,0,0,0,1,0,0,0,0,0,2,37.0,2.0
33,James,CHE,5.5,1,1,45,0,1,45.0,45.0,0,0,0,1,0,0,0,0,0,1,0,0,0,0,0,1,45.0,1.0
33,Janelt,BRE,4.9,1,0,15,1,0,15.0,0.0,0,0,0,0,0,0,0,0,0,0,0,0,0,0,0,1,15.0,0.0
33,Jensen,BRE,4.9,1,0,26,1,0,26.0,0.0,0,1,0,1,0,0,0,1,0,0,1,1,0,0,0,3,8.7,0.0
33,Raúl Jiménez,FUL,6.2,1,1,79,0,1,79.0,79.0,0,0,0,1,0,0,0,0,0,1,0,0,0,0,0,2,39.5,2.0
33,Johnson (Ben),IPS,3.8,1,1,90,0,0,90.0,90.0,0,0,0,4,0,0,0,0,0,1,0,0,0,0,0,0,0.0,0.0
33,Johnson (Brennan),TOT,6.7,1,0,30,1,0,30.0,0.0,0,0,0,0,0,0,0,0,0,0,0,0,0,0,0,1,30.0,0.0
33,Jones,LIV,5.4,1,0,4,1,0,4.0,0.0,0,0,0,0,0,0,0,0,0,0,0,0,0,0,0,1,4.0,0.0
33,João Pedro,BHA,7.4,1,1,61,0,0,61.0,61.0,0,0,0,3,0,0,0,0,1,1,0,0,0,0,0,0,0.0,0.0
33,Justin,LEI,4.0,1,0,12,1,0,12.0,0.0,0,0,0,0,0,0,0,0,0,0,0,0,0,0,0,1,12.0,0.0
33,Kamada,CRY,5.0,2,1,109,1,0,54.5,90.0,0,0,0,2,0,0,0,0,0,1,0,0,0,0,0,3,36.3,2.0
33,Kamara,AVL,4.9,2,2,172,0,1,86.0,86.0,0,0,0,3,0,0,0,0,0,2,0,0,0,0,0,4,43.0,2.0
33,Kayode,BRE,4.5,1,1,65,0,1,65.0,65.0,0,0,0,1,0,0,0,1,0,1,0,0,0,0,0,1,65.0,1.0
33,Keane,EVE,4.5,1,0,43,1,0,43.0,0.0,0,0,0,2,0,0,0,1,0,0,0,0,0,0,0,0,0.0,0.0
33,Kerkez,BOU,5.8,1,1,90,0,0,90.0,90.0,0,0,1,0,0,0,0,0,0,0,0,1,0,2,0,8,11.3,8.0
33,Kilman,WHU,4.3,1,1,90,0,0,90.0,90.0,0,0,0,1,0,0,0,1,0,1,0,0,0,0,0,1,90.0,1.0
33,Kiwior,ARS,5.4,2,2,180,0,0,90.0,90.0,1,0,1,2,0,0,0,0,0,0,1,2,0,0,0,13,13.8,6.5
33,Kluivert,BOU,7.0,1,1,90,0,0,90.0,90.0,0,0,1,0,0,0,0,1,0,1,0,0,0,0,0,2,45.0,2.0
33,Konak,BRE,4.4,1,0,14,1,1,14.0,0.0,0,0,0,0,0,0,0,0,0,0,0,0,0,0,0,1,14.0,0.0
33,Konaté,LIV,5.4,1,1,90,0,0,90.0,90.0,0,0,1,0,0,0,0,0,0,0,0,1,0,3,0,9,10.0,9.0
33,Konsa Ngoyo,AVL,4.4,2,2,180,0,0,90.0,90.0,0,0,0,3,0,0,0,0,0,2,0,0,0,0,0,3,60.0,1.5
33,Kovacic,MCI,5.9,2,1,108,1,0,54.0,90.0,1,0,0,1,0,0,0,0,0,1,1,1,0,0,0,8,13.5,2.0
33,Krafth,NEW,4.4,1,0,20,1,0,20.0,0.0,0,0,0,0,0,0,0,0,0,0,0,0,0,0,0,1,20.0,0.0
33,Kudus,WHU,6.8,1,1,75,0,1,75.0,75.0,0,0,1,0,0,0,0,0,0,1,0,0,0,0,0,3,25.0,3.0
33,Kulusevski,TOT,6.4,1,1,66,0,1,66.0,66.0,0,0,0,2,0,0,0,0,0,1,0,0,0,0,0,2,33.0,2.0
33,Lacroix,CRY,5.0,2,2,180,0,0,90.0,90.0,0,0,1,2,0,0,0,0,0,1,0,1,0,0,0,7,25.7,3.5
33,Leno,FUL,5.0,1,1,90,0,0,90.0,90.0,0,0,0,2,0,0,5,0,0,1,0,0,0,0,0,2,45.0,2.0
33,Lerma,CRY,4.9,2,1,135,1,0,67.5,90.0,0,0,0,2,0,0,0,1,0,1,0,0,0,0,0,2,67.5,2.0
33,Lewis-Potter,BRE,4.9,1,1,76,0,1,76.0,76.0,0,1,0,1,0,0,0,0,0,0,1,1,0,0,0,5,15.2,5.0
33,Lewis-Skelly,ARS,5.2,2,1,118,1,1,59.0,81.0,0,0,0,2,0,0,0,0,0,1,0,0,0,0,0,3,39.3,2.0
33,Luis Guilherme,WHU,4.9,1,0,21,1,0,21.0,0.0,0,0,0,1,0,0,0,0,0,0,0,0,0,0,0,1,21.0,0.0
33,Livramento,NEW,4.9,1,1,90,0,0,90.0,90.0,0,0,0,4,0,0,0,0,0,1,0,0,0,0,0,0,0.0,0.0
33,Lukic,FUL,5.0,1,1,69,0,1,69.0,69.0,0,0,1,0,0,0,0,0,0,1,0,0,0,0,0,3,23.0,3.0
33,Luongo,IPS,4.3,1,0,13,1,0,13.0,0.0,0,0,0,1,0,0,0,0,0,0,0,0,0,0,0,1,13.0,0.0
33,Maatsen,AVL,4.3,1,1,90,0,0,90.0,90.0,1,0,0,1,0,0,0,0,0,0,1,1,0,0,0,8,11.3,8.0
33,Mac Allister,LIV,6.3,1,1,90,0,0,90.0,90.0,0,0,1,0,0,0,0,0,0,1,0,0,0,0,0,3,30.0,3.0
33,Madueke,CHE,6.8,1,1,45,0,1,45.0,45.0,0,0,0,1,0,0,0,0,0,1,0,0,0,0,0,1,45.0,1.0
33,Mainoo,MUN,4.8,1,1,58,0,1,58.0,58.0,0,0,0,0,0,0,0,0,0,1,0,0,0,0,0,1,58.0,1.0
33,Malen,AVL,5.1,2,0,25,2,0,12.5,0.0,0,0,0,1,0,0,0,0,0,0,0,0,0,0,0,2,12.5,0.0
33,Manning,SOU,4.3,1,1,85,0,1,85.0,85.0,0,0,0,1,0,0,0,0,0,1,0,0,0,0,0,2,42.5,2.0
33,March,BHA,5.8,1,0,37,1,0,37.0,0.0,0,0,0,1,0,0,0,0,0,0,0,0,0,0,0,1,37.0,0.0
33,Omar Marmoush,MCI,8.3,2,2,180,0,0,90.0,90.0,0,0,1,1,0,0,0,0,0,2,0,0,0,0,0,4,45.0,2.0
33,Martinelli,ARS,6.9,2,2,163,0,1,81.5,81.5,1,0,1,2,0,0,0,0,0,1,1,1,0,0,0,10,16.3,5.0
33,Martinez,AVL,5.0,2,2,180,0,0,90.0,90.0,0,0,0,3,0,0,6,0,0,2,0,0,0,0,0,4,45.0,2.0
33,Mateta,CRY,7.7,2,1,93,1,1,46.5,75.0,1,0,1,0,0,0,0,0,0,1,1,1,0,3,0,10,9.3,2.0
33,Mavididi,LEI,5.0,1,1,82,0,1,82.0,82.0,0,0,0,1,0,0,0,0,0,1,0,0,0,0,0,2,41.0,2.0
33,Mavropanos,WHU,4.4,1,0,10,1,0,10.0,0.0,0,0,0,1,0,0,0,0,0,0,0,0,0,0,0,1,10.0,0.0
33,Mazraoui,MUN,4.9,1,1,90,0,0,90.0,90.0,0,0,0,1,0,0,0,0,0,1,0,0,0,0,0,2,45.0,2.0
33,Mbeumo,BRE,8.2,1,1,90,0,0,90.0,90.0,2,1,0,2,0,0,0,0,0,0,3,3,0,3,1,18,5.0,18.0
33,Mcatee,MCI,5.2,1,1,73,0,1,73.0,73.0,0,0,0,1,0,0,0,0,0,1,0,0,0,0,0,2,36.5,2.0
33,McGinn,AVL,5.4,2,1,107,1,1,53.5,71.0,0,0,0,2,0,0,0,0,0,1,0,0,0,0,0,3,35.7,2.0
33,McNeil,EVE,5.6,1,0,16,1,0,16.0,0.0,0,0,0,2,0,0,0,0,0,0,0,0,0,0,0,1,16.0,0.0
33,Merino,ARS,5.9,1,1,57,0,1,57.0,57.0,0,1,0,0,0,0,0,0,0,0,1,1,0,0,0,4,14.3,4.0
33,Milenkovic,NFO,5.2,1,1,90,0,0,90.0,90.0,0,0,0,1,0,0,0,0,0,1,0,0,0,0,0,2,45.0,2.0
33,Mings,AVL,4.4,1,1,90,0,0,90.0,90.0,0,0,0,1,0,0,0,0,0,1,0,0,0,0,0,2,45.0,2.0
33,Minteh,BHA,6.0,1,1,65,0,1,65.0,65.0,0,0,0,3,0,0,0,0,0,1,0,0,0,0,0,2,32.5,2.0
33,Mitchell,CRY,5.0,2,2,180,0,0,90.0,90.0,0,0,1,2,0,0,0,0,0,1,0,1,0,0,0,7,25.7,3.5
33,Mitoma,BHA,6.2,1,0,37,1,0,37.0,0.0,1,0,0,1,0,0,0,0,0,0,1,1,0,0,0,6,6.2,0.0
33,Monga,LEI,4.5,1,0,12,1,0,12.0,0.0,0,0,0,0,0,0,0,0,0,0,0,0,0,0,0,1,12.0,0.0
33,Savinho,MCI,6.9,1,1,75,0,1,75.0,75.0,0,0,1,0,0,0,0,0,0,1,0,0,0,0,0,3,25.0,3.0
33,Morsy,IPS,4.8,1,1,90,0,1,90.0,90.0,0,0,0,4,0,0,0,0,0,1,0,0,0,0,0,2,45.0,2.0
33,Mount,MUN,5.9,1,0,38,1,0,38.0,0.0,0,0,0,1,0,0,0,0,0,0,0,0,0,0,0,1,38.0,0.0
33,Munetsi,WOL,5.4,1,1,90,0,0,90.0,90.0,0,0,1,0,0,0,0,0,0,1,0,0,0,0,0,3,30.0,3.0
33,Muñoz,CRY,5.7,2,2,180,0,0,90.0,90.0,0,0,1,2,0,0,0,1,0,1,0,1,0,0,0,6,30.0,3.0
33,Murphy (Jacob),NEW,6.1,1,1,65,0,1,65.0,65.0,0,0,0,2,0,0,0,0,0,1,0,0,0,0,0,2,32.5,2.0
33,Mvom Onana,AVL,4.8,2,1,100,1,1,50.0,75.0,1,0,0,1,0,0,0,0,0,1,1,1,0,0,0,8,12.5,2.0
33,Mykolenko,EVE,4.9,1,1,90,0,0,90.0,90.0,0,0,0,2,0,0,0,0,0,1,0,0,0,0,0,1,90.0,1.0
33,Ndiaye,EVE,6.5,1,1,76,0,1,76.0,76.0,0,0,1,0,0,0,0,0,0,1,0,0,0,0,0,2,38.0,2.0
33,Ndidi,LEI,4.9,1,1,81,0,1,81.0,81.0,0,0,0,1,0,0,0,1,0,1,0,0,0,0,0,1,81.0,1.0
33,Neto,CHE,7.0,1,1,90,0,0,90.0,90.0,1,0,0,1,0,0,0,0,0,0,1,1,0,3,1,10,9.0,10.0
33,Lindelof,MUN,4.5,1,1,77,0,1,77.0,77.0,0,0,0,1,0,0,0,0,0,1,0,0,0,0,0,2,38.5,2.0
33,Eddie Nketiah,CRY,5.4,2,1,94,1,1,47.0,75.0,0,0,0,2,0,0,0,0,0,1,0,0,0,0,0,3,31.3,2.0
33,Norgaard,BRE,5.2,1,1,90,0,0,90.0,90.0,1,0,0,2,0,0,0,0,0,0,1,1,0,0,0,7,12.9,7.0
33,Matheus Nunes,MCI,5.3,2,2,180,0,0,90.0,90.0,1,1,1,1,0,0,0,1,0,0,2,2,0,4,0,16,11.3,8.0
33,Gustavo Nunes,BRE,4.9,1,0,5,1,0,5.0,0.0,0,0,0,0,0,0,0,0,0,0,0,0,0,0,0,1,5.0,0.0
33,Nwaneri,ARS,5.2,2,0,49,2,0,24.5,0.0,1,0,0,0,0,0,0,0,0,0,1,1,0,0,0,7,7.0,0.0
33,O'Brien,EVE,5.0,1,1,90,0,0,90.0,90.0,0,0,0,2,0,0,0,0,0,1,0,0,0,0,0,1,90.0,1.0
33,O'Shea,IPS,3.8,1,1,90,0,0,90.0,90.0,0,0,0,4,0,0,0,0,0,1,0,0,0,0,0,0,0.0,0.0
33,Obi-Martin,MUN,4.3,1,0,28,1,0,28.0,0.0,0,0,0,1,0,0,0,0,0,0,0,0,0,0,0,1,28.0,0.0
33,Odegaard,ARS,7.9,2,2,171,0,1,85.5,85.5,0,2,1,2,0,0,0,0,0,0,2,2,0,0,0,11,15.5,5.5
33,Odobert,TOT,5.3,1,1,66,0,1,66.0,66.0,0,0,0,2,0,0,0,0,0,1,0,0,0,0,0,2,33.0,2.0
33,Onana,MUN,4.9,1,1,90,0,0,90.0,90.0,0,0,0,1,0,0,1,0,0,1,0,0,0,0,0,2,45.0,2.0
33,Paul Onuachu,SOU,4.9,1,1,68,0,1,68.0,68.0,0,0,0,1,0,0,0,1,0,1,0,0,0,0,0,1,68.0,1.0
33,Ortega Moreno,MCI,4.8,2,2,180,0,0,90.0,90.0,0,0,1,1,0,0,4,0,0,1,0,1,0,0,0,8,22.5,4.0
33,Dango Ouattara,BOU,6.0,1,1,69,0,1,69.0,69.0,0,0,1,0,0,0,0,1,0,1,0,0,0,0,0,2,34.5,2.0
33,O’Reilly,MCI,4.9,2,2,180,0,0,90.0,90.0,1,0,1,1,0,0,0,0,0,1,1,1,0,3,1,13,13.8,6.5
33,O’Riley,BHA,5.5,1,1,65,0,1,65.0,65.0,0,0,0,3,0,0,0,0,0,1,0,0,0,0,0,2,32.5,2.0
33,Palmer (Alex),IPS,4.5,1,1,90,0,0,90.0,90.0,0,0,0,4,0,0,3,0,0,1,0,0,0,0,0,1,90.0,1.0
33,Palmer (Cole),CHE,10.3,1,1,90,0,0,90.0,90.0,0,0,0,1,0,0,0,0,0,1,0,0,0,0,0,2,45.0,2.0
33,Emerson,WHU,4.4,1,1,79,0,1,79.0,79.0,0,0,1,0,0,0,0,0,0,0,0,1,0,2,0,8,9.9,8.0
33,Partey,ARS,4.9,1,1,90,0,0,90.0,90.0,0,0,0,2,0,0,0,0,0,1,0,0,0,0,0,2,45.0,2.0
33,Pereira,FUL,5.3,1,1,90,0,0,90.0,90.0,0,0,0,2,0,0,0,0,0,1,0,0,0,0,0,2,45.0,2.0
33,Pickford,EVE,5.5,1,1,90,0,0,90.0,90.0,0,0,0,2,0,0,4,1,0,1,0,0,0,0,0,1,90.0,1.0
33,Pope,NEW,5.2,1,1,90,0,0,90.0,90.0,0,0,0,4,0,0,6,0,0,1,0,0,0,0,0,2,45.0,2.0
33,Porro,TOT,5.5,1,1,90,0,0,90.0,90.0,0,1,0,2,0,0,0,0,0,0,1,1,0,1,0,5,18.0,5.0
33,Ramsdale,SOU,4.8,1,1,90,0,0,90.0,90.0,0,0,0,1,0,0,3,0,0,1,0,0,0,0,0,3,30.0,3.0
33,Alisson,LIV,5.4,1,1,90,0,0,90.0,90.0,0,0,1,0,0,0,0,0,0,0,0,1,0,0,0,6,15.0,6.0
33,Ramsey (Jacob),AVL,5.3,2,1,85,1,1,42.5,60.0,0,1,0,1,0,0,0,1,0,0,1,1,0,0,0,5,17.0,5.0
33,Rashford,AVL,7.0,2,1,89,1,1,44.5,75.0,1,0,0,1,0,0,0,0,0,0,1,1,0,1,0,9,9.9,8.0
33,Raya Martin,ARS,5.8,2,2,180,0,0,90.0,90.0,0,0,1,2,0,0,2,0,0,1,0,1,0,0,0,7,25.7,3.5
33,Rice,ARS,6.7,2,2,163,0,1,81.5,81.5,0,1,1,2,0,0,0,1,0,1,1,1,0,1,0,8,20.4,4.0
33,Richards (Chris),CRY,4.5,1,1,45,0,0,45.0,45.0,0,0,0,0,0,0,0,0,1,1,0,0,0,0,0,0,0.0,0.0
33,Robinson (Antonee),FUL,4.9,1,1,90,0,0,90.0,90.0,0,0,0,2,0,0,0,0,0,1,0,0,0,0,0,1,90.0,1.0
33,Morato,NFO,4.4,1,0,45,1,0,45.0,0.0,0,0,0,1,0,0,0,0,0,0,0,0,0,0,0,1,45.0,0.0
33,Rogers,AVL,6.8,2,2,167,0,2,83.5,83.5,0,1,0,2,0,0,0,1,0,1,1,1,0,1,0,7,23.9,3.5
33,Romero,TOT,5.0,1,1,45,0,1,45.0,45.0,0,0,0,2,0,0,0,1,0,1,0,0,0,0,0,0,0.0,0.0
33,Saka,ARS,10.0,2,1,93,1,1,46.5,57.0,0,0,0,1,0,0,0,0,0,1,0,0,0,0,0,2,46.5,1.0
33,Salah,LIV,14.3,1,1,90,0,0,90.0,90.0,0,0,1,0,0,0,0,0,0,1,0,0,0,0,0,3,30.0,3.0
33,Saliba,ARS,6.0,2,2,180,0,0,90.0,90.0,0,0,1,2,0,0,0,0,0,1,0,1,0,0,0,7,25.7,3.5
33,Sanchez,CHE,4.9,1,1,90,0,0,90.0,90.0,0,0,0,1,0,0,0,0,0,1,0,0,0,0,0,2,45.0,2.0
33,Sancho,MUN,5.8,1,0,45,1,0,45.0,0.0,0,0,0,0,0,0,0,0,0,0,0,0,0,0,0,1,45.0,0.0
33,Murillo,NFO,5.3,1,1,90,0,0,90.0,90.0,0,0,0,1,0,0,0,0,0,1,0,0,0,0,0,2,45.0,2.0
33,Welington,SOU,4.0,1,0,11,1,0,11.0,0.0,0,0,0,0,0,0,0,0,0,0,0,0,0,0,0,1,11.0,0.0
33,Matheus Cunha,WOL,7.9,1,1,90,0,1,90.0,90.0,0,1,1,0,0,0,0,0,0,0,1,1,0,3,0,8,11.3,8.0
33,Sarabia,WOL,5.0,1,0,24,1,0,24.0,0.0,1,0,0,0,0,0,0,1,0,0,1,1,0,0,0,5,4.8,0.0
33,Ismaila Sarr,CRY,6.6,2,1,123,1,1,61.5,90.0,0,0,1,0,0,0,0,1,0,1,0,0,0,0,0,3,41.0,2.0
33,Sarr (Pape),TOT,4.9,1,1,79,0,1,79.0,79.0,0,0,0,2,0,0,0,0,0,1,0,0,0,0,0,2,39.5,2.0
33,Scarles,WHU,4.4,1,0,17,1,0,17.0,0.0,0,0,0,1,0,0,0,0,0,0,0,0,0,0,0,1,17.0,0.0
33,Schade,BRE,7.0,1,1,87,0,1,87.0,87.0,0,0,0,2,0,0,0,0,0,1,0,0,0,0,0,2,43.5,2.0
33,Schär,NEW,5.4,1,1,81,0,1,81.0,81.0,1,0,0,4,0,0,0,1,0,0,1,1,0,0,0,5,16.2,5.0
33,Scott,BOU,5.0,1,1,45,0,1,45.0,45.0,0,0,0,0,0,0,0,1,0,1,0,0,0,0,0,0,0.0,0.0
33,Sels,NFO,4.8,1,1,90,0,0,90.0,90.0,0,0,0,1,0,0,4,1,0,1,0,0,0,0,0,2,45.0,2.0
33,Semedo,WOL,4.5,1,1,73,0,1,73.0,73.0,0,0,1,0,0,0,0,0,0,0,0,1,0,0,0,6,12.2,6.0
33,Semenyo,BOU,8.1,1,1,90,0,0,90.0,90.0,0,0,1,0,0,0,0,0,0,1,0,0,0,0,0,3,30.0,3.0
33,Sessegnon (Ryan),FUL,5.4,1,1,74,0,1,74.0,74.0,0,1,1,0,0,0,0,0,0,0,1,2,0,2,1,11,6.7,11.0
33,Skipp,LEI,4.7,1,0,13,1,0,13.0,0.0,0,0,0,0,0,0,0,0,0,0,0,0,0,0,0,1,13.0,0.0
33,Smith,BOU,4.4,1,1,83,0,1,83.0,83.0,0,0,1,0,0,0,0,0,0,0,0,1,0,0,0,6,13.8,6.0
33,Solanke,TOT,7.2,1,0,30,1,0,30.0,0.0,0,0,0,0,0,0,0,0,0,0,0,0,0,0,0,1,30.0,0.0
33,Soler (Carlos),WHU,5.0,1,1,90,0,0,90.0,90.0,0,0,0,1,0,0,0,0,0,1,0,0,0,0,0,2,45.0,2.0
33,Sosa,NFO,5.5,1,0,4,1,0,4.0,0.0,0,0,0,0,0,0,0,0,0,0,0,0,0,0,0,1,4.0,0.0
33,Soucek,WHU,5.7,1,0,16,1,0,16.0,0.0,0,0,0,1,0,0,0,0,0,0,0,0,0,0,0,1,16.0,0.0
33,Soumaré,LEI,4.4,1,1,90,0,0,90.0,90.0,0,0,0,1,0,0,0,0,0,1,0,0,0,0,0,2,45.0,2.0
33,Spence,TOT,4.5,1,1,90,0,0,90.0,90.0,0,0,0,2,0,0,0,0,0,1,0,0,0,0,0,1,90.0,1.0
33,Stephens,SOU,4.0,1,1,90,0,0,90.0,90.0,0,0,0,1,0,0,0,0,0,1,0,0,0,0,0,2,45.0,2.0
33,Sterling,ARS,6.7,2,1,79,1,1,39.5,58.0,0,0,0,1,0,0,0,0,0,1,0,0,0,0,0,2,39.5,1.0
33,Stewart,SOU,4.4,1,0,11,1,0,11.0,0.0,0,0,0,0,0,0,0,0,0,0,0,0,0,0,0,1,11.0,0.0
33,Strand Larsen,WOL,6.4,1,1,73,0,1,73.0,73.0,0,0,1,0,0,0,0,0,0,1,0,0,0,0,0,2,36.5,2.0
33,Sulemana,SOU,5.0,1,1,74,0,1,74.0,74.0,0,0,0,1,0,0,0,0,0,1,0,0,0,0,0,2,37.0,2.0
33,Szoboszlai,LIV,6.5,1,1,70,0,1,70.0,70.0,0,0,1,0,0,0,0,0,0,1,0,0,0,0,0,3,23.3,3.0
33,Targett,NEW,4.0,1,0,15,1,0,15.0,0.0,0,0,0,0,0,0,0,0,0,0,0,0,0,0,0,1,15.0,0.0
33,Tarkowski,EVE,5.5,1,1,49,0,1,49.0,49.0,0,0,0,0,0,0,0,0,0,1,0,0,0,0,0,1,49.0,1.0
33,Tavernier,BOU,5.5,1,0,34,1,0,34.0,0.0,0,0,0,0,0,0,0,0,0,0,0,0,0,0,0,1,34.0,0.0
33,Taylor (Jack),IPS,4.8,1,0,45,1,0,45.0,0.0,0,0,0,2,0,0,0,0,0,0,0,0,0,0,0,1,45.0,0.0
33,Diogo Jota,LIV,7.2,1,0,34,1,0,34.0,0.0,0,0,0,0,0,0,0,0,0,0,0,0,0,0,0,1,34.0,0.0
33,Tel,TOT,6.3,1,1,90,0,0,90.0,90.0,0,0,0,2,0,0,0,0,0,1,0,0,0,0,0,2,45.0,2.0
33,Tete,FUL,4.5,1,1,74,0,1,74.0,74.0,0,0,1,0,0,0,0,0,0,0,0,1,0,0,0,6,12.3,6.0
33,Thomas,LEI,3.9,1,1,90,0,0,90.0,90.0,0,0,0,1,0,0,0,0,0,1,0,0,0,0,0,2,45.0,2.0
33,Tielemans,AVL,5.9,2,2,180,0,0,90.0,90.0,0,1,0,3,0,0,0,0,0,1,1,1,0,2,0,9,20.0,4.5
33,Tierney,ARS,4.3,2,0,33,2,0,16.5,0.0,0,0,0,0,0,0,0,0,0,0,0,0,0,0,0,2,16.5,0.0
33,Jurriën Timber,ARS,6.1,1,1,90,0,0,90.0,90.0,0,1,0,2,0,0,0,0,0,0,1,1,0,0,0,4,22.5,4.0
33,Todibo,WHU,4.3,1,1,90,0,0,90.0,90.0,0,0,0,1,0,0,0,0,0,1,0,0,0,0,0,2,45.0,2.0
33,Toffolo,NFO,4.2,1,1,90,0,0,90.0,90.0,0,0,0,1,0,0,0,1,0,1,0,0,0,0,0,1,90.0,1.0
33,Lucas Paquetá,WHU,5.9,1,1,90,0,0,90.0,90.0,0,0,0,1,0,0,0,0,0,1,0,0,0,0,0,2,45.0,2.0
33,Tonali,NEW,5.4,1,1,90,0,0,90.0,90.0,0,0,0,4,0,0,0,0,0,1,0,0,0,0,0,2,45.0,2.0
33,Torres,AVL,4.3,1,1,90,0,0,90.0,90.0,0,0,0,2,0,0,0,0,0,1,0,0,0,0,0,1,90.0,1.0
33,Traoré (Adama),FUL,5.2,1,0,12,1,0,12.0,0.0,0,0,0,1,0,0,0,0,0,0,0,0,0,0,0,1,12.0,0.0
33,Trippier,NEW,5.0,1,1,76,0,1,76.0,76.0,0,0,0,4,0,0,0,0,0,1,0,0,0,0,0,0,0.0,0.0
33,Trossard,ARS,6.9,2,2,173,0,1,86.5,86.5,3,0,1,2,0,0,0,0,0,0,3,3,0,4,1,24,7.2,12.0
33,Tsimikas,LIV,4.8,1,1,90,0,0,90.0,90.0,0,0,1,0,0,0,0,0,0,0,0,1,0,2,0,8,11.3,8.0
33,Tuanzebe,IPS,3.9,1,1,90,0,0,90.0,90.0,0,0,0,4,0,0,0,0,0,1,0,0,0,0,0,0,0.0,0.0
33,Ugarte,MUN,4.8,1,1,59,0,1,59.0,59.0,0,0,0,0,0,0,0,0,0,1,0,0,0,0,0,1,59.0,1.0
33,Ugochukwu,SOU,5.0,1,1,90,0,0,90.0,90.0,1,0,0,1,0,0,0,0,0,0,1,1,0,3,1,10,9.0,10.0
33,van de Ven,TOT,4.7,1,1,45,0,1,45.0,45.0,0,0,0,2,0,0,0,0,0,1,0,0,0,0,0,0,0.0,0.0
33,van den Berg,BRE,4.5,1,1,90,0,0,90.0,90.0,0,0,0,2,0,0,0,0,0,1,0,0,0,0,0,1,90.0,1.0
33,van Dijk,LIV,6.0,1,1,90,0,0,90.0,90.0,0,0,1,0,0,0,0,0,0,0,0,1,0,1,0,7,12.9,7.0
33,van Hecke,BHA,4.4,1,1,90,0,1,90.0,90.0,0,0,0,4,0,0,0,1,0,1,0,0,0,0,0,0,0.0,0.0
33,Vardy,LEI,5.4,1,1,61,0,1,61.0,61.0,0,0,1,0,0,0,0,0,0,1,0,0,0,0,0,2,30.5,2.0
33,Bernardo Silva,MCI,6.3,2,2,180,0,0,90.0,90.0,1,0,1,1,0,0,0,1,0,1,1,1,0,3,0,12,15.0,6.0
33,Verbruggen,BHA,4.4,1,1,90,0,0,90.0,90.0,0,0,0,4,0,0,4,0,0,1,0,0,0,0,0,1,90.0,1.0
33,Vicario,TOT,5.1,1,1,90,0,0,90.0,90.0,0,0,0,2,0,0,1,0,0,1,0,0,0,0,0,1,90.0,1.0
33,Walker-Peters,SOU,4.4,1,1,90,0,0,90.0,90.0,0,1,0,1,0,0,0,0,0,0,1,1,0,0,0,5,18.0,5.0
33,Ward-Prowse,WHU,5.7,1,1,85,0,1,85.0,85.0,0,0,1,0,0,0,0,0,0,1,0,0,0,0,0,3,28.3,3.0
33,Watkins,AVL,8.5,2,1,103,1,1,51.5,82.0,1,1,0,2,0,0,0,1,0,0,2,2,0,3,1,12,8.6,12.0
33,Welbeck,BHA,6.4,1,1,76,0,1,76.0,76.0,1,0,0,3,0,0,0,1,0,0,1,1,0,0,0,5,15.2,5.0
33,Wharton,CRY,5.0,2,2,136,0,2,68.0,68.0,0,1,1,2,0,0,0,0,0,1,1,1,0,0,0,8,17.0,4.0
33,White (Ben),ARS,5.4,1,1,90,0,0,90.0,90.0,0,0,1,0,0,0,0,0,0,0,0,1,0,0,0,6,15.0,6.0
33,Wieffer,BHA,4.9,1,1,89,0,1,89.0,89.0,0,1,0,3,0,0,0,0,0,0,1,1,0,1,0,6,14.8,6.0
33,Williams (Neco),NFO,4.7,1,1,90,0,0,90.0,90.0,0,0,0,1,0,0,0,0,0,1,0,0,0,0,0,2,45.0,2.0
33,Willock,NEW,5.0,1,0,20,1,0,20.0,0.0,0,0,0,0,0,0,0,0,0,0,0,0,0,0,0,1,20.0,0.0
33,Wilson (Callum),NEW,5.9,1,0,20,1,0,20.0,0.0,0,0,0,0,0,0,0,0,0,0,0,0,0,0,0,1,20.0,0.0
33,Wilson (Harry),FUL,5.3,1,0,18,1,0,18.0,0.0,0,0,0,2,0,0,0,0,0,0,0,0,0,0,0,1,18.0,0.0
33,Wissa,BRE,7.4,1,1,90,0,0,90.0,90.0,1,1,0,2,0,0,0,0,0,0,2,2,0,2,1,11,8.2,11.0
33,Wood (Chris),NFO,7.2,1,1,74,0,1,74.0,74.0,1,0,1,0,0,0,0,0,0,0,1,1,0,2,0,8,9.3,8.0
33,Yarmolyuk,BRE,5.0,1,1,76,0,1,76.0,76.0,0,0,0,1,0,0,0,0,0,1,0,0,0,0,0,2,38.0,2.0
33,Yates,NFO,4.8,1,0,38,1,0,38.0,0.0,0,0,0,1,0,0,0,1,0,0,0,0,0,0,0,0,0.0,0.0
33,Yoro,MUN,4.4,1,0,20,1,0,20.0,0.0,0,0,0,0,0,0,0,0,0,0,0,0,0,0,0,1,20.0,0.0
33,Zabarnyi,BOU,5.0,1,1,90,0,0,90.0,90.0,0,0,1,0,0,0,0,0,0,0,0,1,0,3,0,9,10.0,9.0
33,Zinchenko,ARS,4.9,1,1,90,0,0,90.0,90.0,0,1,1,0,0,0,0,0,0,0,1,2,0,2,1,11,8.2,11.0
34,Adams (Tyler),BOU,5.0,1,1,90,0,0,90.0,90.0,0,0,0,1,0,0,0,1,0,1,0,0,0,0,0,1,90.0,1.0
34,Adingra,BHA,5.1,1,1,62,0,1,62.0,62.0,0,0,0,1,0,0,0,0,0,1,0,0,0,0,0,2,31.0,2.0
34,Agbadou,WOL,4.4,1,1,90,0,0,90.0,90.0,0,0,1,0,0,0,0,0,0,0,0,1,0,0,0,6,15.0,6.0
34,Aina,NFO,4.7,1,1,75,0,1,75.0,75.0,0,0,0,2,0,0,0,0,0,1,0,0,0,0,0,1,75.0,1.0
34,Ait Nouri,WOL,5.8,1,1,76,0,1,76.0,76.0,0,1,1,0,0,0,0,0,0,0,1,2,0,2,1,11,6.9,11.0
34,Ajer,BRE,4.4,1,0,11,1,0,11.0,0.0,0,0,0,0,0,0,0,1,0,0,0,0,0,0,0,0,0.0,0.0
34,Alcaraz,EVE,5.2,1,0,45,1,0,45.0,0.0,0,0,0,0,0,0,0,0,0,0,0,0,0,0,0,1,45.0,0.0
34,Alexander-Arnold,LIV,7.2,1,1,75,0,1,75.0,75.0,0,1,0,1,0,0,0,0,0,0,1,1,0,0,0,5,15.0,5.0
34,Carlos Vinicius,FUL,5.0,1,0,11,1,0,11.0,0.0,0,0,0,0,0,0,0,0,0,0,0,0,0,0,0,1,11.0,0.0
34,Andersen,FUL,4.5,1,1,90,0,0,90.0,90.0,0,0,0,1,0,0,0,0,0,1,0,0,0,0,0,2,45.0,2.0
34,Anderson,NFO,5.3,1,1,61,0,1,61.0,61.0,0,0,0,1,0,0,0,1,0,1,0,0,0,0,0,1,61.0,1.0
34,Archer,SOU,4.8,1,0,31,1,0,31.0,0.0,0,0,0,2,0,0,0,0,0,0,0,0,0,0,0,1,31.0,0.0
34,Areola,WHU,4.3,1,1,90,0,0,90.0,90.0,0,0,0,3,0,0,6,0,0,1,0,0,0,0,0,3,30.0,3.0
34,Kepa,BOU,4.2,1,1,90,0,0,90.0,90.0,0,0,0,1,0,0,5,0,0,1,0,0,0,0,0,3,30.0,3.0
34,Awoniyi,NFO,5.2,1,0,33,1,0,33.0,0.0,0,0,0,1,0,0,0,0,0,0,0,0,0,0,0,1,33.0,0.0
34,Ayari,BHA,4.9,1,1,90,0,0,90.0,90.0,1,0,0,2,0,0,0,1,0,0,1,1,0,1,0,7,12.9,7.0
34,Ayew,LEI,5.1,1,0,51,1,0,51.0,0.0,0,0,0,2,0,0,0,0,0,0,0,0,0,0,0,1,51.0,0.0
34,Baleba,BHA,4.7,1,1,90,0,0,90.0,90.0,1,0,0,2,0,0,0,0,0,0,1,1,0,3,1,10,9.0,10.0
34,Ricardo Pereira,LEI,4.1,1,1,45,0,1,45.0,45.0,0,0,0,1,0,0,0,0,0,1,0,0,0,0,0,1,45.0,1.0
34,Barnes,NEW,6.4,1,1,74,0,1,74.0,74.0,0,0,1,0,0,0,0,0,0,1,0,0,0,0,0,3,24.7,3.0
34,Bassey,FUL,4.5,1,1,90,0,0,90.0,90.0,0,0,0,1,0,0,0,0,0,1,0,0,0,0,0,2,45.0,2.0
34,Bednarek,SOU,4.0,1,1,90,0,0,90.0,90.0,0,0,0,2,0,0,0,0,0,1,0,0,0,0,0,1,90.0,1.0
34,Bellegarde,WOL,5.2,1,0,11,1,0,11.0,0.0,0,0,0,0,0,0,0,0,0,0,0,0,0,0,0,1,11.0,0.0
34,Berge,FUL,4.9,1,1,45,0,1,45.0,45.0,0,0,0,1,0,0,0,0,0,1,0,0,0,0,0,1,45.0,1.0
34,Bergvall,TOT,5.4,1,1,90,0,0,90.0,90.0,0,0,0,5,0,0,0,0,0,1,0,0,0,0,0,2,45.0,2.0
34,Carlos Borges,WOL,5.4,1,0,7,1,0,7.0,0.0,0,0,0,0,0,0,0,0,0,0,0,0,0,0,0,1,7.0,0.0
34,Willian,FUL,5.0,1,1,63,0,1,63.0,63.0,0,0,0,1,0,0,0,0,0,1,0,0,0,0,0,2,31.5,2.0
34,Bruno Fernandes,MUN,8.9,1,1,90,0,0,90.0,90.0,0,0,0,1,0,0,0,0,0,0,0,0,0,2,0,4,22.5,4.0
34,Botman,NEW,4.9,1,0,12,1,0,12.0,0.0,0,0,0,0,0,0,0,0,0,0,0,0,0,0,0,1,12.0,0.0
34,Bowen,WHU,7.8,1,1,90,0,0,90.0,90.0,0,2,0,3,0,0,0,0,0,0,2,2,0,2,1,10,9.0,10.0
34,Branthwaite,EVE,5.3,1,1,90,0,0,90.0,90.0,0,0,0,1,0,0,0,0,0,1,0,0,0,0,0,2,45.0,2.0
34,Bree,SOU,3.9,1,0,11,1,0,11.0,0.0,0,0,0,1,0,0,0,0,0,0,0,0,0,0,0,1,11.0,0.0
34,Bueno (Santiago),WOL,4.4,1,0,11,1,0,11.0,0.0,0,0,0,0,0,0,0,0,0,0,0,0,0,0,0,1,11.0,0.0
34,Buonanotte,LEI,4.8,1,1,45,0,1,45.0,45.0,0,0,0,1,0,0,0,0,0,1,0,0,0,0,0,1,45.0,1.0
34,Burgess,IPS,3.8,1,1,90,0,0,90.0,90.0,0,0,0,3,0,0,0,0,0,1,0,0,0,0,0,1,90.0,1.0
34,Burn,NEW,5.1,1,1,90,0,0,90.0,90.0,1,0,1,0,0,0,0,1,0,0,1,2,0,2,1,13,6.9,13.0
34,Moises Caicedo,CHE,5.9,1,1,90,0,0,90.0,90.0,0,0,1,0,0,0,0,0,0,1,0,0,0,0,0,3,30.0,3.0
34,Cairney,FUL,4.9,1,0,11,1,0,11.0,0.0,0,0,0,0,0,0,0,0,0,0,0,0,0,0,0,1,11.0,0.0
34,Chalobah,CHE,5.1,1,1,90,0,0,90.0,90.0,0,0,1,0,0,0,0,0,0,0,0,1,0,3,0,9,10.0,9.0
34,Chaplin,IPS,5.1,1,0,24,1,0,24.0,0.0,0,0,0,1,0,0,0,0,0,0,0,0,0,0,0,1,24.0,0.0
34,Clarke (Jack),IPS,5.4,1,1,40,0,1,40.0,40.0,0,0,0,0,0,0,0,0,0,1,0,0,0,0,0,1,40.0,1.0
34,Coady,LEI,4.0,1,1,90,0,0,90.0,90.0,0,0,0,3,0,0,0,0,0,1,0,0,0,0,0,1,90.0,1.0
34,Collins,BRE,4.9,1,1,90,0,0,90.0,90.0,0,1,1,0,0,0,0,0,0,0,1,2,0,2,1,11,8.2,11.0
34,Colwill,CHE,4.8,1,1,90,0,0,90.0,90.0,0,0,1,0,0,0,0,0,0,0,0,1,0,0,0,6,15.0,6.0
34,Cook,BOU,4.9,1,0,28,1,0,28.0,0.0,0,0,0,1,0,0,0,0,0,0,0,0,0,0,0,1,28.0,0.0
34,Coufal,WHU,4.1,1,0,8,1,0,8.0,0.0,0,0,0,2,0,0,0,0,0,0,0,0,0,0,0,0,0.0,0.0
34,Cucurella,CHE,6.1,1,1,90,0,0,90.0,90.0,0,0,1,0,0,0,0,0,0,0,0,1,0,0,0,6,15.0,6.0
34,André,WOL,5.4,1,1,84,0,1,84.0,84.0,0,0,1,0,0,0,0,0,0,1,0,0,0,0,0,3,28.0,3.0
34,Damsgaard,BRE,5.8,1,1,83,0,1,83.0,83.0,0,0,1,0,0,0,0,0,0,1,0,0,0,0,0,3,27.7,3.0
34,Danso,TOT,4.3,1,1,90,0,0,90.0,90.0,0,0,0,5,0,0,0,0,0,1,0,0,0,0,0,0,0.0,0.0
34,Davies (Ben),TOT,4.3,1,1,90,0,0,90.0,90.0,0,0,0,5,0,0,0,0,0,1,0,0,0,0,0,0,0.0,0.0
34,Richarlison,TOT,6.5,1,0,27,1,0,27.0,0.0,0,0,0,1,0,0,0,1,0,0,0,0,0,0,0,0,0.0,0.0
34,Evanilson,BOU,7.0,1,1,67,0,0,67.0,67.0,0,1,1,0,0,0,0,0,1,1,1,1,0,0,0,2,33.5,2.0
34,DeCordova-Reid,LEI,5.2,1,1,41,0,1,41.0,41.0,0,0,0,1,0,0,0,0,0,1,0,0,0,0,0,1,41.0,1.0
34,Delap,IPS,6.2,1,1,69,0,1,69.0,69.0,0,0,0,2,0,0,0,1,0,1,0,0,0,0,0,1,69.0,1.0
34,Dewsbury-Hall,CHE,4.9,1,0,4,1,0,4.0,0.0,0,0,0,0,0,0,0,0,0,0,0,0,0,0,0,1,4.0,0.0
34,Díaz,LIV,8.0,1,1,75,0,1,75.0,75.0,1,0,0,1,0,0,0,0,0,0,1,1,0,0,0,7,10.7,7.0
34,Dibling,SOU,5.4,1,0,19,1,0,19.0,0.0,0,0,0,1,0,0,0,0,0,0,0,0,0,0,0,1,19.0,0.0
34,Doherty,WOL,4.4,1,1,84,0,1,84.0,84.0,0,0,1,0,0,0,0,0,0,0,0,1,0,0,0,6,14.0,6.0
34,Nicolás Domínguez,NFO,5.0,1,0,45,1,0,45.0,0.0,0,0,0,1,0,0,0,0,0,0,0,0,0,0,0,1,45.0,0.0
34,Dorgu,MUN,4.3,1,1,85,0,1,85.0,85.0,0,0,0,1,0,0,0,1,0,1,0,0,0,0,0,1,85.0,1.0
34,Doucouré,EVE,5.1,1,1,90,0,0,90.0,90.0,0,0,0,1,0,0,0,0,0,1,0,0,0,0,0,2,45.0,2.0
34,Downes,SOU,4.7,1,1,90,0,0,90.0,90.0,0,0,0,2,0,0,0,0,0,1,0,0,0,0,0,2,45.0,2.0
34,Dunk,BHA,4.5,1,1,90,0,0,90.0,90.0,0,0,0,2,0,0,0,0,0,1,0,0,0,0,0,1,90.0,1.0
34,El Khannouss,LEI,4.8,1,1,82,0,1,82.0,82.0,0,0,0,2,0,0,0,0,0,1,0,0,0,0,0,2,41.0,2.0
34,Elanga,NFO,6.7,1,1,90,0,0,90.0,90.0,0,0,0,2,0,0,0,0,0,1,0,0,0,0,0,2,45.0,2.0
34,Elliott,LIV,5.4,1,0,18,1,0,18.0,0.0,0,0,0,0,0,0,0,1,0,0,0,0,0,0,0,0,0.0,0.0
34,Enciso,IPS,5.4,1,1,69,0,1,69.0,69.0,0,0,0,2,0,0,0,0,0,1,0,0,0,0,0,2,34.5,2.0
34,Endo,LIV,4.9,1,0,18,1,0,18.0,0.0,0,0,0,0,0,0,0,0,0,0,0,0,0,0,0,1,18.0,0.0
34,Eriksen,MUN,5.2,1,0,11,1,0,11.0,0.0,0,0,0,0,0,0,0,0,0,0,0,0,0,0,0,1,11.0,0.0
34,Mateus Fernandes,SOU,5.5,1,1,84,0,1,84.0,84.0,0,0,0,1,0,0,0,0,0,1,0,0,0,0,0,2,42.0,2.0
34,Estupiñán,BHA,4.5,1,1,90,0,0,90.0,90.0,0,0,0,2,0,0,0,0,0,1,0,0,0,0,0,1,90.0,1.0
34,Faes,LEI,3.8,1,1,90,0,0,90.0,90.0,0,0,0,3,0,0,0,1,0,1,0,0,0,0,0,0,0.0,0.0
34,Fernández,CHE,6.7,1,1,90,0,0,90.0,90.0,0,1,1,0,0,0,0,0,0,0,1,1,0,0,0,6,15.0,6.0
34,Jota Silva,NFO,5.4,1,0,20,1,0,20.0,0.0,0,0,0,0,0,0,0,0,0,0,0,0,0,0,0,1,20.0,0.0
34,Flekken,BRE,4.5,1,1,90,0,0,90.0,90.0,0,1,1,0,0,0,5,0,0,0,1,2,0,3,1,13,6.9,13.0
34,Casemiro,MUN,5.5,1,1,63,0,1,63.0,63.0,0,0,0,1,0,0,0,0,0,1,0,0,0,0,0,2,31.5,2.0
34,Füllkrug,WHU,5.6,1,0,45,1,0,45.0,0.0,0,0,0,2,0,0,0,0,0,0,0,0,0,0,0,1,45.0,0.0
34,Gakpo,LIV,7.6,1,1,68,0,1,68.0,68.0,1,0,0,1,0,0,0,1,0,0,1,1,0,2,0,7,9.7,7.0
34,Gonçalo Guedes,WOL,5.5,1,0,7,1,0,7.0,0.0,0,0,0,0,0,0,0,0,0,0,0,0,0,0,0,1,7.0,0.0
34,Garnacho,MUN,6.4,1,1,90,0,0,90.0,90.0,0,0,0,1,0,0,0,0,0,1,0,0,0,0,0,2,45.0,2.0
34,Garner,EVE,5.0,1,1,90,0,0,90.0,90.0,0,0,0,1,0,0,0,0,0,1,0,0,0,0,0,2,45.0,2.0
34,George,CHE,4.9,1,0,4,1,0,4.0,0.0,0,0,0,0,0,0,0,0,0,0,0,0,0,0,0,1,4.0,0.0
34,Gibbs-White,NFO,7.3,1,1,74,0,1,74.0,74.0,0,0,0,2,0,0,0,1,0,1,0,0,0,0,0,1,74.0,1.0
34,Godfrey,IPS,4.0,1,0,55,1,0,55.0,0.0,0,0,0,3,0,0,0,0,0,0,0,0,0,0,0,0,0.0,0.0
34,Rodrigo Gomes,WOL,4.5,1,0,18,1,0,18.0,0.0,1,0,0,0,0,0,0,0,0,0,1,1,0,0,0,6,3.0,0.0
34,Toti,WOL,4.3,1,1,90,0,0,90.0,90.0,0,0,1,0,0,0,0,1,0,0,0,1,0,0,0,5,18.0,5.0
34,Beto,EVE,5.2,1,1,63,0,1,63.0,63.0,0,0,0,1,0,0,0,0,0,1,0,0,0,0,0,2,31.5,2.0
34,João Gomes,WOL,5.4,1,1,90,0,0,90.0,90.0,0,0,1,0,0,0,0,0,0,1,0,0,0,0,0,3,30.0,3.0
34,Gómez (Diego),BHA,4.9,1,0,13,1,0,13.0,0.0,0,0,0,1,0,0,0,0,0,0,0,0,0,0,0,1,13.0,0.0
34,Gordon (Anthony),NEW,7.5,1,0,28,1,0,28.0,0.0,0,0,0,0,0,0,0,0,0,0,0,0,0,0,0,1,28.0,0.0
34,Gravenberch,LIV,5.6,1,1,90,0,0,90.0,90.0,0,1,0,1,0,0,0,0,0,0,1,1,0,0,0,5,18.0,5.0
34,Gray (Archie),TOT,4.8,1,1,45,0,1,45.0,45.0,0,0,0,3,0,0,0,0,0,1,0,0,0,0,0,1,45.0,1.0
34,Greaves,IPS,3.8,1,1,90,0,0,90.0,90.0,0,0,0,3,0,0,0,1,0,1,0,0,0,0,0,0,0.0,0.0
34,Gruda,BHA,5.4,1,0,12,1,0,12.0,0.0,0,2,0,1,0,0,0,0,0,0,2,2,0,0,0,7,1.7,0.0
34,Gueye,EVE,5.4,1,1,90,0,0,90.0,90.0,0,0,0,1,0,0,0,0,0,1,0,0,0,0,0,2,45.0,2.0
34,Bruno Guimarães,NEW,6.5,1,1,90,0,0,90.0,90.0,0,0,1,0,0,0,0,0,0,1,0,0,0,0,0,3,30.0,3.0
34,Harrison (Jack),EVE,5.2,1,1,63,0,1,63.0,63.0,0,0,0,1,0,0,0,0,0,1,0,0,0,0,0,2,31.5,2.0
34,Harwood-Bellis,SOU,3.9,1,1,90,0,0,90.0,90.0,0,0,0,2,0,0,0,0,0,1,0,0,0,0,0,1,90.0,1.0
34,Henry,BRE,4.4,1,0,45,1,0,45.0,0.0,0,0,0,0,0,0,0,0,0,0,0,0,0,0,0,1,45.0,0.0
34,Hermansen,LEI,4.4,1,1,90,0,0,90.0,90.0,0,0,0,3,0,0,2,0,0,1,0,0,0,0,0,1,90.0,1.0
34,Hinshelwood,BHA,5.1,1,1,81,0,1,81.0,81.0,0,1,0,1,0,0,0,1,0,0,1,1,0,0,0,4,20.3,4.0
34,Hirst,IPS,5.4,1,0,24,1,0,24.0,0.0,0,0,0,1,0,0,0,0,0,0,0,0,0,0,0,1,24.0,0.0
34,Hudson-Odoi,NFO,5.8,1,1,45,0,1,45.0,45.0,0,0,0,1,0,0,0,0,0,1,0,0,0,0,0,1,45.0,1.0
34,Huijsen,BOU,4.5,1,1,90,0,0,90.0,90.0,0,0,0,1,0,0,0,1,0,1,0,0,0,0,0,1,90.0,1.0
34,Højlund,MUN,6.3,1,1,90,0,0,90.0,90.0,1,0,0,1,0,0,0,0,0,0,1,1,0,3,0,9,10.0,9.0
34,Isak,NEW,10.4,1,1,74,0,1,74.0,74.0,1,0,1,0,0,0,0,0,0,0,1,1,0,0,0,6,12.3,6.0
34,Iwobi,FUL,6.5,1,1,83,0,1,83.0,83.0,0,1,0,1,0,0,0,0,0,0,1,1,0,0,0,5,16.6,5.0
34,Jackson (Nicolas),CHE,6.5,1,1,90,0,1,90.0,90.0,1,0,1,0,0,0,0,0,0,0,1,1,0,2,0,8,11.3,8.0
34,James,CHE,5.5,1,0,29,1,0,29.0,0.0,0,0,0,0,0,0,0,0,0,0,0,0,0,0,0,1,29.0,0.0
34,Jebbison,BOU,4.5,1,0,3,1,0,3.0,0.0,0,0,0,0,0,0,0,0,0,0,0,0,0,0,0,1,3.0,0.0
34,Jensen,BRE,4.9,1,0,27,1,0,27.0,0.0,0,0,0,0,0,0,0,0,0,0,0,0,0,0,0,1,27.0,0.0
34,Raúl Jiménez,FUL,6.2,1,1,90,0,0,90.0,90.0,0,0,0,1,0,0,0,1,0,1,0,0,0,0,0,1,90.0,1.0
34,Johnson (Ben),IPS,3.8,1,1,36,0,0,36.0,36.0,0,0,0,0,0,0,0,0,1,1,0,0,0,0,0,0,0.0,0.0
34,Johnson (Brennan),TOT,6.7,1,1,90,0,0,90.0,90.0,0,0,0,5,0,0,0,0,0,1,0,0,0,0,0,2,45.0,2.0
34,Jones,LIV,5.4,1,0,26,1,0,26.0,0.0,0,0,0,0,0,0,0,0,0,0,0,0,0,0,0,1,26.0,0.0
34,Justin,LEI,4.0,1,0,45,1,0,45.0,0.0,0,0,0,2,0,0,0,0,0,0,0,0,0,0,0,0,0.0,0.0
34,Kayode,BRE,4.5,1,1,83,0,1,83.0,83.0,0,0,1,0,0,0,0,0,0,0,0,1,0,0,0,6,13.8,6.0
34,Kerkez,BOU,5.8,1,1,90,0,0,90.0,90.0,0,0,0,1,0,0,0,0,0,1,0,0,0,0,0,2,45.0,2.0
34,Kilman,WHU,4.3,1,1,90,0,0,90.0,90.0,0,0,0,3,0,0,0,0,0,1,0,0,0,0,0,1,90.0,1.0
34,Kluivert,BOU,7.0,1,1,68,0,1,68.0,68.0,0,0,1,0,0,0,0,1,0,1,0,0,0,0,0,2,34.0,2.0
34,Konak,BRE,4.4,1,0,11,1,0,11.0,0.0,0,0,0,0,0,0,0,0,0,0,0,0,0,0,0,1,11.0,0.0
34,Konaté,LIV,5.4,1,1,90,0,0,90.0,90.0,0,0,0,1,0,0,0,0,0,1,0,0,0,0,0,2,45.0,2.0
34,Kudus,WHU,6.8,1,1,90,0,0,90.0,90.0,1,0,0,3,0,0,0,0,0,0,1,1,0,0,0,7,12.9,7.0
34,Kulusevski,TOT,6.4,1,0,45,1,0,45.0,0.0,0,0,0,2,0,0,0,0,0,0,0,0,0,0,0,1,45.0,0.0
34,Lavia,CHE,4.9,1,1,66,0,1,66.0,66.0,0,0,1,0,0,0,0,0,0,1,0,0,0,0,0,3,22.0,3.0
34,Leno,FUL,5.0,1,1,90,0,0,90.0,90.0,0,0,0,1,0,0,2,0,0,1,0,0,0,0,0,2,45.0,2.0
34,Lewis-Potter,BRE,4.9,1,1,45,0,1,45.0,45.0,0,0,0,0,0,0,0,1,0,1,0,0,0,0,0,0,0.0,0.0
34,Livramento,NEW,4.9,1,1,90,0,0,90.0,90.0,0,0,1,0,0,0,0,0,0,0,0,1,0,0,0,6,15.0,6.0
34,Lukic,FUL,5.0,1,0,45,1,0,45.0,0.0,0,0,0,0,0,0,0,0,0,0,0,0,0,0,0,1,45.0,0.0
34,Luongo,IPS,4.3,1,0,9,1,0,9.0,0.0,0,0,0,0,0,0,0,0,0,0,0,0,0,0,0,1,9.0,0.0
34,Mac Allister,LIV,6.3,1,1,82,0,1,82.0,82.0,1,0,0,1,0,0,0,0,0,0,1,1,0,3,1,10,8.2,10.0
34,Maddison,TOT,6.9,1,1,45,0,1,45.0,45.0,0,1,0,3,0,0,0,0,0,0,1,1,0,0,0,4,11.3,4.0
34,Madueke,CHE,6.8,1,1,78,0,1,78.0,78.0,0,0,1,0,0,0,0,0,0,1,0,0,0,0,0,3,26.0,3.0
34,Maguire,MUN,4.4,1,1,63,0,1,63.0,63.0,0,0,0,1,0,0,0,0,0,1,0,0,0,0,0,2,31.5,2.0
34,Mainoo,MUN,4.8,1,1,63,0,1,63.0,63.0,0,0,0,1,0,0,0,0,0,1,0,0,0,0,0,2,31.5,2.0
34,José Sá,WOL,4.4,1,1,90,0,0,90.0,90.0,0,0,1,0,0,1,2,0,0,0,0,2,0,1,1,12,7.5,12.0
34,Manning,SOU,4.3,1,1,90,0,0,90.0,90.0,0,1,0,2,0,0,0,0,0,0,1,1,0,0,0,4,22.5,4.0
34,March,BHA,5.8,1,1,62,0,1,62.0,62.0,0,0,0,1,0,0,0,0,0,1,0,0,0,0,0,2,31.0,2.0
34,Mavropanos,WHU,4.4,1,1,90,0,0,90.0,90.0,0,0,0,3,0,0,0,1,0,1,0,0,0,0,0,0,0.0,0.0
34,Mazraoui,MUN,4.9,1,1,72,0,1,72.0,72.0,0,0,0,1,0,0,0,0,0,1,0,0,0,0,0,2,36.0,2.0
34,Mbeumo,BRE,8.2,1,1,90,0,0,90.0,90.0,0,0,1,0,0,0,0,1,0,1,0,0,0,0,0,2,45.0,2.0
34,McAteer,LEI,4.7,1,0,45,1,0,45.0,0.0,0,0,0,2,0,0,0,1,0,0,0,0,0,0,0,0,0.0,0.0
34,McNeil,EVE,5.6,1,0,32,1,0,32.0,0.0,0,0,0,0,0,0,0,0,0,0,0,0,0,0,0,1,32.0,0.0
34,Milenkovic,NFO,5.2,1,1,90,0,0,90.0,90.0,0,0,0,2,0,0,0,0,0,1,0,0,0,0,0,1,90.0,1.0
34,Miley (Lewis),NEW,4.4,1,0,28,1,0,28.0,0.0,0,0,0,0,0,0,0,0,0,0,0,0,0,0,0,1,28.0,0.0
34,Minteh,BHA,6.0,1,0,32,1,0,32.0,0.0,0,0,0,1,0,0,0,0,0,0,0,0,0,0,0,1,32.0,0.0
34,Mitoma,BHA,6.2,1,0,32,1,0,32.0,0.0,1,0,0,1,0,0,0,0,0,0,1,1,0,0,0,6,5.3,0.0
34,Monga,LEI,4.5,1,0,13,1,0,13.0,0.0,0,0,0,1,0,0,0,0,0,0,0,0,0,0,0,1,13.0,0.0
34,Morsy,IPS,4.8,1,1,90,0,0,90.0,90.0,0,0,0,3,0,0,0,0,0,1,0,0,0,0,0,2,45.0,2.0
34,Mount,MUN,5.9,1,0,33,1,0,33.0,0.0,0,0,0,0,0,0,0,0,0,0,0,0,0,0,0,1,33.0,0.0
34,Munetsi,WOL,5.4,1,1,90,0,0,90.0,90.0,0,0,1,0,0,0,0,0,0,1,0,0,0,0,0,3,30.0,3.0
34,Murphy (Jacob),NEW,6.1,1,1,65,0,1,65.0,65.0,0,1,1,0,0,0,0,0,0,0,1,1,0,0,0,6,10.8,6.0
34,Mykolenko,EVE,4.9,1,1,90,0,0,90.0,90.0,0,0,0,1,0,0,0,0,0,1,0,0,0,0,0,2,45.0,2.0
34,Ndiaye,EVE,6.5,1,1,45,0,1,45.0,45.0,0,0,0,1,0,0,0,0,0,1,0,0,0,0,0,1,45.0,1.0
34,Ndidi,LEI,4.9,1,1,90,0,0,90.0,90.0,0,0,0,3,0,0,0,1,0,1,0,0,0,0,0,1,90.0,1.0
34,Neto,CHE,7.0,1,1,90,0,0,90.0,90.0,0,0,1,0,0,0,0,0,0,1,0,0,0,0,0,3,30.0,3.0
34,Lindelof,MUN,4.5,1,0,32,1,0,32.0,0.0,0,0,0,0,0,0,0,0,0,0,0,0,0,0,0,1,32.0,0.0
34,Norgaard,BRE,5.2,1,1,90,0,0,90.0,90.0,0,0,1,0,0,0,0,1,0,1,0,0,0,0,0,2,45.0,2.0
34,Núñez,LIV,6.5,1,0,12,1,0,12.0,0.0,0,0,0,0,0,0,0,0,0,0,0,0,0,0,0,1,12.0,0.0
34,O'Brien,EVE,5.0,1,1,90,0,0,90.0,90.0,0,0,0,1,0,0,0,0,0,1,0,0,0,0,0,2,45.0,2.0
34,O'Shea,IPS,3.8,1,1,90,0,0,90.0,90.0,0,0,0,3,0,0,0,0,0,1,0,0,0,0,0,1,90.0,1.0
34,Obi-Martin,MUN,4.3,1,0,24,1,0,24.0,0.0,0,0,0,0,0,0,0,0,0,0,0,0,0,0,0,1,24.0,0.0
34,Odobert,TOT,5.3,1,0,27,1,0,27.0,0.0,0,0,0,1,0,0,0,0,0,0,0,0,0,0,0,1,27.0,0.0
34,Onana,MUN,4.9,1,1,90,0,0,90.0,90.0,0,0,0,1,0,0,0,0,0,1,0,0,0,0,0,2,45.0,2.0
34,Osula,NEW,5.5,1,0,19,1,0,19.0,0.0,1,0,0,0,0,0,0,0,0,0,1,1,0,1,0,6,3.2,0.0
34,Dango Ouattara,BOU,6.0,1,1,90,0,1,90.0,90.0,0,0,0,1,0,0,0,0,0,1,0,0,0,0,0,2,45.0,2.0
34,O’Riley,BHA,5.5,1,1,82,0,1,82.0,82.0,0,0,0,1,0,0,0,0,0,1,0,0,0,0,0,2,41.0,2.0
34,Palmer (Alex),IPS,4.5,1,1,90,0,0,90.0,90.0,0,0,0,3,0,0,2,0,0,1,0,0,0,0,0,1,90.0,1.0
34,Palmer (Cole),CHE,10.3,1,1,90,0,1,90.0,90.0,0,0,1,0,0,0,0,0,0,1,0,0,0,0,0,3,30.0,3.0
34,Emerson,WHU,4.4,1,1,86,0,1,86.0,86.0,0,0,0,1,0,0,0,0,0,1,0,0,0,0,0,2,43.0,2.0
34,Patterson (Nathan),EVE,4.4,1,1,63,0,1,63.0,63.0,0,0,0,1,0,0,0,0,0,1,0,0,0,0,0,2,31.5,2.0
34,Pereira,FUL,5.3,1,1,45,0,1,45.0,45.0,0,0,0,1,0,0,0,0,0,1,0,0,0,0,0,1,45.0,1.0
34,Pickford,EVE,5.5,1,1,90,0,0,90.0,90.0,0,0,0,1,0,0,6,0,0,0,0,0,0,0,0,4,22.5,4.0
34,Pope,NEW,5.2,1,1,90,0,0,90.0,90.0,0,0,1,0,0,0,0,0,0,0,0,1,0,0,0,6,15.0,6.0
34,Youssef Chermiti,EVE,4.9,1,0,32,1,0,32.0,0.0,0,0,0,0,0,0,0,0,0,0,0,0,0,0,0,1,32.0,0.0
34,Ramsdale,SOU,4.8,1,1,90,0,0,90.0,90.0,0,0,0,2,0,0,3,0,0,1,0,0,0,0,0,2,45.0,2.0
34,Alisson,LIV,5.4,1,1,90,0,0,90.0,90.0,0,0,0,1,0,0,2,0,0,1,0,0,0,0,0,2,45.0,2.0
34,Robertson,LIV,5.8,1,1,90,0,0,90.0,90.0,0,0,0,1,0,0,0,0,0,1,0,0,0,0,0,2,45.0,2.0
34,Salah,LIV,14.3,1,1,90,0,0,90.0,90.0,1,0,0,1,0,0,0,0,0,0,1,1,0,1,0,8,11.3,8.0
34,Sanchez,CHE,4.9,1,1,90,0,0,90.0,90.0,0,0,1,0,0,0,3,0,0,0,0,1,0,2,0,9,10.0,9.0
34,Sancho,MUN,5.8,1,0,17,1,0,17.0,0.0,0,0,0,0,0,0,0,0,0,0,0,0,0,0,0,1,17.0,0.0
34,Sangaré,NFO,4.9,1,0,20,1,0,20.0,0.0,0,0,0,0,0,0,0,0,0,0,0,0,0,0,0,1,20.0,0.0
34,Murillo,NFO,5.3,1,1,90,0,0,90.0,90.0,0,0,0,2,0,0,0,0,0,1,0,0,0,0,0,1,90.0,1.0
34,Matheus Cunha,WOL,7.9,1,1,88,0,1,88.0,88.0,1,2,1,0,0,0,0,0,0,0,3,3,0,3,1,15,5.9,15.0
34,Sarabia,WOL,5.0,1,0,19,1,0,19.0,0.0,0,0,0,0,0,0,0,0,0,0,0,0,0,0,0,1,19.0,0.0
34,Sarr (Pape),TOT,4.9,1,0,45,1,0,45.0,0.0,0,0,0,2,0,0,0,0,0,0,0,0,0,0,0,1,45.0,0.0
34,Schade,BRE,7.0,1,1,67,0,1,67.0,67.0,1,0,1,0,0,0,0,0,0,0,1,1,0,0,0,8,8.4,8.0
34,Schär,NEW,5.4,1,1,80,0,1,80.0,80.0,0,0,1,0,0,0,0,0,0,0,0,1,0,0,0,6,13.3,6.0
34,Scott,BOU,5.0,1,1,68,0,1,68.0,68.0,0,0,1,0,0,0,0,0,0,1,0,0,0,0,0,3,22.7,3.0
34,Sels,NFO,4.8,1,1,90,0,0,90.0,90.0,0,0,0,2,0,0,1,0,0,1,0,0,0,0,0,1,90.0,1.0
34,Semedo,WOL,4.5,1,1,88,0,1,88.0,88.0,0,0,1,0,0,0,0,0,0,0,0,1,0,0,0,6,14.7,6.0
34,Semenyo,BOU,8.1,1,1,81,0,1,81.0,81.0,1,0,1,0,0,0,0,0,0,0,1,1,0,1,0,9,9.0,9.0
34,Senesi,BOU,5.0,1,0,15,1,0,15.0,0.0,0,0,0,1,0,0,0,0,0,0,0,0,0,0,0,1,15.0,0.0
34,Sessegnon (Ryan),FUL,5.4,1,1,90,0,0,90.0,90.0,1,0,0,1,0,0,0,0,0,0,1,1,0,3,1,11,8.2,11.0
34,Shaw,MUN,4.5,1,1,90,0,0,90.0,90.0,0,0,0,1,0,0,0,1,0,1,0,0,0,0,0,1,90.0,1.0
34,Skipp,LEI,4.7,1,0,45,1,0,45.0,0.0,0,0,0,2,0,0,0,1,0,0,0,0,0,0,0,0,0.0,0.0
34,Smith,BOU,4.4,1,1,90,0,0,90.0,90.0,0,0,0,1,0,0,0,1,0,1,0,0,0,0,0,1,90.0,1.0
34,Smith-Rowe,FUL,5.7,1,0,31,1,0,31.0,0.0,1,0,0,0,0,0,0,0,0,0,1,1,0,2,0,8,3.9,0.0
34,Solanke,TOT,7.2,1,1,67,0,1,67.0,67.0,1,0,0,4,0,0,0,0,0,0,1,1,0,0,0,6,11.2,6.0
34,Sosa,NFO,5.5,1,0,9,1,0,9.0,0.0,0,0,0,0,0,0,0,0,0,0,0,0,0,0,0,1,9.0,0.0
34,Soucek,WHU,5.7,1,1,90,0,0,90.0,90.0,1,0,0,3,0,0,0,0,0,0,1,1,0,0,0,7,12.9,7.0
34,Soumaré,LEI,4.4,1,1,45,0,1,45.0,45.0,0,0,0,1,0,0,0,0,0,1,0,0,0,0,0,1,45.0,1.0
34,Spence,TOT,4.5,1,1,90,0,0,90.0,90.0,0,0,0,5,0,0,0,0,0,1,0,0,0,0,0,0,0.0,0.0
34,Stephens,SOU,4.0,1,1,90,0,0,90.0,90.0,1,0,0,2,0,0,0,0,0,0,1,1,0,0,0,7,12.9,7.0
34,Stewart,SOU,4.4,1,1,64,0,1,64.0,64.0,0,0,1,0,0,0,0,0,0,1,0,0,0,0,0,2,32.0,2.0
34,Strand Larsen,WOL,6.4,1,1,77,0,1,77.0,77.0,1,0,1,0,0,0,0,0,0,0,1,1,0,0,0,6,12.8,6.0
34,Sulemana,SOU,5.0,1,1,75,0,1,75.0,75.0,0,0,0,1,0,0,0,1,0,1,0,0,0,0,0,1,75.0,1.0
34,Szoboszlai,LIV,6.5,1,1,68,0,1,68.0,68.0,0,2,0,1,0,0,0,0,0,0,2,2,0,1,0,9,7.6,9.0
34,Tavernier,BOU,5.5,1,0,28,1,0,28.0,0.0,0,0,0,1,0,0,0,0,0,0,0,0,0,0,0,1,28.0,0.0
34,Taylor (Jack),IPS,4.8,1,1,83,0,1,83.0,83.0,0,0,0,3,0,0,0,0,0,1,0,0,0,0,0,2,41.5,2.0
34,Diogo Jota,LIV,7.2,1,0,26,1,0,26.0,0.0,0,0,0,0,0,0,0,0,0,0,0,0,0,0,0,1,26.0,0.0
34,Tel,TOT,6.3,1,1,67,0,1,67.0,67.0,0,0,0,4,0,0,0,0,0,1,0,0,0,0,0,2,33.5,2.0
34,Tete,FUL,4.5,1,1,90,0,0,90.0,90.0,0,0,0,1,0,0,0,0,0,1,0,0,0,0,0,2,45.0,2.0
34,Thomas,LEI,3.9,1,1,90,0,0,90.0,90.0,0,0,0,3,0,0,0,0,0,1,0,0,0,0,0,1,90.0,1.0
34,Todibo,WHU,4.3,1,1,90,0,0,90.0,90.0,0,0,0,3,0,0,0,0,0,1,0,0,0,0,0,1,90.0,1.0
34,Lucas Paquetá,WHU,5.9,1,1,90,0,0,90.0,90.0,0,0,0,3,0,0,0,0,0,1,0,0,0,0,0,2,45.0,2.0
34,Tonali,NEW,5.4,1,1,90,0,0,90.0,90.0,0,0,1,0,0,0,0,0,0,1,0,0,0,0,0,3,30.0,3.0
34,Traoré (Adama),FUL,5.2,1,0,45,1,0,45.0,0.0,0,1,0,0,0,0,0,0,0,0,1,1,0,1,0,5,9.0,0.0
34,Trippier,NEW,5.0,1,1,90,0,0,90.0,90.0,0,2,1,0,0,0,0,0,0,0,2,3,0,3,1,15,6.0,15.0
34,Destiny Udogie,TOT,4.4,1,1,90,0,0,90.0,90.0,0,0,0,5,1,0,0,0,0,1,0,0,0,0,0,0,0.0,0.0
34,Ugarte,MUN,4.8,1,0,33,1,0,33.0,0.0,0,1,0,0,0,0,0,0,0,0,1,1,0,0,0,4,8.3,0.0
34,Ugochukwu,SOU,5.0,1,1,90,0,0,90.0,90.0,0,0,0,2,0,0,0,0,0,1,0,0,0,0,0,2,45.0,2.0
34,van den Berg,BRE,4.5,1,1,90,0,0,90.0,90.0,0,0,1,0,0,0,0,0,0,0,0,1,0,0,0,6,15.0,6.0
34,van Dijk,LIV,6.0,1,1,90,0,0,90.0,90.0,0,0,0,1,0,0,0,0,0,1,0,0,0,0,0,2,45.0,2.0
34,Vardy,LEI,5.4,1,1,90,0,0,90.0,90.0,0,0,0,3,0,0,0,0,0,1,0,0,0,0,0,0,0.0,0.0
34,Verbruggen,BHA,4.4,1,1,90,0,0,90.0,90.0,0,0,0,2,0,0,2,0,0,1,0,0,0,0,0,1,90.0,1.0
34,Vicario,TOT,5.1,1,1,90,0,0,90.0,90.0,0,0,0,5,0,0,2,0,0,1,0,0,0,0,0,0,0.0,0.0
34,Walker-Peters,SOU,4.4,1,1,90,0,0,90.0,90.0,0,0,0,2,0,0,0,0,0,1,0,0,0,0,0,1,90.0,1.0
34,Wan-Bissaka,WHU,4.3,1,1,90,0,0,90.0,90.0,0,0,0,3,0,0,0,0,0,1,0,0,0,0,0,1,90.0,1.0
34,Ward-Prowse,WHU,5.7,1,1,45,0,1,45.0,45.0,0,0,0,1,0,0,0,0,0,1,0,0,0,0,0,1,45.0,1.0
34,Welbeck,BHA,6.4,1,1,90,0,0,90.0,90.0,0,0,0,2,0,0,0,0,0,1,0,0,0,0,0,2,45.0,2.0
34,Wieffer,BHA,4.9,1,1,90,0,0,90.0,90.0,0,0,0,2,0,0,0,0,0,1,0,0,0,0,0,2,45.0,2.0
34,Williams (Neco),NFO,4.7,1,1,90,0,0,90.0,90.0,0,0,0,2,0,0,0,1,0,1,0,0,0,0,0,0,0.0,0.0
34,Willock,NEW,5.0,1,1,65,0,1,65.0,65.0,0,0,1,0,0,0,0,0,0,1,0,0,0,0,0,3,21.7,3.0
34,Wilson (Callum),NEW,5.9,1,0,19,1,0,19.0,0.0,0,0,0,0,0,0,0,0,0,0,0,0,0,0,0,1,19.0,0.0
34,Wilson (Harry),FUL,5.3,1,1,83,0,1,83.0,83.0,0,0,0,1,0,0,0,0,0,1,0,0,0,0,0,2,41.5,2.0
34,Wissa,BRE,7.4,1,1,90,0,0,90.0,90.0,1,0,1,0,0,0,0,0,0,0,1,1,0,1,0,7,12.9,7.0
34,Wood (Chris),NFO,7.2,1,1,90,0,0,90.0,90.0,0,0,0,2,0,0,0,0,0,1,0,0,0,0,0,2,45.0,2.0
34,Woolfenden,IPS,3.9,1,1,90,0,0,90.0,90.0,0,0,0,3,0,0,0,0,0,1,0,0,0,0,0,1,90.0,1.0
34,Yarmolyuk,BRE,5.0,1,1,90,0,0,90.0,90.0,0,0,1,0,0,0,0,1,0,1,0,0,0,0,0,2,45.0,2.0
34,Yates,NFO,4.8,1,1,85,0,1,85.0,85.0,0,0,0,2,0,0,0,0,0,1,0,0,0,0,0,2,42.5,2.0
34,Yoro,MUN,4.4,1,1,90,0,0,90.0,90.0,0,0,0,1,0,0,0,0,0,1,0,0,0,0,0,2,45.0,2.0
34,Young (Ashley),EVE,4.2,1,0,32,1,0,32.0,0.0,0,0,0,0,0,0,0,0,0,0,0,0,0,0,0,1,32.0,0.0
34,Zabarnyi,BOU,5.0,1,1,90,0,0,90.0,90.0,0,0,0,1,0,0,0,0,0,1,0,0,0,0,0,2,45.0,2.0
36,Adams (Tyler),BOU,5.0,1,1,75,0,1,75.0,75.0,0,0,0,1,0,0,0,0,0,1,0,0,0,0,0,2,37.5,2.0
36,Adingra,BHA,5.1,1,0,34,1,0,34.0,0.0,0,1,0,0,0,0,0,0,0,0,1,1,0,0,0,4,8.5,0.0
36,Agbadou,WOL,4.4,1,1,90,0,0,90.0,90.0,0,0,0,2,0,0,0,0,0,1,0,0,0,0,0,1,90.0,1.0
36,Aina,NFO,4.7,1,1,90,0,0,90.0,90.0,0,0,0,2,0,0,0,1,0,1,0,0,0,0,0,0,0.0,0.0
36,Ait Nouri,WOL,5.8,1,1,90,0,0,90.0,90.0,0,0,0,2,0,0,0,0,0,1,0,0,0,0,0,1,90.0,1.0
36,Akanji,MCI,5.4,1,1,90,0,0,90.0,90.0,0,0,1,0,0,0,0,0,0,0,0,1,0,0,0,6,15.0,6.0
36,Alcaraz,EVE,5.2,1,1,82,0,1,82.0,82.0,0,1,0,1,0,0,0,0,0,0,1,1,0,0,0,5,16.4,5.0
36,Alexander-Arnold,LIV,7.2,1,0,30,1,0,30.0,0.0,0,0,0,1,0,0,0,0,0,0,0,0,0,0,0,1,30.0,0.0
36,Álvarez (Edson),WHU,4.9,1,0,33,1,0,33.0,0.0,0,0,0,0,0,0,0,0,0,0,0,0,0,0,0,1,33.0,0.0
36,Amass,MUN,4.0,1,1,90,0,0,90.0,90.0,0,0,0,2,0,0,0,0,0,1,0,0,0,0,0,1,90.0,1.0
36,Andersen,FUL,4.5,1,1,90,0,0,90.0,90.0,0,0,0,3,0,0,0,0,0,1,0,0,0,0,0,1,90.0,1.0
36,Anderson,NFO,5.3,1,1,87,0,1,87.0,87.0,0,0,0,2,0,0,0,1,0,1,0,0,0,0,0,1,87.0,1.0
36,Araujo,BOU,3.9,1,0,8,1,0,8.0,0.0,0,0,0,0,0,0,0,0,0,0,0,0,0,0,0,1,8.0,0.0
36,Archer,SOU,4.8,1,0,31,1,0,31.0,0.0,0,0,0,0,0,0,0,0,0,0,0,0,0,0,0,1,31.0,0.0
36,Areola,WHU,4.3,1,1,90,0,0,90.0,90.0,0,0,1,0,0,0,5,0,0,0,0,1,0,1,0,8,11.3,8.0
36,Aribo,SOU,4.9,1,0,45,1,0,45.0,0.0,0,0,0,0,0,0,0,0,0,0,0,0,0,0,0,1,45.0,0.0
36,Kepa,BOU,4.2,1,1,90,0,0,90.0,90.0,0,0,0,1,0,0,2,0,0,1,0,0,0,0,0,2,45.0,2.0
36,Asensio,AVL,6.0,1,1,69,0,1,69.0,69.0,0,0,1,0,0,0,0,1,0,1,0,0,0,0,0,2,34.5,2.0
36,Awoniyi,NFO,5.2,1,0,13,1,0,13.0,0.0,0,0,0,0,0,0,0,0,0,0,0,0,0,0,0,1,13.0,0.0
36,Ayari,BHA,4.9,1,1,90,0,1,90.0,90.0,0,0,1,0,0,0,0,0,0,1,0,0,0,0,0,3,30.0,3.0
36,Ayew,LEI,5.1,1,1,60,0,1,60.0,60.0,0,0,0,2,0,0,0,0,0,1,0,0,0,0,0,2,30.0,2.0
36,Baleba,BHA,4.7,1,1,76,0,1,76.0,76.0,0,0,1,0,0,0,0,0,0,1,0,0,0,0,0,3,25.3,3.0
36,Barnes,NEW,6.4,1,1,90,0,0,90.0,90.0,0,0,1,0,0,0,0,0,0,1,0,0,0,0,0,3,30.0,3.0
36,Bassey,FUL,4.5,1,1,90,0,0,90.0,90.0,0,0,0,3,0,0,0,0,0,1,0,0,0,0,0,1,90.0,1.0
36,Bayindir,MUN,4.9,1,1,90,0,0,90.0,90.0,0,0,0,2,0,0,2,0,0,1,0,0,0,0,0,1,90.0,1.0
36,Bednarek,SOU,4.0,1,1,90,0,0,90.0,90.0,0,0,1,0,0,0,0,0,0,0,0,1,0,1,0,7,12.9,7.0
36,Bellegarde,WOL,5.2,1,0,33,1,0,33.0,0.0,0,0,0,1,0,0,0,0,0,0,0,0,0,0,0,1,33.0,0.0
36,Bentancur,TOT,5.3,1,1,45,0,1,45.0,45.0,0,0,0,1,0,0,0,1,0,1,0,0,0,0,0,0,0.0,0.0
36,Berge,FUL,4.9,1,1,81,0,1,81.0,81.0,0,0,0,3,0,0,0,1,0,1,0,0,0,0,0,1,81.0,1.0
36,Bissouma,TOT,5.2,1,0,45,1,0,45.0,0.0,0,0,0,1,0,0,0,0,0,0,0,0,0,0,0,1,45.0,0.0
36,Willian,FUL,5.0,1,0,25,1,0,25.0,0.0,0,0,0,0,0,0,0,0,0,0,0,0,0,0,0,1,25.0,0.0
36,Bruno Fernandes,MUN,8.9,1,1,90,0,0,90.0,90.0,0,0,0,2,0,0,0,0,0,1,0,0,0,0,0,2,45.0,2.0
36,Botman,NEW,4.9,1,1,53,0,1,53.0,53.0,0,0,0,0,0,0,0,0,0,1,0,0,0,0,0,1,53.0,1.0
36,Bowen,WHU,7.8,1,1,71,0,1,71.0,71.0,1,0,1,0,0,0,0,0,0,0,1,1,0,0,0,8,8.9,8.0
36,Bradley,LIV,5.0,1,1,66,0,1,66.0,66.0,0,0,0,1,0,0,0,1,0,1,0,0,0,0,0,1,66.0,1.0
36,Branthwaite,EVE,5.3,1,1,90,0,0,90.0,90.0,0,0,0,1,0,0,0,0,0,1,0,0,0,0,0,2,45.0,2.0
36,Bree,SOU,3.9,1,1,90,0,0,90.0,90.0,0,0,1,0,0,0,0,0,0,0,0,1,0,0,0,6,15.0,6.0
36,Brooks,BOU,5.0,1,0,26,1,0,26.0,0.0,0,0,0,0,0,0,0,0,0,0,0,0,0,0,0,1,26.0,0.0
36,Buonanotte,LEI,4.8,1,0,36,1,0,36.0,0.0,1,0,0,0,0,0,0,1,0,0,1,1,0,2,0,7,5.1,0.0
36,Burgess,IPS,3.8,1,1,90,0,0,90.0,90.0,0,0,0,1,0,0,0,0,0,1,0,0,0,0,0,2,45.0,2.0
36,Burn,NEW,5.1,1,1,90,0,0,90.0,90.0,0,1,1,0,0,0,0,0,0,0,1,2,0,2,1,11,8.2,11.0
36,Moises Caicedo,CHE,5.9,1,1,90,0,0,90.0,90.0,0,0,0,2,0,0,0,0,0,1,0,0,0,0,0,2,45.0,2.0
36,Cairney,FUL,4.9,1,0,25,1,0,25.0,0.0,0,0,0,0,0,0,0,0,0,0,0,0,0,0,0,1,25.0,0.0
36,Cajuste,IPS,4.5,1,0,34,1,0,34.0,0.0,0,0,0,0,0,0,0,0,0,0,0,0,0,0,0,1,34.0,0.0
36,Calafiori,ARS,5.8,1,0,19,1,0,19.0,0.0,0,0,0,0,0,0,0,0,0,0,0,0,0,0,0,1,19.0,0.0
36,Calvert-Lewin,EVE,5.5,1,0,9,1,0,9.0,0.0,0,0,0,0,0,0,0,0,0,0,0,0,0,0,0,1,9.0,0.0
36,Cash,AVL,4.6,1,1,90,0,0,90.0,90.0,0,0,1,0,0,0,0,0,0,0,0,1,0,0,0,6,15.0,6.0
36,Chalobah,CHE,5.1,1,1,72,0,1,72.0,72.0,0,0,0,1,0,0,0,0,0,1,0,0,0,0,0,2,36.0,2.0
36,Chaplin,IPS,5.1,1,1,54,0,1,54.0,54.0,0,0,0,1,0,0,0,0,0,1,0,0,0,0,0,1,54.0,1.0
36,Chilwell,CRY,4.6,1,0,33,1,0,33.0,0.0,0,0,0,0,0,0,0,0,0,0,0,0,0,0,0,1,33.0,0.0
36,Clarke (Jack),IPS,5.4,1,0,39,1,0,39.0,0.0,0,0,0,0,0,0,0,0,0,0,0,0,0,0,0,1,39.0,0.0
36,Coady,LEI,4.0,1,1,90,0,0,90.0,90.0,1,0,0,2,0,0,0,0,0,0,1,1,0,0,0,7,12.9,7.0
36,Coleman,EVE,4.3,1,0,9,1,0,9.0,0.0,0,0,0,0,0,0,0,0,0,0,0,0,0,0,0,1,9.0,0.0
36,Collins,BRE,4.9,1,1,90,0,0,90.0,90.0,0,0,1,0,0,0,0,0,0,0,0,1,0,2,0,8,11.3,8.0
36,Colwill,CHE,4.8,1,1,90,0,0,90.0,90.0,0,0,0,2,0,0,0,1,0,1,0,0,0,0,0,0,0.0,0.0
36,Cook,BOU,4.9,1,1,90,0,0,90.0,90.0,0,0,0,1,0,0,0,0,0,1,0,0,0,0,0,2,45.0,2.0
36,Coufal,WHU,4.1,1,1,81,0,1,81.0,81.0,0,0,1,0,0,0,0,0,0,0,0,1,0,0,0,6,13.5,6.0
36,Cresswell,WHU,3.9,1,1,90,0,0,90.0,90.0,0,0,1,0,0,0,0,1,0,0,0,1,0,0,0,5,18.0,5.0
36,Cucurella,CHE,6.1,1,1,90,0,0,90.0,90.0,0,0,0,2,0,0,0,0,0,1,0,0,0,0,0,1,90.0,1.0
36,André,WOL,5.4,1,1,85,0,1,85.0,85.0,0,0,0,2,0,0,0,0,0,1,0,0,0,0,0,2,42.5,2.0
36,Damsgaard,BRE,5.8,1,1,81,0,1,81.0,81.0,0,0,1,0,0,0,0,0,0,1,0,0,0,0,0,3,27.0,3.0
36,Danso,TOT,4.3,1,1,90,0,0,90.0,90.0,0,0,0,2,0,0,0,0,0,1,0,0,0,0,0,1,90.0,1.0
36,Davies (Ben),TOT,4.3,1,1,90,0,0,90.0,90.0,0,0,0,2,0,0,0,0,0,1,0,0,0,0,0,1,90.0,1.0
36,De Bruyne,MCI,9.5,1,1,90,0,0,90.0,90.0,0,0,1,0,0,0,0,0,0,1,0,0,0,0,0,3,30.0,3.0
36,Evanilson,BOU,7.0,1,1,90,0,0,90.0,90.0,0,0,0,1,0,0,0,0,0,1,0,0,0,0,0,2,45.0,2.0
36,Delap,IPS,6.2,1,1,59,0,1,59.0,59.0,0,0,0,1,0,0,0,0,0,1,0,0,0,0,0,2,29.5,2.0
36,Devenny,CRY,4.4,1,0,7,1,0,7.0,0.0,0,0,0,0,0,0,0,0,0,0,0,0,0,0,0,1,7.0,0.0
36,Díaz,LIV,8.0,1,1,77,0,1,77.0,77.0,1,0,0,2,0,0,0,0,0,0,1,1,0,1,0,8,9.6,8.0
36,Dibling,SOU,5.4,1,1,62,0,1,62.0,62.0,0,0,1,0,0,0,0,0,0,1,0,0,0,0,0,3,20.7,3.0
36,Digne,AVL,4.5,1,1,90,0,0,90.0,90.0,0,0,1,0,0,0,0,0,0,0,0,1,0,1,0,7,12.9,7.0
36,Doherty,WOL,4.4,1,1,58,0,1,58.0,58.0,0,0,0,1,0,0,0,0,0,1,0,0,0,0,0,1,58.0,1.0
36,Doku,MCI,6.5,1,0,45,1,0,45.0,0.0,0,0,0,0,0,0,0,0,0,0,0,0,0,0,0,1,45.0,0.0
36,Nicolás Domínguez,NFO,5.0,1,1,74,0,1,74.0,74.0,0,0,0,1,0,0,0,0,0,1,0,0,0,0,0,2,37.0,2.0
36,Dorgu,MUN,4.3,1,0,38,1,0,38.0,0.0,0,0,0,0,0,0,0,0,0,0,0,0,0,0,0,1,38.0,0.0
36,Doucouré,EVE,5.1,1,1,59,0,1,59.0,59.0,0,1,0,1,0,0,0,0,0,0,1,1,0,0,0,5,11.8,5.0
36,Downes,SOU,4.7,1,1,90,0,0,90.0,90.0,0,0,1,0,0,0,0,1,0,1,0,0,0,0,0,2,45.0,2.0
36,El Khannouss,LEI,4.8,1,1,90,0,1,90.0,90.0,0,1,0,2,0,0,0,0,0,0,1,1,0,0,0,5,18.0,5.0
36,Elanga,NFO,6.7,1,1,90,0,0,90.0,90.0,0,1,0,2,0,0,0,0,0,0,1,1,0,2,0,7,12.9,7.0
36,Elliott,LIV,5.4,1,0,14,1,0,14.0,0.0,0,0,0,0,0,0,0,0,0,0,0,0,0,0,0,1,14.0,0.0
36,Enciso,IPS,5.4,1,1,90,0,0,90.0,90.0,0,0,0,1,0,0,0,0,0,1,0,0,0,0,0,2,45.0,2.0
36,Eriksen,MUN,5.2,1,0,14,1,0,14.0,0.0,0,0,0,0,0,0,0,0,0,0,0,0,0,0,0,1,14.0,0.0
36,Mateus Fernandes,SOU,5.5,1,1,88,0,1,88.0,88.0,0,0,1,0,0,0,0,0,0,1,0,0,0,0,0,3,29.3,3.0
36,Esse,CRY,4.8,1,0,16,1,0,16.0,0.0,0,0,0,0,0,0,0,0,0,0,0,0,0,0,0,1,16.0,0.0
36,Estupiñán,BHA,4.5,1,1,90,0,0,90.0,90.0,0,0,1,0,0,0,0,0,0,0,0,1,0,1,0,7,12.9,7.0
36,Eze,CRY,7.6,1,1,90,0,0,90.0,90.0,2,0,1,0,0,0,0,0,0,0,2,2,0,3,1,16,5.6,16.0
36,Faes,LEI,3.8,1,1,90,0,0,90.0,90.0,0,0,0,2,0,0,0,0,0,1,0,0,0,0,0,1,90.0,1.0
36,Fernández,CHE,6.7,1,1,90,0,0,90.0,90.0,0,0,0,2,0,0,0,1,0,1,0,0,0,0,0,1,90.0,1.0
36,Jota Silva,NFO,5.4,1,0,9,1,0,9.0,0.0,0,0,0,0,0,0,0,0,0,0,0,0,0,0,0,1,9.0,0.0
36,Flekken,BRE,4.5,1,1,90,0,0,90.0,90.0,0,0,1,0,0,0,4,0,0,0,0,1,0,2,0,9,10.0,9.0
36,Foden,MCI,8.0,1,1,72,0,1,72.0,72.0,0,0,1,0,0,0,0,0,0,1,0,0,0,0,0,3,24.0,3.0
36,Füllkrug,WHU,5.6,1,0,23,1,0,23.0,0.0,0,0,0,0,0,0,0,0,0,0,0,0,0,0,0,1,23.0,0.0
36,Gakpo,LIV,7.6,1,1,66,0,1,66.0,66.0,1,0,0,1,0,0,0,0,0,0,1,1,0,3,0,9,7.3,9.0
36,Gonçalo Guedes,WOL,5.5,1,1,59,0,1,59.0,59.0,0,0,0,1,0,0,0,0,0,1,0,0,0,0,0,1,59.0,1.0
36,Garnacho,MUN,6.4,1,0,38,1,0,38.0,0.0,0,0,0,0,0,0,0,0,0,0,0,0,0,0,0,1,38.0,0.0
36,Garner,EVE,5.0,1,1,90,0,0,90.0,90.0,0,0,0,1,0,0,0,0,0,1,0,0,0,0,0,2,45.0,2.0
36,Rúben Dias,MCI,5.5,1,1,90,0,0,90.0,90.0,0,0,1,0,0,0,0,0,0,0,0,1,0,3,0,9,10.0,9.0
36,Gibbs-White,NFO,7.3,1,1,90,0,0,90.0,90.0,1,1,0,2,0,0,0,0,0,0,2,2,0,3,1,13,6.9,13.0
36,Godo,FUL,4.5,1,0,17,1,0,17.0,0.0,0,0,0,0,0,0,0,0,0,0,0,0,0,0,0,1,17.0,0.0
36,Rodrigo Gomes,WOL,4.5,1,0,34,1,0,34.0,0.0,0,0,0,1,0,0,0,0,0,0,0,0,0,0,0,1,34.0,0.0
36,Toti,WOL,4.3,1,1,90,0,0,90.0,90.0,0,0,0,2,0,0,0,0,0,1,0,0,0,0,0,1,90.0,1.0
36,Beto,EVE,5.2,1,1,89,0,1,89.0,89.0,1,0,0,1,0,0,0,0,0,0,1,1,0,2,0,8,11.1,8.0
36,João Gomes,WOL,5.4,1,1,59,0,1,59.0,59.0,0,0,0,1,0,0,0,0,0,1,0,0,0,0,0,1,59.0,1.0
36,Gómez (Diego),BHA,4.9,1,0,16,1,0,16.0,0.0,0,0,0,0,0,0,0,0,0,0,0,0,0,0,0,1,16.0,0.0
36,Gordon (Anthony),NEW,7.5,1,1,63,0,1,63.0,63.0,0,0,1,0,0,0,0,0,0,1,0,0,0,0,0,3,21.0,3.0
36,Gravenberch,LIV,5.6,1,1,82,0,1,82.0,82.0,0,0,0,2,0,0,0,0,0,1,0,0,0,0,0,2,41.0,2.0
36,Gray (Archie),TOT,4.8,1,1,90,0,0,90.0,90.0,0,0,0,2,0,0,0,0,0,1,0,0,0,0,0,2,45.0,2.0
36,Greaves,IPS,3.8,1,1,90,0,0,90.0,90.0,0,0,0,1,0,0,0,0,0,1,0,0,0,0,0,2,45.0,2.0
36,Gruda,BHA,5.4,1,0,34,1,0,34.0,0.0,1,0,0,0,0,0,0,0,0,0,1,1,0,0,0,6,5.7,0.0
36,Marc Guehi,CRY,4.9,1,1,90,0,0,90.0,90.0,0,0,1,0,0,0,0,0,0,0,0,1,0,1,0,7,12.9,7.0
36,Gueye,EVE,5.4,1,1,89,0,1,89.0,89.0,0,0,0,1,0,0,0,0,0,1,0,0,0,0,0,2,44.5,2.0
36,Bruno Guimarães,NEW,6.5,1,1,90,0,1,90.0,90.0,1,0,1,0,0,0,0,1,0,0,1,1,0,0,0,7,12.9,7.0
36,Gusto,CHE,4.9,1,0,22,1,0,22.0,0.0,0,0,0,1,0,0,0,0,0,0,0,0,0,0,0,1,22.0,0.0
36,Gvardiol,MCI,5.9,1,1,90,0,0,90.0,90.0,0,0,1,0,0,0,0,0,0,0,0,1,0,0,0,6,15.0,6.0
36,Haaland,MCI,14.8,1,1,90,0,0,90.0,90.0,0,0,1,0,0,0,0,0,0,1,0,0,0,0,0,2,45.0,2.0
36,Harrison (Jack),EVE,5.2,1,1,59,0,1,59.0,59.0,0,0,0,1,0,0,0,0,0,1,0,0,0,0,0,2,29.5,2.0
36,Harwood-Bellis,SOU,3.9,1,1,90,0,0,90.0,90.0,0,0,1,0,0,0,0,0,0,0,0,1,0,0,0,6,15.0,6.0
36,Henderson,CRY,5.0,1,1,90,0,0,90.0,90.0,0,0,1,0,0,0,1,0,0,0,0,1,0,0,0,6,15.0,6.0
36,Hinshelwood,BHA,5.1,1,0,2,1,0,2.0,0.0,0,0,0,0,0,0,0,0,0,0,0,0,0,0,0,1,2.0,0.0
36,Hirst,IPS,5.4,1,0,34,1,0,34.0,0.0,0,0,0,0,0,0,0,1,0,0,0,0,0,0,0,0,0.0,0.0
36,Hughes,CRY,4.8,1,1,86,0,1,86.0,86.0,0,0,1,0,0,0,0,0,0,1,0,0,0,0,0,3,28.7,3.0
36,Huijsen,BOU,4.5,1,1,90,0,0,90.0,90.0,0,0,0,1,0,0,0,1,0,1,0,0,0,0,0,1,90.0,1.0
36,Hutchinson,IPS,5.4,1,1,90,0,0,90.0,90.0,0,0,0,1,0,0,0,0,0,1,0,0,0,0,0,2,45.0,2.0
36,Højlund,MUN,6.3,1,1,90,0,0,90.0,90.0,0,0,0,2,0,0,0,0,0,1,0,0,0,0,0,2,45.0,2.0
36,Iroegbunam,EVE,4.9,1,0,15,1,0,15.0,0.0,0,0,0,0,0,0,0,0,0,0,0,0,0,0,0,1,15.0,0.0
36,Isak,NEW,10.4,1,1,90,0,1,90.0,90.0,0,0,1,0,0,0,0,0,0,1,0,0,0,0,0,2,45.0,2.0
36,Iwobi,FUL,6.5,1,1,90,0,0,90.0,90.0,0,0,0,3,0,0,0,0,0,1,0,0,0,0,0,2,45.0,2.0
36,Jackson (Nicolas),CHE,6.5,1,1,33,0,0,33.0,33.0,0,0,0,1,0,0,0,0,1,1,0,0,0,0,0,0,0.0,0.0
36,James,CHE,5.5,1,0,45,1,0,45.0,0.0,0,0,0,1,0,0,0,0,0,0,0,0,0,0,0,1,45.0,0.0
36,Jebbison,BOU,4.5,1,0,7,1,0,7.0,0.0,0,0,0,0,0,0,0,0,0,0,0,0,0,0,0,1,7.0,0.0
36,Jensen,BRE,4.9,1,0,24,1,0,24.0,0.0,0,0,0,0,0,0,0,0,0,0,0,0,0,0,0,1,24.0,0.0
36,Raúl Jiménez,FUL,6.2,1,1,90,0,0,90.0,90.0,1,0,0,3,0,0,0,0,0,0,1,1,0,3,0,9,10.0,9.0
36,Johnson (Ben),IPS,3.8,1,0,11,1,0,11.0,0.0,0,0,0,0,0,0,0,0,0,0,0,0,0,0,0,1,11.0,0.0
36,Jones,LIV,5.4,1,1,66,0,1,66.0,66.0,0,0,0,1,0,0,0,0,0,1,0,0,0,0,0,2,33.0,2.0
36,Justin,LEI,4.0,1,1,90,0,0,90.0,90.0,0,0,0,2,0,0,0,1,0,1,0,0,0,0,0,0,0.0,0.0
36,Kamada,CRY,5.0,1,0,33,1,0,33.0,0.0,0,0,0,0,0,0,0,0,0,0,0,0,0,0,0,1,33.0,0.0
36,Kamara,AVL,4.9,1,1,90,0,0,90.0,90.0,0,0,1,0,0,0,0,0,0,1,0,0,0,0,0,3,30.0,3.0
36,Kayode,BRE,4.5,1,1,90,0,0,90.0,90.0,0,0,1,0,0,0,0,1,0,0,0,1,0,0,0,5,18.0,5.0
36,Keane,EVE,4.5,1,1,90,0,0,90.0,90.0,1,0,0,1,0,0,0,0,0,0,1,1,0,1,0,9,10.0,9.0
36,Kerkez,BOU,5.8,1,1,88,0,1,88.0,88.0,0,0,0,1,0,0,0,0,0,1,0,0,0,0,0,2,44.0,2.0
36,Kilman,WHU,4.3,1,1,90,0,0,90.0,90.0,0,0,1,0,0,0,0,0,0,0,0,1,0,0,0,6,15.0,6.0
36,King (Joshua),FUL,4.5,1,0,17,1,0,17.0,0.0,0,0,0,0,0,0,0,0,0,0,0,0,0,0,0,1,17.0,0.0
36,Kinsky,TOT,3.9,1,1,90,0,0,90.0,90.0,0,0,0,2,0,0,8,0,0,1,0,0,0,0,0,3,30.0,3.0
36,Kiwior,ARS,5.4,1,1,90,0,0,90.0,90.0,0,0,0,2,0,0,0,0,0,1,0,0,0,0,0,1,90.0,1.0
36,Kluivert,BOU,7.0,1,0,45,1,0,45.0,0.0,0,0,0,0,0,0,0,0,0,0,0,0,0,0,0,1,45.0,0.0
36,Konak,BRE,4.4,1,0,3,1,0,3.0,0.0,0,0,0,0,0,0,0,0,0,0,0,0,0,0,0,1,3.0,0.0
36,Konaté,LIV,5.4,1,1,90,0,0,90.0,90.0,0,0,0,2,0,0,0,0,0,1,0,0,0,0,0,1,90.0,1.0
36,Konsa Ngoyo,AVL,4.4,1,1,90,0,0,90.0,90.0,0,0,1,0,0,0,0,1,0,0,0,1,0,0,0,5,18.0,5.0
36,Kovacic,MCI,5.9,1,1,79,0,1,79.0,79.0,0,0,1,0,0,0,0,0,0,1,0,0,0,0,0,3,26.3,3.0
36,Krafth,NEW,4.4,1,0,31,1,0,31.0,0.0,0,0,0,0,0,0,0,1,0,0,0,0,0,0,0,0,0.0,0.0
36,Kristiansen,LEI,4.4,1,0,20,1,0,20.0,0.0,0,0,0,0,0,0,0,0,0,0,0,0,0,0,0,1,20.0,0.0
36,Kudus,WHU,6.8,1,1,71,0,1,71.0,71.0,0,1,1,0,0,0,0,0,0,0,1,1,0,0,0,6,11.8,6.0
36,Kulusevski,TOT,6.4,1,1,16,0,1,16.0,16.0,0,0,0,0,0,0,0,0,0,1,0,0,0,0,0,1,16.0,1.0
36,Lacroix,CRY,5.0,1,1,90,0,0,90.0,90.0,0,0,1,0,0,0,0,0,0,0,0,1,0,0,0,6,15.0,6.0
36,Lamptey,BHA,4.4,1,1,58,0,1,58.0,58.0,0,0,0,0,0,0,0,0,0,1,0,0,0,0,0,1,58.0,1.0
36,Lavia,CHE,4.9,1,1,72,0,1,72.0,72.0,0,0,0,1,0,0,0,0,0,1,0,0,0,0,0,2,36.0,2.0
36,Leno,FUL,5.0,1,1,90,0,0,90.0,90.0,0,0,0,3,0,0,4,0,0,1,0,0,0,0,0,2,45.0,2.0
36,Lerma,CRY,4.9,1,1,60,0,1,60.0,60.0,0,0,0,0,0,0,0,1,0,1,0,0,0,0,0,2,30.0,2.0
36,Lewis (Rico),MCI,4.9,1,1,72,0,1,72.0,72.0,0,0,1,0,0,0,0,0,0,0,0,1,0,0,0,6,12.0,6.0
36,Lewis-Potter,BRE,4.9,1,1,90,0,0,90.0,90.0,0,0,1,0,0,0,0,0,0,1,0,0,0,0,0,3,30.0,3.0
36,Lewis-Skelly,ARS,5.2,1,1,90,0,0,90.0,90.0,0,0,0,2,0,0,0,1,0,1,0,0,0,0,0,1,90.0,1.0
36,Livramento,NEW,4.9,1,1,90,0,0,90.0,90.0,0,0,1,0,0,0,0,0,0,0,0,1,0,1,0,7,12.9,7.0
36,Longstaff (Sean),NEW,4.9,1,0,2,1,0,2.0,0.0,0,0,0,0,0,0,0,0,0,0,0,0,0,0,0,1,2.0,0.0
36,Maatsen,AVL,4.3,1,0,7,1,0,7.0,0.0,0,0,0,0,0,0,0,0,0,0,0,0,0,0,0,1,7.0,0.0
36,Mac Allister,LIV,6.3,1,0,30,1,0,30.0,0.0,0,0,0,1,0,0,0,0,0,0,0,0,0,0,0,1,30.0,0.0
36,Madueke,CHE,6.8,1,1,45,0,1,45.0,45.0,0,0,0,1,0,0,0,0,0,1,0,0,0,0,0,1,45.0,1.0
36,Maguire,MUN,4.4,1,0,45,1,0,45.0,0.0,0,0,0,1,0,0,0,0,0,0,0,0,0,0,0,1,45.0,0.0
36,Mainoo,MUN,4.8,1,1,90,0,0,90.0,90.0,0,0,0,2,0,0,0,0,0,1,0,0,0,0,0,2,45.0,2.0
36,José Sá,WOL,4.4,1,1,90,0,0,90.0,90.0,0,0,0,2,0,0,0,0,0,1,0,0,0,0,0,1,90.0,1.0
36,Mané,WOL,4.5,1,0,7,1,0,7.0,0.0,0,0,0,0,0,0,0,0,0,0,0,0,0,0,0,1,7.0,0.0
36,Manning,SOU,4.3,1,0,10,1,0,10.0,0.0,0,0,0,0,0,0,0,0,0,0,0,0,0,0,0,1,10.0,0.0
36,Omar Marmoush,MCI,8.3,1,0,14,1,0,14.0,0.0,0,0,0,0,0,0,0,0,0,0,0,0,0,0,0,1,14.0,0.0
36,Martinelli,ARS,6.9,1,1,90,0,0,90.0,90.0,1,0,0,2,0,0,0,0,0,0,1,1,0,0,0,7,12.9,7.0
36,Martinez,AVL,5.0,1,1,90,0,0,90.0,90.0,0,0,1,0,0,0,4,1,0,0,0,1,0,2,0,8,11.3,8.0
36,Mateta,CRY,7.7,1,1,60,0,1,60.0,60.0,0,0,0,0,0,0,0,0,0,1,0,0,0,0,0,1,60.0,1.0
36,Mavropanos,WHU,4.4,1,0,13,1,0,13.0,0.0,0,0,0,0,0,0,0,0,0,0,0,0,0,0,0,1,13.0,0.0
36,Mazraoui,MUN,4.9,1,1,90,0,0,90.0,90.0,0,0,0,2,0,0,0,0,0,1,0,0,0,0,0,1,90.0,1.0
36,Mbeumo,BRE,8.2,1,1,90,0,0,90.0,90.0,0,1,1,0,0,0,0,0,0,0,1,1,0,0,0,6,15.0,6.0
36,Mcatee,MCI,5.2,1,1,45,0,1,45.0,45.0,0,0,0,0,0,0,0,0,0,1,0,0,0,0,0,1,45.0,1.0
36,McAteer,LEI,4.7,1,1,76,0,1,76.0,76.0,0,0,0,2,0,0,0,0,0,1,0,0,0,0,0,2,38.0,2.0
36,McGinn,AVL,5.4,1,0,26,1,0,26.0,0.0,0,0,0,0,0,0,0,0,0,0,0,0,0,0,0,1,26.0,0.0
36,McNeil,EVE,5.6,1,0,38,1,0,38.0,0.0,0,1,0,0,0,0,0,0,0,0,1,1,0,0,0,4,9.5,0.0
36,Merino,ARS,5.9,1,1,78,0,0,78.0,78.0,1,0,0,2,0,0,0,0,1,0,1,1,0,0,0,4,19.5,4.0
36,Milenkovic,NFO,5.2,1,1,90,0,0,90.0,90.0,0,0,0,2,0,0,0,0,0,1,0,0,0,0,0,1,90.0,1.0
36,Miley (Lewis),NEW,4.4,1,0,41,1,0,41.0,0.0,0,0,0,0,0,0,0,0,0,0,0,0,0,0,0,1,41.0,0.0
36,Mings,AVL,4.4,1,1,70,0,1,70.0,70.0,0,0,1,0,0,0,0,0,0,0,0,1,0,0,0,6,11.7,6.0
36,Minteh,BHA,6.0,1,1,76,0,1,76.0,76.0,0,0,1,0,0,0,0,0,0,1,0,0,0,0,0,3,25.3,3.0
36,Mitchell,CRY,5.0,1,1,60,0,1,60.0,60.0,0,0,1,0,0,0,0,0,0,0,0,1,0,0,0,6,10.0,6.0
36,Mitoma,BHA,6.2,1,0,16,1,0,16.0,0.0,0,0,0,0,0,0,0,0,0,0,0,0,0,0,0,1,16.0,0.0
36,Monga,LEI,4.5,1,0,20,1,0,20.0,0.0,0,0,0,0,0,0,0,0,0,0,0,0,0,0,0,1,20.0,0.0
36,Moore (Mikey),TOT,5.0,1,0,75,1,0,75.0,0.0,0,0,0,2,0,0,0,0,0,0,0,0,0,0,0,2,37.5,0.0
36,Savinho,MCI,6.9,1,0,21,1,0,21.0,0.0,0,0,0,0,0,0,0,0,0,0,0,0,0,0,0,1,21.0,0.0
36,Morsy,IPS,4.8,1,1,90,0,0,90.0,90.0,0,0,0,1,0,0,0,0,0,1,0,0,0,0,0,2,45.0,2.0
36,Mount,MUN,5.9,1,1,57,0,1,57.0,57.0,0,0,0,2,0,0,0,0,0,1,0,0,0,0,0,1,57.0,1.0
36,Munetsi,WOL,5.4,1,1,90,0,0,90.0,90.0,0,0,0,2,0,0,0,0,0,1,0,0,0,0,0,2,45.0,2.0
36,Muñoz,CRY,5.7,1,1,90,0,0,90.0,90.0,0,1,1,0,0,0,0,0,0,0,1,2,0,2,1,11,8.2,11.0
36,Murphy (Jacob),NEW,6.1,1,1,90,0,0,90.0,90.0,0,1,1,0,0,0,0,1,0,0,1,1,0,0,0,5,18.0,5.0
36,Mvom Onana,AVL,4.8,1,1,90,0,0,90.0,90.0,0,0,1,0,0,0,0,0,0,1,0,0,0,0,0,3,30.0,3.0
36,Mykolenko,EVE,4.9,1,1,90,0,0,90.0,90.0,1,0,0,1,0,0,0,0,0,0,1,1,0,0,0,8,11.3,8.0
36,Thiago,BRE,6.2,1,0,11,1,0,11.0,0.0,0,0,0,0,0,0,0,0,0,0,0,0,0,0,0,1,11.0,0.0
36,Ndiaye,EVE,6.5,1,0,38,1,0,38.0,0.0,0,0,0,0,0,0,0,0,0,0,0,0,0,0,0,1,38.0,0.0
36,Ndidi,LEI,4.9,1,1,90,0,0,90.0,90.0,0,0,0,2,0,0,0,0,0,1,0,0,0,0,0,2,45.0,2.0
36,Neto,CHE,7.0,1,1,90,0,0,90.0,90.0,0,0,0,2,0,0,0,0,0,1,0,0,0,0,0,2,45.0,2.0
36,Lindelof,MUN,4.5,1,0,44,1,0,44.0,0.0,0,0,0,1,0,0,0,0,0,0,0,0,0,0,0,1,44.0,0.0
36,Eddie Nketiah,CRY,5.4,1,0,33,1,0,33.0,0.0,0,0,0,0,0,0,0,0,0,0,0,0,0,0,0,1,33.0,0.0
36,Norgaard,BRE,5.2,1,1,90,0,0,90.0,90.0,0,0,1,0,0,0,0,1,0,1,0,0,0,0,0,2,45.0,2.0
36,Núñez,LIV,6.5,1,0,30,1,0,30.0,0.0,0,0,0,1,0,0,0,0,0,0,0,0,0,0,0,1,30.0,0.0
36,O'Shea,IPS,3.8,1,1,90,0,0,90.0,90.0,0,0,0,1,0,0,0,0,0,1,0,0,0,0,0,2,45.0,2.0
36,Odegaard,ARS,7.9,1,1,90,0,0,90.0,90.0,0,1,0,2,0,0,0,0,0,0,1,1,0,0,0,5,18.0,5.0
36,Odobert,TOT,5.3,1,1,90,0,0,90.0,90.0,0,0,0,2,0,0,0,0,0,1,0,0,0,0,0,2,45.0,2.0
36,Okoli,LEI,4.0,1,0,6,1,0,6.0,0.0,0,0,0,0,0,0,0,0,0,0,0,0,0,0,0,1,6.0,0.0
36,O’Reilly,MCI,4.9,1,0,21,1,0,21.0,0.0,0,0,0,0,0,0,0,0,0,0,0,0,0,0,0,1,21.0,0.0
36,O’Riley,BHA,5.5,1,1,58,0,1,58.0,58.0,0,0,0,0,0,0,0,0,0,1,0,0,0,0,0,1,58.0,1.0
36,Palmer (Alex),IPS,4.5,1,1,90,0,0,90.0,90.0,0,0,0,1,0,0,4,0,0,1,0,0,0,0,0,3,30.0,3.0
36,Palmer (Cole),CHE,10.3,1,1,90,0,0,90.0,90.0,0,0,0,2,0,0,0,0,0,1,0,0,0,0,0,2,45.0,2.0
36,Emerson,WHU,4.4,1,0,13,1,0,13.0,0.0,0,0,0,0,0,0,0,0,0,0,0,0,0,0,0,1,13.0,0.0
36,Partey,ARS,4.9,1,1,90,0,0,90.0,90.0,0,0,0,2,0,0,0,0,0,1,0,0,0,0,0,2,45.0,2.0
36,Pereira,FUL,5.3,1,1,72,0,1,72.0,72.0,0,0,0,3,0,0,0,0,0,1,0,0,0,0,0,2,36.0,2.0
36,Pickford,EVE,5.5,1,1,90,0,0,90.0,90.0,0,0,0,1,0,0,5,0,0,1,0,0,0,0,0,3,30.0,3.0
36,Pope,NEW,5.2,1,1,90,0,0,90.0,90.0,0,0,1,0,0,0,3,0,0,0,0,1,0,0,0,7,12.9,7.0
36,Porro,TOT,5.5,1,1,57,0,1,57.0,57.0,0,0,0,2,0,0,0,0,0,1,0,0,0,0,0,0,0.0,0.0
36,Ramsdale,SOU,4.8,1,1,90,0,0,90.0,90.0,0,0,1,0,0,0,4,0,0,0,0,1,0,3,1,10,9.0,10.0
36,Alisson,LIV,5.4,1,1,90,0,0,90.0,90.0,0,0,0,2,0,0,4,0,0,1,0,0,0,0,0,2,45.0,2.0
36,Ramsey (Jacob),AVL,5.3,1,1,80,0,0,80.0,80.0,0,0,1,0,0,0,0,0,1,1,0,0,0,0,0,0,0.0,0.0
36,Raya Martin,ARS,5.8,1,1,90,0,0,90.0,90.0,0,0,0,2,0,0,3,0,0,1,0,0,0,0,0,2,45.0,2.0
36,Richards (Chris),CRY,4.5,1,1,90,0,0,90.0,90.0,0,0,1,0,0,0,0,0,0,0,0,1,0,0,0,6,15.0,6.0
36,Robertson,LIV,5.8,1,1,90,0,0,90.0,90.0,0,1,0,2,0,0,0,0,0,0,1,1,0,0,0,4,22.5,4.0
36,Morato,NFO,4.4,1,1,90,0,0,90.0,90.0,0,0,0,2,0,0,0,1,0,1,0,0,0,0,0,0,0.0,0.0
36,Rodríguez,WHU,4.8,1,1,61,0,1,61.0,61.0,0,0,1,0,0,0,0,0,0,1,0,0,0,0,0,3,20.3,3.0
36,Rogers,AVL,6.8,1,1,88,0,1,88.0,88.0,0,1,1,0,0,0,0,0,0,0,1,1,0,0,0,6,14.7,6.0
36,Saka,ARS,10.0,1,1,86,0,1,86.0,86.0,0,0,0,2,0,0,0,0,0,1,0,0,0,0,0,2,43.0,2.0
36,Salah,LIV,14.3,1,1,90,0,0,90.0,90.0,0,0,0,2,0,0,0,0,0,1,0,0,0,0,0,2,45.0,2.0
36,Saliba,ARS,6.0,1,1,90,0,0,90.0,90.0,0,0,0,2,0,0,0,0,0,1,0,0,0,0,0,1,90.0,1.0
36,Sanchez,CHE,4.9,1,1,90,0,0,90.0,90.0,0,0,0,2,0,0,4,0,0,1,0,0,0,0,0,2,45.0,2.0
36,Sancho,MUN,5.8,1,0,22,1,0,22.0,0.0,0,0,0,1,0,0,0,0,0,0,0,0,0,0,0,1,22.0,0.0
36,Sangaré,NFO,4.9,1,1,83,0,1,83.0,83.0,0,0,0,2,0,0,0,0,0,1,0,0,0,0,0,2,41.5,2.0
36,Ederson,MCI,5.3,1,1,90,0,0,90.0,90.0,0,0,1,0,0,0,0,0,0,0,0,1,0,0,0,6,15.0,6.0
36,Welington,SOU,4.0,1,1,83,0,1,83.0,83.0,0,0,1,0,0,0,0,0,0,0,0,1,0,0,0,6,13.8,6.0
36,Matheus Cunha,WOL,7.9,1,1,59,0,1,59.0,59.0,0,0,0,1,0,0,0,1,0,1,0,0,0,0,0,0,0.0,0.0
36,Sarabia,WOL,5.0,1,0,34,1,0,34.0,0.0,0,0,0,1,0,0,0,0,0,0,0,0,0,0,0,1,34.0,0.0
36,Ismaila Sarr,CRY,6.6,1,1,78,0,1,78.0,78.0,0,1,1,0,0,0,0,0,0,0,1,1,0,0,0,6,13.0,6.0
36,Sarr (Pape),TOT,4.9,1,1,90,0,0,90.0,90.0,0,0,0,2,0,0,0,0,0,1,0,0,0,0,0,2,45.0,2.0
36,Schade,BRE,7.0,1,1,69,0,1,69.0,69.0,1,0,1,0,0,0,0,0,0,0,1,1,0,3,1,11,6.3,11.0
36,Schär,NEW,5.4,1,1,90,0,0,90.0,90.0,0,0,1,0,0,0,0,1,0,0,0,1,0,0,0,5,18.0,5.0
36,Scott,BOU,5.0,1,1,45,0,1,45.0,45.0,0,0,0,1,0,0,0,1,0,1,0,0,0,0,0,0,0.0,0.0
36,Sels,NFO,4.8,1,1,90,0,0,90.0,90.0,0,0,0,2,0,0,4,0,0,1,0,0,0,0,0,2,45.0,2.0
36,Semedo,WOL,4.5,1,1,90,0,0,90.0,90.0,0,0,0,2,0,0,0,0,0,1,0,0,0,0,0,1,90.0,1.0
36,Semenyo,BOU,8.1,1,1,90,0,0,90.0,90.0,0,0,0,1,0,0,0,0,0,1,0,0,0,0,0,2,45.0,2.0
36,Senesi,BOU,5.0,1,0,20,1,0,20.0,0.0,0,0,0,0,0,0,0,0,0,0,0,0,0,0,0,1,20.0,0.0
36,Sessegnon (Ryan),FUL,5.4,1,1,81,0,1,81.0,81.0,0,0,0,3,0,0,0,0,0,1,0,0,0,0,0,1,81.0,1.0
36,Shaw,MUN,4.5,1,1,50,0,1,50.0,50.0,0,0,0,1,0,0,0,0,0,1,0,0,0,0,0,1,50.0,1.0
36,Skipp,LEI,4.7,1,1,60,0,1,60.0,60.0,0,0,0,2,0,0,0,0,0,1,0,0,0,0,0,1,60.0,1.0
36,Smallbone,SOU,5.0,1,0,5,1,0,5.0,0.0,0,0,0,0,0,0,0,0,0,0,0,0,0,0,0,1,5.0,0.0
36,Smith,BOU,4.4,1,1,70,0,1,70.0,70.0,0,0,0,1,0,0,0,1,0,1,0,0,0,0,0,1,70.0,1.0
36,Smith-Rowe,FUL,5.7,1,1,61,0,1,61.0,61.0,0,1,0,1,0,0,0,0,0,0,1,1,0,0,0,5,12.2,5.0
36,Soler (Carlos),WHU,5.0,1,0,23,1,0,23.0,0.0,0,0,0,0,0,0,0,0,0,0,0,0,0,0,0,1,23.0,0.0
36,Son,TOT,8.5,1,0,36,1,0,36.0,0.0,0,0,0,0,0,0,0,0,0,0,0,0,0,0,0,1,36.0,0.0
36,Soucek,WHU,5.7,1,1,90,0,0,90.0,90.0,1,0,1,0,0,0,0,0,0,0,1,1,0,2,1,10,9.0,10.0
36,Soumaré,LEI,4.4,1,0,36,1,0,36.0,0.0,0,0,0,0,0,0,0,0,0,0,0,0,0,0,0,1,36.0,0.0
36,Spence,TOT,4.5,1,1,90,0,0,90.0,90.0,0,0,0,2,0,0,0,0,0,1,0,0,0,0,0,1,90.0,1.0
36,Stephens,SOU,4.0,1,1,90,0,0,90.0,90.0,0,0,1,0,0,0,0,0,0,0,0,1,0,0,0,6,15.0,6.0
36,Stewart,SOU,4.4,1,0,10,1,0,10.0,0.0,0,0,0,0,0,0,0,0,0,0,0,0,0,0,0,1,10.0,0.0
36,Stolarczyk,LEI,4.0,1,1,90,0,0,90.0,90.0,0,0,0,2,0,0,2,0,0,1,0,0,0,0,0,1,90.0,1.0
36,Strand Larsen,WOL,6.4,1,0,34,1,0,34.0,0.0,0,0,0,1,0,0,0,0,0,0,0,0,0,0,0,1,34.0,0.0
36,Sulemana,SOU,5.0,1,1,83,0,1,83.0,83.0,0,0,1,0,0,0,0,0,0,1,0,0,0,0,0,3,27.7,3.0
36,Szoboszlai,LIV,6.5,1,1,90,0,0,90.0,90.0,0,1,0,2,0,0,0,0,0,0,1,1,0,0,0,5,18.0,5.0
36,Tavernier,BOU,5.5,1,1,90,0,0,90.0,90.0,0,0,0,1,0,0,0,0,0,1,0,0,0,0,0,2,45.0,2.0
36,Taylor (Jack),IPS,4.8,1,1,58,0,1,58.0,58.0,0,0,0,1,0,0,0,1,0,1,0,0,0,0,0,1,58.0,1.0
36,Diogo Jota,LIV,7.2,1,0,19,1,0,19.0,0.0,0,0,0,0,0,0,0,0,0,0,0,0,0,0,0,1,19.0,0.0
36,Tel,TOT,6.3,1,1,90,0,0,90.0,90.0,0,0,0,2,0,0,0,0,0,1,0,0,0,0,0,2,45.0,2.0
36,Tete,FUL,4.5,1,1,90,0,0,90.0,90.0,0,0,0,3,0,0,0,0,0,1,0,0,0,0,0,1,90.0,1.0
36,Thomas,LEI,3.9,1,1,76,0,1,76.0,76.0,0,0,0,2,0,0,0,1,0,1,0,0,0,0,0,0,0.0,0.0
36,Tierney,ARS,4.3,1,0,20,1,0,20.0,0.0,0,0,0,0,0,0,0,0,0,0,0,0,0,0,0,1,20.0,0.0
36,Todibo,WHU,4.3,1,1,81,0,1,81.0,81.0,0,0,1,0,0,0,0,0,0,0,0,1,0,0,0,6,13.5,6.0
36,Tonali,NEW,5.4,1,1,90,0,0,90.0,90.0,1,0,1,0,0,0,0,0,0,0,1,1,0,3,1,11,8.2,11.0
36,Torres,AVL,4.3,1,0,26,1,0,26.0,0.0,0,0,0,0,0,0,0,0,0,0,0,0,0,0,0,1,26.0,0.0
36,Traoré (Adama),FUL,5.2,1,0,36,1,0,36.0,0.0,0,0,0,2,0,0,0,0,0,0,0,0,0,0,0,1,36.0,0.0
36,Amad Diallo,MUN,6.3,1,1,81,0,1,81.0,81.0,0,0,0,2,0,0,0,0,0,1,0,0,0,0,0,2,40.5,2.0
36,Trossard,ARS,6.9,1,1,76,0,1,76.0,76.0,0,1,0,2,0,0,0,0,0,0,1,1,0,2,0,7,10.9,7.0
36,Tuanzebe,IPS,3.9,1,1,81,0,1,81.0,81.0,0,0,0,1,0,0,0,0,0,1,0,0,0,0,0,2,40.5,2.0
36,Ugarte,MUN,4.8,1,1,56,0,1,56.0,56.0,0,0,0,2,0,0,0,0,0,1,0,0,0,0,0,1,56.0,1.0
36,Ugochukwu,SOU,5.0,1,1,45,0,1,45.0,45.0,0,0,0,0,0,0,0,1,0,1,0,0,0,0,0,0,0.0,0.0
36,van den Berg,BRE,4.5,1,1,90,0,0,90.0,90.0,0,0,1,0,0,0,0,0,0,0,0,1,0,0,0,6,15.0,6.0
36,van Dijk,LIV,6.0,1,1,90,0,0,90.0,90.0,0,0,0,2,0,0,0,0,0,1,0,0,0,0,0,1,90.0,1.0
36,van Hecke,BHA,4.4,1,1,90,0,0,90.0,90.0,0,0,1,0,0,0,0,0,0,0,0,1,0,1,0,7,12.9,7.0
36,Vardy,LEI,5.4,1,1,90,0,0,90.0,90.0,0,1,0,2,0,0,0,0,0,0,1,1,0,0,0,5,18.0,5.0
36,Bernardo Silva,MCI,6.3,1,1,90,0,0,90.0,90.0,0,0,1,0,0,0,0,0,0,1,0,0,0,0,0,3,30.0,3.0
36,Verbruggen,BHA,4.4,1,1,90,0,0,90.0,90.0,0,0,1,0,0,0,4,0,0,0,0,1,0,1,0,8,11.3,8.0
36,Wan-Bissaka,WHU,4.3,1,1,90,0,0,90.0,90.0,0,1,1,0,0,0,0,0,0,0,1,2,0,3,1,12,7.5,12.0
36,Ward-Prowse,WHU,5.7,1,1,90,0,0,90.0,90.0,0,0,1,0,0,0,0,0,0,1,0,0,0,0,0,3,30.0,3.0
36,Watkins,AVL,8.5,1,1,90,0,0,90.0,90.0,1,0,1,0,0,0,0,0,0,0,1,1,0,3,0,9,10.0,9.0
36,Webster,BHA,4.4,1,1,90,0,0,90.0,90.0,0,0,1,0,0,0,0,0,0,0,0,1,0,2,0,8,11.3,8.0
36,Welbeck,BHA,6.4,1,1,90,0,0,90.0,90.0,1,0,1,0,0,0,0,0,0,0,1,1,0,3,0,9,10.0,9.0
36,White (Ben),ARS,5.4,1,1,77,0,1,77.0,77.0,0,0,0,2,0,0,0,0,0,1,0,0,0,0,0,1,77.0,1.0
36,Wieffer,BHA,4.9,1,1,90,0,0,90.0,90.0,0,1,1,0,0,0,0,1,0,0,1,1,0,0,0,5,18.0,5.0
36,Williams (Neco),NFO,4.7,1,1,90,0,0,90.0,90.0,0,0,0,2,0,0,0,0,0,1,0,0,0,0,0,1,90.0,1.0
36,Wilson (Callum),NEW,5.9,1,0,2,1,0,2.0,0.0,0,0,0,0,0,0,0,0,0,0,0,0,0,0,0,1,2.0,0.0
36,Wilson (Harry),FUL,5.3,1,1,72,0,1,72.0,72.0,0,0,0,3,0,0,0,0,0,1,0,0,0,0,0,2,36.0,2.0
36,Wissa,BRE,7.4,1,1,89,0,1,89.0,89.0,0,0,1,0,0,0,0,1,0,1,0,0,0,0,0,1,89.0,1.0
36,Wood (Chris),NFO,7.2,1,1,90,0,0,90.0,90.0,1,0,0,2,0,0,0,0,0,0,1,1,0,2,0,8,11.3,8.0
36,Yarmolyuk,BRE,5.0,1,1,90,0,0,90.0,90.0,0,0,1,0,0,0,0,1,0,1,0,0,0,0,0,2,45.0,2.0
36,Yates,NFO,4.8,1,0,22,1,0,22.0,0.0,0,0,0,1,0,0,0,0,0,0,0,0,0,0,0,1,22.0,0.0
36,Yoro,MUN,4.4,1,1,50,0,1,50.0,50.0,0,0,0,1,0,0,0,0,0,1,0,0,0,0,0,1,50.0,1.0
36,Young (Ashley),EVE,4.2,1,1,90,0,0,90.0,90.0,0,0,0,1,0,0,0,0,0,1,0,0,0,0,0,2,45.0,2.0
36,Zabarnyi,BOU,5.0,1,1,88,0,1,88.0,88.0,0,0,0,1,0,0,0,1,0,1,0,0,0,0,0,1,88.0,1.0
36,Zinchenko,ARS,4.9,1,0,10,1,0,10.0,0.0,0,0,0,0,0,0,0,0,0,0,0,0,0,0,0,1,10.0,0.0
37,Adams (Tyler),BOU,5.0,1,1,90,0,0,90.0,90.0,0,0,0,3,0,0,0,0,0,1,0,0,0,0,0,2,45.0,2.0
37,Tosin,CHE,4.4,1,1,90,0,0,90.0,90.0,0,0,1,0,0,0,0,0,0,0,0,1,0,2,0,8,11.3,8.0
37,Adingra,BHA,5.1,1,1,62,0,1,62.0,62.0,0,0,0,2,0,0,0,0,0,1,0,0,0,0,0,2,31.0,2.0
37,Agbadou,WOL,4.4,1,1,90,0,0,90.0,90.0,1,0,0,4,0,0,0,1,0,0,1,1,0,0,0,5,18.0,5.0
37,Aina,NFO,4.7,1,1,90,0,0,90.0,90.0,0,0,0,1,0,0,0,0,0,1,0,0,0,0,0,2,45.0,2.0
37,Ait Nouri,WOL,5.8,1,1,90,0,0,90.0,90.0,0,0,0,4,0,0,0,0,0,1,0,0,0,0,0,0,0.0,0.0
37,Ajer,BRE,4.4,1,0,36,1,0,36.0,0.0,0,0,0,2,0,0,0,0,0,0,0,0,0,0,0,0,0.0,0.0
37,Akanji,MCI,5.4,1,1,90,0,0,90.0,90.0,0,0,0,1,0,0,0,0,0,1,0,0,0,0,0,2,45.0,2.0
37,Alcaraz,EVE,5.2,1,0,28,1,0,28.0,0.0,0,0,0,0,0,0,0,0,0,0,0,0,0,0,0,1,28.0,0.0
37,Álvarez (Edson),WHU,4.9,1,0,40,1,0,40.0,0.0,0,0,0,1,0,0,0,1,0,0,0,0,0,0,0,0,0.0,0.0
37,Andersen,FUL,4.5,1,1,90,0,0,90.0,90.0,0,0,0,2,0,0,0,1,0,1,0,0,0,0,0,0,0.0,0.0
37,Anderson,NFO,5.3,1,1,76,0,1,76.0,76.0,0,0,1,0,0,0,0,1,0,1,0,0,0,0,0,2,38.0,2.0
37,Araujo,BOU,3.9,1,1,69,0,1,69.0,69.0,0,0,0,2,0,0,0,1,0,1,0,0,0,0,0,0,0.0,0.0
37,Archer,SOU,4.8,1,0,33,1,0,33.0,0.0,0,0,0,0,0,0,0,0,0,0,0,0,0,0,0,1,33.0,0.0
37,Areola,WHU,4.3,1,1,90,0,0,90.0,90.0,0,0,0,2,0,0,3,0,0,1,0,0,0,0,0,2,45.0,2.0
37,Aribo,SOU,4.9,1,1,58,0,1,58.0,58.0,0,0,0,2,0,0,0,0,0,1,0,0,0,0,0,1,58.0,1.0
37,Kepa,BOU,4.2,1,1,90,0,0,90.0,90.0,0,0,0,3,0,0,2,0,0,1,0,0,0,0,0,1,90.0,1.0
37,Asensio,AVL,6.0,1,1,90,0,0,90.0,90.0,0,0,1,0,0,0,0,0,0,1,0,0,0,0,0,3,30.0,3.0
37,Ayari,BHA,4.9,1,1,71,0,1,71.0,71.0,1,0,0,2,0,0,0,0,0,0,1,1,0,2,0,9,7.9,9.0
37,Ayew,LEI,5.1,1,1,64,0,1,64.0,64.0,0,0,1,0,0,0,0,0,0,1,0,0,0,0,0,3,21.3,3.0
37,Bailey,AVL,5.5,1,0,7,1,0,7.0,0.0,0,0,0,0,0,0,0,0,0,0,0,0,0,0,0,1,7.0,0.0
37,Baleba,BHA,4.7,1,1,90,0,0,90.0,90.0,0,0,0,2,0,0,0,0,0,1,0,0,0,0,0,2,45.0,2.0
37,Ricardo Pereira,LEI,4.1,1,0,32,1,0,32.0,0.0,0,0,0,0,0,0,0,0,0,0,0,0,0,0,0,1,32.0,0.0
37,Barkley,AVL,4.8,1,0,8,1,0,8.0,0.0,0,0,0,0,0,0,0,0,0,0,0,0,0,0,0,1,8.0,0.0
37,Barnes,NEW,6.4,1,1,75,0,1,75.0,75.0,0,0,0,1,0,0,0,0,0,1,0,0,0,0,0,2,37.5,2.0
37,Bassey,FUL,4.5,1,1,90,0,0,90.0,90.0,0,0,0,2,0,0,0,0,0,1,0,0,0,0,0,1,90.0,1.0
37,Bellegarde,WOL,5.2,1,1,90,0,0,90.0,90.0,0,1,0,4,0,0,0,0,0,0,1,1,0,0,0,5,18.0,5.0
37,Bentancur,TOT,5.3,1,0,21,1,0,21.0,0.0,0,0,0,0,0,0,0,0,0,0,0,0,0,0,0,1,21.0,0.0
37,Bentley,WOL,4.0,1,1,90,0,0,90.0,90.0,0,0,0,4,0,0,6,0,0,1,0,0,0,0,0,2,45.0,2.0
37,Berge,FUL,4.9,1,1,45,0,1,45.0,45.0,0,0,0,2,0,0,0,0,0,1,0,0,0,0,0,1,45.0,1.0
37,Bissouma,TOT,5.2,1,0,41,1,0,41.0,0.0,0,0,0,2,0,0,0,0,0,0,0,0,0,0,0,1,41.0,0.0
37,Bobb,MCI,5.4,1,0,5,1,0,5.0,0.0,0,0,0,1,0,0,0,0,0,0,0,0,0,0,0,1,5.0,0.0
37,Bruno Fernandes,MUN,8.9,1,1,77,0,1,77.0,77.0,0,0,0,1,0,0,0,1,0,1,0,0,0,0,0,1,77.0,1.0
37,Botman,NEW,4.9,1,1,63,0,1,63.0,63.0,0,0,0,1,0,0,0,0,0,1,0,0,0,0,0,2,31.5,2.0
37,Bowen,WHU,7.8,1,1,90,0,0,90.0,90.0,1,0,0,2,0,0,0,0,0,0,1,1,0,1,0,8,11.3,8.0
37,Bradley,LIV,5.0,1,1,75,0,1,75.0,75.0,0,1,0,2,0,0,0,0,0,0,1,1,0,0,0,4,18.8,4.0
37,Branthwaite,EVE,5.3,1,1,72,0,1,72.0,72.0,0,0,1,0,0,0,0,0,0,0,0,1,0,0,0,6,12.0,6.0
37,Bree,SOU,3.9,1,1,90,0,0,90.0,90.0,0,0,0,2,0,0,0,0,0,1,0,0,0,0,0,1,90.0,1.0
37,Broadhead,IPS,4.9,1,0,25,1,0,25.0,0.0,0,0,0,0,0,0,0,0,0,0,0,0,0,0,0,1,25.0,0.0
37,Brooks,BOU,5.0,1,0,45,1,0,45.0,0.0,0,0,0,1,0,0,0,0,0,0,0,0,0,0,0,1,45.0,0.0
37,Burn,NEW,5.1,1,1,90,0,0,90.0,90.0,0,0,0,1,0,0,0,1,0,1,0,0,0,0,0,1,90.0,1.0
37,Moises Caicedo,CHE,5.9,1,1,90,0,0,90.0,90.0,0,0,1,0,0,0,0,0,0,1,0,0,0,0,0,3,30.0,3.0
37,Cairney,FUL,4.9,1,0,45,1,0,45.0,0.0,1,0,0,0,0,0,0,0,0,0,1,1,0,0,0,6,7.5,0.0
37,Cajuste,IPS,4.5,1,1,71,0,1,71.0,71.0,0,0,0,2,0,0,0,0,0,1,0,0,0,0,0,2,35.5,2.0
37,Calafiori,ARS,5.8,1,0,45,1,0,45.0,0.0,0,0,0,0,0,0,0,0,0,0,0,0,0,0,0,1,45.0,0.0
37,Calvert-Lewin,EVE,5.5,1,0,18,1,0,18.0,0.0,0,0,0,0,0,0,0,0,0,0,0,0,0,0,0,1,18.0,0.0
37,Cash,AVL,4.6,1,1,90,0,0,90.0,90.0,0,0,1,0,0,0,0,1,0,0,0,1,0,0,0,5,18.0,5.0
37,Chaplin,IPS,5.1,1,0,25,1,0,25.0,0.0,0,0,0,0,0,0,0,0,0,0,0,0,0,0,0,1,25.0,0.0
37,Chiesa,LIV,6.4,1,1,60,0,1,60.0,60.0,0,0,0,1,0,0,0,0,0,1,0,0,0,0,0,2,30.0,2.0
37,Chilwell,CRY,4.6,1,1,90,0,0,90.0,90.0,1,0,0,2,0,0,0,0,0,0,1,1,0,0,0,7,12.9,7.0
37,Clarke (Jack),IPS,5.4,1,1,70,0,1,70.0,70.0,0,0,0,2,0,0,0,0,0,1,0,0,0,0,0,2,35.0,2.0
37,Coady,LEI,4.0,1,1,90,0,0,90.0,90.0,0,0,1,0,0,0,0,0,0,0,0,1,0,1,0,7,12.9,7.0
37,Coleman,EVE,4.3,1,1,18,0,1,18.0,18.0,0,0,0,0,0,0,0,0,0,1,0,0,0,0,0,1,18.0,1.0
37,Collins,BRE,4.9,1,1,90,0,0,90.0,90.0,0,0,0,3,0,0,0,0,0,1,0,0,0,0,0,1,90.0,1.0
37,Colwill,CHE,4.8,1,1,90,0,0,90.0,90.0,0,0,1,0,0,0,0,0,0,0,0,1,0,0,0,6,15.0,6.0
37,Cook,BOU,4.9,1,1,73,0,0,73.0,73.0,0,0,0,2,0,0,0,0,1,1,0,0,0,0,0,0,0.0,0.0
37,Coufal,WHU,4.1,1,1,90,0,0,90.0,90.0,0,0,0,2,0,0,0,1,0,1,0,0,0,0,0,0,0.0,0.0
37,Cresswell,WHU,3.9,1,1,57,0,1,57.0,57.0,0,0,0,1,0,0,0,0,0,1,0,0,0,0,0,1,57.0,1.0
37,Cucurella,CHE,6.1,1,1,90,0,0,90.0,90.0,1,0,1,0,0,0,0,0,0,0,1,2,0,3,1,15,6.0,15.0
37,Cuenca,FUL,4.4,1,0,10,1,0,10.0,0.0,0,0,0,0,0,0,0,0,0,0,0,0,0,0,0,1,10.0,0.0
37,André,WOL,5.4,1,1,45,0,1,45.0,45.0,0,0,0,2,0,0,0,0,0,1,0,0,0,0,0,1,45.0,1.0
37,Daka,LEI,4.8,1,0,16,1,0,16.0,0.0,0,0,0,0,0,0,0,0,0,0,0,0,0,0,0,1,16.0,0.0
37,Damsgaard,BRE,5.8,1,1,90,0,0,90.0,90.0,0,0,0,3,0,0,0,0,0,1,0,0,0,0,0,2,45.0,2.0
37,Danso,TOT,4.3,1,1,90,0,0,90.0,90.0,0,0,0,2,0,0,0,0,0,1,0,0,0,0,0,1,90.0,1.0
37,Davies (Ben),TOT,4.3,1,1,90,0,0,90.0,90.0,0,0,0,2,0,0,0,0,0,1,0,0,0,0,0,1,90.0,1.0
37,Davis,IPS,4.2,1,1,90,0,0,90.0,90.0,0,0,0,2,0,0,0,0,0,1,0,0,0,0,0,1,90.0,1.0
37,Richarlison,TOT,6.5,1,0,10,1,0,10.0,0.0,0,0,0,0,0,0,0,0,0,0,0,0,0,0,0,1,10.0,0.0
37,De Bruyne,MCI,9.5,1,1,69,0,1,69.0,69.0,0,0,1,0,0,0,0,0,0,1,0,0,0,0,0,3,23.0,3.0
37,Evanilson,BOU,7.0,1,1,80,0,1,80.0,80.0,0,0,0,2,0,0,0,0,0,1,0,0,0,0,0,2,40.0,2.0
37,Delap,IPS,6.2,1,0,25,1,0,25.0,0.0,0,0,0,0,0,0,0,0,0,0,0,0,0,0,0,1,25.0,0.0
37,Devenny,CRY,4.4,1,0,45,1,0,45.0,0.0,0,1,0,1,0,0,0,0,0,0,1,1,0,0,0,4,11.3,0.0
37,Díaz,LIV,8.0,1,0,34,1,0,34.0,0.0,0,0,0,2,0,0,0,0,0,0,0,0,0,0,0,1,34.0,0.0
37,Dibling,SOU,5.4,1,1,66,0,1,66.0,66.0,0,0,0,2,0,0,0,0,0,1,0,0,0,0,0,2,33.0,2.0
37,Djiga,WOL,4.5,1,1,45,0,1,45.0,45.0,0,0,0,2,0,0,0,0,0,1,0,0,0,0,0,0,0.0,0.0
37,Doku,MCI,6.5,1,0,5,1,0,5.0,0.0,0,0,0,1,0,0,0,0,0,0,0,0,0,0,0,1,5.0,0.0
37,Nicolás Domínguez,NFO,5.0,1,1,88,0,1,88.0,88.0,0,0,0,1,0,0,0,0,0,1,0,0,0,0,0,2,44.0,2.0
37,Dorgu,MUN,4.3,1,1,90,0,0,90.0,90.0,0,0,0,1,0,0,0,0,0,1,0,0,0,0,0,2,45.0,2.0
37,Danilo,NFO,4.7,1,0,20,1,0,20.0,0.0,0,0,0,1,0,0,0,0,0,0,0,0,0,0,0,1,20.0,0.0
37,Doucouré,EVE,5.1,1,1,63,0,1,63.0,63.0,0,0,1,0,0,0,0,0,0,1,0,0,0,0,0,3,21.0,3.0
37,Downes,SOU,4.7,1,1,90,0,0,90.0,90.0,0,0,0,2,0,0,0,1,0,1,0,0,0,0,0,1,90.0,1.0
37,El Khannouss,LEI,4.8,1,1,90,0,0,90.0,90.0,0,0,1,0,0,0,0,0,0,1,0,0,0,0,0,3,30.0,3.0
37,Elanga,NFO,6.7,1,1,88,0,1,88.0,88.0,0,1,0,1,0,0,0,0,0,0,1,1,0,0,0,5,17.6,5.0
37,Elliott,LIV,5.4,1,1,90,0,0,90.0,90.0,1,1,0,3,0,0,0,0,0,0,2,2,0,3,1,13,6.9,13.0
37,Enciso,IPS,5.4,1,1,70,0,1,70.0,70.0,0,0,0,2,0,0,0,0,0,1,0,0,0,0,0,2,35.0,2.0
37,Endo,LIV,4.9,1,0,20,1,0,20.0,0.0,0,0,0,1,0,0,0,0,0,0,0,0,0,0,0,1,20.0,0.0
37,Mateus Fernandes,SOU,5.5,1,1,90,0,0,90.0,90.0,0,0,0,2,0,0,0,0,0,1,0,0,0,0,0,2,45.0,2.0
37,Esse,CRY,4.8,1,1,78,0,1,78.0,78.0,0,2,0,2,0,0,0,0,0,0,2,2,0,1,0,9,8.7,9.0
37,Estupiñán,BHA,4.5,1,1,90,0,0,90.0,90.0,0,0,0,2,0,0,0,0,0,1,0,0,0,0,0,1,90.0,1.0
37,Evans (Jake),LEI,4.5,1,0,16,1,0,16.0,0.0,0,0,0,0,0,0,0,0,0,0,0,0,0,0,0,1,16.0,0.0
37,Eze,CRY,7.6,1,0,16,1,0,16.0,0.0,1,0,0,0,0,0,0,0,0,0,1,1,0,0,0,6,2.7,0.0
37,Faes,LEI,3.8,1,1,90,0,0,90.0,90.0,0,0,1,0,0,0,0,0,0,0,0,1,0,1,0,7,12.9,7.0
37,Fernández,CHE,6.7,1,1,90,0,0,90.0,90.0,0,0,1,0,0,0,0,0,0,1,0,0,0,0,0,3,30.0,3.0
37,Jota Silva,NFO,5.4,1,0,9,1,0,9.0,0.0,0,0,0,0,0,0,0,0,0,0,0,0,0,0,0,1,9.0,0.0
37,Flekken,BRE,4.5,1,1,90,0,0,90.0,90.0,0,0,0,3,0,0,4,0,0,1,0,0,0,0,0,2,45.0,2.0
37,Matheus França,CRY,4.5,1,0,31,1,0,31.0,0.0,0,0,0,0,0,0,0,0,0,0,0,0,0,0,0,1,31.0,0.0
37,Casemiro,MUN,5.5,1,1,66,0,1,66.0,66.0,0,0,1,0,0,0,0,1,0,1,0,0,0,0,0,2,33.0,2.0
37,Jorginho,ARS,4.6,1,0,6,1,0,6.0,0.0,0,0,0,0,0,0,0,0,0,0,0,0,0,0,0,1,6.0,0.0
37,Füllkrug,WHU,5.6,1,0,40,1,0,40.0,0.0,0,0,0,1,0,0,0,0,0,0,0,0,0,0,0,1,40.0,0.0
37,Gakpo,LIV,7.6,1,1,60,0,1,60.0,60.0,0,0,0,1,0,0,0,0,0,1,0,0,0,0,0,2,30.0,2.0
37,Gonçalo Guedes,WOL,5.5,1,1,90,0,0,90.0,90.0,0,0,0,4,0,0,0,0,0,1,0,0,0,0,0,2,45.0,2.0
37,Garnacho,MUN,6.4,1,0,29,1,0,29.0,0.0,0,0,0,1,0,0,0,0,0,0,0,0,0,0,0,1,29.0,0.0
37,Garner,EVE,5.0,1,1,90,0,0,90.0,90.0,0,0,1,0,0,0,0,1,0,1,0,0,0,0,0,2,45.0,2.0
37,Rúben Dias,MCI,5.5,1,1,90,0,0,90.0,90.0,0,0,0,1,0,0,0,0,0,1,0,0,0,0,0,2,45.0,2.0
37,George,CHE,4.9,1,1,77,0,1,77.0,77.0,0,0,1,0,0,0,0,0,0,1,0,0,0,0,0,3,25.7,3.0
37,Gibbs-White,NFO,7.3,1,1,77,0,1,77.0,77.0,1,0,1,0,0,0,0,0,0,0,1,1,0,3,1,11,7.0,11.0
37,Rodrigo Gomes,WOL,4.5,1,1,78,0,1,78.0,78.0,0,0,0,3,0,0,0,0,0,1,0,0,0,0,0,2,39.0,2.0
37,Toti,WOL,4.3,1,1,90,0,0,90.0,90.0,0,0,0,4,0,0,0,1,0,1,0,0,0,0,0,0,0.0,0.0
37,Beto,EVE,5.2,1,1,90,0,0,90.0,90.0,0,0,1,0,0,0,0,0,0,1,0,0,0,0,0,2,45.0,2.0
37,João Gomes,WOL,5.4,1,0,45,1,0,45.0,0.0,0,0,0,2,0,0,0,0,0,0,0,0,0,0,0,1,45.0,0.0
37,Gómez (Diego),BHA,4.9,1,0,24,1,0,24.0,0.0,0,0,0,0,0,0,0,0,0,0,0,0,0,0,0,1,24.0,0.0
37,González (Nico),MCI,5.9,1,0,25,1,0,25.0,0.0,1,0,0,1,0,0,0,0,0,0,1,1,0,0,0,6,4.2,0.0
37,Gordon (Anthony),NEW,7.5,1,1,90,0,0,90.0,90.0,0,0,0,1,0,0,0,0,0,1,0,0,0,0,0,2,45.0,2.0
37,Gravenberch,LIV,5.6,1,1,90,0,0,90.0,90.0,0,0,0,3,0,0,0,0,0,1,0,0,0,0,0,2,45.0,2.0
37,Gray (Archie),TOT,4.8,1,1,90,0,0,90.0,90.0,0,0,0,2,0,0,0,1,0,1,0,0,0,0,0,1,90.0,1.0
37,Grealish,MCI,6.9,1,0,5,1,0,5.0,0.0,0,0,0,1,0,0,0,0,0,0,0,0,0,0,0,1,5.0,0.0
37,Greaves,IPS,3.8,1,1,90,0,0,90.0,90.0,0,0,0,2,0,0,0,0,0,1,0,0,0,0,0,1,90.0,1.0
37,Gruda,BHA,5.4,1,1,71,0,1,71.0,71.0,0,1,0,2,0,0,0,0,0,0,1,1,0,1,0,6,11.8,6.0
37,Gueye,EVE,5.4,1,1,90,0,0,90.0,90.0,0,0,1,0,0,0,0,0,0,1,0,0,0,0,0,3,30.0,3.0
37,Bruno Guimarães,NEW,6.5,1,1,90,0,0,90.0,90.0,0,0,0,1,0,0,0,0,0,1,0,0,0,0,0,2,45.0,2.0
37,Gundogan,MCI,6.3,1,1,89,0,1,89.0,89.0,0,1,1,0,0,0,0,0,0,0,1,1,0,0,0,6,14.8,6.0
37,Gusto,CHE,4.9,1,0,7,1,0,7.0,0.0,0,0,0,0,0,0,0,0,0,0,0,0,0,0,0,1,7.0,0.0
37,Gvardiol,MCI,5.9,1,1,90,0,0,90.0,90.0,0,0,0,1,0,0,0,0,0,1,0,0,0,0,0,2,45.0,2.0
37,Haaland,MCI,14.8,1,1,80,0,1,80.0,80.0,0,0,1,0,0,0,0,0,0,1,0,0,0,0,0,2,40.0,2.0
37,Harrison (Jack),EVE,5.2,1,0,28,1,0,28.0,0.0,0,0,0,0,0,0,0,0,0,0,0,0,0,0,0,1,28.0,0.0
37,Harwood-Bellis,SOU,3.9,1,1,78,0,1,78.0,78.0,0,0,0,2,0,0,0,0,0,1,0,0,0,0,0,1,78.0,1.0
37,Havertz,ARS,7.3,1,0,23,1,0,23.0,0.0,0,0,0,0,0,0,0,1,0,0,0,0,0,0,0,0,0.0,0.0
37,Heaven,MUN,3.9,1,0,17,1,0,17.0,0.0,0,0,0,0,0,0,0,1,0,0,0,0,0,0,0,0,0.0,0.0
37,Henderson,CRY,5.0,1,1,90,0,0,90.0,90.0,0,0,0,2,0,0,1,0,0,1,0,0,0,0,0,1,90.0,1.0
37,Henry,BRE,4.4,1,0,23,1,0,23.0,0.0,0,0,0,0,0,0,0,0,0,0,0,0,0,0,0,1,23.0,0.0
37,Rodri,MCI,6.3,1,0,14,1,0,14.0,0.0,0,0,0,1,0,0,0,0,0,0,0,0,0,0,0,1,14.0,0.0
37,Hinshelwood,BHA,5.1,1,0,14,1,0,14.0,0.0,1,0,0,0,0,0,0,0,0,0,1,1,0,0,0,6,2.3,0.0
37,Hirst,IPS,5.4,1,1,70,0,1,70.0,70.0,0,0,0,2,0,0,0,0,0,1,0,0,0,0,0,2,35.0,2.0
37,Howell,BHA,4.5,1,0,13,1,0,13.0,0.0,0,0,0,0,0,0,0,0,0,0,0,0,0,0,0,1,13.0,0.0
37,Hudson-Odoi,NFO,5.8,1,0,20,1,0,20.0,0.0,0,0,0,1,0,0,0,0,0,0,0,0,0,0,0,1,20.0,0.0
37,Hughes,CRY,4.8,1,1,45,0,1,45.0,45.0,0,0,0,1,0,0,0,0,0,1,0,0,0,0,0,1,45.0,1.0
37,Huijsen,BOU,4.5,1,1,90,0,0,90.0,90.0,0,0,0,3,0,0,0,1,0,1,0,0,0,0,0,0,0.0,0.0
37,Hutchinson,IPS,5.4,1,1,90,0,0,90.0,90.0,0,0,0,2,0,0,0,0,0,1,0,0,0,0,0,2,45.0,2.0
37,Hwang Hee-Chan,WOL,5.8,1,0,15,1,0,15.0,0.0,0,0,0,1,0,0,0,0,0,0,0,0,0,0,0,1,15.0,0.0
37,Højlund,MUN,6.3,1,1,90,0,0,90.0,90.0,0,0,0,1,0,0,0,0,0,1,0,0,0,0,0,2,45.0,2.0
37,Iwobi,FUL,6.5,1,1,63,0,1,63.0,63.0,0,0,0,2,0,0,0,0,0,1,0,0,0,0,0,2,31.5,2.0
37,James,CHE,5.5,1,1,90,0,0,90.0,90.0,0,1,1,0,0,0,0,0,0,0,1,2,0,1,1,10,9.0,10.0
37,Jebbison,BOU,4.5,1,0,14,1,0,14.0,0.0,1,0,0,1,0,0,0,0,0,0,1,1,0,1,0,6,2.3,0.0
37,Jensen,BRE,4.9,1,0,23,1,0,23.0,0.0,0,0,0,0,0,0,0,0,0,0,0,0,0,0,0,1,23.0,0.0
37,Raúl Jiménez,FUL,6.2,1,1,90,0,0,90.0,90.0,1,0,0,2,0,0,0,0,0,0,1,1,0,3,0,9,10.0,9.0
37,Johnson (Brennan),TOT,6.7,1,0,10,1,0,10.0,0.0,0,0,0,0,0,0,0,0,0,0,0,0,0,0,0,1,10.0,0.0
37,Jones,LIV,5.4,1,0,34,1,0,34.0,0.0,0,0,0,2,0,0,0,0,0,0,0,0,0,0,0,1,34.0,0.0
37,Justin,LEI,4.0,1,1,63,0,1,63.0,63.0,0,1,1,0,0,0,0,0,0,0,1,2,0,3,1,12,5.3,12.0
37,Kamada,CRY,5.0,1,0,25,1,0,25.0,0.0,0,0,0,0,0,0,0,0,0,0,0,0,0,0,0,1,25.0,0.0
37,Kamara,AVL,4.9,1,1,90,0,0,90.0,90.0,1,0,1,0,0,0,0,0,0,0,1,1,0,2,1,10,9.0,10.0
37,Kayi-Sanda,SOU,4.0,1,0,13,1,0,13.0,0.0,0,0,0,0,0,0,0,0,0,0,0,0,0,0,0,1,13.0,0.0
37,Kayode,BRE,4.5,1,1,59,0,1,59.0,59.0,0,0,0,1,0,0,0,0,0,1,0,0,0,0,0,2,29.5,2.0
37,Keane,EVE,4.5,1,0,19,1,0,19.0,0.0,0,0,0,0,0,0,0,0,0,0,0,0,0,0,0,1,19.0,0.0
37,Kerkez,BOU,5.8,1,1,80,0,1,80.0,80.0,0,0,0,2,0,0,0,0,0,1,0,0,0,0,0,1,80.0,1.0
37,Kilman,WHU,4.3,1,1,90,0,0,90.0,90.0,0,0,0,2,0,0,0,0,0,1,0,0,0,0,0,1,90.0,1.0
37,King (Joshua),FUL,4.5,1,0,32,1,0,32.0,0.0,0,0,0,0,0,0,0,0,0,0,0,0,0,0,0,1,32.0,0.0
37,Kinsky,TOT,3.9,1,1,90,0,0,90.0,90.0,0,0,0,2,0,0,5,0,0,1,0,0,0,0,0,2,45.0,2.0
37,Kiwior,ARS,5.4,1,1,90,0,0,90.0,90.0,0,0,1,0,0,0,0,1,0,0,0,1,0,2,0,7,12.9,7.0
37,Kluivert,BOU,7.0,1,1,45,0,1,45.0,45.0,0,0,0,2,0,0,0,0,0,1,0,0,0,0,0,1,45.0,1.0
37,Konaté,LIV,5.4,1,1,90,0,0,90.0,90.0,0,0,0,3,0,0,0,0,0,1,0,0,0,0,0,1,90.0,1.0
37,Konsa Ngoyo,AVL,4.4,1,1,90,0,0,90.0,90.0,1,0,1,0,0,0,0,0,0,0,1,2,0,3,1,15,6.0,15.0
37,Kovacic,MCI,5.9,1,1,67,0,0,67.0,67.0,0,1,1,0,0,0,0,0,1,1,1,1,0,0,0,2,33.5,2.0
37,Krafth,NEW,4.4,1,0,35,1,0,35.0,0.0,0,0,0,0,0,0,0,1,0,0,0,0,0,0,0,0,0.0,0.0
37,Kudus,WHU,6.8,1,1,72,0,1,72.0,72.0,0,0,0,2,0,0,0,0,0,1,0,0,0,0,0,2,36.0,2.0
37,Lacroix,CRY,5.0,1,1,90,0,0,90.0,90.0,0,0,0,2,0,0,0,0,0,1,0,0,0,0,0,1,90.0,1.0
37,Lavia,CHE,4.9,1,0,17,1,0,17.0,0.0,0,0,0,0,0,0,0,0,0,0,0,0,0,0,0,1,17.0,0.0
37,Leno,FUL,5.0,1,1,90,0,0,90.0,90.0,0,0,0,2,0,1,3,1,0,0,0,1,0,0,0,6,15.0,6.0
37,Lerma,CRY,4.9,1,1,90,0,0,90.0,90.0,0,0,0,2,0,0,0,0,0,1,0,0,0,0,0,2,45.0,2.0
37,Lewis-Potter,BRE,4.9,1,1,72,0,1,72.0,72.0,0,0,0,3,0,0,0,1,0,1,0,0,0,0,0,1,72.0,1.0
37,Lewis-Skelly,ARS,5.2,1,1,90,0,0,90.0,90.0,0,0,1,0,0,0,0,0,0,1,0,0,0,0,0,3,30.0,3.0
37,Luis Guilherme,WHU,4.9,1,0,24,1,0,24.0,0.0,0,0,0,0,0,0,0,0,0,0,0,0,0,0,0,1,24.0,0.0
37,Livramento,NEW,4.9,1,1,90,0,0,90.0,90.0,0,0,0,1,0,0,0,0,0,1,0,0,0,0,0,2,45.0,2.0
37,Lukic,FUL,5.0,1,1,90,0,0,90.0,90.0,0,0,0,2,0,0,0,0,0,1,0,0,0,0,0,2,45.0,2.0
37,Luongo,IPS,4.3,1,0,7,1,0,7.0,0.0,0,0,0,0,0,0,0,0,0,0,0,0,0,0,0,1,7.0,0.0
37,Maatsen,AVL,4.3,1,1,90,0,0,90.0,90.0,0,0,1,0,0,0,0,0,0,0,0,1,0,0,0,6,15.0,6.0
37,Madueke,CHE,6.8,1,1,90,0,0,90.0,90.0,0,0,1,0,0,0,0,0,0,1,0,0,0,0,0,3,30.0,3.0
37,Maguire,MUN,4.4,1,1,90,0,0,90.0,90.0,0,0,0,1,0,0,0,0,0,1,0,0,0,0,0,2,45.0,2.0
37,Mainoo,MUN,4.8,1,0,17,1,0,17.0,0.0,0,0,0,0,0,0,0,0,0,0,0,0,0,0,0,1,17.0,0.0
37,Malen,AVL,5.1,1,0,11,1,0,11.0,0.0,0,0,0,0,0,0,0,0,0,0,0,0,0,0,0,1,11.0,0.0
37,Omar Marmoush,MCI,8.3,1,1,89,0,1,89.0,89.0,1,0,1,0,0,0,0,0,0,0,1,1,0,2,0,8,11.1,8.0
37,Martinelli,ARS,6.9,1,1,90,0,0,90.0,90.0,0,0,1,0,0,0,0,0,0,1,0,0,0,0,0,3,30.0,3.0
37,Martinez,AVL,5.0,1,1,90,0,0,90.0,90.0,0,0,1,0,0,0,1,0,0,0,0,1,0,0,0,6,15.0,6.0
37,Mateta,CRY,7.7,1,0,16,1,0,16.0,0.0,0,0,0,0,0,0,0,0,0,0,0,0,0,0,0,1,16.0,0.0
37,Mazraoui,MUN,4.9,1,1,90,0,0,90.0,90.0,0,0,0,1,0,0,0,1,0,1,0,0,0,0,0,1,90.0,1.0
37,Mbeumo,BRE,8.2,1,1,90,0,0,90.0,90.0,1,0,0,3,0,0,0,0,0,0,1,1,0,0,0,5,18.0,5.0
37,McAteer,LEI,4.7,1,1,79,0,1,79.0,79.0,1,0,1,0,0,0,0,1,0,0,1,1,0,0,0,7,11.3,7.0
37,McGinn,AVL,5.4,1,1,87,0,1,87.0,87.0,0,0,1,0,0,0,0,0,0,1,0,0,0,0,0,3,29.0,3.0
37,McNeil,EVE,5.6,1,1,63,0,1,63.0,63.0,0,1,1,0,0,0,0,0,0,0,1,1,0,0,0,6,10.5,6.0
37,Milenkovic,NFO,5.2,1,1,90,0,0,90.0,90.0,1,0,0,1,0,0,0,0,0,0,1,1,0,0,0,8,11.3,8.0
37,Miley (Lewis),NEW,4.4,1,0,35,1,0,35.0,0.0,0,0,0,0,0,0,0,0,0,0,0,0,0,0,0,1,35.0,0.0
37,Minteh,BHA,6.0,1,1,81,0,1,81.0,81.0,0,0,0,2,0,0,0,0,0,1,0,0,0,0,0,2,40.5,2.0
37,Mitoma,BHA,6.2,1,0,33,1,0,33.0,0.0,1,0,0,0,0,0,0,0,0,0,1,1,0,0,0,6,5.5,0.0
37,Monga,LEI,4.5,1,0,31,1,0,31.0,0.0,0,0,0,0,0,0,0,0,0,0,0,0,0,0,0,1,31.0,0.0
37,Moore (Mikey),TOT,5.0,1,1,84,0,1,84.0,84.0,0,0,0,2,0,0,0,0,0,1,0,0,0,0,0,2,42.0,2.0
37,Morsy,IPS,4.8,1,1,88,0,1,88.0,88.0,0,0,0,2,0,0,0,0,0,1,0,0,0,0,0,2,44.0,2.0
37,Mount,MUN,5.9,1,1,65,0,1,65.0,65.0,0,0,1,0,0,0,0,0,0,1,0,0,0,0,0,3,21.7,3.0
37,Munetsi,WOL,5.4,1,0,29,1,0,29.0,0.0,0,0,0,1,0,0,0,0,0,0,0,0,0,0,0,1,29.0,0.0
37,Muñoz,CRY,5.7,1,1,90,0,0,90.0,90.0,0,0,0,2,0,0,0,0,0,1,0,0,0,0,0,1,90.0,1.0
37,Murphy (Jacob),NEW,6.1,1,1,63,0,1,63.0,63.0,0,0,0,1,0,0,0,0,0,1,0,0,0,0,0,2,31.5,2.0
37,Mvom Onana,AVL,4.8,1,1,85,0,1,85.0,85.0,0,0,1,0,0,0,0,0,0,1,0,0,0,0,0,3,28.3,3.0
37,Mykolenko,EVE,4.9,1,1,90,0,0,90.0,90.0,0,0,1,0,0,0,0,0,0,0,0,1,0,2,0,8,11.3,8.0
37,Thiago,BRE,6.2,1,0,23,1,0,23.0,0.0,0,0,0,0,0,0,0,0,0,0,0,0,0,0,0,1,23.0,0.0
37,Ndiaye,EVE,6.5,1,1,73,0,1,73.0,73.0,2,0,1,0,0,0,0,0,0,0,2,2,0,3,1,13,5.6,13.0
37,Ndidi,LEI,4.9,1,1,88,0,1,88.0,88.0,0,1,1,0,0,0,0,0,0,0,1,1,0,0,0,6,14.7,6.0
37,Neto,CHE,7.0,1,1,87,0,1,87.0,87.0,0,0,1,0,0,0,0,0,0,1,0,0,0,0,0,3,29.0,3.0
37,Lindelof,MUN,4.5,1,1,90,0,0,90.0,90.0,0,0,0,1,0,0,0,0,0,1,0,0,0,0,0,2,45.0,2.0
37,Eddie Nketiah,CRY,5.4,1,1,78,0,1,78.0,78.0,2,0,0,2,0,0,0,0,0,0,2,2,0,3,1,13,6.0,13.0
37,Norgaard,BRE,5.2,1,1,90,0,0,90.0,90.0,0,1,0,3,0,0,0,1,0,0,1,1,0,0,0,4,22.5,4.0
37,Matheus Nunes,MCI,5.3,1,1,90,0,0,90.0,90.0,0,1,0,1,0,0,0,0,0,0,1,1,0,0,0,5,18.0,5.0
37,Núñez,LIV,6.5,1,0,34,1,0,34.0,0.0,0,0,0,2,0,0,0,0,0,0,0,0,0,0,0,1,34.0,0.0
37,O'Brien,EVE,5.0,1,1,90,0,0,90.0,90.0,0,0,1,0,0,0,0,0,0,0,0,1,0,1,0,7,12.9,7.0
37,O'Shea,IPS,3.8,1,1,90,0,0,90.0,90.0,0,0,0,2,0,0,0,0,0,1,0,0,0,0,0,1,90.0,1.0
37,Odegaard,ARS,7.9,1,1,90,0,1,90.0,90.0,0,1,1,0,0,0,0,0,0,0,1,1,0,0,0,6,15.0,6.0
37,Odobert,TOT,5.3,1,1,84,0,1,84.0,84.0,0,0,0,2,0,0,0,0,0,1,0,0,0,0,0,2,42.0,2.0
37,Onana,MUN,4.9,1,1,90,0,0,90.0,90.0,0,0,0,1,0,0,2,0,0,1,0,0,0,0,0,2,45.0,2.0
37,Osula,NEW,5.5,1,0,35,1,0,35.0,0.0,0,0,0,0,0,0,0,0,0,0,0,0,0,0,0,1,35.0,0.0
37,O’Riley,BHA,5.5,1,0,24,1,0,24.0,0.0,0,1,0,0,0,0,0,0,0,0,1,1,0,0,0,4,6.0,0.0
37,Palmer (Alex),IPS,4.5,1,1,90,0,0,90.0,90.0,0,0,0,2,0,0,1,0,0,1,0,0,0,0,0,1,90.0,1.0
37,Palmer (Cole),CHE,10.3,1,1,90,0,0,90.0,90.0,0,0,1,0,0,0,0,1,0,1,0,0,0,0,0,2,45.0,2.0
37,Partey,ARS,4.9,1,1,90,0,0,90.0,90.0,0,0,1,0,0,0,0,0,0,1,0,0,0,0,0,3,30.0,3.0
37,Pickford,EVE,5.5,1,1,90,0,0,90.0,90.0,0,0,1,0,0,0,2,0,0,0,0,1,0,0,0,6,15.0,6.0
37,Pope,NEW,5.2,1,1,90,0,0,90.0,90.0,0,0,0,1,0,0,3,0,0,1,0,0,0,0,0,3,30.0,3.0
37,Quansah,LIV,3.9,1,1,90,0,0,90.0,90.0,0,0,0,3,0,0,0,0,0,1,0,0,0,0,0,1,90.0,1.0
37,Ramsdale,SOU,4.8,1,1,90,0,0,90.0,90.0,0,0,0,2,0,0,2,0,0,1,0,0,0,0,0,1,90.0,1.0
37,Alisson,LIV,5.4,1,1,90,0,0,90.0,90.0,0,0,0,3,0,0,9,0,0,0,0,0,0,0,0,4,22.5,4.0
37,Raya Martin,ARS,5.8,1,1,90,0,0,90.0,90.0,0,0,1,0,0,0,5,1,0,0,0,1,0,1,0,7,12.9,7.0
37,Reguilón,TOT,4.1,1,1,72,0,1,72.0,72.0,0,0,0,2,0,0,0,0,0,1,0,0,0,0,0,1,72.0,1.0
37,Rice,ARS,6.7,1,1,90,0,0,90.0,90.0,1,0,1,0,0,0,0,0,0,0,1,1,0,3,1,11,8.2,11.0
37,Richards (Chris),CRY,4.5,1,1,90,0,0,90.0,90.0,0,0,0,2,0,0,0,0,0,1,0,0,0,0,0,1,90.0,1.0
37,Robinson (Antonee),FUL,4.9,1,1,85,0,1,85.0,85.0,0,0,0,2,0,0,0,0,0,1,0,0,0,0,0,1,85.0,1.0
37,Robinson (Jay),SOU,4.4,1,0,25,1,0,25.0,0.0,0,0,0,0,0,0,0,0,0,0,0,0,0,0,0,1,25.0,0.0
37,Morato,NFO,4.4,1,0,20,1,0,20.0,0.0,0,0,0,1,0,0,0,1,0,0,0,0,0,0,0,0,0.0,0.0
37,Rodríguez,WHU,4.8,1,1,57,0,1,57.0,57.0,0,0,0,1,0,0,0,1,0,1,0,0,0,0,0,0,0.0,0.0
37,Rogers,AVL,6.8,1,1,90,0,0,90.0,90.0,0,1,1,0,0,0,0,0,0,0,1,1,0,0,0,6,15.0,6.0
37,Saka,ARS,10.0,1,1,75,0,1,75.0,75.0,0,0,1,0,0,0,0,0,0,1,0,0,0,0,0,3,25.0,3.0
37,Salah,LIV,14.3,1,1,90,0,0,90.0,90.0,0,0,0,3,0,0,0,0,0,1,0,0,0,0,0,2,45.0,2.0
37,Saliba,ARS,6.0,1,1,45,0,1,45.0,45.0,0,0,0,0,0,0,0,0,0,1,0,0,0,0,0,1,45.0,1.0
37,Sanchez,CHE,4.9,1,1,90,0,0,90.0,90.0,0,0,1,0,0,0,1,0,0,0,0,1,0,0,0,6,15.0,6.0
37,Sangaré,NFO,4.9,1,1,76,0,1,76.0,76.0,0,0,1,0,0,0,0,0,0,1,0,0,0,0,0,3,25.3,3.0
37,Ederson,MCI,5.3,1,1,90,0,0,90.0,90.0,0,0,0,1,0,0,1,1,0,1,0,0,0,0,0,1,90.0,1.0
37,Murillo,NFO,5.3,1,1,90,0,0,90.0,90.0,0,0,0,1,0,0,0,1,0,1,0,0,0,0,0,1,90.0,1.0
37,Welington,SOU,4.0,1,1,90,0,0,90.0,90.0,0,0,0,2,0,0,0,0,0,1,0,0,0,0,0,1,90.0,1.0
37,Matheus Cunha,WOL,7.9,1,0,29,1,0,29.0,0.0,0,0,0,1,0,0,0,0,0,0,0,0,0,0,0,1,29.0,0.0
37,Sarabia,WOL,5.0,1,1,65,0,1,65.0,65.0,0,0,0,3,0,0,0,0,0,1,0,0,0,0,0,2,32.5,2.0
37,Ismaila Sarr,CRY,6.6,1,1,62,0,1,62.0,62.0,0,1,0,2,0,0,0,0,0,0,1,1,0,0,0,5,12.4,5.0
37,Sarr (Pape),TOT,4.9,1,1,52,0,1,52.0,52.0,0,0,0,0,0,0,0,0,0,1,0,0,0,0,0,1,52.0,1.0
37,Schade,BRE,7.0,1,1,72,0,1,72.0,72.0,0,0,0,3,0,0,0,0,0,1,0,0,0,0,0,2,36.0,2.0
37,Schär,NEW,5.4,1,1,90,0,0,90.0,90.0,0,0,0,1,0,0,0,0,0,1,0,0,0,0,0,2,45.0,2.0
37,Sels,NFO,4.8,1,1,90,0,0,90.0,90.0,0,0,0,1,0,0,4,0,0,1,0,0,0,0,0,3,30.0,3.0
37,Semedo,WOL,4.5,1,0,45,1,0,45.0,0.0,0,0,0,2,0,0,0,0,0,0,0,0,0,0,0,0,0.0,0.0
37,Semenyo,BOU,8.1,1,1,90,0,0,90.0,90.0,0,0,0,3,0,0,0,0,0,1,0,0,0,0,0,2,45.0,2.0
37,Sessegnon (Ryan),FUL,5.4,1,0,18,1,0,18.0,0.0,0,0,0,0,0,0,0,0,0,0,0,0,0,0,0,1,18.0,0.0
37,Shaw,MUN,4.5,1,1,77,0,1,77.0,77.0,0,0,0,1,0,0,0,0,0,1,0,0,0,0,0,2,38.5,2.0
37,Skipp,LEI,4.7,1,0,7,1,0,7.0,0.0,0,0,0,0,0,0,0,0,0,0,0,0,0,0,0,1,7.0,0.0
37,Smallbone,SOU,5.0,1,0,33,1,0,33.0,0.0,0,0,0,0,0,0,0,0,0,0,0,0,0,0,0,1,33.0,0.0
37,Smith,BOU,4.4,1,0,26,1,0,26.0,0.0,0,0,0,1,0,0,0,0,0,0,0,0,0,0,0,1,26.0,0.0
37,Smith-Rowe,FUL,5.7,1,1,63,0,1,63.0,63.0,0,0,0,2,0,0,0,1,0,1,0,0,0,0,0,1,63.0,1.0
37,Solanke,TOT,7.2,1,0,21,1,0,21.0,0.0,0,0,0,0,0,0,0,0,0,0,0,0,0,0,0,1,21.0,0.0
37,Soler (Carlos),WHU,5.0,1,0,39,1,0,39.0,0.0,0,0,0,1,0,0,0,1,0,0,0,0,0,0,0,0,0.0,0.0
37,Soler (Julio),BOU,4.0,1,0,14,1,0,14.0,0.0,0,0,0,1,0,0,0,0,0,0,0,0,0,0,0,1,14.0,0.0
37,Son,TOT,8.5,1,1,72,0,1,72.0,72.0,0,0,0,2,0,0,0,0,0,1,0,0,0,0,0,2,36.0,2.0
37,Soucek,WHU,5.7,1,1,57,0,1,57.0,57.0,0,0,0,1,0,0,0,0,0,1,0,0,0,0,0,1,57.0,1.0
37,Soumaré,LEI,4.4,1,1,90,0,0,90.0,90.0,0,0,1,0,0,0,0,0,0,1,0,0,0,0,0,3,30.0,3.0
37,Spence,TOT,4.5,1,1,90,0,0,90.0,90.0,0,0,0,2,0,0,0,0,0,1,0,0,0,0,0,1,90.0,1.0
37,Stephens,SOU,4.0,1,1,90,0,0,90.0,90.0,0,0,0,2,0,0,0,0,0,1,0,0,0,0,0,1,90.0,1.0
37,Stewart,SOU,4.4,1,0,33,1,0,33.0,0.0,0,0,0,0,0,0,0,0,0,0,0,0,0,0,0,1,33.0,0.0
37,Stolarczyk,LEI,4.0,1,1,90,0,0,90.0,90.0,0,0,1,0,0,0,2,0,0,0,0,1,0,0,0,6,15.0,6.0
37,Strand Larsen,WOL,6.4,1,1,65,0,1,65.0,65.0,1,1,0,3,0,0,0,0,0,0,2,2,0,2,1,11,5.9,11.0
37,Sulemana,SOU,5.0,1,1,58,0,1,58.0,58.0,0,0,0,2,0,0,0,0,0,1,0,0,0,0,0,1,58.0,1.0
37,Szoboszlai,LIV,6.5,1,1,61,0,1,61.0,61.0,1,0,0,1,0,0,0,0,0,0,1,1,0,0,0,7,8.7,7.0
37,Tavernier,BOU,5.5,1,1,90,0,0,90.0,90.0,0,0,0,3,0,0,0,1,0,1,0,0,0,0,0,1,90.0,1.0
37,Taylor (Jack),IPS,4.8,1,0,24,1,0,24.0,0.0,0,0,0,0,0,0,0,0,0,0,0,0,0,0,0,1,24.0,0.0
37,Tel,TOT,6.3,1,1,90,0,0,90.0,90.0,0,0,0,2,0,0,0,1,0,1,0,0,0,0,0,1,90.0,1.0
37,Tete,FUL,4.5,1,1,90,0,0,90.0,90.0,0,0,0,2,0,0,0,1,0,1,0,0,0,0,0,0,0.0,0.0
37,Thomas,LEI,3.9,1,1,90,0,0,90.0,90.0,0,0,1,0,0,0,0,0,0,0,0,1,0,0,0,6,15.0,6.0
37,Tierney,ARS,4.3,1,0,11,1,0,11.0,0.0,0,0,0,0,0,0,0,0,0,0,0,0,0,0,0,1,11.0,0.0
37,Todibo,WHU,4.3,1,1,90,0,0,90.0,90.0,0,0,0,2,0,0,0,1,0,1,0,0,0,0,0,0,0.0,0.0
37,Lucas Paquetá,WHU,5.9,1,0,39,1,0,39.0,0.0,0,0,0,1,0,0,0,1,0,0,0,0,0,0,0,0,0.0,0.0
37,Tonali,NEW,5.4,1,1,90,0,0,90.0,90.0,0,0,0,1,0,0,0,0,0,1,0,0,0,0,0,2,45.0,2.0
37,Torres,AVL,4.3,1,1,90,0,0,90.0,90.0,0,0,1,0,0,0,0,0,0,0,0,1,0,1,0,7,12.9,7.0
37,Traoré (Adama),FUL,5.2,1,1,77,0,1,77.0,77.0,0,2,0,2,0,0,0,0,0,0,2,2,0,1,0,9,8.6,9.0
37,Amad Diallo,MUN,6.3,1,1,90,0,0,90.0,90.0,0,0,0,1,0,0,0,1,0,1,0,0,0,0,0,1,90.0,1.0
37,Trossard,ARS,6.9,1,1,87,0,1,87.0,87.0,0,0,1,0,0,0,0,0,0,1,0,0,0,0,0,3,29.0,3.0
37,Tsimikas,LIV,4.8,1,1,90,0,0,90.0,90.0,0,0,0,3,0,0,0,0,0,1,0,0,0,0,0,1,90.0,1.0
37,Tuanzebe,IPS,3.9,1,1,90,0,0,90.0,90.0,0,0,0,2,0,0,0,0,0,1,0,0,0,0,0,1,90.0,1.0
37,Ugarte,MUN,4.8,1,0,29,1,0,29.0,0.0,0,0,0,1,0,0,0,1,0,0,0,0,0,0,0,0,0.0,0.0
37,van den Berg,BRE,4.5,1,1,90,0,0,90.0,90.0,0,0,0,3,0,0,0,1,0,1,0,0,0,0,0,0,0.0,0.0
37,van Hecke,BHA,4.4,1,1,90,0,0,90.0,90.0,0,0,0,2,0,0,0,0,0,1,0,0,0,0,0,1,90.0,1.0
37,Vardy,LEI,5.4,1,1,79,0,1,79.0,79.0,1,0,1,0,0,0,0,0,0,0,1,1,0,2,0,8,9.9,8.0
37,Bernardo Silva,MCI,6.3,1,1,89,0,1,89.0,89.0,1,0,1,0,0,0,0,0,0,0,1,1,0,3,1,11,8.1,11.0
37,Verbruggen,BHA,4.4,1,1,90,0,0,90.0,90.0,0,0,0,2,0,0,3,0,0,1,0,0,0,0,0,2,45.0,2.0
37,Wan-Bissaka,WHU,4.3,1,1,90,0,0,90.0,90.0,0,0,0,2,0,0,0,0,0,1,0,0,0,0,0,1,90.0,1.0
37,Ward (Joel),CRY,4.3,1,1,68,0,1,68.0,68.0,0,0,0,2,0,0,0,1,0,1,0,0,0,0,0,0,0.0,0.0
37,Ward-Prowse,WHU,5.7,1,1,57,0,1,57.0,57.0,0,0,0,1,0,0,0,0,0,1,0,0,0,0,0,1,57.0,1.0
37,Watkins,AVL,8.5,1,1,84,0,1,84.0,84.0,0,1,1,0,0,0,0,0,0,0,1,1,0,0,0,5,16.8,5.0
37,Webster,BHA,4.4,1,1,90,0,0,90.0,90.0,0,0,0,2,0,0,0,1,0,1,0,0,0,0,0,0,0.0,0.0
37,Welbeck,BHA,6.4,1,1,82,0,1,82.0,82.0,0,1,0,2,0,0,0,0,0,0,1,1,0,0,0,5,16.4,5.0
37,White (Ben),ARS,5.4,1,1,90,0,0,90.0,90.0,0,0,1,0,0,0,0,0,0,0,0,1,0,0,0,6,15.0,6.0
37,Wieffer,BHA,4.9,1,1,90,0,0,90.0,90.0,0,0,0,2,0,0,0,0,0,1,0,0,0,0,0,2,45.0,2.0
37,Williams (Neco),NFO,4.7,1,1,90,0,0,90.0,90.0,0,0,0,1,0,0,0,0,0,0,0,0,0,2,0,4,22.5,4.0
37,Willock,NEW,5.0,1,0,23,1,0,23.0,0.0,0,0,0,0,0,0,0,1,0,0,0,0,0,0,0,0,0.0,0.0
37,Wilson (Callum),NEW,5.9,1,1,63,0,1,63.0,63.0,0,0,0,1,0,0,0,0,0,1,0,0,0,0,0,2,31.5,2.0
37,Wilson (Harry),FUL,5.3,1,0,32,1,0,32.0,0.0,1,0,0,0,0,0,0,0,0,0,1,1,0,0,0,6,5.3,0.0
37,Wissa,BRE,7.4,1,1,90,0,0,90.0,90.0,1,1,0,3,0,0,0,1,0,0,2,2,0,2,1,10,9.0,10.0
37,Wood (Chris),NFO,7.2,1,1,90,0,0,90.0,90.0,0,0,0,1,0,0,0,0,0,1,0,0,0,0,0,2,45.0,2.0
37,Wood (Nathan),SOU,3.9,1,1,58,0,1,58.0,58.0,0,0,0,2,0,0,0,0,0,1,0,0,0,0,0,0,0.0,0.0
37,Yarmolyuk,BRE,5.0,1,1,72,0,1,72.0,72.0,0,0,0,3,0,0,0,0,0,1,0,0,0,0,0,2,36.0,2.0
37,Yates,NFO,4.8,1,0,8,1,0,8.0,0.0,0,0,0,0,0,0,0,0,0,0,0,0,0,0,0,1,8.0,0.0
37,Young (Ashley),EVE,4.2,1,0,75,1,0,75.0,0.0,0,0,1,0,0,0,0,0,0,0,0,1,0,1,0,7,10.7,0.0
37,Zabarnyi,BOU,5.0,1,1,90,0,0,90.0,90.0,0,0,0,3,0,0,0,0,0,1,0,0,0,0,0,1,90.0,1.0
