Unnamed: 0,Name,Gameweek,Team,Cost,Corners,Goal Attempts,xA Expected Assists,xG Expected Goals,Big Assists,Chances Created,DC Pts,Ownership,Svs,Solo Goals
,van de Ven,1,TOT,4.7,0,0,0.02,0.0,0,0,0,32.6,0,0
,van Hecke,1,BHA,4.4,0,0,0.0,0.0,0,0,0,1.3,0,0
,van Dijk,1,LIV,6.0,0,0,0.01,0.0,0,0,0,23.6,0,0
,Danilo,1,NFO,4.7,0,0,0.0,0.0,0,0,0,0.0,0,0
,Gabriel Magalhães,1,ARS,6.6,0,1,0.02,0.12,0,0,0,40.9,0,0
,de Ligt,1,MUN,5.0,0,0,0.0,0.0,0,0,0,3.0,0,0
,Jesus,1,ARS,6.4,0,0,0.0,0.0,0,0,0,0.0,0,0
,Richarlison,1,TOT,6.5,0,1,0.0,0.19,0,0,0,8.5,0,0
,Renato Veiga,1,CHE,4.4,0,0,0.0,0.0,0,0,0,0.1,0,0
,Zirkzee,1,MUN,5.8,0,1,0.0,0.07,0,0,0,0.4,0,0
,Zinchenko,1,ARS,4.9,0,0,0.04,0.0,0,0,0,0.2,0,0
,Zabarnyi,1,BOU,5.0,0,0,0.02,0.0,0,0,0,0.0,0,0
,Young (Ashley),1,EVE,4.2,0,0,0.17,0.0,0,1,0,1.4,0,0
,Yates,1,NFO,4.7,0,3,0.03,0.24,0,1,0,0.1,0,0
,Woolfenden,1,IPS,3.9,0,0,0.0,0.0,0,0,2,1.2,0,0
,Wood (Chris),1,NFO,7.2,0,1,0.02,0.71,0,0,0,6.5,0,0
,Wissa,1,BRE,7.4,0,2,0.01,1.0,0,1,0,0.5,0,0
,Winks,1,LEI,4.3,2,0,0.03,0.0,0,1,0,4.7,0,0
,Wilson (Harry),1,FUL,5.2,0,0,0.01,0.0,0,0,0,0.3,0,0
,Williams (Neco),1,NFO,4.7,0,1,0.13,0.03,0,2,0,3.5,0,0
,Wieffer,1,BHA,4.9,0,0,0.02,0.0,0,1,2,0.1,0,0
,White (Ben),1,ARS,5.3,0,2,0.06,0.07,0,0,0,0.4,0,0
,Wharton,1,CRY,5.0,3,3,0.02,0.09,0,0,0,0.5,0,0
,Werner,1,TOT,6.2,0,0,0.02,0.0,0,0,0,0.1,0,0
,Welbeck,1,BHA,6.5,0,2,0.04,0.2,0,2,0,7.9,0,1
,Webster,1,BHA,4.4,0,0,0.02,0.0,0,0,0,0.0,0,0
,Watkins,1,AVL,8.5,0,0,0.0,0.0,0,0,0,6.6,0,0
,Ward-Prowse,1,WHU,5.7,2,0,0.0,0.0,0,0,0,0.2,0,0
,Walton,1,IPS,4.3,0,0,0.0,0.0,0,0,0,0.2,3,0
,Walker-Peters,1,SOU,4.3,1,2,0.08,0.06,0,0,0,0.3,0,0
,Vicario,1,TOT,5.1,0,0,0.0,0.0,0,0,0,10.1,2,0
,Vestergaard,1,LEI,3.9,0,0,0.0,0.0,0,0,2,1.5,0,0
,Veltman,1,BHA,4.3,0,0,0.0,0.0,0,0,0,0.1,0,0
,Bernardo Silva,1,MCI,6.3,0,2,0.2,0.13,1,3,0,0.5,0,0
,Vardy,1,LEI,5.4,0,2,0.0,0.8,0,0,0,5.2,0,0
,Destiny Udogie,1,TOT,4.4,0,0,0.06,0.0,0,0,0,0.4,0,0
,Tuanzebe,1,IPS,3.9,0,1,0.0,0.07,0,0,0,1.8,0,0
,Tsimikas,1,LIV,4.8,0,0,0.01,0.0,0,0,0,0.1,0,0
,Trossard,1,ARS,6.9,1,0,0.0,0.0,0,0,0,0.5,0,0
,Traoré (Adama),1,FUL,5.2,0,3,0.02,0.1,0,0,0,0.2,0,0
,Amad Diallo,1,MUN,6.3,3,0,0.13,0.0,0,1,0,1.3,0,0
,Torres,1,AVL,4.3,0,0,0.01,0.0,0,0,0,0.3,0,0
,Chiquinho,1,WOL,4.5,0,0,0.05,0.0,0,1,0,0.1,0,0
,Lucas Paquetá,1,WHU,5.9,0,1,0.04,0.79,0,1,0,2.5,0,0
,Toffolo,1,NFO,4.2,1,1,0.01,0.02,0,0,0,0.1,0,0
,Todibo,1,WHU,4.3,0,0,0.0,0.0,0,0,0,0.1,0,0
,Jurriën Timber,1,ARS,6.1,0,1,0.01,0.02,0,0,0,25.1,0,0
,Tielemans,1,AVL,5.9,1,2,0.24,0.18,1,3,0,0.6,0,0
,Tete,1,FUL,4.5,0,2,0.0,0.09,0,0,0,0.2,0,0
,Diogo Jota,1,LIV,7.2,0,3,0.04,0.95,0,0,0,2.6,0,0
,Taylor (Jack),1,IPS,4.8,0,1,0.01,0.02,0,0,0,0.0,0,0
,Tavernier,1,BOU,5.5,1,5,0.12,0.42,0,3,0,1.6,0,0
,Tarkowski,1,EVE,5.5,0,1,0.01,0.01,0,1,0,6.3,0,0
,Szoboszlai,1,LIV,6.5,1,3,0.24,0.15,0,3,0,4.2,0,0
,Szmodics,1,IPS,5.7,0,0,0.02,0.0,0,1,0,0.1,0,0
,Summerville,1,WHU,5.5,0,0,0.17,0.0,0,2,0,0.1,0,0
,Sugawara,1,SOU,4.2,0,0,0.22,0.0,0,1,0,0.1,0,0
,Strand Larsen,1,WOL,6.4,0,1,0.0,0.08,0,0,0,1.3,0,0
,Stephens,1,SOU,4.0,0,0,0.04,0.0,0,1,0,0.3,0,0
,Steele,1,BHA,4.3,0,0,0.0,0.0,0,0,0,0.3,1,0
,Stansfield,1,FUL,5.0,0,0,0.0,0.0,0,0,0,0.0,0,0
,Spence,1,TOT,4.5,0,0,0.0,0.0,0,0,0,1.6,0,0
,Soumaré,1,LEI,4.4,0,0,0.0,0.0,0,0,0,0.3,0,0
,Soucek,1,WHU,5.7,0,5,0.12,1.1,0,2,0,0.2,0,0
,Son,1,TOT,8.5,0,1,0.29,0.03,0,1,0,0.1,0,0
,Solanke,1,TOT,7.2,0,3,0.15,0.34,0,1,0,0.9,0,0
,Smith-Rowe,1,FUL,5.6,0,0,0.0,0.0,0,0,0,0.4,0,0
,Smith,1,BOU,4.4,0,0,0.01,0.0,0,0,0,0.2,0,0
,Smallbone,1,SOU,5.0,9,4,0.25,0.31,0,0,0,0.0,0,0
,Sinisterra,1,BOU,5.0,0,2,0.02,0.15,0,0,0,0.0,0,0
,Semenyo,1,BOU,8.1,0,5,0.04,0.44,0,0,0,64.4,0,0
,Sels,1,NFO,4.8,0,0,0.0,0.0,0,0,0,8.3,3,0
,Scott,1,BOU,5.0,0,0,0.01,0.0,0,1,2,0.3,0,0
,Schär,1,NEW,5.4,0,1,0.0,0.04,0,0,0,1.9,0,0
,Schade,1,BRE,7.0,0,1,0.01,0.13,0,0,0,0.7,0,0
,Ismaila Sarr,1,CRY,6.6,0,0,0.0,0.0,0,0,0,11.6,0,0
,Sarr (Pape),1,TOT,4.9,0,1,0.04,0.01,0,1,0,1.7,0,0
,Sarmiento,1,BHA,4.9,0,0,0.0,0.0,0,0,0,0.0,0,0
,Sarabia,1,WOL,5.0,1,1,0.01,0.08,0,0,0,0.1,0,0
,Matheus Cunha,1,WOL,7.9,0,1,0.02,0.06,0,1,0,4.4,0,0
,Murillo,1,NFO,5.3,0,0,0.0,0.0,0,0,0,2.0,0,0
,Ederson,1,MCI,5.3,0,0,0.0,0.0,0,0,0,0.9,3,0
,Sangaré,1,NFO,4.9,0,0,0.01,0.0,0,0,2,0.1,0,0
,Sanchez,1,CHE,4.8,0,0,0.0,0.0,0,0,0,13.5,3,0
,Saliba,1,ARS,6.0,0,0,0.0,0.0,0,0,0,11.6,0,0
,Salah,1,LIV,14.2,0,4,0.15,0.7,1,2,0,24.9,0,0
,Saka,1,ARS,10.1,3,5,0.37,0.35,1,5,0,17.2,0,1
,Romero,1,TOT,5.0,0,1,0.03,0.09,0,0,0,4.2,0,0
,Rogers,1,AVL,6.8,0,2,0.08,0.21,0,2,0,4.8,0,0
,Roerslev,1,BRE,4.5,0,0,0.0,0.0,0,0,0,0.0,0,0
,Rodríguez,1,WHU,4.8,0,1,0.03,0.02,0,0,0,0.0,0,0
,Robinson (Antonee),1,FUL,4.9,0,0,0.01,0.0,0,0,2,0.5,0,0
,Robertson,1,LIV,5.8,6,0,0.13,0.0,0,1,0,0.9,0,0
,Richards (Chris),1,CRY,4.5,0,0,0.01,0.0,0,0,0,3.2,0,0
,Rice,1,ARS,6.8,4,1,0.05,0.09,0,1,0,16.4,0,0
,Reed,1,FUL,4.4,0,0,0.0,0.0,0,0,0,0.2,0,0
,Raya Martin,1,ARS,5.8,0,0,0.0,0.0,0,0,0,31.3,3,0
,Rashford,1,AVL,7.0,0,0,0.11,0.0,0,1,0,0.0,0,0
,Ramsey (Jacob),1,AVL,5.3,0,1,0.13,0.06,1,1,0,0.2,0,0
,Alisson,1,LIV,5.4,0,0,0.0,0.0,0,0,0,5.8,2,0
,Quansah,1,LIV,3.9,0,0,0.0,0.0,0,0,0,1.0,0,0
,Porro,1,TOT,5.5,0,1,0.34,0.09,0,4,0,18.4,0,0
,Pope,1,NEW,5.2,0,0,0.0,0.0,0,0,0,12.2,3,0
,Podence,1,WOL,5.5,0,1,0.0,0.04,0,0,0,0.0,0,0
,Pinnock,1,BRE,4.3,0,1,0.0,0.01,0,0,0,0.1,0,0
,Pickford,1,EVE,5.5,0,0,0.02,0.0,0,0,0,9.7,2,0
,Philogene-Bidace,1,IPS,5.3,0,1,0.01,0.07,0,0,0,0.1,0,0
,Pereira,1,FUL,5.3,8,0,0.16,0.0,0,6,0,0.1,0,0
,Partey,1,ARS,4.9,0,1,0.06,0.06,0,4,0,0.7,0,0
,Emerson,1,WHU,4.4,0,1,0.02,0.04,0,0,0,0.1,0,0
,Palmer (Cole),1,CHE,10.3,2,2,0.19,0.07,0,2,0,9.2,0,0
,Dango Ouattara,1,BOU,6.0,0,1,0.01,0.22,0,0,0,0.5,0,0
,Onyeka,1,BRE,4.9,0,0,0.0,0.0,0,0,0,0.1,0,0
,Onana,1,MUN,4.9,0,0,0.0,0.0,0,0,0,0.2,2,0
,Odegaard,1,ARS,7.8,0,1,0.06,0.02,0,2,0,1.4,0,0
,Norgaard,1,BRE,5.2,0,0,0.01,0.0,0,1,2,0.1,0,0
,Nkunku,1,CHE,5.9,0,1,0.06,0.15,0,1,0,0.1,0,0
,Neto,1,CHE,7.1,0,1,0.16,0.04,0,2,0,5.9,0,0
,Nedeljkovic,1,AVL,3.9,0,0,0.0,0.0,0,0,0,0.5,0,0
,Ndidi,1,LEI,4.9,0,2,0.01,0.07,0,0,0,0.2,0,0
,Ndiaye,1,EVE,6.5,0,0,0.0,0.0,0,0,0,11.1,0,0
,Mykolenko,1,EVE,4.9,0,0,0.0,0.0,0,0,0,0.4,0,0
,Mvom Onana,1,AVL,4.8,0,1,0.01,0.55,0,0,2,0.6,0,0
,Muñoz,1,CRY,5.7,1,0,0.02,0.0,0,1,0,15.3,0,0
,Murphy (Jacob),1,NEW,6.1,0,0,0.01,0.0,0,0,0,1.1,0,0
,Neto,1,ARS,4.5,0,0,0.0,0.0,0,0,0,0.1,7,0
,Rodrigo Muniz,1,FUL,5.4,0,2,0.0,0.11,0,2,0,1.0,0,0
,Mount,1,MUN,5.9,0,1,0.03,0.3,0,2,0,0.3,0,0
,Mosquera,1,WOL,4.4,0,0,0.02,0.0,0,1,0,0.1,0,0
,Morsy,1,IPS,4.8,0,0,0.08,0.0,0,1,0,0.1,0,0
,Savinho,1,MCI,6.9,0,0,0.16,0.0,0,3,0,0.5,0,0
,Mitoma,1,BHA,6.2,0,4,0.04,0.97,0,0,0,2.3,0,0
,Mitchell,1,CRY,5.0,0,1,0.03,0.12,0,2,0,2.2,0,0
,Minteh,1,BHA,6.0,0,0,0.65,0.0,1,3,0,4.4,0,0
,Milner,1,BHA,5.0,5,0,0.11,0.0,0,3,0,0.1,0,0
,Mee (Ben),1,BRE,4.2,0,0,0.0,0.0,0,0,0,0.3,0,0
,McTominay,1,MUN,4.9,0,0,0.0,0.0,0,0,0,0.1,0,0
,McNeil,1,EVE,5.6,1,0,0.16,0.0,0,1,0,0.1,0,0
,McGinn,1,AVL,5.4,0,2,0.01,0.3,0,0,0,0.6,0,0
,McCarthy,1,SOU,4.2,0,0,0.0,0.0,0,0,0,0.1,0,0
,McAteer,1,LEI,4.7,0,1,0.0,0.02,0,0,0,0.0,0,0
,Mbeumo,1,BRE,8.3,3,1,0.45,0.09,0,3,0,28.5,0,1
,Mazraoui,1,MUN,4.9,0,0,0.01,0.0,0,0,0,0.2,0,0
,Mavropanos,1,WHU,4.4,0,1,0.0,0.02,0,0,2,0.1,0,0
,Mavididi,1,LEI,5.0,0,0,0.06,0.0,0,1,0,0.3,0,0
,Mateta,1,CRY,7.9,0,0,0.01,0.0,0,0,0,23.0,0,0
,Martínez,1,MUN,4.8,0,0,0.02,0.0,0,1,0,0.1,0,0
,Martinez,1,AVL,5.0,0,0,0.0,0.0,0,0,0,2.0,3,0
,Martinelli,1,ARS,6.9,0,1,0.19,0.08,0,3,0,1.0,0,0
,José Sá,1,WOL,4.4,0,0,0.0,0.0,0,0,0,1.2,4,0
,Mainoo,1,MUN,4.8,0,1,0.01,0.03,0,0,2,0.5,0,0
,Maguire,1,MUN,4.4,0,0,0.01,0.0,0,0,0,0.8,0,0
,Maddison,1,TOT,6.9,12,1,0.98,0.02,0,3,0,0.1,0,0
,Mac Allister,1,LIV,6.3,0,2,0.06,0.1,0,0,0,1.2,0,0
,Maatsen,1,AVL,4.3,0,0,0.04,0.0,0,1,0,0.4,0,0
,Luongo,1,IPS,4.3,0,0,0.0,0.0,0,0,0,0.2,0,0
,Lukic,1,FUL,5.0,0,0,0.01,0.0,0,0,2,0.1,0,0
,Longstaff (Sean),1,NEW,4.9,0,0,0.01,0.0,0,0,0,1.1,0,0
,Livramento,1,NEW,4.9,0,0,0.0,0.0,0,0,0,3.1,0,0
,Lewis-Potter,1,BRE,4.9,0,0,0.0,0.0,0,0,0,0.3,0,0
,Lewis (Rico),1,MCI,4.9,0,0,0.01,0.0,0,0,0,1.7,0,0
,Lerma,1,CRY,4.9,0,0,0.32,0.0,0,1,0,0.1,0,0
,Leno,1,FUL,5.0,0,0,0.0,0.0,0,0,0,1.6,5,0
,Lemina (Mario),1,WOL,4.8,0,0,0.01,0.0,0,0,2,0.1,0,0
,Lavia,1,CHE,4.9,0,0,0.18,0.0,0,1,2,0.0,0,0
,Kulusevski,1,TOT,6.4,0,0,0.17,0.0,0,0,0,0.0,0,0
,Kudus,1,WHU,6.7,0,2,0.47,0.08,0,2,0,30.1,0,0
,Kristiansen,1,LEI,4.4,0,0,0.03,0.0,0,0,0,0.1,0,0
,Krafth,1,NEW,4.4,0,0,0.0,0.0,0,0,0,0.0,0,0
,Kovacic,1,MCI,5.9,0,2,0.02,0.13,0,0,2,0.0,0,1
,Konsa Ngoyo,1,AVL,4.4,0,1,0.01,0.07,0,1,0,8.6,0,0
,Konaté,1,LIV,5.4,0,0,0.0,0.0,0,0,0,2.7,0,0
,Kluivert,1,BOU,7.0,1,0,0.02,0.0,0,0,0,1.0,0,0
,Kilman,1,WHU,4.3,0,0,0.07,0.0,0,1,2,0.2,0,0
,Kerkez,1,BOU,5.7,0,0,0.01,0.0,0,1,0,3.6,0,0
,Kelly,1,NEW,4.2,0,0,0.0,0.0,0,0,0,0.1,0,0
,Keane,1,EVE,4.5,0,1,0.01,0.01,0,0,0,1.1,0,0
,Kamada,1,CRY,5.0,0,0,0.06,0.0,0,2,0,0.2,0,0
,Justin,1,LEI,4.0,0,1,0.01,0.08,0,0,2,0.2,0,0
,João Pedro,1,BHA,7.4,0,1,0.02,0.03,0,1,0,45.5,0,0
,Johnson (Ben),1,IPS,3.8,0,0,0.0,0.0,0,0,0,1.9,0,0
,Johnson (Brennan),1,TOT,6.7,0,2,0.08,0.08,0,1,0,3.1,0,0
,Raúl Jiménez,1,FUL,6.2,0,0,0.0,0.0,0,0,0,0.8,0,0
,Jensen,1,BRE,4.9,1,0,0.03,0.0,0,1,0,0.1,0,0
,Jebbison,1,BOU,4.5,0,0,0.0,0.0,0,1,0,1.1,0,0
,Janelt,1,BRE,4.9,0,2,0.03,0.07,0,1,0,0.0,0,0
,Jackson (Nicolas),1,CHE,6.5,0,1,0.06,0.47,0,2,0,0.1,0,0
,Iwobi,1,FUL,6.5,0,1,0.15,0.04,0,0,0,1.7,0,0
,Isak,1,NEW,10.4,0,0,0.08,0.0,1,1,0,5.1,0,0
,Iroegbunam,1,EVE,4.9,0,2,0.01,0.14,0,0,2,0.0,0,0
,Ings,1,WHU,4.8,0,1,0.0,0.25,0,0,0,1.2,0,0
,Hwang Hee-Chan,1,WOL,5.8,0,0,0.11,0.0,0,1,0,0.1,0,0
,Hutchinson,1,IPS,5.4,0,3,0.02,0.27,0,0,0,0.0,0,0
,Huijsen,1,BOU,4.5,0,0,0.01,0.0,0,0,0,5.0,0,0
,Hughes,1,CRY,4.8,0,0,0.05,0.0,0,1,0,0.1,0,0
,Hudson-Odoi,1,NFO,5.8,1,2,0.2,0.07,0,3,0,0.8,0,0
,Holgate,1,EVE,4.0,0,0,0.0,0.0,0,0,0,0.1,0,0
,Hinshelwood,1,BHA,5.1,0,0,0.01,0.0,0,0,0,0.0,0,0
,Hermansen,1,LEI,4.4,0,0,0.0,0.0,0,0,0,0.2,5,0
,Henderson,1,CRY,5.0,0,0,0.0,0.0,0,0,0,7.6,3,0
,Havertz,1,ARS,7.3,0,5,0.04,0.45,0,2,0,0.3,0,0
,Harwood-Bellis,1,SOU,3.9,0,0,0.02,0.0,0,1,0,4.1,0,0
,Harrison (Jack),1,EVE,5.2,0,3,0.26,0.14,0,1,0,0.1,0,0
,Harness,1,IPS,4.9,0,0,0.03,0.0,0,0,0,0.0,0,0
,Lewis Hall,1,NEW,5.2,1,0,0.02,0.0,0,1,0,0.8,0,0
,Haaland,1,MCI,14.8,0,2,0.0,0.28,0,0,0,69.6,0,1
,Gvardiol,1,MCI,5.9,0,1,0.02,0.03,0,0,2,5.4,0,0
,Gusto,1,CHE,4.9,0,0,0.07,0.0,0,0,0,1.0,0,0
,Guiu,1,CHE,4.2,0,0,0.0,0.0,0,0,0,6.9,0,0
,Bruno Guimarães,1,NEW,6.6,0,0,0.04,0.0,0,0,2,3.7,0,0
,Gueye,1,EVE,5.4,0,1,0.01,0.02,0,0,0,0.1,0,0
,Marc Guehi,1,CRY,5.0,0,0,0.02,0.0,0,0,2,34.1,0,0
,Greaves,1,IPS,3.8,0,2,0.0,0.1,0,0,2,2.3,0,0
,Gray (Archie),1,TOT,4.8,0,0,0.01,0.0,0,0,0,0.1,0,0
,Gravenberch,1,LIV,5.6,0,0,0.39,0.0,0,0,0,4.0,0,0
,Gordon (Anthony),1,NEW,7.5,2,0,0.02,0.0,0,1,0,3.1,0,0
,João Gomes,1,WOL,5.4,0,0,0.02,0.0,0,0,0,0.1,0,0
,Beto,1,EVE,5.2,0,0,0.0,0.0,0,0,0,3.3,0,0
,Rodrigo Gomes,1,WOL,4.5,1,1,0.01,0.05,0,0,0,0.1,0,0
,Toti,1,WOL,4.3,0,0,0.01,0.0,0,0,0,0.1,0,0
,Gilmour,1,BHA,5.0,0,0,0.0,0.0,0,0,0,0.0,0,0
,Gibbs-White,1,NFO,7.3,0,2,0.07,0.1,0,3,0,2.9,0,0
,Rúben Dias,1,MCI,5.5,0,0,0.0,0.0,0,0,0,4.5,0,0
,Garnacho,1,MUN,6.4,0,2,0.09,0.68,0,2,0,0.4,0,0
,Gakpo,1,LIV,7.6,0,0,0.0,0.0,0,0,0,14.1,0,0
,Füllkrug,1,WHU,5.6,0,0,0.0,0.0,0,0,0,0.7,0,0
,Casemiro,1,MUN,5.5,0,3,0.5,0.16,0,3,2,0.6,0,0
,Fofana (Wesley),1,CHE,4.4,0,1,0.01,0.04,0,0,0,0.2,0,0
,Foden,1,MCI,8.0,0,0,0.01,0.0,0,0,0,4.3,0,0
,Flekken,1,BRE,4.5,0,0,0.0,0.0,0,0,0,10.0,6,0
,Fernández,1,CHE,6.7,2,3,0.08,0.22,0,0,0,14.3,0,0
,Fatawu,1,LEI,5.1,0,0,0.6,0.0,1,2,2,0.2,0,0
,Faes,1,LEI,3.8,0,0,0.0,0.0,0,0,0,5.2,0,0
,Eze,1,CRY,7.6,1,7,0.05,0.41,0,0,0,14.2,0,0
,Evans (Jonny),1,MUN,4.4,0,0,0.0,0.0,0,0,0,0.1,0,0
,Elanga,1,NFO,6.7,0,1,0.16,0.02,0,2,0,3.7,0,0
,Edozie (Samuel),1,SOU,4.9,0,0,0.15,0.0,0,1,0,0.0,0,0
,Edouard,1,LEI,5.0,0,1,0.02,0.05,0,1,0,0.3,0,0
,Díaz,1,LIV,8.0,0,3,0.38,0.46,0,3,0,0.0,0,0
,Durán,1,AVL,5.7,0,2,0.0,0.38,0,0,0,1.6,0,0
,Dunk,1,BHA,4.5,0,1,0.0,0.07,0,0,0,1.2,0,0
,Downes,1,SOU,4.7,0,1,0.1,0.11,0,3,0,0.0,0,0
,Doucouré,1,EVE,5.1,0,1,0.01,0.14,0,0,0,0.5,0,0
,Doucoure,1,CRY,4.9,0,0,0.0,0.0,0,0,0,0.0,0,0
,Nicolás Domínguez,1,NFO,5.0,0,0,0.09,0.0,0,0,0,0.0,0,0
,Doku,1,MCI,6.5,0,2,0.09,0.13,0,1,0,5.0,0,0
,Doherty,1,WOL,4.4,0,2,0.01,0.08,0,0,0,0.1,0,0
,Diop,1,FUL,4.4,0,0,0.0,0.0,0,0,2,0.1,0,0
,Digne,1,AVL,4.5,0,0,0.13,0.0,0,1,0,1.6,0,0
,Dibling,1,SOU,5.4,0,0,0.02,0.0,0,1,0,0.0,0,0
,Dewsbury-Hall,1,CHE,4.9,0,0,0.01,0.0,0,0,0,3.0,0,0
,Delap,1,IPS,6.2,0,0,0.0,0.0,0,2,0,0.9,0,0
,DeCordova-Reid,1,LEI,5.2,0,1,0.01,0.06,0,0,0,0.1,0,0
,De Bruyne,1,MCI,9.5,3,2,0.32,0.07,0,1,0,11.6,0,0
,Dawson,1,WOL,4.2,0,0,0.0,0.0,0,0,0,0.1,0,0
,Davis,1,IPS,4.2,2,0,0.02,0.0,0,0,0,0.9,0,0
,Damsgaard,1,BRE,5.8,0,0,0.0,0.0,0,0,0,0.6,0,0
,Dalot,1,MUN,4.4,0,0,0.02,0.0,0,0,0,1.0,0,0
,Cucurella,1,CHE,6.1,0,0,0.02,0.0,0,0,0,21.8,0,0
,Coufal,1,WHU,4.1,0,0,0.1,0.0,0,1,0,0.4,0,0
,Cook,1,BOU,4.9,4,0,0.21,0.0,0,1,0,0.0,0,0
,Colwill,1,CHE,4.8,0,0,0.01,0.0,0,0,0,0.1,0,0
,Collins,1,BRE,4.9,0,1,0.0,0.22,0,0,2,1.1,0,0
,Christie,1,BOU,5.0,0,0,0.01,0.0,0,0,0,0.1,0,0
,Chaplin,1,IPS,5.1,0,0,0.01,0.0,0,0,0,0.1,0,0
,Cash,1,AVL,4.6,0,0,0.01,0.0,0,1,0,5.2,0,0
,Carvalho,1,BRE,4.9,0,0,0.0,0.0,0,0,0,0.2,0,0
,Calvert-Lewin,1,EVE,5.5,0,0,0.01,0.0,0,0,0,1.4,0,0
,Cairney,1,FUL,4.9,0,0,0.05,0.0,0,1,0,0.0,0,0
,Moises Caicedo,1,CHE,6.0,0,1,0.06,0.03,0,1,0,19.8,0,0
,Burns,1,IPS,4.7,0,0,0.0,0.0,0,0,0,0.0,0,0
,Burn,1,NEW,5.2,0,0,0.0,0.0,0,0,2,10.7,0,0
,Buonanotte,1,LEI,4.7,0,0,0.19,0.0,0,1,0,0.1,0,0
,Brereton,1,SOU,4.8,0,2,0.02,0.3,0,1,0,0.1,0,0
,Bradley,1,LIV,5.0,0,2,0.02,0.24,0,0,0,0.2,0,0
,Bowen,1,WHU,7.7,3,0,0.07,0.0,0,1,0,7.6,0,0
,Bruno Fernandes,1,MUN,8.9,4,6,0.03,1.19,0,0,0,16.3,0,0
,Boly,1,NFO,3.9,0,1,0.0,0.07,0,0,2,0.5,0,0
,Billing,1,BOU,4.9,0,0,0.0,0.0,0,0,0,0.0,0,0
,Bergvall,1,TOT,5.4,1,1,0.14,0.06,0,1,0,0.4,0,0
,Bentancur,1,TOT,5.3,0,3,0.04,0.25,0,0,0,0.4,0,0
,Bellegarde,1,WOL,5.2,0,1,0.0,0.07,0,0,0,0.0,0,0
,Bednarek,1,SOU,4.0,0,0,0.03,0.0,0,1,0,1.9,0,0
,Bassey,1,FUL,4.5,0,2,0.03,0.1,0,0,0,0.6,0,0
,Barnes,1,NEW,6.3,0,0,0.0,0.0,0,0,0,0.4,0,0
,Bailey,1,AVL,5.5,2,3,0.21,0.21,0,2,0,0.1,0,0
,Ayew,1,LEI,5.1,1,1,0.01,0.46,0,1,0,0.2,0,0
,Ayari,1,BHA,4.9,0,0,0.0,0.0,0,0,0,0.3,0,0
,Awoniyi,1,NFO,5.2,0,1,0.03,0.12,0,0,0,0.4,0,0
,Armstrong (Adam),1,SOU,5.1,0,5,0.08,0.71,0,1,0,0.5,0,0
,Aribo,1,SOU,4.9,0,1,0.44,0.05,0,2,0,0.1,0,0
,Areola,1,WHU,4.3,0,0,0.0,0.0,0,0,0,2.1,1,0
,Archer,1,SOU,4.8,0,2,0.0,0.19,0,0,0,1.1,0,0
,Araujo,1,BOU,3.9,0,0,0.01,0.0,0,0,0,0.7,0,0
,Joelinton,1,NEW,5.9,0,2,0.01,0.22,0,0,2,0.3,0,0
,Antonio,1,WHU,5.2,0,2,0.0,0.15,0,0,0,0.8,0,0
,Anderson,1,NFO,5.3,0,0,0.01,0.0,0,0,0,3.0,0,0
,Andersen,1,FUL,4.5,1,1,0.02,0.04,0,0,0,2.8,0,0
,Amo-Ameyaw,1,SOU,4.4,1,1,0.13,0.02,0,1,0,0.1,0,0
,Alexander-Arnold,1,LIV,7.2,3,1,1.0,0.06,0,3,0,16.7,0,0
,Alcaraz,1,EVE,5.2,1,1,0.03,0.07,0,1,0,0.1,0,0
,Ali Al Hamadi,1,IPS,4.7,0,0,0.0,0.0,0,0,0,0.2,0,0
,Akanji,1,MCI,5.4,0,0,0.01,0.0,0,0,0,0.3,0,0
,Ajer,1,BRE,4.4,0,1,0.0,0.28,0,0,0,0.2,0,0
,Ait Nouri,1,WOL,5.8,0,1,0.02,0.02,0,0,0,4.9,0,0
,Aina,1,NFO,4.7,0,1,0.02,0.02,0,0,0,2.5,0,0
,Adingra,1,BHA,5.1,0,2,0.05,0.17,0,0,0,0.5,0,1
,Álvarez (Edson),2,WHU,4.9,0,1,0.21,0.01,0,0,0,0.1,0,0
,van de Ven,2,TOT,4.7,0,0,0.04,0.0,1,1,0,32.6,0,0
,van Hecke,2,BHA,4.4,0,0,0.02,0.0,0,0,0,1.3,0,0
,van Dijk,2,LIV,6.0,0,1,0.01,0.02,0,0,0,23.6,0,0
,Gabriel Magalhães,2,ARS,6.6,0,0,0.02,0.0,0,0,0,40.9,0,0
,Antony,2,MUN,5.9,0,0,0.05,0.0,0,1,0,0.1,0,0
,Evanilson,2,BOU,7.0,0,3,0.0,0.81,0,0,0,1.4,0,0
,de Ligt,2,MUN,5.0,0,0,0.0,0.0,0,0,0,3.0,0,0
,Richarlison,2,TOT,6.5,0,0,0.0,0.0,0,0,0,8.5,0,0
,Renato Veiga,2,CHE,4.4,0,0,0.0,0.0,0,0,0,0.1,0,0
,Zirkzee,2,MUN,5.8,0,0,0.03,0.0,0,1,0,0.4,0,0
,Zabarnyi,2,BOU,5.0,0,0,0.01,0.0,0,0,0,0.0,0,0
,Yates,2,NFO,4.7,0,1,0.0,0.02,0,1,0,0.1,0,0
,Woolfenden,2,IPS,3.9,0,0,0.0,0.0,0,0,0,1.2,0,0
,Wood (Chris),2,NFO,7.2,0,3,0.09,0.24,0,1,0,6.5,0,0
,Wissa,2,BRE,7.4,0,0,0.0,0.0,0,0,0,0.5,0,0
,Winks,2,LEI,4.3,2,0,0.09,0.0,0,1,0,4.7,0,0
,Wilson (Harry),2,FUL,5.2,0,0,0.01,0.0,0,0,0,0.3,0,0
,Willock,2,NEW,5.0,0,1,0.01,0.08,0,0,0,0.1,0,0
,Williams (Neco),2,NFO,4.7,0,5,0.02,0.28,0,0,0,3.5,0,0
,White (Ben),2,ARS,5.3,0,0,0.02,0.0,0,0,0,0.4,0,0
,Wharton,2,CRY,5.0,1,1,0.17,0.02,0,2,2,0.5,0,0
,Welbeck,2,BHA,6.5,0,3,0.02,1.11,0,2,0,7.9,0,0
,Watkins,2,AVL,8.5,0,2,0.0,0.87,0,2,0,6.6,0,0
,Wan-Bissaka,2,WHU,4.3,0,0,0.0,0.0,0,0,0,5.8,0,0
,Walker-Peters,2,SOU,4.3,1,3,0.02,0.1,0,0,0,0.3,0,0
,Vicario,2,TOT,5.1,0,0,0.0,0.0,0,0,0,10.1,1,0
,Vestergaard,2,LEI,3.9,0,1,0.0,0.01,0,0,2,1.5,0,0
,Veltman,2,BHA,4.3,0,0,0.45,0.0,0,2,0,0.1,0,0
,Bernardo Silva,2,MCI,6.3,1,1,0.07,0.11,0,0,0,0.5,0,0
,Vardy,2,LEI,5.4,0,0,0.0,0.0,0,0,0,5.2,0,0
,Destiny Udogie,2,TOT,4.4,0,0,0.01,0.0,0,0,0,0.4,0,0
,Tuanzebe,2,IPS,3.9,0,0,0.0,0.0,0,0,0,1.8,0,0
,Trossard,2,ARS,6.9,0,3,0.02,0.18,0,0,0,0.5,0,0
,Trippier,2,NEW,5.0,5,0,0.01,0.0,0,0,0,2.7,0,0
,Traoré (Adama),2,FUL,5.2,0,3,0.5,0.21,1,4,0,0.2,0,0
,Amad Diallo,2,MUN,6.3,1,2,0.11,0.33,0,1,0,1.3,0,1
,Torres,2,AVL,4.3,0,0,0.01,0.0,0,0,0,0.3,0,0
,Lucas Paquetá,2,WHU,5.9,0,3,0.02,0.13,0,0,2,2.5,0,0
,Todibo,2,WHU,4.3,0,0,0.0,0.0,0,0,0,0.1,0,0
,Jurriën Timber,2,ARS,6.1,0,0,0.01,0.0,0,0,0,25.1,0,0
,Tielemans,2,AVL,5.9,3,0,0.04,0.0,0,2,0,0.6,0,0
,Tete,2,FUL,4.5,0,2,0.02,0.19,0,0,0,0.2,0,0
,Diogo Jota,2,LIV,7.2,0,4,0.07,0.61,1,2,0,2.6,0,0
,Taylor (Charlie),2,SOU,3.9,0,0,0.01,0.0,0,0,0,3.0,0,0
,Taylor (Jack),2,IPS,4.8,0,0,0.0,0.0,0,0,0,0.0,0,0
,Tavernier,2,BOU,5.5,3,2,0.04,0.87,0,4,0,1.6,0,0
,Tarkowski,2,EVE,5.5,0,3,0.19,0.23,0,1,0,6.3,0,0
,Szoboszlai,2,LIV,6.5,0,1,0.26,0.08,0,2,0,4.2,0,0
,Szmodics,2,IPS,5.7,0,1,0.0,0.29,0,0,0,0.1,0,0
,Sugawara,2,SOU,4.2,0,1,0.07,0.02,0,0,0,0.1,0,0
,Strand Larsen,2,WOL,6.4,0,2,0.16,0.62,0,1,0,1.3,0,0
,Stones,2,MCI,5.5,0,0,0.01,0.0,0,0,0,0.7,0,0
,Stephens,2,SOU,4.0,0,0,0.03,0.0,0,0,0,0.3,0,0
,Steele,2,BHA,4.3,0,0,0.0,0.0,0,0,0,0.3,2,0
,Spence,2,TOT,4.5,0,0,0.0,0.0,0,0,0,1.6,0,0
,Soucek,2,WHU,5.7,0,3,0.1,0.15,0,1,0,0.2,0,0
,Son,2,TOT,8.5,0,3,0.05,1.14,0,1,0,0.1,0,0
,Smith-Rowe,2,FUL,5.6,0,2,0.03,0.53,0,0,0,0.4,0,1
,Smith,2,BOU,4.4,0,0,0.0,0.0,0,0,0,0.2,0,0
,Smallbone,2,SOU,5.0,3,0,0.01,0.0,0,0,0,0.0,0,0
,Skipp,2,LEI,4.7,0,0,0.0,0.0,0,0,0,0.0,0,0
,Sinisterra,2,BOU,5.0,0,1,0.06,0.05,0,1,0,0.0,0,0
,João Félix,2,CHE,5.9,0,2,0.01,0.26,0,0,0,0.4,0,0
,Senesi,2,BOU,5.0,0,0,0.03,0.0,0,0,2,26.2,0,0
,Semenyo,2,BOU,8.1,0,7,1.13,0.33,1,3,0,64.4,0,0
,Sels,2,NFO,4.8,0,0,0.0,0.0,0,0,0,8.3,1,0
,Scott,2,BOU,5.0,0,1,0.01,0.04,0,0,0,0.3,0,0
,Schlupp,2,CRY,4.6,0,0,0.0,0.0,0,0,0,0.0,0,0
,Schade,2,BRE,7.0,0,0,0.0,0.0,0,0,0,0.7,0,0
,Ismaila Sarr,2,CRY,6.6,0,1,0.17,0.1,0,1,0,11.6,0,0
,Sarr (Pape),2,TOT,4.9,0,0,0.0,0.0,0,0,0,1.7,0,0
,Sarabia,2,WOL,5.0,1,1,0.01,0.02,0,0,0,0.1,0,0
,Matheus Cunha,2,WOL,7.9,3,4,0.2,0.93,0,2,0,4.4,0,0
,Murillo,2,NFO,5.3,0,0,0.11,0.0,0,1,0,2.0,0,0
,Ederson,2,MCI,5.3,0,0,0.0,0.0,0,0,0,0.9,0,0
,Sangaré,2,NFO,4.9,0,1,0.04,0.02,0,0,0,0.1,0,0
,Sanchez,2,CHE,4.8,0,0,0.0,0.0,0,0,0,13.5,2,0
,Saliba,2,ARS,6.0,0,0,0.01,0.0,0,0,2,11.6,0,0
,Salah,2,LIV,14.2,0,3,0.3,0.55,0,0,0,24.9,0,0
,Saka,2,ARS,10.1,0,1,0.1,0.05,0,2,0,17.2,0,0
,Rutter,2,BHA,5.7,0,0,0.01,0.0,0,0,0,0.5,0,0
,Romero,2,TOT,5.0,0,3,0.3,0.53,0,1,0,4.2,0,0
,Rogers,2,AVL,6.8,0,3,0.07,0.11,0,2,0,4.8,0,0
,Roerslev,2,BRE,4.5,0,1,0.0,0.01,0,0,0,0.0,0,0
,Rodríguez,2,WHU,4.8,0,2,0.0,0.02,0,0,2,0.0,0,0
,Robinson (Antonee),2,FUL,4.9,0,0,0.11,0.0,1,2,2,0.5,0,0
,Robertson,2,LIV,5.8,5,2,0.19,0.34,0,3,0,0.9,0,0
,Richards (Chris),2,CRY,4.5,0,1,0.0,0.12,0,0,0,3.2,0,0
,Rice,2,ARS,6.8,1,1,0.11,0.07,0,1,0,16.4,0,0
,Riad,2,CRY,4.0,0,0,0.02,0.0,0,0,0,0.0,0,0
,Reed,2,FUL,4.4,0,0,0.01,0.0,0,0,0,0.2,0,0
,Raya Martin,2,ARS,5.8,0,0,0.0,0.0,0,0,0,31.3,3,0
,Rashford,2,AVL,7.0,0,0,0.01,0.0,0,0,0,0.0,0,0
,Ramsey (Jacob),2,AVL,5.3,0,1,0.01,0.03,0,1,0,0.2,0,0
,Alisson,2,LIV,5.4,0,0,0.0,0.0,0,0,0,5.8,2,0
,Porro,2,TOT,5.5,0,1,0.11,0.03,0,1,0,18.4,0,0
,Pope,2,NEW,5.2,0,0,0.0,0.0,0,0,0,12.2,3,0
,Podence,2,WOL,5.5,0,0,0.01,0.0,0,0,0,0.0,0,0
,Pinnock,2,BRE,4.3,0,0,0.0,0.0,0,0,0,0.1,0,0
,Pickford,2,EVE,5.5,0,0,0.0,0.0,0,0,0,9.7,3,0
,Pereira,2,FUL,5.3,7,2,0.37,0.06,0,7,0,0.1,0,0
,Partey,2,ARS,4.9,0,2,0.08,0.1,0,0,0,0.7,0,0
,Emerson,2,WHU,4.4,0,0,0.01,0.0,0,0,0,0.1,0,0
,Palmer (Cole),2,CHE,10.3,1,5,0.15,0.67,2,4,0,9.2,0,1
,Dango Ouattara,2,BOU,6.0,0,1,0.0,0.13,0,0,0,0.5,0,0
,Onyeka,2,BRE,4.9,0,0,0.02,0.0,0,0,0,0.1,0,0
,Onana,2,MUN,4.9,0,0,0.0,0.0,0,0,0,0.2,2,0
,Odobert,2,TOT,5.3,0,1,0.03,0.05,0,1,0,0.0,0,0
,Odegaard,2,ARS,7.8,0,1,0.6,0.26,0,2,0,1.4,0,0
,Núñez,2,LIV,6.5,0,0,0.0,0.0,0,0,0,0.1,0,0
,Matheus Nunes,2,MCI,5.3,0,0,0.0,0.0,0,0,0,0.8,0,0
,Norgaard,2,BRE,5.2,0,1,0.01,0.22,0,0,2,0.1,0,0
,Nkunku,2,CHE,5.9,0,0,0.02,0.0,0,1,0,0.1,0,0
,Neto,2,CHE,7.1,1,0,0.05,0.0,1,1,0,5.9,0,0
,Nelson (Reiss),2,FUL,4.8,0,0,0.0,0.0,0,0,0,0.1,0,0
,Nedeljkovic,2,AVL,3.9,0,0,0.01,0.0,0,0,0,0.5,0,0
,Ndidi,2,LEI,4.9,0,1,0.01,0.09,0,1,2,0.2,0,0
,Ndiaye,2,EVE,6.5,0,1,0.02,0.04,0,0,0,11.1,0,0
,Mykolenko,2,EVE,4.9,0,0,0.02,0.0,0,0,0,0.4,0,0
,Mvom Onana,2,AVL,4.8,0,2,0.01,0.11,0,0,0,0.6,0,0
,Muñoz,2,CRY,5.7,0,0,0.02,0.0,0,0,0,15.3,0,0
,Murphy (Jacob),2,NEW,6.1,2,0,0.01,0.0,0,1,0,1.1,0,0
,Muric,2,IPS,4.4,0,0,0.0,0.0,0,0,0,0.4,1,0
,Neto,2,ARS,4.5,0,0,0.0,0.0,0,0,0,0.1,4,0
,Rodrigo Muniz,2,FUL,5.4,0,7,0.01,0.58,0,2,0,1.0,0,0
,Mudryk,2,CHE,5.0,0,0,0.01,0.0,0,0,0,0.0,0,0
,Mount,2,MUN,5.9,0,1,0.0,0.09,0,0,0,0.3,0,0
,Mosquera,2,WOL,4.4,0,1,0.0,0.25,0,0,0,0.1,0,0
,Morsy,2,IPS,4.8,0,0,0.0,0.0,0,0,2,0.1,0,0
,Savinho,2,MCI,6.9,4,0,0.2,0.0,1,2,0,0.5,0,0
,Mitoma,2,BHA,6.2,0,0,0.58,0.0,1,1,0,2.3,0,0
,Mitchell,2,CRY,5.0,0,0,0.08,0.0,0,2,0,2.2,0,0
,Minteh,2,BHA,6.0,1,2,0.24,0.08,0,2,0,4.4,0,0
,Milner,2,BHA,5.0,1,2,0.04,0.16,0,1,0,0.1,0,0
,Milenkovic,2,NFO,5.2,0,3,0.01,0.98,0,1,0,4.0,0,0
,Mcatee,2,MCI,5.2,0,0,0.02,0.0,0,0,0,0.1,0,0
,McTominay,2,MUN,4.9,0,1,0.0,0.07,0,0,0,0.1,0,0
,McNeil,2,EVE,5.6,4,1,0.63,0.03,0,6,0,0.1,0,0
,McGinn,2,AVL,5.4,0,0,0.01,0.0,0,0,0,0.6,0,0
,McCarthy,2,SOU,4.2,0,0,0.0,0.0,0,0,0,0.1,7,0
,McAteer,2,LEI,4.7,0,0,0.0,0.0,0,0,0,0.0,0,0
,Mbeumo,2,BRE,8.3,1,1,0.17,0.03,0,1,0,28.5,0,0
,Mazraoui,2,MUN,4.9,0,0,0.02,0.0,0,2,0,0.2,0,0
,Mavropanos,2,WHU,4.4,0,0,0.0,0.0,0,0,2,0.1,0,0
,Mavididi,2,LEI,5.0,0,0,0.0,0.0,0,0,0,0.3,0,0
,Mateta,2,CRY,7.9,0,1,0.23,0.3,0,2,0,23.0,0,0
,Martínez,2,MUN,4.8,0,0,0.19,0.0,0,0,0,0.1,0,0
,Martinez,2,AVL,5.0,0,0,0.0,0.0,0,0,0,2.0,2,0
,Martinelli,2,ARS,6.9,0,0,0.41,0.0,0,2,0,1.0,0,0
,José Sá,2,WOL,4.4,0,0,0.01,0.0,0,1,0,1.2,2,0
,Mainoo,2,MUN,4.8,0,0,0.01,0.0,0,0,2,0.5,0,0
,Maguire,2,MUN,4.4,0,1,0.0,0.04,0,1,0,0.8,0,0
,Madueke,2,CHE,6.8,0,6,0.11,0.58,0,1,0,0.6,0,2
,Maddison,2,TOT,6.9,5,3,0.38,0.41,1,2,0,0.1,0,0
,Mac Allister,2,LIV,6.3,0,0,0.04,0.0,0,2,0,1.2,0,0
,Maatsen,2,AVL,4.3,0,0,0.09,0.0,0,1,0,0.4,0,0
,Luongo,2,IPS,4.3,0,0,0.0,0.0,0,0,0,0.2,0,0
,Lukic,2,FUL,5.0,0,0,0.03,0.0,0,1,0,0.1,0,0
,Longstaff (Sean),2,NEW,4.9,0,0,0.01,0.0,0,1,0,1.1,0,0
,Livramento,2,NEW,4.9,0,0,0.01,0.0,0,0,0,3.1,0,0
,Lindstrom,2,EVE,5.0,1,1,0.01,0.04,0,0,0,0.1,0,0
,Lewis-Potter,2,BRE,4.9,0,2,0.02,0.07,0,1,0,0.3,0,0
,Lewis (Rico),2,MCI,4.9,0,1,0.06,0.53,0,0,0,1.7,0,0
,Lerma,2,CRY,4.9,0,1,0.01,0.02,0,0,0,0.1,0,0
,Leno,2,FUL,5.0,0,0,0.0,0.0,0,0,0,1.6,3,0
,Lemina (Mario),2,WOL,4.8,0,1,0.28,0.05,0,0,0,0.1,0,0
,Kulusevski,2,TOT,6.4,6,0,0.11,0.0,0,4,0,0.0,0,0
,Kudus,2,WHU,6.7,0,2,0.16,0.08,0,0,0,30.1,0,0
,Kristiansen,2,LEI,4.4,1,0,0.0,0.0,0,0,0,0.1,0,0
,Krafth,2,NEW,4.4,0,0,0.01,0.0,0,1,0,0.0,0,0
,Kovacic,2,MCI,5.9,0,0,0.06,0.0,0,2,0,0.0,0,0
,Konsa Ngoyo,2,AVL,4.4,0,0,0.01,0.0,0,0,0,8.6,0,0
,Konaté,2,LIV,5.4,0,2,0.02,0.18,0,0,0,2.7,0,0
,Kluivert,2,BOU,7.0,0,1,0.2,0.03,0,2,0,1.0,0,0
,Kilman,2,WHU,4.3,0,1,0.01,0.06,0,2,2,0.2,0,0
,Kerkez,2,BOU,5.7,0,0,0.01,0.0,0,0,0,3.6,0,0
,Kelly,2,NEW,4.2,0,0,0.01,0.0,0,0,0,0.1,0,0
,Keane,2,EVE,4.5,0,0,0.01,0.0,0,1,2,1.1,0,0
,Kamada,2,CRY,5.0,0,0,0.03,0.0,0,2,0,0.2,0,0
,Justin,2,LEI,4.0,0,0,0.0,0.0,0,0,0,0.2,0,0
,João Pedro,2,BHA,7.4,0,3,0.12,0.53,0,1,0,45.5,0,0
,Johnson (Ben),2,IPS,3.8,1,0,0.2,0.0,1,1,0,1.9,0,0
,Johnson (Brennan),2,TOT,6.7,0,1,0.03,0.18,0,0,0,3.1,0,0
,Raúl Jiménez,2,FUL,6.2,0,0,0.0,0.0,0,0,0,0.8,0,0
,Jensen,2,BRE,4.9,3,1,0.13,0.03,0,2,0,0.1,0,0
,Jebbison,2,BOU,4.5,0,0,0.0,0.0,0,0,0,1.1,0,0
,Janelt,2,BRE,4.9,0,0,0.01,0.0,0,0,0,0.0,0,0
,Jackson (Nicolas),2,CHE,6.5,0,1,0.01,0.17,0,2,0,0.1,0,0
,Iwobi,2,FUL,6.5,0,2,0.05,0.21,0,1,0,1.7,0,1
,Isak,2,NEW,10.4,0,5,0.03,0.32,0,1,0,5.1,0,0
,Iroegbunam,2,EVE,4.9,0,0,0.01,0.0,0,0,0,0.0,0,0
,Hwang Hee-Chan,2,WOL,5.8,0,0,0.01,0.0,0,0,0,0.1,0,0
,Hutchinson,2,IPS,5.4,0,0,0.0,0.0,0,0,0,0.0,0,0
,Hudson-Odoi,2,NFO,5.8,0,1,0.34,0.04,0,4,0,0.8,0,0
,Hinshelwood,2,BHA,5.1,0,0,0.19,0.0,0,1,0,0.0,0,0
,Hermansen,2,LEI,4.4,0,0,0.0,0.0,0,0,0,0.2,4,0
,Henderson,2,CRY,5.0,0,0,0.0,0.0,0,0,0,7.6,1,0
,Havertz,2,ARS,7.3,0,1,0.03,0.21,0,0,0,0.3,0,0
,Harwood-Bellis,2,SOU,3.9,0,0,0.01,0.0,0,0,0,4.1,0,0
,Harrison (Jack),2,EVE,5.2,0,2,0.0,0.54,0,0,0,0.1,0,0
,Harness,2,IPS,4.9,0,0,0.02,0.0,0,0,0,0.0,0,0
,Lewis Hall,2,NEW,5.2,0,0,0.1,0.0,0,1,0,0.8,0,0
,Haaland,2,MCI,14.8,0,7,0.04,1.79,0,0,0,69.6,0,2
,Gvardiol,2,MCI,5.9,0,0,0.04,0.0,0,0,0,5.4,0,0
,Gusto,2,CHE,4.9,0,0,0.03,0.0,0,1,0,1.0,0,0
,Gundogan,2,MCI,6.3,0,0,0.05,0.0,0,0,0,0.1,0,0
,Bruno Guimarães,2,NEW,6.6,0,2,0.23,0.07,0,2,0,3.7,0,0
,Gueye,2,EVE,5.4,0,0,0.01,0.0,0,0,2,0.1,0,0
,Marc Guehi,2,CRY,5.0,0,0,0.02,0.0,0,0,0,34.1,0,0
,Greaves,2,IPS,3.8,0,0,0.0,0.0,0,0,0,2.3,0,0
,Grealish,2,MCI,6.9,0,1,0.01,0.1,0,0,0,17.6,0,0
,Gray (Archie),2,TOT,4.8,0,0,0.0,0.0,0,0,0,0.1,0,0
,Gravenberch,2,LIV,5.6,0,0,0.05,0.0,0,0,2,4.0,0,0
,Gordon (Anthony),2,NEW,7.5,2,2,0.4,0.47,0,4,0,3.1,0,0
,João Gomes,2,WOL,5.4,0,1,0.02,0.02,0,0,2,0.1,0,0
,Beto,2,EVE,5.2,0,0,0.0,0.0,0,0,0,3.3,0,0
,Rodrigo Gomes,2,WOL,4.5,0,1,0.0,0.01,0,0,0,0.1,0,0
,Toti,2,WOL,4.3,0,0,0.22,0.0,1,1,0,0.1,0,0
,Gilmour,2,BHA,5.0,1,1,0.04,0.08,0,0,0,0.0,0,0
,Gibbs-White,2,NFO,7.3,0,4,0.02,0.47,0,3,0,2.9,0,0
,Rúben Dias,2,MCI,5.5,0,0,0.05,0.0,0,0,0,4.5,0,0
,Garnacho,2,MUN,6.4,0,1,0.06,0.71,0,1,0,0.4,0,0
,Gakpo,2,LIV,7.6,0,1,0.01,0.03,0,0,0,14.1,0,0
,Füllkrug,2,WHU,5.6,0,2,0.0,0.25,0,0,0,0.7,0,0
,Casemiro,2,MUN,5.5,0,3,0.02,0.1,0,0,0,0.6,0,0
,Fofana (Wesley),2,CHE,4.4,0,0,0.0,0.0,0,0,0,0.2,0,0
,Flekken,2,BRE,4.5,0,0,0.0,0.0,0,0,0,10.0,6,0
,Jota Silva,2,NFO,5.4,0,0,0.0,0.0,0,0,0,0.0,0,0
,Fernández,2,CHE,6.7,3,0,0.04,0.0,0,2,0,14.3,0,0
,Fatawu,2,LEI,5.1,0,3,0.0,0.06,0,0,2,0.2,0,0
,Faes,2,LEI,3.8,0,3,0.0,0.33,0,0,2,5.2,0,0
,Eze,2,CRY,7.6,2,5,0.17,0.45,0,4,0,14.2,0,0
,Mateus Fernandes,2,SOU,5.5,0,0,0.01,0.0,0,0,0,0.0,0,0
,Endo,2,LIV,4.9,0,0,0.0,0.0,0,0,0,0.1,0,0
,Enciso,2,IPS,5.4,1,1,0.0,0.03,0,0,0,0.0,0,0
,Elliott,2,LIV,5.4,0,0,0.02,0.0,0,0,0,0.3,0,0
,Elanga,2,NFO,6.7,9,2,0.24,0.22,0,3,0,3.7,0,0
,Edozie (Samuel),2,SOU,4.9,0,0,0.0,0.0,0,0,0,0.0,0,0
,Edouard,2,LEI,5.0,0,4,0.01,0.34,0,0,0,0.3,0,0
,Edmundson,2,IPS,4.0,0,0,0.0,0.0,0,0,0,0.1,0,0
,Díaz,2,LIV,8.0,0,3,0.17,0.73,1,4,0,0.0,0,0
,Durán,2,AVL,5.7,0,1,0.14,0.1,0,0,0,1.6,0,0
,Dunk,2,BHA,4.5,0,0,0.01,0.0,0,1,0,1.2,0,0
,Doyle (Tommy),2,WOL,4.7,0,0,0.0,0.0,0,1,0,0.0,0,0
,Downes,2,SOU,4.7,0,0,0.06,0.0,0,1,2,0.0,0,0
,Doucouré,2,EVE,5.1,0,1,0.0,0.07,0,0,0,0.5,0,0
,Nicolás Domínguez,2,NFO,5.0,0,1,0.0,0.12,0,1,0,0.0,0,0
,Doku,2,MCI,6.5,1,0,0.44,0.0,0,2,0,5.0,0,0
,Doherty,2,WOL,4.4,0,0,0.06,0.0,0,1,0,0.1,0,0
,Dixon,2,EVE,3.9,0,0,0.0,0.0,0,0,0,0.2,0,0
,Diop,2,FUL,4.4,0,0,0.01,0.0,0,0,0,0.1,0,0
,Digne,2,AVL,4.5,0,0,0.03,0.0,0,0,2,1.6,0,0
,Dibling,2,SOU,5.4,0,0,0.0,0.0,0,0,0,0.0,0,0
,Dewsbury-Hall,2,CHE,4.9,0,0,0.0,0.0,0,0,0,3.0,0,0
,Delap,2,IPS,6.2,0,0,0.01,0.0,0,0,0,0.9,0,0
,DeCordova-Reid,2,LEI,5.2,0,1,0.03,0.02,0,0,0,0.1,0,0
,De Bruyne,2,MCI,9.5,4,4,0.65,0.81,1,4,0,11.6,0,0
,Dawson,2,WOL,4.2,0,0,0.0,0.0,0,0,0,0.1,0,0
,Davis,2,IPS,4.2,0,0,0.1,0.0,0,0,0,0.9,0,0
,Damsgaard,2,BRE,5.8,0,0,0.0,0.0,0,0,0,0.6,0,0
,Dalot,2,MUN,4.4,0,1,0.05,0.02,0,1,0,1.0,0,0
,Cucurella,2,CHE,6.1,0,0,0.18,0.0,0,0,0,21.8,0,0
,Cresswell,2,WHU,3.9,0,0,0.0,0.0,0,0,0,1.7,0,0
,Coufal,2,WHU,4.1,0,1,0.0,0.02,0,0,0,0.4,0,0
,Cook,2,BOU,4.9,5,0,0.31,0.0,0,1,2,0.0,0,0
,Colwill,2,CHE,4.8,0,0,0.0,0.0,0,0,0,0.1,0,0
,Collins,2,BRE,4.9,0,2,0.0,0.2,0,0,0,1.1,0,0
,Christie,2,BOU,5.0,0,0,0.04,0.0,0,3,0,0.1,0,0
,Chaplin,2,IPS,5.1,0,0,0.0,0.0,0,0,0,0.1,0,0
,Cash,2,AVL,4.6,0,0,0.0,0.0,0,0,0,5.2,0,0
,Carvalho,2,BRE,4.9,0,0,0.01,0.0,0,0,0,0.2,0,0
,Calvert-Lewin,2,EVE,5.5,0,1,0.0,0.05,0,0,0,1.4,0,0
,Calafiori,2,ARS,5.8,0,0,0.0,0.0,0,0,0,16.0,0,0
,Cairney,2,FUL,4.9,0,0,0.0,0.0,0,0,0,0.0,0,0
,Moises Caicedo,2,CHE,6.0,0,0,0.02,0.0,0,0,0,19.8,0,0
,Burn,2,NEW,5.2,0,2,0.01,0.28,0,0,0,10.7,0,0
,Buonanotte,2,LEI,4.7,2,0,0.19,0.0,1,3,0,0.1,0,0
,Brereton,2,SOU,4.8,0,0,0.06,0.0,0,2,0,0.1,0,0
,Bradley,2,LIV,5.0,0,0,0.01,0.0,0,0,0,0.2,0,0
,Bowen,2,WHU,7.7,3,1,0.25,0.1,0,5,2,7.6,0,1
,Bruno Fernandes,2,MUN,8.9,3,1,0.73,0.07,0,3,0,16.3,0,0
,Boly,2,NFO,3.9,0,0,0.0,0.0,0,0,0,0.5,0,0
,Bissouma,2,TOT,5.2,0,1,0.04,0.1,0,0,0,0.0,0,1
,Bergvall,2,TOT,5.4,1,0,0.02,0.0,0,0,0,0.4,0,0
,Bellegarde,2,WOL,5.2,0,0,0.01,0.0,0,0,0,0.0,0,0
,Bednarek,2,SOU,4.0,0,0,0.01,0.0,0,1,0,1.9,0,0
,Bassey,2,FUL,4.5,0,0,0.0,0.0,0,0,0,0.6,0,0
,Barnes,2,NEW,6.3,0,1,0.48,0.16,1,2,0,0.4,0,0
,Barkley,2,AVL,4.8,0,1,0.01,0.02,0,0,0,0.0,0,0
,Baleba,2,BHA,4.7,0,0,0.0,0.0,0,0,0,2.1,0,0
,Bailey,2,AVL,5.5,1,1,0.02,0.04,0,1,0,0.1,0,0
,Ayew,2,LEI,5.1,0,1,0.04,0.09,0,1,0,0.2,0,0
,Ayari,2,BHA,4.9,0,1,0.03,0.02,0,0,0,0.3,0,0
,Awoniyi,2,NFO,5.2,0,0,0.0,0.0,0,0,0,0.4,0,0
,Armstrong (Adam),2,SOU,5.1,0,1,0.01,0.02,0,0,0,0.5,0,0
,Armstrong (Harrison),2,EVE,4.5,0,0,0.0,0.0,0,0,0,0.1,0,0
,Aribo,2,SOU,4.9,0,0,0.03,0.0,0,0,0,0.1,0,0
,Areola,2,WHU,4.3,0,0,0.0,0.0,0,0,0,2.1,2,0
,Archer,2,SOU,4.8,0,0,0.02,0.0,0,0,0,1.1,0,0
,Araujo,2,BOU,3.9,0,0,0.0,0.0,0,0,0,0.7,0,0
,Joelinton,2,NEW,5.9,0,1,0.03,0.31,0,1,2,0.3,0,0
,Antonio,2,WHU,5.2,0,2,0.01,0.56,0,0,0,0.8,0,0
,Anderson,2,NFO,5.3,1,2,0.03,0.05,0,1,2,3.0,0,0
,Almirón,2,NEW,5.4,0,0,0.03,0.0,0,0,0,0.3,0,0
,Alexander-Arnold,2,LIV,7.2,4,2,0.49,0.11,0,4,0,16.7,0,0
,Ali Al Hamadi,2,IPS,4.7,0,0,0.0,0.0,0,0,0,0.2,0,0
,Akanji,2,MCI,5.4,0,0,0.16,0.0,0,1,0,0.3,0,0
,Ajer,2,BRE,4.4,0,0,0.02,0.0,0,1,0,0.2,0,0
,Ait Nouri,2,WOL,5.8,1,1,0.16,0.06,1,1,0,4.9,0,0
,Aina,2,NFO,4.7,0,0,0.09,0.0,0,1,0,2.5,0,0
,Adingra,2,BHA,5.1,0,1,0.56,0.09,1,1,0,0.5,0,0
,Álvarez (Edson),3,WHU,4.9,0,0,0.02,0.0,0,1,0,0.1,0,0
,van den Berg,3,BRE,4.5,0,0,0.01,0.0,0,0,0,0.6,0,0
,van Hecke,3,BHA,4.4,0,2,0.04,0.05,0,0,0,1.3,0,0
,van Dijk,3,LIV,6.0,0,0,0.03,0.0,0,1,2,23.6,0,0
,Gabriel Magalhães,3,ARS,6.6,0,1,0.01,0.12,0,2,0,40.9,0,0
,Evanilson,3,BOU,7.0,0,1,0.07,0.2,0,0,0,1.4,0,0
,de Ligt,3,MUN,5.0,0,0,0.0,0.0,0,0,0,3.0,0,0
,André,3,WOL,5.4,0,0,0.0,0.0,0,0,0,0.1,0,0
,Zirkzee,3,MUN,5.8,0,3,0.02,0.88,0,0,0,0.4,0,0
,Zinchenko,3,ARS,4.9,0,0,0.0,0.0,0,0,0,0.2,0,0
,Zabarnyi,3,BOU,5.0,0,1,0.0,0.19,0,0,2,0.0,0,0
,Yates,3,NFO,4.7,0,0,0.02,0.0,0,1,0,0.1,0,0
,Woolfenden,3,IPS,3.9,0,1,0.0,0.03,0,0,0,1.2,0,0
,Wood (Chris),3,NFO,7.2,0,5,0.01,0.47,0,0,0,6.5,0,0
,Wissa,3,BRE,7.4,0,6,0.25,1.09,0,3,0,0.5,0,0
,Winks,3,LEI,4.3,0,0,0.13,0.0,0,0,0,4.7,0,0
,Wilson (Harry),3,FUL,5.2,0,0,0.0,0.0,0,0,0,0.3,0,0
,Williams (Neco),3,NFO,4.7,0,1,0.03,0.12,0,1,0,3.5,0,0
,White (Ben),3,ARS,5.3,0,1,0.0,0.04,0,0,2,0.4,0,0
,Wharton,3,CRY,5.0,2,1,0.04,0.02,0,1,2,0.5,0,0
,Werner,3,TOT,6.2,0,0,0.01,0.0,0,0,0,0.1,0,0
,Welbeck,3,BHA,6.5,0,1,0.01,0.1,0,0,0,7.9,0,0
,Watkins,3,AVL,8.5,0,2,0.01,0.71,1,1,0,6.6,0,0
,Wan-Bissaka,3,WHU,4.3,0,0,0.05,0.0,0,2,0,5.8,0,0
,Walker-Peters,3,SOU,4.3,0,1,0.04,0.04,0,1,0,0.3,0,0
,Walker,3,MCI,4.4,0,0,0.0,0.0,0,0,0,1.6,0,0
,Vicario,3,TOT,5.1,0,0,0.0,0.0,0,0,0,10.1,1,0
,Verbruggen,3,BHA,4.4,0,0,0.0,0.0,0,0,0,4.1,6,0
,Veltman,3,BHA,4.3,0,1,0.01,0.05,0,0,0,0.1,0,0
,Bernardo Silva,3,MCI,6.3,0,3,0.5,0.29,1,4,0,0.5,0,0
,Vardy,3,LEI,5.4,0,0,0.02,0.0,0,1,0,5.2,0,0
,Destiny Udogie,3,TOT,4.4,0,0,0.02,0.0,0,1,0,0.4,0,0
,Tuanzebe,3,IPS,3.9,0,0,0.02,0.0,0,1,0,1.8,0,0
,Tsimikas,3,LIV,4.8,0,0,0.0,0.0,0,0,0,0.1,0,0
,Trossard,3,ARS,6.9,0,1,0.08,0.03,0,1,0,0.5,0,0
,Traoré (Adama),3,FUL,5.2,0,1,0.25,0.15,0,1,0,0.2,0,0
,Amad Diallo,3,MUN,6.3,2,1,0.13,0.03,0,2,0,1.3,0,0
,Torres,3,AVL,4.3,0,0,0.0,0.0,0,0,0,0.3,0,0
,Tonali,3,NEW,5.4,0,0,0.0,0.0,0,0,0,1.3,0,0
,Lucas Paquetá,3,WHU,5.9,0,0,0.07,0.0,0,0,0,2.5,0,0
,Jurriën Timber,3,ARS,6.1,0,0,0.02,0.0,0,1,0,25.1,0,0
,Tielemans,3,AVL,5.9,0,0,0.3,0.0,0,1,2,0.6,0,0
,Tete,3,FUL,4.5,0,1,0.01,0.04,0,0,0,0.2,0,0
,Diogo Jota,3,LIV,7.2,0,1,0.01,0.04,0,0,0,2.6,0,0
,Tavernier,3,BOU,5.5,2,5,0.22,0.67,0,2,0,1.6,0,0
,Tarkowski,3,EVE,5.5,0,1,0.01,0.13,0,1,2,6.3,0,0
,Szoboszlai,3,LIV,6.5,0,1,0.14,0.03,1,3,2,4.2,0,0
,Szmodics,3,IPS,5.7,0,0,0.01,0.0,0,0,0,0.1,0,0
,Summerville,3,WHU,5.5,0,1,0.0,0.06,0,0,0,0.1,0,0
,Sugawara,3,SOU,4.2,1,3,0.33,0.18,0,2,0,0.1,0,0
,Strand Larsen,3,WOL,6.4,0,0,0.04,0.0,0,1,0,1.3,0,0
,Stephens,3,SOU,4.0,0,1,0.02,0.23,0,0,0,0.3,0,0
,Soucek,3,WHU,5.7,0,1,0.08,0.13,0,0,0,0.2,0,0
,Sosa,3,NFO,5.5,1,1,0.06,0.09,0,2,0,0.1,0,0
,Son,3,TOT,8.5,0,1,0.18,0.13,0,3,0,0.1,0,0
,Smith-Rowe,3,FUL,5.6,0,2,0.01,0.17,0,0,0,0.4,0,0
,Smith,3,BOU,4.4,0,0,0.0,0.0,0,1,0,0.2,0,0
,Smallbone,3,SOU,5.0,3,0,0.28,0.0,0,3,0,0.0,0,0
,Skipp,3,LEI,4.7,0,1,0.02,0.05,0,0,0,0.0,0,0
,Sinisterra,3,BOU,5.0,0,2,0.24,0.37,1,1,0,0.0,0,0
,João Félix,3,CHE,5.9,0,1,0.01,0.02,0,0,0,0.4,0,0
,Senesi,3,BOU,5.0,0,0,0.05,0.0,0,0,0,26.2,0,0
,Semenyo,3,BOU,8.1,0,5,0.03,0.65,0,1,0,64.4,0,0
,Semedo,3,WOL,4.5,0,0,0.04,0.0,0,0,0,0.6,0,0
,Sels,3,NFO,4.8,0,0,0.0,0.0,0,0,0,8.3,1,0
,Scott,3,BOU,5.0,0,0,0.01,0.0,0,0,0,0.3,0,0
,Schlupp,3,CRY,4.6,0,0,0.0,0.0,0,0,0,0.0,0,0
,Schade,3,BRE,7.0,0,2,0.0,0.23,0,1,0,0.7,0,0
,Ismaila Sarr,3,CRY,6.6,0,0,0.45,0.0,0,3,0,11.6,0,0
,Sarr (Pape),3,TOT,4.9,0,2,0.08,0.07,0,0,0,1.7,0,0
,Matheus Cunha,3,WOL,7.9,2,4,0.34,0.24,0,2,0,4.4,0,0
,Murillo,3,NFO,5.3,0,0,0.01,0.0,0,0,0,2.0,0,0
,Ederson,3,MCI,5.3,0,0,0.0,0.0,0,0,0,0.9,2,0
,Sangaré,3,NFO,4.9,0,0,0.01,0.0,0,1,0,0.1,0,0
,Sanchez,3,CHE,4.8,0,0,0.0,0.0,0,0,0,13.5,2,0
,Saliba,3,ARS,6.0,0,0,0.01,0.0,0,0,2,11.6,0,0
,Salah,3,LIV,14.2,0,3,0.63,0.58,2,3,0,24.9,0,0
,Saka,3,ARS,10.1,1,4,0.2,0.98,1,1,0,17.2,0,0
,Rutter,3,BHA,5.7,0,3,0.0,0.14,0,0,0,0.5,0,0
,Romero,3,TOT,5.0,0,0,0.02,0.0,0,0,0,4.2,0,0
,Rogers,3,AVL,6.8,0,0,0.2,0.0,0,1,0,4.8,0,0
,Roerslev,3,BRE,4.5,0,0,0.18,0.0,0,1,0,0.0,0,0
,Rodríguez,3,WHU,4.8,0,1,0.0,0.01,0,0,2,0.0,0,0
,Robinson (Antonee),3,FUL,4.9,0,0,0.06,0.0,1,1,0,0.5,0,0
,Robertson,3,LIV,5.8,1,0,0.07,0.0,0,1,0,0.9,0,0
,Richards (Chris),3,CRY,4.5,0,0,0.0,0.0,0,0,0,3.2,0,0
,Rice,3,ARS,6.8,2,1,0.03,0.03,0,0,0,16.4,0,0
,Reed,3,FUL,4.4,0,0,0.0,0.0,0,0,0,0.2,0,0
,Raya Martin,3,ARS,5.8,0,0,0.01,0.0,0,0,0,31.3,4,0
,Rashford,3,AVL,7.0,0,0,0.59,0.0,0,2,0,0.0,0,0
,Ramsey (Jacob),3,AVL,5.3,0,1,0.55,0.06,0,1,0,0.2,0,0
,Alisson,3,LIV,5.4,0,0,0.0,0.0,0,0,0,5.8,3,0
,Ramsdale,3,SOU,4.8,0,0,0.0,0.0,0,0,0,0.6,4,0
,Porro,3,TOT,5.5,0,6,0.17,0.21,0,1,0,18.4,0,0
,Pope,3,NEW,5.2,0,0,0.0,0.0,0,0,0,12.2,6,0
,Pinnock,3,BRE,4.3,0,0,0.01,0.0,0,0,2,0.1,0,0
,Pickford,3,EVE,5.5,0,0,0.0,0.0,0,0,0,9.7,4,0
,Phillips (Kalvin),3,IPS,4.8,3,0,0.01,0.0,0,0,0,0.1,0,0
,Pereira,3,FUL,5.3,6,0,0.48,0.0,0,1,0,0.1,0,0
,Partey,3,ARS,4.9,0,0,0.0,0.0,0,0,2,0.7,0,0
,Emerson,3,WHU,4.4,0,0,0.06,0.0,0,1,0,0.1,0,0
,Palmer (Cole),3,CHE,10.3,3,2,0.59,0.1,1,5,0,9.2,0,0
,Dango Ouattara,3,BOU,6.0,0,0,0.78,0.0,1,3,0,0.5,0,0
,Onana,3,MUN,4.9,0,0,0.0,0.0,0,0,0,0.2,0,0
,Okoli,3,LEI,4.0,0,1,0.01,0.04,0,0,2,0.4,0,0
,Ogbene,3,IPS,4.8,0,0,0.01,0.0,0,1,0,0.0,0,0
,Odobert,3,TOT,5.3,0,4,0.03,0.34,0,1,0,0.0,0,0
,Odegaard,3,ARS,7.8,0,1,0.08,0.18,0,1,0,1.4,0,0
,Núñez,3,LIV,6.5,0,1,0.0,0.15,0,0,0,0.1,0,0
,Matheus Nunes,3,MCI,5.3,0,0,0.17,0.0,1,1,0,0.8,0,0
,Norgaard,3,BRE,5.2,0,3,0.01,0.27,0,1,0,0.1,0,0
,Nkunku,3,CHE,5.9,0,0,0.02,0.0,0,1,0,0.1,0,0
,Neto,3,CHE,7.1,0,0,0.02,0.0,0,0,0,5.9,0,0
,Nedeljkovic,3,AVL,3.9,0,0,0.01,0.0,0,0,0,0.5,0,0
,Ndidi,3,LEI,4.9,0,0,0.01,0.0,1,1,0,0.2,0,0
,Ndiaye,3,EVE,6.5,0,3,0.04,0.27,0,0,2,11.1,0,0
,Mykolenko,3,EVE,4.9,0,0,0.04,0.0,0,1,0,0.4,0,0
,Mvom Onana,3,AVL,4.8,0,3,0.03,0.45,0,1,0,0.6,0,0
,Muñoz,3,CRY,5.7,0,0,0.26,0.0,0,1,0,15.3,0,0
,Murphy (Jacob),3,NEW,6.1,0,2,0.68,0.09,1,1,0,1.1,0,0
,Muric,3,IPS,4.4,0,0,0.0,0.0,0,0,0,0.4,3,0
,Rodrigo Muniz,3,FUL,5.4,0,2,0.01,0.34,0,0,0,1.0,0,0
,Mudryk,3,CHE,5.0,0,0,0.15,0.0,0,1,0,0.0,0,0
,Mosquera,3,WOL,4.4,0,0,0.0,0.0,0,0,0,0.1,0,0
,Morsy,3,IPS,4.8,0,0,0.12,0.0,0,1,0,0.1,0,0
,Mitoma,3,BHA,6.2,0,1,0.14,0.04,0,2,0,2.3,0,0
,Mitchell,3,CRY,5.0,0,1,0.0,0.09,0,0,0,2.2,0,0
,Minteh,3,BHA,6.0,1,2,0.01,0.37,0,0,0,4.4,0,0
,Milner,3,BHA,5.0,0,0,0.0,0.0,0,0,0,0.1,0,0
,Milenkovic,3,NFO,5.2,0,0,0.01,0.0,0,1,0,4.0,0,0
,McNeil,3,EVE,5.6,8,2,0.75,0.1,1,6,0,0.1,0,0
,McGinn,3,AVL,5.4,1,1,0.01,0.09,0,0,0,0.6,0,0
,McAteer,3,LEI,4.7,0,0,0.0,0.0,0,0,0,0.0,0,0
,Mbeumo,3,BRE,8.3,2,4,0.34,0.81,0,3,0,28.5,0,0
,Mazraoui,3,MUN,4.9,0,2,0.02,0.08,0,1,0,0.2,0,0
,Mavropanos,3,WHU,4.4,0,0,0.01,0.0,0,0,0,0.1,0,0
,Mavididi,3,LEI,5.0,0,0,0.56,0.0,0,0,0,0.3,0,0
,Mateta,3,CRY,7.9,0,1,0.0,0.04,0,0,0,23.0,0,0
,Martínez,3,MUN,4.8,0,1,0.01,0.34,0,0,0,0.1,0,0
,Martinez,3,AVL,5.0,0,0,0.0,0.0,0,0,0,2.0,2,0
,Martinelli,3,ARS,6.9,0,0,0.0,0.0,0,0,0,1.0,0,0
,Mainoo,3,MUN,4.8,0,0,0.04,0.0,0,0,0,0.5,0,0
,Maguire,3,MUN,4.4,0,0,0.0,0.0,0,0,0,0.8,0,0
,Madueke,3,CHE,6.8,0,3,0.04,0.48,0,0,0,0.6,0,0
,Maddison,3,TOT,6.9,3,2,0.07,0.08,0,2,0,0.1,0,0
,Mac Allister,3,LIV,6.3,0,0,0.04,0.0,0,1,2,1.2,0,0
,Maatsen,3,AVL,4.3,0,1,0.0,0.01,0,0,0,0.4,0,0
,Lukic,3,FUL,5.0,0,0,0.02,0.0,0,0,0,0.1,0,0
,Longstaff (Sean),3,NEW,4.9,0,0,0.0,0.0,0,0,2,1.1,0,0
,Livramento,3,NEW,4.9,0,0,0.0,0.0,0,1,2,3.1,0,0
,Lewis-Potter,3,BRE,4.9,0,0,0.01,0.0,0,0,0,0.3,0,0
,Lewis (Rico),3,MCI,4.9,0,1,0.09,0.09,0,1,2,1.7,0,0
,Leno,3,FUL,5.0,0,0,0.0,0.0,0,0,0,1.6,3,0
,Lemina (Mario),3,WOL,4.8,0,0,0.01,0.0,0,1,2,0.1,0,0
,Lallana,3,SOU,5.0,0,1,0.06,0.07,0,1,0,0.0,0,0
,Kulusevski,3,TOT,6.4,8,2,0.11,0.09,0,3,0,0.0,0,0
,Kudus,3,WHU,6.7,1,3,0.03,0.11,0,0,0,30.1,0,0
,Kristiansen,3,LEI,4.4,1,0,0.13,0.0,0,2,0,0.1,0,0
,Krafth,3,NEW,4.4,0,1,0.0,0.03,0,0,0,0.0,0,0
,Kovacic,3,MCI,5.9,0,0,0.09,0.0,0,0,0,0.0,0,0
,Konsa Ngoyo,3,AVL,4.4,0,0,0.0,0.0,0,0,2,8.6,0,0
,Konaté,3,LIV,5.4,0,1,0.0,0.04,0,0,0,2.7,0,0
,Kluivert,3,BOU,7.0,0,1,0.27,0.1,1,3,0,1.0,0,0
,Kilman,3,WHU,4.3,0,1,0.0,0.22,0,0,0,0.2,0,0
,Kerkez,3,BOU,5.7,0,1,0.06,0.01,0,1,0,3.6,0,0
,Kelly,3,NEW,4.2,0,1,0.09,0.19,1,1,0,0.1,0,0
,Keane,3,EVE,4.5,0,3,0.0,0.23,0,0,0,1.1,0,0
,Kamada,3,CRY,5.0,2,2,0.03,0.14,0,1,0,0.2,0,0
,Justin,3,LEI,4.0,0,1,0.01,0.08,0,0,0,0.2,0,0
,João Pedro,3,BHA,7.4,1,1,0.12,0.26,0,1,0,45.5,0,0
,Johnstone,3,WOL,4.5,0,0,0.0,0.0,0,0,0,0.2,4,0
,Johnson (Brennan),3,TOT,6.7,0,2,0.06,0.32,0,0,0,3.1,0,0
,Raúl Jiménez,3,FUL,6.2,0,1,0.0,0.04,0,0,0,0.8,0,0
,Jensen,3,BRE,4.9,0,1,0.3,0.08,1,3,0,0.1,0,0
,Janelt,3,BRE,4.9,0,0,0.11,0.0,0,1,0,0.0,0,0
,Jackson (Nicolas),3,CHE,6.5,0,4,0.0,1.58,0,0,0,0.1,0,0
,Iwobi,3,FUL,6.5,0,1,0.14,0.03,0,2,0,1.7,0,0
,Isak,3,NEW,10.4,0,3,0.01,1.02,0,0,0,5.1,0,0
,Iroegbunam,3,EVE,4.9,0,2,0.06,0.08,0,2,2,0.0,0,0
,Hwang Hee-Chan,3,WOL,5.8,0,0,0.01,0.0,0,1,0,0.1,0,0
,Hutchinson,3,IPS,5.4,0,2,0.02,0.05,0,0,0,0.0,0,0
,Huijsen,3,BOU,4.5,0,0,0.0,0.0,0,1,0,5.0,0,0
,Hughes,3,CRY,4.8,0,0,0.01,0.0,0,0,0,0.1,0,0
,Hudson-Odoi,3,NFO,5.8,0,3,0.05,0.15,0,0,0,0.8,0,0
,Hinshelwood,3,BHA,5.1,0,3,0.14,0.21,0,1,0,0.0,0,0
,Hermansen,3,LEI,4.4,0,0,0.0,0.0,0,0,0,0.2,3,0
,Henderson,3,CRY,5.0,0,0,0.0,0.0,0,0,0,7.6,6,0
,Havertz,3,ARS,7.3,0,2,0.05,0.82,0,2,0,0.3,0,0
,Harwood-Bellis,3,SOU,3.9,0,0,0.04,0.0,0,1,0,4.1,0,0
,Harrison (Jack),3,EVE,5.2,0,2,0.16,0.12,0,5,2,0.1,0,0
,Lewis Hall,3,NEW,5.2,0,0,0.0,0.0,0,0,0,0.8,0,0
,Haaland,3,MCI,14.8,0,5,0.11,1.71,0,1,0,69.6,0,1
,Gvardiol,3,MCI,5.9,0,3,0.45,0.1,0,0,0,5.4,0,0
,Gusto,3,CHE,4.9,0,1,0.01,0.03,0,0,0,1.0,0,0
,Gundogan,3,MCI,6.3,0,0,0.14,0.0,0,1,0,0.1,0,0
,Bruno Guimarães,3,NEW,6.6,0,0,0.01,0.0,0,0,2,3.7,0,0
,Gueye,3,EVE,5.4,0,2,0.06,0.11,0,0,2,0.1,0,0
,Marc Guehi,3,CRY,5.0,0,0,0.02,0.0,0,0,0,34.1,0,0
,Greaves,3,IPS,3.8,0,1,0.0,0.02,0,0,0,2.3,0,0
,Grealish,3,MCI,6.9,0,2,0.24,0.23,0,3,0,17.6,0,0
,Gravenberch,3,LIV,5.6,0,0,0.07,0.0,0,0,2,4.0,0,0
,Gordon (Anthony),3,NEW,7.5,7,0,0.38,0.0,0,3,0,3.1,0,0
,João Gomes,3,WOL,5.4,0,1,0.01,0.06,0,0,0,0.1,0,0
,Beto,3,EVE,5.2,0,0,0.0,0.0,0,0,0,3.3,0,0
,Toti,3,WOL,4.3,0,0,0.01,0.0,0,0,0,0.1,0,0
,Gibbs-White,3,NFO,7.3,0,3,0.7,0.13,0,3,0,2.9,0,0
,Rúben Dias,3,MCI,5.5,0,2,0.02,0.28,0,1,0,4.5,0,0
,Garnacho,3,MUN,6.4,0,0,0.1,0.0,0,1,0,0.4,0,0
,Gonçalo Guedes,3,WOL,5.5,0,0,0.0,0.0,0,0,0,0.0,0,0
,Gakpo,3,LIV,7.6,0,2,0.0,0.34,0,0,0,14.1,0,0
,Füllkrug,3,WHU,5.6,0,0,0.09,0.0,0,0,0,0.7,0,0
,Casemiro,3,MUN,5.5,0,0,0.0,0.0,0,0,0,0.6,0,0
,Fofana (Wesley),3,CHE,4.4,0,0,0.06,0.0,0,2,0,0.2,0,0
,Flekken,3,BRE,4.5,0,0,0.0,0.0,0,0,0,10.0,5,0
,Jota Silva,3,NFO,5.4,0,0,0.0,0.0,0,0,0,0.0,0,0
,Fernández,3,CHE,6.7,1,0,0.08,0.0,0,1,0,14.3,0,0
,Fatawu,3,LEI,5.1,0,2,0.01,0.05,0,0,0,0.2,0,0
,Faes,3,LEI,3.8,0,0,0.01,0.0,0,0,0,5.2,0,0
,Fabianski,3,WHU,4.5,0,0,0.0,0.0,0,0,0,0.0,2,0
,Eze,3,CRY,7.6,0,3,0.06,0.23,0,1,0,14.2,0,1
,Estupiñán,3,BHA,4.5,2,2,0.07,0.04,0,2,0,0.0,0,0
,Mateus Fernandes,3,SOU,5.5,1,2,0.06,0.18,0,0,0,0.0,0,0
,Eriksen,3,MUN,5.2,1,0,0.01,0.0,0,0,0,0.2,0,0
,Enciso,3,IPS,5.4,2,0,0.11,0.0,0,2,0,0.0,0,0
,Elanga,3,NFO,6.7,3,1,0.07,0.02,0,2,0,3.7,0,0
,El Khannouss,3,LEI,4.8,0,1,0.01,0.03,0,0,0,0.2,0,0
,Díaz,3,LIV,8.0,0,2,0.01,0.61,0,0,0,0.0,0,0
,Durán,3,AVL,5.7,0,2,0.0,0.23,0,0,0,1.6,0,0
,Dunk,3,BHA,4.5,0,0,0.23,0.0,0,3,0,1.2,0,0
,Dragusin,3,TOT,4.5,0,1,0.01,0.02,0,0,0,0.0,0,0
,Doyle (Tommy),3,WOL,4.7,1,2,0.02,0.04,0,1,0,0.0,0,0
,Downes,3,SOU,4.7,0,1,0.33,0.09,0,3,0,0.0,0,0
,Doucouré,3,EVE,5.1,0,0,0.01,0.0,0,0,0,0.5,0,0
,Doucoure,3,CRY,4.9,0,1,0.0,0.02,0,0,0,0.0,0,0
,Doku,3,MCI,6.5,0,1,0.23,0.05,0,2,0,5.0,0,0
,Doherty,3,WOL,4.4,0,0,0.0,0.0,0,0,0,0.1,0,0
,Diop,3,FUL,4.4,0,1,0.01,0.17,0,1,0,0.1,0,0
,Digne,3,AVL,4.5,3,0,0.1,0.0,1,1,2,1.6,0,0
,Dibling,3,SOU,5.4,3,2,0.17,0.05,0,2,0,0.0,0,0
,Delap,3,IPS,6.2,0,4,0.0,0.21,0,1,0,0.9,0,1
,DeCordova-Reid,3,LEI,5.2,0,0,0.0,0.0,0,0,0,0.1,0,0
,De Bruyne,3,MCI,9.5,11,6,0.64,0.27,0,6,0,11.6,0,0
,Dawson,3,WOL,4.2,0,0,0.0,0.0,0,0,2,0.1,0,0
,Davis,3,IPS,4.2,4,1,0.21,0.05,0,3,0,0.9,0,0
,Damsgaard,3,BRE,5.8,0,2,0.13,0.23,0,3,2,0.6,0,0
,Dalot,3,MUN,4.4,0,0,0.02,0.0,0,0,0,1.0,0,0
,Cucurella,3,CHE,6.1,0,0,0.01,0.0,0,0,0,21.8,0,0
,Coufal,3,WHU,4.1,0,0,0.0,0.0,0,0,0,0.4,0,0
,Cook,3,BOU,4.9,2,1,0.02,0.19,0,0,2,0.0,0,0
,Colwill,3,CHE,4.8,0,2,0.01,0.16,0,0,0,0.1,0,0
,Collyer,3,MUN,4.5,0,0,0.01,0.0,0,1,0,0.0,0,0
,Collins,3,BRE,4.9,0,1,0.0,0.02,0,0,2,1.1,0,0
,Coleman,3,EVE,4.3,0,1,0.01,0.57,0,0,0,0.1,0,0
,Clyne,3,CRY,3.9,0,0,0.0,0.0,0,0,0,0.5,0,0
,Clarke (Jack),3,IPS,5.4,1,2,0.0,0.08,0,0,0,0.0,0,0
,Christie,3,BOU,5.0,0,0,0.02,0.0,0,1,0,0.1,0,0
,Chaplin,3,IPS,5.1,0,0,0.01,0.0,0,0,0,0.1,0,0
,Carvalho,3,BRE,4.9,0,1,0.0,0.08,0,0,0,0.2,0,0
,Calvert-Lewin,3,EVE,5.5,0,2,0.4,0.4,1,1,0,1.4,0,0
,Calafiori,3,ARS,5.8,0,0,0.0,0.0,0,0,0,16.0,0,0
,Cajuste,3,IPS,4.5,0,0,0.0,0.0,0,1,0,0.1,0,0
,Cairney,3,FUL,4.9,0,0,0.0,0.0,0,0,0,0.0,0,0
,Moises Caicedo,3,CHE,6.0,0,0,0.03,0.0,0,0,2,19.8,0,0
,Burn,3,NEW,5.2,0,0,0.06,0.0,0,0,2,10.7,0,0
,Buonanotte,3,LEI,4.7,0,2,0.0,0.17,0,0,0,0.1,0,0
,Brereton,3,SOU,4.8,0,5,0.03,0.2,0,0,0,0.1,0,0
,Bradley,3,LIV,5.0,0,0,0.11,0.0,0,0,0,0.2,0,0
,Bowen,3,WHU,7.7,2,2,0.22,0.08,0,2,0,7.6,0,0
,Bruno Fernandes,3,MUN,8.9,2,1,0.07,0.02,0,0,0,16.3,0,0
,Bogarde,3,AVL,4.0,0,0,0.0,0.0,0,0,0,0.7,0,0
,Bissouma,3,TOT,5.2,0,0,0.06,0.0,0,2,0,0.0,0,0
,Bergvall,3,TOT,5.4,1,0,0.01,0.0,0,0,0,0.4,0,0
,Berge,3,FUL,4.9,0,0,0.0,0.0,0,2,0,0.1,0,0
,Bentancur,3,TOT,5.3,0,0,0.02,0.0,0,0,0,0.4,0,0
,Bellegarde,3,WOL,5.2,0,2,0.0,0.07,0,0,0,0.0,0,1
,Bednarek,3,SOU,4.0,0,0,0.02,0.0,0,0,2,1.9,0,0
,Bassey,3,FUL,4.5,0,0,0.0,0.0,0,0,0,0.6,0,0
,Barnes,3,NEW,6.3,0,2,0.01,0.5,0,0,0,0.4,0,0
,Barkley,3,AVL,4.8,0,0,0.05,0.0,0,1,0,0.0,0,0
,Baleba,3,BHA,4.7,0,4,0.03,0.18,0,1,0,2.1,0,0
,Bailey,3,AVL,5.5,0,0,0.01,0.0,0,0,0,0.1,0,0
,Ayew,3,LEI,5.1,0,1,0.04,0.04,0,1,0,0.2,0,0
,Ayari,3,BHA,4.9,1,2,0.06,0.41,0,1,0,0.3,0,0
,Awoniyi,3,NFO,5.2,0,0,0.0,0.0,0,0,0,0.4,0,0
,Kepa,3,BOU,4.2,0,0,0.0,0.0,0,0,0,0.5,6,0
,Armstrong (Adam),3,SOU,5.1,0,1,0.05,0.05,0,0,0,0.5,0,0
,Aribo,3,SOU,4.9,0,1,0.02,0.48,0,1,0,0.1,0,0
,Areola,3,WHU,4.3,0,0,0.0,0.0,0,0,0,2.1,3,0
,Archer,3,SOU,4.8,0,0,0.0,0.0,0,0,0,1.1,0,0
,Araujo,3,BOU,3.9,0,0,0.01,0.0,0,0,0,0.7,0,0
,Joelinton,3,NEW,5.9,0,0,0.17,0.0,0,0,0,0.3,0,0
,Antonio,3,WHU,5.2,0,1,0.0,0.11,0,0,0,0.8,0,0
,Anderson,3,NFO,5.3,3,1,0.07,0.05,0,3,0,3.0,0,0
,Almirón,3,NEW,5.4,0,0,0.0,0.0,0,0,0,0.3,0,0
,Alexander-Arnold,3,LIV,7.2,1,0,0.01,0.0,0,0,0,16.7,0,0
,Ali Al Hamadi,3,IPS,4.7,0,0,0.02,0.0,0,1,0,0.2,0,0
,Aké,3,MCI,5.3,0,0,0.0,0.0,0,0,0,0.6,0,0
,Akanji,3,MCI,5.4,0,0,0.04,0.0,0,0,0,0.3,0,0
,Ajer,3,BRE,4.4,0,0,0.0,0.0,0,0,0,0.2,0,0
,Ait Nouri,3,WOL,5.8,0,2,0.02,0.34,0,2,0,4.9,0,0
,Aina,3,NFO,4.7,0,1,0.11,0.01,0,1,0,2.5,0,0
,Adingra,3,BHA,5.1,0,0,0.01,0.0,0,0,0,0.5,0,0
,Álvarez (Edson),4,WHU,4.9,0,0,0.01,0.0,0,1,2,0.1,0,0
,van den Berg,4,BRE,4.5,0,0,0.0,0.0,0,0,0,0.6,0,0
,van de Ven,4,TOT,4.7,0,1,0.02,0.02,0,0,0,32.6,0,0
,van Hecke,4,BHA,4.4,0,0,0.02,0.0,0,0,0,1.3,0,0
,van Dijk,4,LIV,6.0,0,2,0.02,0.14,0,0,2,23.6,0,0
,Gabriel Magalhães,4,ARS,6.6,0,1,0.0,0.23,0,0,2,40.9,0,0
,Evanilson,4,BOU,7.0,0,3,0.08,0.91,0,1,0,1.4,0,0
,de Ligt,4,MUN,5.0,0,2,0.0,0.41,0,1,2,3.0,0,0
,Jesus,4,ARS,6.4,0,0,0.0,0.0,0,0,0,0.0,0,0
,Renato Veiga,4,CHE,4.4,0,2,0.01,0.03,0,0,0,0.1,0,0
,André,4,WOL,5.4,0,0,0.17,0.0,0,1,0,0.1,0,0
,Zirkzee,4,MUN,5.8,0,3,0.03,1.14,0,2,0,0.4,0,0
,Zabarnyi,4,BOU,5.0,0,0,0.01,0.0,0,1,0,0.0,0,0
,Young (Ashley),4,EVE,4.2,0,0,0.01,0.0,0,0,0,1.4,0,0
,Yates,4,NFO,4.7,0,0,0.0,0.0,0,0,0,0.1,0,0
,Yarmolyuk,4,BRE,5.0,0,1,0.0,0.04,0,0,0,0.1,0,0
,Wood (Chris),4,NFO,7.2,0,1,0.01,0.13,0,1,0,6.5,0,0
,Wissa,4,BRE,7.4,0,1,0.0,0.34,0,0,0,0.5,0,0
,Winks,4,LEI,4.3,1,0,0.0,0.0,0,0,2,4.7,0,0
,Willock,4,NEW,5.0,0,1,0.08,0.09,0,5,0,0.1,0,0
,Williams (Neco),4,NFO,4.7,0,0,0.0,0.0,0,0,0,3.5,0,0
,White (Ben),4,ARS,5.3,0,0,0.01,0.0,0,0,0,0.4,0,0
,Wharton,4,CRY,5.0,0,0,0.11,0.0,0,2,2,0.5,0,0
,Werner,4,TOT,6.2,0,0,0.01,0.0,0,0,0,0.1,0,0
,Welbeck,4,BHA,6.5,0,4,0.13,0.18,0,0,0,7.9,0,0
,Watkins,4,AVL,8.5,0,6,0.07,1.18,0,1,0,6.6,0,0
,Ward-Prowse,4,WHU,5.7,2,0,0.01,0.0,0,0,0,0.2,0,0
,Wan-Bissaka,4,WHU,4.3,0,0,0.03,0.0,0,1,0,5.8,0,0
,Walker-Peters,4,SOU,4.3,0,0,0.03,0.0,0,0,0,0.3,0,0
,Walker,4,MCI,4.4,0,1,0.14,0.03,0,1,0,1.6,0,0
,Vicario,4,TOT,5.1,0,0,0.0,0.0,0,0,0,10.1,3,0
,Verbruggen,4,BHA,4.4,0,0,0.0,0.0,0,0,0,4.1,1,0
,Veltman,4,BHA,4.3,0,0,0.02,0.0,0,0,0,0.1,0,0
,Bernardo Silva,4,MCI,6.3,0,0,0.0,0.0,0,0,0,0.5,0,0
,Vardy,4,LEI,5.4,0,1,0.05,0.64,0,1,0,5.2,0,0
,Unal,4,BOU,5.4,0,2,0.04,0.08,0,1,0,0.0,0,0
,Ugochukwu,4,SOU,5.0,0,1,0.01,0.21,0,1,0,0.1,0,0
,Ugarte,4,MUN,4.8,0,0,0.0,0.0,0,0,0,0.1,0,0
,Destiny Udogie,4,TOT,4.4,0,0,0.03,0.0,0,0,0,0.4,0,0
,Tuanzebe,4,IPS,3.9,0,0,0.0,0.0,0,1,2,1.8,0,0
,Tsimikas,4,LIV,4.8,0,0,0.0,0.0,0,0,0,0.1,0,0
,Trossard,4,ARS,6.9,0,1,0.03,0.05,0,2,0,0.5,0,0
,Trippier,4,NEW,5.0,2,0,0.02,0.0,0,0,0,2.7,0,0
,Travers,4,BOU,4.4,0,0,0.0,0.0,0,0,0,0.1,2,0
,Traoré (Adama),4,FUL,5.2,0,4,0.02,0.56,0,2,0,0.2,0,0
,Amad Diallo,4,MUN,6.3,2,1,0.36,0.02,0,6,0,1.3,0,0
,Torres,4,AVL,4.3,0,0,0.04,0.0,0,0,0,0.3,0,0
,Tonali,4,NEW,5.4,0,2,0.03,0.42,0,0,0,1.3,0,0
,Lucas Paquetá,4,WHU,5.9,2,1,0.07,0.02,0,1,0,2.5,0,0
,Jurriën Timber,4,ARS,6.1,0,1,0.01,0.05,0,0,0,25.1,0,0
,Tielemans,4,AVL,5.9,2,0,0.23,0.0,0,2,0,0.6,0,0
,Tete,4,FUL,4.5,0,2,0.02,0.09,0,1,0,0.2,0,0
,Diogo Jota,4,LIV,7.2,0,3,0.0,0.3,0,0,0,2.6,0,0
,Tavernier,4,BOU,5.5,3,2,0.26,0.1,0,2,0,1.6,0,0
,Tarkowski,4,EVE,5.5,0,0,0.02,0.0,0,0,2,6.3,0,0
,Szoboszlai,4,LIV,6.5,1,2,0.08,0.16,0,3,0,4.2,0,0
,Szmodics,4,IPS,5.7,0,0,0.0,0.0,0,0,0,0.1,0,0
,Summerville,4,WHU,5.5,0,0,0.01,0.0,0,0,0,0.1,0,0
,Sugawara,4,SOU,4.2,0,1,0.17,0.04,0,2,0,0.1,0,0
,Strand Larsen,4,WOL,6.4,0,2,0.2,0.17,1,1,0,1.3,0,0
,Stones,4,MCI,5.5,0,0,0.03,0.0,0,0,0,0.7,0,0
,Stewart,4,SOU,4.4,0,0,0.0,0.0,0,0,0,1.7,0,0
,Sterling,4,ARS,6.7,0,0,0.0,0.0,0,0,0,0.8,0,0
,Stephens,4,SOU,4.0,0,0,0.01,0.0,0,0,0,0.3,0,0
,Soucek,4,WHU,5.7,0,2,0.0,0.07,0,0,0,0.2,0,0
,Son,4,TOT,8.5,0,1,0.13,0.02,0,1,0,0.1,0,0
,Soler (Carlos),4,WHU,5.0,0,0,0.0,0.0,0,0,0,0.0,0,0
,Solanke,4,TOT,7.2,0,2,0.03,0.19,0,0,0,0.9,0,0
,Smith-Rowe,4,FUL,5.6,0,3,0.66,0.22,1,3,0,0.4,0,0
,Smith,4,BOU,4.4,0,0,0.0,0.0,0,0,0,0.2,0,0
,Skipp,4,LEI,4.7,0,0,0.18,0.0,0,2,0,0.0,0,0
,Sinisterra,4,BOU,5.0,0,1,0.0,0.09,0,1,0,0.0,0,0
,João Félix,4,CHE,5.9,0,0,0.02,0.0,0,0,0,0.4,0,0
,Senesi,4,BOU,5.0,0,0,0.01,0.0,0,0,0,26.2,0,0
,Semenyo,4,BOU,8.1,0,3,0.03,0.1,0,0,0,64.4,0,0
,Semedo,4,WOL,4.5,0,1,0.09,0.01,0,1,0,0.6,0,0
,Sels,4,NFO,4.8,0,0,0.0,0.0,0,0,0,8.3,5,0
,Scott,4,BOU,5.0,0,0,0.0,0.0,0,0,0,0.3,0,0
,Schär,4,NEW,5.4,0,2,0.01,0.07,0,0,0,1.9,0,1
,Schlupp,4,CRY,4.6,0,0,0.0,0.0,0,0,0,0.0,0,0
,Schade,4,BRE,7.0,0,0,0.02,0.0,0,1,0,0.7,0,0
,Ismaila Sarr,4,CRY,6.6,0,1,0.0,0.08,0,0,0,11.6,0,0
,Sarr (Pape),4,TOT,4.9,0,2,0.01,0.06,0,1,0,1.7,0,0
,Matheus Cunha,4,WOL,7.9,2,4,0.02,0.2,0,0,0,4.4,0,0
,Murillo,4,NFO,5.3,0,0,0.0,0.0,0,0,0,2.0,0,0
,Ederson,4,MCI,5.3,0,0,0.01,0.0,1,1,0,0.9,5,0
,Sancho,4,MUN,5.8,0,0,0.14,0.0,1,2,0,0.2,0,0
,Sanchez,4,CHE,4.8,0,0,0.0,0.0,0,0,0,13.5,7,0
,Saliba,4,ARS,6.0,0,0,0.01,0.0,0,0,0,11.6,0,0
,Salah,4,LIV,14.2,0,3,0.13,0.13,0,1,0,24.9,0,0
,Saka,4,ARS,10.1,5,1,0.35,0.07,1,2,0,17.2,0,0
,Rutter,4,BHA,5.7,0,3,0.1,0.4,0,2,0,0.5,0,0
,Romero,4,TOT,5.0,0,1,0.03,0.04,0,1,0,4.2,0,0
,Rogers,4,AVL,6.8,0,4,0.04,0.23,0,1,0,4.8,0,0
,Roerslev,4,BRE,4.5,0,0,0.0,0.0,0,0,0,0.0,0,0
,Rodríguez,4,WHU,4.8,0,0,0.01,0.0,0,0,0,0.0,0,0
,Morato,4,NFO,4.4,0,0,0.0,0.0,0,0,0,0.1,0,0
,Robinson (Antonee),4,FUL,4.9,0,0,0.18,0.0,0,1,2,0.5,0,0
,Robertson,4,LIV,5.8,2,0,0.09,0.0,0,1,0,0.9,0,0
,Reed,4,FUL,4.4,0,0,0.08,0.0,0,1,0,0.2,0,0
,Raya Martin,4,ARS,5.8,0,0,0.0,0.0,0,0,0,31.3,5,0
,Rashford,4,AVL,7.0,0,4,0.01,0.4,0,1,0,0.0,0,1
,Ramsey (Jacob),4,AVL,5.3,0,2,0.07,0.25,0,0,0,0.2,0,0
,Alisson,4,LIV,5.4,0,0,0.0,0.0,0,0,0,5.8,2,0
,Ramsdale,4,SOU,4.8,0,0,0.0,0.0,0,0,0,0.6,7,0
,Porro,4,TOT,5.5,0,0,0.07,0.0,0,4,2,18.4,0,0
,Pope,4,NEW,5.2,0,0,0.0,0.0,0,0,0,12.2,4,0
,Pinnock,4,BRE,4.3,0,3,0.03,0.22,0,0,2,0.1,0,0
,Pickford,4,EVE,5.5,0,0,0.01,0.0,0,0,0,9.7,4,0
,Philogene-Bidace,4,IPS,5.3,0,0,0.0,0.0,0,0,0,0.1,0,0
,Phillips (Kalvin),4,IPS,4.8,1,0,0.03,0.0,0,1,2,0.1,0,0
,Pereira,4,FUL,5.3,3,5,0.03,0.21,0,2,0,0.1,0,0
,Partey,4,ARS,4.9,0,0,0.07,0.0,0,0,2,0.7,0,0
,Emerson,4,WHU,4.4,0,0,0.05,0.0,0,2,0,0.1,0,0
,Palmer (Cole),4,CHE,10.3,2,0,0.03,0.0,0,1,0,9.2,0,0
,Onana,4,MUN,4.9,0,0,0.0,0.0,0,0,0,0.2,3,0
,Okoli,4,LEI,4.0,0,1,0.0,0.02,0,0,2,0.4,0,0
,Ogbene,4,IPS,4.8,0,0,0.01,0.0,0,0,0,0.0,0,0
,Odobert,4,TOT,5.3,0,1,0.02,0.02,0,1,0,0.0,0,0
,O'Shea,4,IPS,3.8,0,2,0.0,0.06,0,0,2,1.2,0,0
,O'Brien,4,EVE,4.9,0,0,0.0,0.0,0,0,0,0.4,0,0
,Núñez,4,LIV,6.5,0,0,0.0,0.0,0,1,0,0.1,0,0
,Nwaneri,4,ARS,5.2,0,0,0.0,0.0,0,0,0,0.1,0,0
,Matheus Nunes,4,MCI,5.3,0,0,0.0,0.0,0,0,0,0.8,0,0
,Norgaard,4,BRE,5.2,0,0,0.03,0.0,0,1,2,0.1,0,0
,Nkunku,4,CHE,5.9,0,1,0.0,0.3,0,0,0,0.1,0,1
,Eddie Nketiah,4,CRY,5.4,0,6,0.23,0.34,0,1,0,0.4,0,0
,Neto,4,CHE,7.1,1,0,0.03,0.0,0,1,0,5.9,0,0
,Nelson (Reiss),4,FUL,4.8,0,2,0.01,0.08,0,0,0,0.1,0,0
,Ndidi,4,LEI,4.9,0,0,0.79,0.0,2,4,0,0.2,0,0
,Ndiaye,4,EVE,6.5,0,0,0.01,0.0,0,0,0,11.1,0,0
,Mykolenko,4,EVE,4.9,0,0,0.0,0.0,0,0,0,0.4,0,0
,Mvom Onana,4,AVL,4.8,0,0,0.03,0.0,0,0,0,0.6,0,0
,Muñoz,4,CRY,5.7,0,2,0.02,0.15,0,2,0,15.3,0,0
,Murphy (Jacob),4,NEW,6.1,1,1,0.2,0.12,0,1,0,1.1,0,0
,Muric,4,IPS,4.4,0,0,0.0,0.0,0,0,0,0.4,6,0
,Rodrigo Muniz,4,FUL,5.4,0,0,0.0,0.0,0,0,0,1.0,0,0
,Mosquera,4,WOL,4.4,0,1,0.0,0.1,0,0,2,0.1,0,0
,Morsy,4,IPS,4.8,0,0,0.14,0.0,0,0,0,0.1,0,0
,Álex Moreno,4,NFO,4.0,0,0,0.01,0.0,0,0,2,2.4,0,0
,Savinho,4,MCI,6.9,5,5,0.11,0.74,0,1,0,0.5,0,0
,Mitoma,4,BHA,6.2,0,3,0.02,0.65,0,0,0,2.3,0,0
,Mitchell,4,CRY,5.0,0,1,0.66,0.04,1,4,0,2.2,0,0
,Minteh,4,BHA,6.0,0,0,0.2,0.0,0,2,0,4.4,0,0
,Milenkovic,4,NFO,5.2,0,0,0.0,0.0,0,0,0,4.0,0,0
,McNeil,4,EVE,5.6,2,1,0.72,0.02,1,3,0,0.1,0,1
,McGinn,4,AVL,5.4,1,1,0.32,0.09,0,1,0,0.6,0,0
,Mbeumo,4,BRE,8.3,2,1,0.35,0.19,0,3,0,28.5,0,0
,Mazraoui,4,MUN,4.9,0,2,0.34,0.12,0,0,0,0.2,0,0
,Mavropanos,4,WHU,4.4,0,2,0.0,0.09,0,0,2,0.1,0,0
,Mavididi,4,LEI,5.0,0,3,0.01,0.41,0,0,0,0.3,0,0
,Mateta,4,CRY,7.9,0,4,0.01,1.36,0,0,0,23.0,0,0
,Martínez,4,MUN,4.8,0,0,0.0,0.0,0,0,0,0.1,0,0
,Martinez,4,AVL,5.0,0,0,0.0,0.0,0,0,0,2.0,0,0
,Martinelli,4,ARS,6.9,1,1,0.14,0.17,0,2,2,1.0,0,0
,Mangala,4,EVE,5.0,0,1,0.0,0.09,0,0,0,0.0,0,0
,Mainoo,4,MUN,4.8,0,1,0.13,0.05,0,1,0,0.5,0,0
,Maguire,4,MUN,4.4,0,0,0.01,0.0,0,0,0,0.8,0,0
,Madueke,4,CHE,6.8,0,3,0.0,0.11,0,0,0,0.6,0,0
,Maddison,4,TOT,6.9,3,0,0.35,0.0,0,2,0,0.1,0,0
,Mac Allister,4,LIV,6.3,0,1,0.6,0.06,0,1,0,1.2,0,0
,Maatsen,4,AVL,4.3,0,0,0.4,0.0,0,3,0,0.4,0,0
,Luongo,4,IPS,4.3,0,0,0.0,0.0,0,0,0,0.2,0,0
,Lukic,4,FUL,5.0,0,0,0.0,0.0,0,0,0,0.1,0,0
,Longstaff (Sean),4,NEW,4.9,0,0,0.01,0.0,0,0,0,1.1,0,0
,Livramento,4,NEW,4.9,0,0,0.0,0.0,0,0,0,3.1,0,0
,Lindstrom,4,EVE,5.0,0,0,0.0,0.0,0,0,0,0.1,0,0
,Lewis-Potter,4,BRE,4.9,0,1,0.03,0.02,0,0,0,0.3,0,0
,Lewis (Rico),4,MCI,4.9,0,0,0.02,0.0,0,1,0,1.7,0,0
,Leno,4,FUL,5.0,0,0,0.0,0.0,0,0,0,1.6,2,0
,Lemina (Mario),4,WOL,4.8,0,2,0.31,0.55,0,2,0,0.1,0,0
,Lallana,4,SOU,5.0,0,0,0.0,0.0,0,0,0,0.0,0,0
,Lacroix,4,CRY,5.0,0,0,0.04,0.0,0,1,0,3.7,0,0
,Kulusevski,4,TOT,6.4,4,3,0.12,0.14,0,1,0,0.0,0,0
,Kudus,4,WHU,6.7,0,2,0.07,0.03,0,2,0,30.1,0,0
,Kristiansen,4,LEI,4.4,1,0,0.05,0.0,0,2,0,0.1,0,0
,Kovacic,4,MCI,5.9,0,0,0.04,0.0,0,0,0,0.0,0,0
,Konsa Ngoyo,4,AVL,4.4,0,0,0.01,0.0,0,0,0,8.6,0,0
,Konaté,4,LIV,5.4,0,0,0.02,0.0,0,1,0,2.7,0,0
,Kluivert,4,BOU,7.0,0,2,0.02,0.29,0,2,0,1.0,0,0
,Kilman,4,WHU,4.3,0,0,0.0,0.0,0,0,0,0.2,0,0
,Kerkez,4,BOU,5.7,0,2,0.0,0.07,0,0,0,3.6,0,0
,Kelly,4,NEW,4.2,0,0,0.0,0.0,0,0,0,0.1,0,0
,Keane,4,EVE,4.5,0,1,0.0,0.02,0,0,2,1.1,0,0
,Kamada,4,CRY,5.0,0,2,0.01,0.09,0,0,0,0.2,0,0
,Kadioglu,4,BHA,4.4,0,1,0.02,0.03,0,2,0,0.2,0,0
,Justin,4,LEI,4.0,0,1,0.0,0.05,0,0,0,0.2,0,0
,Jones,4,LIV,5.4,0,0,0.01,0.0,0,0,0,0.1,0,0
,Johnstone,4,WOL,4.5,0,0,0.0,0.0,0,1,0,0.2,4,0
,Johnson (Brennan),4,TOT,6.7,0,4,0.07,0.21,0,1,0,3.1,0,0
,Raúl Jiménez,4,FUL,6.2,0,2,0.04,0.26,0,2,0,0.8,0,0
,Janelt,4,BRE,4.9,0,0,0.04,0.0,0,0,0,0.0,0,0
,Jackson (Nicolas),4,CHE,6.5,0,3,0.01,0.31,0,0,0,0.1,0,0
,Iwobi,4,FUL,6.5,0,1,0.39,0.04,0,2,0,1.7,0,0
,Isak,4,NEW,10.4,0,1,0.16,0.05,0,1,0,5.1,0,0
,Iroegbunam,4,EVE,4.9,0,0,0.0,0.0,0,0,2,0.0,0,0
,Ings,4,WHU,4.8,0,1,0.0,0.25,0,0,0,1.2,0,0
,Hwang Hee-Chan,4,WOL,5.8,0,0,0.02,0.0,0,0,0,0.1,0,0
,Hutchinson,4,IPS,5.4,0,1,0.0,0.04,0,0,0,0.0,0,0
,Hughes,4,CRY,4.8,0,0,0.02,0.0,0,0,0,0.1,0,0
,Hudson-Odoi,4,NFO,5.8,0,1,0.02,0.07,0,0,0,0.8,0,1
,Hirst,4,IPS,5.4,0,0,0.0,0.0,0,1,0,0.1,0,0
,Hinshelwood,4,BHA,5.1,7,0,0.11,0.0,0,1,0,0.0,0,0
,Rodri,4,MCI,6.3,0,0,0.08,0.0,0,1,0,0.5,0,0
,Hermansen,4,LEI,4.4,0,0,0.0,0.0,0,0,0,0.2,3,0
,Henderson,4,CRY,5.0,0,0,0.0,0.0,0,0,0,7.6,2,0
,Havertz,4,ARS,7.3,0,2,0.0,0.17,0,0,0,0.3,0,0
,Harwood-Bellis,4,SOU,3.9,0,0,0.0,0.0,0,0,0,4.1,0,0
,Harrison (Jack),4,EVE,5.2,0,0,0.05,0.0,0,0,0,0.1,0,0
,Lewis Hall,4,NEW,5.2,3,0,0.03,0.0,0,1,0,0.8,0,0
,Haaland,4,MCI,14.8,0,6,0.01,1.1,0,0,0,69.6,0,0
,Gvardiol,4,MCI,5.9,0,0,0.14,0.0,0,1,0,5.4,0,0
,Gundogan,4,MCI,6.3,0,2,0.16,0.08,0,4,0,0.1,0,0
,Bruno Guimarães,4,NEW,6.6,0,1,0.04,0.03,0,1,0,3.7,0,0
,Gueye,4,EVE,5.4,0,0,0.0,0.0,0,0,0,0.1,0,0
,Marc Guehi,4,CRY,5.0,0,0,0.04,0.0,0,1,0,34.1,0,0
,Greaves,4,IPS,3.8,0,0,0.0,0.0,0,0,2,2.3,0,0
,Grealish,4,MCI,6.9,1,2,0.15,0.15,0,1,0,17.6,0,0
,Gravenberch,4,LIV,5.6,0,1,0.05,0.04,0,1,2,4.0,0,0
,Gordon (Anthony),4,NEW,7.5,1,2,0.39,0.21,0,2,0,3.1,0,0
,João Gomes,4,WOL,5.4,0,1,0.02,0.08,0,0,2,0.1,0,0
,Beto,4,EVE,5.2,0,0,0.0,0.0,0,0,0,3.3,0,0
,Gibbs-White,4,NFO,7.3,0,1,0.05,0.02,0,2,0,2.9,0,0
,Rúben Dias,4,MCI,5.5,0,0,0.0,0.0,0,0,0,4.5,0,0
,Garner,4,EVE,5.0,0,0,0.05,0.0,0,1,0,0.9,0,0
,Garnacho,4,MUN,6.4,0,2,0.04,0.31,0,1,0,0.4,0,0
,Gonçalo Guedes,4,WOL,5.5,0,0,0.01,0.0,0,0,0,0.0,0,0
,Gakpo,4,LIV,7.6,0,0,0.0,0.0,0,0,0,14.1,0,0
,Jorginho,4,ARS,4.6,0,0,0.0,0.0,0,0,0,0.2,0,0
,Fraser (Ryan),4,SOU,4.8,0,0,0.0,0.0,0,0,0,0.0,0,0
,Casemiro,4,MUN,5.5,0,0,0.05,0.0,0,0,0,0.6,0,0
,Fofana (Wesley),4,CHE,4.4,0,0,0.05,0.0,0,1,0,0.2,0,0
,Flekken,4,BRE,4.5,0,0,0.01,0.0,0,0,0,10.0,5,0
,Jota Silva,4,NFO,5.4,0,0,0.03,0.0,0,1,0,0.0,0,0
,Ferguson,4,WHU,5.5,0,1,0.0,0.06,0,0,0,0.0,0,0
,Fatawu,4,LEI,5.1,0,1,0.0,0.01,0,0,0,0.2,0,0
,Faes,4,LEI,3.8,0,0,0.0,0.0,0,0,2,5.2,0,0
,Eze,4,CRY,7.6,5,3,0.34,0.46,0,3,0,14.2,0,0
,Evans (Jonny),4,MUN,4.4,0,0,0.0,0.0,0,0,0,0.1,0,0
,Mateus Fernandes,4,SOU,5.5,0,0,0.03,0.0,0,0,0,0.0,0,0
,Eriksen,4,MUN,5.2,4,0,0.35,0.0,0,2,0,0.2,0,0
,Enciso,4,IPS,5.4,2,1,0.01,0.05,0,1,0,0.0,0,0
,Elanga,4,NFO,6.7,0,2,0.0,0.23,0,1,0,3.7,0,0
,Díaz,4,LIV,8.0,0,1,0.03,0.11,0,0,0,0.0,0,0
,Durán,4,AVL,5.7,0,3,0.0,0.33,0,0,0,1.6,0,1
,Dunk,4,BHA,4.5,0,1,0.01,0.09,0,0,0,1.2,0,0
,Doyle (Tommy),4,WOL,4.7,1,0,0.04,0.0,0,0,0,0.0,0,0
,Downes,4,SOU,4.7,0,0,0.02,0.0,0,0,0,0.0,0,0
,Doucoure,4,CRY,4.9,0,1,0.01,0.02,0,0,0,0.0,0,0
,Nicolás Domínguez,4,NFO,5.0,0,0,0.01,0.0,0,0,0,0.0,0,0
,Doherty,4,WOL,4.4,0,0,0.01,0.0,0,0,0,0.1,0,0
,Disasi,4,AVL,4.2,0,0,0.0,0.0,0,0,0,0.4,0,0
,Digne,4,AVL,4.5,3,0,0.68,0.0,1,3,0,1.6,0,0
,Dibling,4,SOU,5.4,0,1,0.01,0.03,0,1,0,0.0,0,0
,Delap,4,IPS,6.2,0,1,0.0,0.21,0,0,0,0.9,0,0
,De Bruyne,4,MCI,9.5,6,2,0.56,0.06,0,5,0,11.6,0,0
,Dawson,4,WOL,4.2,0,0,0.04,0.0,0,1,0,0.1,0,0
,Davis,4,IPS,4.2,1,1,0.15,0.02,0,1,0,0.9,0,0
,Damsgaard,4,BRE,5.8,1,0,0.24,0.0,0,1,0,0.6,0,0
,Dalot,4,MUN,4.4,0,0,0.48,0.0,1,2,0,1.0,0,0
,Cucurella,4,CHE,6.1,0,0,0.03,0.0,0,0,0,21.8,0,0
,Coufal,4,WHU,4.1,0,0,0.0,0.0,0,0,0,0.4,0,0
,Cornet,4,SOU,4.9,0,0,0.0,0.0,0,0,0,0.0,0,0
,Cook,4,BOU,4.9,2,3,0.01,0.03,0,2,0,0.0,0,0
,Colwill,4,CHE,4.8,0,0,0.05,0.0,0,3,0,0.1,0,0
,Collins,4,BRE,4.9,0,1,0.01,0.14,0,0,0,1.1,0,0
,Coady,4,LEI,4.0,0,0,0.0,0.0,0,0,0,0.5,0,0
,Clyne,4,CRY,3.9,0,0,0.02,0.0,0,0,0,0.5,0,0
,Clarke (Jack),4,IPS,5.4,0,1,0.01,0.03,0,0,0,0.0,0,0
,Christie,4,BOU,5.0,0,1,0.06,0.08,0,2,0,0.1,0,0
,Choudhury,4,LEI,4.4,0,0,0.0,0.0,0,0,0,1.0,0,0
,Chaplin,4,IPS,5.1,0,0,0.0,0.0,0,0,0,0.1,0,0
,Carvalho,4,BRE,4.9,0,0,0.0,0.0,0,0,0,0.2,0,0
,Calvert-Lewin,4,EVE,5.5,0,3,0.0,0.76,0,0,0,1.4,0,0
,Cairney,4,FUL,4.9,0,0,0.13,0.0,0,1,0,0.0,0,0
,Moises Caicedo,4,CHE,6.0,0,1,0.1,0.02,0,0,2,19.8,0,0
,Burns,4,IPS,4.7,0,0,0.01,0.0,0,0,0,0.0,0,0
,Burn,4,NEW,5.2,0,1,0.02,0.03,0,0,0,10.7,0,0
,Buendía,4,AVL,5.3,0,0,0.01,0.0,0,0,0,0.2,0,0
,Brereton,4,SOU,4.8,0,0,0.01,0.0,0,0,0,0.1,0,0
,Bradley,4,LIV,5.0,0,0,0.01,0.0,0,0,0,0.2,0,0
,Bowen,4,WHU,7.7,0,2,0.09,0.28,0,2,0,7.6,0,0
,Bruno Fernandes,4,MUN,8.9,1,5,0.35,0.22,1,1,0,16.3,0,0
,Carlos Borges,4,WOL,5.4,0,0,0.0,0.0,0,0,0,0.0,0,0
,Bogarde,4,AVL,4.0,0,0,0.08,0.0,0,1,0,0.7,0,0
,Billing,4,BOU,4.9,1,0,0.07,0.0,0,1,0,0.0,0,0
,Berge,4,FUL,4.9,0,0,0.01,0.0,0,1,0,0.1,0,0
,Bentancur,4,TOT,5.3,0,0,0.04,0.0,0,0,0,0.4,0,0
,Bellegarde,4,WOL,5.2,0,1,0.01,0.12,0,1,0,0.0,0,0
,Bednarek,4,SOU,4.0,0,0,0.0,0.0,0,0,2,1.9,0,0
,Bassey,4,FUL,4.5,0,1,0.0,0.08,0,0,2,0.6,0,0
,Barnes,4,NEW,6.3,0,3,0.2,0.51,0,2,0,0.4,0,1
,Barkley,4,AVL,4.8,0,1,0.04,0.03,0,1,0,0.0,0,0
,Baleba,4,BHA,4.7,0,4,0.04,0.2,0,1,2,2.1,0,0
,Ayew,4,LEI,5.1,0,2,0.01,0.1,0,0,0,0.2,0,0
,Ayari,4,BHA,4.9,0,2,0.3,0.08,0,1,0,0.3,0,0
,Areola,4,WHU,4.3,0,0,0.0,0.0,0,0,0,2.1,4,0
,Archer,4,SOU,4.8,0,3,0.0,0.83,0,0,0,1.1,0,0
,Araujo,4,BOU,3.9,0,0,0.0,0.0,0,0,0,0.7,0,0
,Joelinton,4,NEW,5.9,0,0,0.01,0.0,0,0,0,0.3,0,0
,Antonio,4,WHU,5.2,0,1,0.0,0.02,0,0,0,0.8,0,0
,Anderson,4,NFO,5.3,0,0,0.01,0.0,0,0,2,3.0,0,0
,Andersen,4,FUL,4.5,0,1,0.01,0.01,0,0,2,2.8,0,0
,Alexander-Arnold,4,LIV,7.2,4,1,0.33,0.02,0,4,0,16.7,0,0
,Akanji,4,MCI,5.4,0,0,0.07,0.0,0,0,0,0.3,0,0
,Ajer,4,BRE,4.4,0,0,0.02,0.0,0,0,0,0.2,0,0
,Ait Nouri,4,WOL,5.8,1,0,0.03,0.0,0,0,0,4.9,0,0
,Aina,4,NFO,4.7,0,0,0.01,0.0,0,0,0,2.5,0,0
,Adingra,4,BHA,5.1,0,1,0.01,0.03,0,0,0,0.5,0,0
,Tosin,4,CHE,4.3,0,0,0.0,0.0,0,0,0,0.4,0,0
,Álvarez (Edson),5,WHU,4.9,0,1,0.01,0.01,0,1,0,0.1,0,0
,van den Berg,5,BRE,4.5,0,0,0.21,0.0,0,1,2,0.6,0,0
,van de Ven,5,TOT,4.7,0,0,0.01,0.0,0,0,0,32.6,0,0
,van Hecke,5,BHA,4.4,0,0,0.05,0.0,0,0,0,1.3,0,0
,van Dijk,5,LIV,6.0,0,0,0.0,0.0,0,0,0,23.6,0,0
,Gabriel Magalhães,5,ARS,6.6,0,2,0.01,0.49,0,0,2,40.9,0,0
,Evanilson,5,BOU,7.0,0,2,0.24,0.04,0,2,0,1.4,0,0
,de Ligt,5,MUN,5.0,0,3,0.0,0.54,0,0,0,3.0,0,0
,Jesus,5,ARS,6.4,0,0,0.0,0.0,0,0,0,0.0,0,0
,André,5,WOL,5.4,0,1,0.01,0.06,0,0,0,0.1,0,0
,Zirkzee,5,MUN,5.8,0,1,0.22,0.1,0,2,0,0.4,0,0
,Zabarnyi,5,BOU,5.0,0,0,0.01,0.0,0,0,2,0.0,0,0
,Young (Ashley),5,EVE,4.2,0,0,0.16,0.0,0,2,0,1.4,0,0
,Yates,5,NFO,4.7,0,0,0.0,0.0,0,0,0,0.1,0,0
,Yarmolyuk,5,BRE,5.0,0,0,0.01,0.0,0,0,2,0.1,0,0
,Wood (Chris),5,NFO,7.2,0,1,0.0,0.79,0,0,0,6.5,0,0
,Winks,5,LEI,4.3,5,1,0.18,0.02,0,3,0,4.7,0,0
,Willock,5,NEW,5.0,0,0,0.01,0.0,0,1,0,0.1,0,0
,Williams (Neco),5,NFO,4.7,0,0,0.0,0.0,0,0,0,3.5,0,0
,Wieffer,5,BHA,4.9,0,0,0.01,0.0,0,1,0,0.1,0,0
,White (Ben),5,ARS,5.3,0,0,0.0,0.0,0,0,0,0.4,0,0
,Wharton,5,CRY,5.0,1,0,0.0,0.0,0,0,0,0.5,0,0
,Welbeck,5,BHA,6.5,0,3,0.07,0.39,0,1,0,7.9,0,0
,Watkins,5,AVL,8.5,0,3,0.06,0.34,0,0,0,6.6,0,0
,Ward-Prowse,5,WHU,5.7,0,0,0.07,0.0,0,0,0,0.2,0,0
,Wan-Bissaka,5,WHU,4.3,0,0,0.29,0.0,0,2,0,5.8,0,0
,Walker,5,MCI,4.4,0,4,0.68,0.11,0,3,0,1.6,0,0
,Vicario,5,TOT,5.1,0,0,0.0,0.0,0,0,0,10.1,5,0
,Verbruggen,5,BHA,4.4,0,0,0.0,0.0,0,0,0,4.1,2,0
,Veltman,5,BHA,4.3,0,0,0.01,0.0,0,0,0,0.1,0,0
,Bernardo Silva,5,MCI,6.3,2,1,0.25,0.11,0,5,0,0.5,0,0
,Vardy,5,LEI,5.4,0,0,0.01,0.0,0,0,0,5.2,0,0
,Unal,5,BOU,5.4,0,1,0.0,0.04,0,0,0,0.0,0,0
,Ugochukwu,5,SOU,5.0,0,0,0.0,0.0,0,0,0,0.1,0,0
,Ugarte,5,MUN,4.8,0,0,0.0,0.0,0,0,0,0.1,0,0
,Destiny Udogie,5,TOT,4.4,0,1,0.04,0.05,0,1,2,0.4,0,0
,Tuanzebe,5,IPS,3.9,0,0,0.02,0.0,0,1,0,1.8,0,0
,Trossard,5,ARS,6.9,0,1,0.0,0.09,0,0,0,0.5,0,0
,Trippier,5,NEW,5.0,0,0,0.02,0.0,0,1,0,2.7,0,0
,Trevitt,5,BRE,4.5,0,0,0.0,0.0,0,0,0,0.0,0,0
,Traoré (Adama),5,FUL,5.2,0,1,0.63,0.1,0,3,0,0.2,0,0
,Amad Diallo,5,MUN,6.3,2,2,0.11,0.05,0,2,0,1.3,0,0
,Torres,5,AVL,4.3,0,0,0.02,0.0,0,0,0,0.3,0,0
,Tonali,5,NEW,5.4,0,1,0.09,0.04,0,1,0,1.3,0,0
,Lucas Paquetá,5,WHU,5.9,0,2,0.06,0.08,0,1,0,2.5,0,0
,Jurriën Timber,5,ARS,6.1,0,0,0.0,0.0,0,0,0,25.1,0,0
,Tielemans,5,AVL,5.9,4,0,0.38,0.0,1,3,0,0.6,0,0
,Tete,5,FUL,4.5,0,2,0.02,0.29,0,0,0,0.2,0,0
,Taylor (Charlie),5,SOU,3.9,0,0,0.0,0.0,0,0,2,3.0,0,0
,Taylor (Jack),5,IPS,4.8,0,0,0.0,0.0,0,0,0,0.0,0,0
,Tavernier,5,BOU,5.5,3,1,0.07,0.02,0,3,0,1.6,0,0
,Tarkowski,5,EVE,5.5,0,0,0.0,0.0,0,0,0,6.3,0,0
,Szoboszlai,5,LIV,6.5,0,1,0.02,0.04,0,0,0,4.2,0,0
,Szmodics,5,IPS,5.7,0,3,0.0,0.7,0,0,0,0.1,0,0
,Summerville,5,WHU,5.5,0,0,0.01,0.0,0,0,0,0.1,0,0
,Sugawara,5,SOU,4.2,2,0,0.03,0.0,0,1,0,0.1,0,0
,Strand Larsen,5,WOL,6.4,0,2,0.01,0.05,0,0,0,1.3,0,0
,Stones,5,MCI,5.5,0,1,0.01,0.18,0,0,0,0.7,0,0
,Stewart,5,SOU,4.4,0,1,0.01,0.04,0,0,0,1.7,0,0
,Soucek,5,WHU,5.7,0,1,0.13,0.06,0,1,0,0.2,0,0
,Sosa,5,NFO,5.5,1,1,0.0,0.45,0,0,0,0.1,0,0
,Son,5,TOT,8.5,0,1,0.45,0.07,1,7,0,0.1,0,0
,Soler (Carlos),5,WHU,5.0,0,2,0.01,0.09,0,0,0,0.0,0,0
,Solanke,5,TOT,7.2,0,4,0.07,1.61,0,0,0,0.9,0,0
,Smith-Rowe,5,FUL,5.6,0,3,0.02,0.41,0,0,0,0.4,0,0
,Smith,5,BOU,4.4,0,0,0.0,0.0,0,0,0,0.2,0,0
,Sinisterra,5,BOU,5.0,0,4,0.01,0.35,0,2,0,0.0,0,0
,João Félix,5,CHE,5.9,0,2,0.05,0.2,0,0,0,0.4,0,0
,Semenyo,5,BOU,8.1,0,4,0.01,0.35,0,0,0,64.4,0,0
,Semedo,5,WOL,4.5,0,0,0.01,0.0,0,0,0,0.6,0,0
,Sels,5,NFO,4.8,0,0,0.0,0.0,0,0,0,8.3,1,0
,Scott,5,BOU,5.0,0,2,0.02,0.1,0,0,0,0.3,0,0
,Schär,5,NEW,5.4,0,2,0.2,0.4,0,0,0,1.9,0,0
,Schlupp,5,CRY,4.6,0,0,0.05,0.0,0,1,0,0.0,0,0
,Schade,5,BRE,7.0,0,1,0.0,0.06,0,0,0,0.7,0,0
,Ismaila Sarr,5,CRY,6.6,0,2,0.12,0.31,0,1,0,11.6,0,0
,Sarr (Pape),5,TOT,4.9,0,0,0.02,0.0,0,0,0,1.7,0,0
,Diego Carlos,5,AVL,4.5,0,0,0.01,0.0,0,0,0,0.3,0,0
,Matheus Cunha,5,WOL,7.9,5,1,0.22,0.03,0,3,0,4.4,0,1
,Murillo,5,NFO,5.3,0,0,0.01,0.0,0,1,2,2.0,0,0
,Ederson,5,MCI,5.3,0,0,0.0,0.0,0,0,0,0.9,1,0
,Sancho,5,MUN,5.8,0,0,0.21,0.0,1,2,0,0.2,0,0
,Sanchez,5,CHE,4.8,0,0,0.0,0.0,0,0,0,13.5,7,0
,Saliba,5,ARS,6.0,0,0,0.0,0.0,0,0,2,11.6,0,0
,Salah,5,LIV,14.2,0,4,0.17,0.61,0,6,0,24.9,0,0
,Saka,5,ARS,10.1,2,0,0.41,0.0,1,2,0,17.2,0,0
,Rutter,5,BHA,5.7,0,5,0.05,0.38,0,1,0,0.5,0,0
,Romero,5,TOT,5.0,0,1,0.03,0.07,0,0,0,4.2,0,0
,Rogers,5,AVL,6.8,0,0,0.6,0.0,2,3,0,4.8,0,0
,Roerslev,5,BRE,4.5,0,0,0.0,0.0,0,0,0,0.0,0,0
,Rodríguez,5,WHU,4.8,0,0,0.01,0.0,0,0,0,0.0,0,0
,Morato,5,NFO,4.4,0,0,0.0,0.0,0,0,0,0.1,0,0
,Robinson (Antonee),5,FUL,4.9,0,1,0.02,0.07,0,1,0,0.5,0,0
,Robertson,5,LIV,5.8,2,1,0.02,0.08,0,2,0,0.9,0,0
,Richards (Chris),5,CRY,4.5,0,0,0.0,0.0,0,0,2,3.2,0,0
,Rice,5,ARS,6.8,0,0,0.01,0.0,0,0,0,16.4,0,0
,Reed,5,FUL,4.4,0,0,0.0,0.0,0,0,0,0.2,0,0
,Raya Martin,5,ARS,5.8,0,0,0.0,0.0,0,0,0,31.3,9,0
,Rashford,5,AVL,7.0,0,0,0.05,0.0,0,0,0,0.0,0,0
,Ramsey (Jacob),5,AVL,5.3,0,0,0.03,0.0,0,0,0,0.2,0,0
,Ramsdale,5,SOU,4.8,0,0,0.0,0.0,0,0,0,0.6,5,0
,Porro,5,TOT,5.5,0,2,0.03,0.06,0,0,0,18.4,0,0
,Pope,5,NEW,5.2,0,0,0.0,0.0,0,0,0,12.2,8,0
,Pinnock,5,BRE,4.3,0,0,0.0,0.0,0,0,2,0.1,0,0
,Pickford,5,EVE,5.5,0,0,0.01,0.0,0,0,0,9.7,1,0
,Pereira,5,FUL,5.3,5,2,0.08,0.06,0,3,0,0.1,0,0
,Partey,5,ARS,4.9,0,0,0.02,0.0,0,0,2,0.7,0,0
,Emerson,5,WHU,4.4,0,0,0.16,0.0,0,1,0,0.1,0,0
,Palmer (Cole),5,CHE,10.3,0,2,0.0,0.42,0,1,0,9.2,0,0
,Dango Ouattara,5,BOU,6.0,0,0,0.01,0.0,0,0,0,0.5,0,0
,Osula,5,NEW,5.5,0,0,0.0,0.0,0,0,0,0.3,0,0
,Onana,5,MUN,4.9,0,0,0.0,0.0,0,0,0,0.2,4,0
,Okoli,5,LEI,4.0,0,1,0.0,0.08,0,0,0,0.4,0,0
,O'Shea,5,IPS,3.8,0,1,0.01,0.06,0,0,2,1.2,0,0
,Núñez,5,LIV,6.5,0,3,0.01,0.31,0,0,0,0.1,0,1
,Nkunku,5,CHE,5.9,0,1,0.04,0.59,0,0,0,0.1,0,0
,Eddie Nketiah,5,CRY,5.4,0,2,0.01,0.15,0,0,0,0.4,0,0
,Neto,5,CHE,7.1,3,0,0.02,0.0,0,0,0,5.9,0,0
,Nelson (Reiss),5,FUL,4.8,0,1,0.05,0.31,0,1,0,0.1,0,0
,Ndidi,5,LEI,4.9,0,3,0.04,0.08,0,0,0,0.2,0,0
,Ndiaye,5,EVE,6.5,0,2,0.06,0.21,0,4,0,11.1,0,1
,Mvom Onana,5,AVL,4.8,0,0,0.03,0.0,0,0,2,0.6,0,0
,Muñoz,5,CRY,5.7,0,0,0.01,0.0,0,1,0,15.3,0,0
,Murphy (Jacob),5,NEW,6.1,0,1,0.1,0.03,0,1,0,1.1,0,0
,Muric,5,IPS,4.4,0,0,0.0,0.0,0,0,0,0.4,2,0
,Rodrigo Muniz,5,FUL,5.4,0,2,0.01,0.16,1,1,0,1.0,0,0
,Mosquera,5,WOL,4.4,0,0,0.01,0.0,0,1,2,0.1,0,0
,Morsy,5,IPS,4.8,0,2,0.12,0.11,0,1,0,0.1,0,0
,Álex Moreno,5,NFO,4.0,0,0,0.0,0.0,0,0,0,2.4,0,0
,Savinho,5,MCI,6.9,2,2,0.29,0.03,1,1,0,0.5,0,0
,Moore (Mikey),5,TOT,5.0,0,0,0.0,0.0,0,0,0,0.0,0,0
,Mitoma,5,BHA,6.2,0,0,0.23,0.0,0,2,0,2.3,0,0
,Mitchell,5,CRY,5.0,0,0,0.08,0.0,0,1,0,2.2,0,0
,Minteh,5,BHA,6.0,3,0,0.06,0.0,0,1,0,4.4,0,0
,Milenkovic,5,NFO,5.2,0,0,0.0,0.0,0,0,2,4.0,0,0
,McNeil,5,EVE,5.6,1,4,0.34,0.13,0,3,0,0.1,0,0
,McGinn,5,AVL,5.4,0,1,0.19,0.03,0,0,0,0.6,0,0
,Mbeumo,5,BRE,8.3,3,3,0.02,0.64,0,0,0,28.5,0,0
,Mazraoui,5,MUN,4.9,0,0,0.07,0.0,0,0,0,0.2,0,0
,Mavropanos,5,WHU,4.4,0,2,0.01,0.12,0,0,2,0.1,0,0
,Mavididi,5,LEI,5.0,1,3,0.31,0.29,0,2,0,0.3,0,0
,Mateta,5,CRY,7.9,0,0,0.0,0.0,0,1,0,23.0,0,0
,Martínez,5,MUN,4.8,0,1,0.01,0.21,0,0,0,0.1,0,0
,Martinez,5,AVL,5.0,0,0,0.0,0.0,0,0,0,2.0,3,0
,Martinelli,5,ARS,6.9,0,0,0.05,0.0,0,2,0,1.0,0,0
,Mangala,5,EVE,5.0,0,0,0.06,0.0,0,1,0,0.0,0,0
,Mainoo,5,MUN,4.8,0,1,0.14,0.04,0,0,0,0.5,0,0
,Madueke,5,CHE,6.8,0,2,0.01,0.16,0,1,0,0.6,0,0
,Maddison,5,TOT,6.9,2,3,1.08,0.92,0,3,0,0.1,0,0
,Mac Allister,5,LIV,6.3,0,1,0.23,0.03,0,2,2,1.2,0,0
,Maatsen,5,AVL,4.3,0,0,0.02,0.0,0,0,0,0.4,0,0
,Lukic,5,FUL,5.0,0,0,0.07,0.0,0,1,0,0.1,0,0
,Livramento,5,NEW,4.9,0,0,0.0,0.0,0,0,0,3.1,0,0
,Lindstrom,5,EVE,5.0,0,4,0.05,0.47,0,1,0,0.1,0,0
,Lewis-Skelly,5,ARS,5.2,0,0,0.0,0.0,0,0,0,1.7,0,0
,Lewis-Potter,5,BRE,4.9,0,1,0.15,0.02,0,1,0,0.3,0,0
,Lerma,5,CRY,4.9,0,1,0.0,0.03,0,1,0,0.1,0,0
,Leno,5,FUL,5.0,0,0,0.0,0.0,0,0,0,1.6,4,0
,Lemina (Mario),5,WOL,4.8,0,2,0.02,0.19,0,0,0,0.1,0,0
,Lallana,5,SOU,5.0,0,1,0.05,0.03,1,1,0,0.0,0,0
,Lacroix,5,CRY,5.0,0,1,0.0,0.02,0,0,0,3.7,0,0
,Kulusevski,5,TOT,6.4,7,4,0.11,0.38,0,3,0,0.0,0,0
,Kudus,5,WHU,6.7,0,3,0.01,0.19,0,0,0,30.1,0,0
,Kristiansen,5,LEI,4.4,0,0,0.11,0.0,0,0,0,0.1,0,0
,Kovacic,5,MCI,5.9,0,4,0.31,0.18,0,5,0,0.0,0,0
,Konsa Ngoyo,5,AVL,4.4,0,1,0.02,0.21,0,0,0,8.6,0,0
,Konaté,5,LIV,5.4,0,0,0.03,0.0,1,1,0,2.7,0,0
,Konak,5,BRE,4.4,0,0,0.0,0.0,0,0,0,0.2,0,0
,Kluivert,5,BOU,7.0,0,3,0.0,0.14,0,0,0,1.0,0,0
,Kiwior,5,ARS,5.4,0,0,0.0,0.0,0,0,0,0.1,0,0
,Kilman,5,WHU,4.3,0,0,0.02,0.0,0,1,0,0.2,0,0
,Kerkez,5,BOU,5.7,0,1,0.09,0.01,0,2,0,3.6,0,0
,Kelly,5,NEW,4.2,0,0,0.0,0.0,0,0,0,0.1,0,0
,Kelleher,5,LIV,4.5,0,0,0.0,0.0,0,0,0,7.9,7,0
,Keane,5,EVE,4.5,0,0,0.0,0.0,0,0,2,1.1,0,0
,Kamada,5,CRY,5.0,0,0,0.02,0.0,0,0,0,0.2,0,0
,Justin,5,LEI,4.0,0,0,0.02,0.0,0,1,0,0.2,0,0
,João Pedro,5,BHA,7.4,0,1,0.0,0.02,0,0,0,45.5,0,0
,Jones,5,LIV,5.4,0,1,0.01,0.14,0,0,0,0.1,0,0
,Johnstone,5,WOL,4.5,0,0,0.0,0.0,0,0,0,0.2,0,0
,Johnson (Ben),5,IPS,3.8,0,0,0.0,0.0,0,0,0,1.9,0,0
,Johnson (Brennan),5,TOT,6.7,0,6,0.06,0.49,0,1,0,3.1,0,1
,Raúl Jiménez,5,FUL,6.2,0,4,0.01,0.49,0,0,0,0.8,0,0
,Janelt,5,BRE,4.9,0,0,0.01,0.0,0,0,0,0.0,0,0
,Jackson (Nicolas),5,CHE,6.5,0,4,0.06,0.76,1,2,0,0.1,0,1
,Iwobi,5,FUL,6.5,1,3,0.23,0.35,1,5,0,1.7,0,0
,Isak,5,NEW,10.4,0,2,0.02,0.09,0,1,0,5.1,0,0
,Irving,5,WHU,4.4,0,1,0.0,0.04,0,0,0,0.3,0,0
,Iroegbunam,5,EVE,4.9,0,0,0.0,0.0,0,0,0,0.0,0,0
,Højlund,5,MUN,6.3,0,0,0.01,0.0,0,0,0,0.3,0,0
,Hutchinson,5,IPS,5.4,0,1,0.21,0.03,0,3,0,0.0,0,0
,Huijsen,5,BOU,4.5,0,1,0.0,0.04,0,2,0,5.0,0,0
,Hughes,5,CRY,4.8,1,1,0.0,0.03,0,0,0,0.1,0,0
,Hudson-Odoi,5,NFO,5.8,0,1,0.03,0.11,0,1,0,0.8,0,0
,Hirst,5,IPS,5.4,0,2,0.01,0.5,0,0,0,0.1,0,0
,Hinshelwood,5,BHA,5.1,0,1,0.15,0.12,0,2,0,0.0,0,0
,Rodri,5,MCI,6.3,0,0,0.01,0.0,0,0,0,0.5,0,0
,Hermansen,5,LEI,4.4,0,0,0.0,0.0,0,0,0,0.2,4,0
,Henderson,5,CRY,5.0,0,0,0.0,0.0,0,0,0,7.6,7,0
,Havertz,5,ARS,7.3,0,1,0.0,0.07,0,0,0,0.3,0,0
,Harwood-Bellis,5,SOU,3.9,0,1,0.01,0.07,0,1,2,4.1,0,0
,Harrison (Jack),5,EVE,5.2,0,0,0.01,0.0,0,1,0,0.1,0,0
,Lewis Hall,5,NEW,5.2,0,0,0.02,0.0,0,1,0,0.8,0,0
,Haaland,5,MCI,14.8,0,6,0.03,0.94,0,0,0,69.6,0,0
,Gvardiol,5,MCI,5.9,0,2,0.09,0.08,0,1,0,5.4,0,0
,Gundogan,5,MCI,6.3,2,2,0.16,0.23,0,2,0,0.1,0,0
,Bruno Guimarães,5,NEW,6.6,0,1,0.05,0.05,0,0,0,3.7,0,0
,Marc Guehi,5,CRY,5.0,0,0,0.0,0.0,0,0,2,34.1,0,0
,Greaves,5,IPS,3.8,0,1,0.01,0.03,0,0,0,2.3,0,0
,Grealish,5,MCI,6.9,1,0,0.09,0.0,0,2,0,17.6,0,0
,Gray (Archie),5,TOT,4.8,0,0,0.0,0.0,0,0,0,0.1,0,0
,Gravenberch,5,LIV,5.6,0,1,0.09,0.02,0,1,2,4.0,0,0
,Gordon (Anthony),5,NEW,7.5,0,2,0.08,0.39,0,2,0,3.1,0,0
,João Gomes,5,WOL,5.4,0,0,0.02,0.0,0,0,2,0.1,0,0
,Rodrigo Gomes,5,WOL,4.5,0,0,0.0,0.0,0,0,0,0.1,0,0
,Gibbs-White,5,NFO,7.3,0,1,0.03,0.07,0,0,0,2.9,0,0
,Rúben Dias,5,MCI,5.5,0,5,0.34,0.18,0,2,0,4.5,0,0
,Garner,5,EVE,5.0,0,1,0.0,0.01,0,0,0,0.9,0,0
,Garnacho,5,MUN,6.4,0,3,0.01,0.47,0,0,0,0.4,0,0
,Gonçalo Guedes,5,WOL,5.5,0,0,0.0,0.0,0,0,0,0.0,0,0
,Gakpo,5,LIV,7.6,0,1,0.09,0.07,0,3,0,14.1,0,0
,Fraser (Ryan),5,SOU,4.8,0,0,0.0,0.0,0,0,0,0.0,0,0
,Fofana (Wesley),5,CHE,4.4,0,0,0.0,0.0,0,1,0,0.2,0,0
,Foden,5,MCI,8.0,0,2,0.24,0.07,0,1,0,4.3,0,0
,Flekken,5,BRE,4.5,0,0,0.01,0.0,0,0,0,10.0,6,0
,Jota Silva,5,NFO,5.4,0,0,0.24,0.0,1,1,0,0.0,0,0
,Fernández,5,CHE,6.7,2,0,0.13,0.0,0,2,0,14.3,0,0
,Ferguson,5,WHU,5.5,0,1,0.0,0.01,0,0,0,0.0,0,0
,Fatawu,5,LEI,5.1,0,0,0.0,0.0,0,0,0,0.2,0,0
,Faes,5,LEI,3.8,0,1,0.06,0.06,0,0,2,5.2,0,0
,Eze,5,CRY,7.6,2,2,0.13,0.5,0,2,2,14.2,0,0
,Estupiñán,5,BHA,4.5,6,1,0.17,0.02,0,2,0,0.0,0,0
,Mateus Fernandes,5,SOU,5.5,0,1,0.23,0.1,0,3,0,0.0,0,0
,Eriksen,5,MUN,5.2,9,0,0.35,0.0,0,3,0,0.2,0,0
,Elanga,5,NFO,6.7,0,0,0.0,0.0,0,0,0,3.7,0,0
,El Khannouss,5,LEI,4.8,0,0,0.03,0.0,0,2,0,0.2,0,0
,Edouard,5,LEI,5.0,0,0,0.04,0.0,0,1,0,0.3,0,0
,Díaz,5,LIV,8.0,0,4,0.09,0.59,0,1,0,0.0,0,1
,Durán,5,AVL,5.7,0,2,0.0,1.03,0,0,0,1.6,0,0
,Dunk,5,BHA,4.5,0,0,0.03,0.0,0,0,0,1.2,0,0
,Doyle (Tommy),5,WOL,4.7,0,0,0.01,0.0,0,0,0,0.0,0,0
,Downes,5,SOU,4.7,0,1,0.26,0.02,0,1,0,0.0,0,0
,Doucouré,5,EVE,5.1,0,1,0.01,0.02,0,0,2,0.5,0,0
,Doku,5,MCI,6.5,1,2,0.06,0.05,0,1,0,5.0,0,0
,Disasi,5,AVL,4.2,0,0,0.0,0.0,0,0,0,0.4,0,0
,Diop,5,FUL,4.4,0,0,0.0,0.0,0,0,0,0.1,0,0
,Digne,5,AVL,4.5,2,0,0.01,0.0,0,0,0,1.6,0,0
,Dibling,5,SOU,5.4,0,1,0.2,0.72,0,1,0,0.0,0,1
,Dewsbury-Hall,5,CHE,4.9,0,0,0.02,0.0,0,1,0,3.0,0,0
,Delap,5,IPS,6.2,0,1,0.03,0.05,0,0,0,0.9,0,0
,Dawson,5,WOL,4.2,0,1,0.0,0.07,0,1,0,0.1,0,0
,Davis,5,IPS,4.2,10,1,0.06,0.19,0,3,0,0.9,0,0
,Damsgaard,5,BRE,5.8,0,1,0.03,0.09,0,1,2,0.6,0,0
,Dalot,5,MUN,4.4,0,0,0.23,0.0,0,3,0,1.0,0,0
,Cucurella,5,CHE,6.1,0,0,0.0,0.0,0,0,2,21.8,0,0
,Cresswell,5,WHU,3.9,0,0,0.01,0.0,0,1,0,1.7,0,0
,Cook,5,BOU,4.9,6,0,0.19,0.0,0,2,0,0.0,0,0
,Colwill,5,CHE,4.8,0,0,0.31,0.0,0,1,2,0.1,0,0
,Collins,5,BRE,4.9,0,0,0.01,0.0,0,0,0,1.1,0,0
,Clarke (Jack),5,IPS,5.4,0,0,0.2,0.0,0,1,0,0.0,0,0
,Christie,5,BOU,5.0,0,0,0.03,0.0,0,1,0,0.1,0,0
,Chiesa,5,LIV,6.4,0,2,0.08,0.16,0,0,0,0.3,0,0
,Chaplin,5,IPS,5.1,0,0,0.0,0.0,0,0,0,0.1,0,0
,Carvalho,5,BRE,4.9,1,0,0.34,0.0,0,2,0,0.2,0,0
,Calvert-Lewin,5,EVE,5.5,0,5,0.01,0.26,0,1,0,1.4,0,0
,Calafiori,5,ARS,5.8,0,1,0.0,0.02,0,0,0,16.0,0,1
,Cajuste,5,IPS,4.5,0,1,0.02,0.02,0,1,0,0.1,0,0
,Moises Caicedo,5,CHE,6.0,0,1,0.41,0.08,1,1,2,19.8,0,0
,Burns,5,IPS,4.7,0,0,0.38,0.0,0,2,0,0.0,0,0
,Burn,5,NEW,5.2,0,1,0.0,0.01,0,0,0,10.7,0,0
,Buonanotte,5,LEI,4.7,0,1,0.01,0.04,0,0,0,0.1,0,0
,Bueno (Santiago),5,WOL,4.4,0,0,0.0,0.0,0,0,0,0.1,0,0
,Buendía,5,AVL,5.3,0,0,0.0,0.0,0,0,0,0.2,0,0
,Brereton,5,SOU,4.8,0,2,0.01,0.25,0,0,0,0.1,0,0
,Bowen,5,WHU,7.7,6,2,0.11,0.12,0,1,0,7.6,0,0
,Bruno Fernandes,5,MUN,8.9,0,4,0.14,0.36,0,2,2,16.3,0,0
,Bissouma,5,TOT,5.2,0,0,0.03,0.0,0,0,0,0.0,0,0
,Bergvall,5,TOT,5.4,0,0,0.0,0.0,0,0,0,0.4,0,0
,Berge,5,FUL,4.9,0,0,0.01,0.0,0,1,0,0.1,0,0
,Bentancur,5,TOT,5.3,0,1,0.02,0.08,0,0,2,0.4,0,0
,Bellegarde,5,WOL,5.2,0,0,0.19,0.0,0,2,0,0.0,0,0
,Bednarek,5,SOU,4.0,0,0,0.01,0.0,0,0,2,1.9,0,0
,Bassey,5,FUL,4.5,0,0,0.0,0.0,0,0,0,0.6,0,0
,Barnes,5,NEW,6.3,0,4,0.14,0.43,0,2,0,0.4,0,0
,Barkley,5,AVL,4.8,0,1,0.01,0.05,0,0,0,0.0,0,0
,Baleba,5,BHA,4.7,0,1,0.01,0.02,0,0,0,2.1,0,0
,Bailey,5,AVL,5.5,0,1,0.33,0.07,0,1,0,0.1,0,0
,Ayew,5,LEI,5.1,0,2,0.01,0.09,0,0,0,0.2,0,0
,Kepa,5,BOU,4.2,0,0,0.0,0.0,0,0,0,0.5,9,0
,Armstrong (Adam),5,SOU,5.1,0,0,0.0,0.0,0,0,0,0.5,0,0
,Aribo,5,SOU,4.9,0,0,0.0,0.0,0,0,0,0.1,0,0
,Areola,5,WHU,4.3,0,0,0.0,0.0,0,0,0,2.1,2,0
,Archer,5,SOU,4.8,0,3,0.01,1.26,0,0,0,1.1,0,0
,Araujo,5,BOU,3.9,0,0,0.01,0.0,0,0,0,0.7,0,0
,Joelinton,5,NEW,5.9,0,2,0.02,0.1,0,2,0,0.3,0,0
,Antonio,5,WHU,5.2,0,1,0.01,0.13,0,0,0,0.8,0,0
,Anderson,5,NFO,5.3,0,0,0.0,0.0,0,0,0,3.0,0,0
,Andersen,5,FUL,4.5,0,3,0.01,0.06,0,1,2,2.8,0,0
,Alexander-Arnold,5,LIV,7.2,1,0,0.13,0.0,1,2,0,16.7,0,0
,Akanji,5,MCI,5.4,0,2,0.3,0.03,0,4,0,0.3,0,0
,Ajer,5,BRE,4.4,0,0,0.01,0.0,0,1,0,0.2,0,0
,Ait Nouri,5,WOL,5.8,0,3,0.02,0.13,0,0,0,4.9,0,0
,Aina,5,NFO,4.7,0,0,0.0,0.0,0,0,2,2.5,0,0
,Adingra,5,BHA,5.1,0,1,0.02,0.04,0,1,0,0.5,0,0
,Tosin,5,CHE,4.3,0,0,0.0,0.0,0,0,0,0.4,0,0
,van den Berg,6,BRE,4.5,0,1,0.04,0.04,0,0,0,0.6,0,0
,van de Ven,6,TOT,4.7,0,2,0.57,0.09,1,1,0,32.6,0,0
,van Dijk,6,LIV,6.0,0,0,0.02,0.0,0,0,0,23.6,0,0
,Igor Julio,6,BHA,4.5,0,0,0.01,0.0,0,0,0,0.1,0,0
,Gabriel Magalhães,6,ARS,6.6,0,3,0.05,0.27,0,0,0,40.9,0,0
,Evanilson,6,BOU,7.0,0,2,0.0,0.39,0,0,0,1.4,0,0
,de Ligt,6,MUN,5.0,0,1,0.01,0.17,0,0,0,3.0,0,0
,Jesus,6,ARS,6.4,0,1,0.0,0.11,0,0,0,0.0,0,0
,Renato Veiga,6,CHE,4.4,0,0,0.0,0.0,0,0,0,0.1,0,0
,André,6,WOL,5.4,0,0,0.01,0.0,0,0,0,0.1,0,0
,Zirkzee,6,MUN,5.8,0,1,0.01,0.25,0,0,0,0.4,0,0
,Zabarnyi,6,BOU,5.0,0,0,0.01,0.0,0,0,0,0.0,0,0
,Young (Ashley),6,EVE,4.2,0,0,0.02,0.0,0,1,0,1.4,0,0
,Yates,6,NFO,4.7,0,1,0.16,0.02,0,1,2,0.1,0,0
,Yarmolyuk,6,BRE,5.0,0,1,0.02,0.04,0,1,0,0.1,0,0
,Wood (Chris),6,NFO,7.2,0,0,0.02,0.0,0,0,0,6.5,0,0
,Winks,6,LEI,4.3,0,0,0.01,0.0,0,1,0,4.7,0,0
,Willock,6,NEW,5.0,0,0,0.0,0.0,0,0,0,0.1,0,0
,Williams (Neco),6,NFO,4.7,0,0,0.0,0.0,0,0,0,3.5,0,0
,Wieffer,6,BHA,4.9,0,0,0.01,0.0,0,1,0,0.1,0,0
,Wharton,6,CRY,5.0,5,2,0.22,0.03,0,3,2,0.5,0,0
,Werner,6,TOT,6.2,0,2,0.03,0.61,0,1,0,0.1,0,0
,Welbeck,6,BHA,6.5,0,3,0.01,0.41,0,1,0,7.9,0,0
,Webster,6,BHA,4.4,0,0,0.01,0.0,0,0,0,0.0,0,0
,Watkins,6,AVL,8.5,0,1,0.13,0.4,0,1,0,6.6,0,0
,Ward-Prowse,6,WHU,5.7,4,1,0.1,0.02,0,0,0,0.2,0,0
,Wan-Bissaka,6,WHU,4.3,0,1,0.06,0.02,0,1,0,5.8,0,0
,Walker,6,MCI,4.4,0,0,0.03,0.0,0,0,0,1.6,0,0
,Vicario,6,TOT,5.1,0,0,0.0,0.0,0,0,0,10.1,2,0
,Verbruggen,6,BHA,4.4,0,0,0.0,0.0,0,0,0,4.1,2,0
,Bernardo Silva,6,MCI,6.3,0,2,0.14,0.09,0,1,0,0.5,0,0
,Vardy,6,LEI,5.4,0,0,0.01,0.0,0,1,0,5.2,0,0
,Unal,6,BOU,5.4,0,0,0.01,0.0,0,1,0,0.0,0,0
,Ugochukwu,6,SOU,5.0,0,0,0.04,0.0,0,1,0,0.1,0,0
,Ugarte,6,MUN,4.8,0,0,0.0,0.0,0,0,0,0.1,0,0
,Destiny Udogie,6,TOT,4.4,0,2,0.01,0.09,0,0,0,0.4,0,0
,Tuanzebe,6,IPS,3.9,0,2,0.0,0.11,0,0,0,1.8,0,0
,Trossard,6,ARS,6.9,0,4,0.12,1.11,0,2,0,0.5,0,0
,Trippier,6,NEW,5.0,2,1,0.04,0.03,0,0,0,2.7,0,0
,Traoré (Adama),6,FUL,5.2,0,1,0.01,0.04,0,0,0,0.2,0,0
,Amad Diallo,6,MUN,6.3,0,0,0.02,0.0,0,0,0,1.3,0,0
,Torres,6,AVL,4.3,0,0,0.02,0.0,0,1,0,0.3,0,0
,Tonali,6,NEW,5.4,1,0,0.02,0.0,0,1,0,1.3,0,0
,Lucas Paquetá,6,WHU,5.9,0,1,0.07,0.03,0,2,0,2.5,0,0
,Todibo,6,WHU,4.3,0,2,0.01,0.1,0,0,2,0.1,0,0
,Jurriën Timber,6,ARS,6.1,0,2,0.12,0.21,1,7,0,25.1,0,0
,Tielemans,6,AVL,5.9,0,1,0.16,0.03,0,1,0,0.6,0,0
,Tete,6,FUL,4.5,0,1,0.01,0.02,0,0,2,0.2,0,0
,Diogo Jota,6,LIV,7.2,0,0,0.15,0.0,0,1,0,2.6,0,0
,Taylor (Charlie),6,SOU,3.9,0,0,0.07,0.0,0,1,2,3.0,0,0
,Taylor (Jack),6,IPS,4.8,0,1,0.03,0.03,0,0,0,0.0,0,0
,Tavernier,6,BOU,5.5,3,1,0.11,0.03,1,2,0,1.6,0,0
,Tarkowski,6,EVE,5.5,0,1,0.01,0.26,0,0,2,6.3,0,0
,Szoboszlai,6,LIV,6.5,0,1,0.01,0.75,0,0,0,4.2,0,0
,Szmodics,6,IPS,5.7,0,0,0.02,0.0,0,0,0,0.1,0,0
,Summerville,6,WHU,5.5,0,1,0.0,0.05,0,0,0,0.1,0,0
,Sugawara,6,SOU,4.2,1,0,0.03,0.0,0,1,0,0.1,0,0
,Strand Larsen,6,WOL,6.4,0,1,0.03,0.04,0,1,0,1.3,0,0
,Stewart,6,SOU,4.4,0,1,0.01,0.07,0,0,0,1.7,0,0
,Sterling,6,ARS,6.7,0,0,0.03,0.0,0,0,0,0.8,0,0
,Spence,6,TOT,4.5,0,0,0.01,0.0,0,0,0,1.6,0,0
,Soucek,6,WHU,5.7,0,1,0.08,0.22,0,4,2,0.2,0,0
,Sosa,6,NFO,5.5,0,0,0.01,0.0,0,0,0,0.1,0,0
,Soler (Carlos),6,WHU,5.0,0,1,0.04,0.06,0,1,0,0.0,0,0
,Solanke,6,TOT,7.2,0,4,0.01,1.33,0,1,0,0.9,0,0
,Smith-Rowe,6,FUL,5.6,0,2,0.05,0.15,0,3,0,0.4,0,0
,Smith,6,BOU,4.4,0,0,0.01,0.0,0,0,0,0.2,0,0
,Skipp,6,LEI,4.7,0,0,0.0,0.0,0,0,0,0.0,0,0
,Sinisterra,6,BOU,5.0,0,1,0.0,0.09,0,0,0,0.0,0,0
,Senesi,6,BOU,5.0,0,0,0.16,0.0,0,0,2,26.2,0,0
,Semenyo,6,BOU,8.1,0,4,0.1,0.2,0,2,0,64.4,0,1
,Semedo,6,WOL,4.5,0,1,0.01,0.01,0,1,0,0.6,0,0
,Sels,6,NFO,4.8,0,0,0.04,0.0,0,0,0,8.3,1,0
,Scott,6,BOU,5.0,0,0,0.0,0.0,0,0,0,0.3,0,0
,Schär,6,NEW,5.4,0,1,0.04,0.08,0,0,0,1.9,0,0
,Schlupp,6,CRY,4.6,0,1,0.01,0.05,0,0,0,0.0,0,0
,Schade,6,BRE,7.0,0,0,0.02,0.0,0,0,0,0.7,0,0
,Ismaila Sarr,6,CRY,6.6,0,0,0.0,0.0,0,0,0,11.6,0,0
,Sarr (Pape),6,TOT,4.9,0,2,0.0,0.47,1,1,0,1.7,0,0
,Diego Carlos,6,AVL,4.5,0,0,0.01,0.0,0,0,0,0.3,0,0
,Matheus Cunha,6,WOL,7.9,2,2,0.01,0.05,0,1,0,4.4,0,0
,Murillo,6,NFO,5.3,0,0,0.15,0.0,0,1,0,2.0,0,0
,Ederson,6,MCI,5.3,0,0,0.0,0.0,0,0,0,0.9,3,0
,Sancho,6,MUN,5.8,0,1,0.22,0.08,0,1,0,0.2,0,0
,Sanchez,6,CHE,4.8,0,0,0.0,0.0,0,0,0,13.5,4,0
,Saliba,6,ARS,6.0,0,0,0.01,0.0,0,0,0,11.6,0,0
,Salah,6,LIV,14.2,0,3,0.05,1.32,0,2,0,24.9,0,0
,Saka,6,ARS,10.1,8,7,0.79,0.29,0,8,0,17.2,0,0
,Rutter,6,BHA,5.7,0,3,0.26,0.14,0,1,0,0.5,0,0
,Romero,6,TOT,5.0,0,1,0.02,0.08,0,0,0,4.2,0,0
,Rogers,6,AVL,6.8,0,2,0.14,0.24,0,0,0,4.8,0,0
,Rodríguez,6,WHU,4.8,0,1,0.02,0.01,0,1,2,0.0,0,0
,Robinson (Antonee),6,FUL,4.9,0,2,0.02,0.04,0,0,0,0.5,0,0
,Robertson,6,LIV,5.8,8,0,0.56,0.0,0,1,0,0.9,0,0
,Rice,6,ARS,6.8,9,3,0.22,0.06,0,2,2,16.4,0,0
,Reed,6,FUL,4.4,1,0,0.0,0.0,0,0,0,0.2,0,0
,Raya Martin,6,ARS,5.8,0,0,0.0,0.0,0,0,0,31.3,1,0
,Rashford,6,AVL,7.0,0,0,0.05,0.0,0,1,0,0.0,0,0
,Ramsey (Jacob),6,AVL,5.3,0,1,0.04,0.05,0,1,0,0.2,0,0
,Alisson,6,LIV,5.4,0,0,0.0,0.0,0,0,0,5.8,2,0
,Ramsdale,6,SOU,4.8,0,0,0.0,0.0,0,0,0,0.6,3,0
,Porro,6,TOT,5.5,0,1,0.09,0.12,0,2,0,18.4,0,0
,Pope,6,NEW,5.2,0,0,0.0,0.0,0,0,0,12.2,5,0
,Pinnock,6,BRE,4.3,0,0,0.02,0.0,0,0,0,0.1,0,0
,Pickford,6,EVE,5.5,0,0,0.01,0.0,0,0,0,9.7,3,0
,Philogene-Bidace,6,IPS,5.3,0,0,0.01,0.0,0,0,0,0.1,0,0
,Phillips (Kalvin),6,IPS,4.8,1,1,0.02,0.02,0,0,0,0.1,0,0
,Pereira,6,FUL,5.3,3,1,0.06,0.05,0,1,0,0.1,0,0
,Partey,6,ARS,4.9,0,0,0.09,0.0,0,1,0,0.7,0,0
,Emerson,6,WHU,4.4,1,1,0.01,0.02,0,0,0,0.1,0,0
,Palmer (Cole),6,CHE,10.3,5,7,0.62,2.41,0,4,0,9.2,0,0
,Dango Ouattara,6,BOU,6.0,0,1,0.02,0.42,0,0,0,0.5,0,0
,Onana,6,MUN,4.9,0,0,0.0,0.0,0,0,0,0.2,7,0
,Okoli,6,LEI,4.0,0,0,0.0,0.0,0,0,2,0.4,0,0
,Ogbene,6,IPS,4.8,0,0,0.03,0.0,0,1,0,0.0,0,0
,O'Shea,6,IPS,3.8,0,1,0.0,0.04,0,0,0,1.2,0,0
,Nwaneri,6,ARS,5.2,0,1,0.16,0.02,0,1,0,0.1,0,0
,Nkunku,6,CHE,5.9,0,0,0.01,0.0,0,1,0,0.1,0,0
,Eddie Nketiah,6,CRY,5.4,0,2,0.01,0.09,0,0,0,0.4,0,0
,Neto,6,CHE,7.1,0,1,0.09,0.07,0,1,0,5.9,0,0
,Nelson (Reiss),6,FUL,4.8,0,1,0.01,0.02,0,0,0,0.1,0,0
,Ndidi,6,LEI,4.9,0,0,0.02,0.0,0,1,2,0.2,0,0
,Ndiaye,6,EVE,6.5,1,0,0.05,0.0,0,1,2,11.1,0,0
,Mykolenko,6,EVE,4.9,0,1,0.11,0.02,0,1,0,0.4,0,0
,Mvom Onana,6,AVL,4.8,0,0,0.02,0.0,0,0,2,0.6,0,0
,Muñoz,6,CRY,5.7,0,2,0.07,0.18,0,1,0,15.3,0,0
,Murphy (Jacob),6,NEW,6.1,0,0,0.07,0.0,0,2,0,1.1,0,0
,Muric,6,IPS,4.4,0,0,0.0,0.0,0,0,0,0.4,1,0
,Rodrigo Muniz,6,FUL,5.4,0,0,0.0,0.0,0,0,0,1.0,0,0
,Mudryk,6,CHE,5.0,0,0,0.0,0.0,0,0,0,0.0,0,0
,Mount,6,MUN,5.9,2,0,0.01,0.0,0,2,0,0.3,0,0
,Morsy,6,IPS,4.8,0,2,0.02,0.07,0,1,2,0.1,0,0
,Álex Moreno,6,NFO,4.0,0,1,0.01,0.05,0,0,0,2.4,0,0
,Savinho,6,MCI,6.9,1,0,0.17,0.0,0,1,0,0.5,0,0
,Moore (Mikey),6,TOT,5.0,0,1,0.0,0.04,0,0,0,0.0,0,0
,Mitoma,6,BHA,6.2,0,2,0.13,0.03,0,2,0,2.3,0,0
,Mitchell,6,CRY,5.0,0,0,0.01,0.0,0,0,2,2.2,0,0
,Minteh,6,BHA,6.0,0,1,0.02,0.08,0,0,0,4.4,0,0
,Milenkovic,6,NFO,5.2,0,1,0.0,0.14,0,0,0,4.0,0,0
,McNeil,6,EVE,5.6,1,3,0.21,0.25,0,1,0,0.1,0,1
,Mbeumo,6,BRE,8.3,3,4,0.41,0.25,0,1,0,28.5,0,1
,Mazraoui,6,MUN,4.9,0,0,0.01,0.0,0,0,0,0.2,0,0
,Mavropanos,6,WHU,4.4,0,1,0.27,0.01,0,0,0,0.1,0,0
,Mavididi,6,LEI,5.0,0,0,0.06,0.0,0,1,0,0.3,0,0
,Mateta,6,CRY,7.9,0,1,0.01,0.02,0,1,0,23.0,0,0
,Martínez,6,MUN,4.8,0,4,0.03,0.24,0,1,2,0.1,0,0
,Martinez,6,AVL,5.0,0,0,0.0,0.0,0,0,0,2.0,3,0
,Martinelli,6,ARS,6.9,0,4,0.55,0.39,1,2,0,1.0,0,0
,Mangala,6,EVE,5.0,0,0,0.01,0.0,0,0,2,0.0,0,0
,Mainoo,6,MUN,4.8,0,0,0.1,0.0,0,1,0,0.5,0,0
,Madueke,6,CHE,6.8,0,1,0.0,0.23,0,0,0,0.6,0,0
,Maddison,6,TOT,6.9,1,3,0.08,0.45,0,1,0,0.1,0,0
,Mac Allister,6,LIV,6.3,0,0,0.2,0.0,0,1,0,1.2,0,0
,Maatsen,6,AVL,4.3,0,0,0.0,0.0,0,0,0,0.4,0,0
,Luongo,6,IPS,4.3,0,0,0.0,0.0,0,0,0,0.2,0,0
,Lukic,6,FUL,5.0,0,0,0.02,0.0,0,1,0,0.1,0,0
,Longstaff (Sean),6,NEW,4.9,0,1,0.0,0.21,0,0,0,1.1,0,0
,Livramento,6,NEW,4.9,0,0,0.0,0.0,0,0,0,3.1,0,0
,Lindstrom,6,EVE,5.0,3,0,0.41,0.0,0,2,0,0.1,0,0
,Lewis-Potter,6,BRE,4.9,0,1,0.08,0.01,0,0,0,0.3,0,0
,Lewis (Rico),6,MCI,4.9,0,0,0.02,0.0,0,0,0,1.7,0,0
,Lerma,6,CRY,4.9,0,1,0.03,0.02,0,1,2,0.1,0,0
,Leno,6,FUL,5.0,0,0,0.0,0.0,0,0,0,1.6,1,0
,Lemina (Mario),6,WOL,4.8,0,1,0.06,0.01,0,0,2,0.1,0,0
,Lavia,6,CHE,4.9,0,0,0.0,0.0,0,0,0,0.0,0,0
,Lallana,6,SOU,5.0,0,1,0.08,0.07,0,0,0,0.0,0,0
,Lacroix,6,CRY,5.0,0,1,0.15,0.16,1,1,2,3.7,0,0
,Kulusevski,6,TOT,6.4,1,2,0.39,0.43,0,9,0,0.0,0,0
,Kudus,6,WHU,6.7,0,3,0.02,0.11,0,0,0,30.1,0,0
,Kristiansen,6,LEI,4.4,0,0,0.0,0.0,0,0,2,0.1,0,0
,Kovacic,6,MCI,5.9,0,2,0.09,0.05,0,1,0,0.0,0,0
,Konsa Ngoyo,6,AVL,4.4,0,0,0.02,0.0,0,0,0,8.6,0,0
,Konaté,6,LIV,5.4,0,2,0.01,0.17,0,0,0,2.7,0,0
,Konak,6,BRE,4.4,0,0,0.0,0.0,0,0,0,0.2,0,0
,Kluivert,6,BOU,7.0,0,1,0.03,0.08,0,1,0,1.0,0,0
,Kilman,6,WHU,4.3,0,0,0.02,0.0,0,1,0,0.2,0,0
,Kerkez,6,BOU,5.7,0,1,0.01,0.02,0,0,0,3.6,0,0
,Kamada,6,CRY,5.0,1,0,0.07,0.0,0,1,0,0.2,0,0
,Kadioglu,6,BHA,4.4,0,0,0.04,0.0,0,1,0,0.2,0,0
,Justin,6,LEI,4.0,0,3,0.0,0.15,0,0,2,0.2,0,0
,Jones,6,LIV,5.4,0,1,0.01,0.09,0,0,0,0.1,0,0
,Johnstone,6,WOL,4.5,0,0,0.0,0.0,0,0,0,0.2,4,0
,Johnson (Brennan),6,TOT,6.7,0,3,0.15,0.97,0,1,0,3.1,0,0
,Raúl Jiménez,6,FUL,6.2,0,3,0.03,0.91,0,0,0,0.8,0,0
,Janelt,6,BRE,4.9,0,0,0.03,0.0,0,0,0,0.0,0,0
,Jackson (Nicolas),6,CHE,6.5,0,5,0.06,1.37,1,1,0,0.1,0,0
,Iwobi,6,FUL,6.5,1,1,0.14,0.03,0,2,0,1.7,0,0
,Irving,6,WHU,4.4,0,0,0.0,0.0,0,0,0,0.3,0,0
,Ings,6,WHU,4.8,0,0,0.0,0.0,0,0,0,1.2,0,0
,Højlund,6,MUN,6.3,0,0,0.01,0.0,0,0,0,0.3,0,0
,Hwang Hee-Chan,6,WOL,5.8,0,0,0.0,0.0,0,0,0,0.1,0,0
,Hutchinson,6,IPS,5.4,0,1,0.02,0.02,1,1,0,0.0,0,0
,Hughes,6,CRY,4.8,2,0,0.0,0.0,0,0,0,0.1,0,0
,Hudson-Odoi,6,NFO,5.8,2,1,0.1,0.15,0,1,0,0.8,0,0
,Hirst,6,IPS,5.4,0,0,0.0,0.0,0,0,0,0.1,0,0
,Hinshelwood,6,BHA,5.1,0,0,0.02,0.0,0,1,0,0.0,0,0
,Hermansen,6,LEI,4.4,0,0,0.0,0.0,0,0,0,0.2,13,0
,Henderson,6,CRY,5.0,0,1,0.0,0.01,0,0,0,7.6,1,0
,Havertz,6,ARS,7.3,0,7,0.04,1.89,0,0,0,0.3,0,0
,Harwood-Bellis,6,SOU,3.9,0,2,0.02,0.18,0,0,0,4.1,0,0
,Harrison (Jack),6,EVE,5.2,0,0,0.0,0.0,0,0,0,0.1,0,0
,Lewis Hall,6,NEW,5.2,2,0,0.11,0.0,0,1,0,0.8,0,0
,Haaland,6,MCI,14.8,0,5,0.1,0.45,0,1,0,69.6,0,0
,Gvardiol,6,MCI,5.9,0,1,0.02,0.08,0,1,0,5.4,0,1
,Gusto,6,CHE,4.9,0,0,0.0,0.0,0,0,2,1.0,0,0
,Gundogan,6,MCI,6.3,4,2,0.25,0.11,0,2,0,0.1,0,0
,Bruno Guimarães,6,NEW,6.6,0,0,0.26,0.0,0,1,0,3.7,0,0
,Gueye,6,EVE,5.4,0,1,0.03,0.02,0,0,0,0.1,0,0
,Marc Guehi,6,CRY,5.0,0,1,0.1,0.18,0,2,2,34.1,0,0
,Greaves,6,IPS,3.8,0,0,0.0,0.0,0,0,0,2.3,0,0
,Grealish,6,MCI,6.9,0,1,0.32,0.02,1,5,0,17.6,0,0
,Gravenberch,6,LIV,5.6,0,0,0.04,0.0,0,0,0,4.0,0,0
,Gordon (Anthony),6,NEW,7.5,0,1,0.1,0.79,0,2,0,3.1,0,0
,Gomez,6,LIV,4.9,0,0,0.0,0.0,0,0,0,0.1,0,0
,João Gomes,6,WOL,5.4,0,0,0.01,0.0,0,0,2,0.1,0,0
,Toti,6,WOL,4.3,0,0,0.01,0.0,0,0,0,0.1,0,0
,Rúben Dias,6,MCI,5.5,0,0,0.04,0.0,0,0,0,4.5,0,0
,Garner,6,EVE,5.0,0,0,0.0,0.0,0,0,0,0.9,0,0
,Garnacho,6,MUN,6.4,1,3,0.07,0.14,0,1,0,0.4,0,0
,Gakpo,6,LIV,7.6,0,0,0.01,0.0,0,0,0,14.1,0,0
,Fraser (Ryan),6,SOU,4.8,0,1,0.0,0.03,0,0,0,0.0,0,0
,Casemiro,6,MUN,5.5,0,2,0.07,0.17,0,2,0,0.6,0,0
,Fofana (Wesley),6,CHE,4.4,0,0,0.0,0.0,0,0,0,0.2,0,0
,Foden,6,MCI,8.0,1,1,0.12,0.06,0,1,0,4.3,0,0
,Flekken,6,BRE,4.5,0,0,0.0,0.0,0,0,0,10.0,2,0
,Jota Silva,6,NFO,5.4,0,2,0.04,0.14,0,0,0,0.0,0,0
,Fernández,6,CHE,6.7,3,0,0.16,0.0,0,1,0,14.3,0,0
,Ferguson,6,WHU,5.5,0,0,0.0,0.0,0,0,0,0.0,0,0
,Fatawu,6,LEI,5.1,0,0,0.0,0.0,0,0,0,0.2,0,0
,Faes,6,LEI,3.8,0,0,0.0,0.0,0,0,2,5.2,0,0
,Eze,6,CRY,7.6,0,5,0.09,0.21,0,2,2,14.2,0,0
,Estupiñán,6,BHA,4.5,2,0,0.03,0.0,0,0,0,0.0,0,0
,Mateus Fernandes,6,SOU,5.5,0,0,0.0,0.0,0,1,0,0.0,0,0
,Eriksen,6,MUN,5.2,2,0,0.03,0.0,0,1,0,0.2,0,0
,Enciso,6,IPS,5.4,0,2,0.01,0.08,0,0,0,0.0,0,0
,Elanga,6,NFO,6.7,0,1,0.01,0.07,0,0,0,3.7,0,0
,El Khannouss,6,LEI,4.8,0,0,0.0,0.0,0,0,0,0.2,0,0
,Edouard,6,LEI,5.0,0,0,0.0,0.0,0,0,0,0.3,0,0
,Díaz,6,LIV,8.0,0,1,0.05,0.12,0,1,0,0.0,0,0
,Durán,6,AVL,5.7,0,0,0.0,0.0,0,1,0,1.6,0,0
,Dunk,6,BHA,4.5,0,0,0.01,0.0,0,0,0,1.2,0,0
,Dragusin,6,TOT,4.5,0,0,0.0,0.0,0,0,0,0.0,0,0
,Doyle (Tommy),6,WOL,4.7,0,0,0.01,0.0,0,0,0,0.0,0,0
,Downes,6,SOU,4.7,0,0,0.14,0.0,0,2,0,0.0,0,0
,Doucouré,6,EVE,5.1,0,0,0.02,0.0,0,1,0,0.5,0,0
,Nicolás Domínguez,6,NFO,5.0,0,1,0.0,0.03,0,0,0,0.0,0,0
,Doku,6,MCI,6.5,0,0,0.01,0.0,0,0,0,5.0,0,0
,Diop,6,FUL,4.4,0,0,0.0,0.0,0,0,0,0.1,0,0
,Digne,6,AVL,4.5,0,0,0.02,0.0,0,0,0,1.6,0,0
,Dibling,6,SOU,5.4,1,1,0.16,0.02,0,1,0,0.0,0,0
,Delap,6,IPS,6.2,0,3,0.0,0.57,0,0,0,0.9,0,1
,DeCordova-Reid,6,LEI,5.2,0,0,0.0,0.0,0,0,0,0.1,0,0
,Davis,6,IPS,4.2,7,1,0.48,0.04,0,7,0,0.9,0,0
,Damsgaard,6,BRE,5.8,0,0,0.07,0.0,0,1,2,0.6,0,0
,Dalot,6,MUN,4.4,0,0,0.02,0.0,0,0,0,1.0,0,0
,Cucurella,6,CHE,6.1,0,0,0.38,0.0,0,1,0,21.8,0,0
,Cornet,6,SOU,4.9,2,1,0.0,0.16,0,0,0,0.0,0,0
,Cook,6,BOU,4.9,3,1,0.21,0.1,0,4,2,0.0,0,0
,Colwill,6,CHE,4.8,0,0,0.0,0.0,0,0,0,0.1,0,0
,Collins,6,BRE,4.9,0,0,0.05,0.0,0,0,0,1.1,0,0
,Clarke (Jack),6,IPS,5.4,2,2,0.13,0.14,0,3,0,0.0,0,0
,Christie,6,BOU,5.0,0,2,0.01,0.04,0,1,2,0.1,0,0
,Carvalho,6,BRE,4.9,4,1,0.06,0.02,0,1,0,0.2,0,0
,Calvert-Lewin,6,EVE,5.5,0,2,0.01,0.34,0,0,0,1.4,0,0
,Calafiori,6,ARS,5.8,0,3,0.28,0.48,0,2,0,16.0,0,0
,Moises Caicedo,6,CHE,6.0,0,0,0.1,0.0,0,2,2,19.8,0,0
,Burns,6,IPS,4.7,0,1,0.0,0.16,0,0,0,0.0,0,0
,Burn,6,NEW,5.2,0,1,0.03,0.04,0,1,0,10.7,0,0
,Buonanotte,6,LEI,4.7,0,2,0.06,0.18,0,1,0,0.1,0,0
,Bueno (Santiago),6,WOL,4.4,0,0,0.0,0.0,0,0,0,0.1,0,0
,Buendía,6,AVL,5.3,0,1,0.0,0.09,0,0,0,0.2,0,0
,Brereton,6,SOU,4.8,0,1,0.01,0.03,0,0,0,0.1,0,0
,Branthwaite,6,EVE,5.3,0,0,0.0,0.0,0,0,2,0.2,0,0
,Bowen,6,WHU,7.7,5,3,0.25,0.08,0,3,2,7.6,0,0
,Bruno Fernandes,6,MUN,8.9,0,0,0.02,0.0,0,0,0,16.3,0,0
,Carlos Borges,6,WOL,5.4,0,1,0.01,0.11,0,0,0,0.0,0,0
,Bergvall,6,TOT,5.4,1,1,0.1,0.02,0,0,0,0.4,0,0
,Berge,6,FUL,4.9,0,0,0.0,0.0,0,0,0,0.1,0,0
,Bentancur,6,TOT,5.3,0,0,0.04,0.0,0,2,0,0.4,0,0
,Bellegarde,6,WOL,5.2,0,1,0.07,0.04,0,1,0,0.0,0,0
,Bednarek,6,SOU,4.0,0,0,0.01,0.0,0,0,2,1.9,0,0
,Bassey,6,FUL,4.5,0,1,0.01,0.01,0,0,0,0.6,0,0
,Barnes,6,NEW,6.3,0,4,0.02,0.25,0,0,0,0.4,0,0
,Barkley,6,AVL,4.8,0,1,0.0,0.02,0,0,0,0.0,0,0
,Baleba,6,BHA,4.7,0,3,0.04,0.34,1,1,2,2.1,0,1
,Bailey,6,AVL,5.5,0,0,0.45,0.0,1,1,0,0.1,0,0
,Ayew,6,LEI,5.1,0,0,0.0,0.0,0,0,0,0.2,0,0
,Ayari,6,BHA,4.9,0,1,0.01,0.02,0,0,0,0.3,0,0
,Awoniyi,6,NFO,5.2,0,1,0.01,0.16,0,0,0,0.4,0,0
,Kepa,6,BOU,4.2,0,0,0.0,0.0,0,0,0,0.5,2,0
,Aribo,6,SOU,4.9,0,1,0.02,0.02,0,0,0,0.1,0,0
,Areola,6,WHU,4.3,0,0,0.0,0.0,0,0,0,2.1,2,0
,Archer,6,SOU,4.8,0,0,0.01,0.0,0,0,0,1.1,0,0
,Joelinton,6,NEW,5.9,0,2,0.02,0.19,0,1,2,0.3,0,0
,Antonio,6,WHU,5.2,0,3,0.09,0.28,1,1,0,0.8,0,0
,Anderson,6,NFO,5.3,0,1,0.04,0.03,0,1,0,3.0,0,0
,Andersen,6,FUL,4.5,0,1,0.02,0.06,0,0,2,2.8,0,0
,Alexander-Arnold,6,LIV,7.2,2,2,0.1,0.09,0,1,0,16.7,0,0
,Akanji,6,MCI,5.4,0,2,0.1,0.06,0,0,0,0.3,0,0
,Ajer,6,BRE,4.4,0,0,0.02,0.0,0,0,0,0.2,0,0
,Ait Nouri,6,WOL,5.8,0,1,0.02,0.38,0,2,0,4.9,0,0
,Aina,6,NFO,4.7,0,0,0.31,0.0,0,1,0,2.5,0,0
,Álvarez (Edson),7,WHU,4.9,0,0,0.0,0.0,0,1,0,0.1,0,0
,van den Berg,7,BRE,4.5,0,2,0.02,0.19,0,1,0,0.6,0,0
,van de Ven,7,TOT,4.7,0,0,0.01,0.0,0,0,0,32.6,0,0
,van Dijk,7,LIV,6.0,0,1,0.09,0.03,0,1,0,23.6,0,0
,Igor Julio,7,BHA,4.5,0,0,0.01,0.0,0,0,0,0.1,0,0
,Gabriel Magalhães,7,ARS,6.6,0,3,0.04,0.2,0,0,0,40.9,0,0
,Antony,7,MUN,5.9,0,2,0.0,0.15,0,0,0,0.1,0,0
,Evanilson,7,BOU,7.0,0,3,0.16,0.12,0,1,0,1.4,0,0
,de Ligt,7,MUN,5.0,0,0,0.0,0.0,0,0,0,3.0,0,0
,Jesus,7,ARS,6.4,0,3,0.06,0.38,0,3,0,0.0,0,0
,André,7,WOL,5.4,0,1,0.01,0.01,0,2,0,0.1,0,0
,Zirkzee,7,MUN,5.8,0,0,0.0,0.0,0,0,0,0.4,0,0
,Zabarnyi,7,BOU,5.0,0,1,0.01,0.11,0,0,0,0.0,0,0
,Young (Ashley),7,EVE,4.2,0,0,0.0,0.0,0,1,0,1.4,0,0
,Yates,7,NFO,4.7,1,3,0.0,0.19,0,0,0,0.1,0,0
,Yarmolyuk,7,BRE,5.0,0,0,0.01,0.0,0,0,0,0.1,0,0
,Wood (Chris),7,NFO,7.2,0,1,0.0,0.16,0,0,0,6.5,0,0
,Willock,7,NEW,5.0,0,0,0.01,0.0,0,0,0,0.1,0,0
,Williams (Neco),7,NFO,4.7,0,2,0.0,0.16,0,0,0,3.5,0,0
,Wieffer,7,BHA,4.9,0,0,0.0,0.0,0,0,0,0.1,0,0
,Wharton,7,CRY,5.0,0,0,0.02,0.0,0,0,0,0.5,0,0
,Werner,7,TOT,6.2,0,2,0.09,0.12,0,1,0,0.1,0,0
,Welbeck,7,BHA,6.5,0,3,0.02,1.11,0,2,0,7.9,0,0
,Webster,7,BHA,4.4,0,0,0.0,0.0,0,0,0,0.0,0,0
,Watkins,7,AVL,8.5,0,2,0.06,0.06,0,1,0,6.6,0,0
,Ward-Prowse,7,WHU,5.7,1,1,0.03,0.04,0,1,0,0.2,0,0
,Wan-Bissaka,7,WHU,4.3,0,1,0.09,0.02,0,1,0,5.8,0,0
,Walker-Peters,7,SOU,4.3,0,1,0.01,0.02,0,0,0,0.3,0,0
,Walker,7,MCI,4.4,0,0,0.0,0.0,0,0,0,1.6,0,0
,Vicario,7,TOT,5.1,0,0,0.0,0.0,0,0,0,10.1,1,0
,Verbruggen,7,BHA,4.4,0,0,0.0,0.0,0,0,0,4.1,1,0
,Veltman,7,BHA,4.3,0,0,0.01,0.0,0,0,0,0.1,0,0
,Bernardo Silva,7,MCI,6.3,0,2,0.32,0.2,0,6,0,0.5,0,0
,Vardy,7,LEI,5.4,0,2,0.0,0.46,0,0,0,5.2,0,0
,Unal,7,BOU,5.4,0,2,0.01,0.44,0,0,0,0.0,0,0
,Destiny Udogie,7,TOT,4.4,0,1,0.01,0.11,0,1,0,0.4,0,0
,Tsimikas,7,LIV,4.8,4,1,0.07,0.03,0,0,0,0.1,0,0
,Trossard,7,ARS,6.9,0,0,0.07,0.0,0,4,0,0.5,0,0
,Trippier,7,NEW,5.0,5,0,0.12,0.0,0,2,0,2.7,0,0
,Traoré (Adama),7,FUL,5.2,0,3,0.02,1.29,0,1,0,0.2,0,0
,Torres,7,AVL,4.3,0,0,0.01,0.0,0,0,0,0.3,0,0
,Tonali,7,NEW,5.4,0,2,0.04,0.23,0,0,0,1.3,0,0
,Tomiyasu,7,ARS,4.8,0,1,0.0,0.18,0,0,0,0.0,0,0
,Lucas Paquetá,7,WHU,5.9,0,3,0.25,0.99,0,3,0,2.5,0,0
,Todibo,7,WHU,4.3,0,0,0.0,0.0,0,0,0,0.1,0,0
,Tielemans,7,AVL,5.9,2,2,0.06,0.09,0,1,0,0.6,0,0
,Tete,7,FUL,4.5,0,0,0.01,0.0,0,0,0,0.2,0,0
,Diogo Jota,7,LIV,7.2,0,3,0.06,0.81,0,0,0,2.6,0,0
,Taylor (Charlie),7,SOU,3.9,0,0,0.0,0.0,0,0,0,3.0,0,0
,Taylor (Jack),7,IPS,4.8,0,1,0.0,0.04,0,0,0,0.0,0,0
,Tavernier,7,BOU,5.5,5,2,0.06,0.14,0,2,0,1.6,0,0
,Tarkowski,7,EVE,5.5,0,0,0.01,0.0,0,0,2,6.3,0,0
,Szoboszlai,7,LIV,6.5,0,2,0.06,0.04,0,1,0,4.2,0,0
,Szmodics,7,IPS,5.7,0,1,0.0,0.09,0,0,0,0.1,0,0
,Summerville,7,WHU,5.5,0,0,0.0,0.0,0,0,0,0.1,0,0
,Sugawara,7,SOU,4.2,1,0,0.14,0.0,0,1,0,0.1,0,0
,Strand Larsen,7,WOL,6.4,0,1,0.0,0.16,0,0,0,1.3,0,0
,Stones,7,MCI,5.5,0,0,0.0,0.0,0,0,0,0.7,0,0
,Stewart,7,SOU,4.4,0,0,0.0,0.0,0,0,0,1.7,0,0
,Sterling,7,ARS,6.7,0,2,0.02,0.33,0,1,0,0.8,0,0
,Soumaré,7,LEI,4.4,0,0,0.0,0.0,0,0,0,0.3,0,0
,Soucek,7,WHU,5.7,0,3,0.01,0.38,0,1,0,0.2,0,0
,Soler (Carlos),7,WHU,5.0,0,1,0.0,0.04,0,0,0,0.0,0,0
,Solanke,7,TOT,7.2,0,0,0.28,0.0,1,1,0,0.9,0,0
,Smith-Rowe,7,FUL,5.6,0,0,0.01,0.0,0,0,0,0.4,0,0
,Smith,7,BOU,4.4,0,0,0.0,0.0,0,0,0,0.2,0,0
,Skipp,7,LEI,4.7,0,0,0.0,0.0,0,1,0,0.0,0,0
,Sinisterra,7,BOU,5.0,0,1,0.59,0.03,0,3,0,0.0,0,0
,João Félix,7,CHE,5.9,0,2,0.02,0.21,0,1,0,0.4,0,0
,Senesi,7,BOU,5.0,0,1,0.02,0.12,0,1,2,26.2,0,0
,Semenyo,7,BOU,8.1,0,3,0.04,0.26,0,1,0,64.4,0,0
,Semedo,7,WOL,4.5,0,1,0.12,0.04,0,1,0,0.6,0,0
,Sels,7,NFO,4.8,0,0,0.0,0.0,0,0,0,8.3,7,0
,Scott,7,BOU,5.0,0,0,0.04,0.0,0,2,0,0.3,0,0
,Schär,7,NEW,5.4,0,0,0.01,0.0,0,0,0,1.9,0,0
,Schade,7,BRE,7.0,0,2,0.0,0.54,0,0,0,0.7,0,0
,Ismaila Sarr,7,CRY,6.6,0,1,0.0,0.08,0,0,0,11.6,0,0
,Sarr (Pape),7,TOT,4.9,0,0,0.0,0.0,0,0,0,1.7,0,0
,Diego Carlos,7,AVL,4.5,0,0,0.01,0.0,0,0,0,0.3,0,0
,Matheus Cunha,7,WOL,7.9,3,5,0.27,0.44,0,1,0,4.4,0,0
,Murillo,7,NFO,5.3,0,2,0.0,0.05,0,1,0,2.0,0,0
,Ederson,7,MCI,5.3,0,0,0.0,0.0,0,0,0,0.9,2,0
,Sancho,7,MUN,5.8,0,0,0.31,0.0,0,3,0,0.2,0,0
,Sanchez,7,CHE,4.8,0,0,0.0,0.0,0,0,0,13.5,8,0
,Saliba,7,ARS,6.0,0,0,0.03,0.0,0,0,0,11.6,0,0
,Salah,7,LIV,14.2,0,2,0.02,0.21,0,0,0,24.9,0,0
,Saka,7,ARS,10.1,6,7,0.93,0.31,2,7,0,17.2,0,0
,Rutter,7,BHA,5.7,0,2,0.01,0.22,0,0,0,0.5,0,1
,Romero,7,TOT,5.0,0,2,0.04,0.16,0,1,0,4.2,0,0
,Rogers,7,AVL,6.8,0,2,0.02,0.14,0,1,0,4.8,0,0
,Roerslev,7,BRE,4.5,0,0,0.0,0.0,0,0,0,0.0,0,0
,Rodríguez,7,WHU,4.8,0,0,0.01,0.0,0,0,0,0.0,0,0
,Morato,7,NFO,4.4,0,0,0.0,0.0,0,0,0,0.1,0,0
,Robinson (Antonee),7,FUL,4.9,0,0,0.22,0.0,0,1,0,0.5,0,0
,Robertson,7,LIV,5.8,0,0,0.0,0.0,0,0,0,0.9,0,0
,Rice,7,ARS,6.8,7,2,0.2,0.14,0,4,2,16.4,0,0
,Raya Martin,7,ARS,5.8,0,0,0.0,0.0,0,0,0,31.3,1,0
,Rashford,7,AVL,7.0,0,2,0.01,0.2,0,1,0,0.0,0,0
,Alisson,7,LIV,5.4,0,0,0.0,0.0,0,0,0,5.8,4,0
,Ramsdale,7,SOU,4.8,0,0,0.01,0.0,0,0,0,0.6,3,0
,Porro,7,TOT,5.5,1,1,0.16,0.03,0,1,0,18.4,0,0
,Pope,7,NEW,5.2,0,0,0.0,0.0,0,0,0,12.2,2,0
,Pinnock,7,BRE,4.3,0,3,0.0,0.19,0,0,0,0.1,0,0
,Pickford,7,EVE,5.5,0,0,0.0,0.0,0,0,0,9.7,3,0
,Philogene-Bidace,7,IPS,5.3,0,2,0.03,0.12,0,0,0,0.1,0,0
,Phillips (Kalvin),7,IPS,4.8,2,1,0.02,0.03,0,0,0,0.1,0,0
,Pereira,7,FUL,5.3,2,1,0.32,0.59,0,3,0,0.1,0,0
,Partey,7,ARS,4.9,0,2,0.05,0.11,0,0,0,0.7,0,0
,Emerson,7,WHU,4.4,0,0,0.11,0.0,0,1,2,0.1,0,0
,Palmer (Cole),7,CHE,10.3,5,6,0.1,0.7,0,6,0,9.2,0,0
,Dango Ouattara,7,BOU,6.0,0,2,0.01,0.71,0,1,0,0.5,0,0
,Paul Onuachu,7,SOU,4.9,0,0,0.0,0.0,0,0,0,0.3,0,0
,Onana,7,MUN,4.9,0,0,0.0,0.0,0,0,0,0.2,1,0
,Okoli,7,LEI,4.0,0,0,0.0,0.0,0,0,2,0.4,0,0
,Ogbene,7,IPS,4.8,0,0,0.0,0.0,0,0,0,0.0,0,0
,O'Shea,7,IPS,3.8,0,1,0.0,0.05,0,0,0,1.2,0,0
,Matheus Nunes,7,MCI,5.3,0,0,0.0,0.0,0,0,0,0.8,0,0
,Norgaard,7,BRE,5.2,0,3,0.01,0.39,0,0,0,0.1,0,0
,Nkunku,7,CHE,5.9,1,1,0.01,0.51,0,0,0,0.1,0,0
,Eddie Nketiah,7,CRY,5.4,0,1,0.01,0.07,0,0,0,0.4,0,0
,Lindelof,7,MUN,4.5,0,0,0.01,0.0,0,0,0,0.0,0,0
,Neto,7,CHE,7.1,3,0,0.12,0.0,0,1,0,5.9,0,0
,Nelson (Reiss),7,FUL,4.8,0,0,0.17,0.0,1,1,0,0.1,0,0
,Ndidi,7,LEI,4.9,0,0,0.01,0.0,0,0,2,0.2,0,0
,Ndiaye,7,EVE,6.5,0,0,0.06,0.0,0,0,0,11.1,0,0
,Muñoz,7,CRY,5.7,0,0,0.0,0.0,0,0,0,15.3,0,0
,Murphy (Jacob),7,NEW,6.1,0,1,0.12,0.05,0,0,0,1.1,0,0
,Muric,7,IPS,4.4,0,0,0.0,0.0,0,0,0,0.4,8,0
,Rodrigo Muniz,7,FUL,5.4,0,1,0.0,0.22,0,0,0,1.0,0,0
,Mudryk,7,CHE,5.0,0,0,0.19,0.0,0,1,0,0.0,0,0
,Morsy,7,IPS,4.8,0,1,0.04,0.04,0,0,0,0.1,0,0
,Álex Moreno,7,NFO,4.0,0,1,0.08,0.01,0,0,0,2.4,0,0
,Moore (Mikey),7,TOT,5.0,1,0,0.0,0.0,0,0,0,0.0,0,0
,Mitoma,7,BHA,6.2,0,3,0.2,0.11,1,3,0,2.3,0,0
,Mitchell,7,CRY,5.0,0,0,0.0,0.0,0,0,0,2.2,0,0
,Minteh,7,BHA,6.0,2,2,0.02,0.26,0,0,0,4.4,0,0
,Milenkovic,7,NFO,5.2,0,0,0.07,0.0,1,1,0,4.0,0,0
,Merino,7,ARS,5.9,0,0,0.03,0.0,0,1,0,0.5,0,0
,McNeil,7,EVE,5.6,0,2,0.09,0.04,0,2,0,0.1,0,0
,Mbeumo,7,BRE,8.3,4,2,0.29,0.84,0,3,0,28.5,0,0
,Mazraoui,7,MUN,4.9,0,0,0.0,0.0,0,0,0,0.2,0,0
,Mavididi,7,LEI,5.0,0,0,0.13,0.0,0,0,0,0.3,0,0
,Mateta,7,CRY,7.9,0,0,0.07,0.0,0,3,0,23.0,0,0
,Martinez,7,AVL,5.0,0,0,0.0,0.0,0,0,0,2.0,4,0
,Martinelli,7,ARS,6.9,0,1,0.04,0.41,0,0,0,1.0,0,0
,Manning,7,SOU,4.3,0,0,0.0,0.0,0,0,0,0.1,0,0
,Mangala,7,EVE,5.0,0,1,0.0,0.02,0,0,0,0.0,0,0
,Mainoo,7,MUN,4.8,0,1,0.02,0.01,0,1,0,0.5,0,0
,Maguire,7,MUN,4.4,0,0,0.0,0.0,0,0,0,0.8,0,0
,Madueke,7,CHE,6.8,0,7,0.43,0.35,0,3,0,0.6,0,0
,Maddison,7,TOT,6.9,3,3,0.03,0.26,0,0,0,0.1,0,0
,Mac Allister,7,LIV,6.3,0,0,0.04,0.0,0,1,0,1.2,0,0
,Maatsen,7,AVL,4.3,1,0,0.09,0.0,0,1,0,0.4,0,0
,Lukic,7,FUL,5.0,1,0,0.05,0.0,0,0,0,0.1,0,0
,Longstaff (Sean),7,NEW,4.9,0,0,0.01,0.0,0,0,0,1.1,0,0
,Livramento,7,NEW,4.9,0,0,0.01,0.0,0,1,0,3.1,0,0
,Luis Guilherme,7,WHU,4.9,0,0,0.0,0.0,0,0,0,0.0,0,0
,Lewis-Potter,7,BRE,4.9,0,1,0.39,0.25,0,2,0,0.3,0,0
,Lewis (Rico),7,MCI,4.9,0,2,0.04,0.1,0,1,0,1.7,0,0
,Lerma,7,CRY,4.9,0,1,0.02,0.02,0,0,2,0.1,0,0
,Leno,7,FUL,5.0,0,0,0.0,0.0,0,0,0,1.6,4,0
,Lemina (Mario),7,WOL,4.8,0,4,0.02,0.22,0,1,0,0.1,0,0
,Lacroix,7,CRY,5.0,0,0,0.19,0.0,0,1,0,3.7,0,0
,Kulusevski,7,TOT,6.4,2,1,0.16,0.04,0,1,0,0.0,0,0
,Kudus,7,WHU,6.7,0,5,0.06,1.53,0,1,0,30.1,0,0
,Kristiansen,7,LEI,4.4,0,0,0.03,0.0,0,1,0,0.1,0,0
,Kovacic,7,MCI,5.9,0,4,0.07,0.3,0,0,0,0.0,0,0
,Konsa Ngoyo,7,AVL,4.4,0,0,0.0,0.0,0,0,0,8.6,0,0
,Konaté,7,LIV,5.4,0,0,0.01,0.0,0,0,0,2.7,0,0
,Konak,7,BRE,4.4,0,1,0.0,0.15,0,0,0,0.2,0,0
,Kluivert,7,BOU,7.0,0,2,0.03,0.1,0,0,0,1.0,0,0
,Kiwior,7,ARS,5.4,0,0,0.0,0.0,0,0,0,0.1,0,0
,Kilman,7,WHU,4.3,0,0,0.0,0.0,0,0,0,0.2,0,0
,Kerkez,7,BOU,5.7,0,0,0.03,0.0,0,0,0,3.6,0,0
,Keane,7,EVE,4.5,0,0,0.0,0.0,0,0,2,1.1,0,0
,Kamada,7,CRY,5.0,0,0,0.0,0.0,0,0,0,0.2,0,0
,Kadioglu,7,BHA,4.4,0,0,0.11,0.0,0,1,0,0.2,0,0
,Justin,7,LEI,4.0,0,0,0.04,0.0,1,1,0,0.2,0,0
,Jones,7,LIV,5.4,0,1,0.03,0.03,0,2,0,0.1,0,0
,Johnstone,7,WOL,4.5,0,0,0.0,0.0,0,0,0,0.2,7,0
,Johnson (Ben),7,IPS,3.8,0,0,0.02,0.0,0,0,0,1.9,0,0
,Johnson (Brennan),7,TOT,6.7,0,3,0.01,0.62,0,2,0,3.1,0,0
,Raúl Jiménez,7,FUL,6.2,0,5,0.79,0.45,1,3,0,0.8,0,0
,Jaros,7,LIV,4.0,0,0,0.0,0.0,0,0,0,0.1,1,0
,Janelt,7,BRE,4.9,0,2,0.16,0.1,1,2,2,0.0,0,0
,Jackson (Nicolas),7,CHE,6.5,0,1,0.04,0.5,0,0,0,0.1,0,0
,Iwobi,7,FUL,6.5,0,1,0.44,0.05,0,2,0,1.7,0,0
,Iroegbunam,7,EVE,4.9,0,0,0.0,0.0,0,0,0,0.0,0,0
,Højlund,7,MUN,6.3,0,0,0.0,0.0,0,0,0,0.3,0,0
,Hwang Hee-Chan,7,WOL,5.8,0,0,0.01,0.0,0,0,0,0.1,0,0
,Hutchinson,7,IPS,5.4,0,0,0.02,0.0,0,0,0,0.0,0,0
,Hughes,7,CRY,4.8,1,1,0.01,0.02,0,0,0,0.1,0,0
,Hudson-Odoi,7,NFO,5.8,0,0,0.11,0.0,0,3,0,0.8,0,0
,Hirst,7,IPS,5.4,0,0,0.0,0.0,0,0,0,0.1,0,0
,Hinshelwood,7,BHA,5.1,1,1,0.01,0.05,0,1,0,0.0,0,0
,Hermansen,7,LEI,4.4,0,0,0.0,0.0,0,0,0,0.2,2,0
,Henderson,7,CRY,5.0,0,0,0.0,0.0,0,0,0,7.6,3,0
,Havertz,7,ARS,7.3,0,7,0.04,0.77,0,1,0,0.3,0,0
,Harwood-Bellis,7,SOU,3.9,0,1,0.0,0.26,0,1,0,4.1,0,0
,Harrison (Jack),7,EVE,5.2,0,0,0.02,0.0,0,0,0,0.1,0,0
,Lewis Hall,7,NEW,5.2,5,0,0.12,0.0,0,1,0,0.8,0,0
,Haaland,7,MCI,14.8,0,4,0.09,0.25,0,2,0,69.6,0,0
,Gvardiol,7,MCI,5.9,0,2,0.09,0.08,0,0,0,5.4,0,0
,Gusto,7,CHE,4.9,0,3,0.13,0.1,0,0,0,1.0,0,0
,Gundogan,7,MCI,6.3,6,2,0.07,0.46,0,1,0,0.1,0,0
,Bruno Guimarães,7,NEW,6.6,0,2,0.03,0.26,0,0,2,3.7,0,0
,Gueye,7,EVE,5.4,0,2,0.0,0.41,0,0,0,0.1,0,0
,Marc Guehi,7,CRY,5.0,0,0,0.01,0.0,0,0,0,34.1,0,0
,Gruda,7,BHA,5.4,0,0,0.0,0.0,0,0,0,0.1,0,0
,Greaves,7,IPS,3.8,0,1,0.0,0.27,0,0,0,2.3,0,0
,Grealish,7,MCI,6.9,0,0,0.05,0.0,0,1,0,17.6,0,0
,Gravenberch,7,LIV,5.6,0,1,0.36,0.06,0,2,0,4.0,0,0
,Gordon (Anthony),7,NEW,7.5,0,2,0.14,0.97,0,1,0,3.1,0,0
,João Gomes,7,WOL,5.4,0,1,0.03,0.02,0,1,0,0.1,0,0
,Toti,7,WOL,4.3,0,1,0.01,0.01,0,0,0,0.1,0,0
,Gibbs-White,7,NFO,7.3,0,2,0.01,0.08,0,1,0,2.9,0,0
,Rúben Dias,7,MCI,5.5,0,1,0.04,0.05,0,0,0,4.5,0,0
,Garner,7,EVE,5.0,0,1,0.0,0.04,0,0,2,0.9,0,0
,Garnacho,7,MUN,6.4,0,3,0.01,0.07,0,0,0,0.4,0,0
,Gonçalo Guedes,7,WOL,5.5,0,1,0.07,0.04,0,2,0,0.0,0,0
,Gakpo,7,LIV,7.6,1,2,0.24,0.06,1,5,2,14.1,0,0
,Jorginho,7,ARS,4.6,0,1,0.14,0.04,0,1,0,0.2,0,0
,Casemiro,7,MUN,5.5,0,0,0.01,0.0,0,1,0,0.6,0,0
,Fofana (Wesley),7,CHE,4.4,0,0,0.02,0.0,0,0,2,0.2,0,0
,Foden,7,MCI,8.0,2,2,0.44,0.1,0,3,0,4.3,0,0
,Flekken,7,BRE,4.5,0,0,0.0,0.0,0,0,0,10.0,3,0
,Jota Silva,7,NFO,5.4,0,1,0.01,0.06,0,1,0,0.0,0,0
,Fernández,7,CHE,6.7,2,1,0.24,0.06,0,2,0,14.3,0,0
,Fatawu,7,LEI,5.1,0,1,0.0,0.03,0,0,0,0.2,0,0
,Faes,7,LEI,3.8,0,0,0.0,0.0,0,1,2,5.2,0,0
,Eze,7,CRY,7.6,2,2,0.2,0.24,0,2,0,14.2,0,0
,Evans (Jonny),7,MUN,4.4,0,1,0.01,0.1,0,0,0,0.1,0,0
,Estupiñán,7,BHA,4.5,0,0,0.11,0.0,0,0,0,0.0,0,0
,Mateus Fernandes,7,SOU,5.5,0,1,0.0,0.17,0,1,0,0.0,0,0
,Eriksen,7,MUN,5.2,3,0,0.14,0.0,0,2,0,0.2,0,0
,Endo,7,LIV,4.9,0,0,0.01,0.0,0,1,0,0.1,0,0
,Enciso,7,IPS,5.4,1,0,0.02,0.0,0,0,0,0.0,0,0
,Elanga,7,NFO,6.7,1,0,0.01,0.0,0,0,0,3.7,0,0
,Edouard,7,LEI,5.0,0,0,0.0,0.0,0,0,0,0.3,0,0
,Díaz,7,LIV,8.0,0,1,0.01,0.07,0,1,0,0.0,0,0
,Durán,7,AVL,5.7,0,0,0.03,0.0,0,0,0,1.6,0,0
,Dunk,7,BHA,4.5,0,0,0.0,0.0,0,0,0,1.2,0,0
,Downes,7,SOU,4.7,0,1,0.0,0.04,0,1,0,0.0,0,0
,Doucouré,7,EVE,5.1,0,0,0.02,0.0,0,3,0,0.5,0,0
,Nicolás Domínguez,7,NFO,5.0,0,0,0.0,0.0,0,0,0,0.0,0,0
,Doku,7,MCI,6.5,0,1,0.0,0.06,0,0,0,5.0,0,1
,Digne,7,AVL,4.5,3,1,0.08,0.05,0,1,0,1.6,0,0
,Dibling,7,SOU,5.4,0,2,0.02,0.06,0,1,0,0.0,0,0
,Delap,7,IPS,6.2,0,2,0.03,0.12,0,2,0,0.9,0,0
,DeCordova-Reid,7,LEI,5.2,0,0,0.0,0.0,0,0,0,0.1,0,0
,Dawson,7,WOL,4.2,0,1,0.02,0.05,0,0,0,0.1,0,0
,Davis,7,IPS,4.2,3,0,0.34,0.0,0,3,0,0.9,0,0
,Damsgaard,7,BRE,5.8,6,0,0.73,0.0,1,6,0,0.6,0,0
,Dalot,7,MUN,4.4,0,0,0.12,0.0,0,1,0,1.0,0,0
,Cucurella,7,CHE,6.1,0,0,0.02,0.0,0,0,0,21.8,0,0
,Cresswell,7,WHU,3.9,1,1,0.0,0.03,0,0,0,1.7,0,0
,Cook,7,BOU,4.9,4,0,0.32,0.0,0,4,2,0.0,0,0
,Colwill,7,CHE,4.8,0,0,0.01,0.0,0,0,0,0.1,0,0
,Collins,7,BRE,4.9,0,2,0.23,0.71,0,0,2,1.1,0,0
,Clyne,7,CRY,3.9,0,1,0.0,0.01,0,0,0,0.5,0,0
,Clarke (Jack),7,IPS,5.4,0,0,0.01,0.0,0,1,0,0.0,0,0
,Christie,7,BOU,5.0,0,2,0.03,0.14,0,1,0,0.1,0,0
,Chaplin,7,IPS,5.1,0,0,0.02,0.0,0,1,0,0.1,0,0
,Chalobah,7,CHE,5.1,0,2,0.01,0.21,0,0,0,7.6,0,0
,Castagne,7,FUL,4.4,0,0,0.0,0.0,0,0,0,0.1,0,0
,Cash,7,AVL,4.6,0,1,0.01,0.03,0,0,0,5.2,0,0
,Carvalho,7,BRE,4.9,0,1,0.02,0.89,0,0,0,0.2,0,0
,Calvert-Lewin,7,EVE,5.5,0,2,0.01,0.21,0,0,0,1.4,0,0
,Calafiori,7,ARS,5.8,0,0,0.12,0.0,0,0,0,16.0,0,0
,Cairney,7,FUL,4.9,0,0,0.02,0.0,0,0,0,0.0,0,0
,Moises Caicedo,7,CHE,6.0,0,1,0.06,0.03,0,0,0,19.8,0,0
,Burns,7,IPS,4.7,0,1,0.08,0.01,0,1,0,0.0,0,0
,Burn,7,NEW,5.2,0,1,0.0,0.03,0,0,0,10.7,0,0
,Buonanotte,7,LEI,4.7,0,3,0.15,0.3,0,1,0,0.1,0,1
,Brooks,7,BOU,5.0,0,0,0.26,0.0,0,1,0,0.2,0,0
,Bowen,7,WHU,7.7,4,5,1.04,0.29,1,5,0,7.6,0,1
,Bruno Fernandes,7,MUN,8.9,0,1,0.02,0.04,0,0,0,16.3,0,0
,Carlos Borges,7,WOL,5.4,0,0,0.07,0.0,0,1,0,0.0,0,0
,Bissouma,7,TOT,5.2,0,0,0.0,0.0,0,0,0,0.0,0,0
,Berge,7,FUL,4.9,0,0,0.01,0.0,0,0,0,0.1,0,0
,Bentancur,7,TOT,5.3,0,0,0.01,0.0,0,0,2,0.4,0,0
,Bellegarde,7,WOL,5.2,0,0,0.0,0.0,0,1,0,0.0,0,0
,Bednarek,7,SOU,4.0,0,0,0.01,0.0,0,0,2,1.9,0,0
,Bassey,7,FUL,4.5,0,0,0.02,0.0,0,0,2,0.6,0,0
,Barnes,7,NEW,6.3,0,0,0.04,0.0,0,0,0,0.4,0,0
,Barkley,7,AVL,4.8,0,0,0.07,0.0,0,2,0,0.0,0,0
,Baleba,7,BHA,4.7,0,0,0.01,0.0,0,1,0,2.1,0,0
,Bailey,7,AVL,5.5,0,1,0.06,0.02,0,1,0,0.1,0,0
,Ayew,7,LEI,5.1,0,0,0.01,0.0,0,0,0,0.2,0,0
,Kepa,7,BOU,4.2,0,0,0.0,0.0,0,0,0,0.5,1,0
,Armstrong (Adam),7,SOU,5.1,0,0,0.01,0.0,0,0,0,0.5,0,0
,Aribo,7,SOU,4.9,0,1,0.0,0.04,0,0,2,0.1,0,0
,Areola,7,WHU,4.3,0,0,0.0,0.0,0,0,0,2.1,2,0
,Archer,7,SOU,4.8,0,1,0.0,0.06,0,0,0,1.1,0,1
,Joelinton,7,NEW,5.9,0,4,0.18,0.32,0,3,0,0.3,0,0
,Antonio,7,WHU,5.2,0,4,0.14,0.57,0,2,0,0.8,0,0
,Anderson,7,NFO,5.3,0,2,0.01,0.11,0,0,0,3.0,0,0
,Andersen,7,FUL,4.5,0,0,0.01,0.0,0,0,0,2.8,0,0
,Almirón,7,NEW,5.4,0,2,0.13,0.19,0,1,0,0.3,0,0
,Alexander-Arnold,7,LIV,7.2,3,2,0.48,0.06,0,2,0,16.7,0,0
,Akanji,7,MCI,5.4,0,0,0.03,0.0,0,0,0,0.3,0,0
,Ajer,7,BRE,4.4,0,0,0.02,0.0,0,0,0,0.2,0,0
,Ait Nouri,7,WOL,5.8,0,1,0.22,0.06,0,4,0,4.9,0,1
,Aina,7,NFO,4.7,0,1,0.08,0.02,0,1,0,2.5,0,0
,Tosin,7,CHE,4.3,0,0,0.0,0.0,0,0,0,0.4,0,0
,Álvarez (Edson),8,WHU,4.9,0,1,0.01,0.04,0,0,0,0.1,0,0
,van den Berg,8,BRE,4.5,0,0,0.0,0.0,0,0,0,0.6,0,0
,van de Ven,8,TOT,4.7,0,0,0.01,0.0,0,0,0,32.6,0,0
,van Hecke,8,BHA,4.4,0,0,0.0,0.0,0,0,0,1.3,0,0
,van Dijk,8,LIV,6.0,0,1,0.0,0.02,0,0,0,23.6,0,0
,Igor Julio,8,BHA,4.5,0,1,0.0,0.05,0,0,0,0.1,0,0
,Gabriel Magalhães,8,ARS,6.6,0,1,0.0,0.02,0,0,0,40.9,0,0
,Evanilson,8,BOU,7.0,0,1,0.04,0.04,0,1,0,1.4,0,0
,de Ligt,8,MUN,5.0,0,0,0.01,0.0,0,1,0,3.0,0,0
,Jesus,8,ARS,6.4,0,0,0.0,0.0,0,0,0,0.0,0,0
,Richarlison,8,TOT,6.5,0,0,0.0,0.0,0,0,0,8.5,0,0
,Renato Veiga,8,CHE,4.4,0,1,0.14,0.12,0,0,0,0.1,0,0
,André,8,WOL,5.4,0,0,0.0,0.0,0,0,0,0.1,0,0
,Zirkzee,8,MUN,5.8,0,0,0.02,0.0,0,0,0,0.4,0,0
,Zabarnyi,8,BOU,5.0,0,0,0.02,0.0,0,0,0,0.0,0,0
,Young (Ashley),8,EVE,4.2,0,1,0.1,0.06,0,2,0,1.4,0,0
,Yates,8,NFO,4.7,0,4,0.04,0.31,0,4,2,0.1,0,0
,Yarmolyuk,8,BRE,5.0,0,0,0.01,0.0,0,0,0,0.1,0,0
,Woolfenden,8,IPS,3.9,0,0,0.01,0.0,0,0,0,1.2,0,0
,Wood (Chris),8,NFO,7.2,0,4,0.0,0.89,0,1,0,6.5,0,1
,Wissa,8,BRE,7.4,0,0,0.01,0.0,0,0,0,0.5,0,0
,Winks,8,LEI,4.3,2,0,0.08,0.0,0,4,0,4.7,0,0
,Wilson (Harry),8,FUL,5.2,1,0,0.01,0.0,0,0,0,0.3,0,0
,Willock,8,NEW,5.0,0,0,0.03,0.0,0,0,0,0.1,0,0
,Williams (Neco),8,NFO,4.7,0,0,0.02,0.0,0,1,0,3.5,0,0
,Wieffer,8,BHA,4.9,0,1,0.0,0.14,0,0,0,0.1,0,0
,White (Ben),8,ARS,5.3,0,0,0.01,0.0,0,0,0,0.4,0,0
,Werner,8,TOT,6.2,0,1,0.0,0.04,0,0,0,0.1,0,0
,Welbeck,8,BHA,6.5,0,2,0.01,0.42,0,0,0,7.9,0,0
,Watkins,8,AVL,8.5,0,2,0.0,0.41,0,0,0,6.6,0,0
,Wan-Bissaka,8,WHU,4.3,0,1,0.02,0.03,0,1,2,5.8,0,0
,Walker-Peters,8,SOU,4.3,0,0,0.22,0.0,1,2,0,0.3,0,0
,Vicario,8,TOT,5.1,0,0,0.0,0.0,0,0,0,10.1,2,0
,Verbruggen,8,BHA,4.4,0,0,0.0,0.0,0,0,0,4.1,6,0
,Veltman,8,BHA,4.3,0,0,0.16,0.0,0,1,0,0.1,0,0
,Bernardo Silva,8,MCI,6.3,0,4,0.17,0.35,0,1,0,0.5,0,0
,Vardy,8,LEI,5.4,0,4,0.0,1.03,0,0,0,5.2,0,0
,Unal,8,BOU,5.4,0,0,0.0,0.0,0,0,0,0.0,0,0
,Ugarte,8,MUN,4.8,0,0,0.0,0.0,0,0,0,0.1,0,0
,Destiny Udogie,8,TOT,4.4,0,1,0.51,0.06,0,3,0,0.4,0,0
,Trossard,8,ARS,6.9,0,0,0.01,0.0,0,0,0,0.5,0,0
,Traoré (Adama),8,FUL,5.2,0,0,0.27,0.0,0,2,0,0.2,0,0
,Torres,8,AVL,4.3,0,1,0.02,0.12,0,0,0,0.3,0,0
,Tonali,8,NEW,5.4,0,0,0.01,0.0,0,1,0,1.3,0,0
,Lucas Paquetá,8,WHU,5.9,0,0,0.03,0.0,0,1,0,2.5,0,0
,Todibo,8,WHU,4.3,0,0,0.01,0.0,0,1,2,0.1,0,0
,Tielemans,8,AVL,5.9,9,0,0.32,0.0,0,4,2,0.6,0,0
,Tete,8,FUL,4.5,0,2,0.04,0.07,0,0,0,0.2,0,0
,Diogo Jota,8,LIV,7.2,0,0,0.0,0.0,0,0,0,2.6,0,0
,Taylor (Charlie),8,SOU,3.9,2,0,0.01,0.0,0,0,0,3.0,0,0
,Taylor (Jack),8,IPS,4.8,1,2,0.06,0.22,0,0,0,0.0,0,0
,Tavernier,8,BOU,5.5,2,3,0.03,0.2,0,1,0,1.6,0,0
,Tarkowski,8,EVE,5.5,0,0,0.0,0.0,0,0,0,6.3,0,0
,Szoboszlai,8,LIV,6.5,0,1,0.02,0.22,0,0,0,4.2,0,0
,Szmodics,8,IPS,5.7,0,0,0.06,0.0,0,2,0,0.1,0,0
,Summerville,8,WHU,5.5,0,0,0.02,0.0,0,0,0,0.1,0,0
,Sulemana,8,SOU,5.0,0,1,0.0,0.02,0,0,0,0.0,0,0
,Sugawara,8,SOU,4.2,1,0,0.13,0.0,0,1,0,0.1,0,0
,Strand Larsen,8,WOL,6.4,0,1,0.0,0.54,0,0,0,1.3,0,0
,Stones,8,MCI,5.5,0,1,0.06,0.26,0,0,0,0.7,0,0
,Sterling,8,ARS,6.7,0,0,0.0,0.0,0,0,0,0.8,0,0
,Soucek,8,WHU,5.7,0,0,0.02,0.0,0,0,0,0.2,0,0
,Sosa,8,NFO,5.5,0,1,0.06,0.04,0,0,0,0.1,0,0
,Son,8,TOT,8.5,2,5,0.06,0.41,0,2,0,0.1,0,1
,Soler (Carlos),8,WHU,5.0,0,0,0.01,0.0,0,1,0,0.0,0,0
,Solanke,8,TOT,7.2,0,1,0.03,0.08,0,1,0,0.9,0,0
,Smith-Rowe,8,FUL,5.6,0,0,0.01,0.0,0,0,0,0.4,0,0
,Smith,8,BOU,4.4,0,0,0.0,0.0,0,0,0,0.2,0,0
,Smallbone,8,SOU,5.0,0,0,0.0,0.0,0,0,0,0.0,0,0
,Skipp,8,LEI,4.7,0,0,0.01,0.0,0,0,0,0.0,0,0
,Sinisterra,8,BOU,5.0,0,0,0.0,0.0,0,0,0,0.0,0,0
,Senesi,8,BOU,5.0,0,0,0.03,0.0,0,0,2,26.2,0,0
,Semenyo,8,BOU,8.1,0,6,0.08,0.64,0,1,0,64.4,0,0
,Semedo,8,WOL,4.5,0,1,0.09,0.39,1,1,0,0.6,0,0
,Sels,8,NFO,4.8,0,0,0.0,0.0,0,0,0,8.3,7,0
,Scott,8,BOU,5.0,0,0,0.08,0.0,0,2,0,0.3,0,0
,Schär,8,NEW,5.4,0,1,0.23,0.04,0,1,0,1.9,0,0
,Schlupp,8,CRY,4.6,0,1,0.01,0.04,0,0,0,0.0,0,0
,Schade,8,BRE,7.0,0,1,0.01,0.09,0,0,0,0.7,0,0
,Ismaila Sarr,8,CRY,6.6,0,0,0.0,0.0,0,0,0,11.6,0,0
,Sarr (Pape),8,TOT,4.9,0,0,0.01,0.0,0,1,0,1.7,0,0
,Diego Carlos,8,AVL,4.5,0,0,0.01,0.0,0,0,0,0.3,0,0
,Matheus Cunha,8,WOL,7.9,1,1,0.19,0.04,0,1,0,4.4,0,0
,Murillo,8,NFO,5.3,0,1,0.01,0.01,0,0,0,2.0,0,0
,Ederson,8,MCI,5.3,0,0,0.0,0.0,0,0,0,0.9,1,0
,Sancho,8,MUN,5.8,0,0,0.03,0.0,0,0,0,0.2,0,0
,Sanchez,8,CHE,4.8,0,0,0.01,0.0,0,0,0,13.5,3,0
,Saliba,8,ARS,6.0,0,0,0.0,0.0,0,0,0,11.6,0,0
,Salah,8,LIV,14.2,0,2,0.12,0.8,1,2,0,24.9,0,0
,Rutter,8,BHA,5.7,0,0,0.26,0.0,1,2,2,0.5,0,0
,Romero,8,TOT,5.0,0,0,0.13,0.0,0,0,0,4.2,0,0
,Rogers,8,AVL,6.8,0,3,0.19,0.65,0,1,0,4.8,0,1
,Roerslev,8,BRE,4.5,0,0,0.04,0.0,0,0,0,0.0,0,0
,Rodríguez,8,WHU,4.8,0,0,0.0,0.0,0,0,0,0.0,0,0
,Morato,8,NFO,4.4,0,0,0.0,0.0,0,0,0,0.1,0,0
,Robinson (Antonee),8,FUL,4.9,0,1,0.07,0.02,0,0,2,0.5,0,0
,Robertson,8,LIV,5.8,1,0,0.01,0.0,0,1,0,0.9,0,0
,Rice,8,ARS,6.8,3,0,0.15,0.0,0,2,2,16.4,0,0
,Raya Martin,8,ARS,5.8,0,0,0.0,0.0,0,0,0,31.3,2,0
,Rashford,8,AVL,7.0,0,2,0.35,0.07,1,4,0,0.0,0,0
,Ramsey (Jacob),8,AVL,5.3,0,1,0.18,0.08,0,2,0,0.2,0,0
,Ramsdale,8,SOU,4.8,0,0,0.0,0.0,0,0,0,0.6,1,0
,Porro,8,TOT,5.5,3,4,0.15,0.11,0,2,0,18.4,0,0
,Pope,8,NEW,5.2,0,0,0.0,0.0,0,0,0,12.2,4,0
,Pinnock,8,BRE,4.3,0,1,0.13,0.42,0,1,2,0.1,0,0
,Pickford,8,EVE,5.5,0,0,0.0,0.0,0,0,0,9.7,2,0
,Philogene-Bidace,8,IPS,5.3,0,1,0.0,0.04,0,0,0,0.1,0,0
,Phillips (Kalvin),8,IPS,4.8,0,1,0.12,0.14,0,1,0,0.1,0,0
,Pereira,8,FUL,5.3,4,2,0.24,0.92,0,1,0,0.1,0,0
,Partey,8,ARS,4.9,0,1,0.03,0.05,0,0,0,0.7,0,0
,Emerson,8,WHU,4.4,2,1,0.67,0.01,0,2,0,0.1,0,0
,Palmer (Cole),8,CHE,10.3,1,4,0.17,0.38,0,1,0,9.2,0,0
,Dango Ouattara,8,BOU,6.0,0,0,0.04,0.0,0,1,0,0.5,0,0
,Osula,8,NEW,5.5,0,0,0.0,0.0,0,0,0,0.3,0,0
,Paul Onuachu,8,SOU,4.9,0,1,0.0,0.02,0,1,0,0.3,0,0
,Onana,8,MUN,4.9,0,0,0.19,0.0,0,1,0,0.2,1,0
,Okoli,8,LEI,4.0,0,0,0.02,0.0,0,0,0,0.4,0,0
,O'Shea,8,IPS,3.8,0,1,0.01,0.09,0,0,0,1.2,0,0
,Núñez,8,LIV,6.5,0,0,0.0,0.0,0,0,0,0.1,0,0
,Nwaneri,8,ARS,5.2,1,0,0.0,0.0,0,0,0,0.1,0,0
,Matheus Nunes,8,MCI,5.3,0,1,0.0,0.04,0,0,0,0.8,0,0
,Norgaard,8,BRE,5.2,0,1,0.04,0.02,0,0,2,0.1,0,0
,Nkunku,8,CHE,5.9,1,1,0.01,0.05,0,0,0,0.1,0,0
,Eddie Nketiah,8,CRY,5.4,0,4,0.06,0.17,0,4,0,0.4,0,0
,Lindelof,8,MUN,4.5,0,0,0.0,0.0,0,0,0,0.0,0,0
,Neto,8,CHE,7.1,0,1,0.09,0.02,0,3,0,5.9,0,0
,Nelson (Reiss),8,FUL,4.8,1,0,0.11,0.0,0,2,0,0.1,0,0
,Ndidi,8,LEI,4.9,0,0,0.05,0.0,0,0,2,0.2,0,0
,Ndiaye,8,EVE,6.5,0,2,0.13,0.29,0,0,0,11.1,0,0
,Mykolenko,8,EVE,4.9,0,0,0.01,0.0,0,0,0,0.4,0,0
,Mvom Onana,8,AVL,4.8,0,0,0.03,0.0,0,1,0,0.6,0,0
,Muñoz,8,CRY,5.7,1,0,0.08,0.0,0,2,2,15.3,0,0
,Murphy (Jacob),8,NEW,6.1,1,2,0.03,0.04,0,1,0,1.1,0,0
,Muric,8,IPS,4.4,0,0,0.0,0.0,0,0,0,0.4,6,0
,Morsy,8,IPS,4.8,0,0,0.05,0.0,0,1,2,0.1,0,0
,Álex Moreno,8,NFO,4.0,0,2,0.1,0.05,0,2,0,2.4,0,0
,Savinho,8,MCI,6.9,3,4,0.9,0.27,0,3,0,0.5,0,0
,Mitoma,8,BHA,6.2,0,2,0.01,0.21,0,0,0,2.3,0,0
,Mitchell,8,CRY,5.0,0,0,0.0,0.0,0,0,0,2.2,0,0
,Milenkovic,8,NFO,5.2,0,0,0.0,0.0,0,0,0,4.0,0,0
,Merino,8,ARS,5.9,0,1,0.11,0.15,0,1,2,0.5,0,0
,McNeil,8,EVE,5.6,7,2,0.18,0.05,0,2,0,0.1,0,0
,McGinn,8,AVL,5.4,0,0,0.01,0.0,0,1,0,0.6,0,0
,Mbeumo,8,BRE,8.3,0,1,0.05,0.03,0,2,2,28.5,0,0
,Mazraoui,8,MUN,4.9,0,0,0.0,0.0,0,0,0,0.2,0,0
,Mavropanos,8,WHU,4.4,0,0,0.0,0.0,0,0,0,0.1,0,0
,Mavididi,8,LEI,5.0,1,1,0.4,0.04,0,2,0,0.3,0,0
,Mateta,8,CRY,7.9,0,2,0.0,0.06,0,0,0,23.0,0,0
,Martínez,8,MUN,4.8,0,1,0.02,0.02,0,1,0,0.1,0,0
,Martinez,8,AVL,5.0,0,0,0.0,0.0,0,0,0,2.0,3,0
,Martinelli,8,ARS,6.9,0,2,0.01,0.42,0,0,0,1.0,0,0
,Manning,8,SOU,4.3,5,1,0.16,0.05,0,4,0,0.1,0,0
,Mangala,8,EVE,5.0,0,0,0.0,0.0,0,0,0,0.0,0,0
,José Sá,8,WOL,4.4,0,0,0.0,0.0,0,0,0,1.2,5,0
,Madueke,8,CHE,6.8,0,1,0.06,0.02,0,1,0,0.6,0,0
,Maddison,8,TOT,6.9,6,0,0.6,0.0,0,5,0,0.1,0,0
,Mac Allister,8,LIV,6.3,0,0,0.01,0.0,0,0,0,1.2,0,0
,Longstaff (Sean),8,NEW,4.9,1,0,0.0,0.0,0,0,0,1.1,0,0
,Livramento,8,NEW,4.9,0,0,0.03,0.0,0,0,0,3.1,0,0
,Lewis-Potter,8,BRE,4.9,0,1,0.01,0.06,0,0,0,0.3,0,0
,Lewis (Rico),8,MCI,4.9,0,0,0.12,0.0,0,1,0,1.7,0,0
,Lerma,8,CRY,4.9,0,1,0.01,0.02,0,1,2,0.1,0,0
,Leno,8,FUL,5.0,0,0,0.02,0.0,0,1,0,1.6,4,0
,Lemina (Mario),8,WOL,4.8,0,0,0.0,0.0,0,0,2,0.1,0,0
,Lavia,8,CHE,4.9,0,0,0.01,0.0,0,0,0,0.0,0,0
,Lacroix,8,CRY,5.0,0,0,0.01,0.0,0,0,0,3.7,0,0
,Kulusevski,8,TOT,6.4,2,4,0.06,0.17,0,2,0,0.0,0,1
,Kudus,8,WHU,6.7,0,7,0.04,0.7,0,0,0,30.1,0,0
,Kristiansen,8,LEI,4.4,0,0,0.05,0.0,0,2,0,0.1,0,0
,Kovacic,8,MCI,5.9,0,1,0.13,0.03,0,1,0,0.0,0,0
,Konaté,8,LIV,5.4,0,0,0.0,0.0,0,0,0,2.7,0,0
,Kluivert,8,BOU,7.0,0,1,0.06,0.79,0,1,0,1.0,0,0
,Kiwior,8,ARS,5.4,0,0,0.0,0.0,0,0,0,0.1,0,0
,Kilman,8,WHU,4.3,0,0,0.0,0.0,0,1,2,0.2,0,0
,Kerkez,8,BOU,5.7,0,1,0.03,0.05,0,1,0,3.6,0,0
,Kelleher,8,LIV,4.5,0,0,0.0,0.0,0,0,0,7.9,1,0
,Keane,8,EVE,4.5,0,1,0.0,0.03,0,0,2,1.1,0,0
,Kamada,8,CRY,5.0,0,2,0.03,0.18,0,2,0,0.2,0,0
,Kadioglu,8,BHA,4.4,0,1,0.01,0.19,0,0,2,0.2,0,0
,Justin,8,LEI,4.0,0,2,0.06,0.03,0,1,0,0.2,0,0
,Jones,8,LIV,5.4,0,2,0.01,0.8,0,2,0,0.1,0,0
,Johnson (Brennan),8,TOT,6.7,0,5,0.04,0.89,0,2,0,3.1,0,0
,Raúl Jiménez,8,FUL,6.2,0,4,0.0,0.74,0,0,0,0.8,0,1
,Janelt,8,BRE,4.9,0,0,0.16,0.0,0,1,0,0.0,0,0
,James,8,CHE,5.5,2,0,0.01,0.0,0,0,0,7.8,0,0
,Jackson (Nicolas),8,CHE,6.5,0,2,0.0,0.33,0,0,0,0.1,0,0
,Iwobi,8,FUL,6.5,0,0,0.2,0.0,0,1,0,1.7,0,0
,Isak,8,NEW,10.4,0,7,0.19,0.81,0,2,0,5.1,0,0
,Højlund,8,MUN,6.3,0,2,0.01,0.42,0,1,0,0.3,0,0
,Hutchinson,8,IPS,5.4,0,2,0.13,0.08,0,3,0,0.0,0,0
,Hughes,8,CRY,4.8,2,1,0.06,0.1,0,4,0,0.1,0,0
,Hudson-Odoi,8,NFO,5.8,0,2,0.07,0.07,0,1,0,0.8,0,0
,Hirst,8,IPS,5.4,0,0,0.0,0.0,0,0,0,0.1,0,0
,Hinshelwood,8,BHA,5.1,0,1,0.03,0.01,0,0,2,0.0,0,0
,Hermansen,8,LEI,4.4,0,0,0.0,0.0,0,0,0,0.2,6,0
,Henderson,8,CRY,5.0,0,0,0.0,0.0,0,0,0,7.6,5,0
,Havertz,8,ARS,7.3,0,1,0.02,0.04,0,0,0,0.3,0,0
,Harwood-Bellis,8,SOU,3.9,0,2,0.0,0.18,0,2,0,4.1,0,0
,Harrison (Jack),8,EVE,5.2,0,0,0.21,0.0,0,1,0,0.1,0,0
,Lewis Hall,8,NEW,5.2,4,0,0.1,0.0,0,3,0,0.8,0,0
,Haaland,8,MCI,14.8,0,0,0.02,0.0,0,1,0,69.6,0,0
,Gvardiol,8,MCI,5.9,0,1,0.15,0.02,0,3,0,5.4,0,0
,Gusto,8,CHE,4.9,0,2,0.04,0.07,0,0,0,1.0,0,0
,Gundogan,8,MCI,6.3,9,3,0.15,0.42,0,3,0,0.1,0,0
,Bruno Guimarães,8,NEW,6.6,0,2,0.26,0.05,0,2,0,3.7,0,0
,Gueye,8,EVE,5.4,0,0,0.01,0.0,0,0,0,0.1,0,0
,Marc Guehi,8,CRY,5.0,0,0,0.01,0.0,0,0,0,34.1,0,0
,Grealish,8,MCI,6.9,4,1,0.18,0.04,0,3,0,17.6,0,0
,Gray (Archie),8,TOT,4.8,0,0,0.0,0.0,0,0,0,0.1,0,0
,Gravenberch,8,LIV,5.6,0,0,0.0,0.0,0,0,0,4.0,0,0
,Gordon (Anthony),8,NEW,7.5,3,4,0.17,0.49,0,3,0,3.1,0,0
,Gomez,8,LIV,4.9,0,0,0.0,0.0,0,0,0,0.1,0,0
,João Gomes,8,WOL,5.4,0,0,0.0,0.0,0,0,2,0.1,0,0
,Toti,8,WOL,4.3,0,0,0.0,0.0,0,0,0,0.1,0,0
,Rúben Dias,8,MCI,5.5,0,2,0.13,0.06,0,0,0,4.5,0,0
,Garnacho,8,MUN,6.4,0,8,0.04,0.39,0,2,2,0.4,0,0
,Gonçalo Guedes,8,WOL,5.5,0,0,0.0,0.0,0,0,0,0.0,0,0
,Gakpo,8,LIV,7.6,0,1,0.15,0.02,0,1,0,14.1,0,0
,Fraser (Ryan),8,SOU,4.8,2,0,0.09,0.0,0,1,0,0.0,0,0
,Casemiro,8,MUN,5.5,0,3,0.19,0.07,0,4,2,0.6,0,0
,Foden,8,MCI,8.0,2,1,0.27,0.03,0,1,0,4.3,0,0
,Flekken,8,BRE,4.5,0,0,0.0,0.0,0,0,0,10.0,9,0
,Jota Silva,8,NFO,5.4,0,0,0.0,0.0,0,0,0,0.0,0,0
,Fernández,8,CHE,6.7,1,0,0.01,0.0,0,1,0,14.3,0,0
,Ferguson,8,WHU,5.5,0,0,0.0,0.0,0,0,0,0.0,0,0
,Fatawu,8,LEI,5.1,0,2,0.34,0.17,1,1,0,0.2,0,0
,Faes,8,LEI,3.8,0,1,0.03,0.44,0,0,0,5.2,0,0
,Eze,8,CRY,7.6,3,6,0.08,0.29,0,1,0,14.2,0,0
,Evans (Jonny),8,MUN,4.4,0,0,0.01,0.0,0,0,0,0.1,0,0
,Estupiñán,8,BHA,4.5,0,0,0.0,0.0,0,0,0,0.0,0,0
,Mateus Fernandes,8,SOU,5.5,0,0,0.02,0.0,0,0,0,0.0,0,0
,Eriksen,8,MUN,5.2,9,1,0.08,0.07,0,4,0,0.2,0,0
,Enciso,8,IPS,5.4,2,1,0.01,0.01,0,1,0,0.0,0,0
,Elanga,8,NFO,6.7,3,0,0.26,0.0,0,1,0,3.7,0,0
,El Khannouss,8,LEI,4.8,1,1,0.23,0.05,0,2,0,0.2,0,0
,Díaz,8,LIV,8.0,0,2,0.01,0.07,0,0,0,0.0,0,0
,Durán,8,AVL,5.7,0,1,0.01,0.02,0,0,0,1.6,0,0
,Dunk,8,BHA,4.5,0,1,0.0,0.09,0,0,0,1.2,0,0
,Doyle (Tommy),8,WOL,4.7,0,0,0.0,0.0,0,0,0,0.0,0,0
,Downes,8,SOU,4.7,0,1,0.01,0.2,0,0,2,0.0,0,0
,Doucouré,8,EVE,5.1,0,0,0.07,0.0,0,2,0,0.5,0,0
,Nicolás Domínguez,8,NFO,5.0,0,2,0.02,0.12,0,0,2,0.0,0,0
,Doku,8,MCI,6.5,0,3,0.21,0.11,0,2,0,5.0,0,0
,Diop,8,FUL,4.4,0,1,0.0,0.03,0,0,0,0.1,0,0
,Digne,8,AVL,4.5,0,3,0.04,0.22,0,0,0,1.6,0,0
,Dibling,8,SOU,5.4,0,1,0.01,0.04,0,0,0,0.0,0,0
,Delap,8,IPS,6.2,0,3,0.01,0.2,0,0,0,0.9,0,0
,DeCordova-Reid,8,LEI,5.2,0,1,0.02,0.02,0,1,0,0.1,0,0
,Dawson,8,WOL,4.2,0,0,0.0,0.0,0,0,2,0.1,0,0
,Davis,8,IPS,4.2,4,0,0.23,0.0,0,3,0,0.9,0,0
,Damsgaard,8,BRE,5.8,2,1,0.24,0.08,1,1,0,0.6,0,0
,Dalot,8,MUN,4.4,0,1,0.01,0.17,0,0,0,1.0,0,0
,Cook,8,BOU,4.9,4,0,0.04,0.0,0,2,0,0.0,0,0
,Colwill,8,CHE,4.8,0,0,0.01,0.0,0,0,0,0.1,0,0
,Collins,8,BRE,4.9,0,0,0.03,0.0,0,2,2,1.1,0,0
,Harry Clarke,8,IPS,4.0,0,0,0.02,0.0,0,0,0,0.0,0,0
,Clarke (Jack),8,IPS,5.4,0,1,0.01,0.28,0,0,2,0.0,0,0
,Christie,8,BOU,5.0,1,1,0.02,0.11,0,0,0,0.1,0,0
,Chaplin,8,IPS,5.1,0,1,0.0,0.15,0,0,0,0.1,0,0
,Chalobah,8,CHE,5.1,0,2,0.05,0.11,0,1,2,7.6,0,0
,Cash,8,AVL,4.6,0,0,0.0,0.0,0,0,0,5.2,0,0
,Carvalho,8,BRE,4.9,0,2,0.0,0.16,0,0,0,0.2,0,0
,Calvert-Lewin,8,EVE,5.5,0,5,0.0,1.31,0,0,0,1.4,0,0
,Calafiori,8,ARS,5.8,0,0,0.01,0.0,0,0,2,16.0,0,0
,Cairney,8,FUL,4.9,0,0,0.31,0.0,0,1,0,0.0,0,0
,Moises Caicedo,8,CHE,6.0,0,0,0.32,0.0,1,2,0,19.8,0,0
,Burns,8,IPS,4.7,0,0,0.1,0.0,0,1,0,0.0,0,0
,Burn,8,NEW,5.2,0,0,0.0,0.0,0,0,0,10.7,0,0
,Burgess,8,IPS,3.8,0,2,0.01,0.11,0,0,2,1.8,0,0
,Buonanotte,8,LEI,4.7,2,5,0.17,1.34,0,3,0,0.1,0,0
,Bueno (Santiago),8,WOL,4.4,0,0,0.0,0.0,0,0,0,0.1,0,0
,Buendía,8,AVL,5.3,0,0,0.0,0.0,0,0,0,0.2,0,0
,Bowen,8,WHU,7.7,3,1,0.06,0.01,0,1,0,7.6,0,0
,Bruno Fernandes,8,MUN,8.9,0,5,0.05,0.12,1,2,2,16.3,0,0
,Carlos Borges,8,WOL,5.4,0,0,0.0,0.0,0,0,0,0.0,0,0
,Bissouma,8,TOT,5.2,0,1,0.02,0.16,0,1,2,0.0,0,0
,Berge,8,FUL,4.9,0,0,0.01,0.0,0,0,0,0.1,0,0
,Bentancur,8,TOT,5.3,0,0,0.01,0.0,0,0,0,0.4,0,0
,Bellegarde,8,WOL,5.2,0,0,0.0,0.0,0,0,0,0.0,0,0
,Bednarek,8,SOU,4.0,0,0,0.63,0.0,0,1,0,1.9,0,0
,Bassey,8,FUL,4.5,0,0,0.01,0.0,0,0,0,0.6,0,0
,Barnes,8,NEW,6.3,0,1,0.17,0.03,0,1,0,0.4,0,0
,Barkley,8,AVL,4.8,0,1,0.01,0.11,0,1,0,0.0,0,0
,Baleba,8,BHA,4.7,0,0,0.01,0.0,0,0,0,2.1,0,0
,Bailey,8,AVL,5.5,2,1,0.05,0.02,0,1,0,0.1,0,0
,Badiashile,8,CHE,4.4,0,0,0.0,0.0,0,0,0,0.0,0,0
,Ayew,8,LEI,5.1,0,1,0.01,0.1,0,1,0,0.2,0,0
,Ayari,8,BHA,4.9,2,0,0.05,0.0,0,2,0,0.3,0,0
,Awoniyi,8,NFO,5.2,0,0,0.02,0.0,0,0,0,0.4,0,0
,Kepa,8,BOU,4.2,0,0,0.0,0.0,0,0,0,0.5,1,0
,Aribo,8,SOU,4.9,0,3,0.01,0.64,0,0,0,0.1,0,0
,Areola,8,WHU,4.3,0,0,0.0,0.0,0,0,0,2.1,4,0
,Archer,8,SOU,4.8,0,4,0.0,1.02,0,0,0,1.1,0,0
,Araujo,8,BOU,3.9,0,0,0.01,0.0,0,0,0,0.7,0,0
,Joelinton,8,NEW,5.9,0,4,0.09,0.57,0,2,2,0.3,0,0
,Antonio,8,WHU,5.2,0,0,0.0,0.0,0,0,0,0.8,0,0
,Anderson,8,NFO,5.3,3,4,0.58,0.27,0,5,0,3.0,0,0
,Andersen,8,FUL,4.5,0,0,0.01,0.0,0,0,0,2.8,0,0
,Almirón,8,NEW,5.4,0,0,0.0,0.0,0,0,0,0.3,0,0
,Alexander-Arnold,8,LIV,7.2,0,0,0.0,0.0,0,0,2,16.7,0,0
,Ajer,8,BRE,4.4,0,0,0.02,0.0,0,0,0,0.2,0,0
,Ait Nouri,8,WOL,5.8,0,0,0.0,0.0,0,1,2,4.9,0,0
,Aina,8,NFO,4.7,0,0,0.04,0.0,0,0,0,2.5,0,0
,Agbinone,8,CRY,4.4,0,1,0.01,0.02,0,1,0,0.1,0,0
,Tosin,8,CHE,4.3,0,0,0.0,0.0,0,0,0,0.4,0,0
,Álvarez (Edson),9,WHU,4.9,0,0,0.01,0.0,0,0,2,0.1,0,0
,van den Berg,9,BRE,4.5,0,2,0.04,0.16,0,0,0,0.6,0,0
,van de Ven,9,TOT,4.7,0,1,0.01,0.1,0,0,0,32.6,0,0
,van Hecke,9,BHA,4.4,0,0,0.1,0.0,0,1,0,1.3,0,0
,van Dijk,9,LIV,6.0,0,1,0.03,0.25,0,1,0,23.6,0,0
,Igor Julio,9,BHA,4.5,0,0,0.02,0.0,0,0,0,0.1,0,0
,Gabriel Magalhães,9,ARS,6.6,0,0,0.0,0.0,0,0,0,40.9,0,0
,Evanilson,9,BOU,7.0,0,1,0.0,0.04,0,0,0,1.4,0,0
,de Ligt,9,MUN,5.0,0,0,0.01,0.0,0,0,0,3.0,0,0
,Jesus,9,ARS,6.4,0,2,0.0,0.1,0,0,0,0.0,0,0
,Richarlison,9,TOT,6.5,0,0,0.0,0.0,0,0,0,8.5,0,0
,André,9,WOL,5.4,0,0,0.0,0.0,0,0,0,0.1,0,0
,Zirkzee,9,MUN,5.8,0,2,0.01,0.15,1,1,0,0.4,0,0
,Zabarnyi,9,BOU,5.0,0,0,0.03,0.0,0,0,0,0.0,0,0
,Young (Ashley),9,EVE,4.2,0,0,0.5,0.0,1,1,0,1.4,0,0
,Yates,9,NFO,4.7,0,2,0.01,0.4,0,1,0,0.1,0,1
,Woolfenden,9,IPS,3.9,0,0,0.0,0.0,0,0,0,1.2,0,0
,Wood (Chris),9,NFO,7.2,0,3,0.01,0.35,0,1,0,6.5,0,0
,Wissa,9,BRE,7.4,0,4,0.02,1.43,0,0,0,0.5,0,0
,Winks,9,LEI,4.3,2,1,0.6,0.02,1,2,0,4.7,0,0
,Wilson (Harry),9,FUL,5.2,0,0,0.01,0.0,0,0,0,0.3,0,0
,Willock,9,NEW,5.0,0,0,0.17,0.0,0,1,0,0.1,0,0
,Williams (Neco),9,NFO,4.7,0,0,0.0,0.0,0,0,0,3.5,0,0
,Wieffer,9,BHA,4.9,0,0,0.0,0.0,0,0,0,0.1,0,0
,White (Ben),9,ARS,5.3,0,0,0.01,0.0,1,1,0,0.4,0,0
,Wharton,9,CRY,5.0,1,2,0.02,0.07,0,0,2,0.5,0,0
,Werner,9,TOT,6.2,0,0,0.02,0.0,0,0,0,0.1,0,0
,Welbeck,9,BHA,6.5,0,4,0.01,0.63,0,1,0,7.9,0,0
,Watkins,9,AVL,8.5,0,3,0.23,0.35,0,2,0,6.6,0,0
,Wan-Bissaka,9,WHU,4.3,0,0,0.04,0.0,0,0,0,5.8,0,0
,Walker-Peters,9,SOU,4.3,0,0,0.01,0.0,0,1,0,0.3,0,0
,Vicario,9,TOT,5.1,0,0,0.0,0.0,0,0,0,10.1,5,0
,Verbruggen,9,BHA,4.4,0,0,0.0,0.0,0,0,0,4.1,5,0
,Veltman,9,BHA,4.3,0,1,0.1,0.02,0,0,0,0.1,0,0
,Bernardo Silva,9,MCI,6.3,0,0,0.07,0.0,0,2,0,0.5,0,0
,Vardy,9,LEI,5.4,0,2,0.07,0.54,0,2,0,5.2,0,0
,Unal,9,BOU,5.4,0,2,0.02,0.1,0,0,0,0.0,0,0
,Destiny Udogie,9,TOT,4.4,0,0,0.06,0.0,0,1,0,0.4,0,0
,Tsimikas,9,LIV,4.8,0,0,0.01,0.0,0,0,0,0.1,0,0
,Trossard,9,ARS,6.9,0,0,0.04,0.0,0,0,0,0.5,0,0
,Travers,9,BOU,4.4,0,0,0.0,0.0,0,0,0,0.1,7,0
,Traoré (Adama),9,FUL,5.2,0,1,0.12,0.13,0,2,0,0.2,0,0
,Amad Diallo,9,MUN,6.3,0,2,0.1,0.04,0,1,0,1.3,0,0
,Townsend,9,IPS,3.9,0,0,0.0,0.0,0,1,0,0.5,0,0
,Torres,9,AVL,4.3,0,2,0.01,0.05,0,0,0,0.3,0,0
,Tonali,9,NEW,5.4,0,1,0.0,0.05,0,0,0,1.3,0,0
,Lucas Paquetá,9,WHU,5.9,0,1,0.01,0.04,0,0,0,2.5,0,0
,Todibo,9,WHU,4.3,0,0,0.0,0.0,0,0,0,0.1,0,0
,Jurriën Timber,9,ARS,6.1,0,0,0.02,0.0,0,1,0,25.1,0,0
,Tielemans,9,AVL,5.9,8,4,0.27,0.25,0,2,0,0.6,0,0
,Tete,9,FUL,4.5,0,1,0.05,0.04,0,1,2,0.2,0,0
,Tavernier,9,BOU,5.5,1,1,0.07,0.04,0,2,0,1.6,0,0
,Tarkowski,9,EVE,5.5,0,0,0.15,0.0,0,2,2,6.3,0,0
,Szoboszlai,9,LIV,6.5,0,0,0.0,0.0,0,0,0,4.2,0,0
,Szmodics,9,IPS,5.7,0,3,0.02,0.64,0,0,0,0.1,0,0
,Summerville,9,WHU,5.5,0,1,0.17,0.53,0,3,0,0.1,0,0
,Sulemana,9,SOU,5.0,0,0,0.0,0.0,0,0,0,0.0,0,0
,Strand Larsen,9,WOL,6.4,0,2,0.0,0.24,0,1,0,1.3,0,0
,Stones,9,MCI,5.5,0,0,0.0,0.0,0,0,0,0.7,0,0
,Stephens,9,SOU,4.0,0,0,0.01,0.0,0,1,0,0.3,0,0
,Soumaré,9,LEI,4.4,0,0,0.02,0.0,0,0,0,0.3,0,0
,Soucek,9,WHU,5.7,0,1,0.01,0.03,0,0,0,0.2,0,0
,Sosa,9,NFO,5.5,1,1,0.05,0.02,0,2,0,0.1,0,0
,Soler (Carlos),9,WHU,5.0,1,0,0.03,0.0,0,1,0,0.0,0,0
,Solanke,9,TOT,7.2,0,1,0.01,0.05,0,0,0,0.9,0,0
,Smith-Rowe,9,FUL,5.6,0,2,0.02,0.34,0,1,0,0.4,0,0
,Smith,9,BOU,4.4,0,0,0.01,0.0,0,1,0,0.2,0,0
,Senesi,9,BOU,5.0,0,0,0.05,0.0,0,1,0,26.2,0,0
,Semenyo,9,BOU,8.1,0,1,0.03,0.02,0,2,0,64.4,0,0
,Semedo,9,WOL,4.5,0,1,0.01,0.04,0,1,2,0.6,0,0
,Sels,9,NFO,4.8,0,0,0.0,0.0,0,0,0,8.3,0,0
,Schär,9,NEW,5.4,0,2,0.02,0.13,0,0,0,1.9,0,0
,Schade,9,BRE,7.0,0,1,0.0,0.14,0,0,0,0.7,0,0
,Ismaila Sarr,9,CRY,6.6,0,2,0.09,0.08,0,1,0,11.6,0,0
,Sarr (Pape),9,TOT,4.9,0,0,0.02,0.0,0,0,0,1.7,0,0
,Sarabia,9,WOL,5.0,4,0,0.36,0.0,0,3,0,0.1,0,0
,Matheus Cunha,9,WOL,7.9,2,5,0.33,0.22,0,4,0,4.4,0,1
,Murillo,9,NFO,5.3,0,2,0.08,0.17,0,2,0,2.0,0,0
,Ederson,9,MCI,5.3,0,0,0.0,0.0,0,0,0,0.9,2,0
,Sanchez,9,CHE,4.8,0,0,0.0,0.0,0,0,0,13.5,1,0
,Salah,9,LIV,14.2,0,3,0.08,0.35,0,1,0,24.9,0,0
,Saka,9,ARS,10.1,0,2,0.01,0.2,0,0,0,17.2,0,1
,Rutter,9,BHA,5.7,0,4,0.23,0.19,1,2,0,0.5,0,0
,Romero,9,TOT,5.0,0,1,0.02,0.05,0,1,2,4.2,0,0
,Rogers,9,AVL,6.8,0,1,0.08,0.08,0,1,0,4.8,0,0
,Roerslev,9,BRE,4.5,0,0,0.23,0.0,0,5,0,0.0,0,0
,Rodríguez,9,WHU,4.8,0,0,0.01,0.0,0,0,2,0.0,0,0
,Morato,9,NFO,4.4,0,0,0.0,0.0,0,0,0,0.1,0,0
,Robinson (Antonee),9,FUL,4.9,0,1,0.03,0.02,0,0,0,0.5,0,0
,Robertson,9,LIV,5.8,1,0,0.0,0.0,0,0,0,0.9,0,0
,Rice,9,ARS,6.8,0,0,0.2,0.0,1,2,0,16.4,0,0
,Reed,9,FUL,4.4,0,1,0.0,0.01,0,0,0,0.2,0,0
,Raya Martin,9,ARS,5.8,0,0,0.0,0.0,0,0,0,31.3,2,0
,Rashford,9,AVL,7.0,0,0,0.02,0.0,0,1,0,0.0,0,0
,Ramsey (Jacob),9,AVL,5.3,0,0,0.15,0.0,0,2,0,0.2,0,0
,Ramsdale,9,SOU,4.8,0,0,0.0,0.0,0,0,0,0.6,6,0
,Porro,9,TOT,5.5,5,1,0.11,0.02,0,1,0,18.4,0,0
,Pope,9,NEW,5.2,0,0,0.0,0.0,0,0,0,12.2,5,0
,Pinnock,9,BRE,4.3,0,0,0.2,0.0,0,3,0,0.1,0,0
,Pickford,9,EVE,5.5,0,0,0.01,0.0,0,0,0,9.7,2,0
,Phillips (Kalvin),9,IPS,4.8,2,0,0.01,0.0,0,0,2,0.1,0,0
,Pereira,9,FUL,5.3,2,1,0.16,0.03,0,2,0,0.1,0,0
,Partey,9,ARS,4.9,0,0,0.02,0.0,0,0,2,0.7,0,0
,Emerson,9,WHU,4.4,2,2,0.03,0.86,0,0,0,0.1,0,0
,Palmer (Cole),9,CHE,10.3,3,1,0.26,0.05,0,1,0,9.2,0,1
,Dango Ouattara,9,BOU,6.0,0,2,0.02,0.05,0,0,0,0.5,0,0
,Osula,9,NEW,5.5,0,0,0.0,0.0,0,0,0,0.3,0,0
,Paul Onuachu,9,SOU,4.9,0,2,0.0,0.04,0,0,0,0.3,0,0
,Onana,9,MUN,4.9,0,0,0.0,0.0,0,0,0,0.2,1,0
,Okoli,9,LEI,4.0,0,0,0.01,0.0,0,0,2,0.4,0,0
,Ogbene,9,IPS,4.8,0,0,0.0,0.0,0,0,0,0.0,0,0
,O'Shea,9,IPS,3.8,0,0,0.01,0.0,0,0,0,1.2,0,0
,Núñez,9,LIV,6.5,0,0,0.13,0.0,1,1,0,0.1,0,0
,Nwaneri,9,ARS,5.2,1,0,0.0,0.0,0,0,0,0.1,0,0
,Matheus Nunes,9,MCI,5.3,5,2,0.56,0.06,1,2,0,0.8,0,0
,Norgaard,9,BRE,5.2,0,3,0.01,0.29,0,0,0,0.1,0,0
,Nkunku,9,CHE,5.9,0,2,0.02,0.11,0,0,0,0.1,0,0
,Eddie Nketiah,9,CRY,5.4,0,0,0.01,0.0,0,0,0,0.4,0,0
,Lindelof,9,MUN,4.5,0,0,0.01,0.0,0,0,0,0.0,0,0
,Neto,9,CHE,7.1,0,5,0.27,0.18,1,3,0,5.9,0,0
,Nelson (Reiss),9,FUL,4.8,0,0,0.04,0.0,0,1,0,0.1,0,0
,Ndidi,9,LEI,4.9,0,1,0.01,0.04,0,0,0,0.2,0,0
,Ndiaye,9,EVE,6.5,0,0,0.04,0.0,0,0,0,11.1,0,0
,Mykolenko,9,EVE,4.9,0,0,0.13,0.0,0,2,0,0.4,0,0
,Mvom Onana,9,AVL,4.8,0,2,0.02,0.21,0,0,0,0.6,0,0
,Muñoz,9,CRY,5.7,0,2,0.12,0.07,0,1,2,15.3,0,0
,Murphy (Jacob),9,NEW,6.1,1,0,0.0,0.0,0,0,0,1.1,0,0
,Muric,9,IPS,4.4,0,0,0.0,0.0,0,0,0,0.4,6,0
,Rodrigo Muniz,9,FUL,5.4,0,0,0.0,0.0,0,0,0,1.0,0,0
,Mudryk,9,CHE,5.0,0,1,0.0,0.25,0,0,0,0.0,0,0
,Álex Moreno,9,NFO,4.0,0,0,0.02,0.0,0,1,0,2.4,0,0
,Savinho,9,MCI,6.9,0,2,0.87,0.07,0,5,0,0.5,0,0
,Moore (Mikey),9,TOT,5.0,2,0,0.03,0.0,0,0,0,0.0,0,0
,Mitoma,9,BHA,6.2,0,4,0.19,0.23,0,1,0,2.3,0,0
,Mitchell,9,CRY,5.0,0,0,0.06,0.0,0,1,0,2.2,0,0
,Milenkovic,9,NFO,5.2,0,1,0.0,0.06,0,0,0,4.0,0,0
,Merino,9,ARS,5.9,0,2,0.04,0.4,0,1,0,0.5,0,0
,McNeil,9,EVE,5.6,3,1,0.13,0.06,0,0,0,0.1,0,0
,McGinn,9,AVL,5.4,1,0,0.07,0.0,0,1,0,0.6,0,0
,Mbeumo,9,BRE,8.3,0,4,0.38,0.91,0,1,0,28.5,0,1
,Mazraoui,9,MUN,4.9,0,0,0.2,0.0,0,0,2,0.2,0,0
,Mavropanos,9,WHU,4.4,0,0,0.0,0.0,0,0,0,0.1,0,0
,Mavididi,9,LEI,5.0,0,2,0.02,0.03,0,2,0,0.3,0,0
,Mateta,9,CRY,7.9,0,1,0.01,0.12,0,0,0,23.0,0,0
,Martínez,9,MUN,4.8,0,0,0.01,0.0,0,0,2,0.1,0,0
,Martinez,9,AVL,5.0,0,0,0.0,0.0,0,0,0,2.0,2,0
,Martinelli,9,ARS,6.9,0,1,0.39,0.05,0,1,0,1.0,0,0
,Manning,9,SOU,4.3,0,0,0.01,0.0,0,0,0,0.1,0,0
,Mangala,9,EVE,5.0,0,0,0.01,0.0,0,1,0,0.0,0,0
,José Sá,9,WOL,4.4,0,0,0.0,0.0,0,0,0,1.2,4,0
,Madueke,9,CHE,6.8,0,2,0.18,0.08,0,2,0,0.6,0,0
,Maddison,9,TOT,6.9,1,2,0.04,0.13,0,1,0,0.1,0,0
,Mac Allister,9,LIV,6.3,0,1,0.04,0.08,0,1,0,1.2,0,0
,Maatsen,9,AVL,4.3,0,0,0.04,0.0,0,0,0,0.4,0,0
,Longstaff (Sean),9,NEW,4.9,0,0,0.0,0.0,0,0,0,1.1,0,0
,Livramento,9,NEW,4.9,0,0,0.02,0.0,0,1,0,3.1,0,0
,Lindstrom,9,EVE,5.0,1,1,0.0,0.02,0,0,0,0.1,0,0
,Lewis-Skelly,9,ARS,5.2,0,0,0.0,0.0,0,0,0,1.7,0,0
,Lewis-Potter,9,BRE,4.9,0,2,0.5,0.35,0,1,0,0.3,0,0
,Lewis (Rico),9,MCI,4.9,0,0,0.05,0.0,0,0,0,1.7,0,0
,Lerma,9,CRY,4.9,0,0,0.01,0.0,0,0,0,0.1,0,0
,Leno,9,FUL,5.0,0,0,0.0,0.0,0,0,0,1.6,4,0
,Lemina (Mario),9,WOL,4.8,0,0,0.0,0.0,0,0,0,0.1,0,0
,Lavia,9,CHE,4.9,0,0,0.02,0.0,0,1,0,0.0,0,0
,Lamptey,9,BHA,4.4,0,0,0.03,0.0,0,1,0,0.1,0,0
,Lallana,9,SOU,5.0,0,0,0.01,0.0,0,0,0,0.0,0,0
,Lacroix,9,CRY,5.0,0,1,0.0,0.06,0,0,0,3.7,0,0
,Kulusevski,9,TOT,6.4,0,1,0.02,0.1,0,1,0,0.0,0,0
,Kovacic,9,MCI,5.9,0,3,0.13,0.18,0,0,2,0.0,0,0
,Konsa Ngoyo,9,AVL,4.4,0,1,0.11,0.07,0,1,0,8.6,0,0
,Konaté,9,LIV,5.4,0,0,0.02,0.0,0,0,0,2.7,0,0
,Kluivert,9,BOU,7.0,0,2,0.01,0.04,0,0,0,1.0,0,0
,Kiwior,9,ARS,5.4,0,0,0.0,0.0,0,0,0,0.1,0,0
,Kilman,9,WHU,4.3,0,2,0.0,0.37,0,0,2,0.2,0,0
,Kerkez,9,BOU,5.7,0,1,0.09,0.02,0,2,0,3.6,0,0
,Kelly,9,NEW,4.2,0,0,0.0,0.0,0,0,0,0.1,0,0
,Kelleher,9,LIV,4.5,0,0,0.0,0.0,0,0,0,7.9,1,0
,Keane,9,EVE,4.5,0,1,0.0,0.04,0,1,0,1.1,0,0
,Kamara,9,AVL,4.9,0,0,0.0,0.0,0,0,0,0.2,0,0
,Kamada,9,CRY,5.0,0,0,0.01,0.0,0,0,0,0.2,0,0
,Kadioglu,9,BHA,4.4,0,0,0.01,0.0,0,0,0,0.2,0,0
,Justin,9,LEI,4.0,0,0,0.02,0.0,0,1,0,0.2,0,0
,Jones,9,LIV,5.4,0,1,0.01,0.05,0,0,0,0.1,0,0
,Johnson (Brennan),9,TOT,6.7,0,3,0.11,0.26,0,1,0,3.1,0,0
,Raúl Jiménez,9,FUL,6.2,0,4,0.24,0.47,0,3,0,0.8,0,0
,Jensen,9,BRE,4.9,1,0,0.04,0.0,0,1,0,0.1,0,0
,Janelt,9,BRE,4.9,0,0,0.17,0.0,1,2,0,0.0,0,0
,James,9,CHE,5.5,4,0,0.04,0.0,0,0,0,7.8,0,0
,Jackson (Nicolas),9,CHE,6.5,0,1,0.04,0.56,0,3,0,0.1,0,0
,Iwobi,9,FUL,6.5,0,2,0.07,0.15,0,0,0,1.7,0,1
,Isak,9,NEW,10.4,0,3,0.09,1.21,0,1,0,5.1,0,0
,Ings,9,WHU,4.8,0,1,0.0,0.2,1,1,0,1.2,0,0
,Højlund,9,MUN,6.3,0,2,0.02,0.61,0,1,0,0.3,0,0
,Hughes,9,CRY,4.8,5,1,0.19,0.01,0,4,0,0.1,0,0
,Hudson-Odoi,9,NFO,5.8,0,2,0.03,0.08,0,1,0,0.8,0,0
,Hirst,9,IPS,5.4,0,1,0.07,0.27,1,2,0,0.1,0,0
,Hermansen,9,LEI,4.4,0,0,0.0,0.0,0,0,0,0.2,2,0
,Henderson,9,CRY,5.0,0,0,0.0,0.0,0,0,0,7.6,3,0
,Havertz,9,ARS,7.3,0,2,0.47,0.17,0,2,0,0.3,0,0
,Harwood-Bellis,9,SOU,3.9,0,0,0.0,0.0,0,0,2,4.1,0,0
,Harrison (Jack),9,EVE,5.2,0,1,0.13,0.06,0,1,0,0.1,0,0
,Lewis Hall,9,NEW,5.2,3,0,0.78,0.0,1,4,0,0.8,0,0
,Haaland,9,MCI,14.8,0,8,0.0,2.33,0,0,0,69.6,0,0
,Gvardiol,9,MCI,5.9,0,2,0.16,0.07,0,3,0,5.4,0,0
,Gusto,9,CHE,4.9,0,4,0.03,0.3,0,1,0,1.0,0,0
,Gundogan,9,MCI,6.3,0,0,0.0,0.0,0,0,0,0.1,0,0
,Bruno Guimarães,9,NEW,6.6,0,1,0.04,0.04,0,1,0,3.7,0,0
,Gueye,9,EVE,5.4,0,1,0.03,0.04,0,0,2,0.1,0,0
,Marc Guehi,9,CRY,5.0,0,1,0.0,0.16,0,0,0,34.1,0,0
,Gruda,9,BHA,5.4,0,0,0.0,0.0,0,0,0,0.1,0,0
,Gravenberch,9,LIV,5.6,0,1,0.07,0.03,0,0,0,4.0,0,0
,João Gomes,9,WOL,5.4,0,1,0.01,0.03,0,1,0,0.1,0,0
,Beto,9,EVE,5.2,0,3,0.0,0.39,0,0,0,3.3,0,0
,Rodrigo Gomes,9,WOL,4.5,0,0,0.0,0.0,0,0,0,0.1,0,0
,Toti,9,WOL,4.3,0,0,0.0,0.0,0,0,0,0.1,0,0
,Rúben Dias,9,MCI,5.5,0,1,0.06,0.02,0,1,0,4.5,0,0
,Garnacho,9,MUN,6.4,0,3,0.05,0.23,0,2,0,0.4,0,0
,Gonçalo Guedes,9,WOL,5.5,0,0,0.0,0.0,0,0,0,0.0,0,0
,Gakpo,9,LIV,7.6,0,0,0.01,0.0,0,0,0,14.1,0,0
,Casemiro,9,MUN,5.5,0,2,0.29,0.37,0,2,2,0.6,0,0
,Fofana (Wesley),9,CHE,4.4,0,0,0.01,0.0,0,0,0,0.2,0,0
,Foden,9,MCI,8.0,7,3,0.72,0.18,0,5,0,4.3,0,0
,Flekken,9,BRE,4.5,0,0,0.0,0.0,0,0,0,10.0,2,0
,Jota Silva,9,NFO,5.4,0,1,0.01,0.05,0,0,0,0.0,0,0
,Fernández,9,CHE,6.7,0,0,0.0,0.0,0,1,0,14.3,0,0
,Ferguson,9,WHU,5.5,0,1,0.0,0.08,0,0,0,0.0,0,0
,Fatawu,9,LEI,5.1,1,1,0.09,0.01,0,1,0,0.2,0,0
,Faes,9,LEI,3.8,0,0,0.04,0.0,0,0,0,5.2,0,0
,Fabianski,9,WHU,4.5,0,0,0.0,0.0,0,0,0,0.0,4,0
,Eze,9,CRY,7.6,2,4,0.28,0.22,1,1,0,14.2,0,0
,Estupiñán,9,BHA,4.5,3,1,0.08,0.04,0,1,2,0.0,0,0
,Mateus Fernandes,9,SOU,5.5,1,0,0.05,0.0,0,1,0,0.0,0,0
,Eriksen,9,MUN,5.2,4,1,0.1,0.02,0,1,0,0.2,0,0
,Endo,9,LIV,4.9,0,0,0.0,0.0,0,0,0,0.1,0,0
,Enciso,9,IPS,5.4,0,0,0.0,0.0,0,0,0,0.0,0,0
,Elanga,9,NFO,6.7,6,1,0.01,0.05,0,1,0,3.7,0,0
,El Khannouss,9,LEI,4.8,0,0,0.02,0.0,0,0,0,0.2,0,0
,Díaz,9,LIV,8.0,0,0,0.39,0.0,1,1,0,0.0,0,0
,Durán,9,AVL,5.7,0,3,0.0,0.29,0,0,0,1.6,0,0
,Doyle (Tommy),9,WOL,4.7,0,1,0.02,0.23,0,1,0,0.0,0,0
,Downes,9,SOU,4.7,0,0,0.0,0.0,0,0,0,0.0,0,0
,Doucouré,9,EVE,5.1,0,1,0.02,0.06,0,1,0,0.5,0,0
,Nicolás Domínguez,9,NFO,5.0,0,1,0.02,0.28,0,0,2,0.0,0,0
,Diop,9,FUL,4.4,0,1,0.0,0.06,0,1,0,0.1,0,0
,Digne,9,AVL,4.5,0,0,0.41,0.0,0,2,0,1.6,0,0
,Dibling,9,SOU,5.4,0,0,0.0,0.0,0,0,0,0.0,0,0
,Delap,9,IPS,6.2,0,2,0.0,0.16,0,0,0,0.9,0,0
,Dawson,9,WOL,4.2,0,2,0.0,0.34,0,0,2,0.1,0,0
,Davis,9,IPS,4.2,3,3,0.16,0.16,1,2,0,0.9,0,0
,Damsgaard,9,BRE,5.8,3,2,0.32,0.33,1,4,0,0.6,0,0
,Dalot,9,MUN,4.4,0,1,0.15,0.46,0,2,0,1.0,0,0
,Cuenca,9,FUL,4.4,0,0,0.0,0.0,0,0,0,0.0,0,0
,Cucurella,9,CHE,6.1,0,0,0.0,0.0,0,0,0,21.8,0,0
,Cresswell,9,WHU,3.9,0,0,0.0,0.0,0,0,0,1.7,0,0
,Cook,9,BOU,4.9,3,0,0.01,0.0,0,0,0,0.0,0,0
,Colwill,9,CHE,4.8,0,0,0.01,0.0,0,0,0,0.1,0,0
,Collins,9,BRE,4.9,0,2,0.01,0.49,0,0,0,1.1,0,0
,Harry Clarke,9,IPS,4.0,0,0,0.02,0.0,0,0,0,0.0,0,0
,Clarke (Jack),9,IPS,5.4,0,0,0.0,0.0,0,0,0,0.0,0,0
,Christie,9,BOU,5.0,3,0,0.07,0.0,0,0,2,0.1,0,0
,Chaplin,9,IPS,5.1,0,0,0.13,0.0,1,2,0,0.1,0,0
,Chalobah,9,CHE,5.1,0,0,0.0,0.0,0,0,2,7.6,0,0
,Cash,9,AVL,4.6,0,0,0.14,0.0,0,1,0,5.2,0,0
,Carvalho,9,BRE,4.9,0,0,0.0,0.0,0,0,0,0.2,0,0
,Calvert-Lewin,9,EVE,5.5,0,1,0.02,0.12,0,1,0,1.4,0,0
,Cajuste,9,IPS,4.5,0,0,0.11,0.0,0,0,0,0.1,0,0
,Moises Caicedo,9,CHE,6.0,0,1,0.04,0.08,0,2,2,19.8,0,0
,Burns,9,IPS,4.7,0,1,0.01,0.06,0,0,0,0.0,0,0
,Burn,9,NEW,5.2,0,1,0.05,0.06,0,0,0,10.7,0,0
,Burgess,9,IPS,3.8,0,1,0.03,0.02,0,1,2,1.8,0,0
,Buonanotte,9,LEI,4.7,3,4,0.09,0.12,0,2,2,0.1,0,0
,Bueno (Santiago),9,WOL,4.4,0,1,0.01,0.21,0,0,2,0.1,0,0
,Brooks,9,BOU,5.0,0,0,0.0,0.0,0,0,0,0.2,0,0
,Bree,9,SOU,3.9,0,0,0.02,0.0,0,1,0,0.3,0,0
,Branthwaite,9,EVE,5.3,0,0,0.0,0.0,0,0,0,0.2,0,0
,Bowen,9,WHU,7.7,3,3,0.23,0.92,0,2,0,7.6,0,0
,Bruno Fernandes,9,MUN,8.9,1,5,0.28,0.47,0,3,0,16.3,0,0
,Carlos Borges,9,WOL,5.4,0,0,0.01,0.0,0,0,0,0.0,0,0
,Bissouma,9,TOT,5.2,0,0,0.09,0.0,0,0,0,0.0,0,0
,Berge,9,FUL,4.9,0,0,0.02,0.0,0,1,0,0.1,0,0
,Bentancur,9,TOT,5.3,0,1,0.01,0.03,0,0,0,0.4,0,0
,Bednarek,9,SOU,4.0,0,0,0.01,0.0,0,0,0,1.9,0,0
,Bassey,9,FUL,4.5,0,0,0.01,0.0,0,0,0,0.6,0,0
,Barnes,9,NEW,6.3,0,1,0.04,0.16,0,1,0,0.4,0,0
,Barkley,9,AVL,4.8,0,2,0.01,0.52,0,0,0,0.0,0,0
,Ricardo Pereira,9,LEI,4.1,0,0,0.02,0.0,0,0,0,0.1,0,0
,Baleba,9,BHA,4.7,0,3,0.04,0.08,0,2,2,2.1,0,0
,Bailey,9,AVL,5.5,0,0,0.16,0.0,1,1,0,0.1,0,0
,Ayew,9,LEI,5.1,0,0,0.01,0.0,0,0,0,0.2,0,0
,Ayari,9,BHA,4.9,6,1,0.13,0.05,0,3,2,0.3,0,0
,Awoniyi,9,NFO,5.2,0,1,0.01,0.06,0,0,0,0.4,0,0
,Armstrong (Adam),9,SOU,5.1,0,2,0.05,0.07,0,1,0,0.5,0,0
,Aribo,9,SOU,4.9,0,0,0.03,0.0,0,0,0,0.1,0,0
,Archer,9,SOU,4.8,0,1,0.05,0.1,0,0,0,1.1,0,0
,Araujo,9,BOU,3.9,0,0,0.0,0.0,0,0,0,0.7,0,0
,Joelinton,9,NEW,5.9,0,0,0.02,0.0,0,0,0,0.3,0,0
,Antonio,9,WHU,5.2,0,1,0.58,0.05,0,3,0,0.8,0,0
,Anderson,9,NFO,5.3,0,5,0.08,0.24,0,1,0,3.0,0,0
,Almirón,9,NEW,5.4,0,2,0.01,0.17,0,0,0,0.3,0,0
,Alexander-Arnold,9,LIV,7.2,2,2,0.32,0.05,0,1,0,16.7,0,0
,Akanji,9,MCI,5.4,0,1,0.09,0.04,0,1,0,0.3,0,0
,Ait Nouri,9,WOL,5.8,0,1,0.01,0.06,0,1,0,4.9,0,0
,Aina,9,NFO,4.7,0,0,0.02,0.0,0,0,0,2.5,0,0
,Adams (Tyler),9,BOU,5.0,0,0,0.0,0.0,0,0,0,0.4,0,0
,Álvarez (Edson),10,WHU,4.9,0,0,0.01,0.0,0,0,0,0.1,0,0
,van den Berg,10,BRE,4.5,0,0,0.0,0.0,0,0,0,0.6,0,0
,van Hecke,10,BHA,4.4,0,1,0.01,0.04,0,0,0,1.3,0,0
,van Dijk,10,LIV,6.0,0,0,0.01,0.0,0,1,0,23.6,0,0
,Igor Julio,10,BHA,4.5,0,0,0.01,0.0,0,0,0,0.1,0,0
,Gabriel Magalhães,10,ARS,6.6,0,0,0.1,0.0,0,1,0,40.9,0,0
,Evanilson,10,BOU,7.0,0,2,0.0,0.47,0,0,0,1.4,0,0
,de Ligt,10,MUN,5.0,0,0,0.0,0.0,0,0,0,3.0,0,0
,Jesus,10,ARS,6.4,0,0,0.01,0.0,0,0,0,0.0,0,0
,Richarlison,10,TOT,6.5,0,0,0.49,0.0,1,2,0,8.5,0,0
,da Silva Moreira (Eric),10,NFO,4.5,0,0,0.0,0.0,0,0,0,0.1,0,0
,Zirkzee,10,MUN,5.8,0,0,0.0,0.0,0,0,0,0.4,0,0
,Zinchenko,10,ARS,4.9,0,0,0.01,0.0,0,0,0,0.2,0,0
,Zabarnyi,10,BOU,5.0,0,0,0.0,0.0,0,0,2,0.0,0,0
,Young (Ashley),10,EVE,4.2,0,0,0.04,0.0,0,3,0,1.4,0,0
,Yates,10,NFO,4.7,0,2,0.02,0.06,0,0,2,0.1,0,0
,Yarmolyuk,10,BRE,5.0,0,1,0.0,0.14,0,0,0,0.1,0,0
,Wood (Chris),10,NFO,7.2,0,2,0.01,0.78,0,0,0,6.5,0,0
,Wissa,10,BRE,7.4,0,0,0.01,0.0,0,0,0,0.5,0,0
,Winks,10,LEI,4.3,1,4,0.02,0.08,0,1,0,4.7,0,0
,Wilson (Harry),10,FUL,5.2,1,3,0.01,0.25,0,0,0,0.3,0,1
,Willock,10,NEW,5.0,0,2,0.02,0.06,0,1,0,0.1,0,0
,Wieffer,10,BHA,4.9,0,1,0.07,0.03,0,1,0,0.1,0,0
,White (Ben),10,ARS,5.3,0,0,0.03,0.0,0,1,0,0.4,0,0
,Welbeck,10,BHA,6.5,0,4,0.02,0.26,0,1,0,7.9,0,0
,Watkins,10,AVL,8.5,0,2,0.0,0.46,0,0,0,6.6,0,0
,Wan-Bissaka,10,WHU,4.3,0,0,0.03,0.0,0,0,0,5.8,0,0
,Walker-Peters,10,SOU,4.3,0,1,0.09,0.02,0,3,0,0.3,0,0
,Walker,10,MCI,4.4,0,0,0.1,0.0,0,1,0,1.6,0,0
,Vicario,10,TOT,5.1,0,0,0.0,0.0,0,0,0,10.1,1,0
,Vestergaard,10,LEI,3.9,0,0,0.02,0.0,0,1,2,1.5,0,0
,Verbruggen,10,BHA,4.4,0,0,0.0,0.0,0,0,0,4.1,6,0
,Veltman,10,BHA,4.3,0,0,0.28,0.0,0,0,0,0.1,0,0
,Bernardo Silva,10,MCI,6.3,3,1,0.13,0.09,0,1,0,0.5,0,0
,Vardy,10,LEI,5.4,0,1,0.45,0.04,1,2,0,5.2,0,0
,Unal,10,BOU,5.4,0,0,0.0,0.0,0,0,0,0.0,0,0
,Ugochukwu,10,SOU,5.0,0,0,0.0,0.0,0,0,0,0.1,0,0
,Ugarte,10,MUN,4.8,0,0,0.01,0.0,0,0,0,0.1,0,0
,Destiny Udogie,10,TOT,4.4,0,0,0.16,0.0,0,2,0,0.4,0,0
,Tsimikas,10,LIV,4.8,6,1,0.5,0.05,0,3,0,0.1,0,0
,Trossard,10,ARS,6.9,0,2,0.01,0.08,0,0,0,0.5,0,0
,Travers,10,BOU,4.4,0,0,0.01,0.0,0,0,0,0.1,3,0
,Traoré (Adama),10,FUL,5.2,0,3,0.08,0.18,0,2,0,0.2,0,0
,Amad Diallo,10,MUN,6.3,0,0,0.0,0.0,0,0,0,1.3,0,0
,Torres,10,AVL,4.3,0,0,0.02,0.0,0,0,0,0.3,0,0
,Tonali,10,NEW,5.4,1,0,0.0,0.0,0,0,0,1.3,0,0
,Lucas Paquetá,10,WHU,5.9,0,1,0.02,0.06,0,0,0,2.5,0,0
,Todibo,10,WHU,4.3,0,0,0.0,0.0,0,0,0,0.1,0,0
,Jurriën Timber,10,ARS,6.1,0,1,0.11,0.04,0,1,0,25.1,0,0
,Tielemans,10,AVL,5.9,1,0,0.07,0.0,0,3,0,0.6,0,0
,Tete,10,FUL,4.5,0,2,0.03,0.06,0,0,2,0.2,0,0
,Tavernier,10,BOU,5.5,1,1,0.15,0.06,0,1,0,1.6,0,0
,Tarkowski,10,EVE,5.5,0,1,0.45,0.02,0,1,0,6.3,0,0
,Szoboszlai,10,LIV,6.5,0,0,0.04,0.0,0,1,0,4.2,0,0
,Szmodics,10,IPS,5.7,0,1,0.0,0.3,0,0,0,0.1,0,0
,Summerville,10,WHU,5.5,1,0,0.05,0.0,0,0,0,0.1,0,0
,Sugawara,10,SOU,4.2,0,0,0.07,0.0,0,1,0,0.1,0,0
,Strand Larsen,10,WOL,6.4,0,2,0.03,0.66,0,2,0,1.3,0,0
,Stephens,10,SOU,4.0,0,0,0.03,0.0,0,0,0,0.3,0,0
,Soumaré,10,LEI,4.4,0,1,0.24,0.05,0,0,0,0.3,0,0
,Sosa,10,NFO,5.5,0,1,0.01,0.03,0,0,0,0.1,0,0
,Son,10,TOT,8.5,0,0,0.54,0.0,1,2,0,0.1,0,0
,Soler (Carlos),10,WHU,5.0,2,0,0.01,0.0,0,0,0,0.0,0,0
,Solanke,10,TOT,7.2,0,5,0.0,1.52,0,0,0,0.9,0,0
,Smith-Rowe,10,FUL,5.6,0,2,0.28,0.2,0,4,0,0.4,0,0
,Smith,10,BOU,4.4,0,1,0.01,0.6,0,1,2,0.2,0,0
,Senesi,10,BOU,5.0,0,0,0.05,0.0,0,0,0,26.2,0,0
,Semenyo,10,BOU,8.1,0,4,0.15,0.55,0,3,0,64.4,0,0
,Semedo,10,WOL,4.5,0,0,0.04,0.0,0,0,0,0.6,0,0
,Sels,10,NFO,4.8,0,0,0.0,0.0,0,0,0,8.3,1,0
,Schär,10,NEW,5.4,0,1,0.02,0.06,0,0,0,1.9,0,0
,Schlupp,10,CRY,4.6,0,0,0.0,0.0,0,0,0,0.0,0,0
,Schade,10,BRE,7.0,0,0,0.0,0.0,0,0,0,0.7,0,0
,Ismaila Sarr,10,CRY,6.6,0,4,0.04,0.46,0,2,0,11.6,0,0
,Sarr (Pape),10,TOT,4.9,0,4,0.09,0.1,0,0,2,1.7,0,0
,Sarabia,10,WOL,5.0,0,1,0.02,0.36,0,0,0,0.1,0,0
,Diego Carlos,10,AVL,4.5,0,1,0.0,0.39,0,0,0,0.3,0,0
,Matheus Cunha,10,WOL,7.9,3,2,0.22,0.11,1,3,0,4.4,0,0
,Murillo,10,NFO,5.3,0,2,0.03,0.08,0,1,0,2.0,0,0
,Ederson,10,MCI,5.3,0,0,0.0,0.0,0,0,0,0.9,4,0
,Sanchez,10,CHE,4.8,0,0,0.0,0.0,0,0,0,13.5,3,0
,Saliba,10,ARS,6.0,0,0,0.24,0.0,0,0,0,11.6,0,0
,Salah,10,LIV,14.2,0,3,0.12,0.53,0,2,0,24.9,0,1
,Saka,10,ARS,10.1,1,2,0.25,0.2,0,1,0,17.2,0,0
,Rutter,10,BHA,5.7,0,2,0.02,0.34,0,1,2,0.5,0,0
,Romero,10,TOT,5.0,0,0,0.04,0.0,0,1,0,4.2,0,0
,Rogers,10,AVL,6.8,0,2,0.02,0.75,0,2,0,4.8,0,0
,Roerslev,10,BRE,4.5,0,0,0.11,0.0,0,1,0,0.0,0,0
,Rodríguez,10,WHU,4.8,0,0,0.01,0.0,0,0,0,0.0,0,0
,Robinson (Antonee),10,FUL,4.9,0,0,0.33,0.0,0,3,0,0.5,0,0
,Rice,10,ARS,6.8,5,2,0.19,0.35,0,2,0,16.4,0,0
,Raya Martin,10,ARS,5.8,0,0,0.0,0.0,0,0,0,31.3,3,0
,Rashford,10,AVL,7.0,0,2,0.01,0.23,0,0,0,0.0,0,0
,Ramsey (Jacob),10,AVL,5.3,0,1,0.0,0.03,0,0,0,0.2,0,0
,Ramsdale,10,SOU,4.8,0,0,0.0,0.0,0,0,0,0.6,5,0
,Porro,10,TOT,5.5,4,2,0.02,0.04,0,0,0,18.4,0,0
,Pope,10,NEW,5.2,0,0,0.0,0.0,0,0,0,12.2,0,0
,Pinnock,10,BRE,4.3,0,0,0.01,0.0,0,0,2,0.1,0,0
,Pickford,10,EVE,5.5,0,0,0.01,0.0,0,0,0,9.7,1,0
,Philogene-Bidace,10,IPS,5.3,0,0,0.0,0.0,0,0,0,0.1,0,0
,Phillips (Kalvin),10,IPS,4.8,1,3,0.01,0.12,0,0,0,0.1,0,0
,Pereira,10,FUL,5.3,5,2,0.25,0.08,0,1,0,0.1,0,0
,Partey,10,ARS,4.9,0,0,0.06,0.0,0,2,0,0.7,0,0
,Emerson,10,WHU,4.4,1,0,0.13,0.0,0,0,0,0.1,0,0
,Palmer (Cole),10,CHE,10.3,5,3,0.28,0.23,0,3,0,9.2,0,0
,Paul Onuachu,10,SOU,4.9,0,0,0.0,0.0,0,0,0,0.3,0,0
,Onana,10,MUN,4.9,0,0,0.0,0.0,0,0,0,0.2,2,0
,O'Shea,10,IPS,3.8,0,2,0.01,0.18,0,0,2,1.2,0,0
,Núñez,10,LIV,6.5,0,1,0.03,0.07,0,1,0,0.1,0,0
,Nwaneri,10,ARS,5.2,0,1,0.01,0.03,0,0,0,0.1,0,0
,Matheus Nunes,10,MCI,5.3,0,0,0.48,0.0,0,5,0,0.8,0,0
,Norgaard,10,BRE,5.2,0,0,0.03,0.0,0,2,2,0.1,0,0
,Eddie Nketiah,10,CRY,5.4,0,2,0.06,0.12,0,2,0,0.4,0,0
,Lindelof,10,MUN,4.5,0,0,0.02,0.0,0,1,0,0.0,0,0
,Neto,10,CHE,7.1,0,2,0.01,0.06,0,0,0,5.9,0,0
,Nelson (Reiss),10,FUL,4.8,2,3,0.12,0.24,0,2,0,0.1,0,0
,Ndidi,10,LEI,4.9,0,0,0.14,0.0,0,1,0,0.2,0,0
,Ndiaye,10,EVE,6.5,0,2,0.0,0.03,0,0,0,11.1,0,0
,Mykolenko,10,EVE,4.9,0,1,0.03,0.03,0,0,0,0.4,0,0
,Mvom Onana,10,AVL,4.8,0,2,0.01,0.11,0,1,2,0.6,0,0
,Muñoz,10,CRY,5.7,0,2,0.01,0.38,1,1,0,15.3,0,0
,Muric,10,IPS,4.4,0,0,0.0,0.0,0,0,0,0.4,4,0
,Rodrigo Muniz,10,FUL,5.4,0,0,0.0,0.0,0,0,0,1.0,0,0
,Mudryk,10,CHE,5.0,1,0,0.02,0.0,0,0,0,0.0,0,0
,Morsy,10,IPS,4.8,0,0,0.07,0.0,0,2,2,0.1,0,0
,Álex Moreno,10,NFO,4.0,0,1,0.58,0.03,1,1,0,2.4,0,0
,Moder,10,BHA,4.4,0,0,0.0,0.0,0,1,0,0.4,0,0
,Mitoma,10,BHA,6.2,0,2,0.2,0.11,0,2,0,2.3,0,0
,Mitchell,10,CRY,5.0,0,1,0.11,0.06,0,1,0,2.2,0,0
,Milenkovic,10,NFO,5.2,0,2,0.13,0.43,0,1,0,4.0,0,0
,Merino,10,ARS,5.9,0,2,0.13,0.37,0,0,0,0.5,0,0
,Mee (Ben),10,BRE,4.2,0,0,0.0,0.0,0,0,0,0.3,0,0
,McNeil,10,EVE,5.6,3,0,0.09,0.0,0,2,0,0.1,0,0
,McGinn,10,AVL,5.4,0,2,0.03,0.07,0,1,0,0.6,0,0
,McAteer,10,LEI,4.7,0,1,0.01,0.02,0,0,0,0.0,0,0
,Mbeumo,10,BRE,8.3,0,0,0.01,0.0,0,0,0,28.5,0,0
,Mazraoui,10,MUN,4.9,0,0,0.02,0.0,0,0,2,0.2,0,0
,Mavropanos,10,WHU,4.4,0,0,0.0,0.0,0,0,0,0.1,0,0
,Mavididi,10,LEI,5.0,0,1,0.08,0.2,0,2,0,0.3,0,0
,Mateta,10,CRY,7.9,0,4,0.03,0.35,0,2,0,23.0,0,0
,Martínez,10,MUN,4.8,0,0,0.0,0.0,0,0,0,0.1,0,0
,Martinez,10,AVL,5.0,0,0,0.0,0.0,0,0,0,2.0,2,0
,Martinelli,10,ARS,6.9,0,0,0.06,0.0,0,0,0,1.0,0,0
,Manning,10,SOU,4.3,2,0,0.24,0.0,0,1,0,0.1,0,0
,Mangala,10,EVE,5.0,0,3,0.02,0.16,0,0,0,0.0,0,0
,José Sá,10,WOL,4.4,0,0,0.0,0.0,0,0,0,1.2,4,0
,Madueke,10,CHE,6.8,0,2,0.03,0.53,0,0,0,0.6,0,0
,Maddison,10,TOT,6.9,0,1,0.02,0.12,0,0,0,0.1,0,0
,Mac Allister,10,LIV,6.3,0,1,0.01,0.05,0,0,0,1.2,0,0
,Longstaff (Sean),10,NEW,4.9,0,1,0.01,0.02,0,0,0,1.1,0,0
,Livramento,10,NEW,4.9,0,0,0.02,0.0,0,2,0,3.1,0,0
,Lindstrom,10,EVE,5.0,3,3,0.14,0.08,0,2,0,0.1,0,0
,Lewis-Potter,10,BRE,4.9,0,1,0.03,0.07,0,1,0,0.3,0,0
,Lewis (Rico),10,MCI,4.9,0,0,0.07,0.0,0,1,0,1.7,0,0
,Leno,10,FUL,5.0,0,0,0.0,0.0,0,0,0,1.6,1,0
,Lemina (Mario),10,WOL,4.8,0,1,0.0,0.02,0,0,0,0.1,0,0
,Lavia,10,CHE,4.9,0,0,0.02,0.0,0,1,0,0.0,0,0
,Lallana,10,SOU,5.0,0,0,0.01,0.0,0,0,0,0.0,0,0
,Lacroix,10,CRY,5.0,0,0,0.0,0.0,0,0,0,3.7,0,0
,Kulusevski,10,TOT,6.4,2,0,0.37,0.0,1,3,0,0.0,0,0
,Kristiansen,10,LEI,4.4,0,0,0.09,0.0,0,1,0,0.1,0,0
,Kovacic,10,MCI,5.9,0,3,0.09,0.07,0,0,0,0.0,0,0
,Konsa Ngoyo,10,AVL,4.4,0,0,0.15,0.0,0,0,0,8.6,0,0
,Konaté,10,LIV,5.4,0,2,0.0,0.37,0,0,0,2.7,0,0
,Kluivert,10,BOU,7.0,0,3,0.19,0.35,0,2,0,1.0,0,0
,Kilman,10,WHU,4.3,0,0,0.01,0.0,0,0,2,0.2,0,0
,Kerkez,10,BOU,5.7,0,0,0.42,0.0,2,2,0,3.6,0,0
,Kelly,10,NEW,4.2,0,0,0.0,0.0,0,0,0,0.1,0,0
,Kelleher,10,LIV,4.5,0,0,0.0,0.0,0,0,0,7.9,4,0
,Keane,10,EVE,4.5,0,1,0.0,0.1,0,0,0,1.1,0,0
,Kamara,10,AVL,4.9,0,0,0.01,0.0,0,0,0,0.2,0,0
,Kamada,10,CRY,5.0,3,2,0.2,0.15,0,3,2,0.2,0,0
,Kadioglu,10,BHA,4.4,0,2,0.08,0.22,0,1,0,0.2,0,0
,Jones,10,LIV,5.4,0,2,0.0,0.16,0,1,0,0.1,0,0
,Johnson (Ben),10,IPS,3.8,0,1,0.01,0.04,0,2,2,1.9,0,0
,Johnson (Brennan),10,TOT,6.7,0,1,0.03,0.59,0,0,0,3.1,0,0
,Raúl Jiménez,10,FUL,6.2,0,2,0.01,0.08,0,0,0,0.8,0,0
,Jensen,10,BRE,4.9,1,0,0.0,0.0,0,0,0,0.1,0,0
,Janelt,10,BRE,4.9,0,2,0.02,0.11,0,0,2,0.0,0,1
,James,10,CHE,5.5,2,0,0.17,0.0,0,0,0,7.8,0,0
,Jackson (Nicolas),10,CHE,6.5,0,1,0.05,0.08,0,1,0,0.1,0,0
,Iwobi,10,FUL,6.5,0,3,0.45,0.09,0,3,0,1.7,0,0
,Isak,10,NEW,10.4,0,2,0.04,0.29,0,0,0,5.1,0,0
,Irving,10,WHU,4.4,0,0,0.0,0.0,0,0,0,0.3,0,0
,Højlund,10,MUN,6.3,0,0,0.02,0.0,0,2,0,0.3,0,0
,Hutchinson,10,IPS,5.4,0,3,0.51,0.12,0,2,0,0.0,0,0
,Huijsen,10,BOU,4.5,0,0,0.0,0.0,0,0,0,5.0,0,0
,Hughes,10,CRY,4.8,3,1,0.03,0.21,0,0,0,0.1,0,0
,Hudson-Odoi,10,NFO,5.8,0,4,0.15,0.27,0,4,0,0.8,0,1
,Hirst,10,IPS,5.4,0,0,0.0,0.0,0,0,0,0.1,0,0
,Hinshelwood,10,BHA,5.1,0,0,0.02,0.0,0,0,0,0.0,0,0
,Hermansen,10,LEI,4.4,0,0,0.0,0.0,0,0,0,0.2,1,0
,Henderson,10,CRY,5.0,0,0,0.0,0.0,0,0,0,7.6,4,0
,Havertz,10,ARS,7.3,0,0,0.42,0.0,0,1,0,0.3,0,0
,Harwood-Bellis,10,SOU,3.9,0,2,0.01,0.32,0,0,0,4.1,0,0
,Harrison (Jack),10,EVE,5.2,0,2,0.0,0.33,0,0,0,0.1,0,0
,Lewis Hall,10,NEW,5.2,0,0,0.01,0.0,0,0,2,0.8,0,0
,Haaland,10,MCI,14.8,0,5,0.02,0.88,0,0,0,69.6,0,0
,Gvardiol,10,MCI,5.9,0,3,0.02,0.13,0,1,0,5.4,0,0
,Gusto,10,CHE,4.9,0,0,0.06,0.0,0,1,0,1.0,0,0
,Gundogan,10,MCI,6.3,1,0,0.23,0.0,0,2,0,0.1,0,0
,Bruno Guimarães,10,NEW,6.6,0,2,0.02,0.04,0,0,0,3.7,0,0
,Gueye,10,EVE,5.4,0,1,0.11,0.03,0,1,2,0.1,0,0
,Marc Guehi,10,CRY,5.0,0,2,0.01,0.72,0,0,0,34.1,0,0
,Gruda,10,BHA,5.4,2,0,0.01,0.0,0,1,0,0.1,0,0
,Gray (Archie),10,TOT,4.8,0,0,0.0,0.0,0,0,0,0.1,0,0
,Gravenberch,10,LIV,5.6,0,1,0.03,0.03,0,0,2,4.0,0,0
,Gordon (Anthony),10,NEW,7.5,3,0,0.16,0.0,1,2,0,3.1,0,0
,Gomez,10,LIV,4.9,0,2,0.0,0.3,0,0,0,0.1,0,0
,João Gomes,10,WOL,5.4,0,1,0.02,0.21,0,3,2,0.1,0,0
,Beto,10,EVE,5.2,0,1,0.0,0.69,0,0,0,3.3,0,0
,Toti,10,WOL,4.3,0,0,0.0,0.0,0,0,0,0.1,0,0
,Gibbs-White,10,NFO,7.3,0,1,0.09,0.16,0,1,0,2.9,0,0
,Garnacho,10,MUN,6.4,0,4,0.01,0.46,0,0,0,0.4,0,0
,Gonçalo Guedes,10,WOL,5.5,0,1,0.05,0.08,1,1,0,0.0,0,0
,Gakpo,10,LIV,7.6,0,3,0.14,0.1,0,1,0,14.1,0,1
,Jorginho,10,ARS,4.6,0,0,0.01,0.0,0,0,0,0.2,0,0
,Casemiro,10,MUN,5.5,0,1,0.21,0.02,0,0,2,0.6,0,0
,Fofana (Wesley),10,CHE,4.4,0,0,0.0,0.0,0,0,2,0.2,0,0
,Foden,10,MCI,8.0,6,4,0.69,0.35,0,1,0,4.3,0,0
,Flekken,10,BRE,4.5,0,0,0.0,0.0,0,0,0,10.0,10,0
,Jota Silva,10,NFO,5.4,0,0,0.01,0.0,0,0,0,0.0,0,0
,Fernández,10,CHE,6.7,0,1,0.01,0.14,0,0,0,14.3,0,0
,Ferguson,10,WHU,5.5,0,0,0.0,0.0,0,0,0,0.0,0,0
,Fatawu,10,LEI,5.1,0,2,0.34,0.07,0,2,0,0.2,0,0
,Faes,10,LEI,3.8,0,2,0.01,0.11,0,0,0,5.2,0,0
,Fabianski,10,WHU,4.5,0,0,0.0,0.0,0,0,0,0.0,3,0
,Estupiñán,10,BHA,4.5,3,0,0.02,0.0,0,0,2,0.0,0,0
,Mateus Fernandes,10,SOU,5.5,1,0,0.03,0.0,0,0,0,0.0,0,0
,Endo,10,LIV,4.9,0,0,0.0,0.0,0,0,0,0.1,0,0
,Elanga,10,NFO,6.7,5,0,0.09,0.0,0,1,0,3.7,0,0
,El Khannouss,10,LEI,4.8,2,0,0.06,0.0,0,1,0,0.2,0,0
,Díaz,10,LIV,8.0,0,0,0.02,0.0,0,1,0,0.0,0,0
,Durán,10,AVL,5.7,0,0,0.0,0.0,0,0,0,1.6,0,0
,Dragusin,10,TOT,4.5,0,0,0.01,0.0,0,0,0,0.0,0,0
,Doyle (Tommy),10,WOL,4.7,0,1,0.01,0.01,0,0,0,0.0,0,0
,Downes,10,SOU,4.7,0,0,0.19,0.0,0,1,0,0.0,0,0
,Doucoure,10,CRY,4.9,0,0,0.0,0.0,0,0,0,0.0,0,0
,Nicolás Domínguez,10,NFO,5.0,0,2,0.09,0.15,0,1,0,0.0,0,0
,Doku,10,MCI,6.5,0,1,0.01,0.04,0,1,0,5.0,0,0
,Digne,10,AVL,4.5,3,1,0.15,0.02,0,4,0,1.6,0,0
,Dibling,10,SOU,5.4,0,0,0.02,0.0,0,1,0,0.0,0,0
,Delap,10,IPS,6.2,0,0,0.01,0.0,0,1,0,0.9,0,0
,Dawson,10,WOL,4.2,0,0,0.01,0.0,0,0,2,0.1,0,0
,Davis,10,IPS,4.2,3,1,0.22,0.09,0,3,0,0.9,0,0
,Davies (Ben),10,TOT,4.3,0,0,0.0,0.0,0,0,0,0.1,0,0
,Damsgaard,10,BRE,5.8,2,0,0.0,0.0,0,0,0,0.6,0,0
,Dalot,10,MUN,4.4,0,0,0.01,0.0,0,0,0,1.0,0,0
,Cucurella,10,CHE,6.1,0,1,0.02,0.04,0,1,0,21.8,0,0
,Cook,10,BOU,4.9,2,0,0.01,0.0,0,0,2,0.0,0,0
,Colwill,10,CHE,4.8,0,1,0.27,0.01,0,0,0,0.1,0,0
,Collins,10,BRE,4.9,0,0,0.0,0.0,0,0,2,1.1,0,0
,Clyne,10,CRY,3.9,0,0,0.0,0.0,0,0,0,0.5,0,0
,Clarke (Jack),10,IPS,5.4,0,0,0.0,0.0,0,0,0,0.0,0,0
,Christie,10,BOU,5.0,0,0,0.01,0.0,0,0,0,0.1,0,0
,Chaplin,10,IPS,5.1,0,3,0.04,0.16,0,0,0,0.1,0,0
,Chalobah,10,CHE,5.1,0,1,0.0,0.06,0,1,2,7.6,0,0
,Castagne,10,FUL,4.4,0,2,0.01,0.05,0,0,0,0.1,0,0
,Cash,10,AVL,4.6,0,0,0.0,0.0,0,0,0,5.2,0,0
,Carvalho,10,BRE,4.9,0,1,0.01,0.32,0,0,0,0.2,0,0
,Calvert-Lewin,10,EVE,5.5,0,1,0.0,0.09,0,0,0,1.4,0,0
,Cajuste,10,IPS,4.5,0,0,0.0,0.0,0,0,0,0.1,0,0
,Cairney,10,FUL,4.9,3,0,0.03,0.0,0,1,0,0.0,0,0
,Moises Caicedo,10,CHE,6.0,0,1,0.04,0.03,0,1,0,19.8,0,1
,Burns,10,IPS,4.7,0,0,0.0,0.0,0,0,0,0.0,0,0
,Burn,10,NEW,5.2,0,0,0.0,0.0,0,0,0,10.7,0,0
,Burgess,10,IPS,3.8,0,0,0.0,0.0,0,0,0,1.8,0,0
,Buonanotte,10,LEI,4.7,3,3,0.08,0.23,0,3,0,0.1,0,0
,Bueno (Santiago),10,WOL,4.4,0,0,0.0,0.0,0,0,0,0.1,0,0
,Brooks,10,BOU,5.0,0,1,0.0,0.1,0,0,0,0.2,0,0
,Branthwaite,10,EVE,5.3,0,0,0.0,0.0,0,0,0,0.2,0,0
,Bradley,10,LIV,5.0,0,0,0.0,0.0,0,0,0,0.2,0,0
,Bowen,10,WHU,7.7,2,2,0.06,0.04,0,1,0,7.6,0,0
,Bruno Fernandes,10,MUN,8.9,4,4,0.1,1.27,0,4,2,16.3,0,0
,Bissouma,10,TOT,5.2,0,0,0.01,0.0,0,0,0,0.0,0,0
,Berge,10,FUL,4.9,0,0,0.04,0.0,0,3,2,0.1,0,0
,Bentancur,10,TOT,5.3,0,3,0.02,0.07,0,0,2,0.4,0,0
,Bellegarde,10,WOL,5.2,0,0,0.17,0.0,0,1,0,0.0,0,0
,Bednarek,10,SOU,4.0,0,0,0.01,0.0,0,0,2,1.9,0,0
,Bassey,10,FUL,4.5,0,2,0.02,0.05,0,0,0,0.6,0,0
,Barnes,10,NEW,6.3,0,0,0.41,0.0,0,1,0,0.4,0,0
,Ricardo Pereira,10,LEI,4.1,0,0,0.01,0.0,0,0,0,0.1,0,0
,Bailey,10,AVL,5.5,0,1,0.0,0.02,0,0,0,0.1,0,0
,Ayew,10,LEI,5.1,0,5,0.04,0.75,0,0,0,0.2,0,0
,Ayari,10,BHA,4.9,2,1,0.21,0.02,0,2,2,0.3,0,0
,Awoniyi,10,NFO,5.2,0,1,0.0,0.1,0,0,0,0.4,0,0
,Armstrong (Adam),10,SOU,5.1,0,3,0.07,0.29,0,1,0,0.5,0,0
,Aribo,10,SOU,4.9,0,2,0.0,0.04,0,0,0,0.1,0,0
,Archer,10,SOU,4.8,0,1,0.03,0.06,0,1,0,1.1,0,0
,Joelinton,10,NEW,5.9,0,1,0.01,0.04,0,1,0,0.3,0,0
,Antonio,10,WHU,5.2,0,1,0.01,0.03,0,1,0,0.8,0,0
,Anderson,10,NFO,5.3,5,0,0.28,0.0,0,3,0,3.0,0,0
,Andersen,10,FUL,4.5,0,2,0.03,0.08,0,0,0,2.8,0,0
,Alexander-Arnold,10,LIV,7.2,3,0,0.1,0.0,0,2,2,16.7,0,0
,Aké,10,MCI,5.3,0,1,0.01,0.02,0,0,0,0.6,0,0
,Akanji,10,MCI,5.4,0,0,0.02,0.0,0,0,0,0.3,0,0
,Ait Nouri,10,WOL,5.8,0,2,0.02,0.07,0,0,0,4.9,0,0
,Aina,10,NFO,4.7,0,1,0.03,0.07,0,1,0,2.5,0,1
,Adingra,10,BHA,5.1,0,0,0.02,0.0,0,0,0,0.5,0,0
,Adams (Tyler),10,BOU,5.0,0,0,0.01,0.0,0,1,0,0.4,0,0
,van den Berg,11,BRE,4.5,0,2,0.03,0.16,0,0,0,0.6,0,0
,van Hecke,11,BHA,4.4,0,0,0.15,0.0,0,1,0,1.3,0,0
,van Dijk,11,LIV,6.0,0,0,0.02,0.0,0,1,0,23.6,0,0
,Igor Julio,11,BHA,4.5,0,0,0.0,0.0,0,0,0,0.1,0,0
,Gabriel Magalhães,11,ARS,6.6,0,0,0.23,0.0,0,1,0,41.0,0,0
,Evanilson,11,BOU,7.0,0,1,0.01,0.97,0,2,0,1.4,0,1
,de Ligt,11,MUN,5.0,0,0,0.0,0.0,0,0,0,3.0,0,0
,Jesus,11,ARS,6.4,0,0,0.0,0.0,0,0,0,0.0,0,0
,Zirkzee,11,MUN,5.8,0,1,0.01,0.02,0,0,0,0.4,0,0
,Zabarnyi,11,BOU,5.0,0,0,0.01,0.0,0,0,0,0.0,0,0
,Young (Ashley),11,EVE,4.2,0,2,0.06,0.07,0,2,0,1.4,0,0
,Yates,11,NFO,4.7,0,1,0.03,0.11,0,2,0,0.1,0,0
,Yarmolyuk,11,BRE,5.0,0,0,0.0,0.0,0,0,0,0.1,0,0
,Wood (Chris),11,NFO,7.2,0,0,0.01,0.0,0,2,0,6.5,0,0
,Wissa,11,BRE,7.4,1,2,0.02,0.6,0,0,0,0.5,0,0
,Winks,11,LEI,4.3,1,1,0.04,0.03,0,0,2,4.7,0,0
,Wilson (Harry),11,FUL,5.2,1,1,0.0,0.45,0,0,0,0.3,0,0
,Willock,11,NEW,5.0,0,2,0.13,0.06,0,3,0,0.1,0,0
,White (Ben),11,ARS,5.3,0,1,0.29,0.02,0,1,0,0.4,0,0
,Werner,11,TOT,6.2,0,2,0.01,0.18,0,0,0,0.1,0,0
,Welbeck,11,BHA,6.5,0,2,0.01,0.3,0,0,0,7.9,0,0
,Watkins,11,AVL,8.5,0,3,0.01,0.36,0,0,0,6.6,0,0
,Ward-Prowse,11,WHU,5.7,0,0,0.0,0.0,0,0,0,0.2,0,0
,Wan-Bissaka,11,WHU,4.3,0,0,0.01,0.0,0,0,0,5.8,0,0
,Walker-Peters,11,SOU,4.3,0,0,0.02,0.0,0,0,0,0.3,0,0
,Walker,11,MCI,4.4,0,0,0.06,0.0,0,1,0,1.6,0,0
,Vicario,11,TOT,5.1,0,0,0.0,0.0,0,0,0,10.1,1,0
,Vestergaard,11,LEI,3.9,0,0,0.0,0.0,0,0,0,1.5,0,0
,Verbruggen,11,BHA,4.4,0,0,0.0,0.0,0,0,0,4.1,5,0
,Veltman,11,BHA,4.3,0,0,0.02,0.0,0,0,0,0.1,0,0
,Bernardo Silva,11,MCI,6.3,0,1,0.01,0.07,0,0,0,0.5,0,0
,Unal,11,BOU,5.4,0,1,0.0,0.06,0,0,0,0.0,0,0
,Ugochukwu,11,SOU,5.0,0,0,0.01,0.0,0,0,0,0.1,0,0
,Ugarte,11,MUN,4.8,0,1,0.02,0.01,0,1,2,0.1,0,0
,Destiny Udogie,11,TOT,4.4,0,0,0.03,0.0,0,2,0,0.4,0,0
,Tuanzebe,11,IPS,3.9,0,0,0.0,0.0,0,0,0,1.8,0,0
,Trossard,11,ARS,6.9,0,2,0.02,0.47,0,1,0,0.5,0,0
,Traoré (Adama),11,FUL,5.2,0,0,0.09,0.0,0,0,0,0.2,0,0
,Amad Diallo,11,MUN,6.3,0,4,0.02,0.28,0,1,2,1.3,0,0
,Torres,11,AVL,4.3,0,0,0.07,0.0,0,0,0,0.3,0,0
,Tonali,11,NEW,5.4,0,0,0.01,0.0,0,1,0,1.3,0,0
,Lucas Paquetá,11,WHU,5.9,0,1,0.28,0.01,0,3,0,2.5,0,0
,Todibo,11,WHU,4.3,0,0,0.0,0.0,0,1,0,0.1,0,0
,Jurriën Timber,11,ARS,6.1,0,1,0.01,0.04,0,0,0,25.1,0,0
,Tielemans,11,AVL,5.9,3,0,0.15,0.0,0,3,0,0.6,0,0
,Tete,11,FUL,4.5,0,1,0.02,0.05,0,0,2,0.2,0,0
,Tavernier,11,BOU,5.5,0,0,0.36,0.0,0,1,0,1.6,0,0
,Tarkowski,11,EVE,5.5,0,1,0.01,0.06,0,0,2,6.3,0,0
,Szoboszlai,11,LIV,6.5,0,0,0.18,0.0,0,1,0,4.2,0,0
,Szmodics,11,IPS,5.7,0,2,0.0,0.43,0,0,0,0.1,0,1
,Summerville,11,WHU,5.5,1,1,0.16,0.28,0,2,0,0.1,0,0
,Sugawara,11,SOU,4.2,0,1,0.01,0.05,0,0,0,0.1,0,0
,Strand Larsen,11,WOL,6.4,0,1,0.0,0.04,0,0,0,1.3,0,0
,Stephens,11,SOU,4.0,0,0,0.05,0.0,0,0,0,0.3,0,0
,Soumaré,11,LEI,4.4,0,0,0.01,0.0,0,1,2,0.3,0,0
,Soucek,11,WHU,5.7,0,0,0.11,0.0,0,0,0,0.2,0,0
,Sosa,11,NFO,5.5,0,1,0.01,0.05,0,0,0,0.1,0,0
,Son,11,TOT,8.5,0,4,0.48,0.08,0,2,0,0.1,0,0
,Soler (Carlos),11,WHU,5.0,0,1,0.01,0.04,0,0,0,0.0,0,0
,Solanke,11,TOT,7.2,0,4,0.01,0.36,0,0,0,0.9,0,0
,Smith-Rowe,11,FUL,5.6,0,2,0.05,0.18,0,3,0,0.4,0,0
,Smith,11,BOU,4.4,0,0,0.01,0.0,0,0,0,0.2,0,0
,Simpson-Pusey,11,MCI,4.0,0,0,0.01,0.0,0,0,0,0.0,0,0
,Senesi,11,BOU,5.0,0,1,0.02,0.69,0,0,0,26.2,0,0
,Semenyo,11,BOU,8.1,0,5,0.03,0.28,0,0,0,64.4,0,0
,Semedo,11,WOL,4.5,0,0,0.05,0.0,0,1,0,0.6,0,0
,Sels,11,NFO,4.8,0,0,0.0,0.0,0,0,0,8.3,3,0
,Schär,11,NEW,5.4,0,1,0.01,0.02,0,0,0,1.9,0,0
,Schlupp,11,CRY,4.6,0,0,0.01,0.0,0,1,0,0.0,0,0
,Schade,11,BRE,7.0,0,1,0.0,0.27,0,0,0,0.7,0,0
,Ismaila Sarr,11,CRY,6.6,0,0,0.38,0.0,0,1,0,11.6,0,0
,Sarr (Pape),11,TOT,4.9,0,0,0.05,0.0,0,1,0,1.7,0,0
,Sarabia,11,WOL,5.0,0,1,0.02,0.97,0,0,0,0.1,0,1
,Diego Carlos,11,AVL,4.5,0,1,0.0,0.06,0,0,0,0.3,0,0
,Matheus Cunha,11,WOL,7.9,1,2,0.42,0.06,1,2,0,4.4,0,1
,Murillo,11,NFO,5.3,0,2,0.05,0.19,0,0,2,2.0,0,0
,Ederson,11,MCI,5.3,0,0,0.0,0.0,0,0,0,0.9,2,0
,Sanchez,11,CHE,4.8,0,0,0.0,0.0,0,0,0,13.5,2,0
,Saliba,11,ARS,6.0,0,0,0.29,0.0,0,2,0,11.6,0,0
,Salah,11,LIV,14.2,0,3,0.28,0.78,1,2,0,24.9,0,0
,Saka,11,ARS,10.1,1,2,0.01,0.03,0,0,0,17.2,0,0
,Rutter,11,BHA,5.7,0,1,0.0,0.18,0,0,0,0.5,0,0
,Romero,11,TOT,5.0,0,1,0.09,0.08,0,1,0,4.2,0,0
,Rogers,11,AVL,6.8,0,1,0.03,0.19,0,2,0,4.8,0,0
,Rodríguez,11,WHU,4.8,0,1,0.01,0.02,0,0,0,0.0,0,0
,Robinson (Antonee),11,FUL,4.9,0,2,0.05,0.06,0,1,0,0.5,0,0
,Robertson,11,LIV,5.8,2,0,0.26,0.0,0,2,0,0.9,0,0
,Rice,11,ARS,6.8,1,0,0.07,0.0,0,0,0,16.4,0,0
,Reed,11,FUL,4.4,0,0,0.0,0.0,0,0,0,0.2,0,0
,Raya Martin,11,ARS,5.8,0,0,0.0,0.0,0,0,0,31.3,2,0
,Rashford,11,AVL,7.0,0,0,0.02,0.0,0,0,0,0.0,0,0
,Ramsey (Jacob),11,AVL,5.3,0,2,0.01,0.12,0,0,0,0.2,0,0
,Ramsdale,11,SOU,4.8,0,0,0.0,0.0,0,0,0,0.6,2,0
,Porro,11,TOT,5.5,5,0,0.17,0.0,0,4,0,18.4,0,0
,Pope,11,NEW,5.2,0,0,0.0,0.0,0,0,0,12.2,2,0
,Pinnock,11,BRE,4.3,0,0,0.13,0.0,0,1,0,0.1,0,0
,Pickford,11,EVE,5.5,0,0,0.0,0.0,0,0,0,9.7,6,0
,Philogene-Bidace,11,IPS,5.3,0,1,0.0,0.17,0,0,0,0.1,0,0
,Pereira,11,FUL,5.3,7,2,0.14,0.52,0,3,0,0.1,0,0
,Partey,11,ARS,4.9,0,1,0.02,0.24,0,0,0,0.7,0,0
,Emerson,11,WHU,4.4,3,1,0.02,0.04,0,1,0,0.1,0,0
,Palmer (Cole),11,CHE,10.3,3,4,0.01,0.16,0,1,0,9.2,0,0
,O’Riley,11,BHA,5.5,0,1,0.01,0.52,0,0,0,0.4,0,0
,Osula,11,NEW,5.5,0,0,0.0,0.0,0,0,0,0.3,0,0
,Paul Onuachu,11,SOU,4.9,0,0,0.0,0.0,0,0,0,0.3,0,0
,Onana,11,MUN,4.9,0,0,0.0,0.0,0,0,0,0.2,5,0
,Odegaard,11,ARS,7.8,1,2,0.24,0.11,1,4,0,1.4,0,0
,O'Shea,11,IPS,3.8,0,1,0.01,0.07,0,0,2,1.2,0,0
,Núñez,11,LIV,6.5,0,6,0.02,1.0,0,0,0,0.1,0,0
,Matheus Nunes,11,MCI,5.3,0,0,0.03,0.0,0,1,0,0.8,0,0
,Norgaard,11,BRE,5.2,0,1,0.01,0.08,0,0,0,0.1,0,0
,Nkunku,11,CHE,5.9,0,0,0.0,0.0,0,0,0,0.1,0,0
,Neto,11,CHE,7.1,0,3,0.63,0.06,0,2,0,5.9,0,1
,Nelson (Reiss),11,FUL,4.8,0,4,0.09,0.26,0,3,0,0.1,0,0
,Ndidi,11,LEI,4.9,0,3,0.01,0.55,0,1,0,0.2,0,0
,Ndiaye,11,EVE,6.5,0,2,0.03,0.07,0,0,2,11.1,0,0
,Mykolenko,11,EVE,4.9,0,2,0.01,0.03,0,1,0,0.4,0,0
,Mvom Onana,11,AVL,4.8,0,1,0.0,0.15,0,0,2,0.6,0,0
,Muñoz,11,CRY,5.7,0,2,0.0,0.52,0,1,0,15.3,0,0
,Muric,11,IPS,4.4,0,0,0.0,0.0,0,0,0,0.4,6,0
,Rodrigo Muniz,11,FUL,5.4,0,0,0.0,0.0,0,0,0,1.0,0,0
,Mudryk,11,CHE,5.0,1,0,0.12,0.0,0,0,0,0.0,0,0
,Morsy,11,IPS,4.8,0,0,0.04,0.0,0,0,0,0.1,0,0
,Álex Moreno,11,NFO,4.0,0,0,0.0,0.0,0,0,2,2.4,0,0
,Savinho,11,MCI,6.9,0,2,0.04,0.58,0,2,0,0.5,0,0
,Moder,11,BHA,4.4,0,0,0.0,0.0,0,0,0,0.4,0,0
,Mitoma,11,BHA,6.2,0,1,0.27,0.22,0,1,0,2.3,0,0
,Mitchell,11,CRY,5.0,0,0,0.11,0.0,0,1,0,2.2,0,0
,Milenkovic,11,NFO,5.2,0,1,0.0,0.02,0,0,0,4.0,0,0
,Merino,11,ARS,5.9,0,1,0.0,0.1,0,0,0,0.5,0,0
,McGinn,11,AVL,5.4,0,1,0.11,0.05,0,1,0,0.6,0,0
,McAteer,11,LEI,4.7,0,0,0.0,0.0,0,0,0,0.0,0,0
,Mbeumo,11,BRE,8.3,4,1,0.25,0.09,0,1,0,28.5,0,0
,Mazraoui,11,MUN,4.9,0,1,0.23,0.02,0,1,0,0.2,0,0
,Mateta,11,CRY,7.9,0,6,0.01,0.81,0,0,0,23.0,0,0
,Martínez,11,MUN,4.8,0,0,0.01,0.0,0,0,0,0.1,0,0
,Martinez,11,AVL,5.0,0,0,0.0,0.0,0,0,0,2.0,3,0
,Martinelli,11,ARS,6.9,0,3,0.0,0.54,0,0,0,1.0,0,0
,Manning,11,SOU,4.3,3,0,0.18,0.0,0,2,0,0.1,0,0
,Mangala,11,EVE,5.0,0,1,0.36,0.04,0,1,0,0.0,0,0
,José Sá,11,WOL,4.4,0,0,0.0,0.0,0,0,0,1.2,0,0
,Madueke,11,CHE,6.8,0,4,0.3,0.28,0,1,0,0.6,0,0
,Maddison,11,TOT,6.9,1,0,0.0,0.0,0,0,0,0.1,0,0
,Mac Allister,11,LIV,6.3,0,0,0.08,0.0,0,1,0,1.2,0,0
,Maatsen,11,AVL,4.3,3,0,0.02,0.0,0,1,0,0.4,0,0
,Luongo,11,IPS,4.3,0,0,0.0,0.0,0,0,0,0.2,0,0
,Longstaff (Sean),11,NEW,4.9,0,1,0.13,0.22,0,1,0,1.1,0,0
,Livramento,11,NEW,4.9,0,0,0.01,0.0,0,0,0,3.1,0,0
,Luis Guilherme,11,WHU,4.9,1,0,0.0,0.0,0,0,0,0.0,0,0
,Lindstrom,11,EVE,5.0,6,3,0.13,0.44,0,2,0,0.1,0,0
,Lewis-Potter,11,BRE,4.9,0,0,0.27,0.0,0,3,0,0.3,0,0
,Lewis (Rico),11,MCI,4.9,0,0,0.02,0.0,0,0,0,1.7,0,0
,Leno,11,FUL,5.0,0,0,0.0,0.0,0,0,0,1.6,4,0
,Lemina (Mario),11,WOL,4.8,0,1,0.01,0.02,0,1,0,0.1,0,0
,Lavia,11,CHE,4.9,0,0,0.03,0.0,0,2,0,0.0,0,0
,Lallana,11,SOU,5.0,0,0,0.19,0.0,0,1,0,0.0,0,0
,Lacroix,11,CRY,5.0,0,1,0.01,0.02,0,0,2,3.7,0,0
,Kulusevski,11,TOT,6.4,6,0,0.24,0.0,0,3,0,0.0,0,0
,Kristiansen,11,LEI,4.4,0,0,0.01,0.0,0,0,0,0.1,0,0
,Kporha,11,CRY,4.0,0,0,0.02,0.0,0,0,0,0.0,0,0
,Kovacic,11,MCI,5.9,0,1,0.24,0.02,0,5,0,0.0,0,0
,Konsa Ngoyo,11,AVL,4.4,0,0,0.0,0.0,0,0,0,8.6,0,0
,Konaté,11,LIV,5.4,0,1,0.01,0.11,0,1,0,2.7,0,0
,Konak,11,BRE,4.4,0,0,0.0,0.0,0,0,0,0.2,0,0
,Kluivert,11,BOU,7.0,0,1,0.13,0.13,0,1,0,1.0,0,0
,Kilman,11,WHU,4.3,0,0,0.01,0.0,0,0,2,0.2,0,0
,Kerkez,11,BOU,5.7,0,0,0.1,0.0,0,1,0,3.6,0,0
,Kelleher,11,LIV,4.5,0,0,0.0,0.0,0,0,0,7.9,2,0
,Kamara,11,AVL,4.9,0,0,0.0,0.0,0,0,0,0.2,0,0
,Kamada,11,CRY,5.0,1,0,0.05,0.0,0,1,0,0.2,0,0
,Justin,11,LEI,4.0,0,0,0.02,0.0,0,0,0,0.2,0,0
,João Pedro,11,BHA,7.4,0,2,0.36,0.53,1,1,0,45.5,0,0
,Jones,11,LIV,5.4,0,0,0.01,0.0,0,0,0,0.1,0,0
,Johnson (Ben),11,IPS,3.8,0,0,0.01,0.0,0,0,0,1.9,0,0
,Johnson (Brennan),11,TOT,6.7,0,3,0.02,0.6,0,0,0,3.1,0,0
,Raúl Jiménez,11,FUL,6.2,0,2,0.18,0.13,1,1,0,0.8,0,0
,Jensen,11,BRE,4.9,1,1,0.06,0.02,0,0,0,0.1,0,0
,Janelt,11,BRE,4.9,0,2,0.31,0.14,1,2,0,0.0,0,0
,James,11,CHE,5.5,0,0,0.0,0.0,0,0,0,7.9,0,0
,Jackson (Nicolas),11,CHE,6.5,0,2,0.05,0.08,0,1,0,0.1,0,0
,Iwobi,11,FUL,6.5,0,2,0.64,0.14,1,4,0,1.7,0,0
,Isak,11,NEW,10.4,0,3,0.24,0.55,0,3,0,5.1,0,0
,Ings,11,WHU,4.8,0,2,0.01,0.31,0,0,0,1.2,0,0
,Højlund,11,MUN,6.3,0,1,0.02,0.07,0,0,0,0.3,0,0
,Hutchinson,11,IPS,5.4,0,1,0.05,0.07,0,1,0,0.0,0,0
,Huijsen,11,BOU,4.5,0,1,0.01,0.22,0,1,0,5.0,0,0
,Hudson-Odoi,11,NFO,5.8,0,0,0.01,0.0,0,0,0,0.8,0,0
,Hirst,11,IPS,5.4,0,0,0.02,0.0,0,0,0,0.1,0,0
,Hinshelwood,11,BHA,5.1,0,1,0.0,0.35,0,0,0,0.0,0,0
,Hermansen,11,LEI,4.4,0,0,0.0,0.0,0,0,0,0.2,1,0
,Henderson,11,CRY,5.0,0,0,0.0,0.0,0,0,0,7.6,5,0
,Havertz,11,ARS,7.3,0,0,0.01,0.0,0,1,0,0.3,0,0
,Harwood-Bellis,11,SOU,3.9,0,1,0.02,0.17,0,0,0,4.1,0,0
,Harrison (Jack),11,EVE,5.2,0,0,0.0,0.0,0,0,0,0.1,0,0
,Lewis Hall,11,NEW,5.2,2,0,0.08,0.0,0,0,0,0.8,0,0
,Haaland,11,MCI,14.8,0,7,0.0,1.38,0,0,0,69.7,0,0
,Gvardiol,11,MCI,5.9,0,1,0.03,0.05,0,0,0,5.4,0,0
,Gusto,11,CHE,4.9,0,3,0.02,0.6,0,2,0,1.0,0,0
,Gundogan,11,MCI,6.3,3,0,0.01,0.0,0,0,0,0.1,0,0
,Bruno Guimarães,11,NEW,6.6,0,3,0.05,0.12,0,0,0,3.7,0,0
,Gueye,11,EVE,5.4,0,2,0.26,0.06,0,3,0,0.1,0,0
,Marc Guehi,11,CRY,5.0,0,2,0.01,0.09,0,1,0,34.1,0,0
,Gruda,11,BHA,5.4,0,0,0.02,0.0,0,1,0,0.1,0,0
,Gravenberch,11,LIV,5.6,0,1,0.02,0.03,0,0,2,4.0,0,0
,Gordon (Anthony),11,NEW,7.5,3,2,0.39,0.23,0,3,0,3.1,0,0
,João Gomes,11,WOL,5.4,0,1,0.01,0.05,0,0,0,0.1,0,0
,Beto,11,EVE,5.2,0,0,0.0,0.0,0,0,0,3.3,0,0
,Rodrigo Gomes,11,WOL,4.5,0,0,0.0,0.0,0,0,0,0.1,0,0
,Toti,11,WOL,4.3,0,0,0.03,0.0,0,1,0,0.1,0,0
,Gibbs-White,11,NFO,7.3,0,1,0.01,0.13,0,0,0,2.9,0,0
,Garnacho,11,MUN,6.4,0,2,0.01,0.06,0,0,0,0.4,0,1
,Gonçalo Guedes,11,WOL,5.5,0,0,0.0,0.0,0,0,0,0.0,0,0
,Gakpo,11,LIV,7.6,0,2,0.0,0.06,0,0,0,14.1,0,0
,Casemiro,11,MUN,5.5,0,1,0.01,0.06,0,1,2,0.6,0,0
,Fofana (Wesley),11,CHE,4.4,0,1,0.01,0.36,0,1,0,0.2,0,0
,Foden,11,MCI,8.0,1,2,0.28,0.08,0,4,0,4.3,0,0
,Flekken,11,BRE,4.5,0,0,0.0,0.0,0,0,0,10.0,1,0
,Jota Silva,11,NFO,5.4,0,0,0.05,0.0,0,1,0,0.0,0,0
,Fernández,11,CHE,6.7,0,0,0.05,0.0,0,2,0,14.3,0,0
,Fatawu,11,LEI,5.1,0,1,0.04,0.01,0,0,0,0.2,0,0
,Faes,11,LEI,3.8,0,0,0.01,0.0,0,0,2,5.2,0,0
,Fabianski,11,WHU,4.5,0,0,0.0,0.0,0,0,0,0.0,4,0
,Evans (Jonny),11,MUN,4.4,0,0,0.0,0.0,0,0,0,0.1,0,0
,Estupiñán,11,BHA,4.5,0,1,0.29,0.12,0,2,0,0.0,0,0
,Mateus Fernandes,11,SOU,5.5,4,3,0.17,0.22,0,2,0,0.0,0,0
,Eriksen,11,MUN,5.2,0,0,0.01,0.0,0,1,0,0.2,0,0
,Endo,11,LIV,4.9,0,0,0.0,0.0,0,0,0,0.1,0,0
,Elanga,11,NFO,6.7,3,2,0.42,0.11,1,3,0,3.7,0,0
,El Khannouss,11,LEI,4.8,2,0,0.0,0.0,0,0,0,0.2,0,0
,Edouard,11,LEI,5.0,0,0,0.0,0.0,0,0,0,0.3,0,0
,Díaz,11,LIV,8.0,0,1,0.08,0.04,0,3,0,0.0,0,0
,Durán,11,AVL,5.7,0,0,0.0,0.0,0,0,0,1.6,0,0
,Dragusin,11,TOT,4.5,0,0,0.01,0.0,0,0,0,0.0,0,0
,Doucouré,11,EVE,5.1,0,1,0.04,0.17,0,3,0,0.5,0,0
,Doucoure,11,CRY,4.9,0,1,0.0,0.02,0,0,0,0.0,0,0
,Nicolás Domínguez,11,NFO,5.0,0,1,0.02,0.02,0,0,2,0.0,0,0
,Doherty,11,WOL,4.4,0,0,0.0,0.0,0,0,0,0.1,0,0
,Digne,11,AVL,4.5,3,1,0.15,0.23,0,2,0,1.6,0,0
,Dibling,11,SOU,5.4,2,1,0.01,0.03,0,0,0,0.0,0,0
,Devenny,11,CRY,4.4,0,1,0.14,0.11,0,2,0,1.1,0,0
,Delap,11,IPS,6.2,0,1,0.04,0.88,1,2,0,0.9,0,0
,De Bruyne,11,MCI,9.5,0,1,0.01,0.03,0,0,0,11.6,0,0
,Dawson,11,WOL,4.2,0,0,0.0,0.0,0,0,2,0.1,0,0
,Davis,11,IPS,4.2,2,1,0.15,0.04,0,2,0,0.9,0,0
,Damsgaard,11,BRE,5.8,0,2,0.1,0.11,0,1,2,0.6,0,0
,Dalot,11,MUN,4.4,0,0,0.01,0.0,0,0,0,1.0,0,0
,Cucurella,11,CHE,6.1,0,0,0.01,0.0,0,0,0,21.8,0,0
,Coufal,11,WHU,4.1,0,0,0.01,0.0,0,0,0,0.4,0,0
,Cook,11,BOU,4.9,2,3,0.37,0.13,1,1,2,0.0,0,0
,Colwill,11,CHE,4.8,0,0,0.01,0.0,0,1,0,0.1,0,0
,Collins,11,BRE,4.9,0,0,0.29,0.0,0,1,2,1.1,0,0
,Clyne,11,CRY,3.9,0,0,0.0,0.0,0,0,0,0.5,0,0
,Clarke (Jack),11,IPS,5.4,0,1,0.01,0.02,0,0,0,0.0,0,0
,Christie,11,BOU,5.0,2,1,0.53,0.1,0,2,2,0.1,0,0
,Chalobah,11,CHE,5.1,0,0,0.0,0.0,0,1,2,7.6,0,0
,Carvalho,11,BRE,4.9,0,0,0.0,0.0,0,0,0,0.2,0,0
,Calvert-Lewin,11,EVE,5.5,0,4,0.05,0.17,0,1,0,1.4,0,0
,Cajuste,11,IPS,4.5,0,0,0.01,0.0,0,0,0,0.1,0,0
,Cairney,11,FUL,4.9,0,0,0.01,0.0,0,0,0,0.0,0,0
,Moises Caicedo,11,CHE,6.0,0,0,0.02,0.0,0,0,2,19.8,0,0
,Burn,11,NEW,5.2,0,1,0.04,0.1,0,1,0,10.7,0,0
,Burgess,11,IPS,3.8,0,1,0.02,0.11,0,0,2,1.8,0,0
,Buonanotte,11,LEI,4.7,2,0,0.35,0.0,0,3,0,0.1,0,0
,Bueno (Santiago),11,WOL,4.4,0,0,0.0,0.0,0,0,0,0.1,0,0
,Brooks,11,BOU,5.0,0,0,0.01,0.0,0,0,0,0.2,0,0
,Brereton,11,SOU,4.8,0,1,0.0,0.12,0,0,0,0.1,0,0
,Branthwaite,11,EVE,5.3,0,0,0.02,0.0,0,0,0,0.2,0,0
,Bradley,11,LIV,5.0,0,0,0.01,0.0,0,0,0,0.2,0,0
,Bowen,11,WHU,7.7,2,3,0.19,0.1,0,1,0,7.6,0,0
,Bruno Fernandes,11,MUN,8.9,1,2,0.17,0.23,0,7,0,16.3,0,1
,Bissouma,11,TOT,5.2,0,0,0.0,0.0,0,0,0,0.0,0,0
,Berge,11,FUL,4.9,0,0,0.15,0.0,0,1,0,0.1,0,0
,Bentancur,11,TOT,5.3,0,3,0.04,0.25,0,0,2,0.4,0,0
,Bellegarde,11,WOL,5.2,0,1,0.0,0.03,0,0,0,0.0,0,0
,Bednarek,11,SOU,4.0,0,1,0.02,0.01,0,0,0,1.9,0,0
,Bassey,11,FUL,4.5,0,0,0.0,0.0,0,0,0,0.6,0,0
,Barnes,11,NEW,6.3,0,2,0.0,0.27,0,0,0,0.4,0,1
,Baleba,11,BHA,4.7,0,1,0.04,0.07,0,1,0,2.1,0,0
,Bailey,11,AVL,5.5,0,1,0.02,0.05,0,0,0,0.1,0,0
,Ayew,11,LEI,5.1,0,1,0.04,0.05,0,0,0,0.2,0,0
,Ayari,11,BHA,4.9,0,0,0.01,0.0,0,0,0,0.3,0,0
,Awoniyi,11,NFO,5.2,0,0,0.0,0.0,0,0,0,0.4,0,0
,Kepa,11,BOU,4.2,0,0,0.0,0.0,0,1,0,0.5,3,0
,Armstrong (Adam),11,SOU,5.1,0,1,0.04,0.05,0,0,0,0.5,0,0
,Aribo,11,SOU,4.9,0,0,0.01,0.0,0,0,0,0.1,0,0
,Archer,11,SOU,4.8,0,0,0.0,0.0,0,0,0,1.1,0,0
,Araujo,11,BOU,3.9,0,0,0.0,0.0,0,0,0,0.7,0,0
,Joelinton,11,NEW,5.9,0,2,0.29,0.13,0,1,0,0.3,0,1
,Antonio,11,WHU,5.2,0,1,0.01,0.03,0,1,0,0.8,0,0
,Anderson,11,NFO,5.3,1,0,0.01,0.0,0,0,0,3.0,0,0
,Andersen,11,FUL,4.5,0,1,0.01,0.03,0,0,0,2.8,0,0
,Alexander-Arnold,11,LIV,7.2,0,0,0.03,0.0,0,1,0,16.7,0,0
,Ait Nouri,11,WOL,5.8,0,1,0.08,0.09,0,0,0,4.9,0,0
,Aina,11,NFO,4.7,0,0,0.06,0.0,0,0,0,2.5,0,0
,Agbinone,11,CRY,4.4,0,0,0.0,0.0,0,0,0,0.1,0,0
,Adingra,11,BHA,5.1,0,0,0.03,0.0,0,0,0,0.5,0,0
,Adams (Tyler),11,BOU,5.0,0,1,0.02,0.03,0,1,0,0.4,0,0
,van den Berg,12,BRE,4.5,0,1,0.01,0.07,0,0,0,0.6,0,0
,van Hecke,12,BHA,4.4,0,1,0.0,0.01,0,0,0,1.3,0,0
,van Dijk,12,LIV,6.0,0,0,0.03,0.0,0,0,0,23.6,0,0
,Igor Julio,12,BHA,4.5,0,0,0.0,0.0,0,0,0,0.1,0,0
,Gabriel Magalhães,12,ARS,6.6,0,1,0.02,0.07,0,0,0,41.0,0,0
,Evanilson,12,BOU,7.0,0,5,0.01,0.51,0,0,0,1.4,0,0
,de Ligt,12,MUN,5.0,0,0,0.0,0.0,0,0,0,3.0,0,0
,Jesus,12,ARS,6.4,0,1,0.05,0.15,0,2,0,0.0,0,0
,André,12,WOL,5.4,0,0,0.01,0.0,0,0,0,0.1,0,0
,Zirkzee,12,MUN,5.8,0,1,0.0,0.04,0,0,0,0.4,0,0
,Zinchenko,12,ARS,4.9,0,0,0.0,0.0,0,0,0,0.2,0,0
,Zabarnyi,12,BOU,5.0,0,0,0.02,0.0,0,2,0,0.0,0,0
,Young (Ashley),12,EVE,4.2,1,0,0.23,0.0,0,3,0,1.4,0,0
,Yates,12,NFO,4.7,0,2,0.01,0.13,0,0,0,0.1,0,0
,Yarmolyuk,12,BRE,5.0,0,0,0.0,0.0,0,0,0,0.1,0,0
,Wood (Chris),12,NFO,7.2,0,0,0.0,0.0,0,0,0,6.5,0,0
,Wissa,12,BRE,7.4,0,2,0.01,0.82,0,1,0,0.5,0,0
,Winks,12,LEI,4.3,0,0,0.0,0.0,0,0,0,4.7,0,0
,Wilson (Callum),12,NEW,5.8,0,0,0.0,0.0,0,0,0,0.4,0,0
,Wilson (Harry),12,FUL,5.2,1,1,0.06,0.03,0,0,0,0.3,0,0
,Willock,12,NEW,5.0,0,2,0.04,0.19,0,0,0,0.1,0,0
,Williams (Neco),12,NFO,4.7,0,0,0.0,0.0,0,0,0,3.5,0,0
,Wieffer,12,BHA,4.9,0,0,0.0,0.0,0,0,0,0.1,0,0
,Werner,12,TOT,6.2,0,0,0.25,0.0,1,1,0,0.1,0,0
,Welbeck,12,BHA,6.5,0,0,0.03,0.0,0,2,0,7.9,0,0
,Watkins,12,AVL,8.5,0,5,0.02,1.3,0,0,0,6.6,0,1
,Ward-Prowse,12,WHU,5.7,1,0,0.18,0.0,0,2,0,0.2,0,0
,Wan-Bissaka,12,WHU,4.3,0,1,0.01,0.07,0,0,2,5.8,0,0
,Walker-Peters,12,SOU,4.3,0,0,0.02,0.0,0,0,0,0.3,0,0
,Walker,12,MCI,4.4,0,0,0.17,0.0,0,0,0,1.6,0,0
,Vicario,12,TOT,5.1,0,0,0.0,0.0,0,0,0,10.1,5,0
,Verbruggen,12,BHA,4.4,0,0,0.0,0.0,0,0,0,4.1,4,0
,Veltman,12,BHA,4.3,0,0,0.01,0.0,0,0,2,0.1,0,0
,Bernardo Silva,12,MCI,6.3,2,1,0.27,0.05,0,4,0,0.5,0,0
,Vardy,12,LEI,5.4,0,0,0.01,0.0,0,0,0,5.2,0,0
,Unal,12,BOU,5.4,0,1,0.04,0.22,1,1,0,0.0,0,0
,Ugochukwu,12,SOU,5.0,0,0,0.0,0.0,0,0,0,0.1,0,0
,Ugarte,12,MUN,4.8,0,0,0.01,0.0,0,1,0,0.1,0,0
,Destiny Udogie,12,TOT,4.4,0,0,0.01,0.0,0,1,0,0.4,0,0
,Tuanzebe,12,IPS,3.9,0,0,0.01,0.0,0,0,0,1.8,0,0
,Trossard,12,ARS,6.9,4,3,0.11,0.18,0,1,0,0.5,0,0
,Trippier,12,NEW,5.0,2,0,0.01,0.0,0,0,0,2.7,0,0
,Traoré (Adama),12,FUL,5.2,0,1,0.03,0.02,0,0,0,0.2,0,0
,Amad Diallo,12,MUN,6.3,0,2,0.17,0.07,1,2,0,1.3,0,0
,Torres,12,AVL,4.3,0,0,0.03,0.0,0,0,0,0.3,0,0
,Tonali,12,NEW,5.4,0,0,0.01,0.0,0,0,0,1.3,0,0
,Lucas Paquetá,12,WHU,5.9,0,1,0.07,0.05,0,2,2,2.5,0,0
,Todibo,12,WHU,4.3,0,0,0.0,0.0,0,0,0,0.1,0,0
,Jurriën Timber,12,ARS,6.1,0,1,0.05,0.05,0,2,0,25.1,0,0
,Tielemans,12,AVL,5.9,7,1,0.17,0.79,0,3,0,0.6,0,0
,Tete,12,FUL,4.5,0,1,0.01,0.03,0,1,0,0.2,0,0
,Taylor (Jack),12,IPS,4.8,0,0,0.0,0.0,0,0,0,0.0,0,0
,Tavernier,12,BOU,5.5,3,1,0.24,0.02,0,1,0,1.6,0,0
,Tarkowski,12,EVE,5.5,0,0,0.11,0.0,0,3,2,6.3,0,0
,Szoboszlai,12,LIV,6.5,4,5,0.42,0.23,0,3,0,4.2,0,0
,Szmodics,12,IPS,5.7,0,2,0.01,0.17,0,0,0,0.1,0,0
,Summerville,12,WHU,5.5,0,0,0.02,0.0,0,0,0,0.1,0,0
,Sugawara,12,SOU,4.2,0,0,0.22,0.0,0,0,0,0.1,0,0
,Strand Larsen,12,WOL,6.4,0,1,0.03,0.09,1,1,0,1.3,0,0
,Stones,12,MCI,5.5,0,0,0.01,0.0,0,0,0,0.7,0,0
,Sterling,12,ARS,6.7,0,0,0.03,0.0,0,1,0,0.8,0,0
,Stephens,12,SOU,4.0,0,1,0.01,0.05,0,0,0,0.3,0,0
,Spence,12,TOT,4.5,0,0,0.0,0.0,0,0,0,1.6,0,0
,Soumaré,12,LEI,4.4,0,0,0.01,0.0,0,0,0,0.3,0,0
,Soucek,12,WHU,5.7,0,3,0.0,0.26,0,0,0,0.2,0,0
,Sosa,12,NFO,5.5,0,0,0.08,0.0,0,2,0,0.1,0,0
,Son,12,TOT,8.5,0,1,0.16,0.02,1,2,0,0.1,0,0
,Soler (Carlos),12,WHU,5.0,1,4,0.07,0.11,0,0,0,0.0,0,0
,Solanke,12,TOT,7.2,0,1,0.05,0.12,1,2,0,0.9,0,0
,Smith-Rowe,12,FUL,5.6,1,0,0.02,0.0,0,0,0,0.4,0,0
,Smith,12,BOU,4.4,0,0,0.0,0.0,0,0,0,0.2,0,0
,Skipp,12,LEI,4.7,0,0,0.02,0.0,0,1,0,0.0,0,0
,Shaw,12,MUN,4.5,0,0,0.01,0.0,0,0,0,0.5,0,0
,João Félix,12,CHE,5.9,0,3,0.03,0.11,0,1,0,0.4,0,0
,Senesi,12,BOU,5.0,0,0,0.01,0.0,0,0,0,26.2,0,0
,Semenyo,12,BOU,8.1,0,5,0.25,0.31,0,1,0,64.4,0,0
,Semedo,12,WOL,4.5,0,0,0.18,0.0,0,2,0,0.6,0,0
,Sels,12,NFO,4.8,0,0,0.0,0.0,0,0,0,8.3,3,0
,Schär,12,NEW,5.4,0,2,0.03,0.03,0,0,2,1.9,0,0
,Schlupp,12,CRY,4.6,0,1,0.0,0.04,0,0,0,0.0,0,0
,Schade,12,BRE,7.0,0,0,0.0,0.0,0,0,0,0.7,0,0
,Ismaila Sarr,12,CRY,6.6,0,4,0.09,0.71,1,1,0,11.6,0,1
,Sarr (Pape),12,TOT,4.9,0,0,0.02,0.0,0,0,2,1.7,0,0
,Diego Carlos,12,AVL,4.5,0,1,0.01,0.06,0,0,0,0.3,0,0
,Matheus Cunha,12,WOL,7.9,2,4,0.05,0.77,0,1,0,4.4,0,1
,Murillo,12,NFO,5.3,0,1,0.01,0.03,0,1,2,2.0,0,0
,Ederson,12,MCI,5.3,0,0,0.0,0.0,0,0,0,0.9,3,0
,Sancho,12,MUN,5.8,0,0,0.0,0.0,0,0,0,0.2,0,0
,Sanchez,12,CHE,4.8,0,0,0.0,0.0,0,0,0,13.5,0,0
,Saliba,12,ARS,6.0,0,0,0.02,0.0,0,0,0,11.6,0,0
,Salah,12,LIV,14.2,0,7,0.16,1.86,0,1,0,24.9,0,0
,Saka,12,ARS,10.1,3,6,0.24,0.29,0,4,0,17.2,0,1
,Rutter,12,BHA,5.7,0,2,0.01,0.2,0,0,0,0.5,0,0
,Rogers,12,AVL,6.8,0,1,0.05,0.18,0,1,0,4.8,0,0
,Rodríguez,12,WHU,4.8,0,0,0.0,0.0,0,0,0,0.0,0,0
,Robinson (Antonee),12,FUL,4.9,0,1,0.27,0.03,0,1,0,0.5,0,0
,Robertson,12,LIV,5.8,6,0,0.15,0.0,0,5,0,0.9,0,0
,Richards (Chris),12,CRY,4.5,0,0,0.0,0.0,0,0,0,3.2,0,0
,Raya Martin,12,ARS,5.8,0,0,0.0,0.0,0,0,0,31.3,0,0
,Rashford,12,AVL,7.0,0,1,0.04,0.25,0,1,0,0.0,0,0
,Porro,12,TOT,5.5,0,1,0.01,0.31,0,0,0,18.4,0,0
,Pope,12,NEW,5.2,0,0,0.0,0.0,0,0,0,12.2,4,0
,Pond,12,WOL,3.9,0,0,0.0,0.0,0,0,0,1.4,0,0
,Pinnock,12,BRE,4.3,0,1,0.0,0.03,0,1,2,0.1,0,0
,Pickford,12,EVE,5.5,0,0,0.0,0.0,0,0,0,9.7,2,0
,Philogene-Bidace,12,IPS,5.3,0,0,0.0,0.0,0,0,0,0.1,0,0
,Pereira,12,FUL,5.3,4,1,0.15,0.04,0,2,0,0.1,0,0
,Partey,12,ARS,4.9,0,2,0.01,0.06,0,0,0,0.7,0,1
,Emerson,12,WHU,4.4,2,0,0.05,0.0,0,1,2,0.1,0,0
,Palmer (Cole),12,CHE,10.3,6,2,0.17,0.89,0,3,0,9.2,0,0
,O’Riley,12,BHA,5.5,0,1,0.0,0.03,0,0,0,0.4,0,0
,Dango Ouattara,12,BOU,6.0,0,0,0.12,0.0,0,1,0,0.5,0,0
,Paul Onuachu,12,SOU,4.9,0,0,0.0,0.0,0,0,0,0.3,0,0
,Onana,12,MUN,4.9,0,0,0.0,0.0,0,0,0,0.2,5,0
,Okoli,12,LEI,4.0,0,0,0.0,0.0,0,0,0,0.4,0,0
,Odegaard,12,ARS,7.8,0,2,0.15,0.26,0,6,0,1.4,0,0
,O'Shea,12,IPS,3.8,0,0,0.01,0.0,0,0,2,1.2,0,0
,Núñez,12,LIV,6.5,0,2,0.02,0.15,0,1,0,0.1,0,0
,Nwaneri,12,ARS,5.2,1,2,0.02,0.1,0,1,0,0.1,0,0
,Norgaard,12,BRE,5.2,0,0,0.0,0.0,0,1,0,0.1,0,0
,Nkunku,12,CHE,5.9,0,1,0.0,0.05,0,0,0,0.1,0,0
,Nelson (Reiss),12,FUL,4.8,0,0,0.12,0.0,0,0,0,0.1,0,0
,Ndidi,12,LEI,4.9,0,1,0.0,0.23,0,0,0,0.2,0,0
,Ndiaye,12,EVE,6.5,2,3,0.23,0.14,0,4,0,11.1,0,0
,Thiago,12,BRE,6.2,0,0,0.0,0.0,0,0,0,8.2,0,0
,Mykolenko,12,EVE,4.9,0,3,0.05,0.17,0,2,0,0.4,0,0
,Muñoz,12,CRY,5.7,0,1,0.05,0.04,0,2,0,15.3,0,0
,Murphy (Jacob),12,NEW,6.1,0,0,0.02,0.0,0,0,0,1.1,0,0
,Muric,12,IPS,4.4,0,0,0.0,0.0,0,0,0,0.4,3,0
,Rodrigo Muniz,12,FUL,5.4,0,0,0.06,0.0,0,1,0,1.0,0,0
,Mount,12,MUN,5.9,0,0,0.0,0.0,0,0,0,0.3,0,0
,Morsy,12,IPS,4.8,0,1,0.05,0.02,0,1,0,0.1,0,0
,Álex Moreno,12,NFO,4.0,0,0,0.0,0.0,0,0,0,2.4,0,0
,Savinho,12,MCI,6.9,0,2,0.18,0.1,0,2,0,0.5,0,0
,Mitoma,12,BHA,6.2,0,1,0.03,0.42,0,0,0,2.3,0,0
,Mitchell,12,CRY,5.0,0,1,0.07,0.04,0,1,0,2.2,0,0
,Milenkovic,12,NFO,5.2,0,1,0.01,0.05,0,0,0,4.0,0,0
,Merino,12,ARS,5.9,0,1,0.0,0.04,0,0,2,0.5,0,0
,McNeil,12,EVE,5.6,5,5,0.17,0.16,0,3,2,0.1,0,0
,McGinn,12,AVL,5.4,0,3,0.34,0.42,1,3,0,0.6,0,0
,McCarthy,12,SOU,4.2,0,0,0.0,0.0,0,0,0,0.1,8,0
,McAteer,12,LEI,4.7,0,1,0.0,0.04,0,0,0,0.0,0,0
,Mbeumo,12,BRE,8.3,2,0,0.12,0.0,0,2,0,28.5,0,0
,Mazraoui,12,MUN,4.9,0,0,0.01,0.0,0,1,0,0.2,0,0
,Mavropanos,12,WHU,4.4,0,0,0.01,0.0,0,0,0,0.1,0,0
,Mavididi,12,LEI,5.0,0,0,0.22,0.0,0,0,0,0.3,0,0
,Mateta,12,CRY,7.9,0,2,0.18,0.1,1,2,0,23.0,0,0
,Martinez,12,AVL,5.0,0,0,0.0,0.0,0,0,0,2.0,4,0
,Mangala,12,EVE,5.0,0,0,0.01,0.0,0,0,0,0.0,0,0
,José Sá,12,WOL,4.4,0,0,0.0,0.0,0,0,0,1.2,2,0
,Madueke,12,CHE,6.8,0,3,0.05,0.47,0,2,0,0.6,0,0
,Maddison,12,TOT,6.9,1,2,0.03,0.79,0,0,0,0.1,0,0
,Mac Allister,12,LIV,6.3,0,1,0.06,0.02,0,1,0,1.2,0,0
,Maatsen,12,AVL,4.3,0,2,0.04,0.06,0,1,0,0.4,0,0
,Lukic,12,FUL,5.0,1,0,0.05,0.0,0,0,0,0.1,0,0
,Longstaff (Sean),12,NEW,4.9,0,1,0.01,0.08,0,0,0,1.1,0,0
,Livramento,12,NEW,4.9,1,0,0.16,0.0,0,2,0,3.1,0,0
,Lindstrom,12,EVE,5.0,2,2,0.03,0.06,0,2,0,0.1,0,0
,Lewis-Potter,12,BRE,4.9,0,2,0.02,0.04,0,0,0,0.3,0,0
,Lewis (Rico),12,MCI,4.9,0,1,0.03,0.05,0,0,0,1.7,0,0
,Lerma,12,CRY,4.9,0,1,0.0,0.01,0,0,0,0.1,0,0
,Leno,12,FUL,5.0,0,0,0.0,0.0,0,0,0,1.6,1,0
,Lemina (Mario),12,WOL,4.8,0,0,0.29,0.0,1,2,2,0.1,0,0
,Lavia,12,CHE,4.9,0,0,0.0,0.0,0,0,0,0.0,0,0
,Lallana,12,SOU,5.0,0,0,0.04,0.0,0,0,0,0.0,0,0
,Lacroix,12,CRY,5.0,0,1,0.0,0.05,0,0,2,3.7,0,0
,Kulusevski,12,TOT,6.4,2,1,0.47,0.12,1,3,0,0.0,0,0
,Kristiansen,12,LEI,4.4,2,0,0.07,0.0,0,2,0,0.1,0,0
,Konaté,12,LIV,5.4,0,0,0.03,0.0,0,0,0,2.7,0,0
,Kluivert,12,BOU,7.0,1,3,0.03,0.22,0,2,0,1.0,0,0
,Kiwior,12,ARS,5.4,0,0,0.0,0.0,0,0,0,0.1,0,0
,Kilman,12,WHU,4.3,0,0,0.0,0.0,0,0,2,0.2,0,0
,Kerkez,12,BOU,5.7,0,0,0.24,0.0,0,2,0,3.6,0,0
,Kelly,12,NEW,4.2,0,1,0.01,0.17,0,1,0,0.1,0,0
,Kelleher,12,LIV,4.5,0,0,0.0,0.0,0,0,0,7.9,3,0
,Justin,12,LEI,4.0,0,0,0.0,0.0,0,0,0,0.2,0,0
,João Pedro,12,BHA,7.4,0,1,0.59,0.29,1,2,0,45.5,0,0
,Jones,12,LIV,5.4,0,2,0.04,0.04,0,0,0,0.1,0,0
,Johnson (Brennan),12,TOT,6.7,0,2,0.0,1.13,0,0,0,3.1,0,0
,Raúl Jiménez,12,FUL,6.2,0,2,0.01,0.72,0,0,0,0.8,0,0
,Jensen,12,BRE,4.9,2,2,0.01,0.09,0,1,0,0.1,0,0
,Janelt,12,BRE,4.9,0,0,0.03,0.0,0,1,0,0.0,0,0
,Jackson (Nicolas),12,CHE,6.5,0,3,0.15,0.44,0,1,0,0.1,0,1
,Iwobi,12,FUL,6.5,0,3,0.04,0.16,0,1,0,1.7,0,1
,Isak,12,NEW,10.4,1,6,0.03,0.7,0,1,0,5.1,0,0
,Irving,12,WHU,4.4,0,0,0.0,0.0,0,0,0,0.3,0,0
,Ings,12,WHU,4.8,0,2,0.0,0.14,0,1,0,1.2,0,0
,Højlund,12,MUN,6.3,0,0,0.08,0.0,0,1,0,0.3,0,0
,Hwang Hee-Chan,12,WOL,5.8,0,0,0.0,0.0,0,0,0,0.1,0,0
,Hutchinson,12,IPS,5.4,0,3,0.04,0.15,0,1,0,0.0,0,1
,Huijsen,12,BOU,4.5,0,2,0.01,0.24,0,0,0,5.0,0,0
,Hughes,12,CRY,4.8,1,0,0.1,0.0,0,2,0,0.1,0,0
,Hudson-Odoi,12,NFO,5.8,0,1,0.06,0.03,0,0,0,0.8,0,0
,Hermansen,12,LEI,4.4,0,0,0.0,0.0,0,0,0,0.2,4,0
,Henderson,12,CRY,5.0,0,0,0.0,0.0,0,0,0,7.6,3,0
,Harwood-Bellis,12,SOU,3.9,0,0,0.02,0.0,0,1,0,4.1,0,0
,Lewis Hall,12,NEW,5.2,3,3,0.23,0.08,0,2,0,0.8,0,0
,Haaland,12,MCI,14.8,0,7,0.03,0.82,0,2,0,69.7,0,0
,Gvardiol,12,MCI,5.9,0,2,0.57,0.3,0,8,0,5.4,0,0
,Gundogan,12,MCI,6.3,3,1,0.1,0.1,0,2,2,0.1,0,0
,Bruno Guimarães,12,NEW,6.6,0,0,0.13,0.0,0,4,0,3.7,0,0
,Gueye,12,EVE,5.4,0,4,0.16,0.06,0,4,0,0.1,0,0
,Marc Guehi,12,CRY,5.0,0,0,0.01,0.0,0,0,0,34.1,0,0
,Grealish,12,MCI,6.9,0,0,0.05,0.0,0,2,0,17.6,0,0
,Gravenberch,12,LIV,5.6,0,1,0.21,0.41,1,3,0,4.0,0,0
,Gordon (Anthony),12,NEW,7.5,1,3,0.12,0.43,0,1,0,3.1,0,0
,João Gomes,12,WOL,5.4,0,4,0.11,0.22,0,1,2,0.1,0,0
,Beto,12,EVE,5.2,0,4,0.0,0.38,0,0,0,3.3,0,0
,Rodrigo Gomes,12,WOL,4.5,0,0,0.03,0.0,0,2,0,0.1,0,0
,Toti,12,WOL,4.3,0,0,0.0,0.0,0,0,2,0.1,0,0
,Garnacho,12,MUN,6.4,0,2,0.02,0.22,0,0,0,0.4,0,0
,Gonçalo Guedes,12,WOL,5.5,0,1,0.0,0.24,0,0,0,0.0,0,0
,Gakpo,12,LIV,7.6,0,3,0.08,0.11,0,1,0,14.1,0,0
,Jorginho,12,ARS,4.6,0,0,0.09,0.0,0,1,0,0.2,0,0
,Fraser (Ryan),12,SOU,4.8,0,0,0.0,0.0,0,1,0,0.0,0,0
,Casemiro,12,MUN,5.5,0,0,0.01,0.0,0,1,0,0.6,0,0
,Fofana (Wesley),12,CHE,4.4,0,0,0.02,0.0,0,0,0,0.2,0,0
,Foden,12,MCI,8.0,2,5,0.04,0.51,0,0,0,4.3,0,0
,Flekken,12,BRE,4.5,0,0,0.0,0.0,0,0,0,10.0,5,0
,Jota Silva,12,NFO,5.4,0,1,0.0,0.07,0,0,0,0.0,0,0
,Fernández,12,CHE,6.7,3,3,0.22,0.87,1,3,2,14.3,0,0
,Ferguson,12,WHU,5.5,0,0,0.0,0.0,0,0,0,0.0,0,0
,Faes,12,LEI,3.8,0,0,0.0,0.0,0,0,2,5.2,0,0
,Fabianski,12,WHU,4.5,0,0,0.0,0.0,0,0,0,0.0,2,0
,Evans (Jonny),12,MUN,4.4,0,0,0.0,0.0,0,0,0,0.1,0,0
,Estupiñán,12,BHA,4.5,0,0,0.0,0.0,0,0,0,0.0,0,0
,Mateus Fernandes,12,SOU,5.5,2,2,0.07,0.22,0,1,0,0.0,0,0
,Eriksen,12,MUN,5.2,1,1,0.01,0.03,0,0,0,0.2,0,0
,Endo,12,LIV,4.9,0,0,0.0,0.0,0,0,0,0.1,0,0
,Elanga,12,NFO,6.7,0,0,0.0,0.0,0,0,0,3.7,0,0
,El Khannouss,12,LEI,4.8,0,0,0.01,0.0,0,0,0,0.2,0,0
,Díaz,12,LIV,8.0,0,3,0.08,0.15,0,2,0,0.0,0,0
,Durán,12,AVL,5.7,0,1,0.0,0.02,0,1,0,1.6,0,0
,Dragusin,12,TOT,4.5,0,0,0.0,0.0,0,0,0,0.0,0,0
,Doyle (Tommy),12,WOL,4.7,0,0,0.01,0.0,0,0,0,0.0,0,0
,Downes,12,SOU,4.7,0,1,0.0,0.05,0,0,0,0.0,0,0
,Doucouré,12,EVE,5.1,0,0,0.03,0.0,0,0,0,0.5,0,0
,Doucoure,12,CRY,4.9,0,0,0.0,0.0,0,0,0,0.0,0,0
,Nicolás Domínguez,12,NFO,5.0,0,1,0.0,0.03,0,0,2,0.0,0,0
,Doherty,12,WOL,4.4,0,0,0.0,0.0,0,0,0,0.1,0,0
,Digne,12,AVL,4.5,0,0,0.0,0.0,0,0,0,1.6,0,0
,Dibling,12,SOU,5.4,1,1,0.22,0.03,0,1,0,0.0,0,0
,Dewsbury-Hall,12,CHE,4.9,0,0,0.0,0.0,0,0,0,2.9,0,0
,Devenny,12,CRY,4.4,0,2,0.0,0.27,0,0,0,1.1,0,0
,Delap,12,IPS,6.2,0,3,0.01,0.99,0,0,0,0.9,0,0
,DeCordova-Reid,12,LEI,5.2,0,0,0.0,0.0,0,0,0,0.1,0,0
,De Bruyne,12,MCI,9.5,2,1,0.15,0.04,0,2,0,11.6,0,0
,Davis,12,IPS,4.2,4,0,0.29,0.0,0,1,0,0.9,0,0
,Davies (Ben),12,TOT,4.3,0,0,0.01,0.0,0,0,0,0.1,0,0
,Damsgaard,12,BRE,5.8,0,1,0.16,0.05,0,1,0,0.6,0,0
,Dalot,12,MUN,4.4,0,1,0.01,0.03,0,0,0,1.0,0,0
,Daka,12,LEI,4.8,0,1,0.0,0.05,0,0,0,0.5,0,0
,Cucurella,12,CHE,6.1,0,0,0.26,0.0,0,1,0,21.8,0,0
,Coufal,12,WHU,4.1,0,0,0.15,0.0,0,1,0,0.4,0,0
,Cook,12,BOU,4.9,3,0,0.1,0.0,0,4,0,0.0,0,0
,Colwill,12,CHE,4.8,0,0,0.02,0.0,0,0,0,0.1,0,0
,Collins,12,BRE,4.9,0,0,0.0,0.0,0,0,2,1.1,0,0
,Clyne,12,CRY,3.9,0,0,0.0,0.0,0,0,0,0.5,0,0
,Clarke (Jack),12,IPS,5.4,0,0,0.18,0.0,0,1,0,0.0,0,0
,Chaplin,12,IPS,5.1,0,1,0.06,0.2,0,0,0,0.1,0,0
,Chalobah,12,CHE,5.1,0,0,0.0,0.0,0,0,0,7.6,0,0
,Castagne,12,FUL,4.4,0,0,0.01,0.0,0,0,0,0.1,0,0
,Cash,12,AVL,4.6,0,0,0.02,0.0,0,0,0,5.2,0,0
,Calvert-Lewin,12,EVE,5.5,0,5,0.01,0.18,0,1,0,1.4,0,0
,Calafiori,12,ARS,5.8,0,0,0.01,0.0,0,0,0,16.0,0,0
,Cajuste,12,IPS,4.5,0,1,0.01,0.06,0,0,0,0.1,0,0
,Cairney,12,FUL,4.9,0,0,0.08,0.0,0,1,0,0.0,0,0
,Moises Caicedo,12,CHE,6.0,0,1,0.03,0.08,0,0,0,19.8,0,0
,Burns,12,IPS,4.7,0,0,0.05,0.0,0,3,0,0.0,0,0
,Burgess,12,IPS,3.8,0,0,0.01,0.0,0,0,0,1.8,0,0
,Buendía,12,AVL,5.3,0,0,0.0,0.0,0,1,0,0.2,0,0
,Brooks,12,BOU,5.0,0,2,0.38,0.1,0,2,0,0.2,0,0
,Branthwaite,12,EVE,5.3,0,1,0.02,0.03,0,0,0,0.2,0,0
,Bradley,12,LIV,5.0,0,3,0.03,0.17,0,0,0,0.2,0,0
,Bowen,12,WHU,7.7,0,4,0.06,0.17,0,3,2,7.6,0,0
,Bruno Fernandes,12,MUN,8.9,2,3,0.31,0.17,0,3,0,16.3,0,0
,Bogarde,12,AVL,4.0,0,0,0.03,0.0,0,0,0,0.7,0,0
,Bissouma,12,TOT,5.2,0,1,0.01,0.03,0,0,0,0.0,0,0
,Bergvall,12,TOT,5.4,0,0,0.0,0.0,0,0,0,0.4,0,0
,Bellegarde,12,WOL,5.2,0,0,0.02,0.0,0,0,0,0.0,0,0
,Bassey,12,FUL,4.5,0,0,0.02,0.0,0,1,0,0.6,0,0
,Barnes,12,NEW,6.3,0,0,0.05,0.0,0,0,0,0.4,0,0
,Barkley,12,AVL,4.8,0,2,0.09,0.24,0,0,0,0.0,0,0
,Baleba,12,BHA,4.7,0,0,0.02,0.0,0,0,2,2.1,0,0
,Bailey,12,AVL,5.5,3,1,0.54,0.05,0,2,0,0.1,0,0
,Badiashile,12,CHE,4.4,0,0,0.05,0.0,0,0,0,0.0,0,0
,Ayew,12,LEI,5.1,0,1,0.0,0.79,0,0,0,0.2,0,0
,Ayari,12,BHA,4.9,0,0,0.03,0.0,0,1,0,0.3,0,0
,Awoniyi,12,NFO,5.2,0,0,0.0,0.0,0,0,0,0.4,0,0
,Kepa,12,BOU,4.2,0,0,0.0,0.0,0,0,0,0.5,2,0
,Armstrong (Adam),12,SOU,5.1,0,2,0.09,0.93,1,1,0,0.5,0,0
,Aribo,12,SOU,4.9,0,0,0.0,0.0,0,0,0,0.1,0,0
,Archer,12,SOU,4.8,0,0,0.0,0.0,0,0,0,1.1,0,0
,Joelinton,12,NEW,5.9,0,0,0.05,0.0,0,1,0,0.3,0,0
,Antonio,12,WHU,5.2,0,0,0.01,0.0,0,0,0,0.8,0,0
,Andersen,12,FUL,4.5,0,0,0.01,0.0,0,0,0,2.8,0,0
,Ali Al Hamadi,12,IPS,4.7,0,0,0.0,0.0,0,0,0,0.2,0,0
,Aké,12,MCI,5.3,0,1,0.02,0.09,0,0,0,0.6,0,0
,Akanji,12,MCI,5.4,0,2,0.03,0.08,0,0,0,0.3,0,0
,Ait Nouri,12,WOL,5.8,0,0,0.01,0.0,0,0,2,4.9,0,0
,Aina,12,NFO,4.7,0,0,0.01,0.0,0,0,0,2.5,0,0
,Adingra,12,BHA,5.1,0,0,0.01,0.0,0,0,0,0.5,0,0
,Adams (Tyler),12,BOU,5.0,0,0,0.01,0.0,0,0,2,0.4,0,0
,Aarons,12,BOU,4.3,0,0,0.01,0.0,0,0,0,0.1,0,0
,Álvarez (Edson),13,WHU,4.9,0,0,0.01,0.0,0,0,0,0.1,0,0
,van den Berg,13,BRE,4.5,0,0,0.03,0.0,0,1,0,0.6,0,0
,van Hecke,13,BHA,4.4,0,2,0.08,0.06,0,1,0,1.3,0,0
,van Dijk,13,LIV,6.0,0,3,0.02,0.37,0,0,2,23.6,0,0
,Igor Julio,13,BHA,4.5,0,0,0.15,0.0,0,1,0,0.1,0,0
,Gabriel Magalhães,13,ARS,6.6,0,1,0.0,0.2,0,0,0,41.0,0,0
,Evanilson,13,BOU,7.0,0,2,0.01,0.51,0,1,0,1.4,0,0
,de Ligt,13,MUN,5.0,0,0,0.0,0.0,0,0,0,3.0,0,0
,Jesus,13,ARS,6.4,0,1,0.0,0.05,0,0,0,0.0,0,0
,André,13,WOL,5.4,0,0,0.02,0.0,0,0,2,0.1,0,0
,Zirkzee,13,MUN,5.8,0,2,0.08,0.31,0,2,0,0.4,0,0
,Zinchenko,13,ARS,4.9,0,0,0.02,0.0,0,1,0,0.2,0,0
,Zabarnyi,13,BOU,5.0,0,0,0.0,0.0,0,0,0,0.0,0,0
,Young (Ashley),13,EVE,4.2,0,0,0.0,0.0,0,0,0,1.4,0,0
,Yates,13,NFO,4.7,0,2,0.01,0.17,0,0,0,0.1,0,0
,Yarmolyuk,13,BRE,5.0,0,0,0.02,0.0,0,1,0,0.1,0,0
,Wood (Chris),13,NFO,7.2,0,1,0.0,0.79,0,0,0,6.5,0,0
,Wissa,13,BRE,7.4,0,2,0.05,0.78,0,1,0,0.5,0,0
,Wilson (Callum),13,NEW,5.8,0,0,0.0,0.0,0,0,0,0.4,0,0
,Wilson (Harry),13,FUL,5.2,1,0,0.01,0.0,0,0,0,0.3,0,0
,Willock,13,NEW,5.0,0,0,0.01,0.0,0,0,0,0.1,0,0
,Williams (Neco),13,NFO,4.7,0,1,0.11,0.03,0,1,0,3.5,0,0
,Wieffer,13,BHA,4.9,0,1,0.01,0.08,0,0,0,0.1,0,0
,Werner,13,TOT,6.2,0,0,0.58,0.0,1,2,0,0.1,0,0
,Welbeck,13,BHA,6.5,0,2,0.06,0.19,0,0,0,7.9,0,0
,Watkins,13,AVL,8.5,0,2,0.04,0.67,0,1,0,6.6,0,0
,Wan-Bissaka,13,WHU,4.3,0,2,0.02,0.45,0,0,0,5.8,0,0
,Walker-Peters,13,SOU,4.3,0,0,0.0,0.0,0,0,0,0.3,0,0
,Walker,13,MCI,4.4,0,0,0.08,0.0,0,1,0,1.6,0,0
,Vestergaard,13,LEI,3.9,0,0,0.01,0.0,0,0,0,1.5,0,0
,Verbruggen,13,BHA,4.4,0,0,0.0,0.0,0,0,0,4.1,1,0
,Bernardo Silva,13,MCI,6.3,0,2,0.04,0.1,0,1,0,0.5,0,0
,Vardy,13,LEI,5.4,0,0,0.52,0.0,1,1,0,5.2,0,0
,Unal,13,BOU,5.4,0,1,0.0,0.1,0,0,0,0.0,0,0
,Ugarte,13,MUN,4.8,0,0,0.01,0.0,0,0,0,0.1,0,0
,Destiny Udogie,13,TOT,4.4,0,0,0.03,0.0,0,0,0,0.4,0,0
,Tuanzebe,13,IPS,3.9,0,0,0.0,0.0,0,0,0,1.8,0,0
,Trossard,13,ARS,6.9,0,2,0.23,0.69,1,2,0,0.5,0,0
,Amad Diallo,13,MUN,6.3,0,2,0.09,0.14,2,3,0,1.3,0,0
,Torres,13,AVL,4.3,0,1,0.01,0.07,0,0,0,0.3,0,0
,Tonali,13,NEW,5.4,2,0,0.09,0.0,0,0,0,1.3,0,0
,Lucas Paquetá,13,WHU,5.9,0,1,0.02,0.14,0,3,0,2.5,0,0
,Todibo,13,WHU,4.3,0,0,0.0,0.0,0,0,0,0.1,0,0
,Jurriën Timber,13,ARS,6.1,0,2,0.01,0.1,0,0,0,25.1,0,0
,Tielemans,13,AVL,5.9,3,0,0.27,0.0,0,4,0,0.6,0,0
,Thomas,13,LEI,3.9,1,1,0.03,0.02,0,1,0,1.4,0,0
,Tete,13,FUL,4.5,0,1,0.09,0.05,0,1,0,0.2,0,0
,Taylor (Jack),13,IPS,4.8,2,1,0.14,0.02,0,2,0,0.0,0,0
,Tavernier,13,BOU,5.5,1,2,0.05,0.08,0,2,2,1.6,0,0
,Tarkowski,13,EVE,5.5,0,0,0.08,0.0,0,0,2,6.3,0,0
,Szoboszlai,13,LIV,6.5,1,3,0.1,0.22,0,4,0,4.2,0,0
,Szmodics,13,IPS,5.7,0,0,0.0,0.0,0,0,0,0.1,0,0
,Summerville,13,WHU,5.5,0,0,0.0,0.0,0,0,0,0.1,0,0
,Sulemana,13,SOU,5.0,0,0,0.0,0.0,0,0,0,0.0,0,0
,Sugawara,13,SOU,4.2,0,0,0.14,0.0,0,2,0,0.1,0,0
,Strand Larsen,13,WOL,6.4,0,3,0.01,0.24,0,0,0,1.3,0,0
,Sterling,13,ARS,6.7,0,2,0.01,0.18,0,1,0,0.8,0,0
,Stephens,13,SOU,4.0,0,0,0.0,0.0,0,0,2,0.3,0,0
,Soumaré,13,LEI,4.4,0,0,0.02,0.0,0,0,0,0.3,0,0
,Soucek,13,WHU,5.7,0,1,0.01,0.08,0,0,0,0.2,0,0
,Sosa,13,NFO,5.5,0,0,0.02,0.0,0,1,0,0.1,0,0
,Son,13,TOT,8.5,1,1,0.03,0.18,0,1,0,0.1,0,0
,Soler (Carlos),13,WHU,5.0,0,0,0.23,0.0,1,1,0,0.0,0,0
,Smith-Rowe,13,FUL,5.6,0,0,0.09,0.0,0,1,0,0.4,0,0
,Smith,13,BOU,4.4,0,0,0.0,0.0,0,0,0,0.2,0,0
,Skipp,13,LEI,4.7,0,0,0.01,0.0,0,0,0,0.0,0,0
,Shaw,13,MUN,4.5,0,0,0.0,0.0,0,0,0,0.5,0,0
,Sessegnon (Ryan),13,FUL,5.4,0,0,0.0,0.0,0,0,0,0.4,0,0
,João Félix,13,CHE,5.9,0,2,0.0,0.29,0,0,0,0.4,0,0
,Senesi,13,BOU,5.0,0,0,0.01,0.0,0,1,0,26.2,0,0
,Semedo,13,WOL,4.5,0,1,0.01,0.01,0,0,2,0.6,0,0
,Sels,13,NFO,4.8,0,0,0.0,0.0,0,0,0,8.3,2,0
,Schär,13,NEW,5.4,0,0,0.01,0.0,0,0,2,1.9,0,0
,Schlupp,13,CRY,4.6,0,0,0.0,0.0,0,0,0,0.0,0,0
,Schade,13,BRE,7.0,0,5,0.35,1.25,1,1,0,0.7,0,0
,Ismaila Sarr,13,CRY,6.6,0,2,0.83,0.17,0,2,0,11.6,0,0
,Sarr (Pape),13,TOT,4.9,0,0,0.01,0.0,0,0,2,1.7,0,0
,Matheus Cunha,13,WOL,7.9,3,2,0.07,0.11,0,2,0,4.4,0,0
,Murillo,13,NFO,5.3,0,1,0.0,0.22,0,0,2,2.0,0,0
,Sancho,13,MUN,5.8,0,2,0.05,0.08,0,0,0,0.2,0,0
,Sanchez,13,CHE,4.8,0,0,0.0,0.0,0,0,0,13.5,3,0
,Saliba,13,ARS,6.0,0,0,0.01,0.0,0,0,0,11.6,0,0
,Salah,13,LIV,14.2,0,3,0.52,1.35,1,1,0,24.9,0,0
,Saka,13,ARS,10.1,5,3,1.11,0.87,2,4,0,17.2,0,0
,Rutter,13,BHA,5.7,0,6,0.01,0.43,0,0,0,0.5,0,0
,Rogers,13,AVL,6.8,0,0,0.0,0.0,0,0,0,4.8,0,0
,Roerslev,13,BRE,4.5,0,0,0.01,0.0,0,0,0,0.0,0,0
,Rodríguez,13,WHU,4.8,0,1,0.01,0.06,0,1,0,0.0,0,0
,Morato,13,NFO,4.4,0,0,0.0,0.0,0,0,0,0.1,0,0
,Robinson (Antonee),13,FUL,4.9,0,1,0.03,0.03,0,0,0,0.5,0,0
,Robertson,13,LIV,5.8,0,1,0.19,0.05,0,1,0,0.9,0,0
,Rice,13,ARS,6.8,5,0,0.12,0.0,0,3,0,16.4,0,0
,Raya Martin,13,ARS,5.8,0,0,0.0,0.0,0,0,0,31.3,3,0
,Rashford,13,AVL,7.0,0,4,0.02,0.53,0,1,0,0.0,0,0
,Quansah,13,LIV,3.9,0,0,0.01,0.0,0,0,0,1.0,0,0
,Porro,13,TOT,5.5,1,2,0.07,0.07,0,1,0,18.4,0,0
,Pope,13,NEW,5.2,0,0,0.0,0.0,0,0,0,12.2,2,0
,Pinnock,13,BRE,4.3,0,0,0.02,0.0,0,1,2,0.1,0,0
,Pickford,13,EVE,5.5,0,0,0.01,0.0,0,0,0,9.7,1,0
,Philogene-Bidace,13,IPS,5.3,0,1,0.04,0.03,0,1,0,0.1,0,0
,Patterson (Nathan),13,EVE,4.4,0,0,0.11,0.0,0,1,0,0.0,0,0
,Emerson,13,WHU,4.4,2,2,0.0,0.13,0,0,0,0.1,0,0
,Palmer (Cole),13,CHE,10.3,1,5,0.06,0.53,0,2,0,9.2,0,1
,O’Riley,13,BHA,5.5,2,2,0.41,0.04,0,0,0,0.4,0,0
,Dango Ouattara,13,BOU,6.0,0,0,0.0,0.0,0,0,0,0.5,0,0
,Ortega Moreno,13,MCI,4.8,0,0,0.0,0.0,0,0,0,0.2,5,0
,Onana,13,MUN,4.9,0,0,0.0,0.0,0,0,0,0.2,2,0
,Olsen,13,AVL,4.5,0,0,0.0,0.0,0,0,0,0.1,2,0
,Okoli,13,LEI,4.0,0,0,0.0,0.0,0,0,0,0.4,0,0
,Odegaard,13,ARS,7.8,0,2,0.33,0.82,0,1,0,1.4,0,0
,O'Shea,13,IPS,3.8,0,0,0.01,0.0,0,0,0,1.2,0,0
,O'Brien,13,EVE,4.9,0,0,0.0,0.0,0,0,0,0.4,0,0
,Núñez,13,LIV,6.5,0,0,0.0,0.0,0,1,0,0.1,0,0
,Nwaneri,13,ARS,5.2,0,0,0.0,0.0,0,0,0,0.1,0,0
,Matheus Nunes,13,MCI,5.3,0,0,0.02,0.0,0,0,0,0.8,0,0
,Norgaard,13,BRE,5.2,0,1,0.02,0.14,0,0,2,0.1,0,0
,Nkunku,13,CHE,5.9,0,1,0.01,0.05,0,1,0,0.1,0,0
,Eddie Nketiah,13,CRY,5.4,0,0,0.0,0.0,0,0,0,0.4,0,0
,Neto,13,CHE,7.1,0,1,0.14,0.03,0,0,0,5.9,0,0
,Nelson (Reiss),13,FUL,4.8,1,1,0.22,0.19,0,3,0,0.1,0,0
,Ndidi,13,LEI,4.9,0,0,0.01,0.0,0,0,2,0.2,0,0
,Ndiaye,13,EVE,6.5,0,0,0.03,0.0,0,0,0,11.1,0,0
,Thiago,13,BRE,6.2,0,0,0.0,0.0,0,1,0,8.2,0,0
,Mykolenko,13,EVE,4.9,0,0,0.0,0.0,0,0,0,0.4,0,0
,Muñoz,13,CRY,5.7,0,3,0.02,0.88,0,1,2,15.3,0,0
,Muric,13,IPS,4.4,0,0,0.0,0.0,0,0,0,0.4,4,0
,Rodrigo Muniz,13,FUL,5.4,0,0,0.0,0.0,0,0,0,1.0,0,0
,Mount,13,MUN,5.9,0,0,0.0,0.0,0,0,0,0.3,0,0
,Morsy,13,IPS,4.8,0,0,0.04,0.0,0,0,0,0.1,0,0
,Álex Moreno,13,NFO,4.0,0,0,0.0,0.0,0,0,0,2.4,0,0
,Savinho,13,MCI,6.9,0,0,0.01,0.0,0,0,0,0.5,0,0
,Mitoma,13,BHA,6.2,0,2,0.1,0.57,0,3,0,2.3,0,0
,Mitchell,13,CRY,5.0,0,0,0.01,0.0,0,0,0,2.2,0,0
,Minteh,13,BHA,6.0,1,0,0.09,0.0,0,2,0,4.4,0,0
,Milenkovic,13,NFO,5.2,0,1,0.01,0.04,0,0,0,4.0,0,0
,McNeil,13,EVE,5.6,2,0,0.27,0.0,0,1,0,0.1,0,0
,McGinn,13,AVL,5.4,0,3,0.0,0.25,0,1,0,0.6,0,0
,Mbeumo,13,BRE,8.3,3,0,0.08,0.0,0,1,0,28.5,0,0
,Mazraoui,13,MUN,4.9,0,0,0.01,0.0,0,0,0,0.2,0,0
,Mavididi,13,LEI,5.0,2,1,0.12,0.05,0,1,0,0.3,0,0
,Mateta,13,CRY,7.9,0,2,0.01,0.34,0,0,0,23.0,0,0
,Martínez,13,MUN,4.8,0,0,0.09,0.0,0,0,0,0.1,0,0
,Martinez,13,AVL,5.0,0,0,0.0,0.0,0,0,0,2.0,4,0
,Manning,13,SOU,4.3,3,1,0.09,0.02,0,1,0,0.1,0,0
,Mangala,13,EVE,5.0,0,0,0.0,0.0,0,0,0,0.0,0,0
,José Sá,13,WOL,4.4,0,0,0.0,0.0,0,0,0,1.2,4,0
,Mainoo,13,MUN,4.8,0,1,0.18,0.03,0,0,0,0.5,0,0
,Maguire,13,MUN,4.4,0,0,0.0,0.0,0,0,0,0.8,0,0
,Madueke,13,CHE,6.8,0,1,0.01,0.09,0,1,0,0.6,0,0
,Maddison,13,TOT,6.9,4,2,0.06,0.21,0,1,0,0.1,0,0
,Mac Allister,13,LIV,6.3,4,0,0.06,0.0,0,2,0,1.2,0,0
,Lumley,13,SOU,4.0,0,0,0.0,0.0,0,0,0,0.4,4,0
,Lukic,13,FUL,5.0,9,0,0.06,0.0,0,2,0,0.1,0,0
,Longstaff (Sean),13,NEW,4.9,0,0,0.0,0.0,0,0,0,1.1,0,0
,Livramento,13,NEW,4.9,0,0,0.02,0.0,0,0,0,3.1,0,0
,Lindstrom,13,EVE,5.0,0,5,0.0,0.26,0,0,0,0.1,0,0
,Lewis-Potter,13,BRE,4.9,0,0,0.19,0.0,0,1,0,0.3,0,0
,Lewis (Rico),13,MCI,4.9,0,1,0.06,0.13,0,0,0,1.7,0,0
,Lerma,13,CRY,4.9,0,1,0.07,0.04,0,1,2,0.1,0,0
,Leno,13,FUL,5.0,0,0,0.0,0.0,0,0,0,1.6,2,0
,Lemina (Mario),13,WOL,4.8,0,0,0.01,0.0,0,1,2,0.1,0,0
,Lavia,13,CHE,4.9,0,1,0.02,0.18,0,0,0,0.0,0,0
,Lankshear,13,TOT,4.5,0,0,0.0,0.0,0,0,0,0.0,0,0
,Lamptey,13,BHA,4.4,0,0,0.09,0.0,1,1,0,0.1,0,0
,Lacroix,13,CRY,5.0,0,3,0.01,0.2,0,0,2,3.7,0,0
,Kulusevski,13,TOT,6.4,1,0,0.01,0.0,0,0,0,0.0,0,0
,Konsa Ngoyo,13,AVL,4.4,0,0,0.0,0.0,0,0,0,8.6,0,0
,Kluivert,13,BOU,7.0,2,4,0.08,2.41,0,2,0,1.0,0,0
,Kiwior,13,ARS,5.4,0,0,0.0,0.0,0,0,0,0.1,0,0
,Kilman,13,WHU,4.3,0,0,0.01,0.0,0,0,0,0.2,0,0
,Kerkez,13,BOU,5.7,0,1,0.01,0.05,0,0,0,3.6,0,0
,Kelleher,13,LIV,4.5,0,0,0.0,0.0,0,0,0,7.9,3,0
,Kamara,13,AVL,4.9,0,0,0.01,0.0,0,0,0,0.2,0,0
,Justin,13,LEI,4.0,0,1,0.02,0.13,0,0,0,0.2,0,0
,João Pedro,13,BHA,7.4,0,3,0.04,0.1,0,1,0,45.5,0,0
,Jones,13,LIV,5.4,0,1,0.01,0.04,0,0,0,0.1,0,0
,Johnson (Brennan),13,TOT,6.7,0,1,0.01,0.29,0,0,0,3.1,0,0
,Raúl Jiménez,13,FUL,6.2,0,4,0.01,0.6,0,0,0,0.8,0,0
,Jensen,13,BRE,4.9,1,0,0.02,0.0,0,0,0,0.1,0,0
,Janelt,13,BRE,4.9,0,0,0.02,0.0,0,0,0,0.0,0,0
,Jackson (Nicolas),13,CHE,6.5,0,3,0.01,0.39,0,1,0,0.1,0,0
,Iwobi,13,FUL,6.5,0,2,0.33,0.28,0,2,0,1.7,0,0
,Isak,13,NEW,10.4,0,0,0.0,0.0,0,0,0,5.1,0,0
,Irving,13,WHU,4.4,0,0,0.0,0.0,0,0,0,0.3,0,0
,Ings,13,WHU,4.8,0,2,0.0,0.57,0,0,0,1.2,0,0
,Hwang Hee-Chan,13,WOL,5.8,0,0,0.0,0.0,0,0,0,0.1,0,0
,Hutchinson,13,IPS,5.4,0,1,0.01,0.06,0,0,0,0.0,0,0
,Huijsen,13,BOU,4.5,0,0,0.29,0.0,0,1,0,5.0,0,0
,Hughes,13,CRY,4.8,3,2,0.1,0.06,0,1,0,0.1,0,0
,Hudson-Odoi,13,NFO,5.8,0,2,0.03,0.23,0,2,0,0.8,0,0
,Hermansen,13,LEI,4.4,0,0,0.0,0.0,0,0,0,0.2,2,0
,Henderson,13,CRY,5.0,0,0,0.0,0.0,0,0,0,7.6,0,0
,Havertz,13,ARS,7.3,0,2,0.01,0.66,0,0,0,0.3,0,0
,Harwood-Bellis,13,SOU,3.9,0,0,0.02,0.0,0,0,0,4.1,0,0
,Harrison (Jack),13,EVE,5.2,0,0,0.01,0.0,0,0,0,0.1,0,0
,Lewis Hall,13,NEW,5.2,3,0,0.04,0.0,0,0,0,0.8,0,0
,Haaland,13,MCI,14.8,0,2,0.01,0.19,0,1,0,69.7,0,0
,Gusto,13,CHE,4.9,0,0,0.01,0.0,0,0,0,1.0,0,0
,Gundogan,13,MCI,6.3,2,0,0.03,0.0,0,0,0,0.1,0,0
,Bruno Guimarães,13,NEW,6.6,0,0,0.02,0.0,0,0,0,3.7,0,0
,Gueye,13,EVE,5.4,0,0,0.01,0.0,0,1,0,0.1,0,0
,Marc Guehi,13,CRY,5.0,0,2,0.11,0.1,1,3,0,34.1,0,0
,Grealish,13,MCI,6.9,0,0,0.01,0.0,0,0,0,17.6,0,0
,Gray (Archie),13,TOT,4.8,0,0,0.0,0.0,0,0,0,0.1,0,0
,Gravenberch,13,LIV,5.6,0,0,0.04,0.0,0,1,2,4.0,0,0
,Gordon (Anthony),13,NEW,7.5,4,0,0.02,0.0,0,1,0,3.1,0,0
,Gomez,13,LIV,4.9,0,0,0.0,0.0,0,0,0,0.1,0,0
,João Gomes,13,WOL,5.4,0,1,0.08,0.02,0,0,0,0.1,0,0
,Beto,13,EVE,5.2,0,2,0.0,0.15,0,0,0,3.3,0,0
,Rodrigo Gomes,13,WOL,4.5,0,0,0.03,0.0,0,1,0,0.1,0,0
,Toti,13,WOL,4.3,0,1,0.02,0.02,0,0,0,0.1,0,0
,Gibbs-White,13,NFO,7.3,0,3,0.19,0.12,0,1,0,2.9,0,0
,Rúben Dias,13,MCI,5.5,0,1,0.01,0.02,0,1,0,4.5,0,0
,Garnacho,13,MUN,6.4,0,1,0.04,0.04,0,0,0,0.4,0,0
,Gonçalo Guedes,13,WOL,5.5,0,1,0.11,0.02,1,1,0,0.0,0,0
,Gakpo,13,LIV,7.6,0,4,0.02,1.41,0,1,0,14.1,0,0
,Jorginho,13,ARS,4.6,0,0,0.01,0.0,0,0,2,0.2,0,0
,Fraser (Ryan),13,SOU,4.8,0,0,0.0,0.0,0,0,0,0.0,0,0
,Casemiro,13,MUN,5.5,0,0,0.01,0.0,0,0,2,0.6,0,0
,Forster,13,TOT,4.3,0,0,0.0,0.0,0,0,0,0.3,5,0
,Fofana (Wesley),13,CHE,4.4,0,0,0.01,0.0,0,0,0,0.2,0,0
,Foden,13,MCI,8.0,0,0,0.02,0.0,0,1,0,4.3,0,0
,Flekken,13,BRE,4.5,0,0,0.0,0.0,0,0,0,10.0,2,0
,Jota Silva,13,NFO,5.4,0,1,0.54,0.08,0,1,0,0.0,0,0
,Fernández,13,CHE,6.7,2,1,0.18,0.07,0,2,0,14.3,0,0
,Ferguson,13,WHU,5.5,0,0,0.0,0.0,0,0,0,0.0,0,0
,Faes,13,LEI,3.8,0,0,0.01,0.0,0,1,0,5.2,0,0
,Fabianski,13,WHU,4.5,0,0,0.0,0.0,0,0,0,0.0,2,0
,Eze,13,CRY,7.6,2,0,0.09,0.0,0,3,0,14.2,0,0
,Estupiñán,13,BHA,4.5,2,1,0.36,0.02,0,5,0,0.0,0,0
,Mateus Fernandes,13,SOU,5.5,3,2,0.28,0.08,0,0,0,0.0,0,0
,Elliott,13,LIV,5.4,0,0,0.0,0.0,0,0,0,0.3,0,0
,Elanga,13,NFO,6.7,1,0,0.0,0.0,0,0,0,3.7,0,0
,Díaz,13,LIV,8.0,0,0,0.11,0.0,0,1,0,0.0,0,0
,Durán,13,AVL,5.7,0,2,0.0,0.18,0,0,0,1.6,0,0
,Dunk,13,BHA,4.5,0,1,0.02,0.1,0,0,0,1.2,0,0
,Dragusin,13,TOT,4.5,0,2,0.01,0.03,0,0,0,0.0,0,0
,Downes,13,SOU,4.7,0,1,0.0,0.08,0,0,0,0.0,0,0
,Doucouré,13,EVE,5.1,0,0,0.19,0.0,0,2,0,0.5,0,0
,Nicolás Domínguez,13,NFO,5.0,0,0,0.0,0.0,0,0,0,0.0,0,0
,Doku,13,MCI,6.5,0,1,0.03,0.04,0,1,0,5.0,0,0
,Diop,13,FUL,4.4,0,2,0.0,0.27,0,0,2,0.1,0,0
,Digne,13,AVL,4.5,1,0,0.04,0.0,0,1,0,1.6,0,0
,Dibling,13,SOU,5.4,0,2,0.05,0.05,0,2,0,0.0,0,0
,Devenny,13,CRY,4.4,3,0,0.07,0.0,0,1,0,1.1,0,0
,Delap,13,IPS,6.2,0,1,0.01,0.04,0,1,0,0.9,0,0
,DeCordova-Reid,13,LEI,5.2,0,0,0.0,0.0,0,0,0,0.1,0,0
,De Bruyne,13,MCI,9.5,2,1,0.0,0.36,0,0,0,11.6,0,0
,Dawson,13,WOL,4.2,0,0,0.0,0.0,0,0,0,0.1,0,0
,Davis,13,IPS,4.2,5,0,0.37,0.0,0,3,0,0.9,0,0
,Davies (Ben),13,TOT,4.3,0,0,0.01,0.0,0,0,2,0.1,0,0
,Damsgaard,13,BRE,5.8,0,4,0.39,0.18,1,1,0,0.6,0,0
,Dalot,13,MUN,4.4,0,0,0.03,0.0,0,0,0,1.0,0,0
,Daka,13,LEI,4.8,0,1,0.0,0.02,0,0,0,0.5,0,0
,Cucurella,13,CHE,6.1,0,0,0.03,0.0,0,0,0,21.8,0,0
,Coufal,13,WHU,4.1,0,0,0.04,0.0,0,0,0,0.4,0,0
,Colwill,13,CHE,4.8,0,0,0.01,0.0,0,0,0,0.1,0,0
,Collins,13,BRE,4.9,0,0,0.15,0.0,1,1,0,1.1,0,0
,Coady,13,LEI,4.0,0,0,0.01,0.0,0,0,2,0.5,0,0
,Harry Clarke,13,IPS,4.0,0,0,0.01,0.0,0,0,0,0.0,0,0
,Clarke (Jack),13,IPS,5.4,0,1,0.01,0.14,0,1,0,0.0,0,0
,Christie,13,BOU,5.0,0,1,0.02,0.02,0,0,0,0.1,0,0
,Chaplin,13,IPS,5.1,0,0,0.01,0.0,0,0,0,0.1,0,0
,Chalobah,13,CHE,5.1,0,1,0.25,0.01,0,1,0,7.6,0,0
,Castagne,13,FUL,4.4,0,0,0.0,0.0,0,0,0,0.1,0,0
,Cash,13,AVL,4.6,0,0,0.0,0.0,0,0,0,5.2,0,0
,Carvalho,13,BRE,4.9,1,1,0.05,0.04,0,0,0,0.2,0,0
,Calvert-Lewin,13,EVE,5.5,0,1,0.0,0.17,0,0,0,1.4,0,0
,Calafiori,13,ARS,5.8,0,1,0.01,0.05,0,0,0,16.0,0,0
,Cajuste,13,IPS,4.5,0,0,0.01,0.0,0,0,0,0.1,0,0
,Cairney,13,FUL,4.9,0,1,0.02,0.03,0,0,0,0.0,0,0
,Moises Caicedo,13,CHE,6.0,0,0,0.05,0.0,0,3,2,19.8,0,0
,Burns,13,IPS,4.7,0,0,0.0,0.0,0,0,0,0.0,0,0
,Burn,13,NEW,5.2,0,0,0.0,0.0,0,0,2,10.7,0,0
,Burgess,13,IPS,3.8,0,3,0.02,0.33,0,0,0,1.8,0,0
,Buonanotte,13,LEI,4.7,1,2,0.02,0.78,0,1,0,0.1,0,0
,Buendía,13,AVL,5.3,0,0,0.0,0.0,0,0,0,0.2,0,0
,Brooks,13,BOU,5.0,1,0,0.02,0.0,0,1,0,0.2,0,0
,Broadhead,13,IPS,4.9,0,0,0.0,0.0,0,0,0,0.0,0,0
,Brereton,13,SOU,4.8,0,0,0.0,0.0,0,0,0,0.1,0,0
,Branthwaite,13,EVE,5.3,0,0,0.01,0.0,0,0,0,0.2,0,0
,Bowen,13,WHU,7.7,0,2,0.01,0.06,0,0,0,7.6,0,0
,Bruno Fernandes,13,MUN,8.9,2,1,0.18,0.03,1,2,0,16.3,0,0
,Carlos Borges,13,WOL,5.4,0,0,0.0,0.0,0,0,0,0.0,0,0
,Bissouma,13,TOT,5.2,0,0,0.16,0.0,0,0,0,0.0,0,0
,Billing,13,BOU,4.9,0,0,0.04,0.0,0,0,0,0.0,0,0
,Bergvall,13,TOT,5.4,0,0,0.0,0.0,0,0,0,0.4,0,0
,Berge,13,FUL,4.9,0,1,0.01,0.08,0,0,0,0.1,0,0
,Bellegarde,13,WOL,5.2,0,0,0.1,0.0,1,1,0,0.0,0,0
,Bassey,13,FUL,4.5,0,1,0.0,0.05,0,0,0,0.6,0,0
,Barnes,13,NEW,6.3,0,0,0.02,0.0,0,0,0,0.4,0,0
,Barkley,13,AVL,4.8,0,1,0.0,0.05,0,0,0,0.0,0,0
,Bailey,13,AVL,5.5,0,0,0.0,0.0,0,0,0,0.1,0,0
,Badiashile,13,CHE,4.4,0,0,0.0,0.0,0,0,0,0.0,0,0
,Ayew,13,LEI,5.1,0,1,0.13,0.06,0,0,0,0.2,0,0
,Ayari,13,BHA,4.9,2,1,0.05,0.08,0,1,2,0.3,0,0
,Kepa,13,BOU,4.2,0,0,0.0,0.0,0,0,0,0.5,1,0
,Armstrong (Adam),13,SOU,5.1,0,2,0.01,0.24,0,1,0,0.5,0,0
,Aribo,13,SOU,4.9,0,0,0.01,0.0,0,1,0,0.1,0,0
,Archer,13,SOU,4.8,0,2,0.0,0.53,0,0,0,1.1,0,0
,Joelinton,13,NEW,5.9,0,1,0.01,0.04,0,0,0,0.3,0,0
,Antonio,13,WHU,5.2,0,1,0.05,0.05,0,1,0,0.8,0,0
,Anderson,13,NFO,5.3,7,0,0.19,0.0,0,3,0,3.0,0,0
,Alexander-Arnold,13,LIV,7.2,2,3,0.08,0.13,0,2,0,16.7,0,0
,Aké,13,MCI,5.3,0,0,0.03,0.0,0,0,0,0.6,0,0
,Akanji,13,MCI,5.4,0,0,0.02,0.0,0,0,0,0.3,0,0
,Ait Nouri,13,WOL,5.8,0,1,0.03,0.05,0,0,0,4.9,0,0
,Aina,13,NFO,4.7,0,0,0.01,0.0,0,0,2,2.5,0,0
,Adingra,13,BHA,5.1,0,1,0.16,0.03,0,1,0,0.5,0,0
,Adams (Tyler),13,BOU,5.0,0,1,0.0,0.11,0,0,2,0.4,0,0
,Álvarez (Edson),14,WHU,4.9,0,2,0.15,0.03,0,2,0,0.1,0,0
,van den Berg,14,BRE,4.5,0,0,0.01,0.0,0,0,0,0.6,0,0
,van Hecke,14,BHA,4.4,0,1,0.16,0.35,0,1,2,1.3,0,0
,van Dijk,14,LIV,6.0,0,0,0.01,0.0,0,0,2,23.6,0,0
,Igor Julio,14,BHA,4.5,0,0,0.02,0.0,0,0,0,0.1,0,0
,Antony,14,MUN,5.9,0,1,0.0,0.08,0,0,0,0.1,0,0
,Evanilson,14,BOU,7.0,0,3,0.08,0.58,0,2,0,1.4,0,0
,de Ligt,14,MUN,5.0,0,1,0.0,0.07,0,0,0,3.0,0,0
,da Silva Moreira (Eric),14,NFO,4.5,0,0,0.0,0.0,0,0,0,0.1,0,0
,Renato Veiga,14,CHE,4.4,0,0,0.0,0.0,0,0,0,0.1,0,0
,André,14,WOL,5.4,0,0,0.02,0.0,0,0,2,0.1,0,0
,Zirkzee,14,MUN,5.8,0,0,0.0,0.0,0,0,0,0.4,0,0
,Zinchenko,14,ARS,4.9,0,1,0.01,0.06,0,0,0,0.2,0,0
,Zabarnyi,14,BOU,5.0,0,0,0.0,0.0,0,0,0,0.0,0,0
,Young (Ashley),14,EVE,4.2,0,1,0.02,0.05,0,0,2,1.4,0,0
,Yoro,14,MUN,4.4,0,0,0.0,0.0,0,0,0,1.7,0,0
,Yates,14,NFO,4.7,0,0,0.0,0.0,0,0,0,0.1,0,0
,Yarmolyuk,14,BRE,5.0,0,1,0.07,0.08,0,1,0,0.1,0,0
,Wood (Chris),14,NFO,7.2,0,3,0.0,0.5,0,0,0,6.5,0,0
,Wood (Nathan),14,SOU,3.9,0,0,0.0,0.0,0,0,0,1.0,0,0
,Wissa,14,BRE,7.4,0,1,0.01,0.05,0,1,0,0.5,0,0
,Wilson (Callum),14,NEW,5.8,0,0,0.0,0.0,0,0,0,0.4,0,0
,Wilson (Harry),14,FUL,5.2,3,1,0.06,0.17,0,1,0,0.3,0,0
,Willock,14,NEW,5.0,0,0,0.0,0.0,0,0,0,0.1,0,0
,Wieffer,14,BHA,4.9,0,1,0.01,0.02,0,0,0,0.1,0,0
,Werner,14,TOT,6.2,0,1,0.0,0.03,0,0,0,0.1,0,0
,Watkins,14,AVL,8.5,0,6,0.03,1.23,0,2,0,6.6,0,0
,Wan-Bissaka,14,WHU,4.3,0,1,0.2,0.04,0,1,0,5.8,0,0
,Walker-Peters,14,SOU,4.3,0,0,0.51,0.0,1,1,0,0.3,0,0
,Walker,14,MCI,4.4,0,0,0.0,0.0,0,0,0,1.6,0,0
,Vestergaard,14,LEI,3.9,0,0,0.0,0.0,0,0,0,1.5,0,0
,Verbruggen,14,BHA,4.4,0,0,0.0,0.0,0,0,0,4.1,0,0
,Bernardo Silva,14,MCI,6.3,1,1,0.28,0.84,0,2,2,0.5,0,0
,Vardy,14,LEI,5.4,0,3,0.0,0.65,0,0,0,5.2,0,1
,Unal,14,BOU,5.4,0,2,0.02,0.28,0,0,0,0.0,0,0
,Ugarte,14,MUN,4.8,0,0,0.0,0.0,0,1,2,0.1,0,0
,Destiny Udogie,14,TOT,4.4,0,0,0.04,0.0,0,0,0,0.4,0,0
,Trossard,14,ARS,6.9,0,1,0.01,0.05,0,0,0,0.5,0,0
,Traoré (Adama),14,FUL,5.2,0,0,0.0,0.0,0,0,0,0.2,0,0
,Amad Diallo,14,MUN,6.3,0,0,0.0,0.0,0,0,0,1.3,0,0
,Tonali,14,NEW,5.4,3,1,0.01,0.09,0,0,0,1.3,0,0
,Lucas Paquetá,14,WHU,5.9,0,1,0.01,0.13,0,0,0,2.5,0,0
,Jurriën Timber,14,ARS,6.1,0,1,0.06,0.16,0,0,0,25.1,0,0
,Tielemans,14,AVL,5.9,5,1,0.36,0.02,0,3,2,0.6,0,0
,Taylor (Charlie),14,SOU,3.9,0,0,0.0,0.0,0,0,0,3.0,0,0
,Taylor (Jack),14,IPS,4.8,0,0,0.01,0.0,0,0,0,0.0,0,0
,Tavernier,14,BOU,5.5,3,4,0.28,0.43,1,3,2,1.6,0,0
,Tarkowski,14,EVE,5.5,0,1,0.0,0.03,0,0,2,6.3,0,0
,Szoboszlai,14,LIV,6.5,0,0,0.02,0.0,0,0,0,4.2,0,0
,Summerville,14,WHU,5.5,0,2,0.64,0.26,1,3,0,0.1,0,0
,Sulemana,14,SOU,5.0,0,0,0.01,0.0,0,0,0,0.0,0,0
,Sugawara,14,SOU,4.2,0,0,0.0,0.0,0,0,0,0.1,0,0
,Strand Larsen,14,WOL,6.4,0,2,0.02,0.65,0,1,0,1.3,0,0
,Stephens,14,SOU,4.0,0,0,0.0,0.0,0,0,0,0.3,0,0
,Soumaré,14,LEI,4.4,0,0,0.0,0.0,0,0,2,0.3,0,0
,Soucek,14,WHU,5.7,0,5,0.06,0.19,0,1,0,0.2,0,0
,Sosa,14,NFO,5.5,0,0,0.0,0.0,0,0,0,0.1,0,0
,Son,14,TOT,8.5,0,1,0.28,0.04,0,1,0,0.1,0,0
,Soler (Carlos),14,WHU,5.0,3,4,0.12,0.18,0,3,0,0.0,0,0
,Solanke,14,TOT,7.2,0,3,0.06,0.22,0,1,0,0.9,0,0
,Smith-Rowe,14,FUL,5.6,0,0,0.01,0.0,0,0,0,0.4,0,0
,Smith,14,BOU,4.4,0,0,0.0,0.0,0,0,0,0.2,0,0
,João Félix,14,CHE,5.9,0,3,0.16,0.69,0,3,0,0.4,0,0
,Semenyo,14,BOU,8.1,0,2,0.1,0.11,0,3,0,64.4,0,0
,Sels,14,NFO,4.8,0,0,0.0,0.0,0,0,0,8.3,3,0
,Schär,14,NEW,5.4,0,1,0.01,0.3,0,0,0,1.9,0,0
,Schade,14,BRE,7.0,0,3,0.02,0.34,0,0,0,0.7,0,0
,Ismaila Sarr,14,CRY,6.6,0,0,0.05,0.0,0,1,0,11.6,0,0
,Sarr (Pape),14,TOT,4.9,0,0,0.03,0.0,0,1,0,1.7,0,0
,Matheus Cunha,14,WOL,7.9,4,2,0.01,0.09,0,0,0,4.4,0,0
,Murillo,14,NFO,5.3,0,1,0.01,0.02,0,0,2,2.0,0,0
,Sancho,14,MUN,5.8,0,1,0.03,0.13,0,0,0,0.2,0,0
,Saliba,14,ARS,6.0,0,1,0.01,0.69,0,0,0,11.6,0,0
,Salah,14,LIV,14.2,0,4,0.24,0.68,0,3,0,24.9,0,0
,Saka,14,ARS,10.1,7,1,0.16,0.13,0,2,0,17.2,0,0
,Rutter,14,BHA,5.7,0,0,0.0,0.0,0,0,0,0.5,0,0
,Rogers,14,AVL,6.8,0,3,0.33,0.24,0,3,0,4.8,0,1
,Roerslev,14,BRE,4.5,0,0,0.0,0.0,0,0,0,0.0,0,0
,Morato,14,NFO,4.4,0,0,0.01,0.0,0,0,0,0.1,0,0
,Robinson (Antonee),14,FUL,4.9,0,0,0.18,0.0,0,2,0,0.5,0,0
,Robertson,14,LIV,5.8,0,0,0.07,0.0,0,1,0,0.9,0,0
,Richards (Chris),14,CRY,4.5,0,0,0.0,0.0,0,0,0,3.2,0,0
,Rice,14,ARS,6.8,6,2,0.41,0.08,1,3,2,16.4,0,0
,Raya Martin,14,ARS,5.8,0,0,0.0,0.0,0,0,0,31.3,2,0
,Rashford,14,AVL,7.0,0,0,0.0,0.0,0,0,0,0.0,0,0
,Quansah,14,LIV,3.9,0,0,0.11,0.0,0,0,2,1.0,0,0
,Porro,14,TOT,5.5,0,1,0.0,0.06,0,0,0,18.4,0,0
,Pope,14,NEW,5.2,0,0,0.0,0.0,0,0,0,12.2,2,0
,Pinnock,14,BRE,4.3,0,0,0.06,0.0,0,1,0,0.1,0,0
,Pickford,14,EVE,5.5,0,0,0.01,0.0,0,1,0,9.7,2,0
,Philogene-Bidace,14,IPS,5.3,0,0,0.0,0.0,0,0,0,0.1,0,0
,Pereira,14,FUL,5.3,1,0,0.01,0.0,0,0,0,0.1,0,0
,Partey,14,ARS,4.9,0,2,0.35,0.37,1,1,0,0.7,0,0
,Emerson,14,WHU,4.4,1,0,0.04,0.0,0,1,0,0.1,0,0
,Palmer (Cole),14,CHE,10.3,3,6,0.32,1.83,0,2,0,9.2,0,0
,O’Riley,14,BHA,5.5,5,1,0.18,0.1,0,3,0,0.4,0,0
,Dango Ouattara,14,BOU,6.0,0,5,0.14,0.78,0,2,0,0.5,0,0
,Ortega Moreno,14,MCI,4.8,0,0,0.0,0.0,0,0,0,0.2,3,0
,Onana,14,MUN,4.9,0,0,0.0,0.0,0,0,0,0.2,4,0
,Odegaard,14,ARS,7.8,0,1,0.32,0.12,0,3,0,1.4,0,0
,O'Shea,14,IPS,3.8,0,1,0.01,0.02,0,0,2,1.2,0,0
,Núñez,14,LIV,6.5,0,3,0.03,0.39,0,0,0,0.1,0,0
,Matheus Nunes,14,MCI,5.3,0,0,0.0,0.0,0,0,0,0.8,0,0
,Nkunku,14,CHE,5.9,0,4,0.06,1.15,1,2,0,0.1,0,0
,Eddie Nketiah,14,CRY,5.4,0,0,0.0,0.0,0,0,0,0.4,0,0
,Nelson (Reiss),14,FUL,4.8,1,0,0.03,0.0,0,0,0,0.1,0,0
,Ndidi,14,LEI,4.9,0,1,0.0,0.35,0,0,2,0.2,0,0
,Ndiaye,14,EVE,6.5,0,1,0.0,0.04,0,0,0,11.1,0,0
,Thiago,14,BRE,6.2,0,1,0.01,0.1,0,0,0,8.2,0,0
,Mykolenko,14,EVE,4.9,0,1,0.02,0.03,0,1,0,0.4,0,0
,Muñoz,14,CRY,5.7,0,1,0.01,0.18,0,0,0,15.3,0,0
,Murphy (Jacob),14,NEW,6.1,0,3,0.1,0.45,0,1,0,1.1,0,0
,Muric,14,IPS,4.4,0,0,0.01,0.0,0,0,0,0.4,2,0
,Rodrigo Muniz,14,FUL,5.4,0,2,0.0,0.19,0,0,0,1.0,0,0
,Mount,14,MUN,5.9,0,1,0.01,0.01,0,0,0,0.3,0,0
,Morsy,14,IPS,4.8,0,1,0.04,0.05,0,0,2,0.1,0,0
,Álex Moreno,14,NFO,4.0,0,1,0.01,0.03,0,0,0,2.4,0,0
,Savinho,14,MCI,6.9,0,0,0.0,0.0,0,0,0,0.5,0,0
,Mitoma,14,BHA,6.2,0,1,0.14,0.02,0,1,0,2.3,0,0
,Mitchell,14,CRY,5.0,0,0,0.06,0.0,0,1,0,2.2,0,0
,Minteh,14,BHA,6.0,0,0,0.0,0.0,0,0,0,4.4,0,0
,Mings,14,AVL,4.4,0,2,0.01,0.16,0,0,0,0.9,0,0
,Milenkovic,14,NFO,5.2,0,2,0.0,0.22,0,0,0,4.0,0,0
,Merino,14,ARS,5.9,0,1,0.01,0.07,0,0,0,0.5,0,0
,Mcatee,14,MCI,5.2,0,0,0.0,0.0,0,0,0,0.1,0,0
,McNeil,14,EVE,5.6,2,2,0.06,0.07,0,2,0,0.1,0,0
,McGinn,14,AVL,5.4,0,1,0.08,0.11,0,1,0,0.6,0,0
,McAteer,14,LEI,4.7,0,2,0.04,0.42,0,1,2,0.0,0,0
,Mbeumo,14,BRE,8.3,3,0,0.21,0.0,0,2,0,28.5,0,0
,Mazraoui,14,MUN,4.9,0,0,0.01,0.0,0,0,0,0.2,0,0
,Mavropanos,14,WHU,4.4,0,3,0.02,0.38,0,1,0,0.1,0,0
,Mavididi,14,LEI,5.0,0,0,0.06,0.0,0,0,0,0.3,0,0
,Mateta,14,CRY,7.9,0,3,0.02,0.77,0,2,0,23.0,0,1
,Martinez,14,AVL,5.0,0,0,0.01,0.0,0,0,0,2.0,0,0
,Martinelli,14,ARS,6.9,0,2,0.0,0.17,0,0,0,1.0,0,0
,Manning,14,SOU,4.3,2,0,0.01,0.0,0,2,2,0.1,0,0
,Mangala,14,EVE,5.0,0,1,0.02,0.08,0,1,0,0.0,0,0
,José Sá,14,WOL,4.4,0,0,0.0,0.0,0,0,0,1.2,2,0
,Malacia,14,MUN,3.9,0,0,0.01,0.0,0,0,0,0.3,0,0
,Maguire,14,MUN,4.4,0,0,0.0,0.0,0,0,0,0.8,0,0
,Maghoma,14,BRE,4.5,0,0,0.0,0.0,0,0,0,0.0,0,0
,Madueke,14,CHE,6.8,0,7,0.15,1.18,1,1,0,0.6,0,1
,Maddison,14,TOT,6.9,5,1,0.22,0.35,0,2,0,0.1,0,0
,Mac Allister,14,LIV,6.3,5,3,0.11,0.23,0,2,2,1.2,0,0
,Maatsen,14,AVL,4.3,0,0,0.01,0.0,0,0,0,0.4,0,0
,Lumley,14,SOU,4.0,0,0,0.0,0.0,0,0,0,0.4,6,0
,Longstaff (Sean),14,NEW,4.9,0,0,0.0,0.0,0,0,0,1.1,0,0
,Livramento,14,NEW,4.9,0,0,0.0,0.0,0,0,0,3.1,0,0
,Lindstrom,14,EVE,5.0,0,0,0.04,0.0,0,1,0,0.1,0,0
,Lewis-Potter,14,BRE,4.9,0,0,0.03,0.0,0,0,0,0.3,0,0
,Lewis (Rico),14,MCI,4.9,0,0,0.0,0.0,0,0,0,1.7,0,0
,Lerma,14,CRY,4.9,0,1,0.28,0.02,0,0,0,0.1,0,0
,Leno,14,FUL,5.0,0,0,0.01,0.0,0,0,0,1.6,2,0
,Lemina (Mario),14,WOL,4.8,0,0,0.01,0.0,0,0,0,0.1,0,0
,Lamptey,14,BHA,4.4,0,0,0.0,0.0,0,0,0,0.1,0,0
,Lacroix,14,CRY,5.0,0,1,0.0,0.19,0,0,0,3.7,0,0
,Kulusevski,14,TOT,6.4,4,3,0.11,0.14,0,1,0,0.0,0,0
,Kudus,14,WHU,6.7,0,3,0.33,0.16,0,4,0,30.1,0,0
,Kristiansen,14,LEI,4.4,0,0,0.01,0.0,1,2,2,0.1,0,0
,Konsa Ngoyo,14,AVL,4.4,0,0,0.01,0.0,0,0,0,8.6,0,0
,Kluivert,14,BOU,7.0,0,1,0.0,0.16,0,0,0,1.0,0,0
,Kiwior,14,ARS,5.4,0,0,0.0,0.0,0,1,0,0.1,0,0
,King (Joshua),14,FUL,4.5,0,0,0.0,0.0,0,0,0,4.0,0,0
,Kilman,14,WHU,4.3,0,2,0.03,0.21,0,2,0,0.2,0,0
,Kerkez,14,BOU,5.7,0,0,0.09,0.0,0,2,2,3.6,0,0
,Kelleher,14,LIV,4.5,0,0,0.0,0.0,0,0,0,7.9,3,0
,Kamara,14,AVL,4.9,0,0,0.02,0.0,0,0,0,0.2,0,0
,Jørgensen,14,CHE,4.4,0,0,0.0,0.0,0,0,0,0.2,3,0
,Justin,14,LEI,4.0,0,0,0.0,0.0,0,0,2,0.2,0,0
,João Pedro,14,BHA,7.4,0,2,0.02,0.38,0,1,0,45.5,0,0
,Jones,14,LIV,5.4,1,3,0.06,0.53,0,1,0,0.1,0,0
,Johnson (Brennan),14,TOT,6.7,0,0,0.03,0.0,0,1,0,3.1,0,0
,Raúl Jiménez,14,FUL,6.2,0,0,0.0,0.0,0,0,0,0.8,0,0
,Janelt,14,BRE,4.9,0,1,0.01,0.08,0,0,0,0.0,0,0
,Iwobi,14,FUL,6.5,0,3,0.06,0.28,0,1,2,1.7,0,2
,Isak,14,NEW,10.4,0,2,0.36,0.12,1,5,0,5.1,0,1
,Ings,14,WHU,4.8,0,2,0.04,0.34,0,2,0,1.2,0,0
,Højlund,14,MUN,6.3,0,0,0.0,0.0,0,0,0,0.3,0,0
,Hwang Hee-Chan,14,WOL,5.8,0,0,0.01,0.0,0,0,0,0.1,0,0
,Hutchinson,14,IPS,5.4,0,0,0.01,0.0,0,0,0,0.0,0,0
,Huijsen,14,BOU,4.5,0,1,0.01,0.39,0,0,2,5.0,0,0
,Hughes,14,CRY,4.8,1,0,0.03,0.0,0,1,2,0.1,0,0
,Hermansen,14,LEI,4.4,0,0,0.01,0.0,0,0,0,0.2,7,0
,Henderson,14,CRY,5.0,0,0,0.0,0.0,0,0,0,7.6,2,0
,Havertz,14,ARS,7.3,0,1,0.02,0.25,0,0,0,0.3,0,0
,Harrison (Jack),14,EVE,5.2,1,3,0.0,0.39,0,0,0,0.1,0,0
,Lewis Hall,14,NEW,5.2,0,1,0.05,0.03,0,2,0,0.8,0,0
,Haaland,14,MCI,14.8,0,2,0.29,0.17,0,3,0,69.7,0,0
,Gvardiol,14,MCI,5.9,0,2,0.02,0.56,0,0,0,5.4,0,0
,Gusto,14,CHE,4.9,0,0,0.31,0.0,0,2,0,1.0,0,0
,Gundogan,14,MCI,6.3,1,1,0.13,0.06,0,2,2,0.1,0,0
,Bruno Guimarães,14,NEW,6.6,0,1,0.03,0.19,1,2,0,3.7,0,0
,Gueye,14,EVE,5.4,0,0,0.01,0.0,0,0,0,0.1,0,0
,Marc Guehi,14,CRY,5.0,0,1,0.01,0.09,0,0,0,34.1,0,0
,Gruda,14,BHA,5.4,1,0,0.0,0.0,0,0,0,0.1,0,0
,Greaves,14,IPS,3.8,0,1,0.01,0.01,0,0,2,2.3,0,0
,Grealish,14,MCI,6.9,0,2,0.12,0.1,0,3,0,17.6,0,0
,Gray (Archie),14,TOT,4.8,0,1,0.01,0.02,0,0,0,0.1,0,0
,Gravenberch,14,LIV,5.6,0,0,0.01,0.0,0,0,0,4.0,0,0
,Gordon (Anthony),14,NEW,7.5,2,5,0.14,0.78,0,3,0,3.1,0,0
,Gomez,14,LIV,4.9,0,0,0.01,0.0,0,0,0,0.1,0,0
,João Gomes,14,WOL,5.4,0,1,0.28,0.02,0,1,2,0.1,0,0
,Rodrigo Gomes,14,WOL,4.5,0,0,0.0,0.0,0,0,0,0.1,0,0
,Toti,14,WOL,4.3,0,0,0.0,0.0,0,0,0,0.1,0,0
,Gibbs-White,14,NFO,7.3,0,1,0.14,0.09,0,4,0,2.9,0,0
,Rúben Dias,14,MCI,5.5,0,0,0.02,0.0,0,0,0,4.5,0,0
,Garnacho,14,MUN,6.4,0,0,0.01,0.0,0,0,0,0.4,0,0
,Gonçalo Guedes,14,WOL,5.5,0,1,0.0,0.02,0,0,0,0.0,0,0
,Gakpo,14,LIV,7.6,0,2,0.02,0.1,0,0,0,14.1,0,0
,Füllkrug,14,WHU,5.6,0,1,0.0,0.42,0,0,0,0.7,0,0
,Jorginho,14,ARS,4.6,0,0,0.0,0.0,0,0,0,0.2,0,0
,Fraser (Ryan),14,SOU,4.8,0,0,0.01,0.0,0,0,0,0.0,0,0
,Forster,14,TOT,4.3,0,0,0.0,0.0,0,0,0,0.3,7,0
,Flekken,14,BRE,4.5,0,0,0.0,0.0,0,0,0,10.0,8,0
,Jota Silva,14,NFO,5.4,0,1,0.07,0.01,0,2,0,0.0,0,0
,Fernández,14,CHE,6.7,3,1,0.85,0.07,1,3,0,14.3,0,0
,Ferguson,14,WHU,5.5,0,1,0.0,0.07,0,0,0,0.0,0,0
,Faes,14,LEI,3.8,0,0,0.01,0.0,0,0,0,5.2,0,0
,Fabianski,14,WHU,4.5,0,0,0.0,0.0,0,0,0,0.0,3,0
,Eze,14,CRY,7.6,6,3,0.28,0.19,1,4,0,14.2,0,0
,Estupiñán,14,BHA,4.5,0,2,0.01,0.18,0,0,0,0.0,0,0
,Mateus Fernandes,14,SOU,5.5,0,2,0.04,0.53,0,0,0,0.0,0,0
,Elanga,14,NFO,6.7,2,2,0.22,0.14,0,1,0,3.7,0,0
,El Khannouss,14,LEI,4.8,1,1,0.47,0.11,1,3,0,0.2,0,0
,Edwards,14,SOU,3.9,0,0,0.0,0.0,0,0,0,0.2,0,0
,Díaz,14,LIV,8.0,0,1,0.01,0.06,0,0,0,0.0,0,0
,Durán,14,AVL,5.7,0,3,0.02,0.53,0,2,0,1.6,0,0
,Dunk,14,BHA,4.5,0,0,0.01,0.0,0,0,0,1.2,0,0
,Dragusin,14,TOT,4.5,0,0,0.01,0.0,0,0,0,0.0,0,0
,Doyle (Tommy),14,WOL,4.7,0,0,0.0,0.0,0,0,0,0.0,0,0
,Doucouré,14,EVE,5.1,0,1,0.02,0.02,0,1,0,0.5,0,0
,Doucoure,14,CRY,4.9,0,2,0.02,0.13,0,0,0,0.0,0,0
,Nicolás Domínguez,14,NFO,5.0,0,0,0.02,0.0,0,1,0,0.0,0,0
,Doku,14,MCI,6.5,0,3,0.24,0.19,1,1,0,5.0,0,1
,Doherty,14,WOL,4.4,0,0,0.29,0.0,0,3,0,0.1,0,0
,Disasi,14,AVL,4.2,0,1,0.02,0.25,0,0,0,0.4,0,0
,Diop,14,FUL,4.4,0,0,0.0,0.0,0,0,0,0.1,0,0
,Digne,14,AVL,4.5,5,1,0.26,0.02,0,4,0,1.6,0,0
,Dewsbury-Hall,14,CHE,4.9,1,0,0.02,0.0,0,0,0,2.9,0,0
,Devenny,14,CRY,4.4,0,0,0.01,0.0,0,0,0,1.1,0,0
,Delap,14,IPS,6.2,0,4,0.0,0.27,0,0,0,0.9,0,0
,DeCordova-Reid,14,LEI,5.2,0,0,0.01,0.0,0,0,0,0.1,0,0
,De Bruyne,14,MCI,9.5,6,5,0.25,0.35,1,4,0,11.6,0,0
,Dawson,14,WOL,4.2,0,0,0.0,0.0,0,0,0,0.1,0,0
,Davis,14,IPS,4.2,3,0,0.28,0.0,0,3,0,0.9,0,0
,Davies (Ben),14,TOT,4.3,0,0,0.01,0.0,0,0,0,0.1,0,0
,Damsgaard,14,BRE,5.8,2,1,0.09,0.27,0,2,2,0.6,0,0
,Dalot,14,MUN,4.4,0,2,0.01,0.07,0,0,0,1.0,0,0
,Daka,14,LEI,4.8,0,1,0.0,0.14,0,0,0,0.5,0,0
,Cuenca,14,FUL,4.4,0,0,0.0,0.0,0,0,0,0.0,0,0
,Cucurella,14,CHE,6.1,0,0,0.17,0.0,0,1,0,21.8,0,0
,Coufal,14,WHU,4.1,0,0,0.06,0.0,0,0,0,0.4,0,0
,Cook,14,BOU,4.9,1,0,0.0,0.0,0,0,0,0.0,0,0
,Collins,14,BRE,4.9,0,0,0.02,0.0,0,0,0,1.1,0,0
,Coady,14,LEI,4.0,0,0,0.0,0.0,0,0,0,0.5,0,0
,Harry Clarke,14,IPS,4.0,0,1,0.01,0.08,0,0,0,0.0,0,0
,Clarke (Jack),14,IPS,5.4,1,0,0.03,0.0,0,1,0,0.0,0,0
,Christie,14,BOU,5.0,0,1,0.06,0.07,0,2,2,0.1,0,0
,Chaplin,14,IPS,5.1,0,0,0.04,0.0,0,1,0,0.1,0,0
,Chalobah,14,CHE,5.1,0,1,0.01,0.08,0,0,0,7.6,0,0
,Castagne,14,FUL,4.4,0,0,0.0,0.0,0,0,0,0.1,0,0
,Cash,14,AVL,4.6,0,1,0.0,0.02,0,0,0,5.2,0,0
,Carvalho,14,BRE,4.9,0,1,0.0,0.09,0,0,0,0.2,0,0
,Calvert-Lewin,14,EVE,5.5,0,2,0.01,0.31,0,0,0,1.4,0,0
,Cajuste,14,IPS,4.5,0,0,0.02,0.0,0,1,0,0.1,0,0
,Moises Caicedo,14,CHE,6.0,0,1,0.07,0.04,0,3,0,19.8,0,0
,Burns,14,IPS,4.7,0,1,0.06,0.07,0,1,0,0.0,0,0
,Burn,14,NEW,5.2,0,0,0.01,0.0,0,0,0,10.7,0,0
,Buonanotte,14,LEI,4.7,2,0,0.14,0.0,0,1,0,0.1,0,0
,Bueno (Santiago),14,WOL,4.4,0,0,0.01,0.0,0,0,0,0.1,0,0
,Buendía,14,AVL,5.3,0,0,0.01,0.0,0,0,0,0.2,0,0
,Brooks,14,BOU,5.0,1,0,0.0,0.0,0,0,0,0.2,0,0
,Broja,14,EVE,5.3,0,0,0.06,0.0,0,0,0,0.1,0,0
,Broadhead,14,IPS,4.9,0,0,0.0,0.0,0,0,0,0.0,0,0
,Brereton,14,SOU,4.8,0,0,0.0,0.0,0,0,0,0.1,0,0
,Bree,14,SOU,3.9,3,0,0.1,0.0,0,1,0,0.3,0,0
,Branthwaite,14,EVE,5.3,0,0,0.0,0.0,0,0,2,0.2,0,0
,Bowen,14,WHU,7.7,5,4,1.09,0.53,0,5,0,7.6,0,0
,Bruno Fernandes,14,MUN,8.9,0,0,0.14,0.0,0,2,0,16.3,0,0
,Bissouma,14,TOT,5.2,0,1,0.05,0.03,0,1,2,0.0,0,0
,Billing,14,BOU,4.9,0,0,0.33,0.0,0,2,0,0.0,0,0
,Bergvall,14,TOT,5.4,0,0,0.01,0.0,0,1,0,0.4,0,0
,Berge,14,FUL,4.9,0,0,0.0,0.0,0,0,0,0.1,0,0
,Bassey,14,FUL,4.5,0,0,0.0,0.0,0,0,0,0.6,0,0
,Barnes,14,NEW,6.3,0,0,0.0,0.0,0,0,0,0.4,0,0
,Barkley,14,AVL,4.8,0,1,0.0,0.03,0,0,0,0.0,0,0
,Baleba,14,BHA,4.7,0,2,0.01,0.1,0,0,2,2.1,0,1
,Bailey,14,AVL,5.5,0,1,0.28,0.09,0,0,0,0.1,0,0
,Ayew,14,LEI,5.1,0,0,0.0,0.0,0,0,0,0.2,0,0
,Awoniyi,14,NFO,5.2,0,0,0.02,0.0,0,1,0,0.4,0,0
,Kepa,14,BOU,4.2,0,0,0.0,0.0,0,0,0,0.5,4,0
,Armstrong (Adam),14,SOU,5.1,0,0,0.0,0.0,0,0,0,0.5,0,0
,Armstrong (Harrison),14,EVE,4.5,0,0,0.0,0.0,0,0,0,0.1,0,0
,Aribo,14,SOU,4.9,0,2,0.3,0.93,0,1,0,0.1,0,0
,Archer,14,SOU,4.8,0,2,0.04,0.1,0,0,0,1.1,0,0
,Joelinton,14,NEW,5.9,0,3,0.12,0.14,0,0,2,0.3,0,0
,Antonio,14,WHU,5.2,0,1,0.0,0.22,0,0,0,0.8,0,0
,Anderson,14,NFO,5.3,0,1,0.03,0.03,0,0,0,3.0,0,0
,Alexander-Arnold,14,LIV,7.2,0,0,0.36,0.0,1,3,0,16.7,0,0
,Ali Al Hamadi,14,IPS,4.7,0,0,0.01,0.0,0,0,0,0.2,0,0
,Aké,14,MCI,5.3,0,0,0.02,0.0,0,0,0,0.6,0,0
,Akanji,14,MCI,5.4,0,1,0.01,0.14,0,0,0,0.3,0,0
,Ait Nouri,14,WOL,5.8,0,0,0.06,0.0,0,0,0,4.9,0,0
,Aina,14,NFO,4.7,0,0,0.28,0.0,0,0,0,2.5,0,0
,Adingra,14,BHA,5.1,0,2,0.11,0.26,0,0,0,0.5,0,0
,Tosin,14,CHE,4.3,0,2,0.02,0.17,0,0,0,0.4,0,0
,Adams (Tyler),14,BOU,5.0,0,2,0.04,0.91,0,2,2,0.4,0,0
,Álvarez (Edson),15,WHU,4.9,0,0,0.01,0.0,0,0,0,0.1,0,0
,van den Berg,15,BRE,4.5,0,0,0.01,0.0,0,0,0,0.6,0,0
,van de Ven,15,TOT,4.7,0,1,0.0,0.14,0,0,0,32.6,0,0
,van Hecke,15,BHA,4.4,0,1,0.01,0.08,0,0,0,1.3,0,0
,Igor Julio,15,BHA,4.5,0,0,0.0,0.0,0,0,0,0.1,0,0
,Evanilson,15,BOU,7.0,0,3,0.0,0.15,0,1,0,1.4,0,0
,de Ligt,15,MUN,5.0,0,0,0.0,0.0,0,0,0,3.0,0,0
,Jesus,15,ARS,6.4,0,0,0.0,0.0,0,0,0,0.0,0,0
,Renato Veiga,15,CHE,4.4,0,0,0.0,0.0,0,0,0,0.1,0,0
,André,15,WOL,5.4,0,0,0.02,0.0,0,1,0,0.1,0,0
,Zirkzee,15,MUN,5.8,0,0,0.01,0.0,0,0,0,0.4,0,0
,Zabarnyi,15,BOU,5.0,0,0,0.01,0.0,0,1,2,0.0,0,0
,Yoro,15,MUN,4.4,0,0,0.0,0.0,0,0,0,1.7,0,0
,Yates,15,NFO,4.7,0,0,0.05,0.0,0,1,0,0.1,0,0
,Yarmolyuk,15,BRE,5.0,0,1,0.13,0.09,0,0,2,0.1,0,0
,Wood (Chris),15,NFO,7.2,0,2,0.0,0.33,0,0,0,6.5,0,0
,Wood (Nathan),15,SOU,3.9,0,0,0.01,0.0,0,0,2,1.0,0,0
,Wissa,15,BRE,7.4,0,3,0.03,0.16,0,1,0,0.5,0,1
,Wilson (Callum),15,NEW,5.8,0,0,0.0,0.0,0,0,0,0.4,0,0
,Wilson (Harry),15,FUL,5.2,0,0,0.0,0.0,0,0,0,0.3,0,0
,Williams (Neco),15,NFO,4.7,0,1,0.0,0.02,0,0,2,3.5,0,0
,Wieffer,15,BHA,4.9,0,0,0.01,0.0,0,1,2,0.1,0,0
,Werner,15,TOT,6.2,0,0,0.21,0.0,0,3,0,0.1,0,0
,Welbeck,15,BHA,6.5,0,2,0.01,0.27,0,0,0,7.9,0,0
,Watkins,15,AVL,8.5,0,4,0.41,0.37,0,1,0,6.6,0,0
,Wan-Bissaka,15,WHU,4.3,0,0,0.13,0.0,0,2,0,5.8,0,0
,Walker-Peters,15,SOU,4.3,0,0,0.07,0.0,0,1,0,0.3,0,0
,Walker,15,MCI,4.4,0,0,0.03,0.0,0,0,0,1.6,0,0
,Vestergaard,15,LEI,3.9,0,0,0.01,0.0,0,0,0,1.5,0,0
,Verbruggen,15,BHA,4.4,0,0,0.0,0.0,0,0,0,4.1,1,0
,Bernardo Silva,15,MCI,6.3,0,0,0.41,0.0,1,2,0,0.5,0,0
,Vardy,15,LEI,5.4,0,3,0.37,0.48,1,1,0,5.2,0,0
,Unal,15,BOU,5.4,0,2,0.0,0.78,0,0,0,0.0,0,0
,Ugarte,15,MUN,4.8,0,0,0.3,0.0,0,2,0,0.1,0,0
,Destiny Udogie,15,TOT,4.4,0,0,0.01,0.0,0,0,0,0.4,0,0
,Trossard,15,ARS,6.9,0,1,0.15,0.02,0,1,0,0.5,0,0
,Trippier,15,NEW,5.0,0,0,0.0,0.0,0,0,0,2.7,0,0
,Traoré (Adama),15,FUL,5.2,0,0,0.01,0.0,0,0,0,0.2,0,0
,Amad Diallo,15,MUN,6.3,0,4,0.07,0.34,0,2,0,1.3,0,0
,Torres,15,AVL,4.3,0,1,0.04,0.04,0,0,0,0.3,0,0
,Tonali,15,NEW,5.4,0,1,0.01,0.17,0,0,0,1.3,0,0
,Lucas Paquetá,15,WHU,5.9,0,1,0.01,0.01,0,0,0,2.5,0,0
,Todibo,15,WHU,4.3,0,0,0.0,0.0,0,0,0,0.1,0,0
,Jurriën Timber,15,ARS,6.1,0,0,0.03,0.0,0,1,0,25.1,0,0
,Tielemans,15,AVL,5.9,1,0,0.12,0.0,0,2,0,0.6,0,0
,Tete,15,FUL,4.5,0,0,0.11,0.0,0,1,0,0.2,0,0
,Taylor (Jack),15,IPS,4.8,0,4,0.44,0.09,0,3,2,0.0,0,0
,Tavernier,15,BOU,5.5,4,2,0.07,1.01,0,1,0,1.6,0,0
,Szmodics,15,IPS,5.7,4,4,0.25,0.25,0,0,0,0.1,0,0
,Summerville,15,WHU,5.5,5,3,0.42,0.11,0,4,0,0.1,0,0
,Sulemana,15,SOU,5.0,0,0,0.0,0.0,0,0,0,0.0,0,0
,Strand Larsen,15,WOL,6.4,0,0,0.0,0.0,0,0,0,1.3,0,0
,Soumaré,15,LEI,4.4,0,1,0.03,0.03,0,0,2,0.3,0,0
,Soucek,15,WHU,5.7,0,3,0.01,0.09,0,0,0,0.2,0,0
,Son,15,TOT,8.5,2,4,0.47,1.08,0,2,0,0.1,0,0
,Soler (Carlos),15,WHU,5.0,1,2,0.06,0.18,0,0,0,0.0,0,0
,Solanke,15,TOT,7.2,0,3,0.0,0.94,0,2,0,0.9,0,0
,Smith-Rowe,15,FUL,5.6,0,0,0.0,0.0,0,0,0,0.4,0,0
,Smith,15,BOU,4.4,0,0,0.03,0.0,0,0,0,0.2,0,0
,Skipp,15,LEI,4.7,0,0,0.01,0.0,0,1,0,0.0,0,0
,João Félix,15,CHE,5.9,0,0,0.0,0.0,0,0,0,0.4,0,0
,Semenyo,15,BOU,8.1,1,4,0.12,0.13,0,2,2,64.4,0,0
,Semedo,15,WOL,4.5,0,1,0.01,0.05,0,1,0,0.6,0,0
,Sels,15,NFO,4.8,0,0,0.0,0.0,0,0,0,8.3,5,0
,Schär,15,NEW,5.4,0,0,0.01,0.0,0,0,0,1.9,0,0
,Schade,15,BRE,7.0,0,1,0.0,0.37,0,0,0,0.7,0,0
,Ismaila Sarr,15,CRY,6.6,0,1,0.12,0.06,0,0,0,11.6,0,0
,Sarr (Pape),15,TOT,4.9,0,1,0.01,0.51,0,0,0,1.7,0,0
,Diego Carlos,15,AVL,4.5,0,1,0.01,0.13,0,0,0,0.3,0,0
,Matheus Cunha,15,WOL,7.9,0,2,0.25,0.04,0,4,0,4.4,0,0
,Murillo,15,NFO,5.3,0,1,0.02,0.13,0,1,0,2.0,0,0
,Sancho,15,MUN,5.8,0,3,0.22,0.39,0,2,0,0.2,0,1
,Sanchez,15,CHE,4.8,0,0,0.0,0.0,0,0,0,13.5,2,0
,Saliba,15,ARS,6.0,0,2,0.01,1.19,0,0,0,11.6,0,0
,Saka,15,ARS,10.1,3,2,0.11,0.09,0,1,0,17.2,0,0
,Rutter,15,BHA,5.7,0,0,0.04,0.0,0,0,0,0.5,0,0
,Romero,15,TOT,5.0,0,0,0.0,0.0,0,0,0,4.2,0,0
,Rogers,15,AVL,6.8,0,3,0.56,0.16,0,4,0,4.8,0,0
,Rodríguez,15,WHU,4.8,0,0,0.0,0.0,0,0,0,0.0,0,0
,Morato,15,NFO,4.4,0,0,0.0,0.0,0,0,0,0.1,0,0
,Robinson (Antonee),15,FUL,4.9,0,0,0.01,0.0,0,0,2,0.5,0,0
,Rice,15,ARS,6.8,3,3,0.6,0.12,0,2,0,16.4,0,0
,Raya Martin,15,ARS,5.8,0,0,0.0,0.0,0,0,0,31.3,1,0
,Rashford,15,AVL,7.0,1,1,0.07,0.03,0,2,0,0.0,0,0
,Porro,15,TOT,5.5,1,2,0.18,0.06,0,2,0,18.4,0,0
,Pope,15,NEW,5.2,0,0,0.0,0.0,0,0,0,12.2,4,0
,Pinnock,15,BRE,4.3,0,0,0.0,0.0,0,0,0,0.1,0,0
,Philogene-Bidace,15,IPS,5.3,0,1,0.08,0.04,0,0,0,0.1,0,0
,Pereira,15,FUL,5.3,0,1,0.0,0.12,0,0,0,0.1,0,0
,Partey,15,ARS,4.9,0,1,0.07,0.25,0,0,0,0.7,0,0
,Emerson,15,WHU,4.4,3,0,0.11,0.0,0,1,0,0.1,0,0
,Palmer (Cole),15,CHE,10.3,6,4,0.67,1.68,0,4,0,9.2,0,0
,O’Riley,15,BHA,5.5,0,0,0.02,0.0,0,1,0,0.4,0,0
,Dango Ouattara,15,BOU,6.0,1,2,0.02,0.62,1,2,0,0.5,0,0
,Ortega Moreno,15,MCI,4.8,0,0,0.0,0.0,0,0,0,0.2,1,0
,Onana,15,MUN,4.9,0,0,0.0,0.0,0,0,0,0.2,0,0
,Odegaard,15,ARS,7.8,0,0,0.18,0.0,0,3,0,1.4,0,0
,O'Shea,15,IPS,3.8,0,0,0.06,0.0,0,0,2,1.2,0,0
,Nwaneri,15,ARS,5.2,0,0,0.0,0.0,0,0,0,0.1,0,0
,Matheus Nunes,15,MCI,5.3,2,1,0.43,0.07,1,4,2,0.8,0,0
,Norgaard,15,BRE,5.2,0,0,0.06,0.0,0,2,2,0.1,0,0
,Nkunku,15,CHE,5.9,0,0,0.0,0.0,0,0,0,0.1,0,0
,Eddie Nketiah,15,CRY,5.4,0,0,0.0,0.0,0,0,0,0.4,0,0
,Neto,15,CHE,7.1,1,1,0.34,0.07,0,3,0,5.9,0,0
,Ndidi,15,LEI,4.9,0,0,0.01,0.0,0,0,0,0.2,0,0
,Thiago,15,BRE,6.2,0,0,0.01,0.0,0,1,0,8.2,0,0
,Muñoz,15,CRY,5.7,0,1,0.01,0.14,0,0,0,15.3,0,0
,Murphy (Jacob),15,NEW,6.1,2,2,0.33,0.31,1,3,0,1.1,0,0
,Muric,15,IPS,4.4,0,0,0.0,0.0,0,0,0,0.4,4,0
,Rodrigo Muniz,15,FUL,5.4,0,0,0.0,0.0,0,0,0,1.0,0,0
,Mount,15,MUN,5.9,1,0,0.03,0.0,0,0,0,0.3,0,0
,Morsy,15,IPS,4.8,0,0,0.05,0.0,0,2,0,0.1,0,0
,Savinho,15,MCI,6.9,0,3,0.04,0.29,0,1,0,0.5,0,0
,Mitoma,15,BHA,6.2,0,1,0.18,0.14,0,3,0,2.3,0,0
,Mitchell,15,CRY,5.0,0,0,0.07,0.0,0,1,0,2.2,0,0
,Minteh,15,BHA,6.0,0,2,0.0,0.45,0,0,0,4.4,0,1
,Milenkovic,15,NFO,5.2,0,2,0.01,0.11,0,0,0,4.0,0,0
,Merino,15,ARS,5.9,0,0,0.01,0.0,0,0,0,0.5,0,0
,Mee (Ben),15,BRE,4.2,0,0,0.0,0.0,0,0,0,0.3,0,0
,McGinn,15,AVL,5.4,0,3,0.07,0.42,0,2,0,0.6,0,0
,McAteer,15,LEI,4.7,0,0,0.02,0.0,0,1,0,0.0,0,0
,Mbeumo,15,BRE,8.3,1,3,0.36,0.38,1,3,0,28.5,0,1
,Mazraoui,15,MUN,4.9,0,0,0.01,0.0,0,0,0,0.2,0,0
,Mavropanos,15,WHU,4.4,0,2,0.02,0.18,0,0,0,0.1,0,0
,Mavididi,15,LEI,5.0,0,1,0.2,0.05,0,1,0,0.3,0,0
,Mateta,15,CRY,7.9,0,1,0.15,0.03,0,1,0,23.0,0,0
,Martínez,15,MUN,4.8,0,2,0.03,0.09,0,0,0,0.1,0,0
,Martinez,15,AVL,5.0,0,0,0.0,0.0,0,0,0,2.0,0,0
,Martinelli,15,ARS,6.9,0,0,0.01,0.0,0,0,0,1.0,0,0
,Manning,15,SOU,4.3,0,1,0.02,0.07,0,0,0,0.1,0,0
,Mainoo,15,MUN,4.8,0,0,0.06,0.0,0,2,0,0.5,0,0
,Maguire,15,MUN,4.4,0,0,0.01,0.0,0,1,0,0.8,0,0
,Maghoma,15,BRE,4.5,0,0,0.0,0.0,0,0,0,0.0,0,0
,Madueke,15,CHE,6.8,0,0,0.0,0.0,0,0,0,0.6,0,0
,Maddison,15,TOT,6.9,1,1,0.33,0.11,1,1,0,0.1,0,0
,Maatsen,15,AVL,4.3,0,1,0.12,0.01,0,1,0,0.4,0,0
,Lumley,15,SOU,4.0,0,0,0.0,0.0,0,0,0,0.4,3,0
,Lukic,15,FUL,5.0,0,0,0.17,0.0,0,0,0,0.1,0,0
,Longstaff (Sean),15,NEW,4.9,0,2,0.02,0.07,0,1,0,1.1,0,0
,Livramento,15,NEW,4.9,0,0,0.06,0.0,0,1,0,3.1,0,0
,Lewis-Potter,15,BRE,4.9,1,1,0.12,0.02,0,0,0,0.3,0,0
,Lewis (Rico),15,MCI,4.9,0,1,0.03,0.15,0,0,0,1.7,0,0
,Lerma,15,CRY,4.9,0,2,0.04,0.2,0,0,0,0.1,0,0
,Leno,15,FUL,5.0,0,0,0.0,0.0,0,0,0,1.6,3,0
,Lemina (Mario),15,WOL,4.8,0,4,0.01,0.27,0,1,2,0.1,0,0
,Lavia,15,CHE,4.9,0,0,0.01,0.0,0,1,0,0.0,0,0
,Lamptey,15,BHA,4.4,0,1,0.06,0.02,0,1,0,0.1,0,1
,Lacroix,15,CRY,5.0,0,1,0.0,0.52,0,0,2,3.7,0,0
,Kulusevski,15,TOT,6.4,1,1,0.04,0.05,0,0,0,0.0,0,1
,Kudus,15,WHU,6.7,0,3,0.1,0.06,0,1,0,30.1,0,0
,Kristiansen,15,LEI,4.4,3,0,0.32,0.0,0,1,0,0.1,0,0
,Konsa Ngoyo,15,AVL,4.4,0,0,0.01,0.0,0,0,0,8.6,0,0
,Kluivert,15,BOU,7.0,0,4,0.06,0.29,0,3,0,1.0,0,0
,Kiwior,15,ARS,5.4,0,0,0.03,0.0,0,0,0,0.1,0,0
,Kilman,15,WHU,4.3,0,2,0.05,0.13,0,1,2,0.2,0,0
,Kerkez,15,BOU,5.7,0,0,0.12,0.0,0,1,0,3.6,0,0
,Kamara,15,AVL,4.9,0,0,0.02,0.0,0,1,2,0.2,0,0
,Justin,15,LEI,4.0,0,2,0.01,0.12,0,0,0,0.2,0,0
,João Pedro,15,BHA,7.4,1,2,0.01,0.27,0,1,0,45.5,0,0
,Johnstone,15,WOL,4.5,0,0,0.0,0.0,0,0,0,0.2,2,0
,Johnson (Ben),15,IPS,3.8,0,0,0.0,0.0,0,0,0,1.9,0,0
,Johnson (Brennan),15,TOT,6.7,0,0,0.16,0.0,1,1,0,3.1,0,0
,Raúl Jiménez,15,FUL,6.2,0,1,0.01,0.04,0,0,0,0.8,0,0
,Jackson (Nicolas),15,CHE,6.5,0,3,0.02,0.32,0,0,0,0.1,0,0
,Iwobi,15,FUL,6.5,0,0,0.01,0.0,0,0,0,1.7,0,0
,Isak,15,NEW,10.4,0,3,0.53,0.49,0,2,0,5.1,0,0
,Ings,15,WHU,4.8,0,0,0.0,0.0,0,0,0,1.2,0,0
,Højlund,15,MUN,6.3,0,2,0.02,0.71,0,0,0,0.3,0,0
,Hutchinson,15,IPS,5.4,0,1,0.11,0.07,0,1,0,0.0,0,0
,Huijsen,15,BOU,4.5,0,0,0.03,0.0,0,1,2,5.0,0,0
,Hughes,15,CRY,4.8,1,3,0.33,0.12,1,3,2,0.1,0,0
,Hudson-Odoi,15,NFO,5.8,0,0,0.04,0.0,0,2,0,0.8,0,0
,Hill (James),15,BOU,4.0,0,0,0.0,0.0,0,0,0,0.8,0,0
,Hermansen,15,LEI,4.4,0,0,0.0,0.0,0,0,0,0.2,5,0
,Henderson,15,CRY,5.0,0,0,0.0,0.0,0,0,0,7.6,2,0
,Havertz,15,ARS,7.3,0,3,0.01,0.34,1,1,0,0.3,0,0
,Harwood-Bellis,15,SOU,3.9,0,0,0.02,0.0,0,0,2,4.1,0,0
,Lewis Hall,15,NEW,5.2,1,0,0.03,0.0,0,1,2,0.8,0,0
,Haaland,15,MCI,14.8,0,3,0.12,0.69,0,0,0,69.7,0,0
,Gvardiol,15,MCI,5.9,0,1,0.03,0.11,0,0,2,5.4,0,0
,Gusto,15,CHE,4.9,0,1,0.01,0.03,0,0,0,1.0,0,0
,Gundogan,15,MCI,6.3,0,2,0.11,0.13,0,0,0,0.1,0,0
,Bruno Guimarães,15,NEW,6.6,0,2,0.04,0.1,0,1,0,3.7,0,0
,Marc Guehi,15,CRY,5.0,0,0,0.01,0.0,0,0,0,34.1,0,0
,Grealish,15,MCI,6.9,0,0,0.0,0.0,0,0,0,17.6,0,0
,Gray (Archie),15,TOT,4.8,0,0,0.0,0.0,0,0,0,0.1,0,0
,Gordon (Anthony),15,NEW,7.5,1,2,0.05,0.06,0,1,0,3.1,0,0
,João Gomes,15,WOL,5.4,0,2,0.02,0.26,0,2,0,0.1,0,0
,Rodrigo Gomes,15,WOL,4.5,0,0,0.0,0.0,0,0,0,0.1,0,0
,Toti,15,WOL,4.3,0,0,0.0,0.0,0,1,2,0.1,0,0
,Gibbs-White,15,NFO,7.3,0,2,0.31,0.11,0,1,0,2.9,0,1
,Rúben Dias,15,MCI,5.5,0,0,0.02,0.0,0,0,0,4.5,0,0
,Garnacho,15,MUN,6.4,0,2,0.02,0.21,0,0,0,0.4,0,0
,Gonçalo Guedes,15,WOL,5.5,0,2,0.06,0.13,0,1,0,0.0,0,0
,Jorginho,15,ARS,4.6,0,0,0.04,0.0,0,0,2,0.2,0,0
,Forster,15,TOT,4.3,0,0,0.0,0.0,0,0,0,0.3,4,0
,Flekken,15,BRE,4.5,0,0,0.04,0.0,1,1,0,10.0,2,0
,Jota Silva,15,NFO,5.4,0,2,0.51,0.11,0,1,0,0.0,0,0
,Fernández,15,CHE,6.7,3,3,0.35,0.13,0,1,0,14.3,0,0
,Ferguson,15,WHU,5.5,0,2,0.18,0.14,0,1,0,0.0,0,0
,Faes,15,LEI,3.8,0,0,0.0,0.0,0,0,0,5.2,0,0
,Fabianski,15,WHU,4.5,0,0,0.0,0.0,0,0,0,0.0,4,0
,Eze,15,CRY,7.6,2,2,0.0,0.18,0,1,0,14.2,0,0
,Estupiñán,15,BHA,4.5,3,3,0.03,0.1,0,2,0,0.0,0,0
,Mateus Fernandes,15,SOU,5.5,1,1,0.07,0.07,0,0,0,0.0,0,0
,Elanga,15,NFO,6.7,0,0,0.0,0.0,0,0,0,3.7,0,0
,El Khannouss,15,LEI,4.8,1,0,0.05,0.0,0,1,0,0.2,0,0
,Durán,15,AVL,5.7,0,3,0.01,0.65,0,0,0,1.6,0,1
,Dunk,15,BHA,4.5,0,1,0.12,0.02,0,1,0,1.2,0,0
,Dragusin,15,TOT,4.5,0,0,0.01,0.0,0,0,0,0.0,0,0
,Doyle (Tommy),15,WOL,4.7,0,1,0.06,0.12,0,1,0,0.0,0,0
,Downes,15,SOU,4.7,0,0,0.01,0.0,0,0,0,0.0,0,0
,Nicolás Domínguez,15,NFO,5.0,0,0,0.0,0.0,0,0,0,0.0,0,0
,Doku,15,MCI,6.5,0,0,0.01,0.0,0,0,0,5.0,0,0
,Doherty,15,WOL,4.4,0,4,0.08,0.42,0,1,0,0.1,0,0
,Diop,15,FUL,4.4,0,0,0.0,0.0,0,0,2,0.1,0,0
,Digne,15,AVL,4.5,9,0,0.21,0.0,0,2,0,1.6,0,0
,Dibling,15,SOU,5.4,0,0,0.03,0.0,0,1,0,0.0,0,0
,Devenny,15,CRY,4.4,3,1,0.06,0.07,0,1,0,1.1,0,0
,Delap,15,IPS,6.2,0,2,0.3,0.37,0,4,0,0.9,0,0
,DeCordova-Reid,15,LEI,5.2,0,2,0.0,0.62,0,0,0,0.1,0,0
,De Bruyne,15,MCI,9.5,6,1,0.63,0.02,0,3,0,11.6,0,0
,Davis,15,IPS,4.2,2,0,0.12,0.0,0,2,0,0.9,0,0
,Damsgaard,15,BRE,5.8,1,0,0.01,0.0,0,0,0,0.6,0,0
,Dalot,15,MUN,4.4,0,3,0.04,0.11,0,1,0,1.0,0,0
,Daka,15,LEI,4.8,0,0,0.0,0.0,0,0,0,0.5,0,0
,Cuenca,15,FUL,4.4,0,0,0.0,0.0,0,0,0,0.0,0,0
,Cucurella,15,CHE,6.1,0,1,0.07,0.01,0,3,0,21.8,0,0
,Cresswell,15,WHU,3.9,0,0,0.06,0.0,0,1,0,1.7,0,0
,Cook,15,BOU,4.9,5,1,0.06,0.1,0,1,2,0.0,0,0
,Colwill,15,CHE,4.8,0,1,0.01,0.19,0,0,0,0.1,0,0
,Collins,15,BRE,4.9,0,1,0.01,0.17,0,0,0,1.1,0,0
,Coady,15,LEI,4.0,0,0,0.01,0.0,0,0,0,0.5,0,0
,Clarke (Jack),15,IPS,5.4,0,1,0.0,0.03,0,0,0,0.0,0,0
,Christie,15,BOU,5.0,0,1,0.28,0.02,0,1,2,0.1,0,0
,Chaplin,15,IPS,5.1,0,5,0.02,0.48,0,0,0,0.1,0,0
,Chalobah,15,CHE,5.1,0,0,0.01,0.0,0,0,0,7.6,0,0
,Carvalho,15,BRE,4.9,0,1,0.02,0.04,0,0,0,0.2,0,0
,Cajuste,15,IPS,4.5,0,0,0.0,0.0,0,0,0,0.1,0,0
,Moises Caicedo,15,CHE,6.0,0,0,0.02,0.0,0,0,0,19.8,0,0
,Burns,15,IPS,4.7,0,0,0.0,0.0,0,0,0,0.0,0,0
,Burn,15,NEW,5.2,0,0,0.0,0.0,0,0,0,10.7,0,0
,Burgess,15,IPS,3.8,0,1,0.13,0.03,0,2,2,1.8,0,0
,Bueno (Santiago),15,WOL,4.4,0,0,0.0,0.0,0,0,0,0.1,0,0
,Brooks,15,BOU,5.0,0,2,0.0,0.27,0,0,0,0.2,0,0
,Brereton,15,SOU,4.8,0,0,0.01,0.0,0,0,0,0.1,0,0
,Bree,15,SOU,3.9,0,0,0.01,0.0,0,0,0,0.3,0,0
,Bowen,15,WHU,7.7,2,3,0.1,0.22,0,3,0,7.6,0,1
,Bruno Fernandes,15,MUN,8.9,3,3,0.13,0.23,0,2,0,16.3,0,1
,Bissouma,15,TOT,5.2,0,0,0.0,0.0,0,0,2,0.0,0,0
,Billing,15,BOU,4.9,2,1,0.41,0.02,0,2,0,0.0,0,0
,Bergvall,15,TOT,5.4,0,0,0.03,0.0,0,0,0,0.4,0,0
,Berge,15,FUL,4.9,0,0,0.0,0.0,0,1,2,0.1,0,0
,Bellegarde,15,WOL,5.2,0,2,0.0,0.14,0,0,0,0.0,0,0
,Bassey,15,FUL,4.5,0,0,0.0,0.0,0,0,0,0.6,0,0
,Barnes,15,NEW,6.3,0,3,0.3,0.17,0,1,0,0.4,0,0
,Barkley,15,AVL,4.8,0,1,0.07,0.46,0,2,0,0.0,0,0
,Baleba,15,BHA,4.7,0,0,0.01,0.0,0,1,0,2.1,0,0
,Bailey,15,AVL,5.5,4,0,0.2,0.0,0,0,0,0.1,0,0
,Badiashile,15,CHE,4.4,0,0,0.01,0.0,0,0,0,0.0,0,0
,Ayew,15,LEI,5.1,0,1,0.13,0.02,0,1,0,0.2,0,0
,Ayari,15,BHA,4.9,1,1,0.04,0.05,0,1,0,0.3,0,0
,Awoniyi,15,NFO,5.2,0,0,0.0,0.0,0,0,0,0.4,0,0
,Kepa,15,BOU,4.2,0,0,0.0,0.0,0,0,0,0.5,4,0
,Armstrong (Adam),15,SOU,5.1,0,0,0.03,0.0,0,1,0,0.5,0,0
,Aribo,15,SOU,4.9,0,0,0.02,0.0,0,0,0,0.1,0,0
,Archer,15,SOU,4.8,0,2,0.22,0.2,0,0,0,1.1,0,0
,Joelinton,15,NEW,5.9,0,0,0.01,0.0,0,1,0,0.3,0,0
,Anderson,15,NFO,5.3,3,1,0.09,0.03,0,2,2,3.0,0,0
,Amo-Ameyaw,15,SOU,4.4,0,0,0.0,0.0,0,0,0,0.1,0,0
,Almirón,15,NEW,5.4,0,1,0.01,0.11,0,0,0,0.3,0,0
,Ali Al Hamadi,15,IPS,4.7,0,0,0.0,0.0,0,0,0,0.2,0,0
,Ait Nouri,15,WOL,5.8,0,1,0.09,0.04,1,2,0,4.9,0,0
,Aina,15,NFO,4.7,0,0,0.05,0.0,0,1,0,2.5,0,0
,Álvarez (Edson),16,WHU,4.9,0,1,0.01,0.02,0,0,0,0.1,0,0
,van den Berg,16,BRE,4.5,0,0,0.0,0.0,0,0,2,0.6,0,0
,van Hecke,16,BHA,4.4,0,0,0.05,0.0,0,1,0,1.3,0,0
,van Dijk,16,LIV,6.0,0,1,0.02,0.09,0,0,0,23.6,0,0
,Gabriel Magalhães,16,ARS,6.6,0,0,0.04,0.0,0,1,0,41.0,0,0
,Antony,16,MUN,5.9,0,0,0.01,0.0,0,0,0,0.1,0,0
,Evanilson,16,BOU,7.0,0,2,0.31,0.18,0,3,0,1.4,0,0
,de Ligt,16,MUN,5.0,0,1,0.01,0.03,0,0,0,3.0,0,0
,Jesus,16,ARS,6.4,0,2,0.02,0.15,0,0,0,0.0,0,0
,André,16,WOL,5.4,0,0,0.01,0.0,0,0,0,0.1,0,0
,Zirkzee,16,MUN,5.8,0,0,0.0,0.0,0,0,0,0.4,0,0
,Zabarnyi,16,BOU,5.0,0,1,0.0,0.12,0,0,0,0.0,0,0
,Young (Ashley),16,EVE,4.2,0,0,0.0,0.0,0,0,2,1.4,0,0
,Yoro,16,MUN,4.4,0,0,0.0,0.0,0,0,0,1.7,0,0
,Yates,16,NFO,4.7,0,2,0.01,0.11,0,0,0,0.1,0,0
,Yarmolyuk,16,BRE,5.0,0,0,0.01,0.0,0,0,2,0.1,0,0
,Wood (Chris),16,NFO,7.2,0,1,0.01,0.07,0,0,0,6.5,0,0
,Wood (Nathan),16,SOU,3.9,0,1,0.01,0.18,0,1,0,1.0,0,0
,Wissa,16,BRE,7.4,0,0,0.01,0.0,0,0,0,0.5,0,0
,Wilson (Harry),16,FUL,5.2,0,4,0.02,0.62,0,1,0,0.3,0,0
,Willock,16,NEW,5.0,0,0,0.0,0.0,0,0,0,0.1,0,0
,Williams (Neco),16,NFO,4.7,0,3,0.02,0.09,0,0,0,3.5,0,0
,Wieffer,16,BHA,4.9,0,0,0.01,0.0,0,0,0,0.1,0,0
,Werner,16,TOT,6.2,0,0,0.22,0.0,0,1,0,0.1,0,0
,Watkins,16,AVL,8.5,0,0,0.01,0.0,0,0,0,6.6,0,0
,Ward (Danny),16,LEI,3.9,0,0,0.0,0.0,0,0,0,2.0,3,0
,Wan-Bissaka,16,WHU,4.3,0,0,0.11,0.0,0,1,0,5.8,0,0
,Walker-Peters,16,SOU,4.3,0,1,0.01,0.02,0,0,0,0.3,0,0
,Walker,16,MCI,4.4,0,0,0.03,0.0,0,0,0,1.6,0,0
,Vestergaard,16,LEI,3.9,0,0,0.01,0.0,0,0,2,1.5,0,0
,Verbruggen,16,BHA,4.4,0,0,0.0,0.0,0,0,0,4.1,2,0
,Bernardo Silva,16,MCI,6.3,0,0,0.0,0.0,0,0,0,0.5,0,0
,Vardy,16,LEI,5.4,0,1,0.0,0.06,0,0,0,5.2,0,0
,Unal,16,BOU,5.4,0,2,0.0,0.09,0,0,0,0.0,0,0
,Ugarte,16,MUN,4.8,0,1,0.01,0.03,0,1,0,0.1,0,0
,Destiny Udogie,16,TOT,4.4,0,0,0.01,0.0,0,0,0,0.4,0,0
,Trossard,16,ARS,6.9,1,0,0.17,0.0,0,1,0,0.5,0,0
,Trippier,16,NEW,5.0,1,0,0.02,0.0,0,0,0,2.7,0,0
,Traoré (Adama),16,FUL,5.2,0,1,0.0,0.06,0,0,0,0.2,0,0
,Amad Diallo,16,MUN,6.3,0,4,0.07,0.67,0,0,0,1.3,0,0
,Torres,16,AVL,4.3,0,0,0.02,0.0,0,0,0,0.3,0,0
,Tonali,16,NEW,5.4,0,3,0.04,0.21,0,1,2,1.3,0,0
,Lucas Paquetá,16,WHU,5.9,2,3,0.15,0.88,0,3,0,2.5,0,0
,Jurriën Timber,16,ARS,6.1,0,0,0.31,0.0,0,0,0,25.1,0,0
,Tielemans,16,AVL,5.9,1,0,0.13,0.0,0,1,0,0.6,0,0
,Tete,16,FUL,4.5,0,0,0.0,0.0,0,0,0,0.2,0,0
,Diogo Jota,16,LIV,7.2,0,2,0.22,0.38,0,2,0,2.6,0,0
,Taylor (Jack),16,IPS,4.8,0,1,0.01,0.11,0,0,0,0.0,0,0
,Tarkowski,16,EVE,5.5,0,0,0.07,0.0,0,0,2,6.3,0,0
,Szoboszlai,16,LIV,6.5,0,0,0.44,0.0,0,3,0,4.2,0,0
,Summerville,16,WHU,5.5,0,0,0.0,0.0,0,0,0,0.1,0,0
,Sulemana,16,SOU,5.0,0,0,0.0,0.0,0,0,0,0.0,0,0
,Sugawara,16,SOU,4.2,0,1,0.01,0.01,0,0,0,0.1,0,0
,Strand Larsen,16,WOL,6.4,0,5,0.01,0.55,0,1,0,1.3,0,0
,Spence,16,TOT,4.5,0,1,0.3,0.06,1,2,0,1.6,0,0
,Soucek,16,WHU,5.7,0,1,0.01,0.04,0,0,2,0.2,0,0
,Son,16,TOT,8.5,2,7,0.3,0.37,2,3,0,0.1,0,0
,Soler (Carlos),16,WHU,5.0,3,1,0.24,0.03,0,1,0,0.0,0,0
,Solanke,16,TOT,7.2,0,1,0.0,0.28,0,0,0,0.9,0,0
,Smith-Rowe,16,FUL,5.6,0,0,0.02,0.0,0,1,0,0.4,0,0
,Smith,16,BOU,4.4,0,0,0.0,0.0,0,0,0,0.2,0,0
,Skipp,16,LEI,4.7,0,1,0.01,0.02,0,0,0,0.0,0,0
,Semenyo,16,BOU,8.1,0,5,0.06,0.44,0,1,0,64.4,0,0
,Semedo,16,WOL,4.5,0,0,0.02,0.0,0,0,0,0.6,0,0
,Sels,16,NFO,4.8,0,0,0.0,0.0,0,0,0,8.3,1,0
,Schär,16,NEW,5.4,0,0,0.01,0.0,0,0,0,1.9,0,0
,Schade,16,BRE,7.0,0,1,0.16,0.04,1,1,0,0.7,0,0
,Scarles,16,WHU,4.4,0,0,0.0,0.0,0,0,0,0.0,0,0
,Ismaila Sarr,16,CRY,6.6,0,5,0.03,0.96,1,2,2,11.6,0,1
,Sarr (Pape),16,TOT,4.9,0,2,0.03,0.27,0,2,2,1.7,0,1
,Diego Carlos,16,AVL,4.5,0,0,0.02,0.0,0,0,2,0.3,0,0
,Matheus Cunha,16,WOL,7.9,1,5,0.12,0.41,0,2,0,4.4,0,0
,Murillo,16,NFO,5.3,0,1,0.15,0.09,0,1,0,2.0,0,0
,Ederson,16,MCI,5.3,0,0,0.0,0.0,0,0,0,0.9,1,0
,Sancho,16,MUN,5.8,0,1,0.56,0.03,0,4,0,0.2,0,0
,Sanchez,16,CHE,4.8,0,0,0.0,0.0,0,0,0,13.5,3,0
,Saliba,16,ARS,6.0,0,0,0.04,0.0,0,0,0,11.6,0,0
,Salah,16,LIV,14.2,0,4,0.37,0.22,1,1,0,24.9,0,0
,Saka,16,ARS,10.1,5,3,0.56,0.33,0,3,0,17.2,0,0
,Rutter,16,BHA,5.7,0,1,0.0,0.02,0,0,0,0.5,0,0
,Rogers,16,AVL,6.8,0,1,0.06,0.02,0,1,0,4.8,0,0
,Roerslev,16,BRE,4.5,0,0,0.2,0.0,0,2,0,0.0,0,0
,Morato,16,NFO,4.4,0,0,0.0,0.0,0,0,0,0.1,0,0
,Robinson (Antonee),16,FUL,4.9,0,0,0.52,0.0,1,4,2,0.5,0,0
,Robertson,16,LIV,5.8,0,0,0.0,0.0,0,0,0,0.9,0,0
,Rice,16,ARS,6.8,2,1,0.06,0.03,0,1,0,16.4,0,0
,Raya Martin,16,ARS,5.8,0,0,0.0,0.0,0,0,0,31.3,0,0
,Alisson,16,LIV,5.4,0,0,0.0,0.0,0,0,0,5.8,1,0
,Quansah,16,LIV,3.9,0,0,0.0,0.0,0,0,0,1.0,0,0
,Porro,16,TOT,5.5,0,0,0.01,0.0,0,1,0,18.4,0,0
,Pinnock,16,BRE,4.3,0,0,0.02,0.0,0,0,2,0.1,0,0
,Pickford,16,EVE,5.5,0,0,0.0,0.0,0,0,0,9.7,5,0
,Pereira,16,FUL,5.3,3,2,0.09,0.13,0,1,0,0.1,0,0
,Partey,16,ARS,4.9,0,0,0.02,0.0,0,0,0,0.7,0,0
,Palmer (Cole),16,CHE,10.3,3,4,0.33,0.21,0,4,0,9.2,0,0
,Dango Ouattara,16,BOU,6.0,1,5,0.15,0.39,0,3,0,0.5,0,0
,Osula,16,NEW,5.5,0,0,0.02,0.0,0,1,0,0.3,0,0
,Onana,16,MUN,4.9,0,0,0.0,0.0,0,0,0,0.2,2,0
,Okoli,16,LEI,4.0,0,0,0.0,0.0,0,0,0,0.4,0,0
,Odegaard,16,ARS,7.8,0,3,0.06,0.42,0,0,0,1.4,0,0
,O'Shea,16,IPS,3.8,0,0,0.0,0.0,0,0,0,1.2,0,0
,Núñez,16,LIV,6.5,0,1,0.02,0.11,1,1,0,0.1,0,0
,Nwaneri,16,ARS,5.2,0,0,0.01,0.0,0,0,0,0.1,0,0
,Matheus Nunes,16,MCI,5.3,0,0,0.04,0.0,0,0,0,0.8,0,0
,Norgaard,16,BRE,5.2,0,2,0.02,0.32,0,0,2,0.1,0,0
,Nkunku,16,CHE,5.9,0,0,0.0,0.0,0,0,0,0.1,0,0
,Eddie Nketiah,16,CRY,5.4,0,3,0.07,0.47,1,3,0,0.4,0,0
,Lindelof,16,MUN,4.5,0,0,0.0,0.0,0,0,0,0.0,0,0
,Ndiaye,16,EVE,6.5,1,0,0.01,0.0,0,0,2,11.1,0,0
,Mykolenko,16,EVE,4.9,0,1,0.01,0.0,0,0,2,0.4,0,0
,Mvom Onana,16,AVL,4.8,0,0,0.0,0.0,0,0,0,0.6,0,0
,Muñoz,16,CRY,5.7,0,1,0.09,0.19,0,2,0,15.3,0,0
,Murphy (Jacob),16,NEW,6.1,1,4,0.1,0.59,0,2,0,1.1,0,0
,Muric,16,IPS,4.4,0,0,0.0,0.0,0,0,0,0.4,6,0
,Rodrigo Muniz,16,FUL,5.4,0,1,0.0,0.28,0,0,0,1.0,0,0
,Mount,16,MUN,5.9,0,0,0.0,0.0,0,0,0,0.3,0,0
,Morsy,16,IPS,4.8,0,0,0.02,0.0,0,1,2,0.1,0,0
,Savinho,16,MCI,6.9,0,0,0.0,0.0,0,0,0,0.5,0,0
,Mitoma,16,BHA,6.2,0,3,0.15,0.17,0,4,0,2.3,0,0
,Mitchell,16,CRY,5.0,0,0,0.47,0.0,1,2,0,2.2,0,0
,Minteh,16,BHA,6.0,0,0,0.08,0.0,0,0,0,4.4,0,0
,Milenkovic,16,NFO,5.2,0,2,0.0,0.48,0,0,0,4.0,0,0
,Merino,16,ARS,5.9,0,1,0.17,0.11,0,2,0,0.5,0,0
,Meghoma,16,BRE,4.0,0,0,0.0,0.0,0,0,0,0.1,0,0
,McGinn,16,AVL,5.4,1,1,0.37,0.05,0,4,0,0.6,0,0
,McCarthy,16,SOU,4.2,0,0,0.0,0.0,0,0,0,0.1,4,0
,McAteer,16,LEI,4.7,0,1,0.03,0.05,0,0,0,0.0,0,0
,Mbeumo,16,BRE,8.3,3,2,0.07,0.53,0,1,0,28.5,0,0
,Mazraoui,16,MUN,4.9,0,0,0.01,0.0,0,0,2,0.2,0,0
,Mavropanos,16,WHU,4.4,0,1,0.01,0.05,0,1,0,0.1,0,0
,Mavididi,16,LEI,5.0,0,0,0.03,0.0,0,0,0,0.3,0,0
,Mateta,16,CRY,7.9,0,1,0.0,0.03,0,0,0,23.0,0,0
,Martínez,16,MUN,4.8,0,1,0.4,0.03,1,2,0,0.1,0,0
,Martinez,16,AVL,5.0,0,0,0.0,0.0,0,0,0,2.0,4,0
,Martinelli,16,ARS,6.9,0,2,0.1,0.12,0,2,0,1.0,0,0
,Manning,16,SOU,4.3,1,0,0.67,0.0,0,1,0,0.1,0,0
,Mangala,16,EVE,5.0,0,0,0.01,0.0,0,1,0,0.0,0,0
,Mainoo,16,MUN,4.8,0,1,0.01,0.07,0,1,0,0.5,0,0
,Maguire,16,MUN,4.4,0,0,0.0,0.0,0,0,2,0.8,0,0
,Madueke,16,CHE,6.8,0,7,0.11,0.48,1,2,0,0.6,0,0
,Maddison,16,TOT,6.9,1,3,0.04,0.65,0,2,0,0.1,0,1
,Maatsen,16,AVL,4.3,0,0,0.0,0.0,0,0,0,0.4,0,0
,Lukic,16,FUL,5.0,1,2,0.01,0.05,0,2,0,0.1,0,0
,Longstaff (Sean),16,NEW,4.9,0,0,0.01,0.0,0,1,0,1.1,0,0
,Livramento,16,NEW,4.9,0,1,0.1,0.04,0,0,0,3.1,0,0
,Lindstrom,16,EVE,5.0,1,0,0.01,0.0,0,0,0,0.1,0,0
,Lewis-Skelly,16,ARS,5.2,0,0,0.06,0.0,0,1,0,1.7,0,0
,Lewis-Potter,16,BRE,4.9,0,1,0.0,0.03,0,0,0,0.3,0,0
,Lerma,16,CRY,4.9,0,0,0.02,0.0,0,0,0,0.1,0,0
,Leno,16,FUL,5.0,0,0,0.0,0.0,0,0,0,1.6,3,0
,Lemina (Mario),16,WOL,4.8,0,2,0.07,0.06,0,1,0,0.1,0,0
,Lankshear,16,TOT,4.5,0,0,0.0,0.0,0,0,0,0.0,0,0
,Lamptey,16,BHA,4.4,0,1,0.01,0.08,0,0,0,0.1,0,0
,Lacroix,16,CRY,5.0,0,0,0.0,0.0,0,0,2,3.7,0,0
,Kulusevski,16,TOT,6.4,2,3,0.09,0.37,0,2,0,0.0,0,0
,Kudus,16,WHU,6.7,0,1,0.25,0.08,0,3,2,30.1,0,0
,Kristiansen,16,LEI,4.4,1,0,0.02,0.0,0,0,2,0.1,0,0
,Kovacic,16,MCI,5.9,0,0,0.23,0.0,0,1,0,0.0,0,0
,Konsa Ngoyo,16,AVL,4.4,0,2,0.01,0.24,0,0,0,8.6,0,0
,Kluivert,16,BOU,7.0,0,3,0.03,0.13,0,0,0,1.0,0,0
,Kilman,16,WHU,4.3,0,2,0.01,0.41,0,0,2,0.2,0,0
,Kerkez,16,BOU,5.7,0,1,0.03,0.03,0,2,0,3.6,0,0
,Kamara,16,AVL,4.9,0,0,0.02,0.0,0,0,0,0.2,0,0
,Kamada,16,CRY,5.0,1,0,0.19,0.0,0,1,0,0.2,0,0
,Justin,16,LEI,4.0,0,0,0.11,0.0,0,1,2,0.2,0,0
,João Pedro,16,BHA,7.4,1,2,0.18,0.1,0,2,0,45.5,0,0
,Jones,16,LIV,5.4,0,1,0.02,0.04,0,0,0,0.1,0,0
,Johnstone,16,WOL,4.5,0,0,0.0,0.0,0,0,0,0.2,2,0
,Johnson (Ben),16,IPS,3.8,0,0,0.0,0.0,0,0,0,1.9,0,0
,Johnson (Brennan),16,TOT,6.7,0,1,0.0,0.43,0,0,0,3.1,0,0
,Raúl Jiménez,16,FUL,6.2,0,0,0.0,0.0,0,0,0,0.8,0,0
,Janelt,16,BRE,4.9,0,1,0.5,0.08,0,1,0,0.0,0,0
,Jackson (Nicolas),16,CHE,6.5,0,7,0.0,1.13,0,0,0,0.1,0,1
,Iwobi,16,FUL,6.5,0,2,0.06,0.08,0,1,0,1.7,0,0
,Isak,16,NEW,10.4,1,4,0.22,1.42,1,4,0,5.1,0,0
,Højlund,16,MUN,6.3,0,0,0.2,0.0,0,1,0,0.3,0,0
,Hwang Hee-Chan,16,WOL,5.8,0,0,0.0,0.0,0,0,0,0.1,0,0
,Hutchinson,16,IPS,5.4,0,2,0.04,0.38,0,2,0,0.0,0,0
,Huijsen,16,BOU,4.5,0,0,0.01,0.0,0,1,0,5.0,0,0
,Hughes,16,CRY,4.8,3,0,0.1,0.0,0,1,0,0.1,0,0
,Hudson-Odoi,16,NFO,5.8,0,1,0.07,0.03,0,3,0,0.8,0,0
,Hermansen,16,LEI,4.4,0,0,0.0,0.0,0,0,0,0.2,4,0
,Henderson,16,CRY,5.0,0,0,0.0,0.0,0,0,0,7.6,5,0
,Havertz,16,ARS,7.3,0,1,0.09,0.06,0,2,0,0.3,0,0
,Harwood-Bellis,16,SOU,3.9,0,1,0.01,0.01,0,0,0,4.1,0,0
,Harrison (Jack),16,EVE,5.2,0,0,0.0,0.0,0,0,0,0.1,0,0
,Lewis Hall,16,NEW,5.2,1,1,0.64,0.14,1,5,0,0.8,0,0
,Haaland,16,MCI,14.8,0,1,0.01,0.14,0,1,0,69.7,0,0
,Gvardiol,16,MCI,5.9,0,1,0.02,0.08,0,0,0,5.4,0,0
,Gusto,16,CHE,4.9,0,1,0.27,0.03,0,2,0,1.0,0,0
,Gundogan,16,MCI,6.3,1,0,0.03,0.0,0,1,0,0.1,0,0
,Bruno Guimarães,16,NEW,6.6,0,2,0.22,0.83,0,1,0,3.7,0,0
,Gueye,16,EVE,5.4,0,0,0.01,0.0,0,0,2,0.1,0,0
,Marc Guehi,16,CRY,5.0,0,0,0.0,0.0,0,0,0,34.1,0,0
,Gruda,16,BHA,5.4,0,1,0.05,0.05,0,0,0,0.1,0,0
,Grealish,16,MCI,6.9,2,0,0.0,0.0,0,0,0,17.6,0,0
,Gray (Archie),16,TOT,4.8,0,0,0.01,0.0,0,0,0,0.1,0,0
,Gravenberch,16,LIV,5.6,0,0,0.06,0.0,0,0,2,4.0,0,0
,Gordon (Anthony),16,NEW,7.5,1,3,0.41,0.09,0,4,0,3.1,0,0
,Gomez,16,LIV,4.9,0,1,0.02,0.03,0,0,0,0.1,0,0
,Toti,16,WOL,4.3,0,0,0.05,0.0,0,1,0,0.1,0,0
,Gibbs-White,16,NFO,7.3,0,2,0.82,0.15,1,3,0,2.9,0,0
,Rúben Dias,16,MCI,5.5,0,1,0.01,0.48,0,0,0,4.5,0,0
,Gonçalo Guedes,16,WOL,5.5,0,0,0.08,0.0,0,2,0,0.0,0,0
,Gakpo,16,LIV,7.6,0,3,0.01,0.58,0,1,0,14.1,0,0
,Füllkrug,16,WHU,5.6,0,1,0.04,0.13,0,2,0,0.7,0,0
,Jorginho,16,ARS,4.6,0,0,0.02,0.0,0,0,0,0.2,0,0
,Forster,16,TOT,4.3,0,0,0.0,0.0,0,0,0,0.3,4,0
,Foden,16,MCI,8.0,2,4,0.25,0.19,0,2,0,4.3,0,0
,Flekken,16,BRE,4.5,0,0,0.0,0.0,0,0,0,10.0,6,0
,Jota Silva,16,NFO,5.4,0,0,0.01,0.0,0,1,0,0.0,0,0
,Fernández,16,CHE,6.7,5,2,0.08,0.11,0,3,0,14.3,0,0
,Ferguson,16,WHU,5.5,0,0,0.09,0.0,0,1,0,0.0,0,0
,Fabianski,16,WHU,4.5,0,0,0.0,0.0,0,0,0,0.0,8,0
,Eze,16,CRY,7.6,1,1,0.02,0.07,0,1,0,14.2,0,0
,Estupiñán,16,BHA,4.5,4,1,0.2,0.02,0,1,0,0.0,0,0
,Mateus Fernandes,16,SOU,5.5,1,0,0.03,0.0,0,1,0,0.0,0,0
,Enciso,16,IPS,5.4,2,3,0.04,0.17,0,1,0,0.0,0,0
,Elliott,16,LIV,5.4,3,1,0.07,0.04,0,2,0,0.3,0,0
,Elanga,16,NFO,6.7,0,1,0.0,0.2,0,0,0,3.7,0,0
,El Khannouss,16,LEI,4.8,1,1,0.1,0.05,0,1,0,0.2,0,0
,Díaz,16,LIV,8.0,0,2,0.04,0.64,0,1,0,0.0,0,0
,Durán,16,AVL,5.7,0,3,0.01,0.08,0,0,0,1.6,0,0
,Dunk,16,BHA,4.5,0,2,0.02,0.21,0,0,0,1.2,0,0
,Dubravka,16,NEW,4.0,0,0,0.0,0.0,0,0,0,34.4,1,0
,Dragusin,16,TOT,4.5,0,0,0.0,0.0,0,0,0,0.0,0,0
,Doyle (Tommy),16,WOL,4.7,6,2,0.06,0.07,0,2,0,0.0,0,0
,Downes,16,SOU,4.7,0,0,0.01,0.0,0,0,0,0.0,0,0
,Doucouré,16,EVE,5.1,0,1,0.0,0.09,0,0,2,0.5,0,0
,Doucoure,16,CRY,4.9,0,1,0.0,0.19,0,0,0,0.0,0,0
,Dorrington,16,TOT,4.0,0,0,0.0,0.0,0,0,0,0.0,0,0
,Nicolás Domínguez,16,NFO,5.0,0,2,0.03,0.47,0,0,0,0.0,0,0
,Doku,16,MCI,6.5,0,1,0.07,0.02,0,0,0,5.0,0,0
,Doherty,16,WOL,4.4,0,0,0.06,0.0,0,0,0,0.1,0,0
,Diop,16,FUL,4.4,0,0,0.0,0.0,0,0,0,0.1,0,0
,Digne,16,AVL,4.5,1,0,0.04,0.0,0,0,0,1.6,0,0
,Dibling,16,SOU,5.4,0,3,0.08,0.08,0,1,0,0.0,0,0
,Devenny,16,CRY,4.4,0,0,0.0,0.0,0,0,0,1.1,0,0
,Delap,16,IPS,6.2,0,1,0.47,0.33,0,1,0,0.9,0,0
,DeCordova-Reid,16,LEI,5.2,0,0,0.0,0.0,0,0,0,0.1,0,0
,De Bruyne,16,MCI,9.5,3,2,0.03,0.06,0,0,0,11.6,0,0
,Davis,16,IPS,4.2,2,1,0.05,0.04,0,0,0,0.9,0,0
,Damsgaard,16,BRE,5.8,1,1,0.01,0.15,0,0,0,0.6,0,0
,Dalot,16,MUN,4.4,0,0,0.02,0.0,0,0,0,1.0,0,0
,Daka,16,LEI,4.8,0,0,0.0,0.0,0,0,0,0.5,0,0
,Cuenca,16,FUL,4.4,0,0,0.0,0.0,0,0,2,0.0,0,0
,Cucurella,16,CHE,6.1,0,1,0.02,0.12,0,1,0,21.8,0,0
,Coufal,16,WHU,4.1,0,2,0.08,0.14,0,1,0,0.4,0,0
,Cook,16,BOU,4.9,4,0,0.05,0.0,0,2,2,0.0,0,0
,Colwill,16,CHE,4.8,0,0,0.05,0.0,0,1,0,0.1,0,0
,Collins,16,BRE,4.9,0,0,0.22,0.0,0,1,0,1.1,0,0
,Coady,16,LEI,4.0,0,0,0.0,0.0,0,0,0,0.5,0,0
,Clyne,16,CRY,3.9,0,0,0.0,0.0,0,0,0,0.5,0,0
,Harry Clarke,16,IPS,4.0,0,0,0.03,0.0,0,1,0,0.0,0,0
,Clarke (Jack),16,IPS,5.4,1,1,0.09,0.04,0,1,0,0.0,0,0
,Christie,16,BOU,5.0,6,6,0.48,0.23,0,5,2,0.1,0,0
,Choudhury,16,LEI,4.4,0,0,0.02,0.0,0,1,0,1.0,0,0
,Chaplin,16,IPS,5.1,0,2,0.01,0.19,0,0,0,0.1,0,0
,Chalobah,16,CHE,5.1,0,1,0.0,0.41,0,0,2,7.6,0,0
,Castagne,16,FUL,4.4,0,0,0.0,0.0,0,0,0,0.1,0,0
,Cash,16,AVL,4.6,0,1,0.42,0.03,0,1,0,5.2,0,0
,Casey,16,WHU,4.0,0,0,0.0,0.0,0,0,0,0.1,0,0
,Carvalho,16,BRE,4.9,1,1,0.01,0.48,0,0,0,0.2,0,0
,Calvert-Lewin,16,EVE,5.5,0,0,0.0,0.0,0,0,0,1.4,0,0
,Cajuste,16,IPS,4.5,0,0,0.02,0.0,0,1,2,0.1,0,0
,Moises Caicedo,16,CHE,6.0,0,1,0.06,0.01,0,2,2,19.8,0,0
,Burns,16,IPS,4.7,0,1,0.43,0.03,0,1,0,0.0,0,0
,Burn,16,NEW,5.2,0,2,0.01,0.13,0,0,0,10.7,0,0
,Burgess,16,IPS,3.8,0,0,0.0,0.0,0,0,2,1.8,0,0
,Buonanotte,16,LEI,4.7,0,0,0.0,0.0,0,0,0,0.1,0,0
,Bueno (Santiago),16,WOL,4.4,0,0,0.01,0.0,0,0,0,0.1,0,0
,Brooks,16,BOU,5.0,1,2,0.01,0.06,0,0,0,0.2,0,0
,Broja,16,EVE,5.3,0,0,0.0,0.0,0,0,0,0.1,0,0
,Branthwaite,16,EVE,5.3,0,0,0.0,0.0,0,0,0,0.2,0,0
,Bowen,16,WHU,7.7,1,3,0.25,0.28,0,1,0,7.6,0,0
,Bruno Fernandes,16,MUN,8.9,2,2,0.13,1.24,0,3,2,16.3,0,0
,Boly,16,NFO,3.9,0,0,0.0,0.0,0,0,0,0.5,0,0
,Billing,16,BOU,4.9,0,1,0.03,0.31,0,2,0,0.0,0,0
,Bergvall,16,TOT,5.4,0,0,0.02,0.0,0,0,2,0.4,0,0
,Berge,16,FUL,4.9,0,0,0.01,0.0,0,0,0,0.1,0,0
,Bellegarde,16,WOL,5.2,0,1,0.18,0.13,0,3,0,0.0,0,0
,Bednarek,16,SOU,4.0,0,0,0.0,0.0,0,0,2,1.9,0,0
,Barnes,16,NEW,6.3,0,4,0.23,0.15,0,1,0,0.4,0,0
,Barkley,16,AVL,4.8,0,0,0.01,0.0,0,0,0,0.0,0,0
,Baleba,16,BHA,4.7,0,2,0.01,0.05,0,1,2,2.1,0,0
,Ayari,16,BHA,4.9,1,1,0.18,0.13,0,2,0,0.3,0,0
,Kepa,16,BOU,4.2,0,0,0.0,0.0,0,0,0,0.5,2,0
,Armstrong (Adam),16,SOU,5.1,0,2,0.0,0.54,0,0,0,0.5,0,0
,Aribo,16,SOU,4.9,0,0,0.1,0.0,0,2,0,0.1,0,0
,Archer,16,SOU,4.8,0,0,0.0,0.0,0,0,0,1.1,0,0
,Joelinton,16,NEW,5.9,0,3,0.21,0.19,0,2,0,0.3,0,0
,Anderson,16,NFO,5.3,4,2,0.59,0.09,1,4,2,3.0,0,0
,Alexander-Arnold,16,LIV,7.2,2,0,0.08,0.0,0,1,0,16.7,0,0
,Ali Al Hamadi,16,IPS,4.7,0,1,0.0,0.06,0,0,0,0.2,0,0
,Ajer,16,BRE,4.4,0,0,0.19,0.0,0,1,0,0.2,0,0
,Ait Nouri,16,WOL,5.8,0,1,0.21,0.05,0,1,0,4.9,0,0
,Aina,16,NFO,4.7,0,0,0.01,0.0,0,1,0,2.5,0,0
,Adingra,16,BHA,5.1,0,0,0.11,0.0,0,0,0,0.5,0,0
,Tosin,16,CHE,4.3,0,2,0.01,0.13,0,0,0,0.4,0,0
,Adams (Tyler),16,BOU,5.0,0,1,0.01,0.03,0,0,0,0.4,0,0
,Álvarez (Edson),17,WHU,4.9,0,1,0.01,0.08,0,0,2,0.1,0,0
,van Hecke,17,BHA,4.4,0,0,0.03,0.0,0,1,0,1.3,0,0
,van Dijk,17,LIV,6.0,0,0,0.0,0.0,0,0,2,23.6,0,0
,Gabriel Magalhães,17,ARS,6.6,0,2,0.01,0.39,1,1,0,41.0,0,0
,Evanilson,17,BOU,7.0,0,1,0.12,0.07,0,0,0,1.4,0,0
,Jesus,17,ARS,6.4,0,5,0.01,0.82,0,0,0,0.0,0,0
,André,17,WOL,5.4,0,0,0.01,0.0,0,0,2,0.1,0,0
,Zirkzee,17,MUN,5.8,0,1,0.0,0.05,0,0,0,0.4,0,0
,Zabarnyi,17,BOU,5.0,0,0,0.02,0.0,0,1,2,0.0,0,0
,Young (Ashley),17,EVE,4.2,0,1,0.0,0.04,0,0,0,1.4,0,0
,Yoro,17,MUN,4.4,0,2,0.0,0.43,0,0,0,1.7,0,0
,Yates,17,NFO,4.7,0,0,0.0,0.0,0,0,0,0.1,0,0
,Wood (Chris),17,NFO,7.2,0,3,0.01,0.3,0,0,0,6.5,0,0
,Wood (Nathan),17,SOU,3.9,0,0,0.0,0.0,0,0,2,1.0,0,0
,Wissa,17,BRE,7.4,0,1,0.07,0.1,0,1,0,0.5,0,0
,Winks,17,LEI,4.3,0,0,0.18,0.0,0,1,0,4.7,0,0
,Wilson (Harry),17,FUL,5.2,4,4,0.05,0.26,0,0,0,0.3,0,0
,Willock,17,NEW,5.0,0,1,0.09,0.18,0,0,0,0.1,0,0
,Williams (Neco),17,NFO,4.7,0,1,0.1,0.03,1,1,0,3.5,0,0
,Wieffer,17,BHA,4.9,0,1,0.03,0.19,0,0,0,0.1,0,0
,Werner,17,TOT,6.2,0,0,0.0,0.0,0,0,0,0.1,0,0
,Watkins,17,AVL,8.5,0,1,0.0,0.09,0,0,0,6.6,0,0
,Ward (Danny),17,LEI,3.9,0,0,0.0,0.0,0,0,0,2.0,1,0
,Wan-Bissaka,17,WHU,4.3,0,0,0.01,0.0,0,0,2,5.8,0,0
,Walker-Peters,17,SOU,4.3,0,0,0.02,0.0,0,0,0,0.3,0,0
,Walker,17,MCI,4.4,0,0,0.01,0.0,0,0,0,1.6,0,0
,Vestergaard,17,LEI,3.9,0,0,0.0,0.0,0,0,0,1.5,0,0
,Verbruggen,17,BHA,4.4,0,0,0.0,0.0,0,0,0,4.1,3,0
,Veltman,17,BHA,4.3,0,0,0.01,0.0,0,0,0,0.1,0,0
,Bernardo Silva,17,MCI,6.3,0,0,0.11,0.0,0,2,0,0.5,0,0
,Vardy,17,LEI,5.4,0,6,0.03,0.68,0,0,0,5.2,0,0
,Unal,17,BOU,5.4,0,1,0.0,0.07,0,0,0,0.0,0,0
,Ugochukwu,17,SOU,5.0,0,0,0.02,0.0,0,0,0,0.1,0,0
,Ugarte,17,MUN,4.8,0,1,0.03,0.18,0,0,0,0.1,0,0
,Trossard,17,ARS,6.9,0,1,0.12,0.02,0,1,0,0.5,0,0
,Trippier,17,NEW,5.0,0,0,0.15,0.0,0,0,0,2.7,0,0
,Traoré (Adama),17,FUL,5.2,0,1,0.31,0.08,0,3,0,0.2,0,0
,Amad Diallo,17,MUN,6.3,8,3,0.66,0.26,0,4,0,1.3,0,0
,Torres,17,AVL,4.3,0,1,0.0,0.04,0,0,0,0.3,0,0
,Tonali,17,NEW,5.4,0,1,0.01,0.02,0,0,2,1.3,0,0
,Lucas Paquetá,17,WHU,5.9,0,2,0.0,0.12,0,0,0,2.5,0,0
,Toffolo,17,NFO,4.2,0,0,0.0,0.0,0,0,0,0.1,0,0
,Todibo,17,WHU,4.3,0,0,0.0,0.0,0,0,0,0.1,0,0
,Jurriën Timber,17,ARS,6.1,0,0,0.02,0.0,0,0,0,25.1,0,0
,Tielemans,17,AVL,5.9,2,0,0.32,0.0,0,1,0,0.6,0,0
,Diogo Jota,17,LIV,7.2,0,1,0.02,0.12,0,1,0,2.6,0,0
,Taylor (Jack),17,IPS,4.8,0,0,0.0,0.0,0,0,0,0.0,0,0
,Tarkowski,17,EVE,5.5,0,0,0.0,0.0,0,0,0,6.3,0,0
,Szoboszlai,17,LIV,6.5,0,6,0.52,2.11,1,1,0,4.2,0,0
,Szmodics,17,IPS,5.7,1,2,0.05,0.27,0,1,0,0.1,0,0
,Summerville,17,WHU,5.5,1,1,0.0,0.19,0,0,0,0.1,0,0
,Sugawara,17,SOU,4.2,0,1,0.03,0.03,0,1,0,0.1,0,0
,Strand Larsen,17,WOL,6.4,0,0,0.0,0.0,0,0,0,1.3,0,0
,Stones,17,MCI,5.5,0,0,0.03,0.0,0,2,0,0.7,0,0
,Spence,17,TOT,4.5,0,0,0.01,0.0,0,0,2,1.6,0,0
,Soumaré,17,LEI,4.4,0,0,0.06,0.0,0,2,0,0.3,0,0
,Soucek,17,WHU,5.7,0,1,0.01,0.12,0,1,0,0.2,0,0
,Son,17,TOT,8.5,3,1,0.09,0.03,0,0,0,0.1,0,0
,Solanke,17,TOT,7.2,0,1,0.17,0.48,1,2,0,0.9,0,0
,Smith,17,BOU,4.4,0,0,0.01,0.0,0,0,0,0.2,0,0
,Skipp,17,LEI,4.7,0,0,0.01,0.0,0,2,0,0.0,0,0
,Semenyo,17,BOU,8.1,0,4,0.01,0.47,0,0,0,64.4,0,0
,Semedo,17,WOL,4.5,0,0,0.07,0.0,0,1,0,0.6,0,0
,Sels,17,NFO,4.8,0,0,0.0,0.0,0,0,0,8.3,3,0
,Schär,17,NEW,5.4,0,0,0.01,0.0,0,0,0,1.9,0,0
,Schlupp,17,CRY,4.6,0,1,0.0,0.04,0,0,0,0.0,0,0
,Schade,17,BRE,7.0,0,1,0.01,0.09,0,0,0,0.7,0,0
,Scarles,17,WHU,4.4,0,0,0.0,0.0,0,0,0,0.0,0,0
,Ismaila Sarr,17,CRY,6.6,0,5,0.1,0.47,0,1,0,11.6,0,1
,Sarr (Pape),17,TOT,4.9,0,2,0.01,0.08,0,0,0,1.7,0,0
,Matheus Cunha,17,WOL,7.9,1,3,0.31,0.15,0,3,2,4.4,0,0
,Murillo,17,NFO,5.3,0,0,0.01,0.0,0,0,2,2.0,0,0
,Sancho,17,MUN,5.8,0,1,0.03,0.09,0,1,0,0.2,0,0
,Sanchez,17,CHE,4.8,0,0,0.0,0.0,0,0,0,13.5,4,0
,Saliba,17,ARS,6.0,0,0,0.01,0.0,0,0,0,11.6,0,0
,Salah,17,LIV,14.2,0,7,0.14,2.38,2,3,0,24.9,0,0
,Saka,17,ARS,10.1,0,0,0.0,0.0,0,0,0,17.2,0,0
,Rutter,17,BHA,5.7,0,1,0.0,0.02,0,0,0,0.5,0,0
,Rogers,17,AVL,6.8,0,4,0.23,0.33,1,2,0,4.8,0,0
,Roerslev,17,BRE,4.5,0,0,0.0,0.0,0,0,0,0.0,0,0
,Rodríguez,17,WHU,4.8,0,0,0.0,0.0,0,0,0,0.0,0,0
,Morato,17,NFO,4.4,0,0,0.0,0.0,0,0,0,0.1,0,0
,Robinson (Antonee),17,FUL,4.9,0,0,0.11,0.0,0,3,0,0.5,0,0
,Robertson,17,LIV,5.8,2,0,0.13,0.0,0,1,0,0.9,0,0
,Richards (Chris),17,CRY,4.5,0,0,0.01,0.0,0,0,0,3.2,0,0
,Rice,17,ARS,6.8,0,2,0.05,0.16,1,1,0,16.4,0,0
,Raya Martin,17,ARS,5.8,0,0,0.0,0.0,0,0,0,31.3,5,0
,Alisson,17,LIV,5.4,0,0,0.2,0.0,0,1,0,5.8,2,0
,Ramsdale,17,SOU,4.8,0,0,0.0,0.0,0,0,0,0.6,5,0
,Porro,17,TOT,5.5,1,0,0.15,0.0,0,2,0,18.4,0,0
,Pickford,17,EVE,5.5,0,0,0.0,0.0,0,0,0,9.7,4,0
,Phillips (Kalvin),17,IPS,4.8,0,0,0.01,0.0,0,0,0,0.1,0,0
,Partey,17,ARS,4.9,0,0,0.11,0.0,0,1,0,0.7,0,0
,Emerson,17,WHU,4.4,4,0,0.14,0.0,0,2,0,0.1,0,0
,Palmer (Cole),17,CHE,10.3,3,2,0.33,0.08,0,3,0,9.2,0,0
,Dango Ouattara,17,BOU,6.0,0,0,0.26,0.0,1,2,2,0.5,0,0
,Ortega Moreno,17,MCI,4.8,0,0,0.0,0.0,0,0,0,0.2,4,0
,Paul Onuachu,17,SOU,4.9,0,0,0.0,0.0,0,0,0,0.3,0,0
,Onana,17,MUN,4.9,0,0,0.0,0.0,0,0,0,0.2,2,0
,Odegaard,17,ARS,7.8,2,1,0.23,0.09,0,2,0,1.4,0,0
,O'Shea,17,IPS,3.8,0,1,0.0,0.06,0,0,0,1.2,0,0
,Núñez,17,LIV,6.5,0,0,0.0,0.0,0,0,0,0.1,0,0
,Nwaneri,17,ARS,5.2,0,0,0.08,0.0,0,0,0,0.1,0,0
,Norgaard,17,BRE,5.2,0,1,0.11,0.08,0,0,2,0.1,0,0
,Nkunku,17,CHE,5.9,0,0,0.01,0.0,0,0,0,0.1,0,0
,Eddie Nketiah,17,CRY,5.4,0,0,0.0,0.0,0,0,0,0.4,0,0
,Neto,17,CHE,7.1,0,2,0.03,0.09,0,0,0,5.9,0,0
,Ndiaye,17,EVE,6.5,1,1,0.08,0.29,0,1,0,11.1,0,0
,Mykolenko,17,EVE,4.9,0,0,0.01,0.0,0,0,2,0.4,0,0
,Mvom Onana,17,AVL,4.8,0,1,0.01,0.22,0,0,0,0.6,0,0
,Murphy (Jacob),17,NEW,6.1,0,3,0.33,0.06,1,3,0,1.1,0,0
,Muric,17,IPS,4.4,0,0,0.0,0.0,0,0,0,0.4,3,0
,Rodrigo Muniz,17,FUL,5.4,0,1,0.0,0.06,0,0,0,1.0,0,0
,Morsy,17,IPS,4.8,0,0,0.03,0.0,0,2,0,0.1,0,0
,Savinho,17,MCI,6.9,0,0,0.01,0.0,0,1,0,0.5,0,0
,Mitoma,17,BHA,6.2,0,2,0.02,0.08,0,0,0,2.3,0,0
,Mitchell,17,CRY,5.0,0,0,0.12,0.0,0,3,0,2.2,0,0
,Minteh,17,BHA,6.0,0,0,0.17,0.0,0,0,0,4.4,0,0
,Miley (Lewis),17,NEW,4.4,0,0,0.01,0.0,0,0,0,2.1,0,0
,Milenkovic,17,NFO,5.2,0,1,0.0,0.03,0,0,2,4.0,0,0
,Merino,17,ARS,5.9,0,0,0.0,0.0,0,0,0,0.5,0,0
,Mee (Ben),17,BRE,4.2,0,0,0.02,0.0,0,0,0,0.3,0,0
,McGinn,17,AVL,5.4,0,0,0.22,0.0,0,4,0,0.6,0,0
,Mbeumo,17,BRE,8.3,5,1,0.51,0.07,0,3,0,28.5,0,0
,Mazraoui,17,MUN,4.9,0,1,0.02,0.14,0,0,0,0.2,0,0
,Mavropanos,17,WHU,4.4,0,0,0.01,0.0,0,1,0,0.1,0,0
,Mavididi,17,LEI,5.0,0,1,0.02,0.03,0,0,0,0.3,0,0
,Mateta,17,CRY,7.9,0,4,0.02,0.66,0,3,0,23.0,0,0
,Martínez,17,MUN,4.8,0,2,0.1,0.14,0,1,2,0.1,0,0
,Martinez,17,AVL,5.0,0,0,0.0,0.0,0,0,0,2.0,5,0
,Martinelli,17,ARS,6.9,1,1,0.53,0.66,0,3,0,1.0,0,0
,Mangala,17,EVE,5.0,0,2,0.0,0.14,0,0,0,0.0,0,0
,José Sá,17,WOL,4.4,0,0,0.0,0.0,0,0,0,1.2,4,0
,Malacia,17,MUN,3.9,0,0,0.01,0.0,0,1,0,0.3,0,0
,Mainoo,17,MUN,4.8,0,1,0.06,0.04,0,2,0,0.5,0,0
,Maguire,17,MUN,4.4,0,0,0.11,0.0,0,0,0,0.8,0,0
,Maghoma,17,BRE,4.5,0,0,0.01,0.0,0,0,0,0.0,0,0
,Madueke,17,CHE,6.8,0,0,0.0,0.0,0,0,0,0.6,0,0
,Maddison,17,TOT,6.9,0,1,0.02,0.09,0,1,0,0.1,0,1
,Mac Allister,17,LIV,6.3,0,1,0.5,0.44,0,0,2,1.2,0,0
,Lukic,17,FUL,5.0,2,0,0.0,0.0,0,0,0,0.1,0,0
,Longstaff (Sean),17,NEW,4.9,0,0,0.0,0.0,0,0,0,1.1,0,0
,Livramento,17,NEW,4.9,0,0,0.01,0.0,0,0,0,3.1,0,0
,Lindstrom,17,EVE,5.0,1,0,0.0,0.0,0,0,0,0.1,0,0
,Lewis-Skelly,17,ARS,5.2,0,0,0.01,0.0,0,0,0,1.7,0,0
,Lewis-Potter,17,BRE,4.9,0,0,0.04,0.0,0,0,0,0.3,0,0
,Lewis (Rico),17,MCI,4.9,0,0,0.06,0.0,0,1,0,1.7,0,0
,Lerma,17,CRY,4.9,0,1,0.0,0.09,0,0,0,0.1,0,0
,Leno,17,FUL,5.0,0,0,0.0,0.0,0,0,0,1.6,1,0
,Lamptey,17,BHA,4.4,0,0,0.01,0.0,0,0,0,0.1,0,0
,Lacroix,17,CRY,5.0,0,2,0.01,0.17,0,0,2,3.7,0,0
,Kulusevski,17,TOT,6.4,3,3,0.06,0.47,0,1,0,0.0,0,0
,Kudus,17,WHU,6.7,0,2,0.01,0.23,0,0,0,30.1,0,0
,Kristiansen,17,LEI,4.4,3,0,0.02,0.0,0,0,0,0.1,0,0
,Kporha,17,CRY,4.0,0,0,0.0,0.0,0,0,0,0.0,0,0
,Kovacic,17,MCI,5.9,0,1,0.06,0.02,0,0,0,0.0,0,0
,Konsa Ngoyo,17,AVL,4.4,0,0,0.0,0.0,0,0,0,8.6,0,0
,Konak,17,BRE,4.4,0,0,0.0,0.0,0,0,0,0.2,0,0
,Kluivert,17,BOU,7.0,0,2,0.01,0.84,0,0,0,1.0,0,0
,King (Joshua),17,FUL,4.5,0,0,0.06,0.0,0,2,0,4.0,0,0
,Kilman,17,WHU,4.3,0,0,0.46,0.0,0,1,0,0.2,0,0
,Kerkez,17,BOU,5.7,0,1,0.01,0.06,0,0,0,3.6,0,0
,Kamara,17,AVL,4.9,0,0,0.03,0.0,0,0,0,0.2,0,0
,Kamada,17,CRY,5.0,0,1,0.01,0.02,0,0,0,0.2,0,0
,Justin,17,LEI,4.0,0,1,0.0,0.02,0,0,0,0.2,0,0
,João Pedro,17,BHA,7.4,1,0,0.16,0.0,0,2,0,45.5,0,0
,Jones,17,LIV,5.4,0,0,0.0,0.0,0,0,0,0.1,0,0
,Johnson (Ben),17,IPS,3.8,0,0,0.0,0.0,0,0,0,1.9,0,0
,Johnson (Brennan),17,TOT,6.7,0,1,0.25,0.13,1,1,0,3.1,0,0
,Raúl Jiménez,17,FUL,6.2,0,1,0.02,0.11,0,0,0,0.8,0,0
,Janelt,17,BRE,4.9,0,0,0.02,0.0,0,0,0,0.0,0,0
,Jackson (Nicolas),17,CHE,6.5,0,3,0.02,0.57,0,1,0,0.1,0,0
,Iwobi,17,FUL,6.5,0,6,0.09,0.3,0,1,0,1.7,0,0
,Isak,17,NEW,10.4,0,5,0.2,1.53,0,2,0,5.1,0,0
,Højlund,17,MUN,6.3,0,2,0.17,0.08,0,1,0,0.3,0,0
,Hwang Hee-Chan,17,WOL,5.8,0,0,0.0,0.0,0,0,0,0.1,0,0
,Hutchinson,17,IPS,5.4,0,1,0.01,0.01,0,0,0,0.0,0,0
,Huijsen,17,BOU,4.5,0,1,0.02,0.11,0,1,2,5.0,0,0
,Hughes,17,CRY,4.8,3,1,0.23,0.14,0,2,0,0.1,0,0
,Hudson-Odoi,17,NFO,5.8,1,1,0.09,0.11,0,4,0,0.8,0,0
,Hill (James),17,BOU,4.0,0,0,0.0,0.0,0,0,0,0.8,0,0
,Henderson,17,CRY,5.0,0,0,0.0,0.0,0,0,0,7.6,1,0
,Havertz,17,ARS,7.3,0,2,0.01,0.88,0,1,0,0.3,0,0
,Harwood-Bellis,17,SOU,3.9,0,0,0.0,0.0,0,0,2,4.1,0,0
,Harrison (Jack),17,EVE,5.2,0,1,0.0,0.56,0,0,0,0.1,0,0
,Lewis Hall,17,NEW,5.2,0,0,0.04,0.0,0,1,0,0.8,0,0
,Haaland,17,MCI,14.8,0,1,0.04,0.11,0,0,0,69.7,0,0
,Gvardiol,17,MCI,5.9,0,1,0.02,0.35,0,0,0,5.4,0,0
,Gusto,17,CHE,4.9,0,2,0.03,0.34,0,0,0,1.0,0,0
,Gundogan,17,MCI,6.3,3,0,0.04,0.0,0,1,0,0.1,0,0
,Bruno Guimarães,17,NEW,6.6,0,1,0.17,0.06,1,4,2,3.7,0,0
,Gueye,17,EVE,5.4,0,0,0.0,0.0,0,0,0,0.1,0,0
,Marc Guehi,17,CRY,5.0,0,0,0.04,0.0,0,0,0,34.1,0,0
,Gruda,17,BHA,5.4,1,0,0.07,0.0,0,0,0,0.1,0,0
,Grealish,17,MCI,6.9,1,3,0.27,0.1,0,2,0,17.6,0,0
,Gray (Archie),17,TOT,4.8,0,0,0.0,0.0,0,0,2,0.1,0,0
,Gravenberch,17,LIV,5.6,0,0,0.02,0.0,0,1,0,4.0,0,0
,Gordon (Anthony),17,NEW,7.5,1,3,0.49,0.43,0,3,0,3.1,0,0
,Gomez,17,LIV,4.9,0,0,0.01,0.0,0,0,2,0.1,0,0
,João Gomes,17,WOL,5.4,0,2,0.01,0.6,0,0,2,0.1,0,0
,Beto,17,EVE,5.2,0,0,0.0,0.0,0,0,0,3.3,0,0
,Rodrigo Gomes,17,WOL,4.5,0,1,0.0,0.26,0,1,2,0.1,0,0
,Toti,17,WOL,4.3,0,0,0.0,0.0,0,0,0,0.1,0,0
,Godo,17,FUL,4.5,0,0,0.0,0.0,0,0,0,0.0,0,0
,Gibbs-White,17,NFO,7.3,0,0,0.05,0.0,0,1,2,2.9,0,0
,Garnacho,17,MUN,6.4,0,1,0.22,0.17,0,4,0,0.4,0,0
,Gonçalo Guedes,17,WOL,5.5,0,1,0.01,0.05,0,1,0,0.0,0,0
,Gakpo,17,LIV,7.6,0,1,0.09,0.09,0,2,0,14.1,0,0
,Füllkrug,17,WHU,5.6,0,1,0.0,0.02,0,0,0,0.7,0,0
,Forster,17,TOT,4.3,0,0,0.0,0.0,0,0,0,0.3,6,0
,Foden,17,MCI,8.0,0,6,0.04,0.44,0,1,0,4.3,0,0
,Flekken,17,BRE,4.5,0,0,0.0,0.0,0,0,0,10.0,4,0
,Jota Silva,17,NFO,5.4,0,0,0.0,0.0,0,0,0,0.0,0,0
,Fernández,17,CHE,6.7,2,2,0.24,0.1,0,2,0,14.3,0,0
,Ferguson,17,WHU,5.5,0,1,0.12,0.18,0,1,0,0.0,0,0
,Faes,17,LEI,3.8,0,0,0.01,0.0,0,0,0,5.2,0,0
,Fabianski,17,WHU,4.5,0,0,0.0,0.0,0,0,0,0.0,5,0
,Estupiñán,17,BHA,4.5,0,0,0.18,0.0,0,3,0,0.0,0,0
,Mateus Fernandes,17,SOU,5.5,4,1,0.31,0.05,0,1,0,0.0,0,0
,Enciso,17,IPS,5.4,1,3,0.0,0.13,0,0,0,0.0,0,0
,Elliott,17,LIV,5.4,1,0,0.0,0.0,0,0,0,0.3,0,0
,Elanga,17,NFO,6.7,3,2,0.02,0.21,0,0,0,3.7,0,1
,El Khannouss,17,LEI,4.8,0,0,0.19,0.0,0,0,0,0.2,0,0
,Díaz,17,LIV,8.0,0,7,0.25,1.13,0,2,0,0.0,0,0
,Durán,17,AVL,5.7,0,3,0.0,0.94,0,0,0,1.6,0,0
,Dunk,17,BHA,4.5,0,2,0.01,0.09,0,0,0,1.2,0,0
,Dubravka,17,NEW,4.0,0,0,0.0,0.0,0,0,0,34.4,2,0
,Dragusin,17,TOT,4.5,0,0,0.01,0.0,0,0,0,0.0,0,0
,Doyle (Tommy),17,WOL,4.7,0,0,0.0,0.0,0,0,0,0.0,0,0
,Downes,17,SOU,4.7,0,0,0.0,0.0,0,0,0,0.0,0,0
,Doucouré,17,EVE,5.1,0,0,0.03,0.0,0,1,0,0.5,0,0
,Doucoure,17,CRY,4.9,0,0,0.01,0.0,0,0,0,0.0,0,0
,Nicolás Domínguez,17,NFO,5.0,0,0,0.0,0.0,0,0,0,0.0,0,0
,Doku,17,MCI,6.5,0,0,0.0,0.0,0,0,0,5.0,0,0
,Doherty,17,WOL,4.4,0,0,0.03,0.0,1,1,0,0.1,0,0
,Disasi,17,AVL,4.2,0,0,0.02,0.0,0,0,0,0.4,0,0
,Diop,17,FUL,4.4,0,0,0.0,0.0,0,0,0,0.1,0,0
,Digne,17,AVL,4.5,3,0,0.04,0.0,0,2,0,1.6,0,0
,Dibling,17,SOU,5.4,1,0,0.03,0.0,0,0,0,0.0,0,0
,Devenny,17,CRY,4.4,0,0,0.03,0.0,0,1,0,1.1,0,0
,DeCordova-Reid,17,LEI,5.2,0,0,0.01,0.0,0,0,0,0.1,0,0
,Dawson,17,WOL,4.2,0,0,0.0,0.0,0,0,0,0.1,0,0
,Davis,17,IPS,4.2,1,0,0.14,0.0,0,1,0,0.9,0,0
,Damsgaard,17,BRE,5.8,4,1,0.17,0.15,0,0,0,0.6,0,0
,Dalot,17,MUN,4.4,0,2,0.04,0.31,0,1,0,1.0,0,0
,Coufal,17,WHU,4.1,0,0,0.02,0.0,0,0,0,0.4,0,0
,Cook,17,BOU,4.9,0,0,0.01,0.0,0,0,0,0.0,0,0
,Colwill,17,CHE,4.8,0,0,0.02,0.0,0,0,0,0.1,0,0
,Collins,17,BRE,4.9,0,0,0.03,0.0,0,0,0,1.1,0,0
,Coleman,17,EVE,4.3,0,0,0.0,0.0,0,0,0,0.1,0,0
,Coady,17,LEI,4.0,0,0,0.14,0.0,0,1,0,0.5,0,0
,Clyne,17,CRY,3.9,0,0,0.11,0.0,0,2,0,0.5,0,0
,Harry Clarke,17,IPS,4.0,0,0,0.01,0.0,0,0,0,0.0,0,0
,Christie,17,BOU,5.0,1,0,0.11,0.0,0,3,2,0.1,0,0
,Choudhury,17,LEI,4.4,0,0,0.17,0.0,0,1,0,1.0,0,0
,Chaplin,17,IPS,5.1,0,0,0.19,0.0,0,2,0,0.1,0,0
,Castagne,17,FUL,4.4,0,0,0.14,0.0,0,0,0,0.1,0,0
,Cash,17,AVL,4.6,0,1,0.02,0.05,0,0,0,5.2,0,0
,Carvalho,17,BRE,4.9,0,0,0.0,0.0,0,0,0,0.2,0,0
,Calvert-Lewin,17,EVE,5.5,0,0,0.0,0.0,0,0,0,1.4,0,0
,Calafiori,17,ARS,5.8,0,0,0.01,0.0,0,1,0,16.0,0,0
,Cajuste,17,IPS,4.5,0,1,0.02,0.05,0,1,0,0.1,0,0
,Cairney,17,FUL,4.9,0,1,0.05,0.04,0,1,0,0.0,0,0
,Moises Caicedo,17,CHE,6.0,0,0,0.05,0.0,0,0,2,19.8,0,0
,Burns,17,IPS,4.7,0,1,0.02,0.03,0,0,0,0.0,0,0
,Burn,17,NEW,5.2,0,0,0.0,0.0,0,0,0,10.7,0,0
,Burgess,17,IPS,3.8,0,0,0.0,0.0,0,0,0,1.8,0,0
,Buonanotte,17,LEI,4.7,0,0,0.0,0.0,0,0,0,0.1,0,0
,Bueno (Santiago),17,WOL,4.4,0,1,0.0,0.05,0,0,0,0.1,0,0
,Buendía,17,AVL,5.3,0,0,0.0,0.0,0,0,0,0.2,0,0
,Brooks,17,BOU,5.0,0,0,0.01,0.0,0,0,0,0.2,0,0
,Broadhead,17,IPS,4.9,0,1,0.02,0.04,0,1,0,0.0,0,0
,Bree,17,SOU,3.9,0,0,0.0,0.0,0,0,0,0.3,0,0
,Branthwaite,17,EVE,5.3,0,0,0.01,0.0,0,0,0,0.2,0,0
,Bowen,17,WHU,7.7,3,3,0.03,0.56,0,0,0,7.6,0,0
,Bruno Fernandes,17,MUN,8.9,5,7,0.4,0.5,0,4,0,16.3,0,0
,Carlos Borges,17,WOL,5.4,0,0,0.0,0.0,0,0,0,0.0,0,0
,Bissouma,17,TOT,5.2,0,0,0.01,0.0,0,0,2,0.0,0,0
,Billing,17,BOU,4.9,0,0,0.01,0.0,0,1,0,0.0,0,0
,Bergvall,17,TOT,5.4,0,0,0.04,0.0,0,0,0,0.4,0,0
,Berge,17,FUL,4.9,0,0,0.02,0.0,0,1,0,0.1,0,0
,Bellegarde,17,WOL,5.2,0,0,0.0,0.0,0,0,0,0.0,0,0
,Bednarek,17,SOU,4.0,0,0,0.0,0.0,0,0,2,1.9,0,0
,Bassey,17,FUL,4.5,0,0,0.0,0.0,0,1,0,0.6,0,0
,Barnes,17,NEW,6.3,0,1,0.62,0.04,0,0,0,0.4,0,0
,Baleba,17,BHA,4.7,0,0,0.16,0.0,0,2,2,2.1,0,0
,Ayew,17,LEI,5.1,3,1,0.06,0.07,0,1,0,0.2,0,0
,Ayari,17,BHA,4.9,1,2,0.01,0.26,0,1,0,0.3,0,0
,Awoniyi,17,NFO,5.2,0,0,0.0,0.0,0,0,0,0.4,0,0
,Kepa,17,BOU,4.2,0,0,0.0,0.0,0,0,0,0.5,7,0
,Armstrong (Adam),17,SOU,5.1,0,2,0.0,0.15,0,0,0,0.5,0,0
,Aribo,17,SOU,4.9,0,0,0.0,0.0,0,0,0,0.1,0,0
,Archer,17,SOU,4.8,0,1,0.0,0.03,0,0,0,1.1,0,0
,Anderson,17,NFO,5.3,1,0,0.28,0.0,0,2,0,3.0,0,0
,Carlos Vinicius,17,FUL,5.0,0,1,0.0,0.04,0,0,0,0.3,0,0
,Almirón,17,NEW,5.4,0,0,0.01,0.0,0,0,0,0.3,0,0
,Alexander-Arnold,17,LIV,7.2,2,1,0.67,0.01,1,4,2,16.7,0,0
,Ali Al Hamadi,17,IPS,4.7,0,3,0.01,0.29,0,1,0,0.2,0,0
,Akanji,17,MCI,5.4,0,0,0.05,0.0,0,1,0,0.3,0,0
,Ajer,17,BRE,4.4,0,2,0.01,0.23,0,0,0,0.2,0,0
,Aina,17,NFO,4.7,0,2,0.01,0.21,0,0,2,2.5,0,0
,Tosin,17,CHE,4.3,0,0,0.01,0.0,0,0,0,0.4,0,0
,Adams (Tyler),17,BOU,5.0,0,0,0.01,0.0,0,0,2,0.4,0,0
,Álvarez (Edson),18,WHU,4.9,0,0,0.01,0.0,0,1,0,0.1,0,0
,van Hecke,18,BHA,4.4,0,0,0.05,0.0,0,1,0,1.3,0,0
,van Dijk,18,LIV,6.0,0,0,0.03,0.0,0,0,0,23.6,0,0
,Gabriel Magalhães,18,ARS,6.6,0,1,0.05,0.24,0,1,0,41.0,0,0
,Antony,18,MUN,5.9,0,1,0.05,0.03,0,1,0,0.1,0,0
,Evanilson,18,BOU,7.0,0,2,0.0,0.1,0,0,0,1.4,0,0
,Jesus,18,ARS,6.4,0,0,0.1,0.0,0,1,0,0.0,0,0
,André,18,WOL,5.4,0,0,0.02,0.0,0,1,2,0.1,0,0
,Zirkzee,18,MUN,5.8,0,0,0.0,0.0,0,0,0,0.4,0,0
,Zabarnyi,18,BOU,5.0,0,0,0.16,0.0,0,3,0,0.0,0,0
,Yoro,18,MUN,4.4,0,0,0.0,0.0,0,0,0,1.7,0,0
,Yates,18,NFO,4.7,0,0,0.0,0.0,0,0,0,0.1,0,0
,Yarmolyuk,18,BRE,5.0,0,0,0.01,0.0,0,1,0,0.1,0,0
,Woolfenden,18,IPS,3.9,0,0,0.01,0.0,0,0,0,1.2,0,0
,Wood (Chris),18,NFO,7.2,0,0,0.02,0.0,0,0,0,6.5,0,0
,Wood (Nathan),18,SOU,3.9,0,1,0.01,0.05,0,0,0,1.0,0,0
,Wissa,18,BRE,7.4,0,3,0.01,0.36,0,0,0,0.5,0,0
,Winks,18,LEI,4.3,0,0,0.0,0.0,0,0,0,4.7,0,0
,Wilson (Harry),18,FUL,5.2,0,2,0.0,0.67,0,1,0,0.3,0,0
,Willock,18,NEW,5.0,0,0,0.01,0.0,0,0,0,0.1,0,0
,Williams (Neco),18,NFO,4.7,0,1,0.01,0.04,0,0,2,3.5,0,0
,Werner,18,TOT,6.2,0,0,0.01,0.0,0,0,0,0.1,0,0
,Watkins,18,AVL,8.5,0,0,0.0,0.0,0,0,0,6.6,0,0
,Ward-Prowse,18,WHU,5.7,0,0,0.0,0.0,0,0,0,0.2,0,0
,Wan-Bissaka,18,WHU,4.3,0,2,0.21,0.13,0,3,0,5.8,0,0
,Walker-Peters,18,SOU,4.3,0,2,0.56,0.05,0,3,0,0.3,0,0
,Vestergaard,18,LEI,3.9,0,0,0.01,0.0,0,0,2,1.5,0,0
,Verbruggen,18,BHA,4.4,0,0,0.0,0.0,0,0,0,4.1,3,0
,Veltman,18,BHA,4.3,0,1,0.03,0.06,0,0,2,0.1,0,0
,Bernardo Silva,18,MCI,6.3,1,3,0.04,0.27,0,1,0,0.5,0,0
,Valdimarsson,18,BRE,3.9,0,0,0.0,0.0,0,0,0,0.7,2,0
,Unal,18,BOU,5.4,0,2,0.08,0.42,0,1,0,0.0,0,0
,Ugochukwu,18,SOU,5.0,0,1,0.03,0.07,0,1,0,0.1,0,0
,Ugarte,18,MUN,4.8,0,1,0.01,0.04,0,0,0,0.1,0,0
,Destiny Udogie,18,TOT,4.4,0,0,0.02,0.0,0,0,0,0.4,0,0
,Tsimikas,18,LIV,4.8,1,0,0.14,0.0,0,0,0,0.1,0,0
,Trossard,18,ARS,6.9,0,2,0.5,0.15,1,2,0,0.5,0,0
,Trippier,18,NEW,5.0,2,0,0.03,0.0,0,0,0,2.7,0,0
,Traoré (Adama),18,FUL,5.2,0,0,0.06,0.0,0,2,0,0.2,0,0
,Amad Diallo,18,MUN,6.3,2,1,0.01,0.05,0,1,2,1.3,0,0
,Torres,18,AVL,4.3,0,1,0.01,0.19,0,0,0,0.3,0,0
,Tonali,18,NEW,5.4,0,1,0.14,0.37,0,1,0,1.3,0,0
,Todibo,18,WHU,4.3,0,0,0.0,0.0,0,0,2,0.1,0,0
,Jurriën Timber,18,ARS,6.1,0,1,0.03,0.04,0,0,0,25.1,0,0
,Tielemans,18,AVL,5.9,0,0,0.02,0.0,0,0,0,0.6,0,0
,Diogo Jota,18,LIV,7.2,0,0,0.02,0.0,0,0,0,2.6,0,0
,Taylor (Jack),18,IPS,4.8,0,1,0.01,0.02,0,0,0,0.0,0,0
,Tarkowski,18,EVE,5.5,0,0,0.0,0.0,0,0,2,6.3,0,0
,Targett,18,NEW,4.0,0,0,0.0,0.0,0,0,0,0.2,0,0
,Szoboszlai,18,LIV,6.5,1,0,0.03,0.0,0,0,0,4.2,0,0
,Szmodics,18,IPS,5.7,0,0,0.0,0.0,0,0,0,0.1,0,0
,Summerville,18,WHU,5.5,0,1,0.01,0.04,0,0,0,0.1,0,0
,Sulemana,18,SOU,5.0,0,0,0.03,0.0,0,0,0,0.0,0,0
,Sugawara,18,SOU,4.2,0,1,0.1,0.04,0,2,0,0.1,0,0
,Strand Larsen,18,WOL,6.4,0,1,0.0,0.15,0,0,0,1.3,0,0
,Stolarczyk,18,LEI,4.0,0,0,0.0,0.0,0,0,0,0.5,4,0
,Spence,18,TOT,4.5,0,1,0.16,0.03,0,2,0,1.6,0,0
,Soumaré,18,LEI,4.4,0,0,0.0,0.0,0,0,0,0.3,0,0
,Soucek,18,WHU,5.7,0,0,0.18,0.0,0,1,0,0.2,0,0
,Sosa,18,NFO,5.5,1,0,0.0,0.0,0,0,0,0.1,0,0
,Son,18,TOT,8.5,2,2,0.08,0.2,0,3,0,0.1,0,0
,Soler (Carlos),18,WHU,5.0,1,1,0.01,0.32,0,1,0,0.0,0,0
,Solanke,18,TOT,7.2,0,3,0.07,0.12,0,0,0,0.9,0,0
,Skipp,18,LEI,4.7,0,0,0.0,0.0,0,0,0,0.0,0,0
,Simpson-Pusey,18,MCI,4.0,0,0,0.0,0.0,0,0,0,0.0,0,0
,Sessegnon (Ryan),18,FUL,5.4,0,0,0.0,0.0,0,0,0,0.4,0,0
,Semenyo,18,BOU,8.1,0,5,0.06,0.37,0,0,0,64.4,0,0
,Semedo,18,WOL,4.5,0,1,0.1,0.01,0,1,0,0.6,0,0
,Sels,18,NFO,4.8,0,0,0.0,0.0,0,0,0,8.3,4,0
,Schär,18,NEW,5.4,0,2,0.09,0.1,0,0,0,1.9,0,0
,Schade,18,BRE,7.0,0,0,0.01,0.0,0,1,0,0.7,0,0
,Ismaila Sarr,18,CRY,6.6,0,1,0.01,0.03,0,0,0,11.6,0,0
,Sarr (Pape),18,TOT,4.9,0,1,0.03,0.06,0,0,0,1.7,0,0
,Matheus Cunha,18,WOL,7.9,1,2,0.37,0.04,1,1,0,4.4,0,0
,Murillo,18,NFO,5.3,0,0,0.0,0.0,0,0,2,2.0,0,0
,Sancho,18,MUN,5.8,0,1,0.08,0.22,0,0,0,0.2,0,0
,Sanchez,18,CHE,4.8,0,0,0.0,0.0,0,0,0,13.5,5,0
,Saliba,18,ARS,6.0,0,0,0.02,0.0,0,2,0,11.6,0,0
,Salah,18,LIV,14.2,0,5,0.4,0.63,0,2,0,24.9,0,1
,Rutter,18,BHA,5.7,0,2,0.0,0.07,0,0,0,0.5,0,0
,Rogers,18,AVL,6.8,0,0,0.0,0.0,0,0,0,4.8,0,0
,Roerslev,18,BRE,4.5,0,0,0.02,0.0,0,1,0,0.0,0,0
,Rodríguez,18,WHU,4.8,0,1,0.0,0.08,0,1,0,0.0,0,0
,Morato,18,NFO,4.4,0,0,0.0,0.0,0,0,0,0.1,0,0
,Robinson (Antonee),18,FUL,4.9,0,1,0.14,0.21,0,1,0,0.5,0,0
,Robertson,18,LIV,5.8,4,1,0.25,0.04,0,2,0,0.9,0,0
,Rice,18,ARS,6.8,3,2,0.31,0.11,0,1,2,16.4,0,0
,Raya Martin,18,ARS,5.8,0,0,0.0,0.0,0,0,0,31.3,0,0
,Alisson,18,LIV,5.4,0,0,0.0,0.0,0,0,0,5.8,0,0
,Ramsdale,18,SOU,4.8,0,0,0.0,0.0,0,0,0,0.6,1,0
,Porro,18,TOT,5.5,1,0,0.06,0.0,0,1,0,18.4,0,0
,Pickford,18,EVE,5.5,0,0,0.0,0.0,0,0,0,9.7,4,0
,Phillips (Kalvin),18,IPS,4.8,0,1,0.02,0.01,0,0,0,0.1,0,0
,Pereira,18,FUL,5.3,1,2,0.04,0.06,0,1,0,0.1,0,0
,Patterson (Nathan),18,EVE,4.4,0,0,0.0,0.0,0,0,0,0.0,0,0
,Partey,18,ARS,4.9,0,0,0.0,0.0,0,0,0,0.7,0,0
,Emerson,18,WHU,4.4,1,1,0.05,0.07,0,0,0,0.1,0,0
,Palmer (Cole),18,CHE,10.3,0,5,0.2,0.28,0,1,0,9.2,0,1
,O’Riley,18,BHA,5.5,1,4,0.17,0.23,0,3,0,0.4,0,0
,Dango Ouattara,18,BOU,6.0,0,5,0.07,0.39,0,1,0,0.5,0,0
,Osula,18,NEW,5.5,0,0,0.0,0.0,0,0,0,0.3,0,0
,Ortega Moreno,18,MCI,4.8,0,0,0.0,0.0,0,0,0,0.2,2,0
,Paul Onuachu,18,SOU,4.9,0,8,0.04,0.84,0,1,0,0.3,0,0
,Onana,18,MUN,4.9,0,0,0.0,0.0,0,0,0,0.2,2,0
,Okoli,18,LEI,4.0,0,0,0.0,0.0,0,0,0,0.4,0,0
,Odegaard,18,ARS,7.8,2,4,0.12,0.25,0,2,0,1.4,0,0
,O'Shea,18,IPS,3.8,0,0,0.01,0.0,0,0,0,1.2,0,0
,Núñez,18,LIV,6.5,0,4,0.03,0.25,0,0,0,0.1,0,0
,Norgaard,18,BRE,5.2,0,1,0.0,0.04,0,0,0,0.1,0,0
,Nkunku,18,CHE,5.9,0,1,0.0,0.27,0,0,0,0.1,0,0
,Neto,18,CHE,7.1,0,1,0.1,0.03,0,1,0,5.9,0,0
,Nedeljkovic,18,AVL,3.9,0,0,0.0,0.0,0,0,0,0.5,0,0
,Ndiaye,18,EVE,6.5,3,1,0.01,0.24,0,1,0,11.1,0,0
,Mykolenko,18,EVE,4.9,0,0,0.01,0.0,0,0,0,0.4,0,0
,Mvom Onana,18,AVL,4.8,0,0,0.01,0.0,0,0,2,0.6,0,0
,Muñoz,18,CRY,5.7,0,1,0.07,0.12,0,2,0,15.3,0,0
,Murphy (Jacob),18,NEW,6.1,0,3,0.61,0.58,1,2,0,1.1,0,0
,Muric,18,IPS,4.4,0,0,0.0,0.0,0,0,0,0.4,4,0
,Rodrigo Muniz,18,FUL,5.4,0,2,0.0,0.47,0,0,0,1.0,0,0
,Savinho,18,MCI,6.9,0,7,0.34,0.22,0,2,0,0.5,0,0
,Mitoma,18,BHA,6.2,0,2,0.21,0.06,0,2,0,2.3,0,0
,Mitchell,18,CRY,5.0,0,0,0.04,0.0,0,1,0,2.2,0,0
,Minteh,18,BHA,6.0,0,0,0.21,0.0,0,0,0,4.4,0,0
,Miley (Lewis),18,NEW,4.4,0,0,0.0,0.0,0,0,0,2.1,0,0
,Milenkovic,18,NFO,5.2,0,1,0.0,0.2,0,0,0,4.0,0,0
,Merino,18,ARS,5.9,0,1,0.01,0.04,0,0,0,0.5,0,0
,Mee (Ben),18,BRE,4.2,0,0,0.0,0.0,0,0,0,0.3,0,0
,McGinn,18,AVL,5.4,1,0,0.01,0.0,0,0,0,0.6,0,0
,Mbeumo,18,BRE,8.3,0,1,0.07,0.04,0,1,2,28.5,0,0
,Mazraoui,18,MUN,4.9,0,1,0.03,0.02,0,0,0,0.2,0,0
,Mavropanos,18,WHU,4.4,0,0,0.0,0.0,0,0,2,0.1,0,0
,Mavididi,18,LEI,5.0,0,0,0.12,0.0,0,1,0,0.3,0,0
,Mateta,18,CRY,7.9,0,1,0.01,0.03,0,0,0,23.0,0,0
,Martínez,18,MUN,4.8,0,1,0.02,0.05,0,0,0,0.1,0,0
,Martinez,18,AVL,5.0,0,0,0.0,0.0,0,0,0,2.0,4,0
,Martinelli,18,ARS,6.9,0,0,0.07,0.0,0,0,0,1.0,0,0
,March,18,BHA,5.8,0,1,0.0,0.06,0,0,0,0.0,0,0
,Manning,18,SOU,4.3,0,0,0.1,0.0,0,2,0,0.1,0,0
,Mangala,18,EVE,5.0,0,2,0.01,0.07,0,0,0,0.0,0,0
,José Sá,18,WOL,4.4,0,0,0.0,0.0,0,0,0,1.2,4,0
,Mainoo,18,MUN,4.8,0,0,0.03,0.0,0,3,0,0.5,0,0
,Maguire,18,MUN,4.4,0,1,0.01,0.08,0,0,2,0.8,0,0
,Maddison,18,TOT,6.9,0,2,0.03,0.09,0,0,0,0.1,0,0
,Mac Allister,18,LIV,6.3,2,1,0.56,0.02,1,2,0,1.2,0,0
,Lukic,18,FUL,5.0,0,0,0.1,0.0,1,1,2,0.1,0,0
,Lindstrom,18,EVE,5.0,0,0,0.03,0.0,0,0,0,0.1,0,0
,Lewis-Skelly,18,ARS,5.2,0,0,0.05,0.0,0,2,0,1.7,0,0
,Lewis-Potter,18,BRE,4.9,0,1,0.01,0.47,0,0,0,0.3,0,0
,Lewis (Rico),18,MCI,4.9,0,1,0.08,0.05,0,0,0,1.7,0,0
,Lerma,18,CRY,4.9,0,1,0.12,0.01,0,0,2,0.1,0,0
,Leno,18,FUL,5.0,0,0,0.0,0.0,0,0,0,1.6,7,0
,Lallana,18,SOU,5.0,0,0,0.04,0.0,0,1,0,0.0,0,0
,Lacroix,18,CRY,5.0,0,0,0.01,0.0,0,0,2,3.7,0,0
,Kulusevski,18,TOT,6.4,4,1,0.09,0.02,0,2,0,0.0,0,0
,Kudus,18,WHU,6.7,0,3,0.1,0.17,0,2,0,30.1,0,0
,Kristiansen,18,LEI,4.4,0,0,0.02,0.0,0,0,0,0.1,0,0
,Kovacic,18,MCI,5.9,0,3,0.11,0.07,0,1,0,0.0,0,0
,Konsa Ngoyo,18,AVL,4.4,0,0,0.01,0.0,0,0,0,8.6,0,0
,Kluivert,18,BOU,7.0,0,1,0.05,0.11,0,3,0,1.0,0,0
,Kim Ji-Soo,18,BRE,3.9,0,0,0.0,0.0,0,0,0,0.1,0,0
,Kilman,18,WHU,4.3,0,0,0.0,0.0,0,0,0,0.2,0,0
,Kerkez,18,BOU,5.7,0,2,0.08,0.07,0,2,0,3.6,0,0
,Kamara,18,AVL,4.9,0,1,0.01,0.07,0,0,0,0.2,0,0
,Kamada,18,CRY,5.0,0,0,0.04,0.0,0,0,0,0.2,0,0
,Justin,18,LEI,4.0,0,2,0.0,0.06,0,0,2,0.2,0,0
,João Pedro,18,BHA,7.4,0,2,0.08,0.1,0,1,0,45.5,0,0
,Jones,18,LIV,5.4,0,2,0.1,0.76,0,1,0,0.1,0,0
,Johnson (Ben),18,IPS,3.8,0,0,0.0,0.0,0,0,0,1.9,0,0
,Johnson (Brennan),18,TOT,6.7,0,3,0.05,0.39,0,1,0,3.1,0,0
,Raúl Jiménez,18,FUL,6.2,0,4,0.0,0.21,0,0,0,0.8,0,0
,Janelt,18,BRE,4.9,0,0,0.24,0.0,0,1,2,0.0,0,0
,Jackson (Nicolas),18,CHE,6.5,0,1,0.13,0.07,0,1,0,0.1,0,0
,Iwobi,18,FUL,6.5,0,1,0.03,0.03,0,4,0,1.7,0,0
,Isak,18,NEW,10.4,1,4,0.11,0.93,0,4,0,5.1,0,0
,Højlund,18,MUN,6.3,0,0,0.02,0.0,0,1,0,0.3,0,0
,Hwang Hee-Chan,18,WOL,5.8,0,1,0.0,0.55,0,0,0,0.1,0,0
,Hutchinson,18,IPS,5.4,0,0,0.02,0.0,0,1,0,0.0,0,0
,Huijsen,18,BOU,4.5,0,0,0.02,0.0,0,0,2,5.0,0,0
,Hughes,18,CRY,4.8,1,0,0.02,0.0,0,2,2,0.1,0,0
,Hudson-Odoi,18,NFO,5.8,0,1,0.03,0.05,0,2,0,0.8,0,0
,Henderson,18,CRY,5.0,0,0,0.0,0.0,0,1,0,7.6,3,0
,Havertz,18,ARS,7.3,0,2,0.08,1.03,0,1,0,0.3,0,0
,Harwood-Bellis,18,SOU,3.9,0,0,0.13,0.0,0,1,0,4.1,0,0
,Harrison (Jack),18,EVE,5.2,2,1,0.2,0.08,0,3,0,0.1,0,0
,Lewis Hall,18,NEW,5.2,4,0,0.59,0.0,0,1,0,0.8,0,0
,Haaland,18,MCI,14.8,0,2,0.05,0.82,0,2,0,69.7,0,0
,Gvardiol,18,MCI,5.9,0,5,0.06,0.67,0,0,0,5.4,0,0
,Gusto,18,CHE,4.9,0,0,0.01,0.0,0,1,0,1.0,0,0
,Gundogan,18,MCI,6.3,0,0,0.62,0.0,0,0,0,0.1,0,0
,Bruno Guimarães,18,NEW,6.6,0,4,0.4,0.2,0,3,0,3.7,0,0
,Gueye,18,EVE,5.4,0,1,0.01,0.02,0,0,2,0.1,0,0
,Marc Guehi,18,CRY,5.0,0,0,0.01,0.0,0,0,0,34.1,0,0
,Gruda,18,BHA,5.4,0,1,0.26,0.08,0,5,0,0.1,0,0
,Greaves,18,IPS,3.8,0,0,0.01,0.0,0,1,0,2.3,0,0
,Gray (Archie),18,TOT,4.8,0,0,0.01,0.0,0,0,0,0.1,0,0
,Gravenberch,18,LIV,5.6,0,0,0.29,0.0,0,2,0,4.0,0,0
,Gordon (Anthony),18,NEW,7.5,2,2,0.18,0.11,0,2,0,3.1,0,1
,Gomez,18,LIV,4.9,0,0,0.05,0.0,0,2,0,0.1,0,0
,João Gomes,18,WOL,5.4,0,0,0.01,0.0,0,1,0,0.1,0,0
,Rodrigo Gomes,18,WOL,4.5,0,0,0.0,0.0,0,0,0,0.1,0,0
,Toti,18,WOL,4.3,0,0,0.01,0.0,0,0,2,0.1,0,0
,Gibbs-White,18,NFO,7.3,0,1,0.3,0.15,1,2,0,2.9,0,0
,Garnacho,18,MUN,6.4,0,1,0.0,0.05,0,0,0,0.4,0,0
,Gonçalo Guedes,18,WOL,5.5,0,1,0.03,0.04,0,0,0,0.0,0,0
,Gakpo,18,LIV,7.6,0,3,0.63,0.11,0,2,0,14.1,0,1
,Füllkrug,18,WHU,5.6,0,1,0.01,0.13,1,1,0,0.7,0,0
,Casemiro,18,MUN,5.5,0,1,0.12,0.01,0,2,0,0.6,0,0
,Forster,18,TOT,4.3,0,0,0.0,0.0,0,0,0,0.3,2,0
,Foden,18,MCI,8.0,6,2,0.71,0.14,0,7,0,4.3,0,0
,Flekken,18,BRE,4.5,0,0,0.01,0.0,0,0,0,10.0,6,0
,Jota Silva,18,NFO,5.4,0,0,0.0,0.0,0,0,0,0.0,0,0
,Fernández,18,CHE,6.7,3,1,0.18,0.07,0,3,0,14.3,0,0
,Fabianski,18,WHU,4.5,0,0,0.0,0.0,0,0,0,0.0,3,0
,Eze,18,CRY,7.6,1,4,0.2,0.16,0,2,0,14.2,0,0
,Estupiñán,18,BHA,4.5,2,0,0.03,0.0,0,0,0,0.0,0,0
,Mateus Fernandes,18,SOU,5.5,2,2,0.33,0.21,0,4,0,0.0,0,0
,Eriksen,18,MUN,5.2,2,0,0.02,0.0,0,0,0,0.2,0,0
,Endo,18,LIV,4.9,0,0,0.0,0.0,0,0,0,0.1,0,0
,Enciso,18,IPS,5.4,1,8,0.05,0.5,0,0,0,0.0,0,0
,Elliott,18,LIV,5.4,0,0,0.06,0.0,0,0,0,0.3,0,0
,Elanga,18,NFO,6.7,0,3,0.02,0.35,0,0,0,3.7,0,0
,El Khannouss,18,LEI,4.8,0,1,0.0,0.04,0,1,0,0.2,0,0
,Durán,18,AVL,5.7,0,0,0.0,0.0,0,0,0,1.6,0,0
,Dunk,18,BHA,4.5,0,1,0.05,0.02,0,1,0,1.2,0,0
,Dubravka,18,NEW,4.0,0,0,0.0,0.0,0,0,0,34.4,1,0
,Dragusin,18,TOT,4.5,0,0,0.02,0.0,0,1,0,0.0,0,0
,Doyle (Tommy),18,WOL,4.7,0,0,0.01,0.0,0,0,0,0.0,0,0
,Downes,18,SOU,4.7,0,1,0.0,0.01,0,0,0,0.0,0,0
,Doucouré,18,EVE,5.1,0,1,0.01,0.04,0,0,0,0.5,0,0
,Doucoure,18,CRY,4.9,0,0,0.04,0.0,0,1,0,0.0,0,0
,Doku,18,MCI,6.5,0,0,0.09,0.0,0,2,0,5.0,0,0
,Doherty,18,WOL,4.4,0,0,0.04,0.0,0,0,2,0.1,0,0
,Diop,18,FUL,4.4,0,0,0.0,0.0,0,0,0,0.1,0,0
,Digne,18,AVL,4.5,5,1,0.33,0.05,0,1,0,1.6,0,0
,Dibling,18,SOU,5.4,0,1,0.01,0.1,0,0,0,0.0,0,0
,Devenny,18,CRY,4.4,0,0,0.0,0.0,0,0,0,1.1,0,0
,Delap,18,IPS,6.2,0,0,0.0,0.0,0,0,0,0.9,0,0
,DeCordova-Reid,18,LEI,5.2,0,0,0.0,0.0,0,0,0,0.1,0,0
,De Bruyne,18,MCI,9.5,1,0,0.13,0.0,0,0,0,11.6,0,0
,Dawson,18,WOL,4.2,0,0,0.0,0.0,0,0,0,0.1,0,0
,Davis,18,IPS,4.2,1,0,0.01,0.0,0,0,2,0.9,0,0
,Damsgaard,18,BRE,5.8,3,1,0.45,0.04,0,2,0,0.6,0,0
,Dalot,18,MUN,4.4,0,2,0.07,0.07,0,1,0,1.0,0,0
,Daka,18,LEI,4.8,0,0,0.0,0.0,0,0,0,0.5,0,0
,Cucurella,18,CHE,6.1,0,2,0.02,0.19,0,1,0,21.8,0,0
,Cresswell,18,WHU,3.9,0,0,0.03,0.0,0,1,0,1.7,0,0
,Coufal,18,WHU,4.1,0,0,0.0,0.0,0,0,0,0.4,0,0
,Cook,18,BOU,4.9,2,0,0.09,0.0,0,4,0,0.0,0,0
,Colwill,18,CHE,4.8,0,0,0.02,0.0,0,1,0,0.1,0,0
,Collins,18,BRE,4.9,0,1,0.01,0.12,0,0,0,1.1,0,0
,Coleman,18,EVE,4.3,0,0,0.0,0.0,0,0,0,0.1,0,0
,Coady,18,LEI,4.0,0,0,0.0,0.0,0,0,2,0.5,0,0
,Harry Clarke,18,IPS,4.0,0,0,0.0,0.0,0,0,0,0.0,0,0
,Clarke (Jack),18,IPS,5.4,0,0,0.01,0.0,0,0,0,0.0,0,0
,Christie,18,BOU,5.0,2,0,0.03,0.0,0,1,2,0.1,0,0
,Chalobah,18,CHE,5.1,0,2,0.01,0.1,0,0,0,7.6,0,0
,Castagne,18,FUL,4.4,0,1,0.01,0.02,1,2,0,0.1,0,0
,Cash,18,AVL,4.6,0,1,0.01,0.05,0,0,0,5.2,0,0
,Calvert-Lewin,18,EVE,5.5,0,1,0.01,0.19,0,0,0,1.4,0,0
,Cajuste,18,IPS,4.5,0,0,0.01,0.0,0,0,0,0.1,0,0
,Cairney,18,FUL,4.9,0,0,0.0,0.0,0,0,0,0.0,0,0
,Moises Caicedo,18,CHE,6.0,0,0,0.02,0.0,0,0,2,19.8,0,0
,Burn,18,NEW,5.2,0,0,0.34,0.0,0,0,0,10.7,0,0
,Buonanotte,18,LEI,4.7,0,0,0.0,0.0,0,0,0,0.1,0,0
,Bueno (Santiago),18,WOL,4.4,0,0,0.0,0.0,0,0,0,0.1,0,0
,Buendía,18,AVL,5.3,0,0,0.0,0.0,0,0,0,0.2,0,0
,Brooks,18,BOU,5.0,0,0,0.0,0.0,0,0,0,0.2,0,0
,Broja,18,EVE,5.3,0,0,0.01,0.0,0,2,0,0.1,0,0
,Broadhead,18,IPS,4.9,0,1,0.01,0.12,0,0,0,0.0,0,0
,Bree,18,SOU,3.9,0,0,0.01,0.0,0,1,0,0.3,0,0
,Branthwaite,18,EVE,5.3,0,1,0.0,0.01,0,0,2,0.2,0,0
,Bowen,18,WHU,7.7,0,6,0.06,0.88,0,1,0,7.6,0,0
,Bruno Fernandes,18,MUN,8.9,0,1,0.04,0.05,0,1,0,16.3,0,0
,Bissouma,18,TOT,5.2,0,0,0.01,0.0,0,0,0,0.0,0,0
,Billing,18,BOU,4.9,1,1,0.01,0.01,0,0,0,0.0,0,0
,Bergvall,18,TOT,5.4,0,0,0.01,0.0,0,0,0,0.4,0,0
,Bentancur,18,TOT,5.3,0,0,0.03,0.0,0,1,0,0.4,0,0
,Bellegarde,18,WOL,5.2,0,0,0.0,0.0,0,0,0,0.0,0,0
,Bednarek,18,SOU,4.0,0,0,0.0,0.0,0,0,2,1.9,0,0
,Bassey,18,FUL,4.5,0,1,0.01,0.11,0,0,0,0.6,0,0
,Barnes,18,NEW,6.3,0,1,0.01,0.13,0,0,0,0.4,0,0
,Barkley,18,AVL,4.8,0,0,0.01,0.0,0,0,0,0.0,0,0
,Baleba,18,BHA,4.7,0,1,0.04,0.04,0,0,0,2.1,0,0
,Bailey,18,AVL,5.5,0,0,0.0,0.0,0,0,0,0.1,0,0
,Ayew,18,LEI,5.1,1,1,0.04,0.24,0,1,2,0.2,0,0
,Ayari,18,BHA,4.9,1,1,0.0,0.1,0,0,0,0.3,0,0
,Awoniyi,18,NFO,5.2,0,1,0.0,0.03,0,0,0,0.4,0,0
,Kepa,18,BOU,4.2,0,0,0.0,0.0,0,0,0,0.5,4,0
,Armstrong (Adam),18,SOU,5.1,0,1,0.08,0.04,0,1,0,0.5,0,0
,Aribo,18,SOU,4.9,0,0,0.01,0.0,0,0,0,0.1,0,0
,Areola,18,WHU,4.3,0,0,0.0,0.0,0,0,0,2.1,2,0
,Joelinton,18,NEW,5.9,0,5,0.04,0.35,0,1,0,0.3,0,1
,Anderson,18,NFO,5.3,1,1,0.19,0.06,0,1,2,3.0,0,0
,Andersen,18,FUL,4.5,0,0,0.01,0.0,0,0,0,2.8,0,0
,Alexander-Arnold,18,LIV,7.2,6,3,0.46,0.1,0,3,0,16.7,0,0
,Ali Al Hamadi,18,IPS,4.7,0,0,0.0,0.0,0,0,0,0.2,0,0
,Aké,18,MCI,5.3,0,1,0.03,0.11,0,0,0,0.6,0,0
,Akanji,18,MCI,5.4,0,0,0.02,0.0,0,1,0,0.3,0,0
,Ait Nouri,18,WOL,5.8,2,1,0.03,0.07,0,0,0,4.9,0,0
,Aina,18,NFO,4.7,0,1,0.01,0.24,0,0,0,2.5,0,0
,Adingra,18,BHA,5.1,0,0,0.03,0.0,0,2,0,0.5,0,0
,Tosin,18,CHE,4.3,0,0,0.01,0.0,0,0,0,0.4,0,0
,Adams (Tyler),18,BOU,5.0,0,0,0.01,0.0,0,0,0,0.4,0,0
,Aarons,18,BOU,4.3,0,0,0.0,0.0,0,0,0,0.1,0,0
,Álvarez (Edson),19,WHU,4.9,0,0,0.0,0.0,0,0,0,0.1,0,0
,van den Berg,19,BRE,4.5,0,0,0.0,0.0,0,0,0,0.6,0,0
,van Hecke,19,BHA,4.4,0,1,0.0,0.04,0,0,2,1.3,0,0
,van Dijk,19,LIV,6.0,0,2,0.01,0.08,0,0,0,23.6,0,0
,Igor Julio,19,BHA,4.5,0,0,0.0,0.0,0,0,0,0.1,0,0
,Gabriel Magalhães,19,ARS,6.6,0,0,0.31,0.0,0,1,0,41.0,0,0
,Antony,19,MUN,5.9,0,0,0.0,0.0,0,0,0,0.1,0,0
,Evanilson,19,BOU,7.0,0,3,0.0,0.28,0,0,0,1.4,0,0
,de Ligt,19,MUN,5.0,0,1,0.07,0.16,0,0,0,3.0,0,0
,Jesus,19,ARS,6.4,0,3,0.14,0.78,0,0,0,0.0,0,0
,André,19,WOL,5.4,0,0,0.01,0.0,0,1,0,0.1,0,0
,Zirkzee,19,MUN,5.8,0,0,0.0,0.0,0,0,0,0.4,0,0
,Zinchenko,19,ARS,4.9,0,0,0.0,0.0,0,0,0,0.2,0,0
,Zabarnyi,19,BOU,5.0,0,1,0.01,0.2,0,0,2,0.0,0,0
,Young (Ashley),19,EVE,4.2,1,0,0.09,0.0,0,1,0,1.4,0,0
,Yoro,19,MUN,4.4,0,1,0.0,0.14,0,0,0,1.7,0,0
,Yarmolyuk,19,BRE,5.0,0,0,0.02,0.0,0,0,0,0.1,0,0
,Woolfenden,19,IPS,3.9,0,0,0.0,0.0,0,0,0,1.2,0,0
,Wood (Chris),19,NFO,7.2,0,3,0.08,0.32,0,1,0,6.5,0,0
,Wood (Nathan),19,SOU,3.9,0,0,0.0,0.0,0,0,2,1.0,0,0
,Wissa,19,BRE,7.4,0,2,0.01,0.18,0,1,0,0.5,0,0
,Winterburn,19,BOU,4.5,0,0,0.0,0.0,0,0,0,0.0,0,0
,Winks,19,LEI,4.3,0,0,0.01,0.0,0,0,0,4.7,0,0
,Wilson (Harry),19,FUL,5.2,0,4,0.01,0.36,0,0,0,0.3,0,0
,Willock,19,NEW,5.0,0,0,0.0,0.0,0,0,0,0.1,0,0
,Williams (Neco),19,NFO,4.7,0,1,0.01,0.22,0,0,0,3.5,0,0
,Werner,19,TOT,6.2,0,0,0.04,0.0,0,1,0,0.1,0,0
,Watkins,19,AVL,8.5,0,6,0.15,1.07,0,4,0,6.6,0,0
,Ward-Prowse,19,WHU,5.7,0,0,0.0,0.0,0,0,0,0.2,0,0
,Wan-Bissaka,19,WHU,4.3,0,1,0.02,0.15,0,2,0,5.8,0,0
,Walton,19,IPS,4.3,0,0,0.0,0.0,0,1,0,0.2,4,0
,Walker-Peters,19,SOU,4.3,0,0,0.14,0.0,0,1,0,0.3,0,0
,Walker,19,MCI,4.4,0,0,0.0,0.0,0,0,0,1.6,0,0
,Vestergaard,19,LEI,3.9,0,1,0.01,0.03,0,0,0,1.5,0,0
,Verbruggen,19,BHA,4.4,0,0,0.0,0.0,0,0,0,4.1,3,0
,Bernardo Silva,19,MCI,6.3,0,0,0.07,0.0,0,1,0,0.5,0,0
,Vardy,19,LEI,5.4,0,4,0.51,0.74,0,2,0,5.2,0,0
,Unal,19,BOU,5.4,0,0,0.03,0.0,0,0,0,0.0,0,0
,Ugochukwu,19,SOU,5.0,0,0,0.01,0.0,0,1,0,0.1,0,0
,Destiny Udogie,19,TOT,4.4,0,0,0.03,0.0,0,1,0,0.4,0,0
,Tsimikas,19,LIV,4.8,0,0,0.0,0.0,0,0,0,0.1,0,0
,Trossard,19,ARS,6.9,0,0,0.0,0.0,0,0,0,0.5,0,0
,Trippier,19,NEW,5.0,2,0,0.04,0.0,0,1,0,2.7,0,0
,Traoré (Adama),19,FUL,5.2,0,0,0.0,0.0,0,0,0,0.2,0,0
,Amad Diallo,19,MUN,6.3,0,2,0.01,0.1,0,0,0,1.3,0,0
,Torres,19,AVL,4.3,0,1,0.0,0.0,0,0,0,0.3,0,0
,Tonali,19,NEW,5.4,0,2,0.18,0.58,0,0,0,1.3,0,0
,Lucas Paquetá,19,WHU,5.9,0,1,0.05,0.06,0,1,0,2.5,0,0
,Toffolo,19,NFO,4.2,0,0,0.0,0.0,0,0,0,0.1,0,0
,Todibo,19,WHU,4.3,0,0,0.0,0.0,0,0,0,0.1,0,0
,Jurriën Timber,19,ARS,6.1,0,0,0.11,0.0,0,1,0,25.1,0,0
,Tielemans,19,AVL,5.9,4,2,0.05,0.1,0,0,2,0.6,0,0
,Diogo Jota,19,LIV,7.2,0,2,0.04,0.47,0,0,0,2.6,0,0
,Taylor (Jack),19,IPS,4.8,0,0,0.0,0.0,0,0,0,0.0,0,0
,Tarkowski,19,EVE,5.5,0,0,0.13,0.0,0,0,0,6.3,0,0
,Szmodics,19,IPS,5.7,0,0,0.0,0.0,0,0,0,0.1,0,0
,Summerville,19,WHU,5.5,0,1,0.01,0.01,0,0,0,0.1,0,0
,Sulemana,19,SOU,5.0,0,0,0.0,0.0,0,0,0,0.0,0,0
,Strand Larsen,19,WOL,6.4,0,1,0.0,0.22,0,0,0,1.3,0,0
,Stolarczyk,19,LEI,4.0,0,0,0.0,0.0,0,0,0,0.5,3,0
,Soumaré,19,LEI,4.4,0,0,0.02,0.0,0,0,0,0.3,0,0
,Sosa,19,NFO,5.5,0,3,0.0,0.23,0,0,0,0.1,0,0
,Son,19,TOT,8.5,1,2,0.02,0.86,0,1,0,0.1,0,0
,Soler (Carlos),19,WHU,5.0,1,0,0.02,0.0,0,0,0,0.0,0,0
,Solanke,19,TOT,7.2,0,3,0.02,0.16,0,1,0,0.9,0,0
,Smith-Rowe,19,FUL,5.6,0,0,0.0,0.0,0,0,0,0.4,0,0
,João Félix,19,CHE,5.9,0,4,0.09,0.39,0,1,0,0.4,0,0
,Semenyo,19,BOU,8.1,0,2,0.03,0.27,1,1,0,64.4,0,0
,Semedo,19,WOL,4.5,0,0,0.01,0.0,0,1,0,0.6,0,0
,Sels,19,NFO,4.8,0,0,0.0,0.0,0,0,0,8.3,2,0
,Schär,19,NEW,5.4,0,1,0.02,0.02,0,1,0,1.9,0,0
,Schade,19,BRE,7.0,0,0,0.0,0.0,0,0,0,0.7,0,0
,Ismaila Sarr,19,CRY,6.6,0,3,0.6,0.35,0,4,0,11.6,0,0
,Sarr (Pape),19,TOT,4.9,0,1,0.0,0.41,0,0,0,1.7,0,0
,Diego Carlos,19,AVL,4.5,0,0,0.0,0.0,0,0,0,0.3,0,0
,Matheus Cunha,19,WOL,7.9,0,3,0.04,0.1,0,0,0,4.4,0,0
,Sancho,19,MUN,5.8,0,1,0.07,0.02,0,1,0,0.2,0,0
,Saliba,19,ARS,6.0,0,0,0.08,0.0,0,0,0,11.6,0,0
,Salah,19,LIV,14.2,0,7,0.28,1.78,2,4,0,24.9,0,0
,Rutter,19,BHA,5.7,0,1,0.01,0.11,0,1,0,0.5,0,0
,Rogers,19,AVL,6.8,0,2,0.17,0.12,0,1,0,4.8,0,0
,Roerslev,19,BRE,4.5,0,0,0.01,0.0,0,0,0,0.0,0,0
,Morato,19,NFO,4.4,0,0,0.0,0.0,0,0,2,0.1,0,0
,Robinson (Antonee),19,FUL,4.9,0,0,0.22,0.0,0,3,0,0.5,0,0
,Robertson,19,LIV,5.8,1,1,0.06,0.03,0,0,0,0.9,0,0
,Richards (Chris),19,CRY,4.5,0,0,0.0,0.0,0,0,0,3.2,0,0
,Rice,19,ARS,6.8,0,0,0.0,0.0,0,0,0,16.4,0,0
,Reguilón,19,TOT,4.1,0,0,0.03,0.0,0,1,0,0.2,0,0
,Raya Martin,19,ARS,5.8,0,0,0.0,0.0,0,0,0,31.3,1,0
,Ramsey (Jacob),19,AVL,5.3,0,0,0.01,0.0,0,0,0,0.2,0,0
,Alisson,19,LIV,5.4,0,0,0.0,0.0,0,0,0,5.8,1,0
,Ramsdale,19,SOU,4.8,0,0,0.01,0.0,0,0,0,0.6,8,0
,Quansah,19,LIV,3.9,0,0,0.01,0.0,0,0,0,1.0,0,0
,Porro,19,TOT,5.5,2,0,0.17,0.0,1,2,0,18.4,0,0
,Pickford,19,EVE,5.5,0,0,0.01,0.0,0,0,0,9.7,5,0
,Phillips (Kalvin),19,IPS,4.8,0,0,0.0,0.0,0,0,0,0.1,0,0
,Pereira,19,FUL,5.3,1,0,0.04,0.0,1,2,0,0.1,0,0
,Patterson (Nathan),19,EVE,4.4,0,0,0.18,0.0,0,1,0,0.0,0,0
,Partey,19,ARS,4.9,0,2,0.06,0.08,0,0,2,0.7,0,0
,Emerson,19,WHU,4.4,1,0,0.01,0.0,0,0,0,0.1,0,0
,Palmer (Cole),19,CHE,10.3,3,4,0.53,0.21,0,4,0,9.2,0,0
,O’Riley,19,BHA,5.5,1,2,0.07,0.19,0,0,0,0.4,0,0
,Dango Ouattara,19,BOU,6.0,0,1,0.29,0.25,0,1,0,0.5,0,0
,Ortega Moreno,19,MCI,4.8,0,0,0.0,0.0,0,0,0,0.2,3,0
,Paul Onuachu,19,SOU,4.9,0,1,0.0,0.02,0,1,0,0.3,0,0
,Onana,19,MUN,4.9,0,0,0.0,0.0,0,0,0,0.2,2,0
,Okoli,19,LEI,4.0,0,0,0.0,0.0,0,0,0,0.4,0,0
,Odegaard,19,ARS,7.8,0,1,0.16,0.03,0,1,0,1.4,0,0
,O'Shea,19,IPS,3.8,0,1,0.0,0.05,0,0,0,1.2,0,0
,Nwaneri,19,ARS,5.2,2,1,0.11,0.06,0,2,0,0.1,0,0
,Norgaard,19,BRE,5.2,0,0,0.01,0.0,0,0,0,0.1,0,0
,Nkunku,19,CHE,5.9,0,1,0.11,0.72,0,2,0,0.1,0,0
,Eddie Nketiah,19,CRY,5.4,0,0,0.0,0.0,0,0,0,0.4,0,0
,Neto,19,CHE,7.1,0,1,0.0,0.02,0,0,0,5.9,0,0
,Ndiaye,19,EVE,6.5,1,2,0.04,0.21,0,0,0,11.1,0,0
,Mykolenko,19,EVE,4.9,0,0,0.18,0.0,0,3,0,0.4,0,0
,Mvom Onana,19,AVL,4.8,0,0,0.0,0.0,0,0,0,0.6,0,0
,Muñoz,19,CRY,5.7,0,3,0.09,0.51,0,1,0,15.3,0,0
,Murphy (Jacob),19,NEW,6.1,0,0,0.08,0.0,0,1,0,1.1,0,0
,Rodrigo Muniz,19,FUL,5.4,0,0,0.01,0.0,0,0,0,1.0,0,0
,Morsy,19,IPS,4.8,0,0,0.01,0.0,0,0,2,0.1,0,0
,Savinho,19,MCI,6.9,0,2,0.45,0.21,1,2,0,0.5,0,0
,Moder,19,BHA,4.4,0,0,0.53,0.0,0,2,0,0.4,0,0
,Mitoma,19,BHA,6.2,0,0,0.05,0.0,0,1,0,2.3,0,0
,Mitchell,19,CRY,5.0,0,0,0.6,0.0,0,2,0,2.2,0,0
,Minteh,19,BHA,6.0,0,1,0.01,0.05,0,0,0,4.4,0,0
,Mings,19,AVL,4.4,0,1,0.02,0.05,0,1,0,0.9,0,0
,Milenkovic,19,NFO,5.2,0,0,0.0,0.0,0,0,0,4.0,0,0
,Merino,19,ARS,5.9,0,2,0.1,0.56,0,0,2,0.5,0,0
,Mcatee,19,MCI,5.2,0,1,0.0,0.03,0,0,0,0.1,0,0
,McGinn,19,AVL,5.4,3,0,0.07,0.0,0,1,0,0.6,0,0
,Mbeumo,19,BRE,8.3,4,2,0.03,0.07,0,1,0,28.5,0,1
,Mazraoui,19,MUN,4.9,0,1,0.01,0.02,0,1,0,0.2,0,0
,Mavropanos,19,WHU,4.4,0,0,0.01,0.0,0,0,2,0.1,0,0
,Mavididi,19,LEI,5.0,0,1,0.45,0.03,0,2,0,0.3,0,0
,Mateta,19,CRY,7.9,0,2,0.12,0.31,0,1,0,23.0,0,0
,Martínez,19,MUN,4.8,0,0,0.15,0.0,0,1,0,0.1,0,0
,Martinez,19,AVL,5.0,0,0,0.0,0.0,0,0,0,2.0,3,0
,Martinelli,19,ARS,6.9,1,4,0.33,0.39,0,4,0,1.0,0,0
,Manning,19,SOU,4.3,0,0,0.0,0.0,0,0,0,0.1,0,0
,Mangala,19,EVE,5.0,0,1,0.04,0.17,0,0,0,0.0,0,0
,José Sá,19,WOL,4.4,0,0,0.0,0.0,0,0,0,1.2,1,0
,Mainoo,19,MUN,4.8,0,1,0.2,0.16,0,1,2,0.5,0,0
,Maguire,19,MUN,4.4,0,1,0.01,0.06,0,1,0,0.8,0,0
,Maghoma,19,BRE,4.5,0,0,0.0,0.0,0,0,0,0.0,0,0
,Madueke,19,CHE,6.8,1,3,0.07,0.19,0,1,0,0.6,0,0
,Maddison,19,TOT,6.9,0,1,0.01,0.05,0,0,0,0.1,0,0
,Mac Allister,19,LIV,6.3,4,0,0.49,0.0,0,3,2,1.2,0,0
,Maatsen,19,AVL,4.3,0,0,0.0,0.0,0,0,0,0.4,0,0
,Lukic,19,FUL,5.0,0,1,0.02,0.02,0,0,2,0.1,0,0
,Livramento,19,NEW,4.9,0,0,0.01,0.0,0,0,0,3.1,0,0
,Luis Guilherme,19,WHU,4.9,0,1,0.01,0.03,0,0,0,0.0,0,0
,Lindstrom,19,EVE,5.0,2,2,0.06,0.07,0,1,0,0.1,0,0
,Lewis-Skelly,19,ARS,5.2,0,0,0.0,0.0,0,0,0,1.7,0,0
,Lewis-Potter,19,BRE,4.9,0,1,0.4,0.07,0,0,0,0.3,0,0
,Lewis (Rico),19,MCI,4.9,0,0,0.02,0.0,0,1,0,1.7,0,0
,Lerma,19,CRY,4.9,0,2,0.08,0.14,0,0,2,0.1,0,0
,Leno,19,FUL,5.0,0,0,0.0,0.0,0,0,0,1.6,6,0
,Lamptey,19,BHA,4.4,0,1,0.01,0.15,0,0,0,0.1,0,0
,Lallana,19,SOU,5.0,0,0,0.0,0.0,0,0,0,0.0,0,0
,Lacroix,19,CRY,5.0,0,1,0.01,0.04,0,0,2,3.7,0,0
,Kulusevski,19,TOT,6.4,2,1,0.33,0.42,1,4,0,0.0,0,0
,Kudus,19,WHU,6.7,0,2,0.05,0.08,0,2,0,30.1,0,0
,Kristiansen,19,LEI,4.4,0,0,0.17,0.0,0,0,0,0.1,0,0
,Kovacic,19,MCI,5.9,0,2,0.03,0.06,0,2,2,0.0,0,0
,Konsa Ngoyo,19,AVL,4.4,0,0,0.01,0.0,0,1,0,8.6,0,0
,King (Joshua),19,FUL,4.5,0,0,0.0,0.0,0,0,0,4.0,0,0
,Kim Ji-Soo,19,BRE,3.9,0,0,0.0,0.0,0,0,0,0.1,0,0
,Kilman,19,WHU,4.3,0,0,0.0,0.0,0,0,0,0.2,0,0
,Kerkez,19,BOU,5.7,0,0,0.06,0.0,0,0,0,3.6,0,0
,Kamara,19,AVL,4.9,0,1,0.04,0.03,0,2,2,0.2,0,0
,Kamada,19,CRY,5.0,1,1,0.01,0.04,0,0,0,0.2,0,0
,Jørgensen,19,CHE,4.4,0,0,0.0,0.0,0,0,0,0.2,4,0
,Justin,19,LEI,4.0,0,3,0.0,0.42,0,0,0,0.2,0,0
,João Pedro,19,BHA,7.4,0,3,0.12,0.18,1,3,0,45.5,0,0
,Jones,19,LIV,5.4,0,2,0.05,0.23,0,2,0,0.1,0,0
,Johnson (Ben),19,IPS,3.8,0,0,0.0,0.0,0,0,0,1.9,0,0
,Johnson (Brennan),19,TOT,6.7,0,1,0.02,0.15,0,0,0,3.1,0,0
,Raúl Jiménez,19,FUL,6.2,0,3,0.0,0.36,0,0,0,0.8,0,0
,Jensen,19,BRE,4.9,0,0,0.01,0.0,0,0,0,0.1,0,0
,Janelt,19,BRE,4.9,0,0,0.02,0.0,0,0,0,0.0,0,0
,Jackson (Nicolas),19,CHE,6.5,0,1,0.01,0.02,0,1,0,0.1,0,0
,Iwobi,19,FUL,6.5,0,2,0.25,0.33,0,3,0,1.7,0,0
,Isak,19,NEW,10.4,0,3,0.06,0.83,0,2,0,5.1,0,0
,Irving,19,WHU,4.4,0,0,0.01,0.0,0,0,0,0.3,0,0
,Højlund,19,MUN,6.3,0,1,0.02,0.16,0,1,0,0.3,0,0
,Hwang Hee-Chan,19,WOL,5.8,0,1,0.01,0.06,0,0,0,0.1,0,1
,Hutchinson,19,IPS,5.4,0,1,0.08,0.13,0,2,0,0.0,0,0
,Huijsen,19,BOU,4.5,0,2,0.04,0.25,0,1,0,5.0,0,0
,Hughes,19,CRY,4.8,4,0,0.29,0.0,1,1,0,0.1,0,0
,Hill (James),19,BOU,4.0,0,0,0.15,0.0,1,2,0,0.8,0,0
,Henderson,19,CRY,5.0,0,0,0.01,0.0,0,0,0,7.6,2,0
,Harwood-Bellis,19,SOU,3.9,0,1,0.02,0.02,0,0,0,4.1,0,0
,Harrison (Jack),19,EVE,5.2,0,0,0.01,0.0,0,1,0,0.1,0,0
,Lewis Hall,19,NEW,5.2,1,3,0.01,0.06,0,0,0,0.8,0,0
,Haaland,19,MCI,14.8,0,6,0.13,0.87,0,2,0,69.7,0,0
,Gvardiol,19,MCI,5.9,0,0,0.04,0.0,0,0,0,5.4,0,0
,Gusto,19,CHE,4.9,0,0,0.0,0.0,0,0,0,1.0,0,0
,Bruno Guimarães,19,NEW,6.6,0,0,0.05,0.0,0,1,0,3.7,0,0
,Gueye,19,EVE,5.4,0,0,0.01,0.0,0,0,0,0.1,0,0
,Gruda,19,BHA,5.4,1,0,0.06,0.0,0,2,0,0.1,0,0
,Greaves,19,IPS,3.8,0,0,0.0,0.0,0,0,0,2.3,0,0
,Gray (Archie),19,TOT,4.8,0,0,0.01,0.0,0,0,0,0.1,0,0
,Gravenberch,19,LIV,5.6,0,0,0.05,0.0,0,3,0,4.0,0,0
,Gordon (Anthony),19,NEW,7.5,0,1,0.31,0.15,0,3,0,3.1,0,0
,Gomez,19,LIV,4.9,0,0,0.0,0.0,0,0,0,0.1,0,0
,João Gomes,19,WOL,5.4,0,0,0.03,0.0,0,0,2,0.1,0,0
,Beto,19,EVE,5.2,1,1,0.0,0.04,0,0,0,3.3,0,0
,Rodrigo Gomes,19,WOL,4.5,0,0,0.01,0.0,0,1,0,0.1,0,0
,Gibbs-White,19,NFO,7.3,0,2,0.53,0.3,0,1,0,2.9,0,0
,Garnacho,19,MUN,6.4,0,0,0.0,0.0,0,0,0,0.4,0,0
,Gonçalo Guedes,19,WOL,5.5,1,1,0.03,0.01,0,1,0,0.0,0,0
,Gakpo,19,LIV,7.6,0,2,0.34,0.21,0,2,0,14.1,0,0
,Füllkrug,19,WHU,5.6,0,0,0.0,0.0,0,1,0,0.7,0,0
,Jorginho,19,ARS,4.6,0,0,0.0,0.0,0,0,0,0.2,0,0
,Casemiro,19,MUN,5.5,0,2,0.05,0.11,0,0,2,0.6,0,0
,Forster,19,TOT,4.3,0,0,0.0,0.0,0,0,0,0.3,1,0
,Foden,19,MCI,8.0,1,1,0.4,0.02,0,1,0,4.3,0,0
,Flekken,19,BRE,4.5,0,0,0.0,0.0,0,0,0,10.0,1,0
,Jota Silva,19,NFO,5.4,1,0,0.0,0.0,0,1,0,0.0,0,0
,Fernández,19,CHE,6.7,3,2,0.68,0.25,0,5,0,14.3,0,0
,Eze,19,CRY,7.6,3,6,0.08,0.39,0,1,0,14.2,0,0
,Mateus Fernandes,19,SOU,5.5,5,1,0.1,0.13,0,0,2,0.0,0,0
,Eriksen,19,MUN,5.2,2,0,0.1,0.0,0,1,2,0.2,0,0
,Endo,19,LIV,4.9,0,0,0.02,0.0,0,0,0,0.1,0,0
,Enciso,19,IPS,5.4,0,1,0.0,0.03,0,0,0,0.0,0,0
,Elliott,19,LIV,5.4,0,0,0.0,0.0,0,0,0,0.3,0,0
,Elanga,19,NFO,6.7,3,1,0.13,0.34,0,3,0,3.7,0,0
,El Khannouss,19,LEI,4.8,2,1,0.07,0.02,0,2,0,0.2,0,0
,Díaz,19,LIV,8.0,0,5,0.07,0.33,0,2,0,0.0,0,0
,Dunk,19,BHA,4.5,0,0,0.01,0.0,0,0,2,1.2,0,0
,Dubravka,19,NEW,4.0,0,0,0.0,0.0,0,0,0,34.4,0,0
,Dragusin,19,TOT,4.5,0,1,0.0,0.05,0,0,0,0.0,0,0
,Doyle (Tommy),19,WOL,4.7,1,0,0.07,0.0,0,1,0,0.0,0,0
,Doucouré,19,EVE,5.1,0,1,0.04,0.05,0,2,0,0.5,0,0
,Doucoure,19,CRY,4.9,0,0,0.0,0.0,0,0,0,0.0,0,0
,Nicolás Domínguez,19,NFO,5.0,0,0,0.0,0.0,0,0,2,0.0,0,0
,Doherty,19,WOL,4.4,0,1,0.01,0.14,0,0,0,0.1,0,0
,Disasi,19,AVL,4.2,0,1,0.05,0.04,0,2,0,0.4,0,0
,Diop,19,FUL,4.4,0,0,0.01,0.0,0,0,0,0.1,0,0
,Digne,19,AVL,4.5,3,0,0.14,0.0,0,2,0,1.6,0,0
,Dibling,19,SOU,5.4,2,2,0.02,0.64,0,0,0,0.0,0,0
,Delap,19,IPS,6.2,0,5,0.08,0.99,0,1,0,0.9,0,0
,De Bruyne,19,MCI,9.5,3,2,0.14,0.08,0,1,0,11.6,0,0
,Dawson,19,WOL,4.2,0,1,0.0,0.04,0,0,0,0.1,0,0
,Davis,19,IPS,4.2,1,0,0.07,0.0,0,0,0,0.9,0,0
,Damsgaard,19,BRE,5.8,0,0,0.01,0.0,0,1,0,0.6,0,0
,Dalot,19,MUN,4.4,0,0,0.08,0.0,0,2,0,1.0,0,0
,Daka,19,LEI,4.8,0,0,0.0,0.0,0,0,0,0.5,0,0
,Cucurella,19,CHE,6.1,0,1,0.18,0.07,0,0,0,21.8,0,0
,Coufal,19,WHU,4.1,0,0,0.01,0.0,0,0,0,0.4,0,0
,Cook,19,BOU,4.9,5,1,0.49,0.04,0,4,0,0.0,0,0
,Colwill,19,CHE,4.8,0,0,0.13,0.0,0,2,0,0.1,0,0
,Collins,19,BRE,4.9,0,0,0.01,0.0,0,0,2,1.1,0,0
,Coady,19,LEI,4.0,0,0,0.29,0.0,0,0,0,0.5,0,0
,Christie,19,BOU,5.0,0,1,0.03,0.06,0,1,0,0.1,0,0
,Choudhury,19,LEI,4.4,0,0,0.0,0.0,0,0,0,1.0,0,0
,Chalobah,19,CHE,5.1,0,1,0.01,0.24,0,0,2,7.6,0,0
,Castagne,19,FUL,4.4,0,1,0.07,0.04,0,1,0,0.1,0,0
,Calvert-Lewin,19,EVE,5.5,0,2,0.03,0.14,0,1,0,1.4,0,0
,Calafiori,19,ARS,5.8,0,1,0.1,0.02,0,1,0,16.0,0,0
,Cajuste,19,IPS,4.5,0,0,0.0,0.0,0,0,0,0.1,0,0
,Cairney,19,FUL,4.9,0,0,0.02,0.0,0,0,0,0.0,0,0
,Moises Caicedo,19,CHE,6.0,0,1,0.08,0.09,0,0,2,19.8,0,0
,Burns,19,IPS,4.7,0,0,0.0,0.0,0,0,2,0.0,0,0
,Burn,19,NEW,5.2,0,0,0.01,0.0,0,0,2,10.7,0,0
,Buonanotte,19,LEI,4.7,2,1,0.19,0.06,0,1,0,0.1,0,0
,Bueno (Santiago),19,WOL,4.4,0,1,0.0,0.02,0,0,0,0.1,0,0
,Brooks,19,BOU,5.0,0,3,0.01,0.43,0,1,0,0.2,0,0
,Broja,19,EVE,5.3,0,3,0.01,0.07,0,0,0,0.1,0,0
,Broadhead,19,IPS,4.9,3,2,0.01,0.41,0,1,0,0.0,0,0
,Bree,19,SOU,3.9,0,1,0.09,0.04,0,2,0,0.3,0,0
,Branthwaite,19,EVE,5.3,0,1,0.1,0.13,0,1,0,0.2,0,0
,Bowen,19,WHU,7.7,0,1,0.16,0.02,0,0,0,7.6,0,0
,Carlos Borges,19,WOL,5.4,0,1,0.01,0.04,0,0,0,0.0,0,0
,Boly,19,NFO,3.9,0,0,0.0,0.0,0,0,0,0.5,0,0
,Bissouma,19,TOT,5.2,0,1,0.0,0.05,0,0,0,0.0,0,0
,Billing,19,BOU,4.9,2,2,0.05,0.21,0,1,0,0.0,0,0
,Bentancur,19,TOT,5.3,0,2,0.18,0.1,0,0,2,0.4,0,0
,Bellegarde,19,WOL,5.2,0,0,0.0,0.0,0,0,0,0.0,0,0
,Bednarek,19,SOU,4.0,0,0,0.0,0.0,0,0,2,1.9,0,0
,Bassey,19,FUL,4.5,0,0,0.01,0.0,0,0,2,0.6,0,0
,Barnes,19,NEW,6.3,0,0,0.0,0.0,0,0,0,0.4,0,0
,Barkley,19,AVL,4.8,0,0,0.01,0.0,0,1,0,0.0,0,0
,Baleba,19,BHA,4.7,0,2,0.01,0.06,0,0,2,2.1,0,0
,Bailey,19,AVL,5.5,2,7,0.35,0.41,0,3,0,0.1,0,0
,Ayari,19,BHA,4.9,1,0,0.01,0.0,0,1,2,0.3,0,0
,Awoniyi,19,NFO,5.2,0,1,0.0,0.15,0,0,0,0.4,0,0
,Kepa,19,BOU,4.2,0,0,0.0,0.0,0,0,0,0.5,4,0
,Armstrong (Adam),19,SOU,5.1,0,1,0.01,0.11,1,1,0,0.5,0,0
,Aribo,19,SOU,4.9,0,0,0.01,0.0,0,0,0,0.1,0,0
,Areola,19,WHU,4.3,0,0,0.0,0.0,0,0,0,2.1,8,0
,Archer,19,SOU,4.8,0,0,0.0,0.0,0,0,0,1.1,0,0
,Joelinton,19,NEW,5.9,0,2,0.03,0.28,0,1,0,0.3,0,0
,Anderson,19,NFO,5.3,0,0,0.01,0.0,0,1,2,3.0,0,0
,Andersen,19,FUL,4.5,0,0,0.0,0.0,0,0,2,2.8,0,0
,Alves,19,LEI,4.4,0,0,0.0,0.0,0,0,0,0.1,0,0
,Alexander-Arnold,19,LIV,7.2,1,1,0.11,0.02,0,3,0,16.7,0,1
,Ali Al Hamadi,19,IPS,4.7,0,0,0.0,0.0,0,0,0,0.2,0,0
,Aké,19,MCI,5.3,0,0,0.01,0.0,0,0,0,0.6,0,0
,Akanji,19,MCI,5.4,0,0,0.02,0.0,0,0,0,0.3,0,0
,Ait Nouri,19,WOL,5.8,3,1,0.22,0.09,1,3,0,4.9,0,0
,Aina,19,NFO,4.7,0,0,0.0,0.0,0,0,0,2.5,0,0
,Adingra,19,BHA,5.1,0,1,0.0,0.31,0,0,2,0.5,0,1
,Tosin,19,CHE,4.3,0,0,0.02,0.0,0,0,0,0.4,0,0
,Aarons,19,BOU,4.3,0,0,0.0,0.0,0,0,0,0.1,0,0
,Álvarez (Edson),20,WHU,4.9,0,0,0.03,0.0,0,2,0,0.1,0,0
,van den Berg,20,BRE,4.5,0,0,0.0,0.0,0,0,0,0.6,0,0
,van Hecke,20,BHA,4.4,0,0,0.02,0.0,0,1,0,1.3,0,0
,van Dijk,20,LIV,6.0,0,2,0.01,0.3,0,1,0,23.6,0,0
,Igor Julio,20,BHA,4.5,0,0,0.01,0.0,0,0,0,0.1,0,0
,Gabriel Magalhães,20,ARS,6.6,0,0,0.01,0.0,0,0,0,41.0,0,0
,Evanilson,20,BOU,7.0,0,3,0.17,0.17,0,2,0,1.4,0,0
,de Ligt,20,MUN,5.0,0,1,0.01,0.13,0,0,0,3.0,0,0
,Jesus,20,ARS,6.4,0,2,0.13,0.46,0,2,0,0.0,0,0
,Zirkzee,20,MUN,5.8,0,0,0.34,0.0,0,1,0,0.4,0,0
,Zabarnyi,20,BOU,5.0,0,1,0.0,0.05,0,1,0,0.0,0,0
,Young (Ashley),20,EVE,4.2,3,0,0.02,0.0,0,0,0,1.4,0,0
,Yoro,20,MUN,4.4,0,0,0.0,0.0,0,0,0,1.7,0,0
,Yates,20,NFO,4.7,0,0,0.0,0.0,0,0,0,0.1,0,0
,Yarmolyuk,20,BRE,5.0,0,1,0.02,0.08,0,0,0,0.1,0,0
,Woolfenden,20,IPS,3.9,0,0,0.0,0.0,0,0,2,1.2,0,0
,Wood (Chris),20,NFO,7.2,0,2,0.01,0.35,0,0,0,6.5,0,0
,Wood (Nathan),20,SOU,3.9,0,0,0.01,0.0,0,0,0,1.0,0,0
,Wissa,20,BRE,7.4,0,8,0.11,1.38,1,1,0,0.5,0,0
,Winks,20,LEI,4.3,0,0,0.03,0.0,0,0,0,4.7,0,0
,Wilson (Harry),20,FUL,5.2,5,3,0.16,0.14,0,4,0,0.3,0,0
,Willock,20,NEW,5.0,0,1,0.01,0.03,0,1,0,0.1,0,0
,Williams (Neco),20,NFO,4.7,0,0,0.01,0.0,0,0,0,3.5,0,0
,Werner,20,TOT,6.2,2,0,0.01,0.0,0,0,0,0.1,0,0
,Webster,20,BHA,4.4,0,1,0.01,0.02,0,0,0,0.0,0,0
,Watkins,20,AVL,8.5,0,2,0.07,0.45,0,1,0,6.6,0,0
,Ward-Prowse,20,WHU,5.7,0,0,0.4,0.0,1,1,0,0.2,0,0
,Wan-Bissaka,20,WHU,4.3,0,1,0.02,0.02,0,0,0,5.8,0,0
,Walton,20,IPS,4.3,0,0,0.0,0.0,0,0,0,0.2,2,0
,Walker-Peters,20,SOU,4.3,0,3,0.04,0.1,0,0,0,0.3,0,0
,Walker,20,MCI,4.4,0,0,0.01,0.0,0,0,0,1.6,0,0
,Vestergaard,20,LEI,3.9,0,0,0.0,0.0,0,0,0,1.5,0,0
,Verbruggen,20,BHA,4.4,0,0,0.0,0.0,0,0,0,4.1,2,0
,Veltman,20,BHA,4.3,0,0,0.0,0.0,0,1,0,0.1,0,0
,Bernardo Silva,20,MCI,6.3,1,1,0.05,0.17,0,0,0,0.5,0,0
,Vardy,20,LEI,5.4,0,1,0.0,0.15,0,0,0,5.2,0,0
,Unal,20,BOU,5.4,0,1,0.01,0.05,0,0,0,0.0,0,0
,Ugochukwu,20,SOU,5.0,0,0,0.01,0.0,0,0,2,0.1,0,0
,Ugarte,20,MUN,4.8,0,0,0.01,0.0,0,0,0,0.1,0,0
,Trossard,20,ARS,6.9,0,3,0.07,0.09,0,0,0,0.5,0,0
,Travers,20,BOU,4.4,0,0,0.0,0.0,0,0,0,0.1,0,0
,Traoré (Adama),20,FUL,5.2,0,0,0.03,0.0,0,2,0,0.2,0,0
,Amad Diallo,20,MUN,6.3,0,2,0.23,0.15,0,0,0,1.3,0,0
,Tonali,20,NEW,5.4,0,2,0.31,0.19,0,0,0,1.3,0,0
,Lucas Paquetá,20,WHU,5.9,0,3,0.61,0.12,0,2,2,2.5,0,0
,Todibo,20,WHU,4.3,0,0,0.0,0.0,0,0,0,0.1,0,0
,Tielemans,20,AVL,5.9,4,2,0.01,0.08,0,0,0,0.6,0,0
,Thomas,20,LEI,3.9,0,0,0.02,0.0,0,0,0,1.4,0,0
,Diogo Jota,20,LIV,7.2,0,2,0.0,0.26,0,0,0,2.6,0,0
,Taylor (Charlie),20,SOU,3.9,0,0,0.01,0.0,0,0,0,3.0,0,0
,Taylor (Jack),20,IPS,4.8,0,0,0.0,0.0,0,0,0,0.0,0,0
,Tarkowski,20,EVE,5.5,0,0,0.0,0.0,0,0,0,6.3,0,0
,Szmodics,20,IPS,5.7,1,2,0.0,0.28,0,0,0,0.1,0,0
,Summerville,20,WHU,5.5,0,2,0.02,0.1,0,3,0,0.1,0,0
,Sulemana,20,SOU,5.0,0,1,0.11,0.01,0,1,0,0.0,0,0
,Sugawara,20,SOU,4.2,2,0,0.0,0.0,0,0,0,0.1,0,0
,Strand Larsen,20,WOL,6.4,0,3,0.01,1.04,0,2,0,1.3,0,0
,Stolarczyk,20,LEI,4.0,0,0,0.0,0.0,0,0,0,0.5,3,0
,Spence,20,TOT,4.5,0,0,0.01,0.0,0,0,0,1.6,0,0
,Soumaré,20,LEI,4.4,0,0,0.01,0.0,0,0,0,0.3,0,0
,Soucek,20,WHU,5.7,0,3,0.06,0.39,1,1,0,0.2,0,0
,Son,20,TOT,8.5,2,0,0.06,0.0,0,1,0,0.1,0,0
,Solanke,20,TOT,7.2,0,4,0.12,0.46,0,0,0,0.9,0,0
,Smith-Rowe,20,FUL,5.6,0,1,0.03,0.12,0,0,0,0.4,0,0
,Semenyo,20,BOU,8.1,0,4,0.24,0.5,0,1,0,64.4,0,0
,Sels,20,NFO,4.8,0,0,0.0,0.0,0,0,0,8.3,5,0
,Schade,20,BRE,7.0,0,2,0.02,0.52,0,1,0,0.7,0,0
,Ismaila Sarr,20,CRY,6.6,0,0,0.11,0.0,0,2,0,11.6,0,0
,Sarr (Pape),20,TOT,4.9,0,2,0.01,0.08,0,1,0,1.7,0,0
,Sarabia,20,WOL,5.0,1,0,0.04,0.0,0,0,0,0.1,0,0
,Murillo,20,NFO,5.3,0,1,0.01,0.04,0,0,2,2.0,0,0
,Sancho,20,MUN,5.8,0,1,0.1,0.03,1,2,0,0.2,0,0
,Sanchez,20,CHE,4.8,0,0,0.0,0.0,0,0,0,13.5,6,0
,Saliba,20,ARS,6.0,0,0,0.01,0.0,0,0,0,11.6,0,0
,Salah,20,LIV,14.2,0,4,0.38,1.0,0,2,0,24.9,0,0
,Rutter,20,BHA,5.7,0,0,0.0,0.0,0,0,0,0.5,0,0
,Roerslev,20,BRE,4.5,0,1,0.02,0.07,0,0,0,0.0,0,0
,Morato,20,NFO,4.4,0,0,0.0,0.0,0,0,0,0.1,0,0
,Robinson (Antonee),20,FUL,4.9,0,0,0.05,0.0,0,1,0,0.5,0,0
,Robertson,20,LIV,5.8,3,0,0.08,0.0,0,2,0,0.9,0,0
,Richards (Chris),20,CRY,4.5,0,1,0.0,0.06,0,0,0,3.2,0,0
,Rice,20,ARS,6.8,3,1,0.42,0.04,0,4,0,16.4,0,0
,Reguilón,20,TOT,4.1,1,1,0.2,0.07,0,0,0,0.2,0,0
,Raya Martin,20,ARS,5.8,0,0,0.0,0.0,0,0,0,31.3,3,0
,Ramsey (Jacob),20,AVL,5.3,0,0,0.28,0.0,0,1,0,0.2,0,0
,Alisson,20,LIV,5.4,0,0,0.0,0.0,0,0,0,5.8,2,0
,Ramsdale,20,SOU,4.8,0,0,0.0,0.0,0,0,0,0.6,5,0
,Porro,20,TOT,5.5,1,2,0.25,0.06,1,2,0,18.4,0,0
,Pickford,20,EVE,5.5,0,0,0.02,0.0,0,0,0,9.7,7,0
,Phillips (Kalvin),20,IPS,4.8,0,0,0.0,0.0,0,0,0,0.1,0,0
,Pereira,20,FUL,5.3,2,0,0.01,0.0,0,0,0,0.1,0,0
,Patterson (Nathan),20,EVE,4.4,0,1,0.01,0.07,0,0,0,0.0,0,0
,Partey,20,ARS,4.9,0,1,0.03,0.09,0,0,0,0.7,0,0
,Palmer (Cole),20,CHE,10.3,4,2,0.41,0.19,0,5,0,9.2,0,0
,O’Riley,20,BHA,5.5,2,1,0.09,0.01,0,1,0,0.4,0,0
,Dango Ouattara,20,BOU,6.0,0,4,0.07,0.44,0,1,0,0.5,0,0
,Ortega Moreno,20,MCI,4.8,0,0,0.0,0.0,0,0,0,0.2,3,0
,Paul Onuachu,20,SOU,4.9,0,1,0.01,0.12,0,0,0,0.3,0,0
,Onana,20,MUN,4.9,0,0,0.0,0.0,0,0,0,0.2,4,0
,Okoli,20,LEI,4.0,0,0,0.06,0.0,0,0,0,0.4,0,0
,Odegaard,20,ARS,7.8,0,0,0.02,0.0,0,0,0,1.4,0,0
,O'Shea,20,IPS,3.8,0,0,0.0,0.0,0,0,2,1.2,0,0
,Núñez,20,LIV,6.5,0,0,0.0,0.0,0,0,0,0.1,0,0
,Nwaneri,20,ARS,5.2,2,1,0.02,0.07,0,0,0,0.1,0,1
,Norgaard,20,BRE,5.2,0,1,0.02,0.34,0,1,0,0.1,0,0
,Eddie Nketiah,20,CRY,5.4,0,0,0.0,0.0,0,0,0,0.4,0,0
,Neto,20,CHE,7.1,0,4,0.08,0.24,0,2,0,5.9,0,0
,Ndiaye,20,EVE,6.5,0,0,0.03,0.0,0,2,0,11.1,0,0
,Mykolenko,20,EVE,4.9,0,1,0.03,0.02,0,0,2,0.4,0,0
,Muñoz,20,CRY,5.7,0,0,0.24,0.0,0,4,0,15.3,0,0
,Murphy (Jacob),20,NEW,6.1,0,0,0.28,0.0,1,3,0,1.1,0,0
,Rodrigo Muniz,20,FUL,5.4,0,1,0.0,0.02,0,0,0,1.0,0,0
,Morsy,20,IPS,4.8,0,0,0.02,0.0,0,0,0,0.1,0,0
,Savinho,20,MCI,6.9,0,2,0.68,0.06,2,3,0,0.5,0,0
,Mitoma,20,BHA,6.2,0,0,0.12,0.0,0,0,0,2.3,0,0
,Mitchell,20,CRY,5.0,0,0,0.01,0.0,0,1,0,2.2,0,0
,Minteh,20,BHA,6.0,0,1,0.04,0.11,0,1,0,4.4,0,0
,Mings,20,AVL,4.4,0,0,0.03,0.0,0,0,0,0.9,0,0
,Milenkovic,20,NFO,5.2,0,1,0.0,0.09,0,0,0,4.0,0,0
,Merino,20,ARS,5.9,0,1,0.05,0.12,1,2,0,0.5,0,0
,Mcatee,20,MCI,5.2,0,0,0.0,0.0,0,0,0,0.1,0,0
,McGinn,20,AVL,5.4,0,0,0.03,0.0,0,0,0,0.6,0,0
,Mbeumo,20,BRE,8.3,2,4,0.48,1.28,1,5,0,28.5,0,0
,Mazraoui,20,MUN,4.9,0,1,0.01,0.04,0,0,0,0.2,0,0
,Mavropanos,20,WHU,4.4,0,0,0.0,0.0,0,0,0,0.1,0,0
,Mavididi,20,LEI,5.0,0,2,0.01,0.23,0,0,0,0.3,0,0
,Mateta,20,CRY,7.9,0,3,0.0,0.44,0,0,0,23.0,0,0
,Martínez,20,MUN,4.8,0,1,0.11,0.08,0,1,2,0.1,0,0
,Martinez,20,AVL,5.0,0,0,0.0,0.0,0,0,0,2.0,1,0
,Martinelli,20,ARS,6.9,0,0,0.01,0.0,0,0,0,1.0,0,0
,Mangala,20,EVE,5.0,0,1,0.02,0.02,0,2,0,0.0,0,0
,José Sá,20,WOL,4.4,0,0,0.0,0.0,0,0,0,1.2,0,0
,Mainoo,20,MUN,4.8,0,1,0.0,0.12,0,0,0,0.5,0,0
,Maguire,20,MUN,4.4,0,1,0.01,0.31,0,1,2,0.8,0,0
,Maghoma,20,BRE,4.5,0,0,0.02,0.0,0,0,0,0.0,0,0
,Madueke,20,CHE,6.8,0,0,0.0,0.0,0,0,0,0.6,0,0
,Maddison,20,TOT,6.9,0,1,0.04,0.03,0,0,0,0.1,0,0
,Mac Allister,20,LIV,6.3,1,4,0.24,0.43,0,2,0,1.2,0,0
,Maatsen,20,AVL,4.3,0,0,0.42,0.0,1,1,0,0.4,0,0
,Lukic,20,FUL,5.0,2,1,0.05,0.01,0,0,0,0.1,0,0
,Longstaff (Sean),20,NEW,4.9,0,0,0.0,0.0,0,0,0,1.1,0,0
,Livramento,20,NEW,4.9,0,0,0.02,0.0,0,0,2,3.1,0,0
,Luis Guilherme,20,WHU,4.9,1,0,0.08,0.0,0,1,0,0.0,0,0
,Lindstrom,20,EVE,5.0,0,2,0.02,0.1,0,0,0,0.1,0,0
,Lewis-Potter,20,BRE,4.9,0,2,0.37,0.75,0,2,0,0.3,0,0
,Lewis (Rico),20,MCI,4.9,0,1,0.03,0.06,0,0,0,1.7,0,0
,Lerma,20,CRY,4.9,0,2,0.02,0.05,0,0,0,0.1,0,0
,Leno,20,FUL,5.0,0,0,0.0,0.0,0,0,0,1.6,1,0
,Lemina (Mario),20,WOL,4.8,0,0,0.04,0.0,0,0,0,0.1,0,0
,Lallana,20,SOU,5.0,0,0,0.0,0.0,0,0,0,0.0,0,0
,Lacroix,20,CRY,5.0,0,1,0.0,0.04,0,0,0,3.7,0,0
,Kulusevski,20,TOT,6.4,1,1,0.19,0.03,0,4,0,0.0,0,0
,Kudus,20,WHU,6.7,0,5,0.04,0.24,0,1,0,30.1,0,0
,Kovacic,20,MCI,5.9,0,0,0.01,0.0,0,1,0,0.0,0,0
,Konsa Ngoyo,20,AVL,4.4,0,0,0.01,0.0,0,0,0,8.6,0,0
,Konaté,20,LIV,5.4,0,0,0.02,0.0,0,0,2,2.7,0,0
,Kluivert,20,BOU,7.0,0,1,0.06,0.36,0,0,0,1.0,0,0
,Kilman,20,WHU,4.3,0,0,0.0,0.0,0,0,0,0.2,0,0
,Kerkez,20,BOU,5.7,0,0,0.14,0.0,0,3,0,3.6,0,0
,Kelly,20,NEW,4.2,0,0,0.0,0.0,0,0,0,0.1,0,0
,Kamara,20,AVL,4.9,0,0,0.05,0.0,0,2,0,0.2,0,0
,Kamada,20,CRY,5.0,0,1,0.0,0.01,0,0,0,0.2,0,0
,Justin,20,LEI,4.0,0,0,0.0,0.0,0,0,0,0.2,0,0
,João Pedro,20,BHA,7.4,0,1,0.03,0.79,0,0,0,45.5,0,0
,Jones,20,LIV,5.4,0,0,0.02,0.0,0,0,0,0.1,0,0
,Johnson (Ben),20,IPS,3.8,0,1,0.0,0.28,0,0,2,1.9,0,0
,Johnson (Brennan),20,TOT,6.7,0,2,0.04,0.21,0,1,0,3.1,0,0
,Raúl Jiménez,20,FUL,6.2,0,6,0.01,1.86,0,0,0,0.8,0,0
,Jensen,20,BRE,4.9,0,0,0.3,0.0,0,1,0,0.1,0,0
,Janelt,20,BRE,4.9,0,0,0.01,0.0,0,0,0,0.0,0,0
,Jackson (Nicolas),20,CHE,6.5,0,4,0.03,0.45,0,0,0,0.1,0,0
,Iwobi,20,FUL,6.5,0,2,0.31,0.08,0,2,0,1.7,0,0
,Isak,20,NEW,10.4,0,2,0.02,1.41,0,1,0,5.1,0,0
,Ings,20,WHU,4.8,0,0,0.0,0.0,0,0,0,1.2,0,0
,Højlund,20,MUN,6.3,0,1,0.0,0.11,0,0,0,0.3,0,0
,Hwang Hee-Chan,20,WOL,5.8,0,2,0.09,0.17,0,0,0,0.1,0,0
,Huijsen,20,BOU,4.5,0,1,0.24,0.08,0,1,2,5.0,0,0
,Hudson-Odoi,20,NFO,5.8,0,1,0.41,0.3,1,2,0,0.8,0,0
,Hill (James),20,BOU,4.0,0,1,0.04,0.01,0,0,0,0.8,0,0
,Henderson,20,CRY,5.0,0,0,0.0,0.0,0,0,0,7.6,0,0
,Harwood-Bellis,20,SOU,3.9,0,1,0.04,0.02,0,0,0,4.1,0,0
,Lewis Hall,20,NEW,5.2,5,0,0.1,0.0,0,2,0,0.8,0,0
,Haaland,20,MCI,14.8,0,2,0.07,0.95,0,1,0,69.7,0,0
,Gvardiol,20,MCI,5.9,0,0,0.02,0.0,0,0,0,5.4,0,0
,Gusto,20,CHE,4.9,0,0,0.1,0.0,0,2,0,1.0,0,0
,Gundogan,20,MCI,6.3,0,0,0.01,0.0,0,0,0,0.1,0,0
,Guiu,20,CHE,4.2,0,0,0.0,0.0,0,0,0,6.9,0,0
,Bruno Guimarães,20,NEW,6.6,1,0,0.08,0.0,1,3,0,3.7,0,0
,Gueye,20,EVE,5.4,0,1,0.02,0.03,0,0,2,0.1,0,0
,Marc Guehi,20,CRY,5.0,0,0,0.0,0.0,0,0,0,34.1,0,0
,Gruda,20,BHA,5.4,0,1,0.02,0.16,0,0,0,0.1,0,0
,Greaves,20,IPS,3.8,0,0,0.0,0.0,0,0,2,2.3,0,0
,Grealish,20,MCI,6.9,0,1,0.01,0.04,0,0,0,17.6,0,0
,Gray (Archie),20,TOT,4.8,0,0,0.0,0.0,0,0,0,0.1,0,0
,Gravenberch,20,LIV,5.6,0,2,0.31,0.07,0,2,0,4.0,0,0
,Gordon (Anthony),20,NEW,7.5,4,5,0.05,0.62,0,2,0,3.1,0,0
,João Gomes,20,WOL,5.4,0,0,0.28,0.0,0,1,2,0.1,0,0
,Beto,20,EVE,5.2,0,0,0.0,0.0,0,0,0,3.3,0,0
,Rodrigo Gomes,20,WOL,4.5,0,1,0.22,0.03,0,1,0,0.1,0,0
,Gibbs-White,20,NFO,7.3,0,1,0.08,0.15,0,0,0,2.9,0,0
,Garnacho,20,MUN,6.4,0,1,0.01,0.03,0,1,0,0.4,0,0
,Gonçalo Guedes,20,WOL,5.5,0,2,0.07,0.1,0,1,0,0.0,0,0
,Gakpo,20,LIV,7.6,0,2,0.01,0.5,0,0,0,14.1,0,1
,Füllkrug,20,WHU,5.6,0,2,0.09,0.46,0,3,0,0.7,0,0
,Jorginho,20,ARS,4.6,0,0,0.16,0.0,0,1,0,0.2,0,0
,Foden,20,MCI,8.0,1,2,0.03,0.61,0,2,0,4.3,0,0
,Flekken,20,BRE,4.5,0,0,0.0,0.0,0,0,0,10.0,1,0
,Jota Silva,20,NFO,5.4,0,0,0.11,0.0,0,1,0,0.0,0,0
,Fernández,20,CHE,6.7,2,2,0.04,0.08,0,0,0,14.3,0,0
,Faes,20,LEI,3.8,0,0,0.0,0.0,0,0,0,5.2,0,0
,Eze,20,CRY,7.6,6,4,0.09,0.46,1,3,0,14.2,0,0
,Estupiñán,20,BHA,4.5,0,1,0.01,0.01,0,0,0,0.0,0,0
,Elliott,20,LIV,5.4,0,0,0.0,0.0,0,1,0,0.3,0,0
,Elanga,20,NFO,6.7,1,0,0.23,0.0,0,4,0,3.7,0,0
,El Khannouss,20,LEI,4.8,0,1,0.04,0.05,0,1,0,0.2,0,0
,Díaz,20,LIV,8.0,0,1,0.01,0.16,0,1,0,0.0,0,0
,Dubravka,20,NEW,4.0,0,0,0.0,0.0,0,0,0,34.4,3,0
,Dragusin,20,TOT,4.5,0,0,0.0,0.0,0,0,0,0.0,0,0
,Doyle (Tommy),20,WOL,4.7,0,0,0.02,0.0,0,0,0,0.0,0,0
,Doucouré,20,EVE,5.1,0,1,0.03,0.06,0,1,0,0.5,0,0
,Doucoure,20,CRY,4.9,0,1,0.01,0.02,0,0,0,0.0,0,0
,Nicolás Domínguez,20,NFO,5.0,0,1,0.02,0.02,0,0,0,0.0,0,0
,Doherty,20,WOL,4.4,0,0,0.06,0.0,0,2,0,0.1,0,0
,Diop,20,FUL,4.4,0,0,0.0,0.0,0,0,0,0.1,0,0
,Digne,20,AVL,4.5,2,1,0.03,0.02,0,0,0,1.6,0,0
,Dibling,20,SOU,5.4,0,2,0.03,0.04,0,0,0,0.0,0,0
,Delap,20,IPS,6.2,0,1,0.0,0.79,0,1,0,0.9,0,0
,DeCordova-Reid,20,LEI,5.2,0,0,0.0,0.0,0,0,0,0.1,0,0
,De Bruyne,20,MCI,9.5,5,1,0.21,0.03,1,2,0,11.6,0,0
,Davis,20,IPS,4.2,1,1,0.07,0.1,0,2,0,0.9,0,0
,Damsgaard,20,BRE,5.8,0,1,0.21,0.04,1,5,0,0.6,0,0
,Dalot,20,MUN,4.4,0,2,0.17,0.04,0,0,0,1.0,0,0
,Daka,20,LEI,4.8,0,0,0.01,0.0,0,0,0,0.5,0,0
,Cucurella,20,CHE,6.1,0,0,0.03,0.0,0,0,0,21.8,0,0
,Coufal,20,WHU,4.1,0,1,0.16,0.05,0,2,0,0.4,0,0
,Cook,20,BOU,4.9,4,0,0.09,0.0,0,3,2,0.0,0,0
,Colwill,20,CHE,4.8,0,0,0.02,0.0,0,0,2,0.1,0,0
,Collins,20,BRE,4.9,0,0,0.01,0.0,0,0,0,1.1,0,0
,Coady,20,LEI,4.0,0,0,0.0,0.0,0,0,0,0.5,0,0
,Clarke (Jack),20,IPS,5.4,0,1,0.0,0.07,0,0,0,0.0,0,0
,Christie,20,BOU,5.0,5,1,0.12,0.04,0,2,2,0.1,0,0
,Castagne,20,FUL,4.4,0,0,0.02,0.0,0,0,0,0.1,0,0
,Cash,20,AVL,4.6,0,1,0.12,0.04,0,2,0,5.2,0,0
,Pedro Lima,20,WOL,4.0,0,0,0.08,0.0,0,2,0,0.5,0,0
,Calvert-Lewin,20,EVE,5.5,0,0,0.01,0.0,0,0,0,1.4,0,0
,Calafiori,20,ARS,5.8,0,0,0.01,0.0,0,0,0,16.0,0,0
,Cajuste,20,IPS,4.5,0,0,0.01,0.0,0,0,0,0.1,0,0
,Cairney,20,FUL,4.9,0,1,0.18,0.01,0,1,0,0.0,0,0
,Moises Caicedo,20,CHE,6.0,0,1,0.04,0.05,0,2,2,19.8,0,0
,Burns,20,IPS,4.7,0,0,0.0,0.0,0,0,0,0.0,0,0
,Burn,20,NEW,5.2,0,1,0.01,0.01,0,0,0,10.7,0,0
,Buonanotte,20,LEI,4.7,1,0,0.0,0.0,0,0,0,0.1,0,0
,Bueno (Santiago),20,WOL,4.4,0,3,0.03,0.15,0,0,0,0.1,0,0
,Buendía,20,AVL,5.3,0,3,0.0,0.54,0,0,0,0.2,0,0
,Brooks,20,BOU,5.0,0,2,0.05,0.15,0,0,0,0.2,0,0
,Broja,20,EVE,5.3,0,1,0.01,0.04,0,0,0,0.1,0,0
,Broadhead,20,IPS,4.9,0,1,0.72,0.08,0,1,0,0.0,0,0
,Bree,20,SOU,3.9,0,0,0.12,0.0,0,1,0,0.3,0,0
,Branthwaite,20,EVE,5.3,0,0,0.01,0.0,0,0,2,0.2,0,0
,Bradley,20,LIV,5.0,0,1,0.0,0.05,0,0,0,0.2,0,0
,Botman,20,NEW,4.9,0,1,0.0,0.03,0,0,2,0.7,0,0
,Bruno Fernandes,20,MUN,8.9,9,2,0.29,0.06,0,4,2,16.3,0,0
,Carlos Borges,20,WOL,5.4,0,0,0.0,0.0,0,0,0,0.0,0,0
,Bissouma,20,TOT,5.2,0,0,0.01,0.0,0,0,0,0.0,0,0
,Billing,20,BOU,4.9,0,0,0.0,0.0,0,0,0,0.0,0,0
,Bergvall,20,TOT,5.4,2,0,0.03,0.0,0,0,2,0.4,0,0
,Bellegarde,20,WOL,5.2,0,2,0.02,0.1,0,0,0,0.0,0,0
,Bednarek,20,SOU,4.0,0,0,0.02,0.0,0,0,2,1.9,0,0
,Bassey,20,FUL,4.5,0,0,0.03,0.0,0,0,0,0.6,0,0
,Barnes,20,NEW,6.3,0,1,0.05,0.19,0,0,0,0.4,0,0
,Barkley,20,AVL,4.8,0,2,0.02,0.15,0,0,2,0.0,0,1
,Baleba,20,BHA,4.7,0,1,0.01,0.04,0,0,0,2.1,0,0
,Bailey,20,AVL,5.5,0,2,0.02,0.27,0,0,0,0.1,0,0
,Ayew,20,LEI,5.1,1,0,0.18,0.0,0,1,0,0.2,0,0
,Ayari,20,BHA,4.9,0,1,0.01,0.04,0,1,2,0.3,0,0
,Awoniyi,20,NFO,5.2,0,2,0.0,1.05,0,0,0,0.4,0,0
,Austin,20,TOT,3.9,0,0,0.0,0.0,0,0,0,0.3,2,0
,Armstrong (Adam),20,SOU,5.1,0,0,0.0,0.0,0,1,0,0.5,0,0
,Armstrong (Harrison),20,EVE,4.5,0,1,0.0,0.37,0,1,0,0.1,0,0
,Aribo,20,SOU,4.9,0,0,0.04,0.0,0,4,0,0.1,0,0
,Areola,20,WHU,4.3,0,0,0.0,0.0,0,0,0,2.1,4,0
,Archer,20,SOU,4.8,0,0,0.01,0.0,0,0,0,1.1,0,0
,Joelinton,20,NEW,5.9,0,1,0.02,0.04,0,0,2,0.3,0,0
,Anderson,20,NFO,5.3,2,2,0.01,0.13,0,0,2,3.0,0,0
,Andersen,20,FUL,4.5,0,0,0.02,0.0,0,0,0,2.8,0,0
,Alexander-Arnold,20,LIV,7.2,2,1,0.1,0.06,0,1,0,16.7,0,0
,Ali Al Hamadi,20,IPS,4.7,0,0,0.0,0.0,0,0,0,0.2,0,0
,Aké,20,MCI,5.3,0,0,0.0,0.0,0,0,0,0.6,0,0
,Akanji,20,MCI,5.4,0,0,0.01,0.0,0,0,0,0.3,0,0
,Ait Nouri,20,WOL,5.8,4,0,0.02,0.0,0,0,0,4.9,0,0
,Aina,20,NFO,4.7,0,0,0.01,0.0,0,0,0,2.5,0,0
,Adingra,20,BHA,5.1,0,3,0.2,0.34,0,1,0,0.5,0,0
,Adams (Tyler),20,BOU,5.0,0,0,0.01,0.0,0,0,0,0.4,0,0
,Acheampong,20,CHE,3.9,0,1,0.01,0.21,0,0,0,2.2,0,0
,Álvarez (Edson),21,WHU,4.9,0,0,0.0,0.0,0,0,2,0.1,0,0
,van den Berg,21,BRE,4.5,0,1,0.01,0.08,0,1,0,0.6,0,0
,van Hecke,21,BHA,4.4,0,1,0.09,0.13,0,1,0,1.3,0,0
,van Dijk,21,LIV,6.0,0,0,0.03,0.0,0,1,0,23.6,0,0
,Gabriel Magalhães,21,ARS,6.6,0,1,0.01,0.03,0,0,0,41.0,0,0
,Antony,21,MUN,5.9,0,2,0.07,0.77,0,1,0,0.1,0,0
,de Ligt,21,MUN,5.0,0,1,0.01,0.04,0,0,2,3.0,0,0
,Richarlison,21,TOT,6.5,0,0,0.09,0.0,0,1,0,8.5,0,0
,André,21,WOL,5.4,0,0,0.05,0.0,0,2,2,0.1,0,0
,Zirkzee,21,MUN,5.8,0,1,0.02,0.03,0,2,0,0.4,0,0
,Zinchenko,21,ARS,4.9,0,0,0.0,0.0,0,0,0,0.2,0,0
,Zabarnyi,21,BOU,5.0,0,1,0.0,0.02,0,0,2,0.0,0,0
,Young (Ashley),21,EVE,4.2,7,0,0.05,0.0,0,1,0,1.4,0,0
,Yoro,21,MUN,4.4,0,0,0.01,0.0,0,0,0,1.7,0,0
,Yates,21,NFO,4.7,0,0,0.0,0.0,0,0,0,0.1,0,0
,Yarmolyuk,21,BRE,5.0,0,0,0.01,0.0,0,0,0,0.1,0,0
,Woolfenden,21,IPS,3.9,0,0,0.0,0.0,0,0,0,1.2,0,0
,Wood (Chris),21,NFO,7.2,0,1,0.0,0.16,0,0,0,6.5,0,0
,Wood (Nathan),21,SOU,3.9,0,0,0.0,0.0,0,0,0,1.0,0,0
,Wissa,21,BRE,7.4,0,5,0.01,1.63,0,1,0,0.5,0,0
,Winks,21,LEI,4.3,0,1,0.04,0.02,0,0,2,4.7,0,0
,Wilson (Harry),21,FUL,5.2,0,4,0.07,0.26,0,3,0,0.3,0,0
,Willock,21,NEW,5.0,0,0,0.0,0.0,0,0,0,0.1,0,0
,Williams (Neco),21,NFO,4.7,0,0,0.0,0.0,0,0,2,3.5,0,0
,Welbeck,21,BHA,6.5,0,0,0.0,0.0,0,0,0,7.9,0,0
,Webster,21,BHA,4.4,0,0,0.01,0.0,0,0,0,0.0,0,0
,Watkins,21,AVL,8.5,0,2,0.05,0.46,0,1,0,6.6,0,0
,Wan-Bissaka,21,WHU,4.3,0,0,0.12,0.0,1,1,0,5.8,0,0
,Walton,21,IPS,4.3,0,0,0.0,0.0,0,0,0,0.2,3,0
,Walker-Peters,21,SOU,4.3,0,0,0.02,0.0,0,2,2,0.3,0,0
,Vestergaard,21,LEI,3.9,0,0,0.01,0.0,0,0,0,1.5,0,0
,Verbruggen,21,BHA,4.4,0,0,0.0,0.0,0,0,0,4.1,3,0
,Veltman,21,BHA,4.3,0,0,0.04,0.0,0,0,0,0.1,0,0
,Bernardo Silva,21,MCI,6.3,0,0,0.04,0.0,0,1,0,0.5,0,0
,Vardy,21,LEI,5.4,0,6,0.02,0.99,0,1,0,5.2,0,0
,Ugochukwu,21,SOU,5.0,0,0,0.02,0.0,0,0,2,0.1,0,0
,Ugarte,21,MUN,4.8,0,0,0.02,0.0,0,0,0,0.1,0,0
,Tsimikas,21,LIV,4.8,4,0,0.25,0.0,1,1,0,0.1,0,0
,Trossard,21,ARS,6.9,0,3,0.03,0.27,0,1,0,0.5,0,1
,Trippier,21,NEW,5.0,0,0,0.0,0.0,0,0,0,2.7,0,0
,Travers,21,BOU,4.4,0,0,0.0,0.0,0,0,0,0.1,8,0
,Traoré (Adama),21,FUL,5.2,0,2,0.07,0.21,0,1,0,0.2,0,0
,Amad Diallo,21,MUN,6.3,3,6,0.61,1.39,0,3,0,1.3,0,0
,Tonali,21,NEW,5.4,0,1,0.06,0.06,0,3,2,1.3,0,0
,Lucas Paquetá,21,WHU,5.9,0,2,0.01,0.58,0,0,0,2.5,0,0
,Jurriën Timber,21,ARS,6.1,0,0,0.04,0.0,0,0,0,25.1,0,0
,Tierney,21,ARS,4.3,0,0,0.23,0.0,0,1,0,0.1,0,0
,Tielemans,21,AVL,5.9,4,1,0.04,0.22,0,3,2,0.6,0,0
,Diogo Jota,21,LIV,7.2,0,4,0.03,0.91,0,0,0,2.6,0,0
,Taylor (Jack),21,IPS,4.8,0,0,0.0,0.0,0,0,0,0.0,0,0
,Tarkowski,21,EVE,5.5,0,0,0.03,0.0,0,1,2,6.3,0,0
,Szoboszlai,21,LIV,6.5,0,3,0.15,0.3,0,3,2,4.2,0,0
,Sulemana,21,SOU,5.0,0,4,0.01,0.4,0,0,0,0.0,0,0
,Sugawara,21,SOU,4.2,1,0,0.04,0.0,0,1,0,0.1,0,0
,Strand Larsen,21,WOL,6.4,0,2,0.01,0.52,0,2,0,1.3,0,0
,Stolarczyk,21,LEI,4.0,0,0,0.0,0.0,0,0,0,0.5,2,0
,Sterling,21,ARS,6.7,0,2,0.03,0.13,0,0,0,0.8,0,0
,Spence,21,TOT,4.5,0,0,0.0,0.0,0,0,0,1.6,0,0
,Soumaré,21,LEI,4.4,0,2,0.1,0.11,0,0,0,0.3,0,0
,Soucek,21,WHU,5.7,0,1,0.0,0.31,0,0,0,0.2,0,0
,Son,21,TOT,8.5,0,2,0.02,0.1,0,0,0,0.1,0,0
,Soler (Carlos),21,WHU,5.0,0,1,0.03,0.07,0,0,0,0.0,0,0
,Solanke,21,TOT,7.2,0,3,0.0,0.25,0,0,0,0.9,0,0
,Smith-Rowe,21,FUL,5.6,0,2,0.02,0.11,0,0,0,0.4,0,0
,Smallbone,21,SOU,5.0,0,0,0.0,0.0,0,0,0,0.0,0,0
,Skipp,21,LEI,4.7,0,0,0.01,0.0,0,1,0,0.0,0,0
,João Félix,21,CHE,5.9,0,1,0.0,0.06,0,0,0,0.4,0,0
,Semenyo,21,BOU,8.1,0,1,0.02,0.03,0,0,0,64.4,0,0
,Semedo,21,WOL,4.5,0,1,0.06,0.02,0,2,0,0.6,0,0
,Sels,21,NFO,4.8,0,0,0.02,0.0,0,0,0,8.3,5,0
,Schade,21,BRE,7.0,0,1,0.13,0.03,0,1,0,0.7,0,0
,Scarles,21,WHU,4.4,0,0,0.0,0.0,0,0,0,0.0,0,0
,Ismaila Sarr,21,CRY,6.6,0,1,0.52,0.09,1,2,0,11.6,0,0
,Sarr (Pape),21,TOT,4.9,0,0,0.0,0.0,0,0,0,1.7,0,0
,Sarabia,21,WOL,5.0,0,2,0.01,0.37,0,0,0,0.1,0,0
,Matheus Cunha,21,WOL,7.9,2,4,0.07,0.3,0,2,0,4.4,0,0
,Murillo,21,NFO,5.3,0,2,0.01,0.03,0,0,2,2.0,0,0
,Sancho,21,MUN,5.8,0,2,0.05,0.09,0,2,0,0.2,0,0
,Sanchez,21,CHE,4.8,0,0,0.0,0.0,0,0,0,13.5,1,0
,Saliba,21,ARS,6.0,0,0,0.02,0.0,0,0,0,11.6,0,0
,Salah,21,LIV,14.2,0,6,0.34,0.47,0,4,0,24.9,0,0
,Rutter,21,BHA,5.7,0,2,0.19,0.17,0,2,0,0.5,0,0
,Rogers,21,AVL,6.8,0,2,0.06,0.07,1,1,0,4.8,0,0
,Roerslev,21,BRE,4.5,0,2,0.58,0.09,1,2,0,0.0,0,0
,Rodríguez,21,WHU,4.8,0,0,0.0,0.0,0,0,0,0.0,0,0
,Morato,21,NFO,4.4,0,0,0.0,0.0,0,0,0,0.1,0,0
,Robinson (Antonee),21,FUL,4.9,0,1,0.15,0.04,0,5,0,0.5,0,0
,Robertson,21,LIV,5.8,4,0,0.1,0.0,0,0,0,0.9,0,0
,Richards (Chris),21,CRY,4.5,0,0,0.01,0.0,0,0,0,3.2,0,0
,Rice,21,ARS,6.8,5,1,0.17,0.13,0,1,0,16.4,0,0
,Raya Martin,21,ARS,5.8,0,0,0.0,0.0,0,0,0,31.3,1,0
,Ramsey (Jacob),21,AVL,5.3,0,2,0.01,0.32,0,0,0,0.2,0,0
,Alisson,21,LIV,5.4,0,0,0.0,0.0,0,0,0,5.8,2,0
,Ramsdale,21,SOU,4.8,0,0,0.0,0.0,0,0,0,0.6,6,0
,Porro,21,TOT,5.5,2,2,0.05,0.03,0,1,0,18.4,0,0
,Pickford,21,EVE,5.5,0,0,0.01,0.0,0,0,0,9.7,2,0
,Phillips (Kalvin),21,IPS,4.8,0,0,0.0,0.0,0,0,2,0.1,0,0
,Pereira,21,FUL,5.3,3,2,0.02,0.15,0,0,0,0.1,0,0
,Partey,21,ARS,4.9,0,1,0.11,0.07,0,1,0,0.7,0,0
,Emerson,21,WHU,4.4,0,0,0.0,0.0,0,0,0,0.1,0,0
,Palmer (Cole),21,CHE,10.3,3,4,0.5,0.69,0,3,0,9.2,0,0
,O’Riley,21,BHA,5.5,3,0,0.18,0.0,0,2,0,0.4,0,0
,Dango Ouattara,21,BOU,6.0,0,0,0.08,0.0,0,0,0,0.5,0,0
,Osula,21,NEW,5.5,0,0,0.0,0.0,0,0,0,0.3,0,0
,Ortega Moreno,21,MCI,4.8,0,0,0.0,0.0,0,0,0,0.2,3,0
,Paul Onuachu,21,SOU,4.9,0,0,0.0,0.0,0,0,0,0.3,0,0
,Onana,21,MUN,4.9,0,0,0.0,0.0,0,0,0,0.2,5,0
,Odegaard,21,ARS,7.8,5,2,0.57,0.38,0,4,0,1.4,0,0
,O'Shea,21,IPS,3.8,0,0,0.0,0.0,0,0,2,1.2,0,0
,O'Brien,21,EVE,4.9,0,0,0.01,0.0,0,0,0,0.4,0,0
,Matheus Nunes,21,MCI,5.3,0,0,0.29,0.0,0,3,2,0.8,0,0
,Norgaard,21,BRE,5.2,0,1,0.03,0.09,0,0,2,0.1,0,0
,Eddie Nketiah,21,CRY,5.4,0,1,0.0,0.07,0,0,0,0.4,0,0
,Neto,21,CHE,7.1,1,0,0.0,0.0,0,0,0,5.9,0,0
,Ndiaye,21,EVE,6.5,0,0,0.01,0.0,0,0,0,11.1,0,0
,Mykolenko,21,EVE,4.9,0,0,0.07,0.0,0,2,0,0.4,0,0
,Mvom Onana,21,AVL,4.8,0,2,0.02,0.05,0,0,0,0.6,0,0
,Muñoz,21,CRY,5.7,0,0,0.06,0.0,0,2,2,15.3,0,0
,Murphy (Jacob),21,NEW,6.1,1,2,0.16,0.06,0,1,0,1.1,0,0
,Rodrigo Muniz,21,FUL,5.4,0,0,0.0,0.0,0,0,0,1.0,0,0
,Morsy,21,IPS,4.8,0,0,0.0,0.0,0,0,0,0.1,0,0
,Álex Moreno,21,NFO,4.0,0,0,0.0,0.0,0,0,0,2.4,0,0
,Savinho,21,MCI,6.9,0,5,0.1,0.44,0,0,0,0.5,0,0
,Moder,21,BHA,4.4,0,0,0.0,0.0,0,0,0,0.4,0,0
,Mitoma,21,BHA,6.2,0,2,0.05,0.18,0,2,0,2.3,0,0
,Mitchell,21,CRY,5.0,0,2,0.04,0.2,0,1,0,2.2,0,0
,Minteh,21,BHA,6.0,0,1,0.01,0.11,0,0,0,4.4,0,0
,Mings,21,AVL,4.4,0,0,0.0,0.0,0,1,2,0.9,0,0
,Miley (Lewis),21,NEW,4.4,0,0,0.0,0.0,0,0,0,2.1,0,0
,Milenkovic,21,NFO,5.2,0,0,0.0,0.0,0,0,2,4.0,0,0
,Merino,21,ARS,5.9,0,0,0.0,0.0,0,0,0,0.5,0,0
,Mcatee,21,MCI,5.2,0,1,0.01,0.18,0,0,0,0.1,0,0
,McAteer,21,LEI,4.7,0,0,0.11,0.0,0,3,0,0.0,0,0
,Mbeumo,21,BRE,8.3,3,3,0.36,0.31,0,5,0,28.5,0,0
,Mazraoui,21,MUN,4.9,0,0,0.06,0.0,0,3,2,0.2,0,0
,Mavropanos,21,WHU,4.4,0,0,0.0,0.0,0,0,0,0.1,0,0
,Mavididi,21,LEI,5.0,1,2,0.25,0.13,0,3,0,0.3,0,0
,Mateta,21,CRY,7.9,0,2,0.02,1.1,0,1,0,23.0,0,0
,Martínez,21,MUN,4.8,0,0,0.02,0.0,0,1,0,0.1,0,0
,Martinez,21,AVL,5.0,0,0,0.0,0.0,0,0,0,2.0,2,0
,Martinelli,21,ARS,6.9,0,1,0.05,0.04,0,1,0,1.0,0,0
,Mangala,21,EVE,5.0,0,1,0.01,0.1,0,0,0,0.0,0,0
,José Sá,21,WOL,4.4,0,0,0.0,0.0,0,0,0,1.2,2,0
,Mainoo,21,MUN,4.8,0,0,0.0,0.0,0,0,0,0.5,0,0
,Maguire,21,MUN,4.4,0,0,0.0,0.0,0,0,0,0.8,0,0
,Madueke,21,CHE,6.8,0,3,0.32,0.15,0,2,0,0.6,0,0
,Maddison,21,TOT,6.9,1,1,0.01,0.08,0,0,0,0.1,0,0
,Mac Allister,21,LIV,6.3,0,2,0.1,0.04,0,2,0,1.2,0,0
,Lukic,21,FUL,5.0,0,2,0.01,0.4,0,0,2,0.1,0,0
,Livramento,21,NEW,4.9,0,0,0.02,0.0,0,0,2,3.1,0,0
,Lindstrom,21,EVE,5.0,1,1,0.12,0.17,0,1,0,0.1,0,0
,Lewis-Skelly,21,ARS,5.2,0,0,0.01,0.0,0,0,2,1.7,0,0
,Lewis-Potter,21,BRE,4.9,0,0,0.3,0.0,0,1,0,0.3,0,0
,Lerma,21,CRY,4.9,0,0,0.0,0.0,0,0,0,0.1,0,0
,Leno,21,FUL,5.0,0,0,0.0,0.0,0,0,0,1.6,0,0
,Lavia,21,CHE,4.9,0,0,0.01,0.0,0,0,0,0.0,0,0
,Lacroix,21,CRY,5.0,0,0,0.0,0.0,0,0,0,3.7,0,0
,Kulusevski,21,TOT,6.4,1,1,0.05,0.27,0,4,0,0.0,0,0
,Kudus,21,WHU,6.7,0,0,0.01,0.0,0,0,0,30.1,0,0
,Kristiansen,21,LEI,4.4,0,0,0.22,0.0,0,2,0,0.1,0,0
,Kovacic,21,MCI,5.9,0,2,0.06,0.08,0,2,0,0.0,0,0
,Konsa Ngoyo,21,AVL,4.4,0,0,0.01,0.0,0,0,0,8.6,0,0
,Konaté,21,LIV,5.4,0,0,0.01,0.0,0,0,0,2.7,0,0
,Kluivert,21,BOU,7.0,0,4,0.06,1.12,0,0,0,1.0,0,0
,Kinsky,21,TOT,3.9,0,0,0.0,0.0,0,0,0,2.0,3,0
,King (Joshua),21,FUL,4.5,0,1,0.59,0.2,0,1,0,4.0,0,0
,Kilman,21,WHU,4.3,0,0,0.0,0.0,0,0,0,0.2,0,0
,Kerkez,21,BOU,5.7,0,0,0.01,0.0,0,0,0,3.6,0,0
,Kamara,21,AVL,4.9,0,1,0.03,0.03,0,1,0,0.2,0,0
,Kamada,21,CRY,5.0,0,0,0.01,0.0,0,0,0,0.2,0,0
,Justin,21,LEI,4.0,0,2,0.03,0.11,0,2,0,0.2,0,0
,João Pedro,21,BHA,7.4,0,3,0.07,0.16,0,0,0,45.5,0,0
,Jones,21,LIV,5.4,0,0,0.04,0.0,0,0,0,0.1,0,0
,Johnson (Brennan),21,TOT,6.7,0,1,0.01,0.05,0,0,0,3.1,0,0
,Raúl Jiménez,21,FUL,6.2,0,4,0.05,0.55,0,1,0,0.8,0,0
,Jensen,21,BRE,4.9,1,0,0.19,0.0,0,4,0,0.1,0,0
,Jebbison,21,BOU,4.5,0,0,0.1,0.0,0,1,0,1.1,0,0
,Janelt,21,BRE,4.9,0,2,0.01,0.07,0,0,0,0.0,0,0
,James,21,CHE,5.5,1,1,0.1,0.06,0,1,0,7.9,0,0
,Jackson (Nicolas),21,CHE,6.5,0,7,0.31,1.11,1,2,0,0.1,0,0
,Iwobi,21,FUL,6.5,0,3,0.78,0.05,0,5,0,1.7,0,2
,Isak,21,NEW,10.4,0,3,0.2,0.77,1,1,0,5.1,0,1
,Irving,21,WHU,4.4,0,0,0.0,0.0,0,0,0,0.3,0,0
,Ings,21,WHU,4.8,0,0,0.0,0.0,1,1,0,1.2,0,0
,Højlund,21,MUN,6.3,0,1,0.1,0.22,0,2,0,0.3,0,0
,Hwang Hee-Chan,21,WOL,5.8,0,0,0.02,0.0,0,0,0,0.1,0,0
,Hutchinson,21,IPS,5.4,0,2,0.01,0.07,0,0,0,0.0,0,0
,Huijsen,21,BOU,4.5,0,0,0.08,0.0,0,1,2,5.0,0,0
,Hughes,21,CRY,4.8,0,1,0.02,0.08,0,0,0,0.1,0,0
,Hudson-Odoi,21,NFO,5.8,0,2,0.02,0.07,0,0,0,0.8,0,0
,Hirst,21,IPS,5.4,0,0,0.0,0.0,0,0,0,0.1,0,0
,Hill (James),21,BOU,4.0,0,0,0.0,0.0,0,0,0,0.8,0,0
,Henry,21,BRE,4.4,0,0,0.0,0.0,0,0,0,0.1,0,0
,Henderson,21,CRY,5.0,0,0,0.0,0.0,0,0,0,7.6,4,0
,Havertz,21,ARS,7.3,0,3,0.01,0.4,0,0,0,0.3,0,0
,Harwood-Bellis,21,SOU,3.9,0,1,0.01,0.03,0,2,2,4.1,0,0
,Harrison (Jack),21,EVE,5.2,0,0,0.3,0.0,0,1,0,0.1,0,0
,Lewis Hall,21,NEW,5.2,3,2,0.08,0.05,0,1,0,0.8,0,0
,Haaland,21,MCI,14.8,0,4,0.05,0.4,0,1,0,69.7,0,0
,Gvardiol,21,MCI,5.9,0,2,0.06,0.2,0,0,0,5.4,0,0
,Gundogan,21,MCI,6.3,0,0,0.04,0.0,0,1,0,0.1,0,0
,Bruno Guimarães,21,NEW,6.6,0,2,0.61,0.08,1,4,0,3.7,0,0
,Gueye,21,EVE,5.4,0,3,0.02,0.04,0,0,0,0.1,0,0
,Marc Guehi,21,CRY,5.0,0,1,0.01,0.18,0,0,0,34.1,0,0
,Greaves,21,IPS,3.8,0,0,0.01,0.0,0,0,0,2.3,0,0
,Gray (Archie),21,TOT,4.8,0,0,0.0,0.0,0,0,2,0.1,0,0
,Gravenberch,21,LIV,5.6,0,2,0.07,0.08,0,0,2,4.0,0,0
,Gordon (Anthony),21,NEW,7.5,0,4,0.11,0.68,0,1,0,3.1,0,0
,João Gomes,21,WOL,5.4,0,0,0.04,0.0,0,1,2,0.1,0,0
,Beto,21,EVE,5.2,0,0,0.0,0.0,0,0,0,3.3,0,0
,Rodrigo Gomes,21,WOL,4.5,0,0,0.18,0.0,0,2,0,0.1,0,0
,Gibbs-White,21,NFO,7.3,0,0,0.02,0.0,0,1,0,2.9,0,0
,Garnacho,21,MUN,6.4,0,7,0.34,0.53,0,3,0,0.4,0,0
,Gonçalo Guedes,21,WOL,5.5,0,2,0.02,0.34,0,0,0,0.0,0,0
,Gakpo,21,LIV,7.6,0,3,0.52,0.11,0,4,0,14.1,0,0
,Foden,21,MCI,8.0,1,3,0.36,0.55,0,3,0,4.3,0,0
,Flekken,21,BRE,4.5,0,0,0.0,0.0,0,0,0,10.0,6,0
,Jota Silva,21,NFO,5.4,0,0,0.0,0.0,0,0,0,0.0,0,0
,Fernández,21,CHE,6.7,4,2,0.24,0.12,0,7,2,14.3,0,0
,Faes,21,LEI,3.8,0,0,0.16,0.0,0,1,0,5.2,0,0
,Fabianski,21,WHU,4.5,0,0,0.0,0.0,0,0,0,0.0,2,0
,Eze,21,CRY,7.6,1,1,0.12,0.09,1,1,0,14.2,0,0
,Estupiñán,21,BHA,4.5,2,1,0.09,0.05,0,1,0,0.0,0,0
,Mateus Fernandes,21,SOU,5.5,3,3,0.05,0.82,0,1,0,0.0,0,0
,Eriksen,21,MUN,5.2,0,0,0.32,0.0,1,1,0,0.2,0,0
,Elanga,21,NFO,6.7,0,1,0.14,0.05,1,2,0,3.7,0,0
,El Khannouss,21,LEI,4.8,1,2,0.01,0.04,0,1,0,0.2,0,0
,Díaz,21,LIV,8.0,0,1,0.05,0.02,0,2,0,0.0,0,0
,Dunk,21,BHA,4.5,0,0,0.0,0.0,0,0,0,1.2,0,0
,Dubravka,21,NEW,4.0,0,0,0.0,0.0,0,0,0,34.4,7,0
,Dragusin,21,TOT,4.5,0,0,0.0,0.0,0,1,0,0.0,0,0
,Doyle (Tommy),21,WOL,4.7,0,1,0.0,0.01,0,0,0,0.0,0,0
,Downes,21,SOU,4.7,0,0,0.0,0.0,0,0,0,0.0,0,0
,Doucouré,21,EVE,5.1,0,1,0.01,0.19,0,0,0,0.5,0,0
,Doucoure,21,CRY,4.9,0,0,0.02,0.0,0,0,2,0.0,0,0
,Nicolás Domínguez,21,NFO,5.0,0,0,0.0,0.0,0,0,0,0.0,0,0
,Doherty,21,WOL,4.4,0,0,0.02,0.0,0,0,0,0.1,0,0
,Digne,21,AVL,4.5,1,1,0.01,0.07,0,0,0,1.6,0,0
,Dibling,21,SOU,5.4,0,3,0.01,0.19,0,1,0,0.0,0,0
,Devenny,21,CRY,4.4,2,0,0.0,0.0,0,0,0,1.1,0,0
,Delap,21,IPS,6.2,0,1,0.0,0.02,0,1,0,0.9,0,0
,De Bruyne,21,MCI,9.5,4,3,0.42,0.16,1,8,0,11.6,0,0
,Davis,21,IPS,4.2,1,0,0.06,0.0,0,1,0,0.9,0,0
,Damsgaard,21,BRE,5.8,0,2,0.08,0.16,0,2,0,0.6,0,0
,Daka,21,LEI,4.8,0,4,0.01,0.25,0,0,0,0.5,0,0
,Cucurella,21,CHE,6.1,0,3,0.01,0.14,0,1,0,21.8,0,0
,Cresswell,21,WHU,3.9,0,0,0.0,0.0,0,0,0,1.7,0,0
,Cook,21,BOU,4.9,1,0,0.03,0.0,0,1,0,0.0,0,0
,Colwill,21,CHE,4.8,0,1,0.0,0.05,0,1,0,0.1,0,0
,Collyer,21,MUN,4.5,0,0,0.01,0.0,0,0,0,0.0,0,0
,Collins,21,BRE,4.9,0,1,0.01,0.1,0,0,0,1.1,0,0
,Clyne,21,CRY,3.9,0,0,0.0,0.0,0,0,0,0.5,0,0
,Clarke (Jack),21,IPS,5.4,0,0,0.0,0.0,0,0,0,0.0,0,0
,Christie,21,BOU,5.0,1,0,0.01,0.0,0,1,0,0.1,0,0
,Castagne,21,FUL,4.4,0,0,0.01,0.0,0,1,0,0.1,0,0
,Cash,21,AVL,4.6,0,0,0.01,0.0,0,0,0,5.2,0,0
,Calvert-Lewin,21,EVE,5.5,0,3,0.0,0.5,0,0,0,1.4,0,0
,Cajuste,21,IPS,4.5,0,0,0.01,0.0,0,0,0,0.1,0,0
,Cairney,21,FUL,4.9,0,0,0.01,0.0,0,0,0,0.0,0,0
,Moises Caicedo,21,CHE,6.0,0,0,0.01,0.0,0,1,0,19.8,0,0
,Burns,21,IPS,4.7,0,1,0.03,0.14,0,1,0,0.0,0,0
,Burn,21,NEW,5.2,0,1,0.01,0.14,0,0,0,10.7,0,0
,Buonanotte,21,LEI,4.7,0,1,0.25,0.02,0,2,2,0.1,0,0
,Bueno (Santiago),21,WOL,4.4,0,0,0.0,0.0,0,0,2,0.1,0,0
,Buendía,21,AVL,5.3,0,0,0.0,0.0,0,0,0,0.2,0,0
,Brooks,21,BOU,5.0,1,1,0.12,0.02,0,1,0,0.2,0,0
,Broadhead,21,IPS,4.9,0,1,0.0,0.05,0,1,0,0.0,0,0
,Bree,21,SOU,3.9,0,0,0.01,0.0,0,1,0,0.3,0,0
,Branthwaite,21,EVE,5.3,0,1,0.0,0.14,0,0,0,0.2,0,0
,Botman,21,NEW,4.9,0,0,0.01,0.0,0,0,0,0.7,0,0
,Bruno Fernandes,21,MUN,8.9,1,5,0.22,0.44,0,2,0,16.3,0,0
,Bissouma,21,TOT,5.2,0,0,0.0,0.0,0,0,0,0.0,0,0
,Bergvall,21,TOT,5.4,0,0,0.01,0.0,0,1,2,0.4,0,0
,Bellegarde,21,WOL,5.2,0,1,0.08,0.07,0,1,0,0.0,0,0
,Bednarek,21,SOU,4.0,0,0,0.0,0.0,0,0,2,1.9,0,0
,Bassey,21,FUL,4.5,0,0,0.01,0.0,0,0,0,0.6,0,0
,Baleba,21,BHA,4.7,0,0,0.03,0.0,0,1,0,2.1,0,0
,Ayew,21,LEI,5.1,2,1,0.14,0.03,0,1,0,0.2,0,0
,Ayari,21,BHA,4.9,4,0,0.1,0.0,0,0,0,0.3,0,0
,Awoniyi,21,NFO,5.2,0,0,0.0,0.0,0,0,0,0.4,0,0
,Armstrong (Adam),21,SOU,5.1,0,1,0.0,0.02,0,0,0,0.5,0,0
,Aribo,21,SOU,4.9,0,1,0.02,0.07,0,2,2,0.1,0,0
,Joelinton,21,NEW,5.9,0,2,0.43,0.27,0,1,0,0.3,0,0
,Anderson,21,NFO,5.3,0,0,0.01,0.0,0,0,2,3.0,0,0
,Andersen,21,FUL,4.5,0,0,0.03,0.0,0,0,0,2.8,0,0
,Almirón,21,NEW,5.4,0,0,0.01,0.0,0,1,0,0.3,0,0
,Alexander-Arnold,21,LIV,7.2,1,2,0.29,0.06,0,0,0,16.7,0,0
,Aké,21,MCI,5.3,0,0,0.03,0.0,0,0,0,0.6,0,0
,Akanji,21,MCI,5.4,0,1,0.04,0.19,0,1,0,0.3,0,0
,Ait Nouri,21,WOL,5.8,0,0,0.13,0.0,0,1,0,4.9,0,0
,Aina,21,NFO,4.7,0,0,0.02,0.0,0,0,0,2.5,0,0
,Agbadou,21,WOL,4.3,0,0,0.01,0.0,0,0,0,0.2,0,0
,Adingra,21,BHA,5.1,0,1,0.16,0.17,0,1,0,0.5,0,0
,Tosin,21,CHE,4.3,0,1,0.0,0.01,0,0,0,0.4,0,0
,Adams (Tyler),21,BOU,5.0,0,0,0.01,0.0,0,1,0,0.4,0,0
,Acheampong,21,CHE,3.9,0,1,0.0,0.01,0,0,0,2.2,0,0
,Álvarez (Edson),22,WHU,4.9,0,2,0.01,0.02,0,0,0,0.1,0,0
,van den Berg,22,BRE,4.5,0,1,0.0,0.01,0,0,2,0.6,0,0
,van Hecke,22,BHA,4.4,0,0,0.01,0.0,0,0,0,1.3,0,0
,van Dijk,22,LIV,6.0,0,2,0.14,0.16,0,1,0,23.6,0,0
,Gabriel Magalhães,22,ARS,6.6,0,0,0.07,0.0,0,2,0,41.0,0,0
,Antony,22,MUN,5.9,0,0,0.03,0.0,0,0,0,0.1,0,0
,de Ligt,22,MUN,5.0,0,1,0.01,0.06,0,2,0,3.0,0,0
,Richarlison,22,TOT,6.5,0,3,0.0,0.39,0,0,0,8.5,0,0
,André,22,WOL,5.4,0,0,0.0,0.0,0,0,0,0.1,0,0
,Zirkzee,22,MUN,5.8,0,2,0.01,0.23,0,0,0,0.4,0,0
,Zabarnyi,22,BOU,5.0,0,1,0.04,0.12,0,0,2,0.0,0,0
,Young (Ashley),22,EVE,4.2,0,0,0.0,0.0,0,0,0,1.4,0,0
,Yoro,22,MUN,4.4,0,1,0.01,0.09,0,0,0,1.7,0,0
,Yates,22,NFO,4.7,0,0,0.0,0.0,0,0,0,0.1,0,0
,Yarmolyuk,22,BRE,5.0,0,2,0.01,0.07,0,0,0,0.1,0,0
,Wood (Chris),22,NFO,7.2,0,4,0.02,0.73,0,2,0,6.5,0,0
,Wissa,22,BRE,7.4,0,2,0.17,0.3,0,3,0,0.5,0,0
,Winterburn,22,BOU,4.5,0,0,0.0,0.0,0,0,0,0.0,0,0
,Winks,22,LEI,4.3,0,1,0.01,0.03,0,0,0,4.7,0,0
,Wilson (Harry),22,FUL,5.2,2,1,0.44,0.03,1,7,0,0.3,0,0
,Willock,22,NEW,5.0,0,1,0.0,0.14,0,0,0,0.1,0,0
,Williams (Neco),22,NFO,4.7,0,1,0.04,0.01,0,1,0,3.5,0,0
,Welbeck,22,BHA,6.5,0,1,0.01,0.29,0,0,0,7.9,0,0
,Watkins,22,AVL,8.5,0,3,0.0,0.62,0,0,0,6.6,0,0
,Wan-Bissaka,22,WHU,4.3,0,1,0.02,0.04,0,1,0,5.8,0,0
,Walton,22,IPS,4.3,0,0,0.0,0.0,0,0,0,0.2,3,0
,Walker-Peters,22,SOU,4.3,0,1,0.07,0.05,0,1,0,0.3,0,0
,Vestergaard,22,LEI,3.9,0,0,0.0,0.0,0,0,0,1.5,0,0
,Verbruggen,22,BHA,4.4,0,0,0.0,0.0,0,0,0,4.1,0,0
,Veltman,22,BHA,4.3,0,0,0.01,0.0,0,0,0,0.1,0,0
,Vardy,22,LEI,5.4,0,1,0.0,0.02,0,1,0,5.2,0,0
,Ugochukwu,22,SOU,5.0,0,1,0.02,0.03,0,1,0,0.1,0,0
,Ugarte,22,MUN,4.8,0,1,0.0,0.05,0,0,0,0.1,0,0
,Tuanzebe,22,IPS,3.9,0,0,0.0,0.0,0,0,0,1.8,0,0
,Tsimikas,22,LIV,4.8,7,0,0.06,0.0,0,2,0,0.1,0,0
,Trossard,22,ARS,6.9,0,6,0.43,0.2,2,3,0,0.5,0,0
,Trippier,22,NEW,5.0,1,0,0.03,0.0,0,1,0,2.7,0,0
,Traoré (Adama),22,FUL,5.2,0,1,0.02,0.13,0,1,0,0.2,0,0
,Amad Diallo,22,MUN,6.3,1,1,0.14,0.1,0,4,0,1.3,0,0
,Tonali,22,NEW,5.4,0,2,0.02,0.09,0,0,2,1.3,0,0
,Lucas Paquetá,22,WHU,5.9,0,1,0.06,0.08,0,0,0,2.5,0,0
,Jurriën Timber,22,ARS,6.1,0,0,0.01,0.0,0,0,0,25.1,0,0
,Tielemans,22,AVL,5.9,1,3,0.0,0.32,0,0,0,0.6,0,0
,Taylor (Jack),22,IPS,4.8,0,0,0.0,0.0,0,0,0,0.0,0,0
,Tarkowski,22,EVE,5.5,0,1,0.37,0.19,0,1,2,6.3,0,0
,Szoboszlai,22,LIV,6.5,0,7,0.04,0.43,0,1,0,4.2,0,0
,Sulemana,22,SOU,5.0,0,0,0.01,0.0,0,0,0,0.0,0,0
,Sugawara,22,SOU,4.2,0,0,0.06,0.0,0,0,0,0.1,0,0
,Strand Larsen,22,WOL,6.4,0,2,0.0,0.23,0,0,0,1.3,0,0
,Stolarczyk,22,LEI,4.0,0,0,0.0,0.0,0,0,0,0.5,0,0
,Sterling,22,ARS,6.7,0,1,0.02,0.24,0,0,0,0.8,0,0
,Spence,22,TOT,4.5,0,1,0.04,0.04,0,0,0,1.6,0,0
,Soumaré,22,LEI,4.4,0,0,0.01,0.0,0,0,0,0.3,0,0
,Soucek,22,WHU,5.7,0,0,0.02,0.0,0,0,0,0.2,0,0
,Sosa,22,NFO,5.5,0,0,0.0,0.0,0,0,0,0.1,0,0
,Son,22,TOT,8.5,4,2,0.18,0.33,0,0,0,0.1,0,0
,Soler (Carlos),22,WHU,5.0,1,0,0.17,0.0,0,1,0,0.0,0,0
,Smith-Rowe,22,FUL,5.6,0,2,0.1,0.85,0,1,0,0.4,0,0
,Smallbone,22,SOU,5.0,0,0,0.0,0.0,0,0,0,0.0,0,0
,Skipp,22,LEI,4.7,0,1,0.0,0.06,0,0,0,0.0,0,0
,João Félix,22,CHE,5.9,0,0,0.06,0.0,0,0,0,0.4,0,0
,Semenyo,22,BOU,8.1,0,2,0.25,0.14,1,2,0,64.4,0,0
,Semedo,22,WOL,4.5,0,0,0.02,0.0,0,0,0,0.6,0,0
,Sels,22,NFO,4.8,0,0,0.0,0.0,0,0,0,8.3,1,0
,Schär,22,NEW,5.4,0,1,0.0,0.04,0,0,0,1.9,0,0
,Schlupp,22,CRY,4.6,0,0,0.06,0.0,0,1,0,0.0,0,0
,Schade,22,BRE,7.0,0,1,0.0,0.03,0,0,0,0.7,0,0
,Scarles,22,WHU,4.4,0,0,0.01,0.0,0,0,0,0.0,0,0
,Ismaila Sarr,22,CRY,6.6,0,0,0.01,0.0,0,0,0,11.6,0,0
,Sarr (Pape),22,TOT,4.9,0,0,0.03,0.0,0,0,0,1.7,0,0
,Sarabia,22,WOL,5.0,2,0,0.04,0.0,0,1,0,0.1,0,0
,Matheus Cunha,22,WOL,7.9,4,5,0.14,0.25,0,1,0,4.4,0,0
,Murillo,22,NFO,5.3,0,0,0.01,0.0,0,0,0,2.0,0,0
,Ederson,22,MCI,5.3,0,0,0.0,0.0,0,0,0,0.9,4,0
,Sancho,22,MUN,5.8,0,0,0.07,0.0,0,1,0,0.2,0,0
,Sanchez,22,CHE,4.8,0,0,0.0,0.0,0,0,0,13.5,3,0
,Salah,22,LIV,14.2,0,3,0.43,0.18,0,7,0,24.9,0,0
,Rutter,22,BHA,5.7,0,1,0.02,0.27,0,0,0,0.5,0,0
,Rogers,22,AVL,6.8,0,0,0.03,0.0,0,1,0,4.8,0,0
,Roerslev,22,BRE,4.5,0,0,0.59,0.0,0,1,0,0.0,0,0
,Rodríguez,22,WHU,4.8,0,0,0.0,0.0,0,0,0,0.0,0,0
,Morato,22,NFO,4.4,0,0,0.0,0.0,0,0,0,0.1,0,0
,Robinson (Antonee),22,FUL,4.9,0,2,0.09,0.1,0,1,0,0.5,0,0
,Robertson,22,LIV,5.8,1,0,0.34,0.0,0,3,0,0.9,0,0
,Richards (Chris),22,CRY,4.5,0,1,0.01,0.03,0,1,0,3.2,0,0
,Rice,22,ARS,6.8,4,1,0.19,0.02,0,1,0,16.4,0,0
,Rees-Dottin,22,BOU,4.4,0,0,0.0,0.0,0,0,0,0.1,0,0
,Raya Martin,22,ARS,5.8,0,0,0.0,0.0,0,0,0,31.3,2,0
,Ramsey (Jacob),22,AVL,5.3,0,0,0.02,0.0,0,0,0,0.2,0,0
,Alisson,22,LIV,5.4,0,0,0.0,0.0,0,0,0,5.8,7,0
,Ramsdale,22,SOU,4.8,0,0,0.0,0.0,0,0,0,0.6,1,0
,Porro,22,TOT,5.5,2,0,0.04,0.0,0,0,0,18.4,0,0
,Pickford,22,EVE,5.5,0,0,0.01,0.0,0,0,0,9.7,3,0
,Philogene-Bidace,22,IPS,5.3,0,0,0.01,0.0,0,0,0,0.1,0,0
,Patterson (Nathan),22,EVE,4.4,0,0,0.0,0.0,0,0,0,0.0,0,0
,Partey,22,ARS,4.9,0,0,0.29,0.0,0,2,0,0.7,0,0
,Emerson,22,WHU,4.4,0,0,0.02,0.0,0,1,0,0.1,0,0
,Palmer (Cole),22,CHE,10.3,0,3,0.12,0.18,0,2,0,9.2,0,0
,O’Reilly,22,MCI,4.9,0,1,0.0,0.03,0,0,0,1.1,0,0
,Dango Ouattara,22,BOU,6.0,0,3,0.11,0.36,1,1,0,0.5,0,0
,Osula,22,NEW,5.5,0,0,0.0,0.0,0,0,0,0.3,0,0
,Orford,22,WHU,4.4,0,1,0.02,0.03,0,1,0,0.1,0,0
,Paul Onuachu,22,SOU,4.9,0,3,0.01,0.22,0,0,0,0.3,0,0
,Onana,22,MUN,4.9,0,0,0.0,0.0,0,0,0,0.2,0,0
,Odegaard,22,ARS,7.8,6,1,0.15,0.04,0,1,0,1.4,0,0
,O'Shea,22,IPS,3.8,0,1,0.01,0.12,0,0,0,1.2,0,0
,O'Brien,22,EVE,4.9,0,0,0.03,0.0,0,1,0,0.4,0,0
,Núñez,22,LIV,6.5,0,4,0.0,0.85,0,0,0,0.1,0,0
,Matheus Nunes,22,MCI,5.3,0,0,0.02,0.0,0,0,0,0.8,0,0
,Norgaard,22,BRE,5.2,0,1,0.06,0.07,0,1,2,0.1,0,0
,Eddie Nketiah,22,CRY,5.4,0,2,0.0,0.12,0,0,0,0.4,0,0
,Neto,22,CHE,7.1,2,0,0.09,0.0,0,1,0,5.9,0,0
,Ndiaye,22,EVE,6.5,0,2,0.05,0.51,0,1,0,11.1,0,1
,Mykolenko,22,EVE,4.9,0,1,0.01,0.09,0,0,0,0.4,0,0
,Mvom Onana,22,AVL,4.8,0,0,0.0,0.0,0,0,0,0.6,0,0
,Muñoz,22,CRY,5.7,0,0,0.12,0.0,0,2,0,15.3,0,0
,Murphy (Jacob),22,NEW,6.1,0,1,0.02,0.01,0,0,0,1.1,0,0
,Rodrigo Muniz,22,FUL,5.4,0,1,0.0,0.35,0,0,0,1.0,0,0
,Mubama,22,MCI,4.5,0,1,0.0,0.04,0,0,0,0.1,0,0
,Morsy,22,IPS,4.8,0,1,0.02,0.02,0,0,0,0.1,0,0
,Moore (Mikey),22,TOT,5.0,1,1,0.4,0.12,1,1,0,0.0,0,0
,Mitoma,22,BHA,6.2,0,1,0.28,0.8,1,2,0,2.3,0,0
,Mitchell,22,CRY,5.0,0,0,0.06,0.0,0,0,0,2.2,0,0
,Minteh,22,BHA,6.0,0,2,0.65,0.54,1,2,0,4.4,0,0
,Mings,22,AVL,4.4,0,0,0.0,0.0,0,0,0,0.9,0,0
,Milenkovic,22,NFO,5.2,0,0,0.02,0.0,0,0,0,4.0,0,0
,Merino,22,ARS,5.9,0,3,0.04,0.18,0,1,2,0.5,0,0
,Mcatee,22,MCI,5.2,1,2,0.0,0.58,0,0,0,0.1,0,0
,McAteer,22,LEI,4.7,0,0,0.01,0.0,0,0,0,0.0,0,0
,Mbeumo,22,BRE,8.3,0,4,0.12,0.24,0,1,0,28.5,0,0
,Mazraoui,22,MUN,4.9,0,0,0.06,0.0,0,1,0,0.2,0,0
,Mavropanos,22,WHU,4.4,0,0,0.0,0.0,0,1,0,0.1,0,0
,Mavididi,22,LEI,5.0,0,1,0.01,0.04,0,0,0,0.3,0,0
,Mateta,22,CRY,7.9,0,3,0.31,0.93,0,1,0,23.0,0,1
,Martinez,22,AVL,5.0,0,0,0.0,0.0,0,0,0,2.0,4,0
,Martinelli,22,ARS,6.9,0,3,0.14,0.47,0,0,0,1.0,0,0
,March,22,BHA,5.8,2,0,0.02,0.0,0,0,0,0.0,0,0
,Manning,22,SOU,4.3,0,0,0.06,0.0,0,1,0,0.1,0,0
,Mangala,22,EVE,5.0,0,1,0.01,0.22,0,1,0,0.0,0,0
,José Sá,22,WOL,4.4,0,0,0.0,0.0,0,0,0,1.2,3,0
,Mainoo,22,MUN,4.8,0,0,0.01,0.0,0,0,0,0.5,0,0
,Maguire,22,MUN,4.4,0,0,0.01,0.0,0,0,0,0.8,0,0
,Madueke,22,CHE,6.8,0,6,0.4,1.18,0,1,0,0.6,0,0
,Maddison,22,TOT,6.9,0,2,0.04,0.11,0,0,0,0.1,0,0
,Mac Allister,22,LIV,6.3,0,4,0.08,0.19,0,3,0,1.2,0,0
,Maatsen,22,AVL,4.3,0,1,0.0,0.05,0,0,0,0.4,0,0
,Luongo,22,IPS,4.3,0,0,0.01,0.0,0,0,0,0.2,0,0
,Lukic,22,FUL,5.0,0,3,0.11,0.21,1,2,0,0.1,0,0
,Livramento,22,NEW,4.9,0,0,0.02,0.0,0,0,0,3.1,0,0
,Luis Guilherme,22,WHU,4.9,0,0,0.0,0.0,0,0,0,0.0,0,0
,Lindstrom,22,EVE,5.0,3,1,0.48,0.04,0,4,2,0.1,0,0
,Lewis-Skelly,22,ARS,5.2,0,0,0.03,0.0,0,0,2,1.7,0,0
,Lewis-Potter,22,BRE,4.9,0,0,0.01,0.0,0,1,0,0.3,0,0
,Lewis (Rico),22,MCI,4.9,0,0,0.01,0.0,0,0,0,1.7,0,0
,Leno,22,FUL,5.0,0,0,0.0,0.0,0,0,0,1.6,5,0
,Lamptey,22,BHA,4.4,0,0,0.0,0.0,0,0,0,0.1,0,0
,Lacroix,22,CRY,5.0,0,1,0.0,0.11,0,0,0,3.7,0,0
,Kulusevski,22,TOT,6.4,1,1,0.25,0.11,0,5,0,0.0,0,1
,Kudus,22,WHU,6.7,0,1,0.02,0.08,0,0,0,30.1,0,0
,Kristiansen,22,LEI,4.4,1,1,0.09,0.08,0,0,0,0.1,0,0
,Kovacic,22,MCI,5.9,0,2,0.66,0.1,1,3,0,0.0,0,0
,Konsa Ngoyo,22,AVL,4.4,0,0,0.0,0.0,0,0,0,8.6,0,0
,Konaté,22,LIV,5.4,0,3,0.43,0.15,0,2,0,2.7,0,0
,Kluivert,22,BOU,7.0,4,3,0.11,0.22,0,3,0,1.0,0,1
,Kinsky,22,TOT,3.9,0,0,0.0,0.0,0,0,0,2.0,4,0
,King (Joshua),22,FUL,4.5,0,0,0.0,0.0,0,0,0,4.0,0,0
,Kilman,22,WHU,4.3,0,0,0.01,0.0,0,0,0,0.2,0,0
,Kerkez,22,BOU,5.7,0,1,0.09,0.05,0,0,0,3.6,0,1
,Keane,22,EVE,4.5,0,0,0.0,0.0,0,0,0,1.1,0,0
,Kamara,22,AVL,4.9,0,0,0.0,0.0,0,0,2,0.2,0,0
,Kamada,22,CRY,5.0,0,2,0.04,0.07,0,0,0,0.2,0,0
,Justin,22,LEI,4.0,0,0,0.07,0.0,0,2,0,0.2,0,0
,João Pedro,22,BHA,7.4,0,0,0.01,0.0,0,0,0,45.5,0,0
,Jones,22,LIV,5.4,0,0,0.03,0.0,0,1,0,0.1,0,0
,Johnson (Ben),22,IPS,3.8,2,1,0.15,0.08,0,3,0,1.9,0,0
,Raúl Jiménez,22,FUL,6.2,0,2,0.12,0.07,0,0,0,0.8,0,0
,Jensen,22,BRE,4.9,1,0,0.0,0.0,0,0,0,0.1,0,0
,Jebbison,22,BOU,4.5,0,2,0.01,0.21,0,1,0,1.1,0,0
,Janelt,22,BRE,4.9,0,0,0.0,0.0,0,1,0,0.0,0,0
,James,22,CHE,5.5,1,2,0.04,0.05,0,2,0,7.9,0,0
,Jackson (Nicolas),22,CHE,6.5,0,2,0.0,0.26,0,2,0,0.1,0,0
,Iwobi,22,FUL,6.5,0,2,0.07,0.1,0,0,0,1.7,0,0
,Isak,22,NEW,10.4,0,1,0.07,0.06,0,1,0,5.1,0,0
,Ings,22,WHU,4.8,0,1,0.0,0.03,0,0,0,1.2,0,0
,Højlund,22,MUN,6.3,0,0,0.0,0.0,0,0,0,0.3,0,0
,Hutchinson,22,IPS,5.4,0,2,0.03,0.04,0,1,0,0.0,0,0
,Huijsen,22,BOU,4.5,0,1,0.0,0.11,0,0,2,5.0,0,0
,Hughes,22,CRY,4.8,3,0,0.02,0.0,0,1,0,0.1,0,0
,Hudson-Odoi,22,NFO,5.8,0,1,0.04,0.09,0,1,0,0.8,0,1
,Hirst,22,IPS,5.4,0,0,0.0,0.0,0,0,0,0.1,0,0
,Henderson,22,CRY,5.0,0,0,0.0,0.0,0,0,0,7.6,0,0
,Havertz,22,ARS,7.3,0,3,0.03,0.2,0,1,0,0.3,0,0
,Harwood-Bellis,22,SOU,3.9,0,1,0.02,0.07,0,0,0,4.1,0,0
,Lewis Hall,22,NEW,5.2,3,0,0.1,0.0,0,1,0,0.8,0,0
,Haaland,22,MCI,14.8,0,3,0.03,1.3,0,1,0,69.7,0,0
,Gómez (Diego),22,BHA,4.9,0,0,0.01,0.0,0,0,0,0.1,0,0
,Gvardiol,22,MCI,5.9,0,0,0.06,0.0,0,0,0,5.4,0,0
,Gusto,22,CHE,4.9,0,0,0.0,0.0,0,0,0,1.0,0,0
,Gundogan,22,MCI,6.3,0,0,0.33,0.0,0,1,0,0.1,0,0
,Bruno Guimarães,22,NEW,6.6,1,1,0.12,0.05,0,3,0,3.7,0,0
,Gueye,22,EVE,5.4,0,0,0.17,0.0,2,2,2,0.1,0,0
,Marc Guehi,22,CRY,5.0,0,0,0.01,0.0,0,0,0,34.1,0,0
,Grealish,22,MCI,6.9,0,0,0.02,0.0,0,0,0,17.6,0,0
,Gray (Archie),22,TOT,4.8,0,0,0.01,0.0,0,0,0,0.1,0,0
,Gravenberch,22,LIV,5.6,0,1,0.17,0.05,0,2,0,4.0,0,0
,Gordon (Anthony),22,NEW,7.5,2,4,0.17,0.31,0,1,0,3.1,0,0
,João Gomes,22,WOL,5.4,0,0,0.24,0.0,0,3,2,0.1,0,0
,Rodrigo Gomes,22,WOL,4.5,0,0,0.03,0.0,0,2,0,0.1,0,0
,Godfrey,22,IPS,4.0,0,0,0.02,0.0,0,0,0,0.0,0,0
,Gibbs-White,22,NFO,7.3,0,2,0.08,0.62,0,1,0,2.9,0,0
,George,22,CHE,4.9,0,0,0.0,0.0,0,0,0,0.1,0,0
,Rúben Dias,22,MCI,5.5,0,0,0.01,0.0,0,0,0,4.5,0,0
,Garnacho,22,MUN,6.4,0,2,0.0,0.07,0,0,0,0.4,0,0
,Gonçalo Guedes,22,WOL,5.5,0,1,0.0,0.02,0,0,0,0.0,0,0
,Gakpo,22,LIV,7.6,0,3,0.22,0.47,0,4,0,14.1,0,0
,Foden,22,MCI,8.0,1,4,0.06,0.79,0,2,0,4.3,0,0
,Flekken,22,BRE,4.5,0,0,0.0,0.0,0,0,0,10.0,6,0
,Jota Silva,22,NFO,5.4,0,3,0.08,0.37,0,1,0,0.0,0,0
,Faes,22,LEI,3.8,0,0,0.0,0.0,0,0,0,5.2,0,0
,Fabianski,22,WHU,4.5,0,0,0.0,0.0,0,0,0,0.0,5,0
,Eze,22,CRY,7.6,1,2,0.44,0.05,0,4,0,14.2,0,0
,Estupiñán,22,BHA,4.5,0,0,0.0,0.0,0,0,0,0.0,0,0
,Mateus Fernandes,22,SOU,5.5,8,1,0.38,0.15,1,3,0,0.0,0,0
,Enciso,22,IPS,5.4,0,0,0.0,0.0,0,0,0,0.0,0,0
,Elliott,22,LIV,5.4,0,0,0.18,0.0,1,1,0,0.3,0,0
,Elanga,22,NFO,6.7,1,1,0.17,0.18,0,1,0,3.7,0,0
,El Khannouss,22,LEI,4.8,3,0,0.04,0.0,0,2,0,0.2,0,0
,Díaz,22,LIV,8.0,0,6,0.19,0.84,0,1,0,0.0,0,0
,Durán,22,AVL,5.7,0,0,0.01,0.0,0,0,0,1.6,0,0
,Dunk,22,BHA,4.5,0,0,0.01,0.0,0,0,0,1.2,0,0
,Dubravka,22,NEW,4.0,0,0,0.0,0.0,0,0,0,34.4,6,0
,Dragusin,22,TOT,4.5,0,0,0.0,0.0,0,0,0,0.0,0,0
,Downes,22,SOU,4.7,0,1,0.01,0.02,0,0,0,0.0,0,0
,Doucouré,22,EVE,5.1,0,0,0.01,0.0,0,0,0,0.5,0,0
,Nicolás Domínguez,22,NFO,5.0,0,1,0.51,0.01,0,1,0,0.0,0,0
,Doku,22,MCI,6.5,0,2,0.3,0.08,1,3,0,5.0,0,1
,Doherty,22,WOL,4.4,0,1,0.0,0.31,0,0,2,0.1,0,0
,Disasi,22,AVL,4.2,0,0,0.0,0.0,0,0,0,0.4,0,0
,Diop,22,FUL,4.4,0,0,0.0,0.0,0,0,0,0.1,0,0
,Digne,22,AVL,4.5,0,0,0.0,0.0,1,1,2,1.6,0,0
,Dewsbury-Hall,22,CHE,4.9,0,1,0.14,0.22,1,1,0,2.9,0,0
,Devenny,22,CRY,4.4,0,1,0.0,0.01,0,0,0,1.1,0,0
,Delap,22,IPS,6.2,0,2,0.0,0.15,0,0,0,0.9,0,0
,De Bruyne,22,MCI,9.5,5,2,0.3,0.16,1,3,0,11.6,0,0
,Davis,22,IPS,4.2,2,0,0.06,0.0,0,1,0,0.9,0,0
,Davies (Ben),22,TOT,4.3,0,0,0.13,0.0,0,0,0,0.1,0,0
,Damsgaard,22,BRE,5.8,1,0,0.06,0.0,0,1,0,0.6,0,0
,Dalot,22,MUN,4.4,0,0,0.04,0.0,0,1,0,1.0,0,0
,Daka,22,LEI,4.8,0,0,0.01,0.0,0,0,0,0.5,0,0
,Cucurella,22,CHE,6.1,0,1,0.06,0.9,0,0,0,21.8,0,0
,Cresswell,22,WHU,3.9,1,0,0.0,0.0,0,0,0,1.7,0,0
,Cook,22,BOU,4.9,0,0,0.14,0.0,0,2,2,0.0,0,0
,Collyer,22,MUN,4.5,0,0,0.0,0.0,0,0,0,0.0,0,0
,Collins,22,BRE,4.9,0,0,0.0,0.0,0,0,2,1.1,0,0
,Clyne,22,CRY,3.9,0,0,0.0,0.0,0,0,0,0.5,0,0
,Clarke (Jack),22,IPS,5.4,0,0,0.01,0.0,0,1,0,0.0,0,0
,Christie,22,BOU,5.0,0,3,0.02,0.65,0,1,2,0.1,0,0
,Chiesa,22,LIV,6.4,0,0,0.01,0.0,0,0,0,0.3,0,0
,Chalobah,22,CHE,5.1,0,2,0.02,0.14,1,2,2,7.6,0,0
,Castagne,22,FUL,4.4,0,0,0.01,0.0,0,1,0,0.1,0,0
,Cash,22,AVL,4.6,0,0,0.19,0.0,1,1,0,5.2,0,0
,Calvert-Lewin,22,EVE,5.5,0,6,0.05,0.9,0,1,0,1.4,0,1
,Cajuste,22,IPS,4.5,0,0,0.02,0.0,0,1,0,0.1,0,0
,Cairney,22,FUL,4.9,0,1,0.0,0.07,0,0,0,0.0,0,0
,Moises Caicedo,22,CHE,6.0,0,1,0.01,0.02,0,0,2,19.8,0,0
,Burn,22,NEW,5.2,0,0,0.06,0.0,0,0,2,10.7,0,0
,Burgess,22,IPS,3.8,0,1,0.01,0.17,0,0,2,1.8,0,0
,Buonanotte,22,LEI,4.7,1,0,0.06,0.0,0,0,0,0.1,0,0
,Bueno (Santiago),22,WOL,4.4,0,0,0.0,0.0,0,0,0,0.1,0,0
,Brooks,22,BOU,5.0,2,3,0.39,0.43,0,4,0,0.2,0,0
,Bree,22,SOU,3.9,0,0,0.01,0.0,0,0,0,0.3,0,0
,Branthwaite,22,EVE,5.3,0,0,0.01,0.0,0,0,2,0.2,0,0
,Botman,22,NEW,4.9,0,0,0.01,0.0,0,0,0,0.7,0,0
,Bruno Fernandes,22,MUN,8.9,3,2,0.23,0.88,0,1,0,16.3,0,0
,Bogarde,22,AVL,4.0,0,1,0.0,0.04,0,1,0,0.7,0,0
,Bergvall,22,TOT,5.4,0,1,0.04,0.04,0,0,0,0.4,0,0
,Berge,22,FUL,4.9,0,0,0.02,0.0,0,0,2,0.1,0,0
,Bellegarde,22,WOL,5.2,0,0,0.02,0.0,0,0,0,0.0,0,0
,Bednarek,22,SOU,4.0,0,2,0.0,0.36,0,1,0,1.9,0,0
,Bassey,22,FUL,4.5,0,2,0.02,0.29,0,0,0,0.6,0,0
,Baleba,22,BHA,4.7,0,1,0.01,0.02,0,1,0,2.1,0,0
,Bailey,22,AVL,5.5,0,0,0.03,0.0,0,1,0,0.1,0,0
,Ayew,22,LEI,5.1,0,3,0.01,0.26,0,0,0,0.2,0,0
,Ayari,22,BHA,4.9,0,0,0.02,0.0,0,0,0,0.3,0,0
,Awoniyi,22,NFO,5.2,0,0,0.0,0.0,0,0,0,0.4,0,0
,Kepa,22,BOU,4.2,0,0,0.0,0.0,0,0,0,0.5,3,0
,Armstrong (Adam),22,SOU,5.1,0,0,0.03,0.0,0,0,0,0.5,0,0
,Aribo,22,SOU,4.9,0,0,0.03,0.0,0,1,0,0.1,0,0
,Archer,22,SOU,4.8,0,0,0.14,0.0,0,1,0,1.1,0,0
,Joelinton,22,NEW,5.9,0,2,0.03,0.13,0,0,2,0.3,0,0
,Anderson,22,NFO,5.3,1,1,0.01,0.03,0,0,2,3.0,0,1
,Andersen,22,FUL,4.5,0,0,0.02,0.0,0,0,0,2.8,0,0
,Alexander-Arnold,22,LIV,7.2,7,4,0.71,0.1,1,5,0,16.7,0,0
,Akanji,22,MCI,5.4,0,0,0.02,0.0,0,0,0,0.3,0,0
,Ait Nouri,22,WOL,5.8,0,0,0.09,0.0,0,1,0,4.9,0,0
,Aina,22,NFO,4.7,0,0,0.1,0.0,0,1,0,2.5,0,0
,Agbadou,22,WOL,4.3,0,0,0.0,0.0,0,0,2,0.2,0,0
,Tosin,22,CHE,4.3,0,1,0.02,0.24,0,0,0,0.4,0,0
,Adams (Tyler),22,BOU,5.0,0,0,0.04,0.0,0,1,0,0.4,0,0
,Álvarez (Edson),23,WHU,4.9,0,2,0.18,0.1,1,1,0,0.1,0,0
,van den Berg,23,BRE,4.5,0,1,0.01,0.06,0,0,2,0.6,0,0
,van Hecke,23,BHA,4.4,0,0,0.11,0.0,0,2,0,1.3,0,0
,van Dijk,23,LIV,6.0,0,2,0.1,0.07,0,0,0,23.6,0,0
,Gabriel Magalhães,23,ARS,6.6,0,1,0.01,0.06,0,1,0,41.0,0,0
,de Ligt,23,MUN,5.0,0,1,0.0,0.18,0,0,0,3.0,0,0
,Richarlison,23,TOT,6.5,0,1,0.0,0.47,0,0,0,8.5,0,0
,André,23,WOL,5.4,0,0,0.01,0.0,0,0,2,0.1,0,0
,Zirkzee,23,MUN,5.8,0,0,0.0,0.0,0,0,0,0.4,0,0
,Zabarnyi,23,BOU,5.0,0,0,0.01,0.0,0,0,2,0.0,0,0
,Young (Ashley),23,EVE,4.2,0,0,0.0,0.0,0,0,0,1.4,0,0
,Yoro,23,MUN,4.4,0,0,0.0,0.0,0,0,0,1.7,0,0
,Yates,23,NFO,4.7,0,1,0.01,0.02,0,0,0,0.1,0,0
,Yarmolyuk,23,BRE,5.0,0,0,0.0,0.0,0,0,0,0.1,0,0
,Wood (Chris),23,NFO,7.2,0,0,0.01,0.0,0,1,0,6.5,0,0
,Wissa,23,BRE,7.4,0,3,0.0,0.16,0,0,0,0.5,0,0
,Winks,23,LEI,4.3,0,0,0.04,0.0,0,1,2,4.7,0,0
,Wilson (Harry),23,FUL,5.2,0,0,0.01,0.0,0,0,0,0.3,0,0
,Willock,23,NEW,5.0,0,1,0.02,0.01,0,1,0,0.1,0,0
,Williams (Neco),23,NFO,4.7,0,1,0.0,0.06,0,0,0,3.5,0,0
,Welbeck,23,BHA,6.5,0,2,0.02,0.05,0,0,0,7.9,0,0
,Webster,23,BHA,4.4,0,0,0.02,0.0,0,0,0,0.0,0,0
,Watkins,23,AVL,8.5,0,2,0.04,0.13,0,2,0,6.6,0,0
,Wan-Bissaka,23,WHU,4.3,0,0,0.11,0.0,0,2,0,5.8,0,0
,Walton,23,IPS,4.3,0,0,0.0,0.0,0,0,0,0.2,2,0
,Walker-Peters,23,SOU,4.3,0,1,0.03,0.03,0,2,0,0.3,0,0
,Vestergaard,23,LEI,3.9,0,0,0.0,0.0,0,1,0,1.5,0,0
,Verbruggen,23,BHA,4.4,0,0,0.01,0.0,0,0,0,4.1,0,0
,Veltman,23,BHA,4.3,0,2,0.1,0.07,0,2,2,0.1,0,0
,Bernardo Silva,23,MCI,6.3,0,0,0.08,0.0,0,1,0,0.5,0,0
,Vardy,23,LEI,5.4,0,3,0.04,1.13,0,0,0,5.2,0,0
,Ugochukwu,23,SOU,5.0,0,1,0.02,0.02,0,0,0,0.1,0,0
,Ugarte,23,MUN,4.8,0,0,0.01,0.0,0,0,0,0.1,0,0
,Tuanzebe,23,IPS,3.9,0,0,0.0,0.0,0,0,2,1.8,0,0
,Trossard,23,ARS,6.9,3,0,0.23,0.0,0,2,0,0.5,0,0
,Traoré (Adama),23,FUL,5.2,0,1,0.03,0.06,0,0,0,0.2,0,0
,Amad Diallo,23,MUN,6.3,0,0,0.01,0.0,0,0,0,1.3,0,0
,Townsend,23,IPS,3.9,1,0,0.07,0.0,0,1,0,0.5,0,0
,Tonali,23,NEW,5.4,0,1,0.02,0.59,0,0,2,1.3,0,0
,Lucas Paquetá,23,WHU,5.9,0,3,0.03,0.44,0,0,0,2.5,0,0
,Jurriën Timber,23,ARS,6.1,0,0,0.02,0.0,0,0,0,25.1,0,0
,Tierney,23,ARS,4.3,0,0,0.0,0.0,0,0,0,0.1,0,0
,Tielemans,23,AVL,5.9,1,1,0.13,0.04,0,1,2,0.6,0,0
,Tavernier,23,BOU,5.5,0,2,0.04,0.22,0,1,0,1.6,0,0
,Tarkowski,23,EVE,5.5,0,0,0.02,0.0,0,0,2,6.3,0,0
,Szoboszlai,23,LIV,6.5,1,4,0.04,0.67,0,1,0,4.2,0,1
,Sugawara,23,SOU,4.2,0,0,0.01,0.0,0,0,0,0.1,0,0
,Strand Larsen,23,WOL,6.4,0,0,0.0,0.0,0,0,0,1.3,0,0
,Stones,23,MCI,5.5,0,0,0.0,0.0,0,0,0,0.7,0,0
,Stolarczyk,23,LEI,4.0,0,0,0.0,0.0,0,0,0,0.5,5,0
,Soumaré,23,LEI,4.4,0,1,0.04,0.02,0,1,2,0.3,0,0
,Soucek,23,WHU,5.7,0,2,0.12,0.08,0,0,0,0.2,0,0
,Sosa,23,NFO,5.5,0,1,0.0,0.02,0,0,0,0.1,0,0
,Son,23,TOT,8.5,1,1,0.03,0.05,0,2,0,0.1,0,0
,Soler (Carlos),23,WHU,5.0,1,1,0.03,0.08,0,0,0,0.0,0,0
,Smith-Rowe,23,FUL,5.6,0,1,0.02,0.08,0,1,0,0.4,0,0
,Smallbone,23,SOU,5.0,0,0,0.0,0.0,0,0,0,0.0,0,0
,Skipp,23,LEI,4.7,0,0,0.0,0.0,0,0,0,0.0,0,0
,Silcott-Duberry,23,BOU,4.4,0,0,0.0,0.0,0,0,0,0.1,0,0
,Semenyo,23,BOU,8.1,0,4,0.19,0.23,0,3,0,64.4,0,0
,Semedo,23,WOL,4.5,0,0,0.04,0.0,0,2,0,0.6,0,0
,Sels,23,NFO,4.8,0,0,0.0,0.0,0,0,0,8.3,5,0
,Schär,23,NEW,5.4,0,1,0.01,0.07,0,1,2,1.9,0,0
,Schade,23,BRE,7.0,0,3,0.08,0.12,0,1,0,0.7,0,0
,Scarles,23,WHU,4.4,0,0,0.0,0.0,0,0,0,0.0,0,0
,Ismaila Sarr,23,CRY,6.6,0,0,0.15,0.0,0,0,0,11.6,0,0
,Sarr (Pape),23,TOT,4.9,0,1,0.0,0.04,0,0,0,1.7,0,0
,Sarabia,23,WOL,5.0,1,2,0.01,0.5,0,0,0,0.1,0,0
,Matheus Cunha,23,WOL,7.9,0,4,0.03,0.13,0,1,0,4.4,0,0
,Murillo,23,NFO,5.3,0,1,0.01,0.01,0,0,0,2.0,0,0
,Ederson,23,MCI,5.3,0,0,0.0,0.0,1,1,0,0.9,3,0
,Sancho,23,MUN,5.8,0,1,0.04,0.24,0,1,0,0.2,0,0
,Sanchez,23,CHE,4.8,0,0,0.0,0.0,0,0,0,13.5,3,0
,Saliba,23,ARS,6.0,0,0,0.0,0.0,0,0,0,11.6,0,0
,Salah,23,LIV,14.2,0,3,0.12,0.23,0,1,0,24.9,0,0
,Rutter,23,BHA,5.7,0,1,0.05,0.05,0,0,0,0.5,0,0
,Rogers,23,AVL,6.8,0,0,0.05,0.0,0,0,0,4.8,0,0
,Roerslev,23,BRE,4.5,0,1,0.1,0.03,0,1,0,0.0,0,0
,Rodríguez,23,WHU,4.8,0,0,0.0,0.0,0,0,0,0.0,0,0
,Morato,23,NFO,4.4,0,1,0.0,0.1,0,0,0,0.1,0,0
,Robinson (Antonee),23,FUL,4.9,0,0,0.15,0.0,0,1,0,0.5,0,0
,Robertson,23,LIV,5.8,2,0,0.09,0.0,0,2,0,0.9,0,0
,Richards (Chris),23,CRY,4.5,0,1,0.04,0.02,0,1,0,3.2,0,0
,Rice,23,ARS,6.8,2,1,0.27,0.04,0,3,0,16.4,0,0
,Reguilón,23,TOT,4.1,1,0,0.01,0.0,0,0,0,0.2,0,0
,Raya Martin,23,ARS,5.8,0,0,0.0,0.0,0,0,0,31.3,4,0
,Ramsey (Jacob),23,AVL,5.3,0,1,0.05,0.18,0,2,0,0.2,0,0
,Alisson,23,LIV,5.4,0,0,0.0,0.0,0,0,0,5.8,2,0
,Porro,23,TOT,5.5,2,5,0.52,0.17,1,2,0,18.4,0,0
,Pickford,23,EVE,5.5,0,0,0.0,0.0,0,0,0,9.7,1,0
,Philogene-Bidace,23,IPS,5.3,0,0,0.01,0.0,0,0,0,0.1,0,0
,Phillips (Kalvin),23,IPS,4.8,0,0,0.01,0.0,0,0,2,0.1,0,0
,Pereira,23,FUL,5.3,2,0,0.06,0.0,0,1,0,0.1,0,0
,Patterson (Nathan),23,EVE,4.4,0,0,0.0,0.0,0,0,0,0.0,0,0
,Partey,23,ARS,4.9,0,1,0.02,0.03,0,0,2,0.7,0,0
,Emerson,23,WHU,4.4,0,2,0.19,0.35,0,1,0,0.1,0,0
,Palmer (Cole),23,CHE,10.3,0,1,0.14,0.07,0,1,0,9.2,0,0
,O’Riley,23,BHA,5.5,4,1,0.01,0.03,0,0,0,0.4,0,0
,Dango Ouattara,23,BOU,6.0,0,4,0.01,0.95,0,0,0,0.5,0,1
,Paul Onuachu,23,SOU,4.9,0,0,0.06,0.0,0,2,0,0.3,0,0
,Onana,23,MUN,4.9,0,0,0.0,0.0,0,0,0,0.2,2,0
,O'Shea,23,IPS,3.8,0,0,0.0,0.0,0,0,0,1.2,0,0
,O'Brien,23,EVE,4.9,0,0,0.0,0.0,0,0,2,0.4,0,0
,Núñez,23,LIV,6.5,0,0,0.02,0.0,0,0,0,0.1,0,0
,Nwaneri,23,ARS,5.2,0,2,0.0,0.24,0,0,0,0.1,0,0
,Matheus Nunes,23,MCI,5.3,0,1,0.04,0.36,1,2,2,0.8,0,0
,Norgaard,23,BRE,5.2,0,0,0.01,0.0,0,0,2,0.1,0,0
,Nkunku,23,CHE,5.9,0,0,0.0,0.0,0,0,0,0.1,0,0
,Eddie Nketiah,23,CRY,5.4,0,1,0.06,0.09,0,0,0,0.4,0,0
,Neto,23,CHE,7.1,2,0,0.01,0.0,0,0,0,5.9,0,0
,Ndiaye,23,EVE,6.5,0,1,0.0,0.79,0,0,2,11.1,0,0
,Mykolenko,23,EVE,4.9,0,0,0.0,0.0,0,0,2,0.4,0,0
,Muñoz,23,CRY,5.7,0,1,0.64,0.02,1,2,0,15.3,0,0
,Murphy (Jacob),23,NEW,6.1,1,2,0.23,0.04,1,4,0,1.1,0,0
,Rodrigo Muniz,23,FUL,5.4,0,2,0.0,0.26,0,0,0,1.0,0,0
,Morsy,23,IPS,4.8,0,0,0.0,0.0,0,0,2,0.1,0,0
,Álex Moreno,23,NFO,4.0,0,0,0.01,0.0,0,0,0,2.4,0,0
,Moore (Mikey),23,TOT,5.0,1,1,0.01,0.04,0,0,0,0.0,0,0
,Mitoma,23,BHA,6.2,0,2,0.07,0.07,0,0,0,2.3,0,0
,Mitchell,23,CRY,5.0,0,0,0.02,0.0,0,1,0,2.2,0,0
,Minteh,23,BHA,6.0,0,0,0.01,0.0,0,0,0,4.4,0,0
,Mings,23,AVL,4.4,0,0,0.0,0.0,0,0,0,0.9,0,0
,Miley (Lewis),23,NEW,4.4,0,0,0.01,0.0,0,0,0,2.1,0,0
,Milenkovic,23,NFO,5.2,0,3,0.01,0.24,0,0,0,4.0,0,0
,Mee (Ben),23,BRE,4.2,0,0,0.0,0.0,0,0,0,0.3,0,0
,McGinn,23,AVL,5.4,0,0,0.0,0.0,0,0,0,0.6,0,0
,McCarthy,23,SOU,4.2,0,0,0.0,0.0,0,0,0,0.1,5,0
,Mbeumo,23,BRE,8.3,2,3,0.03,0.87,0,1,0,28.5,0,0
,Mazraoui,23,MUN,4.9,0,0,0.01,0.0,0,0,0,0.2,0,0
,Mateta,23,CRY,7.9,0,1,0.0,0.03,0,0,0,23.0,0,0
,Martínez,23,MUN,4.8,0,1,0.02,0.02,0,0,0,0.1,0,1
,Martinez,23,AVL,5.0,0,0,0.0,0.0,0,0,0,2.0,2,0
,Martinelli,23,ARS,6.9,0,0,0.02,0.0,0,1,0,1.0,0,0
,Omar Marmoush,23,MCI,8.3,0,2,0.09,0.15,0,1,0,2.6,0,0
,Manning,23,SOU,4.3,1,0,0.05,0.0,0,2,0,0.1,0,0
,Mangala,23,EVE,5.0,0,1,0.0,0.02,0,0,0,0.0,0,0
,José Sá,23,WOL,4.4,0,0,0.0,0.0,0,1,0,1.2,2,0
,Malen,23,AVL,5.1,0,1,0.0,0.03,0,0,0,0.7,0,0
,Malacia,23,MUN,3.9,0,0,0.0,0.0,0,0,0,0.3,0,0
,Mainoo,23,MUN,4.8,0,0,0.0,0.0,0,0,0,0.5,0,0
,Maguire,23,MUN,4.4,0,0,0.0,0.0,0,0,2,0.8,0,0
,Madueke,23,CHE,6.8,0,2,0.02,0.97,0,1,0,0.6,0,0
,Mac Allister,23,LIV,6.3,0,1,0.15,0.02,0,3,0,1.2,0,0
,Maatsen,23,AVL,4.3,0,1,0.03,0.04,0,1,0,0.4,0,0
,Lukic,23,FUL,5.0,1,0,0.01,0.0,0,0,0,0.1,0,0
,Longstaff (Sean),23,NEW,4.9,0,0,0.0,0.0,0,0,0,1.1,0,0
,Livramento,23,NEW,4.9,0,1,0.02,0.02,0,2,0,3.1,0,0
,Lindstrom,23,EVE,5.0,1,0,0.0,0.0,0,0,2,0.1,0,0
,Lewis-Skelly,23,ARS,5.2,0,0,0.03,0.0,0,0,0,1.7,0,0
,Lewis-Potter,23,BRE,4.9,0,1,0.12,0.03,0,0,2,0.3,0,0
,Lerma,23,CRY,4.9,0,2,0.02,0.05,0,0,2,0.1,0,0
,Leno,23,FUL,5.0,0,0,0.0,0.0,0,0,0,1.6,0,0
,Lankshear,23,TOT,4.5,0,0,0.0,0.0,0,0,0,0.0,0,0
,Lamptey,23,BHA,4.4,0,1,0.07,0.06,0,1,0,0.1,0,0
,Lallana,23,SOU,5.0,0,0,0.0,0.0,0,0,0,0.0,0,0
,Lacroix,23,CRY,5.0,0,2,0.01,0.2,0,0,2,3.7,0,0
,Kulusevski,23,TOT,6.4,1,1,0.05,0.07,0,2,0,0.0,0,0
,Kudus,23,WHU,6.7,0,1,0.03,0.08,0,1,2,30.1,0,0
,Kristiansen,23,LEI,4.4,0,0,0.03,0.0,0,1,2,0.1,0,0
,Kovacic,23,MCI,5.9,0,1,0.02,0.05,0,2,0,0.0,0,0
,Konsa Ngoyo,23,AVL,4.4,0,0,0.0,0.0,0,0,0,8.6,0,0
,Konaté,23,LIV,5.4,0,0,0.1,0.0,0,2,0,2.7,0,0
,Kluivert,23,BOU,7.0,3,3,0.43,0.18,1,1,0,1.0,0,1
,Kinsky,23,TOT,3.9,0,0,0.01,0.0,0,1,0,2.0,1,0
,Kilman,23,WHU,4.3,0,0,0.02,0.0,0,0,2,0.2,0,0
,Khusanov,23,MCI,5.4,0,1,0.0,0.02,0,0,0,0.3,0,0
,Kerkez,23,BOU,5.7,0,0,0.01,0.0,0,0,0,3.6,0,0
,Kamara,23,AVL,4.9,0,1,0.05,0.1,0,0,2,0.2,0,0
,Kamada,23,CRY,5.0,0,0,0.0,0.0,0,0,0,0.2,0,0
,Justin,23,LEI,4.0,0,2,0.02,0.09,0,0,0,0.2,0,0
,João Pedro,23,BHA,7.4,0,3,0.06,0.2,0,0,0,45.5,0,0
,Johnson (Ben),23,IPS,3.8,0,0,0.0,0.0,0,0,0,1.9,0,0
,Raúl Jiménez,23,FUL,6.2,0,2,0.0,0.08,0,1,0,0.8,0,0
,Jensen,23,BRE,4.9,1,0,0.03,0.0,0,0,0,0.1,0,0
,Jebbison,23,BOU,4.5,0,0,0.0,0.0,0,0,0,1.1,0,0
,Janelt,23,BRE,4.9,0,0,0.05,0.0,0,0,0,0.0,0,0
,James,23,CHE,5.5,1,1,0.0,0.02,0,0,0,7.9,0,0
,Jackson (Nicolas),23,CHE,6.5,0,2,0.57,0.38,1,2,0,0.1,0,0
,Iwobi,23,FUL,6.5,0,2,0.04,0.09,0,1,0,1.7,0,0
,Isak,23,NEW,10.4,0,4,0.25,1.5,0,1,0,5.1,0,0
,Irving,23,WHU,4.4,0,2,0.0,0.07,0,0,0,0.3,0,0
,Ings,23,WHU,4.8,0,1,0.0,0.12,0,1,0,1.2,0,0
,Højlund,23,MUN,6.3,0,0,0.01,0.0,0,0,0,0.3,0,0
,Hwang Hee-Chan,23,WOL,5.8,0,1,0.02,0.02,0,1,0,0.1,0,0
,Hutchinson,23,IPS,5.4,0,1,0.01,0.03,0,0,0,0.0,0,0
,Huijsen,23,BOU,4.5,0,0,0.04,0.0,0,0,2,5.0,0,0
,Hughes,23,CRY,4.8,2,2,0.03,0.04,0,1,0,0.1,0,0
,Hirst,23,IPS,5.4,0,1,0.0,0.2,0,0,0,0.1,0,0
,Hinshelwood,23,BHA,5.1,0,0,0.04,0.0,0,0,0,0.0,0,0
,Henderson,23,CRY,5.0,0,0,0.01,0.0,0,0,0,7.6,4,0
,Havertz,23,ARS,7.3,0,3,0.0,0.53,0,0,0,0.3,0,0
,Harwood-Bellis,23,SOU,3.9,0,2,0.07,0.23,0,1,0,4.1,0,0
,Lewis Hall,23,NEW,5.2,5,1,0.04,0.05,0,0,0,0.8,0,0
,Haaland,23,MCI,14.8,0,3,0.03,0.33,1,3,0,69.7,0,1
,Gvardiol,23,MCI,5.9,0,3,0.01,1.1,0,0,0,5.4,0,0
,Gusto,23,CHE,4.9,0,0,0.0,0.0,0,0,0,1.0,0,0
,Gundogan,23,MCI,6.3,0,1,0.19,0.04,0,1,0,0.1,0,0
,Bruno Guimarães,23,NEW,6.6,0,0,0.73,0.0,0,2,0,3.7,0,0
,Gueye,23,EVE,5.4,0,0,0.01,0.0,0,1,2,0.1,0,0
,Marc Guehi,23,CRY,5.0,0,0,0.04,0.0,0,0,0,34.1,0,0
,Gruda,23,BHA,5.4,0,0,0.01,0.0,0,1,0,0.1,0,0
,Greaves,23,IPS,3.8,0,1,0.0,0.25,0,0,2,2.3,0,0
,Gray (Archie),23,TOT,4.8,0,0,0.02,0.0,0,0,0,0.1,0,0
,Gravenberch,23,LIV,5.6,0,0,0.29,0.0,0,1,0,4.0,0,0
,Gordon (Anthony),23,NEW,7.5,2,2,0.17,0.1,1,1,0,3.1,0,0
,João Gomes,23,WOL,5.4,0,0,0.01,0.0,0,0,0,0.1,0,0
,Beto,23,EVE,5.2,0,1,0.0,0.04,0,0,0,3.3,0,0
,Rodrigo Gomes,23,WOL,4.5,0,0,0.0,0.0,0,0,0,0.1,0,0
,Gibbs-White,23,NFO,7.3,0,3,0.17,0.32,0,4,0,2.9,0,0
,Garner,23,EVE,5.0,0,0,0.0,0.0,0,0,0,0.9,0,0
,Garnacho,23,MUN,6.4,0,0,0.04,0.0,0,0,0,0.4,0,0
,Gonçalo Guedes,23,WOL,5.5,0,0,0.0,0.0,0,0,0,0.0,0,0
,Gakpo,23,LIV,7.6,0,3,0.06,1.09,1,1,0,14.1,0,0
,Fraser (Ryan),23,SOU,4.8,0,0,0.0,0.0,0,0,0,0.0,0,0
,Foden,23,MCI,8.0,2,3,0.02,0.46,0,0,0,4.3,0,1
,Flekken,23,BRE,4.5,0,0,0.0,0.0,0,0,0,10.0,4,0
,Jota Silva,23,NFO,5.4,0,1,0.0,0.03,0,0,0,0.0,0,0
,Fernández,23,CHE,6.7,0,1,0.01,0.04,0,2,0,14.3,0,0
,Faes,23,LEI,3.8,0,1,0.0,0.11,0,0,2,5.2,0,0
,Eze,23,CRY,7.6,2,5,0.12,0.3,0,5,0,14.2,0,0
,Esse,23,CRY,4.7,0,1,0.0,0.32,0,0,0,0.1,0,0
,Mateus Fernandes,23,SOU,5.5,2,3,0.11,0.14,0,1,0,0.0,0,0
,Endo,23,LIV,4.9,0,0,0.01,0.0,0,0,0,0.1,0,0
,Enciso,23,IPS,5.4,2,0,0.22,0.0,1,1,0,0.0,0,0
,Elliott,23,LIV,5.4,0,1,0.02,0.03,0,0,0,0.3,0,0
,Elanga,23,NFO,6.7,7,5,0.2,0.17,0,5,0,3.7,0,0
,El Khannouss,23,LEI,4.8,0,3,0.01,0.07,0,0,0,0.2,0,1
,Díaz,23,LIV,8.0,0,0,0.03,0.0,0,0,0,0.0,0,0
,Durán,23,AVL,5.7,0,2,0.01,0.09,0,0,0,1.6,0,0
,Dunk,23,BHA,4.5,0,0,0.09,0.0,0,0,0,1.2,0,0
,Dubravka,23,NEW,4.0,0,0,0.0,0.0,0,0,0,34.4,4,0
,Dragusin,23,TOT,4.5,0,1,0.07,0.03,0,2,0,0.0,0,0
,Doyle (Tommy),23,WOL,4.7,0,0,0.0,0.0,0,0,0,0.0,0,0
,Doucouré,23,EVE,5.1,0,0,0.04,0.0,0,0,0,0.5,0,0
,Nicolás Domínguez,23,NFO,5.0,0,0,0.04,0.0,0,1,0,0.0,0,0
,Doherty,23,WOL,4.4,0,0,0.01,0.0,0,2,0,0.1,0,0
,Digne,23,AVL,4.5,2,2,0.07,0.09,0,1,0,1.6,0,0
,Delap,23,IPS,6.2,0,0,0.0,0.0,0,0,0,0.9,0,0
,DeCordova-Reid,23,LEI,5.2,0,0,0.01,0.0,1,4,0,0.1,0,0
,De Bruyne,23,MCI,9.5,0,0,0.01,0.0,0,0,0,11.6,0,0
,Davis,23,IPS,4.2,1,0,0.0,0.0,0,0,0,0.9,0,0
,Davies (Ben),23,TOT,4.3,0,1,0.01,0.07,0,0,0,0.1,0,0
,Danns,23,LIV,4.4,0,0,0.01,0.0,0,0,0,0.1,0,0
,Damsgaard,23,BRE,5.8,4,0,0.27,0.0,0,4,0,0.6,0,0
,Dalot,23,MUN,4.4,0,0,0.01,0.0,0,0,0,1.0,0,0
,Daka,23,LEI,4.8,0,0,0.0,0.0,0,0,0,0.5,0,0
,Cucurella,23,CHE,6.1,0,1,0.18,0.04,0,1,0,21.8,0,0
,Cresswell,23,WHU,3.9,2,0,0.28,0.0,0,1,0,1.7,0,0
,Coulibaly,23,LEI,4.0,0,0,0.0,0.0,0,0,0,0.0,0,0
,Coufal,23,WHU,4.1,0,0,0.29,0.0,0,1,2,0.4,0,0
,Cook,23,BOU,4.9,0,0,0.02,0.0,0,0,2,0.0,0,0
,Colwill,23,CHE,4.8,0,1,0.0,0.05,0,0,0,0.1,0,0
,Collyer,23,MUN,4.5,0,0,0.0,0.0,0,0,0,0.0,0,0
,Collins,23,BRE,4.9,0,0,0.06,0.0,0,2,2,1.1,0,0
,Coady,23,LEI,4.0,0,0,0.0,0.0,0,0,0,0.5,0,0
,Christie,23,BOU,5.0,0,1,0.04,0.07,0,1,2,0.1,0,0
,Chiesa,23,LIV,6.4,0,0,0.0,0.0,0,0,0,0.3,0,0
,Chalobah,23,CHE,5.1,0,0,0.17,0.0,0,0,0,7.6,0,0
,Castagne,23,FUL,4.4,0,0,0.04,0.0,0,1,0,0.1,0,0
,Cash,23,AVL,4.6,0,0,0.01,0.0,0,2,0,5.2,0,0
,Calvert-Lewin,23,EVE,5.5,0,0,0.0,0.0,0,0,0,1.4,0,0
,Calafiori,23,ARS,5.8,0,1,0.01,0.1,0,0,0,16.0,0,0
,Cairney,23,FUL,4.9,0,0,0.01,0.0,0,0,0,0.0,0,0
,Moises Caicedo,23,CHE,6.0,0,0,0.01,0.0,0,0,0,19.8,0,0
,Burns,23,IPS,4.7,0,0,0.0,0.0,0,0,0,0.0,0,0
,Burn,23,NEW,5.2,0,1,0.0,0.13,0,1,0,10.7,0,0
,Buonanotte,23,LEI,4.7,0,0,0.0,0.0,0,0,0,0.1,0,0
,Bueno (Santiago),23,WOL,4.4,0,0,0.0,0.0,0,0,0,0.1,0,0
,Buendía,23,AVL,5.3,0,1,0.01,0.02,0,0,0,0.2,0,0
,Brooks,23,BOU,5.0,0,2,0.03,0.06,0,1,0,0.2,0,0
,Broadhead,23,IPS,4.9,0,0,0.0,0.0,0,0,0,0.0,0,0
,Bree,23,SOU,3.9,0,1,0.14,0.03,1,2,0,0.3,0,0
,Branthwaite,23,EVE,5.3,0,0,0.02,0.0,0,0,2,0.2,0,0
,Bruno Fernandes,23,MUN,8.9,0,2,0.23,0.06,0,1,0,16.3,0,0
,Bergvall,23,TOT,5.4,0,1,0.04,0.05,0,2,0,0.4,0,0
,Berge,23,FUL,4.9,0,0,0.02,0.0,0,1,0,0.1,0,0
,Bentancur,23,TOT,5.3,0,2,0.02,0.05,0,0,2,0.4,0,0
,Bellegarde,23,WOL,5.2,0,0,0.02,0.0,0,0,0,0.0,0,0
,Bednarek,23,SOU,4.0,0,1,0.0,0.22,0,0,2,1.9,0,0
,Bassey,23,FUL,4.5,0,0,0.02,0.0,0,0,0,0.6,0,0
,Baleba,23,BHA,4.7,0,3,0.06,0.07,0,1,2,2.1,0,0
,Bailey,23,AVL,5.5,1,2,0.12,0.13,0,2,0,0.1,0,0
,Ayew,23,LEI,5.1,4,2,0.1,0.12,0,1,0,0.2,0,0
,Ayari,23,BHA,4.9,5,1,0.04,0.13,0,2,0,0.3,0,0
,Awoniyi,23,NFO,5.2,0,0,0.01,0.0,0,1,0,0.4,0,0
,Kepa,23,BOU,4.2,0,0,0.0,0.0,0,0,0,0.5,4,0
,Armstrong (Adam),23,SOU,5.1,0,2,0.0,0.05,0,0,0,0.5,0,0
,Aribo,23,SOU,4.9,0,0,0.02,0.0,0,0,0,0.1,0,0
,Areola,23,WHU,4.3,0,0,0.0,0.0,0,0,0,2.1,3,0
,Archer,23,SOU,4.8,0,1,0.01,0.04,0,0,0,1.1,0,0
,Joelinton,23,NEW,5.9,0,2,0.01,0.35,0,0,2,0.3,0,0
,Anderson,23,NFO,5.3,2,1,0.37,0.01,0,0,0,3.0,0,0
,Andersen,23,FUL,4.5,0,1,0.01,0.11,0,0,0,2.8,0,0
,Almirón,23,NEW,5.4,0,1,0.02,0.05,0,1,0,0.3,0,0
,Alexander-Arnold,23,LIV,7.2,0,2,0.49,0.13,1,1,0,16.7,0,0
,Akanji,23,MCI,5.4,0,0,0.01,0.0,0,0,0,0.3,0,0
,Ait Nouri,23,WOL,5.8,0,1,0.01,0.08,0,0,0,4.9,0,0
,Aina,23,NFO,4.7,0,0,0.02,0.0,0,0,0,2.5,0,0
,Agbadou,23,WOL,4.3,0,1,0.01,0.02,0,0,2,0.2,0,0
,Adams (Tyler),23,BOU,5.0,0,0,0.04,0.0,1,2,2,0.4,0,0
,van den Berg,24,BRE,4.5,0,1,0.01,0.03,0,0,0,0.6,0,0
,van Hecke,24,BHA,4.4,0,0,0.06,0.0,0,0,0,1.3,0,0
,van Dijk,24,LIV,6.0,0,0,0.03,0.0,0,0,2,23.6,0,0
,Danilo,24,NFO,4.7,0,0,0.0,0.0,0,0,0,0.0,0,0
,Gabriel Magalhães,24,ARS,6.6,0,1,0.02,0.05,0,0,0,41.0,0,0
,de Ligt,24,MUN,5.0,0,0,0.01,0.0,0,0,0,3.0,0,0
,Richarlison,24,TOT,6.5,0,1,0.0,0.12,0,1,0,8.5,0,0
,André,24,WOL,5.4,0,0,0.0,0.0,0,0,0,0.1,0,0
,Zirkzee,24,MUN,5.8,0,0,0.02,0.0,0,0,0,0.4,0,0
,Zabarnyi,24,BOU,5.0,0,0,0.01,0.0,0,1,2,0.0,0,0
,Young (Ashley),24,EVE,4.2,0,0,0.0,0.0,0,0,0,1.4,0,0
,Yoro,24,MUN,4.4,0,1,0.01,0.04,0,0,0,1.7,0,0
,Wood (Chris),24,NFO,7.2,0,4,0.01,2.16,0,1,0,6.5,0,0
,Wissa,24,BRE,7.4,0,3,0.04,0.79,0,0,0,0.5,0,0
,Winks,24,LEI,4.3,0,0,0.01,0.0,0,0,0,4.7,0,0
,Willock,24,NEW,5.0,0,0,0.02,0.0,0,2,0,0.1,0,0
,Williams (Neco),24,NFO,4.7,0,2,0.01,0.41,0,0,2,3.5,0,0
,Wharton,24,CRY,5.0,0,0,0.0,0.0,0,0,0,0.5,0,0
,Welbeck,24,BHA,6.5,0,1,0.01,0.14,0,1,0,7.9,0,0
,Watkins,24,AVL,8.5,0,0,0.0,0.0,0,0,0,6.6,0,0
,Wan-Bissaka,24,WHU,4.3,0,0,0.01,0.0,0,0,0,5.8,0,0
,Walker-Peters,24,SOU,4.3,0,0,0.02,0.0,0,1,0,0.3,0,0
,Vestergaard,24,LEI,3.9,0,0,0.0,0.0,0,0,0,1.5,0,0
,Verbruggen,24,BHA,4.4,0,0,0.0,0.0,0,0,0,4.1,3,0
,Veltman,24,BHA,4.3,0,0,0.03,0.0,0,0,0,0.1,0,0
,Bernardo Silva,24,MCI,6.3,0,0,0.02,0.0,0,0,0,0.5,0,0
,Vardy,24,LEI,5.4,0,0,0.0,0.0,0,0,0,5.2,0,0
,Valdimarsson,24,BRE,3.9,0,0,0.0,0.0,0,0,0,0.7,1,0
,Ugochukwu,24,SOU,5.0,0,0,0.01,0.0,0,0,0,0.1,0,0
,Ugarte,24,MUN,4.8,0,1,0.02,0.05,0,0,0,0.1,0,0
,Tuanzebe,24,IPS,3.9,0,0,0.03,0.0,0,0,0,1.8,0,0
,Tsimikas,24,LIV,4.8,0,0,0.01,0.0,0,0,0,0.1,0,0
,Trossard,24,ARS,6.9,0,0,0.01,0.0,0,0,0,0.5,0,0
,Trippier,24,NEW,5.0,0,0,0.01,0.0,0,0,0,2.7,0,0
,Traoré (Adama),24,FUL,5.2,0,3,0.19,0.14,0,1,0,0.2,0,0
,Amad Diallo,24,MUN,6.3,4,1,0.58,0.09,0,6,0,1.3,0,0
,Tonali,24,NEW,5.4,0,1,0.03,0.02,0,0,0,1.3,0,0
,Jurriën Timber,24,ARS,6.1,0,1,0.0,0.04,0,0,0,25.1,0,0
,Tielemans,24,AVL,5.9,1,3,0.3,0.08,0,1,0,0.6,0,0
,Diogo Jota,24,LIV,7.2,0,0,0.02,0.0,0,1,0,2.6,0,0
,Taylor (Jack),24,IPS,4.8,0,0,0.0,0.0,0,0,0,0.0,0,0
,Tavernier,24,BOU,5.5,0,2,0.01,0.07,0,0,0,1.6,0,0
,Tarkowski,24,EVE,5.5,0,2,0.26,0.13,1,2,4,6.3,0,0
,Szoboszlai,24,LIV,6.5,1,4,0.64,0.2,0,3,0,4.2,0,0
,Sulemana,24,SOU,5.0,0,1,0.0,0.04,0,0,0,0.0,0,0
,Sugawara,24,SOU,4.2,0,0,0.0,0.0,0,0,0,0.1,0,0
,Stones,24,MCI,5.5,0,0,0.02,0.0,0,0,0,0.7,0,0
,Sterling,24,ARS,6.7,0,0,0.01,0.0,0,0,0,0.8,0,0
,Stephens,24,SOU,4.0,0,0,0.0,0.0,0,0,0,0.3,0,0
,Spence,24,TOT,4.5,0,1,0.08,0.02,0,2,2,1.6,0,0
,Soumaré,24,LEI,4.4,0,0,0.05,0.0,0,3,2,0.3,0,0
,Soucek,24,WHU,5.7,0,0,0.02,0.0,0,0,2,0.2,0,0
,Son,24,TOT,8.5,3,2,0.15,0.04,1,2,0,0.1,0,0
,Soler (Carlos),24,WHU,5.0,0,0,0.12,0.0,0,1,0,0.0,0,0
,Smith-Rowe,24,FUL,5.6,0,2,0.04,0.07,0,0,0,0.4,0,0
,Smallbone,24,SOU,5.0,0,0,0.0,0.0,0,0,0,0.0,0,0
,Sessegnon (Ryan),24,FUL,5.4,0,0,0.0,0.0,0,0,0,0.4,0,0
,Semenyo,24,BOU,8.1,0,6,0.07,0.7,0,0,0,64.4,0,0
,Semedo,24,WOL,4.5,0,0,0.0,0.0,0,0,0,0.6,0,0
,Sels,24,NFO,4.8,0,0,0.0,0.0,0,0,0,8.3,6,0
,Schär,24,NEW,5.4,0,1,0.04,0.16,0,0,0,1.9,0,0
,Schade,24,BRE,7.0,0,4,0.11,0.38,0,2,0,0.7,0,0
,Scarlett,24,TOT,4.3,0,0,0.0,0.0,0,0,0,0.6,0,0
,Scarles,24,WHU,4.4,0,0,0.0,0.0,0,0,0,0.0,0,0
,Ismaila Sarr,24,CRY,6.6,0,1,0.24,0.41,0,0,0,11.6,0,0
,Sarr (Pape),24,TOT,4.9,0,1,0.0,0.26,0,0,0,1.7,0,0
,Sarabia,24,WOL,5.0,2,0,0.26,0.0,1,1,0,0.1,0,0
,Matheus Cunha,24,WOL,7.9,3,4,0.24,0.45,0,1,0,4.4,0,1
,Welington,24,SOU,4.0,0,0,0.13,0.0,0,2,2,0.0,0,0
,Murillo,24,NFO,5.3,0,0,0.2,0.0,0,1,2,2.0,0,0
,Sangaré,24,NFO,4.9,0,0,0.0,0.0,1,1,0,0.1,0,0
,Sancho,24,MUN,5.8,0,2,0.01,0.14,0,0,0,0.2,0,0
,Saliba,24,ARS,6.0,0,0,0.0,0.0,0,0,0,11.6,0,0
,Salah,24,LIV,14.2,0,6,0.52,1.16,1,4,0,24.9,0,0
,Rutter,24,BHA,5.7,0,2,0.05,0.14,0,1,0,0.5,0,0
,Rogers,24,AVL,6.8,0,1,0.04,0.04,0,1,0,4.8,0,0
,Morato,24,NFO,4.4,0,0,0.0,0.0,0,0,2,0.1,0,0
,Robinson (Antonee),24,FUL,4.9,0,2,0.08,0.05,0,1,0,0.5,0,0
,Robertson,24,LIV,5.8,1,0,0.3,0.0,0,1,0,0.9,0,0
,Richards (Chris),24,CRY,4.5,0,0,0.0,0.0,0,0,2,3.2,0,0
,Rice,24,ARS,6.8,1,0,0.2,0.0,0,4,0,16.4,0,0
,Raya Martin,24,ARS,5.8,0,0,0.0,0.0,0,0,0,31.3,3,0
,Ramsey (Jacob),24,AVL,5.3,0,0,0.0,0.0,0,0,0,0.2,0,0
,Alisson,24,LIV,5.4,0,0,0.0,0.0,0,0,0,5.8,5,0
,Ramsdale,24,SOU,4.8,0,0,0.01,0.0,0,0,0,0.6,5,0
,Porro,24,TOT,5.5,0,1,0.01,0.02,0,0,2,18.4,0,0
,Pickford,24,EVE,5.5,0,0,0.02,0.0,1,1,0,9.7,3,0
,Philogene-Bidace,24,IPS,5.3,0,0,0.02,0.0,0,0,0,0.1,0,0
,Pereira,24,FUL,5.3,0,0,0.36,0.0,1,1,0,0.1,0,0
,Patterson (Nathan),24,EVE,4.4,0,0,0.0,0.0,0,0,0,0.0,0,0
,Partey,24,ARS,4.9,0,1,0.02,0.05,0,1,2,0.7,0,1
,Emerson,24,WHU,4.4,0,1,0.0,0.07,0,0,0,0.1,0,0
,Palmer (Cole),24,CHE,10.3,2,7,0.42,0.29,0,3,0,9.2,0,0
,O’Riley,24,BHA,5.5,4,1,0.04,0.06,0,1,0,0.4,0,0
,Dango Ouattara,24,BOU,6.0,0,1,0.09,0.11,0,2,0,0.5,0,0
,Osula,24,NEW,5.5,0,0,0.0,0.0,0,0,0,0.3,0,0
,Ortega Moreno,24,MCI,4.8,0,0,0.0,0.0,0,0,0,0.2,2,0
,Orford,24,WHU,4.4,0,0,0.02,0.0,0,1,0,0.1,0,0
,Paul Onuachu,24,SOU,4.9,0,2,0.02,0.41,0,0,0,0.3,0,0
,Onana,24,MUN,4.9,0,0,0.0,0.0,0,0,0,0.2,1,0
,Okoli,24,LEI,4.0,0,0,0.0,0.0,0,0,0,0.4,0,0
,Odegaard,24,ARS,7.8,2,2,0.04,0.14,0,0,0,1.4,0,0
,O'Shea,24,IPS,3.8,0,0,0.01,0.0,0,0,2,1.2,0,0
,O'Brien,24,EVE,4.9,0,0,0.01,0.0,0,0,0,0.4,0,0
,Núñez,24,LIV,6.5,0,0,0.04,0.0,0,1,0,0.1,0,0
,Nwaneri,24,ARS,5.2,2,1,0.02,0.02,0,1,0,0.1,0,1
,Matheus Nunes,24,MCI,5.3,0,0,0.03,0.0,0,0,0,0.8,0,0
,Norgaard,24,BRE,5.2,0,1,0.02,0.11,0,0,2,0.1,0,0
,Nkunku,24,CHE,5.9,0,0,0.01,0.0,0,0,0,0.1,0,0
,Neto,24,CHE,7.1,0,3,0.08,0.2,0,0,0,5.9,0,0
,Nedeljkovic,24,AVL,3.9,0,0,0.0,0.0,0,0,0,0.5,0,0
,Ndiaye,24,EVE,6.5,0,2,0.1,0.46,0,2,0,11.1,0,0
,Mykolenko,24,EVE,4.9,0,0,0.47,0.0,0,1,2,0.4,0,0
,Mvom Onana,24,AVL,4.8,0,0,0.02,0.0,0,2,0,0.6,0,0
,Muñoz,24,CRY,5.7,0,1,0.24,0.1,1,1,0,15.3,0,0
,Murphy (Jacob),24,NEW,6.1,0,2,0.12,0.18,0,0,0,1.1,0,0
,Muric,24,IPS,4.4,0,0,0.0,0.0,0,0,0,0.4,2,0
,Rodrigo Muniz,24,FUL,5.4,0,1,0.0,0.68,0,0,0,1.0,0,0
,Morsy,24,IPS,4.8,0,0,0.04,0.0,0,1,0,0.1,0,0
,Savinho,24,MCI,6.9,0,2,0.56,0.08,1,2,0,0.5,0,0
,Moore (Mikey),24,TOT,5.0,0,0,0.11,0.0,0,2,0,0.0,0,0
,Mitoma,24,BHA,6.2,0,0,0.01,0.0,0,0,0,2.3,0,0
,Mitchell,24,CRY,5.0,0,2,0.19,0.09,0,4,0,2.2,0,0
,Minteh,24,BHA,6.0,1,2,0.37,0.37,0,2,0,4.4,0,0
,Miley (Lewis),24,NEW,4.4,0,0,0.0,0.0,0,0,0,2.1,0,0
,Milenkovic,24,NFO,5.2,0,0,0.05,0.0,0,0,2,4.0,0,0
,Merino,24,ARS,5.9,0,0,0.0,0.0,0,0,0,0.5,0,0
,Mcatee,24,MCI,5.2,0,0,0.0,0.0,0,0,0,0.1,0,0
,McGinn,24,AVL,5.4,0,1,0.01,0.02,0,0,0,0.6,0,0
,Mbeumo,24,BRE,8.3,6,4,0.37,0.22,0,1,0,28.5,0,0
,Mazraoui,24,MUN,4.9,0,1,0.03,0.02,0,0,0,0.2,0,0
,Mavropanos,24,WHU,4.4,0,2,0.0,0.03,0,0,0,0.1,0,0
,Mavididi,24,LEI,5.0,0,1,0.0,0.02,0,0,0,0.3,0,0
,Mateta,24,CRY,7.9,0,3,0.34,1.91,0,1,0,23.0,0,0
,Martínez,24,MUN,4.8,0,2,0.04,0.1,0,0,0,0.1,0,0
,Martinez,24,AVL,5.0,0,0,0.0,0.0,0,0,0,2.0,3,0
,Martinelli,24,ARS,6.9,0,1,0.06,0.17,0,2,0,1.0,0,0
,Omar Marmoush,24,MCI,8.3,2,1,0.33,0.02,0,3,0,2.6,0,0
,José Sá,24,WOL,4.4,0,0,0.0,0.0,0,0,0,1.2,3,0
,Malen,24,AVL,5.1,0,2,0.01,0.2,0,0,0,0.7,0,0
,Mainoo,24,MUN,4.8,0,1,0.22,0.03,0,1,0,0.5,0,0
,Maguire,24,MUN,4.4,0,1,0.02,0.12,0,1,2,0.8,0,0
,Madueke,24,CHE,6.8,0,1,0.16,0.09,0,3,0,0.6,0,0
,Mac Allister,24,LIV,6.3,3,3,0.04,0.35,0,1,0,1.2,0,0
,Maatsen,24,AVL,4.3,0,0,0.11,0.0,0,3,0,0.4,0,0
,Lukic,24,FUL,5.0,7,0,0.05,0.0,0,3,0,0.1,0,0
,Livramento,24,NEW,4.9,0,1,0.0,0.07,0,0,0,3.1,0,0
,Luis Guilherme,24,WHU,4.9,0,0,0.03,0.0,0,1,0,0.0,0,0
,Lindstrom,24,EVE,5.0,0,1,0.08,0.24,0,0,0,0.1,0,0
,Lewis-Skelly,24,ARS,5.2,0,1,0.02,0.04,0,0,0,1.7,0,1
,Lewis-Potter,24,BRE,4.9,0,2,0.05,0.03,0,0,2,0.3,0,0
,Lerma,24,CRY,4.9,0,2,0.23,0.06,0,1,0,0.1,0,0
,Leno,24,FUL,5.0,0,0,0.0,0.0,0,1,0,1.6,3,0
,Lamptey,24,BHA,4.4,1,1,0.09,0.04,0,0,0,0.1,0,0
,Lallana,24,SOU,5.0,0,0,0.0,0.0,0,0,0,0.0,0,0
,Lacroix,24,CRY,5.0,0,2,0.01,0.05,0,0,2,3.7,0,0
,Kulusevski,24,TOT,6.4,0,4,0.09,0.27,0,1,0,0.0,0,0
,Kudus,24,WHU,6.7,0,4,0.01,0.77,0,0,0,30.1,0,0
,Kristiansen,24,LEI,4.4,2,1,0.02,0.02,0,0,0,0.1,0,0
,Kovacic,24,MCI,5.9,0,1,0.06,0.03,0,0,2,0.0,0,0
,Konsa Ngoyo,24,AVL,4.4,0,0,0.01,0.0,0,0,0,8.6,0,0
,Konaté,24,LIV,5.4,0,0,0.01,0.0,0,0,4,2.7,0,0
,Kluivert,24,BOU,7.0,2,3,0.03,0.68,0,2,0,1.0,0,0
,Kinsky,24,TOT,3.9,0,0,0.0,0.0,0,0,0,2.0,3,0
,Kilman,24,WHU,4.3,0,0,0.0,0.0,0,1,0,0.2,0,0
,Kerkez,24,BOU,5.7,0,0,0.01,0.0,0,0,2,3.6,0,0
,Kelly,24,NEW,4.2,0,1,0.0,0.05,0,0,0,0.1,0,0
,Kayode,24,BRE,4.5,0,0,0.06,0.0,0,2,0,0.4,0,0
,Kamara,24,AVL,4.9,0,1,0.02,0.04,0,0,0,0.2,0,0
,Kamada,24,CRY,5.0,0,0,0.02,0.0,0,1,0,0.2,0,0
,Jørgensen,24,CHE,4.4,0,0,0.0,0.0,0,0,0,0.2,4,0
,Justin,24,LEI,4.0,0,1,0.04,0.05,0,1,0,0.2,0,0
,João Pedro,24,BHA,7.4,0,1,0.18,0.05,0,2,0,45.5,0,0
,Jones,24,LIV,5.4,0,3,0.03,0.49,0,2,0,0.1,0,0
,Raúl Jiménez,24,FUL,6.2,0,6,0.04,0.47,0,1,0,0.8,0,0
,Jensen,24,BRE,4.9,0,1,0.01,0.02,0,0,0,0.1,0,0
,Jebbison,24,BOU,4.5,0,0,0.01,0.0,0,0,0,1.1,0,0
,Janelt,24,BRE,4.9,0,0,0.16,0.0,0,1,0,0.0,0,0
,James,24,CHE,5.5,2,0,0.17,0.0,0,3,0,7.9,0,0
,Jackson (Nicolas),24,CHE,6.5,0,2,0.02,0.04,0,2,0,0.1,0,0
,Iwobi,24,FUL,6.5,0,0,0.12,0.0,0,1,0,1.7,0,0
,Isak,24,NEW,10.4,0,1,0.2,0.04,0,2,0,5.1,0,0
,Irving,24,WHU,4.4,0,1,0.11,0.02,0,1,0,0.3,0,0
,Iroegbunam,24,EVE,4.9,0,1,0.04,0.02,0,1,0,0.0,0,0
,Ings,24,WHU,4.8,0,1,0.01,0.05,0,0,0,1.2,0,0
,Højlund,24,MUN,6.3,0,1,0.01,0.06,0,0,0,0.3,0,0
,Hwang Hee-Chan,24,WOL,5.8,0,0,0.0,0.0,0,0,0,0.1,0,0
,Hutchinson,24,IPS,5.4,0,1,0.05,0.15,0,1,0,0.0,0,0
,Huijsen,24,BOU,4.5,0,1,0.01,0.02,0,0,2,5.0,0,0
,Hughes,24,CRY,4.8,0,0,0.06,0.0,0,0,0,0.1,0,0
,Hirst,24,IPS,5.4,0,0,0.0,0.0,0,0,0,0.1,0,0
,Hinshelwood,24,BHA,5.1,0,1,0.02,0.05,0,0,0,0.0,0,0
,Hermansen,24,LEI,4.4,0,0,0.0,0.0,0,0,0,0.2,3,0
,Henderson,24,CRY,5.0,0,0,0.0,0.0,0,0,0,7.6,2,0
,Havertz,24,ARS,7.3,0,4,0.25,0.49,1,1,0,0.3,0,0
,Harwood-Bellis,24,SOU,3.9,0,0,0.01,0.0,0,0,0,4.1,0,0
,Harrison (Jack),24,EVE,5.2,0,3,0.09,0.15,0,1,0,0.1,0,0
,Lewis Hall,24,NEW,5.2,2,0,0.08,0.0,0,1,0,0.8,0,0
,Haaland,24,MCI,14.8,0,1,0.03,0.36,0,0,0,69.7,0,0
,Gómez (Diego),24,BHA,4.9,0,0,0.01,0.0,0,0,0,0.1,0,0
,Gvardiol,24,MCI,5.9,0,1,0.03,0.17,0,0,2,5.4,0,0
,Gusto,24,CHE,4.9,0,0,0.18,0.0,0,1,0,1.0,0,0
,Guiu,24,CHE,4.2,0,0,0.02,0.0,0,1,0,6.9,0,0
,Bruno Guimarães,24,NEW,6.6,0,1,0.44,0.05,0,1,2,3.7,0,0
,Gueye,24,EVE,5.4,0,1,0.06,0.01,0,2,2,0.1,0,0
,Marc Guehi,24,CRY,5.0,0,0,0.0,0.0,0,0,0,34.1,0,0
,Grønbæk,24,SOU,4.9,0,2,0.0,0.12,0,0,0,0.0,0,0
,Greaves,24,IPS,3.8,0,0,0.05,0.0,0,1,0,2.3,0,0
,Gray (Archie),24,TOT,4.8,0,0,0.01,0.0,0,0,0,0.1,0,0
,Gravenberch,24,LIV,5.6,0,1,0.02,0.04,0,2,2,4.0,0,0
,Gordon (Anthony),24,NEW,7.5,1,2,0.19,0.06,0,3,0,3.1,0,0
,Beto,24,EVE,5.2,0,6,0.03,1.27,0,2,0,3.3,0,0
,Rodrigo Gomes,24,WOL,4.5,0,0,0.0,0.0,0,0,0,0.1,0,0
,Toti,24,WOL,4.3,0,0,0.0,0.0,0,0,0,0.1,0,0
,Gibbs-White,24,NFO,7.3,0,3,0.03,0.17,0,1,0,2.9,0,0
,Garner,24,EVE,5.0,7,1,0.55,0.04,1,3,2,0.9,0,0
,Garnacho,24,MUN,6.4,0,3,0.08,0.25,0,1,0,0.4,0,0
,García,24,AVL,3.9,0,0,0.01,0.0,0,0,0,0.3,0,0
,Gonçalo Guedes,24,WOL,5.5,0,3,0.0,1.08,0,0,0,0.0,0,0
,Gakpo,24,LIV,7.6,0,1,0.06,0.02,0,2,0,14.1,0,0
,Foden,24,MCI,8.0,0,0,0.06,0.0,0,0,0,4.3,0,0
,Jota Silva,24,NFO,5.4,0,2,0.09,0.09,0,1,0,0.0,0,0
,Fernández,24,CHE,6.7,0,2,0.02,0.56,0,0,0,14.3,0,0
,Ferguson,24,WHU,5.5,0,0,0.01,0.0,0,0,0,0.0,0,0
,Faes,24,LEI,3.8,0,1,0.0,0.09,0,0,2,5.2,0,0
,Eze,24,CRY,7.6,0,0,0.04,0.0,0,1,0,14.2,0,0
,Mateus Fernandes,24,SOU,5.5,2,0,0.1,0.0,0,2,2,0.0,0,0
,Eriksen,24,MUN,5.2,1,0,0.04,0.0,0,0,0,0.2,0,0
,Endo,24,LIV,4.9,0,0,0.0,0.0,0,0,0,0.1,0,0
,Enciso,24,IPS,5.4,1,6,0.06,0.41,0,0,0,0.0,0,0
,Elanga,24,NFO,6.7,2,2,0.99,0.22,2,3,0,3.7,0,0
,El Khannouss,24,LEI,4.8,0,2,0.03,0.04,0,0,0,0.2,0,0
,Díaz,24,LIV,8.0,0,3,0.11,0.71,0,1,0,0.0,0,0
,Dunk,24,BHA,4.5,0,0,0.01,0.0,0,0,0,1.2,0,0
,Dubravka,24,NEW,4.0,0,0,0.0,0.0,0,0,0,34.4,2,0
,Doyle (Tommy),24,WOL,4.7,0,0,0.0,0.0,0,0,0,0.0,0,0
,Doucouré,24,EVE,5.1,0,5,0.12,0.88,0,4,0,0.5,0,0
,Nicolás Domínguez,24,NFO,5.0,0,0,0.02,0.0,0,1,0,0.0,0,0
,Doherty,24,WOL,4.4,0,0,0.0,0.0,0,0,2,0.1,0,0
,Diop,24,FUL,4.4,0,0,0.0,0.0,0,0,0,0.1,0,0
,Digne,24,AVL,4.5,6,0,0.01,0.0,0,1,0,1.6,0,0
,Devenny,24,CRY,4.4,0,0,0.0,0.0,0,0,0,1.1,0,0
,Delap,24,IPS,6.2,0,4,0.26,0.83,0,2,0,0.9,0,0
,DeCordova-Reid,24,LEI,5.2,0,0,0.03,0.0,0,1,0,0.1,0,0
,De Bruyne,24,MCI,9.5,0,0,0.0,0.0,0,0,0,11.6,0,0
,Davis,24,IPS,4.2,0,1,0.01,0.11,0,2,0,0.9,0,0
,Davies (Ben),24,TOT,4.3,0,0,0.0,0.0,0,0,2,0.1,0,0
,Damsgaard,24,BRE,5.8,4,2,0.18,0.16,0,4,0,0.6,0,0
,Dalot,24,MUN,4.4,0,3,0.13,0.18,0,1,0,1.0,0,0
,Daka,24,LEI,4.8,0,1,0.0,0.04,0,0,0,0.5,0,0
,Cucurella,24,CHE,6.1,0,1,0.04,0.05,0,2,0,21.8,0,0
,Cresswell,24,WHU,3.9,3,2,0.12,0.08,0,1,0,1.7,0,0
,Coulibaly,24,LEI,4.0,0,0,0.0,0.0,0,0,0,0.0,0,0
,Coufal,24,WHU,4.1,0,0,0.0,0.0,0,0,0,0.4,0,0
,Cook,24,BOU,4.9,0,0,0.02,0.0,0,0,0,0.0,0,0
,Colwill,24,CHE,4.8,0,1,0.01,0.06,0,1,2,0.1,0,0
,Collins,24,BRE,4.9,0,0,0.03,0.0,0,0,0,1.1,0,0
,Clyne,24,CRY,3.9,0,0,0.0,0.0,0,0,0,0.5,0,0
,Clarke (Jack),24,IPS,5.4,0,0,0.01,0.0,0,0,0,0.0,0,0
,Christie,24,BOU,5.0,0,1,0.28,0.03,0,2,0,0.1,0,0
,Chalobah,24,CHE,5.1,0,0,0.0,0.0,0,0,0,7.6,0,0
,Castagne,24,FUL,4.4,0,0,0.01,0.0,0,0,0,0.1,0,0
,Carvalho,24,BRE,4.9,0,1,0.0,0.28,0,0,0,0.2,0,0
,Calafiori,24,ARS,5.8,0,0,0.0,0.0,0,0,0,16.0,0,0
,Cajuste,24,IPS,4.5,0,1,0.01,0.04,0,1,2,0.1,0,0
,Moises Caicedo,24,CHE,6.0,0,0,0.04,0.0,0,1,0,19.8,0,0
,Burn,24,NEW,5.2,0,1,0.01,0.12,0,0,0,10.7,0,0
,Bueno (Santiago),24,WOL,4.4,0,0,0.0,0.0,0,0,0,0.1,0,0
,Brooks,24,BOU,5.0,1,0,0.11,0.0,0,1,0,0.2,0,0
,Broadhead,24,IPS,4.9,0,2,0.14,0.31,0,1,0,0.0,0,0
,Bree,24,SOU,3.9,0,1,0.01,0.02,0,1,0,0.3,0,0
,Branthwaite,24,EVE,5.3,0,1,0.03,0.23,1,1,4,0.2,0,0
,Bradley,24,LIV,5.0,0,1,0.03,0.03,0,0,0,0.2,0,0
,Bowen,24,WHU,7.7,0,3,0.43,0.2,0,2,0,7.6,0,0
,Bruno Fernandes,24,MUN,8.9,6,2,0.26,0.19,0,2,0,16.3,0,0
,Boly,24,NFO,3.9,0,0,0.0,0.0,0,0,0,0.5,0,0
,Bogarde,24,AVL,4.0,0,0,0.01,0.0,0,0,0,0.7,0,0
,Bissouma,24,TOT,5.2,0,2,0.04,0.07,0,1,0,0.0,0,0
,Bergvall,24,TOT,5.4,0,1,0.0,0.07,0,0,0,0.4,0,0
,Berge,24,FUL,4.9,0,0,0.02,0.0,0,2,0,0.1,0,0
,Bentancur,24,TOT,5.3,0,0,0.19,0.0,0,3,2,0.4,0,0
,Bellegarde,24,WOL,5.2,0,1,0.15,0.15,0,1,0,0.0,0,0
,Bednarek,24,SOU,4.0,0,1,0.0,0.06,0,0,2,1.9,0,0
,Bassey,24,FUL,4.5,0,1,0.02,0.15,0,0,0,0.6,0,0
,Bailey,24,AVL,5.5,1,2,0.02,0.06,0,0,0,0.1,0,0
,Ayew,24,LEI,5.1,4,2,0.09,0.07,0,2,0,0.2,0,0
,Awoniyi,24,NFO,5.2,0,1,0.01,0.36,0,0,0,0.4,0,0
,Kepa,24,BOU,4.2,0,0,0.0,0.0,0,0,0,0.5,5,0
,Aribo,24,SOU,4.9,0,2,0.01,0.27,0,0,0,0.1,0,0
,Areola,24,WHU,4.3,0,0,0.0,0.0,0,0,0,2.1,3,0
,Joelinton,24,NEW,5.9,0,0,0.02,0.0,0,1,0,0.3,0,0
,Anderson,24,NFO,5.3,2,0,0.04,0.0,0,2,0,3.0,0,0
,Andersen,24,FUL,4.5,0,0,0.08,0.0,0,2,0,2.8,0,0
,Alexander-Arnold,24,LIV,7.2,1,3,0.04,0.15,0,2,0,16.7,0,0
,Alcaraz,24,EVE,5.2,0,0,0.0,0.0,0,0,0,0.1,0,0
,Akanji,24,MCI,5.4,0,1,0.03,0.16,0,0,0,0.3,0,0
,Ajer,24,BRE,4.4,0,1,0.02,0.06,0,1,0,0.2,0,0
,Ait Nouri,24,WOL,5.8,0,0,0.0,0.0,0,0,0,4.9,0,0
,Aina,24,NFO,4.7,0,0,0.03,0.0,0,1,0,2.5,0,0
,Agbadou,24,WOL,4.3,0,0,0.0,0.0,0,0,2,0.2,0,0
,Adingra,24,BHA,5.1,0,1,0.01,0.03,0,0,0,0.5,0,0
,Tosin,24,CHE,4.3,0,3,0.02,0.24,0,0,0,0.4,0,0
,Adams (Tyler),24,BOU,5.0,0,0,0.01,0.0,0,0,0,0.4,0,0
,Álvarez (Edson),25,WHU,4.9,0,0,0.04,0.0,0,0,0,0.1,0,0
,van den Berg,25,BRE,4.5,0,0,0.0,0.0,0,0,2,0.6,0,0
,van Hecke,25,BHA,4.4,0,0,0.0,0.0,0,0,0,1.3,0,0
,van Dijk,25,LIV,6.0,0,1,0.02,0.02,0,1,2,23.6,0,0
,Danilo,25,NFO,4.7,0,0,0.0,0.0,0,0,0,0.0,0,0
,Gabriel Magalhães,25,ARS,6.6,0,0,0.04,0.0,0,1,0,41.0,0,0
,de Ligt,25,MUN,5.0,0,2,0.09,0.14,0,1,2,3.0,0,0
,André,25,WOL,5.4,0,1,0.01,0.02,0,2,0,0.1,0,0
,Zirkzee,25,MUN,5.8,0,2,0.16,0.37,0,1,0,0.4,0,0
,Zabarnyi,25,BOU,5.0,0,0,0.01,0.0,0,0,2,0.0,0,0
,Young (Ashley),25,EVE,4.2,0,1,0.0,0.05,0,0,0,1.4,0,0
,Yarmolyuk,25,BRE,5.0,0,0,0.0,0.0,0,0,0,0.1,0,0
,Woolfenden,25,IPS,3.9,0,0,0.0,0.0,0,0,0,1.2,0,0
,Wood (Chris),25,NFO,7.2,0,1,0.02,0.14,0,1,0,6.5,0,0
,Wood (Nathan),25,SOU,3.9,0,0,0.0,0.0,0,0,0,1.0,0,0
,Wissa,25,BRE,7.4,0,3,0.03,0.37,0,0,0,0.5,0,0
,Wilson (Callum),25,NEW,5.8,0,0,0.0,0.0,0,0,0,0.4,0,0
,Willock,25,NEW,5.0,0,0,0.01,0.0,0,1,0,0.1,0,0
,Williams (Neco),25,NFO,4.7,0,3,0.02,0.1,0,0,0,3.5,0,0
,Wharton,25,CRY,5.0,0,0,0.07,0.0,0,2,0,0.5,0,0
,Welbeck,25,BHA,6.5,0,1,0.45,0.03,1,2,0,7.9,0,0
,Webster,25,BHA,4.4,0,0,0.0,0.0,0,0,2,0.0,0,0
,Watkins,25,AVL,8.5,0,5,0.11,0.96,0,0,0,6.6,0,0
,Ward-Prowse,25,WHU,5.7,7,1,0.21,0.04,0,1,0,0.2,0,0
,Wan-Bissaka,25,WHU,4.3,0,0,0.02,0.0,0,0,0,5.8,0,0
,Walker-Peters,25,SOU,4.3,1,0,0.03,0.0,0,1,2,0.3,0,0
,Vicario,25,TOT,5.1,0,0,0.0,0.0,0,0,0,10.1,6,0
,Verbruggen,25,BHA,4.4,0,0,0.0,0.0,0,1,0,4.1,1,0
,Veltman,25,BHA,4.3,0,1,0.0,0.27,0,0,0,0.1,0,0
,Vardy,25,LEI,5.4,0,0,0.03,0.0,0,1,0,5.2,0,0
,Ugochukwu,25,SOU,5.0,0,1,0.19,0.02,0,3,0,0.1,0,0
,Tuanzebe,25,IPS,3.9,0,0,0.01,0.0,0,0,0,1.8,0,0
,Trossard,25,ARS,6.9,0,1,0.2,0.22,1,1,0,0.5,0,0
,Trippier,25,NEW,5.0,1,0,0.03,0.0,0,1,0,2.7,0,0
,Traoré (Adama),25,FUL,5.2,0,2,0.75,0.2,1,3,0,0.2,0,0
,Townsend,25,IPS,3.9,0,0,0.08,0.0,0,1,2,0.5,0,0
,Tonali,25,NEW,5.4,0,0,0.01,0.0,0,0,0,1.3,0,0
,Lucas Paquetá,25,WHU,5.9,0,2,0.18,0.1,0,3,0,2.5,0,0
,Jurriën Timber,25,ARS,6.1,0,0,0.03,0.0,0,0,0,25.1,0,0
,Tierney,25,ARS,4.3,0,0,0.0,0.0,0,0,0,0.1,0,0
,Tielemans,25,AVL,5.9,4,3,0.23,0.21,0,3,2,0.6,0,0
,Tel,25,TOT,6.3,0,7,0.06,0.72,0,1,0,0.1,0,0
,Diogo Jota,25,LIV,7.2,0,10,0.36,1.23,1,1,0,2.6,0,0
,Taylor (Jack),25,IPS,4.8,0,0,0.0,0.0,0,0,0,0.0,0,0
,Tavernier,25,BOU,5.5,1,1,0.0,0.1,0,0,0,1.6,0,1
,Tarkowski,25,EVE,5.5,0,0,0.0,0.0,0,0,2,6.3,0,0
,Szoboszlai,25,LIV,6.5,1,4,0.54,0.31,0,3,0,4.2,0,0
,Sulemana,25,SOU,5.0,0,5,0.03,0.35,0,1,0,0.0,0,0
,Sugawara,25,SOU,4.2,0,1,0.07,0.02,0,1,0,0.1,0,0
,Stones,25,MCI,5.5,0,0,0.0,0.0,0,0,0,0.7,0,0
,Sterling,25,ARS,6.7,0,1,0.06,0.02,0,1,0,0.8,0,0
,Spence,25,TOT,4.5,0,1,0.14,0.02,0,1,0,1.6,0,0
,Soumaré,25,LEI,4.4,0,0,0.02,0.0,0,0,0,0.3,0,0
,Soucek,25,WHU,5.7,0,1,0.02,0.12,0,0,0,0.2,0,0
,Son,25,TOT,8.5,4,3,0.14,0.16,0,4,0,0.1,0,0
,Soler (Carlos),25,WHU,5.0,1,0,0.0,0.0,0,0,0,0.0,0,0
,Smith-Rowe,25,FUL,5.6,0,3,0.03,0.56,0,0,0,0.4,0,0
,Smallbone,25,SOU,5.0,1,0,0.1,0.0,0,1,0,0.0,0,0
,Sinisterra,25,BOU,5.0,0,0,0.0,0.0,0,0,0,0.0,0,0
,Sessegnon (Ryan),25,FUL,5.4,0,0,0.0,0.0,0,0,0,0.4,0,0
,Semenyo,25,BOU,8.1,0,1,0.06,0.22,0,2,0,64.4,0,0
,Semedo,25,WOL,4.5,0,1,0.01,0.03,0,0,0,0.6,0,0
,Sels,25,NFO,4.8,0,0,0.0,0.0,0,0,0,8.3,8,0
,Scott,25,BOU,5.0,0,1,0.1,0.05,0,0,0,0.3,0,0
,Schär,25,NEW,5.4,0,0,0.0,0.0,0,0,2,1.9,0,0
,Schade,25,BRE,7.0,0,3,0.02,0.57,0,0,0,0.7,0,0
,Scarles,25,WHU,4.4,0,2,0.01,0.09,0,0,0,0.0,0,0
,Ismaila Sarr,25,CRY,6.6,0,2,0.08,0.24,0,1,0,11.6,0,0
,Sarr (Pape),25,TOT,4.9,0,0,0.04,0.0,0,2,0,1.7,0,0
,Sarabia,25,WOL,5.0,0,2,0.01,0.11,0,1,0,0.1,0,0
,Matheus Cunha,25,WOL,7.9,1,6,0.17,0.47,0,1,0,4.4,0,1
,Welington,25,SOU,4.0,0,0,0.01,0.0,0,0,0,0.0,0,0
,Murillo,25,NFO,5.3,0,0,0.01,0.0,0,0,2,2.0,0,0
,Ederson,25,MCI,5.3,0,0,0.01,0.0,1,1,0,0.9,1,0
,Sangaré,25,NFO,4.9,0,0,0.0,0.0,0,0,0,0.1,0,0
,Sancho,25,MUN,5.8,0,0,0.04,0.0,0,1,0,0.2,0,0
,Saliba,25,ARS,6.0,0,0,0.01,0.0,0,0,0,11.6,0,0
,Salah,25,LIV,14.2,0,4,0.14,1.33,0,2,0,24.9,0,0
,Rutter,25,BHA,5.7,0,1,0.02,0.09,0,1,0,0.5,0,0
,Rogers,25,AVL,6.8,0,6,0.18,0.87,0,4,0,4.8,0,0
,Morato,25,NFO,4.4,0,0,0.01,0.0,0,0,0,0.1,0,0
,Robinson (Antonee),25,FUL,4.9,0,0,0.04,0.0,0,0,0,0.5,0,0
,Robertson,25,LIV,5.8,3,1,0.35,0.05,0,5,0,0.9,0,0
,Richards (Chris),25,CRY,4.5,0,1,0.01,0.13,0,0,2,3.2,0,0
,Rice,25,ARS,6.8,3,1,0.02,0.12,0,1,0,16.4,0,0
,Reed,25,FUL,4.4,0,1,0.0,0.13,0,0,0,0.2,0,0
,Raya Martin,25,ARS,5.8,0,0,0.0,0.0,0,0,0,31.3,2,0
,Rashford,25,AVL,7.0,9,5,0.83,0.23,0,4,0,0.0,0,0
,Ramsey (Jacob),25,AVL,5.3,0,0,0.1,0.0,0,1,0,0.2,0,0
,Alisson,25,LIV,5.4,0,0,0.0,0.0,0,0,0,5.8,4,0
,Ramsdale,25,SOU,4.8,0,0,0.0,0.0,0,0,0,0.6,5,0
,Quansah,25,LIV,3.9,0,0,0.01,0.0,0,0,0,1.0,0,0
,Porro,25,TOT,5.5,5,0,0.15,0.0,0,3,0,18.4,0,0
,Pinnock,25,BRE,4.3,0,0,0.0,0.0,0,0,0,0.1,0,0
,Pickford,25,EVE,5.5,0,0,0.0,0.0,0,0,0,9.7,5,0
,Phillips (Kalvin),25,IPS,4.8,1,1,0.06,0.06,0,0,2,0.1,0,0
,Pereira,25,FUL,5.3,1,0,0.1,0.0,0,0,0,0.1,0,0
,Partey,25,ARS,4.9,0,1,0.04,0.04,0,0,0,0.7,0,0
,Emerson,25,WHU,4.4,1,1,0.01,0.01,0,0,0,0.1,0,0
,Palmer (Alex),25,IPS,4.5,0,0,0.0,0.0,0,0,0,0.1,6,0
,Palmer (Cole),25,CHE,10.3,4,2,0.18,0.16,0,0,0,9.2,0,0
,O’Riley,25,BHA,5.5,0,0,0.0,0.0,0,0,0,0.4,0,0
,O’Reilly,25,MCI,4.9,0,0,0.0,0.0,0,0,0,1.1,0,0
,Dango Ouattara,25,BOU,6.0,0,4,0.18,0.64,0,0,0,0.5,0,0
,Paul Onuachu,25,SOU,4.9,0,2,0.09,0.05,0,2,0,0.3,0,0
,Onana,25,MUN,4.9,0,0,0.0,0.0,0,0,0,0.2,6,0
,Okoli,25,LEI,4.0,0,0,0.0,0.0,0,0,0,0.4,0,0
,Odobert,25,TOT,5.3,0,0,0.0,0.0,0,0,0,0.0,0,0
,Odegaard,25,ARS,7.8,0,1,0.73,0.05,0,2,0,1.4,0,0
,Obi-Martin,25,MUN,4.3,0,0,0.0,0.0,0,0,0,1.5,0,0
,O'Shea,25,IPS,3.8,0,0,0.0,0.0,0,0,2,1.2,0,0
,O'Brien,25,EVE,4.9,0,0,0.01,0.0,0,0,0,0.4,0,0
,Núñez,25,LIV,6.5,0,1,0.0,0.75,0,0,0,0.1,0,0
,Nwaneri,25,ARS,5.2,4,4,0.57,0.18,1,2,0,0.1,0,0
,Matheus Nunes,25,MCI,5.3,0,0,0.0,0.0,0,0,0,0.8,0,0
,Norgaard,25,BRE,5.2,0,1,0.07,0.06,0,1,0,0.1,0,0
,Nkunku,25,CHE,5.9,0,0,0.12,0.0,0,0,0,0.1,0,0
,Eddie Nketiah,25,CRY,5.4,0,1,0.0,0.08,0,0,0,0.4,0,0
,Neto,25,CHE,7.1,0,2,0.02,0.17,0,1,0,5.9,0,0
,Ndidi,25,LEI,4.9,0,2,0.0,0.11,0,0,0,0.2,0,0
,Mykolenko,25,EVE,4.9,0,0,0.01,0.0,0,0,0,0.4,0,0
,Muñoz,25,CRY,5.7,0,1,0.03,0.06,0,1,0,15.3,0,0
,Murphy (Jacob),25,NEW,6.1,0,0,0.01,0.0,0,0,0,1.1,0,0
,Rodrigo Muniz,25,FUL,5.4,0,1,0.0,0.17,0,0,0,1.0,0,0
,Munetsi,25,WOL,5.4,0,2,0.01,0.6,0,0,0,0.1,0,0
,Savinho,25,MCI,6.9,0,3,0.13,0.45,1,1,0,0.5,0,0
,Mitoma,25,BHA,6.2,0,2,0.02,0.21,0,0,0,2.3,0,1
,Mitchell,25,CRY,5.0,0,0,0.01,0.0,0,0,0,2.2,0,0
,Minteh,25,BHA,6.0,2,2,0.18,0.36,0,3,2,4.4,0,2
,Mings,25,AVL,4.4,0,1,0.1,0.12,0,0,0,0.9,0,0
,Miley (Lewis),25,NEW,4.4,0,1,0.01,0.41,0,0,0,2.1,0,0
,Milenkovic,25,NFO,5.2,0,0,0.01,0.0,0,1,0,4.0,0,0
,Merino,25,ARS,5.9,0,2,0.01,0.74,0,0,0,0.5,0,0
,Mcatee,25,MCI,5.2,0,1,0.0,0.55,0,0,0,0.1,0,0
,McGinn,25,AVL,5.4,2,1,0.14,0.1,0,2,2,0.6,0,0
,Mbeumo,25,BRE,8.3,2,3,0.25,0.42,0,3,0,28.5,0,0
,Mazraoui,25,MUN,4.9,0,0,0.17,0.0,0,1,2,0.2,0,0
,Mavropanos,25,WHU,4.4,0,1,0.01,0.04,0,0,0,0.1,0,0
,Mavididi,25,LEI,5.0,1,1,0.0,0.01,0,0,0,0.3,0,0
,Mateta,25,CRY,7.9,0,2,0.5,0.74,0,2,0,23.0,0,0
,Martinez,25,AVL,5.0,0,0,0.0,0.0,0,0,0,2.0,4,0
,Omar Marmoush,25,MCI,8.3,4,4,0.16,0.71,0,0,0,2.6,0,1
,Manning,25,SOU,4.3,0,0,0.08,0.0,0,1,0,0.1,0,0
,José Sá,25,WOL,4.4,0,0,0.0,0.0,0,0,0,1.2,1,0
,Malen,25,AVL,5.1,0,3,0.03,0.1,0,1,0,0.7,0,0
,Maguire,25,MUN,4.4,0,0,0.01,0.0,0,1,0,0.8,0,0
,Madueke,25,CHE,6.8,0,0,0.05,0.0,0,1,0,0.6,0,0
,Maddison,25,TOT,6.9,0,1,0.28,0.72,0,1,0,0.1,0,0
,Mac Allister,25,LIV,6.3,8,1,0.15,0.07,0,1,4,1.2,0,0
,Maatsen,25,AVL,4.3,0,2,0.22,0.07,0,2,0,0.4,0,0
,Luongo,25,IPS,4.3,0,0,0.0,0.0,0,0,0,0.2,0,0
,Lukic,25,FUL,5.0,7,2,0.25,0.13,0,6,0,0.1,0,0
,Longstaff (Sean),25,NEW,4.9,0,0,0.0,0.0,0,0,0,1.1,0,0
,Livramento,25,NEW,4.9,0,0,0.03,0.0,0,0,0,3.1,0,0
,Luis Guilherme,25,WHU,4.9,0,0,0.0,0.0,0,0,0,0.0,0,0
,Lindstrom,25,EVE,5.0,0,1,0.26,0.11,0,1,2,0.1,0,0
,Lewis-Skelly,25,ARS,5.2,0,0,0.03,0.0,0,0,0,1.7,0,0
,Lewis-Potter,25,BRE,4.9,0,2,0.26,0.14,0,2,2,0.3,0,0
,Lewis (Rico),25,MCI,4.9,0,0,0.02,0.0,0,0,0,1.7,0,0
,Lerma,25,CRY,4.9,0,0,0.01,0.0,0,1,2,0.1,0,0
,Leno,25,FUL,5.0,0,0,0.0,0.0,0,0,0,1.6,1,0
,Lamptey,25,BHA,4.4,0,1,0.0,0.03,0,0,0,0.1,0,0
,Lacroix,25,CRY,5.0,0,2,0.08,0.15,0,1,0,3.7,0,0
,Kulusevski,25,TOT,6.4,1,4,0.07,0.33,0,1,0,0.0,0,0
,Kudus,25,WHU,6.7,0,3,0.03,0.3,0,0,0,30.1,0,0
,Kristiansen,25,LEI,4.4,2,0,0.1,0.0,0,1,0,0.1,0,0
,Krafth,25,NEW,4.4,0,0,0.0,0.0,0,0,0,0.0,0,0
,Kovacic,25,MCI,5.9,0,0,0.0,0.0,0,0,0,0.0,0,0
,Konaté,25,LIV,5.4,0,0,0.06,0.0,0,2,2,2.7,0,0
,Kluivert,25,BOU,7.0,3,1,0.08,0.02,0,4,0,1.0,0,0
,Kilman,25,WHU,4.3,0,0,0.09,0.0,0,1,0,0.2,0,0
,Khusanov,25,MCI,5.4,0,0,0.01,0.0,0,0,0,0.3,0,0
,Kerkez,25,BOU,5.7,0,1,0.01,0.02,0,1,0,3.6,0,0
,Kayode,25,BRE,4.5,0,0,0.0,0.0,0,0,0,0.4,0,0
,Kamara,25,AVL,4.9,0,0,0.0,0.0,0,0,0,0.2,0,0
,Kamada,25,CRY,5.0,0,0,0.16,0.0,0,1,0,0.2,0,0
,Jørgensen,25,CHE,4.4,0,0,0.0,0.0,0,0,0,0.2,3,0
,Justin,25,LEI,4.0,0,0,0.0,0.0,0,0,0,0.2,0,0
,João Pedro,25,BHA,7.4,0,2,0.01,0.33,0,0,0,45.5,0,0
,Jones,25,LIV,5.4,0,1,0.34,0.05,0,0,0,0.1,0,0
,Johnson (Ben),25,IPS,3.8,0,0,0.0,0.0,0,0,0,1.9,0,0
,Johnson (Brennan),25,TOT,6.7,0,0,0.06,0.0,0,0,0,3.1,0,0
,Raúl Jiménez,25,FUL,6.2,0,7,0.08,0.51,1,2,0,0.8,0,0
,Jensen,25,BRE,4.9,0,0,0.02,0.0,0,1,0,0.1,0,0
,Jebbison,25,BOU,4.5,0,0,0.0,0.0,0,0,0,1.1,0,0
,Janelt,25,BRE,4.9,0,0,0.01,0.0,0,0,0,0.0,0,0
,James,25,CHE,5.5,1,0,0.02,0.0,0,1,0,7.9,0,0
,Iwobi,25,FUL,6.5,0,4,0.18,0.23,0,2,0,1.7,0,0
,Isak,25,NEW,10.4,0,1,0.0,0.04,0,0,0,5.1,0,0
,Iroegbunam,25,EVE,4.9,0,0,0.0,0.0,0,0,0,0.0,0,0
,Højlund,25,MUN,6.3,0,3,0.0,0.08,0,0,0,0.3,0,0
,Hutchinson,25,IPS,5.4,0,0,0.1,0.0,0,1,2,0.0,0,0
,Huijsen,25,BOU,4.5,0,0,0.02,0.0,0,0,0,5.0,0,0
,Hughes,25,CRY,4.8,2,1,0.11,0.02,0,1,2,0.1,0,0
,Hudson-Odoi,25,NFO,5.8,0,1,0.06,0.1,0,0,0,0.8,0,0
,Hirst,25,IPS,5.4,0,0,0.0,0.0,0,0,0,0.1,0,0
,Hinshelwood,25,BHA,5.1,0,0,0.01,0.0,0,0,0,0.0,0,0
,Hermansen,25,LEI,4.4,0,0,0.01,0.0,0,0,0,0.2,3,0
,Henderson,25,CRY,5.0,0,0,0.0,0.0,0,0,0,7.6,4,0
,Harrison (Jack),25,EVE,5.2,2,0,0.05,0.0,0,1,0,0.1,0,0
,Lewis Hall,25,NEW,5.2,2,0,0.08,0.0,0,1,0,0.8,0,0
,Haaland,25,MCI,14.8,0,2,0.36,0.17,1,2,0,69.7,0,0
,Gómez (Diego),25,BHA,4.9,0,0,0.0,0.0,0,0,0,0.1,0,0
,Gvardiol,25,MCI,5.9,0,0,0.03,0.0,0,1,0,5.4,0,0
,Gusto,25,CHE,4.9,0,1,0.03,0.06,0,1,0,1.0,0,0
,Gundogan,25,MCI,6.3,1,0,0.1,0.0,0,2,0,0.1,0,0
,Bruno Guimarães,25,NEW,6.6,0,1,0.02,0.03,0,0,0,3.7,0,0
,Gueye,25,EVE,5.4,0,1,0.02,0.05,0,0,2,0.1,0,0
,Marc Guehi,25,CRY,5.0,0,1,0.6,0.07,1,1,0,34.1,0,0
,Greaves,25,IPS,3.8,0,0,0.0,0.0,0,0,0,2.3,0,0
,Gray (Archie),25,TOT,4.8,0,0,0.0,0.0,0,0,0,0.1,0,0
,Gravenberch,25,LIV,5.6,0,0,0.25,0.0,0,1,0,4.0,0,0
,Gordon (Anthony),25,NEW,7.5,1,0,0.01,0.0,0,0,0,3.1,0,0
,González (Nico),25,MCI,5.9,0,0,0.04,0.0,0,0,0,0.1,0,0
,João Gomes,25,WOL,5.4,0,2,0.03,0.18,0,1,0,0.1,0,0
,Beto,25,EVE,5.2,0,3,0.04,0.52,0,2,0,3.3,0,0
,Toti,25,WOL,4.3,0,0,0.01,0.0,0,0,2,0.1,0,0
,Gibbs-White,25,NFO,7.3,0,0,0.05,0.0,0,1,0,2.9,0,0
,George,25,CHE,4.9,0,1,0.0,0.06,0,0,0,0.1,0,0
,Garner,25,EVE,5.0,0,0,0.04,0.0,0,2,2,0.9,0,0
,Garnacho,25,MUN,6.4,0,4,0.07,0.38,0,1,0,0.4,0,0
,García,25,AVL,3.9,0,2,0.16,0.04,0,0,0,0.3,0,0
,Gonçalo Guedes,25,WOL,5.5,0,0,0.05,0.0,0,1,0,0.0,0,0
,Jorginho,25,ARS,4.6,0,0,0.0,0.0,0,0,0,0.2,0,0
,Casemiro,25,MUN,5.5,0,2,0.19,0.2,0,2,2,0.6,0,0
,Foden,25,MCI,8.0,2,1,0.19,0.03,0,3,0,4.3,0,0
,Flekken,25,BRE,4.5,0,0,0.0,0.0,0,0,0,10.0,3,0
,Jota Silva,25,NFO,5.4,0,0,0.0,0.0,0,0,0,0.0,0,0
,Fernández,25,CHE,6.7,4,1,0.1,0.02,0,0,0,14.3,0,0
,Ferguson,25,WHU,5.5,0,2,0.24,0.12,0,1,0,0.0,0,0
,Faes,25,LEI,3.8,0,0,0.0,0.0,0,0,0,5.2,0,0
,Eze,25,CRY,7.6,3,4,0.11,0.17,0,3,0,14.2,0,0
,Mateus Fernandes,25,SOU,5.5,2,0,0.09,0.0,0,1,0,0.0,0,0
,Endo,25,LIV,4.9,0,0,0.0,0.0,0,0,0,0.1,0,0
,Enciso,25,IPS,5.4,0,1,0.0,0.02,0,0,0,0.0,0,0
,Elanga,25,NFO,6.7,4,2,0.04,0.06,0,1,0,3.7,0,0
,El Khannouss,25,LEI,4.8,0,1,0.13,0.02,0,2,0,0.2,0,0
,Díaz,25,LIV,8.0,0,1,0.11,0.16,0,0,0,0.0,0,0
,Dubravka,25,NEW,4.0,0,0,0.0,0.0,0,0,0,34.4,3,0
,Doyle (Tommy),25,WOL,4.7,1,1,0.0,0.07,0,0,0,0.0,0,0
,Dorgu,25,MUN,4.3,0,1,0.06,0.03,0,2,0,3.1,0,0
,Doku,25,MCI,6.5,0,0,0.02,0.0,0,1,0,5.0,0,0
,Doherty,25,WOL,4.4,0,0,0.15,0.0,0,0,0,0.1,0,0
,Disasi,25,AVL,4.2,0,0,0.25,0.0,0,1,0,0.4,0,0
,Digne,25,AVL,4.5,1,1,0.13,0.03,1,2,0,1.6,0,0
,Dibling,25,SOU,5.4,0,0,0.12,0.0,0,0,0,0.0,0,0
,Dewsbury-Hall,25,CHE,4.9,0,0,0.0,0.0,0,0,0,2.9,0,0
,Devenny,25,CRY,4.4,1,1,0.0,0.03,0,0,0,1.1,0,0
,Delap,25,IPS,6.2,0,2,0.0,0.29,0,0,0,0.9,0,0
,DeCordova-Reid,25,LEI,5.2,0,1,0.01,0.03,0,0,0,0.1,0,0
,Davies (Ben),25,TOT,4.3,0,1,0.04,0.09,0,1,0,0.1,0,0
,Danso,25,TOT,4.3,0,1,0.03,0.04,0,1,0,0.2,0,0
,Damsgaard,25,BRE,5.8,0,2,0.44,0.11,0,2,0,0.6,0,0
,Dalot,25,MUN,4.4,0,1,0.03,0.31,0,0,0,1.0,0,0
,Daka,25,LEI,4.8,0,0,0.0,0.0,0,0,0,0.5,0,0
,Cucurella,25,CHE,6.1,0,0,0.06,0.0,0,1,0,21.8,0,0
,Coulibaly,25,LEI,4.0,0,0,0.03,0.0,0,0,0,0.0,0,0
,Cook,25,BOU,4.9,0,1,0.11,0.02,0,2,0,0.0,0,0
,Colwill,25,CHE,4.8,0,0,0.02,0.0,0,0,0,0.1,0,0
,Collins,25,BRE,4.9,0,0,0.0,0.0,0,0,2,1.1,0,0
,Clarke (Jack),25,IPS,5.4,0,0,0.0,0.0,0,0,0,0.0,0,0
,Christie,25,BOU,5.0,0,3,0.26,0.09,1,2,2,0.1,0,1
,Chilwell,25,CRY,4.6,0,1,0.25,0.05,0,0,0,0.5,0,0
,Chalobah,25,CHE,5.1,0,1,0.02,0.08,0,0,0,7.6,0,0
,Castagne,25,FUL,4.4,0,1,0.02,0.03,0,0,0,0.1,0,0
,Cash,25,AVL,4.6,0,1,0.02,0.02,0,1,0,5.2,0,0
,Carvalho,25,BRE,4.9,0,0,0.0,0.0,0,0,0,0.2,0,0
,Pedro Lima,25,WOL,4.0,0,0,0.0,0.0,0,0,0,0.5,0,0
,Calafiori,25,ARS,5.8,0,0,0.0,0.0,0,0,0,16.0,0,0
,Cajuste,25,IPS,4.5,0,0,0.0,0.0,0,0,0,0.1,0,0
,Moises Caicedo,25,CHE,6.0,0,0,0.02,0.0,0,0,0,19.8,0,0
,Burn,25,NEW,5.2,0,0,0.0,0.0,0,0,2,10.7,0,0
,Buonanotte,25,LEI,4.7,0,1,0.0,0.04,0,0,0,0.1,0,0
,Bueno (Santiago),25,WOL,4.4,0,0,0.0,0.0,0,0,0,0.1,0,0
,Brooks,25,BOU,5.0,2,1,0.01,0.03,0,0,0,0.2,0,0
,Bree,25,SOU,3.9,0,1,0.01,0.02,0,0,0,0.3,0,0
,Branthwaite,25,EVE,5.3,0,0,0.0,0.0,0,0,2,0.2,0,0
,Bradley,25,LIV,5.0,0,0,0.04,0.0,0,0,0,0.2,0,0
,Bowen,25,WHU,7.7,0,0,0.05,0.0,0,1,0,7.6,0,0
,Bruno Fernandes,25,MUN,8.9,5,1,0.17,0.02,0,4,2,16.3,0,0
,Willian,25,FUL,5.0,0,0,0.07,0.0,0,1,0,0.0,0,0
,Bogarde,25,AVL,4.0,0,0,0.0,0.0,0,0,0,0.7,0,0
,Bissouma,25,TOT,5.2,0,1,0.04,0.04,0,0,0,0.0,0,0
,Bergvall,25,TOT,5.4,0,2,0.02,0.16,0,1,0,0.4,0,0
,Berge,25,FUL,4.9,0,1,0.02,0.08,0,1,0,0.1,0,0
,Bentancur,25,TOT,5.3,0,1,0.04,0.01,0,2,0,0.4,0,0
,Bellegarde,25,WOL,5.2,0,0,0.4,0.0,0,3,0,0.0,0,0
,Bednarek,25,SOU,4.0,0,0,0.0,0.0,0,0,2,1.9,0,0
,Bassey,25,FUL,4.5,0,2,0.0,0.16,0,0,0,0.6,0,0
,Baleba,25,BHA,4.7,0,2,0.01,0.07,0,0,2,2.1,0,0
,Ayew,25,LEI,5.1,0,0,0.03,0.0,0,0,0,0.2,0,0
,Ayari,25,BHA,4.9,0,1,0.57,0.04,0,2,0,0.3,0,0
,Asensio,25,AVL,6.0,6,4,0.09,0.37,0,1,0,2.4,0,0
,Kepa,25,BOU,4.2,0,0,0.0,0.0,0,0,0,0.5,3,0
,Aribo,25,SOU,4.9,0,0,0.03,0.0,0,0,2,0.1,0,0
,Areola,25,WHU,4.3,0,0,0.0,0.0,0,0,0,2.1,4,0
,Archer,25,SOU,4.8,0,1,0.0,0.33,0,0,0,1.1,0,0
,Anderson,25,NFO,5.3,0,1,0.02,0.02,0,0,2,3.0,0,0
,Andersen,25,FUL,4.5,0,0,0.01,0.0,0,0,2,2.8,0,0
,Alexander-Arnold,25,LIV,7.2,0,3,0.2,0.19,0,4,0,16.7,0,0
,Alcaraz,25,EVE,5.2,0,5,0.07,0.24,1,3,0,0.1,0,0
,Ajer,25,BRE,4.4,0,0,0.0,0.0,0,0,0,0.2,0,0
,Ait Nouri,25,WOL,5.8,1,0,0.1,0.0,0,2,0,4.9,0,0
,Aina,25,NFO,4.7,0,0,0.02,0.0,0,1,0,2.5,0,0
,Agbadou,25,WOL,4.3,0,1,0.01,0.01,0,0,0,0.2,0,0
,Adingra,25,BHA,5.1,0,0,0.0,0.0,0,0,0,0.5,0,0
,Adams (Tyler),25,BOU,5.0,0,0,0.04,0.0,0,2,2,0.4,0,0
,Álvarez (Edson),26,WHU,4.9,0,0,0.01,0.0,0,0,0,0.1,0,0
,van Hecke,26,BHA,4.4,0,1,0.03,0.17,0,1,2,1.3,0,0
,van Dijk,26,LIV,6.0,0,0,0.0,0.0,0,0,2,23.6,0,0
,Gabriel Magalhães,26,ARS,6.6,0,2,0.09,0.14,0,0,0,41.0,0,0
,de Ligt,26,MUN,5.0,0,0,0.01,0.0,0,0,2,3.0,0,0
,André,26,WOL,5.4,0,0,0.01,0.0,0,0,0,0.1,0,0
,Zirkzee,26,MUN,5.8,0,2,0.02,0.16,0,0,0,0.4,0,0
,Zinchenko,26,ARS,4.9,0,2,0.03,0.1,0,0,0,0.2,0,0
,Zabarnyi,26,BOU,5.0,0,0,0.0,0.0,0,0,0,0.0,0,0
,Young (Ashley),26,EVE,4.2,0,0,0.35,0.0,0,1,0,1.4,0,0
,Yoro,26,MUN,4.4,0,0,0.03,0.0,0,0,0,1.7,0,0
,Yates,26,NFO,4.7,0,2,0.0,0.37,0,0,0,0.1,0,0
,Yarmolyuk,26,BRE,5.0,0,1,0.01,0.08,0,1,0,0.1,0,0
,Woolfenden,26,IPS,3.9,0,0,0.0,0.0,0,0,0,1.2,0,0
,Wood (Chris),26,NFO,7.2,0,1,0.68,0.03,1,3,0,6.5,0,0
,Wissa,26,BRE,7.4,0,3,0.02,0.58,0,0,0,0.5,0,0
,Wilson (Callum),26,NEW,5.8,0,1,0.0,0.05,0,0,0,0.4,0,0
,Willock,26,NEW,5.0,0,0,0.11,0.0,0,2,0,0.1,0,0
,Williams (Neco),26,NFO,4.7,0,0,0.14,0.0,0,1,0,3.5,0,0
,Wieffer,26,BHA,4.9,0,0,0.01,0.0,0,2,0,0.1,0,0
,White (Ben),26,ARS,5.3,0,1,0.01,0.06,0,0,0,0.4,0,0
,Wharton,26,CRY,5.0,0,0,0.01,0.0,0,0,0,0.5,0,0
,Webster,26,BHA,4.4,0,0,0.02,0.0,0,0,0,0.0,0,0
,Watkins,26,AVL,8.5,0,4,0.0,0.81,0,0,0,6.6,0,0
,Ward-Prowse,26,WHU,5.7,0,0,0.09,0.0,0,1,2,0.2,0,0
,Wan-Bissaka,26,WHU,4.3,0,1,0.33,0.03,1,2,0,5.8,0,0
,Walker-Peters,26,SOU,4.3,0,0,0.02,0.0,0,0,0,0.3,0,0
,Vicario,26,TOT,5.1,0,0,0.0,0.0,0,0,0,10.1,4,0
,Vestergaard,26,LEI,3.9,0,0,0.0,0.0,0,0,0,1.5,0,0
,Verbruggen,26,BHA,4.4,0,0,0.0,0.0,0,0,0,4.1,1,0
,Vardy,26,LEI,5.4,0,3,0.0,0.37,0,0,0,5.2,0,0
,Ugochukwu,26,SOU,5.0,0,0,0.01,0.0,0,1,0,0.1,0,0
,Ugarte,26,MUN,4.8,0,3,0.02,0.07,0,0,0,0.1,0,1
,Destiny Udogie,26,TOT,4.4,0,0,0.01,0.0,0,0,0,0.4,0,0
,Tsimikas,26,LIV,4.8,0,0,0.0,0.0,0,0,0,0.1,0,0
,Trossard,26,ARS,6.9,0,5,0.22,0.31,0,3,0,0.5,0,0
,Traoré (Adama),26,FUL,5.2,0,1,0.03,0.02,0,0,0,0.2,0,0
,Tonali,26,NEW,5.4,0,0,0.0,0.0,0,0,0,1.3,0,0
,Todibo,26,WHU,4.3,0,0,0.0,0.0,0,0,0,0.1,0,0
,Jurriën Timber,26,ARS,6.1,0,0,0.04,0.0,0,1,0,25.1,0,0
,Tielemans,26,AVL,5.9,0,0,0.37,0.0,0,2,2,0.6,0,0
,Tel,26,TOT,6.3,0,0,0.0,0.0,0,0,0,0.1,0,0
,Taylor (Jack),26,IPS,4.8,0,0,0.01,0.0,0,0,0,0.0,0,0
,Tavernier,26,BOU,5.5,1,1,0.02,0.01,0,0,0,1.6,0,0
,Tarkowski,26,EVE,5.5,0,0,0.0,0.0,0,0,0,6.3,0,0
,Szoboszlai,26,LIV,6.5,0,3,0.14,0.26,0,1,0,4.2,0,0
,Sulemana,26,SOU,5.0,0,1,0.0,0.02,0,1,0,0.0,0,0
,Sugawara,26,SOU,4.2,0,1,0.0,0.02,0,0,0,0.1,0,0
,Strand Larsen,26,WOL,6.4,0,1,0.01,0.07,0,1,0,1.3,0,0
,Sterling,26,ARS,6.7,0,1,0.12,0.14,0,1,0,0.8,0,0
,Spence,26,TOT,4.5,0,1,0.01,0.11,0,0,0,1.6,0,0
,Soumaré,26,LEI,4.4,0,0,0.06,0.0,0,2,0,0.3,0,0
,Soucek,26,WHU,5.7,0,2,0.0,0.12,0,0,0,0.2,0,0
,Son,26,TOT,8.5,4,3,0.26,0.18,1,3,0,0.1,0,0
,Soler (Carlos),26,WHU,5.0,0,0,0.0,0.0,0,0,0,0.0,0,0
,Smith-Rowe,26,FUL,5.6,0,1,0.01,0.01,0,0,0,0.4,0,0
,Smallbone,26,SOU,5.0,1,0,0.0,0.0,0,0,0,0.0,0,0
,Skipp,26,LEI,4.7,0,0,0.0,0.0,0,0,0,0.0,0,0
,Semenyo,26,BOU,8.1,0,1,0.32,0.06,0,1,0,64.4,0,0
,Semedo,26,WOL,4.5,0,2,0.1,0.17,0,0,0,0.6,0,0
,Sels,26,NFO,4.8,0,0,0.0,0.0,0,0,0,8.3,1,0
,Scott,26,BOU,5.0,0,0,0.0,0.0,0,0,0,0.3,0,0
,Schär,26,NEW,5.4,0,1,0.0,0.07,0,0,2,1.9,0,0
,Schade,26,BRE,7.0,0,2,0.03,0.21,0,0,0,0.7,0,0
,Scarlett,26,TOT,4.3,0,0,0.0,0.0,0,1,0,0.6,0,0
,Scarles,26,WHU,4.4,0,0,0.01,0.0,0,0,2,0.0,0,0
,Ismaila Sarr,26,CRY,6.6,0,0,0.02,0.0,0,0,0,11.6,0,0
,Sarabia,26,WOL,5.0,0,1,0.03,0.03,0,0,0,0.1,0,0
,Matheus Cunha,26,WOL,7.9,6,3,0.24,0.71,0,4,0,4.4,0,0
,Welington,26,SOU,4.0,1,1,0.0,0.01,0,0,0,0.0,0,0
,Murillo,26,NFO,5.3,0,1,0.05,0.13,0,0,2,2.0,0,0
,Ederson,26,MCI,5.3,0,0,0.0,0.0,0,0,0,0.9,2,0
,Sangaré,26,NFO,4.9,0,0,0.0,0.0,0,0,0,0.1,0,0
,Sancho,26,MUN,5.8,0,0,0.01,0.0,0,1,0,0.2,0,0
,Saliba,26,ARS,6.0,0,0,0.02,0.0,0,0,0,11.6,0,0
,Salah,26,LIV,14.2,0,2,0.37,0.21,0,3,0,24.9,0,0
,Rutter,26,BHA,5.7,0,3,0.0,0.69,0,1,0,0.5,0,0
,Rogers,26,AVL,6.8,0,0,0.19,0.0,0,1,0,4.8,0,0
,Robinson (Antonee),26,FUL,4.9,0,1,0.05,0.01,0,0,0,0.5,0,0
,Robertson,26,LIV,5.8,0,1,0.0,0.15,0,1,0,0.9,0,0
,Richards (Chris),26,CRY,4.5,0,0,0.0,0.0,0,0,0,3.2,0,0
,Rice,26,ARS,6.8,1,1,0.17,0.02,0,2,0,16.4,0,0
,Raya Martin,26,ARS,5.8,0,0,0.0,0.0,0,0,0,31.3,1,0
,Rashford,26,AVL,7.0,1,2,0.94,0.06,1,3,0,0.0,0,0
,Ramsey (Jacob),26,AVL,5.3,0,0,0.05,0.0,0,0,0,0.2,0,0
,Alisson,26,LIV,5.4,0,0,0.0,0.0,0,0,0,5.8,5,0
,Ramsdale,26,SOU,4.8,0,0,0.0,0.0,0,0,0,0.6,8,0
,Quansah,26,LIV,3.9,0,0,0.0,0.0,0,0,0,1.0,0,0
,Porro,26,TOT,5.5,0,0,0.0,0.0,0,0,0,18.4,0,0
,Pope,26,NEW,5.2,0,0,0.0,0.0,0,0,0,12.2,2,0
,Pinnock,26,BRE,4.3,0,0,0.0,0.0,0,0,2,0.1,0,0
,Pickford,26,EVE,5.5,0,0,0.01,0.0,0,0,0,9.7,1,0
,Philogene-Bidace,26,IPS,5.3,0,4,0.06,0.2,0,2,2,0.1,0,0
,Phillips (Kalvin),26,IPS,4.8,0,1,0.09,0.02,0,1,0,0.1,0,0
,Pereira,26,FUL,5.3,1,2,0.04,0.04,0,1,0,0.1,0,0
,Partey,26,ARS,4.9,0,0,0.4,0.0,0,2,0,0.7,0,0
,Palmer (Alex),26,IPS,4.5,0,0,0.0,0.0,0,0,0,0.1,2,0
,Palmer (Cole),26,CHE,10.3,0,3,0.27,0.43,0,2,0,9.2,0,0
,Dango Ouattara,26,BOU,6.0,0,2,0.11,0.07,0,2,0,0.5,0,0
,Paul Onuachu,26,SOU,4.9,0,0,0.0,0.0,0,0,0,0.3,0,0
,Onana,26,MUN,4.9,0,0,0.0,0.0,0,0,0,0.2,6,0
,Okoli,26,LEI,4.0,0,0,0.03,0.0,0,0,2,0.4,0,0
,Odobert,26,TOT,5.3,0,0,0.0,0.0,0,0,0,0.0,0,0
,Odegaard,26,ARS,7.8,1,3,0.22,0.08,0,4,0,1.4,0,0
,Obi-Martin,26,MUN,4.3,0,0,0.01,0.0,0,0,0,1.5,0,0
,O'Shea,26,IPS,3.8,0,1,0.01,0.01,0,0,0,1.2,0,0
,O'Brien,26,EVE,4.9,0,0,0.05,0.0,0,1,0,0.4,0,0
,Nwaneri,26,ARS,5.2,0,1,0.11,0.01,0,1,0,0.1,0,0
,Norgaard,26,BRE,5.2,0,1,0.01,0.24,0,0,0,0.1,0,0
,Nkunku,26,CHE,5.9,0,1,0.2,0.04,0,2,0,0.1,0,0
,Neto,26,CHE,7.1,1,4,0.5,0.55,1,4,0,5.9,0,0
,Ndidi,26,LEI,4.9,0,0,0.03,0.0,0,0,0,0.2,0,0
,Mykolenko,26,EVE,4.9,0,0,0.04,0.0,0,0,0,0.4,0,0
,Muñoz,26,CRY,5.7,0,1,0.01,0.11,0,0,0,15.3,0,1
,Murphy (Jacob),26,NEW,6.1,0,2,0.02,1.15,0,0,0,1.1,0,0
,Rodrigo Muniz,26,FUL,5.4,0,0,0.0,0.0,0,0,0,1.0,0,0
,Munetsi,26,WOL,5.4,0,2,0.01,0.66,1,1,2,0.1,0,0
,Morsy,26,IPS,4.8,0,0,0.01,0.0,0,1,0,0.1,0,0
,Savinho,26,MCI,6.9,0,1,0.08,0.04,0,4,0,0.5,0,0
,Mitoma,26,BHA,6.2,0,2,0.02,0.94,0,0,0,2.3,0,1
,Mitchell,26,CRY,5.0,0,0,0.04,0.0,0,2,0,2.2,0,0
,Minteh,26,BHA,6.0,3,4,0.33,0.37,1,1,0,4.4,0,0
,Mings,26,AVL,4.4,0,0,0.01,0.0,0,0,0,0.9,0,0
,Miley (Lewis),26,NEW,4.4,0,2,0.04,0.13,0,1,0,2.1,0,0
,Milenkovic,26,NFO,5.2,0,2,0.01,0.34,0,0,2,4.0,0,0
,Merino,26,ARS,5.9,0,2,0.09,0.29,0,2,0,0.5,0,0
,Mcatee,26,MCI,5.2,0,0,0.0,0.0,0,0,0,0.1,0,0
,McGinn,26,AVL,5.4,0,1,0.02,0.04,0,0,0,0.6,0,0
,Mbeumo,26,BRE,8.3,3,4,0.71,0.19,1,2,0,28.5,0,0
,Mazraoui,26,MUN,4.9,0,0,0.01,0.0,0,0,2,0.2,0,0
,Mavropanos,26,WHU,4.4,0,0,0.0,0.0,0,0,0,0.1,0,0
,Mavididi,26,LEI,5.0,0,0,0.0,0.0,0,0,0,0.3,0,0
,Mateta,26,CRY,7.9,0,2,0.04,0.39,0,1,0,23.0,0,0
,Martinez,26,AVL,5.0,0,0,0.0,0.0,0,0,0,2.0,5,0
,Omar Marmoush,26,MCI,8.3,4,4,0.11,0.12,0,1,0,2.6,0,0
,José Sá,26,WOL,4.4,0,0,0.0,0.0,0,0,0,1.2,3,0
,Malen,26,AVL,5.1,0,1,0.0,0.24,0,0,0,0.7,0,0
,Maguire,26,MUN,4.4,0,0,0.0,0.0,0,0,2,0.8,0,0
,Maghoma,26,BRE,4.5,0,1,0.0,0.12,0,0,0,0.0,0,0
,Maddison,26,TOT,6.9,0,0,0.07,0.0,0,1,0,0.1,0,0
,Mac Allister,26,LIV,6.3,5,0,0.05,0.0,0,1,0,1.2,0,0
,Maatsen,26,AVL,4.3,0,0,0.05,0.0,0,0,2,0.4,0,0
,Lukic,26,FUL,5.0,6,0,0.03,0.0,0,2,2,0.1,0,0
,Livramento,26,NEW,4.9,0,0,0.31,0.0,0,2,2,3.1,0,0
,Lindstrom,26,EVE,5.0,0,0,0.01,0.0,0,0,0,0.1,0,0
,Lewis-Skelly,26,ARS,5.2,0,0,0.02,0.0,0,0,0,1.7,0,0
,Lewis-Potter,26,BRE,4.9,0,0,0.3,0.0,0,3,0,0.3,0,0
,Lewis (Rico),26,MCI,4.9,0,1,0.07,0.22,0,0,0,1.7,0,0
,Lerma,26,CRY,4.9,0,1,0.01,0.05,0,0,0,0.1,0,0
,Leno,26,FUL,5.0,0,0,0.0,0.0,0,0,0,1.6,4,0
,Lamptey,26,BHA,4.4,0,0,0.0,0.0,0,0,0,0.1,0,0
,Lacroix,26,CRY,5.0,0,1,0.0,0.57,0,0,2,3.7,0,0
,Kulusevski,26,TOT,6.4,0,1,0.07,0.05,0,3,0,0.0,0,1
,Kudus,26,WHU,6.7,0,0,0.16,0.0,0,2,0,30.1,0,0
,Kristiansen,26,LEI,4.4,0,0,0.05,0.0,0,0,0,0.1,0,0
,Kovacic,26,MCI,5.9,0,0,0.07,0.0,0,0,0,0.0,0,0
,Konsa Ngoyo,26,AVL,4.4,0,0,0.01,0.0,0,0,0,8.6,0,0
,Konaté,26,LIV,5.4,0,1,0.0,0.06,0,0,0,2.7,0,0
,Konak,26,BRE,4.4,0,0,0.0,0.0,0,0,0,0.2,0,0
,Kluivert,26,BOU,7.0,3,1,0.06,0.31,0,1,0,1.0,0,0
,Kilman,26,WHU,4.3,0,0,0.0,0.0,0,0,2,0.2,0,0
,Khusanov,26,MCI,5.4,0,0,0.03,0.0,0,1,0,0.3,0,0
,Kerkez,26,BOU,5.7,0,0,0.06,0.0,0,0,0,3.6,0,0
,Kayode,26,BRE,4.5,0,0,0.0,0.0,0,0,0,0.4,0,0
,Kamada,26,CRY,5.0,0,0,0.0,0.0,0,0,0,0.2,0,0
,Jørgensen,26,CHE,4.4,0,0,0.0,0.0,0,0,0,0.2,4,0
,João Pedro,26,BHA,7.4,0,1,0.02,0.57,1,2,0,45.5,0,1
,Jones,26,LIV,5.4,0,0,0.01,0.0,0,0,0,0.1,0,0
,Johnson (Brennan),26,TOT,6.7,0,3,0.0,1.15,0,0,0,3.1,0,0
,Raúl Jiménez,26,FUL,6.2,0,2,0.07,0.05,0,0,0,0.8,0,0
,Jebbison,26,BOU,4.5,0,0,0.0,0.0,0,0,0,1.1,0,0
,Janelt,26,BRE,4.9,0,0,0.03,0.0,0,0,0,0.0,0,0
,James,26,CHE,5.5,2,1,0.02,0.03,0,0,0,7.9,0,0
,Iwobi,26,FUL,6.5,0,1,0.07,0.01,0,1,0,1.7,0,0
,Isak,26,NEW,10.4,0,3,0.01,0.96,0,0,0,5.1,0,0
,Iroegbunam,26,EVE,4.9,0,0,0.0,0.0,0,0,0,0.0,0,0
,Højlund,26,MUN,6.3,0,0,0.01,0.0,0,1,0,0.3,0,0
,Hutchinson,26,IPS,5.4,1,4,0.08,0.44,0,3,0,0.0,0,0
,Huijsen,26,BOU,4.5,0,0,0.01,0.0,0,0,2,5.0,0,0
,Hughes,26,CRY,4.8,3,1,0.27,0.04,0,3,2,0.1,0,0
,Hudson-Odoi,26,NFO,5.8,0,2,0.03,0.04,0,1,0,0.8,0,1
,Hirst,26,IPS,5.4,0,0,0.01,0.0,0,0,0,0.1,0,0
,Hinshelwood,26,BHA,5.1,0,1,0.01,0.09,0,0,0,0.0,0,0
,Hill (James),26,BOU,4.0,0,1,0.01,0.04,0,0,0,0.8,0,0
,Hermansen,26,LEI,4.4,0,0,0.0,0.0,0,0,0,0.2,3,0
,Henderson,26,CRY,5.0,0,0,0.0,0.0,0,0,0,7.6,0,0
,Harrison (Jack),26,EVE,5.2,7,2,0.16,0.48,0,3,0,0.1,0,0
,Lewis Hall,26,NEW,5.2,2,0,0.22,0.0,0,3,2,0.8,0,0
,Gómez (Diego),26,BHA,4.9,0,0,0.26,0.0,0,1,0,0.1,0,0
,Gvardiol,26,MCI,5.9,0,0,0.05,0.0,0,2,0,5.4,0,0
,Gusto,26,CHE,4.9,0,1,0.09,0.04,0,0,2,1.0,0,0
,Gundogan,26,MCI,6.3,0,0,0.01,0.0,0,0,0,0.1,0,0
,Bruno Guimarães,26,NEW,6.6,0,1,0.03,0.08,0,0,2,3.7,0,0
,Gueye,26,EVE,5.4,0,1,0.01,0.02,0,0,2,0.1,0,0
,Marc Guehi,26,CRY,5.0,0,0,0.01,0.0,0,0,2,34.1,0,0
,Grønbæk,26,SOU,4.9,0,0,0.0,0.0,0,0,0,0.0,0,0
,Gruda,26,BHA,5.4,3,0,0.03,0.0,0,1,0,0.1,0,0
,Greaves,26,IPS,3.8,0,0,0.02,0.0,0,0,0,2.3,0,0
,Gray (Archie),26,TOT,4.8,0,0,0.01,0.0,0,1,0,0.1,0,0
,Gravenberch,26,LIV,5.6,0,0,0.0,0.0,0,0,2,4.0,0,0
,Gordon (Anthony),26,NEW,7.5,5,2,0.05,0.45,0,0,0,3.1,0,0
,González (Nico),26,MCI,5.9,0,3,0.08,0.06,0,0,0,0.1,0,0
,João Gomes,26,WOL,5.4,0,0,0.01,0.0,0,0,0,0.1,0,0
,Beto,26,EVE,5.2,0,3,0.08,0.42,0,1,0,3.3,0,0
,Toti,26,WOL,4.3,0,1,0.0,0.04,0,0,2,0.1,0,0
,Godfrey,26,IPS,4.0,0,0,0.0,0.0,0,0,0,0.0,0,0
,Gibbs-White,26,NFO,7.3,0,4,0.15,0.26,0,1,0,2.9,0,0
,Rúben Dias,26,MCI,5.5,0,0,0.01,0.0,0,0,0,4.5,0,0
,Garner,26,EVE,5.0,0,0,0.04,0.0,0,0,0,0.9,0,0
,Garnacho,26,MUN,6.4,0,1,0.04,0.06,0,0,0,0.4,0,0
,García,26,AVL,3.9,0,0,0.0,0.0,0,1,0,0.3,0,0
,Gakpo,26,LIV,7.6,0,0,0.0,0.0,0,0,0,14.1,0,0
,Casemiro,26,MUN,5.5,0,0,0.02,0.0,0,0,0,0.6,0,0
,Foden,26,MCI,8.0,3,3,0.06,0.1,0,0,0,4.3,0,0
,Flekken,26,BRE,4.5,0,0,0.01,0.0,0,1,0,10.0,3,0
,Fernández,26,CHE,6.7,0,4,0.34,1.17,0,2,0,14.3,0,0
,Ferguson,26,WHU,5.5,0,0,0.0,0.0,0,0,0,0.0,0,0
,Faes,26,LEI,3.8,0,0,0.01,0.0,0,0,2,5.2,0,0
,Eze,26,CRY,7.6,4,4,0.14,0.17,0,1,0,14.2,0,0
,Estupiñán,26,BHA,4.5,0,0,0.0,0.0,0,0,0,0.0,0,0
,Mateus Fernandes,26,SOU,5.5,2,2,0.02,0.03,0,1,0,0.0,0,0
,Endo,26,LIV,4.9,0,0,0.0,0.0,0,0,0,0.1,0,0
,Elliott,26,LIV,5.4,0,0,0.0,0.0,0,0,0,0.3,0,0
,Elanga,26,NFO,6.7,2,1,0.09,0.47,0,2,0,3.7,0,0
,El Khannouss,26,LEI,4.8,1,0,0.25,0.0,0,3,0,0.2,0,0
,Díaz,26,LIV,8.0,0,1,0.02,0.03,0,0,0,0.0,0,0
,Doyle (Tommy),26,WOL,4.7,1,0,0.0,0.0,0,0,0,0.0,0,0
,Doucouré,26,EVE,5.1,0,2,0.14,0.92,1,1,0,0.5,0,0
,Dorgu,26,MUN,4.3,0,0,0.02,0.0,0,0,0,3.1,0,0
,Nicolás Domínguez,26,NFO,5.0,0,0,0.04,0.0,0,1,2,0.0,0,0
,Doku,26,MCI,6.5,0,2,0.12,0.07,0,2,0,5.0,0,0
,Doherty,26,WOL,4.4,0,0,0.01,0.0,0,0,0,0.1,0,0
,Djiga,26,WOL,4.5,0,0,0.0,0.0,0,0,0,0.0,0,0
,Diop,26,FUL,4.4,0,0,0.03,0.0,0,0,0,0.1,0,0
,Dibling,26,SOU,5.4,1,0,0.04,0.0,0,2,0,0.0,0,0
,Devenny,26,CRY,4.4,0,0,0.0,0.0,0,0,0,1.1,0,0
,Delap,26,IPS,6.2,0,5,0.02,0.33,0,0,0,0.9,0,0
,DeCordova-Reid,26,LEI,5.2,0,0,0.01,0.0,0,0,0,0.1,0,0
,De Bruyne,26,MCI,9.5,0,2,0.07,0.04,0,2,0,11.6,0,0
,Davis,26,IPS,4.2,3,0,0.03,0.0,0,3,0,0.9,0,0
,Danso,26,TOT,4.3,0,0,0.02,0.0,0,0,0,0.2,0,0
,Damsgaard,26,BRE,5.8,3,0,0.5,0.0,1,3,0,0.6,0,0
,Dalot,26,MUN,4.4,0,0,0.03,0.0,0,1,0,1.0,0,0
,Cucurella,26,CHE,6.1,0,0,0.01,0.0,0,0,0,21.8,0,0
,Cresswell,26,WHU,3.9,0,0,0.01,0.0,0,0,2,1.7,0,0
,Coulibaly,26,LEI,4.0,0,2,0.01,0.04,0,0,0,0.0,0,0
,Cook,26,BOU,4.9,1,0,0.01,0.0,0,0,2,0.0,0,0
,Colwill,26,CHE,4.8,0,1,0.0,0.04,0,0,0,0.1,0,0
,Collins,26,BRE,4.9,0,0,0.01,0.0,0,0,2,1.1,0,0
,Coady,26,LEI,4.0,0,0,0.0,0.0,0,0,0,0.5,0,0
,Clarke (Jack),26,IPS,5.4,0,1,0.1,0.05,1,3,0,0.0,0,0
,Christie,26,BOU,5.0,0,2,0.01,0.13,0,2,0,0.1,0,0
,Chilwell,26,CRY,4.6,0,0,0.0,0.0,0,0,0,0.5,0,0
,Chalobah,26,CHE,5.1,0,0,0.0,0.0,0,0,0,7.6,0,0
,Castagne,26,FUL,4.4,0,0,0.02,0.0,0,1,0,0.1,0,0
,Cash,26,AVL,4.6,0,0,0.01,0.0,0,0,0,5.2,0,0
,Carvalho,26,BRE,4.9,0,1,0.02,0.09,0,1,0,0.2,0,0
,Pedro Lima,26,WOL,4.0,0,1,0.01,0.06,0,0,0,0.5,0,0
,Calafiori,26,ARS,5.8,0,2,0.04,0.09,0,1,0,16.0,0,0
,Cajuste,26,IPS,4.5,0,0,0.01,0.0,0,1,0,0.1,0,0
,Cairney,26,FUL,4.9,0,0,0.0,0.0,0,1,0,0.0,0,0
,Moises Caicedo,26,CHE,6.0,0,0,0.19,0.0,0,1,2,19.8,0,0
,Burn,26,NEW,5.2,0,0,0.0,0.0,0,0,2,10.7,0,0
,Buonanotte,26,LEI,4.7,0,3,0.01,0.1,0,0,0,0.1,0,0
,Bueno (Santiago),26,WOL,4.4,0,0,0.0,0.0,0,0,2,0.1,0,0
,Brooks,26,BOU,5.0,1,0,0.02,0.0,0,0,0,0.2,0,0
,Broadhead,26,IPS,4.9,0,1,0.11,0.1,0,0,0,0.0,0,0
,Bree,26,SOU,3.9,0,0,0.08,0.0,0,0,0,0.3,0,0
,Branthwaite,26,EVE,5.3,0,1,0.0,0.07,0,0,2,0.2,0,0
,Bowen,26,WHU,7.7,0,2,0.02,0.92,0,0,0,7.6,0,0
,Bruno Fernandes,26,MUN,8.9,8,3,0.31,0.12,0,2,2,16.3,0,0
,Willian,26,FUL,5.0,0,1,0.01,0.04,0,0,0,0.0,0,0
,Bogarde,26,AVL,4.0,0,0,0.0,0.0,0,0,0,0.7,0,0
,Bissouma,26,TOT,5.2,0,0,0.0,0.0,0,0,0,0.0,0,0
,Bergvall,26,TOT,5.4,0,1,0.02,0.07,0,0,0,0.4,0,0
,Berge,26,FUL,4.9,0,0,0.01,0.0,0,0,0,0.1,0,0
,Bentancur,26,TOT,5.3,0,1,0.01,0.17,0,0,2,0.4,0,0
,Bellegarde,26,WOL,5.2,0,1,0.28,0.17,0,2,0,0.0,0,0
,Bella Kotchap,26,SOU,3.9,0,0,0.0,0.0,0,0,2,0.4,0,0
,Bednarek,26,SOU,4.0,0,0,0.0,0.0,0,0,0,1.9,0,0
,Bassey,26,FUL,4.5,0,0,0.02,0.0,0,0,0,0.6,0,0
,Barnes,26,NEW,6.3,0,1,0.0,0.03,0,0,0,0.4,0,0
,Baleba,26,BHA,4.7,0,4,0.25,1.11,0,2,0,2.1,0,0
,Bailey,26,AVL,5.5,0,1,0.0,0.12,0,0,0,0.1,0,0
,Ayew,26,LEI,5.1,4,0,0.08,0.0,0,1,0,0.2,0,0
,Ayari,26,BHA,4.9,0,0,0.12,0.0,0,3,0,0.3,0,0
,Asensio,26,AVL,6.0,1,3,0.05,1.06,0,2,0,2.4,0,0
,Kepa,26,BOU,4.2,0,0,0.0,0.0,0,0,0,0.5,5,0
,Aribo,26,SOU,4.9,0,0,0.0,0.0,0,0,2,0.1,0,0
,Areola,26,WHU,4.3,0,0,0.0,0.0,0,0,0,2.1,2,0
,Archer,26,SOU,4.8,0,1,0.0,0.05,0,0,0,1.1,0,0
,Anderson,26,NFO,5.3,4,3,0.16,0.12,0,1,2,3.0,0,0
,Andersen,26,FUL,4.5,0,1,0.03,0.03,0,0,0,2.8,0,0
,Alexander-Arnold,26,LIV,7.2,0,0,0.01,0.0,0,0,0,16.7,0,0
,Alcaraz,26,EVE,5.2,0,0,0.01,0.0,0,0,0,0.1,0,0
,Aké,26,MCI,5.3,0,0,0.02,0.0,0,1,0,0.6,0,0
,Ajer,26,BRE,4.4,0,1,0.05,0.02,0,1,0,0.2,0,0
,Ait Nouri,26,WOL,5.8,0,1,0.01,0.11,0,1,0,4.9,0,0
,Aina,26,NFO,4.7,0,1,0.07,0.01,0,1,0,2.5,0,0
,Adingra,26,BHA,5.1,0,2,0.16,0.04,0,1,0,0.5,0,0
,Tosin,26,CHE,4.3,0,0,0.01,0.0,0,0,2,0.4,0,0
,Adams (Tyler),26,BOU,5.0,0,0,0.01,0.0,0,0,0,0.4,0,0
,Álvarez (Edson),27,WHU,4.9,0,0,0.02,0.0,0,1,0,0.1,0,0
,van Hecke,27,BHA,4.4,0,1,0.0,0.16,0,0,2,1.3,0,0
,van Dijk,27,LIV,6.0,0,0,0.02,0.0,0,0,0,23.6,0,0
,Danilo,27,NFO,4.7,0,0,0.01,0.0,0,0,0,0.0,0,0
,Gabriel Magalhães,27,ARS,6.6,0,0,0.01,0.0,0,0,0,41.0,0,0
,Evanilson,27,BOU,7.0,0,0,0.0,0.0,0,0,0,1.4,0,0
,de Ligt,27,MUN,5.0,0,1,0.0,0.31,0,0,0,3.0,0,0
,André,27,WOL,5.4,0,1,0.03,0.02,0,0,0,0.1,0,0
,Zirkzee,27,MUN,5.8,0,1,0.0,0.04,0,0,0,0.4,0,0
,Zinchenko,27,ARS,4.9,0,0,0.01,0.0,0,0,0,0.2,0,0
,Young (Ashley),27,EVE,4.2,0,0,0.0,0.0,0,0,0,1.4,0,0
,Yoro,27,MUN,4.4,0,0,0.01,0.0,0,0,0,1.7,0,0
,Yates,27,NFO,4.7,0,1,0.0,0.08,0,2,0,0.1,0,0
,Yarmolyuk,27,BRE,5.0,0,0,0.04,0.0,0,1,2,0.1,0,0
,Wood (Chris),27,NFO,7.2,0,2,0.0,0.16,0,0,0,6.5,0,0
,Wissa,27,BRE,7.4,0,3,0.02,1.0,0,0,0,0.5,0,0
,Winks,27,LEI,4.3,0,0,0.01,0.0,0,0,0,4.7,0,0
,Wilson (Callum),27,NEW,5.8,0,2,0.01,0.18,0,0,0,0.4,0,0
,Willock,27,NEW,5.0,0,0,0.01,0.0,0,0,0,0.1,0,0
,Williams (Neco),27,NFO,4.7,0,1,0.0,0.1,0,0,2,3.5,0,0
,Wieffer,27,BHA,4.9,0,0,0.02,0.0,0,0,0,0.1,0,0
,White (Ben),27,ARS,5.3,0,0,0.0,0.0,0,0,0,0.4,0,0
,Wharton,27,CRY,5.0,0,1,0.08,0.03,0,3,0,0.5,0,0
,Werner,27,TOT,6.2,0,0,0.01,0.0,0,0,0,0.1,0,0
,Welbeck,27,BHA,6.5,0,1,0.0,0.37,0,0,0,7.9,0,0
,Webster,27,BHA,4.4,0,0,0.01,0.0,0,1,2,0.0,0,0
,Watkins,27,AVL,8.5,0,0,0.03,0.0,1,1,0,6.6,0,0
,Ward-Prowse,27,WHU,5.7,2,0,0.04,0.0,0,1,0,0.2,0,0
,Wan-Bissaka,27,WHU,4.3,0,0,0.07,0.0,0,1,0,5.8,0,0
,Walker-Peters,27,SOU,4.3,0,0,0.0,0.0,0,0,0,0.3,0,0
,Vicario,27,TOT,5.1,0,0,0.0,0.0,0,0,0,10.1,4,0
,Vestergaard,27,LEI,3.9,0,1,0.0,0.06,0,1,0,1.5,0,0
,Verbruggen,27,BHA,4.4,0,0,0.0,0.0,0,0,0,4.1,4,0
,Bernardo Silva,27,MCI,6.3,0,0,0.04,0.0,0,0,0,0.5,0,0
,Vardy,27,LEI,5.4,0,0,0.01,0.0,0,1,0,5.2,0,0
,Ugarte,27,MUN,4.8,0,0,0.02,0.0,0,1,0,0.1,0,0
,Destiny Udogie,27,TOT,4.4,0,0,0.0,0.0,0,0,0,0.4,0,0
,Tuanzebe,27,IPS,3.9,0,1,0.02,0.03,0,1,0,1.8,0,0
,Tsimikas,27,LIV,4.8,3,1,0.02,0.04,0,0,0,0.1,0,0
,Trossard,27,ARS,6.9,0,2,0.07,0.04,0,4,0,0.5,0,0
,Trippier,27,NEW,5.0,0,0,0.01,0.0,0,0,0,2.7,0,0
,Traoré (Adama),27,FUL,5.2,0,1,0.25,0.01,1,2,0,0.2,0,0
,Tonali,27,NEW,5.4,0,0,0.01,0.0,0,0,2,1.3,0,0
,Todibo,27,WHU,4.3,0,0,0.01,0.0,0,0,0,0.1,0,0
,Jurriën Timber,27,ARS,6.1,0,0,0.02,0.0,0,0,0,25.1,0,0
,Tierney,27,ARS,4.3,0,1,0.02,0.21,0,1,0,0.1,0,0
,Tielemans,27,AVL,5.9,4,2,0.02,0.07,0,0,0,0.6,0,0
,Thomas,27,LEI,3.9,0,0,0.0,0.0,0,0,0,1.4,0,0
,Tel,27,TOT,6.3,0,1,0.0,0.04,0,0,0,0.1,0,0
,Diogo Jota,27,LIV,7.2,0,0,0.02,0.0,0,1,0,2.6,0,0
,Taylor (Jack),27,IPS,4.8,0,1,0.01,0.02,0,0,0,0.0,0,0
,Tavernier,27,BOU,5.5,1,3,0.03,0.07,0,1,0,1.6,0,0
,Tarkowski,27,EVE,5.5,0,1,0.01,0.01,0,1,2,6.3,0,0
,Szoboszlai,27,LIV,6.5,1,3,0.03,0.41,0,2,2,4.2,0,0
,Szmodics,27,IPS,5.7,0,0,0.0,0.0,0,0,0,0.1,0,0
,Sulemana,27,SOU,5.0,0,0,0.16,0.0,0,2,0,0.0,0,0
,Sugawara,27,SOU,4.2,0,0,0.01,0.0,0,0,0,0.1,0,0
,Strand Larsen,27,WOL,6.4,0,0,0.0,0.0,0,0,0,1.3,0,0
,Sterling,27,ARS,6.7,0,0,0.04,0.0,0,0,0,0.8,0,0
,Spence,27,TOT,4.5,0,0,0.1,0.0,0,1,0,1.6,0,0
,Soumaré,27,LEI,4.4,0,0,0.0,0.0,0,0,0,0.3,0,0
,Soucek,27,WHU,5.7,0,1,0.02,0.55,0,0,0,0.2,0,0
,Son,27,TOT,8.5,0,1,0.2,0.26,0,1,0,0.1,0,0
,Soler (Carlos),27,WHU,5.0,0,0,0.0,0.0,0,0,0,0.0,0,0
,Smallbone,27,SOU,5.0,2,0,0.04,0.0,0,3,0,0.0,0,0
,Sinisterra,27,BOU,5.0,0,1,0.0,0.09,0,0,0,0.0,0,0
,Sessegnon (Ryan),27,FUL,5.4,0,2,0.25,0.41,0,1,0,0.4,0,0
,Semenyo,27,BOU,8.1,0,2,0.24,0.23,0,3,0,64.4,0,0
,Semedo,27,WOL,4.5,0,0,0.05,0.0,0,3,0,0.6,0,0
,Sels,27,NFO,4.8,0,0,0.0,0.0,0,0,0,8.3,1,0
,Scott,27,BOU,5.0,0,0,0.15,0.0,0,2,0,0.3,0,0
,Schär,27,NEW,5.4,0,0,0.01,0.0,0,0,0,1.9,0,0
,Schade,27,BRE,7.0,0,0,0.1,0.0,0,3,0,0.7,0,0
,Scarles,27,WHU,4.4,0,1,0.02,0.02,0,0,0,0.0,0,0
,Ismaila Sarr,27,CRY,6.6,0,4,0.21,1.86,0,4,0,11.6,0,0
,Sarr (Pape),27,TOT,4.9,0,2,0.01,0.56,0,0,0,1.7,0,0
,Sarabia,27,WOL,5.0,2,0,0.03,0.0,0,1,0,0.1,0,0
,Matheus Cunha,27,WOL,7.9,4,6,0.09,0.35,0,1,0,4.4,0,0
,Welington,27,SOU,4.0,0,0,0.0,0.0,0,0,0,0.0,0,0
,Murillo,27,NFO,5.3,0,0,0.03,0.0,0,0,0,2.0,0,0
,Ederson,27,MCI,5.3,0,0,0.0,0.0,0,0,0,0.9,6,0
,Sancho,27,MUN,5.8,0,0,0.4,0.0,0,2,0,0.2,0,0
,Saliba,27,ARS,6.0,0,1,0.02,0.19,0,0,2,11.6,0,0
,Salah,27,LIV,14.2,0,3,0.32,0.15,0,4,0,24.9,0,0
,Rutter,27,BHA,5.7,0,4,0.22,0.39,1,2,0,0.5,0,0
,Rogers,27,AVL,6.8,0,1,0.02,0.13,0,0,0,4.8,0,1
,Robinson (Antonee),27,FUL,4.9,0,0,0.01,0.0,0,2,0,0.5,0,0
,Richards (Chris),27,CRY,4.5,0,1,0.0,0.02,0,0,0,3.2,0,0
,Rice,27,ARS,6.8,5,2,0.22,0.1,0,3,2,16.4,0,0
,Raya Martin,27,ARS,5.8,0,0,0.0,0.0,0,0,0,31.3,2,0
,Rashford,27,AVL,7.0,1,0,0.0,0.0,0,0,0,0.0,0,0
,Ramsey (Jacob),27,AVL,5.3,0,0,0.05,0.0,0,0,0,0.2,0,0
,Alisson,27,LIV,5.4,0,0,0.0,0.0,0,0,0,5.8,1,0
,Ramsdale,27,SOU,4.8,0,0,0.0,0.0,0,0,0,0.6,6,0
,Quansah,27,LIV,3.9,0,0,0.0,0.0,0,0,0,1.0,0,0
,Porro,27,TOT,5.5,1,0,0.35,0.0,0,4,0,18.4,0,0
,Pope,27,NEW,5.2,0,0,0.0,0.0,0,0,0,12.2,1,0
,Pinnock,27,BRE,4.3,0,0,0.0,0.0,0,0,0,0.1,0,0
,Pickford,27,EVE,5.5,0,0,0.0,0.0,0,0,0,9.7,2,0
,Philogene-Bidace,27,IPS,5.3,0,4,0.06,1.04,0,2,0,0.1,0,1
,Pereira,27,FUL,5.3,4,1,0.08,0.1,1,3,0,0.1,0,0
,Partey,27,ARS,4.9,0,1,0.0,0.06,0,0,0,0.7,0,0
,Emerson,27,WHU,4.4,0,0,0.0,0.0,0,0,0,0.1,0,0
,Palmer (Alex),27,IPS,4.5,0,0,0.0,0.0,0,0,0,0.1,4,0
,Palmer (Cole),27,CHE,10.3,2,7,0.1,1.3,0,1,0,9.2,0,0
,Dango Ouattara,27,BOU,6.0,0,4,0.06,0.54,0,3,0,0.5,0,0
,Osula,27,NEW,5.5,0,0,0.0,0.0,0,0,0,0.3,0,0
,Paul Onuachu,27,SOU,4.9,0,3,0.0,0.23,0,0,0,0.3,0,0
,Onana,27,MUN,4.9,0,0,0.0,0.0,0,0,0,0.2,1,0
,Olsen,27,AVL,4.5,0,0,0.0,0.0,0,0,0,0.1,0,0
,Odobert,27,TOT,5.3,1,2,0.02,0.23,0,0,0,0.0,0,0
,Odegaard,27,ARS,7.8,6,0,0.23,0.0,0,1,0,1.4,0,0
,O'Shea,27,IPS,3.8,0,0,0.02,0.0,0,1,2,1.2,0,0
,O'Brien,27,EVE,4.9,0,1,0.01,0.24,0,0,2,0.4,0,0
,Núñez,27,LIV,6.5,0,0,0.01,0.0,0,0,0,0.1,0,0
,Nwaneri,27,ARS,5.2,0,3,0.06,0.07,0,0,0,0.1,0,0
,Matheus Nunes,27,MCI,5.3,0,0,0.22,0.0,0,1,0,0.8,0,0
,Nkunku,27,CHE,5.9,0,4,0.15,0.42,0,2,0,0.1,0,0
,Eddie Nketiah,27,CRY,5.4,0,1,0.0,0.97,0,0,0,0.4,0,0
,Lindelof,27,MUN,4.5,0,0,0.0,0.0,0,0,0,0.0,0,0
,Neto,27,CHE,7.1,1,1,0.24,0.06,1,1,0,5.9,0,0
,Ndidi,27,LEI,4.9,0,3,0.01,0.1,0,0,2,0.2,0,0
,Mykolenko,27,EVE,4.9,0,0,0.24,0.0,1,2,0,0.4,0,0
,Muñoz,27,CRY,5.7,0,1,0.05,0.03,0,1,0,15.3,0,0
,Murphy (Jacob),27,NEW,6.1,0,0,0.05,0.0,0,0,0,1.1,0,0
,Rodrigo Muniz,27,FUL,5.4,0,3,0.01,0.63,0,0,0,1.0,0,0
,Munetsi,27,WOL,5.4,0,2,0.0,0.27,0,1,0,0.1,0,0
,Morsy,27,IPS,4.8,0,0,0.02,0.0,0,0,0,0.1,0,0
,Savinho,27,MCI,6.9,0,6,0.06,0.61,0,0,0,0.5,0,0
,Mitoma,27,BHA,6.2,0,2,0.09,0.62,0,0,0,2.3,0,0
,Mitchell,27,CRY,5.0,0,2,0.31,0.6,1,1,0,2.2,0,0
,Minteh,27,BHA,6.0,0,1,0.16,0.06,0,1,2,4.4,0,0
,Miley (Lewis),27,NEW,4.4,0,0,0.02,0.0,0,0,0,2.1,0,0
,Milenkovic,27,NFO,5.2,0,0,0.06,0.0,0,0,2,4.0,0,0
,Mheuka,27,CHE,4.5,0,1,0.0,0.06,0,0,0,0.0,0,0
,Merino,27,ARS,5.9,0,2,0.14,0.22,0,2,0,0.5,0,0
,Mcatee,27,MCI,5.2,0,0,0.0,0.0,0,0,0,0.1,0,0
,McGinn,27,AVL,5.4,0,0,0.02,0.0,0,1,2,0.6,0,0
,Mbeumo,27,BRE,8.3,0,2,0.04,0.31,0,0,0,28.5,0,0
,Mazraoui,27,MUN,4.9,0,0,0.0,0.0,0,0,0,0.2,0,0
,Mavropanos,27,WHU,4.4,0,1,0.0,0.26,0,0,0,0.1,0,0
,Mavididi,27,LEI,5.0,0,1,0.05,0.03,0,1,0,0.3,0,0
,Mateta,27,CRY,7.9,0,2,0.03,0.41,0,2,0,23.0,0,0
,Martinez,27,AVL,5.0,0,0,0.0,0.0,0,0,0,2.0,2,0
,Omar Marmoush,27,MCI,8.3,2,1,0.02,0.05,0,1,0,2.6,0,0
,March,27,BHA,5.8,0,0,0.0,0.0,0,0,0,0.0,0,0
,Manning,27,SOU,4.3,0,2,0.15,0.15,0,1,0,0.1,0,0
,José Sá,27,WOL,4.4,0,0,0.0,0.0,0,0,0,1.2,3,0
,Maguire,27,MUN,4.4,0,3,0.0,0.2,0,0,2,0.8,0,0
,Maghoma,27,BRE,4.5,0,0,0.01,0.0,0,1,0,0.0,0,0
,Maddison,27,TOT,6.9,6,0,0.23,0.0,0,4,0,0.1,0,0
,Mac Allister,27,LIV,6.3,0,2,0.03,0.22,0,0,0,1.2,0,0
,Maatsen,27,AVL,4.3,0,0,0.0,0.0,0,0,0,0.4,0,0
,Lukic,27,FUL,5.0,0,0,0.01,0.0,0,0,0,0.1,0,0
,Longstaff (Sean),27,NEW,4.9,0,0,0.0,0.0,0,0,0,1.1,0,0
,Livramento,27,NEW,4.9,0,0,0.01,0.0,0,0,0,3.1,0,0
,Lindstrom,27,EVE,5.0,0,0,0.04,0.0,0,0,0,0.1,0,0
,Lewis-Potter,27,BRE,4.9,0,1,0.18,0.02,0,1,0,0.3,0,0
,Lerma,27,CRY,4.9,0,1,0.0,0.08,0,0,0,0.1,0,0
,Leno,27,FUL,5.0,0,0,0.0,0.0,0,0,0,1.6,4,0
,Lamptey,27,BHA,4.4,0,0,0.16,0.0,0,1,0,0.1,0,0
,Lacroix,27,CRY,5.0,0,1,0.0,0.02,0,0,2,3.7,0,0
,Kulusevski,27,TOT,6.4,0,0,0.0,0.0,0,0,0,0.0,0,0
,Kudus,27,WHU,6.7,0,1,0.01,0.64,0,0,0,30.1,0,0
,Kristiansen,27,LEI,4.4,0,1,0.02,0.03,0,0,2,0.1,0,0
,Kovacic,27,MCI,5.9,0,0,0.04,0.0,0,0,2,0.0,0,0
,Konsa Ngoyo,27,AVL,4.4,0,1,0.0,0.06,0,0,0,8.6,0,0
,Konaté,27,LIV,5.4,0,0,0.01,0.0,0,0,0,2.7,0,0
,Kluivert,27,BOU,7.0,7,3,0.34,0.14,0,6,0,1.0,0,1
,Kilman,27,WHU,4.3,0,1,0.01,0.01,0,0,0,0.2,0,0
,Khusanov,27,MCI,5.4,0,0,0.01,0.0,0,1,0,0.3,0,0
,Kerkez,27,BOU,5.7,0,0,0.02,0.0,0,1,0,3.6,0,0
,Kayode,27,BRE,4.5,0,0,0.01,0.0,0,0,0,0.4,0,0
,Kamada,27,CRY,5.0,0,0,0.02,0.0,0,0,0,0.2,0,0
,Jørgensen,27,CHE,4.4,0,0,0.0,0.0,0,0,0,0.2,2,0
,Justin,27,LEI,4.0,0,2,0.01,0.08,0,0,0,0.2,0,0
,João Pedro,27,BHA,7.4,0,1,0.02,0.79,0,0,0,45.5,0,0
,Jones,27,LIV,5.4,0,0,0.01,0.0,0,1,0,0.1,0,0
,Johnson (Ben),27,IPS,3.8,3,0,0.02,0.0,0,0,0,1.9,0,0
,Johnson (Brennan),27,TOT,6.7,0,1,0.11,0.05,0,1,0,3.1,0,0
,Raúl Jiménez,27,FUL,6.2,0,3,0.0,0.5,0,0,0,0.8,0,0
,Janelt,27,BRE,4.9,0,1,0.03,0.08,0,0,2,0.0,0,0
,Iwobi,27,FUL,6.5,0,1,0.04,0.04,0,1,0,1.7,0,0
,Irving,27,WHU,4.4,0,0,0.0,0.0,0,0,0,0.3,0,0
,Iroegbunam,27,EVE,4.9,0,0,0.0,0.0,0,0,0,0.0,0,0
,Højlund,27,MUN,6.3,0,0,0.0,0.0,0,0,0,0.3,0,0
,Hutchinson,27,IPS,5.4,0,0,0.03,0.0,0,0,0,0.0,0,0
,Huijsen,27,BOU,4.5,0,0,0.01,0.0,0,0,2,5.0,0,0
,Hughes,27,CRY,4.8,0,1,0.02,0.02,0,0,0,0.1,0,0
,Hudson-Odoi,27,NFO,5.8,0,1,0.03,0.05,0,0,2,0.8,0,0
,Hirst,27,IPS,5.4,0,1,0.0,0.09,0,0,0,0.1,0,0
,Hinshelwood,27,BHA,5.1,0,0,0.0,0.0,0,0,0,0.0,0,0
,Hill (James),27,BOU,4.0,0,2,0.0,0.18,0,0,2,0.8,0,0
,Hermansen,27,LEI,4.4,0,0,0.0,0.0,0,0,0,0.2,1,0
,Henderson,27,CRY,5.0,0,0,0.0,0.0,0,0,0,7.6,1,0
,Harwood-Bellis,27,SOU,3.9,0,0,0.01,0.0,0,0,0,4.1,0,0
,Harrison (Jack),27,EVE,5.2,4,1,0.08,0.1,0,3,0,0.1,0,0
,Lewis Hall,27,NEW,5.2,0,0,0.02,0.0,0,0,2,0.8,0,0
,Haaland,27,MCI,14.8,0,3,0.03,1.38,0,1,0,69.7,0,0
,Gómez (Diego),27,BHA,4.9,0,1,0.42,0.03,0,1,0,0.1,0,0
,Gvardiol,27,MCI,5.9,0,0,0.02,0.0,0,1,0,5.4,0,0
,Gusto,27,CHE,4.9,0,0,0.02,0.0,0,0,0,1.0,0,0
,Gundogan,27,MCI,6.3,0,0,0.0,0.0,0,0,0,0.1,0,0
,Bruno Guimarães,27,NEW,6.6,0,0,0.02,0.0,0,0,0,3.7,0,0
,Gueye,27,EVE,5.4,0,1,0.03,0.02,0,0,0,0.1,0,0
,Marc Guehi,27,CRY,5.0,0,0,0.0,0.0,0,0,2,34.1,0,0
,Greaves,27,IPS,3.8,0,0,0.02,0.0,0,0,0,2.3,0,0
,Grealish,27,MCI,6.9,0,0,0.0,0.0,0,0,0,17.6,0,0
,Gray (Archie),27,TOT,4.8,0,0,0.0,0.0,0,0,0,0.1,0,0
,Gravenberch,27,LIV,5.6,0,0,0.01,0.0,0,0,0,4.0,0,0
,Gordon (Anthony),27,NEW,7.5,2,1,0.11,0.04,0,0,0,3.1,0,0
,González (Nico),27,MCI,5.9,0,0,0.04,0.0,0,1,0,0.1,0,0
,João Gomes,27,WOL,5.4,0,4,0.2,0.4,0,1,0,0.1,0,0
,Beto,27,EVE,5.2,0,3,0.01,0.62,0,0,0,3.3,0,0
,Toti,27,WOL,4.3,0,0,0.07,0.0,0,1,0,0.1,0,0
,Gibbs-White,27,NFO,7.3,0,0,0.13,0.0,0,2,0,2.9,0,0
,George,27,CHE,4.9,0,1,0.13,0.07,1,3,0,0.1,0,0
,Rúben Dias,27,MCI,5.5,0,0,0.01,0.0,0,0,0,4.5,0,0
,Garner,27,EVE,5.0,1,2,0.02,0.05,0,1,0,0.9,0,0
,Garnacho,27,MUN,6.4,0,1,0.01,0.04,0,1,0,0.4,0,0
,García,27,AVL,3.9,0,0,0.18,0.0,0,1,0,0.3,0,0
,Gakpo,27,LIV,7.6,0,2,0.01,0.52,0,0,0,14.1,0,0
,Jorginho,27,ARS,4.6,0,0,0.04,0.0,0,0,0,0.2,0,0
,Casemiro,27,MUN,5.5,0,1,0.03,0.01,0,0,0,0.6,0,0
,Foden,27,MCI,8.0,1,0,0.01,0.0,0,0,0,4.3,0,0
,Flekken,27,BRE,4.5,0,0,0.01,0.0,0,0,0,10.0,3,0
,Fernández,27,CHE,6.7,1,1,0.54,0.08,0,6,0,14.3,0,0
,Ferguson,27,WHU,5.5,0,1,0.0,0.11,0,0,0,0.0,0,0
,Faes,27,LEI,3.8,0,1,0.0,0.02,0,0,2,5.2,0,0
,Eze,27,CRY,7.6,3,4,0.16,0.3,0,3,0,14.2,0,0
,Estupiñán,27,BHA,4.5,1,0,0.01,0.0,0,0,0,0.0,0,0
,Mateus Fernandes,27,SOU,5.5,0,1,0.02,0.02,0,0,0,0.0,0,0
,Eriksen,27,MUN,5.2,0,0,0.0,0.0,0,0,0,0.2,0,0
,Endo,27,LIV,4.9,0,0,0.0,0.0,0,0,0,0.1,0,0
,Elanga,27,NFO,6.7,0,0,0.03,0.0,0,0,0,3.7,0,0
,El Khannouss,27,LEI,4.8,2,1,0.1,0.04,0,2,0,0.2,0,0
,Díaz,27,LIV,8.0,0,1,0.23,0.37,0,5,0,0.0,0,0
,Doyle (Tommy),27,WOL,4.7,0,0,0.01,0.0,0,0,0,0.0,0,0
,Downes,27,SOU,4.7,0,0,0.0,0.0,0,0,0,0.0,0,0
,Dorgu,27,MUN,4.3,0,1,0.0,0.05,0,0,0,3.1,0,0
,Nicolás Domínguez,27,NFO,5.0,0,1,0.0,0.02,0,0,2,0.0,0,0
,Doku,27,MCI,6.5,0,2,0.33,0.08,0,2,0,5.0,0,0
,Doherty,27,WOL,4.4,0,1,0.03,0.05,0,0,0,0.1,0,0
,Disasi,27,AVL,4.2,0,1,0.01,0.07,0,0,0,0.4,0,0
,Diop,27,FUL,4.4,0,0,0.0,0.0,0,0,2,0.1,0,0
,Digne,27,AVL,4.5,1,0,0.45,0.0,0,1,0,1.6,0,0
,Dibling,27,SOU,5.4,0,0,0.0,0.0,0,0,0,0.0,0,0
,Dewsbury-Hall,27,CHE,4.9,0,0,0.0,0.0,0,0,0,2.9,0,0
,Delap,27,IPS,6.2,0,3,0.0,0.14,0,0,0,0.9,0,0
,DeCordova-Reid,27,LEI,5.2,0,0,0.0,0.0,0,0,0,0.1,0,0
,Davis,27,IPS,4.2,2,0,0.09,0.0,0,2,0,0.9,0,0
,Danso,27,TOT,4.3,0,2,0.01,0.05,0,0,0,0.2,0,0
,Damsgaard,27,BRE,5.8,2,2,0.34,0.14,0,2,0,0.6,0,0
,Dalot,27,MUN,4.4,0,2,0.04,0.16,0,0,0,1.0,0,0
,Daka,27,LEI,4.8,0,0,0.0,0.0,0,0,0,0.5,0,0
,Cuenca,27,FUL,4.4,0,0,0.0,0.0,0,0,0,0.0,0,0
,Cucurella,27,CHE,6.1,0,1,0.06,0.37,0,0,0,21.8,0,0
,Cresswell,27,WHU,3.9,1,0,0.71,0.0,0,2,0,1.7,0,0
,Cook,27,BOU,4.9,0,0,0.05,0.0,0,1,0,0.0,0,0
,Colwill,27,CHE,4.8,0,1,0.03,0.14,0,1,0,0.1,0,0
,Collins,27,BRE,4.9,0,2,0.01,0.13,0,0,0,1.1,0,0
,Clarke (Jack),27,IPS,5.4,1,0,0.12,0.0,0,2,0,0.0,0,0
,Christie,27,BOU,5.0,0,2,0.01,0.1,0,0,0,0.1,0,0
,Castagne,27,FUL,4.4,0,0,0.07,0.0,0,1,2,0.1,0,0
,Calafiori,27,ARS,5.8,0,1,0.03,0.1,0,1,0,16.0,0,0
,Cajuste,27,IPS,4.5,0,2,0.05,0.1,0,0,0,0.1,0,0
,Moises Caicedo,27,CHE,6.0,0,1,0.04,0.03,0,0,0,19.8,0,0
,Burn,27,NEW,5.2,0,0,0.0,0.0,0,1,0,10.7,0,0
,Buonanotte,27,LEI,4.7,1,0,0.01,0.0,0,0,0,0.1,0,0
,Bueno (Santiago),27,WOL,4.4,0,0,0.0,0.0,0,0,0,0.1,0,0
,Brooks,27,BOU,5.0,1,1,0.02,0.05,0,0,0,0.2,0,0
,Broadhead,27,IPS,4.9,0,0,0.0,0.0,0,0,0,0.0,0,0
,Bree,27,SOU,3.9,0,0,0.06,0.0,0,0,0,0.3,0,0
,Branthwaite,27,EVE,5.3,0,0,0.01,0.0,0,0,0,0.2,0,0
,Bowen,27,WHU,7.7,0,2,0.07,0.08,0,1,0,7.6,0,0
,Bruno Fernandes,27,MUN,8.9,5,0,0.3,0.0,1,4,0,16.3,0,0
,Willian,27,FUL,5.0,0,0,0.01,0.0,0,0,0,0.0,0,0
,Bogarde,27,AVL,4.0,0,0,0.01,0.0,0,0,0,0.7,0,0
,Bergvall,27,TOT,5.4,0,0,0.01,0.0,0,0,0,0.4,0,0
,Berge,27,FUL,4.9,0,0,0.01,0.0,0,0,0,0.1,0,0
,Bentancur,27,TOT,5.3,0,2,0.01,0.13,0,0,2,0.4,0,0
,Bellegarde,27,WOL,5.2,0,3,0.38,0.11,0,1,0,0.0,0,0
,Bella Kotchap,27,SOU,3.9,0,1,0.0,0.32,0,0,0,0.4,0,0
,Bassey,27,FUL,4.5,0,0,0.0,0.0,0,0,0,0.6,0,0
,Barnes,27,NEW,6.3,0,0,0.0,0.0,0,0,0,0.4,0,0
,Baleba,27,BHA,4.7,0,0,0.03,0.0,0,0,0,2.1,0,0
,Bailey,27,AVL,5.5,0,1,0.01,0.04,0,0,0,0.1,0,0
,Ayari,27,BHA,4.9,0,0,0.0,0.0,0,0,0,0.3,0,0
,Awoniyi,27,NFO,5.2,0,0,0.0,0.0,0,0,0,0.4,0,0
,Asensio,27,AVL,6.0,2,0,0.01,0.0,0,1,0,2.4,0,0
,Kepa,27,BOU,4.2,0,1,0.01,0.06,0,0,0,0.5,2,0
,Aribo,27,SOU,4.9,0,0,0.01,0.0,0,0,2,0.1,0,0
,Areola,27,WHU,4.3,0,0,0.0,0.0,0,0,0,2.1,2,0
,Archer,27,SOU,4.8,0,0,0.0,0.0,0,0,0,1.1,0,0
,Anderson,27,NFO,5.3,3,0,0.01,0.0,0,0,0,3.0,0,0
,Andersen,27,FUL,4.5,0,0,0.01,0.0,0,0,0,2.8,0,0
,Amougou,27,CHE,4.5,0,0,0.0,0.0,0,0,0,0.0,0,0
,Alexander-Arnold,27,LIV,7.2,0,0,0.02,0.0,0,0,0,16.7,0,0
,Alcaraz,27,EVE,5.2,0,5,0.06,0.33,0,3,0,0.1,0,0
,Ajer,27,BRE,4.4,0,1,0.01,0.05,0,0,0,0.2,0,0
,Ait Nouri,27,WOL,5.8,1,1,0.06,0.11,0,1,0,4.9,0,0
,Aina,27,NFO,4.7,0,0,0.01,0.0,0,0,0,2.5,0,0
,Tosin,27,CHE,4.3,0,1,0.02,0.04,1,1,0,0.4,0,0
,Adams (Tyler),27,BOU,5.0,0,0,0.03,0.0,0,0,2,0.4,0,0
,Acheampong,27,CHE,3.9,0,0,0.0,0.0,0,0,0,2.2,0,0
,Álvarez (Edson),28,WHU,4.9,0,0,0.02,0.0,0,0,0,0.1,0,0
,van de Ven,28,TOT,4.7,0,0,0.0,0.0,0,0,0,32.6,0,0
,van Hecke,28,BHA,4.4,0,2,0.03,0.13,0,0,2,1.3,0,0
,van Dijk,28,LIV,6.0,0,0,0.03,0.0,0,1,0,23.6,0,0
,Gabriel Magalhães,28,ARS,6.6,0,0,0.03,0.0,0,1,0,41.0,0,0
,Evanilson,28,BOU,7.0,0,3,0.02,0.88,0,1,0,1.4,0,0
,de Ligt,28,MUN,5.0,0,1,0.0,0.09,0,0,0,3.0,0,0
,André,28,WOL,5.4,0,2,0.03,0.11,0,1,2,0.1,0,0
,Zirkzee,28,MUN,5.8,0,1,0.0,0.65,0,0,0,0.4,0,0
,Young (Ashley),28,EVE,4.2,0,0,0.0,0.0,0,0,0,1.4,0,0
,Yoro,28,MUN,4.4,0,0,0.0,0.0,0,0,0,1.7,0,0
,Yates,28,NFO,4.7,0,0,0.0,0.0,0,0,0,0.1,0,0
,Woolfenden,28,IPS,3.9,0,0,0.0,0.0,0,0,2,1.2,0,0
,Wood (Chris),28,NFO,7.2,0,2,0.01,0.25,0,0,0,6.5,0,0
,Wissa,28,BRE,7.4,0,3,0.09,0.3,0,3,0,0.5,0,0
,Winks,28,LEI,4.3,0,0,0.01,0.0,0,1,0,4.7,0,0
,Wilson (Callum),28,NEW,5.8,0,0,0.0,0.0,0,0,0,0.4,0,0
,Willock,28,NEW,5.0,0,0,0.0,0.0,0,0,0,0.1,0,0
,Williams (Neco),28,NFO,4.7,0,0,0.01,0.0,0,0,0,3.5,0,0
,Wieffer,28,BHA,4.9,0,0,0.01,0.0,0,0,0,0.1,0,0
,Wharton,28,CRY,5.0,3,0,0.64,0.0,0,6,0,0.5,0,0
,Welbeck,28,BHA,6.5,0,1,0.18,0.21,0,1,0,7.9,0,0
,Webster,28,BHA,4.4,0,0,0.03,0.0,0,1,0,0.0,0,0
,Watkins,28,AVL,8.5,0,4,0.01,0.56,0,0,0,6.6,0,1
,Ward-Prowse,28,WHU,5.7,1,0,0.03,0.0,0,1,0,0.2,0,0
,Wan-Bissaka,28,WHU,4.3,0,0,0.01,0.0,0,0,0,5.8,0,0
,Walker-Peters,28,SOU,4.3,0,0,0.0,0.0,0,1,0,0.3,0,0
,Vicario,28,TOT,5.1,0,0,0.0,0.0,0,0,0,10.1,6,0
,Verbruggen,28,BHA,4.4,0,0,0.0,0.0,0,0,0,4.1,0,0
,Bernardo Silva,28,MCI,6.3,0,2,0.04,0.15,0,2,0,0.5,0,0
,Vardy,28,LEI,5.4,0,1,0.0,0.02,0,0,0,5.2,0,0
,Ugochukwu,28,SOU,5.0,0,0,0.01,0.0,0,0,0,0.1,0,0
,Destiny Udogie,28,TOT,4.4,0,0,0.0,0.0,0,0,0,0.4,0,0
,Tsimikas,28,LIV,4.8,1,0,0.03,0.0,0,1,0,0.1,0,0
,Trossard,28,ARS,6.9,0,6,0.09,0.64,0,2,0,0.5,0,0
,Trippier,28,NEW,5.0,4,1,0.03,0.02,0,2,0,2.7,0,0
,Tonali,28,NEW,5.4,0,0,0.04,0.0,0,1,0,1.3,0,0
,Lucas Paquetá,28,WHU,5.9,0,0,0.0,0.0,0,0,0,2.5,0,0
,Todibo,28,WHU,4.3,0,0,0.0,0.0,0,0,0,0.1,0,0
,Jurriën Timber,28,ARS,6.1,0,0,0.07,0.0,0,1,0,25.1,0,0
,Tierney,28,ARS,4.3,0,0,0.03,0.0,0,1,0,0.1,0,0
,Tielemans,28,AVL,5.9,2,2,0.15,0.15,0,2,0,0.6,0,0
,Thomas,28,LEI,3.9,0,0,0.0,0.0,0,0,2,1.4,0,0
,Diogo Jota,28,LIV,7.2,0,0,0.0,0.0,0,0,0,2.6,0,0
,Taylor (Jack),28,IPS,4.8,0,0,0.0,0.0,0,0,0,0.0,0,0
,Tavernier,28,BOU,5.5,5,3,0.19,0.45,0,3,0,1.6,0,0
,Tarkowski,28,EVE,5.5,0,1,0.0,0.07,0,0,2,6.3,0,0
,Szoboszlai,28,LIV,6.5,0,1,0.03,0.11,0,1,0,4.2,0,0
,Sulemana,28,SOU,5.0,0,1,0.01,0.03,0,0,0,0.0,0,0
,Sugawara,28,SOU,4.2,0,0,0.0,0.0,0,0,0,0.1,0,0
,Strand Larsen,28,WOL,6.4,0,1,0.02,0.04,0,1,0,1.3,0,0
,Spence,28,TOT,4.5,0,0,0.02,0.0,0,0,0,1.6,0,0
,Soumaré,28,LEI,4.4,0,0,0.0,0.0,0,0,0,0.3,0,0
,Soucek,28,WHU,5.7,0,1,0.0,0.39,0,1,0,0.2,0,0
,Son,28,TOT,8.5,0,2,0.04,0.81,0,1,0,0.1,0,0
,Soler (Carlos),28,WHU,5.0,1,0,0.0,0.0,0,1,0,0.0,0,0
,Solanke,28,TOT,7.2,0,2,0.01,0.12,0,1,0,0.9,0,0
,Smith-Rowe,28,FUL,5.6,0,1,0.0,0.08,0,0,0,0.4,0,0
,Smallbone,28,SOU,5.0,4,1,0.08,0.08,0,2,0,0.0,0,0
,Sinisterra,28,BOU,5.0,0,0,0.01,0.0,0,0,0,0.0,0,0
,Sessegnon (Ryan),28,FUL,5.4,0,0,0.0,0.0,0,0,0,0.4,0,0
,Semenyo,28,BOU,8.1,0,2,0.05,0.09,0,1,0,64.4,0,0
,Semedo,28,WOL,4.5,0,0,0.02,0.0,0,0,0,0.6,0,0
,Sels,28,NFO,4.8,0,0,0.01,0.0,0,1,0,8.3,3,0
,Scott,28,BOU,5.0,0,1,0.01,0.07,0,0,0,0.3,0,0
,Schär,28,NEW,5.4,0,0,0.01,0.0,0,0,0,1.9,0,0
,Schade,28,BRE,7.0,0,2,0.04,0.15,0,1,0,0.7,0,0
,Scarles,28,WHU,4.4,0,0,0.04,0.0,0,1,0,0.0,0,0
,Ismaila Sarr,28,CRY,6.6,0,3,0.46,1.35,0,2,0,11.6,0,0
,Sarr (Pape),28,TOT,4.9,0,2,0.06,0.14,0,3,2,1.7,0,1
,Sarabia,28,WOL,5.0,2,2,0.04,0.08,0,1,0,0.1,0,0
,Murillo,28,NFO,5.3,0,0,0.03,0.0,0,0,2,2.0,0,0
,Ederson,28,MCI,5.3,0,0,0.0,0.0,0,0,0,0.9,3,0
,Sangaré,28,NFO,4.9,0,0,0.0,0.0,0,0,0,0.1,0,0
,Sancho,28,MUN,5.8,0,1,0.11,0.06,0,3,0,0.2,0,0
,Sanchez,28,CHE,4.8,0,0,0.0,0.0,0,0,0,13.5,3,0
,Saliba,28,ARS,6.0,0,0,0.02,0.0,0,0,0,11.6,0,0
,Salah,28,LIV,14.2,0,5,0.23,1.96,0,6,0,24.9,0,0
,Rutter,28,BHA,5.7,0,0,0.06,0.0,0,1,0,0.5,0,0
,Romero,28,TOT,5.0,0,1,0.01,0.03,0,0,0,4.2,0,0
,Rogers,28,AVL,6.8,0,1,0.02,0.08,0,2,0,4.8,0,0
,Morato,28,NFO,4.4,0,0,0.0,0.0,0,0,0,0.1,0,0
,Robinson (Antonee),28,FUL,4.9,0,0,0.05,0.0,0,1,2,0.5,0,0
,Robertson,28,LIV,5.8,0,2,0.01,0.09,0,0,0,0.9,0,0
,Richards (Chris),28,CRY,4.5,0,2,0.01,0.09,0,0,2,3.2,0,0
,Rice,28,ARS,6.8,3,2,0.3,0.12,0,0,0,16.4,0,0
,Reed,28,FUL,4.4,0,0,0.0,0.0,0,0,0,0.2,0,0
,Raya Martin,28,ARS,5.8,0,0,0.0,0.0,0,0,0,31.3,5,0
,Rashford,28,AVL,7.0,1,0,0.0,0.0,0,0,0,0.0,0,0
,Ramsey (Jacob),28,AVL,5.3,0,2,0.07,0.11,0,1,0,0.2,0,0
,Alisson,28,LIV,5.4,0,0,0.0,0.0,0,0,0,5.8,3,0
,Ramsdale,28,SOU,4.8,0,0,0.0,0.0,0,0,0,0.6,4,0
,Quansah,28,LIV,3.9,0,0,0.0,0.0,0,0,0,1.0,0,0
,Porro,28,TOT,5.5,3,0,0.2,0.0,0,3,0,18.4,0,0
,Pope,28,NEW,5.2,0,0,0.0,0.0,0,0,0,12.2,2,0
,Pinnock,28,BRE,4.3,0,0,0.01,0.0,0,0,0,0.1,0,0
,Pickford,28,EVE,5.5,0,0,0.01,0.0,0,0,0,9.7,2,0
,Philogene-Bidace,28,IPS,5.3,0,3,0.0,0.65,0,1,0,0.1,0,0
,Phillips (Kalvin),28,IPS,4.8,0,0,0.02,0.0,0,1,0,0.1,0,0
,Pereira,28,FUL,5.3,6,0,0.03,0.0,0,1,0,0.1,0,0
,Partey,28,ARS,4.9,0,1,0.07,0.02,0,2,0,0.7,0,0
,Palmer (Alex),28,IPS,4.5,0,0,0.0,0.0,0,1,0,0.1,4,0
,Palmer (Cole),28,CHE,10.3,0,5,0.17,1.05,0,2,0,9.2,0,0
,Dango Ouattara,28,BOU,6.0,0,1,0.0,0.05,0,0,0,0.5,0,0
,Paul Onuachu,28,SOU,4.9,0,0,0.0,0.0,0,0,0,0.3,0,0
,Onana,28,MUN,4.9,0,0,0.0,0.0,0,0,0,0.2,5,0
,Olsen,28,AVL,4.5,0,0,0.0,0.0,0,0,0,0.1,3,0
,Odobert,28,TOT,5.3,0,1,0.06,0.03,0,0,0,0.0,0,0
,Odegaard,28,ARS,7.8,6,5,0.47,0.42,0,3,0,1.4,0,0
,O'Shea,28,IPS,3.8,0,0,0.0,0.0,0,0,0,1.2,0,0
,O'Brien,28,EVE,4.9,0,0,0.02,0.0,0,1,0,0.4,0,0
,Núñez,28,LIV,6.5,0,4,0.02,0.84,0,1,0,0.1,0,0
,Nwaneri,28,ARS,5.2,0,0,0.03,0.0,0,0,0,0.1,0,0
,Matheus Nunes,28,MCI,5.3,0,0,0.02,0.0,0,0,0,0.8,0,0
,Norgaard,28,BRE,5.2,0,3,0.08,0.19,0,2,2,0.1,0,0
,Nkunku,28,CHE,5.9,0,3,0.1,0.15,0,0,0,0.1,0,0
,Eddie Nketiah,28,CRY,5.4,0,3,0.28,0.63,0,1,0,0.4,0,0
,Lindelof,28,MUN,4.5,0,0,0.0,0.0,0,1,2,0.0,0,0
,Neto,28,CHE,7.1,2,1,0.14,0.07,0,4,0,5.9,0,0
,Ndidi,28,LEI,4.9,0,0,0.02,0.0,0,0,2,0.2,0,0
,Mykolenko,28,EVE,4.9,0,0,0.0,0.0,0,0,0,0.4,0,0
,Muñoz,28,CRY,5.7,0,3,0.03,0.44,0,1,0,15.3,0,0
,Murphy (Jacob),28,NEW,6.1,0,1,0.06,0.04,0,0,2,1.1,0,0
,Rodrigo Muniz,28,FUL,5.4,0,0,0.0,0.0,0,0,0,1.0,0,0
,Munetsi,28,WOL,5.4,0,3,0.0,0.4,0,0,0,0.1,0,0
,Savinho,28,MCI,6.9,0,1,0.05,0.07,0,1,0,0.5,0,0
,Mitoma,28,BHA,6.2,0,0,0.05,0.0,0,0,0,2.3,0,0
,Mitchell,28,CRY,5.0,0,0,0.01,0.0,0,1,0,2.2,0,0
,Minteh,28,BHA,6.0,2,1,0.06,0.03,0,1,2,4.4,0,0
,Mings,28,AVL,4.4,0,1,0.01,0.32,0,0,2,0.9,0,0
,Milenkovic,28,NFO,5.2,0,0,0.0,0.0,0,0,0,4.0,0,0
,Merino,28,ARS,5.9,0,1,0.03,0.1,0,2,0,0.5,0,0
,McGinn,28,AVL,5.4,2,0,0.03,0.0,0,0,0,0.6,0,0
,Mbeumo,28,BRE,8.3,1,1,0.08,0.05,0,0,0,28.5,0,0
,Mazraoui,28,MUN,4.9,0,1,0.16,0.15,0,3,0,0.2,0,0
,Mavropanos,28,WHU,4.4,0,0,0.0,0.0,0,0,0,0.1,0,0
,Mavididi,28,LEI,5.0,0,0,0.0,0.0,0,0,0,0.3,0,0
,Martinelli,28,ARS,6.9,0,2,0.07,0.37,0,0,0,1.0,0,0
,Omar Marmoush,28,MCI,8.3,1,0,0.01,0.0,0,0,0,2.6,0,0
,March,28,BHA,5.8,0,0,0.0,0.0,0,0,0,0.0,0,0
,Manning,28,SOU,4.3,0,0,0.01,0.0,0,0,2,0.1,0,0
,José Sá,28,WOL,4.4,0,0,0.0,0.0,0,0,0,1.2,3,0
,Malen,28,AVL,5.1,0,0,0.0,0.0,0,0,0,0.7,0,0
,Maddison,28,TOT,6.9,0,1,0.1,0.04,0,1,0,0.1,0,0
,Mac Allister,28,LIV,6.3,3,0,0.05,0.0,0,0,0,1.2,0,0
,Longstaff (Sean),28,NEW,4.9,0,0,0.0,0.0,0,0,0,1.1,0,0
,Livramento,28,NEW,4.9,0,0,0.05,0.0,0,1,0,3.1,0,0
,Lindstrom,28,EVE,5.0,0,1,0.02,0.02,0,1,0,0.1,0,0
,Lewis-Skelly,28,ARS,5.2,0,0,0.02,0.0,0,0,0,1.7,0,0
,Lewis-Potter,28,BRE,4.9,0,2,0.03,0.05,0,0,2,0.3,0,0
,Lewis (Rico),28,MCI,4.9,0,0,0.01,0.0,0,0,0,1.7,0,0
,Lerma,28,CRY,4.9,0,1,0.03,0.03,0,1,2,0.1,0,0
,Leno,28,FUL,5.0,0,0,0.0,0.0,0,0,0,1.6,2,0
,Lallana,28,SOU,5.0,0,0,0.0,0.0,0,0,0,0.0,0,0
,Lacroix,28,CRY,5.0,0,0,0.0,0.0,0,0,0,3.7,0,0
,Kudus,28,WHU,6.7,0,3,0.01,0.14,0,1,0,30.1,0,0
,Kristiansen,28,LEI,4.4,0,0,0.0,0.0,0,0,0,0.1,0,0
,Kovacic,28,MCI,5.9,0,1,0.03,0.07,0,0,0,0.0,0,0
,Konsa Ngoyo,28,AVL,4.4,0,0,0.0,0.0,0,0,0,8.6,0,0
,Konaté,28,LIV,5.4,0,0,0.01,0.0,0,0,0,2.7,0,0
,Kluivert,28,BOU,7.0,1,2,0.33,0.37,1,1,0,1.0,0,0
,Kim Ji-Soo,28,BRE,3.9,0,0,0.0,0.0,0,0,0,0.1,0,0
,Kilman,28,WHU,4.3,0,0,0.0,0.0,0,0,0,0.2,0,0
,Khusanov,28,MCI,5.4,0,0,0.03,0.0,0,0,2,0.3,0,0
,Kerkez,28,BOU,5.7,0,1,0.07,0.02,1,1,0,3.6,0,0
,Kamara,28,AVL,4.9,0,0,0.0,0.0,0,0,0,0.2,0,0
,Kamada,28,CRY,5.0,0,1,0.0,0.14,0,0,0,0.2,0,0
,Justin,28,LEI,4.0,0,0,0.03,0.0,0,1,0,0.2,0,0
,João Pedro,28,BHA,7.4,0,4,0.26,1.12,0,1,0,45.5,0,0
,Jones,28,LIV,5.4,0,3,0.14,0.53,0,3,0,0.1,0,0
,Johnson (Ben),28,IPS,3.8,0,1,0.0,0.28,0,0,0,1.9,0,0
,Johnson (Brennan),28,TOT,6.7,0,0,0.02,0.0,0,0,0,3.1,0,0
,Raúl Jiménez,28,FUL,6.2,0,2,0.0,0.58,0,0,0,0.8,0,0
,Jensen,28,BRE,4.9,0,0,0.02,0.0,0,0,0,0.1,0,0
,Janelt,28,BRE,4.9,0,0,0.06,0.0,0,0,0,0.0,0,0
,Iwobi,28,FUL,6.5,0,1,0.06,0.15,1,1,0,1.7,0,0
,Isak,28,NEW,10.4,0,1,0.03,0.42,0,0,0,5.1,0,0
,Iroegbunam,28,EVE,4.9,0,0,0.0,0.0,0,0,0,0.0,0,0
,Ings,28,WHU,4.8,0,0,0.0,0.0,0,0,0,1.2,0,0
,Højlund,28,MUN,6.3,0,1,0.02,0.19,0,0,0,0.3,0,0
,Hwang Hee-Chan,28,WOL,5.8,0,0,0.0,0.0,0,0,0,0.1,0,0
,Hutchinson,28,IPS,5.4,0,0,0.01,0.0,0,0,0,0.0,0,0
,Huijsen,28,BOU,4.5,0,2,0.01,0.15,0,0,2,5.0,0,0
,Hudson-Odoi,28,NFO,5.8,0,2,0.1,0.09,0,2,0,0.8,0,1
,Hirst,28,IPS,5.4,0,0,0.0,0.0,0,0,0,0.1,0,0
,Hinshelwood,28,BHA,5.1,0,0,0.03,0.0,0,0,0,0.0,0,0
,Hill (James),28,BOU,4.0,0,1,0.0,0.05,0,0,2,0.8,0,0
,Hermansen,28,LEI,4.4,0,0,0.0,0.0,0,0,0,0.2,7,0
,Henderson,28,CRY,5.0,0,0,0.0,0.0,0,0,0,7.6,7,0
,Heaven,28,MUN,3.8,0,0,0.0,0.0,0,0,0,1.0,0,0
,Harwood-Bellis,28,SOU,3.9,0,1,0.0,0.14,0,0,2,4.1,0,0
,Harrison (Jack),28,EVE,5.2,2,1,0.36,0.03,0,2,0,0.1,0,0
,Haaland,28,MCI,14.8,0,2,0.03,0.15,0,1,0,69.7,0,0
,Gómez (Diego),28,BHA,4.9,0,0,0.01,0.0,0,0,0,0.1,0,0
,Gvardiol,28,MCI,5.9,0,0,0.18,0.0,0,2,0,5.4,0,0
,Bruno Guimarães,28,NEW,6.6,0,1,0.17,0.48,0,1,0,3.7,0,0
,Gueye,28,EVE,5.4,0,1,0.02,0.04,0,1,2,0.1,0,0
,Marc Guehi,28,CRY,5.0,0,0,0.08,0.0,0,1,0,34.1,0,0
,Grønbæk,28,SOU,4.9,0,0,0.01,0.0,0,1,0,0.0,0,0
,Greaves,28,IPS,3.8,0,1,0.01,0.56,0,0,2,2.3,0,0
,Gravenberch,28,LIV,5.6,0,0,0.09,0.0,0,1,0,4.0,0,0
,González (Nico),28,MCI,5.9,0,2,0.01,0.05,0,0,0,0.1,0,0
,João Gomes,28,WOL,5.4,1,1,0.02,0.06,0,2,0,0.1,0,0
,Beto,28,EVE,5.2,0,2,0.0,0.71,0,1,0,3.3,0,0
,Toti,28,WOL,4.3,0,0,0.02,0.0,0,0,2,0.1,0,0
,Gibbs-White,28,NFO,7.3,1,4,0.02,0.34,0,1,0,2.9,0,0
,George,28,CHE,4.9,0,0,0.02,0.0,0,1,0,0.1,0,0
,Rúben Dias,28,MCI,5.5,0,1,0.03,0.04,0,0,0,4.5,0,0
,Garner,28,EVE,5.0,3,0,0.24,0.0,0,2,0,0.9,0,0
,Garnacho,28,MUN,6.4,0,2,0.09,0.07,0,1,0,0.4,0,0
,Gonçalo Guedes,28,WOL,5.5,0,0,0.0,0.0,0,0,0,0.0,0,0
,Casemiro,28,MUN,5.5,0,1,0.01,0.01,0,0,2,0.6,0,0
,Fofana (Wesley),28,CHE,4.4,0,1,0.02,0.04,0,0,0,0.2,0,0
,Foden,28,MCI,8.0,1,1,0.11,0.16,0,3,0,4.3,0,0
,Flekken,28,BRE,4.5,0,0,0.0,0.0,0,0,0,10.0,3,0
,Fernández,28,CHE,6.7,10,4,0.15,0.23,0,6,0,14.3,0,0
,Ferguson,28,WHU,5.5,0,1,0.02,0.02,0,1,0,0.0,0,0
,Faes,28,LEI,3.8,0,0,0.01,0.0,0,0,2,5.2,0,0
,Eze,28,CRY,7.6,2,6,0.02,0.58,0,0,0,14.2,0,0
,Estupiñán,28,BHA,4.5,0,0,0.02,0.0,0,0,0,0.0,0,0
,Esse,28,CRY,4.7,0,0,0.0,0.0,0,0,0,0.1,0,0
,Mateus Fernandes,28,SOU,5.5,0,1,0.0,0.02,0,0,2,0.0,0,0
,Eriksen,28,MUN,5.2,1,0,0.01,0.0,0,0,0,0.2,0,0
,Endo,28,LIV,4.9,0,0,0.0,0.0,0,0,0,0.1,0,0
,Enciso,28,IPS,5.4,1,4,0.05,0.12,0,3,0,0.0,0,0
,Elliott,28,LIV,5.4,0,4,0.03,0.13,0,0,0,0.3,0,0
,Elanga,28,NFO,6.7,2,0,0.16,0.0,0,3,0,3.7,0,0
,El Khannouss,28,LEI,4.8,2,1,0.01,0.05,0,0,0,0.2,0,0
,Díaz,28,LIV,8.0,1,4,0.81,0.21,1,6,0,0.0,0,0
,Doyle (Tommy),28,WOL,4.7,0,0,0.0,0.0,0,0,0,0.0,0,0
,Doucouré,28,EVE,5.1,0,3,0.03,0.29,0,1,0,0.5,0,0
,Nicolás Domínguez,28,NFO,5.0,0,1,0.01,0.04,0,1,0,0.0,0,0
,Doku,28,MCI,6.5,0,2,0.05,0.06,0,1,0,5.0,0,0
,Doherty,28,WOL,4.4,0,0,0.04,0.0,0,0,0,0.1,0,0
,Disasi,28,AVL,4.2,0,0,0.01,0.0,0,1,2,0.4,0,0
,Diop,28,FUL,4.4,0,0,0.0,0.0,0,1,2,0.1,0,0
,Digne,28,AVL,4.5,0,0,0.04,0.0,0,1,0,1.6,0,0
,Dibling,28,SOU,5.4,0,1,0.01,0.02,0,1,0,0.0,0,0
,Devenny,28,CRY,4.4,0,0,0.0,0.0,0,0,0,1.1,0,0
,Delap,28,IPS,6.2,0,4,0.02,0.11,0,0,0,0.9,0,0
,DeCordova-Reid,28,LEI,5.2,0,0,0.0,0.0,0,0,0,0.1,0,0
,De Bruyne,28,MCI,9.5,0,2,0.05,0.11,0,0,0,11.6,0,0
,Davis,28,IPS,4.2,3,1,0.28,0.02,0,2,0,0.9,0,0
,Danso,28,TOT,4.3,0,1,0.0,0.24,0,0,2,0.2,0,0
,Damsgaard,28,BRE,5.8,5,0,0.08,0.0,0,3,0,0.6,0,0
,Dalot,28,MUN,4.4,0,0,0.07,0.0,0,1,0,1.0,0,0
,Daka,28,LEI,4.8,0,0,0.01,0.0,0,0,0,0.5,0,0
,Cucurella,28,CHE,6.1,0,2,0.09,0.09,0,0,0,21.8,0,1
,Cresswell,28,WHU,3.9,1,0,0.0,0.0,0,0,0,1.7,0,0
,Cook,28,BOU,4.9,0,0,0.03,0.0,0,0,2,0.0,0,0
,Colwill,28,CHE,4.8,0,1,0.05,0.02,0,1,0,0.1,0,0
,Collyer,28,MUN,4.5,0,0,0.35,0.0,0,1,0,0.0,0,0
,Collins,28,BRE,4.9,0,1,0.01,0.03,0,0,2,1.1,0,0
,Coady,28,LEI,4.0,0,0,0.01,0.0,0,0,2,0.5,0,0
,Clarke (Jack),28,IPS,5.4,0,1,0.01,0.06,0,3,0,0.0,0,0
,Christie,28,BOU,5.0,0,0,0.14,0.0,0,2,2,0.1,0,0
,Chilwell,28,CRY,4.6,0,0,0.01,0.0,0,1,0,0.5,0,0
,Chalobah,28,CHE,5.1,0,0,0.0,0.0,0,0,0,7.6,0,0
,Castagne,28,FUL,4.4,0,2,0.01,0.09,0,0,2,0.1,0,0
,Cash,28,AVL,4.6,0,0,0.02,0.0,0,0,0,5.2,0,0
,Calafiori,28,ARS,5.8,0,0,0.05,0.0,0,0,0,16.0,0,0
,Cajuste,28,IPS,4.5,0,0,0.0,0.0,0,0,0,0.1,0,0
,Moises Caicedo,28,CHE,6.0,0,1,0.41,0.05,0,1,2,19.9,0,0
,Burn,28,NEW,5.2,0,0,0.1,0.0,0,1,2,10.7,0,0
,Buonanotte,28,LEI,4.7,0,0,0.01,0.0,0,0,0,0.1,0,0
,Bueno (Santiago),28,WOL,4.4,0,0,0.0,0.0,0,0,0,0.1,0,0
,Brooks,28,BOU,5.0,0,0,0.0,0.0,0,0,0,0.2,0,0
,Broadhead,28,IPS,4.9,0,0,0.0,0.0,0,0,0,0.0,0,0
,Branthwaite,28,EVE,5.3,0,1,0.0,0.14,0,0,2,0.2,0,0
,Bowen,28,WHU,7.7,0,4,0.01,0.16,0,0,0,7.6,0,0
,Bruno Fernandes,28,MUN,8.9,1,3,0.05,0.36,0,1,0,16.3,0,0
,Willian,28,FUL,5.0,1,0,0.05,0.0,0,1,0,0.0,0,0
,Bissouma,28,TOT,5.2,0,1,0.01,0.09,0,0,0,0.0,0,0
,Bergvall,28,TOT,5.4,0,1,0.01,0.04,0,1,0,0.4,0,0
,Berge,28,FUL,4.9,0,0,0.02,0.0,0,0,0,0.1,0,0
,Bentancur,28,TOT,5.3,0,0,0.04,0.0,0,0,0,0.4,0,0
,Bellegarde,28,WOL,5.2,0,1,0.27,0.03,1,3,0,0.0,0,0
,Bella Kotchap,28,SOU,3.9,0,0,0.0,0.0,0,0,0,0.4,0,0
,Bednarek,28,SOU,4.0,0,0,0.0,0.0,0,0,0,1.9,0,0
,Bassey,28,FUL,4.5,0,0,0.0,0.0,0,0,0,0.6,0,0
,Barnes,28,NEW,6.3,0,4,0.48,0.4,1,2,0,0.4,0,0
,Ricardo Pereira,28,LEI,4.1,0,1,0.01,0.04,0,0,0,0.1,0,0
,Baleba,28,BHA,4.7,0,0,0.11,0.0,0,0,0,2.1,0,0
,Bailey,28,AVL,5.5,0,2,0.04,0.12,0,0,0,0.1,0,0
,Ayari,28,BHA,4.9,1,1,0.07,0.05,0,1,0,0.3,0,0
,Awoniyi,28,NFO,5.2,0,0,0.0,0.0,0,0,0,0.4,0,0
,Kepa,28,BOU,4.2,0,0,0.0,0.0,0,0,0,0.5,2,0
,Aribo,28,SOU,4.9,0,0,0.0,0.0,0,0,0,0.1,0,0
,Areola,28,WHU,4.3,0,0,0.0,0.0,0,0,0,2.1,3,0
,Archer,28,SOU,4.8,0,1,0.01,0.08,0,0,0,1.1,0,0
,Joelinton,28,NEW,5.9,0,1,0.03,0.04,0,0,0,0.3,0,0
,Anderson,28,NFO,5.3,0,0,0.02,0.0,0,1,0,3.0,0,0
,Andersen,28,FUL,4.5,0,0,0.01,0.0,0,0,2,2.8,0,0
,Alexander-Arnold,28,LIV,7.2,1,5,0.1,0.24,0,2,0,16.7,0,0
,Alcaraz,28,EVE,5.2,0,2,0.04,0.12,0,1,0,0.1,0,0
,Ajer,28,BRE,4.4,0,1,0.0,0.08,0,0,0,0.2,0,0
,Ait Nouri,28,WOL,5.8,2,1,0.14,0.06,0,1,0,4.9,0,0
,Aina,28,NFO,4.7,0,0,0.02,0.0,0,0,0,2.5,0,0
,Agbadou,28,WOL,4.3,0,0,0.01,0.0,0,0,2,0.2,0,0
,Adingra,28,BHA,5.1,0,0,0.01,0.0,0,0,0,0.5,0,0
,Tosin,28,CHE,4.3,0,1,0.02,0.02,0,0,0,0.4,0,0
,Adams (Tyler),28,BOU,5.0,0,1,0.02,0.08,0,0,2,0.4,0,0
,Acheampong,28,CHE,3.9,0,0,0.0,0.0,0,0,0,2.2,0,0
,van den Berg,29,BRE,4.5,0,0,0.0,0.0,0,0,0,0.6,0,0
,van Hecke,29,BHA,4.4,0,1,0.0,0.01,0,0,2,1.3,0,0
,Danilo,29,NFO,4.7,1,0,0.0,0.0,0,0,0,0.0,0,0
,Gabriel Magalhães,29,ARS,6.6,0,0,0.01,0.0,0,0,0,41.0,0,0
,Evanilson,29,BOU,7.0,0,4,0.1,0.43,0,3,0,1.4,0,0
,de Ligt,29,MUN,5.0,0,0,0.0,0.0,0,1,2,3.0,0,0
,André,29,WOL,5.4,0,0,0.01,0.0,0,0,2,0.1,0,0
,Zirkzee,29,MUN,5.8,0,0,0.0,0.0,0,0,0,0.4,0,0
,Zabarnyi,29,BOU,5.0,0,0,0.01,0.0,0,0,2,0.0,0,0
,Yates,29,NFO,4.7,0,0,0.03,0.0,0,1,0,0.1,0,0
,Yarmolyuk,29,BRE,5.0,0,0,0.0,0.0,0,0,0,0.1,0,0
,Woolfenden,29,IPS,3.9,0,0,0.0,0.0,0,0,0,1.2,0,0
,Wood (Chris),29,NFO,7.2,0,2,0.01,0.16,0,0,0,6.5,0,0
,Wissa,29,BRE,7.4,0,1,0.08,0.17,0,1,0,0.5,0,0
,Winks,29,LEI,4.3,0,1,0.01,0.03,0,1,0,4.7,0,0
,Williams (Neco),29,NFO,4.7,0,2,0.02,0.07,0,0,0,3.5,0,0
,Wieffer,29,BHA,4.9,0,0,0.0,0.0,0,0,0,0.1,0,0
,Welbeck,29,BHA,6.5,0,0,0.0,0.0,0,0,0,7.9,0,0
,Webster,29,BHA,4.4,0,0,0.08,0.0,0,1,0,0.0,0,0
,Ward-Prowse,29,WHU,5.7,5,1,0.22,0.29,0,3,0,0.2,0,0
,Wan-Bissaka,29,WHU,4.3,0,0,0.03,0.0,0,0,0,5.8,0,0
,Walker-Peters,29,SOU,4.3,0,0,0.07,0.0,0,0,0,0.3,0,0
,Vicario,29,TOT,5.1,0,0,0.0,0.0,0,0,0,10.1,2,0
,Verbruggen,29,BHA,4.4,0,0,0.0,0.0,0,0,0,4.1,1,0
,Bernardo Silva,29,MCI,6.3,0,0,0.14,0.0,0,1,0,0.5,0,0
,Vardy,29,LEI,5.4,0,3,0.29,0.47,0,3,0,5.2,0,0
,Ugochukwu,29,SOU,5.0,0,1,0.02,0.01,0,1,0,0.1,0,0
,Ugarte,29,MUN,4.8,0,2,0.01,0.06,0,0,2,0.1,0,0
,Destiny Udogie,29,TOT,4.4,0,0,0.03,0.0,0,1,2,0.4,0,0
,Trossard,29,ARS,6.9,0,3,0.06,0.22,0,0,0,0.5,0,0
,Traoré (Adama),29,FUL,5.2,0,0,0.08,0.0,0,0,0,0.2,0,0
,Lucas Paquetá,29,WHU,5.9,0,1,0.05,0.15,0,0,0,2.5,0,0
,Todibo,29,WHU,4.3,0,2,0.01,0.05,0,0,2,0.1,0,0
,Jurriën Timber,29,ARS,6.1,0,0,0.02,0.0,0,0,0,25.1,0,0
,Tierney,29,ARS,4.3,0,0,0.0,0.0,0,0,0,0.1,0,0
,Thomas,29,LEI,3.9,2,1,0.04,0.02,0,0,0,1.4,0,0
,Tel,29,TOT,6.3,0,1,0.05,0.02,0,2,0,0.1,0,0
,Taylor (Jack),29,IPS,4.8,0,0,0.0,0.0,0,0,0,0.0,0,0
,Tavernier,29,BOU,5.5,0,3,0.06,0.16,0,1,0,1.6,0,0
,Tarkowski,29,EVE,5.5,0,0,0.02,0.0,0,0,0,6.3,0,0
,Sulemana,29,SOU,5.0,0,0,0.04,0.0,0,1,0,0.0,0,0
,Sugawara,29,SOU,4.2,0,1,0.55,0.03,0,1,0,0.1,0,0
,Strand Larsen,29,WOL,6.4,0,2,0.02,0.18,0,0,0,1.3,0,0
,Stephens,29,SOU,4.0,0,0,0.0,0.0,0,0,0,0.3,0,0
,Spence,29,TOT,4.5,0,0,0.06,0.0,0,1,2,1.6,0,0
,Soumaré,29,LEI,4.4,0,1,0.17,0.04,0,1,0,0.3,0,0
,Soucek,29,WHU,5.7,0,2,0.02,0.11,0,0,0,0.2,0,0
,Son,29,TOT,8.5,3,1,0.15,0.05,0,3,0,0.1,0,0
,Soler (Carlos),29,WHU,5.0,0,0,0.0,0.0,0,0,0,0.0,0,0
,Solanke,29,TOT,7.2,0,4,0.0,0.61,0,0,0,0.9,0,0
,Smith-Rowe,29,FUL,5.6,0,1,0.13,0.05,0,0,0,0.4,0,0
,Sinisterra,29,BOU,5.0,0,0,0.37,0.0,0,1,0,0.0,0,0
,Sessegnon (Ryan),29,FUL,5.4,0,1,0.1,0.13,0,1,0,0.4,0,1
,Semenyo,29,BOU,8.1,0,4,0.07,0.44,0,2,0,64.4,0,0
,Semedo,29,WOL,4.5,0,0,0.01,0.0,0,0,2,0.6,0,0
,Sels,29,NFO,4.8,0,0,0.0,0.0,0,0,0,8.3,1,0
,Schade,29,BRE,7.0,0,2,0.02,0.2,0,0,0,0.7,0,0
,Scarlett,29,TOT,4.3,0,1,0.0,0.04,0,0,0,0.6,0,0
,Sarabia,29,WOL,5.0,0,0,0.01,0.0,0,0,0,0.1,0,0
,Murillo,29,NFO,5.3,0,0,0.01,0.0,0,0,0,2.0,0,0
,Sancho,29,MUN,5.8,0,0,0.02,0.0,0,0,0,0.2,0,0
,Sanchez,29,CHE,4.8,0,0,0.0,0.0,0,1,0,13.5,4,0
,Saliba,29,ARS,6.0,0,0,0.01,0.0,0,0,0,11.6,0,0
,Rutter,29,BHA,5.7,0,0,0.05,0.0,0,1,0,0.5,0,0
,Romero,29,TOT,5.0,0,0,0.0,0.0,0,0,2,4.2,0,0
,Rodríguez,29,WHU,4.8,0,0,0.0,0.0,0,0,0,0.0,0,0
,Morato,29,NFO,4.4,0,0,0.0,0.0,0,0,0,0.1,0,0
,Robinson (Antonee),29,FUL,4.9,0,0,0.15,0.0,0,0,2,0.5,0,0
,Rice,29,ARS,6.8,3,3,0.27,0.16,0,2,0,16.4,0,0
,Raya Martin,29,ARS,5.8,0,0,0.0,0.0,0,0,0,31.3,2,0
,Ramsdale,29,SOU,4.8,0,0,0.0,0.0,0,0,0,0.6,1,0
,Youssef Chermiti,29,EVE,4.9,0,2,0.0,0.07,0,0,0,0.1,0,0
,Pinnock,29,BRE,4.3,0,0,0.0,0.0,0,0,2,0.1,0,0
,Pickford,29,EVE,5.5,0,0,0.0,0.0,0,0,0,9.7,5,0
,Philogene-Bidace,29,IPS,5.3,0,0,0.01,0.0,0,0,0,0.1,0,0
,Phillips (Kalvin),29,IPS,4.8,0,1,0.03,0.03,0,1,0,0.1,0,0
,Pereira,29,FUL,5.3,4,2,0.13,0.15,1,3,0,0.1,0,0
,Partey,29,ARS,4.9,0,0,0.01,0.0,0,0,0,0.7,0,0
,Emerson,29,WHU,4.4,0,0,0.22,0.0,0,1,0,0.1,0,0
,Palmer (Alex),29,IPS,4.5,0,0,0.0,0.0,0,0,0,0.1,2,0
,Dango Ouattara,29,BOU,6.0,0,0,0.0,0.0,0,0,0,0.5,0,0
,Ortega Moreno,29,MCI,4.8,0,0,0.0,0.0,0,0,0,0.2,2,0
,Paul Onuachu,29,SOU,4.9,0,2,0.01,0.89,0,1,0,0.3,0,0
,Onana,29,MUN,4.9,0,0,0.0,0.0,0,0,0,0.2,3,0
,Odobert,29,TOT,5.3,0,0,0.01,0.0,0,0,0,0.0,0,0
,Odegaard,29,ARS,7.8,2,1,0.21,0.09,0,3,0,1.4,0,0
,Obi-Martin,29,MUN,4.3,0,0,0.0,0.0,0,0,0,1.5,0,0
,O'Shea,29,IPS,3.8,0,0,0.07,0.0,0,1,0,1.2,0,0
,O'Brien,29,EVE,4.9,0,2,0.12,0.32,0,3,0,0.4,0,0
,Nwaneri,29,ARS,5.2,0,0,0.0,0.0,0,0,0,0.1,0,0
,Norgaard,29,BRE,5.2,0,2,0.12,0.18,0,2,2,0.1,0,0
,Nkunku,29,CHE,5.9,0,1,0.02,0.1,0,0,0,0.1,0,0
,Lindelof,29,MUN,4.5,0,0,0.02,0.0,0,1,2,0.0,0,0
,Neto,29,CHE,7.1,4,3,0.06,0.08,0,0,0,5.9,0,0
,Ndidi,29,LEI,4.9,0,0,0.03,0.0,0,1,0,0.2,0,0
,Mykolenko,29,EVE,4.9,0,0,0.13,0.0,0,2,0,0.4,0,0
,Rodrigo Muniz,29,FUL,5.4,0,2,0.08,0.2,0,1,0,1.0,0,0
,Munetsi,29,WOL,5.4,0,0,0.01,0.0,0,1,0,0.1,0,0
,Savinho,29,MCI,6.9,0,2,0.01,0.35,0,1,0,0.5,0,0
,Mitoma,29,BHA,6.2,0,2,0.07,0.41,0,1,0,2.3,0,0
,Minteh,29,BHA,6.0,0,2,0.04,0.06,0,1,0,4.4,0,0
,Milenkovic,29,NFO,5.2,0,1,0.0,0.14,1,1,2,4.0,0,0
,Merino,29,ARS,5.9,0,2,0.04,0.17,0,0,0,0.5,0,0
,Mee (Ben),29,BRE,4.2,0,0,0.0,0.0,0,0,0,0.3,0,0
,McAteer,29,LEI,4.7,0,0,0.0,0.0,0,0,0,0.0,0,0
,Mbeumo,29,BRE,8.3,3,3,0.32,0.12,1,2,0,28.5,0,0
,Mazraoui,29,MUN,4.9,0,0,0.02,0.0,0,1,0,0.2,0,0
,Mavropanos,29,WHU,4.4,0,0,0.0,0.0,0,0,0,0.1,0,0
,Mavididi,29,LEI,5.0,0,0,0.0,0.0,0,0,0,0.3,0,0
,Martinelli,29,ARS,6.9,0,3,0.09,0.08,0,2,0,1.0,0,0
,Omar Marmoush,29,MCI,8.3,0,2,0.15,0.1,0,2,0,2.6,0,1
,Manning,29,SOU,4.3,5,0,0.24,0.0,0,3,0,0.1,0,0
,José Sá,29,WOL,4.4,0,0,0.0,0.0,0,0,0,1.2,2,0
,Maddison,29,TOT,6.9,0,0,0.29,0.0,0,1,0,0.1,0,0
,Lindstrom,29,EVE,5.0,0,0,0.01,0.0,0,1,0,0.1,0,0
,Lewis-Skelly,29,ARS,5.2,0,0,0.01,0.0,0,1,0,1.7,0,0
,Lewis-Potter,29,BRE,4.9,0,0,0.04,0.0,0,0,0,0.3,0,0
,Lewis (Rico),29,MCI,4.9,0,0,0.02,0.0,0,0,0,1.7,0,0
,Leno,29,FUL,5.0,0,0,0.0,0.0,0,0,0,1.6,4,0
,Lavia,29,CHE,4.9,0,0,0.01,0.0,0,0,0,0.0,0,0
,Kudus,29,WHU,6.7,0,0,0.05,0.0,0,1,0,30.1,0,0
,Kristiansen,29,LEI,4.4,0,0,0.01,0.0,0,0,0,0.1,0,0
,Konak,29,BRE,4.4,0,0,0.0,0.0,0,0,0,0.2,0,0
,Kluivert,29,BOU,7.0,3,0,0.48,0.0,0,3,0,1.0,0,0
,Kilman,29,WHU,4.3,0,0,0.03,0.0,0,2,0,0.2,0,0
,Khusanov,29,MCI,5.4,0,0,0.01,0.0,0,0,0,0.3,0,0
,Kerkez,29,BOU,5.7,0,1,0.05,0.02,0,1,0,3.6,0,0
,Justin,29,LEI,4.0,0,0,0.09,0.0,0,1,0,0.2,0,0
,João Pedro,29,BHA,7.4,0,3,0.13,0.27,0,1,0,45.5,0,0
,Johnson (Brennan),29,TOT,6.7,0,0,0.0,0.0,0,0,0,3.1,0,0
,Raúl Jiménez,29,FUL,6.2,0,1,0.03,0.04,0,1,0,0.8,0,0
,Jebbison,29,BOU,4.5,0,0,0.0,0.0,0,0,0,1.1,0,0
,Janelt,29,BRE,4.9,0,1,0.06,0.1,0,0,0,0.0,0,0
,James,29,CHE,5.5,0,0,0.03,0.0,0,0,0,7.9,0,0
,Iwobi,29,FUL,6.5,0,1,0.02,0.12,0,0,0,1.7,0,0
,Iroegbunam,29,EVE,4.9,0,0,0.01,0.0,0,0,0,0.0,0,0
,Højlund,29,MUN,6.3,0,3,0.0,0.24,0,0,0,0.3,0,1
,Hutchinson,29,IPS,5.4,0,3,0.02,0.11,0,0,0,0.0,0,0
,Huijsen,29,BOU,4.5,0,1,0.31,0.04,0,1,2,5.0,0,0
,Hudson-Odoi,29,NFO,5.8,0,0,0.29,0.0,0,0,0,0.8,0,0
,Hirst,29,IPS,5.4,0,1,0.0,0.03,0,0,0,0.1,0,0
,Hinshelwood,29,BHA,5.1,0,2,0.45,0.47,0,2,0,0.0,0,0
,Hill (James),29,BOU,4.0,0,1,0.04,0.01,0,0,0,0.8,0,0
,Hermansen,29,LEI,4.4,0,0,0.0,0.0,0,0,0,0.2,2,0
,Heaven,29,MUN,3.8,0,0,0.0,0.0,0,0,0,1.0,0,0
,Harwood-Bellis,29,SOU,3.9,0,1,0.02,0.03,0,0,0,4.1,0,0
,Harrison (Jack),29,EVE,5.2,2,2,0.22,0.09,0,2,0,0.1,0,0
,Haaland,29,MCI,14.8,0,3,0.03,0.95,0,0,0,69.7,0,0
,Gómez (Diego),29,BHA,4.9,0,2,0.01,0.29,0,1,2,0.1,0,0
,Gvardiol,29,MCI,5.9,0,0,0.05,0.0,0,0,2,5.4,0,0
,Gusto,29,CHE,4.9,0,0,0.0,0.0,0,0,0,1.0,0,0
,Gundogan,29,MCI,6.3,3,2,0.14,0.09,0,4,0,0.1,0,0
,Gueye,29,EVE,5.4,0,0,0.61,0.0,1,1,0,0.1,0,0
,Grønbæk,29,SOU,4.9,0,0,0.0,0.0,0,0,0,0.0,0,0
,Gruda,29,BHA,5.4,0,0,0.0,0.0,0,0,0,0.1,0,0
,Greaves,29,IPS,3.8,0,0,0.01,0.0,0,0,0,2.3,0,0
,Gray (Archie),29,TOT,4.8,2,0,0.06,0.0,0,1,0,0.1,0,0
,González (Nico),29,MCI,5.9,0,1,0.14,0.12,0,0,2,0.1,0,0
,João Gomes,29,WOL,5.4,0,1,0.1,0.13,0,1,2,0.1,0,0
,Beto,29,EVE,5.2,0,3,0.01,0.11,0,0,0,3.3,0,0
,Toti,29,WOL,4.3,0,0,0.05,0.0,0,1,0,0.1,0,0
,Gibbs-White,29,NFO,7.3,0,0,0.1,0.0,1,3,0,2.9,0,0
,George,29,CHE,4.9,0,0,0.11,0.0,0,1,0,0.1,0,0
,Rúben Dias,29,MCI,5.5,0,1,0.02,0.13,0,0,0,4.5,0,0
,Garner,29,EVE,5.0,1,0,0.03,0.0,0,0,0,0.9,0,0
,Garnacho,29,MUN,6.4,0,3,0.01,0.1,0,0,0,0.4,0,0
,Gonçalo Guedes,29,WOL,5.5,0,0,0.03,0.0,0,0,0,0.0,0,0
,Casemiro,29,MUN,5.5,0,1,0.0,0.02,0,0,0,0.6,0,0
,Fofana (Wesley),29,CHE,4.4,0,0,0.01,0.0,0,1,0,0.2,0,0
,Foden,29,MCI,8.0,0,0,0.0,0.0,0,0,0,4.3,0,0
,Flekken,29,BRE,4.5,0,0,0.0,0.0,0,0,0,10.0,5,0
,Jota Silva,29,NFO,5.4,0,2,0.04,0.51,0,0,0,0.0,0,0
,Fernández,29,CHE,6.7,0,2,0.02,0.05,0,2,0,14.3,0,0
,Ferguson,29,WHU,5.5,0,0,0.0,0.0,0,0,0,0.0,0,0
,Faes,29,LEI,3.8,0,0,0.01,0.0,0,1,2,5.2,0,0
,Estupiñán,29,BHA,4.5,5,1,0.04,0.06,0,2,0,0.0,0,0
,Mateus Fernandes,29,SOU,5.5,0,0,0.04,0.0,0,1,0,0.0,0,0
,Eriksen,29,MUN,5.2,4,3,0.14,0.07,0,3,0,0.2,0,0
,Enciso,29,IPS,5.4,1,1,0.01,0.02,0,0,0,0.0,0,0
,Elanga,29,NFO,6.7,2,2,0.01,0.55,0,0,0,3.7,0,2
,El Khannouss,29,LEI,4.8,1,1,0.02,0.06,0,0,0,0.2,0,0
,Doyle (Tommy),29,WOL,4.7,1,0,0.0,0.0,0,0,0,0.0,0,0
,Downes,29,SOU,4.7,0,0,0.0,0.0,0,0,0,0.0,0,0
,Doucouré,29,EVE,5.1,0,2,0.18,0.2,0,0,0,0.5,0,0
,Nicolás Domínguez,29,NFO,5.0,0,0,0.07,0.0,0,1,0,0.0,0,0
,Doku,29,MCI,6.5,0,0,0.14,0.0,0,0,0,5.0,0,0
,Doherty,29,WOL,4.4,0,0,0.0,0.0,0,0,2,0.1,0,0
,Djiga,29,WOL,4.5,0,0,0.0,0.0,0,0,0,0.0,0,0
,Dibling,29,SOU,5.4,0,3,0.05,0.32,0,1,0,0.0,0,0
,Dewsbury-Hall,29,CHE,4.9,0,0,0.01,0.0,0,0,0,2.9,0,0
,Delap,29,IPS,6.2,0,3,0.02,0.16,0,1,0,0.9,0,0
,De Bruyne,29,MCI,9.5,1,0,0.07,0.0,0,0,0,11.6,0,0
,Davis,29,IPS,4.2,5,1,0.13,0.03,0,3,0,0.9,0,0
,Davies (Ben),29,TOT,4.3,0,1,0.0,0.01,0,0,2,0.1,0,0
,Damsgaard,29,BRE,5.8,0,1,0.05,0.07,0,0,2,0.6,0,0
,Dalot,29,MUN,4.4,0,1,0.04,0.03,0,1,0,1.0,0,0
,Daka,29,LEI,4.8,0,3,0.0,0.29,0,0,0,0.5,0,0
,Cucurella,29,CHE,6.1,0,2,0.02,0.12,0,0,0,21.8,0,0
,Cook,29,BOU,4.9,0,0,0.17,0.0,0,1,2,0.0,0,0
,Colwill,29,CHE,4.8,0,0,0.01,0.0,0,0,0,0.1,0,0
,Collyer,29,MUN,4.5,0,1,0.0,0.17,0,0,2,0.0,0,0
,Collins,29,BRE,4.9,0,0,0.0,0.0,0,0,2,1.1,0,0
,Coady,29,LEI,4.0,0,0,0.01,0.0,0,0,0,0.5,0,0
,Clarke (Jack),29,IPS,5.4,0,0,0.0,0.0,0,1,0,0.0,0,0
,Christie,29,BOU,5.0,0,2,0.11,0.11,0,1,0,0.1,0,0
,Castagne,29,FUL,4.4,0,1,0.02,0.14,0,1,0,0.1,0,0
,Cajuste,29,IPS,4.5,0,1,0.04,0.06,0,0,2,0.1,0,1
,Cairney,29,FUL,4.9,0,0,0.0,0.0,0,0,0,0.0,0,0
,Moises Caicedo,29,CHE,6.0,0,0,0.02,0.0,0,0,0,19.9,0,0
,Burgess,29,IPS,3.8,0,0,0.01,0.0,0,0,0,1.8,0,0
,Buonanotte,29,LEI,4.7,1,1,0.0,0.16,0,0,0,0.1,0,0
,Bueno (Santiago),29,WOL,4.4,0,0,0.0,0.0,0,0,0,0.1,0,0
,Brooks,29,BOU,5.0,1,1,0.03,0.46,0,1,0,0.2,0,0
,Broja,29,EVE,5.3,0,0,0.0,0.0,0,0,0,0.1,0,0
,Broadhead,29,IPS,4.9,0,0,0.0,0.0,0,0,0,0.0,0,0
,Branthwaite,29,EVE,5.3,0,0,0.01,0.0,0,0,2,0.2,0,0
,Bowen,29,WHU,7.7,0,4,0.06,0.24,0,2,0,7.6,0,0
,Bruno Fernandes,29,MUN,8.9,0,4,0.18,0.22,0,6,2,16.3,0,0
,Willian,29,FUL,5.0,2,2,0.07,0.09,0,0,0,0.0,0,0
,Bissouma,29,TOT,5.2,0,0,0.0,0.0,0,0,0,0.0,0,0
,Bergvall,29,TOT,5.4,0,1,0.07,0.04,0,1,0,0.4,0,0
,Berge,29,FUL,4.9,0,0,0.02,0.0,0,0,2,0.1,0,0
,Bentancur,29,TOT,5.3,0,3,0.05,0.18,0,1,0,0.4,0,0
,Bellegarde,29,WOL,5.2,0,0,0.07,0.0,1,2,0,0.0,0,0
,Bella Kotchap,29,SOU,3.9,0,0,0.01,0.0,0,0,0,0.4,0,0
,Bassey,29,FUL,4.5,0,0,0.01,0.0,0,0,0,0.6,0,0
,Baleba,29,BHA,4.7,0,2,0.04,0.46,0,2,0,2.1,0,0
,Badiashile,29,CHE,4.4,0,0,0.02,0.0,0,0,0,0.0,0,0
,Ayew,29,LEI,5.1,2,0,0.01,0.0,0,0,0,0.2,0,0
,Ayari,29,BHA,4.9,0,0,0.0,0.0,0,0,0,0.3,0,0
,Awoniyi,29,NFO,5.2,0,0,0.0,0.0,0,0,0,0.4,0,0
,Kepa,29,BOU,4.2,0,0,0.0,0.0,0,0,0,0.5,2,0
,Aribo,29,SOU,4.9,0,2,0.04,0.12,0,1,0,0.1,0,0
,Areola,29,WHU,4.3,0,0,0.0,0.0,0,0,0,2.1,4,0
,Archer,29,SOU,4.8,0,0,0.0,0.0,0,0,0,1.1,0,0
,Anderson,29,NFO,5.3,0,1,0.03,0.08,0,1,2,3.0,0,0
,Andersen,29,FUL,4.5,0,2,0.02,0.06,0,0,2,2.8,0,0
,Amass,29,MUN,4.0,0,0,0.0,0.0,0,0,0,0.1,0,0
,Alcaraz,29,EVE,5.2,3,2,0.14,0.21,0,2,0,0.1,0,0
,Ajer,29,BRE,4.4,0,0,0.06,0.0,0,2,0,0.2,0,0
,Ait Nouri,29,WOL,5.8,0,2,0.01,0.05,0,0,0,4.9,0,0
,Aina,29,NFO,4.7,0,1,0.01,0.01,0,0,2,2.5,0,0
,Agbadou,29,WOL,4.3,0,0,0.0,0.0,0,0,2,0.2,0,0
,Adingra,29,BHA,5.1,0,0,0.0,0.0,0,0,0,0.5,0,0
,Tosin,29,CHE,4.3,0,0,0.01,0.0,0,0,0,0.4,0,0
,Adams (Tyler),29,BOU,5.0,0,0,0.03,0.0,0,1,2,0.4,0,0
,Álvarez (Edson),30,WHU,4.9,0,0,0.01,0.0,0,0,0,0.1,0,0
,van den Berg,30,BRE,4.5,0,0,0.05,0.0,0,0,0,0.6,0,0
,van de Ven,30,TOT,4.7,0,1,0.0,0.21,0,0,0,32.6,0,0
,van Hecke,30,BHA,4.4,0,1,0.08,0.02,0,0,0,1.3,0,0
,van Dijk,30,LIV,6.0,0,0,0.03,0.0,0,0,2,23.6,0,0
,Danilo,30,NFO,4.7,0,0,0.0,0.0,0,0,0,0.0,0,0
,Gabriel Magalhães,30,ARS,6.6,0,0,0.0,0.0,0,0,0,41.0,0,0
,Vitor Reis,30,MCI,5.0,0,0,0.0,0.0,0,0,0,0.0,0,0
,Evanilson,30,BOU,7.0,0,3,0.01,0.72,0,0,0,1.4,0,0
,de Ligt,30,MUN,5.0,0,1,0.0,0.15,0,0,2,3.0,0,0
,André,30,WOL,5.4,0,1,0.01,0.05,0,0,0,0.1,0,0
,Zirkzee,30,MUN,5.8,0,0,0.01,0.0,0,0,0,0.4,0,0
,Zabarnyi,30,BOU,5.0,0,0,0.01,0.0,0,0,0,0.0,0,0
,Young (Ashley),30,EVE,4.2,1,0,0.0,0.0,0,0,0,1.4,0,0
,Yoro,30,MUN,4.4,0,0,0.02,0.0,0,0,0,1.7,0,0
,Yates,30,NFO,4.7,0,2,0.01,0.04,0,1,2,0.1,0,0
,Yarmolyuk,30,BRE,5.0,0,0,0.01,0.0,0,0,0,0.1,0,0
,Wissa,30,BRE,7.4,0,3,0.01,0.23,0,1,0,0.5,0,0
,Wilson (Callum),30,NEW,5.8,0,2,0.01,0.11,0,1,0,0.4,0,0
,Willock,30,NEW,5.0,0,1,0.0,0.06,0,0,0,0.1,0,0
,Williams (Neco),30,NFO,4.7,0,1,0.1,0.05,0,2,2,3.5,0,0
,Wieffer,30,BHA,4.9,0,0,0.01,0.0,0,1,0,0.1,0,0
,Wharton,30,CRY,5.0,1,0,0.06,0.0,0,1,0,0.5,0,0
,Welbeck,30,BHA,6.5,0,0,0.03,0.0,0,0,0,7.9,0,0
,Watkins,30,AVL,8.5,0,0,0.01,0.0,0,0,0,6.6,0,0
,Ward-Prowse,30,WHU,5.7,2,1,0.1,0.03,0,0,0,0.2,0,0
,Wan-Bissaka,30,WHU,4.3,0,0,0.14,0.0,0,1,2,5.8,0,0
,Walker-Peters,30,SOU,4.3,0,1,0.03,0.11,0,0,0,0.3,0,0
,Vicario,30,TOT,5.1,0,0,0.0,0.0,0,0,0,10.1,4,0
,Verbruggen,30,BHA,4.4,0,0,0.0,0.0,0,0,0,4.1,2,0
,Vardy,30,LEI,5.4,0,0,0.0,0.0,0,0,0,5.2,0,0
,Ugochukwu,30,SOU,5.0,0,1,0.11,0.01,0,2,0,0.1,0,0
,Ugarte,30,MUN,4.8,0,0,0.02,0.0,0,0,0,0.1,0,0
,Destiny Udogie,30,TOT,4.4,0,0,0.02,0.0,0,1,0,0.4,0,0
,Tuanzebe,30,IPS,3.9,0,0,0.0,0.0,0,0,0,1.8,0,0
,Trossard,30,ARS,6.9,0,0,0.0,0.0,0,0,0,0.5,0,0
,Trippier,30,NEW,5.0,3,0,0.04,0.0,0,2,2,2.7,0,0
,Traoré (Adama),30,FUL,5.2,0,1,0.01,0.09,0,0,0,0.2,0,0
,Traoré (Boubacar),30,WOL,5.0,0,0,0.0,0.0,0,0,0,0.0,0,0
,Townsend,30,IPS,3.9,0,0,0.08,0.0,1,1,0,0.5,0,0
,Torres,30,AVL,4.3,0,0,0.0,0.0,0,0,2,0.3,0,0
,Tonali,30,NEW,5.4,0,2,0.01,0.06,0,1,2,1.3,0,1
,Lucas Paquetá,30,WHU,5.9,0,1,0.24,0.05,0,2,2,2.5,0,0
,Jurriën Timber,30,ARS,6.1,0,1,0.03,0.28,0,0,0,25.1,0,0
,Tielemans,30,AVL,5.9,0,0,0.01,0.0,0,0,0,0.6,0,0
,Thomas,30,LEI,3.9,0,0,0.05,0.0,0,1,2,1.4,0,0
,Tel,30,TOT,6.3,0,1,0.01,0.03,0,0,0,0.1,0,0
,Diogo Jota,30,LIV,7.2,0,5,0.02,0.38,0,1,0,2.6,0,1
,Taylor (Jack),30,IPS,4.8,0,1,0.0,0.03,0,0,0,0.0,0,0
,Tarkowski,30,EVE,5.5,0,0,0.0,0.0,0,0,2,6.3,0,0
,Szoboszlai,30,LIV,6.5,0,1,0.05,0.06,0,1,0,4.2,0,0
,Sulemana,30,SOU,5.0,0,0,0.02,0.0,0,0,0,0.0,0,0
,Sugawara,30,SOU,4.2,0,0,0.0,0.0,0,0,0,0.1,0,0
,Strand Larsen,30,WOL,6.4,0,2,0.26,0.21,0,3,0,1.3,0,1
,Stephens,30,SOU,4.0,0,0,0.0,0.0,0,0,0,0.3,0,0
,Spence,30,TOT,4.5,0,1,0.01,0.06,0,0,0,1.6,0,0
,Soumaré,30,LEI,4.4,0,0,0.0,0.0,0,0,0,0.3,0,0
,Soucek,30,WHU,5.7,0,2,0.0,0.41,0,0,0,0.2,0,0
,Sosa,30,NFO,5.5,0,0,0.0,0.0,0,0,0,0.1,0,0
,Son,30,TOT,8.5,3,2,0.06,0.45,0,0,0,0.1,0,0
,Soler (Carlos),30,WHU,5.0,0,0,0.03,0.0,0,0,0,0.0,0,0
,Solanke,30,TOT,7.2,0,0,0.01,0.0,0,0,0,0.9,0,0
,Smith-Rowe,30,FUL,5.6,0,0,0.02,0.0,0,0,0,0.4,0,0
,Smith,30,BOU,4.4,0,0,0.03,0.0,0,1,0,0.2,0,0
,Skipp,30,LEI,4.7,0,0,0.0,0.0,0,0,0,0.0,0,0
,Sessegnon (Ryan),30,FUL,5.4,0,1,0.07,0.19,0,1,0,0.4,0,0
,Senesi,30,BOU,5.0,0,0,0.02,0.0,0,0,0,26.2,0,0
,Semenyo,30,BOU,8.1,0,6,0.04,0.17,0,3,0,64.4,0,0
,Semedo,30,WOL,4.5,0,0,0.04,0.0,0,0,0,0.6,0,0
,Sels,30,NFO,4.8,0,0,0.0,0.0,0,0,0,8.3,5,0
,Scott,30,BOU,5.0,1,4,0.02,0.23,0,0,0,0.3,0,0
,Schär,30,NEW,5.4,0,1,0.01,0.02,0,0,0,1.9,0,0
,Schade,30,BRE,7.0,0,2,0.19,0.11,0,3,0,0.7,0,0
,Scarles,30,WHU,4.4,0,0,0.02,0.0,0,0,0,0.0,0,0
,Ismaila Sarr,30,CRY,6.6,0,0,0.08,0.0,0,2,0,11.6,0,0
,Sarr (Pape),30,TOT,4.9,0,1,0.01,0.02,0,0,0,1.7,0,0
,Sarabia,30,WOL,5.0,1,0,0.0,0.0,0,0,0,0.1,0,0
,Welington,30,SOU,4.0,0,0,0.0,0.0,0,0,0,0.0,0,0
,Murillo,30,NFO,5.3,0,0,0.02,0.0,0,0,2,2.0,0,0
,Ederson,30,MCI,5.3,0,0,0.0,0.0,0,0,0,0.9,0,0
,Sangaré,30,NFO,4.9,0,0,0.02,0.0,0,1,0,0.1,0,0
,Sancho,30,MUN,5.8,0,2,0.09,0.21,0,1,0,0.2,0,0
,Sanchez,30,CHE,4.8,0,0,0.0,0.0,0,0,0,13.5,2,0
,Saliba,30,ARS,6.0,0,1,0.02,0.08,0,0,0,11.6,0,0
,Salah,30,LIV,14.2,0,1,0.1,0.07,0,0,0,24.9,0,0
,Saka,30,ARS,10.1,0,1,0.12,0.77,0,0,0,17.2,0,0
,Romero,30,TOT,5.0,0,0,0.01,0.0,0,0,0,4.2,0,0
,Rogers,30,AVL,6.8,0,0,0.27,0.0,2,2,0,4.8,0,0
,Morato,30,NFO,4.4,0,1,0.0,0.08,0,0,0,0.1,0,0
,Robinson (Antonee),30,FUL,4.9,0,0,0.16,0.0,0,2,0,0.5,0,0
,Robertson,30,LIV,5.8,0,1,0.15,0.07,0,2,0,0.9,0,0
,Rice,30,ARS,6.8,2,3,0.12,0.28,0,2,0,16.4,0,0
,Raya Martin,30,ARS,5.8,0,0,0.0,0.0,0,0,0,31.3,2,0
,Rashford,30,AVL,7.0,0,2,0.04,0.54,0,0,0,0.0,0,0
,Ramsey (Jacob),30,AVL,5.3,0,0,0.01,0.0,0,0,0,0.2,0,0
,Ramsdale,30,SOU,4.8,0,0,0.0,0.0,0,0,0,0.6,2,0
,Youssef Chermiti,30,EVE,4.9,0,0,0.0,0.0,0,0,0,0.1,0,0
,Porro,30,TOT,5.5,2,0,0.01,0.0,0,0,0,18.4,0,0
,Pope,30,NEW,5.2,0,0,0.0,0.0,0,0,0,12.2,2,0
,Pinnock,30,BRE,4.3,0,1,0.0,0.21,0,0,0,0.1,0,0
,Pickford,30,EVE,5.5,0,0,0.0,0.0,0,0,0,9.7,3,0
,Philogene-Bidace,30,IPS,5.3,0,0,0.0,0.0,0,0,0,0.1,0,0
,Phillips (Kalvin),30,IPS,4.8,0,0,0.0,0.0,0,0,0,0.1,0,0
,Pereira,30,FUL,5.3,2,0,0.04,0.0,0,2,0,0.1,0,0
,Partey,30,ARS,4.9,0,1,0.04,0.09,0,0,0,0.7,0,0
,Emerson,30,WHU,4.4,0,1,0.0,0.24,0,0,0,0.1,0,0
,Palmer (Alex),30,IPS,4.5,0,0,0.0,0.0,0,0,0,0.1,5,0
,Palmer (Cole),30,CHE,10.3,0,2,0.36,0.06,1,2,0,9.2,0,0
,O’Riley,30,BHA,5.5,0,0,0.01,0.0,0,0,0,0.4,0,0
,O’Reilly,30,MCI,4.9,0,1,0.04,0.11,0,1,0,1.1,0,0
,Dango Ouattara,30,BOU,6.0,0,6,0.02,0.57,0,1,0,0.5,0,0
,Paul Onuachu,30,SOU,4.9,0,4,0.01,0.37,0,0,0,0.3,0,0
,Onana,30,MUN,4.9,0,0,0.0,0.0,0,0,0,0.2,1,0
,Okoli,30,LEI,4.0,0,0,0.0,0.0,0,0,0,0.4,0,0
,Odobert,30,TOT,5.3,0,0,0.01,0.0,0,1,0,0.0,0,0
,Odegaard,30,ARS,7.8,3,2,0.28,0.28,0,2,0,1.4,0,0
,O'Shea,30,IPS,3.8,0,1,0.0,0.03,0,0,2,1.2,0,0
,O'Brien,30,EVE,4.9,0,0,0.02,0.0,0,0,0,0.4,0,0
,Núñez,30,LIV,6.5,0,1,0.01,0.02,0,1,0,0.1,0,0
,Nwaneri,30,ARS,5.2,0,2,0.26,0.14,0,2,0,0.1,0,0
,Matheus Nunes,30,MCI,5.3,0,0,0.1,0.0,0,0,0,0.8,0,0
,Norgaard,30,BRE,5.2,0,2,0.01,0.09,0,0,0,0.1,0,0
,Eddie Nketiah,30,CRY,5.4,0,2,0.0,0.16,0,0,0,0.4,0,0
,Neto,30,CHE,7.1,3,2,0.08,0.05,0,2,0,5.9,0,0
,Ndidi,30,LEI,4.9,0,0,0.0,0.0,0,1,2,0.2,0,0
,Ndiaye,30,EVE,6.5,0,0,0.01,0.0,0,0,0,11.1,0,0
,Mykolenko,30,EVE,4.9,0,0,0.0,0.0,0,0,2,0.4,0,0
,Mvom Onana,30,AVL,4.8,0,0,0.0,0.0,0,0,0,0.6,0,0
,Muñoz,30,CRY,5.7,0,0,0.04,0.0,0,0,0,15.3,0,0
,Murphy (Jacob),30,NEW,6.1,0,3,0.4,0.12,1,3,0,1.1,0,0
,Rodrigo Muniz,30,FUL,5.4,0,3,0.0,0.54,0,0,0,1.0,0,0
,Munetsi,30,WOL,5.4,0,2,0.0,0.7,0,0,0,0.1,0,0
,Mount,30,MUN,5.9,0,1,0.0,0.11,0,0,0,0.3,0,0
,Morsy,30,IPS,4.8,0,0,0.01,0.0,0,1,0,0.1,0,0
,Álex Moreno,30,NFO,4.0,0,0,0.06,0.0,0,0,0,2.4,0,0
,Savinho,30,MCI,6.9,1,2,0.48,0.16,1,5,0,0.5,0,0
,Mitoma,30,BHA,6.2,0,2,0.04,0.25,0,1,0,2.3,0,0
,Mitchell,30,CRY,5.0,0,0,0.01,0.0,0,1,0,2.2,0,0
,Miley (Lewis),30,NEW,4.4,0,0,0.0,0.0,0,0,0,2.1,0,0
,Milenkovic,30,NFO,5.2,0,1,0.06,0.02,0,1,0,4.0,0,0
,Merino,30,ARS,5.9,0,2,0.06,0.07,0,0,0,0.5,0,0
,Mcatee,30,MCI,5.2,0,2,0.01,0.03,0,0,0,0.1,0,0
,McGinn,30,AVL,5.4,0,1,0.08,0.17,0,1,0,0.6,0,0
,Mbeumo,30,BRE,8.3,1,3,0.24,0.87,0,1,0,28.5,0,0
,Mazraoui,30,MUN,4.9,0,0,0.06,0.0,0,1,2,0.2,0,0
,Mavropanos,30,WHU,4.4,0,0,0.0,0.0,0,0,0,0.1,0,0
,Mateta,30,CRY,7.9,0,2,0.01,0.22,0,0,0,23.0,0,0
,Martinez,30,AVL,5.0,0,0,0.0,0.0,0,0,0,2.0,4,0
,Martinelli,30,ARS,6.9,0,3,0.3,0.33,1,5,0,1.0,0,0
,Omar Marmoush,30,MCI,8.3,0,9,0.04,1.45,0,0,0,2.6,0,0
,Manning,30,SOU,4.3,1,0,0.31,0.0,0,2,0,0.1,0,0
,José Sá,30,WOL,4.4,0,0,0.0,0.0,0,0,0,1.2,1,0
,Malen,30,AVL,5.1,0,1,0.0,0.06,0,0,0,0.7,0,0
,Maguire,30,MUN,4.4,0,3,0.0,0.6,0,0,0,0.8,0,0
,Maghoma,30,BRE,4.5,0,0,0.0,0.0,0,0,0,0.0,0,0
,Madueke,30,CHE,6.8,0,0,0.01,0.0,0,0,0,0.6,0,0
,Maddison,30,TOT,6.9,1,1,0.06,0.05,0,0,0,0.1,0,0
,Mac Allister,30,LIV,6.3,11,1,0.27,0.02,0,1,0,1.2,0,0
,Lukic,30,FUL,5.0,2,1,0.02,0.01,0,0,0,0.1,0,0
,Livramento,30,NEW,4.9,0,0,0.38,0.0,0,2,0,3.1,0,0
,Luis Guilherme,30,WHU,4.9,0,0,0.0,0.0,0,1,0,0.0,0,0
,Lewis-Skelly,30,ARS,5.2,0,0,0.02,0.0,0,0,0,1.7,0,0
,Lewis-Potter,30,BRE,4.9,3,0,0.06,0.0,0,0,2,0.3,0,0
,Lewis (Rico),30,MCI,4.9,0,0,0.0,0.0,0,0,0,1.7,0,0
,Lerma,30,CRY,4.9,0,0,0.11,0.0,0,1,0,0.1,0,0
,Leno,30,FUL,5.0,0,0,0.0,0.0,0,0,0,1.6,3,0
,Lacroix,30,CRY,5.0,0,0,0.04,0.0,0,0,2,3.7,0,0
,Kristiansen,30,LEI,4.4,0,0,0.0,0.0,0,0,0,0.1,0,0
,Krafth,30,NEW,4.4,0,0,0.0,0.0,0,0,0,0.0,0,0
,Konsa Ngoyo,30,AVL,4.4,0,1,0.0,0.07,0,0,0,8.6,0,0
,Konaté,30,LIV,5.4,0,1,0.01,0.47,0,0,0,2.7,0,0
,Kiwior,30,ARS,5.4,0,1,0.01,0.06,0,0,0,0.1,0,0
,Kilman,30,WHU,4.3,0,0,0.01,0.0,0,0,0,0.2,0,0
,Kerkez,30,BOU,5.7,0,1,0.06,0.02,0,1,0,3.6,0,0
,Kelleher,30,LIV,4.5,0,0,0.0,0.0,0,0,0,7.9,0,0
,Kamara,30,AVL,4.9,0,0,0.02,0.0,0,1,0,0.2,0,0
,Kamada,30,CRY,5.0,0,0,0.01,0.0,0,0,0,0.2,0,0
,Justin,30,LEI,4.0,0,0,0.01,0.0,0,0,0,0.2,0,0
,João Pedro,30,BHA,7.4,0,1,0.02,0.1,0,0,0,45.5,0,0
,Jones,30,LIV,5.4,0,1,0.11,0.04,0,1,0,0.1,0,0
,Johnson (Ben),30,IPS,3.8,3,2,0.05,0.21,0,1,0,1.9,0,0
,Johnson (Brennan),30,TOT,6.7,0,0,0.48,0.0,0,2,0,3.1,0,0
,Raúl Jiménez,30,FUL,6.2,0,2,0.02,0.14,0,0,0,0.8,0,0
,Jebbison,30,BOU,4.5,0,0,0.0,0.0,0,0,0,1.1,0,0
,Janelt,30,BRE,4.9,0,0,0.01,0.0,0,0,0,0.0,0,0
,James,30,CHE,5.5,0,0,0.0,0.0,0,0,0,7.9,0,0
,Jackson (Nicolas),30,CHE,6.5,0,2,0.0,0.13,0,0,0,0.1,0,0
,Iwobi,30,FUL,6.5,0,0,0.55,0.0,0,1,0,1.7,0,0
,Isak,30,NEW,10.4,0,3,0.01,0.56,0,1,0,5.1,0,0
,Iroegbunam,30,EVE,4.9,0,0,0.0,0.0,0,0,0,0.0,0,0
,Højlund,30,MUN,6.3,0,1,0.03,0.03,0,1,0,0.3,0,0
,Huijsen,30,BOU,4.5,0,0,0.08,0.0,0,0,2,5.0,0,0
,Hirst,30,IPS,5.4,0,0,0.0,0.0,0,0,0,0.1,0,0
,Hinshelwood,30,BHA,5.1,0,0,0.08,0.0,0,1,0,0.0,0,0
,Hermansen,30,LEI,4.4,0,0,0.0,0.0,0,0,0,0.2,3,0
,Henderson,30,CRY,5.0,0,0,0.0,0.0,0,0,0,7.6,1,0
,Harwood-Bellis,30,SOU,3.9,0,0,0.03,0.0,0,1,0,4.1,0,0
,Harrison (Jack),30,EVE,5.2,2,1,0.06,0.03,0,1,0,0.1,0,0
,Gómez (Diego),30,BHA,4.9,2,0,0.01,0.0,0,1,0,0.1,0,0
,Gvardiol,30,MCI,5.9,0,1,0.19,0.05,0,1,0,5.4,0,0
,Gusto,30,CHE,4.9,0,1,0.04,0.08,0,2,0,1.0,0,0
,Gundogan,30,MCI,6.3,4,1,0.41,0.1,0,2,2,0.1,0,0
,Bruno Guimarães,30,NEW,6.6,1,0,0.07,0.0,0,2,0,3.7,0,0
,Gueye,30,EVE,5.4,0,0,0.01,0.0,0,0,2,0.1,0,0
,Marc Guehi,30,CRY,5.0,0,1,0.03,0.11,0,0,0,34.1,0,0
,Gruda,30,BHA,5.4,0,0,0.02,0.0,0,0,0,0.1,0,0
,Grealish,30,MCI,6.9,0,2,0.15,0.35,0,2,0,17.6,0,0
,Gravenberch,30,LIV,5.6,0,2,0.05,0.07,0,0,2,4.0,0,0
,González (Nico),30,MCI,5.9,0,0,0.07,0.0,0,0,0,0.1,0,0
,João Gomes,30,WOL,5.4,0,1,0.04,0.05,0,0,2,0.1,0,0
,Beto,30,EVE,5.2,0,1,0.0,0.31,0,1,0,3.3,0,0
,Toti,30,WOL,4.3,0,1,0.01,0.12,0,0,2,0.1,0,0
,Gibbs-White,30,NFO,7.3,0,1,0.04,0.06,0,1,0,2.9,0,0
,Rúben Dias,30,MCI,5.5,0,0,0.04,0.0,0,0,0,4.5,0,0
,Garner,30,EVE,5.0,2,0,0.01,0.0,0,1,0,0.9,0,0
,Garnacho,30,MUN,6.4,0,6,0.18,0.25,0,4,0,0.4,0,0
,Gakpo,30,LIV,7.6,0,0,0.0,0.0,0,0,0,14.1,0,0
,Füllkrug,30,WHU,5.6,0,2,0.01,0.13,0,1,0,0.7,0,0
,Matheus França,30,CRY,4.5,0,2,0.0,0.06,0,0,0,0.0,0,0
,Casemiro,30,MUN,5.5,0,3,0.05,0.09,0,1,0,0.6,0,0
,Flekken,30,BRE,4.5,0,0,0.01,0.0,0,0,0,10.0,2,0
,Fernández,30,CHE,6.7,1,2,0.03,0.58,0,1,0,14.3,0,0
,Ferguson,30,WHU,5.5,0,1,0.0,0.31,0,0,0,0.0,0,0
,Faes,30,LEI,3.8,0,0,0.0,0.0,0,0,2,5.2,0,0
,Eze,30,CRY,7.6,1,2,0.04,0.2,0,0,0,14.2,0,0
,Estupiñán,30,BHA,4.5,2,1,0.14,0.02,0,1,0,0.0,0,0
,Mateus Fernandes,30,SOU,5.5,1,2,0.09,0.18,1,1,2,0.0,0,0
,Eriksen,30,MUN,5.2,4,0,0.04,0.0,0,2,0,0.2,0,0
,Endo,30,LIV,4.9,0,0,0.0,0.0,0,0,0,0.1,0,0
,Enciso,30,IPS,5.4,0,3,0.3,0.11,1,2,0,0.0,0,0
,Elanga,30,NFO,6.7,3,1,0.04,0.12,0,0,0,3.7,0,1
,El Khannouss,30,LEI,4.8,0,1,0.01,0.02,0,0,0,0.2,0,0
,Díaz,30,LIV,8.0,0,3,0.27,0.27,0,6,0,0.0,0,0
,Dunk,30,BHA,4.5,0,0,0.01,0.0,0,0,0,1.2,0,0
,Downes,30,SOU,4.7,0,0,0.01,0.0,0,0,2,0.0,0,0
,Doucouré,30,EVE,5.1,0,0,0.03,0.0,0,1,0,0.5,0,0
,Dorgu,30,MUN,4.3,0,4,0.6,0.22,0,1,0,3.1,0,0
,Nicolás Domínguez,30,NFO,5.0,0,0,0.26,0.0,0,1,0,0.0,0,0
,Doku,30,MCI,6.5,0,0,0.59,0.0,0,2,0,5.0,0,0
,Doherty,30,WOL,4.4,0,0,0.05,0.0,0,1,2,0.1,0,0
,Disasi,30,AVL,4.2,0,0,0.0,0.0,0,0,0,0.4,0,0
,Diop,30,FUL,4.4,0,0,0.01,0.0,0,0,0,0.1,0,0
,Digne,30,AVL,4.5,0,0,0.11,0.0,0,1,0,1.6,0,0
,Dibling,30,SOU,5.4,0,0,0.0,0.0,0,0,0,0.0,0,0
,Dewsbury-Hall,30,CHE,4.9,0,0,0.0,0.0,0,0,0,2.9,0,0
,Devenny,30,CRY,4.4,0,0,0.0,0.0,0,0,0,1.1,0,0
,Delap,30,IPS,6.2,0,1,0.01,0.27,0,0,0,0.9,0,0
,Damsgaard,30,BRE,5.8,1,1,0.07,0.09,0,3,0,0.6,0,0
,Dalot,30,MUN,4.4,0,1,0.24,0.06,0,3,0,1.0,0,0
,Daka,30,LEI,4.8,0,0,0.0,0.0,0,0,0,0.5,0,0
,Cuenca,30,FUL,4.4,0,1,0.01,0.02,0,0,0,0.0,0,0
,Cucurella,30,CHE,6.1,0,0,0.01,0.0,0,0,0,21.8,0,0
,Cresswell,30,WHU,3.9,0,0,0.0,0.0,0,0,0,1.7,0,0
,Cook,30,BOU,4.9,2,2,0.2,0.25,0,3,0,0.0,0,0
,Colwill,30,CHE,4.8,0,0,0.01,0.0,0,0,0,0.1,0,0
,Collins,30,BRE,4.9,0,0,0.02,0.0,0,0,0,1.1,0,0
,Coady,30,LEI,4.0,0,0,0.0,0.0,0,0,0,0.5,0,0
,Clyne,30,CRY,3.9,0,0,0.11,0.0,0,1,0,0.5,0,0
,Clarke (Jack),30,IPS,5.4,0,0,0.0,0.0,0,1,0,0.0,0,0
,Christie,30,BOU,5.0,5,1,0.15,0.03,0,3,0,0.1,0,0
,Chilwell,30,CRY,4.6,0,0,0.02,0.0,0,1,0,0.5,0,0
,Chalobah,30,CHE,5.1,0,0,0.02,0.0,0,1,0,7.6,0,0
,Castagne,30,FUL,4.4,0,0,0.01,0.0,0,0,0,0.1,0,0
,Cashin,30,BHA,4.0,0,0,0.0,0.0,0,0,0,0.0,0,0
,Cash,30,AVL,4.6,0,1,0.11,0.03,0,1,0,5.2,0,0
,Cajuste,30,IPS,4.5,0,1,0.01,0.09,0,1,0,0.1,0,0
,Moises Caicedo,30,CHE,6.0,0,0,0.03,0.0,0,0,0,19.9,0,0
,Burn,30,NEW,5.2,0,0,0.01,0.0,0,0,2,10.7,0,0
,Burgess,30,IPS,3.8,0,0,0.05,0.0,0,1,2,1.8,0,0
,Buonanotte,30,LEI,4.7,0,0,0.01,0.0,0,0,0,0.1,0,0
,Bueno (Santiago),30,WOL,4.4,0,0,0.0,0.0,0,0,0,0.1,0,0
,Brooks,30,BOU,5.0,0,1,0.01,0.03,0,0,0,0.2,0,0
,Broja,30,EVE,5.3,0,0,0.0,0.0,0,0,0,0.1,0,0
,Broadhead,30,IPS,4.9,0,1,0.02,0.43,0,1,0,0.0,0,1
,Branthwaite,30,EVE,5.3,0,0,0.02,0.0,0,0,2,0.2,0,0
,Bowen,30,WHU,7.7,0,2,0.3,0.18,0,1,0,7.6,0,0
,Bruno Fernandes,30,MUN,8.9,6,3,0.28,0.13,0,6,2,16.3,0,0
,Willian,30,FUL,5.0,0,0,0.01,0.0,0,0,0,0.0,0,0
,Bobb,30,MCI,5.4,0,0,0.0,0.0,0,0,0,0.3,0,0
,Bergvall,30,TOT,5.4,0,1,0.0,0.07,0,0,0,0.4,0,0
,Berge,30,FUL,4.9,0,0,0.02,0.0,0,1,0,0.1,0,0
,Bentancur,30,TOT,5.3,0,0,0.09,0.0,0,0,2,0.4,0,0
,Bellegarde,30,WOL,5.2,0,1,0.02,0.03,0,0,0,0.0,0,0
,Bednarek,30,SOU,4.0,0,0,0.0,0.0,0,0,2,1.9,0,0
,Barnes,30,NEW,6.3,0,7,0.21,0.25,0,3,0,0.4,0,0
,Ricardo Pereira,30,LEI,4.1,0,1,0.01,0.05,0,0,0,0.1,0,0
,Baleba,30,BHA,4.7,0,1,0.0,0.01,0,0,0,2.1,0,0
,Ayew,30,LEI,5.1,0,0,0.01,0.0,0,0,0,0.2,0,0
,Ayari,30,BHA,4.9,0,3,0.08,0.41,0,1,0,0.3,0,0
,Awoniyi,30,NFO,5.2,0,1,0.01,0.11,0,0,0,0.4,0,0
,Asensio,30,AVL,6.0,0,2,0.02,0.38,0,1,0,2.4,0,0
,Kepa,30,BOU,4.2,0,0,0.0,0.0,0,0,0,0.5,0,0
,Aribo,30,SOU,4.9,0,0,0.0,0.0,0,0,0,0.1,0,0
,Areola,30,WHU,4.3,0,0,0.0,0.0,0,0,0,2.1,1,0
,Archer,30,SOU,4.8,0,0,0.0,0.0,0,0,0,1.1,0,0
,Joelinton,30,NEW,5.9,0,2,0.03,0.1,0,1,0,0.3,0,0
,Anderson,30,NFO,5.3,0,0,0.02,0.0,0,0,2,3.0,0,0
,Andersen,30,FUL,4.5,0,0,0.02,0.0,0,0,2,2.8,0,0
,Alcaraz,30,EVE,5.2,0,3,0.02,0.32,0,0,0,0.1,0,0
,Ajer,30,BRE,4.4,0,0,0.0,0.0,0,0,0,0.2,0,0
,Ait Nouri,30,WOL,5.8,0,0,0.14,0.0,0,3,0,4.9,0,0
,Aina,30,NFO,4.7,0,0,0.02,0.0,0,0,0,2.5,0,0
,Agbadou,30,WOL,4.3,0,1,0.0,0.03,0,0,0,0.2,0,0
,Adingra,30,BHA,5.1,0,2,0.22,0.09,0,2,0,0.5,0,0
,Tosin,30,CHE,4.3,0,0,0.0,0.0,0,0,0,0.4,0,0
,Adams (Tyler),30,BOU,5.0,0,0,0.05,0.0,0,2,0,0.4,0,0
,Álvarez (Edson),31,WHU,4.9,0,0,0.04,0.0,0,0,0,0.1,0,0
,van den Berg,31,BRE,4.5,0,1,0.01,0.49,0,0,0,0.6,0,0
,van Hecke,31,BHA,4.4,0,0,0.08,0.0,0,1,0,1.3,0,0
,van Dijk,31,LIV,6.0,0,0,0.01,0.0,0,0,2,23.6,0,0
,Evanilson,31,BOU,7.0,0,3,0.01,1.72,0,1,0,1.4,0,0
,André,31,WOL,5.4,0,0,0.03,0.0,0,1,2,0.1,0,0
,Zirkzee,31,MUN,5.8,0,2,0.0,0.17,0,0,0,0.4,0,0
,Zabarnyi,31,BOU,5.0,0,1,0.04,0.17,0,0,0,0.0,0,0
,Young (Ashley),31,EVE,4.2,0,0,0.0,0.0,0,0,0,1.4,0,0
,Yoro,31,MUN,4.4,0,0,0.01,0.0,0,0,0,1.7,0,0
,Yates,31,NFO,4.7,0,2,0.01,0.05,0,1,2,0.1,0,0
,Yarmolyuk,31,BRE,5.0,0,0,0.01,0.0,0,0,0,0.1,0,0
,Wissa,31,BRE,7.4,0,3,0.39,0.36,0,3,0,0.5,0,0
,Winterburn,31,BOU,4.5,0,0,0.0,0.0,0,0,0,0.0,0,0
,Wilson (Callum),31,NEW,5.8,0,0,0.0,0.0,0,0,0,0.4,0,0
,Williams (Neco),31,NFO,4.7,1,3,0.32,0.31,0,4,0,3.5,0,0
,Wieffer,31,BHA,4.9,0,1,0.14,0.07,0,1,0,0.1,0,0
,White (Ben),31,ARS,5.3,0,1,0.11,0.19,0,1,0,0.4,0,0
,Wharton,31,CRY,5.0,1,0,0.28,0.0,0,2,0,0.5,0,0
,Welbeck,31,BHA,6.5,0,2,0.01,0.53,0,0,0,7.9,0,0
,Watkins,31,AVL,8.5,0,0,0.0,0.0,0,0,0,6.6,0,0
,Ward-Prowse,31,WHU,5.7,4,0,0.12,0.0,1,2,0,0.2,0,0
,Ward (Joel),31,CRY,4.3,0,0,0.0,0.0,0,0,0,0.1,0,0
,Wan-Bissaka,31,WHU,4.3,0,0,0.01,0.0,0,0,0,5.8,0,0
,Walker-Peters,31,SOU,4.3,0,0,0.03,0.0,0,0,0,0.3,0,0
,Vicario,31,TOT,5.1,0,0,0.0,0.0,0,0,0,10.1,3,0
,Verbruggen,31,BHA,4.4,0,0,0.0,0.0,0,0,0,4.1,1,0
,Bernardo Silva,31,MCI,6.3,0,0,0.02,0.0,0,1,2,0.5,0,0
,Vardy,31,LEI,5.4,0,3,0.02,0.17,0,0,0,5.2,0,0
,Ugochukwu,31,SOU,5.0,0,1,0.02,0.35,0,1,0,0.1,0,0
,Ugarte,31,MUN,4.8,0,3,0.04,0.28,0,0,0,0.1,0,0
,Tuanzebe,31,IPS,3.9,0,0,0.03,0.0,0,0,0,1.8,0,0
,Trossard,31,ARS,6.9,0,3,0.02,0.32,0,0,0,0.5,0,0
,Trippier,31,NEW,5.0,1,1,0.05,0.04,0,1,0,2.7,0,0
,Traoré (Adama),31,FUL,5.2,0,0,0.0,0.0,0,0,0,0.2,0,0
,Townsend,31,IPS,3.9,3,1,0.01,0.03,0,0,0,0.5,0,0
,Tonali,31,NEW,5.4,0,1,0.03,0.06,0,1,2,1.3,0,0
,Lucas Paquetá,31,WHU,5.9,0,1,0.12,0.03,0,1,0,2.5,0,0
,Todibo,31,WHU,4.3,0,0,0.0,0.0,0,0,0,0.1,0,0
,Jurriën Timber,31,ARS,6.1,0,1,0.01,0.2,0,0,0,25.1,0,0
,Tierney,31,ARS,4.3,0,0,0.2,0.0,0,3,0,0.1,0,0
,Tielemans,31,AVL,5.9,0,2,0.15,0.07,1,2,0,0.6,0,0
,Thomas,31,LEI,3.9,3,0,0.02,0.0,0,1,0,1.4,0,0
,Tete,31,FUL,4.5,0,0,0.0,0.0,0,0,0,0.2,0,0
,Tel,31,TOT,6.3,0,1,0.0,0.79,0,0,0,0.1,0,0
,Diogo Jota,31,LIV,7.2,0,1,0.0,0.32,0,0,0,2.6,0,0
,Taylor (Jack),31,IPS,4.8,0,0,0.0,0.0,0,0,0,0.0,0,0
,Tarkowski,31,EVE,5.5,0,0,0.02,0.0,0,0,2,6.3,0,0
,Szoboszlai,31,LIV,6.5,0,2,0.01,0.04,0,0,0,4.2,0,0
,Sulemana,31,SOU,5.0,0,3,0.18,0.16,1,3,0,0.0,0,0
,Sugawara,31,SOU,4.2,0,1,0.01,0.03,0,0,0,0.1,0,0
,Strand Larsen,31,WOL,6.4,0,3,0.08,1.04,0,0,0,1.3,0,0
,Stewart,31,SOU,4.4,0,0,0.0,0.0,0,0,0,1.7,0,0
,Sterling,31,ARS,6.7,0,1,0.01,0.28,0,1,0,0.8,0,0
,Spence,31,TOT,4.5,0,1,0.3,0.15,0,1,0,1.6,0,0
,Soumaré,31,LEI,4.4,0,0,0.03,0.0,0,0,0,0.3,0,0
,Soucek,31,WHU,5.7,0,1,0.0,0.02,0,0,0,0.2,0,0
,Sosa,31,NFO,5.5,0,0,0.06,0.0,0,1,0,0.1,0,0
,Son,31,TOT,8.5,0,1,0.2,0.04,0,1,0,0.1,0,0
,Soler (Carlos),31,WHU,5.0,0,1,0.01,0.02,0,0,0,0.0,0,0
,Solanke,31,TOT,7.2,0,3,0.01,0.22,0,1,0,0.9,0,0
,Smith-Rowe,31,FUL,5.6,0,0,0.0,0.0,0,0,0,0.4,0,0
,Smith,31,BOU,4.4,0,0,0.01,0.0,0,1,0,0.2,0,0
,Smallbone,31,SOU,5.0,0,0,0.01,0.0,0,0,0,0.0,0,0
,Sessegnon (Ryan),31,FUL,5.4,0,3,0.06,0.12,0,1,0,0.4,0,0
,Senesi,31,BOU,5.0,0,0,0.0,0.0,0,0,0,26.2,0,0
,Semenyo,31,BOU,8.1,1,5,0.06,0.19,0,1,0,64.4,0,0
,Semedo,31,WOL,4.5,0,1,0.06,0.07,0,0,0,0.6,0,0
,Sels,31,NFO,4.8,0,0,0.0,0.0,0,0,0,8.3,6,0
,Scott,31,BOU,5.0,0,0,0.0,0.0,0,0,0,0.3,0,0
,Schär,31,NEW,5.4,0,2,0.0,0.04,0,0,0,1.9,0,0
,Schade,31,BRE,7.0,0,0,0.09,0.0,0,1,0,0.7,0,0
,Scarles,31,WHU,4.4,0,0,0.01,0.0,0,0,0,0.0,0,0
,Ismaila Sarr,31,CRY,6.6,0,0,0.01,0.0,0,0,0,11.6,0,0
,Sarr (Pape),31,TOT,4.9,0,0,0.0,0.0,0,0,0,1.7,0,0
,Sarabia,31,WOL,5.0,0,1,0.74,0.05,1,3,0,0.1,0,0
,Welington,31,SOU,4.0,0,0,0.0,0.0,0,0,0,0.0,0,0
,Murillo,31,NFO,5.3,0,1,0.01,0.02,0,1,0,2.0,0,0
,Ederson,31,MCI,5.3,0,0,0.0,0.0,0,0,0,0.9,2,0
,Sancho,31,MUN,5.8,0,1,0.03,0.08,0,1,0,0.2,0,0
,Sanchez,31,CHE,4.8,0,0,0.01,0.0,0,0,0,13.5,2,0
,Saliba,31,ARS,6.0,0,0,0.03,0.0,0,0,2,11.6,0,0
,Salah,31,LIV,14.2,0,1,0.1,0.44,0,2,0,24.9,0,0
,Saka,31,ARS,10.1,2,2,0.21,0.14,0,1,0,17.2,0,0
,Romero,31,TOT,5.0,0,2,0.0,0.23,0,0,0,4.2,0,0
,Rogers,31,AVL,6.8,0,3,0.11,0.98,0,2,0,4.8,0,0
,Morato,31,NFO,4.4,0,0,0.0,0.0,0,0,0,0.1,0,0
,Robinson (Antonee),31,FUL,4.9,0,0,0.18,0.0,0,2,2,0.5,0,0
,Robertson,31,LIV,5.8,0,1,0.29,0.03,0,0,0,0.9,0,0
,Rice,31,ARS,6.8,5,2,0.02,0.28,0,1,2,16.4,0,0
,Reed,31,FUL,4.4,0,1,0.0,0.09,0,0,0,0.2,0,0
,Raya Martin,31,ARS,5.8,0,0,0.0,0.0,0,0,0,31.3,1,0
,Rashford,31,AVL,7.0,3,2,0.09,0.63,0,1,0,0.0,0,0
,Ramsey (Jacob),31,AVL,5.3,0,0,0.18,0.0,0,3,0,0.2,0,0
,Ramsdale,31,SOU,4.8,0,0,0.0,0.0,0,0,0,0.6,5,0
,Porro,31,TOT,5.5,4,1,0.26,0.02,0,3,2,18.4,0,0
,Pope,31,NEW,5.2,0,0,0.0,0.0,0,0,0,12.2,2,0
,Pickford,31,EVE,5.5,0,0,0.02,0.0,0,0,0,9.7,3,0
,Philogene-Bidace,31,IPS,5.3,0,1,0.0,0.08,0,0,0,0.1,0,0
,Pereira,31,FUL,5.3,4,2,0.29,0.08,0,1,0,0.1,0,0
,Patterson (Nathan),31,EVE,4.4,0,0,0.01,0.0,0,0,0,0.0,0,0
,Emerson,31,WHU,4.4,0,0,0.03,0.0,0,0,0,0.1,0,0
,Palmer (Alex),31,IPS,4.5,0,0,0.0,0.0,0,0,0,0.1,4,0
,Palmer (Cole),31,CHE,10.3,0,3,0.03,0.2,0,0,0,9.2,0,0
,O’Riley,31,BHA,5.5,1,0,0.02,0.0,0,0,0,0.4,0,0
,O’Reilly,31,MCI,4.9,0,0,0.17,0.0,0,1,0,1.1,0,0
,Dango Ouattara,31,BOU,6.0,0,1,0.21,0.03,0,1,0,0.5,0,0
,Osula,31,NEW,5.5,0,1,0.0,0.04,0,0,0,0.3,0,0
,Paul Onuachu,31,SOU,4.9,0,0,0.0,0.0,0,0,0,0.3,0,0
,Onana,31,MUN,4.9,0,0,0.0,0.0,0,0,0,0.2,6,0
,Odobert,31,TOT,5.3,0,0,0.03,0.0,0,0,0,0.0,0,0
,Odegaard,31,ARS,7.8,0,1,0.0,0.23,0,0,0,1.4,0,0
,O'Shea,31,IPS,3.8,0,2,0.37,0.21,1,1,2,1.2,0,0
,O'Brien,31,EVE,4.9,0,1,0.0,0.1,0,0,0,0.4,0,0
,Núñez,31,LIV,6.5,0,0,0.01,0.0,0,0,0,0.1,0,0
,Nwaneri,31,ARS,5.2,1,0,0.08,0.0,0,1,0,0.1,0,0
,Matheus Nunes,31,MCI,5.3,0,0,0.02,0.0,0,1,0,0.8,0,0
,Norgaard,31,BRE,5.2,0,0,0.03,0.0,0,0,2,0.1,0,0
,Nkunku,31,CHE,5.9,0,1,0.01,0.16,0,0,0,0.1,0,0
,Eddie Nketiah,31,CRY,5.4,0,0,0.0,0.0,0,0,0,0.4,0,0
,Lindelof,31,MUN,4.5,0,0,0.0,0.0,0,0,0,0.0,0,0
,Neto,31,CHE,7.1,3,4,0.05,0.22,0,2,0,5.9,0,0
,Ndidi,31,LEI,4.9,0,0,0.14,0.0,0,1,2,0.2,0,0
,Ndiaye,31,EVE,6.5,1,3,0.14,0.94,0,0,0,11.1,0,0
,Mvom Onana,31,AVL,4.8,0,0,0.01,0.0,0,0,0,0.6,0,0
,Muñoz,31,CRY,5.7,0,1,0.01,0.05,0,1,0,15.3,0,0
,Murphy (Jacob),31,NEW,6.1,0,2,0.01,1.57,0,0,0,1.1,0,0
,Rodrigo Muniz,31,FUL,5.4,0,2,0.01,0.29,0,0,0,1.0,0,1
,Munetsi,31,WOL,5.4,0,3,0.01,0.22,0,0,0,0.1,0,0
,Mount,31,MUN,5.9,0,1,0.05,0.18,0,1,0,0.3,0,0
,Morsy,31,IPS,4.8,0,1,0.03,0.02,0,0,0,0.1,0,0
,Monga,31,LEI,4.5,0,0,0.0,0.0,0,0,0,0.0,0,0
,Mitoma,31,BHA,6.2,0,1,0.01,0.03,0,1,0,2.3,0,0
,Mitchell,31,CRY,5.0,0,0,0.0,0.0,0,0,0,2.2,0,0
,Minteh,31,BHA,6.0,0,0,0.32,0.0,1,1,0,4.4,0,0
,Mings,31,AVL,4.4,0,1,0.01,0.1,0,0,0,0.9,0,0
,Miley (Lewis),31,NEW,4.4,0,0,0.0,0.0,0,0,0,2.1,0,0
,Milenkovic,31,NFO,5.2,0,0,0.01,0.0,0,0,2,4.0,0,0
,Merino,31,ARS,5.9,0,2,0.02,0.15,0,0,2,0.5,0,0
,McNeil,31,EVE,5.6,0,0,0.0,0.0,0,0,0,0.1,0,0
,McGinn,31,AVL,5.4,1,0,0.17,0.0,0,1,0,0.6,0,0
,Mbeumo,31,BRE,8.3,1,2,0.5,0.13,0,2,0,28.5,0,0
,Mazraoui,31,MUN,4.9,0,1,0.01,0.01,0,0,2,0.2,0,0
,Mavropanos,31,WHU,4.4,0,0,0.0,0.0,0,0,0,0.1,0,0
,Mavididi,31,LEI,5.0,1,0,0.02,0.0,0,1,0,0.3,0,0
,Mateta,31,CRY,7.9,0,1,0.0,0.1,0,0,0,23.0,0,0
,Martinez,31,AVL,5.0,0,0,0.0,0.0,0,1,0,2.0,2,0
,Martinelli,31,ARS,6.9,0,1,0.02,0.04,0,0,0,1.0,0,0
,Omar Marmoush,31,MCI,8.3,0,4,0.02,0.15,0,0,0,2.6,0,0
,March,31,BHA,5.8,2,0,0.12,0.0,0,1,0,0.0,0,0
,Manning,31,SOU,4.3,1,0,0.02,0.0,0,1,0,0.1,0,0
,José Sá,31,WOL,4.4,0,0,0.0,0.0,0,0,0,1.2,1,0
,Malen,31,AVL,5.1,0,1,0.0,0.72,0,0,0,0.7,0,0
,Maguire,31,MUN,4.4,0,0,0.0,0.0,0,0,0,0.8,0,0
,Madueke,31,CHE,6.8,0,1,0.01,0.07,0,0,0,0.6,0,0
,Maddison,31,TOT,6.9,0,0,0.14,0.0,1,2,0,0.1,0,0
,Mac Allister,31,LIV,6.3,4,1,0.11,0.02,0,2,2,1.2,0,1
,Maatsen,31,AVL,4.3,0,2,0.4,0.12,1,1,0,0.4,0,0
,Lukic,31,FUL,5.0,0,0,0.01,0.0,0,0,0,0.1,0,0
,Longstaff (Sean),31,NEW,4.9,0,0,0.0,0.0,0,0,0,1.1,0,0
,Livramento,31,NEW,4.9,0,1,0.57,0.03,1,3,0,3.1,0,0
,Luis Guilherme,31,WHU,4.9,0,1,0.0,0.11,0,0,0,0.0,0,0
,Lewis-Skelly,31,ARS,5.2,0,0,0.03,0.0,0,1,0,1.7,0,0
,Lewis-Potter,31,BRE,4.9,1,1,0.46,0.07,0,1,2,0.3,0,0
,Lewis (Rico),31,MCI,4.9,0,0,0.0,0.0,0,0,0,1.7,0,0
,Lerma,31,CRY,4.9,0,0,0.02,0.0,0,0,2,0.1,0,0
,Leno,31,FUL,5.0,0,0,0.0,0.0,0,0,0,1.6,4,0
,Lacroix,31,CRY,5.0,0,2,0.0,0.31,0,0,0,3.7,0,0
,Kudus,31,WHU,6.7,0,0,0.14,0.0,0,3,0,30.1,0,0
,Kristiansen,31,LEI,4.4,0,0,0.06,0.0,0,1,0,0.1,0,0
,Krafth,31,NEW,4.4,0,0,0.0,0.0,0,0,0,0.0,0,0
,Kovacic,31,MCI,5.9,0,0,0.07,0.0,0,1,0,0.0,0,0
,Konsa Ngoyo,31,AVL,4.4,0,0,0.0,0.0,0,0,0,8.6,0,0
,Konaté,31,LIV,5.4,0,1,0.0,0.06,0,0,0,2.7,0,0
,Kiwior,31,ARS,5.4,0,0,0.08,0.0,0,1,0,0.1,0,0
,Kilman,31,WHU,4.3,0,0,0.01,0.0,0,0,0,0.2,0,0
,Kerkez,31,BOU,5.7,0,0,0.01,0.0,0,0,0,3.6,0,0
,Kelleher,31,LIV,4.5,0,0,0.0,0.0,0,0,0,7.9,3,0
,Kayode,31,BRE,4.5,0,0,0.0,0.0,0,0,0,0.4,0,0
,Kamara,31,AVL,4.9,0,1,0.02,0.09,0,1,0,0.2,0,0
,Kamada,31,CRY,5.0,0,0,0.01,0.0,0,0,0,0.2,0,0
,Justin,31,LEI,4.0,0,0,0.03,0.0,0,0,0,0.2,0,0
,João Pedro,31,BHA,7.4,0,0,0.03,0.0,0,1,0,45.5,0,0
,Jones,31,LIV,5.4,0,1,0.07,0.05,0,2,0,0.1,0,0
,Johnson (Ben),31,IPS,3.8,1,0,0.0,0.0,0,0,0,1.9,0,0
,Johnson (Brennan),31,TOT,6.7,0,3,0.01,0.58,0,1,0,3.1,0,0
,Raúl Jiménez,31,FUL,6.2,0,0,0.03,0.0,0,1,0,0.8,0,0
,Jensen,31,BRE,4.9,0,0,0.03,0.0,0,0,0,0.1,0,0
,Jebbison,31,BOU,4.5,0,0,0.0,0.0,0,0,0,1.1,0,0
,Janelt,31,BRE,4.9,0,0,0.0,0.0,0,0,0,0.0,0,0
,James,31,CHE,5.5,1,2,0.24,0.06,0,2,0,7.9,0,0
,Jackson (Nicolas),31,CHE,6.5,0,2,0.02,0.19,0,2,0,0.1,0,0
,Iwobi,31,FUL,6.5,0,4,0.08,0.17,1,1,0,1.7,0,1
,Isak,31,NEW,10.4,0,3,0.05,0.16,0,0,0,5.1,0,0
,Iroegbunam,31,EVE,4.9,0,0,0.0,0.0,0,0,0,0.0,0,0
,Højlund,31,MUN,6.3,0,0,0.0,0.0,0,0,0,0.3,0,0
,Huijsen,31,BOU,4.5,0,1,0.19,0.03,1,1,0,5.0,0,0
,Hughes,31,CRY,4.8,1,0,0.0,0.0,0,0,0,0.1,0,0
,Hudson-Odoi,31,NFO,5.8,0,2,0.08,0.19,0,6,0,0.8,0,0
,Hirst,31,IPS,5.4,0,0,0.0,0.0,0,0,0,0.1,0,0
,Hinshelwood,31,BHA,5.1,0,1,0.02,0.02,0,0,0,0.0,0,0
,Hill (James),31,BOU,4.0,0,0,0.01,0.0,0,1,0,0.8,0,0
,Hermansen,31,LEI,4.4,0,0,0.0,0.0,0,0,0,0.2,2,0
,Henderson,31,CRY,5.0,0,0,0.0,0.0,0,1,0,7.6,4,0
,Harwood-Bellis,31,SOU,3.9,0,0,0.01,0.0,0,0,0,4.1,0,0
,Harrison (Jack),31,EVE,5.2,1,0,0.3,0.0,0,1,0,0.1,0,0
,Gómez (Diego),31,BHA,4.9,0,0,0.02,0.0,0,2,2,0.1,0,0
,Gvardiol,31,MCI,5.9,0,0,0.02,0.0,0,0,2,5.4,0,0
,Gusto,31,CHE,4.9,0,1,0.08,0.01,0,1,0,1.0,0,0
,Gundogan,31,MCI,6.3,0,1,0.03,0.03,0,0,0,0.1,0,0
,Bruno Guimarães,31,NEW,6.6,0,0,0.02,0.0,0,1,0,3.7,0,0
,Gueye,31,EVE,5.4,0,0,0.03,0.0,0,3,0,0.1,0,0
,Marc Guehi,31,CRY,5.0,0,0,0.01,0.0,0,1,2,34.1,0,0
,Gruda,31,BHA,5.4,0,0,0.05,0.0,0,1,0,0.1,0,0
,Grealish,31,MCI,6.9,0,0,0.0,0.0,0,0,0,17.6,0,0
,Gray (Archie),31,TOT,4.8,0,0,0.0,0.0,0,0,0,0.1,0,0
,Gravenberch,31,LIV,5.6,0,0,0.02,0.0,0,1,2,4.0,0,0
,João Gomes,31,WOL,5.4,0,4,0.06,0.16,0,0,0,0.1,0,0
,Beto,31,EVE,5.2,0,0,0.01,0.0,0,0,0,3.3,0,0
,Rodrigo Gomes,31,WOL,4.5,0,0,0.16,0.0,0,1,0,0.1,0,0
,Toti,31,WOL,4.3,0,3,0.02,0.54,0,1,0,0.1,0,0
,Gibbs-White,31,NFO,7.3,0,3,0.06,0.25,0,2,0,2.9,0,0
,Rúben Dias,31,MCI,5.5,0,0,0.03,0.0,0,0,0,4.5,0,0
,Garner,31,EVE,5.0,1,0,0.0,0.0,0,0,0,0.9,0,0
,Garnacho,31,MUN,6.4,0,2,0.15,0.05,0,0,0,0.4,0,0
,García,31,AVL,3.9,0,0,0.1,0.0,0,1,0,0.3,0,0
,Gakpo,31,LIV,7.6,0,0,0.01,0.0,0,0,0,14.1,0,0
,Füllkrug,31,WHU,5.6,0,1,0.01,0.15,0,1,0,0.7,0,0
,Jorginho,31,ARS,4.6,0,0,0.02,0.0,0,0,0,0.2,0,0
,Casemiro,31,MUN,5.5,0,1,0.04,0.03,0,0,2,0.6,0,0
,Foden,31,MCI,8.0,1,2,0.01,0.26,0,1,0,4.3,0,0
,Flekken,31,BRE,4.5,0,0,0.0,0.0,0,0,0,10.0,6,0
,Jota Silva,31,NFO,5.4,0,1,0.01,0.1,0,1,0,0.0,0,0
,Fernández,31,CHE,6.7,1,4,0.07,0.17,0,4,0,14.3,0,0
,Faes,31,LEI,3.8,0,1,0.0,0.19,0,0,0,5.2,0,0
,Eze,31,CRY,7.6,0,2,0.02,0.08,0,2,0,14.2,0,0
,Estupiñán,31,BHA,4.5,0,2,0.02,0.07,0,0,0,0.0,0,0
,Mateus Fernandes,31,SOU,5.5,0,5,0.03,0.4,0,1,2,0.0,0,0
,Enciso,31,IPS,5.4,0,0,0.02,0.0,0,1,0,0.0,0,0
,Elliott,31,LIV,5.4,0,3,0.01,0.21,0,0,0,0.3,0,0
,Elanga,31,NFO,6.7,1,1,0.01,0.17,0,0,0,3.7,0,0
,El Khannouss,31,LEI,4.8,5,1,0.04,0.07,0,1,0,0.2,0,0
,Díaz,31,LIV,8.0,0,1,0.12,0.23,0,2,0,0.0,0,0
,Dunk,31,BHA,4.5,0,0,0.02,0.0,0,0,0,1.2,0,0
,Doucouré,31,EVE,5.1,0,1,0.0,0.04,0,0,0,0.5,0,0
,Dorgu,31,MUN,4.3,0,2,0.32,0.05,0,2,0,3.1,0,0
,Nicolás Domínguez,31,NFO,5.0,0,2,0.02,0.09,0,1,2,0.0,0,0
,Doku,31,MCI,6.5,0,0,0.01,0.0,0,0,0,5.0,0,0
,Doherty,31,WOL,4.4,0,1,0.24,0.03,0,0,0,0.1,0,0
,Djiga,31,WOL,4.5,0,0,0.0,0.0,0,0,0,0.0,0,0
,Disasi,31,AVL,4.2,0,1,0.01,0.01,0,1,0,0.4,0,0
,Dibling,31,SOU,5.4,0,0,0.1,0.0,0,1,0,0.0,0,0
,Dewsbury-Hall,31,CHE,4.9,1,0,0.02,0.0,0,1,0,2.9,0,0
,Devenny,31,CRY,4.4,0,1,0.0,0.03,0,0,0,1.1,0,0
,Delap,31,IPS,6.2,0,1,0.01,0.46,0,0,0,0.9,0,0
,De Bruyne,31,MCI,9.5,2,2,0.06,0.05,0,0,0,11.6,0,0
,Davis,31,IPS,4.2,0,0,0.0,0.0,0,0,0,0.9,0,0
,Davies (Ben),31,TOT,4.3,0,0,0.01,0.0,0,0,0,0.1,0,0
,Damsgaard,31,BRE,5.8,1,2,0.26,0.14,0,1,0,0.6,0,0
,Dalot,31,MUN,4.4,0,0,0.19,0.0,0,2,0,1.0,0,0
,Daka,31,LEI,4.8,0,0,0.0,0.0,0,0,0,0.5,0,0
,Cucurella,31,CHE,6.1,0,0,0.0,0.0,0,1,0,21.8,0,0
,Cook,31,BOU,4.9,5,0,0.27,0.0,0,1,0,0.0,0,0
,Collins,31,BRE,4.9,0,0,0.0,0.0,0,0,2,1.1,0,0
,Coady,31,LEI,4.0,0,0,0.0,0.0,0,0,0,0.5,0,0
,Chilwell,31,CRY,4.6,0,1,0.0,0.03,0,0,0,0.5,0,0
,Chiesa,31,LIV,6.4,0,2,0.0,0.09,0,0,0,0.3,0,0
,Chaplin,31,IPS,5.1,0,0,0.0,0.0,0,0,0,0.1,0,0
,Chalobah,31,CHE,5.1,0,1,0.0,0.02,0,1,0,7.6,0,0
,Castagne,31,FUL,4.4,0,0,0.05,0.0,0,0,2,0.1,0,0
,Cajuste,31,IPS,4.5,0,0,0.21,0.0,0,1,0,0.1,0,0
,Moises Caicedo,31,CHE,6.0,0,0,0.09,0.0,0,3,0,19.9,0,0
,Burn,31,NEW,5.2,0,1,0.0,0.03,0,0,0,10.7,0,0
,Burgess,31,IPS,3.8,0,0,0.02,0.0,0,1,0,1.8,0,0
,Buonanotte,31,LEI,4.7,3,2,0.21,0.04,0,1,0,0.1,0,0
,Bueno (Santiago),31,WOL,4.4,0,0,0.0,0.0,0,0,0,0.1,0,0
,Brooks,31,BOU,5.0,1,0,0.13,0.0,0,2,0,0.2,0,0
,Broja,31,EVE,5.3,0,0,0.0,0.0,0,0,0,0.1,0,0
,Broadhead,31,IPS,4.9,0,0,0.0,0.0,0,0,0,0.0,0,0
,Branthwaite,31,EVE,5.3,0,0,0.0,0.0,0,0,2,0.2,0,0
,Bradley,31,LIV,5.0,0,0,0.03,0.0,1,2,0,0.2,0,0
,Bowen,31,WHU,7.7,0,4,0.02,0.37,0,0,0,7.6,0,0
,Bruno Fernandes,31,MUN,8.9,5,1,0.5,0.17,0,3,2,16.3,0,0
,Boly,31,NFO,3.9,0,0,0.0,0.0,0,0,0,0.5,0,0
,Bissouma,31,TOT,5.2,0,0,0.0,0.0,0,1,0,0.0,0,0
,Bergvall,31,TOT,5.4,0,1,0.13,0.09,0,2,0,0.4,0,0
,Berge,31,FUL,4.9,0,0,0.05,0.0,0,1,0,0.1,0,0
,Bentancur,31,TOT,5.3,0,0,0.01,0.0,0,0,0,0.4,0,0
,Bellegarde,31,WOL,5.2,3,1,0.07,0.1,0,3,0,0.0,0,0
,Bednarek,31,SOU,4.0,0,0,0.03,0.0,0,1,2,1.9,0,0
,Bassey,31,FUL,4.5,0,0,0.0,0.0,0,0,2,0.6,0,0
,Barnes,31,NEW,6.3,1,3,0.05,1.28,0,1,0,0.4,0,0
,Ricardo Pereira,31,LEI,4.1,0,0,0.01,0.0,0,0,0,0.1,0,0
,Baleba,31,BHA,4.7,0,2,0.03,0.05,0,0,2,2.1,0,0
,Ayari,31,BHA,4.9,0,2,0.0,0.24,0,0,0,0.3,0,0
,Asensio,31,AVL,6.0,0,4,0.02,0.31,0,0,0,2.4,0,0
,Kepa,31,BOU,4.2,0,0,0.01,0.0,0,0,0,0.5,2,0
,Aribo,31,SOU,4.9,0,1,0.01,0.03,0,1,0,0.1,0,0
,Areola,31,WHU,4.3,0,0,0.0,0.0,0,0,0,2.1,4,0
,Archer,31,SOU,4.8,0,1,0.01,0.07,0,0,0,1.1,0,0
,Joelinton,31,NEW,5.9,0,1,0.01,0.08,0,0,0,0.3,0,0
,Anderson,31,NFO,5.3,2,4,0.04,0.28,0,0,0,3.0,0,0
,Andersen,31,FUL,4.5,0,0,0.01,0.0,0,0,2,2.8,0,0
,Alcaraz,31,EVE,5.2,0,0,0.0,0.0,0,0,0,0.1,0,0
,Ajer,31,BRE,4.4,0,0,0.01,0.0,0,0,0,0.2,0,0
,Ait Nouri,31,WOL,5.8,5,4,0.63,0.34,0,5,0,4.9,0,0
,Agbadou,31,WOL,4.3,0,1,0.02,0.15,0,2,2,0.2,0,0
,Adingra,31,BHA,5.1,1,0,0.01,0.0,0,0,0,0.5,0,0
,Tosin,31,CHE,4.3,0,1,0.04,0.05,0,0,0,0.4,0,0
,Adams (Tyler),31,BOU,5.0,0,0,0.01,0.0,0,0,2,0.4,0,0
,van den Berg,32,BRE,4.5,0,0,0.0,0.0,0,0,2,0.6,0,0
,van Dijk,32,LIV,6.0,0,2,0.01,0.18,0,0,0,23.6,0,0
,Evanilson,32,BOU,7.0,0,4,0.01,0.53,0,0,0,1.4,0,0
,Richarlison,32,TOT,6.5,0,2,0.0,0.94,0,0,0,8.5,0,0
,André,32,WOL,5.4,0,0,0.01,0.0,0,0,2,0.1,0,0
,Zirkzee,32,MUN,5.8,0,1,0.02,0.16,0,0,0,0.4,0,0
,Zinchenko,32,ARS,4.9,1,1,0.03,0.02,0,0,0,0.2,0,0
,Zabarnyi,32,BOU,5.0,0,0,0.0,0.0,0,0,0,0.0,0,0
,Yoro,32,MUN,4.4,0,0,0.0,0.0,0,0,2,1.7,0,0
,Yates,32,NFO,4.7,0,0,0.0,0.0,0,0,0,0.1,0,0
,Yarmolyuk,32,BRE,5.0,0,0,0.0,0.0,0,0,0,0.1,0,0
,Wood (Chris),32,NFO,7.2,0,0,0.01,0.0,0,1,0,6.5,0,0
,Wissa,32,BRE,7.4,0,1,0.02,0.12,0,0,0,0.5,0,0
,Wilson (Callum),32,NEW,5.8,0,0,0.0,0.0,0,0,0,0.4,0,0
,Willock,32,NEW,5.0,0,0,0.0,0.0,0,0,0,0.1,0,0
,Williams (Neco),32,NFO,4.7,1,1,0.0,0.03,0,0,2,3.5,0,0
,Wharton,32,CRY,5.0,2,0,0.1,0.0,1,1,0,0.5,0,0
,Welbeck,32,BHA,6.5,0,6,0.01,0.64,0,0,0,7.9,0,0
,Watkins,32,AVL,8.5,0,1,0.0,0.28,0,0,0,6.6,0,0
,Ward-Prowse,32,WHU,5.7,3,1,0.07,0.05,0,2,0,0.2,0,0
,Wan-Bissaka,32,WHU,4.3,0,0,0.15,0.0,0,2,2,5.8,0,0
,Walker-Peters,32,SOU,4.3,0,0,0.04,0.0,0,2,0,0.3,0,0
,Vicario,32,TOT,5.1,0,0,0.0,0.0,0,0,0,10.1,2,0
,Verbruggen,32,BHA,4.4,0,0,0.0,0.0,0,0,0,4.1,4,0
,Vardy,32,LEI,5.4,0,0,0.0,0.0,0,0,0,5.2,0,0
,Ugochukwu,32,SOU,5.0,0,0,0.01,0.0,0,0,2,0.1,0,0
,Ugarte,32,MUN,4.8,0,2,0.01,0.05,0,0,2,0.1,0,0
,Tuanzebe,32,IPS,3.9,0,0,0.0,0.0,0,0,2,1.8,0,0
,Tsimikas,32,LIV,4.8,4,0,0.39,0.0,0,1,0,0.1,0,0
,Trossard,32,ARS,6.9,1,3,0.1,0.14,0,1,0,0.5,0,0
,Trippier,32,NEW,5.0,12,0,0.13,0.0,0,4,0,2.7,0,0
,Traoré (Adama),32,FUL,5.2,0,0,0.01,0.0,0,0,0,0.2,0,0
,Townsend,32,IPS,3.9,0,0,0.0,0.0,0,0,0,0.5,0,0
,Tonali,32,NEW,5.4,0,3,0.1,0.26,1,1,2,1.3,0,0
,Lucas Paquetá,32,WHU,5.9,0,0,0.22,0.0,0,1,0,2.5,0,0
,Todibo,32,WHU,4.3,0,0,0.0,0.0,0,0,0,0.1,0,0
,Jurriën Timber,32,ARS,6.1,0,0,0.0,0.0,0,0,0,25.1,0,0
,Tierney,32,ARS,4.3,0,0,0.01,0.0,0,0,0,0.1,0,0
,Tielemans,32,AVL,5.9,2,4,0.39,0.28,1,3,0,0.6,0,0
,Thomas,32,LEI,3.9,1,1,0.06,0.08,0,1,0,1.4,0,0
,Tel,32,TOT,6.3,0,2,0.21,0.23,0,1,0,0.1,0,0
,Diogo Jota,32,LIV,7.2,0,0,0.01,0.0,0,1,0,2.6,0,0
,Taylor (Jack),32,IPS,4.8,0,1,0.0,0.03,0,0,0,0.0,0,0
,Tavernier,32,BOU,5.5,0,0,0.0,0.0,0,0,0,1.6,0,0
,Tarkowski,32,EVE,5.5,0,0,0.17,0.0,0,1,2,6.3,0,0
,Szoboszlai,32,LIV,6.5,0,0,0.01,0.0,0,0,0,4.2,0,0
,Sulemana,32,SOU,5.0,0,2,0.01,0.05,0,0,0,0.0,0,0
,Sugawara,32,SOU,4.2,1,0,0.01,0.0,0,0,0,0.1,0,0
,Strand Larsen,32,WOL,6.4,0,4,0.0,1.35,0,0,0,1.3,0,0
,Stewart,32,SOU,4.4,0,0,0.0,0.0,0,0,0,1.7,0,0
,Stephens,32,SOU,4.0,0,0,0.0,0.0,0,0,2,0.3,0,0
,Spence,32,TOT,4.5,0,0,0.03,0.0,0,0,0,1.6,0,0
,Soumaré,32,LEI,4.4,0,1,0.02,0.02,0,1,0,0.3,0,0
,Soler (Carlos),32,WHU,5.0,0,3,0.02,0.47,0,2,0,0.0,0,0
,Soler (Julio),32,BOU,4.0,0,0,0.0,0.0,0,0,0,0.2,0,0
,Solanke,32,TOT,7.2,0,1,0.02,0.46,0,0,0,0.9,0,0
,Smith-Rowe,32,FUL,5.6,0,0,0.02,0.0,0,0,0,0.4,0,0
,Smith,32,BOU,4.4,0,0,0.01,0.0,0,0,0,0.2,0,0
,Smallbone,32,SOU,5.0,0,1,0.0,0.04,0,0,0,0.0,0,0
,Skipp,32,LEI,4.7,0,0,0.01,0.0,0,1,0,0.0,0,0
,Shaw,32,MUN,4.5,0,0,0.16,0.0,0,2,0,0.5,0,0
,Sessegnon (Ryan),32,FUL,5.4,0,3,0.03,0.41,0,0,0,0.4,0,0
,Senesi,32,BOU,5.0,0,0,0.0,0.0,0,0,0,26.2,0,0
,Semenyo,32,BOU,8.1,0,1,0.06,0.12,0,1,0,64.4,0,1
,Semedo,32,WOL,4.5,0,1,0.05,0.05,0,0,0,0.6,0,0
,Sels,32,NFO,4.8,0,0,0.0,0.0,0,0,0,8.3,4,0
,Scott,32,BOU,5.0,0,3,0.3,0.16,0,2,0,0.3,0,0
,Schär,32,NEW,5.4,0,3,0.02,0.17,0,2,0,1.9,0,0
,Schade,32,BRE,7.0,0,0,0.01,0.0,0,0,0,0.7,0,0
,Scarles,32,WHU,4.4,0,0,0.0,0.0,0,0,0,0.0,0,0
,Ismaila Sarr,32,CRY,6.6,0,2,0.19,0.48,1,2,0,11.6,0,0
,Sarr (Pape),32,TOT,4.9,0,1,0.0,0.05,0,0,0,1.7,0,0
,Sarabia,32,WOL,5.0,1,1,0.13,0.12,0,2,0,0.1,0,0
,Matheus Cunha,32,WOL,7.9,0,2,0.15,0.54,0,2,0,4.4,0,1
,Murillo,32,NFO,5.3,0,0,0.01,0.0,0,0,2,2.0,0,0
,Ederson,32,MCI,5.3,0,0,0.14,0.0,1,1,0,0.9,0,0
,Sancho,32,MUN,5.8,0,1,0.05,0.05,0,3,0,0.2,0,0
,Sanchez,32,CHE,4.8,0,0,0.0,0.0,0,0,0,13.5,2,0
,Saliba,32,ARS,6.0,0,0,0.28,0.0,0,3,0,11.6,0,0
,Salah,32,LIV,14.2,0,1,0.28,0.09,1,3,0,24.9,0,0
,Saka,32,ARS,10.1,0,2,0.02,0.12,0,0,0,17.2,0,0
,Romero,32,TOT,5.0,0,1,0.03,0.13,0,1,0,4.2,0,0
,Rogers,32,AVL,6.8,0,0,0.08,0.0,1,1,0,4.8,0,0
,Robinson (Antonee),32,FUL,4.9,0,0,0.04,0.0,0,1,0,0.5,0,0
,Robinson (Jay),32,SOU,4.4,0,0,0.01,0.0,0,1,0,0.0,0,0
,Robertson,32,LIV,5.8,0,0,0.0,0.0,0,0,0,0.9,0,0
,Richards (Chris),32,CRY,4.5,0,2,0.0,0.76,0,0,4,3.2,0,0
,Rice,32,ARS,6.8,4,1,0.09,0.03,1,2,0,16.4,0,0
,Raya Martin,32,ARS,5.8,0,0,0.0,0.0,0,0,0,31.3,1,0
,Rashford,32,AVL,7.0,5,4,0.12,0.12,0,3,0,0.0,0,0
,Ramsey (Jacob),32,AVL,5.3,0,1,0.04,0.06,0,2,0,0.2,0,0
,Alisson,32,LIV,5.4,0,0,0.0,0.0,0,0,0,5.8,4,0
,Ramsdale,32,SOU,4.8,0,0,0.0,0.0,0,0,0,0.6,7,0
,Quansah,32,LIV,3.9,0,1,0.03,0.1,0,1,0,1.0,0,0
,Pope,32,NEW,5.2,0,0,0.0,0.0,0,0,0,12.2,7,0
,Pickford,32,EVE,5.5,0,0,0.0,0.0,0,0,0,9.7,5,0
,Philogene-Bidace,32,IPS,5.3,0,0,0.0,0.0,0,0,0,0.1,0,0
,Pereira,32,FUL,5.3,4,0,0.22,0.0,0,4,0,0.1,0,0
,Partey,32,ARS,4.9,0,1,0.03,0.26,0,0,0,0.7,0,0
,Palmer (Alex),32,IPS,4.5,0,0,0.0,0.0,0,0,0,0.1,8,0
,Palmer (Cole),32,CHE,10.3,1,6,0.16,0.27,0,4,0,9.2,0,0
,O’Riley,32,BHA,5.5,0,3,0.03,0.61,0,1,0,0.4,0,0
,O’Reilly,32,MCI,4.9,0,2,0.11,0.11,0,0,0,1.1,0,0
,Dango Ouattara,32,BOU,6.0,0,1,0.3,0.18,0,3,0,0.5,0,0
,Ortega Moreno,32,MCI,4.8,0,0,0.0,0.0,0,0,0,0.2,1,0
,Paul Onuachu,32,SOU,4.9,0,1,0.0,0.04,0,0,0,0.3,0,0
,Okoli,32,LEI,4.0,0,1,0.04,0.48,0,0,2,0.4,0,0
,Odegaard,32,ARS,7.8,0,0,0.12,0.0,0,2,0,1.4,0,0
,O'Shea,32,IPS,3.8,0,2,0.0,0.08,0,0,2,1.2,0,0
,O'Brien,32,EVE,4.9,0,1,0.01,0.03,0,0,0,0.4,0,0
,Nwaneri,32,ARS,5.2,7,1,0.03,0.03,0,1,0,0.1,0,0
,Gustavo Nunes,32,BRE,4.9,0,0,0.0,0.0,0,0,0,0.0,0,0
,Norgaard,32,BRE,5.2,0,0,0.02,0.0,0,0,0,0.1,0,0
,Nkunku,32,CHE,5.9,0,0,0.02,0.0,0,1,0,0.1,0,0
,Eddie Nketiah,32,CRY,5.4,0,2,0.01,0.23,0,0,0,0.4,0,0
,Lindelof,32,MUN,4.5,0,0,0.0,0.0,0,0,0,0.0,0,0
,Neto,32,CHE,7.1,7,5,0.63,0.15,0,5,0,5.9,0,0
,Ndidi,32,LEI,4.9,0,1,0.06,0.1,0,2,0,0.2,0,0
,Ndiaye,32,EVE,6.5,0,3,0.0,0.46,0,0,0,11.1,0,0
,Mykolenko,32,EVE,4.9,0,0,0.1,0.0,0,0,0,0.4,0,0
,Mvom Onana,32,AVL,4.8,0,1,0.17,0.03,0,2,2,0.6,0,0
,Muñoz,32,CRY,5.7,0,1,0.09,0.2,0,2,2,15.3,0,0
,Murphy (Jacob),32,NEW,6.1,0,2,0.8,0.04,2,5,0,1.1,0,0
,Rodrigo Muniz,32,FUL,5.4,0,3,0.0,0.27,0,0,0,1.0,0,0
,Munetsi,32,WOL,5.4,0,1,0.02,0.13,0,1,0,0.1,0,0
,Mount,32,MUN,5.9,0,1,0.0,0.04,0,0,0,0.3,0,0
,Morsy,32,IPS,4.8,0,0,0.01,0.0,0,0,0,0.1,0,0
,Álex Moreno,32,NFO,4.0,0,0,0.22,0.0,0,4,0,2.4,0,0
,Savinho,32,MCI,6.9,0,0,0.01,0.0,0,0,0,0.5,0,0
,Mitchell,32,CRY,5.0,0,0,0.24,0.0,0,1,0,2.2,0,0
,Minteh,32,BHA,6.0,0,1,0.54,0.23,0,2,0,4.4,0,0
,Mings,32,AVL,4.4,0,2,0.01,0.04,0,1,0,0.9,0,0
,Miley (Lewis),32,NEW,4.4,0,0,0.0,0.0,0,0,0,2.1,0,0
,Milenkovic,32,NFO,5.2,0,0,0.0,0.0,0,0,2,4.0,0,0
,Merino,32,ARS,5.9,0,1,0.01,0.05,0,0,0,0.5,0,0
,Mcatee,32,MCI,5.2,0,4,0.58,1.37,0,2,0,0.1,0,1
,McNeil,32,EVE,5.6,0,0,0.03,0.0,1,1,0,0.1,0,0
,McGinn,32,AVL,5.4,0,1,0.0,0.31,0,0,0,0.6,0,0
,McAteer,32,LEI,4.7,0,2,0.13,0.06,0,1,0,0.0,0,0
,Mbeumo,32,BRE,8.3,3,0,0.26,0.0,0,1,0,28.5,0,0
,Mazraoui,32,MUN,4.9,0,0,0.01,0.0,0,0,0,0.2,0,0
,Mavropanos,32,WHU,4.4,0,1,0.0,0.3,0,0,0,0.1,0,0
,Mavididi,32,LEI,5.0,0,4,0.05,0.26,0,1,0,0.3,0,0
,Mateta,32,CRY,7.9,0,3,0.01,0.41,0,0,0,23.0,0,0
,Martinez,32,AVL,5.0,0,0,0.0,0.0,0,0,0,2.0,2,0
,Martinelli,32,ARS,6.9,0,2,0.11,0.22,0,1,0,1.0,0,0
,Omar Marmoush,32,MCI,8.3,0,3,0.26,1.03,0,2,0,2.6,0,0
,March,32,BHA,5.8,0,0,0.15,0.0,0,2,0,0.0,0,0
,Manning,32,SOU,4.3,0,0,0.03,0.0,0,1,0,0.1,0,0
,José Sá,32,WOL,4.4,0,0,0.0,0.0,0,0,0,1.2,2,0
,Malen,32,AVL,5.1,0,1,0.01,0.23,0,1,0,0.7,0,0
,Mainoo,32,MUN,4.8,0,0,0.0,0.0,0,0,0,0.5,0,0
,Madueke,32,CHE,6.8,0,4,0.14,0.25,0,4,0,0.6,0,0
,Maddison,32,TOT,6.9,0,1,0.17,0.07,0,3,0,0.1,0,0
,Mac Allister,32,LIV,6.3,6,4,0.31,0.3,0,2,0,1.2,0,0
,Maatsen,32,AVL,4.3,0,3,0.03,0.08,0,0,0,0.4,0,0
,Lukic,32,FUL,5.0,0,2,0.08,0.12,0,0,0,0.1,0,0
,Longstaff (Sean),32,NEW,4.9,0,0,0.0,0.0,0,0,0,1.1,0,0
,Livramento,32,NEW,4.9,0,0,0.05,0.0,0,2,0,3.1,0,0
,Luis Guilherme,32,WHU,4.9,0,0,0.0,0.0,0,0,0,0.0,0,0
,Lewis-Skelly,32,ARS,5.2,0,0,0.02,0.0,0,0,0,1.7,0,0
,Lewis-Potter,32,BRE,4.9,0,0,0.0,0.0,0,0,0,0.3,0,0
,Lewis (Rico),32,MCI,4.9,0,0,0.02,0.0,0,0,0,1.7,0,0
,Lerma,32,CRY,4.9,0,1,0.06,0.06,0,0,2,0.1,0,0
,Leno,32,FUL,5.0,0,0,0.0,0.0,0,0,0,1.6,2,0
,Lacroix,32,CRY,5.0,0,0,0.24,0.0,0,1,0,3.7,0,0
,Kulusevski,32,TOT,6.4,0,0,0.0,0.0,0,0,0,0.0,0,0
,Kudus,32,WHU,6.7,0,4,0.01,0.18,0,0,0,30.1,0,0
,Krafth,32,NEW,4.4,0,0,0.0,0.0,0,0,0,0.0,0,0
,Kovacic,32,MCI,5.9,0,2,0.17,0.14,0,1,0,0.0,0,0
,Konsa Ngoyo,32,AVL,4.4,0,1,0.05,0.15,0,2,0,8.6,0,0
,Konaté,32,LIV,5.4,0,0,0.02,0.0,0,1,0,2.7,0,0
,Kiwior,32,ARS,5.4,0,1,0.03,0.07,0,1,0,0.1,0,0
,Kilman,32,WHU,4.3,0,0,0.16,0.0,0,1,2,0.2,0,0
,Kerkez,32,BOU,5.7,4,0,0.04,0.0,0,0,0,3.6,0,0
,Kayode,32,BRE,4.5,0,0,0.07,0.0,0,0,0,0.4,0,0
,Kamara,32,AVL,4.9,0,0,0.0,0.0,0,0,0,0.2,0,0
,Kamada,32,CRY,5.0,1,2,0.31,0.09,0,2,0,0.2,0,0
,Justin,32,LEI,4.0,0,0,0.03,0.0,0,0,0,0.2,0,0
,João Pedro,32,BHA,7.4,0,3,0.24,1.72,0,5,0,45.5,0,0
,Jones,32,LIV,5.4,0,1,0.26,0.02,0,0,0,0.1,0,0
,Johnson (Ben),32,IPS,3.8,3,1,0.36,0.17,1,5,0,1.9,0,0
,Johnson (Brennan),32,TOT,6.7,0,1,0.11,0.08,0,1,0,3.1,0,0
,Raúl Jiménez,32,FUL,6.2,0,0,0.05,0.0,0,1,0,0.8,0,0
,Jensen,32,BRE,4.9,0,0,0.0,0.0,0,0,0,0.1,0,0
,Janelt,32,BRE,4.9,0,0,0.03,0.0,0,0,0,0.0,0,0
,Jackson (Nicolas),32,CHE,6.5,0,5,0.02,0.39,0,0,0,0.1,0,0
,Iwobi,32,FUL,6.5,0,2,0.26,0.16,0,1,0,1.7,0,0
,Isak,32,NEW,10.4,0,8,0.2,1.25,1,1,0,5.1,0,0
,Højlund,32,MUN,6.3,0,2,0.02,0.31,0,0,0,0.3,0,0
,Hwang Hee-Chan,32,WOL,5.8,0,0,0.0,0.0,0,0,0,0.1,0,0
,Huijsen,32,BOU,4.5,0,0,0.0,0.0,0,0,2,5.0,0,0
,Hughes,32,CRY,4.8,4,1,0.23,0.08,0,1,0,0.1,0,0
,Hudson-Odoi,32,NFO,5.8,0,2,0.06,0.12,0,1,0,0.8,0,0
,Hirst,32,IPS,5.4,0,2,0.01,0.14,0,0,0,0.1,0,0
,Hinshelwood,32,BHA,5.1,0,0,0.03,0.0,0,1,0,0.0,0,0
,Hermansen,32,LEI,4.4,0,0,0.0,0.0,0,0,0,0.2,5,0
,Henderson,32,CRY,5.0,0,0,0.0,0.0,0,0,0,7.6,6,0
,Harwood-Bellis,32,SOU,3.9,0,1,0.01,0.02,0,0,2,4.1,0,0
,Harrison (Jack),32,EVE,5.2,5,2,0.32,0.23,0,2,0,0.1,0,0
,Gómez (Diego),32,BHA,4.9,0,0,0.0,0.0,0,0,0,0.1,0,0
,Gvardiol,32,MCI,5.9,0,0,0.02,0.0,0,0,0,5.4,0,0
,Gusto,32,CHE,4.9,0,0,0.23,0.0,0,3,0,1.0,0,0
,Gundogan,32,MCI,6.3,0,3,0.05,0.82,1,2,0,0.1,0,0
,Bruno Guimarães,32,NEW,6.6,0,3,0.29,0.61,0,2,0,3.7,0,0
,Gueye,32,EVE,5.4,0,2,0.14,0.06,0,0,2,0.1,0,0
,Marc Guehi,32,CRY,5.0,0,0,0.07,0.0,0,2,0,34.1,0,0
,Gruda,32,BHA,5.4,0,1,0.0,0.09,0,0,0,0.1,0,0
,Grealish,32,MCI,6.9,0,0,0.0,0.0,0,0,0,17.6,0,0
,Gray (Archie),32,TOT,4.8,2,0,0.01,0.0,0,0,0,0.1,0,0
,Gravenberch,32,LIV,5.6,0,1,0.06,0.02,0,0,0,4.0,0,0
,Gordon (Anthony),32,NEW,7.5,0,1,0.01,0.06,0,0,0,3.1,0,0
,González (Nico),32,MCI,5.9,0,0,0.05,0.0,0,0,0,0.1,0,0
,João Gomes,32,WOL,5.4,0,2,0.01,0.06,0,0,2,0.1,0,0
,Beto,32,EVE,5.2,0,0,0.03,0.0,0,1,0,3.3,0,0
,Rodrigo Gomes,32,WOL,4.5,0,0,0.0,0.0,0,0,0,0.1,0,0
,Toti,32,WOL,4.3,0,0,0.0,0.0,0,0,0,0.1,0,0
,Gibbs-White,32,NFO,7.3,0,3,0.01,0.1,0,0,0,2.9,0,0
,Rúben Dias,32,MCI,5.5,0,0,0.03,0.0,0,0,0,4.5,0,0
,Garner,32,EVE,5.0,2,2,0.03,0.15,0,0,0,0.9,0,0
,Garnacho,32,MUN,6.4,0,2,0.01,0.13,0,0,0,0.4,0,0
,García,32,AVL,3.9,0,0,0.0,0.0,0,0,0,0.3,0,0
,Gakpo,32,LIV,7.6,0,0,0.02,0.0,0,0,0,14.1,0,0
,Füllkrug,32,WHU,5.6,0,1,0.0,0.12,0,0,0,0.7,0,0
,Jorginho,32,ARS,4.6,0,1,0.06,0.02,0,0,0,0.2,0,0
,Matheus França,32,CRY,4.5,0,1,0.16,0.06,0,0,0,0.0,0,0
,Flekken,32,BRE,4.5,0,0,0.01,0.0,0,0,0,10.0,3,0
,Jota Silva,32,NFO,5.4,0,3,0.0,0.25,0,0,0,0.0,0,0
,Fernández,32,CHE,6.7,5,3,0.42,0.23,0,5,0,14.3,0,0
,Eze,32,CRY,7.6,1,3,0.01,1.45,0,0,0,14.2,0,0
,Evans (Jake),32,LEI,4.5,0,0,0.0,0.0,0,0,0,0.0,0,0
,Estupiñán,32,BHA,4.5,0,0,0.08,0.0,0,1,0,0.0,0,0
,Esse,32,CRY,4.7,0,0,0.1,0.0,0,1,0,0.1,0,0
,Mateus Fernandes,32,SOU,5.5,1,1,0.01,0.02,0,0,0,0.0,0,0
,Eriksen,32,MUN,5.2,1,0,0.01,0.0,0,0,0,0.2,0,0
,Endo,32,LIV,4.9,0,0,0.0,0.0,0,0,0,0.1,0,0
,Enciso,32,IPS,5.4,0,3,0.33,0.47,1,2,0,0.0,0,0
,Elanga,32,NFO,6.7,0,0,0.01,0.0,0,0,0,3.7,0,0
,El Khannouss,32,LEI,4.8,5,1,0.32,0.05,1,4,2,0.2,0,0
,Díaz,32,LIV,8.0,0,4,0.2,1.0,0,2,0,0.0,0,0
,Dunk,32,BHA,4.5,0,0,0.28,0.0,0,0,0,1.2,0,0
,Doucouré,32,EVE,5.1,0,2,0.08,0.33,0,2,0,0.5,0,0
,Dorgu,32,MUN,4.3,0,0,0.01,0.0,0,1,0,3.1,0,0
,Nicolás Domínguez,32,NFO,5.0,0,1,0.02,0.02,0,1,0,0.0,0,0
,Doku,32,MCI,6.5,0,1,0.0,0.07,0,0,0,5.0,0,0
,Doherty,32,WOL,4.4,0,0,0.0,0.0,0,0,0,0.1,0,0
,Dibling,32,SOU,5.4,0,0,0.01,0.0,0,0,0,0.0,0,0
,Devenny,32,CRY,4.4,0,0,0.07,0.0,0,1,0,1.1,0,0
,Delap,32,IPS,6.2,0,1,0.0,0.07,0,0,0,0.9,0,0
,DeCordova-Reid,32,LEI,5.2,0,0,0.0,0.0,0,0,0,0.1,0,0
,De Bruyne,32,MCI,9.5,1,6,0.38,0.47,0,3,0,11.6,0,0
,Davis,32,IPS,4.2,1,0,0.0,0.0,0,1,0,0.9,0,0
,Davies (Ben),32,TOT,4.3,0,1,0.11,0.09,0,1,0,0.1,0,0
,Damsgaard,32,BRE,5.8,2,1,0.02,0.02,0,0,0,0.6,0,0
,Dalot,32,MUN,4.4,0,0,0.02,0.0,0,1,0,1.0,0,0
,Daka,32,LEI,4.8,0,4,0.0,0.47,0,0,0,0.5,0,0
,Cucurella,32,CHE,6.1,2,1,0.19,0.03,0,2,0,21.8,0,0
,Coufal,32,WHU,4.1,0,0,0.0,0.0,0,0,0,0.4,0,0
,Cook,32,BOU,4.9,2,1,0.02,0.07,0,1,2,0.0,0,0
,Colwill,32,CHE,4.8,0,4,0.08,0.31,0,2,0,0.1,0,0
,Collins,32,BRE,4.9,0,0,0.1,0.0,1,1,0,1.1,0,0
,Coady,32,LEI,4.0,0,0,0.01,0.0,0,0,0,0.5,0,0
,Clyne,32,CRY,3.9,0,1,0.0,0.01,0,0,0,0.5,0,0
,Clarke (Jack),32,IPS,5.4,0,1,0.02,0.03,0,1,0,0.0,0,0
,Chilwell,32,CRY,4.6,0,0,0.0,0.0,0,0,0,0.5,0,0
,Chalobah,32,CHE,5.1,0,2,0.02,0.49,0,0,0,7.6,0,0
,Castagne,32,FUL,4.4,0,0,0.03,0.0,0,0,2,0.1,0,0
,Cash,32,AVL,4.6,0,2,0.07,0.06,0,0,0,5.2,0,0
,Cajuste,32,IPS,4.5,0,2,0.0,0.09,0,1,2,0.1,0,0
,Cairney,32,FUL,4.9,4,1,0.03,0.05,0,1,0,0.0,0,0
,Moises Caicedo,32,CHE,6.0,0,3,0.11,0.1,0,1,0,19.9,0,0
,Burn,32,NEW,5.2,0,2,0.22,0.14,0,2,0,10.7,0,0
,Burgess,32,IPS,3.8,0,0,0.0,0.0,0,0,0,1.8,0,0
,Bueno (Santiago),32,WOL,4.4,0,0,0.0,0.0,0,0,0,0.1,0,0
,Broja,32,EVE,5.3,0,0,0.02,0.0,0,2,0,0.1,0,0
,Broadhead,32,IPS,4.9,0,0,0.0,0.0,0,0,0,0.0,0,0
,Branthwaite,32,EVE,5.3,0,0,0.16,0.0,0,0,0,0.2,0,0
,Bradley,32,LIV,5.0,0,1,0.01,0.07,0,1,0,0.2,0,0
,Bowen,32,WHU,7.7,0,1,0.04,0.39,0,1,0,7.6,0,0
,Bruno Fernandes,32,MUN,8.9,1,0,0.06,0.0,0,2,0,16.3,0,0
,Willian,32,FUL,5.0,1,0,0.05,0.0,0,0,0,0.0,0,0
,Bobb,32,MCI,5.4,0,0,0.02,0.0,0,1,0,0.3,0,0
,Bissouma,32,TOT,5.2,0,1,0.01,0.03,0,0,0,0.0,0,0
,Bergvall,32,TOT,5.4,2,0,0.05,0.0,0,1,0,0.4,0,0
,Berge,32,FUL,4.9,0,0,0.02,0.0,0,0,0,0.1,0,0
,Bentancur,32,TOT,5.3,0,0,0.02,0.0,0,0,0,0.4,0,0
,Bellegarde,32,WOL,5.2,0,0,0.0,0.0,0,0,0,0.0,0,0
,Bednarek,32,SOU,4.0,0,0,0.0,0.0,0,0,2,1.9,0,0
,Bayindir,32,MUN,4.8,0,0,0.0,0.0,0,0,0,0.4,2,0
,Bassey,32,FUL,4.5,0,0,0.03,0.0,0,0,0,0.6,0,0
,Barnes,32,NEW,6.3,0,4,0.23,1.15,0,1,0,0.4,0,2
,Ricardo Pereira,32,LEI,4.1,0,0,0.0,0.0,0,0,0,0.1,0,0
,Baleba,32,BHA,4.7,0,0,0.03,0.0,0,2,2,2.1,0,0
,Ayari,32,BHA,4.9,3,1,0.08,0.06,0,0,0,0.3,0,0
,Asensio,32,AVL,6.0,6,4,0.4,1.64,0,2,0,2.4,0,0
,Kepa,32,BOU,4.2,0,0,0.0,0.0,0,0,0,0.5,7,0
,Areola,32,WHU,4.3,0,0,0.0,0.0,0,0,0,2.1,4,0
,Archer,32,SOU,4.8,0,1,0.01,0.14,0,1,0,1.1,0,0
,Joelinton,32,NEW,5.9,0,1,0.11,0.02,1,2,0,0.3,0,0
,Anderson,32,NFO,5.3,0,0,0.01,0.0,0,1,2,3.0,0,0
,Andersen,32,FUL,4.5,0,1,0.01,0.05,0,0,2,2.8,0,0
,Amass,32,MUN,4.0,0,1,0.0,0.03,0,0,0,0.1,0,0
,Alcaraz,32,EVE,5.2,0,1,0.08,0.09,0,0,0,0.1,0,0
,Ajer,32,BRE,4.4,0,1,0.01,0.11,0,0,0,0.2,0,0
,Ait Nouri,32,WOL,5.8,0,1,0.73,0.05,1,3,0,4.9,0,0
,Agbadou,32,WOL,4.3,0,1,0.01,0.07,0,0,2,0.2,0,0
,Adingra,32,BHA,5.1,0,6,0.42,0.56,0,2,0,0.5,0,0
,Tosin,32,CHE,4.3,0,0,0.01,0.0,0,0,0,0.4,0,0
,Adams (Tyler),32,BOU,5.0,0,2,0.05,0.4,0,0,0,0.4,0,0
,van den Berg,33,BRE,4.5,0,1,0.01,0.11,0,0,2,0.6,0,0
,van de Ven,33,TOT,4.7,0,0,0.01,0.0,0,0,0,32.6,0,0
,van Hecke,33,BHA,4.4,0,0,0.05,0.0,0,0,0,1.3,0,0
,van Dijk,33,LIV,6.0,0,2,0.04,0.21,0,1,0,23.6,0,0
,Danilo,33,NFO,4.7,0,0,0.0,0.0,0,0,0,0.0,0,0
,Evanilson,33,BOU,7.0,0,3,0.03,0.2,0,1,0,1.4,0,0
,Richarlison,33,TOT,6.5,0,7,0.0,1.46,0,0,0,8.5,0,0
,André,33,WOL,5.4,0,0,0.02,0.0,0,1,2,0.1,0,0
,Zinchenko,33,ARS,4.9,0,2,0.11,0.1,0,1,0,0.2,0,0
,Zabarnyi,33,BOU,5.0,0,0,0.05,0.0,0,1,2,0.0,0,0
,Yoro,33,MUN,4.4,0,0,0.01,0.0,0,0,0,1.7,0,0
,Yates,33,NFO,4.7,0,0,0.0,0.0,0,0,0,0.1,0,0
,Yarmolyuk,33,BRE,5.0,0,0,0.02,0.0,0,0,0,0.1,0,0
,Wood (Chris),33,NFO,7.2,0,1,0.24,0.12,0,1,0,6.5,0,0
,Wissa,33,BRE,7.4,0,4,0.03,0.6,0,1,0,0.5,0,0
,Wilson (Callum),33,NEW,5.8,0,0,0.01,0.0,0,0,0,0.4,0,0
,Wilson (Harry),33,FUL,5.2,0,0,0.01,0.0,0,0,0,0.3,0,0
,Willock,33,NEW,5.0,0,1,0.0,0.31,0,0,0,0.1,0,0
,Williams (Neco),33,NFO,4.7,0,0,0.0,0.0,0,0,2,3.5,0,0
,Wieffer,33,BHA,4.9,0,0,0.33,0.0,0,2,2,0.1,0,0
,White (Ben),33,ARS,5.3,0,1,0.1,0.02,0,3,0,0.4,0,0
,Wharton,33,CRY,5.0,3,2,0.28,0.08,0,2,0,0.5,0,0
,Welbeck,33,BHA,6.5,0,2,0.06,0.22,0,1,0,7.9,0,0
,Watkins,33,AVL,8.5,0,5,0.09,0.44,1,2,0,6.6,0,0
,Ward-Prowse,33,WHU,5.7,2,2,0.03,0.1,0,1,0,0.2,0,0
,Walker-Peters,33,SOU,4.3,0,2,0.02,0.09,0,0,0,0.3,0,0
,Vicario,33,TOT,5.1,0,0,0.0,0.0,0,0,0,10.1,1,0
,Verbruggen,33,BHA,4.4,0,0,0.0,0.0,0,0,0,4.1,4,0
,Bernardo Silva,33,MCI,6.3,0,1,0.17,0.21,0,2,0,0.5,0,0
,Vardy,33,LEI,5.4,0,0,0.0,0.0,0,0,0,5.2,0,0
,Ugochukwu,33,SOU,5.0,0,1,0.02,0.07,0,0,2,0.1,0,0
,Ugarte,33,MUN,4.8,0,0,0.01,0.0,0,0,0,0.1,0,0
,Tuanzebe,33,IPS,3.9,0,0,0.0,0.0,0,0,0,1.8,0,0
,Tsimikas,33,LIV,4.8,5,1,0.54,0.27,0,3,0,0.1,0,0
,Trossard,33,ARS,6.9,0,7,0.29,1.05,0,1,0,0.5,0,1
,Trippier,33,NEW,5.0,5,0,0.05,0.0,0,1,0,2.7,0,0
,Traoré (Adama),33,FUL,5.2,0,0,0.01,0.0,0,1,0,0.2,0,0
,Torres,33,AVL,4.3,0,0,0.01,0.0,0,1,0,0.3,0,0
,Tonali,33,NEW,5.4,0,1,0.03,0.03,0,0,0,1.3,0,0
,Lucas Paquetá,33,WHU,5.9,0,1,0.42,0.08,0,4,2,2.5,0,0
,Toffolo,33,NFO,4.2,0,0,0.0,0.0,0,0,0,0.1,0,0
,Todibo,33,WHU,4.3,0,0,0.0,0.0,0,0,0,0.1,0,0
,Jurriën Timber,33,ARS,6.1,0,0,0.07,0.0,0,1,0,25.1,0,0
,Tierney,33,ARS,4.3,0,0,0.01,0.0,0,1,0,0.1,0,0
,Tielemans,33,AVL,5.9,5,1,0.15,0.08,0,4,2,0.6,0,0
,Thomas,33,LEI,3.9,0,0,0.02,0.0,0,0,2,1.4,0,0
,Tete,33,FUL,4.5,0,3,0.0,0.14,0,0,2,0.2,0,0
,Tel,33,TOT,6.3,3,5,0.42,0.27,0,5,0,0.1,0,0
,Diogo Jota,33,LIV,7.2,0,4,0.0,0.46,0,0,0,2.6,0,0
,Taylor (Jack),33,IPS,4.8,0,2,0.03,0.08,0,0,0,0.0,0,0
,Tavernier,33,BOU,5.5,0,1,0.04,0.04,0,0,0,1.6,0,0
,Tarkowski,33,EVE,5.5,0,1,0.18,0.18,0,1,0,6.3,0,0
,Targett,33,NEW,4.0,0,0,0.07,0.0,0,0,0,0.2,0,0
,Szoboszlai,33,LIV,6.5,0,2,0.23,0.04,0,2,0,4.2,0,0
,Sulemana,33,SOU,5.0,0,3,0.04,0.16,0,0,0,0.0,0,0
,Strand Larsen,33,WOL,6.4,0,1,0.01,0.11,0,0,0,1.3,0,0
,Stewart,33,SOU,4.4,0,0,0.0,0.0,0,0,0,1.7,0,0
,Sterling,33,ARS,6.7,1,0,0.08,0.0,0,2,0,0.8,0,0
,Stephens,33,SOU,4.0,0,1,0.04,0.04,0,1,0,0.3,0,0
,Spence,33,TOT,4.5,0,1,0.02,0.07,0,0,0,1.6,0,0
,Soumaré,33,LEI,4.4,0,0,0.0,0.0,0,0,0,0.3,0,0
,Soucek,33,WHU,5.7,0,0,0.0,0.0,0,0,0,0.2,0,0
,Sosa,33,NFO,5.5,0,0,0.0,0.0,0,0,0,0.1,0,0
,Soler (Carlos),33,WHU,5.0,0,1,0.02,0.03,0,0,0,0.0,0,0
,Solanke,33,TOT,7.2,0,0,0.0,0.0,0,0,0,0.9,0,0
,Smith,33,BOU,4.4,0,2,0.07,0.05,0,1,0,0.2,0,0
,Skipp,33,LEI,4.7,0,0,0.0,0.0,0,0,0,0.0,0,0
,Sessegnon (Ryan),33,FUL,5.4,0,0,0.01,0.0,0,1,0,0.4,0,0
,Semenyo,33,BOU,8.1,1,3,0.11,0.12,0,3,0,64.4,0,0
,Semedo,33,WOL,4.5,0,1,0.02,0.02,0,0,0,0.6,0,0
,Sels,33,NFO,4.8,0,0,0.0,0.0,0,0,0,8.3,4,0
,Scott,33,BOU,5.0,1,1,0.0,0.03,0,0,0,0.3,0,0
,Schär,33,NEW,5.4,0,1,0.0,0.29,0,0,0,1.9,0,0
,Schade,33,BRE,7.0,0,3,0.1,0.35,0,1,0,0.7,0,0
,Scarles,33,WHU,4.4,0,0,0.0,0.0,0,0,0,0.0,0,0
,Ismaila Sarr,33,CRY,6.6,0,3,0.5,0.41,0,2,0,11.6,0,0
,Sarr (Pape),33,TOT,4.9,0,2,0.04,0.08,0,0,0,1.7,0,0
,Sarabia,33,WOL,5.0,0,1,0.0,0.09,0,0,0,0.1,0,0
,Matheus Cunha,33,WOL,7.9,1,1,0.11,0.03,0,1,0,4.4,0,0
,Welington,33,SOU,4.0,0,2,0.0,0.03,0,0,0,0.0,0,0
,Murillo,33,NFO,5.3,0,0,0.0,0.0,0,0,2,2.0,0,0
,Sancho,33,MUN,5.8,0,1,0.03,0.03,0,1,0,0.2,0,0
,Sanchez,33,CHE,4.8,0,0,0.0,0.0,0,0,0,13.5,0,0
,Saliba,33,ARS,6.0,0,1,0.06,0.13,0,0,2,11.6,0,0
,Salah,33,LIV,14.2,0,7,0.06,1.09,0,2,0,24.9,0,0
,Saka,33,ARS,10.1,2,4,0.88,0.63,0,6,0,17.2,0,0
,Romero,33,TOT,5.0,0,1,0.02,0.1,0,0,0,4.2,0,0
,Rogers,33,AVL,6.8,0,4,0.25,0.32,0,3,0,4.8,0,0
,Morato,33,NFO,4.4,0,0,0.0,0.0,0,0,0,0.1,0,0
,Robinson (Antonee),33,FUL,4.9,0,0,0.01,0.0,0,0,0,0.5,0,0
,Richards (Chris),33,CRY,4.5,0,0,0.49,0.0,0,0,0,3.2,0,0
,Rice,33,ARS,6.8,9,2,0.22,0.1,0,4,2,16.4,0,0
,Raya Martin,33,ARS,5.8,0,0,0.0,0.0,0,0,0,31.3,2,0
,Rashford,33,AVL,7.0,1,4,0.06,1.49,0,2,0,0.0,0,0
,Ramsey (Jacob),33,AVL,5.3,0,1,0.04,0.08,0,0,0,0.2,0,0
,Alisson,33,LIV,5.4,0,0,0.0,0.0,0,0,0,5.8,0,0
,Ramsdale,33,SOU,4.8,0,0,0.01,0.0,0,0,0,0.6,3,0
,Porro,33,TOT,5.5,4,1,0.35,0.03,0,7,0,18.4,0,0
,Pope,33,NEW,5.2,0,0,0.0,0.0,0,0,0,12.2,6,0
,Pickford,33,EVE,5.5,0,0,0.01,0.0,0,0,0,9.7,4,0
,Pereira,33,FUL,5.3,5,2,0.18,0.07,0,1,0,0.1,0,0
,Partey,33,ARS,4.9,0,0,0.02,0.0,0,0,2,0.7,0,0
,Emerson,33,WHU,4.4,0,2,0.03,0.11,0,0,0,0.1,0,0
,Palmer (Alex),33,IPS,4.5,0,0,0.0,0.0,0,0,0,0.1,3,0
,Palmer (Cole),33,CHE,10.3,0,2,0.02,0.08,0,1,0,9.2,0,0
,O’Riley,33,BHA,5.5,4,2,0.1,0.1,0,1,0,0.4,0,0
,O’Reilly,33,MCI,4.9,0,2,0.34,0.9,0,2,2,1.1,0,0
,Dango Ouattara,33,BOU,6.0,0,3,0.01,0.24,0,0,0,0.5,0,0
,Ortega Moreno,33,MCI,4.8,0,0,0.0,0.0,0,0,0,0.2,4,0
,Paul Onuachu,33,SOU,4.9,0,2,0.01,0.05,0,0,0,0.3,0,0
,Onana,33,MUN,4.9,0,0,0.0,0.0,0,0,0,0.2,1,0
,Odobert,33,TOT,5.3,0,1,0.47,0.02,0,1,0,0.0,0,0
,Odegaard,33,ARS,7.8,1,5,0.68,0.21,1,7,0,1.4,0,0
,Obi-Martin,33,MUN,4.3,0,0,0.02,0.0,0,0,0,1.5,0,0
,O'Shea,33,IPS,3.8,0,0,0.01,0.0,0,0,0,1.2,0,0
,O'Brien,33,EVE,4.9,0,0,0.0,0.0,0,0,0,0.4,0,0
,Nwaneri,33,ARS,5.2,2,2,0.07,0.16,0,0,0,0.1,0,1
,Gustavo Nunes,33,BRE,4.9,0,0,0.0,0.0,0,0,0,0.0,0,0
,Matheus Nunes,33,MCI,5.3,0,2,0.58,0.38,1,1,0,0.8,0,0
,Norgaard,33,BRE,5.2,0,3,0.03,0.44,0,0,2,0.1,0,0
,Eddie Nketiah,33,CRY,5.4,0,3,0.01,0.61,0,0,0,0.4,0,0
,Lindelof,33,MUN,4.5,0,0,0.0,0.0,0,0,0,0.0,0,0
,Neto,33,CHE,7.1,3,3,0.1,0.29,0,2,0,5.9,0,0
,Ndidi,33,LEI,4.9,0,2,0.02,0.06,0,0,0,0.2,0,0
,Ndiaye,33,EVE,6.5,0,2,0.01,0.19,0,1,0,11.1,0,0
,Mykolenko,33,EVE,4.9,0,1,0.05,0.04,0,1,0,0.4,0,0
,Mvom Onana,33,AVL,4.8,0,2,0.1,0.24,0,0,0,0.6,0,0
,Muñoz,33,CRY,5.7,0,1,0.56,0.2,0,3,2,15.3,0,0
,Murphy (Jacob),33,NEW,6.1,1,0,0.09,0.0,0,1,0,1.1,0,0
,Munetsi,33,WOL,5.4,0,0,0.04,0.0,0,0,0,0.1,0,0
,Mount,33,MUN,5.9,0,2,0.06,0.51,0,0,0,0.3,0,0
,Morsy,33,IPS,4.8,0,0,0.03,0.0,0,1,2,0.1,0,0
,Savinho,33,MCI,6.9,0,1,0.1,0.09,0,1,0,0.5,0,0
,Monga,33,LEI,4.5,0,0,0.0,0.0,0,0,0,0.0,0,0
,Mitoma,33,BHA,6.2,0,3,0.01,0.71,0,0,0,2.3,0,0
,Mitchell,33,CRY,5.0,0,0,0.05,0.0,0,1,2,2.2,0,0
,Minteh,33,BHA,6.0,0,1,0.06,0.18,0,0,0,4.4,0,0
,Mings,33,AVL,4.4,0,1,0.0,0.04,0,0,0,0.9,0,0
,Milenkovic,33,NFO,5.2,0,0,0.01,0.0,0,0,2,4.0,0,0
,Merino,33,ARS,5.9,0,2,0.04,0.44,1,1,0,0.5,0,0
,Mcatee,33,MCI,5.2,0,1,0.01,0.06,0,0,0,0.1,0,0
,McNeil,33,EVE,5.6,0,0,0.0,0.0,0,0,0,0.1,0,0
,McGinn,33,AVL,5.4,1,2,0.02,0.42,0,1,0,0.6,0,0
,Mbeumo,33,BRE,8.3,4,4,0.62,0.6,0,7,0,28.5,0,0
,Mazraoui,33,MUN,4.9,0,0,0.04,0.0,0,1,0,0.2,0,0
,Mavropanos,33,WHU,4.4,0,0,0.0,0.0,0,0,0,0.1,0,0
,Mavididi,33,LEI,5.0,0,0,0.04,0.0,0,1,0,0.3,0,0
,Mateta,33,CRY,7.9,0,2,0.07,0.11,0,1,0,23.0,0,1
,Martinez,33,AVL,5.0,0,0,0.0,0.0,0,1,0,2.0,6,0
,Martinelli,33,ARS,6.9,0,7,0.23,0.74,0,1,0,1.0,0,0
,Omar Marmoush,33,MCI,8.3,1,6,0.23,0.9,0,3,0,2.6,0,0
,March,33,BHA,5.8,2,0,0.01,0.0,0,0,0,0.0,0,0
,Manning,33,SOU,4.3,3,2,0.08,0.05,0,2,0,0.1,0,0
,Malen,33,AVL,5.1,0,2,0.0,0.09,0,0,0,0.7,0,0
,Mainoo,33,MUN,4.8,0,1,0.01,0.02,0,0,0,0.5,0,0
,Madueke,33,CHE,6.8,0,0,0.12,0.0,0,0,0,0.6,0,0
,Mac Allister,33,LIV,6.3,8,0,0.22,0.0,0,3,2,1.2,0,0
,Maatsen,33,AVL,4.3,0,3,0.15,0.31,0,1,0,0.4,0,0
,Luongo,33,IPS,4.3,0,0,0.0,0.0,0,0,0,0.2,0,0
,Lukic,33,FUL,5.0,0,0,0.01,0.0,0,1,0,0.1,0,0
,Livramento,33,NEW,4.9,0,1,0.04,0.1,0,1,0,3.1,0,0
,Luis Guilherme,33,WHU,4.9,0,1,0.0,0.15,0,0,0,0.0,0,0
,Lewis-Skelly,33,ARS,5.2,0,1,0.06,0.08,0,1,0,1.7,0,0
,Lewis-Potter,33,BRE,4.9,0,0,0.16,0.0,1,1,0,0.3,0,0
,Lerma,33,CRY,4.9,0,0,0.06,0.0,0,0,2,0.1,0,0
,Leno,33,FUL,5.0,0,0,0.0,0.0,0,0,0,1.6,6,0
,Lacroix,33,CRY,5.0,0,0,0.01,0.0,0,1,2,3.7,0,0
,Kulusevski,33,TOT,6.4,0,2,0.02,0.08,0,1,0,0.0,0,0
,Kudus,33,WHU,6.7,0,2,0.2,0.17,0,1,0,30.1,0,0
,Krafth,33,NEW,4.4,0,0,0.0,0.0,0,0,0,0.0,0,0
,Kovacic,33,MCI,5.9,0,3,0.07,0.11,0,0,0,0.0,0,0
,Konsa Ngoyo,33,AVL,4.4,0,1,0.01,0.07,0,0,0,8.6,0,0
,Konaté,33,LIV,5.4,0,3,0.01,0.04,0,0,0,2.7,0,0
,Konak,33,BRE,4.4,0,0,0.0,0.0,0,0,0,0.2,0,0
,Kluivert,33,BOU,7.0,0,0,0.19,0.0,0,1,0,1.0,0,0
,Kiwior,33,ARS,5.4,0,1,0.09,0.04,0,0,0,0.1,0,0
,Kilman,33,WHU,4.3,0,0,0.01,0.0,0,0,2,0.2,0,0
,Kerkez,33,BOU,5.7,2,0,0.07,0.0,0,3,0,3.6,0,0
,Keane,33,EVE,4.5,0,0,0.0,0.0,0,0,0,1.1,0,0
,Kayode,33,BRE,4.5,0,0,0.0,0.0,0,0,0,0.4,0,0
,Kamara,33,AVL,4.9,0,1,0.29,0.01,0,2,0,0.2,0,0
,Kamada,33,CRY,5.0,5,1,0.05,0.06,0,2,0,0.2,0,0
,Justin,33,LEI,4.0,0,0,0.0,0.0,0,0,0,0.2,0,0
,João Pedro,33,BHA,7.4,0,1,0.2,0.03,0,1,0,45.5,0,0
,Jones,33,LIV,5.4,0,0,0.0,0.0,0,0,0,0.1,0,0
,Johnson (Ben),33,IPS,3.8,0,0,0.0,0.0,0,0,0,1.9,0,0
,Johnson (Brennan),33,TOT,6.7,0,0,0.01,0.0,0,0,0,3.1,0,0
,Raúl Jiménez,33,FUL,6.2,0,0,0.01,0.0,0,0,0,0.8,0,0
,Jensen,33,BRE,4.9,0,0,0.14,0.0,1,1,0,0.1,0,0
,Janelt,33,BRE,4.9,0,0,0.04,0.0,0,1,0,0.0,0,0
,James,33,CHE,5.5,0,1,0.04,0.03,0,1,0,7.9,0,0
,Jackson (Nicolas),33,CHE,6.5,0,1,0.18,0.05,0,1,0,0.1,0,0
,Iwobi,33,FUL,6.5,0,1,0.01,0.04,0,0,0,1.7,0,0
,Isak,33,NEW,10.4,0,1,0.01,0.05,0,1,0,5.1,0,0
,Iroegbunam,33,EVE,4.9,0,0,0.0,0.0,0,0,0,0.0,0,0
,Højlund,33,MUN,6.3,0,1,0.01,0.07,0,0,0,0.3,0,0
,Huijsen,33,BOU,4.5,0,2,0.04,0.04,0,1,2,5.0,0,0
,Hughes,33,CRY,4.8,3,1,0.0,0.06,0,0,0,0.1,0,0
,Hudson-Odoi,33,NFO,5.8,0,0,0.02,0.0,0,0,0,0.8,0,0
,Hirst,33,IPS,5.4,0,1,0.0,0.07,0,0,0,0.1,0,0
,Hinshelwood,33,BHA,5.1,0,1,0.01,0.05,1,1,0,0.0,0,0
,Hermansen,33,LEI,4.4,0,0,0.0,0.0,0,0,0,0.2,7,0
,Henry,33,BRE,4.4,0,0,0.0,0.0,0,0,0,0.1,0,0
,Henderson,33,CRY,5.0,0,0,0.0,0.0,0,0,0,7.6,6,0
,Harwood-Bellis,33,SOU,3.9,0,0,0.06,0.0,0,2,0,4.1,0,0
,Harrison (Jack),33,EVE,5.2,0,0,0.03,0.0,0,1,0,0.1,0,0
,Gómez (Diego),33,BHA,4.9,0,2,0.0,0.13,0,0,0,0.1,0,0
,Gvardiol,33,MCI,5.9,0,2,0.04,0.14,0,0,0,5.4,0,0
,Gusto,33,CHE,4.9,0,1,0.02,0.02,0,0,0,1.0,0,0
,Gundogan,33,MCI,6.3,0,2,0.15,0.09,0,2,0,0.1,0,0
,Bruno Guimarães,33,NEW,6.6,0,1,0.12,0.09,0,1,2,3.7,0,0
,Gueye,33,EVE,5.4,0,0,0.02,0.0,0,0,2,0.1,0,0
,Marc Guehi,33,CRY,5.0,0,2,0.02,0.18,0,0,0,34.1,0,0
,Greaves,33,IPS,3.8,0,0,0.0,0.0,0,0,2,2.3,0,0
,Gravenberch,33,LIV,5.6,0,1,0.05,0.05,0,0,2,4.0,0,0
,Gordon (Anthony),33,NEW,7.5,1,0,0.01,0.0,0,0,0,3.1,0,0
,González (Nico),33,MCI,5.9,0,1,0.02,0.05,0,0,0,0.1,0,0
,João Gomes,33,WOL,5.4,0,0,0.03,0.0,0,0,0,0.1,0,0
,Beto,33,EVE,5.2,0,1,0.03,0.03,0,0,0,3.3,0,0
,Rodrigo Gomes,33,WOL,4.5,0,0,0.01,0.0,0,1,0,0.1,0,0
,Toti,33,WOL,4.3,0,0,0.0,0.0,0,0,0,0.1,0,0
,Gibbs-White,33,NFO,7.3,0,2,0.0,0.33,0,0,0,2.9,0,0
,George,33,CHE,4.9,0,1,0.0,0.07,0,0,0,0.1,0,1
,Rúben Dias,33,MCI,5.5,0,2,0.05,0.14,0,0,0,4.5,0,0
,Garner,33,EVE,5.0,2,0,0.13,0.0,0,1,0,0.9,0,0
,Garnacho,33,MUN,6.4,0,1,0.41,0.02,0,3,0,0.4,0,0
,Gakpo,33,LIV,7.6,0,3,0.16,0.24,0,2,0,14.1,0,0
,Füllkrug,33,WHU,5.6,0,1,0.07,0.11,0,4,0,0.7,0,0
,Fredricson,33,MUN,3.9,0,0,0.02,0.0,0,0,0,0.1,0,0
,Flekken,33,BRE,4.5,0,0,0.0,0.0,0,0,0,10.0,1,0
,Fernández,33,CHE,6.7,1,0,0.43,0.0,0,2,0,14.3,0,0
,Ferguson,33,WHU,5.5,0,0,0.0,0.0,0,0,0,0.0,0,0
,Faes,33,LEI,3.8,0,0,0.01,0.0,0,0,0,5.2,0,0
,Eze,33,CRY,7.6,0,4,0.39,0.33,0,2,0,14.2,0,1
,Estupiñán,33,BHA,4.5,0,0,0.2,0.0,0,1,2,0.0,0,0
,Esse,33,CRY,4.7,0,0,0.0,0.0,0,0,0,0.1,0,0
,Mateus Fernandes,33,SOU,5.5,2,0,0.12,0.0,0,3,0,0.0,0,0
,Eriksen,33,MUN,5.2,8,2,0.37,0.07,0,1,0,0.2,0,0
,Enciso,33,IPS,5.4,0,1,0.01,0.02,0,0,0,0.0,0,0
,Elliott,33,LIV,5.4,0,1,0.01,0.05,0,1,0,0.3,0,0
,Elanga,33,NFO,6.7,1,0,0.08,0.0,1,1,0,3.7,0,0
,El Khannouss,33,LEI,4.8,0,1,0.01,0.04,0,0,0,0.2,0,0
,Díaz,33,LIV,8.0,0,2,0.37,0.13,0,4,0,0.0,0,0
,Dunk,33,BHA,4.5,0,0,0.05,0.0,0,0,0,1.2,0,0
,Downes,33,SOU,4.7,0,1,0.05,0.02,0,2,0,0.0,0,0
,Doucouré,33,EVE,5.1,0,2,0.02,0.15,0,0,0,0.5,0,0
,Dorgu,33,MUN,4.3,0,1,0.01,0.03,0,0,0,3.1,0,0
,Nicolás Domínguez,33,NFO,5.0,0,0,0.0,0.0,0,1,0,0.0,0,0
,Doku,33,MCI,6.5,0,0,0.24,0.0,1,1,0,5.0,0,0
,Doherty,33,WOL,4.4,0,0,0.0,0.0,0,0,0,0.1,0,0
,Djiga,33,WOL,4.5,0,0,0.0,0.0,0,0,0,0.0,0,0
,Disasi,33,AVL,4.2,0,0,0.0,0.0,0,0,0,0.4,0,0
,Digne,33,AVL,4.5,0,0,0.17,0.0,0,1,0,1.6,0,0
,Dibling,33,SOU,5.4,0,1,0.01,0.14,0,1,0,0.0,0,0
,Devenny,33,CRY,4.4,0,1,0.01,0.14,0,0,0,1.1,0,0
,Delap,33,IPS,6.2,0,0,0.0,0.0,0,0,0,0.9,0,0
,DeCordova-Reid,33,LEI,5.2,0,0,0.0,0.0,0,0,0,0.1,0,0
,De Bruyne,33,MCI,9.5,14,3,0.6,0.3,0,7,0,11.6,0,0
,Davis,33,IPS,4.2,0,0,0.0,0.0,0,0,0,0.9,0,0
,Davies (Ben),33,TOT,4.3,0,1,0.17,0.01,0,0,0,0.1,0,0
,Danso,33,TOT,4.3,0,1,0.06,0.02,0,0,0,0.2,0,0
,Damsgaard,33,BRE,5.8,0,0,0.23,0.0,0,0,0,0.6,0,0
,Dalot,33,MUN,4.4,0,0,0.03,0.0,0,1,0,1.0,0,0
,Daka,33,LEI,4.8,0,0,0.01,0.0,0,1,0,0.5,0,0
,Cucurella,33,CHE,6.1,0,1,0.03,0.05,0,0,0,21.8,0,0
,Coufal,33,WHU,4.1,0,0,0.01,0.0,0,0,0,0.4,0,0
,Cook,33,BOU,4.9,0,0,0.02,0.0,0,0,0,0.0,0,0
,Colwill,33,CHE,4.8,0,2,0.0,0.29,0,0,0,0.1,0,0
,Collins,33,BRE,4.9,0,1,0.0,0.15,0,1,0,1.1,0,0
,Coady,33,LEI,4.0,0,0,0.0,0.0,0,0,0,0.5,0,0
,Clarke (Jack),33,IPS,5.4,0,0,0.0,0.0,0,1,0,0.0,0,0
,Chaplin,33,IPS,5.1,0,0,0.0,0.0,0,0,0,0.1,0,0
,Chalobah,33,CHE,5.1,0,0,0.02,0.0,0,0,0,7.6,0,0
,Castagne,33,FUL,4.4,0,0,0.0,0.0,0,0,0,0.1,0,0
,Cashin,33,BHA,4.0,0,0,0.0,0.0,0,0,0,0.0,0,0
,Cash,33,AVL,4.6,0,0,0.0,0.0,0,0,0,5.2,0,0
,Cajuste,33,IPS,4.5,0,0,0.0,0.0,0,0,0,0.1,0,0
,Cairney,33,FUL,4.9,0,0,0.0,0.0,0,0,0,0.0,0,0
,Moises Caicedo,33,CHE,6.0,0,0,0.03,0.0,0,1,2,19.9,0,0
,Butler-Oyedeji,33,ARS,4.5,0,1,0.0,0.07,0,0,0,0.2,0,0
,Burn,33,NEW,5.2,0,2,0.01,0.04,0,0,0,10.7,0,0
,Burgess,33,IPS,3.8,0,0,0.03,0.0,0,1,0,1.8,0,0
,Buonanotte,33,LEI,4.7,1,2,0.04,0.17,0,1,0,0.1,0,0
,Bueno (Santiago),33,WOL,4.4,0,0,0.02,0.0,0,0,2,0.1,0,0
,Brooks,33,BOU,5.0,0,0,0.04,0.0,0,1,0,0.2,0,0
,Broja,33,EVE,5.3,0,0,0.0,0.0,0,0,0,0.1,0,0
,Branthwaite,33,EVE,5.3,0,1,0.0,0.33,0,0,0,0.2,0,0
,Bradley,33,LIV,5.0,0,1,0.28,0.03,0,2,0,0.2,0,0
,Bowen,33,WHU,7.7,0,2,0.04,0.16,0,0,0,7.6,0,1
,Bruno Fernandes,33,MUN,8.9,1,4,0.1,0.59,0,0,0,16.3,0,0
,Bergvall,33,TOT,5.4,0,0,0.01,0.0,0,0,0,0.4,0,0
,Berge,33,FUL,4.9,0,0,0.02,0.0,0,0,0,0.1,0,0
,Bentley,33,WOL,4.0,0,0,0.0,0.0,0,0,0,0.6,2,0
,Bentancur,33,TOT,5.3,0,0,0.06,0.0,0,1,0,0.4,0,0
,Bednarek,33,SOU,4.0,0,0,0.03,0.0,0,0,0,1.9,0,0
,Bassey,33,FUL,4.5,0,0,0.01,0.0,0,0,2,0.6,0,0
,Barnes,33,NEW,6.3,0,1,0.19,0.05,1,1,0,0.4,0,0
,Barkley,33,AVL,4.8,0,1,0.01,0.01,0,1,0,0.0,0,0
,Ricardo Pereira,33,LEI,4.1,0,0,0.0,0.0,0,0,0,0.1,0,0
,Baleba,33,BHA,4.7,0,0,0.03,0.0,0,0,0,2.1,0,0
,Ayari,33,BHA,4.9,1,0,0.03,0.0,0,0,0,0.3,0,0
,Awoniyi,33,NFO,5.2,0,0,0.0,0.0,0,0,0,0.4,0,0
,Asensio,33,AVL,6.0,2,2,0.25,0.42,0,5,0,2.4,0,0
,Kepa,33,BOU,4.2,0,0,0.0,0.0,0,0,0,0.5,0,0
,Areola,33,WHU,4.3,0,0,0.0,0.0,0,0,0,2.1,3,0
,Archer,33,SOU,4.8,0,0,0.02,0.0,0,0,0,1.1,0,0
,Araujo,33,BOU,3.9,0,0,0.01,0.0,0,0,0,0.7,0,0
,Joelinton,33,NEW,5.9,0,1,0.31,0.05,0,1,0,0.3,0,0
,Anderson,33,NFO,5.3,0,1,0.01,0.03,0,1,2,3.0,0,1
,Andersen,33,FUL,4.5,0,0,0.02,0.0,0,0,0,2.8,0,0
,Amass,33,MUN,4.0,0,0,0.04,0.0,0,1,0,0.1,0,0
,Carlos Vinicius,33,FUL,5.0,0,0,0.0,0.0,0,0,0,0.3,0,0
,Alexander-Arnold,33,LIV,7.2,0,1,0.0,0.02,0,0,0,16.7,0,0
,Alcaraz,33,EVE,5.2,0,0,0.0,0.0,0,0,0,0.1,0,0
,Akanji,33,MCI,5.4,0,0,0.0,0.0,0,0,0,0.3,0,0
,Ajer,33,BRE,4.4,0,0,0.01,0.0,0,1,0,0.2,0,0
,Ait Nouri,33,WOL,5.8,1,0,0.0,0.0,0,0,0,4.9,0,0
,Agbadou,33,WOL,4.3,0,0,0.01,0.0,0,0,0,0.2,0,0
,Adingra,33,BHA,5.1,0,0,0.0,0.0,0,0,0,0.5,0,0
,Tosin,33,CHE,4.3,0,0,0.0,0.0,0,0,0,0.4,0,0
,Adams (Tyler),33,BOU,5.0,0,0,0.01,0.0,0,1,0,0.4,0,0
,van den Berg,34,BRE,4.5,0,1,0.0,0.22,0,0,0,0.6,0,0
,van Dijk,34,LIV,6.0,0,1,0.06,0.02,0,1,0,23.6,0,0
,Evanilson,34,BOU,7.0,0,0,0.17,0.0,0,1,0,1.4,0,0
,Richarlison,34,TOT,6.5,0,0,0.02,0.0,0,0,0,8.5,0,0
,André,34,WOL,5.4,0,1,0.02,0.08,0,1,2,0.1,0,0
,Zabarnyi,34,BOU,5.0,0,2,0.0,0.09,0,0,0,0.0,0,0
,Young (Ashley),34,EVE,4.2,0,0,0.01,0.0,0,0,0,1.4,0,0
,Yoro,34,MUN,4.4,0,0,0.02,0.0,0,1,0,1.7,0,0
,Yates,34,NFO,4.7,0,1,0.01,0.02,0,0,0,0.1,0,0
,Yarmolyuk,34,BRE,5.0,0,0,0.05,0.0,0,2,2,0.1,0,0
,Woolfenden,34,IPS,3.9,0,0,0.0,0.0,0,0,2,1.2,0,0
,Wood (Chris),34,NFO,7.2,0,2,0.01,0.29,0,1,0,6.5,0,0
,Wissa,34,BRE,7.4,0,2,0.0,0.42,0,0,0,0.5,0,0
,Wilson (Callum),34,NEW,5.8,0,0,0.02,0.0,0,0,0,0.4,0,0
,Wilson (Harry),34,FUL,5.2,3,1,0.14,0.01,0,2,0,0.3,0,0
,Willock,34,NEW,5.0,0,2,0.11,0.25,0,3,0,0.1,0,0
,Williams (Neco),34,NFO,4.7,0,1,0.04,0.02,0,1,0,3.5,0,0
,Wieffer,34,BHA,4.9,0,2,0.07,0.21,0,1,0,0.1,0,0
,Welbeck,34,BHA,6.5,0,1,0.03,0.08,0,0,0,7.9,0,0
,Ward-Prowse,34,WHU,5.7,0,1,0.03,0.04,0,1,0,0.2,0,0
,Wan-Bissaka,34,WHU,4.3,0,2,0.06,0.14,0,2,0,5.8,0,0
,Walker-Peters,34,SOU,4.3,0,1,0.01,0.16,0,0,0,0.3,0,0
,Vicario,34,TOT,5.1,0,0,0.0,0.0,0,0,0,10.1,3,0
,Verbruggen,34,BHA,4.4,0,0,0.0,0.0,0,0,0,4.1,2,0
,Vardy,34,LEI,5.4,0,2,0.0,0.82,0,0,0,5.2,0,0
,Ugochukwu,34,SOU,5.0,0,0,0.01,0.0,0,1,0,0.1,0,0
,Ugarte,34,MUN,4.8,0,2,0.03,0.15,1,2,0,0.1,0,0
,Destiny Udogie,34,TOT,4.4,0,0,0.06,0.0,0,1,0,0.4,0,0
,Trippier,34,NEW,5.0,8,0,0.51,0.0,1,3,0,2.7,0,0
,Traoré (Adama),34,FUL,5.2,0,1,0.37,0.04,0,4,0,0.2,0,0
,Tonali,34,NEW,5.4,0,2,0.54,0.1,0,7,0,1.3,0,0
,Lucas Paquetá,34,WHU,5.9,0,1,0.06,0.02,0,1,0,2.5,0,0
,Todibo,34,WHU,4.3,0,0,0.01,0.0,0,0,0,0.1,0,0
,Thomas,34,LEI,3.9,0,0,0.01,0.0,0,0,2,1.4,0,0
,Tete,34,FUL,4.5,0,1,0.11,0.07,0,2,2,0.2,0,0
,Tel,34,TOT,6.3,0,1,0.11,0.08,0,0,0,0.1,0,0
,Diogo Jota,34,LIV,7.2,0,1,0.0,0.06,0,0,0,2.6,0,0
,Taylor (Jack),34,IPS,4.8,0,0,0.0,0.0,0,0,0,0.0,0,0
,Tavernier,34,BOU,5.5,0,0,0.0,0.0,0,0,0,1.6,0,0
,Szoboszlai,34,LIV,6.5,0,2,0.64,0.28,1,8,0,4.2,0,0
,Sulemana,34,SOU,5.0,0,3,0.01,0.11,0,0,0,0.0,0,0
,Strand Larsen,34,WOL,6.4,0,4,0.02,0.76,0,0,0,1.3,0,0
,Stewart,34,SOU,4.4,0,1,0.0,0.08,0,0,0,1.7,0,0
,Stephens,34,SOU,4.0,0,1,0.0,0.26,0,0,0,0.3,0,0
,Spence,34,TOT,4.5,0,1,0.03,0.02,0,0,0,1.6,0,0
,Soumaré,34,LEI,4.4,0,0,0.0,0.0,0,0,0,0.3,0,0
,Soucek,34,WHU,5.7,0,3,0.01,0.64,0,0,0,0.2,0,0
,Sosa,34,NFO,5.5,0,1,0.0,0.07,0,0,0,0.1,0,0
,Solanke,34,TOT,7.2,0,3,0.0,0.26,0,0,0,0.9,0,0
,Smith-Rowe,34,FUL,5.6,0,2,0.02,0.28,0,0,0,0.4,0,0
,Smith,34,BOU,4.4,0,0,0.14,0.0,0,1,0,0.2,0,0
,Skipp,34,LEI,4.7,0,1,0.01,0.03,0,0,0,0.0,0,0
,Shaw,34,MUN,4.5,4,1,0.59,0.03,0,3,0,0.5,0,0
,Sessegnon (Ryan),34,FUL,5.4,0,3,0.21,0.34,0,4,2,0.4,0,0
,Senesi,34,BOU,5.0,0,0,0.0,0.0,0,0,0,26.2,0,0
,Semenyo,34,BOU,8.1,0,2,0.01,0.18,0,0,2,64.4,0,0
,Semedo,34,WOL,4.5,0,0,0.08,0.0,0,2,0,0.6,0,0
,Sels,34,NFO,4.8,0,0,0.0,0.0,0,0,0,8.3,1,0
,Scott,34,BOU,5.0,2,0,0.02,0.0,0,1,0,0.3,0,0
,Schär,34,NEW,5.4,0,1,0.03,0.02,0,0,0,1.9,0,0
,Schade,34,BRE,7.0,0,1,0.07,0.25,0,1,0,0.7,0,0
,Sarr (Pape),34,TOT,4.9,0,1,0.01,0.04,0,0,0,1.7,0,0
,Sarabia,34,WOL,5.0,1,1,0.01,0.1,0,0,0,0.1,0,0
,Matheus Cunha,34,WOL,7.9,0,6,0.21,0.56,0,5,0,4.4,0,0
,Murillo,34,NFO,5.3,0,3,0.04,0.13,0,0,2,2.0,0,0
,Sangaré,34,NFO,4.9,0,0,0.01,0.0,0,1,0,0.1,0,0
,Sancho,34,MUN,5.8,0,0,0.0,0.0,0,0,0,0.2,0,0
,Sanchez,34,CHE,4.8,0,0,0.0,0.0,0,1,0,13.5,3,0
,Salah,34,LIV,14.2,0,4,0.33,0.21,0,5,0,24.9,0,1
,Robertson,34,LIV,5.8,2,1,0.04,0.06,0,0,0,0.9,0,0
,Alisson,34,LIV,5.4,0,0,0.0,0.0,0,0,0,5.8,2,0
,Ramsdale,34,SOU,4.8,0,0,0.0,0.0,0,0,0,0.6,3,0
,Youssef Chermiti,34,EVE,4.9,0,1,0.0,0.04,0,0,0,0.1,0,0
,Pope,34,NEW,5.2,0,0,0.0,0.0,0,1,0,12.2,0,0
,Pickford,34,EVE,5.5,0,0,0.0,0.0,0,0,0,9.7,6,0
,Pereira,34,FUL,5.3,7,1,0.15,0.06,0,2,0,0.1,0,0
,Patterson (Nathan),34,EVE,4.4,0,0,0.0,0.0,0,0,0,0.0,0,0
,Emerson,34,WHU,4.4,1,0,0.01,0.0,0,0,2,0.1,0,0
,Palmer (Alex),34,IPS,4.5,0,0,0.0,0.0,0,0,0,0.1,2,0
,Palmer (Cole),34,CHE,10.3,0,0,0.08,0.0,0,2,0,9.2,0,0
,O’Riley,34,BHA,5.5,5,1,0.18,0.04,0,3,0,0.4,0,0
,Dango Ouattara,34,BOU,6.0,1,3,0.04,0.23,0,1,2,0.5,0,0
,Osula,34,NEW,5.5,0,2,0.01,0.08,0,0,0,0.3,0,0
,Onana,34,MUN,4.9,0,0,0.0,0.0,0,0,0,0.2,0,0
,Odobert,34,TOT,5.3,0,0,0.01,0.0,0,0,0,0.0,0,0
,Obi-Martin,34,MUN,4.3,0,2,0.0,0.27,0,0,0,1.5,0,0
,O'Shea,34,IPS,3.8,0,0,0.0,0.0,0,0,2,1.2,0,0
,O'Brien,34,EVE,4.9,0,0,0.0,0.0,0,0,0,0.4,0,0
,Núñez,34,LIV,6.5,0,1,0.02,0.02,0,0,0,0.1,0,0
,Norgaard,34,BRE,5.2,0,1,0.01,0.07,0,1,0,0.1,0,0
,Lindelof,34,MUN,4.5,0,0,0.0,0.0,0,0,0,0.0,0,0
,Neto,34,CHE,7.1,8,0,0.05,0.0,0,1,0,5.9,0,0
,Ndidi,34,LEI,4.9,0,0,0.05,0.0,0,1,2,0.2,0,0
,Ndiaye,34,EVE,6.5,0,0,0.01,0.0,0,0,0,11.1,0,0
,Mykolenko,34,EVE,4.9,0,0,0.13,0.0,0,1,0,0.4,0,0
,Murphy (Jacob),34,NEW,6.1,3,2,0.24,0.07,0,2,0,1.1,0,0
,Munetsi,34,WOL,5.4,0,0,0.86,0.0,0,3,0,0.1,0,0
,Mount,34,MUN,5.9,0,2,0.04,0.24,0,0,0,0.3,0,0
,Morsy,34,IPS,4.8,0,0,0.01,0.0,0,1,0,0.1,0,0
,Monga,34,LEI,4.5,0,0,0.0,0.0,0,0,0,0.0,0,0
,Mitoma,34,BHA,6.2,0,1,0.0,0.52,0,0,0,2.3,0,0
,Minteh,34,BHA,6.0,0,0,0.02,0.0,0,0,0,4.4,0,0
,Miley (Lewis),34,NEW,4.4,0,0,0.19,0.0,0,0,0,2.1,0,0
,Milenkovic,34,NFO,5.2,0,0,0.0,0.0,0,1,2,4.0,0,0
,McNeil,34,EVE,5.6,0,1,0.01,0.15,0,0,0,0.1,0,0
,McAteer,34,LEI,4.7,0,0,0.02,0.0,0,0,0,0.0,0,0
,Mbeumo,34,BRE,8.3,4,3,0.19,0.2,0,2,0,28.5,0,0
,Mazraoui,34,MUN,4.9,0,1,0.02,0.07,0,1,0,0.2,0,0
,Mavropanos,34,WHU,4.4,0,1,0.01,0.05,0,1,2,0.1,0,0
,March,34,BHA,5.8,0,1,0.02,0.02,0,0,0,0.0,0,0
,Manning,34,SOU,4.3,0,0,0.18,0.0,1,3,0,0.1,0,0
,José Sá,34,WOL,4.4,0,0,0.0,0.0,0,0,0,1.2,2,0
,Mainoo,34,MUN,4.8,0,2,0.01,0.05,0,1,0,0.5,0,0
,Maguire,34,MUN,4.4,0,1,0.01,0.05,0,0,0,0.8,0,0
,Madueke,34,CHE,6.8,0,4,0.01,0.33,0,0,0,0.6,0,0
,Maddison,34,TOT,6.9,2,0,0.09,0.0,0,2,0,0.1,0,0
,Mac Allister,34,LIV,6.3,5,3,0.63,0.15,0,2,2,1.2,0,1
,Luongo,34,IPS,4.3,0,0,0.0,0.0,0,0,0,0.2,0,0
,Lukic,34,FUL,5.0,0,1,0.02,0.06,0,1,0,0.1,0,0
,Livramento,34,NEW,4.9,0,0,0.05,0.0,0,0,0,3.1,0,0
,Lewis-Potter,34,BRE,4.9,0,0,0.0,0.0,0,0,0,0.3,0,0
,Leno,34,FUL,5.0,0,0,0.0,0.0,0,0,0,1.6,2,0
,Lavia,34,CHE,4.9,0,0,0.02,0.0,0,1,0,0.0,0,0
,Kulusevski,34,TOT,6.4,0,1,0.0,0.02,0,0,0,0.0,0,0
,Kudus,34,WHU,6.7,0,2,0.03,0.3,0,0,0,30.1,0,0
,Konaté,34,LIV,5.4,0,1,0.02,0.04,0,0,0,2.7,0,0
,Konak,34,BRE,4.4,0,0,0.0,0.0,0,0,0,0.2,0,0
,Kluivert,34,BOU,7.0,0,1,0.07,0.03,0,1,0,1.0,0,0
,Kilman,34,WHU,4.3,0,0,0.12,0.0,0,1,2,0.2,0,0
,Kerkez,34,BOU,5.7,1,0,0.12,0.0,0,2,0,3.6,0,0
,Kayode,34,BRE,4.5,0,1,0.03,0.08,0,0,0,0.4,0,0
,Justin,34,LEI,4.0,0,0,0.01,0.0,0,1,0,0.2,0,0
,Jones,34,LIV,5.4,0,2,0.01,0.04,0,0,0,0.1,0,0
,Johnson (Ben),34,IPS,3.8,0,0,0.01,0.0,0,0,0,1.9,0,0
,Johnson (Brennan),34,TOT,6.7,0,0,0.01,0.0,0,0,0,3.1,0,0
,Raúl Jiménez,34,FUL,6.2,0,7,0.05,0.72,0,0,0,0.8,0,0
,Jensen,34,BRE,4.9,0,0,0.0,0.0,0,0,0,0.1,0,0
,Jebbison,34,BOU,4.5,0,0,0.0,0.0,0,0,0,1.1,0,0
,James,34,CHE,5.5,0,0,0.0,0.0,0,0,0,7.9,0,0
,Jackson (Nicolas),34,CHE,6.5,0,1,0.02,0.09,0,0,0,0.1,0,1
,Iwobi,34,FUL,6.5,0,1,0.21,0.22,0,1,0,1.7,0,0
,Isak,34,NEW,10.4,0,6,0.07,1.46,0,0,0,5.1,0,0
,Højlund,34,MUN,6.3,0,1,0.01,0.48,0,1,0,0.3,0,0
,Huijsen,34,BOU,4.5,0,0,0.01,0.0,0,0,2,5.0,0,0
,Hudson-Odoi,34,NFO,5.8,0,0,0.02,0.0,0,0,0,0.8,0,0
,Hirst,34,IPS,5.4,0,0,0.0,0.0,0,0,0,0.1,0,0
,Hinshelwood,34,BHA,5.1,0,1,0.08,0.03,0,3,0,0.0,0,0
,Hermansen,34,LEI,4.4,0,0,0.0,0.0,0,0,0,0.2,2,0
,Henry,34,BRE,4.4,0,0,0.0,0.0,0,0,0,0.1,0,0
,Harwood-Bellis,34,SOU,3.9,0,0,0.01,0.0,0,0,2,4.1,0,0
,Harrison (Jack),34,EVE,5.2,0,0,0.01,0.0,0,1,0,0.1,0,0
,Gómez (Diego),34,BHA,4.9,1,0,0.03,0.0,0,0,0,0.1,0,0
,Bruno Guimarães,34,NEW,6.6,0,3,0.22,0.28,0,2,0,3.7,0,0
,Gueye,34,EVE,5.4,0,1,0.0,0.04,0,0,2,0.1,0,0
,Gruda,34,BHA,5.4,0,0,0.3,0.0,1,2,0,0.1,0,0
,Greaves,34,IPS,3.8,0,0,0.01,0.0,0,0,0,2.3,0,0
,Gray (Archie),34,TOT,4.8,0,0,0.0,0.0,0,0,0,0.1,0,0
,Gravenberch,34,LIV,5.6,0,1,0.02,0.02,0,1,2,4.0,0,0
,Gordon (Anthony),34,NEW,7.5,0,2,0.07,0.06,0,1,0,3.1,0,0
,João Gomes,34,WOL,5.4,0,1,0.03,0.13,0,1,0,0.1,0,0
,Beto,34,EVE,5.2,0,1,0.0,0.03,0,0,0,3.3,0,0
,Rodrigo Gomes,34,WOL,4.5,0,2,0.0,0.21,0,1,0,0.1,0,0
,Toti,34,WOL,4.3,0,0,0.0,0.0,0,2,0,0.1,0,0
,Godfrey,34,IPS,4.0,0,0,0.0,0.0,0,0,0,0.0,0,0
,Gibbs-White,34,NFO,7.3,0,1,0.03,0.08,0,2,0,2.9,0,0
,George,34,CHE,4.9,0,0,0.0,0.0,0,0,0,0.1,0,0
,Garner,34,EVE,5.0,2,0,0.01,0.0,0,0,0,0.9,0,0
,Garnacho,34,MUN,6.4,0,8,0.08,0.87,0,1,0,0.4,0,0
,Gonçalo Guedes,34,WOL,5.5,0,1,0.0,0.08,0,0,0,0.0,0,0
,Gakpo,34,LIV,7.6,0,3,0.02,0.18,0,1,0,14.1,0,1
,Füllkrug,34,WHU,5.6,0,0,0.0,0.0,0,0,0,0.7,0,0
,Casemiro,34,MUN,5.5,0,1,0.01,0.22,0,1,2,0.6,0,0
,Flekken,34,BRE,4.5,0,0,0.0,0.0,1,1,0,10.0,5,0
,Jota Silva,34,NFO,5.4,0,1,0.0,0.15,0,0,0,0.0,0,0
,Fernández,34,CHE,6.7,2,1,0.02,0.06,0,2,0,14.3,0,0
,Faes,34,LEI,3.8,0,0,0.01,0.0,0,0,2,5.2,0,0
,Estupiñán,34,BHA,4.5,0,4,0.04,0.19,0,0,0,0.0,0,0
,Mateus Fernandes,34,SOU,5.5,0,1,0.01,0.02,0,0,2,0.0,0,0
,Eriksen,34,MUN,5.2,2,1,0.01,0.04,0,1,0,0.2,0,0
,Endo,34,LIV,4.9,0,0,0.0,0.0,0,0,0,0.1,0,0
,Enciso,34,IPS,5.4,2,1,0.01,0.02,0,0,0,0.0,0,0
,Elliott,34,LIV,5.4,1,1,0.14,0.27,0,1,0,0.3,0,0
,Elanga,34,NFO,6.7,4,3,0.24,0.1,0,3,0,3.7,0,0
,El Khannouss,34,LEI,4.8,1,1,0.41,0.04,0,2,0,0.2,0,0
,Díaz,34,LIV,8.0,0,1,0.01,0.76,0,1,0,0.0,0,0
,Dunk,34,BHA,4.5,0,2,0.01,0.12,0,0,0,1.2,0,0
,Downes,34,SOU,4.7,0,0,0.04,0.0,0,1,0,0.0,0,0
,Doucouré,34,EVE,5.1,0,1,0.01,0.16,0,0,0,0.5,0,0
,Dorgu,34,MUN,4.3,0,0,0.02,0.0,0,1,0,3.1,0,0
,Nicolás Domínguez,34,NFO,5.0,0,0,0.04,0.0,0,0,0,0.0,0,0
,Doherty,34,WOL,4.4,0,0,0.01,0.0,0,0,0,0.1,0,0
,Dibling,34,SOU,5.4,0,0,0.0,0.0,0,0,0,0.0,0,0
,Dewsbury-Hall,34,CHE,4.9,0,0,0.0,0.0,0,0,0,2.9,0,0
,Delap,34,IPS,6.2,0,3,0.0,0.08,0,0,0,0.9,0,0
,DeCordova-Reid,34,LEI,5.2,0,1,0.0,0.04,0,0,0,0.1,0,0
,Davies (Ben),34,TOT,4.3,0,0,0.0,0.0,0,0,2,0.1,0,0
,Danso,34,TOT,4.3,0,1,0.0,0.03,0,1,0,0.2,0,0
,Damsgaard,34,BRE,5.8,1,1,0.32,0.03,0,2,0,0.6,0,0
,Cucurella,34,CHE,6.1,0,3,0.02,0.38,0,1,0,21.8,0,0
,Coufal,34,WHU,4.1,0,0,0.01,0.0,0,0,0,0.4,0,0
,Cook,34,BOU,4.9,1,0,0.0,0.0,0,0,0,0.0,0,0
,Colwill,34,CHE,4.8,0,0,0.01,0.0,0,0,0,0.1,0,0
,Collins,34,BRE,4.9,0,1,0.22,0.03,1,1,2,1.1,0,0
,Coady,34,LEI,4.0,0,1,0.0,0.11,0,0,0,0.5,0,0
,Clarke (Jack),34,IPS,5.4,0,0,0.0,0.0,0,1,0,0.0,0,0
,Chaplin,34,IPS,5.1,0,0,0.0,0.0,0,0,0,0.1,0,0
,Chalobah,34,CHE,5.1,0,0,0.01,0.0,0,0,2,7.6,0,0
,Cairney,34,FUL,4.9,1,0,0.12,0.0,0,1,0,0.0,0,0
,Moises Caicedo,34,CHE,6.0,0,1,0.03,0.03,0,0,2,19.9,0,0
,Burn,34,NEW,5.2,0,1,0.02,0.4,0,1,0,10.7,0,0
,Burgess,34,IPS,3.8,0,0,0.0,0.0,0,0,2,1.8,0,0
,Buonanotte,34,LEI,4.7,0,1,0.01,0.06,0,0,0,0.1,0,0
,Bueno (Santiago),34,WOL,4.4,0,0,0.0,0.0,0,0,0,0.1,0,0
,Bree,34,SOU,3.9,0,0,0.0,0.0,0,0,0,0.3,0,0
,Branthwaite,34,EVE,5.3,0,0,0.01,0.0,0,0,2,0.2,0,0
,Bowen,34,WHU,7.7,0,2,0.86,0.08,1,4,0,7.6,0,0
,Botman,34,NEW,4.9,0,0,0.0,0.0,0,0,0,0.7,0,0
,Bruno Fernandes,34,MUN,8.9,4,3,0.52,0.05,0,7,0,16.3,0,0
,Willian,34,FUL,5.0,2,4,0.37,0.15,0,3,0,0.0,0,0
,Carlos Borges,34,WOL,5.4,0,0,0.0,0.0,0,0,0,0.0,0,0
,Bergvall,34,TOT,5.4,0,0,0.0,0.0,0,0,0,0.4,0,0
,Berge,34,FUL,4.9,0,0,0.03,0.0,0,0,0,0.1,0,0
,Bellegarde,34,WOL,5.2,0,0,0.0,0.0,0,0,0,0.0,0,0
,Bednarek,34,SOU,4.0,0,0,0.0,0.0,0,0,2,1.9,0,0
,Bassey,34,FUL,4.5,0,1,0.02,0.03,0,0,0,0.6,0,0
,Barnes,34,NEW,6.3,0,4,0.21,0.14,0,2,0,0.4,0,0
,Ricardo Pereira,34,LEI,4.1,0,0,0.0,0.0,0,0,0,0.1,0,0
,Baleba,34,BHA,4.7,0,1,0.01,0.02,0,0,2,2.1,0,1
,Ayew,34,LEI,5.1,1,1,0.11,0.05,0,1,0,0.2,0,0
,Ayari,34,BHA,4.9,2,1,0.05,0.04,0,2,0,0.3,0,1
,Awoniyi,34,NFO,5.2,0,0,0.0,0.0,0,0,0,0.4,0,0
,Kepa,34,BOU,4.2,0,0,0.01,0.0,0,0,0,0.5,5,0
,Areola,34,WHU,4.3,0,0,0.0,0.0,0,0,0,2.1,6,0
,Archer,34,SOU,4.8,0,0,0.0,0.0,0,0,0,1.1,0,0
,Anderson,34,NFO,5.3,0,1,0.05,0.04,0,0,2,3.0,0,0
,Andersen,34,FUL,4.5,0,3,0.09,0.44,0,0,2,2.8,0,0
,Carlos Vinicius,34,FUL,5.0,0,0,0.0,0.0,0,0,0,0.3,0,0
,Alexander-Arnold,34,LIV,7.2,0,3,0.01,0.17,0,0,0,16.7,0,0
,Alcaraz,34,EVE,5.2,0,1,0.06,0.03,0,1,0,0.1,0,0
,Ajer,34,BRE,4.4,0,0,0.0,0.0,0,0,0,0.2,0,0
,Ait Nouri,34,WOL,5.8,3,3,0.22,0.09,1,1,0,4.9,0,0
,Aina,34,NFO,4.7,0,0,0.32,0.0,0,2,0,2.5,0,0
,Agbadou,34,WOL,4.3,0,1,0.19,0.01,0,2,0,0.2,0,0
,Adingra,34,BHA,5.1,0,1,0.03,0.03,0,1,0,0.5,0,0
,Adams (Tyler),34,BOU,5.0,0,0,0.15,0.0,0,1,2,0.4,0,0
,van den Berg,35,BRE,4.5,0,1,0.0,0.1,0,1,0,0.6,0,0
,van Hecke,35,BHA,4.4,0,0,0.01,0.0,0,0,0,1.3,0,0
,van Dijk,35,LIV,6.0,0,3,0.01,0.28,0,0,0,23.6,0,0
,Evanilson,35,BOU,7.0,0,4,0.01,0.59,0,0,0,1.4,0,0
,de Ligt,35,MUN,5.0,0,0,0.0,0.0,0,0,0,3.0,0,0
,Richarlison,35,TOT,6.5,0,2,0.0,0.14,0,0,0,8.5,0,0
,André,35,WOL,5.4,0,1,0.01,0.04,0,1,0,0.1,0,0
,Zinchenko,35,ARS,4.9,0,0,0.01,0.0,0,0,0,0.2,0,0
,Zabarnyi,35,BOU,5.0,0,0,0.01,0.0,0,0,0,0.0,0,0
,Young (Ashley),35,EVE,4.2,0,0,0.0,0.0,0,0,0,1.4,0,0
,Yoro,35,MUN,4.4,0,0,0.02,0.0,0,1,0,1.7,0,0
,Yates,35,NFO,4.7,0,0,0.0,0.0,0,0,0,0.1,0,0
,Yarmolyuk,35,BRE,5.0,0,0,0.23,0.0,0,1,0,0.1,0,0
,Woolfenden,35,IPS,3.9,0,0,0.0,0.0,0,0,0,1.2,0,0
,Wood (Chris),35,NFO,7.2,0,2,0.05,0.24,0,1,0,6.5,0,0
,Wissa,35,BRE,7.4,0,4,0.01,1.2,0,0,0,0.5,0,0
,Wilson (Callum),35,NEW,5.8,0,1,0.0,0.03,0,0,0,0.4,0,0
,Wilson (Harry),35,FUL,5.2,3,3,0.01,0.46,0,0,0,0.3,0,0
,Willock,35,NEW,5.0,0,1,0.02,0.11,0,0,0,0.1,0,0
,Williams (Neco),35,NFO,4.7,0,4,0.19,0.1,0,1,0,3.5,0,0
,Wieffer,35,BHA,4.9,0,0,0.01,0.0,0,1,0,0.1,0,0
,White (Ben),35,ARS,5.3,0,0,0.01,0.0,0,0,2,0.4,0,0
,Wharton,35,CRY,5.0,3,1,0.05,0.03,0,1,0,0.5,0,0
,Welbeck,35,BHA,6.5,0,0,0.02,0.0,0,2,0,7.9,0,0
,Watkins,35,AVL,8.5,0,2,0.01,0.21,0,1,0,6.6,0,0
,Ward-Prowse,35,WHU,5.7,0,2,0.38,0.09,0,2,0,0.2,0,0
,Wan-Bissaka,35,WHU,4.3,0,1,0.07,0.04,1,1,0,5.8,0,0
,Walker-Peters,35,SOU,4.3,0,0,0.02,0.0,0,1,0,0.3,0,0
,Vicario,35,TOT,5.1,0,0,0.0,0.0,0,0,0,10.1,1,0
,Verbruggen,35,BHA,4.4,0,0,0.0,0.0,0,0,0,4.1,4,0
,Veltman,35,BHA,4.3,0,0,0.0,0.0,0,0,0,0.1,0,0
,Bernardo Silva,35,MCI,6.3,2,0,0.1,0.0,0,3,0,0.5,0,0
,Vardy,35,LEI,5.4,0,2,0.07,0.48,0,0,0,5.2,0,0
,Ugochukwu,35,SOU,5.0,0,1,0.01,0.06,0,0,0,0.1,0,0
,Ugarte,35,MUN,4.8,0,1,0.02,0.05,0,1,2,0.1,0,0
,Tuanzebe,35,IPS,3.9,0,0,0.01,0.0,0,0,0,1.8,0,0
,Tsimikas,35,LIV,4.8,4,0,0.27,0.0,0,5,0,0.1,0,0
,Trossard,35,ARS,6.9,0,2,0.18,0.15,0,1,0,0.5,0,0
,Trippier,35,NEW,5.0,3,0,0.04,0.0,0,0,2,2.7,0,0
,Traoré (Adama),35,FUL,5.2,0,1,0.1,0.06,0,1,0,0.2,0,0
,Amad Diallo,35,MUN,6.3,0,3,0.07,0.1,0,1,0,1.3,0,1
,Torres,35,AVL,4.3,0,0,0.01,0.0,0,0,0,0.3,0,0
,Tonali,35,NEW,5.4,0,1,0.03,0.04,0,0,0,1.3,0,0
,Lucas Paquetá,35,WHU,5.9,0,0,0.03,0.0,0,1,2,2.5,0,0
,Todibo,35,WHU,4.3,0,0,0.0,0.0,0,0,0,0.1,0,0
,Tielemans,35,AVL,5.9,1,2,0.03,0.09,0,0,0,0.6,0,0
,Thomas,35,LEI,3.9,1,2,0.04,0.24,0,3,0,1.4,0,0
,Tete,35,FUL,4.5,0,0,0.04,0.0,0,0,0,0.2,0,0
,Tel,35,TOT,6.3,2,2,0.28,0.1,1,1,0,0.1,0,0
,Diogo Jota,35,LIV,7.2,0,2,0.0,0.18,0,0,0,2.6,0,0
,Taylor (Jack),35,IPS,4.8,0,0,0.0,0.0,0,0,0,0.0,0,0
,Tavernier,35,BOU,5.5,2,2,0.27,0.1,0,0,0,1.6,0,0
,Szoboszlai,35,LIV,6.5,0,0,0.01,0.0,0,0,0,4.2,0,0
,Sulemana,35,SOU,5.0,0,1,0.16,0.02,0,1,0,0.0,0,0
,Stolarczyk,35,LEI,4.0,0,0,0.0,0.0,0,0,0,0.5,2,0
,Stewart,35,SOU,4.4,0,1,0.0,0.06,0,0,0,1.7,0,0
,Sterling,35,ARS,6.7,0,0,0.01,0.0,0,0,0,0.8,0,0
,Stephens,35,SOU,4.0,0,0,0.01,0.0,0,0,0,0.3,0,0
,Spence,35,TOT,4.5,0,0,0.02,0.0,0,1,0,1.6,0,0
,Soumaré,35,LEI,4.4,0,0,0.0,0.0,0,0,0,0.3,0,0
,Soucek,35,WHU,5.7,0,2,0.02,0.05,0,0,0,0.2,0,0
,Sosa,35,NFO,5.5,0,0,0.0,0.0,0,0,0,0.1,0,0
,Soler (Carlos),35,WHU,5.0,0,0,0.0,0.0,0,0,0,0.0,0,0
,Smith-Rowe,35,FUL,5.6,0,1,0.0,0.03,0,0,0,0.4,0,0
,Smallbone,35,SOU,5.0,1,0,0.01,0.0,0,0,0,0.0,0,0
,Skipp,35,LEI,4.7,0,0,0.02,0.0,0,0,0,0.0,0,0
,Shaw,35,MUN,4.5,0,0,0.0,0.0,0,0,0,0.5,0,0
,Sessegnon (Ryan),35,FUL,5.4,0,0,0.08,0.0,0,1,0,0.4,0,0
,Semenyo,35,BOU,8.1,0,0,0.06,0.0,1,1,0,64.4,0,0
,Semedo,35,WOL,4.5,0,1,0.0,0.08,0,0,0,0.6,0,0
,Sels,35,NFO,4.8,0,0,0.01,0.0,0,0,0,8.3,2,0
,Scott,35,BOU,5.0,1,0,0.12,0.0,0,1,0,0.3,0,0
,Schär,35,NEW,5.4,0,2,0.09,0.3,0,0,0,1.9,0,0
,Schade,35,BRE,7.0,0,4,0.0,1.21,0,0,0,0.7,0,0
,Ismaila Sarr,35,CRY,6.6,0,2,0.41,0.47,0,2,0,11.6,0,0
,Sarr (Pape),35,TOT,4.9,0,1,0.1,0.02,0,1,0,1.7,0,0
,Sarabia,35,WOL,5.0,1,0,0.01,0.0,0,0,0,0.1,0,0
,Matheus Cunha,35,WOL,7.9,2,2,0.1,0.08,0,0,0,4.4,0,0
,Murillo,35,NFO,5.3,0,1,0.02,0.04,0,0,2,2.0,0,0
,Ederson,35,MCI,5.3,0,0,0.0,0.0,0,0,0,0.9,0,0
,Sangaré,35,NFO,4.9,0,0,0.01,0.0,0,0,2,0.1,0,0
,Sancho,35,MUN,5.8,0,1,0.06,0.21,0,1,0,0.2,0,0
,Sanchez,35,CHE,4.8,0,0,0.0,0.0,0,0,0,13.5,1,0
,Saliba,35,ARS,6.0,0,0,0.0,0.0,0,0,0,11.6,0,0
,Salah,35,LIV,14.2,0,1,0.31,0.09,0,2,0,24.9,0,0
,Saka,35,ARS,10.1,1,4,0.06,0.48,0,1,0,17.2,0,0
,Rogers,35,AVL,6.8,0,1,0.71,0.08,0,3,0,4.8,0,0
,Morato,35,NFO,4.4,0,0,0.0,0.0,0,0,0,0.1,0,0
,Robinson (Antonee),35,FUL,4.9,0,0,0.26,0.0,0,1,2,0.5,0,0
,Robinson (Jay),35,SOU,4.4,0,0,0.0,0.0,0,1,0,0.0,0,0
,Richards (Chris),35,CRY,4.5,0,1,0.01,0.07,0,0,0,3.2,0,0
,Rice,35,ARS,6.8,1,3,0.08,0.59,0,1,0,16.4,0,1
,Reed,35,FUL,4.4,0,0,0.0,0.0,0,0,0,0.2,0,0
,Raya Martin,35,ARS,5.8,0,0,0.01,0.0,0,0,0,31.3,0,0
,Ramsey (Jacob),35,AVL,5.3,0,1,0.02,0.04,0,2,0,0.2,0,0
,Alisson,35,LIV,5.4,0,0,0.0,0.0,0,0,0,5.8,5,0
,Ramsdale,35,SOU,4.8,0,0,0.0,0.0,0,0,0,0.6,2,0
,Youssef Chermiti,35,EVE,4.9,0,0,0.0,0.0,0,0,0,0.1,0,0
,Quansah,35,LIV,3.9,0,0,0.01,0.0,0,0,0,1.0,0,0
,Pope,35,NEW,5.2,0,0,0.0,0.0,0,0,0,12.2,1,0
,Pickford,35,EVE,5.5,0,0,0.0,0.0,0,0,0,9.7,3,0
,Phillips (Kalvin),35,IPS,4.8,0,1,0.0,0.01,0,0,0,0.1,0,0
,Patterson (Nathan),35,EVE,4.4,0,0,0.07,0.0,0,2,0,0.0,0,0
,Partey,35,ARS,4.9,0,0,0.14,0.0,0,0,0,0.7,0,0
,Emerson,35,WHU,4.4,0,0,0.01,0.0,0,0,0,0.1,0,0
,Palmer (Alex),35,IPS,4.5,0,0,0.0,0.0,0,0,0,0.1,1,0
,Palmer (Cole),35,CHE,10.3,0,5,0.55,1.12,0,4,2,9.2,0,0
,O’Riley,35,BHA,5.5,1,0,0.01,0.0,0,1,0,0.4,0,0
,O’Reilly,35,MCI,4.9,0,2,0.01,0.14,0,0,0,1.1,0,0
,Dango Ouattara,35,BOU,6.0,0,0,0.03,0.0,0,3,0,0.5,0,0
,Paul Onuachu,35,SOU,4.9,0,2,0.0,0.31,0,0,0,0.3,0,0
,Odobert,35,TOT,5.3,0,1,0.01,0.47,0,0,0,0.0,0,0
,Odegaard,35,ARS,7.8,0,2,0.18,0.12,1,1,0,1.4,0,0
,Obi-Martin,35,MUN,4.3,0,2,0.0,0.34,0,0,0,1.5,0,0
,O'Shea,35,IPS,3.8,0,1,0.0,0.02,0,0,0,1.2,0,0
,O'Brien,35,EVE,4.9,0,0,0.01,0.0,0,0,0,0.4,0,0
,Núñez,35,LIV,6.5,0,1,0.02,0.3,0,0,0,0.1,0,0
,Nwaneri,35,ARS,5.2,0,0,0.01,0.0,0,0,0,0.1,0,0
,Gustavo Nunes,35,BRE,4.9,0,0,0.0,0.0,0,0,0,0.0,0,0
,Matheus Nunes,35,MCI,5.3,0,0,0.03,0.0,0,0,0,0.8,0,0
,Norgaard,35,BRE,5.2,0,1,0.28,0.23,1,1,0,0.1,0,0
,Eddie Nketiah,35,CRY,5.4,0,2,0.0,0.2,0,1,0,0.4,0,0
,Lindelof,35,MUN,4.5,0,0,0.0,0.0,0,0,0,0.0,0,0
,Neto,35,CHE,7.1,0,3,0.41,0.18,1,2,0,5.9,0,0
,Ndidi,35,LEI,4.9,0,2,0.01,0.22,0,0,2,0.2,0,0
,Ndiaye,35,EVE,6.5,0,1,0.03,0.03,0,0,0,11.1,0,0
,Thiago,35,BRE,6.2,0,0,0.01,0.0,0,0,0,8.2,0,0
,Mykolenko,35,EVE,4.9,0,0,0.08,0.0,0,0,0,0.4,0,0
,Mvom Onana,35,AVL,4.8,0,0,0.1,0.0,0,1,0,0.6,0,0
,Muñoz,35,CRY,5.7,0,1,0.1,0.11,0,2,2,15.3,0,0
,Murphy (Jacob),35,NEW,6.1,0,1,0.02,0.09,0,0,0,1.1,0,0
,Munetsi,35,WOL,5.4,0,0,0.02,0.0,0,0,0,0.1,0,0
,Mount,35,MUN,5.9,0,3,0.05,0.83,0,0,0,0.3,0,0
,Morsy,35,IPS,4.8,0,0,0.01,0.0,0,0,0,0.1,0,0
,Moore (Mikey),35,TOT,5.0,1,0,0.0,0.0,0,0,0,0.0,0,0
,Monga,35,LEI,4.5,0,0,0.0,0.0,0,0,0,0.0,0,0
,Mitchell,35,CRY,5.0,0,0,0.05,0.0,0,1,0,2.2,0,0
,Minteh,35,BHA,6.0,0,2,0.03,0.25,0,0,0,4.4,0,1
,Milenkovic,35,NFO,5.2,0,0,0.0,0.0,0,0,2,4.0,0,0
,Merino,35,ARS,5.9,0,0,0.01,0.0,0,0,0,0.5,0,0
,Mcatee,35,MCI,5.2,0,0,0.0,0.0,0,0,0,0.1,0,0
,McNeil,35,EVE,5.6,2,1,0.03,0.03,0,0,0,0.1,0,1
,McGinn,35,AVL,5.4,3,0,0.08,0.0,1,2,0,0.6,0,0
,McAteer,35,LEI,4.7,0,1,0.01,0.06,0,2,0,0.0,0,0
,Mbeumo,35,BRE,8.3,3,2,0.12,0.06,0,1,0,28.5,0,0
,Mavropanos,35,WHU,4.4,0,0,0.0,0.0,0,0,0,0.1,0,0
,Mateta,35,CRY,7.9,0,1,0.01,0.04,0,0,0,23.0,0,0
,Martinez,35,AVL,5.0,0,0,0.0,0.0,0,0,0,2.0,3,0
,Martinelli,35,ARS,6.9,0,2,0.37,0.08,0,3,0,1.0,0,0
,Omar Marmoush,35,MCI,8.3,0,2,0.03,0.12,0,0,0,2.6,0,0
,Manning,35,SOU,4.3,5,1,0.11,0.0,0,4,0,0.1,0,0
,José Sá,35,WOL,4.4,0,0,0.0,0.0,0,0,0,1.2,1,0
,Malen,35,AVL,5.1,0,3,0.0,0.5,0,0,0,0.7,0,0
,Mainoo,35,MUN,4.8,0,0,0.02,0.0,0,0,0,0.5,0,0
,Maguire,35,MUN,4.4,0,0,0.01,0.0,0,0,0,0.8,0,0
,Madueke,35,CHE,6.8,0,4,0.09,0.86,0,2,0,0.6,0,0
,Mac Allister,35,LIV,6.3,1,0,0.06,0.0,1,1,0,1.2,0,0
,Maatsen,35,AVL,4.3,0,1,0.0,0.04,0,0,0,0.4,0,0
,Lukic,35,FUL,5.0,0,2,0.04,0.14,0,0,0,0.1,0,0
,Livramento,35,NEW,4.9,0,0,0.02,0.0,0,0,0,3.1,0,0
,Lewis-Skelly,35,ARS,5.2,0,0,0.03,0.0,0,1,0,1.7,0,0
,Lewis-Potter,35,BRE,4.9,0,0,0.01,0.0,0,1,0,0.3,0,0
,Lewis (Rico),35,MCI,4.9,0,0,0.01,0.0,0,0,0,1.7,0,0
,Lerma,35,CRY,4.9,0,0,0.02,0.0,0,0,0,0.1,0,0
,Leno,35,FUL,5.0,0,0,0.01,0.0,0,0,0,1.6,2,0
,Lavia,35,CHE,4.9,0,0,0.01,0.0,0,0,0,0.0,0,0
,Lamptey,35,BHA,4.4,0,0,0.18,0.0,0,0,0,0.1,0,0
,Lacroix,35,CRY,5.0,0,4,0.01,0.27,0,0,2,3.7,0,0
,Kulusevski,35,TOT,6.4,0,0,0.06,0.0,0,1,0,0.0,0,0
,Kudus,35,WHU,6.7,0,1,0.11,0.04,0,2,0,30.1,0,0
,Krafth,35,NEW,4.4,0,0,0.0,0.0,0,0,0,0.0,0,0
,Kovacic,35,MCI,5.9,0,3,0.06,0.06,0,1,0,0.0,0,0
,Konsa Ngoyo,35,AVL,4.4,0,0,0.01,0.0,0,0,0,8.6,0,0
,Kluivert,35,BOU,7.0,0,2,0.0,0.13,0,0,0,1.0,0,0
,Kiwior,35,ARS,5.4,0,0,0.0,0.0,0,0,0,0.1,0,0
,Kilman,35,WHU,4.3,0,1,0.0,0.02,0,0,0,0.2,0,0
,Kerkez,35,BOU,5.7,0,0,0.13,0.0,0,1,0,3.6,0,0
,Kayode,35,BRE,4.5,0,0,0.29,0.0,1,2,0,0.4,0,0
,Kamara,35,AVL,4.9,0,0,0.02,0.0,0,0,2,0.2,0,0
,Kamada,35,CRY,5.0,1,3,0.02,0.1,0,0,0,0.2,0,0
,Justin,35,LEI,4.0,0,0,0.01,0.0,0,0,0,0.2,0,0
,Jones,35,LIV,5.4,0,0,0.04,0.0,0,0,0,0.1,0,0
,Raúl Jiménez,35,FUL,6.2,0,1,0.06,0.02,0,3,0,0.8,0,0
,Jensen,35,BRE,4.9,0,0,0.26,0.0,0,0,0,0.1,0,0
,Jebbison,35,BOU,4.5,0,0,0.0,0.0,0,0,0,1.1,0,0
,James,35,CHE,5.5,1,0,0.0,0.0,0,0,0,7.9,0,0
,Jackson (Nicolas),35,CHE,6.5,0,2,0.01,0.12,0,0,0,0.1,0,0
,Iwobi,35,FUL,6.5,0,2,0.19,0.08,0,3,0,1.7,0,0
,Isak,35,NEW,10.4,0,2,0.04,0.91,0,3,0,5.1,0,0
,Iroegbunam,35,EVE,4.9,0,0,0.0,0.0,0,0,0,0.0,0,0
,Hwang Hee-Chan,35,WOL,5.8,0,0,0.0,0.0,0,0,0,0.1,0,0
,Hutchinson,35,IPS,5.4,1,1,0.12,0.04,0,2,0,0.0,0,0
,Huijsen,35,BOU,4.5,0,1,0.02,0.15,0,0,0,5.0,0,0
,Hughes,35,CRY,4.8,2,1,0.01,0.01,0,0,0,0.1,0,0
,Hirst,35,IPS,5.4,0,1,0.12,0.28,0,1,0,0.1,0,0
,Hinshelwood,35,BHA,5.1,0,0,0.01,0.0,0,0,0,0.0,0,0
,Henry,35,BRE,4.4,0,0,0.0,0.0,0,0,0,0.1,0,0
,Henderson,35,CRY,5.0,0,0,0.0,0.0,0,0,0,7.6,4,0
,Harwood-Bellis,35,SOU,3.9,0,1,0.01,0.04,0,0,0,4.1,0,0
,Harrison (Jack),35,EVE,5.2,0,0,0.04,0.0,0,0,0,0.1,0,0
,Gómez (Diego),35,BHA,4.9,0,1,0.0,0.28,0,0,0,0.1,0,0
,Gvardiol,35,MCI,5.9,0,0,0.04,0.0,0,0,0,5.4,0,0
,Gusto,35,CHE,4.9,0,0,0.01,0.0,0,1,0,1.0,0,0
,Gundogan,35,MCI,6.3,0,0,0.15,0.0,0,1,0,0.1,0,0
,Bruno Guimarães,35,NEW,6.6,1,1,0.09,0.07,0,2,0,3.7,0,0
,Gueye,35,EVE,5.4,0,0,0.03,0.0,0,0,0,0.1,0,0
,Marc Guehi,35,CRY,5.0,0,1,0.55,0.11,0,3,0,34.1,0,0
,Gruda,35,BHA,5.4,0,0,0.21,0.0,0,1,0,0.1,0,0
,Greaves,35,IPS,3.8,0,0,0.01,0.0,0,0,2,2.3,0,0
,Gray (Archie),35,TOT,4.8,0,0,0.01,0.0,0,0,0,0.1,0,0
,Gordon (Anthony),35,NEW,7.5,0,1,0.03,0.04,0,0,0,3.1,0,0
,González (Nico),35,MCI,5.9,0,0,0.0,0.0,0,0,0,0.1,0,0
,João Gomes,35,WOL,5.4,0,0,0.01,0.0,0,1,2,0.1,0,0
,Beto,35,EVE,5.2,0,5,0.02,0.45,0,0,0,3.3,0,0
,Rodrigo Gomes,35,WOL,4.5,0,0,0.0,0.0,0,0,0,0.1,0,0
,Toti,35,WOL,4.3,0,0,0.0,0.0,0,0,0,0.1,0,0
,Golding,35,LEI,4.4,0,0,0.0,0.0,0,0,0,0.2,0,0
,Gibbs-White,35,NFO,7.3,0,0,0.03,0.0,0,2,0,2.9,0,0
,Rúben Dias,35,MCI,5.5,0,1,0.01,0.02,0,0,0,4.5,0,0
,Garner,35,EVE,5.0,0,0,0.09,0.0,0,1,0,0.9,0,0
,Garnacho,35,MUN,6.4,1,2,0.39,0.15,1,5,0,0.4,0,1
,Gonçalo Guedes,35,WOL,5.5,0,0,0.01,0.0,0,0,0,0.0,0,0
,Gakpo,35,LIV,7.6,0,1,0.25,0.06,0,0,0,14.1,0,0
,Füllkrug,35,WHU,5.6,0,1,0.04,0.07,0,0,0,0.7,0,0
,Fredricson,35,MUN,3.9,0,0,0.0,0.0,0,0,0,0.1,0,0
,Foden,35,MCI,8.0,0,0,0.0,0.0,0,0,0,4.3,0,0
,Flekken,35,BRE,4.5,0,0,0.0,0.0,0,0,0,10.0,2,0
,Fernández,35,CHE,6.7,2,2,0.06,0.65,0,2,2,14.3,0,0
,Ferguson,35,WHU,5.5,0,0,0.0,0.0,0,0,0,0.0,0,0
,Faes,35,LEI,3.8,0,0,0.0,0.0,0,0,0,5.2,0,0
,Eze,35,CRY,7.6,1,3,0.07,0.9,0,1,0,14.2,0,0
,Evans (Jake),35,LEI,4.5,0,0,0.0,0.0,0,0,0,0.0,0,0
,Estupiñán,35,BHA,4.5,0,1,0.02,0.14,0,0,0,0.0,0,0
,Mateus Fernandes,35,SOU,5.5,1,1,0.08,0.04,0,1,0,0.0,0,0
,Eriksen,35,MUN,5.2,2,2,0.1,0.07,0,4,0,0.2,0,0
,Endo,35,LIV,4.9,0,0,0.04,0.0,0,1,0,0.1,0,0
,Enciso,35,IPS,5.4,2,6,0.02,0.33,0,1,0,0.0,0,1
,Elliott,35,LIV,5.4,0,2,0.04,0.1,0,0,0,0.3,0,0
,Elanga,35,NFO,6.7,3,2,0.08,0.18,0,1,0,3.7,0,0
,El Khannouss,35,LEI,4.8,2,5,0.11,0.28,1,5,0,0.2,0,0
,Dunk,35,BHA,4.5,0,0,0.01,0.0,0,0,0,1.2,0,0
,Downes,35,SOU,4.7,0,0,0.15,0.0,0,0,0,0.0,0,0
,Dorgu,35,MUN,4.3,0,0,0.01,0.0,0,0,0,3.1,0,0
,Nicolás Domínguez,35,NFO,5.0,0,0,0.15,0.0,0,0,0,0.0,0,0
,Doku,35,MCI,6.5,0,0,0.15,0.0,1,3,0,5.0,0,0
,Doherty,35,WOL,4.4,0,0,0.0,0.0,0,0,0,0.1,0,0
,Digne,35,AVL,4.5,0,0,0.0,0.0,0,0,0,1.6,0,0
,Dibling,35,SOU,5.4,0,0,0.01,0.0,0,0,0,0.0,0,0
,Delap,35,IPS,6.2,0,2,0.04,0.17,0,1,0,0.9,0,0
,De Bruyne,35,MCI,9.5,2,1,0.09,0.38,0,0,0,11.6,0,0
,Davies (Ben),35,TOT,4.3,0,0,0.0,0.0,0,0,0,0.1,0,0
,Danso,35,TOT,4.3,0,0,0.0,0.0,0,0,2,0.2,0,0
,Damsgaard,35,BRE,5.8,4,0,0.29,0.0,0,2,0,0.6,0,0
,Daka,35,LEI,4.8,0,0,0.0,0.0,0,0,0,0.5,0,0
,Cucurella,35,CHE,6.1,0,0,0.11,0.0,0,1,2,21.8,0,0
,Cresswell,35,WHU,3.9,1,0,0.1,0.0,0,0,0,1.7,0,0
,Coufal,35,WHU,4.1,0,0,0.0,0.0,0,0,0,0.4,0,0
,Cook,35,BOU,4.9,0,0,0.05,0.0,0,1,0,0.0,0,0
,Colwill,35,CHE,4.8,0,0,0.0,0.0,0,0,0,0.1,0,0
,Collins,35,BRE,4.9,0,0,0.01,0.0,0,0,0,1.1,0,0
,Coady,35,LEI,4.0,0,0,0.0,0.0,0,0,0,0.5,0,0
,Clarke (Jack),35,IPS,5.4,0,0,0.0,0.0,0,0,0,0.0,0,0
,Chiesa,35,LIV,6.4,0,0,0.0,0.0,0,0,0,0.3,0,0
,Chaplin,35,IPS,5.1,0,0,0.01,0.0,0,2,0,0.1,0,0
,Chalobah,35,CHE,5.1,0,0,0.0,0.0,0,0,2,7.6,0,0
,Castagne,35,FUL,4.4,0,0,0.0,0.0,0,0,0,0.1,0,0
,Cash,35,AVL,4.6,0,0,0.02,0.0,0,1,0,5.2,0,0
,Calvert-Lewin,35,EVE,5.5,0,1,0.0,0.05,0,0,0,1.4,0,0
,Cajuste,35,IPS,4.5,0,0,0.01,0.0,0,0,0,0.1,0,0
,Moises Caicedo,35,CHE,6.0,0,0,0.02,0.0,0,1,2,19.9,0,0
,Burn,35,NEW,5.2,0,0,0.0,0.0,0,0,2,10.7,0,0
,Burgess,35,IPS,3.8,0,0,0.0,0.0,0,1,2,1.8,0,0
,Bueno (Santiago),35,WOL,4.4,0,0,0.0,0.0,0,0,0,0.1,0,0
,Brooks,35,BOU,5.0,0,0,0.0,0.0,0,0,0,0.2,0,0
,Branthwaite,35,EVE,5.3,0,0,0.15,0.0,0,1,0,0.2,0,0
,Bradley,35,LIV,5.0,0,0,0.01,0.0,0,0,0,0.2,0,0
,Bowen,35,WHU,7.7,0,3,0.05,0.53,0,0,0,7.6,0,0
,Botman,35,NEW,4.9,0,0,0.0,0.0,0,0,0,0.7,0,0
,Willian,35,FUL,5.0,0,0,0.01,0.0,0,0,0,0.0,0,0
,Bissouma,35,TOT,5.2,0,1,0.0,0.04,0,0,2,0.0,0,0
,Berge,35,FUL,4.9,0,0,0.01,0.0,0,0,0,0.1,0,0
,Bellegarde,35,WOL,5.2,0,0,0.06,0.0,0,1,0,0.0,0,0
,Bednarek,35,SOU,4.0,0,0,0.0,0.0,0,0,0,1.9,0,0
,Bayindir,35,MUN,4.8,0,0,0.0,0.0,0,0,0,0.4,3,0
,Bassey,35,FUL,4.5,0,0,0.07,0.0,0,1,0,0.6,0,0
,Barnes,35,NEW,6.3,0,3,0.22,0.26,0,2,0,0.4,0,0
,Barkley,35,AVL,4.8,0,0,0.0,0.0,0,0,0,0.0,0,0
,Baleba,35,BHA,4.7,0,1,0.02,0.02,0,0,0,2.1,0,0
,Ayew,35,LEI,5.1,3,2,0.07,0.12,0,1,0,0.2,0,0
,Ayari,35,BHA,4.9,0,0,0.01,0.0,0,0,0,0.3,0,0
,Asensio,35,AVL,6.0,1,0,0.11,0.0,0,1,0,2.4,0,0
,Kepa,35,BOU,4.2,0,0,0.0,0.0,0,0,0,0.5,3,0
,Areola,35,WHU,4.3,0,0,0.0,0.0,0,0,0,2.1,1,0
,Archer,35,SOU,4.8,0,0,0.0,0.0,0,0,0,1.1,0,0
,Araujo,35,BOU,3.9,0,0,0.0,0.0,0,0,0,0.7,0,0
,Anderson,35,NFO,5.3,1,2,0.05,0.15,0,0,2,3.0,0,0
,Andersen,35,FUL,4.5,0,1,0.01,0.06,0,0,0,2.8,0,0
,Amass,35,MUN,4.0,0,1,0.01,0.02,0,0,0,0.1,0,0
,Alexander-Arnold,35,LIV,7.2,1,1,0.24,0.04,0,0,0,16.7,0,0
,Alcaraz,35,EVE,5.2,0,0,0.13,0.0,1,1,0,0.1,0,0
,Akanji,35,MCI,5.4,0,0,0.01,0.0,0,0,0,0.3,0,0
,Ajer,35,BRE,4.4,0,0,0.0,0.0,0,0,0,0.2,0,0
,Ait Nouri,35,WOL,5.8,2,2,0.01,0.22,0,0,0,4.9,0,0
,Aina,35,NFO,4.7,0,1,0.06,0.02,0,2,0,2.5,0,0
,Agbadou,35,WOL,4.3,0,0,0.01,0.0,0,0,0,0.2,0,0
,Adingra,35,BHA,5.1,0,0,0.03,0.0,0,0,0,0.5,0,0
,Adams (Tyler),35,BOU,5.0,0,0,0.02,0.0,0,1,0,0.4,0,0
,Álvarez (Edson),36,WHU,4.9,0,0,0.0,0.0,0,0,0,0.1,0,0
,van den Berg,36,BRE,4.5,0,1,0.01,0.11,0,0,0,0.6,0,0
,van Hecke,36,BHA,4.4,0,0,0.0,0.0,0,0,0,1.3,0,0
,van Dijk,36,LIV,6.0,0,0,0.03,0.0,0,0,0,23.6,0,0
,Evanilson,36,BOU,7.0,0,2,0.01,0.12,0,0,0,1.4,0,0
,André,36,WOL,5.4,0,0,0.02,0.0,0,1,2,0.1,0,0
,Zinchenko,36,ARS,4.9,0,0,0.0,0.0,0,0,0,0.2,0,0
,Zabarnyi,36,BOU,5.0,0,1,0.05,0.03,0,0,2,0.0,0,0
,Young (Ashley),36,EVE,4.2,2,0,0.58,0.0,0,3,2,1.4,0,0
,Yoro,36,MUN,4.4,0,0,0.0,0.0,0,0,0,1.7,0,0
,Yates,36,NFO,4.7,0,1,0.01,0.02,0,1,0,0.1,0,0
,Yarmolyuk,36,BRE,5.0,0,0,0.02,0.0,0,0,0,0.1,0,0
,Wood (Chris),36,NFO,7.2,0,5,0.0,0.67,0,1,0,6.5,0,0
,Wissa,36,BRE,7.4,0,5,0.08,0.55,0,1,0,0.5,0,0
,Wilson (Callum),36,NEW,5.8,0,0,0.0,0.0,0,0,0,0.4,0,0
,Wilson (Harry),36,FUL,5.2,2,8,0.03,0.3,0,1,0,0.3,0,0
,Williams (Neco),36,NFO,4.7,0,0,0.03,0.0,0,1,0,3.5,0,0
,Wieffer,36,BHA,4.9,0,0,0.08,0.0,0,0,2,0.1,0,0
,White (Ben),36,ARS,5.3,0,1,0.01,0.05,0,1,0,0.4,0,0
,Welbeck,36,BHA,6.5,0,1,0.01,0.79,0,1,0,7.9,0,0
,Webster,36,BHA,4.4,0,0,0.01,0.0,0,0,0,0.0,0,0
,Watkins,36,AVL,8.5,0,1,0.02,0.36,0,0,0,6.6,0,0
,Ward-Prowse,36,WHU,5.7,2,2,0.13,0.46,0,2,0,0.2,0,0
,Wan-Bissaka,36,WHU,4.3,0,0,0.22,0.0,1,2,0,5.8,0,0
,Verbruggen,36,BHA,4.4,0,0,0.0,0.0,0,0,0,4.1,4,0
,Bernardo Silva,36,MCI,6.3,0,3,0.21,0.36,0,2,0,0.5,0,0
,Vardy,36,LEI,5.4,0,1,0.02,0.02,1,1,0,5.2,0,0
,Ugochukwu,36,SOU,5.0,0,0,0.0,0.0,0,0,0,0.1,0,0
,Ugarte,36,MUN,4.8,0,0,0.02,0.0,0,0,0,0.1,0,0
,Tuanzebe,36,IPS,3.9,0,0,0.01,0.0,0,0,0,1.8,0,0
,Trossard,36,ARS,6.9,0,2,0.37,0.3,1,2,0,0.5,0,0
,Traoré (Adama),36,FUL,5.2,0,0,0.03,0.0,0,1,0,0.2,0,0
,Amad Diallo,36,MUN,6.3,3,1,0.15,0.03,0,5,0,1.3,0,0
,Torres,36,AVL,4.3,0,0,0.0,0.0,0,0,0,0.3,0,0
,Tonali,36,NEW,5.4,1,1,0.17,0.67,0,2,0,1.3,0,0
,Todibo,36,WHU,4.3,0,0,0.0,0.0,0,0,0,0.1,0,0
,Tierney,36,ARS,4.3,0,0,0.0,0.0,0,0,0,0.1,0,0
,Thomas,36,LEI,3.9,0,0,0.17,0.0,0,1,0,1.4,0,0
,Tete,36,FUL,4.5,0,0,0.02,0.0,0,2,0,0.2,0,0
,Tel,36,TOT,6.3,2,0,0.07,0.0,0,2,2,0.1,0,0
,Diogo Jota,36,LIV,7.2,0,1,0.0,0.07,0,0,0,2.6,0,0
,Taylor (Jack),36,IPS,4.8,0,2,0.01,0.04,0,0,0,0.0,0,0
,Tavernier,36,BOU,5.5,4,1,0.09,0.01,0,1,0,1.6,0,0
,Szoboszlai,36,LIV,6.5,2,2,0.63,0.05,1,2,0,4.2,0,0
,Sulemana,36,SOU,5.0,0,1,0.01,0.03,0,0,0,0.0,0,0
,Strand Larsen,36,WOL,6.4,0,0,0.01,0.0,0,0,0,1.3,0,0
,Stolarczyk,36,LEI,4.0,0,0,0.0,0.0,0,0,0,0.5,2,0
,Stewart,36,SOU,4.4,0,0,0.0,0.0,0,0,0,1.7,0,0
,Stephens,36,SOU,4.0,0,0,0.0,0.0,0,0,0,0.3,0,0
,Spence,36,TOT,4.5,0,0,0.0,0.0,0,0,0,1.6,0,0
,Soumaré,36,LEI,4.4,0,0,0.01,0.0,0,0,0,0.3,0,0
,Soucek,36,WHU,5.7,0,1,0.0,0.59,0,0,2,0.2,0,0
,Son,36,TOT,8.5,0,1,0.01,0.18,0,0,0,0.1,0,0
,Soler (Carlos),36,WHU,5.0,0,0,0.01,0.0,0,0,0,0.0,0,0
,Smith-Rowe,36,FUL,5.6,0,0,0.19,0.0,1,3,0,0.4,0,0
,Smith,36,BOU,4.4,0,0,0.01,0.0,0,0,0,0.2,0,0
,Smallbone,36,SOU,5.0,0,0,0.0,0.0,0,0,0,0.0,0,0
,Skipp,36,LEI,4.7,0,0,0.0,0.0,0,0,0,0.0,0,0
,Shaw,36,MUN,4.5,0,0,0.01,0.0,0,0,0,0.5,0,0
,Sessegnon (Ryan),36,FUL,5.4,0,1,0.03,0.04,0,0,2,0.4,0,0
,Senesi,36,BOU,5.0,0,1,0.0,0.03,0,0,0,26.2,0,0
,Semenyo,36,BOU,8.1,0,2,0.07,0.13,0,1,0,64.4,0,0
,Semedo,36,WOL,4.5,0,0,0.19,0.0,0,2,0,0.6,0,0
,Sels,36,NFO,4.8,0,0,0.0,0.0,0,0,0,8.3,4,0
,Scott,36,BOU,5.0,0,1,0.11,0.03,0,1,0,0.3,0,0
,Schär,36,NEW,5.4,0,0,0.02,0.0,0,0,0,1.9,0,0
,Schade,36,BRE,7.0,0,2,0.07,0.32,0,2,0,0.7,0,0
,Ismaila Sarr,36,CRY,6.6,0,4,0.33,0.57,1,3,0,11.6,0,0
,Sarr (Pape),36,TOT,4.9,0,2,0.0,0.39,0,0,0,1.7,0,0
,Sarabia,36,WOL,5.0,0,0,0.01,0.0,0,0,0,0.1,0,0
,Matheus Cunha,36,WOL,7.9,7,2,0.16,0.11,0,2,0,4.4,0,0
,Welington,36,SOU,4.0,0,0,0.01,0.0,0,1,2,0.0,0,0
,Ederson,36,MCI,5.3,0,0,0.0,0.0,0,0,0,0.9,0,0
,Sangaré,36,NFO,4.9,0,0,0.02,0.0,0,1,2,0.1,0,0
,Sancho,36,MUN,5.8,1,0,0.04,0.0,0,1,0,0.2,0,0
,Sanchez,36,CHE,4.8,0,0,0.0,0.0,0,0,0,13.5,4,0
,Saliba,36,ARS,6.0,0,0,0.01,0.0,0,0,0,11.6,0,0
,Salah,36,LIV,14.2,0,0,0.39,0.0,0,2,0,24.9,0,0
,Saka,36,ARS,10.1,1,4,0.18,0.37,0,4,0,17.2,0,0
,Rogers,36,AVL,6.8,0,0,0.28,0.0,1,1,0,4.8,0,0
,Rodríguez,36,WHU,4.8,0,0,0.01,0.0,0,0,0,0.0,0,0
,Morato,36,NFO,4.4,0,0,0.01,0.0,0,0,0,0.1,0,0
,Robertson,36,LIV,5.8,0,2,0.27,0.17,1,2,0,0.9,0,0
,Richards (Chris),36,CRY,4.5,0,1,0.0,0.08,0,0,0,3.2,0,0
,Raya Martin,36,ARS,5.8,0,0,0.0,0.0,0,0,0,31.3,3,0
,Ramsey (Jacob),36,AVL,5.3,0,1,0.01,0.11,0,1,0,0.2,0,0
,Alisson,36,LIV,5.4,0,0,0.0,0.0,0,0,0,5.8,4,0
,Ramsdale,36,SOU,4.8,0,0,0.0,0.0,0,0,0,0.6,5,0
,Porro,36,TOT,5.5,2,2,0.32,0.07,0,2,0,18.4,0,0
,Pope,36,NEW,5.2,0,0,0.0,0.0,0,0,0,12.2,3,0
,Pickford,36,EVE,5.5,0,0,0.0,0.0,0,0,0,9.7,5,0
,Pereira,36,FUL,5.3,2,1,0.02,0.02,0,0,0,0.1,0,0
,Partey,36,ARS,4.9,0,0,0.23,0.0,0,1,2,0.7,0,0
,Emerson,36,WHU,4.4,0,0,0.0,0.0,0,0,0,0.1,0,0
,Palmer (Alex),36,IPS,4.5,0,0,0.0,0.0,0,0,0,0.1,4,0
,Palmer (Cole),36,CHE,10.3,0,3,0.04,0.23,0,1,0,9.2,0,0
,O’Riley,36,BHA,5.5,2,1,0.03,0.07,0,2,0,0.4,0,0
,O’Reilly,36,MCI,4.9,0,0,0.0,0.0,0,0,0,1.1,0,0
,Okoli,36,LEI,4.0,0,0,0.0,0.0,0,0,0,0.4,0,0
,Odobert,36,TOT,5.3,0,1,0.02,0.03,0,0,0,0.0,0,0
,Odegaard,36,ARS,7.8,0,3,0.16,0.16,0,2,0,1.4,0,0
,O'Shea,36,IPS,3.8,0,0,0.0,0.0,0,0,0,1.2,0,0
,Núñez,36,LIV,6.5,0,0,0.01,0.0,0,1,0,0.1,0,0
,Norgaard,36,BRE,5.2,0,0,0.03,0.0,0,0,0,0.1,0,0
,Eddie Nketiah,36,CRY,5.4,0,2,0.0,0.33,0,0,0,0.4,0,0
,Lindelof,36,MUN,4.5,0,0,0.01,0.0,0,0,0,0.0,0,0
,Neto,36,CHE,7.1,3,2,0.06,0.2,0,0,0,5.9,0,0
,Ndidi,36,LEI,4.9,0,0,0.0,0.0,0,1,2,0.2,0,0
,Ndiaye,36,EVE,6.5,0,0,0.0,0.0,0,0,0,11.1,0,0
,Thiago,36,BRE,6.2,0,0,0.0,0.0,0,0,0,8.2,0,0
,Mykolenko,36,EVE,4.9,0,1,0.01,0.03,0,0,0,0.4,0,1
,Mvom Onana,36,AVL,4.8,0,0,0.02,0.0,0,0,2,0.6,0,0
,Muñoz,36,CRY,5.7,0,3,0.34,0.21,1,3,0,15.3,0,0
,Murphy (Jacob),36,NEW,6.1,0,1,0.82,0.03,1,3,0,1.1,0,0
,Munetsi,36,WOL,5.4,0,4,0.01,0.19,0,1,0,0.1,0,0
,Mount,36,MUN,5.9,0,1,0.2,0.06,0,2,0,0.3,0,0
,Morsy,36,IPS,4.8,0,1,0.02,0.07,0,2,2,0.1,0,0
,Savinho,36,MCI,6.9,2,1,0.06,0.15,0,2,0,0.5,0,0
,Moore (Mikey),36,TOT,5.0,0,0,0.01,0.0,0,0,0,0.0,0,0
,Monga,36,LEI,4.5,0,2,0.0,0.14,0,0,0,0.0,0,0
,Mitoma,36,BHA,6.2,0,0,0.0,0.0,0,0,0,2.3,0,0
,Mitchell,36,CRY,5.0,0,1,0.05,0.08,0,2,0,2.2,0,0
,Minteh,36,BHA,6.0,0,1,0.04,0.02,0,2,0,4.4,0,0
,Mings,36,AVL,4.4,0,0,0.03,0.0,0,0,0,0.9,0,0
,Miley (Lewis),36,NEW,4.4,0,0,0.01,0.0,0,0,0,2.1,0,0
,Milenkovic,36,NFO,5.2,0,0,0.0,0.0,0,0,0,4.0,0,0
,Merino,36,ARS,5.9,0,3,0.02,1.26,0,1,0,0.5,0,0
,Mcatee,36,MCI,5.2,0,0,0.17,0.0,0,1,0,0.1,0,0
,McNeil,36,EVE,5.6,1,0,0.07,0.0,1,1,0,0.1,0,0
,McGinn,36,AVL,5.4,0,0,0.01,0.0,0,0,0,0.6,0,0
,McAteer,36,LEI,4.7,0,1,0.01,0.18,0,1,0,0.0,0,0
,Mbeumo,36,BRE,8.3,4,4,0.23,0.18,1,1,0,28.5,0,0
,Mazraoui,36,MUN,4.9,0,0,0.03,0.0,0,0,2,0.2,0,0
,Mavropanos,36,WHU,4.4,0,0,0.0,0.0,0,0,0,0.1,0,0
,Mateta,36,CRY,7.9,0,4,0.02,0.48,0,2,0,23.0,0,0
,Martinez,36,AVL,5.0,0,0,0.01,0.0,0,0,0,2.0,4,0
,Martinelli,36,ARS,6.9,0,2,0.03,0.45,0,0,0,1.0,0,0
,Omar Marmoush,36,MCI,8.3,0,2,0.0,0.13,0,0,0,2.6,0,0
,Mané,36,WOL,4.5,0,0,0.0,0.0,0,0,0,0.1,0,0
,Manning,36,SOU,4.3,0,0,0.0,0.0,0,0,0,0.1,0,0
,José Sá,36,WOL,4.4,0,0,0.0,0.0,0,0,0,1.2,0,0
,Mainoo,36,MUN,4.8,0,2,0.09,0.13,0,0,0,0.5,0,0
,Maguire,36,MUN,4.4,0,3,0.01,0.36,0,1,0,0.8,0,0
,Madueke,36,CHE,6.8,0,0,0.15,0.0,0,1,0,0.6,0,0
,Mac Allister,36,LIV,6.3,1,0,0.03,0.0,0,1,0,1.2,0,0
,Maatsen,36,AVL,4.3,0,0,0.0,0.0,0,0,0,0.4,0,0
,Longstaff (Sean),36,NEW,4.9,0,0,0.0,0.0,0,0,0,1.1,0,0
,Livramento,36,NEW,4.9,0,0,0.34,0.0,0,3,0,3.1,0,0
,Lewis-Skelly,36,ARS,5.2,0,0,0.02,0.0,0,0,0,1.7,0,0
,Lewis-Potter,36,BRE,4.9,0,0,0.21,0.0,0,2,0,0.3,0,0
,Lewis (Rico),36,MCI,4.9,0,0,0.06,0.0,0,0,0,1.7,0,0
,Lerma,36,CRY,4.9,0,2,0.13,0.09,0,1,0,0.1,0,0
,Leno,36,FUL,5.0,0,0,0.0,0.0,0,0,0,1.6,4,0
,Lavia,36,CHE,4.9,0,0,0.04,0.0,0,0,0,0.0,0,0
,Lamptey,36,BHA,4.4,0,0,0.09,0.0,0,0,0,0.1,0,0
,Lacroix,36,CRY,5.0,0,1,0.13,0.3,0,1,0,3.7,0,0
,Kulusevski,36,TOT,6.4,0,1,0.0,0.04,0,0,0,0.0,0,0
,Kudus,36,WHU,6.7,0,3,0.02,0.12,1,1,0,30.1,0,0
,Kristiansen,36,LEI,4.4,0,0,0.0,0.0,0,0,0,0.1,0,0
,Krafth,36,NEW,4.4,0,0,0.01,0.0,0,0,0,0.0,0,0
,Kovacic,36,MCI,5.9,0,3,0.11,0.11,0,2,0,0.0,0,0
,Konsa Ngoyo,36,AVL,4.4,0,0,0.0,0.0,0,0,0,8.6,0,0
,Konaté,36,LIV,5.4,0,1,0.0,0.05,0,0,0,2.7,0,0
,Konak,36,BRE,4.4,0,0,0.0,0.0,0,0,0,0.2,0,0
,Kluivert,36,BOU,7.0,2,0,0.03,0.0,0,0,0,1.0,0,0
,Kiwior,36,ARS,5.4,0,0,0.01,0.0,0,0,0,0.1,0,0
,Kinsky,36,TOT,3.9,0,0,0.0,0.0,0,0,0,2.0,8,0
,King (Joshua),36,FUL,4.5,0,1,0.01,0.05,0,0,0,4.0,0,0
,Kilman,36,WHU,4.3,0,1,0.0,0.2,0,0,2,0.2,0,0
,Kerkez,36,BOU,5.7,0,1,0.03,0.03,0,1,0,3.6,0,0
,Keane,36,EVE,4.5,0,2,0.0,0.18,0,0,2,1.1,0,0
,Kayode,36,BRE,4.5,0,1,0.2,0.13,0,2,0,0.4,0,0
,Kamara,36,AVL,4.9,0,2,0.01,0.41,0,0,0,0.2,0,0
,Kamada,36,CRY,5.0,0,0,0.18,0.0,0,1,0,0.2,0,0
,Justin,36,LEI,4.0,0,1,0.02,0.01,0,0,0,0.2,0,0
,Jones,36,LIV,5.4,0,1,0.03,0.1,0,1,0,0.1,0,0
,Johnson (Ben),36,IPS,3.8,0,0,0.0,0.0,0,0,0,1.9,0,0
,Raúl Jiménez,36,FUL,6.2,0,2,0.06,0.2,0,3,0,0.8,0,0
,Jensen,36,BRE,4.9,0,0,0.0,0.0,0,0,0,0.1,0,0
,Jebbison,36,BOU,4.5,0,1,0.0,0.46,0,0,0,1.1,0,0
,James,36,CHE,5.5,1,1,0.02,0.11,0,0,0,7.9,0,0
,Jackson (Nicolas),36,CHE,6.5,0,0,0.0,0.0,0,0,0,0.1,0,0
,Iwobi,36,FUL,6.5,0,3,0.19,0.09,0,3,0,1.7,0,0
,Isak,36,NEW,10.4,0,4,0.03,0.32,0,0,0,5.1,0,0
,Iroegbunam,36,EVE,4.9,0,0,0.0,0.0,0,0,0,0.0,0,0
,Højlund,36,MUN,6.3,0,6,0.01,1.31,0,0,0,0.3,0,0
,Hutchinson,36,IPS,5.4,2,1,0.42,0.03,0,3,0,0.0,0,0
,Huijsen,36,BOU,4.5,0,0,0.02,0.0,0,0,2,5.0,0,0
,Hughes,36,CRY,4.8,3,1,0.28,0.03,0,3,0,0.1,0,0
,Hirst,36,IPS,5.4,0,2,0.0,0.32,0,0,0,0.1,0,0
,Hinshelwood,36,BHA,5.1,0,0,0.0,0.0,0,0,0,0.0,0,0
,Henderson,36,CRY,5.0,0,0,0.0,0.0,0,0,0,7.6,1,0
,Harwood-Bellis,36,SOU,3.9,0,0,0.01,0.0,0,0,0,4.1,0,0
,Harrison (Jack),36,EVE,5.2,2,1,0.03,0.16,0,1,0,0.1,0,0
,Haaland,36,MCI,14.8,0,1,0.21,0.05,0,2,0,69.7,0,0
,Gómez (Diego),36,BHA,4.9,0,0,0.16,0.0,0,0,0,0.1,0,0
,Gvardiol,36,MCI,5.9,0,2,0.08,0.07,0,0,0,5.4,0,0
,Gusto,36,CHE,4.9,0,0,0.09,0.0,0,1,0,1.0,0,0
,Bruno Guimarães,36,NEW,6.6,0,3,0.07,0.1,0,1,0,3.7,0,1
,Gueye,36,EVE,5.4,0,0,0.01,0.0,0,0,0,0.1,0,0
,Marc Guehi,36,CRY,5.0,0,0,0.14,0.0,0,1,2,34.1,0,0
,Gruda,36,BHA,5.4,2,2,0.01,0.6,0,0,0,0.1,0,0
,Greaves,36,IPS,3.8,0,1,0.02,0.04,0,2,0,2.3,0,0
,Gray (Archie),36,TOT,4.8,0,0,0.01,0.0,0,0,0,0.1,0,0
,Gravenberch,36,LIV,5.6,0,1,0.01,0.08,0,0,0,4.0,0,0
,Gordon (Anthony),36,NEW,7.5,0,0,0.02,0.0,0,0,0,3.1,0,0
,João Gomes,36,WOL,5.4,0,0,0.02,0.0,0,0,0,0.1,0,0
,Beto,36,EVE,5.2,0,3,0.05,0.46,0,1,0,3.3,0,1
,Rodrigo Gomes,36,WOL,4.5,0,0,0.0,0.0,0,0,0,0.1,0,0
,Toti,36,WOL,4.3,0,0,0.03,0.0,0,0,2,0.1,0,0
,Godo,36,FUL,4.5,0,0,0.07,0.0,0,1,0,0.0,0,0
,Gibbs-White,36,NFO,7.3,0,5,0.13,0.44,1,2,0,2.9,0,0
,Rúben Dias,36,MCI,5.5,0,3,0.16,0.09,0,0,0,4.5,0,0
,Garner,36,EVE,5.0,0,0,0.03,0.0,0,0,0,0.9,0,0
,Garnacho,36,MUN,6.4,0,1,0.03,0.12,0,2,0,0.4,0,0
,Gonçalo Guedes,36,WOL,5.5,0,2,0.01,0.52,0,0,0,0.0,0,0
,Gakpo,36,LIV,7.6,0,2,0.01,0.47,0,1,0,14.1,0,0
,Füllkrug,36,WHU,5.6,0,0,0.0,0.0,0,0,0,0.7,0,0
,Foden,36,MCI,8.0,3,2,0.2,0.04,0,1,0,4.3,0,0
,Flekken,36,BRE,4.5,0,0,0.0,0.0,0,0,0,10.0,4,0
,Jota Silva,36,NFO,5.4,0,0,0.0,0.0,0,0,0,0.0,0,0
,Fernández,36,CHE,6.7,3,1,0.1,0.02,0,3,0,14.3,0,0
,Faes,36,LEI,3.8,0,1,0.0,0.17,0,0,2,5.2,0,0
,Eze,36,CRY,7.6,5,4,0.2,1.19,0,1,0,14.2,0,0
,Estupiñán,36,BHA,4.5,0,0,0.02,0.0,0,0,2,0.0,0,0
,Esse,36,CRY,4.7,0,0,0.03,0.0,0,0,0,0.1,0,0
,Mateus Fernandes,36,SOU,5.5,1,1,0.12,0.07,0,0,2,0.0,0,0
,Eriksen,36,MUN,5.2,1,1,0.31,0.07,0,1,0,0.2,0,0
,Enciso,36,IPS,5.4,3,2,0.02,0.03,0,1,0,0.0,0,0
,Elliott,36,LIV,5.4,0,1,0.02,0.03,0,0,0,0.3,0,0
,Elanga,36,NFO,6.7,4,1,0.33,0.02,1,3,0,3.7,0,0
,El Khannouss,36,LEI,4.8,2,1,0.24,0.1,0,2,0,0.2,0,0
,Díaz,36,LIV,8.0,0,2,0.04,1.29,0,1,0,0.0,0,0
,Downes,36,SOU,4.7,0,0,0.0,0.0,0,0,2,0.0,0,0
,Doucouré,36,EVE,5.1,0,0,0.02,0.0,0,1,0,0.5,0,0
,Dorgu,36,MUN,4.3,1,0,0.03,0.0,0,1,0,3.1,0,0
,Nicolás Domínguez,36,NFO,5.0,0,2,0.04,0.1,0,0,0,0.0,0,0
,Doku,36,MCI,6.5,0,0,0.2,0.0,0,3,0,5.0,0,0
,Doherty,36,WOL,4.4,0,0,0.02,0.0,0,0,0,0.1,0,0
,Digne,36,AVL,4.5,0,0,0.13,0.0,0,1,0,1.6,0,0
,Dibling,36,SOU,5.4,0,0,0.01,0.0,0,0,0,0.0,0,0
,Devenny,36,CRY,4.4,0,0,0.0,0.0,0,0,0,1.1,0,0
,Delap,36,IPS,6.2,0,1,0.0,0.03,0,0,0,0.9,0,0
,De Bruyne,36,MCI,9.5,10,5,0.81,0.37,0,4,0,11.6,0,0
,Davies (Ben),36,TOT,4.3,0,0,0.0,0.0,0,0,2,0.1,0,0
,Danso,36,TOT,4.3,0,1,0.0,0.02,0,0,0,0.2,0,0
,Damsgaard,36,BRE,5.8,2,2,0.05,0.12,0,2,0,0.6,0,0
,Cucurella,36,CHE,6.1,0,1,0.02,0.04,0,0,0,21.8,0,0
,Cresswell,36,WHU,3.9,3,0,0.18,0.0,0,1,0,1.7,0,0
,Coufal,36,WHU,4.1,0,1,0.02,0.06,0,0,0,0.4,0,0
,Cook,36,BOU,4.9,4,0,0.03,0.0,0,0,0,0.0,0,0
,Colwill,36,CHE,4.8,0,0,0.0,0.0,0,0,0,0.1,0,0
,Collins,36,BRE,4.9,0,0,0.01,0.0,0,0,0,1.1,0,0
,Coleman,36,EVE,4.3,0,0,0.0,0.0,0,0,0,0.1,0,0
,Coady,36,LEI,4.0,0,1,0.0,0.32,0,0,0,0.5,0,0
,Clarke (Jack),36,IPS,5.4,0,0,0.02,0.0,0,2,0,0.0,0,0
,Chilwell,36,CRY,4.6,0,0,0.48,0.0,0,1,0,0.5,0,0
,Chaplin,36,IPS,5.1,0,0,0.01,0.0,0,0,0,0.1,0,0
,Chalobah,36,CHE,5.1,0,1,0.01,0.05,0,0,0,7.6,0,0
,Cash,36,AVL,4.6,0,1,0.0,0.04,0,0,0,5.2,0,0
,Calvert-Lewin,36,EVE,5.5,0,1,0.0,0.1,0,0,0,1.4,0,0
,Calafiori,36,ARS,5.8,0,0,0.0,0.0,0,0,0,16.0,0,0
,Cajuste,36,IPS,4.5,0,0,0.0,0.0,0,0,0,0.1,0,0
,Cairney,36,FUL,4.9,0,1,0.04,0.05,0,0,0,0.0,0,0
,Moises Caicedo,36,CHE,6.0,0,1,0.03,0.03,0,1,2,19.9,0,0
,Burn,36,NEW,5.2,0,2,0.01,0.08,0,1,0,10.7,0,0
,Burgess,36,IPS,3.8,0,1,0.0,0.36,0,0,2,1.8,0,0
,Buonanotte,36,LEI,4.7,1,2,0.01,0.14,0,1,0,0.1,0,1
,Brooks,36,BOU,5.0,0,0,0.14,0.0,0,2,0,0.2,0,0
,Bree,36,SOU,3.9,0,0,0.03,0.0,0,0,0,0.3,0,0
,Branthwaite,36,EVE,5.3,0,1,0.01,0.07,0,0,2,0.2,0,0
,Bradley,36,LIV,5.0,0,0,0.0,0.0,0,0,0,0.2,0,0
,Bowen,36,WHU,7.7,0,1,0.01,0.32,0,0,0,7.6,0,0
,Botman,36,NEW,4.9,0,0,0.03,0.0,0,1,0,0.7,0,0
,Bruno Fernandes,36,MUN,8.9,3,4,0.42,0.13,0,4,0,16.3,0,0
,Willian,36,FUL,5.0,1,0,0.07,0.0,0,2,0,0.0,0,0
,Bissouma,36,TOT,5.2,0,0,0.0,0.0,0,0,0,0.0,0,0
,Berge,36,FUL,4.9,0,0,0.02,0.0,0,1,0,0.1,0,0
,Bentancur,36,TOT,5.3,0,0,0.0,0.0,0,0,0,0.4,0,0
,Bellegarde,36,WOL,5.2,0,1,0.0,0.08,0,0,0,0.0,0,0
,Bednarek,36,SOU,4.0,0,0,0.0,0.0,0,0,2,1.9,0,0
,Bayindir,36,MUN,4.8,0,0,0.0,0.0,0,0,0,0.4,2,0
,Bassey,36,FUL,4.5,0,0,0.02,0.0,0,0,0,0.6,0,0
,Barnes,36,NEW,6.3,1,4,0.14,0.37,0,2,0,0.4,0,0
,Baleba,36,BHA,4.7,0,0,0.01,0.0,0,0,2,2.1,0,0
,Ayew,36,LEI,5.1,1,0,0.04,0.0,0,1,0,0.2,0,0
,Ayari,36,BHA,4.9,0,1,0.01,0.03,0,0,0,0.3,0,0
,Awoniyi,36,NFO,5.2,0,0,0.0,0.0,0,0,0,0.4,0,0
,Asensio,36,AVL,6.0,0,1,0.03,0.08,0,0,0,2.4,0,0
,Kepa,36,BOU,4.2,0,0,0.0,0.0,0,0,0,0.5,2,0
,Aribo,36,SOU,4.9,0,0,0.01,0.0,0,0,0,0.1,0,0
,Areola,36,WHU,4.3,0,0,0.0,0.0,0,0,0,2.1,5,0
,Archer,36,SOU,4.8,0,0,0.11,0.0,0,1,0,1.1,0,0
,Araujo,36,BOU,3.9,0,0,0.0,0.0,0,0,0,0.7,0,0
,Anderson,36,NFO,5.3,0,1,0.02,0.06,0,1,0,3.0,0,0
,Andersen,36,FUL,4.5,0,1,0.02,0.02,0,0,2,2.8,0,0
,Amass,36,MUN,4.0,0,1,0.02,0.02,0,0,0,0.1,0,0
,Alexander-Arnold,36,LIV,7.2,0,1,0.09,0.06,0,0,0,16.7,0,0
,Alcaraz,36,EVE,5.2,0,2,0.03,0.12,0,2,0,0.1,0,0
,Akanji,36,MCI,5.4,0,4,0.18,0.46,0,0,0,0.3,0,0
,Ait Nouri,36,WOL,5.8,0,1,0.04,0.02,0,2,0,4.9,0,0
,Aina,36,NFO,4.7,0,0,0.03,0.0,0,0,0,2.5,0,0
,Agbadou,36,WOL,4.3,0,0,0.01,0.0,0,0,0,0.2,0,0
,Adingra,36,BHA,5.1,0,1,0.01,0.06,1,1,0,0.5,0,0
,Adams (Tyler),36,BOU,5.0,0,0,0.02,0.0,0,1,0,0.4,0,0
,Álvarez (Edson),37,WHU,4.9,0,0,0.01,0.0,0,1,0,0.1,0,0
,van den Berg,37,BRE,4.5,0,2,0.0,0.1,0,1,0,0.6,0,0
,van Hecke,37,BHA,4.4,0,0,0.01,0.0,0,2,0,1.3,0,0
,Danilo,37,NFO,4.7,0,0,0.0,0.0,0,0,0,0.0,0,0
,Evanilson,37,BOU,7.0,0,2,0.03,0.43,0,2,0,1.4,0,0
,Richarlison,37,TOT,6.5,0,0,0.0,0.0,0,0,0,8.5,0,0
,André,37,WOL,5.4,0,0,0.01,0.0,0,0,0,0.1,0,0
,Zabarnyi,37,BOU,5.0,0,0,0.01,0.0,0,0,0,0.0,0,0
,Young (Ashley),37,EVE,4.2,0,0,0.35,0.0,0,2,0,1.4,0,0
,Yates,37,NFO,4.7,1,0,0.0,0.0,0,0,0,0.1,0,0
,Yarmolyuk,37,BRE,5.0,0,0,0.16,0.0,0,0,2,0.1,0,0
,Wood (Chris),37,NFO,7.2,0,2,0.12,0.21,0,2,0,6.5,0,0
,Wood (Nathan),37,SOU,3.9,0,0,0.0,0.0,0,0,0,1.0,0,0
,Wissa,37,BRE,7.4,0,2,0.06,1.25,0,1,0,0.5,0,0
,Wilson (Callum),37,NEW,5.8,0,0,0.03,0.0,0,2,0,0.4,0,0
,Wilson (Harry),37,FUL,5.2,0,1,0.03,0.01,0,0,0,0.3,0,1
,Willock,37,NEW,5.0,0,1,0.0,0.05,0,1,0,0.1,0,0
,Williams (Neco),37,NFO,4.7,0,0,0.14,0.0,0,1,2,3.5,0,0
,Wieffer,37,BHA,4.9,0,0,0.02,0.0,0,1,2,0.1,0,0
,White (Ben),37,ARS,5.3,0,1,0.02,0.02,0,0,0,0.4,0,0
,Welbeck,37,BHA,6.5,0,6,0.08,0.66,0,3,0,7.9,0,0
,Webster,37,BHA,4.4,0,0,0.02,0.0,0,0,0,0.0,0,0
,Watkins,37,AVL,8.5,0,3,0.37,0.22,1,1,0,6.6,0,0
,Ward-Prowse,37,WHU,5.7,4,0,0.15,0.0,0,1,0,0.2,0,0
,Ward (Joel),37,CRY,4.3,0,0,0.01,0.0,0,1,0,0.1,0,0
,Wan-Bissaka,37,WHU,4.3,0,0,0.02,0.0,0,0,2,5.8,0,0
,Verbruggen,37,BHA,4.4,0,0,0.0,0.0,0,0,0,4.1,3,0
,Bernardo Silva,37,MCI,6.3,0,1,0.28,0.3,0,1,0,0.5,0,0
,Vardy,37,LEI,5.4,0,3,0.0,0.45,0,0,0,5.2,0,0
,Ugarte,37,MUN,4.8,0,0,0.01,0.0,0,0,0,0.1,0,0
,Tuanzebe,37,IPS,3.9,0,0,0.02,0.0,0,0,0,1.8,0,0
,Tsimikas,37,LIV,4.8,2,0,0.02,0.0,0,0,0,0.1,0,0
,Trossard,37,ARS,6.9,0,1,0.05,0.05,0,1,0,0.5,0,0
,Traoré (Adama),37,FUL,5.2,0,1,0.09,0.06,0,3,0,0.2,0,0
,Amad Diallo,37,MUN,6.3,0,1,0.15,0.05,0,2,0,1.3,0,0
,Torres,37,AVL,4.3,0,0,0.07,0.0,0,1,0,0.3,0,0
,Tonali,37,NEW,5.4,4,1,0.33,0.03,0,2,0,1.3,0,0
,Lucas Paquetá,37,WHU,5.9,0,1,0.04,0.14,0,0,0,2.5,0,0
,Todibo,37,WHU,4.3,0,1,0.0,0.21,0,0,2,0.1,0,0
,Tierney,37,ARS,4.3,0,0,0.0,0.0,0,0,0,0.1,0,0
,Thomas,37,LEI,3.9,0,0,0.0,0.0,0,0,0,1.4,0,0
,Tete,37,FUL,4.5,0,1,0.03,0.08,0,0,2,0.2,0,0
,Tel,37,TOT,6.3,0,0,0.15,0.0,0,1,0,0.1,0,0
,Taylor (Jack),37,IPS,4.8,0,0,0.0,0.0,0,0,0,0.0,0,0
,Tavernier,37,BOU,5.5,0,1,0.07,0.03,0,1,0,1.6,0,0
,Szoboszlai,37,LIV,6.5,0,2,0.02,0.11,0,1,0,4.2,0,1
,Sulemana,37,SOU,5.0,0,0,0.0,0.0,0,0,0,0.0,0,0
,Strand Larsen,37,WOL,6.4,0,1,0.01,0.24,1,1,0,1.3,0,0
,Stolarczyk,37,LEI,4.0,0,0,0.0,0.0,0,0,0,0.5,2,0
,Stewart,37,SOU,4.4,0,3,0.0,0.51,0,0,0,1.7,0,0
,Stephens,37,SOU,4.0,0,0,0.01,0.0,0,0,0,0.3,0,0
,Spence,37,TOT,4.5,0,0,0.01,0.0,0,0,0,1.6,0,0
,Soumaré,37,LEI,4.4,0,0,0.01,0.0,0,0,0,0.3,0,0
,Soucek,37,WHU,5.7,0,1,0.0,0.04,0,0,0,0.2,0,0
,Son,37,TOT,8.5,1,1,0.01,0.06,0,0,0,0.1,0,0
,Soler (Carlos),37,WHU,5.0,4,1,0.63,0.12,0,4,0,0.0,0,0
,Soler (Julio),37,BOU,4.0,0,0,0.0,0.0,0,0,0,0.2,0,0
,Solanke,37,TOT,7.2,0,0,0.0,0.0,0,0,0,0.9,0,0
,Smith-Rowe,37,FUL,5.6,0,2,0.06,0.1,0,1,0,0.4,0,0
,Smith,37,BOU,4.4,0,0,0.0,0.0,0,0,0,0.2,0,0
,Smallbone,37,SOU,5.0,1,1,0.11,0.14,0,1,0,0.0,0,0
,Skipp,37,LEI,4.7,0,0,0.0,0.0,0,0,0,0.0,0,0
,Shaw,37,MUN,4.5,0,0,0.0,0.0,0,0,0,0.5,0,0
,Sessegnon (Ryan),37,FUL,5.4,0,0,0.0,0.0,0,0,0,0.4,0,0
,Semenyo,37,BOU,8.1,0,1,0.01,0.08,0,0,0,64.4,0,0
,Semedo,37,WOL,4.5,0,0,0.01,0.0,0,0,0,0.6,0,0
,Sels,37,NFO,4.8,0,0,0.0,0.0,0,0,0,8.3,4,0
,Schär,37,NEW,5.4,0,4,0.01,0.92,0,0,2,1.9,0,0
,Schade,37,BRE,7.0,0,1,0.01,0.12,0,0,0,0.7,0,0
,Ismaila Sarr,37,CRY,6.6,0,3,0.25,0.29,1,1,0,11.6,0,0
,Sarr (Pape),37,TOT,4.9,0,0,0.0,0.0,0,0,0,1.7,0,0
,Sarabia,37,WOL,5.0,4,0,0.08,0.0,0,2,0,0.1,0,0
,Matheus Cunha,37,WOL,7.9,0,3,0.04,0.2,0,2,0,4.4,0,0
,Welington,37,SOU,4.0,4,0,0.01,0.0,0,0,2,0.0,0,0
,Murillo,37,NFO,5.3,0,0,0.01,0.0,0,0,2,2.0,0,0
,Ederson,37,MCI,5.3,0,0,0.0,0.0,0,0,0,0.9,1,0
,Sangaré,37,NFO,4.9,0,0,0.08,0.0,0,0,2,0.1,0,0
,Sanchez,37,CHE,4.8,0,0,0.0,0.0,0,0,0,13.5,1,0
,Saliba,37,ARS,6.0,0,0,0.0,0.0,0,0,0,11.6,0,0
,Salah,37,LIV,14.2,0,6,0.06,0.83,0,2,0,24.9,0,0
,Saka,37,ARS,10.1,7,2,0.28,0.06,0,2,0,17.2,0,0
,Rogers,37,AVL,6.8,0,2,0.08,0.36,0,2,0,4.8,0,0
,Rodríguez,37,WHU,4.8,0,0,0.02,0.0,0,0,0,0.0,0,0
,Morato,37,NFO,4.4,0,0,0.0,0.0,0,0,0,0.1,0,0
,Robinson (Antonee),37,FUL,4.9,0,0,0.11,0.0,0,1,2,0.5,0,0
,Robinson (Jay),37,SOU,4.4,0,0,0.52,0.0,0,1,0,0.0,0,0
,Richards (Chris),37,CRY,4.5,0,0,0.0,0.0,0,0,2,3.2,0,0
,Rice,37,ARS,6.8,3,2,0.02,0.09,0,0,0,16.4,0,0
,Reguilón,37,TOT,4.1,0,1,0.0,0.05,0,0,0,0.2,0,0
,Raya Martin,37,ARS,5.8,0,0,0.01,0.0,0,1,0,31.3,5,0
,Alisson,37,LIV,5.4,0,0,0.0,0.0,0,0,0,5.8,9,0
,Ramsdale,37,SOU,4.8,0,0,0.0,0.0,0,0,0,0.6,2,0
,Quansah,37,LIV,3.9,0,0,0.0,0.0,0,1,2,1.0,0,0
,Pope,37,NEW,5.2,0,0,0.0,0.0,0,0,0,12.2,3,0
,Pickford,37,EVE,5.5,0,0,0.0,0.0,0,0,0,9.7,2,0
,Partey,37,ARS,4.9,0,2,0.02,0.24,0,1,0,0.7,0,0
,Palmer (Alex),37,IPS,4.5,0,0,0.0,0.0,0,0,0,0.1,1,0
,Palmer (Cole),37,CHE,10.3,3,2,0.27,0.06,0,2,0,9.2,0,0
,O’Riley,37,BHA,5.5,0,0,0.41,0.0,1,1,0,0.4,0,0
,Osula,37,NEW,5.5,0,0,0.01,0.0,0,0,0,0.3,0,0
,Onana,37,MUN,4.9,0,0,0.01,0.0,0,0,0,0.2,2,0
,Odobert,37,TOT,5.3,0,1,0.03,0.41,0,1,0,0.0,0,0
,Odegaard,37,ARS,7.8,0,1,0.04,0.03,0,4,0,1.4,0,0
,O'Shea,37,IPS,3.8,0,2,0.0,0.11,0,0,0,1.2,0,0
,O'Brien,37,EVE,4.9,0,1,0.01,0.08,0,0,0,0.4,0,0
,Núñez,37,LIV,6.5,0,0,0.04,0.0,0,0,0,0.1,0,0
,Matheus Nunes,37,MCI,5.3,0,1,0.17,0.02,0,1,2,0.8,0,0
,Norgaard,37,BRE,5.2,0,2,0.04,0.32,0,0,0,0.1,0,0
,Eddie Nketiah,37,CRY,5.4,0,2,0.02,0.63,0,1,0,0.4,0,0
,Lindelof,37,MUN,4.5,0,0,0.0,0.0,0,0,0,0.0,0,0
,Neto,37,CHE,7.1,4,1,0.05,0.02,0,1,0,5.9,0,0
,Ndidi,37,LEI,4.9,0,0,0.02,0.0,0,1,0,0.2,0,0
,Ndiaye,37,EVE,6.5,0,2,0.12,1.0,0,1,0,11.1,0,2
,Thiago,37,BRE,6.2,0,0,0.01,0.0,0,0,0,8.2,0,0
,Mykolenko,37,EVE,4.9,0,1,0.04,0.02,0,2,2,0.4,0,0
,Mvom Onana,37,AVL,4.8,0,0,0.17,0.0,0,1,0,0.6,0,0
,Muñoz,37,CRY,5.7,0,1,0.04,0.06,0,2,0,15.3,0,0
,Murphy (Jacob),37,NEW,6.1,1,0,0.03,0.0,0,1,0,1.1,0,0
,Munetsi,37,WOL,5.4,0,1,0.01,0.04,0,0,0,0.1,0,0
,Mount,37,MUN,5.9,0,2,0.01,0.21,0,0,0,0.3,0,0
,Morsy,37,IPS,4.8,0,1,0.29,0.01,0,4,0,0.1,0,0
,Moore (Mikey),37,TOT,5.0,0,0,0.0,0.0,0,0,0,0.0,0,0
,Monga,37,LEI,4.5,0,1,0.01,0.02,0,0,0,0.0,0,0
,Mitoma,37,BHA,6.2,0,3,0.25,0.4,0,1,0,2.3,0,0
,Minteh,37,BHA,6.0,0,1,0.05,0.02,0,0,0,4.4,0,0
,Miley (Lewis),37,NEW,4.4,0,0,0.01,0.0,0,0,0,2.1,0,0
,Milenkovic,37,NFO,5.2,0,2,0.01,0.35,0,0,2,4.0,0,0
,McNeil,37,EVE,5.6,3,0,0.38,0.0,1,2,0,0.1,0,0
,McGinn,37,AVL,5.4,3,3,0.15,0.11,0,2,0,0.6,0,0
,McAteer,37,LEI,4.7,0,3,0.01,0.17,0,0,0,0.0,0,0
,Mbeumo,37,BRE,8.3,1,3,0.09,0.99,0,1,0,28.5,0,0
,Mazraoui,37,MUN,4.9,0,0,0.01,0.0,0,0,0,0.2,0,0
,Mateta,37,CRY,7.9,0,1,0.03,0.22,0,0,0,23.0,0,0
,Martinez,37,AVL,5.0,0,0,0.0,0.0,0,0,0,2.0,1,0
,Martinelli,37,ARS,6.9,0,2,0.05,0.12,0,0,0,1.0,0,0
,Omar Marmoush,37,MCI,8.3,0,3,0.64,0.11,0,1,0,2.6,0,1
,Malen,37,AVL,5.1,0,0,0.0,0.0,0,0,0,0.7,0,0
,Mainoo,37,MUN,4.8,0,0,0.0,0.0,0,0,0,0.5,0,0
,Maguire,37,MUN,4.4,0,0,0.0,0.0,0,1,0,0.8,0,0
,Madueke,37,CHE,6.8,0,2,0.02,0.45,0,1,0,0.6,0,0
,Maatsen,37,AVL,4.3,1,2,0.13,0.08,0,1,0,0.4,0,0
,Luongo,37,IPS,4.3,0,0,0.0,0.0,0,0,0,0.2,0,0
,Lukic,37,FUL,5.0,3,1,0.08,0.01,0,3,0,0.1,0,0
,Livramento,37,NEW,4.9,0,1,0.05,0.07,0,1,0,3.1,0,0
,Luis Guilherme,37,WHU,4.9,0,1,0.01,0.13,0,0,0,0.0,0,0
,Lewis-Skelly,37,ARS,5.2,0,1,0.03,0.04,0,1,0,1.7,0,0
,Lewis-Potter,37,BRE,4.9,0,0,0.03,0.0,0,0,0,0.3,0,0
,Lerma,37,CRY,4.9,0,0,0.01,0.0,0,0,2,0.1,0,0
,Leno,37,FUL,5.0,0,0,0.0,0.0,0,0,0,1.6,3,0
,Lavia,37,CHE,4.9,0,0,0.0,0.0,0,0,0,0.0,0,0
,Lacroix,37,CRY,5.0,0,0,0.0,0.0,0,0,0,3.7,0,0
,Kudus,37,WHU,6.7,0,3,0.1,0.15,0,1,0,30.1,0,0
,Krafth,37,NEW,4.4,0,0,0.0,0.0,0,0,0,0.0,0,0
,Kovacic,37,MCI,5.9,0,1,0.09,0.03,0,2,0,0.0,0,0
,Konsa Ngoyo,37,AVL,4.4,0,2,0.12,0.35,0,1,0,8.6,0,0
,Konaté,37,LIV,5.4,0,0,0.02,0.0,0,0,0,2.7,0,0
,Kluivert,37,BOU,7.0,0,3,0.02,0.3,0,0,0,1.0,0,0
,Kiwior,37,ARS,5.4,0,0,0.02,0.0,0,2,2,0.1,0,0
,Kinsky,37,TOT,3.9,0,0,0.0,0.0,0,0,0,2.0,5,0
,King (Joshua),37,FUL,4.5,0,0,0.01,0.0,0,0,0,4.0,0,0
,Kilman,37,WHU,4.3,0,0,0.01,0.0,0,0,0,0.2,0,0
,Kerkez,37,BOU,5.7,0,0,0.08,0.0,0,1,0,3.6,0,0
,Keane,37,EVE,4.5,0,0,0.0,0.0,0,0,0,1.1,0,0
,Kayode,37,BRE,4.5,0,0,0.01,0.0,0,1,0,0.4,0,0
,Kayi-Sanda,37,SOU,4.0,0,0,0.0,0.0,0,0,0,0.0,0,0
,Kamara,37,AVL,4.9,0,1,0.14,0.04,0,1,0,0.2,0,0
,Kamada,37,CRY,5.0,0,0,0.02,0.0,0,0,0,0.2,0,0
,Justin,37,LEI,4.0,0,0,0.08,0.0,0,1,0,0.2,0,0
,Jones,37,LIV,5.4,0,1,0.02,0.06,0,1,0,0.1,0,0
,Johnson (Brennan),37,TOT,6.7,0,0,0.0,0.0,0,0,0,3.1,0,0
,Raúl Jiménez,37,FUL,6.2,0,5,0.04,0.37,0,1,0,0.8,0,0
,Jensen,37,BRE,4.9,0,0,0.09,0.0,0,1,0,0.1,0,0
,Jebbison,37,BOU,4.5,0,1,0.0,0.29,0,0,0,1.1,0,1
,James,37,CHE,5.5,0,2,0.24,0.06,1,1,0,7.9,0,0
,Iwobi,37,FUL,6.5,0,1,0.02,0.04,0,0,0,1.7,0,0
,Højlund,37,MUN,6.3,0,0,0.0,0.0,0,0,0,0.3,0,0
,Hwang Hee-Chan,37,WOL,5.8,0,0,0.0,0.0,0,0,0,0.1,0,0
,Hutchinson,37,IPS,5.4,0,3,0.22,0.27,0,3,0,0.0,0,0
,Huijsen,37,BOU,4.5,0,0,0.02,0.0,0,0,2,5.0,0,0
,Hughes,37,CRY,4.8,0,0,0.01,0.0,0,0,0,0.1,0,0
,Hudson-Odoi,37,NFO,5.8,1,0,0.0,0.0,0,0,0,0.8,0,0
,Howell,37,BHA,4.5,0,0,0.05,0.0,0,0,0,0.0,0,0
,Hirst,37,IPS,5.4,0,2,0.0,0.24,0,0,0,0.1,0,0
,Hinshelwood,37,BHA,5.1,0,1,0.01,0.62,0,1,0,0.0,0,0
,Rodri,37,MCI,6.3,0,0,0.0,0.0,0,0,0,0.5,0,0
,Henry,37,BRE,4.4,0,0,0.01,0.0,0,0,0,0.1,0,0
,Henderson,37,CRY,5.0,0,0,0.0,0.0,0,0,0,7.6,1,0
,Heaven,37,MUN,3.8,0,0,0.0,0.0,0,0,0,1.0,0,0
,Havertz,37,ARS,7.3,0,0,0.01,0.0,0,0,0,0.3,0,0
,Harwood-Bellis,37,SOU,3.9,0,0,0.01,0.0,0,0,0,4.1,0,0
,Harrison (Jack),37,EVE,5.2,0,0,0.0,0.0,0,0,0,0.1,0,0
,Haaland,37,MCI,14.8,0,1,0.03,0.11,0,0,0,69.7,0,0
,Gómez (Diego),37,BHA,4.9,0,0,0.06,0.0,0,0,0,0.1,0,0
,Gvardiol,37,MCI,5.9,0,0,0.01,0.0,0,0,0,5.4,0,0
,Gusto,37,CHE,4.9,0,0,0.0,0.0,0,0,0,1.0,0,0
,Gundogan,37,MCI,6.3,0,1,0.1,0.01,1,1,0,0.1,0,0
,Bruno Guimarães,37,NEW,6.6,0,2,0.14,0.29,0,2,2,3.7,0,0
,Gueye,37,EVE,5.4,0,0,0.02,0.0,0,0,2,0.1,0,0
,Gruda,37,BHA,5.4,3,4,0.53,0.14,0,5,0,0.1,0,0
,Greaves,37,IPS,3.8,0,0,0.01,0.0,0,1,0,2.3,0,0
,Grealish,37,MCI,6.9,0,0,0.0,0.0,0,0,0,17.6,0,0
,Gray (Archie),37,TOT,4.8,0,0,0.0,0.0,0,0,0,0.1,0,0
,Gravenberch,37,LIV,5.6,0,1,0.01,0.03,0,0,0,4.0,0,0
,Gordon (Anthony),37,NEW,7.5,2,0,0.15,0.0,0,1,0,3.1,0,0
,González (Nico),37,MCI,5.9,0,1,0.01,0.08,0,0,0,0.1,0,1
,João Gomes,37,WOL,5.4,0,0,0.02,0.0,0,0,0,0.1,0,0
,Beto,37,EVE,5.2,0,3,0.12,1.03,0,1,0,3.3,0,0
,Rodrigo Gomes,37,WOL,4.5,0,1,0.04,0.11,0,0,0,0.1,0,0
,Toti,37,WOL,4.3,0,0,0.01,0.0,0,0,2,0.1,0,0
,Gibbs-White,37,NFO,7.3,0,3,0.23,1.14,0,1,0,2.9,0,0
,George,37,CHE,4.9,0,0,0.0,0.0,0,1,0,0.1,0,0
,Rúben Dias,37,MCI,5.5,0,0,0.02,0.0,0,0,0,4.5,0,0
,Garner,37,EVE,5.0,1,3,0.09,0.28,0,1,0,0.9,0,0
,Garnacho,37,MUN,6.4,0,0,0.02,0.0,0,0,0,0.4,0,0
,Gonçalo Guedes,37,WOL,5.5,0,4,0.12,0.15,0,0,0,0.0,0,0
,Gakpo,37,LIV,7.6,0,2,0.37,0.09,0,1,0,14.1,0,0
,Füllkrug,37,WHU,5.6,0,1,0.01,0.01,0,0,0,0.7,0,0
,Jorginho,37,ARS,4.6,0,0,0.0,0.0,0,0,0,0.2,0,0
,Matheus França,37,CRY,4.5,0,2,0.01,0.04,0,0,0,0.0,0,0
,Casemiro,37,MUN,5.5,0,0,0.01,0.0,0,0,0,0.6,0,0
,Flekken,37,BRE,4.5,0,0,0.0,0.0,0,0,0,10.0,4,0
,Jota Silva,37,NFO,5.4,0,1,0.0,0.08,0,0,0,0.0,0,0
,Fernández,37,CHE,6.7,0,1,0.01,0.02,0,0,0,14.3,0,0
,Faes,37,LEI,3.8,0,0,0.0,0.0,0,0,0,5.2,0,0
,Eze,37,CRY,7.6,0,1,0.06,0.22,0,2,0,14.2,0,1
,Evans (Jake),37,LEI,4.5,0,0,0.0,0.0,0,0,0,0.0,0,0
,Estupiñán,37,BHA,4.5,0,5,0.19,0.11,0,2,2,0.0,0,0
,Esse,37,CRY,4.7,0,0,0.28,0.0,0,2,2,0.1,0,0
,Mateus Fernandes,37,SOU,5.5,0,1,0.12,0.03,0,0,0,0.0,0,0
,Endo,37,LIV,4.9,0,0,0.0,0.0,0,0,0,0.1,0,0
,Enciso,37,IPS,5.4,1,4,0.02,0.21,0,2,0,0.0,0,0
,Elliott,37,LIV,5.4,1,3,0.04,0.9,0,4,0,0.3,0,0
,Elanga,37,NFO,6.7,4,1,0.44,0.18,0,2,0,3.7,0,0
,El Khannouss,37,LEI,4.8,1,1,0.09,0.04,0,4,0,0.2,0,0
,Díaz,37,LIV,8.0,0,1,0.04,0.02,0,0,0,0.0,0,0
,Downes,37,SOU,4.7,0,0,0.01,0.0,0,0,0,0.0,0,0
,Doucouré,37,EVE,5.1,0,2,0.17,0.27,0,1,0,0.5,0,0
,Dorgu,37,MUN,4.3,0,0,0.05,0.0,0,1,0,3.1,0,0
,Nicolás Domínguez,37,NFO,5.0,0,1,0.02,0.01,0,0,2,0.0,0,0
,Doku,37,MCI,6.5,0,0,0.0,0.0,0,0,0,5.0,0,0
,Djiga,37,WOL,4.5,0,0,0.01,0.0,0,0,0,0.0,0,0
,Dibling,37,SOU,5.4,0,0,0.01,0.0,0,0,0,0.0,0,0
,Devenny,37,CRY,4.4,0,1,0.01,0.02,0,1,0,1.1,0,0
,Delap,37,IPS,6.2,0,0,0.0,0.0,0,0,0,0.9,0,0
,De Bruyne,37,MCI,9.5,3,3,0.16,0.87,0,2,0,11.6,0,0
,Davis,37,IPS,4.2,0,2,0.44,0.09,0,4,0,0.9,0,0
,Davies (Ben),37,TOT,4.3,0,0,0.0,0.0,0,0,0,0.1,0,0
,Danso,37,TOT,4.3,0,0,0.0,0.0,0,0,2,0.2,0,0
,Damsgaard,37,BRE,5.8,4,1,0.31,0.1,0,1,0,0.6,0,0
,Daka,37,LEI,4.8,0,0,0.0,0.0,0,0,0,0.5,0,0
,Cuenca,37,FUL,4.4,0,0,0.0,0.0,0,0,0,0.0,0,0
,Cucurella,37,CHE,6.1,0,1,0.01,0.16,0,0,0,21.8,0,0
,Cresswell,37,WHU,3.9,0,2,0.39,0.12,0,1,0,1.7,0,0
,Coufal,37,WHU,4.1,0,2,0.05,0.04,0,2,0,0.4,0,0
,Cook,37,BOU,4.9,0,0,0.01,0.0,0,0,0,0.0,0,0
,Colwill,37,CHE,4.8,0,0,0.01,0.0,0,0,0,0.1,0,0
,Collins,37,BRE,4.9,0,0,0.0,0.0,0,0,0,1.1,0,0
,Coleman,37,EVE,4.3,0,0,0.02,0.0,0,0,0,0.1,0,0
,Coady,37,LEI,4.0,0,0,0.0,0.0,0,0,0,0.5,0,0
,Clarke (Jack),37,IPS,5.4,1,1,0.05,0.1,0,2,0,0.0,0,0
,Chilwell,37,CRY,4.6,0,3,0.12,0.17,0,2,0,0.5,0,0
,Chiesa,37,LIV,6.4,0,1,0.06,0.09,0,2,0,0.3,0,0
,Chaplin,37,IPS,5.1,0,2,0.0,0.1,0,0,0,0.1,0,0
,Cash,37,AVL,4.6,0,1,0.02,0.06,0,0,0,5.2,0,0
,Calvert-Lewin,37,EVE,5.5,0,0,0.0,0.0,0,0,0,1.4,0,0
,Calafiori,37,ARS,5.8,0,0,0.01,0.0,0,0,0,16.0,0,0
,Cajuste,37,IPS,4.5,0,2,0.08,0.17,0,1,0,0.1,0,0
,Cairney,37,FUL,4.9,0,3,0.03,0.29,0,0,0,0.0,0,0
,Moises Caicedo,37,CHE,6.0,0,1,0.07,0.02,0,0,2,19.9,0,0
,Burn,37,NEW,5.2,0,1,0.02,0.18,0,0,0,10.7,0,0
,Brooks,37,BOU,5.0,1,0,0.03,0.0,0,0,0,0.2,0,0
,Broadhead,37,IPS,4.9,0,1,0.0,0.1,0,0,0,0.0,0,0
,Bree,37,SOU,3.9,0,0,0.01,0.0,0,0,0,0.3,0,0
,Branthwaite,37,EVE,5.3,0,1,0.01,0.05,0,0,0,0.2,0,0
,Bradley,37,LIV,5.0,0,1,0.82,0.11,1,2,0,0.2,0,0
,Bowen,37,WHU,7.7,0,3,0.03,0.16,0,0,0,7.6,0,1
,Botman,37,NEW,4.9,0,1,0.17,0.15,0,1,0,0.7,0,0
,Bruno Fernandes,37,MUN,8.9,2,1,0.04,0.03,0,0,0,16.3,0,0
,Bobb,37,MCI,5.4,0,0,0.0,0.0,0,0,0,0.3,0,0
,Bissouma,37,TOT,5.2,0,0,0.0,0.0,0,0,0,0.0,0,0
,Berge,37,FUL,4.9,0,0,0.01,0.0,0,0,0,0.1,0,0
,Bentley,37,WOL,4.0,0,0,0.0,0.0,0,0,0,0.6,6,0
,Bentancur,37,TOT,5.3,0,0,0.0,0.0,0,0,0,0.4,0,0
,Bellegarde,37,WOL,5.2,2,1,0.15,0.12,1,1,0,0.0,0,0
,Bassey,37,FUL,4.5,0,0,0.0,0.0,0,0,0,0.6,0,0
,Barnes,37,NEW,6.3,0,3,0.03,0.21,0,0,0,0.4,0,0
,Barkley,37,AVL,4.8,0,0,0.0,0.0,0,0,0,0.0,0,0
,Ricardo Pereira,37,LEI,4.1,0,0,0.0,0.0,0,0,0,0.1,0,0
,Baleba,37,BHA,4.7,0,0,0.02,0.0,0,0,0,2.1,0,0
,Bailey,37,AVL,5.5,1,0,0.0,0.0,0,0,0,0.1,0,0
,Ayew,37,LEI,5.1,1,1,0.01,0.13,0,1,0,0.2,0,0
,Ayari,37,BHA,4.9,0,1,0.08,0.17,0,1,0,0.3,0,0
,Asensio,37,AVL,6.0,4,4,0.16,0.17,0,2,0,2.4,0,0
,Kepa,37,BOU,4.2,0,0,0.0,0.0,0,0,0,0.5,2,0
,Aribo,37,SOU,4.9,0,0,0.0,0.0,0,0,0,0.1,0,0
,Areola,37,WHU,4.3,0,0,0.0,0.0,0,0,0,2.1,3,0
,Archer,37,SOU,4.8,0,1,0.02,0.62,0,1,0,1.1,0,0
,Araujo,37,BOU,3.9,0,0,0.05,0.0,0,1,0,0.7,0,0
,Anderson,37,NFO,5.3,1,0,0.24,0.0,0,1,2,3.0,0,0
,Andersen,37,FUL,4.5,0,1,0.01,0.02,0,0,0,2.8,0,0
,Alcaraz,37,EVE,5.2,0,0,0.0,0.0,0,0,0,0.1,0,0
,Akanji,37,MCI,5.4,0,0,0.01,0.0,0,0,0,0.3,0,0
,Ajer,37,BRE,4.4,0,0,0.01,0.0,0,0,0,0.2,0,0
,Ait Nouri,37,WOL,5.8,3,0,0.27,0.0,0,5,0,4.9,0,0
,Aina,37,NFO,4.7,0,0,0.01,0.0,0,0,0,2.5,0,0
,Agbadou,37,WOL,4.3,0,1,0.02,0.56,0,0,0,0.2,0,0
,Adingra,37,BHA,5.1,0,4,0.4,0.12,0,2,0,0.5,0,0
,Tosin,37,CHE,4.3,0,1,0.0,0.03,0,0,0,0.4,0,0
,Adams (Tyler),37,BOU,5.0,0,0,0.03,0.0,0,0,0,0.4,0,0
,Álvarez (Edson),38,WHU,4.9,0,1,0.04,0.08,0,0,2,0.1,0,0
,van den Berg,38,BRE,4.5,0,1,0.0,0.04,0,0,0,0.6,0,0
,van de Ven,38,TOT,4.7,0,0,0.0,0.0,0,0,0,32.6,0,0
,van Hecke,38,BHA,4.4,0,1,0.06,0.08,0,0,0,1.3,0,0
,van Dijk,38,LIV,6.0,0,0,0.04,0.0,0,0,2,23.6,0,0
,Igor Julio,38,BHA,4.5,0,0,0.02,0.0,0,1,0,0.1,0,0
,Evanilson,38,BOU,7.0,0,2,0.05,0.31,0,1,0,1.4,0,0
,Richarlison,38,TOT,6.5,0,0,0.0,0.0,0,0,0,8.5,0,0
,André,38,WOL,5.4,0,1,0.07,0.03,0,2,0,0.1,0,0
,Zinchenko,38,ARS,4.9,0,4,0.25,0.38,0,1,0,0.2,0,0
,Zabarnyi,38,BOU,5.0,0,1,0.17,0.19,1,1,0,0.0,0,0
,Young (Ashley),38,EVE,4.2,0,0,0.11,0.0,0,2,0,1.4,0,0
,Yates,38,NFO,4.7,0,0,0.0,0.0,0,0,0,0.1,0,0
,Yarmolyuk,38,BRE,5.0,0,0,0.01,0.0,0,0,2,0.1,0,0
,Wood (Chris),38,NFO,7.2,0,3,0.01,0.82,0,0,0,6.5,0,0
,Wood (Nathan),38,SOU,3.9,0,0,0.0,0.0,0,0,2,1.0,0,0
,Wissa,38,BRE,7.4,0,3,0.12,0.25,0,2,0,0.5,0,0
,Winterburn,38,BOU,4.5,0,0,0.0,0.0,0,0,0,0.0,0,0
,Wilson (Callum),38,NEW,5.8,0,0,0.01,0.0,0,0,0,0.4,0,0
,Wilson (Harry),38,FUL,5.2,0,2,0.01,0.17,0,0,0,0.3,0,0
,Willock,38,NEW,5.0,0,0,0.0,0.0,0,0,0,0.1,0,0
,Williams (Neco),38,NFO,4.7,0,0,0.02,0.0,0,0,0,3.5,0,0
,Wieffer,38,BHA,4.9,0,1,0.12,0.02,0,2,2,0.1,0,0
,White (Ben),38,ARS,5.3,0,0,0.72,0.0,1,2,0,0.4,0,0
,Webster,38,BHA,4.4,0,4,0.04,0.23,0,0,0,0.0,0,0
,Watkins,38,AVL,8.5,0,0,0.03,0.0,0,0,0,6.6,0,0
,Ward-Prowse,38,WHU,5.7,0,2,0.21,0.56,0,2,0,0.2,0,0
,Wan-Bissaka,38,WHU,4.3,0,0,0.04,0.0,0,1,0,5.8,0,0
,Walton,38,IPS,4.3,0,0,0.0,0.0,0,0,0,0.2,3,0
,Vicario,38,TOT,5.1,0,0,0.0,0.0,0,0,0,10.1,4,0
,Verbruggen,38,BHA,4.4,0,0,0.0,0.0,0,0,0,4.1,1,0
,Veltman,38,BHA,4.3,0,0,0.02,0.0,0,0,0,0.1,0,0
,Bernardo Silva,38,MCI,6.3,3,0,0.29,0.0,0,3,0,0.5,0,0
,Ugochukwu,38,SOU,5.0,0,0,0.01,0.0,0,0,0,0.1,0,0
,Destiny Udogie,38,TOT,4.4,0,0,0.0,0.0,0,0,0,0.4,0,0
,Tuanzebe,38,IPS,3.9,0,0,0.08,0.0,0,1,0,1.8,0,0
,Trossard,38,ARS,6.9,0,1,0.02,0.1,0,1,0,0.5,0,0
,Trippier,38,NEW,5.0,3,1,0.05,0.04,0,3,0,2.7,0,0
,Traoré (Adama),38,FUL,5.2,0,1,0.05,0.07,0,0,0,0.2,0,0
,Amad Diallo,38,MUN,6.3,1,2,0.19,0.41,0,2,0,1.3,0,0
,Torres,38,AVL,4.3,0,0,0.0,0.0,0,0,0,0.3,0,0
,Tonali,38,NEW,5.4,7,1,0.35,0.04,0,4,0,1.3,0,0
,Lucas Paquetá,38,WHU,5.9,0,0,0.0,0.0,0,0,0,2.5,0,0
,Todibo,38,WHU,4.3,0,0,0.01,0.0,0,0,2,0.1,0,0
,Tierney,38,ARS,4.3,0,1,0.22,0.15,0,1,0,0.1,0,0
,Tielemans,38,AVL,5.9,0,2,0.01,0.18,0,1,0,0.6,0,0
,Thomas,38,LEI,3.9,0,0,0.04,0.0,0,1,0,1.4,0,0
,Tete,38,FUL,4.5,0,1,0.01,0.06,0,0,2,0.2,0,0
,Tel,38,TOT,6.3,1,2,0.15,0.7,0,1,0,0.1,0,0
,Diogo Jota,38,LIV,7.2,0,2,0.0,0.34,0,0,0,2.6,0,0
,Taylor (Charlie),38,SOU,3.9,0,0,0.04,0.0,0,0,2,3.0,0,0
,Taylor (Jack),38,IPS,4.8,0,0,0.0,0.0,0,0,0,0.0,0,0
,Tavernier,38,BOU,5.5,0,5,0.69,0.15,0,5,0,1.6,0,0
,Szoboszlai,38,LIV,6.5,3,1,0.1,0.05,0,2,0,4.2,0,0
,Szmodics,38,IPS,5.7,0,0,0.01,0.0,0,1,0,0.1,0,0
,Sulemana,38,SOU,5.0,0,2,0.01,0.09,0,0,0,0.0,0,0
,Sugawara,38,SOU,4.2,0,1,0.01,0.01,0,0,2,0.1,0,0
,Strand Larsen,38,WOL,6.4,0,0,0.01,0.0,0,1,0,1.3,0,0
,Stolarczyk,38,LEI,4.0,0,0,0.0,0.0,0,0,0,0.5,5,0
,Stewart,38,SOU,4.4,0,2,0.02,0.33,0,0,0,1.7,0,0
,Sterling,38,ARS,6.7,0,1,0.01,0.11,0,0,0,0.8,0,0
,Spence,38,TOT,4.5,0,0,0.0,0.0,0,0,0,1.6,0,0
,Soumaré,38,LEI,4.4,0,0,0.07,0.0,0,0,0,0.3,0,0
,Soucek,38,WHU,5.7,0,1,0.02,0.11,0,0,0,0.2,0,0
,Soler (Julio),38,BOU,4.0,0,0,0.0,0.0,0,0,0,0.2,0,0
,Solanke,38,TOT,7.2,0,1,0.0,0.79,0,0,0,0.9,0,0
,Smith-Rowe,38,FUL,5.6,0,0,0.05,0.0,0,2,0,0.4,0,0
,Smith,38,BOU,4.4,0,0,0.31,0.0,0,1,0,0.2,0,0
,Smallbone,38,SOU,5.0,0,0,0.0,0.0,0,0,0,0.0,0,0
,Skipp,38,LEI,4.7,0,1,0.0,0.21,0,0,0,0.0,0,0
,Sessegnon (Ryan),38,FUL,5.4,1,0,0.28,0.0,0,2,0,0.4,0,0
,Senesi,38,BOU,5.0,0,0,0.02,0.0,0,0,0,26.2,0,0
,Semenyo,38,BOU,8.1,0,4,0.1,0.45,0,0,0,64.4,0,1
,Semedo,38,WOL,4.5,0,2,0.09,0.06,0,2,0,0.6,0,0
,Sels,38,NFO,4.8,0,0,0.18,0.0,0,1,0,8.3,1,0
,Scott,38,BOU,5.0,0,1,0.0,0.05,0,0,0,0.3,0,0
,Schär,38,NEW,5.4,0,5,0.05,0.43,0,0,0,1.9,0,0
,Schade,38,BRE,7.0,0,2,0.05,0.1,0,1,0,0.7,0,0
,Scarles,38,WHU,4.4,0,0,0.01,0.0,0,1,0,0.0,0,0
,Ismaila Sarr,38,CRY,6.6,0,2,0.1,0.68,0,1,0,11.6,0,0
,Sarr (Pape),38,TOT,4.9,0,0,0.01,0.0,0,0,0,1.7,0,0
,Matheus Cunha,38,WOL,7.9,7,8,0.08,0.38,0,1,0,4.4,0,0
,Welington,38,SOU,4.0,1,0,0.0,0.0,0,0,0,0.0,0,0
,Murillo,38,NFO,5.3,0,1,0.01,0.03,0,1,0,2.0,0,0
,Ederson,38,MCI,5.3,0,0,0.0,0.0,0,0,0,0.9,3,0
,Sangaré,38,NFO,4.9,0,0,0.01,0.0,0,0,0,0.1,0,0
,Sancho,38,MUN,5.8,0,0,0.01,0.0,0,1,0,0.2,0,0
,Sanchez,38,CHE,4.8,0,0,0.0,0.0,0,0,0,13.5,2,0
,Salah,38,LIV,14.2,0,3,0.42,0.4,0,2,0,24.9,0,0
,Saka,38,ARS,10.1,1,2,0.42,0.07,0,2,0,17.2,0,0
,Rogers,38,AVL,6.8,0,0,0.01,0.0,0,0,0,4.8,0,0
,Rodríguez,38,WHU,4.8,0,0,0.02,0.0,0,1,0,0.0,0,0
,Robinson (Antonee),38,FUL,4.9,0,0,0.01,0.0,0,0,0,0.5,0,0
,Robinson (Jay),38,SOU,4.4,0,1,0.01,0.05,0,0,0,0.0,0,0
,Robertson,38,LIV,5.8,2,0,0.05,0.0,0,0,0,0.9,0,0
,Richards (Chris),38,CRY,4.5,0,0,0.0,0.0,0,0,2,3.2,0,0
,Rice,38,ARS,6.8,3,2,0.07,0.16,0,3,2,16.4,0,0
,Raya Martin,38,ARS,5.8,0,0,0.0,0.0,0,0,0,31.3,1,0
,Ramsey (Jacob),38,AVL,5.3,0,0,0.06,0.0,0,0,0,0.2,0,0
,Alisson,38,LIV,5.4,0,0,0.0,0.0,0,0,0,5.8,4,0
,Ramsdale,38,SOU,4.8,0,0,0.0,0.0,0,0,0,0.6,6,0
,Porro,38,TOT,5.5,1,0,0.06,0.0,0,1,0,18.4,0,0
,Pope,38,NEW,5.2,0,0,0.0,0.0,0,0,0,12.2,5,0
,Pickford,38,EVE,5.5,0,0,0.01,0.0,0,0,0,9.7,6,0
,Pereira,38,FUL,5.3,0,2,0.26,0.29,0,1,0,0.1,0,0
,Partey,38,ARS,4.9,0,1,0.05,0.03,0,1,0,0.7,0,0
,Palmer (Cole),38,CHE,10.3,1,1,0.34,0.01,0,2,0,9.2,0,0
,O’Riley,38,BHA,5.5,1,1,0.01,0.79,0,1,0,0.4,0,0
,Osula,38,NEW,5.5,0,1,0.01,0.04,0,1,0,0.3,0,0
,Paul Onuachu,38,SOU,4.9,0,0,0.0,0.0,0,0,0,0.3,0,0
,Olsen,38,AVL,4.5,0,0,0.0,0.0,0,0,0,0.1,3,0
,Odobert,38,TOT,5.3,0,0,0.01,0.0,0,0,0,0.0,0,0
,Odegaard,38,ARS,7.8,0,1,0.03,0.06,0,0,0,1.4,0,1
,Obi-Martin,38,MUN,4.3,0,1,0.0,0.05,0,0,0,1.5,0,0
,O'Shea,38,IPS,3.8,0,0,0.01,0.0,0,0,2,1.2,0,0
,O'Brien,38,EVE,4.9,0,0,0.0,0.0,0,0,2,0.4,0,0
,Núñez,38,LIV,6.5,0,1,0.03,0.51,0,1,0,0.1,0,0
,Nwaneri,38,ARS,5.2,4,2,0.13,0.04,0,4,0,0.1,0,0
,Matheus Nunes,38,MCI,5.3,0,1,0.08,0.29,0,1,0,0.8,0,0
,Norgaard,38,BRE,5.2,0,2,0.12,0.09,1,1,0,0.1,0,0
,Eddie Nketiah,38,CRY,5.4,0,1,0.0,0.22,0,0,0,0.4,0,0
,Lindelof,38,MUN,4.5,0,0,0.02,0.0,0,0,0,0.0,0,0
,Neto,38,CHE,7.1,3,2,0.01,0.35,1,1,0,5.9,0,0
,Ndiaye,38,EVE,6.5,0,1,0.01,0.04,0,0,2,11.1,0,0
,Thiago,38,BRE,6.2,0,1,0.0,0.03,0,0,0,8.2,0,0
,Mykolenko,38,EVE,4.9,0,0,0.17,0.0,0,2,0,0.4,0,0
,Mvom Onana,38,AVL,4.8,0,0,0.02,0.0,0,1,0,0.6,0,0
,Muñoz,38,CRY,5.7,0,0,0.01,0.0,0,0,0,15.3,0,0
,Murphy (Jacob),38,NEW,6.1,1,0,0.02,0.0,0,0,0,1.1,0,0
,Munetsi,38,WOL,5.4,0,2,0.12,0.09,0,1,0,0.1,0,0
,Mount,38,MUN,5.9,1,4,0.08,0.74,0,1,0,0.3,0,0
,Morsy,38,IPS,4.8,0,2,0.07,0.03,0,0,0,0.1,0,0
,Savinho,38,MCI,6.9,0,0,0.0,0.0,0,0,0,0.5,0,0
,Monga,38,LEI,4.5,0,0,0.01,0.0,0,1,0,0.0,0,0
,Mitoma,38,BHA,6.2,0,0,0.06,0.0,0,1,0,2.3,0,0
,Mitchell,38,CRY,5.0,0,0,0.02,0.0,1,1,2,2.2,0,0
,Minteh,38,BHA,6.0,0,2,0.32,0.12,0,2,0,4.4,0,0
,Milner,38,BHA,5.0,0,0,0.0,0.0,0,0,0,0.1,0,0
,Milenkovic,38,NFO,5.2,0,1,0.04,0.08,0,1,0,4.0,0,0
,Merino,38,ARS,5.9,0,3,0.01,0.27,0,1,0,0.5,0,0
,McNeil,38,EVE,5.6,0,0,0.01,0.0,0,1,0,0.1,0,0
,McGinn,38,AVL,5.4,2,2,0.03,0.08,0,0,0,0.6,0,0
,McAteer,38,LEI,4.7,0,0,0.23,0.0,0,0,0,0.0,0,0
,Mbeumo,38,BRE,8.3,1,2,0.1,0.27,0,2,2,28.5,0,0
,Mazraoui,38,MUN,4.9,0,0,0.13,0.0,0,2,0,0.2,0,0
,Mavropanos,38,WHU,4.4,0,0,0.0,0.0,0,0,2,0.1,0,0
,Mateta,38,CRY,7.9,0,2,0.0,0.68,0,0,0,23.0,0,0
,Martinez,38,AVL,5.0,0,0,0.0,0.0,0,0,0,2.0,5,0
,Martinelli,38,ARS,6.9,0,4,0.23,0.89,0,3,0,1.0,0,0
,Omar Marmoush,38,MCI,8.3,0,6,0.03,0.43,0,1,0,2.6,0,0
,José Sá,38,WOL,4.4,0,0,0.0,0.0,0,1,0,1.2,6,0
,Malen,38,AVL,5.1,0,0,0.1,0.0,0,1,0,0.7,0,0
,Mainoo,38,MUN,4.8,0,0,0.43,0.0,0,0,0,0.5,0,0
,Maguire,38,MUN,4.4,0,0,0.04,0.0,0,1,0,0.8,0,0
,Madueke,38,CHE,6.8,0,1,0.08,0.08,0,0,0,0.6,0,0
,Maatsen,38,AVL,4.3,0,0,0.02,0.0,0,0,0,0.4,0,0
,Luongo,38,IPS,4.3,0,0,0.0,0.0,0,0,0,0.2,0,0
,Lukic,38,FUL,5.0,0,0,0.01,0.0,0,0,0,0.1,0,0
,Livramento,38,NEW,4.9,0,0,0.25,0.0,0,1,0,3.1,0,0
,Lewis-Skelly,38,ARS,5.2,0,0,0.01,0.0,0,0,0,1.7,0,0
,Lewis-Potter,38,BRE,4.9,0,1,0.05,0.51,0,1,0,0.3,0,0
,Lerma,38,CRY,4.9,0,0,0.0,0.0,0,0,2,0.1,0,0
,Leno,38,FUL,5.0,0,0,0.0,0.0,0,0,0,1.6,3,0
,Lavia,38,CHE,4.9,0,1,0.0,0.07,0,0,0,0.0,0,0
,Lacroix,38,CRY,5.0,0,0,0.05,0.0,0,1,2,3.7,0,0
,Kudus,38,WHU,6.7,0,1,0.01,0.07,0,0,0,30.1,0,0
,Kristiansen,38,LEI,4.4,0,0,0.01,0.0,0,0,0,0.1,0,0
,Konsa Ngoyo,38,AVL,4.4,0,0,0.0,0.0,0,0,0,8.6,0,0
,Konaté,38,LIV,5.4,0,0,0.03,0.0,0,0,0,2.7,0,0
,Kluivert,38,BOU,7.0,3,1,0.22,0.03,0,0,0,1.0,0,0
,Kiwior,38,ARS,5.4,0,0,0.03,0.0,0,0,0,0.1,0,0
,King (Tom),38,WOL,3.9,0,0,0.0,0.0,0,0,0,1.3,0,0
,King (Joshua),38,FUL,4.5,0,1,0.0,0.07,0,0,0,4.0,0,0
,Kilman,38,WHU,4.3,0,0,0.01,0.0,0,0,0,0.2,0,0
,Kerkez,38,BOU,5.7,0,1,0.07,0.04,0,1,0,3.6,0,0
,Keane,38,EVE,4.5,0,0,0.0,0.0,0,0,0,1.1,0,0
,Kayode,38,BRE,4.5,0,0,0.03,0.0,0,1,0,0.4,0,0
,Kayi-Sanda,38,SOU,4.0,0,0,0.0,0.0,0,0,0,0.0,0,0
,Kamara,38,AVL,4.9,0,0,0.02,0.0,0,0,0,0.2,0,0
,Kamada,38,CRY,5.0,0,0,0.01,0.0,0,0,0,0.2,0,0
,Justin,38,LEI,4.0,0,0,0.01,0.0,0,0,2,0.2,0,0
,Jones,38,LIV,5.4,0,1,0.05,0.05,0,1,0,0.1,0,0
,Johnson (Brennan),38,TOT,6.7,0,1,0.0,0.55,0,0,0,3.1,0,0
,Raúl Jiménez,38,FUL,6.2,0,2,0.0,0.21,0,0,0,0.8,0,0
,Jensen,38,BRE,4.9,1,0,0.06,0.0,0,0,0,0.1,0,0
,Jebbison,38,BOU,4.5,0,1,0.0,0.04,0,0,0,1.1,0,0
,James,38,CHE,5.5,0,0,0.01,0.0,0,0,0,7.9,0,0
,Iwobi,38,FUL,6.5,0,1,0.03,0.02,0,0,0,1.7,0,0
,Isak,38,NEW,10.4,0,3,0.03,0.15,0,0,0,5.1,0,0
,Højlund,38,MUN,6.3,0,1,0.24,0.1,0,2,0,0.3,0,0
,Hutchinson,38,IPS,5.4,1,4,0.06,0.2,0,0,0,0.0,0,0
,Huijsen,38,BOU,4.5,0,0,0.01,0.0,0,1,0,5.0,0,0
,Hughes,38,CRY,4.8,0,1,0.01,0.02,0,1,2,0.1,0,0
,Hudson-Odoi,38,NFO,5.8,0,0,0.01,0.0,0,0,0,0.8,0,0
,Hirst,38,IPS,5.4,0,0,0.0,0.0,0,0,0,0.1,0,0
,Hinshelwood,38,BHA,5.1,0,3,0.02,0.59,0,1,0,0.0,0,1
,Henderson,38,CRY,5.0,0,0,0.0,0.0,0,1,0,7.6,2,0
,Heaven,38,MUN,3.8,0,2,0.01,0.13,0,1,0,1.0,0,0
,Havertz,38,ARS,7.3,0,1,0.01,0.14,0,1,0,0.3,0,0
,Harrison (Jack),38,EVE,5.2,2,1,0.01,0.04,0,0,0,0.1,0,0
,Haaland,38,MCI,14.8,0,4,0.02,0.98,0,1,0,69.7,0,0
,Gómez (Diego),38,BHA,4.9,3,3,0.16,0.14,0,3,0,0.1,0,1
,Gvardiol,38,MCI,5.9,0,1,0.04,0.16,0,1,0,5.4,0,0
,Gusto,38,CHE,4.9,0,0,0.0,0.0,0,0,0,1.0,0,0
,Gundogan,38,MCI,6.3,3,1,0.45,0.48,0,6,0,0.1,0,1
,Bruno Guimarães,38,NEW,6.6,1,1,0.07,0.06,0,2,0,3.7,0,0
,Gueye,38,EVE,5.4,0,0,0.02,0.0,0,0,0,0.1,0,0
,Gruda,38,BHA,5.4,4,1,0.28,0.08,0,3,0,0.1,0,0
,Greaves,38,IPS,3.8,0,1,0.01,0.03,0,0,2,2.3,0,0
,Gray (Archie),38,TOT,4.8,0,0,0.0,0.0,0,1,0,0.1,0,0
,Gravenberch,38,LIV,5.6,0,0,0.23,0.0,0,1,0,4.0,0,0
,Gordon (Anthony),38,NEW,7.5,0,1,0.02,0.02,0,0,0,3.1,0,0
,González (Nico),38,MCI,5.9,0,1,0.02,0.1,0,0,0,0.1,0,0
,João Gomes,38,WOL,5.4,0,2,0.05,0.15,0,1,2,0.1,0,0
,Beto,38,EVE,5.2,0,3,0.01,0.21,0,2,0,3.3,0,0
,Rodrigo Gomes,38,WOL,4.5,0,0,0.01,0.0,0,0,0,0.1,0,0
,Toti,38,WOL,4.3,0,0,0.01,0.0,0,0,0,0.1,0,0
,Gibbs-White,38,NFO,7.3,0,0,0.01,0.0,0,0,0,2.9,0,0
,Rúben Dias,38,MCI,5.5,0,0,0.05,0.0,0,0,2,4.5,0,0
,Garner,38,EVE,5.0,1,2,0.01,0.11,0,0,0,0.9,0,0
,Gonçalo Guedes,38,WOL,5.5,0,2,0.15,0.28,0,3,0,0.0,0,0
,Gakpo,38,LIV,7.6,0,2,0.2,0.07,1,3,0,14.1,0,0
,Füllkrug,38,WHU,5.6,0,1,0.04,0.16,0,1,0,0.7,0,0
,Matheus França,38,CRY,4.5,0,1,0.01,0.09,0,0,0,0.0,0,0
,Casemiro,38,MUN,5.5,0,4,0.09,0.18,0,2,2,0.6,0,0
,Foden,38,MCI,8.0,0,0,0.0,0.0,0,0,0,4.3,0,0
,Flekken,38,BRE,4.5,0,0,0.0,0.0,0,0,0,10.0,6,0
,Jota Silva,38,NFO,5.4,0,0,0.0,0.0,0,0,0,0.0,0,0
,Fernández,38,CHE,6.7,0,0,0.01,0.0,0,1,0,14.3,0,0
,Faes,38,LEI,3.8,0,0,0.0,0.0,0,0,2,5.2,0,0
,Fabianski,38,WHU,4.5,0,0,0.0,0.0,0,0,0,0.0,3,0
,Eze,38,CRY,7.6,0,0,0.59,0.0,0,1,0,14.2,0,0
,Evans (Jonny),38,MUN,4.4,0,1,0.0,0.02,0,0,0,0.1,0,0
,Evans (Jake),38,LEI,4.5,0,0,0.0,0.0,0,0,0,0.0,0,0
,Esse,38,CRY,4.7,0,0,0.0,0.0,0,0,0,0.1,0,0
,Mateus Fernandes,38,SOU,5.5,4,1,0.42,0.14,0,3,0,0.0,0,0
,Eriksen,38,MUN,5.2,1,3,0.05,0.94,0,3,0,0.2,0,0
,Endo,38,LIV,4.9,0,0,0.01,0.0,0,0,0,0.1,0,0
,Elliott,38,LIV,5.4,0,0,0.0,0.0,0,0,0,0.3,0,0
,Elanga,38,NFO,6.7,6,2,0.16,0.05,0,1,0,3.7,0,0
,Echeverri,38,MCI,5.4,0,0,0.01,0.0,0,0,0,0.0,0,0
,Díaz,38,LIV,8.0,0,3,0.04,0.72,0,1,0,0.0,0,0
,Downes,38,SOU,4.7,0,0,0.01,0.0,0,0,0,0.0,0,0
,Doucouré,38,EVE,5.1,0,0,0.0,0.0,0,0,0,0.5,0,0
,Dorgu,38,MUN,4.3,0,1,0.14,0.05,0,3,0,3.1,0,0
,Nicolás Domínguez,38,NFO,5.0,0,0,0.03,0.0,0,0,0,0.0,0,0
,Doku,38,MCI,6.5,0,5,0.16,0.28,0,1,0,5.0,0,0
,Doherty,38,WOL,4.4,0,0,0.01,0.0,0,1,0,0.1,0,0
,Dewsbury-Hall,38,CHE,4.9,0,0,0.0,0.0,0,0,0,2.9,0,0
,Devenny,38,CRY,4.4,0,1,0.01,0.08,0,0,0,1.1,0,0
,Delap,38,IPS,6.2,0,1,0.0,0.04,0,0,0,0.9,0,0
,De Bruyne,38,MCI,9.5,0,0,0.0,0.0,0,0,0,11.6,0,0
,Davis,38,IPS,4.2,3,0,0.12,0.0,0,3,0,0.9,0,0
,Davies (Ben),38,TOT,4.3,0,0,0.0,0.0,0,0,0,0.1,0,0
,Danso,38,TOT,4.3,0,0,0.0,0.0,0,0,2,0.2,0,0
,Damsgaard,38,BRE,5.8,1,0,0.08,0.0,0,1,2,0.6,0,0
,Dalot,38,MUN,4.4,0,2,0.0,0.04,0,0,0,1.0,0,0
,Daka,38,LEI,4.8,0,0,0.01,0.0,0,0,0,0.5,0,0
,Cuenca,38,FUL,4.4,0,0,0.0,0.0,0,0,2,0.0,0,0
,Cucurella,38,CHE,6.1,0,0,0.02,0.0,0,0,2,21.8,0,0
,Cresswell,38,WHU,3.9,0,0,0.0,0.0,0,0,0,1.7,0,0
,Coufal,38,WHU,4.1,0,0,0.0,0.0,0,0,0,0.4,0,0
,Colwill,38,CHE,4.8,0,1,0.01,0.58,0,0,0,0.1,0,0
,Collins,38,BRE,4.9,0,0,0.0,0.0,0,0,0,1.1,0,0
,Coady,38,LEI,4.0,0,0,0.0,0.0,0,0,0,0.5,0,0
,Clarke (Jack),38,IPS,5.4,0,2,0.16,0.1,0,1,0,0.0,0,0
,Chaplin,38,IPS,5.1,0,2,0.05,0.25,0,0,0,0.1,0,0
,Cash,38,AVL,4.6,0,1,0.01,0.06,0,0,0,5.2,0,0
,Calvert-Lewin,38,EVE,5.5,0,2,0.0,0.49,0,0,0,1.4,0,0
,Cajuste,38,IPS,4.5,0,0,0.04,0.0,0,1,0,0.1,0,0
,Cairney,38,FUL,4.9,0,2,0.0,0.23,0,1,0,0.0,0,0
,Moises Caicedo,38,CHE,6.0,0,0,0.03,0.0,0,0,2,19.9,0,0
,Burn,38,NEW,5.2,0,0,0.01,0.0,0,0,2,10.7,0,0
,Buonanotte,38,LEI,4.7,0,0,0.0,0.0,0,0,0,0.1,0,0
,Bueno (Santiago),38,WOL,4.4,0,0,0.0,0.0,0,0,0,0.1,0,0
,Brooks,38,BOU,5.0,3,3,0.19,0.33,0,2,0,0.2,0,0
,Broadhead,38,IPS,4.9,0,2,0.02,0.11,0,1,0,0.0,0,1
,Bradley,38,LIV,5.0,0,0,0.02,0.0,0,0,0,0.2,0,0
,Bowen,38,WHU,7.7,0,4,0.17,0.11,1,2,0,7.6,0,1
,Botman,38,NEW,4.9,0,3,0.0,0.41,0,0,0,0.7,0,0
,Bruno Fernandes,38,MUN,8.9,1,5,0.54,0.3,1,3,2,16.3,0,0
,Bissouma,38,TOT,5.2,0,0,0.0,0.0,0,0,0,0.0,0,0
,Berge,38,FUL,4.9,0,1,0.02,0.2,0,0,0,0.1,0,0
,Bentancur,38,TOT,5.3,0,0,0.02,0.0,0,0,2,0.4,0,0
,Bellegarde,38,WOL,5.2,0,0,0.0,0.0,0,0,0,0.0,0,0
,Bayindir,38,MUN,4.8,0,0,0.0,0.0,0,0,0,0.4,1,0
,Barnes,38,NEW,6.3,0,1,0.02,0.08,0,1,0,0.4,0,0
,Barkley,38,AVL,4.8,0,1,0.01,0.07,0,0,0,0.0,0,0
,Ricardo Pereira,38,LEI,4.1,0,0,0.01,0.0,0,0,0,0.1,0,0
,Baleba,38,BHA,4.7,0,3,0.03,0.07,0,1,2,2.1,0,0
,Ayew,38,LEI,5.1,1,2,0.03,0.06,0,0,0,0.2,0,0
,Ayari,38,BHA,4.9,3,1,0.23,0.02,0,1,0,0.3,0,0
,Asensio,38,AVL,6.0,1,0,0.02,0.0,0,1,0,2.4,0,0
,Kepa,38,BOU,4.2,0,0,0.0,0.0,0,0,0,0.5,0,0
,Archer,38,SOU,4.8,0,0,0.01,0.0,0,0,0,1.1,0,0
,Anderson,38,NFO,5.3,1,2,0.03,0.19,0,1,0,3.0,0,0
,Andersen,38,FUL,4.5,0,0,0.0,0.0,0,1,2,2.8,0,0
,Aluko,38,LEI,4.0,0,0,0.0,0.0,0,0,0,0.0,0,0
,Alexander-Arnold,38,LIV,7.2,6,1,0.31,0.01,0,2,0,16.7,0,0
,Alcaraz,38,EVE,5.2,0,5,0.01,0.27,0,0,0,0.1,0,0
,Akanji,38,MCI,5.4,0,1,0.01,0.41,0,0,0,0.3,0,0
,Ajer,38,BRE,4.4,0,1,0.0,0.14,0,0,0,0.2,0,0
,Ait Nouri,38,WOL,5.8,1,1,0.17,0.05,0,3,0,4.9,0,0
,Aina,38,NFO,4.7,0,1,0.34,0.02,0,1,0,2.5,0,0
,Agbadou,38,WOL,4.3,0,0,0.01,0.0,0,0,0,0.2,0,0
,Adingra,38,BHA,5.1,0,3,0.01,0.09,0,0,0,0.5,0,0
,Tosin,38,CHE,4.3,0,0,0.01,0.0,0,0,2,0.4,0,0
,Adams (Tyler),38,BOU,5.0,0,1,0.09,0.04,0,1,0,0.4,0,0
