Player UUID,Player Name,Player Name Norm,Web Name
16b72858-75e4-4125-ad3b-e13f81e6d815,Aaron Anselmino,aaron anselmino,Anselmino
b3ce891a-840c-4259-95d5-28dd820c0551,Aaron Hickey,aaron hickey,Hickey
f6ebd126-7139-4c02-9071-fe0c85cb5e2d,Aaron_Connolly_534,aaron connolly,Connolly
42309831-1ba1-4d68-80bb-754e846f2d73,Aaron_Cresswell,aaron cresswell,Cresswell
45bae922-b93e-4c3f-8428-5ef6392406fb,Aaron_Lennon,aaron lennon,Lennon
82261583-6d63-46a0-a277-6dd0c4304c3b,Aaron_Mooy,aaron mooy,Mooy
23671ec8-7065-451b-9fe5-b734e0eff580,Aaron_Ramsdale,aaron ramsdale,Ramsdale
fdddd3e0-3f83-43af-8409-f28b1d3ab27e,Aaron_Ramsey,aaron ramsey,A.Ramsey
3e037db3-443d-4b9b-a830-35bbfd0f0043,Aaron_Rowe_607,aaron rowe,Rowe
d69c83b4-9ace-4ae7-ae73-1cb70da28e14,Aaron_Wan-Bissaka,aaron wanbissaka,Wan-Bissaka
28963763-2118-4982-bb8a-1e325dd6bdcb,Abd-Al-Ali Morakinyo Olaposi_Koiki_564,abdalali morakinyo olaposi koiki,Koiki
94001f64-e120-4651-a525-8e428da51a26,Abdelhamid_Sabiri,abdelhamid sabiri,Sabiri
39f2024b-3ebb-4f11-a088-4541e6f8437e,Abdoulaye_Doucouré,abdoulaye doucoure,A.Doucoure
6da20176-efb4-4639-9809-8efd4495c95e,Abdukodir Khusanov,abdukodir khusanov,Khusanov
ab80caf5-04e0-49a2-bb6a-37d3c1268a85,Abdul Fatawu,abdul fatawu,A.Fatawu
1bcea839-56b3-4806-8a07-1989675c6229,Abdul Rahman_Baba,abdul rahman baba,Baba
fda717b7-865b-4a46-92cc-e04ce6b92e3c,Abel_Hernández,abel hernandez,Hernández
21836e21-2b5d-424f-a77d-d2041216a5b1,Aboubakar_Kamara_189,aboubakar kamara,Kamara
d8e1dbb9-2e08-459a-acd0-ae7a4d66f8c2,Abu Kamara,abu kamara,Kamara
ae9cd7e9-ae4a-46ca-aaed-03fc3ddd4579,Adalberto_Peñaranda_554,adalberto penaranda,Peñaranda
3ecf98f9-89d3-4172-934b-4599a5742505,Adam Armstrong,adam armstrong,Armstrong
94b94ba4-7c59-447f-8f84-56625fd36dbb,Adam Davies,adam davies,A.Davies
8ff95a0c-fee4-480b-97c8-1f10e4948775,Adam Wharton,adam wharton,Wharton
a2a49447-bb8c-4d2b-8be6-c74716925352,Adam_Clayton,adam clayton,Clayton
75e02677-75c9-42c8-955d-0029eb35421d,Adam_Federici,adam federici,Federici
2b076e8e-4aea-49da-be48-f6c08abf77bc,Adam_Forshaw,adam forshaw,Forshaw
34887d61-ee90-4f14-83ef-c3773908ef87,Adam_Idah_538,adam idah,Idah
f952396e-d6be-4326-a779-cd0cb6d44733,Adam_Lallana,adam lallana,Lallana
e966cdf8-bb97-4db4-995b-e155fa95a539,Adam_Legzdins,adam legzdins,Legzdins
2b56854a-104d-43fd-9219-0d0247b3f1b2,Adam_Masina_386,adam masina,Masina
6c36d38e-2201-4569-9652-ceae3b5ef02f,Adam_Matthews,adam matthews,Matthews
5b80c6e1-d700-4d7e-b9d7-6f7e9fb94ad6,Adam_Reach,adam reach,Reach
d92f206d-fd27-43f8-9351-9d3c5fcc337b,Adam_Smith,adam smith,Smith
5b35836f-f985-46bb-83bc-3605b2880b6d,Adam_Webster_493,adam webster,Webster
f97a1533-afbd-4ca9-867f-a7899ccd69bc,Adama Traoré Diarra,adama traore diarra,Adama
c76c8291-5796-4960-9400-4049deab33ad,Adama_Diakhaby_471,adama diakhaby,Diakhaby
d53fce4a-b928-4214-9e9f-960c9d623eef,Adama_Diomande,adama diomande,Diomande
c37ad7d3-49e1-4948-acd2-ce936735bc46,Adama_Traoré,adama traore,Adama
69e81729-23e8-49b0-9fb6-ff7589f3011b,Addji Keaninkin Marc-Israel_Guehi_624,addji keaninkin marcisrael guehi,Guehi
1d336f0c-140a-42bc-aabc-f1aba03ebab4,Adedapo Awokoya-Mebude,adedapo awokoyamebude,Mebude
da536f25-1710-4ffe-b6b8-847af7126d81,Ademipo Odubeko,ademipo odubeko,Odubeko
aee2bb52-f792-4b38-9b16-fea1c9ee6f4a,Ademola Ola-Adebomi,ademola olaadebomi,Ola-Adebomi
8b01af91-96a9-4e24-9d12-a8c783bf1701,Ademola_Lookman,ademola lookman,Lookman
688bb1c6-d519-4183-80fd-7a51a6fc4bd0,Adlène_Guédioura,adlene guedioura,Guédioura
2da1d20c-eab0-42de-9f82-982c8f402f76,Admiral Muskwe,admiral muskwe,Muskwe
07d88e7a-6b05-439e-b4f6-0fe46e447e8c,Adnan_Januzaj,adnan januzaj,Januzaj
683cce03-f90b-462d-952b-51f1d7c9b8ba,Adrian Blake,adrian blake,Blake
b0d20f57-e46a-4c68-9477-4d52e2c6f4a4,Adrian Mazilu,adrian mazilu,Mazilu
958115f0-dcc0-46e7-946d-883774a3cd17,Adrian_Mariappa,adrian mariappa,Mariappa
48e2c675-c890-4ad1-9c9e-a4cf3809d279,Adrien Sebastian_Perruchet Silva,adrien sebastian perruchet silva,Silva
f3b05bb2-544e-40f7-8c01-8663efcf015d,Adrien Silva,adrien silva,Silva
ae78ced9-bd3c-426f-98b6-95f9e91f390a,Adrián Bernabé,adrian bernabe,Bernabé
d8b2cc1c-4a69-4542-87d0-c37bc1e95fae,Adrián_San Miguel del Castillo,adrian san miguel del castillo,Adrián
2f3edc95-6826-4199-bb39-179cf9766b4d,Ahmed El-Sayed Hegazy,ahmed elsayed hegazy,Hegazi
152e6f14-bcdb-4859-8ea3-4b6393e37be2,Ahmed El-Sayed_Hegazi,ahmed elsayed hegazi,Hegazi
f6323dde-6bf6-44fe-91f5-95b523378f22,Ahmed_El Mohamady_22,ahmed el mohamady,El Mohamady
9a0cf6ba-430f-4a6a-afd8-472c4d161ae2,Ahmed_Elmohamady,ahmed elmohamady,Elmohamady
56e0f708-e570-414c-9ce5-f41d8b1c5334,Ahmed_Musa,ahmed musa,Musa
9f541833-7f02-426a-9de1-53603c245025,Aidan Francis-Clarke,aidan francisclarke,Francis-Clarke
68c702ce-393a-405e-bb92-e12217233708,Aiden_O'Neill,aiden oneill,O'Neill
3003d693-61f9-4157-bf7f-51389503be0c,Ainsley_Maitland-Niles,ainsley maitlandniles,Maitland-Niles
1c5dfcb1-7519-48be-a2ca-d829edd2fd26,Ajibola Alese,ajibola alese,Alese
7499b3f8-c2a7-4714-aa0a-65cfeffd13d3,Akin_Famewo_552,akin famewo,Famewo
33aeef90-88f5-4e0b-9a51-2eb2ef42babc,Albert Grønbæk,albert gronbaek,Grønbæk
26519591-834b-46dd-b94a-342a5f4f69aa,Albert Sambi Lokonga,albert sambi lokonga,Sambi
426b555e-627e-45fd-a326-f824d400d1ce,Albert_Adomah,albert adomah,Adomah
00633d30-d7a9-4ede-9a14-3e215f6a6493,Alberto_Moreno,alberto moreno,Moreno
6bbbc399-87a4-4d01-b1fd-4473540633cf,Albian_Ajeti_514,albian ajeti,Ajeti
4ceb8fde-e83d-4dc9-a41c-22aea6a25ae5,Aleix_García Serrano,aleix garcia serrano,García
399c1e0b-23ee-457d-a14a-f4ec965154f0,Alejandro Garnacho,alejandro garnacho,Garnacho
f0631990-c1be-464e-b3ec-0ac97dd58a6a,Alejandro Garnacho Ferreyra,alejandro garnacho ferreyra,Garnacho
95442beb-cf54-4d97-8268-27174b237515,Alejo Véliz,alejo veliz,Veliz
7c26ee68-5130-4154-9f98-adb2ae1bda56,Aleksandar_Dragovic,aleksandar dragovic,Dragovic
767b5bd8-ecad-49d8-a106-3b9629417b6e,Aleksandar_Kolarov,aleksandar kolarov,Kolarov
5e7e4143-4485-40a9-991f-9d056ed81835,Aleksandar_Mitrovic,aleksandar mitrovic,Mitrović
5f7e1f04-96e2-46da-94df-60d713da4cf0,Alex Kirk,alex kirk,Kirk
2b779f8f-7cc9-41b2-9004-d116f10aaa87,Alex Kral,alex kral,Kral
e09001e0-9635-4a50-b264-e1329d411876,Alex Matos,alex matos,Matos
69686340-285a-4018-8dac-79f2455c1186,Alex Mighten,alex mighten,Mighten
ab3e552a-49e7-4b89-9473-6dce7e8304ff,Alex Murphy,alex murphy,A.Murphy
ced83cb7-c2b3-4453-9d62-0bf3f2d19edb,Alex Nicolao Telles,alex nicolao telles,Telles
91b48326-f31a-4f4b-8e79-cdc2feb53aa9,Alex Paulsen,alex paulsen,Paulsen
95d373c3-3386-4433-a847-f97b2b7a34fe,Alex Robertson,alex robertson,Robertson
d74ee201-cbe2-4e8e-86f4-6ee5d2910758,Alex Scott,alex scott,Scott
cbfa96d6-b1b8-4332-9cf5-82f742ac0fc4,Alex Telles,alex telles,Alex Telles
eaf98e5d-9cee-4e6a-b2a5-bb3ff447e068,Alex_Baptiste,alex baptiste,Baptiste
43492dbb-26f2-4d40-9180-f1b327ec5926,Alex_Bruce,alex bruce,Bruce
ced6c3cf-35c9-413b-bfd4-6d5839d6827a,Alex_Iwobi,alex iwobi,Iwobi
0b884173-3eb7-4531-b176-91793b34c789,Alex_McCarthy,alex mccarthy,McCarthy
03c166c5-fd0c-4c21-8f75-859483a06010,Alex_Oxlade-Chamberlain,alex oxladechamberlain,Chamberlain
a49dd9d8-7ad2-4ff8-b063-f075e2e51147,Alex_Palmer,alex palmer,Palmer
62606932-4228-4ef3-b0f0-56572cbcecaf,Alex_Pike,alex pike,Pike
f24e04bd-761b-4a0b-b6eb-0e53b49a6bb8,Alex_Pritchard,alex pritchard,Pritchard
b1049117-4b41-4db9-98f5-ca585e94b2e1,Alex_Smithies_89,alex smithies,Smithies
294fb1a5-9071-4652-9d4c-03418dee222d,Alexander Isak,alexander isak,Isak
2c96f0a5-1b38-4edf-97bf-a61ece7621d1,Alexander_Manninger,alexander manninger,Manninger
080e38a2-adba-4e54-83df-f2c7d24d9e52,Alexander_Sørloth,alexander sorloth,Sørloth
4511a5fc-a34c-4705-9a91-77a0c8f339d1,Alexander_Tettey_289,alexander tettey,Tettey
82b7afa7-3df9-4a3e-8176-0434d6cf7484,Alexandre Jankewitz,alexandre jankewitz,Jankewitz
6fcbb20a-ae6a-4279-8aa1-14a2b8f65e56,Alexandre Moreno Lopera,alexandre moreno lopera,Alex Moreno
e75dbc9a-a6cb-4b89-a77c-08c96ba7334d,Alexandre Nascimento_Costa Silva_560,alexandre nascimento costa silva,Xande Silva
33f9904e-63e4-4226-a196-9221add414d9,Alexandre_Lacazette,alexandre lacazette,Lacazette
ffc0cf3f-bd0d-41ec-9a09-20ebf6f57e69,Alexis_Mac Allister_627,alexis mac allister,Mac Allister
3ab48610-2ce7-437b-846e-15d8ebd010a8,Alexis_Sánchez,alexis sanchez,Sánchez
f59256a9-b251-4da8-8b05-a1fe6ebabffc,Alfie Devine,alfie devine,Devine
7f5d966e-7d99-4639-88ca-1bc7ff38faed,Alfie Dorrington,alfie dorrington,Dorrington
74be8765-5eb0-4278-b2b4-40ce21f19824,Alfie Doughty,alfie doughty,Doughty
7ac9a5f4-ac1b-4537-b7d6-083e6accfafe,Alfie Gilchrist,alfie gilchrist,Gilchrist
a0f6c8f2-3970-434f-9d44-643ddb931bf8,Alfie Pond,alfie pond,Pond
3d29b917-6edc-475b-b6bd-ffcfe85c9ea6,Alfie_Jones_595,alfie jones,Jones
22beb22c-23b4-4189-8516-86789df09460,Alfie_Mawson,alfie mawson,Mawson
dde3eb2e-61be-4e54-8220-51a7df20ec37,Alfie_Whiteman,alfie whiteman,Whiteman
6165b605-38dc-41c1-9166-5ed7f117c615,Alfred_N'Diaye,alfred ndiaye,N'Diaye
1899e3bb-b8d0-4d87-9fd8-663b04f04b71,Ali Al-Hamadi,ali alhamadi,Al-Hamadi
b3c80485-4476-4a03-b8d5-f87c8922041b,Ali_Gabr,ali gabr,Gabr
2120e04a-eee5-4b4a-919b-aa028d98005a,Alireza_Jahanbakhsh_476,alireza jahanbakhsh,Jahanbakhsh
557a47a7-10ee-479a-9e5e-3f66f6813fc5,Alisson_Ramses Becker_468,alisson ramses becker,A.Becker
204ef02f-5f6e-4b36-b349-b6122c482505,Allan Campbell,allan campbell,Campbell
37a4de17-f849-4a84-b116-3c54b39a4beb,Allan Marques Loureiro,allan marques loureiro,Allan
3f4f314e-6dd2-4301-aaaa-9c305d74b55f,Allan Tchaptchet,allan tchaptchet,Tchaptchet
be8ef902-666b-43e5-bf7b-7e15aefbbecb,Allan-Roméo_Nyom,allanromeo nyom,Nyom
71412ab7-70fe-446f-b0fd-6cd857485035,Allan_McGregor,allan mcgregor,McGregor
408b7a23-1d9e-4162-8f90-30cfc20e0c82,Allan_Saint-Maximin_500,allan saintmaximin,Saint-Maximin
cc268657-46b7-46b2-9363-9063bc903253,Almen_Abdi,almen abdi,Abdi
022fb77c-7e6c-4c30-a1e8-2b7347622d1d,Alphonse Areola,alphonse areola,Areola
041e3b5b-84d8-454a-97c2-64ce79df9509,Altay Bayindir,altay bayindir,Bayindir
5efa4b90-ff03-4b62-ae08-d26d5bafc822,Amad Diallo,amad diallo,Amad
002ca703-2a3e-4a25-b1c2-03f3757180d3,Amadou Diallo,amadou diallo,Diallo
58531b54-85fe-4ae3-a114-7a7e377fc0ef,Amadou Onana,amadou onana,Onana
a0ac5ca9-4ba5-4de4-a304-a58f9d816305,Amara Nallo,amara nallo,Nallo
6de15403-d852-4a43-9e53-fe4227ab36eb,Amari'i Bell,amarii bell,Bell
91654bf8-9aae-466a-b1c5-6951fca6c7fd,Amario Cozier-Duberry,amario cozierduberry,Cozier-Duberry
b6ef71af-5e80-49c7-a0a7-245a366d0807,Ameen Al-Dakhil,ameen aldakhil,Al-Dakhil
e7eefeaa-6324-474a-a414-7d2972a5f370,Anass Zaroury,anass zaroury,Zaroury
2409832f-95ef-4827-96b1-5a4c0bce1687,Ander_Herrera,ander herrera,Herrera
a611e4ba-6edb-4f32-92d0-b65d14c009fd,Anders_Lindegaard,anders lindegaard,Lindegaard
228b426d-9b42-4d3b-8d18-264977d3d935,Andi Zeqiri,andi zeqiri,Zeqiri
5d064b95-d989-43d1-a43b-80bc7f325c38,Andoni Iraola,andoni iraola,Iraola
8183f32f-0f1b-44dc-b06c-db06519f216a,Andre Brooks,andre brooks,Brooks
77cf687a-36b4-4e58-8e52-f231e77ea601,Andre_Gray,andre gray,Gray
f63855c1-2f98-4654-830f-b8c63cfe137d,Andre_Green_32,andre green,Green
894bda90-3ca6-4f64-8c7d-cd4358aa46ee,Andrea_Ranocchia,andrea ranocchia,Ranocchia
fafca934-64e9-4d02-8ae0-bafa15af89b3,Andreas Hoelgebaum Pereira,andreas hoelgebaum pereira,Andreas
80fc3748-8f51-45f6-a686-3f87dd7603e0,Andreas Söndergaard,andreas sondergaard,Söndergaard
23751c81-764f-4d3c-b186-7144166eeea1,Andreas_Christensen,andreas christensen,Christensen
11b16d6f-11c5-4246-9766-b2b6d3f1c19c,Andreas_Pereira,andreas pereira,Pereira
d97132df-894a-4421-8576-de67e5b384ee,Andrew Moran,andrew moran,Moran
4bf492da-182b-4730-bea2-2d2b533bfe4e,Andrew Omobamidele,andrew omobamidele,Omobamidele
73d551fc-9526-4a2c-bce6-269058c162f0,Andrew_Eleftheriou,andrew eleftheriou,Eleftheriou
2a2aac08-cc9a-4ffd-b8e8-bdfd876c2742,Andrew_Robertson,andrew robertson,Robertson
d8d7a8a5-b458-4c02-8572-094a9ffdd2c7,Andrew_Surman,andrew surman,Surman
1c161dca-10d6-4de0-b64c-b0752570fb6b,Andrey Nascimento dos Santos,andrey nascimento dos santos,Andrey Santos
bccb5c12-b9db-4b3a-80da-e9981dc07067,Andriy_Yarmolenko_453,andriy yarmolenko,Yarmolenko
c73a221a-0ead-45e5-b029-b591ca7214c7,Andros_Townsend,andros townsend,Townsend
ccc5f5d4-3bdc-4239-bfc1-a913fc50042f,André Filipe_Tavares Gomes_508,andre filipe tavares gomes,André Gomes
5a98624d-1f04-4e48-8a6f-8f547911f074,André Onana,andre onana,Onana
34abbb76-cd05-4b3a-a2a3-227a5a4304fa,André Tavares Gomes,andre tavares gomes,André Gomes
472c89bd-a8b4-4404-85e8-a4a4fdf7e673,André Trindade da Costa Neto,andre trindade da costa neto,André
bd880c14-be0a-4324-b12f-a171bb98d6cc,André-Frank_Zambo Anguissa_512,andrefrank zambo anguissa,Anguissa
51bc982e-8d72-451b-8e76-3e27c3791fd3,André_Ayew,andre ayew,A.Ayew
a16d98fe-7253-4179-8bc4-e5bf1f24f125,André_Carrillo,andre carrillo,Carrillo
f8f5f845-b6e9-488d-aa90-077abef786a9,André_Schürrle_478,andre schurrle,Schürrle
94e884e8-915b-465a-873a-04e1a120d2c0,Andrés García,andres garcia,A. Garcia
ae545440-3964-4bc0-b601-7e84d3d9247d,Andy Irving,andy irving,Irving
e629c3ce-7823-487b-942d-4e7635f76047,Andy_Carroll,andy carroll,Carroll
41358d04-14f0-4628-b78b-075f69ec5532,Andy_King,andy king,King
0afd88e3-62ce-4e39-ae20-d2bd99d9258b,Andy_Lonergan_530,andy lonergan,Lonergan
6b4af713-b78e-427b-b526-3b26de73077b,Anel Ahmedhodžić,anel ahmedhodzic,Ahmedhodžić
73947519-4a7c-46c4-b279-dbb40f102cae,Ange Postecoglou,ange postecoglou,Postecoglou
bad7dfdb-a980-47b0-b2d4-33a3f097d88b,Angel_Gomes,angel gomes,Gomes
d7f946f7-103a-450c-af8c-38246e12622a,Angel_Rangel,angel rangel,Rangel
e690037a-3c37-4f6a-b6bd-836ecdc34c27,Angelo_Ogbonna,angelo ogbonna,Ogbonna
03d46389-1d60-4c8e-aa35-5aa66516d607,Angus_Gunn,angus gunn,Gunn
1201309c-b2bc-468e-b6f8-cc1d323996ad,Anis Slimane,anis slimane,Slimane
5fda4bbe-19b4-4668-8a8d-986fda158451,Anssumane Fati Vieira,anssumane fati vieira,Ansu Fati
93669c17-ab35-42a3-830e-4a42f2a857e9,Anthony Elanga,anthony elanga,Elanga
0ed74ff6-b791-4397-a9df-208fbbfc995a,Anthony Mancini,anthony mancini,Mancini
c8e9b1a7-94cb-4488-ba2c-54de16caaf44,Anthony_Driscoll-Glennon_615,anthony driscollglennon,Driscoll-Glennon
b2a0d2da-2ddd-45d6-a3b9-02ef9c079c0b,Anthony_Gordon_561,anthony gordon,Gordon
1eace504-7c1f-45f9-9a8c-c6d33a9c3ef9,Anthony_Knockaert,anthony knockaert,Knockaert
28ef1d1d-5b17-478a-9e9e-10a9f2b9f538,Anthony_Martial,anthony martial,Martial
730caae5-39ae-42c0-8fb6-241961e04e78,Anthony_Pilkington_103,anthony pilkington,Pilkington
e2d76277-7e9c-4ec9-8075-02474349e475,Antoine Semenyo,antoine semenyo,Semenyo
0baedf03-de0d-40b1-9545-422f80111c74,Antonee Robinson,antonee robinson,Robinson
cb9bb00b-eaea-4bbe-b54d-96107ec973f7,Antonio_Barragán,antonio barragan,Barragán
0de633ce-b1d1-4fd8-8e54-aae67b7d0076,Antonio_Barreca_588,antonio barreca,Barreca
3561564e-7bbc-4484-a550-92756a21cef0,Antonio_Martinez Lopez,antonio martinez lopez,Martínez
2622e8ea-e9e0-45fb-a5b9-8b3ffdfdd8d1,Antonio_Rüdiger,antonio rudiger,Rüdiger
de26f336-6c65-4e93-87da-bd43af11aae3,Antonio_Valencia,antonio valencia,Valencia
822f8cc5-e29e-4be9-8664-5815a22deb73,Antony Matheus dos Santos,antony matheus dos santos,Antony
b3ba75fe-292e-45b2-838a-c63479d62b03,Antonín Kinsky,antonin kinsky,Kinsky
0abd3a2f-339c-42c8-ad42-ab2ed8d6efe8,Antwoine Hackford,antwoine hackford,Hackford
7bec339b-5588-441c-970a-17b59a9a19c2,Anwar_El Ghazi_30,anwar el ghazi,El Ghazi
110d8796-3666-4f99-9da4-001113a5a9e0,Archie Gray,archie gray,Gray
2b47351d-3fc1-4485-9b37-2d0243fc5c9e,Archie Harris,archie harris,Harris
7db0ff7f-d187-484a-bc8c-44efb79c44f7,Archie_Mair_551,archie mair,Mair
83b19fb7-0fcd-43ad-a122-769de0046741,Aribim Pepple,aribim pepple,Pepple
f9c28d54-daa8-4e6c-b54e-81c5d48fa1fa,Arijanet_Muric_529,arijanet muric,Muric
50948c70-5534-4b87-bb60-8139ac0e909c,Armando_Broja_631,armando broja,Broja
3f2d717a-feaa-4a5b-83c3-58be9aa26ef0,Armel Bella-Kotchap,armel bellakotchap,Bella-Kotchap
4767ae35-9b0e-419c-a7d5-4bbfcc31605a,Armstrong Oko-Flex,armstrong okoflex,Oko-Flex
fc7101a2-e1e5-4947-b072-1771d90e6ef9,Arnaut Danjuma,arnaut danjuma,Danjuma
5eb78e61-575b-4b43-bbf3-2c5cd9822e29,Arnaut_Danjuma Groeneveld_492,arnaut danjuma groeneveld,Danjuma
0989ff95-ce73-4179-8a26-fa5bf6ea7b4b,Arne Slot,arne slot,Slot
4540c12b-14ca-43e6-95e5-13b2fcea6c2e,Aron_Gunnarsson_102,aron gunnarsson,Gunnarsson
a6d21360-bdf6-4ebf-bf56-217009372289,Arouna_Koné,arouna kone,Koné
f9f36c52-a22c-47fa-8bed-e2e1cb260752,Arthur Henrique Ramos de Oliveira Melo,arthur henrique ramos de oliveira melo,Arthur
bf96ca06-1b72-4c8b-8cca-483a60b877d4,Arthur Okonkwo,arthur okonkwo,Okonkwo
d79927b2-fa7f-4746-bb8e-a7f5dc4b4f91,Arthur_Masuaku,arthur masuaku,Masuaku
da7d5f7c-c17c-44f9-bc92-33cd41fc0c2d,Artur_Boruc,artur boruc,Boruc
dab4974b-7610-401a-bc42-86bc70c9fbb3,Asher Agbinone,asher agbinone,Agbinone
dd81090d-00fa-4971-aa3b-19e49cb78764,Ashley Darel Jazz_Richards_96,ashley darel jazz richards,Jazz Richards
e1e9b5f7-48e1-421b-986e-2ffd3526ba66,Ashley Phillips,ashley phillips,A.Phillips
99002292-57d9-4b1d-af8d-d7c93c484324,Ashley_Barnes,ashley barnes,Barnes
92a94e3c-b15a-4099-ad96-3067592429f9,Ashley_Fletcher,ashley fletcher,Fletcher
8a9d7182-93f6-47aa-87a0-03cb8175e5ab,Ashley_Westwood,ashley westwood,Westwood
b2e228e9-b767-48e8-b650-9cff7bd4cfb2,Ashley_Williams,ashley williams,Williams
51ad18ae-dc24-4c38-9ca3-cde1e80ef554,Ashley_Young,ashley young,Young
ad1a05e5-04b9-4932-8a1b-218e3e48e94e,Asmir_Begovic,asmir begovic,Begovic
7a8851df-a9ed-4a1f-820d-e3a85b21aac8,Auston Trusty,auston trusty,Trusty
17dd5069-557a-4cc4-b17f-53c076ad28a1,Axel Disasi,axel disasi,Disasi
863b8510-6ec9-4db9-88e1-3e10fd1c27da,Axel Piesold,axel piesold,Piesold
7e39c219-b939-4251-9f05-4b46b6a1301e,Axel_Tuanzebe,axel tuanzebe,Tuanzebe
24ce447e-9eef-4220-8d8a-445b2e56a934,Ayden Heaven,ayden heaven,Heaven
871f44dc-2e6b-4f04-ac88-ce7d2e4e2a1a,Aymeric_Laporte,aymeric laporte,Laporte
7e7d35a6-b058-4a2f-996e-c779c6ecc294,Ayotomiwa_Dele-Bashiru_563,ayotomiwa delebashiru,Dele-Bashiru
e262d455-e97c-4bcc-9626-f412a9b5156c,Ayoze_Pérez,ayoze perez,Pérez
b0472061-cd78-4e89-97ed-0e6c9bef461b,Bacary_Sagna,bacary sagna,Sagna
29f0f5c8-0dd6-447a-bf97-9fff602cf971,Bafétimbi_Gomis,bafetimbi gomis,Gomis
1e28392e-3a21-45ea-92a3-13033eed20f1,Bailey_Peacock-Farrell_495,bailey peacockfarrell,Peacock-Farrell
ccc2b071-31e7-4048-acc3-cb6951ce53f9,Baily_Cargill,baily cargill,Cargill
8198031c-74a7-4d47-89c2-b1efff237435,Bakary_Sako,bakary sako,Sako
1df1ed00-9b05-41c2-acb3-b9590558bb9d,Bali Mumba,bali mumba,Mumba
56cafc8d-c0da-4719-8259-8ed162abdf35,Bamidele_Alli,bamidele alli,Dele
4c312b13-ad1c-421f-bc07-05c88a45c100,Barry_Douglas_424,barry douglas,Douglas
0d82d0aa-7a5e-4b04-8a09-4863f249cac7,Bart Verbruggen,bart verbruggen,Verbruggen
d2769b92-2145-4204-886c-4de3f6c7e4b7,Bartosz_Kapustka,bartosz kapustka,Kapustka
f5cfcb05-9a3d-47fc-a389-f10d71b08483,Bashir Humphreys,bashir humphreys,Humphreys
9e75f2e0-b4f4-4bef-91a3-148d81c2a97d,Bastian_Schweinsteiger,bastian schweinsteiger,Schweinsteiger
13b97ee3-5afc-4534-9907-990418c4fe55,Bastien Meupiyou,bastien meupiyou,Meupiyou
4a5f4ef3-40d6-49c0-b097-a71f7745ffbc,Ben Brereton,ben brereton,Brereton Díaz
6d0edbcd-486d-4bd5-990c-a173a9669417,Ben Brereton Díaz,ben brereton diaz,Brereton Díaz
a6cbfc53-7473-4c96-95df-830bba437fef,Ben Broggio,ben broggio,Broggio
4bd4f3bb-655e-4bc4-9828-8c6cddbac564,Ben Chilwell,ben chilwell,Chilwell
5b36fb4a-e12c-4019-98c4-a6e711452946,Ben Doak,ben doak,Doak
368e8e0b-a14b-4bdb-884d-baee7cd1edc0,Ben Greenwood,ben greenwood,Greenwood
333bdd8b-7f9a-4e3a-938e-306d89c50edc,Ben Jackson,ben jackson,Jackson
857b63fa-49ee-4df3-b692-95b19ff1f06a,Ben Knight,ben knight,Knight
a3a71876-92e8-4c28-8a14-c56b7ea9b39f,Ben Nelson,ben nelson,Nelson
c9d9a439-7885-435c-b549-b7443a675388,Ben Parkinson,ben parkinson,Parkinson
74e3827a-040f-41c5-ac68-4e81d592e8e2,Ben Pearson,ben pearson,Pearson
a9bba92b-d8b9-466e-81f6-4efd21e249ed,Ben Winterburn,ben winterburn,Winterburn
3e20649c-3f65-4d75-998a-a137be556e95,Ben_Davies,ben davies,Davies
5b3c5838-84a6-44ca-8d87-553445724e9c,Ben_Foster,ben foster,Foster
01d1c59d-f67e-481a-ae14-145782e0956d,Ben_Gibson,ben gibson,Gibson
523378e7-4c3d-4c5b-a624-5a839b6f5b19,Ben_Godfrey_273,ben godfrey,Godfrey
62a2b4cc-3fce-401a-b374-e732ece2e076,Ben_Hamer,ben hamer,Hamer
718034d1-1259-42f5-93b1-065ed84df157,Ben_Hinchcliffe,ben hinchcliffe,Hinchcliffe
d4a1a307-ee66-4503-957d-b7e17fd43e13,Ben_Johnson,ben johnson,Johnson
1d09665b-d310-43a9-8c61-b796a715a124,Ben_Mee,ben mee,Mee
01d9e2c2-79d9-4ae9-9ade-008db3292ee2,Ben_Osborn_472,ben osborn,Osborn
5216a482-dbcf-49d5-b59a-2f2fac47f289,Ben_Watson,ben watson,Watson
450bb2fa-45ce-4d8d-b428-6481c1227a97,Ben_White_559,ben white,White
7f1985e1-e457-47aa-93c3-43ae266b0ce2,Ben_Wilmot_544,ben wilmot,Wilmot
ccf8c576-8a90-4e98-ab4f-d9d3ee7d7e15,Ben_Woodburn,ben woodburn,Woodburn
c543c4ab-3f9f-4d44-a508-b4787140529e,Ben_Wynter,ben wynter,Wynter
57640b67-1f88-4ad5-9181-6fbd9d8b2409,Bendegúz Bolla,bendeguz bolla,Bolla
53e9283d-9902-4e7e-a17c-29dae7726650,Beni_Baningime,beni baningime,Baningime
c1a20886-cf92-435b-971a-0df7a6c3170e,Benicio Baker-Boaitey,benicio bakerboaitey,Baker-Boaitey
a38bdeb5-7914-412c-923b-7a71ff8447f6,Benik_Afobe,benik afobe,Afobe
826f4b69-f1a3-44f3-a507-f0fa51655e93,Benjamin Arthur,benjamin arthur,Arthur
d0d43901-4d0a-4c5b-a83c-f6dc9d832520,Benjamin Chrisene,benjamin chrisene,Chrisene
a1a74c5a-f95a-4b3a-9e13-188b01780d76,Benjamin Fredrick,benjamin fredrick,Benjamin Fredrick
c201c1ef-5808-4aab-a2b1-a6bbf04bc501,Benjamin White,benjamin white,White
a2168fcc-04d9-4581-99b7-f128426ec1c3,Benjamin_Chilwell,benjamin chilwell,Chilwell
975d779a-0abb-4b62-9292-e90595739efc,Benjamin_Mendy,benjamin mendy,Mendy
90e357ca-d150-43c6-b9ee-e80226293878,Benoît Badiashile,benoit badiashile,B.Badiashile
67aa1961-7285-4634-8b39-c5c0f080f12a,Beram_Kayal,beram kayal,Kayal
2a130fdc-1357-457f-992f-ae0ac87b5cdd,Bernard_Anício Caldeira Duarte_507,bernard anicio caldeira duarte,Bernard
6769683c-d8f7-48ca-861a-6bb64031b2ff,Bernard_Ashley-Seal_559,bernard ashleyseal,Ashley-Seal
dceb9cd3-b17f-487d-979a-de75de8bfb1c,Bernardo Mota_Veiga de Carvalho e Silva,bernardo mota veiga de carvalho e silva,Bernardo
3254112c-095f-4baf-a8bb-39bd4a4d9ff3,Bernardo Veiga de Carvalho e Silva,bernardo veiga de carvalho e silva,Bernardo
6ddcfab9-4fd6-40c8-85eb-228970cd4265,Bernardo_Costa Da Rosa_595,bernardo costa da rosa,Rosa
0e8f3e27-5653-40b0-9e82-b57f2042559b,Bernardo_Espinosa Zúñiga,bernardo espinosa zuniga,Bernardo
78641b85-ddb8-4404-9473-931e03fd23da,Bernardo_Fernandes da Silva Junior_440,bernardo fernandes da silva junior,Bernardo
87000e12-54b6-4e87-a5d7-2a185961d82d,Bernd_Leno_2,bernd leno,Leno
dd471307-59ce-40b5-ac1b-2f62d79f0bbc,Bertrand_Traore,bertrand traore,Bertrand Traoré
6ac3c50d-c5ff-41f2-acae-d2b149fd74a6,Bilal El Khannouss,bilal el khannouss,El Khannouss
3d022ebe-ad9f-4440-a3a5-5c658ba08dc6,Billy Blacker,billy blacker,Blacker
85c35553-52f8-4d81-be7e-e55cb2e0eaa9,Billy Crellin,billy crellin,Crellin
5e3aa3e1-3774-4e46-aa63-a25593416c52,Billy Koumetio,billy koumetio,Koumetio
7e80c2c0-a894-4d9b-84b1-b9c666d311fd,Billy_Gilmour_533,billy gilmour,Gilmour
69f81202-be4c-403b-8bb5-d49797603cf9,Billy_Jones,billy jones,Jones
200bde14-1cd6-4336-9d3f-8c87c335c1c3,Billy_Sharp_298,billy sharp,Sharp
592bdbd2-c125-42a1-9710-57290077d7e2,Birkir_Bjarnason_33,birkir bjarnason,Bjarnason
6391a5bf-2199-4a3f-9617-0560c9af1707,Bjorn_Engels_455,bjorn engels,Engels
7dbc64e9-c02c-4284-b989-3306886664c0,Boaz_Myhill,boaz myhill,Myhill
6e0298e2-848f-4f73-90b0-13c37b8afd6c,Bobby Clark,bobby clark,Clark
5194ff46-00fd-4156-ba84-6b3fa063b05d,Bobby De Cordova-Reid,bobby de cordovareid,De Cordova-Reid
8c319f12-9381-4658-850a-7bd046211559,Bobby Decordova-Reid,bobby decordovareid,Decordova-Reid
592a9c76-7b59-473e-b993-4743fd7591d1,Bobby Thomas,bobby thomas,Thomas
11887ea7-8819-4872-b3a2-2f16a50d1aee,Bobby_Reid_110,bobby reid,Reid
67a1ede2-7307-468b-8e53-a6781d432b83,Bojan_Krkic,bojan krkic,Bojan
589c79c5-15d2-40f4-b360-ea08189d125c,Bojan_Krkic Perez,bojan krkic perez,Bojan
0adbdc54-0d50-432e-8cfe-76d8136ac3cf,Bonatini Lohner Maia_Bonatini_438,bonatini lohner maia bonatini,Bonatini
71264edb-73e1-4b28-9994-32a0708d9fc3,Borja_Bastón,borja baston,Bastón
9a58e219-3561-4741-82b2-fda0d6336b14,Borja_González Tomás_623,borja gonzalez tomas,Bastón
ead71091-c65b-4bf1-9fb5-c561e41ae7e8,Boubacar Kamara,boubacar kamara,Kamara
241ebff2-6e5f-482b-87ed-5c4fe4a65089,Boubacar Traoré,boubacar traore,B.Traore
30a97dc1-21fb-42b2-866a-71bef634af61,Boubakary Soumaré,boubakary soumare,B.Soumaré
12dc08c3-aacc-4ae5-b2c7-e4de0161ceb1,Bradley Ibrahim,bradley ibrahim,Ibrahim
50acc5ea-dd76-4601-85a4-0c9034112370,Bradley_Guzan,bradley guzan,Guzan
46a6bed2-247a-4d99-882a-686b4201373d,Bradley_Smith,bradley smith,Brad Smith
6b8904f2-4f2c-41ad-921e-0783bf4f93a7,Brahim_Diaz,brahim diaz,Diaz
168d3204-e88c-4e91-b86f-d114e85c4aff,Braian Ojeda Rodríguez,braian ojeda rodriguez,Ojeda
34814933-6cb0-4e48-adf2-62e78e01109c,Brajan Gruda,brajan gruda,Gruda
b894a503-160c-4084-ba43-e520e025788e,Brandon Aguilera Zamora,brandon aguilera zamora,B.Aguilera
642fec88-0bbf-4c78-ad6d-c64afcc66fd4,Brandon_Austin_558,brandon austin,Austin
62f5e719-036b-4e35-bd85-51c192f2e594,Brandon_Mason,brandon mason,Mason
26c41ce2-be7c-4cf3-9109-ecf52e8e5d3b,Brandon_Pierrick_580,brandon pierrick,Pierrick
69c5e213-dd15-464a-8f7e-be9958c367c3,Brandon_Williams_549,brandon williams,B.Williams
741247b8-6638-4249-92b6-176f75695b0d,Branislav_Ivanovic,branislav ivanovic,Ivanovic
0a1af327-49b8-4c70-8cca-7a948aba564c,Brayden Clarke,brayden clarke,Clarke
eabeb6cb-feed-419b-b4ea-5b7109903194,Brendan_Galloway,brendan galloway,Galloway
61e342db-0b02-4e21-917f-f5a4d80e3384,Brenden Aaronson,brenden aaronson,Aaronson
aba972e1-221f-4df0-97c7-4b05abf09654,Brennan Johnson,brennan johnson,Johnson
8288117e-a665-47d7-b334-7ae4163beb02,Brian_Lenihan,brian lenihan,Lenihan
9d185b89-e7b4-4cc3-96e6-cce59706c09e,Brian_Murphy_537,brian murphy,Brian Murphy
1d57a4ad-4827-43d9-b28c-51597b9b2a0f,Brice Samba,brice samba,Samba
8bb2079a-b6bc-4610-b319-98fa1422fc84,Brice_Dja Djédjé,brice dja djedje,Dja Djédjé
12f43edc-200b-44fd-bba5-f2d60b18f59a,Bright_Enobakhare_436,bright enobakhare,Enobakhare
c87c8ee2-a851-4572-9781-7384a5d79332,Bruno André_Cavaco Jordao_609,bruno andre cavaco jordao,Jordão
a96678d8-d4e7-4b49-8e91-3ecf275202fd,Bruno Borges Fernandes,bruno borges fernandes,B.Fernandes
226bc4ff-8da4-42c3-8074-2bf54d664b2d,Bruno Cavaco Jordão,bruno cavaco jordao,Jordão
fe43c7d0-824a-412d-82e5-b707b8b305f5,Bruno Guimarães Rodriguez Moura,bruno guimaraes rodriguez moura,Bruno G.
779a02b1-fd37-4155-8eee-8da80b40e042,Bruno Miguel_Borges Fernandes_618,bruno miguel borges fernandes,Fernandes
d7ee7d60-4b52-4c49-8ab8-154c78e2b546,Bruno_Ecuele Manga_92,bruno ecuele manga,Ecuele Manga
5ff8cf63-3a09-41bd-a936-374a9f53db85,Bruno_Martins Indi,bruno martins indi,Martins Indi
6838f1bc-cd9c-4fba-a5d3-c58218eb4105,Bruno_Saltor Grau,bruno saltor grau,Bruno
0d343efd-22dc-4c34-8112-c74e436af99a,Bryan Gil Salvatierra,bryan gil salvatierra,Bryan
ce462176-a351-473a-947d-8d9cd0c4e12f,Bryan Mbeumo,bryan mbeumo,Mbeumo
d2b56eb7-a8c1-4ab3-8276-14281fba049f,Bryan_Oviedo,bryan oviedo,Oviedo
25926206-fae1-4680-a16f-a85d1bc6a5ea,Bukayo_Saka_563,bukayo saka,Saka
7082a481-b2e5-4061-9527-0f5a5ac96016,Bénie Traoré,benie traore,T.Bénie
e4303a69-bb1d-4a1e-bf2d-bea381967230,CJ Egan-Riley,cj eganriley,Egan-Riley
3a9e94b9-fc74-4269-8ea8-ce302fb8a935,Caglar_Söyüncü_515,caglar soyuncu,Söyüncü
86ce3de5-abf1-4fb2-9437-05e9ed82a64e,Caleb Kporha,caleb kporha,Kporha
28f12b64-a0c1-41dc-9330-cdf36c3b2942,Caleb Okoli,caleb okoli,Okoli
93a3f475-1bc2-46b8-b46c-95497b4298cf,Caleb Taylor,caleb taylor,Taylor
5d317980-e613-438c-8c49-f5a193cc2065,Caleb Watts,caleb watts,Watts
c154d901-0bb2-4caf-90af-7c37c4800a05,Caleb Wiley,caleb wiley,Wiley
71b9012f-8a56-4e22-af26-ddfdd50d6b21,Callan McKenna,callan mckenna,McKenna
0dda96fc-a122-4a00-b38c-a26e0ec59a52,Callum Bates,callum bates,Bates
57f21e59-1635-4457-a3dc-1076cce4dc56,Callum Marshall,callum marshall,Marshall
2fb4ada1-383d-4d8b-b574-644b984feac1,Callum Olusesi,callum olusesi,Olusesi
ae21b59c-8f49-42a9-8e88-357511dd6103,Callum Scanlon,callum scanlon,Scanlon
89e61a7e-1bba-4947-8387-824324552bb3,Callum_Hudson-Odoi,callum hudsonodoi,Hudson-Odoi
60f14c39-4b82-426c-aa5e-42907ee6cd14,Callum_McManaman,callum mcmanaman,McManaman
38a5df2a-6231-4623-9341-8753c5b0a51e,Callum_Paterson_101,callum paterson,Paterson
41a4d5bd-e8e1-45d3-b15c-a56adb61ac16,Callum_Roberts_577,callum roberts,Roberts
a20ac11d-c17c-46ba-8a54-3a341f4e5ac5,Callum_Robinson_453,callum robinson,Callum Robinson
5bad8bd1-6164-4471-8916-8aa62d87bf0c,Callum_Slattery_570,callum slattery,Slattery
4d640ef8-e294-42b7-a9a4-5ad6b9c1434b,Callum_Wilson,callum wilson,Wilson
e6d97943-0853-4053-b46f-0b09232b5dca,Calum_Chambers,calum chambers,Chambers
6db8eabe-df87-4ea7-a1b8-80f5360c847b,Calvin Bassey,calvin bassey,Bassey
6cce0119-f647-45f5-a5bd-c9d0b5982ca0,Calvin Ramsay,calvin ramsay,Ramsay
8ee9a9b8-cbe3-4d8a-b3de-bfc65dbd0c8c,Cameron Archer,cameron archer,Archer
210899ca-68a9-432e-b5ff-bc2dc79d6a7f,Cameron Burgess,cameron burgess,Burgess
20c66aeb-1cff-4c0d-8eac-8784494cd1e0,Cameron Humphreys,cameron humphreys,Humphreys
57c2d417-7aeb-4eae-9267-294392afc277,Cameron Peupion,cameron peupion,Peupion
9bb0ff00-6908-44d5-839b-89cc82cff30a,Cameron Plain,cameron plain,Plain
fa6f4597-2f06-4103-83be-7d4512b95b5c,Cameron_Borthwick-Jackson,cameron borthwickjackson,Borthwick-Jackson
becba610-641f-4579-811a-22ee40cf2214,Cameron_Brannagan,cameron brannagan,Brannagan
3ddf4c2f-99a2-4bfc-9b85-28054af4ef80,Cameron_Carter-Vickers,cameron cartervickers,Carter-Vickers
630a19b5-5a46-4e50-85d6-319cc1285d6f,Cameron_John_596,cameron john,John
40226e47-afdf-40c8-8d2f-d8d044a0e545,Caoimhin_Kelleher_531,caoimhin kelleher,Kelleher
d3a641af-3a0c-41f7-a7f5-3ca65ae47fbb,Carl Rushworth,carl rushworth,Rushworth
f1038732-c4bf-418a-8080-bfe938cd4014,Carl_Jenkinson,carl jenkinson,Jenkinson
a037d7fc-0342-4f94-bc12-5ec61e24bb56,Carl_Stewart,carl stewart,Stewart
427996bf-c574-49c7-8682-e469e01bd59f,Carlos Alcaraz,carlos alcaraz,Alcaraz
10896d4c-9996-4297-b7d5-96c3d0943004,Carlos Alcaraz Durán,carlos alcaraz duran,Alcaraz
8a6bf726-75f8-4bf7-8eec-b26e5409ca6d,Carlos Baleba,carlos baleba,Baleba
22ece02c-4f53-4815-bca1-629854a5f2cd,Carlos Henrique Casimiro,carlos henrique casimiro,Casemiro
487d6e29-ad18-474b-947a-2ae4002dba16,Carlos Mendes Gomes,carlos mendes gomes,Mendes
0220adad-aef0-434b-a4bd-e2a794c98573,Carlos Miguel dos Santos Pereira,carlos miguel dos santos pereira,C.Miguel
9371121f-aae4-4592-873b-f6f151a7928e,Carlos Ribeiro Dias,carlos ribeiro dias,Cafú
7d9bb18c-c31b-420a-8011-d3b7a868eb71,Carlos Roberto Forbs Borges,carlos roberto forbs borges,Forbs
3584d3aa-0868-4e09-aa5a-3ee7525707a3,Carlos Soler,carlos soler,C.Soler
4473ab74-0b09-463c-b3aa-325db05a9dd6,Carlos Vinicius Alves Morais,carlos vinicius alves morais,Vinicius
2ce47769-9bd5-4e50-9728-8a39664d4fdc,Carlos_De Pena,carlos de pena,De Pena
8c9364ee-40f9-4fa8-9130-451998c77c8c,Carlos_Sánchez_518,carlos sanchez,Carlos Sánchez
134fb6e8-a9f5-403d-ab0b-3a4a2bea576e,Carlton Morris,carlton morris,Morris
023e1438-2c88-492e-b9ac-61d1e7a0f8cf,Carney Chukwuemeka,carney chukwuemeka,Chukwuemeka
d09ae2fa-617d-4d24-b0f0-8a788b32b62e,Cauley Woodrow,cauley woodrow,Woodrow
60d485c6-24d9-4b1d-83db-70dd391229ad,Cedric Kipre,cedric kipre,Kipre
a72bccc7-f072-42fa-ad87-7983982c1c15,Cengiz Ünder,cengiz under,Ünder
332bfc4a-1251-4506-b696-ff9e257ecd39,Cenk_Tosun,cenk tosun,Tosun
81a8f7b5-7223-4495-9fb2-45c43b9ec882,Cesare Casadei,cesare casadei,Casadei
23a4c96f-6d11-4be0-9b7d-ae264d1bd3a6,Cesc_Fàbregas,cesc fabregas,Fàbregas
58738dab-44cd-4649-9cc9-f4e84c8cc40d,Chadi Riad Dnanou,chadi riad dnanou,Chadi Riad
99be95b9-4c23-4047-9f09-d610a0d3f4b0,Chancel_Mbemba,chancel mbemba,Mbemba
17c3a9d2-bcc5-4990-b8a7-c4c164c09048,Charles Sagoe,charles sagoe,Sagoe
8dad5d27-231f-4f3d-8d98-0246ad3e5e68,Charlie Cresswell,charlie cresswell,Cresswell
0bf52b6e-8476-43eb-adec-8c65fa93bf48,Charlie Goode,charlie goode,Goode
cc1b081c-2b3f-406f-a45d-14f512deb009,Charlie Patino,charlie patino,Patino
d7239247-301c-45b1-86dd-3c8b3daef959,Charlie Robinson,charlie robinson,C.Robinson
3bd95008-f940-45d1-b9c9-fa4696a9bdc4,Charlie Savage,charlie savage,Savage
b84dfebc-9c92-4a85-bb9d-b59a268c50cb,Charlie Tasker,charlie tasker,Charlie Tasker
e743c37a-ef0b-47b5-bb33-41bdc639e03c,Charlie Whitaker,charlie whitaker,Whitaker
60a9882e-b46e-4452-8ef8-1ecfa4e2d9db,Charlie_Adam,charlie adam,Adam
ff41b524-ead8-49a0-a3a0-a8e4d95e0256,Charlie_Austin,charlie austin,Austin
2b4c9a9d-17ce-4008-8614-3e76f43b3c29,Charlie_Daniels,charlie daniels,Daniels
a197b923-aa11-40a1-a1d8-af43e5632495,Charlie_Rowan,charlie rowan,Rowan
51bc97e7-c9a7-470c-8f6a-b1d0fe24ae7c,Charlie_Taylor,charlie taylor,Taylor
e1b7da52-643c-4065-90be-7b4196c8fd60,Charly_Musonda,charly musonda,Musonda
44680241-a931-47c1-9e42-15edb5ec91cf,Che_Adams_437,che adams,Adams
9bb8db56-0039-434b-aa17-1a681b50e5ff,Cheick Doucouré,cheick doucoure,C.Doucouré
fe5aef5c-081c-4003-b442-b121aba6432e,Cheikh Diaby,cheikh diaby,Diaby
6a2a0c55-ebff-48b1-9825-ab008c9f9116,Cheikhou_Kouyaté,cheikhou kouyate,Kouyaté
9a410936-c81a-48ca-b79f-17dda001e41f,Chem Campbell,chem campbell,Campbell
70c3f419-b7e2-4d72-8ec1-d1b2a8e1179f,Chido Obi-Martin,chido obimartin,Obi
c6932c2b-7ed2-4be0-94f7-260d045a44c4,Chiedozie Ogbene,chiedozie ogbene,Ogbene
5dce0f02-5f0b-439f-b549-020404b91c32,Chris Richards,chris richards,C.Richards
cdf0faa5-8f17-40bf-ba6c-2ecde0dc78a8,Chris_Basham_423,chris basham,Basham
33f5a6b7-5832-4161-9eeb-b03a8c9f0a5a,Chris_Brunt,chris brunt,Brunt
cceaf033-ba04-4d22-b291-8f2090fb269c,Chris_Long,chris long,Long
49691d97-9511-4805-9785-a23bf51c659e,Chris_Löwe,chris lowe,Löwe
4747a686-4075-4efe-a345-10245562e096,Chris_Mepham_580,chris mepham,Mepham
cf4a10bd-c897-4123-baa1-be57e82b399d,Chris_Smalling,chris smalling,Smalling
447ac049-c2e9-40ac-ab06-0b40183bd41d,Chris_Wood,chris wood,Wood
8ecc1a57-b5a1-42e7-a4fb-a485943c4bcd,Christian Chigozie,christian chigozie,Chigozie
0b450147-4a3e-4051-9786-f800c7120c85,Christian Marques,christian marques,Marques
551a2e19-0872-4e9e-8dc2-03160929866a,Christian Nørgaard,christian norgaard,Nørgaard
32359bee-84bb-4366-b70b-f8c57f319a87,Christian Walton,christian walton,Walton
0f7e8e7c-0ee3-4173-8fe7-f4e5446d483d,Christian_Atsu,christian atsu,Atsu
302b5f0c-153a-4f35-b64b-aaf9fbb79121,Christian_Benteke,christian benteke,Benteke
6e36b9b8-c6bd-4f79-9974-067fa2542900,Christian_Eriksen,christian eriksen,Eriksen
65d59654-b7ef-49a6-8e07-e0bf82c70d39,Christian_Fuchs,christian fuchs,Fuchs
11e11e55-919e-4693-967c-9939a0f469a8,Christian_Kabasele,christian kabasele,Kabasele
e2a26cb7-a5f1-475d-9c67-469b1b746121,Christian_Pulisic_431,christian pulisic,Pulisic
0a4ad82f-f2ee-4308-9a58-4e3b2fd8bbe6,Christian_Saydee_564,christian saydee,Saydee
f4e780f1-ae20-434e-aa3c-c244e25850da,Christoph_Zimmermann_275,christoph zimmermann,Zimmermann
2cccf955-26ea-4ead-87ef-4aff5ea8b20a,Christopher Nkunku,christopher nkunku,Nkunku
fa042810-e219-4be7-bc1a-810be06090cb,Christopher_Schindler,christopher schindler,Schindler
37cd43d0-01a3-4d00-9649-6e6c699c9ea6,Christos Tzolis,christos tzolis,Tzolis
8da83e09-5791-4a93-9525-fe64d40b4e57,Chuba_Akpom,chuba akpom,Akpom
366cb9b8-b0e9-49f1-bb83-9c1b20081c77,Chung-yong_Lee,chungyong lee,Lee Chung-yong
23a51a75-a351-4064-a931-f07f2c7455ec,Ciaran_Clark,ciaran clark,Clark
db1ef572-6a95-4d18-9f67-8c777794ac98,Cieran Slicker,cieran slicker,Slicker
f74deace-b4af-4d04-8b6c-800d10319930,Claudio Echeverri,claudio echeverri,Echeverri
0fea1d33-775b-493a-8397-c863edce4a15,Claudio Gomes,claudio gomes,Gomes
bf742757-3b3d-47ef-bae1-aa3d27dde018,Claudio_Bravo,claudio bravo,Bravo
79b6effb-eb1e-43bd-8fc8-528d6b6febcf,Claudio_Yacob,claudio yacob,Yacob
8c1e849a-94b8-4d52-ae93-a4036a403784,Clinton_N'Jie,clinton njie,N'Jie
40e4178a-2f3c-46a5-b76c-ba530f4d6278,Clément Lenglet,clement lenglet,Lenglet
980cf336-88d2-418c-8326-7399bb7f498d,Coby Ebere,coby ebere,Coby Ebere
e66b630f-ffc9-4ccb-88df-15115f0eb432,Cody Drameh,cody drameh,Drameh
60423e03-8a1f-4591-969f-9387c95683be,Cody Gakpo,cody gakpo,Gakpo
3184ae73-ebb4-4bfc-ac97-d08d87f601a9,Cole Palmer,cole palmer,Palmer
4e869e3d-1423-4ea2-815b-0ba574ef3b98,Collin_Quaner,collin quaner,Quaner
4b241960-1ad5-4acd-b314-e3a9d958f384,Connor Ronan,connor ronan,Ronan
19f15c0f-f219-4b2b-9eaa-2d1334d50fec,Connor_Goldson,connor goldson,Goldson
4aa0291e-ee46-4d01-9962-b3b9d5640bbb,Connor_Mahoney,connor mahoney,Mahoney
9690d0bf-34a3-4afb-b7f5-3ec078af0fc0,Connor_Randall,connor randall,Randall
e8f1bb00-bff3-4e41-a70d-db1998bbdc2b,Connor_Roberts,connor roberts,Roberts
703f5de3-df9a-4b89-8514-2239587dd35d,Connor_Wickham,connor wickham,Wickham
cdb8ff09-e41b-4d50-a09a-b6fdc03e0b29,Conor Bradley,conor bradley,Bradley
32df0618-f0c5-4bdb-82af-41d31448357e,Conor Chaplin,conor chaplin,Chaplin
71083c80-fe3d-4524-8344-c7f0b885c1b1,Conor Gallagher,conor gallagher,Gallagher
b7adec70-1c76-4f98-a19a-363edca2d461,Conor Townsend,conor townsend,Townsend
08758d65-e200-43ec-a8bf-9ad76cfcf7d9,Conor_Coady_430,conor coady,Coady
05868015-4e42-4f37-8100-e971048d239d,Conor_Coventry_548,conor coventry,Coventry
f91b2c57-590c-4f04-9663-1aed45a03a3f,Conor_Hourihane_28,conor hourihane,Hourihane
01618e64-cf21-4318-b456-dd93aa88c5bb,Conor_Masterson,conor masterson,Masterson
0fde6b39-b9c8-42b3-a909-331235886dcd,Conrad Egan-Riley,conrad eganriley,Egan-Riley
de7d8f24-5c53-4b5b-b692-1c8ede51125e,Corrie Ndaba,corrie ndaba,Ndaba
deeea038-c6fb-4dd9-82d5-73ac3103dda7,Costel_Pantilimon,costel pantilimon,Pantilimon
6d6b1730-c178-4cd3-b04f-9bf22a5db35a,Craig_Cathcart,craig cathcart,Cathcart
7193d247-a5bc-4859-945f-2ee718805db0,Craig_Dawson,craig dawson,Dawson
070107f6-0687-41fe-a3a7-1637e9f794b6,Craig_Gardner,craig gardner,Gardner
6f6d30b3-3c82-4150-a4d8-bd44baa3cb23,Cristhian_Stuani,cristhian stuani,Stuani
5d848e11-23d0-4bd7-bc84-eb6717b04171,Cristian Romero,cristian romero,Romero
02d165e9-73aa-4ab3-8c30-47762e013d59,Cristian_Gamboa,cristian gamboa,Gamboa
3449526c-5aaa-4cdc-90b0-14d1a3574433,Cristiano Ronaldo dos Santos Aveiro,cristiano ronaldo dos santos aveiro,Ronaldo
97be7404-274c-459c-80e4-161187f6faa1,Crysencio Summerville,crysencio summerville,Summerville
4f8bd4b9-c4ea-4d90-947f-9e23724fb388,Cuco_Martina,cuco martina,Martina
ce979e94-442e-49e0-9bea-b104d2d53507,Curtis_Davies,curtis davies,Davies
8d8007f6-2345-4345-b85b-e9d0cc5cd7b4,Curtis_Jones,curtis jones,Jones
8bb1c149-257a-4385-938b-31f5e8c79c9f,Cyrus_Christie_460,cyrus christie,Christie
a65088ca-7413-4b87-bf6e-4f4c70a8fcd5,Cédric Alves Soares,cedric alves soares,Cédric
5c29d002-f38e-4603-ba9a-01a4b8b8eed4,Cédric_Soares,cedric soares,Cédric
6c48e089-944b-4306-9472-74c6759574ff,César_Azpilicueta,cesar azpilicueta,Azpilicueta
020d7f69-39ae-48b5-8340-d90b04861421,Dael_Fry,dael fry,Fry
dd73d55a-6836-4ca4-9555-3dcab8482e39,Daichi Kamada,daichi kamada,Kamada
6e52b95b-6beb-43ed-94eb-bd1f2fa17736,Daiki Hashioka,daiki hashioka,Hashioka
8b1e2b00-d6b7-4e0c-8e78-a4d46bf3a799,Dale Taylor,dale taylor,Dale Taylor
4ff1a781-308c-447c-878b-ae344a6e1c76,Dale_Stephens,dale stephens,Stephens
997d8516-4f9c-49c6-9d2c-2a41821173a0,Daley_Blind,daley blind,Blind
a35fbee7-b237-47c4-8c71-a60e0d7b0a61,Damian Emiliano_Martinez,damian emiliano martinez,Martinez
42b8f2c2-8f37-45eb-b34f-069a4c45bcfa,Damien_Delaney,damien delaney,Delaney
f923dacb-f0a0-45bf-831b-56de8cbefa2f,Damola Ajayi,damola ajayi,Ajayi
3e47f70d-deb5-4f8c-be21-ec4237d0eb77,Dan Potts,dan potts,Potts
4670ef6d-2733-4a66-b038-86f808802688,Dan_Burn_582,dan burn,Burn
b23d12c2-073a-49da-8e49-f783e7b03efc,Dan_Gosling,dan gosling,Gosling
bf210f7d-7594-43ff-bf3b-deb537bb607c,Dane Scarlett,dane scarlett,Scarlett
34bedc06-8b95-4810-820d-b0a17bba1227,Dango Ouattara,dango ouattara,O.Dango
6417dd25-990e-4a56-9c63-fe3da51e3d45,Daniel Adu-Adjei,daniel aduadjei,Adu-Adjei
d35acaac-ff51-4a1c-8e30-ad11ececd6a0,Daniel Bentley,daniel bentley,Bentley
f027ddcb-54dc-4199-98f4-e1be8bb188bd,Daniel Chesters,daniel chesters,Chesters
b6075fa1-3780-4815-89a6-18d2faf78ea2,Daniel Gore,daniel gore,Gore
f0ec0cd6-d930-49cd-a821-343b59053c7a,Daniel Iversen,daniel iversen,Iversen
d11360b6-444e-4015-837f-22396a0e81ac,Daniel Jebbison,daniel jebbison,Jebbison
79fad6b0-a50a-40a9-8958-191abc1f4881,Daniel Langley,daniel langley,Langley
eed49167-ae99-46c9-92af-7e8b0b4d77a8,Daniel Muñoz,daniel munoz,Muñoz
bf80c8a7-a650-43fa-8b59-a3bf780f2f98,Daniel_Agyei,daniel agyei,Agyei
47f20c26-76f9-424f-8f32-f33efa486d26,Daniel_Amartey,daniel amartey,Amartey
caccf70f-5e25-4dce-9daa-5b0aa4edb62e,Daniel_Ayala,daniel ayala,Ayala
d55b4770-7dc8-47d3-ba2d-3640e0292adb,Daniel_Bachmann,daniel bachmann,Bachmann
19fdafcb-2d13-4862-a5a2-4b12dace3857,Daniel_Batty,daniel batty,Batty
fcd3bdb0-258e-4f7d-8aa7-4069ffae9056,Daniel_Castelo Podence_619,daniel castelo podence,Podence
bcd37287-432d-4064-810b-c641c4326f50,Daniel_Ceballos Fernández_469,daniel ceballos fernandez,Ceballos
919e0236-33a0-4ecb-972c-cfc5cb1e8536,Daniel_Drinkwater,daniel drinkwater,Drinkwater
ff2ab331-cd3b-4f11-9586-5ca8af8f236a,Daniel_James,daniel james,James
7e8e0e61-ef18-4a0a-9d5d-4440af3a819a,Daniel_Kemp,daniel kemp,Kemp
f3380651-5864-4829-ae19-cb9528b17dea,Daniel_Lafferty,daniel lafferty,Lafferty
d6d5b8c5-dfb3-4fcd-b0f2-687d1384b61c,Daniel_N'Lundulu_535,daniel nlundulu,Nlundulu
13929d45-5583-48fa-9568-2a0111c8c745,Daniel_Sturridge,daniel sturridge,Sturridge
d24536f0-dd5a-4cc7-b524-e7f32cfe9287,Danilo Luiz_da Silva,danilo luiz da silva,Danilo
1218250b-2f81-45e9-b51c-335740a859a0,Danilo dos Santos de Oliveira,danilo dos santos de oliveira,Danilo
fc8cd512-fdc4-4c2e-a872-546e2952ab6a,Danny_Batth_428,danny batth,Batth
6acedbe0-5398-4ce9-9d68-6f9ca376fb49,Danny_Ings,danny ings,Ings
dfa381dc-321d-4fe0-b5d7-a1cc3e620992,Danny_Rose,danny rose,Rose
64533bcf-444b-463e-a864-83cef537cd5b,Danny_Simpson,danny simpson,Simpson
71fd252e-f571-401d-ac5b-900f8e57cfb2,Danny_Ward,danny ward,Ward
107ff853-e67a-4551-abb0-0c6f29d55e44,Danny_Welbeck,danny welbeck,Welbeck
69b4ef9f-e322-4de8-82e0-96d7890e4661,Danny_Williams,danny williams,Williams
d69aac09-0fa8-4c5d-b56e-1a0c1f6a7e39,Dante Cassanova,dante cassanova,Cassanova
eb4e8399-7d66-4349-b90c-67c22d81c0b2,Dara Costelloe,dara costelloe,Costelloe
1e4f7705-b407-4924-8334-ad3a688a3c27,Dara O'Shea,dara oshea,O'Shea
4cc5c388-567c-4cff-afc3-b5a27325d0b3,Darko Churlinov,darko churlinov,Churlinov
9474b53b-497d-4e36-bbb5-991882d8ba75,Darko Gyabi,darko gyabi,Gyabi
87d99393-d8d6-4d43-a0c3-eaccc2221722,Darnell Furlong,darnell furlong,Furlong
920a74e9-3235-4681-ade4-9acbbce2b55f,Darren_Fletcher,darren fletcher,Fletcher
525939f9-b70c-4205-b981-5811ffe964d4,Darren_Randolph,darren randolph,Randolph
f061de71-31f7-4052-ba17-51819e19312d,Darron_Gibson,darron gibson,Gibson
2a57bbb4-4b4d-4815-a7ca-46fa07020812,Darwin Núñez Ribeiro,darwin nunez ribeiro,Darwin
8cb38c7c-4a06-4823-b1f1-e5c76c5fe929,Daryl_Janmaat,daryl janmaat,Janmaat
3ca90b11-71dd-4cde-8175-a1130f8ac8e1,Daryl_Murphy,daryl murphy,Murphy
3ef310a0-fd41-4090-8d6e-7c6332c2abe3,David Datro Fofana,david datro fofana,D.D.Fofana
a50ea731-1054-4aa8-b917-7a1dd805ed8c,David De Gea Quintana,david de gea quintana,De Gea
62328433-b03d-4e83-a13e-96aeead7f4cb,David Junior_Hoilett_99,david junior hoilett,Hoilett
e7a99fd0-0faf-42b2-a61e-3744ecc10428,David Moyes,david moyes,Moyes
392fa69d-d6a4-4538-8509-e87181a1ebae,David Ozoh,david ozoh,Ozoh
6efc3a79-149b-4955-b413-b2214f8e70d0,David Raya Martin,david raya martin,Raya
394edb41-599e-43dc-ba72-7a9b5aabd9c8,David_Brooks_42,david brooks,Brooks
af901ae9-f08a-44a7-9fdf-e22d176f8c03,David_Button_179,david button,Button
256022ab-4fd3-4170-a272-2fed605d180e,David_Jones,david jones,Jones
f30f3907-7032-4b73-a822-4fd57cf6a728,David_Luiz Moreira Marinho,david luiz moreira marinho,David Luiz
aae307ec-d43e-4e27-9384-73bb2874877c,David_Marshall,david marshall,Marshall
5d01191a-62e6-4aef-9a10-705abfdf2466,David_Martin_553,david martin,Martin
c29f553b-e30d-4e42-98fe-8f3c4a2a18e6,David_McGoldrick_303,david mcgoldrick,McGoldrick
9bfc4884-3c37-4b09-8a2b-df861f642dd9,David_Meyler,david meyler,Meyler
07bfbd80-8c0b-4b98-ac37-34f24eeba819,David_Nugent,david nugent,Nugent
b160d966-b637-4efd-93af-a206fb03dd03,David_Ospina,david ospina,Ospina
2248a9b2-14a5-4c1b-bf17-33057063dfaa,David_Silva,david silva,David Silva
43c2c3a0-ae3e-4e0c-9fe5-c5a430483dde,David_de Gea,david de gea,de Gea
edda6227-1df7-4019-8940-85a7cff60de3,Davide_Zappacosta,davide zappacosta,Zappacosta
014d7dd3-095d-453e-b5dd-c7e89a775228,Davinson_Sánchez,davinson sanchez,Sánchez
dfdec97a-c821-4b27-9716-63c0e1a8af5a,Davy_Klaassen,davy klaassen,Klaassen
ce50bba5-a9ff-4492-b89a-8da403fe488d,Davy_Pröpper,davy propper,Pröpper
0bca9090-01a0-4ef1-b092-62f65149fe8e,DeAndre_Yedlin,deandre yedlin,Yedlin
b91b954a-e2bb-4ccd-b01a-01e5a6e46842,Dean Huijsen,dean huijsen,Huijsen
fe157854-5ca4-48a2-a783-1bfa36517fd2,Dean_Henderson_471,dean henderson,Henderson
c2bace27-feb1-4afe-a782-53bb2485f2f1,Dean_Marney,dean marney,Marney
55654d2e-0569-4af4-a072-be8cf25024d8,Dean_Whitehead,dean whitehead,Whitehead
24a4a261-c963-4dfd-90e6-3f8a4be8e872,Declan_Rice,declan rice,Rice
882c0080-e5c5-4b94-9cfc-8f0b23921cc0,Deivid Washington de Souza Eugênio,deivid washington de souza eugenio,Deivid
3fd09d7b-d479-46d2-a832-170341c7cb8b,Dejan Kulusevski,dejan kulusevski,Kulusevski
0c7bf982-9e93-4bfa-960f-6b6ff55d73fc,Dejan_Lovren,dejan lovren,Lovren
24061918-a17d-4dac-86b7-a9ea545a64e8,Dele Alli,dele alli,Dele
2ee94c8e-1c6b-4ef2-b155-ac7defa4e062,Demarai_Gray,demarai gray,Gray
d78ec32b-cf7f-4abf-93d7-21bb45b9e10b,Demeaco_Duhaney_601,demeaco duhaney,Duhaney
e61f775c-f6cd-4a34-97ac-e6e4baac2c62,Demetri_Mitchell,demetri mitchell,Mitchell
3b2d6527-6e4b-4f1c-ac83-0ea0938c83ec,Denis Franchi,denis franchi,Franchi
f620bc87-e87d-429f-9adb-959c6d53f5a6,Denis Zakaria,denis zakaria,Zakaria
683fe883-d56f-4aca-917c-3dd45a560325,Denis_Odoi_181,denis odoi,Odoi
d6d774b2-0047-4afa-92dd-21d4a8abf191,Denis_Suárez_586,denis suarez,Suárez
0014c1f1-2a92-47cf-b5b5-8571be608625,Deniz Undav,deniz undav,Undav
7cc9114e-d176-411b-8368-6534e91ba01b,Dennis_Praet_517,dennis praet,Praet
c01ff5ec-e2bd-47f3-b22d-e0bffb707fcb,Dennis_Srbeny_279,dennis srbeny,Srbeny
1c2025cf-d96b-437a-9a69-72f030b55572,Dermot Mee,dermot mee,Dermot Mee
1d810a23-6ea6-4e6d-8cd0-746a856d0d81,Destiny Udogie,destiny udogie,Udogie
e5ee1dec-9ef3-4f70-bf3a-4a4c9ac7cdaa,Detlef Esapa Osong,detlef esapa osong,Osong
a88dc7cc-23c2-4d44-a17e-e3c20b3c5d33,Devan Tanton,devan tanton,Tanton
6cb435b8-b5c4-40b4-b7bf-949bc44633dc,Dexter Lembikisa,dexter lembikisa,Lembikisa
ddc6666c-6a6f-40a7-9f14-29a5a6c7a0c3,Diafra_Sakho,diafra sakho,Sakho
6ed8ae15-41a6-4851-b002-b17555728375,Didier_Ndong,didier ndong,Ndong
d02c0623-7167-4e81-a55e-73420eb09773,Diego Carlos Santos Silva,diego carlos santos silva,Diego Carlos
bd634d81-4288-4c1a-a381-096445ceea69,Diego Gómez,diego gomez,Gómez
180ba607-1054-4841-b906-d397940fe568,Diego Llorente,diego llorente,Llorente
6c401962-1150-41fb-bc22-9526b234ebcd,Diego Manuel Jadon da Silva Moreira,diego manuel jadon da silva moreira,Diego Moreira
4da64ea6-133b-49f7-838a-d595fdebc9c9,Diego_Cavalieri,diego cavalieri,Cavalieri
51afa7b9-7dbd-4bab-8ea5-18271a5f71cd,Diego_Da Silva Costa,diego da silva costa,Diego Costa
a19bd771-fe4e-43d0-987b-48a4a2ed0b46,Diego_Rico_473,diego rico,Rico
fa96f8bf-357b-4f1c-8fa2-a2e268a7f1a6,Dieumerci_Mbokani,dieumerci mbokani,Mbokani
7fba15b6-dae4-4c08-9f90-35af56b7a487,Dilan Markanday,dilan markanday,Markanday
32ea4ee8-9057-4d6c-b09d-02eae58d959f,Dimitri_Foulquier_542,dimitri foulquier,Foulquier
c5daa455-fcf9-41fa-92f9-a8ebf7b1fbfd,Dimitri_Payet,dimitri payet,Payet
310fb9f0-69b1-4cdc-a1c4-0fbd0855fdfe,Dimitrios_Konstantopoulos,dimitrios konstantopoulos,Konstantopoulos
ff6934ae-7c03-454e-b95e-a959c39bff9f,Dimitris Giannoulis,dimitris giannoulis,Giannoulis
129f093c-c152-48ad-9c3c-ecd5647c6b65,Diogo Dalot Teixeira,diogo dalot teixeira,Dalot
0eb0a056-5e84-4387-8c24-9f2cc751b427,Diogo Pinheiro Monteiro,diogo pinheiro monteiro,Monteiro
18642b33-a016-4a8a-a248-7488a5d22162,Diogo Teixeira da Silva,diogo teixeira da silva,Diogo J.
9015de4c-1e4f-40d2-9ee4-1ac6e662525c,Diogo_Jota_432,diogo jota,Jota
b3e6ee08-3aca-46e1-9607-d84004898260,Dion Sanderson,dion sanderson,Sanderson
69baddf2-dffc-4b3f-a98b-c461a2a4149d,Dion_Henry,dion henry,Henry
d9a12b60-15cc-4c3f-9669-eb730bca95c7,Dion_Pereira,dion pereira,Pereira
7712a3fd-4f44-4e4b-91f0-ad04e0c53a17,Dionatan do Nascimento_Teixeira,dionatan do nascimento teixeira,Teixeira
c51acf2b-afcb-4126-a54f-466991e5ac06,Divin Mubama,divin mubama,Mubama
e0e1885e-af7e-4c00-a0dd-d4333383d7df,Divock_Origi,divock origi,Origi
9e69a127-c073-4c5c-b567-babe49899599,Djed Spence,djed spence,Spence
0b03eb43-5f06-434d-b541-2387e93760ed,Djibril_Sidibé_511,djibril sidibe,Sidibé
a7ef136e-5c40-4c61-a6e8-6bc7e371534f,Djordje Petrovic,djordje petrovic,Petrović
d30b0cfc-3fc6-4051-82e7-88754da172c8,Dodi_Lukebakio,dodi lukebakio,Lukebakio
e21e8616-fbfb-4491-aea4-803917c680ff,Domingos_Quina,domingos quina,Quina
a083d652-13ed-4ebc-8e29-661330bf3a1e,Dominic Ballard,dominic ballard,Ballard
72ee5032-e383-4f7f-8197-36209e13aa20,Dominic Dos Santos Martins,dominic dos santos martins,Martins
014ea39b-97eb-4a62-9c93-443ef793bfa5,Dominic Sadi,dominic sadi,Sadi
a250040a-5898-4fb1-98f9-def02352ac54,Dominic Solanke-Mitchell,dominic solankemitchell,Solanke
3f3ce7f4-5f34-4e48-922e-a2b1d6734f37,Dominic Thompson,dominic thompson,Thompson
e3aa145e-c600-4471-9f60-0ff8cc56a9b3,Dominic_Calvert-Lewin,dominic calvertlewin,Calvert-Lewin
13f6e16f-d64c-4ae1-8eef-d343a802e98d,Dominic_Solanke,dominic solanke,Solanke
bc01e257-94ab-4bdc-9abb-715257e147a6,Dominik Szoboszlai,dominik szoboszlai,Szoboszlai
593382c2-2334-43f0-b0ee-5b9fa9cbc9b7,Donald_Love,donald love,Love
1919c6fd-dff9-40e1-a0fe-7f37ea8b2836,Donny van de Beek,donny van de beek,Van de Beek
339f1d0f-73fd-422d-be08-4dc35578a334,Donyell Malen,donyell malen,Malen
529502b2-ce84-4366-9ad5-76b474a1ffaf,Douglas Luiz_Soares de Paulo_470,douglas luiz soares de paulo,Douglas Luiz
18d93c13-3abf-40c0-ae00-a43498ba5bae,Dovydas Sasnauskas,dovydas sasnauskas,Sasnauskas
601c7963-96ec-4346-bd3f-ab61284d60d0,Duje Caleta-Car,duje caletacar,Caleta-Car
d329b76f-05c9-4dfb-8db3-7c64123bb579,Dujon_Sterling,dujon sterling,Sterling
23a356f9-1736-4c45-bc15-beac6c11d216,Duncan_Watmore,duncan watmore,Watmore
269b151b-082d-4075-8fad-15a111b45894,Dusan_Kuciak,dusan kuciak,Kuciak
20b6cee4-bc02-4cc6-ae12-3ea8be63324d,Dusan_Tadic,dusan tadic,Tadic
690d42d7-ea37-4e0a-94bd-2cb5ef812831,Dwight_Gayle,dwight gayle,Gayle
a327996d-9743-4091-8be0-592291cdf4bc,Dwight_McNeil,dwight mcneil,McNeil
92c0ac0a-e895-4a7d-91f0-f2f537688936,Dynel Simeu,dynel simeu,Simeu
c3337ae2-3ca0-48ad-b812-2679b954fd49,Eberechi Eze,eberechi eze,Eze
1e4eee3d-ad55-4f7b-a589-837cabe3956c,Ed Turns,ed turns,Turns
01db06d0-b31a-466e-b2b0-c78cce21cfbd,Eddie Beach,eddie beach,Beach
a2b5bb77-723e-4522-b02a-4461c34d4ebb,Eddie Howe,eddie howe,Howe
8389244d-4759-4d37-8108-213334e360bf,Eddie Nketiah,eddie nketiah,Nketiah
5b917b6a-b4f5-4a40-85dc-11148d9d0def,Eden_Hazard,eden hazard,Hazard
7fdeebd2-2db9-41e2-a846-660ad7361d73,Ederson_Santana de Moraes,ederson santana de moraes,Ederson M.
cdcdcccd-6fef-48ef-8f31-d67c15d210b8,Edimilson_Fernandes,edimilson fernandes,Fernandes
de21d9ed-2379-46ef-8a6d-583bce9c3ac0,Edinson Cavani,edinson cavani,Cavani
1ee8d3da-8141-4755-be50-c022ff3eaa34,Edo Kayembe,edo kayembe,Kayembe
af37de7c-840a-4e5a-9bda-55709c4c7de4,Edouard Mendy,edouard mendy,Mendy
c0efa0a7-3955-45ca-a8b5-ed6fe766f7ce,Edson Álvarez Velázquez,edson alvarez velazquez,Álvarez
b9083806-b1f4-4dc1-b736-1d551167073c,Eduardo_Dos Reis Carvalho,eduardo dos reis carvalho,Eduardo
085c0864-6f96-4ed3-b88e-f435ccf454d3,Edward_Nketiah,edward nketiah,Nketiah
b92e0bd5-1961-4db3-872f-f24592eeeb77,Eiran Cashin,eiran cashin,Cashin
36295201-5bb4-477c-a55c-c79a1f8f648a,Eldin_Jakupovic,eldin jakupovic,Jakupović
63481d05-3a7b-4878-b98c-d808538be347,Elia Caprile,elia caprile,Caprile
67bbfb83-fd1a-40db-bfa8-aaf7d68c0466,Eliaquim_Mangala,eliaquim mangala,Mangala
0c687526-5285-46a1-9a3d-a50823443bc4,Elias_Kachunga,elias kachunga,Kachunga
cd96909a-7e4f-41e0-ac6f-433ec1e05c20,Elijah Adebayo,elijah adebayo,Adebayo
847546cb-26fb-4113-a378-717c3081dfb9,Elijah Campbell,elijah campbell,Campbell
18bab56e-6d23-421e-844c-e363c4753728,Elkan Baggott,elkan baggott,Baggott
6df76ca9-4c1d-46a5-9196-f6471bee4c06,Ellery Balcombe,ellery balcombe,Balcombe
274bbe79-2697-474d-810a-bc2d6d681c4d,Elliot Anderson,elliot anderson,Anderson
b50147d2-9c76-45ad-9227-aebdc93c50a1,Elliot Thorpe,elliot thorpe,Thorpe
234a2749-e765-42ae-ae46-eb05473ef9e0,Elliot_Embleton,elliot embleton,Embleton
93ec656a-511b-45a3-8ec1-3466ee2044b2,Elliott_Moore,elliott moore,Moore
31f9daca-26f9-4bea-b3f6-1d3db6712469,Ellis Simms,ellis simms,Simms
16db2b00-b8dc-418f-9b3c-a9629c63968b,Elyh Harrison,elyh harrison,Harrison
5e8ce370-0e6f-4a34-b26c-2dc292cb1bf0,Emerson Aparecido Leite de Souza Junior,emerson aparecido leite de souza junior,Emerson Royal
dcafe739-d9cd-4837-893d-0a6a97d4e740,Emerson Leite de Souza Junior,emerson leite de souza junior,E.Royal
cd5b90d6-aa3c-4ab7-8f5f-b5c1e4aed0e5,Emerson_Hyndman,emerson hyndman,Hyndman
816c44cb-73c0-48ca-9959-52aa2e9c89a1,Emerson_Palmieri dos Santos,emerson palmieri dos santos,Emerson
ebf51258-7927-4d29-addb-523b6fdf8885,Emil_Krafth_519,emil krafth,Krafth
64af2176-a0ad-45df-bfe0-50ddf825202c,Emile_Smith Rowe_576,emile smith rowe,Smith Rowe
1e11f9d9-4c38-472c-984d-f427d95ec89a,Emile_Smith-Rowe_545,emile smithrowe,Smith-Rowe
6fe66324-7262-4d3d-bc45-12a8c9652310,Emiliano Buendía Stati,emiliano buendia stati,Buendia
becba5df-f328-4baf-91fb-5df3f81a929a,Emiliano Marcondes,emiliano marcondes,Marcondes
d2996fae-244f-4c18-a7dc-4c62ec27e789,Emiliano Martínez Romero,emiliano martinez romero,Martinez
66b33ee1-3966-4e47-9bd8-f400127d749c,Emiliano_Buendía_283,emiliano buendia,Buendía
9186f5a3-d663-48e8-a70c-57a5cdefc211,Emiliano_Martínez_542,emiliano martinez,Martínez
e86b713f-a69e-4b60-875f-8e2645df82e2,Emilio_Nsue Lopez,emilio nsue lopez,Nsue
01bb558f-8395-415b-aa97-1e1cdc430c8e,Emmanuel Agbadou,emmanuel agbadou,Agbadou
75770d36-2e9d-4ec0-8ab7-3f277e2ffdd6,Emmanuel Dennis,emmanuel dennis,Dennis
eaf01399-bfc1-4182-a5e3-9686a26a224b,Emre_Can,emre can,Can
38f8765d-2180-4784-a683-151a4d49e784,Enda_Stevens_291,enda stevens,Stevens
c3a4dd64-7296-4e83-86c4-c7f87f5db700,Endo Wataru,endo wataru,Endo
570c081b-5df6-4381-b366-89cdd296ed72,Enes Ünal,enes unal,Enes Ünal
9479f8e5-9981-4e29-adcb-7714e9f37e7f,Enner_Valencia,enner valencia,Valencia
234d6204-4461-41f2-8d29-30473c6ac628,Enock Agyei,enock agyei,Agyei
4fdc3ba7-c059-4091-a6f5-6ecbcfd178be,Enock Mwepu,enock mwepu,Mwepu
901260d2-6b26-494d-abce-3c5bfe4b52f8,Enso González,enso gonzalez,Gonzalez
f25aae91-5f82-4108-8320-65d5e63a4c25,Enzo Barrenechea,enzo barrenechea,Barrenechea
bf43bcfa-2110-453e-bf20-b7b95d87c0c4,Enzo Fernández,enzo fernandez,Enzo
758cbf19-e284-4171-9015-9a5eef207fac,Enzo Maresca,enzo maresca,Maresca
50d34913-c374-4a91-a5d1-033c927bc60d,Erdal_Rakip,erdal rakip,Rakip
6068b4f7-cf8b-4af2-9c6e-de95fd5565ce,Eric Maxim_Choupo-Moting,eric maxim choupomoting,Choupo-Moting
520e0bb5-74b1-430f-bea1-dfa9abfc4d64,Eric da Silva Moreira,eric da silva moreira,Da Silva Moreira
046031b3-44ff-4384-b56d-596d0a1c4afa,Eric_Bailly,eric bailly,Bailly
ef9f28c9-bbbd-4055-9420-e5bb2b457c7b,Eric_Dier,eric dier,Dier
ffd59104-8f02-4476-8259-156f285c58d1,Eric_Garcia_544,eric garcia,Garcia
1656b06c-77c1-4fe4-be2a-8076af1b5fde,Erik_Durm_461,erik durm,Durm
f3bc4384-8267-49e5-97a7-4c07ccf4166a,Erik_Lamela,erik lamela,Lamela
8db7ef79-cf10-4989-adbf-2eb42e7e3986,Erik_Pieters,erik pieters,Pieters
8baff127-2097-4ed3-a650-9482f0cb3cfa,Erling Haaland,erling haaland,Haaland
a699cd59-c495-49a3-9930-72e15396184a,Erwin_Mulder,erwin mulder,Mulder
f66b11a1-6aab-4ccf-9c8a-3bdf5c74b560,Ethan Brierley,ethan brierley,Brierley
9d73ecfe-dfd7-4d6f-b1e8-b8c6d998337a,Ethan Horvath,ethan horvath,Horvath
a6f5936b-4b50-4aca-b910-9dab18059af5,Ethan Nwaneri,ethan nwaneri,Nwaneri
7ed744b7-4a21-433f-8505-df5975d5a7a2,Ethan Pinnock,ethan pinnock,Pinnock
4ccd79cc-ba96-44b0-af04-a83e21d8139b,Ethan Wady,ethan wady,Wady
43c841f0-8055-4063-8f51-cc05690dd754,Ethan Wheatley,ethan wheatley,Wheatley
d003c5ba-157b-4544-9276-572a98b4a6eb,Ethan_Ampadu,ethan ampadu,Ampadu
9a1879c9-5a4c-4141-8065-daafc79e180b,Ethan_Robson,ethan robson,Ethan Robson
010ec221-b3d3-46b1-b9a3-ac11277503e1,Etienne_Capoue,etienne capoue,Capoue
5862814d-2bf7-4863-ada4-2116ef06e911,Euan Pollock,euan pollock,Pollock
dd9ba35d-c8cf-4029-9fc1-722abfff234c,Eunan_O'Kane,eunan okane,O'Kane
e63bb365-0cc3-413b-a02f-caa9310e0abc,Evan Ferguson,evan ferguson,Ferguson
c4cea127-2d9c-482f-b8bb-f8cd65ae6fbc,Evandro_Goebel,evandro goebel,Evandro
99acd000-0fef-4c72-978a-22161d89e864,Ezekiel_Fryers,ezekiel fryers,Fryers
7521d919-d876-49f5-bdea-40e38b1134c2,Ezequiel_Schelotto,ezequiel schelotto,Schelotto
6f1a4f44-8837-4155-a718-338a92adbad2,Ezgjan Alioski,ezgjan alioski,Alioski
aaeaeb32-9da9-4597-95cb-d3dc6d28bc09,Ezra Mayers,ezra mayers,Mayers
9af05a63-0605-47ea-974e-dd260e7c93df,Ezri_Konsa Ngoyo_452,ezri konsa ngoyo,Konsa
138661a4-6563-4b8d-8b79-1969272b9b0d,Fabian Hürzeler,fabian hurzeler,Hürzeler
53c1eee8-ddfa-4bdb-ae4f-8b9a427dce56,Fabian Mrozek,fabian mrozek,Mrozek
e6089489-e4ea-4284-9c39-5872dc43508d,Fabian_Delph,fabian delph,Delph
ec00a23d-9df1-4eec-b6d0-26c9a8028736,Fabian_Schär_482,fabian schar,Schär
7c177f2e-c0f8-4484-b5f6-9ddaccbe0c14,Fabio Carvalho,fabio carvalho,Carvalho
8f31e9d1-e05a-4067-9e9c-49977bca86db,Fabio Henrique_Tavares_255,fabio henrique tavares,Fabinho
84b1255d-5af4-4325-8c7f-7481664dfada,Fabio Pereira_da Silva,fabio pereira da silva,Fabio
73ae69d3-552f-4df7-ad27-9626e7cb58f1,Fabio Silva,fabio silva,Fábio Silva
14335f48-28fa-419e-8f7d-59638a9e78d5,Fabio_Borini,fabio borini,Borini
35b9fd48-3636-44f8-bdde-aedf1106abe1,Fabián_Balbuena_464,fabian balbuena,Balbuena
78fc2de2-4c54-42c3-8301-3850d145830e,Fabricio_Agosto Ramírez_474,fabricio agosto ramirez,Fabri
825d949d-2cde-4a93-9cd8-42371a60c251,Facundo Buonanotte,facundo buonanotte,Buonanotte
e804ddff-59f1-4d8b-9180-7aa99075be0c,Facundo Pellistri,facundo pellistri,Pellistri
a4648951-bdc2-4367-a407-e5c76062f67f,Facundo Pellistri Rebollo,facundo pellistri rebollo,Pellistri
bc583bb8-5640-401a-8185-cc638d087aec,Faustino_Anjorin_630,faustino anjorin,Anjorin
5e1bcf0b-6387-4e72-9a38-05b7c914d4ef,Federico Chiesa,federico chiesa,Chiesa
a6a415da-e314-43db-ae5e-648b663403e3,Federico_Fernández,federico fernandez,Fernández
6d121b11-d610-4676-b5a8-4e62caf50363,Felipe Anderson_Pereira Gomes_465,felipe anderson pereira gomes,Felipe Anderson
c49f9584-3e5d-4e9c-8ef9-150a3000d67f,Felipe Augusto de Almeida Monteiro,felipe augusto de almeida monteiro,Felipe
0b8a8b52-a3e4-4d21-b298-b6bf75f2f2eb,Felipe Rodrigues da Silva,felipe rodrigues da silva,Morato
6f7da394-108e-4393-864e-df2df5a36f8f,Felix Nmecha,felix nmecha,Nmecha
ce8b0bd4-2082-475c-a8e2-95f227012d7c,Femi Seriki,femi seriki,Seriki
09492f86-93e8-4f5e-9362-ddaa87f69a0e,Ferdi Kadioglu,ferdi kadioglu,F.Kadıoğlu
22e6d34b-234a-436c-b558-c32ab43a4109,Fernando Francisco_Reges,fernando francisco reges,Fernando
0c036239-cfb0-4f65-8f5d-e6addd5eb88e,Fernando Marçal,fernando marcal,Marçal
36c26ed9-b747-496f-bf14-f8ec1fd82871,Fernando_Llorente,fernando llorente,Llorente
89107957-73e7-4a48-85a1-0fdba459f6c5,Fernando_Luiz Rosa,fernando luiz rosa,Fernandinho
95b2c608-a367-4e4d-b695-5f533131a884,Ferran Torres,ferran torres,Torres
6989a1e6-ec8d-4c34-82d1-dcce63dda7bb,Fikayo_Tomori,fikayo tomori,Tomori
2fe2a6da-d203-4469-83a6-97270ec32a48,Filip Jørgensen,filip jorgensen,Jørgensen
bb2ffd7d-8079-4c64-84f6-4e44bab8792f,Filip Krovinovic,filip krovinovic,Krovinovic
5bc8133c-5118-43f7-9344-23baf8581507,Filip Marschall,filip marschall,Marschall
00015d7a-290b-46d1-bd8a-f9dcf063f9ef,Filip_Benkovic_501,filip benkovic,Benkovic
c7a2ac30-7eb0-45e1-a6ed-375f582b89a2,Filip_Lesniak,filip lesniak,Lesniak
b671f7a7-0026-4e97-abb9-bb5d3a92ca3a,Fin Stevens,fin stevens,Stevens
79c1dd1c-962a-4d53-8f37-8b330eb8c797,Finley Munroe,finley munroe,Munroe
a348aba4-fd37-4add-bed0-728290583883,Finley Stevens,finley stevens,Stevens
5ce389d8-08de-4acc-82bf-63b28aaeb838,Fletcher Holman,fletcher holman,Holman
d53c9b40-ce07-4472-a5b3-ac0c243f6363,Florent_Hadergjonaj,florent hadergjonaj,Hadergjonaj
4bd9a0e3-08a2-40de-8285-9158395a6532,Florian_Lejeune,florian lejeune,Lejeune
1ee35484-c711-4d38-b102-53eb5f952f0e,Florin_Andone_66,florin andone,Andone
8c2ec811-c716-4aac-991d-1c867d0e99dd,Florin_Gardos,florin gardos,Gardos
e6f23dd5-7f47-42f4-9787-42a3224ce8a5,Floyd_Ayité_186,floyd ayite,Ayité
62313a98-f35b-4f7c-b223-78ff33ed684f,Flynn Downes,flynn downes,Downes
95980cf4-11aa-4093-a60d-e2fdfec6cf20,Fodé Ballo-Touré,fode ballotoure,Ballo-Touré
eeb60d85-3a16-40a4-a715-b7870877dcd0,Folarin Balogun,folarin balogun,Balogun
c8f3b74c-d321-4f64-adc6-03e7e305cbb5,Fousseni_Diabaté,fousseni diabate,Diabaté
a794f0f2-f4bb-445b-9bab-8a1f5e0798ee,Fraizer_Campbell,fraizer campbell,Campbell
906b3d53-fa28-427c-803c-d06b38aaf0b6,Francis_Coquelin,francis coquelin,Coquelin
f2f4aa5f-38b8-46ef-812f-a4f0e4c28be9,Francisco Casilla Cortés,francisco casilla cortes,Casilla
83122348-8f45-4efc-8965-1427e714188b,Francisco Evanilson de Lima Barbosa,francisco evanilson de lima barbosa,Evanilson
fde49ad2-ad6a-4967-b4d4-0d7bbd14c0ab,Francisco Jorge Tomás Oliveira,francisco jorge tomas oliveira,Chiquinho
fed3e25b-03f5-490b-b31c-d72b81d689be,Francisco Machado Mota de Castro Trincão,francisco machado mota de castro trincao,Trincão
97698982-bad2-4bb4-93e5-1a87196356aa,Francisco Sierralta,francisco sierralta,Sierralta
5d6ba8aa-8710-43ae-b05b-4f89c29261a1,Francisco_Femenía Far,francisco femenia far,Femenía
1934d59f-fca8-4523-a711-7eacdb7ddbb7,Franck_Tabanou,franck tabanou,Tabanou
140f3063-a78a-4199-ad5b-be3995b1b6c5,Franco Umeh-Chibueze,franco umehchibueze,Umeh-Chibueze
a2931599-785e-450f-ab31-ee8e848a1564,Frank Onyeka,frank onyeka,Onyeka
b9c3186d-c7c2-47c7-8bcc-da27761067a7,Frankie Maguire,frankie maguire,Maguire
f66ad69d-6eeb-41b8-8b11-cc5a97a74398,Fraser_Forster,fraser forster,Forster
87b50666-6e11-4d5d-b3e7-1c9681df8ec2,Fred Onyedinma,fred onyedinma,Onyedinma
6b3c2572-4368-4d7d-b3df-3bebc1c03c29,Freddie Ladapo,freddie ladapo,Ladapo
815846ab-746d-4cad-850d-ef1add655206,Freddie Simmonds,freddie simmonds,Freddie Simmonds
9a2e43e8-f10d-460f-aaa4-5adef68902d7,Freddie_Woodman,freddie woodman,Woodman
945d08c9-6b71-48c2-9c9b-916ac2bdcd4f,Frederick_Woodman_553,frederick woodman,Woodman
2a310f82-66b5-462b-9ffa-0723a651bcaf,Frederico_Rodrigues de Paula Santos_304,frederico rodrigues de paula santos,Fred
f4b09f13-36b2-41ee-94d2-5b89d7466a5f,Frederik Alves,frederik alves,Alves
11545b50-d737-4ea8-b508-46fb32bc3f2f,Fredrik_Ulvestad,fredrik ulvestad,Ulvestad
df89076b-0b4b-4047-aec7-0f2ceba20853,Frédéric_Guilbert_458,frederic guilbert,Guilbert
35afaebe-4b1a-458e-a0fb-7f3caae3e387,Fábio Ferreira Vieira,fabio ferreira vieira,Fábio Vieira
ff837781-e913-4441-987e-d2b9407bfaa8,Fábio Freitas Gouveia Carvalho,fabio freitas gouveia carvalho,Carvalho
f0446071-c8be-4ee2-9881-63e238ea918f,Gabriel Armando_de Abreu,gabriel armando de abreu,Gabriel
92e806d5-7f69-46f4-bfae-442412e1d15e,Gabriel Fernando_de Jesus,gabriel fernando de jesus,G.Jesus
d47d25b6-6111-4093-bdd2-f6385cb7f7a3,Gabriel Magalhães,gabriel magalhaes,Gabriel
224ffb5d-68fd-4d85-87f6-a00e050337cb,Gabriel Martinelli Silva,gabriel martinelli silva,Martinelli
ce2caaf0-fe9f-4d4b-8ff8-aff553a92ca3,Gabriel Osho,gabriel osho,Osho
6ce5e08f-ca87-49f0-83ce-8b7ff5baf305,Gabriel Słonina,gabriel slonina,Slonina
d2c4b0c5-e333-4a65-bc13-59159d521c10,Gabriel Teodoro_Martinelli Silva_504,gabriel teodoro martinelli silva,Martinelli
0441b2b7-bc83-4483-849f-43612875826d,Gabriel dos Santos Magalhães,gabriel dos santos magalhaes,Gabriel
0e7045a8-a018-4507-8832-2625bf8b40db,Gaetano Berardi,gaetano berardi,Berardi
d0ccc463-0c66-443a-a7b2-80c1daf949bc,Garang Kuol,garang kuol,Kuol
6c042348-5f5c-4316-b7d9-f6bd11d2e561,Gareth Bale,gareth bale,Bale
bd3c6597-fcc7-40f2-ae6b-5e2f9013f89a,Gareth_Barry,gareth barry,Barry
d3de2e52-1522-44de-9248-eb1a83fbb20d,Gareth_McAuley,gareth mcauley,McAuley
2fff1706-ddc6-4e69-9106-d02b741e1f26,Gary_Cahill,gary cahill,Cahill
c12af6b9-c823-4545-8291-f8a0b1a15d39,Gary_Madine_109,gary madine,Madine
ce3cc0b8-9d05-4a53-b152-fa808e3e5cc4,Gastón_Ramírez,gaston ramirez,Ramírez
e276f154-127a-4687-a378-e1f559ad4fb0,Gavin Bazunu,gavin bazunu,Bazunu
0476c6de-6956-42cb-a29a-55a5b0b0a9a6,Gavin_Kilkenny_565,gavin kilkenny,Kilkenny
5265dd8a-4ed9-4b97-b7be-541277e25445,Gaël_Clichy,gael clichy,Clichy
e777a402-a8a5-4f05-9358-2a32cf292c16,Gaëtan_Bong,gaetan bong,Bong
8e02232e-efb8-4704-adcd-d9b8b9f29373,Gedson_Carvalho Fernandes_605,gedson carvalho fernandes,Fernandes
e3df9aca-f37e-4e5f-b5bc-d5fe7632d7bf,Genesis Antwi,genesis antwi,Genesis Antwi
872117d8-a2ce-4be9-8ef0-b87dc3067893,Geoff_Cameron,geoff cameron,Cameron
c269dad4-c913-4867-b5c5-dd80bb24f6c8,George Abbott,george abbott,Abbott
955504f3-a4e8-4e32-94a5-ed9965261e5f,George Earthy,george earthy,Earthy
57c5fd46-7afd-4c68-b5cc-2b2f03e2480d,George Edmundson,george edmundson,Edmundson
4af3eb72-de63-4bfe-af0e-c67339fe78f8,George Hirst,george hirst,Hirst
8e4c1c8f-128f-4821-8a13-6338e4ae5c83,George Shelvey,george shelvey,G.Shelvey
7cb9aaa6-ea53-463a-8752-b40a74db03d7,George Wickens,george wickens,Wickens
ea0b6e24-2bac-43ff-b7a6-b29702b5bbfd,George_Baldock_294,george baldock,Baldock
68caff01-33c5-4271-87ac-42bc16421568,George_Boyd,george boyd,Boyd
54c01798-09b8-4a9a-a285-553d21fec4f9,George_Friend,george friend,Friend
cb40a4fd-b107-4499-bb57-083527289d8b,George_Honeyman,george honeyman,Honeyman
7162c8ed-1cf4-4336-bbc4-34c8f5b78cfd,George_Marsh_612,george marsh,Marsh
c5eb8855-5734-4271-8a53-ff646c5a233f,George_Thomas,george thomas,Thomas
9f5f4216-2992-4d00-b97d-7d918c6ebe43,Georges-Kévin_Nkoudou,georgeskevin nkoudou,Nkoudou
5cca0a97-0c3c-4330-aea4-9b94e5226c9c,Georginio Rutter,georginio rutter,Georginio
b649a6ac-021f-4b7b-9876-a407418c24d2,Georginio_Wijnaldum,georginio wijnaldum,Wijnaldum
3e078532-f759-4c76-8f60-883859ee8b99,Gerard_Deulofeu,gerard deulofeu,Deulofeu
89369fe1-528a-4188-b5bc-f0205354acda,Gerhard_Tremmel,gerhard tremmel,Tremmel
24399a85-781e-4206-86d0-dae90e0d4aa0,Gianluca Scamacca,gianluca scamacca,Scamacca
b78b22d0-8d3c-4800-9259-4b0400fabe1e,Giannelli_Imbula,giannelli imbula,Imbula
820f4a27-4dc5-4505-bdee-6f7b2acfa8ba,Giedrius_Arlauskis,giedrius arlauskis,Arlauskis
a8d076cf-7cd1-4eab-af0b-b37a805501d4,Giovani_Lo Celso_523,giovani lo celso,Lo Celso
051e96f4-0f3f-4369-ad32-9c6ff869d51e,Giovanni Reyna,giovanni reyna,Reyna
8ee1320c-ee0e-48ff-8be6-d5b311447385,Giovanni_McGregor_608,giovanni mcgregor,McGregor
0bad6b76-3c7d-4bad-86a3-be70bac674b9,Giulian Biancone,giulian biancone,Biancone
70d34487-8bb0-4720-9341-af090c3f50e5,Glen Rea,glen rea,Rea
ab3d6bc8-e3a6-41cc-b926-127b90b422f3,Glen_Johnson,glen johnson,Johnson
98a7d545-06de-4f35-8ccf-9f6751acab86,Glenn_Murray,glenn murray,Murray
b73c3c37-05ee-4fef-bb2e-4b1a89cd5bc9,Glenn_Whelan,glenn whelan,Whelan
e8327c73-0147-42a0-8cd6-8bd143048d64,Gnegneri Yaya_Touré,gnegneri yaya toure,Yaya Touré
38af4f49-86fd-42bb-86ba-da00e6976013,Godwill Kukonki,godwill kukonki,Kukonki
eb8a35fd-627d-47b3-9bce-fd384e5275f0,Gonzalo Montiel,gonzalo montiel,G.Montiel
32ad4ee9-0ac5-4e6e-815d-88ca87f04290,Gonzalo_Higuaín_579,gonzalo higuain,Higuaín
ab768bb1-253d-4647-a7f5-4e1a0e95e9dc,Gonçalo Bento_Soares Cardoso_594,goncalo bento soares cardoso,Cardoso
125a7ef1-31d0-4887-98ed-8282d2ae3533,Gonçalo Manuel Ganchinho Guedes,goncalo manuel ganchinho guedes,Guedes
7f4ce94d-401e-432b-b76f-da0deec93fa2,Grady_Diangana,grady diangana,Diangana
c709da38-c557-420c-b19f-749364597071,Graham Potter,graham potter,Potter
90409975-6fbd-45e3-abf7-26457a06781c,Granit_Xhaka,granit xhaka,Xhaka
b5a342fd-bdd8-4d58-a68d-6abda5b08797,Grant_Hanley,grant hanley,Hanley
c5471022-c88c-4995-b1be-68b4e040c647,Grant_Leadbitter,grant leadbitter,Leadbitter
5c509800-3825-44aa-a179-ca331d99faab,Greg_Cunninghamm_467,greg cunninghamm,Cunningham
656742a3-01b5-4bb7-ba71-3b175cec4d53,Greg_Halford_97,greg halford,Halford
e6e90ede-7a7a-41e1-8e2d-790ad26d08bc,Greg_Luer,greg luer,Luer
0ec4f358-6e20-4a9d-8284-26401b75aa65,Greg_Olley,greg olley,Olley
508bdcbc-d232-4a61-bc82-b1ede6f157b1,Grzegorz_Krychowiak,grzegorz krychowiak,Krychowiak
a98a0184-2263-4a41-bf37-efa7a4dbf671,Guglielmo Vicario,guglielmo vicario,Vicario
b6f9089a-3a32-40a6-af0b-849a5e8e7bbf,Guido Rodríguez,guido rodriguez,G.Rodríguez
fec5ceac-46c6-4780-8bf2-b33fb117fbfb,Guido_Carrillo,guido carrillo,Carrillo
f5436701-d627-4bef-9741-5e91cbb0b7f6,Guillermo_Varela,guillermo varela,Varela
818df6c7-b1dd-4acd-aa01-a0e7037344e6,Gustavo Hamer,gustavo hamer,Hamer
9070c3ae-042f-40c8-9c5e-8a469507e8b8,Gustavo Henrique Furtado Scarpa,gustavo henrique furtado scarpa,G.Scarpa
83c8b2d2-f7db-4f6a-898a-dd582ac3f615,Gustavo Nunes Fernandes Gomes,gustavo nunes fernandes gomes,G.Nunes
d32809e1-49cd-43fb-8102-7304aaca6c26,Gylfi_Sigurdsson,gylfi sigurdsson,Sigurdsson
83b438b7-be6a-41b2-8d74-2ebaccfdaf19,Gökhan_Inler,gokhan inler,Inler
680bdf28-6c3d-4eea-a5dd-43e7e7008b33,Gökhan_Töre,gokhan tore,Töre
1e3d2600-b140-429b-a3e6-7fffab64c6d2,Habeeb Ogunneye,habeeb ogunneye,Ogunneye
f8dd5480-8a13-4c9b-bf04-cee760fd6cf3,Hakim Ziyech,hakim ziyech,Ziyech
adf742f3-4e8b-4a19-8c5d-cd16676aebf5,Hal_Robson-Kanu,hal robsonkanu,Robson-Kanu
60a23b11-abf6-4217-bf2d-27ba87a461a9,Halil Dervişoğlu,halil dervisoglu,Dervişoğlu
453c04bf-010c-41dc-93d7-6e0a138c02fe,Hamed Traorè,hamed traore,H.Traorè
95fbaf8c-ca0e-4a34-a0e6-fc9455f94081,Hamza_Choudhury,hamza choudhury,Choudhury
45662cb3-73b7-4094-9b1d-22ca9166ca95,Han-Noah Massengo,hannoah massengo,Massengo
3013c2f0-ad14-4d6e-a9de-5c0c79cc0e6d,Hannes Delcroix,hannes delcroix,Delcroix
46221a05-518a-4ddd-be55-5ee995d9593c,Hannibal Mejbri,hannibal mejbri,Hannibal
7c129eec-739c-4086-9735-cb04ba98d3db,Harrison Armstrong,harrison armstrong,Armstrong
4fb873a2-5a7a-4c15-a9ff-882c867acea2,Harrison Ashby,harrison ashby,Ashby
63dde32a-766b-478b-9a24-9e7dc8bb2286,Harrison_Reed,harrison reed,Reed
6659b6a9-e368-4e29-908f-857880a86b17,Harry Amass,harry amass,Amass
e0c6b2bf-5d07-435e-9ae0-bbdcccfa6b14,Harry Boyes,harry boyes,Boyes
b575b636-a040-4705-8e12-d41191f3eb59,Harry Clarke,harry clarke,H.Clarke
765c5c10-ebb4-4550-9a91-7f186d163483,Harry Howell,harry howell,Harry Howell
5b7aceb3-85dd-4252-9c5e-3921f94576b2,Harry Toffolo,harry toffolo,Toffolo
4780305d-8d9c-4995-994d-16a358bf7ae0,Harry Tyrer,harry tyrer,Tyrer
01b61c82-fe40-4cff-bb8b-105885faaa1d,Harry_Arter,harry arter,Arter
981639d3-36b9-4d17-be9f-9b650c83bb01,Harry_Bunn,harry bunn,Bunn
e66cf718-1a5d-4791-8569-581a35722d28,Harry_Kane,harry kane,Kane
93a0d80a-c9a0-4277-a2ed-7e9bd77acad4,Harry_Lewis,harry lewis,Lewis
0686c49d-3a7f-47df-9444-05ffb5a8f9fa,Harry_Maguire,harry maguire,Maguire
06c22b65-8dda-4703-894f-c6dcaacd8292,Harry_Souttar,harry souttar,Souttar
9949c10c-58a1-40a9-aab5-56086ee16898,Harry_Wilson,harry wilson,Wilson
2bf05159-4620-42e6-bce3-dfc8668cfed9,Harry_Winks,harry winks,Winks
d024ad28-894f-4c13-b397-db2b03a0c1c9,Harvey Davies,harvey davies,Davies
c17a5f74-05e3-49f2-8cef-a5e49ffe2f70,Harvey Griffiths,harvey griffiths,Griffiths
37ccb9b1-c16e-4e80-80b4-8685606d8cb4,Harvey Vale,harvey vale,Vale
7b523b6d-c1f8-42e5-b126-e4489b91f1f9,Harvey White,harvey white,White
ca3851d9-7a83-47f8-b772-649310e7e445,Harvey_Barnes,harvey barnes,Barnes
89cc13b6-b77a-4f43-b7ce-bc1dc1c789a0,Harvey_Elliott_610,harvey elliott,Elliott
72b25857-2a5c-45b1-bb11-81b6a785974d,Hassane Kamara,hassane kamara,Kamara
66a49049-4738-40f8-888a-c28ff42dcf41,Haydon Roberts,haydon roberts,Roberts
8f51a026-8c28-425c-93d0-68fbbb641566,Hee-Chan Hwang,heechan hwang,Hwang
f6aff3a3-7747-4045-8b36-88890c94f760,Henri_Lansbury_35,henri lansbury,Lansbury
ad57e15b-fbac-422e-b8bf-3b0727260786,Henri_Saivet,henri saivet,Saivet
2403603b-153c-4391-a800-f6c4e7536487,Henrikh_Mkhitaryan,henrikh mkhitaryan,Mkhitaryan
c556bd7f-d906-4371-94fa-86d2e229d89f,Henry Cartwright,henry cartwright,Cartwright
2992c30c-f96c-416c-ab65-af16ad6020ce,Heung-Min_Son,heungmin son,Son
eb7f70a4-0656-4137-b995-62a954a01741,Heurelho da Silva_Gomes_513,heurelho da silva gomes,Gomes
cba7f127-fe53-4d69-807b-7ee22619065a,Heurelho_Gomes,heurelho gomes,Gomes
00362d81-97c9-46e7-9cd1-88407fb59c4b,Hiram_Boateng,hiram boateng,Boateng
a76f1c15-dccd-47d0-bbcd-29e707317f05,Hjalmar Ekdal,hjalmar ekdal,Ekdal
881d71ba-851f-41a1-a2fc-17f8cd4861a8,Hubert Graczyk,hubert graczyk,Graczyk
3f55fdb2-4aa3-4889-b014-038ae6be4308,Hugo Bueno,hugo bueno,Bueno
c1ccd498-8f12-42da-823c-d4927d1ed589,Hugo Bueno López,hugo bueno lopez,H.Bueno
d711aaaa-027b-40c8-bd0e-b5c3ccf79bb8,Hugo_Lloris,hugo lloris,Lloris
5c66a5af-6bbc-4820-b6d9-a9593c68b92b,Hwang Hee-chan,hwang heechan,Hee Chan
735856b0-6d30-4037-85a5-1f368fe461d2,Hwang Ui-jo,hwang uijo,Ui-jo
28b2807f-6cc3-4713-9ad5-ea903587b127,Hákon Valdimarsson,hakon valdimarsson,Valdimarsson
15aa593a-15f3-4b03-a345-2f85b7579a49,Håvard_Nordtveit,havard nordtveit,Nordtveit
9eb6a346-f834-4640-b105-cd8abda789d6,Héctor Junior Firpo Adames,hector junior firpo adames,Firpo
4e1eef99-8318-462a-b94f-a9eea0b1d8da,Héctor_Bellerín,hector bellerin,Bellerín
36c14c0d-4ad6-4b10-aa24-4a05cf641c31,Hélder Wander Sousa de Azevedo e Costa,helder wander sousa de azevedo e costa,Costa
2a1d70b7-ddbc-4dea-905a-3c087c761237,Hélder_Costa_435,helder costa,Costa
7b2adcf7-7a21-451e-b842-b68001de18f6,Ian Carlo Poveda-Ocampo,ian carlo povedaocampo,Poveda
4267d2b8-16fd-4fe3-9d3e-c99cef6814d0,Ian Maatsen,ian maatsen,Maatsen
b63992e5-49ef-4609-a04f-89c37c5509f5,Ibrahim Osman,ibrahim osman,I.Osman
f51bf19f-8c4d-4373-91ee-fb5f416afeda,Ibrahim Sangaré,ibrahim sangare,Sangaré
e5f529b7-91c0-4b03-8db6-649cce8fe54f,Ibrahim_Afellay,ibrahim afellay,Afellay
1f11e913-0688-4f07-8487-bd62f7d474d5,Ibrahim_Amadou_507,ibrahim amadou,Amadou
058e3f99-684e-4a12-846c-b4d1eb2df215,Ibrahima Diallo,ibrahima diallo,Diallo
dac42c4c-4092-4642-8b17-1e9294c4a6de,Ibrahima Konaté,ibrahima konate,Konaté
3f8b84d8-5910-4604-a88e-154d4e748c98,Ibrahima_Cissé_521,ibrahima cisse,Cissé
3590439f-e5f6-440b-9c93-5a842990a092,Idrissa_Gueye,idrissa gueye,Gana
bb682e1d-8fa3-4a3b-9c43-a42e7f0e4a04,Ignacio_Pussetto_604,ignacio pussetto,Pussetto
be159ed5-d2c9-4753-8c56-fc11d8917259,Igor Julio dos Santos de Paulo,igor julio dos santos de paulo,Igor
3b8f2901-f6f2-483f-bd20-8ddb408e5c63,Igor Thiago Nascimento Rodrigues,igor thiago nascimento rodrigues,Thiago
2a76f996-aa86-4204-83ed-21fe51c6cabb,Ikechi_Anya,ikechi anya,Anya
67bb3215-7153-4bf9-adcf-4f649800dcba,Iliman Ndiaye,iliman ndiaye,Ndiaye
57f06964-e9a4-4a56-a343-34ae5ddb02fa,Ilkay_Gündogan,ilkay gundogan,Gündogan
ec41ac14-943b-477c-9989-32c40876b2d9,Illan Meslier,illan meslier,Meslier
fc492d7c-9c35-4589-9b9d-a106cd4cd56c,Illia Zabarnyi,illia zabarnyi,Zabarnyi
20427a12-c6ac-4439-af4f-17a44fd45f03,Imari Samuels,imari samuels,Samuels
f2d67f23-2dc8-4590-9adf-3d0b3bdde187,Imrân Louza,imran louza,Louza
11b5f5a7-4b3f-4aed-8f48-81d089cabc8a,Indiana_Vassilev_600,indiana vassilev,Vassilev
a84f1969-f88f-410d-9dd0-98bdfa95d7a4,Ionuț Radu,ionut radu,Radu
10effeab-edee-4f28-82b4-10f909b68801,Isaac Heath,isaac heath,Heath
eb7b4069-0442-4165-a76f-9e1d60cf5561,Isaac Price,isaac price,Price
aad9b432-be5d-4e66-8aa1-eaa761136155,Isaac_Hayden,isaac hayden,Hayden
a6befd4e-a580-42af-9aee-c18e12b17bd9,Isaac_Mbenza_514,isaac mbenza,Mbenza
ddb8eea3-621d-4255-a7e7-6e438f318f08,Isaac_Success,isaac success,Success
46d4da9c-cb8e-40f6-ac1b-4cf38bb92c33,Isaac_Success Ajayi_524,isaac success ajayi,Success
e6088e18-41a7-4d10-8f63-58ed7da433f1,Isaiah_Brown,isaiah brown,Brown
df14f274-67b7-42f6-bf07-9d801b5b8fc5,Ishé Samuels-Smith,ishe samuelssmith,Samuels-Smith
bad44561-84c9-4f51-8ed4-b8e45e64e1d4,Islam_Slimani,islam slimani,Slimani
b20ff213-c3ad-45e2-b50d-2ce90773f5d9,Ismaila Coulibaly,ismaila coulibaly,Coulibaly
f8df468f-48bb-4b36-8463-e7f5e2268ce6,Ismaïla_Sarr_525,ismaila sarr,I.Sarr
904f5ad9-c452-49e4-bf6c-4fe2df7ced2f,Ismeal Kabia,ismeal kabia,Kabia
57e873b8-ff7f-4bc9-bc10-091004eeffba,Issa Kaboré,issa kabore,Kaboré
b7504e7c-8346-4e73-8614-f7c913d3a573,Issa_Diop_409,issa diop,Diop
cdc81624-fe03-4406-aec4-5c44d721940c,Ivan Juric,ivan juric,Rusk
f9637f67-2560-48eb-920b-acb472035de9,Ivan Neves Abreu Cavaleiro,ivan neves abreu cavaleiro,I.Cavaleiro
81332f13-bd05-4acf-87a4-19414ee1a8d6,Ivan Perišić,ivan perisic,Perišić
2862b9eb-5d33-42bc-a034-67ed2eae912a,Ivan Ricardo Neves Abreu Cavaleiro,ivan ricardo neves abreu cavaleiro,Cavaleiro
6a452268-500b-425f-8786-e774da34cec9,Ivan Toney,ivan toney,Toney
348fe8d0-0e08-470a-8e0c-3a2730a7690a,Ivan_Cavaleiro_434,ivan cavaleiro,Cavaleiro
12c73c47-8891-487d-a98d-e48e5307e4d8,Ivo Grbic,ivo grbic,Grbić
f60ef090-6fc5-4900-a876-e53a4fee2e2c,Iwan Morgan,iwan morgan,Morgan
d341c23c-a9aa-41b5-97df-713321a1f03e,Jack Clarke,jack clarke,J.Clarke
865a3557-0c8f-44e4-b110-433c3a778681,Jack Fletcher,jack fletcher,Fletcher
0436d0ed-3d5a-4a1c-8c7b-a9f116226068,Jack Grieves,jack grieves,Grieves
09635463-4f19-46ae-a99f-ece48f3ace6a,Jack Harrison,jack harrison,Harrison
ac2fb978-38ee-44b6-9bea-cdcd3d96ec81,Jack Henry-Francis,jack henryfrancis,Jack Henry-Francis
c225db0f-2472-4a84-ba53-1fda3b8d1985,Jack Hinshelwood,jack hinshelwood,Hinshelwood
117baa61-e67d-43da-96f2-7cb411a51b46,Jack Jenkins,jack jenkins,Jenkins
57f5cd6f-21cb-48b7-88e6-aef839b612f6,Jack Moorhouse,jack moorhouse,Moorhouse
5aeb27e0-86f2-4594-8622-91f37e4360eb,Jack Porter,jack porter,Porter
c1b528ca-4139-4e7f-9e38-32ed4d512d63,Jack Taylor,jack taylor,Taylor
5d393ee2-ce5c-4f70-91fa-cd4e8acb46b3,Jack Walton,jack walton,Walton
2dc7ffe3-c67b-4e61-96a5-69396ff9c452,Jack Wells-Morrison,jack wellsmorrison,Wells-Morrison
6633e016-29fd-4f5b-8e4e-00bd5b661ad5,Jack_Butland,jack butland,Butland
3d69689a-1fcc-45ec-b7bf-3ce4b81615dc,Jack_Colback,jack colback,Colback
8a420325-f893-4942-b1b3-3bc5c81c728b,Jack_Cork,jack cork,Cork
ad74d775-2aef-4a8e-9e61-0c7575e7074f,Jack_Grealish_29,jack grealish,Grealish
a3d282a5-5e18-4b09-9bec-02eb1bc9d6ef,Jack_O'Connell_293,jack oconnell,O'Connell
6738a712-48d3-4b11-b0ef-46471188fd9d,Jack_Payne,jack payne,Payne
953cf3bb-7bc4-4df4-8a59-aa839585180e,Jack_Robinson_611,jack robinson,Robinson
fc7bbe0c-59c6-4f57-81ea-a472de93915d,Jack_Rodwell,jack rodwell,Rodwell
072199df-c59f-41ea-bcf0-6efe1488f93a,Jack_Rose,jack rose,Rose
a9b67d76-2708-479b-a1c9-0bba776b8636,Jack_Simpson,jack simpson,Simpson
d01ee679-97a5-453f-bbd4-ff608de4b902,Jack_Stacey_446,jack stacey,Stacey
4008c9a7-59b0-4c91-bc45-fd13455491e4,Jack_Stephens,jack stephens,Stephens
a2604bd0-a6f6-4e54-bdcb-3ceb7510dad3,Jack_Wilshere,jack wilshere,Wilshere
905f9d63-68cc-4818-961e-a55d4c32f865,Jackson Smith,jackson smith,Smith
86db006d-9c46-460f-9dd2-03a9158f95ca,Jacob Brown,jacob brown,Brown
7baddc03-7f5c-4e48-99ec-79af0f953f2d,Jacob Bruun Larsen,jacob bruun larsen,Bruun Larsen
bcd30f94-785c-49f1-b628-5a646a37fb01,Jacob Greaves,jacob greaves,Greaves
37e1d1df-d0b8-4b22-a09b-27ac92c84edb,Jacob Ramsey,jacob ramsey,Ramsey
861dacf3-5e84-495a-85a4-3bdc61a15c13,Jacob Slater,jacob slater,Slater
be989b6c-8bce-4549-b092-405a16dc9802,Jacob Sørensen,jacob sorensen,Sørensen
254328ab-8ed6-4496-aea0-f9cf560e5563,Jacob Wright,jacob wright,Wright
6f0eb123-5545-4993-8a48-dd2fbb0bfb49,Jacob_Murphy,jacob murphy,J.Murphy
77927275-b81d-4457-aeb1-609b126ac3db,Jadan Raymond,jadan raymond,Raymond
2813e152-4eaf-4de7-871e-83039a96d6b7,Jaden Philogene,jaden philogene,Jaden
982e0e85-411b-4fd9-92ed-a3a59fc2843a,Jaden Philogene-Bidace,jaden philogenebidace,Philogene
f6337646-7ecc-42ca-afb5-1a78de2e9290,Jadon Sancho,jadon sancho,Sancho
7714bcaf-59ca-4c2c-82da-04afbffeb508,Jahmai Simpson-Pusey,jahmai simpsonpusey,Simpson-Pusey
0d6fff79-f726-4b91-b79a-50e6e5e0b43f,Jaidon Anthony,jaidon anthony,Anthony
e5f4688b-4f8e-4217-be24-3e34cf234030,Jairo_Riedewald,jairo riedewald,Riedewald
63fa61e0-3592-4c8c-b337-847c3396fb8c,Jake Cain,jake cain,Cain
ca6670f3-4541-4f82-b124-34121d7367e9,Jake Evans,jake evans,Jake Evans
29bee2d5-af8b-4520-9fc3-2f23848f7470,Jake O'Brien,jake obrien,O'Brien
85ecbd4f-705f-4988-bc26-8df31079886a,Jake Vokins,jake vokins,Vokins
75f9d8e6-bf11-4d9e-bbdc-7cffe1d67dc7,Jake_Eastwood_299,jake eastwood,Eastwood
468cd2cb-075e-403a-a168-e96f6a3f9ff2,Jake_Hesketh,jake hesketh,Hesketh
ec31aa3b-3797-4bb5-a1e0-0b13ca158b30,Jake_Livermore,jake livermore,Livermore
ae45eb65-e96b-4e7d-a81a-be1aa4948347,Jakob_Haugaard,jakob haugaard,Haugaard
051036aa-5efe-4691-995a-f816dc95b9b6,Jakub Kiwior,jakub kiwior,Kiwior
3d9f81a2-bff2-4541-9b71-cf3eba9b4c49,Jakub Moder,jakub moder,Moder
921cd22e-5c50-4581-8fd8-8dc66a3a820c,Jakub Ojrzynski,jakub ojrzynski,Ojrzynski
6be897b6-6afe-4dc8-bbed-a16f48afa7d1,Jakub Stolarczyk,jakub stolarczyk,Stolarczyk
45f273dc-51ff-4d68-9267-91d68563f852,Jamaal_Lascelles,jamaal lascelles,Lascelles
6feaa43d-ba6a-4766-8010-b5b5d9f9d419,Jamal Baptiste,jamal baptiste,Baptiste
fa8afaf3-8c21-49aa-9380-00f054e1eb9e,Jamal Lowe,jamal lowe,Lowe
f88a6a7f-fc25-47eb-b51e-6bd8ec7c26da,Jamal_Lewis_276,jamal lewis,Lewis
7e16e689-639a-4792-840e-f8b0a80ab11c,Jamaldeen Jimoh,jamaldeen jimoh,Jimoh
376b5c25-d348-4900-bab0-61ce036dc723,James Bree,james bree,Bree
f3d62a0e-d634-4c89-9c20-c59eb5ac0f31,James Furlong,james furlong,Furlong
dc3481ff-cc18-4ca9-bc6e-dc3ca098d417,James Hill,james hill,Hill
5c9e13f5-0f64-4860-b596-6cf27be153f9,James McAtee,james mcatee,McAtee
40d2b94b-905d-4f71-b7a2-638504ede760,James McConnell,james mcconnell,McConnell
968e48d3-3879-4560-b1e3-ff994a4b2de0,James Morris,james morris,Morris
15144497-bdb9-4cf2-9ef8-c0dddb6ef895,James Rodríguez,james rodriguez,James
49b5804c-440d-4e23-880c-62588a40a45b,James Shea,james shea,Shea
53f762da-9d99-418e-9268-e96d89a96f0b,James Storer,james storer,Storer
4c3d7fd5-ea1e-4067-b4b8-9cb4d2d7cc19,James Sweet,james sweet,Sweet
b210a2a1-9066-44a2-8798-c54ea17bf6de,James Trafford,james trafford,Trafford
b2c373aa-43d4-43c4-8527-472a8351ca49,James Wright,james wright,Wright
d85de35d-7da3-486e-afad-5ca9ce1ccf9d,James_Chester,james chester,Chester
761b98dd-d117-4cc3-b148-0f4003375448,James_Collins,james collins,Collins
2f0ae973-e123-481f-a220-c0f0ce8f15c6,James_Daly,james daly,Daly
9709d3c9-5816-4bcd-8842-c26e4559c07b,James_Garner_602,james garner,Garner
cc8aacae-99bb-4930-a7e9-9ed43373f7cc,James_Husband,james husband,Husband
ee58fbd7-6068-41ab-acf1-b72d8195d242,James_Justin_433,james justin,Justin
04578c35-3555-4f9a-9041-b0b0bc8a33f2,James_Maddison_233,james maddison,Maddison
3b0885a9-78b4-438f-b39f-10e8b350bfeb,James_McArthur,james mcarthur,McArthur
cd4bf8d7-61e7-4a20-8c4e-9f602f4b0f2b,James_McCarthy,james mccarthy,McCarthy
5107d733-8ea6-467b-9863-3af33953fe45,James_McClean,james mcclean,McClean
7c527e37-58d3-4e6b-982e-7dc0c145ef29,James_Milner,james milner,Milner
8f95e288-41e6-42ae-b3be-6714432a638d,James_Morrison,james morrison,Morrison
e5e72395-04e4-4012-a36f-9f2bf5952b1f,James_Tarkowski,james tarkowski,Tarkowski
e0bae9ed-08a9-4e21-b2cb-324a1941ecb6,James_Tomkins,james tomkins,Tomkins
48a04abc-eb8c-4fb1-b130-981660896b8d,James_Ward-Prowse,james wardprowse,Ward-Prowse
c6b641ed-a25d-4926-bcf0-96f829a54f19,James_Weir,james weir,Weir
8acb8deb-4839-4395-85f0-9873220c8b83,James_Wilson,james wilson,Wilson
3cb402da-e826-4835-8495-05a0c0ba8492,Jamie Bowden,jamie bowden,Bowden
cb67eae5-729b-4866-9c5e-8df37bf1517f,Jamie Donley,jamie donley,Donley
f6f2b2fc-9c4f-4fb9-b12f-78d0614bee11,Jamie McDonnell,jamie mcdonnell,McDonnell
6fdb694a-40d9-4558-a42a-808a76b71529,Jamie Shackleton,jamie shackleton,Shackleton
814d0e47-cfe6-4238-ab5f-dcd1f119f2a6,Jamie_Murphy,jamie murphy,Murphy
0ae50754-8f1e-46ed-8b07-43811fe536a6,Jamie_Sterry_530,jamie sterry,Sterry
de965d16-a141-4d53-a1fa-fd05d293d4a9,Jamie_Vardy,jamie vardy,Vardy
baadb075-f037-4fda-8ad2-f01060e1df16,Jan Paul van Hecke,jan paul van hecke,Van Hecke
ee89bca2-575a-4228-a6b1-53e010fc7e31,Jan Zamburek,jan zamburek,Zamburek
896c9902-cc89-4583-b02c-150bd5ad3b2c,Jan_Bednarek,jan bednarek,Bednarek
f5d75545-b8f5-48db-b86d-19e94be23afd,Jan_Kirchhoff,jan kirchhoff,Kirchhoff
819d4de6-4f3b-48e6-913f-4d004c4de4c6,Jan_Vertonghen,jan vertonghen,Vertonghen
7355f6e7-941d-4787-bf2c-f00cc78ceeb0,Jannik_Vestergaard_463,jannik vestergaard,Vestergaard
931c7d39-554e-4d20-855b-ad3bec958b31,Japhet_Tanganga_583,japhet tanganga,Tanganga
1bd14255-c1a7-42a9-a169-63797a7daf85,Jarell Quansah,jarell quansah,Quansah
9c9a7c48-64cc-4d7a-ab92-b99f3834d268,Jaroslaw_Jach,jaroslaw jach,Jach
de1abcc1-7e08-42d7-8855-90b50c05ea22,Jarrad Branthwaite,jarrad branthwaite,Branthwaite
1c2cd056-ee23-405d-bb00-490a255141a1,Jarrod_Bowen,jarrod bowen,Bowen
f6fb8b6f-ed30-4af3-983e-ae07ed42ac35,Jason_Denayer,jason denayer,Denayer
86b4df62-7be8-423f-8544-f81719924c43,Jason_Lokilo,jason lokilo,Lokilo
68c9caf2-50e9-48be-894b-342066206dec,Jason_Puncheon,jason puncheon,Puncheon
13e34070-7be1-4d38-9e29-afda1c086c9a,Jason_Steele_439,jason steele,Steele
517d76e8-0104-419c-8756-497867512b1b,Javier Manquillo Gaitán,javier manquillo gaitan,Manquillo
e4be5bc1-6304-471b-b969-5e683c6203ed,Javier_Hernández Balcázar,javier hernandez balcazar,Chicharito
a5a7afdf-b712-47f9-a031-fee8a573e2f3,Javier_Manquillo,javier manquillo,Manquillo
560f9266-81ca-4a33-a7f6-4709c0a5f76d,Jay Robinson,jay robinson,Jay Robinson
4b111c61-f314-49e2-8461-74979d096f00,Jay Stansfield,jay stansfield,Stansfield
3e5b4da1-f261-4ff0-b065-e5b638495020,Jay-Roy Grot,jayroy grot,Grot
43c044e5-1b12-47b4-b556-405263481d4a,Jay_Fulton,jay fulton,Fulton
d28a0c3a-a1eb-43d4-8f56-bb812f71eaa3,Jay_Rodriguez,jay rodriguez,Rodriguez
a9b2229f-e0cf-41f5-b624-542a171c8e3b,Jayce Fitzgerald,jayce fitzgerald,Fitzgerald
b17be84f-f41f-4eb9-b4cc-9c798f3d4c59,Jayden Bogle,jayden bogle,Bogle
32da8d17-6a47-41a6-8a54-3c2d87386c5a,Jayden Danns,jayden danns,Danns
de44dbb1-06c2-4b1e-a30a-d498c627b468,Jayden Luker,jayden luker,Luker
46c77f06-91b9-4e39-aa8f-e1da4788660a,Jayden Meghoma,jayden meghoma,Meghoma
c44eb0e9-f468-47ad-b0e2-6decc199bd16,Jayden Moore,jayden moore,Moore
ebb296e4-6bb4-4baa-9cce-73d86c2260ff,Jayson_Molumby,jayson molumby,Molumby
0bf5e8ab-30cb-42f6-b55d-1cbf7a71ce01,Jean Michael_Seri_456,jean michael seri,Seri
7732baa8-c7c6-490f-83b7-4da56a14bb7d,Jean-Clair Todibo,jeanclair todibo,Todibo
47cecb8e-adce-4abe-bdbe-ccc1bfd57a0f,Jean-Philippe Mateta,jeanphilippe mateta,Mateta
d5284ee1-e756-46df-bb65-205afc5cd9b8,Jean-Philippe_Gbamin_497,jeanphilippe gbamin,Gbamin
3438070b-8151-405a-af69-ebcb5429f6d3,Jean-Ricner Bellegarde,jeanricner bellegarde,Bellegarde
92db56ab-7c1f-4e4f-9c0e-1dbc534ee1a5,Jed_Steer_429,jed steer,Steer
ad9170e2-3e24-4bf4-8bb7-37e168d12776,Jeff_Hendrick,jeff hendrick,Hendrick
e90b05e3-e2cc-4ab7-a6ac-df817317a579,Jeff_Reine-Adelaide,jeff reineadelaide,Reine-Adelaide
4c6623ee-f910-41bf-be4a-e050d5c83878,Jefferson Lerma Solís,jefferson lerma solis,Lerma
a558b8db-75c1-4594-b412-ca7a4f075149,Jefferson_Lerma_494,jefferson lerma,Lerma
39a44bae-dd9f-44b5-bed3-c3199b2281bb,Jefferson_Montero,jefferson montero,Montero
74f7e737-2b18-40ac-bbed-632ee0d39b70,Jeffrey_Schlupp,jeffrey schlupp,Schlupp
ce0e7156-bb76-4ee3-b5a9-f7b9a110d00d,Jens Cajuste,jens cajuste,Cajuste
2c833e8d-fda7-40a0-b0be-3b7f12964c2e,Jensen Weir,jensen weir,Weir
10626494-7cea-4090-9e3b-f408cff68e04,Jenson Metcalfe,jenson metcalfe,Metcalfe
391f374a-7f1b-4d12-afb8-5fbfffe24747,Jeremain_Lens,jeremain lens,Lens
87a8ceb0-a22b-4c19-84d8-9debfbb99cc8,Jeremiah Chilokoa-Mullen,jeremiah chilokoamullen,Chilokoa-Mullen
a093b258-90fb-49be-ab6e-96618d4c504c,Jeremie_Boga,jeremie boga,Boga
59b55519-b4dd-40db-958a-58f0b2d58714,Jeremy Monga,jeremy monga,Monga
38054bc4-31d2-4534-9e8c-5108c08acb7c,Jeremy Sarmiento,jeremy sarmiento,Sarmiento
f9fd8678-3acb-4da1-b439-b78e96cba76b,Jeremy Sarmiento Morante,jeremy sarmiento morante,Sarmiento
6a78a76f-549d-4a81-ae4e-2ce81189a218,Jeremy_Ngakia_593,jeremy ngakia,Ngakia
8b8bfb27-2030-49f2-89d3-03316c1f5db0,Jermain_Defoe,jermain defoe,Defoe
90d3d80d-e3cb-446a-b9db-a765ad3b6a99,Jerome_Sinclair,jerome sinclair,Sinclair
9446b0e2-9987-4ab6-be4a-ce41c2ba3f63,Jesper Lindstrøm,jesper lindstrom,Lindstrøm
10589ea7-6b9d-45c4-8047-0666b3449115,Jesse_Lingard,jesse lingard,Lingard
7d217d01-cd99-4cb6-8e4c-16889a2ed690,Jesurun Rak-Sakyi,jesurun raksakyi,Rak-Sakyi
739c0a7e-8fd2-4d00-a2fb-77c4fe385659,Jesé_Rodríguez Ruiz,jese rodriguez ruiz,Jesé
d998d0db-36c3-48ed-8764-aace96effba7,Jesús_Gámez Duarte,jesus gamez duarte,Gámez
25c6f38b-4948-4536-abb0-a16a47006aa8,Jesús_Navas,jesus navas,Navas
c52f4121-2637-4060-a64d-88fd9f700eb9,Jesús_Vallejo Lázaro_473,jesus vallejo lazaro,Vallejo
77f95f89-fe84-45bd-a4b3-8ad6e0ae9712,Jetro_Willems_498,jetro willems,Willems
bb6e22c7-dd78-4f8a-8267-54ce2872fa62,Jhon Durán,jhon duran,Duran
29fcf066-1d7d-415e-87c5-e195b11e7091,Ji-Soo Kim,jisoo kim,Kim Ji-Soo
6efcd19f-deeb-4d17-bbdd-d28e11123f51,Jili Buyabu,jili buyabu,Buyabu
75a6626c-fc26-46ba-a1db-6351a6873b35,Jimi Gower,jimi gower,Gower
fcfa44c0-f103-40f8-9d79-45d9b43bf5c7,Jimi Tauriainen,jimi tauriainen,Tauriainen
7a58c3ee-ed7a-4736-a7d8-4acf884cc659,Jimmy Dunne,jimmy dunne,Dunne
505fa36d-98ca-4e5a-8b17-edadc726ff66,Jimmy Morgan,jimmy morgan,Morgan
421579dc-3094-46ef-a626-23a763299f34,Jiri_Skalak,jiri skalak,Skalak
57a89095-8ea0-4791-94c5-8bea1c74d447,Joachim Andersen,joachim andersen,Andersen
7a2a67e3-c9ac-4aa0-a452-c4bbfd0377d1,Joachim Kayi-Sanda,joachim kayisanda,Kayi Sanda
74b56cd7-d508-48f8-953a-16aa9556ec06,Joe Aribo,joe aribo,Aribo
46ce5b5d-666a-4934-bd07-2ff38ebdcffd,Joe Ayodele-Aribo,joe ayodelearibo,Aribo
54b81c5b-7606-408f-8b9c-295c555ace61,Joe Gardner,joe gardner,Gardner
80798041-0c2a-48de-a2fb-f97ee9e7a907,Joe Gauci,joe gauci,Gauci
0d5011b6-e489-44fa-94e3-ffa9266fa021,Joe Gelhardt,joe gelhardt,Gelhardt
62117ad9-442f-4ce3-ad59-ac29c13e2fbd,Joe Gomez,joe gomez,Gomez
348d43dd-ad1d-477b-8799-58bdf87a3542,Joe Hodge,joe hodge,Hodge
effe9386-028c-4022-8fb4-8b06603f7261,Joe Hugill,joe hugill,Hugill
d45d1db8-be57-41c2-8099-3e7cde4102d8,Joe Knight,joe knight,Knight
65133f8a-2cc3-496b-a7a9-9434d919e996,Joe Lumley,joe lumley,Lumley
c723b776-8a19-4c7b-abdf-bae8309cd390,Joe Rothwell,joe rothwell,Rothwell
c2f81bf7-8ba7-44d2-af71-aadccbbdb3a1,Joe Taylor,joe taylor,Taylor
23818522-f672-4e8d-8b7d-e33a574c1de2,Joe White,joe white,White
0b3a0047-5db9-4f2f-b593-99d426a7ad8b,Joe Whitworth,joe whitworth,Whitworth
bd2fef80-6df5-42da-bf4c-0a851190bead,Joe Willock,joe willock,Willock
f2e29c77-f615-4985-a043-880c2e5c65d1,Joe Wormleighton,joe wormleighton,Wormleighton
e1085f71-fcd1-4644-8eac-ac1517df640b,Joe Worrall,joe worrall,Worrall
c9d6d826-d803-4c88-bf2f-41b3f7d963ff,Joe_Allen,joe allen,Allen
f70c5232-ea16-40a9-80a3-f85cd99eeab0,Joe_Bennett_94,joe bennett,Bennett
811fba25-1b41-4ab9-9212-edbb9f42c297,Joe_Bryan_510,joe bryan,Bryan
ac099904-7501-48d0-b559-a18a5d88a071,Joe_Hart,joe hart,Hart
8cb9c6ba-617b-42d8-af1f-0f1285d05df0,Joe_Ledley,joe ledley,Ledley
ce389327-9a5d-4e1a-8c78-a54c61c5fb14,Joe_Lolley,joe lolley,Lolley
2b67070c-2634-4b92-8648-6f57496a079d,Joe_Powell_547,joe powell,Powell
760e7fe0-408b-4468-88f0-e92bfa5f6760,Joe_Ralls_98,joe ralls,Ralls
0e99a766-ca23-426d-be66-74f64f3d65d6,Joe_Rodon,joe rodon,Rodon
06a66d2a-8773-4b87-9102-ffd25c808c73,Joe_Tupper_576,joe tupper,Tupper
8b3cb23b-9c86-4dad-bd95-71f30dcf2f86,Joe_Williams,joe williams,Joe Williams
13f7bbd0-c0fc-4a44-af21-4c861838665b,Joel Dinis_Castro Pereira,joel dinis castro pereira,Joel Pereira
901727fb-1cf1-4092-bf12-9b5a4e38286f,Joel Mumbongo,joel mumbongo,Mumbongo
e4491279-8bae-4b43-ac23-11952c883203,Joel_Asoro,joel asoro,Asoro
5703e812-2548-4776-a3d7-60bb1935c204,Joel_Campbell,joel campbell,Campbell
aff8115f-9175-4e22-8d04-d6bc5d2eb3d1,Joel_Coleman,joel coleman,Coleman
7f50fa5b-9221-4459-b19b-d797fbf27419,Joel_Matip,joel matip,Matip
450d34ae-a823-4120-bcec-c19bd6728f4a,Joel_Robles,joel robles,Robles
70d67faf-42b4-4cce-b504-40c080350e84,Joel_Taylor,joel taylor,Taylor
d666b940-b0eb-43c3-b3fb-b0182ec0b81e,Joel_Ward,joel ward,Ward
3e508055-e3c0-419f-b214-eebbf298c590,Joelinton Cássio_Apolinário de Lira_466,joelinton cassio apolinario de lira,Joelinton
6b80e5d0-cc00-4e99-9eeb-d20f7bd993b8,Joey_Barton,joey barton,Barton
3a9e93cc-33da-4703-b45d-be367e5799f0,Johann Berg_Gudmundsson,johann berg gudmundsson,Gudmundsson
2985872c-bc52-49ce-8fd2-4df906ed549a,John McAtee,john mcatee,McAtee
2aa94086-0c22-4c13-a3cf-6928097343dc,John Obi_Mikel,john obi mikel,Mikel
77b6811f-aa31-4728-89b8-20d6d843572f,John-Kymani Gordon,johnkymani gordon,Gordon
8c33aef3-d754-4806-be1a-6f77c03bc5fc,John_Egan_295,john egan,Egan
d1157289-04b8-4c81-b81b-5f6d4662bce7,John_Fleck_301,john fleck,Fleck
69ea3f97-e023-4b08-bec6-83c784bbf69c,John_Lundstram_297,john lundstram,Lundstram
95563897-d19b-4fe6-bf06-852045bac565,John_McGinn_31,john mcginn,McGinn
944cafe3-c566-4269-a2bf-7c52607ec633,John_O'Shea,john oshea,O'Shea
3c37dab3-cbb5-4845-b6e2-9e16f13eab48,John_Ruddy_421,john ruddy,Ruddy
95db0257-8e75-4ecf-9f22-00d8ae6535e4,John_Stones,john stones,Stones
3bf1c6b9-9780-4515-a162-4601680850ed,John_Terry,john terry,Terry
d77d00fc-3f6d-452a-8dd8-4a600b0e0a79,Joleon_Lescott,joleon lescott,Lescott
e2091d88-38b6-4cbc-8cd2-b41517505abb,Jon Gorenc_Stankovic,jon gorenc stankovic,Stankovic
f572301d-0e54-418e-ac8e-54927e8faa29,Jon McCracken,jon mccracken,McCracken
20259987-75dd-4141-876c-97530e502f07,Jon_Flanagan,jon flanagan,Flanagan
d27fcde3-fac0-4d9a-8024-5cd59963b571,Jonas_Lössl,jonas lossl,Lössl
7285441a-0ecb-4e2f-92ec-3a769b21f3b4,Jonas_Olsson,jonas olsson,Olsson
0fe98221-744d-4011-906a-26de3bad3ca4,Jonathan Panzo,jonathan panzo,Panzo
0af134d9-1ae2-4450-8e07-ed472858d20f,Jonathan Rowe,jonathan rowe,Rowe
a61d1b66-7b8d-45fc-982b-07ce127b6d2d,Jonathan Tomkinson,jonathan tomkinson,Tomkinson
752ae4b5-bb0a-4067-bb7d-9de0549de1f8,Jonathan_Benteke,jonathan benteke,Jonathan Benteke
52744779-6123-4598-b008-e4678361a133,Jonathan_Calleri,jonathan calleri,Calleri
7b333c03-7afb-43ca-83c5-4949edb0c930,Jonathan_Castro Otto_483,jonathan castro otto,J.Otto
cb6702f1-5bd0-4eb8-9256-c2b53456a16f,Jonathan_Hogg,jonathan hogg,Hogg
6252c87b-a7eb-4551-9ef4-da9501f07004,Jonathan_Kodjia_26,jonathan kodjia,Kodjia
7703bb29-f262-49a5-ad90-dccd9c52f97f,Jonathan_Leko,jonathan leko,Leko
96ab22f1-4c3e-447a-9580-a4fd615a4c4a,Jonathan_Walters,jonathan walters,Walters
61ce0887-c3aa-4b6d-8f38-92e0a41fa010,Jonathan_Williams,jonathan williams,Williams
8e9aadf4-1d26-468f-8577-8e3b6b3a367d,Jonjo_Shelvey,jonjo shelvey,J.Shelvey
efb4fe50-d92b-455c-95b6-982e7006101c,Jonjoe_Kenny,jonjoe kenny,Kenny
e8de0eea-f59a-484a-9fec-e29ee53381e0,Jonny_Evans,jonny evans,Evans
47674eb6-3193-4930-aaf3-c4c65b26ccbf,Jordan Amissah,jordan amissah,Amissah
0474afc0-82d4-4d0e-812b-b42511beda53,Jordan Beyer,jordan beyer,Beyer
9ef62740-44a2-44f9-8898-e881f36d4bb7,Jordan Clark,jordan clark,Clark
56bb8df4-08a3-4839-a028-c575e828c814,Jordan Smith,jordan smith,Smith
bcb0a3bf-c3f8-455d-9d3b-67cd8fb3a878,Jordan Stevens,jordan stevens,Stevens
f97a6e76-a635-4d50-a55c-8c572a8e870d,Jordan Zemura,jordan zemura,Zemura
83d207e3-93bd-4feb-90b1-06940cdd3892,Jordan_Ayew,jordan ayew,J.Ayew
39eb4956-e1fe-469f-9f39-d1c8f446a47e,Jordan_Henderson,jordan henderson,Henderson
d683de08-e975-41ca-935e-4c2c71b16a2d,Jordan_Hugill,jordan hugill,Hugill
6f0acb9a-2311-4fd7-9a31-9001c63ab499,Jordan_Pickford,jordan pickford,Pickford
e6d6bf37-1dc0-4d2c-a5d0-0a0a9bcd42f9,Jordan_Rhodes,jordan rhodes,Rhodes
a9b09da1-e95c-42a4-9f80-549a706980d8,Jordi_Amat,jordi amat,Amat
7459738f-9954-42fb-9ad5-bab958fdac0e,Jordi_Osei-Tutu,jordi oseitutu,Osei-Tutu
48c25f45-6068-4cc8-8532-5b2e0cfbc433,Jordon_Ibe,jordon ibe,Ibe
cb9fdfa8-2b69-4d04-91b2-f98f054d986f,Jordon_Mutch,jordon mutch,Mutch
88893d11-c141-48ff-954e-fc1d43602155,Jordy_Clasie,jordy clasie,Clasie
e8bc5dc4-668d-48d9-89a0-2f5cc1396d59,Jorge Cuenca Barreno,jorge cuenca barreno,J.Cuenca
f8d12bfd-942d-4e9f-b0f8-bfd04cc944ba,Jorge Luiz_Frello Filho_459,jorge luiz frello filho,Jorginho
592db758-5b99-432b-8bf5-b7143bf19286,Jose Angel_Esmoris Tasende,jose angel esmoris tasende,Angeliño
e5edc013-722f-4977-9533-7519e2a7da43,Jose Luis_Mato Sanmartín,jose luis mato sanmartin,Joselu
fd9538a6-bd94-4c9e-9ae0-b4364c716c33,Jose_Fonte,jose fonte,Fonte
6c82dd2d-0e86-4de8-bca5-09ceeb49940e,Joseph Hodge,joseph hodge,Hodge
da69debc-f6a7-4c22-b588-d5d768386753,Joseph Hungbo,joseph hungbo,Hungbo
21f7e9b6-bb8c-414c-926c-f1b4791ca041,Joseph Johnson,joseph johnson,Johnson
b016387b-2dc3-4340-93b2-aea416c1e6e6,Joseph McGlynn,joseph mcglynn,McGlynn
18bc5135-9021-4f33-a383-736911f1008e,Joseph O'Brien-Whitmarsh,joseph obrienwhitmarsh,O'Brien-Whitmarsh
9c3a1b5c-52a0-4bba-862f-0deac753caa9,Joseph Whitworth,joseph whitworth,Whitworth
409e38f3-0500-4f3e-b19c-0d8604d8c3e7,Joseph_Anang_582,joseph anang,Anang
e419d862-4a1c-49dc-aa3d-44681b1dfd8d,Joseph_Gomez,joseph gomez,Gomez
1b5b0b2d-5aca-4d7e-a9ad-54f255ed836a,Joseph_Willock,joseph willock,Willock
eaad3335-278e-48ba-9311-cd75d3f6abbb,Josh Acheampong,josh acheampong,Acheampong
77c0733a-2625-45b1-a216-4bc1cffa42ed,Josh Bowler,josh bowler,Bowler
eff997b8-41b5-4307-b221-2a0bec563ee6,Josh Brooking,josh brooking,Brooking
c6d7031d-a7f4-4c64-bea0-b8e7812f3918,Josh Dasilva,josh dasilva,Dasilva
3cbdc198-d370-4580-9acd-53064417b60e,Josh Feeney,josh feeney,Feeney
8c02b6da-f620-47d7-bb56-3bd2a13dae49,Josh King,josh king,King
a9ffcc8b-5448-4a0f-8446-d78da19eefbd,Josh Martin,josh martin,Martin
2339e263-9bd8-467a-ba0f-4580d46412c3,Josh Nichols,josh nichols,Nichols
464daf4f-55c8-4739-8e20-1492fb4f164a,Josh Onomah,josh onomah,Onomah
3d3777ac-bb44-499a-8a92-ed3a6bdcf7d5,Josh Powell,josh powell,Powell
d6683bb6-29ed-4fc8-a16d-cb9177c7da23,Josh Sims,josh sims,Sims
b48fd109-c7c7-4cb8-a654-0f2cb7a7b7ce,Josh Wilson-Esbrand,josh wilsonesbrand,Wilson-Esbrand
1c7c5b13-481a-41d7-b1bb-3aae4c068f36,Josh_Benson_583,josh benson,Benson
66d368bf-11bf-49db-b44d-d64589626742,Josh_Brownhill_620,josh brownhill,Brownhill
4380b4cb-9719-486a-a9a4-72de9b87b127,Josh_Clackstone,josh clackstone,Clackstone
5575e7a3-63bd-4b0b-9e45-c483fce8ec8d,Josh_Cullen,josh cullen,Cullen
ab5f9153-3a3b-4e5f-8574-28a5f6815cb5,Josh_Knight_558,josh knight,Knight
c7781e43-97f9-4733-95ee-6bc13aa014b9,Josh_Maja,josh maja,Maja
8b75a19f-53e6-4729-aebe-509bff33b912,Josh_Murphy_106,josh murphy,Murphy
bf57f2f2-567d-4543-861c-47bd88496c93,Josh_Pask,josh pask,Pask
1ab1bfde-a433-46f4-8874-e4a0ed57c2b5,Josh_Robson,josh robson,Josh Robson
b02a7f74-0c93-44c5-9d5f-29972d20362d,Josh_Tymon,josh tymon,Tymon
641ce13f-d123-4cde-8f45-21b1d79d210d,Joshua Duffus,joshua duffus,Duffus
78869ca9-c844-4c8f-acd4-bf7079cdb50a,Joshua Sargent,joshua sargent,Sargent
a3049e43-2ad8-4dfd-8263-445f1664001c,Joshua Wilson-Esbrand,joshua wilsonesbrand,Wilson-Esbrand
4336fa66-ecc8-4e38-8d1e-4925fc25d425,Joshua Zirkzee,joshua zirkzee,Zirkzee
b4297d53-691b-448a-b7b5-9e94b498e3ab,Joshua_Harrop,joshua harrop,Harrop
2ad3704a-c428-44d5-b729-6ad070e87f9c,Joshua_King,joshua king,King
1bbc193c-f3b2-47e9-9443-17e054fbecb6,Joshua_Onomah,joshua onomah,Onomah
2362da54-25ec-4476-b83d-763e13033a08,Joshua_Sims,joshua sims,Sims
89223887-c97b-4a82-8823-7b27dc85e6f3,Josip_Drmic_434,josip drmic,Drmic
9d4bab60-9257-4630-ae3b-4aabe590c687,José Diogo_Dalot Teixeira_294,jose diogo dalot teixeira,Dalot
75956761-9d98-4039-ac9f-d06ee3923f81,José Heriberto_Izquierdo Mena,jose heriberto izquierdo mena,Izquierdo
1b2e156b-56dc-478d-835d-f81fd1e5eede,José Ignacio_Peleteiro Romallo_36,jose ignacio peleteiro romallo,Jota
9a9117b9-2028-4157-88a2-7a7e89789817,José Izquierdo,jose izquierdo,Izquierdo
07187f67-ffb8-4faa-b5a0-b4d878816756,José Malheiro de Sá,jose malheiro de sa,José Sá
92d2f1eb-74f5-4cf1-9a19-f555a4de28b8,José_Holebas,jose holebas,Holebas
c7c7053c-7567-411f-b954-547d5256c0ee,José_Reina_603,jose reina,Reina
e30d6a6d-ffdb-45af-96ac-10b5c3572778,Joy_Mukena,joy mukena,Mukena
73585eaf-41d7-4bc1-a56e-1e6244a0b66e,João Cancelo,joao cancelo,Cancelo
2eb05aa6-c25a-41b9-95b9-049fd7ce051a,João Cavaco Cancelo,joao cavaco cancelo,João Cancelo
60d40abc-133e-4dfe-af52-ea04a68015e6,João Filipe Iria_Santos Moutinho_475,joao filipe iria santos moutinho,Moutinho
fe09e216-7f3b-4b11-824e-d88e6c3cdf3a,João Félix Sequeira,joao felix sequeira,João Félix
d4dbb5ce-39e2-415d-b8f8-ce2d9a3b3a47,João Manuel_Neves Virgínia_629,joao manuel neves virginia,Virgínia
b62c92bb-dbfd-4504-934f-9d0ed54b8e6c,João Mário_Naval Costa Eduardo,joao mario naval costa eduardo,João Mário
e7b76c71-ab8f-42f0-903b-cfebdbeb00ec,João Neves Virgínia,joao neves virginia,J.Virginia
3fa36fac-02d7-4a05-a9fd-ff525d4ef37f,João Palhinha Gonçalves,joao palhinha goncalves,J.Palhinha
0e5ac7b8-9f9d-4ab3-a7a8-d61b604a9c41,João Pedro Cavaco_Cancelo_518,joao pedro cavaco cancelo,Cancelo
2d07d6e4-9040-4849-a45f-12bc944ac709,João Pedro Ferreira Silva,joao pedro ferreira silva,Jota Silva
18e1d61c-bdfd-4a59-9478-51881b390c01,João Pedro_Junqueira de Jesus_592,joao pedro junqueira de jesus,João Pedro
8c56a47c-ce25-4fdb-b878-dbf1ffc56d57,João Victor Gomes da Silva,joao victor gomes da silva,J.Gomes
fc562138-c5c3-4121-aaeb-0700470002f6,João Virgínia,joao virginia,Virgínia
b3d6652c-1e0d-43a2-baa8-12c2a1c1dce3,Joël Veltman,joel veltman,Veltman
284c28b3-5726-492c-8cf3-d8791bc3d380,Joško Gvardiol,josko gvardiol,Gvardiol
05ba3ccb-728e-4eba-94c3-17d87df8c1fb,Juan Camilo Hernández Suárez,juan camilo hernandez suarez,Cucho
2a3b54a5-ff58-41f4-8b8b-7a7a13262547,Juan Carlos_Paredes,juan carlos paredes,Paredes
3ff8c260-28d5-48e7-a4e9-afe5a9412c9d,Juan Larios López,juan larios lopez,Larios
04bd0bd0-233b-4bea-9fe1-1aff0a8e6841,Juan_Cuadrado,juan cuadrado,Cuadrado
437378ee-5ac8-46e1-9619-939b209c3582,Juan_Foyth,juan foyth,Foyth
3bef25bc-8b97-4f70-9051-a3ea276404a6,Juan_Mata,juan mata,Mata
7b4165e1-0cb8-4a03-9523-7740902a389d,Juan_Zuñiga,juan zuniga,Zuñiga
b3a3308c-add4-4c2f-9ddd-b262479b1cf7,Julian Eyestone,julian eyestone,Eyestone
d1455c86-f720-4925-8def-a7b7350d4a1b,Julian Jeanvier,julian jeanvier,Jeanvier
f5c8d711-a06b-4fa5-817c-eb705799f1f8,Julian_Speroni,julian speroni,Speroni
85262f60-05db-4555-958d-b52b0e5e6c29,Julien_Ngoy,julien ngoy,Ngoy
9bd5e573-ab45-4f4a-89d5-c27de31a21b9,Julien_de Sart,julien de sart,de Sart
967efc66-be6d-453e-95bb-ec540d43b718,Julio Enciso,julio enciso,Enciso
320d8801-ce41-44f8-9e25-b64e73877309,Julio Soler,julio soler,Soler
d9701dd6-9278-46ba-bd85-d52c7ca55903,Julián Araujo Zúñiga,julian araujo zuniga,J.Araujo
7851b43c-94b5-4d8e-a064-a67d6c93463e,Julián Álvarez,julian alvarez,J.Alvarez
6ad6fbc2-b844-4204-a1be-42413194ab47,Juninho_Bacuna_208,juninho bacuna,Bacuna
f99000ff-2bfc-49b6-8ea4-fa4062cfaaee,Junior Firpo Adames,junior firpo adames,Firpo
16652b0a-9982-43fa-9c49-2785725a25c1,Junior_Stanislas,junior stanislas,Stanislas
39c35e99-23d4-41c0-aed2-f9b8d9ac598a,Juraj Kucka,juraj kucka,Kucka
de140f2e-12d6-477e-ae47-5ca22283bdf3,Jurriën Timber,jurrien timber,J.Timber
cfecae02-a2ea-4733-8f34-bc934579e10d,Justin Devenny,justin devenny,Devenny
dd4a53b1-2124-4f4a-8c93-c5d1e988647f,Justin Hubner,justin hubner,Hubner
ef6b56a4-f52f-4800-8ec5-7482beb40133,Justin Kluivert,justin kluivert,Kluivert
420012e3-76a1-43bc-ab4f-cc760d849904,Jérémy Doku,jeremy doku,Doku
ad0a8760-b29b-4567-92c6-97d9718bd52a,Jérémy_Pied,jeremy pied,Pied
9f765efc-816f-4625-80ca-533839a9bcf3,Jørgen Strand Larsen,jorgen strand larsen,Strand Larsen
3b8ea6f2-2256-4cd2-906f-e3c292c2beff,Jürgen_Locadia,jurgen locadia,Locadia
504b895e-47bd-4fa6-9fe6-a1eda2ac0529,Kacper Kozłowski,kacper kozlowski,Kozlowski
fcb9d3a7-c421-4ad9-8f4c-d7c7540a5941,Kadan Young,kadan young,Young
e2f5bc04-388a-4062-b892-23f751c489b1,Kadeem_Harris_535,kadeem harris,Harris
72e27a46-488f-4edf-abf8-07b5982c5222,Kaden Rodney,kaden rodney,Rodney
0e7117e0-d0c3-4dbb-8eae-9348326d3708,Kaelan Casey,kaelan casey,Casey
8b9e8158-d827-47ca-a6ec-d7984c457f6a,Kai Havertz,kai havertz,Havertz
2ec25f64-fd3e-474c-b76b-fc3d54141429,Kaide Gordon,kaide gordon,Gordon
4e3b3a46-3d03-4d3a-8f3b-43925f19f123,Kaine Hayden,kaine hayden,Hayden
f017340d-71ee-4512-a932-e17e52602986,Kaine Kesler Hayden,kaine kesler hayden,Kesler Hayden
763c3d6d-591e-4bd2-8351-b44f78348e96,Kaine Kesler-Hayden,kaine keslerhayden,Kesler-Hayden
187e22e6-0708-406d-85f9-ab94f04156f5,Kalidou Koulibaly,kalidou koulibaly,Koulibaly
ee89150f-6f46-4cec-9a36-cf5828360548,Kalvin Phillips,kalvin phillips,Phillips
5f5d1d51-080d-439f-8152-2c65df8f83f6,Kamaldeen Sulemana,kamaldeen sulemana,Kamaldeen
d81cd700-6e8c-4405-bc33-5c5e2df5d02f,Kamari Doyle,kamari doyle,Doyle
9d0c77bc-bccb-4bfd-87ee-19d01cf9571b,Kamil Conteh,kamil conteh,Conteh
fa2729de-6583-45e5-a877-707a5c769aab,Kamil Miazek,kamil miazek,Miazek
e6877e43-3bc6-4752-96e2-c71e84695969,Kamil_Grosicki,kamil grosicki,Grosicki
895d7970-e5f8-4abb-9735-9d5e1c2e3b09,Kane_Wilson,kane wilson,Wilson
877e4e50-3ed6-49ad-88ab-8faa05da2516,Kaoru Mitoma,kaoru mitoma,Mitoma
25ca489f-33b5-457f-aab6-5a6f1df128db,Karl Hein,karl hein,Hein
5013d517-cea2-49dc-be72-35f03fbadb34,Karl_Darlow,karl darlow,Darlow
7e46f0a7-f9b8-4e44-849f-218d8e05f4e5,Karlan_Grant_585,karlan grant,Grant
d28cb60c-53b6-4247-b2ec-2162e3d6301d,Karlo Ziger,karlo ziger,Ziger
91e767e0-2ad6-4fa4-8a75-0a8c167b8c5b,Kasey McAteer,kasey mcateer,McAteer
2e3eb5ac-4c1b-4a79-973f-415dc3992d28,Kasey_Palmer,kasey palmer,Palmer
9b798c5a-fa2a-4310-8694-fbe94f5b5678,Kasper_Schmeichel,kasper schmeichel,Schmeichel
ff732a4c-88ed-43c1-8ae0-edcd4364ff02,Kayky da Silva Chagas,kayky da silva chagas,Kayky
79aca9a8-efae-4182-87b2-c52ba569ac1a,Kayne_Ramsay_565,kayne ramsay,Ramsay
66f2da71-acc3-48b3-941d-2539fa30f310,Kazaiah_Sterling,kazaiah sterling,Sterling
b4ce1dd5-cef7-464a-af9f-b4177af7a10f,Kean Bryan,kean bryan,Bryan
ebbe5231-c80e-41bd-a921-874caaed882c,Keane Lewis-Potter,keane lewispotter,Lewis-Potter
a3e5306c-3429-408d-b49b-6d25c36a3512,Keinan_Davis_34,keinan davis,Davis
d0f023fe-36bf-4973-a3a8-d7b0798970b4,Kelechi_Iheanacho,kelechi iheanacho,Iheanacho
a2510809-1a11-494d-a93c-cee76af49004,Kell Watts,kell watts,Watts
3efe82c2-1eca-4de4-a573-7d0c56463fcb,Kelland_Watts_622,kelland watts,Watts
991d49b1-7646-4a94-aa76-bb5b5287ecee,Ken_Sema_446,ken sema,Sema
80ad8760-7df9-4c09-b05f-a7c4be3b7d42,Kenneth_Zohore_107,kenneth zohore,Zohore
5e0a2001-d1da-4fca-9488-0f856aa8e15c,Kenny Tete,kenny tete,Tete
228f755d-8778-40c2-b4dc-27a79c8daaa1,Kenny_McLean_286,kenny mclean,McLean
38a836a0-5391-4576-bdaa-6fa404c5a2a9,Kepa_Arrizabalaga_498,kepa arrizabalaga,Arrizabalaga
48eba5a2-0670-4d95-b76e-d44626084172,Keshi_Anderson,keshi anderson,Anderson
6ad0135e-83bc-47f3-8e04-02581a337bdc,Kevin Mbabu,kevin mbabu,Mbabu
0cc38188-b6d4-4260-a963-931498fe664a,Kevin Schade,kevin schade,Schade
060407d2-546b-48ef-ae90-766efbefa896,Kevin_Danso_532,kevin danso,Danso
c5be93be-1b61-4124-8104-a3e8ee622286,Kevin_De Bruyne,kevin de bruyne,De Bruyne
2406442b-3a52-4068-a835-334bdafdb2d1,Kevin_Long,kevin long,Long
e8306a9e-3e45-450c-93f2-15e7d72a86ac,Kevin_McDonald_183,kevin mcdonald,McDonald
0dcafe62-55e2-40e4-9966-42d1eba013c9,Kevin_Mirallas,kevin mirallas,Mirallas
6f963670-56e4-4eed-90c1-fcf7c5dbf406,Kevin_Stewart,kevin stewart,Stewart
819c6140-725e-4522-a4af-2c3ee03ca2a0,Kevin_Wimmer,kevin wimmer,Wimmer
a636cd85-88de-43e4-b10e-18e0259501ec,Keylor Navas,keylor navas,Navas
056e6d02-5b3d-4885-b3ba-ae1ccfcde650,Kgaogelo Chauke,kgaogelo chauke,Chauke
17a6e69d-9c74-4427-b676-dcc234b1cbeb,Ki-Jana_Hoever_628,kijana hoever,Hoever
fae6241c-baba-49d5-8b57-45fb58a7f82c,Kiano Dyer,kiano dyer,Dyer
d27b6bd7-db1b-46b0-9677-db829207c25a,Kieffer Moore,kieffer moore,Moore
1d237ace-94a7-4738-8445-b0fba21b91cc,Kieran McKenna,kieran mckenna,McKenna
ef24c9e1-4db3-4535-a1bb-2e5d5787b71b,Kieran_Dowell_528,kieran dowell,Dowell
6c78d594-2ff4-4e6b-aa50-c38a1184a658,Kieran_Gibbs,kieran gibbs,Gibbs
93d1d1a3-7a14-4942-b7fa-60bed9a9a3ae,Kieran_O'Hara,kieran ohara,O'Hara
10d7673f-7e9c-4fc5-aada-e72b24f244d6,Kieran_Tierney_515,kieran tierney,Tierney
0e01baa3-348e-4ea7-97f0-a87b3115162f,Kieran_Trippier,kieran trippier,Trippier
280e14ae-7676-4c55-9340-0de01a0c5fe3,Kiernan Dewsbury-Hall,kiernan dewsburyhall,Dewsbury-Hall
8a23a2f5-0d3d-4ff8-96a8-5648395256a0,Kieron_Freeman_292,kieron freeman,Freeman
5e05d3db-43e9-4218-8150-12197200987b,Killian Cahill,killian cahill,Cahill
e354cee8-dc15-4fad-beff-e8b553de2a38,Killian Phillips,killian phillips,Phillips
e89c3cd7-c4fe-4c95-b282-5ca560cb680f,Kim Ji-soo,kim jisoo,Ji-soo
9943eecc-2efd-4ac4-bbc7-0cbbc991f438,Kjell Scherpen,kjell scherpen,Scherpen
778fd471-2d28-465d-b6c6-729712a80a1d,Kobbie Mainoo,kobbie mainoo,Mainoo
ac505881-2f1a-447d-9033-872c96dba838,Kofi Balmer,kofi balmer,Balmer
244364e7-96ec-4546-a17c-752271ddce82,Konstantinos Tsimikas,konstantinos tsimikas,Tsimikas
0ee37250-4bdb-4c84-94f0-afa10ac4a9af,Konstantinos_Mavropanos,konstantinos mavropanos,Mavropanos
9ebd5f85-9b0b-417b-a80e-02a5753751ef,Konstantinos_Stafylidis,konstantinos stafylidis,Stafylidis
ab9613ea-017c-4bc3-bd05-3a3701a26fc9,Kortney_Hause_525,kortney hause,Hause
2877bfd7-5e68-4c1f-8599-11463ce32833,Kosta Nedeljković,kosta nedeljkovic,Nedeljkovic
258e13ac-3f13-4849-9523-d2ae6fdd6712,Kris Moore,kris moore,Moore
86e2b22a-7bf5-42ff-a600-7ea33a8f5637,Kristian Sekularac,kristian sekularac,Sekularac
69618a78-8c0d-4de5-9cfa-727d6a6bfd80,Kristoffer Ajer,kristoffer ajer,Ajer
a1a27989-b951-495d-8e79-ade0e0529c62,Kristoffer Klaesson,kristoffer klaesson,Klaesson
060a5b3d-19b3-47b6-9af6-30aff53a438a,Kristoffer_Nordfeldt,kristoffer nordfeldt,Nordfeldt
be064052-7c1f-4925-8b1e-e87232746ac7,Krisztián Hegyi,krisztian hegyi,Hegyi
09ceadfd-2eaf-4d4d-aa63-ba32df155127,Kurt_Zouma,kurt zouma,Zouma
bd7ec3e0-71c8-45d3-8697-5b1913295200,Kwadwo Baah,kwadwo baah,Baah
4c719368-4072-463f-8916-f18b1a7d2164,Kyle Edwards,kyle edwards,Edwards
2e1ac0e5-e1a2-4451-bdbd-9ffdd5bc43d3,Kyle John,kyle john,John
a3d20c15-26bf-4cc0-aab5-bb1c7d39485c,Kyle_Bartley,kyle bartley,Bartley
43bb7109-9706-4d89-873b-ed78a91e3247,Kyle_Jameson,kyle jameson,Jameson
23af5ddf-68a2-4484-97fc-fdbac84b7b40,Kyle_Naughton,kyle naughton,Naughton
34260a87-ca8a-4a82-ac6d-26c4c0a2211d,Kyle_Scott,kyle scott,Scott
9cd3f220-4f68-4881-b9aa-a186f5d3ab1e,Kyle_Taylor,kyle taylor,Taylor
0de8c4e3-1283-4f9c-9a54-0c827aa5470e,Kyle_Walker,kyle walker,Walker
52c6fc76-429e-4be8-accd-4b05bb3288c4,Kyle_Walker-Peters,kyle walkerpeters,Walker-Peters
5c75f1bd-5b9a-4553-b957-2e426c6c1fcb,Kyron Gordon,kyron gordon,Gordon
495e3f67-dcd0-40ad-b0a6-080bdf6c9e25,Lamare Bogarde,lamare bogarde,Bogarde
7149c86a-cc55-4476-be75-0d97029e712f,Lamine_Koné,lamine kone,Koné
218685a6-83d6-46cc-8a74-d0996908c2fb,Lander Emery,lander emery,Emery
2d9519c7-ad23-4c31-b0f3-c02d43b29fc9,Lasse_Sorenson,lasse sorenson,Sorenson
46cca8b1-cbe7-4066-a422-73c15ffe5de9,Laurent_Depoitre,laurent depoitre,Depoitre
580d2966-f3cd-4297-944a-b1e4474c8e1a,Laurent_Koscielny,laurent koscielny,Koscielny
194f33c6-a08e-40fc-a012-07343ad5778c,Lawrence Vigouroux,lawrence vigouroux,Vigouroux
7c5bb66b-6087-493b-b0c3-69617bb6a0aa,Layton_Ndukwu,layton ndukwu,Ndukwu
3ba1080c-984f-4285-8b51-2e993446a00d,Layvin Kurzawa,layvin kurzawa,Kurzawa
5ab783a9-cc82-42d8-addc-addbe0588240,Lazar_Markovic,lazar markovic,Markovic
00e8f0fc-d5d0-4d9d-b9e9-507b357185d2,Leander_Dendoncker_519,leander dendoncker,Dendoncker
9d65159e-5289-40db-af35-ebde86672ff4,Leandro_Bacuna_589,leandro bacuna,Bacuna
32bccebf-6b30-40e8-a481-867cbb9dcd6d,Leandro_Trossard_421,leandro trossard,Trossard
0a920b90-d55c-4c13-8b1c-34fa69c84f40,Lee_Cattermole,lee cattermole,Cattermole
a0136567-ef44-486e-899e-6e03ff50f83e,Lee_Grant,lee grant,Grant
3b19bc5b-e11b-4dad-92e0-0d344504565d,Lee_Peltier_95,lee peltier,Peltier
a0483655-f12c-4e80-b4f0-35619936d631,Leif Davis,leif davis,Davis
f9a86546-1f4b-4e4f-b954-3bb1fece5981,Leigh Kavanagh,leigh kavanagh,Kavanagh
332d4435-01db-4962-a514-a13d388cf87c,Leighton Clarkson,leighton clarkson,Clarkson
79fb5480-2205-4439-aac1-f227b4963971,Leighton_Baines,leighton baines,Baines
23a7aa49-de42-4f5d-af14-90e1ba9ab6d3,Leiva_Lucas,leiva lucas,Lucas
68f30ae6-156f-4826-a744-ef8c9047a891,Leny Yoro,leny yoro,Yoro
084562e0-ced5-4443-b43b-1c99e18f80b5,Leo Castledine,leo castledine,Castledine
913a8f95-7a5c-4c3f-8a36-7afc12726479,Leo Fuhr Hjelde,leo fuhr hjelde,Hjelde
e3e3bc80-a83b-400b-b338-ce0de5320574,Leon Bailey,leon bailey,Bailey
2ed31880-d54f-446e-b9a4-5891d06b0e0e,Leon Chiwome,leon chiwome,Chiwome
73e8d9dc-b80d-474c-8ad2-55729f39fa1d,Leon_Balogun_54,leon balogun,Balogun
f673e4f1-266b-474c-bb62-0a945d4d0712,Leon_Britton,leon britton,Britton
1b236425-c883-44a5-8a27-2595cfcf6764,Leon_Clarke_547,leon clarke,Clarke
8207569d-cadb-487a-91a3-180a1f82e077,Leonardo Campana,leonardo campana,Campana
171ce24b-ae89-472d-84a4-521145ab0ff2,Leonardo_Ulloa,leonardo ulloa,Ulloa
ba4081f2-c3b4-42b7-9e41-b2175d90fbcd,Leroy_Fer,leroy fer,Fer
bd1e435d-eda5-4570-a4e5-2caf4e0b7c0a,Leroy_Sané,leroy sane,Sané
6620b659-bde9-40d4-99b8-743aefb0ff7c,Lesley Ugochukwu,lesley ugochukwu,Ugochukwu
d1a7e3fb-d782-4247-867b-ee48647d4c06,Levi Colwill,levi colwill,Colwill
276d520f-477a-4326-801c-d8c1a95d3827,Levi_Lumeka,levi lumeka,Lumeka
4c56dd1f-139c-4af4-892a-a1eaf0fb2f81,Lewis Bate,lewis bate,Bate
c70db8f2-8af4-414c-a7e5-6f75a6f47ae6,Lewis Brunt,lewis brunt,Brunt
8a7889c9-0436-4a62-8237-0db298ac443b,Lewis Dobbin,lewis dobbin,Dobbin
72875288-99ac-4ba2-9c1b-983f836b7431,Lewis Hall,lewis hall,Hall
83c7107e-c82a-438c-9bc6-71ceae0fae07,Lewis Koumas,lewis koumas,Koumas
2c8fe4b6-cb8a-4861-864f-16b166e158b9,Lewis Miley,lewis miley,Miley
875330bf-5f5d-4fe7-9368-e05962025fed,Lewis O'Brien,lewis obrien,O'Brien
3c97a5db-aca2-480e-82ca-39cb8e551e77,Lewis Orford,lewis orford,Orford
6331512a-88af-4ec9-97b7-e554d13c4c3d,Lewis Payne,lewis payne,Payne
fdf0d244-7387-4ba1-a4b7-a1dd479953ba,Lewis Richards,lewis richards,Richards
afae4836-d074-40dd-9923-ea9685a501cd,Lewis Richardson,lewis richardson,Richardson
1279cdfd-fb8b-4aa5-998b-f127709fc5fd,Lewis Warrington,lewis warrington,Warrington
5d4b092b-bae0-4922-8926-5f4d5ba81e77,Lewis_Cass_623,lewis cass,Cass
bb8d26a2-c9a2-4106-9701-ac9403bb6e74,Lewis_Cook,lewis cook,Cook
94b0e99b-8578-4389-a811-26aff93d7207,Lewis_Dunk,lewis dunk,Dunk
29dc06e2-f2b7-4c9f-88df-1293688c9295,Lewis_Gibson_477,lewis gibson,Gibson
14aaabe3-5267-4d60-bbf0-0dea4290a6f9,Lewis_Grabban,lewis grabban,Grabban
bc088046-92e2-4184-9cc1-bf0d4abbf98a,Liam Cooper,liam cooper,Cooper
b43b19b1-ea94-4184-bfe4-d5a3abf118f1,Liam Delap,liam delap,Delap
fdd2f10d-36e1-4d2f-8e30-759865679bf3,Liam Gibbs,liam gibbs,Gibbs
eaca6fc6-36df-420e-9d41-1b5bf899c619,Liam Hughes,liam hughes,Hughes
c8703398-01ee-48e8-b18e-0d2c9f41fc20,Liam McCarron,liam mccarron,McCarron
f526ea66-09c9-4468-beef-946dcf8257fa,Liam_Gibson_610,liam gibson,Gibson
04cacec7-9ba1-4b7f-9c25-8ac688097aac,Liam_Rosenior,liam rosenior,Rosenior
e3a31e2f-4690-4a35-8bcf-f86841c4f437,Lino Sousa,lino sousa,Sousa
3dda907a-1cc9-46a0-b9ce-3ad4bac2eaea,Lino da Cruz Sousa,lino da cruz sousa,Sousa
bdb60ffd-e5fb-417d-b21f-ff4d133b9ea2,Lisandro Martínez,lisandro martinez,Martinez
d7f57886-1858-459b-a826-5143ff92744f,Lloyd_Isgrove,lloyd isgrove,Isgrove
7ad27d08-3830-4639-b059-44a0691b71c6,Lloyd_Kelly_64,lloyd kelly,Kelly
282a41cc-4890-4b45-9d9b-4c4900a3c70a,Lorenz Assignon,lorenz assignon,Assignon
a236d9bf-f144-4f19-a27e-fc0636ba4614,Loris_Karius,loris karius,Karius
3fa9ab18-5e98-4362-9a27-fd60b8825321,Louie Marsh,louie marsh,Marsh
91bd2dc0-df4a-48c0-a14f-1c2be52735a7,Louie Moulden,louie moulden,Moulden
c4d3388c-82da-474a-ac5b-7e06771bd623,Louie Watson,louie watson,Watson
f12a7bae-482b-49b9-9c5b-2afb2661a9d0,Louis Jackson,louis jackson,Jackson
d5ba2e7a-7c59-49ab-8057-f407fb621171,Lovre_Kalinic_474,lovre kalinic,Kalinic
48fc2edf-9ffe-40e1-862f-2563b32cd699,Loïc Badé,loic bade,Badé
6af88ce0-b704-4fd7-87b6-c4ce322514d1,Loïc Mbe Soh,loic mbe soh,Mbe Soh
65f5555b-dbc9-4ac5-afd6-659968d11266,Loïc_Damour_104,loic damour,Damour
23c2b04f-29df-4cb1-a086-12fee9ca90f0,Loïc_Remy,loic remy,Remy
78eb0875-7f5f-4e0e-84a4-042077b06bad,Luc De Fougerolles,luc de fougerolles,De Fougerolles
e99331ab-b51f-4c67-af63-79bc73a8fc7c,Luca Barrington,luca barrington,Barrington
98364411-dd75-455e-84d7-02e3a8c4791c,Luca Koleosho,luca koleosho,Koleosho
6673d636-f6bb-420b-a65d-4a54125b90e0,Luca Williams-Barnett,luca williamsbarnett,Williams-Barnett
7827d884-6d19-485b-95a5-1f775c08de04,Luca_De La Torre_621,luca de la torre,De La Torre
f0536903-513b-424b-9ce0-46b35873f4eb,Lucas Bergström,lucas bergstrom,Bergström
e5db254f-8ccb-4871-8801-3929651899fd,Lucas Bergvall,lucas bergvall,Bergvall
169270c3-eb80-4d30-a285-7453ac90b032,Lucas De Bolle,lucas de bolle,De Bolle
f66ca2c4-86ca-4584-bf88-d3fc70980bb2,Lucas Tolentino Coelho de Lima,lucas tolentino coelho de lima,L.Paquetá
ac1bad00-5e5a-447b-a1fd-1617ba2a5286,Lucas Torreira di Pascua,lucas torreira di pascua,Torreira
c29cddbf-4481-4381-9c67-75235f5ea58c,Lucas_Digne_484,lucas digne,Digne
038dd5dc-3408-47f5-80b5-1fee9b6a2f19,Lucas_Perri_584,lucas perri,Perri
c35bc2bf-d751-4a02-a83d-d6f4947fa76e,Lucas_Pérez,lucas perez,Lucas
bf42756f-ef45-4c3e-ad64-15fe7a173e5e,Lucas_Rodrigues Moura da Silva,lucas rodrigues moura da silva,Lucas Moura
a4b1d063-6545-40bf-83df-fe54c4718b97,Lucas_Torreira_450,lucas torreira,Torreira
e8218aa6-311e-4bd1-aff0-f48c6ab94e4b,Luciano_Narsingh,luciano narsingh,Narsingh
6999f329-d036-47d7-8598-e9833986546d,Luciano_Vietto_513,luciano vietto,Vietto
f979c93b-64b9-4645-ad55-e28e499c362b,Ludwig Augustinsson,ludwig augustinsson,Augustinsson
5a9fe2f3-f6a6-4ae5-9fd2-3074106988ef,Luis Díaz,luis diaz,Luis Díaz
a763ae81-1e69-461a-98ff-9a3aacb2ac3f,Luis Guilherme Lira dos Santos,luis guilherme lira dos santos,L.Guilherme
216f2913-75ae-4445-b90c-a71a6627712c,Luis Sinisterra,luis sinisterra,Sinisterra
81989728-85da-45f8-9174-851fced90035,Luis Sinisterra Lucumí,luis sinisterra lucumi,Sinisterra
3200e18d-f082-4f9f-9988-fb0ca65b1719,Luis_Hernández,luis hernandez,Hernández
10a629c7-206f-4307-85c7-1973c2dcd149,Luka_Milivojevic,luka milivojevic,Milivojevic
e8cfb038-9f4e-4afb-b46e-4a00f987882b,Lukas_Jutkiewicz,lukas jutkiewicz,Jutkiewicz
345d7993-8ed9-4458-a458-ea4ef21bcf6b,Lukas_Nmecha,lukas nmecha,Nmecha
db0836ae-393a-427f-8c67-56e39f496d6e,Lukas_Rupp_602,lukas rupp,Rupp
9ba5569f-6708-4e66-99c9-6b971f31acac,Lukasz_Fabianski,lukasz fabianski,Fabianski
701789d0-7cd3-4f4c-9175-87c1535de669,Luke Ayling,luke ayling,Ayling
0201278a-734f-4da2-97af-690a6575faab,Luke Berry,luke berry,Berry
257dba3b-e0f1-4148-ac04-f5f8d4de94dd,Luke Chambers,luke chambers,Chambers
2606c6aa-c5a1-4bea-abc3-1484bac79591,Luke Harris,luke harris,Harris
0ad3f001-2ba7-4a01-83ea-87fa0ef1f961,Luke Mbete,luke mbete,Mbete
761cfa1c-a4a0-4c9f-a6b4-94219a99911d,Luke Mbete-Tabu,luke mbetetabu,Mbete
fababa23-5c2f-4828-b381-177bc6d8fe7b,Luke McNally,luke mcnally,McNally
d4867c08-adb1-416d-a438-5d60f8ff2981,Luke Plange,luke plange,Plange
944413bf-e5a1-46cd-95a0-ee9c663edaf6,Luke Thomas,luke thomas,Thomas
5a8b7ad6-cc6c-4164-800b-053a360fc195,Luke Woolfenden,luke woolfenden,Woolfenden
9e49ff0a-f21a-4b0d-89a8-eba86f2966ba,Luke_Amos_523,luke amos,Amos
37591059-5b69-425b-a9d1-9060a2d9e491,Luke_Cundle_567,luke cundle,Cundle
a1e44773-61b2-4fb0-9fac-8bbd4d75cd59,Luke_Dreher,luke dreher,Dreher
465e8168-42b6-4a48-a9b0-b8707773e70a,Luke_Freeman_441,luke freeman,Freeman
a1c3864c-160a-4dfc-adbc-0a5e23ec3bf5,Luke_Garbutt,luke garbutt,Garbutt
61fe986d-25f7-4ce1-ac7f-617b8f371867,Luke_McGee,luke mcgee,McGee
27a79856-a91e-4a9b-8486-6d5f7c2316d1,Luke_Shaw,luke shaw,Shaw
4b026c85-3457-4824-a4de-fde5eb68b91a,Lyanco Evangelista Silveira Neves Vojnovic,lyanco evangelista silveira neves vojnovic,Lyanco
acfa7bc0-60ca-4be9-9d44-b17678af24dc,Lyanco Silveira Neves Vojnovic,lyanco silveira neves vojnovic,Lyanco
0c2f88fb-bfd0-4ce8-bfe2-9dd8086fedcf,Lyle Foster,lyle foster,Foster
730dcec9-54b0-4d6b-bd0b-7a9403bf1607,Lyle Taylor,lyle taylor,Lyle Taylor
fa8329a6-7667-4974-a14f-86eaec79e11c,Lynden_Gooch,lynden gooch,Gooch
365299b0-c245-404e-8b9b-615621d93cef,Lys_Mousset,lys mousset,Mousset
a156a8ed-f5c4-4f3e-8743-cd7de57b76c2,Léo Bonatini,leo bonatini,Bonatini
80cd62a6-6539-4822-bc76-f4341458e534,M'Baye_Niang,mbaye niang,Niang
0b411991-c1b6-4174-8c80-9521a8f2b94b,Maarten_Stekelenburg,maarten stekelenburg,Stekelenburg
540c2f00-3da8-46cf-b3af-550a39ce5a46,Mace_Goodridge_571,mace goodridge,Goodridge
e5548488-b626-48ba-aa85-50e4e6d29156,Mackenzie Hunt,mackenzie hunt,Hunt
e07c6b46-08bb-4126-a0ca-d139e457215a,Mads Bech Sørensen,mads bech sorensen,Bech
e214b981-937e-4893-bf33-c044ec590bbc,Mads Bidstrup,mads bidstrup,Bidstrup
e6e75be8-f0fe-44c4-a03c-50b129cebc07,Mads Hermansen,mads hermansen,Hermansen
769537dd-7216-4da8-a834-67e170066ff8,Mads Juel Andersen,mads juel andersen,Andersen
bbf86241-87fa-4470-b21d-4b764bdd7f94,Mads Roerslev Rasmussen,mads roerslev rasmussen,Roerslev
ee0de2a9-4159-41bc-8b58-ed53872210e5,Maeson King,maeson king,King
e9687542-7e7e-47a7-a391-6ff2757d73ad,Mahamadou Susoho,mahamadou susoho,Susoho
fe6ed698-2590-43cb-bf4a-fd37fb88fc89,Mahmoud Ahmed_Ibrahim Hassan_465,mahmoud ahmed ibrahim hassan,Trézéguet
27303eeb-edfb-4459-8873-886463a508c9,Mahmoud Dahoud,mahmoud dahoud,Dahoud
1ca0b83a-ed7b-479b-8639-406adc5e459b,Maksymilian_Stryjek,maksymilian stryjek,Stryjek
48c41cce-d8c6-4686-a59a-a943c016dca8,Malachi Hardy,malachi hardy,Hardy
ea613050-35f9-4b3c-84d6-a251fa7b7b0a,Malang Sarr,malang sarr,M.Sarr
d14319f6-aa3a-4a28-8f1e-894942b17f03,Malcolm Ebiowei,malcolm ebiowei,Ebiowei
78736c8f-9c69-4e92-beeb-5453e927f8a0,Maldini Kacurri,maldini kacurri,Kacurri
63097bec-e9ec-4ad0-a233-8fe9ddc32b34,Malo Gusto,malo gusto,Gusto
57f9e959-9344-4877-b138-0a97c2b16353,Mamadou Obbi_Oularé,mamadou obbi oulare,Oularé
783bc1ff-43d4-4806-8470-658162a12f43,Mamadou_Sakho,mamadou sakho,Sakho
567ea078-fe63-4b3f-8d8c-b832b0d5fa9b,Mame Biram_Diouf,mame biram diouf,Diouf
01b569bc-ec39-4f78-8856-9bb62f5e59f0,Manolo_Gabbiadini,manolo gabbiadini,Gabbiadini
1302fb94-37d5-4ad1-94e2-74422d607c91,Manor Solomon,manor solomon,Solomon
a4bea896-32c1-4df3-ae7f-fdadc04a23c6,Manuel Akanji,manuel akanji,Akanji
bbf02ffe-f8be-4fa2-bd45-333204acdca6,Manuel Benson Hedilazio,manuel benson hedilazio,Benson
9c1228cf-fb9c-4546-8bc4-f267851a099f,Manuel Ugarte,manuel ugarte,Ugarte
7ec25130-522f-4ca9-8416-eeefe1a61af1,Manuel_Agudo Durán,manuel agudo duran,Nolito
7fd0135a-ae6f-4a4b-9d31-2e2f296cd2a8,Manuel_Lanzini,manuel lanzini,Lanzini
514c7792-f588-4ca2-821c-6e25d7810854,Marc Cucurella,marc cucurella,Cucurella
47ad292a-6ed0-480f-8314-f16f3136a4bd,Marc Cucurella Saseta,marc cucurella saseta,Cucurella
12819868-f965-48e4-af4c-13df868dc0bf,Marc Guiu Paz,marc guiu paz,Marc Guiu
d3fecd89-0e45-4a20-baeb-6f3245a91dc7,Marc Guéhi,marc guehi,Guéhi
e346cd72-36e9-4643-babc-a9eaca51271b,Marc Jurado Gomez,marc jurado gomez,Jurado
94f23084-0670-4668-a46f-92c519938822,Marc Leonard,marc leonard,Leonard
d5459d57-1e20-4718-a63d-b24d4248e8dd,Marc Roca Junqué,marc roca junque,Roca
19428eb9-f069-44bc-863c-224491933c05,Marc_Albrighton,marc albrighton,Albrighton
d61c978a-08d2-4976-88bd-3dc5b00f2469,Marc_Muniesa,marc muniesa,Muniesa
5cd849ab-ffbb-41f8-8cc9-5a888c99c67b,Marc_Navarro_385,marc navarro,Navarro
b04e549c-521f-41fd-a287-a084097350cd,Marc_Pugh,marc pugh,Pugh
2ce2f11e-f5ec-4cd8-b5c4-3d40b96c50c1,Marc_Wilson,marc wilson,Marc Wilson
5f4a7824-47eb-4180-b9cc-24e4aa3cd448,Marcel Lavinier,marcel lavinier,Lavinier
c5716d7e-7dc9-4497-b94e-5ebbad688708,Marcel Sabitzer,marcel sabitzer,Sabitzer
a6923f5c-547f-4238-ac63-e6ecc5402ddb,Marcelo Flores,marcelo flores,Flores
6e604973-946b-4688-91af-175b38a3af0f,Marcelo de Araújo Pitaluga Filho,marcelo de araujo pitaluga filho,Pitaluga
d9a6cf65-274c-4130-ba1d-9b039182ec3e,Marcin_Wasilewski,marcin wasilewski,Wasilewski
77c2f192-11ba-4567-add0-e05a0f3cbc7b,Marco Alexandre Saraiva da Silva,marco alexandre saraiva da silva,Silva
dd6e23c9-5b4d-4218-970e-f7f59f651e65,Marco Asensio,marco asensio,M.Asensio
de436d25-057b-490b-b610-77969776bc29,Marco_Stiepermann_285,marco stiepermann,Stiepermann
b1256b82-f3bc-4b13-9ca5-e30c8d16f40e,Marco_Van Ginkel,marco van ginkel,Van Ginkel
082b948e-be57-46f3-a877-d9e32aa26be0,Marcos Senesi,marcos senesi,Senesi
f69dc071-de8a-4646-9836-2ae9fdf9d094,Marcos_Alonso,marcos alonso,Alonso
6658543e-629b-407e-b02e-baa0174c6886,Marcos_Rojo,marcos rojo,Rojo
88471ec4-4d40-429f-82bf-ed1628585303,Marcus Forss,marcus forss,Forss
fdb9d63d-5d65-4f02-a811-362b61ad13b5,Marcus Myers-Harness,marcus myersharness,Harness
e00ebe0f-d789-4fb2-b643-785ffdf72e85,Marcus Oliveira Alencar,marcus oliveira alencar,Marquinhos
8666deef-3e85-4283-bac9-a4adbdcc441a,Marcus Tavernier,marcus tavernier,Tavernier
c2f13301-766c-4c5f-a882-4b25639a4234,Marcus_Bettinelli_178,marcus bettinelli,Bettinelli
b7d6ae24-5083-40a6-b680-9c295b4d2188,Marcus_Browne,marcus browne,Browne
f6b88220-f89b-46ab-81f2-1bad4dc48d7a,Marcus_Rashford,marcus rashford,Rashford
01b12612-56cb-411d-a3e7-0d3423d17f42,Marek Rodák,marek rodak,Rodák
9fd21900-b359-449f-a6ce-76e03cb027b7,Mario_Balotelli,mario balotelli,Balotelli
01a5b46a-3914-40f3-9528-4a0eb0cf12fb,Mario_Lemina,mario lemina,Mario Jr.
4b9e2915-a5bd-48c5-87da-2f11d0fd22be,Mario_Suárez,mario suarez,Suárez
5b6062e1-39cc-4368-b056-e9e464b8f4c1,Mario_Vrancic_282,mario vrancic,Vrancic
c8775586-caa2-4a26-8278-fcaa895ca49f,Mark Flekken,mark flekken,Flekken
a7a52941-9599-4f65-8b08-b777de3ace2c,Mark Gillespie,mark gillespie,Gillespie
eb732ddc-fcca-4f5f-9d3e-a1d78b372ba9,Mark O’Mahony,mark omahony,O’Mahony
8e9b7b68-51c0-4883-8513-83934f97c5f9,Mark_Duffy_300,mark duffy,Duffy
da962f55-211b-4908-b52b-8f1edf57d92d,Mark_Hudson,mark hudson,Hudson
2f2bdcf2-1d2e-4e4b-8dff-da773a877104,Mark_Noble,mark noble,Noble
f197c0b6-5496-43ef-b25e-d01198f0b5d1,Mark_Travers_616,mark travers,Travers
510ec75a-e140-438d-948e-3e7a4e54683f,Marko_Arnautovic,marko arnautovic,Arnautovic
d234074a-85a1-49ab-9e93-58a110c2ee6b,Marko_Grujic,marko grujic,Grujic
3005abaa-b461-43a6-bcff-2c9a3ba7eaed,Markus_Henriksen,markus henriksen,Henriksen
ec539f56-2d75-4aa7-8d5e-d4ddf2e680a4,Markus_Suttner,markus suttner,Suttner
ff02c9f0-d80a-4fac-90ce-22189a8dd441,Marouane_Fellaini,marouane fellaini,Fellaini
73e43fae-8d3e-449f-9862-8895ab6dcdf1,Marshall Munetsi,marshall munetsi,Munetsi
552bc4c7-39a2-45fa-a331-cb38a2ae1e7c,Marten_de Roon,marten de roon,de Roon
5b1fb09f-157b-4a2d-92fd-1f7920821acf,Martial Godo,martial godo,Godo
af079408-980b-4777-8d7c-fd12a31ef367,Martin Sherif,martin sherif,Sherif
5276039b-04df-494f-8272-bbfc3721774d,Martin Ødegaard,martin odegaard,Ødegaard
bdd73650-fda1-4ae5-92bf-ce7bcbb06ceb,Martin_Cranie,martin cranie,Cranie
08d63aec-1d34-4000-a521-acafd87bff19,Martin_Dubravka,martin dubravka,Dúbravka
9ef94ab3-903f-4ec0-8f2a-922eac5be734,Martin_Kelly,martin kelly,Kelly
213d35a2-bfa1-446c-b41b-ce6f0e76628b,Martin_Olsson,martin olsson,Olsson
233320e2-e714-42af-a544-3874a5879346,Martín_Cáceres,martin caceres,Cáceres
612e064a-ea30-4d2a-81f1-96a6266bd48c,Martín_Montoya_503,martin montoya,Montoya
e15bcbf3-d54f-465a-b279-078f93f9f503,Marvelous_Nakamba_491,marvelous nakamba,Nakamba
50b3e144-76ff-4098-9b71-8bea9cb493f5,Marvin_Emnes,marvin emnes,Emnes
9a9ee089-f844-4056-8f52-ef1927b9edee,Marvin_Zeegelaar,marvin zeegelaar,Zeegelaar
55ee4f7e-5b36-417d-8136-ded101e59556,Mason Burstow,mason burstow,Burstow
e6a4663a-fac6-4e6f-91d7-561827a82806,Mason_Greenwood_608,mason greenwood,Greenwood
3d75e432-dbe8-4093-bacb-352145a4a5b3,Mason_Holgate,mason holgate,Holgate
76e1592d-b78f-4a1c-a414-0f968de50902,Mason_Mount_463,mason mount,Mount
a0799ce0-3b03-4086-a287-6f7e1b08dd6d,Massadio_Haidara,massadio haidara,Haidara
2b741dd6-8525-4313-8b4c-e164a876c573,Massimo Luongo,massimo luongo,Luongo
cbc7bbd9-f612-4993-9152-12b9e0ae62e4,Matai Akinmboni,matai akinmboni,Akinmboni
d088c43c-26a4-4748-876c-1aa4558ba60c,Matej Kovár,matej kovar,Kovár
986f2783-319a-4c16-adbe-c2f988cbfb9e,Matej_Vydra,matej vydra,Vydra
d997fb18-8e22-41a5-a8cb-b0fdb54e565c,Mateo Joseph Fernández,mateo joseph fernandez,Mateo Joseph
19d7979d-2205-4557-8f8b-1be7dd206793,Mateo_Kovacic_499,mateo kovacic,Kovačić
3669f0e5-97fe-49dd-b264-7851fbea01ae,Mateus Cardoso Lemos Martins,mateus cardoso lemos martins,Tetê
558b6237-e8e7-4b0c-89fc-71de2039d9db,Mateus Gonçalo Espanha Fernandes,mateus goncalo espanha fernandes,M.Fernandes
302b18f5-422b-4dde-8c47-283aa2e62af6,Mateus Mané,mateus mane,Mané
c205b6f4-f5cd-42ff-954b-abb576d27fc1,Mateusz Bogusz,mateusz bogusz,Bogusz
8e3f7237-4473-47e2-b8e3-56ccfe7a8774,Mateusz Klich,mateusz klich,Klich
3c2ffb2e-c70b-442e-b7bb-e81496e0bf94,Mateusz Lis,mateusz lis,Lis
1eac5aa6-6ceb-4014-88a9-d9b033ae6360,Mateusz_Hewelt,mateusz hewelt,Hewelt
0af2a200-4815-4324-a123-0a3c5279153d,Matheus França de Oliveira,matheus franca de oliveira,M.França
aa410bcf-6a64-4274-b6e0-47bf805801de,Matheus Luiz Nunes,matheus luiz nunes,Matheus N.
ac1f5297-f7e7-436b-9c48-4689a201ff6d,Matheus Pereira,matheus pereira,Pereira
4ea6e4c8-adda-479d-a00f-ec345088b694,Matheus Santos Carneiro Da Cunha,matheus santos carneiro da cunha,Cunha
fdb3bfb8-1d33-4d22-86fa-e546c71b2187,Mathew_Ryan,mathew ryan,Ryan
c9f76656-5001-40b0-a932-36d9bd091ec8,Mathias Jensen,mathias jensen,Jensen
9c15318f-ef8a-435a-9cf7-1ad676ec026c,Mathias Normann,mathias normann,Normann
5d156d81-c6e4-475c-b867-510be6c804d4,Mathias_Jorgensen,mathias jorgensen,Zanka
7990eb37-e6cd-4736-88ef-e85e974969dd,Mathieu_Debuchy,mathieu debuchy,Debuchy
b65d3168-39b0-4f05-9f25-8789daaf7464,Mathieu_Flamini,mathieu flamini,Flamini
882897de-7201-4adc-9a3c-f543d8ad2ba2,Mathis Amougou,mathis amougou,Amougou
8014ddfe-bff5-46a3-aa05-28f6adeb78a7,Mathys Tel,mathys tel,Tel
e90bdf44-3193-4424-b82f-897df01cac31,Matija Sarkic,matija sarkic,Šarkić
39626a3d-a061-4953-a7b0-cd13e7f1d7a0,Mats Wieffer,mats wieffer,Wieffer
8ea493fe-07b5-4d13-8f9e-73b8a43dae31,Matt Clarke,matt clarke,Clarke
0e779737-1a8b-4531-99d9-98e7cb211c80,Matt O'Riley,matt oriley,O'Riley
506b4d36-c281-4b70-b0b4-27c345752ec2,Matt Turner,matt turner,Turner
5ca72a65-64de-40ca-a1c0-22722e6b7d62,Matt_Butcher,matt butcher,Butcher
71366267-3d2e-4e98-8edf-2034f86a0f66,Matt_Doherty_425,matt doherty,Doherty
ea37eafd-b6d3-479c-a811-bdc9b8b66e4d,Matt_Macey,matt macey,Macey
552fb965-1205-4a49-b654-6d0b78c1de62,Matt_Miazga,matt miazga,Miazga
76830a43-a324-4fb8-919c-471735c6dda8,Matt_Phillips,matt phillips,Phillips
32b2c60a-b557-4c75-aee0-786462bfced3,Matt_Ritchie,matt ritchie,Ritchie
d370e7b6-655c-48c4-93ec-eaee0d65f92e,Matt_Targett,matt targett,Targett
066f831b-3443-4405-8a7c-3a43c84e79fd,Matteo_Darmian,matteo darmian,Darmian
dbce8ffb-f785-40b7-aac1-68b434173100,Matteo_Guendouzi_451,matteo guendouzi,Guendouzi
f422c2bb-cab2-4843-b0ce-614f9f450ef8,Matthew Cash,matthew cash,Cash
b14d12a1-e585-4823-b8f6-da732b20062e,Matthew Cox,matthew cox,Cox
ced10490-21dd-42e5-a04a-213e302e51e3,Matthew Craig,matthew craig,Craig
ce2b29b6-8de8-4bfa-bda5-65f7999c14fb,Matthew Dibley-Dias,matthew dibleydias,Dibley-Dias
5b740334-2aba-425b-abe0-4cccb0dd5bd5,Matthew Pollock,matthew pollock,Pollock
f199dd11-3f82-487b-8ea0-f0f36784e762,Matthew Smith,matthew smith,Smith
94b558ae-c2cb-4b96-81c2-ac4ebaa1ffe9,Matthew Whittingham,matthew whittingham,Whittingham
e8750ab6-c90e-4fbc-810b-a44dc2edd3dd,Matthew_Clarke_43,matthew clarke,Clarke
eb85624f-1db3-413d-8bb3-6f4badc574f1,Matthew_Connolly_93,matthew connolly,Connolly
4dd82d70-64ad-49c8-9f1c-d93864e3b043,Matthew_Daly_606,matthew daly,Daly
8a4fe038-ea65-4d48-85d7-4a707fda4966,Matthew_James,matthew james,James
0e109ae1-2664-4240-afbc-4c64af140899,Matthew_Longstaff_540,matthew longstaff,M.Longstaff
d8293a43-b672-4579-8571-b2352ec87066,Matthew_Lowton,matthew lowton,Lowton
a407da0d-2e54-474f-a577-e48bccc3b2b6,Matthew_Pennington,matthew pennington,Pennington
6fbb4973-c59e-4bef-bc9d-2ef2ec009e23,Matthew_Willock,matthew willock,Willock
5496be5e-000a-444d-8155-82377dc87175,Matthew_Worthington,matthew worthington,Worthington
2a798594-a30c-4560-bc6e-58c42a21c055,Matthijs de Ligt,matthijs de ligt,De Ligt
7643507f-9b45-4ea3-bf81-e3acfa2c1501,Matty Cash,matty cash,Cash
086c93bd-339f-426c-a802-45436a9f9b75,Matty_James,matty james,James
71d99f17-4cc4-4ed6-bcc1-dd8bc7d7fdcd,Matz Sels,matz sels,Sels
be6d2c57-4e59-4475-b9cb-767820139e95,Matías Viña,matias vina,Viña
71a6774e-861c-42aa-884d-245c91c16ed8,Mauro Bandeira,mauro bandeira,Bandeira
bb27c5ff-daaf-4844-bde6-ed76654efef8,Mauro_Zárate,mauro zarate,Zárate
c02d6134-ff60-4c4f-a9f7-380b94fd529c,Max Aarons,max aarons,Aarons
5ea88a19-e854-4e79-8931-403f943aecda,Max Alleyne,max alleyne,Alleyne
3134a097-e31e-4015-99d7-a9d4b42737e9,Max Kinsey,max kinsey,Kinsey
8b35fdf6-fc79-4c70-a71e-6314dab9efba,Max Kinsey-Wellings,max kinseywellings,Kinsey
c6cff61b-7006-41b4-b1b4-1e6b64db65ff,Max Lowe,max lowe,Lowe
83e3fec6-6212-4343-8140-fcee1df5d799,Max Thompson,max thompson,Thompson
cf5c4d9f-aa9e-4bde-9ed0-27f556fe2f4b,Max_Gradel,max gradel,Gradel
d6808b92-03a8-4760-be98-dbce3f61acb2,Max_Kilman_567,max kilman,Kilman
9d7f2a69-b320-4339-bad2-20703a7a70e4,Max_Melbourne,max melbourne,Melbourne
0b99e736-d709-4c80-9219-e9a23b37dde3,Max_Meyer_486,max meyer,Meyer
b6f8b97e-490f-483f-a417-372971169acb,Max_Sanders_572,max sanders,Sanders
b867de31-8a6b-4dca-96be-8f016dbb9e56,Maxence Lacroix,maxence lacroix,Lacroix
825b50a1-4cca-4bde-8261-d9f6fd53e1cd,Maxime Esteve,maxime esteve,Estève
5a4440e8-0af7-4b21-a681-0f01cb78778a,Maxime_Le Marchand_455,maxime le marchand,Le Marchand
d42baa6a-ac2b-42ca-bb4b-64a10a85079a,Maximilian Wöber,maximilian wober,Wöber
79e2585d-14cd-4f1a-b812-b3b9c0bd90e0,Maximillian_Aarons_274,maximillian aarons,Aarons
60e1bd2b-7cfc-43ab-a505-fbc64cee410f,Maxwel Cornet,maxwel cornet,Cornet
8d8192df-df4f-4d9e-80b7-4bf1daacfd10,Maxwell Haygarth,maxwell haygarth,Haygarth
599e5214-3e66-4c0d-9ad3-4ae9b37dd29f,Maya_Yoshida,maya yoshida,Yoshida
57d31150-b9fe-4519-a280-87085943e668,Mazeed Ogungbo,mazeed ogungbo,Ogungbo
a20f2246-9e22-446d-8cc6-462fda0a4ab3,Mbaye Diagne,mbaye diagne,Diagne
66de7c8e-8c12-42fa-a6c2-b9ff8df9ef50,Mbwana Ally Samatta,mbwana ally samatta,Samatta
ae0de6de-c2d8-465a-8541-e243fac45d80,Mbwana_Samatta_613,mbwana samatta,Samatta
ab35da96-3c67-4844-bd15-53488a620d6b,Memphis_Depay,memphis depay,Depay
b16eb726-1b5f-4edf-adc2-bd0e256dcd07,Meritan Shabani,meritan shabani,Shabani
ce9b8180-f706-4ea5-95d0-2b191b6c86c5,Mesut_Özil,mesut ozil,Özil
f5f67845-42aa-497d-96ea-7136e0bdc2df,Micah Hamilton,micah hamilton,Hamilton
5c9f29cc-d5cf-4594-83da-aa3e2c8175bc,Michael Dacosta Gonzalez,michael dacosta gonzalez,Dacosta Gonzalez
83178c93-8b12-4323-91db-8364d16a7748,Michael Golding,michael golding,Golding
0db7a7b9-5edb-4e2a-96b2-e07df37d6c5a,Michael Hector,michael hector,Hector
9537e5a0-23bd-4c31-b940-80f5c786f060,Michael Kayode,michael kayode,Kayode
3482fa65-4ac8-4a78-9bb7-c0567650108b,Michael Ndiweni,michael ndiweni,Ndiweni
75b5e314-ab1c-4e21-9133-3d24013b540d,Michael Olakigbe,michael olakigbe,Olakigbe
6bf5d245-90a3-4de0-a7c2-0efafc075bbf,Michael Olise,michael olise,Olise
d4363e19-5498-4471-9940-9a6bccf65c8e,Michael_Carrick,michael carrick,Carrick
761673b3-bf3c-4c44-9ff1-61d7758564fd,Michael_Dawson,michael dawson,Dawson
91251a27-7fba-42dd-b386-8ccc0025d171,Michael_Folivi,michael folivi,Folivi
1402ec8d-063d-419f-a102-269da72adfb4,Michael_Hefele,michael hefele,Hefele
549171e5-4ef3-4baf-afda-4048b51902e0,Michael_Keane,michael keane,Keane
61024c90-b2ad-44a7-9815-c0bb3e2b66e9,Michael_Kightly,michael kightly,Kightly
62db4f90-eefc-47ff-9524-e15c26e58ccb,Michael_Ledger,michael ledger,Ledger
33983540-414a-4995-aab5-bde1cf2232f3,Michael_McGovern_281,michael mcgovern,McGovern
f229e10e-3352-4d66-9467-2fbbd79a2ea3,Michael_Obafemi,michael obafemi,Obafemi
d589d126-0ada-477f-8f6e-411d3d5c934f,Michael_Phillips,michael phillips,Phillips
d6522863-73f5-4b27-b0f3-1efbaae7292c,Michael_Simões Domingues,michael simoes domingues,Mika
16350628-2549-4887-b2c1-cab4ca3d1bb9,Michael_Verrips_521,michael verrips,Verrips
098c61bd-734f-40d2-8e3f-77f86ac76372,Michail_Antonio,michail antonio,Antonio
030ea328-4d75-4a0a-929e-22122a41272f,Michal Karbownik,michal karbownik,Karbownik
fc726c9d-7a78-497c-8275-79ef79bca0ec,Michale Olakigbe,michale olakigbe,Olakigbe
10da1054-115a-4446-9415-9184a6b0f009,Michel_Vorm,michel vorm,Vorm
fe31e86f-5340-4dd8-ab79-4d92bd5827a4,Michy_Batshuayi,michy batshuayi,Batshuayi
2cf3e78e-b300-420b-80b8-3558d17f6c8e,Micky van de Ven,micky van de ven,Van de Ven
6373784a-5520-42d9-af0c-364f0858407e,Miguel Almirón Rejala,miguel almiron rejala,Almirón
1af79b96-2b33-46b6-a543-ced746e0a46f,Miguel Azeez,miguel azeez,Azeez
66013a95-ffde-4879-82de-51834f77a28e,Miguel_Almirón_587,miguel almiron,Almirón
e359e44b-38a8-495e-8439-ce7d540eb7d5,Miguel_Britos,miguel britos,Britos
f38c76f3-0343-4a9c-b431-0a3810d5f373,Mihai-Alexandru_Dobre_574,mihaialexandru dobre,Dobre
0a92321e-351f-4389-80ed-bd8766f61adc,Mika Biereth,mika biereth,Biereth
8f8a66ad-d581-4eff-9c55-1906d804ec42,Mike Trésor,mike tresor,M.Trésor
fe15932b-2b2b-4ff1-b4c5-32fa78d1295e,Mike_van der Hoorn,mike van der hoorn,van der Hoorn
e2d95822-e380-4946-857c-a188e8bcd3f1,Mikel Arteta,mikel arteta,Arteta
e210b3da-9d70-4ae1-b664-9b4c85d72801,Mikel_Merino,mikel merino,Merino
743a9d30-8fb1-4a75-b76a-b5143e504d1f,Mikey Moore,mikey moore,Moore
6cca903f-312b-4e9a-95a1-62c382c849d6,Mikkel Damsgaard,mikkel damsgaard,Damsgaard
6b0a9cb6-fb9d-4bc6-88a9-1231a843d308,Mile_Jedinak,mile jedinak,Jedinak
9c47f8f4-a6ac-4ede-9411-b89d71cea632,Milos Kerkez,milos kerkez,Kerkez
d157180a-f21d-4cb4-a750-2acfdaabab8d,Milot Rashica,milot rashica,Rashica
5269d377-f11b-4268-bf93-6d94cd7d6fa9,Min-Hyeok Yang,minhyeok yang,Yang
dc8fe91f-06b7-493f-be9f-34c83a4e6847,Miodrag Pivaš,miodrag pivas,Pivas
609b0b4f-f93d-4b44-b62d-a052902267cb,Mislav Orsic,mislav orsic,Orsic
5e9bd766-ec59-4c49-99b8-485f9b19606a,Mitoma Kaoru,mitoma kaoru,Mitoma
fde871fb-adb8-4bd0-88cb-8d6063f18b21,Modou_Barrow,modou barrow,Barrow
636414b0-c673-4189-81e3-e5769763a7cb,Mohamed Dräger,mohamed drager,Dräger
4c76b052-9ec4-4699-96dc-6090daab8181,Mohamed Naser El Sayed Elneny,mohamed naser el sayed elneny,Elneny
3fa308e3-9bcf-4272-8f75-8d5381500570,Mohamed_Diamé,mohamed diame,Diamé
9fd95869-4f51-49b8-a12d-de1fa97d9547,Mohamed_Elneny,mohamed elneny,M.Elneny
d631c5a3-4d03-4fbd-973b-33fdcf043344,Mohamed_Elyounoussi_346,mohamed elyounoussi,Elyounoussi
b94be940-2996-467f-be3e-4e004fa9dd3c,Mohamed_Salah,mohamed salah,M.Salah
e5872d87-0dfa-406f-abcb-b99e2c9a6146,Mohammed Kudus,mohammed kudus,Kudus
55107b21-fd1d-4152-98c2-2898c923b6ba,Mohammed Salisu,mohammed salisu,Salisu
392e5f94-e694-499b-97ad-c9d1d4ea748d,Moise_Kean_496,moise kean,Kean
bb22d41b-32df-4272-9ed1-5e9d35ab3c39,Moisés Caicedo,moises caicedo,Caicedo
160290ea-5597-4a85-afb4-b29e0bad832f,Moisés Caicedo Corozo,moises caicedo corozo,Caicedo
83eef687-b896-4149-b321-da81e3b230df,Molla_Wagué,molla wague,Wagué
b57d5700-c46a-478b-9643-9beb1dc582cf,Morgan Rogers,morgan rogers,Rogers
12be6170-b2cc-41eb-89ae-c9489378040a,Morgan Sanson,morgan sanson,Sanson
af69bd10-f1c9-4233-b5c2-97640dfd3165,Morgan_Gibbs-White_448,morgan gibbswhite,Gibbs-White
7d9b9002-fa27-4ca5-b607-5d92713a7a8f,Morgan_Schneiderlin,morgan schneiderlin,Schneiderlin
d710eb92-257b-4400-81f2-8b73ab92e72b,Moritz_Bauer,moritz bauer,Bauer
3cac2f67-89af-412f-a4b3-8420867a8f2d,Moritz_Leitner_288,moritz leitner,Leitner
8d790c62-3183-4c83-ad42-e688d3999844,Moses_Makasi,moses makasi,Makasi
8846775e-1855-4a23-af07-9d6eedefffc1,Moses_Odubajo,moses odubajo,Odubajo
da7c1e3e-bc36-4c26-b930-c2993e1918b1,Mouez_Hassen,mouez hassen,Hassen
fbe20dd4-1040-4d21-83f4-799d48d4f7a4,Mousa_Dembélé,mousa dembele,Dembélé
541e3015-0080-436c-9dc2-72456fc82156,Moussa Diaby,moussa diaby,Diaby
a792e5e7-b45b-4abf-82c2-5c942da88f1c,Moussa Niakhaté,moussa niakhate,Niakhaté
89e8f544-e368-4b54-8865-eb3782af41b8,Moussa_Djenepo_438,moussa djenepo,Djenepo
b1285752-1bea-43ab-a76c-950689b09ff3,Moussa_Sissoko,moussa sissoko,Sissoko
4fae269e-4a32-4d66-abf8-488aea3d6572,Muhamed_Besic,muhamed besic,Bešić
42faf0da-1a66-47c0-864c-827003652c31,Murillo Santiago Costa dos Santos,murillo santiago costa dos santos,Murillo
2dd8b296-24c4-43bb-9984-48516d5cb297,Mykhailo Mudryk,mykhailo mudryk,Mudryk
7f105994-c4f7-4a9c-935b-e8d055361d1a,Myles Lewis-Skelly,myles lewisskelly,Lewis-Skelly
d1878186-31c5-4abc-b5b7-640712a41eca,Myles Peart-Harris,myles peartharris,Peart-Harris
49235a99-17ea-46d9-86eb-287df6c5946e,Máximo Perrone,maximo perrone,Perrone
38ffcfa4-b1d0-45eb-b4ef-da3fe6451b14,N'Golo_Kanté,ngolo kante,Kanté
f5b3ab9a-c70e-4037-bf8b-032da9596b13,Nabil_Bentaleb,nabil bentaleb,Bentaleb
b64d8943-019c-4669-9928-61a4aced8e41,Naby_Keita_256,naby keita,Keita
def67260-4e82-43df-a8ad-cd3f141ce402,Nacer_Chadli,nacer chadli,Chadli
d6a5aacd-3fcf-403a-8331-1d2580a6dab1,Nacho_Monreal,nacho monreal,Monreal
5505ba95-0bd8-4af2-a7f6-3fc79e287995,Nahki_Wells,nahki wells,Wells
d68a3378-3ca4-4f60-9db8-be9af8c1f0f1,Nampalys_Mendy,nampalys mendy,Mendy
a52de253-7efd-4269-a932-5b4d8631e44b,Naouirou Ahamada,naouirou ahamada,Ahamada
9b5884a5-c54a-4afa-a973-102d8cbc15db,Nasser Djiga,nasser djiga,Djiga
e5ccd21a-9043-43c3-9e08-9bfdb99278fd,Nathan Bishop,nathan bishop,Bishop
e9e2ee31-71c1-48bd-bbfb-b8cfd3a9cf6c,Nathan Broadhead,nathan broadhead,Broadhead
a5af3d5f-1252-481c-acca-ff8119bc3cd6,Nathan Butler-Oyedeji,nathan butleroyedeji,Butler-Oyedeji
4a0c1f37-78c7-4bcf-ba02-e4c330f05ec1,Nathan Collins,nathan collins,Collins
132e1157-a0f8-4abd-9b79-23f8ba5fc075,Nathan Fraser,nathan fraser,Fraser
3b0d9b85-3cad-4139-a358-2f090ffa2735,Nathan Patterson,nathan patterson,Patterson
c7e4987f-e5a6-4f0b-9514-f324b163752b,Nathan Tella,nathan tella,Tella
1a1711fd-db25-4ab2-a0a1-29f8a842f5d2,Nathan Wood-Gordon,nathan woodgordon,Wood
b5c2278e-c037-4c12-82b3-51f22b03b989,Nathan Young-Coombes,nathan youngcoombes,Young-Coombes
09bf2bc9-fe92-4aa1-b89f-92818d4841be,Nathan_Aké,nathan ake,Aké
28f5541b-48e5-4417-80e5-7a0eb920ceab,Nathan_Dyer,nathan dyer,Dyer
6a441ae0-7640-4c33-ac90-e590d64672c1,Nathan_Ferguson,nathan ferguson,Ferguson
b1e46d69-ce6d-44e9-b379-d6aa8e401f78,Nathan_Holland,nathan holland,Holland
9e22227e-5268-4ff2-9773-8075f63745bd,Nathan_Redmond,nathan redmond,Redmond
34fdd7b8-cb04-4abb-9d4b-10349a034497,Nathan_Trott,nathan trott,Trott
8e642abd-13ac-4e5a-8ae9-6a72a7636984,Nathaniel_Chalobah,nathaniel chalobah,Chalobah
22521940-198a-4161-9caf-2ce0938ad94f,Nathaniel_Clyne,nathaniel clyne,Clyne
289f2ad5-f9c4-47d3-9517-7d2e4d9b9e77,Nathaniel_Mendez-Laing_100,nathaniel mendezlaing,Mendez-Laing
f9a46cb7-60c9-4bf2-a59f-759cbac14da6,Nathaniel_Phillips_589,nathaniel phillips,N.Phillips
516326d5-00e2-4ea4-8027-7a2538f07959,Nayef Aguerd,nayef aguerd,N.Aguerd
81153a62-2bb3-436c-812b-bb7a601425f2,Neal_Maupay_502,neal maupay,Maupay
29a668f4-6838-43a7-b349-cc5832b64bb8,Neco_Williams_575,neco williams,N.Williams
909078d2-41ea-4728-a0ac-5440c0f65b88,Neeskens_Kebano_187,neeskens kebano,Kebano
69df3e79-f0d0-4d16-81c0-5b04b963885b,Neil_Etheridge_88,neil etheridge,Etheridge
e9e859cd-d8af-4c9f-8537-e2964550359d,Neil_Taylor,neil taylor,Taylor
f8b61cdb-8839-4396-b254-e7fa1b380a0d,Nemanja_Matic,nemanja matic,Matic
6c0a5894-decb-4eca-8a9f-e0fdbb7db948,Niall Huggins,niall huggins,Huggins
6dbbb6e9-caf7-4650-bda0-fc4b771a0b37,Nick_Pope,nick pope,Pope
7302c67b-890b-4127-947c-15fc199b6a5c,Niclas Füllkrug,niclas fullkrug,Füllkrug
15d477c9-6d53-456d-bd15-445b3db15e78,Nico González,nico gonzalez,N.Gonzalez
826dd95b-0664-41bc-89b0-822f7def6bf6,Nico O'Reilly,nico oreilly,O’Reilly
ffb89448-3640-4d35-a495-cfcb0f281601,Nicolas Jackson,nicolas jackson,N.Jackson
3897733f-46a1-4b6d-8e62-42d3fa714cf8,Nicolas Nkoulou,nicolas nkoulou,Nkoulou
bf86c0b3-7b54-4fc6-b4f5-1ad639c8fddf,Nicolas_Pépé_488,nicolas pepe,Pepe
7b1c09d2-4d96-4e94-9c5b-44821fa5c1eb,Nicolás Domínguez,nicolas dominguez,Dominguez
a170e4aa-5c98-4600-86c5-9770df4228ed,Nicolás_Otamendi,nicolas otamendi,Otamendi
6a9cf40f-b3c2-46f2-b51a-bbb15e7b77b6,Nicolò Zaniolo,nicolo zaniolo,Zaniolo
d7982106-2235-4f64-9639-d1d33e4301d5,Niels Nkounkou,niels nkounkou,Nkounkou
4fd921f2-a3a9-4b62-9ae8-63a22f33cc94,Nigel Lonwijk,nigel lonwijk,Lonwijk
960a2915-b131-4e1e-bd4f-7db8170fa11d,Niki_Mäenpää,niki maenpaa,Mäenpää
30fe4093-0fc9-47b8-89d9-6609c1bbc1b6,Nikola Milenković,nikola milenkovic,Milenković
79f9ebdd-1589-4ae0-b1e9-eab320c302e9,Nikola_Tavares_619,nikola tavares,Tavares
3ba8c244-d21e-4749-b916-7bf64cc0b51e,Nikola_Vlasic,nikola vlasic,Vlašić
fe7f0aee-e379-48b9-aabf-7801d3fbb977,Nile John,nile john,John
a1ca33e5-3c54-41f0-a5fd-7eea61ca01e5,Nnamdi_Ofoborh_613,nnamdi ofoborh,Ofoborh
4e32cca2-f9ef-4f4e-83f3-71b596d35f50,Noha Lemina,noha lemina,N.Lemina
d0cf3329-476a-44dd-96f8-daca239a59c2,Nohan Kenneh,nohan kenneh,Kenneh
587f32ea-7b6e-42f5-bf32-dab915ddb4ce,Noni Madueke,noni madueke,Madueke
52c505b0-bc2d-4166-a61d-e7e5539ffee0,Noor_Husin,noor husin,Husin
5848ebf5-e75d-4589-88af-643c1e5bc3ed,Norberto Bercique Gomes Betuncal,norberto bercique gomes betuncal,Beto
47e0e9e7-59ea-4e9c-b4e5-f67b8053027c,Norberto Murara Neto,norberto murara neto,Neto
c795f40f-e426-4b76-8456-94576bbcb915,Nordin_Amrabat,nordin amrabat,Amrabat
370f26ae-aaf9-4a1b-8bfe-50036c828475,Noussair Mazraoui,noussair mazraoui,Mazraoui
39f2af43-cd3b-4f0f-8f51-fdc8e605f953,Noël Atom,noel atom,Atom
d5f1004f-cfbc-48a5-9b0a-bfc1b32a714c,Nuno Herlander Simões Espírito Santo,nuno herlander simoes espirito santo,Nuno
dd6ae74a-e37c-4acb-aefc-ab9c676f6045,Nuno Varela Tavares,nuno varela tavares,Tavares
12661444-6160-4387-84d6-fa2d950c24a0,Nya_Kirby,nya kirby,Kirby
d6a353be-1949-4dce-b8b5-cedf63b21ee6,Nélson Cabral Semedo,nelson cabral semedo,N.Semedo
37f41fc6-1010-4630-b4d4-c21a1cb514b3,Odeluga Offiah,odeluga offiah,Offiah
f2268362-14b6-4275-a29c-afa6c564e95e,Odion_Ighalo,odion ighalo,Ighalo
b603f99b-2025-4317-a399-41a4193ef1b8,Odsonne Edouard,odsonne edouard,Edouard
68baf1e9-a612-4685-a1ff-49829e3a88d0,Odysseas Vlachodimos,odysseas vlachodimos,Odysseas
9b6222bc-5d01-4490-964a-d9a55aff3574,Oghenekaro Peter Etebo,oghenekaro peter etebo,Etebo
86d0e4b2-e0a5-47d7-b9e0-a7e06bdd9dc5,Okay Yokuslu,okay yokuslu,Yokuslu
9ecd6613-4461-45ee-8846-51014d22095f,Ola_Aina,ola aina,Aina
04ad13a5-910d-4acb-905b-9dbc69afa4f0,Olabade Aluko,olabade aluko,Olabade Aluko
5daa2fdc-f136-4997-a1d5-2f69241da920,Olayinka Fredrick Oladotun_Ladapo,olayinka fredrick oladotun ladapo,Ladapo
fe3f2295-3fe3-4a01-9b5f-e50eea8abd3a,Oleksandr_Zinchenko,oleksandr zinchenko,Zinchenko
6cbde40a-16d4-4e88-8b85-b0c3ba4b5dd0,Oliver Arblaster,oliver arblaster,Arblaster
47d5b096-69e3-471a-b8e9-135a0f38e12b,Oliver Casey,oliver casey,Casey
efa8c652-56c8-4ce0-bef7-cbeb2b23cd69,Oliver Glasner,oliver glasner,Glasner
ce2a74ee-f4c9-4e09-a0e8-c05d527d0248,Oliver Hammond,oliver hammond,Hammond
09aaf8e8-749b-4081-bbcc-c4fa6a87d207,Oliver Scarles,oliver scarles,Scarles
9ec4e1b5-b1e9-44f3-8fb3-97a7784b7366,Oliver_Burke,oliver burke,Burke
f2ffd431-5ba0-459d-8379-f63026210908,Oliver_McBurnie,oliver mcburnie,McBurnie
35fd02fc-beca-437b-b47d-061e91f1b12f,Oliver_Norwood,oliver norwood,Norwood
f8930f49-0bf1-485c-ad35-b920668269b0,Oliver_Skipp_540,oliver skipp,Skipp
2f4e892e-5f16-4de9-84a7-14397b34680f,Olivier_Giroud,olivier giroud,Giroud
49b7f321-1964-4e6c-98aa-fa1ec149fc91,Oliwier Zych,oliwier zych,Zych
376a24b5-b587-4152-8b69-7463882ba1c6,Ollie Harrison,ollie harrison,Harrison
865f8696-6cea-4ae8-b024-3a5f40ee1039,Ollie Scarles,ollie scarles,Scarles
c98696d5-6ee3-48cb-8491-7bf3c66aba03,Ollie Watkins,ollie watkins,Watkins
67c79c58-b663-4503-90c2-984dcff24cd8,Olu Aina,olu aina,Aina
f229dbcb-0010-4d06-a661-0de59dab68d9,Olufela_Olomola,olufela olomola,Olomola
80d8414b-bcf2-48ac-b3bb-93c457f27444,Oluwasemilogo Adesewo Ibidapo Ajayi,oluwasemilogo adesewo ibidapo ajayi,Ajayi
8ab18cb7-1b02-4136-a2a1-b8c0b4f27e06,Oluwaseyi_Ojo,oluwaseyi ojo,Sheyi Ojo
ef895e49-0eaa-4648-ba7e-7cf7f4da5bf7,Oluwatosin_Adarabioyo,oluwatosin adarabioyo,Adarabioyo
3649b25c-fd75-4945-8cb1-5a0a596d8b53,Omar Marmoush,omar marmoush,Marmoush
6bdbaa6d-dd4f-4521-9d2d-1e21a7c099e4,Omar Richards,omar richards,O.Richards
74b88b3a-b398-4e78-a547-a6eb05b800b9,Omar_Bogle_108,omar bogle,Bogle
5fe0ee43-7eca-4861-9e03-d0bc379cbeba,Omar_Elabdellaoui,omar elabdellaoui,Elabdellaoui
8e9a00c8-9a70-4cd3-a7b6-e892fb608707,Omari Forson,omari forson,Forson
4f4ab12f-a2d6-47c5-bc46-9c4566f169b9,Omari Giraud-Hutchinson,omari giraudhutchinson,Hutchinson
646e83bb-f503-490b-90d8-74590d923bbb,Omari Hutchinson,omari hutchinson,Hutchinson
ea52b578-be96-4098-ab9a-f9d76cbfee94,Omari Kellyman,omari kellyman,Kellyman
5336fb94-a09d-4a0c-8fbf-517951dc17cb,Ondrej_Duda_601,ondrej duda,Duda
3410b2b5-ab43-4976-a6cd-6552835905f9,Onel_Hernández_284,onel hernandez,Hernández
451996a5-7c4c-4177-b1aa-dc783c331322,Orel Mangala,orel mangala,Mangala
52eff2cd-fe15-439e-b7d4-3107f93d1256,Orestis_Karnezis,orestis karnezis,Karnezis
4d64be6a-852b-4f56-b673-4ea30d9c32d8,Oriol_Romeu Vidal,oriol romeu vidal,Romeu
390f96a0-b1cc-47a5-899b-c4dc4831adf1,Oscar Bobb,oscar bobb,Bobb
fbf82cf6-864a-4894-a83e-7a41ebce4c59,Oscar_dos Santos Emboaba Junior,oscar dos santos emboaba junior,Oscar
d04c88d9-6f9c-4ad4-8ba8-1ae2cb739334,Oskar_Buur_587,oskar buur,Buur
c7f66e59-053d-4af3-8255-31563f479f07,Oumar_Niasse,oumar niasse,Niasse
535d3e98-ad1f-4549-ac2c-1c7c68a2df6f,Oviemuno_Ejaria,oviemuno ejaria,Ejaria
577e6bcc-864c-4812-8ecf-a1d07561b55a,Owen Beck,owen beck,Beck
cee69fb4-4dc0-427f-ae80-c7aa699ba539,Owen Bevan,owen bevan,Bevan
eab6d878-0ba1-4161-8130-8703d8f24e19,Owen Dodgson,owen dodgson,Dodgson
44b26efe-2919-4394-85f8-e97768a72bf9,Owen Goodman,owen goodman,Goodman
502de70b-fbb1-4557-bdba-aa0941ad00bf,Owen Hampson,owen hampson,Hampson
f04b08c7-07a3-4d87-8129-212e8d72a4b0,Owen Hesketh,owen hesketh,Hesketh
4919ff4d-4a36-4cee-b43e-7283f6795558,Owen_Otasowie_566,owen otasowie,Otasowie
79dc2a05-ef09-45bc-9b1d-cacee10c04ba,Ozan Kabak,ozan kabak,Kabak
69e06de3-1fbc-4110-b4a7-3b75878fe4b4,Ozan Tufan,ozan tufan,Tufan
7d284268-300a-4567-9ba6-942c1f35f5ba,Pablo Fornals Malla,pablo fornals malla,P.Fornals
0afb6c51-ccf4-4c9e-86ff-d22f9d171ee9,Pablo Hernández Domínguez,pablo hernandez dominguez,Hernández
7debf29b-1b64-461a-82ff-d597983ae976,Pablo Marí Villar,pablo mari villar,Pablo Marí
abc0056a-8c35-42d5-b9fd-9e757693bd7f,Pablo Sarabia,pablo sarabia,Sarabia
52c531f7-d12c-431f-9563-79662fd95885,Pablo_Fornals_399,pablo fornals,Fornals
dfab69c7-fae6-4480-91a5-cddc154096d8,Pablo_Maffeo,pablo maffeo,Maffeo
a247d8f1-a248-4138-b89e-35fee96b3fcb,Pablo_Marí_617,pablo mari,Marí
d5fac7f0-8e97-4276-95d8-a647fa708b25,Pablo_Zabaleta,pablo zabaleta,Zabaleta
dfb0d8f8-6084-47a9-92a8-10dfbe96d088,Panagiotis_Retsos_625,panagiotis retsos,Retsos
be05565b-c716-423c-bb6a-d1c303181f52,Papa Alioune_Ndiaye,papa alioune ndiaye,Badou Ndiaye
90253082-23b4-4574-95da-e2012c994468,Pape Matar Sarr,pape matar sarr,P.M.Sarr
ba9cf5b8-fe59-44ae-8f95-031d4de7141e,Pape_Souaré,pape souare,Souaré
3fc0e99c-fe8b-44a4-b493-ff99129debfe,Papy_Djilobodji,papy djilobodji,Djilobodji
da02b060-d088-4e73-bb6f-fb878eb3c727,Paris Maghoma,paris maghoma,Maghoma
828f2177-8b22-452c-bc9f-677d23e07b57,Pascal Struijk,pascal struijk,Struijk
ca64b1b7-82e4-4ff9-871e-e33f5fc1ffce,Pascal_Groß,pascal gross,Gross
ee05b711-dc6d-4b41-a04c-31ff22da7d17,Patrice_Evra,patrice evra,Evra
9f920b47-9589-4498-a8c3-47f1c5b9b10a,Patrick Dorgu,patrick dorgu,Dorgu
87830416-aad1-40e0-b815-e0ae911fd489,Patrick_Bamford,patrick bamford,Bamford
a2719353-044b-4bab-9faa-a3a1fa6137dc,Patrick_Cutrone_487,patrick cutrone,Cutrone
a8248478-acfd-4fa9-b0bc-ece1f3a3e5d2,Patrick_McNair,patrick mcnair,McNair
3aec85e1-a7f5-43e6-a864-681d53ae1fa2,Patrick_Roberts_435,patrick roberts,Roberts
e02e4a44-7b23-49d2-9ba4-d0a16ecddd8c,Patrick_van Aanholt,patrick van aanholt,van Aanholt
d78c5a3a-76db-45c6-b562-64c4cc6f07d4,Patrik Gunnarsson,patrik gunnarsson,Gunnarsson
b959a6ae-f5a3-4186-8baf-7a61c105de90,Patson Daka,patson daka,Daka
6f036964-4879-4fa0-9d37-b5939bcaa510,Pau Torres,pau torres,Pau
4d53c59f-5d39-480b-acbb-aba97233b6f9,Pau_López Sabata,pau lopez sabata,Pau López
3f334714-a40e-404f-91d9-9000bbba5c61,Paul Onuachu,paul onuachu,Onuachu
4aa64181-50fb-48ce-9ba6-c380d7ff56fe,Paul_Dummett,paul dummett,Dummett
e7e4065b-ff49-4e5b-9e9f-ddf25fe156d3,Paul_Pogba,paul pogba,Pogba
e0317e74-80e8-4d8a-9b99-c959c1a2d7b6,Paul_Robinson,paul robinson,Robinson
715aa503-be45-4608-9650-849019a8dbac,Paulo Gazzaniga Farias,paulo gazzaniga farias,Gazzaniga
54435423-fe0e-4551-900d-12a6f7240e35,Paulo_Gazzaniga,paulo gazzaniga,Gazzaniga
a7c8f4ff-9cba-4518-95ec-f0386d54e3ef,Pedro Cardoso de Lima,pedro cardoso de lima,Pedro Lima
6cf4ffd8-669c-4841-a1b6-7722656cfc56,Pedro Porro,pedro porro,Pedro Porro
710cdaa8-5673-4909-866b-8ca3001bfcb1,Pedro_Chirivella,pedro chirivella,Chirivella
1b7799ef-d04c-41b9-a127-17a09a2568af,Pedro_Lomba Neto_528,pedro lomba neto,Neto
ef4ecf78-d1e5-4ec9-9986-e16f0f4ab078,Pedro_Obiang,pedro obiang,Obiang
7d6c2ee0-ecdd-41df-aea7-9d675dd5ba52,Pedro_Rodríguez Ledesma,pedro rodriguez ledesma,Pedro
0c2d9050-1b2c-48aa-a56e-e58003791a46,Pelenda Joshua Dasilva,pelenda joshua dasilva,Dasilva
a1aae303-ba15-4860-9fda-6dba8fe0ff42,Pelly Ruddock Mpanzu,pelly ruddock mpanzu,Mpanzu
5531335a-61af-4d0e-a4e0-193572532738,Pep Guardiola,pep guardiola,Guardiola
97a5470d-0a51-4e96-a1be-87a92959b727,Per_Mertesacker,per mertesacker,Mertesacker
4ba3d902-80dc-4f0c-8dbb-02d6378cd918,Percy Tau,percy tau,Tau
67f304a6-398a-4c90-955f-c2ced2756cbf,Pervis Estupiñán,pervis estupinan,Estupiñan
5732be24-16e9-4ba4-b734-ce872d9d0ad6,Peter_Crouch,peter crouch,Crouch
99291668-9b18-4def-8645-b8cc3ba1c26b,Petr_Cech,petr cech,Cech
1a3d215d-fade-4a9a-a623-438581566d6a,Phil_Bardsley,phil bardsley,Bardsley
ab65ac51-0185-4bcc-a109-602a25d2d6c0,Phil_Foden,phil foden,Foden
ecac5e9b-66fd-41d4-8c8c-33ad7058c45e,Phil_Jagielka,phil jagielka,Jagielka
d73a526e-9d92-4bc8-8ffd-24c666a21f75,Phil_Jones,phil jones,Jones
e2597161-c58c-4f29-9296-c4dd569db01d,Philip Zinckernagel,philip zinckernagel,Zinckernagel
a2f47877-0b55-4ed5-a36a-ed7a7ba73469,Philip_Billing,philip billing,Philip
b35158ac-b958-422a-b1de-d7057e827fae,Philip_Heise_484,philip heise,Heise
e39f341f-d2cc-4c9c-a610-ad8206c0294d,Philipp_Wollscheid,philipp wollscheid,Wollscheid
2d054952-5e10-4867-a3ec-3b92c2f2ca6e,Philippe Coutinho Correia,philippe coutinho correia,Coutinho
a30a0fd1-83d3-4ab7-b044-e9d2e41111e4,Philippe_Coutinho,philippe coutinho,Coutinho
f5bd1241-99d4-4e7d-9fa6-487c91405f41,Philippe_Sandler_604,philippe sandler,Sandler
91c80156-d845-45a5-ac5d-49bef1446631,Pierluigi Gollini,pierluigi gollini,Gollini
160559a9-990d-42cb-9915-d27917911cfb,Pierre Ekwah,pierre ekwah,Ekwah
8ee01dbd-a99d-4553-a996-4fbf0424a214,Pierre Lees-Melou,pierre leesmelou,Lees-Melou
ae8f440b-cbd7-4f45-a590-5a7d8a2ab445,Pierre-Emerick_Aubameyang,pierreemerick aubameyang,Aubameyang
648bf206-4780-4c67-b2d8-368f00434bda,Pierre-Emile_Højbjerg,pierreemile hojbjerg,Højbjerg
efc1e3e5-b311-47c0-b888-0e43bd0d4fb3,Pontus Jansson,pontus jansson,Jansson
8b589cb1-6111-4d21-937d-f6e0230a6001,Pontus_Dahlberg_374,pontus dahlberg,Dahlberg
d8304197-74a8-4e15-b88e-72cb7c0b1e4b,Przemyslaw Placheta,przemyslaw placheta,Placheta
104d250b-14be-4ba5-99d3-e0d09ea77946,Rachid_Ghezzal_492,rachid ghezzal,Ghezzal
4406473e-65bc-4af7-81a4-5c4d2caa8d15,Radek Vítek,radek vitek,Vítek
7f04a416-d03b-4960-8f5e-7c346f52b7b7,Radu Dragusin,radu dragusin,Dragusin
8fff1b4f-aec1-4c32-bee0-85dedc98da83,Rafa_Mir_449,rafa mir,Mir
50e9ada2-8cf3-4a32-bcf2-717c3a304852,Rafael_Camacho,rafael camacho,Camacho
82692912-2db1-47c1-afa6-b259abce72c2,Ragnar_Klavan,ragnar klavan,Klavan
f54aac63-451d-42bf-9ad0-5125e9c2dafe,Raheem_Sterling,raheem sterling,Sterling
9f03e58e-eb25-438c-b484-ac4e2cfa24e5,Rajiv_van La Parra,rajiv van la parra,van La Parra
78f27776-15c9-4c89-8412-047eee9bbd30,Ralf_Fahrmann_449,ralf fahrmann,Fahrmann
6353ad05-b9b8-4de7-8bdb-1a16779035db,Ramadan_Sobhi,ramadan sobhi,Sobhi
d7b05f88-53b4-4c31-8a57-6b64aca474ab,Ramiro_Funes Mori,ramiro funes mori,Funes Mori
60d6119c-e4a8-4845-a129-1260d0844c4b,Ramón Sosa,ramon sosa,Sosa
f1a66687-a36b-44d6-8408-6ad0f8e70237,Raphael Dias Belloli,raphael dias belloli,Raphinha
f0a10664-d7ee-412f-b1b4-13f930491356,Raphael_Spiegel,raphael spiegel,Spiegel
353e0408-797c-4e07-b70d-2d41de458083,Raphaël Varane,raphael varane,R.Varane
b59555b5-e2df-4781-8bcf-0916b98f015a,Rasmus Højlund,rasmus hojlund,Højlund
fced8bf7-cd87-4d66-aa13-1cf4b3876f83,Rasmus Kristensen,rasmus kristensen,Kristensen
1cbd6ecc-e8e2-4e33-91c0-bf919697328d,Ravel_Morrison_456,ravel morrison,Morrison
afd418ea-2f7d-432c-842b-0adb5dd35898,Rayan Ait Nouri,rayan ait nouri,Ait Nouri
65d2c2a0-92f7-4a29-a54d-3b8b03471bac,Rayan Aït-Nouri,rayan aitnouri,Aït-Nouri
ee7ba624-d065-4a62-a0e6-1559dd250452,Rayhaan_Tulloch,rayhaan tulloch,Tulloch
64b4de95-0205-436e-8901-24ac7fc9c4ec,Raúl_Jiménez_437,raul jimenez,Raúl
73a2b951-4350-4e99-901f-df5640943da0,Reda Khadra,reda khadra,Khadra
fd110e9c-44f6-4aaf-a6de-e0c4a134130c,Reece Hannam,reece hannam,Hannam
56a27f58-dac6-4cf5-b7c3-e0446e69c7dc,Reece Welch,reece welch,Welch
017c5167-5c42-43d0-96d3-024893e8470a,Reece_Burke,reece burke,Burke
d055c875-8119-48ac-bf74-51c49fb15863,Reece_James_506,reece james,James
54bff7a9-0a6f-429d-93a7-76023c05ffbf,Reece_Oxford,reece oxford,Oxford
da4a56fa-dcf3-4e26-95f9-5592d5f55b46,Reiss_Nelson,reiss nelson,Nelson
f1da2261-fa3b-479a-b21b-7299eec7bb57,Rekeem_Harper,rekeem harper,Harper
6a4090f7-7ddb-41e4-9d6f-0dc1c35f95f6,Remi Matthews,remi matthews,Matthews
7c203f10-c15f-4226-8b03-de2fb5e64da0,Remo Freuler,remo freuler,Freuler
ebf2eb17-9e4a-4773-9ae4-ad2a72b739b4,Remy Rees-Dottin,remy reesdottin,Rees-Dottin
3e3efddc-63dd-4741-9e45-6a4321fee1e7,Renan Augusto Lodi dos Santos,renan augusto lodi dos santos,Renan Lodi
bb776edf-2d26-49f7-aae7-1353f4197492,Renato Palma Veiga,renato palma veiga,Renato Veiga
b926b424-c19f-4a5a-b91b-279bab9e6946,Renato_Sanches,renato sanches,Sanches
2aa1202d-66b5-40bb-b963-224141c7e380,Rene_Gilmartin,rene gilmartin,Gilmartin
ff0e650b-1ed4-41b4-a5db-96073dc1dfde,Reuell Walters,reuell walters,Walters
0cfd3723-e4bd-42e6-8fbe-d0f60511d51b,Rhian_Brewster,rhian brewster,Brewster
f828a3cc-adaf-41f6-bad5-95951e1d74a0,Rhu-endly_Martina_577,rhuendly martina,Cuco Martina
31a4aa53-1295-4d71-b5db-241e407406b0,Rhys Bennett,rhys bennett,Bennett
dd69ae2f-18d0-471e-bf18-2da1323e0630,Rhys Norrington-Davies,rhys norringtondavies,Norrington-Davies
a64adfb5-0a35-4ec2-9090-0262396f866d,Rhys Williams,rhys williams,R.Williams
e949529a-39e7-4e8f-b214-39920d34e03d,Rhys_Healey_573,rhys healey,Healey
c2b691b7-b8ae-4b74-aa72-604cab5a7dde,Ricardo Barbosa Pereira,ricardo barbosa pereira,Ricardo
f6c631e6-5adb-415c-8450-9170d83ed993,Ricardo Domingos_Barbosa Pereira_221,ricardo domingos barbosa pereira,Pereira
9a7640d4-cfc1-4684-a70f-bbd6ead8ba24,Riccardo Calafiori,riccardo calafiori,Calafiori
abaddff2-4673-4373-8493-b0bb956c7add,Richairo_Zivkovic_622,richairo zivkovic,Zivkovic
3f23fb8b-4f25-4289-b98f-df583251cfc7,Richard Nartey,richard nartey,Nartey
7dff9337-8040-429b-beb6-90fb3e1a3750,Richard_Stearman_296,richard stearman,Stearman
52a24e73-8e2e-4e51-a0fb-94f4a1fa330d,Richarlison_de Andrade,richarlison de andrade,Richarlison
135e8688-b998-4221-af19-479a0ddb9279,Richie Laryea,richie laryea,Laryea
5a77f4f7-12eb-48b9-9636-5cda5b143a8b,Rickie_Lambert,rickie lambert,Lambert
f79740a8-22dc-4f28-aca2-1ebb7a132df6,Rico Henry,rico henry,Henry
d489acdd-5de1-457a-bf25-4b14ee2f826f,Rico Lewis,rico lewis,Lewis
a04fab7f-bb6c-463a-be2c-c7bf8f95775a,Ritchie_de Laet,ritchie de laet,de Laet
2bfa5376-dc48-4051-acbe-27febb74d189,Riyad_Mahrez,riyad mahrez,Mahrez
5659bc05-9eea-4b45-b8c9-b933b857b102,Rob_Holding,rob holding,Holding
32ee2220-2307-4089-8b81-dc4a3c3f2e52,Robbie_Brady,robbie brady,Brady
a711be04-e0af-4828-904b-baaf7b677ecf,Robert Kenedy_Nunes do Nascimento,robert kenedy nunes do nascimento,Kenedy
81dee404-5c94-4ea5-ba8d-e7f8eef13d5e,Robert Street,robert street,Street
bfeb99bf-a1d5-44d2-b17b-7cfe8a3f53e4,Robert Sánchez,robert sanchez,Sánchez
d73c37be-2cf3-46a1-b4a5-bbe2d2fe57b2,Robert_Elliot,robert elliot,Elliot
44945866-eaa0-4f32-a55c-3ced6e6ee2a5,Robert_Green,robert green,Green
d95e1fc1-6b95-4eef-83e5-745e6483c178,Robert_Huth,robert huth,Huth
099ac579-5471-4e88-92c0-ede64fdd5823,Robert_Snodgrass,robert snodgrass,Snodgrass
2f4835df-dfc6-4c62-a1cd-deaa2e152e5c,Roberto_Firmino,roberto firmino,Firmino
6357c372-436a-4add-afd9-7ac257adc705,Roberto_Jimenez Gago_450,roberto jimenez gago,Roberto
031271a9-269e-4153-88f4-e5ee3158e2a2,Roberto_Pereyra,roberto pereyra,Pereyra
7ca0ed14-f32a-4df4-a5e4-88c1a41548fb,Robin Koch,robin koch,Koch
7cba3400-21d1-4756-a3ec-2c5b1735b924,Robin Olsen,robin olsen,Olsen
cf26306f-6e7d-4709-9853-a51b6e1574a4,Roderick Jefferson_Gonçalves Miranda_429,roderick jefferson goncalves miranda,Miranda
eed083c4-58a1-4b6e-96c0-ef97ea0b9ab3,Rodrigo 'Rodri' Hernandez,rodrigo rodri hernandez,Rodrigo
82a6344d-710d-4c07-948d-64026996fc25,Rodrigo Bentancur,rodrigo bentancur,Bentancur
9b8d58e6-dcdf-40a9-acac-ab26fec441b0,Rodrigo Duarte Ribeiro,rodrigo duarte ribeiro,Ribeiro
b74a658b-0105-41d0-8b8f-135d89c3fb2a,Rodrigo Martins Gomes,rodrigo martins gomes,R.Gomes
00917be9-2266-4293-8937-ee575577c629,Rodrigo Moreno,rodrigo moreno,Rodrigo
9e675267-8a89-44c3-a9b3-c41fe9c70d9a,Rodrigo Muniz Carvalho,rodrigo muniz carvalho,Muniz
b5f19418-dad1-40b0-b7ed-5da901be4ca7,Rodrigo_Hernandez_443,rodrigo hernandez,Rodrigo
6ff6775a-8007-49dc-b5fd-de22c8d79ffe,Rolando_Aarons,rolando aarons,Aarons
5ce24688-0543-4985-911c-6472b239b03e,Romain Esse,romain esse,Esse
39c2a3cf-6ee9-46ba-b388-7dc2348ebb35,Romain Faivre,romain faivre,Faivre
91253f62-54b7-44b7-8257-a1487e554319,Romain Perraud,romain perraud,Perraud
8c2b17a4-f4ab-475c-8585-5a6d1d4c1e9a,Romain_Saïss_426,romain saiss,Saïss
108fcb5b-dfe3-4068-9e60-ed74d2c40520,Romaine Mundle,romaine mundle,Mundle
ede9d1df-7c90-4f11-a9f1-d4b2972843bd,Romaine Sawyers,romaine sawyers,Sawyers
0a1e2160-9e85-4c4a-9e50-4d2125d4d526,Roman Dixon,roman dixon,Dixon
0dfd4628-a7d4-4491-9b62-c18504fa6053,Romelu Lukaku Bolingoli,romelu lukaku bolingoli,Lukaku
1de89e2b-47e6-4e36-8e04-5f0752168e45,Romelu_Lukaku,romelu lukaku,Lukaku
9dab2087-8021-4995-967e-5c291b80812f,Romeo Lavia,romeo lavia,Lavia
284c8002-7a8c-4f68-ab5c-1298864b48a6,Ron-Robert_Zieler,ronrobert zieler,Zieler
6c0e22b9-0de3-400b-bb2a-b25fe2f87c2e,Ronnie Edwards,ronnie edwards,Edwards
9163e03a-e33f-495b-bca3-f0a343fa1287,Ronnie Stutter,ronnie stutter,Stutter
05a4f4ca-efec-44e5-b69b-816e72a6f5af,Roque_Mesa,roque mesa,Mesa
2aec00cc-7d43-4292-9b01-90475fdac5f5,Roshaun Mathurin,roshaun mathurin,Mathurin
b84f5caf-eb90-42a8-80db-fcd399f22cee,Ross Stewart,ross stewart,Stewart
378f2283-c80e-4cf4-a042-aa9f38850663,Ross_Barkley,ross barkley,Barkley
9f25fcb8-16b5-4a2a-ad87-4448b591fc11,Rouwen_Hennings,rouwen hennings,Hennings
33003f1d-0920-47eb-ac66-c77a1f712c42,Ruairi McConville,ruairi mcconville,McConville
f7de388d-8555-43e2-b507-5df791357a1b,Ruben Filipe Marques Diogo Amorim,ruben filipe marques diogo amorim,Amorim
0fd4a7b5-0722-49bb-a8f1-08ac91d8a774,Ruben_Loftus-Cheek,ruben loftuscheek,Loftus-Cheek
0c96ba1c-4bae-4ec6-9d07-9364faedc730,Rudy_Gestede,rudy gestede,Gestede
335372c0-8ba5-41bc-a839-c9aed62f5825,Rui Pedro_da Rocha Fonte_188,rui pedro da rocha fonte,Fonte
74b3a7f5-f415-4cc4-a8fe-59ccb8f5370b,Rui Pedro_dos Santos Patrício_454,rui pedro dos santos patricio,Patrício
3ccf3f50-d20e-432f-8722-5434932c5b6a,Ruud van Nistelrooij,ruud van nistelrooij,Van Nistelrooy
5b0af349-a0ae-46b8-a5aa-a2095271c099,Ryan Alebiosu,ryan alebiosu,Alebiosu
658b72bb-44b2-4be5-a7d0-690e9fef96e8,Ryan Astley,ryan astley,Astley
63a8f326-a590-454c-873e-11d77a1982db,Ryan Christie,ryan christie,Christie
55b827bb-0e29-4d10-8e54-040a2b6f67b8,Ryan Finnigan,ryan finnigan,Finnigan
1daa5d84-5794-4f39-b359-c03464a25a4a,Ryan Gravenberch,ryan gravenberch,Gravenberch
d4371ce4-0036-4992-83e5-4f4dbbf357c9,Ryan Inniss,ryan inniss,Inniss
88434887-13ca-462b-9fe5-0309cf07f93e,Ryan John_Giles_555,ryan john giles,Giles
e6ca3773-e357-415f-be4d-b33dbb2b8a2b,Ryan Manning,ryan manning,Manning
b0cd7b70-43cf-494c-b6e3-63c8c9aa3b4a,Ryan Oné,ryan one,Oné
d41e682a-e180-4a36-9e58-436d0ce7283e,Ryan Trevitt,ryan trevitt,Trevitt
762a811e-7c01-49b2-a686-1deea3049c3e,Ryan Yates,ryan yates,Yates
df8f4c44-cde2-45d9-a816-109dbf54c0a5,Ryan_Allsop,ryan allsop,Allsop
a21238f5-7025-4f34-a98a-bc06b306d8c8,Ryan_Babel_575,ryan babel,Babel
04ce0979-b206-491a-95d1-b12e09f2806a,Ryan_Bennett_427,ryan bennett,Bennett
1b819c98-821b-42bb-bfc0-273d7cb0e015,Ryan_Bertrand,ryan bertrand,Bertrand
033d05ac-1aed-4ecf-9ecb-186a33e7b59c,Ryan_Fraser,ryan fraser,Fraser
ee750de5-a911-478d-88cf-9f3c89ac7ccb,Ryan_Fredericks_408,ryan fredericks,Fredericks
c391d63e-3819-4aa3-8605-eddcfab5f798,Ryan_Giles_607,ryan giles,Giles
badf4679-f261-4a2c-ab7f-2123e864b574,Ryan_Mason,ryan mason,Mason
48a4fc0d-1eab-43e5-a1d8-e55a04f632f2,Ryan_Schofield_533,ryan schofield,Schofield
430b2f16-aa26-46fe-865b-f497a1f6e9f1,Ryan_Sessegnon_184,ryan sessegnon,Sessegnon
8d8941d6-fc09-412b-b4c7-4169be58b042,Ryan_Shawcross,ryan shawcross,Shawcross
1b051404-7f06-43ee-9e1a-08595508c5f5,Rúben Diogo_da Silva Neves_433,ruben diogo da silva neves,Neves
e8d0a2da-a3c8-4391-a258-ba9cdb42af39,Rúben Gato Alves Dias,ruben gato alves dias,Rúben
adf75c28-9cbb-46a9-bc55-86e3c8019856,Rúben Gonçalo_Silva Nascimento Vinagre_431,ruben goncalo silva nascimento vinagre,Vinagre
49ebb5e9-8d64-4ea2-99c9-bb8ebb437b88,Rúben Nascimento Vinagre,ruben nascimento vinagre,Vinagre
45540626-4ba6-4543-800f-91e3799c2c87,Rúben Santos Gato Alves Dias,ruben santos gato alves dias,Dias
79718f52-ef1a-4d18-8f4e-241a8758cd25,Rúben da Silva Neves,ruben da silva neves,Neves
086ae54b-70c8-4fb6-bc1c-da9fb5407d09,Rúnar Alex Rúnarsson,runar alex runarsson,Rúnarsson
dd6bf755-559b-49c1-a4f8-04f7514c0365,Sadio_Mané,sadio mane,Mané
5c3aa042-4d37-4561-9e01-65f39d5a1a16,Saido_Berahino,saido berahino,Berahino
aa0ffd9a-187d-46ea-8c8d-d80514743724,Salah-Eddine Oulad M'hand,salaheddine oulad mhand,Oulad M'hand
8f6a06e5-20f6-43e9-a38c-986ee6428d21,Salomón_Rondón,salomon rondon,Rondón
da86b7b9-bc96-494d-8538-ce50a666cdde,Sam Curtis,sam curtis,Curtis
5339ad0e-b4b1-45a9-bee2-80edcda525c7,Sam Greenwood,sam greenwood,Greenwood
0448d0f9-c778-47e8-866c-9ab52102566b,Sam Johnstone,sam johnstone,Johnstone
c8abc5f1-63be-42eb-8434-35cb4f3b8643,Sam Morsy,sam morsy,Morsy
37368fcf-4520-400b-a6e1-1f198e5448ff,Sam Proctor,sam proctor,Proctor
5276bf23-d6e3-448e-83e5-900090862b00,Sam Szmodics,sam szmodics,Szmodics
be423057-02b1-4fd6-89f8-2dc35aa9771d,Sam Waller,sam waller,Waller
c57d4238-40c2-4b78-bc3d-1d66e9f9c48c,Sam_Baldock,sam baldock,Baldock
092d5972-e7d9-4d77-8025-9638c5617476,Sam_Byram,sam byram,Byram
fdec6e9d-277b-428c-9281-ce9241120aa6,Sam_Clucas,sam clucas,Clucas
c0567331-559a-45e0-8088-9169fb4e5ebe,Sam_Field,sam field,Field
c2996ffd-9cdb-47f5-a804-abed70861833,Sam_Gallagher_574,sam gallagher,Gallagher
a73e970c-e29c-4656-a71f-7b3c3f66cdd5,Sam_Hughes,sam hughes,Hughes
ff0bd90c-2d20-4e8b-889f-d7e53be436c8,Sam_McQueen,sam mcqueen,McQueen
2c8e90c0-f183-49fe-a842-4c9da21a815b,Sam_Surridge,sam surridge,Surridge
1ac5d8e1-dfe1-4c58-a8a6-fcafad2c3205,Sam_Vokes,sam vokes,Vokes
7c8771bb-5135-4649-9bc2-49adfe886993,Sam_Woods_609,sam woods,Woods
914c60e4-4cc7-4616-8dce-542fd9a01875,Saman Ghoddos,saman ghoddos,Ghoddos
21d9bd33-1c7e-499c-9ac2-e3b8d61117ee,Samir Caetano de Souza Santos,samir caetano de souza santos,Samir
b043a117-5822-4719-9d9b-26988f4bb405,Samir_Nasri,samir nasri,Nasri
f6cfaad9-3cae-4510-bfb5-ff7a52e5b222,Sammy Braybrooke,sammy braybrooke,Braybrooke
7c8c8699-43ac-470e-913d-7d1f106c9055,Samuel Amissah,samuel amissah,Amissah
d77dea18-3c6d-42cf-9b27-2d723b8a9b37,Samuel Amo-Ameyaw,samuel amoameyaw,Amo-Ameyaw
19aceab2-725a-4a6e-9657-bc93471e603a,Samuel Bastien,samuel bastien,Bastien
e96e7afc-54be-4968-aad0-a05d02e19544,Samuel Edozie,samuel edozie,Edozie
62440c15-9478-4fce-b4eb-9e590acdf7e7,Samuel Iling-Junior,samuel ilingjunior,Iling Jr
7d0e847a-e6b1-43c1-b79f-411456ad8363,Samuel Kalu,samuel kalu,Kalu
e4c4a3df-fe83-4763-87b3-039461af4e91,Samuel Rak-Sakyi,samuel raksakyi,Rak-Sakyi
45a4af88-895f-4162-957c-0e7566ea4838,Samuel_Shashoua,samuel shashoua,Shashoua
b7442fff-4a09-4bd5-bd31-b443d8ecda76,Samy Chouchane,samy chouchane,Chouchane
c47a3c11-dfd8-402b-a27f-efdd433c900a,Sander_Berge_621,sander berge,Berge
7854c9e2-9a44-4401-afaf-26b3aa34b6fc,Sandro Tonali,sandro tonali,Tonali
412cfa4d-cb19-4053-a285-c4b6ca46b3be,Sandro_Ramírez,sandro ramirez,Sandro
75953d1c-dfb2-4f46-9365-66ad28b972f4,Santiago Bueno,santiago bueno,S.Bueno
4f767a62-7439-413b-b703-f13bca6e90b5,Santiago_Cazorla,santiago cazorla,Cazorla
6b3761e9-4d92-490f-8691-0b798f77085a,Sasa Kalajdzic,sasa kalajdzic,Kalajdžić
7c3800ef-f848-4855-a764-87c6baf2b5c8,Sasa Lukic,sasa lukic,Lukić
8e56c1c7-e3cc-4389-a540-26ac75461d8c,Saïd Benrahma,said benrahma,Benrahma
62704c68-8e10-401d-ae13-22445cd60a23,Saúl Ñíguez,saul niguez,Saúl
d86b4a23-5515-47c6-a0dc-12bd3935bae0,Scott Banks,scott banks,Banks
7f360fa7-d617-4ea1-aa24-8d225f292776,Scott McKenna,scott mckenna,McKenna
6868d60a-5c67-4f16-926a-ac350cf508d3,Scott Twine,scott twine,Twine
2ccc8131-aa64-4327-a172-5cc136382553,Scott_Arfield,scott arfield,Arfield
7c5a0e17-36e1-4165-941f-1af5c9426dc6,Scott_Carson_562,scott carson,Carson
020ded0f-1dd4-41fe-8349-afb886b1a6c7,Scott_Dann,scott dann,Dann
9439422b-89c5-44c3-9d8d-622552c61847,Scott_Malone,scott malone,Malone
5bd9575d-a794-4a99-9c4d-116a8c03aa63,Scott_McTominay,scott mctominay,McTominay
186444a1-b08e-4ea1-83c7-63749f315239,Sead_Haksabanovic,sead haksabanovic,Haksabanovic
9a3d7532-c5da-4d55-8a2f-5882341e4f0b,Sead_Kolasinac,sead kolasinac,Kolasinac
bcf474e8-290c-402a-b418-53560a4293cd,Seamus_Coleman,seamus coleman,Coleman
fd1acadc-0c9d-475e-9de3-791081c0e0df,Sean McAllister,sean mcallister,McAllister
4abda6a2-213e-49e4-b0ef-f56b385ab665,Sean Neave,sean neave,Neave
3de76d2e-1e40-4a8f-af50-b864c31f0016,Sean_Longstaff_531,sean longstaff,Longstaff
07a1d07f-e3cb-488b-b0d8-fadbe2391b9e,Sean_Morrison_90,sean morrison,Morrison
fd85f305-9935-4729-be16-3c352524be22,Sean_Scannell,sean scannell,Scannell
21f30a2e-0ad2-4964-93a3-de094be7a222,Sebastian Revan,sebastian revan,Revan
6a0ae3e8-efed-41bf-9023-db715498f1a1,Sebastian_Larsson,sebastian larsson,Larsson
4dd7dce4-77fb-4a06-ba40-78de5798d501,Sebastian_Prödl,sebastian prodl,Prödl
6f606914-fcfc-4488-aa6b-318c56ca64ad,Sepp van den Berg,sepp van den berg,Van den Berg
ee2d61cb-0f84-49d2-8b43-9132718745a5,Serge_Aurier,serge aurier,Aurier
87a19467-90be-4ceb-a619-ee80e3bbd2d0,Serge_Gnabry,serge gnabry,Gnabry
033a50d6-7c5f-46ad-a7c6-09a3d77899f4,Sergi Canós,sergi canos,Canós
033d9e04-86a7-4dbd-983b-d11d94303f3e,Sergi Canós Tenés,sergi canos tenes,Canós
a3b88f86-1406-426f-be5e-5cc1bbc09e51,Sergio Gómez,sergio gomez,Sergio Gómez
4303f6ea-65ca-46d2-9691-8736db0130fe,Sergio Reguilón,sergio reguilon,Reguilón
1a48d4c3-3d8a-4dd1-9887-d633463bed7d,Sergio_Agüero,sergio aguero,Agüero
b6b47f26-1496-46ca-8ca8-64200e555204,Sergio_Rico_509,sergio rico,Rico
ee5bb7fc-e0e4-456c-9034-086f2362af1e,Sergio_Romero,sergio romero,Romero
62484103-a0b5-4f68-b2f7-9bf1bc1e31e1,Shandon Baptiste,shandon baptiste,Baptiste
3c46438c-a75b-4432-a2ed-50f1d37f0b1a,Shane Flynn,shane flynn,Flynn
277f5659-9acf-43fc-b24e-f2e146bd3e97,Shane_Duffy,shane duffy,Duffy
7acf5bbc-d919-4d96-80b2-936463c36396,Shane_Long,shane long,Long
58fb55ce-e704-4335-a411-9d59c2c93c3d,Shaqai Forde,shaqai forde,Forde
37ecb442-69fc-4bd2-bd58-cd5ea0a17063,Shaun_MacDonald,shaun macdonald,MacDonald
1856aa0b-ef6b-4147-9d48-93e0f7298f05,Shaun_Maloney,shaun maloney,Maloney
15616be0-05dc-400e-85be-187e033e021f,Shay_Given,shay given,Given
53b36ebc-883c-4e9a-a2d7-fa3a7abbcbb1,Shea Charles,shea charles,Charles
58e1e0bd-96e6-4ec5-8a03-142c8dfe6be5,Shinji_Okazaki,shinji okazaki,Okazaki
6af39023-9eeb-4814-8494-ea141ed24a42,Shkodran_Mustafi,shkodran mustafi,Mustafi
ab237705-1b12-4bc9-b757-bd6c8b8e4726,Shola Shoretire,shola shoretire,Shoretire
d2a095c2-5bf8-4b12-8ce5-5d6a85ef5530,Shumaira Mheuka,shumaira mheuka,Mheuka
635941b2-37ae-43bb-89fb-83ef3b05e918,Sidnei Tavares,sidnei tavares,Tavares
d6bf5d89-ed0a-4d85-8785-2f0f27b3fb7e,Siem_de Jong,siem de jong,de Jong
8086eaaf-3b28-4289-bd4a-37134eb50a38,Sil Swinkels,sil swinkels,Swinkels
6112227c-f39d-4737-8c2e-9c49f41d79f3,Simon Adingra,simon adingra,Adingra
d40dde89-8ef7-4ca1-bf7b-8a9f9e6effab,Simon Rusk,simon rusk,Rusk
79e27cca-1658-423b-b7ca-a06b9e7b77be,Simon_Francis,simon francis,Francis
9785fbbd-dbfa-4cd3-9a49-55a4606a6968,Simon_Mignolet,simon mignolet,Mignolet
50d5f771-6297-4eaf-a6ce-f9205dd1b1e5,Simon_Moore_436,simon moore,Moore
878be6db-cb9c-42d7-882c-080dd6086b9f,Simone_Zaza,simone zaza,Zaza
f7fc59fb-1f88-4aed-a359-4944ace7e34a,Siriki Dembélé,siriki dembele,Siriki
125f8219-545f-4823-94b6-b3375c6ab52f,Sofiane_Boufal,sofiane boufal,Boufal
91f8467e-f8ce-4be7-9365-31eb75a02316,Sofiane_Feghouli,sofiane feghouli,Feghouli
00d29d0a-98c1-4730-9e17-1d278cb660ae,Sofyan Amrabat,sofyan amrabat,Amrabat
05b195d0-ea16-4d04-bc9b-8567821f271b,Sokratis_Papastathopoulos_12,sokratis papastathopoulos,Sokratis
da6d2066-c6ad-4747-991d-52d6a86ff749,Sol_Bamba_91,sol bamba,Bamba
39646552-a543-4c8c-adde-9065e5edd09c,Solly March,solly march,March
2cb4bb90-5e03-4bc4-9964-7b43643b07f4,Solomon_March,solomon march,March
06262a09-0e8c-40ae-8947-0840de0087fd,Somto Boniface,somto boniface,Boniface
71dc0c7e-e7b1-4f82-8582-ddd7a4fee935,Son Heung-min,son heungmin,Son
ea0199d6-b112-446e-8aa1-f8244f3a73bc,Sonny Perkins,sonny perkins,Perkins
09727f65-8337-4f2d-9918-9b5bc7a8ec27,Spike Brits,spike brits,Brits
84b563cc-36ef-411c-999b-6a8ecc1d6841,Stanley Mills,stanley mills,Mills
3ce61d49-b1b7-41aa-a2d3-7301b091201c,Stefan Bajcetic,stefan bajcetic,Bajcetic
6a638cb7-93e4-4763-84b6-287c2d61482c,Stefan Bajčetić Maquieira,stefan bajcetic maquieira,Bajcetic
f1411fe4-8dc2-4b5a-abc5-af76a485686b,Stefan Ortega Moreno,stefan ortega moreno,Ortega Moreno
e4bb1ddc-2d94-425e-ab26-369b5cb6cd2f,Stefan Parkes,stefan parkes,Parkes
03052c26-93f0-420f-a286-3eebf212710e,Stefan_Johansen_185,stefan johansen,Johansen
fbc49fd2-b7a2-48bd-9108-f3b5ad7a94b0,Stefano_Okaka,stefano okaka,Okaka
827678d9-63c8-4f4f-ad67-7f5d8a8acfe0,Stephan_Lichtsteiner_11,stephan lichtsteiner,Lichtsteiner
4dbfeb38-04b5-4917-80bf-2cc41cef1bd9,Stephen_Henderson_556,stephen henderson,Henderson
b72e04f9-372a-4d38-a8a7-1b386d26b01b,Stephen_Ireland,stephen ireland,Ireland
1dd109b3-ac3a-453d-a0a0-f12d3bbadb67,Stephen_Kingsley,stephen kingsley,Kingsley
9387a954-525f-4991-8a7c-200eca7d63cf,Stephen_Ward,stephen ward,Ward
814034f6-6b15-4b6b-98c5-433aa06f4b64,Stephy Mavididi,stephy mavididi,Mavididi
1d425a24-b3f3-4018-b3c6-b6ec0a57ba7d,Steve_Cook,steve cook,Cook
15f2f90e-6b1a-44a5-be6a-b72a318c2840,Steve_Mandanda,steve mandanda,Mandanda
3baf6cfd-9fe4-4ed2-98b9-3fd762f24e8e,Steve_Mounie,steve mounie,Mounie
de865809-ef24-4597-9d05-f12360bde507,Steve_Sidwell,steve sidwell,Sidwell
993b64a2-5aec-46e8-8c75-5a48e2a31659,Steven Benda,steven benda,Benda
938af185-c7c2-4b0d-89fc-b30bfbd1a18e,Steven_Alzate_537,steven alzate,Alzate
187770ff-5a3f-4087-aa90-0e1a94c490a7,Steven_Berghuis,steven berghuis,Berghuis
00bb1f29-5971-49cd-9ad8-4f44c80c1149,Steven_Bergwijn_615,steven bergwijn,Bergwijn
e4242510-1819-477c-ba9e-a6ed9180f7fc,Steven_Davis,steven davis,Davis
ce857995-59af-4508-9bee-be295abab9b5,Steven_Defour,steven defour,Defour
84b4282f-1e8b-40d5-88a7-52948e8e16cf,Steven_Pienaar,steven pienaar,Pienaar
66b79db3-d0bc-4096-a83a-8619084bfcf3,Stewart_Downing,stewart downing,Downing
6599978c-6042-4bd2-b70e-a6d05cd4d43c,Stipe Perica,stipe perica,Perica
74fd2d8f-e017-403e-ac9a-23d099cd8b81,Stuart Dallas,stuart dallas,Dallas
9a604a08-4797-4d54-9eb3-69ae52f31e2e,Stuart McKinstry,stuart mckinstry,McKinstry
a53a06b7-b342-4534-a3bd-2e0c3884969c,Stuart_Armstrong_345,stuart armstrong,S.Armstrong
e9c319e5-e951-4f56-8983-47487932dd5a,Stuart_Taylor,stuart taylor,Taylor
9456b7ba-dc23-42f8-80a9-8e93ec89727b,Sugawara Yukinari,sugawara yukinari,Sugawara
0ae957d8-1295-4136-b8a6-5b576d1dccc0,Sullay_Kaikai,sullay kaikai,Kaikai
ddd8b6a4-1f71-41c9-bf3f-9bca05ad7ddd,Sung-yueng_Ki,sungyueng ki,Ki Sung-yueng
98435c08-a712-4d06-ae46-9888e1eeacce,Sven Botman,sven botman,Botman
5f77c1cd-c70f-46bc-ae95-e67d2ccf4da1,Sydie Peck,sydie peck,Peck
7559b36d-2e01-479b-85c2-32db2aa36d7b,Sylvester Jasper,sylvester jasper,Jasper
73592b42-fdaa-498b-bace-492ac1b4ac62,Sávio 'Savinho' Moreira de Oliveira,savio savinho moreira de oliveira,Savinho
72b435a4-bea7-4a10-b83a-493b88056f43,Sébastien_Haller_457,sebastien haller,Haller
a131aba3-f0cf-41bc-97e0-b40457b0bf1f,Sébastien_Pocognoli,sebastien pocognoli,Pocognoli
b964ac42-dc0a-4bbf-8fd0-91d07ed97ec3,Sékou Koné,sekou kone,Koné
e1d06fff-78c4-4f9e-ab30-419b1d480fc7,Sékou Mara,sekou mara,Mara
90553580-9cb8-45ba-862a-fcca795cb8fa,Tahith_Chong_603,tahith chong,Chong
6860640a-0c26-47c2-a3ca-ccf56df978d4,Taiwo Awoniyi,taiwo awoniyi,Awoniyi
cf5720cc-ad26-4891-9f56-2f986a833b74,Takehiro Tomiyasu,takehiro tomiyasu,Tomiyasu
46ddcbc1-ff48-4a05-b144-4bd22535e5ba,Takuma_Asano,takuma asano,Asano
28204c00-cc53-4e6c-ae07-6f6534c111e3,Takumi_Minamino_590,takumi minamino,Minamino
06d88d1a-f84e-49a9-b1ae-e786ec56bed5,Tammy_Abraham,tammy abraham,Abraham
ebe330eb-0d3e-4197-846c-c751b81cf272,Tanguy Ndombélé Alvaro,tanguy ndombele alvaro,Ndombele
3b867097-a209-4023-ac9a-813b45f16c8d,Tanguy_Ndombele_442,tanguy ndombele,Ndombele
b17dcc91-ed14-48a6-a1ef-7994fcb24a42,Tariq_Lamptey_586,tariq lamptey,Lamptey
7065b41b-2fc6-4e0f-b291-e12235ea18ba,Tariqe Fosu-Henry,tariqe fosuhenry,Fosu
eb5226bd-6880-4003-b4ed-734750cb1447,Tashan_Oakley-Boothe,tashan oakleyboothe,Oakley-Boothe
eeab6331-fdf7-4dcc-a635-f0b78935cc6a,Tawanda Chirewa,tawanda chirewa,Chirewa
d242ff44-631a-4764-8475-6025c7533b9a,Tawanda Maswanhise,tawanda maswanhise,Maswanhise
3522a609-cb0d-4048-87a5-d73f0ad6aaed,Taylan Harris,taylan harris,Harris
742b5cff-7b2a-4045-be20-c7172bc451cd,Taylor Gardner-Hickman,taylor gardnerhickman,Gardner-Hickman
4d82f1c7-1111-4acb-b926-4499bdb94281,Taylor Harwood-Bellis,taylor harwoodbellis,Harwood-Bellis
d9f677cf-2a61-4bcf-b548-96f00d33d690,Taylor Richards,taylor richards,Richards
3f786af6-0826-45ce-b6d0-91ac14aeb474,Taylor_Perry_560,taylor perry,Perry
dd3059ce-ed3d-44db-9c5c-e6fe2c8e8c5c,Tayo Adaramola,tayo adaramola,Adaramola
e6c3725a-15b5-458a-afad-fee7821a820a,Ted Curd,ted curd,Curd
6059be0d-7ef1-47db-af38-dcc723745dfa,Teddy Jenks,teddy jenks,Jenks
182a9706-dea9-4b0d-a967-9f04e039e891,Teddy Sharman-Lowe,teddy sharmanlowe,Sharman-Lowe
d8c78fd7-0b64-4344-9592-c9a85ff940c1,Teden Mengi,teden mengi,Mengi
ef1b5bce-5bad-40c7-be37-06333b664062,Teemu_Pukki_278,teemu pukki,Pukki
87947c24-cf3a-4d45-a097-59c959be8edf,Temple Ojinnaka,temple ojinnaka,Ojinnaka
9b5db69a-4ccb-46f9-ba15-0ea26b774626,Tendayi_Darikwa,tendayi darikwa,Darikwa
d778d131-ec13-4150-8d54-ed3d67c07f68,Terence_Kongolo,terence kongolo,Kongolo
bacabcdb-7128-40e9-b53d-161a36910007,Terry Ablade,terry ablade,Ablade
c7c1ee8c-ca22-4bad-81d6-8d0e0dcc5966,Thakgalo Leshabela,thakgalo leshabela,Leshabela
33806d89-9ecc-43e7-be5e-cb77610ad5c2,Thanawat Suengchitthawon,thanawat suengchitthawon,Suengchitthawon
5110c50e-29a3-4327-9eb9-9e3725419461,Theo Corbeanu,theo corbeanu,Corbeanu
6464b624-0991-432b-829a-3ad9d50d04d3,Theo_Walcott,theo walcott,Walcott
69780c1b-a2cd-4d66-885d-5ccd508e98dc,Thiago Alcántara do Nascimento,thiago alcantara do nascimento,Thiago
0c5c3fc0-31e3-4762-8d54-83df8488565f,Thiago Emiliano da Silva,thiago emiliano da silva,T.Silva
43546643-2d26-4b9c-89e8-f553d621ce53,Thiago Thiago,thiago thiago,Thiago Silva
3f9ac743-426f-4adb-8e02-89545dce9b20,Thibaud_Verlinden,thibaud verlinden,Verlinden
7de747fb-8ce3-4aa7-bc61-0d8060f809c5,Thibaut_Courtois,thibaut courtois,Courtois
c5f7c334-ea09-4a90-9551-69ed4dc47ac1,Thierry Small,thierry small,Small
ee846f35-9abe-411b-b8c8-122b2278132f,Thilo Kehrer,thilo kehrer,Kehrer
4cd5e101-16b5-42bb-86ee-ad23365e7665,Thomas Cannon,thomas cannon,Cannon
69950a43-7fb7-4e4c-bea8-ef559aed4176,Thomas Dickson-Peters,thomas dicksonpeters,Dickson-Peters
a3f9b9a9-2b99-43a7-8c38-b9fcf850608a,Thomas Frank,thomas frank,Frank
44b0a631-5141-48bf-bf95-e697c3dbe03e,Thomas Kaminski,thomas kaminski,Kaminski
fc2d9d8f-45c5-438b-9330-5f2273843c81,Thomas McGill,thomas mcgill,McGill
b9a51038-40ae-4d70-8cba-0255fc05dc5f,Thomas Partey,thomas partey,Thomas
7a55df25-3e4f-4455-b6e0-162a7dca57d8,Thomas Strakosha,thomas strakosha,Strakosha
f2396a04-70ae-4e64-aef0-0b0571d95f73,Thomas Wilson-Brown,thomas wilsonbrown,Wilson-Brown
12f6e1cd-e629-431c-9a2f-d9070947f617,Thomas_Allan_598,thomas allan,Allan
67e8cb50-5044-47b1-9fe4-7519e7344a6f,Thomas_Edwards,thomas edwards,Edwards
02a84bf5-a3fe-4ac5-91c4-fdce1f432485,Thomas_Robson,thomas robson,Thomas Robson
04a0a9c9-aac7-4bad-96a7-f370d0a40db4,Tiago Çukur,tiago cukur,Çukur
0ec04bf0-e548-4822-bc82-fb6e2ca89a39,Tiemoué_Bakayoko,tiemoue bakayoko,Bakayoko
40617934-2365-4266-8399-2dcdd9ec6a92,Tim Iroegbunam,tim iroegbunam,Iroegbunam
20f37fea-56d6-46ac-b8e6-560867d377bf,Tim_Krul,tim krul,Krul
9c544bc6-be5a-440e-a1c8-20332b49bbd1,Tim_Ream_180,tim ream,Ream
c104a454-b0fe-46c8-b2bb-599f820b9b48,Timm_Klose_272,timm klose,Klose
38e66669-2047-445e-8d00-675ceef75bd7,Timo Werner,timo werner,Werner
d338d520-e91a-4149-8f1a-4acb41ada53a,Timothy Castagne,timothy castagne,Castagne
ed68c0fc-2938-4420-819b-4dbb3f0d95f0,Timothy_Eyoma_561,timothy eyoma,Eyoma
d3095dff-3465-4479-a647-217d81c2cec0,Timothy_Fosu-Mensah,timothy fosumensah,Fosu-Mensah
e739bf60-8ace-441f-bdc8-0a03e9d96228,Tino Livramento,tino livramento,Livramento
570fc5ff-4f84-46a5-9c80-b160e9fe2ae3,Tobi Omole,tobi omole,Omole
d3c9c863-3c10-4912-91ea-40f1ae6145b5,Toby Collyer,toby collyer,Collyer
b432f9db-3bfc-4ddc-a655-1ef1b60f8331,Toby King,toby king,King
e7adc9ad-6488-4ad3-bad1-bc2c15bbbd0f,Toby_Alderweireld,toby alderweireld,Alderweireld
8ac6157c-74f6-4552-bf5f-fbc2e2b1bc2c,Todd_Cantwell_287,todd cantwell,Cantwell
20c673e8-b0f0-4242-a78a-90ba1785a29e,Tokelo_Rantie,tokelo rantie,Rantie
82cdef56-8b46-43fe-aa22-8826ef62b60d,Tom Cannon,tom cannon,Cannon
c445dcf2-e453-4549-87a4-c9977fa103fb,Tom Edozie,tom edozie,Edozie
fb2fc670-b5bf-4f5c-b950-5055842080ea,Tom King,tom king,King
fb1b5629-a9a2-4b4e-af3d-f636609282a0,Tom Lockyer,tom lockyer,Lockyer
bcd9d6c1-926b-4e4d-855f-385b545992a0,Tom McGill,tom mcgill,McGill
7e2f23ba-9a27-4d54-99cd-7693ef03771c,Tom Taylor,tom taylor,Tom Taylor
22b31e42-d91a-471f-8ec3-3ad2b5d98d3f,Tom_Cairney_182,tom cairney,Cairney
9939e9ad-34a1-438a-828f-5359c751ed03,Tom_Carroll,tom carroll,Carroll
aeeb9dd0-8b49-4b93-848c-468097b443b9,Tom_Cleverley,tom cleverley,Cleverley
4f266eb2-e836-4924-874e-f94db5bcb4f3,Tom_Davies,tom davies,T.Davies
bd000d1c-126b-4f3c-bfad-2f762608a888,Tom_Heaton,tom heaton,Heaton
ae95bd7e-394d-44d9-87ee-054d9852c896,Tom_Huddlestone,tom huddlestone,Huddlestone
40410b92-13ea-4a4c-9de4-b75971ebdb11,Tom_Ince,tom ince,Ince
c34f0a36-785a-4128-ace5-49301b9872a6,Tom_Trybull_290,tom trybull,Trybull
4bfc03c5-fb66-4daa-a71b-4a68ada0b6cc,Tomas_Soucek_616,tomas soucek,Souček
e3e6a1e1-cea3-4d33-b11f-38070c7f6e0b,Tomer_Hemed,tomer hemed,Hemed
ab919ca5-387e-4063-82e3-93fcc5387d5b,Tomiyasu Takehiro,tomiyasu takehiro,Tomiyasu
fc127f09-9d0b-482f-831f-7b824fc5dceb,Tommi O'Reilly,tommi oreilly,O'Reilly
b6f30656-d08b-45e5-825a-e04968d83fce,Tommie_Hoban,tommie hoban,Hoban
eac12f68-6397-4d0c-bca3-f7001b757afd,Tommy Doyle,tommy doyle,Doyle
bea893cd-7a6c-4bea-bf08-41f455a52405,Tommy Setford,tommy setford,Setford
13834df5-69b8-437a-9b49-3d7abc7c7fcf,Tommy_Smith,tommy smith,Smith
7099dcfa-d621-48f9-9f3a-24ba7a0ebee1,Tony Springett,tony springett,Springett
366cdf42-2e47-431a-8bea-6c9ea524d08e,Tony Yogane,tony yogane,Yogane
43a2dda8-eb6e-492f-9706-f05b3d4cbcbd,Tosin Adarabioyo,tosin adarabioyo,Tosin
7ca1b7c5-6621-4b7c-b6be-a79a9737dc22,Toti António Gomes,toti antonio gomes,Toti
2f7baf12-dc3c-4b6c-aff7-bf33ac3a6c8b,Travis Hernes,travis hernes,Hernes
131aa163-a82c-4a07-8bbf-8cc089517227,Travis Patterson,travis patterson,Patterson
ef2a25f7-010e-4ee9-96d1-c3c0cfe8c447,Trent_Alexander-Arnold,trent alexanderarnold,Alexander-Arnold
1d8fb091-4c67-4ad6-aeda-0e858a2ef1bc,Trevoh_Chalobah,trevoh chalobah,Chalobah
7ef7a3da-977b-459f-9654-f7730f4bf2da,Treymaurice Nyoni,treymaurice nyoni,Nyoni
3704f71b-94ed-4948-aa9c-1ed95cf906fa,Tristan Crama,tristan crama,Crama
9bd010e7-54e6-4297-a3cf-4ae2852d03f9,Troy_Deeney,troy deeney,Deeney
1d9ad43b-ddd0-4970-9cf6-e29311e8e084,Troy_Parrott_509,troy parrott,Parrott
5278f217-40fe-40fc-b4f4-7b4f5f5d9b28,Tudor_Baluta_536,tudor baluta,Baluta
5f9634fa-f587-4672-9310-3196a86d38c2,Ty Barnett,ty barnett,Barnett
a09ea72a-cce3-488a-aa27-63d21571c4a1,Tyias_Browning,tyias browning,Browning
f772b175-7a11-48eb-b3df-cda6db2ba042,Tyler Adams,tyler adams,Adams
755b0513-8bc4-43c9-9d34-9ba34faf07a5,Tyler Dibling,tyler dibling,Dibling
36ed587b-2ba8-4cdb-afdf-69e7903024f9,Tyler Fredricson,tyler fredricson,Fredricson
c2548a1d-c36f-4573-8f2e-157412b2c1e2,Tyler Morton,tyler morton,Morton
e807079a-b376-4ddb-8e4f-6eebbc2b4837,Tyler Onyango,tyler onyango,Onyango
add131e7-9aca-4c9f-af7e-47e2a6610914,Tyler Roberts,tyler roberts,Roberts
36984d83-6cdd-454a-be8d-14e343fbbee9,Tyreece_John-Jules_585,tyreece johnjules,John-Jules
5350592f-494e-4d99-bccc-e2c69930d914,Tyreke_Johnson_562,tyreke johnson,Johnson
96d6de04-1c4b-46e6-9cde-5c32bac6647c,Tyrell Malacia,tyrell malacia,Malacia
fe986598-bce2-4279-9060-dfb515f5c727,Tyrese Francois,tyrese francois,Francois
8a7c2daa-e372-4b77-b513-c769b83e73ff,Tyrese Hall,tyrese hall,Hall
90a4a57a-6f09-4ff9-8701-d11529d4af64,Tyrese_Campbell,tyrese campbell,Campbell
95873bba-9dbd-44aa-9b0b-341aa4fef120,Tyrick_Mitchell_579,tyrick mitchell,Mitchell
00e5b1e6-a33d-4079-aa0e-b31b4c7d2b05,Tyrique George,tyrique george,George
7e5ce831-df8f-4182-8784-23b843876fb1,Tyrone_Mings,tyrone mings,Mings
77dca0f1-bced-410e-900b-9aaaeea546b3,Unai Emery,unai emery,Emery
ae9f28ef-7306-453e-b003-bfcb2eccd089,Uwe_Hünemeier,uwe hunemeier,Hünemeier
62ab135b-c1d9-4206-b7a0-0a204afce6a5,Valentino Livramento,valentino livramento,Livramento
4a6a972d-a940-491c-8b4a-971c0290a933,Valentino_Lazaro_614,valentino lazaro,Lazaro
89da26d7-739c-486e-a11b-25f7adb07718,Valentín Barco,valentin barco,Barco
1b9ed4ad-d1fd-4815-9aef-5e1ba1c24924,Valintino Adedokun,valintino adedokun,Adedokun
ac0db753-f300-4cac-acbd-3201a4edfd0f,Valon_Behrami,valon behrami,Behrami
6eb84144-1a56-4865-a8c6-711398524b20,Vicente_Guaita_137,vicente guaita,Guaita
dbdbe37a-c367-46ee-91b7-65043c94fc99,Vicente_Iborra,vicente iborra,Iborra
0ea64411-907c-4aa7-9262-945195261752,Victor Kristiansen,victor kristiansen,Kristiansen
503cf5a2-bdf9-4272-a341-94b3874feaac,Victor da Silva,victor da silva,Vitinho
a1660463-5e7d-47c2-af75-83e99441d5c1,Victor_Anichebe,victor anichebe,Anichebe
ae7acf9a-5a4b-4f6c-9996-752ba24ba5ca,Victor_Lindelöf,victor lindelof,Lindelof
eb7c01f5-722a-499a-bb21-7221058162cd,Victor_Moses,victor moses,Moses
9cc0002c-a3be-4c12-b662-feca77ba7a59,Victor_Wanyama,victor wanyama,Wanyama
946f4af7-251d-46d4-ac0b-998b71b657f2,Viktor_Fischer,viktor fischer,Fischer
2557f72b-2cef-448d-a8cb-c32b7322e176,Viktor_Gyokeres_551,viktor gyokeres,Gyokeres
a40f186c-11fb-485b-a35c-418045f4b87f,Viljami Sinisalo,viljami sinisalo,Sinisalo
198975c9-6a39-49eb-a9be-af40c7380e17,Vincent Angelini,vincent angelini,Angelini
f1a03647-8249-4fa1-8bea-8efbc3a7e319,Vincent_Janssen,vincent janssen,Janssen
99c72ca1-3515-4914-bacf-6f3f2733c0e7,Vincent_Kompany,vincent kompany,Kompany
db6f72e5-019c-4f68-830d-48f813cdf0f7,Vini de Souza Costa,vini de souza costa,Vini Souza
b8263edf-b9bc-4d94-83df-038cfc614178,Virgil_van Dijk,virgil van dijk,Virgil
9da0dd95-293a-4b0d-8787-6efd542d8e7f,Vitalii Mykolenko,vitalii mykolenko,Mykolenko
ed1f0a39-1638-41d9-bcff-61010cd3fb83,Vitaly Janelt,vitaly janelt,Janelt
778071f7-0c7e-4794-a0ea-8f97e0debd43,Vito_Mannone,vito mannone,Mannone
afc6383b-b9ad-4bc3-b971-f35817ad1306,Vitor Ferreira,vitor ferreira,Vitinha
1f0383ba-9d93-49cf-a766-1f8336bce6fb,Vitor de Oliveira Nunes dos Reis,vitor de oliveira nunes dos reis,Vitor Reis
160d84da-db64-4d41-bb33-6c9bdd296855,Vladimir Coufal,vladimir coufal,Coufal
b1d41368-f0d8-4441-9ac9-767e73e00e8d,Vontae Daley-Campbell,vontae daleycampbell,Daley-Campbell
9d9b4f09-7c5d-4e59-991d-25762f861907,Víctor_Camarasa_504,victor camarasa,Camarasa
42028c25-af1e-4059-9a8e-62b97b3b125a,Víctor_Valdés,victor valdes,Valdés
ade77d86-931a-4208-9142-d6221a5a4d74,Vítezslav Jaros,vitezslav jaros,Jaros
fcc2b9c4-6019-48f4-8501-9e4899c89ddd,Vítor Manuel de Oliveira Lopes Pereira,vitor manuel de oliveira lopes pereira,Pereira
34aa8b12-35db-4c16-b865-228ca7f57fa7,Wahbi_Khazri,wahbi khazri,Khazri
a622a919-22fb-48d8-b8bb-703b4fb56e3f,Wanya Marçal-Madivadua,wanya marcalmadivadua,Marcal
fb209747-a486-423b-a101-70102c2567a6,Wataru Endo,wataru endo,Endo
3270fdd0-8dc9-4ff2-9bd3-16889cca8fb7,Wayne_Hennessey,wayne hennessey,Hennessey
8dac2226-a3ee-49e5-bc3a-48308cd45bd5,Wayne_Rooney,wayne rooney,Rooney
21567a10-c84e-4482-9afd-1916f7cec710,Wayne_Routledge,wayne routledge,Routledge
31d5ad2f-0e70-47b0-8cd2-1ada2aae46bf,Welington Damascena Santos,welington damascena santos,Welington
c0891e67-79e5-457e-a4da-d3bc9ad5a036,Wes Burns,wes burns,Burns
4b97327b-de3c-4e31-8075-2dc084e14fa9,Wes Foderingham,wes foderingham,Foderingham
2b1f645a-26a5-4371-b1b4-7f0b2f0531b4,Wes Okoduwa,wes okoduwa,Okoduwa
6caa6f5a-5c0d-4d1e-aee6-9bdd7d08a1e4,Wes_Morgan,wes morgan,Morgan
4b2fcf4e-a921-44a5-a59e-53dd1f4aae6f,Wesley Fofana,wesley fofana,W.Fofana
35afb9b6-ca3c-4d11-b29d-aeb45a89ea2b,Wesley Moraes Ferreira da Silva,wesley moraes ferreira da silva,Wesley
0515eceb-5f52-479b-9fe3-c8c8886d44f7,Wesley Okoduwa,wesley okoduwa,Okoduwa
d04afaac-c2d9-41a7-bd10-19eda00e6b7c,Wesley_Hoedt,wesley hoedt,Hoedt
867215ca-abbb-4659-a6e0-83c23500be09,Wesley_Moraes_428,wesley moraes,Wesley
5641fd35-e66d-475b-b1b5-dad46a88304d,Weston McKennie,weston mckennie,McKennie
48892569-d8ab-4113-831d-3156198c5876,Wilfred_Ndidi,wilfred ndidi,Ndidi
f664392f-ecf3-4cbb-8e3a-b4033c64a95c,Wilfried Gnonto,wilfried gnonto,Gnonto
f21f64b0-b9db-4f72-b16b-ce6ec78522e3,Wilfried_Bony,wilfried bony,Bony
8f38fe29-a5ec-444a-9457-7cea72004cfa,Wilfried_Zaha,wilfried zaha,Zaha
966773f7-0542-44fa-a3d4-77821612626f,Will Alves,will alves,Alves
6b443db0-6485-472a-9ed9-67a311dccfae,Will Dennis,will dennis,Dennis
eb78c792-55de-40a2-813e-836951a6ef9d,Will Ferry,will ferry,Ferry
f508f86a-5cfd-4c70-86be-5e031bc1c3f4,Will Lankshear,will lankshear,Lankshear
195e8407-2680-4511-bc62-e1ade8fc08c0,Will Smallbone,will smallbone,Smallbone
148531f2-3ee3-4017-8080-c2fa41278597,Will_Hughes,will hughes,Hughes
8620da6e-a17d-40b7-9530-9800736d560b,Will_Keane,will keane,Keane
9ef30251-024b-4614-8872-21f5927a951b,Will_Norris_422,will norris,Norris
63e76199-627d-4f52-a74e-0bb71f99e27a,William Fish,william fish,Fish
2c385efd-73ad-44aa-96bc-16292eececc5,William Osula,william osula,Osula
6adbd544-dc20-470b-834e-6d51172f526e,William Saliba,william saliba,Saliba
643d7e94-4dd7-4594-93aa-c8c5a1b25f1e,William Troost-Ekong,william troostekong,Troost-Ekong
4dfc309b-66ec-4a38-a5a1-70b16548c91e,William_Smallbone_584,william smallbone,Smallbone
f3b969ab-949a-427d-9dde-68759f71e544,Willian José Da Silva,willian jose da silva,Willian José
6af1fff3-9e8a-472a-a6fa-4c6aa9a491fa,Willian_Borges Da Silva,willian borges da silva,Willian
63466551-e951-4ab5-ba96-701d76cba4f0,Willy Kambwala,willy kambwala,Kambwala
da72fe37-7cb6-422b-b76d-3e79f884a6f3,Willy_Boly_423,willy boly,Boly
ba4e74c8-a05e-40cc-916b-56a19ccbd4a2,Willy_Caballero,willy caballero,Caballero
18c6c4e2-4416-485d-9961-1a38ff6f2fb5,Wilson Odobert,wilson odobert,Odobert
a94e3cd0-e816-4a57-95f4-6ee306c7688b,Winston_Reid,winston reid,Reid
484a434c-4706-4e6f-9849-ddbd8c804823,Wout Faes,wout faes,Faes
5ac005e0-c450-4843-9d67-70386121771c,Wout Weghorst,wout weghorst,Weghorst
048cc45a-027e-485b-bc2c-370694f324e9,Woyo Coulibaly,woyo coulibaly,Coulibaly
b5100244-c94c-48c6-922e-f3884e063f7e,Xande Nascimento da Costa Silva,xande nascimento da costa silva,Xande Silva
41acf58e-58dc-4956-ac98-f5b8715bebe2,Xherdan_Shaqiri,xherdan shaqiri,Shaqiri
923d3a7c-b2c3-493d-8476-0c51fc500819,Yago de Santiago Alonso,yago de santiago alonso,Yago Santiago
d600bc19-151f-4072-a97e-2f211a87922b,Yan_Valery_556,yan valery,Valery
e82545d4-eef6-4784-b90a-30e5d040b380,Yankuba Minteh,yankuba minteh,Minteh
9ecf5174-999d-4ccb-9acb-f7cc406c207b,Yannick_Bolasie,yannick bolasie,Bolasie
66c32dcb-4fa8-4120-b7f2-feba0c7b6913,Yasin Ayari,yasin ayari,Ayari
766da38e-4630-45a3-9e15-779a83c7ab2f,Yasser Larouci,yasser larouci,Larouci
d15fdddd-0612-49b6-a41b-0c1507826500,Yaya_Sanogo,yaya sanogo,Sanogo
0d4992ac-7fd0-48c4-9da8-bcd748f1db61,Yegor Yarmoliuk,yegor yarmoliuk,Yarmoliuk
e48c5aaf-161a-47dc-bb34-62b5a96ef9b0,Yegor Yarmolyuk,yegor yarmolyuk,Yarmoliuk
07ca6d5a-64cd-4017-8d19-f7602f927b79,Yehor Yarmoliuk,yehor yarmoliuk,Yarmoliuk
1f6e8549-774b-4dc5-a8a6-95b31026b521,Yerry_Mina_506,yerry mina,Mina
3a97657f-0929-4f3c-a435-1457c9290543,Yerson Mosquera,yerson mosquera,Mosquera
b8008e4e-2c9d-45d8-8c4b-d9c2f4d17d4d,Yerson Mosquera Valdelamar,yerson mosquera valdelamar,Mosquera
b3a79be3-1406-41ec-9b56-6ec4d21e9086,Yoan_Gouffran,yoan gouffran,Gouffran
95957241-5f19-453c-a4fb-9c92d56fceeb,Yoane Wissa,yoane wissa,Wissa
41d582a5-0f86-48a8-9465-cddb307eb9c8,Yohan_Benalouane,yohan benalouane,Benalouane
be89a594-ff12-41d0-9147-f7fa2f980faf,Yohan_Cabaye,yohan cabaye,Cabaye
5d5167ae-d36c-48e6-aac7-a6f0af617d2b,Yoshinori_Muto_488,yoshinori muto,Muto
5e3632c5-659f-4812-91c5-5ef2c7ea0442,Younes_Kaboul,younes kaboul,Kaboul
a0b6e8c2-6f0c-4d02-8892-5b0cbfacbc93,Youri_Tielemans_591,youri tielemans,Tielemans
a5b5766f-6009-4a94-b602-0741783633b6,Youssef Ramalho Chermiti,youssef ramalho chermiti,Y. Chermiti
233e743c-196d-4bc1-abbc-da87e814ca64,Yunus Emre Konak,yunus emre konak,Konak
1835dd51-943f-4396-bf59-11021e422f2c,Yunus Konak,yunus konak,Konak
ba1cd01f-1cb4-4cfc-bbb1-3e2f099b46bf,Yves_Bissouma_466,yves bissouma,Bissouma
f85d389c-56e5-4168-863b-43126f57490f,Zach Abbott,zach abbott,Abbott
59766006-29a3-4ef3-aca7-f4f61905e1a8,Zach Awe,zach awe,Awe
1dddae9f-483b-42b9-9f11-30ebfe09ca16,Zach Marsh,zach marsh,Marsh
a66ec17f-815c-4e5f-a6cd-04032a9ef0a8,Zachary_Dearnley,zachary dearnley,Dearnley
024a50ce-7784-48c3-929f-77e20225e4f9,Zack Nelson,zack nelson,Nelson
715a6923-8a80-4a4e-bf17-b10f7a774470,Zack Steffen,zack steffen,Steffen
a2673501-a080-4ef4-850c-44eff537ab84,Zain Silcott-Duberry,zain silcottduberry,Silcott-Duberry
6feeace6-0799-4237-b8ad-43feb44b8d18,Zak Brunt,zak brunt,Brunt
62ea574a-eff4-45a9-8157-8a72d2aa7b7d,Zak Sturge,zak sturge,Sturge
cf93f47d-e8c9-4e7f-997e-b7414f0f6b68,Zak Swanson,zak swanson,Swanson
fedcc7d3-fc78-48f7-aa26-2f2ae4ddfe5e,Zech_Medley_546,zech medley,Medley
5aa24126-496f-4328-8e8c-73119d74c2f8,Zeki Amdouni,zeki amdouni,Amdouni
def14fd5-49ac-4c65-a902-5dcf4a5161ce,Zeze Steven_Sessegnon_541,zeze steven sessegnon,Sessegnon
c10c39c3-d1a2-4c97-9bab-869dbdc207c2,Zidane Iqbal,zidane iqbal,Iqbal
39f2515c-057e-484a-85f4-bc85a96c5a90,Zlatan_Ibrahimovic,zlatan ibrahimovic,Ibrahimovic
54a1ef37-e6a7-4e95-a37e-c24cadb0ee98,Álex Moreno Lopera,alex moreno lopera,Alex Moreno
cdd82ff8-50e6-43cf-8b69-f901cc9e4d65,Álvaro Fernández,alvaro fernandez,Fernández
d675ccd1-1a9a-4be3-a758-ebd348e8c79d,Álvaro Fernández Carreras,alvaro fernandez carreras,Fernandez
b43b2483-3ba3-49bd-ae18-3fc1370305c2,Álvaro_Arbeloa,alvaro arbeloa,Arbeloa
86bc1bbf-dfba-4ef3-ae98-e4eb4dcfd52f,Álvaro_Morata,alvaro morata,Morata
fd5c517e-9afe-4f54-8c8a-823e10e41f79,Álvaro_Negredo,alvaro negredo,Negredo
a24f7529-1806-495e-b2c2-09cdf80210b6,Ângelo Gabriel Borges Damaceno,angelo gabriel borges damaceno,Ângelo
7dfd2617-9362-4703-be53-d3f72f345fc5,Ørjan_Nyland_27,orjan nyland,Nyland
59fba985-3466-4191-9992-386b3eb8bbdb,Đorđe Petrović,dorde petrovic,Petrović
